// Photo eye "Dragon 3", generated by tools/photo_eye.py from assets/eye_photos/dragon3/ - do not edit.
// Artwork: commissioned by the project owner. Included inside a namespace by src/eye_styles.cpp.

static const uint16_t open_img[57600] = {
  0x0000, 0x0000, 0x0000, 0x0000, 0x0000, 0x0000, 0x0000, 0x0000, 0x0000, 0x0000, 0x0000, 0x0000, 0x0000, 0x0000, 0x0000, 0x0000,
  0x0000, 0x0000, 0x0000, 0x0000, 0x0000, 0x0000, 0x0000, 0x0000, 0x0000, 0x0000, 0x0000, 0x0000, 0x0000, 0x0000, 0x0000, 0x0000,
  0x0000, 0x0000, 0x0000, 0x0000, 0x0000, 0x0000, 0x0000, 0x0000, 0x0000, 0x0000, 0x0000, 0x0000, 0x0000, 0x0000, 0x0000, 0x0000,
  0x0000, 0x0000, 0x0000, 0x0000, 0x0000, 0x0000, 0x0000, 0x0000, 0x0000, 0x0000, 0x0000, 0x0000, 0x0000, 0x0000, 0x0000, 0x0000,
  0x0000, 0x0000, 0x0000, 0x0000, 0x0000, 0x0000, 0x0000, 0x0000, 0x0000, 0x0000, 0x0000, 0x0000, 0x0000, 0x0000, 0x0000, 0x0000,
  0x0000, 0x0000, 0x0000, 0x0000, 0x0000, 0x0000, 0x0000, 0x0000, 0x0000, 0x0000, 0x0000, 0x0000, 0x0020, 0x0861, 0x1082, 0x0861,
  0x1082, 0x0861, 0x0841, 0x0841, 0x0020, 0x0000, 0x0000, 0x0841, 0x18E3, 0x20E4, 0x1082, 0x2125, 0x18E3, 0x18E3, 0x2986, 0x18C3,
  0x2125, 0x18C3, 0x2104, 0x1082, 0x0020, 0x0000, 0x18E3, 0x4208, 0x18E3, 0x18C3, 0x10C3, 0x0040, 0x0041, 0x0841, 0x0820, 0x0020,
  0x0841, 0x2945, 0x2945, 0x18C3, 0x1062, 0x0020, 0x0000, 0x1082, 0x2966, 0x2966, 0x2104, 0x10A2, 0x0861, 0x0821, 0x0841, 0x0861,
  0x0861, 0x10A2, 0x2104, 0x0861, 0x0841, 0x0841, 0x0000, 0x0000, 0x0000, 0x0000, 0x0000, 0x0000, 0x0000, 0x0000, 0x0000, 0x0000,
  0x0000, 0x0000, 0x0000, 0x0000, 0x0000, 0x0000, 0x0000, 0x0000, 0x0000, 0x0000, 0x0000, 0x0000, 0x0000, 0x0000, 0x0000, 0x0000,
  0x0000, 0x0000, 0x0000, 0x0000, 0x0000, 0x0000, 0x0000, 0x0000, 0x0000, 0x0000, 0x0000, 0x0000, 0x0000, 0x0000, 0x0000, 0x0000,
  0x0000, 0x0000, 0x0000, 0x0000, 0x0000, 0x0000, 0x0000, 0x0000, 0x0000, 0x0000, 0x0000, 0x0000, 0x0000, 0x0000, 0x0000, 0x0000,
  0x0000, 0x0000, 0x0000, 0x0000, 0x0000, 0x0000, 0x0000, 0x0000, 0x0000, 0x0000, 0x0000, 0x0000, 0x0000, 0x0000, 0x0000, 0x0000,
  0x0000, 0x0000, 0x0000, 0x0000, 0x0000, 0x0000, 0x0000, 0x0000, 0x0000, 0x0000, 0x0000, 0x0000, 0x0000, 0x0000, 0x0000, 0x0000,
  0x0000, 0x0000, 0x0000, 0x0000, 0x0000, 0x0000, 0x0000, 0x0000, 0x0000, 0x0000, 0x0000, 0x0000, 0x0000, 0x0000, 0x0000, 0x0000,
  0x0000, 0x0000, 0x0000, 0x0000, 0x0000, 0x0000, 0x0000, 0x0000, 0x0000, 0x0000, 0x0000, 0x0000, 0x0000, 0x0000, 0x0000, 0x0000,
  0x0000, 0x0000, 0x0000, 0x0000, 0x0000, 0x0000, 0x0000, 0x0000, 0x0000, 0x0000, 0x0000, 0x0000, 0x0000, 0x0000, 0x0000, 0x0000,
  0x0000, 0x0000, 0x0000, 0x0000, 0x0000, 0x0000, 0x0000, 0x0000, 0x0000, 0x0000, 0x0000, 0x0000, 0x0000, 0x0000, 0x0000, 0x0000,
  0x0000, 0x0000, 0x0000, 0x0000, 0x0000, 0x0000, 0x0000, 0x0000, 0x0000, 0x0000, 0x0000, 0x0000, 0x0000, 0x0000, 0x0000, 0x0000,
  0x0000, 0x0000, 0x0000, 0x0000, 0x0000, 0x0000, 0x0000, 0x0000, 0x0020, 0x0841, 0x10A2, 0x18E4, 0x18E3, 0x1082, 0x0841, 0x0020,
  0x0000, 0x0000, 0x0000, 0x0000, 0x0000, 0x0841, 0x2124, 0x3186, 0x528A, 0x31A7, 0x2104, 0x18E3, 0x10A2, 0x18E4, 0x2966, 0x10A2,
  0x2104, 0x10A2, 0x18C2, 0x0861, 0x0000, 0x0841, 0x39E8, 0x2125, 0x1082, 0x10A2, 0x0862, 0x0020, 0x0020, 0x0020, 0x0020, 0x0000,
  0x31A7, 0x39C7, 0x10A2, 0x0861, 0x1082, 0x0000, 0x10A2, 0x4208, 0x3186, 0x18E3, 0x18E3, 0x1082, 0x0861, 0x0841, 0x0020, 0x0000,
  0x0000, 0x0000, 0x0000, 0x0000, 0x0841, 0x0861, 0x1082, 0x10A2, 0x10A2, 0x0841, 0x0000, 0x0000, 0x0000, 0x0000, 0x0000, 0x0000,
  0x0000, 0x0000, 0x0000, 0x0000, 0x0000, 0x0000, 0x0000, 0x0000, 0x0000, 0x0000, 0x0000, 0x0000, 0x0000, 0x0000, 0x0000, 0x0000,
  0x0000, 0x0000, 0x0000, 0x0000, 0x0000, 0x0000, 0x0000, 0x0000, 0x0000, 0x0000, 0x0000, 0x0000, 0x0000, 0x0000, 0x0000, 0x0000,
  0x0000, 0x0000, 0x0000, 0x0000, 0x0000, 0x0000, 0x0000, 0x0000, 0x0000, 0x0000, 0x0000, 0x0000, 0x0000, 0x0000, 0x0000, 0x0000,
  0x0000, 0x0000, 0x0000, 0x0000, 0x0000, 0x0000, 0x0000, 0x0000, 0x0000, 0x0000, 0x0000, 0x0000, 0x0000, 0x0000, 0x0000, 0x0000,
  0x0000, 0x0000, 0x0000, 0x0000, 0x0000, 0x0000, 0x0000, 0x0000, 0x0000, 0x0000, 0x0000, 0x0000, 0x0000, 0x0000, 0x0000, 0x0000,
  0x0000, 0x0000, 0x0000, 0x0000, 0x0000, 0x0000, 0x0000, 0x0000, 0x0000, 0x0000, 0x0000, 0x0000, 0x0000, 0x0000, 0x0000, 0x0000,
  0x0000, 0x0000, 0x0000, 0x0000, 0x0000, 0x0000, 0x0000, 0x0000, 0x0000, 0x0000, 0x0000, 0x0000, 0x0000, 0x0000, 0x0000, 0x0000,
  0x0000, 0x0000, 0x0000, 0x0000, 0x0000, 0x0000, 0x0000, 0x0000, 0x0000, 0x0000, 0x0000, 0x0000, 0x0000, 0x0000, 0x0000, 0x0000,
  0x0000, 0x0000, 0x0000, 0x0000, 0x0000, 0x0000, 0x0000, 0x0000, 0x0000, 0x0000, 0x0000, 0x0000, 0x0000, 0x0000, 0x0000, 0x0000,
  0x0000, 0x0000, 0x0000, 0x0000, 0x0000, 0x0000, 0x0000, 0x0000, 0x0000, 0x0000, 0x0000, 0x0000, 0x0000, 0x0000, 0x0000, 0x0000,
  0x0000, 0x0000, 0x0000, 0x0000, 0x0000, 0x0841, 0x10C3, 0x18C3, 0x1082, 0x0841, 0x2124, 0x2945, 0x0861, 0x0020, 0x0020, 0x0020,
  0x0000, 0x0000, 0x0000, 0x0000, 0x18C3, 0x4229, 0x31A7, 0x2965, 0x31A6, 0x39E7, 0x39E7, 0x18E3, 0x2965, 0x31A6, 0x2945, 0x18E3,
  0x10A2, 0x10A2, 0x0861, 0x0841, 0x0020, 0x2125, 0x4208, 0x2945, 0x0861, 0x1082, 0x0020, 0x0000, 0x0020, 0x0020, 0x0020, 0x31A7,
  0x31A7, 0x0841, 0x0861, 0x0841, 0x0000, 0x2125, 0x4A49, 0x39E8, 0x31A7, 0x18C3, 0x10A2, 0x1082, 0x0841, 0x0841, 0x0820, 0x0020,
  0x0020, 0x0000, 0x0000, 0x0000, 0x0000, 0x0000, 0x0000, 0x0020, 0x0861, 0x10A2, 0x2965, 0x2124, 0x1082, 0x0000, 0x0000, 0x0000,
  0x0000, 0x0000, 0x0000, 0x0000, 0x0000, 0x0000, 0x0000, 0x0000, 0x0000, 0x0000, 0x0000, 0x0000, 0x0000, 0x0000, 0x0000, 0x0000,
  0x0000, 0x0000, 0x0000, 0x0000, 0x0000, 0x0000, 0x0000, 0x0000, 0x0000, 0x0000, 0x0000, 0x0000, 0x0000, 0x0000, 0x0000, 0x0000,
  0x0000, 0x0000, 0x0000, 0x0000, 0x0000, 0x0000, 0x0000, 0x0000, 0x0000, 0x0000, 0x0000, 0x0000, 0x0000, 0x0000, 0x0000, 0x0000,
  0x0000, 0x0000, 0x0000, 0x0000, 0x0000, 0x0000, 0x0000, 0x0000, 0x0000, 0x0000, 0x0000, 0x0000, 0x0000, 0x0000, 0x0000, 0x0000,
  0x0000, 0x0000, 0x0000, 0x0000, 0x0000, 0x0000, 0x0000, 0x0000, 0x0000, 0x0000, 0x0000, 0x0000, 0x0000, 0x0000, 0x0000, 0x0000,
  0x0000, 0x0000, 0x0000, 0x0000, 0x0000, 0x0000, 0x0000, 0x0000, 0x0000, 0x0000, 0x0000, 0x0000, 0x0000, 0x0000, 0x0000, 0x0000,
  0x0000, 0x0000, 0x0000, 0x0000, 0x0000, 0x0000, 0x0000, 0x0000, 0x0000, 0x0000, 0x0000, 0x0000, 0x0000, 0x0000, 0x0000, 0x0000,
  0x0000, 0x0000, 0x0000, 0x0000, 0x0000, 0x0000, 0x0000, 0x0000, 0x0000, 0x0000, 0x0000, 0x0000, 0x0000, 0x0000, 0x0000, 0x0000,
  0x0000, 0x0000, 0x0000, 0x0000, 0x0000, 0x0000, 0x0000, 0x0000, 0x0000, 0x0000, 0x0000, 0x0000, 0x0000, 0x0000, 0x0000, 0x0000,
  0x0000, 0x0000, 0x0000, 0x0000, 0x0000, 0x0000, 0x0000, 0x0000, 0x0000, 0x0000, 0x0000, 0x0000, 0x0000, 0x0000, 0x0000, 0x0000,
  0x0000, 0x0020, 0x0841, 0x18C3, 0x18C3, 0x2124, 0x18C3, 0x0841, 0x0000, 0x18C3, 0x39E8, 0x10A2, 0x0841, 0x0020, 0x0020, 0x0020,
  0x0000, 0x0000, 0x0000, 0x10A3, 0x3A08, 0x4229, 0x39E7, 0x39C7, 0x2965, 0x2104, 0x10C2, 0x2945, 0x39E7, 0x18E3, 0x2104, 0x0861,
  0x0020, 0x0020, 0x0841, 0x0000, 0x18E3, 0x528A, 0x528A, 0x1082, 0x1082, 0x0841, 0x0020, 0x0020, 0x0020, 0x0841, 0x4229, 0x4208,
  0x0861, 0x0861, 0x0020, 0x0000, 0x1904, 0x4A6A, 0x4A49, 0x39E8, 0x18E4, 0x18C3, 0x0861, 0x0861, 0x0841, 0x0020, 0x0020, 0x0020,
  0x0000, 0x0000, 0x0000, 0x0000, 0x0000, 0x0000, 0x0000, 0x0000, 0x0861, 0x2945, 0x2966, 0x2966, 0x2945, 0x2945, 0x2104, 0x1082,
  0x0000, 0x0000, 0x0000, 0x0000, 0x0000, 0x0000, 0x0000, 0x0000, 0x0000, 0x0000, 0x0000, 0x0000, 0x0000, 0x0000, 0x0000, 0x0000,
  0x0000, 0x0000, 0x0000, 0x0000, 0x0000, 0x0000, 0x0000, 0x0000, 0x0000, 0x0000, 0x0000, 0x0000, 0x0000, 0x0000, 0x0000, 0x0000,
  0x0000, 0x0000, 0x0000, 0x0000, 0x0000, 0x0000, 0x0000, 0x0000, 0x0000, 0x0000, 0x0000, 0x0000, 0x0000, 0x0000, 0x0000, 0x0000,
  0x0000, 0x0000, 0x0000, 0x0000, 0x0000, 0x0000, 0x0000, 0x0000, 0x0000, 0x0000, 0x0000, 0x0000, 0x0000, 0x0000, 0x0000, 0x0000,
  0x0000, 0x0000, 0x0000, 0x0000, 0x0000, 0x0000, 0x0000, 0x0000, 0x0000, 0x0000, 0x0000, 0x0000, 0x0000, 0x0000, 0x0000, 0x0000,
  0x0000, 0x0000, 0x0000, 0x0000, 0x0000, 0x0000, 0x0000, 0x0000, 0x0000, 0x0000, 0x0000, 0x0000, 0x0000, 0x0000, 0x0000, 0x0000,
  0x0000, 0x0000, 0x0000, 0x0000, 0x0000, 0x0000, 0x0000, 0x0000, 0x0000, 0x0000, 0x0000, 0x0000, 0x0000, 0x0000, 0x0000, 0x0000,
  0x0000, 0x0000, 0x0000, 0x0000, 0x0000, 0x0000, 0x0000, 0x0000, 0x0000, 0x0000, 0x0000, 0x0000, 0x0000, 0x0000, 0x0000, 0x0000,
  0x0000, 0x0000, 0x0000, 0x0000, 0x0000, 0x0000, 0x0000, 0x0000, 0x0000, 0x0000, 0x0000, 0x0000, 0x0000, 0x0000, 0x0000, 0x0000,
  0x0000, 0x0000, 0x0000, 0x0000, 0x0000, 0x0000, 0x0000, 0x0000, 0x0000, 0x0000, 0x0000, 0x0000, 0x0000, 0x0000, 0x0000, 0x0861,
  0x10A2, 0x18C3, 0x18E3, 0x18E3, 0x2966, 0x2104, 0x1082, 0x0040, 0x0841, 0x4208, 0x2945, 0x1082, 0x0020, 0x0020, 0x0020, 0x0020,
  0x0020, 0x0000, 0x2104, 0x39E8, 0x39E8, 0x39E7, 0x4208, 0x2965, 0x2104, 0x2965, 0x18C3, 0x1082, 0x2124, 0x18C3, 0x31A6, 0x18E3,
  0x0020, 0x0020, 0x0000, 0x10A3, 0x3186, 0x4249, 0x31A6, 0x10A2, 0x0861, 0x0020, 0x0020, 0x0020, 0x0000, 0x4229, 0x528A, 0x18C3,
  0x18C3, 0x1082, 0x0000, 0x2145, 0x634D, 0x31A7, 0x2986, 0x18E4, 0x18C3, 0x1082, 0x0841, 0x0861, 0x0841, 0x0020, 0x0020, 0x0000,
  0x0000, 0x0000, 0x0000, 0x0000, 0x0000, 0x0000, 0x0020, 0x18E4, 0x31A6, 0x4A49, 0x31A7, 0x3186, 0x2125, 0x18E3, 0x1082, 0x10A2,
  0x18E3, 0x18E3, 0x1082, 0x0000, 0x0000, 0x0000, 0x0000, 0x0000, 0x0000, 0x0000, 0x0000, 0x0000, 0x0000, 0x0000, 0x0000, 0x0000,
  0x0000, 0x0000, 0x0000, 0x0000, 0x0000, 0x0000, 0x0000, 0x0000, 0x0000, 0x0000, 0x0000, 0x0000, 0x0000, 0x0000, 0x0000, 0x0000,
  0x0000, 0x0000, 0x0000, 0x0000, 0x0000, 0x0000, 0x0000, 0x0000, 0x0000, 0x0000, 0x0000, 0x0000, 0x0000, 0x0000, 0x0000, 0x0000,
  0x0000, 0x0000, 0x0000, 0x0000, 0x0000, 0x0000, 0x0000, 0x0000, 0x0000, 0x0000, 0x0000, 0x0000, 0x0000, 0x0000, 0x0000, 0x0000,
  0x0000, 0x0000, 0x0000, 0x0000, 0x0000, 0x0000, 0x0000, 0x0000, 0x0000, 0x0000, 0x0000, 0x0000, 0x0000, 0x0000, 0x0000, 0x0000,
  0x0000, 0x0000, 0x0000, 0x0000, 0x0000, 0x0000, 0x0000, 0x0000, 0x0000, 0x0000, 0x0000, 0x0000, 0x0000, 0x0000, 0x0000, 0x0000,
  0x0000, 0x0000, 0x0000, 0x0000, 0x0000, 0x0000, 0x0000, 0x0000, 0x0000, 0x0000, 0x0000, 0x0000, 0x0000, 0x0000, 0x0000, 0x0000,
  0x0000, 0x0000, 0x0000, 0x0000, 0x0000, 0x0000, 0x0000, 0x0000, 0x0000, 0x0000, 0x0000, 0x0000, 0x0000, 0x0000, 0x0000, 0x0000,
  0x0000, 0x0000, 0x0000, 0x0000, 0x0000, 0x0000, 0x0000, 0x0000, 0x0000, 0x0000, 0x0000, 0x0000, 0x0000, 0x0000, 0x0000, 0x0000,
  0x0000, 0x0000, 0x0000, 0x0000, 0x0000, 0x0000, 0x0000, 0x0000, 0x0000, 0x0000, 0x0000, 0x0000, 0x0841, 0x10A2, 0x10A2, 0x0861,
  0x0841, 0x18E3, 0x1904, 0x39E8, 0x3186, 0x10A2, 0x0861, 0x0000, 0x3186, 0x4208, 0x1082, 0x0841, 0x0000, 0x0000, 0x0000, 0x0000,
  0x0000, 0x10A2, 0x39E8, 0x3186, 0x31A7, 0x6B6E, 0x2945, 0x10A2, 0x2124, 0x2104, 0x2104, 0x0841, 0x2124, 0x18E3, 0x10C2, 0x0861,
  0x0020, 0x0000, 0x18C3, 0x31A7, 0x52AB, 0x39C7, 0x18C3, 0x1082, 0x0840, 0x0020, 0x0020, 0x0000, 0x31A7, 0x39E8, 0x1082, 0x10A3,
  0x10A2, 0x0020, 0x528A, 0x6B4E, 0x4208, 0x39C7, 0x18C3, 0x10A2, 0x1082, 0x1082, 0x0841, 0x0841, 0x0020, 0x0020, 0x0000, 0x0000,
  0x0000, 0x0000, 0x0000, 0x0000, 0x0000, 0x10A2, 0x39E7, 0x4A6A, 0x39C7, 0x52AB, 0x39E8, 0x2945, 0x18C3, 0x0861, 0x0020, 0x0000,
  0x0000, 0x0861, 0x18E3, 0x18E3, 0x1082, 0x0000, 0x0000, 0x0000, 0x0000, 0x0000, 0x0000, 0x0000, 0x0000, 0x0000, 0x0000, 0x0000,
  0x0000, 0x0000, 0x0000, 0x0000, 0x0000, 0x0000, 0x0000, 0x0000, 0x0000, 0x0000, 0x0000, 0x0000, 0x0000, 0x0000, 0x0000, 0x0000,
  0x0000, 0x0000, 0x0000, 0x0000, 0x0000, 0x0000, 0x0000, 0x0000, 0x0000, 0x0000, 0x0000, 0x0000, 0x0000, 0x0000, 0x0000, 0x0000,
  0x0000, 0x0000, 0x0000, 0x0000, 0x0000, 0x0000, 0x0000, 0x0000, 0x0000, 0x0000, 0x0000, 0x0000, 0x0000, 0x0000, 0x0000, 0x0000,
  0x0000, 0x0000, 0x0000, 0x0000, 0x0000, 0x0000, 0x0000, 0x0000, 0x0000, 0x0000, 0x0000, 0x0000, 0x0000, 0x0000, 0x0000, 0x0000,
  0x0000, 0x0000, 0x0000, 0x0000, 0x0000, 0x0000, 0x0000, 0x0000, 0x0000, 0x0000, 0x0000, 0x0000, 0x0000, 0x0000, 0x0000, 0x0000,
  0x0000, 0x0000, 0x0000, 0x0000, 0x0000, 0x0000, 0x0000, 0x0000, 0x0000, 0x0000, 0x0000, 0x0000, 0x0000, 0x0000, 0x0000, 0x0000,
  0x0000, 0x0000, 0x0000, 0x0000, 0x0000, 0x0000, 0x0000, 0x0000, 0x0000, 0x0000, 0x0000, 0x0000, 0x0000, 0x0000, 0x0000, 0x0000,
  0x0000, 0x0000, 0x0000, 0x0000, 0x0000, 0x0000, 0x0000, 0x0000, 0x0000, 0x0000, 0x0000, 0x0000, 0x0000, 0x0000, 0x0000, 0x0000,
  0x0000, 0x0000, 0x0000, 0x0000, 0x0000, 0x0000, 0x0000, 0x0000, 0x0000, 0x0020, 0x10A2, 0x18E3, 0x10A2, 0x0841, 0x0000, 0x0020,
  0x2125, 0x18E4, 0x2986, 0x4A49, 0x2145, 0x1082, 0x0020, 0x0882, 0x4A49, 0x18E3, 0x0020, 0x0841, 0x1082, 0x1082, 0x1082, 0x1082,
  0x0861, 0x18C3, 0x10A2, 0x0861, 0x18C3, 0x3186, 0x2104, 0x1082, 0x18C3, 0x18E3, 0x31A6, 0x2945, 0x18E3, 0x10A2, 0x0841, 0x0841,
  0x0000, 0x18E3, 0x4A49, 0x39C7, 0x5ACB, 0x18C3, 0x1082, 0x0841, 0x0020, 0x0841, 0x0000, 0x3186, 0x528B, 0x18E3, 0x10A2, 0x0861,
  0x0000, 0x39E8, 0x6B6E, 0x4A8A, 0x2965, 0x2145, 0x18E4, 0x1082, 0x1062, 0x0841, 0x0841, 0x0020, 0x0020, 0x0020, 0x0000, 0x0000,
  0x0000, 0x0000, 0x0000, 0x0000, 0x2125, 0x4A6A, 0x4A49, 0x52AB, 0x4A4A, 0x4A6A, 0x2124, 0x1082, 0x0020, 0x0020, 0x0020, 0x0020,
  0x0020, 0x0000, 0x0000, 0x0861, 0x31A7, 0x2945, 0x10A2, 0x0861, 0x0000, 0x0000, 0x0000, 0x0000, 0x0000, 0x0000, 0x0000, 0x0000,
  0x0000, 0x0000, 0x0000, 0x0000, 0x0000, 0x0000, 0x0000, 0x0000, 0x0000, 0x0000, 0x0000, 0x0000, 0x0000, 0x0000, 0x0000, 0x0000,
  0x0000, 0x0000, 0x0000, 0x0000, 0x0000, 0x0000, 0x0000, 0x0000, 0x0000, 0x0000, 0x0000, 0x0000, 0x0000, 0x0000, 0x0000, 0x0000,
  0x0000, 0x0000, 0x0000, 0x0000, 0x0000, 0x0000, 0x0000, 0x0000, 0x0000, 0x0000, 0x0000, 0x0000, 0x0000, 0x0000, 0x0000, 0x0000,
  0x0000, 0x0000, 0x0000, 0x0000, 0x0000, 0x0000, 0x0000, 0x0000, 0x0000, 0x0000, 0x0000, 0x0000, 0x0000, 0x0000, 0x0000, 0x0000,
  0x0000, 0x0000, 0x0000, 0x0000, 0x0000, 0x0000, 0x0000, 0x0000, 0x0000, 0x0000, 0x0000, 0x0000, 0x0000, 0x0000, 0x0000, 0x0000,
  0x0000, 0x0000, 0x0000, 0x0000, 0x0000, 0x0000, 0x0000, 0x0000, 0x0000, 0x0000, 0x0000, 0x0000, 0x0000, 0x0000, 0x0000, 0x0000,
  0x0000, 0x0000, 0x0000, 0x0000, 0x0000, 0x0000, 0x0000, 0x0000, 0x0000, 0x0000, 0x0000, 0x0000, 0x0000, 0x0000, 0x0000, 0x0000,
  0x0000, 0x0000, 0x0000, 0x0000, 0x0000, 0x0000, 0x0000, 0x0000, 0x0000, 0x0000, 0x0000, 0x0000, 0x0000, 0x0000, 0x0000, 0x0000,
  0x0000, 0x0000, 0x0000, 0x0000, 0x0000, 0x0000, 0x0000, 0x0841, 0x18C3, 0x18C3, 0x1082, 0x0020, 0x0000, 0x0000, 0x0000, 0x2966,
  0x31A7, 0x2125, 0x4A6A, 0x31A6, 0x18E3, 0x0861, 0x0000, 0x2965, 0x3186, 0x2124, 0x31C7, 0x52AB, 0x4208, 0x4A49, 0x4A6A, 0x3186,
  0x2945, 0x31A6, 0x2945, 0x10A2, 0x18C3, 0x39C7, 0x2124, 0x0861, 0x18C3, 0x2104, 0x18C3, 0x10C3, 0x0861, 0x0861, 0x0020, 0x0000,
  0x0861, 0x4208, 0x528A, 0x4A49, 0x18E4, 0x10A2, 0x0841, 0x0041, 0x0020, 0x0000, 0x18E3, 0x528B, 0x2125, 0x2104, 0x18C3, 0x0020,
  0x4229, 0x5B0D, 0x31C7, 0x2945, 0x2125, 0x18E4, 0x18C3, 0x0861, 0x0861, 0x0841, 0x0020, 0x0020, 0x0000, 0x0000, 0x0000, 0x0000,
  0x0000, 0x0000, 0x10A2, 0x4A49, 0x424A, 0x5ACC, 0x52AB, 0x4249, 0x31A7, 0x18C3, 0x0841, 0x0020, 0x0020, 0x0020, 0x0020, 0x0000,
  0x0000, 0x1061, 0x3186, 0x4229, 0x3A08, 0x39C7, 0x2966, 0x2945, 0x18E3, 0x10A2, 0x0000, 0x0000, 0x0000, 0x0000, 0x0000, 0x0000,
  0x0000, 0x0000, 0x0000, 0x0000, 0x0000, 0x0000, 0x0000, 0x0000, 0x0000, 0x0000, 0x0000, 0x0000, 0x0000, 0x0000, 0x0000, 0x0000,
  0x0000, 0x0000, 0x0000, 0x0000, 0x0000, 0x0000, 0x0000, 0x0000, 0x0000, 0x0000, 0x0000, 0x0000, 0x0000, 0x0000, 0x0000, 0x0000,
  0x0000, 0x0000, 0x0000, 0x0000, 0x0000, 0x0000, 0x0000, 0x0000, 0x0000, 0x0000, 0x0000, 0x0000, 0x0000, 0x0000, 0x0000, 0x0000,
  0x0000, 0x0000, 0x0000, 0x0000, 0x0000, 0x0000, 0x0000, 0x0000, 0x0000, 0x0000, 0x0000, 0x0000, 0x0000, 0x0000, 0x0000, 0x0000,
  0x0000, 0x0000, 0x0000, 0x0000, 0x0000, 0x0000, 0x0000, 0x0000, 0x0000, 0x0000, 0x0000, 0x0000, 0x0000, 0x0000, 0x0000, 0x0000,
  0x0000, 0x0000, 0x0000, 0x0000, 0x0000, 0x0000, 0x0000, 0x0000, 0x0000, 0x0000, 0x0000, 0x0000, 0x0000, 0x0000, 0x0000, 0x0000,
  0x0000, 0x0000, 0x0000, 0x0000, 0x0000, 0x0000, 0x0000, 0x0000, 0x0000, 0x0000, 0x0000, 0x0000, 0x0000, 0x0000, 0x0000, 0x0000,
  0x0000, 0x0000, 0x0000, 0x0000, 0x0000, 0x0000, 0x0000, 0x0000, 0x0000, 0x0000, 0x0000, 0x0000, 0x0000, 0x0000, 0x0000, 0x0000,
  0x0000, 0x0000, 0x0000, 0x0000, 0x0000, 0x0861, 0x18E3, 0x10A2, 0x0861, 0x0000, 0x0000, 0x0000, 0x0020, 0x0000, 0x18E4, 0x39E8,
  0x2124, 0x52AB, 0x4229, 0x1904, 0x1082, 0x0841, 0x0020, 0x39E8, 0x39E8, 0x632D, 0x4208, 0x5ACB, 0x52AB, 0x4208, 0x52AA, 0x2965,
  0x2124, 0x2124, 0x2945, 0x31A6, 0x39C7, 0x2104, 0x2104, 0x2104, 0x10A2, 0x10A3, 0x18C3, 0x0841, 0x0020, 0x0040, 0x0000, 0x0021,
  0x39E8, 0x4209, 0x4249, 0x2965, 0x18E3, 0x10A2, 0x0840, 0x0020, 0x0000, 0x0861, 0x39C8, 0x2945, 0x2124, 0x10A2, 0x0861, 0x52AB,
  0x5ACC, 0x4A6A, 0x2945, 0x2145, 0x18E3, 0x1082, 0x1082, 0x0861, 0x0841, 0x0041, 0x0020, 0x0000, 0x0000, 0x0000, 0x0000, 0x0000,
  0x0000, 0x2145, 0x630D, 0x73AF, 0x52CB, 0x5AEC, 0x4A8A, 0x2145, 0x0861, 0x0820, 0x0841, 0x0000, 0x0000, 0x0000, 0x0000, 0x0000,
  0x2986, 0x4A8A, 0x5AEC, 0x52AB, 0x31A7, 0x4A8A, 0x31A7, 0x2124, 0x18E3, 0x18E3, 0x18C3, 0x0862, 0x0000, 0x0000, 0x0000, 0x0000,
  0x0000, 0x0000, 0x0000, 0x0000, 0x0000, 0x0000, 0x0000, 0x0000, 0x0000, 0x0000, 0x0000, 0x0000, 0x0000, 0x0000, 0x0000, 0x0000,
  0x0000, 0x0000, 0x0000, 0x0000, 0x0000, 0x0000, 0x0000, 0x0000, 0x0000, 0x0000, 0x0000, 0x0000, 0x0000, 0x0000, 0x0000, 0x0000,
  0x0000, 0x0000, 0x0000, 0x0000, 0x0000, 0x0000, 0x0000, 0x0000, 0x0000, 0x0000, 0x0000, 0x0000, 0x0000, 0x0000, 0x0000, 0x0000,
  0x0000, 0x0000, 0x0000, 0x0000, 0x0000, 0x0000, 0x0000, 0x0000, 0x0000, 0x0000, 0x0000, 0x0000, 0x0000, 0x0000, 0x0000, 0x0000,
  0x0000, 0x0000, 0x0000, 0x0000, 0x0000, 0x0000, 0x0000, 0x0000, 0x0000, 0x0000, 0x0000, 0x0000, 0x0000, 0x0000, 0x0000, 0x0000,
  0x0000, 0x0000, 0x0000, 0x0000, 0x0000, 0x0000, 0x0000, 0x0000, 0x0000, 0x0000, 0x0000, 0x0000, 0x0000, 0x0000, 0x0000, 0x0000,
  0x0000, 0x0000, 0x0000, 0x0000, 0x0000, 0x0000, 0x0000, 0x0000, 0x0000, 0x0000, 0x0000, 0x0000, 0x0000, 0x0000, 0x0000, 0x0000,
  0x0000, 0x0000, 0x0000, 0x0000, 0x0000, 0x0000, 0x0000, 0x0000, 0x0000, 0x0000, 0x0000, 0x0000, 0x0000, 0x0000, 0x0000, 0x0000,
  0x0000, 0x0000, 0x0000, 0x1082, 0x10A2, 0x18C3, 0x0841, 0x0000, 0x0000, 0x0000, 0x0000, 0x0020, 0x0000, 0x10A3, 0x39E8, 0x18C3,
  0x3186, 0x52CC, 0x31A7, 0x18C3, 0x0862, 0x0020, 0x1904, 0x4A49, 0x4A6A, 0x39C7, 0x3186, 0x39E7, 0x4A49, 0x31A6, 0x2965, 0x39C7,
  0x3186, 0x2104, 0x18E3, 0x18C3, 0x31A6, 0x18E3, 0x1904, 0x18E3, 0x0861, 0x1082, 0x0841, 0x0020, 0x0020, 0x0000, 0x0020, 0x4209,
  0x4229, 0x31A7, 0x2125, 0x10A2, 0x0862, 0x0861, 0x0020, 0x0000, 0x0841, 0x31A7, 0x2945, 0x2124, 0x10A2, 0x0020, 0x4A6A, 0x634D,
  0x4A6A, 0x3186, 0x2125, 0x1904, 0x10A2, 0x1062, 0x0841, 0x0841, 0x0020, 0x0020, 0x0000, 0x0000, 0x0000, 0x0000, 0x0000, 0x10A2,
  0x52CB, 0x4A6A, 0x632D, 0x632D, 0x52CB, 0x31A7, 0x18E3, 0x0841, 0x0841, 0x0820, 0x0020, 0x0000, 0x0000, 0x0000, 0x18E4, 0x31A7,
  0x634D, 0x630D, 0x52AB, 0x528A, 0x31A7, 0x39E7, 0x2124, 0x18E3, 0x0021, 0x0000, 0x0820, 0x3963, 0x49E4, 0x20E3, 0x0840, 0x0000,
  0x0000, 0x0000, 0x0000, 0x0000, 0x0000, 0x0000, 0x0000, 0x0000, 0x0000, 0x0000, 0x0000, 0x0000, 0x0000, 0x0000, 0x0000, 0x0000,
  0x0000, 0x0000, 0x0000, 0x0000, 0x0000, 0x0000, 0x0000, 0x0000, 0x0000, 0x0000, 0x0000, 0x0000, 0x0000, 0x0000, 0x0000, 0x0000,
  0x0000, 0x0000, 0x0000, 0x0000, 0x0000, 0x0000, 0x0000, 0x0000, 0x0000, 0x0000, 0x0000, 0x0000, 0x0000, 0x0000, 0x0000, 0x0000,
  0x0000, 0x0000, 0x0000, 0x0000, 0x0000, 0x0000, 0x0000, 0x0000, 0x0000, 0x0000, 0x0000, 0x0000, 0x0000, 0x0000, 0x0000, 0x0000,
  0x0000, 0x0000, 0x0000, 0x0000, 0x0000, 0x0000, 0x0000, 0x0000, 0x0000, 0x0000, 0x0000, 0x0000, 0x0000, 0x0000, 0x0000, 0x0000,
  0x0000, 0x0000, 0x0000, 0x0000, 0x0000, 0x0000, 0x0000, 0x0000, 0x0000, 0x0000, 0x0000, 0x0000, 0x0000, 0x0000, 0x0000, 0x0000,
  0x0000, 0x0000, 0x0000, 0x0000, 0x0000, 0x0000, 0x0000, 0x0000, 0x0000, 0x0000, 0x0000, 0x0000, 0x0000, 0x0000, 0x0000, 0x0000,
  0x0000, 0x0000, 0x0000, 0x0000, 0x0000, 0x0000, 0x0000, 0x0000, 0x0000, 0x0000, 0x0000, 0x0000, 0x0000, 0x0000, 0x0000, 0x0000,
  0x0000, 0x1082, 0x2104, 0x10A2, 0x0840, 0x0020, 0x0020, 0x0020, 0x0020, 0x0000, 0x0000, 0x0000, 0x10A2, 0x4229, 0x2986, 0x18C3,
  0x5AEC, 0x4A8B, 0x2145, 0x1082, 0x0020, 0x0861, 0x4229, 0x5AAB, 0x5ACB, 0x630C, 0x5ACB, 0x31A7, 0x4A49, 0x4A6A, 0x4208, 0x4228,
  0x2965, 0x2966, 0x2104, 0x2124, 0x2945, 0x2104, 0x1082, 0x18C3, 0x0862, 0x0020, 0x0020, 0x0000, 0x0000, 0x0000, 0x2966, 0x4A8A,
  0x39E8, 0x2124, 0x18C3, 0x1082, 0x0040, 0x0020, 0x0000, 0x0020, 0x2945, 0x2965, 0x18E3, 0x1082, 0x1082, 0x6B4E, 0x73AF, 0x4A6A,
  0x2965, 0x2104, 0x2125, 0x10A3, 0x0862, 0x0861, 0x0841, 0x0841, 0x0000, 0x0000, 0x0000, 0x0000, 0x0000, 0x0000, 0x31A7, 0x73CF,
  0x7BF0, 0x6B6E, 0x6B6E, 0x4A6A, 0x2104, 0x0841, 0x0020, 0x0841, 0x0841, 0x0020, 0x0000, 0x0000, 0x2124, 0x630D, 0x4A8A, 0x52AB,
  0x630D, 0x5AEC, 0x52CB, 0x39E8, 0x2945, 0x18C3, 0x0841, 0x0000, 0x18A1, 0x6223, 0x8AC3, 0x6A01, 0x3900, 0x20C2, 0x2123, 0x18C3,
  0x0000, 0x0000, 0x0000, 0x0000, 0x0000, 0x0000, 0x0000, 0x0000, 0x0000, 0x0000, 0x0000, 0x0000, 0x0000, 0x0000, 0x0000, 0x0000,
  0x0000, 0x0000, 0x0000, 0x0000, 0x0000, 0x0000, 0x0000, 0x0000, 0x0000, 0x0000, 0x0000, 0x0000, 0x0000, 0x0000, 0x0000, 0x0000,
  0x0000, 0x0000, 0x0000, 0x0000, 0x0000, 0x0000, 0x0000, 0x0000, 0x0000, 0x0000, 0x0000, 0x0000, 0x0000, 0x0000, 0x0000, 0x0000,
  0x0000, 0x0000, 0x0000, 0x0000, 0x0000, 0x0000, 0x0000, 0x0000, 0x0000, 0x0000, 0x0000, 0x0000, 0x0000, 0x0000, 0x0000, 0x0000,
  0x0000, 0x0000, 0x0000, 0x0000, 0x0000, 0x0000, 0x0000, 0x0000, 0x0000, 0x0000, 0x0000, 0x0000, 0x0000, 0x0000, 0x0000, 0x0000,
  0x0000, 0x0000, 0x0000, 0x0000, 0x0000, 0x0000, 0x0000, 0x0000, 0x0000, 0x0000, 0x0000, 0x0000, 0x0000, 0x0000, 0x0000, 0x0000,
  0x0000, 0x0000, 0x0000, 0x0000, 0x0000, 0x0000, 0x0000, 0x0000, 0x0000, 0x0000, 0x0000, 0x0000, 0x0000, 0x0000, 0x0000, 0x0000,
  0x0000, 0x0000, 0x0000, 0x0000, 0x0000, 0x0000, 0x0000, 0x0000, 0x0000, 0x0000, 0x0000, 0x0000, 0x0000, 0x0000, 0x0000, 0x1082,
  0x28E2, 0x2902, 0x0840, 0x0820, 0x0840, 0x0841, 0x0020, 0x0020, 0x0020, 0x0020, 0x0000, 0x0841, 0x4229, 0x4208, 0x1082, 0x3A08,
  0x632D, 0x3A08, 0x2104, 0x0841, 0x10C3, 0x5AEC, 0x5AEC, 0x6B6E, 0x632C, 0x4208, 0x31A7, 0x2945, 0x526A, 0x630C, 0x39E7, 0x31A6,
  0x2124, 0x31A6, 0x2966, 0x10A2, 0x18C3, 0x18C3, 0x1082, 0x10A2, 0x18E3, 0x0861, 0x0020, 0x0000, 0x0000, 0x2945, 0x39C8, 0x18E4,
  0x1904, 0x10A3, 0x1082, 0x0841, 0x0020, 0x0000, 0x0020, 0x2124, 0x2125, 0x18E3, 0x0862, 0x0862, 0x632D, 0x6B4E, 0x3A08, 0x31A7,
  0x2945, 0x2104, 0x10A2, 0x1082, 0x0861, 0x0041, 0x0020, 0x0020, 0x0000, 0x0000, 0x0000, 0x0000, 0x18E3, 0x52CC, 0x8C72, 0x8431,
  0x634D, 0x6B4E, 0x39E8, 0x10A2, 0x0841, 0x0020, 0x0020, 0x0020, 0x0000, 0x0000, 0x18E4, 0x4A4A, 0x4A4A, 0x7C11, 0x634E, 0x52AB,
  0x738F, 0x4208, 0x39E7, 0x2104, 0x0041, 0x0020, 0x3942, 0x8AE4, 0xA365, 0x8262, 0x4940, 0x2080, 0x1840, 0x0800, 0x0820, 0x18C3,
  0x18C3, 0x10A2, 0x0000, 0x0000, 0x0000, 0x0000, 0x0000, 0x0000, 0x0000, 0x0000, 0x0000, 0x0000, 0x0000, 0x0000, 0x0000, 0x0000,
  0x0000, 0x0000, 0x0000, 0x0000, 0x0000, 0x0000, 0x0000, 0x0000, 0x0000, 0x0000, 0x0000, 0x0000, 0x0000, 0x0000, 0x0000, 0x0000,
  0x0000, 0x0000, 0x0000, 0x0000, 0x0000, 0x0000, 0x0000, 0x0000, 0x0000, 0x0000, 0x0000, 0x0000, 0x0000, 0x0000, 0x0000, 0x0000,
  0x0000, 0x0000, 0x0000, 0x0000, 0x0000, 0x0000, 0x0000, 0x0000, 0x0000, 0x0000, 0x0000, 0x0000, 0x0000, 0x0000, 0x0000, 0x0000,
  0x0000, 0x0000, 0x0000, 0x0000, 0x0000, 0x0000, 0x0000, 0x0000, 0x0000, 0x0000, 0x0000, 0x0000, 0x0000, 0x0000, 0x0000, 0x0000,
  0x0000, 0x0000, 0x0000, 0x0000, 0x0000, 0x0000, 0x0000, 0x0000, 0x0000, 0x0000, 0x0000, 0x0000, 0x0000, 0x0000, 0x0000, 0x0000,
  0x0000, 0x0000, 0x0000, 0x0000, 0x0000, 0x0000, 0x0000, 0x0000, 0x0000, 0x0000, 0x0000, 0x0000, 0x0000, 0x0000, 0x0000, 0x0000,
  0x0000, 0x0000, 0x0000, 0x0000, 0x0000, 0x0000, 0x0000, 0x0000, 0x0000, 0x0000, 0x0000, 0x0000, 0x0000, 0x0841, 0x18E3, 0x2923,
  0x4161, 0x1040, 0x0840, 0x0841, 0x0841, 0x0841, 0x0020, 0x0020, 0x0020, 0x0020, 0x0000, 0x39C7, 0x39E7, 0x18C3, 0x2945, 0x6B6E,
  0x4A8A, 0x2125, 0x0841, 0x2125, 0x5ACB, 0x6B4D, 0x632C, 0x4208, 0x528A, 0x39C6, 0x4208, 0x528A, 0x4208, 0x2965, 0x4228, 0x2945,
  0x3185, 0x31A6, 0x18E3, 0x1082, 0x18C3, 0x18C3, 0x10A2, 0x10A2, 0x10A2, 0x1082, 0x0000, 0x0020, 0x1904, 0x2145, 0x2145, 0x10A3,
  0x0861, 0x0841, 0x0841, 0x0020, 0x0000, 0x0000, 0x2104, 0x2945, 0x18E4, 0x10A3, 0x0862, 0x52AB, 0x5B0C, 0x39C7, 0x2966, 0x2966,
  0x1904, 0x10A3, 0x1082, 0x0841, 0x0841, 0x0020, 0x0000, 0x0000, 0x0020, 0x0000, 0x0000, 0x3A08, 0x73AF, 0x738F, 0x73CF, 0x8431,
  0x52CB, 0x2125, 0x0861, 0x0841, 0x0841, 0x0020, 0x0000, 0x0000, 0x1082, 0x4229, 0x634E, 0x6B8F, 0x5AEC, 0x6B8E, 0x6B6E, 0x5AEC,
  0x39C7, 0x2145, 0x0862, 0x1061, 0x51A3, 0x9325, 0x9B24, 0x7201, 0x38E0, 0x2060, 0x1860, 0x1040, 0x1020, 0x0820, 0x0820, 0x0000,
  0x0000, 0x18C3, 0x10A2, 0x0841, 0x0000, 0x0000, 0x0000, 0x0000, 0x0000, 0x0000, 0x0000, 0x0000, 0x0000, 0x0000, 0x0000, 0x0000,
  0x0000, 0x0000, 0x0000, 0x0000, 0x0000, 0x0000, 0x0000, 0x0000, 0x0000, 0x0000, 0x0000, 0x0000, 0x0000, 0x0000, 0x0000, 0x0000,
  0x0000, 0x0000, 0x0000, 0x0000, 0x0000, 0x0000, 0x0000, 0x0000, 0x0000, 0x0000, 0x0000, 0x0000, 0x0000, 0x0000, 0x0000, 0x0000,
  0x0000, 0x0000, 0x0000, 0x0000, 0x0000, 0x0000, 0x0000, 0x0000, 0x0000, 0x0000, 0x0000, 0x0000, 0x0000, 0x0000, 0x0000, 0x0000,
  0x0000, 0x0000, 0x0000, 0x0000, 0x0000, 0x0000, 0x0000, 0x0000, 0x0000, 0x0000, 0x0000, 0x0000, 0x0000, 0x0000, 0x0000, 0x0000,
  0x0000, 0x0000, 0x0000, 0x0000, 0x0000, 0x0000, 0x0000, 0x0000, 0x0000, 0x0000, 0x0000, 0x0000, 0x0000, 0x0000, 0x0000, 0x0000,
  0x0000, 0x0000, 0x0000, 0x0000, 0x0000, 0x0000, 0x0000, 0x0000, 0x0000, 0x0000, 0x0000, 0x0000, 0x0000, 0x0000, 0x0000, 0x0000,
  0x0000, 0x0000, 0x0000, 0x0000, 0x0000, 0x0000, 0x0000, 0x0000, 0x0000, 0x0000, 0x0000, 0x0020, 0x1082, 0x2903, 0x1880, 0x61E2,
  0x3942, 0x0840, 0x1061, 0x0841, 0x0841, 0x0841, 0x0020, 0x0020, 0x0840, 0x0000, 0x3186, 0x4208, 0x18C3, 0x0841, 0x52CB, 0x73AF,
  0x4249, 0x0861, 0x2104, 0x73AF, 0x8410, 0x738E, 0x9CD3, 0x7BEF, 0x6B4D, 0x31A6, 0x4A6A, 0x5ACB, 0x31A6, 0x4A49, 0x528A, 0x2124,
  0x2966, 0x2945, 0x18C3, 0x18E3, 0x18C3, 0x18E3, 0x18C3, 0x10A2, 0x0861, 0x0861, 0x0841, 0x18C3, 0x18E4, 0x10A3, 0x10A2, 0x1082,
  0x0841, 0x0020, 0x0020, 0x0000, 0x0000, 0x18C3, 0x2125, 0x18C3, 0x1082, 0x20E4, 0x73AF, 0x5AEC, 0x52CB, 0x3186, 0x18E3, 0x2104,
  0x10A3, 0x1082, 0x0861, 0x0021, 0x0020, 0x0000, 0x0000, 0x0000, 0x0000, 0x10A2, 0x52CB, 0x94D4, 0x7BCF, 0x73AF, 0x632D, 0x4208,
  0x1082, 0x0020, 0x0841, 0x0841, 0x0020, 0x0000, 0x0861, 0x39E8, 0x73D0, 0x5B0D, 0x634E, 0x73CF, 0x73D0, 0x5AEC, 0x528A, 0x2145,
  0x0042, 0x18A2, 0x59E3, 0x8B05, 0x8AC3, 0x5981, 0x2880, 0x1840, 0x1860, 0x1040, 0x1020, 0x0820, 0x0820, 0x0800, 0x0800, 0x0800,
  0x0000, 0x0000, 0x0020, 0x10A2, 0x18C3, 0x0020, 0x0000, 0x0000, 0x0000, 0x0000, 0x0000, 0x0000, 0x0000, 0x0000, 0x0000, 0x0000,
  0x0000, 0x0000, 0x0000, 0x0000, 0x0000, 0x0000, 0x0000, 0x0000, 0x0000, 0x0000, 0x0000, 0x0000, 0x0000, 0x0000, 0x0000, 0x0000,
  0x0000, 0x0000, 0x0000, 0x0000, 0x0000, 0x0000, 0x0000, 0x0000, 0x0000, 0x0000, 0x0000, 0x0000, 0x0000, 0x0000, 0x0000, 0x0000,
  0x0000, 0x0000, 0x0000, 0x0000, 0x0000, 0x0000, 0x0000, 0x0000, 0x0000, 0x0000, 0x0000, 0x0000, 0x0000, 0x0000, 0x0000, 0x0000,
  0x0000, 0x0000, 0x0000, 0x0000, 0x0000, 0x0000, 0x0000, 0x0000, 0x0000, 0x0000, 0x0000, 0x0000, 0x0000, 0x0000, 0x0000, 0x0000,
  0x0000, 0x0000, 0x0000, 0x0000, 0x0000, 0x0000, 0x0000, 0x0000, 0x0000, 0x0000, 0x0000, 0x0000, 0x0000, 0x0000, 0x0000, 0x0000,
  0x0000, 0x0000, 0x0000, 0x0000, 0x0000, 0x0000, 0x0000, 0x0000, 0x0000, 0x0000, 0x0000, 0x0000, 0x0000, 0x0000, 0x0000, 0x0000,
  0x0000, 0x0000, 0x0000, 0x0000, 0x0000, 0x0000, 0x0000, 0x0000, 0x0000, 0x0000, 0x18C3, 0x3143, 0x28C1, 0x30C0, 0x51A2, 0x7AA4,
  0x1040, 0x1061, 0x0861, 0x0841, 0x0841, 0x0020, 0x0020, 0x0020, 0x0000, 0x2124, 0x528A, 0x2125, 0x0020, 0x18E3, 0x6B8F, 0x630D,
  0x2945, 0x2145, 0x738F, 0x7C10, 0x9CD3, 0x9492, 0x9CF3, 0x9CF4, 0x8C51, 0x632C, 0x5AEB, 0x4208, 0x2965, 0x2965, 0x2104, 0x18C3,
  0x2945, 0x2965, 0x18C3, 0x18E3, 0x1082, 0x0841, 0x1061, 0x0861, 0x0841, 0x0841, 0x0861, 0x1082, 0x10A3, 0x0861, 0x0841, 0x0020,
  0x0020, 0x0000, 0x0000, 0x0000, 0x10A3, 0x1904, 0x10A3, 0x0861, 0x0862, 0x6B8F, 0x73D0, 0x4A49, 0x2965, 0x2966, 0x1904, 0x10A2,
  0x1082, 0x0841, 0x0021, 0x0020, 0x0000, 0x0020, 0x0000, 0x0000, 0x31A7, 0x73D0, 0x6B8E, 0x7BF0, 0x630D, 0x5B0C, 0x3186, 0x1082,
  0x0841, 0x0841, 0x0020, 0x0000, 0x0000, 0x3A08, 0x73D0, 0x73AF, 0x7BF0, 0x6B6E, 0x5B0D, 0x634E, 0x4A8A, 0x39C8, 0x10C4, 0x18A1,
  0x6224, 0x9305, 0x7222, 0x4100, 0x2060, 0x1040, 0x1040, 0x0820, 0x0820, 0x0820, 0x0820, 0x0800, 0x0820, 0x0800, 0x0800, 0x0000,
  0x0000, 0x0000, 0x0000, 0x0000, 0x0861, 0x18C3, 0x1082, 0x0000, 0x0000, 0x0000, 0x0000, 0x0000, 0x0000, 0x0000, 0x0000, 0x0000,
  0x0000, 0x0000, 0x0000, 0x0000, 0x0000, 0x0000, 0x0000, 0x0000, 0x0000, 0x0000, 0x0000, 0x0000, 0x0000, 0x0000, 0x0000, 0x0000,
  0x0000, 0x0000, 0x0000, 0x0000, 0x0000, 0x0000, 0x0000, 0x0000, 0x0000, 0x0000, 0x0000, 0x0000, 0x0000, 0x0000, 0x0000, 0x0000,
  0x0000, 0x0000, 0x0000, 0x0000, 0x0000, 0x0000, 0x0000, 0x0000, 0x0000, 0x0000, 0x0000, 0x0000, 0x0000, 0x0000, 0x0000, 0x0000,
  0x0000, 0x0000, 0x0000, 0x0000, 0x0000, 0x0000, 0x0000, 0x0000, 0x0000, 0x0000, 0x0000, 0x0000, 0x0000, 0x0000, 0x0000, 0x0000,
  0x0000, 0x0000, 0x0000, 0x0000, 0x0000, 0x0000, 0x0000, 0x0000, 0x0000, 0x0000, 0x0000, 0x0000, 0x0000, 0x0000, 0x0000, 0x0000,
  0x0000, 0x0000, 0x0000, 0x0000, 0x0000, 0x0000, 0x0000, 0x0000, 0x0000, 0x0000, 0x0000, 0x0000, 0x0000, 0x0000, 0x0000, 0x0000,
  0x0000, 0x0000, 0x0000, 0x0000, 0x0000, 0x0000, 0x0000, 0x0000, 0x0841, 0x1082, 0x3102, 0x4140, 0x4941, 0x4120, 0x9B65, 0x3122,
  0x0840, 0x1061, 0x0841, 0x0841, 0x0840, 0x0020, 0x0020, 0x0000, 0x1082, 0x52AB, 0x2986, 0x10A2, 0x0020, 0x3A08, 0x8431, 0x4249,
  0x2986, 0x7BF0, 0x7BF0, 0x5AEC, 0x6B6E, 0x736E, 0x73AE, 0x9492, 0x73AE, 0xAD76, 0x630C, 0x4A49, 0x39C7, 0x18C3, 0x3186, 0x39C7,
  0x18E3, 0x2145, 0x2945, 0x18C3, 0x2104, 0x1082, 0x0861, 0x0861, 0x0841, 0x0841, 0x0841, 0x0841, 0x0841, 0x0841, 0x0841, 0x0021,
  0x0020, 0x0000, 0x0000, 0x10A3, 0x18E4, 0x10A2, 0x0841, 0x10A2, 0x5AEC, 0x52AB, 0x39C7, 0x39C7, 0x2125, 0x18E4, 0x18C3, 0x0862,
  0x0861, 0x0021, 0x0020, 0x0000, 0x0020, 0x0000, 0x0020, 0x4209, 0x73AF, 0x6B8F, 0x5AEC, 0x632D, 0x4208, 0x2104, 0x1062, 0x1082,
  0x0841, 0x0000, 0x0000, 0x2104, 0x5B0C, 0x8C52, 0x7BF0, 0x73AF, 0x73AF, 0x5B0C, 0x4229, 0x2945, 0x10A3, 0x1082, 0x59E3, 0x82A3,
  0x69E2, 0x28A0, 0x1020, 0x1040, 0x1040, 0x0820, 0x0820, 0x0820, 0x0820, 0x0820, 0x0020, 0x0000, 0x0000, 0x0000, 0x0000, 0x0000,
  0x0000, 0x0000, 0x0000, 0x0000, 0x0000, 0x0000, 0x1082, 0x18E3, 0x0861, 0x0000, 0x0000, 0x0000, 0x0000, 0x0000, 0x0000, 0x0000,
  0x0000, 0x0000, 0x0000, 0x0000, 0x0000, 0x0000, 0x0000, 0x0000, 0x0000, 0x0000, 0x0000, 0x0000, 0x0000, 0x0000, 0x0000, 0x0000,
  0x0000, 0x0000, 0x0000, 0x0000, 0x0000, 0x0000, 0x0000, 0x0000, 0x0000, 0x0000, 0x0000, 0x0000, 0x0000, 0x0000, 0x0000, 0x0000,
  0x0000, 0x0000, 0x0000, 0x0000, 0x0000, 0x0000, 0x0000, 0x0000, 0x0000, 0x0000, 0x0000, 0x0000, 0x0000, 0x0000, 0x0000, 0x0000,
  0x0000, 0x0000, 0x0000, 0x0000, 0x0000, 0x0000, 0x0000, 0x0000, 0x0000, 0x0000, 0x0000, 0x0000, 0x0000, 0x0000, 0x0000, 0x0000,
  0x0000, 0x0000, 0x0000, 0x0000, 0x0000, 0x0000, 0x0000, 0x0000, 0x0000, 0x0000, 0x0000, 0x0000, 0x0000, 0x0000, 0x0000, 0x0000,
  0x0000, 0x0000, 0x0000, 0x0000, 0x0000, 0x0000, 0x0000, 0x0000, 0x0000, 0x0000, 0x0000, 0x0000, 0x0000, 0x0000, 0x0000, 0x0000,
  0x0000, 0x0000, 0x0000, 0x0000, 0x0000, 0x0000, 0x0020, 0x1082, 0x0861, 0x1080, 0x59C1, 0x61E1, 0x59A0, 0x9304, 0x8305, 0x0820,
  0x1081, 0x0861, 0x0841, 0x0840, 0x0020, 0x0020, 0x0020, 0x0020, 0x4A49, 0x31A7, 0x10A2, 0x0841, 0x10A3, 0x634E, 0x52CB, 0x2124,
  0x7BF0, 0x6B6E, 0x528A, 0x2125, 0x2104, 0x2125, 0x39C7, 0x4228, 0x738E, 0x9CD3, 0x9492, 0x4A69, 0x39E7, 0x2104, 0x2124, 0x18C3,
  0x18E3, 0x3186, 0x18E3, 0x10A2, 0x18C3, 0x10A2, 0x0861, 0x0861, 0x0841, 0x0020, 0x0841, 0x0841, 0x0841, 0x0841, 0x0020, 0x0020,
  0x0000, 0x0000, 0x10A2, 0x18E4, 0x10A3, 0x0841, 0x10C3, 0x5B0C, 0x4A8A, 0x4208, 0x31A7, 0x2104, 0x2104, 0x18C3, 0x1082, 0x0841,
  0x0841, 0x0020, 0x0020, 0x0020, 0x0000, 0x18E3, 0x632D, 0x73D0, 0x528A, 0x632D, 0x4A6A, 0x2966, 0x1082, 0x0841, 0x0841, 0x0020,
  0x0000, 0x10A2, 0x630D, 0x94B3, 0x6B8F, 0x73D0, 0x632D, 0x4A6A, 0x4A6A, 0x2966, 0x2124, 0x0841, 0x20C1, 0x59E3, 0x5182, 0x1860,
  0x0800, 0x0820, 0x0820, 0x0820, 0x0820, 0x0820, 0x0020, 0x0000, 0x0000, 0x0000, 0x0000, 0x0000, 0x0000, 0x0000, 0x0000, 0x0000,
  0x0000, 0x0000, 0x0000, 0x0000, 0x0000, 0x0000, 0x0000, 0x0841, 0x18E3, 0x18C3, 0x0000, 0x0000, 0x0000, 0x0000, 0x0000, 0x0000,
  0x0000, 0x0000, 0x0000, 0x0000, 0x0000, 0x0000, 0x0000, 0x0000, 0x0000, 0x0000, 0x0000, 0x0000, 0x0000, 0x0000, 0x0000, 0x0000,
  0x0000, 0x0000, 0x0000, 0x0000, 0x0000, 0x0000, 0x0000, 0x0000, 0x0000, 0x0000, 0x0000, 0x0000, 0x0000, 0x0000, 0x0000, 0x0000,
  0x0000, 0x0000, 0x0000, 0x0000, 0x0000, 0x0000, 0x0000, 0x0000, 0x0000, 0x0000, 0x0000, 0x0000, 0x0000, 0x0000, 0x0000, 0x0000,
  0x0000, 0x0000, 0x0000, 0x0000, 0x0000, 0x0000, 0x0000, 0x0000, 0x0000, 0x0000, 0x0000, 0x0000, 0x0000, 0x0000, 0x0000, 0x0000,
  0x0000, 0x0000, 0x0000, 0x0000, 0x0000, 0x0000, 0x0000, 0x0000, 0x0000, 0x0000, 0x0000, 0x0000, 0x0000, 0x0000, 0x0000, 0x0000,
  0x0000, 0x0000, 0x0000, 0x0000, 0x0000, 0x0000, 0x0000, 0x0000, 0x0000, 0x0000, 0x0000, 0x0000, 0x0000, 0x0000, 0x0000, 0x0000,
  0x0000, 0x0000, 0x0000, 0x0000, 0x0000, 0x0861, 0x10A2, 0x0841, 0x0000, 0x4141, 0x7A42, 0x7221, 0x7A41, 0xBC48, 0x28E1, 0x1061,
  0x1061, 0x0841, 0x0841, 0x0020, 0x0020, 0x0841, 0x0000, 0x39C7, 0x4A49, 0x1082, 0x0881, 0x0020, 0x4229, 0x73D0, 0x2945, 0x5ACB,
  0x73CF, 0x5ACB, 0x2124, 0x4208, 0x2965, 0x0882, 0x0841, 0x2124, 0x4208, 0x7BCF, 0x9CF3, 0x528A, 0x4208, 0x2124, 0x2945, 0x2945,
  0x2124, 0x18C3, 0x18C3, 0x10A2, 0x1082, 0x10A2, 0x0861, 0x1082, 0x0861, 0x0020, 0x0020, 0x0841, 0x0021, 0x0020, 0x0000, 0x0000,
  0x0000, 0x1082, 0x18C3, 0x10A2, 0x0020, 0x0862, 0x6B4E, 0x5AEC, 0x3A08, 0x2945, 0x2125, 0x18E4, 0x10A3, 0x0841, 0x0041, 0x0020,
  0x0020, 0x0000, 0x0000, 0x0000, 0x3186, 0x6B8F, 0x8C93, 0x634D, 0x632D, 0x4A49, 0x18C3, 0x0841, 0x0841, 0x0020, 0x0000, 0x0020,
  0x4208, 0x94B3, 0x9CD4, 0x73CF, 0x52AB, 0x4A8A, 0x39E8, 0x2145, 0x18C3, 0x1082, 0x0861, 0x1060, 0x28C1, 0x1040, 0x0000, 0x0820,
  0x0820, 0x0820, 0x0020, 0x0000, 0x0000, 0x0000, 0x0000, 0x0000, 0x0000, 0x0000, 0x0000, 0x0000, 0x0000, 0x0000, 0x0000, 0x0000,
  0x0000, 0x0000, 0x0000, 0x0000, 0x0000, 0x0000, 0x0000, 0x0000, 0x0000, 0x1082, 0x2104, 0x0841, 0x0000, 0x0000, 0x0000, 0x0000,
  0x0000, 0x0000, 0x0000, 0x0000, 0x0000, 0x0000, 0x0000, 0x0000, 0x0000, 0x0000, 0x0000, 0x0000, 0x0000, 0x0000, 0x0000, 0x0000,
  0x0000, 0x0000, 0x0000, 0x0000, 0x0000, 0x0000, 0x0000, 0x0000, 0x0000, 0x0000, 0x0000, 0x0000, 0x0000, 0x0000, 0x0000, 0x0000,
  0x0000, 0x0000, 0x0000, 0x0000, 0x0000, 0x0000, 0x0000, 0x0000, 0x0000, 0x0000, 0x0000, 0x0000, 0x0000, 0x0000, 0x0000, 0x0000,
  0x0000, 0x0000, 0x0000, 0x0000, 0x0000, 0x0000, 0x0000, 0x0000, 0x0000, 0x0000, 0x0000, 0x0000, 0x0000, 0x0000, 0x0000, 0x0000,
  0x0000, 0x0000, 0x0000, 0x0000, 0x0000, 0x0000, 0x0000, 0x0000, 0x0000, 0x0000, 0x0000, 0x0000, 0x0000, 0x0000, 0x0000, 0x0000,
  0x0000, 0x0000, 0x0000, 0x0000, 0x0000, 0x0000, 0x0000, 0x0000, 0x0000, 0x0000, 0x0000, 0x0000, 0x0000, 0x0000, 0x0000, 0x0000,
  0x0000, 0x0000, 0x0000, 0x0841, 0x10A2, 0x0861, 0x0840, 0x0861, 0x20C1, 0x7A82, 0x8282, 0x7200, 0xB406, 0x7AE5, 0x0820, 0x1881,
  0x0861, 0x0841, 0x0840, 0x0020, 0x0840, 0x0000, 0x2124, 0x5AEC, 0x18C3, 0x0861, 0x0020, 0x10A2, 0x5B0C, 0x39E8, 0x528A, 0x9CF4,
  0x630D, 0x39C7, 0x52AA, 0xD6BB, 0x7BF0, 0x31A7, 0x1082, 0x0841, 0x2945, 0x39C7, 0x6B6D, 0x5ACB, 0x2945, 0x3186, 0x2965, 0x2124,
  0x18A3, 0x0861, 0x10A2, 0x1082, 0x10A2, 0x10A2, 0x1082, 0x0861, 0x0841, 0x0820, 0x0020, 0x0020, 0x0020, 0x0000, 0x0000, 0x0020,
  0x0862, 0x10A3, 0x1082, 0x0020, 0x0020, 0x52CC, 0x634E, 0x4249, 0x2945, 0x2145, 0x18E3, 0x1082, 0x1082, 0x0021, 0x0020, 0x0000,
  0x0000, 0x0000, 0x0000, 0x4A6A, 0xA535, 0x5AEB, 0x5B0C, 0x634D, 0x4228, 0x1082, 0x0020, 0x0020, 0x0000, 0x0000, 0x2945, 0x73AF,
  0x8C72, 0x8411, 0x5B0C, 0x5AEC, 0x4208, 0x2145, 0x18E3, 0x1082, 0x0841, 0x0020, 0x0820, 0x0840, 0x0000, 0x0000, 0x0020, 0x0000,
  0x0000, 0x0000, 0x0000, 0x0000, 0x0000, 0x0000, 0x0000, 0x0000, 0x0000, 0x0000, 0x0000, 0x0000, 0x0000, 0x0000, 0x0000, 0x0000,
  0x0000, 0x0000, 0x0000, 0x0000, 0x0000, 0x0000, 0x0000, 0x0000, 0x0000, 0x0000, 0x0020, 0x10A2, 0x0841, 0x0000, 0x0000, 0x0000,
  0x0000, 0x0000, 0x0000, 0x0000, 0x0000, 0x0000, 0x0000, 0x0000, 0x0000, 0x0000, 0x0000, 0x0000, 0x0000, 0x0000, 0x0000, 0x0000,
  0x0000, 0x0000, 0x0000, 0x0000, 0x0000, 0x0000, 0x0000, 0x0000, 0x0000, 0x0000, 0x0000, 0x0000, 0x0000, 0x0000, 0x0000, 0x0000,
  0x0000, 0x0000, 0x0000, 0x0000, 0x0000, 0x0000, 0x0000, 0x0000, 0x0000, 0x0000, 0x0000, 0x0000, 0x0000, 0x0000, 0x0000, 0x0000,
  0x0000, 0x0000, 0x0000, 0x0000, 0x0000, 0x0000, 0x0000, 0x0000, 0x0000, 0x0000, 0x0000, 0x0000, 0x0000, 0x0000, 0x0000, 0x0000,
  0x0000, 0x0000, 0x0000, 0x0000, 0x0000, 0x0000, 0x0000, 0x0000, 0x0000, 0x0000, 0x0000, 0x0000, 0x0000, 0x0000, 0x0000, 0x0000,
  0x0000, 0x0000, 0x0000, 0x0000, 0x0000, 0x0000, 0x0000, 0x0000, 0x0000, 0x0000, 0x0000, 0x0000, 0x0000, 0x0000, 0x0000, 0x0000,
  0x0000, 0x0000, 0x1082, 0x10A2, 0x0020, 0x0000, 0x1061, 0x1904, 0x6244, 0xA343, 0x8282, 0x8AC2, 0xBC88, 0x20A1, 0x1081, 0x1081,
  0x0841, 0x0841, 0x0020, 0x0840, 0x0020, 0x0861, 0x52AA, 0x2124, 0x0861, 0x0861, 0x0000, 0x4208, 0x4249, 0x31A7, 0xA514, 0x9CD4,
  0x73AF, 0x2125, 0x2965, 0x8431, 0xAD75, 0x738E, 0x2104, 0x0861, 0x0841, 0x10A2, 0x39C7, 0x3186, 0x39C7, 0x630C, 0x2124, 0x18C3,
  0x10A2, 0x0861, 0x1082, 0x10A2, 0x10A2, 0x1082, 0x0861, 0x0861, 0x0841, 0x0841, 0x0020, 0x0020, 0x0020, 0x0000, 0x0000, 0x0861,
  0x1082, 0x0861, 0x0020, 0x0020, 0x4A8A, 0x5AEC, 0x4A6A, 0x2986, 0x1904, 0x2125, 0x18C3, 0x0861, 0x0020, 0x0020, 0x0000, 0x0020,
  0x0000, 0x0841, 0x4A8A, 0x6B4E, 0x6B6E, 0x6B6E, 0x632D, 0x31A7, 0x0841, 0x0841, 0x0020, 0x0000, 0x10A2, 0x52CC, 0x8452, 0x8C72,
  0x738F, 0x5AEC, 0x3A08, 0x3186, 0x2104, 0x1082, 0x0841, 0x0840, 0x0000, 0x0000, 0x0000, 0x0000, 0x0000, 0x0000, 0x0000, 0x0000,
  0x0000, 0x0000, 0x0000, 0x0000, 0x0000, 0x0000, 0x0000, 0x0000, 0x0000, 0x0000, 0x0000, 0x0000, 0x0000, 0x0000, 0x0000, 0x0000,
  0x0000, 0x0000, 0x0000, 0x0020, 0x0000, 0x0000, 0x0000, 0x0000, 0x0000, 0x0000, 0x0000, 0x0000, 0x0841, 0x10A2, 0x0020, 0x0000,
  0x0000, 0x0000, 0x0000, 0x0000, 0x0000, 0x0000, 0x0000, 0x0000, 0x0000, 0x0000, 0x0000, 0x0000, 0x0000, 0x0000, 0x0000, 0x0000,
  0x0000, 0x0000, 0x0000, 0x0000, 0x0000, 0x0000, 0x0000, 0x0000, 0x0000, 0x0000, 0x0000, 0x0000, 0x0000, 0x0000, 0x0000, 0x0000,
  0x0000, 0x0000, 0x0000, 0x0000, 0x0000, 0x0000, 0x0000, 0x0000, 0x0000, 0x0000, 0x0000, 0x0000, 0x0000, 0x0000, 0x0000, 0x0000,
  0x0000, 0x0000, 0x0000, 0x0000, 0x0000, 0x0000, 0x0000, 0x0000, 0x0000, 0x0000, 0x0000, 0x0000, 0x0000, 0x0000, 0x0000, 0x0000,
  0x0000, 0x0000, 0x0000, 0x0000, 0x0000, 0x0000, 0x0000, 0x0000, 0x0000, 0x0000, 0x0000, 0x0000, 0x0000, 0x0000, 0x0000, 0x0000,
  0x0000, 0x0000, 0x0000, 0x0000, 0x0000, 0x0000, 0x0000, 0x0000, 0x0000, 0x0000, 0x0000, 0x0000, 0x0000, 0x0000, 0x0000, 0x0000,
  0x0020, 0x2104, 0x1082, 0x0000, 0x0000, 0x0020, 0x0861, 0x3164, 0xABA5, 0xB3A3, 0x8A81, 0xCCA8, 0x6A64, 0x0820, 0x1881, 0x0861,
  0x0841, 0x0840, 0x0020, 0x0840, 0x0020, 0x4A49, 0x39C7, 0x1082, 0x0861, 0x0020, 0x18E3, 0x632D, 0x2945, 0x6B6E, 0x9D14, 0x7BF0,
  0x7BF0, 0x18E4, 0x0000, 0x31A7, 0x94B3, 0x8410, 0x4A8A, 0x2104, 0x0000, 0x0021, 0x18E3, 0x39C7, 0x5B0C, 0x4228, 0x2124, 0x2104,
  0x20E3, 0x18E4, 0x0882, 0x10A2, 0x0861, 0x1082, 0x0861, 0x0841, 0x0841, 0x0020, 0x0020, 0x0020, 0x0020, 0x0000, 0x0861, 0x1082,
  0x0861, 0x0020, 0x0000, 0x4A6A, 0x738F, 0x4A8A, 0x2104, 0x2104, 0x10A2, 0x1082, 0x1082, 0x0841, 0x0020, 0x0020, 0x0000, 0x0000,
  0x18E4, 0x5AEC, 0x8431, 0x5AEC, 0x4A6A, 0x52AB, 0x2104, 0x0861, 0x0841, 0x0000, 0x0841, 0x4A8A, 0x8C72, 0x8451, 0x7BF0, 0x6B6E,
  0x4A6A, 0x31A7, 0x2124, 0x1082, 0x0841, 0x0840, 0x0020, 0x0000, 0x0000, 0x0000, 0x0000, 0x0000, 0x0000, 0x0000, 0x0000, 0x0000,
  0x0000, 0x0000, 0x0000, 0x0000, 0x0000, 0x0000, 0x0000, 0x0000, 0x0000, 0x0000, 0x0000, 0x0000, 0x0000, 0x0000, 0x0000, 0x0000,
  0x0000, 0x0000, 0x0000, 0x0000, 0x0000, 0x0000, 0x0000, 0x0000, 0x0000, 0x0000, 0x0000, 0x0000, 0x0000, 0x0841, 0x18C3, 0x0841,
  0x0000, 0x0000, 0x0000, 0x0000, 0x0000, 0x0000, 0x0000, 0x0000, 0x0000, 0x0000, 0x0000, 0x0000, 0x0000, 0x0000, 0x0000, 0x0000,
  0x0000, 0x0000, 0x0000, 0x0000, 0x0000, 0x0000, 0x0000, 0x0000, 0x0000, 0x0000, 0x0000, 0x0000, 0x0000, 0x0000, 0x0000, 0x0000,
  0x0000, 0x0000, 0x0000, 0x0000, 0x0000, 0x0000, 0x0000, 0x0000, 0x0000, 0x0000, 0x0000, 0x0000, 0x0000, 0x0000, 0x0000, 0x0000,
  0x0000, 0x0000, 0x0000, 0x0000, 0x0000, 0x0000, 0x0000, 0x0000, 0x0000, 0x0000, 0x0000, 0x0000, 0x0000, 0x0000, 0x0000, 0x0000,
  0x0000, 0x0000, 0x0000, 0x0000, 0x0000, 0x0000, 0x0000, 0x0000, 0x0000, 0x0000, 0x0000, 0x0000, 0x0000, 0x0000, 0x0000, 0x0000,
  0x0000, 0x0000, 0x0000, 0x0000, 0x0000, 0x0000, 0x0000, 0x0000, 0x0000, 0x0000, 0x0000, 0x0000, 0x0000, 0x0000, 0x0000, 0x10A2,
  0x2104, 0x0841, 0x0000, 0x0000, 0x0020, 0x0841, 0x0000, 0x59C2, 0xD465, 0xAB42, 0xB3C4, 0xBCA9, 0x1060, 0x1081, 0x1061, 0x0841,
  0x0841, 0x0020, 0x0841, 0x0000, 0x31A7, 0x4A6A, 0x10A2, 0x0861, 0x0020, 0x0000, 0x4A6A, 0x4229, 0x39E8, 0xA535, 0x9CF4, 0x7BCF,
  0x4229, 0x10A2, 0x0000, 0x18E4, 0x738F, 0x9CF3, 0x632D, 0x2104, 0x0020, 0x0000, 0x0881, 0x2965, 0x39C7, 0x2104, 0x2124, 0x18C3,
  0x1082, 0x2924, 0x10C2, 0x0861, 0x0861, 0x0861, 0x0861, 0x0841, 0x0841, 0x0020, 0x0020, 0x0000, 0x0020, 0x0021, 0x0841, 0x0841,
  0x0020, 0x0000, 0x31A7, 0x52CC, 0x4209, 0x4229, 0x2945, 0x18C3, 0x1082, 0x0841, 0x0020, 0x0020, 0x0020, 0x0000, 0x0000, 0x3186,
  0x73AF, 0x7BF0, 0x52CB, 0x632D, 0x39C7, 0x0882, 0x0841, 0x0000, 0x0000, 0x31A6, 0x7BF0, 0x8C72, 0x9492, 0x7C10, 0x52AB, 0x31A7,
  0x2104, 0x10A2, 0x0861, 0x0020, 0x0020, 0x0000, 0x0000, 0x0000, 0x0000, 0x0000, 0x0000, 0x0000, 0x0000, 0x0000, 0x0000, 0x0000,
  0x0000, 0x0000, 0x0020, 0x0020, 0x0841, 0x0020, 0x0020, 0x0020, 0x0000, 0x0000, 0x0020, 0x0000, 0x0000, 0x0000, 0x0000, 0x0000,
  0x0000, 0x0020, 0x0000, 0x0000, 0x0000, 0x0000, 0x0000, 0x0000, 0x0000, 0x0000, 0x0000, 0x0000, 0x0000, 0x0000, 0x0000, 0x18A2,
  0x0861, 0x0000, 0x0000, 0x0000, 0x0000, 0x0000, 0x0000, 0x0000, 0x0000, 0x0000, 0x0000, 0x0000, 0x0000, 0x0000, 0x0000, 0x0000,
  0x0000, 0x0000, 0x0000, 0x0000, 0x0000, 0x0000, 0x0000, 0x0000, 0x0000, 0x0000, 0x0000, 0x0000, 0x0000, 0x0000, 0x0000, 0x0000,
  0x0000, 0x0000, 0x0000, 0x0000, 0x0000, 0x0000, 0x0000, 0x0000, 0x0000, 0x0000, 0x0000, 0x0000, 0x0000, 0x0000, 0x0000, 0x0000,
  0x0000, 0x0000, 0x0000, 0x0000, 0x0000, 0x0000, 0x0000, 0x0000, 0x0000, 0x0000, 0x0000, 0x0000, 0x0000, 0x0000, 0x0000, 0x0000,
  0x0000, 0x0000, 0x0000, 0x0000, 0x0000, 0x0000, 0x0000, 0x0000, 0x0000, 0x0000, 0x0000, 0x0000, 0x0000, 0x0000, 0x0000, 0x0000,
  0x0000, 0x0000, 0x0000, 0x0000, 0x0000, 0x0000, 0x0000, 0x0000, 0x0000, 0x0000, 0x0000, 0x0000, 0x0000, 0x0000, 0x10A2, 0x18C3,
  0x0000, 0x0000, 0x0000, 0x0020, 0x0820, 0x0841, 0x0840, 0xAB84, 0xD486, 0x9B01, 0xDD4A, 0x5204, 0x0020, 0x1081, 0x0841, 0x0840,
  0x0020, 0x0841, 0x0000, 0x18E3, 0x5ACB, 0x2104, 0x0861, 0x0841, 0x0000, 0x18C3, 0x4A6A, 0x2145, 0x9D14, 0x9493, 0xA535, 0x8451,
  0x39C7, 0x1082, 0x0000, 0x18E4, 0x5AEC, 0x8410, 0x5ACB, 0x2945, 0x0841, 0x0000, 0x0841, 0x18C3, 0x39E7, 0x3186, 0x10A2, 0x18C3,
  0x1082, 0x18C3, 0x0881, 0x1082, 0x0882, 0x0861, 0x0841, 0x0841, 0x0020, 0x0020, 0x0020, 0x0020, 0x0020, 0x0020, 0x0020, 0x0020,
  0x0000, 0x2125, 0x632D, 0x5B0C, 0x3186, 0x2125, 0x2104, 0x1082, 0x1082, 0x0000, 0x0000, 0x0000, 0x0000, 0x0020, 0x5ACB, 0x8C72,
  0x632D, 0x634D, 0x632D, 0x2945, 0x0861, 0x0000, 0x0000, 0x10A2, 0x634D, 0x94B3, 0x8C72, 0x6B6E, 0x5AEC, 0x3A08, 0x2966, 0x1082,
  0x0020, 0x0020, 0x0020, 0x0020, 0x0000, 0x0000, 0x0000, 0x0000, 0x0000, 0x0000, 0x0000, 0x0000, 0x0000, 0x0020, 0x0020, 0x0861,
  0x0861, 0x10A3, 0x0882, 0x0882, 0x18E3, 0x18C3, 0x18C3, 0x10A2, 0x1082, 0x1082, 0x1082, 0x1082, 0x0861, 0x0020, 0x0000, 0x0000,
  0x0000, 0x0000, 0x0000, 0x0000, 0x0000, 0x0000, 0x0000, 0x0000, 0x0000, 0x0000, 0x0000, 0x0000, 0x0000, 0x0000, 0x0841, 0x0841,
  0x1082, 0x0861, 0x0000, 0x0000, 0x0000, 0x0000, 0x0000, 0x0000, 0x0000, 0x0000, 0x0000, 0x0000, 0x0000, 0x0000, 0x0000, 0x0000,
  0x0000, 0x0000, 0x0000, 0x0000, 0x0000, 0x0000, 0x0000, 0x0000, 0x0000, 0x0000, 0x0000, 0x0000, 0x0000, 0x0000, 0x0000, 0x0000,
  0x0000, 0x0000, 0x0000, 0x0000, 0x0000, 0x0000, 0x0000, 0x0000, 0x0000, 0x0000, 0x0000, 0x0000, 0x0000, 0x0000, 0x0000, 0x0000,
  0x0000, 0x0000, 0x0000, 0x0000, 0x0000, 0x0000, 0x0000, 0x0000, 0x0000, 0x0000, 0x0000, 0x0000, 0x0000, 0x0000, 0x0000, 0x0000,
  0x0000, 0x0000, 0x0000, 0x0000, 0x0000, 0x0000, 0x0000, 0x0000, 0x0000, 0x0000, 0x0000, 0x0000, 0x0000, 0x0000, 0x0000, 0x0000,
  0x0000, 0x0000, 0x0000, 0x0000, 0x0000, 0x0000, 0x0000, 0x0000, 0x0000, 0x0000, 0x0000, 0x0000, 0x0000, 0x1082, 0x0862, 0x0000,
  0x0000, 0x0000, 0x0000, 0x0020, 0x1061, 0x0021, 0x51A2, 0xE507, 0xBBA3, 0xC446, 0xAC48, 0x0820, 0x1081, 0x0861, 0x0841, 0x0841,
  0x0020, 0x0020, 0x0841, 0x52AA, 0x3186, 0x0861, 0x0841, 0x0861, 0x0000, 0x4229, 0x3186, 0x632D, 0x9CF4, 0x8431, 0x8C72, 0x6B6E,
  0x2965, 0x0841, 0x0000, 0x18C3, 0x6B6E, 0x7C10, 0x52CB, 0x39E7, 0x10A3, 0x0000, 0x0000, 0x1082, 0x18E4, 0x2145, 0x2965, 0x2104,
  0x1082, 0x0861, 0x0841, 0x1082, 0x0861, 0x0841, 0x0841, 0x0841, 0x0020, 0x0841, 0x0020, 0x0020, 0x0000, 0x0000, 0x0000, 0x0000,
  0x18E4, 0x5AEC, 0x4229, 0x39E8, 0x2945, 0x18E3, 0x1082, 0x1082, 0x0841, 0x0020, 0x0000, 0x0000, 0x10A2, 0x632D, 0x9CF4, 0x6B4D,
  0x5AEC, 0x39C7, 0x18E3, 0x0020, 0x0000, 0x0020, 0x39E8, 0x7C11, 0x7BF0, 0x632D, 0x4A8A, 0x3A08, 0x2124, 0x18C3, 0x0861, 0x0020,
  0x0000, 0x0000, 0x0000, 0x0000, 0x0000, 0x0000, 0x0000, 0x0000, 0x0000, 0x0000, 0x0000, 0x0841, 0x10C3, 0x10A2, 0x18C3, 0x18C3,
  0x18C3, 0x2124, 0x2124, 0x2125, 0x31A7, 0x31A6, 0x2125, 0x2104, 0x2124, 0x2124, 0x10A2, 0x18C3, 0x18C3, 0x1082, 0x0861, 0x0020,
  0x0000, 0x0000, 0x0000, 0x0000, 0x0020, 0x0020, 0x0020, 0x0000, 0x0000, 0x0000, 0x0000, 0x0000, 0x0020, 0x10A2, 0x10A2, 0x1082,
  0x0861, 0x1081, 0x18E3, 0x0020, 0x0000, 0x0000, 0x0000, 0x0000, 0x0000, 0x0000, 0x0000, 0x0000, 0x0000, 0x0000, 0x0000, 0x0000,
  0x0000, 0x0000, 0x0000, 0x0000, 0x0000, 0x0000, 0x0000, 0x0000, 0x0000, 0x0000, 0x0000, 0x0000, 0x0000, 0x0000, 0x0000, 0x0000,
  0x0000, 0x0000, 0x0000, 0x0000, 0x0000, 0x0000, 0x0000, 0x0000, 0x0000, 0x0000, 0x0000, 0x0000, 0x0000, 0x0000, 0x0000, 0x0000,
  0x0000, 0x0000, 0x0000, 0x0000, 0x0000, 0x0000, 0x0000, 0x0000, 0x0000, 0x0000, 0x0000, 0x0000, 0x0000, 0x0000, 0x0000, 0x0000,
  0x0000, 0x0000, 0x0000, 0x0000, 0x0000, 0x0000, 0x0000, 0x0000, 0x0000, 0x0000, 0x0000, 0x0000, 0x0000, 0x0000, 0x0000, 0x0000,
  0x0000, 0x0000, 0x0000, 0x0000, 0x0000, 0x0000, 0x0000, 0x0000, 0x0000, 0x0000, 0x0000, 0x0841, 0x10A2, 0x0841, 0x0000, 0x0020,
  0x0020, 0x0000, 0x0000, 0x0841, 0x1061, 0x0820, 0xABA4, 0xE4E7, 0xB362, 0xE58B, 0x4982, 0x0841, 0x1081, 0x0841, 0x0841, 0x0841,
  0x0841, 0x0000, 0x39E8, 0x39E7, 0x1082, 0x0861, 0x0841, 0x0000, 0x2104, 0x4249, 0x39C7, 0xA514, 0x8431, 0xAD56, 0x9493, 0x4A8A,
  0x18C3, 0x0020, 0x0000, 0x18E3, 0x738F, 0x4229, 0x4208, 0x3186, 0x18E3, 0x0020, 0x0000, 0x0040, 0x1082, 0x3186, 0x2124, 0x18E3,
  0x10A2, 0x0861, 0x0861, 0x0861, 0x0861, 0x0020, 0x0841, 0x0841, 0x0020, 0x0841, 0x0020, 0x0020, 0x0000, 0x0000, 0x0000, 0x10C3,
  0x4A4A, 0x4A8A, 0x39E8, 0x2124, 0x18E4, 0x18C3, 0x0861, 0x0020, 0x0020, 0x0020, 0x0000, 0x2124, 0x6B4E, 0x73AF, 0x8C72, 0x5AEC,
  0x2966, 0x10A2, 0x0000, 0x0000, 0x18E3, 0x73AF, 0x7BF0, 0x6B4E, 0x4229, 0x2945, 0x18E3, 0x1082, 0x1081, 0x0841, 0x0020, 0x0000,
  0x0000, 0x0000, 0x0000, 0x0000, 0x0000, 0x0000, 0x0000, 0x0000, 0x0000, 0x0841, 0x18E4, 0x3186, 0x31A7, 0x2965, 0x2966, 0x39C7,
  0x2124, 0x3186, 0x4229, 0x4208, 0x39C7, 0x2124, 0x2945, 0x2965, 0x2945, 0x3186, 0x2104, 0x18E3, 0x18C3, 0x18E3, 0x10A2, 0x0861,
  0x0020, 0x0000, 0x0000, 0x0020, 0x0021, 0x0041, 0x0041, 0x0000, 0x0000, 0x0000, 0x0000, 0x0841, 0x10A3, 0x2124, 0x2945, 0x0861,
  0x18C3, 0x1082, 0x0861, 0x10A2, 0x0841, 0x0000, 0x0000, 0x0000, 0x0000, 0x0000, 0x0000, 0x0000, 0x0000, 0x0000, 0x0000, 0x0000,
  0x0000, 0x0000, 0x0000, 0x0000, 0x0000, 0x0000, 0x0000, 0x0000, 0x0000, 0x0000, 0x0000, 0x0000, 0x0000, 0x0000, 0x0000, 0x0000,
  0x0000, 0x0000, 0x0000, 0x0000, 0x0000, 0x0000, 0x0000, 0x0000, 0x0000, 0x0000, 0x0000, 0x0000, 0x0000, 0x0000, 0x0000, 0x0000,
  0x0000, 0x0000, 0x0000, 0x0000, 0x0000, 0x0000, 0x0000, 0x0000, 0x0000, 0x0000, 0x0000, 0x0000, 0x0000, 0x0000, 0x0000, 0x0000,
  0x0000, 0x0000, 0x0000, 0x0000, 0x0000, 0x0000, 0x0000, 0x0000, 0x0000, 0x0000, 0x0000, 0x0000, 0x0000, 0x0000, 0x0000, 0x0000,
  0x0000, 0x0000, 0x0000, 0x0000, 0x0000, 0x0000, 0x0000, 0x0000, 0x0000, 0x0000, 0x0020, 0x20E3, 0x1040, 0x0000, 0x0020, 0x0020,
  0x0020, 0x0000, 0x0000, 0x1061, 0x0021, 0x4961, 0xF548, 0xBBC3, 0xD4E7, 0x9BE8, 0x0820, 0x1081, 0x0861, 0x0841, 0x0841, 0x0841,
  0x0000, 0x2124, 0x4229, 0x1082, 0x1082, 0x0861, 0x0841, 0x0020, 0x4228, 0x2945, 0x8430, 0x7BF0, 0x738E, 0xCE59, 0x94D3, 0x3A08,
  0x10A2, 0x0000, 0x0000, 0x1082, 0x632D, 0x528A, 0x4208, 0x4229, 0x18E4, 0x0841, 0x0000, 0x0000, 0x10A3, 0x2124, 0x10A2, 0x18C3,
  0x10A2, 0x0861, 0x0861, 0x0861, 0x0861, 0x0841, 0x0841, 0x0841, 0x0840, 0x0841, 0x0000, 0x0000, 0x0000, 0x0000, 0x0841, 0x5ACC,
  0x630C, 0x2966, 0x2125, 0x18C3, 0x10A2, 0x0861, 0x0020, 0x0020, 0x0020, 0x0000, 0x2966, 0x94B3, 0x8C72, 0x52AB, 0x4A8A, 0x2145,
  0x0861, 0x0000, 0x0020, 0x39E8, 0x73D0, 0x6B4D, 0x39E8, 0x2966, 0x18E3, 0x0861, 0x0000, 0x0000, 0x0000, 0x0000, 0x0000, 0x0000,
  0x0000, 0x0000, 0x0000, 0x0000, 0x0021, 0x18E3, 0x2124, 0x2966, 0x39C7, 0x3186, 0x31C7, 0x4208, 0x52AB, 0x4249, 0x4A6A, 0x4229,
  0x2945, 0x1082, 0x31A6, 0x3A08, 0x39C7, 0x3186, 0x39C7, 0x39C7, 0x39C7, 0x31A6, 0x2945, 0x18E3, 0x2124, 0x2104, 0x18C3, 0x10A2,
  0x0861, 0x0020, 0x0000, 0x0000, 0x0020, 0x0020, 0x0020, 0x0000, 0x0000, 0x0000, 0x0861, 0x2945, 0x2945, 0x2125, 0x31A6, 0x2945,
  0x18E4, 0x1082, 0x0861, 0x0861, 0x18E3, 0x0841, 0x0000, 0x0000, 0x0000, 0x0000, 0x0000, 0x0000, 0x0000, 0x0000, 0x0000, 0x0000,
  0x0000, 0x0000, 0x0000, 0x0000, 0x0000, 0x0000, 0x0000, 0x0000, 0x0000, 0x0000, 0x0000, 0x0000, 0x0000, 0x0000, 0x0000, 0x0000,
  0x0000, 0x0000, 0x0000, 0x0000, 0x0000, 0x0000, 0x0000, 0x0000, 0x0000, 0x0000, 0x0000, 0x0000, 0x0000, 0x0000, 0x0000, 0x0000,
  0x0000, 0x0000, 0x0000, 0x0000, 0x0000, 0x0000, 0x0000, 0x0000, 0x0000, 0x0000, 0x0000, 0x0000, 0x0000, 0x0000, 0x0000, 0x0000,
  0x0000, 0x0000, 0x0000, 0x0000, 0x0000, 0x0000, 0x0000, 0x0000, 0x0000, 0x0000, 0x0000, 0x0000, 0x0000, 0x0000, 0x0000, 0x0000,
  0x0000, 0x0000, 0x0000, 0x0000, 0x0000, 0x0000, 0x0000, 0x0000, 0x0000, 0x0840, 0x1081, 0x1060, 0x1880, 0x0840, 0x0820, 0x0020,
  0x0020, 0x0000, 0x0841, 0x1081, 0x0820, 0xAB84, 0xED27, 0xBBC3, 0xD56A, 0x3101, 0x1081, 0x1081, 0x0841, 0x0841, 0x0841, 0x0020,
  0x1082, 0x4A6A, 0x18E4, 0x1081, 0x0841, 0x0841, 0x0000, 0x3186, 0x39E8, 0x5AEB, 0xA514, 0x39E8, 0x738E, 0xC639, 0x8431, 0x39E7,
  0x10A2, 0x0000, 0x0000, 0x0861, 0x5ACB, 0x5AEC, 0x2966, 0x39C7, 0x18E4, 0x0841, 0x0000, 0x0000, 0x10A2, 0x2144, 0x2945, 0x10A2,
  0x1082, 0x0861, 0x0841, 0x0841, 0x0841, 0x0841, 0x0861, 0x0841, 0x0841, 0x0020, 0x0000, 0x0000, 0x0000, 0x0021, 0x4A8A, 0x52AB,
  0x39E8, 0x2125, 0x18E4, 0x1082, 0x0861, 0x0020, 0x0000, 0x0000, 0x0000, 0x3186, 0x8452, 0x7BF0, 0x8C72, 0x4A4A, 0x10A3, 0x0000,
  0x0020, 0x2125, 0x4A6A, 0x4A6A, 0x2125, 0x0861, 0x0841, 0x0021, 0x0020, 0x0000, 0x0000, 0x0000, 0x0000, 0x0020, 0x0841, 0x0861,
  0x10A2, 0x18C3, 0x18C3, 0x3186, 0x3186, 0x4208, 0x31A6, 0x4228, 0x39C7, 0x4229, 0x4A6A, 0x39C8, 0x4208, 0x2986, 0x4208, 0x2966,
  0x18C3, 0x0020, 0x18C3, 0x4A6A, 0x4228, 0x4A49, 0x4228, 0x5AEC, 0x4A49, 0x31A6, 0x4A49, 0x2125, 0x2104, 0x2124, 0x10A2, 0x10A2,
  0x10A2, 0x0861, 0x0841, 0x0000, 0x0000, 0x0000, 0x0020, 0x0020, 0x0000, 0x0841, 0x2145, 0x39C7, 0x3186, 0x3186, 0x2945, 0x2124,
  0x2104, 0x18C3, 0x2945, 0x18C3, 0x0841, 0x10A2, 0x1082, 0x0000, 0x0000, 0x0000, 0x0000, 0x0000, 0x0000, 0x0000, 0x0000, 0x0000,
  0x0000, 0x0000, 0x0000, 0x0000, 0x0000, 0x0000, 0x0000, 0x0000, 0x0000, 0x0000, 0x0000, 0x0000, 0x0000, 0x0000, 0x0000, 0x0000,
  0x0000, 0x0000, 0x0000, 0x0000, 0x0000, 0x0000, 0x0000, 0x0000, 0x0000, 0x0000, 0x0000, 0x0000, 0x0000, 0x0000, 0x0000, 0x0000,
  0x0000, 0x0000, 0x0000, 0x0000, 0x0000, 0x0000, 0x0000, 0x0000, 0x0000, 0x0000, 0x0000, 0x0000, 0x0000, 0x0000, 0x0000, 0x0000,
  0x0000, 0x0000, 0x0000, 0x0000, 0x0000, 0x0000, 0x0000, 0x0000, 0x0000, 0x0000, 0x0000, 0x0000, 0x0000, 0x0000, 0x0000, 0x0000,
  0x0000, 0x0000, 0x0000, 0x0000, 0x0000, 0x0000, 0x0000, 0x0000, 0x1081, 0x28C1, 0x1860, 0x20A0, 0x28C1, 0x1060, 0x0020, 0x0020,
  0x0020, 0x0020, 0x1082, 0x0841, 0x3921, 0xED48, 0xCC03, 0xE589, 0x7B06, 0x1040, 0x18A1, 0x0841, 0x0841, 0x0841, 0x0841, 0x0020,
  0x4A69, 0x3186, 0x0861, 0x0841, 0x0841, 0x0000, 0x0862, 0x39E8, 0x39E8, 0xAD76, 0x632C, 0x4A69, 0xCE79, 0xBDF7, 0x6B4D, 0x2986,
  0x18C3, 0x0020, 0x0000, 0x0841, 0x31A7, 0x4A8A, 0x4229, 0x2125, 0x18C3, 0x0841, 0x0000, 0x0000, 0x1082, 0x18E4, 0x18C3, 0x0861,
  0x0861, 0x0841, 0x0861, 0x0841, 0x0841, 0x0020, 0x0841, 0x0841, 0x0841, 0x0000, 0x0000, 0x0000, 0x0000, 0x31A7, 0x6B6E, 0x4A6A,
  0x2104, 0x18C3, 0x10A2, 0x0882, 0x0841, 0x0000, 0x0000, 0x0000, 0x39C7, 0x73AF, 0x7BD0, 0x6B4D, 0x4249, 0x0861, 0x0000, 0x0841,
  0x2965, 0x31A6, 0x18C3, 0x0841, 0x0861, 0x1082, 0x1082, 0x10A2, 0x18E3, 0x2965, 0x2965, 0x3186, 0x2945, 0x3186, 0x2965, 0x2966,
  0x31A6, 0x3186, 0x4208, 0x4A69, 0x39E8, 0x39E8, 0x31A7, 0x3186, 0x2965, 0x39A7, 0x31A7, 0x2945, 0x2965, 0x2945, 0x18E3, 0x2104,
  0x10A2, 0x0000, 0x0841, 0x31A7, 0x4A49, 0x4208, 0x4A49, 0x630C, 0x4A6A, 0x39C7, 0x4A49, 0x39C7, 0x2124, 0x18E4, 0x18C3, 0x10A2,
  0x10A2, 0x1082, 0x0841, 0x0020, 0x0000, 0x0000, 0x0000, 0x0000, 0x0021, 0x2965, 0x3A08, 0x4229, 0x2124, 0x2104, 0x2945, 0x2965,
  0x39E7, 0x2104, 0x2945, 0x18C3, 0x1082, 0x0861, 0x1082, 0x0861, 0x0000, 0x0000, 0x0000, 0x0000, 0x0000, 0x0000, 0x0000, 0x0000,
  0x0000, 0x0000, 0x0000, 0x0000, 0x0000, 0x0000, 0x0000, 0x0000, 0x0000, 0x0000, 0x0000, 0x0000, 0x0000, 0x0000, 0x0000, 0x0000,
  0x0000, 0x0000, 0x0000, 0x0000, 0x0000, 0x0000, 0x0000, 0x0000, 0x0000, 0x0000, 0x0000, 0x0000, 0x0000, 0x0000, 0x0000, 0x0000,
  0x0000, 0x0000, 0x0000, 0x0000, 0x0000, 0x0000, 0x0000, 0x0000, 0x0000, 0x0000, 0x0000, 0x0000, 0x0000, 0x0000, 0x0000, 0x0000,
  0x0000, 0x0000, 0x0000, 0x0000, 0x0000, 0x0000, 0x0000, 0x0000, 0x0000, 0x0000, 0x0000, 0x0000, 0x0000, 0x0000, 0x0000, 0x0000,
  0x0000, 0x0000, 0x0000, 0x0000, 0x0000, 0x0000, 0x0000, 0x1061, 0x49A2, 0x4141, 0x28C0, 0x28E1, 0x3101, 0x1880, 0x0820, 0x0020,
  0x0000, 0x0861, 0x18C2, 0x0840, 0x9B44, 0xED27, 0xD485, 0xCD4B, 0x2080, 0x18A1, 0x1061, 0x0020, 0x0020, 0x0841, 0x0000, 0x39E7,
  0x4229, 0x10A2, 0x1061, 0x0020, 0x0040, 0x0000, 0x31A7, 0x2966, 0x8431, 0x8C72, 0x39C7, 0x4A69, 0xB5B6, 0x8C92, 0x52AA, 0x2945,
  0x18C3, 0x0020, 0x0000, 0x0020, 0x2125, 0x52AB, 0x4A49, 0x2124, 0x18C3, 0x0861, 0x0000, 0x0000, 0x0861, 0x18E3, 0x18C3, 0x0861,
  0x0861, 0x0861, 0x0861, 0x0841, 0x0841, 0x0020, 0x0020, 0x0841, 0x0020, 0x0000, 0x0000, 0x0000, 0x2966, 0x6B6E, 0x52AB, 0x2125,
  0x10A2, 0x10A2, 0x1082, 0x0020, 0x0020, 0x0000, 0x0000, 0x4228, 0x9493, 0x738E, 0x5ACC, 0x2966, 0x18C3, 0x2945, 0x39C7, 0x39E8,
  0x2945, 0x2104, 0x4229, 0x52AB, 0x5AEC, 0x52AB, 0x39C7, 0x4A6A, 0x39C7, 0x4208, 0x630C, 0x52AB, 0x4A69, 0x2945, 0x39E8, 0x4A69,
  0x31A6, 0x39E7, 0x4A8A, 0x4229, 0x31C7, 0x2124, 0x31C7, 0x39C7, 0x2945, 0x2125, 0x2104, 0x1082, 0x0861, 0x18E3, 0x39C7, 0x10A2,
  0x0000, 0x0862, 0x39C7, 0x39E8, 0x5ACB, 0x4A6A, 0x2966, 0x39E8, 0x2965, 0x4A49, 0x6B4D, 0x52AB, 0x2945, 0x18C3, 0x18E3, 0x10A2,
  0x1082, 0x0861, 0x0861, 0x0020, 0x0020, 0x0020, 0x0000, 0x0000, 0x2125, 0x4229, 0x4A49, 0x39E7, 0x31A6, 0x31A6, 0x2125, 0x2945,
  0x2145, 0x2124, 0x1082, 0x2945, 0x18E3, 0x0861, 0x0000, 0x0861, 0x10A2, 0x0000, 0x0000, 0x0000, 0x0000, 0x0000, 0x0000, 0x0000,
  0x0000, 0x0000, 0x0000, 0x0000, 0x0000, 0x0000, 0x0000, 0x0000, 0x0000, 0x0000, 0x0000, 0x0000, 0x0000, 0x0000, 0x0000, 0x0000,
  0x0000, 0x0000, 0x0000, 0x0000, 0x0000, 0x0000, 0x0000, 0x0000, 0x0000, 0x0000, 0x0000, 0x0000, 0x0000, 0x0000, 0x0000, 0x0000,
  0x0000, 0x0000, 0x0000, 0x0000, 0x0000, 0x0000, 0x0000, 0x0000, 0x0000, 0x0000, 0x0000, 0x0000, 0x0000, 0x0000, 0x0000, 0x0000,
  0x0000, 0x0000, 0x0000, 0x0000, 0x0000, 0x0000, 0x0000, 0x0000, 0x0000, 0x0000, 0x0000, 0x0000, 0x0000, 0x0000, 0x0000, 0x0000,
  0x0000, 0x0000, 0x0000, 0x0000, 0x0000, 0x0000, 0x0021, 0x28E1, 0x7A83, 0x7242, 0x4121, 0x3901, 0x3901, 0x20A1, 0x0820, 0x0020,
  0x0000, 0x1082, 0x1082, 0x3101, 0xED28, 0xD444, 0xEDCB, 0x6244, 0x1040, 0x1881, 0x0841, 0x0841, 0x0841, 0x0000, 0x2104, 0x52AB,
  0x18E3, 0x0862, 0x0841, 0x0841, 0x0000, 0x2104, 0x31A7, 0x6B6E, 0x94B3, 0x528A, 0x2125, 0x4A49, 0xB596, 0x8C72, 0x632C, 0x39C7,
  0x10A2, 0x0020, 0x0000, 0x0020, 0x2124, 0x39E7, 0x2104, 0x2965, 0x10A2, 0x0841, 0x0000, 0x0000, 0x0841, 0x10A2, 0x0861, 0x10A2,
  0x1082, 0x0841, 0x0841, 0x0841, 0x0841, 0x0840, 0x0841, 0x0020, 0x0000, 0x0000, 0x0000, 0x18E4, 0x4A6A, 0x4A8A, 0x31A7, 0x2104,
  0x10A2, 0x0861, 0x0841, 0x0000, 0x0020, 0x0000, 0x3A08, 0x94D3, 0x6B6E, 0x8451, 0x4A6A, 0x4A6A, 0x632D, 0x7BF0, 0x7BCF, 0x6B6E,
  0x7BF0, 0x4A49, 0x630C, 0x73AF, 0x6B6D, 0x8C72, 0x73AF, 0x52AA, 0x52AA, 0x39E8, 0x5ACB, 0x4A8A, 0x39C7, 0x5B0C, 0x5AEC, 0x5AEC,
  0x2124, 0x39C7, 0x4229, 0x2966, 0x2966, 0x31C7, 0x39C7, 0x2945, 0x2104, 0x18E3, 0x1082, 0x0841, 0x3186, 0x2124, 0x1082, 0x0000,
  0x10A3, 0x4229, 0x5AEC, 0x39E8, 0x4228, 0x2925, 0x3186, 0x52AB, 0x4208, 0x2945, 0x39C7, 0x39E7, 0x2124, 0x2104, 0x2104, 0x18C3,
  0x10A2, 0x1082, 0x0861, 0x0841, 0x0020, 0x0000, 0x0000, 0x10A3, 0x3A09, 0x3A08, 0x3186, 0x3186, 0x39C7, 0x39E7, 0x3186, 0x2104,
  0x39C7, 0x39C7, 0x10A2, 0x18E3, 0x1082, 0x0020, 0x0020, 0x0000, 0x0861, 0x0861, 0x0000, 0x0000, 0x0000, 0x0000, 0x0000, 0x0000,
  0x0000, 0x0000, 0x0000, 0x0000, 0x0000, 0x0000, 0x0000, 0x0000, 0x0000, 0x0000, 0x0000, 0x0000, 0x0000, 0x0000, 0x0000, 0x0000,
  0x0000, 0x0000, 0x0000, 0x0000, 0x0000, 0x0000, 0x0000, 0x0000, 0x0000, 0x0000, 0x0000, 0x0000, 0x0000, 0x0000, 0x0000, 0x0000,
  0x0000, 0x0000, 0x0000, 0x0000, 0x0000, 0x0000, 0x0000, 0x0000, 0x0000, 0x0000, 0x0000, 0x0000, 0x0000, 0x0000, 0x0000, 0x0000,
  0x0000, 0x0000, 0x0000, 0x0000, 0x0000, 0x0000, 0x0000, 0x0000, 0x0000, 0x0000, 0x0000, 0x0000, 0x0000, 0x0000, 0x0000, 0x0000,
  0x0000, 0x0000, 0x0000, 0x0000, 0x0000, 0x0841, 0x0020, 0x28E1, 0x9B65, 0xA365, 0x5981, 0x4141, 0x3921, 0x28E1, 0x0840, 0x0020,
  0x0020, 0x18A2, 0x0861, 0x8AE4, 0xF527, 0xE548, 0xBCEB, 0x1860, 0x18A1, 0x0841, 0x0041, 0x0841, 0x0020, 0x0861, 0x52AB, 0x2945,
  0x1082, 0x0841, 0x0841, 0x0020, 0x0841, 0x39C7, 0x39E8, 0xAD76, 0x6B6D, 0x31A6, 0x0020, 0x6B6E, 0xD6BB, 0xB596, 0x4A49, 0x2945,
  0x1082, 0x0020, 0x0000, 0x0020, 0x18E3, 0x39C7, 0x31A7, 0x3186, 0x18C3, 0x0861, 0x0020, 0x0000, 0x0841, 0x10A2, 0x1081, 0x10A2,
  0x0861, 0x0841, 0x0861, 0x0841, 0x0861, 0x0841, 0x0020, 0x0000, 0x0000, 0x0000, 0x0841, 0x52AB, 0x634D, 0x3186, 0x1904, 0x10A2,
  0x0861, 0x0840, 0x0000, 0x0000, 0x0000, 0x31A7, 0x738F, 0x8C51, 0x634D, 0x3A08, 0x31A7, 0x18E4, 0x2104, 0x632D, 0x9CD3, 0x8C72,
  0x94B3, 0x8431, 0x738F, 0x632C, 0x4249, 0x7BF0, 0x7BCF, 0x52AA, 0x5ACB, 0x6B6E, 0x52AB, 0x2945, 0x630C, 0x738E, 0x52CB, 0x2966,
  0x2945, 0x31A6, 0x4228, 0x4A49, 0x39E8, 0x39C7, 0x2945, 0x18C3, 0x0841, 0x0841, 0x0861, 0x18C3, 0x18C3, 0x0861, 0x18C3, 0x2966,
  0x4A6A, 0x4A6A, 0x5ACC, 0x6B4D, 0x4A49, 0x2965, 0x4A6A, 0x31C7, 0x39C7, 0x41E8, 0x18C3, 0x18C3, 0x18C3, 0x10A2, 0x18C3, 0x2104,
  0x18E3, 0x1082, 0x0861, 0x0040, 0x0000, 0x0000, 0x0041, 0x2986, 0x4A49, 0x528A, 0x39E8, 0x3186, 0x3186, 0x2966, 0x3A08, 0x2965,
  0x39E8, 0x31A6, 0x1082, 0x0020, 0x0020, 0x0000, 0x0000, 0x0000, 0x0000, 0x0841, 0x1082, 0x0020, 0x0000, 0x0000, 0x0000, 0x0000,
  0x0000, 0x0000, 0x0000, 0x0000, 0x0000, 0x0000, 0x0000, 0x0000, 0x0000, 0x0000, 0x0000, 0x0000, 0x0000, 0x0000, 0x0000, 0x0000,
  0x0000, 0x0000, 0x0000, 0x0000, 0x0000, 0x0000, 0x0000, 0x0000, 0x0000, 0x0000, 0x0000, 0x0000, 0x0000, 0x0000, 0x0000, 0x0000,
  0x0000, 0x0000, 0x0000, 0x0000, 0x0000, 0x0000, 0x0000, 0x0000, 0x0000, 0x0000, 0x0000, 0x0000, 0x0000, 0x0000, 0x0000, 0x0000,
  0x0000, 0x0000, 0x0000, 0x0000, 0x0000, 0x0000, 0x0000, 0x0000, 0x0000, 0x0000, 0x0000, 0x0000, 0x0000, 0x0000, 0x0000, 0x0000,
  0x0000, 0x0000, 0x0000, 0x0020, 0x0841, 0x0841, 0x0020, 0x28C1, 0xABE6, 0xC447, 0x61E2, 0x5161, 0x4141, 0x3901, 0x1060, 0x0020,
  0x0020, 0x10A2, 0x20C1, 0xD4A7, 0xE4C6, 0xEE4F, 0x51C3, 0x1061, 0x1081, 0x0841, 0x0840, 0x0841, 0x0000, 0x4229, 0x39C7, 0x18C3,
  0x0861, 0x0841, 0x0820, 0x0000, 0x31C7, 0x31A7, 0x8C72, 0x94B3, 0x528A, 0x2104, 0x0841, 0x9492, 0xCE59, 0xA514, 0x39C7, 0x2124,
  0x1082, 0x0020, 0x0000, 0x0020, 0x10A2, 0x2945, 0x2965, 0x2925, 0x18C3, 0x0841, 0x0000, 0x0000, 0x0841, 0x0861, 0x0841, 0x1082,
  0x1082, 0x0841, 0x0841, 0x0020, 0x0841, 0x0020, 0x0000, 0x0000, 0x0000, 0x0021, 0x4229, 0x4229, 0x4208, 0x2104, 0x10A3, 0x1082,
  0x0841, 0x0020, 0x0000, 0x0000, 0x3186, 0x8432, 0x8452, 0x52AB, 0x3186, 0x1082, 0x31A7, 0x4A49, 0x10A3, 0x0020, 0x4229, 0x8C93,
  0xAD76, 0xC639, 0x9492, 0x7BCF, 0x738E, 0x528A, 0x630C, 0x8430, 0x8C51, 0x5ACB, 0x39C7, 0x2125, 0x4A49, 0x39C7, 0x2965, 0x39C7,
  0x52CB, 0x3186, 0x31A6, 0x4229, 0x2124, 0x2124, 0x10A2, 0x0840, 0x0861, 0x0841, 0x0841, 0x18E4, 0x39E8, 0x4229, 0x4229, 0x4229,
  0x5AEC, 0x52AB, 0x5ACB, 0x4A6A, 0x52AB, 0x3A08, 0x52AB, 0x39E8, 0x3186, 0x4208, 0x2124, 0x18E3, 0x18C3, 0x10A2, 0x10A2, 0x10A2,
  0x18C3, 0x1082, 0x0841, 0x0020, 0x0000, 0x0000, 0x1904, 0x4A6A, 0x5B0C, 0x3A08, 0x2945, 0x39C7, 0x2966, 0x39E8, 0x4A8A, 0x2145,
  0x18C3, 0x0861, 0x0020, 0x0020, 0x0000, 0x0000, 0x0861, 0x10A2, 0x10A2, 0x0861, 0x0861, 0x18C3, 0x0000, 0x0000, 0x0000, 0x0000,
  0x0000, 0x0000, 0x0000, 0x0000, 0x0000, 0x0000, 0x0000, 0x0000, 0x0000, 0x0000, 0x0000, 0x0000, 0x0000, 0x0000, 0x0000, 0x0000,
  0x0000, 0x0000, 0x0000, 0x0000, 0x0000, 0x0000, 0x0000, 0x0000, 0x0000, 0x0000, 0x0000, 0x0000, 0x0000, 0x0000, 0x0000, 0x0000,
  0x0000, 0x0000, 0x0000, 0x0000, 0x0000, 0x0000, 0x0000, 0x0000, 0x0000, 0x0000, 0x0000, 0x0000, 0x0000, 0x0000, 0x0000, 0x0000,
  0x0000, 0x0000, 0x0000, 0x0000, 0x0000, 0x0000, 0x0000, 0x0000, 0x0000, 0x0000, 0x0000, 0x0000, 0x0000, 0x0000, 0x0000, 0x0000,
  0x0000, 0x0000, 0x0000, 0x1082, 0x0841, 0x0861, 0x0862, 0x18A1, 0xABC6, 0xE529, 0x82A3, 0x59A1, 0x4961, 0x4141, 0x1881, 0x0020,
  0x0861, 0x0862, 0x6A43, 0xED26, 0xEDAB, 0xB4AB, 0x1840, 0x18A1, 0x0861, 0x0841, 0x0841, 0x0000, 0x31A6, 0x4229, 0x10A2, 0x1082,
  0x0020, 0x0020, 0x0000, 0x18E3, 0x4229, 0x5ACB, 0xBDD7, 0x73AF, 0x4208, 0x10A2, 0x10A2, 0x7BF0, 0xAD56, 0x8C92, 0x3A08, 0x2986,
  0x18C3, 0x0000, 0x0000, 0x0000, 0x1082, 0x2965, 0x39E8, 0x2104, 0x18E3, 0x0841, 0x0000, 0x0000, 0x0841, 0x1082, 0x10A2, 0x1082,
  0x0841, 0x0841, 0x0040, 0x0841, 0x0841, 0x0000, 0x0000, 0x0000, 0x0000, 0x3A08, 0x6B6E, 0x39E8, 0x18E3, 0x18C3, 0x1082, 0x0841,
  0x0020, 0x0000, 0x0000, 0x31A7, 0x8C52, 0x5AEC, 0x632D, 0x2965, 0x0861, 0x52AB, 0x7C11, 0x6B8E, 0x4208, 0x0841, 0x0000, 0x52AA,
  0x8C71, 0xA514, 0xBDD7, 0x9CF4, 0xA514, 0x7BEF, 0x4A49, 0x738E, 0x6B4D, 0x4A49, 0x634D, 0x4208, 0x2965, 0x5AEC, 0x4A6A, 0x4A29,
  0x4229, 0x39E7, 0x2966, 0x18E3, 0x18C3, 0x1082, 0x0841, 0x0841, 0x0020, 0x0882, 0x31A7, 0x5B0C, 0x738E, 0x528A, 0x39C7, 0x4A8A,
  0x5AEC, 0x632D, 0x528A, 0x4A8A, 0x4A49, 0x4A8A, 0x39C7, 0x4A49, 0x31A6, 0x39C7, 0x39E8, 0x2945, 0x31A6, 0x2124, 0x18C3, 0x1082,
  0x1082, 0x0861, 0x0020, 0x0000, 0x0000, 0x10A2, 0x4229, 0x6B4D, 0x4A6A, 0x31A6, 0x3A08, 0x52AB, 0x528A, 0x3186, 0x2945, 0x10A2,
  0x0020, 0x0020, 0x0000, 0x0000, 0x10A2, 0x2945, 0x2945, 0x18C3, 0x1904, 0x18C3, 0x0841, 0x0861, 0x10A2, 0x0020, 0x0000, 0x0000,
  0x0000, 0x0000, 0x0000, 0x0000, 0x0000, 0x0000, 0x0000, 0x0000, 0x0000, 0x0000, 0x0000, 0x0000, 0x0000, 0x0000, 0x0000, 0x0000,
  0x0000, 0x0000, 0x0000, 0x0000, 0x0000, 0x0000, 0x0000, 0x0000, 0x0000, 0x0000, 0x0000, 0x0000, 0x0000, 0x0000, 0x0000, 0x0000,
  0x0000, 0x0000, 0x0000, 0x0000, 0x0000, 0x0000, 0x0000, 0x0000, 0x0000, 0x0000, 0x0000, 0x0000, 0x0000, 0x0000, 0x0000, 0x0000,
  0x0000, 0x0000, 0x0000, 0x0000, 0x0000, 0x0000, 0x0000, 0x0000, 0x0000, 0x0000, 0x0000, 0x0000, 0x0000, 0x0000, 0x0000, 0x0000,
  0x0000, 0x0000, 0x0841, 0x0040, 0x1082, 0x18E4, 0x18E3, 0x18A1, 0x9345, 0xEDEC, 0xABA5, 0x61C1, 0x4961, 0x4121, 0x20A1, 0x0841,
  0x0861, 0x18A1, 0xBC25, 0xED27, 0xF691, 0x51C3, 0x1061, 0x1081, 0x0841, 0x0841, 0x0020, 0x2104, 0x52AB, 0x18C3, 0x10A2, 0x0841,
  0x0020, 0x0000, 0x0000, 0x4229, 0x3186, 0xA514, 0x9CF4, 0x630C, 0x2145, 0x0020, 0x18E3, 0x94B3, 0xA534, 0x8410, 0x4A69, 0x2124,
  0x18C3, 0x0841, 0x0000, 0x0000, 0x0861, 0x2104, 0x2965, 0x2104, 0x1082, 0x0841, 0x0020, 0x0000, 0x0841, 0x10A2, 0x18C2, 0x0861,
  0x0861, 0x0841, 0x0841, 0x0861, 0x0020, 0x0000, 0x0000, 0x0000, 0x2145, 0x5B0C, 0x4A8A, 0x2104, 0x1082, 0x0882, 0x0841, 0x0020,
  0x0020, 0x0000, 0x2124, 0x6B8E, 0x9CF4, 0x632D, 0x2965, 0x0861, 0x634E, 0x8452, 0x634D, 0x4229, 0x39E7, 0x18C3, 0x0000, 0x18C3,
  0x7BCF, 0xAD76, 0xC618, 0x9CD3, 0x8410, 0x94B3, 0x632D, 0x4A69, 0x5ACB, 0x6B4D, 0x7BCF, 0x31A6, 0x39E7, 0x73AF, 0x4A6A, 0x39C7,
  0x31A7, 0x2966, 0x18E4, 0x18C3, 0x1082, 0x10A2, 0x10A2, 0x0000, 0x18C3, 0x4A49, 0x6B6E, 0x8C72, 0x8431, 0x6B6E, 0x528B, 0x31C7,
  0x632D, 0x4A4A, 0x4A6A, 0x4A49, 0x630C, 0x4A49, 0x2945, 0x31C7, 0x18C3, 0x2945, 0x3186, 0x18C3, 0x2945, 0x2104, 0x2104, 0x1082,
  0x0861, 0x0861, 0x0020, 0x0000, 0x0021, 0x31C7, 0x4A6A, 0x4A6A, 0x3186, 0x2125, 0x4229, 0x4229, 0x4208, 0x2945, 0x10A2, 0x0861,
  0x0841, 0x0000, 0x0020, 0x2945, 0x4208, 0x2945, 0x39E8, 0x2145, 0x2124, 0x2124, 0x18C3, 0x0841, 0x0841, 0x10A2, 0x0000, 0x0000,
  0x0000, 0x0000, 0x0000, 0x0000, 0x0000, 0x0000, 0x0000, 0x0000, 0x0000, 0x0000, 0x0000, 0x0000, 0x0000, 0x0000, 0x0000, 0x0000,
  0x0000, 0x0000, 0x0000, 0x0000, 0x0000, 0x0000, 0x0000, 0x0000, 0x0000, 0x0000, 0x0000, 0x0000, 0x0000, 0x0000, 0x0000, 0x0000,
  0x0000, 0x0000, 0x0000, 0x0000, 0x0000, 0x0000, 0x0000, 0x0000, 0x0000, 0x0000, 0x0000, 0x0000, 0x0000, 0x0000, 0x0000, 0x0000,
  0x0000, 0x0000, 0x0000, 0x0000, 0x0000, 0x0000, 0x0000, 0x0000, 0x0000, 0x0000, 0x0000, 0x0000, 0x0000, 0x0000, 0x0000, 0x0000,
  0x0000, 0x0841, 0x0841, 0x1082, 0x18E4, 0x2104, 0x18E3, 0x1082, 0x7A83, 0xF62E, 0xD4E9, 0x7222, 0x4961, 0x3921, 0x20A1, 0x1061,
  0x0041, 0x51A2, 0xED27, 0xFE4E, 0xBCEC, 0x1860, 0x18A1, 0x0841, 0x0841, 0x0820, 0x0861, 0x5ACB, 0x2125, 0x10A2, 0x0861, 0x0841,
  0x0020, 0x0000, 0x2104, 0x2966, 0x6B4D, 0xB5D7, 0x8C51, 0x4229, 0x18C3, 0x0000, 0x2945, 0xAD76, 0x73AE, 0x632D, 0x4A69, 0x39C7,
  0x18E3, 0x0841, 0x0000, 0x0000, 0x0841, 0x18E3, 0x2945, 0x18E3, 0x1082, 0x0841, 0x0000, 0x0000, 0x0841, 0x10A2, 0x1082, 0x0861,
  0x0861, 0x0020, 0x0841, 0x0020, 0x0000, 0x0000, 0x0000, 0x10A3, 0x52CC, 0x4A6A, 0x2125, 0x10A3, 0x0862, 0x0841, 0x0020, 0x0020,
  0x0000, 0x10A2, 0x8C92, 0x7BF0, 0x5AEC, 0x39C7, 0x10A2, 0x4A6A, 0x632D, 0x52AB, 0x5AEC, 0x39C7, 0x31A6, 0x2945, 0x0861, 0x0020,
  0x4A49, 0xA535, 0xAD55, 0xB5B7, 0xA514, 0x9CD3, 0x8431, 0x4A49, 0x4208, 0x5ACB, 0x528A, 0x630C, 0x4228, 0x62EC, 0x4A49, 0x3186,
  0x39A7, 0x2104, 0x10A2, 0x10A2, 0x1081, 0x1082, 0x0841, 0x2986, 0x632D, 0x73AF, 0x8431, 0x8431, 0x8410, 0x7C10, 0x4A8A, 0x18E4,
  0x31A7, 0x5ACB, 0x5AEC, 0x5AEC, 0x52AA, 0x3186, 0x4A29, 0x39E7, 0x10A2, 0x1082, 0x2945, 0x2124, 0x18C3, 0x18C3, 0x18E3, 0x1082,
  0x0841, 0x0841, 0x0000, 0x0000, 0x18E4, 0x52CB, 0x5B0C, 0x3186, 0x3186, 0x2104, 0x39E8, 0x4249, 0x2124, 0x0841, 0x0861, 0x0840,
  0x0000, 0x10C3, 0x4229, 0x31A6, 0x31A6, 0x3186, 0x3186, 0x2104, 0x18C2, 0x2945, 0x2104, 0x0841, 0x0020, 0x0020, 0x18C3, 0x0020,
  0x0000, 0x0000, 0x0000, 0x0000, 0x0000, 0x0000, 0x0000, 0x0000, 0x0000, 0x0000, 0x0000, 0x0000, 0x0000, 0x0000, 0x0000, 0x0000,
  0x0000, 0x0000, 0x0000, 0x0000, 0x0000, 0x0000, 0x0000, 0x0000, 0x0000, 0x0000, 0x0000, 0x0000, 0x0000, 0x0000, 0x0000, 0x0000,
  0x0000, 0x0000, 0x0000, 0x0000, 0x0000, 0x0000, 0x0000, 0x0000, 0x0000, 0x0000, 0x0000, 0x0000, 0x0000, 0x0000, 0x0000, 0x0000,
  0x0000, 0x0000, 0x0000, 0x0000, 0x0000, 0x0000, 0x0000, 0x0000, 0x0000, 0x0000, 0x0000, 0x0000, 0x0000, 0x0000, 0x0000, 0x0020,
  0x10A2, 0x0841, 0x10A2, 0x18C3, 0x18C3, 0x18C3, 0x18C2, 0x0882, 0x4982, 0xEDEC, 0xF64E, 0x8AC3, 0x5181, 0x3921, 0x28E2, 0x10A2,
  0x0841, 0x9B24, 0xFDA8, 0xFEF2, 0x6223, 0x1061, 0x1081, 0x0841, 0x0841, 0x0000, 0x4A69, 0x31A7, 0x10A2, 0x1082, 0x0841, 0x0020,
  0x0020, 0x0020, 0x2124, 0x2966, 0xC639, 0xAD56, 0x6B4D, 0x39E8, 0x10A2, 0x0000, 0x4229, 0xAD55, 0xAD55, 0x632C, 0x4A6A, 0x39C7,
  0x10A2, 0x0861, 0x0000, 0x0000, 0x0841, 0x10A2, 0x2104, 0x10A2, 0x1082, 0x0841, 0x0000, 0x0000, 0x0841, 0x1082, 0x1082, 0x0861,
  0x0841, 0x0841, 0x0840, 0x0000, 0x0000, 0x0000, 0x0841, 0x528B, 0x5AEC, 0x2986, 0x18E3, 0x10A3, 0x0861, 0x0020, 0x0020, 0x0000,
  0x0841, 0x7BCF, 0x9CD3, 0x7BF0, 0x4228, 0x10A2, 0x4A49, 0x7BF0, 0x632D, 0x73AF, 0x73AF, 0x4229, 0x4228, 0x39C7, 0x1082, 0x0020,
  0x18C3, 0x8C51, 0xB5B7, 0xB596, 0xAD55, 0x7BCF, 0x5AEC, 0x5ACB, 0x4228, 0x39E7, 0x73AE, 0x8430, 0x6B4D, 0x39C7, 0x4A49, 0x31A7,
  0x2124, 0x10A2, 0x1082, 0x0841, 0x0861, 0x0841, 0x2945, 0x52AB, 0x5B0C, 0x738E, 0x94B3, 0x7BD0, 0x73AF, 0x52AB, 0x39C7, 0x4A49,
  0x4228, 0x2124, 0x4A49, 0x52AB, 0x5AEB, 0x528A, 0x4208, 0x2125, 0x2945, 0x4208, 0x3186, 0x2965, 0x18E3, 0x18E3, 0x1082, 0x1061,
  0x0020, 0x0020, 0x0000, 0x0841, 0x3A08, 0x5B0D, 0x3A08, 0x39E8, 0x634D, 0x5ACB, 0x39E8, 0x2965, 0x0882, 0x0020, 0x0020, 0x0000,
  0x18C3, 0x4249, 0x4A8A, 0x632C, 0x4A6A, 0x31C7, 0x2945, 0x18E3, 0x18C3, 0x1082, 0x10A2, 0x0841, 0x1082, 0x10A2, 0x0861, 0x18C3,
  0x0000, 0x0000, 0x0000, 0x0000, 0x0000, 0x0000, 0x0000, 0x0000, 0x0000, 0x0000, 0x0000, 0x0000, 0x0000, 0x0000, 0x0000, 0x0000,
  0x0000, 0x0000, 0x0000, 0x0000, 0x0000, 0x0000, 0x0000, 0x0000, 0x0000, 0x0000, 0x0000, 0x0000, 0x0000, 0x0000, 0x0000, 0x0000,
  0x0000, 0x0000, 0x0000, 0x0000, 0x0000, 0x0000, 0x0000, 0x0000, 0x0000, 0x0000, 0x0000, 0x0000, 0x0000, 0x0000, 0x0000, 0x0000,
  0x0000, 0x0000, 0x0000, 0x0000, 0x0000, 0x0000, 0x0000, 0x0000, 0x0000, 0x0000, 0x0000, 0x0000, 0x0000, 0x0000, 0x0000, 0x0861,
  0x0861, 0x18C3, 0x2104, 0x2945, 0x1904, 0x18C3, 0x18A2, 0x10A2, 0x20A1, 0xCCA9, 0xFF31, 0xB3E6, 0x61E2, 0x4141, 0x3102, 0x10A2,
  0x28E1, 0xDC85, 0xFE6E, 0xCD6E, 0x2080, 0x1881, 0x0841, 0x0861, 0x0000, 0x41E7, 0x4A49, 0x18C3, 0x18C3, 0x0841, 0x0020, 0x0020,
  0x0000, 0x0020, 0x0862, 0x7BF0, 0xD6DB, 0x94B3, 0x6B6D, 0x39E7, 0x0861, 0x0020, 0x5AEB, 0x8C51, 0x7BEF, 0x4A49, 0x31A7, 0x2104,
  0x2125, 0x1082, 0x0000, 0x0000, 0x0841, 0x0861, 0x1082, 0x0861, 0x0861, 0x0841, 0x0000, 0x0000, 0x0841, 0x0861, 0x0881, 0x0861,
  0x0841, 0x0841, 0x0000, 0x0000, 0x0000, 0x0020, 0x3A09, 0x632E, 0x4208, 0x10A2, 0x1082, 0x0861, 0x0020, 0x0020, 0x0000, 0x0020,
  0x73AF, 0x7BF0, 0x7BCF, 0x4A6A, 0x18E3, 0x31C7, 0x8411, 0x7BF0, 0x738F, 0x52AB, 0x7BCF, 0x4208, 0x1903, 0x2965, 0x1082, 0x0020,
  0x0020, 0x630C, 0xB596, 0xB596, 0xAD55, 0x7C10, 0x39C7, 0x630C, 0x9492, 0x6B4D, 0x6B6D, 0x6B6E, 0x630C, 0x4A49, 0x39C7, 0x3166,
  0x18E3, 0x1082, 0x0841, 0x0020, 0x0000, 0x2104, 0x4229, 0x6B8E, 0x39E8, 0x31A7, 0x4229, 0x4208, 0x630C, 0x5B0C, 0x5ACB, 0x4A6A,
  0x5ACB, 0x39E7, 0x39C7, 0x31A7, 0x39E7, 0x39C7, 0x18E3, 0x2965, 0x3186, 0x4208, 0x2945, 0x2124, 0x18E3, 0x18C3, 0x1081, 0x0861,
  0x0020, 0x0000, 0x0000, 0x2145, 0x5AEC, 0x5AEC, 0x4A8A, 0x4229, 0x528A, 0x52AB, 0x31A6, 0x18C3, 0x0841, 0x0000, 0x0000, 0x10A2,
  0x4A49, 0x4A49, 0x4A49, 0x632D, 0x630C, 0x39C7, 0x3186, 0x2124, 0x10A2, 0x18E3, 0x2124, 0x18E3, 0x18E3, 0x1081, 0x0020, 0x0841,
  0x0861, 0x0000, 0x0000, 0x0000, 0x0000, 0x0000, 0x0000, 0x0000, 0x0000, 0x0000, 0x0000, 0x0000, 0x0000, 0x0000, 0x0000, 0x0000,
  0x0000, 0x0000, 0x0000, 0x0000, 0x0000, 0x0000, 0x0000, 0x0000, 0x0000, 0x0000, 0x0000, 0x0000, 0x0000, 0x0000, 0x0000, 0x0000,
  0x0000, 0x0000, 0x0000, 0x0000, 0x0000, 0x0000, 0x0000, 0x0000, 0x0000, 0x0000, 0x0000, 0x0000, 0x0000, 0x0000, 0x0000, 0x0000,
  0x0000, 0x0000, 0x0000, 0x0000, 0x0000, 0x0000, 0x0000, 0x0000, 0x0000, 0x0000, 0x0000, 0x0000, 0x0000, 0x0000, 0x0841, 0x0861,
  0x18E3, 0x3186, 0x2966, 0x31A7, 0x31A7, 0x2104, 0x18E4, 0x18C2, 0x1061, 0x9B66, 0xFF73, 0xDD4A, 0x7A42, 0x4941, 0x3122, 0x0862,
  0x7A83, 0xFD88, 0xFF33, 0x72C5, 0x1040, 0x1061, 0x0861, 0x0000, 0x3165, 0x5ACB, 0x18E3, 0x18E4, 0x0861, 0x0020, 0x0000, 0x0020,
  0x0000, 0x0000, 0x39C7, 0xC618, 0xD69A, 0x94B3, 0x630C, 0x2124, 0x0840, 0x0020, 0x5AEC, 0x94B3, 0x630C, 0x4208, 0x2104, 0x2945,
  0x2965, 0x18C3, 0x0020, 0x0000, 0x0020, 0x0841, 0x0861, 0x1082, 0x0861, 0x0840, 0x0000, 0x0000, 0x0861, 0x1082, 0x0861, 0x0841,
  0x0841, 0x0020, 0x0000, 0x0000, 0x0000, 0x2987, 0x632E, 0x424A, 0x1904, 0x10A2, 0x0841, 0x0841, 0x0840, 0x0020, 0x0000, 0x31C7,
  0x94B3, 0x7C10, 0x4228, 0x2104, 0x2125, 0x73CF, 0x8C52, 0x8C72, 0x632D, 0x4228, 0x8410, 0x5B0C, 0x4A69, 0x2986, 0x10A2, 0x0000,
  0x0000, 0x2966, 0x9CF4, 0xAD55, 0x94B2, 0x8430, 0x5AEB, 0x630C, 0x6B4D, 0x4A49, 0x738E, 0x8410, 0x5AEC, 0x39E7, 0x2965, 0x2945,
  0x18C3, 0x0841, 0x0020, 0x0000, 0x18E4, 0x4A4A, 0x632D, 0x73AF, 0x4A6A, 0x4229, 0x4228, 0x2945, 0x52AA, 0x4208, 0x3186, 0x2145,
  0x39C7, 0x4229, 0x39E7, 0x2965, 0x18E3, 0x3186, 0x2965, 0x2945, 0x2124, 0x18C3, 0x2104, 0x2124, 0x1082, 0x10A2, 0x1082, 0x0841,
  0x0020, 0x0000, 0x0862, 0x4A6A, 0x73AF, 0x4A49, 0x4A6A, 0x4A6A, 0x3A08, 0x2945, 0x2104, 0x1082, 0x0020, 0x0000, 0x0882, 0x5AEC,
  0x4229, 0x7C10, 0x4A49, 0x4229, 0x4A49, 0x39C7, 0x18E3, 0x18E3, 0x10A2, 0x4208, 0x39C7, 0x18E3, 0x18C3, 0x1082, 0x0861, 0x0000,
  0x0841, 0x18C3, 0x0000, 0x0000, 0x0000, 0x0000, 0x0000, 0x0000, 0x0000, 0x0000, 0x0000, 0x0000, 0x0000, 0x0000, 0x0000, 0x0000,
  0x0000, 0x0000, 0x0000, 0x0000, 0x0000, 0x0000, 0x0000, 0x0000, 0x0000, 0x0000, 0x0000, 0x0000, 0x0000, 0x0000, 0x0000, 0x0000,
  0x0000, 0x0000, 0x0000, 0x0000, 0x0000, 0x0000, 0x0000, 0x0000, 0x0000, 0x0000, 0x0000, 0x0000, 0x0000, 0x0000, 0x0000, 0x0000,
  0x0000, 0x0000, 0x0000, 0x0000, 0x0000, 0x0000, 0x0000, 0x0000, 0x0000, 0x0000, 0x0000, 0x0000, 0x0000, 0x0882, 0x10A2, 0x2104,
  0x2925, 0x2966, 0x2945, 0x2945, 0x2945, 0x2104, 0x2104, 0x2104, 0x10A3, 0x6A43, 0xFF12, 0xF690, 0x92C3, 0x4141, 0x20E2, 0x20A1,
  0xC404, 0xFE6E, 0xDE31, 0x30E0, 0x1081, 0x0861, 0x0020, 0x10A2, 0x5ACB, 0x18E3, 0x2125, 0x10A2, 0x0841, 0x0020, 0x0020, 0x0000,
  0x0000, 0x2124, 0x73CF, 0xCE7A, 0xC638, 0x8C72, 0x52AB, 0x10C2, 0x0000, 0x0841, 0x6B4D, 0x8411, 0x738E, 0x31A7, 0x2104, 0x39C6,
  0x2944, 0x18E3, 0x0040, 0x0000, 0x0020, 0x0841, 0x1082, 0x1081, 0x0861, 0x0020, 0x0000, 0x0000, 0x0861, 0x1082, 0x0861, 0x0841,
  0x0020, 0x0000, 0x0000, 0x0000, 0x2966, 0x6B6E, 0x4A8B, 0x2986, 0x18C3, 0x0861, 0x0020, 0x0020, 0x0020, 0x0000, 0x31A7, 0x7BD0,
  0x6B6E, 0x4A8A, 0x2945, 0x0861, 0x634D, 0x8451, 0x9CD3, 0x73AF, 0x73CF, 0xA515, 0x6B6E, 0x4A49, 0x5ACB, 0x2104, 0x18E3, 0x0840,
  0x0000, 0x10A2, 0x7BF0, 0xAD55, 0x9492, 0x5AEB, 0x4A49, 0xA514, 0x94B2, 0x5AEB, 0x52AA, 0x632C, 0x4A49, 0x2945, 0x2124, 0x18C3,
  0x1082, 0x0841, 0x0020, 0x1082, 0x630D, 0x8431, 0x8C92, 0x5ACB, 0x5AEC, 0x4A6A, 0x4A6A, 0x4228, 0x4A6A, 0x2104, 0x4208, 0x39C7,
  0x31A7, 0x4208, 0x2104, 0x4A6A, 0x3186, 0x3186, 0x39C7, 0x39E8, 0x39C7, 0x39C7, 0x18E3, 0x18C3, 0x10A2, 0x0862, 0x0841, 0x0020,
  0x0000, 0x0000, 0x3186, 0x5AEC, 0x5B0C, 0x3186, 0x39C7, 0x39E8, 0x2104, 0x18E4, 0x0882, 0x0000, 0x0000, 0x0020, 0x4229, 0x73AF,
  0x6B6E, 0x4A49, 0x5ACB, 0x4A49, 0x39C7, 0x1082, 0x2986, 0x2986, 0x18E3, 0x3186, 0x2104, 0x1082, 0x2965, 0x10A2, 0x0861, 0x0841,
  0x0000, 0x10A2, 0x1082, 0x0000, 0x0000, 0x0000, 0x0000, 0x0000, 0x0000, 0x0000, 0x0000, 0x0000, 0x0000, 0x0000, 0x0000, 0x0000,
  0x0000, 0x0000, 0x0000, 0x0000, 0x0000, 0x0000, 0x0000, 0x0000, 0x0000, 0x0000, 0x0000, 0x0000, 0x0000, 0x0000, 0x0000, 0x0000,
  0x0000, 0x0000, 0x0000, 0x0000, 0x0000, 0x0000, 0x0000, 0x0000, 0x0000, 0x0000, 0x0000, 0x0000, 0x0000, 0x0000, 0x0000, 0x0000,
  0x0000, 0x0000, 0x0000, 0x0000, 0x0000, 0x0000, 0x0000, 0x0000, 0x0000, 0x0000, 0x0000, 0x0000, 0x0841, 0x1082, 0x2104, 0x3166,
  0x39E8, 0x39C7, 0x4208, 0x528B, 0x5AEC, 0x4249, 0x4A4A, 0x4208, 0x2104, 0x3942, 0xE5CD, 0xFF53, 0xAB85, 0x4941, 0x1081, 0x61E2,
  0xF526, 0xFF54, 0x93A8, 0x1040, 0x1081, 0x0861, 0x0840, 0x52AA, 0x2124, 0x18C3, 0x18E3, 0x0841, 0x0020, 0x0000, 0x0020, 0x0000,
  0x39E8, 0x4A6A, 0x8C51, 0xE73D, 0xB596, 0x6B6D, 0x4208, 0x0861, 0x0020, 0x1082, 0x738E, 0xA514, 0x5AEC, 0x3186, 0x31A6, 0x630B,
  0x2124, 0x18C3, 0x0020, 0x0000, 0x0000, 0x0841, 0x0861, 0x0861, 0x0841, 0x0020, 0x0000, 0x0020, 0x0861, 0x0861, 0x0841, 0x0820,
  0x0000, 0x0000, 0x0000, 0x10A2, 0x5ACC, 0x632D, 0x31A7, 0x18C3, 0x1082, 0x0020, 0x0020, 0x0000, 0x0000, 0x3186, 0x9CD4, 0x7C10,
  0x4A49, 0x31A7, 0x0841, 0x52AB, 0x8431, 0xAD55, 0xC639, 0x6B4E, 0x7BF0, 0x73CF, 0x4A69, 0x31A6, 0x39C7, 0x2965, 0x18E3, 0x0861,
  0x0000, 0x0841, 0x5ACB, 0xA535, 0x9CD3, 0x4A69, 0x9D14, 0x8C72, 0x73AE, 0x52AA, 0x2986, 0x52AA, 0x4228, 0x2124, 0x18E3, 0x1082,
  0x0841, 0x0020, 0x0861, 0x4A6A, 0x6B6E, 0x8411, 0x7BCF, 0x632D, 0x5ACB, 0x4249, 0x4A6A, 0x528A, 0x4228, 0x4208, 0x4A49, 0x39C7,
  0x528A, 0x3186, 0x2124, 0x2145, 0x18C3, 0x2945, 0x39C7, 0x2965, 0x2965, 0x2945, 0x18E4, 0x10A2, 0x1082, 0x0861, 0x0841, 0x0000,
  0x0000, 0x10A2, 0x4A6A, 0x6B8F, 0x5AEC, 0x39C7, 0x4A8A, 0x18E3, 0x18C3, 0x10A2, 0x0841, 0x0000, 0x0020, 0x2104, 0x6B4D, 0x9CF4,
  0x52AA, 0x4A49, 0x7BD0, 0x4229, 0x18E3, 0x2104, 0x4A8A, 0x39C7, 0x18C3, 0x2124, 0x18C3, 0x18E3, 0x18E3, 0x1082, 0x1082, 0x0861,
  0x0861, 0x0000, 0x0841, 0x10A2, 0x0000, 0x0000, 0x0000, 0x0000, 0x0000, 0x0000, 0x0000, 0x0000, 0x0000, 0x0000, 0x0000, 0x0000,
  0x0000, 0x0000, 0x0000, 0x0000, 0x0000, 0x0000, 0x0000, 0x0000, 0x0000, 0x0000, 0x0000, 0x0000, 0x0000, 0x0000, 0x0000, 0x0000,
  0x0000, 0x0000, 0x0000, 0x0000, 0x0000, 0x0000, 0x0000, 0x0000, 0x0000, 0x0000, 0x0000, 0x0000, 0x0000, 0x0000, 0x0000, 0x0000,
  0x0000, 0x0000, 0x0000, 0x0000, 0x0000, 0x0000, 0x0000, 0x0000, 0x0000, 0x0000, 0x0000, 0x0841, 0x1082, 0x3186, 0x5AEC, 0x5ACC,
  0x7BD0, 0x52AB, 0x4A6A, 0x4209, 0x4229, 0x3186, 0x31A7, 0x2965, 0x2124, 0x18A2, 0xB407, 0xFF93, 0xD4C8, 0x5181, 0x20A1, 0xC3E4,
  0xFE2D, 0xEEF4, 0x4141, 0x1061, 0x1081, 0x0000, 0x4A49, 0x39C7, 0x1082, 0x2945, 0x1082, 0x0020, 0x0000, 0x0020, 0x0000, 0x4229,
  0x634E, 0x4249, 0xB596, 0xAD76, 0xA535, 0x8C72, 0x31A7, 0x0020, 0x0841, 0x1082, 0x8411, 0x7BCF, 0x4228, 0x31A6, 0x2945, 0x18C3,
  0x1904, 0x1903, 0x0841, 0x0000, 0x0000, 0x0020, 0x0841, 0x0861, 0x0020, 0x0000, 0x0000, 0x0841, 0x1081, 0x0841, 0x0020, 0x0020,
  0x0000, 0x0000, 0x0841, 0x5AEC, 0x6B6E, 0x31A7, 0x18E3, 0x0861, 0x0020, 0x0020, 0x0020, 0x0000, 0x18E3, 0x73CF, 0x9492, 0x4A6A,
  0x2966, 0x0841, 0x2145, 0x73AF, 0x4208, 0xAD76, 0x9492, 0x4A6A, 0x52CB, 0x8452, 0x7BF0, 0x4A49, 0x4208, 0x31A7, 0x2104, 0x1082,
  0x0000, 0x0000, 0x2965, 0x9492, 0x630C, 0x6B6D, 0x8C51, 0x6B6D, 0x7BEF, 0x5AEC, 0x3186, 0x4A69, 0x39E7, 0x2124, 0x1081, 0x0841,
  0x0020, 0x0000, 0x31A7, 0x73AF, 0x632D, 0x6B6E, 0xC639, 0x8410, 0x632D, 0x52CB, 0x632D, 0x5ACB, 0x528A, 0x4208, 0x31A7, 0x5AAB,
  0x528A, 0x2124, 0x3186, 0x2124, 0x2986, 0x2945, 0x2125, 0x3186, 0x2986, 0x2104, 0x10A2, 0x1082, 0x1062, 0x0841, 0x0020, 0x0000,
  0x0020, 0x31A7, 0x4229, 0x52AB, 0x630C, 0x3186, 0x2945, 0x18C3, 0x18C3, 0x1082, 0x0000, 0x0000, 0x0841, 0x39E8, 0x630C, 0x8431,
  0x2965, 0x528A, 0x6B4D, 0x31A6, 0x31A6, 0x4208, 0x52AA, 0x2945, 0x2965, 0x2104, 0x31A7, 0x1082, 0x1082, 0x2104, 0x0841, 0x0841,
  0x0861, 0x0861, 0x0000, 0x18C3, 0x0841, 0x0000, 0x0000, 0x0000, 0x0000, 0x0000, 0x0000, 0x0000, 0x0000, 0x0000, 0x0000, 0x0000,
  0x0000, 0x0000, 0x0000, 0x0000, 0x0000, 0x0000, 0x0000, 0x0000, 0x0000, 0x0000, 0x0000, 0x0000, 0x0000, 0x0000, 0x0000, 0x0000,
  0x0000, 0x0000, 0x0000, 0x0000, 0x0000, 0x0000, 0x0000, 0x0000, 0x0000, 0x0000, 0x0000, 0x0000, 0x0000, 0x0000, 0x0000, 0x0000,
  0x0000, 0x0000, 0x0000, 0x0000, 0x0000, 0x0000, 0x0000, 0x0000, 0x0000, 0x0000, 0x0841, 0x1082, 0x2945, 0x4A49, 0x528B, 0x4A49,
  0x4229, 0x39C7, 0x2966, 0x2125, 0x31A7, 0x2945, 0x2945, 0x2124, 0x2104, 0x0841, 0x6A43, 0xFF32, 0xF60D, 0x61E1, 0x61E2, 0xF547,
  0xFF34, 0xB4AC, 0x1860, 0x1081, 0x0000, 0x39C7, 0x4A69, 0x0861, 0x2104, 0x2124, 0x0841, 0x0020, 0x0020, 0x0000, 0x3186, 0x7C11,
  0x4229, 0x4A49, 0xC618, 0xC618, 0xAD96, 0x73AF, 0x2965, 0x0841, 0x0861, 0x18C3, 0x94B3, 0x8410, 0x630C, 0x4228, 0x3186, 0x2104,
  0x18C3, 0x18C3, 0x0841, 0x0000, 0x0000, 0x0020, 0x0020, 0x0841, 0x0020, 0x0000, 0x0000, 0x0841, 0x0861, 0x0020, 0x0000, 0x0000,
  0x0000, 0x0020, 0x3A09, 0x52AB, 0x4A8A, 0x18C3, 0x10A2, 0x0841, 0x0000, 0x0020, 0x0000, 0x0841, 0x632D, 0x9492, 0x6B4D, 0x3186,
  0x0861, 0x0000, 0x634E, 0x4A6A, 0x4208, 0xAD96, 0x8431, 0x6B8E, 0x3A08, 0x7BF0, 0x5B0C, 0x3186, 0x31A6, 0x2965, 0x18C3, 0x0861,
  0x0000, 0x0000, 0x10A2, 0x6B4D, 0x5AEC, 0x8C51, 0x4228, 0x6B4D, 0xAD96, 0x630C, 0x4A69, 0x39E7, 0x2945, 0x18E3, 0x0861, 0x0020,
  0x0000, 0x18C3, 0x632D, 0x7BCF, 0x39E7, 0x2104, 0x73AF, 0x73AF, 0x528A, 0x4208, 0x39C7, 0x31A6, 0x4228, 0x31A7, 0x4208, 0x39E7,
  0x2124, 0x1904, 0x4228, 0x31A6, 0x2104, 0x2125, 0x2104, 0x20E3, 0x18E3, 0x18C3, 0x1082, 0x1081, 0x0861, 0x0840, 0x0000, 0x0000,
  0x18C3, 0x52CB, 0x2124, 0x10A2, 0x39E8, 0x2945, 0x18C3, 0x18E3, 0x1082, 0x0841, 0x0000, 0x0000, 0x2104, 0x632D, 0x632D, 0x4A49,
  0x5AEC, 0x528A, 0x4208, 0x2945, 0x4208, 0x31A6, 0x2104, 0x2945, 0x2965, 0x18E3, 0x2966, 0x39C7, 0x1082, 0x10A2, 0x0841, 0x1082,
  0x0861, 0x0861, 0x0020, 0x0000, 0x18E3, 0x0020, 0x0000, 0x0000, 0x0000, 0x0000, 0x0000, 0x0000, 0x0000, 0x0000, 0x0000, 0x0000,
  0x0000, 0x0000, 0x0000, 0x0000, 0x0000, 0x0000, 0x0000, 0x0000, 0x0000, 0x0000, 0x0000, 0x0000, 0x0000, 0x0000, 0x0000, 0x0000,
  0x0000, 0x0000, 0x0000, 0x0000, 0x0000, 0x0000, 0x0000, 0x0000, 0x0000, 0x0000, 0x0000, 0x0000, 0x0000, 0x0000, 0x0000, 0x0000,
  0x0000, 0x0000, 0x0000, 0x0000, 0x0000, 0x0000, 0x0000, 0x0000, 0x0000, 0x0841, 0x0861, 0x20E4, 0x39C7, 0x39E8, 0x2966, 0x39C7,
  0x4229, 0x39C7, 0x2945, 0x2966, 0x2966, 0x2966, 0x2104, 0x18E3, 0x18C2, 0x0882, 0x3921, 0xEE2F, 0xFF11, 0x7A42, 0xAB84, 0xFDEA,
  0xFF55, 0x59E2, 0x1061, 0x0820, 0x2104, 0x62EB, 0x10A2, 0x1082, 0x2125, 0x10A2, 0x0020, 0x0020, 0x0000, 0x2966, 0x73D0, 0x634E,
  0x31A7, 0x4A6A, 0xAD56, 0xC618, 0xAD76, 0x632C, 0x31A6, 0x0861, 0x10A2, 0x2104, 0x9CD3, 0x4208, 0x4A8A, 0x4208, 0x18E3, 0x18E3,
  0x10A2, 0x0861, 0x0841, 0x0000, 0x0000, 0x0020, 0x0020, 0x0020, 0x0020, 0x0000, 0x0000, 0x0841, 0x0861, 0x0020, 0x0000, 0x0000,
  0x0000, 0x2986, 0x73AF, 0x4A8A, 0x1904, 0x1082, 0x0841, 0x0020, 0x0020, 0x0000, 0x0000, 0x4208, 0x7BF0, 0x5AEC, 0x39E7, 0x10A2,
  0x0000, 0x18E3, 0x6B6E, 0x10A2, 0x5ACB, 0xBE19, 0xB5D8, 0x4A6A, 0x2966, 0x8451, 0x738E, 0x31A6, 0x2965, 0x1904, 0x18E3, 0x10A2,
  0x0000, 0x0000, 0x1082, 0x3186, 0x5AAA, 0xAD13, 0xA4F3, 0x8C72, 0x9CF3, 0x738E, 0x4228, 0x2945, 0x18A3, 0x10A2, 0x0841, 0x0000,
  0x0000, 0x4209, 0x7BD0, 0x4249, 0x18C3, 0x0020, 0x39E7, 0x52AB, 0x2124, 0x2965, 0x4208, 0x4208, 0x4249, 0x2965, 0x2124, 0x2124,
  0x18C3, 0x39C7, 0x3186, 0x2124, 0x2125, 0x2104, 0x2104, 0x10A2, 0x1082, 0x1081, 0x1082, 0x0861, 0x0841, 0x0020, 0x0000, 0x0020,
  0x2966, 0x5B0C, 0x528A, 0x2945, 0x3186, 0x18E3, 0x10C3, 0x1082, 0x0841, 0x0000, 0x0000, 0x0841, 0x39E8, 0x73AF, 0xA535, 0x630C,
  0x39E8, 0x4208, 0x2945, 0x4A49, 0x5AEC, 0x3186, 0x2945, 0x2925, 0x39E8, 0x18E3, 0x1082, 0x2124, 0x10A2, 0x18E3, 0x2104, 0x1082,
  0x1082, 0x10A2, 0x0841, 0x0000, 0x0000, 0x0861, 0x0000, 0x0000, 0x0000, 0x0000, 0x0000, 0x0000, 0x0000, 0x0000, 0x0000, 0x0000,
  0x0000, 0x0000, 0x0000, 0x0000, 0x0000, 0x0000, 0x0000, 0x0000, 0x0000, 0x0000, 0x0000, 0x0000, 0x0000, 0x0000, 0x0000, 0x0000,
  0x0000, 0x0000, 0x0000, 0x0000, 0x0000, 0x0000, 0x0000, 0x0000, 0x0000, 0x0000, 0x0000, 0x0000, 0x0000, 0x0000, 0x0000, 0x0000,
  0x0000, 0x0000, 0x0000, 0x0000, 0x0000, 0x0000, 0x0000, 0x0000, 0x0000, 0x18C3, 0x18A3, 0x39C7, 0x31A7, 0x4A4A, 0x4A4A, 0x4209,
  0x4A8A, 0x39C8, 0x39C7, 0x31A7, 0x3186, 0x2125, 0x18E4, 0x10A2, 0x18C3, 0x10A2, 0x1881, 0xBCA9, 0xF6B0, 0x8AA2, 0xE4E5, 0xFED0,
  0xCD8F, 0x2880, 0x1061, 0x1061, 0x62EB, 0x20E4, 0x10A2, 0x10A2, 0x2104, 0x0841, 0x0020, 0x0000, 0x2104, 0x7C10, 0x632D, 0x6B8E,
  0x2945, 0x5B0C, 0xB5B7, 0xAD96, 0x9492, 0x8C51, 0x2965, 0x0841, 0x0841, 0x2945, 0x52AB, 0x632C, 0x39E8, 0x2125, 0x10A2, 0x2104,
  0x18C3, 0x10C2, 0x1082, 0x0000, 0x0000, 0x0000, 0x0020, 0x0020, 0x0000, 0x0000, 0x0020, 0x0841, 0x0020, 0x0000, 0x0000, 0x0000,
  0x2145, 0x5AEC, 0x52AB, 0x31C7, 0x10A3, 0x0841, 0x0020, 0x0000, 0x0020, 0x0000, 0x2945, 0x6B4E, 0x73AE, 0x52AA, 0x10A2, 0x0020,
  0x0000, 0x4249, 0x634D, 0x0882, 0x39E7, 0xA535, 0x94B3, 0x7BF0, 0x9492, 0x7BD0, 0x630C, 0x3186, 0x2945, 0x3186, 0x18C3, 0x18C3,
  0x0841, 0x0000, 0x0841, 0x2924, 0x734D, 0xA4D1, 0xCE17, 0x9CF3, 0x8410, 0x738E, 0x4A49, 0x18E3, 0x10A2, 0x0861, 0x0040, 0x0000,
  0x18E4, 0x6B8E, 0xA535, 0x528A, 0x2124, 0x31A6, 0x528A, 0x2124, 0x2124, 0x528A, 0x39E8, 0x31A6, 0x2124, 0x31A6, 0x2124, 0x2124,
  0x18E3, 0x2945, 0x2124, 0x1904, 0x3165, 0x5AA9, 0x2104, 0x10A2, 0x0861, 0x10A2, 0x0861, 0x0861, 0x0841, 0x0000, 0x0000, 0x10A3,
  0x31A7, 0x2966, 0x3186, 0x2125, 0x2966, 0x18E3, 0x1082, 0x0861, 0x0000, 0x0000, 0x0000, 0x2125, 0x6B4E, 0x6B6E, 0x73AF, 0x4A69,
  0x2124, 0x2125, 0x4A69, 0x4228, 0x39E7, 0x4208, 0x3186, 0x2104, 0x2945, 0x10A2, 0x1082, 0x18C3, 0x18C3, 0x2965, 0x18E3, 0x10A2,
  0x1082, 0x0861, 0x0841, 0x0840, 0x0000, 0x0020, 0x10A2, 0x0000, 0x0000, 0x0000, 0x0000, 0x0000, 0x0000, 0x0000, 0x0000, 0x0000,
  0x0000, 0x0000, 0x0000, 0x0000, 0x0000, 0x0000, 0x0000, 0x0000, 0x0000, 0x0000, 0x0000, 0x0000, 0x0000, 0x0000, 0x0000, 0x0000,
  0x0000, 0x0000, 0x0000, 0x0000, 0x0000, 0x0000, 0x0000, 0x0000, 0x0000, 0x0000, 0x0000, 0x0000, 0x0000, 0x0000, 0x0000, 0x0000,
  0x0000, 0x0000, 0x0000, 0x0000, 0x0000, 0x0000, 0x0000, 0x0000, 0x1082, 0x0861, 0x2965, 0x39E7, 0x4A4A, 0x528A, 0x4A6A, 0x31A7,
  0x4A6A, 0x4229, 0x4209, 0x3A08, 0x2966, 0x2945, 0x18C3, 0x18C3, 0x18C3, 0x18C2, 0x0861, 0x72A4, 0xDD6B, 0xB384, 0xFDC8, 0xFF95,
  0x8305, 0x1060, 0x0820, 0x5ACA, 0x3165, 0x0841, 0x0861, 0x2124, 0x18C3, 0x0020, 0x0000, 0x0861, 0x73D0, 0x4229, 0x52AB, 0x632D,
  0x2125, 0x73CF, 0xBDF8, 0xC639, 0xA535, 0x8410, 0x2104, 0x0020, 0x0020, 0x2965, 0x6B4D, 0x8C51, 0x6B4D, 0x18E3, 0x18C3, 0x18C3,
  0x10A2, 0x10A2, 0x0861, 0x0000, 0x0000, 0x0000, 0x0020, 0x0000, 0x0000, 0x0000, 0x0841, 0x0841, 0x0000, 0x0000, 0x0000, 0x1082,
  0x5AEC, 0x632D, 0x4229, 0x18E4, 0x0861, 0x0020, 0x0020, 0x0000, 0x0000, 0x18C3, 0x5AEC, 0x634D, 0x39E8, 0x18E3, 0x0841, 0x0000,
  0x0841, 0x73D0, 0x7C10, 0x18C3, 0x5AEC, 0xBE18, 0x8431, 0x738E, 0x738F, 0x2986, 0x2965, 0x2104, 0x3186, 0x31A6, 0x18E3, 0x10A2,
  0x0861, 0x0000, 0x0020, 0x2124, 0x738D, 0xAD13, 0xAD13, 0x8C51, 0x73AF, 0x4A69, 0x31A6, 0x2104, 0x18C3, 0x0841, 0x0000, 0x0000,
  0x39C8, 0x9CF3, 0xB596, 0x8410, 0x7BEF, 0x5ACB, 0x4A49, 0x31A6, 0x4A8A, 0x4249, 0x31A7, 0x2945, 0x1082, 0x39E8, 0x2104, 0x10A2,
  0x1082, 0x2965, 0x2965, 0x18C3, 0x2104, 0x0861, 0x1082, 0x10A2, 0x10A2, 0x0861, 0x0861, 0x0841, 0x0020, 0x0000, 0x0000, 0x18E3,
  0x39C7, 0x39C7, 0x39E7, 0x2965, 0x18C3, 0x0882, 0x0861, 0x0020, 0x0000, 0x0000, 0x0020, 0x4229, 0x73AF, 0x52AA, 0x39C7, 0x630C,
  0x31A7, 0x2104, 0x4228, 0x2145, 0x39C7, 0x3186, 0x2124, 0x39C7, 0x1082, 0x2104, 0x2104, 0x10A2, 0x2124, 0x10A2, 0x18E3, 0x10A2,
  0x0841, 0x0020, 0x0841, 0x0861, 0x0841, 0x0020, 0x0861, 0x0861, 0x0000, 0x0000, 0x0000, 0x0000, 0x0000, 0x0000, 0x0000, 0x0000,
  0x0000, 0x0000, 0x0000, 0x0000, 0x0000, 0x0000, 0x0000, 0x0000, 0x0000, 0x0000, 0x0000, 0x0000, 0x0000, 0x0000, 0x0000, 0x0000,
  0x0000, 0x0000, 0x0000, 0x0000, 0x0000, 0x0000, 0x0000, 0x0000, 0x0000, 0x0000, 0x0000, 0x0000, 0x0000, 0x0000, 0x0000, 0x0000,
  0x0000, 0x0000, 0x0000, 0x0000, 0x0000, 0x0000, 0x0000, 0x1082, 0x0882, 0x2104, 0x4229, 0x6B4E, 0x73AF, 0x6B6E, 0x630D, 0x4208,
  0x528B, 0x4229, 0x39E8, 0x5AEC, 0x4A49, 0x39E8, 0x2104, 0x2104, 0x18C3, 0x10A2, 0x0041, 0x2901, 0xB3C5, 0xED06, 0xFED1, 0xE693,
  0x3920, 0x0020, 0x5269, 0x4A48, 0x0841, 0x0861, 0x0861, 0x2145, 0x0861, 0x0020, 0x0000, 0x632D, 0x634E, 0x10A2, 0x52CC, 0x4A8B,
  0x2125, 0x8431, 0xC639, 0xB5B7, 0x9492, 0x6B6E, 0x18E3, 0x0020, 0x0000, 0x2965, 0xA514, 0x5ACB, 0x4208, 0x2965, 0x18C3, 0x10A2,
  0x18C3, 0x10A2, 0x10A2, 0x0020, 0x0000, 0x0000, 0x0000, 0x0000, 0x0000, 0x0020, 0x0840, 0x0000, 0x0000, 0x0000, 0x0000, 0x4229,
  0x5AEC, 0x39C7, 0x2945, 0x0861, 0x0020, 0x0020, 0x0000, 0x0000, 0x0020, 0x4229, 0x94B3, 0x5B0C, 0x18C3, 0x0841, 0x0020, 0x0000,
  0x2125, 0x8431, 0x8452, 0x4A8A, 0x94D3, 0x9CF4, 0x73CF, 0x73CF, 0x6B6E, 0x2945, 0x3186, 0x2966, 0x2965, 0x2965, 0x18C3, 0x1082,
  0x0841, 0x0000, 0x0000, 0x10A2, 0x4A69, 0x6B6D, 0x62EB, 0x632D, 0x632C, 0x4208, 0x31A6, 0x2124, 0x0861, 0x0020, 0x0000, 0x1082,
  0x4A6A, 0x8C71, 0x7BEF, 0x73AE, 0x632C, 0x3186, 0x3186, 0x4A49, 0x4228, 0x2966, 0x2104, 0x2965, 0x2104, 0x2104, 0x10A2, 0x18C3,
  0x0841, 0x2945, 0x18E3, 0x1082, 0x18E3, 0x18C3, 0x2104, 0x1082, 0x10A2, 0x1082, 0x0841, 0x0020, 0x0000, 0x0000, 0x0841, 0x3186,
  0x4208, 0x3186, 0x2945, 0x2104, 0x1082, 0x0861, 0x0841, 0x0000, 0x0000, 0x0000, 0x18C3, 0x4A49, 0x6B8E, 0x4A69, 0x39E7, 0x2124,
  0x39E7, 0x2104, 0x4228, 0x3186, 0x4208, 0x2124, 0x18A2, 0x2104, 0x10A2, 0x3186, 0x39E8, 0x10A3, 0x2124, 0x2104, 0x18C3, 0x0861,
  0x0020, 0x0841, 0x0861, 0x1082, 0x0861, 0x0020, 0x0000, 0x1082, 0x1082, 0x0000, 0x0000, 0x0000, 0x0000, 0x0000, 0x0000, 0x0000,
  0x0000, 0x0000, 0x0000, 0x0000, 0x0000, 0x0000, 0x0000, 0x0000, 0x0000, 0x0000, 0x0000, 0x0000, 0x0000, 0x0000, 0x0000, 0x0000,
  0x0000, 0x0000, 0x0000, 0x0000, 0x0000, 0x0000, 0x0000, 0x0000, 0x0000, 0x0000, 0x0000, 0x0000, 0x0000, 0x0000, 0x0000, 0x0000,
  0x0000, 0x0000, 0x0000, 0x0000, 0x0000, 0x0000, 0x0000, 0x0841, 0x10A3, 0x31A7, 0x31A6, 0x4229, 0x5AEC, 0x4208, 0x4208, 0x39E8,
  0x31A7, 0x52AB, 0x738F, 0x9492, 0x4249, 0x4229, 0x2945, 0x18C3, 0x10A2, 0x1082, 0x0841, 0x0840, 0xB3E5, 0xFDE9, 0xFFB9, 0xA409,
  0x0000, 0x31A5, 0x6B0B, 0x0841, 0x0861, 0x0020, 0x18C3, 0x2104, 0x0020, 0x0000, 0x4249, 0x8411, 0x2145, 0x18C3, 0x634E, 0x4A6A,
  0x2125, 0x73CF, 0xBDF8, 0xA535, 0x9492, 0x7BEF, 0x18C3, 0x0841, 0x0000, 0x4228, 0xB576, 0x5ACB, 0x3186, 0x3186, 0x18C3, 0x10A2,
  0x18C3, 0x10A2, 0x1082, 0x0841, 0x0000, 0x0000, 0x0000, 0x0000, 0x0000, 0x0841, 0x0020, 0x0000, 0x0000, 0x0000, 0x31A7, 0x52CC,
  0x4209, 0x2125, 0x1082, 0x0020, 0x0000, 0x0000, 0x0000, 0x0000, 0x2966, 0x73AF, 0x632D, 0x2945, 0x0861, 0x0000, 0x0000, 0x20E4,
  0x4229, 0x9D15, 0xAD76, 0x6B8E, 0x94B3, 0x7C10, 0x6B8E, 0x5AEB, 0x4A69, 0x31C7, 0x2945, 0x3186, 0x31A6, 0x2124, 0x18E3, 0x1082,
  0x0841, 0x0000, 0x0000, 0x0841, 0x4208, 0x52AB, 0x18E3, 0x3186, 0x736D, 0x4A49, 0x2945, 0x10A2, 0x0841, 0x0000, 0x0000, 0x2125,
  0x4249, 0x5AEB, 0x4A49, 0x528A, 0x39E8, 0x39C7, 0x4208, 0x528A, 0x2124, 0x18E3, 0x2104, 0x18E3, 0x2104, 0x1082, 0x1082, 0x18E3,
  0x2104, 0x2124, 0x0841, 0x0861, 0x1082, 0x10A2, 0x10A2, 0x1082, 0x0861, 0x0861, 0x0841, 0x0000, 0x0000, 0x0000, 0x10A3, 0x2966,
  0x39C7, 0x1082, 0x10A2, 0x10A2, 0x0861, 0x0841, 0x0000, 0x0000, 0x0000, 0x0020, 0x4208, 0x6B4D, 0x5AEB, 0x39E7, 0x4A8A, 0x39E8,
  0x39E7, 0x2945, 0x18E3, 0x18E3, 0x18C3, 0x18C3, 0x2125, 0x18C3, 0x1082, 0x2124, 0x2925, 0x18E3, 0x10A2, 0x1082, 0x10A2, 0x0841,
  0x0861, 0x0861, 0x0841, 0x0861, 0x0861, 0x0020, 0x0000, 0x0000, 0x18C3, 0x0000, 0x0000, 0x0000, 0x0000, 0x0000, 0x0000, 0x0000,
  0x0000, 0x0000, 0x0000, 0x0000, 0x0000, 0x0000, 0x0000, 0x0000, 0x0000, 0x0000, 0x0000, 0x0000, 0x0000, 0x0000, 0x0000, 0x0000,
  0x0000, 0x0000, 0x0000, 0x0000, 0x0000, 0x0000, 0x0000, 0x0000, 0x0000, 0x0000, 0x0000, 0x0000, 0x0000, 0x0000, 0x0000, 0x0000,
  0x0000, 0x0000, 0x0000, 0x0000, 0x0000, 0x0000, 0x0861, 0x1082, 0x2945, 0x4208, 0x2966, 0x31A7, 0x4229, 0x31C7, 0x39C7, 0x2966,
  0x3186, 0x4A6A, 0x630C, 0x8431, 0x7BF0, 0x528B, 0x4A49, 0x2125, 0x10A2, 0x1081, 0x0861, 0x3101, 0xED48, 0xFE8F, 0xF757, 0x4941,
  0x1082, 0x736D, 0x18A2, 0x0861, 0x0861, 0x0020, 0x2104, 0x10A2, 0x0000, 0x2104, 0x73D0, 0x4208, 0x0861, 0x2124, 0x6B6E, 0x4A6A,
  0x1904, 0x738F, 0xA555, 0xB5D7, 0x7BF0, 0x632C, 0x18E3, 0x10A2, 0x0861, 0x4A49, 0xA514, 0x2124, 0x3186, 0x2124, 0x3186, 0x18C3,
  0x10A2, 0x1082, 0x1082, 0x0841, 0x0000, 0x0000, 0x0000, 0x0000, 0x0000, 0x0000, 0x0000, 0x0000, 0x0000, 0x2966, 0x52CC, 0x4A6A,
  0x31A7, 0x2104, 0x0841, 0x0020, 0x0000, 0x0000, 0x0000, 0x10A2, 0x52AB, 0x7BD0, 0x39E7, 0x1082, 0x0020, 0x0000, 0x1082, 0x41E8,
  0x4A6A, 0xAD96, 0x9CD4, 0x6B6E, 0x7C31, 0x8C72, 0x52AB, 0x31C7, 0x31A7, 0x39C7, 0x2945, 0x2965, 0x2125, 0x2104, 0x0861, 0x18C3,
  0x0881, 0x0000, 0x0000, 0x0020, 0x2125, 0x31A6, 0x1082, 0x2944, 0x4A69, 0x2945, 0x18C3, 0x0861, 0x0020, 0x0000, 0x0020, 0x2966,
  0x2966, 0x39C7, 0x31A7, 0x2965, 0x2945, 0x18E3, 0x18E3, 0x18E3, 0x1082, 0x10A2, 0x10A2, 0x0861, 0x10A2, 0x10A2, 0x10A2, 0x18E3,
  0x18E3, 0x10A2, 0x0841, 0x0841, 0x0882, 0x0841, 0x0861, 0x0861, 0x0861, 0x0841, 0x0020, 0x0000, 0x0000, 0x0020, 0x2125, 0x4A49,
  0x2125, 0x10A2, 0x1082, 0x0861, 0x0861, 0x0020, 0x0000, 0x0000, 0x0000, 0x18C3, 0x4A69, 0x4A49, 0x39E7, 0x39C7, 0x2945, 0x31A6,
  0x2945, 0x2124, 0x10A2, 0x2104, 0x4208, 0x1082, 0x18E3, 0x18C3, 0x0861, 0x18A3, 0x2104, 0x18A2, 0x1082, 0x1082, 0x0020, 0x3984,
  0x2923, 0x0882, 0x0861, 0x0020, 0x0841, 0x0040, 0x0841, 0x0000, 0x0020, 0x1082, 0x0000, 0x0000, 0x0000, 0x0000, 0x0000, 0x0000,
  0x0000, 0x0000, 0x0000, 0x0000, 0x0000, 0x0000, 0x0000, 0x0000, 0x0000, 0x0000, 0x0000, 0x0000, 0x0000, 0x0000, 0x0000, 0x0000,
  0x0000, 0x0000, 0x0000, 0x0000, 0x0000, 0x0000, 0x0000, 0x0000, 0x0000, 0x0000, 0x0000, 0x0000, 0x0000, 0x0000, 0x0000, 0x0000,
  0x0000, 0x0000, 0x0000, 0x0000, 0x0000, 0x0841, 0x1082, 0x2945, 0x4208, 0x4A6A, 0x4249, 0x4208, 0x31A7, 0x39C8, 0x3186, 0x2125,
  0x2104, 0x3186, 0x528A, 0x94B3, 0x6B6E, 0x5ACB, 0x4A6A, 0x4A49, 0x18E3, 0x18A2, 0x0041, 0x7AA4, 0xFDE9, 0xFF76, 0xB4CC, 0x0800,
  0x632B, 0x3185, 0x0020, 0x0861, 0x0020, 0x1082, 0x2966, 0x0020, 0x0861, 0x7BF0, 0x52AA, 0x0882, 0x0000, 0x39C7, 0x6B6E, 0x4A8B,
  0x10C3, 0x5B0C, 0xA515, 0xAD55, 0x8C71, 0x5ACB, 0x18C3, 0x0861, 0x0840, 0x39C7, 0x5AEB, 0x31A6, 0x2965, 0x39C7, 0x3186, 0x10A2,
  0x18C3, 0x10A2, 0x10A2, 0x0861, 0x0000, 0x0000, 0x0000, 0x0000, 0x0000, 0x0000, 0x0000, 0x0000, 0x0841, 0x4A8A, 0x3A08, 0x39C7,
  0x2945, 0x10A2, 0x0020, 0x0000, 0x0000, 0x0000, 0x0841, 0x39E8, 0x5AEC, 0x4A49, 0x0861, 0x0000, 0x0000, 0x0020, 0x41E7, 0x20C2,
  0x6B6E, 0xB5D7, 0x8452, 0x4249, 0x5AEC, 0x8C72, 0x630D, 0x18E3, 0x31A7, 0x2965, 0x3186, 0x2124, 0x18C3, 0x18C2, 0x18E3, 0x18E3,
  0x0861, 0x0020, 0x0000, 0x0000, 0x18C3, 0x4A28, 0x3186, 0x39C7, 0x4207, 0x2104, 0x1082, 0x0861, 0x0020, 0x0000, 0x1082, 0x4A6A,
  0x39E7, 0x2104, 0x3186, 0x2104, 0x2104, 0x18C3, 0x0841, 0x1082, 0x0861, 0x0861, 0x1082, 0x0881, 0x10A2, 0x10A2, 0x10A2, 0x0861,
  0x0861, 0x0861, 0x0841, 0x0841, 0x0861, 0x0861, 0x0841, 0x0841, 0x0861, 0x0020, 0x0020, 0x0000, 0x0000, 0x18C3, 0x18E3, 0x2104,
  0x10A2, 0x1082, 0x1082, 0x0861, 0x0861, 0x0020, 0x0000, 0x0000, 0x0020, 0x2966, 0x4A49, 0x4A29, 0x2124, 0x3186, 0x4A69, 0x39C7,
  0x1082, 0x2945, 0x2104, 0x1082, 0x18E3, 0x0020, 0x1082, 0x2945, 0x18C3, 0x0861, 0x1082, 0x0841, 0x0861, 0x0841, 0x10A2, 0x1081,
  0x0841, 0x0861, 0x0841, 0x0841, 0x0841, 0x0841, 0x0020, 0x0020, 0x0000, 0x1082, 0x0861, 0x0000, 0x0000, 0x0000, 0x0000, 0x0000,
  0x0000, 0x0000, 0x0000, 0x0000, 0x0000, 0x0000, 0x0000, 0x0000, 0x0000, 0x0000, 0x0000, 0x0000, 0x0000, 0x0000, 0x0000, 0x0000,
  0x0000, 0x0000, 0x0000, 0x0000, 0x0000, 0x0000, 0x0000, 0x0000, 0x0000, 0x0000, 0x0000, 0x0000, 0x0000, 0x0000, 0x0000, 0x0000,
  0x0000, 0x0000, 0x0000, 0x0000, 0x0841, 0x0862, 0x2124, 0x39C7, 0x31A7, 0x3186, 0x31A7, 0x6B6E, 0x7BCF, 0x4A6A, 0x39E8, 0x3186,
  0x2104, 0x10A2, 0x10A2, 0x31A7, 0x5ACC, 0x632D, 0x4A49, 0x5ACC, 0x3186, 0x10A2, 0x1040, 0xC487, 0xFE6D, 0xFF77, 0x4121, 0x39E7,
  0x5A89, 0x0820, 0x0861, 0x0841, 0x0020, 0x3186, 0x18C3, 0x0000, 0x5AEB, 0x73CF, 0x2104, 0x0020, 0x0000, 0x3A08, 0x52EC, 0x3A08,
  0x10C3, 0x52AB, 0xA535, 0x8C71, 0x8C72, 0x738E, 0x10A2, 0x0841, 0x0020, 0x2124, 0x630C, 0x5ACB, 0x2124, 0x2104, 0x18E3, 0x10A2,
  0x10A2, 0x10A2, 0x1082, 0x0861, 0x0000, 0x0000, 0x0000, 0x0000, 0x0000, 0x0000, 0x0000, 0x0000, 0x31A7, 0x39C8, 0x4209, 0x2966,
  0x10A2, 0x0020, 0x0020, 0x0000, 0x0000, 0x0000, 0x1905, 0x62EC, 0x732B, 0x18E3, 0x0020, 0x0000, 0x0000, 0x2966, 0x39A6, 0x1082,
  0x6B6E, 0xBDF8, 0x73CF, 0x2125, 0x39E8, 0x5ACB, 0x52AB, 0x3A08, 0x2145, 0x2125, 0x18E3, 0x2945, 0x20E3, 0x1082, 0x18C3, 0x10C3,
  0x1082, 0x0020, 0x0000, 0x0020, 0x18C3, 0x31A6, 0x3165, 0x18C2, 0x18E3, 0x10A2, 0x0862, 0x0841, 0x0000, 0x0000, 0x10C3, 0x4208,
  0x3186, 0x2945, 0x3186, 0x2965, 0x2124, 0x1082, 0x0020, 0x0841, 0x0861, 0x1082, 0x10A2, 0x1082, 0x0861, 0x0861, 0x1061, 0x0841,
  0x0841, 0x0841, 0x0841, 0x0020, 0x0841, 0x0841, 0x0861, 0x0841, 0x0841, 0x0020, 0x0000, 0x0000, 0x0020, 0x10A2, 0x1082, 0x18E3,
  0x2104, 0x1082, 0x1082, 0x0861, 0x0020, 0x0000, 0x0000, 0x0000, 0x0841, 0x2125, 0x4229, 0x734C, 0x3165, 0x3186, 0x31A6, 0x18E3,
  0x2104, 0x10A2, 0x2104, 0x18C3, 0x0841, 0x1082, 0x1082, 0x1082, 0x1082, 0x18C3, 0x10A2, 0x0020, 0x18A2, 0x2944, 0x2965, 0x18C3,
  0x1081, 0x18E3, 0x0841, 0x0841, 0x0841, 0x1082, 0x0841, 0x0020, 0x0000, 0x0000, 0x0882, 0x0020, 0x0000, 0x0000, 0x0000, 0x0000,
  0x0000, 0x0000, 0x0000, 0x0000, 0x0000, 0x0000, 0x0000, 0x0000, 0x0000, 0x0000, 0x0000, 0x0000, 0x0000, 0x0000, 0x0000, 0x0000,
  0x0000, 0x0000, 0x0000, 0x0000, 0x0000, 0x0000, 0x0000, 0x0000, 0x0000, 0x0000, 0x0000, 0x0000, 0x0000, 0x0000, 0x0000, 0x0000,
  0x0000, 0x0000, 0x0000, 0x0000, 0x0861, 0x10A2, 0x3186, 0x39C7, 0x4208, 0x5ACB, 0x528A, 0x6B4D, 0x9492, 0x738F, 0x52AB, 0x4A49,
  0x3186, 0x10A3, 0x0020, 0x10A2, 0x4208, 0x5AEC, 0x4A6A, 0x4A6A, 0x39E8, 0x0041, 0x4141, 0xF5A8, 0xFF54, 0xBD0E, 0x20A1, 0x6B4C,
  0x1061, 0x0861, 0x0020, 0x0000, 0x10A2, 0x31A7, 0x0000, 0x31A6, 0x8451, 0x4208, 0x0861, 0x0020, 0x0000, 0x39E8, 0x5AEC, 0x31C7,
  0x18C3, 0x4229, 0x9CF4, 0xAD76, 0x8410, 0x5ACB, 0x1082, 0x0020, 0x0841, 0x2124, 0x4A69, 0x4A69, 0x4A29, 0x2965, 0x18C3, 0x1081,
  0x1082, 0x10A2, 0x18C3, 0x1082, 0x0020, 0x0000, 0x0000, 0x0000, 0x0000, 0x0000, 0x0000, 0x2125, 0x39E8, 0x4249, 0x39C7, 0x18E3,
  0x0020, 0x0020, 0x0000, 0x0000, 0x0000, 0x0841, 0x6AE9, 0xC4AA, 0xBB42, 0x5120, 0x0820, 0x0000, 0x18C3, 0x4164, 0x18A2, 0x0861,
  0x52CB, 0x8452, 0x6B8E, 0x39E8, 0x2966, 0x2965, 0x4A49, 0x39E7, 0x2124, 0x10A2, 0x1082, 0x2124, 0x10A2, 0x10C3, 0x18C3, 0x0861,
  0x0861, 0x0020, 0x0000, 0x0000, 0x10A2, 0x2104, 0x18C3, 0x1082, 0x10A2, 0x0861, 0x0841, 0x0020, 0x0000, 0x0000, 0x18E3, 0x3186,
  0x3186, 0x39E8, 0x2945, 0x2104, 0x10A2, 0x0861, 0x0861, 0x1082, 0x0861, 0x1082, 0x0841, 0x0020, 0x0020, 0x0841, 0x0020, 0x0841,
  0x0841, 0x0040, 0x0020, 0x0841, 0x0841, 0x0841, 0x0841, 0x0841, 0x0020, 0x0020, 0x0000, 0x0000, 0x0841, 0x2104, 0x31A6, 0x1082,
  0x18C3, 0x1082, 0x0841, 0x0841, 0x0000, 0x0000, 0x0000, 0x0000, 0x2104, 0x39E7, 0x31A7, 0x39E7, 0x18E3, 0x3185, 0x1082, 0x18C3,
  0x2104, 0x10A2, 0x18C3, 0x18E3, 0x0861, 0x1082, 0x0841, 0x0861, 0x10A2, 0x18C3, 0x10A2, 0x18C2, 0x2944, 0x4206, 0x0020, 0x0020,
  0x2944, 0x2103, 0x0841, 0x0861, 0x0841, 0x0841, 0x0841, 0x0840, 0x0020, 0x0000, 0x0020, 0x10A2, 0x0000, 0x0000, 0x0000, 0x0000,
  0x0000, 0x0000, 0x0000, 0x0000, 0x0000, 0x0000, 0x0000, 0x0000, 0x0000, 0x0000, 0x0000, 0x0000, 0x0000, 0x0000, 0x0000, 0x0000,
  0x0000, 0x0000, 0x0000, 0x0000, 0x0000, 0x0000, 0x0000, 0x0000, 0x0000, 0x0000, 0x0000, 0x0000, 0x0000, 0x0000, 0x0000, 0x0000,
  0x0000, 0x0000, 0x0000, 0x1082, 0x0841, 0x2965, 0x31A6, 0x4A6A, 0x52AB, 0x6B6E, 0x6B6E, 0x738E, 0x8410, 0x8C52, 0x8C72, 0x5ACB,
  0x4208, 0x2104, 0x10A2, 0x0020, 0x2104, 0x4A49, 0x31A7, 0x2124, 0x2966, 0x0862, 0x9324, 0xFE6B, 0xFF77, 0x5A04, 0x630B, 0x2924,
  0x0820, 0x0841, 0x0841, 0x0000, 0x39E8, 0x10A2, 0x0861, 0x8C51, 0x4A8A, 0x10A2, 0x0020, 0x0000, 0x0020, 0x424A, 0x4A6A, 0x3A08,
  0x2125, 0x31C7, 0xA514, 0x8431, 0x4A8A, 0x73AF, 0x10A2, 0x0861, 0x0861, 0x1082, 0x39C7, 0x2965, 0x4228, 0x2104, 0x1082, 0x1082,
  0x1082, 0x1082, 0x10A2, 0x1082, 0x0020, 0x0000, 0x0000, 0x0000, 0x0000, 0x0000, 0x0862, 0x4229, 0x4229, 0x39E8, 0x3186, 0x1082,
  0x0020, 0x0000, 0x0000, 0x0000, 0x20A1, 0xAC6A, 0xED8A, 0xB362, 0x8200, 0x6980, 0x40C0, 0x1061, 0x4163, 0x1860, 0x0020, 0x0000,
  0x3A08, 0x8452, 0x8431, 0x5AEC, 0x4A6A, 0x39E7, 0x39C7, 0x31A6, 0x2104, 0x1082, 0x1082, 0x0041, 0x3143, 0x49A4, 0x10A2, 0x0841,
  0x0841, 0x0020, 0x0000, 0x0000, 0x0841, 0x10A2, 0x18C3, 0x18C3, 0x10A2, 0x10A2, 0x0841, 0x0000, 0x0000, 0x0000, 0x2104, 0x2945,
  0x4208, 0x39C7, 0x18E3, 0x1082, 0x10A2, 0x18C3, 0x0861, 0x10A2, 0x0841, 0x0840, 0x0841, 0x0040, 0x0841, 0x0020, 0x0000, 0x0841,
  0x0841, 0x0841, 0x0841, 0x0861, 0x0861, 0x0020, 0x0020, 0x0841, 0x0020, 0x0000, 0x0000, 0x0020, 0x0841, 0x2104, 0x2965, 0x0861,
  0x0861, 0x0841, 0x0841, 0x0020, 0x0000, 0x0000, 0x0000, 0x0841, 0x2966, 0x4228, 0x2144, 0x2945, 0x2145, 0x2965, 0x10A2, 0x0861,
  0x18C3, 0x18C2, 0x1081, 0x0020, 0x18C2, 0x18A2, 0x18C3, 0x2104, 0x0861, 0x0020, 0x10A2, 0x4A06, 0x18C2, 0x0841, 0x1082, 0x18C3,
  0x1082, 0x0861, 0x1082, 0x0861, 0x0841, 0x0020, 0x0000, 0x0020, 0x0841, 0x0020, 0x0000, 0x0861, 0x1082, 0x0000, 0x0000, 0x0000,
  0x0000, 0x0000, 0x0000, 0x0000, 0x0000, 0x0000, 0x0000, 0x0000, 0x0000, 0x0000, 0x0000, 0x0000, 0x0000, 0x0000, 0x0000, 0x0000,
  0x0000, 0x0000, 0x0000, 0x0000, 0x0000, 0x0000, 0x0000, 0x0000, 0x0000, 0x0000, 0x0000, 0x0000, 0x0000, 0x0000, 0x0000, 0x0000,
  0x0000, 0x0000, 0x0841, 0x0841, 0x10A2, 0x4208, 0x4A49, 0x5AAB, 0x8451, 0x9493, 0x7BF0, 0x6B6E, 0x738E, 0x7BCF, 0xA535, 0x7BF0,
  0x4A49, 0x31A7, 0x2125, 0x0841, 0x0000, 0x2945, 0x4A6A, 0x2966, 0x31A7, 0x3103, 0xDD49, 0xFF73, 0xBD4F, 0x5247, 0x5AAA, 0x0020,
  0x0841, 0x0041, 0x0000, 0x2965, 0x39E8, 0x0000, 0x5AEB, 0x7BCF, 0x2104, 0x0841, 0x0020, 0x0000, 0x10A2, 0x52AB, 0x4A8B, 0x4229,
  0x2945, 0x2104, 0x94B3, 0x94B3, 0x738E, 0x6B6D, 0x18E3, 0x0861, 0x0020, 0x10A2, 0x632C, 0x39C7, 0x2104, 0x0861, 0x18C3, 0x10A2,
  0x0861, 0x0861, 0x1082, 0x0861, 0x0020, 0x0000, 0x0000, 0x0000, 0x0000, 0x0000, 0x31A7, 0x39C8, 0x4A49, 0x31A7, 0x18E3, 0x0841,
  0x0020, 0x0000, 0x0000, 0x6245, 0xE5CD, 0xED69, 0xAB21, 0x79E0, 0x5940, 0x40E0, 0x38A0, 0x4121, 0x4100, 0x0000, 0x0000, 0x0000,
  0x31A7, 0x6B4E, 0x5AEC, 0x52AB, 0x4208, 0x4A49, 0x2145, 0x1082, 0x10A2, 0x18C2, 0x0000, 0x4183, 0xAB44, 0x3901, 0x0882, 0x1082,
  0x0841, 0x0020, 0x0000, 0x0000, 0x0020, 0x0841, 0x10A2, 0x18C3, 0x10A2, 0x0861, 0x0020, 0x0000, 0x0000, 0x0020, 0x10A2, 0x2945,
  0x31A6, 0x2104, 0x10A2, 0x0861, 0x0861, 0x0840, 0x0020, 0x0841, 0x0840, 0x0020, 0x0021, 0x0840, 0x0841, 0x0020, 0x0020, 0x0020,
  0x0820, 0x0841, 0x0841, 0x0020, 0x0840, 0x0841, 0x0020, 0x0000, 0x0000, 0x0000, 0x0000, 0x0841, 0x18E3, 0x18C3, 0x0841, 0x0861,
  0x0020, 0x0841, 0x0020, 0x0000, 0x0000, 0x0000, 0x0020, 0x1082, 0x3186, 0x528A, 0x10C2, 0x0861, 0x1082, 0x0861, 0x0861, 0x0861,
  0x1082, 0x0841, 0x0861, 0x1082, 0x10A2, 0x18E3, 0x2965, 0x18A2, 0x10A2, 0x2124, 0x18C2, 0x1082, 0x10A2, 0x0841, 0x0861, 0x0861,
  0x0861, 0x1082, 0x0841, 0x0020, 0x0841, 0x0841, 0x0841, 0x0020, 0x0020, 0x0020, 0x0020, 0x0000, 0x18C3, 0x0861, 0x0000, 0x0000,
  0x0000, 0x0000, 0x0000, 0x0000, 0x0000, 0x0000, 0x0000, 0x0000, 0x0000, 0x0000, 0x0000, 0x0000, 0x0000, 0x0000, 0x0000, 0x0000,
  0x0000, 0x0000, 0x0000, 0x0000, 0x0000, 0x0000, 0x0000, 0x0000, 0x0000, 0x0000, 0x0000, 0x0000, 0x0000, 0x0000, 0x0000, 0x0000,
  0x0000, 0x0020, 0x0861, 0x0000, 0x2945, 0x4229, 0x4A69, 0x7BCF, 0x73AF, 0x5AEC, 0x6B6E, 0x5AEC, 0x632C, 0x6B6E, 0x8431, 0x9CF4,
  0x6B4E, 0x52AB, 0x39C7, 0x1082, 0x0000, 0x1082, 0x4209, 0x39E8, 0x2966, 0x6A45, 0xFEAF, 0xFF77, 0x7308, 0x62EB, 0x1061, 0x0841,
  0x0841, 0x0020, 0x0841, 0x4A8A, 0x0861, 0x2945, 0x8430, 0x31A6, 0x1082, 0x0020, 0x0000, 0x0000, 0x18E4, 0x5AEC, 0x52CC, 0x3A08,
  0x2125, 0x1082, 0x6B6E, 0xAD55, 0x8430, 0x6B4D, 0x2124, 0x0000, 0x0000, 0x10A2, 0x52AA, 0x2965, 0x2124, 0x2124, 0x10A2, 0x1082,
  0x1082, 0x0861, 0x0861, 0x0861, 0x0020, 0x0000, 0x0000, 0x0000, 0x0000, 0x1904, 0x4A8A, 0x39C7, 0x31C7, 0x2986, 0x0861, 0x0840,
  0x0000, 0x1860, 0xACAC, 0xFEB0, 0xDCA6, 0xAAE0, 0x8220, 0x5960, 0x38C0, 0x3080, 0x30A0, 0x61A1, 0x0820, 0x0000, 0x0000, 0x0020,
  0x2945, 0x4A6A, 0x5ACB, 0x4208, 0x4A49, 0x2945, 0x18E3, 0x18E3, 0x18E3, 0x0862, 0x7285, 0xBB64, 0x38E0, 0x0021, 0x1081, 0x0861,
  0x0841, 0x0020, 0x0000, 0x0000, 0x0000, 0x0020, 0x0861, 0x1081, 0x0861, 0x0020, 0x0000, 0x0000, 0x0000, 0x0020, 0x18C3, 0x18C2,
  0x10A2, 0x0861, 0x0882, 0x0840, 0x0861, 0x0840, 0x0840, 0x0000, 0x0000, 0x28E2, 0x28E1, 0x0020, 0x0820, 0x0820, 0x0820, 0x0820,
  0x0020, 0x0000, 0x0020, 0x0000, 0x0000, 0x0020, 0x0000, 0x0000, 0x0000, 0x0000, 0x0020, 0x0841, 0x10A2, 0x0861, 0x0841, 0x0861,
  0x0020, 0x0840, 0x0020, 0x0000, 0x0000, 0x0000, 0x0841, 0x1082, 0x2945, 0x18C3, 0x1082, 0x0861, 0x1082, 0x0881, 0x0861, 0x0841,
  0x0820, 0x0020, 0x1082, 0x1082, 0x10A2, 0x18C2, 0x0841, 0x1082, 0x18A2, 0x18C2, 0x2103, 0x0020, 0x0841, 0x0020, 0x1082, 0x10A2,
  0x0861, 0x0861, 0x0020, 0x3985, 0x1082, 0x0841, 0x0841, 0x0841, 0x0020, 0x0020, 0x0020, 0x0000, 0x0020, 0x2104, 0x0000, 0x0000,
  0x0000, 0x0000, 0x0000, 0x0000, 0x0000, 0x0000, 0x0000, 0x0000, 0x0000, 0x0000, 0x0000, 0x0000, 0x0000, 0x0000, 0x0000, 0x0000,
  0x0000, 0x0000, 0x0000, 0x0000, 0x0000, 0x0000, 0x0000, 0x0000, 0x0000, 0x0000, 0x0000, 0x0000, 0x0000, 0x0000, 0x0000, 0x0000,
  0x0000, 0x18C3, 0x0020, 0x0841, 0x39E8, 0x5ACC, 0x7BF0, 0x8410, 0x6B2D, 0x4A49, 0x5ACB, 0x630C, 0x6B4D, 0x73AF, 0x630D, 0x73AF,
  0x8410, 0x528A, 0x4229, 0x10A2, 0x0000, 0x0000, 0x39C7, 0x4A6A, 0x2125, 0x9B86, 0xFF73, 0xD5F2, 0x6AE9, 0x2945, 0x0820, 0x0841,
  0x0841, 0x0000, 0x4249, 0x31A7, 0x0000, 0x8410, 0x4A49, 0x1082, 0x0020, 0x0020, 0x0020, 0x0000, 0x4229, 0x5ACC, 0x4249, 0x4208,
  0x18E3, 0x0020, 0x632D, 0xAD75, 0x73AE, 0x632C, 0x2965, 0x0000, 0x0000, 0x0861, 0x632D, 0x4228, 0x1082, 0x2945, 0x2104, 0x0861,
  0x0861, 0x0841, 0x0861, 0x0861, 0x0020, 0x0000, 0x0000, 0x0000, 0x0020, 0x39E8, 0x52CB, 0x4A8A, 0x31A7, 0x2104, 0x0861, 0x0000,
  0x3962, 0xDE31, 0xFE8F, 0xCC04, 0xAB01, 0x8220, 0x69A0, 0x48E0, 0x30A0, 0x1840, 0x5140, 0x28A0, 0x0000, 0x0000, 0x0000, 0x0020,
  0x18C3, 0x2145, 0x31A7, 0x31A6, 0x4229, 0x39E8, 0x2965, 0x1904, 0x18C2, 0x9B67, 0xCBA4, 0x5920, 0x0000, 0x0020, 0x0841, 0x0841,
  0x0841, 0x0020, 0x0000, 0x0000, 0x0000, 0x0000, 0x0840, 0x0861, 0x0861, 0x0020, 0x0000, 0x0000, 0x0000, 0x0020, 0x18A2, 0x10A2,
  0x0020, 0x0020, 0x0020, 0x0841, 0x0840, 0x0000, 0x0020, 0x3922, 0x7A44, 0xA2C4, 0x4121, 0x0000, 0x0020, 0x0020, 0x0820, 0x0020,
  0x0000, 0x0000, 0x0000, 0x0000, 0x0000, 0x0000, 0x0000, 0x0000, 0x0000, 0x0000, 0x0841, 0x10A2, 0x0841, 0x0000, 0x0020, 0x0840,
  0x0841, 0x0020, 0x0000, 0x0000, 0x0000, 0x0020, 0x1082, 0x18E4, 0x18E3, 0x0020, 0x0861, 0x0841, 0x0020, 0x0020, 0x0841, 0x0000,
  0x0000, 0x0840, 0x0861, 0x0020, 0x4206, 0x2923, 0x0861, 0x18E3, 0x0000, 0x0020, 0x0020, 0x0000, 0x0000, 0x0841, 0x0861, 0x10A2,
  0x0861, 0x0020, 0x0861, 0x18C2, 0x0861, 0x0861, 0x0020, 0x0020, 0x0841, 0x0000, 0x0000, 0x0000, 0x0000, 0x0861, 0x0841, 0x0000,
  0x0000, 0x0000, 0x0000, 0x0000, 0x0000, 0x0000, 0x0000, 0x0000, 0x0000, 0x0000, 0x0000, 0x0000, 0x0000, 0x0000, 0x0000, 0x0000,
  0x0000, 0x0000, 0x0000, 0x0000, 0x0000, 0x0000, 0x0000, 0x0000, 0x0000, 0x0000, 0x0000, 0x0000, 0x0000, 0x0000, 0x0000, 0x0000,
  0x0841, 0x0862, 0x0000, 0x2145, 0x4208, 0x5AEC, 0x6B6E, 0x528A, 0x736E, 0x5AAB, 0x5ACC, 0x632D, 0x5ACB, 0x6B4D, 0x4A49, 0x52AB,
  0x7BF0, 0x5AEB, 0x39C7, 0x18E3, 0x0020, 0x0000, 0x2965, 0x2986, 0x18A2, 0xBC88, 0xFF75, 0xA48E, 0x5268, 0x0820, 0x0820, 0x0020,
  0x0000, 0x2124, 0x5AEC, 0x0000, 0x52AA, 0x73AE, 0x18E3, 0x0861, 0x0020, 0x0000, 0x0000, 0x0020, 0x39E8, 0x31A7, 0x2125, 0x4208,
  0x2966, 0x0020, 0x528A, 0x94B3, 0x8410, 0x4228, 0x2965, 0x0020, 0x0841, 0x0861, 0x4A49, 0x2965, 0x18C3, 0x10A2, 0x10A2, 0x0861,
  0x0841, 0x0861, 0x0841, 0x0841, 0x0020, 0x0000, 0x0000, 0x0000, 0x1904, 0x52AB, 0x52AB, 0x4A8A, 0x39C7, 0x0861, 0x0000, 0x5A45,
  0xFF55, 0xF5EC, 0xC3C3, 0xA322, 0x8220, 0x69A0, 0x4900, 0x38A0, 0x2060, 0x30C0, 0x38E0, 0x0000, 0x0000, 0x0000, 0x0000, 0x0041,
  0x0862, 0x18E4, 0x31C7, 0x31C7, 0x2945, 0x2945, 0x0862, 0x3163, 0xABA7, 0xB303, 0x7180, 0x0841, 0x0020, 0x0820, 0x0020, 0x0020,
  0x0020, 0x0020, 0x0000, 0x0000, 0x0000, 0x0000, 0x0000, 0x0020, 0x0020, 0x0000, 0x0000, 0x0000, 0x0000, 0x0020, 0x0841, 0x0040,
  0x0020, 0x0020, 0x0000, 0x0000, 0x0000, 0x4142, 0x92E5, 0x92A3, 0x79C1, 0x40E0, 0x0000, 0x0000, 0x0000, 0x0000, 0x0000, 0x0000,
  0x0000, 0x0000, 0x0000, 0x0000, 0x0000, 0x0000, 0x0000, 0x0000, 0x0000, 0x0020, 0x0861, 0x0841, 0x0841, 0x0000, 0x0020, 0x0820,
  0x0020, 0x0000, 0x0000, 0x0000, 0x0020, 0x0841, 0x0881, 0x18E4, 0x1082, 0x0020, 0x0020, 0x0000, 0x0000, 0x0020, 0x0020, 0x0020,
  0x0020, 0x0020, 0x0841, 0x0841, 0x1082, 0x1061, 0x0841, 0x0840, 0x0841, 0x0020, 0x0020, 0x0020, 0x0020, 0x0861, 0x0841, 0x0020,
  0x0861, 0x0020, 0x10A2, 0x0020, 0x0020, 0x0020, 0x0020, 0x0020, 0x0841, 0x0020, 0x0000, 0x0000, 0x0000, 0x0000, 0x1082, 0x0020,
  0x0000, 0x0000, 0x0000, 0x0000, 0x0000, 0x0000, 0x0000, 0x0000, 0x0000, 0x0000, 0x0000, 0x0000, 0x0000, 0x0000, 0x0000, 0x0000,
  0x0000, 0x0000, 0x0000, 0x0000, 0x0000, 0x0000, 0x0000, 0x0000, 0x0000, 0x0000, 0x0000, 0x0000, 0x0000, 0x0000, 0x0000, 0x0000,
  0x0862, 0x0000, 0x0020, 0x39E7, 0x52AB, 0x630C, 0x6B4D, 0x632D, 0x41E8, 0x6B4D, 0x6B6E, 0x4208, 0x39E8, 0x39C7, 0x31A7, 0x4A49,
  0x7BD0, 0x6B4D, 0x31A7, 0x2124, 0x0841, 0x0000, 0x10A2, 0x29A7, 0x3942, 0xEE0D, 0xE694, 0x6AE9, 0x18A2, 0x0820, 0x0000, 0x0020,
  0x0841, 0x5AEB, 0x2104, 0x20E3, 0x8C51, 0x2986, 0x10A2, 0x0020, 0x0000, 0x0000, 0x0000, 0x18E4, 0x4229, 0x3A08, 0x18E3, 0x2104,
  0x2966, 0x0861, 0x2124, 0x7BF0, 0x630C, 0x4228, 0x39A6, 0x0861, 0x0020, 0x0020, 0x2965, 0x3186, 0x2104, 0x2103, 0x10A2, 0x1061,
  0x0861, 0x0861, 0x0841, 0x0020, 0x0000, 0x0000, 0x0000, 0x0861, 0x31C7, 0x52CB, 0x4228, 0x4229, 0x1904, 0x0000, 0x6AC8, 0xFFB8,
  0xEDAB, 0xC3A3, 0xAB22, 0x8A40, 0x69A0, 0x5120, 0x30A0, 0x2060, 0x1860, 0x38E0, 0x0800, 0x0000, 0x0000, 0x0000, 0x0000, 0x0020,
  0x0862, 0x10C3, 0x1904, 0x1082, 0x2104, 0x10A3, 0x72C7, 0xC447, 0x9241, 0x6960, 0x1040, 0x0000, 0x0820, 0x0840, 0x0020, 0x0000,
  0x0000, 0x0000, 0x0020, 0x0000, 0x0020, 0x0020, 0x0000, 0x0000, 0x0000, 0x0000, 0x0000, 0x0000, 0x0000, 0x0020, 0x0841, 0x0020,
  0x0841, 0x0000, 0x0000, 0x49A3, 0x9B05, 0xA2C3, 0x71A1, 0x5920, 0x38C0, 0x0000, 0x0000, 0x0000, 0x0000, 0x0000, 0x0000, 0x0000,
  0x0000, 0x0000, 0x0000, 0x0000, 0x0000, 0x0000, 0x0000, 0x0000, 0x0000, 0x0820, 0x0861, 0x0020, 0x0841, 0x0020, 0x0020, 0x0820,
  0x0000, 0x0000, 0x0000, 0x0000, 0x0841, 0x1082, 0x0861, 0x0841, 0x0020, 0x0000, 0x0000, 0x0020, 0x0000, 0x0020, 0x0000, 0x0020,
  0x0020, 0x0000, 0x0020, 0x0861, 0x0841, 0x0861, 0x0840, 0x0820, 0x0841, 0x0020, 0x0000, 0x0841, 0x0841, 0x0020, 0x0840, 0x0020,
  0x1061, 0x0020, 0x0020, 0x0840, 0x0841, 0x0020, 0x0020, 0x0020, 0x0020, 0x0000, 0x0000, 0x0020, 0x0000, 0x0000, 0x0841, 0x18C3,
  0x0000, 0x0000, 0x0000, 0x0000, 0x0000, 0x0000, 0x0000, 0x0000, 0x0000, 0x0000, 0x0000, 0x0000, 0x0000, 0x0000, 0x0000, 0x0000,
  0x0000, 0x0000, 0x0000, 0x0000, 0x0000, 0x0000, 0x0000, 0x0000, 0x0000, 0x0000, 0x0000, 0x0000, 0x0000, 0x0000, 0x0000, 0x0041,
  0x0841, 0x0020, 0x0861, 0x4229, 0x6B4D, 0x738E, 0x5ACB, 0x738E, 0x630C, 0x5AEC, 0x630C, 0x4228, 0x39C7, 0x31A6, 0x18E4, 0x2124,
  0x5ACB, 0x632C, 0x39C7, 0x2124, 0x10A2, 0x0000, 0x0861, 0x2146, 0x6A64, 0xFF74, 0xACCF, 0x20E3, 0x0820, 0x0020, 0x0020, 0x0820,
  0x4A69, 0x4A8A, 0x0000, 0x73AE, 0x5AEB, 0x10A2, 0x0841, 0x0020, 0x0000, 0x0000, 0x0841, 0x39C7, 0x31A7, 0x31A7, 0x2104, 0x1082,
  0x18C3, 0x0861, 0x0020, 0x630C, 0x634D, 0x4208, 0x39C6, 0x1082, 0x0020, 0x0000, 0x2965, 0x31A6, 0x2104, 0x18C3, 0x1082, 0x1081,
  0x0861, 0x0861, 0x0820, 0x0000, 0x0000, 0x0000, 0x0000, 0x2145, 0x3A08, 0x39E8, 0x5ACB, 0x1904, 0x0000, 0x7308, 0xFFB8, 0xE56B,
  0xBB83, 0xAB22, 0x8A60, 0x71C0, 0x5940, 0x38C0, 0x2060, 0x1020, 0x30C0, 0x1040, 0x0000, 0x0000, 0x0000, 0x0000, 0x0000, 0x0020,
  0x0861, 0x10A2, 0x18E3, 0x0841, 0x0841, 0x9387, 0xCC26, 0x81E0, 0x7980, 0x2080, 0x0020, 0x0000, 0x0000, 0x0000, 0x0000, 0x0000,
  0x0000, 0x0000, 0x0000, 0x0000, 0x0000, 0x0000, 0x0020, 0x0820, 0x0820, 0x0020, 0x0000, 0x0000, 0x0000, 0x0840, 0x0020, 0x0000,
  0x0020, 0x49C4, 0xABC7, 0xBB85, 0x69A1, 0x40C0, 0x6160, 0x40E0, 0x0000, 0x0000, 0x0000, 0x0000, 0x0000, 0x0000, 0x0000, 0x0000,
  0x0000, 0x0000, 0x0000, 0x0000, 0x0000, 0x0000, 0x0000, 0x0000, 0x0000, 0x0020, 0x0000, 0x0020, 0x0020, 0x0840, 0x0020, 0x0020,
  0x0000, 0x0000, 0x0000, 0x0840, 0x0841, 0x0020, 0x0020, 0x0020, 0x0841, 0x0020, 0x0000, 0x0020, 0x0000, 0x0000, 0x0000, 0x0000,
  0x0000, 0x0000, 0x0020, 0x0020, 0x0000, 0x0020, 0x0020, 0x0000, 0x0000, 0x0000, 0x0020, 0x0020, 0x0020, 0x0020, 0x0840, 0x0020,
  0x0020, 0x0000, 0x0020, 0x0020, 0x0841, 0x0020, 0x0020, 0x0020, 0x0020, 0x0020, 0x0020, 0x0000, 0x0000, 0x0000, 0x0000, 0x1082,
  0x0020, 0x0000, 0x0000, 0x0000, 0x0000, 0x0000, 0x0000, 0x0000, 0x0000, 0x0000, 0x0000, 0x0000, 0x0000, 0x0000, 0x0000, 0x0000,
  0x0000, 0x0000, 0x0000, 0x0000, 0x0000, 0x0000, 0x0000, 0x0000, 0x0000, 0x0000, 0x0000, 0x0000, 0x0000, 0x0000, 0x0000, 0x0841,
  0x0000, 0x0000, 0x0861, 0x39C7, 0x5AEC, 0x6B6E, 0x5AEC, 0x7BCF, 0x8C51, 0x5AEC, 0x8C72, 0x94B3, 0x4A6A, 0x3186, 0x10A2, 0x1082,
  0x39A7, 0x6B6E, 0x4A49, 0x2965, 0x10A2, 0x0000, 0x0020, 0x0882, 0x8B86, 0xF6F4, 0x5A47, 0x0020, 0x0820, 0x0000, 0x0820, 0x2924,
  0x73AF, 0x0841, 0x39E7, 0x8C51, 0x2124, 0x0861, 0x0020, 0x0020, 0x0000, 0x0000, 0x2966, 0x39C7, 0x31A7, 0x2104, 0x18E3, 0x18A3,
  0x1082, 0x0861, 0x0000, 0x3A08, 0x5ACB, 0x39E7, 0x3185, 0x0861, 0x0000, 0x0000, 0x18E3, 0x2945, 0x18E3, 0x18E3, 0x1082, 0x0861,
  0x0861, 0x0841, 0x0020, 0x0000, 0x0000, 0x0000, 0x0882, 0x31C7, 0x2986, 0x4A49, 0x3A08, 0x0000, 0x62C7, 0xFF79, 0xDD6B, 0xB383,
  0x9AE2, 0x8241, 0x71C0, 0x5960, 0x40C0, 0x2860, 0x0800, 0x2060, 0x2060, 0x0000, 0x0000, 0x0000, 0x0000, 0x0000, 0x0000, 0x0020,
  0x0841, 0x0861, 0x0000, 0x28E2, 0xBC89, 0xC3C4, 0x6940, 0x79A0, 0x40C0, 0x0000, 0x0841, 0x0841, 0x0841, 0x0020, 0x0000, 0x0000,
  0x0000, 0x0000, 0x0000, 0x0000, 0x0000, 0x0000, 0x0000, 0x0000, 0x0000, 0x0000, 0x0000, 0x0000, 0x0000, 0x0000, 0x0000, 0x49C4,
  0xA3C8, 0xBBE6, 0x8242, 0x40C0, 0x38C0, 0x71A1, 0x4100, 0x0000, 0x0000, 0x0000, 0x0000, 0x0000, 0x0000, 0x0000, 0x0000, 0x0000,
  0x0000, 0x0000, 0x0000, 0x0000, 0x0000, 0x0000, 0x0000, 0x0000, 0x0000, 0x1061, 0x59C3, 0x38E1, 0x0000, 0x0820, 0x0020, 0x0000,
  0x0000, 0x0000, 0x0000, 0x0020, 0x0020, 0x0020, 0x0020, 0x0000, 0x0000, 0x0000, 0x0000, 0x0000, 0x0000, 0x0000, 0x0000, 0x0000,
  0x0000, 0x0000, 0x0000, 0x0000, 0x0020, 0x0000, 0x0000, 0x4142, 0x4921, 0x0000, 0x0020, 0x0000, 0x0000, 0x0020, 0x0020, 0x0020,
  0x0000, 0x0020, 0x0020, 0x0020, 0x0000, 0x0020, 0x0841, 0x0020, 0x0000, 0x0000, 0x0000, 0x0000, 0x0000, 0x0000, 0x0000, 0x0020,
  0x18A3, 0x0000, 0x0000, 0x0000, 0x0000, 0x0000, 0x0000, 0x0000, 0x0000, 0x0000, 0x0000, 0x0000, 0x0000, 0x0000, 0x0000, 0x0000,
  0x0000, 0x0000, 0x0000, 0x0000, 0x0000, 0x0000, 0x0000, 0x0000, 0x0000, 0x0000, 0x0000, 0x0000, 0x0000, 0x0000, 0x0841, 0x0020,
  0x0841, 0x0861, 0x18C3, 0x4A49, 0x7BF0, 0x9CF4, 0x9492, 0x94B3, 0x9CF4, 0x8C72, 0xAD76, 0x7BAF, 0x39E8, 0x2125, 0x18E3, 0x0861,
  0x18C3, 0x5AEC, 0x5AEC, 0x3186, 0x1082, 0x0020, 0x0020, 0x18A2, 0xBCEC, 0xBD30, 0x1881, 0x0020, 0x0020, 0x0020, 0x1041, 0x6B4E,
  0x31C7, 0x0841, 0x8C71, 0x4A69, 0x18C3, 0x0861, 0x0020, 0x0000, 0x0020, 0x4229, 0x4A6A, 0x3A08, 0x4A69, 0x31A6, 0x2145, 0x2104,
  0x0861, 0x0861, 0x0000, 0x18E3, 0x4A69, 0x4228, 0x31A6, 0x1082, 0x0000, 0x0000, 0x18C3, 0x2945, 0x18E3, 0x10A2, 0x0861, 0x0861,
  0x0841, 0x0020, 0x0020, 0x0000, 0x0000, 0x0000, 0x2103, 0x10C3, 0x18C3, 0x2986, 0x0021, 0x5205, 0xF759, 0xE5EE, 0xC405, 0xAB43,
  0x8A61, 0x71E0, 0x5960, 0x40E0, 0x2880, 0x1020, 0x1020, 0x2880, 0x0000, 0x0000, 0x0000, 0x0000, 0x0000, 0x0000, 0x0020, 0x0841,
  0x0841, 0x0000, 0x49C4, 0xCCE9, 0xB343, 0x5900, 0x6960, 0x5100, 0x0000, 0x0000, 0x0000, 0x0000, 0x0020, 0x0840, 0x0820, 0x0020,
  0x0020, 0x0000, 0x0000, 0x0000, 0x0000, 0x0000, 0x0000, 0x0000, 0x0000, 0x0000, 0x0000, 0x0000, 0x0000, 0x5204, 0xB429, 0xC427,
  0x8A82, 0x4900, 0x2880, 0x40E0, 0x69C1, 0x30C0, 0x0000, 0x0000, 0x0000, 0x0000, 0x0000, 0x0000, 0x0000, 0x0000, 0x0000, 0x0000,
  0x0000, 0x0000, 0x0000, 0x0000, 0x0000, 0x0000, 0x0000, 0x0820, 0x51C3, 0x92A3, 0x8202, 0x1020, 0x0000, 0x0000, 0x0000, 0x0000,
  0x0000, 0x0000, 0x0000, 0x0000, 0x0000, 0x0000, 0x0000, 0x0000, 0x0000, 0x0000, 0x0000, 0x0000, 0x0000, 0x0000, 0x0000, 0x0000,
  0x0000, 0x0000, 0x0000, 0x0000, 0x0000, 0x0020, 0x6A03, 0x8222, 0x1040, 0x0000, 0x0000, 0x0000, 0x0000, 0x0000, 0x0000, 0x0000,
  0x0000, 0x0841, 0x0020, 0x0020, 0x0020, 0x0000, 0x0820, 0x0020, 0x0000, 0x0000, 0x0000, 0x0000, 0x0000, 0x0000, 0x0020, 0x0000,
  0x1082, 0x1082, 0x0000, 0x0000, 0x0000, 0x0000, 0x0000, 0x0000, 0x0000, 0x0000, 0x0000, 0x0000, 0x0000, 0x0000, 0x0000, 0x0000,
  0x0000, 0x0000, 0x0000, 0x0000, 0x0000, 0x0000, 0x0000, 0x0000, 0x0000, 0x0000, 0x0000, 0x0000, 0x0000, 0x0020, 0x0861, 0x18C3,
  0x2104, 0x0861, 0x18E3, 0x4A4A, 0x630C, 0x8C51, 0x8431, 0x632D, 0x7BF0, 0x62EC, 0x632D, 0x52AA, 0x31A7, 0x2104, 0x2924, 0x1082,
  0x0861, 0x4A69, 0x632D, 0x3186, 0x0861, 0x0020, 0x0000, 0x28E2, 0xD5D1, 0x6287, 0x0820, 0x0020, 0x0020, 0x0820, 0x4A29, 0x6B6D,
  0x0000, 0x630C, 0x6B8E, 0x18E3, 0x1082, 0x0841, 0x0000, 0x0841, 0x4A6A, 0x634D, 0x4208, 0x5ACB, 0x4228, 0x39C7, 0x2965, 0x2965,
  0x1082, 0x0841, 0x0020, 0x0841, 0x31A7, 0x39C7, 0x2104, 0x1081, 0x0000, 0x0000, 0x18E3, 0x31A6, 0x18C2, 0x1082, 0x0840, 0x0840,
  0x0020, 0x0020, 0x0820, 0x0000, 0x1880, 0x9304, 0x4120, 0x0000, 0x10A2, 0x0862, 0x3102, 0xE6D7, 0xEE92, 0xCC66, 0xB3A4, 0x9AC2,
  0x7A00, 0x5960, 0x40E0, 0x30A0, 0x1840, 0x0800, 0x2080, 0x0820, 0x0000, 0x0000, 0x0000, 0x0000, 0x0000, 0x0000, 0x0820, 0x0000,
  0x0000, 0x8348, 0xD509, 0x8A41, 0x50E0, 0x5940, 0x6140, 0x0000, 0x0000, 0x0000, 0x0000, 0x0000, 0x0000, 0x0000, 0x0000, 0x0000,
  0x0000, 0x0020, 0x0020, 0x0020, 0x0000, 0x0000, 0x0000, 0x0000, 0x0000, 0x0000, 0x0000, 0x49C4, 0xABE8, 0xDCC8, 0xAB43, 0x5960,
  0x30A0, 0x2060, 0x4920, 0x71E1, 0x2080, 0x0000, 0x0000, 0x0000, 0x0000, 0x0000, 0x0000, 0x0000, 0x0000, 0x0000, 0x0000, 0x0000,
  0x0000, 0x0000, 0x0000, 0x0020, 0x0000, 0x0000, 0x49A3, 0x9B04, 0xA2C3, 0x81C0, 0x1840, 0x0000, 0x0000, 0x0000, 0x0000, 0x0000,
  0x0000, 0x0000, 0x0000, 0x0000, 0x0000, 0x0000, 0x0000, 0x0000, 0x0000, 0x0000, 0x0000, 0x0000, 0x0000, 0x0000, 0x0000, 0x0000,
  0x0000, 0x0000, 0x0000, 0x0000, 0x28C1, 0x9AC4, 0x8A22, 0x0800, 0x0000, 0x0000, 0x0000, 0x0000, 0x0000, 0x0000, 0x0000, 0x0000,
  0x0000, 0x0020, 0x0020, 0x0020, 0x0020, 0x0000, 0x0020, 0x0020, 0x0000, 0x0000, 0x0000, 0x0000, 0x0000, 0x0020, 0x0000, 0x0000,
  0x0000, 0x1903, 0x0020, 0x0000, 0x0000, 0x0000, 0x0000, 0x0000, 0x0000, 0x0000, 0x0000, 0x0000, 0x0000, 0x0000, 0x0000, 0x0000,
  0x0000, 0x0000, 0x0000, 0x0000, 0x0000, 0x0000, 0x0000, 0x0000, 0x0000, 0x0000, 0x0000, 0x0000, 0x0000, 0x0000, 0x18C3, 0x31A6,
  0x3186, 0x1082, 0x2124, 0x4A6A, 0x3186, 0x3186, 0x4A6A, 0x6B6E, 0x73CF, 0x7BCF, 0x8C51, 0x6B8E, 0x31A6, 0x2104, 0x2104, 0x10A2,
  0x0000, 0x3186, 0x630C, 0x2966, 0x0841, 0x0020, 0x0000, 0x49E5, 0xB4CD, 0x1881, 0x0020, 0x0000, 0x0020, 0x18A2, 0x7C10, 0x2124,
  0x2965, 0x94B2, 0x3186, 0x10A2, 0x1082, 0x0000, 0x0020, 0x4A8A, 0x4A49, 0x528A, 0x528A, 0x52AA, 0x528A, 0x2124, 0x2124, 0x2124,
  0x18C3, 0x1082, 0x0020, 0x0000, 0x18E3, 0x2945, 0x18E3, 0x0861, 0x0000, 0x0000, 0x10A2, 0x2104, 0x1082, 0x0841, 0x0820, 0x0020,
  0x0020, 0x0020, 0x0000, 0x28C1, 0xCCE9, 0xBBE4, 0x28A0, 0x0021, 0x0841, 0x0800, 0xBD91, 0xF735, 0xD4C8, 0xB3A5, 0x9AE2, 0x8241,
  0x61A0, 0x4100, 0x30A0, 0x1860, 0x0000, 0x1860, 0x1040, 0x0000, 0x0000, 0x0000, 0x0000, 0x0000, 0x0000, 0x0000, 0x0000, 0x20C1,
  0xB4EC, 0xD4E9, 0x79C0, 0x48E0, 0x4900, 0x71A0, 0x1040, 0x0000, 0x0000, 0x0000, 0x0000, 0x0000, 0x0000, 0x0000, 0x0000, 0x0000,
  0x0000, 0x0000, 0x0000, 0x0000, 0x0000, 0x0020, 0x0020, 0x0000, 0x0000, 0x51E4, 0xB48A, 0xD4C8, 0xB364, 0x79E0, 0x4900, 0x2880,
  0x2060, 0x5961, 0x69E1, 0x1860, 0x0000, 0x0000, 0x0000, 0x0000, 0x0000, 0x0000, 0x0000, 0x0000, 0x0000, 0x0000, 0x0000, 0x0000,
  0x0000, 0x0000, 0x0000, 0x0000, 0x3922, 0xA386, 0xB364, 0x69A1, 0x7180, 0x30A0, 0x0000, 0x0000, 0x0000, 0x0000, 0x0020, 0x0000,
  0x0000, 0x0000, 0x0000, 0x0000, 0x0000, 0x0000, 0x0000, 0x0000, 0x0000, 0x0000, 0x0000, 0x0000, 0x0000, 0x0000, 0x0000, 0x0000,
  0x0000, 0x0000, 0x0000, 0x6A03, 0xBB44, 0x79C1, 0x0800, 0x0000, 0x0000, 0x0000, 0x0000, 0x0000, 0x0000, 0x0000, 0x0020, 0x0000,
  0x0020, 0x0000, 0x0000, 0x0000, 0x0000, 0x0020, 0x0020, 0x0020, 0x0000, 0x0000, 0x0000, 0x0000, 0x0000, 0x0000, 0x0000, 0x0000,
  0x0000, 0x0861, 0x18A2, 0x0000, 0x0000, 0x0000, 0x0000, 0x0000, 0x0000, 0x0000, 0x0000, 0x0000, 0x0000, 0x0000, 0x0000, 0x0000,
  0x0000, 0x0000, 0x0000, 0x0000, 0x0000, 0x0000, 0x0000, 0x0000, 0x0000, 0x0000, 0x0000, 0x0000, 0x0020, 0x0020, 0x2966, 0x630C,
  0x4228, 0x2945, 0x4A69, 0x528A, 0x528A, 0x39C7, 0x1082, 0x3186, 0x738F, 0x8410, 0x8410, 0x7BCF, 0x632D, 0x4229, 0x2124, 0x1082,
  0x0000, 0x18E3, 0x6B6E, 0x528A, 0x10A2, 0x0840, 0x0000, 0x7328, 0x72E7, 0x0000, 0x0000, 0x0000, 0x0000, 0x52AB, 0x632D, 0x0000,
  0x8430, 0x630C, 0x18C3, 0x0861, 0x0040, 0x0000, 0x52AB, 0x8C52, 0x2945, 0x6B4D, 0x4A49, 0x2124, 0x2945, 0x2124, 0x2125, 0x2104,
  0x18C3, 0x18C3, 0x0841, 0x0000, 0x0861, 0x2124, 0x2124, 0x18C2, 0x0020, 0x0000, 0x1082, 0x2124, 0x1082, 0x0020, 0x0020, 0x0000,
  0x0020, 0x0000, 0x20C1, 0xE5CE, 0xE528, 0x8220, 0x1860, 0x0061, 0x0000, 0x7B49, 0xFF97, 0xD509, 0xBBE5, 0x9B03, 0x8A81, 0x71E0,
  0x5120, 0x38A0, 0x2060, 0x0800, 0x1020, 0x2080, 0x0000, 0x0000, 0x0000, 0x0000, 0x0000, 0x0000, 0x0000, 0x0000, 0x5A46, 0xE60F,
  0xC446, 0x6980, 0x48E0, 0x40E0, 0x79C0, 0x2880, 0x0000, 0x0000, 0x0000, 0x0000, 0x0000, 0x0000, 0x0000, 0x0000, 0x0000, 0x0000,
  0x0000, 0x0000, 0x0000, 0x0000, 0x0000, 0x0000, 0x0000, 0x51E4, 0xC4CA, 0xDD2A, 0xB3A5, 0x8241, 0x5140, 0x30C0, 0x2060, 0x28A0,
  0x71E1, 0x61A1, 0x0820, 0x0000, 0x0000, 0x0000, 0x0000, 0x0000, 0x0000, 0x0000, 0x0000, 0x0000, 0x0000, 0x0000, 0x0000, 0x0000,
  0x0000, 0x0000, 0x28E1, 0x9B87, 0xD467, 0x9AC2, 0x5100, 0x6160, 0x38C0, 0x0000, 0x0000, 0x0000, 0x0000, 0x0000, 0x0020, 0x0000,
  0x0000, 0x0000, 0x0000, 0x0000, 0x0000, 0x0000, 0x0000, 0x0000, 0x0000, 0x0000, 0x0000, 0x0000, 0x0000, 0x0000, 0x0000, 0x0000,
  0x0000, 0x3901, 0xA304, 0xB303, 0x6960, 0x0820, 0x0000, 0x0000, 0x0000, 0x0000, 0x0000, 0x0000, 0x0000, 0x0000, 0x0000, 0x0000,
  0x0000, 0x0000, 0x0000, 0x0000, 0x0000, 0x0000, 0x0000, 0x0000, 0x0000, 0x0000, 0x0000, 0x0000, 0x0000, 0x0000, 0x0000, 0x0000,
  0x1040, 0x38E0, 0x3902, 0x0000, 0x0000, 0x0000, 0x0000, 0x0000, 0x0000, 0x0000, 0x0000, 0x0000, 0x0000, 0x0000, 0x0000, 0x0000,
  0x0000, 0x0000, 0x0000, 0x0000, 0x0000, 0x0000, 0x0000, 0x0000, 0x0000, 0x0000, 0x0000, 0x0000, 0x0862, 0x0020, 0x31A6, 0x632C,
  0x630C, 0x5ACB, 0x528A, 0x31C7, 0x5ACC, 0x39E8, 0x0862, 0x0020, 0x39C7, 0x5ACB, 0x738E, 0x9CF4, 0x5AEC, 0x4A6A, 0x2104, 0x0841,
  0x0000, 0x10A2, 0x6B6E, 0x528A, 0x18E3, 0x0020, 0x0840, 0x940A, 0x3122, 0x0840, 0x0000, 0x0000, 0x18A2, 0x7BF0, 0x1082, 0x4208,
  0x8431, 0x2125, 0x1082, 0x0861, 0x0000, 0x31A7, 0x738E, 0x6B4D, 0x4A69, 0x4A49, 0x31A7, 0x2986, 0x2945, 0x10A2, 0x2104, 0x3186,
  0x18E3, 0x10A2, 0x0861, 0x0020, 0x0020, 0x10A2, 0x18C3, 0x18C3, 0x0820, 0x0000, 0x0841, 0x10A2, 0x0020, 0x0020, 0x0020, 0x0020,
  0x0000, 0x1040, 0xD5CE, 0xF5EB, 0xAB43, 0x5960, 0x1040, 0x0020, 0x3122, 0xEEB3, 0xED8B, 0xCC66, 0xB3A4, 0x92A2, 0x7A21, 0x5960,
  0x40C0, 0x2880, 0x1020, 0x0800, 0x2080, 0x0000, 0x0000, 0x0000, 0x0000, 0x0000, 0x0000, 0x0000, 0x0000, 0x8389, 0xFEB0, 0xBBC4,
  0x6140, 0x4100, 0x38C0, 0x71A0, 0x48E0, 0x0000, 0x0000, 0x0000, 0x0000, 0x0000, 0x0000, 0x0000, 0x0000, 0x0000, 0x0000, 0x0000,
  0x0000, 0x0000, 0x0000, 0x0000, 0x0000, 0x5A24, 0xCD2C, 0xEDCC, 0xCC26, 0x92A1, 0x61A0, 0x38E0, 0x2880, 0x2060, 0x4100, 0x7A22,
  0x4921, 0x0000, 0x0000, 0x0000, 0x0000, 0x0000, 0x0000, 0x0000, 0x0000, 0x0000, 0x0000, 0x0000, 0x0000, 0x0000, 0x0000, 0x0000,
  0x20A0, 0x82C5, 0xCC68, 0xC3C5, 0x8221, 0x40C0, 0x6140, 0x4900, 0x0000, 0x0000, 0x0000, 0x0000, 0x0000, 0x0000, 0x0000, 0x0000,
  0x0000, 0x0000, 0x0000, 0x0000, 0x0000, 0x0000, 0x0000, 0x0000, 0x0000, 0x0000, 0x0000, 0x0000, 0x0000, 0x0000, 0x0000, 0x1860,
  0x7A64, 0xB365, 0x8A42, 0x5920, 0x1020, 0x0000, 0x0000, 0x0000, 0x0000, 0x0000, 0x0000, 0x0000, 0x0000, 0x0000, 0x0000, 0x0000,
  0x0000, 0x0000, 0x0000, 0x0000, 0x0000, 0x0020, 0x0000, 0x0000, 0x0000, 0x0000, 0x0000, 0x0000, 0x0000, 0x0000, 0x0000, 0x3901,
  0x69A1, 0x30A0, 0x0841, 0x10A2, 0x0000, 0x0000, 0x0000, 0x0000, 0x0000, 0x0000, 0x0000, 0x0000, 0x0000, 0x0000, 0x0000, 0x0000,
  0x0000, 0x0000, 0x0000, 0x0000, 0x0000, 0x0000, 0x0000, 0x0000, 0x0000, 0x0000, 0x0000, 0x1082, 0x0861, 0x0020, 0x4208, 0x4A6A,
  0x4208, 0x7BCF, 0x528A, 0x31A6, 0x738F, 0x4A6A, 0x2104, 0x0841, 0x1082, 0x632C, 0x9CF4, 0x9CD3, 0x5AEC, 0x4208, 0x18C3, 0x0861,
  0x0000, 0x0861, 0x632D, 0x52AB, 0x2103, 0x0000, 0x39C4, 0x7B68, 0x0820, 0x0020, 0x0020, 0x0000, 0x62EB, 0x52AB, 0x1061, 0x9CF3,
  0x39E8, 0x10A2, 0x0841, 0x0020, 0x0861, 0x738F, 0x8C51, 0x5ACB, 0x39C7, 0x528A, 0x39C7, 0x39C7, 0x5AEB, 0x3186, 0x2124, 0x2124,
  0x18E3, 0x1082, 0x0861, 0x0841, 0x0000, 0x0861, 0x18C3, 0x18C3, 0x0020, 0x0000, 0x0840, 0x0861, 0x0020, 0x0820, 0x0020, 0x0020,
  0x0000, 0xACEE, 0xFED0, 0xC3E4, 0x7A41, 0x38E0, 0x0020, 0x0000, 0xACAD, 0xEDEE, 0xCC46, 0xBBE5, 0x9AE3, 0x8221, 0x6180, 0x40E0,
  0x3080, 0x1020, 0x0000, 0x1860, 0x0820, 0x0000, 0x0000, 0x0000, 0x0000, 0x0000, 0x0000, 0x28E1, 0xBD50, 0xF64F, 0xA301, 0x5940,
  0x40E0, 0x30A0, 0x69A1, 0x5960, 0x0000, 0x0000, 0x0000, 0x0000, 0x0000, 0x0000, 0x0000, 0x0000, 0x0000, 0x0000, 0x0000, 0x0000,
  0x0000, 0x0000, 0x0000, 0x51C2, 0xC50C, 0xFE6F, 0xD4C8, 0xA302, 0x7A20, 0x5140, 0x28A0, 0x1860, 0x2060, 0x6181, 0x8222, 0x28A0,
  0x0000, 0x0000, 0x0000, 0x0000, 0x0000, 0x0000, 0x0000, 0x0000, 0x0000, 0x0000, 0x0000, 0x0000, 0x0000, 0x0000, 0x30E1, 0x8B05,
  0xD4A8, 0xCC26, 0x8A41, 0x5940, 0x30A0, 0x5120, 0x5141, 0x0000, 0x0000, 0x0000, 0x0000, 0x0000, 0x0000, 0x0000, 0x0000, 0x0000,
  0x0000, 0x0000, 0x0000, 0x0000, 0x0000, 0x0000, 0x0000, 0x0000, 0x0000, 0x0000, 0x0000, 0x0000, 0x0000, 0x1020, 0x6A03, 0xB365,
  0xA2C3, 0x69A0, 0x5120, 0x1020, 0x0000, 0x0000, 0x0000, 0x0000, 0x0000, 0x0000, 0x0000, 0x0000, 0x0000, 0x0000, 0x0000, 0x0000,
  0x0000, 0x0000, 0x0000, 0x0000, 0x0000, 0x0000, 0x0000, 0x0000, 0x0000, 0x0000, 0x0000, 0x0000, 0x0000, 0x30E1, 0x71E2, 0x81E1,
  0x40E0, 0x0000, 0x0000, 0x18E3, 0x0841, 0x0000, 0x0000, 0x0000, 0x0000, 0x0000, 0x0000, 0x0000, 0x0000, 0x0000, 0x0000, 0x0000,
  0x0000, 0x0000, 0x0000, 0x0000, 0x0000, 0x0000, 0x0000, 0x0000, 0x0000, 0x0000, 0x0000, 0x18E3, 0x10A2, 0x18E3, 0x4A6A, 0x4A6A,
  0x4A29, 0xA514, 0x39E7, 0x3186, 0x8C72, 0x738E, 0x4228, 0x10A2, 0x0020, 0x2125, 0x6B4E, 0x8410, 0x7BF0, 0x632D, 0x2124, 0x0841,
  0x0000, 0x0840, 0x630C, 0x5B0C, 0x10A2, 0x0000, 0x7329, 0x3963, 0x0000, 0x0020, 0x0000, 0x20E3, 0x7C10, 0x1082, 0x7BCF, 0x73AE,
  0x18E3, 0x18C3, 0x0841, 0x0000, 0x39C7, 0x7C31, 0x5AEC, 0x2104, 0x39C7, 0x4228, 0x4228, 0x31A6, 0x39C7, 0x31A7, 0x18C3, 0x2104,
  0x18E3, 0x1082, 0x0861, 0x0841, 0x0000, 0x0020, 0x10A2, 0x1082, 0x0841, 0x0020, 0x0000, 0x0020, 0x1040, 0x0000, 0x0020, 0x0000,
  0x7308, 0xFF96, 0xDCE8, 0xA343, 0x5140, 0x2080, 0x0000, 0x49C3, 0xDD8D, 0xBBE6, 0xBBC5, 0x9B03, 0x7A21, 0x69C0, 0x4900, 0x30A0,
  0x1840, 0x0000, 0x1020, 0x0820, 0x0000, 0x0000, 0x0000, 0x0000, 0x0000, 0x0000, 0x5225, 0xE693, 0xEDEC, 0x9280, 0x5120, 0x38E0,
  0x3080, 0x6180, 0x71C1, 0x0820, 0x0000, 0x0000, 0x0000, 0x0000, 0x0000, 0x0000, 0x0000, 0x0000, 0x0000, 0x0000, 0x0000, 0x0000,
  0x0800, 0x4961, 0xBC89, 0xFEB0, 0xED8B, 0xB383, 0x9281, 0x61A0, 0x38E0, 0x2880, 0x1860, 0x28A0, 0x71E2, 0x71E2, 0x1840, 0x0000,
  0x0000, 0x0000, 0x0000, 0x0000, 0x0000, 0x0000, 0x0000, 0x0000, 0x0000, 0x0000, 0x0000, 0x1020, 0x4981, 0xA385, 0xED4A, 0xE4E8,
  0xA303, 0x6980, 0x4900, 0x2060, 0x40E0, 0x5141, 0x0000, 0x0000, 0x0000, 0x0000, 0x0000, 0x0000, 0x0000, 0x0000, 0x0000, 0x0000,
  0x0000, 0x0000, 0x0000, 0x0000, 0x0000, 0x0000, 0x0000, 0x0000, 0x0000, 0x0000, 0x0000, 0x0820, 0x4141, 0xAB65, 0xBB84, 0x79E0,
  0x5940, 0x5940, 0x1040, 0x0000, 0x0000, 0x0000, 0x0000, 0x0000, 0x0000, 0x0000, 0x0000, 0x0000, 0x0000, 0x0000, 0x0000, 0x0000,
  0x0000, 0x0000, 0x0000, 0x0000, 0x0000, 0x0000, 0x0000, 0x0000, 0x0000, 0x0000, 0x0000, 0x1060, 0x6A02, 0x8A62, 0x79C1, 0x4900,
  0x0000, 0x0000, 0x0000, 0x0841, 0x10A2, 0x0000, 0x0000, 0x0000, 0x0000, 0x0000, 0x0000, 0x0000, 0x0000, 0x0000, 0x0000, 0x0000,
  0x0000, 0x0000, 0x0000, 0x0000, 0x0000, 0x0000, 0x0000, 0x0000, 0x0000, 0x0000, 0x1082, 0x18C3, 0x0861, 0x18C3, 0x39E8, 0x4A69,
  0x4208, 0x528A, 0x39E7, 0x18E3, 0x8C51, 0x94D3, 0x5ACB, 0x2124, 0x0000, 0x0020, 0x39C7, 0x738E, 0xA515, 0x5ACB, 0x39C7, 0x1082,
  0x0020, 0x0020, 0x5ACB, 0x5ACB, 0x0020, 0x18C2, 0x838A, 0x1040, 0x0020, 0x0020, 0x0000, 0x5AAA, 0x4249, 0x2924, 0x9492, 0x3186,
  0x18E3, 0x0861, 0x0020, 0x0841, 0x73D0, 0x634E, 0x3186, 0x2124, 0x31A6, 0x2945, 0x2965, 0x3186, 0x2965, 0x2145, 0x18E3, 0x18E3,
  0x18C3, 0x10A2, 0x0861, 0x0861, 0x0020, 0x0000, 0x1082, 0x18E3, 0x0861, 0x0000, 0x4142, 0xA324, 0x4941, 0x0000, 0x0841, 0x2902,
  0xEEF6, 0xF62E, 0xCC46, 0x7A42, 0x40E0, 0x1040, 0x0000, 0x9346, 0xBBE7, 0xA344, 0xA323, 0x8262, 0x69C1, 0x4900, 0x38C0, 0x2060,
  0x0000, 0x0820, 0x1040, 0x0000, 0x0000, 0x0000, 0x0000, 0x0000, 0x0800, 0x9C4C, 0xFF55, 0xD4E8, 0x8A40, 0x5120, 0x38C0, 0x2880,
  0x5140, 0x79E1, 0x1840, 0x0000, 0x0000, 0x0000, 0x0000, 0x0000, 0x0000, 0x0000, 0x0000, 0x0000, 0x0000, 0x0000, 0x1020, 0x4920,
  0xB427, 0xFED0, 0xF62D, 0xCC25, 0xAB01, 0x7A20, 0x4920, 0x30A0, 0x2880, 0x2060, 0x4100, 0x8242, 0x5961, 0x0000, 0x0000, 0x0000,
  0x0000, 0x0000, 0x0000, 0x0000, 0x0000, 0x0000, 0x0020, 0x0820, 0x1040, 0x3900, 0x7A83, 0xC468, 0xF5CB, 0xFD89, 0xCC05, 0x8A41,
  0x5940, 0x38C0, 0x1840, 0x4900, 0x5161, 0x0000, 0x0000, 0x0000, 0x0000, 0x0000, 0x0000, 0x0000, 0x0000, 0x0000, 0x0000, 0x0000,
  0x0000, 0x0000, 0x0000, 0x0000, 0x0000, 0x0000, 0x0000, 0x0000, 0x1060, 0x1880, 0x3921, 0x9305, 0xBBA6, 0x9AA2, 0x5940, 0x40E0,
  0x5120, 0x1040, 0x0000, 0x0000, 0x0000, 0x0000, 0x0000, 0x0000, 0x0000, 0x0000, 0x0000, 0x0000, 0x0000, 0x0000, 0x0000, 0x0000,
  0x0000, 0x0000, 0x0000, 0x0000, 0x0000, 0x0000, 0x0000, 0x0000, 0x0000, 0x0000, 0x51A2, 0x92C3, 0x71E1, 0x69A0, 0x4920, 0x0000,
  0x0020, 0x0000, 0x0000, 0x0000, 0x1082, 0x0000, 0x0000, 0x0000, 0x0000, 0x0000, 0x0000, 0x0000, 0x0000, 0x0000, 0x0000, 0x0000,
  0x0000, 0x0000, 0x0000, 0x0000, 0x0000, 0x0000, 0x0000, 0x0000, 0x0000, 0x0000, 0x10A2, 0x0000, 0x0000, 0x0000, 0x4A49, 0x630C,
  0x4A49, 0x39C7, 0x2104, 0x10C3, 0x94B3, 0xB596, 0x6B8E, 0x31A7, 0x0020, 0x0000, 0x18C3, 0x5B0C, 0x8431, 0x52CB, 0x4208, 0x0861,
  0x0020, 0x0000, 0x4229, 0x52AB, 0x0000, 0x62C8, 0x6286, 0x0000, 0x0020, 0x0020, 0x20C2, 0x738D, 0x0861, 0x9492, 0x52AB, 0x10A2,
  0x1082, 0x0841, 0x0000, 0x2945, 0x8C72, 0x528A, 0x3186, 0x3186, 0x3185, 0x2924, 0x2924, 0x5269, 0x39C7, 0x18E4, 0x2104, 0x18E3,
  0x10A2, 0x18E3, 0x18C3, 0x0861, 0x0020, 0x0000, 0x0841, 0x0862, 0x0820, 0x82A4, 0xDCC7, 0xCBC3, 0x38E0, 0x0041, 0x0820, 0xA4CF,
  0xFF76, 0xDCC7, 0xAB84, 0x5980, 0x38C0, 0x0000, 0x1880, 0x9B25, 0x9AE4, 0x9AE3, 0x92A2, 0x7201, 0x5120, 0x38C0, 0x2880, 0x0820,
  0x0000, 0x1040, 0x0000, 0x0000, 0x0000, 0x0000, 0x0000, 0x3122, 0xC5B2, 0xFF95, 0xCC66, 0x7A00, 0x4920, 0x38E0, 0x2880, 0x5140,
  0x79E1, 0x2860, 0x0000, 0x0000, 0x0000, 0x0000, 0x0000, 0x0000, 0x0000, 0x0000, 0x0000, 0x0000, 0x1860, 0x40E0, 0x8B03, 0xEE70,
  0xFF52, 0xE529, 0xB362, 0x9AC1, 0x69C0, 0x38C0, 0x2880, 0x2060, 0x30A0, 0x61A1, 0x7A22, 0x38E0, 0x0000, 0x0000, 0x0000, 0x0000,
  0x0000, 0x0000, 0x0000, 0x0820, 0x1060, 0x2080, 0x30C0, 0x5980, 0x9B64, 0xDD4A, 0xFE2C, 0xFDCB, 0xE4C7, 0xB363, 0x69C0, 0x4100,
  0x30A0, 0x1860, 0x4921, 0x5141, 0x0000, 0x0000, 0x0000, 0x0000, 0x0000, 0x0000, 0x0000, 0x0000, 0x0000, 0x0000, 0x0000, 0x0000,
  0x0000, 0x0000, 0x0000, 0x0000, 0x0000, 0x0020, 0x1060, 0x2080, 0x4120, 0x82C3, 0xC406, 0xAB64, 0x71C0, 0x4900, 0x40E0, 0x5120,
  0x1040, 0x0000, 0x0000, 0x0000, 0x0000, 0x0000, 0x0000, 0x0000, 0x0000, 0x0000, 0x0000, 0x0000, 0x0000, 0x0000, 0x0000, 0x0000,
  0x0000, 0x0000, 0x0000, 0x0000, 0x0000, 0x0000, 0x0000, 0x0000, 0x3921, 0x8AA3, 0x92A2, 0x5940, 0x6981, 0x4920, 0x0000, 0x0000,
  0x0000, 0x0000, 0x0000, 0x0000, 0x0841, 0x0861, 0x0000, 0x0000, 0x0000, 0x0000, 0x0000, 0x0000, 0x0000, 0x0000, 0x0000, 0x0000,
  0x0000, 0x0000, 0x0000, 0x0000, 0x0000, 0x0000, 0x0000, 0x0000, 0x0000, 0x0841, 0x0861, 0x0020, 0x0020, 0x0000, 0x39C7, 0x52AB,
  0x632D, 0x630C, 0x2945, 0x1082, 0x9CF4, 0xD6BB, 0x8431, 0x39C7, 0x0861, 0x0000, 0x0841, 0x52AB, 0x632D, 0x8410, 0x39C7, 0x0841,
  0x0000, 0x0000, 0x31A7, 0x5AEC, 0x0861, 0x942C, 0x3101, 0x0020, 0x0020, 0x0000, 0x5AA9, 0x41E7, 0x4A69, 0x9CD3, 0x2104, 0x18C3,
  0x0841, 0x0020, 0x0000, 0x52AB, 0x8452, 0x5B0C, 0x528A, 0x41C5, 0x39A5, 0x2944, 0x39C6, 0x39C7, 0x2104, 0x18C3, 0x2124, 0x18E3,
  0x18C3, 0x18C3, 0x1082, 0x0841, 0x0820, 0x0020, 0x0000, 0x20A1, 0xB3C6, 0xED07, 0xC3A2, 0x9AC1, 0x1060, 0x0861, 0x5205, 0xFF99,
  0xEDCB, 0xC425, 0x8A82, 0x5140, 0x28A0, 0x0000, 0x4141, 0x8AA4, 0x8A83, 0x92A2, 0x8241, 0x5940, 0x40C0, 0x2880, 0x1020, 0x0000,
  0x1040, 0x0820, 0x0000, 0x0000, 0x0000, 0x0000, 0x62A7, 0xEF17, 0xEE92, 0xC3C2, 0x7A00, 0x4100, 0x30C0, 0x2880, 0x5960, 0x8221,
  0x2880, 0x0000, 0x0000, 0x0000, 0x0000, 0x0000, 0x0000, 0x0000, 0x0000, 0x0000, 0x1040, 0x4100, 0x8261, 0xCD2B, 0xFF95, 0xFE8F,
  0xD465, 0xAB22, 0x7A21, 0x5140, 0x30A0, 0x2060, 0x1860, 0x38E0, 0x7A22, 0x69C1, 0x1840, 0x0000, 0x0000, 0x0000, 0x0000, 0x0000,
  0x0000, 0x0800, 0x1040, 0x2080, 0x4120, 0x7A42, 0xB406, 0xEDEC, 0xFECF, 0xFE6D, 0xF569, 0xD445, 0x92A1, 0x5160, 0x38E0, 0x2060,
  0x2060, 0x5981, 0x5141, 0x0000, 0x0000, 0x0000, 0x0000, 0x0000, 0x0000, 0x0000, 0x0000, 0x0000, 0x0000, 0x0000, 0x0000, 0x0000,
  0x0820, 0x0840, 0x1040, 0x1040, 0x1860, 0x28C0, 0x3900, 0x6A22, 0xCC47, 0xCC46, 0x8A82, 0x5960, 0x30C0, 0x38C0, 0x5961, 0x1040,
  0x0000, 0x0000, 0x0000, 0x0000, 0x0000, 0x0000, 0x0000, 0x0000, 0x0000, 0x0000, 0x0000, 0x0000, 0x0000, 0x0000, 0x0000, 0x0000,
  0x0000, 0x0000, 0x0000, 0x0000, 0x0020, 0x0000, 0x20C1, 0x8AC4, 0xAB24, 0x71C0, 0x38C0, 0x6181, 0x4921, 0x0000, 0x0000, 0x0000,
  0x0000, 0x0000, 0x0020, 0x0000, 0x0000, 0x10A2, 0x0000, 0x0000, 0x0000, 0x0000, 0x0000, 0x0000, 0x0000, 0x0000, 0x0000, 0x0000,
  0x0000, 0x0000, 0x0000, 0x0000, 0x0000, 0x0000, 0x0000, 0x0000, 0x0000, 0x18C3, 0x18E3, 0x18E3, 0x2104, 0x10A3, 0x39E8, 0x52AB,
  0x4A49, 0x4208, 0x2965, 0x1082, 0x73AF, 0xBDD7, 0x94B3, 0x4A49, 0x10A2, 0x0000, 0x0000, 0x39E7, 0x4A6A, 0x4229, 0x2966, 0x0841,
  0x0000, 0x0000, 0x39E7, 0x630D, 0x3184, 0x7308, 0x0820, 0x0020, 0x0000, 0x1082, 0x732C, 0x2124, 0xB5B6, 0x528A, 0x10A2, 0x10A2,
  0x0841, 0x0000, 0x0861, 0x73AF, 0x632D, 0x4208, 0x2103, 0x41A5, 0x3985, 0x41C6, 0x41E7, 0x4A48, 0x2104, 0x18E3, 0x2124, 0x1082,
  0x1081, 0x1082, 0x1081, 0x0861, 0x0841, 0x0000, 0x4982, 0xDCE8, 0xD4A6, 0x9AC1, 0xBB82, 0x5140, 0x0041, 0x1880, 0xCDF3, 0xFF13,
  0xD4A6, 0xA343, 0x69C0, 0x4900, 0x1860, 0x0820, 0x59C2, 0x7A42, 0x7A22, 0x8241, 0x69A0, 0x40E0, 0x2880, 0x1020, 0x0000, 0x0820,
  0x0820, 0x0000, 0x0020, 0x0000, 0x1880, 0xA48E, 0xFFBA, 0xE60F, 0xA321, 0x79E0, 0x4920, 0x30A0, 0x2060, 0x5140, 0x8221, 0x38C0,
  0x0000, 0x0000, 0x0000, 0x0000, 0x0000, 0x0000, 0x0000, 0x0000, 0x1020, 0x38E0, 0x7200, 0xBC06, 0xF6F3, 0xFFD7, 0xF5EC, 0xCC24,
  0x92C2, 0x5980, 0x38C0, 0x28A0, 0x2060, 0x2060, 0x4941, 0x7202, 0x4921, 0x0800, 0x0000, 0x0000, 0x0000, 0x0000, 0x0000, 0x0000,
  0x1020, 0x2080, 0x4940, 0x82A2, 0xCCC9, 0xF6B0, 0xFF53, 0xFED0, 0xF5EB, 0xED27, 0xC3E4, 0x7200, 0x40E0, 0x28A0, 0x1840, 0x30A0,
  0x6181, 0x4100, 0x0000, 0x0000, 0x0000, 0x0000, 0x0000, 0x0000, 0x0000, 0x0020, 0x0020, 0x0820, 0x0820, 0x0820, 0x1040, 0x1060,
  0x1060, 0x1060, 0x1880, 0x28C0, 0x4120, 0x6A01, 0xB3A5, 0xD487, 0xBBA4, 0x8220, 0x5120, 0x2880, 0x38C0, 0x5961, 0x1040, 0x0000,
  0x0000, 0x0000, 0x0000, 0x0000, 0x0000, 0x0000, 0x0000, 0x0000, 0x0000, 0x0000, 0x0000, 0x0000, 0x0000, 0x0000, 0x0000, 0x0000,
  0x0000, 0x0020, 0x0840, 0x0840, 0x1860, 0x6A23, 0xAB85, 0xA2E3, 0x5940, 0x30A0, 0x5961, 0x4101, 0x0000, 0x0000, 0x0000, 0x0000,
  0x0000, 0x0000, 0x0020, 0x0000, 0x0000, 0x0841, 0x0841, 0x0000, 0x0000, 0x0000, 0x0000, 0x0000, 0x0000, 0x0000, 0x0000, 0x0000,
  0x0000, 0x0000, 0x0000, 0x0000, 0x0000, 0x0000, 0x0000, 0x0000, 0x0841, 0x2124, 0x31A6, 0x4208, 0x4209, 0x31A7, 0x39C7, 0x6B4D,
  0x632D, 0x4A8A, 0x39C7, 0x1082, 0x630C, 0xBDD8, 0x94B3, 0x4A6A, 0x2104, 0x0020, 0x0000, 0x2104, 0x3186, 0x2125, 0x2125, 0x1082,
  0x0000, 0x0000, 0x3186, 0x4209, 0x49E5, 0x3942, 0x0000, 0x0000, 0x0000, 0x4A27, 0x39A6, 0x73AE, 0x94B2, 0x2104, 0x18C3, 0x0841,
  0x0020, 0x0000, 0x31C7, 0x94D4, 0x39E7, 0x10A2, 0x10A2, 0x18C2, 0x41E6, 0x4A28, 0x3185, 0x2965, 0x18E3, 0x18E3, 0x10A2, 0x1082,
  0x0861, 0x0861, 0x1081, 0x0041, 0x0000, 0x7A84, 0xED8A, 0xCC46, 0x9260, 0xBB82, 0x9AE2, 0x0820, 0x0020, 0x6AC7, 0xFFB9, 0xE56A,
  0xBBE5, 0x8A81, 0x5140, 0x38C0, 0x0820, 0x2080, 0x61C1, 0x69C1, 0x69C1, 0x6180, 0x4900, 0x2880, 0x1020, 0x0000, 0x0800, 0x0820,
  0x0000, 0x0000, 0x0000, 0x49E3, 0xDE96, 0xFFFB, 0xDD8B, 0x9AE0, 0x61A0, 0x4900, 0x30A0, 0x2880, 0x5160, 0x7A01, 0x38C0, 0x0000,
  0x0000, 0x0000, 0x0000, 0x0000, 0x0000, 0x0000, 0x0800, 0x2080, 0x61C1, 0xAB83, 0xE5AC, 0xFFB7, 0xFF75, 0xED8A, 0xC3E4, 0x8241,
  0x4100, 0x2880, 0x2880, 0x2880, 0x38C0, 0x59A1, 0x61A1, 0x2880, 0x0000, 0x0000, 0x0000, 0x0000, 0x0000, 0x0000, 0x0820, 0x2080,
  0x4140, 0x7A83, 0xC489, 0xFED1, 0xFFD6, 0xFF74, 0xFEAF, 0xF5CA, 0xD465, 0x9AE2, 0x5980, 0x30C0, 0x2060, 0x1860, 0x4920, 0x69A1,
  0x30A0, 0x0000, 0x0000, 0x0000, 0x0000, 0x0000, 0x0000, 0x0000, 0x0000, 0x0000, 0x0000, 0x0820, 0x0840, 0x1040, 0x1060, 0x1040,
  0x1880, 0x3101, 0x4140, 0x6A01, 0xA385, 0xD4A8, 0xC405, 0x92A2, 0x71C0, 0x4100, 0x2060, 0x4100, 0x5141, 0x0820, 0x0000, 0x0000,
  0x0000, 0x0000, 0x0000, 0x0000, 0x0000, 0x0000, 0x0000, 0x0000, 0x0000, 0x0000, 0x0000, 0x0000, 0x0000, 0x0020, 0x0020, 0x0841,
  0x0861, 0x1061, 0x1060, 0x4982, 0xA365, 0xAB64, 0x71C0, 0x4900, 0x38A0, 0x5940, 0x38C0, 0x0000, 0x0000, 0x0000, 0x0000, 0x0000,
  0x0000, 0x0000, 0x0000, 0x0020, 0x0000, 0x0000, 0x18E3, 0x0000, 0x0000, 0x0000, 0x0000, 0x0000, 0x0000, 0x0000, 0x0000, 0x0000,
  0x0000, 0x0000, 0x0000, 0x0000, 0x0000, 0x0000, 0x0000, 0x0000, 0x18C3, 0x18C3, 0x2965, 0x4208, 0x39E8, 0x4229, 0x31A7, 0x5ACB,
  0x7BCF, 0x632D, 0x4229, 0x0861, 0x4A69, 0xBDF8, 0xA535, 0x73AF, 0x31A7, 0x0861, 0x0000, 0x10A2, 0x18E4, 0x18C3, 0x1082, 0x10A2,
  0x0020, 0x0000, 0x10C3, 0x2986, 0x5205, 0x1060, 0x0000, 0x0000, 0x1061, 0x62EA, 0x4A49, 0xBDF8, 0x39E8, 0x10A2, 0x0861, 0x0020,
  0x0000, 0x0000, 0x634D, 0x94B3, 0x4228, 0x2944, 0x18E3, 0x10C2, 0x3185, 0x4A08, 0x39C7, 0x18C3, 0x18E3, 0x18E3, 0x18C2, 0x18C2,
  0x1082, 0x1081, 0x0841, 0x20A0, 0xABC6, 0xFDCB, 0xC404, 0x9260, 0xB341, 0xDC43, 0x4940, 0x0020, 0x1880, 0xCE13, 0xFED1, 0xCC45,
  0x9B03, 0x69E0, 0x4920, 0x2080, 0x0000, 0x28A0, 0x5161, 0x5981, 0x5960, 0x40E0, 0x30A0, 0x1840, 0x0000, 0x0000, 0x0820, 0x0820,
  0x0000, 0x0820, 0x8BEB, 0xFFBC, 0xFFFA, 0xDD29, 0x9AE0, 0x69C0, 0x4100, 0x30A0, 0x30A0, 0x6180, 0x79E1, 0x30A0, 0x0000, 0x0000,
  0x0000, 0x0000, 0x0000, 0x0000, 0x0000, 0x1020, 0x3920, 0x82A2, 0xCCE9, 0xFF14, 0xFFFC, 0xFF33, 0xE507, 0xA323, 0x61A0, 0x38E0,
  0x28A0, 0x2080, 0x30A0, 0x5161, 0x69C1, 0x4100, 0x0800, 0x0000, 0x0000, 0x0000, 0x0000, 0x0000, 0x0800, 0x1860, 0x4120, 0x7A62,
  0xBC48, 0xEE71, 0xFFB8, 0xFFF9, 0xFF53, 0xFEAF, 0xED89, 0xB3A3, 0x69C0, 0x38E0, 0x28A0, 0x2060, 0x30C0, 0x61A1, 0x5981, 0x1840,
  0x0000, 0x0000, 0x0000, 0x0000, 0x0000, 0x0000, 0x0000, 0x0000, 0x0000, 0x0020, 0x0840, 0x1040, 0x1060, 0x1060, 0x1880, 0x3100,
  0x51A1, 0x6A01, 0x9B44, 0xE529, 0xE508, 0xBB84, 0x8220, 0x5140, 0x30A0, 0x1860, 0x5161, 0x4941, 0x0000, 0x0000, 0x0000, 0x0000,
  0x0000, 0x0000, 0x0000, 0x0000, 0x0000, 0x0020, 0x0020, 0x0020, 0x0020, 0x0020, 0x0020, 0x0020, 0x0020, 0x0841, 0x1061, 0x1061,
  0x1060, 0x4120, 0x9B44, 0xCC26, 0x9AC2, 0x5940, 0x30C0, 0x30A0, 0x6161, 0x28A0, 0x0000, 0x0000, 0x0000, 0x0000, 0x0000, 0x0000,
  0x0020, 0x0020, 0x0020, 0x0000, 0x0000, 0x0000, 0x10A2, 0x1082, 0x0000, 0x0000, 0x0000, 0x0000, 0x0000, 0x0000, 0x0000, 0x0000,
  0x0000, 0x0000, 0x0000, 0x0000, 0x0000, 0x0000, 0x0000, 0x0020, 0x1082, 0x0000, 0x0000, 0x0020, 0x0841, 0x0861, 0x0020, 0x3186,
  0x8C52, 0x7BF0, 0x4A6A, 0x10A2, 0x2125, 0xAD76, 0xBDF8, 0x8431, 0x39E8, 0x1082, 0x0000, 0x1082, 0x4208, 0x31A7, 0x31A7, 0x2966,
  0x0000, 0x0000, 0x0041, 0x2945, 0x3143, 0x0840, 0x0020, 0x0000, 0x4A28, 0x5AAA, 0x7C10, 0x8410, 0x18C3, 0x10A2, 0x0840, 0x0020,
  0x0000, 0x10A3, 0x8452, 0x73CF, 0x39E7, 0x3185, 0x3185, 0x2124, 0x39E7, 0x4A07, 0x2103, 0x18C3, 0x2103, 0x18C2, 0x2903, 0x20E2,
  0x1082, 0x0841, 0x51C2, 0xDD29, 0xF5A9, 0xBBA3, 0x8220, 0xA301, 0xDC43, 0x92A1, 0x1060, 0x0820, 0x6AE8, 0xFFB8, 0xE528, 0xAB64,
  0x7A41, 0x5980, 0x4100, 0x1840, 0x0000, 0x2080, 0x4120, 0x4920, 0x40E0, 0x2880, 0x1840, 0x0800, 0x0800, 0x1040, 0x0820, 0x0000,
  0x3122, 0xCDD2, 0xFFFF, 0xFFB9, 0xD507, 0x92A0, 0x69E0, 0x4100, 0x30A0, 0x30A0, 0x61A0, 0x79E1, 0x30A0, 0x0000, 0x0000, 0x0000,
  0x0000, 0x0000, 0x0000, 0x0800, 0x2080, 0x61E1, 0xABC5, 0xEE0E, 0xFFB9, 0xFFFE, 0xFF54, 0xDCA6, 0x8241, 0x38E0, 0x30A0, 0x28A0,
  0x28A0, 0x4921, 0x69C1, 0x5961, 0x2080, 0x0000, 0x0000, 0x0000, 0x0000, 0x0000, 0x0000, 0x1040, 0x30E0, 0x6A22, 0xA3A6, 0xE5CE,
  0xFF98, 0xFFFD, 0xFFFC, 0xFF94, 0xFE2B, 0xCC66, 0x8A81, 0x4940, 0x28A0, 0x2080, 0x28A0, 0x5161, 0x69E2, 0x4101, 0x0000, 0x0000,
  0x0000, 0x0000, 0x0000, 0x0000, 0x0000, 0x0000, 0x0000, 0x0020, 0x0820, 0x0840, 0x1040, 0x1860, 0x2080, 0x3101, 0x5181, 0x6A01,
  0x9B24, 0xDCE9, 0xF58A, 0xDCA7, 0xAB43, 0x71E0, 0x40E0, 0x2060, 0x2880, 0x61A1, 0x4101, 0x0000, 0x0000, 0x0000, 0x0000, 0x0000,
  0x0000, 0x0000, 0x0000, 0x0000, 0x0000, 0x0000, 0x0000, 0x0000, 0x0000, 0x0000, 0x0020, 0x0841, 0x0861, 0x1061, 0x1060, 0x30E0,
  0x82A3, 0xD447, 0xC3C4, 0x8201, 0x5120, 0x28A0, 0x38C0, 0x6181, 0x2080, 0x0000, 0x0000, 0x0000, 0x0000, 0x0000, 0x0020, 0x0020,
  0x0020, 0x0000, 0x0000, 0x0000, 0x0000, 0x0000, 0x0000, 0x10A2, 0x0000, 0x0000, 0x0000, 0x0000, 0x0000, 0x0000, 0x0000, 0x0000,
  0x0000, 0x0000, 0x0000, 0x0000, 0x0000, 0x0000, 0x0000, 0x0021, 0x1082, 0x1082, 0x18C3, 0x2104, 0x3166, 0x2945, 0x2125, 0x39E8,
  0x2966, 0x5AEC, 0x6B6E, 0x2125, 0x0841, 0x94B3, 0xC639, 0x9CF3, 0x4A6A, 0x10A2, 0x0000, 0x0861, 0x7BD0, 0x634D, 0x528B, 0x4A4A,
  0x0000, 0x0000, 0x0000, 0x2945, 0x2924, 0x0000, 0x0020, 0x0861, 0x5269, 0x5AEB, 0xB5D7, 0x39C7, 0x18C2, 0x1082, 0x0020, 0x0000,
  0x0000, 0x31C7, 0x9D15, 0x6B4D, 0x2903, 0x3164, 0x39E7, 0x31A6, 0x2945, 0x4A07, 0x2944, 0x10A2, 0x1082, 0x18C2, 0x20E2, 0x1082,
  0x1060, 0x8304, 0xFE2C, 0xED48, 0xAB21, 0x7A00, 0x92A0, 0xCBE2, 0xAB22, 0x28A0, 0x0841, 0x1880, 0xCDF3, 0xEE2F, 0xB3A4, 0x8AA2,
  0x61C0, 0x4920, 0x30A0, 0x1020, 0x0000, 0x1860, 0x30A0, 0x30A0, 0x2880, 0x1040, 0x0800, 0x0000, 0x1040, 0x0000, 0x0000, 0x6AA7,
  0xF759, 0xFFFF, 0xFF77, 0xD4E7, 0x8A60, 0x61A0, 0x40E0, 0x30A0, 0x40E0, 0x69A0, 0x71C1, 0x2880, 0x0000, 0x0000, 0x0000, 0x0000,
  0x0000, 0x0000, 0x0820, 0x28C0, 0x7A82, 0xCCE9, 0xFF35, 0xFFFC, 0xFFFB, 0xFED1, 0xBBE4, 0x69A0, 0x30A0, 0x2080, 0x2880, 0x38E0,
  0x61A1, 0x69E2, 0x38E0, 0x0800, 0x0000, 0x0000, 0x0000, 0x0000, 0x0000, 0x0820, 0x2080, 0x4981, 0x9325, 0xD52B, 0xFF15, 0xFFFC,
  0xFFFE, 0xFFFB, 0xFF33, 0xD4E8, 0x8A81, 0x4920, 0x30C0, 0x28A0, 0x28A0, 0x38E0, 0x59A1, 0x5981, 0x2060, 0x0000, 0x0000, 0x0000,
  0x0000, 0x0000, 0x0000, 0x0000, 0x0000, 0x0020, 0x0820, 0x0820, 0x1040, 0x1860, 0x28C0, 0x3921, 0x51A2, 0x6A02, 0x8AC3, 0xCC87,
  0xFDEB, 0xED28, 0xBBC4, 0x8A82, 0x5140, 0x2880, 0x1020, 0x30C0, 0x69C1, 0x30C0, 0x0000, 0x0000, 0x0000, 0x0000, 0x0000, 0x0000,
  0x0000, 0x0000, 0x0000, 0x0000, 0x0000, 0x0000, 0x0000, 0x0020, 0x0040, 0x0841, 0x0841, 0x1040, 0x1040, 0x28A0, 0x6A22, 0xC406,
  0xD446, 0x9AC2, 0x6160, 0x38C0, 0x2060, 0x4900, 0x6181, 0x1840, 0x0000, 0x0000, 0x0000, 0x0000, 0x0000, 0x0020, 0x0020, 0x0000,
  0x0000, 0x0000, 0x0000, 0x0000, 0x0000, 0x0000, 0x0000, 0x0020, 0x0000, 0x0000, 0x0000, 0x0000, 0x0000, 0x0000, 0x0000, 0x0000,
  0x0000, 0x0000, 0x0000, 0x0000, 0x0000, 0x0000, 0x0000, 0x18E4, 0x2965, 0x4208, 0x4229, 0x4229, 0x4A6A, 0x5ACB, 0x73AF, 0x5AEC,
  0x2945, 0x1082, 0x3A08, 0x31A7, 0x0000, 0x73CF, 0xCE7A, 0x94B3, 0x4A49, 0x10A2, 0x0000, 0x2945, 0x9D14, 0x7BD0, 0x52AB, 0x528B,
  0x1082, 0x0000, 0x0000, 0x2124, 0x18E3, 0x0000, 0x0000, 0x2924, 0x5ACA, 0x9492, 0x7BCF, 0x10A2, 0x18A2, 0x0861, 0x0020, 0x0000,
  0x0841, 0x632D, 0xAD96, 0x528A, 0x20E2, 0x2103, 0x4A89, 0x39C7, 0x2945, 0x2944, 0x2944, 0x2924, 0x18C3, 0x18E2, 0x18E3, 0x30E1,
  0xB428, 0xFE8E, 0xE4C6, 0xAB00, 0x7A00, 0x9280, 0xCBE2, 0xC382, 0x4940, 0x0840, 0x0800, 0x7329, 0xFF34, 0xCC45, 0xA303, 0x7A41,
  0x5980, 0x3900, 0x2080, 0x0820, 0x0000, 0x1040, 0x2060, 0x1860, 0x1020, 0x0800, 0x0800, 0x0840, 0x0000, 0x1880, 0xA4AD, 0xFFFD,
  0xFFFE, 0xFF75, 0xD4C7, 0x8A60, 0x61A0, 0x38E0, 0x30A0, 0x4900, 0x71C1, 0x6980, 0x2060, 0x0000, 0x0000, 0x0000, 0x0000, 0x0000,
  0x0000, 0x1040, 0x3900, 0x82A2, 0xDD4B, 0xFFB9, 0xFFFF, 0xFFF9, 0xE5AB, 0x8261, 0x40E0, 0x28A0, 0x30C0, 0x4100, 0x5981, 0x61A2,
  0x4121, 0x1040, 0x0000, 0x0000, 0x0000, 0x0000, 0x0000, 0x0000, 0x1040, 0x3101, 0x59E2, 0x9B86, 0xE5CE, 0xFFDA, 0xFFFE, 0xFFFB,
  0xFF54, 0xDD6A, 0xA323, 0x6180, 0x30C0, 0x28A0, 0x38E0, 0x4920, 0x5981, 0x5161, 0x28A0, 0x0000, 0x0000, 0x0000, 0x0000, 0x0000,
  0x0000, 0x0000, 0x0000, 0x0800, 0x0820, 0x0820, 0x1040, 0x2080, 0x30E0, 0x4961, 0x59C1, 0x6A02, 0x8AA3, 0xBC06, 0xEDAA, 0xF5CA,
  0xCC66, 0x9AE2, 0x69C1, 0x40E0, 0x2060, 0x1840, 0x4921, 0x5981, 0x1860, 0x0000, 0x0000, 0x0000, 0x0000, 0x0000, 0x0000, 0x0000,
  0x0000, 0x0000, 0x0000, 0x0000, 0x0020, 0x0020, 0x0840, 0x0840, 0x0840, 0x1040, 0x1060, 0x20A0, 0x59A1, 0xB3A5, 0xDCA7, 0xBB84,
  0x79E1, 0x4920, 0x28A0, 0x2880, 0x5961, 0x5961, 0x0820, 0x0000, 0x0000, 0x0000, 0x0000, 0x0020, 0x0020, 0x0000, 0x0000, 0x0000,
  0x0000, 0x0000, 0x0000, 0x0000, 0x0000, 0x0000, 0x0000, 0x0020, 0x0020, 0x0000, 0x0000, 0x0000, 0x0000, 0x0000, 0x0000, 0x0000,
  0x0000, 0x0000, 0x0000, 0x0000, 0x0000, 0x0000, 0x0861, 0x18C3, 0x1062, 0x10A2, 0x0861, 0x0020, 0x0841, 0x1082, 0x73AE, 0x7BF0,
  0x52AB, 0x2124, 0x0020, 0x2124, 0x0882, 0x4A69, 0xB5B7, 0x8C51, 0x4A6A, 0x1082, 0x0000, 0x4208, 0xB597, 0x9492, 0x5B0C, 0x630D,
  0x2945, 0x0000, 0x0000, 0x1082, 0x0861, 0x0000, 0x0000, 0x41E7, 0x6B4D, 0xB596, 0x31A6, 0x18C2, 0x1081, 0x0840, 0x0000, 0x0000,
  0x18C3, 0x73F0, 0x9D15, 0x4228, 0x4A27, 0x41E6, 0x31A6, 0x3186, 0x3185, 0x18E3, 0x2924, 0x3964, 0x10A2, 0x18A2, 0x59E3, 0xDD6C,
  0xFE8E, 0xDC65, 0xA301, 0x71E0, 0x8240, 0xC3C2, 0xCBC2, 0x71C0, 0x0820, 0x1040, 0x28E2, 0xEED5, 0xE56A, 0xA343, 0x8A82, 0x69C0,
  0x4920, 0x30C0, 0x1840, 0x0820, 0x0000, 0x0820, 0x1020, 0x0800, 0x0000, 0x0820, 0x0800, 0x0000, 0x5204, 0xE695, 0xFFFE, 0xFFDB,
  0xFF74, 0xD4C6, 0x8240, 0x61A0, 0x40E0, 0x38E0, 0x5120, 0x71C1, 0x6160, 0x2040, 0x0000, 0x0000, 0x0000, 0x0000, 0x0000, 0x0000,
  0x1020, 0x3900, 0x8AC3, 0xE5AD, 0xFFFA, 0xFFFC, 0xF6B2, 0xB3E5, 0x5940, 0x2060, 0x2080, 0x38E0, 0x59A1, 0x69E2, 0x5141, 0x2060,
  0x0000, 0x0000, 0x0000, 0x0000, 0x0000, 0x0000, 0x0000, 0x1860, 0x4141, 0x7263, 0xA3C7, 0xE5CE, 0xFF76, 0xFF55, 0xEE2F, 0xC4A9,
  0x8AC2, 0x4920, 0x28A0, 0x28C0, 0x3900, 0x4961, 0x5981, 0x5161, 0x30C0, 0x0820, 0x0000, 0x0000, 0x0000, 0x0000, 0x0000, 0x0000,
  0x0000, 0x0820, 0x1040, 0x2080, 0x28A0, 0x30E0, 0x3920, 0x5181, 0x6202, 0x7A62, 0x92E3, 0xB407, 0xE56A, 0xFDEB, 0xDCC7, 0xAB63,
  0x7A21, 0x4920, 0x2880, 0x2060, 0x30C0, 0x5981, 0x4941, 0x0820, 0x0000, 0x0000, 0x0000, 0x0000, 0x0000, 0x0000, 0x0000, 0x0000,
  0x0000, 0x0000, 0x0020, 0x0020, 0x0820, 0x0820, 0x0820, 0x1040, 0x1860, 0x28C0, 0x5180, 0x9B04, 0xD467, 0xCC06, 0x8A82, 0x5960,
  0x38E0, 0x2080, 0x38E0, 0x61A1, 0x4101, 0x0000, 0x0000, 0x0000, 0x0020, 0x0000, 0x0020, 0x0000, 0x0000, 0x0000, 0x0000, 0x0000,
  0x0020, 0x0000, 0x0000, 0x0000, 0x0000, 0x0000, 0x0000, 0x0820, 0x1081, 0x0000, 0x0000, 0x0000, 0x0000, 0x0000, 0x0000, 0x0000,
  0x0000, 0x0000, 0x0000, 0x0000, 0x0000, 0x0000, 0x10A2, 0x0020, 0x0000, 0x0020, 0x0000, 0x0000, 0x0000, 0x0020, 0x6B4D, 0x9492,
  0x7BF0, 0x4229, 0x2104, 0x0861, 0x1082, 0x18E3, 0x7BD0, 0x8431, 0x4A6A, 0x10A2, 0x0000, 0x528A, 0xCE7A, 0xB5B7, 0x738F, 0x5AEC,
  0x39C7, 0x0020, 0x0020, 0x0020, 0x0861, 0x0000, 0x10A2, 0x62EB, 0xA514, 0x738E, 0x10A2, 0x1082, 0x0841, 0x0000, 0x0000, 0x0000,
  0x39C8, 0x94D4, 0x8C92, 0x2944, 0x62A8, 0x5268, 0x2944, 0x3185, 0x3185, 0x18E3, 0x18A2, 0x2923, 0x20C2, 0x82E5, 0xF6D1, 0xFEAF,
  0xDC64, 0xA2E1, 0x71C0, 0x8220, 0xBBA2, 0xC3C3, 0x8221, 0x1020, 0x1060, 0x0000, 0xA4AF, 0xFEB0, 0xB383, 0x8AA2, 0x69E0, 0x5140,
  0x38E0, 0x28A0, 0x1020, 0x0800, 0x0000, 0x0000, 0x0800, 0x0000, 0x0000, 0x0000, 0x1860, 0x9C4B, 0xFFDB, 0xFFFE, 0xFFB9, 0xFF74,
  0xD4C7, 0x8220, 0x5980, 0x40E0, 0x4100, 0x6180, 0x79E1, 0x5940, 0x1840, 0x0000, 0x0000, 0x0000, 0x0000, 0x0000, 0x0000, 0x1040,
  0x3900, 0x82C3, 0xEE0F, 0xFFFB, 0xF6F4, 0xBC47, 0x69C0, 0x38C0, 0x30A0, 0x38E0, 0x5161, 0x61A2, 0x5161, 0x28A0, 0x0800, 0x0000,
  0x0000, 0x0000, 0x0000, 0x0000, 0x0000, 0x0820, 0x1860, 0x3921, 0x6A02, 0x8AE5, 0xB3E8, 0xC489, 0xABC6, 0x8261, 0x5960, 0x38C0,
  0x2880, 0x28A0, 0x3900, 0x5181, 0x59A2, 0x4941, 0x28A0, 0x0820, 0x0000, 0x0000, 0x0000, 0x0000, 0x0000, 0x0000, 0x1040, 0x28A0,
  0x3900, 0x4141, 0x51A1, 0x61E2, 0x7243, 0x82A3, 0x8AC3, 0x9304, 0xABA5, 0xCCC9, 0xF60D, 0xFE2D, 0xE528, 0xAB43, 0x8241, 0x5980,
  0x30A0, 0x2080, 0x28A0, 0x5161, 0x61A1, 0x30C0, 0x0000, 0x0000, 0x0000, 0x0000, 0x0000, 0x0000, 0x0000, 0x0000, 0x0000, 0x0820,
  0x0020, 0x0820, 0x0820, 0x0840, 0x1040, 0x1860, 0x2080, 0x30C0, 0x4940, 0x8282, 0xC406, 0xD446, 0xA303, 0x61A0, 0x40E0, 0x2080,
  0x2060, 0x5141, 0x69C2, 0x28A0, 0x0000, 0x0000, 0x0000, 0x0000, 0x0000, 0x0000, 0x0000, 0x0000, 0x0000, 0x0020, 0x0020, 0x0000,
  0x0000, 0x0000, 0x0000, 0x0000, 0x0000, 0x0820, 0x1860, 0x1860, 0x1881, 0x0841, 0x0000, 0x0000, 0x0000, 0x0000, 0x0000, 0x0000,
  0x0000, 0x0000, 0x0000, 0x0000, 0x0000, 0x0000, 0x10A2, 0x0020, 0x18A3, 0x2124, 0x2945, 0x2965, 0x39E7, 0x2965, 0x6B4D, 0x9CF4,
  0x9D14, 0x73AF, 0x52AB, 0x18E4, 0x0841, 0x0841, 0x4A6A, 0x7BF0, 0x4A6A, 0x10A2, 0x0000, 0x5AEC, 0xCE59, 0xCE7A, 0x8431, 0x5AEC,
  0x4208, 0x0020, 0x0000, 0x0020, 0x0861, 0x0000, 0x3165, 0x738E, 0xB5B7, 0x39E7, 0x1082, 0x0861, 0x0820, 0x0000, 0x0000, 0x1082,
  0x52CC, 0x94D4, 0x6B4D, 0x18A2, 0x41E6, 0x5A89, 0x20E3, 0x31A6, 0x3185, 0x2903, 0x2103, 0x3144, 0xAC29, 0xFF94, 0xFE8F, 0xD444,
  0xA301, 0x71C0, 0x8220, 0xC3A2, 0xC3C2, 0x9281, 0x1860, 0x0840, 0x0000, 0x5246, 0xFEF3, 0xC405, 0x92E2, 0x7201, 0x5160, 0x4100,
  0x30A0, 0x2080, 0x0820, 0x0000, 0x0020, 0x0000, 0x0000, 0x0000, 0x0000, 0x5A24, 0xDE73, 0xFFFE, 0xFFFD, 0xFFB9, 0xFF53, 0xD4C7,
  0x7A00, 0x5960, 0x4100, 0x4920, 0x69C1, 0x79E1, 0x5120, 0x1020, 0x0000, 0x0000, 0x0000, 0x0000, 0x0000, 0x0000, 0x1020, 0x4121,
  0x9B45, 0xEDCD, 0xEE30, 0xABE8, 0x61A0, 0x30A0, 0x28A0, 0x4100, 0x61A1, 0x71E2, 0x5161, 0x2880, 0x0800, 0x0000, 0x0000, 0x0000,
  0x0000, 0x0000, 0x0000, 0x0000, 0x0820, 0x1040, 0x20A0, 0x3900, 0x4141, 0x4121, 0x4120, 0x38E0, 0x3080, 0x2060, 0x2080, 0x38E0,
  0x4941, 0x59A1, 0x5981, 0x4101, 0x2060, 0x0800, 0x0000, 0x0000, 0x0000, 0x0000, 0x0000, 0x0000, 0x0820, 0x20C0, 0x6223, 0x9BA8,
  0xB46B, 0xBC6A, 0xB429, 0xBC48, 0xCCCA, 0xD52B, 0xE5AD, 0xF62E, 0xFEAF, 0xFE4E, 0xDD29, 0xB384, 0x7A21, 0x4920, 0x30C0, 0x28A0,
  0x30A0, 0x4920, 0x61A1, 0x5141, 0x1040, 0x0000, 0x0000, 0x0000, 0x0000, 0x0000, 0x0000, 0x0000, 0x0000, 0x0000, 0x0820, 0x0820,
  0x0820, 0x1040, 0x1860, 0x2080, 0x28A0, 0x38E0, 0x5160, 0x8242, 0xB384, 0xCC05, 0xAB23, 0x69C0, 0x4100, 0x30A0, 0x2060, 0x28A0,
  0x61A1, 0x61A1, 0x1840, 0x0000, 0x0000, 0x0000, 0x0000, 0x0000, 0x0000, 0x0000, 0x0000, 0x0020, 0x0020, 0x0000, 0x0000, 0x0000,
  0x0000, 0x0000, 0x0000, 0x1020, 0x2060, 0x28A0, 0x28A0, 0x1020, 0x0020, 0x0861, 0x0000, 0x0000, 0x0000, 0x0000, 0x0000, 0x0000,
  0x0000, 0x0000, 0x0000, 0x0000, 0x0000, 0x0841, 0x1082, 0x0861, 0x10A2, 0x3186, 0x4208, 0x4228, 0x630C, 0x4208, 0x73CF, 0xAD76,
  0xC639, 0xAD55, 0x738E, 0x39C7, 0x1082, 0x0000, 0x18C3, 0x52AB, 0x528A, 0x18E3, 0x0000, 0x4A6A, 0xB5B7, 0xE71C, 0x9492, 0x630C,
  0x4208, 0x0020, 0x0000, 0x0020, 0x0020, 0x0020, 0x5AAA, 0x9CF4, 0x73CF, 0x10A2, 0x10A2, 0x0840, 0x0000, 0x0000, 0x0000, 0x2966,
  0x7BF0, 0xAD97, 0x5AEC, 0x1061, 0x3984, 0x62CA, 0x2944, 0x2103, 0x3144, 0x4207, 0x51E5, 0xC50C, 0xFFF7, 0xFE8F, 0xCC24, 0x9AC1,
  0x71C0, 0x8220, 0xB361, 0xC3A2, 0x9AA1, 0x28A0, 0x0820, 0x0820, 0x28E2, 0xEE93, 0xCCA8, 0x92E3, 0x7A42, 0x61A0, 0x4100, 0x28A0,
  0x2060, 0x1840, 0x0820, 0x0800, 0x0820, 0x0840, 0x0800, 0x30E0, 0xAC49, 0xFFDA, 0xFFFE, 0xFFDB, 0xFFB9, 0xFF53, 0xD4A7, 0x8220,
  0x5960, 0x4100, 0x5140, 0x71E1, 0x79E1, 0x48E0, 0x1020, 0x0000, 0x0000, 0x0000, 0x0000, 0x0000, 0x0000, 0x1020, 0x30E0, 0x6A43,
  0x9B66, 0x8B05, 0x5140, 0x3080, 0x30C0, 0x4120, 0x5981, 0x59A1, 0x4941, 0x2880, 0x0800, 0x0000, 0x0000, 0x0000, 0x0000, 0x0000,
  0x0000, 0x0000, 0x0000, 0x0000, 0x0000, 0x0800, 0x1020, 0x1020, 0x1040, 0x1860, 0x28A0, 0x38E0, 0x4121, 0x5161, 0x5981, 0x5161,
  0x4101, 0x2880, 0x1020, 0x0000, 0x0000, 0x0000, 0x0000, 0x0000, 0x0000, 0x0000, 0x0800, 0x1040, 0x30E1, 0x6A65, 0xB4AD, 0xF6D6,
  0xFFDC, 0xFFDB, 0xFF57, 0xFF35, 0xFF75, 0xFF13, 0xFED2, 0xE5CD, 0xBC27, 0x8AA2, 0x61A0, 0x4900, 0x38C0, 0x30C0, 0x38E0, 0x4920,
  0x5981, 0x5961, 0x28A0, 0x0000, 0x0000, 0x0000, 0x0000, 0x0000, 0x0000, 0x0000, 0x0800, 0x0800, 0x0820, 0x1020, 0x1040, 0x1860,
  0x2080, 0x28A0, 0x30E0, 0x4120, 0x59A0, 0x7A41, 0xA303, 0xBB84, 0xAB23, 0x7201, 0x4100, 0x30A0, 0x2880, 0x2880, 0x4920, 0x69C1,
  0x4101, 0x0000, 0x0000, 0x0000, 0x0000, 0x0000, 0x0020, 0x0020, 0x0020, 0x0020, 0x0000, 0x0000, 0x0000, 0x0000, 0x0000, 0x0000,
  0x0000, 0x1020, 0x2080, 0x30C0, 0x28A0, 0x2060, 0x1040, 0x0800, 0x0000, 0x1062, 0x0000, 0x0000, 0x0000, 0x0000, 0x0000, 0x0000,
  0x0000, 0x0000, 0x0000, 0x0000, 0x0000, 0x0861, 0x0861, 0x18C2, 0x18E3, 0x39C7, 0x39C7, 0x4A49, 0x4A49, 0x39E8, 0x738F, 0xAD96,
  0xBDD7, 0xB5D7, 0x9CD3, 0x5AEC, 0x2125, 0x0000, 0x0000, 0x3A08, 0x4A49, 0x2124, 0x0841, 0x6B4D, 0xC639, 0xEF7E, 0x9CF4, 0x5AEC,
  0x4208, 0x0841, 0x0000, 0x0000, 0x0000, 0x18E3, 0x8410, 0xAD76, 0x31A6, 0x0861, 0x1082, 0x0020, 0x0000, 0x0000, 0x0841, 0x4A49,
  0x8C92, 0xBDF8, 0x7BF0, 0x2902, 0x28E2, 0x41C6, 0x5269, 0x20E2, 0x4208, 0x7309, 0xDE10, 0xFFF8, 0xFEAF, 0xDC64, 0xA2E1, 0x69C0,
  0x8200, 0xB341, 0xBB61, 0x9281, 0x28A0, 0x0820, 0x0840, 0x0820, 0xCDB1, 0xDD4B, 0x92C2, 0x7A41, 0x61C1, 0x5160, 0x38E0, 0x2080,
  0x1040, 0x1020, 0x1020, 0x1040, 0x1860, 0x30C0, 0x7A82, 0xE60F, 0xFFFD, 0xFFFD, 0xFFDB, 0xFFD9, 0xFF53, 0xCCA7, 0x7A20, 0x5980,
  0x4900, 0x5960, 0x7A01, 0x71C1, 0x38E0, 0x0820, 0x0000, 0x0000, 0x0000, 0x0000, 0x0000, 0x0000, 0x1020, 0x28C0, 0x4121, 0x3901,
  0x30C0, 0x30C0, 0x4100, 0x59A1, 0x61C1, 0x59A1, 0x4100, 0x1840, 0x0000, 0x0000, 0x0000, 0x0000, 0x0000, 0x0000, 0x0800, 0x0820,
  0x1020, 0x1020, 0x1040, 0x1040, 0x1860, 0x2080, 0x30C0, 0x38E0, 0x4121, 0x4941, 0x5161, 0x4121, 0x38E1, 0x28A0, 0x1840, 0x0800,
  0x0000, 0x0000, 0x0000, 0x0000, 0x0000, 0x0000, 0x0000, 0x0000, 0x0000, 0x0000, 0x0820, 0x1040, 0x28C0, 0x51A3, 0x7AE6, 0xA40A,
  0xB4AD, 0xBCED, 0xC4ED, 0xB469, 0x9B86, 0x82C4, 0x7222, 0x6180, 0x4100, 0x28A0, 0x28A0, 0x30E0, 0x4941, 0x59A1, 0x61A1, 0x5161,
  0x28A0, 0x0800, 0x0000, 0x0820, 0x0820, 0x1020, 0x1040, 0x1040, 0x1040, 0x1840, 0x1860, 0x2080, 0x2080, 0x28A0, 0x30C0, 0x38E0,
  0x4100, 0x4940, 0x59A0, 0x7A21, 0x92C3, 0xA303, 0x92A2, 0x61A0, 0x4100, 0x38C0, 0x30A0, 0x28A0, 0x4100, 0x61A1, 0x5961, 0x2060,
  0x0000, 0x0000, 0x0000, 0x0000, 0x0000, 0x0000, 0x0020, 0x0000, 0x0000, 0x0000, 0x0000, 0x0000, 0x0000, 0x0000, 0x0000, 0x1020,
  0x2060, 0x30C0, 0x30C0, 0x2080, 0x1840, 0x1020, 0x0820, 0x0000, 0x0000, 0x0861, 0x0861, 0x0000, 0x0000, 0x0000, 0x0000, 0x0000,
  0x0000, 0x0000, 0x0000, 0x0000, 0x0000, 0x1082, 0x18C3, 0x41E7, 0x528A, 0x39E7, 0x5ACB, 0x5AEB, 0x4A69, 0x632D, 0x7BF0, 0xBDD7,
  0xCE59, 0xCE5A, 0x9CF4, 0x6B6E, 0x39C7, 0x18C3, 0x0000, 0x18E3, 0x39C7, 0x2104, 0x0861, 0x6B8E, 0xC639, 0xDEFC, 0x9CD3, 0x5AEC,
  0x4A6A, 0x0861, 0x0000, 0x0000, 0x0000, 0x4208, 0xAD76, 0x7BF0, 0x0861, 0x1081, 0x0841, 0x0000, 0x0000, 0x0000, 0x18E3, 0x52CB,
  0x94B3, 0xA535, 0x8C51, 0x3102, 0x0000, 0x2923, 0x41E6, 0x52AB, 0x93ED, 0xE672, 0xFFFB, 0xFED0, 0xDCA5, 0xA2E1, 0x79E0, 0x8220,
  0xB341, 0xBB82, 0x9AC1, 0x30C0, 0x0820, 0x1040, 0x0000, 0xACAD, 0xEDED, 0xA323, 0x7A62, 0x61C1, 0x5160, 0x3900, 0x28A0, 0x1860,
  0x1020, 0x1040, 0x1860, 0x30E0, 0x61C1, 0xB3E5, 0xFF12, 0xFFFC, 0xFFDD, 0xFFDC, 0xFFDA, 0xFF54, 0xD4E8, 0x7A20, 0x5960, 0x4900,
  0x6180, 0x8221, 0x71C0, 0x38C0, 0x0800, 0x0000, 0x0000, 0x0000, 0x0000, 0x0000, 0x0800, 0x1040, 0x28A0, 0x3900, 0x4120, 0x4961,
  0x5981, 0x59A1, 0x61C1, 0x5161, 0x28A0, 0x1020, 0x0000, 0x0000, 0x0000, 0x0000, 0x0000, 0x0000, 0x0000, 0x0000, 0x0000, 0x0000,
  0x0000, 0x0800, 0x0820, 0x0820, 0x1040, 0x1040, 0x1040, 0x1040, 0x1020, 0x0800, 0x0000, 0x0000, 0x0000, 0x0000, 0x0000, 0x0000,
  0x0000, 0x0000, 0x0000, 0x0000, 0x0000, 0x0000, 0x0800, 0x0820, 0x0820, 0x0820, 0x1020, 0x1020, 0x1040, 0x1860, 0x2060, 0x2060,
  0x2060, 0x2880, 0x38C0, 0x38C0, 0x2880, 0x2880, 0x30C0, 0x3900, 0x4940, 0x5161, 0x5981, 0x59A1, 0x61A1, 0x4941, 0x2880, 0x0000,
  0x0000, 0x0000, 0x0800, 0x1020, 0x1840, 0x2060, 0x2080, 0x28A0, 0x30C0, 0x30C0, 0x38E0, 0x38E0, 0x4100, 0x4120, 0x4940, 0x5160,
  0x61A0, 0x71E1, 0x7A41, 0x7A21, 0x69E1, 0x5960, 0x4100, 0x38E0, 0x38E0, 0x30C0, 0x40E0, 0x6181, 0x69A1, 0x38E0, 0x0800, 0x0000,
  0x0000, 0x0000, 0x0000, 0x0000, 0x0000, 0x0000, 0x0000, 0x0000, 0x0000, 0x0000, 0x0000, 0x0000, 0x0000, 0x0820, 0x1860, 0x28A0,
  0x38E0, 0x28C0, 0x2080, 0x1840, 0x1020, 0x0000, 0x0000, 0x0000, 0x0000, 0x0020, 0x1082, 0x0000, 0x0000, 0x0000, 0x0000, 0x0000,
  0x0000, 0x0000, 0x0000, 0x0000, 0x0020, 0x2104, 0x3186, 0x39E7, 0x52AB, 0x4228, 0x5ACB, 0x738E, 0x4A49, 0x73AF, 0x8410, 0xC639,
  0xD69A, 0xC639, 0x8C72, 0x6B6E, 0x52AB, 0x3186, 0x0841, 0x0020, 0x3186, 0x18C3, 0x1082, 0x73AF, 0xC639, 0xE71C, 0x8C52, 0x5AEC,
  0x4A49, 0x0861, 0x0000, 0x0000, 0x0020, 0x6B6D, 0xA535, 0x31A6, 0x1082, 0x1081, 0x0020, 0x0000, 0x0000, 0x0000, 0x2986, 0x73CF,
  0xA535, 0x94D3, 0x7BCF, 0x3964, 0x0840, 0x3165, 0x6B6E, 0x9C6F, 0xEED4, 0xFFFB, 0xFF33, 0xE507, 0xA301, 0x71C0, 0x8220, 0xBB82,
  0xBB62, 0x9AA1, 0x38E0, 0x0820, 0x1040, 0x0000, 0x93EB, 0xF62E, 0xA343, 0x8AA2, 0x69E1, 0x5160, 0x3900, 0x28A0, 0x1860, 0x1040,
  0x1040, 0x1860, 0x28E0, 0x6202, 0xC487, 0xFF33, 0xFFFD, 0xFFDC, 0xFFFC, 0xFFDA, 0xFF54, 0xDD29, 0x8241, 0x5140, 0x4900, 0x61A0,
  0x8221, 0x69A0, 0x30A0, 0x0800, 0x0000, 0x0000, 0x0000, 0x0000, 0x0000, 0x1040, 0x28A0, 0x4121, 0x5181, 0x59A1, 0x61C2, 0x61A1,
  0x5141, 0x30C0, 0x1040, 0x0000, 0x0000, 0x0000, 0x0000, 0x0000, 0x0000, 0x0800, 0x0820, 0x1020, 0x1040, 0x1840, 0x1860, 0x1860,
  0x1840, 0x1840, 0x1040, 0x1020, 0x1020, 0x0820, 0x0800, 0x0800, 0x0000, 0x0000, 0x0000, 0x0800, 0x0800, 0x0800, 0x0800, 0x0800,
  0x0800, 0x0800, 0x1020, 0x1860, 0x2080, 0x2080, 0x2080, 0x1860, 0x1040, 0x1860, 0x2080, 0x28A0, 0x3900, 0x3901, 0x3901, 0x3101,
  0x3101, 0x3921, 0x4941, 0x5181, 0x51A1, 0x5181, 0x5181, 0x59A2, 0x69E2, 0x69C2, 0x5141, 0x30A0, 0x1040, 0x0000, 0x0000, 0x0000,
  0x0000, 0x0000, 0x0000, 0x0800, 0x0820, 0x1020, 0x1840, 0x2060, 0x2880, 0x28A0, 0x30C0, 0x38C0, 0x38E0, 0x4120, 0x5140, 0x5160,
  0x5160, 0x5140, 0x4920, 0x38E0, 0x38C0, 0x40E0, 0x4920, 0x4900, 0x4100, 0x5981, 0x71E1, 0x5161, 0x1860, 0x0000, 0x0000, 0x0000,
  0x0000, 0x0000, 0x0000, 0x0000, 0x0000, 0x0000, 0x0000, 0x0000, 0x0000, 0x0000, 0x0000, 0x0800, 0x1040, 0x2080, 0x2080, 0x28A0,
  0x28A0, 0x1860, 0x1040, 0x0820, 0x0000, 0x0000, 0x0000, 0x0000, 0x0000, 0x0000, 0x0861, 0x0000, 0x0000, 0x0000, 0x0000, 0x0000,
  0x0000, 0x0000, 0x0000, 0x0000, 0x10A2, 0x2965, 0x4228, 0x4208, 0x4A8A, 0x526A, 0x5289, 0x6B4D, 0x8C51, 0x7BD0, 0x7BF0, 0xB5B7,
  0xBDD7, 0xC619, 0xAD96, 0x8431, 0x632D, 0x31A7, 0x18C3, 0x0000, 0x18C3, 0x10A2, 0x18C3, 0x8C51, 0xBE18, 0xDEFC, 0x8C52, 0x5ACB,
  0x39C7, 0x1082, 0x0020, 0x0000, 0x18E3, 0xA514, 0x7BEF, 0x10A2, 0x1081, 0x0861, 0x0020, 0x0000, 0x0000, 0x0862, 0x3A09, 0x8C72,
  0xA535, 0x8410, 0x630C, 0x5B0C, 0x52AB, 0x7BF1, 0x9C4E, 0xEF15, 0xFFFB, 0xFF53, 0xED47, 0xB362, 0x71E0, 0x79E0, 0xAB21, 0xBB62,
  0x9AA1, 0x38E0, 0x0820, 0x1060, 0x0000, 0x8369, 0xFE8F, 0xAB64, 0x8282, 0x69E1, 0x5980, 0x4120, 0x28A0, 0x1860, 0x1040, 0x1020,
  0x1860, 0x30E0, 0x59C1, 0xBC26, 0xFF13, 0xFFFC, 0xFFDD, 0xFFFD, 0xFFDB, 0xFF74, 0xDD29, 0x8241, 0x5120, 0x5120, 0x61A0, 0x8221,
  0x69A0, 0x2880, 0x0800, 0x0000, 0x0000, 0x0000, 0x0800, 0x1860, 0x30C0, 0x4120, 0x4961, 0x4961, 0x4921, 0x38E0, 0x2080, 0x0820,
  0x0000, 0x0000, 0x0000, 0x0000, 0x0000, 0x0800, 0x0820, 0x0820, 0x0820, 0x0820, 0x1020, 0x1040, 0x1040, 0x1840, 0x1860, 0x1860,
  0x2080, 0x2880, 0x28A0, 0x28A0, 0x30A0, 0x30A0, 0x30A0, 0x28A0, 0x2880, 0x2080, 0x2060, 0x1840, 0x1840, 0x1840, 0x1040, 0x1020,
  0x0820, 0x0820, 0x0800, 0x0800, 0x1040, 0x2080, 0x38E1, 0x4101, 0x38E0, 0x28A0, 0x2080, 0x2080, 0x30C0, 0x30E0, 0x38E1, 0x3901,
  0x4941, 0x4961, 0x5182, 0x5982, 0x5981, 0x5161, 0x4101, 0x30C0, 0x2080, 0x1020, 0x0800, 0x0000, 0x0000, 0x0000, 0x0000, 0x0000,
  0x0000, 0x0000, 0x0000, 0x0000, 0x0000, 0x0000, 0x0000, 0x0800, 0x0820, 0x1020, 0x1020, 0x1040, 0x1840, 0x1860, 0x2080, 0x2880,
  0x30A0, 0x38C0, 0x4100, 0x5140, 0x5960, 0x5140, 0x5140, 0x61A0, 0x7A01, 0x69C1, 0x30C0, 0x0000, 0x0000, 0x0000, 0x0000, 0x0000,
  0x0000, 0x0000, 0x0000, 0x0000, 0x0000, 0x0000, 0x0000, 0x0000, 0x0000, 0x0800, 0x0820, 0x1860, 0x28A0, 0x2080, 0x2080, 0x2080,
  0x1840, 0x1020, 0x0820, 0x0000, 0x0000, 0x0000, 0x0000, 0x0000, 0x0000, 0x0000, 0x0020, 0x0020, 0x0000, 0x0000, 0x0000, 0x0000,
  0x0000, 0x0000, 0x0000, 0x0000, 0x18C3, 0x2965, 0x4208, 0x4228, 0x52AA, 0x5269, 0x5269, 0x7BCF, 0xBDD7, 0x8C51, 0x632D, 0xAD76,
  0xC618, 0xBDF8, 0xAD96, 0x8C72, 0x634D, 0x4208, 0x2125, 0x0840, 0x10A2, 0x18E3, 0x10A2, 0x7BF0, 0xBDD7, 0xEF7D, 0x8431, 0x4229,
  0x3186, 0x0882, 0x0020, 0x0000, 0x4A29, 0xAD55, 0x4208, 0x0861, 0x1061, 0x0841, 0x0000, 0x0000, 0x0000, 0x18E4, 0x4A6A, 0x8C52,
  0x8431, 0x8411, 0x73AF, 0x736E, 0x8C72, 0x9C4E, 0xF736, 0xFFFB, 0xFF75, 0xE548, 0xB321, 0x8220, 0x8200, 0xB321, 0xB342, 0x9AA1,
  0x38E0, 0x0800, 0x1060, 0x0000, 0x72E8, 0xFEB1, 0xB3A4, 0x8282, 0x61E1, 0x5980, 0x4940, 0x30C0, 0x1860, 0x1020, 0x1020, 0x1040,
  0x30C0, 0x51A1, 0xA384, 0xF66F, 0xFFDA, 0xFFFD, 0xFFFD, 0xFFFD, 0xFFB6, 0xE56A, 0x8241, 0x4920, 0x5140, 0x71C0, 0x8220, 0x61A0,
  0x2060, 0x0800, 0x0000, 0x0000, 0x0000, 0x0800, 0x1860, 0x2080, 0x2080, 0x2080, 0x1040, 0x0820, 0x0000, 0x0000, 0x0000, 0x0000,
  0x0000, 0x0000, 0x1040, 0x1040, 0x0820, 0x0820, 0x0000, 0x0000, 0x0000, 0x0000, 0x0000, 0x0000, 0x0000, 0x0000, 0x0000, 0x0000,
  0x0000, 0x0000, 0x0000, 0x0820, 0x0820, 0x0820, 0x1040, 0x1020, 0x0820, 0x0820, 0x0820, 0x0000, 0x0000, 0x0000, 0x0000, 0x0000,
  0x0000, 0x0000, 0x0000, 0x0000, 0x0000, 0x0000, 0x0000, 0x1860, 0x38E1, 0x5141, 0x5961, 0x5161, 0x4100, 0x30C0, 0x2880, 0x2080,
  0x2060, 0x1860, 0x1840, 0x1020, 0x1020, 0x0800, 0x0000, 0x0000, 0x0000, 0x0000, 0x0000, 0x0000, 0x0000, 0x0000, 0x0000, 0x0000,
  0x0000, 0x0000, 0x0000, 0x0000, 0x0000, 0x0800, 0x0800, 0x0820, 0x1020, 0x1040, 0x1860, 0x2060, 0x2880, 0x30A0, 0x38E0, 0x4920,
  0x5960, 0x69A0, 0x69A0, 0x6180, 0x5960, 0x6180, 0x71E1, 0x71C1, 0x4100, 0x0820, 0x0000, 0x0000, 0x0000, 0x0000, 0x0000, 0x0000,
  0x0000, 0x0000, 0x0000, 0x0000, 0x0000, 0x0000, 0x0000, 0x0000, 0x0800, 0x1040, 0x28A0, 0x28A0, 0x2080, 0x2080, 0x2080, 0x1840,
  0x0820, 0x0000, 0x0000, 0x0000, 0x0000, 0x0000, 0x0000, 0x0000, 0x0000, 0x0000, 0x0020, 0x0841, 0x0000, 0x0000, 0x0000, 0x0000,
  0x0000, 0x0000, 0x0000, 0x0841, 0x20E3, 0x4208, 0x73AE, 0x5AEB, 0x528A, 0x630B, 0x8C71, 0x630C, 0x632D, 0x8C72, 0x7BF0, 0x9CF4,
  0xBDD8, 0xCE7A, 0xCE7A, 0xB5B7, 0x6B6E, 0x4208, 0x2124, 0x1082, 0x0861, 0x1082, 0x18E3, 0x8C52, 0xB596, 0xE75D, 0x8431, 0x4229,
  0x2965, 0x0020, 0x0000, 0x0000, 0x8C71, 0x9492, 0x1082, 0x1081, 0x1061, 0x0020, 0x0000, 0x0000, 0x0021, 0x3187, 0x5B0C, 0x94D4,
  0x94B3, 0x7BF0, 0x526A, 0x8C72, 0xA48F, 0xEF17, 0xFFFC, 0xFF96, 0xEDA9, 0xAB21, 0x71E0, 0x8200, 0xB341, 0xBB61, 0x9AC1, 0x38E0,
  0x0800, 0x1060, 0x0000, 0x6AA7, 0xFED2, 0xBC05, 0x8AA2, 0x69E1, 0x5180, 0x4940, 0x30C0, 0x2080, 0x1040, 0x1040, 0x1040, 0x20A0,
  0x4120, 0x8AE3, 0xEDEC, 0xFFB7, 0xFFDB, 0xFFDC, 0xFFFD, 0xFFB8, 0xE58B, 0x8241, 0x4100, 0x4940, 0x69A0, 0x8221, 0x69A0, 0x2060,
  0x0800, 0x0000, 0x0000, 0x0800, 0x0000, 0x0000, 0x0000, 0x0000, 0x0000, 0x0000, 0x0000, 0x0000, 0x0000, 0x0000, 0x0000, 0x0000,
  0x0020, 0x0820, 0x0820, 0x0000, 0x0000, 0x0000, 0x0000, 0x0000, 0x0000, 0x0000, 0x0000, 0x0000, 0x0000, 0x0000, 0x0000, 0x0000,
  0x0000, 0x0000, 0x0000, 0x0000, 0x0000, 0x0000, 0x0000, 0x0000, 0x0000, 0x0000, 0x0000, 0x0000, 0x0000, 0x0000, 0x0000, 0x0000,
  0x0000, 0x0000, 0x0000, 0x0000, 0x0000, 0x0000, 0x0000, 0x0000, 0x0000, 0x0000, 0x1860, 0x30C1, 0x4121, 0x5961, 0x61A1, 0x69A1,
  0x69A1, 0x5961, 0x5120, 0x40E0, 0x40E0, 0x40E0, 0x30C0, 0x2060, 0x1020, 0x0800, 0x0000, 0x0000, 0x0000, 0x0000, 0x0000, 0x0000,
  0x0800, 0x0820, 0x1020, 0x1020, 0x1040, 0x1840, 0x2060, 0x28A0, 0x30C0, 0x38E0, 0x4100, 0x4920, 0x5140, 0x5960, 0x5960, 0x5960,
  0x5960, 0x5960, 0x6180, 0x71C0, 0x7A01, 0x69A0, 0x40E0, 0x1020, 0x0000, 0x0000, 0x0000, 0x0000, 0x0000, 0x0000, 0x0000, 0x0000,
  0x0000, 0x0000, 0x0000, 0x0000, 0x0000, 0x0000, 0x0000, 0x0820, 0x1860, 0x28C0, 0x28A0, 0x2880, 0x28A0, 0x1860, 0x1040, 0x0820,
  0x0000, 0x0000, 0x0000, 0x0000, 0x0000, 0x0000, 0x0000, 0x0000, 0x0000, 0x0020, 0x0000, 0x0861, 0x0000, 0x0000, 0x0000, 0x0000,
  0x0000, 0x0000, 0x0000, 0x10A2, 0x2965, 0x52AA, 0x630C, 0x4A69, 0x3165, 0x528A, 0x736E, 0x630C, 0x52AA, 0x8431, 0x8431, 0x8C92,
  0xB596, 0xCE7A, 0xE73D, 0xB597, 0x6B6E, 0x4208, 0x2945, 0x10A2, 0x0841, 0x0861, 0x2124, 0x8C72, 0xAD96, 0xE71C, 0x7BAF, 0x4A49,
  0x2124, 0x0000, 0x0000, 0x2104, 0xAD75, 0x4A49, 0x1082, 0x1081, 0x0841, 0x0000, 0x0020, 0x0000, 0x18C3, 0x3A08, 0x7BF0, 0x8CB3,
  0x634D, 0x73CF, 0x6B6E, 0x9C4E, 0xEF18, 0xFFFE, 0xFFD8, 0xF60B, 0xB361, 0x79E0, 0x7A00, 0xAB21, 0xB341, 0xA2C1, 0x4100, 0x0820,
  0x1060, 0x0000, 0x6287, 0xFF13, 0xC446, 0x92C2, 0x7221, 0x59A1, 0x4940, 0x30E0, 0x2080, 0x1840, 0x1040, 0x1040, 0x2080, 0x3100,
  0x6201, 0xCC87, 0xFF33, 0xFFD9, 0xFFDB, 0xFFDC, 0xFFB8, 0xE5AB, 0x8261, 0x4900, 0x4920, 0x69A0, 0x8241, 0x69A0, 0x2060, 0x0820,
  0x0800, 0x0000, 0x0800, 0x0000, 0x0800, 0x0800, 0x0800, 0x0800, 0x0800, 0x0000, 0x0000, 0x0820, 0x0820, 0x0820, 0x0800, 0x0000,
  0x0000, 0x0000, 0x0000, 0x0000, 0x0000, 0x0000, 0x0000, 0x0000, 0x0000, 0x0000, 0x0000, 0x0000, 0x0000, 0x0000, 0x0000, 0x0000,
  0x0000, 0x0000, 0x0000, 0x0000, 0x0000, 0x0000, 0x0000, 0x0000, 0x0000, 0x0000, 0x0000, 0x0000, 0x0000, 0x0000, 0x0000, 0x0000,
  0x0000, 0x0000, 0x0000, 0x0000, 0x0000, 0x0000, 0x0000, 0x0000, 0x0000, 0x0000, 0x0000, 0x0000, 0x0000, 0x0020, 0x1061, 0x20A1,
  0x28C1, 0x28C1, 0x30A0, 0x30A0, 0x30A0, 0x38C0, 0x4900, 0x5120, 0x4100, 0x38E0, 0x38E0, 0x30A0, 0x2880, 0x1840, 0x0820, 0x0000,
  0x0000, 0x0000, 0x0000, 0x0000, 0x0800, 0x0800, 0x1020, 0x1840, 0x1860, 0x2080, 0x2880, 0x2880, 0x30A0, 0x30C0, 0x40E0, 0x4920,
  0x5960, 0x6180, 0x69A0, 0x5960, 0x38C0, 0x1020, 0x0000, 0x0000, 0x0000, 0x0000, 0x0000, 0x0000, 0x0000, 0x0000, 0x0000, 0x0000,
  0x0000, 0x0000, 0x0000, 0x0000, 0x0000, 0x0000, 0x0820, 0x2080, 0x28C0, 0x28A0, 0x28A0, 0x28A0, 0x1860, 0x1020, 0x0800, 0x0000,
  0x0000, 0x0000, 0x0000, 0x0000, 0x0000, 0x0000, 0x0000, 0x0020, 0x0020, 0x0000, 0x0000, 0x0841, 0x0020, 0x0000, 0x0000, 0x0000,
  0x0000, 0x0000, 0x0000, 0x10A2, 0x39A6, 0x52AA, 0x4A49, 0x31A6, 0x2924, 0x4228, 0x8410, 0x8431, 0x8C51, 0x9CF4, 0x8431, 0x7BF0,
  0xB596, 0xCE7A, 0xD69A, 0xBDF8, 0x9CD4, 0x4A49, 0x2945, 0x10A2, 0x0841, 0x0861, 0x2945, 0x7BF0, 0xA555, 0xDEFC, 0x7BF0, 0x4208,
  0x18C3, 0x0020, 0x0000, 0x5ACB, 0xA514, 0x18E3, 0x0861, 0x0861, 0x0820, 0x0000, 0x0000, 0x0000, 0x2125, 0x2986, 0x7BF0, 0x9CF4,
  0x8431, 0x6B6F, 0x83AC, 0xE6D6, 0xFFFE, 0xFFDA, 0xFE8F, 0xC3C2, 0x8220, 0x8220, 0xAB21, 0xB341, 0xA2C1, 0x4100, 0x0820, 0x1060,
  0x0000, 0x6266, 0xFF55, 0xCC87, 0x92C2, 0x7241, 0x61C0, 0x5180, 0x3900, 0x2080, 0x1840, 0x1020, 0x1040, 0x1860, 0x30E0, 0x51A1,
  0x9B45, 0xEDED, 0xFF75, 0xFFDA, 0xFFFC, 0xFFB7, 0xE5AB, 0x8A81, 0x4920, 0x5140, 0x69C0, 0x8241, 0x69A1, 0x1860, 0x0820, 0x0820,
  0x0000, 0x0000, 0x0000, 0x0800, 0x0800, 0x0800, 0x0800, 0x0800, 0x0820, 0x0820, 0x0820, 0x0820, 0x0000, 0x0000, 0x0000, 0x0000,
  0x0000, 0x0000, 0x0000, 0x0000, 0x0000, 0x0000, 0x0000, 0x0000, 0x0000, 0x0000, 0x0000, 0x0000, 0x0000, 0x0000, 0x0000, 0x0000,
  0x0000, 0x0000, 0x0000, 0x0000, 0x0000, 0x0000, 0x0000, 0x0000, 0x0000, 0x0000, 0x0000, 0x0000, 0x0000, 0x0000, 0x0000, 0x0000,
  0x0000, 0x0000, 0x0000, 0x0000, 0x0000, 0x0000, 0x0000, 0x0000, 0x0000, 0x0000, 0x0000, 0x0000, 0x0000, 0x0000, 0x0840, 0x0861,
  0x0861, 0x0861, 0x0841, 0x0040, 0x0000, 0x0000, 0x0000, 0x0000, 0x0820, 0x1040, 0x1860, 0x30A0, 0x40E0, 0x40E0, 0x40E0, 0x40E0,
  0x40E0, 0x38C0, 0x30A0, 0x2880, 0x2060, 0x1860, 0x1860, 0x2060, 0x2060, 0x2880, 0x30A0, 0x38E0, 0x4920, 0x5960, 0x6180, 0x6180,
  0x5140, 0x30C0, 0x1840, 0x0000, 0x0000, 0x0000, 0x0000, 0x0000, 0x0000, 0x0000, 0x0000, 0x0000, 0x0000, 0x0000, 0x0000, 0x0000,
  0x0000, 0x0000, 0x0000, 0x0800, 0x0800, 0x1020, 0x2880, 0x30C0, 0x28A0, 0x28A0, 0x28A0, 0x1860, 0x1020, 0x0800, 0x0000, 0x0020,
  0x0000, 0x0000, 0x0000, 0x0000, 0x0000, 0x0000, 0x0020, 0x0020, 0x0000, 0x0000, 0x0000, 0x0841, 0x0841, 0x0000, 0x0000, 0x0000,
  0x0000, 0x0000, 0x0000, 0x18C3, 0x2124, 0x39C7, 0x31A6, 0x2923, 0x4A48, 0x5AEC, 0xAD55, 0xA4F4, 0x738E, 0x8C72, 0x8410, 0x7BCF,
  0xAD76, 0xCE7A, 0xC618, 0xC639, 0x8C51, 0x4A6A, 0x2966, 0x10A2, 0x0841, 0x0000, 0x2965, 0x9492, 0xAD76, 0xBDD7, 0x5ACB, 0x3186,
  0x10A2, 0x0020, 0x0000, 0x8C92, 0x630C, 0x0861, 0x1082, 0x0861, 0x0020, 0x0000, 0x0000, 0x10A3, 0x31C7, 0x39E8, 0x9CF4, 0xA514,
  0x8C93, 0x7B6B, 0xD653, 0xFFFD, 0xFFD9, 0xFED0, 0xC3C3, 0x8220, 0x8A40, 0xB341, 0xBB61, 0xAAE1, 0x4100, 0x0820, 0x1060, 0x0000,
  0x5A46, 0xFF56, 0xD509, 0x9AE2, 0x7A41, 0x61C0, 0x5160, 0x4120, 0x28A0, 0x1860, 0x1040, 0x1020, 0x1860, 0x20A0, 0x4961, 0x7A83,
  0xC468, 0xF66F, 0xFF96, 0xFFFA, 0xFFB7, 0xE5AC, 0x8AA2, 0x4920, 0x4920, 0x71E1, 0x8A41, 0x69C1, 0x2060, 0x0820, 0x0820, 0x0000,
  0x0000, 0x0800, 0x0800, 0x0800, 0x0800, 0x0800, 0x0820, 0x0800, 0x0000, 0x0000, 0x0000, 0x0000, 0x0000, 0x0000, 0x0000, 0x0000,
  0x0820, 0x0820, 0x0820, 0x0800, 0x0000, 0x0000, 0x0000, 0x0000, 0x0000, 0x0000, 0x0000, 0x0000, 0x0000, 0x0000, 0x0000, 0x0800,
  0x0820, 0x0820, 0x0820, 0x0820, 0x0820, 0x0820, 0x0000, 0x0000, 0x0000, 0x0800, 0x0000, 0x0000, 0x0000, 0x0000, 0x0000, 0x0000,
  0x0000, 0x0000, 0x0000, 0x0000, 0x0800, 0x0000, 0x0000, 0x0000, 0x0000, 0x0000, 0x0000, 0x0000, 0x0000, 0x0000, 0x0000, 0x1061,
  0x1081, 0x1081, 0x1081, 0x1061, 0x1081, 0x0840, 0x0000, 0x0000, 0x0000, 0x0000, 0x0000, 0x0000, 0x0000, 0x0000, 0x0820, 0x1040,
  0x2060, 0x30A0, 0x38C0, 0x40E0, 0x4900, 0x4900, 0x5120, 0x5120, 0x5140, 0x5140, 0x5120, 0x4900, 0x40E0, 0x30A0, 0x1860, 0x0820,
  0x0000, 0x0000, 0x0000, 0x0000, 0x0800, 0x0000, 0x0000, 0x0000, 0x0000, 0x0000, 0x0000, 0x0000, 0x0000, 0x0000, 0x0000, 0x0000,
  0x0000, 0x0000, 0x0800, 0x0800, 0x1020, 0x30C0, 0x30E0, 0x28A0, 0x30E0, 0x28A0, 0x1860, 0x1020, 0x0800, 0x0000, 0x0000, 0x0000,
  0x0000, 0x0000, 0x0000, 0x0000, 0x0020, 0x0020, 0x0020, 0x0000, 0x0000, 0x0841, 0x0861, 0x0821, 0x1082, 0x0000, 0x0000, 0x0000,
  0x0000, 0x0000, 0x0841, 0x18E3, 0x31A6, 0x526A, 0x3185, 0x3143, 0x6B4D, 0x52AA, 0x632C, 0x8410, 0x7C10, 0x8C72, 0xA535, 0x8C52,
  0x8C92, 0xBDD8, 0xBDF8, 0xC639, 0x94B3, 0x5AEC, 0x2986, 0x1082, 0x0841, 0x0000, 0x2966, 0x8C92, 0xB5B7, 0x94B3, 0x4A6A, 0x18E3,
  0x0861, 0x0000, 0x2124, 0x9CD3, 0x2965, 0x1082, 0x0861, 0x0841, 0x0000, 0x0000, 0x0000, 0x2966, 0x2945, 0x39E8, 0x7BD0, 0x73D0,
  0x736D, 0xCDD2, 0xFFFF, 0xFFDB, 0xFF33, 0xC404, 0x8A20, 0x8A40, 0xAB21, 0xB341, 0xA2E1, 0x4920, 0x0820, 0x1860, 0x0000, 0x5225,
  0xFF77, 0xE5AB, 0xA343, 0x8262, 0x61E1, 0x5160, 0x4940, 0x30C0, 0x2060, 0x1040, 0x1020, 0x1040, 0x1880, 0x30E0, 0x61E2, 0x9B65,
  0xE58C, 0xFED2, 0xFF97, 0xFFB6, 0xE5CD, 0x9AE3, 0x5160, 0x4100, 0x69E0, 0x8A62, 0x71E1, 0x2080, 0x0820, 0x0820, 0x0000, 0x0000,
  0x0820, 0x0820, 0x0000, 0x0000, 0x0000, 0x0000, 0x0000, 0x0000, 0x0000, 0x0000, 0x0000, 0x0820, 0x0820, 0x0820, 0x0820, 0x0820,
  0x0820, 0x0820, 0x0820, 0x0800, 0x0000, 0x0000, 0x0000, 0x0000, 0x0000, 0x0000, 0x0000, 0x0000, 0x0000, 0x0000, 0x0000, 0x0800,
  0x0820, 0x0820, 0x0820, 0x0820, 0x0820, 0x0820, 0x0800, 0x0000, 0x0000, 0x0000, 0x0000, 0x0000, 0x0000, 0x0000, 0x0000, 0x0000,
  0x0000, 0x0000, 0x0000, 0x0000, 0x0000, 0x0820, 0x0000, 0x0000, 0x0000, 0x0000, 0x0000, 0x0000, 0x0000, 0x0000, 0x0000, 0x0840,
  0x1061, 0x1061, 0x1081, 0x1081, 0x1081, 0x0840, 0x0000, 0x0000, 0x0000, 0x0800, 0x0800, 0x0000, 0x0000, 0x0000, 0x0000, 0x0000,
  0x0000, 0x0000, 0x0000, 0x0000, 0x0000, 0x0000, 0x0000, 0x0000, 0x0000, 0x0000, 0x0000, 0x0000, 0x0000, 0x0000, 0x0000, 0x0000,
  0x0000, 0x0000, 0x0000, 0x0000, 0x0000, 0x0000, 0x0000, 0x0000, 0x0000, 0x0000, 0x0000, 0x0000, 0x0000, 0x0000, 0x0000, 0x0000,
  0x0000, 0x0800, 0x0800, 0x1040, 0x30E0, 0x30E0, 0x28A0, 0x30C0, 0x28A0, 0x1860, 0x1020, 0x0000, 0x0000, 0x0000, 0x0000, 0x0000,
  0x0000, 0x0000, 0x0000, 0x0020, 0x0020, 0x0000, 0x0000, 0x0020, 0x0861, 0x0882, 0x0020, 0x0000, 0x0841, 0x0000, 0x0000, 0x0000,
  0x0000, 0x0000, 0x10A2, 0x10A2, 0x3186, 0x31A6, 0x3143, 0x2903, 0x632D, 0x4208, 0x528A, 0x9492, 0x9D14, 0x94B3, 0xA535, 0x9CD3,
  0x73AF, 0xAD56, 0xA535, 0xC639, 0xA514, 0x630C, 0x3186, 0x10A3, 0x0841, 0x0000, 0x2945, 0x9CD3, 0xC618, 0x8C72, 0x4A49, 0x18C3,
  0x0000, 0x0000, 0x52AB, 0x8410, 0x10A2, 0x1081, 0x0861, 0x0020, 0x0000, 0x0000, 0x0020, 0x3A09, 0x18E4, 0x2965, 0x52CC, 0x5269,
  0xB50E, 0xFFFE, 0xFFDC, 0xFF96, 0xD4C6, 0x9280, 0x9260, 0xB320, 0xB361, 0xA2E1, 0x4920, 0x0820, 0x1860, 0x0000, 0x5A25, 0xFF98,
  0xEE0D, 0xB3A4, 0x8AC2, 0x69E1, 0x5160, 0x4920, 0x30C0, 0x2080, 0x1860, 0x1040, 0x1040, 0x1860, 0x28A0, 0x4161, 0x7A63, 0xC488,
  0xF60E, 0xFF54, 0xFF75, 0xEDEC, 0x9B23, 0x5980, 0x4100, 0x61A0, 0x8A62, 0x71E1, 0x2060, 0x0820, 0x0820, 0x0000, 0x0000, 0x0820,
  0x0820, 0x0000, 0x0000, 0x0000, 0x0000, 0x0000, 0x0000, 0x0000, 0x0800, 0x0800, 0x0800, 0x0820, 0x0820, 0x0820, 0x0820, 0x0820,
  0x0820, 0x0820, 0x0820, 0x0820, 0x0800, 0x0000, 0x0000, 0x0000, 0x0000, 0x0000, 0x0000, 0x0000, 0x0000, 0x0000, 0x0800, 0x0800,
  0x0820, 0x0820, 0x0820, 0x0820, 0x0820, 0x0800, 0x0800, 0x0000, 0x0000, 0x0000, 0x0000, 0x0000, 0x0000, 0x0000, 0x0000, 0x0000,
  0x0000, 0x0000, 0x0000, 0x0000, 0x0000, 0x1840, 0x0000, 0x0000, 0x0000, 0x0000, 0x0000, 0x0000, 0x0000, 0x0000, 0x0000, 0x0000,
  0x0000, 0x1061, 0x1881, 0x18A1, 0x1081, 0x1040, 0x0000, 0x0000, 0x0000, 0x0000, 0x0000, 0x0000, 0x0000, 0x0000, 0x0000, 0x0000,
  0x0000, 0x0000, 0x0000, 0x0000, 0x0000, 0x0000, 0x0000, 0x0000, 0x0000, 0x0000, 0x0000, 0x0000, 0x0000, 0x0000, 0x0000, 0x0000,
  0x0000, 0x0000, 0x0000, 0x0000, 0x0000, 0x0000, 0x0000, 0x0000, 0x0000, 0x0000, 0x0000, 0x0000, 0x0000, 0x0000, 0x0000, 0x0800,
  0x0800, 0x0800, 0x1840, 0x4120, 0x3900, 0x28A0, 0x28A0, 0x2080, 0x1860, 0x1020, 0x0800, 0x0000, 0x0000, 0x0000, 0x0000, 0x0000,
  0x0000, 0x0000, 0x0020, 0x0020, 0x0000, 0x0000, 0x0841, 0x1082, 0x0861, 0x0000, 0x0000, 0x0020, 0x0861, 0x0020, 0x0000, 0x0000,
  0x0000, 0x0000, 0x1082, 0x1082, 0x2104, 0x3985, 0x3102, 0x2124, 0x5AEC, 0x39E8, 0x6B6E, 0xAD76, 0x9CD3, 0x8431, 0x9CF3, 0xA514,
  0x7BCF, 0x9CF4, 0xB5B7, 0xC639, 0x8431, 0x4A8A, 0x39C7, 0x10C2, 0x0861, 0x0000, 0x2104, 0x8C72, 0xCE7A, 0x8C51, 0x3186, 0x0841,
  0x0000, 0x0000, 0x8431, 0x52AB, 0x0841, 0x0861, 0x0861, 0x0020, 0x0000, 0x0000, 0x2104, 0x39E8, 0x0841, 0x39E7, 0x4208, 0x942B,
  0xFFFD, 0xFFDC, 0xFF96, 0xE548, 0xA2C0, 0x9260, 0xAB21, 0xBB81, 0xAB01, 0x4940, 0x0820, 0x1880, 0x0000, 0x5225, 0xFF99, 0xF66F,
  0xC404, 0x92E3, 0x7241, 0x5980, 0x4120, 0x30C0, 0x2080, 0x1860, 0x1040, 0x1040, 0x1880, 0x20A0, 0x3100, 0x51C2, 0x9345, 0xDD4B,
  0xFEB1, 0xFF54, 0xEDCC, 0xA344, 0x5180, 0x38E0, 0x5960, 0x8242, 0x71E1, 0x2080, 0x0800, 0x0820, 0x0000, 0x0000, 0x0820, 0x0800,
  0x0000, 0x0000, 0x0000, 0x0000, 0x0000, 0x0000, 0x0800, 0x0000, 0x0000, 0x0800, 0x0800, 0x0800, 0x0820, 0x0820, 0x0820, 0x0820,
  0x0820, 0x0820, 0x0820, 0x0820, 0x0800, 0x0000, 0x0000, 0x0000, 0x0000, 0x0000, 0x0000, 0x0000, 0x0000, 0x0000, 0x0800, 0x0820,
  0x0820, 0x0820, 0x0820, 0x0820, 0x0820, 0x0800, 0x0000, 0x0000, 0x0000, 0x0000, 0x0000, 0x0000, 0x0000, 0x0000, 0x0000, 0x0000,
  0x0000, 0x0820, 0x0800, 0x0000, 0x2060, 0x1040, 0x0000, 0x0000, 0x0000, 0x0000, 0x0000, 0x0000, 0x0000, 0x0000, 0x0000, 0x0000,
  0x0000, 0x0840, 0x1881, 0x1881, 0x1881, 0x1081, 0x1040, 0x0800, 0x0000, 0x0000, 0x40C0, 0x1020, 0x0000, 0x0000, 0x0000, 0x0000,
  0x0000, 0x0000, 0x0000, 0x0000, 0x0000, 0x0000, 0x0000, 0x0000, 0x0000, 0x0000, 0x0000, 0x0000, 0x0000, 0x0000, 0x0000, 0x0000,
  0x0000, 0x0000, 0x0000, 0x0000, 0x0000, 0x0000, 0x0000, 0x0000, 0x0000, 0x0000, 0x0000, 0x0000, 0x0800, 0x0800, 0x0800, 0x0800,
  0x0800, 0x1840, 0x4140, 0x4940, 0x28A0, 0x28A0, 0x2080, 0x1860, 0x1040, 0x0800, 0x0000, 0x0000, 0x0000, 0x0000, 0x0000, 0x0000,
  0x0000, 0x0020, 0x0000, 0x0000, 0x0020, 0x0861, 0x1082, 0x0841, 0x0000, 0x0020, 0x0861, 0x0841, 0x0841, 0x0861, 0x0000, 0x0000,
  0x0000, 0x0020, 0x10A2, 0x2103, 0x39C6, 0x49A4, 0x20A1, 0x31A7, 0x6B4E, 0x18E3, 0x4A49, 0x8C72, 0x94B3, 0x6B6D, 0x94B3, 0xA535,
  0x6B8E, 0x8C72, 0xA535, 0xAD56, 0xA514, 0x5ACB, 0x31A6, 0x2104, 0x1082, 0x0000, 0x2124, 0x9493, 0xA535, 0x738E, 0x2965, 0x0841,
  0x0000, 0x18C3, 0x8C72, 0x2965, 0x0861, 0x0861, 0x0820, 0x0000, 0x0000, 0x0000, 0x2966, 0x10C3, 0x18C3, 0x3187, 0x7328, 0xFFDC,
  0xFFFE, 0xFFD7, 0xEDC9, 0xAB20, 0x9AA0, 0xAB01, 0xB361, 0xAB01, 0x5140, 0x1020, 0x1880, 0x0000, 0x5A04, 0xF799, 0xF6B1, 0xCC46,
  0x9B23, 0x7A41, 0x61C1, 0x4940, 0x38E0, 0x2080, 0x1860, 0x1040, 0x1040, 0x1860, 0x2080, 0x28C0, 0x4141, 0x7263, 0xBC27, 0xE5CD,
  0xFEF1, 0xE58C, 0xA364, 0x59A0, 0x38E0, 0x5140, 0x7A21, 0x69E1, 0x2080, 0x0800, 0x1020, 0x0820, 0x0000, 0x0820, 0x0000, 0x0000,
  0x0000, 0x0000, 0x0000, 0x0000, 0x0000, 0x0000, 0x0800, 0x0000, 0x0000, 0x0800, 0x0800, 0x0800, 0x0820, 0x0820, 0x0820, 0x0820,
  0x0820, 0x0820, 0x0820, 0x0820, 0x0800, 0x0000, 0x0000, 0x0000, 0x0000, 0x0000, 0x0000, 0x0000, 0x0000, 0x0000, 0x0800, 0x0820,
  0x0820, 0x0820, 0x0820, 0x0820, 0x0820, 0x0800, 0x0000, 0x0000, 0x0000, 0x0000, 0x0000, 0x0000, 0x0000, 0x0000, 0x0000, 0x0000,
  0x0000, 0x0000, 0x0000, 0x1860, 0x2080, 0x0800, 0x0800, 0x0000, 0x0000, 0x0000, 0x0000, 0x0000, 0x0000, 0x0000, 0x0000, 0x0000,
  0x0000, 0x0800, 0x1880, 0x1881, 0x1040, 0x0840, 0x1060, 0x0800, 0x0000, 0x0000, 0x6921, 0x40A0, 0x0000, 0x1020, 0x0000, 0x0000,
  0x0000, 0x0000, 0x0000, 0x0000, 0x0000, 0x0000, 0x0000, 0x0000, 0x0000, 0x0000, 0x0000, 0x0000, 0x0000, 0x0000, 0x0000, 0x0000,
  0x0000, 0x0000, 0x0000, 0x0000, 0x0000, 0x0000, 0x0000, 0x0000, 0x0000, 0x0000, 0x0800, 0x0800, 0x0800, 0x0800, 0x0800, 0x0800,
  0x1840, 0x4941, 0x5181, 0x30C0, 0x28A0, 0x1860, 0x1860, 0x1040, 0x0820, 0x0000, 0x0000, 0x0000, 0x0000, 0x0000, 0x0000, 0x0000,
  0x0000, 0x0000, 0x0000, 0x0841, 0x1082, 0x0861, 0x0000, 0x0000, 0x1082, 0x1082, 0x0841, 0x0841, 0x0841, 0x0861, 0x0000, 0x0000,
  0x0000, 0x0020, 0x18C2, 0x31A6, 0x4A27, 0x59C2, 0x0840, 0x2945, 0x52AB, 0x3186, 0x6B4E, 0x9CD3, 0x8431, 0x8431, 0xA535, 0x94B2,
  0x738E, 0x8431, 0xA514, 0xB597, 0x8C52, 0x52AB, 0x31A6, 0x2104, 0x1081, 0x0000, 0x2945, 0x9CF4, 0x8C51, 0x528A, 0x18E3, 0x0000,
  0x0000, 0x4208, 0x7BF0, 0x1082, 0x0861, 0x0861, 0x0020, 0x0000, 0x0000, 0x0861, 0x39E8, 0x18E3, 0x2145, 0x5226, 0xEF18, 0xFFFF,
  0xFFDA, 0xF66D, 0xBB61, 0xA2C0, 0xB341, 0xBB61, 0xA2E1, 0x4940, 0x1040, 0x1880, 0x0000, 0x51E4, 0xF799, 0xFF34, 0xDCE8, 0xAB84,
  0x8282, 0x69E1, 0x5181, 0x38E0, 0x28A0, 0x1860, 0x1840, 0x1040, 0x1040, 0x1860, 0x2080, 0x3900, 0x59E2, 0x9304, 0xC489, 0xEDED,
  0xE56B, 0x9303, 0x5980, 0x38E0, 0x5140, 0x71E1, 0x69C1, 0x2880, 0x0820, 0x0820, 0x0820, 0x0800, 0x0820, 0x0000, 0x0000, 0x0000,
  0x0800, 0x0000, 0x0000, 0x0000, 0x0000, 0x0000, 0x0000, 0x0800, 0x0000, 0x0000, 0x0800, 0x0800, 0x0820, 0x0820, 0x0820, 0x0820,
  0x0820, 0x0820, 0x0820, 0x0820, 0x0800, 0x0000, 0x0000, 0x0000, 0x0000, 0x0000, 0x0000, 0x0000, 0x0000, 0x0000, 0x0800, 0x0820,
  0x0820, 0x0820, 0x0820, 0x0820, 0x0820, 0x0800, 0x0000, 0x0000, 0x0000, 0x0000, 0x0000, 0x0000, 0x0000, 0x0000, 0x0000, 0x0000,
  0x0000, 0x0000, 0x0000, 0x0800, 0x0800, 0x0000, 0x0820, 0x0800, 0x0800, 0x0000, 0x0000, 0x0000, 0x0000, 0x0800, 0x0800, 0x1020,
  0x0800, 0x0000, 0x0820, 0x1881, 0x1040, 0x0000, 0x0820, 0x0820, 0x0000, 0x0000, 0x2040, 0x2040, 0x0800, 0x0800, 0x0000, 0x0000,
  0x0000, 0x0000, 0x0000, 0x0000, 0x0000, 0x0000, 0x0000, 0x0000, 0x0000, 0x0000, 0x0000, 0x0000, 0x0000, 0x0000, 0x0000, 0x0000,
  0x0000, 0x0000, 0x0000, 0x0000, 0x0000, 0x0000, 0x0000, 0x0000, 0x0000, 0x0800, 0x0800, 0x0800, 0x0800, 0x0800, 0x0800, 0x1020,
  0x4941, 0x61C1, 0x30C0, 0x28A0, 0x2080, 0x1840, 0x1040, 0x0820, 0x0000, 0x0000, 0x0000, 0x0000, 0x0000, 0x0000, 0x0000, 0x0000,
  0x0000, 0x0000, 0x0861, 0x1082, 0x0841, 0x0000, 0x0861, 0x10A2, 0x0861, 0x0841, 0x0861, 0x0861, 0x0861, 0x10A2, 0x0020, 0x0000,
  0x0000, 0x0841, 0x10A2, 0x31A7, 0x5A46, 0x4961, 0x0000, 0x2945, 0x52AB, 0x3A08, 0x6B6E, 0x8C52, 0x94B3, 0x8C52, 0x8C51, 0x8C51,
  0x8C51, 0x6B6E, 0x94B3, 0xAD56, 0x8411, 0x528A, 0x31A7, 0x18E3, 0x1082, 0x0000, 0x31A6, 0xAD76, 0x8C72, 0x31C7, 0x1082, 0x0000,
  0x0000, 0x630C, 0x528A, 0x0861, 0x1081, 0x0841, 0x0020, 0x0000, 0x0000, 0x2966, 0x31A7, 0x18C3, 0x3164, 0xCE13, 0xFFFF, 0xFFDB,
  0xFF11, 0xCC23, 0xA2A0, 0xAB21, 0xBB61, 0xA301, 0x4940, 0x1040, 0x20A0, 0x0800, 0x49E4, 0xF779, 0xFF75, 0xE58A, 0xBC06, 0x8AC2,
  0x7221, 0x5981, 0x4100, 0x30C0, 0x2060, 0x1860, 0x1040, 0x1860, 0x1860, 0x1880, 0x28A0, 0x4961, 0x6A22, 0xA386, 0xD4E9, 0xC468,
  0x9304, 0x59A1, 0x30C0, 0x4920, 0x71E1, 0x71E1, 0x2880, 0x0820, 0x0820, 0x0820, 0x0800, 0x0000, 0x0000, 0x0000, 0x0820, 0x0820,
  0x0800, 0x0000, 0x0000, 0x0000, 0x0000, 0x0000, 0x0000, 0x0800, 0x0000, 0x0000, 0x0800, 0x0800, 0x0800, 0x0820, 0x0820, 0x0820,
  0x0820, 0x0820, 0x0820, 0x0820, 0x0800, 0x0000, 0x0000, 0x0000, 0x0000, 0x0000, 0x0000, 0x0000, 0x0000, 0x0000, 0x0800, 0x0820,
  0x0820, 0x0820, 0x0820, 0x0820, 0x0800, 0x0000, 0x0000, 0x0000, 0x0000, 0x0000, 0x0000, 0x0000, 0x0000, 0x0000, 0x0000, 0x0000,
  0x0000, 0x0000, 0x0800, 0x0800, 0x0000, 0x0000, 0x0000, 0x0000, 0x0800, 0x0800, 0x0800, 0x0800, 0x0000, 0x0800, 0x0000, 0x0800,
  0x0000, 0x0000, 0x0000, 0x1060, 0x1881, 0x1040, 0x1860, 0x1860, 0x0820, 0x0800, 0x0000, 0x1860, 0x0820, 0x0000, 0x0000, 0x0000,
  0x0000, 0x0000, 0x0000, 0x0000, 0x0000, 0x0000, 0x0000, 0x0000, 0x0000, 0x0000, 0x0000, 0x0000, 0x0000, 0x0000, 0x0000, 0x0000,
  0x0000, 0x0000, 0x0000, 0x0000, 0x0000, 0x0000, 0x0000, 0x0800, 0x0800, 0x0820, 0x0820, 0x0820, 0x0800, 0x0820, 0x1020, 0x38E0,
  0x69E2, 0x3900, 0x28A0, 0x30C0, 0x1840, 0x1040, 0x0820, 0x0020, 0x0000, 0x0000, 0x0000, 0x0000, 0x0000, 0x0000, 0x0000, 0x0000,
  0x0020, 0x1082, 0x0862, 0x0020, 0x0840, 0x1082, 0x10A2, 0x0861, 0x0861, 0x1082, 0x10A2, 0x10A2, 0x1082, 0x1082, 0x0020, 0x0000,
  0x0000, 0x0841, 0x0861, 0x2145, 0x7285, 0x28C0, 0x0000, 0x2945, 0x5AEC, 0x4249, 0x7BF0, 0xBDF8, 0x94B3, 0x94B3, 0x8410, 0x738E,
  0x7BD0, 0x5ACB, 0x6B8E, 0x8C92, 0xA555, 0x73AF, 0x3186, 0x18E3, 0x1082, 0x0000, 0x39E7, 0x9CF4, 0x6B4E, 0x2945, 0x0020, 0x0000,
  0x0020, 0x738E, 0x31A6, 0x0841, 0x1082, 0x0841, 0x0000, 0x0000, 0x0000, 0x39E8, 0x2945, 0x10A3, 0x9C4C, 0xFFFF, 0xFFDC, 0xFF53,
  0xE4E6, 0xAAE0, 0xAB21, 0xBB61, 0xAB01, 0x5160, 0x1040, 0x2080, 0x1020, 0x51C3, 0xF759, 0xFF77, 0xE5AB, 0xC447, 0x92E3, 0x7201,
  0x5181, 0x3900, 0x28A0, 0x2080, 0x1860, 0x1840, 0x1860, 0x1860, 0x1860, 0x2080, 0x3900, 0x59C2, 0x8AC4, 0xB3E7, 0xBC27, 0x82A3,
  0x5160, 0x38E0, 0x4100, 0x69C1, 0x7A01, 0x30A0, 0x0800, 0x0820, 0x0820, 0x0800, 0x0000, 0x0000, 0x0000, 0x0820, 0x0820, 0x0820,
  0x0820, 0x0800, 0x0000, 0x0000, 0x0000, 0x0000, 0x0000, 0x0000, 0x0000, 0x0000, 0x0000, 0x0800, 0x0800, 0x0820, 0x0820, 0x0820,
  0x0820, 0x0820, 0x0820, 0x0820, 0x0820, 0x0000, 0x0000, 0x0000, 0x0000, 0x0000, 0x0000, 0x0000, 0x0000, 0x0000, 0x0800, 0x0820,
  0x0820, 0x0820, 0x0820, 0x0820, 0x0800, 0x0000, 0x0000, 0x0000, 0x0000, 0x0000, 0x0000, 0x0000, 0x0000, 0x0000, 0x0000, 0x0000,
  0x0000, 0x0000, 0x0800, 0x0000, 0x0000, 0x0000, 0x0000, 0x0000, 0x0000, 0x0000, 0x0000, 0x0000, 0x0000, 0x0000, 0x0000, 0x0000,
  0x0800, 0x0800, 0x0000, 0x2060, 0x30C1, 0x1860, 0x2081, 0x28A0, 0x1040, 0x0820, 0x0000, 0x1860, 0x0820, 0x0000, 0x0000, 0x0000,
  0x0000, 0x0000, 0x0000, 0x0000, 0x0000, 0x0000, 0x0000, 0x0000, 0x0000, 0x0000, 0x0000, 0x0000, 0x0000, 0x0000, 0x0000, 0x0000,
  0x0000, 0x0000, 0x0000, 0x0000, 0x0000, 0x0000, 0x0820, 0x0820, 0x0820, 0x0820, 0x0820, 0x0820, 0x0820, 0x0820, 0x30C0, 0x6A02,
  0x4940, 0x28A0, 0x28A0, 0x2060, 0x1020, 0x0820, 0x0820, 0x0020, 0x0000, 0x0000, 0x0000, 0x0000, 0x0000, 0x0000, 0x0000, 0x0841,
  0x1082, 0x0841, 0x0000, 0x0861, 0x18C3, 0x1082, 0x0000, 0x0020, 0x1082, 0x2104, 0x18E3, 0x18E3, 0x18E3, 0x1082, 0x0861, 0x0000,
  0x0000, 0x10A2, 0x0020, 0x18C2, 0x82C4, 0x2080, 0x0000, 0x2124, 0x4A49, 0x4A6A, 0x8410, 0x9493, 0x738F, 0x8431, 0x738E, 0x6B4D,
  0x632D, 0x5AEC, 0x6B4D, 0x8C72, 0x94B3, 0x5ACB, 0x3186, 0x2124, 0x0881, 0x0000, 0x4229, 0x94B3, 0x4A6A, 0x10A2, 0x0000, 0x0000,
  0x18E3, 0x738E, 0x2104, 0x0861, 0x0861, 0x0840, 0x0000, 0x0000, 0x10A3, 0x39E7, 0x0042, 0x5A66, 0xFFBA, 0xFFFD, 0xFF95, 0xED88,
  0xC382, 0xB342, 0xB341, 0xA2E1, 0x5980, 0x1840, 0x2080, 0x0820, 0x49C3, 0xEF59, 0xFFB9, 0xE5CC, 0xC488, 0x9B44, 0x7241, 0x59A1,
  0x4100, 0x28A0, 0x2080, 0x1860, 0x1860, 0x1860, 0x1860, 0x1860, 0x1860, 0x28C0, 0x4961, 0x6A23, 0x9325, 0xA3A6, 0x82C3, 0x4940,
  0x38E0, 0x4100, 0x69C1, 0x7A01, 0x38C0, 0x0820, 0x0820, 0x0820, 0x0820, 0x0000, 0x0000, 0x1040, 0x1040, 0x1040, 0x0820, 0x0820,
  0x0820, 0x0820, 0x0800, 0x0000, 0x0000, 0x0000, 0x0000, 0x0000, 0x0800, 0x0000, 0x0000, 0x0800, 0x0800, 0x0820, 0x0820, 0x0820,
  0x0820, 0x0820, 0x0820, 0x0820, 0x0820, 0x0800, 0x0000, 0x0000, 0x0000, 0x0000, 0x0000, 0x0000, 0x0000, 0x0000, 0x0800, 0x0820,
  0x0820, 0x0820, 0x0820, 0x0820, 0x0800, 0x0000, 0x0000, 0x0000, 0x0000, 0x0000, 0x0000, 0x0000, 0x0000, 0x0000, 0x0000, 0x0000,
  0x0000, 0x0800, 0x0800, 0x0000, 0x0000, 0x0000, 0x0000, 0x0000, 0x0000, 0x0000, 0x0000, 0x0000, 0x0000, 0x0000, 0x0000, 0x0820,
  0x1020, 0x1020, 0x0800, 0x0820, 0x1880, 0x1040, 0x0840, 0x1040, 0x0820, 0x0000, 0x0000, 0x0820, 0x1860, 0x1040, 0x0000, 0x0000,
  0x0000, 0x0000, 0x0000, 0x0000, 0x0000, 0x0000, 0x0000, 0x0000, 0x0000, 0x0000, 0x0000, 0x0000, 0x0000, 0x0000, 0x0000, 0x0000,
  0x0000, 0x0000, 0x0000, 0x0000, 0x0800, 0x0800, 0x1020, 0x1020, 0x1020, 0x1020, 0x1020, 0x1020, 0x1020, 0x28A0, 0x61E2, 0x59A1,
  0x30C0, 0x28C0, 0x2080, 0x1040, 0x0820, 0x0820, 0x0020, 0x0000, 0x0000, 0x0000, 0x0000, 0x0000, 0x0000, 0x0000, 0x0861, 0x0861,
  0x0020, 0x0841, 0x1082, 0x10A2, 0x10A2, 0x10A2, 0x0861, 0x0841, 0x0861, 0x10A2, 0x2104, 0x1904, 0x18E3, 0x18E3, 0x0861, 0x0000,
  0x0020, 0x18C2, 0x0000, 0x2902, 0x8AE4, 0x1040, 0x0000, 0x18E3, 0x4208, 0x4A6A, 0x94D3, 0x8C72, 0x6B4D, 0x9492, 0x73CF, 0x6B6E,
  0x630C, 0x528A, 0x4A69, 0x6B6E, 0x94B3, 0x6B8E, 0x2966, 0x18E3, 0x0861, 0x0000, 0x52AB, 0x8451, 0x39E8, 0x0841, 0x0000, 0x0000,
  0x4228, 0x5AEC, 0x0861, 0x0861, 0x0861, 0x0820, 0x0000, 0x0000, 0x2945, 0x2966, 0x2902, 0xDE75, 0xFFFF, 0xFFB9, 0xF64C, 0xD423,
  0xBB62, 0xB341, 0x9AA0, 0x5960, 0x1860, 0x20A0, 0x1020, 0x4182, 0xEF18, 0xFFDB, 0xF64E, 0xD4E9, 0xABC5, 0x8282, 0x6A01, 0x4940,
  0x30C0, 0x2080, 0x1860, 0x1860, 0x2080, 0x1860, 0x1860, 0x1860, 0x2080, 0x3900, 0x5181, 0x7A63, 0x9305, 0x7A83, 0x4960, 0x30C0,
  0x38E0, 0x61C1, 0x7A02, 0x38C0, 0x0820, 0x0820, 0x0820, 0x0820, 0x0000, 0x1860, 0x1860, 0x1840, 0x1040, 0x1040, 0x1020, 0x0820,
  0x0820, 0x0820, 0x0800, 0x0000, 0x0000, 0x0000, 0x0000, 0x0000, 0x0000, 0x0000, 0x0000, 0x0800, 0x0800, 0x0800, 0x0820, 0x0820,
  0x0820, 0x0820, 0x0820, 0x0820, 0x0820, 0x0800, 0x0000, 0x0000, 0x0000, 0x0000, 0x0000, 0x0000, 0x0000, 0x0000, 0x0800, 0x0820,
  0x0820, 0x0820, 0x0820, 0x0820, 0x0800, 0x0000, 0x0000, 0x0000, 0x0000, 0x0000, 0x0000, 0x0000, 0x0000, 0x0000, 0x0000, 0x0000,
  0x0800, 0x0800, 0x0000, 0x0000, 0x0000, 0x0000, 0x0000, 0x0000, 0x0000, 0x0000, 0x0000, 0x0000, 0x0800, 0x0000, 0x1020, 0x1840,
  0x1020, 0x0820, 0x0820, 0x0000, 0x1020, 0x1881, 0x0820, 0x0800, 0x1040, 0x0000, 0x0000, 0x0000, 0x1860, 0x1040, 0x0000, 0x0000,
  0x0000, 0x0000, 0x0000, 0x0000, 0x0000, 0x0000, 0x0000, 0x0000, 0x0000, 0x0000, 0x0000, 0x0000, 0x0000, 0x0000, 0x0000, 0x0000,
  0x0000, 0x0000, 0x0000, 0x0800, 0x0820, 0x1040, 0x1840, 0x1040, 0x1020, 0x1040, 0x1020, 0x1020, 0x2060, 0x61C1, 0x6A02, 0x4100,
  0x28A0, 0x1860, 0x1040, 0x0820, 0x0020, 0x0820, 0x0000, 0x0000, 0x0000, 0x0000, 0x0000, 0x0000, 0x0020, 0x0841, 0x0841, 0x0020,
  0x0841, 0x18C3, 0x10A2, 0x10A2, 0x18E3, 0x18E4, 0x10A2, 0x0861, 0x0861, 0x0841, 0x0841, 0x1082, 0x10A2, 0x10A2, 0x0841, 0x0000,
  0x0841, 0x18C2, 0x0000, 0x4982, 0x8AC4, 0x0800, 0x0000, 0x1061, 0x39C7, 0x3186, 0x5AEC, 0x8C72, 0x7C10, 0x94B3, 0x6B6E, 0x5AEC,
  0x52AB, 0x4208, 0x39E7, 0x6B8E, 0x8431, 0x6B4D, 0x2945, 0x10A3, 0x0040, 0x0000, 0x528B, 0x738E, 0x31A7, 0x0020, 0x0000, 0x0000,
  0x6B6D, 0x39E7, 0x0841, 0x1061, 0x0840, 0x0020, 0x0000, 0x0000, 0x39E8, 0x18C3, 0xA48E, 0xFFFF, 0xFFDB, 0xFEF1, 0xE506, 0xC3A3,
  0xAB20, 0xA2E0, 0x5980, 0x1860, 0x20A0, 0x1860, 0x4141, 0xE6F8, 0xFFFC, 0xF68F, 0xE56A, 0xBC27, 0x9303, 0x7221, 0x5180, 0x38E0,
  0x28A0, 0x2060, 0x1860, 0x1860, 0x1860, 0x1860, 0x1860, 0x1860, 0x28C0, 0x4941, 0x61E2, 0x82A3, 0x7A83, 0x5160, 0x38E0, 0x38E0,
  0x61A1, 0x71E2, 0x38C0, 0x0800, 0x0820, 0x0800, 0x0820, 0x0000, 0x2080, 0x2080, 0x1860, 0x1860, 0x1840, 0x1040, 0x1040, 0x1020,
  0x0820, 0x0820, 0x0820, 0x0800, 0x0000, 0x0000, 0x0000, 0x0000, 0x0000, 0x0800, 0x0000, 0x0000, 0x0800, 0x0800, 0x0820, 0x0820,
  0x0820, 0x0820, 0x0820, 0x0820, 0x0820, 0x0800, 0x0000, 0x0000, 0x0000, 0x0000, 0x0000, 0x0000, 0x0000, 0x0000, 0x0800, 0x0820,
  0x0820, 0x0820, 0x0820, 0x0800, 0x0000, 0x0000, 0x0000, 0x0000, 0x0000, 0x0000, 0x0000, 0x0000, 0x0000, 0x0000, 0x0000, 0x0000,
  0x0800, 0x0000, 0x0000, 0x0000, 0x0000, 0x0000, 0x0000, 0x0000, 0x0000, 0x0000, 0x0000, 0x0800, 0x0800, 0x0800, 0x0000, 0x0000,
  0x0000, 0x0000, 0x1020, 0x1020, 0x0800, 0x30E1, 0x4962, 0x30C1, 0x1040, 0x0000, 0x0000, 0x0000, 0x1040, 0x0840, 0x0000, 0x0000,
  0x0000, 0x0000, 0x0000, 0x0000, 0x0000, 0x0000, 0x0000, 0x0000, 0x0000, 0x0000, 0x0000, 0x0000, 0x0000, 0x0000, 0x0000, 0x0000,
  0x0000, 0x0000, 0x0800, 0x0820, 0x1840, 0x1840, 0x1840, 0x1840, 0x1040, 0x1040, 0x1020, 0x1840, 0x4940, 0x7A42, 0x5160, 0x30C0,
  0x1840, 0x1040, 0x0820, 0x0000, 0x0020, 0x0020, 0x0000, 0x0000, 0x0000, 0x0000, 0x0000, 0x0000, 0x0841, 0x0841, 0x0861, 0x0861,
  0x10A2, 0x10A2, 0x1082, 0x18E3, 0x3186, 0x2945, 0x10C3, 0x18E3, 0x2945, 0x18E3, 0x1082, 0x0861, 0x0020, 0x0000, 0x0841, 0x0000,
  0x1082, 0x1081, 0x0000, 0x6223, 0x92E4, 0x0800, 0x0000, 0x0840, 0x3186, 0x2965, 0x6B8E, 0x8C72, 0x8C72, 0x73AE, 0x738E, 0x73AF,
  0x39E8, 0x39C7, 0x2124, 0x634D, 0x8C72, 0x7BEF, 0x2104, 0x10A2, 0x0020, 0x0020, 0x5ACC, 0x5AEC, 0x2124, 0x0020, 0x0000, 0x0861,
  0x7BCF, 0x2104, 0x0861, 0x0861, 0x0840, 0x0020, 0x0000, 0x18C3, 0x31A8, 0x5A46, 0xFF9B, 0xFFFE, 0xFF75, 0xED88, 0xD445, 0xAB21,
  0xA2E0, 0x69C0, 0x2080, 0x1880, 0x1860, 0x3921, 0xDE96, 0xFFFD, 0xF6D1, 0xEDCB, 0xD4C8, 0xA364, 0x7A62, 0x5980, 0x4100, 0x28A0,
  0x2080, 0x1860, 0x1860, 0x1860, 0x1860, 0x1860, 0x1860, 0x28A0, 0x3900, 0x59A1, 0x7222, 0x7222, 0x5160, 0x38E0, 0x38E0, 0x61A1,
  0x71E1, 0x38C0, 0x0800, 0x0820, 0x0820, 0x1040, 0x0000, 0x28A0, 0x2080, 0x2080, 0x2080, 0x1860, 0x1860, 0x1840, 0x1040, 0x1040,
  0x0820, 0x0820, 0x0820, 0x0820, 0x0800, 0x0000, 0x0000, 0x0000, 0x0000, 0x0000, 0x0000, 0x0000, 0x0800, 0x0800, 0x0800, 0x0820,
  0x0820, 0x0820, 0x0820, 0x0820, 0x0820, 0x0800, 0x0000, 0x0000, 0x0000, 0x0000, 0x0000, 0x0000, 0x0000, 0x0000, 0x0800, 0x0820,
  0x0820, 0x0820, 0x0820, 0x0800, 0x0000, 0x0000, 0x0000, 0x0000, 0x0000, 0x0000, 0x0000, 0x0000, 0x0000, 0x0000, 0x0000, 0x0800,
  0x0800, 0x0000, 0x0000, 0x0000, 0x0000, 0x0000, 0x0000, 0x0000, 0x0000, 0x0000, 0x0800, 0x0800, 0x0800, 0x0800, 0x0800, 0x0000,
  0x0000, 0x0000, 0x0000, 0x0800, 0x0820, 0x4121, 0x4141, 0x28C1, 0x28A1, 0x0000, 0x0000, 0x0820, 0x1040, 0x1060, 0x0820, 0x0000,
  0x0000, 0x0000, 0x0000, 0x0000, 0x0000, 0x0000, 0x0000, 0x0000, 0x0000, 0x0000, 0x0000, 0x0000, 0x0000, 0x0000, 0x0000, 0x0000,
  0x0000, 0x0800, 0x1020, 0x1840, 0x1860, 0x1860, 0x2060, 0x1860, 0x1840, 0x1040, 0x1840, 0x3900, 0x7A62, 0x6A02, 0x4100, 0x1860,
  0x1040, 0x1040, 0x0820, 0x0000, 0x0000, 0x0000, 0x0000, 0x0000, 0x0000, 0x0000, 0x0000, 0x0020, 0x0841, 0x0841, 0x0861, 0x0861,
  0x0861, 0x10A2, 0x2945, 0x2104, 0x2965, 0x31A7, 0x0861, 0x10A2, 0x2104, 0x18C3, 0x1082, 0x10A2, 0x0841, 0x0820, 0x0841, 0x0000,
  0x0861, 0x0841, 0x0000, 0x7A84, 0x92E3, 0x0800, 0x0020, 0x0000, 0x2966, 0x31A7, 0x6B8E, 0x8C51, 0x8C72, 0x738E, 0x632D, 0x39E7,
  0x31A6, 0x31A7, 0x10A2, 0x4229, 0x7BCF, 0x52AB, 0x31A6, 0x10A3, 0x0841, 0x0861, 0x6B6E, 0x52AA, 0x10A2, 0x0020, 0x0000, 0x2945,
  0x736E, 0x0861, 0x0861, 0x0841, 0x0020, 0x0020, 0x0000, 0x2986, 0x3165, 0xC591, 0xFFFE, 0xFFB9, 0xFE6D, 0xDCA6, 0xBB83, 0x9AC1,
  0x69E0, 0x28A0, 0x1880, 0x1860, 0x28A0, 0xD634, 0xFFFE, 0xFF14, 0xF60D, 0xDD09, 0xBC26, 0x8AC3, 0x61E1, 0x4120, 0x28C0, 0x2080,
  0x2080, 0x2060, 0x1860, 0x2060, 0x1860, 0x1860, 0x2080, 0x30E0, 0x5161, 0x7222, 0x6A02, 0x4960, 0x4100, 0x4100, 0x6181, 0x69C1,
  0x38C0, 0x0800, 0x0820, 0x0820, 0x1040, 0x28A0, 0x28A0, 0x28A0, 0x28A0, 0x2080, 0x2080, 0x2080, 0x1860, 0x1840, 0x1040, 0x1040,
  0x1040, 0x0820, 0x0820, 0x0820, 0x0800, 0x0000, 0x0000, 0x0000, 0x0000, 0x0000, 0x0800, 0x0000, 0x0000, 0x0800, 0x0800, 0x0820,
  0x0820, 0x0820, 0x0820, 0x0820, 0x0820, 0x0800, 0x0000, 0x0000, 0x0000, 0x0000, 0x0000, 0x0000, 0x0000, 0x0000, 0x0800, 0x0820,
  0x0820, 0x0820, 0x0820, 0x0800, 0x0000, 0x0000, 0x0000, 0x0000, 0x0000, 0x0000, 0x0000, 0x0000, 0x0000, 0x0000, 0x0000, 0x0800,
  0x0000, 0x0000, 0x0000, 0x0000, 0x0000, 0x0000, 0x0000, 0x0000, 0x0000, 0x0800, 0x0800, 0x0800, 0x0800, 0x0800, 0x0800, 0x0820,
  0x0820, 0x0000, 0x0820, 0x0800, 0x0000, 0x1040, 0x1040, 0x0820, 0x1040, 0x0820, 0x0000, 0x0000, 0x0820, 0x1880, 0x0820, 0x0000,
  0x0000, 0x0000, 0x0000, 0x0000, 0x0000, 0x0000, 0x0000, 0x0000, 0x0000, 0x0000, 0x0000, 0x0000, 0x0000, 0x0000, 0x0000, 0x0000,
  0x0000, 0x1020, 0x1860, 0x2080, 0x2060, 0x2080, 0x2080, 0x1860, 0x1840, 0x1860, 0x30C0, 0x7242, 0x7A62, 0x4940, 0x2080, 0x1840,
  0x1060, 0x0820, 0x0000, 0x0000, 0x0000, 0x0000, 0x0000, 0x0000, 0x0000, 0x0020, 0x0841, 0x0841, 0x0841, 0x0841, 0x1082, 0x0861,
  0x18C3, 0x2945, 0x2945, 0x10A2, 0x10C3, 0x10A2, 0x0841, 0x1082, 0x18E3, 0x18C3, 0x18C3, 0x18E4, 0x18C3, 0x0861, 0x0861, 0x0821,
  0x1082, 0x0840, 0x0000, 0x82C4, 0x8AC3, 0x0800, 0x0000, 0x0000, 0x2104, 0x31A6, 0x3186, 0x7BCF, 0x8431, 0x630C, 0x5AEC, 0x5AEC,
  0x4A49, 0x3186, 0x18E4, 0x2104, 0x8431, 0x52AB, 0x2125, 0x10A2, 0x0020, 0x18C3, 0x73AF, 0x4229, 0x0861, 0x0020, 0x0000, 0x4228,
  0x630C, 0x0840, 0x0861, 0x0020, 0x0020, 0x0000, 0x0841, 0x2987, 0x7B49, 0xF79B, 0xF7BC, 0xFF11, 0xF588, 0xC3E4, 0x9AA1, 0x71E0,
  0x28A0, 0x2080, 0x1880, 0x2080, 0xBD71, 0xFFFF, 0xFF76, 0xF64E, 0xED8A, 0xC467, 0x9B44, 0x7A42, 0x4960, 0x30C0, 0x28A0, 0x28A0,
  0x28A0, 0x2080, 0x2060, 0x1860, 0x1860, 0x2080, 0x30C0, 0x4940, 0x69E1, 0x6A02, 0x5161, 0x4100, 0x4920, 0x69A1, 0x71E1, 0x38C0,
  0x0800, 0x0800, 0x0820, 0x0820, 0x30C0, 0x28C0, 0x28A0, 0x28A0, 0x28A0, 0x28A0, 0x2880, 0x2080, 0x2080, 0x1860, 0x1840, 0x1040,
  0x1040, 0x1040, 0x0820, 0x0820, 0x0820, 0x0800, 0x0000, 0x0000, 0x0000, 0x0000, 0x0000, 0x0000, 0x0000, 0x0800, 0x0800, 0x0820,
  0x0820, 0x0820, 0x0820, 0x0820, 0x0820, 0x0820, 0x0000, 0x0000, 0x0000, 0x0000, 0x0000, 0x0000, 0x0000, 0x0000, 0x0820, 0x0820,
  0x0820, 0x0820, 0x0820, 0x0800, 0x0000, 0x0000, 0x0000, 0x0000, 0x0000, 0x0000, 0x0000, 0x0000, 0x0000, 0x0000, 0x0800, 0x0800,
  0x0000, 0x0000, 0x0000, 0x0000, 0x0000, 0x0000, 0x0000, 0x0000, 0x0000, 0x0800, 0x0800, 0x0800, 0x0800, 0x0800, 0x0820, 0x0820,
  0x1020, 0x1040, 0x1840, 0x1820, 0x1020, 0x1840, 0x1860, 0x0800, 0x1040, 0x0820, 0x0000, 0x0000, 0x0020, 0x20A0, 0x1040, 0x0800,
  0x0000, 0x0000, 0x0000, 0x0000, 0x0000, 0x0000, 0x0000, 0x0000, 0x0000, 0x0000, 0x0000, 0x0000, 0x0000, 0x0000, 0x0000, 0x0000,
  0x0820, 0x2060, 0x28A0, 0x28A0, 0x28A0, 0x30A0, 0x2080, 0x2060, 0x2060, 0x28A0, 0x69E1, 0x8AA3, 0x5181, 0x28A0, 0x2060, 0x1040,
  0x0840, 0x0020, 0x0000, 0x0000, 0x0000, 0x0000, 0x0000, 0x0000, 0x0020, 0x0020, 0x0020, 0x0840, 0x0841, 0x1082, 0x18C3, 0x18C3,
  0x2124, 0x2104, 0x2104, 0x18C3, 0x2104, 0x0861, 0x0841, 0x2965, 0x4208, 0x2966, 0x2965, 0x2125, 0x18E3, 0x1082, 0x1061, 0x0861,
  0x18A2, 0x1061, 0x1860, 0x9B85, 0x8AA3, 0x0820, 0x0000, 0x0000, 0x10A2, 0x2945, 0x31A6, 0x73AF, 0x6B4D, 0x632D, 0x4A6A, 0x4228,
  0x31A7, 0x2966, 0x2104, 0x0861, 0x636E, 0x7B8B, 0x59A1, 0x0862, 0x0020, 0x2124, 0x73CF, 0x39C7, 0x0841, 0x0000, 0x0000, 0x52AA,
  0x4228, 0x0841, 0x0040, 0x0020, 0x0020, 0x0000, 0x18E4, 0x41E6, 0xD634, 0xF7BD, 0xF756, 0xFE2B, 0xDCC6, 0xA2E1, 0x7A00, 0x28A0,
  0x2080, 0x20A1, 0x2080, 0xB4EE, 0xFFFF, 0xFF98, 0xF6B0, 0xF60C, 0xD4C8, 0xAB85, 0x7A62, 0x59A1, 0x30E0, 0x28A0, 0x28A0, 0x28C0,
  0x28A0, 0x2080, 0x1860, 0x1860, 0x2080, 0x28A0, 0x4120, 0x61E1, 0x61C1, 0x5980, 0x4940, 0x4920, 0x69A1, 0x71E1, 0x38C0, 0x0800,
  0x0800, 0x0820, 0x0820, 0x30C0, 0x30C0, 0x30C0, 0x28C0, 0x28A0, 0x28A0, 0x28A0, 0x28A0, 0x2880, 0x2080, 0x2080, 0x1860, 0x1840,
  0x1040, 0x1040, 0x1020, 0x0820, 0x0820, 0x0820, 0x0800, 0x0000, 0x0000, 0x0000, 0x0000, 0x0800, 0x0000, 0x0000, 0x0800, 0x0800,
  0x0820, 0x0820, 0x0820, 0x0820, 0x0820, 0x0820, 0x0000, 0x0000, 0x0000, 0x0000, 0x0000, 0x0000, 0x0000, 0x0000, 0x0820, 0x0820,
  0x0820, 0x0820, 0x0820, 0x0000, 0x0000, 0x0000, 0x0000, 0x0000, 0x0000, 0x0000, 0x0000, 0x0000, 0x0000, 0x0800, 0x0800, 0x0000,
  0x0000, 0x0000, 0x0000, 0x0000, 0x0000, 0x0000, 0x0000, 0x0000, 0x0800, 0x0800, 0x0800, 0x0800, 0x0800, 0x0820, 0x0820, 0x1020,
  0x1040, 0x1860, 0x1860, 0x2060, 0x3080, 0x30A0, 0x1860, 0x2080, 0x30C0, 0x1040, 0x0000, 0x0000, 0x0000, 0x20A1, 0x1860, 0x0800,
  0x0000, 0x0000, 0x0000, 0x0000, 0x0000, 0x0000, 0x0000, 0x0000, 0x0000, 0x0000, 0x0000, 0x0000, 0x0000, 0x0000, 0x0000, 0x0800,
  0x1860, 0x30C0, 0x30C0, 0x30C0, 0x38E0, 0x30A0, 0x2880, 0x2880, 0x2880, 0x5981, 0x9AE4, 0x61E1, 0x30C0, 0x2080, 0x1860, 0x1040,
  0x0820, 0x0000, 0x0000, 0x0000, 0x0000, 0x0000, 0x0000, 0x0020, 0x0020, 0x0020, 0x0841, 0x0861, 0x1082, 0x2104, 0x2945, 0x4A69,
  0x3186, 0x2124, 0x2104, 0x31A6, 0x31A6, 0x0841, 0x0861, 0x4A49, 0x5AEC, 0x2945, 0x2945, 0x18C3, 0x10A2, 0x0861, 0x0841, 0x0841,
  0x1081, 0x18A1, 0x30E0, 0xC4C9, 0x92C3, 0x1860, 0x0020, 0x0000, 0x0841, 0x2925, 0x2945, 0x52AB, 0x4A6A, 0x52AB, 0x52CB, 0x39C7,
  0x39C7, 0x31A7, 0x18C3, 0x0861, 0x4249, 0xB572, 0xCC45, 0x30C0, 0x0000, 0x2965, 0x6B6E, 0x2945, 0x0000, 0x0000, 0x0000, 0x5ACB,
  0x2965, 0x1061, 0x0840, 0x0020, 0x0000, 0x0000, 0x2105, 0x83CB, 0xF7BB, 0xEF59, 0xF66D, 0xED27, 0xBB83, 0x8200, 0x38E0, 0x1860,
  0x20A0, 0x1840, 0x9C2A, 0xFFFE, 0xFFBA, 0xFEF2, 0xF60D, 0xE54A, 0xBBE5, 0x8AA2, 0x5160, 0x38E0, 0x28A0, 0x28A0, 0x30C0, 0x28A0,
  0x2080, 0x1860, 0x1860, 0x1880, 0x28A0, 0x4120, 0x61C1, 0x59A1, 0x5160, 0x5981, 0x5981, 0x69C1, 0x69C1, 0x30C0, 0x0820, 0x0800,
  0x0820, 0x0000, 0x30C0, 0x30C0, 0x30C0, 0x30C0, 0x30C0, 0x28C0, 0x28A0, 0x28A0, 0x28A0, 0x28A0, 0x2880, 0x2080, 0x2060, 0x1860,
  0x1840, 0x1040, 0x1040, 0x1020, 0x0820, 0x0820, 0x0820, 0x0000, 0x0000, 0x0000, 0x0000, 0x0000, 0x0000, 0x0000, 0x0800, 0x0800,
  0x0820, 0x0820, 0x0820, 0x0820, 0x0820, 0x0820, 0x0800, 0x0000, 0x0000, 0x0000, 0x0000, 0x0000, 0x0000, 0x0800, 0x0820, 0x0820,
  0x0820, 0x0820, 0x0800, 0x0000, 0x0000, 0x0000, 0x0000, 0x0000, 0x0000, 0x0000, 0x0000, 0x0000, 0x0000, 0x0800, 0x0000, 0x0000,
  0x0000, 0x0000, 0x0000, 0x0000, 0x0000, 0x0000, 0x0000, 0x0800, 0x0800, 0x0800, 0x0800, 0x0800, 0x0820, 0x0820, 0x1020, 0x1040,
  0x1860, 0x1860, 0x1860, 0x1860, 0x5161, 0x1860, 0x2060, 0x2060, 0x1840, 0x1020, 0x0000, 0x0000, 0x0000, 0x1880, 0x20A0, 0x0000,
  0x0000, 0x0000, 0x0000, 0x0000, 0x0000, 0x0000, 0x0000, 0x0000, 0x0000, 0x0000, 0x0000, 0x0000, 0x0000, 0x0000, 0x0000, 0x1040,
  0x28A0, 0x38E0, 0x38E0, 0x4100, 0x3900, 0x30A0, 0x30C0, 0x28A0, 0x4940, 0x9B03, 0x8262, 0x38E0, 0x28A0, 0x2080, 0x1040, 0x0820,
  0x0020, 0x0000, 0x0000, 0x0000, 0x0000, 0x0000, 0x0020, 0x0020, 0x0841, 0x0841, 0x0861, 0x1082, 0x2945, 0x3186, 0x39C7, 0x4229,
  0x2966, 0x18E3, 0x18E3, 0x52AB, 0x3186, 0x0020, 0x2124, 0x5ACB, 0x31A6, 0x2125, 0x18E4, 0x18C3, 0x1082, 0x0861, 0x0020, 0x0820,
  0x1881, 0x20A1, 0x5181, 0xE5AC, 0x92C2, 0x30E0, 0x0020, 0x0020, 0x0000, 0x10A2, 0x18E3, 0x39E8, 0x4229, 0x39E8, 0x52AB, 0x39E8,
  0x3186, 0x2945, 0x2124, 0x1082, 0x3186, 0xB594, 0xE5AA, 0x69A0, 0x1840, 0x39C7, 0x6B6E, 0x18E3, 0x0000, 0x0000, 0x1082, 0x52AB,
  0x18C2, 0x1061, 0x0840, 0x0020, 0x0000, 0x0841, 0x39A5, 0xD654, 0xF7BC, 0xEED2, 0xED68, 0xC404, 0x8A60, 0x4900, 0x1860, 0x20A0,
  0x1840, 0x8368, 0xFFFD, 0xFFDB, 0xFF34, 0xF64E, 0xE54A, 0xC447, 0x9B23, 0x69E1, 0x4120, 0x28A0, 0x28A0, 0x30C0, 0x30C0, 0x28A0,
  0x1860, 0x1860, 0x1860, 0x2080, 0x4120, 0x59A1, 0x61C1, 0x5160, 0x5160, 0x61A1, 0x7201, 0x71E1, 0x30A0, 0x0800, 0x0800, 0x0820,
  0x0000, 0x30C0, 0x30C0, 0x30C0, 0x30C0, 0x30C0, 0x30C0, 0x30C0, 0x30C0, 0x28A0, 0x28A0, 0x28A0, 0x28A0, 0x2880, 0x2080, 0x2060,
  0x1860, 0x1840, 0x1040, 0x1040, 0x0820, 0x0820, 0x0820, 0x0800, 0x0000, 0x0000, 0x0000, 0x0000, 0x0800, 0x0000, 0x0800, 0x0800,
  0x0820, 0x0820, 0x0820, 0x0820, 0x0820, 0x0820, 0x0800, 0x0000, 0x0000, 0x0000, 0x0000, 0x0000, 0x0000, 0x0800, 0x0820, 0x0820,
  0x0820, 0x0820, 0x0800, 0x0000, 0x0000, 0x0000, 0x0000, 0x0000, 0x0000, 0x0000, 0x0000, 0x0000, 0x0800, 0x0800, 0x0000, 0x0000,
  0x0000, 0x0000, 0x0000, 0x0000, 0x0000, 0x0000, 0x0800, 0x0800, 0x0800, 0x0800, 0x0820, 0x0820, 0x1020, 0x1040, 0x1040, 0x1860,
  0x1860, 0x1860, 0x1860, 0x1860, 0x1860, 0x0000, 0x0820, 0x1040, 0x1840, 0x2060, 0x1020, 0x0000, 0x0000, 0x1040, 0x28C1, 0x0820,
  0x0000, 0x0000, 0x0000, 0x0000, 0x0000, 0x0000, 0x0000, 0x0000, 0x0000, 0x0000, 0x0000, 0x0000, 0x0000, 0x0000, 0x0820, 0x28A0,
  0x38E0, 0x4120, 0x4920, 0x4940, 0x38C0, 0x38E0, 0x38E0, 0x4100, 0x9303, 0x9304, 0x4120, 0x30C0, 0x28A0, 0x1040, 0x0840, 0x0820,
  0x0000, 0x0000, 0x0000, 0x0000, 0x0000, 0x0000, 0x0020, 0x0841, 0x1061, 0x0861, 0x0861, 0x18C3, 0x2104, 0x2945, 0x2124, 0x18C3,
  0x18C3, 0x10A3, 0x31A7, 0x632D, 0x2945, 0x0861, 0x2965, 0x4208, 0x3186, 0x2966, 0x18C3, 0x1082, 0x0861, 0x0861, 0x0020, 0x0020,
  0x3122, 0x2080, 0x7AA4, 0xEE0E, 0x8A40, 0x4140, 0x0020, 0x0020, 0x0000, 0x0841, 0x10A3, 0x3186, 0x4208, 0x31A6, 0x4A49, 0x2145,
  0x2124, 0x2125, 0x18C3, 0x1082, 0x2965, 0xAD33, 0xF64E, 0x8A60, 0x30A0, 0x49C5, 0x528B, 0x1082, 0x0000, 0x0000, 0x2966, 0x52CB,
  0x0820, 0x0840, 0x0820, 0x0020, 0x0000, 0x0882, 0x8389, 0xF79C, 0xEF58, 0xEDEC, 0xD486, 0x9AC1, 0x5140, 0x2060, 0x20A0, 0x1840,
  0x72C6, 0xFFBC, 0xFFFD, 0xFF76, 0xFE8F, 0xEDAB, 0xD4C8, 0xA364, 0x7201, 0x5160, 0x38E0, 0x30C0, 0x30C0, 0x30C0, 0x28A0, 0x2080,
  0x1840, 0x1040, 0x1860, 0x3900, 0x61C1, 0x61A1, 0x5161, 0x5981, 0x5981, 0x71E1, 0x71E1, 0x38C0, 0x0820, 0x0000, 0x0000, 0x0000,
  0x30C0, 0x30C0, 0x30C0, 0x30C0, 0x30C0, 0x30C0, 0x30C0, 0x30C0, 0x30C0, 0x30C0, 0x28A0, 0x28A0, 0x28A0, 0x28A0, 0x2880, 0x2080,
  0x2060, 0x1860, 0x1840, 0x1040, 0x1040, 0x0820, 0x0820, 0x0820, 0x0800, 0x0000, 0x0000, 0x0000, 0x0000, 0x0000, 0x0000, 0x0800,
  0x0800, 0x0820, 0x0820, 0x0820, 0x0820, 0x0820, 0x0800, 0x0000, 0x0000, 0x0000, 0x0000, 0x0000, 0x0000, 0x0800, 0x0820, 0x0820,
  0x0820, 0x0820, 0x0800, 0x0000, 0x0000, 0x0000, 0x0000, 0x0000, 0x0000, 0x0000, 0x0000, 0x0000, 0x0800, 0x0000, 0x0000, 0x0000,
  0x0000, 0x0000, 0x0000, 0x0000, 0x0000, 0x0800, 0x0800, 0x0800, 0x0800, 0x0820, 0x0820, 0x1020, 0x1040, 0x1840, 0x1860, 0x1860,
  0x1860, 0x1860, 0x1860, 0x1860, 0x1840, 0x1840, 0x1840, 0x0820, 0x1020, 0x1860, 0x0820, 0x0000, 0x0000, 0x0840, 0x20A1, 0x0820,
  0x0000, 0x0000, 0x0000, 0x0000, 0x0000, 0x0000, 0x0000, 0x0000, 0x0000, 0x0000, 0x0000, 0x0000, 0x0000, 0x0000, 0x2060, 0x3900,
  0x4120, 0x5160, 0x5160, 0x4920, 0x38E0, 0x3900, 0x38E0, 0x8282, 0xB385, 0x59A1, 0x30C0, 0x20A0, 0x1040, 0x1040, 0x0820, 0x0020,
  0x0000, 0x0000, 0x0000, 0x0000, 0x0000, 0x0000, 0x0841, 0x0841, 0x0841, 0x0861, 0x10A2, 0x10A2, 0x18E4, 0x2945, 0x18C3, 0x0861,
  0x18C2, 0x2966, 0x5AEC, 0x5AEC, 0x39C7, 0x0020, 0x18C3, 0x31A6, 0x39E8, 0x31A7, 0x2104, 0x10A2, 0x1082, 0x0841, 0x0000, 0x0841,
  0x3962, 0x30C0, 0xA409, 0xEE2E, 0x7A00, 0x5161, 0x0820, 0x0020, 0x0000, 0x0000, 0x1082, 0x2104, 0x3186, 0x31A6, 0x4228, 0x2966,
  0x2945, 0x2104, 0x10A3, 0x0840, 0x31C7, 0xAD54, 0xEE71, 0xA2E0, 0x38E0, 0x4120, 0x4183, 0x0041, 0x0000, 0x0000, 0x4229, 0x4A49,
  0x0861, 0x0020, 0x0020, 0x0000, 0x0000, 0x3143, 0xD613, 0xF7BD, 0xEEB1, 0xDD07, 0xB342, 0x69C0, 0x2080, 0x2080, 0x1040, 0x59C2,
  0xF759, 0xFFFE, 0xFF99, 0xFEF2, 0xFE4E, 0xDCE8, 0xAB84, 0x7A42, 0x5181, 0x4100, 0x38E0, 0x38E0, 0x38E0, 0x28A0, 0x2060, 0x1040,
  0x1040, 0x1840, 0x30C0, 0x59A1, 0x61C1, 0x5981, 0x5981, 0x61A1, 0x69E1, 0x61C1, 0x30C0, 0x1020, 0x0820, 0x0000, 0x0820, 0x30C0,
  0x30C0, 0x30C0, 0x30C0, 0x30C0, 0x30C0, 0x30C0, 0x30C0, 0x30C0, 0x30C0, 0x30C0, 0x30C0, 0x28C0, 0x28A0, 0x28A0, 0x28A0, 0x2880,
  0x2080, 0x1860, 0x1860, 0x1840, 0x1040, 0x1040, 0x0820, 0x0820, 0x0820, 0x0000, 0x0000, 0x0000, 0x0000, 0x0800, 0x0000, 0x0800,
  0x0800, 0x0820, 0x0820, 0x0820, 0x0820, 0x0820, 0x0800, 0x0000, 0x0000, 0x0000, 0x0000, 0x0000, 0x0000, 0x0800, 0x0820, 0x0820,
  0x0820, 0x0820, 0x0000, 0x0000, 0x0000, 0x0000, 0x0000, 0x0000, 0x0000, 0x0000, 0x0000, 0x0800, 0x0000, 0x0000, 0x0000, 0x0000,
  0x0000, 0x0000, 0x0000, 0x0000, 0x0800, 0x0800, 0x0800, 0x0800, 0x0820, 0x0820, 0x1020, 0x1040, 0x1860, 0x1860, 0x1860, 0x1860,
  0x1860, 0x1860, 0x1860, 0x1840, 0x1840, 0x1040, 0x1040, 0x1020, 0x0800, 0x2060, 0x1840, 0x0000, 0x0000, 0x1060, 0x20A1, 0x0820,
  0x0000, 0x0000, 0x0000, 0x0000, 0x0000, 0x0000, 0x0000, 0x0000, 0x0000, 0x0000, 0x0000, 0x0000, 0x0000, 0x1040, 0x38E0, 0x4120,
  0x5981, 0x61C1, 0x5980, 0x4940, 0x4920, 0x38E0, 0x7221, 0xBBE6, 0x7A42, 0x4100, 0x28A0, 0x1040, 0x1040, 0x0840, 0x0020, 0x0000,
  0x0000, 0x0000, 0x0000, 0x0000, 0x0020, 0x0841, 0x0841, 0x0841, 0x0862, 0x18C3, 0x18E4, 0x18C3, 0x18C3, 0x1082, 0x1082, 0x18C3,
  0x2104, 0x39E8, 0x6B4D, 0x5ACB, 0x528A, 0x18C3, 0x1082, 0x2965, 0x4208, 0x2945, 0x2104, 0x1082, 0x0861, 0x0841, 0x0000, 0x0020,
  0x3102, 0x5140, 0xCD6E, 0xEDCD, 0x79E0, 0x61C1, 0x1040, 0x0020, 0x0000, 0x0000, 0x0841, 0x18C3, 0x2965, 0x31A7, 0x2966, 0x2125,
  0x18E3, 0x10A2, 0x1082, 0x0020, 0x4A6A, 0xAD76, 0xEE94, 0xAB41, 0x4100, 0x30C0, 0x69E1, 0x1040, 0x0000, 0x0000, 0x528A, 0x3186,
  0x1081, 0x0020, 0x0000, 0x0000, 0x0000, 0x8348, 0xFFBC, 0xEF39, 0xE5CB, 0xBBA4, 0x8241, 0x38C0, 0x2080, 0x1860, 0x3900, 0xE674,
  0xFFFE, 0xFFB9, 0xFF13, 0xF66F, 0xE58B, 0xC446, 0x8AA2, 0x61A1, 0x4940, 0x38E0, 0x3900, 0x30E0, 0x28A0, 0x2060, 0x1040, 0x1040,
  0x1040, 0x30C0, 0x5981, 0x59A1, 0x59A1, 0x59A1, 0x69C1, 0x71E1, 0x61A1, 0x28A0, 0x0820, 0x0800, 0x0000, 0x1040, 0x28A0, 0x28A0,
  0x30A0, 0x30C0, 0x30C0, 0x30C0, 0x30C0, 0x30C0, 0x30C0, 0x30C0, 0x30C0, 0x30C0, 0x30C0, 0x30C0, 0x28C0, 0x28A0, 0x28A0, 0x28A0,
  0x2880, 0x2080, 0x1860, 0x1860, 0x1840, 0x1040, 0x1020, 0x0820, 0x0820, 0x0800, 0x0000, 0x0000, 0x0000, 0x0000, 0x0000, 0x0000,
  0x0800, 0x0820, 0x0820, 0x0820, 0x0820, 0x0820, 0x0820, 0x0000, 0x0000, 0x0000, 0x0000, 0x0000, 0x0000, 0x0800, 0x0820, 0x0820,
  0x0820, 0x0800, 0x0000, 0x0000, 0x0000, 0x0000, 0x0000, 0x0000, 0x0000, 0x0000, 0x0800, 0x0800, 0x0000, 0x0000, 0x0000, 0x0000,
  0x0000, 0x0000, 0x0000, 0x0800, 0x0800, 0x0800, 0x0800, 0x0820, 0x0820, 0x1020, 0x1040, 0x1860, 0x1860, 0x1860, 0x1860, 0x1860,
  0x1860, 0x1840, 0x1840, 0x1840, 0x1040, 0x1040, 0x1040, 0x1040, 0x58E0, 0x2020, 0x0800, 0x0000, 0x1040, 0x2880, 0x20C1, 0x0820,
  0x0000, 0x0000, 0x0000, 0x0000, 0x0000, 0x0000, 0x0000, 0x0000, 0x0000, 0x0000, 0x0000, 0x0000, 0x0800, 0x28A0, 0x4120, 0x5160,
  0x6A01, 0x61C1, 0x5960, 0x5160, 0x4920, 0x69E1, 0xC406, 0x92E4, 0x4920, 0x30C0, 0x1840, 0x1040, 0x1040, 0x0840, 0x0000, 0x0000,
  0x0000, 0x0000, 0x0000, 0x0000, 0x0020, 0x0020, 0x0020, 0x0841, 0x1082, 0x10A3, 0x18C3, 0x18C3, 0x0861, 0x1082, 0x2104, 0x2965,
  0x39E7, 0x528B, 0x6B6E, 0x6B6E, 0x6B4D, 0x4208, 0x0020, 0x18E3, 0x31A7, 0x2104, 0x10A2, 0x0861, 0x0861, 0x0020, 0x0000, 0x0020,
  0x28E1, 0x61A0, 0xEE92, 0xD509, 0x71E0, 0x69E1, 0x2080, 0x0020, 0x0020, 0x0000, 0x0000, 0x0861, 0x18C3, 0x2124, 0x2104, 0x18C3,
  0x10A3, 0x10A2, 0x18C3, 0x1061, 0x52CB, 0xB575, 0xF717, 0xB382, 0x4920, 0x1860, 0x61E2, 0x5141, 0x0800, 0x0020, 0x4A49, 0x20E4,
  0x0841, 0x0020, 0x0020, 0x0000, 0x1881, 0xD5F2, 0xFFFF, 0xF6B1, 0xD485, 0x92C1, 0x4940, 0x2080, 0x20A0, 0x2880, 0xBD2E, 0xFFFF,
  0xFFDB, 0xFF53, 0xFE8E, 0xEDCC, 0xCC67, 0xA344, 0x7201, 0x4940, 0x4100, 0x4100, 0x38E0, 0x30C0, 0x2080, 0x1840, 0x1040, 0x1040,
  0x28C0, 0x59A1, 0x59A1, 0x61A1, 0x61A1, 0x69C1, 0x7A21, 0x6181, 0x2880, 0x0820, 0x0800, 0x0000, 0x1040, 0x2060, 0x28A0, 0x28A0,
  0x28A0, 0x28A0, 0x30C0, 0x30C0, 0x30C0, 0x30C0, 0x30C0, 0x30C0, 0x30C0, 0x30C0, 0x30C0, 0x30C0, 0x30C0, 0x28C0, 0x28A0, 0x28A0,
  0x28A0, 0x2880, 0x2080, 0x1860, 0x1860, 0x1040, 0x1040, 0x0820, 0x0820, 0x0820, 0x0800, 0x0000, 0x0000, 0x0000, 0x0800, 0x0000,
  0x0800, 0x0800, 0x0820, 0x0820, 0x0820, 0x0820, 0x0820, 0x0000, 0x0000, 0x0000, 0x0000, 0x0000, 0x0000, 0x0800, 0x0820, 0x0820,
  0x0820, 0x0800, 0x0000, 0x0000, 0x0000, 0x0000, 0x0000, 0x0000, 0x0000, 0x0000, 0x0800, 0x0000, 0x0000, 0x0000, 0x0000, 0x0000,
  0x0000, 0x0000, 0x0800, 0x0800, 0x0800, 0x0800, 0x0820, 0x0820, 0x1020, 0x1040, 0x1860, 0x1860, 0x1860, 0x1860, 0x1860, 0x1860,
  0x1840, 0x1840, 0x1040, 0x1040, 0x1040, 0x1040, 0x1040, 0x1040, 0x7182, 0x38A0, 0x0800, 0x0000, 0x1020, 0x3080, 0x28E1, 0x1040,
  0x0000, 0x0000, 0x0000, 0x0000, 0x0000, 0x0000, 0x0000, 0x0000, 0x0000, 0x0000, 0x0000, 0x0000, 0x1860, 0x4140, 0x5160, 0x7242,
  0x6A01, 0x61A0, 0x5980, 0x4940, 0x59A0, 0xBBC5, 0xB3C5, 0x5980, 0x30E0, 0x1860, 0x1040, 0x1060, 0x0840, 0x0020, 0x0000, 0x0000,
  0x0000, 0x0000, 0x0000, 0x0020, 0x0841, 0x0841, 0x0840, 0x1082, 0x0861, 0x1082, 0x1082, 0x10A2, 0x1082, 0x18C3, 0x2104, 0x31A7,
  0x632D, 0x6B6E, 0x630C, 0x5ACB, 0x630C, 0x528A, 0x18E3, 0x0020, 0x18E3, 0x18E3, 0x1082, 0x0861, 0x0841, 0x0020, 0x0000, 0x0020,
  0x28A0, 0x7262, 0xFF76, 0xCC87, 0x69C0, 0x7201, 0x28C0, 0x0841, 0x0020, 0x0000, 0x0000, 0x0020, 0x0861, 0x18C3, 0x18C3, 0x1082,
  0x1082, 0x10A2, 0x18E3, 0x0861, 0x6B8E, 0xAD34, 0xFF58, 0xC404, 0x4940, 0x1860, 0x4961, 0x5981, 0x40E0, 0x1082, 0x4249, 0x1082,
  0x0861, 0x0020, 0x0020, 0x0000, 0x5224, 0xFF9A, 0xFFDA, 0xEDCA, 0xBB83, 0x7A01, 0x28A0, 0x20A0, 0x1840, 0x8B67, 0xFFFE, 0xFFDE,
  0xFF77, 0xFED0, 0xF60C, 0xDCE8, 0xA364, 0x71E1, 0x5980, 0x4920, 0x4920, 0x4120, 0x38E0, 0x2880, 0x1860, 0x1020, 0x1040, 0x30C0,
  0x5981, 0x59A1, 0x61A1, 0x69E1, 0x69E1, 0x7201, 0x5981, 0x2080, 0x1020, 0x0820, 0x0000, 0x1040, 0x1040, 0x2080, 0x28A0, 0x28A0,
  0x28A0, 0x28A0, 0x28A0, 0x28A0, 0x30C0, 0x30C0, 0x30C0, 0x30C0, 0x30C0, 0x30C0, 0x30C0, 0x30C0, 0x30C0, 0x30C0, 0x30C0, 0x28A0,
  0x28A0, 0x28A0, 0x2880, 0x2080, 0x1860, 0x1860, 0x1040, 0x1040, 0x0820, 0x0820, 0x0820, 0x0000, 0x0000, 0x0000, 0x0000, 0x0000,
  0x0000, 0x0800, 0x0820, 0x0820, 0x0820, 0x0820, 0x0820, 0x0000, 0x0000, 0x0000, 0x0000, 0x0000, 0x0000, 0x0800, 0x0820, 0x0820,
  0x0820, 0x0000, 0x0000, 0x0000, 0x0000, 0x0000, 0x0000, 0x0000, 0x0000, 0x0800, 0x0000, 0x0000, 0x0000, 0x0000, 0x0000, 0x0000,
  0x0000, 0x0800, 0x0800, 0x0800, 0x0800, 0x0820, 0x0820, 0x1040, 0x1840, 0x1860, 0x1860, 0x1860, 0x1860, 0x1860, 0x1840, 0x1840,
  0x1040, 0x1040, 0x1040, 0x1040, 0x1040, 0x1040, 0x1840, 0x1840, 0x1840, 0x89C1, 0x38A0, 0x0000, 0x1040, 0x2880, 0x28E1, 0x1040,
  0x0000, 0x0000, 0x0000, 0x0000, 0x0000, 0x0000, 0x0000, 0x0000, 0x0000, 0x0000, 0x0000, 0x1040, 0x3900, 0x4940, 0x7242, 0x82A3,
  0x6A01, 0x61C0, 0x5160, 0x5180, 0xA344, 0xC426, 0x7201, 0x4100, 0x1880, 0x1040, 0x1060, 0x0840, 0x0820, 0x0000, 0x0000, 0x0000,
  0x0000, 0x0000, 0x0020, 0x0020, 0x0861, 0x10A2, 0x10A2, 0x18C3, 0x10A2, 0x10A2, 0x10A2, 0x2124, 0x2945, 0x3186, 0x31A7, 0x528A,
  0x630C, 0x8410, 0x738E, 0x528A, 0x4229, 0x3186, 0x18E3, 0x0020, 0x0861, 0x18C3, 0x1082, 0x0861, 0x0820, 0x0000, 0x0020, 0x2104,
  0x28A0, 0x9366, 0xFF77, 0xBBE5, 0x69C0, 0x7201, 0x4100, 0x0841, 0x0841, 0x0000, 0x0000, 0x0000, 0x0020, 0x1082, 0x10A2, 0x0861,
  0x1082, 0x1082, 0x1082, 0x1082, 0x8452, 0x9491, 0xF717, 0xCC45, 0x4920, 0x2080, 0x3901, 0x5161, 0x5100, 0x59C3, 0x31C8, 0x0840,
  0x0840, 0x0020, 0x0000, 0x0021, 0x9C2A, 0xFFFD, 0xFED0, 0xCC44, 0x92A2, 0x4100, 0x2080, 0x1860, 0x51A2, 0xF738, 0xFFFF, 0xFFB9,
  0xFF33, 0xFEAF, 0xE549, 0xAB84, 0x7A41, 0x5960, 0x4940, 0x4120, 0x4940, 0x3900, 0x30C0, 0x1860, 0x1040, 0x1040, 0x28A0, 0x59A1,
  0x61C1, 0x61A1, 0x69E1, 0x69E1, 0x71E1, 0x5160, 0x1860, 0x1020, 0x0820, 0x0000, 0x1020, 0x1020, 0x2060, 0x2080, 0x2080, 0x2080,
  0x28A0, 0x28A0, 0x28A0, 0x28A0, 0x28A0, 0x30C0, 0x30C0, 0x30C0, 0x30C0, 0x30C0, 0x30C0, 0x30C0, 0x30C0, 0x30C0, 0x30C0, 0x30C0,
  0x28A0, 0x28A0, 0x28A0, 0x2880, 0x2080, 0x1860, 0x1840, 0x1040, 0x1040, 0x0820, 0x0820, 0x0800, 0x0000, 0x0000, 0x0000, 0x0800,
  0x0000, 0x0800, 0x0800, 0x0820, 0x0820, 0x0820, 0x0820, 0x0800, 0x0000, 0x0000, 0x0000, 0x0000, 0x0000, 0x0820, 0x0820, 0x0820,
  0x0820, 0x0000, 0x0000, 0x0000, 0x0000, 0x0000, 0x0000, 0x0000, 0x0000, 0x0800, 0x0000, 0x0000, 0x0000, 0x0000, 0x0000, 0x0000,
  0x0800, 0x0800, 0x0800, 0x0800, 0x0820, 0x1020, 0x1040, 0x1860, 0x1860, 0x1860, 0x1860, 0x1860, 0x1860, 0x1840, 0x1840, 0x1040,
  0x1040, 0x1040, 0x1040, 0x1040, 0x1840, 0x1840, 0x1840, 0x1840, 0x1860, 0x1860, 0x50E1, 0x0820, 0x0820, 0x1881, 0x28C1, 0x1060,
  0x0000, 0x0000, 0x0000, 0x0000, 0x0000, 0x0000, 0x0000, 0x0000, 0x0000, 0x0000, 0x0800, 0x30C0, 0x4940, 0x59A1, 0x9B24, 0x7A62,
  0x7201, 0x61C0, 0x61A0, 0x92C2, 0xD467, 0x8282, 0x4940, 0x2080, 0x1040, 0x1060, 0x1060, 0x0820, 0x0020, 0x0000, 0x0000, 0x0000,
  0x0000, 0x0000, 0x0000, 0x0020, 0x0020, 0x0861, 0x1082, 0x1082, 0x18C3, 0x2104, 0x18E3, 0x2945, 0x31A7, 0x39E8, 0x4A49, 0x5AEC,
  0x5B0C, 0x630D, 0x52AB, 0x39C7, 0x2104, 0x0020, 0x0020, 0x0020, 0x0841, 0x10A2, 0x1082, 0x0020, 0x0020, 0x0000, 0x18C3, 0x18E4,
  0x30C0, 0xB4CC, 0xFF36, 0xAB63, 0x61C0, 0x69E1, 0x5141, 0x1061, 0x1082, 0x0020, 0x0000, 0x0000, 0x0000, 0x0020, 0x0841, 0x0861,
  0x1082, 0x0861, 0x0861, 0x18E3, 0x8452, 0x83EE, 0xF6F6, 0xCC46, 0x4920, 0x28A0, 0x28C0, 0x61C2, 0x30A0, 0x8A42, 0x2902, 0x0020,
  0x0020, 0x0000, 0x0000, 0x20C1, 0xDE52, 0xFFD8, 0xE548, 0xB342, 0x5960, 0x2060, 0x1880, 0x2880, 0xC54F, 0xFFFF, 0xFFBB, 0xFF53,
  0xFED0, 0xEDAB, 0xC405, 0x8A82, 0x61A1, 0x5140, 0x4920, 0x4940, 0x4100, 0x30C0, 0x1860, 0x1040, 0x1040, 0x20A0, 0x5181, 0x69C1,
  0x61C1, 0x7201, 0x69C1, 0x61C1, 0x4120, 0x1860, 0x0820, 0x0820, 0x0000, 0x0820, 0x0800, 0x0000, 0x1860, 0x1860, 0x2060, 0x2080,
  0x2080, 0x2080, 0x28A0, 0x28A0, 0x28A0, 0x28A0, 0x28A0, 0x30C0, 0x30C0, 0x30C0, 0x30C0, 0x30C0, 0x30C0, 0x30C0, 0x30C0, 0x30C0,
  0x30C0, 0x28A0, 0x28A0, 0x28A0, 0x2880, 0x2080, 0x1860, 0x1840, 0x1040, 0x1040, 0x0820, 0x0820, 0x0800, 0x0000, 0x0000, 0x0000,
  0x0000, 0x0800, 0x0800, 0x0820, 0x0820, 0x0820, 0x0820, 0x0800, 0x0000, 0x0000, 0x0000, 0x0000, 0x0000, 0x0820, 0x0820, 0x0820,
  0x0800, 0x0000, 0x0000, 0x0000, 0x0000, 0x0000, 0x0000, 0x0000, 0x0800, 0x0000, 0x0000, 0x0000, 0x0000, 0x0000, 0x0000, 0x0800,
  0x0800, 0x0800, 0x0800, 0x0820, 0x1020, 0x1040, 0x1860, 0x1860, 0x1860, 0x1860, 0x1860, 0x1840, 0x1840, 0x1040, 0x1040, 0x1040,
  0x1040, 0x1040, 0x1840, 0x1840, 0x1840, 0x1840, 0x1860, 0x1860, 0x1860, 0x1860, 0x40E1, 0x1040, 0x0000, 0x0860, 0x3102, 0x1040,
  0x0000, 0x0000, 0x0000, 0x0000, 0x0000, 0x0000, 0x0000, 0x0000, 0x0000, 0x0000, 0x2080, 0x4940, 0x4940, 0x8AC4, 0x9B24, 0x7A42,
  0x7221, 0x6A01, 0x8281, 0xDC87, 0xA323, 0x5960, 0x28C0, 0x1040, 0x1060, 0x1061, 0x0840, 0x0020, 0x0000, 0x0000, 0x0000, 0x0000,
  0x0000, 0x0000, 0x0000, 0x0000, 0x0000, 0x0000, 0x0020, 0x0841, 0x0861, 0x0862, 0x10A2, 0x18C3, 0x2965, 0x39C7, 0x5ACB, 0x630C,
  0x632D, 0x52AB, 0x2145, 0x10C3, 0x0020, 0x0020, 0x0000, 0x0000, 0x0820, 0x0841, 0x0841, 0x0020, 0x0000, 0x0021, 0x18C3, 0x1082,
  0x4120, 0xDE53, 0xFF35, 0xAB42, 0x69C0, 0x69E1, 0x61A1, 0x1860, 0x0841, 0x0841, 0x0020, 0x0000, 0x0000, 0x0000, 0x0020, 0x0841,
  0x0841, 0x1082, 0x0841, 0x2124, 0x8C73, 0x7B8D, 0xEEB5, 0xC446, 0x4900, 0x28C0, 0x20A0, 0x69E2, 0x30C0, 0x4920, 0x4100, 0x0000,
  0x0020, 0x0000, 0x0000, 0x6244, 0xFFD9, 0xF66F, 0xC404, 0x7A21, 0x2880, 0x1860, 0x1020, 0x7284, 0xFFDC, 0xFFFE, 0xFF77, 0xFF11,
  0xF5EC, 0xD466, 0x9AE2, 0x69C0, 0x5140, 0x5140, 0x4920, 0x4120, 0x30C0, 0x1860, 0x1020, 0x1020, 0x2060, 0x5160, 0x69E1, 0x69C1,
  0x71E1, 0x69C1, 0x61A1, 0x38E0, 0x1840, 0x0820, 0x0820, 0x0000, 0x0000, 0x0000, 0x0800, 0x1040, 0x1840, 0x1860, 0x1860, 0x1860,
  0x2060, 0x2080, 0x2080, 0x2080, 0x28A0, 0x28A0, 0x28A0, 0x28A0, 0x28A0, 0x30C0, 0x30C0, 0x30C0, 0x30C0, 0x30C0, 0x30C0, 0x30C0,
  0x30C0, 0x30C0, 0x28C0, 0x28A0, 0x28A0, 0x2880, 0x2080, 0x1860, 0x1840, 0x1040, 0x1020, 0x0820, 0x0820, 0x0000, 0x0000, 0x0000,
  0x0800, 0x0000, 0x0800, 0x0820, 0x0820, 0x0820, 0x0820, 0x0800, 0x0000, 0x0000, 0x0000, 0x0000, 0x0000, 0x0820, 0x0820, 0x0820,
  0x0800, 0x0000, 0x0000, 0x0000, 0x0000, 0x0000, 0x0000, 0x0800, 0x0000, 0x0000, 0x0000, 0x0000, 0x0000, 0x0000, 0x0800, 0x0800,
  0x0800, 0x0800, 0x0820, 0x1020, 0x1040, 0x1860, 0x1860, 0x1860, 0x1860, 0x1860, 0x1840, 0x1840, 0x1040, 0x1040, 0x1040, 0x1040,
  0x1040, 0x1840, 0x1840, 0x1840, 0x1860, 0x1860, 0x1860, 0x1860, 0x1860, 0x1860, 0x1860, 0x0820, 0x0000, 0x0840, 0x28C1, 0x1880,
  0x0000, 0x0000, 0x0000, 0x0000, 0x0000, 0x0000, 0x0000, 0x0000, 0x0000, 0x0820, 0x4120, 0x4960, 0x6A22, 0xA385, 0x8AC3, 0x7221,
  0x7A42, 0x8261, 0xD487, 0xBBE5, 0x69A0, 0x3900, 0x1860, 0x1060, 0x1060, 0x1061, 0x0020, 0x0000, 0x0000, 0x0000, 0x0000, 0x0000,
  0x0000, 0x0000, 0x0020, 0x0020, 0x0000, 0x0000, 0x0020, 0x0000, 0x0020, 0x0020, 0x0020, 0x0020, 0x1082, 0x2945, 0x4228, 0x4A6A,
  0x5ACB, 0x31A6, 0x0861, 0x0020, 0x0020, 0x0841, 0x0841, 0x0020, 0x0841, 0x1082, 0x0840, 0x0000, 0x0020, 0x0841, 0x0841, 0x0841,
  0x59E1, 0xF758, 0xFEB2, 0xA302, 0x61C1, 0x69C1, 0x69E1, 0x20A0, 0x0841, 0x0861, 0x0841, 0x0000, 0x0000, 0x0000, 0x0000, 0x0020,
  0x0020, 0x0861, 0x0000, 0x31A7, 0x8C72, 0x6B0B, 0xE695, 0xC467, 0x4900, 0x28C0, 0x2080, 0x59A2, 0x4921, 0x1860, 0x4100, 0x0000,
  0x0020, 0x0020, 0x0820, 0xAC2A, 0xFF96, 0xDCC7, 0x9AE2, 0x38E0, 0x1860, 0x1040, 0x30C0, 0xD611, 0xFFFF, 0xFFB8, 0xFEF1, 0xFE6E,
  0xDD08, 0x9AE2, 0x69E0, 0x5960, 0x5160, 0x5160, 0x4940, 0x38E0, 0x1860, 0x1040, 0x1020, 0x1840, 0x4120, 0x69C1, 0x69C1, 0x71E1,
  0x69C1, 0x5160, 0x38E0, 0x1840, 0x0820, 0x1020, 0x0000, 0x0000, 0x0000, 0x0800, 0x1020, 0x1040, 0x1040, 0x1040, 0x1840, 0x1860,
  0x1860, 0x1860, 0x2060, 0x2080, 0x2080, 0x2080, 0x28A0, 0x28A0, 0x28A0, 0x28A0, 0x30C0, 0x30C0, 0x30C0, 0x30C0, 0x30C0, 0x30C0,
  0x30C0, 0x30C0, 0x30C0, 0x28C0, 0x28A0, 0x28A0, 0x2880, 0x2080, 0x1860, 0x1840, 0x1040, 0x0820, 0x0820, 0x0800, 0x0000, 0x0000,
  0x0000, 0x0000, 0x0800, 0x0800, 0x0820, 0x0820, 0x0820, 0x0820, 0x0000, 0x0000, 0x0000, 0x0000, 0x0000, 0x0820, 0x0820, 0x0820,
  0x0000, 0x0000, 0x0000, 0x0000, 0x0000, 0x0000, 0x0000, 0x0800, 0x0000, 0x0000, 0x0000, 0x0000, 0x0000, 0x0800, 0x0800, 0x0800,
  0x0800, 0x0820, 0x1020, 0x1840, 0x1860, 0x1860, 0x1860, 0x1860, 0x1840, 0x1840, 0x1040, 0x1040, 0x1040, 0x1040, 0x1040, 0x1840,
  0x1840, 0x1840, 0x1860, 0x1860, 0x1860, 0x1860, 0x1860, 0x1860, 0x1860, 0x1860, 0x1860, 0x1860, 0x0820, 0x20A1, 0x28C1, 0x1060,
  0x0000, 0x0000, 0x0000, 0x0020, 0x0000, 0x0000, 0x0000, 0x0000, 0x0000, 0x30C0, 0x5181, 0x5980, 0xA385, 0xA385, 0x8282, 0x7A62,
  0x7A21, 0xC406, 0xDCC8, 0x7A20, 0x4920, 0x2080, 0x1060, 0x1860, 0x1060, 0x0840, 0x0020, 0x0000, 0x0000, 0x0000, 0x0000, 0x0020,
  0x0020, 0x0020, 0x0841, 0x0841, 0x0841, 0x0841, 0x0861, 0x0841, 0x0020, 0x0861, 0x0861, 0x0020, 0x0020, 0x0841, 0x0881, 0x3186,
  0x31A6, 0x0861, 0x0020, 0x0841, 0x1082, 0x18C3, 0x18C3, 0x20E4, 0x18C3, 0x2104, 0x2104, 0x0861, 0x0000, 0x0000, 0x0020, 0x0020,
  0x7AC4, 0xFFDB, 0xEE0E, 0x92A1, 0x61A1, 0x61A1, 0x69E1, 0x28C0, 0x0840, 0x0841, 0x0861, 0x0841, 0x0000, 0x0000, 0x0000, 0x0000,
  0x0000, 0x0020, 0x0000, 0x52AB, 0x8C72, 0x62CA, 0xDE55, 0xD4C9, 0x5120, 0x30C0, 0x20A0, 0x4141, 0x4941, 0x1040, 0x30C0, 0x0820,
  0x0000, 0x0021, 0x2080, 0xDD4C, 0xF5CB, 0xB363, 0x61A1, 0x2080, 0x1860, 0x1020, 0x8B46, 0xFFFC, 0xFFDB, 0xFF74, 0xFE6E, 0xDD08,
  0xB3A4, 0x8242, 0x6180, 0x5980, 0x5980, 0x4940, 0x30C0, 0x2080, 0x1040, 0x1040, 0x1840, 0x4120, 0x61C1, 0x61C1, 0x61C1, 0x61C1,
  0x5960, 0x30C0, 0x1040, 0x1040, 0x1040, 0x0000, 0x0000, 0x0000, 0x0000, 0x1040, 0x0820, 0x0820, 0x1020, 0x1040, 0x1040, 0x1040,
  0x1840, 0x1840, 0x1860, 0x1860, 0x2060, 0x2080, 0x2080, 0x2080, 0x28A0, 0x28A0, 0x28A0, 0x28A0, 0x30C0, 0x30C0, 0x30C0, 0x30C0,
  0x30C0, 0x30C0, 0x30C0, 0x30C0, 0x30C0, 0x28A0, 0x28A0, 0x2880, 0x2080, 0x1860, 0x1840, 0x1040, 0x0820, 0x0820, 0x0800, 0x0000,
  0x0000, 0x0800, 0x0000, 0x0800, 0x0820, 0x0820, 0x0820, 0x0820, 0x0000, 0x0000, 0x0000, 0x0000, 0x0000, 0x0820, 0x0820, 0x0820,
  0x0000, 0x0000, 0x0000, 0x0000, 0x0000, 0x0000, 0x0800, 0x0000, 0x0000, 0x0000, 0x0000, 0x0000, 0x0000, 0x0800, 0x0800, 0x0800,
  0x0820, 0x1020, 0x1840, 0x1860, 0x1860, 0x1860, 0x1860, 0x1840, 0x1840, 0x1040, 0x1040, 0x1040, 0x1040, 0x1840, 0x1840, 0x1840,
  0x1860, 0x1860, 0x1860, 0x1860, 0x1860, 0x1860, 0x1860, 0x1860, 0x1860, 0x1860, 0x1060, 0x1060, 0x0820, 0x1881, 0x28E1, 0x1040,
  0x0020, 0x0000, 0x0000, 0x0000, 0x0000, 0x0000, 0x0000, 0x0000, 0x1860, 0x5181, 0x5180, 0x82A3, 0xB3E6, 0x9B44, 0x92E3, 0x8262,
  0xB384, 0xED28, 0x92C2, 0x5140, 0x28A0, 0x1860, 0x1860, 0x1060, 0x1061, 0x0020, 0x0000, 0x0000, 0x0000, 0x0000, 0x0020, 0x0020,
  0x0841, 0x0841, 0x0861, 0x0841, 0x10A2, 0x10A2, 0x0861, 0x1082, 0x10A2, 0x10A3, 0x18E3, 0x18E3, 0x1082, 0x0841, 0x0040, 0x0861,
  0x0841, 0x0861, 0x1082, 0x2124, 0x3186, 0x3186, 0x2945, 0x2965, 0x4228, 0x2925, 0x18E3, 0x18C3, 0x1082, 0x0000, 0x0020, 0x0020,
  0x93A8, 0xFFFC, 0xE56A, 0x8241, 0x59A1, 0x59A1, 0x69C1, 0x30C0, 0x1040, 0x0841, 0x0841, 0x0861, 0x0841, 0x0000, 0x0000, 0x0000,
  0x0000, 0x0000, 0x0841, 0x6B6E, 0x94B4, 0x5268, 0xD614, 0xD50A, 0x5120, 0x28C0, 0x20A0, 0x30C1, 0x4941, 0x1040, 0x2880, 0x1040,
  0x0000, 0x0000, 0x28A0, 0xD4A8, 0xC405, 0x7A41, 0x38E0, 0x2080, 0x1860, 0x3900, 0xE693, 0xFFFE, 0xFF97, 0xFEF0, 0xED8A, 0xBBC4,
  0x7A41, 0x69C1, 0x5980, 0x5980, 0x5140, 0x40E0, 0x2060, 0x1040, 0x1040, 0x1040, 0x4120, 0x61A1, 0x61C1, 0x61C1, 0x5981, 0x5141,
  0x28A0, 0x1040, 0x1040, 0x1040, 0x0000, 0x0000, 0x0000, 0x0820, 0x0000, 0x0820, 0x0820, 0x0820, 0x0820, 0x0820, 0x0820, 0x1020,
  0x1040, 0x1040, 0x1040, 0x1840, 0x1860, 0x1860, 0x2060, 0x2080, 0x2080, 0x2080, 0x28A0, 0x28A0, 0x28A0, 0x28A0, 0x30C0, 0x30C0,
  0x30C0, 0x30C0, 0x30C0, 0x30C0, 0x30C0, 0x30C0, 0x28A0, 0x28A0, 0x28A0, 0x2080, 0x1860, 0x1040, 0x1040, 0x0820, 0x0820, 0x0000,
  0x0000, 0x0000, 0x0000, 0x0800, 0x0820, 0x0820, 0x0820, 0x0820, 0x0000, 0x0000, 0x0000, 0x0000, 0x0800, 0x0820, 0x0820, 0x0800,
  0x0000, 0x0000, 0x0000, 0x0000, 0x0000, 0x0000, 0x0800, 0x0000, 0x0000, 0x0000, 0x0000, 0x0000, 0x0800, 0x0800, 0x0800, 0x0820,
  0x1040, 0x1860, 0x1860, 0x1860, 0x1860, 0x1840, 0x1840, 0x1040, 0x1040, 0x1040, 0x1040, 0x1840, 0x1840, 0x1840, 0x1860, 0x1860,
  0x1860, 0x1860, 0x1860, 0x1860, 0x1860, 0x1860, 0x1860, 0x1060, 0x1060, 0x1060, 0x1060, 0x1060, 0x1060, 0x1860, 0x3922, 0x1881,
  0x0020, 0x0000, 0x0000, 0x0000, 0x0000, 0x0000, 0x0000, 0x0820, 0x4120, 0x5181, 0x6A01, 0xB3E6, 0xABA5, 0xA364, 0x8AE3, 0xAB43,
  0xF569, 0xB383, 0x5980, 0x30C0, 0x1860, 0x1860, 0x1860, 0x1060, 0x0840, 0x0000, 0x0000, 0x0000, 0x0000, 0x0020, 0x0020, 0x0841,
  0x0840, 0x0841, 0x0841, 0x0841, 0x10A2, 0x10A2, 0x1082, 0x10A2, 0x20E4, 0x20E4, 0x2966, 0x39C7, 0x10C3, 0x1082, 0x0041, 0x0000,
  0x0841, 0x18E3, 0x2945, 0x31A6, 0x4A49, 0x4208, 0x4228, 0x4229, 0x4228, 0x2124, 0x10A2, 0x18E3, 0x18C3, 0x0841, 0x0000, 0x0020,
  0xACAC, 0xFFFB, 0xDCE8, 0x8241, 0x59A1, 0x59A1, 0x69C1, 0x30E1, 0x1060, 0x0841, 0x0841, 0x0861, 0x0861, 0x0020, 0x0000, 0x0000,
  0x0000, 0x0000, 0x2124, 0x7BF0, 0x8C72, 0x5AAA, 0xD5F4, 0xD52B, 0x5120, 0x28C0, 0x20A0, 0x20A0, 0x4141, 0x1860, 0x1860, 0x1040,
  0x0000, 0x0000, 0x2080, 0xA364, 0x9B03, 0x5160, 0x28A0, 0x2080, 0x2060, 0x9BA7, 0xFFFC, 0xFFDA, 0xFF53, 0xF60B, 0xCC66, 0x92C2,
  0x69C0, 0x61A1, 0x5980, 0x5160, 0x40E0, 0x2080, 0x1040, 0x1020, 0x1040, 0x3900, 0x61C1, 0x61A1, 0x61A1, 0x5161, 0x4920, 0x2880,
  0x1040, 0x1020, 0x1020, 0x0000, 0x0000, 0x0000, 0x0000, 0x0020, 0x0820, 0x0800, 0x0820, 0x0820, 0x0820, 0x0820, 0x0820, 0x0820,
  0x0820, 0x1020, 0x1040, 0x1040, 0x1040, 0x1840, 0x1860, 0x1860, 0x2060, 0x2080, 0x2080, 0x28A0, 0x28A0, 0x28A0, 0x28A0, 0x30C0,
  0x30C0, 0x30C0, 0x30C0, 0x30C0, 0x30C0, 0x30C0, 0x30C0, 0x28A0, 0x28A0, 0x28A0, 0x2080, 0x1860, 0x1040, 0x1020, 0x0820, 0x0800,
  0x0000, 0x0000, 0x0800, 0x0000, 0x0800, 0x0820, 0x0820, 0x0820, 0x0000, 0x0000, 0x0000, 0x0000, 0x0800, 0x0820, 0x0820, 0x0800,
  0x0000, 0x0000, 0x0000, 0x0000, 0x0000, 0x0800, 0x0000, 0x0000, 0x0000, 0x0000, 0x0000, 0x0800, 0x0800, 0x0820, 0x0820, 0x1040,
  0x1860, 0x1860, 0x1860, 0x1860, 0x1840, 0x1840, 0x1040, 0x1040, 0x1040, 0x1040, 0x1840, 0x1840, 0x1860, 0x1860, 0x1860, 0x1860,
  0x1860, 0x1860, 0x1860, 0x1860, 0x1860, 0x1060, 0x1060, 0x1060, 0x1060, 0x1060, 0x1060, 0x1060, 0x1060, 0x1880, 0x3122, 0x1880,
  0x0000, 0x0000, 0x0000, 0x0000, 0x0000, 0x0000, 0x0000, 0x28A0, 0x51A1, 0x5181, 0xA365, 0xC427, 0xBC06, 0x9B44, 0x9B03, 0xF58A,
  0xD466, 0x71E0, 0x4120, 0x1860, 0x1860, 0x1860, 0x1060, 0x1060, 0x0020, 0x0000, 0x0000, 0x0000, 0x0000, 0x0020, 0x0020, 0x0020,
  0x0840, 0x0861, 0x0861, 0x0861, 0x0861, 0x1082, 0x18C3, 0x2124, 0x2124, 0x2945, 0x528A, 0x39C7, 0x18C3, 0x0841, 0x0020, 0x0841,
  0x18C3, 0x39A7, 0x4208, 0x4228, 0x52AA, 0x4208, 0x528A, 0x52AA, 0x2124, 0x2104, 0x18C3, 0x10A2, 0x18C3, 0x0861, 0x0000, 0x0000,
  0xCDB1, 0xFFF9, 0xCC45, 0x7A21, 0x5981, 0x5981, 0x61C1, 0x30E1, 0x1860, 0x0841, 0x0841, 0x0841, 0x0861, 0x0861, 0x0020, 0x0000,
  0x0000, 0x0000, 0x5ACB, 0xA514, 0x6B8E, 0x5269, 0xCDB2, 0xDD6C, 0x4900, 0x28A0, 0x20A0, 0x2080, 0x4121, 0x2080, 0x1020, 0x1040,
  0x0000, 0x0000, 0x2080, 0x7A42, 0x61C1, 0x30C0, 0x2080, 0x1060, 0x4940, 0xEE93, 0xFFFD, 0xFF96, 0xFE8E, 0xE4E8, 0xA323, 0x71C0,
  0x69C1, 0x5980, 0x5140, 0x38E0, 0x1860, 0x1020, 0x1020, 0x1040, 0x38E0, 0x61A1, 0x69C1, 0x61A1, 0x5140, 0x38E0, 0x2080, 0x1040,
  0x1020, 0x0820, 0x0000, 0x0000, 0x0000, 0x0800, 0x0820, 0x0000, 0x0000, 0x0000, 0x0000, 0x0800, 0x0800, 0x0820, 0x0820, 0x0820,
  0x0820, 0x0820, 0x0820, 0x0820, 0x1020, 0x1040, 0x1040, 0x1840, 0x1860, 0x1860, 0x2060, 0x2080, 0x2080, 0x28A0, 0x28A0, 0x28A0,
  0x28A0, 0x30C0, 0x30C0, 0x30C0, 0x30C0, 0x30C0, 0x30C0, 0x30C0, 0x28A0, 0x28A0, 0x28A0, 0x2080, 0x1860, 0x1040, 0x0820, 0x0820,
  0x0000, 0x0000, 0x0000, 0x0000, 0x0800, 0x0820, 0x0820, 0x0820, 0x0800, 0x0000, 0x0000, 0x0000, 0x0800, 0x0820, 0x0820, 0x0000,
  0x0000, 0x0000, 0x0000, 0x0000, 0x0000, 0x0000, 0x0000, 0x0000, 0x0000, 0x0000, 0x0800, 0x0800, 0x0820, 0x1020, 0x1040, 0x1860,
  0x1860, 0x1860, 0x1860, 0x1840, 0x1040, 0x1040, 0x1040, 0x1040, 0x1840, 0x1840, 0x1860, 0x1860, 0x1860, 0x1860, 0x1860, 0x1860,
  0x1860, 0x1860, 0x1060, 0x1060, 0x1060, 0x1060, 0x1060, 0x1060, 0x1060, 0x1060, 0x1040, 0x1040, 0x1040, 0x0840, 0x3942, 0x20C1,
  0x0020, 0x0000, 0x0000, 0x0020, 0x0000, 0x0000, 0x0840, 0x4961, 0x5980, 0x7A83, 0xC447, 0xC447, 0xB3E6, 0x9B03, 0xE529, 0xED28,
  0x8A40, 0x5140, 0x28A0, 0x1860, 0x1860, 0x1060, 0x1060, 0x0820, 0x0000, 0x0000, 0x0000, 0x0020, 0x0020, 0x0841, 0x0861, 0x0841,
  0x0861, 0x0861, 0x0841, 0x0841, 0x0841, 0x0841, 0x10A2, 0x2125, 0x3186, 0x4A69, 0x39E8, 0x2124, 0x10A2, 0x0000, 0x0841, 0x2104,
  0x31A7, 0x4228, 0x528A, 0x52AA, 0x4A6A, 0x31A7, 0x4228, 0x39E7, 0x2945, 0x18C3, 0x10A2, 0x1082, 0x1082, 0x0861, 0x0841, 0x0000,
  0xDE54, 0xFF97, 0xBBA3, 0x71E1, 0x5981, 0x5161, 0x5981, 0x28C0, 0x1880, 0x0840, 0x0841, 0x0841, 0x0861, 0x0861, 0x0841, 0x0020,
  0x0000, 0x10A3, 0x7BF0, 0xA535, 0x73CF, 0x4A49, 0xB4EF, 0xE5CD, 0x4920, 0x28A0, 0x20A0, 0x2080, 0x3901, 0x2080, 0x0820, 0x1040,
  0x0000, 0x0000, 0x1840, 0x5160, 0x38E0, 0x2080, 0x1860, 0x1840, 0x9386, 0xFFFB, 0xFFDB, 0xFF12, 0xEDAA, 0xB384, 0x8221, 0x69C0,
  0x61A0, 0x5160, 0x38C0, 0x1860, 0x1020, 0x1040, 0x1040, 0x38E0, 0x61A1, 0x69C1, 0x61A1, 0x4940, 0x38E0, 0x2060, 0x1040, 0x0820,
  0x0800, 0x0000, 0x0000, 0x0000, 0x0800, 0x0020, 0x0840, 0x0000, 0x0000, 0x0000, 0x0000, 0x0000, 0x0000, 0x0000, 0x0800, 0x0800,
  0x0820, 0x0820, 0x0820, 0x0820, 0x0820, 0x0820, 0x1020, 0x1040, 0x1040, 0x1840, 0x1860, 0x1860, 0x2060, 0x2080, 0x2080, 0x28A0,
  0x28A0, 0x28A0, 0x30C0, 0x30C0, 0x30C0, 0x30C0, 0x30C0, 0x30C0, 0x30C0, 0x28C0, 0x28A0, 0x28A0, 0x2080, 0x1860, 0x1040, 0x0820,
  0x0820, 0x0000, 0x0000, 0x0800, 0x0000, 0x0820, 0x0820, 0x0820, 0x0800, 0x0000, 0x0000, 0x0000, 0x0800, 0x0820, 0x0820, 0x0000,
  0x0000, 0x0000, 0x0000, 0x0000, 0x0800, 0x0000, 0x0000, 0x0000, 0x0000, 0x0800, 0x0800, 0x0820, 0x1020, 0x1840, 0x1860, 0x1860,
  0x1860, 0x1840, 0x1040, 0x1040, 0x1040, 0x1040, 0x1840, 0x1840, 0x1860, 0x1860, 0x1860, 0x1860, 0x1860, 0x1860, 0x1860, 0x1860,
  0x1060, 0x1060, 0x1060, 0x1060, 0x1060, 0x1060, 0x1060, 0x1040, 0x1040, 0x1040, 0x0840, 0x0840, 0x0840, 0x0840, 0x3942, 0x1040,
  0x0020, 0x0000, 0x0000, 0x0020, 0x0000, 0x0000, 0x3900, 0x59A1, 0x59C1, 0xA365, 0xC467, 0xC447, 0xA343, 0xDCE8, 0xFE0B, 0xA2E1,
  0x5960, 0x30C0, 0x1860, 0x1880, 0x1860, 0x1060, 0x0840, 0x0000, 0x0000, 0x0000, 0x0000, 0x0020, 0x0841, 0x0861, 0x10A2, 0x1082,
  0x1082, 0x1082, 0x0882, 0x10A2, 0x18C3, 0x10A3, 0x18C3, 0x18E3, 0x2104, 0x2945, 0x2124, 0x18E3, 0x0861, 0x10A2, 0x2104, 0x4208,
  0x528A, 0x4A69, 0x4A49, 0x4208, 0x31A6, 0x39E7, 0x52AA, 0x3186, 0x2945, 0x10A2, 0x18C2, 0x10A2, 0x0861, 0x0861, 0x0841, 0x0000,
  0xEEF6, 0xFF34, 0xAB42, 0x69C1, 0x5160, 0x4940, 0x4941, 0x28A0, 0x1880, 0x1040, 0x0020, 0x0841, 0x0841, 0x0841, 0x0861, 0x0861,
  0x0000, 0x4A8A, 0xA555, 0x8C72, 0x6B4D, 0x39E8, 0x93EB, 0xEE2E, 0x5140, 0x28A0, 0x20A0, 0x2080, 0x30E1, 0x2080, 0x0820, 0x1040,
  0x0820, 0x0000, 0x1020, 0x30C0, 0x20A0, 0x1040, 0x1040, 0x4100, 0xE630, 0xFFFE, 0xFF77, 0xF62D, 0xCC46, 0x8A41, 0x6180, 0x59A0,
  0x5160, 0x4100, 0x2060, 0x1020, 0x0820, 0x1040, 0x30C0, 0x5981, 0x69C1, 0x61A1, 0x5140, 0x30C0, 0x1860, 0x1040, 0x0820, 0x0000,
  0x0000, 0x0000, 0x0000, 0x0820, 0x0000, 0x0020, 0x0840, 0x0000, 0x0000, 0x0000, 0x0000, 0x0000, 0x0000, 0x0000, 0x0000, 0x0000,
  0x0000, 0x0800, 0x0820, 0x0820, 0x0820, 0x0820, 0x0820, 0x0820, 0x0820, 0x1040, 0x1040, 0x1040, 0x1860, 0x1860, 0x2060, 0x2080,
  0x2080, 0x28A0, 0x28A0, 0x28A0, 0x30C0, 0x30C0, 0x30C0, 0x30C0, 0x30C0, 0x30C0, 0x28C0, 0x28A0, 0x28A0, 0x2080, 0x1840, 0x1040,
  0x0820, 0x0800, 0x0000, 0x0000, 0x0000, 0x0800, 0x0820, 0x0820, 0x0820, 0x0000, 0x0000, 0x0000, 0x0820, 0x0820, 0x0800, 0x0000,
  0x0000, 0x0000, 0x0000, 0x0800, 0x0000, 0x0000, 0x0000, 0x0000, 0x0800, 0x0800, 0x0820, 0x1020, 0x1860, 0x1860, 0x1860, 0x1860,
  0x1840, 0x1040, 0x1040, 0x1040, 0x1840, 0x1840, 0x1860, 0x1860, 0x1860, 0x1860, 0x1860, 0x1860, 0x1860, 0x1060, 0x1060, 0x1060,
  0x1060, 0x1060, 0x1060, 0x1060, 0x1040, 0x1040, 0x0840, 0x0840, 0x0840, 0x0840, 0x0820, 0x0820, 0x0820, 0x0820, 0x3122, 0x1880,
  0x0820, 0x0000, 0x0020, 0x0840, 0x0000, 0x1860, 0x5181, 0x5181, 0x7A63, 0xB406, 0xCCA8, 0xBC06, 0xCC66, 0xFE8E, 0xBBC3, 0x69A0,
  0x38E0, 0x1860, 0x1860, 0x1880, 0x1860, 0x1040, 0x0820, 0x0000, 0x0000, 0x0000, 0x0020, 0x0020, 0x0841, 0x0861, 0x0861, 0x0861,
  0x18C3, 0x18E3, 0x18E3, 0x18E3, 0x18E3, 0x2124, 0x2124, 0x2124, 0x2124, 0x1082, 0x0861, 0x0841, 0x10A2, 0x2966, 0x4208, 0x4A69,
  0x52AA, 0x52AA, 0x2965, 0x2925, 0x2124, 0x31A6, 0x4228, 0x2124, 0x18E3, 0x2104, 0x18C3, 0x18C3, 0x1082, 0x0841, 0x0841, 0x0000,
  0xF779, 0xFEF2, 0xA301, 0x69A0, 0x5160, 0x4940, 0x4120, 0x20A0, 0x1881, 0x1040, 0x0820, 0x0841, 0x0841, 0x0020, 0x0861, 0x0020,
  0x1082, 0x8472, 0xB5D7, 0x8C51, 0x632C, 0x31A7, 0x6AC7, 0xF66F, 0x5960, 0x28C0, 0x28A0, 0x2080, 0x28C1, 0x20A0, 0x0820, 0x0820,
  0x0820, 0x0000, 0x0820, 0x1880, 0x1860, 0x1040, 0x1840, 0x8AE4, 0xFFB8, 0xFFFB, 0xFE8F, 0xD486, 0x92A1, 0x69A0, 0x5980, 0x4940,
  0x40E0, 0x2080, 0x1040, 0x1020, 0x1020, 0x30C0, 0x5981, 0x61A1, 0x5981, 0x5140, 0x30C0, 0x1860, 0x1040, 0x1020, 0x0000, 0x0000,
  0x0000, 0x0000, 0x0800, 0x0820, 0x0000, 0x0020, 0x0840, 0x0000, 0x0000, 0x0000, 0x0000, 0x0000, 0x0000, 0x0000, 0x0000, 0x0000,
  0x0000, 0x0000, 0x0000, 0x0000, 0x0800, 0x0820, 0x0820, 0x0820, 0x0820, 0x0820, 0x0820, 0x1020, 0x1040, 0x1040, 0x1840, 0x1860,
  0x2060, 0x2080, 0x2080, 0x28A0, 0x28A0, 0x28A0, 0x30C0, 0x30C0, 0x30C0, 0x30C0, 0x30C0, 0x30C0, 0x28A0, 0x28A0, 0x2080, 0x1840,
  0x1040, 0x0820, 0x0000, 0x0000, 0x0800, 0x0800, 0x0820, 0x0820, 0x0820, 0x0000, 0x0000, 0x0000, 0x0820, 0x0820, 0x0000, 0x0000,
  0x0000, 0x0000, 0x0000, 0x0000, 0x0000, 0x0000, 0x0000, 0x0800, 0x0800, 0x0820, 0x1040, 0x1860, 0x1860, 0x1860, 0x1840, 0x1040,
  0x1040, 0x1040, 0x1840, 0x1840, 0x1860, 0x1860, 0x1860, 0x1860, 0x1860, 0x1860, 0x1860, 0x1060, 0x1060, 0x1060, 0x1060, 0x1060,
  0x1060, 0x1040, 0x1040, 0x0840, 0x0840, 0x0840, 0x0840, 0x0820, 0x0820, 0x0820, 0x0820, 0x0820, 0x0820, 0x0820, 0x0820, 0x1060,
  0x0820, 0x0000, 0x0020, 0x0840, 0x0000, 0x4141, 0x5181, 0x6A01, 0xA365, 0xC468, 0xD4A8, 0xC425, 0xFE8E, 0xDCC7, 0x7A00, 0x4920,
  0x2080, 0x1860, 0x1880, 0x1860, 0x1060, 0x0820, 0x0000, 0x0000, 0x0000, 0x0000, 0x0020, 0x0841, 0x1082, 0x10A2, 0x0861, 0x10A2,
  0x2104, 0x2104, 0x18C3, 0x18E3, 0x2945, 0x31A6, 0x39C7, 0x3186, 0x2124, 0x10A2, 0x0000, 0x0020, 0x2104, 0x528A, 0x630C, 0x4228,
  0x4A69, 0x39E7, 0x2945, 0x2945, 0x2945, 0x2945, 0x2104, 0x2104, 0x2103, 0x18E3, 0x1082, 0x1082, 0x0861, 0x0841, 0x0020, 0x0000,
  0xFFBA, 0xF670, 0x9AC1, 0x61A0, 0x4940, 0x4120, 0x3900, 0x20A0, 0x1881, 0x1060, 0x0820, 0x0841, 0x0841, 0x0841, 0x0841, 0x0000,
  0x4A8A, 0xAD76, 0x9D15, 0x7C10, 0x528A, 0x2966, 0x49A4, 0xF670, 0x71E0, 0x28A0, 0x20A0, 0x2080, 0x28C0, 0x20A0, 0x0820, 0x0820,
  0x0820, 0x0000, 0x0800, 0x1860, 0x1040, 0x1040, 0x30C0, 0xC4A8, 0xFFF9, 0xFF54, 0xE507, 0xA302, 0x69C0, 0x5960, 0x5140, 0x40E0,
  0x2080, 0x1020, 0x1020, 0x1020, 0x30C0, 0x5981, 0x69C1, 0x5961, 0x4920, 0x28A0, 0x1040, 0x1040, 0x1040, 0x0000, 0x0000, 0x0000,
  0x0000, 0x0000, 0x1040, 0x0000, 0x0000, 0x0020, 0x0840, 0x0000, 0x0000, 0x0000, 0x0000, 0x0000, 0x0000, 0x0000, 0x0000, 0x0000,
  0x0000, 0x0000, 0x0000, 0x0000, 0x0000, 0x0000, 0x0000, 0x0800, 0x0820, 0x0820, 0x0820, 0x0820, 0x0820, 0x0820, 0x1040, 0x1040,
  0x1840, 0x1860, 0x2060, 0x2080, 0x2080, 0x28A0, 0x28A0, 0x30C0, 0x30C0, 0x30C0, 0x30C0, 0x30C0, 0x30C0, 0x28A0, 0x28A0, 0x2080,
  0x1840, 0x1020, 0x0820, 0x0000, 0x0000, 0x0000, 0x0800, 0x0820, 0x0820, 0x0000, 0x0000, 0x0000, 0x0820, 0x0820, 0x0000, 0x0000,
  0x0000, 0x0000, 0x0800, 0x0000, 0x0000, 0x0000, 0x0800, 0x0800, 0x0820, 0x1040, 0x1860, 0x1860, 0x1860, 0x1840, 0x1040, 0x1040,
  0x1040, 0x1840, 0x1860, 0x1860, 0x1860, 0x1860, 0x1860, 0x1860, 0x1060, 0x1060, 0x1060, 0x1060, 0x1060, 0x1060, 0x1040, 0x1040,
  0x0840, 0x0840, 0x0840, 0x0840, 0x0820, 0x0820, 0x0820, 0x0820, 0x0820, 0x0820, 0x0820, 0x0820, 0x0820, 0x0820, 0x0820, 0x1060,
  0x0020, 0x0000, 0x0820, 0x0000, 0x20A0, 0x59A1, 0x61E2, 0x9304, 0xBC07, 0xD4E9, 0xCC45, 0xF62D, 0xEDCA, 0x9260, 0x5160, 0x4100,
  0x1860, 0x1880, 0x1880, 0x1060, 0x0840, 0x0020, 0x0000, 0x0000, 0x0000, 0x0020, 0x0861, 0x0861, 0x0861, 0x0841, 0x0861, 0x10A2,
  0x18E3, 0x18E3, 0x2104, 0x2945, 0x31A7, 0x3186, 0x5ACB, 0x31A6, 0x10A2, 0x1082, 0x0020, 0x18E3, 0x4208, 0x630C, 0x4A49, 0x3186,
  0x3186, 0x3186, 0x2965, 0x2104, 0x2124, 0x2104, 0x2124, 0x2104, 0x18E3, 0x1082, 0x10A2, 0x0861, 0x0020, 0x0020, 0x0000, 0x0000,
  0xFFDB, 0xEE0E, 0x8A60, 0x5980, 0x4100, 0x3900, 0x30E0, 0x2080, 0x1881, 0x1060, 0x0820, 0x0841, 0x0841, 0x0841, 0x0020, 0x10A2,
  0x8C93, 0xBDF8, 0x9D15, 0x6B4D, 0x5ACB, 0x31A6, 0x28C1, 0xEE51, 0x8AC2, 0x2880, 0x2080, 0x2080, 0x28A0, 0x20A0, 0x0820, 0x0820,
  0x0820, 0x0000, 0x0000, 0x1040, 0x1060, 0x1040, 0x5980, 0xEDED, 0xFF95, 0xEDEB, 0xBBC4, 0x7A01, 0x6180, 0x4940, 0x38C0, 0x2080,
  0x1020, 0x0820, 0x0820, 0x28A0, 0x5981, 0x61C1, 0x5961, 0x4900, 0x28A0, 0x1020, 0x1020, 0x1040, 0x0000, 0x0000, 0x0000, 0x0000,
  0x0000, 0x1040, 0x0820, 0x0000, 0x0000, 0x0820, 0x0840, 0x0000, 0x0000, 0x0000, 0x0000, 0x0000, 0x0000, 0x0000, 0x0000, 0x0000,
  0x0000, 0x0000, 0x0000, 0x0000, 0x0000, 0x0000, 0x0000, 0x0000, 0x0000, 0x0000, 0x0800, 0x0820, 0x0820, 0x0820, 0x0820, 0x0820,
  0x1020, 0x1040, 0x1840, 0x1860, 0x1860, 0x2080, 0x2080, 0x28A0, 0x28A0, 0x30C0, 0x30C0, 0x30C0, 0x30C0, 0x30C0, 0x28A0, 0x28A0,
  0x2080, 0x1040, 0x0820, 0x0800, 0x0000, 0x0800, 0x0800, 0x0820, 0x0820, 0x0000, 0x0000, 0x0000, 0x0820, 0x0820, 0x0000, 0x0000,
  0x0000, 0x0000, 0x0000, 0x0000, 0x0000, 0x0800, 0x0800, 0x0820, 0x1840, 0x1860, 0x1860, 0x1840, 0x1040, 0x1040, 0x1040, 0x1840,
  0x1860, 0x1860, 0x1860, 0x1860, 0x1860, 0x1860, 0x1060, 0x1060, 0x1060, 0x1060, 0x1060, 0x1060, 0x1040, 0x0840, 0x0840, 0x0840,
  0x0820, 0x0820, 0x0820, 0x0820, 0x0820, 0x0820, 0x0820, 0x0820, 0x0820, 0x0820, 0x0840, 0x0840, 0x0840, 0x0840, 0x1040, 0x1040,
  0x0000, 0x0000, 0x0020, 0x0020, 0x59A2, 0x61C1, 0x82A3, 0xA385, 0xCC88, 0xD4A7, 0xEDAB, 0xFE8E, 0xAB01, 0x5980, 0x4120, 0x28A0,
  0x1860, 0x1880, 0x1861, 0x1040, 0x0820, 0x0000, 0x0000, 0x0000, 0x0020, 0x0841, 0x1082, 0x10A2, 0x0861, 0x0862, 0x10C3, 0x18E3,
  0x18E3, 0x18C3, 0x2124, 0x31A6, 0x39E7, 0x4A49, 0x4208, 0x18C3, 0x1082, 0x0841, 0x18E3, 0x4A49, 0x4A69, 0x31A7, 0x31A6, 0x39C7,
  0x2124, 0x2965, 0x39C7, 0x2124, 0x2945, 0x2124, 0x10A2, 0x10A2, 0x18C3, 0x10A2, 0x1082, 0x0861, 0x0020, 0x0000, 0x0000, 0x0000,
  0xFFDB, 0xEDED, 0x8220, 0x4940, 0x3900, 0x38E0, 0x30C0, 0x1880, 0x1860, 0x1040, 0x0820, 0x0020, 0x0841, 0x0841, 0x0000, 0x4249,
  0xB5B7, 0xAD76, 0x8451, 0x73CF, 0x31A6, 0x2104, 0x1040, 0xD54D, 0xB3E6, 0x30A0, 0x2080, 0x2080, 0x20A0, 0x20A0, 0x0820, 0x0820,
  0x0820, 0x0000, 0x0000, 0x0820, 0x1040, 0x1040, 0x8282, 0xFEB0, 0xFE8F, 0xD486, 0x92A2, 0x69C0, 0x5160, 0x38C0, 0x2060, 0x1020,
  0x0820, 0x1020, 0x2880, 0x5161, 0x61A1, 0x5160, 0x4100, 0x28A0, 0x1040, 0x1040, 0x1040, 0x0000, 0x0000, 0x0000, 0x0000, 0x0000,
  0x1020, 0x1040, 0x0000, 0x0000, 0x0000, 0x0820, 0x0000, 0x0000, 0x0000, 0x0000, 0x0000, 0x0000, 0x0000, 0x0000, 0x0000, 0x0000,
  0x0000, 0x0000, 0x0000, 0x0000, 0x0000, 0x0000, 0x0000, 0x0000, 0x0000, 0x0000, 0x0000, 0x0000, 0x0000, 0x0800, 0x0820, 0x0820,
  0x0820, 0x0820, 0x1020, 0x1040, 0x1040, 0x1860, 0x1860, 0x2080, 0x28A0, 0x28A0, 0x28A0, 0x30C0, 0x30C0, 0x30C0, 0x30C0, 0x28A0,
  0x28A0, 0x2060, 0x1040, 0x0820, 0x0000, 0x0000, 0x0000, 0x0820, 0x0820, 0x0800, 0x0000, 0x0000, 0x0820, 0x0800, 0x0000, 0x0000,
  0x0000, 0x0000, 0x0000, 0x0000, 0x0800, 0x0800, 0x0820, 0x1860, 0x1860, 0x1860, 0x1840, 0x1040, 0x1040, 0x1840, 0x1860, 0x1860,
  0x1860, 0x1860, 0x1860, 0x1860, 0x1060, 0x1060, 0x1060, 0x1060, 0x1060, 0x1040, 0x0840, 0x0840, 0x0840, 0x0820, 0x0820, 0x0820,
  0x0820, 0x0820, 0x0820, 0x0820, 0x0820, 0x0820, 0x0840, 0x0840, 0x0840, 0x1040, 0x1060, 0x1060, 0x1880, 0x1880, 0x18A0, 0x20A0,
  0x0000, 0x0000, 0x0000, 0x3101, 0x6A02, 0x7222, 0x9B24, 0xB3E6, 0xD4A7, 0xE56A, 0xFF11, 0xCC04, 0x69C0, 0x4120, 0x30E0, 0x1860,
  0x1880, 0x1881, 0x1061, 0x0820, 0x0000, 0x0000, 0x0000, 0x0000, 0x0840, 0x0841, 0x1082, 0x10A2, 0x10A2, 0x18E3, 0x18E3, 0x2104,
  0x2945, 0x2145, 0x2125, 0x4A29, 0x4A49, 0x526A, 0x4A69, 0x18E3, 0x0000, 0x10A2, 0x4229, 0x4A49, 0x31A6, 0x2965, 0x2104, 0x2125,
  0x18E3, 0x18E3, 0x2124, 0x18E3, 0x18E3, 0x18E3, 0x2104, 0x18C3, 0x1082, 0x1081, 0x0841, 0x0020, 0x0000, 0x0000, 0x0000, 0x0000,
  0xFFDA, 0xE5CC, 0x8240, 0x4920, 0x38E0, 0x3900, 0x30C0, 0x1880, 0x1860, 0x1040, 0x0820, 0x0020, 0x0841, 0x0020, 0x0020, 0x7C10,
  0xAD97, 0x7BF0, 0x8C93, 0x6B6E, 0x31A6, 0x2124, 0x0000, 0x93A8, 0xDD29, 0x4900, 0x20A0, 0x1880, 0x2080, 0x2080, 0x1040, 0x0820,
  0x0820, 0x0000, 0x0000, 0x0820, 0x0820, 0x2080, 0xABC5, 0xFEAF, 0xED6A, 0xB383, 0x71E0, 0x5140, 0x30C0, 0x1860, 0x1020, 0x0820,
  0x1020, 0x30A0, 0x5161, 0x61A1, 0x5140, 0x38E0, 0x2080, 0x1040, 0x1040, 0x1840, 0x0000, 0x0000, 0x0000, 0x0000, 0x0000, 0x0820,
  0x1840, 0x0000, 0x0000, 0x0000, 0x0000, 0x0840, 0x0000, 0x0000, 0x0000, 0x0000, 0x0000, 0x0000, 0x0000, 0x0000, 0x0000, 0x0000,
  0x0000, 0x0000, 0x0000, 0x0000, 0x0000, 0x0000, 0x0000, 0x0000, 0x0000, 0x0000, 0x0000, 0x0000, 0x0000, 0x0000, 0x0000, 0x0000,
  0x0800, 0x0820, 0x0820, 0x0820, 0x0820, 0x1040, 0x1040, 0x1860, 0x1860, 0x2080, 0x28A0, 0x28A0, 0x30C0, 0x30C0, 0x30C0, 0x30C0,
  0x28C0, 0x28A0, 0x1860, 0x1040, 0x0820, 0x0000, 0x0800, 0x0800, 0x0820, 0x0800, 0x0000, 0x0000, 0x0820, 0x0000, 0x0000, 0x0000,
  0x0800, 0x0000, 0x0000, 0x0800, 0x0800, 0x1020, 0x1860, 0x1860, 0x1840, 0x1040, 0x1040, 0x1840, 0x1840, 0x1860, 0x1860, 0x1860,
  0x1860, 0x1060, 0x1060, 0x1060, 0x1060, 0x1060, 0x1040, 0x0840, 0x0840, 0x0840, 0x0820, 0x0820, 0x0820, 0x0820, 0x0820, 0x0820,
  0x0820, 0x0820, 0x0840, 0x0840, 0x1040, 0x1060, 0x1060, 0x1880, 0x1880, 0x18A0, 0x20A0, 0x20C0, 0x28C0, 0x28E1, 0x30E1, 0x3101,
  0x0000, 0x0000, 0x0840, 0x59C1, 0x61E1, 0x8283, 0xA385, 0xCC88, 0xE529, 0xFEF1, 0xE507, 0x8240, 0x5140, 0x4100, 0x2080, 0x1860,
  0x1860, 0x1061, 0x0840, 0x0020, 0x0000, 0x0000, 0x0000, 0x0020, 0x0861, 0x1082, 0x1082, 0x18C3, 0x18E3, 0x2104, 0x2945, 0x31A6,
  0x3186, 0x528A, 0x4208, 0x6B6E, 0x4A69, 0x3186, 0x2965, 0x10A2, 0x0020, 0x2104, 0x2965, 0x2966, 0x2945, 0x2124, 0x10A2, 0x18E3,
  0x10A2, 0x2104, 0x2104, 0x2104, 0x18C3, 0x10A2, 0x18E3, 0x10A2, 0x1082, 0x0861, 0x0841, 0x0000, 0x0000, 0x0000, 0x0020, 0x0000,
  0xFFB9, 0xE5AB, 0x8261, 0x4120, 0x38E0, 0x38E0, 0x28C0, 0x1880, 0x1861, 0x1040, 0x0820, 0x0020, 0x0841, 0x0000, 0x3186, 0xA515,
  0xBE18, 0x8410, 0x9493, 0x52AB, 0x39C7, 0x20E3, 0x0021, 0x49A3, 0xF5EB, 0x61A0, 0x2080, 0x2080, 0x2080, 0x2080, 0x1040, 0x0820,
  0x0820, 0x0820, 0x0000, 0x0800, 0x0800, 0x4100, 0xCC87, 0xF5EB, 0xCC25, 0x8241, 0x5140, 0x30A0, 0x1860, 0x1020, 0x0820, 0x1020,
  0x30C0, 0x5981, 0x61A1, 0x5140, 0x38E0, 0x2060, 0x0820, 0x1040, 0x1860, 0x0000, 0x0000, 0x0000, 0x0000, 0x0000, 0x0000, 0x1860,
  0x0820, 0x0000, 0x0000, 0x0000, 0x0000, 0x0840, 0x0000, 0x0000, 0x0000, 0x0000, 0x0000, 0x0000, 0x0000, 0x0000, 0x0000, 0x0000,
  0x0000, 0x0000, 0x0000, 0x0000, 0x0000, 0x0000, 0x0000, 0x0000, 0x0000, 0x0000, 0x0000, 0x0000, 0x0000, 0x0000, 0x0000, 0x0000,
  0x0000, 0x0000, 0x0000, 0x0800, 0x0820, 0x0820, 0x0820, 0x1020, 0x1040, 0x1840, 0x1860, 0x2080, 0x28A0, 0x28A0, 0x30C0, 0x30C0,
  0x30C0, 0x30C0, 0x28A0, 0x1860, 0x1040, 0x0820, 0x0000, 0x0000, 0x0820, 0x0820, 0x0000, 0x0000, 0x0820, 0x0000, 0x0000, 0x0000,
  0x0000, 0x0000, 0x0800, 0x0800, 0x1040, 0x1860, 0x1860, 0x1040, 0x1040, 0x1840, 0x1840, 0x1860, 0x1860, 0x1860, 0x1860, 0x1060,
  0x1060, 0x1060, 0x1060, 0x1040, 0x0840, 0x0840, 0x0820, 0x0820, 0x0820, 0x0820, 0x0820, 0x0820, 0x0820, 0x0820, 0x0840, 0x0840,
  0x1040, 0x1060, 0x1880, 0x1880, 0x20A0, 0x20A0, 0x28C0, 0x28E1, 0x30E1, 0x3101, 0x3921, 0x3921, 0x4141, 0x4141, 0x4961, 0x4981,
  0x0000, 0x0000, 0x3921, 0x61C1, 0x7242, 0x9304, 0xC468, 0xE508, 0xFED1, 0xEDCB, 0x9260, 0x5160, 0x4920, 0x30C0, 0x1860, 0x1880,
  0x1861, 0x1060, 0x0820, 0x0000, 0x0000, 0x0000, 0x0020, 0x0841, 0x0861, 0x10A2, 0x2124, 0x2945, 0x3186, 0x31A6, 0x4A49, 0x4A49,
  0x31A6, 0x39E7, 0x4A49, 0x39E8, 0x2124, 0x10A2, 0x0861, 0x1082, 0x1082, 0x1082, 0x10A2, 0x18C3, 0x18E3, 0x18E3, 0x10A2, 0x18C3,
  0x10C2, 0x1082, 0x10A2, 0x2104, 0x18E3, 0x18E3, 0x10A2, 0x0861, 0x0861, 0x0841, 0x0000, 0x0000, 0x0000, 0x0020, 0x0841, 0x0020,
  0xFF98, 0xE58B, 0x71E0, 0x4100, 0x38E0, 0x30E0, 0x20A0, 0x1860, 0x1060, 0x0840, 0x0820, 0x0020, 0x0820, 0x0000, 0x6B6E, 0xB5B7,
  0xA535, 0x9CF4, 0x94B3, 0x528A, 0x2945, 0x20E3, 0x0841, 0x1040, 0xDD4A, 0x8AC3, 0x2080, 0x2080, 0x2080, 0x2080, 0x1860, 0x0820,
  0x0820, 0x0020, 0x0000, 0x0800, 0x0800, 0x5980, 0xD4A7, 0xDCC7, 0x92A1, 0x6180, 0x38C0, 0x1840, 0x1040, 0x0820, 0x1020, 0x30C0,
  0x5981, 0x61A1, 0x5140, 0x38E0, 0x2060, 0x1020, 0x1840, 0x1860, 0x0000, 0x0000, 0x0000, 0x0000, 0x0000, 0x0000, 0x1840, 0x1040,
  0x0000, 0x0000, 0x0000, 0x0000, 0x0000, 0x0840, 0x0000, 0x0000, 0x0000, 0x0000, 0x0000, 0x0000, 0x0000, 0x0000, 0x0000, 0x0000,
  0x0000, 0x0000, 0x0000, 0x0000, 0x0000, 0x0000, 0x0000, 0x0000, 0x0000, 0x0000, 0x0000, 0x0000, 0x0000, 0x0000, 0x0000, 0x0000,
  0x0000, 0x0000, 0x0000, 0x0000, 0x0000, 0x0000, 0x0800, 0x0820, 0x0820, 0x0820, 0x1040, 0x1840, 0x1860, 0x2080, 0x28A0, 0x28A0,
  0x30C0, 0x30C0, 0x30C0, 0x28A0, 0x1860, 0x1020, 0x0000, 0x0800, 0x0820, 0x0820, 0x0000, 0x0000, 0x0820, 0x0000, 0x0000, 0x0000,
  0x0000, 0x0800, 0x0800, 0x1040, 0x1860, 0x1840, 0x1040, 0x1040, 0x1840, 0x1860, 0x1860, 0x1860, 0x1060, 0x1060, 0x1060, 0x1060,
  0x1040, 0x0840, 0x0840, 0x0820, 0x0820, 0x0820, 0x0820, 0x0820, 0x0820, 0x0840, 0x0840, 0x1040, 0x1060, 0x1860, 0x1880, 0x20A0,
  0x20C0, 0x28C0, 0x28E1, 0x3101, 0x3921, 0x3921, 0x4141, 0x4161, 0x4961, 0x4982, 0x51A2, 0x51C2, 0x59C2, 0x59E2, 0x6202, 0x6202,
  0x0000, 0x1880, 0x61E2, 0x6A02, 0x8AE4, 0xB3E6, 0xDCC8, 0xF64E, 0xFE6E, 0xA2C0, 0x5160, 0x4940, 0x3900, 0x1880, 0x1880, 0x1880,
  0x1061, 0x0840, 0x0000, 0x0000, 0x0000, 0x0000, 0x0020, 0x0861, 0x18C3, 0x18E4, 0x3186, 0x39C7, 0x4229, 0x31A6, 0x3186, 0x39A7,
  0x2965, 0x2104, 0x2104, 0x1082, 0x0000, 0x0020, 0x0020, 0x0861, 0x0841, 0x0020, 0x0020, 0x0841, 0x1082, 0x1082, 0x18C3, 0x10A2,
  0x10A2, 0x1082, 0x10A2, 0x1082, 0x10A2, 0x1082, 0x1082, 0x0841, 0x0020, 0x0000, 0x0000, 0x0000, 0x0020, 0x0861, 0x0020, 0x0000,
  0xFF37, 0xE58B, 0x71E0, 0x4100, 0x38E0, 0x30C0, 0x2080, 0x1860, 0x1040, 0x0840, 0x0020, 0x0020, 0x0000, 0x18E3, 0x9D14, 0xB5D7,
  0x8C52, 0xAD76, 0x7C10, 0x4A49, 0x2124, 0x18C2, 0x0861, 0x0000, 0x9345, 0xBC25, 0x30C0, 0x20A0, 0x20A0, 0x20A0, 0x1860, 0x0820,
  0x0800, 0x0000, 0x0000, 0x0000, 0x1020, 0x69E1, 0xD486, 0xAB84, 0x61A0, 0x4100, 0x2060, 0x1020, 0x1020, 0x1040, 0x30C0, 0x5981,
  0x5981, 0x4940, 0x38C0, 0x1860, 0x0820, 0x1860, 0x2080, 0x0000, 0x0000, 0x0000, 0x0000, 0x0000, 0x0000, 0x1020, 0x1860, 0x0000,
  0x0000, 0x0000, 0x0000, 0x0000, 0x0000, 0x0000, 0x0000, 0x0000, 0x0000, 0x0000, 0x0000, 0x0000, 0x0000, 0x0000, 0x0000, 0x0000,
  0x0000, 0x0000, 0x0000, 0x0000, 0x0000, 0x0000, 0x0000, 0x0000, 0x0000, 0x0000, 0x0000, 0x0000, 0x0000, 0x0000, 0x0000, 0x0000,
  0x0000, 0x0000, 0x0000, 0x0000, 0x0000, 0x0000, 0x0000, 0x0000, 0x0000, 0x0800, 0x0820, 0x0820, 0x1020, 0x1040, 0x1860, 0x2080,
  0x28A0, 0x30C0, 0x30C0, 0x30C0, 0x28A0, 0x1860, 0x0820, 0x0000, 0x0800, 0x0820, 0x0000, 0x0800, 0x0800, 0x0000, 0x0000, 0x0000,
  0x0000, 0x0800, 0x1860, 0x1860, 0x1040, 0x1040, 0x1840, 0x1860, 0x1860, 0x1860, 0x1060, 0x1060, 0x1060, 0x1040, 0x0840, 0x0820,
  0x0820, 0x0820, 0x0820, 0x0820, 0x0820, 0x0840, 0x0840, 0x1060, 0x1860, 0x1880, 0x20A0, 0x28C0, 0x28E1, 0x3101, 0x3901, 0x3921,
  0x4141, 0x4961, 0x4981, 0x51A2, 0x51C2, 0x59C2, 0x61E2, 0x6202, 0x6A23, 0x6A43, 0x7243, 0x7263, 0x7A83, 0x7A83, 0x82A4, 0x82C4,
  0x82C4, 0x59A2, 0x61E1, 0x82A3, 0xA344, 0xD487, 0xEDCC, 0xFECF, 0xB342, 0x6180, 0x4920, 0x4120, 0x2080, 0x1880, 0x1880, 0x1860,
  0x1040, 0x0020, 0x0000, 0x0000, 0x0000, 0x0000, 0x0020, 0x0841, 0x10A2, 0x2104, 0x2965, 0x2966, 0x2104, 0x18E3, 0x2104, 0x18C3,
  0x0861, 0x1082, 0x0841, 0x0020, 0x0000, 0x0020, 0x0020, 0x0020, 0x0020, 0x0020, 0x0000, 0x0000, 0x0020, 0x0841, 0x1082, 0x1081,
  0x0861, 0x1082, 0x1082, 0x0861, 0x1082, 0x0861, 0x0861, 0x0820, 0x0000, 0x0000, 0x0000, 0x0841, 0x0841, 0x0841, 0x0020, 0x0000,
  0xEED4, 0xEDAB, 0x71E0, 0x4100, 0x38E0, 0x30C0, 0x1860, 0x1060, 0x1040, 0x0840, 0x0020, 0x0020, 0x0000, 0x52AA, 0xAD96, 0xA555,
  0xA534, 0xA534, 0x52AB, 0x4207, 0x18E3, 0x1082, 0x1082, 0x0000, 0x3101, 0xD4C7, 0x59A0, 0x28A0, 0x20A0, 0x28A0, 0x1860, 0x0820,
  0x0000, 0x0000, 0x0000, 0x0000, 0x1840, 0x7A42, 0xBBC5, 0x7A41, 0x4920, 0x2060, 0x1040, 0x1020, 0x1040, 0x38E0, 0x5981, 0x59A1,
  0x5140, 0x30E0, 0x1860, 0x0820, 0x1860, 0x20A0, 0x0000, 0x0000, 0x0000, 0x0000, 0x0000, 0x0000, 0x0800, 0x1860, 0x0800, 0x0000,
  0x0000, 0x0000, 0x0000, 0x0000, 0x0000, 0x0000, 0x0000, 0x0000, 0x0000, 0x0000, 0x0000, 0x0000, 0x0000, 0x0000, 0x0000, 0x0000,
  0x0000, 0x0000, 0x0000, 0x0000, 0x0000, 0x0000, 0x0000, 0x0000, 0x0000, 0x0000, 0x0000, 0x0000, 0x0000, 0x0000, 0x0000, 0x0000,
  0x0000, 0x0000, 0x0000, 0x0000, 0x0000, 0x0000, 0x0000, 0x0000, 0x0000, 0x0000, 0x0000, 0x0000, 0x0800, 0x0820, 0x0820, 0x1040,
  0x1860, 0x2080, 0x28A0, 0x30C0, 0x30C0, 0x28A0, 0x1860, 0x0820, 0x0800, 0x0820, 0x0000, 0x0800, 0x0000, 0x0000, 0x0000, 0x0000,
  0x0820, 0x1860, 0x1840, 0x1040, 0x1840, 0x1860, 0x1860, 0x1060, 0x1060, 0x1060, 0x1040, 0x0840, 0x0820, 0x0820, 0x0820, 0x0820,
  0x0820, 0x0840, 0x1040, 0x1060, 0x1880, 0x20A0, 0x28C0, 0x30E1, 0x3901, 0x3921, 0x4141, 0x4961, 0x5182, 0x51A2, 0x59C2, 0x61E2,
  0x6202, 0x6A23, 0x7243, 0x7263, 0x7A83, 0x7AA4, 0x82A4, 0x82C4, 0x8AE4, 0x8B04, 0x9304, 0x9325, 0x9325, 0x9B45, 0x9B65, 0x9B65,
  0xA385, 0x61E2, 0x6A22, 0x9B24, 0xC426, 0xED6A, 0xFF11, 0xCC44, 0x69C0, 0x4120, 0x4920, 0x28A0, 0x1860, 0x1880, 0x1860, 0x1060,
  0x0820, 0x0000, 0x0000, 0x0000, 0x0000, 0x0000, 0x0000, 0x0020, 0x0020, 0x0861, 0x0861, 0x0841, 0x0841, 0x0861, 0x0861, 0x0020,
  0x0020, 0x0040, 0x0841, 0x0841, 0x0841, 0x0861, 0x1082, 0x1082, 0x1082, 0x0861, 0x0841, 0x0020, 0x0000, 0x0000, 0x0020, 0x0020,
  0x0841, 0x1082, 0x0861, 0x0841, 0x0861, 0x0841, 0x0020, 0x0000, 0x0000, 0x0020, 0x0841, 0x0861, 0x0841, 0x0020, 0x0000, 0x0020,
  0xE673, 0xEDAB, 0x7A00, 0x4100, 0x3900, 0x28C0, 0x1860, 0x1060, 0x1040, 0x0840, 0x0020, 0x0000, 0x0841, 0x8C51, 0xA535, 0x8C72,
  0x9CF4, 0x8C72, 0x5ACB, 0x39C7, 0x2945, 0x10A2, 0x0841, 0x0000, 0x0000, 0xB3E7, 0x9AE3, 0x30C0, 0x28A0, 0x28A0, 0x1880, 0x0820,
  0x0800, 0x0000, 0x0000, 0x0000, 0x2080, 0x8AA2, 0x8AA2, 0x4920, 0x2080, 0x1040, 0x0820, 0x1040, 0x38E0, 0x61A1, 0x61A1, 0x5140,
  0x38E0, 0x1860, 0x0800, 0x1860, 0x28A0, 0x0000, 0x0000, 0x0000, 0x0000, 0x0000, 0x0000, 0x0000, 0x1840, 0x1020, 0x0000, 0x0000,
  0x0000, 0x0000, 0x0000, 0x0000, 0x0000, 0x0000, 0x0000, 0x0000, 0x0000, 0x0000, 0x0000, 0x0000, 0x0000, 0x0000, 0x0000, 0x0000,
  0x0000, 0x0000, 0x0000, 0x0000, 0x0000, 0x0000, 0x0000, 0x0000, 0x0000, 0x0000, 0x0000, 0x0000, 0x0000, 0x0000, 0x0000, 0x0000,
  0x0000, 0x0000, 0x0000, 0x0000, 0x0000, 0x0000, 0x0000, 0x0000, 0x0000, 0x0000, 0x0000, 0x0000, 0x0000, 0x0000, 0x0000, 0x0820,
  0x0820, 0x1040, 0x1860, 0x2080, 0x30C0, 0x30C0, 0x28A0, 0x1840, 0x0000, 0x0800, 0x0000, 0x0820, 0x0000, 0x0800, 0x0000, 0x0820,
  0x1860, 0x1040, 0x1840, 0x1860, 0x1860, 0x1060, 0x1060, 0x0840, 0x0840, 0x0820, 0x0820, 0x0820, 0x0840, 0x1040, 0x1060, 0x1880,
  0x20C0, 0x28E1, 0x3101, 0x3941, 0x4161, 0x4982, 0x51A2, 0x59E2, 0x6202, 0x6A23, 0x7243, 0x7263, 0x7A83, 0x82A4, 0x82C4, 0x8AE4,
  0x8B04, 0x9325, 0x9325, 0x9B45, 0x9B65, 0x9B65, 0xA386, 0xA386, 0xA3A6, 0xABA6, 0xABC6, 0xABC6, 0xABE6, 0xABE6, 0xB3E6, 0xB3E7,
  0xB407, 0x61E2, 0x8B04, 0xB3E5, 0xE549, 0xFF12, 0xDCE7, 0x8220, 0x5140, 0x4100, 0x28C0, 0x1860, 0x1860, 0x1860, 0x1060, 0x0840,
  0x0000, 0x0000, 0x0000, 0x0000, 0x0000, 0x0020, 0x0020, 0x0020, 0x0020, 0x0020, 0x0020, 0x0020, 0x0020, 0x0841, 0x0841, 0x0841,
  0x0841, 0x0861, 0x10A2, 0x10A2, 0x1082, 0x10A2, 0x18C3, 0x18C3, 0x2104, 0x18C3, 0x2104, 0x18E3, 0x10A2, 0x0841, 0x0000, 0x0000,
  0x0020, 0x0020, 0x0841, 0x0841, 0x0020, 0x0020, 0x0000, 0x0000, 0x0000, 0x0020, 0x0841, 0x0841, 0x0020, 0x0000, 0x0000, 0x0020,
  0xD5F0, 0xF5CB, 0x8220, 0x4120, 0x38E0, 0x28A0, 0x1860, 0x1060, 0x0840, 0x0820, 0x0020, 0x0000, 0x2945, 0x9492, 0xA555, 0x8410,
  0x8C51, 0x738E, 0x52AA, 0x2965, 0x2104, 0x10A2, 0x0841, 0x0820, 0x0000, 0x6203, 0xC406, 0x4920, 0x28A0, 0x28A0, 0x2080, 0x0820,
  0x0800, 0x0000, 0x0000, 0x0000, 0x30C0, 0x8AA2, 0x71E1, 0x2880, 0x1040, 0x0820, 0x1840, 0x38E0, 0x5980, 0x5981, 0x5140, 0x38E0,
  0x1860, 0x0820, 0x1040, 0x28C0, 0x0820, 0x0000, 0x0000, 0x0000, 0x0000, 0x0000, 0x0000, 0x1040, 0x1040, 0x0000, 0x0000, 0x0000,
  0x0000, 0x0000, 0x0000, 0x0000, 0x0000, 0x0000, 0x0000, 0x0000, 0x0000, 0x0000, 0x0000, 0x0000, 0x0000, 0x0000, 0x0000, 0x0000,
  0x0000, 0x0000, 0x0000, 0x0000, 0x0000, 0x0000, 0x0000, 0x0000, 0x0000, 0x0000, 0x0000, 0x0000, 0x0000, 0x0000, 0x0000, 0x0000,
  0x0000, 0x0000, 0x0000, 0x0000, 0x0000, 0x0000, 0x0000, 0x0000, 0x0000, 0x0000, 0x0000, 0x0000, 0x0000, 0x0000, 0x0000, 0x0000,
  0x0000, 0x0000, 0x0820, 0x0820, 0x1860, 0x28A0, 0x30C0, 0x28C0, 0x1040, 0x0800, 0x0800, 0x0820, 0x0000, 0x0000, 0x1020, 0x1840,
  0x1840, 0x1860, 0x1060, 0x1060, 0x0840, 0x0820, 0x0820, 0x0820, 0x0840, 0x1060, 0x18A0, 0x28C0, 0x3101, 0x4141, 0x4961, 0x51A2,
  0x59E2, 0x6202, 0x7243, 0x7263, 0x7AA4, 0x82C4, 0x8AE4, 0x9304, 0x9325, 0x9B45, 0x9B65, 0xA385, 0xA3A6, 0xABA6, 0xABC6, 0xABC6,
  0xABE6, 0xB3E6, 0xB407, 0xB407, 0xB407, 0xB427, 0xBC27, 0xBC27, 0xBC27, 0xBC27, 0xBC27, 0xBC27, 0xBC27, 0xBC47, 0xBC47, 0xBC47,
  0xBC47, 0x8AC3, 0xB3C6, 0xDCC7, 0xFEF1, 0xEDAA, 0x9260, 0x5960, 0x4100, 0x38E0, 0x1860, 0x1860, 0x1860, 0x1060, 0x0840, 0x0020,
  0x0000, 0x0000, 0x0000, 0x0020, 0x0841, 0x0841, 0x0841, 0x0841, 0x0020, 0x0020, 0x0020, 0x0020, 0x0020, 0x0841, 0x0861, 0x1082,
  0x1082, 0x18C3, 0x18E3, 0x2104, 0x2945, 0x2104, 0x18C3, 0x18E3, 0x2104, 0x2104, 0x18E3, 0x2124, 0x2925, 0x2104, 0x10A2, 0x0861,
  0x0020, 0x0000, 0x0000, 0x0020, 0x0000, 0x0000, 0x0000, 0x0020, 0x0861, 0x0841, 0x0841, 0x0020, 0x0000, 0x0000, 0x0000, 0x0020,
  0xC52D, 0xF5EC, 0x8A60, 0x4920, 0x30E0, 0x2080, 0x1060, 0x1060, 0x0840, 0x0020, 0x0020, 0x0000, 0x5AEC, 0xAD55, 0x9CD3, 0x8C72,
  0x8431, 0x4A6A, 0x4208, 0x2965, 0x10A2, 0x10A2, 0x0841, 0x0020, 0x0000, 0x1060, 0xBBC5, 0x7201, 0x30C0, 0x28A0, 0x2080, 0x0820,
  0x0800, 0x0000, 0x0000, 0x0000, 0x4120, 0x7A42, 0x4920, 0x2060, 0x1020, 0x1840, 0x38E0, 0x5960, 0x5980, 0x5140, 0x30C0, 0x1860,
  0x1020, 0x1040, 0x30E0, 0x1040, 0x0000, 0x0000, 0x0000, 0x0000, 0x0000, 0x0000, 0x1020, 0x1840, 0x0000, 0x0000, 0x0000, 0x0000,
  0x0000, 0x0000, 0x0000, 0x0000, 0x0000, 0x0000, 0x0000, 0x0000, 0x0000, 0x0000, 0x0000, 0x0000, 0x0000, 0x0000, 0x0000, 0x0000,
  0x0000, 0x0000, 0x0000, 0x0000, 0x0000, 0x0000, 0x0000, 0x0000, 0x0000, 0x0000, 0x0000, 0x0000, 0x0000, 0x0000, 0x0000, 0x0000,
  0x0000, 0x0000, 0x0000, 0x0000, 0x0000, 0x0000, 0x0000, 0x0000, 0x0000, 0x0000, 0x0000, 0x0000, 0x0000, 0x0000, 0x0000, 0x0000,
  0x0000, 0x0000, 0x0000, 0x0000, 0x0000, 0x0820, 0x1040, 0x28A0, 0x30C0, 0x0820, 0x0820, 0x0800, 0x0000, 0x1860, 0x1040, 0x1860,
  0x1060, 0x0840, 0x0820, 0x0820, 0x1060, 0x20A0, 0x3101, 0x4141, 0x51A2, 0x61E2, 0x6A43, 0x7A83, 0x82C4, 0x8AE4, 0x9325, 0x9B45,
  0xA385, 0xA3A6, 0xABC6, 0xABC6, 0xB3E6, 0xB407, 0xB407, 0xB427, 0xBC27, 0xBC27, 0xBC27, 0xBC27, 0xBC47, 0xBC47, 0xBC47, 0xBC47,
  0xBC47, 0xBC47, 0xBC47, 0xBC47, 0xBC47, 0xBC47, 0xBC27, 0xBC27, 0xBC27, 0xBC27, 0xBC27, 0xBC27, 0xB427, 0xB427, 0xB427, 0xB427,
  0xB427, 0xAB85, 0xD445, 0xFE90, 0xF62D, 0x9A80, 0x6180, 0x4920, 0x38E0, 0x2080, 0x1880, 0x1860, 0x1060, 0x1040, 0x0820, 0x0000,
  0x0000, 0x0000, 0x0000, 0x0841, 0x0861, 0x1082, 0x10A2, 0x1082, 0x10A2, 0x1082, 0x0882, 0x0841, 0x0861, 0x0881, 0x10A2, 0x18C3,
  0x10A3, 0x2124, 0x2104, 0x18E3, 0x39C7, 0x3186, 0x2945, 0x2104, 0x2125, 0x2124, 0x2965, 0x2945, 0x2945, 0x2945, 0x2104, 0x18E3,
  0x10A2, 0x0861, 0x0000, 0x0000, 0x0000, 0x0000, 0x0020, 0x0861, 0x1082, 0x0841, 0x0020, 0x0000, 0x0000, 0x0000, 0x0000, 0x0020,
  0xAC6B, 0xFE4E, 0x92A1, 0x4920, 0x30E0, 0x2080, 0x1060, 0x1060, 0x0820, 0x0020, 0x0000, 0x1082, 0x8C51, 0xA555, 0x8C51, 0x8C72,
  0x8431, 0x632D, 0x4208, 0x18E3, 0x10A2, 0x0861, 0x0861, 0x0020, 0x0000, 0x0000, 0x7243, 0x8AC3, 0x30C0, 0x28A0, 0x28A0, 0x0820,
  0x0800, 0x0000, 0x0000, 0x0800, 0x4940, 0x61C1, 0x28A0, 0x1840, 0x1860, 0x38E0, 0x5140, 0x5961, 0x4920, 0x30C0, 0x1860, 0x1020,
  0x1040, 0x38E1, 0x1860, 0x0000, 0x0000, 0x0000, 0x0000, 0x0000, 0x0000, 0x0820, 0x1840, 0x0820, 0x0000, 0x0000, 0x0000, 0x0000,
  0x0000, 0x0000, 0x0000, 0x0000, 0x0000, 0x0000, 0x0000, 0x0000, 0x0000, 0x0000, 0x0000, 0x0000, 0x0000, 0x0000, 0x0000, 0x0000,
  0x0000, 0x0000, 0x0000, 0x0000, 0x0000, 0x0000, 0x0000, 0x0000, 0x0000, 0x0000, 0x0000, 0x0000, 0x0000, 0x0000, 0x0000, 0x0000,
  0x0000, 0x0000, 0x0000, 0x0000, 0x0000, 0x0000, 0x0000, 0x0000, 0x0000, 0x0000, 0x0000, 0x0000, 0x0000, 0x0000, 0x0000, 0x0000,
  0x0000, 0x0000, 0x0000, 0x0000, 0x0000, 0x0000, 0x0000, 0x0000, 0x0820, 0x30C0, 0x0800, 0x0000, 0x1840, 0x1060, 0x0820, 0x0840,
  0x28C0, 0x4961, 0x6202, 0x7AA4, 0x9304, 0x9B65, 0xABA6, 0xABE6, 0xB407, 0xBC27, 0xBC27, 0xBC27, 0xBC47, 0xBC47, 0xBC47, 0xBC47,
  0xBC27, 0xBC27, 0xBC27, 0xBC27, 0xB427, 0xB427, 0xB407, 0xB407, 0xB407, 0xB407, 0xB406, 0xB3E6, 0xABE6, 0xABE6, 0xABE6, 0xABE6,
  0xABC6, 0xABC6, 0xABC6, 0xABC6, 0xABC6, 0xABC6, 0xABC6, 0xA3C6, 0xA3A6, 0xA3A6, 0xA3A6, 0xA3A6, 0xA3A6, 0xA3A6, 0xA3A6, 0xA3A6,
  0x9325, 0xC3E5, 0xE58B, 0xF690, 0xA301, 0x6180, 0x4940, 0x4100, 0x28A0, 0x1860, 0x1860, 0x1060, 0x1040, 0x0820, 0x0000, 0x0000,
  0x0000, 0x0000, 0x0020, 0x0861, 0x1082, 0x1082, 0x10A2, 0x10A2, 0x18E3, 0x10A3, 0x2104, 0x2124, 0x18C3, 0x2124, 0x18E3, 0x18C3,
  0x2104, 0x2965, 0x3186, 0x2945, 0x2965, 0x2945, 0x2124, 0x18E3, 0x1904, 0x18E3, 0x39C7, 0x3185, 0x2124, 0x2945, 0x2104, 0x18C3,
  0x18C3, 0x10A2, 0x0861, 0x0000, 0x0000, 0x0020, 0x0861, 0x0841, 0x0840, 0x0000, 0x0000, 0x0000, 0x0000, 0x0000, 0x0000, 0x0020,
  0x93A9, 0xFE8F, 0x9B02, 0x4120, 0x30C0, 0x2080, 0x1860, 0x1060, 0x0820, 0x0840, 0x0000, 0x39E7, 0xA555, 0xA535, 0x94B3, 0x9CD4,
  0x632D, 0x39E8, 0x2925, 0x18C3, 0x18C3, 0x1081, 0x0841, 0x0020, 0x0000, 0x0000, 0x28E1, 0x8AE4, 0x3900, 0x28C0, 0x30E0, 0x1040,
  0x0000, 0x0000, 0x0000, 0x0820, 0x4120, 0x5160, 0x2080, 0x1840, 0x38E0, 0x5961, 0x5161, 0x4920, 0x30C0, 0x1860, 0x1040, 0x1020,
  0x30E0, 0x2080, 0x0000, 0x0000, 0x0000, 0x0000, 0x0000, 0x0000, 0x0000, 0x1840, 0x0820, 0x0000, 0x0000, 0x0000, 0x0000, 0x0000,
  0x0000, 0x0000, 0x0000, 0x0000, 0x0000, 0x0000, 0x0000, 0x0000, 0x0000, 0x0000, 0x0000, 0x0000, 0x0000, 0x0000, 0x0000, 0x0000,
  0x0000, 0x0000, 0x0000, 0x0000, 0x0000, 0x0000, 0x0000, 0x0000, 0x0000, 0x0000, 0x0000, 0x0000, 0x0000, 0x0000, 0x0000, 0x0000,
  0x0000, 0x0000, 0x0000, 0x0000, 0x0000, 0x0000, 0x0000, 0x0000, 0x0000, 0x0000, 0x0000, 0x0000, 0x0000, 0x0000, 0x0000, 0x0000,
  0x0000, 0x0000, 0x0000, 0x0000, 0x0000, 0x0000, 0x0000, 0x0000, 0x0000, 0x0000, 0x0000, 0x8AE4, 0x8AE4, 0x8AE4, 0x8AE4, 0x8AE4,
  0x8AE4, 0x8AE4, 0x8AE4, 0x8AE4, 0x8AE4, 0x8AE4, 0x8AE4, 0x8AE4, 0x8AE4, 0x8AE4, 0x8AE4, 0x8AE4, 0x8AE4, 0x8AE4, 0x8AE4, 0x8AE4,
  0x8AE4, 0x8AE4, 0x8AE4, 0x8AE4, 0x8AE4, 0x8AE4, 0x8AE4, 0x8AE4, 0x8AE4, 0x8AE4, 0x8AE4, 0x8AE4, 0x8AE4, 0x8AE4, 0x8AE4, 0x8AE4,
  0x8AE4, 0x8AE4, 0x8AE4, 0x8AE4, 0x8AE4, 0x8AE4, 0x8AE4, 0x8AE4, 0x8AE4, 0x8AE4, 0x8AE4, 0x8AE4, 0x8AE4, 0x8AE4, 0x8AE4, 0x82C4,
  0xC405, 0xDD4A, 0xF6B0, 0xB3A3, 0x61A0, 0x5160, 0x38E0, 0x28A0, 0x2080, 0x1880, 0x1860, 0x1060, 0x0840, 0x0000, 0x0000, 0x0000,
  0x0000, 0x0020, 0x0841, 0x1082, 0x1082, 0x10A2, 0x10A2, 0x18C3, 0x18C3, 0x10A2, 0x2125, 0x3186, 0x2945, 0x31A7, 0x31A7, 0x2104,
  0x2124, 0x2124, 0x3186, 0x2965, 0x2124, 0x2104, 0x18E4, 0x2124, 0x2104, 0x2104, 0x2124, 0x2104, 0x18E3, 0x18E3, 0x18C3, 0x18E3,
  0x10A2, 0x0861, 0x1082, 0x0020, 0x0020, 0x0841, 0x0841, 0x0020, 0x0020, 0x0000, 0x0000, 0x0000, 0x0000, 0x0000, 0x0000, 0x0020,
  0x7B07, 0xFE8F, 0xA322, 0x4920, 0x30C0, 0x2080, 0x1860, 0x1060, 0x0820, 0x0820, 0x0000, 0x6B4D, 0xAD76, 0x9CF4, 0x8C72, 0x7BF0,
  0x5AEC, 0x4A49, 0x2124, 0x18E3, 0x10A2, 0x1082, 0x0841, 0x0020, 0x0000, 0x0000, 0x0041, 0x6A23, 0x59A1, 0x28A0, 0x38E0, 0x1860,
  0x0000, 0x0000, 0x0000, 0x0820, 0x3900, 0x38E0, 0x1860, 0x30C0, 0x5961, 0x5160, 0x4920, 0x38E0, 0x1860, 0x1040, 0x1020, 0x30C0,
  0x2080, 0x0000, 0x0000, 0x0000, 0x0000, 0x0000, 0x0000, 0x0000, 0x1040, 0x1020, 0x0000, 0x0000, 0x0000, 0x0000, 0x0000, 0x0000,
  0x0000, 0x0000, 0x0000, 0x0000, 0x0000, 0x0000, 0x0000, 0x0000, 0x0000, 0x0000, 0x0000, 0x0000, 0x0000, 0x0000, 0x0000, 0x0000,
  0x0000, 0x0000, 0x0000, 0x0000, 0x0000, 0x0000, 0x0000, 0x0000, 0x0000, 0x0000, 0x0000, 0x0000, 0x0000, 0x0000, 0x0000, 0x0000,
  0x0000, 0x0000, 0x0000, 0x0000, 0x0000, 0x0000, 0x0000, 0x0000, 0x0000, 0x0000, 0x0000, 0x0000, 0x0000, 0x0000, 0x0000, 0x0000,
  0x0000, 0x0000, 0x0000, 0x0000, 0x0000, 0x0020, 0x0020, 0x0841, 0x0861, 0x0861, 0x8BAA, 0x0020, 0x18E3, 0x0000, 0x0820, 0x1040,
  0x1060, 0x1880, 0x2080, 0x20A0, 0x28A0, 0x28C0, 0x30C0, 0x30E0, 0x3900, 0x3900, 0x4120, 0x4120, 0x4141, 0x4941, 0x4941, 0x4961,
  0x5161, 0x5181, 0x5181, 0x5181, 0x51A1, 0x59A1, 0x59A1, 0x59A1, 0x59C1, 0x59C1, 0x61C1, 0x61E1, 0x61E2, 0x61E2, 0x61E2, 0x61E2,
  0x6202, 0x6202, 0x6A02, 0x6A02, 0x6A02, 0x6A02, 0x6A02, 0x6A22, 0x6A22, 0x6A22, 0x6A22, 0x6A22, 0x6A22, 0x6A22, 0x82A3, 0xB3C5,
  0xDCE8, 0xF6B1, 0xC425, 0x71C0, 0x5160, 0x4100, 0x28A0, 0x2080, 0x1880, 0x1860, 0x1060, 0x0840, 0x0820, 0x0000, 0x0000, 0x0020,
  0x0020, 0x0861, 0x0861, 0x1082, 0x18C3, 0x18C3, 0x18E4, 0x2104, 0x2104, 0x2986, 0x2965, 0x2966, 0x39E7, 0x31A6, 0x39C7, 0x4208,
  0x2965, 0x2124, 0x3186, 0x31A6, 0x2124, 0x2945, 0x2124, 0x31A6, 0x31A7, 0x2104, 0x2104, 0x18C3, 0x18E3, 0x18C3, 0x10A2, 0x1082,
  0x0841, 0x0841, 0x0841, 0x0020, 0x0000, 0x0020, 0x0020, 0x0000, 0x0000, 0x0000, 0x0000, 0x0000, 0x0000, 0x0000, 0x0000, 0x0020,
  0x5A24, 0xFE8F, 0xB384, 0x5140, 0x30C0, 0x2080, 0x1860, 0x1060, 0x0820, 0x0000, 0x0841, 0x9492, 0x9CF4, 0x94B3, 0x9492, 0x73AF,
  0x738E, 0x528A, 0x2945, 0x10A2, 0x1082, 0x1082, 0x0841, 0x0020, 0x0000, 0x0000, 0x0041, 0x3122, 0x6A02, 0x30C0, 0x3900, 0x2080,
  0x0000, 0x0800, 0x0000, 0x1040, 0x30C0, 0x2880, 0x28A0, 0x5160, 0x5160, 0x4920, 0x38E0, 0x2060, 0x1040, 0x1020, 0x30C0, 0x20A0,
  0x0000, 0x0000, 0x0000, 0x0000, 0x0000, 0x0000, 0x0000, 0x1020, 0x1020, 0x0000, 0x0000, 0x0000, 0x0000, 0x0000, 0x0000, 0x0000,
  0x0000, 0x0000, 0x0000, 0x0000, 0x0000, 0x0000, 0x0000, 0x0000, 0x0000, 0x0000, 0x0000, 0x0000, 0x0000, 0x0000, 0x0000, 0x0000,
  0x0000, 0x0000, 0x0000, 0x0000, 0x0000, 0x0000, 0x0000, 0x0000, 0x0000, 0x0000, 0x0000, 0x0000, 0x0000, 0x0000, 0x0000, 0x0000,
  0x0000, 0x0000, 0x0000, 0x0000, 0x0000, 0x0000, 0x0000, 0x0000, 0x0000, 0x0000, 0x0000, 0x0000, 0x0000, 0x0000, 0x0000, 0x0020,
  0x0020, 0x0020, 0x0020, 0x0841, 0x0841, 0x0861, 0x0861, 0x0861, 0x1082, 0x2104, 0x9325, 0x0820, 0x18C3, 0x10A2, 0x1082, 0x0020,
  0x0000, 0x0820, 0x0820, 0x0840, 0x1040, 0x1060, 0x1860, 0x1860, 0x1880, 0x1880, 0x2080, 0x20A0, 0x20A0, 0x20A0, 0x28A0, 0x28C0,
  0x28C0, 0x28C0, 0x30E0, 0x30E0, 0x30E0, 0x38E0, 0x3900, 0x3900, 0x3900, 0x3900, 0x4120, 0x4120, 0x4120, 0x4121, 0x4141, 0x4941,
  0x4941, 0x4941, 0x4961, 0x4961, 0x4961, 0x4961, 0x5161, 0x5181, 0x5181, 0x5181, 0x5181, 0x5181, 0x5181, 0x7243, 0xBBE5, 0xD4C8,
  0xF6B1, 0xCCA7, 0x71E0, 0x61A0, 0x4940, 0x28A0, 0x2080, 0x1860, 0x1860, 0x1060, 0x1040, 0x0820, 0x0000, 0x0000, 0x0000, 0x0020,
  0x0841, 0x10A2, 0x18E3, 0x18C3, 0x2124, 0x2945, 0x3186, 0x39C7, 0x39E8, 0x4A49, 0x4208, 0x39E7, 0x31A6, 0x528A, 0x4208, 0x528A,
  0x4A49, 0x2925, 0x2945, 0x39E7, 0x3186, 0x31A6, 0x3186, 0x2124, 0x2104, 0x18C3, 0x1082, 0x0861, 0x0861, 0x0020, 0x0020, 0x0020,
  0x0020, 0x0000, 0x0000, 0x0020, 0x0000, 0x0000, 0x0000, 0x0000, 0x0000, 0x0000, 0x0000, 0x0000, 0x0000, 0x0000, 0x0000, 0x0020,
  0x49A4, 0xF60E, 0xBBE5, 0x5140, 0x30E0, 0x1880, 0x1060, 0x1040, 0x0840, 0x0000, 0x2965, 0x9CD3, 0xA535, 0x9D14, 0x94B3, 0x7BCF,
  0x630C, 0x3186, 0x18E4, 0x10A2, 0x1082, 0x1082, 0x0841, 0x0020, 0x0000, 0x0000, 0x0021, 0x18A2, 0x61E2, 0x4100, 0x3900, 0x28A0,
  0x0000, 0x0800, 0x0000, 0x1840, 0x28A0, 0x2080, 0x4120, 0x5981, 0x4940, 0x38E0, 0x2060, 0x1840, 0x0820, 0x28A0, 0x28A0, 0x0000,
  0x0000, 0x0000, 0x0000, 0x0000, 0x0000, 0x0000, 0x1020, 0x1020, 0x0000, 0x0000, 0x0000, 0x0000, 0x0000, 0x0000, 0x0000, 0x0000,
  0x0000, 0x0000, 0x0000, 0x0000, 0x0000, 0x0000, 0x0000, 0x0000, 0x0000, 0x0000, 0x0000, 0x0000, 0x0000, 0x0000, 0x0000, 0x0000,
  0x0000, 0x0000, 0x0000, 0x0000, 0x0000, 0x0000, 0x0000, 0x0000, 0x0000, 0x0000, 0x0000, 0x0000, 0x0000, 0x0000, 0x0000, 0x0000,
  0x0000, 0x0000, 0x0000, 0x0000, 0x0000, 0x0000, 0x0000, 0x0000, 0x0000, 0x0020, 0x0020, 0x0020, 0x0020, 0x0020, 0x0020, 0x0841,
  0x0841, 0x0841, 0x0861, 0x0861, 0x0861, 0x0861, 0x0861, 0x1082, 0x18E3, 0x8BAA, 0x5161, 0x0820, 0x0020, 0x18C3, 0x0861, 0x18E3,
  0x0861, 0x0820, 0x0000, 0x0020, 0x0820, 0x0820, 0x0820, 0x0840, 0x1040, 0x1060, 0x1060, 0x1060, 0x1860, 0x1860, 0x1880, 0x1880,
  0x1880, 0x2080, 0x2080, 0x20A0, 0x20A0, 0x20A0, 0x20A0, 0x28A0, 0x28A0, 0x28C0, 0x28C0, 0x28C0, 0x28C0, 0x30C0, 0x30E0, 0x30E0,
  0x30E0, 0x30E0, 0x30E0, 0x3900, 0x3900, 0x3900, 0x3900, 0x3900, 0x3900, 0x4120, 0x4120, 0x4120, 0x6202, 0x9B24, 0xDCC7, 0xF691,
  0xDD29, 0x8220, 0x5980, 0x5160, 0x30E0, 0x2080, 0x1880, 0x1060, 0x1040, 0x1040, 0x0840, 0x0000, 0x0000, 0x0000, 0x0020, 0x0861,
  0x1082, 0x10A2, 0x10A2, 0x1082, 0x0861, 0x0861, 0x1082, 0x18E3, 0x2124, 0x31A6, 0x39E8, 0x31A7, 0x39E7, 0x52AA, 0x528A, 0x39C7,
  0x31A6, 0x2124, 0x2125, 0x18C3, 0x10A2, 0x18C3, 0x1082, 0x0861, 0x0020, 0x0020, 0x0020, 0x0020, 0x0020, 0x0000, 0x0020, 0x0861,
  0x10A2, 0x18E4, 0x18C3, 0x10A2, 0x0861, 0x0020, 0x0000, 0x0000, 0x0000, 0x0000, 0x0000, 0x0000, 0x0000, 0x0000, 0x0000, 0x0841,
  0x20C1, 0xDD6C, 0xCC87, 0x5980, 0x38E0, 0x1860, 0x1060, 0x1040, 0x0840, 0x0000, 0x4A6A, 0xAD55, 0x9D14, 0x8C51, 0x8431, 0x630C,
  0x7BCF, 0x3186, 0x20E4, 0x18C3, 0x1082, 0x0841, 0x0020, 0x0000, 0x0000, 0x0000, 0x0820, 0x10C3, 0x4162, 0x5140, 0x38E0, 0x28A0,
  0x0000, 0x0000, 0x0000, 0x1860, 0x2880, 0x38E0, 0x5161, 0x4940, 0x4100, 0x2880, 0x1840, 0x0820, 0x28A0, 0x28C0, 0x0000, 0x0000,
  0x0000, 0x0000, 0x0000, 0x0000, 0x0000, 0x1040, 0x1040, 0x0000, 0x0000, 0x0000, 0x0000, 0x0000, 0x0000, 0x0000, 0x0000, 0x0000,
  0x0000, 0x0000, 0x0000, 0x0000, 0x0000, 0x0000, 0x0000, 0x0000, 0x0000, 0x0000, 0x0000, 0x0000, 0x0000, 0x0000, 0x0000, 0x0000,
  0x0000, 0x0000, 0x0000, 0x0000, 0x0000, 0x0000, 0x0000, 0x0000, 0x0000, 0x0000, 0x0000, 0x0000, 0x0000, 0x0000, 0x0000, 0x0000,
  0x0000, 0x0000, 0x0000, 0x0020, 0x0020, 0x0020, 0x0020, 0x0020, 0x0020, 0x0020, 0x0020, 0x0841, 0x0841, 0x0841, 0x0841, 0x0861,
  0x0861, 0x0861, 0x0861, 0x0861, 0x0881, 0x1082, 0x1082, 0x18C3, 0x3144, 0xDDF1, 0x3901, 0x0820, 0x0841, 0x1082, 0x18C3, 0x0861,
  0x2125, 0x10A2, 0x0861, 0x0841, 0x0020, 0x0000, 0x0020, 0x0820, 0x0820, 0x0820, 0x0820, 0x0840, 0x0840, 0x1040, 0x1060, 0x1060,
  0x1060, 0x1860, 0x1860, 0x1860, 0x1880, 0x1880, 0x1880, 0x1880, 0x1880, 0x2080, 0x2080, 0x2080, 0x20A0, 0x20A0, 0x20A0, 0x20A0,
  0x28A0, 0x28A0, 0x28A0, 0x28C0, 0x28C0, 0x28C0, 0x28C0, 0x28C0, 0x30C0, 0x30C0, 0x30E0, 0x7243, 0x8B04, 0xCC46, 0xFEB0, 0xE58B,
  0x8A40, 0x61A0, 0x5160, 0x3900, 0x2080, 0x1880, 0x1860, 0x1060, 0x1040, 0x1040, 0x0820, 0x0000, 0x0000, 0x0000, 0x0040, 0x0841,
  0x0841, 0x0841, 0x0861, 0x1082, 0x18A2, 0x18C3, 0x10A2, 0x2124, 0x18C3, 0x18E3, 0x2104, 0x2966, 0x528A, 0x39C7, 0x3186, 0x18E3,
  0x10A2, 0x1082, 0x1081, 0x0040, 0x0040, 0x0000, 0x0020, 0x0020, 0x0020, 0x0020, 0x0861, 0x0861, 0x0020, 0x1082, 0x2104, 0x18E3,
  0x2945, 0x2945, 0x2945, 0x1903, 0x18E3, 0x18C3, 0x1082, 0x0861, 0x0020, 0x0000, 0x0000, 0x0000, 0x0000, 0x0000, 0x0000, 0x0841,
  0x0840, 0xBC89, 0xDD08, 0x61C0, 0x4120, 0x2080, 0x1060, 0x1040, 0x0820, 0x0000, 0x7BF0, 0x9CF4, 0xA514, 0x9492, 0x73AF, 0x6B4D,
  0x4A69, 0x2925, 0x18E3, 0x10A2, 0x1082, 0x0861, 0x0841, 0x0020, 0x0000, 0x0000, 0x0820, 0x1082, 0x2902, 0x5181, 0x38E0, 0x28A0,
  0x0000, 0x0800, 0x0000, 0x1860, 0x28A0, 0x4941, 0x5141, 0x4100, 0x28A0, 0x1840, 0x0820, 0x2080, 0x28A0, 0x0000, 0x0000, 0x0000,
  0x0000, 0x0000, 0x0000, 0x0000, 0x1040, 0x1840, 0x0800, 0x0000, 0x0800, 0x0000, 0x0000, 0x0000, 0x0000, 0x0000, 0x0000, 0x0000,
  0x0000, 0x0000, 0x0000, 0x0000, 0x0000, 0x0000, 0x0000, 0x0000, 0x0000, 0x0000, 0x0000, 0x0000, 0x0000, 0x0000, 0x0000, 0x0000,
  0x0000, 0x0000, 0x0000, 0x0000, 0x0000, 0x0000, 0x0000, 0x0000, 0x0000, 0x0000, 0x0000, 0x0000, 0x0000, 0x0020, 0x0020, 0x0020,
  0x0020, 0x0020, 0x0020, 0x0020, 0x0020, 0x0020, 0x0020, 0x0841, 0x0841, 0x0841, 0x0841, 0x0841, 0x0841, 0x0861, 0x0861, 0x0861,
  0x0861, 0x0861, 0x0881, 0x0861, 0x1082, 0x10A2, 0x18C3, 0x2104, 0x8BAA, 0xBC8A, 0x30E1, 0x0840, 0x0840, 0x0020, 0x18C3, 0x18E3,
  0x1082, 0x18E3, 0x18E3, 0x1082, 0x0861, 0x0841, 0x0020, 0x0000, 0x0000, 0x0020, 0x0020, 0x0820, 0x0820, 0x0820, 0x0820, 0x0840,
  0x0840, 0x1040, 0x1040, 0x1060, 0x1060, 0x1060, 0x1060, 0x1860, 0x1860, 0x1860, 0x1880, 0x1880, 0x1880, 0x1880, 0x1880, 0x1880,
  0x2080, 0x2080, 0x2080, 0x2080, 0x20A0, 0x20A0, 0x20A0, 0x20A0, 0x20A0, 0x20A0, 0x6A23, 0x8AC4, 0xC426, 0xF66F, 0xF62C, 0x9281,
  0x5980, 0x5960, 0x38E0, 0x28A0, 0x2080, 0x1860, 0x1060, 0x1060, 0x1060, 0x0820, 0x0000, 0x0000, 0x0000, 0x0020, 0x0020, 0x0861,
  0x0861, 0x0861, 0x10A2, 0x18E3, 0x2945, 0x39E7, 0x31A6, 0x3186, 0x18E3, 0x18E4, 0x2104, 0x2124, 0x4A6A, 0x4229, 0x2965, 0x18E3,
  0x1082, 0x0841, 0x0020, 0x0020, 0x0020, 0x0020, 0x0861, 0x10A2, 0x18C3, 0x18E3, 0x18E3, 0x0861, 0x0020, 0x10A2, 0x2965, 0x31A7,
  0x3186, 0x2124, 0x2945, 0x2965, 0x18E3, 0x18C3, 0x10A2, 0x18C2, 0x10A2, 0x1082, 0x0841, 0x0000, 0x0000, 0x0000, 0x0000, 0x0841,
  0x1061, 0x9366, 0xED8A, 0x7220, 0x4940, 0x2080, 0x1040, 0x0840, 0x0000, 0x18A2, 0x94B2, 0xA534, 0x9492, 0x7BCF, 0x73AE, 0x5AEB,
  0x2945, 0x2945, 0x10C2, 0x1082, 0x0882, 0x0861, 0x0841, 0x0020, 0x0000, 0x0000, 0x0020, 0x0882, 0x20E3, 0x5161, 0x3900, 0x28C0,
  0x0000, 0x0800, 0x0800, 0x1860, 0x38E0, 0x5140, 0x4100, 0x28A0, 0x1840, 0x1020, 0x1860, 0x28A0, 0x0000, 0x0000, 0x0000, 0x0000,
  0x0000, 0x0000, 0x0000, 0x1040, 0x1840, 0x0800, 0x0000, 0x0000, 0x0800, 0x0000, 0x0000, 0x0000, 0x0000, 0x0000, 0x0000, 0x0000,
  0x0000, 0x0000, 0x0000, 0x0000, 0x0000, 0x0000, 0x0000, 0x0000, 0x0000, 0x0000, 0x0000, 0x0000, 0x0000, 0x0000, 0x0000, 0x0000,
  0x0000, 0x0000, 0x0000, 0x0000, 0x0000, 0x0000, 0x0000, 0x0000, 0x0020, 0x0020, 0x0020, 0x0020, 0x0020, 0x0020, 0x0020, 0x0020,
  0x0020, 0x0020, 0x0020, 0x0841, 0x0841, 0x0841, 0x0841, 0x0841, 0x0841, 0x0841, 0x0861, 0x0861, 0x0861, 0x0861, 0x0861, 0x0861,
  0x0861, 0x0881, 0x1081, 0x1082, 0x10A2, 0x18C3, 0x2104, 0x49C5, 0xD5D1, 0x9325, 0x28C1, 0x0840, 0x0820, 0x0841, 0x0861, 0x18C3,
  0x18E3, 0x1082, 0x10A2, 0x2124, 0x10A2, 0x1082, 0x0861, 0x0841, 0x0020, 0x0020, 0x0000, 0x0000, 0x0020, 0x0020, 0x0820, 0x0820,
  0x0820, 0x0820, 0x0820, 0x0840, 0x0840, 0x0840, 0x1040, 0x1040, 0x1060, 0x1060, 0x1060, 0x1060, 0x1060, 0x1860, 0x1860, 0x1860,
  0x1860, 0x1880, 0x1880, 0x1880, 0x1880, 0x1880, 0x1880, 0x2080, 0x2080, 0x6A44, 0x6A43, 0xBBE5, 0xEE2E, 0xF64E, 0xA302, 0x6180,
  0x5160, 0x40E0, 0x28A0, 0x20A0, 0x1880, 0x1860, 0x1060, 0x1040, 0x0840, 0x0000, 0x0000, 0x0000, 0x0020, 0x0841, 0x0861, 0x10A2,
  0x18E3, 0x18A3, 0x18E3, 0x18E3, 0x3186, 0x4A49, 0x39E7, 0x2965, 0x2945, 0x3186, 0x2124, 0x31C7, 0x31A6, 0x31A7, 0x2945, 0x18E3,
  0x0861, 0x0020, 0x0020, 0x0861, 0x18C3, 0x18E3, 0x1904, 0x2104, 0x2965, 0x31A7, 0x2124, 0x0861, 0x0000, 0x1082, 0x39E8, 0x5ACB,
  0x39C7, 0x2945, 0x2925, 0x39C7, 0x2104, 0x10C2, 0x10A2, 0x10A2, 0x10A2, 0x10A2, 0x1082, 0x0861, 0x0020, 0x0000, 0x0000, 0x0820,
  0x0041, 0x6224, 0xF5AA, 0x8281, 0x4940, 0x2080, 0x1040, 0x0840, 0x0000, 0x3186, 0x9493, 0x9CD3, 0x9492, 0x6B6E, 0x5ACB, 0x52AA,
  0x39E7, 0x2945, 0x18C3, 0x0861, 0x0861, 0x0861, 0x0841, 0x0020, 0x0000, 0x0000, 0x0020, 0x0861, 0x10A2, 0x4121, 0x4120, 0x30C0,
  0x0800, 0x0000, 0x0820, 0x2080, 0x4100, 0x4920, 0x30C0, 0x1840, 0x1040, 0x1860, 0x28A0, 0x0000, 0x0000, 0x0000, 0x0000, 0x0000,
  0x0000, 0x0000, 0x1040, 0x1040, 0x0000, 0x0000, 0x0000, 0x0800, 0x0800, 0x0000, 0x0000, 0x0000, 0x0000, 0x0000, 0x0000, 0x0000,
  0x0000, 0x0000, 0x0000, 0x0000, 0x0000, 0x0000, 0x0000, 0x0000, 0x0000, 0x0000, 0x0000, 0x0000, 0x0000, 0x0000, 0x0000, 0x0000,
  0x0000, 0x0000, 0x0020, 0x0020, 0x0020, 0x0020, 0x0020, 0x0020, 0x0020, 0x0020, 0x0020, 0x0020, 0x0020, 0x0020, 0x0841, 0x0841,
  0x0841, 0x0841, 0x0841, 0x0841, 0x0841, 0x0841, 0x0841, 0x0861, 0x0861, 0x0861, 0x0861, 0x0861, 0x0861, 0x0861, 0x0861, 0x0881,
  0x0861, 0x1082, 0x1082, 0x10A2, 0x18C3, 0x20E3, 0x2924, 0x8BAA, 0xD5D0, 0x7243, 0x28A0, 0x1040, 0x0020, 0x0841, 0x0020, 0x1082,
  0x18C3, 0x18E3, 0x1082, 0x0861, 0x2124, 0x18E3, 0x10A2, 0x1082, 0x0861, 0x0841, 0x0020, 0x0020, 0x0000, 0x0000, 0x0000, 0x0020,
  0x0020, 0x0820, 0x0820, 0x0820, 0x0820, 0x0820, 0x0820, 0x0840, 0x0840, 0x0840, 0x1040, 0x1040, 0x1040, 0x1060, 0x1060, 0x1060,
  0x1060, 0x1060, 0x1860, 0x1860, 0x1860, 0x1860, 0x1860, 0x1881, 0x7AA5, 0x7264, 0xA364, 0xE5CC, 0xEE4E, 0xAB42, 0x69C0, 0x5980,
  0x38E0, 0x28A0, 0x2080, 0x2080, 0x1880, 0x1060, 0x1040, 0x0840, 0x0000, 0x0000, 0x0000, 0x0000, 0x0841, 0x0841, 0x1082, 0x2124,
  0x3186, 0x18E3, 0x18E3, 0x2945, 0x2945, 0x2124, 0x31A6, 0x4229, 0x4208, 0x39E7, 0x4229, 0x52AA, 0x39E7, 0x2945, 0x18E3, 0x1082,
  0x0020, 0x0020, 0x10A2, 0x2104, 0x2945, 0x2125, 0x2945, 0x2966, 0x39E7, 0x31A6, 0x2104, 0x1082, 0x0000, 0x18C3, 0x31A7, 0x39C7,
  0x39C7, 0x2124, 0x2104, 0x2945, 0x18E3, 0x18E3, 0x10A2, 0x18C3, 0x1082, 0x1082, 0x10A2, 0x1082, 0x0861, 0x0020, 0x0841, 0x0821,
  0x0041, 0x3942, 0xE549, 0x9B23, 0x4940, 0x2080, 0x1040, 0x0840, 0x0000, 0x4A69, 0x9CF4, 0xA514, 0x8411, 0x8410, 0x5AEC, 0x4A49,
  0x2965, 0x2124, 0x10A2, 0x1082, 0x0861, 0x0861, 0x0841, 0x0020, 0x0000, 0x0000, 0x0020, 0x0861, 0x0861, 0x28E1, 0x4120, 0x30C0,
  0x0820, 0x0000, 0x0820, 0x28A0, 0x4100, 0x38E0, 0x2060, 0x1040, 0x1840, 0x28A0, 0x0820, 0x0000, 0x0000, 0x0000, 0x0000, 0x0000,
  0x0020, 0x1040, 0x1020, 0x0000, 0x0000, 0x0000, 0x0800, 0x0820, 0x0000, 0x0000, 0x0000, 0x0000, 0x0000, 0x0000, 0x0000, 0x0000,
  0x0000, 0x0000, 0x0000, 0x0000, 0x0000, 0x0000, 0x0000, 0x0000, 0x0000, 0x0000, 0x0000, 0x0000, 0x0020, 0x0020, 0x0020, 0x0020,
  0x0020, 0x0020, 0x0020, 0x0020, 0x0020, 0x0020, 0x0020, 0x0020, 0x0020, 0x0020, 0x0841, 0x0841, 0x0841, 0x0841, 0x0841, 0x0841,
  0x0841, 0x0841, 0x0841, 0x0841, 0x0861, 0x0861, 0x0861, 0x0861, 0x0861, 0x0861, 0x0861, 0x0861, 0x0861, 0x0881, 0x0861, 0x1081,
  0x1082, 0x1082, 0x10A2, 0x18C3, 0x20E3, 0x2104, 0x5205, 0xC570, 0xC4EC, 0x59C2, 0x20A0, 0x1040, 0x0820, 0x0841, 0x0841, 0x0841,
  0x10A2, 0x18C3, 0x18E3, 0x1082, 0x0861, 0x2104, 0x2124, 0x18C3, 0x1082, 0x1082, 0x0861, 0x0841, 0x0020, 0x0020, 0x0000, 0x0000,
  0x0000, 0x0020, 0x0020, 0x0020, 0x0820, 0x0820, 0x0820, 0x0820, 0x0820, 0x0820, 0x0820, 0x0840, 0x0840, 0x0840, 0x1040, 0x1040,
  0x1040, 0x1060, 0x1060, 0x1060, 0x1060, 0x1060, 0x20A0, 0x51C3, 0x6A64, 0x9304, 0xDD8B, 0xF66F, 0xB383, 0x69A0, 0x5960, 0x4120,
  0x28C0, 0x2080, 0x1880, 0x2080, 0x1881, 0x1040, 0x0840, 0x0020, 0x0000, 0x0000, 0x0000, 0x0020, 0x1082, 0x10A2, 0x18E3, 0x2124,
  0x2104, 0x2965, 0x2965, 0x39C7, 0x3186, 0x2965, 0x3186, 0x3186, 0x4208, 0x6B4D, 0x5ACB, 0x4A49, 0x2965, 0x18E3, 0x1082, 0x0841,
  0x0841, 0x10A2, 0x2945, 0x39E7, 0x31A6, 0x39E8, 0x2965, 0x3186, 0x3186, 0x2945, 0x2104, 0x0881, 0x0840, 0x2104, 0x31A7, 0x3186,
  0x3186, 0x2945, 0x18C3, 0x1082, 0x18C3, 0x2965, 0x18E3, 0x18C3, 0x18C3, 0x1081, 0x1062, 0x0861, 0x0861, 0x0840, 0x0841, 0x0841,
  0x0882, 0x20C1, 0xCC87, 0xABA4, 0x5160, 0x20A0, 0x1040, 0x0840, 0x0000, 0x5AEC, 0xA514, 0xA534, 0x8C51, 0x73CF, 0x5AEC, 0x4228,
  0x2945, 0x18C3, 0x1082, 0x1082, 0x0861, 0x0861, 0x0020, 0x0020, 0x0000, 0x0000, 0x0020, 0x0861, 0x0861, 0x18A1, 0x4121, 0x30E0,
  0x1020, 0x0800, 0x1020, 0x30C0, 0x38E0, 0x2080, 0x1840, 0x1840, 0x28A0, 0x0840, 0x0000, 0x0000, 0x0000, 0x0000, 0x0000, 0x0820,
  0x1040, 0x0820, 0x0000, 0x0000, 0x0800, 0x0000, 0x0820, 0x0800, 0x0000, 0x0000, 0x0000, 0x0000, 0x0000, 0x0000, 0x0000, 0x0000,
  0x0000, 0x0000, 0x0000, 0x0000, 0x0000, 0x0000, 0x0020, 0x0020, 0x0020, 0x0020, 0x0020, 0x0020, 0x0020, 0x0020, 0x0020, 0x0020,
  0x0020, 0x0020, 0x0020, 0x0020, 0x0020, 0x0020, 0x0841, 0x0841, 0x0841, 0x0841, 0x0841, 0x0841, 0x0841, 0x0841, 0x0841, 0x0841,
  0x0841, 0x0861, 0x0861, 0x0861, 0x0861, 0x0861, 0x0861, 0x0861, 0x0861, 0x0861, 0x0861, 0x0861, 0x0881, 0x0861, 0x1082, 0x1082,
  0x1082, 0x10A2, 0x18C3, 0x18E3, 0x2104, 0x3964, 0x8BAA, 0xD611, 0xA3E8, 0x5161, 0x20A0, 0x1040, 0x0820, 0x0840, 0x0841, 0x0020,
  0x1081, 0x18C3, 0x18C3, 0x18E3, 0x10A2, 0x0861, 0x18C3, 0x2125, 0x18E3, 0x10A2, 0x1082, 0x0861, 0x0861, 0x0841, 0x0820, 0x0020,
  0x0020, 0x0000, 0x0000, 0x0000, 0x0020, 0x0020, 0x0020, 0x0820, 0x0820, 0x0820, 0x0820, 0x0820, 0x0820, 0x0820, 0x0840, 0x0840,
  0x0840, 0x0840, 0x0840, 0x1040, 0x1040, 0x3921, 0x6224, 0x5A03, 0x82A3, 0xE58B, 0xF690, 0xBBC4, 0x61A0, 0x4940, 0x5140, 0x30E0,
  0x2080, 0x1880, 0x1880, 0x1881, 0x1060, 0x0840, 0x0820, 0x0000, 0x0000, 0x0000, 0x0020, 0x0861, 0x1082, 0x18E3, 0x2945, 0x18E3,
  0x2124, 0x2965, 0x39C7, 0x4208, 0x39E7, 0x4228, 0x39A7, 0x3A08, 0x39E7, 0x630C, 0x4A49, 0x31A6, 0x2124, 0x1082, 0x0841, 0x0841,
  0x1082, 0x3186, 0x4A49, 0x4228, 0x31A7, 0x4228, 0x4228, 0x39E8, 0x31A7, 0x18C3, 0x10A2, 0x0841, 0x0040, 0x3186, 0x4A49, 0x2986,
  0x2966, 0x2945, 0x18E3, 0x20E4, 0x10A2, 0x18E3, 0x18C3, 0x18C3, 0x18E3, 0x1082, 0x0861, 0x0861, 0x0861, 0x0020, 0x0841, 0x0000,
  0x0861, 0x1082, 0xA385, 0xC425, 0x5180, 0x28C0, 0x1040, 0x0840, 0x0841, 0x738E, 0x94B3, 0x8C51, 0x7BF0, 0x5AEB, 0x52AB, 0x39E8,
  0x2104, 0x10A3, 0x1082, 0x1082, 0x0841, 0x0841, 0x0841, 0x0020, 0x0000, 0x0000, 0x0020, 0x10A2, 0x10A2, 0x1081, 0x4121, 0x30C0,
  0x1020, 0x0800, 0x1860, 0x38E0, 0x28A0, 0x1860, 0x2060, 0x30A0, 0x1040, 0x0000, 0x0000, 0x0000, 0x0000, 0x0000, 0x0840, 0x1860,
  0x0820, 0x0000, 0x0000, 0x0800, 0x0800, 0x0800, 0x0820, 0x0800, 0x0000, 0x0000, 0x0000, 0x0000, 0x0000, 0x0000, 0x0000, 0x0000,
  0x0000, 0x0000, 0x0020, 0x0020, 0x0000, 0x0000, 0x0020, 0x0020, 0x0020, 0x0020, 0x0020, 0x0020, 0x0020, 0x0020, 0x0020, 0x0020,
  0x0020, 0x0020, 0x0841, 0x0841, 0x0841, 0x0841, 0x0841, 0x0841, 0x0841, 0x0841, 0x0841, 0x0841, 0x0841, 0x0841, 0x0861, 0x0861,
  0x0861, 0x0861, 0x0861, 0x0861, 0x0861, 0x0861, 0x0861, 0x0861, 0x0861, 0x0861, 0x0881, 0x0861, 0x1081, 0x1082, 0x1082, 0x1082,
  0x10A2, 0x18C3, 0x18E3, 0x2104, 0x2924, 0x5A46, 0xBD0F, 0xD5AF, 0x9325, 0x4141, 0x20A0, 0x1040, 0x0820, 0x0820, 0x0841, 0x0820,
  0x0020, 0x10A2, 0x18C3, 0x18C3, 0x18E3, 0x10A2, 0x0861, 0x10A2, 0x2124, 0x2104, 0x18C3, 0x10A2, 0x1082, 0x0861, 0x0861, 0x0841,
  0x0840, 0x0020, 0x0020, 0x0000, 0x0020, 0x0000, 0x0000, 0x0020, 0x0020, 0x0020, 0x0820, 0x0820, 0x0820, 0x0820, 0x0820, 0x0820,
  0x0820, 0x0820, 0x0840, 0x0840, 0x30C0, 0x51A3, 0x6A64, 0x7242, 0xD52A, 0xF6B0, 0xBBE5, 0x69C0, 0x4940, 0x4940, 0x38E0, 0x2080,
  0x1880, 0x1880, 0x1880, 0x1060, 0x0840, 0x0820, 0x0000, 0x0000, 0x0000, 0x0841, 0x0861, 0x18C3, 0x10A2, 0x2124, 0x39C7, 0x4229,
  0x39C7, 0x31A6, 0x41E8, 0x52AB, 0x73AF, 0x528A, 0x52AA, 0x4208, 0x528A, 0x4A49, 0x31A7, 0x18E3, 0x18C3, 0x0861, 0x0841, 0x1082,
  0x31C7, 0x5AEC, 0x4228, 0x2945, 0x2965, 0x39E7, 0x5AEB, 0x39E7, 0x2965, 0x18C3, 0x1082, 0x0020, 0x10A2, 0x31A7, 0x39E7, 0x3186,
  0x2104, 0x18C3, 0x2104, 0x2104, 0x18C3, 0x18C3, 0x18C3, 0x1082, 0x10A2, 0x10A2, 0x10A2, 0x0861, 0x0841, 0x0841, 0x0861, 0x0000,
  0x0820, 0x0862, 0x7243, 0xCC46, 0x59A0, 0x30C0, 0x1060, 0x0820, 0x10A2, 0x73AE, 0x94B3, 0x7BF0, 0x634D, 0x4229, 0x4229, 0x2124,
  0x2104, 0x18C3, 0x1082, 0x1082, 0x0861, 0x0861, 0x0841, 0x0020, 0x0000, 0x0000, 0x0841, 0x0861, 0x10A2, 0x18A2, 0x4121, 0x28A0,
  0x1020, 0x0820, 0x28A0, 0x30A0, 0x1860, 0x2880, 0x30C0, 0x1860, 0x0000, 0x0000, 0x0000, 0x0000, 0x0000, 0x0840, 0x1860, 0x0820,
  0x0000, 0x0000, 0x0000, 0x0800, 0x0800, 0x0820, 0x0820, 0x0000, 0x0000, 0x0000, 0x0000, 0x0000, 0x0000, 0x0000, 0x0000, 0x0000,
  0x0000, 0x0020, 0x0020, 0x0020, 0x0020, 0x0000, 0x0020, 0x0020, 0x0020, 0x0020, 0x0020, 0x0020, 0x0020, 0x0020, 0x0841, 0x0841,
  0x0841, 0x0841, 0x0841, 0x0841, 0x0841, 0x0841, 0x0841, 0x0841, 0x0841, 0x0841, 0x0841, 0x0861, 0x0861, 0x0861, 0x0861, 0x0861,
  0x0861, 0x0861, 0x0861, 0x0861, 0x0861, 0x0861, 0x0861, 0x0861, 0x0881, 0x0881, 0x0861, 0x1081, 0x1082, 0x1082, 0x1082, 0x10A2,
  0x18C3, 0x18E3, 0x20E3, 0x2104, 0x41A4, 0x8BAA, 0xD5F2, 0xC50C, 0x7A84, 0x4121, 0x20A0, 0x1040, 0x0820, 0x0820, 0x0841, 0x0841,
  0x0020, 0x0861, 0x10A2, 0x18C3, 0x18C3, 0x18E3, 0x10A2, 0x0861, 0x1082, 0x2104, 0x2124, 0x18E3, 0x10A2, 0x1082, 0x1082, 0x0861,
  0x0861, 0x0841, 0x0841, 0x0020, 0x0020, 0x0020, 0x0000, 0x0000, 0x0000, 0x0000, 0x0020, 0x0020, 0x0020, 0x0820, 0x0820, 0x0820,
  0x0820, 0x0820, 0x0820, 0x61C2, 0x51A3, 0x6224, 0x6A02, 0xCCEA, 0xF6B1, 0xC426, 0x71C0, 0x5160, 0x4920, 0x3900, 0x28A0, 0x2080,
  0x1880, 0x1860, 0x1060, 0x1040, 0x0820, 0x0000, 0x0000, 0x0000, 0x0020, 0x1082, 0x10A2, 0x18E4, 0x2125, 0x3186, 0x39E7, 0x632C,
  0x4228, 0x39C7, 0x3186, 0x630C, 0x7BCF, 0x4A49, 0x5ACB, 0x31A7, 0x39C7, 0x2124, 0x18C3, 0x1082, 0x0861, 0x0841, 0x0861, 0x31A6,
  0x52AB, 0x4A6A, 0x4A49, 0x39C7, 0x3186, 0x52AB, 0x528A, 0x2124, 0x2104, 0x10A2, 0x1082, 0x0020, 0x2945, 0x39C7, 0x3186, 0x39C7,
  0x2965, 0x2104, 0x2124, 0x18E3, 0x18C3, 0x18C3, 0x18C3, 0x10A2, 0x1082, 0x1082, 0x1082, 0x0861, 0x0841, 0x0841, 0x0821, 0x0000,
  0x0000, 0x10A3, 0x4142, 0xC405, 0x61C0, 0x30C0, 0x1060, 0x0820, 0x18E3, 0x8C72, 0x8C51, 0x7BD0, 0x6B4D, 0x528A, 0x4208, 0x2945,
  0x18C3, 0x10A2, 0x1082, 0x1082, 0x0861, 0x0841, 0x0841, 0x0020, 0x0000, 0x0000, 0x0841, 0x0841, 0x2124, 0x2944, 0x30E0, 0x2080,
  0x0820, 0x1840, 0x30C0, 0x2060, 0x2880, 0x38E0, 0x2080, 0x0000, 0x0000, 0x0000, 0x0000, 0x0000, 0x0840, 0x1060, 0x0820, 0x0000,
  0x0000, 0x0000, 0x0800, 0x0800, 0x0800, 0x1020, 0x0820, 0x0000, 0x0000, 0x0000, 0x0000, 0x0000, 0x0000, 0x0000, 0x0000, 0x0020,
  0x0020, 0x0020, 0x0020, 0x0020, 0x0020, 0x0020, 0x0020, 0x0020, 0x0020, 0x0020, 0x0841, 0x0841, 0x0841, 0x0841, 0x0841, 0x0841,
  0x0841, 0x0841, 0x0841, 0x0841, 0x0841, 0x0841, 0x0841, 0x0841, 0x0861, 0x0861, 0x0861, 0x0861, 0x0861, 0x0861, 0x0861, 0x0861,
  0x0861, 0x0861, 0x0861, 0x0861, 0x0861, 0x0861, 0x0881, 0x0881, 0x0861, 0x1081, 0x1082, 0x1082, 0x1082, 0x1082, 0x10A2, 0x18C3,
  0x18C3, 0x20E3, 0x2104, 0x3144, 0x6287, 0xB4EE, 0xDDF1, 0xB449, 0x6A22, 0x3901, 0x2080, 0x1040, 0x0820, 0x0820, 0x0840, 0x0841,
  0x0020, 0x0020, 0x1082, 0x18C3, 0x18C3, 0x18C3, 0x18E3, 0x10A2, 0x0861, 0x0861, 0x18E3, 0x2125, 0x2104, 0x18C3, 0x10A2, 0x1082,
  0x1082, 0x0861, 0x0861, 0x0841, 0x0841, 0x0020, 0x0020, 0x0020, 0x0000, 0x0020, 0x0000, 0x0000, 0x0000, 0x0020, 0x0020, 0x0020,
  0x0820, 0x0820, 0x2880, 0x51A2, 0x7AA5, 0x6A22, 0xCCC9, 0xFF11, 0xCC67, 0x7A00, 0x5160, 0x4920, 0x4100, 0x30C0, 0x20A0, 0x2080,
  0x1880, 0x1060, 0x1060, 0x0840, 0x0000, 0x0000, 0x0000, 0x0000, 0x0020, 0x0841, 0x1082, 0x1082, 0x18C3, 0x2104, 0x2125, 0x1904,
  0x2104, 0x2966, 0x18E4, 0x2104, 0x2124, 0x2104, 0x18C3, 0x18C3, 0x1082, 0x10A2, 0x0861, 0x0861, 0x0841, 0x0861, 0x2945, 0x4A6A,
  0x4A6A, 0x39C7, 0x4A49, 0x39C7, 0x3186, 0x4A69, 0x2966, 0x3186, 0x2925, 0x1082, 0x0020, 0x0862, 0x2966, 0x41E8, 0x39E7, 0x39C7,
  0x2965, 0x2104, 0x20E4, 0x18C3, 0x18C3, 0x18E3, 0x2104, 0x20E3, 0x1082, 0x1082, 0x18E3, 0x1082, 0x0841, 0x0841, 0x0841, 0x0000,
  0x0000, 0x0861, 0x20C1, 0xAB84, 0x7221, 0x3900, 0x1860, 0x0000, 0x2124, 0x7BCF, 0x8C51, 0x8451, 0x632D, 0x528A, 0x39E7, 0x2945,
  0x18E3, 0x10A2, 0x1082, 0x0861, 0x0861, 0x0841, 0x0840, 0x0020, 0x0020, 0x0000, 0x0020, 0x0020, 0x18C3, 0x20E3, 0x28A0, 0x1860,
  0x0820, 0x2060, 0x2880, 0x2880, 0x38E0, 0x28A0, 0x0000, 0x0000, 0x0000, 0x0000, 0x0000, 0x0840, 0x1060, 0x0820, 0x0000, 0x0000,
  0x0000, 0x0800, 0x0800, 0x0800, 0x0820, 0x1020, 0x0800, 0x0000, 0x0000, 0x0000, 0x0000, 0x0000, 0x0000, 0x0020, 0x0020, 0x0020,
  0x0020, 0x0020, 0x0020, 0x0040, 0x0841, 0x0020, 0x0020, 0x0841, 0x0841, 0x0841, 0x0841, 0x0841, 0x0841, 0x0841, 0x0841, 0x0841,
  0x0841, 0x0841, 0x0841, 0x0841, 0x0841, 0x0861, 0x0861, 0x0861, 0x0861, 0x0861, 0x0861, 0x0861, 0x0861, 0x0861, 0x0861, 0x0861,
  0x0861, 0x0861, 0x0861, 0x0861, 0x0861, 0x0881, 0x0861, 0x0861, 0x1081, 0x1082, 0x1082, 0x1082, 0x1082, 0x10A2, 0x18C3, 0x18C3,
  0x20E3, 0x2104, 0x2924, 0x49E5, 0x8BAA, 0xCDB1, 0xD5AF, 0xA3A7, 0x61C2, 0x38E1, 0x2080, 0x1040, 0x0820, 0x0820, 0x0820, 0x0841,
  0x0841, 0x0020, 0x0861, 0x10A2, 0x18C3, 0x18C3, 0x18C3, 0x18C3, 0x10A2, 0x0861, 0x0861, 0x18C3, 0x2124, 0x2124, 0x18E3, 0x10A2,
  0x10A2, 0x1082, 0x1082, 0x0861, 0x0861, 0x0841, 0x0841, 0x0020, 0x0020, 0x0020, 0x0020, 0x0000, 0x0000, 0x0000, 0x0000, 0x0020,
  0x0020, 0x6181, 0x61C2, 0x7264, 0x7A63, 0xD50A, 0xFF52, 0xD4A7, 0x8220, 0x5980, 0x4940, 0x4120, 0x38E0, 0x28C0, 0x20A1, 0x2081,
  0x1860, 0x1040, 0x0840, 0x0020, 0x0000, 0x0000, 0x0000, 0x0000, 0x0000, 0x0841, 0x0020, 0x0840, 0x0841, 0x0861, 0x0861, 0x0020,
  0x0841, 0x0841, 0x0861, 0x0861, 0x10A2, 0x1082, 0x1081, 0x1082, 0x1082, 0x10A2, 0x0861, 0x0841, 0x1082, 0x2966, 0x4A49, 0x52AA,
  0x6B4D, 0x5AEC, 0x4A69, 0x4229, 0x2945, 0x39C7, 0x2965, 0x2945, 0x18C3, 0x0841, 0x0000, 0x2125, 0x39C7, 0x31A6, 0x2945, 0x2145,
  0x2124, 0x18E3, 0x2104, 0x18C3, 0x18E3, 0x2104, 0x18C3, 0x18E3, 0x1082, 0x10A2, 0x10A2, 0x0841, 0x0841, 0x0861, 0x1082, 0x0000,
  0x0000, 0x0020, 0x0820, 0x7A62, 0x7A42, 0x4120, 0x2080, 0x0800, 0x2965, 0x73AF, 0x6B4D, 0x5AEC, 0x528A, 0x5AEB, 0x39E8, 0x2965,
  0x2124, 0x18C3, 0x10A2, 0x1082, 0x1082, 0x0841, 0x0841, 0x0020, 0x0000, 0x0000, 0x0020, 0x0861, 0x0882, 0x1081, 0x28A0, 0x1860,
  0x1020, 0x2080, 0x2880, 0x38C0, 0x30A0, 0x0000, 0x0000, 0x0000, 0x0000, 0x0000, 0x0841, 0x1060, 0x0800, 0x0000, 0x0000, 0x0000,
  0x0000, 0x0800, 0x0820, 0x0800, 0x1020, 0x1020, 0x0000, 0x0000, 0x0000, 0x0000, 0x0000, 0x0000, 0x0000, 0x0020, 0x0020, 0x0020,
  0x0020, 0x0020, 0x0841, 0x0841, 0x0841, 0x0840, 0x0020, 0x0841, 0x0841, 0x0841, 0x0841, 0x0841, 0x0841, 0x0841, 0x0841, 0x0841,
  0x0841, 0x0841, 0x0841, 0x0861, 0x0861, 0x0861, 0x0861, 0x0861, 0x0861, 0x0861, 0x0861, 0x0861, 0x0861, 0x0861, 0x0861, 0x0861,
  0x0861, 0x0861, 0x0861, 0x0881, 0x0881, 0x0861, 0x0861, 0x1082, 0x1082, 0x1082, 0x1082, 0x1082, 0x10A2, 0x18C3, 0x18C3, 0x18E3,
  0x2104, 0x2124, 0x3984, 0x6AA7, 0xACAE, 0xD611, 0xCD2D, 0x9325, 0x59A1, 0x30E1, 0x1880, 0x1060, 0x0840, 0x0820, 0x0820, 0x0841,
  0x0841, 0x0020, 0x0020, 0x0881, 0x10A2, 0x18C3, 0x18C3, 0x18C3, 0x18C3, 0x10A2, 0x0861, 0x0861, 0x10A2, 0x2104, 0x2125, 0x2104,
  0x18C3, 0x10A2, 0x1082, 0x1082, 0x1081, 0x0861, 0x0861, 0x0841, 0x0841, 0x0820, 0x0020, 0x0020, 0x0020, 0x0000, 0x0020, 0xA303,
  0x4941, 0x4941, 0x7264, 0x7263, 0xD52B, 0xFF52, 0xCC87, 0x8220, 0x61A1, 0x5160, 0x4100, 0x38E0, 0x28C0, 0x20A1, 0x2081, 0x1881,
  0x1040, 0x0820, 0x0020, 0x0000, 0x0000, 0x0000, 0x0020, 0x0841, 0x0861, 0x10A2, 0x18C3, 0x10A2, 0x2104, 0x2104, 0x10A2, 0x1082,
  0x18C3, 0x2104, 0x2124, 0x18C3, 0x10C2, 0x1082, 0x1082, 0x10A2, 0x10A2, 0x0861, 0x0841, 0x18E3, 0x31C7, 0x39E8, 0x528A, 0x632D,
  0x5AEC, 0x4A6A, 0x4229, 0x4208, 0x3186, 0x3186, 0x31A7, 0x18C3, 0x10A2, 0x0000, 0x0841, 0x31A6, 0x4229, 0x31A7, 0x2945, 0x2104,
  0x18C3, 0x18E3, 0x18C3, 0x18C3, 0x2104, 0x18E3, 0x2124, 0x18E3, 0x1082, 0x18C3, 0x18E3, 0x0841, 0x0020, 0x0861, 0x0020, 0x0000,
  0x0000, 0x0861, 0x0861, 0x5181, 0x7A62, 0x4120, 0x28C0, 0x0840, 0x2965, 0x7BF0, 0x73AF, 0x632D, 0x52AB, 0x4208, 0x3186, 0x2945,
  0x18E3, 0x10A2, 0x1082, 0x0861, 0x0861, 0x0841, 0x0021, 0x0020, 0x0000, 0x0000, 0x0841, 0x10A2, 0x18E3, 0x18A1, 0x28A0, 0x1840,
  0x1840, 0x28A0, 0x38E0, 0x38C0, 0x0820, 0x0000, 0x0000, 0x0000, 0x0000, 0x0841, 0x1061, 0x0800, 0x0000, 0x0000, 0x0000, 0x0000,
  0x0800, 0x0820, 0x0820, 0x0820, 0x1040, 0x0820, 0x0000, 0x0000, 0x0000, 0x0000, 0x0000, 0x0000, 0x0000, 0x0000, 0x0020, 0x0020,
  0x0020, 0x0020, 0x0841, 0x0841, 0x0841, 0x0841, 0x0841, 0x0841, 0x0841, 0x0841, 0x0841, 0x0841, 0x0841, 0x0841, 0x0841, 0x0841,
  0x0861, 0x0861, 0x0861, 0x0861, 0x0861, 0x0861, 0x0861, 0x0861, 0x0861, 0x0861, 0x0861, 0x0861, 0x0861, 0x0861, 0x0861, 0x0861,
  0x0861, 0x0881, 0x0881, 0x0861, 0x0861, 0x1081, 0x1082, 0x1082, 0x1082, 0x1082, 0x10A2, 0x10A2, 0x18C2, 0x18C3, 0x18E3, 0x20E3,
  0x2104, 0x3144, 0x5205, 0x8BAA, 0xC590, 0xD5F0, 0xBC8A, 0x82C4, 0x5161, 0x30E1, 0x1880, 0x1060, 0x0840, 0x0820, 0x0820, 0x0840,
  0x0841, 0x0841, 0x0020, 0x0841, 0x1082, 0x18C3, 0x18C3, 0x18C3, 0x18E3, 0x18C3, 0x10A2, 0x1082, 0x0861, 0x1082, 0x18E3, 0x2125,
  0x2124, 0x18E3, 0x18C3, 0x10A2, 0x1082, 0x1082, 0x0861, 0x0861, 0x0861, 0x0841, 0x0841, 0x0820, 0x0020, 0x0020, 0x8283, 0x8242,
  0x61A1, 0x6A44, 0x82C4, 0xD50A, 0xFF32, 0xCC87, 0x8221, 0x61A1, 0x5980, 0x4100, 0x30C0, 0x28C0, 0x28A1, 0x20A1, 0x1881, 0x1060,
  0x0840, 0x0020, 0x0000, 0x0000, 0x0000, 0x0040, 0x1082, 0x18E3, 0x2145, 0x2965, 0x2945, 0x2966, 0x39C7, 0x3186, 0x2965, 0x2965,
  0x2945, 0x31A6, 0x31A6, 0x2965, 0x2104, 0x10A2, 0x0861, 0x1082, 0x0861, 0x0841, 0x2966, 0x52AB, 0x630C, 0x4A6A, 0x738E, 0x6B4D,
  0x630C, 0x5ACB, 0x52AA, 0x4208, 0x2965, 0x2104, 0x2104, 0x18C3, 0x0861, 0x0841, 0x2124, 0x39C7, 0x5269, 0x4228, 0x2945, 0x2124,
  0x2104, 0x2104, 0x18E3, 0x18E3, 0x18C3, 0x2104, 0x2124, 0x39C7, 0x18E3, 0x10A2, 0x10A2, 0x0861, 0x0020, 0x1041, 0x0000, 0x0000,
  0x0000, 0x0020, 0x10A2, 0x3101, 0x7A62, 0x4940, 0x30C0, 0x0800, 0x3186, 0x738E, 0x630C, 0x5AEC, 0x4A69, 0x4A49, 0x3186, 0x18E3,
  0x18C3, 0x1082, 0x1082, 0x0861, 0x0861, 0x0841, 0x0020, 0x0020, 0x0000, 0x0000, 0x0020, 0x1082, 0x10C3, 0x1060, 0x2080, 0x1020,
  0x2060, 0x38E0, 0x38E0, 0x1040, 0x0000, 0x0000, 0x0000, 0x0000, 0x0840, 0x1081, 0x0820, 0x0000, 0x0000, 0x0000, 0x0000, 0x0000,
  0x0820, 0x1020, 0x0820, 0x1020, 0x1860, 0x0800, 0x0000, 0x0000, 0x0000, 0x0020, 0x0020, 0x0000, 0x0000, 0x0020, 0x0020, 0x0020,
  0x0020, 0x0020, 0x0841, 0x0841, 0x0841, 0x0841, 0x0841, 0x0841, 0x0841, 0x0841, 0x0841, 0x0841, 0x0841, 0x0861, 0x0861, 0x0861,
  0x0861, 0x0861, 0x0861, 0x0861, 0x0861, 0x0861, 0x0861, 0x0861, 0x0861, 0x0861, 0x0861, 0x0861, 0x0861, 0x0861, 0x0861, 0x0881,
  0x0881, 0x0881, 0x0861, 0x0861, 0x1081, 0x1082, 0x1082, 0x1082, 0x1082, 0x10A2, 0x10A2, 0x18C2, 0x18C3, 0x18E3, 0x20E3, 0x2104,
  0x2924, 0x41A4, 0x72C7, 0xAC8D, 0xD5F2, 0xD5AF, 0xAC08, 0x7263, 0x4941, 0x28C1, 0x1880, 0x1060, 0x0840, 0x0820, 0x0020, 0x0840,
  0x0841, 0x0841, 0x0020, 0x0020, 0x0861, 0x10A2, 0x18C3, 0x18C3, 0x18C3, 0x18E3, 0x18C3, 0x10A2, 0x1082, 0x0861, 0x1082, 0x18C3,
  0x2124, 0x2124, 0x2104, 0x18C3, 0x10A2, 0x10A2, 0x1082, 0x1082, 0x0861, 0x0861, 0x0861, 0x0841, 0x8A42, 0x61A1, 0x9282, 0x40E0,
  0x49A2, 0x8283, 0xDD4B, 0xFF32, 0xC466, 0x7A20, 0x61C1, 0x5160, 0x4100, 0x30C0, 0x28C0, 0x28C1, 0x20A1, 0x1881, 0x1860, 0x1060,
  0x0820, 0x0000, 0x0000, 0x0000, 0x0820, 0x1082, 0x18E4, 0x2145, 0x4A49, 0x4208, 0x4228, 0x5AEB, 0x4A6A, 0x4208, 0x31A6, 0x39E7,
  0x4249, 0x4208, 0x4208, 0x4229, 0x2125, 0x10C3, 0x1082, 0x0861, 0x1082, 0x3186, 0x634D, 0x73AF, 0x632D, 0x73AF, 0x7BF0, 0x7BF0,
  0x8410, 0x5AEC, 0x4A49, 0x39C7, 0x2965, 0x18E3, 0x10A2, 0x10A2, 0x0020, 0x18E3, 0x4229, 0x528A, 0x4208, 0x5ACB, 0x4228, 0x2104,
  0x1904, 0x18E3, 0x2104, 0x3186, 0x18E3, 0x2965, 0x4208, 0x3186, 0x18C3, 0x10A2, 0x0861, 0x0841, 0x0020, 0x0841, 0x0000, 0x0000,
  0x0000, 0x0000, 0x10A2, 0x1881, 0x7242, 0x5180, 0x38E0, 0x0820, 0x2965, 0x6B6E, 0x52CB, 0x4A69, 0x4A6A, 0x2986, 0x2104, 0x18E3,
  0x10A2, 0x1082, 0x0841, 0x0861, 0x0841, 0x0841, 0x0020, 0x0000, 0x0000, 0x0000, 0x0841, 0x1082, 0x0882, 0x1860, 0x1040, 0x1040,
  0x38C0, 0x4100, 0x2060, 0x0000, 0x0000, 0x0000, 0x0000, 0x0020, 0x1081, 0x0820, 0x0000, 0x0000, 0x0000, 0x0000, 0x0000, 0x0800,
  0x1020, 0x1020, 0x0800, 0x1860, 0x1840, 0x0000, 0x0000, 0x0000, 0x0000, 0x0000, 0x0000, 0x0000, 0x0020, 0x0020, 0x0020, 0x0020,
  0x0020, 0x0020, 0x0841, 0x0841, 0x0841, 0x0841, 0x0841, 0x0841, 0x0841, 0x0841, 0x0861, 0x0861, 0x0861, 0x0861, 0x0861, 0x0861,
  0x0861, 0x0861, 0x0861, 0x0861, 0x0861, 0x0861, 0x0861, 0x0861, 0x0861, 0x0861, 0x0861, 0x0861, 0x0861, 0x0861, 0x0881, 0x0881,
  0x0861, 0x0861, 0x1081, 0x1082, 0x1082, 0x1082, 0x1082, 0x1082, 0x10A2, 0x10A2, 0x18C2, 0x18C3, 0x18E3, 0x20E3, 0x2104, 0x2924,
  0x3164, 0x5225, 0x8BAA, 0xBD50, 0xDE11, 0xCD2D, 0x9B87, 0x6A02, 0x4141, 0x28C1, 0x1880, 0x1060, 0x0840, 0x0820, 0x0820, 0x0820,
  0x0841, 0x0841, 0x0841, 0x0020, 0x0841, 0x1082, 0x10A2, 0x18C3, 0x18C3, 0x18C3, 0x18E3, 0x18C3, 0x10A2, 0x1082, 0x0861, 0x0861,
  0x10C3, 0x2104, 0x2125, 0x2124, 0x18E3, 0x18C3, 0x10A2, 0x1082, 0x1082, 0x1082, 0x0861, 0x9AC3, 0x9AC2, 0x7A02, 0x69A1, 0x7243,
  0x82A4, 0xDD8B, 0xFF10, 0xC446, 0x7A21, 0x61A0, 0x5960, 0x4120, 0x30C0, 0x28C0, 0x28C1, 0x20A1, 0x1881, 0x1060, 0x1060, 0x0840,
  0x0000, 0x0000, 0x0000, 0x0020, 0x1082, 0x18E4, 0x2966, 0x31A6, 0x5AEB, 0x52AB, 0x634D, 0x4A6A, 0x5AEB, 0x5ACB, 0x39C7, 0x52AB,
  0x73AE, 0x4A6A, 0x630C, 0x5ACB, 0x2125, 0x18E3, 0x1082, 0x0861, 0x2124, 0x632D, 0x9493, 0x8411, 0x5ACB, 0x7C10, 0x8C72, 0x7BCF,
  0x8C51, 0x4A6A, 0x39E8, 0x2965, 0x2104, 0x10A2, 0x0861, 0x0020, 0x0882, 0x4208, 0x4A49, 0x5AEB, 0x630C, 0x4A6A, 0x528A, 0x3186,
  0x1904, 0x10A2, 0x2104, 0x3186, 0x2104, 0x1903, 0x2945, 0x18E3, 0x18C3, 0x10A2, 0x0861, 0x0841, 0x0841, 0x1082, 0x0000, 0x0000,
  0x0000, 0x0000, 0x18C3, 0x0861, 0x51A2, 0x61C1, 0x4120, 0x1040, 0x2965, 0x630C, 0x5ACB, 0x4228, 0x52AA, 0x31A6, 0x2104, 0x18C3,
  0x10A2, 0x0861, 0x0861, 0x0841, 0x0020, 0x0020, 0x0020, 0x0000, 0x0000, 0x0000, 0x0841, 0x1082, 0x0861, 0x1860, 0x1020, 0x30A0,
  0x4900, 0x30A0, 0x0000, 0x0000, 0x0000, 0x0000, 0x0000, 0x1061, 0x1040, 0x0000, 0x0000, 0x0000, 0x0000, 0x0000, 0x0000, 0x0820,
  0x1020, 0x0820, 0x0820, 0x2060, 0x1020, 0x0000, 0x0000, 0x0000, 0x0000, 0x0000, 0x0000, 0x0000, 0x0020, 0x0020, 0x0020, 0x0020,
  0x0020, 0x0020, 0x0841, 0x0841, 0x0841, 0x0841, 0x0861, 0x0841, 0x0841, 0x0861, 0x0861, 0x0861, 0x0861, 0x0861, 0x0861, 0x0861,
  0x0861, 0x0861, 0x0861, 0x0861, 0x0861, 0x0861, 0x0861, 0x0861, 0x0861, 0x0861, 0x0861, 0x0861, 0x0881, 0x0881, 0x0881, 0x0861,
  0x0861, 0x1081, 0x1082, 0x1082, 0x1082, 0x1082, 0x1082, 0x10A2, 0x10A2, 0x18C2, 0x18C3, 0x18E3, 0x20E3, 0x2104, 0x2104, 0x3144,
  0x49C5, 0x72E8, 0xA46D, 0xD5D1, 0xD5F0, 0xBCAB, 0x9325, 0x61E2, 0x4121, 0x28C1, 0x1880, 0x1060, 0x0840, 0x0820, 0x0820, 0x0820,
  0x0840, 0x0841, 0x0841, 0x0020, 0x0020, 0x0861, 0x1082, 0x18C2, 0x18C3, 0x18C3, 0x18C3, 0x18E3, 0x18C3, 0x10C2, 0x1082, 0x0861,
  0x0861, 0x10A2, 0x18E4, 0x2125, 0x2124, 0x2104, 0x18C3, 0x10A2, 0x10A2, 0x1082, 0x7A01, 0x9AE3, 0x5981, 0x4101, 0x7A43, 0x92E4,
  0xEDED, 0xFF10, 0xBC05, 0x7A01, 0x61A0, 0x5160, 0x4120, 0x30E0, 0x28C0, 0x28C1, 0x20A1, 0x1881, 0x1860, 0x1040, 0x0820, 0x0000,
  0x0000, 0x0000, 0x0020, 0x0861, 0x18E3, 0x3186, 0x2965, 0x4A69, 0x7BF0, 0x52AB, 0x5ACB, 0x41E8, 0x52AA, 0x4A49, 0x31A6, 0x528A,
  0x4A6A, 0x4A49, 0x4A6A, 0x528A, 0x2124, 0x1082, 0x0861, 0x0861, 0x10A2, 0x2125, 0x5AEC, 0x8C92, 0x632D, 0x7BCF, 0x7BF0, 0x5AEC,
  0x630C, 0x4A6A, 0x39C7, 0x2104, 0x18C3, 0x10A2, 0x0841, 0x0841, 0x3186, 0x4A49, 0x4208, 0x528A, 0x4229, 0x4229, 0x4228, 0x4A69,
  0x2965, 0x2104, 0x2124, 0x18E3, 0x1082, 0x10A2, 0x18C3, 0x2945, 0x18C3, 0x10A2, 0x1082, 0x0841, 0x0861, 0x0020, 0x0000, 0x0000,
  0x0000, 0x0000, 0x0861, 0x1082, 0x20C1, 0x59C2, 0x4120, 0x1060, 0x2945, 0x6B6E, 0x5ACB, 0x4229, 0x4A6A, 0x31C7, 0x2104, 0x18E3,
  0x1082, 0x1082, 0x0861, 0x0841, 0x0841, 0x0020, 0x0020, 0x0000, 0x0000, 0x0020, 0x0861, 0x1082, 0x0840, 0x1040, 0x1860, 0x4920,
  0x40E0, 0x0820, 0x0000, 0x0000, 0x0000, 0x0000, 0x1061, 0x1060, 0x0000, 0x0000, 0x0000, 0x0000, 0x0000, 0x0000, 0x0820, 0x1020,
  0x0820, 0x0800, 0x1860, 0x2060, 0x0800, 0x0000, 0x0020, 0x0000, 0x0000, 0x0020, 0x0020, 0x0020, 0x0020, 0x0020, 0x0020, 0x0020,
  0x0021, 0x0841, 0x0841, 0x0841, 0x0861, 0x0861, 0x0861, 0x0861, 0x0841, 0x0861, 0x0861, 0x0861, 0x0861, 0x0861, 0x0861, 0x0861,
  0x0861, 0x0861, 0x0861, 0x0861, 0x0861, 0x0861, 0x0861, 0x0861, 0x0861, 0x0861, 0x0881, 0x0881, 0x0881, 0x0861, 0x0861, 0x1081,
  0x1082, 0x1082, 0x1082, 0x1082, 0x1082, 0x1082, 0x10A2, 0x10A2, 0x18C2, 0x18C3, 0x18C3, 0x20E3, 0x20E3, 0x2104, 0x2924, 0x3984,
  0x5A46, 0x8BAA, 0xBD2F, 0xD612, 0xD58F, 0xB449, 0x82C4, 0x59A2, 0x3901, 0x28C1, 0x1880, 0x1060, 0x0840, 0x0820, 0x0820, 0x0820,
  0x0840, 0x0841, 0x0841, 0x0820, 0x0020, 0x0020, 0x0881, 0x10A2, 0x18C3, 0x18C3, 0x18C3, 0x18C3, 0x18E3, 0x18C3, 0x10C2, 0x1082,
  0x0861, 0x0861, 0x1082, 0x18E3, 0x2124, 0x2124, 0x2104, 0x18E3, 0x6181, 0x30C0, 0x3080, 0x7202, 0x7222, 0x59A2, 0x9325, 0xF64F,
  0xFEAE, 0xB3A4, 0x7A01, 0x61A0, 0x5160, 0x4940, 0x30E0, 0x28C0, 0x28C1, 0x20A1, 0x20A1, 0x1881, 0x1060, 0x0840, 0x0000, 0x0000,
  0x0000, 0x0020, 0x0861, 0x1903, 0x2104, 0x31A6, 0x3186, 0x4229, 0x4A49, 0x39C7, 0x3186, 0x2945, 0x2125, 0x18C3, 0x18C3, 0x10A2,
  0x18E3, 0x18E3, 0x18C3, 0x2104, 0x10A2, 0x0841, 0x0841, 0x0841, 0x1082, 0x1082, 0x10A2, 0x2966, 0x31A7, 0x630D, 0x7BD0, 0x632D,
  0x630C, 0x4A49, 0x31A7, 0x18E3, 0x18C3, 0x0861, 0x0841, 0x2945, 0x4A6A, 0x4A49, 0x5AEB, 0x5ACB, 0x4208, 0x630C, 0x4228, 0x4207,
  0x31A6, 0x1904, 0x18E3, 0x10A2, 0x18C3, 0x1081, 0x10A2, 0x39C7, 0x18C3, 0x1082, 0x0861, 0x0841, 0x0841, 0x0000, 0x0000, 0x0000,
  0x0000, 0x0000, 0x0020, 0x18C3, 0x0020, 0x4183, 0x4141, 0x1880, 0x2924, 0x528A, 0x4A6A, 0x4A49, 0x39C7, 0x2945, 0x18E3, 0x10A2,
  0x10A2, 0x1082, 0x0841, 0x0861, 0x0841, 0x0020, 0x0000, 0x0000, 0x0000, 0x0020, 0x0861, 0x0861, 0x0820, 0x1020, 0x38E0, 0x5120,
  0x1840, 0x0000, 0x0000, 0x0000, 0x0000, 0x0841, 0x1061, 0x0000, 0x0000, 0x0000, 0x0000, 0x0000, 0x0000, 0x0820, 0x1040, 0x0820,
  0x0800, 0x0820, 0x2880, 0x1840, 0x0000, 0x0020, 0x0020, 0x0000, 0x0000, 0x0020, 0x0020, 0x0020, 0x0020, 0x0020, 0x0020, 0x0020,
  0x0841, 0x0841, 0x0841, 0x0841, 0x0861, 0x0861, 0x0861, 0x1082, 0x0861, 0x0861, 0x0861, 0x0861, 0x0861, 0x0861, 0x0861, 0x0861,
  0x0861, 0x0861, 0x0861, 0x0861, 0x0861, 0x0861, 0x0861, 0x0861, 0x0861, 0x0881, 0x0881, 0x0861, 0x0861, 0x0861, 0x1081, 0x1082,
  0x1082, 0x1082, 0x1082, 0x1082, 0x1082, 0x10A2, 0x10A2, 0x10C2, 0x18C3, 0x18C3, 0x18E3, 0x20E3, 0x2104, 0x2924, 0x3144, 0x49E5,
  0x7308, 0xA46D, 0xCDB1, 0xDDF1, 0xCD4D, 0xA3C8, 0x7A83, 0x5181, 0x3901, 0x28A0, 0x1880, 0x1060, 0x1040, 0x0820, 0x0820, 0x0020,
  0x0840, 0x0841, 0x0841, 0x0841, 0x0020, 0x0020, 0x0841, 0x1082, 0x10A2, 0x18C3, 0x18C3, 0x18C3, 0x18C3, 0x18E3, 0x18C3, 0x10C3,
  0x1082, 0x0861, 0x0861, 0x1082, 0x18C3, 0x2104, 0x2125, 0x5141, 0x38E1, 0x5961, 0x38E0, 0x5182, 0x7202, 0xABA6, 0xFED0, 0xFE6E,
  0xB363, 0x7201, 0x61A0, 0x5140, 0x4940, 0x3900, 0x28C0, 0x28A1, 0x20A1, 0x20A1, 0x1881, 0x1061, 0x0840, 0x0000, 0x0000, 0x0000,
  0x0000, 0x0000, 0x0841, 0x18C3, 0x18E3, 0x2124, 0x2124, 0x2124, 0x2104, 0x18C2, 0x0861, 0x1082, 0x0841, 0x0841, 0x0861, 0x0861,
  0x1082, 0x10A2, 0x0861, 0x1082, 0x0861, 0x0820, 0x0841, 0x0862, 0x10A3, 0x18C3, 0x10A2, 0x10A2, 0x1082, 0x2125, 0x5AEC, 0x5AEC,
  0x4A49, 0x4229, 0x2945, 0x10A2, 0x1082, 0x0020, 0x2104, 0x4229, 0x52AB, 0x39E8, 0x4A49, 0x6B4D, 0x630C, 0x4208, 0x4228, 0x39C7,
  0x3186, 0x4208, 0x31A6, 0x1082, 0x2124, 0x18C3, 0x2124, 0x2104, 0x0861, 0x1082, 0x0841, 0x0020, 0x0861, 0x0000, 0x0000, 0x0000,
  0x0000, 0x0000, 0x0000, 0x10A2, 0x0000, 0x20E3, 0x41A4, 0x30E0, 0x2103, 0x4A6A, 0x4A49, 0x39E7, 0x2966, 0x2945, 0x10A2, 0x1082,
  0x1082, 0x0861, 0x0841, 0x0841, 0x0841, 0x0020, 0x0000, 0x0000, 0x0000, 0x0020, 0x0841, 0x0840, 0x0000, 0x2080, 0x5140, 0x30A0,
  0x0000, 0x0000, 0x0000, 0x0000, 0x0840, 0x1881, 0x0820, 0x0000, 0x0000, 0x0000, 0x0000, 0x0000, 0x0820, 0x1020, 0x1020, 0x0820,
  0x0820, 0x2060, 0x28A0, 0x0820, 0x0000, 0x0020, 0x0020, 0x0000, 0x0020, 0x0020, 0x0020, 0x0020, 0x0020, 0x0020, 0x0020, 0x0041,
  0x0841, 0x0841, 0x0841, 0x0841, 0x0861, 0x0861, 0x0861, 0x1082, 0x0861, 0x0861, 0x0861, 0x0861, 0x0861, 0x0861, 0x0861, 0x0861,
  0x0861, 0x0861, 0x0861, 0x0861, 0x0861, 0x0861, 0x0861, 0x0881, 0x0881, 0x0881, 0x0861, 0x0861, 0x1081, 0x1081, 0x1082, 0x1082,
  0x1082, 0x1082, 0x1082, 0x1082, 0x10A2, 0x10A2, 0x10A2, 0x18C3, 0x18C3, 0x18E3, 0x20E3, 0x2104, 0x2104, 0x2924, 0x41A4, 0x6266,
  0x8BAA, 0xB50F, 0xD5F2, 0xD5D0, 0xC4CB, 0x9B86, 0x7243, 0x5161, 0x3901, 0x28A0, 0x1880, 0x1060, 0x1040, 0x0820, 0x0820, 0x0020,
  0x0820, 0x0840, 0x0841, 0x0841, 0x0020, 0x0020, 0x0020, 0x0861, 0x1082, 0x10A2, 0x18C3, 0x18C3, 0x18C3, 0x18C3, 0x18E3, 0x18C3,
  0x10C3, 0x1082, 0x0861, 0x0861, 0x0861, 0x30C0, 0x38E1, 0x4101, 0x1840, 0x5161, 0x7263, 0x7A82, 0xC488, 0xFF32, 0xEDEB, 0xAB23,
  0x7A41, 0x5980, 0x4940, 0x4920, 0x3900, 0x28C0, 0x28C1, 0x20A1, 0x20A1, 0x1881, 0x1060, 0x0840, 0x0020, 0x0000, 0x0000, 0x0000,
  0x0000, 0x0000, 0x0020, 0x0020, 0x0841, 0x0821, 0x0020, 0x0020, 0x0861, 0x10A2, 0x18E3, 0x2104, 0x31A6, 0x10A2, 0x2104, 0x4229,
  0x4208, 0x2965, 0x2965, 0x10A2, 0x0841, 0x0861, 0x0861, 0x1082, 0x18C3, 0x18E4, 0x10A2, 0x10A2, 0x1082, 0x0861, 0x2124, 0x4229,
  0x39E8, 0x3186, 0x2104, 0x0841, 0x0000, 0x2104, 0x4A29, 0x62EC, 0x4A49, 0x2124, 0x2124, 0x4A8A, 0x5AEB, 0x528A, 0x52AA, 0x4A49,
  0x3186, 0x3186, 0x2986, 0x18E3, 0x39C7, 0x2104, 0x10A2, 0x18C2, 0x1082, 0x0841, 0x0841, 0x0841, 0x0861, 0x0000, 0x0000, 0x0000,
  0x0000, 0x0000, 0x0000, 0x1082, 0x0841, 0x0841, 0x39A6, 0x3942, 0x3123, 0x5ACB, 0x4229, 0x39C7, 0x2965, 0x2104, 0x18C3, 0x1082,
  0x0861, 0x0841, 0x0861, 0x0841, 0x0020, 0x0020, 0x0020, 0x0000, 0x0000, 0x0020, 0x0841, 0x0020, 0x1040, 0x4920, 0x4920, 0x0820,
  0x0000, 0x0000, 0x0000, 0x0020, 0x1081, 0x1040, 0x0000, 0x0000, 0x0000, 0x0000, 0x0000, 0x0800, 0x1020, 0x1020, 0x0800, 0x0820,
  0x1040, 0x30C0, 0x1860, 0x0000, 0x0020, 0x0020, 0x0000, 0x0020, 0x0020, 0x0020, 0x0020, 0x0020, 0x0020, 0x0020, 0x0841, 0x0841,
  0x0841, 0x0841, 0x0841, 0x0841, 0x0861, 0x0861, 0x0861, 0x0861, 0x1082, 0x0861, 0x0861, 0x0841, 0x0861, 0x0861, 0x0861, 0x0861,
  0x0861, 0x0861, 0x0861, 0x0861, 0x0861, 0x0881, 0x0881, 0x0881, 0x0861, 0x0861, 0x0861, 0x1081, 0x1082, 0x1082, 0x1082, 0x1082,
  0x1082, 0x1082, 0x1082, 0x10A2, 0x10A2, 0x10A2, 0x18C3, 0x18C3, 0x18E3, 0x20E3, 0x2104, 0x2104, 0x2924, 0x3964, 0x51E5, 0x7B08,
  0xA44C, 0xC590, 0xD611, 0xD58F, 0xB46A, 0x9325, 0x6A02, 0x4961, 0x30E1, 0x20A0, 0x1880, 0x1060, 0x1040, 0x0820, 0x0820, 0x0820,
  0x0820, 0x0840, 0x0841, 0x0841, 0x0841, 0x0020, 0x0020, 0x0841, 0x1081, 0x10A2, 0x18C3, 0x18C3, 0x18C3, 0x18C3, 0x18C3, 0x18E3,
  0x18C3, 0x10C3, 0x1082, 0x61C2, 0x5141, 0x2080, 0x0000, 0x1020, 0x59A2, 0x7222, 0x82A2, 0xD54A, 0xFF52, 0xE56A, 0x9AC2, 0x7201,
  0x59A0, 0x5160, 0x4940, 0x3900, 0x28C0, 0x28A1, 0x20A1, 0x2081, 0x1881, 0x1060, 0x0840, 0x0020, 0x0000, 0x0000, 0x0000, 0x0000,
  0x0020, 0x0861, 0x0861, 0x0841, 0x0020, 0x0000, 0x0020, 0x0861, 0x31C7, 0x4208, 0x39E8, 0x632D, 0x4A49, 0x18C3, 0x2104, 0x4A49,
  0x528A, 0x2966, 0x4A69, 0x39C7, 0x0841, 0x0861, 0x0861, 0x1082, 0x10A2, 0x18C3, 0x10A2, 0x10C3, 0x10A2, 0x18C3, 0x0861, 0x2124,
  0x31A7, 0x2104, 0x1082, 0x0000, 0x0861, 0x39C7, 0x4208, 0x4A69, 0x4A49, 0x3186, 0x2104, 0x39C7, 0x4229, 0x630C, 0x634D, 0x5ACB,
  0x2124, 0x2124, 0x3186, 0x2124, 0x2965, 0x10A2, 0x18E3, 0x10A2, 0x10A2, 0x0861, 0x0020, 0x0841, 0x0020, 0x0000, 0x0000, 0x0000,
  0x0000, 0x0000, 0x0000, 0x0861, 0x10A2, 0x0000, 0x2944, 0x39A5, 0x2923, 0x4208, 0x39E7, 0x39C7, 0x2965, 0x10A2, 0x10A2, 0x1082,
  0x0861, 0x0861, 0x0861, 0x0841, 0x0841, 0x0020, 0x0020, 0x0000, 0x0000, 0x0841, 0x0040, 0x0000, 0x30C0, 0x5960, 0x2880, 0x0000,
  0x0000, 0x0000, 0x0000, 0x0861, 0x1061, 0x0000, 0x0000, 0x0000, 0x0000, 0x0000, 0x0000, 0x1020, 0x1020, 0x0800, 0x0800, 0x1020,
  0x28A0, 0x28C0, 0x0820, 0x0000, 0x0020, 0x0020, 0x0020, 0x0020, 0x0020, 0x0020, 0x0020, 0x0021, 0x0041, 0x0841, 0x0841, 0x0841,
  0x0841, 0x0841, 0x0841, 0x0841, 0x0861, 0x0861, 0x0861, 0x0861, 0x0882, 0x1082, 0x0861, 0x0861, 0x0861, 0x0861, 0x0861, 0x0861,
  0x0861, 0x0861, 0x0861, 0x0881, 0x0881, 0x0881, 0x0881, 0x0861, 0x0861, 0x1081, 0x1081, 0x1082, 0x1082, 0x1082, 0x1082, 0x1082,
  0x1082, 0x1082, 0x10A2, 0x10A2, 0x10A2, 0x18C3, 0x18C3, 0x18E3, 0x20E3, 0x20E3, 0x2104, 0x2924, 0x3144, 0x41A5, 0x6286, 0x8BAA,
  0xB4EE, 0xD5F2, 0xDDF1, 0xCD4D, 0xAC08, 0x8AE4, 0x61E2, 0x4941, 0x30E1, 0x20A0, 0x1880, 0x1060, 0x1040, 0x0840, 0x0820, 0x0820,
  0x0820, 0x0840, 0x0841, 0x0841, 0x0841, 0x0020, 0x0020, 0x0020, 0x0861, 0x1082, 0x10A2, 0x18C3, 0x18C3, 0x18C3, 0x18C3, 0x18C3,
  0x18E3, 0x18C3, 0x0000, 0x30C1, 0x3901, 0x8242, 0x30C0, 0x61A1, 0x92A2, 0xA344, 0xEE2E, 0xFF31, 0xD4A7, 0x8A81, 0x69E1, 0x59A0,
  0x5140, 0x4961, 0x3900, 0x28A0, 0x20A0, 0x20A1, 0x2081, 0x1881, 0x1060, 0x0840, 0x0020, 0x0000, 0x0000, 0x0000, 0x0020, 0x0841,
  0x1082, 0x10A2, 0x10A2, 0x10A2, 0x10A2, 0x0841, 0x0841, 0x0861, 0x528B, 0x52AB, 0x4208, 0x6B6E, 0x39E8, 0x18C3, 0x2104, 0x526A,
  0x4A69, 0x4A49, 0x31A7, 0x4A6A, 0x2945, 0x0841, 0x0841, 0x0841, 0x1082, 0x1082, 0x18C3, 0x18E3, 0x1082, 0x10A2, 0x1082, 0x0861,
  0x18E3, 0x18C3, 0x0841, 0x0841, 0x39E7, 0x5AAB, 0x4A29, 0x4228, 0x4228, 0x2945, 0x18E3, 0x10A2, 0x3186, 0x4228, 0x5ACB, 0x632C,
  0x2124, 0x3186, 0x528A, 0x3186, 0x2104, 0x18E3, 0x18E3, 0x1082, 0x0841, 0x0861, 0x0841, 0x1082, 0x0000, 0x0000, 0x0000, 0x0000,
  0x0000, 0x0000, 0x0000, 0x0000, 0x10A2, 0x0000, 0x0861, 0x41E7, 0x2924, 0x3186, 0x4208, 0x2945, 0x2104, 0x18C3, 0x10A2, 0x1081,
  0x0861, 0x0841, 0x0841, 0x0841, 0x0841, 0x0020, 0x0000, 0x0000, 0x0020, 0x0841, 0x0000, 0x1840, 0x5140, 0x4900, 0x0800, 0x0000,
  0x0000, 0x0000, 0x0861, 0x1081, 0x0000, 0x0000, 0x0000, 0x0000, 0x0000, 0x0000, 0x0820, 0x1040, 0x0820, 0x0820, 0x0820, 0x2080,
  0x38E0, 0x1040, 0x0000, 0x0020, 0x0020, 0x0020, 0x0020, 0x0020, 0x0020, 0x0020, 0x0020, 0x0841, 0x0041, 0x0841, 0x0841, 0x0841,
  0x0841, 0x0841, 0x0861, 0x0841, 0x0861, 0x0861, 0x0861, 0x0861, 0x0861, 0x1082, 0x0881, 0x0861, 0x0861, 0x0861, 0x0861, 0x0861,
  0x0861, 0x0861, 0x0881, 0x0881, 0x0881, 0x0861, 0x0861, 0x0861, 0x1081, 0x1082, 0x1082, 0x1082, 0x1082, 0x1082, 0x1082, 0x1082,
  0x10A2, 0x10A2, 0x10A2, 0x10A2, 0x18C3, 0x18C3, 0x18E3, 0x20E3, 0x20E3, 0x2104, 0x2104, 0x2924, 0x3984, 0x5205, 0x7B08, 0xA44C,
  0xC570, 0xD612, 0xD5D0, 0xC4EC, 0xA3C7, 0x7AA4, 0x59C2, 0x4121, 0x30E1, 0x20A0, 0x1880, 0x1060, 0x1040, 0x0840, 0x0820, 0x0820,
  0x0820, 0x0820, 0x0841, 0x0841, 0x0841, 0x0841, 0x0020, 0x0020, 0x0841, 0x0861, 0x1082, 0x10A2, 0x18C3, 0x18C3, 0x18C3, 0x18C3,
  0x2080, 0x0820, 0x0820, 0x4121, 0x4941, 0x5982, 0x69E2, 0x7A21, 0xBC27, 0xFF32, 0xFEF0, 0xC3E4, 0x8241, 0x69E1, 0x5980, 0x5160,
  0x4941, 0x38E0, 0x28C0, 0x20A1, 0x20A1, 0x1881, 0x1881, 0x1060, 0x0840, 0x0020, 0x0000, 0x0000, 0x0000, 0x0020, 0x0861, 0x10A2,
  0x18E3, 0x2104, 0x2945, 0x2945, 0x2104, 0x10A2, 0x0861, 0x0020, 0x2945, 0x52CB, 0x5ACB, 0x4229, 0x528A, 0x3186, 0x39E7, 0x4A49,
  0x4228, 0x4A69, 0x39A7, 0x41E8, 0x4A49, 0x18C3, 0x0020, 0x0841, 0x0861, 0x0861, 0x1082, 0x18C3, 0x10A2, 0x1082, 0x0882, 0x0841,
  0x1082, 0x10A2, 0x0020, 0x31A7, 0x5ACB, 0x39C7, 0x2965, 0x18C3, 0x10A2, 0x10A2, 0x0861, 0x0020, 0x18E3, 0x2965, 0x39E7, 0x5ACB,
  0x31A6, 0x2945, 0x10A2, 0x2124, 0x2104, 0x10C2, 0x2104, 0x18E3, 0x0861, 0x0841, 0x0861, 0x0841, 0x0000, 0x0000, 0x0000, 0x0000,
  0x0000, 0x0000, 0x0000, 0x0000, 0x1082, 0x0841, 0x0000, 0x2124, 0x39C6, 0x2965, 0x39C7, 0x2965, 0x2945, 0x18C3, 0x10A2, 0x0862,
  0x0841, 0x0861, 0x0841, 0x0020, 0x0020, 0x0020, 0x0000, 0x0000, 0x0841, 0x0841, 0x0000, 0x40E0, 0x5120, 0x2060, 0x0000, 0x0000,
  0x0000, 0x0020, 0x18A2, 0x0840, 0x0000, 0x0000, 0x0000, 0x0000, 0x0000, 0x0820, 0x1020, 0x0820, 0x0820, 0x0820, 0x1860, 0x3900,
  0x2060, 0x0800, 0x0000, 0x0020, 0x0020, 0x0020, 0x0020, 0x0020, 0x0020, 0x0020, 0x0020, 0x0041, 0x0841, 0x0841, 0x0841, 0x0841,
  0x0841, 0x0841, 0x0861, 0x0861, 0x0861, 0x0861, 0x0861, 0x0861, 0x0861, 0x1062, 0x1082, 0x0861, 0x0861, 0x0841, 0x0861, 0x0861,
  0x0881, 0x0881, 0x0881, 0x0861, 0x0861, 0x0861, 0x1081, 0x1081, 0x1082, 0x1082, 0x1082, 0x1082, 0x1082, 0x1082, 0x1082, 0x10A2,
  0x10A2, 0x10A2, 0x10A2, 0x18C3, 0x18C3, 0x18E3, 0x18E3, 0x20E3, 0x2104, 0x2104, 0x2924, 0x3164, 0x49C5, 0x6A87, 0x8BAA, 0xB4CE,
  0xCDD1, 0xDE11, 0xD58F, 0xBC8A, 0x9B66, 0x7263, 0x59A1, 0x4121, 0x30E1, 0x20A0, 0x1880, 0x1060, 0x1040, 0x0840, 0x0820, 0x0820,
  0x0020, 0x0820, 0x0840, 0x0841, 0x0841, 0x0841, 0x0020, 0x0020, 0x0020, 0x0861, 0x1082, 0x10A2, 0x18C3, 0x18C3, 0x9AA3, 0x71E2,
  0x71C1, 0x69A1, 0x69E2, 0x4921, 0x61C2, 0x7242, 0x8282, 0xD52A, 0xFF72, 0xF64D, 0xB383, 0x7A21, 0x61C1, 0x5980, 0x5160, 0x4941,
  0x30E0, 0x28A0, 0x20A1, 0x2081, 0x1881, 0x1881, 0x1040, 0x0820, 0x0000, 0x0000, 0x0000, 0x0000, 0x0020, 0x10A2, 0x18E3, 0x2104,
  0x2965, 0x3186, 0x39E7, 0x3186, 0x2124, 0x2104, 0x18A2, 0x0841, 0x0861, 0x39C7, 0x4229, 0x5ACB, 0x6B4D, 0x52AA, 0x4A6A, 0x3186,
  0x39C7, 0x3186, 0x2966, 0x41E8, 0x5ACB, 0x4208, 0x18E3, 0x0840, 0x0841, 0x0841, 0x0841, 0x0861, 0x1082, 0x0861, 0x0861, 0x0861,
  0x0861, 0x0020, 0x0841, 0x2965, 0x2104, 0x0020, 0x0020, 0x0020, 0x0020, 0x0841, 0x0020, 0x0000, 0x0841, 0x10A2, 0x2124, 0x2965,
  0x2945, 0x2124, 0x31A6, 0x2945, 0x1082, 0x2124, 0x18E3, 0x10A2, 0x1082, 0x0020, 0x0841, 0x0041, 0x0000, 0x0000, 0x0000, 0x0000,
  0x0000, 0x0000, 0x0000, 0x0000, 0x0020, 0x1082, 0x0000, 0x0021, 0x3165, 0x2945, 0x2965, 0x2945, 0x2124, 0x18C3, 0x10A2, 0x0861,
  0x0841, 0x0841, 0x0020, 0x0020, 0x0020, 0x0020, 0x0000, 0x0020, 0x0841, 0x0000, 0x28A0, 0x5940, 0x40E0, 0x0000, 0x0000, 0x0000,
  0x0000, 0x0861, 0x1061, 0x0000, 0x0000, 0x0000, 0x0000, 0x0000, 0x0000, 0x0820, 0x1020, 0x0820, 0x0820, 0x1840, 0x3900, 0x28A0,
  0x0820, 0x0000, 0x0020, 0x0841, 0x0020, 0x0020, 0x0020, 0x0020, 0x0020, 0x0020, 0x0021, 0x0041, 0x0841, 0x0841, 0x0841, 0x0841,
  0x0841, 0x0841, 0x0841, 0x0861, 0x0861, 0x0861, 0x0861, 0x0861, 0x0861, 0x0861, 0x1082, 0x1082, 0x0861, 0x0861, 0x0881, 0x0881,
  0x0881, 0x0881, 0x0861, 0x0861, 0x0861, 0x1081, 0x1081, 0x1082, 0x1082, 0x1082, 0x1082, 0x1082, 0x1082, 0x1082, 0x10A2, 0x10A2,
  0x10A2, 0x10A2, 0x18C3, 0x18C3, 0x18C3, 0x18E3, 0x20E3, 0x2104, 0x2104, 0x2924, 0x3144, 0x41A4, 0x5A25, 0x7B28, 0x9C4C, 0xBD50,
  0xD5F2, 0xD5F0, 0xCD4D, 0xB429, 0x9325, 0x7223, 0x5181, 0x3921, 0x30C1, 0x20A0, 0x1880, 0x1060, 0x1040, 0x0840, 0x0820, 0x0820,
  0x0020, 0x0820, 0x0840, 0x0841, 0x0841, 0x0841, 0x0841, 0x0020, 0x0020, 0x0841, 0x0861, 0x1082, 0x10A2, 0x7A43, 0x6182, 0x71C2,
  0x5121, 0x5941, 0x69E1, 0x6A03, 0x92C3, 0xB3C5, 0xF66F, 0xFF30, 0xDD08, 0xA2E1, 0x7A21, 0x61C1, 0x5980, 0x5160, 0x4120, 0x30C0,
  0x28A0, 0x20A1, 0x20A1, 0x1881, 0x1881, 0x1060, 0x0820, 0x0000, 0x0000, 0x0000, 0x0000, 0x0841, 0x10A2, 0x2124, 0x2966, 0x31A6,
  0x39E7, 0x39C7, 0x39C7, 0x4208, 0x39E7, 0x2945, 0x18E3, 0x0861, 0x0020, 0x2945, 0x52AA, 0x52AA, 0x630C, 0x630C, 0x632C, 0x4208,
  0x3186, 0x2965, 0x2104, 0x2945, 0x4A49, 0x5AEC, 0x39E7, 0x2104, 0x0861, 0x0020, 0x0020, 0x0841, 0x0861, 0x0841, 0x0861, 0x0861,
  0x0861, 0x0020, 0x0841, 0x0020, 0x0040, 0x0841, 0x1082, 0x0862, 0x10A3, 0x10A2, 0x10A2, 0x1082, 0x0841, 0x0000, 0x0020, 0x10A2,
  0x2945, 0x2104, 0x2945, 0x0861, 0x2945, 0x18E3, 0x18C3, 0x10A2, 0x18C3, 0x0000, 0x0861, 0x0000, 0x0000, 0x0000, 0x0000, 0x0000,
  0x0000, 0x0000, 0x0000, 0x0000, 0x0000, 0x10A2, 0x0000, 0x0000, 0x18C3, 0x2124, 0x2945, 0x2965, 0x2124, 0x18C3, 0x0861, 0x0861,
  0x0841, 0x0020, 0x0020, 0x0020, 0x0020, 0x0020, 0x0000, 0x0020, 0x0041, 0x1040, 0x5960, 0x5140, 0x2880, 0x0000, 0x0000, 0x0000,
  0x0020, 0x1081, 0x0820, 0x0000, 0x0000, 0x0000, 0x0000, 0x0000, 0x0820, 0x1020, 0x0820, 0x0820, 0x1020, 0x30C0, 0x30E0, 0x1040,
  0x0800, 0x0000, 0x0840, 0x0020, 0x0020, 0x0020, 0x0020, 0x0020, 0x0020, 0x0021, 0x0020, 0x0841, 0x0841, 0x0841, 0x0841, 0x0841,
  0x0841, 0x0841, 0x0841, 0x0841, 0x0861, 0x0861, 0x0861, 0x0862, 0x1082, 0x0861, 0x0861, 0x1082, 0x1082, 0x0861, 0x0861, 0x0881,
  0x0861, 0x0861, 0x0861, 0x1081, 0x1081, 0x1082, 0x1082, 0x1082, 0x1082, 0x1082, 0x1082, 0x1082, 0x1082, 0x10A2, 0x10A2, 0x10A2,
  0x10A2, 0x18C3, 0x18C3, 0x18C3, 0x18E3, 0x20E3, 0x20E3, 0x2104, 0x2104, 0x2924, 0x3964, 0x49E5, 0x6AA7, 0x8BAA, 0xACCE, 0xCDB1,
  0xD611, 0xD5D0, 0xC4EC, 0xA3E8, 0x8AE5, 0x6A02, 0x5161, 0x3901, 0x28C1, 0x20A0, 0x1880, 0x1060, 0x1040, 0x0840, 0x0820, 0x0820,
  0x0820, 0x0820, 0x0840, 0x0841, 0x0841, 0x0841, 0x0841, 0x0020, 0x0020, 0x0020, 0x0841, 0xBB85, 0x69C1, 0x69E2, 0x3080, 0x71C2,
  0x3080, 0x5161, 0x82A3, 0xAB64, 0xD4E9, 0xFF53, 0xFECF, 0xC404, 0x8A40, 0x7201, 0x61A0, 0x5980, 0x5180, 0x3900, 0x28C0, 0x20A1,
  0x20A1, 0x20A1, 0x1881, 0x1061, 0x1060, 0x0840, 0x0000, 0x0000, 0x0000, 0x0000, 0x0841, 0x1082, 0x18E3, 0x2986, 0x39E7, 0x39E7,
  0x39E7, 0x2945, 0x39C7, 0x4A49, 0x31A6, 0x2945, 0x2965, 0x10A2, 0x0841, 0x18C3, 0x4A6A, 0x738E, 0x6B4D, 0x5AEB, 0x52AA, 0x31C7,
  0x31A7, 0x4208, 0x2965, 0x3186, 0x526A, 0x738E, 0x52CB, 0x4229, 0x2965, 0x1082, 0x0020, 0x0020, 0x0020, 0x0020, 0x0841, 0x0841,
  0x0020, 0x0020, 0x1082, 0x2104, 0x2966, 0x3186, 0x31A6, 0x2124, 0x18E4, 0x2965, 0x2945, 0x2104, 0x18C3, 0x0020, 0x0000, 0x0841,
  0x1082, 0x10A2, 0x18E3, 0x10A2, 0x2104, 0x18C3, 0x18E3, 0x1082, 0x0841, 0x0821, 0x0841, 0x0000, 0x0000, 0x0000, 0x0000, 0x0000,
  0x0000, 0x0000, 0x0000, 0x0000, 0x0000, 0x10A2, 0x0841, 0x0000, 0x0861, 0x2124, 0x2945, 0x2124, 0x2104, 0x10A2, 0x1082, 0x0841,
  0x0841, 0x0020, 0x0020, 0x0020, 0x0020, 0x0020, 0x0000, 0x0840, 0x0020, 0x3900, 0x6181, 0x4920, 0x0820, 0x0000, 0x0000, 0x0000,
  0x0861, 0x1040, 0x0000, 0x0000, 0x0000, 0x0000, 0x0000, 0x0000, 0x1020, 0x1020, 0x1020, 0x1020, 0x28A0, 0x38E0, 0x1840, 0x0820,
  0x0000, 0x0020, 0x0040, 0x0020, 0x0020, 0x0020, 0x0020, 0x0020, 0x0020, 0x0841, 0x0041, 0x0841, 0x0841, 0x0841, 0x0841, 0x0841,
  0x0841, 0x0861, 0x0861, 0x0841, 0x0841, 0x0861, 0x0861, 0x0861, 0x1082, 0x1082, 0x0861, 0x0861, 0x1082, 0x1082, 0x0861, 0x0861,
  0x0861, 0x0861, 0x1081, 0x1081, 0x1082, 0x1082, 0x1082, 0x1082, 0x1082, 0x1082, 0x1082, 0x1082, 0x10A2, 0x10A2, 0x10A2, 0x10A2,
  0x18C3, 0x18C3, 0x18C3, 0x18E3, 0x20E3, 0x20E3, 0x2104, 0x2104, 0x2924, 0x3144, 0x41A4, 0x5A46, 0x7B28, 0x9C2C, 0xBD2F, 0xD5F2,
  0xDDF1, 0xD58E, 0xBCAB, 0x9BA7, 0x82A4, 0x61E2, 0x4961, 0x3901, 0x28C1, 0x20A0, 0x1880, 0x1060, 0x1040, 0x0840, 0x0820, 0x0820,
  0x0820, 0x0820, 0x0820, 0x0840, 0x0841, 0x0841, 0x0841, 0x0840, 0x0020, 0x5141, 0x71E2, 0xCBE5, 0x8202, 0x5121, 0x2880, 0x5141,
  0x61E1, 0x8282, 0xBC06, 0xF66F, 0xFF94, 0xEDEB, 0xB362, 0x8220, 0x69C0, 0x5980, 0x5980, 0x5161, 0x3900, 0x28A0, 0x20A1, 0x1881,
  0x1881, 0x1881, 0x1061, 0x1040, 0x0840, 0x0020, 0x0000, 0x0000, 0x0000, 0x0841, 0x18C3, 0x18E3, 0x18E3, 0x39C7, 0x5B0C, 0x39E7,
  0x39E7, 0x630C, 0x4208, 0x31A6, 0x2965, 0x4A69, 0x39E7, 0x2104, 0x0861, 0x0841, 0x39E7, 0x7BCF, 0x632C, 0x632D, 0x528A, 0x2945,
  0x2124, 0x4208, 0x31A7, 0x39E7, 0x528A, 0x630C, 0x6B4D, 0x4A49, 0x4229, 0x2125, 0x18E3, 0x18C3, 0x0861, 0x0020, 0x0020, 0x0000,
  0x0841, 0x18A3, 0x2945, 0x31A6, 0x4228, 0x4208, 0x4228, 0x39C7, 0x2945, 0x31A6, 0x3186, 0x2104, 0x18C3, 0x1082, 0x0841, 0x0000,
  0x0020, 0x0841, 0x1082, 0x18C3, 0x18E3, 0x10A2, 0x18E3, 0x1082, 0x0020, 0x0861, 0x0020, 0x0000, 0x0000, 0x0000, 0x0000, 0x0000,
  0x0000, 0x0000, 0x0000, 0x0000, 0x0000, 0x0841, 0x18C2, 0x0000, 0x0000, 0x2104, 0x2945, 0x2925, 0x18E3, 0x10A2, 0x1082, 0x0861,
  0x0841, 0x0841, 0x0020, 0x0020, 0x0020, 0x0000, 0x0020, 0x0021, 0x1860, 0x6181, 0x5141, 0x30C0, 0x0000, 0x0000, 0x0000, 0x0020,
  0x1081, 0x0020, 0x0000, 0x0000, 0x0000, 0x0000, 0x0000, 0x0820, 0x1020, 0x1020, 0x1020, 0x1860, 0x38E0, 0x2060, 0x0820, 0x0000,
  0x0020, 0x0841, 0x0020, 0x0020, 0x0020, 0x0020, 0x0021, 0x0020, 0x0020, 0x0021, 0x0841, 0x0841, 0x0841, 0x0841, 0x0841, 0x0841,
  0x0841, 0x0841, 0x0841, 0x0861, 0x0861, 0x0861, 0x0861, 0x0861, 0x1082, 0x1082, 0x1082, 0x0861, 0x0861, 0x1082, 0x1081, 0x0861,
  0x0841, 0x1081, 0x1081, 0x1082, 0x1082, 0x1082, 0x1082, 0x1082, 0x1082, 0x1082, 0x1082, 0x10A2, 0x10A2, 0x10A2, 0x10A2, 0x18C3,
  0x18C3, 0x18C3, 0x18E3, 0x20E3, 0x20E3, 0x2104, 0x2104, 0x2924, 0x3144, 0x3984, 0x51E5, 0x6AC7, 0x8BAA, 0xACAD, 0xC590, 0xD612,
  0xD5F0, 0xCD4D, 0xB44A, 0x9B66, 0x7A83, 0x61C2, 0x4941, 0x3901, 0x28C1, 0x20A0, 0x1880, 0x1060, 0x1040, 0x0840, 0x0820, 0x0820,
  0x0820, 0x0020, 0x0820, 0x0840, 0x0841, 0x0841, 0x0841, 0x0841, 0xD425, 0x4901, 0x2060, 0xA324, 0x69C1, 0x7202, 0x5981, 0x6A01,
  0x9B23, 0xDD4A, 0xFF53, 0xFF12, 0xD4C7, 0x9AC1, 0x7201, 0x61C0, 0x5980, 0x5981, 0x4941, 0x30E0, 0x20A0, 0x20A1, 0x1881, 0x1881,
  0x1881, 0x1061, 0x0840, 0x0820, 0x0000, 0x0000, 0x0000, 0x0000, 0x0841, 0x18C3, 0x2124, 0x2965, 0x3186, 0x3186, 0x4208, 0x2965,
  0x4208, 0x6B2D, 0x31A6, 0x2945, 0x39C7, 0x39E7, 0x3186, 0x2965, 0x10A2, 0x0841, 0x2104, 0x5ACB, 0x6B4D, 0x8C71, 0x4A6A, 0x3186,
  0x2124, 0x39E8, 0x4A8A, 0x52AB, 0x39C7, 0x632D, 0x5AEC, 0x39C7, 0x52AA, 0x2966, 0x2104, 0x18C3, 0x0861, 0x0020, 0x0020, 0x10A2,
  0x2945, 0x3186, 0x39E8, 0x4229, 0x39E7, 0x5269, 0x4A69, 0x4208, 0x3186, 0x4A6A, 0x39E8, 0x2945, 0x18C3, 0x18C3, 0x10A2, 0x0841,
  0x0000, 0x0000, 0x0841, 0x1082, 0x18E3, 0x10A2, 0x1082, 0x0020, 0x0020, 0x0841, 0x0000, 0x0000, 0x0000, 0x0000, 0x0000, 0x0000,
  0x0000, 0x0000, 0x0000, 0x0000, 0x0000, 0x0000, 0x18C3, 0x0000, 0x0000, 0x10C3, 0x2965, 0x2104, 0x18C3, 0x1082, 0x1081, 0x0861,
  0x0841, 0x0841, 0x0020, 0x0020, 0x0020, 0x0000, 0x0020, 0x0020, 0x4940, 0x6181, 0x4900, 0x1840, 0x0000, 0x0000, 0x0000, 0x1061,
  0x0841, 0x0000, 0x0000, 0x0000, 0x0000, 0x0000, 0x0000, 0x1020, 0x1020, 0x1020, 0x1040, 0x28C0, 0x28A0, 0x1020, 0x0820, 0x0020,
  0x0841, 0x0020, 0x0020, 0x0020, 0x0020, 0x0021, 0x0021, 0x0020, 0x0020, 0x0021, 0x0841, 0x0841, 0x0841, 0x0841, 0x0841, 0x0841,
  0x0841, 0x0841, 0x0841, 0x0861, 0x0861, 0x0861, 0x0861, 0x0861, 0x1082, 0x1082, 0x1082, 0x1082, 0x0861, 0x0861, 0x0861, 0x0861,
  0x0861, 0x0841, 0x1082, 0x1082, 0x1082, 0x1082, 0x1082, 0x1082, 0x1082, 0x1082, 0x10A2, 0x10A2, 0x10A2, 0x10A2, 0x18C3, 0x18C3,
  0x18C3, 0x18E3, 0x18E3, 0x20E3, 0x2104, 0x2104, 0x2104, 0x2924, 0x3164, 0x49C5, 0x5A46, 0x7B29, 0x9C2C, 0xBD0F, 0xD5D1, 0xDE11,
  0xD5AF, 0xC50C, 0xAC09, 0x9325, 0x7243, 0x59A1, 0x4141, 0x38E1, 0x28C1, 0x20A0, 0x1880, 0x1060, 0x1040, 0x0840, 0x0820, 0x0820,
  0x0820, 0x0020, 0x0820, 0x0840, 0x0841, 0x0841, 0xECC6, 0x8A41, 0x7A02, 0x71E2, 0x69C2, 0x40E1, 0x5161, 0x7201, 0x9B03, 0xCCC8,
  0xFED0, 0xFF73, 0xEDEC, 0xB383, 0x8221, 0x69E1, 0x61A0, 0x5980, 0x5160, 0x4100, 0x28C0, 0x20A0, 0x20A1, 0x20A1, 0x1881, 0x1881,
  0x1061, 0x0840, 0x0820, 0x0000, 0x0000, 0x0000, 0x0000, 0x0841, 0x18E3, 0x2104, 0x2945, 0x39C7, 0x52AA, 0x4208, 0x2104, 0x2104,
  0x2965, 0x2945, 0x2965, 0x31A6, 0x39E7, 0x52AA, 0x4A69, 0x2965, 0x18C3, 0x1082, 0x0841, 0x39E7, 0x7BF0, 0x8C72, 0x5ACB, 0x39C7,
  0x31A6, 0x4208, 0x3186, 0x632C, 0x4A49, 0x4249, 0x39C7, 0x2965, 0x2124, 0x1082, 0x0020, 0x0000, 0x0861, 0x1082, 0x2104, 0x31A7,
  0x39C7, 0x39C7, 0x31C7, 0x4228, 0x39C7, 0x39C7, 0x6B6D, 0x5AAA, 0x39C7, 0x39E7, 0x2124, 0x39C7, 0x31A6, 0x2104, 0x18C3, 0x0861,
  0x0841, 0x0000, 0x0000, 0x0841, 0x0861, 0x1082, 0x10A2, 0x0020, 0x0020, 0x0841, 0x0000, 0x0000, 0x0000, 0x0000, 0x0000, 0x0000,
  0x0000, 0x0000, 0x0000, 0x0000, 0x0000, 0x0000, 0x18E3, 0x1061, 0x0000, 0x0841, 0x2125, 0x2104, 0x18E3, 0x1082, 0x0861, 0x0841,
  0x0841, 0x0020, 0x0020, 0x0020, 0x0000, 0x0000, 0x0020, 0x20A0, 0x71E1, 0x5120, 0x38C0, 0x0000, 0x0000, 0x0000, 0x0020, 0x1061,
  0x0000, 0x0000, 0x0000, 0x0000, 0x0000, 0x0000, 0x0820, 0x1040, 0x1020, 0x1020, 0x2080, 0x28A0, 0x1040, 0x0820, 0x0000, 0x0020,
  0x0841, 0x0020, 0x0020, 0x0020, 0x0041, 0x0841, 0x0041, 0x0041, 0x0020, 0x0841, 0x0841, 0x0841, 0x0841, 0x0841, 0x0841, 0x0841,
  0x0841, 0x0841, 0x0861, 0x0861, 0x0861, 0x0861, 0x0861, 0x0861, 0x1082, 0x1082, 0x1082, 0x10A2, 0x1082, 0x1081, 0x0861, 0x0861,
  0x1082, 0x1082, 0x0041, 0x1082, 0x1082, 0x1082, 0x1082, 0x1082, 0x1082, 0x10A2, 0x10A2, 0x10A2, 0x10A2, 0x18C3, 0x18C3, 0x18C3,
  0x18E3, 0x18E3, 0x20E3, 0x20E3, 0x2104, 0x2104, 0x2924, 0x3144, 0x41A4, 0x5205, 0x6AC7, 0x8BAA, 0xACAD, 0xC570, 0xD5F2, 0xDDF1,
  0xD58E, 0xBCCB, 0xA3C8, 0x8AE5, 0x6A22, 0x5181, 0x4121, 0x30E1, 0x28C1, 0x20A0, 0x1880, 0x1060, 0x1040, 0x0840, 0x0820, 0x0820,
  0x0820, 0x0020, 0x0820, 0x0820, 0x8A63, 0xD446, 0xB384, 0x38C0, 0x3901, 0x4941, 0x8AA3, 0x7202, 0x92C2, 0xC467, 0xFEAF, 0xFF95,
  0xFEB0, 0xD486, 0x9AE1, 0x7A01, 0x59A0, 0x5160, 0x5180, 0x4920, 0x30C0, 0x20A0, 0x20A0, 0x20A1, 0x20A1, 0x1881, 0x1881, 0x1060,
  0x0840, 0x0020, 0x0000, 0x0000, 0x0000, 0x0020, 0x10A2, 0x3186, 0x2965, 0x3186, 0x2945, 0x4208, 0x5ACB, 0x31A6, 0x2945, 0x10A2,
  0x2104, 0x31A6, 0x4A49, 0x5AEB, 0x39E7, 0x4228, 0x4A49, 0x39E7, 0x2104, 0x1082, 0x0841, 0x2124, 0x5B0C, 0x7BF0, 0x738E, 0x4A49,
  0x31A6, 0x4229, 0x4229, 0x528A, 0x39C7, 0x2104, 0x0861, 0x0000, 0x0020, 0x0861, 0x1082, 0x18E3, 0x10A3, 0x2125, 0x39C7, 0x41E8,
  0x39C7, 0x4229, 0x6B4D, 0x4A69, 0x39C7, 0x2965, 0x52AA, 0x39C7, 0x3186, 0x2945, 0x1082, 0x4228, 0x4A49, 0x2124, 0x2145, 0x10A2,
  0x0861, 0x0820, 0x0000, 0x0000, 0x0020, 0x0841, 0x0841, 0x0020, 0x0861, 0x0020, 0x0000, 0x0000, 0x0000, 0x0000, 0x0000, 0x0000,
  0x0000, 0x0000, 0x0000, 0x0000, 0x0000, 0x0000, 0x0020, 0x10A2, 0x0000, 0x0000, 0x18E3, 0x2945, 0x18E3, 0x1082, 0x0861, 0x0020,
  0x0020, 0x0020, 0x0020, 0x0020, 0x0000, 0x0000, 0x0020, 0x5981, 0x61A1, 0x4100, 0x2060, 0x0000, 0x0000, 0x0000, 0x1061, 0x0840,
  0x0000, 0x0000, 0x0000, 0x0000, 0x0000, 0x0000, 0x0820, 0x1020, 0x1020, 0x1860, 0x28A0, 0x1840, 0x0820, 0x0000, 0x0020, 0x0841,
  0x0020, 0x0020, 0x0020, 0x0020, 0x0041, 0x0841, 0x0841, 0x0841, 0x0041, 0x0041, 0x0841, 0x0841, 0x0841, 0x0841, 0x0841, 0x0841,
  0x0841, 0x0841, 0x0841, 0x0861, 0x0861, 0x0861, 0x0861, 0x0861, 0x0861, 0x1082, 0x1082, 0x10A2, 0x10A2, 0x1082, 0x1082, 0x0861,
  0x0861, 0x1082, 0x0882, 0x0861, 0x1082, 0x1082, 0x1082, 0x1082, 0x10A2, 0x10A2, 0x10A2, 0x10A2, 0x18C3, 0x18C3, 0x18C3, 0x18E3,
  0x18E3, 0x20E3, 0x20E3, 0x2104, 0x2104, 0x2924, 0x2924, 0x3964, 0x49C5, 0x6266, 0x7B49, 0x9C2C, 0xB50F, 0xCDD1, 0xD611, 0xD5D0,
  0xCD4D, 0xB46A, 0x9BA7, 0x82C4, 0x6A02, 0x5181, 0x4121, 0x30E1, 0x28C1, 0x20A0, 0x1880, 0x1060, 0x1040, 0x0840, 0x0840, 0x0820,
  0x0820, 0x0820, 0x0820, 0xD446, 0xEC85, 0xA282, 0x4100, 0x59C2, 0x8284, 0x5181, 0x7222, 0xBC46, 0xF66E, 0xFF94, 0xFF12, 0xD509,
  0xA343, 0x8241, 0x69E1, 0x61C0, 0x5980, 0x5160, 0x4120, 0x28C0, 0x20A0, 0x20A1, 0x2081, 0x1881, 0x1881, 0x1060, 0x0840, 0x0820,
  0x0000, 0x0000, 0x0000, 0x0000, 0x0020, 0x18C3, 0x4208, 0x6B4D, 0x4228, 0x39C7, 0x39E7, 0x39E7, 0x528A, 0x2145, 0x2124, 0x2124,
  0x18E3, 0x39E7, 0x4208, 0x5ACB, 0x4208, 0x4208, 0x4228, 0x4208, 0x2124, 0x1904, 0x18C3, 0x0841, 0x2986, 0x52AB, 0x630C, 0x4A49,
  0x4208, 0x31C7, 0x2104, 0x18C3, 0x0861, 0x0861, 0x0841, 0x0861, 0x1082, 0x18E3, 0x2104, 0x18E4, 0x5A24, 0x41A4, 0x31A7, 0x4A29,
  0x2945, 0x4A49, 0x528A, 0x4A49, 0x39E8, 0x39E7, 0x39E7, 0x31A6, 0x2965, 0x2945, 0x1082, 0x2965, 0x2124, 0x2965, 0x2965, 0x18C3,
  0x1082, 0x0841, 0x0840, 0x0000, 0x0000, 0x0020, 0x0020, 0x0020, 0x1082, 0x0000, 0x0000, 0x0000, 0x0000, 0x0000, 0x0000, 0x0000,
  0x0000, 0x0000, 0x0000, 0x0000, 0x0000, 0x0000, 0x0000, 0x18C3, 0x0020, 0x0000, 0x10A2, 0x2965, 0x18C3, 0x1082, 0x0841, 0x0020,
  0x0020, 0x0020, 0x0020, 0x0020, 0x0000, 0x0000, 0x30C0, 0x7A01, 0x4920, 0x38C0, 0x0820, 0x0000, 0x0000, 0x0020, 0x1081, 0x0000,
  0x0000, 0x0000, 0x0000, 0x0000, 0x0000, 0x0000, 0x1040, 0x1040, 0x1040, 0x2080, 0x1860, 0x1020, 0x0820, 0x0020, 0x0020, 0x0020,
  0x0020, 0x0020, 0x0020, 0x0021, 0x0021, 0x0020, 0x0841, 0x0841, 0x0841, 0x0841, 0x0841, 0x0041, 0x0841, 0x0841, 0x0841, 0x0841,
  0x0841, 0x0861, 0x0841, 0x0841, 0x0841, 0x0861, 0x0861, 0x0861, 0x0861, 0x0861, 0x1082, 0x1082, 0x1082, 0x10A2, 0x10A2, 0x10A2,
  0x1082, 0x0861, 0x1082, 0x0861, 0x1081, 0x1082, 0x1082, 0x10A2, 0x10A2, 0x10A2, 0x10A2, 0x18C3, 0x18C3, 0x18C3, 0x18E3, 0x18E3,
  0x20E3, 0x20E3, 0x2104, 0x2104, 0x2104, 0x2924, 0x3144, 0x41A4, 0x5205, 0x72C7, 0x8BAA, 0xAC8D, 0xC550, 0xD5F2, 0xDE11, 0xD5AF,
  0xC50C, 0xAC29, 0x9366, 0x7A84, 0x61E2, 0x5161, 0x4121, 0x30E1, 0x28C1, 0x20A0, 0x1880, 0x1060, 0x1040, 0x1040, 0x0840, 0x0820,
  0x0820, 0x28C1, 0x7203, 0xBB84, 0x7A42, 0x92C3, 0x9AE4, 0x7202, 0x8282, 0xB3E6, 0xEE0C, 0xFF72, 0xFF53, 0xEDEC, 0xBBE4, 0x8A81,
  0x7201, 0x59A1, 0x5980, 0x5160, 0x4940, 0x3900, 0x28C0, 0x20A1, 0x20A1, 0x1881, 0x1881, 0x1881, 0x1060, 0x0840, 0x0820, 0x0000,
  0x0000, 0x0000, 0x0000, 0x0000, 0x0841, 0x2965, 0x4A6A, 0x738E, 0x630C, 0x528A, 0x4A49, 0x4228, 0x39C7, 0x3186, 0x18E3, 0x2124,
  0x2124, 0x3186, 0x39E7, 0x4228, 0x4208, 0x3186, 0x3186, 0x4A49, 0x39E7, 0x2104, 0x18E3, 0x0841, 0x0861, 0x2965, 0x39E7, 0x2145,
  0x18E3, 0x1082, 0x0841, 0x0841, 0x10A2, 0x18E3, 0x18E4, 0x18E3, 0x18C3, 0x2104, 0x2125, 0x41E6, 0xED89, 0xA302, 0x3166, 0x31A6,
  0x2965, 0x4208, 0x39E7, 0x3186, 0x4208, 0x31A6, 0x2125, 0x2104, 0x2945, 0x18E4, 0x18C3, 0x10A2, 0x10A2, 0x18C3, 0x18E3, 0x10A2,
  0x0861, 0x0841, 0x0020, 0x0000, 0x0000, 0x0000, 0x0000, 0x0841, 0x0821, 0x0000, 0x0000, 0x0000, 0x0000, 0x0000, 0x0000, 0x0000,
  0x0000, 0x0000, 0x0000, 0x0000, 0x0000, 0x0000, 0x0000, 0x0861, 0x1082, 0x0000, 0x0841, 0x3166, 0x18C3, 0x1082, 0x0861, 0x0841,
  0x0841, 0x0020, 0x0820, 0x0020, 0x0000, 0x0820, 0x71E1, 0x69C1, 0x38C0, 0x2880, 0x0000, 0x0000, 0x0000, 0x0841, 0x0840, 0x0000,
  0x0000, 0x0000, 0x0000, 0x0000, 0x0000, 0x0820, 0x1840, 0x1040, 0x1860, 0x2080, 0x1040, 0x0820, 0x0020, 0x0020, 0x0841, 0x0020,
  0x0020, 0x0020, 0x0020, 0x0041, 0x0041, 0x0021, 0x0020, 0x0841, 0x0841, 0x0841, 0x0841, 0x0841, 0x0041, 0x0841, 0x0841, 0x0841,
  0x0841, 0x0861, 0x0861, 0x0861, 0x0861, 0x0841, 0x0841, 0x0861, 0x0861, 0x0881, 0x1082, 0x1082, 0x1082, 0x1082, 0x1082, 0x10A2,
  0x10A2, 0x1082, 0x1082, 0x1082, 0x0881, 0x1081, 0x18A1, 0x10A2, 0x10A2, 0x10A2, 0x18C3, 0x18C3, 0x18C3, 0x18C3, 0x18E3, 0x20E3,
  0x20E3, 0x2104, 0x2104, 0x2104, 0x2924, 0x3144, 0x3984, 0x49E5, 0x6286, 0x7B49, 0x9C2B, 0xB4EE, 0xCDB1, 0xD612, 0xD5F1, 0xD58E,
  0xBCCB, 0xABE8, 0x9325, 0x7A63, 0x61C2, 0x4961, 0x3901, 0x30E1, 0x28A0, 0x2080, 0x1880, 0x1060, 0x1040, 0x1040, 0x0840, 0x4121,
  0x5162, 0x3901, 0x51A2, 0x7A64, 0x69E3, 0x69E2, 0x8AA3, 0xBC47, 0xEE2D, 0xFF72, 0xFF93, 0xF64D, 0xCC45, 0x9AC2, 0x8261, 0x7221,
  0x61C0, 0x5980, 0x4940, 0x3900, 0x28C0, 0x20A1, 0x20A1, 0x1880, 0x1881, 0x1881, 0x1060, 0x0840, 0x0820, 0x0020, 0x0000, 0x0000,
  0x0000, 0x0000, 0x0000, 0x0000, 0x0020, 0x10A2, 0x2965, 0x4A49, 0x7BCF, 0x634D, 0x62EC, 0x4A49, 0x2965, 0x3186, 0x2945, 0x31A6,
  0x3186, 0x31A6, 0x3186, 0x4A49, 0x5AEB, 0x5AEB, 0x39C7, 0x31A6, 0x39E7, 0x2965, 0x10A2, 0x1082, 0x0841, 0x1082, 0x0841, 0x0020,
  0x0861, 0x18C3, 0x18E4, 0x18E4, 0x2104, 0x2125, 0x2124, 0x2104, 0x2124, 0x2945, 0x1082, 0xA44A, 0xF589, 0xBB62, 0x4942, 0x2946,
  0x31A6, 0x2104, 0x18C3, 0x10A2, 0x10A2, 0x10A2, 0x0841, 0x0020, 0x0841, 0x0861, 0x0861, 0x0000, 0x0000, 0x0020, 0x0020, 0x0020,
  0x0020, 0x0000, 0x0000, 0x0000, 0x0000, 0x0000, 0x0000, 0x0861, 0x0000, 0x0000, 0x0000, 0x0000, 0x0000, 0x0000, 0x0000, 0x0000,
  0x0000, 0x0000, 0x0000, 0x0000, 0x0000, 0x0000, 0x0000, 0x0000, 0x10A2, 0x0000, 0x0020, 0x2966, 0x2104, 0x10A2, 0x0861, 0x0841,
  0x0020, 0x0020, 0x0020, 0x0000, 0x0000, 0x30C0, 0x9282, 0x4920, 0x38A0, 0x0820, 0x0000, 0x0000, 0x0020, 0x1061, 0x0000, 0x0000,
  0x0000, 0x0000, 0x0000, 0x0000, 0x0020, 0x0840, 0x1860, 0x1040, 0x2080, 0x1860, 0x0820, 0x0820, 0x0000, 0x0020, 0x0040, 0x0020,
  0x0020, 0x0020, 0x0021, 0x0041, 0x0041, 0x0841, 0x0841, 0x0041, 0x0841, 0x0841, 0x0841, 0x0841, 0x0821, 0x0041, 0x0841, 0x0841,
  0x0841, 0x0841, 0x0861, 0x0861, 0x0861, 0x0861, 0x0861, 0x0861, 0x0861, 0x1081, 0x1082, 0x1082, 0x1082, 0x1082, 0x1082, 0x1082,
  0x10A2, 0x10A2, 0x10A2, 0x1082, 0x1082, 0x0861, 0x1061, 0x20C2, 0x10A2, 0x18C3, 0x18C3, 0x18C3, 0x18C3, 0x18E3, 0x20E3, 0x20E3,
  0x20E3, 0x2104, 0x2104, 0x2924, 0x2924, 0x3964, 0x41C5, 0x5A25, 0x72E8, 0x8BAA, 0xA48D, 0xBD50, 0xD5F2, 0xD611, 0xD5D0, 0xCD4D,
  0xBC8A, 0xA3C7, 0x8B05, 0x7243, 0x59C2, 0x4941, 0x3901, 0x30E1, 0x28A0, 0x2080, 0x1880, 0x1060, 0x1040, 0x1040, 0x4982, 0x8284,
  0x6203, 0x6A03, 0x7223, 0x69E2, 0x8AC3, 0xC4A8, 0xEE4F, 0xF733, 0xF734, 0xE62E, 0xCC67, 0xA302, 0x8A61, 0x7221, 0x61C1, 0x5980,
  0x5160, 0x4120, 0x30E0, 0x28A0, 0x20A0, 0x2081, 0x1880, 0x1880, 0x1060, 0x1060, 0x0840, 0x0820, 0x0000, 0x0000, 0x0000, 0x0000,
  0x0020, 0x0841, 0x0841, 0x0861, 0x0841, 0x0840, 0x1082, 0x31A6, 0x632C, 0x73AE, 0x8410, 0x528A, 0x39C7, 0x2965, 0x4208, 0x52AA,
  0x39C7, 0x39C7, 0x4228, 0x4A69, 0x4A49, 0x4228, 0x3186, 0x2945, 0x2124, 0x2104, 0x18E3, 0x1082, 0x0841, 0x1061, 0x1082, 0x18C3,
  0x18E4, 0x2125, 0x3186, 0x2945, 0x2124, 0x3186, 0x2966, 0x2945, 0x3186, 0x2125, 0x3143, 0xEE2D, 0xE4E6, 0xB362, 0x69C0, 0x0841,
  0x0000, 0x0000, 0x0000, 0x0020, 0x0000, 0x0020, 0x0020, 0x0000, 0x0000, 0x0020, 0x0020, 0x0020, 0x0841, 0x0841, 0x0841, 0x0841,
  0x0861, 0x0861, 0x0841, 0x0020, 0x0020, 0x0000, 0x0020, 0x1082, 0x0000, 0x0000, 0x0000, 0x0000, 0x0000, 0x0000, 0x0000, 0x0000,
  0x0000, 0x0000, 0x0000, 0x0000, 0x0000, 0x0000, 0x0000, 0x0000, 0x10A2, 0x0861, 0x0020, 0x39E8, 0x31A6, 0x2103, 0x0882, 0x0841,
  0x0020, 0x0020, 0x0000, 0x0000, 0x0000, 0x7A22, 0x7A22, 0x38C0, 0x2880, 0x0000, 0x0000, 0x0000, 0x0841, 0x0840, 0x0000, 0x0000,
  0x0000, 0x0000, 0x0000, 0x0000, 0x0020, 0x1040, 0x2060, 0x1860, 0x2080, 0x1040, 0x0820, 0x0020, 0x0020, 0x0020, 0x0020, 0x0020,
  0x0020, 0x0021, 0x0041, 0x0821, 0x0841, 0x0841, 0x0041, 0x0841, 0x0841, 0x0841, 0x0041, 0x0021, 0x0821, 0x0841, 0x0841, 0x0841,
  0x0841, 0x0841, 0x0841, 0x0861, 0x0861, 0x0841, 0x0861, 0x0861, 0x0861, 0x1061, 0x1082, 0x1082, 0x1082, 0x1082, 0x1082, 0x1082,
  0x1082, 0x10A2, 0x10A2, 0x10A2, 0x1082, 0x1082, 0x0861, 0x1081, 0x28E2, 0x18C3, 0x18C3, 0x18C3, 0x18E3, 0x18E3, 0x20E3, 0x20E3,
  0x2104, 0x2104, 0x2124, 0x2924, 0x3144, 0x41A4, 0x51E5, 0x6287, 0x8349, 0x9C0B, 0xB4EE, 0xC590, 0xD612, 0xDDF1, 0xD5AF, 0xC50C,
  0xB449, 0x9B87, 0x82C4, 0x6A22, 0x59A1, 0x4941, 0x3901, 0x30C1, 0x28A0, 0x2080, 0x1880, 0x1060, 0x7222, 0x7A43, 0x6A23, 0x61E3,
  0x7223, 0x82A3, 0xA385, 0xCD2A, 0xF6D0, 0xF754, 0xF755, 0xEE70, 0xCCC8, 0xA322, 0x8261, 0x7A21, 0x69E1, 0x69C1, 0x5980, 0x4120,
  0x38E0, 0x28A0, 0x20A0, 0x2080, 0x1880, 0x1880, 0x1880, 0x1060, 0x0840, 0x0820, 0x0020, 0x0000, 0x0000, 0x0000, 0x0000, 0x0020,
  0x0861, 0x10A2, 0x10A2, 0x10A2, 0x1082, 0x0841, 0x0000, 0x18C3, 0x6B4D, 0x9492, 0x6B6E, 0x4A6A, 0x4228, 0x39C7, 0x528A, 0x6B2D,
  0x528A, 0x4208, 0x4228, 0x2965, 0x3186, 0x2124, 0x18E3, 0x18E3, 0x2104, 0x18E3, 0x10A2, 0x1082, 0x0841, 0x0841, 0x2124, 0x39C7,
  0x3186, 0x31A6, 0x31A6, 0x4208, 0x31C7, 0x2965, 0x2965, 0x2104, 0x2124, 0x10C3, 0x8368, 0xFEAF, 0xDC64, 0xAB43, 0x71E0, 0x2080,
  0x0041, 0x0841, 0x0861, 0x0861, 0x0861, 0x1082, 0x1082, 0x10A2, 0x0861, 0x0020, 0x0841, 0x1082, 0x2104, 0x18E4, 0x10C3, 0x10C3,
  0x18E3, 0x18C3, 0x1082, 0x0861, 0x0000, 0x0000, 0x1082, 0x0020, 0x0000, 0x0000, 0x0000, 0x0000, 0x0000, 0x0000, 0x0000, 0x0000,
  0x0000, 0x0000, 0x0000, 0x0000, 0x0000, 0x0000, 0x0000, 0x0000, 0x0000, 0x18C3, 0x0841, 0x4A49, 0x4A6A, 0x2145, 0x1082, 0x0020,
  0x0020, 0x0000, 0x0000, 0x0000, 0x38E0, 0xB364, 0x5960, 0x38E0, 0x1040, 0x0000, 0x0000, 0x0020, 0x1061, 0x0000, 0x0000, 0x0000,
  0x0000, 0x0000, 0x0000, 0x0020, 0x0841, 0x1040, 0x2080, 0x2060, 0x2080, 0x1020, 0x0820, 0x0020, 0x0020, 0x0020, 0x0020, 0x0020,
  0x0020, 0x0021, 0x0041, 0x0841, 0x0841, 0x0021, 0x0041, 0x0841, 0x0841, 0x0841, 0x0841, 0x0020, 0x0040, 0x0041, 0x0841, 0x0841,
  0x0841, 0x0841, 0x0861, 0x0861, 0x0861, 0x0861, 0x0861, 0x0861, 0x0861, 0x1082, 0x1082, 0x1082, 0x1082, 0x1082, 0x10A2, 0x10A2,
  0x10A2, 0x10A2, 0x10A2, 0x10A2, 0x10A3, 0x10A2, 0x10A2, 0x1082, 0x1082, 0x18A2, 0x3122, 0x18E3, 0x18E3, 0x20E3, 0x20E3, 0x2104,
  0x2104, 0x2104, 0x2924, 0x3144, 0x3984, 0x49C5, 0x5A46, 0x72E8, 0x8BAA, 0xA46D, 0xBD2F, 0xCDD1, 0xD611, 0xD5F0, 0xD58E, 0xC4EB,
  0xAC09, 0x9366, 0x82A4, 0x6A02, 0x5181, 0x4141, 0x3901, 0x28C1, 0x20A0, 0x2080, 0x59C3, 0x59E3, 0x7264, 0x7244, 0x61C2, 0x7242,
  0xB406, 0xEE0D, 0xFF74, 0xFFF8, 0xFF96, 0xEE70, 0xD509, 0xAB63, 0x9AC1, 0x7A41, 0x69E1, 0x61A1, 0x5980, 0x5160, 0x4100, 0x28C0,
  0x2080, 0x1880, 0x1880, 0x1880, 0x1860, 0x1861, 0x1060, 0x0820, 0x0820, 0x0000, 0x0000, 0x0000, 0x0000, 0x0020, 0x0861, 0x10A2,
  0x18E3, 0x18E3, 0x18E3, 0x2104, 0x18E3, 0x1082, 0x0020, 0x0861, 0x4229, 0x738E, 0x7BCF, 0x5AEC, 0x4228, 0x3186, 0x3186, 0x2945,
  0x3186, 0x2945, 0x2124, 0x18C3, 0x18E3, 0x2104, 0x18E3, 0x10A2, 0x18C3, 0x18C3, 0x18C3, 0x1082, 0x0841, 0x0861, 0x2965, 0x4A6A,
  0x5AEC, 0x4229, 0x4229, 0x528A, 0x41E8, 0x3186, 0x2965, 0x2945, 0x18C3, 0x20C2, 0xD5AE, 0xFE0C, 0xDC84, 0xA323, 0x61A0, 0x4100,
  0x0861, 0x10A3, 0x18C3, 0x0862, 0x0861, 0x10A2, 0x10A2, 0x1082, 0x0041, 0x0020, 0x0841, 0x1082, 0x1904, 0x18E4, 0x2104, 0x18E3,
  0x18C3, 0x18C3, 0x1082, 0x0841, 0x0000, 0x1040, 0x18A2, 0x0000, 0x0000, 0x0000, 0x0000, 0x0000, 0x0000, 0x0000, 0x0000, 0x0000,
  0x0000, 0x0000, 0x0000, 0x0000, 0x0000, 0x0000, 0x0000, 0x0000, 0x0000, 0x1082, 0x18E3, 0x630D, 0x528A, 0x39C7, 0x18C3, 0x0861,
  0x0020, 0x0000, 0x0000, 0x0000, 0x8AA3, 0xA303, 0x40E0, 0x30C0, 0x0000, 0x0000, 0x0000, 0x0841, 0x0840, 0x0000, 0x0000, 0x0000,
  0x0000, 0x0000, 0x0000, 0x0841, 0x0841, 0x1040, 0x2080, 0x2080, 0x2060, 0x0820, 0x0020, 0x0020, 0x0020, 0x0020, 0x0020, 0x0020,
  0x0020, 0x0020, 0x0020, 0x0041, 0x0841, 0x0841, 0x0041, 0x0841, 0x0841, 0x0841, 0x0841, 0x0841, 0x0841, 0x0041, 0x0841, 0x0841,
  0x0861, 0x0861, 0x0861, 0x0861, 0x0861, 0x0861, 0x0861, 0x0861, 0x1082, 0x1082, 0x10A2, 0x1082, 0x1082, 0x1082, 0x10A2, 0x10A2,
  0x10C3, 0x18C3, 0x18C2, 0x18C3, 0x18C3, 0x18C3, 0x10C3, 0x18C3, 0x10A2, 0x10A2, 0x18A2, 0x3922, 0x4143, 0x20E3, 0x2104, 0x2104,
  0x2104, 0x2924, 0x2924, 0x3164, 0x41A4, 0x5205, 0x6A87, 0x8349, 0x9C0B, 0xB4CE, 0xC570, 0xD5F2, 0xDE11, 0xD5D0, 0xCD4E, 0xBCAB,
  0xA3E8, 0x9325, 0x7A83, 0x61E2, 0x5181, 0x4121, 0x3901, 0x28C1, 0x20A0, 0x6A24, 0x51A3, 0x61E3, 0x7A63, 0xA3A6, 0xCD4B, 0xF6AF,
  0xFF93, 0xFFF7, 0xFFB7, 0xFF13, 0xDD4A, 0xB3A4, 0x92A2, 0x7A41, 0x7A21, 0x69C1, 0x5980, 0x4961, 0x4100, 0x30E0, 0x28A0, 0x2080,
  0x1880, 0x1880, 0x1060, 0x1060, 0x1060, 0x0840, 0x0820, 0x0000, 0x0000, 0x0000, 0x0000, 0x0000, 0x0020, 0x1082, 0x18E3, 0x31A6,
  0x39C7, 0x2104, 0x2124, 0x2945, 0x2124, 0x18E3, 0x0861, 0x0020, 0x18C3, 0x7BCF, 0x8431, 0x630C, 0x4A49, 0x2945, 0x2104, 0x2104,
  0x2103, 0x10A2, 0x18C3, 0x18C3, 0x2124, 0x2124, 0x2104, 0x2104, 0x10A2, 0x2125, 0x2104, 0x18C3, 0x0861, 0x0861, 0x2125, 0x4229,
  0x5B0C, 0x5AEC, 0x6B4D, 0x634D, 0x4208, 0x31A7, 0x2104, 0x2124, 0x1082, 0x5A04, 0xFF12, 0xED27, 0xDC85, 0xA303, 0x6180, 0x5960,
  0x28A1, 0x2125, 0x2145, 0x10A2, 0x0841, 0x1082, 0x18C3, 0x0020, 0x0020, 0x0020, 0x1082, 0x18C3, 0x18E4, 0x18E4, 0x2945, 0x2104,
  0x10A3, 0x0861, 0x0020, 0x0020, 0x1061, 0x3921, 0x0840, 0x0000, 0x0000, 0x0000, 0x0000, 0x0000, 0x0000, 0x0000, 0x0000, 0x0000,
  0x0000, 0x0000, 0x0000, 0x0000, 0x0000, 0x0000, 0x0000, 0x0000, 0x0000, 0x0000, 0x31A6, 0x52AB, 0x4A49, 0x39C7, 0x10A3, 0x0861,
  0x0000, 0x0000, 0x0000, 0x30C0, 0xCC26, 0x69C1, 0x40E0, 0x1840, 0x0000, 0x0000, 0x0020, 0x1082, 0x0020, 0x0000, 0x0000, 0x0000,
  0x0000, 0x0000, 0x0000, 0x0020, 0x0841, 0x0840, 0x2080, 0x2080, 0x1860, 0x0820, 0x0020, 0x0020, 0x0020, 0x0020, 0x0020, 0x0841,
  0x0041, 0x0020, 0x0020, 0x0020, 0x0021, 0x0841, 0x0841, 0x0841, 0x0841, 0x0841, 0x0041, 0x0841, 0x0841, 0x0841, 0x0841, 0x0841,
  0x0841, 0x0861, 0x0861, 0x0881, 0x1081, 0x0861, 0x0861, 0x1082, 0x1082, 0x10A2, 0x10A2, 0x10A2, 0x10A2, 0x10A2, 0x10A2, 0x18C3,
  0x18C3, 0x18C3, 0x18C3, 0x18C3, 0x18E3, 0x18E3, 0x18E3, 0x18C3, 0x18C3, 0x18C3, 0x10A2, 0x18A2, 0x3123, 0x3923, 0x2104, 0x2104,
  0x2124, 0x2924, 0x3144, 0x3984, 0x49E5, 0x5A46, 0x72E8, 0x8BAA, 0xA46D, 0xBD2F, 0xCDB1, 0xD612, 0xDDF1, 0xD5AF, 0xC52D, 0xB46A,
  0xA3A7, 0x8B05, 0x7263, 0x61C2, 0x5161, 0x4121, 0x7265, 0x7A85, 0x6A03, 0x7243, 0x8B04, 0xBC88, 0xEE6E, 0xFF94, 0xFFF8, 0xFFF8,
  0xFF96, 0xF6B0, 0xE549, 0xC3E4, 0x9AC2, 0x8241, 0x7201, 0x61A1, 0x61A1, 0x5161, 0x4100, 0x30C0, 0x20A0, 0x2080, 0x1880, 0x1880,
  0x1860, 0x1060, 0x1040, 0x0840, 0x0820, 0x0820, 0x0000, 0x0000, 0x0000, 0x0000, 0x0020, 0x0861, 0x10A2, 0x2104, 0x2104, 0x2945,
  0x2104, 0x2124, 0x2124, 0x3186, 0x3186, 0x2124, 0x10A2, 0x0020, 0x0841, 0x52AB, 0x6B4D, 0x5AEC, 0x4A49, 0x2124, 0x2104, 0x2104,
  0x18E3, 0x18E3, 0x2124, 0x2124, 0x18E3, 0x2965, 0x2104, 0x2124, 0x39C7, 0x3186, 0x18E3, 0x18C3, 0x1082, 0x0840, 0x10A2, 0x31A7,
  0x4249, 0x5B0C, 0x632D, 0x5AEC, 0x4A49, 0x2966, 0x10A2, 0x18C3, 0x1061, 0xBCCB, 0xFEF0, 0xDCA6, 0xDC86, 0xA302, 0x5980, 0x69A0,
  0x4100, 0x18E3, 0x18E4, 0x1082, 0x0020, 0x0861, 0x18E3, 0x0841, 0x0000, 0x1082, 0x18E4, 0x18E3, 0x18C3, 0x18C3, 0x18E3, 0x18C3,
  0x1082, 0x0020, 0x0020, 0x0841, 0x4141, 0x49A3, 0x0000, 0x0000, 0x0000, 0x0000, 0x0000, 0x0000, 0x0000, 0x0000, 0x0000, 0x0000,
  0x0000, 0x0000, 0x0000, 0x0000, 0x0000, 0x0000, 0x0000, 0x0000, 0x0000, 0x0000, 0x2104, 0x3186, 0x2104, 0x18C3, 0x1082, 0x0840,
  0x0000, 0x0000, 0x0000, 0x9B45, 0xBBC5, 0x40E0, 0x38C0, 0x0000, 0x0000, 0x0000, 0x0861, 0x1061, 0x0000, 0x0000, 0x0000, 0x0000,
  0x0000, 0x0020, 0x0020, 0x0840, 0x0861, 0x0840, 0x2080, 0x2080, 0x1860, 0x1020, 0x0020, 0x0841, 0x0020, 0x0020, 0x0020, 0x0841,
  0x0841, 0x0841, 0x0041, 0x0020, 0x0020, 0x0020, 0x0021, 0x0841, 0x0841, 0x0841, 0x0841, 0x0841, 0x0841, 0x0841, 0x0841, 0x0841,
  0x0841, 0x0861, 0x0861, 0x0882, 0x1082, 0x0861, 0x1082, 0x1082, 0x1082, 0x1082, 0x10A2, 0x10A2, 0x10A2, 0x10A2, 0x18C3, 0x18C3,
  0x18C3, 0x18E3, 0x18E3, 0x18E3, 0x18E3, 0x18E3, 0x18E3, 0x18E3, 0x18E4, 0x18E3, 0x18E3, 0x10A3, 0x10A2, 0x28E2, 0x3943, 0x3123,
  0x2924, 0x3144, 0x3964, 0x41A5, 0x5205, 0x6AA7, 0x8349, 0x9C0B, 0xACCE, 0xC570, 0xD5F2, 0xD611, 0xD5F0, 0xD58E, 0xC4EC, 0xAC29,
  0x9B87, 0x82E4, 0x7243, 0x51E4, 0x51A3, 0x5982, 0x6A02, 0x8B04, 0xBCA9, 0xE670, 0xFF95, 0xFFF7, 0xFFF8, 0xFFD7, 0xFF54, 0xF66F,
  0xDD28, 0xBBC4, 0xA302, 0x8A61, 0x7A01, 0x69E0, 0x61A1, 0x5161, 0x4121, 0x30C0, 0x20A0, 0x2080, 0x1880, 0x1880, 0x1881, 0x1861,
  0x1060, 0x0840, 0x0820, 0x0820, 0x0020, 0x0000, 0x0000, 0x0000, 0x0000, 0x0020, 0x0861, 0x10A2, 0x10A2, 0x2945, 0x3186, 0x2945,
  0x2945, 0x4208, 0x4A49, 0x3186, 0x3186, 0x2104, 0x18E3, 0x0861, 0x0020, 0x4228, 0x8410, 0x634D, 0x39E8, 0x2104, 0x2124, 0x2124,
  0x2124, 0x2124, 0x4228, 0x4229, 0x2945, 0x3186, 0x2965, 0x2965, 0x4A69, 0x39E7, 0x2124, 0x18C3, 0x1082, 0x0841, 0x0841, 0x18E4,
  0x2945, 0x4229, 0x4208, 0x5AEC, 0x528A, 0x31A7, 0x18A2, 0x0041, 0x4982, 0xFF33, 0xF5EB, 0xE4C6, 0xD466, 0xAB02, 0x6180, 0x5980,
  0x5140, 0x20A1, 0x18E4, 0x18E4, 0x1082, 0x0861, 0x1082, 0x18C3, 0x1082, 0x10A2, 0x18E4, 0x18C3, 0x18C3, 0x10A2, 0x10A2, 0x1082,
  0x0020, 0x0841, 0x0841, 0x30E1, 0x6203, 0x1081, 0x0000, 0x0000, 0x0000, 0x0000, 0x0000, 0x0000, 0x0000, 0x0000, 0x0000, 0x0000,
  0x0000, 0x0000, 0x0000, 0x0000, 0x0000, 0x0000, 0x0000, 0x0000, 0x0000, 0x0000, 0x0020, 0x2104, 0x0862, 0x1082, 0x0861, 0x0020,
  0x0000, 0x0000, 0x3901, 0xE4E8, 0x69C1, 0x38C0, 0x2060, 0x0000, 0x0000, 0x0000, 0x1081, 0x0820, 0x0000, 0x0000, 0x0000, 0x0000,
  0x0020, 0x0020, 0x0020, 0x0861, 0x0861, 0x0841, 0x2080, 0x30C0, 0x2060, 0x1040, 0x0020, 0x0841, 0x0020, 0x0020, 0x0020, 0x0041,
  0x0841, 0x0841, 0x0841, 0x0841, 0x0841, 0x0020, 0x0020, 0x0021, 0x0021, 0x0840, 0x0841, 0x0841, 0x0841, 0x0841, 0x0841, 0x0841,
  0x0841, 0x0841, 0x0861, 0x0861, 0x0882, 0x0861, 0x0882, 0x1082, 0x1082, 0x1082, 0x1082, 0x10A2, 0x10A2, 0x10A2, 0x10A2, 0x18C3,
  0x18C3, 0x18E3, 0x2104, 0x2104, 0x2104, 0x1904, 0x18E3, 0x18E3, 0x18E3, 0x2104, 0x2104, 0x2104, 0x18E3, 0x10A3, 0x18C3, 0x2902,
  0x3943, 0x4163, 0x69C3, 0x49E5, 0x6266, 0x7308, 0x8BAA, 0xA46C, 0xB50F, 0xCDB1, 0xD612, 0xDE11, 0xD5D0, 0xCD4E, 0xBCAB, 0xAC08,
  0x4183, 0x59E4, 0x5182, 0x6A02, 0x9325, 0xBCCA, 0xEE90, 0xFF94, 0xFFF7, 0xFFF9, 0xFFFA, 0xFFB7, 0xFF12, 0xEDCB, 0xD4A6, 0xBBA4,
  0xA302, 0x8A81, 0x7201, 0x69C0, 0x61A1, 0x5161, 0x4121, 0x30E1, 0x20A0, 0x1880, 0x1880, 0x1860, 0x1860, 0x1880, 0x1061, 0x1060,
  0x0840, 0x0020, 0x0000, 0x0000, 0x0000, 0x0000, 0x0000, 0x0000, 0x0841, 0x1082, 0x18E3, 0x2124, 0x2965, 0x2945, 0x31A6, 0x31A6,
  0x2945, 0x4A49, 0x4A49, 0x3186, 0x3186, 0x2125, 0x2945, 0x10A2, 0x0020, 0x31A6, 0x8410, 0x632D, 0x4A6A, 0x39C7, 0x31A6, 0x2945,
  0x2965, 0x2124, 0x2945, 0x4208, 0x3A08, 0x39E8, 0x4A49, 0x2104, 0x31C6, 0x52AA, 0x4208, 0x2965, 0x10A2, 0x1082, 0x0841, 0x0841,
  0x1082, 0x1082, 0x18C3, 0x2145, 0x18E4, 0x10A2, 0x0861, 0x1040, 0xB48B, 0xFF94, 0xED27, 0xD486, 0xCC25, 0xA2E2, 0x5960, 0x4940,
  0x5140, 0x2080, 0x10A3, 0x2104, 0x18C3, 0x0861, 0x1082, 0x1082, 0x18C3, 0x1082, 0x10A2, 0x10A3, 0x10A2, 0x10A2, 0x0841, 0x0020,
  0x0861, 0x0861, 0x30E1, 0x7AA4, 0x3942, 0x0000, 0x0000, 0x0000, 0x0000, 0x0000, 0x0000, 0x0000, 0x0000, 0x0000, 0x0000, 0x0000,
  0x0000, 0x0000, 0x0000, 0x0000, 0x0000, 0x0000, 0x0000, 0x0000, 0x0000, 0x0000, 0x0000, 0x1082, 0x0841, 0x0841, 0x0020, 0x0000,
  0x0000, 0x0000, 0xABC6, 0xB3A5, 0x38A0, 0x30C0, 0x0820, 0x0000, 0x0000, 0x0841, 0x0861, 0x0000, 0x0000, 0x0000, 0x0000, 0x0000,
  0x0020, 0x0000, 0x0841, 0x0841, 0x1040, 0x1040, 0x1840, 0x38E0, 0x38E0, 0x1020, 0x0820, 0x0020, 0x0841, 0x0841, 0x0841, 0x0020,
  0x0020, 0x0041, 0x0841, 0x0841, 0x0841, 0x0841, 0x0841, 0x0041, 0x0020, 0x0020, 0x0020, 0x0021, 0x0841, 0x0841, 0x0861, 0x0861,
  0x0861, 0x0861, 0x0861, 0x0861, 0x0861, 0x0861, 0x0861, 0x1082, 0x1082, 0x10A2, 0x10A2, 0x10A2, 0x18A2, 0x18C3, 0x18C3, 0x18C3,
  0x18E3, 0x18E3, 0x18E3, 0x2104, 0x2104, 0x2104, 0x18E4, 0x1904, 0x2104, 0x2104, 0x2125, 0x2104, 0x2104, 0x2104, 0x18E4, 0x1904,
  0x2103, 0x2103, 0x5183, 0x61C4, 0x51A4, 0x8349, 0x9C0B, 0xACAE, 0xBD50, 0xD5D1, 0xD611, 0xD5F1, 0x3964, 0x4183, 0x4142, 0x5161,
  0x7242, 0xA385, 0xCD2A, 0xE690, 0xFFB6, 0xFFFA, 0xFFFB, 0xFFFA, 0xFFD8, 0xFF74, 0xFEB0, 0xED8A, 0xD445, 0xB363, 0x92C2, 0x8241,
  0x7201, 0x69C0, 0x59A0, 0x5161, 0x3901, 0x28C0, 0x20A0, 0x1880, 0x1860, 0x1880, 0x1880, 0x1060, 0x1060, 0x1060, 0x0840, 0x0820,
  0x0000, 0x0000, 0x0000, 0x0000, 0x0000, 0x0000, 0x0000, 0x0861, 0x18C3, 0x2945, 0x2965, 0x39C7, 0x4A69, 0x4208, 0x2104, 0x2104,
  0x632C, 0x5AEC, 0x31A6, 0x2124, 0x31A6, 0x4208, 0x2125, 0x18C3, 0x0840, 0x2124, 0x7BCF, 0x7BEF, 0x5ACB, 0x632C, 0x39A7, 0x2124,
  0x3186, 0x2124, 0x31A6, 0x4208, 0x4229, 0x4A69, 0x52AB, 0x2965, 0x31A6, 0x3186, 0x41E7, 0x39E7, 0x18E3, 0x18C3, 0x0861, 0x0020,
  0x0020, 0x0020, 0x0841, 0x0020, 0x0841, 0x0861, 0x10C3, 0x51A2, 0xF714, 0xFE8F, 0xE507, 0xCC25, 0xBBC4, 0x92A2, 0x5140, 0x4100,
  0x4920, 0x28A0, 0x18C2, 0x2104, 0x10A3, 0x0841, 0x0841, 0x0020, 0x0841, 0x1082, 0x10A2, 0x10A3, 0x0882, 0x0841, 0x0020, 0x0861,
  0x0041, 0x28C0, 0x9346, 0x6224, 0x0020, 0x0000, 0x0000, 0x0000, 0x0000, 0x0000, 0x0000, 0x0000, 0x0000, 0x0000, 0x0000, 0x0000,
  0x0000, 0x0000, 0x0000, 0x0000, 0x0000, 0x0000, 0x0000, 0x0000, 0x0000, 0x0000, 0x0000, 0x0821, 0x1082, 0x0000, 0x0000, 0x0000,
  0x0000, 0x4982, 0xD4A7, 0x6180, 0x30A0, 0x2060, 0x0000, 0x0000, 0x0000, 0x1081, 0x0020, 0x0000, 0x0000, 0x0000, 0x0000, 0x0020,
  0x0020, 0x0020, 0x0020, 0x0840, 0x1040, 0x1040, 0x1020, 0x1860, 0x28A0, 0x1840, 0x0820, 0x0020, 0x0020, 0x0841, 0x0841, 0x0861,
  0x0841, 0x0841, 0x0041, 0x0841, 0x0841, 0x0841, 0x0841, 0x0841, 0x0841, 0x0841, 0x0841, 0x0841, 0x0841, 0x0841, 0x0841, 0x0841,
  0x0861, 0x0861, 0x0861, 0x0881, 0x1082, 0x1082, 0x1082, 0x1082, 0x1082, 0x10A2, 0x10A2, 0x10A2, 0x18C3, 0x18C3, 0x18E3, 0x18E3,
  0x2104, 0x2104, 0x2124, 0x2124, 0x2124, 0x2104, 0x2104, 0x2104, 0x2104, 0x2125, 0x2145, 0x2125, 0x2125, 0x2124, 0x2125, 0x2145,
  0x2125, 0x2124, 0x2104, 0x2145, 0x2985, 0x2965, 0x2944, 0x3165, 0xC591, 0x3123, 0x28C1, 0x4120, 0x7242, 0x9B64, 0xC4C8, 0xE60D,
  0xEED2, 0xF776, 0xF798, 0xF7BA, 0xFFFC, 0xFFDA, 0xFFB7, 0xFF11, 0xF60B, 0xE507, 0xCBE4, 0xAB22, 0x92A2, 0x7A21, 0x69C0, 0x61A0,
  0x5980, 0x4940, 0x3900, 0x28C1, 0x20A0, 0x1880, 0x1880, 0x1860, 0x1881, 0x1060, 0x1060, 0x1040, 0x0820, 0x0820, 0x0000, 0x0000,
  0x0000, 0x0000, 0x0000, 0x0000, 0x0000, 0x0020, 0x1082, 0x18E3, 0x2945, 0x2965, 0x39E7, 0x39E7, 0x4228, 0x4A49, 0x2966, 0x31A7,
  0x528A, 0x4228, 0x2945, 0x39E7, 0x39E7, 0x4228, 0x3186, 0x18C3, 0x0020, 0x2104, 0x8C72, 0x9492, 0x5AEB, 0x5AEB, 0x4208, 0x4228,
  0x2104, 0x3186, 0x39E7, 0x3186, 0x39E8, 0x52AB, 0x39C7, 0x5289, 0x6B4C, 0x52AA, 0x4A49, 0x39C6, 0x10A2, 0x1082, 0x0841, 0x0841,
  0x0020, 0x1082, 0x2104, 0x2125, 0x2104, 0x18E4, 0x0820, 0xAC49, 0xFFD6, 0xED68, 0xDCA6, 0xC405, 0xB363, 0x92C2, 0x5140, 0x40E0,
  0x4100, 0x38C0, 0x1860, 0x2125, 0x18C3, 0x0000, 0x0000, 0x0000, 0x0000, 0x0862, 0x1082, 0x0861, 0x0020, 0x0861, 0x0861, 0x0841,
  0x2080, 0x9346, 0x8306, 0x1881, 0x0000, 0x0000, 0x0000, 0x0000, 0x0000, 0x0000, 0x0000, 0x0000, 0x0000, 0x0000, 0x0000, 0x0000,
  0x0000, 0x0000, 0x0000, 0x0000, 0x0000, 0x0000, 0x0000, 0x0000, 0x0000, 0x0000, 0x0000, 0x0000, 0x0861, 0x0020, 0x0000, 0x0000,
  0x0820, 0xAB85, 0x92C2, 0x30A0, 0x30A0, 0x0820, 0x0000, 0x0000, 0x0861, 0x0841, 0x0000, 0x0020, 0x0000, 0x0000, 0x0000, 0x0020,
  0x0841, 0x0020, 0x0820, 0x1860, 0x1860, 0x1040, 0x1020, 0x0820, 0x1020, 0x1840, 0x1860, 0x1860, 0x1040, 0x0820, 0x0000, 0x0020,
  0x0841, 0x0861, 0x0861, 0x0861, 0x0841, 0x0841, 0x0841, 0x0841, 0x0841, 0x0841, 0x0841, 0x0841, 0x0841, 0x0841, 0x0841, 0x0861,
  0x0861, 0x0861, 0x0861, 0x1082, 0x1082, 0x1082, 0x10A2, 0x10A2, 0x10A2, 0x18C3, 0x18C3, 0x18C3, 0x18E3, 0x18E3, 0x18E3, 0x2103,
  0x2104, 0x2104, 0x2124, 0x2124, 0x2125, 0x2125, 0x2124, 0x2125, 0x2145, 0x2945, 0x2945, 0x2945, 0x2965, 0x2966, 0x2966, 0x2986,
  0x2986, 0x2986, 0x2945, 0x2924, 0x2923, 0x28C1, 0x30C0, 0x5120, 0x7221, 0xA364, 0xBC67, 0xDDAC, 0xEED2, 0xF757, 0xFFD9, 0xFFFB,
  0xEF7B, 0xEF7B, 0xEF79, 0xF757, 0xFF54, 0xF64D, 0xE528, 0xCC25, 0xBB83, 0xA2E2, 0x8A41, 0x7201, 0x69C0, 0x61A0, 0x5160, 0x4121,
  0x30E1, 0x28C1, 0x20A1, 0x1881, 0x1881, 0x1861, 0x1060, 0x1060, 0x1061, 0x1040, 0x0820, 0x0020, 0x0000, 0x0000, 0x0000, 0x0000,
  0x0000, 0x0000, 0x0000, 0x0000, 0x0020, 0x10A2, 0x18E3, 0x2945, 0x2966, 0x4A49, 0x632C, 0x4208, 0x528A, 0x31A6, 0x2965, 0x39C7,
  0x2104, 0x2104, 0x2104, 0x39C7, 0x6B6E, 0x4A49, 0x2124, 0x18C3, 0x0000, 0x2945, 0x73AF, 0x632C, 0x632C, 0x4228, 0x31A6, 0x3186,
  0x39A6, 0x3186, 0x4208, 0x528A, 0x4208, 0x4A49, 0x3186, 0x4207, 0x5289, 0x5ACB, 0x3165, 0x18E3, 0x0861, 0x0881, 0x0020, 0x0020,
  0x0861, 0x2125, 0x2966, 0x4208, 0x39E7, 0x1082, 0x4960, 0xF734, 0xFEAF, 0xE4C5, 0xCC45, 0xBBA4, 0xAB63, 0x92A2, 0x5980, 0x38E0,
  0x38E0, 0x30C0, 0x1840, 0x1081, 0x0861, 0x0000, 0x0000, 0x0020, 0x0000, 0x0861, 0x0861, 0x0841, 0x0861, 0x1082, 0x0841, 0x2080,
  0xA3A7, 0xA3A7, 0x30C1, 0x0820, 0x0000, 0x0000, 0x0000, 0x0000, 0x0000, 0x0000, 0x0000, 0x0000, 0x0000, 0x0000, 0x0000, 0x0000,
  0x0000, 0x0000, 0x0000, 0x0000, 0x0000, 0x0000, 0x0000, 0x0000, 0x0000, 0x0000, 0x0000, 0x0000, 0x0020, 0x0861, 0x0000, 0x0000,
  0x4141, 0xA303, 0x5120, 0x30A0, 0x1860, 0x0000, 0x0000, 0x0000, 0x1081, 0x0000, 0x0000, 0x0000, 0x0000, 0x0020, 0x0000, 0x0000,
  0x0841, 0x0000, 0x1860, 0x2080, 0x1860, 0x1840, 0x1040, 0x1020, 0x1020, 0x1020, 0x1040, 0x2080, 0x30C0, 0x30E0, 0x28C0, 0x20A0,
  0x1040, 0x0840, 0x0841, 0x0861, 0x0861, 0x0861, 0x0861, 0x0861, 0x0841, 0x0841, 0x0841, 0x0841, 0x0841, 0x0861, 0x0861, 0x0861,
  0x0861, 0x0882, 0x1082, 0x1082, 0x1082, 0x1082, 0x10A2, 0x10A2, 0x18C2, 0x18E3, 0x18E3, 0x18E3, 0x2104, 0x2104, 0x2124, 0x2124,
  0x2144, 0x2945, 0x2945, 0x2965, 0x2965, 0x2965, 0x2965, 0x2966, 0x2966, 0x2986, 0x2986, 0x2965, 0x2945, 0x2924, 0x2903, 0x28E2,
  0x38E1, 0x48E0, 0x5120, 0x71C0, 0xA2E1, 0xB384, 0xCCC9, 0xE5EE, 0xF6D3, 0xFFD8, 0xFFD9, 0xEF9A, 0xEF7C, 0xEF7C, 0xF7DC, 0xFFDA,
  0xEF36, 0xEEB2, 0xE5CC, 0xDCE7, 0xCC45, 0xBB62, 0x9AC2, 0x8A81, 0x8221, 0x71E0, 0x61A0, 0x5160, 0x4920, 0x3901, 0x28C1, 0x20A1,
  0x20A1, 0x2081, 0x1881, 0x1881, 0x1861, 0x1061, 0x1060, 0x0840, 0x0820, 0x0020, 0x0000, 0x0000, 0x0000, 0x0000, 0x0000, 0x0000,
  0x0000, 0x0000, 0x0000, 0x0000, 0x1082, 0x2945, 0x4208, 0x39C7, 0x31A6, 0x39C7, 0x4A49, 0x2965, 0x31A6, 0x2965, 0x3186, 0x2966,
  0x2945, 0x18E3, 0x2124, 0x39E7, 0x73AF, 0x630C, 0x2104, 0x10A2, 0x0000, 0x18E3, 0x73CF, 0x8431, 0x73AF, 0x4229, 0x2124, 0x2124,
  0x6B4D, 0x31C7, 0x4A49, 0x83EF, 0x4A28, 0x2965, 0x2945, 0x2124, 0x2945, 0x4A49, 0x2145, 0x10A2, 0x0861, 0x0861, 0x0020, 0x0020,
  0x18E3, 0x31A7, 0x4229, 0x3A08, 0x31C7, 0x1040, 0xB48A, 0xFFF9, 0xED69, 0xDC85, 0xC404, 0xB384, 0xA323, 0x8A81, 0x5980, 0x38E0,
  0x38C0, 0x28A0, 0x1840, 0x0840, 0x0861, 0x0040, 0x0020, 0x0020, 0x0000, 0x0020, 0x0861, 0x0861, 0x1061, 0x1061, 0x3100, 0xB449,
  0xB429, 0x28C0, 0x1061, 0x0000, 0x0000, 0x0000, 0x0000, 0x0000, 0x0000, 0x0000, 0x0000, 0x0000, 0x0000, 0x0000, 0x0000, 0x0000,
  0x0000, 0x0000, 0x0000, 0x0000, 0x0000, 0x0000, 0x0000, 0x0000, 0x0000, 0x0000, 0x0000, 0x0000, 0x0000, 0x0861, 0x0020, 0x0000,
  0x69E1, 0x69C1, 0x28A0, 0x28A0, 0x0800, 0x0000, 0x0000, 0x0841, 0x0841, 0x0000, 0x0020, 0x0000, 0x0000, 0x0020, 0x0020, 0x0000,
  0x0020, 0x0000, 0x1880, 0x2080, 0x1860, 0x1860, 0x1840, 0x1840, 0x1840, 0x1860, 0x1860, 0x1840, 0x1860, 0x2080, 0x28A0, 0x28C0,
  0x28A0, 0x2080, 0x2080, 0x2080, 0x1860, 0x1860, 0x1881, 0x1881, 0x18A1, 0x18A2, 0x10A2, 0x1082, 0x1082, 0x1082, 0x1082, 0x1082,
  0x1082, 0x10A2, 0x10A2, 0x10A2, 0x18C3, 0x18C3, 0x18C3, 0x18C3, 0x18E3, 0x2104, 0x2104, 0x2124, 0x2124, 0x2124, 0x2924, 0x2944,
  0x2944, 0x2945, 0x2965, 0x2945, 0x2944, 0x2924, 0x2903, 0x2903, 0x28E2, 0x30E2, 0x38E1, 0x38C0, 0x5100, 0x6960, 0x79C0, 0x9A80,
  0xB363, 0xCC66, 0xDD4A, 0xEE4F, 0xFF75, 0xF778, 0xF79B, 0xEF9C, 0xEF7C, 0xFFFD, 0xF7BC, 0xEF7B, 0xF779, 0xEF15, 0xF6D1, 0xF60D,
  0xD4C8, 0xBBE4, 0xAB22, 0x9AC1, 0x8A61, 0x7A01, 0x69C0, 0x61A0, 0x5980, 0x4941, 0x3901, 0x30C0, 0x28A0, 0x20A0, 0x20A1, 0x1881,
  0x1881, 0x1881, 0x1881, 0x1861, 0x1060, 0x0840, 0x0820, 0x0000, 0x0000, 0x0000, 0x0000, 0x0000, 0x0000, 0x0000, 0x0020, 0x0020,
  0x0841, 0x0840, 0x0000, 0x0000, 0x10A2, 0x39E8, 0x5ACB, 0x4A6A, 0x31A7, 0x4208, 0x39E7, 0x39C7, 0x3186, 0x2965, 0x2945, 0x2104,
  0x18E3, 0x2104, 0x2104, 0x52AA, 0x6B4D, 0x39E7, 0x2124, 0x10A2, 0x0000, 0x18E3, 0x8430, 0x7BCF, 0x738E, 0x5AEC, 0x2945, 0x2945,
  0x4208, 0x31A6, 0x2945, 0x2966, 0x2965, 0x2104, 0x2945, 0x18C3, 0x18E3, 0x2965, 0x18E3, 0x0861, 0x0861, 0x0861, 0x0020, 0x1082,
  0x31A7, 0x31A7, 0x4A6A, 0x4208, 0x0882, 0x5180, 0xF756, 0xFEF2, 0xDCA5, 0xD486, 0xBBA4, 0xA343, 0x9AE2, 0x8241, 0x5980, 0x38C0,
  0x30A0, 0x2080, 0x1860, 0x0820, 0x0861, 0x0861, 0x0840, 0x0000, 0x0020, 0x1082, 0x1081, 0x0861, 0x0840, 0x4981, 0xCCEA, 0xBC29,
  0x30A0, 0x1061, 0x0041, 0x0000, 0x0000, 0x0000, 0x0000, 0x0000, 0x0000, 0x0000, 0x0000, 0x0000, 0x0000, 0x0000, 0x0000, 0x0000,
  0x0000, 0x0000, 0x0000, 0x0000, 0x0000, 0x0000, 0x0000, 0x0000, 0x0000, 0x0000, 0x0000, 0x0000, 0x0000, 0x0000, 0x0841, 0x1860,
  0x5980, 0x38E0, 0x2080, 0x1840, 0x0000, 0x0000, 0x0020, 0x0861, 0x0000, 0x0000, 0x0000, 0x0000, 0x0000, 0x0040, 0x0841, 0x0020,
  0x0000, 0x0020, 0x20A0, 0x28A0, 0x2080, 0x2880, 0x2080, 0x2080, 0x2060, 0x2060, 0x2060, 0x1860, 0x1860, 0x1860, 0x1860, 0x2060,
  0x2060, 0x1860, 0x1860, 0x1860, 0x1860, 0x1860, 0x1860, 0x1860, 0x1860, 0x1860, 0x1880, 0x1860, 0x1880, 0x1880, 0x1880, 0x1880,
  0x1881, 0x1881, 0x1881, 0x1881, 0x1881, 0x1882, 0x18A1, 0x18A2, 0x18A2, 0x20A2, 0x20A2, 0x20A2, 0x20A1, 0x20A1, 0x20A1, 0x28A1,
  0x28A0, 0x28A0, 0x30A0, 0x38C0, 0x40C0, 0x5100, 0x6140, 0x71A0, 0x8200, 0x9A80, 0xB321, 0xBBC4, 0xD4A7, 0xE56C, 0xEE2F, 0xF6D3,
  0xF757, 0xF77A, 0xEF9B, 0xEFBC, 0xFFFE, 0xEF7D, 0xEF7C, 0xEF7B, 0xEF79, 0xFFB7, 0xF712, 0xEE2E, 0xE56A, 0xCC86, 0xC3E4, 0xB342,
  0x9AA1, 0x8241, 0x71E0, 0x69A0, 0x61A0, 0x5160, 0x4940, 0x4101, 0x30E1, 0x28A0, 0x20A0, 0x2080, 0x1880, 0x1880, 0x1880, 0x1881,
  0x1861, 0x1081, 0x1061, 0x0840, 0x0820, 0x0000, 0x0000, 0x0000, 0x0000, 0x0000, 0x0000, 0x0000, 0x0020, 0x0821, 0x1082, 0x10A2,
  0x10A2, 0x1082, 0x0020, 0x0000, 0x2104, 0x4A6A, 0x4A6A, 0x39C7, 0x4229, 0x39E7, 0x4208, 0x52AB, 0x4229, 0x3186, 0x2986, 0x39E8,
  0x4A49, 0x2124, 0x31A6, 0x4A49, 0x738E, 0x39E7, 0x10A2, 0x0882, 0x0000, 0x10C3, 0x6B4D, 0x8C51, 0x738E, 0x5AEB, 0x2986, 0x39C7,
  0x4A69, 0x2124, 0x2104, 0x2945, 0x2104, 0x1082, 0x18C3, 0x2104, 0x18C3, 0x10A2, 0x10A2, 0x1082, 0x0020, 0x0841, 0x0000, 0x10A3,
  0x39E8, 0x39E8, 0x4208, 0x2145, 0x0800, 0xAC49, 0xFFFB, 0xED69, 0xD465, 0xC3E4, 0xAB43, 0x9AE2, 0x8A82, 0x7A21, 0x5160, 0x38E0,
  0x28A0, 0x2060, 0x2060, 0x0820, 0x1040, 0x0041, 0x0020, 0x0861, 0x1082, 0x1081, 0x0840, 0x1020, 0x6A44, 0xD50B, 0x9B47, 0x30A0,
  0x1020, 0x2064, 0x0000, 0x0000, 0x0000, 0x0000, 0x0000, 0x0000, 0x0000, 0x0000, 0x0000, 0x0000, 0x0000, 0x0000, 0x0000, 0x0000,
  0x0000, 0x0000, 0x0000, 0x0000, 0x0000, 0x0000, 0x0000, 0x0000, 0x0000, 0x0000, 0x0000, 0x0000, 0x0000, 0x0000, 0x0861, 0x20A1,
  0x28A0, 0x2060, 0x1860, 0x0000, 0x0000, 0x0000, 0x0841, 0x0040, 0x0000, 0x0020, 0x0000, 0x0000, 0x0020, 0x0020, 0x0841, 0x0841,
  0x0020, 0x0820, 0x30C0, 0x30E0, 0x38E0, 0x38E0, 0x30A0, 0x30A0, 0x30C0, 0x30C0, 0x30C0, 0x30C0, 0x30C0, 0x30C0, 0x30C0, 0x30C0,
  0x30C0, 0x30C0, 0x30C0, 0x30C0, 0x28A0, 0x28A0, 0x28A0, 0x28A0, 0x28A0, 0x2880, 0x28A0, 0x2880, 0x2080, 0x2880, 0x2880, 0x2880,
  0x2880, 0x2880, 0x28A0, 0x2880, 0x30A0, 0x30A0, 0x30A0, 0x30A0, 0x38C0, 0x40E0, 0x4900, 0x5120, 0x5920, 0x6160, 0x6980, 0x71A0,
  0x81E0, 0x9220, 0xA280, 0xB321, 0xCC03, 0xD465, 0xDCE8, 0xEDAC, 0xEE2F, 0xF6B2, 0xFF56, 0xFF99, 0xF79B, 0xEF9D, 0xF7BE, 0xF7DE,
  0xF7BD, 0xF7BD, 0xF7BC, 0xF7BB, 0xFFDA, 0xF756, 0xF6F3, 0xF64E, 0xE5AA, 0xE527, 0xD465, 0xBB83, 0xA2E2, 0x9281, 0x8241, 0x7A01,
  0x69C0, 0x5980, 0x5140, 0x4120, 0x3901, 0x30C1, 0x28A1, 0x20A1, 0x2081, 0x1880, 0x1880, 0x1880, 0x1861, 0x1060, 0x1061, 0x1060,
  0x1040, 0x0820, 0x0020, 0x0000, 0x0000, 0x0000, 0x0000, 0x0000, 0x0000, 0x0020, 0x0040, 0x0861, 0x18C3, 0x2104, 0x2124, 0x2104,
  0x18C3, 0x10A2, 0x0841, 0x0840, 0x2986, 0x634D, 0x6B4D, 0x632D, 0x528A, 0x4A49, 0x52AA, 0x4208, 0x630C, 0x4229, 0x2945, 0x4208,
  0x5ACB, 0x4208, 0x2945, 0x39C7, 0x73AF, 0x31A7, 0x1082, 0x0861, 0x0000, 0x10A2, 0x52CB, 0x8C72, 0x5AEC, 0x3186, 0x2945, 0x2945,
  0x2945, 0x10A2, 0x1082, 0x10A2, 0x10A2, 0x0861, 0x1082, 0x1082, 0x10A2, 0x1082, 0x0861, 0x0861, 0x0020, 0x0040, 0x0000, 0x18C3,
  0x2966, 0x2145, 0x2124, 0x0000, 0x4120, 0xF716, 0xFF34, 0xD465, 0xC405, 0xBB83, 0xA323, 0x8AA2, 0x7A41, 0x69E1, 0x5160, 0x38E0,
  0x2880, 0x2060, 0x1860, 0x0820, 0x0820, 0x0861, 0x1061, 0x18A1, 0x1081, 0x1040, 0x3101, 0x9346, 0xBC49, 0x6203, 0x1840, 0x1020,
  0x1082, 0x0821, 0x0000, 0x0000, 0x0000, 0x0000, 0x0000, 0x0000, 0x0000, 0x0000, 0x0000, 0x0000, 0x0000, 0x0000, 0x0000, 0x0000,
  0x0000, 0x0000, 0x0000, 0x0000, 0x0000, 0x0000, 0x0000, 0x0000, 0x0000, 0x0000, 0x0000, 0x0000, 0x0000, 0x0000, 0x0020, 0x18C3,
  0x0820, 0x1860, 0x0820, 0x0000, 0x0000, 0x0020, 0x0861, 0x0000, 0x0020, 0x0000, 0x0000, 0x0020, 0x0861, 0x0841, 0x0020, 0x0861,
  0x0021, 0x0020, 0x30E1, 0x4941, 0x5160, 0x5140, 0x4920, 0x5140, 0x5160, 0x5140, 0x4940, 0x4940, 0x5140, 0x5140, 0x5160, 0x5960,
  0x5140, 0x5140, 0x5140, 0x5140, 0x5140, 0x5140, 0x5160, 0x5960, 0x5960, 0x5960, 0x5960, 0x5960, 0x5960, 0x6180, 0x6180, 0x6180,
  0x6180, 0x69A0, 0x71C0, 0x79E0, 0x8220, 0x8A40, 0x8A40, 0x9260, 0xA2A0, 0xAAC1, 0xBB42, 0xCBA3, 0xCBE3, 0xDC85, 0xE508, 0xED6A,
  0xF5EC, 0xFE6F, 0xFEF3, 0xFF76, 0xFFB9, 0xFFFC, 0xFFFD, 0xFFFE, 0xFFFF, 0xFFFF, 0xFFFF, 0xFFFF, 0xFFFE, 0xFFFD, 0xFFFC, 0xFFDA,
  0xFFB8, 0xFF75, 0xFEF1, 0xF64D, 0xED89, 0xE4E7, 0xD445, 0xC3A3, 0xAB02, 0x9AA1, 0x9261, 0x8221, 0x69E0, 0x61A0, 0x5980, 0x5161,
  0x4121, 0x3901, 0x30E1, 0x28A1, 0x20A1, 0x2081, 0x1881, 0x1881, 0x1880, 0x1860, 0x1881, 0x1061, 0x1060, 0x1040, 0x0840, 0x0820,
  0x0000, 0x0000, 0x0000, 0x0000, 0x0000, 0x0000, 0x0000, 0x0020, 0x0861, 0x10A2, 0x10C3, 0x2945, 0x3186, 0x31A7, 0x2966, 0x2986,
  0x18E3, 0x10A2, 0x0841, 0x0861, 0x39E8, 0x634D, 0x7BD0, 0x6B4D, 0x632D, 0x5AEC, 0x738E, 0x630C, 0x5AEB, 0x4A49, 0x2965, 0x528A,
  0x5ACB, 0x7BF0, 0x39C7, 0x31A6, 0x4249, 0x2124, 0x1082, 0x0861, 0x0020, 0x1082, 0x4229, 0x4208, 0x2945, 0x2104, 0x1082, 0x1082,
  0x10A2, 0x0841, 0x0020, 0x0841, 0x0841, 0x0020, 0x0841, 0x0020, 0x0841, 0x0841, 0x0841, 0x0020, 0x0020, 0x0020, 0x0000, 0x0861,
  0x0861, 0x0841, 0x0861, 0x1040, 0xAC27, 0xFFFA, 0xE589, 0xBB83, 0xAB63, 0xA302, 0x92A2, 0x7A41, 0x7201, 0x61C0, 0x5140, 0x38C0,
  0x2880, 0x2060, 0x1840, 0x0820, 0x0800, 0x1040, 0x1060, 0x1040, 0x28E1, 0x7A84, 0xABE8, 0x7A84, 0x2880, 0x0820, 0x0820, 0x0841,
  0x1082, 0x0000, 0x0000, 0x0000, 0x0000, 0x0000, 0x0000, 0x0000, 0x0000, 0x0000, 0x0000, 0x0000, 0x0000, 0x0000, 0x0000, 0x0000,
  0x0000, 0x0000, 0x0000, 0x0000, 0x0000, 0x0000, 0x0000, 0x0000, 0x0000, 0x0000, 0x0000, 0x0000, 0x0000, 0x0000, 0x0000, 0x1062,
  0x1082, 0x0820, 0x0000, 0x0000, 0x0000, 0x0841, 0x0820, 0x0000, 0x0000, 0x0000, 0x0020, 0x0841, 0x0861, 0x0861, 0x0020, 0x0841,
  0x0841, 0x0000, 0x28C0, 0x5161, 0x5981, 0x61A1, 0x61C1, 0x69C0, 0x69C0, 0x69E1, 0x7201, 0x7A41, 0x8261, 0x8240, 0x8260, 0x8240,
  0x7A20, 0x7200, 0x7A21, 0x7A00, 0x7A20, 0x7A20, 0x8220, 0x8A40, 0x8A40, 0x9260, 0x9260, 0x9A80, 0x9A80, 0xA2C0, 0xA2E0, 0xAB01,
  0xB321, 0xBB82, 0xCBE3, 0xD424, 0xDCA5, 0xE4E7, 0xED48, 0xF5AA, 0xF60D, 0xF64F, 0xF671, 0xF6D3, 0xF736, 0xF778, 0xF79A, 0xF7BC,
  0xF7DD, 0xF7DE, 0xF7DE, 0xEFBE, 0xF7BE, 0xFFFE, 0xFFFD, 0xFFFC, 0xFFDA, 0xFFB9, 0xFF97, 0xFF55, 0xFF12, 0xFEAF, 0xF64D, 0xEDAA,
  0xE4E7, 0xD445, 0xC3C3, 0xB342, 0xAB02, 0x9A81, 0x8241, 0x79E0, 0x69C0, 0x61A0, 0x5980, 0x4941, 0x3901, 0x30E1, 0x28C1, 0x28C1,
  0x20A1, 0x20A1, 0x2081, 0x1881, 0x1881, 0x1880, 0x1881, 0x1881, 0x1060, 0x1081, 0x1060, 0x0840, 0x0820, 0x0020, 0x0000, 0x0000,
  0x0000, 0x0000, 0x0000, 0x0000, 0x0020, 0x0841, 0x10A2, 0x10A2, 0x2124, 0x2965, 0x2966, 0x39C7, 0x4228, 0x4229, 0x4A69, 0x2124,
  0x10A3, 0x1082, 0x0841, 0x0020, 0x18C3, 0x2124, 0x2945, 0x3186, 0x31A6, 0x2966, 0x31A6, 0x4A49, 0x39C7, 0x2965, 0x31A6, 0x4A8A,
  0x39C7, 0x5ACB, 0x4A49, 0x528A, 0x39E8, 0x2945, 0x1082, 0x0861, 0x0020, 0x0841, 0x18E4, 0x10A2, 0x0841, 0x0841, 0x0000, 0x0020,
  0x0020, 0x0000, 0x0000, 0x0020, 0x0000, 0x0000, 0x0000, 0x0000, 0x0000, 0x0000, 0x0000, 0x0000, 0x0000, 0x0000, 0x0020, 0x0000,
  0x0861, 0x0861, 0x0021, 0x51A0, 0xF714, 0xFF55, 0xCC03, 0xAB43, 0x92C2, 0x8241, 0x7A41, 0x69E1, 0x69E1, 0x5980, 0x4120, 0x30C0,
  0x2880, 0x1860, 0x1020, 0x0000, 0x0000, 0x1020, 0x1880, 0x51C3, 0x82A5, 0x6A24, 0x20A0, 0x0800, 0x0820, 0x0820, 0x0000, 0x0841,
  0x0000, 0x0000, 0x0000, 0x0000, 0x0000, 0x0000, 0x0000, 0x0000, 0x0000, 0x0000, 0x0000, 0x0000, 0x0000, 0x0000, 0x0000, 0x0000,
  0x0000, 0x0000, 0x0000, 0x0000, 0x0000, 0x0000, 0x0000, 0x0000, 0x0000, 0x0000, 0x0000, 0x0000, 0x0000, 0x0000, 0x0000, 0x0000,
  0x10A2, 0x0020, 0x0000, 0x0000, 0x0020, 0x0020, 0x0020, 0x0000, 0x0000, 0x0020, 0x0840, 0x0861, 0x0861, 0x0861, 0x0841, 0x0841,
  0x0841, 0x0000, 0x1060, 0x4121, 0x59A1, 0x61E1, 0x69E1, 0x7A21, 0x8262, 0x8282, 0x8AA2, 0x92C2, 0x9AE2, 0x9B03, 0xA323, 0x9AE2,
  0xA302, 0x9B02, 0xAB43, 0xAB43, 0xBB83, 0xBBA4, 0xC3E4, 0xCC25, 0xD466, 0xDCA7, 0xE508, 0xE549, 0xE549, 0xEDAB, 0xEDED, 0xF62E,
  0xF690, 0xFEF2, 0xFF13, 0xFF55, 0xFF97, 0xFFD8, 0xFFF9, 0xFFFB, 0xFFFC, 0xFFFC, 0xF7DB, 0xF7DB, 0xF7BA, 0xF79A, 0xF79A, 0xF778,
  0xF777, 0xF756, 0xF735, 0xFF13, 0xF6F2, 0xFEF0, 0xFEAE, 0xF62C, 0xF5CA, 0xED68, 0xE4E7, 0xDC85, 0xCC04, 0xBBA3, 0xB322, 0xA2E1,
  0x9281, 0x8A41, 0x7A21, 0x71E1, 0x61A0, 0x5160, 0x4941, 0x4121, 0x3901, 0x30E1, 0x28C1, 0x20A1, 0x20A1, 0x20A1, 0x20A1, 0x1881,
  0x1881, 0x1881, 0x1860, 0x1881, 0x1860, 0x1060, 0x1060, 0x0840, 0x0820, 0x0840, 0x0820, 0x0000, 0x0000, 0x0000, 0x0000, 0x0000,
  0x0000, 0x0020, 0x0020, 0x0861, 0x1082, 0x10A2, 0x2965, 0x3186, 0x3186, 0x3A08, 0x528A, 0x528A, 0x5AEB, 0x528A, 0x4A6A, 0x2125,
  0x18C3, 0x0861, 0x0020, 0x0000, 0x0000, 0x1081, 0x0861, 0x0841, 0x0020, 0x0841, 0x0841, 0x1082, 0x1082, 0x0861, 0x10A2, 0x18E3,
  0x18E3, 0x2104, 0x2124, 0x2945, 0x31A6, 0x18E3, 0x0861, 0x0841, 0x0000, 0x0020, 0x0020, 0x0020, 0x0000, 0x0000, 0x0020, 0x0861,
  0x1082, 0x1082, 0x0861, 0x0861, 0x0841, 0x0020, 0x0000, 0x0000, 0x0000, 0x0000, 0x0000, 0x0000, 0x0020, 0x0020, 0x0861, 0x1082,
  0x18C3, 0x0841, 0x1040, 0xAC07, 0xFFFB, 0xDD49, 0xAB21, 0x9AE2, 0x8241, 0x7A21, 0x69E0, 0x61A0, 0x5980, 0x5140, 0x38E0, 0x30A0,
  0x2880, 0x1860, 0x0820, 0x0000, 0x0000, 0x0820, 0x20A0, 0x30E1, 0x1040, 0x0000, 0x0000, 0x0820, 0x0800, 0x0000, 0x0861, 0x0841,
  0x0000, 0x0000, 0x0000, 0x0000, 0x0000, 0x0000, 0x0000, 0x0000, 0x0000, 0x0000, 0x0000, 0x0000, 0x0000, 0x0000, 0x0000, 0x0000,
  0x0000, 0x0000, 0x0000, 0x0000, 0x0000, 0x0000, 0x0000, 0x0000, 0x0000, 0x0000, 0x0000, 0x0000, 0x0000, 0x0000, 0x0000, 0x0000,
  0x0841, 0x10A2, 0x0000, 0x0020, 0x0020, 0x0000, 0x0000, 0x0000, 0x0020, 0x0841, 0x0841, 0x0861, 0x1082, 0x0861, 0x0841, 0x0861,
  0x0841, 0x0000, 0x0820, 0x1880, 0x3901, 0x4961, 0x59A1, 0x7201, 0x7A62, 0x8282, 0x8AC2, 0xA343, 0xA344, 0xAB65, 0xB3A5, 0xBBE5,
  0xD467, 0xD4A7, 0xE529, 0xED6A, 0xF58A, 0xFDEC, 0xFE8F, 0xFEF1, 0xFEF1, 0xFF12, 0xFF53, 0xFF73, 0xFF73, 0xFF74, 0xFF95, 0xFF95,
  0xFF75, 0xFF75, 0xFF34, 0xFF12, 0xFEF2, 0xFED1, 0xFEB0, 0xFE90, 0xFE6E, 0xFE2D, 0xF60C, 0xF5EB, 0xF5CA, 0xED89, 0xED48, 0xE507,
  0xE4E7, 0xDCC6, 0xDC85, 0xD444, 0xCC03, 0xBB82, 0xAB42, 0xAB01, 0xA2E2, 0x92A1, 0x8A61, 0x8241, 0x7A01, 0x69C1, 0x61C1, 0x59A1,
  0x5161, 0x4941, 0x4121, 0x3901, 0x30E1, 0x28C1, 0x28C1, 0x20C1, 0x20C1, 0x20A1, 0x20A1, 0x20A1, 0x18A1, 0x18A1, 0x1881, 0x1881,
  0x1881, 0x1061, 0x1061, 0x1060, 0x0840, 0x0840, 0x0820, 0x0000, 0x0000, 0x0000, 0x0000, 0x0000, 0x0000, 0x0000, 0x0841, 0x0861,
  0x0841, 0x0861, 0x1082, 0x18E3, 0x2945, 0x2966, 0x3186, 0x3186, 0x2965, 0x2965, 0x632D, 0x8410, 0x632C, 0x4228, 0x2965, 0x2104,
  0x18E3, 0x0841, 0x0000, 0x0000, 0x10A2, 0x39C7, 0x2965, 0x10A2, 0x1082, 0x0861, 0x0841, 0x0000, 0x0000, 0x0000, 0x0020, 0x0000,
  0x0000, 0x0000, 0x0000, 0x0020, 0x0841, 0x0841, 0x0841, 0x0020, 0x0000, 0x0000, 0x0000, 0x0000, 0x10A3, 0x3186, 0x2966, 0x2966,
  0x2945, 0x2125, 0x2945, 0x10C3, 0x1082, 0x0841, 0x0861, 0x0841, 0x0841, 0x0020, 0x0020, 0x0841, 0x10A2, 0x2125, 0x2125, 0x2104,
  0x1082, 0x0020, 0x4960, 0xEED3, 0xFF34, 0xAB41, 0x8A61, 0x8240, 0x69E0, 0x61A0, 0x5980, 0x5140, 0x4920, 0x4100, 0x30C0, 0x28A0,
  0x2060, 0x1840, 0x0820, 0x0000, 0x0000, 0x0000, 0x0800, 0x0820, 0x0820, 0x0820, 0x0000, 0x0000, 0x0000, 0x0020, 0x1082, 0x0000,
  0x0000, 0x0000, 0x0000, 0x0000, 0x0000, 0x0000, 0x0000, 0x0000, 0x0000, 0x0000, 0x0000, 0x0000, 0x0000, 0x0000, 0x0000, 0x0000,
  0x0000, 0x0000, 0x0000, 0x0000, 0x0000, 0x0000, 0x0000, 0x0000, 0x0000, 0x0000, 0x0000, 0x0000, 0x0000, 0x0000, 0x0000, 0x0000,
  0x0000, 0x10A2, 0x0841, 0x0020, 0x0000, 0x0000, 0x0000, 0x0020, 0x0841, 0x0841, 0x0861, 0x1082, 0x1082, 0x0861, 0x0841, 0x0861,
  0x0861, 0x0000, 0x0020, 0x0840, 0x1060, 0x1880, 0x28A0, 0x30E0, 0x30E0, 0x3900, 0x4120, 0x4961, 0x4961, 0x5181, 0x59A1, 0x61C1,
  0x6A02, 0x7242, 0x7242, 0x7243, 0x7A63, 0x7A83, 0x82A3, 0x8AE3, 0x8AC3, 0x8AC3, 0x8AE3, 0x92E3, 0x92E2, 0x92E2, 0x92E2, 0x9AE2,
  0x9AE2, 0x9AE2, 0x92C1, 0x9AE1, 0x9AE1, 0x92C1, 0x92A1, 0x92A1, 0x8A81, 0x8261, 0x8261, 0x8261, 0x8241, 0x7A01, 0x71E1, 0x71E1,
  0x71E0, 0x69E0, 0x69C0, 0x61A0, 0x5980, 0x5981, 0x5981, 0x5161, 0x4941, 0x4941, 0x4141, 0x4121, 0x3901, 0x3101, 0x3101, 0x30E1,
  0x28E1, 0x28C1, 0x28C1, 0x20C1, 0x20A1, 0x20A1, 0x20A1, 0x20A1, 0x20A1, 0x20A1, 0x1881, 0x1881, 0x1061, 0x1061, 0x1061, 0x1060,
  0x0840, 0x0840, 0x0820, 0x0020, 0x0000, 0x0000, 0x0000, 0x0000, 0x0000, 0x0000, 0x0000, 0x0020, 0x0861, 0x18C3, 0x2104, 0x18C3,
  0x0861, 0x18E3, 0x2124, 0x2945, 0x2965, 0x2145, 0x18E3, 0x2124, 0x2924, 0x2965, 0x31A6, 0x52AB, 0x4A49, 0x39E7, 0x31A6, 0x10A2,
  0x10A2, 0x0020, 0x0020, 0x2104, 0x4229, 0x4A6A, 0x4208, 0x3186, 0x18E3, 0x1082, 0x0020, 0x0020, 0x10A2, 0x10A2, 0x18A3, 0x10A3,
  0x1082, 0x0862, 0x0000, 0x0020, 0x0020, 0x0020, 0x0020, 0x0020, 0x0000, 0x0000, 0x0020, 0x0841, 0x18C3, 0x4229, 0x4A6A, 0x4228,
  0x39C7, 0x31C7, 0x2125, 0x10A2, 0x18C3, 0x0841, 0x0861, 0x1082, 0x0841, 0x0841, 0x0020, 0x18E4, 0x31A7, 0x4208, 0x2945, 0x10A2,
  0x0020, 0x1860, 0xA3C7, 0xFFFA, 0xCCA7, 0x8240, 0x71E0, 0x69A0, 0x5980, 0x5960, 0x4920, 0x4920, 0x4100, 0x38E0, 0x30C0, 0x2880,
  0x1860, 0x1020, 0x0000, 0x0000, 0x0000, 0x0000, 0x0000, 0x0000, 0x0000, 0x0000, 0x0000, 0x0820, 0x0000, 0x18A2, 0x0841, 0x0000,
  0x0000, 0x0000, 0x0000, 0x0000, 0x0000, 0x0000, 0x0000, 0x0000, 0x0000, 0x0000, 0x0000, 0x0000, 0x0000, 0x0000, 0x0000, 0x0000,
  0x0000, 0x0000, 0x0000, 0x0000, 0x0000, 0x0000, 0x0000, 0x0000, 0x0000, 0x0000, 0x0000, 0x0000, 0x0000, 0x0000, 0x0000, 0x0000,
  0x0000, 0x0020, 0x18E2, 0x0000, 0x0000, 0x0000, 0x0020, 0x0841, 0x0841, 0x0861, 0x0861, 0x1062, 0x0861, 0x0861, 0x0861, 0x0861,
  0x0861, 0x0020, 0x0020, 0x0841, 0x0841, 0x0861, 0x0840, 0x0860, 0x1060, 0x1040, 0x1060, 0x1060, 0x1060, 0x1060, 0x1860, 0x1880,
  0x1880, 0x1880, 0x1880, 0x2080, 0x28C0, 0x28C0, 0x20A0, 0x20C0, 0x28C1, 0x28C0, 0x28C1, 0x30E1, 0x30E1, 0x30E1, 0x30E1, 0x3101,
  0x3101, 0x3101, 0x3101, 0x3101, 0x3921, 0x3921, 0x3901, 0x3921, 0x3921, 0x3122, 0x3922, 0x3922, 0x3102, 0x3102, 0x3922, 0x3922,
  0x3922, 0x3922, 0x3102, 0x3102, 0x3102, 0x28E1, 0x28E1, 0x28E1, 0x28E1, 0x28C1, 0x28C1, 0x20C1, 0x20A1, 0x20C1, 0x20C1, 0x28C1,
  0x20C1, 0x20C1, 0x20A1, 0x20A1, 0x1881, 0x1881, 0x1881, 0x1081, 0x1061, 0x1061, 0x0840, 0x0840, 0x0840, 0x0820, 0x0820, 0x0820,
  0x0020, 0x0000, 0x0000, 0x0000, 0x0000, 0x0000, 0x0000, 0x0000, 0x0000, 0x0000, 0x1082, 0x2124, 0x2104, 0x39C7, 0x31A7, 0x2945,
  0x31A6, 0x31A6, 0x2965, 0x2945, 0x2945, 0x18E3, 0x31A6, 0x3186, 0x18E3, 0x3186, 0x39E7, 0x4228, 0x528A, 0x4208, 0x2104, 0x0861,
  0x0020, 0x1082, 0x31A6, 0x52AB, 0x6B6E, 0x632D, 0x630C, 0x39C7, 0x2104, 0x10A2, 0x0020, 0x10A2, 0x39C7, 0x2125, 0x3186, 0x2965,
  0x2104, 0x2104, 0x2104, 0x18C3, 0x10A2, 0x0841, 0x0000, 0x0000, 0x0020, 0x1904, 0x2104, 0x1082, 0x0840, 0x1082, 0x4A8A, 0x52CB,
  0x4A6A, 0x31C7, 0x2125, 0x1082, 0x10A2, 0x18A3, 0x1082, 0x1082, 0x0841, 0x0840, 0x0861, 0x39E7, 0x528A, 0x2966, 0x10A2, 0x0041,
  0x0820, 0x5980, 0xEEB4, 0xF6D3, 0x92A0, 0x7201, 0x5980, 0x5140, 0x4920, 0x4100, 0x38E0, 0x38E0, 0x38E0, 0x30C0, 0x28A0, 0x2080,
  0x1840, 0x0820, 0x0000, 0x0000, 0x0000, 0x0000, 0x0000, 0x0000, 0x0000, 0x0000, 0x0820, 0x0800, 0x1061, 0x18C3, 0x0000, 0x0000,
  0x0000, 0x0000, 0x0000, 0x0000, 0x0000, 0x0000, 0x0000, 0x0000, 0x0000, 0x0000, 0x0000, 0x0000, 0x0000, 0x0000, 0x0000, 0x0000,
  0x0000, 0x0000, 0x0000, 0x0000, 0x0000, 0x0000, 0x0000, 0x0000, 0x0000, 0x0000, 0x0000, 0x0000, 0x0000, 0x0000, 0x0000, 0x0000,
  0x0000, 0x0000, 0x10A2, 0x10A2, 0x0000, 0x0000, 0x0020, 0x0020, 0x0020, 0x0861, 0x0841, 0x0861, 0x0861, 0x0841, 0x0841, 0x0861,
  0x0841, 0x0841, 0x0000, 0x0020, 0x0841, 0x0861, 0x0861, 0x1061, 0x1061, 0x1081, 0x1081, 0x1081, 0x1081, 0x18A1, 0x18A1, 0x18A1,
  0x18A1, 0x18A1, 0x20C1, 0x20E2, 0x20E2, 0x20E2, 0x28E2, 0x28E2, 0x28E2, 0x2902, 0x2902, 0x3122, 0x3122, 0x3122, 0x3122, 0x3122,
  0x3122, 0x3122, 0x3122, 0x3122, 0x3122, 0x3102, 0x2902, 0x2902, 0x2902, 0x2902, 0x2902, 0x2902, 0x28E2, 0x2902, 0x2902, 0x28E2,
  0x28E2, 0x28E2, 0x28C2, 0x28E2, 0x28E2, 0x28C1, 0x28C1, 0x20C1, 0x20C1, 0x20C1, 0x20C1, 0x18A1, 0x18A1, 0x18A1, 0x18A1, 0x18A1,
  0x1881, 0x1881, 0x1081, 0x1061, 0x1061, 0x1061, 0x1061, 0x0840, 0x0820, 0x0820, 0x0820, 0x0820, 0x0020, 0x0000, 0x0000, 0x0000,
  0x0000, 0x0000, 0x0000, 0x0000, 0x0000, 0x0000, 0x0000, 0x0000, 0x0000, 0x0020, 0x2124, 0x4208, 0x528A, 0x4229, 0x31A6, 0x39E7,
  0x630C, 0x39C7, 0x2945, 0x18E3, 0x2104, 0x39C7, 0x4208, 0x31A6, 0x3186, 0x39C7, 0x39E7, 0x3186, 0x39C7, 0x2124, 0x1082, 0x0000,
  0x10A2, 0x4228, 0x5ACB, 0x7BCF, 0x7BF0, 0x632D, 0x5AEC, 0x39C7, 0x2104, 0x1082, 0x0000, 0x18E4, 0x4A8A, 0x4229, 0x39C7, 0x3186,
  0x2124, 0x2945, 0x2945, 0x18E3, 0x1904, 0x10A2, 0x0000, 0x0020, 0x2966, 0x528A, 0x39C7, 0x1904, 0x0861, 0x0000, 0x18C3, 0x528B,
  0x630C, 0x39E8, 0x2124, 0x10A2, 0x10A2, 0x18C3, 0x1082, 0x0841, 0x0841, 0x0020, 0x2124, 0x4A49, 0x2966, 0x18C3, 0x0861, 0x0000,
  0x28A0, 0xAC08, 0xFFFA, 0xB3C4, 0x71C0, 0x5980, 0x4920, 0x38E0, 0x30C0, 0x30C0, 0x30C0, 0x30C0, 0x30E0, 0x28A0, 0x2080, 0x1860,
  0x1020, 0x0000, 0x0000, 0x0000, 0x0000, 0x0000, 0x0000, 0x0000, 0x0000, 0x0820, 0x0820, 0x0000, 0x18C3, 0x0000, 0x0000, 0x0000,
  0x0000, 0x0000, 0x0000, 0x0000, 0x0000, 0x0000, 0x0000, 0x0000, 0x0000, 0x0000, 0x0000, 0x0000, 0x0000, 0x0000, 0x0000, 0x0000,
  0x0000, 0x0000, 0x0000, 0x0000, 0x0000, 0x0000, 0x0000, 0x0000, 0x0000, 0x0000, 0x0000, 0x0000, 0x0000, 0x0000, 0x0000, 0x0000,
  0x0000, 0x0000, 0x0000, 0x18C3, 0x0020, 0x0000, 0x0020, 0x0841, 0x0020, 0x0020, 0x0841, 0x0841, 0x0841, 0x0861, 0x0841, 0x0841,
  0x0841, 0x0020, 0x0000, 0x0000, 0x0020, 0x0020, 0x0840, 0x0840, 0x0841, 0x0861, 0x1081, 0x1081, 0x1081, 0x1081, 0x1081, 0x1081,
  0x1081, 0x1881, 0x18A1, 0x18A1, 0x18A1, 0x18A2, 0x20C2, 0x20C2, 0x20C2, 0x20E2, 0x20E2, 0x20E2, 0x20E2, 0x20E2, 0x20E2, 0x20E2,
  0x20E2, 0x20E2, 0x20E2, 0x20E2, 0x20E2, 0x20E2, 0x20C2, 0x20C2, 0x20C2, 0x20C2, 0x20C2, 0x20C2, 0x20C2, 0x20C2, 0x20C2, 0x20C2,
  0x20C2, 0x20C2, 0x20C2, 0x20C1, 0x20C1, 0x20C1, 0x18A1, 0x18A1, 0x18A1, 0x1881, 0x1081, 0x1061, 0x1081, 0x1881, 0x1881, 0x1081,
  0x1081, 0x1061, 0x0860, 0x0841, 0x0841, 0x0820, 0x0020, 0x0000, 0x0000, 0x0000, 0x0000, 0x0000, 0x0000, 0x0000, 0x0000, 0x0000,
  0x0000, 0x0000, 0x0020, 0x0841, 0x0861, 0x0861, 0x1082, 0x0841, 0x0020, 0x0000, 0x1082, 0x4A69, 0x7BCF, 0x632D, 0x52AB, 0x4208,
  0x6B6E, 0x4A69, 0x2124, 0x2965, 0x31A6, 0x31A6, 0x630C, 0x4A49, 0x4208, 0x2945, 0x2945, 0x4208, 0x18C3, 0x0861, 0x0000, 0x10A2,
  0x528A, 0x632D, 0x738E, 0x6B4D, 0x8C51, 0x73AE, 0x52AB, 0x31A6, 0x18C3, 0x0841, 0x0020, 0x3186, 0x6B4E, 0x7BCF, 0x528A, 0x4208,
  0x2124, 0x2965, 0x2945, 0x2945, 0x10A2, 0x10A2, 0x0000, 0x1082, 0x31A6, 0x5AEC, 0x5B0C, 0x3186, 0x0841, 0x0020, 0x0020, 0x3186,
  0x6B8E, 0x4A8A, 0x2125, 0x18C3, 0x1082, 0x1082, 0x0861, 0x0020, 0x0020, 0x0841, 0x31A7, 0x4249, 0x2945, 0x1081, 0x0020, 0x1081,
  0x69E1, 0xF715, 0xE60F, 0x71A0, 0x5160, 0x4100, 0x38C0, 0x30C0, 0x30A0, 0x28A0, 0x28A0, 0x28A0, 0x28A0, 0x2080, 0x2060, 0x1840,
  0x0820, 0x0000, 0x0000, 0x0000, 0x0000, 0x0000, 0x0000, 0x0800, 0x0820, 0x1020, 0x0820, 0x18C2, 0x0861, 0x0000, 0x0000, 0x0000,
  0x0000, 0x0000, 0x0000, 0x0000, 0x0000, 0x0000, 0x0000, 0x0000, 0x0000, 0x0000, 0x0000, 0x0000, 0x0000, 0x0000, 0x0000, 0x0000,
  0x0000, 0x0000, 0x0000, 0x0000, 0x0000, 0x0000, 0x0000, 0x0000, 0x0000, 0x0000, 0x0000, 0x0000, 0x0000, 0x0000, 0x0000, 0x0000,
  0x0000, 0x0000, 0x0000, 0x0020, 0x18C3, 0x0000, 0x0000, 0x0020, 0x0020, 0x0020, 0x0020, 0x0020, 0x0020, 0x0841, 0x0820, 0x0020,
  0x0020, 0x0020, 0x0000, 0x0000, 0x0020, 0x0820, 0x0840, 0x0840, 0x0841, 0x0841, 0x0841, 0x0841, 0x0861, 0x0861, 0x1061, 0x1061,
  0x1081, 0x1081, 0x1081, 0x18A1, 0x18A1, 0x18A1, 0x18A1, 0x18A1, 0x18A1, 0x18A1, 0x18A2, 0x18A2, 0x18A2, 0x18A2, 0x18A2, 0x18A2,
  0x18A2, 0x18A1, 0x18A1, 0x18A1, 0x18A1, 0x18A1, 0x18A1, 0x18A1, 0x18A1, 0x18A1, 0x18A1, 0x1081, 0x1081, 0x1881, 0x18A1, 0x18A1,
  0x18A1, 0x18A1, 0x1081, 0x1081, 0x1081, 0x1081, 0x1061, 0x1061, 0x1061, 0x0840, 0x0840, 0x0840, 0x0840, 0x0840, 0x0840, 0x0820,
  0x0820, 0x0020, 0x0000, 0x0000, 0x0000, 0x0000, 0x0000, 0x0000, 0x0000, 0x0000, 0x0000, 0x0000, 0x0000, 0x0000, 0x0000, 0x0000,
  0x0841, 0x1082, 0x10C3, 0x10C3, 0x2104, 0x2104, 0x18E3, 0x10A2, 0x1082, 0x0840, 0x0020, 0x2124, 0x4208, 0x7BF0, 0x73AF, 0x4208,
  0x39C7, 0x4228, 0x4208, 0x31A6, 0x3165, 0x31A6, 0x4228, 0x39E7, 0x4A49, 0x39E7, 0x3185, 0x18E3, 0x1082, 0x0000, 0x1082, 0x52AA,
  0x632D, 0x9CD3, 0x7BF0, 0x52CB, 0x528A, 0x6B4D, 0x4A49, 0x2125, 0x10A2, 0x0841, 0x0861, 0x4A49, 0x6B6E, 0x632D, 0x62EC, 0x31A6,
  0x2945, 0x18E3, 0x2124, 0x2965, 0x18C3, 0x0861, 0x0000, 0x18C3, 0x39E8, 0x7BD0, 0x632D, 0x31A7, 0x1904, 0x0841, 0x0020, 0x10A3,
  0x528A, 0x4A49, 0x2124, 0x10A2, 0x1082, 0x0841, 0x0841, 0x0020, 0x0000, 0x2125, 0x5ACB, 0x2965, 0x18C3, 0x0020, 0x0841, 0x4141,
  0xC4CB, 0xFF97, 0x92C1, 0x4900, 0x38E0, 0x30C0, 0x28A0, 0x28A0, 0x2080, 0x2080, 0x2080, 0x2080, 0x2080, 0x2060, 0x1860, 0x1020,
  0x0000, 0x0000, 0x0000, 0x0000, 0x0000, 0x0820, 0x0820, 0x1040, 0x1860, 0x1860, 0x1061, 0x10A2, 0x0000, 0x0000, 0x0000, 0x0000,
  0x0000, 0x0000, 0x0000, 0x0000, 0x0000, 0x0000, 0x0000, 0x0000, 0x0000, 0x0000, 0x0000, 0x0000, 0x0000, 0x0000, 0x0000, 0x0000,
  0x0000, 0x0000, 0x0000, 0x0000, 0x0000, 0x0000, 0x0000, 0x0000, 0x0000, 0x0000, 0x0000, 0x0000, 0x0000, 0x0000, 0x0000, 0x0000,
  0x0000, 0x0000, 0x0000, 0x0000, 0x18E3, 0x10A2, 0x0000, 0x0000, 0x0000, 0x0000, 0x0000, 0x0000, 0x0000, 0x0000, 0x0000, 0x0000,
  0x0000, 0x0000, 0x0000, 0x0000, 0x0000, 0x0000, 0x0020, 0x0020, 0x0820, 0x0820, 0x0840, 0x0840, 0x0841, 0x0841, 0x0861, 0x0861,
  0x1061, 0x1061, 0x1061, 0x0861, 0x0861, 0x0861, 0x0861, 0x0861, 0x0861, 0x0861, 0x0861, 0x1061, 0x1061, 0x1061, 0x1061, 0x1061,
  0x1061, 0x1061, 0x1061, 0x1061, 0x1061, 0x1061, 0x1061, 0x1061, 0x1061, 0x0861, 0x0840, 0x0840, 0x0840, 0x0861, 0x0860, 0x0840,
  0x0840, 0x0840, 0x0840, 0x0820, 0x0820, 0x0020, 0x0020, 0x0000, 0x0000, 0x0000, 0x0000, 0x0000, 0x0000, 0x0000, 0x0000, 0x0000,
  0x0000, 0x0000, 0x0020, 0x0041, 0x0861, 0x0841, 0x0861, 0x1082, 0x0861, 0x0841, 0x0020, 0x0020, 0x0000, 0x0000, 0x0000, 0x10A2,
  0x2124, 0x2945, 0x2965, 0x39E7, 0x3186, 0x2945, 0x1903, 0x2945, 0x2124, 0x10A2, 0x0841, 0x0000, 0x18E3, 0x5AEB, 0x4A6A, 0x738E,
  0x5AEC, 0x5ACB, 0x4A49, 0x3186, 0x2965, 0x31A6, 0x31A6, 0x2124, 0x4A49, 0x4208, 0x2945, 0x1082, 0x0020, 0x18A3, 0x52CB, 0x6B6E,
  0x632D, 0x6B6E, 0x52AB, 0x4228, 0x4228, 0x528A, 0x39E7, 0x10A2, 0x0861, 0x0000, 0x18E3, 0x5AEC, 0x52AA, 0x31A6, 0x39C7, 0x2124,
  0x31A6, 0x31A6, 0x2124, 0x2124, 0x10A2, 0x0840, 0x0000, 0x18E3, 0x5AEC, 0x5AEC, 0x4208, 0x31A6, 0x31A6, 0x10A2, 0x0020, 0x0000,
  0x18E3, 0x5ACB, 0x4208, 0x18C3, 0x10A2, 0x0861, 0x0841, 0x0020, 0x1082, 0x39E8, 0x4229, 0x2104, 0x0020, 0x0000, 0x2902, 0x92E3,
  0xFFB7, 0xC4C8, 0x5100, 0x38E0, 0x28A0, 0x2080, 0x2060, 0x2060, 0x2060, 0x2060, 0x2080, 0x1860, 0x2080, 0x1860, 0x1040, 0x0820,
  0x0000, 0x0000, 0x0000, 0x0000, 0x0820, 0x1020, 0x1040, 0x1860, 0x2060, 0x1040, 0x1082, 0x0000, 0x0000, 0x0000, 0x0000, 0x0000,
  0x0000, 0x0000, 0x0000, 0x0000, 0x0000, 0x0000, 0x0000, 0x0000, 0x0000, 0x0000, 0x0000, 0x0000, 0x0000, 0x0000, 0x0000, 0x0000,
  0x0000, 0x0000, 0x0000, 0x0000, 0x0000, 0x0000, 0x0000, 0x0000, 0x0000, 0x0000, 0x0000, 0x0000, 0x0000, 0x0000, 0x0000, 0x0000,
  0x0000, 0x0000, 0x0000, 0x0000, 0x0000, 0x10A2, 0x0841, 0x0000, 0x0000, 0x0000, 0x0000, 0x0000, 0x0000, 0x0000, 0x0000, 0x0000,
  0x0000, 0x0000, 0x0000, 0x0000, 0x0000, 0x0000, 0x0000, 0x0000, 0x0000, 0x0000, 0x0000, 0x0000, 0x0020, 0x0020, 0x0020, 0x0020,
  0x0020, 0x0020, 0x0020, 0x0020, 0x0020, 0x0820, 0x0020, 0x0820, 0x0840, 0x0820, 0x0820, 0x0820, 0x0820, 0x0020, 0x0020, 0x0020,
  0x0020, 0x0020, 0x0020, 0x0020, 0x0000, 0x0000, 0x0000, 0x0000, 0x0000, 0x0000, 0x0000, 0x0000, 0x0000, 0x0000, 0x0000, 0x0000,
  0x0000, 0x0000, 0x0000, 0x0000, 0x0000, 0x0000, 0x0000, 0x0000, 0x0000, 0x0000, 0x0000, 0x0000, 0x0020, 0x0841, 0x0861, 0x0861,
  0x1082, 0x1082, 0x10A2, 0x1082, 0x18C3, 0x18E3, 0x18E3, 0x18E3, 0x10A2, 0x10A2, 0x1082, 0x0020, 0x0000, 0x0000, 0x1082, 0x2945,
  0x2966, 0x3186, 0x4A69, 0x5AEC, 0x4A49, 0x2965, 0x2965, 0x3186, 0x2945, 0x18E3, 0x1082, 0x0020, 0x0000, 0x18E3, 0x5AEB, 0x8410,
  0x7BF0, 0x5ACB, 0x632C, 0x6B4D, 0x4228, 0x3186, 0x3186, 0x2945, 0x2945, 0x2945, 0x10A2, 0x0000, 0x18C3, 0x528A, 0x738E, 0x738E,
  0x632D, 0x6B4E, 0x632D, 0x4229, 0x528A, 0x5ACB, 0x2965, 0x1082, 0x0020, 0x0000, 0x18E3, 0x4229, 0x4208, 0x31A6, 0x3186, 0x2965,
  0x3166, 0x4228, 0x2104, 0x10A2, 0x0861, 0x0841, 0x0000, 0x10A2, 0x528A, 0x632D, 0x5AEC, 0x738E, 0x3186, 0x18C3, 0x0841, 0x0000,
  0x0020, 0x4229, 0x4228, 0x18C3, 0x0861, 0x0841, 0x0020, 0x0000, 0x3186, 0x4229, 0x2125, 0x1081, 0x0000, 0x1881, 0x59C1, 0xE651,
  0xF6D3, 0x69A0, 0x30C0, 0x28A0, 0x2080, 0x2080, 0x1860, 0x1840, 0x1860, 0x1860, 0x1860, 0x1860, 0x1860, 0x1040, 0x0820, 0x0000,
  0x0000, 0x0000, 0x0000, 0x0820, 0x1020, 0x1840, 0x1860, 0x2080, 0x1840, 0x18C3, 0x0841, 0x0000, 0x0000, 0x0000, 0x0000, 0x0000,
  0x0000, 0x0000, 0x0000, 0x0000, 0x0000, 0x0000, 0x0000, 0x0000, 0x0000, 0x0000, 0x0000, 0x0000, 0x0000, 0x0000, 0x0000, 0x0000,
  0x0000, 0x0000, 0x0000, 0x0000, 0x0000, 0x0000, 0x0000, 0x0000, 0x0000, 0x0000, 0x0000, 0x0000, 0x0000, 0x0000, 0x0000, 0x0000,
  0x0000, 0x0000, 0x0000, 0x0000, 0x0000, 0x0861, 0x2104, 0x0020, 0x0000, 0x0020, 0x0020, 0x0020, 0x0020, 0x0020, 0x0020, 0x0020,
  0x0020, 0x0020, 0x0020, 0x0000, 0x0000, 0x0000, 0x0000, 0x0000, 0x0000, 0x0000, 0x0000, 0x0000, 0x0000, 0x0000, 0x0000, 0x0000,
  0x0000, 0x0000, 0x0000, 0x0000, 0x0000, 0x0000, 0x0000, 0x0000, 0x0000, 0x0000, 0x0000, 0x0000, 0x0000, 0x0000, 0x0000, 0x0000,
  0x0000, 0x0000, 0x0000, 0x0000, 0x0000, 0x0000, 0x0000, 0x0000, 0x0000, 0x0000, 0x0000, 0x0000, 0x0000, 0x0000, 0x0000, 0x0000,
  0x0000, 0x0000, 0x0020, 0x0020, 0x0020, 0x0840, 0x0841, 0x0020, 0x0000, 0x0020, 0x1082, 0x1082, 0x18E3, 0x2124, 0x2104, 0x18E3,
  0x2124, 0x18C3, 0x18E3, 0x3186, 0x2965, 0x2104, 0x2945, 0x2124, 0x18C3, 0x10A2, 0x1082, 0x0861, 0x0000, 0x0020, 0x2965, 0x4228,
  0x4229, 0x31A6, 0x3186, 0x39E7, 0x6B6D, 0x528A, 0x39E7, 0x31A6, 0x39C7, 0x18E3, 0x10A2, 0x0861, 0x0020, 0x0020, 0x31A6, 0x52AB,
  0x8431, 0x7BCF, 0x94B3, 0x8410, 0x52AA, 0x3186, 0x2965, 0x2965, 0x2104, 0x1082, 0x0020, 0x10A2, 0x52AA, 0x5B0C, 0x73AF, 0x7BF0,
  0x8410, 0x5AEB, 0x632C, 0x39E8, 0x31A7, 0x3186, 0x2104, 0x0861, 0x0000, 0x0000, 0x2945, 0x31A7, 0x39E7, 0x3186, 0x2966, 0x2124,
  0x3186, 0x3186, 0x18C3, 0x0861, 0x0841, 0x0820, 0x0000, 0x1082, 0x52AB, 0x8430, 0x4228, 0x39E8, 0x2104, 0x18E3, 0x0861, 0x0000,
  0x0000, 0x18A3, 0x39E7, 0x10A2, 0x0840, 0x0020, 0x0000, 0x18E3, 0x4229, 0x31A7, 0x1082, 0x0000, 0x1060, 0x4141, 0xAC08, 0xFFF9,
  0xA343, 0x40E0, 0x28A0, 0x1860, 0x1860, 0x1860, 0x1860, 0x1860, 0x1860, 0x1860, 0x1860, 0x1860, 0x1840, 0x1020, 0x0820, 0x0000,
  0x0000, 0x0800, 0x0820, 0x0820, 0x1040, 0x1860, 0x2080, 0x1860, 0x1881, 0x1082, 0x0000, 0x0000, 0x0000, 0x0000, 0x0000, 0x0000,
  0x0000, 0x0000, 0x0000, 0x0000, 0x0000, 0x0000, 0x0000, 0x0000, 0x0000, 0x0000, 0x0000, 0x0000, 0x0000, 0x0000, 0x0000, 0x0000,
  0x0000, 0x0000, 0x0000, 0x0000, 0x0000, 0x0000, 0x0000, 0x0000, 0x0000, 0x0000, 0x0000, 0x0000, 0x0000, 0x0000, 0x0000, 0x0000,
  0x0000, 0x0000, 0x0000, 0x0000, 0x0000, 0x0000, 0x0841, 0x1082, 0x0000, 0x0841, 0x0841, 0x0861, 0x0861, 0x0841, 0x0861, 0x0841,
  0x0861, 0x0861, 0x0841, 0x0841, 0x0820, 0x0020, 0x0020, 0x0000, 0x0000, 0x0000, 0x0000, 0x0000, 0x0000, 0x0000, 0x0000, 0x0000,
  0x0000, 0x0000, 0x0000, 0x0000, 0x0000, 0x0000, 0x0000, 0x0000, 0x0000, 0x0000, 0x0000, 0x0020, 0x0861, 0x0861, 0x10A2, 0x1082,
  0x0841, 0x0861, 0x1082, 0x0882, 0x0861, 0x0841, 0x0841, 0x0000, 0x0000, 0x0000, 0x0000, 0x0000, 0x0000, 0x0020, 0x0841, 0x1082,
  0x0881, 0x10A2, 0x1082, 0x10A2, 0x18E3, 0x18C3, 0x10A2, 0x0841, 0x0020, 0x0840, 0x18E3, 0x2965, 0x2124, 0x3186, 0x2945, 0x2945,
  0x31A6, 0x2965, 0x1903, 0x31A6, 0x3186, 0x18C3, 0x18C3, 0x2124, 0x2124, 0x18E3, 0x1082, 0x0861, 0x0000, 0x2945, 0x4A69, 0x4228,
  0x528A, 0x39C7, 0x3186, 0x39C7, 0x52AA, 0x528A, 0x630C, 0x39E7, 0x2965, 0x18E3, 0x10A2, 0x0861, 0x0861, 0x0020, 0x0020, 0x2965,
  0x52AA, 0x8431, 0x9CD3, 0x8C72, 0x632C, 0x2965, 0x18C2, 0x10A2, 0x0861, 0x0000, 0x1082, 0x5ACB, 0x634D, 0x632D, 0x8411, 0x7BCF,
  0x6B4D, 0x4228, 0x39E7, 0x39E7, 0x18C3, 0x18E3, 0x18C3, 0x0841, 0x0000, 0x0861, 0x39C7, 0x3186, 0x2965, 0x39C7, 0x2945, 0x2924,
  0x2945, 0x2104, 0x18E3, 0x1082, 0x1082, 0x0020, 0x0000, 0x1082, 0x52AA, 0x5AEB, 0x31A6, 0x18C3, 0x18E3, 0x2104, 0x10A2, 0x0020,
  0x0000, 0x0020, 0x18E3, 0x10C3, 0x0020, 0x0000, 0x0841, 0x3A08, 0x39C7, 0x1082, 0x0000, 0x0840, 0x4183, 0x82A3, 0xFF97, 0xCCEA,
  0x4900, 0x30C0, 0x2080, 0x1860, 0x1860, 0x1860, 0x1860, 0x1860, 0x1860, 0x1840, 0x1840, 0x1860, 0x1040, 0x0820, 0x0800, 0x0800,
  0x0800, 0x0820, 0x1020, 0x1040, 0x1860, 0x2060, 0x1860, 0x1060, 0x18C3, 0x0000, 0x0000, 0x0000, 0x0000, 0x0000, 0x0000, 0x0000,
  0x0000, 0x0000, 0x0000, 0x0000, 0x0000, 0x0000, 0x0000, 0x0000, 0x0000, 0x0000, 0x0000, 0x0000, 0x0000, 0x0000, 0x0000, 0x0000,
  0x0000, 0x0000, 0x0000, 0x0000, 0x0000, 0x0000, 0x0000, 0x0000, 0x0000, 0x0000, 0x0000, 0x0000, 0x0000, 0x0000, 0x0000, 0x0000,
  0x0000, 0x0000, 0x0000, 0x0000, 0x0000, 0x0000, 0x0000, 0x0861, 0x1082, 0x0000, 0x0020, 0x0020, 0x0020, 0x0020, 0x0020, 0x0020,
  0x0841, 0x0020, 0x0020, 0x0020, 0x0841, 0x0841, 0x0841, 0x0020, 0x0000, 0x0000, 0x0000, 0x0000, 0x0000, 0x0000, 0x0000, 0x0000,
  0x0000, 0x0000, 0x0000, 0x0000, 0x0000, 0x0000, 0x0000, 0x0000, 0x0020, 0x0020, 0x0861, 0x10A2, 0x18C3, 0x10A2, 0x0841, 0x10C3,
  0x10A2, 0x18E3, 0x2104, 0x18E3, 0x10A2, 0x10A2, 0x0841, 0x0020, 0x0000, 0x0000, 0x0000, 0x0841, 0x0861, 0x1082, 0x18E3, 0x18E3,
  0x2104, 0x2965, 0x2945, 0x3186, 0x39C7, 0x2124, 0x18C3, 0x1082, 0x0841, 0x0020, 0x18E3, 0x39E7, 0x39E7, 0x4249, 0x2965, 0x2965,
  0x4208, 0x39E7, 0x2124, 0x2965, 0x2104, 0x2104, 0x2124, 0x18E3, 0x2104, 0x18E3, 0x1082, 0x0840, 0x10A2, 0x4A69, 0x52AB, 0x39C7,
  0x4A49, 0x4A69, 0x632C, 0x52AA, 0x3A08, 0x4A49, 0x52AA, 0x4A69, 0x2124, 0x18C3, 0x10A2, 0x0861, 0x0841, 0x0020, 0x0000, 0x0020,
  0x2965, 0x5ACB, 0x9CD3, 0x8C51, 0x52AA, 0x2965, 0x10A2, 0x0841, 0x0000, 0x0841, 0x4208, 0x6B6E, 0x7BF0, 0x632D, 0x6B4D, 0x73AF,
  0x4A49, 0x2124, 0x3186, 0x2945, 0x18C3, 0x2124, 0x10A2, 0x0841, 0x0000, 0x18C3, 0x39C7, 0x4208, 0x2945, 0x31A6, 0x2125, 0x20E3,
  0x18E3, 0x1082, 0x2104, 0x18C3, 0x0861, 0x0020, 0x0000, 0x0861, 0x4208, 0x6B4D, 0x39C7, 0x2965, 0x39C7, 0x31A6, 0x10C2, 0x0861,
  0x0000, 0x0000, 0x0841, 0x18E4, 0x0861, 0x0020, 0x2945, 0x39E8, 0x18E4, 0x0000, 0x0000, 0x3143, 0x61E1, 0xEE72, 0xEE91, 0x6160,
  0x28A0, 0x2080, 0x1840, 0x1840, 0x1860, 0x1860, 0x1860, 0x1860, 0x1860, 0x1860, 0x1860, 0x1840, 0x1020, 0x0820, 0x0820, 0x0820,
  0x0820, 0x1020, 0x1040, 0x1840, 0x1860, 0x1860, 0x1020, 0x1881, 0x0000, 0x0000, 0x0000, 0x0000, 0x0000, 0x0000, 0x0000, 0x0000,
  0x0000, 0x0000, 0x0000, 0x0000, 0x0000, 0x0000, 0x0000, 0x0000, 0x0000, 0x0000, 0x0000, 0x0000, 0x0000, 0x0000, 0x0000, 0x0000,
  0x0000, 0x0000, 0x0000, 0x0000, 0x0000, 0x0000, 0x0000, 0x0000, 0x0000, 0x0000, 0x0000, 0x0000, 0x0000, 0x0000, 0x0000, 0x0000,
  0x0000, 0x0000, 0x0000, 0x0000, 0x0000, 0x0000, 0x0000, 0x0000, 0x18C3, 0x0841, 0x0000, 0x0000, 0x0000, 0x0000, 0x0000, 0x0000,
  0x0000, 0x0020, 0x0020, 0x0020, 0x0020, 0x0020, 0x0020, 0x0020, 0x0000, 0x0000, 0x0000, 0x0000, 0x0000, 0x0000, 0x0000, 0x0000,
  0x0000, 0x0000, 0x0020, 0x0861, 0x0861, 0x0841, 0x1082, 0x1082, 0x0861, 0x0861, 0x2145, 0x2945, 0x10A2, 0x2945, 0x18C3, 0x2124,
  0x2945, 0x3186, 0x18E3, 0x18C3, 0x18E3, 0x10A2, 0x0862, 0x0841, 0x0000, 0x0000, 0x0861, 0x10A2, 0x18C3, 0x2124, 0x2124, 0x2965,
  0x31A6, 0x4A69, 0x31A6, 0x31A7, 0x2945, 0x2945, 0x18E3, 0x18C3, 0x1082, 0x0000, 0x10A2, 0x39E8, 0x73AF, 0x5AEC, 0x52AB, 0x2104,
  0x10A2, 0x18E3, 0x18E3, 0x2986, 0x39C7, 0x31A6, 0x3186, 0x3186, 0x18E3, 0x1082, 0x0861, 0x0020, 0x39E7, 0x630C, 0x8410, 0x8410,
  0x62EC, 0x4A69, 0x8410, 0x5ACB, 0x4A49, 0x4A49, 0x39A7, 0x2945, 0x10A2, 0x1082, 0x0861, 0x0020, 0x0841, 0x0841, 0x0841, 0x0020,
  0x0841, 0x39C7, 0x5ACB, 0x4228, 0x2965, 0x18E3, 0x1082, 0x0000, 0x0841, 0x31A7, 0x5ACB, 0x6B4D, 0x630C, 0x7BF0, 0x632D, 0x630C,
  0x39C7, 0x18E3, 0x2104, 0x2104, 0x2945, 0x2104, 0x0861, 0x0020, 0x0000, 0x2104, 0x2966, 0x3186, 0x2104, 0x18E4, 0x10A2, 0x2124,
  0x31A6, 0x10A2, 0x18E3, 0x18C3, 0x0861, 0x0841, 0x0000, 0x0020, 0x2965, 0x52AB, 0x528A, 0x31A6, 0x2945, 0x2125, 0x10A2, 0x0861,
  0x0020, 0x0000, 0x0000, 0x18C3, 0x10A2, 0x18E3, 0x3186, 0x10A3, 0x0000, 0x0000, 0x3163, 0x5181, 0xC4EC, 0xFF97, 0x8261, 0x3080,
  0x1860, 0x1840, 0x1860, 0x1840, 0x1840, 0x1860, 0x1860, 0x1860, 0x1840, 0x1860, 0x1860, 0x1040, 0x0820, 0x0820, 0x0820, 0x0820,
  0x1020, 0x1040, 0x1840, 0x1840, 0x1860, 0x1040, 0x18C3, 0x0841, 0x0000, 0x0000, 0x0000, 0x0000, 0x0000, 0x0000, 0x0000, 0x0000,
  0x0000, 0x0000, 0x0000, 0x0000, 0x0000, 0x0000, 0x0000, 0x0000, 0x0000, 0x0000, 0x0000, 0x0000, 0x0000, 0x0000, 0x0000, 0x0000,
  0x0000, 0x0000, 0x0000, 0x0000, 0x0000, 0x0000, 0x0000, 0x0000, 0x0000, 0x0000, 0x0000, 0x0000, 0x0000, 0x0000, 0x0000, 0x0000,
  0x0000, 0x0000, 0x0000, 0x0000, 0x0000, 0x0000, 0x0000, 0x0000, 0x0020, 0x18E3, 0x0000, 0x0000, 0x0000, 0x0000, 0x0000, 0x0000,
  0x0000, 0x0000, 0x0000, 0x0000, 0x0000, 0x0000, 0x0000, 0x0000, 0x0000, 0x0000, 0x0020, 0x0841, 0x0020, 0x0841, 0x0841, 0x0000,
  0x0000, 0x0020, 0x1082, 0x1904, 0x10A3, 0x10A2, 0x18C3, 0x10A2, 0x18C3, 0x18C3, 0x2965, 0x2966, 0x39C7, 0x3186, 0x3166, 0x39C7,
  0x528A, 0x4229, 0x2965, 0x2945, 0x2104, 0x2104, 0x18C2, 0x0841, 0x0000, 0x0000, 0x18E3, 0x2124, 0x2945, 0x31A6, 0x4A69, 0x5ACB,
  0x31A6, 0x3186, 0x52AA, 0x52AB, 0x31A6, 0x31A7, 0x39C7, 0x2104, 0x18C3, 0x0020, 0x0841, 0x4A49, 0x8451, 0x9CD4, 0x8431, 0x31A6,
  0x2104, 0x2104, 0x2104, 0x2945, 0x2965, 0x3186, 0x5AEB, 0x4A49, 0x2104, 0x0861, 0x0000, 0x0861, 0x632D, 0x9492, 0x8410, 0x6B6D,
  0x52AB, 0x52AA, 0x4208, 0x632D, 0x528A, 0x2945, 0x2104, 0x10A2, 0x0861, 0x0861, 0x0020, 0x0000, 0x0861, 0x18C3, 0x10A2, 0x0861,
  0x0840, 0x0861, 0x2104, 0x3186, 0x1082, 0x0861, 0x0841, 0x0841, 0x39E8, 0x52AB, 0x4A6A, 0x6B4D, 0x52CB, 0x634D, 0x6B8E, 0x5AEC,
  0x4208, 0x2945, 0x2104, 0x2945, 0x2104, 0x18C3, 0x0841, 0x0020, 0x0841, 0x2945, 0x31A7, 0x2124, 0x18C3, 0x10A2, 0x10A2, 0x18E3,
  0x18C3, 0x2104, 0x2104, 0x10A2, 0x0861, 0x0020, 0x0000, 0x0000, 0x2965, 0x5AEC, 0x4228, 0x2124, 0x10A2, 0x10A2, 0x1082, 0x0861,
  0x0841, 0x0000, 0x0000, 0x0861, 0x18C3, 0x2124, 0x10A2, 0x0000, 0x0020, 0x3184, 0x51C3, 0xA3E7, 0xFFF9, 0xA384, 0x30A0, 0x2080,
  0x1840, 0x1040, 0x1040, 0x1840, 0x1860, 0x1840, 0x1840, 0x1840, 0x1860, 0x1860, 0x1040, 0x1020, 0x0820, 0x0820, 0x1020, 0x1040,
  0x1840, 0x1840, 0x1840, 0x1840, 0x1040, 0x1061, 0x1082, 0x0000, 0x0000, 0x0000, 0x0000, 0x0000, 0x0000, 0x0000, 0x0000, 0x0000,
  0x0000, 0x0000, 0x0000, 0x0000, 0x0000, 0x0000, 0x0000, 0x0000, 0x0000, 0x0000, 0x0000, 0x0000, 0x0000, 0x0000, 0x0000, 0x0000,
  0x0000, 0x0000, 0x0000, 0x0000, 0x0000, 0x0000, 0x0000, 0x0000, 0x0000, 0x0000, 0x0000, 0x0000, 0x0000, 0x0000, 0x0000, 0x0000,
  0x0000, 0x0000, 0x0000, 0x0000, 0x0000, 0x0000, 0x0000, 0x0000, 0x0000, 0x0861, 0x2104, 0x0000, 0x0000, 0x0000, 0x0000, 0x0000,
  0x0000, 0x0000, 0x0000, 0x0000, 0x0000, 0x0000, 0x0000, 0x0020, 0x0841, 0x0861, 0x0841, 0x0861, 0x0861, 0x1062, 0x1082, 0x0841,
  0x0020, 0x0020, 0x2104, 0x2945, 0x2124, 0x2124, 0x18C3, 0x18E3, 0x2945, 0x3186, 0x2965, 0x2104, 0x2945, 0x2925, 0x3186, 0x4208,
  0x73AF, 0x5AEC, 0x4A49, 0x4208, 0x2965, 0x2104, 0x10A2, 0x0020, 0x0000, 0x0841, 0x2945, 0x39C7, 0x4228, 0x526A, 0x4208, 0x2124,
  0x1082, 0x1082, 0x2965, 0x738E, 0x738E, 0x5AEB, 0x31A6, 0x10A2, 0x1082, 0x0841, 0x0841, 0x4229, 0x5B0C, 0x8431, 0x5AEC, 0x4A49,
  0x4208, 0x2966, 0x31A6, 0x2945, 0x2965, 0x2945, 0x4A49, 0x39C6, 0x18E3, 0x0861, 0x0000, 0x39C7, 0x6B4D, 0x8C51, 0x630C, 0x4A6A,
  0x6B6D, 0x6B4D, 0x52AA, 0x4208, 0x2945, 0x10A2, 0x1082, 0x0861, 0x0861, 0x0840, 0x0020, 0x10A2, 0x2945, 0x2145, 0x2124, 0x18C3,
  0x10A2, 0x0020, 0x0841, 0x10A2, 0x0841, 0x0020, 0x0000, 0x2945, 0x630C, 0x630C, 0x528A, 0x4229, 0x4249, 0x4A6A, 0x6B4E, 0x6B6D,
  0x31A6, 0x2124, 0x18E3, 0x2104, 0x10A2, 0x0861, 0x0841, 0x0000, 0x18C3, 0x39E7, 0x31A6, 0x2104, 0x2104, 0x18E3, 0x18C3, 0x1082,
  0x1082, 0x18C3, 0x2103, 0x18C3, 0x0861, 0x0020, 0x0000, 0x0841, 0x2945, 0x4A29, 0x3186, 0x3186, 0x18E3, 0x18C3, 0x1082, 0x1082,
  0x0841, 0x0000, 0x0000, 0x0000, 0x1082, 0x10A2, 0x0000, 0x0020, 0x3164, 0x49C4, 0x8B04, 0xFFDA, 0xCCCA, 0x40C0, 0x2080, 0x1840,
  0x1040, 0x1040, 0x1040, 0x1840, 0x1860, 0x1040, 0x1840, 0x1860, 0x1860, 0x1840, 0x1040, 0x0820, 0x1020, 0x1040, 0x1840, 0x1840,
  0x1860, 0x1860, 0x1860, 0x1840, 0x1040, 0x0861, 0x0000, 0x0000, 0x0000, 0x0000, 0x0000, 0x0000, 0x0000, 0x0000, 0x0000, 0x0000,
  0x0000, 0x0000, 0x0000, 0x0000, 0x0000, 0x0000, 0x0000, 0x0000, 0x0000, 0x0000, 0x0000, 0x0000, 0x0000, 0x0000, 0x0000, 0x0000,
  0x0000, 0x0000, 0x0000, 0x0000, 0x0000, 0x0000, 0x0000, 0x0000, 0x0000, 0x0000, 0x0000, 0x0000, 0x0000, 0x0000, 0x0000, 0x0000,
  0x0000, 0x0000, 0x0000, 0x0000, 0x0000, 0x0000, 0x0000, 0x0000, 0x0000, 0x0000, 0x10A2, 0x10A2, 0x0000, 0x0000, 0x0020, 0x0020,
  0x0000, 0x0000, 0x0020, 0x0840, 0x0000, 0x0000, 0x0020, 0x1082, 0x10A2, 0x18E3, 0x18C3, 0x2104, 0x39E7, 0x2945, 0x1082, 0x1081,
  0x0841, 0x0840, 0x18C3, 0x39E8, 0x528A, 0x3186, 0x2945, 0x2945, 0x2945, 0x31A6, 0x2104, 0x2124, 0x31A6, 0x528A, 0x4228, 0x4A49,
  0x4228, 0x4229, 0x52AA, 0x4229, 0x31A6, 0x2104, 0x1082, 0x0020, 0x0000, 0x18E3, 0x4A6A, 0x4A49, 0x4A29, 0x39C7, 0x2124, 0x18E3,
  0x0861, 0x1082, 0x2125, 0x4208, 0xAD55, 0x7BCF, 0x3186, 0x1904, 0x1082, 0x0861, 0x0020, 0x2124, 0x6B4E, 0x9CD3, 0x6B6E, 0x5AEC,
  0x4A49, 0x31A6, 0x39C7, 0x3186, 0x2124, 0x18C3, 0x2104, 0x2104, 0x1082, 0x0840, 0x18C3, 0x738E, 0x52AB, 0x52AA, 0x8410, 0x73AF,
  0x9CD3, 0x7BCF, 0x4208, 0x2945, 0x1082, 0x0861, 0x0841, 0x0020, 0x0841, 0x1082, 0x18C3, 0x3186, 0x31A7, 0x2945, 0x3186, 0x18C3,
  0x18E3, 0x1082, 0x0000, 0x0020, 0x0020, 0x0000, 0x2965, 0x4228, 0x52AA, 0x738E, 0x630C, 0x4A49, 0x3186, 0x4229, 0x632D, 0x738E,
  0x31A7, 0x18E4, 0x2104, 0x2104, 0x18C3, 0x0861, 0x0020, 0x0020, 0x2104, 0x39C7, 0x2965, 0x10A2, 0x18C3, 0x18E3, 0x1082, 0x0861,
  0x10A2, 0x10A2, 0x10A2, 0x1082, 0x0841, 0x0020, 0x0000, 0x0841, 0x2104, 0x31A6, 0x2124, 0x18E3, 0x18C3, 0x1082, 0x0861, 0x0861,
  0x0020, 0x0000, 0x0000, 0x0000, 0x0020, 0x0000, 0x1061, 0x3184, 0x41C5, 0x7242, 0xFF57, 0xDDAE, 0x5120, 0x2080, 0x1040, 0x1040,
  0x1040, 0x1840, 0x1840, 0x1860, 0x1840, 0x1860, 0x1860, 0x1860, 0x1840, 0x1040, 0x1020, 0x1020, 0x1040, 0x1840, 0x1840, 0x1860,
  0x2080, 0x2880, 0x2060, 0x1040, 0x10A2, 0x0000, 0x0000, 0x0000, 0x0000, 0x0000, 0x0000, 0x0000, 0x0000, 0x0000, 0x0000, 0x0000,
  0x0000, 0x0000, 0x0000, 0x0000, 0x0000, 0x0000, 0x0000, 0x0000, 0x0000, 0x0000, 0x0000, 0x0000, 0x0000, 0x0000, 0x0000, 0x0000,
  0x0000, 0x0000, 0x0000, 0x0000, 0x0000, 0x0000, 0x0000, 0x0000, 0x0000, 0x0000, 0x0000, 0x0000, 0x0000, 0x0000, 0x0000, 0x0000,
  0x0000, 0x0000, 0x0000, 0x0000, 0x0000, 0x0000, 0x0000, 0x0000, 0x0000, 0x0000, 0x0000, 0x1082, 0x0861, 0x0000, 0x0000, 0x0000,
  0x0020, 0x0861, 0x0862, 0x0841, 0x0020, 0x0000, 0x1082, 0x18E3, 0x2945, 0x2945, 0x2124, 0x39E7, 0x2965, 0x18E3, 0x18C3, 0x10A2,
  0x1082, 0x0841, 0x0840, 0x31A6, 0x4229, 0x52CB, 0x4A49, 0x2125, 0x2945, 0x2966, 0x2104, 0x18E3, 0x4228, 0x52AA, 0x3186, 0x4228,
  0x4A29, 0x39E7, 0x630C, 0x5ACB, 0x31A6, 0x2104, 0x1082, 0x0020, 0x0000, 0x39E7, 0x632C, 0x5ACB, 0x5ACB, 0x4208, 0x2966, 0x2104,
  0x2945, 0x2965, 0x2965, 0x630C, 0x94B2, 0x738E, 0x4228, 0x18E4, 0x10A2, 0x0861, 0x0000, 0x10A2, 0x630C, 0x9493, 0x94B3, 0x632D,
  0x6B6E, 0x31A7, 0x4A8A, 0x4228, 0x4228, 0x31A6, 0x2965, 0x18E3, 0x0020, 0x0000, 0x528A, 0x94B2, 0x6B6E, 0x5ACB, 0x6B6E, 0x630C,
  0x4229, 0x3186, 0x18E3, 0x1082, 0x0861, 0x0000, 0x0000, 0x0861, 0x2124, 0x3186, 0x3186, 0x4208, 0x8410, 0x630C, 0x2945, 0x2965,
  0x2104, 0x18E3, 0x0841, 0x0020, 0x0000, 0x18E4, 0x4229, 0x4A49, 0x4A49, 0x4A69, 0x4208, 0x2945, 0x5225, 0x7284, 0x4229, 0x4A69,
  0x2945, 0x2965, 0x3186, 0x4208, 0x18E3, 0x1082, 0x0020, 0x0841, 0x2104, 0x4A49, 0x31A7, 0x1082, 0x10A2, 0x10A2, 0x10A2, 0x10A2,
  0x10A2, 0x10A2, 0x10A2, 0x1082, 0x0861, 0x0020, 0x0000, 0x0020, 0x18E4, 0x1904, 0x2104, 0x18E3, 0x10A2, 0x10A2, 0x0861, 0x0020,
  0x0000, 0x0000, 0x0000, 0x0841, 0x0020, 0x18C2, 0x41C5, 0x4A06, 0x6222, 0xEED5, 0xEE71, 0x6160, 0x2060, 0x1840, 0x1040, 0x1860,
  0x1840, 0x1860, 0x1860, 0x1860, 0x1860, 0x1860, 0x1860, 0x1840, 0x1040, 0x1040, 0x1040, 0x1840, 0x1840, 0x1840, 0x2060, 0x2880,
  0x28A0, 0x28A0, 0x1040, 0x0841, 0x0000, 0x0000, 0x0000, 0x0000, 0x0000, 0x0000, 0x0000, 0x0000, 0x0000, 0x0000, 0x0000, 0x0000,
  0x0000, 0x0000, 0x0000, 0x0000, 0x0000, 0x0000, 0x0000, 0x0000, 0x0000, 0x0000, 0x0000, 0x0000, 0x0000, 0x0000, 0x0000, 0x0000,
  0x0000, 0x0000, 0x0000, 0x0000, 0x0000, 0x0000, 0x0000, 0x0000, 0x0000, 0x0000, 0x0000, 0x0000, 0x0000, 0x0000, 0x0000, 0x0000,
  0x0000, 0x0000, 0x0000, 0x0000, 0x0000, 0x0000, 0x0000, 0x0000, 0x0000, 0x0000, 0x0000, 0x0000, 0x1082, 0x0861, 0x0000, 0x0861,
  0x10A2, 0x0862, 0x0861, 0x0861, 0x0020, 0x0000, 0x2124, 0x2124, 0x2104, 0x2104, 0x2104, 0x2124, 0x18E3, 0x2104, 0x2124, 0x2965,
  0x18C3, 0x0861, 0x0020, 0x2104, 0x4A6A, 0x52AB, 0x5AEC, 0x6B4D, 0x39E8, 0x4208, 0x31A6, 0x4229, 0x31A7, 0x2124, 0x10A2, 0x4A8A,
  0x9CF4, 0x632C, 0x632D, 0x6B4D, 0x39C7, 0x18E3, 0x1082, 0x0020, 0x0020, 0x4A6A, 0x6B4D, 0x630C, 0x52AB, 0x52AB, 0x528A, 0x3A08,
  0x4229, 0x39E8, 0x630C, 0x7BEF, 0x6B4D, 0x738E, 0x4208, 0x2124, 0x18C3, 0x1082, 0x0020, 0x0861, 0x4A49, 0x738E, 0x8C92, 0x73AF,
  0x8431, 0x630C, 0x8410, 0x73AE, 0x528A, 0x39C7, 0x2104, 0x1082, 0x0000, 0x2945, 0x8431, 0x8410, 0x6B4D, 0x632D, 0x73AF, 0x4A69,
  0x2965, 0x18C3, 0x0841, 0x0861, 0x0020, 0x0000, 0x18C3, 0x39E7, 0x4208, 0x39C7, 0x4A69, 0x4A49, 0x738E, 0x5ACB, 0x2944, 0x2124,
  0x2124, 0x18E3, 0x1082, 0x0020, 0x0000, 0x1082, 0x2945, 0x31C7, 0x39E8, 0x3186, 0x2104, 0x1061, 0xC54E, 0xD4C8, 0x20A1, 0x31C7,
  0x39E7, 0x31A6, 0x5AEC, 0x3186, 0x18E3, 0x0861, 0x0000, 0x1082, 0x31A6, 0x39E7, 0x2104, 0x18A3, 0x0841, 0x2945, 0x2965, 0x18E3,
  0x2945, 0x1082, 0x10A2, 0x0861, 0x0841, 0x0020, 0x0000, 0x0020, 0x18C3, 0x2945, 0x2124, 0x10A2, 0x0861, 0x0841, 0x0020, 0x0020,
  0x0000, 0x0000, 0x0840, 0x0841, 0x18E2, 0x41C5, 0x4A06, 0x6202, 0xE6B4, 0xF6D3, 0x71C0, 0x2060, 0x1860, 0x1840, 0x1840, 0x1840,
  0x1840, 0x1860, 0x1860, 0x1860, 0x1860, 0x1840, 0x1840, 0x1840, 0x1840, 0x1840, 0x1840, 0x1840, 0x1860, 0x2060, 0x28A0, 0x30C0,
  0x30C0, 0x1040, 0x1082, 0x0821, 0x0000, 0x0000, 0x0000, 0x0000, 0x0000, 0x0000, 0x0000, 0x0000, 0x0000, 0x0000, 0x0000, 0x0000,
  0x0000, 0x0000, 0x0000, 0x0000, 0x0000, 0x0000, 0x0000, 0x0000, 0x0000, 0x0000, 0x0000, 0x0000, 0x0000, 0x0000, 0x0000, 0x0000,
  0x0000, 0x0000, 0x0000, 0x0000, 0x0000, 0x0000, 0x0000, 0x0000, 0x0000, 0x0000, 0x0000, 0x0000, 0x0000, 0x0000, 0x0000, 0x0000,
  0x0000, 0x0000, 0x0000, 0x0000, 0x0000, 0x0000, 0x0000, 0x0000, 0x0000, 0x0000, 0x0000, 0x0000, 0x0000, 0x0861, 0x0861, 0x10A2,
  0x1082, 0x0861, 0x0861, 0x0841, 0x0000, 0x0020, 0x31A6, 0x39C7, 0x3186, 0x2124, 0x3186, 0x3186, 0x2124, 0x2124, 0x39C7, 0x3186,
  0x18C3, 0x1082, 0x0841, 0x0841, 0x4208, 0x52AB, 0x5ACB, 0x73AF, 0x5ACB, 0x6B6E, 0x4228, 0x4208, 0x31A6, 0x18C3, 0x10A2, 0x4208,
  0x630C, 0x6B4D, 0x6B6D, 0x528A, 0x31A7, 0x18C3, 0x0861, 0x0000, 0x0861, 0x52AB, 0x6B4D, 0x5ACB, 0x4A49, 0x5ACB, 0x4A69, 0x39E7,
  0x4A49, 0x5AEC, 0x8410, 0x8C51, 0x9CF4, 0x738E, 0x4A49, 0x2945, 0x18C3, 0x0861, 0x0840, 0x0020, 0x2124, 0x39C7, 0x4A6A, 0x52AB,
  0x5ACB, 0x630C, 0x9CD3, 0x9472, 0x4A69, 0x2104, 0x18C3, 0x0861, 0x1082, 0x73AF, 0x9CD3, 0x6B2D, 0x7BAF, 0x6B6D, 0x4228, 0x2965,
  0x18C3, 0x0861, 0x0841, 0x0020, 0x0861, 0x2965, 0x5AEB, 0x4A69, 0x3186, 0x528A, 0x738E, 0x4228, 0x39C7, 0x2965, 0x2944, 0x2945,
  0x2104, 0x18E3, 0x1082, 0x0841, 0x0000, 0x0000, 0x0020, 0x10A3, 0x18E3, 0x18A2, 0x0882, 0x51C3, 0xEED2, 0xD466, 0x2860, 0x1904,
  0x2945, 0x2104, 0x39A7, 0x2104, 0x0861, 0x0841, 0x0000, 0x18E3, 0x4A69, 0x39C7, 0x2945, 0x18E3, 0x2104, 0x2965, 0x39C7, 0x2965,
  0x2945, 0x18C3, 0x0861, 0x0861, 0x0841, 0x0020, 0x0000, 0x0020, 0x18C3, 0x2104, 0x18C3, 0x1082, 0x0861, 0x0020, 0x0000, 0x0000,
  0x0000, 0x0020, 0x1082, 0x2103, 0x39A5, 0x41E5, 0x59E2, 0xE672, 0xF714, 0x7A00, 0x2060, 0x1860, 0x1840, 0x1040, 0x1840, 0x1860,
  0x1860, 0x1860, 0x1860, 0x1860, 0x2060, 0x1860, 0x1840, 0x1840, 0x1840, 0x1840, 0x1860, 0x2060, 0x2080, 0x30A0, 0x30C0, 0x30A0,
  0x1840, 0x18E3, 0x0861, 0x0000, 0x0000, 0x0000, 0x0000, 0x0000, 0x0000, 0x0000, 0x0000, 0x0000, 0x0000, 0x0000, 0x0000, 0x0000,
  0x0000, 0x0000, 0x0000, 0x0000, 0x0000, 0x0000, 0x0000, 0x0000, 0x0000, 0x0000, 0x0000, 0x0000, 0x0000, 0x0000, 0x0000, 0x0000,
  0x0000, 0x0000, 0x0000, 0x0000, 0x0000, 0x0000, 0x0000, 0x0000, 0x0000, 0x0000, 0x0000, 0x0000, 0x0000, 0x0000, 0x0000, 0x0000,
  0x0000, 0x0000, 0x0000, 0x0000, 0x0000, 0x0000, 0x0000, 0x0000, 0x0000, 0x0000, 0x0000, 0x0000, 0x0000, 0x0000, 0x18C3, 0x1081,
  0x0841, 0x0841, 0x0841, 0x0841, 0x0000, 0x0861, 0x4A49, 0x528A, 0x2966, 0x2104, 0x31A7, 0x39C7, 0x31A7, 0x39C7, 0x3186, 0x5AAB,
  0x39C7, 0x1082, 0x0861, 0x0000, 0x18C3, 0x52AB, 0x5AAB, 0x6B6E, 0xA535, 0x632C, 0x52AB, 0x4229, 0x4A6A, 0x39A7, 0x4A69, 0x738E,
  0x9492, 0x9CD3, 0x73CF, 0x528A, 0x2945, 0x18C3, 0x0841, 0x0000, 0x1082, 0x632D, 0x7BF0, 0x73AF, 0x632D, 0x5AEC, 0x4228, 0x4208,
  0x738E, 0x8431, 0x528A, 0x6B4D, 0x6B6E, 0x6B6E, 0x52AA, 0x4228, 0x18C3, 0x1082, 0x0841, 0x0000, 0x0841, 0x0882, 0x18E3, 0x18E3,
  0x2104, 0x3186, 0x4228, 0x736D, 0x2945, 0x18C3, 0x0861, 0x0020, 0x5ACB, 0xA514, 0x9CF3, 0x738E, 0x9492, 0x6B6D, 0x2965, 0x1082,
  0x0841, 0x0020, 0x0000, 0x18C3, 0x4A69, 0x39C7, 0x4229, 0x4A6A, 0x39C7, 0x6B4D, 0x528A, 0x39C7, 0x3186, 0x2104, 0x2945, 0x2945,
  0x18E3, 0x18A2, 0x1082, 0x0861, 0x0040, 0x0000, 0x0000, 0x0020, 0x0000, 0x0020, 0x3164, 0x8327, 0xFF74, 0xC3E3, 0x2880, 0x0041,
  0x18C3, 0x2124, 0x18E3, 0x1082, 0x0841, 0x0020, 0x0000, 0x2104, 0x4208, 0x39C7, 0x2104, 0x18C3, 0x3186, 0x2104, 0x18C3, 0x2124,
  0x2945, 0x2103, 0x0861, 0x0861, 0x0841, 0x0020, 0x0000, 0x0020, 0x1082, 0x18C3, 0x1082, 0x0841, 0x0020, 0x0000, 0x0000, 0x0000,
  0x0020, 0x18C2, 0x2944, 0x39A5, 0x41E5, 0x6202, 0xE672, 0xF713, 0x7A20, 0x2060, 0x1860, 0x1840, 0x1040, 0x1840, 0x1860, 0x1860,
  0x2060, 0x1860, 0x1860, 0x2060, 0x2060, 0x1860, 0x1840, 0x1840, 0x1860, 0x2060, 0x2080, 0x28A0, 0x30C0, 0x38E0, 0x30C0, 0x1840,
  0x10A2, 0x10A2, 0x0000, 0x0000, 0x0000, 0x0000, 0x0000, 0x0000, 0x0000, 0x0000, 0x0000, 0x0000, 0x0000, 0x0000, 0x0000, 0x0000,
  0x0000, 0x0000, 0x0000, 0x0000, 0x0000, 0x0000, 0x0000, 0x0000, 0x0000, 0x0000, 0x0000, 0x0000, 0x0000, 0x0000, 0x0000, 0x0000,
  0x0000, 0x0000, 0x0000, 0x0000, 0x0000, 0x0000, 0x0000, 0x0000, 0x0000, 0x0000, 0x0000, 0x0000, 0x0000, 0x0000, 0x0000, 0x0000,
  0x0000, 0x0000, 0x0000, 0x0000, 0x0000, 0x0000, 0x0000, 0x0000, 0x0000, 0x0000, 0x0000, 0x0000, 0x0000, 0x0000, 0x0020, 0x0861,
  0x0841, 0x0841, 0x0020, 0x0841, 0x0020, 0x0861, 0x4208, 0x4208, 0x2104, 0x31A6, 0x5AEC, 0x4228, 0x2945, 0x31A6, 0x4A29, 0x738E,
  0x39C7, 0x10A2, 0x0841, 0x0020, 0x0841, 0x39C7, 0x5AEC, 0x8410, 0x94B3, 0x630C, 0x8C72, 0x6B8E, 0x73AE, 0x7BCF, 0x6B6E, 0x73AF,
  0x8C72, 0x8C51, 0x528A, 0x39E8, 0x2104, 0x1082, 0x0020, 0x0000, 0x2104, 0xA535, 0x8431, 0x6B4D, 0x528A, 0x6B4D, 0x632C, 0x632C,
  0x6B6E, 0x630C, 0x632C, 0x8410, 0x9CD3, 0x9CF3, 0x632C, 0x39E7, 0x2104, 0x1082, 0x0861, 0x0020, 0x0000, 0x0020, 0x0840, 0x0040,
  0x0020, 0x0020, 0x18C3, 0x2945, 0x2104, 0x0861, 0x0000, 0x18E3, 0x8410, 0x8C72, 0x6B4D, 0x528A, 0x4208, 0x2945, 0x18E3, 0x0841,
  0x0020, 0x0000, 0x2965, 0x630C, 0x4A69, 0x31A6, 0x2945, 0x632C, 0x738E, 0x31A6, 0x39C7, 0x39C7, 0x18C3, 0x2124, 0x2945, 0x4A49,
  0x2124, 0x0861, 0x1082, 0x0861, 0x0020, 0x0020, 0x0000, 0x0000, 0x0000, 0x2924, 0x2902, 0xACAC, 0xFF93, 0xB361, 0x38C0, 0x0020,
  0x0861, 0x20E4, 0x10A3, 0x1082, 0x0020, 0x0020, 0x0000, 0x2104, 0x39C7, 0x2124, 0x10A2, 0x18E3, 0x18E3, 0x3186, 0x2985, 0x2965,
  0x18E3, 0x1082, 0x1082, 0x0841, 0x0020, 0x0000, 0x0000, 0x0020, 0x0861, 0x0841, 0x0020, 0x0020, 0x0000, 0x0000, 0x0000, 0x0841,
  0x18E3, 0x2944, 0x39A4, 0x41A4, 0x6223, 0xE672, 0xEE91, 0x7200, 0x2880, 0x1840, 0x1040, 0x1840, 0x1040, 0x1860, 0x1860, 0x2060,
  0x2080, 0x2080, 0x2060, 0x1860, 0x1860, 0x1860, 0x1860, 0x2060, 0x2080, 0x2880, 0x30C0, 0x38E0, 0x38E0, 0x30C0, 0x1840, 0x0861,
  0x0841, 0x0000, 0x0000, 0x0000, 0x0000, 0x0000, 0x0000, 0x0000, 0x0000, 0x0000, 0x0000, 0x0000, 0x0000, 0x0000, 0x0000, 0x0000,
  0x0000, 0x0000, 0x0000, 0x0000, 0x0000, 0x0000, 0x0000, 0x0000, 0x0000, 0x0000, 0x0000, 0x0000, 0x0000, 0x0000, 0x0000, 0x0000,
  0x0000, 0x0000, 0x0000, 0x0000, 0x0000, 0x0000, 0x0000, 0x0000, 0x0000, 0x0000, 0x0000, 0x0000, 0x0000, 0x0000, 0x0000, 0x0000,
  0x0000, 0x0000, 0x0000, 0x0000, 0x0000, 0x0000, 0x0000, 0x0000, 0x0000, 0x0000, 0x0000, 0x0000, 0x0000, 0x0000, 0x0000, 0x0000,
  0x0881, 0x0020, 0x0841, 0x0841, 0x0000, 0x0841, 0x2124, 0x39C7, 0x2104, 0x2966, 0x2965, 0x2965, 0x2965, 0x2965, 0x2145, 0x2104,
  0x2104, 0x18E3, 0x0861, 0x0841, 0x0841, 0x1904, 0x7BF0, 0x630C, 0x73AF, 0x9CD4, 0x8C92, 0x8C72, 0x9CF4, 0x7BF0, 0x73AF, 0x73AF,
  0x8431, 0x6B6E, 0x4229, 0x2945, 0x18C3, 0x0861, 0x0020, 0x0000, 0x3186, 0xB5B7, 0x9CF3, 0x632C, 0x52AB, 0x4A49, 0x39E7, 0x52AA,
  0x8C72, 0x6B6E, 0x634D, 0x94B3, 0xAD96, 0x94B3, 0x6B6E, 0x39E8, 0x2124, 0x10A2, 0x0861, 0x0020, 0x0020, 0x0021, 0x1081, 0x0841,
  0x0000, 0x0000, 0x0841, 0x0861, 0x1082, 0x0020, 0x0820, 0x5ACB, 0x630C, 0x4A6A, 0x736E, 0x4A49, 0x2104, 0x1082, 0x0861, 0x0841,
  0x0020, 0x2965, 0x8411, 0x8C52, 0x4A49, 0x4228, 0x4A69, 0x6B6D, 0x4A49, 0x2124, 0x31A6, 0x3186, 0x2124, 0x2945, 0x2104, 0x2124,
  0x18C3, 0x1082, 0x0861, 0x0861, 0x0020, 0x0020, 0x0000, 0x0000, 0x18C2, 0x2104, 0x3920, 0xDE73, 0xF6AF, 0xBBA2, 0x5120, 0x1040,
  0x0020, 0x0861, 0x10A2, 0x0861, 0x0020, 0x0000, 0x0021, 0x2124, 0x4208, 0x2124, 0x18C3, 0x2104, 0x18E3, 0x2945, 0x4208, 0x18C3,
  0x10A2, 0x0861, 0x0861, 0x0820, 0x0020, 0x0000, 0x0000, 0x0000, 0x0841, 0x0841, 0x0020, 0x0000, 0x0000, 0x0020, 0x1082, 0x20E3,
  0x2923, 0x39A4, 0x3963, 0x7284, 0xE6B3, 0xE60F, 0x69C0, 0x2880, 0x1860, 0x1040, 0x1020, 0x1040, 0x1040, 0x1860, 0x2060, 0x2080,
  0x2080, 0x2060, 0x2060, 0x2060, 0x1860, 0x2060, 0x2060, 0x2880, 0x30A0, 0x30C0, 0x38E0, 0x38E0, 0x30C0, 0x1040, 0x0841, 0x0841,
  0x0000, 0x0000, 0x0000, 0x0000, 0x0000, 0x0000, 0x0000, 0x0000, 0x0000, 0x0000, 0x0000, 0x0000, 0x0000, 0x0000, 0x0000, 0x0000,
  0x0000, 0x0000, 0x0000, 0x0000, 0x0000, 0x0000, 0x0000, 0x0000, 0x0000, 0x0000, 0x0000, 0x0000, 0x0000, 0x0000, 0x0000, 0x0000,
  0x0000, 0x0000, 0x0000, 0x0000, 0x0000, 0x0000, 0x0000, 0x0000, 0x0000, 0x0000, 0x0000, 0x0000, 0x0000, 0x0000, 0x0000, 0x0000,
  0x0000, 0x0000, 0x0000, 0x0000, 0x0000, 0x0000, 0x0000, 0x0000, 0x0000, 0x0000, 0x0000, 0x0000, 0x0000, 0x0000, 0x0000, 0x0000,
  0x0020, 0x0861, 0x0841, 0x0020, 0x0000, 0x0020, 0x2125, 0x2124, 0x18C3, 0x1082, 0x18C3, 0x2124, 0x6B4C, 0x5ACA, 0x2945, 0x2945,
  0x2124, 0x10A2, 0x0861, 0x0841, 0x0841, 0x0841, 0x4208, 0x6B4D, 0x6B6E, 0xAD55, 0xAD76, 0xAD55, 0xA514, 0x8431, 0x738E, 0x7BD0,
  0x6B6E, 0x632D, 0x4208, 0x2124, 0x1082, 0x0020, 0x0020, 0x0000, 0x31A6, 0xA535, 0x8C51, 0x630C, 0x39C7, 0x39C7, 0x2124, 0x2945,
  0x52AA, 0x5AEC, 0x5AEB, 0x5ACB, 0x94D3, 0x8431, 0x528A, 0x31A6, 0x2124, 0x10A2, 0x0861, 0x0020, 0x0000, 0x2125, 0x2986, 0x2124,
  0x10C3, 0x1082, 0x0861, 0x0020, 0x0020, 0x0000, 0x1082, 0x2965, 0x3186, 0x2966, 0x3186, 0x2124, 0x0861, 0x0841, 0x0020, 0x0020,
  0x4A69, 0x8410, 0x9492, 0x9493, 0x5AEC, 0x528A, 0x840F, 0x4208, 0x3186, 0x2945, 0x39E7, 0x39C7, 0x18C3, 0x18E3, 0x10A2, 0x10A2,
  0x1082, 0x0841, 0x0861, 0x0841, 0x0020, 0x0000, 0x0000, 0x1082, 0x2103, 0x1061, 0x8326, 0xF798, 0xEE0C, 0xBBC3, 0x5960, 0x2060,
  0x0020, 0x0841, 0x0861, 0x0841, 0x0020, 0x0000, 0x10A2, 0x2966, 0x31A6, 0x18E3, 0x18C3, 0x3186, 0x18E3, 0x10A2, 0x18E3, 0x0861,
  0x10A2, 0x1082, 0x0841, 0x0020, 0x0000, 0x0000, 0x0000, 0x0000, 0x0020, 0x0000, 0x0000, 0x0000, 0x0861, 0x18C3, 0x2104, 0x2944,
  0x3164, 0x4162, 0x8325, 0xF734, 0xD56C, 0x6160, 0x2080, 0x1840, 0x1040, 0x1040, 0x1040, 0x1840, 0x1860, 0x2080, 0x2080, 0x2060,
  0x2060, 0x2060, 0x1860, 0x2060, 0x2080, 0x2880, 0x28A0, 0x30C0, 0x38E0, 0x4100, 0x4100, 0x30A0, 0x1020, 0x1082, 0x0861, 0x0000,
  0x0000, 0x0000, 0x0000, 0x0000, 0x0000, 0x0000, 0x0000, 0x0000, 0x0000, 0x0000, 0x0000, 0x0000, 0x0000, 0x0000, 0x0000, 0x0000,
  0x0000, 0x0000, 0x0000, 0x0000, 0x0000, 0x0000, 0x0000, 0x0000, 0x0000, 0x0000, 0x0000, 0x0000, 0x0000, 0x0000, 0x0000, 0x0000,
  0x0000, 0x0000, 0x0000, 0x0000, 0x0000, 0x0000, 0x0000, 0x0000, 0x0000, 0x0000, 0x0000, 0x0000, 0x0000, 0x0000, 0x0000, 0x0000,
  0x0000, 0x0000, 0x0000, 0x0000, 0x0000, 0x0000, 0x0000, 0x0000, 0x0000, 0x0000, 0x0000, 0x0000, 0x0000, 0x0000, 0x0000, 0x0000,
  0x0000, 0x0020, 0x0861, 0x0000, 0x0000, 0x0000, 0x2104, 0x39C7, 0x18C3, 0x10A2, 0x18C3, 0x18E3, 0x4208, 0x31A6, 0x2104, 0x2104,
  0x18E3, 0x1082, 0x0841, 0x0861, 0x0841, 0x0841, 0x18E3, 0x5ACB, 0x8451, 0xBE18, 0x9CD3, 0xA515, 0x9CD3, 0x8410, 0x5ACB, 0x7BF0,
  0x8C72, 0x5ACB, 0x31A6, 0x10A2, 0x0841, 0x0000, 0x0000, 0x0020, 0x4208, 0x8430, 0x5AEB, 0x2965, 0x18E3, 0x10A2, 0x10A2, 0x18E3,
  0x2124, 0x2965, 0x3186, 0x4228, 0x4228, 0x3186, 0x2124, 0x2104, 0x2965, 0x10A2, 0x0841, 0x0020, 0x0020, 0x31A7, 0x634D, 0x52AB,
  0x4228, 0x3186, 0x2104, 0x1082, 0x0840, 0x0000, 0x0020, 0x0020, 0x0841, 0x0861, 0x1082, 0x0841, 0x0841, 0x0000, 0x0020, 0x5ACB,
  0x9492, 0x8C72, 0x8C71, 0x6B6E, 0x52AA, 0x39E7, 0x4A69, 0x2145, 0x2965, 0x2965, 0x2104, 0x2124, 0x0861, 0x10A2, 0x0861, 0x0861,
  0x0861, 0x0841, 0x0020, 0x0020, 0x0000, 0x0000, 0x0861, 0x18C2, 0x10A2, 0x3900, 0xD5D0, 0xF776, 0xEDCA, 0xC3E4, 0x6180, 0x30C0,
  0x0820, 0x0020, 0x0020, 0x0020, 0x0020, 0x0000, 0x18C3, 0x2104, 0x18E3, 0x18C3, 0x2945, 0x2124, 0x18E3, 0x1082, 0x0861, 0x0841,
  0x0861, 0x0841, 0x0020, 0x0000, 0x0000, 0x0000, 0x0000, 0x0000, 0x0020, 0x0000, 0x0841, 0x10A2, 0x2103, 0x2104, 0x3164, 0x3164,
  0x4181, 0xAC4A, 0xFF34, 0xC4A8, 0x5100, 0x2060, 0x1040, 0x1040, 0x1040, 0x1040, 0x1840, 0x1860, 0x1860, 0x2060, 0x2080, 0x2080,
  0x2080, 0x2060, 0x2060, 0x2060, 0x2880, 0x30A0, 0x38C0, 0x38E0, 0x4100, 0x40E0, 0x28A0, 0x0800, 0x0861, 0x18E3, 0x0000, 0x0000,
  0x0000, 0x0000, 0x0000, 0x0000, 0x0000, 0x0000, 0x0000, 0x0000, 0x0000, 0x0000, 0x0000, 0x0000, 0x0000, 0x0000, 0x0000, 0x0000,
  0x0000, 0x0000, 0x0000, 0x0000, 0x0000, 0x0000, 0x0000, 0x0000, 0x0000, 0x0000, 0x0000, 0x0000, 0x0000, 0x0000, 0x0000, 0x0000,
  0x0000, 0x0000, 0x0000, 0x0000, 0x0000, 0x0000, 0x0000, 0x0000, 0x0000, 0x0000, 0x0000, 0x0000, 0x0000, 0x0000, 0x0000, 0x0000,
  0x0000, 0x0000, 0x0000, 0x0000, 0x0000, 0x0000, 0x0000, 0x0000, 0x0000, 0x0000, 0x0000, 0x0000, 0x0000, 0x0000, 0x0000, 0x0000,
  0x0000, 0x0000, 0x0020, 0x0861, 0x0000, 0x0000, 0x2124, 0x5AEB, 0x3186, 0x1082, 0x18C3, 0x2124, 0x0861, 0x10A2, 0x18E3, 0x2965,
  0x2945, 0x2124, 0x10A2, 0x0882, 0x0861, 0x0861, 0x0861, 0x2945, 0x7BCF, 0x94B3, 0x9CD3, 0xB596, 0xA515, 0x7BCF, 0x5AEB, 0x73AF,
  0x632C, 0x39C7, 0x18E3, 0x0841, 0x0040, 0x0000, 0x0840, 0x4229, 0x738E, 0x52AA, 0x3166, 0x20E4, 0x2104, 0x18C3, 0x18E3, 0x2104,
  0x2965, 0x3186, 0x528A, 0x6B4D, 0x2945, 0x2124, 0x2945, 0x2104, 0x2104, 0x10A2, 0x0861, 0x0020, 0x0020, 0x4A49, 0x8410, 0x73AF,
  0x632D, 0x528A, 0x4208, 0x3186, 0x10A2, 0x0861, 0x0841, 0x0020, 0x0020, 0x0020, 0x0020, 0x0020, 0x0020, 0x0841, 0x5ACB, 0xA515,
  0x8C52, 0x73AF, 0x6B8E, 0x736E, 0x4207, 0x39C6, 0x3185, 0x4A27, 0x39C6, 0x2104, 0x10A2, 0x10A2, 0x1082, 0x1082, 0x0841, 0x0841,
  0x0841, 0x0020, 0x0000, 0x0000, 0x0000, 0x0841, 0x10A2, 0x10A2, 0x1881, 0x8B24, 0xF798, 0xEEF1, 0xE568, 0xC3E4, 0x8241, 0x40E0,
  0x1860, 0x0000, 0x0841, 0x0020, 0x0020, 0x0000, 0x1082, 0x10A2, 0x0841, 0x0861, 0x1082, 0x0861, 0x0882, 0x0841, 0x0861, 0x0841,
  0x0020, 0x0000, 0x0000, 0x0000, 0x0000, 0x0000, 0x0000, 0x0000, 0x0020, 0x1082, 0x18E3, 0x2104, 0x2123, 0x2964, 0x3163, 0x6202,
  0xCD8E, 0xF6D2, 0x9B43, 0x40E0, 0x2060, 0x1040, 0x1040, 0x1040, 0x1840, 0x1840, 0x1860, 0x1860, 0x1860, 0x2060, 0x2080, 0x2060,
  0x2060, 0x2080, 0x2880, 0x30A0, 0x30C0, 0x38E0, 0x40E0, 0x4100, 0x38E0, 0x2080, 0x0000, 0x0862, 0x1082, 0x0000, 0x0000, 0x0000,
  0x0000, 0x0000, 0x0000, 0x0000, 0x0000, 0x0000, 0x0000, 0x0000, 0x0000, 0x0000, 0x0000, 0x0000, 0x0000, 0x0000, 0x0000, 0x0000,
  0x0000, 0x0000, 0x0000, 0x0000, 0x0000, 0x0000, 0x0000, 0x0000, 0x0000, 0x0000, 0x0000, 0x0000, 0x0000, 0x0000, 0x0000, 0x0000,
  0x0000, 0x0000, 0x0000, 0x0000, 0x0000, 0x0000, 0x0000, 0x0000, 0x0000, 0x0000, 0x0000, 0x0000, 0x0000, 0x0000, 0x0000, 0x0000,
  0x0000, 0x0000, 0x0000, 0x0000, 0x0000, 0x0000, 0x0000, 0x0000, 0x0000, 0x0000, 0x0000, 0x0000, 0x0000, 0x0000, 0x0000, 0x0000,
  0x0000, 0x0000, 0x0000, 0x0020, 0x0861, 0x0000, 0x18C3, 0x31A7, 0x39C7, 0x2104, 0x1081, 0x18A2, 0x18E3, 0x2104, 0x10A2, 0x18E3,
  0x4A49, 0x39E7, 0x18C3, 0x10A2, 0x1082, 0x0841, 0x0841, 0x0861, 0x39C7, 0x7BF0, 0xBDD7, 0x94B3, 0x94D3, 0x9492, 0x73AF, 0x632D,
  0x4208, 0x18C3, 0x0020, 0x0020, 0x0000, 0x0841, 0x52AA, 0x738E, 0x73AF, 0x73AE, 0x5ACB, 0x528A, 0x4A8A, 0x31A6, 0x2124, 0x2945,
  0x3186, 0x528A, 0x6B6D, 0x4A28, 0x4208, 0x31A6, 0x18E3, 0x2945, 0x2945, 0x18E3, 0x0861, 0x0020, 0x0841, 0x6B8E, 0xA535, 0x9493,
  0x8410, 0x738E, 0x4A69, 0x39C7, 0x18C3, 0x0861, 0x0841, 0x0000, 0x0020, 0x20E4, 0x18C3, 0x0861, 0x0841, 0x0841, 0x18E3, 0x4228,
  0x528A, 0x630C, 0x528A, 0x4208, 0x3186, 0x2965, 0x18C3, 0x39A6, 0x2124, 0x10A2, 0x10A2, 0x0861, 0x1082, 0x0861, 0x0841, 0x0841,
  0x0020, 0x0000, 0x0000, 0x0000, 0x0020, 0x1082, 0x10A2, 0x10A2, 0x5160, 0xDE31, 0xEF98, 0xEEAF, 0xE527, 0xC3E5, 0xA303, 0x5140,
  0x38C0, 0x0820, 0x0020, 0x0841, 0x0021, 0x0020, 0x0000, 0x0000, 0x0000, 0x0000, 0x0020, 0x0841, 0x0020, 0x0020, 0x0020, 0x0000,
  0x0000, 0x0000, 0x0000, 0x0000, 0x0000, 0x0020, 0x0041, 0x1082, 0x18E3, 0x18E3, 0x20E3, 0x2944, 0x2944, 0x3942, 0x9B86, 0xEE91,
  0xDDAC, 0x71E0, 0x3080, 0x2060, 0x1040, 0x1040, 0x1040, 0x1040, 0x1860, 0x2060, 0x2080, 0x2080, 0x2060, 0x2060, 0x2080, 0x2080,
  0x2080, 0x28A0, 0x30C0, 0x38E0, 0x40E0, 0x4900, 0x4100, 0x30C0, 0x1840, 0x0000, 0x1082, 0x18E3, 0x0000, 0x0000, 0x0000, 0x0000,
  0x0000, 0x0000, 0x0000, 0x0000, 0x0000, 0x0000, 0x0000, 0x0000, 0x0000, 0x0000, 0x0000, 0x0000, 0x0000, 0x0000, 0x0000, 0x0000,
  0x0000, 0x0000, 0x0000, 0x0000, 0x0000, 0x0000, 0x0000, 0x0000, 0x0000, 0x0000, 0x0000, 0x0000, 0x0000, 0x0000, 0x0000, 0x0000,
  0x0000, 0x0000, 0x0000, 0x0000, 0x0000, 0x0000, 0x0000, 0x0000, 0x0000, 0x0000, 0x0000, 0x0000, 0x0000, 0x0000, 0x0000, 0x0000,
  0x0000, 0x0000, 0x0000, 0x0000, 0x0000, 0x0000, 0x0000, 0x0000, 0x0000, 0x0000, 0x0000, 0x0000, 0x0000, 0x0000, 0x0000, 0x0000,
  0x0000, 0x0000, 0x0000, 0x0000, 0x0020, 0x1082, 0x1082, 0x2124, 0x18C3, 0x2124, 0x0861, 0x3186, 0x39E7, 0x4228, 0x2965, 0x4228,
  0x6B4D, 0x39E7, 0x10A2, 0x10A2, 0x1082, 0x0861, 0x0841, 0x0841, 0x10A3, 0x52AB, 0xAD76, 0x94B3, 0x8410, 0x9CF4, 0x5AEB, 0x2965,
  0x2104, 0x0841, 0x0020, 0x0000, 0x0841, 0x4A6A, 0x73AF, 0x9CF3, 0x9CD3, 0x8431, 0x52AA, 0x4A6A, 0x630C, 0x39C7, 0x39C7, 0x39E7,
  0x39E7, 0x5ACB, 0x31A6, 0x39C7, 0x39E7, 0x31A6, 0x39C7, 0x528A, 0x2945, 0x10A2, 0x0861, 0x0020, 0x1081, 0x5B0C, 0x9CF4, 0x9CF4,
  0x738E, 0x7BAF, 0x52AB, 0x2965, 0x0861, 0x0841, 0x0000, 0x0020, 0x2945, 0x4228, 0x39C7, 0x2104, 0x10A2, 0x0861, 0x0000, 0x0000,
  0x10A2, 0x2104, 0x2124, 0x2124, 0x3186, 0x18E3, 0x10A2, 0x18C3, 0x0861, 0x1082, 0x1082, 0x0861, 0x10A2, 0x0841, 0x0020, 0x0020,
  0x0000, 0x0000, 0x0000, 0x0020, 0x0861, 0x10A2, 0x10A2, 0x30C0, 0xAC28, 0xF7BA, 0xEF13, 0xEE4C, 0xDD07, 0xBBC5, 0xB363, 0x71E1,
  0x38C0, 0x2880, 0x0020, 0x0841, 0x0841, 0x0841, 0x0020, 0x0000, 0x0000, 0x0000, 0x0000, 0x0000, 0x0000, 0x0000, 0x0000, 0x0000,
  0x0000, 0x0000, 0x0000, 0x0020, 0x0841, 0x1082, 0x18E3, 0x18E3, 0x18E3, 0x2103, 0x2123, 0x2903, 0x51C2, 0xC50B, 0xFF11, 0xB406,
  0x5100, 0x2060, 0x1840, 0x1040, 0x1040, 0x1040, 0x1840, 0x1840, 0x2080, 0x2080, 0x2880, 0x2880, 0x2080, 0x2880, 0x2880, 0x28A0,
  0x30A0, 0x38C0, 0x38E0, 0x4100, 0x4900, 0x4100, 0x30A0, 0x1020, 0x0000, 0x1082, 0x2104, 0x0000, 0x0000, 0x0000, 0x0000, 0x0000,
  0x0000, 0x0000, 0x0000, 0x0000, 0x0000, 0x0000, 0x0000, 0x0000, 0x0000, 0x0000, 0x0000, 0x0000, 0x0000, 0x0000, 0x0000, 0x0000,
  0x0000, 0x0000, 0x0000, 0x0000, 0x0000, 0x0000, 0x0000, 0x0000, 0x0000, 0x0000, 0x0000, 0x0000, 0x0000, 0x0000, 0x0000, 0x0000,
  0x0000, 0x0000, 0x0000, 0x0000, 0x0000, 0x0000, 0x0000, 0x0000, 0x0000, 0x0000, 0x0000, 0x0000, 0x0000, 0x0000, 0x0000, 0x0000,
  0x0000, 0x0000, 0x0000, 0x0000, 0x0000, 0x0000, 0x0000, 0x0000, 0x0000, 0x0000, 0x0000, 0x0000, 0x0000, 0x0000, 0x0000, 0x0000,
  0x0000, 0x0000, 0x0000, 0x0000, 0x0000, 0x0841, 0x10A2, 0x1082, 0x10A2, 0x18C3, 0x1903, 0x4208, 0x39C7, 0x2965, 0x4208, 0x4A69,
  0x4208, 0x4208, 0x18E3, 0x10A2, 0x10A2, 0x1082, 0x0861, 0x0841, 0x0861, 0x31A6, 0x6B8E, 0x6B6E, 0x4A49, 0x39C7, 0x2124, 0x18C3,
  0x0861, 0x0841, 0x0000, 0x0841, 0x528A, 0x8431, 0x94B2, 0xB5B7, 0xAD75, 0x7BCF, 0x52AA, 0x2965, 0x62EC, 0x8410, 0x5AEB, 0x5ACB,
  0x5ACB, 0x39C7, 0x2945, 0x31A6, 0x39C7, 0x31A6, 0x5AEB, 0x4A49, 0x2965, 0x1082, 0x0841, 0x0020, 0x0841, 0x5AEB, 0x94B3, 0xA514,
  0x7BCF, 0x5B0C, 0x4228, 0x18A3, 0x0020, 0x0840, 0x0020, 0x31C7, 0x4A69, 0x632C, 0x5ACB, 0x4228, 0x3186, 0x18E3, 0x10A2, 0x1082,
  0x0020, 0x0000, 0x0000, 0x0841, 0x0861, 0x0861, 0x1082, 0x1082, 0x1082, 0x0861, 0x1081, 0x0861, 0x0841, 0x0840, 0x0020, 0x0000,
  0x0000, 0x0000, 0x0020, 0x0841, 0x0861, 0x1081, 0x20A1, 0x7242, 0xEF16, 0xEF77, 0xEEAF, 0xEDEB, 0xDCC7, 0xC3E5, 0xAB43, 0x8A82,
  0x5140, 0x38C0, 0x1860, 0x0020, 0x0841, 0x0841, 0x0840, 0x0841, 0x0020, 0x0020, 0x0000, 0x0000, 0x0000, 0x0000, 0x0000, 0x0000,
  0x0000, 0x0020, 0x0841, 0x0861, 0x10A2, 0x10C2, 0x18E3, 0x2103, 0x2924, 0x2123, 0x3922, 0x9345, 0xEE2E, 0xDD8C, 0x8261, 0x3080,
  0x1840, 0x1040, 0x1020, 0x1840, 0x1840, 0x1860, 0x2060, 0x2080, 0x2880, 0x28A0, 0x2880, 0x2880, 0x2880, 0x30A0, 0x30C0, 0x38C0,
  0x38E0, 0x4100, 0x4920, 0x4900, 0x40E0, 0x2080, 0x0820, 0x0000, 0x1082, 0x0861, 0x0000, 0x0000, 0x0000, 0x0000, 0x0000, 0x0000,
  0x0000, 0x0000, 0x0000, 0x0000, 0x0000, 0x0000, 0x0000, 0x0000, 0x0000, 0x0000, 0x0000, 0x0000, 0x0000, 0x0000, 0x0000, 0x0000,
  0x0000, 0x0000, 0x0000, 0x0000, 0x0000, 0x0000, 0x0000, 0x0000, 0x0000, 0x0000, 0x0000, 0x0000, 0x0000, 0x0000, 0x0000, 0x0000,
  0x0000, 0x0000, 0x0000, 0x0000, 0x0000, 0x0000, 0x0000, 0x0000, 0x0000, 0x0000, 0x0000, 0x0000, 0x0000, 0x0000, 0x0000, 0x0000,
  0x0000, 0x0000, 0x0000, 0x0000, 0x0000, 0x0000, 0x0000, 0x0000, 0x0000, 0x0000, 0x0000, 0x0000, 0x0000, 0x0000, 0x0000, 0x0000,
  0x0000, 0x0000, 0x0000, 0x0000, 0x0000, 0x0000, 0x0841, 0x1082, 0x0861, 0x0841, 0x10A2, 0x2145, 0x18E3, 0x18E3, 0x2104, 0x3186,
  0x4A49, 0x31A6, 0x2124, 0x0861, 0x1082, 0x1082, 0x1082, 0x0861, 0x0861, 0x10A2, 0x4249, 0x4A6A, 0x31A6, 0x2124, 0x1082, 0x0841,
  0x0020, 0x0000, 0x0841, 0x5ACB, 0x8C72, 0x8C72, 0x9D14, 0xB5D7, 0x9CF3, 0x738E, 0x738E, 0x83F0, 0x8431, 0x8C51, 0x4208, 0x4A49,
  0x6B2C, 0x39C7, 0x39C7, 0x39E7, 0x4A49, 0x5AEB, 0x6B4D, 0x4A49, 0x18E3, 0x10A2, 0x0861, 0x0020, 0x0000, 0x5ACC, 0xAD76, 0x8431,
  0x632D, 0x52AA, 0x31A6, 0x1082, 0x0020, 0x0020, 0x39C7, 0x738E, 0x73AE, 0x738E, 0x6B6D, 0x630C, 0x39C7, 0x39E7, 0x4228, 0x18E3,
  0x0861, 0x0020, 0x0000, 0x0000, 0x0020, 0x0040, 0x0841, 0x0841, 0x1081, 0x0841, 0x0841, 0x0841, 0x0020, 0x0020, 0x0000, 0x0000,
  0x0000, 0x0020, 0x0841, 0x0861, 0x1061, 0x20C1, 0x4940, 0xD5CE, 0xFFFA, 0xF712, 0xEE2C, 0xE58A, 0xD4C7, 0xC405, 0xAB23, 0x8A82,
  0x7A21, 0x4900, 0x38C0, 0x1860, 0x0020, 0x0841, 0x0841, 0x0841, 0x0841, 0x0841, 0x0841, 0x0040, 0x0020, 0x0020, 0x0841, 0x0841,
  0x0861, 0x0861, 0x1082, 0x10A2, 0x18C2, 0x20E3, 0x2124, 0x2924, 0x3122, 0x7283, 0xCD2A, 0xE5CC, 0x9B44, 0x4900, 0x2060, 0x1040,
  0x1020, 0x1040, 0x1840, 0x1860, 0x2060, 0x2080, 0x2880, 0x28A0, 0x28A0, 0x30A0, 0x28A0, 0x28A0, 0x30A0, 0x30C0, 0x4100, 0x4900,
  0x4920, 0x4920, 0x4920, 0x38C0, 0x1860, 0x0000, 0x0000, 0x18C3, 0x1082, 0x0000, 0x0000, 0x0000, 0x0000, 0x0000, 0x0000, 0x0000,
  0x0000, 0x0000, 0x0000, 0x0000, 0x0000, 0x0000, 0x0000, 0x0000, 0x0000, 0x0000, 0x0000, 0x0000, 0x0000, 0x0000, 0x0000, 0x0000,
  0x0000, 0x0000, 0x0000, 0x0000, 0x0000, 0x0000, 0x0000, 0x0000, 0x0000, 0x0000, 0x0000, 0x0000, 0x0000, 0x0000, 0x0000, 0x0000,
  0x0000, 0x0000, 0x0000, 0x0000, 0x0000, 0x0000, 0x0000, 0x0000, 0x0000, 0x0000, 0x0000, 0x0000, 0x0000, 0x0000, 0x0000, 0x0000,
  0x0000, 0x0000, 0x0000, 0x0000, 0x0000, 0x0000, 0x0000, 0x0000, 0x0000, 0x0000, 0x0000, 0x0000, 0x0000, 0x0000, 0x0000, 0x0000,
  0x0000, 0x0000, 0x0000, 0x0000, 0x0000, 0x0000, 0x0000, 0x0000, 0x0861, 0x0841, 0x18C3, 0x20E4, 0x10A2, 0x2104, 0x10A2, 0x39C7,
  0x2986, 0x18E3, 0x18C3, 0x10A2, 0x10A2, 0x18E3, 0x1082, 0x0861, 0x0882, 0x0841, 0x18E4, 0x31A7, 0x18E3, 0x1082, 0x0861, 0x0020,
  0x0000, 0x0000, 0x6B6E, 0x8C71, 0x7BEF, 0x9D14, 0xA514, 0x8C72, 0x7BCF, 0x8C51, 0x9CF3, 0x9492, 0x528A, 0x31A6, 0x2124, 0x632C,
  0x6B6D, 0x31C6, 0x4A49, 0x39E7, 0x4A49, 0x632C, 0x9CD3, 0x4A69, 0x2104, 0x1082, 0x0861, 0x0020, 0x0000, 0x52AB, 0x94D3, 0x7BF0,
  0x7BCF, 0x4208, 0x18E3, 0x0841, 0x0000, 0x2965, 0x7BCF, 0xA514, 0x7BCF, 0x6B4D, 0x6B6D, 0x4A49, 0x4A49, 0x630C, 0x4A89, 0x2945,
  0x0881, 0x1082, 0x0861, 0x0020, 0x0000, 0x0000, 0x0000, 0x0000, 0x0020, 0x0040, 0x0020, 0x0020, 0x0000, 0x0000, 0x0000, 0x0000,
  0x0000, 0x0020, 0x0841, 0x0861, 0x18A1, 0x30C0, 0xB489, 0xF7BA, 0xFF74, 0xF6CF, 0xE5EB, 0xE529, 0xD4A8, 0xC3E5, 0xAB44, 0x8AA3,
  0x8A83, 0x7A21, 0x4920, 0x38C0, 0x2080, 0x0840, 0x0841, 0x0841, 0x0841, 0x0841, 0x0841, 0x0841, 0x0861, 0x0861, 0x1082, 0x1082,
  0x10A2, 0x10A2, 0x10A2, 0x18E3, 0x18E3, 0x18E3, 0x2902, 0x6223, 0xC488, 0xEDCB, 0xB406, 0x6180, 0x2860, 0x1860, 0x1840, 0x1040,
  0x1840, 0x2060, 0x2080, 0x2880, 0x2880, 0x30A0, 0x30A0, 0x28A0, 0x30C0, 0x30C0, 0x30C0, 0x30C0, 0x38C0, 0x38E0, 0x4920, 0x4920,
  0x4920, 0x4100, 0x30A0, 0x1040, 0x0000, 0x0000, 0x0861, 0x0841, 0x0000, 0x0000, 0x0000, 0x0000, 0x0000, 0x0000, 0x0000, 0x0000,
  0x0000, 0x0000, 0x0000, 0x0000, 0x0000, 0x0000, 0x0000, 0x0000, 0x0000, 0x0000, 0x0000, 0x0000, 0x0000, 0x0000, 0x0000, 0x0000,
  0x0000, 0x0000, 0x0000, 0x0000, 0x0000, 0x0000, 0x0000, 0x0000, 0x0000, 0x0000, 0x0000, 0x0000, 0x0000, 0x0000, 0x0000, 0x0000,
  0x0000, 0x0000, 0x0000, 0x0000, 0x0000, 0x0000, 0x0000, 0x0000, 0x0000, 0x0000, 0x0000, 0x0000, 0x0000, 0x0000, 0x0000, 0x0000,
  0x0000, 0x0000, 0x0000, 0x0000, 0x0000, 0x0000, 0x0000, 0x0000, 0x0000, 0x0000, 0x0000, 0x0000, 0x0000, 0x0000, 0x0000, 0x0000,
  0x0000, 0x0000, 0x0000, 0x0000, 0x0000, 0x0000, 0x0000, 0x0000, 0x0000, 0x0861, 0x0861, 0x0841, 0x0861, 0x18C3, 0x2104, 0x10A2,
  0x1082, 0x10A2, 0x18C3, 0x10C3, 0x10A2, 0x18E3, 0x1082, 0x1082, 0x1082, 0x0841, 0x0841, 0x2104, 0x18C3, 0x0841, 0x0841, 0x0000,
  0x0020, 0x5AEC, 0xA514, 0x9CD3, 0xA535, 0x9CD3, 0xAD76, 0x9CF3, 0x8410, 0xAD76, 0x7BF0, 0x630B, 0x5ACB, 0x7BCF, 0x8410, 0x632C,
  0x4228, 0x3185, 0x6B2C, 0x736E, 0x528A, 0x8430, 0x4A49, 0x2965, 0x2124, 0x10A2, 0x0861, 0x0020, 0x0000, 0x5ACB, 0x9CF4, 0x73CF,
  0x4A49, 0x18C2, 0x0861, 0x0000, 0x2945, 0x8C51, 0x8C51, 0x94B2, 0x8430, 0x6B6D, 0x528A, 0x2965, 0x630C, 0x52CB, 0x2965, 0x39C7,
  0x2945, 0x18E3, 0x10A2, 0x1082, 0x0841, 0x0000, 0x0000, 0x0000, 0x0000, 0x0000, 0x0000, 0x0000, 0x0000, 0x0000, 0x0000, 0x0000,
  0x0020, 0x0020, 0x0841, 0x20C1, 0x28A0, 0x9BA6, 0xF799, 0xEF36, 0xFF11, 0xF66D, 0xEDCB, 0xDD09, 0xCC46, 0xBBC5, 0xA324, 0x92C3,
  0x8262, 0x8262, 0x7A21, 0x5961, 0x4100, 0x30C0, 0x1060, 0x0841, 0x0861, 0x0861, 0x0861, 0x0861, 0x0861, 0x1082, 0x1082, 0x1082,
  0x10A2, 0x10A2, 0x10A2, 0x18C2, 0x3102, 0x6203, 0xABE6, 0xD4E9, 0xBC26, 0x71E0, 0x3080, 0x1840, 0x1840, 0x1840, 0x1860, 0x2060,
  0x2080, 0x28A0, 0x28A0, 0x30C0, 0x30C0, 0x30A0, 0x30C0, 0x30C0, 0x38C0, 0x38E0, 0x38E0, 0x40E0, 0x4100, 0x4120, 0x4920, 0x4120,
  0x38E0, 0x2080, 0x0820, 0x0000, 0x0020, 0x1082, 0x0841, 0x0000, 0x0000, 0x0000, 0x0000, 0x0000, 0x0000, 0x0000, 0x0000, 0x0000,
  0x0000, 0x0000, 0x0000, 0x0000, 0x0000, 0x0000, 0x0000, 0x0000, 0x0000, 0x0000, 0x0000, 0x0000, 0x0000, 0x0000, 0x0000, 0x0000,
  0x0000, 0x0000, 0x0000, 0x0000, 0x0000, 0x0000, 0x0000, 0x0000, 0x0000, 0x0000, 0x0000, 0x0000, 0x0000, 0x0000, 0x0000, 0x0000,
  0x0000, 0x0000, 0x0000, 0x0000, 0x0000, 0x0000, 0x0000, 0x0000, 0x0000, 0x0000, 0x0000, 0x0000, 0x0000, 0x0000, 0x0000, 0x0000,
  0x0000, 0x0000, 0x0000, 0x0000, 0x0000, 0x0000, 0x0000, 0x0000, 0x0000, 0x0000, 0x0000, 0x0000, 0x0000, 0x0000, 0x0000, 0x0000,
  0x0000, 0x0000, 0x0000, 0x0000, 0x0000, 0x0000, 0x0000, 0x0000, 0x0000, 0x0000, 0x1082, 0x1082, 0x0020, 0x0861, 0x1082, 0x10A2,
  0x2104, 0x18E3, 0x18E3, 0x18C3, 0x18C3, 0x2124, 0x18C3, 0x18C3, 0x0861, 0x0841, 0x0841, 0x0861, 0x0841, 0x0020, 0x0000, 0x0020,
  0x39E8, 0x7BCF, 0x6B6D, 0x5AEB, 0x6B4D, 0x738E, 0x6B6D, 0x632C, 0x7BCF, 0x7BCF, 0x4A49, 0x4A49, 0x73AE, 0x94B2, 0x8C71, 0x39E7,
  0x4228, 0x632C, 0x7BEF, 0x8410, 0x52AA, 0x4A49, 0x3186, 0x2124, 0x2945, 0x10A2, 0x0861, 0x0020, 0x0000, 0x52AB, 0x7BCF, 0x4229,
  0x18C3, 0x0020, 0x0000, 0x2945, 0x8C72, 0xAD75, 0xAD96, 0x8C71, 0x7BCF, 0x630C, 0x39C7, 0x39E7, 0x528A, 0x2124, 0x2104, 0x39C7,
  0x39E7, 0x18E3, 0x18E3, 0x10A2, 0x1082, 0x0841, 0x0000, 0x0000, 0x0000, 0x0000, 0x0000, 0x0000, 0x0000, 0x0000, 0x0000, 0x0020,
  0x0841, 0x0841, 0x18A1, 0x28A0, 0x9324, 0xF758, 0xEF57, 0xEEB0, 0xF66D, 0xEDAA, 0xE528, 0xD4A7, 0xBBE5, 0xB384, 0xA303, 0x8AA3,
  0x8262, 0x7202, 0x7A21, 0x8242, 0x69C1, 0x6181, 0x5140, 0x30C0, 0x1880, 0x1081, 0x1081, 0x0861, 0x1081, 0x1082, 0x10A2, 0x18A1,
  0x18A1, 0x28E1, 0x4982, 0x82C4, 0xB3E6, 0xBC47, 0x9B44, 0x59A0, 0x38A0, 0x2060, 0x1860, 0x1840, 0x2060, 0x2880, 0x2880, 0x2880,
  0x28A0, 0x30C0, 0x30C0, 0x30C0, 0x30C0, 0x38C0, 0x38C0, 0x38C0, 0x40E0, 0x4100, 0x4100, 0x4100, 0x4900, 0x4920, 0x4920, 0x30C0,
  0x1040, 0x0000, 0x0000, 0x0841, 0x18C3, 0x0000, 0x0000, 0x0000, 0x0000, 0x0000, 0x0000, 0x0000, 0x0000, 0x0000, 0x0000, 0x0000,
  0x0000, 0x0000, 0x0000, 0x0000, 0x0000, 0x0000, 0x0000, 0x0000, 0x0000, 0x0000, 0x0000, 0x0000, 0x0000, 0x0000, 0x0000, 0x0000,
  0x0000, 0x0000, 0x0000, 0x0000, 0x0000, 0x0000, 0x0000, 0x0000, 0x0000, 0x0000, 0x0000, 0x0000, 0x0000, 0x0000, 0x0000, 0x0000,
  0x0000, 0x0000, 0x0000, 0x0000, 0x0000, 0x0000, 0x0000, 0x0000, 0x0000, 0x0000, 0x0000, 0x0000, 0x0000, 0x0000, 0x0000, 0x0000,
  0x0000, 0x0000, 0x0000, 0x0000, 0x0000, 0x0000, 0x0000, 0x0000, 0x0000, 0x0000, 0x0000, 0x0000, 0x0000, 0x0000, 0x0000, 0x0000,
  0x0000, 0x0000, 0x0000, 0x0000, 0x0000, 0x0000, 0x0000, 0x0000, 0x0000, 0x0000, 0x0841, 0x10A2, 0x0861, 0x0020, 0x0861, 0x10A2,
  0x18E3, 0x18C3, 0x10A2, 0x18C3, 0x18C3, 0x1082, 0x0882, 0x1082, 0x0841, 0x0840, 0x0841, 0x0020, 0x0020, 0x0000, 0x0000, 0x2966,
  0x4249, 0x2965, 0x39E7, 0x2924, 0x2124, 0x4228, 0x4208, 0x52AA, 0x5ACB, 0x528A, 0x5ACB, 0x7BEF, 0x52AA, 0x8C51, 0x5AAA, 0x3165,
  0x4228, 0xA534, 0xA514, 0x7BEF, 0x5AEB, 0x4208, 0x4208, 0x2965, 0x2965, 0x10A2, 0x0861, 0x0020, 0x0000, 0x31A7, 0x4208, 0x10A2,
  0x0820, 0x0000, 0x2124, 0x8C72, 0xBDD7, 0x7BEF, 0x8C50, 0x62EB, 0x4A69, 0x52AA, 0x3186, 0x4228, 0x2104, 0x2944, 0x18E3, 0x2124,
  0x4A48, 0x18C3, 0x1082, 0x1082, 0x0861, 0x0861, 0x0841, 0x0000, 0x0000, 0x0000, 0x0000, 0x0000, 0x0000, 0x0000, 0x0020, 0x0841,
  0x0841, 0x1881, 0x2060, 0x9344, 0xF778, 0xEF58, 0xEE8F, 0xEE2C, 0xEDAA, 0xE549, 0xDCC7, 0xC405, 0xB384, 0xAB44, 0xA323, 0x92C3,
  0x8262, 0x7202, 0x69E1, 0x7201, 0x7A22, 0x7A01, 0x7A01, 0x69C1, 0x6181, 0x5961, 0x4961, 0x4141, 0x4141, 0x4961, 0x59A2, 0x61E2,
  0x7A63, 0x9304, 0xAB85, 0xA364, 0x7A62, 0x4920, 0x2880, 0x1840, 0x1860, 0x1860, 0x2060, 0x2880, 0x28A0, 0x30A0, 0x30A0, 0x30A0,
  0x30C0, 0x30C0, 0x30C0, 0x38C0, 0x38E0, 0x38E0, 0x40E0, 0x40E0, 0x4900, 0x4900, 0x4100, 0x4900, 0x4100, 0x38E0, 0x2080, 0x0820,
  0x0000, 0x0000, 0x1082, 0x10A2, 0x0020, 0x0000, 0x0000, 0x0000, 0x0000, 0x0000, 0x0000, 0x0000, 0x0000, 0x0000, 0x0000, 0x0000,
  0x0000, 0x0000, 0x0000, 0x0000, 0x0000, 0x0000, 0x0000, 0x0000, 0x0000, 0x0000, 0x0000, 0x0000, 0x0000, 0x0000, 0x0000, 0x0000,
  0x0000, 0x0000, 0x0000, 0x0000, 0x0000, 0x0000, 0x0000, 0x0000, 0x0000, 0x0000, 0x0000, 0x0000, 0x0000, 0x0000, 0x0000, 0x0000,
  0x0000, 0x0000, 0x0000, 0x0000, 0x0000, 0x0000, 0x0000, 0x0000, 0x0000, 0x0000, 0x0000, 0x0000, 0x0000, 0x0000, 0x0000, 0x0000,
  0x0000, 0x0000, 0x0000, 0x0000, 0x0000, 0x0000, 0x0000, 0x0000, 0x0000, 0x0000, 0x0000, 0x0000, 0x0000, 0x0000, 0x0000, 0x0000,
  0x0000, 0x0000, 0x0000, 0x0000, 0x0000, 0x0000, 0x0000, 0x0000, 0x0000, 0x0000, 0x0000, 0x0000, 0x0861, 0x10A2, 0x0020, 0x0861,
  0x0841, 0x0841, 0x0841, 0x0841, 0x0020, 0x0020, 0x0020, 0x0000, 0x0020, 0x0020, 0x0000, 0x0000, 0x0000, 0x0020, 0x1082, 0x18E4,
  0x1082, 0x18C3, 0x18E3, 0x1082, 0x1082, 0x18C3, 0x2124, 0x2104, 0x3186, 0x528A, 0x5AEC, 0x4A49, 0x6B4D, 0x8C51, 0x52AA, 0x31A6,
  0x632C, 0x9CD3, 0x8C51, 0x6B4D, 0x4A69, 0x528A, 0x736D, 0x5269, 0x18C3, 0x1082, 0x0841, 0x0020, 0x0000, 0x18E4, 0x10A2, 0x0841,
  0x0000, 0x31A6, 0x8410, 0x9D14, 0xAD96, 0x73AE, 0x5269, 0x31A6, 0x41E7, 0x3186, 0x2985, 0x2965, 0x18E3, 0x2945, 0x2104, 0x2124,
  0x18A2, 0x1082, 0x0861, 0x0861, 0x0861, 0x0841, 0x0841, 0x0020, 0x0000, 0x0000, 0x0000, 0x0000, 0x0000, 0x0000, 0x0020, 0x0840,
  0x1881, 0x30A0, 0x9B85, 0xFFB8, 0xFFD9, 0xEE8F, 0xEE0C, 0xE58A, 0xE58A, 0xE529, 0xCC46, 0xBBC5, 0xA344, 0xA324, 0xA323, 0x8262,
  0x7A42, 0x7202, 0x69E1, 0x69E1, 0x69C1, 0x69C1, 0x71E1, 0x71C1, 0x69A1, 0x69C1, 0x7201, 0x7A22, 0x7A22, 0x7A42, 0x8282, 0x8282,
  0x8262, 0x69E1, 0x4940, 0x38C0, 0x2880, 0x1860, 0x1860, 0x2080, 0x2880, 0x30A0, 0x30A0, 0x30C0, 0x30C0, 0x38C0, 0x30C0, 0x38C0,
  0x38C0, 0x38C0, 0x38C0, 0x40E0, 0x40E0, 0x40E0, 0x4100, 0x4100, 0x4920, 0x4920, 0x4920, 0x4100, 0x28A0, 0x1040, 0x0000, 0x0000,
  0x0000, 0x0861, 0x18C3, 0x0000, 0x0000, 0x0000, 0x0000, 0x0000, 0x0000, 0x0000, 0x0000, 0x0000, 0x0000, 0x0000, 0x0000, 0x0000,
  0x0000, 0x0000, 0x0000, 0x0000, 0x0000, 0x0000, 0x0000, 0x0000, 0x0000, 0x0000, 0x0000, 0x0000, 0x0000, 0x0000, 0x0000, 0x0000,
  0x0000, 0x0000, 0x0000, 0x0000, 0x0000, 0x0000, 0x0000, 0x0000, 0x0000, 0x0000, 0x0000, 0x0000, 0x0000, 0x0000, 0x0000, 0x0000,
  0x0000, 0x0000, 0x0000, 0x0000, 0x0000, 0x0000, 0x0000, 0x0000, 0x0000, 0x0000, 0x0000, 0x0000, 0x0000, 0x0000, 0x0000, 0x0000,
  0x0000, 0x0000, 0x0000, 0x0000, 0x0000, 0x0000, 0x0000, 0x0000, 0x0000, 0x0000, 0x0000, 0x0000, 0x0000, 0x0000, 0x0000, 0x0000,
  0x0000, 0x0000, 0x0000, 0x0000, 0x0000, 0x0000, 0x0000, 0x0000, 0x0000, 0x0000, 0x0000, 0x0000, 0x0000, 0x0861, 0x18E3, 0x0020,
  0x0000, 0x0000, 0x0000, 0x0000, 0x0000, 0x0000, 0x0000, 0x0000, 0x0000, 0x0000, 0x0000, 0x0000, 0x0000, 0x0020, 0x0000, 0x0000,
  0x0000, 0x0020, 0x0841, 0x0841, 0x0861, 0x0861, 0x10A2, 0x1082, 0x10A2, 0x2965, 0x3186, 0x31A6, 0x4A69, 0x39C7, 0x3186, 0x4228,
  0x738D, 0x9CD2, 0x9CD2, 0x8410, 0xAD54, 0x630B, 0x4208, 0x18C3, 0x10A2, 0x0861, 0x0841, 0x0020, 0x0020, 0x0840, 0x0000, 0x0861,
  0x52CB, 0xA535, 0xA534, 0x94B2, 0x7BAE, 0x62EB, 0x736D, 0x31A6, 0x2104, 0x10A2, 0x2945, 0x2103, 0x18E3, 0x18C3, 0x18C3, 0x10A2,
  0x1082, 0x1082, 0x0861, 0x0841, 0x0841, 0x0841, 0x0020, 0x0020, 0x0020, 0x0000, 0x0000, 0x0000, 0x0000, 0x0020, 0x0820, 0x1040,
  0x38A0, 0xB427, 0xFFFA, 0xFFB8, 0xFEAD, 0xF60A, 0xF5AA, 0xED8A, 0xE528, 0xDCA7, 0xCC26, 0xB3A4, 0xA323, 0x9B03, 0x92C3, 0x8A82,
  0x8242, 0x7202, 0x7222, 0x7201, 0x69C1, 0x61A1, 0x61A1, 0x6181, 0x5960, 0x5960, 0x5960, 0x61A1, 0x61A1, 0x5160, 0x4920, 0x4100,
  0x38E0, 0x30A0, 0x2880, 0x2880, 0x30A0, 0x30C0, 0x38C0, 0x38C0, 0x38C0, 0x38C0, 0x38E0, 0x38E0, 0x38E0, 0x38E0, 0x38E0, 0x38E0,
  0x40E0, 0x40E0, 0x40E0, 0x4900, 0x4900, 0x4920, 0x4920, 0x4920, 0x4920, 0x4920, 0x38E0, 0x2080, 0x0820, 0x0000, 0x0000, 0x0020,
  0x0861, 0x0020, 0x0000, 0x0000, 0x0000, 0x0000, 0x0000, 0x0000, 0x0000, 0x0000, 0x0000, 0x0000, 0x0000, 0x0000, 0x0000, 0x0000,
  0x0000, 0x0000, 0x0000, 0x0000, 0x0000, 0x0000, 0x0000, 0x0000, 0x0000, 0x0000, 0x0000, 0x0000, 0x0000, 0x0000, 0x0000, 0x0000,
  0x0000, 0x0000, 0x0000, 0x0000, 0x0000, 0x0000, 0x0000, 0x0000, 0x0000, 0x0000, 0x0000, 0x0000, 0x0000, 0x0000, 0x0000, 0x0000,
  0x0000, 0x0000, 0x0000, 0x0000, 0x0000, 0x0000, 0x0000, 0x0000, 0x0000, 0x0000, 0x0000, 0x0000, 0x0000, 0x0000, 0x0000, 0x0000,
  0x0000, 0x0000, 0x0000, 0x0000, 0x0000, 0x0000, 0x0000, 0x0000, 0x0000, 0x0000, 0x0000, 0x0000, 0x0000, 0x0000, 0x0000, 0x0000,
  0x0000, 0x0000, 0x0000, 0x0000, 0x0000, 0x0000, 0x0000, 0x0000, 0x0000, 0x0000, 0x0000, 0x0000, 0x0000, 0x0000, 0x0841, 0x10C2,
  0x0861, 0x0000, 0x0000, 0x0000, 0x0000, 0x0000, 0x0020, 0x0020, 0x0020, 0x0841, 0x0861, 0x0861, 0x0882, 0x0861, 0x0841, 0x0020,
  0x0020, 0x0020, 0x0000, 0x0000, 0x0000, 0x0000, 0x0841, 0x0861, 0x0861, 0x10A2, 0x2104, 0x2945, 0x2124, 0x10A2, 0x2124, 0x4208,
  0x4A49, 0x736D, 0x6B2C, 0xAD34, 0x8C30, 0x41E7, 0x18C3, 0x1082, 0x0861, 0x0841, 0x0020, 0x0000, 0x0840, 0x0000, 0x1082, 0x738E,
  0x9CF3, 0xAD75, 0x7BEF, 0x6B4C, 0x5269, 0x4208, 0x3165, 0x10A2, 0x18C3, 0x10A2, 0x18E3, 0x18E3, 0x18C3, 0x18E3, 0x1082, 0x0861,
  0x0861, 0x0841, 0x0861, 0x0861, 0x0041, 0x0020, 0x0000, 0x0000, 0x0000, 0x0000, 0x0000, 0x0000, 0x0820, 0x1040, 0x1040, 0x30A0,
  0xBCA9, 0xFFFA, 0xFF55, 0xFE4C, 0xF589, 0xED07, 0xE4C6, 0xE4E7, 0xDC86, 0xC3E5, 0xB3A4, 0xAB64, 0xA323, 0x9AE3, 0x92A3, 0x8AA3,
  0x8283, 0x7202, 0x69E1, 0x69C1, 0x61A1, 0x6181, 0x5961, 0x5140, 0x4920, 0x4900, 0x4100, 0x4900, 0x4100, 0x38E0, 0x38C0, 0x30C0,
  0x30C0, 0x40E0, 0x40E0, 0x38C0, 0x38E0, 0x38E0, 0x38E0, 0x40E0, 0x40E0, 0x38E0, 0x38E0, 0x40E0, 0x40E0, 0x40E0, 0x40E0, 0x4100,
  0x4900, 0x4900, 0x4900, 0x5120, 0x5140, 0x5140, 0x4920, 0x4920, 0x40E0, 0x2880, 0x1020, 0x0000, 0x0000, 0x0000, 0x0841, 0x10A2,
  0x0020, 0x0000, 0x0000, 0x0000, 0x0000, 0x0000, 0x0000, 0x0000, 0x0000, 0x0000, 0x0000, 0x0000, 0x0000, 0x0000, 0x0000, 0x0000,
  0x0000, 0x0000, 0x0000, 0x0000, 0x0000, 0x0000, 0x0000, 0x0000, 0x0000, 0x0000, 0x0000, 0x0000, 0x0000, 0x0000, 0x0000, 0x0000,
  0x0000, 0x0000, 0x0000, 0x0000, 0x0000, 0x0000, 0x0000, 0x0000, 0x0000, 0x0000, 0x0000, 0x0000, 0x0000, 0x0000, 0x0000, 0x0000,
  0x0000, 0x0000, 0x0000, 0x0000, 0x0000, 0x0000, 0x0000, 0x0000, 0x0000, 0x0000, 0x0000, 0x0000, 0x0000, 0x0000, 0x0000, 0x0000,
  0x0000, 0x0000, 0x0000, 0x0000, 0x0000, 0x0000, 0x0000, 0x0000, 0x0000, 0x0000, 0x0000, 0x0000, 0x0000, 0x0000, 0x0000, 0x0000,
  0x0000, 0x0000, 0x0000, 0x0000, 0x0000, 0x0000, 0x0000, 0x0000, 0x0000, 0x0000, 0x0000, 0x0000, 0x0000, 0x0000, 0x0000, 0x0000,
  0x10A2, 0x0861, 0x0841, 0x1082, 0x10A2, 0x2124, 0x1904, 0x2104, 0x2945, 0x31A6, 0x3186, 0x2965, 0x2986, 0x2945, 0x2965, 0x3186,
  0x2124, 0x2124, 0x10A2, 0x0861, 0x0020, 0x0000, 0x0000, 0x0000, 0x0000, 0x0020, 0x0861, 0x10A2, 0x18C3, 0x2104, 0x18E3, 0x39E7,
  0x39E7, 0x2945, 0x4A69, 0x5AAA, 0x2924, 0x18E3, 0x10A2, 0x1082, 0x0841, 0x0020, 0x0020, 0x0000, 0x0000, 0x2104, 0x8431, 0x9CB3,
  0x73AE, 0x738E, 0x5AEB, 0x52AA, 0x39E7, 0x2124, 0x18C3, 0x10A2, 0x2104, 0x2104, 0x1082, 0x0861, 0x1082, 0x1082, 0x1082, 0x0861,
  0x0841, 0x0841, 0x0841, 0x0841, 0x0841, 0x0820, 0x0000, 0x0000, 0x0000, 0x0000, 0x0000, 0x0000, 0x0820, 0x1840, 0x5960, 0xD56C,
  0xFFB5, 0xF64D, 0xED48, 0xE4E7, 0xDCA6, 0xD466, 0xD445, 0xC405, 0xB384, 0xAB64, 0xA323, 0xA323, 0xAB64, 0x9AE3, 0x8262, 0x8262,
  0x7A42, 0x7222, 0x69E1, 0x61C1, 0x5981, 0x5141, 0x5140, 0x5140, 0x5120, 0x5140, 0x4900, 0x4900, 0x4900, 0x4100, 0x4100, 0x4100,
  0x4100, 0x4100, 0x4100, 0x40E0, 0x40E0, 0x40E0, 0x4100, 0x4100, 0x4100, 0x4100, 0x4100, 0x40E0, 0x4100, 0x4100, 0x4900, 0x4920,
  0x4920, 0x5120, 0x5140, 0x5140, 0x5120, 0x4900, 0x40E0, 0x30A0, 0x1840, 0x0000, 0x0000, 0x0000, 0x0000, 0x1082, 0x10A2, 0x0000,
  0x0000, 0x0000, 0x0000, 0x0000, 0x0000, 0x0000, 0x0000, 0x0000, 0x0000, 0x0000, 0x0000, 0x0000, 0x0000, 0x0000, 0x0000, 0x0000,
  0x0000, 0x0000, 0x0000, 0x0000, 0x0000, 0x0000, 0x0000, 0x0000, 0x0000, 0x0000, 0x0000, 0x0000, 0x0000, 0x0000, 0x0000, 0x0000,
  0x0000, 0x0000, 0x0000, 0x0000, 0x0000, 0x0000, 0x0000, 0x0000, 0x0000, 0x0000, 0x0000, 0x0000, 0x0000, 0x0000, 0x0000, 0x0000,
  0x0000, 0x0000, 0x0000, 0x0000, 0x0000, 0x0000, 0x0000, 0x0000, 0x0000, 0x0000, 0x0000, 0x0000, 0x0000, 0x0000, 0x0000, 0x0000,
  0x0000, 0x0000, 0x0000, 0x0000, 0x0000, 0x0000, 0x0000, 0x0000, 0x0000, 0x0000, 0x0000, 0x0000, 0x0000, 0x0000, 0x0000, 0x0000,
  0x0000, 0x0000, 0x0000, 0x0000, 0x0000, 0x0000, 0x0000, 0x0000, 0x0000, 0x0000, 0x0000, 0x0000, 0x0000, 0x0000, 0x0000, 0x0000,
  0x0000, 0x0841, 0x18E3, 0x1082, 0x1082, 0x18C3, 0x18E3, 0x2124, 0x18C3, 0x1904, 0x2104, 0x2104, 0x18C3, 0x18C3, 0x2104, 0x2124,
  0x18E4, 0x18C3, 0x2104, 0x2945, 0x10A2, 0x1082, 0x1082, 0x0841, 0x0000, 0x0000, 0x0020, 0x0861, 0x1082, 0x10A2, 0x18C3, 0x31A6,
  0x4208, 0x2945, 0x2104, 0x18C3, 0x18E3, 0x18C3, 0x1082, 0x0841, 0x0841, 0x0020, 0x0000, 0x0000, 0x2945, 0x8C51, 0xBDD7, 0x6B6E,
  0x39E7, 0x4A49, 0x2965, 0x2124, 0x2103, 0x18C3, 0x18C3, 0x18E3, 0x18E3, 0x2104, 0x10A2, 0x18E3, 0x1082, 0x0861, 0x0841, 0x0861,
  0x0841, 0x0841, 0x0861, 0x0861, 0x0841, 0x0020, 0x0000, 0x0000, 0x0000, 0x0000, 0x0000, 0x0000, 0x1020, 0x69E1, 0xEDCC, 0xFEB0,
  0xE4E7, 0xCC04, 0xBBC4, 0xBBE4, 0xBBC4, 0xBBA4, 0xB384, 0xA323, 0x9AE2, 0x9AC2, 0x92C2, 0x9AC3, 0x92C3, 0x8A82, 0x8262, 0x7A22,
  0x7202, 0x69E1, 0x69C1, 0x61A1, 0x61C1, 0x5981, 0x5961, 0x5160, 0x5140, 0x5960, 0x5140, 0x5140, 0x5140, 0x5140, 0x4920, 0x5120,
  0x4900, 0x4100, 0x4900, 0x4100, 0x4100, 0x4100, 0x4100, 0x4900, 0x4920, 0x4920, 0x4900, 0x4100, 0x4900, 0x4920, 0x5120, 0x5140,
  0x5140, 0x5140, 0x5140, 0x4920, 0x4100, 0x30A0, 0x1860, 0x0800, 0x0000, 0x0000, 0x0000, 0x0020, 0x18C3, 0x10A2, 0x0000, 0x0000,
  0x0000, 0x0000, 0x0000, 0x0000, 0x0000, 0x0000, 0x0000, 0x0000, 0x0000, 0x0000, 0x0000, 0x0000, 0x0000, 0x0000, 0x0000, 0x0000,
  0x0000, 0x0000, 0x0000, 0x0000, 0x0000, 0x0000, 0x0000, 0x0000, 0x0000, 0x0000, 0x0000, 0x0000, 0x0000, 0x0000, 0x0000, 0x0000,
  0x0000, 0x0000, 0x0000, 0x0000, 0x0000, 0x0000, 0x0000, 0x0000, 0x0000, 0x0000, 0x0000, 0x0000, 0x0000, 0x0000, 0x0000, 0x0000,
  0x0000, 0x0000, 0x0000, 0x0000, 0x0000, 0x0000, 0x0000, 0x0000, 0x0000, 0x0000, 0x0000, 0x0000, 0x0000, 0x0000, 0x0000, 0x0000,
  0x0000, 0x0000, 0x0000, 0x0000, 0x0000, 0x0000, 0x0000, 0x0000, 0x0000, 0x0000, 0x0000, 0x0000, 0x0000, 0x0000, 0x0000, 0x0000,
  0x0000, 0x0000, 0x0000, 0x0000, 0x0000, 0x0000, 0x0000, 0x0000, 0x0000, 0x0000, 0x0000, 0x0000, 0x0000, 0x0000, 0x0000, 0x0000,
  0x0000, 0x0000, 0x0020, 0x10A2, 0x0861, 0x0020, 0x1082, 0x18C3, 0x1082, 0x1082, 0x10A2, 0x18C3, 0x1082, 0x10A2, 0x10A2, 0x10A2,
  0x18C3, 0x18C3, 0x18E3, 0x2104, 0x10A2, 0x1082, 0x10A2, 0x18C3, 0x10A2, 0x0840, 0x0000, 0x0000, 0x0000, 0x0841, 0x10A2, 0x10A2,
  0x18C3, 0x2945, 0x2945, 0x1082, 0x10A2, 0x1082, 0x0841, 0x0020, 0x0000, 0x0000, 0x0861, 0x4249, 0x6B6E, 0x7BCF, 0x632C, 0x4208,
  0x4207, 0x2965, 0x2104, 0x10C2, 0x2104, 0x2104, 0x18E3, 0x18C3, 0x10A2, 0x10A2, 0x1082, 0x10A2, 0x0882, 0x0861, 0x0841, 0x0861,
  0x0861, 0x0861, 0x0841, 0x0841, 0x0020, 0x0020, 0x0000, 0x0000, 0x0000, 0x0000, 0x0800, 0x1840, 0x69E1, 0xD466, 0xD487, 0xBB62,
  0xBB42, 0xAB22, 0xA302, 0x9AE2, 0x9AE3, 0x9AE3, 0x9282, 0x8A82, 0x8A82, 0x8A82, 0x92A2, 0x8A82, 0x7A42, 0x7A22, 0x7A22, 0x7A22,
  0x69C1, 0x61C1, 0x61A1, 0x5961, 0x61A1, 0x5981, 0x5961, 0x5961, 0x5961, 0x5960, 0x5140, 0x4920, 0x4920, 0x5160, 0x5140, 0x5120,
  0x4920, 0x4100, 0x4900, 0x4900, 0x4920, 0x4920, 0x4900, 0x4920, 0x4920, 0x4920, 0x5140, 0x5140, 0x5160, 0x5140, 0x5140, 0x5140,
  0x4920, 0x4920, 0x4100, 0x38C0, 0x2060, 0x0820, 0x0000, 0x0000, 0x0000, 0x0000, 0x0861, 0x0861, 0x0841, 0x0000, 0x0000, 0x0000,
  0x0000, 0x0000, 0x0000, 0x0000, 0x0000, 0x0000, 0x0000, 0x0000, 0x0000, 0x0000, 0x0000, 0x0000, 0x0000, 0x0000, 0x0000, 0x0000,
  0x0000, 0x0000, 0x0000, 0x0000, 0x0000, 0x0000, 0x0000, 0x0000, 0x0000, 0x0000, 0x0000, 0x0000, 0x0000, 0x0000, 0x0000, 0x0000,
  0x0000, 0x0000, 0x0000, 0x0000, 0x0000, 0x0000, 0x0000, 0x0000, 0x0000, 0x0000, 0x0000, 0x0000, 0x0000, 0x0000, 0x0000, 0x0000,
  0x0000, 0x0000, 0x0000, 0x0000, 0x0000, 0x0000, 0x0000, 0x0000, 0x0000, 0x0000, 0x0000, 0x0000, 0x0000, 0x0000, 0x0000, 0x0000,
  0x0000, 0x0000, 0x0000, 0x0000, 0x0000, 0x0000, 0x0000, 0x0000, 0x0000, 0x0000, 0x0000, 0x0000, 0x0000, 0x0000, 0x0000, 0x0000,
  0x0000, 0x0000, 0x0000, 0x0000, 0x0000, 0x0000, 0x0000, 0x0000, 0x0000, 0x0000, 0x0000, 0x0000, 0x0000, 0x0000, 0x0000, 0x0000,
  0x0000, 0x0000, 0x0000, 0x0000, 0x0841, 0x10A2, 0x0861, 0x0020, 0x0861, 0x0861, 0x0861, 0x0861, 0x0861, 0x0841, 0x0841, 0x0861,
  0x1082, 0x1082, 0x10A2, 0x10A2, 0x18C3, 0x18C3, 0x1061, 0x1082, 0x10A2, 0x10A2, 0x1081, 0x0000, 0x0000, 0x0000, 0x0020, 0x0841,
  0x1082, 0x0861, 0x1082, 0x0861, 0x0020, 0x0020, 0x0020, 0x0000, 0x0000, 0x2104, 0x8430, 0x8410, 0x52AB, 0x31A6, 0x2124, 0x39C7,
  0x39E7, 0x18E3, 0x18C3, 0x1082, 0x1082, 0x10A2, 0x10A2, 0x1082, 0x1082, 0x1061, 0x1082, 0x1082, 0x1082, 0x0861, 0x0841, 0x0861,
  0x0841, 0x0861, 0x0841, 0x0840, 0x0020, 0x0000, 0x0000, 0x0000, 0x0000, 0x0800, 0x30A0, 0x8262, 0xBB84, 0xA302, 0x9261, 0x9281,
  0x9AA1, 0x9281, 0x9281, 0x8A61, 0x8241, 0x7201, 0x7A21, 0x7A21, 0x7A21, 0x7A21, 0x7A22, 0x7201, 0x69E1, 0x69C1, 0x69C1, 0x69C1,
  0x61A1, 0x5980, 0x5960, 0x5141, 0x5161, 0x5161, 0x5961, 0x5961, 0x5961, 0x5160, 0x5160, 0x5160, 0x5140, 0x5140, 0x5140, 0x5120,
  0x4920, 0x4920, 0x4900, 0x4920, 0x5120, 0x5120, 0x5140, 0x5140, 0x5140, 0x5960, 0x5960, 0x5960, 0x5140, 0x4920, 0x4920, 0x4920,
  0x4100, 0x38E0, 0x2080, 0x1040, 0x0000, 0x0000, 0x0000, 0x0000, 0x0000, 0x1082, 0x0861, 0x0000, 0x0000, 0x0000, 0x0000, 0x0000,
  0x0000, 0x0000, 0x0000, 0x0000, 0x0000, 0x0000, 0x0000, 0x0000, 0x0000, 0x0000, 0x0000, 0x0000, 0x0000, 0x0000, 0x0000, 0x0000,
  0x0000, 0x0000, 0x0000, 0x0000, 0x0000, 0x0000, 0x0000, 0x0000, 0x0000, 0x0000, 0x0000, 0x0000, 0x0000, 0x0000, 0x0000, 0x0000,
  0x0000, 0x0000, 0x0000, 0x0000, 0x0000, 0x0000, 0x0000, 0x0000, 0x0000, 0x0000, 0x0000, 0x0000, 0x0000, 0x0000, 0x0000, 0x0000,
  0x0000, 0x0000, 0x0000, 0x0000, 0x0000, 0x0000, 0x0000, 0x0000, 0x0000, 0x0000, 0x0000, 0x0000, 0x0000, 0x0000, 0x0000, 0x0000,
  0x0000, 0x0000, 0x0000, 0x0000, 0x0000, 0x0000, 0x0000, 0x0000, 0x0000, 0x0000, 0x0000, 0x0000, 0x0000, 0x0000, 0x0000, 0x0000,
  0x0000, 0x0000, 0x0000, 0x0000, 0x0000, 0x0000, 0x0000, 0x0000, 0x0000, 0x0000, 0x0000, 0x0000, 0x0000, 0x0000, 0x0000, 0x0000,
  0x0000, 0x0000, 0x0000, 0x0000, 0x0000, 0x0020, 0x1082, 0x0861, 0x0000, 0x0000, 0x0000, 0x0000, 0x0000, 0x0000, 0x0000, 0x0000,
  0x0000, 0x0000, 0x0000, 0x0000, 0x0020, 0x0861, 0x1082, 0x18C3, 0x18C3, 0x1082, 0x0861, 0x0861, 0x0841, 0x0020, 0x0000, 0x0000,
  0x0020, 0x0861, 0x1082, 0x0820, 0x0020, 0x0000, 0x0000, 0x0000, 0x39C7, 0x8C72, 0x6B6E, 0x39E7, 0x39C7, 0x2965, 0x18C3, 0x18C3,
  0x18C3, 0x1082, 0x10A2, 0x10A2, 0x39A5, 0x1082, 0x1082, 0x1082, 0x1082, 0x0861, 0x1082, 0x0861, 0x0861, 0x0861, 0x0861, 0x0841,
  0x0841, 0x0841, 0x0841, 0x0020, 0x0000, 0x0000, 0x0000, 0x0000, 0x0000, 0x0820, 0x28A0, 0x4941, 0x5140, 0x6180, 0x69C1, 0x71E1,
  0x7A21, 0x8221, 0x79E1, 0x71E1, 0x69C1, 0x71E1, 0x71E1, 0x71E1, 0x71E1, 0x61A1, 0x6181, 0x61A1, 0x61A1, 0x61C1, 0x61A1, 0x5981,
  0x5961, 0x5960, 0x5981, 0x5961, 0x5141, 0x5141, 0x5161, 0x5961, 0x5140, 0x5161, 0x5140, 0x5140, 0x5960, 0x5140, 0x5140, 0x5140,
  0x5140, 0x4920, 0x5120, 0x5140, 0x5140, 0x5960, 0x5960, 0x5960, 0x5140, 0x5140, 0x5140, 0x5140, 0x4920, 0x4100, 0x4100, 0x38E0,
  0x2080, 0x1020, 0x0820, 0x0000, 0x0000, 0x0000, 0x0000, 0x0862, 0x10A2, 0x0020, 0x0000, 0x0000, 0x0000, 0x0000, 0x0000, 0x0000,
  0x0000, 0x0000, 0x0000, 0x0000, 0x0000, 0x0000, 0x0000, 0x0000, 0x0000, 0x0000, 0x0000, 0x0000, 0x0000, 0x0000, 0x0000, 0x0000,
  0x0000, 0x0000, 0x0000, 0x0000, 0x0000, 0x0000, 0x0000, 0x0000, 0x0000, 0x0000, 0x0000, 0x0000, 0x0000, 0x0000, 0x0000, 0x0000,
  0x0000, 0x0000, 0x0000, 0x0000, 0x0000, 0x0000, 0x0000, 0x0000, 0x0000, 0x0000, 0x0000, 0x0000, 0x0000, 0x0000, 0x0000, 0x0000,
  0x0000, 0x0000, 0x0000, 0x0000, 0x0000, 0x0000, 0x0000, 0x0000, 0x0000, 0x0000, 0x0000, 0x0000, 0x0000, 0x0000, 0x0000, 0x0000,
  0x0000, 0x0000, 0x0000, 0x0000, 0x0000, 0x0000, 0x0000, 0x0000, 0x0000, 0x0000, 0x0000, 0x0000, 0x0000, 0x0000, 0x0000, 0x0000,
  0x0000, 0x0000, 0x0000, 0x0000, 0x0000, 0x0000, 0x0000, 0x0000, 0x0000, 0x0000, 0x0000, 0x0000, 0x0000, 0x0000, 0x0000, 0x0000,
  0x0000, 0x0000, 0x0000, 0x0000, 0x0000, 0x0000, 0x0000, 0x0861, 0x10A2, 0x0040, 0x0000, 0x0020, 0x0020, 0x0020, 0x0020, 0x0020,
  0x0020, 0x0000, 0x0020, 0x0000, 0x0000, 0x0000, 0x0000, 0x0841, 0x0861, 0x0861, 0x1082, 0x0841, 0x0861, 0x0861, 0x0020, 0x0000,
  0x0000, 0x0020, 0x0841, 0x0020, 0x0000, 0x0000, 0x0861, 0x528A, 0x73AE, 0x52AA, 0x39C7, 0x2965, 0x2104, 0x18E3, 0x18C3, 0x18C3,
  0x1082, 0x1082, 0x10A2, 0x18A2, 0x2103, 0x10A2, 0x1082, 0x1082, 0x0861, 0x0861, 0x1082, 0x0861, 0x0861, 0x1061, 0x10A2, 0x0861,
  0x0861, 0x0841, 0x0840, 0x0020, 0x0000, 0x0000, 0x0000, 0x0000, 0x0000, 0x0000, 0x0000, 0x0000, 0x0000, 0x0000, 0x0820, 0x1860,
  0x30E0, 0x5140, 0x61A1, 0x71C1, 0x69C1, 0x69C1, 0x69C1, 0x6181, 0x61A1, 0x61A1, 0x6181, 0x6181, 0x5981, 0x5981, 0x5981, 0x5960,
  0x5961, 0x5961, 0x5981, 0x5981, 0x5961, 0x5960, 0x5140, 0x5140, 0x5140, 0x5140, 0x5140, 0x5140, 0x5140, 0x5140, 0x5140, 0x5120,
  0x5140, 0x5160, 0x5160, 0x5140, 0x5140, 0x5960, 0x5960, 0x5140, 0x5140, 0x4920, 0x4920, 0x4920, 0x40E0, 0x30A0, 0x2060, 0x0820,
  0x0000, 0x0820, 0x0820, 0x0000, 0x0000, 0x0020, 0x1082, 0x1082, 0x0000, 0x0000, 0x0000, 0x0000, 0x0000, 0x0000, 0x0000, 0x0000,
  0x0000, 0x0000, 0x0000, 0x0000, 0x0000, 0x0000, 0x0000, 0x0000, 0x0000, 0x0000, 0x0000, 0x0000, 0x0000, 0x0000, 0x0000, 0x0000,
  0x0000, 0x0000, 0x0000, 0x0000, 0x0000, 0x0000, 0x0000, 0x0000, 0x0000, 0x0000, 0x0000, 0x0000, 0x0000, 0x0000, 0x0000, 0x0000,
  0x0000, 0x0000, 0x0000, 0x0000, 0x0000, 0x0000, 0x0000, 0x0000, 0x0000, 0x0000, 0x0000, 0x0000, 0x0000, 0x0000, 0x0000, 0x0000,
  0x0000, 0x0000, 0x0000, 0x0000, 0x0000, 0x0000, 0x0000, 0x0000, 0x0000, 0x0000, 0x0000, 0x0000, 0x0000, 0x0000, 0x0000, 0x0000,
  0x0000, 0x0000, 0x0000, 0x0000, 0x0000, 0x0000, 0x0000, 0x0000, 0x0000, 0x0000, 0x0000, 0x0000, 0x0000, 0x0000, 0x0000, 0x0000,
  0x0000, 0x0000, 0x0000, 0x0000, 0x0000, 0x0000, 0x0000, 0x0000, 0x0000, 0x0000, 0x0000, 0x0000, 0x0000, 0x0000, 0x0000, 0x0000,
  0x0000, 0x0000, 0x0000, 0x0000, 0x0000, 0x0000, 0x0000, 0x0000, 0x0020, 0x1082, 0x18C3, 0x0861, 0x18E3, 0x20E4, 0x18A3, 0x18C3,
  0x10C3, 0x2124, 0x10A2, 0x10A2, 0x1082, 0x0841, 0x0020, 0x0000, 0x0000, 0x0000, 0x0820, 0x0841, 0x10A2, 0x1082, 0x0861, 0x0840,
  0x0000, 0x0000, 0x0000, 0x0000, 0x0020, 0x1904, 0x4A6A, 0x5ACB, 0x4A29, 0x2124, 0x18E3, 0x18C3, 0x18E3, 0x10A2, 0x18C3, 0x0861,
  0x0861, 0x1082, 0x1082, 0x10A2, 0x0861, 0x10A2, 0x1082, 0x1081, 0x0861, 0x0861, 0x1081, 0x0861, 0x1082, 0x1082, 0x1081, 0x0861,
  0x0861, 0x0861, 0x0820, 0x0020, 0x0000, 0x0000, 0x0000, 0x0000, 0x0020, 0x0020, 0x0841, 0x0020, 0x0020, 0x0020, 0x0000, 0x0000,
  0x0000, 0x0000, 0x1840, 0x38C0, 0x5140, 0x61A1, 0x69C1, 0x61A1, 0x6181, 0x5961, 0x5981, 0x5961, 0x5141, 0x5961, 0x5960, 0x5981,
  0x5961, 0x6181, 0x5981, 0x5140, 0x5141, 0x5961, 0x5140, 0x5140, 0x5140, 0x5140, 0x5960, 0x5140, 0x5960, 0x5140, 0x5140, 0x5140,
  0x5140, 0x5960, 0x5960, 0x5960, 0x5160, 0x5140, 0x5140, 0x5140, 0x4920, 0x4100, 0x38E0, 0x28A0, 0x1860, 0x0820, 0x0000, 0x0000,
  0x0820, 0x0820, 0x0000, 0x0000, 0x1082, 0x10A2, 0x0841, 0x0000, 0x0000, 0x0000, 0x0000, 0x0000, 0x0000, 0x0000, 0x0000, 0x0000,
  0x0000, 0x0000, 0x0000, 0x0000, 0x0000, 0x0000, 0x0000, 0x0000, 0x0000, 0x0000, 0x0000, 0x0000, 0x0000, 0x0000, 0x0000, 0x0000,
  0x0000, 0x0000, 0x0000, 0x0000, 0x0000, 0x0000, 0x0000, 0x0000, 0x0000, 0x0000, 0x0000, 0x0000, 0x0000, 0x0000, 0x0000, 0x0000,
  0x0000, 0x0000, 0x0000, 0x0000, 0x0000, 0x0000, 0x0000, 0x0000, 0x0000, 0x0000, 0x0000, 0x0000, 0x0000, 0x0000, 0x0000, 0x0000,
  0x0000, 0x0000, 0x0000, 0x0000, 0x0000, 0x0000, 0x0000, 0x0000, 0x0000, 0x0000, 0x0000, 0x0000, 0x0000, 0x0000, 0x0000, 0x0000,
  0x0000, 0x0000, 0x0000, 0x0000, 0x0000, 0x0000, 0x0000, 0x0000, 0x0000, 0x0000, 0x0000, 0x0000, 0x0000, 0x0000, 0x0000, 0x0000,
  0x0000, 0x0000, 0x0000, 0x0000, 0x0000, 0x0000, 0x0000, 0x0000, 0x0000, 0x0000, 0x0000, 0x0000, 0x0000, 0x0000, 0x0000, 0x0000,
  0x0000, 0x0000, 0x0000, 0x0000, 0x0000, 0x0000, 0x0000, 0x0000, 0x0000, 0x0000, 0x0841, 0x1061, 0x1082, 0x0861, 0x10A2, 0x18C3,
  0x10A2, 0x18C3, 0x1082, 0x18C3, 0x18C3, 0x18C3, 0x18C3, 0x0861, 0x0020, 0x0000, 0x0000, 0x0000, 0x0841, 0x0861, 0x0861, 0x0020,
  0x0000, 0x0000, 0x0000, 0x0861, 0x3186, 0x630C, 0x4208, 0x2965, 0x2124, 0x18E3, 0x1082, 0x18C3, 0x10A2, 0x18E3, 0x10A2, 0x1082,
  0x0861, 0x0861, 0x0861, 0x1082, 0x1082, 0x1082, 0x0861, 0x0861, 0x1061, 0x1061, 0x0861, 0x0861, 0x1082, 0x0861, 0x0861, 0x0841,
  0x1061, 0x1061, 0x0820, 0x0020, 0x0000, 0x0000, 0x0000, 0x0000, 0x0020, 0x0020, 0x0020, 0x0020, 0x0841, 0x0020, 0x0020, 0x0020,
  0x0000, 0x0000, 0x0000, 0x0000, 0x0000, 0x1840, 0x30C0, 0x4920, 0x5141, 0x5161, 0x5961, 0x5961, 0x5161, 0x5161, 0x5160, 0x5961,
  0x5961, 0x5961, 0x5960, 0x5961, 0x5961, 0x5960, 0x5140, 0x5140, 0x5140, 0x5140, 0x5160, 0x5140, 0x5140, 0x5140, 0x5140, 0x5960,
  0x5960, 0x5960, 0x5960, 0x5140, 0x5140, 0x4920, 0x4100, 0x40E0, 0x30A0, 0x2060, 0x0820, 0x0000, 0x0000, 0x0000, 0x0000, 0x0820,
  0x0000, 0x0000, 0x0861, 0x1082, 0x0861, 0x0000, 0x0000, 0x0000, 0x0000, 0x0000, 0x0000, 0x0000, 0x0000, 0x0000, 0x0000, 0x0000,
  0x0000, 0x0000, 0x0000, 0x0000, 0x0000, 0x0000, 0x0000, 0x0000, 0x0000, 0x0000, 0x0000, 0x0000, 0x0000, 0x0000, 0x0000, 0x0000,
  0x0000, 0x0000, 0x0000, 0x0000, 0x0000, 0x0000, 0x0000, 0x0000, 0x0000, 0x0000, 0x0000, 0x0000, 0x0000, 0x0000, 0x0000, 0x0000,
  0x0000, 0x0000, 0x0000, 0x0000, 0x0000, 0x0000, 0x0000, 0x0000, 0x0000, 0x0000, 0x0000, 0x0000, 0x0000, 0x0000, 0x0000, 0x0000,
  0x0000, 0x0000, 0x0000, 0x0000, 0x0000, 0x0000, 0x0000, 0x0000, 0x0000, 0x0000, 0x0000, 0x0000, 0x0000, 0x0000, 0x0000, 0x0000,
  0x0000, 0x0000, 0x0000, 0x0000, 0x0000, 0x0000, 0x0000, 0x0000, 0x0000, 0x0000, 0x0000, 0x0000, 0x0000, 0x0000, 0x0000, 0x0000,
  0x0000, 0x0000, 0x0000, 0x0000, 0x0000, 0x0000, 0x0000, 0x0000, 0x0000, 0x0000, 0x0000, 0x0000, 0x0000, 0x0000, 0x0000, 0x0000,
  0x0000, 0x0000, 0x0000, 0x0000, 0x0000, 0x0000, 0x0000, 0x0000, 0x0000, 0x0000, 0x0000, 0x0000, 0x1082, 0x18C3, 0x0841, 0x0020,
  0x0841, 0x0841, 0x0841, 0x0861, 0x1082, 0x1082, 0x1082, 0x10A2, 0x0861, 0x0861, 0x0820, 0x0000, 0x0000, 0x0000, 0x0000, 0x0000,
  0x0000, 0x0020, 0x1062, 0x31A7, 0x4A49, 0x31A6, 0x2945, 0x2104, 0x10A2, 0x1082, 0x10A2, 0x18C3, 0x1082, 0x18C3, 0x10A2, 0x1082,
  0x1082, 0x1082, 0x0861, 0x1081, 0x1082, 0x1081, 0x1081, 0x0861, 0x1081, 0x1061, 0x0861, 0x0861, 0x0861, 0x0861, 0x1081, 0x1061,
  0x0841, 0x0840, 0x0820, 0x0000, 0x0000, 0x0000, 0x0000, 0x0020, 0x0020, 0x0020, 0x0841, 0x0840, 0x0841, 0x0020, 0x0020, 0x0020,
  0x0020, 0x0020, 0x0020, 0x0000, 0x0000, 0x0000, 0x0000, 0x0000, 0x1020, 0x2080, 0x30C0, 0x4101, 0x5141, 0x5961, 0x5961, 0x5961,
  0x5961, 0x5961, 0x5160, 0x5161, 0x5161, 0x5961, 0x5160, 0x5140, 0x5140, 0x5140, 0x5140, 0x4920, 0x4920, 0x5140, 0x5120, 0x5140,
  0x5160, 0x5140, 0x4920, 0x4100, 0x38C0, 0x2880, 0x1860, 0x0820, 0x0000, 0x0000, 0x0000, 0x0000, 0x0000, 0x0000, 0x0000, 0x0000,
  0x0841, 0x10A3, 0x0861, 0x0000, 0x0000, 0x0000, 0x0000, 0x0000, 0x0000, 0x0000, 0x0000, 0x0000, 0x0000, 0x0000, 0x0000, 0x0000,
  0x0000, 0x0000, 0x0000, 0x0000, 0x0000, 0x0000, 0x0000, 0x0000, 0x0000, 0x0000, 0x0000, 0x0000, 0x0000, 0x0000, 0x0000, 0x0000,
  0x0000, 0x0000, 0x0000, 0x0000, 0x0000, 0x0000, 0x0000, 0x0000, 0x0000, 0x0000, 0x0000, 0x0000, 0x0000, 0x0000, 0x0000, 0x0000,
  0x0000, 0x0000, 0x0000, 0x0000, 0x0000, 0x0000, 0x0000, 0x0000, 0x0000, 0x0000, 0x0000, 0x0000, 0x0000, 0x0000, 0x0000, 0x0000,
  0x0000, 0x0000, 0x0000, 0x0000, 0x0000, 0x0000, 0x0000, 0x0000, 0x0000, 0x0000, 0x0000, 0x0000, 0x0000, 0x0000, 0x0000, 0x0000,
  0x0000, 0x0000, 0x0000, 0x0000, 0x0000, 0x0000, 0x0000, 0x0000, 0x0000, 0x0000, 0x0000, 0x0000, 0x0000, 0x0000, 0x0000, 0x0000,
  0x0000, 0x0000, 0x0000, 0x0000, 0x0000, 0x0000, 0x0000, 0x0000, 0x0000, 0x0000, 0x0000, 0x0000, 0x0000, 0x0000, 0x0000, 0x0000,
  0x0000, 0x0000, 0x0000, 0x0000, 0x0000, 0x0000, 0x0000, 0x0000, 0x0000, 0x0000, 0x0000, 0x0000, 0x0000, 0x0020, 0x1082, 0x2104,
  0x0841, 0x0020, 0x0840, 0x0841, 0x0861, 0x0861, 0x0841, 0x0841, 0x0861, 0x0861, 0x0861, 0x0861, 0x0020, 0x0000, 0x0000, 0x0000,
  0x0861, 0x18C3, 0x2965, 0x39E7, 0x2965, 0x18C3, 0x18C3, 0x18C3, 0x1082, 0x1081, 0x18C3, 0x18C3, 0x1082, 0x1082, 0x0861, 0x0861,
  0x0861, 0x1082, 0x1082, 0x1081, 0x1081, 0x1061, 0x1061, 0x1061, 0x1061, 0x1061, 0x1061, 0x1061, 0x1081, 0x0841, 0x0841, 0x0840,
  0x0840, 0x0820, 0x0000, 0x0000, 0x0000, 0x0000, 0x0020, 0x0020, 0x0020, 0x0020, 0x0841, 0x0020, 0x0020, 0x0020, 0x0020, 0x0020,
  0x0841, 0x0020, 0x0020, 0x0020, 0x0000, 0x0000, 0x0000, 0x0000, 0x0000, 0x0000, 0x0000, 0x0820, 0x1040, 0x1860, 0x2880, 0x30C0,
  0x38E0, 0x4100, 0x4100, 0x4920, 0x4920, 0x4920, 0x4920, 0x4920, 0x4920, 0x4920, 0x4900, 0x4100, 0x4100, 0x4100, 0x40E0, 0x38C0,
  0x28A0, 0x2080, 0x1840, 0x1020, 0x0000, 0x0000, 0x0000, 0x0000, 0x0000, 0x0000, 0x0000, 0x0000, 0x0000, 0x0000, 0x0841, 0x1082,
  0x0861, 0x0841, 0x0000, 0x0000, 0x0000, 0x0000, 0x0000, 0x0000, 0x0000, 0x0000, 0x0000, 0x0000, 0x0000, 0x0000, 0x0000, 0x0000,
  0x0000, 0x0000, 0x0000, 0x0000, 0x0000, 0x0000, 0x0000, 0x0000, 0x0000, 0x0000, 0x0000, 0x0000, 0x0000, 0x0000, 0x0000, 0x0000,
  0x0000, 0x0000, 0x0000, 0x0000, 0x0000, 0x0000, 0x0000, 0x0000, 0x0000, 0x0000, 0x0000, 0x0000, 0x0000, 0x0000, 0x0000, 0x0000,
  0x0000, 0x0000, 0x0000, 0x0000, 0x0000, 0x0000, 0x0000, 0x0000, 0x0000, 0x0000, 0x0000, 0x0000, 0x0000, 0x0000, 0x0000, 0x0000,
  0x0000, 0x0000, 0x0000, 0x0000, 0x0000, 0x0000, 0x0000, 0x0000, 0x0000, 0x0000, 0x0000, 0x0000, 0x0000, 0x0000, 0x0000, 0x0000,
  0x0000, 0x0000, 0x0000, 0x0000, 0x0000, 0x0000, 0x0000, 0x0000, 0x0000, 0x0000, 0x0000, 0x0000, 0x0000, 0x0000, 0x0000, 0x0000,
  0x0000, 0x0000, 0x0000, 0x0000, 0x0000, 0x0000, 0x0000, 0x0000, 0x0000, 0x0000, 0x0000, 0x0000, 0x0000, 0x0000, 0x0000, 0x0000,
  0x0000, 0x0000, 0x0000, 0x0000, 0x0000, 0x0000, 0x0000, 0x0000, 0x0000, 0x0000, 0x0000, 0x0000, 0x0000, 0x0000, 0x0000, 0x0020,
  0x1082, 0x0881, 0x0841, 0x0000, 0x0020, 0x0841, 0x0841, 0x0841, 0x0841, 0x0841, 0x0861, 0x0841, 0x0000, 0x0000, 0x0020, 0x1082,
  0x18E3, 0x2945, 0x2945, 0x18C3, 0x18C2, 0x10A2, 0x1082, 0x18C3, 0x0882, 0x3164, 0x2903, 0x1082, 0x10A2, 0x10A2, 0x1061, 0x0861,
  0x0861, 0x1082, 0x1082, 0x10A2, 0x18A2, 0x1081, 0x1061, 0x1061, 0x1061, 0x1081, 0x0861, 0x1061, 0x1061, 0x1061, 0x1061, 0x0840,
  0x0820, 0x0020, 0x0000, 0x0000, 0x0000, 0x0000, 0x0020, 0x0020, 0x0020, 0x0841, 0x0841, 0x0000, 0x0020, 0x0020, 0x0020, 0x0020,
  0x0020, 0x0020, 0x0020, 0x0020, 0x0020, 0x0000, 0x0000, 0x0000, 0x0000, 0x0000, 0x0000, 0x0020, 0x0020, 0x0000, 0x0000, 0x0000,
  0x0000, 0x0000, 0x0820, 0x1020, 0x1040, 0x1040, 0x1040, 0x1840, 0x1840, 0x1840, 0x1040, 0x1040, 0x1040, 0x0820, 0x0800, 0x0000,
  0x0000, 0x0000, 0x0000, 0x0000, 0x0000, 0x0000, 0x0000, 0x0000, 0x0000, 0x0000, 0x0000, 0x0000, 0x0020, 0x1082, 0x18C3, 0x0841,
  0x0000, 0x0000, 0x0000, 0x0000, 0x0000, 0x0000, 0x0000, 0x0000, 0x0000, 0x0000, 0x0000, 0x0000, 0x0000, 0x0000, 0x0000, 0x0000,
  0x0000, 0x0000, 0x0000, 0x0000, 0x0000, 0x0000, 0x0000, 0x0000, 0x0000, 0x0000, 0x0000, 0x0000, 0x0000, 0x0000, 0x0000, 0x0000,
  0x0000, 0x0000, 0x0000, 0x0000, 0x0000, 0x0000, 0x0000, 0x0000, 0x0000, 0x0000, 0x0000, 0x0000, 0x0000, 0x0000, 0x0000, 0x0000,
  0x0000, 0x0000, 0x0000, 0x0000, 0x0000, 0x0000, 0x0000, 0x0000, 0x0000, 0x0000, 0x0000, 0x0000, 0x0000, 0x0000, 0x0000, 0x0000,
  0x0000, 0x0000, 0x0000, 0x0000, 0x0000, 0x0000, 0x0000, 0x0000, 0x0000, 0x0000, 0x0000, 0x0000, 0x0000, 0x0000, 0x0000, 0x0000,
  0x0000, 0x0000, 0x0000, 0x0000, 0x0000, 0x0000, 0x0000, 0x0000, 0x0000, 0x0000, 0x0000, 0x0000, 0x0000, 0x0000, 0x0000, 0x0000,
  0x0000, 0x0000, 0x0000, 0x0000, 0x0000, 0x0000, 0x0000, 0x0000, 0x0000, 0x0000, 0x0000, 0x0000, 0x0000, 0x0000, 0x0000, 0x0000,
  0x0000, 0x0000, 0x0000, 0x0000, 0x0000, 0x0000, 0x0000, 0x0000, 0x0000, 0x0000, 0x0000, 0x0000, 0x0000, 0x0000, 0x0000, 0x0000,
  0x0000, 0x0020, 0x0861, 0x10A2, 0x0841, 0x0020, 0x0820, 0x0841, 0x0841, 0x0841, 0x0820, 0x0000, 0x0000, 0x0020, 0x1062, 0x18A2,
  0x2103, 0x2103, 0x18C3, 0x10A2, 0x10A2, 0x1082, 0x1082, 0x1081, 0x1061, 0x1082, 0x1082, 0x1082, 0x0861, 0x1082, 0x1081, 0x1082,
  0x1082, 0x10A2, 0x1081, 0x0861, 0x1081, 0x1061, 0x1061, 0x1061, 0x1061, 0x1061, 0x1061, 0x1061, 0x1061, 0x1061, 0x1061, 0x0820,
  0x0000, 0x0000, 0x0000, 0x0000, 0x0000, 0x0000, 0x0020, 0x0020, 0x0841, 0x0841, 0x0841, 0x0020, 0x0020, 0x0020, 0x0020, 0x0020,
  0x0020, 0x0020, 0x0020, 0x0000, 0x0020, 0x0000, 0x0000, 0x0000, 0x0000, 0x0000, 0x0000, 0x0000, 0x0840, 0x0820, 0x0841, 0x0000,
  0x0000, 0x0000, 0x0000, 0x0000, 0x0000, 0x0000, 0x0000, 0x0000, 0x0000, 0x0000, 0x0000, 0x0000, 0x0000, 0x0000, 0x0000, 0x0000,
  0x0000, 0x0000, 0x0000, 0x0000, 0x0000, 0x0000, 0x0000, 0x0000, 0x0000, 0x0000, 0x0841, 0x1082, 0x10A2, 0x0020, 0x0000, 0x0000,
  0x0000, 0x0000, 0x0000, 0x0000, 0x0000, 0x0000, 0x0000, 0x0000, 0x0000, 0x0000, 0x0000, 0x0000, 0x0000, 0x0000, 0x0000, 0x0000,
  0x0000, 0x0000, 0x0000, 0x0000, 0x0000, 0x0000, 0x0000, 0x0000, 0x0000, 0x0000, 0x0000, 0x0000, 0x0000, 0x0000, 0x0000, 0x0000,
  0x0000, 0x0000, 0x0000, 0x0000, 0x0000, 0x0000, 0x0000, 0x0000, 0x0000, 0x0000, 0x0000, 0x0000, 0x0000, 0x0000, 0x0000, 0x0000,
  0x0000, 0x0000, 0x0000, 0x0000, 0x0000, 0x0000, 0x0000, 0x0000, 0x0000, 0x0000, 0x0000, 0x0000, 0x0000, 0x0000, 0x0000, 0x0000,
  0x0000, 0x0000, 0x0000, 0x0000, 0x0000, 0x0000, 0x0000, 0x0000, 0x0000, 0x0000, 0x0000, 0x0000, 0x0000, 0x0000, 0x0000, 0x0000,
  0x0000, 0x0000, 0x0000, 0x0000, 0x0000, 0x0000, 0x0000, 0x0000, 0x0000, 0x0000, 0x0000, 0x0000, 0x0000, 0x0000, 0x0000, 0x0000,
  0x0000, 0x0000, 0x0000, 0x0000, 0x0000, 0x0000, 0x0000, 0x0000, 0x0000, 0x0000, 0x0000, 0x0000, 0x0000, 0x0000, 0x0000, 0x0000,
  0x0000, 0x0000, 0x0000, 0x0000, 0x0000, 0x0000, 0x0000, 0x0000, 0x0000, 0x0000, 0x0000, 0x0000, 0x0000, 0x0000, 0x0000, 0x0000,
  0x0000, 0x0000, 0x0000, 0x0841, 0x1082, 0x0861, 0x0841, 0x0020, 0x0000, 0x0000, 0x0000, 0x0000, 0x0020, 0x0861, 0x1082, 0x1082,
  0x18C2, 0x1081, 0x1082, 0x1082, 0x0861, 0x1082, 0x1082, 0x0861, 0x0861, 0x1082, 0x0861, 0x0861, 0x0861, 0x0861, 0x0861, 0x1061,
  0x0861, 0x1061, 0x1061, 0x1061, 0x1061, 0x1081, 0x1081, 0x1881, 0x1081, 0x1881, 0x1881, 0x1061, 0x1061, 0x1040, 0x0820, 0x0000,
  0x0000, 0x0000, 0x0000, 0x0000, 0x0000, 0x0000, 0x0000, 0x0020, 0x0841, 0x0841, 0x0020, 0x0020, 0x0020, 0x0020, 0x0020, 0x0020,
  0x0000, 0x0000, 0x0000, 0x0000, 0x0020, 0x0000, 0x0000, 0x0000, 0x0000, 0x0000, 0x0000, 0x0000, 0x0000, 0x0841, 0x0861, 0x0020,
  0x0020, 0x0000, 0x0000, 0x0000, 0x0000, 0x0000, 0x0000, 0x0000, 0x0000, 0x0000, 0x0000, 0x0000, 0x0000, 0x0000, 0x0000, 0x0000,
  0x0000, 0x0000, 0x0000, 0x0000, 0x0000, 0x0000, 0x0000, 0x0000, 0x0841, 0x0861, 0x10A2, 0x0841, 0x0000, 0x0000, 0x0000, 0x0000,
  0x0000, 0x0000, 0x0000, 0x0000, 0x0000, 0x0000, 0x0000, 0x0000, 0x0000, 0x0000, 0x0000, 0x0000, 0x0000, 0x0000, 0x0000, 0x0000,
  0x0000, 0x0000, 0x0000, 0x0000, 0x0000, 0x0000, 0x0000, 0x0000, 0x0000, 0x0000, 0x0000, 0x0000, 0x0000, 0x0000, 0x0000, 0x0000,
  0x0000, 0x0000, 0x0000, 0x0000, 0x0000, 0x0000, 0x0000, 0x0000, 0x0000, 0x0000, 0x0000, 0x0000, 0x0000, 0x0000, 0x0000, 0x0000,
  0x0000, 0x0000, 0x0000, 0x0000, 0x0000, 0x0000, 0x0000, 0x0000, 0x0000, 0x0000, 0x0000, 0x0000, 0x0000, 0x0000, 0x0000, 0x0000,
  0x0000, 0x0000, 0x0000, 0x0000, 0x0000, 0x0000, 0x0000, 0x0000, 0x0000, 0x0000, 0x0000, 0x0000, 0x0000, 0x0000, 0x0000, 0x0000,
  0x0000, 0x0000, 0x0000, 0x0000, 0x0000, 0x0000, 0x0000, 0x0000, 0x0000, 0x0000, 0x0000, 0x0000, 0x0000, 0x0000, 0x0000, 0x0000,
  0x0000, 0x0000, 0x0000, 0x0000, 0x0000, 0x0000, 0x0000, 0x0000, 0x0000, 0x0000, 0x0000, 0x0000, 0x0000, 0x0000, 0x0000, 0x0000,
  0x0000, 0x0000, 0x0000, 0x0000, 0x0000, 0x0000, 0x0000, 0x0000, 0x0000, 0x0000, 0x0000, 0x0000, 0x0000, 0x0000, 0x0000, 0x0000,
  0x0000, 0x0000, 0x0000, 0x0000, 0x0000, 0x0000, 0x0841, 0x18C3, 0x0861, 0x0000, 0x0000, 0x0020, 0x0861, 0x0861, 0x0861, 0x0861,
  0x0861, 0x0861, 0x0861, 0x0861, 0x0861, 0x1082, 0x1082, 0x0861, 0x1082, 0x1082, 0x0861, 0x0861, 0x0861, 0x1081, 0x0861, 0x0861,
  0x0841, 0x0861, 0x1061, 0x1061, 0x1081, 0x1881, 0x1881, 0x1061, 0x1061, 0x1881, 0x1861, 0x1061, 0x0840, 0x0000, 0x0000, 0x0000,
  0x0000, 0x0000, 0x0000, 0x0000, 0x0000, 0x0000, 0x0000, 0x0000, 0x0020, 0x0841, 0x0861, 0x0861, 0x0020, 0x0020, 0x0020, 0x0020,
  0x0000, 0x0000, 0x0020, 0x0000, 0x0000, 0x0000, 0x0020, 0x0020, 0x0000, 0x0000, 0x0000, 0x0000, 0x0000, 0x0000, 0x0840, 0x0861,
  0x0020, 0x0020, 0x0020, 0x0020, 0x0000, 0x0000, 0x0000, 0x0000, 0x0000, 0x0000, 0x0000, 0x0000, 0x0000, 0x0000, 0x0020, 0x0020,
  0x0020, 0x0020, 0x0000, 0x0000, 0x0000, 0x0020, 0x0861, 0x18C3, 0x1082, 0x0020, 0x0000, 0x0000, 0x0000, 0x0000, 0x0000, 0x0000,
  0x0000, 0x0000, 0x0000, 0x0000, 0x0000, 0x0000, 0x0000, 0x0000, 0x0000, 0x0000, 0x0000, 0x0000, 0x0000, 0x0000, 0x0000, 0x0000,
  0x0000, 0x0000, 0x0000, 0x0000, 0x0000, 0x0000, 0x0000, 0x0000, 0x0000, 0x0000, 0x0000, 0x0000, 0x0000, 0x0000, 0x0000, 0x0000,
  0x0000, 0x0000, 0x0000, 0x0000, 0x0000, 0x0000, 0x0000, 0x0000, 0x0000, 0x0000, 0x0000, 0x0000, 0x0000, 0x0000, 0x0000, 0x0000,
  0x0000, 0x0000, 0x0000, 0x0000, 0x0000, 0x0000, 0x0000, 0x0000, 0x0000, 0x0000, 0x0000, 0x0000, 0x0000, 0x0000, 0x0000, 0x0000,
  0x0000, 0x0000, 0x0000, 0x0000, 0x0000, 0x0000, 0x0000, 0x0000, 0x0000, 0x0000, 0x0000, 0x0000, 0x0000, 0x0000, 0x0000, 0x0000,
  0x0000, 0x0000, 0x0000, 0x0000, 0x0000, 0x0000, 0x0000, 0x0000, 0x0000, 0x0000, 0x0000, 0x0000, 0x0000, 0x0000, 0x0000, 0x0000,
  0x0000, 0x0000, 0x0000, 0x0000, 0x0000, 0x0000, 0x0000, 0x0000, 0x0000, 0x0000, 0x0000, 0x0000, 0x0000, 0x0000, 0x0000, 0x0000,
  0x0000, 0x0000, 0x0000, 0x0000, 0x0000, 0x0000, 0x0000, 0x0000, 0x0000, 0x0000, 0x0000, 0x0000, 0x0000, 0x0000, 0x0000, 0x0000,
  0x0000, 0x0000, 0x0000, 0x0000, 0x0000, 0x0000, 0x0000, 0x0020, 0x1082, 0x0861, 0x10A2, 0x0841, 0x0020, 0x0840, 0x0861, 0x0841,
  0x0841, 0x0861, 0x1082, 0x1082, 0x0861, 0x0841, 0x0861, 0x0861, 0x0861, 0x0861, 0x0861, 0x0861, 0x0861, 0x0861, 0x1061, 0x1061,
  0x1881, 0x1081, 0x18A2, 0x1061, 0x1061, 0x1061, 0x1061, 0x1881, 0x1881, 0x1061, 0x0840, 0x0020, 0x0000, 0x0000, 0x0000, 0x0000,
  0x0000, 0x0000, 0x0020, 0x0000, 0x0000, 0x0000, 0x0000, 0x0000, 0x0000, 0x0020, 0x0861, 0x0861, 0x0020, 0x0020, 0x0020, 0x0000,
  0x0000, 0x0000, 0x0000, 0x0000, 0x0000, 0x0000, 0x0000, 0x0020, 0x0000, 0x0000, 0x0000, 0x0000, 0x0000, 0x0000, 0x0000, 0x0020,
  0x0820, 0x0020, 0x0020, 0x0020, 0x0020, 0x0000, 0x0000, 0x0000, 0x0000, 0x0000, 0x0000, 0x0000, 0x0000, 0x0000, 0x0000, 0x0020,
  0x0000, 0x0020, 0x0000, 0x0020, 0x10A2, 0x2104, 0x1082, 0x0020, 0x0000, 0x0000, 0x0000, 0x0000, 0x0000, 0x0000, 0x0000, 0x0000,
  0x0000, 0x0000, 0x0000, 0x0000, 0x0000, 0x0000, 0x0000, 0x0000, 0x0000, 0x0000, 0x0000, 0x0000, 0x0000, 0x0000, 0x0000, 0x0000,
  0x0000, 0x0000, 0x0000, 0x0000, 0x0000, 0x0000, 0x0000, 0x0000, 0x0000, 0x0000, 0x0000, 0x0000, 0x0000, 0x0000, 0x0000, 0x0000,
  0x0000, 0x0000, 0x0000, 0x0000, 0x0000, 0x0000, 0x0000, 0x0000, 0x0000, 0x0000, 0x0000, 0x0000, 0x0000, 0x0000, 0x0000, 0x0000,
  0x0000, 0x0000, 0x0000, 0x0000, 0x0000, 0x0000, 0x0000, 0x0000, 0x0000, 0x0000, 0x0000, 0x0000, 0x0000, 0x0000, 0x0000, 0x0000,
  0x0000, 0x0000, 0x0000, 0x0000, 0x0000, 0x0000, 0x0000, 0x0000, 0x0000, 0x0000, 0x0000, 0x0000, 0x0000, 0x0000, 0x0000, 0x0000,
  0x0000, 0x0000, 0x0000, 0x0000, 0x0000, 0x0000, 0x0000, 0x0000, 0x0000, 0x0000, 0x0000, 0x0000, 0x0000, 0x0000, 0x0000, 0x0000,
  0x0000, 0x0000, 0x0000, 0x0000, 0x0000, 0x0000, 0x0000, 0x0000, 0x0000, 0x0000, 0x0000, 0x0000, 0x0000, 0x0000, 0x0000, 0x0000,
  0x0000, 0x0000, 0x0000, 0x0000, 0x0000, 0x0000, 0x0000, 0x0000, 0x0000, 0x0000, 0x0000, 0x0000, 0x0000, 0x0000, 0x0000, 0x0000,
  0x0000, 0x0000, 0x0000, 0x0000, 0x0000, 0x0000, 0x0000, 0x0000, 0x0000, 0x0000, 0x0861, 0x1082, 0x10A2, 0x0861, 0x0841, 0x0020,
  0x0840, 0x0841, 0x0841, 0x0841, 0x0841, 0x0841, 0x0841, 0x1082, 0x18A2, 0x1081, 0x1081, 0x1061, 0x0841, 0x1061, 0x1081, 0x1881,
  0x1081, 0x1061, 0x1061, 0x1061, 0x1061, 0x1861, 0x1881, 0x1061, 0x0840, 0x0000, 0x0000, 0x0000, 0x0000, 0x0000, 0x0000, 0x0000,
  0x0000, 0x0000, 0x0000, 0x0000, 0x0000, 0x0000, 0x0000, 0x0000, 0x0000, 0x0000, 0x0841, 0x0841, 0x0841, 0x0020, 0x0000, 0x0000,
  0x0000, 0x0000, 0x0020, 0x0020, 0x0000, 0x0000, 0x0000, 0x0000, 0x0000, 0x0000, 0x0000, 0x0000, 0x0000, 0x0000, 0x0000, 0x0000,
  0x0020, 0x0861, 0x0841, 0x0020, 0x0020, 0x0020, 0x0020, 0x0020, 0x0000, 0x0000, 0x0000, 0x0000, 0x0000, 0x0000, 0x0000, 0x0000,
  0x0020, 0x0861, 0x10A2, 0x18C3, 0x1082, 0x0000, 0x0000, 0x0000, 0x0000, 0x0000, 0x0000, 0x0000, 0x0000, 0x0000, 0x0000, 0x0000,
  0x0000, 0x0000, 0x0000, 0x0000, 0x0000, 0x0000, 0x0000, 0x0000, 0x0000, 0x0000, 0x0000, 0x0000, 0x0000, 0x0000, 0x0000, 0x0000,
  0x0000, 0x0000, 0x0000, 0x0000, 0x0000, 0x0000, 0x0000, 0x0000, 0x0000, 0x0000, 0x0000, 0x0000, 0x0000, 0x0000, 0x0000, 0x0000,
  0x0000, 0x0000, 0x0000, 0x0000, 0x0000, 0x0000, 0x0000, 0x0000, 0x0000, 0x0000, 0x0000, 0x0000, 0x0000, 0x0000, 0x0000, 0x0000,
  0x0000, 0x0000, 0x0000, 0x0000, 0x0000, 0x0000, 0x0000, 0x0000, 0x0000, 0x0000, 0x0000, 0x0000, 0x0000, 0x0000, 0x0000, 0x0000,
  0x0000, 0x0000, 0x0000, 0x0000, 0x0000, 0x0000, 0x0000, 0x0000, 0x0000, 0x0000, 0x0000, 0x0000, 0x0000, 0x0000, 0x0000, 0x0000,
  0x0000, 0x0000, 0x0000, 0x0000, 0x0000, 0x0000, 0x0000, 0x0000, 0x0000, 0x0000, 0x0000, 0x0000, 0x0000, 0x0000, 0x0000, 0x0000,
  0x0000, 0x0000, 0x0000, 0x0000, 0x0000, 0x0000, 0x0000, 0x0000, 0x0000, 0x0000, 0x0000, 0x0000, 0x0000, 0x0000, 0x0000, 0x0000,
  0x0000, 0x0000, 0x0000, 0x0000, 0x0000, 0x0000, 0x0000, 0x0000, 0x0000, 0x0000, 0x0000, 0x0000, 0x0000, 0x0000, 0x0000, 0x0000,
  0x0000, 0x0000, 0x0000, 0x0000, 0x0000, 0x0000, 0x0000, 0x0000, 0x0000, 0x0000, 0x0000, 0x0000, 0x0020, 0x0841, 0x10A2, 0x0881,
  0x0861, 0x0840, 0x0820, 0x0820, 0x0841, 0x0841, 0x0841, 0x1061, 0x1081, 0x1081, 0x1081, 0x1061, 0x1061, 0x1061, 0x1061, 0x1041,
  0x1041, 0x1061, 0x1061, 0x1061, 0x1061, 0x0840, 0x0820, 0x0000, 0x0000, 0x0000, 0x0000, 0x0000, 0x0000, 0x0000, 0x0000, 0x0000,
  0x0000, 0x0000, 0x0000, 0x0020, 0x0020, 0x0020, 0x0000, 0x0000, 0x0000, 0x0000, 0x0000, 0x0840, 0x0861, 0x0841, 0x0841, 0x0020,
  0x0000, 0x0020, 0x0020, 0x0020, 0x0020, 0x0020, 0x0000, 0x0000, 0x0000, 0x0000, 0x0000, 0x0000, 0x0000, 0x0000, 0x0000, 0x0000,
  0x0000, 0x0020, 0x0861, 0x1061, 0x0020, 0x0020, 0x0020, 0x0020, 0x0000, 0x0020, 0x0020, 0x0000, 0x0000, 0x0000, 0x0861, 0x10A2,
  0x10A2, 0x0861, 0x0020, 0x0000, 0x0000, 0x0000, 0x0000, 0x0000, 0x0000, 0x0000, 0x0000, 0x0000, 0x0000, 0x0000, 0x0000, 0x0000,
  0x0000, 0x0000, 0x0000, 0x0000, 0x0000, 0x0000, 0x0000, 0x0000, 0x0000, 0x0000, 0x0000, 0x0000, 0x0000, 0x0000, 0x0000, 0x0000,
  0x0000, 0x0000, 0x0000, 0x0000, 0x0000, 0x0000, 0x0000, 0x0000, 0x0000, 0x0000, 0x0000, 0x0000, 0x0000, 0x0000, 0x0000, 0x0000,
  0x0000, 0x0000, 0x0000, 0x0000, 0x0000, 0x0000, 0x0000, 0x0000, 0x0000, 0x0000, 0x0000, 0x0000, 0x0000, 0x0000, 0x0000, 0x0000,
  0x0000, 0x0000, 0x0000, 0x0000, 0x0000, 0x0000, 0x0000, 0x0000, 0x0000, 0x0000, 0x0000, 0x0000, 0x0000, 0x0000, 0x0000, 0x0000,
  0x0000, 0x0000, 0x0000, 0x0000, 0x0000, 0x0000, 0x0000, 0x0000, 0x0000, 0x0000, 0x0000, 0x0000, 0x0000, 0x0000, 0x0000, 0x0000,
  0x0000, 0x0000, 0x0000, 0x0000, 0x0000, 0x0000, 0x0000, 0x0000, 0x0000, 0x0000, 0x0000, 0x0000, 0x0000, 0x0000, 0x0000, 0x0000,
  0x0000, 0x0000, 0x0000, 0x0000, 0x0000, 0x0000, 0x0000, 0x0000, 0x0000, 0x0000, 0x0000, 0x0000, 0x0000, 0x0000, 0x0000, 0x0000,
  0x0000, 0x0000, 0x0000, 0x0000, 0x0000, 0x0000, 0x0000, 0x0000, 0x0000, 0x0000, 0x0000, 0x0000, 0x0000, 0x0000, 0x0000, 0x0000,
  0x0000, 0x0000, 0x0000, 0x0000, 0x0000, 0x0000, 0x0000, 0x0000, 0x0000, 0x0000, 0x0000, 0x0000, 0x0000, 0x0000, 0x0000, 0x0020,
  0x0861, 0x18C3, 0x2104, 0x1061, 0x0841, 0x0840, 0x0841, 0x0841, 0x1041, 0x1061, 0x1061, 0x1041, 0x1040, 0x0840, 0x1040, 0x1041,
  0x1061, 0x1040, 0x0820, 0x0020, 0x0000, 0x0000, 0x0000, 0x0000, 0x0000, 0x0000, 0x0000, 0x0000, 0x0000, 0x0000, 0x0000, 0x0000,
  0x0000, 0x0000, 0x0020, 0x0020, 0x0020, 0x0020, 0x0020, 0x0020, 0x0000, 0x0000, 0x0000, 0x0000, 0x0020, 0x0841, 0x0861, 0x0841,
  0x0020, 0x0000, 0x0020, 0x0020, 0x0020, 0x0000, 0x0000, 0x0000, 0x0000, 0x0000, 0x0000, 0x0000, 0x0000, 0x0000, 0x0000, 0x0000,
  0x0000, 0x0000, 0x0020, 0x0861, 0x0020, 0x0020, 0x0020, 0x0000, 0x0000, 0x0000, 0x0020, 0x1082, 0x18E3, 0x1082, 0x10A2, 0x0861,
  0x0000, 0x0000, 0x0000, 0x0000, 0x0000, 0x0000, 0x0000, 0x0000, 0x0000, 0x0000, 0x0000, 0x0000, 0x0000, 0x0000, 0x0000, 0x0000,
  0x0000, 0x0000, 0x0000, 0x0000, 0x0000, 0x0000, 0x0000, 0x0000, 0x0000, 0x0000, 0x0000, 0x0000, 0x0000, 0x0000, 0x0000, 0x0000,
  0x0000, 0x0000, 0x0000, 0x0000, 0x0000, 0x0000, 0x0000, 0x0000, 0x0000, 0x0000, 0x0000, 0x0000, 0x0000, 0x0000, 0x0000, 0x0000,
  0x0000, 0x0000, 0x0000, 0x0000, 0x0000, 0x0000, 0x0000, 0x0000, 0x0000, 0x0000, 0x0000, 0x0000, 0x0000, 0x0000, 0x0000, 0x0000,
  0x0000, 0x0000, 0x0000, 0x0000, 0x0000, 0x0000, 0x0000, 0x0000, 0x0000, 0x0000, 0x0000, 0x0000, 0x0000, 0x0000, 0x0000, 0x0000,
  0x0000, 0x0000, 0x0000, 0x0000, 0x0000, 0x0000, 0x0000, 0x0000, 0x0000, 0x0000, 0x0000, 0x0000, 0x0000, 0x0000, 0x0000, 0x0000,
  0x0000, 0x0000, 0x0000, 0x0000, 0x0000, 0x0000, 0x0000, 0x0000, 0x0000, 0x0000, 0x0000, 0x0000, 0x0000, 0x0000, 0x0000, 0x0000,
  0x0000, 0x0000, 0x0000, 0x0000, 0x0000, 0x0000, 0x0000, 0x0000, 0x0000, 0x0000, 0x0000, 0x0000, 0x0000, 0x0000, 0x0000, 0x0000,
  0x0000, 0x0000, 0x0000, 0x0000, 0x0000, 0x0000, 0x0000, 0x0000, 0x0000, 0x0000, 0x0000, 0x0000, 0x0000, 0x0000, 0x0000, 0x0000,
  0x0000, 0x0000, 0x0000, 0x0000, 0x0000, 0x0000, 0x0000, 0x0000, 0x0000, 0x0000, 0x0000, 0x0000, 0x0000, 0x0000, 0x0000, 0x0000,
  0x0000, 0x0000, 0x0841, 0x0841, 0x10A2, 0x0841, 0x0820, 0x0840, 0x0820, 0x0820, 0x0820, 0x0820, 0x0820, 0x0820, 0x0820, 0x0820,
  0x0000, 0x0000, 0x0000, 0x0000, 0x0000, 0x0000, 0x0000, 0x0000, 0x0000, 0x0000, 0x0000, 0x0020, 0x0020, 0x0000, 0x0000, 0x0000,
  0x0000, 0x0000, 0x0000, 0x0020, 0x0020, 0x0020, 0x0020, 0x0020, 0x0000, 0x0000, 0x0000, 0x0000, 0x0000, 0x0020, 0x0841, 0x0840,
  0x0841, 0x0020, 0x0020, 0x0000, 0x0000, 0x0000, 0x0000, 0x0000, 0x0000, 0x0000, 0x0000, 0x0000, 0x0000, 0x0000, 0x0000, 0x0000,
  0x0000, 0x0000, 0x0000, 0x0000, 0x0020, 0x0000, 0x0020, 0x0841, 0x0862, 0x10A2, 0x18C3, 0x18C3, 0x0841, 0x0000, 0x0000, 0x0000,
  0x0000, 0x0000, 0x0000, 0x0000, 0x0000, 0x0000, 0x0000, 0x0000, 0x0000, 0x0000, 0x0000, 0x0000, 0x0000, 0x0000, 0x0000, 0x0000,
  0x0000, 0x0000, 0x0000, 0x0000, 0x0000, 0x0000, 0x0000, 0x0000, 0x0000, 0x0000, 0x0000, 0x0000, 0x0000, 0x0000, 0x0000, 0x0000,
  0x0000, 0x0000, 0x0000, 0x0000, 0x0000, 0x0000, 0x0000, 0x0000, 0x0000, 0x0000, 0x0000, 0x0000, 0x0000, 0x0000, 0x0000, 0x0000,
  0x0000, 0x0000, 0x0000, 0x0000, 0x0000, 0x0000, 0x0000, 0x0000, 0x0000, 0x0000, 0x0000, 0x0000, 0x0000, 0x0000, 0x0000, 0x0000,
  0x0000, 0x0000, 0x0000, 0x0000, 0x0000, 0x0000, 0x0000, 0x0000, 0x0000, 0x0000, 0x0000, 0x0000, 0x0000, 0x0000, 0x0000, 0x0000,
  0x0000, 0x0000, 0x0000, 0x0000, 0x0000, 0x0000, 0x0000, 0x0000, 0x0000, 0x0000, 0x0000, 0x0000, 0x0000, 0x0000, 0x0000, 0x0000,
  0x0000, 0x0000, 0x0000, 0x0000, 0x0000, 0x0000, 0x0000, 0x0000, 0x0000, 0x0000, 0x0000, 0x0000, 0x0000, 0x0000, 0x0000, 0x0000,
  0x0000, 0x0000, 0x0000, 0x0000, 0x0000, 0x0000, 0x0000, 0x0000, 0x0000, 0x0000, 0x0000, 0x0000, 0x0000, 0x0000, 0x0000, 0x0000,
  0x0000, 0x0000, 0x0000, 0x0000, 0x0000, 0x0000, 0x0000, 0x0000, 0x0000, 0x0000, 0x0000, 0x0000, 0x0000, 0x0000, 0x0000, 0x0000,
  0x0000, 0x0000, 0x0000, 0x0000, 0x0000, 0x0000, 0x0000, 0x0000, 0x0000, 0x0000, 0x0000, 0x0000, 0x0000, 0x0000, 0x0000, 0x0000,
  0x0000, 0x0000, 0x0000, 0x0000, 0x0000, 0x0000, 0x0000, 0x0020, 0x0841, 0x0841, 0x0841, 0x0020, 0x0020, 0x0000, 0x0000, 0x0000,
  0x0000, 0x0000, 0x0000, 0x0000, 0x0000, 0x0000, 0x0000, 0x0020, 0x0020, 0x0000, 0x0000, 0x0020, 0x0000, 0x0020, 0x0000, 0x0000,
  0x0000, 0x0000, 0x0000, 0x0020, 0x0020, 0x0000, 0x0020, 0x0020, 0x0000, 0x0000, 0x0000, 0x0000, 0x0000, 0x0000, 0x0020, 0x0841,
  0x0020, 0x0020, 0x0020, 0x0020, 0x0020, 0x0020, 0x0020, 0x0000, 0x0000, 0x0000, 0x0000, 0x0000, 0x0000, 0x0000, 0x0000, 0x0000,
  0x0000, 0x0000, 0x0000, 0x0020, 0x1082, 0x18E3, 0x18E3, 0x18C3, 0x1082, 0x0841, 0x0000, 0x0000, 0x0000, 0x0000, 0x0000, 0x0000,
  0x0000, 0x0000, 0x0000, 0x0000, 0x0000, 0x0000, 0x0000, 0x0000, 0x0000, 0x0000, 0x0000, 0x0000, 0x0000, 0x0000, 0x0000, 0x0000,
  0x0000, 0x0000, 0x0000, 0x0000, 0x0000, 0x0000, 0x0000, 0x0000, 0x0000, 0x0000, 0x0000, 0x0000, 0x0000, 0x0000, 0x0000, 0x0000,
  0x0000, 0x0000, 0x0000, 0x0000, 0x0000, 0x0000, 0x0000, 0x0000, 0x0000, 0x0000, 0x0000, 0x0000, 0x0000, 0x0000, 0x0000, 0x0000,
  0x0000, 0x0000, 0x0000, 0x0000, 0x0000, 0x0000, 0x0000, 0x0000, 0x0000, 0x0000, 0x0000, 0x0000, 0x0000, 0x0000, 0x0000, 0x0000,
  0x0000, 0x0000, 0x0000, 0x0000, 0x0000, 0x0000, 0x0000, 0x0000, 0x0000, 0x0000, 0x0000, 0x0000, 0x0000, 0x0000, 0x0000, 0x0000,
  0x0000, 0x0000, 0x0000, 0x0000, 0x0000, 0x0000, 0x0000, 0x0000, 0x0000, 0x0000, 0x0000, 0x0000, 0x0000, 0x0000, 0x0000, 0x0000,
  0x0000, 0x0000, 0x0000, 0x0000, 0x0000, 0x0000, 0x0000, 0x0000, 0x0000, 0x0000, 0x0000, 0x0000, 0x0000, 0x0000, 0x0000, 0x0000,
  0x0000, 0x0000, 0x0000, 0x0000, 0x0000, 0x0000, 0x0000, 0x0000, 0x0000, 0x0000, 0x0000, 0x0000, 0x0000, 0x0000, 0x0000, 0x0000,
  0x0000, 0x0000, 0x0000, 0x0000, 0x0000, 0x0000, 0x0000, 0x0000, 0x0000, 0x0000, 0x0000, 0x0000, 0x0000, 0x0000, 0x0000, 0x0000,
  0x0000, 0x0000, 0x0000, 0x0000, 0x0000, 0x0000, 0x0000, 0x0000, 0x0000, 0x0000, 0x0000, 0x0000, 0x0000, 0x0000, 0x0000, 0x0000,
  0x0000, 0x0000, 0x0000, 0x0000, 0x0000, 0x0000, 0x0000, 0x0000, 0x0000, 0x0000, 0x0020, 0x0861, 0x1082, 0x0020, 0x0020, 0x0841,
  0x0020, 0x0000, 0x0000, 0x0000, 0x0000, 0x0000, 0x0000, 0x0020, 0x0841, 0x0020, 0x0020, 0x0000, 0x0020, 0x0020, 0x0000, 0x0000,
  0x0000, 0x0000, 0x0020, 0x0020, 0x0020, 0x0000, 0x0020, 0x0020, 0x0841, 0x0020, 0x0000, 0x0000, 0x0000, 0x0000, 0x0000, 0x0020,
  0x0020, 0x0020, 0x0020, 0x0820, 0x0840, 0x0020, 0x0020, 0x0020, 0x0000, 0x0000, 0x0000, 0x0000, 0x0000, 0x0000, 0x0020, 0x0861,
  0x0861, 0x10A2, 0x18E3, 0x18E3, 0x10A2, 0x1082, 0x0000, 0x0000, 0x0000, 0x0000, 0x0000, 0x0000, 0x0000, 0x0000, 0x0000, 0x0000,
  0x0000, 0x0000, 0x0000, 0x0000, 0x0000, 0x0000, 0x0000, 0x0000, 0x0000, 0x0000, 0x0000, 0x0000, 0x0000, 0x0000, 0x0000, 0x0000,
  0x0000, 0x0000, 0x0000, 0x0000, 0x0000, 0x0000, 0x0000, 0x0000, 0x0000, 0x0000, 0x0000, 0x0000, 0x0000, 0x0000, 0x0000, 0x0000,
  0x0000, 0x0000, 0x0000, 0x0000, 0x0000, 0x0000, 0x0000, 0x0000, 0x0000, 0x0000, 0x0000, 0x0000, 0x0000, 0x0000, 0x0000, 0x0000,
  0x0000, 0x0000, 0x0000, 0x0000, 0x0000, 0x0000, 0x0000, 0x0000, 0x0000, 0x0000, 0x0000, 0x0000, 0x0000, 0x0000, 0x0000, 0x0000,
  0x0000, 0x0000, 0x0000, 0x0000, 0x0000, 0x0000, 0x0000, 0x0000, 0x0000, 0x0000, 0x0000, 0x0000, 0x0000, 0x0000, 0x0000, 0x0000,
};
static const uint16_t closed_px[11425] = {
  0x4920, 0x69C1, 0x8222, 0x69C1, 0x30C0, 0x0800, 0x0000, 0x0000, 0x0000, 0x0000, 0x0000, 0x0000, 0x0000, 0x0800, 0x1020, 0x2080,
  0x0000, 0x1040, 0x3100, 0x7243, 0x9B46, 0x8283, 0x40E0, 0x2860, 0x38E0, 0x5960, 0x71E0, 0x71E1, 0x5161, 0x30C0, 0x1020, 0x0000,
  0x0000, 0x0000, 0x0000, 0x0000, 0x0000, 0x0000, 0x0000, 0x0000, 0x0000, 0x0800, 0x1020, 0x1020, 0x1040, 0x2080, 0x30C0, 0x4920,
  0x5161, 0x5161, 0x5961, 0x4941, 0x38E0, 0x0000, 0x0000, 0x0000, 0x1040, 0x28C0, 0x3900, 0x4100, 0x40E0, 0x40E0, 0x4100, 0x5981,
  0x71E1, 0x71E1, 0x4940, 0x2060, 0x0800, 0x0000, 0x0000, 0x0000, 0x0000, 0x0000, 0x0800, 0x0820, 0x1020, 0x1040, 0x1040, 0x1860,
  0x2080, 0x30C0, 0x38E0, 0x38E0, 0x4120, 0x4940, 0x4940, 0x3900, 0x28A0, 0x1860, 0x0820, 0x0000, 0x0000, 0x0000, 0x0000, 0x0000,
  0x0000, 0x0000, 0x0000, 0x0000, 0x0000, 0x0000, 0x0000, 0x0000, 0x0800, 0x1040, 0x20A0, 0x30E0, 0x4920, 0x5981, 0x69E1, 0x7201,
  0x7201, 0x61A1, 0x40E0, 0x1840, 0x0000, 0x0000, 0x0000, 0x0000, 0x0000, 0x0000, 0x0000, 0x0000, 0x0000, 0x0000, 0x0000, 0x0000,
  0x0800, 0x0820, 0x1020, 0x1040, 0x0820, 0x0820, 0x0000, 0x0000, 0x0000, 0x0000, 0x0000, 0x0000, 0x0000, 0x0000, 0x0000, 0x0000,
  0x0000, 0x0000, 0x0000, 0x0800, 0x0820, 0x0820, 0x0820, 0x0820, 0x1020, 0x1040, 0x4900, 0x1840, 0x0000, 0x0000, 0x0000, 0x0000,
  0x0000, 0x1040, 0x28C0, 0x4120, 0x5161, 0x61A1, 0x7201, 0x7201, 0x5981, 0x38E0, 0x2060, 0x0800, 0x0000, 0x0000, 0x0000, 0x0000,
  0x0000, 0x0000, 0x0820, 0x1020, 0x1840, 0x1860, 0x2060, 0x2060, 0x1860, 0x1840, 0x1840, 0x1840, 0x1020, 0x0820, 0x0800, 0x0800,
  0x0800, 0x0800, 0x0800, 0x0800, 0x0800, 0x0800, 0x0800, 0x0800, 0x0800, 0x0800, 0x0820, 0x1840, 0x2060, 0x2080, 0x28A0, 0x2080,
  0x1860, 0x1860, 0x2080, 0x30C0, 0x3900, 0x4100, 0x4941, 0x4141, 0x8200, 0x79E0, 0x40E0, 0x1840, 0x0000, 0x0000, 0x0000, 0x0000,
  0x1040, 0x28A0, 0x4100, 0x5160, 0x5160, 0x4921, 0x38E0, 0x2880, 0x1040, 0x0000, 0x0000, 0x0000, 0x0000, 0x0000, 0x0000, 0x0820,
  0x1840, 0x2060, 0x2080, 0x2080, 0x2880, 0x28A0, 0x30A0, 0x30C0, 0x38C0, 0x38E0, 0x40E0, 0x4100, 0x4900, 0x4100, 0x4100, 0x40E0,
  0x40E0, 0x38E0, 0x30C0, 0x2880, 0x2060, 0x2060, 0x1840, 0x1020, 0x0820, 0x0820, 0x0800, 0x0000, 0x0000, 0x0820, 0x1860, 0x38C0,
  0x4920, 0x4100, 0x38E0, 0x30C0, 0x30C0, 0x28A0, 0x28A0, 0x30E0, 0x3900, 0x4121, 0x4921, 0x4941, 0x5161, 0x4940, 0x69C0, 0x8A20,
  0x81E0, 0x40E0, 0x1040, 0x0000, 0x0000, 0x0000, 0x0000, 0x1020, 0x1860, 0x2080, 0x1860, 0x1040, 0x0800, 0x0000, 0x0000, 0x0000,
  0x0000, 0x0000, 0x0000, 0x1040, 0x2080, 0x2880, 0x2880, 0x2060, 0x1860, 0x1040, 0x1020, 0x0820, 0x0000, 0x0000, 0x0000, 0x0000,
  0x0000, 0x0000, 0x0000, 0x0820, 0x0820, 0x0820, 0x1040, 0x1040, 0x1040, 0x1040, 0x0820, 0x0820, 0x0000, 0x0000, 0x0000, 0x0000,
  0x0000, 0x0000, 0x0000, 0x0000, 0x0000, 0x0000, 0x0000, 0x0000, 0x1040, 0x28A0, 0x4921, 0x6181, 0x69A1, 0x6181, 0x5140, 0x40E0,
  0x38C0, 0x2880, 0x2060, 0x1040, 0x1020, 0x0820, 0x0000, 0x0000, 0x0000, 0x8241, 0x4900, 0x4920, 0x69A0, 0x8220, 0x8200, 0x40E0,
  0x1840, 0x0800, 0x0000, 0x0000, 0x0000, 0x0000, 0x0000, 0x0000, 0x0000, 0x0000, 0x0000, 0x0000, 0x0000, 0x0000, 0x0000, 0x0000,
  0x1040, 0x28C0, 0x38E0, 0x2880, 0x1840, 0x0820, 0x0800, 0x0000, 0x0000, 0x0000, 0x0000, 0x0000, 0x0000, 0x0000, 0x0000, 0x0000,
  0x0000, 0x0000, 0x0000, 0x0000, 0x0000, 0x0000, 0x0000, 0x0000, 0x0000, 0x0000, 0x0000, 0x0000, 0x0000, 0x0000, 0x0000, 0x0000,
  0x0000, 0x0000, 0x0000, 0x0000, 0x0000, 0x0000, 0x0000, 0x0000, 0x0000, 0x0000, 0x0820, 0x1860, 0x38E1, 0x5161, 0x69C1, 0x8222,
  0x7A02, 0x71C1, 0x69A0, 0x5940, 0x5120, 0x5100, 0x40E0, 0x30A0, 0x2060, 0x1020, 0x0800, 0x8A61, 0x40E0, 0x4900, 0x71C0, 0x8A40,
  0x8220, 0x40E0, 0x1840, 0x0820, 0x0000, 0x0000, 0x0000, 0x0000, 0x0000, 0x0000, 0x0000, 0x0000, 0x0000, 0x0000, 0x0820, 0x1040,
  0x2060, 0x1860, 0x1840, 0x1860, 0x1040, 0x0820, 0x0000, 0x0000, 0x0000, 0x0000, 0x0000, 0x0000, 0x0000, 0x0000, 0x0000, 0x0000,
  0x0000, 0x0000, 0x0000, 0x0000, 0x0000, 0x0000, 0x0000, 0x0000, 0x0000, 0x0000, 0x0000, 0x0000, 0x0000, 0x0000, 0x0000, 0x0000,
  0x0000, 0x0000, 0x0000, 0x0000, 0x0000, 0x0000, 0x0000, 0x0000, 0x0000, 0x0000, 0x0000, 0x0000, 0x0000, 0x0000, 0x0000, 0x0000,
  0x0000, 0x0000, 0x0020, 0x1040, 0x1860, 0x2080, 0x28A0, 0x30A0, 0x38C0, 0x40E0, 0x4900, 0x4900, 0x4900, 0x48E0, 0x40C0, 0x30A0,
  0xEDCC, 0x92A1, 0x4920, 0x4100, 0x69C0, 0x8A41, 0x8A40, 0x40E0, 0x1040, 0x0820, 0x0000, 0x0000, 0x0000, 0x0000, 0x0000, 0x0000,
  0x0000, 0x0800, 0x1020, 0x1860, 0x2080, 0x28A0, 0x2080, 0x1040, 0x0820, 0x0800, 0x0000, 0x0000, 0x0000, 0x0000, 0x0000, 0x0000,
  0x0000, 0x0000, 0x0000, 0x0000, 0x0000, 0x0000, 0x0000, 0x0000, 0x0000, 0x0000, 0x0000, 0x0000, 0x0000, 0x0000, 0x0000, 0x0000,
  0x0000, 0x0000, 0x0000, 0x0000, 0x0000, 0x0000, 0x0000, 0x0000, 0x0000, 0x0000, 0x0000, 0x0000, 0x0000, 0x0000, 0x0000, 0x0000,
  0x0000, 0x0000, 0x0000, 0x0000, 0x0000, 0x0000, 0x0000, 0x0000, 0x0000, 0x0000, 0x0000, 0x0000, 0x0000, 0x0000, 0x0000, 0x0000,
  0x0000, 0x0000, 0x0000, 0x0820, 0x1040, 0x2060, 0x30A0, 0x40E0, 0x4900, 0xEE0D, 0x9AC2, 0x5140, 0x4920, 0x71E0, 0x9261, 0x8A41,
  0x4900, 0x1040, 0x0820, 0x0000, 0x0000, 0x0000, 0x0000, 0x0000, 0x0800, 0x0820, 0x1840, 0x2080, 0x2880, 0x2080, 0x1040, 0x0820,
  0x0000, 0x0000, 0x0000, 0x0000, 0x0000, 0x0000, 0x0000, 0x0000, 0x0000, 0x0000, 0x0000, 0x0000, 0x0000, 0x0000, 0x0000, 0x0000,
  0x0000, 0x0000, 0x0000, 0x0000, 0x0000, 0x0000, 0x0000, 0x0000, 0x0000, 0x0000, 0x0000, 0x0000, 0x0000, 0x0000, 0x0000, 0x0000,
  0x0000, 0x0000, 0x0000, 0x0000, 0x0000, 0x0000, 0x0000, 0x0000, 0x0000, 0x0000, 0x0000, 0x0000, 0x0000, 0x0000, 0x0000, 0x0000,
  0x0000, 0x0000, 0x0000, 0x0000, 0x0000, 0x0000, 0x0000, 0x0000, 0x0000, 0x0000, 0x0000, 0x0000, 0x0000, 0x0000, 0x0000, 0x0000,
  0x0000, 0x0000, 0x0000, 0x0820, 0x1860, 0x2080, 0xFFB7, 0xEE0D, 0xA303, 0x5960, 0x4100, 0x71C0, 0x9A81, 0x9261, 0x5120, 0x1840,
  0x1020, 0x0000, 0x0000, 0x0000, 0x0000, 0x0800, 0x0820, 0x1040, 0x1860, 0x1860, 0x1040, 0x0820, 0x0000, 0x0000, 0x0000, 0x0000,
  0x0000, 0x0000, 0x0000, 0x0000, 0x0000, 0x0000, 0x0000, 0x0000, 0x0000, 0x0000, 0x0000, 0x0000, 0x0000, 0x0000, 0x0000, 0x0000,
  0x0000, 0x0000, 0x0000, 0x0000, 0x0000, 0x0000, 0x0000, 0x0000, 0x0000, 0x0000, 0x0000, 0x0000, 0x0000, 0x0000, 0x0000, 0x0000,
  0x0000, 0x0000, 0x0000, 0x0000, 0x0000, 0x0000, 0x0000, 0x0000, 0x0000, 0x0000, 0x0000, 0x0000, 0x0000, 0x0000, 0x0000, 0x0000,
  0x0000, 0x0000, 0x0000, 0x0000, 0x0000, 0x0000, 0x0000, 0x0000, 0x0000, 0x0000, 0x0000, 0x0000, 0x0000, 0x0000, 0x0000, 0x0000,
  0x0000, 0x0000, 0x0000, 0x0000, 0x0000, 0x0000, 0x0000, 0xFF95, 0xF60D, 0xA323, 0x5980, 0x4100, 0x6180, 0x9281, 0x9261, 0x5120,
  0x1840, 0x1040, 0x0000, 0x0000, 0x0000, 0x0800, 0x0800, 0x1020, 0x1040, 0x1020, 0x0800, 0x0000, 0x0000, 0x0000, 0x0000, 0x0000,
  0x0000, 0x0000, 0x0000, 0x0000, 0x0000, 0x0000, 0x0000, 0x0000, 0x0000, 0x0000, 0x0000, 0x0000, 0x0000, 0x0000, 0x0000, 0x0000,
  0x0000, 0x0000, 0x0000, 0x0000, 0x0000, 0x0000, 0x0000, 0x0000, 0x0000, 0x0000, 0x0000, 0x0000, 0x0000, 0x0000, 0x0000, 0x0000,
  0x0000, 0x0020, 0x0020, 0x0020, 0x0020, 0x0020, 0x0000, 0x0020, 0x0020, 0x0020, 0x0000, 0x0000, 0x0000, 0x0000, 0x0000, 0x0000,
  0x0000, 0x0000, 0x0000, 0x0000, 0x0000, 0x0000, 0x0000, 0x0000, 0x0000, 0x0000, 0x0000, 0x0000, 0x0000, 0x0000, 0x0000, 0x0000,
  0x0000, 0x0000, 0x0000, 0x0000, 0x0000, 0x0000, 0x0000, 0x0000, 0x0000, 0x0000, 0x0000, 0xFE6F, 0xFF32, 0xEDAC, 0xA323, 0x5980,
  0x4100, 0x5960, 0x8A61, 0x9281, 0x5140, 0x1840, 0x1020, 0x0820, 0x0000, 0x0000, 0x0800, 0x0820, 0x1020, 0x0820, 0x0800, 0x0000,
  0x0000, 0x0000, 0x0000, 0x0000, 0x0000, 0x0000, 0x0000, 0x0000, 0x0020, 0x0020, 0x0020, 0x0020, 0x0020, 0x0020, 0x0000, 0x0020,
  0x0020, 0x0020, 0x0000, 0x0000, 0x0000, 0x0000, 0x0000, 0x0020, 0x0000, 0x0000, 0x0000, 0x0000, 0x0000, 0x0000, 0x0020, 0x0020,
  0x0020, 0x0020, 0x0000, 0x0020, 0x0020, 0x0861, 0x0841, 0x0020, 0x0020, 0x0020, 0x0020, 0x0020, 0x0841, 0x0840, 0x0020, 0x0020,
  0x0000, 0x0000, 0x0000, 0x0020, 0x0000, 0x0000, 0x0000, 0x0000, 0x0000, 0x0000, 0x0000, 0x0000, 0x0000, 0x0000, 0x0000, 0x0000,
  0x0000, 0x0000, 0x0000, 0x0000, 0x0000, 0x0000, 0x0000, 0x0000, 0x0000, 0x0000, 0x0000, 0x0000, 0x0000, 0x0000, 0x0000, 0x0000,
  0x0000, 0x0000, 0x0000, 0xEDAB, 0xFEB0, 0xE58B, 0x9B03, 0x5980, 0x38E0, 0x4920, 0x7A01, 0x8A41, 0x5140, 0x1840, 0x1040, 0x0820,
  0x0000, 0x0000, 0x0800, 0x0820, 0x0820, 0x0800, 0x0000, 0x0000, 0x0000, 0x0000, 0x0000, 0x0000, 0x0000, 0x0000, 0x0000, 0x0820,
  0x0841, 0x0020, 0x0841, 0x0020, 0x0020, 0x0020, 0x0840, 0x0020, 0x0020, 0x0020, 0x0020, 0x0020, 0x0020, 0x0020, 0x0000, 0x0000,
  0x0000, 0x0000, 0x0000, 0x0000, 0x0000, 0x0020, 0x0861, 0x0841, 0x0020, 0x0841, 0x0841, 0x1082, 0x0861, 0x0841, 0x0861, 0x0841,
  0x0020, 0x0840, 0x0020, 0x0020, 0x0020, 0x0841, 0x0861, 0x0020, 0x0000, 0x0000, 0x0020, 0x0020, 0x0000, 0x0000, 0x0000, 0x0000,
  0x0000, 0x0000, 0x0000, 0x0000, 0x0000, 0x0000, 0x0000, 0x0000, 0x0000, 0x0000, 0x0000, 0x0000, 0x0000, 0x0000, 0x0000, 0x0000,
  0x0000, 0x0000, 0x0000, 0x0000, 0x0000, 0x0000, 0x0000, 0x0000, 0x0000, 0x0000, 0x0000, 0x0000, 0x0000, 0x0000, 0x82A3, 0xC447,
  0xF5CC, 0xE54A, 0x9B03, 0x5980, 0x38E0, 0x4920, 0x71E1, 0x8221, 0x5120, 0x1840, 0x1020, 0x0820, 0x0000, 0x0000, 0x0800, 0x0800,
  0x0800, 0x0000, 0x0000, 0x0000, 0x0000, 0x0000, 0x0000, 0x0000, 0x0020, 0x0040, 0x0020, 0x1061, 0x0841, 0x0841, 0x1082, 0x0861,
  0x0841, 0x0841, 0x0861, 0x0841, 0x0841, 0x0020, 0x0000, 0x0020, 0x0020, 0x0020, 0x0020, 0x0000, 0x0000, 0x0000, 0x0000, 0x0000,
  0x0000, 0x0020, 0x0841, 0x0841, 0x0841, 0x0841, 0x10A2, 0x18C3, 0x0861, 0x1061, 0x1082, 0x10A2, 0x0020, 0x0020, 0x0841, 0x10A2,
  0x0861, 0x0020, 0x0841, 0x0020, 0x0000, 0x0000, 0x0020, 0x0841, 0x0020, 0x0000, 0x0000, 0x0000, 0x0020, 0x0020, 0x0000, 0x0000,
  0x0000, 0x0000, 0x0000, 0x0000, 0x0020, 0x0000, 0x0000, 0x0000, 0x0000, 0x0000, 0x0000, 0x0000, 0x0000, 0x0000, 0x0000, 0x0000,
  0x0000, 0x0000, 0x0000, 0x0000, 0x0000, 0x0000, 0x0000, 0x0000, 0x0000, 0x0000, 0x0000, 0x0000, 0x0000, 0x6A02, 0x9324, 0xCC88,
  0xC447, 0x92E3, 0x61A0, 0x38C0, 0x4100, 0x71C0, 0x8A41, 0x5140, 0x1860, 0x1020, 0x0820, 0x0000, 0x0000, 0x0800, 0x0820, 0x0800,
  0x0000, 0x0000, 0x0000, 0x0000, 0x0000, 0x0000, 0x0020, 0x0841, 0x1081, 0x0861, 0x0020, 0x10A2, 0x18C2, 0x0841, 0x18C3, 0x1081,
  0x0841, 0x0861, 0x0881, 0x0841, 0x0861, 0x0020, 0x0020, 0x0841, 0x0020, 0x0020, 0x0000, 0x0000, 0x0000, 0x0000, 0x0000, 0x0020,
  0x0020, 0x0841, 0x0841, 0x0840, 0x0020, 0x0841, 0x18E3, 0x2104, 0x1082, 0x1082, 0x10A2, 0x1082, 0x18C3, 0x18C3, 0x0861, 0x10A2,
  0x1082, 0x0841, 0x0861, 0x0000, 0x0000, 0x0040, 0x0020, 0x0000, 0x0000, 0x0000, 0x0000, 0x0020, 0x0020, 0x0000, 0x0020, 0x0000,
  0x0000, 0x0020, 0x0000, 0x0000, 0x0020, 0x0020, 0x0020, 0x0020, 0x0020, 0x0020, 0x0020, 0x0000, 0x0000, 0x0000, 0x0000, 0x0000,
  0x0000, 0x0000, 0x0000, 0x0000, 0x0000, 0x0000, 0x0000, 0x0000, 0x0000, 0x0000, 0x0000, 0x0000, 0x0000, 0x0000, 0x0000, 0x5181,
  0x8283, 0xAB86, 0xB3E6, 0x7A62, 0x5140, 0x38E0, 0x40E0, 0x71C0, 0x9261, 0x6160, 0x1860, 0x1040, 0x0820, 0x0800, 0x0000, 0x0800,
  0x0800, 0x0000, 0x0000, 0x0000, 0x0000, 0x0000, 0x0000, 0x0020, 0x0020, 0x0840, 0x0861, 0x18C3, 0x18C3, 0x1082, 0x18C3, 0x0841,
  0x1082, 0x1082, 0x10A2, 0x0861, 0x1082, 0x0861, 0x0841, 0x0861, 0x0841, 0x0000, 0x0000, 0x0020, 0x0000, 0x0000, 0x0000, 0x0000,
  0x0000, 0x0841, 0x10A2, 0x18E3, 0x18C2, 0x1082, 0x1082, 0x0861, 0x1082, 0x0841, 0x0861, 0x0841, 0x0861, 0x2124, 0x10A2, 0x0841,
  0x2944, 0x2103, 0x0881, 0x0841, 0x0020, 0x0000, 0x0000, 0x0000, 0x0020, 0x0000, 0x0000, 0x0020, 0x0020, 0x0020, 0x0000, 0x0000,
  0x0000, 0x0000, 0x0000, 0x0020, 0x0861, 0x0841, 0x0020, 0x0841, 0x1082, 0x0020, 0x0841, 0x0841, 0x0000, 0x0020, 0x0000, 0x0000,
  0x0000, 0x0000, 0x0000, 0x0000, 0x0000, 0x0000, 0x0000, 0x0000, 0x0000, 0x0000, 0x0000, 0x0000, 0x0000, 0x0000, 0x0000, 0x0000,
  0x0000, 0x0000, 0x0000, 0x0000, 0x4120, 0x6A02, 0x92E4, 0xA365, 0x7A63, 0x4120, 0x30C0, 0x40E0, 0x69A0, 0x8A41, 0x6980, 0x2060,
  0x1040, 0x1020, 0x0820, 0x0000, 0x0000, 0x0000, 0x0000, 0x0000, 0x0000, 0x0000, 0x0000, 0x0000, 0x0000, 0x0020, 0x0841, 0x0861,
  0x10A2, 0x18E3, 0x2124, 0x2124, 0x18E3, 0x18E3, 0x2124, 0x1081, 0x18E3, 0x0841, 0x0841, 0x0841, 0x0841, 0x0841, 0x0020, 0x0020,
  0x0000, 0x0000, 0x0000, 0x0000, 0x0000, 0x0000, 0x0000, 0x0841, 0x0841, 0x2104, 0x18C3, 0x2945, 0x39C7, 0x10A2, 0x10A2, 0x10A2,
  0x0861, 0x0020, 0x0000, 0x2124, 0x2104, 0x0861, 0x0861, 0x18A2, 0x0861, 0x0020, 0x0000, 0x0000, 0x0000, 0x0000, 0x0000, 0x0021,
  0x0841, 0x0020, 0x0020, 0x0020, 0x0000, 0x0000, 0x0000, 0x0000, 0x0020, 0x10A2, 0x0861, 0x1081, 0x0861, 0x0020, 0x0861, 0x0020,
  0x0020, 0x0841, 0x0000, 0x0020, 0x0020, 0x0000, 0x0020, 0x0020, 0x0000, 0x0000, 0x0000, 0x0000, 0x0000, 0x0000, 0x0000, 0x0000,
  0x0000, 0x0000, 0x0000, 0x0000, 0x0000, 0x0000, 0x0000, 0x0000, 0x0000, 0x0000, 0x0000, 0x38E0, 0x4961, 0x7222, 0x8AC4, 0x7A62,
  0x4940, 0x30A0, 0x38C0, 0x69A0, 0x8A41, 0x6980, 0x2080, 0x1040, 0x0820, 0x0820, 0x0000, 0x0000, 0x0000, 0x0000, 0x0000, 0x0000,
  0x0000, 0x0000, 0x0000, 0x0841, 0x1082, 0x1082, 0x0861, 0x18E3, 0x2104, 0x20E3, 0x2124, 0x18C3, 0x18E3, 0x18E3, 0x3186, 0x1082,
  0x18C2, 0x0841, 0x1082, 0x0861, 0x0020, 0x0020, 0x0020, 0x0020, 0x0000, 0x0000, 0x0000, 0x0000, 0x0000, 0x0020, 0x18E3, 0x10A2,
  0x10A2, 0x1903, 0x18E3, 0x18E3, 0x2945, 0x18E3, 0x10A2, 0x18C3, 0x18C3, 0x10A2, 0x10A2, 0x0861, 0x2103, 0x0861, 0x0861, 0x0861,
  0x0020, 0x0000, 0x0000, 0x0000, 0x0000, 0x0841, 0x0861, 0x0020, 0x0020, 0x0841, 0x0861, 0x0020, 0x0020, 0x0861, 0x0841, 0x0000,
  0x1082, 0x18E3, 0x18C3, 0x1081, 0x1082, 0x0840, 0x0841, 0x0861, 0x0000, 0x0020, 0x0020, 0x0020, 0x0020, 0x0000, 0x0000, 0x0020,
  0x0000, 0x0000, 0x0000, 0x0000, 0x0000, 0x0000, 0x0000, 0x0000, 0x0000, 0x0000, 0x0000, 0x0000, 0x0000, 0x0000, 0x0000, 0x0000,
  0x0000, 0x0000, 0x0000, 0x0000, 0x0000, 0x28A0, 0x4120, 0x59A1, 0x7A62, 0x7242, 0x5160, 0x38E0, 0x38E0, 0x6180, 0x8221, 0x6980,
  0x2880, 0x1040, 0x0820, 0x0820, 0x0000, 0x0000, 0x0000, 0x0000, 0x0000, 0x0000, 0x0000, 0x0000, 0x0020, 0x0020, 0x0862, 0x10A2,
  0x18E3, 0x2965, 0x18E3, 0x20E3, 0x4208, 0x39C6, 0x2944, 0x1061, 0x0000, 0x2945, 0x1082, 0x10A2, 0x10A2, 0x1081, 0x0861, 0x0020,
  0x0020, 0x0000, 0x0000, 0x0000, 0x0000, 0x0000, 0x0841, 0x18C2, 0x2104, 0x2945, 0x18E3, 0x18A2, 0x18C3, 0x10A2, 0x2124, 0x0861,
  0x20E3, 0x2945, 0x18C3, 0x1082, 0x18E3, 0x2124, 0x10A2, 0x18C3, 0x0020, 0x0861, 0x0841, 0x0000, 0x0000, 0x0841, 0x0841, 0x0861,
  0x1082, 0x10A2, 0x1082, 0x1082, 0x0861, 0x0841, 0x0861, 0x0861, 0x0841, 0x0861, 0x0020, 0x0020, 0x10A2, 0x10A2, 0x0020, 0x10A2,
  0x1081, 0x0020, 0x10A2, 0x1082, 0x0841, 0x0020, 0x0000, 0x0020, 0x0020, 0x0000, 0x0000, 0x0020, 0x0000, 0x0000, 0x0000, 0x0000,
  0x0000, 0x0000, 0x0000, 0x0000, 0x0000, 0x0000, 0x0000, 0x0000, 0x0000, 0x0000, 0x0000, 0x0000, 0x0000, 0x0000, 0x0000, 0x0000,
  0x0000, 0x0000, 0x38E0, 0x5181, 0x7202, 0x69E1, 0x5160, 0x38E0, 0x40E0, 0x6180, 0x8221, 0x6180, 0x2880, 0x1040, 0x0820, 0x1020,
  0x0000, 0x0000, 0x0000, 0x0000, 0x0000, 0x0000, 0x0000, 0x0000, 0x0820, 0x0020, 0x1082, 0x18C2, 0x0841, 0x4A49, 0x4228, 0x2124,
  0x4208, 0x4A8A, 0x2103, 0x2103, 0x18C3, 0x1082, 0x10A2, 0x0841, 0x0840, 0x1081, 0x0861, 0x0841, 0x0000, 0x0020, 0x0000, 0x0000,
  0x0000, 0x0000, 0x10A2, 0x18E3, 0x18E3, 0x4228, 0x31A6, 0x18C2, 0x0841, 0x2124, 0x3186, 0x20E3, 0x10A2, 0x18E3, 0x2945, 0x2945,
  0x18E3, 0x1081, 0x10A2, 0x0841, 0x0020, 0x0000, 0x0040, 0x0020, 0x0020, 0x0841, 0x18E3, 0x10A2, 0x1082, 0x18C3, 0x0861, 0x10A2,
  0x18E3, 0x10A2, 0x1082, 0x10A2, 0x10A2, 0x0841, 0x0841, 0x0020, 0x0000, 0x1082, 0x1082, 0x0020, 0x0861, 0x0861, 0x0841, 0x18E3,
  0x1082, 0x0841, 0x0841, 0x0020, 0x0841, 0x0020, 0x0020, 0x0020, 0x0020, 0x0020, 0x0000, 0x0000, 0x0000, 0x0000, 0x0000, 0x0000,
  0x0000, 0x0000, 0x0000, 0x0000, 0x0000, 0x0000, 0x0000, 0x0000, 0x0020, 0x0000, 0x0000, 0x0000, 0x0000, 0x0000, 0x0800, 0x1020,
  0x1860, 0x30E0, 0x5140, 0x69E1, 0x69E1, 0x5140, 0x4100, 0x4100, 0x6180, 0x8201, 0x6180, 0x2880, 0x1040, 0x0820, 0x1020, 0x0800,
  0x0000, 0x0000, 0x0000, 0x0000, 0x0000, 0x0000, 0x0000, 0x0820, 0x1082, 0x2923, 0x41E6, 0x2945, 0x2104, 0x39E7, 0x2945, 0x2104,
  0x39E7, 0x39E7, 0x2944, 0x31A6, 0x2124, 0x0840, 0x18C3, 0x18C2, 0x0861, 0x0841, 0x0861, 0x0020, 0x0000, 0x0000, 0x0000, 0x0000,
  0x0000, 0x0861, 0x2124, 0x31A6, 0x31A6, 0x5ACB, 0x2965, 0x2104, 0x31A6, 0x4208, 0x31A6, 0x39C7, 0x2124, 0x20E3, 0x18C3, 0x18C3,
  0x2945, 0x10A2, 0x0861, 0x0020, 0x0000, 0x0000, 0x0000, 0x0020, 0x18E3, 0x18E3, 0x39A6, 0x18E3, 0x0861, 0x10A2, 0x10A2, 0x0861,
  0x10A2, 0x10A2, 0x10A2, 0x1081, 0x1082, 0x0861, 0x0841, 0x0020, 0x0020, 0x0841, 0x2945, 0x1082, 0x10A2, 0x10A2, 0x0020, 0x1081,
  0x10A2, 0x0841, 0x0841, 0x0861, 0x0841, 0x0020, 0x0000, 0x0020, 0x0020, 0x0020, 0x0000, 0x0000, 0x0000, 0x0000, 0x0000, 0x0000,
  0x0000, 0x0000, 0x0000, 0x0000, 0x0020, 0x0000, 0x0000, 0x0000, 0x0020, 0x0020, 0x0000, 0x0000, 0x0000, 0x0800, 0x1020, 0x2060,
  0x2060, 0x1860, 0x30C0, 0x5140, 0x61C1, 0x69E1, 0x5160, 0x4100, 0x4920, 0x69A0, 0x7A01, 0x6160, 0x2880, 0x1040, 0x1020, 0x1020,
  0x0000, 0x0000, 0x0000, 0x0000, 0x0000, 0x0000, 0x0000, 0x0841, 0x0861, 0x0841, 0x2104, 0x20E2, 0x3122, 0x18E3, 0x5B0C, 0x5ACB,
  0x62EC, 0x18E3, 0x2104, 0x39E8, 0x2124, 0x2103, 0x0000, 0x1082, 0x10A2, 0x10A2, 0x0841, 0x0020, 0x0020, 0x0000, 0x0000, 0x0000,
  0x0000, 0x0020, 0x1082, 0x3186, 0x39E8, 0x2945, 0x2924, 0x2104, 0x2965, 0x4A49, 0x4228, 0x528A, 0x3186, 0x3186, 0x39C7, 0x2945,
  0x2103, 0x3144, 0x2124, 0x0841, 0x0000, 0x0000, 0x0000, 0x0000, 0x1082, 0x18C3, 0x2945, 0x18C3, 0x2104, 0x2124, 0x18E3, 0x2104,
  0x18E4, 0x18E3, 0x18E3, 0x1082, 0x1082, 0x1082, 0x0861, 0x0841, 0x0841, 0x0841, 0x0020, 0x0821, 0x1081, 0x0841, 0x2965, 0x18C3,
  0x1082, 0x18C3, 0x10A2, 0x0841, 0x1081, 0x0841, 0x0841, 0x0020, 0x0020, 0x0841, 0x0020, 0x0020, 0x0000, 0x0000, 0x0000, 0x0020,
  0x0000, 0x0000, 0x0000, 0x0000, 0x0000, 0x0000, 0x0000, 0x0020, 0x0000, 0x0000, 0x0020, 0x0000, 0x0000, 0x0000, 0x0000, 0x1040,
  0x2060, 0x28A0, 0x2080, 0x2060, 0x28A0, 0x4920, 0x69C1, 0x61A1, 0x5160, 0x4940, 0x5120, 0x69C0, 0x8221, 0x6180, 0x2080, 0x1020,
  0x0820, 0x0820, 0x0000, 0x0000, 0x0000, 0x0000, 0x0000, 0x0000, 0x0000, 0x0000, 0x0020, 0x0000, 0x0020, 0x0861, 0x2104, 0x10A2,
  0x3A08, 0x5ACB, 0x4A49, 0x6B6D, 0x3186, 0x2124, 0x2965, 0x0861, 0x10A2, 0x1082, 0x2104, 0x1082, 0x1081, 0x0841, 0x0841, 0x0000,
  0x0000, 0x0000, 0x0000, 0x0020, 0x18E3, 0x3186, 0x31A6, 0x31A6, 0x5269, 0x4A49, 0x2124, 0x4228, 0x4228, 0x2104, 0x39E7, 0x4A49,
  0x528A, 0x4228, 0x2104, 0x18C2, 0x1061, 0x1081, 0x0020, 0x0000, 0x0000, 0x0000, 0x0861, 0x18E3, 0x4A69, 0x4207, 0x2104, 0x2124,
  0x18E3, 0x18C3, 0x2124, 0x2924, 0x2945, 0x10C3, 0x1082, 0x1082, 0x18C3, 0x1082, 0x0841, 0x0020, 0x0841, 0x0020, 0x0841, 0x0000,
  0x0020, 0x10A2, 0x1082, 0x18C3, 0x18E3, 0x0841, 0x0861, 0x10A2, 0x0020, 0x0820, 0x0020, 0x0020, 0x0841, 0x0020, 0x0020, 0x0000,
  0x0000, 0x0000, 0x0020, 0x0000, 0x0000, 0x0000, 0x0000, 0x0020, 0x0020, 0x0020, 0x0020, 0x0000, 0x0020, 0x0000, 0x0000, 0x0000,
  0x0000, 0x1040, 0x2080, 0x30C0, 0x30A0, 0x2880, 0x2880, 0x4120, 0x61A1, 0x61A1, 0x5140, 0x5160, 0x5960, 0x69C1, 0x7A01, 0x5960,
  0x2880, 0x1020, 0x0820, 0x0820, 0x0000, 0x0000, 0x0000, 0x0000, 0x0000, 0x0000, 0x0000, 0x0840, 0x0020, 0x0861, 0x1082, 0x0861,
  0x1082, 0x2124, 0x1082, 0x0020, 0x0020, 0x39C7, 0x52AA, 0x2104, 0x18E3, 0x0861, 0x2945, 0x2124, 0x10A2, 0x0841, 0x0861, 0x0861,
  0x0020, 0x0020, 0x0000, 0x0000, 0x0000, 0x0020, 0x2104, 0x4A69, 0x4249, 0x630C, 0x31A6, 0x528A, 0x6B4D, 0x5269, 0x632C, 0x528A,
  0x31A6, 0x10A2, 0x39C7, 0x31A6, 0x18C3, 0x10A2, 0x0861, 0x0000, 0x0000, 0x0000, 0x0000, 0x0000, 0x18C3, 0x3A08, 0x4249, 0x2104,
  0x39C7, 0x4228, 0x2124, 0x2124, 0x2965, 0x2103, 0x20E3, 0x2124, 0x18E3, 0x10A2, 0x2103, 0x18C3, 0x18C3, 0x0861, 0x0020, 0x0000,
  0x0020, 0x0861, 0x0862, 0x0861, 0x0020, 0x0840, 0x1081, 0x10A2, 0x0841, 0x1081, 0x0841, 0x0841, 0x0841, 0x0841, 0x0841, 0x0841,
  0x0020, 0x0020, 0x0000, 0x0000, 0x0020, 0x0020, 0x0000, 0x0000, 0x0000, 0x0020, 0x0840, 0x0020, 0x0020, 0x0020, 0x0000, 0x0000,
  0x0000, 0x0000, 0x0000, 0x1020, 0x2080, 0x38E0, 0x38C0, 0x28A0, 0x30C0, 0x2880, 0x4920, 0x6180, 0x61A1, 0x5160, 0x5960, 0x6180,
  0x7A01, 0x7A01, 0x5140, 0x2060, 0x0820, 0x0820, 0x0820, 0x0000, 0x0000, 0x0000, 0x0000, 0x0000, 0x0000, 0x0000, 0x0020, 0x0841,
  0x18C3, 0x3186, 0x0882, 0x2965, 0x2124, 0x18E3, 0x18E3, 0x0020, 0x18E3, 0x2104, 0x2986, 0x1082, 0x0861, 0x18C3, 0x2124, 0x0861,
  0x0861, 0x0861, 0x1082, 0x0841, 0x0000, 0x0000, 0x0000, 0x0000, 0x0020, 0x18E4, 0x630C, 0x5ACB, 0x4A69, 0x630C, 0x5AEB, 0x4A69,
  0x39A6, 0x3186, 0x8410, 0x4A69, 0x3186, 0x18C3, 0x2945, 0x10A2, 0x0841, 0x0841, 0x0840, 0x0000, 0x0840, 0x0841, 0x0020, 0x0841,
  0x39E7, 0x6B6E, 0x6B6E, 0x39E8, 0x2945, 0x41C6, 0x3185, 0x2945, 0x18C3, 0x2124, 0x2945, 0x18C3, 0x18A2, 0x2104, 0x18E3, 0x10A2,
  0x1082, 0x0841, 0x0020, 0x0020, 0x0861, 0x2124, 0x1062, 0x1082, 0x10A2, 0x0861, 0x0000, 0x0000, 0x0841, 0x0841, 0x0841, 0x1061,
  0x0820, 0x0020, 0x0020, 0x0000, 0x0840, 0x0000, 0x0000, 0x0000, 0x0020, 0x0020, 0x0000, 0x0000, 0x0000, 0x0020, 0x0020, 0x0020,
  0x0000, 0x0020, 0x0000, 0x0000, 0x0000, 0x0000, 0x0820, 0x2080, 0x38E0, 0x4100, 0x38C0, 0x30C0, 0x30C0, 0x40E0, 0x3900, 0x69C1,
  0x61A1, 0x5960, 0x5980, 0x61A0, 0x7A01, 0x7A01, 0x5140, 0x2060, 0x0820, 0x0800, 0x0800, 0x0000, 0x0000, 0x0000, 0x0000, 0x0000,
  0x0000, 0x0000, 0x0020, 0x0020, 0x18C3, 0x2945, 0x31A6, 0x4A49, 0x41E7, 0x51E5, 0x5A89, 0x4228, 0x1903, 0x0861, 0x0841, 0x0020,
  0x0861, 0x0841, 0x18E3, 0x0020, 0x0841, 0x1082, 0x0841, 0x0841, 0x0000, 0x0000, 0x0000, 0x0000, 0x0020, 0x2124, 0x2965, 0x8410,
  0x4A6A, 0x8410, 0x632C, 0x8C71, 0x8410, 0x31A6, 0x4228, 0x31A6, 0x31A6, 0x2124, 0x1903, 0x1082, 0x0861, 0x0000, 0x0020, 0x0841,
  0x2104, 0x2104, 0x18E3, 0x1082, 0x0000, 0x0861, 0x2124, 0x5ACB, 0x52AB, 0x2945, 0x39C6, 0x31A6, 0x31A6, 0x2104, 0x2124, 0x2124,
  0x2104, 0x10A2, 0x0841, 0x0841, 0x18C3, 0x1082, 0x0841, 0x0020, 0x1082, 0x18E3, 0x18C3, 0x1082, 0x10A2, 0x18C3, 0x0861, 0x0841,
  0x0020, 0x0020, 0x0020, 0x0020, 0x0841, 0x0861, 0x0020, 0x0020, 0x0020, 0x0020, 0x0000, 0x0020, 0x0840, 0x0020, 0x0000, 0x0000,
  0x0020, 0x0000, 0x0000, 0x0020, 0x0020, 0x0000, 0x0000, 0x0000, 0x0000, 0x0000, 0x0000, 0x1860, 0x4100, 0x4940, 0x4920, 0x38E0,
  0x38E0, 0x40E0, 0x8AA2, 0x38E0, 0x61A1, 0x69C1, 0x6181, 0x6181, 0x69C1, 0x7201, 0x71E1, 0x4920, 0x2060, 0x1020, 0x0800, 0x0800,
  0x0000, 0x0000, 0x0000, 0x0000, 0x0000, 0x0000, 0x0000, 0x0020, 0x0020, 0x1082, 0x2965, 0x2944, 0x39C7, 0x4A49, 0x3186, 0x528A,
  0x73AE, 0x4A69, 0x3186, 0x39C7, 0x10A2, 0x1082, 0x0000, 0x0000, 0x0841, 0x0841, 0x0020, 0x0861, 0x0840, 0x0000, 0x0000, 0x0000,
  0x0000, 0x0841, 0x2965, 0x5ACB, 0x5AEB, 0x7BCF, 0x4208, 0x8C51, 0x8410, 0x9CF3, 0x4A49, 0x5AEB, 0x528A, 0x18C3, 0x10A2, 0x18E3,
  0x0841, 0x0000, 0x0000, 0x0861, 0x2104, 0x4228, 0x2986, 0x18E3, 0x18E3, 0x1082, 0x0020, 0x3186, 0x10A2, 0x2945, 0x39C7, 0x39C7,
  0x528A, 0x18C3, 0x3185, 0x39A6, 0x2124, 0x2944, 0x18C2, 0x18C3, 0x18C3, 0x1082, 0x2103, 0x0861, 0x0861, 0x0020, 0x10A2, 0x3186,
  0x2944, 0x20E3, 0x1081, 0x0861, 0x1061, 0x0861, 0x0020, 0x0020, 0x0000, 0x0000, 0x0020, 0x0841, 0x0020, 0x0000, 0x0000, 0x0000,
  0x0020, 0x0841, 0x0841, 0x0020, 0x0000, 0x0020, 0x0020, 0x0000, 0x0020, 0x0820, 0x0820, 0x0000, 0x0000, 0x0000, 0x0000, 0x0000,
  0x1840, 0x3900, 0x5160, 0x5140, 0x4900, 0x4100, 0x40E0, 0x7A41, 0xCC46, 0x61A0, 0x61A1, 0x61A1, 0x61A1, 0x69C1, 0x7A01, 0x69C1,
  0x4100, 0x1860, 0x0820, 0x0800, 0x0800, 0x0000, 0x0000, 0x0000, 0x0000, 0x0000, 0x0000, 0x0000, 0x0000, 0x0861, 0x0841, 0x2104,
  0x2124, 0x31A6, 0x3185, 0x2965, 0x18E3, 0x10C2, 0x4A69, 0x39C7, 0x4208, 0x2104, 0x10A2, 0x2104, 0x10A2, 0x10A2, 0x0020, 0x0000,
  0x0020, 0x0020, 0x0000, 0x0000, 0x0000, 0x0000, 0x0841, 0x2965, 0x632D, 0x52AA, 0x73AF, 0x94B3, 0x7BCF, 0x9CF3, 0x4A49, 0x39E7,
  0x3186, 0x2124, 0x10A2, 0x0020, 0x0841, 0x0840, 0x0000, 0x0841, 0x2124, 0x39C7, 0x2944, 0x2104, 0x3186, 0x18E3, 0x2124, 0x0861,
  0x0841, 0x3186, 0x2124, 0x2124, 0x18E3, 0x0882, 0x0841, 0x18C2, 0x10A2, 0x10A2, 0x2965, 0x2124, 0x31A6, 0x2124, 0x10A2, 0x1082,
  0x18E3, 0x10A2, 0x1082, 0x0020, 0x2104, 0x2124, 0x10A2, 0x18C3, 0x10A2, 0x0841, 0x0861, 0x0020, 0x0861, 0x0861, 0x0040, 0x0020,
  0x0000, 0x0000, 0x0000, 0x0000, 0x0020, 0x0020, 0x0861, 0x0841, 0x0020, 0x0020, 0x0020, 0x0020, 0x0000, 0x0000, 0x0820, 0x0840,
  0x0800, 0x0000, 0x0000, 0x0000, 0x0000, 0x1040, 0x30C0, 0x5180, 0x5980, 0x5140, 0x4920, 0x4100, 0x7201, 0xDC87, 0xB384, 0x61A1,
  0x61A1, 0x69C1, 0x69C1, 0x69C1, 0x7A01, 0x69A1, 0x38C0, 0x1840, 0x1020, 0x0000, 0x0000, 0x0000, 0x0000, 0x0000, 0x0000, 0x0000,
  0x0000, 0x0000, 0x0000, 0x0861, 0x1082, 0x3165, 0x39C7, 0x4208, 0x73AE, 0x4A49, 0x39C7, 0x39E7, 0x39C7, 0x10A2, 0x18E3, 0x18C3,
  0x18C3, 0x18E3, 0x10C3, 0x18C3, 0x10A2, 0x0861, 0x0841, 0x0000, 0x0000, 0x0000, 0x0000, 0x0000, 0x0841, 0x3186, 0x52AA, 0x8C71,
  0x83F0, 0x5ACB, 0x4228, 0x8410, 0x630C, 0x1904, 0x10A2, 0x10A2, 0x0861, 0x0000, 0x0000, 0x0000, 0x10A2, 0x18E3, 0x4208, 0x3186,
  0x4A69, 0x31A6, 0x18E3, 0x3A08, 0x2945, 0x10A2, 0x0020, 0x2965, 0x528A, 0x2965, 0x39C7, 0x2965, 0x2124, 0x2945, 0x1082, 0x0000,
  0x0000, 0x2103, 0x18E3, 0x3185, 0x2124, 0x2103, 0x1081, 0x18E3, 0x10A2, 0x0000, 0x0841, 0x31A6, 0x2104, 0x10A2, 0x18C3, 0x1082,
  0x0861, 0x0861, 0x0020, 0x0861, 0x0841, 0x1081, 0x0861, 0x0000, 0x0000, 0x0000, 0x1082, 0x0861, 0x0840, 0x0861, 0x0840, 0x0020,
  0x0020, 0x0020, 0x0820, 0x0020, 0x0000, 0x0820, 0x0800, 0x0000, 0x0000, 0x0000, 0x0000, 0x0820, 0x2880, 0x5180, 0x61A0, 0x5960,
  0x5140, 0x4920, 0x61A0, 0xCC46, 0xCC26, 0x71E0, 0x61A1, 0x61A1, 0x61C1, 0x71E1, 0x71E1, 0x7A01, 0x6180, 0x30C0, 0x1840, 0x0820,
  0x0800, 0x0000, 0x0000, 0x0000, 0x0000, 0x0000, 0x0000, 0x0000, 0x0000, 0x0000, 0x1081, 0x18C3, 0x18A2, 0x2124, 0x39E7, 0x5ACB,
  0x738E, 0x39C7, 0x2124, 0x39C7, 0x2104, 0x4A49, 0x18E3, 0x0861, 0x18C2, 0x2965, 0x0861, 0x0861, 0x0861, 0x1082, 0x0861, 0x0000,
  0x0000, 0x0000, 0x0000, 0x0000, 0x2965, 0x528A, 0x632C, 0x7BF0, 0x6B4D, 0x6B6D, 0x2104, 0x4208, 0x1082, 0x0000, 0x0020, 0x0861,
  0x0020, 0x0841, 0x18E3, 0x18E3, 0x1082, 0x4208, 0x6B4D, 0x39E7, 0x4A48, 0x2945, 0x3186, 0x2945, 0x1061, 0x18E3, 0x18E3, 0x5AEC,
  0x528A, 0x2965, 0x3186, 0x2965, 0x3186, 0x2924, 0x18C3, 0x0020, 0x0020, 0x0841, 0x0861, 0x4A48, 0x2924, 0x1082, 0x0861, 0x0861,
  0x0861, 0x0000, 0x2965, 0x3165, 0x2124, 0x18C3, 0x1061, 0x1081, 0x1081, 0x0841, 0x0861, 0x0861, 0x0020, 0x0861, 0x0840, 0x0840,
  0x0000, 0x0040, 0x18C3, 0x0841, 0x0020, 0x0841, 0x0840, 0x0020, 0x0820, 0x0020, 0x0840, 0x0820, 0x0820, 0x0820, 0x0000, 0x0000,
  0x0000, 0x0000, 0x0000, 0x2060, 0x4940, 0x7201, 0x61A1, 0x5980, 0x5140, 0x5980, 0xB3A4, 0xDC87, 0x8261, 0x5140, 0x61A1, 0x69C1,
  0x69C1, 0x71E1, 0x7201, 0x71E1, 0x5960, 0x30A0, 0x1040, 0x0820, 0x0800, 0x0000, 0x0000, 0x0000, 0x0000, 0x0000, 0x0000, 0x0000,
  0x0000, 0x0000, 0x1082, 0x41C5, 0x2945, 0x630C, 0x2124, 0x8C30, 0x7BCE, 0x2945, 0x39C6, 0x18C3, 0x18E3, 0x2945, 0x4A69, 0x1082,
  0x20E3, 0x3186, 0x2945, 0x18C2, 0x1081, 0x18A2, 0x0020, 0x0020, 0x0000, 0x0000, 0x0000, 0x0020, 0x1082, 0x1061, 0x1081, 0x18A2,
  0x18C3, 0x2124, 0x18E3, 0x0841, 0x0020, 0x0000, 0x0000, 0x0841, 0x18C3, 0x31A6, 0x528A, 0x528A, 0x4A69, 0x20E3, 0x3165, 0x4A69,
  0x52AA, 0x4228, 0x4A49, 0x18E3, 0x0861, 0x18A2, 0x18C3, 0x4A69, 0x73AE, 0x4228, 0x2965, 0x3186, 0x2104, 0x2124, 0x2965, 0x18C2,
  0x10A2, 0x18C3, 0x0020, 0x0861, 0x3185, 0x1082, 0x0861, 0x0861, 0x0861, 0x0841, 0x0861, 0x4207, 0x18C2, 0x18C2, 0x18E3, 0x0881,
  0x0841, 0x0020, 0x1082, 0x10A2, 0x0841, 0x0861, 0x0861, 0x0020, 0x0020, 0x0000, 0x0000, 0x0020, 0x0840, 0x0820, 0x0840, 0x0020,
  0x0820, 0x0820, 0x1040, 0x1020, 0x0820, 0x0000, 0x0000, 0x0000, 0x0000, 0x0000, 0x0000, 0x1040, 0x30C0, 0x7A42, 0x7222, 0x69C0,
  0x6180, 0x61A0, 0xA323, 0xE4C8, 0x9AC2, 0x5960, 0x69C1, 0x69C1, 0x7A01, 0x71E1, 0x71C1, 0x5140, 0x2880, 0x1040, 0x0820, 0x0800,
  0x0000, 0x0000, 0x0000, 0x0000, 0x0000, 0x0000, 0x0000, 0x0000, 0x0000, 0x18C2, 0x3985, 0x10A2, 0x4A69, 0x4228, 0x4A28, 0x6B2B,
  0x5AEB, 0x5AAA, 0x39C7, 0x18C3, 0x0041, 0x31C6, 0x2965, 0x18E3, 0x2945, 0x52AA, 0x20E3, 0x2103, 0x0840, 0x0000, 0x0020, 0x0000,
  0x0000, 0x0000, 0x0000, 0x0841, 0x1082, 0x0020, 0x0000, 0x0820, 0x1061, 0x0020, 0x0000, 0x0020, 0x0861, 0x18C3, 0x2945, 0x4228,
  0x39C7, 0x4A49, 0x8C30, 0x632C, 0x31A6, 0x2924, 0x2944, 0x4A28, 0x528A, 0x39C7, 0x528A, 0x3186, 0x10A2, 0x0861, 0x0841, 0x738E,
  0x528A, 0x2945, 0x2945, 0x4208, 0x10A2, 0x3164, 0x3165, 0x0882, 0x10A2, 0x18E3, 0x1082, 0x0020, 0x0020, 0x0861, 0x0861, 0x0841,
  0x0841, 0x0000, 0x2965, 0x62EB, 0x18C3, 0x10A2, 0x18A2, 0x0861, 0x0861, 0x1082, 0x0841, 0x0861, 0x0841, 0x0861, 0x0020, 0x0861,
  0x0861, 0x0000, 0x0000, 0x0000, 0x0000, 0x0820, 0x0820, 0x0820, 0x0820, 0x0820, 0x1040, 0x0800, 0x0000, 0x0000, 0x0000, 0x0000,
  0x0000, 0x0000, 0x1020, 0x28A0, 0x61C1, 0x8283, 0x69E1, 0x69E1, 0x69C0, 0x92A1, 0xECE8, 0xB384, 0x69A0, 0x71E1, 0x69C1, 0x71E1,
  0x71E1, 0x69C1, 0x4100, 0x2060, 0x1020, 0x1020, 0x0800, 0x0000, 0x0000, 0x0000, 0x0000, 0x0000, 0x0000, 0x0000, 0x0000, 0x0020,
  0x0020, 0x6287, 0x4A06, 0x2965, 0x18E3, 0x4228, 0x5268, 0x5A67, 0x39A6, 0x4A49, 0x4A49, 0x62EB, 0x2945, 0x6B6D, 0x4207, 0x18E3,
  0x2103, 0x2945, 0x10A2, 0x1081, 0x0000, 0x0020, 0x0000, 0x0000, 0x0000, 0x0841, 0x2124, 0x2945, 0x4A29, 0x528A, 0x31A6, 0x2945,
  0x0861, 0x31A6, 0x6B6D, 0x4A49, 0x4208, 0x8410, 0x8410, 0x5AEB, 0x4228, 0x630C, 0x83AD, 0x7B8D, 0x2924, 0x5289, 0x4A28, 0x18C3,
  0x39C6, 0x4A27, 0x39C6, 0x2965, 0x18C3, 0x0000, 0x18C3, 0x39E7, 0x2104, 0x2965, 0x31A6, 0x39C6, 0x2924, 0x18C2, 0x18A2, 0x18E3,
  0x2124, 0x2944, 0x2124, 0x1082, 0x0020, 0x0000, 0x0020, 0x0841, 0x0861, 0x0020, 0x4208, 0x39C7, 0x0861, 0x2965, 0x18C3, 0x0841,
  0x1082, 0x1061, 0x0841, 0x1082, 0x0841, 0x0020, 0x0020, 0x0840, 0x0020, 0x0000, 0x0020, 0x0020, 0x0000, 0x0000, 0x0020, 0x0820,
  0x0820, 0x1040, 0x0000, 0x0000, 0x0000, 0x0000, 0x0000, 0x0000, 0x0000, 0x0020, 0x2080, 0x4920, 0x8AA3, 0x7A42, 0x69C0, 0x7A01,
  0x8A61, 0xE4E8, 0xD446, 0x7A00, 0x71C1, 0x71E1, 0x71E1, 0x69C1, 0x5980, 0x4100, 0x1860, 0x1020, 0x1020, 0x0800, 0x0000, 0x0000,
  0x0000, 0x0000, 0x0000, 0x0000, 0x0000, 0x0000, 0x0000, 0x18C3, 0x1082, 0x41C5, 0x39A6, 0x52AA, 0x4208, 0x4A6A, 0x31A6, 0x3165,
  0x5268, 0x39C7, 0x2965, 0x52AA, 0x31A6, 0x4A69, 0x3186, 0x2945, 0x2124, 0x2124, 0x10A2, 0x0020, 0x0020, 0x0000, 0x0000, 0x0000,
  0x0841, 0x2104, 0x4A69, 0x630C, 0x6B4D, 0x7BEF, 0x632C, 0x39C6, 0x18C2, 0x2945, 0x94B3, 0x6B4D, 0x736E, 0x7BEF, 0xAD75, 0x6B6E,
  0x5269, 0x630B, 0x7B8D, 0x5268, 0x62EA, 0x62EB, 0x39A6, 0x2104, 0x41E7, 0x4A28, 0x39E7, 0x18E3, 0x2103, 0x0020, 0x2104, 0x632C,
  0x5289, 0x2965, 0x4A48, 0x2945, 0x2924, 0x4A07, 0x18C3, 0x4207, 0x2124, 0x39A6, 0x39A6, 0x1061, 0x10A2, 0x0841, 0x0000, 0x0020,
  0x0020, 0x0841, 0x2104, 0x18C3, 0x10A2, 0x1081, 0x0861, 0x0861, 0x0861, 0x0841, 0x1081, 0x1082, 0x0861, 0x0841, 0x0020, 0x0020,
  0x0000, 0x0020, 0x0841, 0x0020, 0x0020, 0x0000, 0x0820, 0x1040, 0x0820, 0x0000, 0x0000, 0x0000, 0x0000, 0x0000, 0x0020, 0x0020,
  0x0000, 0x2080, 0x38E0, 0x7222, 0x8AA3, 0x7201, 0x7201, 0x8220, 0xD486, 0xED29, 0x9260, 0x69C1, 0x71C1, 0x71E1, 0x69C1, 0x5960,
  0x38C0, 0x1860, 0x1040, 0x1020, 0x0800, 0x0000, 0x0000, 0x0000, 0x0000, 0x0000, 0x0000, 0x0000, 0x0000, 0x0000, 0x0020, 0x18A3,
  0x2104, 0x18C3, 0x31A6, 0x4208, 0x41E7, 0x18C3, 0x3165, 0x52AA, 0x1082, 0x2965, 0x528A, 0x4A49, 0x1082, 0x5AEB, 0x2945, 0x10A2,
  0x10A2, 0x18C3, 0x0841, 0x0020, 0x0020, 0x0000, 0x0000, 0x0861, 0x39C7, 0x528A, 0x9492, 0x94B2, 0x5AEB, 0x7BEF, 0x4A49, 0x39E7,
  0x2965, 0x1081, 0x4208, 0x8C51, 0xBDD7, 0x8410, 0x630C, 0x5ACB, 0x8410, 0x9491, 0x5AAA, 0x18E3, 0x738C, 0x4A48, 0x39A6, 0x39A6,
  0x4207, 0x31A6, 0x2945, 0x18A2, 0x10A2, 0x10A2, 0x4228, 0x2104, 0x4A69, 0x18E3, 0x39C6, 0x18E3, 0x31A6, 0x39A6, 0x18C3, 0x2104,
  0x18C2, 0x3165, 0x18C3, 0x1082, 0x2103, 0x10A2, 0x18C2, 0x0841, 0x0000, 0x0020, 0x2124, 0x18E3, 0x0861, 0x0841, 0x0861, 0x1082,
  0x0861, 0x1061, 0x0861, 0x0000, 0x0861, 0x0820, 0x0020, 0x0820, 0x0000, 0x0020, 0x0020, 0x0020, 0x0820, 0x1020, 0x1040, 0x0820,
  0x0000, 0x0000, 0x0000, 0x0000, 0x0020, 0x0000, 0x0841, 0x0020, 0x1040, 0x30C0, 0x5981, 0x8AC3, 0x8283, 0x7A62, 0x7A21, 0xC3C4,
  0xF589, 0xAB02, 0x69C1, 0x69C1, 0x61A0, 0x5960, 0x28A0, 0x1040, 0x1040, 0x1020, 0x0800, 0x0000, 0x0000, 0x0000, 0x0000, 0x0000,
  0x0000, 0x0000, 0x0000, 0x0000, 0x0000, 0x1082, 0x18C3, 0x3186, 0x2945, 0x39E7, 0x4228, 0x18C3, 0x2965, 0x52AA, 0x4208, 0x10A2,
  0x630B, 0x4A69, 0x1082, 0x2944, 0x39C7, 0x0861, 0x10A2, 0x1081, 0x0840, 0x0000, 0x0000, 0x0000, 0x0000, 0x10C3, 0x4A69, 0x5AEB,
  0x4A69, 0x7BEF, 0x8431, 0x9CF3, 0x5AEB, 0x7BCF, 0x73AE, 0x39E7, 0x0841, 0x2124, 0x9CF3, 0xA514, 0x8410, 0x4207, 0x738D, 0x9491,
  0x8C30, 0x3186, 0x2124, 0x62CA, 0x41E7, 0x5289, 0x4A69, 0x2924, 0x5268, 0x2944, 0x10A2, 0x0020, 0x39C7, 0x7BEF, 0x2945, 0x0841,
  0x18C3, 0x2103, 0x39C6, 0x18E3, 0x10A2, 0x20E3, 0x0000, 0x2924, 0x3165, 0x10A2, 0x10A2, 0x10A2, 0x1081, 0x10A2, 0x0861, 0x0020,
  0x0841, 0x18E3, 0x18C3, 0x0020, 0x18E3, 0x18C2, 0x1061, 0x0841, 0x1081, 0x0020, 0x0020, 0x0840, 0x0020, 0x0020, 0x0820, 0x0000,
  0x0020, 0x0820, 0x1860, 0x1040, 0x0820, 0x0000, 0x0000, 0x0000, 0x0000, 0x0020, 0x0841, 0x0020, 0x0020, 0x0020, 0x0020, 0x28A0,
  0x38E0, 0x8283, 0x92E3, 0x92C3, 0x8241, 0xB363, 0xFDCA, 0xBBA3, 0x71C0, 0x69E1, 0x69C1, 0x5980, 0x4920, 0x2880, 0x1040, 0x1020,
  0x1040, 0x0000, 0x0000, 0x0000, 0x0000, 0x0800, 0x0000, 0x0000, 0x0000, 0x0000, 0x0000, 0x0020, 0x0020, 0x1081, 0x1081, 0x2124,
  0x52AA, 0x31A6, 0x630C, 0x630C, 0x738D, 0x39A6, 0x18C3, 0x2965, 0x5269, 0x2924, 0x18C3, 0x18E3, 0x0861, 0x10A2, 0x0861, 0x1081,
  0x0840, 0x0020, 0x0000, 0x0000, 0x18C3, 0x4A49, 0x738E, 0x4A49, 0x6B6D, 0x39E7, 0xA535, 0x9CD3, 0x2965, 0x8C50, 0x840F, 0x39E7,
  0x1082, 0x0000, 0x630C, 0xA534, 0xA514, 0x6B2C, 0x8C0F, 0x8C50, 0x5AEB, 0x2965, 0x8BEE, 0x62CA, 0x4208, 0x738D, 0x4228, 0x2965,
  0x41E6, 0x18C2, 0x20E3, 0x0820, 0x39E7, 0x630C, 0x2924, 0x41E6, 0x18C2, 0x1082, 0x2945, 0x1082, 0x1082, 0x2104, 0x1082, 0x1082,
  0x2944, 0x3185, 0x0841, 0x10A2, 0x39C6, 0x0841, 0x0841, 0x0020, 0x0000, 0x0000, 0x0020, 0x0840, 0x1081, 0x1061, 0x0861, 0x0841,
  0x0820, 0x0020, 0x0020, 0x0020, 0x0000, 0x0020, 0x0020, 0x0820, 0x1040, 0x1860, 0x1020, 0x0000, 0x0000, 0x0000, 0x0000, 0x0020,
  0x0020, 0x0841, 0x0841, 0x0020, 0x0020, 0x0000, 0x2080, 0x38E0, 0x59C1, 0x92E3, 0xA324, 0x92C2, 0xA2E2, 0xFDCB, 0xDC66, 0x79E0,
  0x69C1, 0x5960, 0x40E0, 0x2060, 0x1040, 0x1020, 0x1020, 0x0000, 0x0000, 0x0000, 0x0000, 0x0800, 0x0800, 0x0000, 0x0000, 0x0000,
  0x0000, 0x0020, 0x0841, 0x0841, 0x18C3, 0x18E3, 0x2124, 0x6B6D, 0x5AEB, 0x2965, 0x5A89, 0x5AA9, 0x39A6, 0x18E3, 0x3185, 0x20E2,
  0x1081, 0x0841, 0x0840, 0x20E2, 0x0861, 0x1081, 0x1061, 0x0020, 0x0000, 0x0000, 0x18C3, 0x630C, 0x73AE, 0x7BF0, 0x528A, 0xA555,
  0x9492, 0xCE59, 0x83EF, 0x4A48, 0x7BEF, 0x5ACB, 0x39C6, 0x1082, 0x62CA, 0x2944, 0x18E3, 0x5AAA, 0x7B6C, 0xA4D1, 0x6B4D, 0x5269,
  0x39C6, 0x8BCD, 0x41E7, 0x3185, 0x8C0F, 0x41E7, 0x3165, 0x1082, 0x2924, 0x62C9, 0x0840, 0x4A69, 0x39C7, 0x4A27, 0x732B, 0x18C2,
  0x1082, 0x18C3, 0x0861, 0x39C6, 0x31A6, 0x18E3, 0x2924, 0x18A2, 0x1081, 0x0040, 0x0861, 0x18C3, 0x0020, 0x0020, 0x0000, 0x0020,
  0x0841, 0x0000, 0x0020, 0x0841, 0x0020, 0x0020, 0x1061, 0x0020, 0x0020, 0x0020, 0x0020, 0x0000, 0x0820, 0x0820, 0x1860, 0x1040,
  0x0000, 0x0000, 0x0000, 0x0000, 0x0000, 0x0020, 0x0861, 0x0861, 0x0861, 0x0841, 0x0020, 0x0000, 0x1040, 0x4100, 0x4920, 0x82A3,
  0x9B24, 0x9B24, 0xA2E2, 0xEDAB, 0xED69, 0x9240, 0x61C1, 0x5960, 0x40E0, 0x1860, 0x1020, 0x1020, 0x0820, 0x0000, 0x0000, 0x0000,
  0x0000, 0x0800, 0x0820, 0x0000, 0x0000, 0x0000, 0x0000, 0x0020, 0x0841, 0x0020, 0x0840, 0x39E7, 0x3186, 0x39C7, 0x4228, 0x39C7,
  0x4A28, 0x5247, 0x18A2, 0x2965, 0x18E3, 0x2965, 0x1081, 0x1082, 0x1081, 0x20E3, 0x18A1, 0x0020, 0x0820, 0x0020, 0x0000, 0x0000,
  0x1082, 0x52CB, 0x5AEC, 0x6B4D, 0x7BF0, 0x6B6D, 0x4228, 0x7BCF, 0xB596, 0x7BEF, 0x5ACA, 0x7BCE, 0x5ACA, 0x10A2, 0x0841, 0x4A28,
  0x4A28, 0x3186, 0x0841, 0x18C2, 0x5248, 0x4A28, 0x3985, 0x18C2, 0x62EA, 0x4207, 0x5289, 0x4A07, 0x3185, 0x41E7, 0x18C3, 0x2924,
  0x20C2, 0x18E3, 0x5ACB, 0x0841, 0x5249, 0x2124, 0x10A2, 0x2124, 0x2945, 0x1082, 0x41E6, 0x10A2, 0x1082, 0x18C2, 0x0020, 0x0000,
  0x0861, 0x1081, 0x10A2, 0x0840, 0x0000, 0x1082, 0x2124, 0x1082, 0x0841, 0x0000, 0x0000, 0x0000, 0x0000, 0x0000, 0x0000, 0x0020,
  0x0000, 0x0820, 0x1040, 0x1040, 0x0820, 0x0000, 0x0000, 0x0000, 0x0000, 0x0020, 0x0020, 0x0020, 0x0841, 0x0020, 0x0020, 0x0841,
  0x0020, 0x0020, 0x0000, 0x38E0, 0x38E0, 0x69E1, 0x92E3, 0x9B24, 0x92A2, 0xE549, 0xFE4D, 0xAAE1, 0x5140, 0x38E0, 0x2060, 0x1020,
  0x1040, 0x0820, 0x0000, 0x0000, 0x0000, 0x0000, 0x0800, 0x0820, 0x0000, 0x0000, 0x0000, 0x0000, 0x0000, 0x0841, 0x0020, 0x0040,
  0x10A2, 0x39C6, 0x39E7, 0x2104, 0x2944, 0x2965, 0x3165, 0x3144, 0x2924, 0x2944, 0x18C2, 0x4A28, 0x2965, 0x18C3, 0x1082, 0x18A2,
  0x0840, 0x0820, 0x0000, 0x0000, 0x0000, 0x1082, 0x39E7, 0x738E, 0x4229, 0x6B4D, 0xB5B6, 0xBDD7, 0x8C71, 0x18E3, 0x4A28, 0x52AA,
  0x6B6D, 0x4A49, 0x39E7, 0x0841, 0x10A2, 0x8C51, 0xAD96, 0x736D, 0x630C, 0x2104, 0x0861, 0x0820, 0x2924, 0x18E3, 0x4A07, 0x736C,
  0x41E7, 0x18C3, 0x2944, 0x39C6, 0x2103, 0x18A2, 0x0000, 0x6B2C, 0x4A49, 0x39E7, 0x840F, 0x18C2, 0x10A2, 0x39A5, 0x2944, 0x0861,
  0x2924, 0x10A2, 0x1061, 0x2924, 0x0861, 0x2944, 0x10A2, 0x1081, 0x1061, 0x0820, 0x0000, 0x18E3, 0x18E3, 0x0841, 0x0841, 0x0820,
  0x0000, 0x0000, 0x0000, 0x0000, 0x0000, 0x0820, 0x1040, 0x1840, 0x0820, 0x0000, 0x0000, 0x0000, 0x0000, 0x0000, 0x0020, 0x0841,
  0x1082, 0x1082, 0x0841, 0x0020, 0x0020, 0x0861, 0x0020, 0x0000, 0x2080, 0x40E0, 0x4100, 0x8262, 0xA344, 0x9B03, 0xCC66, 0xFECF,
  0xCBE3, 0x5960, 0x30C0, 0x1860, 0x1040, 0x1040, 0x0800, 0x0000, 0x0000, 0x0000, 0x0000, 0x0800, 0x0820, 0x0000, 0x0000, 0x0000,
  0x0000, 0x0000, 0x0020, 0x0861, 0x10A2, 0x0841, 0x18E3, 0x3186, 0x5AEB, 0x4208, 0x31A6, 0x39A6, 0x2124, 0x2124, 0x39E7, 0x3185,
  0x18C3, 0x18C2, 0x18C2, 0x1061, 0x0020, 0x0020, 0x0820, 0x0000, 0x0000, 0x0020, 0x18C3, 0x2124, 0x73AF, 0x8431, 0x9492, 0xCE59,
  0xAD55, 0xA514, 0x4228, 0x528A, 0x8C71, 0x6B4C, 0x738E, 0x8C50, 0x3165, 0x0000, 0x5AEB, 0xBDF7, 0x9CD3, 0x6B4D, 0x738E, 0x3186,
  0x10A2, 0x62EB, 0x39E7, 0x1904, 0x0841, 0x18E3, 0x18A2, 0x39A6, 0x3164, 0x2103, 0x18E3, 0x0840, 0x0841, 0x6B2C, 0x4A28, 0x41E7,
  0x4A48, 0x2944, 0x18C3, 0x2923, 0x20E3, 0x3186, 0x2103, 0x18A2, 0x18C2, 0x10A2, 0x18A2, 0x2965, 0x1081, 0x0861, 0x0841, 0x0000,
  0x0861, 0x18E3, 0x0861, 0x0840, 0x0840, 0x0840, 0x0000, 0x0000, 0x0000, 0x0000, 0x0820, 0x1020, 0x1040, 0x0800, 0x0000, 0x0000,
  0x0000, 0x0000, 0x0020, 0x0841, 0x0841, 0x0841, 0x10A2, 0x0841, 0x0020, 0x0000, 0x0840, 0x1061, 0x0000, 0x0820, 0x4100, 0x30C0,
  0x61E1, 0x9B04, 0xAB65, 0xC3C4, 0xFED0, 0xDCA6, 0x38C0, 0x1840, 0x1020, 0x1860, 0x0820, 0x0000, 0x0000, 0x0000, 0x0000, 0x0000,
  0x0820, 0x0800, 0x0000, 0x0000, 0x0000, 0x0000, 0x0000, 0x0861, 0x1082, 0x10A2, 0x10A2, 0x10C3, 0x2124, 0x39E7, 0x39E7, 0x31A6,
  0x2924, 0x2124, 0x2103, 0x20E3, 0x18C2, 0x1061, 0x20E3, 0x0861, 0x0841, 0x0000, 0x0000, 0x0000, 0x0000, 0x0000, 0x1061, 0x18E3,
  0x2104, 0x5AEB, 0x4228, 0x6B6D, 0x7BCE, 0x5ACA, 0x31A6, 0x738D, 0xBDF7, 0xBDD7, 0x7BCE, 0x4A28, 0x2965, 0x18C2, 0x0020, 0x9492,
  0xB5B6, 0x5AAA, 0x942F, 0x5AA9, 0x41E7, 0x62CA, 0x5AA9, 0x736C, 0x4228, 0x1082, 0x0020, 0x0841, 0x3165, 0x2124, 0x18E3, 0x1081,
  0x0000, 0x0861, 0x31C7, 0x5289, 0x2124, 0x2104, 0x18E3, 0x0861, 0x18E3, 0x1082, 0x18E3, 0x0861, 0x3185, 0x18C2, 0x0861, 0x10A2,
  0x1061, 0x1061, 0x1081, 0x0020, 0x0000, 0x0861, 0x0861, 0x0820, 0x0840, 0x0000, 0x0820, 0x0000, 0x0000, 0x1040, 0x1020, 0x1040,
  0x0020, 0x0000, 0x0000, 0x0000, 0x0000, 0x0000, 0x0861, 0x1082, 0x1082, 0x0820, 0x0861, 0x18C3, 0x0841, 0x0840, 0x0000, 0x0020,
  0x0820, 0x0000, 0x4100, 0x3900, 0x4140, 0x8AA3, 0xABA5, 0xC3A4, 0xFE6F, 0xF5CB, 0x9A60, 0x28A0, 0x1840, 0x1040, 0x1860, 0x0820,
  0x0000, 0x0000, 0x0000, 0x0000, 0x0000, 0x0820, 0x0820, 0x0000, 0x0000, 0x0000, 0x0000, 0x0000, 0x0020, 0x0841, 0x0861, 0x1082,
  0x2124, 0x3186, 0x18E3, 0x18C3, 0x2104, 0x4228, 0x2924, 0x2124, 0x1082, 0x39A6, 0x18A2, 0x10A2, 0x0861, 0x0040, 0x0000, 0x0000,
  0x0000, 0x0000, 0x0000, 0x2104, 0x528A, 0x2945, 0x3185, 0x3185, 0x3185, 0x8C50, 0x7BAE, 0x18E3, 0x7BCE, 0xC618, 0x9CD3, 0xAD55,
  0x6B2C, 0x8C50, 0x2945, 0x0000, 0x2945, 0xBDD7, 0x9CD3, 0x7BEE, 0x6B0B, 0x4A07, 0x83AD, 0x5268, 0x20E3, 0x7B6C, 0x4A07, 0x3185,
  0x0861, 0x10A2, 0x0000, 0x0020, 0x0020, 0x0000, 0x0000, 0x10A2, 0x2965, 0x2103, 0x0841, 0x18C2, 0x10A2, 0x10A2, 0x4228, 0x18E3,
  0x0841, 0x20E3, 0x0820, 0x0861, 0x18C2, 0x0020, 0x0841, 0x1081, 0x1081, 0x0000, 0x0000, 0x0841, 0x0000, 0x0000, 0x0020, 0x0820,
  0x0820, 0x0820, 0x2060, 0x1020, 0x0000, 0x0000, 0x0000, 0x0000, 0x0000, 0x0000, 0x0841, 0x18E3, 0x10A2, 0x10A2, 0x1082, 0x0861,
  0x0820, 0x0820, 0x0840, 0x0820, 0x0000, 0x0840, 0x0000, 0x28A0, 0x5960, 0x3900, 0x61E2, 0x9B24, 0xC3C4, 0xF5ED, 0xFEAF, 0xB300,
  0x1020, 0x1020, 0x2060, 0x0820, 0x0000, 0x0000, 0x0000, 0x0000, 0x0000, 0x0820, 0x0820, 0x0000, 0x0000, 0x0000, 0x0000, 0x0000,
  0x0020, 0x0020, 0x0841, 0x1082, 0x10A2, 0x18C2, 0x2965, 0x3186, 0x18E3, 0x2104, 0x2124, 0x2945, 0x2104, 0x2103, 0x20E3, 0x0020,
  0x18C2, 0x0840, 0x0000, 0x0000, 0x0000, 0x0000, 0x0000, 0x18E3, 0x4A6A, 0x738E, 0x3186, 0x52AA, 0x2924, 0x3143, 0x5ACA, 0x4228,
  0x528A, 0xA514, 0x8C51, 0x5ACB, 0x9491, 0x5ACA, 0x6B6D, 0x2944, 0x0020, 0x18E3, 0xAD75, 0x8C30, 0x5289, 0x4A69, 0x5269, 0x39C6,
  0x3185, 0x6B4C, 0x6AEA, 0x39A6, 0x2924, 0x2103, 0x39A6, 0x2103, 0x0000, 0x0000, 0x0000, 0x0000, 0x0840, 0x0020, 0x0861, 0x1082,
  0x2924, 0x10A2, 0x0861, 0x1081, 0x10A2, 0x2103, 0x0841, 0x0840, 0x0840, 0x0841, 0x0020, 0x0020, 0x0020, 0x0000, 0x0000, 0x0000,
  0x0000, 0x0000, 0x0000, 0x0820, 0x1040, 0x0820, 0x1040, 0x0800, 0x0000, 0x0000, 0x0000, 0x0000, 0x0000, 0x0020, 0x0020, 0x10A2,
  0x39E7, 0x1082, 0x1081, 0x1081, 0x1081, 0x0020, 0x0820, 0x0020, 0x0000, 0x0000, 0x0000, 0x0820, 0x5161, 0x4100, 0x5181, 0x7A63,
  0xAB64, 0xE54A, 0xFF33, 0xCC03, 0x1020, 0x1040, 0x2060, 0x0800, 0x0000, 0x0000, 0x0000, 0x0000, 0x0000, 0x0820, 0x1040, 0x0000,
  0x0000, 0x0000, 0x0000, 0x0000, 0x0000, 0x0000, 0x0000, 0x0020, 0x1082, 0x10A2, 0x0861, 0x10A2, 0x2124, 0x2965, 0x18C3, 0x0861,
  0x18E3, 0x3985, 0x3164, 0x18C2, 0x0020, 0x0000, 0x0000, 0x0000, 0x0000, 0x0020, 0x0020, 0x10A2, 0x4208, 0x632C, 0x4228, 0xA4F3,
  0x528A, 0x39A6, 0x8C2F, 0x4A69, 0x10A2, 0x4A69, 0xA534, 0x9CD3, 0xA534, 0x7BCE, 0x2944, 0x630B, 0x31A5, 0x0020, 0x3186, 0x4A69,
  0x2965, 0x4207, 0x9C90, 0x5268, 0x2944, 0x5AA9, 0x31A5, 0x3185, 0x18C3, 0x2924, 0x3165, 0x2104, 0x10A2, 0x0840, 0x0020, 0x0000,
  0x2944, 0x10A2, 0x0861, 0x10A2, 0x0861, 0x18C2, 0x0841, 0x0020, 0x0000, 0x18C2, 0x2924, 0x0841, 0x1082, 0x0861, 0x0841, 0x0000,
  0x0020, 0x0020, 0x0000, 0x0000, 0x0000, 0x0020, 0x0820, 0x1020, 0x0820, 0x0820, 0x0000, 0x0000, 0x0000, 0x0000, 0x0000, 0x0020,
  0x0861, 0x10A2, 0x1061, 0x0840, 0x0000, 0x0841, 0x10A2, 0x1061, 0x0861, 0x0861, 0x0000, 0x0840, 0x0840, 0x0000, 0x0000, 0x0000,
  0x3900, 0x4920, 0x4920, 0x7222, 0x9B24, 0xDCA7, 0xFF12, 0xE4E7, 0x1840, 0x2080, 0x0800, 0x0000, 0x0000, 0x0000, 0x0000, 0x0000,
  0x0000, 0x1040, 0x0800, 0x0000, 0x0000, 0x0000, 0x0000, 0x0000, 0x0000, 0x0020, 0x0000, 0x0000, 0x0020, 0x0861, 0x10A2, 0x1082,
  0x18E3, 0x10A2, 0x10A2, 0x4228, 0x2965, 0x18C2, 0x1081, 0x18C2, 0x0840, 0x0020, 0x0000, 0x0000, 0x0000, 0x0841, 0x0840, 0x2945,
  0x5ACB, 0x738D, 0x736D, 0xAD54, 0x31A6, 0x7BCF, 0xDEDB, 0xAD75, 0x3185, 0x18C3, 0x3186, 0x52AA, 0x7BCF, 0x632C, 0x7BCE, 0x738D,
  0x1082, 0x0841, 0x738E, 0x840F, 0x41E6, 0x2944, 0x4A06, 0x0861, 0x39A5, 0x3165, 0x39C6, 0x3185, 0x1081, 0x5248, 0x31A6, 0x18C3,
  0x18C2, 0x3143, 0x0020, 0x0000, 0x4228, 0x5269, 0x0861, 0x0020, 0x0000, 0x0040, 0x0020, 0x0000, 0x0841, 0x10A2, 0x0020, 0x0861,
  0x0861, 0x0020, 0x0000, 0x0000, 0x0000, 0x0820, 0x0000, 0x0000, 0x0840, 0x1040, 0x0820, 0x0000, 0x0000, 0x0000, 0x0000, 0x0000,
  0x0000, 0x0020, 0x0841, 0x0841, 0x0861, 0x10A2, 0x10A2, 0x0861, 0x0840, 0x0020, 0x0841, 0x0020, 0x0840, 0x0820, 0x0820, 0x1060,
  0x0820, 0x0820, 0x0000, 0x1880, 0x5961, 0x4100, 0x61A1, 0x9B04, 0xD446, 0xFEF1, 0xED8A, 0x1860, 0x28A0, 0x0820, 0x0000, 0x0000,
  0x0000, 0x0000, 0x0000, 0x0000, 0x1040, 0x0820, 0x0000, 0x0000, 0x0000, 0x0000, 0x0000, 0x0020, 0x0841, 0x0841, 0x2104, 0x0861,
  0x0020, 0x0020, 0x0861, 0x0020, 0x0861, 0x0841, 0x0861, 0x2104, 0x2103, 0x10A2, 0x0861, 0x0861, 0x0020, 0x0000, 0x0000, 0x0000,
  0x18C3, 0x31A6, 0x1082, 0x3186, 0x62C9, 0x8BEE, 0x630C, 0x62EB, 0x4A69, 0x7BAE, 0x8C71, 0x7BAE, 0x18E3, 0x4A49, 0x0861, 0x2944,
  0x6B4D, 0x632C, 0x2945, 0x39A6, 0x0000, 0x2965, 0x9CD3, 0x8BEE, 0x732A, 0x2965, 0x39A5, 0x10A2, 0x6B0A, 0x5248, 0x2944, 0x2944,
  0x5269, 0x5289, 0x3185, 0x18A2, 0x18A2, 0x1081, 0x0040, 0x0020, 0x2124, 0x4228, 0x18C3, 0x2945, 0x0861, 0x0000, 0x0000, 0x0020,
  0x0020, 0x0020, 0x0020, 0x0020, 0x0020, 0x0020, 0x0000, 0x0000, 0x0820, 0x0820, 0x0820, 0x1860, 0x1040, 0x0000, 0x0000, 0x0000,
  0x0000, 0x0000, 0x0000, 0x0000, 0x0841, 0x1082, 0x18C3, 0x10A2, 0x0861, 0x1082, 0x0861, 0x0841, 0x0840, 0x0020, 0x0000, 0x0020,
  0x0820, 0x0000, 0x0840, 0x0840, 0x0840, 0x0820, 0x0820, 0x5161, 0x4920, 0x5160, 0x7A82, 0xC3E4, 0xFE6F, 0xF64D, 0x30C0, 0x0820,
  0x0000, 0x0000, 0x0000, 0x0000, 0x0000, 0x0000, 0x1020, 0x1020, 0x0000, 0x0000, 0x0000, 0x0000, 0x0000, 0x0000, 0x0841, 0x0861,
  0x18C3, 0x2103, 0x2104, 0x31A6, 0x39A7, 0x0821, 0x0000, 0x0841, 0x1082, 0x18C3, 0x0861, 0x0840, 0x18A2, 0x0840, 0x0000, 0x0000,
  0x0000, 0x0020, 0x18C3, 0x52AA, 0x6B4D, 0x0841, 0x31A6, 0x7BAD, 0x7BEF, 0x4A48, 0x39C6, 0x5289, 0x9C91, 0xBDB6, 0x4A48, 0x3185,
  0x8C30, 0x4228, 0x0861, 0x18C2, 0x10A2, 0x2944, 0x2103, 0x0861, 0x52AA, 0x52AA, 0x4A28, 0x62CA, 0x2944, 0x20E3, 0x5289, 0x6AC9,
  0x5206, 0x1082, 0x2124, 0x39C6, 0x18C2, 0x10A2, 0x20E3, 0x1081, 0x1061, 0x0000, 0x39C7, 0x39E7, 0x0000, 0x18E3, 0x10A2, 0x10A2,
  0x0020, 0x0861, 0x1082, 0x0020, 0x0000, 0x0000, 0x0000, 0x0000, 0x0000, 0x0000, 0x1040, 0x1860, 0x0800, 0x0820, 0x0000, 0x0000,
  0x0000, 0x0000, 0x0000, 0x0020, 0x10A2, 0x0841, 0x0020, 0x2945, 0x2103, 0x10A2, 0x18C3, 0x18A2, 0x1061, 0x1081, 0x0861, 0x0840,
  0x0820, 0x0000, 0x0000, 0x0020, 0x0020, 0x0840, 0x1040, 0x1040, 0x0000, 0x4121, 0x5980, 0x4920, 0x6A01, 0xB363, 0xEDCC, 0xFEF1,
  0x38E0, 0x0820, 0x0000, 0x0000, 0x0000, 0x0000, 0x0000, 0x0000, 0x0820, 0x1040, 0x0000, 0x0000, 0x0000, 0x0000, 0x0000, 0x0020,
  0x0020, 0x0841, 0x1082, 0x18A2, 0x10A2, 0x2104, 0x39A7, 0x39E7, 0x39E7, 0x10A2, 0x2104, 0x0861, 0x0841, 0x0020, 0x0000, 0x0020,
  0x0000, 0x0000, 0x0000, 0x1081, 0x2125, 0x4A49, 0x5AEB, 0x6B6D, 0x1082, 0x10A2, 0x632C, 0x52AA, 0x630B, 0x5289, 0x62EB, 0x736D,
  0x7BAE, 0x39C6, 0x5269, 0xAD54, 0x73AE, 0x20E3, 0x0020, 0x0861, 0x1061, 0x0000, 0x10C3, 0x62EB, 0x6B4C, 0x5248, 0x730A, 0x4A27,
  0x20E3, 0x18C2, 0x0841, 0x1061, 0x2944, 0x41E6, 0x20E3, 0x3964, 0x20E3, 0x2103, 0x10A2, 0x0000, 0x0000, 0x2944, 0x2945, 0x18E3,
  0x18E3, 0x1082, 0x1082, 0x0841, 0x0020, 0x0000, 0x0020, 0x0000, 0x0000, 0x0000, 0x0820, 0x1020, 0x1040, 0x0820, 0x0000, 0x0000,
  0x0000, 0x0000, 0x0000, 0x0000, 0x0020, 0x0841, 0x1082, 0x2124, 0x0841, 0x0861, 0x4A49, 0x2104, 0x1061, 0x2124, 0x10A2, 0x1081,
  0x1081, 0x0020, 0x0820, 0x0820, 0x0020, 0x0000, 0x0000, 0x0840, 0x1880, 0x1060, 0x0000, 0x28C0, 0x69C1, 0x4120, 0x61E1, 0xA323,
  0xE529, 0xFF11, 0x1040, 0x0000, 0x0000, 0x0000, 0x0000, 0x0000, 0x0000, 0x0000, 0x1040, 0x0800, 0x0000, 0x0000, 0x0000, 0x0000,
  0x0000, 0x0000, 0x0841, 0x0841, 0x18C3, 0x1081, 0x2124, 0x2965, 0x0861, 0x2124, 0x2945, 0x2965, 0x4A69, 0x10A2, 0x0020, 0x0000,
  0x0000, 0x0000, 0x0000, 0x0000, 0x0861, 0x2124, 0x4A49, 0x528A, 0x9492, 0x7BCF, 0x0020, 0x2145, 0x2125, 0x2965, 0x5AAA, 0x5AAA,
  0x9470, 0x840F, 0x4207, 0x1081, 0x41E7, 0x8C50, 0x4A48, 0x2103, 0x4A49, 0x39C6, 0x0000, 0x2103, 0x2965, 0x62EB, 0x5268, 0x2924,
  0x3144, 0x3185, 0x2103, 0x2944, 0x10A2, 0x5AAA, 0x41E6, 0x18E3, 0x2944, 0x3144, 0x1081, 0x1061, 0x0861, 0x0000, 0x18A2, 0x39A6,
  0x2103, 0x1081, 0x10A2, 0x0861, 0x0840, 0x0020, 0x0000, 0x0000, 0x0020, 0x0820, 0x1060, 0x1860, 0x0820, 0x0820, 0x0000, 0x0000,
  0x0000, 0x0000, 0x0000, 0x0000, 0x0020, 0x1082, 0x18C2, 0x2124, 0x18C3, 0x0020, 0x0861, 0x0000, 0x2965, 0x2965, 0x20E3, 0x18E3,
  0x0020, 0x18C2, 0x1061, 0x0000, 0x0820, 0x0840, 0x0020, 0x0840, 0x0020, 0x0000, 0x0820, 0x0020, 0x0820, 0x61C1, 0x5160, 0x59A1,
  0x8AC2, 0xDCC7, 0xFF32, 0x1860, 0x0000, 0x0000, 0x0000, 0x0000, 0x0000, 0x0000, 0x0000, 0x1040, 0x0820, 0x0000, 0x0000, 0x0000,
  0x0000, 0x0000, 0x0020, 0x0040, 0x0841, 0x0841, 0x18C3, 0x2104, 0x18A2, 0x2944, 0x18C3, 0x2945, 0x2965, 0x2965, 0x18C3, 0x20E3,
  0x1082, 0x0000, 0x0020, 0x0841, 0x0000, 0x0020, 0x2945, 0x2104, 0x31A6, 0x6B6D, 0x73AE, 0x4A49, 0x0841, 0x2945, 0x4208, 0x18C3,
  0x4A69, 0x5AAA, 0x7B6B, 0x39A5, 0x4A28, 0x39C6, 0x2965, 0x5268, 0x62CA, 0x39E7, 0x840F, 0x5289, 0x18C2, 0x0841, 0x1082, 0x2103,
  0x20E3, 0x5269, 0x3185, 0x39A5, 0x5227, 0x18E3, 0x2103, 0x4A27, 0x2103, 0x3164, 0x1081, 0x0000, 0x20C2, 0x1081, 0x0020, 0x0000,
  0x1081, 0x1082, 0x1081, 0x1081, 0x0020, 0x0000, 0x0000, 0x0000, 0x0000, 0x0820, 0x1860, 0x1040, 0x1860, 0x0820, 0x0000, 0x0000,
  0x0000, 0x0000, 0x0020, 0x0020, 0x0020, 0x10A2, 0x18E3, 0x2924, 0x18E3, 0x2104, 0x10A2, 0x0861, 0x10A2, 0x10A2, 0x0840, 0x18C2,
  0x39A5, 0x2103, 0x0840, 0x0861, 0x0840, 0x0840, 0x0020, 0x0820, 0x0020, 0x0840, 0x0840, 0x0820, 0x0820, 0x0000, 0x4961, 0x5960,
  0x5160, 0x8262, 0xD445, 0xFF12, 0x0000, 0x0000, 0x0000, 0x0000, 0x0000, 0x0000, 0x0000, 0x0820, 0x1020, 0x0000, 0x0000, 0x0000,
  0x0000, 0x0000, 0x0020, 0x0840, 0x0020, 0x10A2, 0x1081, 0x18C3, 0x2944, 0x18E3, 0x2104, 0x10A2, 0x2104, 0x2924, 0x1082, 0x1081,
  0x1081, 0x0840, 0x0000, 0x0020, 0x0020, 0x0841, 0x1082, 0x4228, 0x31A6, 0x18E3, 0x31A6, 0x39C7, 0x3186, 0x10A2, 0x0861, 0x2104,
  0x5ACB, 0x31A6, 0x2944, 0x49E6, 0x5ACA, 0x5269, 0x5269, 0x41C5, 0x7B2A, 0x5A88, 0x3186, 0x5268, 0x2944, 0x20E3, 0x0820, 0x0000,
  0x10A2, 0x2965, 0x5AAA, 0x18E3, 0x2924, 0x5227, 0x0861, 0x3164, 0x18C2, 0x10A2, 0x2103, 0x0861, 0x1082, 0x1061, 0x0840, 0x0020,
  0x0020, 0x0841, 0x0000, 0x0020, 0x0020, 0x0820, 0x0000, 0x0020, 0x0000, 0x2080, 0x2080, 0x0820, 0x0820, 0x0000, 0x0000, 0x0000,
  0x0000, 0x0020, 0x0020, 0x10A2, 0x2124, 0x1082, 0x2103, 0x41E7, 0x20E3, 0x18E3, 0x18C3, 0x1081, 0x18C2, 0x0861, 0x18C2, 0x0020,
  0x2923, 0x2944, 0x0020, 0x1081, 0x1081, 0x0020, 0x0820, 0x0820, 0x0020, 0x0020, 0x1040, 0x0840, 0x1880, 0x0000, 0x28C1, 0x61A1,
  0x4100, 0x7201, 0xBBA3, 0xFED1, 0x0000, 0x0000, 0x0000, 0x0000, 0x0000, 0x0000, 0x0000, 0x0820, 0x1020, 0x0000, 0x0000, 0x0000,
  0x0000, 0x0000, 0x0000, 0x0020, 0x0841, 0x0020, 0x0861, 0x1082, 0x0861, 0x1082, 0x2944, 0x2124, 0x2104, 0x2104, 0x0861, 0x0020,
  0x0861, 0x0020, 0x0000, 0x0000, 0x0000, 0x0861, 0x2965, 0x2965, 0x2944, 0x2965, 0x4A49, 0x4A49, 0x528A, 0x39C7, 0x0841, 0x1082,
  0x18E3, 0x39A6, 0x39E7, 0x1082, 0x2944, 0x18C3, 0x39C6, 0x0861, 0x3143, 0x4207, 0x2144, 0x2924, 0x41A5, 0x18C3, 0x18C2, 0x0020,
  0x0020, 0x0000, 0x18E3, 0x3185, 0x1082, 0x3144, 0x2924, 0x0881, 0x6288, 0x41A5, 0x0020, 0x0861, 0x0840, 0x0020, 0x0000, 0x0000,
  0x0000, 0x0820, 0x0820, 0x0000, 0x0020, 0x0820, 0x1040, 0x0820, 0x0820, 0x0000, 0x0000, 0x0000, 0x0000, 0x0000, 0x0000, 0x0000,
  0x0020, 0x0020, 0x18C3, 0x2104, 0x18C3, 0x0841, 0x4208, 0x4228, 0x20E3, 0x31A6, 0x1082, 0x1082, 0x18E3, 0x18C2, 0x0841, 0x1081,
  0x0840, 0x0841, 0x1081, 0x0840, 0x1061, 0x20E2, 0x0840, 0x0000, 0x0020, 0x0000, 0x0840, 0x1040, 0x1040, 0x0820, 0x1040, 0x7201,
  0x40E0, 0x61C1, 0xAB22, 0xEDCD, 0x0000, 0x0000, 0x0000, 0x0000, 0x0000, 0x0000, 0x0000, 0x1020, 0x0000, 0x0000, 0x0000, 0x0000,
  0x0000, 0x0000, 0x0000, 0x0020, 0x0020, 0x0841, 0x0861, 0x1082, 0x1082, 0x1081, 0x2924, 0x2124, 0x18E3, 0x2103, 0x2104, 0x10A2,
  0x0020, 0x0000, 0x0000, 0x0000, 0x0020, 0x1082, 0x2104, 0x39C7, 0x10A2, 0x39C7, 0x39C7, 0x2966, 0x4228, 0x39E7, 0x2124, 0x2124,
  0x5268, 0x2923, 0x2103, 0x4A48, 0x31A6, 0x39C6, 0x2923, 0x5A68, 0x4A06, 0x39C6, 0x3185, 0x2924, 0x3165, 0x1082, 0x0841, 0x0000,
  0x0861, 0x0020, 0x1082, 0x10A2, 0x0020, 0x18C2, 0x18C2, 0x20E3, 0x2103, 0x0841, 0x0000, 0x0020, 0x0000, 0x0020, 0x0020, 0x0000,
  0x0000, 0x0820, 0x0020, 0x0820, 0x0820, 0x0820, 0x0820, 0x0000, 0x0000, 0x0000, 0x0000, 0x0000, 0x0000, 0x0000, 0x0841, 0x0861,
  0x10A2, 0x18E3, 0x1082, 0x1081, 0x1082, 0x0000, 0x2124, 0x39C7, 0x39A6, 0x2965, 0x10A2, 0x2924, 0x1081, 0x1081, 0x0861, 0x0020,
  0x0020, 0x0000, 0x0840, 0x0820, 0x0020, 0x0820, 0x0020, 0x0000, 0x0000, 0x0020, 0x1040, 0x1860, 0x1040, 0x0000, 0x61C1, 0x5160,
  0x5181, 0xA302, 0xE56B, 0x0000, 0x0000, 0x0000, 0x0000, 0x0000, 0x0000, 0x0000, 0x1020, 0x0800, 0x0000, 0x0000, 0x0000, 0x0000,
  0x0000, 0x0820, 0x0020, 0x0020, 0x0861, 0x20E3, 0x10A2, 0x10A2, 0x18E3, 0x18C3, 0x2124, 0x2104, 0x10A2, 0x0861, 0x0861, 0x0840,
  0x0000, 0x0000, 0x0000, 0x0020, 0x1082, 0x1082, 0x18C3, 0x39C7, 0x31A6, 0x18C2, 0x3185, 0x31A6, 0x0861, 0x3186, 0x10A2, 0x18E3,
  0x4A48, 0x4207, 0x4207, 0x2124, 0x39A6, 0x736D, 0x5A89, 0x41E6, 0x3984, 0x41E6, 0x3186, 0x2103, 0x10A2, 0x0841, 0x0000, 0x20E3,
  0x7BEF, 0x39C7, 0x0020, 0x0020, 0x0841, 0x1082, 0x10A2, 0x0840, 0x0020, 0x0020, 0x0000, 0x0000, 0x0000, 0x0820, 0x1020, 0x0000,
  0x1040, 0x20A0, 0x1860, 0x0820, 0x0000, 0x0000, 0x0000, 0x0000, 0x0000, 0x0000, 0x0000, 0x0020, 0x0861, 0x0861, 0x18C2, 0x20E3,
  0x2965, 0x2944, 0x2124, 0x0861, 0x0841, 0x0841, 0x0000, 0x18E3, 0x2104, 0x0020, 0x2103, 0x18C3, 0x0840, 0x1061, 0x0841, 0x0020,
  0x0840, 0x0000, 0x0000, 0x0000, 0x0820, 0x0820, 0x0020, 0x0820, 0x0020, 0x1040, 0x1860, 0x1860, 0x0000, 0x4141, 0x69C0, 0x5160,
  0x92A1, 0xDCE8, 0x0000, 0x0000, 0x0000, 0x0000, 0x0000, 0x0000, 0x0820, 0x0800, 0x0000, 0x0000, 0x0000, 0x0000, 0x0000, 0x0000,
  0x0020, 0x0020, 0x0000, 0x0861, 0x1082, 0x2124, 0x18C3, 0x1081, 0x2104, 0x2945, 0x10A2, 0x0841, 0x0861, 0x0861, 0x0820, 0x0020,
  0x0000, 0x0000, 0x3186, 0x2945, 0x0020, 0x18C3, 0x2103, 0x2945, 0x39C7, 0x5269, 0x18C2, 0x31A6, 0x39C7, 0x0840, 0x1082, 0x2965,
  0x39C6, 0x39C6, 0x0861, 0x18E3, 0x39A6, 0x4207, 0x0861, 0x20E3, 0x4A27, 0x3185, 0x10A2, 0x0861, 0x0020, 0x0000, 0x2924, 0x3165,
  0x2124, 0x10A2, 0x0020, 0x0000, 0x0020, 0x0860, 0x0820, 0x0000, 0x0000, 0x0020, 0x0820, 0x0820, 0x1860, 0x1840, 0x1040, 0x1040,
  0x0820, 0x0000, 0x0000, 0x0000, 0x0000, 0x0000, 0x0000, 0x0020, 0x18A2, 0x2965, 0x2965, 0x2944, 0x2103, 0x0020, 0x31A6, 0x41E7,
  0x10A2, 0x2124, 0x1082, 0x0020, 0x0861, 0x0000, 0x18C2, 0x2103, 0x0841, 0x0020, 0x0841, 0x1082, 0x0861, 0x0020, 0x0020, 0x0000,
  0x0000, 0x0020, 0x0000, 0x0000, 0x0000, 0x0820, 0x0820, 0x0820, 0x1860, 0x2080, 0x0000, 0x28C0, 0x61A1, 0x4940, 0x9281, 0xCC67,
  0x0000, 0x0000, 0x0000, 0x0000, 0x0000, 0x0820, 0x0800, 0x0000, 0x0000, 0x0000, 0x0000, 0x0000, 0x0000, 0x0000, 0x0000, 0x0020,
  0x0861, 0x0861, 0x0861, 0x10A2, 0x18E3, 0x1081, 0x1082, 0x0861, 0x0861, 0x18A2, 0x0840, 0x0840, 0x0000, 0x0000, 0x0000, 0x10A2,
  0x39C7, 0x4228, 0x0020, 0x2945, 0x18C3, 0x0841, 0x2104, 0x734C, 0x4A28, 0x5269, 0x4208, 0x10A2, 0x1082, 0x41E7, 0x39A5, 0x39A6,
  0x1082, 0x0841, 0x2944, 0x18C3, 0x2944, 0x3165, 0x20E3, 0x10A2, 0x1082, 0x10A2, 0x0000, 0x0000, 0x2104, 0x1081, 0x1061, 0x1061,
  0x0820, 0x0000, 0x0000, 0x0840, 0x1040, 0x0820, 0x1040, 0x1860, 0x2060, 0x1860, 0x1020, 0x0000, 0x0000, 0x0000, 0x0000, 0x0000,
  0x0000, 0x0000, 0x0000, 0x0020, 0x10A2, 0x1082, 0x52AA, 0x8410, 0x2124, 0x31A6, 0x2124, 0x0021, 0x5A89, 0x3185, 0x10A2, 0x3185,
  0x1082, 0x0861, 0x18E3, 0x1082, 0x0020, 0x0020, 0x0841, 0x0841, 0x1081, 0x20E3, 0x0840, 0x0840, 0x0020, 0x0000, 0x0020, 0x0861,
  0x0020, 0x0820, 0x0820, 0x0000, 0x0820, 0x1040, 0x30C1, 0x1040, 0x1060, 0x61A1, 0x4100, 0x7200, 0xD446, 0x0000, 0x0000, 0x0000,
  0x0000, 0x0000, 0x0820, 0x0800, 0x0000, 0x0000, 0x0000, 0x0000, 0x0000, 0x0000, 0x0000, 0x0000, 0x0000, 0x0841, 0x10A2, 0x1082,
  0x0841, 0x0841, 0x0861, 0x1081, 0x0861, 0x0840, 0x20E2, 0x0861, 0x0020, 0x0000, 0x0000, 0x0000, 0x0841, 0x2945, 0x2965, 0x39A6,
  0x18C3, 0x10A2, 0x2924, 0x2103, 0x2104, 0x2104, 0x2124, 0x3185, 0x31A6, 0x1082, 0x0840, 0x18C3, 0x18E3, 0x2924, 0x2124, 0x18E3,
  0x18C3, 0x3144, 0x39A5, 0x2964, 0x1082, 0x0861, 0x0020, 0x0020, 0x0000, 0x0840, 0x0820, 0x1061, 0x0840, 0x0020, 0x0000, 0x0000,
  0x0820, 0x1020, 0x2080, 0x1860, 0x0820, 0x0820, 0x0820, 0x0020, 0x0000, 0x0000, 0x0000, 0x0000, 0x0000, 0x0020, 0x0020, 0x10A2,
  0x10A2, 0x0840, 0x18C3, 0x0861, 0x18C3, 0x3186, 0x3185, 0x3165, 0x18E3, 0x0841, 0x2944, 0x1082, 0x10A2, 0x10A2, 0x0881, 0x2103,
  0x2104, 0x10A2, 0x0861, 0x0861, 0x0020, 0x0820, 0x0840, 0x0861, 0x0840, 0x0840, 0x0020, 0x0000, 0x0000, 0x0020, 0x0020, 0x0840,
  0x0820, 0x0820, 0x1040, 0x20A0, 0x0820, 0x0820, 0x61A1, 0x4940, 0x69E1, 0xC3C4, 0x0000, 0x0000, 0x0000, 0x0000, 0x0820, 0x0800,
  0x0000, 0x0000, 0x0000, 0x0000, 0x0000, 0x0000, 0x0000, 0x0000, 0x0000, 0x0020, 0x0020, 0x0000, 0x0841, 0x1082, 0x0841, 0x10A2,
  0x1061, 0x0020, 0x0820, 0x0841, 0x0840, 0x0020, 0x0000, 0x0000, 0x0020, 0x1081, 0x18C3, 0x2965, 0x39E7, 0x1061, 0x0840, 0x2103,
  0x2965, 0x39E7, 0x18C3, 0x18E3, 0x4A48, 0x39A6, 0x0841, 0x0000, 0x1081, 0x2103, 0x2924, 0x5A88, 0x41C5, 0x18C2, 0x1081, 0x1061,
  0x0020, 0x0020, 0x0020, 0x0000, 0x0020, 0x0000, 0x0020, 0x0000, 0x0000, 0x0000, 0x0020, 0x1860, 0x30C1, 0x30C0, 0x1860, 0x1860,
  0x0820, 0x0000, 0x0000, 0x0000, 0x0000, 0x0000, 0x0000, 0x0020, 0x0841, 0x1081, 0x10A2, 0x3186, 0x2924, 0x39A6, 0x1081, 0x2104,
  0x18C3, 0x0820, 0x0861, 0x20E3, 0x2104, 0x0841, 0x1082, 0x2104, 0x41A5, 0x18C2, 0x0841, 0x0861, 0x2124, 0x18C3, 0x0841, 0x0841,
  0x0841, 0x0040, 0x0000, 0x0000, 0x0841, 0x0020, 0x0020, 0x0000, 0x0020, 0x0000, 0x0000, 0x0820, 0x0820, 0x0820, 0x1040, 0x1840,
  0x1040, 0x0000, 0x5181, 0x5161, 0x6A01, 0xBBA4, 0x0000, 0x0000, 0x0000, 0x0820, 0x0800, 0x0000, 0x0000, 0x0000, 0x0000, 0x0000,
  0x0000, 0x0000, 0x0000, 0x0000, 0x0000, 0x0000, 0x0841, 0x0000, 0x0020, 0x1082, 0x0861, 0x0861, 0x1082, 0x1081, 0x0841, 0x0000,
  0x0020, 0x0000, 0x0000, 0x0861, 0x18C3, 0x0861, 0x18C3, 0x2124, 0x2924, 0x10A2, 0x0000, 0x0861, 0x2945, 0x31A6, 0x2124, 0x3186,
  0x3186, 0x2124, 0x0861, 0x0000, 0x1061, 0x0861, 0x10A2, 0x18C2, 0x18C2, 0x1061, 0x0840, 0x0020, 0x0020, 0x0000, 0x0000, 0x0820,
  0x0000, 0x0000, 0x1040, 0x1860, 0x20A0, 0x28A0, 0x30C1, 0x30C1, 0x2080, 0x0820, 0x0000, 0x0000, 0x0000, 0x0000, 0x0000, 0x0000,
  0x0000, 0x18C3, 0x10A2, 0x0861, 0x2965, 0x31A6, 0x52AA, 0x4208, 0x630C, 0x4A28, 0x2103, 0x2124, 0x2103, 0x1061, 0x0840, 0x0020,
  0x1082, 0x0841, 0x2965, 0x4A07, 0x3984, 0x10A2, 0x10A2, 0x0841, 0x2944, 0x1061, 0x0820, 0x0020, 0x0020, 0x0040, 0x0000, 0x0000,
  0x0000, 0x0000, 0x0000, 0x0000, 0x0020, 0x0020, 0x0020, 0x0000, 0x0000, 0x0800, 0x0820, 0x1020, 0x0000, 0x5161, 0x5181, 0x5981,
  0xBB83, 0x0000, 0x0000, 0x0000, 0x0820, 0x0800, 0x0000, 0x0000, 0x0000, 0x0000, 0x0000, 0x0000, 0x0000, 0x0000, 0x0000, 0x0020,
  0x0000, 0x0000, 0x0000, 0x0000, 0x0020, 0x0841, 0x0841, 0x0840, 0x0020, 0x0861, 0x0841, 0x0840, 0x0020, 0x0000, 0x0000, 0x18C3,
  0x2104, 0x18E3, 0x18E3, 0x18E3, 0x2104, 0x1904, 0x10A2, 0x2104, 0x0841, 0x2944, 0x2945, 0x2944, 0x2124, 0x1082, 0x0000, 0x1081,
  0x2944, 0x0841, 0x0020, 0x0841, 0x0841, 0x0020, 0x0000, 0x0020, 0x0020, 0x0000, 0x0000, 0x1040, 0x1860, 0x4121, 0x3901, 0x28C1,
  0x28A1, 0x1040, 0x0000, 0x0000, 0x0000, 0x0000, 0x0000, 0x0000, 0x0000, 0x0020, 0x1082, 0x39C7, 0x2945, 0x4208, 0x2945, 0x18C3,
  0x62EB, 0x738D, 0x39E7, 0x18C2, 0x5AAA, 0x5AA9, 0x39C6, 0x18E2, 0x1082, 0x10A2, 0x0020, 0x0000, 0x0000, 0x0020, 0x18C2, 0x31A6,
  0x18A2, 0x1082, 0x0841, 0x3185, 0x18C2, 0x0020, 0x0841, 0x0020, 0x0840, 0x18C2, 0x0820, 0x0000, 0x0000, 0x0000, 0x0000, 0x0000,
  0x0020, 0x0820, 0x1040, 0x0820, 0x1040, 0x1020, 0x0820, 0x0000, 0x3901, 0x69C1, 0x59A1, 0xAB42, 0x0000, 0x0020, 0x0820, 0x0000,
  0x0000, 0x0000, 0x0000, 0x0000, 0x0000, 0x0000, 0x0000, 0x0000, 0x0020, 0x0840, 0x0020, 0x0861, 0x0861, 0x1082, 0x0020, 0x0000,
  0x0020, 0x0000, 0x0020, 0x0020, 0x0020, 0x0840, 0x0820, 0x0000, 0x0000, 0x0841, 0x1082, 0x0861, 0x3185, 0x2944, 0x1082, 0x18E3,
  0x0841, 0x0841, 0x10A2, 0x18C3, 0x2103, 0x1082, 0x20E3, 0x0861, 0x0861, 0x0000, 0x1082, 0x18C3, 0x0841, 0x0840, 0x0020, 0x0840,
  0x0820, 0x0000, 0x0000, 0x1060, 0x30E1, 0x38E1, 0x1040, 0x3921, 0x3901, 0x1060, 0x0000, 0x0000, 0x0000, 0x0000, 0x0000, 0x0000,
  0x0000, 0x18C3, 0x1061, 0x18E3, 0x2945, 0x18E3, 0x2104, 0x39C7, 0x3186, 0x39E7, 0x9CB2, 0x62EA, 0x738D, 0x5AAA, 0x2124, 0x4A48,
  0x18E3, 0x2965, 0x20E3, 0x2103, 0x0861, 0x0020, 0x0841, 0x0840, 0x0020, 0x20E3, 0x18C3, 0x18C2, 0x0861, 0x0861, 0x2103, 0x0861,
  0x0020, 0x0020, 0x0000, 0x1061, 0x18C2, 0x0840, 0x0000, 0x0000, 0x0000, 0x0020, 0x0020, 0x0020, 0x1060, 0x0820, 0x1020, 0x2080,
  0x1020, 0x0000, 0x30E0, 0x5161, 0x4961, 0xAB63, 0x0820, 0x0820, 0x0000, 0x0000, 0x0000, 0x0000, 0x0000, 0x0000, 0x0000, 0x0000,
  0x0000, 0x0000, 0x0000, 0x0020, 0x0020, 0x10A2, 0x18C2, 0x18C3, 0x2945, 0x1082, 0x0841, 0x0000, 0x0000, 0x0000, 0x0820, 0x0820,
  0x0000, 0x0000, 0x0040, 0x18C3, 0x10A2, 0x1082, 0x2103, 0x20E3, 0x1082, 0x39C6, 0x18C3, 0x0000, 0x18C3, 0x18C3, 0x0861, 0x0840,
  0x0820, 0x0020, 0x0020, 0x0000, 0x0020, 0x0000, 0x0000, 0x0000, 0x0000, 0x1040, 0x28E1, 0x4121, 0x5981, 0x61E3, 0x51A2, 0x1880,
  0x0000, 0x0000, 0x0000, 0x0000, 0x0000, 0x0000, 0x0000, 0x1081, 0x0020, 0x0861, 0x4A48, 0x41E7, 0x39E7, 0x7BCE, 0x736D, 0x4A28,
  0x39E7, 0x0840, 0x1082, 0x630C, 0x9CB2, 0x5289, 0x6B2B, 0x4208, 0x2124, 0x2944, 0x18C2, 0x3185, 0x10A2, 0x20E3, 0x1061, 0x18C3,
  0x1081, 0x1082, 0x0841, 0x1082, 0x18C3, 0x18E3, 0x0840, 0x1081, 0x0000, 0x0020, 0x0000, 0x0020, 0x0020, 0x0841, 0x0861, 0x0020,
  0x0000, 0x0020, 0x0020, 0x0000, 0x0000, 0x0820, 0x0820, 0x1020, 0x1040, 0x1860, 0x0000, 0x30E1, 0x59A1, 0x4120, 0xA323, 0x0840,
  0x0820, 0x0000, 0x0000, 0x0000, 0x0000, 0x0000, 0x0000, 0x0000, 0x0000, 0x0000, 0x0000, 0x0000, 0x0020, 0x0020, 0x0841, 0x18A2,
  0x18C2, 0x0041, 0x10A2, 0x2144, 0x18E3, 0x0861, 0x0020, 0x0000, 0x0000, 0x0000, 0x0000, 0x0000, 0x0841, 0x0861, 0x1082, 0x0861,
  0x10A2, 0x2124, 0x0841, 0x1082, 0x0861, 0x0020, 0x0861, 0x0861, 0x0840, 0x0020, 0x0020, 0x0020, 0x0000, 0x0000, 0x0820, 0x20A0,
  0x3101, 0x4982, 0x51A2, 0x6203, 0x6A44, 0x3921, 0x1880, 0x0800, 0x0000, 0x0000, 0x0000, 0x0000, 0x0000, 0x0841, 0x10A2, 0x0861,
  0x3186, 0x2965, 0x39A6, 0x62EB, 0x5ACA, 0x5ACA, 0x736D, 0x6B4C, 0x6B2B, 0x6B4C, 0x39A6, 0x10A2, 0x0000, 0x4208, 0x4228, 0x2103,
  0x83AD, 0x3186, 0x3185, 0x10A2, 0x18C2, 0x18C2, 0x0861, 0x0861, 0x1081, 0x1082, 0x0881, 0x1081, 0x0841, 0x0000, 0x0020, 0x0020,
  0x0020, 0x0020, 0x0020, 0x0020, 0x0000, 0x0000, 0x0020, 0x0840, 0x0820, 0x0020, 0x0820, 0x0820, 0x0820, 0x0020, 0x0000, 0x0000,
  0x1040, 0x2080, 0x0820, 0x0000, 0x30C1, 0x5181, 0x4140, 0x9AE2, 0x0820, 0x0000, 0x0000, 0x0000, 0x0000, 0x0000, 0x0000, 0x0000,
  0x0000, 0x0000, 0x0000, 0x0000, 0x0000, 0x0000, 0x0000, 0x0861, 0x10A2, 0x0041, 0x0861, 0x0861, 0x18C2, 0x1082, 0x18C3, 0x1082,
  0x0020, 0x0020, 0x0000, 0x0020, 0x0020, 0x1082, 0x0861, 0x0861, 0x0861, 0x1081, 0x0861, 0x0840, 0x0841, 0x0020, 0x0000, 0x0020,
  0x0840, 0x0020, 0x0000, 0x0000, 0x0000, 0x0840, 0x5161, 0x69E2, 0x4121, 0x51A2, 0x4142, 0x1881, 0x0000, 0x0000, 0x0000, 0x0000,
  0x0000, 0x0000, 0x0000, 0x0020, 0x18E3, 0x0020, 0x2104, 0x4208, 0x528A, 0x7BEF, 0x4A49, 0x9491, 0xA4F3, 0x4A48, 0x736D, 0xAD13,
  0x5AAA, 0x4207, 0x31A6, 0x2944, 0x2103, 0x0020, 0x1082, 0x2124, 0x5289, 0x3165, 0x18C3, 0x2103, 0x18E3, 0x1082, 0x0861, 0x18C2,
  0x18C2, 0x0861, 0x18A2, 0x1082, 0x0840, 0x0020, 0x0000, 0x0000, 0x0020, 0x0820, 0x0020, 0x0840, 0x0840, 0x0841, 0x0000, 0x0020,
  0x0820, 0x0020, 0x0841, 0x0840, 0x0020, 0x0820, 0x0820, 0x0820, 0x0000, 0x1020, 0x1040, 0x0000, 0x30E0, 0x59A1, 0x3920, 0x0000,
  0x0000, 0x0000, 0x0000, 0x0000, 0x0000, 0x0800, 0x0000, 0x0000, 0x0000, 0x0000, 0x0000, 0x0000, 0x0000, 0x0020, 0x0020, 0x0020,
  0x0020, 0x0841, 0x0841, 0x10A2, 0x0861, 0x0020, 0x0841, 0x0020, 0x0000, 0x0000, 0x18E3, 0x1082, 0x0841, 0x0861, 0x0841, 0x0841,
  0x0861, 0x0841, 0x0020, 0x0020, 0x0020, 0x0820, 0x0020, 0x0820, 0x1040, 0x2080, 0x3101, 0x4162, 0x51A2, 0x4961, 0x2080, 0x0000,
  0x0000, 0x0000, 0x0000, 0x0000, 0x1061, 0x0020, 0x0841, 0x18C3, 0x20E3, 0x20E3, 0x0861, 0x31A6, 0x2103, 0x1082, 0x39C7, 0x7BCF,
  0x738D, 0x41E7, 0x9CB2, 0x8C70, 0x630B, 0x4207, 0x5A89, 0x4228, 0x18E3, 0x5A89, 0x3165, 0x0840, 0x0861, 0x0841, 0x10A2, 0x18E3,
  0x10A2, 0x18C2, 0x1081, 0x3164, 0x3185, 0x1082, 0x20E3, 0x20E3, 0x18C2, 0x2944, 0x1082, 0x1061, 0x0020, 0x0020, 0x0000, 0x0000,
  0x0020, 0x0020, 0x0820, 0x0020, 0x0000, 0x0020, 0x0820, 0x0820, 0x0020, 0x0820, 0x0020, 0x0000, 0x0840, 0x0820, 0x1040, 0x0820,
  0x0820, 0x0000, 0x30E0, 0x5981, 0x5161, 0x0000, 0x0000, 0x0000, 0x0000, 0x0000, 0x0000, 0x0000, 0x0800, 0x0000, 0x0000, 0x0000,
  0x0000, 0x0000, 0x0020, 0x0000, 0x0020, 0x0020, 0x0020, 0x0000, 0x18C2, 0x2103, 0x0020, 0x0841, 0x0841, 0x0841, 0x0020, 0x0000,
  0x0040, 0x10A2, 0x2124, 0x10A2, 0x0840, 0x0020, 0x0000, 0x0820, 0x0820, 0x0020, 0x0000, 0x0820, 0x0840, 0x2080, 0x4141, 0x4142,
  0x3921, 0x3101, 0x1060, 0x0000, 0x0000, 0x0000, 0x0000, 0x0000, 0x0000, 0x0840, 0x1081, 0x18C2, 0x2944, 0x39C6, 0x528A, 0x528A,
  0x4A28, 0x41E6, 0x2924, 0x1081, 0x0000, 0x1082, 0x39C7, 0x2124, 0x5ACA, 0x7BAE, 0x5ACA, 0x4207, 0x2924, 0x39A6, 0x3165, 0x18C3,
  0x3165, 0x10A2, 0x0861, 0x1082, 0x1082, 0x18E3, 0x0020, 0x0861, 0x1081, 0x0000, 0x4207, 0x3164, 0x0861, 0x20E3, 0x18A2, 0x1082,
  0x0861, 0x0841, 0x1061, 0x0020, 0x0020, 0x0000, 0x0000, 0x0000, 0x0000, 0x0000, 0x0020, 0x0020, 0x0820, 0x0840, 0x0820, 0x0000,
  0x0820, 0x0000, 0x0820, 0x0820, 0x0820, 0x2080, 0x0820, 0x0000, 0x4100, 0x5161, 0x4960, 0x0000, 0x0000, 0x0000, 0x0000, 0x0000,
  0x0000, 0x0820, 0x0800, 0x0000, 0x0000, 0x0000, 0x0000, 0x0000, 0x0841, 0x0841, 0x0000, 0x0020, 0x0020, 0x0000, 0x0861, 0x1081,
  0x0020, 0x0861, 0x0861, 0x0820, 0x0000, 0x0000, 0x0841, 0x0861, 0x0840, 0x0020, 0x0861, 0x0840, 0x0000, 0x0000, 0x0000, 0x0820,
  0x20A0, 0x28C1, 0x28C0, 0x4100, 0x28C0, 0x0840, 0x0000, 0x0000, 0x0000, 0x0000, 0x0820, 0x0840, 0x0020, 0x18E3, 0x4A49, 0x18A2,
  0x39A5, 0x83EE, 0x5ACA, 0x5ACA, 0x7BEF, 0x7BCD, 0x6B4C, 0x83EE, 0x39A6, 0x18E3, 0x1081, 0x0020, 0x10A2, 0x1082, 0x39A6, 0x6B2B,
  0x5248, 0x5A68, 0x62EA, 0x20E3, 0x18A2, 0x39C6, 0x2124, 0x3164, 0x10A2, 0x0841, 0x1061, 0x3165, 0x18C3, 0x0841, 0x18E3, 0x2965,
  0x5248, 0x2924, 0x18C2, 0x1081, 0x0861, 0x18A2, 0x0020, 0x18A2, 0x0000, 0x0020, 0x0020, 0x0840, 0x2103, 0x0861, 0x0000, 0x0000,
  0x0000, 0x0000, 0x0000, 0x0000, 0x0000, 0x0820, 0x0820, 0x0820, 0x0820, 0x0820, 0x2080, 0x1040, 0x0000, 0x4941, 0x61A1, 0x5181,
  0x0000, 0x0000, 0x0000, 0x0000, 0x0800, 0x0800, 0x1040, 0x0000, 0x0000, 0x0000, 0x0000, 0x0000, 0x0000, 0x0000, 0x0861, 0x0861,
  0x0000, 0x0020, 0x0020, 0x0020, 0x0840, 0x0020, 0x0820, 0x0820, 0x0020, 0x0000, 0x0000, 0x0840, 0x0840, 0x0820, 0x0020, 0x0020,
  0x0020, 0x2080, 0x1040, 0x1880, 0x30C1, 0x3921, 0x2080, 0x0820, 0x0000, 0x0000, 0x0000, 0x0000, 0x0000, 0x0020, 0x1081, 0x10A2,
  0x3186, 0x20E3, 0x528A, 0x738E, 0x2104, 0x5AEB, 0xBDD6, 0x736D, 0xA4B1, 0xCE16, 0x62E9, 0x2124, 0x632C, 0x2103, 0x1082, 0x18E3,
  0x0861, 0x0840, 0x0841, 0x10A2, 0x2923, 0x5227, 0x5248, 0x3185, 0x0841, 0x5227, 0x4A07, 0x18C3, 0x2923, 0x18C2, 0x0000, 0x2103,
  0x7BAD, 0x39A6, 0x2965, 0x2985, 0x3186, 0x10A2, 0x1081, 0x0841, 0x0861, 0x18A2, 0x0861, 0x0861, 0x0841, 0x0020, 0x0020, 0x0000,
  0x18E3, 0x18C3, 0x0861, 0x0861, 0x0820, 0x0000, 0x0000, 0x0000, 0x0020, 0x0820, 0x0820, 0x0820, 0x1040, 0x1860, 0x2080, 0x1040,
  0x0820, 0x4941, 0x5161, 0x61C1, 0x0000, 0x0000, 0x0000, 0x0000, 0x0800, 0x0800, 0x0820, 0x1040, 0x0000, 0x0000, 0x0000, 0x0000,
  0x0841, 0x0841, 0x0000, 0x0020, 0x0000, 0x0000, 0x0000, 0x0020, 0x0840, 0x0820, 0x0820, 0x0020, 0x0820, 0x0000, 0x0000, 0x0020,
  0x0020, 0x0000, 0x0000, 0x0820, 0x20A1, 0x30E1, 0x3901, 0x1860, 0x1040, 0x0000, 0x0000, 0x0000, 0x0000, 0x0000, 0x0861, 0x0840,
  0x2104, 0x2944, 0x2924, 0x4A68, 0x3185, 0x6B6D, 0x6B4C, 0x18A2, 0x2924, 0x6B2C, 0x6B6D, 0x39A6, 0x6B4C, 0xA48F, 0xA48F, 0x2103,
  0x6B4C, 0x62EB, 0x18C3, 0x4A48, 0x39A6, 0x10C2, 0x0841, 0x0000, 0x0841, 0x18C3, 0x39C6, 0x41E6, 0x20E3, 0x3985, 0x41C5, 0x3164,
  0x18C2, 0x3164, 0x18E3, 0x0841, 0x39A6, 0x1904, 0x10A2, 0x18C3, 0x20E3, 0x18E3, 0x10A2, 0x10A2, 0x10A2, 0x18C2, 0x18A2, 0x1082,
  0x1082, 0x0040, 0x0820, 0x0000, 0x0000, 0x20E3, 0x0841, 0x0841, 0x1061, 0x0020, 0x0020, 0x0820, 0x0000, 0x0820, 0x0820, 0x1040,
  0x0820, 0x1860, 0x2080, 0x0820, 0x1040, 0x61C1, 0x5961, 0x59A1, 0x0000, 0x0000, 0x0000, 0x0800, 0x0800, 0x0000, 0x1040, 0x0820,
  0x0000, 0x0000, 0x0020, 0x0020, 0x0840, 0x1082, 0x0861, 0x0841, 0x10A2, 0x0020, 0x0000, 0x0000, 0x0020, 0x0020, 0x0820, 0x0020,
  0x0000, 0x0000, 0x0000, 0x0000, 0x0820, 0x1040, 0x2080, 0x28A0, 0x2080, 0x1040, 0x0000, 0x0000, 0x0000, 0x0000, 0x0020, 0x0840,
  0x0861, 0x0020, 0x2965, 0x2965, 0x630B, 0x4207, 0x630B, 0x73AD, 0x5AEB, 0x83EF, 0x7B8D, 0x1081, 0x39A6, 0x5AAA, 0x39E7, 0x39E7,
  0x41E6, 0x5267, 0x41E6, 0x3185, 0x83EE, 0x4A48, 0x3165, 0x5AA9, 0x2104, 0x2103, 0x0841, 0x0861, 0x0841, 0x0841, 0x10A2, 0x1081,
  0x2103, 0x4A27, 0x20E3, 0x39C6, 0x18A2, 0x18A2, 0x0020, 0x0020, 0x2965, 0x2124, 0x1082, 0x1081, 0x18A2, 0x2104, 0x0020, 0x1081,
  0x18C2, 0x0820, 0x0841, 0x0841, 0x0820, 0x0840, 0x0840, 0x0000, 0x1061, 0x0841, 0x0820, 0x0840, 0x0020, 0x0020, 0x0820, 0x0840,
  0x0000, 0x0000, 0x0020, 0x0820, 0x0820, 0x1020, 0x0000, 0x1860, 0x61A1, 0x5981, 0x0000, 0x0000, 0x0000, 0x0820, 0x0800, 0x0820,
  0x1860, 0x0000, 0x0000, 0x0000, 0x0020, 0x0020, 0x0020, 0x0861, 0x1082, 0x0841, 0x0861, 0x1081, 0x0841, 0x0040, 0x0000, 0x0000,
  0x0000, 0x0000, 0x0000, 0x0000, 0x0820, 0x1880, 0x2080, 0x2080, 0x1040, 0x0000, 0x0000, 0x0000, 0x0020, 0x0000, 0x0000, 0x0861,
  0x1082, 0x1082, 0x10A2, 0x0841, 0x18E3, 0x3165, 0x31A6, 0x4208, 0x6B4C, 0x736D, 0x4A48, 0x630B, 0x2965, 0x0020, 0x18C3, 0x39E7,
  0x3185, 0x0861, 0x2944, 0x39A5, 0x41C6, 0x4A47, 0x39A6, 0x5248, 0x41C6, 0x3165, 0x18A2, 0x18C2, 0x0000, 0x10A2, 0x1082, 0x0841,
  0x0840, 0x0840, 0x10A2, 0x1082, 0x18C2, 0x1081, 0x1082, 0x1061, 0x0000, 0x10A2, 0x31A6, 0x18E3, 0x10A2, 0x18C3, 0x0841, 0x0020,
  0x10A2, 0x0861, 0x0020, 0x0020, 0x0840, 0x0840, 0x0020, 0x0020, 0x0000, 0x0000, 0x1082, 0x0861, 0x0820, 0x0840, 0x0820, 0x0820,
  0x0820, 0x0820, 0x0820, 0x0000, 0x0820, 0x0820, 0x0000, 0x0000, 0x28C0, 0x61A1, 0x4140, 0x0000, 0x0000, 0x0000, 0x0820, 0x0800,
  0x0800, 0x1040, 0x1860, 0x0000, 0x0000, 0x0000, 0x0000, 0x0020, 0x0020, 0x0020, 0x0020, 0x0840, 0x0840, 0x0840, 0x0020, 0x0020,
  0x0020, 0x0000, 0x0000, 0x0000, 0x1040, 0x0020, 0x1060, 0x1860, 0x0000, 0x0000, 0x0000, 0x0000, 0x0020, 0x0000, 0x0840, 0x18E3,
  0x2103, 0x2124, 0x3186, 0x3186, 0x1082, 0x0000, 0x1903, 0x3186, 0x39C6, 0x4A49, 0x31A6, 0x4A48, 0x39E7, 0x4A48, 0x18C2, 0x18A2,
  0x2124, 0x0840, 0x10A2, 0x18C3, 0x6B2B, 0x4A27, 0x2924, 0x20E3, 0x39A5, 0x5268, 0x2924, 0x2103, 0x10A2, 0x0000, 0x0000, 0x0020,
  0x1082, 0x0861, 0x0000, 0x0000, 0x0820, 0x2103, 0x18C2, 0x1061, 0x1061, 0x0861, 0x0020, 0x18E3, 0x2965, 0x10A2, 0x1081, 0x0861,
  0x1081, 0x10A2, 0x0861, 0x0841, 0x0840, 0x0020, 0x0020, 0x0020, 0x0020, 0x0020, 0x0000, 0x0840, 0x0840, 0x0820, 0x0840, 0x0840,
  0x0820, 0x0000, 0x0820, 0x0820, 0x0820, 0x0000, 0x0000, 0x0000, 0x0000, 0x38E0, 0x69C1, 0x0000, 0x0000, 0x0820, 0x0800, 0x0800,
  0x0820, 0x2080, 0x1040, 0x0000, 0x0000, 0x0020, 0x0000, 0x0000, 0x0020, 0x0020, 0x0020, 0x0020, 0x0840, 0x0020, 0x0020, 0x0000,
  0x0000, 0x0000, 0x0820, 0x2080, 0x0820, 0x0000, 0x0000, 0x0000, 0x0000, 0x0000, 0x0000, 0x1082, 0x0841, 0x2103, 0x3984, 0x2104,
  0x2124, 0x2104, 0x4A49, 0x6B6D, 0x39E7, 0x0841, 0x10A2, 0x20E3, 0x3185, 0x62C9, 0x39C6, 0x5269, 0x4207, 0x3165, 0x0840, 0x2924,
  0x630C, 0x4A69, 0x1081, 0x20E3, 0x2944, 0x3985, 0x5227, 0x10A2, 0x18E3, 0x10A2, 0x1082, 0x0861, 0x0861, 0x0000, 0x0861, 0x632C,
  0x4A49, 0x5A89, 0x2124, 0x0861, 0x0020, 0x0841, 0x0861, 0x0840, 0x1061, 0x0020, 0x0840, 0x2104, 0x0861, 0x0861, 0x0861, 0x0861,
  0x1081, 0x0861, 0x0020, 0x0020, 0x0840, 0x0020, 0x0820, 0x0820, 0x0020, 0x0000, 0x0020, 0x0020, 0x0020, 0x0840, 0x0840, 0x0820,
  0x0820, 0x0840, 0x0820, 0x1040, 0x0820, 0x0020, 0x0000, 0x0820, 0x4941, 0x5980, 0x0000, 0x0820, 0x0820, 0x0800, 0x0800, 0x1860,
  0x28A0, 0x0000, 0x0000, 0x0020, 0x0841, 0x0020, 0x0020, 0x0020, 0x0020, 0x0020, 0x0020, 0x0020, 0x0020, 0x0000, 0x0000, 0x0820,
  0x1860, 0x1040, 0x0000, 0x0000, 0x0000, 0x0000, 0x0000, 0x0000, 0x0861, 0x2944, 0x18C3, 0x2124, 0x39C6, 0x20E3, 0x31A6, 0x39C7,
  0x18E3, 0x2124, 0x8410, 0x39C6, 0x0020, 0x1082, 0x0861, 0x18C3, 0x39A6, 0x4227, 0x2944, 0x4207, 0x20E3, 0x1061, 0x62EB, 0x738D,
  0x5289, 0x2124, 0x0861, 0x10A2, 0x2944, 0x2944, 0x18C2, 0x18C2, 0x10A2, 0x18C3, 0x1082, 0x0861, 0x0020, 0x2945, 0x5AEB, 0x4A48,
  0x944F, 0x3165, 0x2103, 0x18C3, 0x1082, 0x0020, 0x0000, 0x0000, 0x0000, 0x0020, 0x1081, 0x0861, 0x0861, 0x0861, 0x1081, 0x1061,
  0x0020, 0x0020, 0x0820, 0x0020, 0x0020, 0x0820, 0x0820, 0x0000, 0x0000, 0x0020, 0x0020, 0x0020, 0x0820, 0x0820, 0x0820, 0x0840,
  0x0840, 0x1040, 0x2080, 0x0820, 0x0000, 0x1060, 0x61A1, 0x61A1, 0x0800, 0x0820, 0x0800, 0x0800, 0x1020, 0x28C0, 0x1860, 0x0000,
  0x0000, 0x0000, 0x0000, 0x0020, 0x0840, 0x0020, 0x0000, 0x0020, 0x0020, 0x0000, 0x0000, 0x0000, 0x1020, 0x1040, 0x0000, 0x0000,
  0x0000, 0x0000, 0x0000, 0x0000, 0x0841, 0x0861, 0x18C2, 0x31A5, 0x0861, 0x4A69, 0x4A28, 0x2124, 0x3165, 0x2945, 0x10A2, 0x528A,
  0x4208, 0x0840, 0x3186, 0x2965, 0x0020, 0x0861, 0x18E3, 0x2945, 0x3165, 0x2103, 0x18E3, 0x2103, 0x5ACA, 0x31A6, 0x2945, 0x10A2,
  0x10A2, 0x18C2, 0x2103, 0x0000, 0x0841, 0x18C2, 0x2965, 0x2103, 0x1081, 0x0020, 0x1082, 0x738E, 0x4A69, 0x4A07, 0x39A6, 0x18E3,
  0x2965, 0x10A2, 0x18C3, 0x0861, 0x0020, 0x0000, 0x0000, 0x0000, 0x0020, 0x0020, 0x0020, 0x0841, 0x0841, 0x0861, 0x0820, 0x0840,
  0x0020, 0x0820, 0x0820, 0x0820, 0x0000, 0x0000, 0x0000, 0x0020, 0x0020, 0x0840, 0x0820, 0x0820, 0x0820, 0x0840, 0x1860, 0x2080,
  0x0820, 0x0000, 0x28A0, 0x5981, 0x0800, 0x0820, 0x0800, 0x0800, 0x0820, 0x28A0, 0x28A0, 0x0800, 0x0000, 0x0000, 0x0020, 0x0020,
  0x0020, 0x0020, 0x0020, 0x0020, 0x0000, 0x0000, 0x0000, 0x0800, 0x0820, 0x0800, 0x0000, 0x0000, 0x0000, 0x0000, 0x0861, 0x0861,
  0x0020, 0x0020, 0x0841, 0x20E3, 0x18C2, 0x10A2, 0x4208, 0x2945, 0x31A6, 0x2924, 0x5247, 0x3165, 0x2965, 0x0840, 0x39E7, 0x630B,
  0x83EF, 0x4208, 0x0840, 0x18A2, 0x2124, 0x2944, 0x18E3, 0x10A2, 0x2924, 0x3165, 0x2945, 0x2124, 0x10A2, 0x2103, 0x31A5, 0x39A4,
  0x18C2, 0x0841, 0x2924, 0x2103, 0x0000, 0x0000, 0x0000, 0x20E3, 0x528A, 0x3185, 0x1082, 0x10C2, 0x18E3, 0x2924, 0x2103, 0x10A2,
  0x0861, 0x0841, 0x0840, 0x0000, 0x0000, 0x0000, 0x0020, 0x0820, 0x1040, 0x0820, 0x0820, 0x0820, 0x0820, 0x0820, 0x0000, 0x0000,
  0x0000, 0x0020, 0x0000, 0x0000, 0x0820, 0x0820, 0x0840, 0x0840, 0x1040, 0x1040, 0x2080, 0x2080, 0x0000, 0x0820, 0x5161, 0x61A1,
  0x0820, 0x0800, 0x0800, 0x0800, 0x1860, 0x38C0, 0x1840, 0x0000, 0x0000, 0x0020, 0x0020, 0x0020, 0x0840, 0x0000, 0x0000, 0x0000,
  0x0000, 0x0000, 0x0820, 0x0820, 0x0000, 0x0000, 0x0000, 0x0020, 0x0841, 0x1082, 0x10A2, 0x10A2, 0x1082, 0x0000, 0x0020, 0x10A2,
  0x18C3, 0x18C3, 0x2104, 0x2104, 0x3186, 0x3186, 0x2903, 0x2944, 0x10A2, 0x0020, 0x39E7, 0x4A48, 0x5AEB, 0x736D, 0x2104, 0x0861,
  0x10A2, 0x0861, 0x0861, 0x0000, 0x41C6, 0x2944, 0x2104, 0x20E3, 0x3185, 0x3185, 0x3185, 0x20E3, 0x2103, 0x1082, 0x0841, 0x0840,
  0x0020, 0x0000, 0x0861, 0x39E7, 0x2944, 0x1082, 0x3164, 0x18C2, 0x10A2, 0x18E3, 0x2104, 0x1082, 0x1082, 0x2944, 0x0861, 0x0841,
  0x0020, 0x0000, 0x0000, 0x0000, 0x1040, 0x0820, 0x0820, 0x0020, 0x0020, 0x0000, 0x0020, 0x0020, 0x0020, 0x0840, 0x0820, 0x0020,
  0x0820, 0x1040, 0x1060, 0x1040, 0x1040, 0x1860, 0x1060, 0x0000, 0x1880, 0x61C1, 0x0820, 0x0800, 0x0800, 0x1040, 0x30C0, 0x2880,
  0x0000, 0x0000, 0x0000, 0x0020, 0x0020, 0x0000, 0x0000, 0x0000, 0x0000, 0x0000, 0x0820, 0x0820, 0x0000, 0x0000, 0x0000, 0x0000,
  0x0841, 0x0841, 0x1082, 0x3165, 0x2944, 0x2124, 0x1082, 0x0841, 0x0000, 0x1082, 0x2103, 0x2103, 0x18C3, 0x18C3, 0x2924, 0x18C3,
  0x18E3, 0x2104, 0x0020, 0x0861, 0x2945, 0x4A69, 0x4228, 0x6B4C, 0x31C7, 0x2945, 0x0020, 0x0020, 0x0841, 0x0020, 0x18A2, 0x18C2,
  0x2923, 0x3985, 0x2103, 0x2103, 0x18E3, 0x1082, 0x10A2, 0x1082, 0x0861, 0x0841, 0x0840, 0x0000, 0x2124, 0x39C6, 0x18E3, 0x0861,
  0x41C5, 0x2923, 0x10A2, 0x1061, 0x0840, 0x20E3, 0x18A2, 0x18E3, 0x1061, 0x0020, 0x0840, 0x0000, 0x0000, 0x0000, 0x0000, 0x0000,
  0x0840, 0x1061, 0x0820, 0x0820, 0x0861, 0x0820, 0x0820, 0x0820, 0x0820, 0x0840, 0x0820, 0x0820, 0x1040, 0x1040, 0x1040, 0x0000,
  0x0000, 0x4121, 0x69C1, 0x0820, 0x0800, 0x0820, 0x1020, 0x30C0, 0x30A0, 0x0820, 0x0000, 0x0000, 0x0020, 0x0000, 0x0000, 0x0000,
  0x0000, 0x0000, 0x0000, 0x0020, 0x0000, 0x0000, 0x0000, 0x0000, 0x0020, 0x0861, 0x18C2, 0x0881, 0x10A2, 0x2104, 0x2104, 0x3165,
  0x31A6, 0x1082, 0x0020, 0x0841, 0x18C3, 0x18E3, 0x1061, 0x0861, 0x3185, 0x2104, 0x2945, 0x18C3, 0x1082, 0x2965, 0x2944, 0x20E3,
  0x2965, 0x4228, 0x62C9, 0x5A89, 0x10A2, 0x0020, 0x0861, 0x0861, 0x10A2, 0x18C2, 0x2103, 0x2944, 0x2103, 0x18C2, 0x10A2, 0x10A2,
  0x0861, 0x1082, 0x18A2, 0x0020, 0x0000, 0x1082, 0x2104, 0x18C3, 0x1082, 0x0841, 0x0861, 0x18C2, 0x0861, 0x1061, 0x0861, 0x1061,
  0x0861, 0x0861, 0x1081, 0x0020, 0x0020, 0x1061, 0x0820, 0x0020, 0x0000, 0x0000, 0x0861, 0x1061, 0x0820, 0x0840, 0x0840, 0x0820,
  0x0820, 0x0840, 0x0820, 0x1040, 0x1040, 0x0820, 0x0000, 0x0000, 0x0000, 0x2080, 0x61A1, 0x0820, 0x0800, 0x0800, 0x2080, 0x30C0,
  0x1840, 0x0000, 0x0000, 0x0000, 0x0000, 0x0000, 0x0000, 0x0000, 0x0000, 0x0000, 0x0000, 0x0000, 0x0000, 0x0000, 0x0000, 0x0861,
  0x2924, 0x3164, 0x10A2, 0x2945, 0x0841, 0x2965, 0x2965, 0x39C6, 0x4A69, 0x2104, 0x0882, 0x0000, 0x0861, 0x18E3, 0x20E3, 0x1082,
  0x3165, 0x18E3, 0x0841, 0x0841, 0x2104, 0x3186, 0x2924, 0x3186, 0x20E3, 0x2103, 0x4A06, 0x3165, 0x18C2, 0x1081, 0x0820, 0x0861,
  0x0841, 0x1881, 0x18A1, 0x0840, 0x0841, 0x0840, 0x0861, 0x1081, 0x1081, 0x1081, 0x1081, 0x0020, 0x0000, 0x1082, 0x18C3, 0x18E3,
  0x20E3, 0x18A2, 0x1081, 0x0861, 0x0841, 0x1061, 0x0841, 0x0840, 0x1061, 0x18C2, 0x0840, 0x0820, 0x0840, 0x1881, 0x0840, 0x0020,
  0x0000, 0x0000, 0x0820, 0x0840, 0x0840, 0x1040, 0x1040, 0x0840, 0x0840, 0x1040, 0x1040, 0x1880, 0x1880, 0x0820, 0x0000, 0x0820,
  0x4941, 0x0820, 0x0820, 0x1840, 0x30C0, 0x2060, 0x0800, 0x0000, 0x0000, 0x0000, 0x0000, 0x0000, 0x0000, 0x0000, 0x0000, 0x0000,
  0x0000, 0x0000, 0x0000, 0x0020, 0x0841, 0x1082, 0x20E3, 0x18A2, 0x18C3, 0x2965, 0x18C3, 0x0861, 0x2944, 0x528A, 0x2124, 0x18E3,
  0x0861, 0x0020, 0x0020, 0x1082, 0x2944, 0x18A2, 0x18C2, 0x18C3, 0x0000, 0x0841, 0x41C5, 0x2944, 0x10A2, 0x2124, 0x3186, 0x20E3,
  0x2944, 0x2103, 0x1082, 0x1081, 0x0000, 0x10A2, 0x0020, 0x0820, 0x1060, 0x1060, 0x1861, 0x0840, 0x1061, 0x1881, 0x1061, 0x20A1,
  0x1040, 0x0000, 0x0820, 0x1082, 0x1081, 0x0861, 0x10A2, 0x1081, 0x10A2, 0x0861, 0x0841, 0x0861, 0x0840, 0x0020, 0x18A2, 0x1061,
  0x0000, 0x0841, 0x1081, 0x0840, 0x0820, 0x0840, 0x0820, 0x0000, 0x0000, 0x0840, 0x1060, 0x1040, 0x1040, 0x1040, 0x1040, 0x1860,
  0x2080, 0x1860, 0x0000, 0x0000, 0x3901, 0x69C1, 0x0820, 0x0820, 0x1040, 0x30C0, 0x2080, 0x0820, 0x0000, 0x0000, 0x0020, 0x0000,
  0x0000, 0x0000, 0x0000, 0x0000, 0x0000, 0x0000, 0x0000, 0x0020, 0x0020, 0x0020, 0x0020, 0x1082, 0x0861, 0x0841, 0x2965, 0x1903,
  0x3165, 0x2104, 0x2104, 0x2104, 0x0861, 0x0020, 0x0020, 0x0861, 0x0841, 0x0000, 0x0841, 0x10A2, 0x1081, 0x0841, 0x0861, 0x3144,
  0x2944, 0x2923, 0x18C3, 0x2124, 0x2103, 0x1061, 0x10A2, 0x18C2, 0x0861, 0x0020, 0x0000, 0x10C3, 0x2945, 0x2124, 0x0882, 0x0000,
  0x0000, 0x0000, 0x1881, 0x20C1, 0x1861, 0x1881, 0x0820, 0x0000, 0x1061, 0x1081, 0x0841, 0x0841, 0x0861, 0x0861, 0x1061, 0x0840,
  0x0840, 0x0840, 0x0841, 0x0841, 0x0841, 0x0020, 0x0020, 0x0841, 0x1061, 0x0840, 0x0820, 0x0820, 0x0840, 0x0820, 0x0000, 0x0000,
  0x1040, 0x1860, 0x1060, 0x1040, 0x1040, 0x1040, 0x0000, 0x0000, 0x20A1, 0x61E2, 0x0820, 0x1020, 0x2080, 0x28A0, 0x1020, 0x0000,
  0x0000, 0x0000, 0x0000, 0x0000, 0x0000, 0x0000, 0x0000, 0x0000, 0x0000, 0x0020, 0x0020, 0x1081, 0x2103, 0x1082, 0x0000, 0x0861,
  0x0861, 0x0841, 0x1082, 0x2104, 0x2103, 0x18E3, 0x18C3, 0x0861, 0x0000, 0x0020, 0x2104, 0x31A6, 0x2924, 0x0861, 0x0000, 0x0840,
  0x1081, 0x1061, 0x1081, 0x18C2, 0x0861, 0x20E3, 0x18E3, 0x2124, 0x18C3, 0x10A2, 0x1061, 0x0841, 0x0020, 0x0000, 0x18C2, 0x6B4C,
  0x632C, 0x6B2C, 0x3185, 0x10A2, 0x10A2, 0x0841, 0x0020, 0x0820, 0x0820, 0x0000, 0x0000, 0x0000, 0x0000, 0x0020, 0x0820, 0x0861,
  0x1081, 0x1881, 0x1081, 0x0841, 0x1061, 0x1061, 0x1061, 0x0841, 0x0020, 0x0020, 0x0840, 0x0840, 0x0840, 0x0840, 0x0820, 0x0840,
  0x0840, 0x0000, 0x0000, 0x0000, 0x0000, 0x0000, 0x0000, 0x0000, 0x0000, 0x0000, 0x1880, 0x59A2, 0x1020, 0x1860, 0x2080, 0x1840,
  0x0800, 0x0000, 0x0000, 0x0000, 0x0000, 0x0000, 0x0000, 0x0000, 0x0000, 0x0000, 0x0000, 0x0021, 0x0841, 0x0841, 0x2924, 0x2945,
  0x18C3, 0x0020, 0x0020, 0x0861, 0x1082, 0x18A2, 0x18A2, 0x1081, 0x0841, 0x0840, 0x0861, 0x2944, 0x31A6, 0x5268, 0x41E7, 0x1904,
  0x0841, 0x0000, 0x0841, 0x1081, 0x18A2, 0x1081, 0x0861, 0x20C2, 0x2903, 0x3144, 0x18A2, 0x10A2, 0x0820, 0x0020, 0x0020, 0x1061,
  0x2124, 0x41E6, 0x3185, 0x3185, 0x1061, 0x5269, 0x4A48, 0x1082, 0x18C2, 0x0840, 0x0000, 0x0000, 0x0000, 0x0020, 0x0000, 0x0000,
  0x0820, 0x1061, 0x20A1, 0x20A1, 0x0840, 0x0820, 0x1061, 0x1881, 0x1061, 0x1081, 0x0840, 0x0820, 0x0840, 0x0820, 0x0840, 0x0840,
  0x1860, 0x1860, 0x1040, 0x0000, 0x0020, 0x0861, 0x0841, 0x0020, 0x0000, 0x0000, 0x1881, 0x59A2, 0x69E2, 0x0820, 0x1040, 0x2080,
  0x1840, 0x0820, 0x0000, 0x0000, 0x0000, 0x0000, 0x0000, 0x0000, 0x0000, 0x0000, 0x0000, 0x0020, 0x0020, 0x1082, 0x10A2, 0x0840,
  0x0861, 0x2124, 0x2124, 0x0000, 0x0020, 0x0861, 0x1061, 0x0840, 0x0841, 0x0020, 0x0000, 0x0861, 0x18E3, 0x2944, 0x31A6, 0x41C6,
  0x39C6, 0x4228, 0x2124, 0x10A2, 0x0020, 0x0020, 0x1081, 0x18A1, 0x0861, 0x0861, 0x1081, 0x1081, 0x1081, 0x1881, 0x0820, 0x0020,
  0x0000, 0x10A2, 0x2924, 0x18E3, 0x20E3, 0x1081, 0x18C2, 0x2945, 0x2124, 0x1082, 0x1082, 0x0861, 0x0000, 0x18E3, 0x3186, 0x18E3,
  0x1081, 0x0000, 0x0000, 0x0820, 0x1060, 0x0840, 0x1040, 0x1060, 0x1040, 0x0840, 0x1060, 0x0840, 0x0840, 0x1040, 0x1060, 0x0840,
  0x1040, 0x1040, 0x2080, 0x28C1, 0x1040, 0x0000, 0x0841, 0x0861, 0x0000, 0x0000, 0x1880, 0x59C2, 0x7A42, 0x1020, 0x1860, 0x1860,
  0x1020, 0x0000, 0x0000, 0x0000, 0x0000, 0x0000, 0x0000, 0x0000, 0x0000, 0x0000, 0x0000, 0x0840, 0x0841, 0x1082, 0x10A2, 0x18C2,
  0x0020, 0x0861, 0x1082, 0x0841, 0x0020, 0x0841, 0x0840, 0x1081, 0x0841, 0x0000, 0x0841, 0x18E3, 0x2924, 0x10A2, 0x10A2, 0x20E3,
  0x2124, 0x3185, 0x39C6, 0x18E3, 0x0861, 0x0000, 0x0020, 0x1081, 0x20C2, 0x18A1, 0x1081, 0x0841, 0x1061, 0x1040, 0x0820, 0x0000,
  0x0861, 0x18E3, 0x18C3, 0x18C2, 0x1061, 0x1082, 0x18C2, 0x18C2, 0x2103, 0x1081, 0x0820, 0x0020, 0x0841, 0x4228, 0x39C6, 0x3144,
  0x1082, 0x0861, 0x1081, 0x0840, 0x0000, 0x0000, 0x1040, 0x1060, 0x1060, 0x0840, 0x1060, 0x0840, 0x0840, 0x1860, 0x1060, 0x1880,
  0x0820, 0x28A1, 0x3901, 0x1040, 0x0020, 0x0020, 0x0000, 0x0000, 0x20A0, 0x51A2, 0x7202, 0x1840, 0x2080, 0x1040, 0x0800, 0x0000,
  0x0000, 0x0000, 0x0000, 0x0000, 0x0000, 0x0000, 0x0000, 0x0861, 0x1081, 0x0020, 0x0841, 0x0841, 0x0881, 0x0861, 0x0841, 0x0020,
  0x1082, 0x18C3, 0x0861, 0x0020, 0x0840, 0x0020, 0x0000, 0x0020, 0x2124, 0x18E3, 0x3144, 0x10A2, 0x18A2, 0x18C2, 0x10A2, 0x18E3,
  0x1082, 0x0841, 0x0000, 0x0020, 0x0000, 0x0020, 0x18A1, 0x1881, 0x1881, 0x1061, 0x0820, 0x1060, 0x1060, 0x0820, 0x18C3, 0x2924,
  0x18A2, 0x0840, 0x0861, 0x1081, 0x1082, 0x1082, 0x1061, 0x0841, 0x0840, 0x0840, 0x18E3, 0x2104, 0x18A2, 0x1081, 0x1081, 0x49C5,
  0x20E2, 0x0861, 0x0840, 0x0000, 0x0000, 0x0020, 0x1880, 0x1880, 0x1860, 0x1860, 0x1880, 0x28C1, 0x20A0, 0x30C1, 0x2080, 0x2080,
  0x1040, 0x0000, 0x0000, 0x0020, 0x28E1, 0x59A2, 0x69E2, 0x61A1, 0x1020, 0x2060, 0x2060, 0x0820, 0x0000, 0x0000, 0x0000, 0x0000,
  0x0000, 0x0000, 0x0000, 0x0020, 0x0020, 0x0861, 0x0861, 0x0861, 0x0861, 0x0841, 0x0861, 0x0020, 0x0020, 0x0020, 0x0841, 0x0861,
  0x0841, 0x0020, 0x0020, 0x0000, 0x0020, 0x10A2, 0x18E3, 0x10A2, 0x0841, 0x0861, 0x1082, 0x2103, 0x18C2, 0x0861, 0x0841, 0x0000,
  0x0020, 0x0861, 0x0861, 0x0840, 0x0020, 0x0020, 0x0820, 0x1881, 0x20A1, 0x1860, 0x0820, 0x1081, 0x10A2, 0x10A2, 0x2103, 0x20C2,
  0x18A2, 0x18A2, 0x1081, 0x0841, 0x1081, 0x0840, 0x0820, 0x0861, 0x18E3, 0x0841, 0x1081, 0x1081, 0x18A1, 0x1881, 0x1061, 0x0861,
  0x0840, 0x0820, 0x0840, 0x0840, 0x1040, 0x1860, 0x1860, 0x30C1, 0x3901, 0x38E1, 0x28A0, 0x2080, 0x1060, 0x0000, 0x0000, 0x0840,
  0x4142, 0x7A23, 0x7201, 0x5960, 0x1040, 0x2080, 0x1840, 0x0800, 0x0000, 0x0000, 0x0000, 0x0000, 0x0000, 0x0000, 0x0020, 0x0841,
  0x0841, 0x0841, 0x0040, 0x0840, 0x0020, 0x0841, 0x0841, 0x0000, 0x0020, 0x0841, 0x0841, 0x0020, 0x0000, 0x0020, 0x0000, 0x0000,
  0x0861, 0x1081, 0x10A2, 0x1061, 0x18C2, 0x2103, 0x1082, 0x18C2, 0x0861, 0x0020, 0x0000, 0x0861, 0x3185, 0x6B4C, 0x4207, 0x2124,
  0x0841, 0x0000, 0x0000, 0x0020, 0x0840, 0x0000, 0x0840, 0x18C2, 0x1081, 0x20C2, 0x1081, 0x18A2, 0x18A1, 0x3123, 0x1881, 0x0840,
  0x1081, 0x1040, 0x0000, 0x0861, 0x1081, 0x0820, 0x0840, 0x1061, 0x18A1, 0x1060, 0x1060, 0x0820, 0x0820, 0x1060, 0x1081, 0x1040,
  0x1040, 0x0000, 0x0000, 0x0000, 0x0820, 0x0020, 0x0000, 0x0000, 0x0000, 0x20A1, 0x4982, 0x6A02, 0x71E1, 0x69A0, 0x1860, 0x2080,
  0x1020, 0x0000, 0x0000, 0x0000, 0x0000, 0x0000, 0x0000, 0x0000, 0x0020, 0x0841, 0x0861, 0x0841, 0x0841, 0x0020, 0x0000, 0x0020,
  0x0020, 0x0020, 0x0000, 0x0020, 0x0020, 0x0000, 0x0020, 0x0000, 0x0020, 0x0000, 0x0020, 0x0841, 0x1081, 0x0840, 0x0841, 0x1081,
  0x18A2, 0x1081, 0x0020, 0x0000, 0x1082, 0x2944, 0x3165, 0x5A47, 0x41C6, 0x3186, 0x18C3, 0x0861, 0x1081, 0x0000, 0x0000, 0x0000,
  0x0861, 0x20C2, 0x20E2, 0x18A1, 0x18A1, 0x1061, 0x18A1, 0x1881, 0x1061, 0x1881, 0x1860, 0x0820, 0x0000, 0x0840, 0x1081, 0x1881,
  0x20C1, 0x18A1, 0x1061, 0x1060, 0x0820, 0x1040, 0x1881, 0x1060, 0x1060, 0x1060, 0x1860, 0x1040, 0x0840, 0x0000, 0x0000, 0x0000,
  0x1040, 0x3942, 0x7223, 0x7A22, 0x69A0, 0x71E1, 0xA365, 0x1840, 0x2060, 0x1860, 0x0800, 0x0000, 0x0000, 0x0000, 0x0000, 0x0020,
  0x0020, 0x0020, 0x0020, 0x0020, 0x0020, 0x0020, 0x0841, 0x0020, 0x0000, 0x0000, 0x0000, 0x0000, 0x0000, 0x0020, 0x0020, 0x0840,
  0x0840, 0x0861, 0x2944, 0x0861, 0x0000, 0x0020, 0x1061, 0x0840, 0x0840, 0x1061, 0x0840, 0x0000, 0x0020, 0x1082, 0x2104, 0x2103,
  0x20E3, 0x18C2, 0x18A2, 0x2103, 0x1082, 0x1082, 0x18E3, 0x1082, 0x0020, 0x0000, 0x0000, 0x0820, 0x30E2, 0x3902, 0x4142, 0x3922,
  0x28C1, 0x20A1, 0x20A1, 0x2081, 0x1060, 0x0820, 0x0841, 0x0820, 0x0840, 0x28C1, 0x4142, 0x28C1, 0x20A1, 0x20A1, 0x1881, 0x20A1,
  0x3101, 0x30E1, 0x2081, 0x1860, 0x1040, 0x0020, 0x0000, 0x1040, 0x3942, 0x59E3, 0x7223, 0x69C1, 0x71E0, 0x9303, 0xCD0A, 0x1840,
  0x2060, 0x1040, 0x0800, 0x0000, 0x0000, 0x0000, 0x0020, 0x0020, 0x0841, 0x0841, 0x0020, 0x0020, 0x0000, 0x0020, 0x0020, 0x0020,
  0x0020, 0x0000, 0x0000, 0x0000, 0x0020, 0x0841, 0x0841, 0x0020, 0x0861, 0x18C3, 0x18C3, 0x2945, 0x1082, 0x0841, 0x0000, 0x0000,
  0x0820, 0x0840, 0x0000, 0x0841, 0x18C2, 0x18A2, 0x18A2, 0x18C2, 0x10A2, 0x1082, 0x1061, 0x1061, 0x18C3, 0x39C6, 0x31A6, 0x18C3,
  0x10A2, 0x0020, 0x0020, 0x0000, 0x0820, 0x2081, 0x28C1, 0x38E1, 0x20A0, 0x1880, 0x0000, 0x0820, 0x1881, 0x1061, 0x0841, 0x18A1,
  0x1081, 0x0840, 0x20A1, 0x1881, 0x30E1, 0x3101, 0x30E1, 0x4122, 0x3101, 0x20A0, 0x0000, 0x0000, 0x0820, 0x2901, 0x59C3, 0x7A43,
  0x7A22, 0x71C0, 0x7A62, 0xAC07, 0xE62E, 0x1040, 0x2060, 0x1020, 0x0800, 0x0000, 0x0000, 0x0020, 0x0020, 0x0020, 0x0020, 0x0020,
  0x0020, 0x0020, 0x0000, 0x0000, 0x0000, 0x0000, 0x0020, 0x0020, 0x0020, 0x0020, 0x0841, 0x0841, 0x0000, 0x0841, 0x1082, 0x1082,
  0x0861, 0x10A2, 0x10A2, 0x18E3, 0x0861, 0x0020, 0x0000, 0x0000, 0x0820, 0x18A2, 0x1081, 0x18E2, 0x1081, 0x18C3, 0x20E3, 0x18C2,
  0x0841, 0x10A2, 0x2124, 0x18C2, 0x0020, 0x1081, 0x18A2, 0x0841, 0x0840, 0x0000, 0x0000, 0x0000, 0x0820, 0x1040, 0x0820, 0x0000,
  0x0000, 0x20A1, 0x4983, 0x4983, 0x3922, 0x4142, 0x30E1, 0x0840, 0x28C1, 0x1060, 0x0820, 0x1040, 0x1040, 0x0820, 0x0000, 0x0840,
  0x20C1, 0x4142, 0x59A1, 0x71E1, 0x7A00, 0x8281, 0xABC6, 0xDDCE, 0xFF76, 0xFFFA, 0x1040, 0x28A0, 0x2060, 0x0820, 0x0000, 0x0020,
  0x0040, 0x0841, 0x0020, 0x0020, 0x0020, 0x0000, 0x0000, 0x0000, 0x0000, 0x0000, 0x0020, 0x0020, 0x0020, 0x0020, 0x0020, 0x0020,
  0x0840, 0x0840, 0x0841, 0x0861, 0x1061, 0x0861, 0x0841, 0x0861, 0x1082, 0x0861, 0x0020, 0x0000, 0x0000, 0x0841, 0x0861, 0x1081,
  0x1061, 0x1061, 0x18A1, 0x18A2, 0x1081, 0x0861, 0x18C3, 0x1081, 0x0840, 0x0840, 0x0840, 0x0020, 0x0820, 0x18A2, 0x2124, 0x10A2,
  0x0861, 0x0020, 0x0000, 0x0000, 0x0020, 0x1040, 0x28C1, 0x4142, 0x3922, 0x30E1, 0x20A1, 0x1881, 0x1060, 0x1060, 0x0000, 0x0000,
  0x0000, 0x1881, 0x3922, 0x4982, 0x5181, 0x69A1, 0x69C0, 0x8262, 0xB406, 0xDDCE, 0xFF55, 0xFFF9, 0xFFFC, 0x1020, 0x38C0, 0x4100,
  0x1020, 0x0000, 0x0000, 0x0020, 0x0841, 0x0020, 0x0000, 0x0000, 0x0000, 0x0000, 0x0020, 0x0840, 0x0861, 0x0841, 0x0841, 0x0020,
  0x0020, 0x0841, 0x0020, 0x0840, 0x0840, 0x0041, 0x0841, 0x0861, 0x0861, 0x0840, 0x0840, 0x0840, 0x0000, 0x0000, 0x18C3, 0x18C2,
  0x0020, 0x0820, 0x1061, 0x18A1, 0x20A1, 0x20A1, 0x1060, 0x0861, 0x1081, 0x1881, 0x1881, 0x1081, 0x0820, 0x0000, 0x0020, 0x2944,
  0x2945, 0x2945, 0x2103, 0x1082, 0x0840, 0x0020, 0x0020, 0x0020, 0x0000, 0x0020, 0x0020, 0x0000, 0x0000, 0x0000, 0x0020, 0x0820,
  0x1060, 0x20C1, 0x3921, 0x5182, 0x61A1, 0x69A0, 0x7A00, 0x92C2, 0xBC48, 0xDDEF, 0xF715, 0xFFFA, 0xFFFC, 0x1020, 0x1040, 0x2080,
  0x1840, 0x0800, 0x0000, 0x0000, 0x0000, 0x0000, 0x0020, 0x0020, 0x0020, 0x0820, 0x0841, 0x0841, 0x0841, 0x0841, 0x0841, 0x0020,
  0x0841, 0x0841, 0x0861, 0x0841, 0x0000, 0x0000, 0x0841, 0x0840, 0x0841, 0x1081, 0x1061, 0x0020, 0x0841, 0x1082, 0x2965, 0x2945,
  0x0841, 0x0000, 0x0000, 0x0840, 0x1061, 0x0840, 0x1061, 0x3122, 0x4143, 0x4983, 0x20C1, 0x1860, 0x0000, 0x1061, 0x18C2, 0x18C2,
  0x18A2, 0x1061, 0x0841, 0x0840, 0x0820, 0x0841, 0x0841, 0x0041, 0x0000, 0x0000, 0x0000, 0x0840, 0x1881, 0x28C1, 0x3901, 0x3901,
  0x5160, 0x6180, 0x69C0, 0x8AA2, 0xABC5, 0xD56B, 0xF6B0, 0xF735, 0xF799, 0xEF9B, 0x0820, 0x0820, 0x0820, 0x1020, 0x1040, 0x1040,
  0x0820, 0x0800, 0x0000, 0x0000, 0x0000, 0x0020, 0x0041, 0x0020, 0x0020, 0x0841, 0x0841, 0x0841, 0x0861, 0x0861, 0x0841, 0x0020,
  0x0841, 0x0861, 0x0020, 0x1061, 0x1040, 0x0840, 0x0820, 0x0000, 0x0020, 0x18A2, 0x2103, 0x18E3, 0x1082, 0x18C2, 0x10A2, 0x0861,
  0x0820, 0x0000, 0x0020, 0x1060, 0x1881, 0x1881, 0x1060, 0x0820, 0x0000, 0x0841, 0x18A2, 0x1881, 0x1881, 0x1081, 0x0820, 0x0000,
  0x0000, 0x0020, 0x0840, 0x1081, 0x20A1, 0x28C1, 0x30E1, 0x4121, 0x5141, 0x5120, 0x5940, 0x69A0, 0x8241, 0xABA4, 0xCCC9, 0xDDEE,
  0xF6F4, 0xF778, 0xFFFC, 0xFFDD, 0x1020, 0x1020, 0x1020, 0x0820, 0x1020, 0x1040, 0x2060, 0x2880, 0x2880, 0x2080, 0x1840, 0x1040,
  0x0820, 0x0820, 0x0020, 0x0020, 0x0020, 0x0020, 0x0041, 0x0841, 0x0841, 0x0041, 0x0861, 0x0861, 0x0020, 0x0861, 0x1061, 0x0840,
  0x0000, 0x0020, 0x0861, 0x1881, 0x1081, 0x0861, 0x0841, 0x1081, 0x1082, 0x0882, 0x0861, 0x0020, 0x0000, 0x0000, 0x0000, 0x0000,
  0x0000, 0x0000, 0x0020, 0x0841, 0x0840, 0x0840, 0x1060, 0x1881, 0x20C1, 0x28E1, 0x3101, 0x3921, 0x4121, 0x4921, 0x4900, 0x5900,
  0x6960, 0x8200, 0xAAE1, 0xB3A3, 0xCCC9, 0xE60F, 0xF6D3, 0xFFD8, 0xFFDB, 0xEF9C, 0x1840, 0x1840, 0x1840, 0x1040, 0x1040, 0x1020,
  0x1040, 0x1040, 0x1840, 0x2060, 0x2060, 0x2080, 0x2060, 0x2060, 0x1860, 0x1860, 0x1860, 0x1860, 0x1060, 0x1060, 0x1060, 0x1040,
  0x0840, 0x0820, 0x0840, 0x0840, 0x0840, 0x0840, 0x0820, 0x0840, 0x1061, 0x1061, 0x0840, 0x0840, 0x0840, 0x1040, 0x1081, 0x1881,
  0x1881, 0x1880, 0x1880, 0x2080, 0x20A0, 0x28C1, 0x30E1, 0x3901, 0x4121, 0x4121, 0x4141, 0x4941, 0x4941, 0x5141, 0x5141, 0x5120,
  0x5920, 0x6140, 0x79A0, 0x8A40, 0xAB42, 0xCC45, 0xDD49, 0xEE2F, 0xFF76, 0xF779, 0xF79C, 0xEF9D, 0xEF7D, 0x2060, 0x2060, 0x1860,
  0x1860, 0x1840, 0x1860, 0x1860, 0x1860, 0x1840, 0x1860, 0x1840, 0x1840, 0x1840, 0x1840, 0x1860, 0x2060, 0x2060, 0x2060, 0x2060,
  0x2080, 0x2080, 0x2060, 0x2080, 0x28A0, 0x30A0, 0x28A0, 0x28A0, 0x30C0, 0x30A0, 0x28A0, 0x30C0, 0x30E0, 0x30E1, 0x30C1, 0x3901,
  0x4921, 0x4941, 0x4941, 0x4121, 0x4100, 0x4100, 0x4101, 0x4100, 0x4100, 0x4900, 0x4900, 0x5100, 0x5100, 0x6120, 0x7160, 0x79C0,
  0x9220, 0xA2C0, 0xAB41, 0xC425, 0xDD2A, 0xE5EE, 0xF6B2, 0xF758, 0xF79A, 0xEF9B, 0xEF9D, 0xFFFF, 0xEF7E, 0x30A0, 0x30A0, 0x30A0,
  0x30A0, 0x30C0, 0x30C0, 0x30A0, 0x30C0, 0x30C0, 0x30A0, 0x28A0, 0x30A0, 0x30A0, 0x30A0, 0x28A0, 0x28A0, 0x28A0, 0x28A0, 0x28A0,
  0x2880, 0x28A0, 0x2880, 0x2880, 0x2880, 0x2880, 0x2880, 0x2880, 0x2880, 0x2880, 0x2880, 0x30A0, 0x30A0, 0x28A0, 0x30A0, 0x38C0,
  0x40E0, 0x40E0, 0x48E0, 0x48E0, 0x5100, 0x5920, 0x6140, 0x7180, 0x81C0, 0x9200, 0xA280, 0xBB61, 0xD403, 0xDC86, 0xE569, 0xF62D,
  0xFEB1, 0xFF34, 0xFF77, 0xF79A, 0xF7BD, 0xF7DE, 0x5140, 0x5160, 0x5960, 0x5960, 0x5960, 0x5120, 0x5120, 0x5140, 0x5140, 0x4920,
  0x4920, 0x5140, 0x5960, 0x5960, 0x5940, 0x5940, 0x5120, 0x5120, 0x5140, 0x5940, 0x5120, 0x5940, 0x6140, 0x6160, 0x6980, 0x71A0,
  0x79C0, 0x79C0, 0x81E0, 0x9A40, 0xA280, 0xAAC1, 0xB321, 0xBB62, 0xCC24, 0xDCA6, 0xE4E8, 0xED6A, 0xF62D, 0xFE91, 0xFF35, 0xFF98,
  0x8200, 0x8200, 0x8A00, 0x9240, 0x9240, 0x9240, 0x9240, 0x9A80, 0xA2A0, 0xA2C0, 0xAAE0, 0xBB41, 0xC382, 0xCBC2, 0xD444, 0xDCC6,
  0xE507,
};
static const uint16_t closed_off[240] = {
  0, 0, 0, 0, 0, 0, 0, 0, 0, 0, 0, 0, 0, 0, 0, 0,
  0, 0, 0, 0, 0, 0, 0, 0, 0, 0, 0, 0, 0, 0, 0, 0,
  0, 0, 0, 0, 0, 0, 0, 0, 0, 0, 0, 0, 0, 0, 0, 0,
  0, 0, 0, 0, 0, 0, 0, 0, 0, 0, 0, 0, 0, 0, 0, 0,
  0, 0, 0, 0, 0, 0, 0, 0, 0, 0, 0, 0, 0, 0, 16, 53,
  100, 154, 216, 285, 361, 443, 528, 617, 710, 807, 907, 1011, 1118, 1229, 1343, 1460,
  1579, 1701, 1826, 1953, 2082, 2212, 2343, 2474, 2606, 2739, 2873, 3007, 3142, 3278, 3414, 3549,
  3684, 3819, 3954, 4089, 4224, 4358, 4492, 4625, 4758, 4891, 5024, 5156, 5288, 5419, 5550, 5680,
  5810, 5939, 6068, 6196, 6324, 6451, 6578, 6704, 6829, 6954, 7078, 7201, 7324, 7446, 7567, 7688,
  7807, 7925, 8043, 8160, 8276, 8392, 8506, 8619, 8731, 8842, 8952, 9060, 9168, 9274, 9379, 9483,
  9585, 9686, 9786, 9884, 9981, 10077, 10171, 10264, 10356, 10446, 10535, 10623, 10709, 10794, 10877, 10957,
  11034, 11108, 11178, 11245, 11309, 11366, 11408, 11425, 11425, 11425, 11425, 11425, 11425, 11425, 11425, 11425,
  11425, 11425, 11425, 11425, 11425, 11425, 11425, 11425, 11425, 11425, 11425, 11425, 11425, 11425, 11425, 11425,
  11425, 11425, 11425, 11425, 11425, 11425, 11425, 11425, 11425, 11425, 11425, 11425, 11425, 11425, 11425, 11425,
  11425, 11425, 11425, 11425, 11425, 11425, 11425, 11425, 11425, 11425, 11425, 11425, 11425, 11425, 11425, 11425,
};
static const uint8_t closed_x0[240] = {
  0, 0, 0, 0, 0, 0, 0, 0, 0, 0, 0, 0, 0, 0, 0, 0, 0, 0, 0, 0, 0, 0, 0, 0,
  0, 0, 0, 0, 0, 0, 0, 0, 0, 0, 0, 0, 0, 0, 0, 0, 0, 0, 0, 0, 0, 0, 0, 0,
  0, 0, 0, 0, 0, 0, 0, 0, 0, 0, 0, 0, 0, 0, 0, 0, 0, 0, 0, 0, 0, 0, 0, 0,
  0, 0, 0, 0, 0, 119, 108, 105, 102, 98, 95, 92, 89, 88, 86, 85, 83, 82, 80, 79, 77, 76, 75, 74,
  73, 72, 72, 71, 70, 69, 69, 68, 67, 66, 66, 65, 64, 63, 63, 62, 61, 60, 60, 59, 59, 58, 58, 57,
  57, 56, 56, 55, 55, 54, 54, 53, 53, 52, 52, 51, 51, 50, 50, 50, 49, 49, 49, 48, 48, 48, 47, 47,
  47, 46, 46, 46, 45, 45, 45, 44, 44, 44, 44, 43, 43, 43, 42, 42, 42, 41, 41, 41, 40, 40, 40, 39,
  39, 39, 38, 38, 38, 38, 38, 38, 38, 38, 38, 38, 38, 43, 54, 0, 0, 0, 0, 0, 0, 0, 0, 0,
  0, 0, 0, 0, 0, 0, 0, 0, 0, 0, 0, 0, 0, 0, 0, 0, 0, 0, 0, 0, 0, 0, 0, 0,
  0, 0, 0, 0, 0, 0, 0, 0, 0, 0, 0, 0, 0, 0, 0, 0, 0, 0, 0, 0, 0, 0, 0, 0,
};
static const uint8_t closed_x1[240] = {
  0, 0, 0, 0, 0, 0, 0, 0, 0, 0, 0, 0, 0, 0, 0, 0, 0, 0, 0, 0, 0, 0, 0, 0,
  0, 0, 0, 0, 0, 0, 0, 0, 0, 0, 0, 0, 0, 0, 0, 0, 0, 0, 0, 0, 0, 0, 0, 0,
  0, 0, 0, 0, 0, 0, 0, 0, 0, 0, 0, 0, 0, 0, 0, 0, 0, 0, 0, 0, 0, 0, 0, 0,
  0, 0, 0, 0, 0, 135, 145, 152, 156, 160, 164, 168, 171, 173, 175, 178, 180, 182, 184, 186, 188, 190, 192, 193,
  195, 197, 199, 200, 200, 200, 200, 200, 200, 200, 200, 200, 200, 199, 198, 197, 196, 195, 195, 194, 193, 192, 191, 190,
  190, 189, 188, 187, 186, 185, 184, 183, 182, 181, 180, 179, 178, 177, 176, 175, 174, 173, 172, 171, 170, 169, 168, 166,
  165, 164, 163, 162, 161, 159, 158, 156, 155, 154, 152, 151, 149, 148, 146, 144, 143, 141, 139, 138, 136, 134, 133, 131,
  129, 128, 126, 124, 123, 121, 118, 115, 112, 108, 105, 102, 95, 85, 71, 0, 0, 0, 0, 0, 0, 0, 0, 0,
  0, 0, 0, 0, 0, 0, 0, 0, 0, 0, 0, 0, 0, 0, 0, 0, 0, 0, 0, 0, 0, 0, 0, 0,
  0, 0, 0, 0, 0, 0, 0, 0, 0, 0, 0, 0, 0, 0, 0, 0, 0, 0, 0, 0, 0, 0, 0, 0,
};
static const int16_t up_start[240] = {
  -1, -1, -1, -1, -1, -1, -1, -1, -1, -1, -1, -1, -1, -1, -1, -1,
  -1, -1, -1, -1, -1, -1, -1, -1, -1, -1, -1, -1, -1, -1, -1, -1,
  -1, -1, -1, -1, -1, -1, 2727, 2676, 2625, 2575, 2524, 2473, 2423, 2372, 2321, 2271,
  2220, 2169, 2128, 2096, 2064, 2032, 2000, 1968, 1936, 1904, 1872, 1840, 1813, 1792, 1771, 1749,
  1728, 1707, 1685, 1664, 1643, 1621, 1600, 1579, 1557, 1536, 1515, 1499, 1488, 1477, 1467, 1456,
  1445, 1435, 1424, 1413, 1403, 1392, 1381, 1371, 1360, 1349, 1342, 1337, 1332, 1327, 1322, 1318,
  1313, 1308, 1303, 1298, 1294, 1289, 1284, 1279, 1274, 1270, 1265, 1260, 1255, 1250, 1248, 1247,
  1246, 1245, 1244, 1244, 1243, 1242, 1241, 1240, 1240, 1239, 1238, 1237, 1236, 1236, 1235, 1234,
  1233, 1232, 1233, 1234, 1236, 1238, 1239, 1241, 1242, 1244, 1246, 1247, 1249, 1250, 1252, 1254,
  1255, 1257, 1258, 1260, 1262, 1263, 1266, 1270, 1274, 1278, 1282, 1286, 1290, 1294, 1298, 1302,
  1306, 1310, 1314, 1318, 1322, 1326, 1330, 1334, 1338, 1342, 1348, 1355, 1363, 1370, 1378, 1385,
  1393, 1400, 1407, 1415, 1422, 1430, 1437, 1445, 1452, 1460, 1469, 1477, 1486, 1494, 1503, 1511,
  1520, 1529, 1537, 1546, 1554, 1563, 1571, 1580, -1, -1, -1, -1, -1, -1, -1, -1,
  -1, -1, -1, -1, -1, -1, -1, -1, -1, -1, -1, -1, -1, -1, -1, -1,
  -1, -1, -1, -1, -1, -1, -1, -1, -1, -1, -1, -1, -1, -1, -1, -1,
};
static const int16_t up_edge[240] = {
  -1, -1, -1, -1, -1, -1, -1, -1, -1, -1, -1, -1, -1, -1, -1, -1,
  -1, -1, -1, -1, -1, -1, -1, -1, -1, -1, -1, -1, -1, -1, -1, -1,
  -1, -1, -1, -1, -1, -1, 2823, 2772, 2721, 2671, 2620, 2569, 2519, 2468, 2417, 2367,
  2316, 2265, 2224, 2192, 2160, 2128, 2096, 2064, 2032, 2000, 1968, 1936, 1909, 1888, 1867, 1845,
  1824, 1803, 1781, 1760, 1739, 1717, 1696, 1675, 1653, 1632, 1611, 1595, 1584, 1573, 1563, 1552,
  1541, 1531, 1520, 1509, 1499, 1488, 1477, 1467, 1456, 1445, 1438, 1433, 1428, 1423, 1418, 1414,
  1409, 1404, 1399, 1394, 1390, 1385, 1380, 1375, 1370, 1366, 1361, 1356, 1351, 1346, 1344, 1343,
  1342, 1341, 1340, 1340, 1339, 1338, 1337, 1336, 1336, 1335, 1334, 1333, 1332, 1332, 1331, 1330,
  1329, 1328, 1329, 1330, 1332, 1334, 1335, 1337, 1338, 1340, 1342, 1343, 1345, 1346, 1348, 1350,
  1351, 1353, 1354, 1356, 1358, 1359, 1362, 1366, 1370, 1374, 1378, 1382, 1386, 1390, 1394, 1398,
  1402, 1406, 1410, 1414, 1418, 1422, 1426, 1430, 1434, 1438, 1444, 1451, 1459, 1466, 1474, 1481,
  1489, 1496, 1503, 1511, 1518, 1526, 1533, 1541, 1548, 1556, 1565, 1573, 1582, 1590, 1599, 1607,
  1616, 1625, 1633, 1642, 1650, 1659, 1667, 1676, -1, -1, -1, -1, -1, -1, -1, -1,
  -1, -1, -1, -1, -1, -1, -1, -1, -1, -1, -1, -1, -1, -1, -1, -1,
  -1, -1, -1, -1, -1, -1, -1, -1, -1, -1, -1, -1, -1, -1, -1, -1,
};
static const int16_t seam[240] = {
  -1, -1, -1, -1, -1, -1, -1, -1, -1, -1, -1, -1, -1, -1, -1, -1,
  -1, -1, -1, -1, -1, -1, -1, -1, -1, -1, -1, -1, -1, -1, -1, -1,
  -1, -1, -1, -1, -1, -1, 2830, 2793, 2757, 2720, 2683, 2647, 2610, 2588, 2580, 2573,
  2565, 2557, 2550, 2542, 2534, 2527, 2519, 2511, 2504, 2496, 2488, 2481, 2473, 2465, 2458, 2450,
  2442, 2435, 2427, 2419, 2412, 2404, 2398, 2394, 2389, 2385, 2381, 2377, 2372, 2368, 2364, 2359,
  2355, 2351, 2347, 2342, 2338, 2334, 2330, 2325, 2321, 2317, 2313, 2308, 2304, 2300, 2295, 2291,
  2287, 2283, 2278, 2274, 2270, 2265, 2260, 2255, 2250, 2246, 2241, 2236, 2231, 2226, 2222, 2217,
  2212, 2207, 2202, 2198, 2193, 2188, 2183, 2178, 2174, 2169, 2164, 2159, 2154, 2150, 2145, 2140,
  2135, 2130, 2126, 2122, 2117, 2113, 2109, 2105, 2100, 2096, 2092, 2087, 2083, 2079, 2075, 2070,
  2066, 2062, 2058, 2053, 2049, 2045, 2041, 2036, 2032, 2028, 2023, 2019, 2015, 2011, 2006, 2002,
  1998, 1995, 1991, 1987, 1984, 1980, 1976, 1973, 1969, 1965, 1962, 1958, 1955, 1951, 1947, 1944,
  1940, 1936, 1933, 1929, 1925, 1922, 1913, 1900, 1887, 1873, 1860, 1847, 1833, 1820, 1807, 1793,
  1780, 1767, 1753, 1740, 1727, 1713, 1700, 1687, -1, -1, -1, -1, -1, -1, -1, -1,
  -1, -1, -1, -1, -1, -1, -1, -1, -1, -1, -1, -1, -1, -1, -1, -1,
  -1, -1, -1, -1, -1, -1, -1, -1, -1, -1, -1, -1, -1, -1, -1, -1,
};
static const int16_t lo_edge[240] = {
  -1, -1, -1, -1, -1, -1, -1, -1, -1, -1, -1, -1, -1, -1, -1, -1,
  -1, -1, -1, -1, -1, -1, -1, -1, -1, -1, -1, -1, -1, -1, -1, -1,
  -1, -1, -1, -1, -1, -1, 2849, 2850, 2852, 2853, 2855, 2856, 2857, 2859, 2860, 2862,
  2863, 2865, 2866, 2868, 2869, 2871, 2872, 2873, 2875, 2876, 2878, 2879, 2880, 2879, 2878, 2877,
  2876, 2876, 2875, 2874, 2873, 2872, 2872, 2871, 2870, 2869, 2868, 2868, 2867, 2866, 2865, 2864,
  2863, 2862, 2860, 2858, 2857, 2855, 2854, 2852, 2850, 2849, 2847, 2846, 2844, 2842, 2841, 2839,
  2838, 2836, 2834, 2833, 2830, 2825, 2820, 2815, 2810, 2806, 2801, 2796, 2791, 2786, 2782, 2777,
  2772, 2767, 2762, 2758, 2753, 2748, 2743, 2738, 2731, 2722, 2712, 2702, 2693, 2683, 2674, 2664,
  2654, 2645, 2635, 2626, 2616, 2606, 2597, 2587, 2578, 2568, 2558, 2549, 2539, 2530, 2520, 2510,
  2501, 2491, 2482, 2472, 2462, 2453, 2442, 2431, 2420, 2409, 2398, 2386, 2375, 2364, 2353, 2342,
  2329, 2315, 2301, 2287, 2274, 2260, 2246, 2232, 2218, 2204, 2190, 2177, 2163, 2149, 2135, 2119,
  2102, 2085, 2068, 2051, 2034, 2017, 2000, 1983, 1966, 1949, 1932, 1915, 1898, 1881, 1862, 1843,
  1824, 1805, 1786, 1766, 1747, 1728, 1709, 1690, -1, -1, -1, -1, -1, -1, -1, -1,
  -1, -1, -1, -1, -1, -1, -1, -1, -1, -1, -1, -1, -1, -1, -1, -1,
  -1, -1, -1, -1, -1, -1, -1, -1, -1, -1, -1, -1, -1, -1, -1, -1,
};
static const int16_t lo_start[240] = {
  -1, -1, -1, -1, -1, -1, -1, -1, -1, -1, -1, -1, -1, -1, -1, -1,
  -1, -1, -1, -1, -1, -1, -1, -1, -1, -1, -1, -1, -1, -1, -1, -1,
  -1, -1, -1, -1, -1, -1, 2897, 2898, 2900, 2901, 2903, 2904, 2905, 2907, 2908, 2910,
  2911, 2913, 2914, 2916, 2917, 2919, 2920, 2921, 2923, 2924, 2926, 2927, 2928, 2927, 2926, 2925,
  2924, 2924, 2923, 2922, 2921, 2920, 2920, 2919, 2918, 2917, 2916, 2916, 2915, 2914, 2913, 2912,
  2911, 2910, 2908, 2906, 2905, 2903, 2902, 2900, 2898, 2897, 2895, 2894, 2892, 2890, 2889, 2887,
  2886, 2884, 2882, 2881, 2878, 2873, 2868, 2863, 2858, 2854, 2849, 2844, 2839, 2834, 2830, 2825,
  2820, 2815, 2810, 2806, 2801, 2796, 2791, 2786, 2779, 2770, 2760, 2750, 2741, 2731, 2722, 2712,
  2702, 2693, 2683, 2674, 2664, 2654, 2645, 2635, 2626, 2616, 2606, 2597, 2587, 2578, 2568, 2558,
  2549, 2539, 2530, 2520, 2510, 2501, 2490, 2479, 2468, 2457, 2446, 2434, 2423, 2412, 2401, 2390,
  2377, 2363, 2349, 2335, 2322, 2308, 2294, 2280, 2266, 2252, 2238, 2225, 2211, 2197, 2183, 2167,
  2150, 2133, 2116, 2099, 2082, 2065, 2048, 2031, 2014, 1997, 1980, 1963, 1946, 1929, 1910, 1891,
  1872, 1853, 1834, 1814, 1795, 1776, 1757, 1738, -1, -1, -1, -1, -1, -1, -1, -1,
  -1, -1, -1, -1, -1, -1, -1, -1, -1, -1, -1, -1, -1, -1, -1, -1,
  -1, -1, -1, -1, -1, -1, -1, -1, -1, -1, -1, -1, -1, -1, -1, -1,
};
static const int16_t eye_top[240] = {
  -1, -1, -1, -1, -1, -1, -1, -1, -1, -1, -1, -1, -1, -1, -1, -1,
  -1, -1, -1, -1, -1, -1, -1, -1, -1, -1, -1, -1, -1, -1, -1, -1,
  -1, -1, -1, -1, -1, -1, 2823, 2772, 2721, 2671, 2620, 2569, 2519, 2468, 2417, 2367,
  2316, 2265, 2224, 2192, 2160, 2128, 2096, 2064, 2032, 2000, 1968, 1936, 1909, 1888, 1867, 1845,
  1824, 1803, 1781, 1760, 1739, 1717, 1696, 1675, 1653, 1632, 1611, 1595, 1584, 1573, 1563, 1552,
  1541, 1531, 1520, 1509, 1499, 1488, 1477, 1467, 1456, 1445, 1438, 1433, 1428, 1423, 1418, 1414,
  1409, 1404, 1399, 1394, 1390, 1385, 1380, 1375, 1370, 1366, 1361, 1356, 1351, 1346, 1344, 1343,
  1342, 1341, 1340, 1340, 1339, 1338, 1337, 1336, 1336, 1335, 1334, 1333, 1332, 1332, 1331, 1330,
  1329, 1328, 1329, 1330, 1332, 1334, 1335, 1337, 1338, 1340, 1342, 1343, 1345, 1346, 1348, 1350,
  1351, 1353, 1354, 1356, 1358, 1359, 1362, 1366, 1370, 1374, 1378, 1382, 1386, 1390, 1394, 1398,
  1402, 1406, 1410, 1414, 1418, 1422, 1426, 1430, 1434, 1438, 1444, 1451, 1459, 1466, 1474, 1481,
  1489, 1496, 1503, 1511, 1518, 1526, 1533, 1541, 1548, 1556, 1565, 1573, 1582, 1590, 1599, 1607,
  1616, 1625, 1633, 1642, 1650, 1659, 1667, 1676, -1, -1, -1, -1, -1, -1, -1, -1,
  -1, -1, -1, -1, -1, -1, -1, -1, -1, -1, -1, -1, -1, -1, -1, -1,
  -1, -1, -1, -1, -1, -1, -1, -1, -1, -1, -1, -1, -1, -1, -1, -1,
};
static const int16_t eye_bot[240] = {
  -1, -1, -1, -1, -1, -1, -1, -1, -1, -1, -1, -1, -1, -1, -1, -1,
  -1, -1, -1, -1, -1, -1, -1, -1, -1, -1, -1, -1, -1, -1, -1, -1,
  -1, -1, -1, -1, -1, -1, 2849, 2850, 2852, 2853, 2855, 2856, 2857, 2859, 2860, 2862,
  2863, 2865, 2866, 2868, 2869, 2871, 2872, 2873, 2875, 2876, 2878, 2879, 2880, 2879, 2878, 2877,
  2876, 2876, 2875, 2874, 2873, 2872, 2872, 2871, 2870, 2869, 2868, 2868, 2867, 2866, 2865, 2864,
  2863, 2862, 2860, 2858, 2857, 2855, 2854, 2852, 2850, 2849, 2847, 2846, 2844, 2842, 2841, 2839,
  2838, 2836, 2834, 2833, 2830, 2825, 2820, 2815, 2810, 2806, 2801, 2796, 2791, 2786, 2782, 2777,
  2772, 2767, 2762, 2758, 2753, 2748, 2743, 2738, 2731, 2722, 2712, 2702, 2693, 2683, 2674, 2664,
  2654, 2645, 2635, 2626, 2616, 2606, 2597, 2587, 2578, 2568, 2558, 2549, 2539, 2530, 2520, 2510,
  2501, 2491, 2482, 2472, 2462, 2453, 2442, 2431, 2420, 2409, 2398, 2386, 2375, 2364, 2353, 2342,
  2329, 2315, 2301, 2287, 2274, 2260, 2246, 2232, 2218, 2204, 2190, 2177, 2163, 2149, 2135, 2119,
  2102, 2085, 2068, 2051, 2034, 2017, 2000, 1983, 1966, 1949, 1932, 1915, 1898, 1881, 1862, 1843,
  1824, 1805, 1786, 1766, 1747, 1728, 1709, 1690, -1, -1, -1, -1, -1, -1, -1, -1,
  -1, -1, -1, -1, -1, -1, -1, -1, -1, -1, -1, -1, -1, -1, -1, -1,
  -1, -1, -1, -1, -1, -1, -1, -1, -1, -1, -1, -1, -1, -1, -1, -1,
};
static const uint16_t iris_tex[32768] = {
  0x1860, 0x4121, 0x5141, 0x5141, 0x5141, 0x5981, 0x71E1, 0x8A62, 0x8242, 0x69C1, 0x7202, 0x7A22, 0x69C2, 0x61A1, 0x69C2, 0x71E2,
  0x69C2, 0x5961, 0x4921, 0x40E0, 0x30A0, 0x30A0, 0x30A0, 0x28A0, 0x1860, 0x2060, 0x30C0, 0x5161, 0x7A02, 0x8222, 0x7A01, 0x71E1,
  0x71C1, 0x71E2, 0x8222, 0x8222, 0x7A02, 0x5961, 0x40E1, 0x38E1, 0x38C1, 0x38C0, 0x30A0, 0x30A0, 0x30A0, 0x38C0, 0x38E0, 0x40E1,
  0x5961, 0x69C2, 0x69E2, 0x4941, 0x1880, 0x1040, 0x2080, 0x20A1, 0x1881, 0x1860, 0x1860, 0x1881, 0x20E1, 0x3122, 0x28E2, 0x1060,
  0x1880, 0x4941, 0x5161, 0x5141, 0x5141, 0x5141, 0x69C1, 0x8A62, 0x8242, 0x61A1, 0x71E2, 0x7A22, 0x69C2, 0x5981, 0x5981, 0x61A2,
  0x6181, 0x5141, 0x38C0, 0x30A0, 0x2860, 0x2060, 0x2060, 0x1840, 0x1840, 0x1840, 0x2060, 0x4101, 0x69C1, 0x7A01, 0x7A01, 0x71E1,
  0x71C1, 0x8242, 0x8A62, 0x71E1, 0x5961, 0x38C0, 0x2880, 0x1860, 0x1860, 0x1860, 0x2060, 0x2880, 0x2860, 0x2060, 0x2880, 0x40E0,
  0x5961, 0x71C2, 0x61A1, 0x30C0, 0x1060, 0x1040, 0x1880, 0x2080, 0x1060, 0x1040, 0x1860, 0x20C1, 0x3122, 0x3943, 0x20C1, 0x0840,
  0x1880, 0x4941, 0x5961, 0x5141, 0x4921, 0x4921, 0x61A1, 0x8263, 0x8242, 0x61A1, 0x7202, 0x7A22, 0x61A1, 0x5141, 0x4941, 0x5141,
  0x5981, 0x5961, 0x30C0, 0x2860, 0x2060, 0x2040, 0x1840, 0x1840, 0x1840, 0x1840, 0x2880, 0x40E0, 0x6181, 0x7A01, 0x8241, 0x7A01,
  0x7A02, 0x92A2, 0x8A62, 0x6181, 0x40E0, 0x2880, 0x2060, 0x1840, 0x1020, 0x1040, 0x2880, 0x30A0, 0x2880, 0x2880, 0x38C0, 0x4900,
  0x5121, 0x5961, 0x5141, 0x38E1, 0x28C0, 0x28C0, 0x28A0, 0x2080, 0x1040, 0x1040, 0x1881, 0x28E2, 0x3963, 0x3943, 0x18A1, 0x0820,
  0x1880, 0x4941, 0x5981, 0x5161, 0x4921, 0x4921, 0x61A1, 0x8A83, 0x8263, 0x69C1, 0x7A02, 0x7A22, 0x6181, 0x4921, 0x3901, 0x4101,
  0x6181, 0x61A1, 0x38C0, 0x2860, 0x2860, 0x2060, 0x2060, 0x2060, 0x2880, 0x30A0, 0x40E0, 0x5120, 0x69A1, 0x8222, 0x8A62, 0x8222,
  0x8242, 0x92A2, 0x8221, 0x5981, 0x4921, 0x3901, 0x30C0, 0x2880, 0x2080, 0x2880, 0x38C0, 0x38E0, 0x38C0, 0x30C0, 0x38C0, 0x4101,
  0x40E0, 0x4921, 0x5981, 0x61C2, 0x61C2, 0x5181, 0x4101, 0x2080, 0x0820, 0x1040, 0x18A1, 0x3122, 0x41A4, 0x3122, 0x1060, 0x0020,
  0x1880, 0x4941, 0x5981, 0x5961, 0x4921, 0x4101, 0x5981, 0x8283, 0x8263, 0x69C2, 0x7A22, 0x7A22, 0x5981, 0x4121, 0x38E1, 0x38E0,
  0x61A1, 0x69C2, 0x38E1, 0x2880, 0x3080, 0x2880, 0x28A0, 0x30C1, 0x38E1, 0x5121, 0x6181, 0x69A1, 0x7202, 0x8A42, 0x8A42, 0x7A22,
  0x7A01, 0x8241, 0x8221, 0x71E1, 0x69C1, 0x61A1, 0x4921, 0x4101, 0x4900, 0x4900, 0x40E0, 0x38C0, 0x30A0, 0x2880, 0x28A0, 0x30C0,
  0x4101, 0x5161, 0x7A43, 0x8AC4, 0x7A43, 0x5981, 0x3901, 0x1860, 0x0840, 0x1060, 0x20C1, 0x3963, 0x41A3, 0x20E1, 0x1040, 0x0820,
  0x1880, 0x4941, 0x5981, 0x5982, 0x4941, 0x4101, 0x5982, 0x8283, 0x8263, 0x69C2, 0x7202, 0x7A22, 0x5981, 0x4941, 0x3901, 0x38C0,
  0x61A2, 0x69E2, 0x4101, 0x30A0, 0x38C0, 0x38C0, 0x38E1, 0x4121, 0x5141, 0x69C1, 0x7A01, 0x7A01, 0x7A22, 0x8242, 0x7A22, 0x71E1,
  0x69C1, 0x79E1, 0x8241, 0x8222, 0x7A22, 0x69C1, 0x5961, 0x5961, 0x6161, 0x5941, 0x4101, 0x30A0, 0x2880, 0x2060, 0x2080, 0x3901,
  0x5982, 0x6A02, 0x82A4, 0x8AE4, 0x59C2, 0x4101, 0x30C0, 0x2080, 0x1860, 0x18A1, 0x20E2, 0x41A4, 0x3943, 0x1880, 0x0840, 0x0820,
  0x1880, 0x4921, 0x5981, 0x59A2, 0x4941, 0x38E1, 0x5161, 0x7A63, 0x7A43, 0x61A1, 0x69E2, 0x7202, 0x5981, 0x5982, 0x4941, 0x38E1,
  0x61A2, 0x69C2, 0x4921, 0x40E1, 0x4901, 0x4901, 0x4921, 0x5961, 0x69A1, 0x8222, 0x8222, 0x7A02, 0x7A22, 0x7A22, 0x7A02, 0x69C1,
  0x69A1, 0x69C1, 0x71E1, 0x69E1, 0x69C1, 0x61A1, 0x5961, 0x5961, 0x5941, 0x5121, 0x4901, 0x38E1, 0x30C0, 0x30A0, 0x30C0, 0x5161,
  0x7223, 0x7A63, 0x7A83, 0x7243, 0x4961, 0x3901, 0x30E1, 0x28A1, 0x20A1, 0x20C1, 0x3123, 0x41A4, 0x2902, 0x1060, 0x0820, 0x0840,
  0x1880, 0x4921, 0x5981, 0x61A2, 0x4941, 0x30E1, 0x4941, 0x6A23, 0x69E2, 0x5961, 0x61A2, 0x69C2, 0x5981, 0x69C2, 0x5982, 0x4921,
  0x61A2, 0x69C2, 0x5182, 0x5141, 0x5141, 0x4921, 0x5141, 0x61A1, 0x71C1, 0x8222, 0x7A02, 0x69C2, 0x7202, 0x8242, 0x7202, 0x69A1,
  0x6181, 0x5960, 0x5961, 0x5981, 0x61A1, 0x69E1, 0x6181, 0x5941, 0x4900, 0x40E0, 0x4101, 0x4101, 0x4101, 0x40E0, 0x4101, 0x5161,
  0x7223, 0x7A63, 0x61E2, 0x5182, 0x4121, 0x38E1, 0x30E1, 0x28C1, 0x3102, 0x2902, 0x3983, 0x41A4, 0x20C1, 0x0840, 0x0840, 0x28E1,
  0x1880, 0x4921, 0x5961, 0x61C2, 0x4962, 0x30C1, 0x4121, 0x59C2, 0x5181, 0x4921, 0x5981, 0x5981, 0x5161, 0x69E2, 0x69C2, 0x5961,
  0x61A2, 0x61E2, 0x61C2, 0x5961, 0x5941, 0x4921, 0x5121, 0x69C1, 0x79E1, 0x7A01, 0x71C1, 0x61A1, 0x69E2, 0x7202, 0x69C1, 0x5961,
  0x5940, 0x5120, 0x5941, 0x6181, 0x69C1, 0x69C1, 0x5981, 0x4901, 0x38C0, 0x30A0, 0x30C0, 0x30C0, 0x38E0, 0x4101, 0x4901, 0x4941,
  0x6A02, 0x61E2, 0x4121, 0x30E1, 0x3901, 0x30E1, 0x28C1, 0x30E1, 0x3942, 0x3963, 0x49E4, 0x3983, 0x1081, 0x0820, 0x18A0, 0x5182,
  0x1880, 0x4921, 0x5981, 0x61C2, 0x4962, 0x30C1, 0x3901, 0x4961, 0x4101, 0x4101, 0x4941, 0x4921, 0x4121, 0x69E2, 0x7202, 0x69C2,
  0x61A2, 0x61C2, 0x69C2, 0x6181, 0x5141, 0x4901, 0x5141, 0x79E1, 0x8201, 0x79E1, 0x69A1, 0x6181, 0x5981, 0x5981, 0x5141, 0x5140,
  0x5940, 0x5940, 0x5961, 0x5961, 0x5161, 0x5141, 0x5161, 0x5141, 0x4900, 0x40E0, 0x30A0, 0x2880, 0x30C0, 0x4901, 0x4921, 0x5961,
  0x69E2, 0x4961, 0x30C0, 0x28A0, 0x30E1, 0x28A1, 0x20A1, 0x3102, 0x3942, 0x41A4, 0x5205, 0x3122, 0x0840, 0x1040, 0x3921, 0x61C2,
  0x20A0, 0x4941, 0x5982, 0x59A2, 0x4962, 0x30C1, 0x30E1, 0x3901, 0x30C0, 0x38C0, 0x4101, 0x38E0, 0x38E1, 0x61C2, 0x7A43, 0x71E2,
  0x5961, 0x5982, 0x69C2, 0x6181, 0x5121, 0x4101, 0x5961, 0x8A42, 0x9262, 0x8201, 0x71A1, 0x6181, 0x4921, 0x38E0, 0x40E0, 0x5120,
  0x6160, 0x6981, 0x5961, 0x5141, 0x38E0, 0x4101, 0x61A2, 0x69E2, 0x61A1, 0x6181, 0x5121, 0x4900, 0x4901, 0x4901, 0x4901, 0x61A2,
  0x69E2, 0x4121, 0x28A0, 0x28A0, 0x28C0, 0x28A1, 0x20A1, 0x3102, 0x3942, 0x49E4, 0x5205, 0x28E1, 0x0840, 0x20C1, 0x5181, 0x61E2,
  0x20A1, 0x5161, 0x5982, 0x59A2, 0x4962, 0x30E1, 0x30E1, 0x30C1, 0x28A0, 0x30A0, 0x38E1, 0x28A0, 0x30C0, 0x61A2, 0x8263, 0x7202,
  0x5141, 0x5161, 0x69A1, 0x6181, 0x4921, 0x4921, 0x69C1, 0x9AC2, 0xA2E2, 0x9262, 0x79E1, 0x6981, 0x4900, 0x38C0, 0x4900, 0x5140,
  0x6981, 0x71E1, 0x69A1, 0x5961, 0x38E0, 0x4101, 0x69E2, 0x7A22, 0x7A01, 0x7A22, 0x7A02, 0x71E1, 0x61A1, 0x4921, 0x4101, 0x59A2,
  0x61E2, 0x4141, 0x28A0, 0x2080, 0x30C1, 0x30E1, 0x30E1, 0x3922, 0x3963, 0x5A45, 0x5205, 0x20C1, 0x1880, 0x4141, 0x59A1, 0x7243,
  0x28C1, 0x5981, 0x5982, 0x5182, 0x4962, 0x3901, 0x30E1, 0x28C1, 0x2080, 0x30A0, 0x30A0, 0x2080, 0x30A0, 0x61A2, 0x8A83, 0x7202,
  0x5141, 0x5961, 0x71C1, 0x69A1, 0x4921, 0x5141, 0x7A02, 0xA303, 0xBB63, 0xAB03, 0x8A62, 0x71C1, 0x5940, 0x4920, 0x5941, 0x69A1,
  0x8221, 0x9282, 0x8A62, 0x71C1, 0x4900, 0x4921, 0x71E2, 0x8242, 0x8242, 0x8A82, 0x92A2, 0x92C3, 0x8A82, 0x69C1, 0x5141, 0x5141,
  0x5161, 0x4101, 0x28A0, 0x28A0, 0x30E1, 0x3921, 0x4142, 0x3922, 0x4183, 0x5A66, 0x41A4, 0x20C1, 0x3921, 0x59C2, 0x6A02, 0x1040,
  0x30E1, 0x61C1, 0x5981, 0x4941, 0x4962, 0x4121, 0x30E1, 0x30C1, 0x28A0, 0x30A0, 0x2880, 0x1860, 0x30C0, 0x69C2, 0x8A83, 0x7A02,
  0x6181, 0x69A1, 0x7A01, 0x71E1, 0x5141, 0x5161, 0x7A22, 0xA303, 0xC3C4, 0xC3E4, 0xAB03, 0x8A42, 0x7A01, 0x71E1, 0x7A01, 0x8A62,
  0xA2E2, 0xB343, 0xAB03, 0x8242, 0x5961, 0x6181, 0x8242, 0x92A3, 0x9282, 0x8A62, 0x9282, 0xA324, 0x9B24, 0x8A82, 0x71E1, 0x5141,
  0x4921, 0x3901, 0x28A0, 0x28A0, 0x3901, 0x4962, 0x4142, 0x3102, 0x41A4, 0x5A45, 0x3143, 0x3101, 0x59C2, 0x4901, 0x4901, 0x2080,
  0x3101, 0x69E2, 0x5161, 0x4121, 0x4962, 0x4942, 0x3901, 0x3901, 0x30C0, 0x30A0, 0x2080, 0x2060, 0x4101, 0x7202, 0x8A83, 0x8222,
  0x71E2, 0x7A02, 0x8242, 0x7A22, 0x5961, 0x5141, 0x71E1, 0x9AC2, 0xC3C4, 0xD465, 0xBBA3, 0xA302, 0xA303, 0x9AC2, 0x9AC2, 0xB343,
  0xBB83, 0xBBA4, 0xAB23, 0x9262, 0x7201, 0x7A22, 0x9AE3, 0xA2E3, 0x8242, 0x8201, 0x8A62, 0x9B03, 0x9AE3, 0x92E3, 0x92A3, 0x7222,
  0x5981, 0x3901, 0x2080, 0x30C0, 0x4941, 0x5182, 0x4142, 0x3122, 0x5205, 0x49E4, 0x28E2, 0x4962, 0x6A22, 0x6141, 0x6161, 0x38C0,
  0x3921, 0x7202, 0x5161, 0x38E1, 0x4962, 0x5162, 0x4122, 0x4121, 0x38E1, 0x30A0, 0x2080, 0x2080, 0x5141, 0x7A02, 0x8A63, 0x9262,
  0x8A42, 0x8A62, 0x8A62, 0x7A22, 0x5981, 0x4921, 0x69A1, 0x8A62, 0xB384, 0xD465, 0xC3C3, 0xB343, 0xB383, 0xAB43, 0xAB22, 0xBB63,
  0xBB83, 0xAB43, 0x9282, 0x8A42, 0x8A62, 0x9283, 0x9AC3, 0x92A3, 0x7A02, 0x71C1, 0x8222, 0x92A2, 0x8262, 0x8A83, 0x9B03, 0x9B03,
  0x7202, 0x3901, 0x28A0, 0x4121, 0x4941, 0x4962, 0x3921, 0x3942, 0x5205, 0x3983, 0x3101, 0x61E2, 0x81E2, 0x7181, 0x5901, 0x30A0,
  0x4141, 0x7222, 0x4941, 0x30C1, 0x4942, 0x5182, 0x4962, 0x4962, 0x4121, 0x38C0, 0x2080, 0x28A0, 0x5981, 0x8222, 0x8A63, 0x9AA3,
  0x9282, 0x9262, 0x8222, 0x71E2, 0x5161, 0x4900, 0x6181, 0x8222, 0xAB23, 0xC3C4, 0xAB43, 0xA303, 0xAB43, 0x9AE2, 0xA2E2, 0xA2E2,
  0xA2C2, 0x9282, 0x79E1, 0x71E1, 0x8242, 0x8A62, 0x8222, 0x8222, 0x7A02, 0x69C1, 0x71E1, 0x8262, 0x8242, 0x8262, 0x9AE3, 0x9AE3,
  0x7A22, 0x5141, 0x4121, 0x4121, 0x3901, 0x4121, 0x3921, 0x4183, 0x49E4, 0x3122, 0x4162, 0x40E1, 0x79E2, 0x9202, 0x7161, 0x48C0,
  0x4961, 0x7A42, 0x4941, 0x30C1, 0x4141, 0x51A2, 0x4962, 0x5982, 0x4941, 0x38E0, 0x2880, 0x30C1, 0x61A2, 0x7A22, 0x8A42, 0xA2C3,
  0x9AA3, 0x8A42, 0x71E2, 0x6181, 0x4921, 0x4100, 0x5961, 0x7A02, 0x9AE3, 0xAB23, 0x9AA2, 0x9282, 0x8A82, 0x7A01, 0x8242, 0x8222,
  0x7A01, 0x71C1, 0x6181, 0x6181, 0x69C2, 0x71E1, 0x71A1, 0x69A1, 0x69C1, 0x69C1, 0x69C1, 0x8242, 0x8A82, 0x8A82, 0x8AA2, 0x8242,
  0x7A22, 0x61C1, 0x5981, 0x5181, 0x4961, 0x4982, 0x3942, 0x41A4, 0x41A4, 0x3122, 0x51C2, 0x38C1, 0x5141, 0x71A1, 0x79C1, 0x6941,
  0x4961, 0x7A42, 0x4941, 0x30C0, 0x4121, 0x5182, 0x5162, 0x59A2, 0x5161, 0x38E1, 0x2880, 0x38C1, 0x61A2, 0x7A02, 0x8222, 0xA2C3,
  0xA2A2, 0x8222, 0x61A1, 0x5141, 0x4101, 0x38C0, 0x5141, 0x7A22, 0x92A3, 0x9AA2, 0x8A62, 0x8221, 0x69C1, 0x6181, 0x61A1, 0x6181,
  0x5981, 0x5141, 0x5141, 0x5961, 0x5981, 0x6181, 0x6161, 0x5141, 0x5141, 0x5981, 0x5981, 0x69C2, 0x7A42, 0x7A42, 0x8A82, 0x8263,
  0x7A42, 0x69E2, 0x69E2, 0x6A22, 0x6A23, 0x59C2, 0x4142, 0x49C4, 0x3983, 0x4162, 0x30C0, 0x40E1, 0x4901, 0x4901, 0x5921, 0x6961,
  0x5182, 0x8262, 0x5181, 0x38E1, 0x4121, 0x5182, 0x5162, 0x59A2, 0x5962, 0x4101, 0x2880, 0x38C1, 0x6181, 0x71E2, 0x8222, 0xA2C3,
  0xA2C2, 0x8202, 0x5961, 0x5141, 0x40E1, 0x28A0, 0x4121, 0x7222, 0x8262, 0x8242, 0x8221, 0x71C1, 0x5141, 0x4921, 0x5121, 0x4921,
  0x4921, 0x38E1, 0x4101, 0x4921, 0x5141, 0x5941, 0x5941, 0x4901, 0x38E0, 0x4921, 0x4100, 0x4101, 0x5161, 0x59A1, 0x8262, 0x8AA3,
  0x7A42, 0x6A02, 0x69E2, 0x6A23, 0x6A23, 0x51A2, 0x4182, 0x49C4, 0x69E2, 0x69E2, 0x6181, 0x5121, 0x4901, 0x40E1, 0x38C0, 0x6141,
  0x51A2, 0x8AA3, 0x61C1, 0x4121, 0x4941, 0x4962, 0x5162, 0x59A2, 0x5961, 0x4101, 0x2880, 0x30C1, 0x5161, 0x69C2, 0x8242, 0xAB03,
  0xAAC2, 0x71E1, 0x4921, 0x4921, 0x4101, 0x2880, 0x4101, 0x69E2, 0x7202, 0x71E1, 0x71E1, 0x69A1, 0x4921, 0x40E0, 0x4901, 0x4101,
  0x38E0, 0x30A0, 0x30C1, 0x38E1, 0x38E1, 0x4901, 0x5121, 0x4101, 0x38E0, 0x4101, 0x38C0, 0x2880, 0x30C0, 0x4100, 0x69E1, 0x8242,
  0x7202, 0x61C2, 0x59A2, 0x59A2, 0x59A2, 0x4162, 0x4162, 0x49C3, 0x4141, 0x5982, 0x71E2, 0x79E2, 0x6181, 0x4901, 0x38C0, 0x48E1,
  0x59C2, 0x92E3, 0x7242, 0x5181, 0x4961, 0x4941, 0x5161, 0x5982, 0x5161, 0x38E1, 0x2880, 0x30A0, 0x5141, 0x71E2, 0x92A3, 0xB323,
  0xAAE3, 0x69A1, 0x38E0, 0x3901, 0x3901, 0x28A0, 0x38E1, 0x61A2, 0x69C2, 0x6181, 0x61A1, 0x69A1, 0x5141, 0x4101, 0x4901, 0x4921,
  0x38E0, 0x30A0, 0x30C1, 0x30C1, 0x28A0, 0x38C0, 0x40E0, 0x38E0, 0x38E0, 0x5141, 0x4921, 0x38C0, 0x4100, 0x5961, 0x7A02, 0x8A62,
  0x69E1, 0x4921, 0x4121, 0x5182, 0x4141, 0x30E1, 0x3942, 0x1040, 0x1860, 0x28A1, 0x4121, 0x61A2, 0x79E2, 0x71C2, 0x6981, 0x5941,
  0x59E2, 0x9B43, 0x8AC3, 0x6A02, 0x59A2, 0x4941, 0x5161, 0x5982, 0x5141, 0x38E1, 0x2880, 0x28A0, 0x5161, 0x8242, 0xA303, 0xB343,
  0xA2E3, 0x5961, 0x28A0, 0x30C1, 0x3901, 0x38E1, 0x38E1, 0x5141, 0x5961, 0x5961, 0x5981, 0x61A2, 0x61A2, 0x5961, 0x5961, 0x5961,
  0x4101, 0x4101, 0x3901, 0x38E1, 0x2880, 0x2880, 0x30A0, 0x30A0, 0x30C0, 0x5161, 0x61A2, 0x61A1, 0x7202, 0x8A82, 0x9AE3, 0x92C2,
  0x59A1, 0x3901, 0x4121, 0x4121, 0x28E1, 0x20C1, 0x0800, 0x0000, 0x0820, 0x1020, 0x2060, 0x38E1, 0x5161, 0x61A2, 0x69A1, 0x71C2,
  0x6202, 0xAB84, 0x9B43, 0x7AA3, 0x61E2, 0x5162, 0x5982, 0x5982, 0x4921, 0x30C0, 0x2080, 0x30C1, 0x61A1, 0x9283, 0xAB03, 0xAB03,
  0x9AC3, 0x5141, 0x1860, 0x2080, 0x30E1, 0x4101, 0x38E1, 0x38E1, 0x4921, 0x5961, 0x5961, 0x5161, 0x61A2, 0x69C2, 0x6182, 0x5982,
  0x4941, 0x5141, 0x4942, 0x38E1, 0x2880, 0x2880, 0x2880, 0x2060, 0x2880, 0x4921, 0x69E2, 0x8262, 0x9AE3, 0xAB43, 0xAB43, 0x7A42,
  0x4941, 0x4121, 0x4121, 0x30C1, 0x20A0, 0x20C1, 0x0820, 0x0000, 0x0000, 0x0800, 0x1020, 0x1860, 0x38E1, 0x4941, 0x40E1, 0x5121,
  0x6222, 0xB3C4, 0xABC4, 0x9323, 0x7242, 0x61A2, 0x69C2, 0x61A2, 0x4901, 0x30A0, 0x2080, 0x38E1, 0x71E2, 0x9AA3, 0x9AC3, 0x92A2,
  0x9283, 0x5141, 0x1860, 0x1040, 0x20A0, 0x3901, 0x38E1, 0x30A0, 0x30C0, 0x4921, 0x4941, 0x38E1, 0x4941, 0x61C2, 0x5981, 0x4941,
  0x4101, 0x4941, 0x4121, 0x30C1, 0x2880, 0x28A0, 0x2880, 0x2060, 0x2080, 0x30C0, 0x5161, 0x7222, 0x92C3, 0x9B03, 0x8262, 0x5981,
  0x3901, 0x4141, 0x3901, 0x2080, 0x20A0, 0x1020, 0x0820, 0x0000, 0x0000, 0x0800, 0x0800, 0x1040, 0x30A0, 0x4941, 0x38E1, 0x2060,
  0x6222, 0xBC04, 0xBC25, 0x9B64, 0x8283, 0x7202, 0x7A22, 0x69C2, 0x4101, 0x28A0, 0x2060, 0x4101, 0x7A02, 0x8A62, 0x8242, 0x7A22,
  0x8242, 0x5161, 0x2060, 0x1020, 0x1860, 0x30C1, 0x30C1, 0x2880, 0x2080, 0x30C1, 0x4121, 0x28C1, 0x38E1, 0x5961, 0x4921, 0x38C1,
  0x30A0, 0x30C1, 0x30C1, 0x30C1, 0x38C0, 0x30C0, 0x2880, 0x2080, 0x2080, 0x2080, 0x28A0, 0x4121, 0x61C2, 0x69E2, 0x4961, 0x4101,
  0x3921, 0x3901, 0x28C1, 0x1880, 0x20A1, 0x1020, 0x1020, 0x0820, 0x0000, 0x0000, 0x0820, 0x1840, 0x2060, 0x3901, 0x3901, 0x1860,
  0x6A22, 0xBC04, 0xBC45, 0xABA4, 0x8AC3, 0x8242, 0x8263, 0x69C2, 0x4101, 0x28A0, 0x2060, 0x4101, 0x71E2, 0x7202, 0x61C2, 0x61A2,
  0x7A22, 0x5961, 0x2080, 0x1020, 0x1040, 0x28A0, 0x30A0, 0x30A0, 0x2060, 0x28A0, 0x4121, 0x38E1, 0x30C1, 0x5141, 0x4921, 0x30C0,
  0x2880, 0x28A0, 0x28A0, 0x40E1, 0x5961, 0x5141, 0x30C0, 0x2880, 0x2060, 0x1840, 0x1860, 0x2080, 0x38E1, 0x4121, 0x28C0, 0x30E1,
  0x3101, 0x20A0, 0x2080, 0x1060, 0x1020, 0x1020, 0x1040, 0x1020, 0x0800, 0x0800, 0x0820, 0x1840, 0x2060, 0x30A0, 0x4101, 0x28A0,
  0x6222, 0xB404, 0xBC45, 0xAB84, 0x92E3, 0x8AA3, 0x8A83, 0x69C2, 0x4101, 0x30A0, 0x2060, 0x38E1, 0x5981, 0x5981, 0x5141, 0x5961,
  0x71E2, 0x5161, 0x2080, 0x1020, 0x1840, 0x2080, 0x38C0, 0x38E0, 0x2080, 0x28A0, 0x5162, 0x5162, 0x4101, 0x4921, 0x5141, 0x4101,
  0x30C0, 0x30C1, 0x28A0, 0x4101, 0x71C2, 0x79E2, 0x5141, 0x38C1, 0x2060, 0x1860, 0x2080, 0x2880, 0x28A0, 0x30C1, 0x28A0, 0x28C1,
  0x28A0, 0x1880, 0x2080, 0x1860, 0x1020, 0x1020, 0x1840, 0x1840, 0x1020, 0x0820, 0x0820, 0x1020, 0x1840, 0x28A0, 0x4121, 0x3901,
  0x6202, 0xABC4, 0xBC05, 0xA364, 0x9AE3, 0x9AC3, 0x9283, 0x69C2, 0x4101, 0x30C0, 0x2060, 0x30C0, 0x4921, 0x4941, 0x4921, 0x5141,
  0x6182, 0x4921, 0x2080, 0x1840, 0x2060, 0x2880, 0x40E1, 0x4921, 0x38C1, 0x38E1, 0x5982, 0x59A2, 0x5142, 0x5141, 0x6181, 0x5981,
  0x4941, 0x4941, 0x4101, 0x4101, 0x69A2, 0x7A02, 0x6181, 0x4101, 0x2880, 0x2080, 0x28A0, 0x30C0, 0x30C0, 0x4121, 0x4121, 0x30E1,
  0x20A0, 0x1880, 0x28C1, 0x1020, 0x1020, 0x1840, 0x2060, 0x2880, 0x2040, 0x1020, 0x1020, 0x1020, 0x1840, 0x2880, 0x38E1, 0x30E1,
  0x61E2, 0xA384, 0xB3C5, 0xA324, 0x9AE3, 0x9AE3, 0x9283, 0x69A2, 0x4101, 0x30C0, 0x2080, 0x28A0, 0x4101, 0x4121, 0x4921, 0x5141,
  0x4921, 0x30C0, 0x2080, 0x2060, 0x28A0, 0x28A0, 0x40E1, 0x5941, 0x4941, 0x4121, 0x4941, 0x5182, 0x5962, 0x6182, 0x69C2, 0x71C2,
  0x61A2, 0x6181, 0x5141, 0x4101, 0x5141, 0x6181, 0x5941, 0x4101, 0x28A0, 0x2080, 0x30C1, 0x28C0, 0x30C0, 0x5161, 0x61C2, 0x5161,
  0x38E0, 0x2080, 0x1020, 0x1020, 0x1820, 0x2040, 0x2880, 0x30A0, 0x2860, 0x1840, 0x1860, 0x2060, 0x1840, 0x2060, 0x30C1, 0x30E1,
  0x59C2, 0x9B23, 0xAB84, 0x9B03, 0xA303, 0xA303, 0x9283, 0x61A2, 0x4921, 0x38C1, 0x2080, 0x2880, 0x38E1, 0x4921, 0x5121, 0x4101,
  0x30C1, 0x2060, 0x2060, 0x2880, 0x30C1, 0x28A0, 0x38C1, 0x5141, 0x5982, 0x3901, 0x28C1, 0x4121, 0x5982, 0x69C2, 0x71E2, 0x71C2,
  0x69C2, 0x5961, 0x4901, 0x38C0, 0x38E0, 0x4901, 0x4101, 0x30A0, 0x1860, 0x1860, 0x30C1, 0x4101, 0x38E1, 0x4941, 0x61A2, 0x5981,
  0x4941, 0x30E0, 0x1840, 0x1820, 0x1840, 0x2040, 0x2060, 0x2860, 0x2060, 0x1840, 0x1840, 0x2080, 0x2880, 0x2880, 0x30C1, 0x4121,
  0x51A1, 0x92E3, 0xA364, 0x9AE3, 0xA303, 0xAB23, 0x8A83, 0x61A2, 0x4921, 0x30C1, 0x28A0, 0x2880, 0x38E1, 0x4941, 0x5141, 0x38C1,
  0x2080, 0x1040, 0x1860, 0x28A0, 0x30C1, 0x2880, 0x2880, 0x4101, 0x5182, 0x30E1, 0x1860, 0x4101, 0x69C2, 0x7202, 0x71C2, 0x69A1,
  0x6181, 0x5121, 0x38C0, 0x2880, 0x28A0, 0x38E0, 0x38C0, 0x2080, 0x1020, 0x1040, 0x30E1, 0x5981, 0x6181, 0x5981, 0x5981, 0x5161,
  0x5161, 0x40A0, 0x2860, 0x2040, 0x2040, 0x2040, 0x2040, 0x1840, 0x1840, 0x1840, 0x1840, 0x2060, 0x2880, 0x2880, 0x30A0, 0x4101,
  0x5181, 0x92C3, 0xA324, 0x9AE3, 0xA323, 0xAB24, 0x9283, 0x69C2, 0x4921, 0x30C1, 0x2080, 0x2080, 0x30C1, 0x5141, 0x4921, 0x30A0,
  0x1840, 0x0820, 0x1840, 0x2880, 0x30A0, 0x2060, 0x2060, 0x38C1, 0x4941, 0x28A0, 0x1840, 0x4101, 0x7A02, 0x7A23, 0x69C2, 0x5961,
  0x5961, 0x5141, 0x30A0, 0x2060, 0x2880, 0x38E1, 0x28A0, 0x2060, 0x1020, 0x1040, 0x38E1, 0x71E2, 0x8A42, 0x7A22, 0x69C1, 0x5161,
  0x4941, 0x4941, 0x2860, 0x2040, 0x2040, 0x2860, 0x2060, 0x1840, 0x1860, 0x2060, 0x1840, 0x1860, 0x2060, 0x2880, 0x2880, 0x30A0,
  0x5181, 0x8AA3, 0x9B03, 0x9AE3, 0xAB23, 0xAB44, 0x9283, 0x69C2, 0x4101, 0x2880, 0x2080, 0x2060, 0x30A0, 0x4941, 0x5121, 0x28A0,
  0x1020, 0x0800, 0x1020, 0x2080, 0x30A0, 0x2860, 0x1840, 0x30A0, 0x4921, 0x28A0, 0x1860, 0x4921, 0x7203, 0x7A23, 0x61A2, 0x5121,
  0x5141, 0x6181, 0x4901, 0x2880, 0x30A0, 0x38E1, 0x28A0, 0x2080, 0x2060, 0x2080, 0x5141, 0x8242, 0x9AA2, 0x8A62, 0x71E2, 0x5981,
  0x48C0, 0x40C0, 0x2860, 0x1820, 0x1040, 0x2060, 0x2060, 0x1840, 0x1840, 0x1860, 0x1860, 0x1840, 0x2060, 0x2880, 0x30A0, 0x30C0,
  0x5181, 0x8A83, 0x9B03, 0x9AE3, 0xAB44, 0xB364, 0x92A3, 0x69C2, 0x4101, 0x1860, 0x1860, 0x1860, 0x28A0, 0x4921, 0x5141, 0x38C1,
  0x1040, 0x0800, 0x1020, 0x2060, 0x30A0, 0x30A0, 0x2060, 0x30A0, 0x4921, 0x30C0, 0x2080, 0x4941, 0x71E2, 0x69A2, 0x5961, 0x4901,
  0x5121, 0x69C2, 0x6181, 0x4901, 0x4101, 0x38C1, 0x30A0, 0x38C0, 0x40E0, 0x4100, 0x6181, 0x7A22, 0x8A62, 0x8242, 0x7A22, 0x7202,
  0x59A2, 0x38A0, 0x2040, 0x1020, 0x0820, 0x1020, 0x1840, 0x1040, 0x1020, 0x1840, 0x1840, 0x2060, 0x2880, 0x30A0, 0x38C0, 0x38C0,
  0x5181, 0x8282, 0x9AE3, 0x9B03, 0xAB44, 0xB384, 0x92A3, 0x69A2, 0x38E1, 0x1040, 0x1040, 0x1860, 0x28A0, 0x4101, 0x5961, 0x4921,
  0x1860, 0x0820, 0x0820, 0x1840, 0x38C0, 0x4901, 0x38A0, 0x38E1, 0x5161, 0x4101, 0x38C1, 0x5162, 0x61A2, 0x5141, 0x4921, 0x4101,
  0x4101, 0x6181, 0x69A1, 0x6181, 0x5961, 0x4921, 0x40E1, 0x5121, 0x6181, 0x69A1, 0x69C1, 0x69A1, 0x69C1, 0x7A22, 0x8A82, 0x7222,
  0x40A0, 0x3080, 0x2040, 0x1820, 0x1020, 0x1020, 0x1020, 0x1040, 0x1860, 0x2060, 0x2860, 0x3080, 0x30A0, 0x30A0, 0x28A0, 0x2080,
  0x5181, 0x8262, 0x92E3, 0x9B03, 0xAB44, 0xB384, 0x92A3, 0x61A2, 0x38E1, 0x1040, 0x1020, 0x2080, 0x30A0, 0x40E1, 0x5982, 0x5161,
  0x2080, 0x0820, 0x0820, 0x1840, 0x40E1, 0x5961, 0x4901, 0x4921, 0x5161, 0x4921, 0x4101, 0x5962, 0x5982, 0x40E1, 0x38C0, 0x38C0,
  0x40E1, 0x5961, 0x71A1, 0x71C1, 0x71C2, 0x5961, 0x4941, 0x5961, 0x69C2, 0x71E2, 0x69E2, 0x61A2, 0x5981, 0x7A22, 0x92A3, 0x69E2,
  0x40A0, 0x3880, 0x3080, 0x2880, 0x2060, 0x2060, 0x1860, 0x2060, 0x28A1, 0x30A0, 0x3080, 0x3080, 0x2880, 0x2060, 0x1840, 0x1020,
  0x5181, 0x8262, 0x9AE3, 0xA304, 0xAB44, 0xB384, 0x8A83, 0x61A2, 0x38E1, 0x1840, 0x1040, 0x28A0, 0x30C0, 0x38C1, 0x5961, 0x5161,
  0x28A0, 0x0820, 0x0820, 0x1840, 0x4101, 0x69A1, 0x5121, 0x4101, 0x4121, 0x38E1, 0x38E1, 0x5162, 0x5162, 0x30C1, 0x28A0, 0x38C0,
  0x4901, 0x6181, 0x79E2, 0x79E2, 0x79E2, 0x5961, 0x5141, 0x5141, 0x5161, 0x5161, 0x5981, 0x69E2, 0x7202, 0x8263, 0x8A62, 0x40C0,
  0x50E0, 0x48E0, 0x48E1, 0x40E1, 0x40C1, 0x38C0, 0x2880, 0x2880, 0x28A0, 0x30A1, 0x2880, 0x2060, 0x2040, 0x1040, 0x1020, 0x0820,
  0x5181, 0x8242, 0x9AE3, 0xA324, 0xAB44, 0xAB64, 0x8A62, 0x69A2, 0x4101, 0x2060, 0x1840, 0x30C1, 0x38C1, 0x30A0, 0x4121, 0x4941,
  0x2080, 0x0820, 0x0820, 0x1840, 0x38E1, 0x6981, 0x5121, 0x30C1, 0x28A0, 0x2080, 0x28A1, 0x4121, 0x4942, 0x30C1, 0x2080, 0x30A0,
  0x5141, 0x7A02, 0x8222, 0x7A02, 0x7A02, 0x6181, 0x5981, 0x5961, 0x5161, 0x4921, 0x5161, 0x69E2, 0x7A43, 0x8283, 0x8A82, 0x5901,
  0x5901, 0x5901, 0x50E1, 0x48E1, 0x40E1, 0x38A0, 0x2880, 0x2060, 0x1860, 0x1860, 0x1840, 0x1020, 0x1020, 0x1020, 0x0820, 0x0800,
  0x5181, 0x8262, 0xA303, 0xAB44, 0xAB44, 0xA324, 0x8242, 0x69A2, 0x4921, 0x28A0, 0x2060, 0x38E1, 0x38E1, 0x2880, 0x30A0, 0x30C1,
  0x1860, 0x0820, 0x0820, 0x1840, 0x30C0, 0x5941, 0x5100, 0x30A0, 0x1860, 0x1040, 0x2060, 0x38E1, 0x4942, 0x30C1, 0x2060, 0x2880,
  0x4921, 0x7202, 0x8222, 0x71C2, 0x71E2, 0x69A1, 0x69C1, 0x71C1, 0x69C1, 0x69A1, 0x61A1, 0x69C2, 0x69E2, 0x7A43, 0x5901, 0x58E1,
  0x50E1, 0x48E0, 0x40A0, 0x30A0, 0x3080, 0x2860, 0x1840, 0x1020, 0x0820, 0x1020, 0x1020, 0x0800, 0x0800, 0x0800, 0x0800, 0x0000,
  0x5161, 0x8262, 0xAB44, 0xB364, 0xAB44, 0xA304, 0x8222, 0x69A2, 0x5141, 0x30C1, 0x2880, 0x38E1, 0x38C1, 0x2080, 0x1860, 0x1860,
  0x1040, 0x1040, 0x1040, 0x1860, 0x28A1, 0x4901, 0x5120, 0x38C0, 0x2060, 0x1840, 0x2080, 0x38E1, 0x4942, 0x30C0, 0x2060, 0x2080,
  0x38C1, 0x5981, 0x71C2, 0x69C1, 0x71E2, 0x6181, 0x69A1, 0x71E1, 0x8222, 0x8222, 0x71C1, 0x6181, 0x61A2, 0x7A43, 0x8AA3, 0x40A0,
  0x38A0, 0x3080, 0x2860, 0x2060, 0x2060, 0x2040, 0x1020, 0x0820, 0x0800, 0x0800, 0x0820, 0x0800, 0x0000, 0x0000, 0x0000, 0x0000,
  0x5161, 0x8A83, 0xAB64, 0xB384, 0xAB44, 0x9AE3, 0x7A02, 0x69A2, 0x5141, 0x3901, 0x30C1, 0x30C1, 0x30A0, 0x2060, 0x1040, 0x0820,
  0x1020, 0x1040, 0x1040, 0x1860, 0x2881, 0x40C0, 0x5941, 0x5121, 0x38E0, 0x30A0, 0x38C1, 0x38E1, 0x5141, 0x30C0, 0x1840, 0x1840,
  0x2880, 0x4101, 0x69A1, 0x7A02, 0x7A02, 0x61A1, 0x6181, 0x7A02, 0x8A62, 0x8242, 0x69C1, 0x5961, 0x5161, 0x69E2, 0x3080, 0x2860,
  0x2860, 0x2040, 0x1840, 0x1840, 0x1840, 0x1840, 0x1020, 0x1020, 0x0800, 0x0800, 0x0000, 0x0000, 0x0000, 0x0000, 0x0000, 0x0000,
  0x5161, 0x92A3, 0xB364, 0xB384, 0xAB44, 0x9AC3, 0x79E2, 0x6181, 0x4941, 0x4101, 0x38E1, 0x30C1, 0x2880, 0x2060, 0x1020, 0x0820,
  0x0820, 0x1040, 0x1040, 0x1860, 0x2080, 0x38A0, 0x6161, 0x71E2, 0x69A1, 0x5961, 0x5121, 0x4921, 0x5962, 0x38C0, 0x1840, 0x1040,
  0x2060, 0x30E1, 0x61A1, 0x8222, 0x8A42, 0x7A01, 0x71E1, 0x71E2, 0x7A02, 0x7202, 0x6181, 0x4941, 0x4121, 0x5981, 0x2840, 0x1820,
  0x1840, 0x1840, 0x1020, 0x1020, 0x1020, 0x1020, 0x1020, 0x1020, 0x0820, 0x0800, 0x0000, 0x0000, 0x0000, 0x0000, 0x0800, 0x0800,
  0x5182, 0x92C3, 0xAB64, 0xAB64, 0xAB44, 0x92A3, 0x71C2, 0x5141, 0x4101, 0x4101, 0x38E1, 0x30A0, 0x2880, 0x2060, 0x1840, 0x0820,
  0x0820, 0x1040, 0x1040, 0x1840, 0x1860, 0x30A0, 0x6161, 0x8A62, 0x9282, 0x8A42, 0x69C1, 0x61A2, 0x71E2, 0x4921, 0x2080, 0x1040,
  0x1860, 0x28A0, 0x5141, 0x69A1, 0x71E1, 0x71E1, 0x71E2, 0x61A1, 0x5981, 0x5981, 0x4921, 0x4101, 0x4121, 0x3060, 0x1840, 0x1020,
  0x1020, 0x1820, 0x1020, 0x1020, 0x1020, 0x0820, 0x0800, 0x0820, 0x0820, 0x0800, 0x0000, 0x0000, 0x0000, 0x0820, 0x0820, 0x0800,
  0x5182, 0x92C3, 0xA324, 0xA324, 0xA344, 0x9283, 0x61A2, 0x4101, 0x38C1, 0x38E1, 0x40E1, 0x28A0, 0x2860, 0x2880, 0x2060, 0x1020,
  0x1020, 0x1040, 0x1020, 0x1040, 0x1040, 0x2880, 0x5961, 0x9AA3, 0xB323, 0xB323, 0x8A42, 0x7A02, 0x8222, 0x5941, 0x2880, 0x1840,
  0x1860, 0x2080, 0x38E1, 0x4921, 0x5141, 0x5141, 0x6181, 0x5141, 0x4101, 0x4921, 0x38E0, 0x30C0, 0x4141, 0x2040, 0x1820, 0x1020,
  0x1020, 0x1820, 0x1020, 0x1020, 0x1020, 0x0820, 0x0800, 0x0800, 0x0820, 0x0820, 0x0820, 0x0820, 0x0800, 0x0820, 0x0820, 0x0800,
  0x5982, 0x92A3, 0x92E3, 0x92E3, 0xA304, 0x8263, 0x5961, 0x38C1, 0x28A0, 0x30C1, 0x38E1, 0x30A0, 0x2880, 0x30A0, 0x2880, 0x1840,
  0x1040, 0x1040, 0x1020, 0x1020, 0x1040, 0x28A1, 0x5982, 0x9283, 0xB343, 0xBB63, 0xA2A2, 0x9242, 0x8202, 0x5941, 0x28A0, 0x1860,
  0x1860, 0x2080, 0x28C1, 0x38E1, 0x4101, 0x38C0, 0x4921, 0x4101, 0x30C0, 0x38E1, 0x30E0, 0x30C0, 0x2860, 0x2040, 0x1840, 0x1840,
  0x1840, 0x1840, 0x1040, 0x1020, 0x1020, 0x1020, 0x0820, 0x1020, 0x1020, 0x1020, 0x1020, 0x1020, 0x0820, 0x0820, 0x0820, 0x0800,
  0x59A2, 0x8A83, 0x8283, 0x8A83, 0x92C3, 0x7A02, 0x4921, 0x2880, 0x2060, 0x2880, 0x30C1, 0x30C1, 0x30A1, 0x30A1, 0x30A0, 0x2060,
  0x1840, 0x1040, 0x1020, 0x1840, 0x1840, 0x30C1, 0x61A2, 0x8A62, 0xA2E3, 0xB343, 0xAAE2, 0x9A82, 0x79E2, 0x5941, 0x30A0, 0x2080,
  0x2080, 0x2880, 0x30E1, 0x4121, 0x4941, 0x38E1, 0x4101, 0x4101, 0x30C0, 0x3901, 0x4921, 0x4921, 0x2860, 0x2040, 0x1840, 0x1840,
  0x1040, 0x1020, 0x1020, 0x1020, 0x1020, 0x1020, 0x1020, 0x1020, 0x1020, 0x1020, 0x1020, 0x1020, 0x0820, 0x0800, 0x0800, 0x0000,
  0x5182, 0x7A42, 0x7222, 0x7A43, 0x8A83, 0x69C2, 0x38E1, 0x2060, 0x1840, 0x2060, 0x30C1, 0x38E1, 0x38E1, 0x38C1, 0x38C0, 0x2880,
  0x1840, 0x1840, 0x1860, 0x2060, 0x2080, 0x3902, 0x61C3, 0x8223, 0x8A62, 0xA2C3, 0xAAE2, 0xA2C2, 0x8A22, 0x6161, 0x4900, 0x38C0,
  0x38E1, 0x38E1, 0x4941, 0x61A2, 0x69C2, 0x4941, 0x4921, 0x4941, 0x4941, 0x5161, 0x61A2, 0x71E2, 0x2040, 0x2040, 0x1840, 0x1020,
  0x1020, 0x0820, 0x0820, 0x0820, 0x0820, 0x1020, 0x1020, 0x1020, 0x0820, 0x0820, 0x0820, 0x0800, 0x0800, 0x0000, 0x0000, 0x0000,
  0x5182, 0x7202, 0x69E2, 0x7A22, 0x8242, 0x5961, 0x30A0, 0x1840, 0x1040, 0x1860, 0x30C1, 0x4121, 0x4101, 0x40E1, 0x40E1, 0x30A0,
  0x2060, 0x2060, 0x2880, 0x30A1, 0x28A1, 0x3902, 0x59A2, 0x69C2, 0x69C2, 0x8242, 0x9A82, 0xA2C2, 0x9262, 0x79E1, 0x5961, 0x5961,
  0x5961, 0x4921, 0x5982, 0x7A23, 0x8263, 0x69E2, 0x5981, 0x5981, 0x5981, 0x69C1, 0x8242, 0x2060, 0x1840, 0x1020, 0x1020, 0x1020,
  0x0800, 0x0800, 0x0800, 0x0800, 0x0800, 0x1020, 0x1020, 0x1020, 0x0820, 0x0800, 0x0800, 0x0800, 0x0000, 0x0000, 0x0000, 0x0000,
  0x5162, 0x69E2, 0x61C2, 0x7A22, 0x7202, 0x4921, 0x2880, 0x1040, 0x1020, 0x1860, 0x30C1, 0x4942, 0x4121, 0x38E1, 0x4901, 0x38E1,
  0x2880, 0x28A0, 0x38E1, 0x4901, 0x38E1, 0x3901, 0x4942, 0x5162, 0x5161, 0x69C2, 0x8202, 0x9262, 0x9A82, 0x8A42, 0x79E2, 0x71E2,
  0x6181, 0x4921, 0x5161, 0x7202, 0x8243, 0x7A22, 0x71E2, 0x71C1, 0x69C1, 0x71E2, 0x8AA3, 0x1820, 0x1020, 0x1000, 0x0800, 0x0800,
  0x0800, 0x0800, 0x0000, 0x0800, 0x0800, 0x1020, 0x1020, 0x1020, 0x1020, 0x0820, 0x0820, 0x0820, 0x0800, 0x0000, 0x0000, 0x0000,
  0x4961, 0x61C2, 0x69C2, 0x7A42, 0x71E2, 0x4101, 0x2060, 0x1840, 0x1040, 0x1860, 0x30E1, 0x4922, 0x4101, 0x38C0, 0x4101, 0x40E1,
  0x38C1, 0x38E1, 0x5121, 0x5941, 0x4921, 0x4101, 0x4942, 0x4942, 0x4142, 0x59A2, 0x6182, 0x71C1, 0x8A62, 0x9262, 0x9283, 0x8A42,
  0x69A1, 0x5141, 0x5961, 0x69C2, 0x69E2, 0x8242, 0x8A62, 0x9282, 0x9282, 0x8222, 0x8263, 0x1020, 0x1000, 0x0800, 0x0800, 0x0800,
  0x0800, 0x0800, 0x0800, 0x0800, 0x0800, 0x1020, 0x1020, 0x1020, 0x1020, 0x1020, 0x1020, 0x0820, 0x0800, 0x0800, 0x0000, 0x0000,
  0x4941, 0x69C2, 0x7202, 0x8A82, 0x71E2, 0x4101, 0x2060, 0x1840, 0x1840, 0x1860, 0x30C1, 0x4101, 0x38E1, 0x28A0, 0x38C0, 0x40E1,
  0x4101, 0x4921, 0x5961, 0x6981, 0x6161, 0x5961, 0x59A2, 0x59C3, 0x5182, 0x59A2, 0x4941, 0x5961, 0x71E2, 0x8A42, 0xA2C3, 0x9AA2,
  0x8222, 0x71E1, 0x79E2, 0x7A22, 0x71E2, 0x8242, 0x9AA2, 0xA2E3, 0xA2E3, 0x9282, 0x7202, 0x1020, 0x0800, 0x0800, 0x0800, 0x0800,
  0x0800, 0x0800, 0x0800, 0x0820, 0x1020, 0x1020, 0x1020, 0x1020, 0x1020, 0x1020, 0x0820, 0x0800, 0x0800, 0x0000, 0x0000, 0x0000,
  0x4961, 0x71E2, 0x8262, 0x92C3, 0x7A02, 0x4101, 0x2880, 0x1860, 0x1840, 0x1860, 0x28A1, 0x30E1, 0x30C1, 0x2080, 0x30A0, 0x38C1,
  0x40E1, 0x4921, 0x6181, 0x79E1, 0x79E1, 0x71E2, 0x7203, 0x7A63, 0x7223, 0x59C3, 0x4122, 0x5142, 0x6182, 0x71E2, 0x9A82, 0xA2A2,
  0x9AA2, 0x9A82, 0x9262, 0x8242, 0x7A02, 0x8222, 0x8A62, 0x9AA2, 0x9282, 0x8A62, 0x1000, 0x1000, 0x1000, 0x0800, 0x0800, 0x0800,
  0x0800, 0x0800, 0x1020, 0x1020, 0x1840, 0x1840, 0x1020, 0x0820, 0x0800, 0x0800, 0x0800, 0x0800, 0x0800, 0x0800, 0x0800, 0x0000,
  0x5161, 0x7A22, 0x92C3, 0xA344, 0x8262, 0x5141, 0x30A0, 0x2060, 0x1840, 0x1860, 0x2080, 0x30A1, 0x30A1, 0x2880, 0x2880, 0x2880,
  0x30C1, 0x4101, 0x6181, 0x8201, 0x9282, 0x9282, 0x92A3, 0x9AE4, 0x8263, 0x61C3, 0x4962, 0x5982, 0x61A2, 0x69C2, 0x8A42, 0x9A62,
  0xA2A2, 0xAAE2, 0x9A82, 0x8222, 0x7A02, 0x71E2, 0x8202, 0x8A42, 0x8222, 0x8222, 0x1000, 0x1020, 0x1020, 0x1020, 0x1020, 0x1020,
  0x1020, 0x1020, 0x1020, 0x1820, 0x1840, 0x1840, 0x1020, 0x0820, 0x0800, 0x0800, 0x0800, 0x0820, 0x0800, 0x0800, 0x0800, 0x0800,
  0x5181, 0x8262, 0xA303, 0xB3A4, 0x8AA3, 0x6181, 0x38E0, 0x2060, 0x1840, 0x1840, 0x2060, 0x30A1, 0x38C1, 0x30A0, 0x2880, 0x2060,
  0x2080, 0x30C0, 0x5141, 0x8222, 0xA2E2, 0xAB22, 0xAB23, 0xAB43, 0x8263, 0x61A2, 0x5982, 0x69C2, 0x7202, 0x7A02, 0x8202, 0x8202,
  0x9242, 0x9AA2, 0x9262, 0x8222, 0x8202, 0x7A02, 0x8222, 0x7A02, 0x79E2, 0x7A02, 0x1020, 0x1020, 0x1020, 0x1020, 0x1020, 0x1020,
  0x1020, 0x1020, 0x1820, 0x1840, 0x1840, 0x1020, 0x1020, 0x0800, 0x0800, 0x0820, 0x0800, 0x0800, 0x0800, 0x0800, 0x0800, 0x0800,
  0x59A2, 0x8A82, 0xAB64, 0xBBE5, 0x9AE3, 0x71E2, 0x4901, 0x2080, 0x1840, 0x1860, 0x2080, 0x30A1, 0x40E1, 0x38E1, 0x30A0, 0x2060,
  0x1860, 0x2060, 0x40E0, 0x71E1, 0xAB03, 0xBB83, 0xC3A3, 0xBBA3, 0x92A2, 0x69E2, 0x69C2, 0x71E2, 0x8243, 0x8A63, 0x8222, 0x71C1,
  0x71C1, 0x69C1, 0x71C1, 0x79E2, 0x8222, 0x8A22, 0x8222, 0x7A02, 0x71C2, 0x71C2, 0x1020, 0x1020, 0x1840, 0x1840, 0x1020, 0x1020,
  0x1020, 0x1020, 0x1820, 0x1820, 0x1020, 0x1020, 0x1020, 0x0800, 0x0800, 0x0800, 0x0800, 0x0800, 0x0800, 0x0800, 0x0800, 0x0800,
  0x59A2, 0x92A2, 0xB384, 0xC405, 0xA323, 0x7A42, 0x5141, 0x2880, 0x2060, 0x2080, 0x30A0, 0x30C1, 0x4101, 0x4921, 0x38E1, 0x2880,
  0x1860, 0x1860, 0x3080, 0x6181, 0xA2E3, 0xC3A3, 0xCC24, 0xCC24, 0xAB42, 0x92A2, 0x8242, 0x8222, 0x9263, 0x9AA3, 0x8A63, 0x71C2,
  0x5961, 0x38E1, 0x4100, 0x6161, 0x8222, 0x8A42, 0x8202, 0x79E2, 0x71E2, 0x69A2, 0x1840, 0x1840, 0x1840, 0x1840, 0x1840, 0x1040,
  0x1020, 0x1020, 0x1020, 0x1020, 0x1020, 0x1020, 0x0820, 0x0800, 0x0800, 0x0800, 0x0800, 0x0800, 0x0800, 0x0800, 0x0800, 0x0800,
  0x61C2, 0x92A3, 0xBBA4, 0xBBE5, 0xA323, 0x8A83, 0x5981, 0x30A0, 0x2080, 0x30C1, 0x38E1, 0x38E1, 0x4921, 0x5961, 0x4101, 0x30A0,
  0x2080, 0x2060, 0x30A0, 0x5141, 0x9AC3, 0xC3E4, 0xD4A5, 0xDCC5, 0xCBE3, 0xBB62, 0xAB02, 0x9AA2, 0xA2C3, 0xAAE3, 0x9AA3, 0x71E2,
  0x4921, 0x2080, 0x2060, 0x40E0, 0x71C1, 0x8A22, 0x79E1, 0x71E2, 0x69C2, 0x2060, 0x2060, 0x2060, 0x2060, 0x2060, 0x1860, 0x1840,
  0x1020, 0x1020, 0x1020, 0x1020, 0x1020, 0x1020, 0x0820, 0x0800, 0x0800, 0x0820, 0x0820, 0x0820, 0x0800, 0x0800, 0x0800, 0x0800,
  0x61C2, 0x92C3, 0xB3A4, 0xB3A4, 0xA303, 0x92C3, 0x61C2, 0x38E1, 0x30C0, 0x4921, 0x5141, 0x4101, 0x5141, 0x5982, 0x4901, 0x30C0,
  0x30A0, 0x30A0, 0x38C0, 0x5941, 0x92C3, 0xCC24, 0xDD07, 0xDCE6, 0xD403, 0xCBC2, 0xC382, 0xB302, 0xAAE3, 0xB303, 0x9AA3, 0x71C2,
  0x4101, 0x1860, 0x1020, 0x2880, 0x5941, 0x8201, 0x8201, 0x79C1, 0x6981, 0x2880, 0x2880, 0x2880, 0x2880, 0x2060, 0x2060, 0x1840,
  0x1040, 0x1020, 0x0800, 0x0800, 0x0820, 0x1020, 0x0820, 0x0800, 0x0800, 0x0820, 0x1020, 0x1020, 0x0820, 0x0800, 0x0800, 0x0800,
  0x61C2, 0x92A2, 0xB364, 0xA344, 0x9AE4, 0x92E3, 0x6A02, 0x4941, 0x4921, 0x6182, 0x6181, 0x5141, 0x6181, 0x61A1, 0x4921, 0x38E0,
  0x38E1, 0x38E0, 0x4901, 0x6181, 0x9AE3, 0xD465, 0xE548, 0xD4A6, 0xC3A3, 0xC382, 0xCBC3, 0xBB43, 0xAAE2, 0xAAE3, 0x9282, 0x69C2,
  0x38E1, 0x2060, 0x1840, 0x2060, 0x40E0, 0x71C1, 0x8201, 0x79C1, 0x6181, 0x2880, 0x30A0, 0x30A0, 0x30A0, 0x2880, 0x2060, 0x1840,
  0x1040, 0x0820, 0x0800, 0x0800, 0x0800, 0x0820, 0x0800, 0x0000, 0x0000, 0x0800, 0x0800, 0x0820, 0x0820, 0x0800, 0x0800, 0x0800,
  0x61C1, 0x92A2, 0xA323, 0x9AE3, 0x92C4, 0x92E4, 0x7A42, 0x61C1, 0x61C2, 0x7A22, 0x7A02, 0x69A1, 0x71E2, 0x7202, 0x5981, 0x5141,
  0x5141, 0x5141, 0x5961, 0x69C2, 0x9B03, 0xCC66, 0xDCE7, 0xCC25, 0xB342, 0xBB43, 0xCBE4, 0xB343, 0x9AA2, 0x9262, 0x8A42, 0x71E2,
  0x4921, 0x38C0, 0x30A0, 0x2860, 0x38C1, 0x6181, 0x71A1, 0x6981, 0x5121, 0x30C0, 0x38C0, 0x38C0, 0x30A0, 0x30A0, 0x2060, 0x1840,
  0x1020, 0x0800, 0x0000, 0x0000, 0x0800, 0x0800, 0x0800, 0x0000, 0x0000, 0x0800, 0x0820, 0x1020, 0x1020, 0x1020, 0x1020, 0x1020,
  0x61A1, 0x8A82, 0x9AE3, 0x8AA3, 0x92C4, 0x9B04, 0x8282, 0x7A42, 0x8262, 0x92A3, 0x9282, 0x8242, 0x9282, 0x92A2, 0x7A21, 0x71E1,
  0x71E1, 0x7202, 0x71E2, 0x7202, 0x92C3, 0xBBE5, 0xC425, 0xB363, 0xAB03, 0xB344, 0xC3E5, 0xAB23, 0x8A63, 0x7A02, 0x7A02, 0x7A22,
  0x61C2, 0x5141, 0x40E0, 0x30A0, 0x38C1, 0x5141, 0x5961, 0x5101, 0x38C0, 0x38E0, 0x38E0, 0x38C0, 0x30A0, 0x2880, 0x2060, 0x1840,
  0x1020, 0x0820, 0x0800, 0x0800, 0x0800, 0x0820, 0x0820, 0x1020, 0x1040, 0x1040, 0x1840, 0x1840, 0x1840, 0x1840, 0x1840, 0x1840,
  0x59A1, 0x8A62, 0x92A2, 0x8A83, 0x92E4, 0x9B04, 0x92C3, 0x92C3, 0x9AE3, 0xAB23, 0xAB02, 0xA2C2, 0xAB43, 0xAB63, 0xA302, 0x92C2,
  0x92C2, 0x9AE3, 0x92C3, 0x7A42, 0x8262, 0x9B03, 0xA323, 0x9AC3, 0xA304, 0xB364, 0xBBC5, 0xAB44, 0x8263, 0x69C2, 0x71C2, 0x7A23,
  0x7203, 0x6161, 0x5121, 0x40E1, 0x4101, 0x5162, 0x4921, 0x40E0, 0x40E1, 0x38C0, 0x38C0, 0x38C0, 0x3080, 0x2860, 0x2060, 0x1840,
  0x1840, 0x1020, 0x1020, 0x1040, 0x1040, 0x1840, 0x1860, 0x2060, 0x2060, 0x2060, 0x2060, 0x1860, 0x2060, 0x2060, 0x2060, 0x2060,
  0x5981, 0x8242, 0x92A3, 0x92A3, 0x9B24, 0x9B24, 0x9AE3, 0xA303, 0xAB23, 0xBB63, 0xBB63, 0xBB63, 0xC404, 0xCC24, 0xBBA2, 0xB362,
  0xB383, 0xB3A4, 0xAB84, 0x8AC3, 0x7A22, 0x8A62, 0x8A62, 0x7A22, 0x8A83, 0x9AE4, 0xA344, 0xA324, 0x92A3, 0x7202, 0x61A2, 0x61A2,
  0x59A2, 0x6161, 0x6981, 0x6181, 0x6182, 0x59A2, 0x4121, 0x4101, 0x30C0, 0x30A0, 0x30A0, 0x2880, 0x2880, 0x2060, 0x2060, 0x2060,
  0x2060, 0x2060, 0x2060, 0x2080, 0x2880, 0x2880, 0x2080, 0x2880, 0x2080, 0x2080, 0x1860, 0x1040, 0x1040, 0x1040, 0x1040, 0x1040,
  0x5181, 0x7A42, 0x92A3, 0x9AE3, 0xA344, 0xA324, 0xA303, 0xAB43, 0xB323, 0xC383, 0xCBE4, 0xCC04, 0xD4A5, 0xD484, 0xC3E3, 0xB383,
  0xB3A4, 0xBC05, 0xBBE5, 0x9B24, 0x8263, 0x8A62, 0x8242, 0x61A1, 0x69E2, 0x7A22, 0x8243, 0x8A83, 0x92A3, 0x7A02, 0x5961, 0x4101,
  0x4921, 0x69A1, 0x8222, 0x8222, 0x71C2, 0x6182, 0x4101, 0x5141, 0x30A0, 0x2880, 0x2060, 0x2060, 0x2060, 0x2060, 0x2060, 0x2060,
  0x2880, 0x28A0, 0x30A0, 0x30C0, 0x30A0, 0x28A0, 0x2080, 0x2060, 0x1860, 0x1840, 0x1020, 0x0820, 0x0800, 0x0800, 0x0820, 0x0820,
  0x5181, 0x7A62, 0x92E3, 0xA344, 0xAB85, 0xA324, 0xA323, 0xAB44, 0xAB23, 0xC3C4, 0xD465, 0xD485, 0xDCE6, 0xD485, 0xB3A3, 0x9B03,
  0x9B23, 0xAB84, 0xB3C5, 0xAB65, 0x9B04, 0xA324, 0x8AA3, 0x69C2, 0x61A2, 0x69C2, 0x69C2, 0x8242, 0x92A3, 0x7A02, 0x5141, 0x30E1,
  0x4101, 0x7A22, 0xA2C3, 0x8A42, 0x79E2, 0x69A1, 0x5941, 0x69C2, 0x30A0, 0x2060, 0x1840, 0x1840, 0x1840, 0x2060, 0x2060, 0x2880,
  0x30A0, 0x38C0, 0x38C0, 0x30C0, 0x30A0, 0x2880, 0x2060, 0x1840, 0x1020, 0x0820, 0x0800, 0x0000, 0x0000, 0x0000, 0x0820, 0x0820,
  0x51A2, 0x8283, 0x9B23, 0xB3A4, 0xB3A5, 0xA324, 0xA324, 0xAB44, 0xAB24, 0xCC25, 0xDCE7, 0xDCC6, 0xD4A6, 0xC424, 0x9B03, 0x8262,
  0x7A63, 0x82A3, 0x9B24, 0xA365, 0xB385, 0xBBE5, 0xA324, 0x7A43, 0x7202, 0x7A22, 0x7A02, 0x8A83, 0x9AC3, 0x7A02, 0x5961, 0x4121,
  0x5141, 0x8A62, 0xA2E3, 0x8A42, 0x81E1, 0x81E2, 0x71A1, 0x69A2, 0x38C0, 0x2880, 0x1840, 0x1020, 0x1020, 0x1840, 0x1860, 0x2880,
  0x30A0, 0x38E0, 0x38C0, 0x30A0, 0x2080, 0x1860, 0x1840, 0x1040, 0x1020, 0x0800, 0x0000, 0x0000, 0x0000, 0x0800, 0x0820, 0x0820,
  0x59C2, 0x8AC3, 0xA364, 0xBBE5, 0xB3A5, 0x9B24, 0xAB44, 0xB384, 0xB385, 0xD4A7, 0xE548, 0xD4C6, 0xC445, 0xA364, 0x8262, 0x69E2,
  0x61C2, 0x61E2, 0x7263, 0x9304, 0xB3A5, 0xC425, 0xAB64, 0x92C4, 0x92C4, 0x92E4, 0x92A3, 0x9AC3, 0x9AC3, 0x8222, 0x69C1, 0x69A1,
  0x71E2, 0x92A3, 0x9AA3, 0x8A22, 0x8A02, 0x8A02, 0x69A1, 0x38E0, 0x40E0, 0x30A0, 0x2060, 0x1840, 0x1020, 0x1040, 0x1840, 0x2060,
  0x2880, 0x30C0, 0x30C0, 0x2880, 0x1840, 0x1020, 0x1020, 0x1040, 0x1020, 0x0820, 0x0800, 0x0000, 0x0000, 0x0800, 0x0800, 0x0820,
  0x59E2, 0x9304, 0xB3A5, 0xC426, 0xB3A5, 0x9B24, 0xAB84, 0xBBE5, 0xC426, 0xDD08, 0xE569, 0xCC86, 0xAB84, 0x8AA3, 0x7202, 0x61C2,
  0x5982, 0x5182, 0x61C2, 0x8283, 0xAB64, 0xBBC5, 0xA344, 0x9B04, 0xAB65, 0xB385, 0xAB24, 0xAB23, 0xAB23, 0x92A2, 0x8A42, 0x8A62,
  0x9AA3, 0xA2C3, 0x9242, 0x8A02, 0x8A01, 0x79C1, 0x5941, 0x30A0, 0x38E0, 0x38C0, 0x2880, 0x1860, 0x1840, 0x1840, 0x1840, 0x1840,
  0x2060, 0x2880, 0x2880, 0x2060, 0x1840, 0x1020, 0x1020, 0x1020, 0x1020, 0x0820, 0x0800, 0x0000, 0x0000, 0x0000, 0x0000, 0x0800,
  0x6203, 0x9B44, 0xBC06, 0xC446, 0xABA5, 0xA345, 0xBBE5, 0xCC66, 0xCC67, 0xDD08, 0xDD08, 0xC425, 0x9B03, 0x7242, 0x6A02, 0x61C2,
  0x5982, 0x5982, 0x61C2, 0x7A43, 0x9AE4, 0xA324, 0x9AC3, 0xA303, 0xBBA5, 0xC405, 0xBBC5, 0xBBA4, 0xC3C4, 0xB384, 0xA303, 0xAB03,
  0xB323, 0xA2E3, 0x8202, 0x8A02, 0x8A02, 0x79C1, 0x5121, 0x28A0, 0x30C0, 0x30C0, 0x28A0, 0x2080, 0x1860, 0x1840, 0x1020, 0x1020,
  0x1840, 0x1840, 0x2060, 0x1840, 0x1020, 0x0820, 0x0820, 0x1020, 0x1020, 0x0820, 0x0800, 0x0000, 0x0000, 0x0000, 0x0000, 0x0000,
  0x6A43, 0xA365, 0xC426, 0xC447, 0xABA5, 0xABA5, 0xCC46, 0xD4A7, 0xCC86, 0xD4A7, 0xD4A7, 0xBBE5, 0x8AA3, 0x6A02, 0x6A03, 0x61E2,
  0x59A2, 0x61C2, 0x7243, 0x82A4, 0x92C4, 0x9AE3, 0x92A3, 0xAB43, 0xCC45, 0xDCA6, 0xD486, 0xD465, 0xD465, 0xCBE4, 0xB344, 0xAB23,
  0xB343, 0xA2E3, 0x79E2, 0x8202, 0x8A22, 0x71C1, 0x4101, 0x1860, 0x2880, 0x2880, 0x2080, 0x2060, 0x2060, 0x1840, 0x1020, 0x1020,
  0x0820, 0x1020, 0x1840, 0x1040, 0x0820, 0x0800, 0x0800, 0x0820, 0x0820, 0x0800, 0x0800, 0x0000, 0x0000, 0x0000, 0x0000, 0x0000,
  0x6A63, 0xA385, 0xC447, 0xC447, 0xB3C6, 0xBBE5, 0xD4A7, 0xD4A7, 0xCC46, 0xC426, 0xC426, 0xBBE5, 0x8AC3, 0x7222, 0x7223, 0x59C2,
  0x59A2, 0x7223, 0x8AC4, 0x9B25, 0xA324, 0xA304, 0xA303, 0xC3E4, 0xE507, 0xED88, 0xED27, 0xE4C6, 0xD485, 0xC3C4, 0x9AE3, 0x9AC3,
  0xAB24, 0xA304, 0x8202, 0x79E2, 0x8202, 0x71A1, 0x40E1, 0x2080, 0x2060, 0x1860, 0x1860, 0x1860, 0x2060, 0x1860, 0x1020, 0x0820,
  0x0800, 0x0800, 0x0820, 0x0820, 0x0820, 0x0000, 0x0000, 0x0000, 0x0000, 0x0000, 0x0800, 0x0000, 0x0000, 0x0000, 0x0000, 0x0000,
  0x7263, 0xA3A5, 0xC447, 0xBC26, 0xB3C5, 0xC426, 0xD4A7, 0xD486, 0xC3E5, 0xB385, 0xBBC5, 0xBBE5, 0x9B03, 0x7A42, 0x7222, 0x59A2,
  0x59A2, 0x7A43, 0x92E4, 0xA345, 0xA345, 0xAB84, 0xBBC4, 0xDC85, 0xEDA9, 0xF5EA, 0xE527, 0xCC65, 0xBBA4, 0xAB23, 0x9283, 0x92A4,
  0xA324, 0xA304, 0x8223, 0x69A2, 0x69A1, 0x6981, 0x40E1, 0x2060, 0x1860, 0x1840, 0x1040, 0x1860, 0x1860, 0x1860, 0x1040, 0x0820,
  0x0800, 0x0800, 0x0820, 0x0800, 0x0800, 0x0000, 0x0000, 0x0000, 0x0000, 0x0000, 0x0800, 0x0800, 0x0800, 0x0000, 0x0000, 0x0000,
  0x6A43, 0xA3A5, 0xBC26, 0xBBE6, 0xB3C5, 0xC426, 0xD4A7, 0xCC46, 0xB3A4, 0xA324, 0xB385, 0xC425, 0xA344, 0x8AA3, 0x7A42, 0x61E2,
  0x69E2, 0x7A43, 0x8AA4, 0x9304, 0xA324, 0xBBC5, 0xD445, 0xE4E6, 0xF5A9, 0xEDA9, 0xCC86, 0xA344, 0x8A82, 0x8262, 0x8A62, 0x9AE4,
  0x9B05, 0x8AA4, 0x8263, 0x61C2, 0x6181, 0x6981, 0x40E1, 0x2060, 0x1860, 0x1040, 0x1020, 0x1040, 0x1840, 0x1840, 0x1040, 0x0820,
  0x0800, 0x0800, 0x0820, 0x0820, 0x0800, 0x0800, 0x0000, 0x0000, 0x0000, 0x0000, 0x0800, 0x0800, 0x0000, 0x0000, 0x0000, 0x0000,
  0x6A43, 0xA385, 0xBBE6, 0xB3C5, 0xBBE5, 0xC426, 0xCC66, 0xC405, 0xB364, 0x9AE3, 0xB384, 0xC405, 0xB384, 0x9AE3, 0x8AA3, 0x8262,
  0x8283, 0x8A83, 0x8A83, 0x8AA4, 0x9B04, 0xC405, 0xDCA5, 0xE4E6, 0xE528, 0xCCC8, 0x9B65, 0x7202, 0x5981, 0x69C1, 0x8242, 0x8AA3,
  0x7A64, 0x7A43, 0x92A3, 0x8222, 0x71C2, 0x71C1, 0x5121, 0x1860, 0x1840, 0x1020, 0x0820, 0x1020, 0x1040, 0x1040, 0x1020, 0x0820,
  0x0800, 0x0800, 0x0820, 0x1020, 0x0820, 0x0820, 0x0820, 0x0820, 0x0820, 0x0800, 0x0000, 0x0000, 0x0000, 0x0000, 0x0000, 0x0000,
  0x6A43, 0xA365, 0xB3C5, 0xBBC5, 0xBBE5, 0xC426, 0xC426, 0xBBE5, 0xAB64, 0xA303, 0xB384, 0xC404, 0xBBA4, 0xAB63, 0xAB63, 0xA364,
  0xA364, 0xA323, 0x92C3, 0x92C3, 0xAB64, 0xD465, 0xE4C6, 0xDCE6, 0xCC86, 0xABC6, 0x7A63, 0x5981, 0x5961, 0x61A1, 0x71E1, 0x69E2,
  0x61A2, 0x7A02, 0x9283, 0x9262, 0x8202, 0x8222, 0x71C2, 0x1860, 0x1040, 0x0820, 0x0820, 0x0820, 0x1020, 0x1020, 0x0820, 0x0800,
  0x0800, 0x0820, 0x1020, 0x1040, 0x1040, 0x1020, 0x1020, 0x0820, 0x0820, 0x0820, 0x0800, 0x0000, 0x0000, 0x0000, 0x0000, 0x0000,
  0x6A43, 0xA365, 0xB3A5, 0xBBE5, 0xC426, 0xC426, 0xBC05, 0xBBE4, 0xB3A4, 0xB363, 0xBBA4, 0xC404, 0xC404, 0xC404, 0xC425, 0xC465,
  0xC445, 0xBBC4, 0xAB64, 0xAB64, 0xC405, 0xD485, 0xDCA6, 0xCC66, 0xABA5, 0x8AE4, 0x7203, 0x61A1, 0x69C1, 0x7A01, 0x71E1, 0x5961,
  0x5161, 0x71E2, 0x8222, 0x7A02, 0x71C2, 0x7A02, 0x1860, 0x1840, 0x1020, 0x0820, 0x0800, 0x0820, 0x0820, 0x0820, 0x0820, 0x0800,
  0x0800, 0x0820, 0x1020, 0x1040, 0x1040, 0x1020, 0x1020, 0x1020, 0x1020, 0x1020, 0x0820, 0x0800, 0x0800, 0x0000, 0x0000, 0x0000,
  0x6A43, 0x9B45, 0xB3A5, 0xC405, 0xC446, 0xBC05, 0xBBE5, 0xC405, 0xC404, 0xBBC4, 0xC3C4, 0xCC24, 0xD485, 0xD4A5, 0xDCE6, 0xE527,
  0xDD07, 0xD486, 0xC426, 0xC405, 0xCC25, 0xC405, 0xBC05, 0xAB85, 0x8AE4, 0x7A64, 0x6A03, 0x69C2, 0x7A02, 0x8A82, 0x8242, 0x61A1,
  0x61A1, 0x7A22, 0x79E2, 0x6181, 0x5961, 0x69C2, 0x8243, 0x1040, 0x0820, 0x0820, 0x0800, 0x0820, 0x1020, 0x0820, 0x0820, 0x0800,
  0x0800, 0x0820, 0x0820, 0x1020, 0x1020, 0x1020, 0x1020, 0x1020, 0x1020, 0x1020, 0x1020, 0x0820, 0x0800, 0x0000, 0x0000, 0x0000,
  0x6A43, 0x9B24, 0xB3A5, 0xC446, 0xC446, 0xBBE5, 0xC405, 0xCC65, 0xD485, 0xCC24, 0xC3E4, 0xD465, 0xE506, 0xE546, 0xED87, 0xEDC8,
  0xEDA8, 0xE548, 0xD4C7, 0xCC46, 0xB3A4, 0x9B03, 0x92E3, 0x82A4, 0x7244, 0x6A24, 0x59C3, 0x61A2, 0x7A22, 0x9AE3, 0x9AE3, 0x8282,
  0x8263, 0x9AA3, 0x8A22, 0x6161, 0x5121, 0x5982, 0x1040, 0x1020, 0x0820, 0x0820, 0x0820, 0x1020, 0x1020, 0x1020, 0x0820, 0x0820,
  0x0820, 0x0820, 0x0820, 0x0820, 0x0820, 0x0820, 0x0820, 0x1020, 0x1020, 0x1020, 0x0820, 0x0820, 0x0800, 0x0000, 0x0000, 0x0000,
  0x6A43, 0x9304, 0xB3C5, 0xC446, 0xC426, 0xBBC5, 0xCC45, 0xDCC6, 0xDCE6, 0xD485, 0xCC45, 0xDCE6, 0xED86, 0xED87, 0xEDC8, 0xF609,
  0xF60A, 0xEDCA, 0xD509, 0xBC06, 0x92E4, 0x7202, 0x69E2, 0x61C2, 0x51A3, 0x4983, 0x4942, 0x5162, 0x7A43, 0xA365, 0xB3C5, 0xB3A4,
  0xB364, 0xAB23, 0x8A42, 0x5941, 0x4901, 0x5162, 0x6A03, 0x0820, 0x0820, 0x0820, 0x0820, 0x1020, 0x1040, 0x1040, 0x1020, 0x0820,
  0x0820, 0x0820, 0x0820, 0x0820, 0x0820, 0x0820, 0x0820, 0x0820, 0x0820, 0x0820, 0x0800, 0x0000, 0x0000, 0x0000, 0x0000, 0x0000,
  0x6A23, 0x9304, 0xB3C5, 0xC466, 0xBC05, 0xBBC5, 0xCC66, 0xE527, 0xE547, 0xDCE6, 0xDCC6, 0xED66, 0xF5A7, 0xEDA7, 0xEDC8, 0xEE0A,
  0xF62B, 0xEE0B, 0xD509, 0xB3C5, 0x8AA3, 0x61C2, 0x5982, 0x4121, 0x3101, 0x28E1, 0x28C1, 0x4942, 0x8284, 0xB3E7, 0xCCA8, 0xD4C7,
  0xC405, 0xA2E2, 0x69A1, 0x4101, 0x38E1, 0x4941, 0x1020, 0x0820, 0x0820, 0x1020, 0x1020, 0x1040, 0x1040, 0x1040, 0x1040, 0x1020,
  0x0820, 0x0820, 0x0820, 0x1020, 0x1020, 0x0820, 0x0820, 0x0820, 0x0800, 0x0000, 0x0000, 0x0000, 0x0000, 0x0000, 0x0000, 0x0000,
  0x6A23, 0x9325, 0xB3E6, 0xC446, 0xBBE5, 0xBBE5, 0xD4A6, 0xE568, 0xEDA8, 0xE567, 0xE567, 0xEDA7, 0xF5C7, 0xED87, 0xE568, 0xE5A9,
  0xEE0B, 0xEDEB, 0xDCE8, 0xBBC5, 0x9AE3, 0x7A42, 0x59A2, 0x38C1, 0x1880, 0x1060, 0x1880, 0x4941, 0x92C4, 0xC427, 0xDD29, 0xE508,
  0xCC05, 0x8A42, 0x4921, 0x38E0, 0x38E1, 0x4941, 0x5161, 0x0820, 0x0820, 0x1020, 0x1040, 0x1040, 0x1840, 0x1840, 0x1840, 0x1040,
  0x1020, 0x1020, 0x1020, 0x1040, 0x1040, 0x1020, 0x0820, 0x0800, 0x0000, 0x0000, 0x0000, 0x0000, 0x0000, 0x0000, 0x0000, 0x0000,
  0x6A43, 0x9B65, 0xBC06, 0xC446, 0xBBC5, 0xC405, 0xDCE7, 0xEDC9, 0xF609, 0xEDE9, 0xEDE8, 0xEDE8, 0xED87, 0xDD06, 0xD4C6, 0xDD28,
  0xEDA9, 0xEDA9, 0xDCC7, 0xCC04, 0xB384, 0x9B03, 0x7202, 0x30C0, 0x1040, 0x0820, 0x1860, 0x5182, 0xA324, 0xCC46, 0xDCC8, 0xDCC7,
  0xC3E5, 0x8A62, 0x5961, 0x5981, 0x61A1, 0x69C2, 0x1020, 0x1020, 0x0820, 0x1020, 0x1020, 0x1020, 0x1840, 0x1860, 0x1860, 0x1860,
  0x1040, 0x1040, 0x1020, 0x1020, 0x1020, 0x0820, 0x0820, 0x0000, 0x0000, 0x0000, 0x0000, 0x0000, 0x0000, 0x0000, 0x0000, 0x0000,
  0x7264, 0xA386, 0xBC27, 0xBC26, 0xBBE5, 0xCC46, 0xE547, 0xF60A, 0x0000, 0xF64A, 0xF62A, 0xEDC8, 0xDD27, 0xCC65, 0xCC45, 0xD4A6,
  0xE548, 0xE548, 0xDCA6, 0xD424, 0xC3E4, 0xB3A4, 0x8263, 0x38E1, 0x2060, 0x1860, 0x30E1, 0x6A23, 0xB3A5, 0xD466, 0xD446, 0xD446,
  0xCC04, 0xA2E2, 0x8A42, 0x9282, 0x92A2, 0x9282, 0x9AA2, 0x0820, 0x0820, 0x0820, 0x0820, 0x1020, 0x1040, 0x1860, 0x2060, 0x1860,
  0x1860, 0x1040, 0x1020, 0x0820, 0x0820, 0x0800, 0x0000, 0x0000, 0x0000, 0x0000, 0x0000, 0x0000, 0x0000, 0x0000, 0x0000, 0x0000,
  0x7284, 0xA386, 0xBC27, 0xBC26, 0xC426, 0xD4C7, 0xEDA9, 0xF64B, 0xFE8B, 0xF66B, 0xEE0A, 0xE548, 0xD4A6, 0xCC45, 0xCC24, 0xD485,
  0xDCE6, 0xE4E6, 0xDC65, 0xCC25, 0xCC25, 0xBBE5, 0x8AA3, 0x5141, 0x38E1, 0x4121, 0x59E2, 0x9304, 0xC405, 0xD446, 0xCC26, 0xCC05,
  0xD405, 0xC3A3, 0xB343, 0xAB23, 0xA2E3, 0x9282, 0x1020, 0x0820, 0x0800, 0x0800, 0x0800, 0x1020, 0x1040, 0x1840, 0x1860, 0x1860,
  0x1840, 0x1040, 0x0820, 0x0820, 0x0800, 0x0000, 0x0000, 0x0000, 0x0000, 0x0000, 0x0000, 0x0000, 0x0000, 0x0000, 0x0000, 0x0000,
  0x7284, 0xA386, 0xB407, 0xBC26, 0xCC66, 0xE548, 0xF609, 0xF66B, 0xF68B, 0xF64B, 0xEDA9, 0xDCE6, 0xD4A5, 0xD485, 0xD485, 0xDCA6,
  0xDCC6, 0xDCA6, 0xD425, 0xC3E5, 0xC405, 0xBBC4, 0x9AE3, 0x7202, 0x69C2, 0x7243, 0x9304, 0xB3A5, 0xC3E5, 0xC405, 0xC3E5, 0xC3C4,
  0xCBE4, 0xD404, 0xC3A4, 0xA2E3, 0x7A02, 0x6181, 0x1040, 0x0820, 0x0800, 0x0800, 0x0820, 0x1020, 0x1040, 0x1840, 0x1840, 0x1840,
  0x1040, 0x1020, 0x0820, 0x0800, 0x0800, 0x0000, 0x0000, 0x0000, 0x0000, 0x0000, 0x0000, 0x0000, 0x0000, 0x0000, 0x0000, 0x0000,
  0x7284, 0x9B66, 0xABC6, 0xBC06, 0xD4E7, 0xEDA9, 0xF60A, 0xF62A, 0xF64A, 0xF609, 0xE567, 0xDD06, 0xDD06, 0xE506, 0xDD06, 0xDD07,
  0xDCE7, 0xDCA6, 0xC404, 0xBBC5, 0xB3A5, 0xB384, 0xAB23, 0x9AC3, 0x92C3, 0x9B24, 0xB3A5, 0xC3E5, 0xBBA4, 0xBB84, 0xB364, 0xA303,
  0xBB64, 0xCBE5, 0xC3A4, 0x9283, 0x6181, 0x4900, 0x1040, 0x0820, 0x0800, 0x0820, 0x0820, 0x1020, 0x1040, 0x1840, 0x1040, 0x1020,
  0x1020, 0x0820, 0x0820, 0x0820, 0x0800, 0x0800, 0x0000, 0x0000, 0x0000, 0x0000, 0x0000, 0x0000, 0x0000, 0x0000, 0x0000, 0x0000,
  0x7264, 0x9325, 0xA365, 0xB3E5, 0xD507, 0xEDC9, 0xEDC9, 0xEDC8, 0xF5E8, 0xEDC8, 0xE567, 0xE546, 0xE567, 0xE567, 0xE568, 0xE528,
  0xDD07, 0xD486, 0xC3E4, 0xBBC5, 0xB3A5, 0xAB84, 0xB384, 0xB384, 0xA344, 0xAB44, 0xB3A5, 0xC3E5, 0xBB84, 0xAB03, 0x8A82, 0x7A22,
  0x92C3, 0xBB64, 0xBB64, 0x9AA3, 0x7A02, 0x6181, 0x1040, 0x1020, 0x0820, 0x1020, 0x1020, 0x1840, 0x1840, 0x1840, 0x1040, 0x1020,
  0x0820, 0x0800, 0x0800, 0x0800, 0x0820, 0x0800, 0x0000, 0x0000, 0x0000, 0x0000, 0x0000, 0x0000, 0x0000, 0x0000, 0x0000, 0x0000,
  0x6A44, 0x8AC4, 0x9304, 0xB3C5, 0xDD07, 0xE588, 0xDD48, 0xE567, 0xF5A7, 0xF5A7, 0xED67, 0xE547, 0xE568, 0xE588, 0xE568, 0xE548,
  0xDD07, 0xD486, 0xCC25, 0xC405, 0xBBE5, 0xB3C5, 0xBBC5, 0xBBA5, 0xAB44, 0xA304, 0xAB64, 0xBBC5, 0xB364, 0x8A82, 0x69C2, 0x6181,
  0x7A22, 0xA2C3, 0xAB03, 0xA2C3, 0x9AC3, 0x9282, 0x8A62, 0x1020, 0x1020, 0x1040, 0x1840, 0x1840, 0x1860, 0x1840, 0x1040, 0x0820,
  0x0820, 0x0800, 0x0800, 0x0800, 0x0800, 0x0000, 0x0000, 0x0000, 0x0000, 0x0000, 0x0000, 0x0000, 0x0000, 0x0000, 0x0000, 0x0000,
  0x6A03, 0x7A63, 0x8AC3, 0xB3C5, 0xD4C7, 0xDCE7, 0xDCC6, 0xE526, 0xF5A7, 0xF5A7, 0xE567, 0xDD27, 0xD508, 0xDD28, 0xDD48, 0xE528,
  0xDD07, 0xD4C7, 0xD487, 0xCC86, 0xC446, 0xBBE5, 0xBBC4, 0xBBA4, 0xAB44, 0x9AE4, 0xA324, 0xB364, 0xA303, 0x7A22, 0x61A2, 0x61A2,
  0x7202, 0x8222, 0x7A22, 0x8242, 0xA2E3, 0xB323, 0x1840, 0x1840, 0x1840, 0x1840, 0x1860, 0x1860, 0x1860, 0x1840, 0x1040, 0x0820,
  0x0820, 0x0000, 0x0000, 0x0000, 0x0000, 0x0000, 0x0000, 0x0000, 0x0000, 0x0000, 0x0000, 0x0000, 0x0000, 0x0000, 0x0000, 0x0000,
  0x61E3, 0x7A43, 0x92C3, 0xBBC5, 0xD486, 0xD486, 0xD4A6, 0xED46, 0xF5A7, 0xED87, 0xDD07, 0xC487, 0xC487, 0xD4E7, 0xDD28, 0xE528,
  0xDD28, 0xD4E8, 0xD4C8, 0xCC87, 0xC446, 0xC405, 0xC3E5, 0xC3E5, 0xB3A5, 0xA324, 0x9B04, 0xA324, 0x9AE4, 0x8243, 0x7203, 0x7203,
  0x7203, 0x59A2, 0x5141, 0x61A2, 0x8A83, 0xA303, 0xB364, 0x1840, 0x1840, 0x1840, 0x1840, 0x1860, 0x1840, 0x1840, 0x1040, 0x1020,
  0x0820, 0x0820, 0x0800, 0x0000, 0x0000, 0x0000, 0x0000, 0x0000, 0x0000, 0x0000, 0x0000, 0x0000, 0x0000, 0x0000, 0x0000, 0x0000,
  0x61E3, 0x8263, 0xA324, 0xC405, 0xD486, 0xD486, 0xDCC6, 0xED67, 0xED87, 0xDD27, 0xCC86, 0xB406, 0xBC46, 0xD4E7, 0xE528, 0xDD48,
  0xD508, 0xCCA8, 0xC467, 0xCC66, 0xCC46, 0xCC25, 0xCC25, 0xCC25, 0xBBE5, 0xA344, 0x9AE4, 0x9AE4, 0xA324, 0x92C4, 0x7A63, 0x69E3,
  0x59A2, 0x4922, 0x4121, 0x5982, 0x6A02, 0x7202, 0x1860, 0x1860, 0x1860, 0x1840, 0x1040, 0x1040, 0x1040, 0x1040, 0x1040, 0x1040,
  0x1020, 0x0820, 0x0820, 0x0820, 0x0000, 0x0000, 0x0000, 0x0000, 0x0000, 0x0000, 0x0000, 0x0000, 0x0000, 0x0000, 0x0000, 0x0000,
  0x6A03, 0x92E4, 0xBBC5, 0xD466, 0xD4A6, 0xD4A6, 0xDCE6, 0xE527, 0xE527, 0xD4C6, 0xBC26, 0xB3E6, 0xC467, 0xDD27, 0xE568, 0xDD28,
  0xCCA7, 0xBC27, 0xBC06, 0xCC46, 0xCC66, 0xCC46, 0xC425, 0xBC05, 0xABA5, 0x9B24, 0x92C4, 0x9AE4, 0xA304, 0x92C4, 0x6A03, 0x4962,
  0x3902, 0x3901, 0x4962, 0x59A2, 0x5162, 0x4121, 0x69C2, 0x1840, 0x1040, 0x1040, 0x1040, 0x1040, 0x1040, 0x1040, 0x1040, 0x1040,
  0x1040, 0x0820, 0x0820, 0x0800, 0x0000, 0x0000, 0x0000, 0x0000, 0x0000, 0x0000, 0x0000, 0x0000, 0x0000, 0x0000, 0x0000, 0x0000,
  0x7A64, 0xAB85, 0xCC66, 0xD4A6, 0xD4A6, 0xD4A6, 0xD4C6, 0xD4C6, 0xD4C6, 0xCC86, 0xBC26, 0xBC46, 0xD508, 0xE588, 0xE568, 0xD4C7,
  0xC446, 0xBC06, 0xBC26, 0xCC87, 0xCC66, 0xC446, 0xBBE5, 0xA365, 0x92E4, 0x8AC4, 0x92C4, 0x8A83, 0x8263, 0x7223, 0x5182, 0x30E1,
  0x28A1, 0x30C1, 0x5162, 0x61C3, 0x4942, 0x3901, 0x1040, 0x1040, 0x1040, 0x1040, 0x1040, 0x1040, 0x1040, 0x1040, 0x1040, 0x1040,
  0x1020, 0x0820, 0x0820, 0x0000, 0x0000, 0x0000, 0x0000, 0x0000, 0x0000, 0x0000, 0x0000, 0x0000, 0x0000, 0x0000, 0x0000, 0x0000,
  0x8AE5, 0xBC26, 0xD4C6, 0xD4A6, 0xCC66, 0xC446, 0xC425, 0xC425, 0xCC86, 0xD4A6, 0xCCA7, 0xD508, 0xEDC9, 0xEDC9, 0xE547, 0xCCA6,
  0xC446, 0xC467, 0xCCA8, 0xD4A7, 0xCC66, 0xC426, 0xABA5, 0x92E4, 0x82A4, 0x8AC4, 0x8A83, 0x69E2, 0x5982, 0x5982, 0x4942, 0x30E1,
  0x28A1, 0x30E1, 0x51A3, 0x61E3, 0x5183, 0x4962, 0x69C2, 0x1020, 0x1040, 0x1040, 0x1040, 0x1040, 0x1040, 0x1040, 0x1040, 0x0820,
  0x0820, 0x0800, 0x0000, 0x0000, 0x0000, 0x0000, 0x0000, 0x0000, 0x0000, 0x0000, 0x0000, 0x0000, 0x0000, 0x0000, 0x0000, 0x0000,
  0x9345, 0xC466, 0xD4A6, 0xC446, 0xB3C5, 0xB3A5, 0xB384, 0xBBE5, 0xCC86, 0xDD27, 0xDD69, 0xEDCA, 0x0000, 0xEDA9, 0xDD07, 0xD4C7,
  0xD4E7, 0xD508, 0xD4E9, 0xCCA8, 0xC446, 0xB3C6, 0x9B25, 0x8AE4, 0x9305, 0x9B25, 0x7A43, 0x5141, 0x4121, 0x4941, 0x4942, 0x4121,
  0x3901, 0x4942, 0x59C3, 0x59C3, 0x4962, 0x4942, 0x5982, 0x1020, 0x1040, 0x1040, 0x1040, 0x1040, 0x1040, 0x1040, 0x0820, 0x0820,
  0x0820, 0x0800, 0x0000, 0x0000, 0x0000, 0x0000, 0x0000, 0x0000, 0x0000, 0x0000, 0x0000, 0x0000, 0x0000, 0x0000, 0x0000, 0x0000,
  0x9365, 0xBC26, 0xB3E5, 0xA365, 0x9B04, 0xA304, 0xAB44, 0xC3E4, 0xDCE6, 0xE588, 0xEDEA, 0xEE4B, 0xEE0A, 0xED88, 0xE527, 0xE528,
  0xE568, 0xDD29, 0xCCA8, 0xC467, 0xB3E6, 0x9305, 0x82A4, 0x8AE4, 0xA365, 0x9B25, 0x69E2, 0x4101, 0x4101, 0x4941, 0x5162, 0x4942,
  0x4942, 0x4962, 0x4962, 0x4962, 0x3902, 0x30E1, 0x3901, 0x1040, 0x1040, 0x1040, 0x1040, 0x1020, 0x1020, 0x0820, 0x0820, 0x0820,
  0x0800, 0x0800, 0x0000, 0x0000, 0x0000, 0x0800, 0x0800, 0x0000, 0x0000, 0x0000, 0x0000, 0x0000, 0x0000, 0x0000, 0x0000, 0x0000,
  0x8B25, 0xA385, 0x9304, 0x8283, 0x8A83, 0x9AE3, 0xB384, 0xD465, 0xE567, 0xEDE9, 0xEE2B, 0xEE2B, 0xEDC9, 0xED88, 0xED88, 0xEDA8,
  0xED89, 0xD508, 0xCC88, 0xC427, 0xA345, 0x7A63, 0x7243, 0x8AE5, 0x9B25, 0x82A4, 0x5982, 0x4121, 0x4941, 0x5982, 0x6182, 0x5162,
  0x4942, 0x4142, 0x3901, 0x30E1, 0x30E1, 0x30E1, 0x30E1, 0x1040, 0x1040, 0x1040, 0x0820, 0x0820, 0x0820, 0x0820, 0x0820, 0x0800,
  0x0800, 0x0800, 0x0800, 0x0820, 0x0820, 0x0820, 0x0820, 0x0820, 0x0800, 0x0000, 0x0000, 0x0000, 0x0000, 0x0000, 0x0000, 0x0000,
  0x7AA4, 0x82A3, 0x7223, 0x7202, 0x8A83, 0xAB44, 0xCC25, 0xE506, 0xEDA7, 0xEDE9, 0xDDAA, 0xDD89, 0xE588, 0xEDA8, 0xF5C8, 0xF5E9,
  0xEDA9, 0xDD09, 0xCCA8, 0xBC26, 0x92E4, 0x7243, 0x8284, 0x8AC4, 0x7A63, 0x69E2, 0x5162, 0x5161, 0x61C2, 0x71E2, 0x69C2, 0x5982,
  0x5162, 0x4941, 0x38E1, 0x30E1, 0x3901, 0x4121, 0x4941, 0x1040, 0x1020, 0x0820, 0x0820, 0x0800, 0x0000, 0x0000, 0x0800, 0x0820,
  0x0820, 0x0820, 0x0820, 0x0820, 0x0820, 0x0820, 0x0820, 0x0820, 0x0820, 0x0000, 0x0000, 0x0000, 0x0000, 0x0000, 0x0000, 0x0000,
  0x6203, 0x61E2, 0x61A2, 0x7A02, 0x9AE3, 0xC405, 0xDCE6, 0xED87, 0xEDA7, 0xDD48, 0xCCE8, 0xD508, 0xE567, 0xF5C8, 0xF609, 0xF62A,
  0xEDCA, 0xDD6A, 0xD4E8, 0xB3E6, 0x92E4, 0x8AC4, 0x9304, 0x8283, 0x69E2, 0x5982, 0x5162, 0x61A2, 0x7A23, 0x8243, 0x71E2, 0x69C2,
  0x61C2, 0x59A2, 0x5141, 0x4941, 0x5162, 0x5982, 0x61A2, 0x1040, 0x0820, 0x0820, 0x0800, 0x0000, 0x0000, 0x0000, 0x0800, 0x0820,
  0x0820, 0x0820, 0x0820, 0x0820, 0x0820, 0x0820, 0x0820, 0x0820, 0x0800, 0x0000, 0x0000, 0x0000, 0x0000, 0x0000, 0x0000, 0x0000,
  0x5182, 0x5982, 0x69E2, 0x8AA3, 0xB3A5, 0xD4A6, 0xED67, 0xED87, 0xDD26, 0xC486, 0xBC46, 0xD4E6, 0xEDA7, 0xF609, 0xF64A, 0xF64B,
  0xEDEB, 0xDD6A, 0xCCA8, 0xABA5, 0x9B45, 0xAB85, 0xA345, 0x8263, 0x69E2, 0x61C2, 0x61A2, 0x7202, 0x8A83, 0x9283, 0x8223, 0x7A23,
  0x7A43, 0x7A42, 0x7A02, 0x7202, 0x69C2, 0x6182, 0x61A1, 0x1020, 0x0820, 0x0820, 0x0000, 0x0000, 0x0000, 0x0000, 0x0800, 0x0800,
  0x0820, 0x0820, 0x0820, 0x0820, 0x0820, 0x0820, 0x0000, 0x0000, 0x0000, 0x0000, 0x0000, 0x0000, 0x0000, 0x0000, 0x0000, 0x0000,
  0x4961, 0x61C2, 0x8263, 0xA344, 0xC426, 0xDD07, 0xE587, 0xE526, 0xCC85, 0xBC25, 0xCC85, 0xE547, 0xF5E9, 0xFE4A, 0xF66B, 0xF64C,
  0xE5CB, 0xCCE9, 0xB406, 0xABC6, 0xB406, 0xB3C6, 0x9B04, 0x7A63, 0x7A43, 0x7223, 0x6A03, 0x7A43, 0x9AC3, 0x9AC3, 0x8A63, 0x8243,
  0x8A83, 0x92A3, 0x9AA3, 0x9283, 0x7A22, 0x61A2, 0x61A1, 0x1020, 0x0820, 0x0820, 0x0800, 0x0000, 0x0000, 0x0000, 0x0000, 0x0000,
  0x0800, 0x0800, 0x0800, 0x0000, 0x0000, 0x0000, 0x0000, 0x0000, 0x0000, 0x0000, 0x0000, 0x0000, 0x0000, 0x0000, 0x0000, 0x0000,
  0x5182, 0x7A43, 0x9AE4, 0xAB85, 0xBC26, 0xD4E7, 0xDD06, 0xD4A5, 0xC444, 0xCC85, 0xE526, 0xF5C8, 0xF64A, 0x0000, 0xF66C, 0xEE0B,
  0xD54A, 0xBC27, 0xABC6, 0xBC27, 0xC447, 0xA365, 0x7A43, 0x6A23, 0x7243, 0x6A23, 0x6A03, 0x8A83, 0xAB24, 0xA2E4, 0x8A63, 0x7202,
  0x7A23, 0x9AA3, 0xA2E3, 0xA2E3, 0x8A83, 0x71E2, 0x69C2, 0x0820, 0x0820, 0x0820, 0x0820, 0x0820, 0x0000, 0x0000, 0x0000, 0x0000,
  0x0000, 0x0000, 0x0000, 0x0000, 0x0000, 0x0000, 0x0000, 0x0000, 0x0000, 0x0000, 0x0000, 0x0000, 0x0000, 0x0000, 0x0000, 0x0000,
  0x6A03, 0x92C4, 0x9B04, 0xA344, 0xB3C5, 0xC466, 0xCC65, 0xCC64, 0xD4A5, 0xE546, 0xF5E8, 0xF62A, 0xFE6C, 0xF68C, 0xEE2C, 0xDD8A,
  0xBC88, 0xABC6, 0xB3E6, 0xC488, 0xABE6, 0x7263, 0x5182, 0x5182, 0x51A2, 0x5182, 0x61E3, 0x92A4, 0xAB44, 0xA2E4, 0x7A02, 0x61C2,
  0x7A02, 0x9AA3, 0xA303, 0xA2E3, 0x8A83, 0x7A22, 0x69E2, 0x61A2, 0x0820, 0x0820, 0x0820, 0x0800, 0x0000, 0x0000, 0x0000, 0x0000,
  0x0000, 0x0000, 0x0000, 0x0000, 0x0000, 0x0000, 0x0000, 0x0000, 0x0000, 0x0000, 0x0000, 0x0000, 0x0000, 0x0000, 0x0000, 0x0000,
  0x7A43, 0x92C4, 0x92A3, 0x92E4, 0xAB85, 0xBC05, 0xCC44, 0xD4C5, 0xE567, 0xF609, 0xF62A, 0xF64B, 0xF66C, 0xEE4C, 0xDD8A, 0xC4A8,
  0xABE6, 0xB3E6, 0xC488, 0xC488, 0x8B05, 0x4962, 0x30E1, 0x30E1, 0x30E1, 0x3921, 0x61C2, 0x92A4, 0xA304, 0x8A83, 0x61C2, 0x61C2,
  0x8243, 0x92C3, 0x9AC3, 0x92A3, 0x8263, 0x7A23, 0x69E2, 0x0820, 0x0820, 0x0800, 0x0800, 0x0000, 0x0000, 0x0000, 0x0000, 0x0000,
  0x0000, 0x0000, 0x0000, 0x0000, 0x0000, 0x0000, 0x0000, 0x0000, 0x0000, 0x0000, 0x0000, 0x0000, 0x0000, 0x0000, 0x0000, 0x0000,
  0x7A63, 0x8A83, 0x8AA3, 0x9B04, 0xB3C5, 0xCC45, 0xDCC5, 0xE566, 0xF609, 0xF62A, 0xF60A, 0xEE0B, 0xEE2B, 0xE5AA, 0xCCC8, 0xB406,
  0xBC06, 0xCCC8, 0xD529, 0xB407, 0x6A43, 0x3921, 0x28C1, 0x20A0, 0x20A0, 0x3901, 0x61C2, 0x8263, 0x8263, 0x61C2, 0x5162, 0x69E2,
  0x8263, 0x8A83, 0x8263, 0x8243, 0x7A43, 0x7203, 0x61C2, 0x5162, 0x0000, 0x0000, 0x0000, 0x0000, 0x0000, 0x0000, 0x0000, 0x0000,
  0x0000, 0x0000, 0x0000, 0x0000, 0x0000, 0x0000, 0x0000, 0x0000, 0x0000, 0x0000, 0x0000, 0x0000, 0x0000, 0x0000, 0x0000, 0x0000,
  0x7A63, 0x92C4, 0x9B24, 0xB3C5, 0xCC66, 0xDCE6, 0xE566, 0xF5E8, 0xF609, 0xEDE9, 0xE589, 0xE58A, 0xDD89, 0xD4E8, 0xBC47, 0xBC26,
  0xD4E8, 0xE58A, 0xDD49, 0xA3A6, 0x61E2, 0x4142, 0x3101, 0x20A0, 0x28C0, 0x4121, 0x61C2, 0x7223, 0x61C2, 0x4941, 0x4941, 0x69E2,
  0x7A43, 0x7A43, 0x7A23, 0x7203, 0x7203, 0x61C2, 0x5162, 0x4942, 0x0000, 0x0000, 0x0000, 0x0000, 0x0000, 0x0000, 0x0000, 0x0000,
  0x0000, 0x0000, 0x0000, 0x0000, 0x0000, 0x0000, 0x0000, 0x0000, 0x0000, 0x0000, 0x0000, 0x0000, 0x0000, 0x0000, 0x0000, 0x0000,
  0x8AC4, 0xA385, 0xBC06, 0xCC86, 0xDCE6, 0xE546, 0xED87, 0xEDA8, 0xE5A8, 0xDD28, 0xCCC7, 0xCCC8, 0xD4E8, 0xCCA7, 0xCC87, 0xD4E8,
  0xEDCA, 0xEE0B, 0xD509, 0x9B25, 0x61E2, 0x4962, 0x3101, 0x28C1, 0x3901, 0x59A2, 0x7223, 0x7223, 0x5982, 0x4941, 0x5982, 0x7203,
  0x7A43, 0x7A23, 0x7202, 0x7A23, 0x7203, 0x69C2, 0x5982, 0x5162, 0x4941, 0x0000, 0x0000, 0x0000, 0x0000, 0x0000, 0x0000, 0x0000,
  0x0000, 0x0000, 0x0000, 0x0000, 0x0000, 0x0000, 0x0000, 0x0000, 0x0000, 0x0000, 0x0000, 0x0000, 0x0000, 0x0000, 0x0000, 0x0000,
  0x9B85, 0xBC26, 0xC466, 0xCCA6, 0xCCC6, 0xD4E6, 0xDCE6, 0xDD07, 0xD4E7, 0xC446, 0xBC26, 0xC487, 0xD4E8, 0xDD08, 0xDD28, 0xED8A,
  0xF62C, 0xEE0C, 0xCCA8, 0x92E4, 0x61E2, 0x4962, 0x3921, 0x4121, 0x59A2, 0x7A43, 0x8AA3, 0x8243, 0x69C2, 0x59A2, 0x69E2, 0x7A23,
  0x7A23, 0x7A02, 0x8243, 0x8A63, 0x8263, 0x7A02, 0x69C2, 0x61A2, 0x0000, 0x0000, 0x0000, 0x0000, 0x0000, 0x0000, 0x0000, 0x0000,
  0x0000, 0x0000, 0x0000, 0x0000, 0x0000, 0x0000, 0x0000, 0x0000, 0x0000, 0x0000, 0x0000, 0x0000, 0x0000, 0x0000, 0x0000, 0x0000,
  0xA3A6, 0xABE6, 0xABE5, 0xB3E5, 0xB405, 0xBC05, 0xC445, 0xCC66, 0xBC26, 0xB3E5, 0xBC46, 0xD4E7, 0xE548, 0xE569, 0xE589, 0xEDEB,
  0xF62C, 0xE5AA, 0xBC26, 0x8AC3, 0x7223, 0x61C2, 0x5982, 0x61A2, 0x7A22, 0x92A3, 0xA2E3, 0x92A3, 0x7A22, 0x7203, 0x7A43, 0x8243,
  0x7A23, 0x8243, 0x8A83, 0x92A3, 0x8A83, 0x8243, 0x7202, 0x71E2, 0x69C2, 0x0000, 0x0000, 0x0000, 0x0000, 0x0000, 0x0000, 0x0000,
  0x0000, 0x0000, 0x0000, 0x0000, 0x0000, 0x0000, 0x0000, 0x0000, 0x0000, 0x0000, 0x0000, 0x0000, 0x0000, 0x0000, 0x0000, 0x0000,
  0x8B25, 0x8B04, 0x8AE4, 0x8B04, 0x9303, 0xA364, 0xB3C5, 0xBC05, 0xB406, 0xBC47, 0xCCC8, 0xDD48, 0xE568, 0xE589, 0xEDCA, 0x0000,
  0xEE0B, 0xD508, 0xABA5, 0x92E4, 0x8AA3, 0x7A43, 0x7202, 0x7202, 0x8A83, 0xAB03, 0xAB23, 0xA2E3, 0x8A63, 0x7A23, 0x7A23, 0x8243,
  0x8243, 0x8263, 0x8A83, 0x8A83, 0x8263, 0x7203, 0x69E2, 0x69C2, 0x61C2, 0x0000, 0x0000, 0x0000, 0x0000, 0x0000, 0x0000, 0x0000,
  0x0000, 0x0000, 0x0000, 0x0000, 0x0000, 0x0000, 0x0000, 0x0000, 0x0000, 0x0000, 0x0000, 0x0000, 0x0000, 0x0000, 0x0000, 0x0000,
  0x6223, 0x6223, 0x6A43, 0x7A83, 0x8AC3, 0x9B44, 0xB3C5, 0xBC26, 0xC467, 0xCCC8, 0xDD28, 0xE548, 0xE589, 0xEDEA, 0xF62B, 0xEE0B,
  0xDD49, 0xBC06, 0x9B24, 0x92E4, 0x8AC4, 0x7A63, 0x7202, 0x7A43, 0x92C3, 0xA323, 0xAB23, 0xA2C3, 0x8A63, 0x7A22, 0x8243, 0x8A63,
  0x7A23, 0x7203, 0x7A23, 0x7A43, 0x69E2, 0x5182, 0x5182, 0x5182, 0x5162, 0x4141, 0x0000, 0x0000, 0x0000, 0x0000, 0x0000, 0x0000,
  0x0000, 0x0000, 0x0000, 0x0000, 0x0000, 0x0000, 0x0000, 0x0000, 0x0000, 0x0000, 0x0000, 0x0000, 0x0000, 0x0000, 0x0000, 0x0000,
  0x4982, 0x59E2, 0x7263, 0x82C3, 0x9B44, 0xB3C5, 0xC426, 0xC446, 0xCCA7, 0xD4E8, 0xDD28, 0xE589, 0xEE0B, 0xF64B, 0xF60B, 0xDD49,
  0xBC47, 0x9325, 0x82A3, 0x7A83, 0x7243, 0x61E2, 0x61C2, 0x6A02, 0x7A42, 0x8283, 0x8A83, 0x8A83, 0x8A63, 0x9263, 0x92A3, 0x8A83,
  0x7222, 0x69E2, 0x69E2, 0x69E2, 0x5182, 0x4962, 0x4962, 0x4962, 0x4141, 0x0000, 0x0000, 0x0000, 0x0000, 0x0000, 0x0000, 0x0000,
  0x0000, 0x0000, 0x0000, 0x0000, 0x0000, 0x0000, 0x0000, 0x0000, 0x0000, 0x0000, 0x0000, 0x0000, 0x0000, 0x0000, 0x0000, 0x0000,
  0x59E2, 0x7AA4, 0x9344, 0xABC5, 0xBC26, 0xC446, 0xC446, 0xC446, 0xCC87, 0xD4E8, 0xE569, 0xEDEA, 0xF62B, 0xF60A, 0xE548, 0xBC46,
  0x9B25, 0x7A64, 0x6A03, 0x59A2, 0x4961, 0x4121, 0x4141, 0x4961, 0x5182, 0x5182, 0x61C2, 0x7A22, 0x9283, 0x9AC3, 0x9AE3, 0x92C3,
  0x8243, 0x6A02, 0x61C2, 0x59A2, 0x5182, 0x5182, 0x51A2, 0x5182, 0x4962, 0x5182, 0x0000, 0x0000, 0x0000, 0x0000, 0x0000, 0x0000,
  0x0000, 0x0000, 0x0000, 0x0000, 0x0000, 0x0000, 0x0000, 0x0000, 0x0000, 0x0000, 0x0000, 0x0000, 0x0000, 0x0000, 0x0000, 0x0000,
  0x82C4, 0xA3A5, 0xBC26, 0xC467, 0xCC87, 0xC446, 0xBC06, 0xC447, 0xCCA7, 0xDD28, 0xE589, 0xEDC9, 0xEDC9, 0xE548, 0xC446, 0x9B24,
  0x7243, 0x59C3, 0x4142, 0x3101, 0x30E1, 0x30E1, 0x3101, 0x3901, 0x3101, 0x3901, 0x4961, 0x7202, 0x8A83, 0x92C3, 0x9AE4, 0x92C4,
  0x8263, 0x61C2, 0x5182, 0x4962, 0x5162, 0x59A2, 0x61C2, 0x61E3, 0x59C3, 0x59C2, 0x0000, 0x0000, 0x0000, 0x0000, 0x0000, 0x0000,
  0x0000, 0x0000, 0x0000, 0x0000, 0x0000, 0x0000, 0x0000, 0x0000, 0x0000, 0x0000, 0x0000, 0x0000, 0x0000, 0x0000, 0x0000, 0x0000,
  0xA3A5, 0xBC26, 0xC466, 0xCC87, 0xCC66, 0xBC26, 0xBC26, 0xC467, 0xD4C8, 0xD4C8, 0xD4E8, 0xDD48, 0xE548, 0xCC86, 0x9B44, 0x6A23,
  0x5182, 0x3921, 0x28E1, 0x28C1, 0x30E1, 0x3921, 0x3921, 0x3101, 0x30E1, 0x30E1, 0x5162, 0x7203, 0x8A83, 0x92A4, 0x92A4, 0x8263,
  0x61C2, 0x4962, 0x3901, 0x3901, 0x4142, 0x5182, 0x59C2, 0x59C3, 0x59C2, 0x59C2, 0x61E3, 0x0000, 0x0000, 0x0000, 0x0000, 0x0000,
  0x0000, 0x0000, 0x0000, 0x0000, 0x0000, 0x0000, 0x0000, 0x0000, 0x0000, 0x0000, 0x0000, 0x0000, 0x0000, 0x0000, 0x0000, 0x0000,
  0xA3A5, 0xB3E5, 0xBC26, 0xC466, 0xC447, 0xC447, 0xC467, 0xCC67, 0xC447, 0xC426, 0xCC87, 0xDD08, 0xD4A7, 0xABA5, 0x7A63, 0x5182,
  0x3921, 0x3101, 0x3101, 0x3901, 0x4962, 0x4982, 0x4142, 0x3921, 0x4121, 0x5182, 0x7223, 0x8A83, 0x92A4, 0x8284, 0x7A43, 0x61C2,
  0x4942, 0x30E1, 0x28C1, 0x30E1, 0x4142, 0x5182, 0x59A2, 0x59A2, 0x59C2, 0x61E3, 0x0000, 0x0000, 0x0000, 0x0000, 0x0000, 0x0000,
  0x0000, 0x0000, 0x0000, 0x0000, 0x0000, 0x0000, 0x0000, 0x0000, 0x0000, 0x0000, 0x0000, 0x0000, 0x0000, 0x0000, 0x0000, 0x0000,
  0x9324, 0xABA5, 0xBC06, 0xC447, 0xC447, 0xC447, 0xC447, 0xBC06, 0xBBE6, 0xC426, 0xD4A7, 0xCC87, 0xB3E5, 0x92E4, 0x6A03, 0x51A2,
  0x4982, 0x4982, 0x51A3, 0x59C3, 0x61E3, 0x59C2, 0x5182, 0x59A2, 0x6A02, 0x8263, 0x92C4, 0x92C4, 0x8284, 0x6A03, 0x59A2, 0x4942,
  0x3901, 0x30E1, 0x30E1, 0x3901, 0x4962, 0x59A2, 0x61C3, 0x61E3, 0x61E3, 0x6A03, 0x6A23, 0x0000, 0x0000, 0x0000, 0x0000, 0x0000,
  0x0000, 0x0000, 0x0000, 0x0000, 0x0000, 0x0000, 0x0000, 0x0000, 0x0000, 0x0000, 0x0000, 0x0000, 0x0000, 0x0000, 0x0000, 0x0000,
  0x9304, 0xABA5, 0xBC06, 0xBC26, 0xBC06, 0xBC06, 0xBC06, 0xBC06, 0xC426, 0xCC67, 0xC446, 0xABA5, 0x9304, 0x7A63, 0x6A23, 0x6A03,
  0x6A23, 0x7264, 0x7284, 0x7264, 0x6A23, 0x6A03, 0x7223, 0x8263, 0x92C4, 0x9AE4, 0x9AC4, 0x8283, 0x61E3, 0x5182, 0x4142, 0x4121,
  0x4122, 0x4142, 0x4962, 0x5182, 0x59C3, 0x61E3, 0x61E3, 0x59C3, 0x59C3, 0x61E3, 0x6203, 0x6203, 0x0000, 0x0000, 0x0000, 0x0000,
  0x0000, 0x0000, 0x0000, 0x0000, 0x0000, 0x0000, 0x0000, 0x0000, 0x0000, 0x0000, 0x0000, 0x0000, 0x0000, 0x0000, 0x0000, 0x0000,
  0x9B25, 0xABA5, 0xB3C6, 0xB3E6, 0xB3E6, 0xBC27, 0xC447, 0xCC87, 0xCC87, 0xBC06, 0xA344, 0x8AA4, 0x7243, 0x6A23, 0x6A03, 0x6A23,
  0x7A84, 0x82C5, 0x82A4, 0x7A44, 0x7223, 0x7A43, 0x92A4, 0xA304, 0xA324, 0x9B04, 0x8AA3, 0x6A03, 0x5182, 0x4142, 0x4142, 0x4962,
  0x51A2, 0x59C3, 0x61E3, 0x61E3, 0x6A03, 0x6A03, 0x61E3, 0x59A3, 0x5182, 0x51A2, 0x59C3, 0x61E3, 0x0000, 0x0000, 0x0000, 0x0000,
  0x0000, 0x0000, 0x0000, 0x0000, 0x0000, 0x0000, 0x0000, 0x0000, 0x0000, 0x0000, 0x0000, 0x0000, 0x0000, 0x0000, 0x0000, 0x0000,
  0x9B45, 0xA385, 0xABA6, 0xB406, 0xBC47, 0xCCA8, 0xD4C8, 0xD4A7, 0xBC06, 0x9B24, 0x7A63, 0x61E3, 0x59A2, 0x51A2, 0x59C3, 0x6A03,
  0x7A64, 0x7A84, 0x7A64, 0x7A43, 0x8263, 0x8AA4, 0x9B04, 0xAB44, 0xAB45, 0x9B04, 0x8AA4, 0x6A03, 0x59A2, 0x5182, 0x51A2, 0x59C3,
  0x61E3, 0x6203, 0x6A03, 0x6A23, 0x7243, 0x7223, 0x6A03, 0x59C3, 0x4982, 0x4962, 0x51A3, 0x61E3, 0x6203, 0x0000, 0x0000, 0x0000,
  0x0000, 0x0000, 0x0000, 0x0000, 0x0000, 0x0000, 0x0000, 0x0000, 0x0000, 0x0000, 0x0000, 0x0000, 0x0000, 0x0000, 0x0000, 0x0000,
  0xA365, 0xABC6, 0xBC27, 0xC467, 0xCCA8, 0xD4C7, 0xCC87, 0xBBE5, 0x9B24, 0x7A43, 0x59A2, 0x4942, 0x4142, 0x4962, 0x59A3, 0x6A03,
  0x7244, 0x8284, 0x8284, 0x8AA4, 0x92C4, 0x9AE4, 0xA304, 0xAB45, 0xAB65, 0xA324, 0x8AA4, 0x7223, 0x6A03, 0x61E3, 0x61E3, 0x59C3,
  0x51A3, 0x51A2, 0x59C3, 0x61E3, 0x61E3, 0x61E3, 0x6A03, 0x61E3, 0x51A2, 0x4982, 0x59C3, 0x6A03, 0x7223, 0x0000, 0x0000, 0x0000,
  0x0000, 0x0000, 0x0000, 0x0000, 0x0000, 0x0000, 0x0000, 0x0000, 0x0000, 0x0000, 0x0000, 0x0000, 0x0000, 0x0000, 0x0000, 0x0000,
  0xABC6, 0xBC27, 0xC467, 0xC467, 0xC466, 0xC426, 0xB3C5, 0x9B24, 0x7263, 0x51A2, 0x4141, 0x3921, 0x4942, 0x5182, 0x61C3, 0x7223,
  0x8284, 0x8AC4, 0x92C4, 0x92C4, 0x92C4, 0x9AC4, 0x9AE4, 0xA324, 0xA325, 0x92C4, 0x8263, 0x7223, 0x6A03, 0x61E3, 0x59A2, 0x4962,
  0x4162, 0x4142, 0x4962, 0x4962, 0x4962, 0x51A2, 0x59C3, 0x59C3, 0x4983, 0x4982, 0x59C3, 0x6A23, 0x7244, 0x7A84, 0x0000, 0x0000,
  0x0000, 0x0000, 0x0000, 0x0000, 0x0000, 0x0000, 0x0000, 0x0000, 0x0000, 0x0000, 0x0000, 0x0000, 0x0000, 0x0000, 0x0000, 0x0000,
  0xB3E6, 0xBC06, 0xBC06, 0xBBC5, 0xABA5, 0xA344, 0x8AC4, 0x6A23, 0x4982, 0x3921, 0x4122, 0x4962, 0x59C2, 0x61E3, 0x6A03, 0x7264,
  0x82A4, 0x8AA4, 0x8AA4, 0x8AA3, 0x8A83, 0x8263, 0x8A83, 0x8A84, 0x8263, 0x7A43, 0x7223, 0x7203, 0x6A03, 0x61C2, 0x5182, 0x4962,
  0x4162, 0x4142, 0x4142, 0x4162, 0x51A3, 0x59E3, 0x61E3, 0x59E3, 0x51A3, 0x4983, 0x51A3, 0x61E3, 0x6A03, 0x0000, 0x0000, 0x0000,
  0x0000, 0x0000, 0x0000, 0x0000, 0x0000, 0x0000, 0x0000, 0x0000, 0x0000, 0x0000, 0x0000, 0x0000, 0x0000, 0x0000, 0x0000, 0x0000,
  0xB3C6, 0xB3A5, 0xAB65, 0x9B24, 0x8AC4, 0x7243, 0x59C2, 0x4162, 0x3942, 0x4142, 0x51A2, 0x6203, 0x7223, 0x7223, 0x6A23, 0x7223,
  0x7A43, 0x7A63, 0x8263, 0x7A43, 0x7203, 0x7203, 0x6A03, 0x7203, 0x6A03, 0x6A03, 0x6A03, 0x6A03, 0x61E3, 0x59C2, 0x5182, 0x5182,
  0x4982, 0x4982, 0x4982, 0x51A3, 0x61E3, 0x6A24, 0x6A24, 0x6203, 0x59C3, 0x59C3, 0x59A3, 0x59C3, 0x59C3, 0x6A03, 0x0000, 0x0000,
  0x0000, 0x0000, 0x0000, 0x0000, 0x0000, 0x0000, 0x0000, 0x0000, 0x0000, 0x0000, 0x0000, 0x0000, 0x0000, 0x0000, 0x0000, 0x0000,
  0xA345, 0x9B25, 0x8AC4, 0x7A63, 0x6A03, 0x59C2, 0x4982, 0x4982, 0x59A2, 0x6203, 0x7A64, 0x82A4, 0x82A4, 0x7243, 0x6A03, 0x6A03,
  0x7223, 0x8263, 0x8263, 0x7A43, 0x7223, 0x6A03, 0x69E3, 0x69E3, 0x69E3, 0x69E3, 0x6A03, 0x6A03, 0x61E3, 0x59C3, 0x5182, 0x5182,
  0x5182, 0x51A2, 0x51A2, 0x51A3, 0x51A3, 0x59C3, 0x59C3, 0x59C3, 0x61E3, 0x61E3, 0x61C3, 0x59C3, 0x59C3, 0x59C3, 0x0000, 0x0000,
  0x0000, 0x0000, 0x0000, 0x0000, 0x0000, 0x0000, 0x0000, 0x0000, 0x0000, 0x0000, 0x0000, 0x0000, 0x0000, 0x0000, 0x0000, 0x0000,
  0x92E4, 0x82A4, 0x7A64, 0x7223, 0x6A03, 0x6203, 0x6A23, 0x7243, 0x7A64, 0x8AC4, 0x9B05, 0x9305, 0x8AA4, 0x7243, 0x6A03, 0x7A43,
  0x8283, 0x92A3, 0x92C4, 0x8A83, 0x7A63, 0x7223, 0x6A03, 0x6A03, 0x7203, 0x7223, 0x7223, 0x6A23, 0x61E3, 0x59A2, 0x59A2, 0x59A2,
  0x59A2, 0x5182, 0x4962, 0x4962, 0x4962, 0x4962, 0x5182, 0x51A2, 0x59A3, 0x59C3, 0x59A3, 0x51A2, 0x5182, 0x5183, 0x0000, 0x0000,
  0x0000, 0x0000, 0x0000, 0x0000, 0x0000, 0x0000, 0x0000, 0x0000, 0x0000, 0x0000, 0x0000, 0x0000, 0x0000, 0x0000, 0x0000, 0x0000,
  0x8284, 0x8264, 0x7A64, 0x7A64, 0x7A64, 0x7A84, 0x8284, 0x82A4, 0x92E4, 0x9B05, 0x9304, 0x8AA4, 0x7A63, 0x7223, 0x7A43, 0x8A83,
  0x92C4, 0x92E4, 0x92C4, 0x8283, 0x7A43, 0x7223, 0x7223, 0x7A23, 0x7A43, 0x7A63, 0x7243, 0x6A03, 0x61E3, 0x61C2, 0x59A2, 0x5182,
  0x5182, 0x4962, 0x4962, 0x4142, 0x4962, 0x4962, 0x5182, 0x59A3, 0x59C3, 0x59C3, 0x59A3, 0x5183, 0x4982, 0x5183, 0x51C3, 0x0000,
  0x0000, 0x0000, 0x0000, 0x0000, 0x0000, 0x0000, 0x0000, 0x0000, 0x0000, 0x0000, 0x0000, 0x0000, 0x0000, 0x0000, 0x0000, 0x0000,
  0x8AA4, 0x8AA4, 0x8AA4, 0x8AA4, 0x8AA4, 0x8AA4, 0x8284, 0x8AA4, 0x8AA4, 0x8AC4, 0x8AA4, 0x8263, 0x7A43, 0x7223, 0x7223, 0x7A43,
  0x7A63, 0x7A63, 0x7A63, 0x7A43, 0x7223, 0x7203, 0x7203, 0x7223, 0x7A23, 0x7A43, 0x7A43, 0x7223, 0x6A03, 0x61E3, 0x59C3, 0x5182,
  0x5182, 0x4962, 0x4962, 0x4962, 0x4982, 0x51A2, 0x59C3, 0x61E3, 0x61E3, 0x59C3, 0x59C3, 0x51A3, 0x5183, 0x4983, 0x51A3, 0x0000,
  0x0000, 0x0000, 0x0000, 0x0000, 0x0000, 0x0000, 0x0000, 0x0000, 0x0000, 0x0000, 0x0000, 0x0000, 0x0000, 0x0000, 0x0000, 0x0000,
  0x7244, 0x8AA4, 0x92E4, 0x92E4, 0x92E4, 0x92E4, 0x92C4, 0x8AA3, 0x8A83, 0x8283, 0x8263, 0x7A63, 0x7A43, 0x7223, 0x7223, 0x7203,
  0x69E2, 0x61E2, 0x61C2, 0x61C2, 0x61C2, 0x61C2, 0x59C2, 0x61C2, 0x61E3, 0x7223, 0x7A44, 0x7A64, 0x7243, 0x7223, 0x6A03, 0x61C3,
  0x59A3, 0x5182, 0x5182, 0x5182, 0x51A2, 0x59A3, 0x59C3, 0x61E3, 0x59C3, 0x51A3, 0x4983, 0x4983, 0x4983, 0x4983, 0x49A3, 0x51C3,
  0x0000, 0x0000, 0x0000, 0x0000, 0x0000, 0x0000, 0x0000, 0x0000, 0x0000, 0x0000, 0x0000, 0x0000, 0x0000, 0x0000, 0x0000, 0x0000,
  0x4142, 0x6A03, 0x8AA4, 0x9B04, 0xA325, 0xA324, 0x9B04, 0x92E4, 0x8AA3, 0x8A83, 0x8263, 0x7A43, 0x7A23, 0x7A23, 0x7A23, 0x7A23,
  0x7203, 0x61C2, 0x59A2, 0x5182, 0x5162, 0x5162, 0x5162, 0x5182, 0x51A2, 0x61E3, 0x6A03, 0x7243, 0x7223, 0x6A23, 0x6A03, 0x6203,
  0x61E3, 0x59C3, 0x59A3, 0x59A3, 0x59A3, 0x59A3, 0x51A3, 0x4983, 0x4963, 0x3942, 0x3922, 0x3922, 0x4142, 0x4963, 0x51A3, 0x59C3,
  0x6204, 0x0000, 0x0000, 0x0000, 0x0000, 0x0000, 0x0000, 0x0000, 0x0000, 0x0000, 0x0000, 0x0000, 0x0000, 0x0000, 0x0000, 0x0000,
  0x1081, 0x3102, 0x59C3, 0x82A4, 0x9B05, 0xA345, 0xA345, 0xA324, 0x9AE4, 0x92A3, 0x8A83, 0x8283, 0x8263, 0x8243, 0x8243, 0x8263,
  0x8263, 0x7223, 0x69E2, 0x59A2, 0x5182, 0x5182, 0x5182, 0x5182, 0x51A2, 0x59C3, 0x59C3, 0x59E3, 0x59C3, 0x51A3, 0x4982, 0x4982,
  0x59A3, 0x59C3, 0x61C3, 0x61C3, 0x61C3, 0x61C3, 0x51A3, 0x4142, 0x30E2, 0x20C1, 0x20C1, 0x20C1, 0x30E2, 0x4142, 0x4983, 0x59C3,
  0x61E3, 0x0000, 0x0000, 0x0000, 0x0000, 0x0000, 0x0000, 0x0000, 0x0000, 0x0000, 0x0000, 0x0000, 0x0000, 0x0000, 0x0000, 0x0000,
  0x0841, 0x1061, 0x28E2, 0x59C3, 0x82A4, 0xA345, 0xAB65, 0xAB45, 0xA324, 0x9AE4, 0x92C3, 0x92A3, 0x92C3, 0x92C3, 0x8AA3, 0x8AA4,
  0x8AA4, 0x8284, 0x7A43, 0x7203, 0x69E2, 0x61C2, 0x69E2, 0x6A03, 0x6A03, 0x6A03, 0x61E3, 0x59A3, 0x4982, 0x3922, 0x3102, 0x3102,
  0x3942, 0x5183, 0x59C3, 0x61E3, 0x61E3, 0x61E3, 0x59A3, 0x4142, 0x28E1, 0x18A1, 0x1881, 0x18A1, 0x20C1, 0x3102, 0x4142, 0x4983,
  0x51A3, 0x51A3, 0x59C3, 0x0000, 0x0000, 0x0000, 0x0000, 0x0000, 0x0000, 0x0000, 0x0000, 0x0000, 0x0000, 0x0000, 0x0000, 0x0000,
  0x0020, 0x0840, 0x1061, 0x28E2, 0x59C3, 0x82A4, 0xA345, 0xAB65, 0xA345, 0xA304, 0x9AE4, 0x9AE3, 0xA2E4, 0xA304, 0xA324, 0x9B24,
  0x9AE4, 0x92C4, 0x8AA4, 0x8263, 0x7A43, 0x7223, 0x7223, 0x7A43, 0x8263, 0x8263, 0x7A43, 0x6A03, 0x59A3, 0x4962, 0x3922, 0x3102,
  0x3922, 0x4962, 0x59A3, 0x59C3, 0x59A3, 0x51A3, 0x4983, 0x3922, 0x28E1, 0x20A1, 0x18A1, 0x20C1, 0x28E2, 0x3102, 0x3922, 0x4163,
  0x4983, 0x51A3, 0x51A3, 0x0000, 0x0000, 0x0000, 0x0000, 0x0000, 0x0000, 0x0000, 0x0000, 0x0000, 0x0000, 0x0000, 0x0000, 0x0000,
  0x0020, 0x0020, 0x0020, 0x1061, 0x28E1, 0x51A2, 0x7A64, 0x92E4, 0x9B04, 0x9AE4, 0x92C4, 0x9AE3, 0xA2E4, 0xA324, 0xAB65, 0xAB85,
  0xAB65, 0xA325, 0x92E4, 0x8AA4, 0x8263, 0x7A43, 0x7A43, 0x7223, 0x7A43, 0x7A63, 0x8263, 0x7A43, 0x7223, 0x61E3, 0x59C3, 0x51A3,
  0x4982, 0x51A3, 0x59C3, 0x51A3, 0x4962, 0x3942, 0x3102, 0x20C2, 0x18A1, 0x18A1, 0x18A1, 0x20C1, 0x28E2, 0x3102, 0x3942, 0x4163,
  0x51A3, 0x51C3, 0x51A3, 0x49A3, 0x0000, 0x0000, 0x0000, 0x0000, 0x0000, 0x0000, 0x0000, 0x0000, 0x0000, 0x0000, 0x0000, 0x0000,
  0x0020, 0x0020, 0x0020, 0x0820, 0x1060, 0x30E1, 0x59A2, 0x7223, 0x8283, 0x8283, 0x8283, 0x8A83, 0x92A3, 0x9AE3, 0xA324, 0xAB45,
  0xAB65, 0xA345, 0x9B04, 0x8AA4, 0x7A63, 0x7A43, 0x7A63, 0x7A43, 0x7223, 0x7223, 0x7223, 0x7243, 0x7223, 0x7223, 0x7223, 0x7244,
  0x7224, 0x6A03, 0x61E3, 0x51A3, 0x4142, 0x3102, 0x20C2, 0x18A1, 0x1881, 0x1081, 0x1081, 0x1881, 0x18A2, 0x28E2, 0x3942, 0x4163,
  0x4983, 0x51C3, 0x59C3, 0x51A3, 0x51A3, 0x0000, 0x0000, 0x0000, 0x0000, 0x0000, 0x0000, 0x0000, 0x0000, 0x0000, 0x0000, 0x0000,
  0x0021, 0x0020, 0x0020, 0x0820, 0x1040, 0x20A1, 0x4121, 0x61C2, 0x7223, 0x7A63, 0x7A43, 0x7A43, 0x8263, 0x92A3, 0x9AE3, 0xA304,
  0xA324, 0x9B04, 0x92C4, 0x8283, 0x7A43, 0x7A43, 0x7A43, 0x7A63, 0x7A43, 0x7223, 0x7223, 0x7243, 0x7243, 0x7223, 0x7243, 0x7A64,
  0x8284, 0x7A84, 0x6A23, 0x59C3, 0x4962, 0x3922, 0x28E2, 0x20C2, 0x20C1, 0x18A1, 0x1881, 0x1081, 0x18A1, 0x20C2, 0x3922, 0x4163,
  0x51A3, 0x59C3, 0x61E4, 0x59E4, 0x59E4, 0x5A04, 0x0000, 0x0000, 0x0000, 0x0000, 0x0000, 0x0000, 0x0000, 0x0000, 0x0000, 0x0000,
  0x0021, 0x0021, 0x0020, 0x0820, 0x1040, 0x1881, 0x30E1, 0x5182, 0x69E2, 0x7A43, 0x7A63, 0x8263, 0x8283, 0x92A4, 0x9B04, 0xA324,
  0xAB24, 0xA304, 0x9AE4, 0x8AA3, 0x8283, 0x8263, 0x8263, 0x8283, 0x8284, 0x7A64, 0x7A44, 0x7244, 0x7A64, 0x7A84, 0x8284, 0x8284,
  0x82A4, 0x7A84, 0x6A24, 0x59C3, 0x5183, 0x4962, 0x4142, 0x3922, 0x3102, 0x28E2, 0x20C1, 0x18A1, 0x1881, 0x18A1, 0x28E2, 0x3922,
  0x4983, 0x59C4, 0x61E4, 0x6204, 0x6204, 0x6204, 0x6204, 0x0000, 0x0000, 0x0000, 0x0000, 0x0000, 0x0000, 0x0000, 0x0000, 0x0000,
  0x0020, 0x0021, 0x0020, 0x0840, 0x1060, 0x20A1, 0x30E1, 0x4121, 0x5182, 0x61C2, 0x6A03, 0x7223, 0x7A63, 0x8AC4, 0xA324, 0xAB85,
  0xB3A5, 0xB385, 0xAB65, 0xAB44, 0xA304, 0x9B04, 0x9AE4, 0x92A4, 0x8AA4, 0x8284, 0x7A84, 0x7244, 0x7243, 0x7244, 0x7A84, 0x8284,
  0x8284, 0x7264, 0x6204, 0x59C3, 0x51A3, 0x51A3, 0x51A3, 0x5183, 0x4963, 0x3922, 0x28E2, 0x20A1, 0x18A1, 0x18A1, 0x18A1, 0x28E2,
  0x3922, 0x4963, 0x51C3, 0x59C3, 0x59E4, 0x6204, 0x59E4, 0x51A3, 0x0000, 0x0000, 0x0000, 0x0000, 0x0000, 0x0000, 0x0000, 0x0000,
  0x0020, 0x0020, 0x0820, 0x0841, 0x1881, 0x28C1, 0x3901, 0x4942, 0x4942, 0x4962, 0x4962, 0x5182, 0x59C2, 0x7223, 0x92C4, 0xAB85,
  0xBBE6, 0xC406, 0xC3E6, 0xBBC6, 0xBBC6, 0xBBC5, 0xB385, 0xA324, 0x92C4, 0x8284, 0x7A64, 0x6A23, 0x61E3, 0x61E3, 0x61E3, 0x6A03,
  0x6A23, 0x6A03, 0x61E3, 0x59C3, 0x59C3, 0x59C3, 0x61C3, 0x61C3, 0x59C3, 0x5183, 0x4143, 0x3102, 0x20C1, 0x18A1, 0x20A1, 0x20C2,
  0x3102, 0x3922, 0x4963, 0x5183, 0x51C3, 0x59E4, 0x51C4, 0x4983, 0x0000, 0x0000, 0x0000, 0x0000, 0x0000, 0x0000, 0x0000, 0x0000,
  0x0021, 0x0020, 0x0820, 0x1060, 0x20A1, 0x3902, 0x4962, 0x59A2, 0x59A2, 0x5162, 0x4121, 0x3901, 0x3921, 0x4962, 0x69E3, 0x8AC4,
  0xAB86, 0xBBE6, 0xC406, 0xC3E6, 0xC406, 0xC427, 0xC406, 0xB3A5, 0x9B25, 0x8AA4, 0x7A63, 0x6A03, 0x51A3, 0x4982, 0x4962, 0x4962,
  0x4962, 0x5182, 0x51A3, 0x59A3, 0x59C3, 0x59C3, 0x59C3, 0x61C3, 0x69E4, 0x6A04, 0x61E4, 0x5183, 0x3922, 0x28C2, 0x20C1, 0x28E2,
  0x3102, 0x3922, 0x4143, 0x4983, 0x4983, 0x49A4, 0x49A4, 0x4163, 0x3963, 0x0000, 0x0000, 0x0000, 0x0000, 0x0000, 0x0000, 0x0000,
  0x0021, 0x0020, 0x0820, 0x1061, 0x20A1, 0x4142, 0x59C3, 0x7223, 0x7223, 0x69E2, 0x5982, 0x4141, 0x3901, 0x3921, 0x4962, 0x61E3,
  0x82A4, 0xA345, 0xABA6, 0xB3A6, 0xBBC6, 0xBBE6, 0xC407, 0xB3C6, 0xA345, 0x8AA4, 0x7A63, 0x6A03, 0x51A3, 0x4162, 0x3922, 0x3101,
  0x28E1, 0x30E1, 0x3902, 0x4142, 0x4962, 0x4982, 0x4962, 0x4962, 0x59A3, 0x6A04, 0x7224, 0x6A04, 0x59C3, 0x4142, 0x3922, 0x3102,
  0x3922, 0x3942, 0x4163, 0x4983, 0x4983, 0x49A4, 0x49A3, 0x4163, 0x4163, 0x3963, 0x0000, 0x0000, 0x0000, 0x0000, 0x0000, 0x0000,
  0x0021, 0x0020, 0x0840, 0x1041, 0x20A1, 0x4142, 0x6A03, 0x82A4, 0x8AC4, 0x8AA4, 0x7A43, 0x69E2, 0x59A2, 0x5182, 0x5182, 0x61E2,
  0x7A63, 0x8AC4, 0x9B25, 0xAB65, 0xAB65, 0xB385, 0xBBC6, 0xBBC6, 0xAB86, 0x9305, 0x8284, 0x7243, 0x6203, 0x51A3, 0x4162, 0x3902,
  0x28E1, 0x20A1, 0x20A1, 0x20C1, 0x30E1, 0x3102, 0x3102, 0x28E1, 0x3102, 0x4162, 0x59C3, 0x69E3, 0x61E3, 0x61C3, 0x59A3, 0x5183,
  0x4963, 0x4163, 0x4963, 0x4983, 0x51A3, 0x51C4, 0x59C4, 0x51C4, 0x51C4, 0x51C4, 0x51A4, 0x0000, 0x0000, 0x0000, 0x0000, 0x0000,
  0x0020, 0x0020, 0x0840, 0x1061, 0x28C1, 0x4962, 0x7223, 0x92C4, 0xA325, 0xA324, 0x9B04, 0x92C3, 0x8283, 0x7A43, 0x7243, 0x7A84,
  0x8AC4, 0x9B25, 0xA365, 0xAB65, 0xAB65, 0xB385, 0xBBA5, 0xC3E6, 0xC406, 0xB3C6, 0xA365, 0x9304, 0x82A4, 0x7A64, 0x6A44, 0x6203,
  0x51A2, 0x4142, 0x3101, 0x28C1, 0x28C1, 0x28E1, 0x28E1, 0x20C1, 0x20A1, 0x28C1, 0x3902, 0x4942, 0x5183, 0x59A3, 0x59C3, 0x59C3,
  0x51A3, 0x4983, 0x5183, 0x51A3, 0x51A3, 0x51C4, 0x59E4, 0x59E4, 0x6204, 0x6224, 0x6A24, 0x6204, 0x0000, 0x0000, 0x0000, 0x0000,
  0x0020, 0x0020, 0x0840, 0x1061, 0x28C1, 0x4962, 0x7223, 0x92C4, 0xAB45, 0xB385, 0xB385, 0xAB65, 0xA344, 0x9B04, 0x9B04, 0x9B25,
  0xA365, 0xB3A5, 0xBBC5, 0xB3C5, 0xAB85, 0xB384, 0xBBA5, 0xC426, 0xD486, 0xD4A7, 0xCC67, 0xBC06, 0xABA5, 0xA365, 0xA366, 0x9B66,
  0x9325, 0x7AA4, 0x6223, 0x51C2, 0x51A3, 0x49A3, 0x4982, 0x3942, 0x3101, 0x30E1, 0x30E1, 0x3922, 0x4122, 0x4142, 0x4962, 0x4983,
  0x4983, 0x4963, 0x4983, 0x51A3, 0x51A3, 0x51A3, 0x51A3, 0x51C4, 0x59E4, 0x6204, 0x6204, 0x6204, 0x59E4, 0x0000, 0x0000, 0x0000,
  0x0820, 0x0820, 0x0840, 0x1061, 0x28C1, 0x4982, 0x7243, 0x92C4, 0xA324, 0xAB65, 0xB3A5, 0xBBC5, 0xB3A5, 0xB385, 0xAB85, 0xAB85,
  0xABA5, 0xB3C5, 0xBBE6, 0xB3C5, 0xAB85, 0xA344, 0xA344, 0xB3C5, 0xCC46, 0xDCC7, 0xE4E7, 0xDCC7, 0xCC46, 0xBBE6, 0xBC06, 0xC427,
  0xC427, 0xB3E6, 0xA365, 0x8B04, 0x82C5, 0x82C5, 0x7284, 0x6A23, 0x59E3, 0x51C3, 0x51A2, 0x4982, 0x4962, 0x4962, 0x4162, 0x4142,
  0x4142, 0x4963, 0x51A3, 0x51A3, 0x4983, 0x4143, 0x3922, 0x3943, 0x4163, 0x4983, 0x51A4, 0x49A3, 0x49A3, 0x0000, 0x0000, 0x0000,
  0x0841, 0x0840, 0x0840, 0x1061, 0x28C1, 0x4982, 0x7A44, 0x92C4, 0x9B04, 0xA304, 0xAB44, 0xB385, 0xB3A5, 0xB3A5, 0xAB85, 0xA365,
  0xA365, 0xA365, 0xAB85, 0xA365, 0x9B24, 0x8AC4, 0x82A3, 0x92E4, 0xAB84, 0xC426, 0xDCA6, 0xDCC7, 0xD487, 0xCC46, 0xC426, 0xCC46,
  0xCC67, 0xD467, 0xCC46, 0xBBE6, 0xABC6, 0xA386, 0x8B05, 0x7A84, 0x6A44, 0x6A24, 0x6A44, 0x7264, 0x6A44, 0x6A23, 0x61E3, 0x51A3,
  0x4962, 0x4983, 0x51C4, 0x59E4, 0x4983, 0x3122, 0x28E2, 0x28E2, 0x3922, 0x4143, 0x4163, 0x4163, 0x4983, 0x4983, 0x0000, 0x0000,
  0x0841, 0x0841, 0x0841, 0x1061, 0x28E1, 0x51A3, 0x7A64, 0x92E5, 0x9B25, 0x9B04, 0x9B04, 0xA304, 0xAB45, 0xAB65, 0xAB65, 0x9B24,
  0x9304, 0x8AE4, 0x9304, 0x9305, 0x8AE4, 0x7A63, 0x6A22, 0x7242, 0x82A3, 0xA344, 0xBBE5, 0xC426, 0xCC46, 0xCC46, 0xCC46, 0xCC46,
  0xD466, 0xD487, 0xDCA7, 0xD4A7, 0xCC87, 0xBC27, 0xA366, 0x82C5, 0x6A44, 0x6203, 0x6A23, 0x7A84, 0x8AC5, 0x8AE5, 0x82A4, 0x6A04,
  0x51A3, 0x4963, 0x4983, 0x49A3, 0x4163, 0x3102, 0x20C1, 0x28E2, 0x3922, 0x4963, 0x4983, 0x4983, 0x4163, 0x4163, 0x4184, 0x4184,
  0x0841, 0x0841, 0x0841, 0x1061, 0x28E1, 0x51C3, 0x7A84, 0x9305, 0xA345, 0xA345, 0x9B25, 0x9B04, 0x9B04, 0xA324, 0xAB44, 0x9B04,
  0x8AA4, 0x7A83, 0x7A84, 0x8AC4, 0x92E4, 0x82A4, 0x7223, 0x6A22, 0x7243, 0x8AC3, 0x9B24, 0xAB64, 0xAB84, 0xB3C5, 0xC426, 0xD466,
  0xDCC7, 0xDD08, 0xE528, 0xE528, 0xE549, 0xDD08, 0xBC27, 0x9345, 0x7A84, 0x6A24, 0x6A44, 0x7A84, 0x82C5, 0x9305, 0x9305, 0x82C4,
  0x6A24, 0x51C3, 0x51A3, 0x4983, 0x3943, 0x28E2, 0x20C2, 0x28E2, 0x3942, 0x4983, 0x51A3, 0x4983, 0x4163, 0x4163, 0x4163, 0x3964,
  0x0841, 0x0841, 0x0841, 0x1061, 0x28E1, 0x51A3, 0x7A84, 0x92E5, 0x9B25, 0xA365, 0xAB65, 0xA345, 0xA324, 0xA324, 0xAB45, 0xAB45,
  0x92E4, 0x8263, 0x7A43, 0x82A3, 0x9304, 0x9304, 0x8AC4, 0x82A3, 0x82A3, 0x8AC3, 0x8AC3, 0x8AC3, 0x8AC3, 0x92E3, 0xAB64, 0xC406,
  0xD4C7, 0xE569, 0xEDAA, 0xEDCA, 0xF5CA, 0xEDAA, 0xDD09, 0xB407, 0x9305, 0x82A5, 0x82A5, 0x82C5, 0x82C5, 0x82C5, 0x8AE5, 0x8B05,
  0x82C5, 0x7244, 0x61E4, 0x51C3, 0x4163, 0x3122, 0x28E2, 0x3102, 0x3943, 0x4983, 0x4983, 0x4963, 0x4163, 0x4143, 0x4143, 0x3963,
  0x0821, 0x0841, 0x0841, 0x1061, 0x28C1, 0x5182, 0x7A64, 0x8AC4, 0x92E4, 0x9305, 0xA345, 0xAB65, 0xA345, 0xAB45, 0xB365, 0xB3A5,
  0xAB65, 0x92E4, 0x8283, 0x7A83, 0x8AE4, 0x9B24, 0x9B45, 0xA364, 0xA344, 0x9B03, 0x82A3, 0x7A63, 0x7243, 0x7A63, 0x92E3, 0xB3C5,
  0xCC87, 0xDD29, 0xEDAA, 0xF5EB, 0xF60B, 0xF5EB, 0xED8A, 0xD4E8, 0xB407, 0xA366, 0x9325, 0x8AE5, 0x8AE5, 0x82C5, 0x7AA5, 0x8AE5,
  0x9B46, 0x8B05, 0x7264, 0x59E4, 0x4983, 0x3943, 0x3122, 0x3922, 0x4143, 0x4963, 0x4983, 0x4163, 0x4143, 0x4143, 0x4143, 0x4163,
  0x0021, 0x0841, 0x0841, 0x1061, 0x28C1, 0x5162, 0x7203, 0x8284, 0x8284, 0x8284, 0x92C4, 0x9B25, 0xAB65, 0xAB65, 0xB3A5, 0xC406,
  0xC406, 0xAB85, 0x92E4, 0x82A3, 0x82A3, 0x8AE4, 0x9B24, 0xAB85, 0xB3A5, 0xA364, 0x8AC3, 0x7242, 0x6A22, 0x7243, 0x8AE4, 0xABA5,
  0xC467, 0xDCE8, 0xE549, 0xED8A, 0xEDAA, 0xED8A, 0xED89, 0xED49, 0xD4C8, 0xC427, 0xAB86, 0x9325, 0x9305, 0x8AE6, 0x82C5, 0x8AE5,
  0xA386, 0xA386, 0x8AE5, 0x6A24, 0x51A3, 0x4163, 0x4163, 0x4983, 0x4983, 0x4983, 0x4963, 0x3943, 0x3922, 0x4143, 0x4983, 0x4983,
  0x0021, 0x0841, 0x0841, 0x1061, 0x30C1, 0x5162, 0x7203, 0x8284, 0x8A84, 0x8264, 0x8284, 0x92C4, 0xA325, 0xAB65, 0xBBA6, 0xC427,
  0xCC67, 0xC426, 0xAB65, 0x92E4, 0x8AA3, 0x8283, 0x8AE4, 0xA364, 0xAB85, 0xAB64, 0x92E3, 0x7A62, 0x7222, 0x7A83, 0x9304, 0xA385,
  0xB406, 0xCC67, 0xD4A7, 0xDCE8, 0xDD08, 0xDCE8, 0xE508, 0xED28, 0xDCC7, 0xC447, 0xB3C6, 0xA366, 0xA366, 0x9B67, 0x9326, 0x9305,
  0xA386, 0xB407, 0x9B46, 0x7264, 0x59E4, 0x51A3, 0x51A3, 0x59C3, 0x59C3, 0x59A3, 0x5183, 0x4142, 0x3922, 0x4143, 0x5183, 0x59A3,
  0x0020, 0x0021, 0x0841, 0x1881, 0x30E1, 0x5982, 0x7A23, 0x8AA4, 0x92C4, 0x92C4, 0x8AA4, 0x92C4, 0x9B04, 0xAB65, 0xB3A5, 0xC427,
  0xD4A8, 0xD4A8, 0xC426, 0xAB65, 0x9AE4, 0x82A3, 0x8AC4, 0x9B24, 0xA365, 0xA344, 0x9B23, 0x8AC3, 0x8283, 0x82A3, 0x9304, 0x9B45,
  0x9B45, 0xABA5, 0xBBE6, 0xC426, 0xCC67, 0xCC67, 0xD487, 0xDCC7, 0xD4A7, 0xBC06, 0xA386, 0xA366, 0xA3A7, 0xB408, 0xABE8, 0xA366,
  0xABA6, 0xBC27, 0xABC6, 0x82C5, 0x6A24, 0x59C3, 0x51C3, 0x59C3, 0x61E3, 0x6A03, 0x6A03, 0x61C3, 0x5183, 0x5183, 0x5983, 0x61C3,
  0x0020, 0x0821, 0x0841, 0x1881, 0x3901, 0x59A2, 0x7A43, 0x92C4, 0x9B05, 0xA325, 0xA345, 0xA325, 0xA345, 0xB385, 0xBBC5, 0xC426,
  0xD488, 0xDCE9, 0xD4C8, 0xC447, 0xB3A5, 0x9B04, 0x92E4, 0x9B45, 0xA385, 0x9B24, 0x9B03, 0x9B23, 0x9B03, 0x9B03, 0x9B24, 0x9304,
  0x92E4, 0x9B24, 0xA365, 0xB3A5, 0xC406, 0xC426, 0xCC46, 0xDCA6, 0xD4A6, 0xB3E6, 0x9305, 0x8AE5, 0x9B46, 0x0800, 0xB428, 0xABA6,
  0xB3C6, 0xC467, 0xB407, 0x82E5, 0x6204, 0x51A3, 0x4983, 0x51A3, 0x61E3, 0x7224, 0x8244, 0x7A44, 0x69E3, 0x59A3, 0x59A3, 0x69C3,
  0x0020, 0x0840, 0x0841, 0x18A1, 0x3922, 0x61C2, 0x8264, 0x9AC4, 0xA325, 0xAB86, 0xB3A6, 0xB3C6, 0xBBE6, 0xC406, 0xCC26, 0xD466,
  0xD487, 0xDCC8, 0xDD09, 0xDCE8, 0xC446, 0xAB85, 0x9B24, 0xA345, 0xA386, 0x9B45, 0x8AE3, 0x92E3, 0xA344, 0xA344, 0xA324, 0x9B24,
  0x9304, 0x9B44, 0xAB85, 0xB3C6, 0xBC06, 0xCC46, 0xD486, 0xDCE7, 0xDCE7, 0xBC26, 0x8B05, 0x7A84, 0x82A4, 0x9B66, 0xABA7, 0xA386,
  0xB3E6, 0xCCC8, 0xC488, 0x9346, 0x6A44, 0x51C3, 0x4163, 0x4163, 0x51A3, 0x6A03, 0x8244, 0x8243, 0x7203, 0x61A3, 0x5983, 0x59A3,
  0x0020, 0x0820, 0x0841, 0x20A1, 0x4142, 0x6A03, 0x8AA4, 0xA325, 0xAB65, 0xB3A6, 0xBBE6, 0xC427, 0xC467, 0xCC67, 0xD487, 0xDCC7,
  0xDCE7, 0xE4E8, 0xE509, 0xDD09, 0xCC87, 0xB3C6, 0x9B45, 0x9B45, 0x9B45, 0x9305, 0x82A4, 0x82A3, 0x92E3, 0xA324, 0xA323, 0x9B24,
  0x9B44, 0xA364, 0xABA5, 0xB3C6, 0xC426, 0xD4A7, 0xDD08, 0xE549, 0xDD29, 0xBC67, 0x9325, 0x7A84, 0x82C4, 0x9305, 0xA345, 0xAB65,
  0xBC27, 0xDD09, 0xCCE9, 0xABC7, 0x8B06, 0x6A45, 0x4183, 0x3922, 0x4142, 0x59C3, 0x7204, 0x7A23, 0x71E3, 0x5983, 0x4942, 0x4142,
  0x0020, 0x0020, 0x0861, 0x20C1, 0x4982, 0x7243, 0x9305, 0xAB86, 0xB3C6, 0xBBE6, 0xC407, 0xCC67, 0xCCA8, 0xCCA8, 0xD4A7, 0xDD08,
  0xED48, 0xED48, 0xE528, 0xDCE8, 0xCC87, 0xABC6, 0x9B45, 0x9B45, 0xA345, 0x8AE4, 0x7A83, 0x7A63, 0x8283, 0x9B04, 0xA324, 0x9B24,
  0xA324, 0xA344, 0xA365, 0xABA5, 0xBC06, 0xCCA8, 0xDD29, 0xE56A, 0xD529, 0xB428, 0x9305, 0x8AE5, 0x9B25, 0xA386, 0xAB86, 0xB3A6,
  0xC447, 0xDD0A, 0xCCE9, 0xA3A7, 0x82C5, 0x6224, 0x4183, 0x3122, 0x3942, 0x4963, 0x51A3, 0x59A3, 0x5183, 0x4142, 0x3102, 0x3102,
  0x0020, 0x0020, 0x0861, 0x28E2, 0x51C3, 0x7AA5, 0x9B45, 0xB3C6, 0xC427, 0xCC67, 0xCC67, 0xCC88, 0xD4C8, 0xCCA8, 0xC467, 0xD4C8,
  0xE549, 0xED69, 0xED48, 0xE507, 0xD487, 0xB3C6, 0x9B45, 0xA365, 0xABA5, 0x9B25, 0x82A4, 0x7A43, 0x7A63, 0x92E4, 0xA344, 0xA344,
  0xA344, 0xA344, 0x9B24, 0xA344, 0xABC6, 0xBC27, 0xC488, 0xD4C8, 0xCCA8, 0xB407, 0x9325, 0x9325, 0xB3C7, 0xC448, 0xC448, 0xC427,
  0xCC67, 0xDD09, 0xC4A9, 0x9346, 0x6224, 0x4983, 0x3122, 0x3122, 0x4143, 0x4143, 0x4143, 0x4143, 0x3922, 0x3102, 0x2902, 0x3102,
  0x0020, 0x0020, 0x0841, 0x20E2, 0x5204, 0x8326, 0xA3C7, 0xBC27, 0xC468, 0xCCA8, 0xD4C8, 0xD4A8, 0xD4C9, 0xCCA8, 0xBC07, 0xC447,
  0xDD08, 0xED48, 0xED48, 0xE507, 0xDCC7, 0xCC46, 0xB3A5, 0xB3A5, 0xC406, 0xB3C6, 0x9B24, 0x8283, 0x7A83, 0x9304, 0xA365, 0xA365,
  0xA344, 0x9B24, 0x9304, 0x9B04, 0xA365, 0xA365, 0xAB85, 0xBBE6, 0xC447, 0xBC27, 0xA3A7, 0xABA6, 0xC448, 0xD4C9, 0xDD2A, 0xDD0A,
  0xDCE9, 0xDD29, 0xCCA9, 0x9346, 0x6A44, 0x49A3, 0x3963, 0x3942, 0x4143, 0x4143, 0x3922, 0x3102, 0x30E2, 0x3102, 0x3122, 0x3123,
  0x0020, 0x0020, 0x0840, 0x20C1, 0x5204, 0x8B67, 0xAC48, 0xBC89, 0xC488, 0xCCC8, 0xD4E8, 0xD4E8, 0xD4E9, 0xCCA8, 0xB3E7, 0xB3C6,
  0xCC87, 0xE508, 0xE528, 0xED27, 0xE507, 0xDCC7, 0xCC46, 0xC406, 0xCC46, 0xCC46, 0xB3C5, 0x9304, 0x82C4, 0x9304, 0xA344, 0xA324,
  0xA324, 0x9B24, 0x92E4, 0x9304, 0x9B24, 0x9B24, 0x9B24, 0xB384, 0xC406, 0xCC88, 0xC488, 0xC468, 0xCCA8, 0xD4E9, 0xE54A, 0x0000,
  0xE54A, 0xE56A, 0xCCE9, 0xABC7, 0x8AE5, 0x7285, 0x6224, 0x49C4, 0x49A3, 0x4983, 0x4142, 0x3102, 0x3102, 0x3102, 0x3122, 0x3923,
  0x0020, 0x0020, 0x0840, 0x18A1, 0x49A3, 0x8346, 0xAC89, 0xC4EA, 0xC4E9, 0xCCC8, 0xD4C8, 0xD4E8, 0xD4E9, 0xCCC9, 0xBC27, 0xB3A6,
  0xC406, 0xDCC7, 0xE528, 0xE527, 0xED27, 0xED27, 0xDCC7, 0xCC46, 0xCC46, 0xD487, 0xCC46, 0xABA5, 0x9B25, 0x9325, 0x9304, 0x92E4,
  0x9B04, 0xA324, 0x9B04, 0x9B04, 0x9B24, 0xA344, 0xA344, 0xB384, 0xC405, 0xD4A8, 0xD4E9, 0xCCA9, 0xCCA9, 0xD4A8, 0xD4C8, 0xD4C9,
  0xDCE9, 0xDD4A, 0xD4E9, 0xB3E7, 0x9326, 0x82C5, 0x6A44, 0x51C4, 0x51A3, 0x5183, 0x4143, 0x3922, 0x3102, 0x3922, 0x3923, 0x3923,
  0x0020, 0x0020, 0x0840, 0x1881, 0x4162, 0x72A5, 0xA408, 0xBCEA, 0xCD2B, 0xCD0A, 0xCCC9, 0xD4C8, 0xD4E9, 0xD50A, 0xCCA9, 0xBC07,
  0xBC06, 0xD486, 0xE507, 0xE548, 0xED28, 0xED48, 0xE507, 0xD4A7, 0xD467, 0xD487, 0xD467, 0xC406, 0xABA6, 0x9325, 0x8AC4, 0x8AA3,
  0x92C3, 0x9B04, 0xA344, 0xA344, 0xA345, 0xA344, 0xAB64, 0xB3A4, 0xC3E5, 0xD487, 0xD4C9, 0xC468, 0xB407, 0xBC07, 0xC427, 0xBC06,
  0xC447, 0xD4E9, 0xC488, 0x9B66, 0x82A5, 0x6A44, 0x59C4, 0x4163, 0x4163, 0x4963, 0x4143, 0x3922, 0x3922, 0x4143, 0x4143, 0x4143,
  0x0020, 0x0020, 0x0840, 0x1881, 0x3922, 0x6A44, 0x9367, 0xAC49, 0xC50B, 0xCD4B, 0xCD2A, 0xD4E9, 0xD4E9, 0xDD2A, 0xD52A, 0xCCC9,
  0xCC87, 0xD487, 0xE507, 0xED68, 0xED48, 0xED48, 0xE528, 0xDCC8, 0xD4A8, 0xD4A8, 0xD467, 0xC426, 0xB3C6, 0x9305, 0x7A83, 0x7A43,
  0x8263, 0x8AC3, 0xA324, 0xAB85, 0xA385, 0x9B24, 0x9B04, 0xA344, 0xB384, 0xC426, 0xCC87, 0xB3E6, 0x9B45, 0x9B66, 0xABC6, 0xB3A6,
  0xBBE6, 0xCCA8, 0xBC27, 0x82C5, 0x6203, 0x51A3, 0x4163, 0x3922, 0x3943, 0x4963, 0x4163, 0x3923, 0x3943, 0x4163, 0x4143, 0x4143,
  0x0020, 0x0020, 0x0840, 0x20A1, 0x4142, 0x6203, 0x82E5, 0x9BA7, 0xB469, 0xC50B, 0xCD6C, 0xD54B, 0xD52A, 0xDD2A, 0xDD4A, 0xDD4A,
  0xDD29, 0xDD08, 0xE528, 0xED68, 0xED68, 0xE528, 0xE508, 0xDCC8, 0xD4C9, 0xD4E9, 0xCC88, 0xC406, 0xAB85, 0x92E4, 0x7A63, 0x6A23,
  0x6A23, 0x7A63, 0x92C4, 0xA365, 0xAB86, 0x9B25, 0x92E4, 0x9B24, 0xA344, 0xBBC5, 0xCC66, 0xC426, 0xA3A6, 0xA3A7, 0xB408, 0xBC27,
  0xC426, 0xD4A8, 0xBC47, 0x9325, 0x6A44, 0x51C3, 0x3942, 0x3102, 0x3102, 0x4143, 0x4163, 0x4143, 0x4143, 0x4143, 0x4143, 0x4143,
  0x0020, 0x0820, 0x0840, 0x20A1, 0x4962, 0x6A23, 0x8AC4, 0x9B46, 0xA3C7, 0xB469, 0xB469, 0xDD8C, 0xDD8C, 0xDD6B, 0xDD4A, 0xDD4A,
  0xE56A, 0xE569, 0xED69, 0xED89, 0xED69, 0xE528, 0xDCE8, 0xD4A8, 0xCCA9, 0xCCA9, 0xCCC9, 0xC407, 0xAB65, 0x92C4, 0x7A63, 0x61E2,
  0x59C2, 0x6A03, 0x8283, 0x92E4, 0xA365, 0xA365, 0xA365, 0xAB85, 0xAB85, 0xBBA5, 0xD466, 0xD4A7, 0xCC88, 0xC489, 0xC4A9, 0xCC68,
  0xCC67, 0xD4A7, 0xD4A8, 0xBC47, 0xA3A7, 0x72A5, 0x4162, 0x28E2, 0x28E2, 0x3922, 0x4963, 0x4983, 0x4963, 0x4963, 0x4163, 0x4143,
  0x0020, 0x0840, 0x1041, 0x20A1, 0x4962, 0x7243, 0x92E5, 0xA365, 0xA386, 0xABE8, 0xB46A, 0xB46A, 0x634E, 0xDDCD, 0xDD6B, 0xDD4A,
  0xE569, 0xE58A, 0xED89, 0xEDAA, 0xED89, 0xE528, 0xD4C8, 0xCC88, 0xBC48, 0xBC68, 0xC489, 0xBC27, 0xAB65, 0x9AE4, 0x8263, 0x61E2,
  0x5182, 0x59C3, 0x7243, 0x7A83, 0x92E4, 0xAB85, 0xBBE6, 0xBC06, 0xB3C5, 0xBBA4, 0xCC25, 0xDCC7, 0xDCE8, 0xD4C9, 0xC468, 0xBC07,
  0xC406, 0xD4A8, 0xDD09, 0xCCC9, 0xB448, 0x82E5, 0x51A3, 0x3102, 0x28E2, 0x3922, 0x4983, 0x5183, 0x4963, 0x4963, 0x4143, 0x3922,
  0x0020, 0x0820, 0x1041, 0x20A1, 0x4942, 0x7223, 0x9305, 0xA386, 0xABA6, 0xABC7, 0xABE8, 0xB48A, 0xB48A, 0x528B, 0xE5CE, 0xDD6B,
  0xDD4A, 0xE56A, 0xE58A, 0xEDAA, 0xEDAA, 0xE529, 0xD4C8, 0xC447, 0xABC7, 0x9B66, 0xA3A6, 0xA386, 0xA365, 0xA344, 0x92C4, 0x7A43,
  0x61E3, 0x6203, 0x6A23, 0x6A23, 0x7A83, 0x9B45, 0xBBE6, 0xBBE6, 0xB385, 0xB364, 0xC3E5, 0xD486, 0xDCE8, 0xC468, 0xABA6, 0xAB65,
  0xBBC6, 0xD4A8, 0xDD09, 0xC489, 0x9367, 0x6A44, 0x4983, 0x3102, 0x3102, 0x3922, 0x4963, 0x4143, 0x3902, 0x3102, 0x3922, 0x3922,
  0x0020, 0x0840, 0x1061, 0x20A1, 0x4942, 0x6A03, 0x8AC4, 0xA365, 0xABA6, 0xABC7, 0xABC7, 0xA3E8, 0xB48A, 0x4A6A, 0x4A6A, 0x52AB,
  0xDD8C, 0xDD6B, 0xDD6A, 0xE58A, 0xE58A, 0xE549, 0xD4C8, 0xBC47, 0x9B66, 0x7AA4, 0x7264, 0x7A84, 0x8AC4, 0xA344, 0xA364, 0x9B04,
  0x82A4, 0x7A84, 0x7264, 0x6203, 0x7243, 0x9305, 0xB3A6, 0xAB85, 0xA324, 0xAB24, 0xB384, 0xC426, 0xCC67, 0xB3E7, 0x9305, 0x9B05,
  0xBBC6, 0xD4A8, 0xD4C9, 0xABC7, 0x7AA5, 0x59E4, 0x4963, 0x3922, 0x3102, 0x4143, 0x4143, 0x3922, 0x3102, 0x3102, 0x3102, 0x3922,
  0x0020, 0x0820, 0x1061, 0x28C1, 0x4122, 0x61C3, 0x8284, 0x9B05, 0xA366, 0xABA6, 0xA3C7, 0xA3C7, 0xAC08, 0xC4EC, 0x4A8A, 0x5B0C,
  0x738E, 0xDD8C, 0xDD2A, 0xDD2A, 0xDD4A, 0xDD4A, 0xD4E8, 0xBC27, 0x9325, 0x6A23, 0x59A2, 0x59C2, 0x7243, 0x9304, 0xB3C5, 0xBBE5,
  0xAB85, 0x9B25, 0x8AE5, 0x7A63, 0x7A83, 0x9B24, 0xAB85, 0xA324, 0x9AE4, 0xA324, 0xAB44, 0xB385, 0xB3C6, 0x9B46, 0x8AC5, 0x9B25,
  0xC406, 0xD4C8, 0xC488, 0x8B26, 0x6A24, 0x59E4, 0x51A3, 0x3943, 0x3122, 0x3922, 0x4143, 0x4143, 0x3922, 0x3922, 0x3922, 0x3102,
  0x0020, 0x0820, 0x1061, 0x28C1, 0x4922, 0x59A2, 0x7A44, 0x92C5, 0x9B25, 0x9B46, 0xA386, 0x9B87, 0xA3A7, 0xB469, 0xD58D, 0xD58D,
  0xD58D, 0xD54B, 0xD54B, 0xD4E9, 0xD4E9, 0xD509, 0xCCC8, 0xB407, 0x8B05, 0x6A03, 0x5182, 0x59A2, 0x7223, 0x9324, 0xBC26, 0xD4A7,
  0xCC66, 0xB3E6, 0xAB86, 0x9B25, 0x9B24, 0xAB85, 0xB3A5, 0xAB44, 0x9B04, 0x9B24, 0x9B24, 0x9305, 0x9325, 0x8AE5, 0x8AC5, 0x9B25,
  0xC406, 0xD4C8, 0xB427, 0x7285, 0x51A3, 0x51A3, 0x51A3, 0x3943, 0x3102, 0x3902, 0x4143, 0x4963, 0x4143, 0x3922, 0x3102, 0x28E2,
  0x0020, 0x0820, 0x1061, 0x30E2, 0x4942, 0x5982, 0x7203, 0x8AA4, 0x92E5, 0x9305, 0x9326, 0x9346, 0x9346, 0xAC08, 0xCD2C, 0xE62F,
  0xE62F, 0xE62F, 0xD50A, 0xD50A, 0xD4C9, 0xD4C9, 0xCC88, 0xABC6, 0x92E4, 0x7243, 0x59C2, 0x59A2, 0x7243, 0x9B44, 0xC466, 0xDD28,
  0xE528, 0xD4E9, 0xCC88, 0xBC06, 0xB3C5, 0xB3C5, 0xBBA5, 0xAB44, 0x9B04, 0x8AC4, 0x7A84, 0x7264, 0x7264, 0x7244, 0x7264, 0x8AC4,
  0xB3C6, 0xC467, 0xA3A6, 0x6A44, 0x51A3, 0x51A3, 0x49A4, 0x3943, 0x28E2, 0x30E2, 0x3922, 0x4143, 0x4143, 0x3102, 0x28E2, 0x28E2,
  0x0020, 0x0840, 0x1061, 0x3102, 0x5162, 0x59A3, 0x69E3, 0x8284, 0x92E5, 0x92E5, 0x9305, 0x8B05, 0x8B26, 0xA3C8, 0xCCEB, 0xDDEE,
  0xDDEE, 0xDDEE, 0xDDAD, 0xDDAD, 0xD54B, 0xD509, 0xCCA8, 0xABC6, 0x9304, 0x8283, 0x7223, 0x61E2, 0x7243, 0xA365, 0xCC87, 0xDD28,
  0xE569, 0xE58B, 0xE54A, 0xD4A8, 0xC426, 0xBBC5, 0xB3A5, 0xAB65, 0x8AC4, 0x7243, 0x51C3, 0x51A3, 0x51C3, 0x51A3, 0x51A3, 0x7243,
  0x9B45, 0xB3E6, 0x8B25, 0x6203, 0x51A3, 0x4183, 0x3943, 0x3102, 0x28C2, 0x28C2, 0x30E2, 0x3102, 0x3102, 0x28E2, 0x20C2, 0x20C2,
  0x0020, 0x0840, 0x1061, 0x3102, 0x5983, 0x61A3, 0x69E3, 0x7A64, 0x8AC5, 0x9305, 0x9305, 0x9305, 0x8B06, 0xA3A7, 0xC4CB, 0xC4CB,
  0xC4CB, 0xC4CB, 0xDDAC, 0xDDAC, 0xDDAC, 0xDDAC, 0xCCEA, 0xABC6, 0x9305, 0x8AC4, 0x82A4, 0x7A63, 0x82A4, 0xA385, 0xC466, 0xD4C7,
  0xD509, 0xE58B, 0xE58B, 0xDCE9, 0xC446, 0xBBC6, 0xB3C6, 0xAB85, 0x8AC4, 0x6A23, 0x51A3, 0x4963, 0x4983, 0x4983, 0x4982, 0x6203,
  0x8AE4, 0x9B45, 0x7A84, 0x51C3, 0x4162, 0x3922, 0x28E2, 0x20C1, 0x20A1, 0x20C1, 0x20C2, 0x28C2, 0x20C2, 0x20C2, 0x20C2, 0x20A2,
  0x0841, 0x0841, 0x1881, 0x3902, 0x59A3, 0x69C3, 0x69E3, 0x7A44, 0x8AA5, 0x92E5, 0x9305, 0x9326, 0x9326, 0xA3A7, 0xBCAA, 0xBCAA,
  0xE5CD, 0xEE4E, 0xF68F, 0xF6D0, 0xF6D0, 0xCD4B, 0xCD4B, 0xA3C7, 0x8AE4, 0x82A4, 0x8AC4, 0x8AE4, 0x9B65, 0xB3E6, 0xBC26, 0xB406,
  0xBC27, 0xD4E9, 0xDD2A, 0xCCC8, 0xC427, 0xBBE6, 0xBBE6, 0xABA6, 0x92E5, 0x7264, 0x61E3, 0x59C3, 0x59C3, 0x59E3, 0x59E3, 0x6A23,
  0x82A4, 0x82A4, 0x6A24, 0x59E3, 0x51A3, 0x3942, 0x28E2, 0x18A1, 0x18A1, 0x20A1, 0x20C2, 0x28C2, 0x28C2, 0x20C2, 0x18A1, 0x18A1,
  0x0841, 0x0841, 0x1881, 0x3922, 0x61C3, 0x7204, 0x7204, 0x7A44, 0x82A5, 0x8AE5, 0x9306, 0x9B46, 0x9B66, 0xA3A7, 0xBC89, 0xCD0B,
  0xDD8C, 0xEE0D, 0xF68E, 0xFEF0, 0xFEF0, 0xD5AD, 0xD5AD, 0xA3E8, 0x7AA4, 0x7243, 0x8283, 0x9304, 0xABE6, 0xC467, 0xBC06, 0xA365,
  0xA385, 0xBC47, 0xC468, 0xB407, 0xABA6, 0xABA6, 0xB3E6, 0xB3C6, 0x9B25, 0x82A4, 0x7A64, 0x6A24, 0x6204, 0x6204, 0x6204, 0x7223,
  0x7A64, 0x7244, 0x6A23, 0x7264, 0x7264, 0x59E3, 0x3122, 0x20C1, 0x20A1, 0x20C1, 0x28E2, 0x28E2, 0x28E2, 0x20C2, 0x18A1, 0x1881,
  0x0841, 0x0841, 0x18A1, 0x4122, 0x61C3, 0x7224, 0x7A44, 0x8264, 0x82A5, 0x8AE5, 0x9306, 0x9B46, 0x9B66, 0xA3A7, 0xBC69, 0xCD0A,
  0xD56B, 0xE5EC, 0xF68E, 0xF68E, 0xF68E, 0xE64E, 0xE64E, 0xB489, 0x82E5, 0x6A23, 0x7A63, 0x9324, 0xB3E6, 0xCC88, 0xBC27, 0xA345,
  0x9B25, 0xABC6, 0xABC6, 0x9325, 0x82E5, 0x9305, 0xA386, 0xABA6, 0x9B25, 0x8AC4, 0x8284, 0x7264, 0x6204, 0x59E3, 0x6203, 0x7A64,
  0x8AC4, 0x8AA4, 0x8AC4, 0x9305, 0x9305, 0x6A24, 0x3922, 0x28C2, 0x20C2, 0x20C2, 0x28E2, 0x28E2, 0x28E2, 0x28C2, 0x20A2, 0x18A1,
  0x0841, 0x0861, 0x20A1, 0x4142, 0x69E3, 0x7A44, 0x8264, 0x8AA4, 0x8AC5, 0x92E5, 0x9306, 0x9B46, 0x9B87, 0xA3A7, 0xB448, 0xC4EA,
  0xD56B, 0xE5EC, 0xF66D, 0xF66D, 0xFF30, 0xFF30, 0xFF30, 0xD58C, 0x9BE8, 0x82E5, 0x8B04, 0xA3A6, 0xBC47, 0xCCC8, 0xCC87, 0xABA6,
  0x9B45, 0xAB86, 0xA365, 0x8AC4, 0x7264, 0x82C5, 0x9B66, 0xA386, 0x9305, 0x8AC4, 0x8AA4, 0x7A64, 0x7244, 0x7243, 0x82A4, 0x9B45,
  0xABA5, 0xAB86, 0xA365, 0x9B25, 0x82A4, 0x61E3, 0x3922, 0x20C2, 0x20C2, 0x20C2, 0x28E2, 0x28E2, 0x28E2, 0x28E2, 0x20C2, 0x20A2,
  0x0841, 0x0861, 0x20A1, 0x4142, 0x69E3, 0x7A44, 0x8AA5, 0x92C5, 0x92E5, 0x92E5, 0x9306, 0x9B66, 0xA387, 0xA3A7, 0xAC28, 0xC4CA,
  0xD54B, 0xE5AB, 0xEE2C, 0xF68D, 0xFEEE, 0xFF0F, 0xFEEF, 0xEE6E, 0xEE6E, 0xB469, 0xB448, 0xC4A8, 0xCCE9, 0xD529, 0xD4E8, 0xB407,
  0xA386, 0xAB86, 0xA365, 0x8AC4, 0x7244, 0x7AA5, 0x9B46, 0x9B46, 0x8AE5, 0x92E4, 0x9B05, 0x8AE5, 0x8AE5, 0x9325, 0xABA5, 0xBC26,
  0xBC26, 0xB3C6, 0x9B46, 0x82A4, 0x6A03, 0x5183, 0x3922, 0x28E2, 0x20C2, 0x20C2, 0x28E2, 0x3102, 0x3902, 0x3102, 0x28E2, 0x20A2,
  0x0840, 0x0861, 0x20A1, 0x4142, 0x69E3, 0x7A44, 0x8AA5, 0x9B05, 0x9B25, 0x92E5, 0x8AE5, 0x9346, 0xA3A7, 0xA3C7, 0xAC08, 0xBCA9,
  0xD52B, 0xDD6B, 0xEDCB, 0xF62B, 0xFEAD, 0xFEEE, 0xFEEE, 0xF6CE, 0xF6CE, 0xD58B, 0xD58B, 0xDD8B, 0xDD8B, 0xDD8A, 0xD529, 0xBC48,
  0xABA6, 0xA386, 0xA365, 0x9305, 0x7A84, 0x82C5, 0x9346, 0x9326, 0x8AC5, 0x9B25, 0xAB65, 0xA365, 0xA366, 0xAB86, 0xB3C5, 0xABC6,
  0x9B66, 0x9305, 0x7A85, 0x61E3, 0x4962, 0x3942, 0x3922, 0x3102, 0x28E2, 0x28E2, 0x3102, 0x3923, 0x4143, 0x3923, 0x28E2, 0x18A2,
  0x0840, 0x0841, 0x20A1, 0x4142, 0x61C3, 0x7A44, 0x8AC5, 0x9B05, 0x9B26, 0x9305, 0x8AC5, 0x9326, 0xA3C8, 0xA3C8, 0xA3E8, 0xBC69,
  0xCD0A, 0xDD4B, 0xE58A, 0xEE0B, 0xF68C, 0xFECE, 0xFECE, 0xFECE, 0xF6CE, 0xF6CE, 0xEE8E, 0xEE2D, 0xE5EC, 0xE5EC, 0xE5AB, 0xC4C9,
  0xB407, 0xA386, 0x9B45, 0x9325, 0x82C5, 0x8B06, 0x9B67, 0x9326, 0x92E5, 0xA366, 0xB3A6, 0xAB65, 0x9B25, 0x8AE4, 0x82C4, 0x7A84,
  0x7264, 0x7A84, 0x7244, 0x59C3, 0x4142, 0x3102, 0x3102, 0x3102, 0x3102, 0x28E2, 0x3102, 0x3102, 0x3923, 0x3922, 0x28E2, 0x18A1,
  0x0020, 0x0841, 0x20A1, 0x4142, 0x61C3, 0x7A24, 0x8AC5, 0x9B05, 0x9B26, 0x9306, 0x8AC5, 0x8B26, 0xA3C8, 0xA3E8, 0xA3C8, 0xB448,
  0xC4EA, 0xD54B, 0xE58B, 0xEDEB, 0xF66D, 0xF6CE, 0xF6CE, 0xF68D, 0xF6AE, 0xF6CF, 0xF6CF, 0xF6AE, 0xEE4D, 0xEE4D, 0xEE4D, 0xDD8B,
  0xC489, 0xABC7, 0x9B45, 0x82E5, 0x82C5, 0x8B06, 0xA387, 0x9B67, 0x9B46, 0xABC6, 0xBBE7, 0xAB86, 0x8AE5, 0x6A23, 0x59C3, 0x51A3,
  0x59E3, 0x7264, 0x6A44, 0x59C3, 0x4163, 0x3102, 0x3102, 0x3102, 0x28E2, 0x20C2, 0x28E2, 0x28E2, 0x3922, 0x4123, 0x30E2, 0x20A1,
  0x0020, 0x0841, 0x20A1, 0x4942, 0x61A3, 0x7203, 0x8AA5, 0x9B05, 0x9B26, 0x9306, 0x8AE5, 0x9326, 0x9326, 0xA409, 0xA3C8, 0xB428,
  0xC4EA, 0xD56B, 0xE5CC, 0xE5CC, 0xEE6D, 0xF68E, 0xEE6D, 0xE60C, 0xE60C, 0xE64E, 0xE66E, 0xEE8E, 0xF68E, 0xF68E, 0xE60D, 0xE60D,
  0xC4C9, 0xB3E7, 0x9B45, 0x7AA4, 0x7265, 0x82C5, 0x9B67, 0xA387, 0xA387, 0xB407, 0xC427, 0xB3C6, 0x9305, 0x6A44, 0x51A3, 0x4983,
  0x59C3, 0x6224, 0x6204, 0x5183, 0x4142, 0x3122, 0x3102, 0x3102, 0x28E2, 0x20A1, 0x20C1, 0x30E2, 0x3922, 0x4122, 0x30E2, 0x18A1,
  0x0020, 0x0841, 0x20A1, 0x4942, 0x61A3, 0x69E3, 0x8264, 0x92E5, 0x9305, 0x92E5, 0x8AE6, 0x9326, 0xA3E8, 0xA3E8, 0xA409, 0xB448,
  0xCD0A, 0xDD8C, 0xE5EC, 0xE60D, 0xEE4D, 0xEE4D, 0xDDCC, 0xCD2A, 0xCD2A, 0xCD6B, 0xCD6C, 0xCD6C, 0xEE6D, 0xF6AF, 0xF6AF, 0xE60E,
  0xC4C9, 0xABC7, 0x9325, 0x7AA5, 0x7A85, 0x7AC5, 0x9306, 0xA367, 0xA387, 0xB3E7, 0xC448, 0xBC07, 0xA366, 0x82A5, 0x6204, 0x59C3,
  0x61E4, 0x61E3, 0x59C3, 0x5182, 0x4142, 0x3922, 0x3102, 0x3102, 0x28E2, 0x20A1, 0x20C1, 0x3902, 0x4942, 0x4122, 0x28E2, 0x1881,
  0x0020, 0x0841, 0x28C1, 0x4962, 0x61C3, 0x69C3, 0x7A24, 0x8AA5, 0x92C5, 0x8AC5, 0x8AE5, 0x9326, 0xA3E8, 0xA3E8, 0xAC4A, 0xBC69,
  0xCD0A, 0xDDCC, 0xE60D, 0xE60D, 0xE60D, 0xDDCC, 0xCD0A, 0xAC28, 0xAC08, 0xB489, 0xB489, 0xC4EA, 0xE5EB, 0xF66D, 0xF66E, 0xDDCD,
  0xBC89, 0xA386, 0x8B05, 0x8AE5, 0x8B26, 0x8B06, 0x9326, 0x9B66, 0x9B66, 0xB3C7, 0xCC88, 0xCC68, 0xBBE7, 0x9B46, 0x7A85, 0x7244,
  0x6A44, 0x6204, 0x61E3, 0x59C3, 0x5183, 0x4142, 0x3102, 0x28E2, 0x28E2, 0x20C1, 0x28C2, 0x4142, 0x5983, 0x4963, 0x3902, 0x20A1,
  0x0020, 0x0841, 0x28C1, 0x5183, 0x69E3, 0x69E3, 0x7203, 0x8264, 0x8A84, 0x8285, 0x82A5, 0x9306, 0xA3A8, 0xA3A8, 0xC4CA, 0xC4CA,
  0xD52B, 0xDDCD, 0xE60D, 0xE60D, 0xE5CC, 0xD56A, 0xBC68, 0x9386, 0x9346, 0xA3E8, 0xAC08, 0xB448, 0xDD6A, 0xEE0B, 0xE5EC, 0xE5EC,
  0xB449, 0x9B66, 0x9326, 0x9B66, 0xABC7, 0xA387, 0x9B67, 0x9B67, 0xA366, 0xB407, 0xDCE8, 0xDCE9, 0xCC68, 0xB3C6, 0x9326, 0x8AC5,
  0x7A85, 0x6A04, 0x61E3, 0x61E3, 0x59A3, 0x4942, 0x3902, 0x30E2, 0x28E2, 0x28E2, 0x30E2, 0x4922, 0x5163, 0x4943, 0x3922, 0x20C2,
  0x0020, 0x0841, 0x28C1, 0x59A3, 0x7224, 0x7223, 0x7A23, 0x8244, 0x8244, 0x7A44, 0x7A85, 0x8AC5, 0xA387, 0xBC6A, 0xBC6A, 0xCD2B,
  0xD56B, 0xDDED, 0xE62E, 0xE60D, 0xE5CC, 0xD50A, 0xAC07, 0x8B05, 0x82E5, 0x9BA7, 0xABE7, 0xB427, 0xD529, 0xE5AA, 0xDD6A, 0xDD6A,
  0xA3C7, 0x9B66, 0xA387, 0xB428, 0xC468, 0xB408, 0xA387, 0xA387, 0xA387, 0xBC47, 0xDD29, 0xDD08, 0xCC47, 0xAB86, 0x9B25, 0x9305,
  0x82A4, 0x6203, 0x59C3, 0x61E3, 0x61E3, 0x5183, 0x4122, 0x30E2, 0x28C2, 0x28E2, 0x3102, 0x4102, 0x3922, 0x3102, 0x28E2, 0x18A1,
  0x0020, 0x0841, 0x28C1, 0x59A3, 0x7A44, 0x7A44, 0x7A44, 0x8244, 0x8244, 0x7A44, 0x7A44, 0x82A5, 0x9B46, 0xBC49, 0xBC49, 0xDD8C,
  0xDD8C, 0xDDEE, 0xDDEE, 0xDDAC, 0xDDAC, 0xD50A, 0xAC07, 0x82E5, 0x7AC5, 0x9B66, 0xA3C7, 0xB427, 0xCD09, 0xD54A, 0xC4C9, 0xB407,
  0xA386, 0x9B46, 0xABC7, 0xC489, 0xD4C9, 0xC448, 0xABC8, 0xA387, 0xABA7, 0xC448, 0xD509, 0xD4A8, 0xB3A6, 0x8AE4, 0x82A4, 0x82A4,
  0x7A64, 0x59E3, 0x5183, 0x59A3, 0x61E3, 0x59A3, 0x4142, 0x28C1, 0x20A1, 0x28C1, 0x3902, 0x3902, 0x28E2, 0x20C2, 0x18A2, 0x1881,
  0x0020, 0x0840, 0x28C1, 0x59A3, 0x7A44, 0x8264, 0x8264, 0x8264, 0x8264, 0x7A44, 0x7A44, 0x8284, 0x9305, 0xB3E8, 0xCD0B, 0xDD8D,
  0xDDCD, 0xDE0E, 0xDE0E, 0xDE0E, 0xD50A, 0xD50A, 0xB448, 0x8B26, 0x82C5, 0x9346, 0x9B66, 0xA3E7, 0xC4C9, 0xCD0A, 0xB448, 0x9B86,
  0x9325, 0x9B46, 0xB3C7, 0xCC89, 0xD4C9, 0xCC89, 0xBC28, 0xABC8, 0xABA7, 0xBC07, 0xC468, 0xBC27, 0x9B25, 0x7A64, 0x7244, 0x7A64,
  0x7244, 0x59E3, 0x51A3, 0x51A3, 0x51A3, 0x4962, 0x3902, 0x20A1, 0x1881, 0x28A1, 0x3902, 0x3102, 0x20C2, 0x18A1, 0x1081, 0x1061,
  0x0020, 0x0840, 0x28C1, 0x5183, 0x7224, 0x7A44, 0x7A44, 0x7A64, 0x8284, 0x8284, 0x8264, 0x8284, 0x92E5, 0xABA7, 0xCCCA, 0xDD8D,
  0xDDEE, 0xDDEE, 0xC50C, 0xC50C, 0xCCEB, 0xCCEA, 0xC4A9, 0xA3A7, 0x8B26, 0x9346, 0x9346, 0xA3A7, 0xBC89, 0xC4CA, 0xB448, 0x9326,
  0x82C5, 0x9B25, 0xABA6, 0xC428, 0xD4A9, 0xD4E9, 0xCCAA, 0xBC69, 0xB3E8, 0xB3E7, 0xB3C7, 0xA365, 0x82A4, 0x6A23, 0x7244, 0x7A64,
  0x6A24, 0x59E4, 0x59E4, 0x59E4, 0x51A3, 0x4122, 0x30E1, 0x28C1, 0x2081, 0x28A1, 0x38E2, 0x30E2, 0x20A2, 0x18A1, 0x1081, 0x1061,
  0x0020, 0x0840, 0x28C1, 0x5183, 0x69E3, 0x6A04, 0x6A04, 0x7244, 0x8285, 0x8AA5, 0x8AA5, 0x82A5, 0x92E5, 0xAB87, 0xC48A, 0xC48A,
  0xDDCE, 0xDDCE, 0xCD4C, 0xBCAA, 0xBC69, 0xC4A9, 0xCCCA, 0xB428, 0xA3A7, 0xA3A7, 0x9B66, 0x9BA7, 0xB448, 0xC4AA, 0xC4AA, 0x8B26,
  0x7264, 0x8AE5, 0xA365, 0xB3C6, 0xCC88, 0xE54A, 0xE58C, 0xD54C, 0xC4A9, 0xB407, 0xABA6, 0x9B25, 0x82A4, 0x7244, 0x7244, 0x6A03,
  0x51A3, 0x4183, 0x4983, 0x59C3, 0x51A3, 0x3922, 0x30E1, 0x30C1, 0x30C1, 0x30C1, 0x28C1, 0x20C1, 0x18A2, 0x18A2, 0x18A2, 0x1061,
  0x0020, 0x0840, 0x28C1, 0x5183, 0x61C3, 0x61C3, 0x59C3, 0x61E4, 0x7244, 0x82A5, 0x8AC5, 0x8AC5, 0x9305, 0xA386, 0xBC69, 0xBC69,
  0xBC69, 0xCD2B, 0xCD2B, 0xBC69, 0xBC68, 0xC489, 0xCCEA, 0xC4A9, 0xBC48, 0xBC48, 0xAC08, 0xABC7, 0xB428, 0xBC69, 0xBC69, 0x8326,
  0x6A44, 0x7AA4, 0x9305, 0x9B45, 0xBC27, 0xE58B, 0xF62D, 0xEE0D, 0xDD4A, 0xC467, 0xABC6, 0x9B45, 0x8AE5, 0x7A84, 0x7264, 0x59C3,
  0x3922, 0x3102, 0x4142, 0x5183, 0x51A3, 0x4122, 0x30E1, 0x30E1, 0x38E1, 0x30C1, 0x20A1, 0x18A1, 0x18C2, 0x20C2, 0x18A2, 0x1061,
  0x0020, 0x0840, 0x28C1, 0x5183, 0x61C3, 0x59A3, 0x5183, 0x59C3, 0x6A24, 0x8285, 0x8AC5, 0x8AC5, 0x9305, 0xA386, 0xBC48, 0xBC48,
  0xCD4C, 0xCD4C, 0xCD0B, 0xC4C9, 0xC4A9, 0xCCC9, 0xCD0A, 0xCCEA, 0xC4A9, 0xCCEA, 0xC4C9, 0xBC68, 0xBC48, 0xB408, 0xABE7, 0x8306,
  0x6A44, 0x7AA5, 0x8B05, 0x9305, 0xB3E7, 0xDD6B, 0xF66D, 0xF64D, 0xDD6A, 0xBC47, 0xA3A6, 0x9B46, 0x8B05, 0x7AA5, 0x7264, 0x51C3,
  0x4142, 0x4142, 0x4962, 0x5182, 0x4962, 0x3902, 0x28C1, 0x30E1, 0x4101, 0x38E1, 0x20A1, 0x18A1, 0x20C2, 0x20E2, 0x18C2, 0x1061,
  0x0020, 0x0840, 0x28E1, 0x59A3, 0x61E4, 0x59A3, 0x5183, 0x51A3, 0x61E4, 0x7A65, 0x8AC5, 0x8AC5, 0x9306, 0xA366, 0xBC28, 0xCCCA,
  0xCD0B, 0xC4EB, 0xCCEA, 0xCD0A, 0xD50A, 0xD52A, 0xD54B, 0xD52A, 0xCCC9, 0xD52A, 0xDD6B, 0xCD0A, 0xC4A9, 0xBC27, 0xA3A6, 0x8B05,
  0x7A84, 0x82E5, 0x9305, 0x9305, 0xABA6, 0xD52A, 0xF64D, 0xEE2C, 0xD529, 0xB3C6, 0x9325, 0x8AE5, 0x82C5, 0x7264, 0x6224, 0x59E4,
  0x51A3, 0x5183, 0x4962, 0x4142, 0x3922, 0x30E1, 0x20A1, 0x30E1, 0x4101, 0x40E1, 0x28C1, 0x20C2, 0x20E2, 0x20E3, 0x18C2, 0x1061,
  0x0020, 0x0840, 0x30E2, 0x61C3, 0x7244, 0x6A04, 0x59C3, 0x59C3, 0x6A04, 0x7A85, 0x8AC5, 0x8AC5, 0x8AE5, 0x9B46, 0xB3E8, 0xC489,
  0xC4CA, 0xBCAA, 0xC4CA, 0xCD0A, 0xDD4A, 0xDD6B, 0xDD8B, 0xDD6B, 0xD509, 0xDD2A, 0xE5AC, 0xDDAC, 0xD52B, 0xC488, 0xABC7, 0x9B46,
  0x8B05, 0x9325, 0x9325, 0x9B45, 0xB3E7, 0xD52A, 0xEE0C, 0xE5CB, 0xCCA8, 0xAB85, 0x82C4, 0x7264, 0x7284, 0x6A24, 0x59C3, 0x59E3,
  0x61E3, 0x4982, 0x3922, 0x30E1, 0x28C1, 0x28C1, 0x28C1, 0x38E1, 0x4102, 0x38E1, 0x28A1, 0x20C2, 0x20C2, 0x20E2, 0x18A2, 0x1061,
  0x0020, 0x1040, 0x30E2, 0x61E4, 0x8285, 0x7A65, 0x6A24, 0x6A24, 0x7265, 0x8AC5, 0x92E6, 0x8AC5, 0x82C5, 0x9306, 0xA3A7, 0xBC69,
  0xC4CA, 0xBC8A, 0xBC8A, 0xC4EA, 0xD54B, 0xE58B, 0xE5AB, 0xE5AB, 0xDD2A, 0xDD2A, 0xE5AC, 0xE5AC, 0xCCEA, 0xCCEA, 0xBC27, 0xABA6,
  0x9B45, 0x9B46, 0xA366, 0xABC6, 0xC488, 0xDD8B, 0xEE0C, 0xDD69, 0xBC27, 0xA345, 0x7A84, 0x6223, 0x6224, 0x6204, 0x51A3, 0x59C3,
  0x59C3, 0x4962, 0x3901, 0x30E1, 0x28C1, 0x28C1, 0x30E1, 0x4122, 0x4922, 0x38E1, 0x20A1, 0x18A1, 0x18C2, 0x20C2, 0x18A2, 0x1061,
  0x0820, 0x1061, 0x3102, 0x6A04, 0x8AC5, 0x8AC5, 0x82A5, 0x8285, 0x8AC6, 0x9326, 0x9B26, 0x8AE5, 0x82A5, 0x82C5, 0x9B67, 0xB408,
  0xC4AA, 0xBC8A, 0xB449, 0xBC8A, 0xCD2A, 0xDD8B, 0xEDCB, 0xEDCC, 0xDD6B, 0xDD2A, 0xE58B, 0xE5ED, 0xE5ED, 0xD50A, 0xC468, 0xABC6,
  0x9B45, 0x9345, 0xA366, 0xB3E7, 0xCCC9, 0x48C0, 0xEE4D, 0xDD6A, 0xBC27, 0x9B45, 0x7A84, 0x59E3, 0x59C3, 0x59E3, 0x51A3, 0x51A2,
  0x5182, 0x4962, 0x4142, 0x3922, 0x28E1, 0x20A1, 0x30E1, 0x4921, 0x5142, 0x38E1, 0x20A1, 0x18A2, 0x18C2, 0x20C2, 0x18A2, 0x1061,
  0x0840, 0x1061, 0x3102, 0x6A04, 0x92E5, 0x9B26, 0x9306, 0x9306, 0x9B47, 0xA3A8, 0xA387, 0x9306, 0x7265, 0x7285, 0x8B06, 0xABC8,
  0xBC8A, 0xBCAA, 0xAC49, 0xAC29, 0xBCAA, 0xDD6B, 0xEDCB, 0xEDEC, 0xE58B, 0xDD2A, 0xDD6B, 0xDD6B, 0xDD8C, 0xCCE9, 0xC468, 0xB3E7,
  0x9B46, 0x8B05, 0x8B05, 0x9B66, 0xB428, 0xD56B, 0x48E0, 0xE5EB, 0xBC68, 0x9B25, 0x82A4, 0x6203, 0x51A3, 0x59E3, 0x59C3, 0x51A2,
  0x5182, 0x5162, 0x5162, 0x4142, 0x28C1, 0x20A1, 0x30C1, 0x4921, 0x5142, 0x4101, 0x28C1, 0x20C2, 0x20C2, 0x20E2, 0x18A2, 0x1061,
  0x0841, 0x1081, 0x3902, 0x6A04, 0x9305, 0xA366, 0xA387, 0xA387, 0xABC8, 0xB408, 0xB3E8, 0x8B06, 0x6A44, 0x6224, 0x7AC6, 0xA387,
  0xBC49, 0xC4AA, 0xB449, 0xA3E8, 0xAC49, 0xCD0A, 0xE5CB, 0xEE0D, 0xE5CC, 0xD54B, 0xDD6B, 0xDD6B, 0xD54B, 0xC4A9, 0xC468, 0xBC48,
  0xA3A6, 0x82C5, 0x7284, 0x7AA4, 0x8B25, 0xB489, 0xE5ED, 0xE5EC, 0xBC89, 0x9305, 0x7AA4, 0x6A24, 0x51A3, 0x51A3, 0x51A3, 0x51A2,
  0x5182, 0x5182, 0x5182, 0x4142, 0x28E1, 0x28C1, 0x4121, 0x5962, 0x6182, 0x4922, 0x28C2, 0x20C2, 0x20C2, 0x20C2, 0x18A2, 0x0861,
  0x0841, 0x1881, 0x3922, 0x6A04, 0x9305, 0xAB87, 0xB3C7, 0xB3E8, 0xBC29, 0xC469, 0xB429, 0x8B26, 0x5A04, 0x51C4, 0x6A65, 0x9B67,
  0xB428, 0xC4AA, 0xBC8A, 0xA3E8, 0xA3C8, 0xBC89, 0xDD6B, 0xEDEC, 0xEDEC, 0xDD6C, 0xDD6C, 0xDD6C, 0xCD0B, 0xC489, 0xC4A9, 0xCCEA,
  0xB428, 0x82E5, 0x6A44, 0x6223, 0x6A64, 0x9BA7, 0xD54A, 0xE58B, 0xBC88, 0x8B05, 0x7A64, 0x6A24, 0x59C3, 0x4962, 0x4162, 0x4962,
  0x4962, 0x4962, 0x4942, 0x3922, 0x30E1, 0x3901, 0x5982, 0x69C2, 0x71C2, 0x5962, 0x30E2, 0x20C2, 0x18C2, 0x18C2, 0x1081, 0x0861,
  0x1061, 0x1881, 0x3922, 0x6A04, 0x92E5, 0xABA7, 0xB3E8, 0xBC28, 0xC469, 0xC48A, 0xBC49, 0x9347, 0x51E4, 0x4183, 0x5A25, 0x9326,
  0xABE8, 0xBC89, 0xC4AA, 0xAC29, 0x9BC8, 0xAC08, 0xC4EA, 0xE5AC, 0xE5ED, 0xE5ED, 0xDD8C, 0xDDAD, 0xCD2C, 0xC4CA, 0xCD2B, 0xDD6B,
  0xC4A9, 0x8B26, 0x6224, 0x59E3, 0x6243, 0x9B65, 0xCCE8, 0xDD29, 0xC468, 0x9345, 0x7A64, 0x7224, 0x61E3, 0x5182, 0x4142, 0x4142,
  0x4142, 0x4142, 0x4122, 0x3922, 0x3922, 0x4942, 0x61A2, 0x69C2, 0x6182, 0x5142, 0x30E2, 0x20C2, 0x20C2, 0x18C2, 0x1081, 0x0861,
  0x1061, 0x20A1, 0x4142, 0x6A04, 0x8AC5, 0xAB87, 0xB408, 0xBC49, 0xC48A, 0xCCCA, 0xC48A, 0x9367, 0x51E4, 0x3963, 0x51E4, 0x8306,
  0xA3C8, 0xB449, 0xC4AA, 0xBC89, 0xAC28, 0xA3E7, 0xB448, 0xCD2A, 0xDDAC, 0xDDAC, 0xDDAD, 0xDDEE, 0xDDAD, 0xD56C, 0xD56C, 0xDDAC,
  0xCCEA, 0x8B46, 0x6244, 0x51E3, 0x6A43, 0x9B85, 0xCCA7, 0xD4C8, 0xB427, 0x9325, 0x7A64, 0x6A23, 0x6A03, 0x59C3, 0x5162, 0x4962,
  0x5182, 0x5182, 0x4962, 0x4122, 0x4122, 0x4942, 0x6182, 0x6182, 0x4921, 0x30E1, 0x20C1, 0x20C2, 0x20C2, 0x18C2, 0x1081, 0x0861,
  0x1881, 0x28C1, 0x4942, 0x6A04, 0x8AA5, 0xA367, 0xABE8, 0xB429, 0xC48A, 0xD4EB, 0xCCCA, 0x9B88, 0x51E4, 0x3963, 0x49E4, 0x82E6,
  0xA3A7, 0xB408, 0xC4A9, 0xCCEA, 0xBC89, 0xAC08, 0xA3E7, 0xB469, 0xD52B, 0xD54B, 0xD54B, 0xE62F, 0xE62F, 0xE62F, 0xD56B, 0xD56B,
  0xCCEA, 0x9366, 0x6244, 0x5A04, 0x6A64, 0xA385, 0xCC66, 0xBC26, 0x9345, 0x7A84, 0x6A23, 0x59E3, 0x59C3, 0x59A2, 0x5182, 0x5182,
  0x61E3, 0x61E3, 0x5182, 0x3902, 0x38E1, 0x4942, 0x61A2, 0x6182, 0x4121, 0x20A1, 0x1881, 0x18A1, 0x20C2, 0x18A2, 0x1061, 0x0841,
  0x1881, 0x28C2, 0x4962, 0x7224, 0x8AA5, 0x9B46, 0xA387, 0xABE8, 0xC469, 0xD4EB, 0xCCEB, 0x9BA8, 0x5A05, 0x3963, 0x51E4, 0x7AE6,
  0x9BA7, 0xAC08, 0xBC89, 0xCCEA, 0xCCEA, 0xB448, 0x9B87, 0x9BC7, 0xBC89, 0xC4EA, 0xC50B, 0xC50B, 0xE62F, 0xE62F, 0xDDAC, 0xD52A,
  0xCCC9, 0x9BA6, 0x6A84, 0x6264, 0x7AC4, 0xABC5, 0xC446, 0xAB85, 0x82A4, 0x6A23, 0x6A23, 0x61E3, 0x5182, 0x5182, 0x5162, 0x5182,
  0x59C3, 0x59C3, 0x4142, 0x28C1, 0x28C1, 0x4122, 0x61A2, 0x69A2, 0x4922, 0x28A1, 0x1881, 0x18A1, 0x18A2, 0x18A1, 0x1061, 0x0841,
  0x1881, 0x28E2, 0x5183, 0x7A44, 0x8AC5, 0x9306, 0x9347, 0x9B88, 0xBC49, 0xD4EB, 0xD50B, 0xA3E9, 0x5A25, 0x4184, 0x5A25, 0x8306,
  0x9BA8, 0xAC08, 0xBC69, 0xC4AA, 0xCCEA, 0xBC69, 0x9387, 0x8B26, 0xA408, 0xB489, 0xB48A, 0xCD6D, 0xCD6D, 0xEE4F, 0xDDAC, 0xCD0A,
  0xCCC9, 0xAC07, 0x8B25, 0x8B25, 0x9B85, 0xBC67, 0xCC87, 0xABA5, 0x82A4, 0x7A64, 0x8284, 0x7223, 0x59A2, 0x5162, 0x4962, 0x4142,
  0x4962, 0x4962, 0x3902, 0x28C1, 0x28C1, 0x4121, 0x5982, 0x61A2, 0x4942, 0x28C1, 0x18A1, 0x18A1, 0x18A1, 0x1881, 0x0861, 0x0841,
  0x1881, 0x30E2, 0x59A3, 0x8285, 0x92E6, 0x9306, 0x82E6, 0x8B07, 0xABE8, 0xCCCA, 0xD50B, 0xABE9, 0x6245, 0x49C4, 0x6265, 0x8B27,
  0xA3C8, 0xB429, 0xB449, 0xBC69, 0xC4A9, 0xC489, 0x9BA7, 0x8306, 0x93A7, 0xAC29, 0xAC29, 0xC50B, 0xE60E, 0xE60E, 0xE5CC, 0xD50A,
  0xD4E9, 0xC4A8, 0xB407, 0xB427, 0xC488, 0xD508, 0xD508, 0xBC06, 0x9304, 0x82C4, 0x82A4, 0x6A23, 0x59C2, 0x5182, 0x4962, 0x3921,
  0x3901, 0x4122, 0x3901, 0x3901, 0x3901, 0x4121, 0x5142, 0x5162, 0x3901, 0x28C1, 0x20A1, 0x18A1, 0x18A1, 0x1081, 0x0861, 0x0841,
  0x1881, 0x28E2, 0x59C4, 0x82A5, 0x9B26, 0x9326, 0x82C6, 0x7AC6, 0x9B88, 0xC48A, 0xD4EB, 0xAC09, 0x6A85, 0x5204, 0x72A6, 0x9387,
  0xAC08, 0xBC49, 0xBC69, 0xB429, 0xBC69, 0xC4A9, 0xB428, 0x9367, 0x9367, 0x93A8, 0x9BC7, 0xB48A, 0xD56C, 0xDDCE, 0x5248, 0xDD4A,
  0xD509, 0xD529, 0xD509, 0xD529, 0xDD4A, 0xDD69, 0xDD08, 0xC447, 0xA345, 0x8AC5, 0x7A84, 0x61E3, 0x59C2, 0x59C2, 0x4942, 0x30E1,
  0x30E1, 0x3901, 0x4121, 0x4101, 0x4101, 0x4121, 0x4921, 0x4101, 0x28C1, 0x20A1, 0x20C1, 0x20C1, 0x18A1, 0x1081, 0x0841, 0x0841,
  0x1081, 0x28E2, 0x59E4, 0x8AE6, 0xA387, 0xA367, 0x82E6, 0x7285, 0x8B27, 0xBC29, 0xCCAA, 0xB408, 0x7AC6, 0x6245, 0x8307, 0xA3C8,
  0xB429, 0xBC49, 0xBC69, 0xB429, 0xBC49, 0xCCA9, 0xC4A9, 0xAC28, 0x9387, 0x8326, 0x8326, 0xA3E8, 0xBCAA, 0xC4EB, 0xD54B, 0xDD4A,
  0xDD49, 0xDD8A, 0xE5AB, 0xE5AB, 0xE5AB, 0xDD4A, 0xCCC8, 0xC447, 0xABA6, 0x9305, 0x7264, 0x59C3, 0x61E3, 0x6203, 0x4142, 0x30C1,
  0x28C1, 0x3901, 0x4121, 0x3901, 0x4101, 0x4921, 0x4921, 0x4101, 0x28C1, 0x20A1, 0x20A1, 0x20C1, 0x18A1, 0x1081, 0x0841, 0x0841,
  0x1061, 0x28E2, 0x51C4, 0x8AE7, 0xABA8, 0xABC8, 0x9327, 0x72A6, 0x8306, 0xABE8, 0xC449, 0xB408, 0x8B26, 0x7AA6, 0x8B27, 0xABE8,
  0xB429, 0xB429, 0xB449, 0xB429, 0xB429, 0xC4A9, 0xD50A, 0xCCEA, 0xA408, 0x8306, 0x72C6, 0x8B67, 0x9BC8, 0x9BC8, 0xB469, 0xD52A,
  0xDD6A, 0xDDAB, 0xDDAB, 0xE5AB, 0xDD6A, 0xCCC9, 0xBC47, 0xBC07, 0xB3C6, 0xA365, 0x7A84, 0x61E3, 0x7223, 0x7223, 0x5162, 0x30E1,
  0x30C1, 0x3901, 0x3901, 0x30E1, 0x3901, 0x4121, 0x4941, 0x4921, 0x30C1, 0x20A1, 0x20A1, 0x20A1, 0x18A1, 0x1081, 0x0841, 0x0841,
  0x0861, 0x20C2, 0x51C5, 0x82E7, 0xABC9, 0xB3E9, 0x9B87, 0x8306, 0x8B06, 0xA3A7, 0xBC28, 0xB408, 0x9B67, 0x8B26, 0x9367, 0xABE8,
  0xB429, 0xAC09, 0xABE9, 0xAC09, 0xB409, 0xC489, 0xDD2B, 0xDD6C, 0xC4CA, 0x9387, 0x7AE6, 0x8327, 0x8327, 0x8306, 0x9387, 0xC4C9,
  0xDD8B, 0xDD8B, 0xD54B, 0xD52A, 0xD4E9, 0xBC47, 0xABC6, 0xAB86, 0xAB86, 0xA365, 0x8AA4, 0x7223, 0x7A43, 0x7A43, 0x59A2, 0x4121,
  0x3901, 0x3901, 0x3901, 0x30E1, 0x3901, 0x4921, 0x4942, 0x4101, 0x28A1, 0x1881, 0x18A1, 0x20A1, 0x18A1, 0x1061, 0x0841, 0x0841,
  0x0861, 0x20C2, 0x49A5, 0x7AC7, 0xA3A9, 0xB409, 0xABC8, 0x9367, 0x9327, 0xA387, 0xB408, 0xB408, 0xABC7, 0x9B87, 0x9B88, 0xABC8,
  0xB429, 0xABE9, 0xA3C8, 0xABE9, 0xABE9, 0xBC49, 0xD50B, 0xE5CD, 0xD56C, 0xAC49, 0xAC49, 0x7B07, 0x7AE6, 0x72A5, 0x8326, 0xB469,
  0xD56B, 0xDD6B, 0xCD0A, 0xCCC9, 0xCCA8, 0xBC07, 0xABA6, 0xA345, 0xA345, 0xAB65, 0x92E4, 0x8263, 0x8263, 0x8243, 0x69C2, 0x5141,
  0x4121, 0x3901, 0x30E1, 0x30E1, 0x4121, 0x4941, 0x4121, 0x30C1, 0x2081, 0x1881, 0x20A1, 0x20A1, 0x18A1, 0x1061, 0x0840, 0x0841,
  0x0841, 0x18C2, 0x41A5, 0x72A7, 0x9369, 0xA3E9, 0xABE9, 0xA3A8, 0xA387, 0xABA7, 0xB3E8, 0xBC08, 0xB3E8, 0xABE8, 0xA3A8, 0xABE8,
  0xB429, 0xB409, 0xABE9, 0xABE9, 0xABE9, 0xB449, 0xCCCB, 0xDD8D, 0xDD8D, 0xC52C, 0xA3E9, 0x7B07, 0x6A85, 0x7285, 0x8326, 0xAC49,
  0xD54B, 0xD56B, 0xCCEA, 0xCCA9, 0xCCA8, 0xC448, 0xB3E7, 0xAB86, 0xA345, 0xAB65, 0xA324, 0x8A83, 0x8243, 0x8242, 0x7A22, 0x61A2,
  0x5161, 0x4121, 0x3901, 0x4121, 0x4941, 0x5142, 0x4101, 0x28A1, 0x1880, 0x1881, 0x20A1, 0x18A1, 0x18A1, 0x1061, 0x0840, 0x0841,
  0x0841, 0x18A2, 0x3985, 0x6287, 0x8329, 0x93A9, 0xA3C9, 0xABC9, 0xABE8, 0xB408, 0xBC28, 0xBC08, 0xBC28, 0xBC28, 0xABE8, 0xAC08,
  0xBC49, 0xBC6A, 0xB429, 0xAC09, 0xAC0A, 0xB42A, 0xBC8B, 0xCD2C, 0xCD2C, 0xD58D, 0xB48A, 0x8327, 0x6245, 0x6A65, 0x8B47, 0xB469,
  0x1040, 0xDD8C, 0xCD0A, 0xC4A9, 0xCCC9, 0xD4C9, 0xCC68, 0xBBC6, 0xAB65, 0xAB65, 0xA304, 0x8263, 0x7202, 0x8243, 0x8A63, 0x71E2,
  0x5982, 0x4121, 0x4101, 0x4941, 0x5962, 0x5982, 0x5142, 0x30C1, 0x1881, 0x1881, 0x1881, 0x18A1, 0x1881, 0x1061, 0x0840, 0x0841,
  0x0841, 0x18A2, 0x3985, 0x5A67, 0x6AC8, 0x8329, 0x9389, 0xA3C9, 0xB409, 0xBC49, 0xC449, 0xBC49, 0xBC29, 0xBC49, 0xBC29, 0xB429,
  0xC48A, 0xCCAA, 0xC46A, 0xB42A, 0xB42A, 0xB42A, 0xB44A, 0xBCAB, 0xCD2D, 0xD58D, 0xC50C, 0x93A8, 0x6265, 0x6A65, 0x8B67, 0xBCAA,
  0xD58D, 0x1040, 0xD54B, 0xC4A9, 0xC489, 0xD4E9, 0xD4C9, 0xC407, 0xAB45, 0x9B04, 0x92A3, 0x7202, 0x69E2, 0x7A23, 0x8243, 0x69C2,
  0x4942, 0x38E1, 0x30C1, 0x4101, 0x5962, 0x69C2, 0x61A2, 0x4121, 0x28A1, 0x1881, 0x1881, 0x1881, 0x1881, 0x1061, 0x0840, 0x0840,
  0x0841, 0x18A2, 0x3985, 0x5248, 0x6288, 0x72C8, 0x8329, 0x9389, 0xAC09, 0xC46A, 0xCC8A, 0xC469, 0xC449, 0xC469, 0xC46A, 0xBC6A,
  0xC48A, 0xCCCA, 0xCCAA, 0xBC4A, 0xAC2A, 0xAC0A, 0xA40A, 0xA40A, 0xB46B, 0xCD2D, 0xCD6D, 0xAC8A, 0x8327, 0x72A5, 0x9367, 0xBCCA,
  0xDDAD, 0x1860, 0xDD6C, 0xC489, 0xBC48, 0xCCC9, 0xD4C9, 0xBC07, 0x9B04, 0x8A83, 0x7A43, 0x61C2, 0x61C2, 0x7202, 0x71E2, 0x5162,
  0x38E1, 0x28A1, 0x2081, 0x30C1, 0x4921, 0x61A2, 0x69C2, 0x5162, 0x30C1, 0x1881, 0x1881, 0x1881, 0x1881, 0x1061, 0x0020, 0x0020,
  0x0841, 0x18A2, 0x3985, 0x5228, 0x5248, 0x5A88, 0x6AC8, 0x8349, 0xA3C9, 0xBC6A, 0xCCCA, 0xCCAA, 0xC489, 0xC48A, 0xC48A, 0xC48A,
  0xC4AA, 0xCCCA, 0xCCCB, 0xBC6A, 0xAC0A, 0xA3EA, 0x93AA, 0x9389, 0x9BEA, 0xBCAC, 0xD56D, 0xCD4D, 0xA449, 0x8B67, 0x9BA7, 0xC4CA,
  0x1861, 0xE5EE, 0xDD8C, 0xCCA9, 0xBC27, 0xC488, 0xD4A8, 0xB3A6, 0x8284, 0x7223, 0x7202, 0x61A2, 0x61A2, 0x71E2, 0x61A2, 0x4121,
  0x28C1, 0x2081, 0x1880, 0x20A1, 0x38E1, 0x4942, 0x5982, 0x4942, 0x28C1, 0x1881, 0x1881, 0x1881, 0x1881, 0x1061, 0x0820, 0x0020,
  0x0841, 0x18A2, 0x3985, 0x4A28, 0x4A28, 0x5248, 0x5A88, 0x72E8, 0x8B89, 0xAC2A, 0xCCCB, 0xD4CB, 0xCCAA, 0xCCAA, 0xCCAB, 0xCCCB,
  0xC4AB, 0xCCAA, 0xD4EA, 0xC48A, 0xAC0A, 0x9BCA, 0x8B69, 0x7B29, 0x8B89, 0xAC4B, 0xC52D, 0xC52D, 0xC54C, 0xAC69, 0xAC08, 0xBCAA,
  0x20C2, 0xDDAD, 0xDD8C, 0xD509, 0xBC47, 0xC447, 0xCC67, 0xAB85, 0x7A43, 0x69E2, 0x7223, 0x61C2, 0x61C2, 0x69E2, 0x5982, 0x3901,
  0x20A1, 0x2081, 0x1881, 0x20A1, 0x28C1, 0x3901, 0x4121, 0x30E1, 0x20A1, 0x1881, 0x1881, 0x18A1, 0x1881, 0x1061, 0x0020, 0x0020,
  0x0841, 0x18C2, 0x3986, 0x4A28, 0x4208, 0x4A28, 0x5248, 0x62A8, 0x7B29, 0x9BCA, 0xC48B, 0xD4EB, 0xD4EB, 0xD4EB, 0xCCCB, 0xCCEB,
  0xCCCB, 0xCCAA, 0xD4CA, 0xCCAA, 0xAC2A, 0x9BEA, 0x8B69, 0x72E8, 0x7B29, 0x93CA, 0xB4AB, 0xD58D, 0x738E, 0xCD4B, 0xB489, 0xAC48,
  0xB489, 0xCD0B, 0x39A6, 0xDD4A, 0xC468, 0xBC26, 0xC446, 0xB3A5, 0x7A63, 0x69E2, 0x7223, 0x6A03, 0x61C2, 0x61C2, 0x4941, 0x30C1,
  0x2081, 0x1881, 0x1881, 0x20A1, 0x28C1, 0x3901, 0x3901, 0x28C1, 0x1881, 0x1881, 0x18A1, 0x18A1, 0x1881, 0x1060, 0x0020, 0x0020,
  0x0841, 0x18C3, 0x39A6, 0x4A28, 0x4208, 0x4208, 0x4A28, 0x5A68, 0x6AC9, 0x8B6A, 0xB44B, 0xCCEC, 0xD50C, 0xD50B, 0xD50C, 0xD50C,
  0xCCEC, 0xCCAB, 0xD4CA, 0xCCCB, 0xBC6A, 0xAC0A, 0x9389, 0x7308, 0x72E9, 0x8369, 0x9C0A, 0xC50C, 0x7BCF, 0x5AEB, 0xBCEA, 0xA3E7,
  0x9B87, 0xAC28, 0xD52A, 0xDD4A, 0xCC87, 0xC426, 0xC446, 0xBBE5, 0x92E3, 0x7A42, 0x7A63, 0x7243, 0x59A2, 0x4962, 0x3901, 0x28C1,
  0x1880, 0x1860, 0x1860, 0x1881, 0x28A1, 0x3901, 0x3901, 0x30C1, 0x2081, 0x1881, 0x18A1, 0x18A1, 0x1881, 0x0840, 0x0020, 0x0020,
  0x0841, 0x18C3, 0x39A6, 0x4A28, 0x4208, 0x4208, 0x4228, 0x5248, 0x62A9, 0x7B29, 0xA40B, 0xC4AC, 0xD50C, 0xD52C, 0xD52C, 0xD52C,
  0xD52C, 0xCCCB, 0xD4CA, 0xCCCB, 0xBC8A, 0xB44A, 0x9BCA, 0x7B29, 0x72E8, 0x7B29, 0x93A9, 0xB48B, 0xD58C, 0xD58C, 0xCD4B, 0xA408,
  0x8305, 0x9366, 0xC4C9, 0xDD4A, 0xD4E8, 0xCC87, 0xD486, 0xCC45, 0xAB64, 0x92C3, 0x8AA3, 0x6A23, 0x4162, 0x30E1, 0x30C1, 0x28A1,
  0x1881, 0x1060, 0x1040, 0x1060, 0x20A1, 0x30E1, 0x3901, 0x30E1, 0x20A1, 0x1881, 0x1881, 0x1881, 0x1881, 0x0840, 0x0020, 0x0020,
  0x0841, 0x18C3, 0x39C6, 0x4A28, 0x4208, 0x3A08, 0x4208, 0x4A48, 0x5A89, 0x6AE9, 0x93AB, 0xB46C, 0xC4CC, 0xCD0C, 0xD52C, 0xD52C,
  0xD52C, 0xD4EB, 0xD4CB, 0xCCCA, 0xBC6A, 0xAC2A, 0x9BEA, 0x8349, 0x72E8, 0x7B09, 0x8B69, 0xAC2A, 0xC50B, 0xD5AC, 0xD58C, 0xB468,
  0x8B25, 0x8B05, 0xB448, 0xD529, 0xDD28, 0xDCE7, 0xDCE7, 0xD486, 0xC3E4, 0xB364, 0x92E3, 0x6A23, 0x3101, 0x20A1, 0x20A1, 0x28C1,
  0x20A1, 0x1880, 0x1060, 0x1060, 0x20A1, 0x30E1, 0x3901, 0x30E1, 0x20A1, 0x1881, 0x1881, 0x1881, 0x1061, 0x0840, 0x0000, 0x0000,
  0x0841, 0x18C3, 0x41C6, 0x5248, 0x4228, 0x4208, 0x4208, 0x4A49, 0x5269, 0x6AC9, 0x6AC9, 0xA42C, 0xB46C, 0xBCAC, 0xCCEC, 0xD52D,
  0xD54D, 0xD50C, 0xD4CB, 0xCCAA, 0xB44A, 0xA3EA, 0x9BCA, 0x8349, 0x72E8, 0x72E8, 0x8369, 0xA3EA, 0xB46A, 0xC4EB, 0xCD2B, 0xC4C9,
  0x9BA6, 0x9345, 0xAC07, 0xC4C8, 0xD4E8, 0xE507, 0xE527, 0xDCE7, 0xD465, 0xC3E5, 0xAB44, 0x7243, 0x3921, 0x20A1, 0x28A1, 0x28C1,
  0x28C1, 0x2081, 0x1880, 0x1881, 0x20A1, 0x3101, 0x3901, 0x28E1, 0x20A1, 0x1881, 0x1881, 0x1881, 0x1061, 0x0840, 0x0000, 0x0000,
  0x0841, 0x18C3, 0x41C6, 0x5249, 0x4A29, 0x4208, 0x4228, 0x4A49, 0x5269, 0x62CA, 0x836B, 0x93CB, 0xA40B, 0xAC4C, 0xBCAC, 0xCCEC,
  0xD52D, 0xD50C, 0xCCCB, 0xC48A, 0xB42A, 0x9BAA, 0x938A, 0x8349, 0x72E8, 0x72E8, 0x8349, 0x93AA, 0xA3E9, 0xA409, 0xBC89, 0xC4C9,
  0xB468, 0xAC07, 0xAC07, 0xB407, 0xBC47, 0xDCC7, 0xE528, 0xE507, 0xD4A6, 0xCC46, 0xB3A5, 0x8AA3, 0x5182, 0x3901, 0x30E1, 0x30E1,
  0x28C1, 0x20A1, 0x2081, 0x20A1, 0x28C1, 0x3901, 0x3902, 0x28C1, 0x18A1, 0x1881, 0x1881, 0x1881, 0x1061, 0x0840, 0x0000, 0x0000,
  0x0841, 0x18C3, 0x41C6, 0x5269, 0x4A49, 0x4228, 0x4A29, 0x4A49, 0x5269, 0x62CA, 0x7B4B, 0x8BAB, 0x8BAB, 0x9BEB, 0xAC4C, 0xBCAC,
  0xCCEC, 0xCCEC, 0xC4AB, 0xBC6A, 0xA40A, 0x9389, 0x8B6A, 0x834A, 0x7309, 0x7309, 0x7B29, 0x8B89, 0x9389, 0x8B68, 0x9BC8, 0xB469,
  0xC4EA, 0xBCA9, 0xAC07, 0x9B66, 0xA3A6, 0xCC67, 0xDD08, 0xDD28, 0xD4C7, 0xCC66, 0xBBE5, 0x9B24, 0x7A43, 0x5982, 0x4121, 0x38E1,
  0x28C1, 0x20A1, 0x20A1, 0x20A1, 0x20A1, 0x30E1, 0x30E1, 0x28A1, 0x1881, 0x1881, 0x1881, 0x1881, 0x1061, 0x0840, 0x0000, 0x0000,
  0x0841, 0x18C3, 0x41C6, 0x41C6, 0x5269, 0x4A49, 0x4A49, 0x5269, 0x5289, 0x62CA, 0x732B, 0x732B, 0x836B, 0x8BAB, 0x8BAB, 0xBCAC,
  0xBCAC, 0xC4AC, 0xBC6B, 0xAC2A, 0x9BC9, 0x8B69, 0x834A, 0x834A, 0x834A, 0x834A, 0x836A, 0x836A, 0x8349, 0x8328, 0x8328, 0xA3E9,
  0xA3E9, 0xAC28, 0xAC28, 0x8B25, 0x8B05, 0xB407, 0xD4C8, 0xD4E8, 0xD4C8, 0xC467, 0xBC06, 0xABA5, 0x9B04, 0x7A22, 0x5961, 0x3901,
  0x28C1, 0x2080, 0x2080, 0x28A1, 0x30C1, 0x38E1, 0x30E1, 0x28C1, 0x2081, 0x1881, 0x1881, 0x1881, 0x1860, 0x0840, 0x0000, 0x0000,
  0x0841, 0x18C3, 0x41C6, 0x41C6, 0x5269, 0x4A49, 0x5269, 0x5289, 0x528A, 0x62CA, 0x732B, 0x732B, 0x7B4B, 0x7B4B, 0x7B4B, 0xB46C,
  0xB46C, 0xB46C, 0xAC2B, 0x9BCA, 0x8B69, 0x7B29, 0x7B2A, 0x834A, 0x8B8B, 0x8B8B, 0x93AB, 0x8B8A, 0x8349, 0x7B09, 0x72E8, 0x8B68,
  0xB48A, 0xB48A, 0xB469, 0x8B26, 0x7AA5, 0xA386, 0xBC27, 0xCC88, 0xCCA8, 0xC467, 0xB3E6, 0xB3E6, 0xB3A5, 0x92A3, 0x61A2, 0x4101,
  0x30C1, 0x2080, 0x1880, 0x28A0, 0x3901, 0x4921, 0x4921, 0x38E1, 0x20A1, 0x1881, 0x1881, 0x1881, 0x1881, 0x0840, 0x0000, 0x0000,
  0x0841, 0x18C3, 0x41C7, 0x5A89, 0x5289, 0x5269, 0x5289, 0x5A8A, 0x5AAA, 0x62CA, 0x6B0B, 0x7B4B, 0x7B2B, 0x836B, 0x93CC, 0x93CC,
  0xAC4C, 0xAC4C, 0xAC4C, 0x93AB, 0x7B4A, 0x7309, 0x7B2A, 0x836B, 0x836B, 0x836B, 0x8B6A, 0x8B6A, 0x8B6A, 0x8329, 0x72E8, 0x72C7,
  0x93A9, 0xBCAA, 0xBC69, 0x9B67, 0x82E5, 0x9326, 0xABC7, 0xBC28, 0xC468, 0xBC48, 0xABC7, 0xB3C6, 0xB3C5, 0xA304, 0x69E2, 0x3901,
  0x28C0, 0x28A0, 0x1880, 0x28A0, 0x4921, 0x6161, 0x6181, 0x4921, 0x28A1, 0x1881, 0x1860, 0x1881, 0x1881, 0x1040, 0x0000, 0x0000,
  0x0841, 0x18C3, 0x39C7, 0x5289, 0x528A, 0x528A, 0x5AAA, 0x5AAA, 0x5ACA, 0x62EB, 0x6B0B, 0x732B, 0x732B, 0x7B4B, 0x8BAB, 0x8BAB,
  0x8BAB, 0x8B8B, 0x8B8B, 0x8B8B, 0x732A, 0x730A, 0x7B2A, 0x8B6B, 0x8B6B, 0x8B6B, 0x938A, 0x938A, 0x938A, 0x8B4A, 0x72E8, 0x6287,
  0x7B07, 0xA3E9, 0xB449, 0xA3C8, 0x9347, 0x8B26, 0x9B87, 0xB408, 0xBC69, 0xB408, 0xA3A7, 0xA386, 0xAB65, 0x9AE4, 0x7202, 0x3901,
  0x28A0, 0x28A0, 0x2080, 0x30C1, 0x5141, 0x6981, 0x71C1, 0x6181, 0x30C1, 0x1860, 0x1060, 0x1881, 0x1881, 0x1040, 0x0000, 0x0000,
  0x0841, 0x18C3, 0x39C7, 0x5269, 0x528A, 0x528A, 0x62CA, 0x62CA, 0x62CB, 0x62EB, 0x6B0B, 0x732B, 0x732B, 0x7B4B, 0x8B8B, 0x8B8B,
  0x8B8B, 0x8B8B, 0x732B, 0x732B, 0x732B, 0x730A, 0x7B4B, 0x8B8B, 0x93AB, 0x9BCB, 0xA3EC, 0x9BCB, 0x9BAA, 0x938A, 0x7B29, 0x6AA8,
  0x72C7, 0x9368, 0xABE9, 0xABE9, 0x9BA8, 0x8B27, 0x8B47, 0xA3E8, 0xB44A, 0xA3E9, 0x9368, 0x8B06, 0x8AA4, 0x7A43, 0x61C2, 0x3901,
  0x28A0, 0x28A0, 0x2080, 0x28C1, 0x5141, 0x6181, 0x69A1, 0x5981, 0x30C1, 0x1860, 0x1040, 0x1060, 0x1861, 0x0840, 0x0000, 0x0000,
  0x0841, 0x18C3, 0x39C7, 0x5269, 0x528A, 0x528A, 0x62CA, 0x62EA, 0x62EB, 0x6B0B, 0x6B2C, 0x6B2B, 0x732B, 0x732B, 0x8BAB, 0x8BAB,
  0x8BAC, 0x8BAC, 0x8BAC, 0x732B, 0x732B, 0x732B, 0x836B, 0x93CB, 0x9BCB, 0x9BCB, 0xA3EB, 0xA3CB, 0xA3CB, 0x9BCA, 0x936A, 0x7B09,
  0x7AE8, 0x8B49, 0x9B89, 0xA3C9, 0xA3C9, 0x8B47, 0x8307, 0x9B88, 0xAC0A, 0x9BA9, 0x8328, 0x72A7, 0x6204, 0x5182, 0x4121, 0x30C1,
  0x28A0, 0x28A0, 0x2080, 0x20A0, 0x3901, 0x4921, 0x4921, 0x4121, 0x28A0, 0x1860, 0x1040, 0x1060, 0x1060, 0x0840, 0x0000, 0x0000,
  0x0841, 0x18C3, 0x39C7, 0x4A69, 0x526A, 0x5AAA, 0x62EA, 0x6B0B, 0x6B0B, 0x6B2C, 0x732C, 0x732C, 0x732B, 0x7B6B, 0x8B8B, 0x93AB,
  0x8BAC, 0x8BAC, 0x8BAC, 0x7B4B, 0x7B4B, 0x7B4B, 0x8BAB, 0xA40C, 0xAC2C, 0xAC2B, 0xAC0B, 0xA3EB, 0xA3EB, 0xA3EB, 0x9BCB, 0x8B6A,
  0x8329, 0x8B49, 0x8B49, 0x9B89, 0xABE9, 0x9B88, 0x8B27, 0x9368, 0x9BA9, 0x9389, 0x7AE8, 0x6267, 0x4184, 0x28E1, 0x2080, 0x1880,
  0x2080, 0x2080, 0x2080, 0x1880, 0x28A0, 0x30C0, 0x30C1, 0x28C0, 0x2080, 0x1860, 0x1860, 0x1060, 0x1060, 0x0840, 0x0000, 0x0000,
  0x0841, 0x18C3, 0x39C7, 0x4A69, 0x526A, 0x5A8A, 0x62EB, 0x6B0B, 0x732B, 0x734C, 0x734C, 0x734C, 0x734B, 0x7B6B, 0x8BAC, 0x9BCC,
  0x93CC, 0x93CC, 0x7B6C, 0x7B6C, 0x7B4B, 0x7B6B, 0x7B6B, 0xAC2C, 0xBC8C, 0xBC8C, 0xB44C, 0xAC0B, 0xA3EB, 0xABEB, 0xA3EB, 0x938B,
  0x8B4A, 0x834A, 0x8329, 0x8B49, 0xA3C9, 0xABE9, 0x9B88, 0x9368, 0x8B69, 0x8329, 0x72C8, 0x5227, 0x3164, 0x1881, 0x0840, 0x1040,
  0x1060, 0x1860, 0x1860, 0x1860, 0x2080, 0x20A0, 0x28C0, 0x28C1, 0x28A0, 0x2080, 0x1881, 0x1881, 0x1060, 0x0840, 0x0000, 0x0000,
  0x0841, 0x18C3, 0x39C7, 0x4A6A, 0x4A6A, 0x528A, 0x62EB, 0x732B, 0x732B, 0x734C, 0x734C, 0x734C, 0x7B4C, 0x836C, 0x93CC, 0xA40C,
  0xA40C, 0xA40C, 0x7B6B, 0x7B6B, 0x734B, 0x7B4B, 0x93AC, 0xAC4C, 0xC4AD, 0xCCED, 0xC4AC, 0xAC2B, 0x9BCB, 0xA3EC, 0xA3EC, 0x93AB,
  0x834A, 0x7B2A, 0x7B09, 0x8308, 0x9BA9, 0xBC29, 0xAC09, 0x9B89, 0x8328, 0x72E8, 0x6AA8, 0x5227, 0x3164, 0x1081, 0x0820, 0x0820,
  0x1040, 0x1040, 0x1040, 0x1040, 0x1880, 0x2080, 0x28C1, 0x3901, 0x30E1, 0x20A0, 0x1881, 0x1881, 0x1881, 0x0840, 0x0000, 0x0000,
  0x0841, 0x18C3, 0x39C7, 0x4A6A, 0x528A, 0x528A, 0x62EB, 0x62EB, 0x734C, 0x734C, 0x734C, 0x7B6C, 0x7B6C, 0x838C, 0x838C, 0xB44C,
  0xB46C, 0x9BEC, 0x9BEC, 0x836B, 0x7B4B, 0x7B4B, 0x8BCC, 0xAC4C, 0xC4CD, 0xD52D, 0xCD0D, 0xB44C, 0x9BCB, 0x9BCB, 0x9BCC, 0x93AB,
  0x834A, 0x730A, 0x72E9, 0x7AE9, 0x9389, 0xBC49, 0xBC69, 0xA3C9, 0x8329, 0x62A8, 0x5A68, 0x4A27, 0x3985, 0x18A2, 0x0820, 0x0820,
  0x0840, 0x1040, 0x1040, 0x1040, 0x1880, 0x20A0, 0x30C1, 0x4121, 0x3901, 0x28A1, 0x1881, 0x1881, 0x1861, 0x1040, 0x0020, 0x0000,
  0x0841, 0x18C3, 0x39C7, 0x526A, 0x528B, 0x52AB, 0x62EB, 0x62EB, 0x736C, 0x736C, 0x736C, 0x7B6C, 0x7B6C, 0x7B6C, 0xBC6D, 0xBC6D,
  0xC4AD, 0xAC2C, 0x9BEC, 0x9BEC, 0x836B, 0x7B6B, 0x93CC, 0xAC6D, 0xC4ED, 0xD54E, 0xD56E, 0xBCAC, 0x9BEB, 0x9BEB, 0x93AB, 0x8B8B,
  0x834B, 0x730A, 0x72E9, 0x72E9, 0x8B49, 0xB429, 0xC48A, 0xA3E9, 0x7B09, 0x5A88, 0x4A28, 0x4208, 0x31A6, 0x18C2, 0x0820, 0x0000,
  0x0820, 0x0840, 0x1040, 0x1060, 0x1880, 0x20A0, 0x30E1, 0x4121, 0x3901, 0x28A1, 0x2081, 0x1881, 0x1861, 0x1040, 0x0020, 0x0000,
  0x0841, 0x18C3, 0x41E7, 0x528A, 0x52AB, 0x52AB, 0x62EB, 0x62EB, 0x7B6C, 0x736D, 0x736D, 0x7B6C, 0x7B6C, 0x7B6C, 0xC48D, 0xC48D,
  0xD4ED, 0xBC8C, 0xAC2C, 0xA40C, 0x93AC, 0x93AC, 0x93CC, 0xAC6D, 0xC50E, 0xC50E, 0xDDAF, 0xC52E, 0xA44C, 0xA44C, 0x8B8B, 0x8B8B,
  0x834B, 0x730A, 0x72EA, 0x7309, 0x8329, 0xA3C9, 0xBC49, 0xA3C9, 0x7309, 0x5269, 0x4228, 0x4208, 0x31A6, 0x18C3, 0x0020, 0x0000,
  0x0000, 0x0820, 0x1060, 0x1860, 0x1880, 0x28A1, 0x30E1, 0x4121, 0x3901, 0x28A0, 0x2081, 0x1881, 0x1860, 0x1040, 0x0820, 0x0000,
  0x0841, 0x18E3, 0x4208, 0x5AAB, 0x5ACB, 0x5ACB, 0x630C, 0x734C, 0x7B6D, 0x736D, 0x7B6C, 0x7B6C, 0x7B6C, 0x7B6C, 0xC4AD, 0xC4AD,
  0xD4ED, 0xCCCD, 0xBC6C, 0xB44C, 0xB44C, 0x8BAC, 0x8BAC, 0xAC4D, 0xC50E, 0xC50E, 0xC50E, 0x9C2C, 0x9C2C, 0x9C2C, 0x93AB, 0x8B8B,
  0x836B, 0x7B2A, 0x730A, 0x7B2A, 0x7B29, 0x9369, 0xA3A9, 0x9369, 0x72E9, 0x5269, 0x4A29, 0x4208, 0x31A7, 0x18E3, 0x0840, 0x0000,
  0x0000, 0x0820, 0x1060, 0x1860, 0x2080, 0x28C1, 0x30E1, 0x4121, 0x4121, 0x28A0, 0x1880, 0x1880, 0x1060, 0x1040, 0x0820, 0x0000,
  0x0841, 0x18E3, 0x4A08, 0x62CB, 0x62EC, 0x5AEC, 0x630C, 0x734D, 0x7B6D, 0x7B6D, 0x7B8D, 0x7B6C, 0x838C, 0x8BAC, 0x8BAC, 0xC48D,
  0xD4ED, 0xD4ED, 0xCCAC, 0xC4AD, 0xB46D, 0x9BEC, 0x8BAC, 0x8BAC, 0xBCEE, 0xBCEE, 0xDDCF, 0xD58F, 0xBD0E, 0xBD0E, 0x93EB, 0x93CB,
  0x93CB, 0x834B, 0x7B4B, 0x834A, 0x7B2A, 0x8B29, 0x9369, 0x8B49, 0x6AE9, 0x5A89, 0x5269, 0x4A49, 0x39E8, 0x2104, 0x0861, 0x0000,
  0x0820, 0x0820, 0x1040, 0x1860, 0x1880, 0x28C1, 0x38E1, 0x4101, 0x3901, 0x20A0, 0x1860, 0x1860, 0x1860, 0x1060, 0x0820, 0x0000,
  0x0841, 0x20E3, 0x4A28, 0x630B, 0x6B2C, 0x630C, 0x632C, 0x6B4D, 0x736D, 0x736D, 0x838D, 0x838C, 0x838C, 0x93CC, 0x93CC, 0xC48D,
  0xD4CD, 0xD4ED, 0xD4CD, 0xD4ED, 0xC4AD, 0xA40C, 0x8BAC, 0x93CC, 0x93CC, 0xC50E, 0xCD4F, 0xC52E, 0xBCEE, 0xAC8D, 0x9C2C, 0x9C0B,
  0x93EB, 0x838B, 0x838B, 0x8BAB, 0x836B, 0x8B6A, 0x938A, 0x8B6A, 0x730A, 0x62CA, 0x5ACA, 0x528A, 0x4228, 0x2945, 0x1081, 0x0820,
  0x0820, 0x1040, 0x1040, 0x1040, 0x1860, 0x28A0, 0x38E1, 0x4101, 0x3901, 0x20A0, 0x1060, 0x1060, 0x1060, 0x1060, 0x0820, 0x0000,
  0x0841, 0x20E3, 0x4A48, 0x6B2C, 0x6B2C, 0x6B2C, 0x6B2C, 0x6B4D, 0x738D, 0x738D, 0x8BAD, 0x8BAD, 0x8BAC, 0x8BAC, 0xC48D, 0xC48D,
  0xCCCD, 0xD4CD, 0xDCED, 0xDD0D, 0xCCCD, 0xB44C, 0x93CC, 0x8BAC, 0x8BAC, 0x8BAC, 0xBCCD, 0xBCCD, 0xBCCD, 0xAC8C, 0xAC4C, 0xA44C,
  0x9C2C, 0x8BCB, 0x8BAB, 0x93CC, 0x8BAB, 0x8B6A, 0x93AB, 0x8B8B, 0x7B4B, 0x732B, 0x6B0B, 0x5ACB, 0x4A49, 0x3186, 0x10A2, 0x0840,
  0x0820, 0x1040, 0x1040, 0x1040, 0x1040, 0x2080, 0x30C1, 0x4101, 0x3901, 0x28A0, 0x1060, 0x1040, 0x1060, 0x1061, 0x0840, 0x0000,
  0x0841, 0x2103, 0x5248, 0x5248, 0x6B4D, 0x6B4D, 0x6B4D, 0x6B4D, 0x738D, 0x738D, 0x738D, 0x738D, 0xBC8D, 0xBC8D, 0xBC8D, 0xBC8D,
  0xCCAD, 0xCCAD, 0xD4ED, 0xDD0D, 0xD4ED, 0xBC6D, 0xBC6D, 0x838C, 0x8BCD, 0x8BCD, 0xAC6D, 0xAC6D, 0xA44C, 0xA44C, 0xAC6C, 0xAC6C,
  0xA42C, 0x93CC, 0x8BAC, 0x8BAC, 0x8BAB, 0x836B, 0x8B8B, 0x838B, 0x7B6B, 0x7B6B, 0x734C, 0x6B0C, 0x52AA, 0x39C7, 0x18C3, 0x0840,
  0x0820, 0x0840, 0x1040, 0x1040, 0x1040, 0x1860, 0x28A0, 0x38E1, 0x4101, 0x28C0, 0x1860, 0x1040, 0x1060, 0x1060, 0x1040, 0x0000,
  0x0841, 0x2103, 0x5248, 0x5248, 0x7B8D, 0x736D, 0x6B4D, 0x6B4D, 0x738D, 0x83CE, 0x83CE, 0x83CE, 0x9C0D, 0x9C0D, 0x9C0D, 0xBC8E,
  0xCCAD, 0xC4AD, 0xD4ED, 0xDD0D, 0xD4ED, 0xBC6C, 0x9BEC, 0x836C, 0x7B6C, 0x8BCD, 0x8BCD, 0xA42D, 0x9C0C, 0x9C2C, 0xAC4C, 0xAC4C,
  0xA42C, 0x93CC, 0x93CC, 0x838C, 0x838C, 0x734B, 0x732B, 0x732B, 0x734C, 0x7B6D, 0x7B8D, 0x7B8D, 0x630B, 0x4208, 0x20E3, 0x0840,
  0x0820, 0x0820, 0x0820, 0x0840, 0x1040, 0x2080, 0x30C0, 0x38E1, 0x38E1, 0x28C0, 0x1860, 0x1040, 0x1060, 0x1060, 0x1040, 0x0020,
  0x0841, 0x2103, 0x5249, 0x5249, 0x738E, 0x738E, 0x736D, 0x6B6D, 0x738D, 0x738D, 0x738D, 0x738D, 0xBCAE, 0xBCAE, 0xBCAE, 0xBCAE,
  0xCCCE, 0xCCCE, 0xCCCD, 0xCCEE, 0xCCCD, 0xB46C, 0x9BEC, 0x7B6C, 0x734C, 0x736C, 0x8BAC, 0x8BAC, 0x9C0C, 0xA42C, 0xA44C, 0xA42C,
  0xA42C, 0x83AC, 0x83AC, 0x83AC, 0x734C, 0x734C, 0x6B0B, 0x6B2C, 0x734C, 0x734C, 0x7B8D, 0x7B8D, 0x5269, 0x5269, 0x2924, 0x0841,
  0x0020, 0x0000, 0x0820, 0x0820, 0x1040, 0x2080, 0x30C0, 0x38E1, 0x38E0, 0x28A0, 0x1860, 0x1040, 0x1040, 0x1040, 0x1040, 0x0820,
  0x0841, 0x20E3, 0x5249, 0x5249, 0x7BAE, 0x7BAE, 0x738E, 0x6B6D, 0x738E, 0x738E, 0x738E, 0xAC4E, 0xAC4E, 0xAC4E, 0xAC4E, 0xC4CE,
  0xC4CE, 0xC4CE, 0xBCAE, 0xC4CE, 0xC4AD, 0xB44C, 0x93CC, 0x734C, 0x6B0C, 0x6B2C, 0x734C, 0x83AC, 0x83AC, 0xAC6C, 0xAC6C, 0xAC6C,
  0x83AC, 0x83AC, 0x83AC, 0xE5D1, 0x7B8C, 0x734C, 0x6B2C, 0x6B4C, 0x734D, 0x734D, 0x7B8D, 0x7B8D, 0x734C, 0x62A9, 0x3165, 0x1061,
  0x0000, 0x0000, 0x0820, 0x0820, 0x1040, 0x2060, 0x30A0, 0x38E0, 0x38E0, 0x28A0, 0x1040, 0x1040, 0x1040, 0x1060, 0x1040, 0x0820,
  0x0841, 0x20E3, 0x4A49, 0x4A49, 0x4A49, 0x7B8E, 0x7B8E, 0x736D, 0x738E, 0x738E, 0x738E, 0x738E, 0x738E, 0xC4EF, 0xC4EF, 0xC4EF,
  0xC4EF, 0xC4EF, 0xC4EF, 0xBC8D, 0xBC8D, 0xB44C, 0x93CC, 0x734C, 0x630C, 0x630C, 0x6B2C, 0x736C, 0x93EC, 0xB48C, 0xB48C, 0xA42C,
  0x93EC, 0xDDB1, 0x83AD, 0x838D, 0x7B8D, 0x736D, 0x6B4D, 0x6B4D, 0x7B8D, 0x7B8D, 0x7B8D, 0x736D, 0x734C, 0x734C, 0x39A5, 0x1081,
  0x0000, 0x0020, 0x0820, 0x1040, 0x1040, 0x1840, 0x2080, 0x30C0, 0x38C0, 0x28A0, 0x1060, 0x1040, 0x1040, 0x1060, 0x1060, 0x0840,
  0x0841, 0x18E3, 0x4A49, 0x736D, 0x736D, 0x736D, 0x738E, 0x738E, 0x738E, 0x738E, 0x738E, 0x738E, 0x738E, 0x738E, 0xB48E, 0xB48E,
  0xB48E, 0xB48E, 0xB48E, 0xB48E, 0xB44D, 0xB44D, 0x9BEC, 0x734C, 0x630C, 0x5AEC, 0x630C, 0x6B2C, 0x83AC, 0xAC6C, 0xBCCC, 0xB46C,
  0x9C0C, 0x93ED, 0xEDD0, 0xEDAF, 0x7B8D, 0x736D, 0x736D, 0x736D, 0x736D, 0x736D, 0x736D, 0x6B4D, 0x6B2C, 0x62EB, 0x41E7, 0x18A2,
  0x0020, 0x0020, 0x1040, 0x1860, 0x1860, 0x1840, 0x1860, 0x2880, 0x30C0, 0x28A0, 0x1860, 0x1040, 0x1040, 0x1060, 0x1060, 0x0840,
  0x0841, 0x18E3, 0x4A49, 0x736D, 0x736D, 0x736D, 0x7B8E, 0x7B8E, 0x7B8E, 0x83CE, 0x83CE, 0x83CE, 0x83CE, 0x83CE, 0x83CE, 0x83CE,
  0xB48D, 0xB48D, 0xB48D, 0xB48D, 0xB48D, 0xB48D, 0xB48D, 0x7B4C, 0x630C, 0x630C, 0x630C, 0x6B2C, 0x736C, 0x9C0C, 0xBCAC, 0xBCAC,
  0xD590, 0xEDD0, 0xEDCF, 0xE58E, 0xE58E, 0x738D, 0x738D, 0x738D, 0x736E, 0x6B6E, 0x6B4D, 0x632D, 0x632C, 0x630B, 0x4208, 0x18E3,
  0x0820, 0x0000, 0x1040, 0x1860, 0x1860, 0x1860, 0x1840, 0x2080, 0x30C0, 0x30C0, 0x2080, 0x1060, 0x1060, 0x1060, 0x1060, 0x0840,
  0x0841, 0x18E4, 0x4A49, 0x734D, 0x8BEE, 0x8BEE, 0x7BAE, 0x7BAE, 0x7BAE, 0x83CE, 0x83CE, 0x83CE, 0x83CE, 0x83CE, 0x83CE, 0x83CE,
  0xC4AE, 0xC4AE, 0xC4AE, 0xC4AE, 0xC4AE, 0xC4AE, 0xC4AE, 0x7B6C, 0x630C, 0x630C, 0x632C, 0x6B2C, 0x734C, 0x8BCC, 0xAC6C, 0xC4EC,
  0xCD0D, 0xBCCD, 0xEDCE, 0xE58E, 0xE56E, 0xE5AF, 0x73AE, 0x7BAE, 0x7BAE, 0x6B6E, 0x632D, 0x5B0D, 0x5B0D, 0x630C, 0x4A49, 0x2124,
  0x0841, 0x0820, 0x0820, 0x1040, 0x1060, 0x1040, 0x1840, 0x2080, 0x30C0, 0x30C1, 0x28A0, 0x1060, 0x1040, 0x1060, 0x1060, 0x1060,
  0x0841, 0x18E4, 0x4249, 0x6B4D, 0x6B4D, 0x6B4D, 0x83CE, 0x83CE, 0x83AE, 0x8BEE, 0x8BEE, 0x8BEE, 0x8BEE, 0x8BEE, 0x8BEE, 0xC4EF,
  0xC4EF, 0xC4EF, 0xC4EF, 0xC4EF, 0xC4EF, 0xCCEE, 0xAC4D, 0x838C, 0x6B2C, 0x632C, 0x6B4D, 0x6B4D, 0x6B6D, 0x7B8D, 0x9C2C, 0xC4EC,
  0xDD4D, 0xD54D, 0xC4CD, 0xDD6E, 0xD54F, 0x7BAE, 0x7BAE, 0x7BAE, 0x7BAE, 0x634D, 0x634D, 0x5B0D, 0x5B0D, 0x632D, 0x528A, 0x2965,
  0x1081, 0x0820, 0x0820, 0x0820, 0x0840, 0x1040, 0x1860, 0x2080, 0x30C0, 0x30C1, 0x28A1, 0x1860, 0x1040, 0x1040, 0x1060, 0x1040,
  0x0841, 0x1904, 0x4249, 0x6B4D, 0x6B4D, 0xA44E, 0xA44E, 0x8BEE, 0x8BEE, 0x8BEE, 0x8BEE, 0x8BEE, 0x8BEE, 0x8BEE, 0x8BEE, 0xCCEE,
  0xCCEE, 0xCCEE, 0xCCEE, 0xCCEE, 0xCCEE, 0xCCEE, 0xB48E, 0xB48E, 0x6B2C, 0x632C, 0x6B4D, 0x6B6D, 0x736D, 0x736D, 0x8BED, 0xB4AD,
  0xDD6D, 0xE58D, 0xD54D, 0xC4ED, 0xC50F, 0x83CD, 0x7B8D, 0x7B8D, 0x738E, 0x738E, 0x634D, 0x5B0D, 0x5B2D, 0x632E, 0x5AEC, 0x39C7,
  0x18A2, 0x0820, 0x0820, 0x0820, 0x0820, 0x1040, 0x1860, 0x2880, 0x30C0, 0x30C1, 0x2080, 0x1040, 0x0840, 0x1040, 0x1040, 0x0840,
  0x0841, 0x1904, 0x4249, 0x6B4D, 0x6B4D, 0xA44E, 0xA44E, 0x940E, 0x940E, 0x940E, 0x940E, 0x940E, 0x940E, 0x940E, 0x940E, 0xC4CE,
  0xC4CE, 0xC4CE, 0xC4CE, 0xC4CE, 0xC4CE, 0xC4CE, 0xBC8E, 0xBC8E, 0x734D, 0x6B2D, 0x6B4D, 0x6B6D, 0x738D, 0x738D, 0x83CD, 0x83CD,
  0xCD0D, 0xDD6D, 0xDD8D, 0xD54D, 0xBCAD, 0x942F, 0x7B8D, 0x738E, 0x738E, 0x6B6E, 0x632D, 0x632D, 0x632E, 0x634E, 0x630D, 0x4208,
  0x18C3, 0x0840, 0x0820, 0x0820, 0x0820, 0x1040, 0x1860, 0x28A0, 0x28A0, 0x28A0, 0x2080, 0x1040, 0x0820, 0x0840, 0x1040, 0x0840,
  0x0861, 0x2104, 0x4A49, 0x6B4D, 0x8BEE, 0xAC6E, 0xAC6E, 0x9C2F, 0x9C2F, 0x9C2F, 0x9C2F, 0x9C2F, 0x9C2F, 0x9C2F, 0x9C70, 0x9C70,
  0x9C70, 0x9C70, 0x9C70, 0x9C70, 0x9C70, 0x9C70, 0xB46E, 0xB46E, 0x7B8D, 0x6B4D, 0x6B4D, 0x6B6D, 0x738E, 0x73AE, 0x7BAE, 0x8BED,
  0x8BED, 0xCD2D, 0xDD6E, 0xD54E, 0xC4EE, 0xA42D, 0x73AF, 0x738D, 0x736E, 0x6B4E, 0x634D, 0x634D, 0x634E, 0x6B6E, 0x632D, 0x4A49,
  0x2104, 0x0841, 0x0000, 0x0820, 0x0820, 0x1040, 0x1860, 0x2080, 0x2080, 0x2080, 0x1860, 0x1040, 0x0820, 0x0820, 0x0840, 0x1040,
  0x0862, 0x2104, 0x4A49, 0x6B4D, 0x8BEE, 0xA46E, 0xA46E, 0xA46E, 0xA46E, 0x8BEF, 0x8BEF, 0x8BEF, 0x8C0F, 0x8C0F, 0x8C0F, 0x8C0F,
  0x8C0F, 0x9C70, 0x9C70, 0x9C70, 0x9C70, 0xA42E, 0xA42E, 0x7BAE, 0x7BAE, 0x736E, 0x6B6D, 0x738E, 0x73AE, 0x73AE, 0x73AE, 0x7BAE,
  0x940E, 0x940E, 0xC50E, 0xC50E, 0xBCCE, 0xA42E, 0x6B8E, 0x7B8E, 0x738E, 0x6B6E, 0x634E, 0x634E, 0x6B6E, 0x738E, 0x6B6E, 0x52AA,
  0x2945, 0x0861, 0x0000, 0x0820, 0x0820, 0x0820, 0x1040, 0x1840, 0x1860, 0x1860, 0x1860, 0x1040, 0x0820, 0x0820, 0x0840, 0x0840,
  0x0862, 0x2124, 0x4A6A, 0x6B6D, 0x8BEF, 0xA44F, 0xA44F, 0xA44F, 0xA44F, 0x83EF, 0x83EF, 0x83EF, 0x83EF, 0x83EF, 0x83EF, 0x83EF,
  0x83EF, 0xA44E, 0xA44E, 0xA44E, 0xA44E, 0x940E, 0x840F, 0x840F, 0x83CE, 0x7BAE, 0x738E, 0x7BAE, 0x7BAE, 0x7BCF, 0x73AE, 0x738E,
  0x83CE, 0x83CE, 0x7BAF, 0x7BAF, 0x6B8E, 0x6B6E, 0x83CE, 0x7BAE, 0x83F0, 0x73AE, 0x6B8E, 0x6B6E, 0x738E, 0x738E, 0x738E, 0x62EB,
  0x39A6, 0x1082, 0x0020, 0x0000, 0x0820, 0x0820, 0x1040, 0x1040, 0x1860, 0x1860, 0x1860, 0x1860, 0x0840, 0x0820, 0x0840, 0x0840,
  0x0862, 0x2124, 0x4A6A, 0x736E, 0x8BEF, 0x8BEF, 0x8BEF, 0x8BEF, 0x8BEF, 0x83F0, 0x83F0, 0x83F0, 0x83F0, 0x83F0, 0x83F0, 0x83F0,
  0x83F0, 0xA46E, 0xA46E, 0xA46E, 0xA46E, 0x940E, 0x83EF, 0x83EE, 0x83EE, 0x7BCF, 0x7BCF, 0x7BCF, 0x7BCF, 0x83F0, 0x7BAF, 0x73AE,
  0x7BCE, 0x8C0F, 0x8C0E, 0x8BEE, 0x83EE, 0x7BAE, 0x738E, 0x7BAE, 0x7BAE, 0x7BCF, 0x73AF, 0x738F, 0x738F, 0x738E, 0x738E, 0x6B8F,
  0x4207, 0x18C2, 0x0820, 0x0000, 0x0820, 0x0820, 0x1040, 0x1860, 0x1860, 0x2080, 0x2080, 0x2080, 0x1040, 0x0820, 0x0840, 0x0840,
  0x0862, 0x2125, 0x4A6A, 0x4A6A, 0x8C0F, 0x8C0F, 0x8C0F, 0x8C0F, 0x8C0F, 0x8C0F, 0x8C0F, 0x8C0F, 0xBCCF, 0xBCCF, 0xBCCF, 0xBCCF,
  0xBCCF, 0xBCCF, 0xBCCF, 0xBCCF, 0xBCCF, 0x83CE, 0x83CE, 0x83CF, 0x83EF, 0x83EF, 0x840F, 0x840F, 0x840F, 0x83EF, 0x7BCF, 0x7BAF,
  0x83CF, 0x83CF, 0x83EF, 0x73AE, 0x738E, 0x738E, 0x738E, 0x73AE, 0x73AE, 0x7BD0, 0x7BD0, 0x73AF, 0x73AF, 0x73AF, 0x73AE, 0x736D,
  0x4A49, 0x2103, 0x0840, 0x0000, 0x0820, 0x0820, 0x1040, 0x1860, 0x1860, 0x20A0, 0x28A0, 0x2080, 0x1860, 0x0840, 0x0820, 0x0840,
  0x0862, 0x2125, 0x528A, 0x528A, 0x8C0F, 0x8C0F, 0x8C0F, 0x8C0F, 0x8C0F, 0x8C0F, 0x8C0F, 0x8C0F, 0xBCCF, 0xBCCF, 0xBCCF, 0xBCCF,
  0xBCCF, 0xBCCF, 0xBCCF, 0xBCCF, 0xBCCF, 0x83CF, 0x83CF, 0x7BCF, 0x83EF, 0x83EF, 0x840F, 0x840F, 0x840F, 0x83EF, 0x7BCF, 0x7BCF,
  0x83EF, 0x83EF, 0x83EF, 0x738E, 0x6B6E, 0x6B8E, 0x6B8E, 0x73AF, 0x73AF, 0x7BD0, 0x7BD0, 0x73AF, 0x73AF, 0x73CF, 0x73AF, 0x6B6E,
  0x528A, 0x2945, 0x0861, 0x0000, 0x0820, 0x0820, 0x1040, 0x1040, 0x1860, 0x2080, 0x28A0, 0x2080, 0x1860, 0x1040, 0x0820, 0x0840,
  0x0862, 0x2125, 0x528A, 0x736E, 0x8BEF, 0x8BEF, 0x8BEF, 0x8BEF, 0x8BEF, 0x83F0, 0x83F0, 0x83F0, 0x83F0, 0x83F0, 0x83F0, 0x83F0,
  0x83F0, 0xA46E, 0xA46E, 0xA46E, 0xA46E, 0x940E, 0x83EF, 0x7BCF, 0x7BCF, 0x7BCF, 0x7BCF, 0x7BCF, 0x7BCF, 0x83F0, 0x7BEF, 0x7BF0,
  0x7BCE, 0x8C0F, 0x8C0E, 0x738E, 0x6B6E, 0x6B6E, 0x6B8E, 0x73AF, 0x73AF, 0x7BCF, 0x73AF, 0x738F, 0x738F, 0x738E, 0x738E, 0x6B8F,
  0x4207, 0x3186, 0x1061, 0x0020, 0x0820, 0x0820, 0x1040, 0x1040, 0x1040, 0x1860, 0x2080, 0x2080, 0x1880, 0x1040, 0x0820, 0x0820,
  0x0862, 0x2145, 0x52AA, 0x6B6D, 0x8BEF, 0xA44F, 0xA44F, 0xA44F, 0xA44F, 0x83EF, 0x83EF, 0x83EF, 0x83EF, 0x83EF, 0x83EF, 0x83EF,
  0x83EF, 0xA44E, 0xA44E, 0xA44E, 0xA44E, 0x940E, 0x840F, 0x840F, 0x83CE, 0x7BAE, 0x738E, 0x7BAE, 0x7BAE, 0x7BCF, 0x83F0, 0x738E,
  0x83CE, 0x83CE, 0x7BAF, 0x7BAF, 0x6B8E, 0x6B6E, 0x6B8E, 0x73AF, 0x83F0, 0x73AE, 0x6B8E, 0x6B6E, 0x738E, 0x738E, 0x738E, 0x62EB,
  0x39A6, 0x31C7, 0x1082, 0x0020, 0x0800, 0x1020, 0x1040, 0x1040, 0x1860, 0x1860, 0x1860, 0x2080, 0x2080, 0x1860, 0x0840, 0x0820,
  0x0882, 0x2145, 0x52AB, 0x6B4D, 0x8BEE, 0xA46E, 0xA46E, 0xA46E, 0xA46E, 0x8BEF, 0x8BEF, 0x8BEF, 0x8C0F, 0x8C0F, 0x8C0F, 0x8C0F,
  0x8C0F, 0x9C70, 0x9C70, 0x9C70, 0x9C70, 0xA42E, 0xA42E, 0x7BAE, 0x7BAE, 0x736E, 0x6B6D, 0x738E, 0x73AE, 0x73AE, 0x73AE, 0x7BAE,
  0x940E, 0x940E, 0xC50E, 0x83EF, 0x73AE, 0x6B8E, 0x6B8E, 0x73AF, 0x83F0, 0x6B6E, 0x634E, 0x634E, 0x6B6E, 0x738E, 0x6B6E, 0x52AA,
  0x2945, 0x4208, 0x18C3, 0x0020, 0x0000, 0x0820, 0x1040, 0x1840, 0x1860, 0x2060, 0x2080, 0x2080, 0x2080, 0x1860, 0x0840, 0x0820,
  0x0882, 0x2945, 0x5AAB, 0x6B4D, 0x8BEE, 0xAC6E, 0xAC6E, 0x9C2F, 0x9C2F, 0x9C2F, 0x9C2F, 0x9C2F, 0x9C2F, 0x9C2F, 0x9C70, 0x9C70,
  0x9C70, 0x9C70, 0x9C70, 0x9C70, 0x9C70, 0x9C70, 0xB46E, 0xB46E, 0x7B8D, 0x6B4D, 0x6B4D, 0x6B6D, 0x738E, 0x73AE, 0x7BAE, 0x8BED,
  0x8BED, 0xCD2D, 0xDD6E, 0xD54E, 0x83EF, 0x7BCF, 0x73AF, 0x73AF, 0x8410, 0x6B4E, 0x634D, 0x634D, 0x634E, 0x6B6E, 0x632D, 0x4A49,
  0x2104, 0x4A6A, 0x2104, 0x0041, 0x0000, 0x0800, 0x1020, 0x1040, 0x1840, 0x1860, 0x2080, 0x2080, 0x2080, 0x1860, 0x0820, 0x0820,
  0x0882, 0x2945, 0x5ACB, 0x6B4D, 0x6B4D, 0xA44E, 0xA44E, 0x940E, 0x940E, 0x940E, 0x940E, 0x940E, 0x940E, 0x940E, 0x940E, 0xC4CE,
  0xC4CE, 0xC4CE, 0xC4CE, 0xC4CE, 0xC4CE, 0xC4CE, 0xBC8E, 0xBC8E, 0x734D, 0x6B2D, 0x6B4D, 0x6B6D, 0x738D, 0x738D, 0x83CD, 0x83CD,
  0xCD0D, 0xCD4F, 0xC52F, 0xD54D, 0xBCAD, 0x942F, 0x840F, 0x7BF0, 0x8410, 0x6B6E, 0x632D, 0x632D, 0x632E, 0x634E, 0x630D, 0x4208,
  0x18C3, 0x52AB, 0x2965, 0x0841, 0x0000, 0x0000, 0x0800, 0x0820, 0x1020, 0x1040, 0x1860, 0x2080, 0x2080, 0x1860, 0x1040, 0x0820,
  0x0882, 0x2945, 0x4249, 0x6B4D, 0x6B4D, 0xA44E, 0xA44E, 0x8BEE, 0x8BEE, 0x8BEE, 0x8BEE, 0x8BEE, 0x8BEE, 0x8BEE, 0x8BEE, 0xCCEE,
  0xCCEE, 0xCCEE, 0xCCEE, 0xCCEE, 0xCCEE, 0xCCEE, 0xB48E, 0xB48E, 0x6B2C, 0x632C, 0x6B4D, 0x6B6D, 0x736D, 0x736D, 0x8BED, 0xB4AD,
  0xDD6D, 0xDD8F, 0xDD8F, 0xCD2F, 0xC50F, 0x83CD, 0x7B8D, 0x7B8D, 0x738E, 0x738E, 0x634D, 0x5B0D, 0x5B2D, 0x632E, 0x5AEC, 0x39C7,
  0x18A2, 0x0820, 0x31A6, 0x1082, 0x0000, 0x0000, 0x0000, 0x0820, 0x0820, 0x1040, 0x1040, 0x1860, 0x2080, 0x2080, 0x1040, 0x0820,
  0x0882, 0x2945, 0x4249, 0x6B4D, 0x6B4D, 0x6B4D, 0x83CE, 0x83CE, 0x83AE, 0x8BEE, 0x8BEE, 0x8BEE, 0x8BEE, 0x8BEE, 0x8BEE, 0xC4EF,
  0xC4EF, 0xC4EF, 0xC4EF, 0xC4EF, 0xC4EF, 0xCCEE, 0xAC4D, 0x838C, 0x6B2C, 0x632C, 0x6B4D, 0x6B4D, 0x6B6D, 0x7B8D, 0x9C2C, 0xC4EC,
  0xDD90, 0xEDCF, 0xEDAE, 0xDD6E, 0xD54F, 0xD550, 0x7BAE, 0x7BAE, 0x7BAE, 0x634D, 0x634D, 0x5B0D, 0x5B0D, 0x632D, 0x528A, 0x2965,
  0x1081, 0x0820, 0x3A08, 0x10A2, 0x0020, 0x0000, 0x0000, 0x0820, 0x1020, 0x1040, 0x1040, 0x1860, 0x1860, 0x2080, 0x1860, 0x0820,
  0x0882, 0x2945, 0x4A49, 0x734D, 0x8BEE, 0x8BEE, 0x7BAE, 0x7BAE, 0x7BAE, 0x83CE, 0x83CE, 0x83CE, 0x83CE, 0x83CE, 0x83CE, 0x83CE,
  0xC4AE, 0xC4AE, 0xC4AE, 0xC4AE, 0xC4AE, 0xC4AE, 0xC4AE, 0x7B6C, 0x630C, 0x630C, 0x632C, 0x6B2C, 0x734C, 0x8BCC, 0xAC6C, 0xC4EC,
  0xCD0D, 0xEDCF, 0xEDCE, 0xE58E, 0xE56E, 0xE5AF, 0xD591, 0x7BAE, 0x7BAE, 0x6B6E, 0x632D, 0x5B0D, 0x5B0D, 0x630C, 0x4A49, 0x2124,
  0x0841, 0x0820, 0x4A49, 0x20E3, 0x0820, 0x0000, 0x0000, 0x0820, 0x1020, 0x1040, 0x1040, 0x1040, 0x1860, 0x1860, 0x1860, 0x0820,
  0x0882, 0x2945, 0x4A49, 0x736D, 0x736D, 0x736D, 0x7B8E, 0x7B8E, 0x7B8E, 0x83CE, 0x83CE, 0x83CE, 0x83CE, 0x83CE, 0x83CE, 0x83CE,
  0xB48D, 0xB48D, 0xB48D, 0xB48D, 0xB48D, 0xB48D, 0xB48D, 0x7B4C, 0x630C, 0x630C, 0x630C, 0x6B2C, 0x736C, 0x9C0C, 0xBCAC, 0xBCAC,
  0xD590, 0xEDD0, 0xEDCF, 0xE58E, 0xE58E, 0xE5AF, 0xE5D1, 0x738D, 0x736E, 0x6B6E, 0x6B4D, 0x632D, 0x632C, 0x630B, 0x4208, 0x18E3,
  0x0820, 0x0000, 0x1040, 0x2944, 0x1061, 0x0800, 0x0000, 0x0820, 0x1020, 0x1020, 0x1040, 0x1040, 0x1040, 0x1840, 0x1040, 0x0820,
  0x0882, 0x2925, 0x4A49, 0x736D, 0x736D, 0x736D, 0x738E, 0x738E, 0x738E, 0x738E, 0x738E, 0x738E, 0x738E, 0x738E, 0xB48E, 0xB48E,
  0xB48E, 0xB48E, 0xB48E, 0xB48E, 0xB44D, 0xB44D, 0x9BEC, 0x734C, 0x630C, 0x5AEC, 0x630C, 0x6B2C, 0x83AC, 0xAC6C, 0xBCCC, 0xB46C,
  0x9C0C, 0xE5D0, 0xEDD0, 0xEDAF, 0xE5AF, 0xEDF0, 0xEDF1, 0x736D, 0x736D, 0x736D, 0x736D, 0x6B4D, 0x6B2C, 0x62EB, 0x41E7, 0x18A2,
  0x0020, 0x0020, 0x1040, 0x3186, 0x1081, 0x0820, 0x0800, 0x0800, 0x0820, 0x1020, 0x1020, 0x1040, 0x1040, 0x1040, 0x1040, 0x1020,
  0x0882, 0x2925, 0x4A49, 0x4A49, 0x4A49, 0x7B8E, 0x7B8E, 0x736D, 0x738E, 0x738E, 0x738E, 0x738E, 0x738E, 0xC4EF, 0xC4EF, 0xC4EF,
  0xC4EF, 0xC4EF, 0xC4EF, 0xBC8D, 0xBC8D, 0xB44C, 0x93CC, 0x734C, 0x630C, 0x630C, 0x6B2C, 0x736C, 0x93EC, 0xB48C, 0xB48C, 0xA42C,
  0x93EC, 0xDDB1, 0xE5D0, 0xEDD0, 0xEDF0, 0xEE11, 0xEE11, 0xEE11, 0x7B8D, 0x7B8D, 0x7B8D, 0x736D, 0x734C, 0x734C, 0x39A5, 0x1081,
  0x0000, 0x0020, 0x0820, 0x39C7, 0x18A2, 0x0840, 0x0820, 0x0820, 0x0820, 0x1020, 0x1040, 0x1040, 0x1040, 0x1840, 0x1040, 0x1020,
  0x0882, 0x2124, 0x5249, 0x5249, 0x7BAE, 0x7BAE, 0x738E, 0x6B6D, 0x738E, 0x738E, 0x738E, 0xAC4E, 0xAC4E, 0xAC4E, 0xAC4E, 0xC4CE,
  0xC4CE, 0xC4CE, 0xBCAE, 0xC4CE, 0xC4AD, 0xB44C, 0x93CC, 0x734C, 0x6B0C, 0x6B2C, 0x734C, 0x83AC, 0x83AC, 0xAC6C, 0xAC6C, 0xAC6C,
  0xDDB1, 0xDDB1, 0xDDB1, 0xE5D1, 0x7B8C, 0x734C, 0x6B2C, 0x6B4C, 0x734D, 0x734D, 0x7B8D, 0x7B8D, 0x734C, 0x62A9, 0x3165, 0x1061,
  0x0000, 0x0000, 0x0820, 0x4228, 0x20E3, 0x0840, 0x0820, 0x0820, 0x0820, 0x1020, 0x1840, 0x2060, 0x1840, 0x1840, 0x1040, 0x1020,
  0x0862, 0x2124, 0x5249, 0x5249, 0x738E, 0x738E, 0x736D, 0x6B6D, 0x738D, 0x738D, 0x738D, 0x738D, 0xBCAE, 0xBCAE, 0xBCAE, 0xBCAE,
  0xCCCE, 0xCCCE, 0xCCCD, 0xCCEE, 0xCCCD, 0xB46C, 0x9BEC, 0x7B6C, 0x734C, 0x736C, 0x8BAC, 0x8BAC, 0x9C0C, 0xA42C, 0xA44C, 0xA42C,
  0xA42C, 0x83AC, 0x83AC, 0x83AC, 0x734C, 0x734C, 0x6B0B, 0x6B2C, 0x734C, 0x734C, 0x7B8D, 0x7B8D, 0x5269, 0x5269, 0x2924, 0x0841,
  0x0020, 0x73AF, 0x0820, 0x0820, 0x2104, 0x0841, 0x0800, 0x0800, 0x0800, 0x1020, 0x2060, 0x2060, 0x2060, 0x1840, 0x1040, 0x0820,
  0x0862, 0x2104, 0x5248, 0x5248, 0x7B8D, 0x736D, 0x6B4D, 0x6B4D, 0x738D, 0x83CE, 0x83CE, 0x83CE, 0x9C0D, 0x9C0D, 0x9C0D, 0xBC8E,
  0xCCAD, 0xC4AD, 0xD4ED, 0xDD0D, 0xD4ED, 0xBC6C, 0x9BEC, 0x836C, 0x7B6C, 0x8BCD, 0x8BCD, 0xA42D, 0x9C0C, 0x9C2C, 0xAC4C, 0xAC4C,
  0xA42C, 0x93CC, 0x93CC, 0x838C, 0x838C, 0x734B, 0x732B, 0x732B, 0x734C, 0x7B6D, 0x7B8D, 0x7B8D, 0x630B, 0x4208, 0x20E3, 0x0840,
  0x0820, 0x7BD0, 0x0820, 0x0840, 0x3165, 0x0861, 0x0000, 0x0000, 0x0000, 0x0820, 0x1840, 0x2060, 0x2060, 0x1840, 0x1040, 0x1020,
  0x0862, 0x2104, 0x5248, 0x5248, 0x6B4D, 0x6B4D, 0x6B4D, 0x6B4D, 0x738D, 0x738D, 0x738D, 0x738D, 0xBC8D, 0xBC8D, 0xBC8D, 0xBC8D,
  0xCCAD, 0xCCAD, 0xD4ED, 0xDD0D, 0xD4ED, 0xBC6D, 0xBC6D, 0x838C, 0x8BCD, 0x8BCD, 0xAC6D, 0xAC6D, 0xA44C, 0xA44C, 0xAC6C, 0xAC6C,
  0xA42C, 0x93CC, 0x8BAC, 0x8BAC, 0x8BAB, 0x836B, 0x8B8B, 0x838B, 0x7B6B, 0x7B6B, 0x734C, 0x6B0C, 0x52AA, 0x39C7, 0x18C3, 0x0840,
  0x0820, 0x0840, 0x1040, 0x1040, 0x39A6, 0x1082, 0x0000, 0x0000, 0x0000, 0x0000, 0x1020, 0x1840, 0x1840, 0x1840, 0x1840, 0x1040,
  0x0861, 0x2104, 0x4A48, 0x6B2C, 0x6B2C, 0x6B2C, 0x6B2C, 0x6B4D, 0x738D, 0x738D, 0x8BAD, 0x8BAD, 0x8BAC, 0x8BAC, 0xC48D, 0xC48D,
  0xCCCD, 0xD4CD, 0xDCED, 0xDD0D, 0xCCCD, 0xB44C, 0x93CC, 0x8BAC, 0x8BAC, 0x8BAC, 0xBCCD, 0xBCCD, 0xBCCD, 0xAC8C, 0xAC4C, 0xA44C,
  0x9C2C, 0x8BCB, 0x8BAB, 0x93CC, 0x8BAB, 0x8B6A, 0x93AB, 0x8B8B, 0x7B4B, 0x732B, 0x6B0B, 0x5ACB, 0x4A49, 0x3186, 0x10A2, 0x0840,
  0x0820, 0x1040, 0x1040, 0x1040, 0x4208, 0x18C3, 0x0020, 0x0000, 0x0000, 0x0000, 0x0000, 0x0800, 0x1020, 0x1020, 0x1020, 0x1020,
  0x0861, 0x2104, 0x4A28, 0x630B, 0x6B2C, 0x630C, 0x632C, 0x6B4D, 0x736D, 0x736D, 0x838D, 0x838C, 0x838C, 0x93CC, 0x93CC, 0xC48D,
  0xD4CD, 0xD4ED, 0xD4CD, 0xD4ED, 0xC4AD, 0xA40C, 0x8BAC, 0x93CC, 0x93CC, 0xC50E, 0xCD4F, 0xC52E, 0xBCEE, 0xAC8D, 0x9C2C, 0x9C0B,
  0x93EB, 0x838B, 0x838B, 0x8BAB, 0x836B, 0x8B6A, 0x938A, 0x8B6A, 0x730A, 0x62CA, 0x5ACA, 0x528A, 0x4228, 0x2945, 0x1081, 0x0820,
  0x0820, 0x1040, 0x1040, 0x1040, 0x1860, 0x2104, 0x0841, 0x0000, 0x0000, 0x0000, 0x0000, 0x0000, 0x0000, 0x0800, 0x0820, 0x0820,
  0x0861, 0x2104, 0x4A08, 0x62CB, 0x62EC, 0x5AEC, 0x630C, 0x734D, 0x7B6D, 0x7B6D, 0x7B8D, 0x7B6C, 0x838C, 0x8BAC, 0x8BAC, 0xC48D,
  0xD4ED, 0xD4ED, 0xCCAC, 0xC4AD, 0xB46D, 0x9BEC, 0x8BAC, 0x8BAC, 0xBCEE, 0xBCEE, 0xDDCF, 0xD58F, 0xBD0E, 0xBD0E, 0x93EB, 0x93CB,
  0x93CB, 0x834B, 0x7B4B, 0x834A, 0x7B2A, 0x8B29, 0x9369, 0x8B49, 0x6AE9, 0x5A89, 0x5269, 0x4A49, 0x39E8, 0x2104, 0x0861, 0x0000,
  0x0820, 0x0820, 0x1040, 0x1860, 0x52AB, 0x2945, 0x0861, 0x0000, 0x0000, 0x0000, 0x0000, 0x0000, 0x0000, 0x0000, 0x0800, 0x0800,
  0x0861, 0x2103, 0x4208, 0x5AAB, 0x5ACB, 0x5ACB, 0x630C, 0x734C, 0x7B6D, 0x736D, 0x7B6C, 0x7B6C, 0x7B6C, 0x7B6C, 0xC4AD, 0xC4AD,
  0xD4ED, 0xCCCD, 0xBC6C, 0xB44C, 0xB44C, 0x8BAC, 0x8BAC, 0xAC4D, 0xC50E, 0xC50E, 0xC50E, 0x9C2C, 0x9C2C, 0x9C2C, 0x93AB, 0x8B8B,
  0x836B, 0x7B2A, 0x730A, 0x7B2A, 0x7B29, 0x9369, 0xA3A9, 0x9369, 0x72E9, 0x5269, 0x4A29, 0x4208, 0x31A7, 0x18E3, 0x0840, 0x0000,
  0x0000, 0x0820, 0x1060, 0x1860, 0x2080, 0x31A6, 0x1082, 0x0020, 0x0000, 0x0000, 0x0000, 0x0000, 0x0000, 0x0000, 0x0800, 0x0800,
  0x0862, 0x2103, 0x4A49, 0x528A, 0x52AB, 0x52AB, 0x62EB, 0x62EB, 0x7B6C, 0x736D, 0x736D, 0x7B6C, 0x7B6C, 0x7B6C, 0xC48D, 0xC48D,
  0xD4ED, 0xBC8C, 0xAC2C, 0xA40C, 0x93AC, 0x93AC, 0x93CC, 0xAC6D, 0xC50E, 0xC50E, 0xDDAF, 0xC52E, 0xA44C, 0xA44C, 0x8B8B, 0x8B8B,
  0x834B, 0x730A, 0x72EA, 0x7309, 0x8329, 0xA3C9, 0xBC49, 0xA3C9, 0x7309, 0x5269, 0x4228, 0x4208, 0x31A6, 0x18C3, 0x0020, 0x0000,
  0x0000, 0x0820, 0x1060, 0x1860, 0x1880, 0x39E7, 0x18A2, 0x0820, 0x0000, 0x0000, 0x0000, 0x0000, 0x0000, 0x0800, 0x0800, 0x0800,
  0x0862, 0x2104, 0x4A48, 0x526A, 0x528B, 0x52AB, 0x62EB, 0x62EB, 0x736C, 0x736C, 0x736C, 0x7B6C, 0x7B6C, 0x7B6C, 0xBC6D, 0xBC6D,
  0xC4AD, 0xAC2C, 0x9BEC, 0x9BEC, 0x836B, 0x7B6B, 0x93CC, 0xAC6D, 0xC4ED, 0xD54E, 0xD56E, 0xBCAC, 0x9BEB, 0x9BEB, 0x93AB, 0x8B8B,
  0x834B, 0x730A, 0x72E9, 0x72E9, 0x8B49, 0xB429, 0xC48A, 0xA3E9, 0x7B09, 0x5A88, 0x4A28, 0x4208, 0x31A6, 0x18C2, 0x0820, 0x0000,
  0x0820, 0x0840, 0x1040, 0x1060, 0x1880, 0x4228, 0x18E3, 0x0820, 0x0000, 0x0000, 0x0000, 0x0000, 0x0000, 0x0800, 0x0800, 0x0800,
  0x1082, 0x2104, 0x4A28, 0x4A6A, 0x528A, 0x528A, 0x62EB, 0x62EB, 0x734C, 0x734C, 0x734C, 0x7B6C, 0x7B6C, 0x838C, 0x838C, 0xB44C,
  0xB46C, 0x9BEC, 0x9BEC, 0x836B, 0x7B4B, 0x7B4B, 0x8BCC, 0xAC4C, 0xC4CD, 0xD52D, 0xCD0D, 0xB44C, 0x9BCB, 0x9BCB, 0x9BCC, 0x93AB,
  0x834A, 0x730A, 0x72E9, 0x7AE9, 0x9389, 0xBC49, 0xBC69, 0xA3C9, 0x8329, 0x62A8, 0x5A68, 0x4A27, 0x3985, 0x18A2, 0x0820, 0x0820,
  0x0840, 0x1040, 0x1040, 0x1040, 0x1880, 0x20A0, 0x20E3, 0x0840, 0x0000, 0x0000, 0x0000, 0x0000, 0x0000, 0x0000, 0x0800, 0x0800,
  0x1082, 0x2104, 0x4A28, 0x4A6A, 0x4A6A, 0x528A, 0x62EB, 0x732B, 0x732B, 0x734C, 0x734C, 0x734C, 0x7B4C, 0x836C, 0x93CC, 0xA40C,
  0xA40C, 0xA40C, 0x7B6B, 0x7B6B, 0x734B, 0x7B4B, 0x93AC, 0xAC4C, 0xC4AD, 0xCCED, 0xC4AC, 0xAC2B, 0x9BCB, 0xA3EC, 0xA3EC, 0x93AB,
  0x834A, 0x7B2A, 0x7B09, 0x8308, 0x9BA9, 0xBC29, 0xAC09, 0x9B89, 0x8328, 0x72E8, 0x6AA8, 0x5227, 0x3164, 0x1081, 0x0820, 0x0820,
  0x1040, 0x1040, 0x1040, 0x1040, 0x1880, 0x4228, 0x20E3, 0x0841, 0x0000, 0x0000, 0x0000, 0x0000, 0x0000, 0x0000, 0x0000, 0x0800,
  0x10A2, 0x2104, 0x4A28, 0x4A69, 0x526A, 0x5A8A, 0x62EB, 0x6B0B, 0x732B, 0x734C, 0x734C, 0x734C, 0x734B, 0x7B6B, 0x8BAC, 0x9BCC,
  0x93CC, 0x93CC, 0x7B6C, 0x7B6C, 0x7B4B, 0x7B6B, 0x7B6B, 0xAC2C, 0xBC8C, 0xBC8C, 0xB44C, 0xAC0B, 0xA3EB, 0xABEB, 0xA3EB, 0x938B,
  0x8B4A, 0x834A, 0x8329, 0x8B49, 0xA3C9, 0xABE9, 0x9B88, 0x9368, 0x8B69, 0x8329, 0x72C8, 0x5227, 0x3164, 0x1881, 0x0840, 0x1040,
  0x1060, 0x1860, 0x1860, 0x1860, 0x2080, 0x41E8, 0x20C3, 0x1040, 0x0800, 0x0000, 0x0000, 0x0000, 0x0000, 0x0000, 0x0000, 0x0800,
  0x18C3, 0x2924, 0x4A28, 0x4A69, 0x526A, 0x5AAA, 0x62EA, 0x6B0B, 0x6B0B, 0x6B2C, 0x732C, 0x732C, 0x732B, 0x7B6B, 0x8B8B, 0x93AB,
  0x8BAC, 0x8BAC, 0x8BAC, 0x7B4B, 0x7B4B, 0x7B4B, 0x8BAB, 0xA40C, 0xAC2C, 0xAC2B, 0xAC0B, 0xA3EB, 0xA3EB, 0xA3EB, 0x9BCB, 0x8B6A,
  0x8329, 0x8B49, 0x8B49, 0x9B89, 0xABE9, 0x9B88, 0x8B27, 0x9368, 0x9BA9, 0x9389, 0x7AE8, 0x6267, 0x4184, 0x28E1, 0x2080, 0x1880,
  0x2080, 0x2080, 0x2080, 0x1880, 0x28A0, 0x31A7, 0x20A2, 0x1840, 0x1820, 0x1000, 0x0000, 0x0000, 0x0000, 0x0000, 0x0000, 0x0000,
  0x18E4, 0x2945, 0x4A28, 0x5269, 0x528A, 0x528A, 0x62CA, 0x62EA, 0x62EB, 0x6B0B, 0x6B2C, 0x6B2B, 0x732B, 0x732B, 0x8BAB, 0x8BAB,
  0x8BAC, 0x8BAC, 0x8BAC, 0x732B, 0x732B, 0x732B, 0x836B, 0x93CB, 0x9BCB, 0x9BCB, 0xA3EB, 0xA3CB, 0xA3CB, 0x9BCA, 0x936A, 0x7B09,
  0x7AE8, 0x8B49, 0x9B89, 0xA3C9, 0xA3C9, 0x8B47, 0x8307, 0x9B88, 0xAC0A, 0x9BA9, 0x8328, 0x72A7, 0x6204, 0x5182, 0x4121, 0x30C1,
  0x28A0, 0x28A0, 0x2080, 0x20A0, 0x3901, 0x2945, 0x1882, 0x1840, 0x2040, 0x2020, 0x1020, 0x0000, 0x0000, 0x0000, 0x0000, 0x0000,
  0x2125, 0x2965, 0x4A48, 0x5269, 0x528A, 0x528A, 0x62CA, 0x62CA, 0x62CB, 0x62EB, 0x6B0B, 0x732B, 0x732B, 0x7B4B, 0x8B8B, 0x8B8B,
  0x8B8B, 0x8B8B, 0x732B, 0x732B, 0x732B, 0x730A, 0x7B4B, 0x8B8B, 0x93AB, 0x9BCB, 0xA3EC, 0x9BCB, 0x9BAA, 0x938A, 0x7B29, 0x6AA8,
  0x72C7, 0x9368, 0xABE9, 0xABE9, 0x9BA8, 0x8B27, 0x8B47, 0xA3E8, 0xB44A, 0xA3E9, 0x9368, 0x8B06, 0x8AA4, 0x7A43, 0x61C2, 0x3901,
  0x28A0, 0x28A0, 0x2080, 0x28C1, 0x41E8, 0x20E3, 0x1061, 0x1820, 0x2840, 0x3040, 0x2840, 0x1000, 0x0000, 0x0000, 0x0800, 0x0820,
  0x2986, 0x3186, 0x4A49, 0x5289, 0x528A, 0x528A, 0x5AAA, 0x5AAA, 0x5ACA, 0x62EB, 0x6B0B, 0x732B, 0x732B, 0x7B4B, 0x8BAB, 0x8BAB,
  0x8BAB, 0x8B8B, 0x8B8B, 0x8B8B, 0x732A, 0x730A, 0x7B2A, 0x8B6B, 0x8B6B, 0x8B6B, 0x938A, 0x938A, 0x938A, 0x8B4A, 0x72E8, 0x6287,
  0x7B07, 0xA3E9, 0xB449, 0xA3C8, 0x9347, 0x8B26, 0x9B87, 0xB408, 0xBC69, 0xB408, 0xA3A7, 0xA386, 0xAB65, 0x9AE4, 0x7202, 0x3901,
  0x28A0, 0x28A0, 0x2080, 0x526A, 0x2965, 0x1882, 0x1040, 0x1020, 0x2840, 0x4080, 0x4060, 0x2840, 0x1000, 0x0800, 0x0800, 0x1020,
  0x31C7, 0x31A7, 0x4A49, 0x5A89, 0x5289, 0x5269, 0x5289, 0x5A8A, 0x5AAA, 0x62CA, 0x6B0B, 0x7B4B, 0x7B2B, 0x836B, 0x93CC, 0x93CC,
  0xAC4C, 0xAC4C, 0xAC4C, 0x93AB, 0x7B4A, 0x7309, 0x7B2A, 0x836B, 0x836B, 0x836B, 0x8B6A, 0x8B6A, 0x8B6A, 0x8329, 0x72E8, 0x72C7,
  0x93A9, 0xBCAA, 0xBC69, 0x9B67, 0x82E5, 0x9326, 0xABC7, 0xBC28, 0xC468, 0xBC48, 0xABC7, 0xB3C6, 0xB3C5, 0xA304, 0x69E2, 0x3901,
  0x28C0, 0x28A0, 0x1880, 0x39C7, 0x18C3, 0x1041, 0x0800, 0x1020, 0x2040, 0x40A0, 0x50C0, 0x4080, 0x2040, 0x1000, 0x1020, 0x1020,
  0x0841, 0x39C7, 0x4A49, 0x4A49, 0x5269, 0x4A49, 0x5269, 0x5289, 0x528A, 0x62CA, 0x732B, 0x732B, 0x7B4B, 0x7B4B, 0x7B4B, 0xB46C,
  0xB46C, 0xB46C, 0xAC2B, 0x9BCA, 0x8B69, 0x7B29, 0x7B2A, 0x834A, 0x8B8B, 0x8B8B, 0x93AB, 0x8B8A, 0x8349, 0x7B09, 0x72E8, 0x8B68,
  0xB48A, 0xB48A, 0xB469, 0x8B26, 0x7AA5, 0xA386, 0xBC27, 0xCC88, 0xCCA8, 0xC467, 0xB3E6, 0xB3E6, 0xB3A5, 0x92A3, 0x61A2, 0x4101,
  0x30C1, 0x2080, 0x4A28, 0x2924, 0x1061, 0x0820, 0x0800, 0x0800, 0x1820, 0x3880, 0x58E1, 0x58E1, 0x4080, 0x2040, 0x1020, 0x1020,
  0x0841, 0x39E8, 0x4A49, 0x4A49, 0x5269, 0x4A49, 0x4A49, 0x5269, 0x5289, 0x62CA, 0x732B, 0x732B, 0x836B, 0x8BAB, 0x8BAB, 0xBCAC,
  0xBCAC, 0xC4AC, 0xBC6B, 0xAC2A, 0x9BC9, 0x8B69, 0x834A, 0x834A, 0x834A, 0x834A, 0x836A, 0x836A, 0x8349, 0x8328, 0x8328, 0xA3E9,
  0xA3E9, 0xAC28, 0xAC28, 0x8B25, 0x8B05, 0xB407, 0xD4C8, 0xD4E8, 0xD4C8, 0xC467, 0xBC06, 0xABA5, 0x9B04, 0x7A22, 0x5961, 0x3901,
  0x28C1, 0x2080, 0x3165, 0x18A2, 0x0840, 0x0800, 0x0800, 0x0800, 0x0820, 0x2060, 0x48E1, 0x6921, 0x58E1, 0x3880, 0x2040, 0x1840,
  0x0841, 0x4228, 0x4A49, 0x5269, 0x4A49, 0x4228, 0x4A29, 0x4A49, 0x5269, 0x62CA, 0x7B4B, 0x8BAB, 0x8BAB, 0x9BEB, 0xAC4C, 0xBCAC,
  0xCCEC, 0xCCEC, 0xC4AB, 0xBC6A, 0xA40A, 0x9389, 0x8B6A, 0x834A, 0x7309, 0x7309, 0x7B29, 0x8B89, 0x9389, 0x8B68, 0x9BC8, 0xB469,
  0xC4EA, 0xBCA9, 0xAC07, 0x9B66, 0xA3A6, 0xCC67, 0xDD08, 0xDD28, 0xD4C7, 0xCC66, 0xBBE5, 0x9B24, 0x7A43, 0x5982, 0x4A6A, 0x4A28,
  0x41C7, 0x3144, 0x20C2, 0x1061, 0x0820, 0x0800, 0x0800, 0x0800, 0x0800, 0x1840, 0x38A0, 0x6121, 0x6921, 0x48C1, 0x2860, 0x1840,
  0x0841, 0x4229, 0x4A28, 0x5249, 0x4A29, 0x4208, 0x4228, 0x4A49, 0x5269, 0x62CA, 0x836B, 0x93CB, 0xA40B, 0xAC4C, 0xBCAC, 0xCCEC,
  0xD52D, 0xD50C, 0xCCCB, 0xC48A, 0xB42A, 0x9BAA, 0x938A, 0x8349, 0x72E8, 0x72E8, 0x8349, 0x93AA, 0xA3E9, 0xA409, 0xBC89, 0xC4C9,
  0xB468, 0xAC07, 0xAC07, 0xB407, 0xBC47, 0xDCC7, 0xE528, 0xE507, 0xD4A6, 0xCC46, 0xB3A5, 0x528A, 0x41E8, 0x3186, 0x2945, 0x2104,
  0x20C3, 0x1882, 0x1041, 0x0820, 0x0800, 0x0800, 0x0820, 0x0820, 0x0800, 0x1020, 0x3080, 0x58E1, 0x6921, 0x50E1, 0x2860, 0x1020,
  0x0841, 0x4249, 0x4A28, 0x5248, 0x4228, 0x4208, 0x4208, 0x4A49, 0x5269, 0x6AC9, 0x6AC9, 0xA42C, 0xB46C, 0xBCAC, 0xCCEC, 0xD52D,
  0xD54D, 0xD50C, 0xD4CB, 0xCCAA, 0xB44A, 0xA3EA, 0x9BCA, 0x8349, 0x72E8, 0x72E8, 0x8369, 0xA3EA, 0xB46A, 0xC4EB, 0xCD2B, 0xC4C9,
  0x9BA6, 0x9345, 0xAC07, 0xC4C8, 0xD4E8, 0xE507, 0xE527, 0xDCE7, 0xD465, 0xC3E5, 0xAB44, 0x39C7, 0x2904, 0x20C2, 0x1881, 0x1061,
  0x0840, 0x0820, 0x0820, 0x0800, 0x0000, 0x0800, 0x0800, 0x0800, 0x0000, 0x0800, 0x2040, 0x48C1, 0x6101, 0x50E1, 0x2860, 0x1020,
  0x0841, 0x4A6A, 0x4228, 0x6B2C, 0x4208, 0x3A08, 0x4208, 0x4A48, 0x5A89, 0x6AE9, 0x93AB, 0xB46C, 0xC4CC, 0xCD0C, 0xD52C, 0xD52C,
  0xD52C, 0xD4EB, 0xD4CB, 0xCCCA, 0xBC6A, 0xAC2A, 0x9BEA, 0x8349, 0x72E8, 0x7B09, 0x8B69, 0xAC2A, 0xC50B, 0xD5AC, 0xD58C, 0xB468,
  0x8B25, 0x8B05, 0xB448, 0xD529, 0xDD28, 0xDCE7, 0xDCE7, 0xD486, 0xC3E4, 0xB364, 0x4A49, 0x3144, 0x18A2, 0x1061, 0x1040, 0x0820,
  0x0800, 0x0000, 0x0000, 0x0000, 0x0000, 0x0000, 0x0000, 0x0000, 0x0000, 0x0000, 0x1020, 0x3080, 0x50C1, 0x48C1, 0x2860, 0x1020,
  0x0841, 0x4A6A, 0x4228, 0x630C, 0x4208, 0x4208, 0x4228, 0x5248, 0x62A9, 0x7B29, 0xA40B, 0xC4AC, 0xD50C, 0xD52C, 0xD52C, 0xD52C,
  0xD52C, 0xCCCB, 0xD4CA, 0xCCCB, 0xBC8A, 0xB44A, 0x9BCA, 0x7B29, 0x72E8, 0x7B29, 0x93A9, 0xB48B, 0xD58C, 0xD58C, 0xCD4B, 0xA408,
  0x8305, 0x9366, 0xC4C9, 0xDD4A, 0xD4E8, 0x83CE, 0x83AE, 0x7BAE, 0xAB64, 0x92C3, 0x39A6, 0x20E3, 0x1861, 0x1040, 0x1020, 0x0820,
  0x0000, 0x0000, 0x0000, 0x0000, 0x0000, 0x0000, 0x0000, 0x0000, 0x0000, 0x0000, 0x0800, 0x1820, 0x2860, 0x3060, 0x2040, 0x0820,
  0x0841, 0x4A6A, 0x4228, 0x62EB, 0x4208, 0x4208, 0x4A28, 0x5A68, 0x6AC9, 0x8B6A, 0xB44B, 0xCCEC, 0xD50C, 0xD50B, 0xD50C, 0xD50C,
  0xCCEC, 0xCCAB, 0xD4CA, 0xCCCB, 0xBC6A, 0xAC0A, 0x9389, 0x7308, 0x72E9, 0x8369, 0x9C0A, 0xC50C, 0x7BCF, 0x5AEB, 0x528A, 0xA3E7,
  0x528A, 0x528A, 0x5AAA, 0xDD4A, 0x732C, 0x7B4C, 0xC446, 0xBBE5, 0x92E3, 0x49E7, 0x2924, 0x1881, 0x1040, 0x1020, 0x0820, 0x0800,
  0x0000, 0x0000, 0x0000, 0x0000, 0x0000, 0x0000, 0x0000, 0x0000, 0x0000, 0x0000, 0x0000, 0x0800, 0x1020, 0x1820, 0x1020, 0x0800,
  0x0841, 0x4A8A, 0x4228, 0x5ACB, 0x4208, 0x4A28, 0x5248, 0x62A8, 0x7B29, 0x9BCA, 0xC48B, 0xD4EB, 0xD4EB, 0xD4EB, 0xCCCB, 0xCCEB,
  0xCCCB, 0xCCAA, 0xD4CA, 0xCCAA, 0xAC2A, 0x9BEA, 0x8B69, 0x72E8, 0x7B29, 0x93CA, 0xB4AB, 0xD58D, 0x738E, 0x4A28, 0x3985, 0x3165,
  0x3165, 0x3986, 0x39A6, 0x4A07, 0x5A89, 0x6AEA, 0xC446, 0xB3A5, 0x4A28, 0x3165, 0x20C2, 0x1860, 0x1020, 0x0820, 0x0800, 0x0800,
  0x0000, 0x0000, 0x0000, 0x0800, 0x0800, 0x0800, 0x0000, 0x0000, 0x0000, 0x0000, 0x0000, 0x0000, 0x0000, 0x0800, 0x0000, 0x0000,
  0x0841, 0x4A8B, 0x4208, 0x5ACB, 0x4A28, 0x5248, 0x5A88, 0x72E8, 0x8B89, 0xAC2A, 0xCCCB, 0xD4CB, 0xCCAA, 0xCCAA, 0xCCAB, 0xCCCB,
  0xC4AB, 0xCCAA, 0xD4EA, 0xC48A, 0xAC0A, 0x9BCA, 0x8B69, 0x7B29, 0x8B89, 0xAC4B, 0xC52D, 0xC52D, 0xC54C, 0x49E7, 0x2903, 0x20C2,
  0x20C2, 0x20C2, 0x28E2, 0x3144, 0x49E6, 0xC447, 0xCC67, 0x5248, 0x3986, 0x20E3, 0x1881, 0x1040, 0x0820, 0x0800, 0x0800, 0x0800,
  0x0000, 0x0000, 0x0000, 0x0000, 0x0800, 0x0800, 0x0000, 0x0000, 0x0000, 0x0000, 0x0000, 0x0000, 0x0000, 0x0000, 0x0000, 0x0000,
  0x0841, 0x4A8B, 0x4208, 0x52AA, 0x5248, 0x5A88, 0x6AC8, 0x8349, 0xA3C9, 0xBC6A, 0xCCCA, 0xCCAA, 0xC489, 0xC48A, 0xC48A, 0xC48A,
  0xC4AA, 0xCCCA, 0xCCCB, 0xBC6A, 0xAC0A, 0xA3EA, 0x93AA, 0x9389, 0x9BEA, 0xBCAC, 0xD56D, 0xCD4D, 0xA449, 0x49E7, 0x28C2, 0x1861,
  0x1861, 0x1881, 0x1881, 0x20C2, 0x3944, 0xC488, 0xD4A8, 0x41A6, 0x2924, 0x1881, 0x1040, 0x1020, 0x0820, 0x0800, 0x0000, 0x0000,
  0x0000, 0x0000, 0x0000, 0x0000, 0x0000, 0x0000, 0x0000, 0x0000, 0x0000, 0x0000, 0x0000, 0x0000, 0x0000, 0x0000, 0x0000, 0x0000,
  0x0841, 0x4A8B, 0x4208, 0x528A, 0x6288, 0x72C8, 0x8329, 0x9389, 0xAC09, 0xC46A, 0xCC8A, 0xC469, 0xC449, 0xC469, 0xC46A, 0xBC6A,
  0xC48A, 0xCCCA, 0xCCAA, 0xBC4A, 0xAC2A, 0xAC0A, 0xA40A, 0xA40A, 0xB46B, 0xCD2D, 0xCD6D, 0xAC8A, 0x8327, 0x4A28, 0x28E2, 0x1860,
  0x1040, 0x1860, 0x1860, 0x1881, 0x20C2, 0x3124, 0x3164, 0x2924, 0x20A2, 0x1861, 0x1040, 0x1020, 0x1020, 0x0800, 0x0000, 0x0000,
  0x0000, 0x0000, 0x0000, 0x0000, 0x0000, 0x0000, 0x0000, 0x0000, 0x0000, 0x0000, 0x0000, 0x0000, 0x0000, 0x0800, 0x0800, 0x0800,
  0x0841, 0x4AAB, 0x3A08, 0x4A6A, 0x6AC8, 0x8329, 0x9389, 0xA3C9, 0xB409, 0xBC49, 0xC449, 0xBC49, 0xBC29, 0xBC49, 0xBC29, 0xB429,
  0xC48A, 0xCCAA, 0xC46A, 0xB42A, 0xB42A, 0xB42A, 0xB44A, 0xBCAB, 0xCD2D, 0xD58D, 0xC50C, 0x93A8, 0x6265, 0x5249, 0x28E3, 0x1060,
  0x1040, 0x1040, 0x1040, 0x1040, 0x1861, 0x20A2, 0x20C2, 0x20A2, 0x1861, 0x1040, 0x1040, 0x1020, 0x1020, 0x0820, 0x0800, 0x0000,
  0x0000, 0x0000, 0x0000, 0x0000, 0x0800, 0x0000, 0x0000, 0x0000, 0x0000, 0x0000, 0x0000, 0x0800, 0x0800, 0x0800, 0x0800, 0x0800,
  0x0841, 0x52AC, 0x3A08, 0x4A49, 0x8329, 0x93A9, 0xA3C9, 0xABC9, 0xABE8, 0xB408, 0xBC28, 0xBC08, 0xBC28, 0xBC28, 0xABE8, 0xAC08,
  0xBC49, 0xBC6A, 0xB429, 0xAC09, 0xAC0A, 0xB42A, 0xBC8B, 0xCD2C, 0xCD2C, 0xD58D, 0xB48A, 0x8327, 0x6245, 0x528A, 0x2903, 0x1861,
  0x1040, 0x1040, 0x1040, 0x1020, 0x1040, 0x1040, 0x1861, 0x1860, 0x1840, 0x1840, 0x1040, 0x1040, 0x1020, 0x1020, 0x0820, 0x0000,
  0x0000, 0x0000, 0x0000, 0x0820, 0x0820, 0x0820, 0x0000, 0x0000, 0x0000, 0x0000, 0x0800, 0x0820, 0x0000, 0x0000, 0x0000, 0x0800,
  0x0841, 0x18C2, 0x4229, 0x4A49, 0x9369, 0xA3E9, 0xABE9, 0xA3A8, 0xA387, 0xABA7, 0xB3E8, 0xBC08, 0xB3E8, 0xABE8, 0xA3A8, 0xABE8,
  0xB429, 0xB409, 0xABE9, 0xABE9, 0xABE9, 0xB449, 0xCCCB, 0xDD8D, 0xDD8D, 0xC52C, 0xA3E9, 0x7B07, 0x6A85, 0x7285, 0x2944, 0x1881,
  0x1040, 0x1040, 0x0820, 0x0820, 0x0820, 0x0820, 0x1040, 0x1040, 0x1040, 0x1040, 0x1040, 0x1040, 0x1040, 0x1040, 0x1020, 0x0800,
  0x0000, 0x0000, 0x0800, 0x1020, 0x1040, 0x1020, 0x0820, 0x0000, 0x0000, 0x0000, 0x0000, 0x0000, 0x0000, 0x0000, 0x0000, 0x0000,
  0x0861, 0x20C2, 0x4229, 0x4A49, 0xA3A9, 0xB409, 0xABC8, 0x9367, 0x9327, 0xA387, 0xB408, 0xB408, 0xABC7, 0x9B87, 0x9B88, 0xABC8,
  0xB429, 0xABE9, 0xA3C8, 0xABE9, 0xABE9, 0xBC49, 0xD50B, 0xE5CD, 0xD56C, 0xAC49, 0xAC49, 0x7B07, 0x7AE6, 0x72A5, 0x3165, 0x1881,
  0x1040, 0x1040, 0x0820, 0x0820, 0x0820, 0x0820, 0x0820, 0x1020, 0x1040, 0x1040, 0x1040, 0x1040, 0x1840, 0x1840, 0x1020, 0x0820,
  0x0000, 0x0000, 0x0820, 0x1040, 0x1860, 0x1840, 0x0820, 0x0000, 0x0000, 0x0000, 0x0000, 0x0000, 0x0000, 0x0000, 0x0000, 0x0000,
  0x0861, 0x20C2, 0x4249, 0x4A49, 0xABC9, 0xB3E9, 0x9B87, 0x8306, 0x8B06, 0xA3A7, 0xBC28, 0xB408, 0x9B67, 0x8B26, 0x9367, 0xABE8,
  0xB429, 0xAC09, 0xABE9, 0xAC09, 0xB409, 0xC489, 0xDD2B, 0xDD6C, 0xC4CA, 0x9387, 0x7AE6, 0x8327, 0x8327, 0x8306, 0x39A6, 0x20A2,
  0x1060, 0x1040, 0x0820, 0x0820, 0x0800, 0x0820, 0x0820, 0x1040, 0x1040, 0x1040, 0x1040, 0x1040, 0x1840, 0x1840, 0x1020, 0x0820,
  0x0800, 0x0000, 0x0820, 0x1840, 0x2060, 0x1860, 0x1020, 0x0800, 0x0000, 0x0000, 0x0000, 0x0000, 0x0000, 0x0000, 0x0000, 0x0000,
  0x1061, 0x28E2, 0x4249, 0x4249, 0xABA8, 0xABC8, 0x9327, 0x72A6, 0x8306, 0xABE8, 0xC449, 0xB408, 0x8B26, 0x7AA6, 0x8B27, 0xABE8,
  0xB429, 0xB429, 0xB449, 0xB429, 0xB429, 0xC4A9, 0xD50A, 0xCCEA, 0xA408, 0x8306, 0x72C6, 0x8B67, 0x9BC8, 0x9BC8, 0x41C6, 0x20C2,
  0x1040, 0x1020, 0x0820, 0x0820, 0x0820, 0x0820, 0x1020, 0x1040, 0x1840, 0x1840, 0x1840, 0x1840, 0x1840, 0x1840, 0x1040, 0x0820,
  0x0800, 0x0800, 0x1020, 0x1840, 0x2060, 0x1860, 0x1020, 0x0800, 0x0000, 0x0000, 0x0000, 0x0000, 0x0000, 0x0000, 0x0000, 0x0000,
  0x1081, 0x28E2, 0x424A, 0x4229, 0xA387, 0xA367, 0x82E6, 0x7285, 0x8B27, 0xBC29, 0xCCAA, 0xB408, 0x7AC6, 0x6245, 0x8307, 0xA3C8,
  0xB429, 0xBC49, 0xBC69, 0xB429, 0xBC49, 0xCCA9, 0xC4A9, 0xAC28, 0x9387, 0x8326, 0x8326, 0xA3E8, 0xBCAA, 0xC4EB, 0x4A08, 0x28E3,
  0x1860, 0x1040, 0x1020, 0x1020, 0x1020, 0x1020, 0x1840, 0x1840, 0x1860, 0x1840, 0x1840, 0x1840, 0x1840, 0x1840, 0x1040, 0x0820,
  0x0800, 0x0800, 0x1020, 0x1840, 0x1860, 0x1840, 0x1020, 0x0800, 0x0000, 0x0000, 0x0000, 0x0000, 0x0000, 0x0000, 0x0000, 0x0000,
  0x1881, 0x28E2, 0x4A6A, 0x4208, 0x5ACB, 0x9326, 0x82C6, 0x7AC6, 0x9B88, 0xC48A, 0xD4EB, 0xAC09, 0x6A85, 0x5204, 0x72A6, 0x9387,
  0xAC08, 0xBC49, 0xBC69, 0xB429, 0xBC69, 0xC4A9, 0xB428, 0x9367, 0x9367, 0x93A8, 0x9BC7, 0xB48A, 0xD56C, 0xDDCE, 0x5248, 0x2903,
  0x1860, 0x1040, 0x1040, 0x1840, 0x1840, 0x1840, 0x2060, 0x2060, 0x1860, 0x1840, 0x1840, 0x1840, 0x2060, 0x2060, 0x1840, 0x1040,
  0x0820, 0x0820, 0x1040, 0x1860, 0x2060, 0x1840, 0x1020, 0x0800, 0x0000, 0x0000, 0x0000, 0x0000, 0x0000, 0x0000, 0x0000, 0x0000,
  0x1881, 0x30E2, 0x4A6A, 0x4208, 0x52AB, 0x9306, 0x82E6, 0x8B07, 0xABE8, 0xCCCA, 0xD50B, 0xABE9, 0x6245, 0x49C4, 0x6265, 0x8B27,
  0xA3C8, 0xB429, 0xB449, 0xBC69, 0xC4A9, 0xC489, 0x9BA7, 0x8306, 0x93A7, 0xAC29, 0xAC29, 0xC50B, 0xE60E, 0xE60E, 0x5A8A, 0x3144,
  0x2081, 0x1840, 0x2060, 0x2060, 0x2860, 0x2880, 0x2880, 0x2060, 0x1840, 0x1840, 0x1040, 0x1840, 0x2060, 0x2060, 0x1840, 0x1040,
  0x0820, 0x1020, 0x1040, 0x1840, 0x2060, 0x1840, 0x1040, 0x1020, 0x0800, 0x0000, 0x0000, 0x0000, 0x0000, 0x0000, 0x0000, 0x0000,
  0x1881, 0x28E2, 0x4A8B, 0x4229, 0x52AA, 0x9306, 0x9347, 0x9B88, 0xBC49, 0xD4EB, 0xD50B, 0xA3E9, 0x5A25, 0x4184, 0x5A25, 0x8306,
  0x9BA8, 0xAC08, 0xBC69, 0xC4AA, 0xCCEA, 0xBC69, 0x9387, 0x8B26, 0xA408, 0xB489, 0xB48A, 0xCD6D, 0xCD6D, 0xEE4F, 0xDDAC, 0x3965,
  0x28A1, 0x2080, 0x2880, 0x30A0, 0x38C0, 0x38C0, 0x30A0, 0x2880, 0x1840, 0x1040, 0x1020, 0x1840, 0x2060, 0x2060, 0x1840, 0x1020,
  0x0820, 0x0820, 0x1020, 0x1840, 0x1840, 0x1840, 0x1840, 0x1020, 0x0800, 0x0000, 0x0000, 0x0000, 0x0000, 0x0000, 0x0000, 0x0000,
  0x1881, 0x28C2, 0x4962, 0x4229, 0x4A8A, 0x9B46, 0xA387, 0xABE8, 0xC469, 0xD4EB, 0xCCEB, 0x9BA8, 0x5A05, 0x3963, 0x51E4, 0x7AE6,
  0x9BA7, 0xAC08, 0xBC89, 0xCCEA, 0xCCEA, 0xB448, 0x9B87, 0x9BC7, 0xBC89, 0xC4EA, 0xC50B, 0xC50B, 0xE62F, 0xE62F, 0xDDAC, 0x41A5,
  0x30C2, 0x30A0, 0x38A0, 0x48E0, 0x5101, 0x5101, 0x40E1, 0x30A0, 0x2060, 0x1840, 0x1040, 0x1840, 0x2060, 0x1860, 0x1840, 0x1020,
  0x0820, 0x0800, 0x0820, 0x1020, 0x1040, 0x1020, 0x1020, 0x1020, 0x0800, 0x0000, 0x0000, 0x0000, 0x0000, 0x0000, 0x0000, 0x0000,
  0x1881, 0x28C1, 0x4942, 0x4229, 0x4A69, 0xA367, 0xABE8, 0xB429, 0xC48A, 0xD4EB, 0xCCCA, 0x9B88, 0x51E4, 0x3963, 0x49E4, 0x82E6,
  0xA3A7, 0xB408, 0xC4A9, 0xCCEA, 0xBC89, 0xAC08, 0xA3E7, 0xB469, 0xD52B, 0xD54B, 0xD54B, 0xE62F, 0xE62F, 0xE62F, 0x49E7, 0x49E7,
  0x3902, 0x38C1, 0x48E0, 0x5921, 0x6141, 0x6141, 0x5101, 0x40C0, 0x30A0, 0x2060, 0x1840, 0x1840, 0x1860, 0x1840, 0x1020, 0x0820,
  0x0800, 0x0000, 0x0800, 0x0820, 0x1020, 0x1020, 0x1020, 0x0800, 0x0800, 0x0000, 0x0000, 0x0000, 0x0000, 0x0000, 0x0000, 0x0000,
  0x1061, 0x20A1, 0x4142, 0x4229, 0x4249, 0x632C, 0xB408, 0xBC49, 0xC48A, 0xCCCA, 0xC48A, 0x9367, 0x51E4, 0x3963, 0x51E4, 0x8306,
  0xA3C8, 0xB449, 0xC4AA, 0xBC89, 0xAC28, 0xA3E7, 0xB448, 0xCD2A, 0xDDAC, 0xDDAC, 0xDDAD, 0xDDEE, 0xDDAD, 0xD56C, 0xD56C, 0x5A48,
  0x4143, 0x48E1, 0x5100, 0x6141, 0x7161, 0x6961, 0x5921, 0x48E1, 0x38C0, 0x2880, 0x1860, 0x1840, 0x1840, 0x1040, 0x0820, 0x0800,
  0x0800, 0x0800, 0x0800, 0x0800, 0x0820, 0x1000, 0x0800, 0x0800, 0x0800, 0x0000, 0x0000, 0x0000, 0x0000, 0x0000, 0x0000, 0x0000,
  0x1061, 0x1881, 0x3922, 0x4229, 0x4229, 0x630C, 0xB3E8, 0xBC28, 0xC469, 0xC48A, 0xBC49, 0x9347, 0x51E4, 0x4183, 0x5A25, 0x9326,
  0xABE8, 0xBC89, 0xC4AA, 0xAC29, 0x9BC8, 0xAC08, 0xC4EA, 0xE5AC, 0xE5ED, 0xE5ED, 0xDD8C, 0xDDAD, 0xCD2C, 0xC4CA, 0xCD2B, 0x6289,
  0x4964, 0x4901, 0x5901, 0x6941, 0x7161, 0x6961, 0x5921, 0x48E0, 0x40C0, 0x2880, 0x2060, 0x1840, 0x1040, 0x1020, 0x0820, 0x0800,
  0x0820, 0x1020, 0x1020, 0x1020, 0x1020, 0x1020, 0x1020, 0x1000, 0x0800, 0x0000, 0x0000, 0x0000, 0x0000, 0x0000, 0x0000, 0x0000,
  0x0841, 0x1881, 0x5B0D, 0x4249, 0x4229, 0x5AEB, 0xB3C7, 0xB3E8, 0xBC29, 0xC469, 0xB429, 0x8B26, 0x5A04, 0x51C4, 0x6A65, 0x9B67,
  0xB428, 0xC4AA, 0xBC8A, 0xA3E8, 0xA3C8, 0xBC89, 0xDD6B, 0xEDEC, 0xEDEC, 0xDD6C, 0xDD6C, 0xDD6C, 0xCD0B, 0xC489, 0xC4A9, 0x6AAA,
  0x5184, 0x4901, 0x5901, 0x6121, 0x6941, 0x6141, 0x5900, 0x48E0, 0x40C0, 0x3080, 0x2060, 0x1040, 0x1020, 0x0820, 0x0800, 0x0800,
  0x0820, 0x1040, 0x1840, 0x1040, 0x1020, 0x1020, 0x1020, 0x1020, 0x0800, 0x0800, 0x0000, 0x0000, 0x0000, 0x0000, 0x0000, 0x0000,
  0x0841, 0x1081, 0x3902, 0x4A6A, 0x4229, 0x5AAB, 0xA387, 0xA387, 0xABC8, 0xB408, 0xB3E8, 0x8B06, 0x6A44, 0x6224, 0x7AC6, 0xA387,
  0xBC49, 0xC4AA, 0xB449, 0xA3E8, 0xAC49, 0xCD0A, 0xE5CB, 0xEE0D, 0xE5CC, 0xD54B, 0xDD6B, 0xDD6B, 0xD54B, 0xC4A9, 0xC468, 0x6AAA,
  0x5184, 0x4901, 0x50E1, 0x5900, 0x5921, 0x5900, 0x48E0, 0x40C0, 0x38A0, 0x3080, 0x2040, 0x1020, 0x0820, 0x0800, 0x0800, 0x0800,
  0x1020, 0x1840, 0x1860, 0x1840, 0x1020, 0x1020, 0x1020, 0x1020, 0x0800, 0x0000, 0x0000, 0x0000, 0x0000, 0x0000, 0x0000, 0x0000,
  0x0840, 0x1061, 0x3102, 0x4A8B, 0x4229, 0x528A, 0x73AE, 0x9306, 0x9B47, 0xA3A8, 0xA387, 0x9306, 0x7265, 0x7285, 0x8B06, 0xABC8,
  0xBC8A, 0xBCAA, 0xAC49, 0xAC29, 0xBCAA, 0xDD6B, 0xEDCB, 0xEDEC, 0xE58B, 0xDD2A, 0xDD6B, 0xDD6B, 0xDD8C, 0xCCE9, 0xC468, 0xB3E7,
  0x4964, 0x40E1, 0x48E0, 0x48E0, 0x50E0, 0x48E0, 0x48E0, 0x40C0, 0x40C0, 0x3080, 0x2040, 0x1020, 0x0800, 0x0800, 0x0800, 0x0800,
  0x1020, 0x1840, 0x2060, 0x1840, 0x1020, 0x0820, 0x0800, 0x0800, 0x0800, 0x0000, 0x0000, 0x0000, 0x0000, 0x0000, 0x0000, 0x0000,
  0x0820, 0x1061, 0x3102, 0x52AB, 0x4229, 0x526A, 0x82A5, 0x8285, 0x8AC6, 0x9326, 0x9B26, 0x8AE5, 0x82A5, 0x82C5, 0x9B67, 0xB408,
  0xC4AA, 0xBC8A, 0xB449, 0xBC8A, 0xCD2A, 0xDD8B, 0xEDCB, 0xEDCC, 0xDD6B, 0xDD2A, 0xE58B, 0xE5ED, 0xE5ED, 0xD50A, 0xC468, 0x5A48,
  0x4143, 0x38E1, 0x40C0, 0x40C0, 0x40C0, 0x48C0, 0x48C0, 0x48E0, 0x40C0, 0x38A0, 0x2060, 0x1020, 0x0800, 0x0800, 0x0800, 0x0800,
  0x1020, 0x1840, 0x1840, 0x1040, 0x0820, 0x0800, 0x0800, 0x0800, 0x0000, 0x0000, 0x0000, 0x0000, 0x0000, 0x0000, 0x0000, 0x0000,
  0x0020, 0x1040, 0x30E2, 0x52CC, 0x4A49, 0x526A, 0x6A24, 0x6A24, 0x7265, 0x8AC5, 0x92E6, 0x8AC5, 0x82C5, 0x9306, 0xA3A7, 0xBC69,
  0xC4CA, 0xBC8A, 0xBC8A, 0xC4EA, 0xD54B, 0xE58B, 0xE5AB, 0xE5AB, 0xDD2A, 0xDD2A, 0xE5AC, 0xE5AC, 0xCCEA, 0xCCEA, 0x736D, 0x49E7,
  0x3903, 0x30A1, 0x38A0, 0x38A0, 0x40C0, 0x48C0, 0x50E0, 0x5100, 0x50E0, 0x38A0, 0x2860, 0x1820, 0x1000, 0x0800, 0x0800, 0x0800,
  0x1020, 0x1040, 0x1840, 0x1020, 0x0820, 0x0800, 0x0000, 0x0000, 0x0000, 0x0000, 0x0000, 0x0000, 0x0000, 0x0000, 0x0000, 0x0000,
  0x0020, 0x0840, 0x30E2, 0x61C3, 0x4A6A, 0x4A69, 0x630C, 0x59C3, 0x6A04, 0x7A85, 0x8AC5, 0x8AC5, 0x8AE5, 0x9B46, 0xB3E8, 0xC489,
  0xC4CA, 0xBCAA, 0xC4CA, 0xCD0A, 0xDD4A, 0xDD6B, 0xDD8B, 0xDD6B, 0xD509, 0xDD2A, 0xE5AC, 0xDDAC, 0xD52B, 0xC488, 0x6B2C, 0x41C6,
  0x28E2, 0x2880, 0x2880, 0x3080, 0x38A0, 0x48E0, 0x5900, 0x5900, 0x5100, 0x40A0, 0x2860, 0x1820, 0x0800, 0x0800, 0x0800, 0x0800,
  0x0820, 0x1020, 0x1020, 0x1020, 0x1020, 0x0800, 0x0800, 0x0000, 0x0000, 0x0000, 0x0000, 0x0000, 0x0000, 0x0000, 0x0000, 0x0000,
  0x0020, 0x0840, 0x28E1, 0x59A3, 0x4A8A, 0x4A49, 0x5ACB, 0x51A3, 0x61E4, 0x7A65, 0x8AC5, 0x8AC5, 0x9306, 0xA366, 0xBC28, 0xCCCA,
  0xCD0B, 0xC4EB, 0xCCEA, 0xCD0A, 0xD50A, 0xD52A, 0xD54B, 0xD52A, 0xCCC9, 0xD52A, 0xDD6B, 0xCD0A, 0xC4A9, 0xBC27, 0x630C, 0x41A6,
  0x28C2, 0x2060, 0x2060, 0x2860, 0x3080, 0x40C0, 0x5100, 0x5900, 0x50E0, 0x40A0, 0x2860, 0x1820, 0x1020, 0x0800, 0x0800, 0x0800,
  0x0820, 0x1020, 0x1840, 0x1840, 0x1840, 0x1020, 0x0800, 0x0800, 0x0000, 0x0000, 0x0000, 0x0000, 0x0000, 0x0000, 0x0000, 0x0000,
  0x0020, 0x0840, 0x28C1, 0x5183, 0x52AB, 0x4A49, 0x5ACB, 0x59C3, 0x6A24, 0x8285, 0x8AC5, 0x8AC5, 0x9305, 0xA386, 0xBC48, 0xBC48,
  0xCD4C, 0xCD4C, 0xCD0B, 0xC4C9, 0xC4A9, 0xCCC9, 0xCD0A, 0xCCEA, 0xC4A9, 0xCCEA, 0xC4C9, 0xBC68, 0xBC48, 0xB408, 0x6B2C, 0x41A6,
  0x20C2, 0x1860, 0x1840, 0x1840, 0x2860, 0x38A0, 0x48C0, 0x50E0, 0x48E0, 0x40A0, 0x2860, 0x1840, 0x1020, 0x0800, 0x0800, 0x0800,
  0x1020, 0x1840, 0x2040, 0x2060, 0x2060, 0x1840, 0x1020, 0x0800, 0x0000, 0x0000, 0x0000, 0x0000, 0x0000, 0x0000, 0x0000, 0x0000,
  0x0020, 0x0840, 0x28C1, 0x5183, 0x52AB, 0x4A69, 0x52AA, 0x61E4, 0x7244, 0x82A5, 0x8AC5, 0x8AC5, 0x9305, 0xA386, 0xBC69, 0xBC69,
  0xBC69, 0xCD2B, 0xCD2B, 0xBC69, 0xBC68, 0xC489, 0xCCEA, 0xC4A9, 0xBC48, 0xBC48, 0xAC08, 0xABC7, 0xB428, 0xBC69, 0xBC69, 0x4207,
  0x28E3, 0x1861, 0x1040, 0x1020, 0x1840, 0x2860, 0x3880, 0x40A0, 0x40A0, 0x38A0, 0x3080, 0x2040, 0x1820, 0x1020, 0x1020, 0x1020,
  0x1020, 0x1840, 0x2060, 0x2860, 0x2860, 0x2060, 0x1840, 0x1020, 0x0800, 0x0000, 0x0000, 0x0000, 0x0000, 0x0000, 0x0000, 0x0000,
  0x0020, 0x0840, 0x28C1, 0x5183, 0x69E3, 0x4A6A, 0x4A6A, 0x632D, 0x8285, 0x8AA5, 0x8AA5, 0x82A5, 0x92E5, 0xAB87, 0xC48A, 0xC48A,
  0xDDCE, 0xDDCE, 0xCD4C, 0xBCAA, 0xBC69, 0xC4A9, 0xCCCA, 0xB428, 0xA3A7, 0xA3A7, 0x9B66, 0x9BA7, 0xB448, 0xC4AA, 0xC4AA, 0x5249,
  0x2924, 0x1881, 0x1040, 0x1020, 0x1840, 0x2040, 0x2860, 0x3080, 0x3080, 0x3080, 0x3080, 0x2860, 0x2040, 0x1840, 0x1840, 0x1020,
  0x1840, 0x1840, 0x2040, 0x2860, 0x2860, 0x2060, 0x1840, 0x1020, 0x0800, 0x0000, 0x0000, 0x0000, 0x0000, 0x0000, 0x0000, 0x0000,
  0x0020, 0x0840, 0x28C1, 0x5183, 0x7224, 0x4A6A, 0x4A69, 0x5B0C, 0x8284, 0x8284, 0x8264, 0x8284, 0x92E5, 0xABA7, 0xCCCA, 0xDD8D,
  0xDDEE, 0xDDEE, 0xC50C, 0xC50C, 0xCCEB, 0xCCEA, 0xC4A9, 0xA3A7, 0x8B26, 0x9346, 0x9346, 0xA3A7, 0xBC89, 0xC4CA, 0xB448, 0x5ACB,
  0x3985, 0x20C2, 0x1840, 0x1020, 0x1840, 0x1840, 0x1840, 0x2040, 0x2060, 0x2860, 0x3080, 0x3080, 0x2880, 0x2060, 0x1840, 0x1840,
  0x1820, 0x1840, 0x1840, 0x1840, 0x1840, 0x1840, 0x1840, 0x1020, 0x0800, 0x0000, 0x0000, 0x0000, 0x0000, 0x0000, 0x0000, 0x0000,
  0x0020, 0x0840, 0x28C1, 0x59A3, 0x7A44, 0x4A8A, 0x4A6A, 0x52CB, 0x73AE, 0x7A44, 0x7A44, 0x8284, 0x9305, 0xB3E8, 0xCD0B, 0xDD8D,
  0xDDCD, 0xDE0E, 0xDE0E, 0xDE0E, 0xD50A, 0xD50A, 0xB448, 0x8B26, 0x82C5, 0x9346, 0x9B66, 0xA3E7, 0xC4C9, 0xCD0A, 0xB448, 0x9B86,
  0x41E7, 0x2903, 0x1861, 0x1840, 0x1840, 0x1820, 0x1820, 0x1820, 0x1840, 0x2040, 0x2860, 0x2880, 0x2880, 0x2860, 0x2060, 0x1840,
  0x1820, 0x1020, 0x1020, 0x1020, 0x1020, 0x1020, 0x1020, 0x0800, 0x0800, 0x0000, 0x0000, 0x0000, 0x0000, 0x0000, 0x0000, 0x0000,
  0x0020, 0x0841, 0x28C1, 0x59A3, 0x7A44, 0x52CB, 0x4A6A, 0x4A8A, 0x6B4D, 0x7A44, 0x7A44, 0x82A5, 0x9B46, 0xBC49, 0xBC49, 0xDD8C,
  0xDD8C, 0xDDEE, 0xDDEE, 0xDDAC, 0xDDAC, 0xD50A, 0xAC07, 0x82E5, 0x7AC5, 0x9B66, 0xA3C7, 0xB427, 0xCD09, 0xD54A, 0xC4C9, 0xB407,
  0x5A89, 0x3144, 0x20A2, 0x1840, 0x1840, 0x1020, 0x1020, 0x1020, 0x1020, 0x1020, 0x1840, 0x2060, 0x2060, 0x2060, 0x1840, 0x1820,
  0x1020, 0x1020, 0x1020, 0x0820, 0x0800, 0x0800, 0x0800, 0x0000, 0x0000, 0x0000, 0x0000, 0x0000, 0x0000, 0x0000, 0x0000, 0x0000,
  0x0020, 0x0841, 0x28C1, 0x59A3, 0x7224, 0x5AEC, 0x4249, 0x4A6A, 0x5B0C, 0x7A44, 0x7A85, 0x8AC5, 0xA387, 0xBC6A, 0xBC6A, 0xCD2B,
  0xD56B, 0xDDED, 0xE62E, 0xE60D, 0xE5CC, 0xD50A, 0xAC07, 0x8B05, 0x82E5, 0x9BA7, 0xABE7, 0xB427, 0xD529, 0xE5AA, 0xDD6A, 0xDD6A,
  0xA3C7, 0x41C6, 0x28E2, 0x2061, 0x1840, 0x1020, 0x1020, 0x0800, 0x0800, 0x1020, 0x1020, 0x1840, 0x1840, 0x1820, 0x1020, 0x1020,
  0x1020, 0x0820, 0x0820, 0x0800, 0x0000, 0x0000, 0x0000, 0x0000, 0x0000, 0x0000, 0x0000, 0x0000, 0x0000, 0x0000, 0x0000, 0x0000,
  0x0020, 0x0841, 0x28C1, 0x5183, 0x69E3, 0x5B0D, 0x4A6A, 0x4A49, 0x52AB, 0x8285, 0x82A5, 0x9306, 0xA3A8, 0xA3A8, 0xC4CA, 0xC4CA,
  0xD52B, 0xDDCD, 0xE60D, 0xE60D, 0xE5CC, 0xD56A, 0xBC68, 0x9386, 0x9346, 0xA3E8, 0xAC08, 0xB448, 0xDD6A, 0xEE0B, 0xE5EC, 0xE5EC,
  0xB449, 0x5249, 0x3944, 0x20A1, 0x1840, 0x1020, 0x0820, 0x0800, 0x0800, 0x0820, 0x1020, 0x1020, 0x1020, 0x0800, 0x0800, 0x0800,
  0x0800, 0x0800, 0x0800, 0x0800, 0x0000, 0x0000, 0x0000, 0x0000, 0x0000, 0x0000, 0x0000, 0x0000, 0x0000, 0x0000, 0x0000, 0x0000,
  0x0020, 0x0841, 0x28C1, 0x4962, 0x61C3, 0x69C3, 0x4A8B, 0x4229, 0x528A, 0x8AC5, 0x8AE5, 0x9326, 0xA3E8, 0xA3E8, 0xAC4A, 0xBC69,
  0xCD0A, 0xDDCC, 0xE60D, 0xE60D, 0xE60D, 0xDDCC, 0xCD0A, 0xAC28, 0xAC08, 0xB489, 0xB489, 0xC4EA, 0xE5EB, 0xF66D, 0xF66E, 0xDDCD,
  0xBC89, 0x62EB, 0x41C6, 0x28E3, 0x1861, 0x1020, 0x0800, 0x0800, 0x0800, 0x0820, 0x0820, 0x0820, 0x0800, 0x0800, 0x0800, 0x0800,
  0x0800, 0x0800, 0x0800, 0x0000, 0x0000, 0x0000, 0x0000, 0x0000, 0x0000, 0x0000, 0x0000, 0x0000, 0x0000, 0x0000, 0x0000, 0x0000,
  0x0020, 0x0841, 0x20A1, 0x4942, 0x61A3, 0x69E3, 0x52AB, 0x4249, 0x4A69, 0x5AEC, 0x8AE6, 0x9326, 0xA3E8, 0xA3E8, 0xA409, 0xB448,
  0xCD0A, 0xDD8C, 0xE5EC, 0xE60D, 0xEE4D, 0xEE4D, 0xDDCC, 0xCD2A, 0xCD2A, 0xCD6B, 0xCD6C, 0xCD6C, 0xEE6D, 0xF6AF, 0xF6AF, 0xE60E,
  0xC4C9, 0xABC7, 0x5248, 0x3144, 0x2081, 0x1040, 0x0800, 0x0800, 0x0800, 0x0800, 0x0820, 0x0800, 0x0000, 0x0000, 0x0000, 0x0800,
  0x0800, 0x0800, 0x0800, 0x0000, 0x0000, 0x0000, 0x0000, 0x0000, 0x0000, 0x0000, 0x0000, 0x0000, 0x0000, 0x0000, 0x0000, 0x0000,
  0x0020, 0x0841, 0x20A1, 0x4942, 0x61A3, 0x7203, 0x8AA5, 0x4A4A, 0x4229, 0x52CB, 0x8AE5, 0x9326, 0x9326, 0xA409, 0xA3C8, 0xB428,
  0xC4EA, 0xD56B, 0xE5CC, 0xE5CC, 0xEE6D, 0xF68E, 0xEE6D, 0xE60C, 0xE60C, 0xE64E, 0xE66E, 0xEE8E, 0xF68E, 0xF68E, 0xE60D, 0xE60D,
  0xC4C9, 0xB3E7, 0x62CB, 0x39A6, 0x20C2, 0x1061, 0x0820, 0x0800, 0x0800, 0x0000, 0x0000, 0x0000, 0x0000, 0x0000, 0x0000, 0x0800,
  0x0800, 0x0800, 0x0800, 0x0000, 0x0000, 0x0000, 0x0800, 0x0800, 0x0000, 0x0000, 0x0000, 0x0000, 0x0000, 0x0000, 0x0000, 0x0000,
  0x0020, 0x0841, 0x20A1, 0x4142, 0x61C3, 0x7A24, 0x8AC5, 0x4A6A, 0x4249, 0x4A8A, 0x634D, 0x8B26, 0xA3C8, 0xA3E8, 0xA3C8, 0xB448,
  0xC4EA, 0xD54B, 0xE58B, 0xEDEB, 0xF66D, 0xF6CE, 0xF6CE, 0xF68D, 0xF6AE, 0xF6CF, 0xF6CF, 0xF6AE, 0xEE4D, 0xEE4D, 0xEE4D, 0xDD8B,
  0xC489, 0xABC7, 0x9B45, 0x41E7, 0x2903, 0x1861, 0x1020, 0x0820, 0x0800, 0x0000, 0x0000, 0x0000, 0x0000, 0x0000, 0x0000, 0x0800,
  0x0800, 0x0800, 0x0800, 0x0000, 0x0000, 0x0800, 0x0800, 0x0800, 0x0000, 0x0000, 0x0000, 0x0000, 0x0000, 0x0000, 0x0000, 0x0000,
  0x0840, 0x0841, 0x20A1, 0x4142, 0x61C3, 0x7A44, 0x8AC5, 0x4AAB, 0x4249, 0x4A6A, 0x8AC5, 0x9326, 0xA3C8, 0xA3C8, 0xA3E8, 0xBC69,
  0xCD0A, 0xDD4B, 0xE58A, 0xEE0B, 0xF68C, 0xFECE, 0xFECE, 0xFECE, 0xF6CE, 0xF6CE, 0xEE8E, 0xEE2D, 0xE5EC, 0xE5EC, 0xE5AB, 0xC4C9,
  0xB407, 0xA386, 0x9B45, 0x41E7, 0x2903, 0x1881, 0x1040, 0x0820, 0x0800, 0x0000, 0x0000, 0x0000, 0x0000, 0x0000, 0x0000, 0x0800,
  0x0800, 0x0800, 0x0800, 0x0000, 0x0000, 0x0800, 0x0800, 0x0800, 0x0000, 0x0000, 0x0000, 0x0000, 0x0000, 0x0000, 0x0000, 0x0000,
  0x0840, 0x0861, 0x20A1, 0x4142, 0x69E3, 0x7A44, 0x8AA5, 0x52CC, 0x424A, 0x4A6A, 0x52AB, 0x9346, 0xA3A7, 0xA3C7, 0xAC08, 0xBCA9,
  0xD52B, 0xDD6B, 0xEDCB, 0xF62B, 0xFEAD, 0xFEEE, 0xFEEE, 0xF6CE, 0xF6CE, 0xD58B, 0xD58B, 0xDD8B, 0xDD8B, 0xDD8A, 0xD529, 0xBC48,
  0xABA6, 0xA386, 0xA365, 0x39C7, 0x20E3, 0x1061, 0x1040, 0x0820, 0x0800, 0x0000, 0x0000, 0x0000, 0x0000, 0x0000, 0x0000, 0x0800,
  0x0800, 0x0800, 0x0000, 0x0000, 0x0000, 0x0000, 0x0000, 0x0000, 0x0000, 0x0000, 0x0000, 0x0000, 0x0000, 0x0000, 0x0000, 0x0000,
  0x0841, 0x0861, 0x20A1, 0x4142, 0x69E3, 0x7A44, 0x8AA5, 0x5B0D, 0x4A8A, 0x4249, 0x528A, 0x632D, 0xA387, 0xA3A7, 0xAC28, 0xC4CA,
  0xD54B, 0xE5AB, 0xEE2C, 0xF68D, 0xFEEE, 0xFF0F, 0xFEEF, 0xEE6E, 0xEE6E, 0xB469, 0xB448, 0xC4A8, 0xCCE9, 0xD529, 0xD4E8, 0xB407,
  0xA386, 0xAB86, 0x528A, 0x3165, 0x18A2, 0x1061, 0x0820, 0x0820, 0x0800, 0x0000, 0x0000, 0x0000, 0x0000, 0x0000, 0x0000, 0x0800,
  0x0000, 0x0000, 0x0000, 0x0000, 0x0000, 0x0000, 0x0000, 0x0000, 0x0000, 0x0000, 0x0000, 0x0000, 0x0000, 0x0000, 0x0000, 0x0000,
  0x0841, 0x0861, 0x20A1, 0x4142, 0x69E3, 0x7A44, 0x8264, 0x8AA4, 0x52AB, 0x4A6A, 0x4A6A, 0x5AEC, 0x9B87, 0xA3A7, 0xB448, 0xC4EA,
  0xD56B, 0xE5EC, 0xF66D, 0xF66D, 0xFF30, 0xFF30, 0xFF30, 0xD58C, 0x9BE8, 0x82E5, 0x8B04, 0xA3A6, 0xBC47, 0xCCC8, 0xCC87, 0xABA6,
  0x9B45, 0xAB86, 0x39C7, 0x20E3, 0x1081, 0x1040, 0x0820, 0x0820, 0x0800, 0x0800, 0x0000, 0x0000, 0x0000, 0x0000, 0x0000, 0x0000,
  0x0000, 0x0000, 0x0000, 0x0000, 0x0000, 0x0000, 0x0000, 0x0000, 0x0000, 0x0000, 0x0000, 0x0000, 0x0000, 0x0000, 0x0000, 0x0000,
  0x0841, 0x0841, 0x18A1, 0x4122, 0x61C3, 0x7224, 0x7A44, 0x8264, 0x82A5, 0x4A6A, 0x4A49, 0x52AA, 0x634D, 0xA3A7, 0xBC69, 0xCD0A,
  0xD56B, 0xE5EC, 0xF68E, 0xF68E, 0xF68E, 0xE64E, 0xE64E, 0xB489, 0x82E5, 0x6A23, 0x7A63, 0x9324, 0xB3E6, 0xCC88, 0xBC27, 0xA345,
  0x9B25, 0x4229, 0x2945, 0x18A2, 0x1040, 0x0820, 0x0820, 0x0820, 0x0800, 0x0000, 0x0000, 0x0000, 0x0000, 0x0000, 0x0000, 0x0000,
  0x0000, 0x0000, 0x0000, 0x0000, 0x0000, 0x0000, 0x0000, 0x0000, 0x0000, 0x0000, 0x0000, 0x0000, 0x0000, 0x0000, 0x0000, 0x0000,
  0x0841, 0x0841, 0x1881, 0x3922, 0x61C3, 0x7204, 0x7204, 0x7A44, 0x82A5, 0x4A8A, 0x4A49, 0x4A6A, 0x5AEC, 0xA3A7, 0xBC89, 0xCD0B,
  0xDD8C, 0xEE0D, 0xF68E, 0xFEF0, 0xFEF0, 0xD5AD, 0xD5AD, 0xA3E8, 0x7AA4, 0x7243, 0x8283, 0x9304, 0xABE6, 0xC467, 0xBC06, 0xA365,
  0x528A, 0x3186, 0x18C3, 0x1061, 0x0820, 0x0820, 0x0800, 0x0800, 0x0800, 0x0000, 0x0000, 0x0000, 0x0000, 0x0000, 0x0000, 0x0000,
  0x0000, 0x0000, 0x0000, 0x0000, 0x0000, 0x0000, 0x0000, 0x0000, 0x0000, 0x0000, 0x0000, 0x0000, 0x0000, 0x0000, 0x0000, 0x0000,
  0x0841, 0x0841, 0x1881, 0x3902, 0x59A3, 0x69C3, 0x69E3, 0x7A44, 0x8AA5, 0x52CC, 0x4249, 0x4A49, 0x52AB, 0xA3A7, 0xBCAA, 0xBCAA,
  0xE5CD, 0xEE4E, 0xF68F, 0xF6D0, 0xF6D0, 0xCD4B, 0xCD4B, 0xA3C7, 0x8AE4, 0x82A4, 0x8AC4, 0x8AE4, 0x9B65, 0xB3E6, 0xBC26, 0x5AEC,
  0x39E8, 0x2104, 0x1061, 0x0820, 0x0800, 0x0800, 0x0800, 0x0800, 0x0000, 0x0000, 0x0000, 0x0000, 0x0000, 0x0000, 0x0000, 0x0000,
  0x0000, 0x0000, 0x0000, 0x0000, 0x0000, 0x0000, 0x0000, 0x0000, 0x0000, 0x0000, 0x0000, 0x0000, 0x0000, 0x0000, 0x0000, 0x0000,
  0x0020, 0x0840, 0x1061, 0x3102, 0x5983, 0x61A3, 0x69E3, 0x7A64, 0x8AC5, 0x5B0C, 0x4A8A, 0x4229, 0x4A6A, 0x5AEC, 0xC4CB, 0xC4CB,
  0xC4CB, 0xC4CB, 0xDDAC, 0xDDAC, 0xDDAC, 0xDDAC, 0xCCEA, 0xABC6, 0x9305, 0x8AC4, 0x82A4, 0x7A63, 0x82A4, 0xA385, 0xC466, 0x4A49,
  0x2965, 0x18A2, 0x0841, 0x0820, 0x0000, 0x0000, 0x0000, 0x0000, 0x0000, 0x0000, 0x0000, 0x0000, 0x0000, 0x0000, 0x0000, 0x0000,
  0x0000, 0x0000, 0x0000, 0x0000, 0x0000, 0x0000, 0x0000, 0x0000, 0x0000, 0x0000, 0x0000, 0x0000, 0x0000, 0x0000, 0x0000, 0x0000,
  0x0020, 0x0840, 0x1061, 0x3102, 0x5162, 0x59A3, 0x69E3, 0x8284, 0x92E5, 0x92E5, 0x52AB, 0x4A6A, 0x4A49, 0x52AB, 0x6B4D, 0xDDEE,
  0xDDEE, 0xDDEE, 0xDDAD, 0xDDAD, 0xD54B, 0xD509, 0xCCA8, 0xABC6, 0x9304, 0x8283, 0x7223, 0x61E2, 0x7243, 0xA365, 0x5ACB, 0x39A6,
  0x20E3, 0x1061, 0x0820, 0x0000, 0x0000, 0x0000, 0x0000, 0x0000, 0x0000, 0x0000, 0x0000, 0x0000, 0x0000, 0x0000, 0x0000, 0x0000,
  0x0000, 0x0000, 0x0000, 0x0000, 0x0000, 0x0000, 0x0000, 0x0000, 0x0000, 0x0000, 0x0000, 0x0000, 0x0000, 0x0000, 0x0000, 0x0000,
  0x0020, 0x0820, 0x1061, 0x30E2, 0x4942, 0x5982, 0x7203, 0x8AA4, 0x92E5, 0x9305, 0x9326, 0x4A6A, 0x4A69, 0x4A6A, 0x5AEC, 0xE62F,
  0xE62F, 0xE62F, 0xD50A, 0xD50A, 0xD4C9, 0xD4C9, 0xCC88, 0xABC6, 0x92E4, 0x7243, 0x59C2, 0x59A2, 0x7243, 0x9B44, 0x4A08, 0x3124,
  0x18A2, 0x1040, 0x0820, 0x0800, 0x0000, 0x0000, 0x0000, 0x0000, 0x0800, 0x0800, 0x0800, 0x0000, 0x0000, 0x0000, 0x0000, 0x0000,
  0x0000, 0x0000, 0x0000, 0x0000, 0x0000, 0x0000, 0x0000, 0x0000, 0x0000, 0x0000, 0x0000, 0x0000, 0x0000, 0x0000, 0x0000, 0x0000,
  0x0020, 0x0820, 0x1061, 0x28C1, 0x4922, 0x59A2, 0x7A44, 0x92C5, 0x9B25, 0x9B46, 0xA386, 0x52AB, 0x4A49, 0x4A6A, 0x52CB, 0x52CB,
  0x52CB, 0xD54B, 0xD54B, 0xD4E9, 0xD4E9, 0xD509, 0xCCC8, 0xB407, 0x8B05, 0x6A03, 0x5182, 0x59A2, 0x7223, 0x5289, 0x3985, 0x20E3,
  0x1861, 0x1020, 0x0800, 0x0800, 0x0000, 0x0000, 0x0800, 0x0800, 0x0820, 0x0820, 0x0820, 0x0800, 0x0000, 0x0000, 0x0000, 0x0000,
  0x0000, 0x0000, 0x0000, 0x0000, 0x0000, 0x0000, 0x0000, 0x0000, 0x0000, 0x0000, 0x0000, 0x0000, 0x0000, 0x0000, 0x0000, 0x0000,
  0x0020, 0x0820, 0x1061, 0x28C1, 0x4122, 0x61C3, 0x8284, 0x9B05, 0xA366, 0xABA6, 0xA3C7, 0x5AEC, 0x4A8A, 0x4A49, 0x4A8A, 0x5B0C,
  0x738E, 0xDD8C, 0xDD2A, 0xDD2A, 0xDD4A, 0xDD4A, 0xD4E8, 0xBC27, 0x9325, 0x6A23, 0x59A2, 0x59C2, 0x5ACB, 0x41C7, 0x2903, 0x1881,
  0x1040, 0x1020, 0x0800, 0x0800, 0x0800, 0x0800, 0x0800, 0x0800, 0x0800, 0x0820, 0x0800, 0x0800, 0x0000, 0x0000, 0x0000, 0x0000,
  0x0000, 0x0000, 0x0000, 0x0000, 0x0000, 0x0000, 0x0000, 0x0000, 0x0000, 0x0000, 0x0000, 0x0000, 0x0000, 0x0000, 0x0000, 0x0000,
  0x0020, 0x0840, 0x1061, 0x20A1, 0x4942, 0x6A03, 0x8AC4, 0xA365, 0xABA6, 0xABC7, 0xABC7, 0xA3E8, 0x52AB, 0x4A6A, 0x4A6A, 0x52AB,
  0xDD8C, 0xDD6B, 0xDD6A, 0xE58A, 0xE58A, 0xE549, 0xD4C8, 0xBC47, 0x9B66, 0x7AA4, 0x7264, 0x6B2D, 0x4A28, 0x3144, 0x20A2, 0x1860,
  0x1020, 0x1020, 0x0800, 0x0800, 0x0800, 0x0800, 0x0800, 0x0800, 0x0800, 0x0800, 0x0800, 0x0000, 0x0000, 0x0000, 0x0000, 0x0000,
  0x0000, 0x0000, 0x0000, 0x0000, 0x0000, 0x0800, 0x0800, 0x0800, 0x0000, 0x0000, 0x0000, 0x0000, 0x0000, 0x0000, 0x0000, 0x0000,
  0x0020, 0x0820, 0x1041, 0x20A1, 0x4942, 0x7223, 0x9305, 0xA386, 0xABA6, 0xABC7, 0xABE8, 0xB48A, 0xB48A, 0x528B, 0x4A6A, 0x528A,
  0x5AEB, 0xE56A, 0xE58A, 0xEDAA, 0xEDAA, 0xE529, 0xD4C8, 0xC447, 0xABC7, 0x9B66, 0xA3A6, 0x528A, 0x3986, 0x20C3, 0x1881, 0x1840,
  0x1020, 0x1020, 0x0800, 0x0800, 0x0800, 0x0000, 0x0000, 0x0000, 0x0000, 0x0000, 0x0000, 0x0000, 0x0000, 0x0000, 0x0000, 0x0000,
  0x0000, 0x0000, 0x0000, 0x0000, 0x0800, 0x0800, 0x0800, 0x0800, 0x0000, 0x0000, 0x0000, 0x0000, 0x0000, 0x0000, 0x0000, 0x0000,
  0x0020, 0x0840, 0x1041, 0x20A1, 0x4962, 0x7243, 0x92E5, 0xA365, 0xA386, 0xABE8, 0xB46A, 0xB46A, 0x634E, 0x5AEC, 0x528B, 0x4A6A,
  0x52AB, 0x630C, 0xED89, 0xEDAA, 0xED89, 0xE528, 0xD4C8, 0xCC88, 0xBC48, 0xBC68, 0xC489, 0x41E7, 0x2903, 0x20A2, 0x1860, 0x1840,
  0x1840, 0x1020, 0x1020, 0x0800, 0x0800, 0x0000, 0x0000, 0x0000, 0x0000, 0x0000, 0x0000, 0x0000, 0x0000, 0x0000, 0x0000, 0x0000,
  0x0000, 0x0000, 0x0000, 0x0000, 0x0800, 0x0800, 0x0800, 0x0000, 0x0000, 0x0000, 0x0000, 0x0000, 0x0000, 0x0000, 0x0000, 0x0000,
  0x0020, 0x0820, 0x0840, 0x20A1, 0x4962, 0x6A23, 0x8AC4, 0x9B46, 0xA3C7, 0xB469, 0xB469, 0xDD8C, 0xDD8C, 0xDD6B, 0x52CB, 0x528A,
  0x4A8A, 0x52AB, 0x632D, 0xED89, 0xED69, 0xE528, 0xDCE8, 0xD4A8, 0xCCA9, 0xCCA9, 0x4228, 0x2944, 0x20C2, 0x1881, 0x1860, 0x1840,
  0x1840, 0x1020, 0x1020, 0x0800, 0x0000, 0x0000, 0x0000, 0x0000, 0x0000, 0x0000, 0x0800, 0x0800, 0x0800, 0x0800, 0x0800, 0x0800,
  0x0800, 0x0000, 0x0000, 0x0000, 0x0000, 0x0000, 0x0000, 0x0000, 0x0000, 0x0000, 0x0000, 0x0000, 0x0000, 0x0000, 0x0000, 0x0000,
  0x0020, 0x0020, 0x0840, 0x20A1, 0x4142, 0x6203, 0x82E5, 0x9BA7, 0xB469, 0xC50B, 0xCD6C, 0xD54B, 0xD52A, 0xDD2A, 0xDD4A, 0x52AB,
  0x4A8A, 0x4A8A, 0x52CB, 0xED68, 0xED68, 0xE528, 0xE508, 0xDCC8, 0xD4C9, 0x4A49, 0x3165, 0x20E3, 0x1881, 0x1860, 0x1860, 0x1840,
  0x1840, 0x1020, 0x0820, 0x0800, 0x0000, 0x0000, 0x0000, 0x0000, 0x0800, 0x0800, 0x0800, 0x0800, 0x0800, 0x0800, 0x0800, 0x0800,
  0x0800, 0x0000, 0x0000, 0x0000, 0x0000, 0x0000, 0x0000, 0x0000, 0x0000, 0x0000, 0x0000, 0x0000, 0x0000, 0x0000, 0x0000, 0x0000,
  0x0020, 0x0020, 0x0840, 0x1881, 0x3922, 0x6A44, 0x9367, 0xAC49, 0xC50B, 0xCD4B, 0xCD2A, 0xD4E9, 0xD4E9, 0xDD2A, 0xD52A, 0x5AEC,
  0x528B, 0x4A6A, 0x4A6A, 0x52AB, 0x5AEC, 0xED48, 0xE528, 0xDCC8, 0x4228, 0x3165, 0x20E3, 0x1881, 0x1060, 0x1840, 0x1840, 0x1040,
  0x1020, 0x1020, 0x0820, 0x0800, 0x0800, 0x0800, 0x0800, 0x0800, 0x0800, 0x0800, 0x0800, 0x0800, 0x0820, 0x0820, 0x0820, 0x0800,
  0x0800, 0x0000, 0x0000, 0x0000, 0x0000, 0x0000, 0x0000, 0x0000, 0x0000, 0x0000, 0x0000, 0x0000, 0x0000, 0x0000, 0x0000, 0x0000,
  0x0020, 0x0020, 0x0840, 0x1881, 0x4162, 0x72A5, 0xA408, 0xBCEA, 0xCD2B, 0xCD0A, 0xCCC9, 0xD4C8, 0xD4E9, 0xD50A, 0xCCA9, 0xBC07,
  0x52AB, 0x4A6A, 0x4A49, 0x4229, 0x4A49, 0xED48, 0xE507, 0xD4A7, 0x2945, 0x18C3, 0x1081, 0x1040, 0x1040, 0x1020, 0x1020, 0x0820,
  0x0820, 0x0800, 0x0800, 0x0800, 0x0800, 0x0800, 0x0800, 0x0800, 0x0800, 0x0800, 0x0800, 0x0800, 0x0800, 0x0820, 0x0800, 0x0800,
  0x0000, 0x0000, 0x0000, 0x0000, 0x0000, 0x0000, 0x0000, 0x0000, 0x0000, 0x0000, 0x0000, 0x0000, 0x0000, 0x0000, 0x0000, 0x0000,
  0x0020, 0x0020, 0x0840, 0x18A1, 0x49A3, 0x8346, 0xAC89, 0xC4EA, 0xC4E9, 0xCCC8, 0xD4C8, 0xD4E8, 0xD4E9, 0xCCC9, 0xBC27, 0xB3A6,
  0xC406, 0x4AAB, 0x4229, 0x3A08, 0x39E8, 0x31A6, 0x2945, 0x2104, 0x10A2, 0x1061, 0x0820, 0x0820, 0x0820, 0x0800, 0x0800, 0x0800,
  0x0800, 0x0800, 0x0800, 0x0800, 0x0820, 0x0820, 0x0820, 0x0800, 0x0800, 0x0800, 0x0800, 0x0800, 0x0800, 0x0800, 0x0800, 0x0800,
  0x0000, 0x0000, 0x0000, 0x0000, 0x0000, 0x0000, 0x0000, 0x0000, 0x0000, 0x0000, 0x0000, 0x0000, 0x0000, 0x0000, 0x0000, 0x0000,
  0x0020, 0x0020, 0x0840, 0x20C1, 0x5204, 0x8B67, 0xAC48, 0xBC89, 0xC488, 0xCCC8, 0xD4E8, 0xD4E8, 0xD4E9, 0xCCA8, 0xB3E7, 0xB3C6,
  0xCC87, 0x52CC, 0x4A6A, 0x3A08, 0x3187, 0x2145, 0x18E4, 0x10A2, 0x0861, 0x0820, 0x0000, 0x0000, 0x0000, 0x0000, 0x0000, 0x0800,
  0x0800, 0x0820, 0x0820, 0x0820, 0x0820, 0x0820, 0x0800, 0x0800, 0x0800, 0x0000, 0x0000, 0x0000, 0x0000, 0x0000, 0x0000, 0x0000,
  0x0000, 0x0000, 0x0000, 0x0000, 0x0000, 0x0000, 0x0000, 0x0000, 0x0000, 0x0000, 0x0000, 0x0000, 0x0000, 0x0000, 0x0000, 0x0000,
  0x0020, 0x0020, 0x0841, 0x20E2, 0x5204, 0x8326, 0xA3C7, 0xBC27, 0xC468, 0xCCA8, 0xD4C8, 0xD4A8, 0xD4C9, 0xCCA8, 0xBC07, 0xC447,
  0xDD08, 0xED48, 0xED48, 0x4229, 0x31A7, 0x2145, 0x18E3, 0x1082, 0x0841, 0x0020, 0x0000, 0x0000, 0x0000, 0x0000, 0x0000, 0x0820,
  0x0820, 0x0820, 0x0820, 0x0820, 0x0820, 0x0800, 0x0800, 0x0000, 0x0000, 0x0000, 0x0000, 0x0000, 0x0000, 0x0000, 0x0000, 0x0000,
  0x0000, 0x0000, 0x0000, 0x0000, 0x0000, 0x0000, 0x0000, 0x0000, 0x0000, 0x0000, 0x0000, 0x0000, 0x0000, 0x0000, 0x0000, 0x0000,
  0x0020, 0x0020, 0x0861, 0x28E2, 0x51C3, 0x7AA5, 0x9B45, 0xB3C6, 0xC427, 0xCC67, 0xCC67, 0xCC88, 0xD4C8, 0xCCA8, 0xC467, 0xD4C8,
  0xE549, 0xED69, 0xED48, 0x4A8B, 0x3A09, 0x2986, 0x1904, 0x10C3, 0x0862, 0x0841, 0x0020, 0x0000, 0x0000, 0x0000, 0x0000, 0x0800,
  0x0820, 0x0820, 0x0820, 0x0800, 0x0800, 0x0000, 0x0000, 0x0000, 0x0000, 0x0000, 0x0000, 0x0000, 0x0000, 0x0000, 0x0000, 0x0000,
  0x0000, 0x0000, 0x0000, 0x0000, 0x0000, 0x0000, 0x0000, 0x0000, 0x0000, 0x0000, 0x0000, 0x0000, 0x0000, 0x0000, 0x0000, 0x0000,
  0x0020, 0x0020, 0x0861, 0x20C1, 0x4982, 0x7243, 0x9305, 0xAB86, 0xB3C6, 0xBBE6, 0xC407, 0xCC67, 0xCCA8, 0xCCA8, 0xD4A7, 0xDD08,
  0xED48, 0xED48, 0xE528, 0xDCE8, 0xCC87, 0x39E8, 0x2966, 0x1904, 0x10A3, 0x0861, 0x0021, 0x0020, 0x0000, 0x0000, 0x0000, 0x0000,
  0x0000, 0x0000, 0x0000, 0x0000, 0x0000, 0x0000, 0x0000, 0x0000, 0x0000, 0x0000, 0x0000, 0x0000, 0x0000, 0x0000, 0x0000, 0x0000,
  0x0000, 0x0000, 0x0000, 0x0000, 0x0000, 0x0000, 0x0000, 0x0000, 0x0000, 0x0000, 0x0000, 0x0000, 0x0000, 0x0000, 0x0000, 0x0000,
  0x0020, 0x0820, 0x0841, 0x20A1, 0x4142, 0x6A03, 0x8AA4, 0xA325, 0xAB65, 0xB3A6, 0xBBE6, 0xC427, 0xC467, 0xCC67, 0xD487, 0xDCC7,
  0xDCE7, 0xE4E8, 0xE509, 0xDD09, 0xCC87, 0xB3C6, 0x31C8, 0x2145, 0x18C3, 0x0882, 0x0841, 0x0020, 0x0000, 0x0000, 0x0000, 0x0000,
  0x0000, 0x0000, 0x0000, 0x0000, 0x0000, 0x0000, 0x0000, 0x0000, 0x0000, 0x0000, 0x0800, 0x0800, 0x0800, 0x0800, 0x0800, 0x0000,
  0x0000, 0x0000, 0x0000, 0x0000, 0x0000, 0x0000, 0x0000, 0x0000, 0x0000, 0x0000, 0x0000, 0x0000, 0x0000, 0x0000, 0x0000, 0x0000,
  0x0020, 0x0840, 0x0841, 0x18A1, 0x3922, 0x61C2, 0x8264, 0x9AC4, 0xA325, 0xAB86, 0xB3A6, 0xB3C6, 0xBBE6, 0xC406, 0xCC26, 0xD466,
  0xD487, 0xDCC8, 0xDD09, 0xDCE8, 0xC446, 0xAB85, 0x9B24, 0x2145, 0x18C3, 0x0882, 0x0841, 0x0020, 0x0000, 0x0000, 0x0000, 0x0000,
  0x0000, 0x0000, 0x0000, 0x0000, 0x0000, 0x0000, 0x0000, 0x0000, 0x0800, 0x0820, 0x0820, 0x0820, 0x0820, 0x0800, 0x0800, 0x0000,
  0x0000, 0x0000, 0x0000, 0x0000, 0x0000, 0x0000, 0x0000, 0x0000, 0x0000, 0x0000, 0x0000, 0x0000, 0x0000, 0x0000, 0x0000, 0x0000,
  0x0020, 0x0821, 0x0841, 0x1881, 0x3901, 0x59A2, 0x7A43, 0x92C4, 0x9B05, 0xA325, 0xA345, 0xA325, 0xA345, 0xB385, 0xBBC5, 0xC426,
  0xD488, 0xDCE9, 0xD4C8, 0xC447, 0xB3A5, 0x9B04, 0x92E4, 0x1904, 0x1082, 0x0861, 0x0020, 0x0000, 0x0000, 0x0000, 0x0000, 0x0000,
  0x0000, 0x0000, 0x0000, 0x0000, 0x0000, 0x0000, 0x0000, 0x0800, 0x0820, 0x0820, 0x0820, 0x0820, 0x0820, 0x0800, 0x0800, 0x0000,
  0x0000, 0x0000, 0x0000, 0x0000, 0x0000, 0x0000, 0x0000, 0x0000, 0x0000, 0x0000, 0x0000, 0x0000, 0x0000, 0x0000, 0x0000, 0x0000,
  0x0020, 0x0021, 0x0841, 0x1881, 0x30E1, 0x5982, 0x7A23, 0x8AA4, 0x92C4, 0x92C4, 0x8AA4, 0x92C4, 0x9B04, 0xAB65, 0xB3A5, 0xC427,
  0xD4A8, 0xD4A8, 0xC426, 0xAB65, 0x9AE4, 0x2987, 0x1904, 0x10A2, 0x0861, 0x0020, 0x0000, 0x0000, 0x0000, 0x0000, 0x0000, 0x0000,
  0x0000, 0x0000, 0x0000, 0x0000, 0x0000, 0x0000, 0x0800, 0x0800, 0x0820, 0x0820, 0x0820, 0x0800, 0x0800, 0x0000, 0x0000, 0x0000,
  0x0000, 0x0000, 0x0000, 0x0000, 0x0000, 0x0000, 0x0000, 0x0000, 0x0000, 0x0000, 0x0000, 0x0000, 0x0000, 0x0000, 0x0000, 0x0000,
  0x0021, 0x0841, 0x0841, 0x1061, 0x30C1, 0x5162, 0x7203, 0x8284, 0x8A84, 0x8264, 0x8284, 0x92C4, 0xA325, 0xAB65, 0xBBA6, 0xC427,
  0xCC67, 0xC426, 0x426A, 0x31C8, 0x2145, 0x18E3, 0x0882, 0x0841, 0x0020, 0x0000, 0x0000, 0x0000, 0x0000, 0x0000, 0x0000, 0x0000,
  0x0000, 0x0000, 0x0000, 0x0000, 0x0000, 0x0000, 0x0000, 0x0000, 0x0000, 0x0000, 0x0000, 0x0000, 0x0000, 0x0000, 0x0000, 0x0000,
  0x0000, 0x0000, 0x0000, 0x0000, 0x0000, 0x0000, 0x0000, 0x0000, 0x0000, 0x0000, 0x0000, 0x0000, 0x0000, 0x0000, 0x0000, 0x0000,
  0x0021, 0x0841, 0x0841, 0x1061, 0x28C1, 0x5162, 0x7203, 0x8284, 0x8284, 0x8284, 0x92C4, 0x9B25, 0xAB65, 0xAB65, 0xB3A5, 0xC406,
  0xC406, 0x31E8, 0x2966, 0x18E4, 0x1082, 0x0861, 0x0020, 0x0000, 0x0000, 0x0000, 0x0000, 0x0000, 0x0000, 0x0000, 0x0000, 0x0000,
  0x0000, 0x0000, 0x0000, 0x0000, 0x0000, 0x0000, 0x0000, 0x0000, 0x0000, 0x0000, 0x0000, 0x0000, 0x0000, 0x0000, 0x0000, 0x0000,
  0x0000, 0x0000, 0x0000, 0x0000, 0x0000, 0x0000, 0x0000, 0x0000, 0x0000, 0x0000, 0x0000, 0x0000, 0x0000, 0x0000, 0x0000, 0x0000,
  0x0821, 0x0841, 0x0841, 0x1061, 0x28C1, 0x5182, 0x7A64, 0x8AC4, 0x92E4, 0x9305, 0xA345, 0xAB65, 0xA345, 0xAB45, 0xB365, 0x31C8,
  0x2946, 0x18E4, 0x1082, 0x0841, 0x0020, 0x0000, 0x0000, 0x0000, 0x0000, 0x0000, 0x0000, 0x0000, 0x0000, 0x0000, 0x0000, 0x0000,
  0x0000, 0x0000, 0x0000, 0x0000, 0x0000, 0x0000, 0x0000, 0x0000, 0x0000, 0x0000, 0x0000, 0x0000, 0x0000, 0x0000, 0x0000, 0x0000,
  0x0800, 0x0800, 0x0800, 0x0800, 0x0000, 0x0000, 0x0000, 0x0000, 0x0000, 0x0000, 0x0000, 0x0000, 0x0000, 0x0000, 0x0000, 0x0000,
  0x0841, 0x0841, 0x0841, 0x1061, 0x28E1, 0x51A3, 0x7A84, 0x92E5, 0x9B25, 0xA365, 0xAB65, 0xA345, 0x424A, 0x31C8, 0x2146, 0x18E4,
  0x1082, 0x0841, 0x0021, 0x0000, 0x0000, 0x0000, 0x0000, 0x0000, 0x0000, 0x0000, 0x0000, 0x0000, 0x0000, 0x0000, 0x0000, 0x0000,
  0x0000, 0x0000, 0x0000, 0x0000, 0x0000, 0x0000, 0x0000, 0x0000, 0x0000, 0x0000, 0x0000, 0x0000, 0x0000, 0x0000, 0x0000, 0x0000,
  0x0800, 0x0800, 0x0800, 0x0000, 0x0000, 0x0000, 0x0000, 0x0000, 0x0000, 0x0000, 0x0000, 0x0000, 0x0000, 0x0000, 0x0000, 0x0000,
  0x0841, 0x0841, 0x0841, 0x1061, 0x28E1, 0x51C3, 0x7A84, 0x9305, 0xA345, 0xA345, 0x422A, 0x31A7, 0x2145, 0x18E4, 0x1082, 0x0841,
  0x0021, 0x0000, 0x0000, 0x0000, 0x0000, 0x0000, 0x0000, 0x0000, 0x0000, 0x0000, 0x0000, 0x0000, 0x0000, 0x0000, 0x0000, 0x0000,
  0x0000, 0x0000, 0x0000, 0x0000, 0x0000, 0x0000, 0x0000, 0x0000, 0x0000, 0x0000, 0x0000, 0x0000, 0x0000, 0x0000, 0x0000, 0x0000,
  0x0000, 0x0000, 0x0000, 0x0000, 0x0000, 0x0000, 0x0000, 0x0000, 0x0000, 0x0000, 0x0000, 0x0000, 0x0000, 0x0000, 0x0000, 0x0000,
  0x0841, 0x0841, 0x0841, 0x1061, 0x28E1, 0x51A3, 0x7A64, 0x92E5, 0x3A09, 0x2987, 0x2125, 0x10C3, 0x0882, 0x0841, 0x0021, 0x0000,
  0x0000, 0x0000, 0x0000, 0x0000, 0x0000, 0x0000, 0x0000, 0x0000, 0x0000, 0x0000, 0x0000, 0x0000, 0x0000, 0x0000, 0x0000, 0x0000,
  0x0000, 0x0000, 0x0000, 0x0000, 0x0000, 0x0000, 0x0000, 0x0000, 0x0000, 0x0000, 0x0000, 0x0000, 0x0000, 0x0000, 0x0000, 0x0000,
  0x0000, 0x0000, 0x0000, 0x0000, 0x0000, 0x0000, 0x0000, 0x0000, 0x0000, 0x0000, 0x0000, 0x0000, 0x0000, 0x0000, 0x0000, 0x0000,
  0x0841, 0x0840, 0x0840, 0x1061, 0x28C1, 0x4982, 0x31E8, 0x2966, 0x1904, 0x10A3, 0x0862, 0x0841, 0x0020, 0x0000, 0x0000, 0x0000,
  0x0000, 0x0000, 0x0000, 0x0000, 0x0000, 0x0000, 0x0000, 0x0000, 0x0000, 0x0000, 0x0000, 0x0000, 0x0000, 0x0000, 0x0000, 0x0000,
  0x0000, 0x0000, 0x0000, 0x0000, 0x0000, 0x0000, 0x0000, 0x0000, 0x0000, 0x0000, 0x0000, 0x0000, 0x0000, 0x0000, 0x0000, 0x0000,
  0x0000, 0x0000, 0x0000, 0x0000, 0x0000, 0x0000, 0x0000, 0x0000, 0x0000, 0x0000, 0x0000, 0x0000, 0x0000, 0x0000, 0x0000, 0x0000,
  0x0820, 0x0820, 0x0840, 0x3A09, 0x2987, 0x2125, 0x10C3, 0x1082, 0x0841, 0x0041, 0x0020, 0x0000, 0x0000, 0x0000, 0x0000, 0x0000,
  0x0000, 0x0000, 0x0000, 0x0000, 0x0000, 0x0000, 0x0000, 0x0000, 0x0000, 0x0000, 0x0000, 0x0000, 0x0000, 0x0000, 0x0000, 0x0000,
  0x0000, 0x0000, 0x0000, 0x0000, 0x0000, 0x0000, 0x0000, 0x0000, 0x0000, 0x0000, 0x0000, 0x0000, 0x0000, 0x0000, 0x0000, 0x0000,
  0x0000, 0x0000, 0x0000, 0x0000, 0x0000, 0x0000, 0x0000, 0x0000, 0x0000, 0x0000, 0x0000, 0x0000, 0x0000, 0x0000, 0x0000, 0x0000,
  0x3A29, 0x31A7, 0x2146, 0x18E4, 0x10A3, 0x0862, 0x0041, 0x0021, 0x0000, 0x0000, 0x0000, 0x0000, 0x0000, 0x0000, 0x0000, 0x0000,
  0x0000, 0x0000, 0x0000, 0x0000, 0x0000, 0x0000, 0x0000, 0x0000, 0x0000, 0x0000, 0x0000, 0x0000, 0x0000, 0x0000, 0x0000, 0x0000,
  0x0000, 0x0000, 0x0000, 0x0000, 0x0000, 0x0000, 0x0000, 0x0000, 0x0000, 0x0000, 0x0000, 0x0000, 0x0000, 0x0000, 0x0000, 0x0000,
  0x0000, 0x0000, 0x0000, 0x0000, 0x0000, 0x0000, 0x0000, 0x0000, 0x0000, 0x0000, 0x0000, 0x0000, 0x0000, 0x0000, 0x0000, 0x0000,
  0x18E4, 0x10A3, 0x0862, 0x0841, 0x0021, 0x0020, 0x0000, 0x0000, 0x0000, 0x0000, 0x0000, 0x0000, 0x0000, 0x0000, 0x0000, 0x0000,
  0x0000, 0x0000, 0x0000, 0x0000, 0x0000, 0x0000, 0x0000, 0x0000, 0x0000, 0x0000, 0x0000, 0x0000, 0x0000, 0x0000, 0x0000, 0x0000,
  0x0000, 0x0000, 0x0000, 0x0000, 0x0000, 0x0000, 0x0000, 0x0000, 0x0000, 0x0000, 0x0000, 0x0000, 0x0000, 0x0000, 0x0000, 0x0000,
  0x0000, 0x0000, 0x0000, 0x0000, 0x0000, 0x0000, 0x0000, 0x0000, 0x0000, 0x0000, 0x0000, 0x0000, 0x0000, 0x0000, 0x0000, 0x0000,
  0x0841, 0x0021, 0x0020, 0x0000, 0x0000, 0x0000, 0x0000, 0x0000, 0x0000, 0x0000, 0x0000, 0x0000, 0x0000, 0x0000, 0x0000, 0x0000,
  0x0000, 0x0000, 0x0000, 0x0000, 0x0000, 0x0000, 0x0000, 0x0000, 0x0000, 0x0000, 0x0000, 0x0000, 0x0000, 0x0000, 0x0000, 0x0000,
  0x0000, 0x0000, 0x0000, 0x0000, 0x0000, 0x0000, 0x0000, 0x0000, 0x0000, 0x0000, 0x0000, 0x0000, 0x0000, 0x0000, 0x0000, 0x0000,
  0x0000, 0x0000, 0x0000, 0x0000, 0x0000, 0x0000, 0x0000, 0x0000, 0x0000, 0x0000, 0x0000, 0x0000, 0x0000, 0x0000, 0x0000, 0x0000,
  0x0000, 0x0000, 0x0000, 0x0000, 0x0000, 0x0000, 0x0000, 0x0000, 0x0000, 0x0000, 0x0000, 0x0000, 0x0000, 0x0000, 0x0000, 0x0000,
  0x0000, 0x0000, 0x0000, 0x0000, 0x0000, 0x0000, 0x0000, 0x0000, 0x0000, 0x0000, 0x0000, 0x0000, 0x0000, 0x0000, 0x0000, 0x0000,
  0x0000, 0x0000, 0x0000, 0x0000, 0x0000, 0x0000, 0x0000, 0x0000, 0x0000, 0x0000, 0x0000, 0x0000, 0x0000, 0x0000, 0x0000, 0x0000,
  0x0000, 0x0000, 0x0000, 0x0000, 0x0000, 0x0000, 0x0000, 0x0000, 0x0000, 0x0000, 0x0000, 0x0000, 0x0000, 0x0000, 0x0000, 0x0000,
  0x0000, 0x0000, 0x0000, 0x0000, 0x0000, 0x0000, 0x0000, 0x0000, 0x0000, 0x0000, 0x0000, 0x0000, 0x0000, 0x0000, 0x0000, 0x0000,
  0x0000, 0x0000, 0x0000, 0x0000, 0x0000, 0x0000, 0x0000, 0x0000, 0x0000, 0x0000, 0x0000, 0x0000, 0x0000, 0x0000, 0x0000, 0x0000,
  0x0000, 0x0000, 0x0000, 0x0000, 0x0000, 0x0000, 0x0000, 0x0000, 0x0000, 0x0000, 0x0000, 0x0000, 0x0000, 0x0000, 0x0000, 0x0000,
  0x0000, 0x0000, 0x0000, 0x0000, 0x0000, 0x0000, 0x0000, 0x0000, 0x0000, 0x0000, 0x0000, 0x0000, 0x0000, 0x0000, 0x0000, 0x0000,
  0x0000, 0x0000, 0x0000, 0x0000, 0x0000, 0x0000, 0x0000, 0x0000, 0x0000, 0x0000, 0x0000, 0x0000, 0x0000, 0x0000, 0x0000, 0x0000,
  0x0000, 0x0000, 0x0000, 0x0000, 0x0000, 0x0000, 0x0000, 0x0000, 0x0000, 0x0000, 0x0000, 0x0000, 0x0000, 0x0000, 0x0000, 0x0000,
  0x0000, 0x0000, 0x0000, 0x0000, 0x0000, 0x0000, 0x0000, 0x0000, 0x0000, 0x0000, 0x0000, 0x0000, 0x0000, 0x0000, 0x0000, 0x0000,
  0x0000, 0x0000, 0x0000, 0x0000, 0x0000, 0x0000, 0x0000, 0x0000, 0x0000, 0x0000, 0x0000, 0x0000, 0x0000, 0x0000, 0x0000, 0x0000,
  0x0000, 0x0000, 0x0000, 0x0000, 0x0000, 0x0000, 0x0000, 0x0000, 0x0000, 0x0000, 0x0000, 0x0000, 0x0000, 0x0000, 0x0000, 0x0000,
  0x0000, 0x0000, 0x0000, 0x0000, 0x0000, 0x0000, 0x0000, 0x0000, 0x0000, 0x0000, 0x0000, 0x0000, 0x0000, 0x0000, 0x0000, 0x0000,
  0x0000, 0x0000, 0x0000, 0x0000, 0x0000, 0x0000, 0x0000, 0x0000, 0x0000, 0x0000, 0x0000, 0x0000, 0x0000, 0x0000, 0x0000, 0x0000,
  0x0000, 0x0000, 0x0000, 0x0000, 0x0000, 0x0000, 0x0000, 0x0000, 0x0000, 0x0000, 0x0000, 0x0000, 0x0000, 0x0000, 0x0000, 0x0000,
  0x0000, 0x0000, 0x0000, 0x0000, 0x0000, 0x0000, 0x0000, 0x0000, 0x0000, 0x0000, 0x0000, 0x0000, 0x0000, 0x0000, 0x0000, 0x0000,
  0x0000, 0x0000, 0x0000, 0x0000, 0x0000, 0x0000, 0x0000, 0x0000, 0x0000, 0x0000, 0x0000, 0x0000, 0x0000, 0x0000, 0x0000, 0x0000,
  0x0000, 0x0000, 0x0000, 0x0000, 0x0000, 0x0000, 0x0000, 0x0000, 0x0000, 0x0000, 0x0000, 0x0000, 0x0000, 0x0000, 0x0000, 0x0000,
  0x0000, 0x0000, 0x0000, 0x0000, 0x0000, 0x0000, 0x0000, 0x0000, 0x0000, 0x0000, 0x0000, 0x0000, 0x0000, 0x0000, 0x0000, 0x0000,
  0x0000, 0x0000, 0x0000, 0x0000, 0x0000, 0x0000, 0x0000, 0x0000, 0x0000, 0x0000, 0x0000, 0x0000, 0x0000, 0x0000, 0x0000, 0x0000,
  0x0000, 0x0000, 0x0000, 0x0000, 0x0000, 0x0000, 0x0000, 0x0000, 0x0000, 0x0000, 0x0000, 0x0000, 0x0000, 0x0000, 0x0000, 0x0000,
  0x0000, 0x0000, 0x0000, 0x0000, 0x0000, 0x0000, 0x0000, 0x0000, 0x0000, 0x0000, 0x0000, 0x0000, 0x0000, 0x0000, 0x0000, 0x0000,
  0x0000, 0x0000, 0x0000, 0x0000, 0x0000, 0x0000, 0x0000, 0x0000, 0x0000, 0x0000, 0x0000, 0x0000, 0x0000, 0x0000, 0x0000, 0x0000,
  0x0000, 0x0000, 0x0000, 0x0000, 0x0000, 0x0000, 0x0000, 0x0000, 0x0000, 0x0000, 0x0000, 0x0000, 0x0000, 0x0000, 0x0000, 0x0000,
  0x0000, 0x0000, 0x0000, 0x0000, 0x0000, 0x0000, 0x0000, 0x0000, 0x0000, 0x0000, 0x0000, 0x0000, 0x0000, 0x0000, 0x0000, 0x0000,
  0x0000, 0x0000, 0x0000, 0x0000, 0x0000, 0x0000, 0x0000, 0x0000, 0x0000, 0x0000, 0x0000, 0x0000, 0x0000, 0x0000, 0x0000, 0x0000,
  0x0000, 0x0000, 0x0000, 0x0000, 0x0000, 0x0000, 0x0000, 0x0000, 0x0000, 0x0000, 0x0000, 0x0000, 0x0000, 0x0000, 0x0000, 0x0000,
  0x0000, 0x0000, 0x0000, 0x0000, 0x0000, 0x0000, 0x0000, 0x0000, 0x0000, 0x0000, 0x0000, 0x0000, 0x0000, 0x0000, 0x0000, 0x0000,
  0x0000, 0x0000, 0x0000, 0x0000, 0x0000, 0x0000, 0x0000, 0x0000, 0x0000, 0x0000, 0x0000, 0x0000, 0x0000, 0x0000, 0x0000, 0x0000,
  0x0000, 0x0000, 0x0000, 0x0000, 0x0000, 0x0000, 0x0000, 0x0000, 0x0000, 0x0000, 0x0000, 0x0000, 0x0000, 0x0000, 0x0000, 0x0000,
  0x0000, 0x0000, 0x0000, 0x0000, 0x0000, 0x0000, 0x0000, 0x0000, 0x0000, 0x0000, 0x0000, 0x0000, 0x0000, 0x0000, 0x0000, 0x0000,
  0x0000, 0x0000, 0x0000, 0x0000, 0x0000, 0x0000, 0x0000, 0x0000, 0x0000, 0x0000, 0x0000, 0x0000, 0x0000, 0x0000, 0x0000, 0x0000,
  0x0000, 0x0000, 0x0000, 0x0000, 0x0000, 0x0000, 0x0000, 0x0000, 0x0000, 0x0000, 0x0000, 0x0000, 0x0000, 0x0000, 0x0000, 0x0000,
  0x0000, 0x0000, 0x0000, 0x0000, 0x0000, 0x0000, 0x0000, 0x0000, 0x0000, 0x0000, 0x0000, 0x0000, 0x0000, 0x0000, 0x0000, 0x0000,
  0x0000, 0x0000, 0x0000, 0x0000, 0x0000, 0x0000, 0x0000, 0x0000, 0x0000, 0x0000, 0x0000, 0x0000, 0x0000, 0x0000, 0x0000, 0x0000,
  0x0000, 0x0000, 0x0000, 0x0000, 0x0000, 0x0000, 0x0000, 0x0000, 0x0000, 0x0000, 0x0000, 0x0000, 0x0000, 0x0000, 0x0000, 0x0000,
  0x0000, 0x0000, 0x0000, 0x0000, 0x0000, 0x0000, 0x0000, 0x0000, 0x0000, 0x0000, 0x0000, 0x0000, 0x0000, 0x0000, 0x0000, 0x0000,
  0x0000, 0x0000, 0x0000, 0x0000, 0x0000, 0x0000, 0x0000, 0x0000, 0x0000, 0x0000, 0x0000, 0x0000, 0x0000, 0x0000, 0x0000, 0x0000,
  0x0000, 0x0000, 0x0000, 0x0000, 0x0000, 0x0000, 0x0000, 0x0000, 0x0000, 0x0000, 0x0000, 0x0000, 0x0000, 0x0000, 0x0000, 0x0000,
  0x0000, 0x0000, 0x0000, 0x0000, 0x0000, 0x0000, 0x0000, 0x0000, 0x0000, 0x0000, 0x0000, 0x0000, 0x0000, 0x0000, 0x0000, 0x0000,
  0x0000, 0x0000, 0x0000, 0x0000, 0x0000, 0x0000, 0x0000, 0x0000, 0x0000, 0x0000, 0x0000, 0x0000, 0x0000, 0x0000, 0x0000, 0x0000,
  0x0000, 0x0000, 0x0000, 0x0000, 0x0000, 0x0000, 0x0000, 0x0000, 0x0000, 0x0000, 0x0000, 0x0000, 0x0000, 0x0000, 0x0000, 0x0000,
  0x0000, 0x0000, 0x0000, 0x0000, 0x0000, 0x0000, 0x0000, 0x0000, 0x0000, 0x0000, 0x0000, 0x0000, 0x0000, 0x0000, 0x0000, 0x0000,
  0x0000, 0x0000, 0x0000, 0x0000, 0x0000, 0x0000, 0x0000, 0x0000, 0x0000, 0x0000, 0x0000, 0x0000, 0x0000, 0x0000, 0x0000, 0x0000,
  0x0000, 0x0000, 0x0000, 0x0000, 0x0000, 0x0000, 0x0000, 0x0000, 0x0000, 0x0000, 0x0000, 0x0000, 0x0000, 0x0000, 0x0000, 0x0000,
  0x0000, 0x0000, 0x0000, 0x0000, 0x0000, 0x0000, 0x0000, 0x0000, 0x0000, 0x0000, 0x0000, 0x0000, 0x0000, 0x0000, 0x0000, 0x0000,
  0x0000, 0x0000, 0x0000, 0x0000, 0x0000, 0x0000, 0x0000, 0x0000, 0x0000, 0x0000, 0x0000, 0x0000, 0x0000, 0x0000, 0x0000, 0x0000,
  0x0000, 0x0000, 0x0000, 0x0000, 0x0000, 0x0000, 0x0000, 0x0000, 0x0000, 0x0000, 0x0000, 0x0000, 0x0000, 0x0000, 0x0000, 0x0000,
  0x0000, 0x0000, 0x0000, 0x0000, 0x0000, 0x0000, 0x0000, 0x0000, 0x0000, 0x0000, 0x0000, 0x0000, 0x0000, 0x0000, 0x0000, 0x0000,
  0x0000, 0x0000, 0x0000, 0x0000, 0x0000, 0x0000, 0x0000, 0x0000, 0x0000, 0x0000, 0x0000, 0x0000, 0x0000, 0x0000, 0x0000, 0x0000,
  0x0000, 0x0000, 0x0000, 0x0000, 0x0000, 0x0000, 0x0000, 0x0000, 0x0000, 0x0000, 0x0000, 0x0000, 0x0000, 0x0000, 0x0000, 0x0000,
  0x0000, 0x0000, 0x0000, 0x0000, 0x0000, 0x0000, 0x0000, 0x0000, 0x0000, 0x0000, 0x0000, 0x0000, 0x0000, 0x0000, 0x0000, 0x0000,
  0x0000, 0x0000, 0x0000, 0x0000, 0x0000, 0x0000, 0x0000, 0x0000, 0x0000, 0x0000, 0x0000, 0x0000, 0x0000, 0x0000, 0x0000, 0x0000,
  0x0000, 0x0000, 0x0000, 0x0000, 0x0000, 0x0000, 0x0000, 0x0000, 0x0000, 0x0000, 0x0000, 0x0000, 0x0000, 0x0000, 0x0000, 0x0000,
  0x0000, 0x0000, 0x0000, 0x0000, 0x0000, 0x0000, 0x0000, 0x0000, 0x0000, 0x0000, 0x0000, 0x0000, 0x0000, 0x0000, 0x0000, 0x0000,
  0x0000, 0x0000, 0x0000, 0x0000, 0x0000, 0x0000, 0x0000, 0x0000, 0x0000, 0x0000, 0x0000, 0x0000, 0x0000, 0x0000, 0x0000, 0x0000,
  0x0000, 0x0000, 0x0000, 0x0000, 0x0000, 0x0000, 0x0000, 0x0000, 0x0000, 0x0000, 0x0000, 0x0000, 0x0000, 0x0000, 0x0000, 0x0000,
  0x0000, 0x0000, 0x0000, 0x0000, 0x0000, 0x0000, 0x0000, 0x0000, 0x0000, 0x0000, 0x0000, 0x0000, 0x0000, 0x0000, 0x0000, 0x0000,
  0x0000, 0x0000, 0x0000, 0x0000, 0x0000, 0x0000, 0x0000, 0x0000, 0x0000, 0x0000, 0x0000, 0x0000, 0x0000, 0x0000, 0x0000, 0x0000,
  0x0000, 0x0000, 0x0000, 0x0000, 0x0000, 0x0000, 0x0000, 0x0000, 0x0000, 0x0000, 0x0000, 0x0000, 0x0000, 0x0000, 0x0000, 0x0000,
  0x0000, 0x0000, 0x0000, 0x0000, 0x0000, 0x0000, 0x0000, 0x0000, 0x0000, 0x0000, 0x0000, 0x0000, 0x0000, 0x0000, 0x0000, 0x0000,
  0x0000, 0x0000, 0x0000, 0x0000, 0x0000, 0x0000, 0x0000, 0x0000, 0x0000, 0x0000, 0x0000, 0x0000, 0x0000, 0x0000, 0x0000, 0x0000,
  0x0000, 0x0000, 0x0000, 0x0000, 0x0000, 0x0000, 0x0000, 0x0000, 0x0000, 0x0000, 0x0000, 0x0000, 0x0000, 0x0000, 0x0000, 0x0000,
  0x0000, 0x0000, 0x0000, 0x0000, 0x0000, 0x0000, 0x0000, 0x0000, 0x0000, 0x0000, 0x0000, 0x0000, 0x0000, 0x0000, 0x0000, 0x0000,
  0x0000, 0x0000, 0x0000, 0x0000, 0x0000, 0x0000, 0x0000, 0x0000, 0x0000, 0x0000, 0x0000, 0x0000, 0x0000, 0x0000, 0x0000, 0x0000,
  0x0000, 0x0000, 0x0000, 0x0000, 0x0000, 0x0000, 0x0000, 0x0000, 0x0000, 0x0000, 0x0000, 0x0000, 0x0000, 0x0000, 0x0000, 0x0000,
  0x0000, 0x0000, 0x0000, 0x0000, 0x0000, 0x0000, 0x0000, 0x0000, 0x0000, 0x0000, 0x0000, 0x0000, 0x0000, 0x0000, 0x0000, 0x0000,
  0x0000, 0x0000, 0x0000, 0x0000, 0x0000, 0x0000, 0x0000, 0x0000, 0x0000, 0x0000, 0x0000, 0x0000, 0x0000, 0x0000, 0x0000, 0x0000,
  0x0000, 0x0000, 0x0000, 0x0000, 0x0000, 0x0000, 0x0000, 0x0000, 0x0000, 0x0000, 0x0000, 0x0000, 0x0000, 0x0000, 0x0000, 0x0000,
  0x0000, 0x0000, 0x0000, 0x0000, 0x0000, 0x0000, 0x0000, 0x0000, 0x0000, 0x0000, 0x0000, 0x0000, 0x0000, 0x0000, 0x0000, 0x0000,
  0x0000, 0x0000, 0x0000, 0x0000, 0x0000, 0x0000, 0x0000, 0x0000, 0x0000, 0x0000, 0x0000, 0x0000, 0x0000, 0x0000, 0x0000, 0x0000,
  0x0000, 0x0000, 0x0000, 0x0000, 0x0000, 0x0000, 0x0000, 0x0000, 0x0000, 0x0000, 0x0000, 0x0000, 0x0000, 0x0000, 0x0000, 0x0000,
  0x0000, 0x0000, 0x0000, 0x0000, 0x0000, 0x0000, 0x0000, 0x0000, 0x0000, 0x0000, 0x0000, 0x0000, 0x0000, 0x0000, 0x0000, 0x0000,
  0x0000, 0x0000, 0x0000, 0x0000, 0x0000, 0x0000, 0x0000, 0x0000, 0x0000, 0x0000, 0x0000, 0x0000, 0x0000, 0x0000, 0x0000, 0x0000,
  0x0000, 0x0000, 0x0000, 0x0000, 0x0000, 0x0000, 0x0000, 0x0000, 0x0000, 0x0000, 0x0000, 0x0000, 0x0000, 0x0000, 0x0000, 0x0000,
  0x0000, 0x0000, 0x0000, 0x0000, 0x0000, 0x0000, 0x0000, 0x0000, 0x0000, 0x0000, 0x0000, 0x0000, 0x0000, 0x0000, 0x0000, 0x0000,
  0x0000, 0x0000, 0x0000, 0x0000, 0x0000, 0x0000, 0x0000, 0x0000, 0x0000, 0x0000, 0x0000, 0x0000, 0x0000, 0x0000, 0x0000, 0x0000,
  0x0000, 0x0000, 0x0000, 0x0000, 0x0000, 0x0000, 0x0000, 0x0000, 0x0000, 0x0000, 0x0000, 0x0000, 0x0000, 0x0000, 0x0000, 0x0000,
  0x0000, 0x0000, 0x0000, 0x0000, 0x0000, 0x0000, 0x0000, 0x0000, 0x0000, 0x0000, 0x0000, 0x0000, 0x0000, 0x0000, 0x0000, 0x0000,
  0x0000, 0x0000, 0x0000, 0x0000, 0x0000, 0x0000, 0x0000, 0x0000, 0x0000, 0x0000, 0x0000, 0x0000, 0x0000, 0x0000, 0x0000, 0x0000,
  0x0000, 0x0000, 0x0000, 0x0000, 0x0000, 0x0000, 0x0000, 0x0000, 0x0000, 0x0000, 0x0000, 0x0000, 0x0000, 0x0000, 0x0000, 0x0000,
  0x0000, 0x0000, 0x0000, 0x0000, 0x0000, 0x0000, 0x0000, 0x0000, 0x0000, 0x0000, 0x0000, 0x0000, 0x0000, 0x0000, 0x0000, 0x0000,
  0x0000, 0x0000, 0x0000, 0x0000, 0x0000, 0x0000, 0x0000, 0x0000, 0x0000, 0x0000, 0x0000, 0x0000, 0x0000, 0x0000, 0x0000, 0x0000,
  0x0000, 0x0000, 0x0000, 0x0000, 0x0000, 0x0000, 0x0000, 0x0000, 0x0000, 0x0000, 0x0000, 0x0000, 0x0000, 0x0000, 0x0000, 0x0000,
  0x0000, 0x0000, 0x0000, 0x0000, 0x0000, 0x0000, 0x0000, 0x0000, 0x0000, 0x0000, 0x0000, 0x0000, 0x0000, 0x0000, 0x0000, 0x0000,
  0x0000, 0x0000, 0x0000, 0x0000, 0x0000, 0x0000, 0x0000, 0x0000, 0x0000, 0x0000, 0x0000, 0x0000, 0x0000, 0x0000, 0x0000, 0x0000,
  0x0000, 0x0000, 0x0000, 0x0000, 0x0000, 0x0000, 0x0000, 0x0000, 0x0000, 0x0000, 0x0000, 0x0000, 0x0000, 0x0000, 0x0000, 0x0000,
  0x0000, 0x0000, 0x0000, 0x0000, 0x0000, 0x0000, 0x0000, 0x0000, 0x0000, 0x0000, 0x0000, 0x0000, 0x0000, 0x0000, 0x0000, 0x0000,
  0x0000, 0x0000, 0x0000, 0x0000, 0x0000, 0x0000, 0x0000, 0x0000, 0x0000, 0x0000, 0x0000, 0x0000, 0x0000, 0x0000, 0x0000, 0x0000,
  0x0000, 0x0000, 0x0000, 0x0000, 0x0000, 0x0000, 0x0000, 0x0000, 0x0000, 0x0000, 0x0000, 0x0000, 0x0000, 0x0000, 0x0000, 0x0000,
  0x0000, 0x0000, 0x0000, 0x0000, 0x0000, 0x0000, 0x0000, 0x0000, 0x0000, 0x0000, 0x0000, 0x0000, 0x0000, 0x0000, 0x0000, 0x0000,
  0x0000, 0x0000, 0x0000, 0x0000, 0x0000, 0x0000, 0x0000, 0x0000, 0x0000, 0x0000, 0x0000, 0x0000, 0x0000, 0x0000, 0x0000, 0x0000,
  0x0000, 0x0000, 0x0000, 0x0000, 0x0000, 0x0000, 0x0000, 0x0000, 0x0000, 0x0000, 0x0000, 0x0000, 0x0000, 0x0000, 0x0000, 0x0000,
  0x0000, 0x0000, 0x0000, 0x0000, 0x0000, 0x0000, 0x0000, 0x0000, 0x0000, 0x0000, 0x0000, 0x0000, 0x0000, 0x0000, 0x0000, 0x0000,
  0x0000, 0x0000, 0x0000, 0x0000, 0x0000, 0x0000, 0x0000, 0x0000, 0x0000, 0x0000, 0x0000, 0x0000, 0x0000, 0x0000, 0x0000, 0x0000,
  0x0000, 0x0000, 0x0000, 0x0000, 0x0000, 0x0000, 0x0000, 0x0000, 0x0000, 0x0000, 0x0000, 0x0000, 0x0000, 0x0000, 0x0000, 0x0000,
  0x0000, 0x0000, 0x0000, 0x0000, 0x0000, 0x0000, 0x0000, 0x0000, 0x0000, 0x0000, 0x0000, 0x0000, 0x0000, 0x0000, 0x0000, 0x0000,
  0x0000, 0x0000, 0x0000, 0x0000, 0x0000, 0x0000, 0x0000, 0x0000, 0x0000, 0x0000, 0x0000, 0x0000, 0x0000, 0x0000, 0x0000, 0x0000,
  0x0000, 0x0000, 0x0000, 0x0000, 0x0000, 0x0000, 0x0000, 0x0000, 0x0000, 0x0000, 0x0000, 0x0000, 0x0000, 0x0000, 0x0000, 0x0000,
  0x0000, 0x0000, 0x0000, 0x0000, 0x0000, 0x0000, 0x0000, 0x0000, 0x0000, 0x0000, 0x0000, 0x0000, 0x0000, 0x0000, 0x0000, 0x0000,
  0x0000, 0x0000, 0x0000, 0x0000, 0x0000, 0x0000, 0x0000, 0x0000, 0x0000, 0x0000, 0x0000, 0x0000, 0x0000, 0x0000, 0x0000, 0x0000,
  0x0000, 0x0000, 0x0000, 0x0000, 0x0000, 0x0000, 0x0000, 0x0000, 0x0000, 0x0000, 0x0000, 0x0000, 0x0000, 0x0000, 0x0000, 0x0000,
  0x0000, 0x0000, 0x0000, 0x0000, 0x0000, 0x0000, 0x0000, 0x0000, 0x0000, 0x0000, 0x0000, 0x0000, 0x0000, 0x0000, 0x0000, 0x0000,
  0x0000, 0x0000, 0x0000, 0x0000, 0x0000, 0x0000, 0x0000, 0x0000, 0x0000, 0x0000, 0x0000, 0x0000, 0x0000, 0x0000, 0x0000, 0x0000,
  0x0000, 0x0000, 0x0000, 0x0000, 0x0000, 0x0000, 0x0000, 0x0000, 0x0000, 0x0000, 0x0000, 0x0000, 0x0000, 0x0000, 0x0000, 0x0000,
  0x0000, 0x0000, 0x0000, 0x0000, 0x0000, 0x0000, 0x0000, 0x0000, 0x0000, 0x0000, 0x0000, 0x0000, 0x0000, 0x0000, 0x0000, 0x0000,
  0x0000, 0x0000, 0x0000, 0x0000, 0x0000, 0x0000, 0x0000, 0x0000, 0x0000, 0x0000, 0x0000, 0x0000, 0x0000, 0x0000, 0x0000, 0x0000,
  0x0000, 0x0000, 0x0000, 0x0000, 0x0000, 0x0000, 0x0000, 0x0000, 0x0000, 0x0000, 0x0000, 0x0000, 0x0000, 0x0000, 0x0000, 0x0000,
  0x0000, 0x0000, 0x0000, 0x0000, 0x0000, 0x0000, 0x0000, 0x0000, 0x0000, 0x0000, 0x0000, 0x0000, 0x0000, 0x0000, 0x0000, 0x0000,
  0x0000, 0x0000, 0x0000, 0x0000, 0x0000, 0x0000, 0x0000, 0x0000, 0x0000, 0x0000, 0x0000, 0x0000, 0x0000, 0x0000, 0x0000, 0x0000,
  0x0000, 0x0000, 0x0000, 0x0000, 0x0000, 0x0000, 0x0000, 0x0000, 0x0000, 0x0000, 0x0000, 0x0000, 0x0000, 0x0000, 0x0000, 0x0000,
  0x0000, 0x0000, 0x0000, 0x0000, 0x0000, 0x0000, 0x0000, 0x0000, 0x0000, 0x0000, 0x0000, 0x0000, 0x0000, 0x0000, 0x0000, 0x0000,
  0x0000, 0x0000, 0x0000, 0x0000, 0x0000, 0x0000, 0x0000, 0x0000, 0x0000, 0x0000, 0x0000, 0x0000, 0x0000, 0x0000, 0x0000, 0x0000,
  0x0000, 0x0000, 0x0000, 0x0000, 0x0000, 0x0000, 0x0000, 0x0000, 0x0000, 0x0000, 0x0000, 0x0000, 0x0000, 0x0000, 0x0000, 0x0000,
  0x0000, 0x0000, 0x0000, 0x0000, 0x0000, 0x0000, 0x0000, 0x0000, 0x0000, 0x0000, 0x0000, 0x0000, 0x0000, 0x0000, 0x0000, 0x0000,
  0x0000, 0x0000, 0x0000, 0x0000, 0x0000, 0x0000, 0x0000, 0x0000, 0x0000, 0x0000, 0x0000, 0x0000, 0x0000, 0x0000, 0x0000, 0x0000,
  0x0000, 0x0000, 0x0000, 0x0000, 0x0000, 0x0000, 0x0000, 0x0000, 0x0000, 0x0000, 0x0000, 0x0000, 0x0000, 0x0000, 0x0000, 0x0000,
  0x0000, 0x0000, 0x0000, 0x0000, 0x0000, 0x0000, 0x0000, 0x0000, 0x0000, 0x0000, 0x0000, 0x0000, 0x0000, 0x0000, 0x0000, 0x0000,
  0x0000, 0x0000, 0x0000, 0x0000, 0x0000, 0x0000, 0x0000, 0x0000, 0x0000, 0x0000, 0x0000, 0x0000, 0x0000, 0x0000, 0x0000, 0x0000,
  0x0000, 0x0000, 0x0000, 0x0000, 0x0000, 0x0000, 0x0000, 0x0000, 0x0000, 0x0000, 0x0000, 0x0000, 0x0000, 0x0000, 0x0000, 0x0000,
  0x0000, 0x0000, 0x0000, 0x0000, 0x0000, 0x0000, 0x0000, 0x0000, 0x0000, 0x0000, 0x0000, 0x0000, 0x0000, 0x0000, 0x0000, 0x0000,
  0x0000, 0x0000, 0x0000, 0x0000, 0x0000, 0x0000, 0x0000, 0x0000, 0x0000, 0x0000, 0x0000, 0x0000, 0x0000, 0x0000, 0x0000, 0x0000,
  0x0000, 0x0000, 0x0000, 0x0000, 0x0000, 0x0000, 0x0000, 0x0000, 0x0000, 0x0000, 0x0000, 0x0000, 0x0000, 0x0000, 0x0000, 0x0000,
  0x0000, 0x0000, 0x0000, 0x0000, 0x0000, 0x0000, 0x0000, 0x0000, 0x0000, 0x0000, 0x0000, 0x0000, 0x0000, 0x0000, 0x0000, 0x0000,
  0x0000, 0x0000, 0x0000, 0x0000, 0x0000, 0x0000, 0x0000, 0x0000, 0x0000, 0x0000, 0x0000, 0x0000, 0x0000, 0x0000, 0x0000, 0x0000,
  0x0000, 0x0000, 0x0000, 0x0000, 0x0000, 0x0000, 0x0000, 0x0000, 0x0000, 0x0000, 0x0000, 0x0000, 0x0000, 0x0000, 0x0000, 0x0000,
  0x0000, 0x0000, 0x0000, 0x0000, 0x0000, 0x0000, 0x0000, 0x0000, 0x0000, 0x0000, 0x0000, 0x0000, 0x0000, 0x0000, 0x0000, 0x0000,
  0x0000, 0x0000, 0x0000, 0x0000, 0x0000, 0x0000, 0x0000, 0x0000, 0x0000, 0x0000, 0x0000, 0x0000, 0x0000, 0x0000, 0x0000, 0x0000,
  0x0000, 0x0000, 0x0000, 0x0000, 0x0000, 0x0000, 0x0000, 0x0000, 0x0000, 0x0000, 0x0000, 0x0000, 0x0000, 0x0000, 0x0000, 0x0000,
  0x0000, 0x0000, 0x0000, 0x0000, 0x0000, 0x0000, 0x0000, 0x0000, 0x0000, 0x0000, 0x0000, 0x0000, 0x0000, 0x0000, 0x0000, 0x0000,
  0x0000, 0x0000, 0x0000, 0x0000, 0x0000, 0x0000, 0x0000, 0x0000, 0x0000, 0x0000, 0x0000, 0x0000, 0x0000, 0x0000, 0x0000, 0x0000,
  0x0000, 0x0000, 0x0000, 0x0000, 0x0000, 0x0000, 0x0000, 0x0000, 0x0000, 0x0000, 0x0000, 0x0000, 0x0000, 0x0000, 0x0000, 0x0000,
  0x0000, 0x0000, 0x0000, 0x0000, 0x0000, 0x0000, 0x0000, 0x0000, 0x0000, 0x0000, 0x0000, 0x0000, 0x0000, 0x0000, 0x0000, 0x0000,
  0x0000, 0x0000, 0x0000, 0x0000, 0x0000, 0x0000, 0x0000, 0x0000, 0x0000, 0x0000, 0x0000, 0x0000, 0x0000, 0x0000, 0x0000, 0x0000,
  0x0000, 0x0000, 0x0000, 0x0000, 0x0000, 0x0000, 0x0000, 0x0000, 0x0000, 0x0000, 0x0000, 0x0000, 0x0000, 0x0000, 0x0000, 0x0000,
  0x0000, 0x0000, 0x0000, 0x0000, 0x0000, 0x0000, 0x0000, 0x0000, 0x0000, 0x0000, 0x0000, 0x0000, 0x0000, 0x0000, 0x0000, 0x0000,
  0x0000, 0x0000, 0x0000, 0x0000, 0x0000, 0x0000, 0x0000, 0x0000, 0x0000, 0x0000, 0x0000, 0x0000, 0x0000, 0x0000, 0x0000, 0x0000,
  0x0000, 0x0000, 0x0000, 0x0000, 0x0000, 0x0000, 0x0000, 0x0000, 0x0000, 0x0000, 0x0000, 0x0000, 0x0000, 0x0000, 0x0000, 0x0000,
  0x0000, 0x0000, 0x0000, 0x0000, 0x0000, 0x0000, 0x0000, 0x0000, 0x0000, 0x0000, 0x0000, 0x0000, 0x0000, 0x0000, 0x0000, 0x0000,
  0x0000, 0x0000, 0x0000, 0x0000, 0x0000, 0x0000, 0x0000, 0x0000, 0x0000, 0x0000, 0x0000, 0x0000, 0x0000, 0x0000, 0x0000, 0x0000,
  0x0000, 0x0000, 0x0000, 0x0000, 0x0000, 0x0000, 0x0000, 0x0000, 0x0000, 0x0000, 0x0000, 0x0000, 0x0000, 0x0000, 0x0000, 0x0000,
  0x0000, 0x0000, 0x0000, 0x0000, 0x0000, 0x0000, 0x0000, 0x0000, 0x0000, 0x0000, 0x0000, 0x0000, 0x0000, 0x0000, 0x0000, 0x0000,
  0x0000, 0x0000, 0x0000, 0x0000, 0x0000, 0x0000, 0x0000, 0x0000, 0x0000, 0x0000, 0x0000, 0x0000, 0x0000, 0x0000, 0x0000, 0x0000,
  0x0000, 0x0000, 0x0000, 0x0000, 0x0000, 0x0000, 0x0000, 0x0000, 0x0000, 0x0000, 0x0000, 0x0000, 0x0000, 0x0000, 0x0000, 0x0000,
  0x0000, 0x0000, 0x0000, 0x0000, 0x0000, 0x0000, 0x0000, 0x0000, 0x0000, 0x0000, 0x0000, 0x0000, 0x0000, 0x0000, 0x0000, 0x0000,
  0x0000, 0x0000, 0x0000, 0x0000, 0x0000, 0x0000, 0x0000, 0x0000, 0x0000, 0x0000, 0x0000, 0x0000, 0x0000, 0x0000, 0x0000, 0x0000,
  0x0000, 0x0000, 0x0000, 0x0000, 0x0000, 0x0000, 0x0000, 0x0000, 0x0000, 0x0000, 0x0000, 0x0000, 0x0000, 0x0000, 0x0000, 0x0000,
  0x0000, 0x0000, 0x0000, 0x0000, 0x0000, 0x0000, 0x0000, 0x0000, 0x0000, 0x0000, 0x0000, 0x0000, 0x0000, 0x0000, 0x0000, 0x0000,
  0x0000, 0x0000, 0x0000, 0x0000, 0x0000, 0x0000, 0x0000, 0x0000, 0x0000, 0x0000, 0x0000, 0x0000, 0x0000, 0x0000, 0x0000, 0x0000,
  0x0000, 0x0000, 0x0000, 0x0000, 0x0800, 0x0820, 0x0820, 0x0820, 0x0820, 0x0800, 0x0800, 0x0000, 0x0000, 0x0000, 0x0000, 0x0000,
  0x0000, 0x0000, 0x0000, 0x0000, 0x0000, 0x0000, 0x0000, 0x0000, 0x0000, 0x0000, 0x0000, 0x0000, 0x0000, 0x0000, 0x0000, 0x0000,
  0x0000, 0x0000, 0x0000, 0x0000, 0x0000, 0x0000, 0x0000, 0x0000, 0x0000, 0x0000, 0x0000, 0x0000, 0x0000, 0x0000, 0x0000, 0x0000,
  0x0000, 0x0000, 0x0000, 0x0000, 0x0000, 0x0000, 0x0000, 0x0000, 0x0000, 0x0000, 0x0000, 0x0000, 0x0000, 0x0000, 0x0000, 0x0000,
  0x0000, 0x0000, 0x0800, 0x0800, 0x0820, 0x0820, 0x0820, 0x0820, 0x0820, 0x0820, 0x0820, 0x0800, 0x0000, 0x0000, 0x0000, 0x0000,
  0x0000, 0x0000, 0x0000, 0x0000, 0x0000, 0x0000, 0x0000, 0x0000, 0x0000, 0x0000, 0x0000, 0x0000, 0x0000, 0x0000, 0x0000, 0x0000,
  0x0000, 0x0000, 0x0000, 0x0000, 0x0000, 0x0000, 0x0000, 0x0000, 0x0000, 0x0000, 0x0000, 0x0000, 0x0000, 0x0000, 0x0000, 0x0000,
  0x0000, 0x0000, 0x0000, 0x0000, 0x0000, 0x0000, 0x0000, 0x0000, 0x0000, 0x0000, 0x0000, 0x0000, 0x0000, 0x0000, 0x0000, 0x0000,
  0x0800, 0x0800, 0x0820, 0x0820, 0x0820, 0x0820, 0x0820, 0x0820, 0x0820, 0x0820, 0x0820, 0x0820, 0x0000, 0x0000, 0x0000, 0x0000,
  0x0000, 0x0000, 0x0000, 0x0000, 0x0000, 0x0000, 0x0000, 0x0000, 0x0000, 0x0000, 0x0000, 0x0000, 0x0000, 0x0000, 0x0000, 0x0000,
  0x0000, 0x0000, 0x0000, 0x0000, 0x0000, 0x0000, 0x0000, 0x0000, 0x0000, 0x0000, 0x0000, 0x0000, 0x0000, 0x0000, 0x0000, 0x0000,
  0x0000, 0x0000, 0x0000, 0x0000, 0x0000, 0x0000, 0x0000, 0x0000, 0x0000, 0x0000, 0x0000, 0x0000, 0x0000, 0x0800, 0x0820, 0x0820,
  0x0820, 0x0820, 0x1020, 0x1020, 0x1020, 0x1020, 0x1020, 0x1020, 0x0820, 0x0820, 0x0800, 0x0000, 0x0000, 0x0000, 0x0000, 0x0000,
  0x0800, 0x0800, 0x0800, 0x0000, 0x0000, 0x0000, 0x0000, 0x0000, 0x0000, 0x0000, 0x0000, 0x0000, 0x0000, 0x0000, 0x0000, 0x0000,
  0x0000, 0x0000, 0x0000, 0x0000, 0x0000, 0x0000, 0x0000, 0x0000, 0x0000, 0x0000, 0x0000, 0x0000, 0x0000, 0x0000, 0x0000, 0x0000,
  0x0000, 0x0000, 0x0000, 0x0000, 0x0000, 0x0000, 0x0000, 0x0000, 0x0000, 0x0000, 0x0000, 0x0000, 0x0800, 0x0820, 0x0820, 0x1040,
  0x1040, 0x1040, 0x1040, 0x1040, 0x1040, 0x1040, 0x1040, 0x1020, 0x0820, 0x0820, 0x0000, 0x0000, 0x0000, 0x0000, 0x0800, 0x0800,
  0x0820, 0x0820, 0x0820, 0x0820, 0x0820, 0x0820, 0x0000, 0x0000, 0x0000, 0x0000, 0x0000, 0x0000, 0x0000, 0x0000, 0x0000, 0x0000,
  0x0000, 0x0000, 0x0000, 0x0000, 0x0000, 0x0000, 0x0000, 0x0000, 0x0000, 0x0000, 0x0000, 0x0000, 0x0000, 0x0000, 0x0000, 0x0000,
  0x0000, 0x0000, 0x0000, 0x0000, 0x0000, 0x0000, 0x0000, 0x0000, 0x0000, 0x0000, 0x0820, 0x0820, 0x0820, 0x0820, 0x1040, 0x1040,
  0x1040, 0x1040, 0x1040, 0x1040, 0x1040, 0x1040, 0x1040, 0x1040, 0x0820, 0x0820, 0x0800, 0x0000, 0x0000, 0x0000, 0x0800, 0x0820,
  0x0820, 0x0820, 0x0820, 0x0820, 0x0820, 0x0820, 0x0820, 0x0820, 0x0800, 0x0000, 0x0000, 0x0000, 0x0000, 0x0000, 0x0000, 0x0000,
  0x0000, 0x0000, 0x0000, 0x0000, 0x0000, 0x0000, 0x0000, 0x0000, 0x0000, 0x0000, 0x0000, 0x0000, 0x0000, 0x0000, 0x0000, 0x0000,
  0x0000, 0x0000, 0x0000, 0x0000, 0x0000, 0x0000, 0x0000, 0x0000, 0x0000, 0x0820, 0x0820, 0x0820, 0x1040, 0x1040, 0x1040, 0x1840,
  0x1860, 0x1840, 0x1040, 0x1040, 0x1040, 0x1040, 0x1040, 0x1040, 0x1020, 0x0820, 0x0820, 0x0800, 0x0000, 0x0000, 0x0800, 0x0820,
  0x0820, 0x0820, 0x0820, 0x0820, 0x0820, 0x0820, 0x0820, 0x0820, 0x0820, 0x0000, 0x0000, 0x0000, 0x0000, 0x0000, 0x0000, 0x0000,
  0x0000, 0x0000, 0x0000, 0x0000, 0x0000, 0x0000, 0x0000, 0x0000, 0x0000, 0x0000, 0x0000, 0x0000, 0x0000, 0x0000, 0x0000, 0x0000,
  0x0000, 0x0000, 0x0000, 0x0000, 0x0000, 0x0020, 0x0020, 0x0820, 0x0820, 0x0820, 0x1040, 0x1040, 0x1040, 0x1860, 0x1860, 0x1860,
  0x1860, 0x1860, 0x1040, 0x1040, 0x1040, 0x1020, 0x1040, 0x1040, 0x1040, 0x1040, 0x0820, 0x0820, 0x0820, 0x0820, 0x0820, 0x0800,
  0x0800, 0x0800, 0x0800, 0x0820, 0x0820, 0x0820, 0x0820, 0x0820, 0x0800, 0x0000, 0x0000, 0x0000, 0x0000, 0x0000, 0x0000, 0x0000,
  0x0000, 0x0000, 0x0000, 0x0000, 0x0000, 0x0000, 0x0000, 0x0000, 0x0000, 0x0000, 0x0000, 0x0000, 0x0000, 0x0000, 0x0000, 0x0000,
  0x0000, 0x0000, 0x0000, 0x0000, 0x0020, 0x0820, 0x0820, 0x1040, 0x1040, 0x1060, 0x1860, 0x1860, 0x1860, 0x1860, 0x2080, 0x2080,
  0x2080, 0x2060, 0x1860, 0x1040, 0x1040, 0x1020, 0x1020, 0x1040, 0x1040, 0x1040, 0x1040, 0x1020, 0x1020, 0x0820, 0x0820, 0x0820,
  0x0800, 0x0800, 0x0000, 0x0000, 0x0000, 0x0800, 0x0800, 0x0000, 0x0000, 0x0000, 0x0000, 0x0000, 0x0000, 0x0000, 0x0000, 0x0000,
  0x0000, 0x0000, 0x0000, 0x0000, 0x0000, 0x0000, 0x0000, 0x0000, 0x0000, 0x0000, 0x0000, 0x0000, 0x0000, 0x0000, 0x0000, 0x0000,
  0x0000, 0x0000, 0x0020, 0x0020, 0x0820, 0x0820, 0x0840, 0x1060, 0x1860, 0x1880, 0x2080, 0x1880, 0x1880, 0x2080, 0x2080, 0x20A0,
  0x28A0, 0x2080, 0x2080, 0x1860, 0x1040, 0x1040, 0x1020, 0x1020, 0x1040, 0x1040, 0x1040, 0x1040, 0x1040, 0x1040, 0x0820, 0x0820,
  0x0820, 0x0800, 0x0000, 0x0000, 0x0000, 0x0000, 0x0000, 0x0000, 0x0000, 0x0000, 0x0000, 0x0000, 0x0000, 0x0000, 0x0000, 0x0000,
  0x0000, 0x0000, 0x0000, 0x0000, 0x0000, 0x0000, 0x0000, 0x0000, 0x0000, 0x0000, 0x0000, 0x0000, 0x0000, 0x0000, 0x0000, 0x0000,
  0x0000, 0x0020, 0x0020, 0x0820, 0x0820, 0x0840, 0x1040, 0x1860, 0x1880, 0x2080, 0x2080, 0x2080, 0x2080, 0x2080, 0x2080, 0x28A0,
  0x28A0, 0x28A0, 0x2080, 0x1860, 0x1860, 0x1040, 0x1040, 0x1020, 0x1040, 0x1040, 0x1040, 0x1040, 0x1040, 0x1040, 0x1040, 0x0820,
  0x0820, 0x0800, 0x0000, 0x0000, 0x0000, 0x0000, 0x0000, 0x0000, 0x0000, 0x0000, 0x0000, 0x0000, 0x0000, 0x0000, 0x0000, 0x0000,
  0x0000, 0x0000, 0x0000, 0x0000, 0x0000, 0x0000, 0x0000, 0x0000, 0x0000, 0x0000, 0x0000, 0x0000, 0x0000, 0x0000, 0x0000, 0x0000,
  0x0000, 0x0020, 0x0820, 0x0840, 0x1040, 0x1060, 0x1060, 0x1860, 0x1860, 0x2080, 0x2080, 0x20A0, 0x2080, 0x2080, 0x2080, 0x2080,
  0x2880, 0x2880, 0x2080, 0x2060, 0x1860, 0x1840, 0x1040, 0x1040, 0x1040, 0x1040, 0x1040, 0x1040, 0x1040, 0x1040, 0x1040, 0x1040,
  0x1020, 0x0820, 0x0820, 0x0000, 0x0000, 0x0000, 0x0000, 0x0000, 0x0000, 0x0000, 0x0000, 0x0000, 0x0000, 0x0000, 0x0000, 0x0000,
  0x0000, 0x0000, 0x0000, 0x0000, 0x0000, 0x0000, 0x0000, 0x0000, 0x0000, 0x0000, 0x0000, 0x0000, 0x0000, 0x0000, 0x0000, 0x0000,
  0x0020, 0x0820, 0x1040, 0x1060, 0x1860, 0x1880, 0x2080, 0x1860, 0x1860, 0x1860, 0x2080, 0x2080, 0x2080, 0x2080, 0x2080, 0x2080,
  0x2080, 0x2080, 0x2080, 0x2080, 0x2060, 0x1860, 0x1860, 0x1840, 0x1040, 0x1040, 0x1040, 0x1040, 0x1040, 0x1040, 0x1040, 0x1040,
  0x1040, 0x0820, 0x0820, 0x0800, 0x0000, 0x0000, 0x0000, 0x0000, 0x0000, 0x0000, 0x0000, 0x0000, 0x0000, 0x0000, 0x0000, 0x0000,
  0x0000, 0x0000, 0x0000, 0x0000, 0x0000, 0x0000, 0x0000, 0x0000, 0x0000, 0x0000, 0x0000, 0x0000, 0x0000, 0x0000, 0x0000, 0x0020,
  0x0820, 0x0840, 0x1060, 0x1880, 0x20A0, 0x20A0, 0x28A0, 0x2080, 0x1860, 0x1860, 0x1860, 0x2080, 0x2080, 0x2080, 0x2080, 0x2080,
  0x2080, 0x2080, 0x2880, 0x2880, 0x2080, 0x2060, 0x1860, 0x1860, 0x1860, 0x1840, 0x1040, 0x1040, 0x1040, 0x1040, 0x1040, 0x1040,
  0x1020, 0x0820, 0x0820, 0x0820, 0x0000, 0x0000, 0x0000, 0x0000, 0x0000, 0x0000, 0x0000, 0x0000, 0x0000, 0x0000, 0x0000, 0x0000,
  0x0000, 0x0000, 0x0000, 0x0000, 0x0000, 0x0000, 0x0000, 0x0000, 0x0000, 0x0000, 0x0000, 0x0000, 0x0000, 0x0000, 0x0020, 0x0820,
  0x0840, 0x1060, 0x1860, 0x2080, 0x28A0, 0x28C1, 0x28C1, 0x28A0, 0x2080, 0x1860, 0x1860, 0x1860, 0x2080, 0x2080, 0x2080, 0x2080,
  0x2080, 0x2880, 0x2880, 0x2880, 0x2080, 0x2060, 0x2060, 0x1840, 0x1840, 0x1840, 0x1840, 0x1860, 0x1840, 0x1840, 0x1040, 0x1020,
  0x0820, 0x0820, 0x0800, 0x0000, 0x0000, 0x0000, 0x0000, 0x0000, 0x0000, 0x0000, 0x0000, 0x0000, 0x0000, 0x0000, 0x0000, 0x0000,
  0x0000, 0x0000, 0x0000, 0x0000, 0x0000, 0x0000, 0x0000, 0x0000, 0x0000, 0x0000, 0x0000, 0x0000, 0x0000, 0x0000, 0x0020, 0x0820,
  0x1040, 0x1860, 0x2080, 0x28A0, 0x28A0, 0x28C0, 0x28A0, 0x28A0, 0x2080, 0x1860, 0x1860, 0x1860, 0x2080, 0x2080, 0x2880, 0x2880,
  0x2880, 0x28A0, 0x28A0, 0x2880, 0x2880, 0x2060, 0x1840, 0x1840, 0x1840, 0x1840, 0x1860, 0x1860, 0x1860, 0x1840, 0x1040, 0x0820,
  0x0820, 0x0000, 0x0000, 0x0000, 0x0000, 0x0000, 0x0000, 0x0000, 0x0000, 0x0000, 0x0000, 0x0000, 0x0000, 0x0000, 0x0000, 0x0000,
  0x0000, 0x0000, 0x0000, 0x0000, 0x0000, 0x0000, 0x0000, 0x0000, 0x0000, 0x0000, 0x0000, 0x0000, 0x0000, 0x0020, 0x0820, 0x1040,
  0x1860, 0x2080, 0x2080, 0x28A0, 0x28A0, 0x28A0, 0x28A0, 0x28A0, 0x2080, 0x1860, 0x1860, 0x1860, 0x2060, 0x2880, 0x2880, 0x28A0,
  0x28A0, 0x30A0, 0x30A0, 0x28A0, 0x2880, 0x2060, 0x1840, 0x1020, 0x1020, 0x1040, 0x1840, 0x1840, 0x1860, 0x1840, 0x1040, 0x0820,
  0x0820, 0x0800, 0x0800, 0x0800, 0x0800, 0x0000, 0x0000, 0x0000, 0x0000, 0x0000, 0x0000, 0x0000, 0x0000, 0x0000, 0x0000, 0x0000,
  0x0000, 0x0000, 0x0000, 0x0000, 0x0000, 0x0000, 0x0000, 0x0000, 0x0000, 0x0000, 0x0000, 0x0000, 0x0020, 0x0820, 0x1040, 0x1860,
  0x1860, 0x2080, 0x28A0, 0x28A0, 0x28C0, 0x28C0, 0x28A0, 0x20A0, 0x2080, 0x1860, 0x1860, 0x1860, 0x2060, 0x2080, 0x2880, 0x28A0,
  0x30A0, 0x30A0, 0x30A0, 0x28A0, 0x2880, 0x1860, 0x1040, 0x1020, 0x0820, 0x1020, 0x1020, 0x1840, 0x1840, 0x1840, 0x1040, 0x1020,
  0x0820, 0x0800, 0x0800, 0x0800, 0x0820, 0x0800, 0x0000, 0x0000, 0x0000, 0x0000, 0x0000, 0x0000, 0x0000, 0x0000, 0x0000, 0x0000,
  0x0000, 0x0000, 0x0000, 0x0000, 0x0000, 0x0000, 0x0000, 0x0000, 0x0000, 0x0000, 0x0000, 0x0000, 0x0820, 0x1040, 0x1880, 0x2081,
  0x28A1, 0x28A0, 0x28A0, 0x28A0, 0x30C0, 0x28A0, 0x28A0, 0x28A0, 0x2080, 0x1860, 0x1860, 0x1860, 0x1860, 0x2060, 0x2880, 0x28A0,
  0x30A0, 0x30A0, 0x30A0, 0x28A0, 0x2080, 0x1860, 0x1040, 0x0820, 0x0800, 0x0820, 0x0820, 0x1020, 0x1040, 0x1840, 0x1040, 0x1020,
  0x1020, 0x0820, 0x0820, 0x0820, 0x0800, 0x0800, 0x0000, 0x0000, 0x0000, 0x0000, 0x0000, 0x0000, 0x0000, 0x0000, 0x0000, 0x0000,
  0x0000, 0x0000, 0x0000, 0x0000, 0x0000, 0x0000, 0x0000, 0x0000, 0x0000, 0x0000, 0x0000, 0x0000, 0x0820, 0x1060, 0x20A1, 0x28C1,
  0x30E1, 0x30C1, 0x30C0, 0x28A0, 0x28A0, 0x28A0, 0x28A0, 0x28A0, 0x2080, 0x2080, 0x1860, 0x1860, 0x1860, 0x1860, 0x2060, 0x2880,
  0x28A0, 0x28A0, 0x28A0, 0x2080, 0x2060, 0x1840, 0x1040, 0x0820, 0x0800, 0x0800, 0x0820, 0x1020, 0x1040, 0x1840, 0x1840, 0x1840,
  0x1040, 0x1020, 0x0820, 0x0800, 0x0800, 0x0000, 0x0000, 0x0000, 0x0000, 0x0000, 0x0000, 0x0000, 0x0000, 0x0000, 0x0000, 0x0000,
  0x0000, 0x0000, 0x0000, 0x0000, 0x0000, 0x0000, 0x0000, 0x0000, 0x0000, 0x0000, 0x0000, 0x0000, 0x0840, 0x1860, 0x28C1, 0x3101,
  0x3901, 0x3901, 0x38E1, 0x30C1, 0x28C0, 0x28A0, 0x28A0, 0x28A0, 0x2080, 0x2080, 0x1860, 0x1860, 0x1840, 0x1860, 0x1860, 0x2060,
  0x2080, 0x2080, 0x2080, 0x2060, 0x1860, 0x1840, 0x1020, 0x0820, 0x0800, 0x0800, 0x0800, 0x1020, 0x1040, 0x1840, 0x1860, 0x1860,
  0x1840, 0x1040, 0x0820, 0x0820, 0x0800, 0x0000, 0x0000, 0x0000, 0x0000, 0x0000, 0x0000, 0x0000, 0x0000, 0x0000, 0x0000, 0x0000,
  0x0000, 0x0000, 0x0000, 0x0000, 0x0000, 0x0000, 0x0000, 0x0000, 0x0000, 0x0000, 0x0000, 0x0820, 0x1040, 0x1880, 0x28C1, 0x3901,
  0x4142, 0x4942, 0x4121, 0x38E1, 0x30E1, 0x30C1, 0x28A0, 0x28A0, 0x2080, 0x2080, 0x1860, 0x1860, 0x1840, 0x1840, 0x1860, 0x1860,
  0x2060, 0x2060, 0x1860, 0x1840, 0x1840, 0x1040, 0x1020, 0x0820, 0x0820, 0x0820, 0x0820, 0x1020, 0x1040, 0x1860, 0x2060, 0x1860,
  0x1860, 0x1040, 0x1020, 0x0820, 0x0820, 0x0800, 0x0000, 0x0000, 0x0000, 0x0000, 0x0000, 0x0000, 0x0000, 0x0000, 0x0000, 0x0000,
  0x0000, 0x0000, 0x0000, 0x0000, 0x0000, 0x0000, 0x0000, 0x0000, 0x0000, 0x0000, 0x0820, 0x1040, 0x1860, 0x20A1, 0x30C1, 0x3921,
  0x4942, 0x5162, 0x4962, 0x4142, 0x3901, 0x30E1, 0x30C0, 0x28A0, 0x2080, 0x2080, 0x1860, 0x1860, 0x1840, 0x1840, 0x1860, 0x1860,
  0x1860, 0x1860, 0x1840, 0x1040, 0x1040, 0x1020, 0x1020, 0x1020, 0x0820, 0x1020, 0x1020, 0x1020, 0x1840, 0x1860, 0x1860, 0x1860,
  0x1040, 0x1040, 0x1020, 0x1020, 0x1020, 0x0820, 0x0820, 0x0000, 0x0000, 0x0000, 0x0000, 0x0000, 0x0000, 0x0000, 0x0000, 0x0000,
  0x0000, 0x0000, 0x0000, 0x0000, 0x0000, 0x0000, 0x0000, 0x0000, 0x0000, 0x0020, 0x0820, 0x1060, 0x2080, 0x28C1, 0x30E1, 0x4121,
  0x4942, 0x5182, 0x5982, 0x5182, 0x4962, 0x4121, 0x38E1, 0x30C0, 0x28A0, 0x2080, 0x1860, 0x1860, 0x1860, 0x1860, 0x1860, 0x1860,
  0x1860, 0x1840, 0x1040, 0x1040, 0x1020, 0x1020, 0x1020, 0x0820, 0x0820, 0x1020, 0x1040, 0x1040, 0x1840, 0x1840, 0x1840, 0x1040,
  0x1020, 0x1020, 0x1020, 0x1040, 0x1040, 0x1020, 0x0820, 0x0800, 0x0000, 0x0000, 0x0000, 0x0000, 0x0000, 0x0000, 0x0000, 0x0000,
  0x0000, 0x0000, 0x0000, 0x0000, 0x0000, 0x0000, 0x0000, 0x0000, 0x0020, 0x0820, 0x1040, 0x1860, 0x28A1, 0x30E1, 0x3901, 0x4121,
  0x4942, 0x5182, 0x59A2, 0x61C2, 0x59A2, 0x5162, 0x4121, 0x30E1, 0x28A0, 0x2080, 0x1860, 0x1860, 0x1860, 0x1860, 0x2060, 0x2060,
  0x1860, 0x1860, 0x1040, 0x1020, 0x1020, 0x1020, 0x1020, 0x0820, 0x0820, 0x1020, 0x1020, 0x1040, 0x1040, 0x1040, 0x1040, 0x1020,
  0x0820, 0x0820, 0x0820, 0x1020, 0x1020, 0x0820, 0x0820, 0x0820, 0x0800, 0x0000, 0x0000, 0x0000, 0x0000, 0x0000, 0x0000, 0x0000,
  0x0000, 0x0000, 0x0000, 0x0000, 0x0000, 0x0000, 0x0000, 0x0000, 0x0020, 0x0840, 0x1060, 0x20A1, 0x30C1, 0x3901, 0x4121, 0x4142,
  0x4942, 0x5162, 0x59A2, 0x61C2, 0x61C2, 0x5982, 0x4941, 0x3901, 0x28A0, 0x2080, 0x1860, 0x1860, 0x1860, 0x2060, 0x2080, 0x2080,
  0x2060, 0x1860, 0x1040, 0x1020, 0x1020, 0x1040, 0x1020, 0x0820, 0x0820, 0x0820, 0x0820, 0x1020, 0x1040, 0x1040, 0x1020, 0x0820,
  0x0820, 0x0820, 0x0820, 0x0820, 0x0820, 0x0820, 0x0820, 0x0820, 0x0820, 0x0820, 0x0800, 0x0000, 0x0000, 0x0000, 0x0000, 0x0000,
  0x0000, 0x0000, 0x0000, 0x0000, 0x0000, 0x0000, 0x0000, 0x0020, 0x0820, 0x1060, 0x1880, 0x28C1, 0x3901, 0x4121, 0x4962, 0x4962,
  0x4942, 0x4962, 0x5182, 0x61A2, 0x61C2, 0x59A2, 0x5161, 0x4121, 0x30E0, 0x28A0, 0x1860, 0x1860, 0x1860, 0x2060, 0x2080, 0x2080,
  0x2060, 0x1860, 0x1040, 0x1040, 0x1040, 0x1040, 0x1040, 0x1020, 0x0820, 0x0820, 0x0820, 0x1020, 0x1020, 0x1020, 0x0820, 0x0820,
  0x0820, 0x0820, 0x0820, 0x0820, 0x0820, 0x0820, 0x0820, 0x1020, 0x1020, 0x1020, 0x0820, 0x0820, 0x0800, 0x0000, 0x0000, 0x0000,
  0x0000, 0x0000, 0x0000, 0x0000, 0x0000, 0x0000, 0x0020, 0x0020, 0x0840, 0x1881, 0x28C1, 0x30E1, 0x4121, 0x4942, 0x5182, 0x5182,
  0x4962, 0x4942, 0x4941, 0x5182, 0x59A2, 0x59A2, 0x5981, 0x4941, 0x4101, 0x30C0, 0x20A0, 0x1860, 0x1860, 0x2060, 0x2080, 0x2080,
  0x2060, 0x1840, 0x1040, 0x1040, 0x1840, 0x1840, 0x1840, 0x1040, 0x0820, 0x0820, 0x0800, 0x0820, 0x1020, 0x0820, 0x0820, 0x0800,
  0x0800, 0x0820, 0x0820, 0x1020, 0x1020, 0x1020, 0x1020, 0x1020, 0x1020, 0x1020, 0x1020, 0x0820, 0x0800, 0x0000, 0x0000, 0x0000,
  0x0000, 0x0000, 0x0000, 0x0000, 0x0000, 0x0000, 0x0020, 0x0820, 0x1060, 0x20A1, 0x30E1, 0x4121, 0x4942, 0x5162, 0x5982, 0x59A2,
  0x5182, 0x4941, 0x4941, 0x4941, 0x5161, 0x5981, 0x5981, 0x5161, 0x5141, 0x4121, 0x30C0, 0x2080, 0x2060, 0x2080, 0x2080, 0x2880,
  0x2060, 0x1860, 0x1840, 0x1040, 0x1860, 0x1860, 0x1860, 0x1840, 0x1020, 0x0820, 0x0800, 0x0820, 0x0820, 0x0820, 0x0820, 0x0800,
  0x0800, 0x0820, 0x1020, 0x1040, 0x1040, 0x1020, 0x1020, 0x1020, 0x1020, 0x1020, 0x0820, 0x0800, 0x0800, 0x0000, 0x0000, 0x0000,
  0x0000, 0x0000, 0x0000, 0x0000, 0x0000, 0x0000, 0x0020, 0x0840, 0x1881, 0x28E1, 0x3922, 0x4962, 0x5182, 0x5982, 0x59A2, 0x59A2,
  0x5982, 0x4962, 0x4121, 0x4921, 0x4941, 0x5161, 0x5161, 0x5981, 0x5181, 0x5161, 0x4121, 0x30C0, 0x28A0, 0x2880, 0x2880, 0x28A0,
  0x2080, 0x2060, 0x1840, 0x1840, 0x1860, 0x2060, 0x2060, 0x1860, 0x1040, 0x0820, 0x0820, 0x0820, 0x1020, 0x1020, 0x0820, 0x0800,
  0x0800, 0x0820, 0x1020, 0x1040, 0x1040, 0x1020, 0x1020, 0x0820, 0x0820, 0x0820, 0x0800, 0x0000, 0x0000, 0x0000, 0x0000, 0x0000,
  0x0000, 0x0000, 0x0000, 0x0000, 0x0000, 0x0000, 0x0020, 0x1040, 0x20A1, 0x3901, 0x4962, 0x59A2, 0x59A2, 0x59A2, 0x59A2, 0x59A2,
  0x59A2, 0x5161, 0x4941, 0x4121, 0x4921, 0x4941, 0x5141, 0x5161, 0x5981, 0x5981, 0x5161, 0x4121, 0x38E0, 0x30C0, 0x30C0, 0x30A0,
  0x28A0, 0x2080, 0x1860, 0x1840, 0x1860, 0x2060, 0x2060, 0x1860, 0x1840, 0x1020, 0x0820, 0x1020, 0x1040, 0x1040, 0x1020, 0x0820,
  0x0800, 0x0800, 0x0820, 0x1020, 0x0820, 0x0820, 0x0820, 0x0820, 0x0820, 0x0800, 0x0000, 0x0000, 0x0000, 0x0000, 0x0000, 0x0000,
  0x0000, 0x0000, 0x0000, 0x0000, 0x0000, 0x0000, 0x0020, 0x1060, 0x20A1, 0x4142, 0x59A2, 0x69E3, 0x61E3, 0x61C2, 0x59A2, 0x59A2,
  0x5982, 0x5161, 0x4941, 0x4121, 0x4921, 0x4941, 0x4941, 0x4941, 0x5161, 0x5181, 0x5981, 0x5161, 0x4941, 0x4100, 0x38E0, 0x38C0,
  0x30A0, 0x2880, 0x2060, 0x2060, 0x1860, 0x1860, 0x2060, 0x2060, 0x1860, 0x1040, 0x1020, 0x1040, 0x1840, 0x1840, 0x1040, 0x0820,
  0x0800, 0x0800, 0x0820, 0x0820, 0x0800, 0x0800, 0x0000, 0x0000, 0x0000, 0x0000, 0x0800, 0x0800, 0x0000, 0x0000, 0x0000, 0x0000,
  0x0000, 0x0000, 0x0000, 0x0000, 0x0000, 0x0020, 0x0820, 0x1061, 0x28C1, 0x4942, 0x61E3, 0x7243, 0x7223, 0x61E2, 0x59A2, 0x5182,
  0x5162, 0x5161, 0x4941, 0x4121, 0x4941, 0x4941, 0x4941, 0x4941, 0x4941, 0x5161, 0x5981, 0x5981, 0x5981, 0x5141, 0x4920, 0x40E0,
  0x38C0, 0x30A0, 0x2880, 0x2060, 0x1860, 0x1860, 0x2060, 0x2060, 0x1860, 0x1840, 0x1040, 0x1860, 0x1860, 0x1860, 0x1040, 0x0820,
  0x0800, 0x0800, 0x0820, 0x0800, 0x0800, 0x0000, 0x0000, 0x0000, 0x0000, 0x0000, 0x0800, 0x0800, 0x0800, 0x0000, 0x0000, 0x0000,
  0x0000, 0x0000, 0x0000, 0x0000, 0x0000, 0x0020, 0x0840, 0x1061, 0x28C1, 0x4942, 0x6A03, 0x7A63, 0x7A63, 0x6A03, 0x59A2, 0x5161,
  0x4941, 0x4941, 0x4121, 0x4121, 0x4121, 0x4941, 0x4961, 0x4941, 0x4121, 0x4921, 0x5161, 0x61A1, 0x61A1, 0x5961, 0x4920, 0x4100,
  0x38E0, 0x30C0, 0x28A0, 0x2080, 0x2060, 0x2060, 0x2080, 0x2080, 0x2060, 0x1860, 0x1860, 0x1860, 0x2060, 0x1860, 0x1020, 0x0820,
  0x0800, 0x0800, 0x0820, 0x0820, 0x0820, 0x0000, 0x0000, 0x0000, 0x0000, 0x0000, 0x0800, 0x0000, 0x0000, 0x0000, 0x0000, 0x0000,
  0x0000, 0x0000, 0x0000, 0x0000, 0x0000, 0x0020, 0x0840, 0x1881, 0x28C1, 0x4142, 0x61E2, 0x7A43, 0x7A63, 0x7223, 0x59A2, 0x5161,
  0x4941, 0x4121, 0x4121, 0x4101, 0x4101, 0x4941, 0x4961, 0x4941, 0x4121, 0x4101, 0x4941, 0x5981, 0x6181, 0x5961, 0x4920, 0x4100,
  0x38E0, 0x38C0, 0x30A0, 0x2880, 0x2060, 0x2060, 0x2080, 0x2080, 0x2880, 0x2880, 0x2080, 0x2060, 0x2060, 0x1840, 0x1020, 0x1020,
  0x0820, 0x1020, 0x1840, 0x1040, 0x0820, 0x0800, 0x0800, 0x0820, 0x0820, 0x0800, 0x0800, 0x0000, 0x0000, 0x0000, 0x0000, 0x0000,
  0x0000, 0x0000, 0x0000, 0x0000, 0x0020, 0x0820, 0x1040, 0x2081, 0x30E1, 0x4121, 0x59A2, 0x7203, 0x7A43, 0x7203, 0x61C2, 0x5182,
  0x4941, 0x4121, 0x4101, 0x38E1, 0x3901, 0x4121, 0x4941, 0x5141, 0x4921, 0x4101, 0x4101, 0x5141, 0x5961, 0x5141, 0x4100, 0x38E0,
  0x38C0, 0x38C0, 0x38C0, 0x30A0, 0x2080, 0x2060, 0x2080, 0x28A0, 0x30C0, 0x30C0, 0x28A0, 0x2080, 0x1860, 0x1840, 0x1020, 0x1020,
  0x1840, 0x1840, 0x2060, 0x1840, 0x1020, 0x0820, 0x0820, 0x1020, 0x1020, 0x0820, 0x0800, 0x0000, 0x0000, 0x0000, 0x0000, 0x0000,
  0x0000, 0x0000, 0x0000, 0x0000, 0x0000, 0x0820, 0x1861, 0x28C1, 0x3901, 0x4942, 0x5162, 0x61C2, 0x6A03, 0x6A02, 0x61C2, 0x59A2,
  0x5162, 0x4942, 0x4121, 0x38E1, 0x38E1, 0x4121, 0x4941, 0x4941, 0x4121, 0x38E1, 0x38E0, 0x4101, 0x4921, 0x4100, 0x38E0, 0x38C0,
  0x38C0, 0x38E0, 0x38E0, 0x30C0, 0x2080, 0x2060, 0x2880, 0x30C0, 0x38E0, 0x38C0, 0x2880, 0x1860, 0x1840, 0x1840, 0x1840, 0x1840,
  0x2060, 0x2880, 0x2880, 0x2060, 0x1840, 0x1020, 0x1020, 0x1020, 0x1020, 0x0820, 0x0800, 0x0000, 0x0000, 0x0000, 0x0000, 0x0800,
  0x0000, 0x0000, 0x0000, 0x0000, 0x0000, 0x0820, 0x1881, 0x30E1, 0x4942, 0x5162, 0x5982, 0x5982, 0x59A2, 0x59C2, 0x61A2, 0x61A2,
  0x59A2, 0x5182, 0x4941, 0x3901, 0x3901, 0x4121, 0x4941, 0x5141, 0x4101, 0x30C0, 0x30C0, 0x30C0, 0x38E0, 0x38E0, 0x30C0, 0x30C0,
  0x30C0, 0x38E0, 0x38E0, 0x30C0, 0x2080, 0x2080, 0x30A0, 0x38E0, 0x40E0, 0x30A0, 0x2060, 0x1840, 0x1020, 0x1040, 0x1840, 0x2060,
  0x2880, 0x30C0, 0x30C0, 0x2880, 0x1840, 0x1020, 0x1020, 0x1040, 0x1020, 0x0820, 0x0800, 0x0000, 0x0000, 0x0800, 0x0800, 0x0820,
  0x0000, 0x0000, 0x0000, 0x0000, 0x0000, 0x0820, 0x1880, 0x3901, 0x5162, 0x61A2, 0x61A2, 0x5182, 0x5162, 0x5162, 0x5162, 0x59A2,
  0x61C2, 0x59C2, 0x5162, 0x4121, 0x4121, 0x4941, 0x5161, 0x5161, 0x4121, 0x30C1, 0x28A0, 0x30A0, 0x30C0, 0x30C0, 0x30A0, 0x30A0,
  0x30C0, 0x38E0, 0x38E0, 0x30A0, 0x2880, 0x28A0, 0x38E0, 0x40E0, 0x38C0, 0x2880, 0x1840, 0x1020, 0x1020, 0x1840, 0x1860, 0x2880,
  0x30A0, 0x38E0, 0x38C0, 0x30A0, 0x2080, 0x1860, 0x1840, 0x1040, 0x1020, 0x0800, 0x0000, 0x0000, 0x0000, 0x0800, 0x0820, 0x0820,
  0x0000, 0x0000, 0x0000, 0x0000, 0x0000, 0x0840, 0x2080, 0x3901, 0x5982, 0x69E3, 0x69E3, 0x59A2, 0x4962, 0x4121, 0x4121, 0x5162,
  0x61C2, 0x61C2, 0x5182, 0x4941, 0x4941, 0x5141, 0x5961, 0x5961, 0x4921, 0x30E1, 0x28A0, 0x30A0, 0x30C0, 0x30C0, 0x30C0, 0x30A0,
  0x30C0, 0x38E0, 0x38E0, 0x30C0, 0x30C0, 0x38E0, 0x4100, 0x40E0, 0x30A0, 0x2060, 0x1840, 0x1840, 0x1840, 0x2060, 0x2060, 0x2880,
  0x30A0, 0x38C0, 0x38C0, 0x30C0, 0x30A0, 0x2880, 0x2060, 0x1840, 0x1020, 0x0820, 0x0800, 0x0000, 0x0000, 0x0000, 0x0820, 0x0820,
  0x0000, 0x0000, 0x0000, 0x0000, 0x0020, 0x1040, 0x20A1, 0x3901, 0x5982, 0x69E3, 0x7203, 0x69E3, 0x5162, 0x3901, 0x30E1, 0x4121,
  0x5982, 0x61C2, 0x5982, 0x4941, 0x4921, 0x4941, 0x5961, 0x5982, 0x5141, 0x38E1, 0x30C0, 0x38C0, 0x38E0, 0x38E0, 0x38C0, 0x30C0,
  0x38C0, 0x38E0, 0x4100, 0x4100, 0x4100, 0x4921, 0x4921, 0x40E0, 0x30A0, 0x2880, 0x2060, 0x2060, 0x2060, 0x2060, 0x2060, 0x2060,
  0x2880, 0x28A0, 0x30A0, 0x30C0, 0x30A0, 0x28A0, 0x2080, 0x2060, 0x1860, 0x1840, 0x1020, 0x0820, 0x0800, 0x0800, 0x0820, 0x0820,
  0x0000, 0x0000, 0x0000, 0x0000, 0x0820, 0x1060, 0x28A1, 0x4101, 0x5182, 0x69E3, 0x7A23, 0x7203, 0x5982, 0x3901, 0x28C1, 0x30E1,
  0x4921, 0x5962, 0x5162, 0x4921, 0x4101, 0x4921, 0x5141, 0x5982, 0x5141, 0x4101, 0x38E0, 0x38E1, 0x4101, 0x4101, 0x38E1, 0x38C0,
  0x38E0, 0x40E0, 0x4900, 0x4921, 0x5141, 0x5161, 0x5141, 0x40E0, 0x30C0, 0x30A0, 0x30A0, 0x2880, 0x2880, 0x2060, 0x2060, 0x2060,
  0x2060, 0x2060, 0x2060, 0x2080, 0x2880, 0x2880, 0x2080, 0x2880, 0x2080, 0x2080, 0x1860, 0x1040, 0x1040, 0x1040, 0x1040, 0x1040,
  0x0000, 0x0000, 0x0000, 0x0000, 0x0820, 0x1860, 0x30E1, 0x4921, 0x5182, 0x61C2, 0x7203, 0x7203, 0x59A3, 0x4121, 0x28A1, 0x28A0,
  0x38E1, 0x4921, 0x4921, 0x4101, 0x38E1, 0x4101, 0x4921, 0x5161, 0x5141, 0x4101, 0x30C0, 0x38E1, 0x4101, 0x4101, 0x38E1, 0x38C0,
  0x38C0, 0x40E0, 0x40E0, 0x4920, 0x5141, 0x5141, 0x4921, 0x38E0, 0x38C0, 0x38C0, 0x38C0, 0x38C0, 0x3080, 0x2860, 0x2060, 0x1840,
  0x1840, 0x1020, 0x1020, 0x1040, 0x1040, 0x1840, 0x1860, 0x2060, 0x2060, 0x2060, 0x2060, 0x1860, 0x2060, 0x2060, 0x2060, 0x2060,
  0x0000, 0x0000, 0x0000, 0x0000, 0x0820, 0x2080, 0x3901, 0x5162, 0x5982, 0x61A2, 0x69C3, 0x69E3, 0x59A2, 0x4942, 0x30C1, 0x28A0,
  0x30C1, 0x38E1, 0x4101, 0x38E1, 0x38C0, 0x38C0, 0x4101, 0x5141, 0x4921, 0x38E1, 0x30A0, 0x30C0, 0x38E1, 0x4101, 0x4101, 0x38C0,
  0x38C0, 0x38C0, 0x38C0, 0x40E0, 0x4901, 0x4921, 0x40E0, 0x38C0, 0x38C0, 0x38E0, 0x38E0, 0x38C0, 0x30A0, 0x2880, 0x2060, 0x1840,
  0x1020, 0x0820, 0x0800, 0x0800, 0x0800, 0x0820, 0x0820, 0x1020, 0x1040, 0x1040, 0x1840, 0x1840, 0x1840, 0x1840, 0x1840, 0x1840,
  0x0000, 0x0000, 0x0000, 0x0000, 0x0820, 0x2080, 0x4121, 0x59A2, 0x69C2, 0x61A2, 0x61A2, 0x61A2, 0x5982, 0x4942, 0x3901, 0x30C1,
  0x30C1, 0x38C1, 0x38C0, 0x38C0, 0x30A0, 0x30C0, 0x40E0, 0x4921, 0x4901, 0x38C0, 0x2880, 0x28A0, 0x30C0, 0x4101, 0x4101, 0x4101,
  0x38C0, 0x30A0, 0x30A0, 0x30A0, 0x38C0, 0x38E0, 0x30C0, 0x28A0, 0x30A0, 0x30C0, 0x38C0, 0x38C0, 0x30A0, 0x30A0, 0x2060, 0x1840,
  0x1020, 0x0800, 0x0000, 0x0000, 0x0800, 0x0800, 0x0800, 0x0000, 0x0000, 0x0800, 0x0820, 0x1020, 0x1020, 0x1020, 0x1020, 0x1020,
  0x0000, 0x0000, 0x0000, 0x0000, 0x0820, 0x2080, 0x4121, 0x61C2, 0x7203, 0x69E2, 0x61A2, 0x5982, 0x5162, 0x5162, 0x4921, 0x4101,
  0x38E1, 0x30C1, 0x30C0, 0x30A0, 0x30A0, 0x30A0, 0x40E0, 0x4901, 0x4901, 0x30C0, 0x2080, 0x2080, 0x28A0, 0x4101, 0x5141, 0x5121,
  0x4100, 0x30C0, 0x2880, 0x2080, 0x28A0, 0x30A0, 0x2880, 0x2880, 0x2880, 0x2880, 0x30A0, 0x30A0, 0x30A0, 0x2880, 0x2060, 0x1840,
  0x1040, 0x0820, 0x0800, 0x0800, 0x0800, 0x0820, 0x0800, 0x0000, 0x0000, 0x0800, 0x0800, 0x0820, 0x0820, 0x0800, 0x0800, 0x0800,
  0x0000, 0x0000, 0x0000, 0x0000, 0x1040, 0x2080, 0x4121, 0x69C2, 0x7A23, 0x7A03, 0x69C2, 0x5962, 0x5142, 0x5142, 0x5142, 0x5142,
  0x4921, 0x38E1, 0x38C0, 0x30A0, 0x30A0, 0x30A0, 0x38E0, 0x4900, 0x40E1, 0x30A0, 0x2080, 0x2060, 0x28A0, 0x4101, 0x5141, 0x5961,
  0x5141, 0x38C0, 0x2060, 0x1860, 0x2080, 0x30A0, 0x2880, 0x2060, 0x2060, 0x2880, 0x2880, 0x2880, 0x2880, 0x2060, 0x2060, 0x1840,
  0x1040, 0x1020, 0x0800, 0x0800, 0x0820, 0x1020, 0x0820, 0x0800, 0x0800, 0x0820, 0x1020, 0x1020, 0x0820, 0x0800, 0x0800, 0x0800,
  0x0000, 0x0000, 0x0000, 0x0820, 0x1040, 0x28A1, 0x4121, 0x69C2, 0x8243, 0x8243, 0x7203, 0x5982, 0x4942, 0x4942, 0x5962, 0x5982,
  0x5962, 0x4921, 0x40E1, 0x30C0, 0x30A0, 0x30A0, 0x38C0, 0x40E0, 0x40E1, 0x30C0, 0x2880, 0x2080, 0x28A0, 0x40E0, 0x5141, 0x5981,
  0x5961, 0x4101, 0x2080, 0x1860, 0x2080, 0x30A0, 0x3080, 0x2860, 0x2060, 0x2060, 0x2060, 0x2060, 0x2060, 0x2060, 0x1860, 0x1840,
  0x1020, 0x1020, 0x1020, 0x1020, 0x1020, 0x1020, 0x0820, 0x0800, 0x0800, 0x0820, 0x0820, 0x0820, 0x0800, 0x0800, 0x0800, 0x0800,
  0x0000, 0x0000, 0x0000, 0x0820, 0x1860, 0x28A1, 0x4121, 0x61A2, 0x7A23, 0x8263, 0x7A23, 0x69C2, 0x5162, 0x4921, 0x5162, 0x61A2,
  0x61A2, 0x5962, 0x4921, 0x40E0, 0x30A0, 0x30A0, 0x38C0, 0x40E0, 0x40E0, 0x38C0, 0x30A0, 0x2880, 0x30A0, 0x38E0, 0x4921, 0x5981,
  0x5981, 0x4921, 0x28A0, 0x2080, 0x2880, 0x38A0, 0x30A0, 0x2860, 0x2060, 0x2060, 0x1840, 0x1840, 0x1840, 0x1840, 0x1840, 0x1040,
  0x1020, 0x1020, 0x1020, 0x1020, 0x1020, 0x1020, 0x0820, 0x0800, 0x0800, 0x0800, 0x0800, 0x0800, 0x0800, 0x0800, 0x0800, 0x0800,
  0x0000, 0x0000, 0x0000, 0x0820, 0x2080, 0x30E1, 0x4921, 0x5962, 0x71E3, 0x8243, 0x8243, 0x71E3, 0x5982, 0x4921, 0x4941, 0x5982,
  0x61A2, 0x61A2, 0x5961, 0x5121, 0x40E0, 0x38C0, 0x38C0, 0x38C0, 0x38C0, 0x38C0, 0x30C0, 0x30A0, 0x38A0, 0x40E0, 0x4921, 0x5961,
  0x5981, 0x4921, 0x38C0, 0x30A0, 0x38C0, 0x38C0, 0x30A0, 0x2860, 0x2040, 0x1840, 0x1020, 0x1020, 0x1840, 0x1840, 0x1020, 0x1020,
  0x1020, 0x1020, 0x1820, 0x1820, 0x1020, 0x1020, 0x1020, 0x0800, 0x0800, 0x0800, 0x0800, 0x0800, 0x0800, 0x0800, 0x0800, 0x0800,
  0x0000, 0x0000, 0x0000, 0x0840, 0x28A1, 0x4101, 0x5142, 0x5962, 0x69C2, 0x7203, 0x7A23, 0x7A03, 0x61A2, 0x4941, 0x4921, 0x5142,
  0x6182, 0x69A2, 0x69A2, 0x6181, 0x5121, 0x4901, 0x40E0, 0x38C0, 0x38C0, 0x38E1, 0x38E1, 0x38C0, 0x38C0, 0x40E0, 0x4921, 0x5161,
  0x5161, 0x4921, 0x40E1, 0x40E1, 0x40E1, 0x40E0, 0x30A0, 0x2860, 0x1840, 0x1020, 0x1020, 0x1020, 0x1020, 0x1020, 0x1020, 0x1020,
  0x1020, 0x1020, 0x1820, 0x1840, 0x1840, 0x1020, 0x1020, 0x0800, 0x0800, 0x0820, 0x0800, 0x0800, 0x0800, 0x0800, 0x0800, 0x0800,
  0x0000, 0x0000, 0x0020, 0x1040, 0x28C1, 0x4942, 0x6182, 0x6182, 0x6182, 0x69C2, 0x7203, 0x7203, 0x69C2, 0x5142, 0x4101, 0x4921,
  0x5162, 0x69A2, 0x71E2, 0x71C2, 0x6181, 0x5941, 0x4901, 0x40E0, 0x38C0, 0x38C0, 0x38E1, 0x38E0, 0x38C0, 0x40E0, 0x4900, 0x4921,
  0x4921, 0x4901, 0x4901, 0x40E1, 0x40E1, 0x40C0, 0x38A0, 0x2040, 0x1820, 0x1020, 0x1000, 0x1020, 0x1020, 0x1020, 0x1020, 0x1020,
  0x1020, 0x1020, 0x1020, 0x1820, 0x1840, 0x1840, 0x1020, 0x0820, 0x0800, 0x0800, 0x0800, 0x0820, 0x0800, 0x0800, 0x0800, 0x0800,
  0x0000, 0x0000, 0x0020, 0x1060, 0x30E1, 0x5962, 0x69C2, 0x69C2, 0x6182, 0x6182, 0x61C2, 0x71E3, 0x69C2, 0x5962, 0x4101, 0x4101,
  0x5141, 0x61A2, 0x71E2, 0x79E2, 0x71A2, 0x6981, 0x5941, 0x4901, 0x38E0, 0x38C1, 0x38E0, 0x38C0, 0x38C0, 0x38E0, 0x40E0, 0x4100,
  0x4900, 0x4900, 0x4900, 0x38E0, 0x38C0, 0x38C0, 0x3880, 0x2860, 0x1820, 0x1020, 0x1000, 0x1000, 0x1000, 0x0800, 0x0800, 0x0800,
  0x0800, 0x0800, 0x1020, 0x1020, 0x1840, 0x1840, 0x1020, 0x0820, 0x0800, 0x0800, 0x0800, 0x0800, 0x0800, 0x0800, 0x0800, 0x0000,
  0x0000, 0x0000, 0x0820, 0x1861, 0x30E1, 0x5982, 0x7203, 0x79E2, 0x69A2, 0x5982, 0x5982, 0x61A2, 0x61A2, 0x5962, 0x4921, 0x4101,
  0x4921, 0x61A2, 0x71E2, 0x71E2, 0x71C2, 0x71A2, 0x6981, 0x5941, 0x4901, 0x38E0, 0x38C0, 0x38C0, 0x38A0, 0x30A0, 0x38C0, 0x38C0,
  0x4900, 0x5100, 0x48E0, 0x38C0, 0x38A0, 0x40C0, 0x3880, 0x2860, 0x1840, 0x1820, 0x1020, 0x1020, 0x0800, 0x0800, 0x0800, 0x0800,
  0x0800, 0x0800, 0x0800, 0x0820, 0x1020, 0x1020, 0x1020, 0x1020, 0x1020, 0x1020, 0x0820, 0x0800, 0x0800, 0x0000, 0x0000, 0x0000,
  0x0000, 0x0000, 0x0820, 0x1881, 0x3901, 0x59A2, 0x7A03, 0x8223, 0x71E2, 0x6182, 0x5962, 0x5982, 0x5982, 0x5962, 0x5141, 0x4921,
  0x5142, 0x69A2, 0x71E2, 0x71C2, 0x71C2, 0x79C2, 0x79C2, 0x69A2, 0x5941, 0x4901, 0x40E0, 0x38C0, 0x30A0, 0x2880, 0x3080, 0x38C0,
  0x48E0, 0x5100, 0x48E0, 0x40C0, 0x40C0, 0x40C0, 0x38A0, 0x2860, 0x2040, 0x1840, 0x1820, 0x1020, 0x1000, 0x0800, 0x0800, 0x0800,
  0x0800, 0x0800, 0x0800, 0x0800, 0x0800, 0x1020, 0x1020, 0x1020, 0x1020, 0x1020, 0x1020, 0x0820, 0x0800, 0x0800, 0x0000, 0x0000,
  0x0000, 0x0020, 0x0840, 0x2081, 0x3921, 0x61A2, 0x7A03, 0x8223, 0x7A02, 0x69C2, 0x6182, 0x5162, 0x5162, 0x5962, 0x5162, 0x5162,
  0x6182, 0x71E3, 0x7A03, 0x71E2, 0x71C2, 0x79E2, 0x81E2, 0x79E2, 0x6982, 0x5941, 0x4901, 0x38C0, 0x30A0, 0x2880, 0x2880, 0x38A0,
  0x40E0, 0x4900, 0x48E0, 0x48E0, 0x48E0, 0x48E0, 0x38A0, 0x2880, 0x2860, 0x2860, 0x2040, 0x1820, 0x1020, 0x1000, 0x0800, 0x0800,
  0x0800, 0x0800, 0x0000, 0x0800, 0x0800, 0x1020, 0x1020, 0x1020, 0x1020, 0x0820, 0x0820, 0x0820, 0x0800, 0x0000, 0x0000, 0x0000,
  0x0000, 0x0020, 0x0840, 0x20A1, 0x4142, 0x61A2, 0x7202, 0x8223, 0x7A23, 0x71E2, 0x69A2, 0x5962, 0x5142, 0x5141, 0x5962, 0x5982,
  0x69C2, 0x7A23, 0x8223, 0x79E2, 0x71C2, 0x79C2, 0x81E2, 0x81E2, 0x79C2, 0x6981, 0x5121, 0x40E0, 0x38C0, 0x38C0, 0x38C0, 0x38C0,
  0x38C0, 0x40E0, 0x48E0, 0x5100, 0x5101, 0x48E0, 0x38A0, 0x3080, 0x3080, 0x3080, 0x2880, 0x2060, 0x1840, 0x1020, 0x1020, 0x1020,
  0x0800, 0x0800, 0x0800, 0x0800, 0x0800, 0x1020, 0x1020, 0x1020, 0x0820, 0x0800, 0x0800, 0x0800, 0x0000, 0x0000, 0x0000, 0x0000,
  0x0000, 0x0020, 0x0840, 0x28C1, 0x4962, 0x61C2, 0x7202, 0x7A23, 0x7A02, 0x7A02, 0x71E2, 0x6182, 0x5141, 0x5121, 0x5162, 0x5982,
  0x61A2, 0x7A23, 0x8223, 0x79E2, 0x71A2, 0x71A2, 0x79C2, 0x79E2, 0x79E2, 0x71A1, 0x5941, 0x48E1, 0x40E1, 0x40E1, 0x40E1, 0x40E1,
  0x38C1, 0x40E0, 0x5101, 0x5921, 0x5121, 0x40C0, 0x38A0, 0x3080, 0x3080, 0x38A0, 0x38A0, 0x2880, 0x2040, 0x2040, 0x1840, 0x1020,
  0x1020, 0x0820, 0x0820, 0x0820, 0x0820, 0x1020, 0x1020, 0x1020, 0x0820, 0x0820, 0x0820, 0x0800, 0x0800, 0x0000, 0x0000, 0x0000,
  0x0000, 0x0020, 0x1060, 0x28E1, 0x5182, 0x69E2, 0x7202, 0x7202, 0x7202, 0x71E2, 0x71E2, 0x61A2, 0x5121, 0x4901, 0x4921, 0x4942,
  0x5962, 0x69C2, 0x71E2, 0x71C2, 0x69A1, 0x71A1, 0x71A2, 0x79E2, 0x79E2, 0x71C1, 0x6161, 0x5101, 0x4901, 0x4901, 0x4901, 0x40E1,
  0x4101, 0x4901, 0x5941, 0x6161, 0x5121, 0x40C0, 0x3080, 0x3080, 0x3080, 0x38A0, 0x38A1, 0x3080, 0x2860, 0x2040, 0x1840, 0x1840,
  0x1040, 0x1020, 0x1020, 0x1020, 0x1020, 0x1020, 0x1020, 0x1020, 0x1020, 0x1020, 0x1020, 0x1020, 0x0820, 0x0800, 0x0800, 0x0000,
  0x0000, 0x0020, 0x1060, 0x30E1, 0x5982, 0x6A02, 0x7223, 0x7202, 0x69E2, 0x69E2, 0x71E2, 0x61A2, 0x5121, 0x40E1, 0x38E1, 0x38E1,
  0x4101, 0x5141, 0x6182, 0x6181, 0x6981, 0x6981, 0x71A2, 0x71C2, 0x71C1, 0x71A1, 0x6161, 0x5941, 0x5101, 0x4901, 0x40E1, 0x40E1,
  0x4901, 0x5921, 0x6961, 0x6961, 0x5921, 0x40C0, 0x3880, 0x3080, 0x3080, 0x3080, 0x3080, 0x3060, 0x2860, 0x2040, 0x1840, 0x1840,
  0x1840, 0x1840, 0x1040, 0x1020, 0x1020, 0x1020, 0x0820, 0x1020, 0x1020, 0x1020, 0x1020, 0x1020, 0x0820, 0x0820, 0x0820, 0x0800,
  0x0000, 0x0020, 0x1060, 0x3101, 0x59A2, 0x7222, 0x7223, 0x7202, 0x69E2, 0x61C2, 0x69C2, 0x61A2, 0x4921, 0x38C1, 0x30A0, 0x28A0,
  0x28C1, 0x38E1, 0x4921, 0x5941, 0x6161, 0x6981, 0x71A1, 0x69A1, 0x6981, 0x6981, 0x6961, 0x6141, 0x5121, 0x40E1, 0x30C1, 0x30C1,
  0x40E1, 0x5121, 0x6961, 0x7181, 0x6141, 0x48E0, 0x40A0, 0x38A0, 0x3080, 0x2860, 0x3060, 0x3060, 0x3060, 0x2040, 0x1820, 0x1020,
  0x1020, 0x1820, 0x1020, 0x1020, 0x1020, 0x0820, 0x0800, 0x0800, 0x0820, 0x0820, 0x0820, 0x0820, 0x0800, 0x0820, 0x0820, 0x0800,
  0x0000, 0x0020, 0x1860, 0x3901, 0x59A2, 0x7202, 0x7A23, 0x7202, 0x69C2, 0x61A2, 0x61A2, 0x5962, 0x4901, 0x30A0, 0x2080, 0x1860,
  0x2080, 0x28A0, 0x38C0, 0x4901, 0x5941, 0x6161, 0x69A1, 0x6181, 0x5941, 0x6141, 0x6961, 0x6161, 0x5941, 0x4101, 0x30A0, 0x2880,
  0x30A0, 0x48E1, 0x5941, 0x6961, 0x6961, 0x5900, 0x48C0, 0x38A0, 0x3080, 0x2860, 0x3060, 0x40A0, 0x40A0, 0x3060, 0x1840, 0x1020,
  0x1020, 0x1820, 0x1020, 0x1020, 0x1020, 0x0820, 0x0800, 0x0820, 0x0820, 0x0800, 0x0000, 0x0000, 0x0000, 0x0820, 0x0820, 0x0800,
  0x0000, 0x0820, 0x1880, 0x4121, 0x61C2, 0x7202, 0x7222, 0x7202, 0x61C2, 0x59A2, 0x5982, 0x5161, 0x4901, 0x30A0, 0x2060, 0x1040,
  0x1840, 0x2080, 0x30A0, 0x38C0, 0x4901, 0x5941, 0x6161, 0x5961, 0x5121, 0x5121, 0x6161, 0x6161, 0x6161, 0x4921, 0x30C1, 0x2080,
  0x2880, 0x38A0, 0x48E1, 0x6121, 0x7161, 0x6121, 0x48C0, 0x40A0, 0x3080, 0x3080, 0x40C0, 0x58E0, 0x58E0, 0x40A0, 0x2840, 0x1820,
  0x1840, 0x1840, 0x1020, 0x1020, 0x1020, 0x1020, 0x1020, 0x1020, 0x0820, 0x0800, 0x0000, 0x0000, 0x0000, 0x0000, 0x0800, 0x0800,
  0x0000, 0x0820, 0x2080, 0x4141, 0x61C1, 0x7202, 0x7202, 0x69E2, 0x61C2, 0x59A2, 0x5982, 0x5141, 0x4901, 0x38C0, 0x2060, 0x1040,
  0x1040, 0x1860, 0x2080, 0x30A0, 0x40C0, 0x5121, 0x5941, 0x5961, 0x4921, 0x5121, 0x5941, 0x6161, 0x6981, 0x5141, 0x30C0, 0x2880,
  0x2860, 0x3080, 0x38A0, 0x5101, 0x6941, 0x6121, 0x48C0, 0x40A0, 0x40A0, 0x48E1, 0x5921, 0x6941, 0x6121, 0x48C0, 0x3080, 0x2860,
  0x2860, 0x2040, 0x1840, 0x1840, 0x1840, 0x1840, 0x1020, 0x1020, 0x0800, 0x0800, 0x0000, 0x0000, 0x0000, 0x0000, 0x0000, 0x0000,
  0x0000, 0x0820, 0x20A0, 0x4961, 0x69E1, 0x7202, 0x7202, 0x69E2, 0x61A2, 0x59A2, 0x5982, 0x5141, 0x4901, 0x38C0, 0x2060, 0x1840,
  0x1040, 0x1840, 0x1840, 0x2060, 0x30A0, 0x40E0, 0x5121, 0x5141, 0x4921, 0x4921, 0x5121, 0x6161, 0x6981, 0x5941, 0x30C0, 0x2860,
  0x2860, 0x2860, 0x3080, 0x48C0, 0x6121, 0x5921, 0x48C0, 0x40A0, 0x48E1, 0x5921, 0x6141, 0x6121, 0x5901, 0x50E0, 0x48C0, 0x40A0,
  0x38A0, 0x3080, 0x2860, 0x2060, 0x2060, 0x2040, 0x1020, 0x0820, 0x0800, 0x0800, 0x0820, 0x0800, 0x0000, 0x0000, 0x0000, 0x0000,
  0x0000, 0x0820, 0x20A0, 0x5181, 0x7201, 0x7A22, 0x7222, 0x69E2, 0x61A2, 0x5982, 0x5982, 0x5961, 0x4921, 0x38E0, 0x2880, 0x1840,
  0x1040, 0x1040, 0x1040, 0x1840, 0x2060, 0x30A0, 0x4901, 0x5121, 0x4921, 0x4901, 0x5121, 0x6161, 0x6181, 0x5121, 0x30A0, 0x2060,
  0x2040, 0x2040, 0x2040, 0x3080, 0x5101, 0x5921, 0x48C0, 0x40A0, 0x48E0, 0x5101, 0x48E1, 0x40C0, 0x48C0, 0x5901, 0x5901, 0x58E1,
  0x50E1, 0x48E0, 0x40A0, 0x30A0, 0x3080, 0x2860, 0x1840, 0x1020, 0x0820, 0x1020, 0x1020, 0x0800, 0x0800, 0x0800, 0x0800, 0x0000,
  0x0000, 0x0840, 0x28C0, 0x5981, 0x7A21, 0x8242, 0x7A42, 0x71E1, 0x5981, 0x5982, 0x6181, 0x5981, 0x5141, 0x40E1, 0x30A0, 0x2060,
  0x1840, 0x1040, 0x1040, 0x1040, 0x1840, 0x2860, 0x38C0, 0x4901, 0x4901, 0x4921, 0x5141, 0x6161, 0x6182, 0x4921, 0x2880, 0x1840,
  0x1820, 0x1020, 0x1820, 0x2060, 0x48E1, 0x5921, 0x5101, 0x40C0, 0x48C0, 0x40C0, 0x2880, 0x2060, 0x3080, 0x48C0, 0x50E0, 0x5901,
  0x5901, 0x5901, 0x50E1, 0x48E1, 0x40E1, 0x38A0, 0x2880, 0x2060, 0x1860, 0x1860, 0x1840, 0x1020, 0x1020, 0x1020, 0x0820, 0x0800,
  0x0020, 0x0840, 0x28C0, 0x5981, 0x7A21, 0x8A81, 0x8A61, 0x7A22, 0x61A1, 0x5981, 0x69A1, 0x61A1, 0x5941, 0x4101, 0x30C0, 0x2880,
  0x2080, 0x2060, 0x1860, 0x1840, 0x1840, 0x2060, 0x30A0, 0x4101, 0x4901, 0x4900, 0x5141, 0x6181, 0x69C2, 0x5162, 0x30A1, 0x1840,
  0x1020, 0x1000, 0x0800, 0x1840, 0x40C1, 0x6141, 0x6141, 0x50E1, 0x48E0, 0x38C0, 0x2060, 0x1840, 0x2060, 0x3080, 0x3880, 0x40C0,
  0x50E0, 0x48E0, 0x48E1, 0x40E1, 0x40C1, 0x38C0, 0x2880, 0x2880, 0x28A0, 0x30A1, 0x2880, 0x2060, 0x2040, 0x1040, 0x1020, 0x0820,
  0x0020, 0x0840, 0x28C1, 0x5181, 0x7A21, 0x8A81, 0x92A2, 0x8242, 0x71E1, 0x69A1, 0x69C1, 0x69C1, 0x5961, 0x4901, 0x38C0, 0x30C0,
  0x30A0, 0x30C1, 0x2880, 0x2060, 0x2060, 0x2060, 0x30A0, 0x4101, 0x4101, 0x40E0, 0x4921, 0x6182, 0x71E2, 0x61A2, 0x38E1, 0x1840,
  0x1020, 0x0800, 0x0800, 0x1020, 0x38A0, 0x6141, 0x7181, 0x6141, 0x5101, 0x40C0, 0x2060, 0x1820, 0x1840, 0x1840, 0x2060, 0x3880,
  0x40A0, 0x3880, 0x3080, 0x2880, 0x2060, 0x2060, 0x1860, 0x2060, 0x28A1, 0x30A0, 0x3080, 0x3080, 0x2880, 0x2060, 0x1840, 0x1020,
  0x0020, 0x0840, 0x28C1, 0x5161, 0x7201, 0x8A81, 0x92A2, 0x8A82, 0x7A22, 0x71E1, 0x71E1, 0x71E2, 0x6181, 0x4921, 0x38E0, 0x38C0,
  0x40E1, 0x4101, 0x38C1, 0x30A0, 0x3080, 0x2880, 0x38C1, 0x4101, 0x40E1, 0x38C0, 0x4101, 0x5981, 0x71E2, 0x69A2, 0x4101, 0x2060,
  0x1020, 0x0800, 0x0000, 0x0820, 0x2880, 0x6161, 0x81C2, 0x7981, 0x6121, 0x48E1, 0x2860, 0x1840, 0x1840, 0x1840, 0x2860, 0x40A0,
  0x40A0, 0x3080, 0x2040, 0x1820, 0x1020, 0x1020, 0x1020, 0x1040, 0x1860, 0x2060, 0x2860, 0x3080, 0x30A0, 0x30A0, 0x28A0, 0x2080,
  0x0020, 0x1040, 0x28C1, 0x4961, 0x69E1, 0x8261, 0x92A2, 0x92A2, 0x8A62, 0x7A02, 0x7A02, 0x7A02, 0x69A1, 0x4921, 0x38E0, 0x38E0,
  0x4921, 0x5141, 0x4901, 0x40E0, 0x40E0, 0x40E1, 0x4901, 0x5141, 0x4101, 0x30C0, 0x38E1, 0x5141, 0x69C2, 0x61A2, 0x4901, 0x2880,
  0x1040, 0x0800, 0x0000, 0x0800, 0x2060, 0x6141, 0x9202, 0x89C2, 0x7161, 0x5101, 0x3080, 0x1840, 0x1020, 0x1840, 0x3060, 0x40A0,
  0x48C0, 0x38A0, 0x2040, 0x1020, 0x0820, 0x1020, 0x1840, 0x1040, 0x1020, 0x1840, 0x1840, 0x2060, 0x2880, 0x30A0, 0x38C0, 0x38C0,
  0x0020, 0x1040, 0x28E1, 0x4961, 0x61C1, 0x7A41, 0x8A82, 0x92A2, 0x9282, 0x8242, 0x8222, 0x8222, 0x71C2, 0x4941, 0x38E0, 0x38E1,
  0x4921, 0x5141, 0x5121, 0x5121, 0x5941, 0x5941, 0x5961, 0x5961, 0x5121, 0x38E0, 0x38E1, 0x5121, 0x5961, 0x5961, 0x4901, 0x30C0,
  0x2060, 0x1040, 0x0820, 0x0800, 0x2060, 0x5941, 0x9202, 0x9A02, 0x7981, 0x5101, 0x2880, 0x1840, 0x1020, 0x1840, 0x2860, 0x38A0,
  0x48C0, 0x40C0, 0x2860, 0x1820, 0x1040, 0x2060, 0x2060, 0x1840, 0x1840, 0x1860, 0x1860, 0x1840, 0x2060, 0x2880, 0x30A0, 0x30C0,
  0x0020, 0x1060, 0x30E1, 0x4961, 0x61C1, 0x7A21, 0x8A82, 0x9AC2, 0x92A2, 0x8A62, 0x8242, 0x8242, 0x7202, 0x5161, 0x38E1, 0x38E1,
  0x4921, 0x5121, 0x5921, 0x6141, 0x71A1, 0x71A2, 0x69A2, 0x69A2, 0x6181, 0x4901, 0x40E1, 0x4921, 0x5121, 0x5121, 0x4901, 0x4101,
  0x38C0, 0x2880, 0x1040, 0x0820, 0x2060, 0x5941, 0x9222, 0x9A22, 0x79A2, 0x50E1, 0x2860, 0x1840, 0x1020, 0x1840, 0x2060, 0x3080,
  0x48E0, 0x48C0, 0x2860, 0x2040, 0x2040, 0x2860, 0x2060, 0x1840, 0x1860, 0x2060, 0x1840, 0x1860, 0x2060, 0x2880, 0x2880, 0x30A0,
  0x0020, 0x1060, 0x3101, 0x5161, 0x61C1, 0x7A41, 0x92A2, 0x9AC2, 0x9AC2, 0x8A62, 0x8222, 0x8242, 0x7A22, 0x5981, 0x38E1, 0x38E1,
  0x4101, 0x4901, 0x5121, 0x6961, 0x79C2, 0x79C2, 0x71C2, 0x79C2, 0x71C2, 0x5941, 0x4901, 0x4901, 0x48E1, 0x40E1, 0x4901, 0x5141,
  0x5121, 0x38C0, 0x2880, 0x1860, 0x30A1, 0x6982, 0x9202, 0x91E2, 0x7982, 0x48E1, 0x2860, 0x1840, 0x2040, 0x2060, 0x2060, 0x2880,
  0x40C0, 0x40A0, 0x2860, 0x2040, 0x2040, 0x2040, 0x2040, 0x1840, 0x1840, 0x1840, 0x1840, 0x2060, 0x2880, 0x2880, 0x30A0, 0x4101,
  0x0020, 0x1060, 0x3901, 0x5181, 0x69E1, 0x8262, 0x92C2, 0xA302, 0x9AE2, 0x8A62, 0x8222, 0x8242, 0x7A22, 0x5982, 0x3901, 0x3901,
  0x38E1, 0x40E1, 0x4901, 0x6161, 0x79E2, 0x79C2, 0x71A2, 0x8202, 0x7A02, 0x6161, 0x5100, 0x5100, 0x40C0, 0x38C0, 0x4901, 0x5961,
  0x6161, 0x5121, 0x40E0, 0x38E1, 0x5121, 0x7182, 0x7182, 0x7181, 0x7161, 0x48E1, 0x2860, 0x2060, 0x2880, 0x2880, 0x2060, 0x2060,
  0x3080, 0x2860, 0x1840, 0x1820, 0x1840, 0x2040, 0x2060, 0x2860, 0x2060, 0x1840, 0x1840, 0x2080, 0x2880, 0x2880, 0x30C1, 0x4121,
  0x0020, 0x1060, 0x3921, 0x59A2, 0x6A01, 0x8AA2, 0xA322, 0xAB63, 0xA302, 0x8A62, 0x7A22, 0x7A22, 0x7A22, 0x5982, 0x4101, 0x3901,
  0x38E1, 0x38C0, 0x40E1, 0x6161, 0x71A2, 0x71A1, 0x71A2, 0x8223, 0x8222, 0x6981, 0x5920, 0x5100, 0x40C0, 0x38C0, 0x48E0, 0x5141,
  0x5941, 0x5941, 0x5941, 0x6161, 0x6162, 0x5921, 0x48E1, 0x50E1, 0x5921, 0x40C0, 0x2880, 0x2860, 0x3080, 0x2860, 0x1840, 0x1840,
  0x2040, 0x1840, 0x1020, 0x1020, 0x1820, 0x2040, 0x2880, 0x30A0, 0x2860, 0x1840, 0x1860, 0x2060, 0x1840, 0x2060, 0x30C1, 0x30E1,
  0x0020, 0x1060, 0x3921, 0x59C2, 0x7242, 0x92E2, 0xB3A3, 0xB3C4, 0xA323, 0x8A62, 0x7A22, 0x7A22, 0x7202, 0x5981, 0x4101, 0x38E1,
  0x30C1, 0x30C0, 0x40E1, 0x5941, 0x6181, 0x6181, 0x71A2, 0x8243, 0x8223, 0x6981, 0x6141, 0x5920, 0x48E0, 0x40C0, 0x48E0, 0x5101,
  0x5121, 0x5941, 0x6981, 0x6982, 0x5121, 0x3080, 0x2040, 0x3080, 0x38A0, 0x38A0, 0x3080, 0x2860, 0x3080, 0x2860, 0x1840, 0x1820,
  0x1820, 0x1820, 0x1020, 0x1020, 0x1020, 0x1840, 0x2060, 0x2880, 0x2040, 0x1020, 0x1020, 0x1020, 0x1840, 0x2880, 0x38E1, 0x30E1,
  0x0020, 0x1860, 0x3921, 0x61C2, 0x7A62, 0xA322, 0xC404, 0xC425, 0xAB63, 0x8A82, 0x8222, 0x7A22, 0x71E2, 0x5161, 0x4101, 0x30E1,
  0x30C1, 0x30C1, 0x38E1, 0x4921, 0x5941, 0x6161, 0x69A2, 0x8222, 0x79E2, 0x69A1, 0x6981, 0x6961, 0x5920, 0x50E0, 0x5100, 0x5121,
  0x5121, 0x5921, 0x6161, 0x5941, 0x30A0, 0x1820, 0x1020, 0x1840, 0x2060, 0x3080, 0x3080, 0x2880, 0x2880, 0x2060, 0x2040, 0x1840,
  0x1840, 0x1840, 0x1840, 0x1020, 0x1020, 0x1020, 0x1840, 0x1840, 0x1020, 0x0820, 0x0820, 0x1020, 0x1840, 0x28A0, 0x4121, 0x3901,
  0x0020, 0x1860, 0x4121, 0x61C2, 0x8282, 0xAB63, 0xCC65, 0xCCA6, 0xAB83, 0x9282, 0x8262, 0x8243, 0x69C2, 0x5161, 0x4101, 0x38C1,
  0x38C1, 0x30C1, 0x38E1, 0x4101, 0x5121, 0x5141, 0x6981, 0x71C2, 0x69A2, 0x69A1, 0x71C1, 0x79A1, 0x6961, 0x6141, 0x6141, 0x6141,
  0x5921, 0x5101, 0x5101, 0x38A0, 0x1840, 0x0820, 0x0800, 0x0800, 0x1040, 0x2880, 0x30A0, 0x3080, 0x2860, 0x2040, 0x2060, 0x2060,
  0x2060, 0x2040, 0x1840, 0x1020, 0x1020, 0x1020, 0x1040, 0x1020, 0x0800, 0x0800, 0x0820, 0x1840, 0x2060, 0x30A0, 0x4101, 0x28A0,
  0x0020, 0x1880, 0x4121, 0x61C2, 0x8282, 0xB383, 0xD4A6, 0x69C2, 0xB3A4, 0x92A2, 0x8A83, 0x8263, 0x69E2, 0x5961, 0x4921, 0x38E1,
  0x38C1, 0x38C1, 0x38C1, 0x38E1, 0x40E1, 0x4921, 0x5961, 0x6181, 0x6161, 0x6981, 0x79C1, 0x81E1, 0x79C1, 0x7181, 0x71A1, 0x6981,
  0x5921, 0x48E0, 0x38A0, 0x2060, 0x0820, 0x0800, 0x0800, 0x0800, 0x1020, 0x2060, 0x28A0, 0x30A1, 0x2880, 0x2060, 0x2860, 0x2860,
  0x1840, 0x1840, 0x1840, 0x1020, 0x1020, 0x1020, 0x1020, 0x0820, 0x0000, 0x0000, 0x0820, 0x1840, 0x2060, 0x3901, 0x3901, 0x1860,
  0x0020, 0x1880, 0x4121, 0x59C2, 0x8282, 0xB3A3, 0x69C2, 0x61A2, 0xAB84, 0x9282, 0x8AA3, 0x8A83, 0x7202, 0x61A2, 0x5961, 0x4921,
  0x40E1, 0x38C0, 0x30A0, 0x30A0, 0x30A0, 0x38E1, 0x4921, 0x5141, 0x5121, 0x5941, 0x71A1, 0x81E1, 0x81E1, 0x81E2, 0x81E2, 0x71A1,
  0x5901, 0x40C0, 0x3080, 0x1840, 0x0800, 0x0000, 0x0800, 0x0800, 0x0800, 0x1020, 0x2060, 0x30A0, 0x3080, 0x2880, 0x2860, 0x2060,
  0x1020, 0x1840, 0x1840, 0x1840, 0x1040, 0x1020, 0x0820, 0x0000, 0x0000, 0x0800, 0x0800, 0x1040, 0x30A0, 0x4941, 0x38E1, 0x2060,
  0x0020, 0x1880, 0x4141, 0x59C2, 0x8282, 0xB3A3, 0x5982, 0x5982, 0xAB64, 0x8A82, 0x8A83, 0x8283, 0x7A22, 0x7A22, 0x69E2, 0x5961,
  0x4901, 0x38C0, 0x30A0, 0x2880, 0x2080, 0x28A0, 0x38E1, 0x4101, 0x4101, 0x4901, 0x6181, 0x79C1, 0x79C1, 0x8202, 0x8202, 0x7181,
  0x5921, 0x48E0, 0x38A0, 0x1840, 0x0800, 0x0000, 0x0800, 0x0800, 0x1000, 0x0820, 0x1040, 0x2060, 0x2880, 0x30A0, 0x2880, 0x2060,
  0x1840, 0x1840, 0x1840, 0x1840, 0x1020, 0x1020, 0x0820, 0x0000, 0x0000, 0x0800, 0x1020, 0x1860, 0x38E1, 0x4941, 0x40E1, 0x5121,
  0x0020, 0x20A1, 0x4141, 0x59C2, 0x8282, 0xAB83, 0xD4A6, 0xCCA6, 0xA343, 0x8262, 0x7A42, 0x8262, 0x8262, 0x8A82, 0x8A62, 0x69C1,
  0x5121, 0x38C0, 0x3080, 0x2060, 0x1840, 0x1860, 0x2080, 0x30C1, 0x38C1, 0x40E0, 0x5941, 0x71A1, 0x71C1, 0x79C2, 0x71C2, 0x6981,
  0x6141, 0x5921, 0x40E0, 0x2060, 0x1020, 0x0800, 0x0820, 0x1020, 0x1020, 0x0800, 0x0820, 0x1840, 0x2860, 0x3080, 0x30A0, 0x2880,
  0x2060, 0x2060, 0x1840, 0x1840, 0x1040, 0x0820, 0x0800, 0x0000, 0x0820, 0x1020, 0x2060, 0x38E1, 0x5161, 0x61A2, 0x69A1, 0x71C2,
  0x0820, 0x20A1, 0x4962, 0x61C2, 0x8282, 0xAB83, 0xCCA6, 0xCC86, 0xA323, 0x7A22, 0x7202, 0x7A22, 0x8A82, 0xA303, 0x9AE2, 0x8222,
  0x6181, 0x40E0, 0x30A0, 0x2060, 0x1040, 0x1020, 0x1860, 0x28A0, 0x30C0, 0x40E0, 0x5941, 0x71A1, 0x71C2, 0x71C2, 0x6981, 0x6981,
  0x6981, 0x6981, 0x5121, 0x38A0, 0x2060, 0x1020, 0x1020, 0x1840, 0x1840, 0x1020, 0x1020, 0x1020, 0x1840, 0x2060, 0x28A0, 0x30A1,
  0x30A1, 0x28A0, 0x2060, 0x1860, 0x1020, 0x0820, 0x0820, 0x1040, 0x1860, 0x28A1, 0x4121, 0x61A2, 0x79E2, 0x71C2, 0x6981, 0x5941,
  0x0820, 0x20C1, 0x4982, 0x61E2, 0x8282, 0xAB83, 0xCCA5, 0xCCA6, 0xA323, 0x7A01, 0x61A1, 0x69E2, 0x92A2, 0xAB23, 0xAB43, 0x9AA2,
  0x79E1, 0x5141, 0x40E1, 0x30A0, 0x1840, 0x0820, 0x1040, 0x2880, 0x30C0, 0x40E0, 0x5941, 0x71A1, 0x8202, 0x71C2, 0x6181, 0x6981,
  0x71A1, 0x71A1, 0x6141, 0x5101, 0x38C0, 0x2860, 0x2040, 0x1840, 0x1840, 0x1020, 0x1020, 0x1020, 0x0820, 0x1020, 0x2060, 0x30C1,
  0x38E1, 0x30C1, 0x30A0, 0x2080, 0x2060, 0x1860, 0x1860, 0x28C1, 0x4141, 0x5982, 0x71E2, 0x79E2, 0x6181, 0x4901, 0x38C0, 0x48E1,
  0x0820, 0x28C1, 0x51A2, 0x6A02, 0x8AA2, 0xAB83, 0xCCA5, 0xD4C6, 0xAB43, 0x71E1, 0x5161, 0x61A1, 0x8A82, 0xAB23, 0xB363, 0xA302,
  0x8A62, 0x69A1, 0x5121, 0x38E1, 0x2080, 0x1840, 0x1860, 0x28A0, 0x30C0, 0x40C0, 0x5921, 0x71C1, 0x8202, 0x71C2, 0x5961, 0x6161,
  0x6981, 0x6961, 0x6141, 0x6141, 0x5121, 0x38C1, 0x2880, 0x2060, 0x1840, 0x1020, 0x0820, 0x0800, 0x0800, 0x0800, 0x1040, 0x2080,
  0x28A1, 0x28A1, 0x30C1, 0x30C1, 0x30C1, 0x30C1, 0x38E1, 0x5162, 0x69E2, 0x69E2, 0x6181, 0x5121, 0x4901, 0x40E1, 0x38C0, 0x6141,
  0x0820, 0x28E1, 0x51A2, 0x7222, 0x8AA2, 0xAB83, 0xD4A5, 0xD4E6, 0xAB83, 0x7201, 0x5141, 0x5981, 0x8242, 0xA2E2, 0xAB22, 0xAB22,
  0x9AC2, 0x7A02, 0x61A2, 0x4941, 0x30C1, 0x28A0, 0x28A0, 0x30C0, 0x38E1, 0x40E0, 0x5921, 0x71A2, 0x7A02, 0x69A2, 0x5141, 0x5941,
  0x6161, 0x5941, 0x5921, 0x5941, 0x5941, 0x4901, 0x40C0, 0x3080, 0x2040, 0x1020, 0x0800, 0x0800, 0x0800, 0x0800, 0x0820, 0x1020,
  0x1040, 0x1840, 0x2060, 0x2880, 0x28A0, 0x30A1, 0x38E1, 0x5141, 0x5141, 0x4101, 0x30C0, 0x40E1, 0x4901, 0x4901, 0x5921, 0x6961,
  0x0820, 0x28E1, 0x59A2, 0x7242, 0x92C2, 0xB383, 0xD4C5, 0xDD06, 0xB3E4, 0x7A42, 0x5161, 0x6181, 0x7A21, 0x8A62, 0x9AC2, 0xAB02,
  0xA2E2, 0x8A62, 0x7202, 0x5981, 0x4921, 0x4121, 0x40E1, 0x4101, 0x4901, 0x4901, 0x5941, 0x69A2, 0x71C2, 0x5962, 0x4921, 0x5121,
  0x5941, 0x5101, 0x48E1, 0x4901, 0x5121, 0x5101, 0x4901, 0x40C0, 0x3080, 0x1840, 0x1020, 0x0800, 0x0800, 0x0800, 0x0800, 0x0800,
  0x0820, 0x0820, 0x1020, 0x1040, 0x1840, 0x2040, 0x2880, 0x38C1, 0x30C0, 0x2080, 0x2880, 0x38C1, 0x5141, 0x71A1, 0x79C1, 0x6941,
  0x0840, 0x28E1, 0x59C2, 0x7242, 0x92C2, 0xAB83, 0xD4A5, 0xE546, 0xC444, 0x82A2, 0x59A1, 0x69C1, 0x71E1, 0x7201, 0x8241, 0x9AC2,
  0xA2E2, 0x9AC2, 0x8242, 0x69E2, 0x61A1, 0x6181, 0x5141, 0x4921, 0x5141, 0x5141, 0x5941, 0x6182, 0x6182, 0x4921, 0x40E1, 0x4921,
  0x4921, 0x4101, 0x30A1, 0x38C1, 0x40E1, 0x48E1, 0x4901, 0x48E1, 0x40C0, 0x28A0, 0x1860, 0x0820, 0x0800, 0x0800, 0x0800, 0x0820,
  0x1020, 0x0820, 0x0820, 0x0820, 0x1020, 0x1840, 0x2060, 0x30C1, 0x28A0, 0x1840, 0x2060, 0x40E1, 0x79E2, 0x9202, 0x7161, 0x48C0,
  0x0840, 0x28E1, 0x59A2, 0x7242, 0x92C2, 0xAB63, 0xD4A5, 0xE566, 0xCCC5, 0x9344, 0x7222, 0x7202, 0x71E1, 0x61A1, 0x69C1, 0x8A62,
  0x9AA2, 0x9AC2, 0x8A82, 0x7A22, 0x7A22, 0x71E2, 0x5961, 0x5141, 0x5141, 0x5121, 0x5121, 0x5141, 0x4921, 0x38C1, 0x30A0, 0x30C1,
  0x4101, 0x38E1, 0x2880, 0x2880, 0x30A0, 0x38C0, 0x40C0, 0x48E1, 0x4901, 0x40C0, 0x2880, 0x1840, 0x1040, 0x1040, 0x1020, 0x1020,
  0x1020, 0x1020, 0x1020, 0x1020, 0x1020, 0x1840, 0x2880, 0x30C0, 0x2060, 0x1840, 0x2880, 0x5941, 0x81E2, 0x7181, 0x5901, 0x30A0,
  0x0840, 0x30E1, 0x59A2, 0x7242, 0x92A2, 0xAB42, 0xCC84, 0xED86, 0xDD67, 0xAC06, 0x8AC3, 0x8A82, 0x7202, 0x5141, 0x5961, 0x7A01,
  0x9262, 0x9AA2, 0x8A62, 0x8222, 0x8242, 0x7A02, 0x5961, 0x4921, 0x4101, 0x38E0, 0x38C0, 0x30C0, 0x28A1, 0x2080, 0x1860, 0x2080,
  0x30C1, 0x30C1, 0x1860, 0x2060, 0x2880, 0x3080, 0x30A0, 0x40C0, 0x40E0, 0x40C0, 0x38A0, 0x3080, 0x30A0, 0x2880, 0x1840, 0x1020,
  0x1040, 0x1840, 0x1840, 0x1840, 0x2080, 0x2880, 0x28A0, 0x30A0, 0x30A0, 0x40E1, 0x5941, 0x7181, 0x6961, 0x6141, 0x6161, 0x38C0,
  0x0840, 0x3101, 0x59A2, 0x7242, 0x8AA2, 0xA322, 0xCC64, 0xED86, 0xE5C8, 0xC4E8, 0xA385, 0x9AE3, 0x7A22, 0x5141, 0x5141, 0x71C1,
  0x8242, 0x8A82, 0x8222, 0x7A02, 0x8242, 0x71C2, 0x5141, 0x40E1, 0x30C0, 0x2880, 0x2060, 0x1860, 0x1840, 0x1040, 0x0820, 0x1040,
  0x30C1, 0x28A0, 0x1840, 0x1840, 0x2060, 0x2060, 0x2880, 0x30A0, 0x38A0, 0x38A0, 0x40C0, 0x48E1, 0x4901, 0x40C1, 0x3080, 0x2060,
  0x1840, 0x1840, 0x2060, 0x2880, 0x4101, 0x38E1, 0x30C0, 0x4101, 0x61A1, 0x8222, 0x8202, 0x6161, 0x40E1, 0x4901, 0x4901, 0x2080,
  0x0840, 0x3101, 0x59C2, 0x7242, 0x92A2, 0xA302, 0xC444, 0xE586, 0xEE4A, 0xD5AB, 0xBC46, 0xA343, 0x8262, 0x5981, 0x5961, 0x71C1,
  0x8222, 0x8242, 0x69C2, 0x71E1, 0x7A02, 0x69A1, 0x4921, 0x38E1, 0x30A0, 0x2060, 0x1040, 0x0820, 0x1020, 0x0820, 0x0800, 0x1040,
  0x30C1, 0x2880, 0x1040, 0x1040, 0x1840, 0x1840, 0x2060, 0x2880, 0x30A0, 0x38A0, 0x4901, 0x5941, 0x5941, 0x48E1, 0x40A0, 0x3080,
  0x2060, 0x1860, 0x30A0, 0x5941, 0x69C2, 0x5142, 0x4101, 0x5161, 0x7A02, 0x7A02, 0x5961, 0x30A0, 0x2060, 0x2060, 0x2060, 0x1040,
  0x0840, 0x3901, 0x61C2, 0x7A62, 0x92A2, 0xA302, 0xC424, 0xE586, 0x28A0, 0x30A0, 0xCCC8, 0xAB83, 0x8262, 0x61A1, 0x6181, 0x7A02,
  0x8242, 0x7202, 0x5981, 0x69C1, 0x7A02, 0x6181, 0x4921, 0x40E1, 0x30C1, 0x2080, 0x1020, 0x0820, 0x0820, 0x0820, 0x0820, 0x1860,
  0x38E1, 0x28A0, 0x1840, 0x1840, 0x1040, 0x1020, 0x1840, 0x2880, 0x2880, 0x38C0, 0x5941, 0x69A2, 0x6161, 0x48E0, 0x40C0, 0x40C0,
  0x2880, 0x28A0, 0x5961, 0x8223, 0x7A03, 0x4921, 0x30C1, 0x38E1, 0x4101, 0x4101, 0x28A0, 0x2060, 0x2060, 0x2060, 0x1040, 0x0820,
  0x1040, 0x3921, 0x61E2, 0x8262, 0x92C2, 0xA322, 0xC404, 0xE566, 0x30C0, 0x38C0, 0xD528, 0xAB84, 0x8A62, 0x69C1, 0x69C1, 0x8222,
  0x8242, 0x69E2, 0x5161, 0x69C1, 0x7A02, 0x69A1, 0x5141, 0x4921, 0x4101, 0x28A0, 0x1840, 0x1040, 0x1040, 0x1020, 0x1020, 0x2880,
  0x4101, 0x30C1, 0x2060, 0x2060, 0x1840, 0x1840, 0x2080, 0x30A0, 0x30A0, 0x40E1, 0x6181, 0x71C2, 0x6161, 0x40C0, 0x40C0, 0x40C0,
  0x2880, 0x30C0, 0x61A2, 0x7A02, 0x6182, 0x30C0, 0x2060, 0x1860, 0x2080, 0x2080, 0x1860, 0x2060, 0x28A0, 0x2080, 0x1040, 0x1040,
  0x1040, 0x3922, 0x6202, 0x8283, 0x9AE2, 0xA322, 0xBBE3, 0xE546, 0x4101, 0x4101, 0xDD48, 0xAB63, 0x8262, 0x69C1, 0x69C2, 0x7A22,
  0x7A22, 0x61C2, 0x5961, 0x79E1, 0x8A42, 0x7A02, 0x69A1, 0x5961, 0x5141, 0x38E1, 0x28A0, 0x2080, 0x2080, 0x1860, 0x1860, 0x30C1,
  0x4921, 0x38C1, 0x2880, 0x2060, 0x1860, 0x1860, 0x2880, 0x30A0, 0x30A0, 0x48E1, 0x6181, 0x71A2, 0x5941, 0x38C0, 0x30A0, 0x30A0,
  0x2060, 0x2080, 0x4101, 0x5141, 0x4901, 0x28A0, 0x1860, 0x1860, 0x2080, 0x1860, 0x1840, 0x2080, 0x2080, 0x1860, 0x1040, 0x1040,
  0x1060, 0x3942, 0x6A02, 0x8283, 0x9AE3, 0xAB42, 0xBBE3, 0xDD25, 0xF68B, 0x4921, 0xD548, 0xA343, 0x7A22, 0x5981, 0x61A1, 0x7202,
  0x7202, 0x61A2, 0x6181, 0x8222, 0x9282, 0x9282, 0x8222, 0x71E2, 0x61A1, 0x4941, 0x4101, 0x4101, 0x40E0, 0x30A0, 0x30C0, 0x4901,
  0x5141, 0x38C0, 0x2060, 0x1860, 0x1040, 0x1840, 0x1860, 0x2060, 0x28A0, 0x40E1, 0x5141, 0x5941, 0x4901, 0x2880, 0x1860, 0x1840,
  0x1020, 0x1020, 0x2080, 0x4901, 0x5121, 0x30A1, 0x2080, 0x30C1, 0x40E1, 0x30C0, 0x2080, 0x2080, 0x1860, 0x1020, 0x1040, 0x1880,
  0x1060, 0x4142, 0x61E2, 0x8283, 0x9AE3, 0xAB43, 0xBBC3, 0xDCE4, 0xF64A, 0xF6AC, 0xD507, 0x9B03, 0x69E1, 0x4941, 0x5161, 0x61A1,
  0x61A1, 0x61A2, 0x69C1, 0x8242, 0x92A2, 0xA2E2, 0x92A2, 0x8242, 0x71E2, 0x5981, 0x5961, 0x6181, 0x5961, 0x4921, 0x5141, 0x5961,
  0x5121, 0x30A0, 0x1840, 0x1020, 0x0820, 0x1020, 0x1020, 0x1840, 0x2880, 0x38C1, 0x38C0, 0x40C0, 0x28A0, 0x1840, 0x1020, 0x0820,
  0x0820, 0x0820, 0x2880, 0x5961, 0x5961, 0x28A1, 0x28A1, 0x5962, 0x71C2, 0x5961, 0x4101, 0x2880, 0x1020, 0x0820, 0x1060, 0x20A1,
  0x1060, 0x4142, 0x61C2, 0x7A63, 0x92E3, 0xAB42, 0xBBA2, 0xD4A3, 0xEDE8, 0xF66A, 0xCCC6, 0x92C3, 0x61A1, 0x38E1, 0x4101, 0x4941,
  0x5161, 0x6181, 0x71E1, 0x8222, 0x8A62, 0xAB03, 0xA2E3, 0x8A62, 0x7202, 0x69A1, 0x69C1, 0x71E1, 0x69A1, 0x61A1, 0x69A1, 0x6181,
  0x5120, 0x38C0, 0x2060, 0x1020, 0x1020, 0x1020, 0x1840, 0x2040, 0x2880, 0x2880, 0x2860, 0x2880, 0x1860, 0x1020, 0x0800, 0x0800,
  0x0800, 0x1040, 0x40E1, 0x69A2, 0x5961, 0x2880, 0x30C1, 0x71C2, 0x8A43, 0x69C2, 0x4121, 0x1860, 0x0820, 0x0820, 0x1880, 0x28C1,
  0x1060, 0x3922, 0x59A2, 0x7222, 0x8AA2, 0xA322, 0xB382, 0xCC63, 0xE586, 0xE5C8, 0xC445, 0x8A82, 0x5161, 0x30C0, 0x38E1, 0x4101,
  0x4121, 0x5981, 0x71E2, 0x71E2, 0x8222, 0xAB03, 0x9AC3, 0x8242, 0x71E2, 0x71E1, 0x7A02, 0x7A02, 0x79E2, 0x71E2, 0x71C1, 0x69A1,
  0x6161, 0x5120, 0x30C0, 0x2060, 0x1840, 0x2060, 0x2060, 0x2860, 0x2060, 0x2060, 0x2060, 0x2880, 0x1860, 0x0820, 0x0000, 0x0000,
  0x0800, 0x2060, 0x5961, 0x79E2, 0x5141, 0x2080, 0x30C1, 0x69C2, 0x71E2, 0x4941, 0x28A0, 0x1040, 0x0820, 0x0840, 0x1880, 0x28E1,
  0x1060, 0x3922, 0x5182, 0x69E2, 0x8282, 0x9AE2, 0xAB42, 0xC402, 0xDD05, 0xDD26, 0xB3E4, 0x8242, 0x4921, 0x28A0, 0x38E1, 0x4121,
  0x4121, 0x5981, 0x71E2, 0x69C1, 0x7A22, 0xA2E3, 0x92A3, 0x7A02, 0x71E1, 0x71E2, 0x7A02, 0x8222, 0x8222, 0x7A02, 0x71E1, 0x71C1,
  0x79C1, 0x71C1, 0x5141, 0x3901, 0x30C0, 0x30C0, 0x30A0, 0x2880, 0x2060, 0x2060, 0x2060, 0x2080, 0x1840, 0x0820, 0x0800, 0x0800,
  0x0820, 0x28A0, 0x69C2, 0x8222, 0x5961, 0x28A1, 0x30C1, 0x4101, 0x38E1, 0x20A0, 0x1860, 0x1040, 0x0820, 0x1040, 0x1881, 0x2901,
  0x1060, 0x3922, 0x5162, 0x61A2, 0x7A22, 0x8AA2, 0xA302, 0xBBA2, 0xCC64, 0xC465, 0xA363, 0x7A02, 0x4921, 0x30C1, 0x4121, 0x5141,
  0x5141, 0x61A1, 0x71E2, 0x69A1, 0x7A22, 0x9283, 0x8A63, 0x71E2, 0x69C1, 0x69C1, 0x7A02, 0x8A42, 0x8A62, 0x8242, 0x8202, 0x8201,
  0x8A41, 0x8242, 0x69C2, 0x61A1, 0x6181, 0x5961, 0x4921, 0x38E0, 0x30C0, 0x28A0, 0x2080, 0x2060, 0x1840, 0x1020, 0x0820, 0x1020,
  0x1040, 0x30A0, 0x69C2, 0x8222, 0x5141, 0x30E1, 0x30C1, 0x20A0, 0x1860, 0x1860, 0x1860, 0x1040, 0x0840, 0x1060, 0x20A1, 0x3102,
  0x1060, 0x3921, 0x4941, 0x5981, 0x69E1, 0x8242, 0x92A1, 0xAB22, 0xB3C3, 0xABA3, 0x92E3, 0x7202, 0x4941, 0x4101, 0x5162, 0x61A2,
  0x6182, 0x69C2, 0x71E2, 0x69C1, 0x71E2, 0x7A22, 0x7A22, 0x69C2, 0x5981, 0x5981, 0x7202, 0x8A82, 0x9AA2, 0x9262, 0x8222, 0x8201,
  0x8A62, 0x8A62, 0x7A02, 0x8222, 0x8242, 0x8222, 0x69A1, 0x61A1, 0x5961, 0x4901, 0x38C0, 0x28A0, 0x2880, 0x2080, 0x2060, 0x2080,
  0x2080, 0x30C1, 0x69C2, 0x71E2, 0x4941, 0x3922, 0x30E1, 0x1860, 0x1040, 0x1040, 0x1860, 0x1040, 0x0840, 0x1060, 0x28E1, 0x2902,
  0x1060, 0x3921, 0x4941, 0x5161, 0x61A1, 0x7201, 0x8A61, 0x9AE2, 0xA322, 0x92E2, 0x8A82, 0x7202, 0x5161, 0x5161, 0x61A2, 0x71E2,
  0x71E2, 0x71E2, 0x71C1, 0x69A1, 0x61A1, 0x6181, 0x61C2, 0x5981, 0x4921, 0x4941, 0x69C2, 0x8262, 0x92A2, 0x8A62, 0x7A02, 0x79E1,
  0x8242, 0x7A02, 0x71E2, 0x8A62, 0x92A3, 0x8A62, 0x7A02, 0x71E2, 0x69A1, 0x6161, 0x5121, 0x4100, 0x4101, 0x4101, 0x4101, 0x4101,
  0x4101, 0x4941, 0x69C2, 0x69A2, 0x4962, 0x4142, 0x28C1, 0x1880, 0x1060, 0x1060, 0x1860, 0x1060, 0x1040, 0x18A1, 0x3102, 0x28E1,
  0x1060, 0x4121, 0x4941, 0x5141, 0x5981, 0x61A1, 0x7A21, 0x9282, 0x92A2, 0x7A42, 0x7A22, 0x7A02, 0x61A1, 0x59A1, 0x69E2, 0x7A22,
  0x71E2, 0x69C1, 0x6181, 0x5961, 0x4921, 0x4101, 0x4921, 0x4101, 0x30C0, 0x30C0, 0x4941, 0x69E2, 0x8242, 0x8242, 0x79E1, 0x71E1,
  0x7A01, 0x69C1, 0x71E2, 0x8A62, 0x8A82, 0x7A02, 0x61A1, 0x6181, 0x5961, 0x5941, 0x4901, 0x40E0, 0x4101, 0x4921, 0x5141, 0x5141,
  0x5141, 0x61A2, 0x69C2, 0x61A2, 0x3921, 0x28C1, 0x20A0, 0x20A1, 0x1880, 0x1860, 0x1860, 0x1060, 0x1881, 0x28E2, 0x2902, 0x1881,
};
static const uint16_t iris_rim[512] = {
  118, 119, 119, 119, 120, 120, 121, 121, 121, 122, 122, 122, 122, 123, 123, 123,
  123, 124, 124, 124, 124, 124, 125, 125, 125, 125, 125, 125, 125, 126, 126, 126,
  126, 126, 126, 126, 126, 126, 126, 126, 126, 126, 126, 126, 126, 126, 126, 126,
  126, 126, 126, 125, 125, 125, 125, 125, 125, 125, 125, 124, 124, 124, 124, 124,
  124, 124, 123, 123, 123, 123, 123, 123, 122, 122, 122, 122, 122, 121, 121, 121,
  121, 121, 120, 120, 120, 120, 120, 119, 119, 119, 119, 119, 118, 118, 118, 118,
  118, 118, 117, 117, 117, 117, 117, 116, 116, 116, 116, 116, 115, 115, 115, 115,
  115, 115, 114, 114, 114, 114, 114, 114, 113, 113, 113, 113, 113, 113, 113, 112,
  112, 112, 112, 112, 112, 112, 111, 111, 111, 111, 111, 111, 111, 111, 110, 110,
  110, 110, 110, 110, 110, 110, 110, 109, 109, 109, 109, 109, 109, 109, 109, 109,
  109, 109, 108, 108, 108, 108, 108, 108, 108, 108, 108, 108, 108, 107, 107, 107,
  107, 107, 107, 107, 107, 107, 107, 107, 106, 106, 106, 106, 106, 106, 106, 106,
  106, 105, 105, 105, 105, 105, 105, 105, 105, 104, 104, 104, 104, 104, 104, 104,
  103, 103, 103, 103, 103, 103, 103, 102, 102, 102, 102, 102, 101, 101, 101, 101,
  101, 100, 100, 100, 100, 99, 99, 99, 99, 99, 98, 98, 98, 97, 97, 97,
  97, 96, 96, 96, 96, 95, 95, 95, 94, 94, 94, 94, 93, 93, 93, 92,
  92, 92, 91, 91, 91, 90, 90, 90, 89, 89, 89, 88, 88, 88, 88, 87,
  87, 87, 86, 86, 86, 85, 85, 85, 84, 84, 84, 83, 83, 83, 82, 82,
  82, 82, 81, 81, 81, 80, 80, 80, 80, 79, 79, 79, 78, 78, 78, 78,
  77, 77, 77, 77, 76, 76, 76, 76, 76, 75, 75, 75, 75, 74, 74, 74,
  74, 74, 73, 73, 73, 73, 73, 73, 72, 72, 72, 72, 72, 72, 72, 71,
  71, 71, 71, 71, 71, 71, 71, 71, 70, 70, 70, 70, 70, 70, 70, 70,
  70, 70, 70, 70, 70, 70, 70, 70, 70, 70, 70, 69, 69, 69, 69, 70,
  70, 70, 70, 70, 70, 70, 70, 70, 70, 70, 70, 70, 70, 70, 70, 70,
  70, 70, 71, 71, 71, 71, 71, 71, 71, 71, 72, 72, 72, 72, 72, 72,
  72, 73, 73, 73, 73, 73, 74, 74, 74, 74, 74, 75, 75, 75, 75, 76,
  76, 76, 76, 77, 77, 77, 78, 78, 78, 78, 79, 79, 79, 80, 80, 80,
  81, 81, 81, 82, 82, 82, 83, 83, 84, 84, 84, 85, 85, 86, 86, 86,
  87, 87, 88, 88, 89, 89, 90, 90, 90, 91, 91, 92, 92, 93, 93, 94,
  94, 95, 95, 96, 96, 97, 97, 98, 98, 99, 100, 100, 101, 101, 102, 102,
  103, 103, 104, 104, 105, 105, 106, 106, 107, 107, 108, 109, 109, 110, 110, 111,
  111, 112, 112, 113, 113, 114, 114, 114, 115, 115, 116, 116, 117, 117, 118, 118,
};
static const uint16_t hl_rgb[3944] = {
  0x38E0, 0x38E0, 0x61A1, 0x71E2, 0x38C0, 0x0800, 0x0820, 0x0800, 0x0820, 0x0000, 0x0000, 0x0800, 0x0000, 0x0000, 0x0000, 0x1820,
  0x0000, 0x0800, 0x0800, 0x0800, 0x0000, 0x0000, 0x0000, 0x0000, 0x0000, 0x0800, 0x2080, 0x1040, 0x0000, 0x18C3, 0x5B2E, 0x31C7,
  0x18E4, 0x0041, 0x0000, 0x0000, 0x0000, 0x0000, 0x0000, 0x0000, 0x0000, 0x0000, 0x0000, 0x0000, 0x0000, 0x0000, 0x0000, 0x0000,
  0x0840, 0x2080, 0x1840, 0x2880, 0x2060, 0x1860, 0x1840, 0x1020, 0x1860, 0x2080, 0x38E0, 0x61A1, 0x71E1, 0x38C0, 0x0800, 0x0820,
  0x0820, 0x1040, 0x0000, 0x0000, 0x0800, 0x0000, 0x0000, 0x0000, 0x1820, 0x40A0, 0x1820, 0x1020, 0x0000, 0x0000, 0x0000, 0x0000,
  0x1020, 0x0000, 0x0000, 0x0800, 0x0800, 0x1020, 0x0820, 0x424A, 0x9D77, 0x8CB4, 0x8473, 0x6BD0, 0x4ACC, 0x31E8, 0x2125, 0x1082,
  0x0021, 0x0000, 0x0020, 0x0020, 0x0020, 0x0000, 0x0000, 0x0000, 0x0000, 0x0000, 0x0000, 0x2080, 0x2080, 0x1040, 0x1840, 0x1860,
  0x28A0, 0x2060, 0x1840, 0x1840, 0x6181, 0x69C1, 0x38C0, 0x0800, 0x0820, 0x0820, 0x1040, 0x0000, 0x0000, 0x0000, 0x0000, 0x0800,
  0x1020, 0x0000, 0x1020, 0x1840, 0x1020, 0x2860, 0x2880, 0x0820, 0x0000, 0x1020, 0x0800, 0x1061, 0x2925, 0x5269, 0x6B8E, 0xA535,
  0x3186, 0x636F, 0x9D57, 0x8CB4, 0x8CB5, 0x8494, 0x7432, 0x73F1, 0x6390, 0x5B2E, 0x4AAC, 0x29A7, 0x0020, 0x0021, 0x0021, 0x0020,
  0x0000, 0x0000, 0x0000, 0x0000, 0x0000, 0x28A0, 0x30C0, 0x28A0, 0x1860, 0x1840, 0x1040, 0x2060, 0x38E0, 0x38C0, 0x71E1, 0x38C0,
  0x0800, 0x0800, 0x0820, 0x0820, 0x0000, 0x0000, 0x0000, 0x0000, 0x0800, 0x1000, 0x1020, 0x2060, 0x2060, 0x0000, 0x0000, 0x1840,
  0x3080, 0x0000, 0x1000, 0x1861, 0x9492, 0xAD97, 0xBE19, 0xCE9B, 0xD6DC, 0xBE19, 0x2124, 0x9D16, 0xA577, 0x9516, 0x94F6, 0x8CB4,
  0x7432, 0x6BD1, 0x6390, 0x5B4E, 0x5B2E, 0x31E9, 0x0000, 0x0021, 0x0021, 0x0020, 0x0000, 0x0000, 0x0000, 0x0000, 0x0000, 0x1860,
  0x30A0, 0x2080, 0x28C0, 0x2080, 0x28C0, 0x5161, 0x5980, 0x38C0, 0x38C0, 0x0800, 0x0800, 0x0820, 0x0820, 0x0000, 0x0000, 0x0000,
  0x0000, 0x0000, 0x2040, 0x1020, 0x0000, 0x1020, 0x0000, 0x0800, 0x0800, 0x40A0, 0x40A0, 0x1840, 0x1000, 0x5269, 0xEF7E, 0xCE9A,
  0xCE7A, 0xC639, 0xCEBB, 0x8C51, 0x31C7, 0xB61A, 0xA577, 0x9D36, 0x9536, 0x8CF5, 0x7C53, 0x73F2, 0x6390, 0x5B4E, 0x5B4E, 0x2166,
  0x0000, 0x0041, 0x0021, 0x0020, 0x0000, 0x0000, 0x0000, 0x0000, 0x0000, 0x0840, 0x3901, 0x5182, 0x69E2, 0x5981, 0x61C1, 0x5981,
  0x61A1, 0x28A0, 0x0820, 0x0800, 0x0820, 0x0000, 0x0800, 0x0000, 0x0820, 0x0000, 0x0000, 0x1020, 0x2080, 0x1840, 0x0000, 0x0000,
  0x1840, 0x0800, 0x3080, 0x7161, 0x40C0, 0x0800, 0x1020, 0x9CF4, 0xE75D, 0xCE7A, 0xC67A, 0xC65A, 0xD6FC, 0x52AA, 0x52CC, 0xBE3A,
  0xA597, 0x9D57, 0x9D57, 0x9516, 0x8473, 0x7412, 0x6BB0, 0x5B2E, 0x530E, 0x18E4, 0x0020, 0x0021, 0x0021, 0x0020, 0x0000, 0x0000,
  0x0000, 0x0000, 0x0000, 0x0820, 0x4142, 0x59A2, 0x5162, 0x4921, 0x4941, 0x4101, 0x1020, 0x30C0, 0x0800, 0x0820, 0x0000, 0x0000,
  0x0800, 0x0820, 0x0800, 0x0000, 0x0820, 0x28A0, 0x0820, 0x0000, 0x1840, 0x30A0, 0x1020, 0x30A0, 0x40C0, 0x38A0, 0x38C0, 0x0800,
  0x3165, 0xD6BB, 0xE71C, 0xCE9B, 0xCE9A, 0xCE7A, 0xCE7A, 0x2965, 0x7C32, 0xB61A, 0xA598, 0xA577, 0x9D57, 0x9516, 0x8473, 0x7432,
  0x6BB0, 0x5B4E, 0x4ACC, 0x0862, 0x0021, 0x0021, 0x0021, 0x0021, 0x0020, 0x0000, 0x0000, 0x0000, 0x0000, 0x0000, 0x28C1, 0x5182,
  0x4941, 0x4141, 0x4121, 0x5961, 0x5982, 0x30E1, 0x0000, 0x0000, 0x0000, 0x1000, 0x0000, 0x0000, 0x0000, 0x0000, 0x0820, 0x0000,
  0x0000, 0x1020, 0x2060, 0x1840, 0x0800, 0x38C0, 0x89C1, 0x7981, 0x3880, 0x28C2, 0xA514, 0xD6FC, 0xDEFC, 0xCE9B, 0xCE9A, 0xD6BB,
  0xB5B7, 0x18E4, 0xA577, 0xADD9, 0xA598, 0x9D77, 0x9D77, 0x9516, 0x8473, 0x7412, 0x63B0, 0x5B4F, 0x426B, 0x0021, 0x0021, 0x0021,
  0x0021, 0x0021, 0x0020, 0x0000, 0x0000, 0x0000, 0x0000, 0x0000, 0x20A1, 0x61C2, 0x59A2, 0x38E1, 0x2880, 0x5161, 0x5961, 0x5961,
  0x0820, 0x0000, 0x60E1, 0x48A1, 0x0000, 0x0000, 0x0800, 0x0800, 0x0000, 0x0000, 0x0800, 0x1840, 0x1020, 0x1840, 0x2060, 0x2880,
  0x5101, 0x4080, 0x49A5, 0xC639, 0xD6DB, 0xD6BB, 0xDF1C, 0xD6BB, 0xCE9A, 0xDEFC, 0x8C92, 0x2966, 0xBE3A, 0xADD8, 0xA598, 0x9D77,
  0x9D77, 0x9516, 0x8473, 0x7412, 0x636F, 0x5B4E, 0x31E9, 0x0000, 0x0041, 0x0021, 0x0021, 0x0021, 0x0020, 0x0000, 0x0000, 0x0000,
  0x0000, 0x0000, 0x20A1, 0x7223, 0x59A2, 0x61C2, 0x7A43, 0x4101, 0x2880, 0x48E0, 0x1040, 0x3060, 0x91A2, 0x1840, 0x0000, 0x0000,
  0x0000, 0x0000, 0x0000, 0x0000, 0x0820, 0x1040, 0x1840, 0x0820, 0x0800, 0x0000, 0x1020, 0x1000, 0x94B3, 0xDEFC, 0xCE7A, 0xCEBB,
  0xDF1D, 0xD6BB, 0xCE9A, 0xDF1D, 0x632C, 0x424A, 0xC67B, 0xADB8, 0xA598, 0x9D57, 0x9D57, 0x9516, 0x7C53, 0x7411, 0x636F, 0x5B2E,
  0x2166, 0x0000, 0x0041, 0x0021, 0x0021, 0x0021, 0x0020, 0x0000, 0x0000, 0x0000, 0x0000, 0x0000, 0x1881, 0x92C4, 0x6A03, 0x30E1,
  0x30C1, 0x28A0, 0x2060, 0x2860, 0x0000, 0x4080, 0x7141, 0x0000, 0x1020, 0x0820, 0x0000, 0x0000, 0x0820, 0x1020, 0x0800, 0x0800,
  0x18A2, 0x20A1, 0x0000, 0x0840, 0x0800, 0x41E7, 0xDEFC, 0xD6BB, 0xCEBB, 0xD6DC, 0xDF1D, 0xD6DC, 0xD6BB, 0xDF1D, 0x39E7, 0x634E,
  0xC69C, 0xADD8, 0xA5B8, 0x9D57, 0x9D57, 0x94F6, 0x7C73, 0x7412, 0x636F, 0x5B2E, 0x10C4, 0x0000, 0x0021, 0x0021, 0x0021, 0x0020,
  0x0020, 0x0000, 0x0000, 0x0000, 0x0000, 0x0000, 0x0020, 0x4101, 0x61C3, 0x3902, 0x30C1, 0x5982, 0x71C2, 0x79E2, 0x0000, 0x3040,
  0x50A0, 0x0000, 0x0000, 0x0000, 0x20C2, 0x1882, 0x0820, 0x0800, 0x3965, 0x5A8A, 0x838D, 0x3964, 0x1020, 0x1860, 0x0800, 0xA514,
  0xEF7E, 0xDF1C, 0xE71D, 0xE73D, 0xDF1D, 0xDF1D, 0xDF1D, 0xDF1D, 0x2965, 0x8452, 0xC69C, 0xB5F9, 0xADD9, 0xA598, 0x9D57, 0x8CF5,
  0x8494, 0x7412, 0x6BB0, 0x52ED, 0x0862, 0x0021, 0x0021, 0x0021, 0x0021, 0x0020, 0x0020, 0x0000, 0x0000, 0x0000, 0x0000, 0x0000,
  0x0020, 0x61A2, 0x7A23, 0x5162, 0x4941, 0x5982, 0x5141, 0x7A03, 0x0000, 0x2020, 0x2020, 0x0000, 0x2104, 0x6B2C, 0xACB1, 0x8452,
  0x636F, 0x634D, 0xA535, 0x9492, 0x83AE, 0x5A69, 0x1060, 0x0800, 0x4A07, 0xDEFC, 0xD6DC, 0xE73D, 0xEF5D, 0xEF5D, 0xE73D, 0xDF1D,
  0xE73D, 0xD6BB, 0x2124, 0x9515, 0xBE3A, 0xADD9, 0xA5B8, 0x9D77, 0x9536, 0x8CD5, 0x7C73, 0x73F1, 0x6BB0, 0x426B, 0x0000, 0x0021,
  0x0021, 0x0021, 0x0021, 0x0020, 0x0020, 0x0000, 0x0000, 0x0000, 0x0000, 0x0000, 0x0000, 0x3901, 0x7A23, 0x7A23, 0x69C2, 0x38C1,
  0x5162, 0x9AC4, 0x0000, 0x0800, 0x1000, 0x4229, 0xA4D3, 0x9CD3, 0x8C72, 0xA4F4, 0x8CD5, 0xA535, 0xAD35, 0xAD76, 0xAD76, 0x9D15,
  0x8452, 0x3145, 0x9471, 0xE75E, 0xDEFC, 0xE75D, 0xEF7D, 0xEF5D, 0xEF7D, 0xE73D, 0xE75E, 0xC5F8, 0x2104, 0xA577, 0xADF9, 0xA5B8,
  0xA598, 0x9D37, 0x94F5, 0x84B4, 0x7C53, 0x6BD0, 0x6390, 0x31E8, 0x0000, 0x0041, 0x0021, 0x0021, 0x0021, 0x0020, 0x0020, 0x0020,
  0x0000, 0x0000, 0x0000, 0x0000, 0x0000, 0x38E1, 0x7A03, 0x61C2, 0x5162, 0x5142, 0x5162, 0x1020, 0x0000, 0x0000, 0x39E8, 0x94D4,
  0xCDB5, 0xAD34, 0x9CD4, 0x94B3, 0x8CB4, 0xAD34, 0xBD95, 0xAD55, 0xAD96, 0xAD76, 0xBDF7, 0x9D35, 0xC65A, 0xDF1D, 0xE73C, 0xEF5D,
  0xEF5D, 0xEF5D, 0xEF5D, 0xE71C, 0xE75E, 0xA514, 0x2104, 0xA598, 0xA598, 0xA578, 0x9D57, 0x9516, 0x8CD5, 0x8473, 0x7432, 0x63B0,
  0x5B4F, 0x2125, 0x0000, 0x0021, 0x0021, 0x0021, 0x0021, 0x0021, 0x0020, 0x0000, 0x0000, 0x0020, 0x0000, 0x0000, 0x0000, 0x28A1,
  0x79E2, 0x71C2, 0x7A02, 0x5141, 0x2040, 0x0800, 0x0000, 0x0861, 0x8410, 0x8452, 0xBD54, 0xB555, 0xA514, 0x94B3, 0x94D4, 0x9CF5,
  0xB575, 0xBDB6, 0xAD96, 0xA556, 0xB575, 0xAD56, 0xC65A, 0xD6DB, 0xDEDC, 0xDEFC, 0xE71C, 0xEF5D, 0xE71C, 0xDEDC, 0xE73D, 0x8C51,
  0x2145, 0xA5B8, 0x9D77, 0x9D57, 0x9516, 0x8CF5, 0x8CB4, 0x7C53, 0x6BD1, 0x636F, 0x530D, 0x10A3, 0x0000, 0x0021, 0x0021, 0x0021,
  0x0021, 0x0021, 0x0020, 0x0020, 0x0020, 0x0020, 0x0000, 0x0000, 0x0000, 0x30E1, 0x8243, 0x7202, 0x61C2, 0x5141, 0x4901, 0x38C0,
  0x0000, 0x2945, 0x8C52, 0x73F0, 0x8452, 0x8C93, 0x7C53, 0x8C93, 0x94B4, 0xA515, 0xA515, 0x94F5, 0x9D35, 0xAD96, 0xAD76, 0xAD97,
  0xCE7A, 0xD69A, 0xD6BB, 0xD6BB, 0xDEFB, 0xFFBC, 0xF77C, 0xD6BB, 0xDF1D, 0x7BAF, 0x29A7, 0xA598, 0x9536, 0x9516, 0x8CD5, 0x8494,
  0x7C53, 0x73F1, 0x638F, 0x5B2E, 0x428B, 0x0841, 0x0021, 0x0021, 0x0021, 0x0021, 0x0021, 0x0021, 0x0020, 0x0020, 0x0020, 0x0020,
  0x0000, 0x0000, 0x0000, 0x30E1, 0x7A43, 0x69E2, 0x4942, 0x6182, 0x71C1, 0x38E1, 0x0000, 0x4A49, 0x8452, 0x9C92, 0x9493, 0xA4F4,
  0x9CF4, 0x94D3, 0x9D14, 0xAD55, 0xA515, 0x94F4, 0xBDB6, 0xBDD7, 0x9D35, 0xB597, 0xCE79, 0xC639, 0xBE19, 0xCE5A, 0xE6FA, 0xFF9B,
  0xF75B, 0xCE5A, 0xD6BC, 0x630C, 0x39E8, 0x9D57, 0x8CD5, 0x8CB4, 0x8473, 0x7432, 0x6BD1, 0x638F, 0x5B2E, 0x52ED, 0x3A09, 0x0021,
  0x0021, 0x0021, 0x0021, 0x0021, 0x0021, 0x0020, 0x0020, 0x0020, 0x0020, 0x0020, 0x0000, 0x0020, 0x0000, 0x30E1, 0x8241, 0x8A81,
  0x7A21, 0x8222, 0x9262, 0x8263, 0x0000, 0x730C, 0x7BF0, 0x7BF1, 0x8C93, 0x8493, 0xA514, 0xB554, 0xC595, 0xAD55, 0x9CF4, 0x94B4,
  0xB575, 0xB575, 0x9CF4, 0xAD76, 0xBDF8, 0xC618, 0xBDF8, 0xBDF8, 0xDE99, 0xFF5A, 0xE6B9, 0xCE38, 0xCE9B, 0x5AAA, 0x3A29, 0x9515,
  0x7C73, 0x7C53, 0x7412, 0x6BD1, 0x636F, 0x5B2E, 0x52CC, 0x4AAC, 0x2987, 0x0000, 0x0021, 0x0021, 0x0021, 0x0021, 0x0021, 0x0020,
  0x0020, 0x0020, 0x0020, 0x0000, 0x0000, 0x0020, 0x0000, 0x30E0, 0x8261, 0x8241, 0x9AC2, 0x9281, 0x71E2, 0x7202, 0x1061, 0x6B8F,
  0x6BB0, 0x6BF2, 0x9CF4, 0x8494, 0x9CB3, 0xEE53, 0xFE93, 0xCD93, 0x9D14, 0x9CF4, 0x94B3, 0x94B3, 0xA4F3, 0xAD35, 0xBDB7, 0xB5B7,
  0xC5F8, 0xBDF8, 0xCE39, 0xD679, 0xC618, 0xBDF8, 0xCE7A, 0x5269, 0x52AB, 0x9516, 0x7C53, 0x7432, 0x73F1, 0x6390, 0x5B2E, 0x52ED,
  0x4A8B, 0x428B, 0x1925, 0x0000, 0x0021, 0x0021, 0x0021, 0x0020, 0x0020, 0x0020, 0x0020, 0x0020, 0x0000, 0x0000, 0x0000, 0x0000,
  0x0000, 0x28C1, 0x5181, 0x92C1, 0xE587, 0xAB63, 0x92C3, 0x92E3, 0x18C3, 0x8C10, 0x7C10, 0x7C11, 0x8C52, 0x8C93, 0xBD53, 0xFE71,
  0xEDF0, 0xE5D1, 0xA4F3, 0x8C93, 0x8473, 0x8C93, 0x9493, 0xC595, 0xD617, 0xBDD8, 0xBDF8, 0xBDD8, 0xCE18, 0xB5B7, 0xB597, 0xB596,
  0xBDF8, 0x5228, 0x2966, 0x4AAB, 0x4A8B, 0x4AAB, 0x4AAB, 0x4AAB, 0x4A8B, 0x426B, 0x3A2A, 0x424A, 0x10C4, 0x0000, 0x0021, 0x0021,
  0x0020, 0x0020, 0x0020, 0x0020, 0x0020, 0x0020, 0x0020, 0x0000, 0x0000, 0x0020, 0x0000, 0x28C1, 0x69E2, 0xA302, 0xE568, 0xB3A4,
  0x5920, 0x2880, 0x2125, 0x8C51, 0x8411, 0x8C51, 0xA4B1, 0x8452, 0xD5B2, 0xF5EF, 0xDD2D, 0xFE4F, 0xBD11, 0x94D3, 0x94D3, 0x8C93,
  0x94B3, 0xC573, 0xDDD4, 0xCDD6, 0xB597, 0xB597, 0xB596, 0xA556, 0x94D4, 0xAD55, 0xAD55, 0x49E7, 0x0000, 0x0020, 0x0020, 0x0021,
  0x0021, 0x0021, 0x0041, 0x0862, 0x0862, 0x0882, 0x0041, 0x0021, 0x0021, 0x0021, 0x0020, 0x0020, 0x0020, 0x0020, 0x0020, 0x0000,
  0x0020, 0x0000, 0x0000, 0x0020, 0x0000, 0x30E1, 0x6202, 0x92A2, 0xD4A4, 0xFE07, 0xA362, 0x69C1, 0x2986, 0x7C31, 0x8C51, 0x8431,
  0x8C51, 0x8411, 0x8C30, 0xC52F, 0xEDAE, 0xF5EF, 0xBD32, 0x9CD2, 0x94B2, 0x8452, 0x8411, 0x8410, 0xBD11, 0xCD52, 0xBD53, 0xCD94,
  0xC574, 0x9CF4, 0x94D4, 0x8CB3, 0xA535, 0x41C7, 0x0000, 0x0862, 0x0862, 0x0861, 0x0041, 0x0041, 0x0041, 0x0021, 0x0021, 0x0020,
  0x0021, 0x0021, 0x0020, 0x0020, 0x0020, 0x0020, 0x0020, 0x0020, 0x0020, 0x0000, 0x0000, 0x0000, 0x0000, 0x0020, 0x0000, 0x3101,
  0x6A02, 0x8A61, 0xA302, 0xED85, 0xFFF3, 0xF68E, 0x31C7, 0x7C11, 0x8431, 0x8C51, 0x9C92, 0x7BCF, 0x634E, 0x6B6F, 0xA490, 0xA490,
  0x8430, 0xACD1, 0x9C91, 0x73D0, 0x8430, 0x7BF0, 0xC531, 0xDDB2, 0xD593, 0xC512, 0xCD73, 0xBD54, 0x94D4, 0x8C72, 0xA534, 0x39C7,
  0x0000, 0x0861, 0x0041, 0x0041, 0x0041, 0x0041, 0x0041, 0x0041, 0x0041, 0x0021, 0x0021, 0x0020, 0x0020, 0x0020, 0x0020, 0x0020,
  0x0020, 0x0020, 0x0020, 0x0000, 0x0000, 0x0000, 0x0000, 0x0020, 0x0000, 0x3922, 0x8283, 0xA343, 0xB363, 0xD422, 0xFEA9, 0xFF2C,
  0x3A08, 0x73F0, 0x7BD0, 0x7BF0, 0x9471, 0x738E, 0x6B8E, 0x634E, 0x9450, 0x83F0, 0x73AF, 0x8C30, 0x9C71, 0x7BF0, 0x73AF, 0xACB0,
  0xBCCF, 0xBD11, 0xBD32, 0x8C51, 0x9C71, 0xD571, 0xB4D1, 0x9471, 0x9C92, 0x3186, 0x0020, 0x0841, 0x0041, 0x0041, 0x0041, 0x0041,
  0x0041, 0x0021, 0x0021, 0x0021, 0x0021, 0x0021, 0x0020, 0x0020, 0x0000, 0x0020, 0x0020, 0x0000, 0x0000, 0x0000, 0x0000, 0x0000,
  0x0000, 0x0000, 0x0000, 0x3922, 0x4101, 0x61A2, 0x8262, 0x9AA1, 0xB340, 0xA342, 0x4A28, 0x8BEF, 0x6B8E, 0x73AF, 0x8C0F, 0x738E,
  0x738E, 0x7BAE, 0x83EF, 0x6B6E, 0x83EF, 0x83EF, 0x7BCF, 0x83EF, 0x7BAD, 0xA44E, 0xC4EF, 0xA44F, 0xA490, 0x83F0, 0x7BAF, 0xAC6F,
  0xAC8F, 0xB46E, 0x73AF, 0x2945, 0x0000, 0x0841, 0x0041, 0x0041, 0x0041, 0x0041, 0x0021, 0x0021, 0x0021, 0x0021, 0x0021, 0x0020,
  0x0020, 0x0020, 0x0020, 0x0000, 0x0000, 0x0000, 0x0000, 0x0000, 0x0000, 0x0000, 0x0000, 0x0000, 0x0000, 0x5182, 0x61A1, 0x40E0,
  0x40E0, 0x69C2, 0x92A3, 0x40C0, 0x39C7, 0x83EF, 0x6B6E, 0x632E, 0x6B6E, 0x7B8D, 0xC4CD, 0xEDEE, 0xC4CD, 0x738D, 0x73AE, 0x6B6D,
  0x632D, 0x838D, 0xDD2E, 0xA44E, 0xC4EF, 0xBCF0, 0x9C4F, 0x940F, 0xA44F, 0x7BAE, 0x7BAE, 0xA46E, 0x7BCF, 0x2124, 0x0000, 0x0841,
  0x0041, 0x0041, 0x0041, 0x0041, 0x0021, 0x0021, 0x0021, 0x0021, 0x0020, 0x0020, 0x0020, 0x0020, 0x0020, 0x0020, 0x0000, 0x0000,
  0x0000, 0x0020, 0x0000, 0x0000, 0x0000, 0x0000, 0x0020, 0x38E1, 0x61A2, 0x6A03, 0x1860, 0x5182, 0xA345, 0x69C1, 0x31A6, 0x73AF,
  0x5B0D, 0x632D, 0x7BCE, 0x6B6D, 0xA44D, 0xDD4D, 0xFE4D, 0xB48C, 0x630D, 0x736D, 0x630C, 0x6B0C, 0xC4CE, 0xC4EF, 0xB48F, 0xCD10,
  0xB46E, 0xBCAF, 0xC530, 0x736E, 0x6B4D, 0x738E, 0x942F, 0x3165, 0x0000, 0x0841, 0x0041, 0x0041, 0x0041, 0x0041, 0x0021, 0x0021,
  0x0021, 0x0021, 0x0020, 0x0020, 0x0020, 0x0020, 0x0000, 0x0000, 0x0000, 0x0000, 0x0000, 0x0020, 0x0000, 0x0000, 0x0000, 0x0000,
  0x1880, 0x8A82, 0x4121, 0x5182, 0x3901, 0x2080, 0x1020, 0x2080, 0x2945, 0x6B6E, 0x52CC, 0x6B6E, 0x83CE, 0x738E, 0x7BAE, 0x8BED,
  0xA42C, 0xDD2C, 0x9C2C, 0x52AB, 0x5ACC, 0x6B0C, 0xAC0C, 0xBCAD, 0xBC8D, 0xCCEE, 0xAC2D, 0x93CD, 0x8BCD, 0x7BAD, 0x6B4D, 0x52AB,
  0x5AEC, 0x2945, 0x0000, 0x0841, 0x0041, 0x0041, 0x0041, 0x0041, 0x0021, 0x0021, 0x0021, 0x0021, 0x0020, 0x0020, 0x0020, 0x0020,
  0x0000, 0x0020, 0x0000, 0x0000, 0x0000, 0x0020, 0x0020, 0x0020, 0x0020, 0x0000, 0x3941, 0xB383, 0x2020, 0x1840, 0x7223, 0x4962,
  0x4121, 0x30A0, 0x18C3, 0x734D, 0x632C, 0x736E, 0x738D, 0x6B4D, 0x7B8D, 0x838C, 0x836C, 0xA42C, 0xAC4C, 0x93ED, 0x734C, 0x734C,
  0xBC8D, 0xF58E, 0xE4EC, 0xD4ED, 0xAC2D, 0x7B6C, 0x736C, 0x736D, 0x7B6C, 0x526A, 0x528A, 0x3165, 0x0000, 0x0841, 0x0041, 0x0041,
  0x0041, 0x0041, 0x0021, 0x0021, 0x0021, 0x0021, 0x0020, 0x0020, 0x0020, 0x0020, 0x0000, 0x0000, 0x0000, 0x0000, 0x0000, 0x0000,
  0x0000, 0x0000, 0x0020, 0x0000, 0x4961, 0xE526, 0xD4E6, 0x7242, 0x2881, 0x4942, 0x7202, 0x4921, 0x1881, 0x7B4B, 0x7B8D, 0x83AD,
  0x5AEC, 0x62EB, 0x8BAC, 0x838C, 0xAC6C, 0xBCAC, 0x93EC, 0xBCCD, 0xCD2F, 0x8BAC, 0x8B8C, 0xC4AD, 0xB44C, 0xED6E, 0xA3EC, 0x734C,
  0x7B6C, 0x6B4C, 0x62CA, 0x5A89, 0x62CA, 0x49E6, 0x0000, 0x0841, 0x0041, 0x0021, 0x0041, 0x0041, 0x0021, 0x0021, 0x0021, 0x0020,
  0x0020, 0x0020, 0x0020, 0x0020, 0x0020, 0x0000, 0x0000, 0x0000, 0x0000, 0x0000, 0x0000, 0x0000, 0x0020, 0x0000, 0x5161, 0x9AE3,
  0xA344, 0xA303, 0x92A3, 0x8242, 0x4101, 0x38E1, 0x0840, 0x62CB, 0x7B8D, 0x7B6D, 0x838B, 0x8B8B, 0x9BEC, 0x8BAB, 0x9C0B, 0x8BAB,
  0xC52E, 0xEE50, 0xE5F0, 0xB48D, 0x732B, 0x6B0B, 0x836C, 0x8B8B, 0x8B8B, 0x732B, 0x6B0B, 0x5ACA, 0x5269, 0x39E8, 0x4229, 0x4A07,
  0x0000, 0x0021, 0x0021, 0x0041, 0x0041, 0x0041, 0x0021, 0x0021, 0x0020, 0x0020, 0x0020, 0x0020, 0x0020, 0x0020, 0x0020, 0x0000,
  0x0000, 0x0000, 0x0000, 0x0000, 0x0000, 0x0000, 0x0020, 0x0000, 0x59A2, 0x8A82, 0x92C3, 0xAB43, 0xAB03, 0x7A02, 0x40E1, 0x1860,
  0x0820, 0x3A08, 0x62EB, 0x62EA, 0x834A, 0x8B08, 0x732A, 0x730A, 0x7B4B, 0x8BAB, 0x7B2B, 0xC4AC, 0xE56D, 0xBC6C, 0x7B6B, 0x7B6C,
  0x93ED, 0x8BCD, 0x93EC, 0x6AEA, 0x8BAB, 0x62CA, 0x4208, 0x39E7, 0x41E8, 0x5227, 0x0841, 0x0861, 0x0021, 0x0021, 0x0041, 0x0041,
  0x0021, 0x0021, 0x0021, 0x0020, 0x0020, 0x0020, 0x0020, 0x0020, 0x0020, 0x0000, 0x0000, 0x0000, 0x0000, 0x0000, 0x0000, 0x0020,
  0x0000, 0x0840, 0x8A83, 0xD445, 0xAB44, 0xB385, 0xB384, 0x61A2, 0x4941, 0x30C1, 0x0000, 0x2986, 0x4A49, 0x4229, 0x9389, 0xCC89,
  0x72C8, 0x6AC9, 0x730A, 0xAC2C, 0xAC0C, 0xA3CB, 0x9BCB, 0x9BCB, 0x730A, 0x6AC9, 0xA3EB, 0xCCED, 0xC4CC, 0xC4CC, 0xD52D, 0xAC4B,
  0x9BCA, 0x9BC9, 0xBC8B, 0x9B47, 0x30E2, 0x1061, 0x0021, 0x0021, 0x0021, 0x0021, 0x0021, 0x0021, 0x0021, 0x0020, 0x0020, 0x0020,
  0x0020, 0x0020, 0x0020, 0x0020, 0x0020, 0x0020, 0x0020, 0x0000, 0x0020, 0x0020, 0x0000, 0x20A1, 0x61A2, 0x59A2, 0xBBC5, 0xAB24,
  0x8222, 0x6181, 0x0820, 0x1860, 0x0000, 0x2124, 0x4228, 0x4A48, 0x9B89, 0xE54A, 0x9368, 0x72C8, 0x93AB, 0x938A, 0xA3EA, 0xA3EB,
  0xA42D, 0x8BAB, 0x72E9, 0x9BA9, 0xD4CA, 0xDD4C, 0xDD6D, 0xDD2B, 0xCCAA, 0xDCEA, 0xB3E8, 0x8B27, 0xA367, 0x8A64, 0x20A1, 0x0020,
  0x0020, 0x0021, 0x0021, 0x0021, 0x0021, 0x0021, 0x0020, 0x0020, 0x0020, 0x0020, 0x0020, 0x0020, 0x0020, 0x0020, 0x0020, 0x0020,
  0x0020, 0x0020, 0x0020, 0x0020, 0x0000, 0x4961, 0x9AC3, 0x69A1, 0x8242, 0x8A63, 0x6181, 0x69C2, 0x28A0, 0x0800, 0x0000, 0x18A2,
  0x5A68, 0x7AE8, 0x8B49, 0x7AE7, 0xBC4A, 0xABC9, 0x7286, 0x41C6, 0x836A, 0x836A, 0x8B8A, 0x6AC8, 0x9BAA, 0xB44A, 0xDD2B, 0xC46A,
  0xC4AB, 0xC48A, 0xC448, 0xB3E7, 0x9B67, 0x5205, 0xA3A7, 0x92C5, 0x28E1, 0x0000, 0x0841, 0x0021, 0x0021, 0x0021, 0x0021, 0x0021,
  0x0020, 0x0020, 0x0020, 0x0020, 0x0020, 0x0020, 0x0020, 0x0020, 0x0020, 0x0020, 0x0020, 0x0020, 0x0020, 0x0020, 0x0000, 0x69A1,
  0xBB63, 0xED47, 0x5121, 0x1840, 0x1840, 0x28A0, 0x5162, 0x30C1, 0x0000, 0x0020, 0x4A27, 0x8B69, 0xBC6B, 0x7AC6, 0x8B27, 0xBC49,
  0xD5AD, 0x9388, 0x6A67, 0x93A9, 0x8349, 0x6288, 0x8369, 0xAC2A, 0xB42A, 0xE54B, 0xCCAA, 0x9B67, 0x9326, 0xB408, 0xF5ED, 0xCCCA,
  0xCC68, 0xB387, 0x4142, 0x0000, 0x0841, 0x0021, 0x0021, 0x0021, 0x0021, 0x0021, 0x0020, 0x0020, 0x0020, 0x0020, 0x0021, 0x0020,
  0x0020, 0x0020, 0x0020, 0x0020, 0x0020, 0x0020, 0x0020, 0x0000, 0x1081, 0x6A02, 0x9282, 0xAB64, 0x9AA2, 0x2040, 0x1040, 0x0800,
  0x38C1, 0x2880, 0x2080, 0x5161, 0x82C5, 0x9B88, 0xC489, 0xBC07, 0x7284, 0x7243, 0xDD8B, 0xDD4A, 0xDD6B, 0xD54B, 0x9388, 0x7B29,
  0x5A88, 0x9BAA, 0xB44B, 0xA3A9, 0xABC8, 0xC48A, 0x3963, 0x6265, 0xDD4C, 0xC469, 0x7A65, 0x3922, 0x61C3, 0x0820, 0x0020, 0x0021,
  0x0021, 0x0021, 0x0021, 0x0021, 0x0020, 0x0020, 0x0020, 0x0020, 0x0021, 0x0021, 0x0021, 0x0020, 0x0020, 0x0020, 0x0020, 0x0020,
  0x0020, 0x0000, 0x4182, 0xAB85, 0x92C3, 0x7A64, 0xA344, 0x2880, 0x1860, 0x1860, 0x4921, 0x40E1, 0x28A0, 0xAB23, 0xCC47, 0xABA6,
  0xCCC8, 0xE549, 0xCC67, 0xB427, 0x9324, 0x6203, 0xCD4B, 0xFF11, 0xF6B0, 0xC50C, 0xAC2A, 0xC4AB, 0xA3C8, 0xABE9, 0xC4AA, 0xA3A8,
  0x3964, 0x20E2, 0xB3E8, 0x9326, 0x28A1, 0x7264, 0x9AE5, 0x1061, 0x0020, 0x0021, 0x0020, 0x0021, 0x0021, 0x0021, 0x0021, 0x0020,
  0x0020, 0x0021, 0x0021, 0x0021, 0x0021, 0x0021, 0x0020, 0x0020, 0x0020, 0x0020, 0x0020, 0x0020, 0x6A23, 0xD4A7, 0xD4A7, 0xB3A5,
  0x9AE3, 0x38E1, 0x1020, 0x1040, 0x38E1, 0x4962, 0x28A0, 0x71E2, 0xBBA5, 0xBBE5, 0xCC87, 0xED48, 0xED28, 0xF5CA, 0xC50A, 0x9346,
  0xB468, 0x82E5, 0x93A8, 0xDDAD, 0xFED1, 0xF62D, 0xCCA9, 0xABE8, 0xB429, 0xA3A7, 0x7285, 0x49C4, 0x8AA5, 0x8285, 0x92E6, 0x8223,
  0x5982, 0x4122, 0x0020, 0x0841, 0x0020, 0x0020, 0x0021, 0x0021, 0x0021, 0x0021, 0x0021, 0x0021, 0x0021, 0x0021, 0x0021, 0x0021,
  0x0020, 0x0020, 0x0020, 0x0020, 0x0020, 0x1881, 0x9B45, 0xBBC5, 0xB407, 0x8263, 0xAB43, 0xB384, 0x69A2, 0x38E1, 0x30A0, 0x1020,
  0x30E1, 0x4921, 0x4101, 0x92C3, 0xCC04, 0xDC65, 0xC466, 0xBC06, 0xEE0D, 0xF690, 0xD56C, 0x6A85, 0x49A3, 0x7B07, 0x82E6, 0xAC08,
  0xB448, 0xE5AC, 0xD52B, 0xC4AA, 0xB3E8, 0x9B67, 0x9306, 0x8AC5, 0x71C3, 0x8AA4, 0x8264, 0x61A3, 0x0020, 0x0820, 0x0020, 0x0020,
  0x0021, 0x0021, 0x0021, 0x0021, 0x0021, 0x0021, 0x0021, 0x0021, 0x0021, 0x0021, 0x0021, 0x0020, 0x0020, 0x0021, 0x0000, 0x5A04,
  0xA365, 0xC425, 0xBBC5, 0xDCE7, 0xB3A5, 0xA281, 0xD3C3, 0x40E1, 0x5141, 0x4921, 0x30C1, 0x30E1, 0x0000, 0x6223, 0x8262, 0x8283,
  0xD487, 0xABE7, 0xBC07, 0xEE2F, 0xD58C, 0x7285, 0x72A5, 0x8326, 0x8327, 0x8347, 0x72A5, 0x9B86, 0x9367, 0xB46A, 0xCCEB, 0xCCA9,
  0x9B05, 0x7224, 0x82A5, 0xAB86, 0x92E5, 0x7A24, 0x1061, 0x0020, 0x0020, 0x0020, 0x0021, 0x0041, 0x0021, 0x0021, 0x0021, 0x0021,
  0x0021, 0x0021, 0x0021, 0x0021, 0x0021, 0x0021, 0x0020, 0x0020, 0x0840, 0x8B06, 0xC488, 0xD4A7, 0xBBE6, 0xDD07, 0xDCC7, 0xDD69,
  0xD465, 0xB342, 0x69C1, 0x4921, 0x1881, 0x20C1, 0x38E1, 0x6A03, 0x8263, 0x4121, 0xCC67, 0xE58B, 0xBC69, 0xCCA9, 0xE5CC, 0xC4C9,
  0xBCAA, 0xEE2D, 0xA408, 0xDDAB, 0xE5AB, 0xCD0A, 0xBC8A, 0xBC8A, 0xC4CB, 0xE60E, 0xD50B, 0xB3E8, 0x7AA5, 0x9B46, 0x8264, 0x61A3,
  0x38E2, 0x0000, 0x0821, 0x0020, 0x0021, 0x0041, 0x0021, 0x0021, 0x0021, 0x0021, 0x0021, 0x0021, 0x0021, 0x0021, 0x0020, 0x0020,
  0x0841, 0x0000, 0x3922, 0x8243, 0xC467, 0xAB03, 0xBBE4, 0xB384, 0xA2E3, 0xE549, 0xE527, 0xF5E7, 0xCC02, 0x3880, 0x1040, 0x1860,
  0x69C2, 0x69C2, 0x59A2, 0x8A83, 0xC406, 0xCC88, 0xCC68, 0xCD0A, 0xE5EC, 0xDD08, 0xF64E, 0xF6F3, 0xE650, 0xD56C, 0xF66F, 0xF60B,
  0xEE0C, 0xCCC8, 0xD5AE, 0xE60D, 0xC4EB, 0xAC8B, 0x9346, 0x8AE5, 0x8AA5, 0x7203, 0x5162, 0x0840, 0x0020, 0x0020, 0x0021, 0x0021,
  0x0021, 0x0021, 0x0021, 0x0021, 0x0021, 0x0021, 0x0021, 0x0021, 0x0020, 0x0020, 0x0021, 0x1061, 0xB3E6, 0x81E2, 0xD528, 0xD486,
  0xE567, 0xDCA5, 0x8242, 0xCC66, 0x8A82, 0xA364, 0xCC23, 0xBB82, 0x20A1, 0x1881, 0x5962, 0x6A03, 0x5982, 0xCC06, 0x92E4, 0x8AE5,
  0xC468, 0xF68E, 0xDD28, 0xD4E8, 0xC4CA, 0xDDCD, 0xD54C, 0xDD6B, 0xCCA8, 0xE5EC, 0xD50A, 0xA365, 0xCDF0, 0xEE4E, 0xBC27, 0x9346,
  0xA3C7, 0x9B46, 0x8AC5, 0x9B25, 0x9B25, 0x0800, 0x0020, 0x0021, 0x0021, 0x0021, 0x0020, 0x0021, 0x0021, 0x0021, 0x0021, 0x0021,
  0x0021, 0x0021, 0x0020, 0x0841, 0x0000, 0x3901, 0xEDA8, 0xDC85, 0xDD08, 0xFECB, 0xF66B, 0xDC85, 0xBB63, 0xD486, 0x61C2, 0x61C2,
  0x4921, 0xCC65, 0x1060, 0x1881, 0x7202, 0xA2E3, 0x7202, 0x9AE4, 0xBBC6, 0xBC07, 0xE58A, 0xE569, 0x6223, 0x9346, 0xFECF, 0xBC89,
  0xC489, 0xF690, 0xE58B, 0xCC88, 0xD50A, 0xE58C, 0xEE0D, 0xEE2D, 0xCD2B, 0xBCA9, 0xA3A7, 0x82C5, 0x9346, 0xC447, 0x8264, 0x6A85,
  0x0020, 0x0020, 0x0021, 0x0021, 0x0020, 0x0021, 0x0020, 0x0021, 0x0021, 0x0021, 0x0021, 0x0021, 0x0021, 0x0020, 0x0820, 0x4101,
  0x8263, 0xED68, 0xC3E5, 0xE547, 0xFF4E, 0xED67, 0xDCC5, 0xC3C4, 0x8A62, 0x6A03, 0x4942, 0x59A2, 0x20A1, 0x3922, 0x69C2, 0x71E2,
  0x9AA3, 0x5182, 0x8B05, 0xAB65, 0xEDA9, 0xA385, 0x41A3, 0x5A04, 0xB428, 0xB427, 0xDD2A, 0xE5CD, 0xD52B, 0xB428, 0x7244, 0xABC6,
  0xE60C, 0xE60D, 0xDD29, 0xD56C, 0xCD0B, 0x8AE5, 0x9B86, 0x9B67, 0xCDAD, 0xC4EA, 0x1880, 0x0021, 0x0841, 0x0021, 0x0020, 0x0020,
  0x0020, 0x0020, 0x0021, 0x0021, 0x0021, 0x0021, 0x0841, 0x0000, 0x61E3, 0x92E3, 0x48E1, 0xAB65, 0xF5A8, 0xF5C5, 0xE588, 0xEE2B,
  0xFE47, 0xED87, 0xB3A4, 0x38E1, 0x7223, 0x30A0, 0x5162, 0x3901, 0x4101, 0x38E1, 0x8283, 0x4962, 0x82C5, 0x7223, 0x9304, 0xDCA6,
  0x49A2, 0x51C3, 0x7264, 0xAB85, 0xB3C6, 0xB3C6, 0x9346, 0x8B06, 0x7AC5, 0x82C5, 0xFF30, 0xF64B, 0xFE8C, 0xE5CB, 0xE60F, 0xDD6C,
  0xC52E, 0xE62E, 0xC4C9, 0xBC06, 0x61A2, 0x0020, 0x0841, 0x0021, 0x0021, 0x0021, 0x0021, 0x0021, 0x0021, 0x0021, 0x0021, 0x0841,
  0x0000, 0x49C3, 0x8A83, 0xA324, 0xCC25, 0x9262, 0xCC66, 0xF5E8, 0xED66, 0xC404, 0xD4C6, 0xFE49, 0xFDE8, 0x92C3, 0x92E4, 0x92E5,
  0x4941, 0x20A1, 0x3921, 0x1860, 0x4962, 0x59A2, 0x82A4, 0x5182, 0xC488, 0xF5EA, 0x8305, 0xA386, 0xBC07, 0x82E5, 0x6A64, 0xD56C,
  0xC50A, 0xABC7, 0xABE8, 0xCD09, 0xFEEE, 0xFEEE, 0xFF72, 0xFECF, 0xF715, 0xE672, 0xE5ED, 0xCC67, 0xDD28, 0xBC27, 0x8A43, 0x1881,
  0x0020, 0x0841, 0x0021, 0x0021, 0x0021, 0x0021, 0x0021, 0x0021, 0x0020, 0x0841, 0x0000, 0x9365, 0xCCA7, 0x7A23, 0xFEAA, 0xE505,
  0xDCE7, 0x9B25, 0xDD69, 0xF5C7, 0xB301, 0xE60B, 0xFE6A, 0xC3C4, 0x69A2, 0xB3C6, 0x4921, 0x30C1, 0x4942, 0x20A1, 0x4122, 0x4962,
  0x4142, 0x7A84, 0x9B45, 0xF64D, 0xFF71, 0xDD6B, 0x8AA4, 0x9326, 0x4982, 0x9346, 0xE58A, 0xD4E8, 0xB4AA, 0xFFB1, 0xFF2F, 0xFF10,
  0xFF74, 0xDDAD, 0xCD0B, 0xDD08, 0xE569, 0xDD8B, 0xD4C8, 0xBBA6, 0xA305, 0x69E3, 0x0840, 0x0020, 0x0021, 0x0021, 0x0021, 0x0021,
  0x0021, 0x0021, 0x0041, 0x0841, 0x28E1, 0x4141, 0xEDA8, 0xBBC4, 0xD4A5, 0xFE48, 0xFE6C, 0xB3E5, 0xBC46, 0xEDE9, 0xD485, 0xE568,
  0xEE4D, 0xDCE8, 0xBB84, 0xA344, 0x4921, 0x4921, 0x3901, 0x5183, 0x5182, 0x5182, 0x7244, 0x7244, 0x7A64, 0xB3E6, 0xEDCA, 0xDDAB,
  0x8AC4, 0x9B04, 0xA345, 0x9325, 0xEDCB, 0xFECE, 0xFF0F, 0xF6EF, 0x8B67, 0x7AC5, 0xE5AB, 0xC426, 0xDD6B, 0xF5EA, 0xD4E9, 0x92E4,
  0xD52A, 0xC427, 0x69C2, 0xAB86, 0x3922, 0x0000, 0x0841, 0x0021, 0x0021, 0x0020, 0x0021, 0x0841, 0x0021, 0x30E1, 0xCC86, 0x4941,
  0xCC85, 0xFE07, 0xBBC2, 0x9B65, 0xF6AD, 0xFEAB, 0xE567, 0xDD08, 0xDD27, 0xECE5, 0xDC65, 0x82A3, 0xCC65, 0xFD66, 0x4101, 0x3901,
  0x1040, 0x59A3, 0x7224, 0x3901, 0x3901, 0x4982, 0x6A64, 0x9AE4, 0xDD6A, 0xFF50, 0xF5AB, 0xCC68, 0xB428, 0x8AE5, 0xDDCD, 0xFF93,
  0xE5CB, 0xD509, 0x5120, 0x82C4, 0xAB65, 0xE58A, 0xF5CB, 0xEDA9, 0xD445, 0xBC27, 0xDCE8, 0xA324, 0x8264, 0xB3C6, 0x9AE4, 0x1040,
  0x0020, 0x0021, 0x0021, 0x0020, 0x0020, 0x0020, 0x1081, 0x6A02, 0xDD27, 0x9324, 0xAB84, 0xFECB, 0xFE69, 0xDCC4, 0xED88, 0xDCC6,
  0xD4E7, 0xE5AA, 0xCC04, 0xB3A4, 0xE485, 0x7A22, 0x4121, 0xD486, 0x69E3, 0x5982, 0x20A1, 0x5182, 0x30E1, 0x5182, 0x59C3, 0x6224,
  0x51A3, 0x7A63, 0xD4A6, 0xF68F, 0xCCCA, 0xE509, 0xC489, 0x82C4, 0xC468, 0xD54B, 0xE58A, 0xC468, 0x9325, 0x8AC3, 0x7A84, 0xCCA8,
  0xDCC8, 0xED89, 0xE528, 0xFDEA, 0xED07, 0xAB04, 0xB3C6, 0x92C4, 0xAB44, 0x7223, 0x0000, 0x0821, 0x0020, 0x0020, 0x0020, 0x0020,
  0x7A84, 0xB3E6, 0xCC87, 0xD4A7, 0xABA4, 0xD4C6, 0xFE6C, 0xFE8B, 0xFE07, 0xEDC9, 0xB384, 0xAC07, 0xE528, 0xA324, 0xD486, 0xA304,
  0x30A1, 0x7224, 0x5962, 0x79E3, 0x4942, 0x30E1, 0x5182, 0x59A2, 0x5182, 0x4142, 0x82C5, 0xA386, 0xB407, 0xAB86, 0x9B67, 0xABA7,
  0xA387, 0x6A44, 0xABA6, 0x9325, 0xABA6, 0xDD08, 0x8AE4, 0x4921, 0x3901, 0x9B66, 0xDCE8, 0xF588, 0xED27, 0xED27, 0xD4A8, 0xD4A8,
  0x9AE4, 0x9B04, 0xC426, 0x9B04, 0x20A1, 0x0000, 0x0840, 0x0841, 0x0021, 0x6A64, 0xB3E6, 0xABA5, 0xC467, 0xB3C5, 0xCD09, 0xA364,
  0xFEAD, 0xFECD, 0xFE8C, 0xED68, 0xDD6B, 0xBBE5, 0xCC86, 0xABC5, 0xB323, 0x38C0, 0x0000, 0x3942, 0x1880, 0x6982, 0x69C2, 0x1881,
  0x5182, 0x4122, 0x61E3, 0x6204, 0x7285, 0x8AE5, 0x9B45, 0xC488, 0x9B66, 0xA387, 0x6A45, 0x6A44, 0xA365, 0xBC06, 0x8283, 0xABA5,
  0xCC66, 0x59C2, 0x6A02, 0xE5AC, 0xD4C9, 0xD466, 0xB3C5, 0xD4E9, 0xE54A, 0xD466, 0xAB64, 0xBBA5, 0xB385, 0x61C2, 0x4921, 0x1060,
  0x0000, 0x0041, 0x4162, 0xBBE6, 0xCCA7, 0xABC6, 0xCC47, 0xDD29, 0xE527, 0xEDCA, 0xAB85, 0xD56A, 0xEE0C, 0xD509, 0xCC88, 0xDCC7,
  0xCC45, 0xBB84, 0xC405, 0x5941, 0x0000, 0x0000, 0x38E2, 0x8A23, 0x5982, 0x1040, 0x30E1, 0x20A1, 0x59C3, 0x3922, 0x7264, 0x59A3,
  0x9B24, 0xFE0B, 0xB407, 0x8AE6, 0xC448, 0x9B67, 0x59C2, 0x92E4, 0xD4E9, 0xDD49, 0xF5C9, 0xA365, 0xB3A5, 0xC427, 0xDCA7, 0xDCA7,
  0x8AE4, 0xA385, 0xA303, 0x8263, 0x61E2, 0xB3E6, 0x8AA3, 0x1860, 0x6A03, 0x7202, 0x6A44, 0x7243, 0x8AC4, 0x9B05, 0xCC66, 0xED89,
  0xA2E4, 0xEDEA, 0xEE2B, 0xED48, 0xD4A7, 0x92E4, 0x9B24, 0xB406, 0x92C3, 0xBC27, 0xCC46, 0xD465, 0x9AC3, 0xBC06, 0x61E2, 0x4941,
  0x20A2, 0x5122, 0x5941, 0x3901, 0x20C1, 0x30E1, 0x51A2, 0x1061, 0x7A64, 0x7223, 0x8AC4, 0xED49, 0xD4A8, 0xBC48, 0x7A84, 0xA3A7,
  0x7284, 0x82C5, 0xF5EB, 0xF62C, 0xC425, 0xA324, 0x7A43, 0xAB85, 0xCC46, 0xBBE6, 0xA365, 0xA365, 0x6A02, 0x8AC4, 0x7A64, 0xC446,
  0x7243, 0x1840, 0x8AA3, 0x7A63, 0xC406, 0xAB45, 0x8264, 0x59E3, 0xB3A5, 0xBBA5, 0xE528, 0xF5C8, 0xFE8B, 0xFE8E, 0xFF0E, 0xF5EA,
  0xDD29, 0xAB85, 0x5182, 0x7A64, 0x7A43, 0xBC06, 0x8A63, 0xCC05, 0xCC25, 0xDC85, 0x18C2, 0x18A1, 0x5122, 0x4922, 0x1061, 0x4962,
  0x59C3, 0x59E4, 0x6A24, 0x8AC4, 0xABA7, 0xA366, 0xB3A6, 0xC427, 0x9B05, 0x8AE5, 0xC427, 0xBBE6, 0xCC26, 0xB3C6, 0x9305, 0x3102,
  0x59C2, 0x82A4, 0x8B05, 0x59A2, 0x7244, 0xB3C6, 0xA365, 0xAB85, 0x82C4, 0xDCA7, 0x7A43, 0x92C4, 0x92E4, 0x7A23, 0xAB44, 0x9B04,
  0x8AC4, 0x3942, 0x4162, 0x61C2, 0xA344, 0x8AC3, 0xB3E6, 0xDD28, 0xC447, 0x7222, 0x7263, 0xBBC5, 0x8AA4, 0xBC47, 0x9B25, 0x8A83,
  0x9AE3, 0xCC05, 0xB364, 0xD466, 0x20E2, 0x1081, 0x2081, 0x5942, 0x28C1, 0x28C1, 0x51A3, 0x51A3, 0x3102, 0x82A5, 0x7264, 0x51C3,
  0x61C3, 0xAB86, 0xA345, 0x8284, 0xAB85, 0xB3E6, 0xC405, 0x7A63, 0x4982, 0x6A23, 0x6A02, 0x8A83, 0xABA5, 0x8AA3, 0x92C3, 0x9B03,
  0xCC45, 0x7243, 0x59A2, 0xBBC5, 0x9B05, 0xD4C8, 0xA324, 0xA2E3, 0x92A3, 0x8283, 0x8AA4, 0x59C3, 0x28C1, 0x4962, 0x6A03, 0x28A1,
  0x7223, 0x9B03, 0x5961, 0x3942, 0x1020, 0x8AA4, 0x4921, 0x7222, 0x61C2, 0x8263, 0xBBC6, 0x5921, 0x7A22, 0xBB84, 0x20E3, 0x20C2,
  0x20C2, 0x30A1, 0x4101, 0x28C1, 0x3902, 0x6A03, 0x6A03, 0x59C3, 0x6A24, 0x20C1, 0x7A84, 0xBC06, 0x61E3, 0x82A4, 0x6A03, 0x8AA4,
  0xBBA5, 0xABA6, 0x7A63, 0xAB44, 0xAB44, 0xA324, 0xAB85, 0xA324, 0xB3A4, 0x6A02, 0x8282, 0x7A62, 0x8AC3, 0xC3C5, 0xAB65, 0xCC26,
  0x9AC3, 0xC3E6, 0x92C4, 0x7202, 0xA345, 0x9B45, 0x5162, 0x59C3, 0x82C5, 0x1040, 0x3101, 0xAB64, 0x4961, 0x1880, 0x1040, 0x7A63,
  0x61A2, 0x38E1, 0x2060, 0x4941, 0x92E4, 0x8264, 0x38A0, 0xAB23, 0x1081, 0x2903, 0x18C2, 0x1881, 0x30C1, 0x1040, 0x30E2, 0x5183,
  0x59A3, 0x5182, 0x7264, 0x6204, 0xC447, 0x9B45, 0x4983, 0x6A24, 0x20C1, 0x9305, 0x8A83, 0xBC27, 0xC406, 0xA386, 0xAB85, 0x8AA3,
  0xA344, 0x9B03, 0x9B44, 0x7A63, 0x59C2, 0xB3A4, 0xF568, 0xCC46, 0xC448, 0xCC06, 0x7202, 0xAB86, 0x8AA3, 0x7202, 0x8AA4, 0x6A03,
  0x7264, 0x8284, 0x9326, 0x4141, 0x2080, 0x69C2, 0x71E2, 0x4121, 0x3901, 0x61C2, 0x8A83, 0x92A3, 0x5982, 0x5162, 0x1860, 0x69E3,
  0x8A63, 0xCBA5, 0x0841, 0x18C2, 0x20E2, 0x18A2, 0x4942, 0x20A1, 0x28C2, 0x28C1, 0x3922, 0x3922, 0x6A24, 0x7244, 0xDCE8, 0x8AA4,
  0x6204, 0x51A3, 0x49A3, 0x9B25, 0xA303, 0xB385, 0xA365, 0x8283, 0xA365, 0x9304, 0xA344, 0xABA5, 0x82A4, 0xB3E6, 0x8262, 0xCC66,
  0xF568, 0x9B45, 0x92E4, 0xAB44, 0x61E3, 0x8A83, 0x8A83, 0x7203, 0x7223, 0x61C2, 0x9B05, 0x8A83, 0x61C2, 0x59A2, 0x28C1, 0x8283,
  0xBB84, 0x9AE4, 0x7A23, 0xDC26, 0xBB64, 0x7A02, 0x61A2, 0x4942, 0x1040, 0x28C1, 0x2080, 0xAB03, 0x0861, 0x0841, 0x18A2, 0x1081,
  0x28E2, 0x3902, 0x28C2, 0x30E2, 0x3102, 0x28E2, 0x30E2, 0x7A64, 0xB3A6, 0x7223, 0x7A64, 0x30E1, 0x7AA6, 0xBC07, 0xDC86, 0xCC04,
  0x9B04, 0xCBE4, 0x9282, 0xABC6, 0xCC67, 0xA365, 0xC406, 0xDD29, 0xD486, 0xCC46, 0xB3C6, 0x6A23, 0x7243, 0x8A84, 0x8284, 0x7A43,
  0x61C2, 0x3901, 0xA344, 0x92A3, 0x8243, 0x9AE4, 0xA304, 0x4121, 0x0820, 0x7202, 0xD3C4, 0x69C2, 0x28C1, 0x5981, 0x71E2, 0x8263,
  0x5141, 0x5162, 0x59A3, 0x6A03, 0x61A2, 0xB344, 0x0861, 0x0861, 0x0861, 0x1881, 0x28C2, 0x5962, 0x28C1, 0x1061, 0x3102, 0x3102,
  0x3922, 0x8AC4, 0xA345, 0x51A3, 0xBC07, 0xA324, 0x8284, 0x9326, 0xF589, 0xE4E7, 0xDCE8, 0xDD09, 0xC3E5, 0xE56A, 0xDD08, 0xBBC5,
  0xDCE7, 0xF60B, 0xE548, 0xD446, 0xBC48, 0x4121, 0x4982, 0x82A4, 0x61E3, 0x8263, 0x61C2, 0x4142, 0x92C4, 0x6A03, 0x7203, 0xC3C6,
  0xB365, 0x9AE4, 0x5161, 0x92A3, 0x71C2, 0x7A23, 0x5162, 0x7202, 0x61A2, 0xAB04, 0x4941, 0x1880, 0x6A24, 0x5183, 0x2080, 0xBB64,
  0x1081, 0x0861, 0x0841, 0x1881, 0x4123, 0x69C3, 0x4142, 0x18A1, 0x28E2, 0x3102, 0x20C2, 0x4983, 0x82E5, 0x3901, 0x82E5, 0xFE0B,
  0xBBC5, 0x8243, 0xDD6B, 0x82E6, 0x9B25, 0xDD6B, 0x9B46, 0xDD6B, 0xF588, 0xCC05, 0xE54A, 0xFE8D, 0xE4E7, 0xDCA7, 0x7A84, 0x1060,
  0x4962, 0x8284, 0x7223, 0x92C3, 0x61C3, 0x4142, 0x7A23, 0x61C3, 0x7223, 0xAB65, 0x7223, 0x9B04, 0x92C4, 0xAB03, 0x8A63, 0x8223,
  0x8263, 0x8A83, 0xB344, 0xB323, 0x69C2, 0x30E1, 0x28C1, 0x5162, 0x40E0, 0xCBE4, 0x0861, 0x0861, 0x0861, 0x0841, 0x20A1, 0x28E2,
  0x4963, 0x30E2, 0x3922, 0x20C2, 0x18A2, 0x20A1, 0x1881, 0x4163, 0x4122, 0x9B86, 0xF5CB, 0xBBC6, 0xCC67, 0xA3A7, 0xD487, 0xD4A8,
  0x82A4, 0x7AA5, 0xC426, 0xE4E7, 0xFDA9, 0xF5CA, 0xD4C8, 0x9B25, 0x20C1, 0x1060, 0x61E3, 0x9305, 0x61E3, 0x61E3, 0x59C3, 0x7223,
  0x8283, 0x61E3, 0x7203, 0x7223, 0x30E1, 0x4942, 0x8AA4, 0xA324, 0x61C2, 0x8283, 0x69E2, 0x71E2, 0x92A3, 0x9AC3, 0x6182, 0x5161,
  0x0800, 0x7A22, 0xECC6, 0x8A41, 0x0861, 0x0861, 0x1082, 0x1082, 0x0041, 0x1881, 0x3922, 0x4143, 0x4943, 0x20C2, 0x28E2, 0x18A1,
  0x1081, 0x51C4, 0x51C4, 0x59C3, 0xCCEA, 0xED49, 0xE528, 0x9B04, 0xDD2A, 0xEDED, 0xC427, 0x69E2, 0x6A03, 0xC427, 0xBC27, 0x7A84,
  0x8AE5, 0x8B06, 0x1040, 0x4962, 0x59C3, 0x82C5, 0x92C5, 0x28C1, 0x3102, 0x8AC4, 0x7243, 0x6A23, 0x61C2, 0x6A03, 0x59C3, 0x30E1,
  0x3901, 0x69E2, 0x69C2, 0x9AE4, 0x9AC4, 0x61C2, 0x8264, 0x71E2, 0x5141, 0x8AA3, 0x8A63, 0xD446, 0xB384, 0x38C0, 0x1082, 0x0861,
  0x0861, 0x1082, 0x0882, 0x0861, 0x1081, 0x28E2, 0x30E2, 0x28E2, 0x30E2, 0x20C1, 0x20A1, 0x20E2, 0x59C4, 0x4122, 0xAC28, 0xC468,
  0x9B66, 0xF5EC, 0xED8A, 0xC447, 0x9AE4, 0xABC7, 0xBC69, 0x9B05, 0x9306, 0x51E3, 0x6A23, 0x51A2, 0x1061, 0x59C3, 0x51A3, 0x51A3,
  0x7224, 0x3922, 0x3922, 0x7A43, 0x59A2, 0x5182, 0x4962, 0x3921, 0x7244, 0x4122, 0x1060, 0x4942, 0x5182, 0x6A02, 0x8243, 0x4942,
  0x5162, 0x5182, 0x8A42, 0xD446, 0xEC85, 0xA282, 0x4100, 0x59C2,
};
static const uint8_t hl_alpha[3944] = {
  0, 0, 0, 0, 0, 0, 0, 0, 0, 0, 0, 0, 0, 0, 0, 0, 0, 0, 0, 0, 0, 0, 0, 0,
  0, 0, 0, 0, 0, 0, 157, 62, 0, 0, 0, 0, 0, 0, 0, 0, 0, 0, 0, 0, 0, 0, 0, 0,
  0, 0, 0, 0, 0, 0, 0, 0, 0, 0, 0, 0, 0, 0, 0, 0, 0, 0, 0, 0, 0, 0, 0, 0,
  0, 0, 0, 0, 0, 0, 0, 0, 0, 0, 0, 0, 0, 0, 0, 116, 255, 255, 243, 154, 62, 0, 0, 0,
  0, 0, 0, 0, 0, 0, 0, 0, 0, 0, 0, 0, 0, 0, 0, 0, 0, 0, 0, 0, 0, 0, 0, 0,
  0, 0, 0, 0, 0, 0, 0, 0, 0, 0, 0, 0, 0, 0, 0, 0, 0, 0, 0, 0, 0, 120, 214, 255,
  60, 249, 255, 255, 255, 250, 138, 75, 27, 0, 0, 0, 0, 0, 0, 0, 0, 0, 0, 0, 0, 0, 0, 0,
  0, 0, 0, 0, 0, 0, 0, 0, 0, 0, 0, 0, 0, 0, 0, 0, 0, 0, 0, 0, 0, 0, 0, 0,
  0, 0, 0, 0, 255, 255, 255, 255, 255, 255, 0, 255, 255, 255, 255, 255, 186, 122, 60, 0, 0, 0, 0, 0,
  0, 0, 0, 0, 0, 0, 0, 0, 0, 0, 0, 0, 0, 0, 0, 0, 0, 0, 0, 0, 0, 0, 0, 0,
  0, 0, 0, 0, 0, 0, 0, 0, 0, 0, 0, 0, 0, 102, 255, 255, 255, 255, 255, 255, 79, 255, 255, 255,
  255, 255, 219, 145, 67, 0, 0, 0, 0, 0, 0, 0, 0, 0, 0, 0, 0, 0, 0, 0, 0, 0, 0, 0,
  0, 0, 0, 0, 0, 0, 0, 0, 0, 0, 0, 0, 0, 0, 0, 0, 0, 0, 0, 0, 0, 0, 0, 255,
  255, 255, 255, 255, 255, 166, 203, 255, 255, 255, 255, 255, 244, 163, 78, 0, 0, 0, 0, 0, 0, 0, 0, 0,
  0, 0, 0, 0, 0, 0, 0, 0, 0, 0, 0, 0, 0, 0, 0, 0, 0, 0, 0, 0, 0, 0, 0, 0,
  0, 0, 0, 0, 0, 0, 0, 0, 46, 255, 255, 255, 255, 255, 255, 0, 255, 255, 255, 255, 255, 255, 251, 170,
  82, 0, 0, 0, 0, 0, 0, 0, 0, 0, 0, 0, 0, 0, 0, 0, 0, 0, 0, 0, 0, 0, 0, 0,
  0, 0, 0, 0, 0, 0, 0, 0, 0, 0, 0, 0, 0, 0, 0, 0, 0, 0, 255, 255, 255, 255, 255, 255,
  255, 0, 255, 255, 255, 255, 255, 255, 253, 167, 74, 0, 0, 0, 0, 0, 0, 0, 0, 0, 0, 0, 0, 0,
  0, 0, 0, 0, 0, 0, 0, 0, 0, 0, 0, 0, 0, 0, 0, 0, 0, 0, 0, 0, 0, 0, 0, 0,
  0, 0, 53, 255, 255, 255, 255, 255, 255, 255, 255, 42, 255, 255, 255, 255, 255, 255, 249, 157, 51, 0, 0, 0,
  0, 0, 0, 0, 0, 0, 0, 0, 0, 0, 0, 0, 0, 0, 0, 0, 0, 0, 0, 0, 0, 0, 0, 0,
  0, 0, 0, 0, 0, 0, 0, 0, 0, 0, 0, 0, 255, 255, 255, 255, 255, 255, 255, 255, 205, 163, 255, 255,
  255, 255, 255, 255, 239, 147, 36, 0, 0, 0, 0, 0, 0, 0, 0, 0, 0, 0, 0, 0, 0, 0, 0, 0,
  0, 0, 0, 0, 0, 0, 0, 0, 0, 0, 0, 0, 0, 0, 0, 0, 0, 0, 0, 0, 0, 69, 255, 255,
  255, 255, 255, 255, 255, 255, 134, 224, 255, 255, 255, 255, 255, 255, 235, 147, 36, 0, 0, 0, 0, 0, 0, 0,
  0, 0, 0, 0, 0, 0, 0, 0, 0, 0, 0, 0, 0, 0, 0, 0, 0, 0, 0, 0, 0, 0, 0, 0,
  0, 82, 123, 32, 0, 0, 0, 255, 255, 255, 255, 255, 255, 255, 255, 255, 0, 255, 255, 255, 255, 255, 255, 255,
  255, 174, 57, 0, 0, 0, 0, 0, 0, 0, 0, 0, 0, 0, 0, 0, 0, 0, 0, 0, 0, 0, 0, 0,
  0, 0, 0, 0, 0, 114, 255, 201, 167, 147, 255, 202, 116, 57, 0, 0, 81, 255, 255, 255, 255, 255, 255, 255,
  255, 255, 0, 255, 255, 255, 255, 255, 255, 255, 235, 142, 40, 0, 0, 0, 0, 0, 0, 0, 0, 0, 0, 0,
  0, 0, 0, 0, 0, 0, 0, 0, 0, 0, 0, 0, 0, 54, 234, 232, 175, 255, 255, 255, 255, 255, 255, 255,
  237, 42, 255, 255, 255, 255, 255, 255, 255, 255, 255, 255, 0, 255, 255, 255, 255, 255, 255, 255, 204, 105, 0, 0,
  0, 0, 0, 0, 0, 0, 0, 0, 0, 0, 0, 0, 0, 0, 0, 0, 0, 0, 0, 0, 0, 0, 33, 194,
  255, 255, 249, 227, 255, 255, 255, 255, 255, 255, 255, 255, 255, 255, 255, 255, 255, 255, 255, 255, 255, 255, 0, 255,
  255, 255, 255, 255, 255, 250, 170, 70, 0, 0, 0, 0, 0, 0, 0, 0, 0, 0, 0, 0, 0, 0, 0, 0,
  0, 0, 0, 0, 0, 0, 0, 0, 156, 149, 255, 255, 255, 247, 255, 255, 255, 255, 255, 255, 255, 255, 255, 255,
  255, 255, 255, 255, 255, 255, 255, 255, 33, 255, 255, 255, 255, 255, 255, 203, 112, 0, 0, 0, 0, 0, 0, 0,
  0, 0, 0, 0, 0, 0, 0, 0, 0, 0, 0, 0, 0, 0, 0, 0, 0, 0, 163, 105, 192, 225, 228, 230,
  255, 255, 255, 255, 255, 255, 255, 255, 255, 255, 255, 255, 255, 255, 255, 255, 255, 255, 96, 255, 255, 255, 255, 255,
  209, 133, 46, 0, 0, 0, 0, 0, 0, 0, 0, 0, 0, 0, 0, 0, 0, 0, 0, 0, 0, 0, 0, 0,
  0, 0, 0, 52, 117, 255, 227, 255, 255, 255, 255, 255, 255, 255, 255, 255, 255, 255, 255, 255, 255, 255, 255, 255,
  255, 255, 255, 191, 119, 255, 255, 255, 249, 183, 111, 44, 0, 0, 0, 0, 0, 0, 0, 0, 0, 0, 0, 0,
  0, 0, 0, 0, 0, 0, 0, 0, 0, 0, 0, 0, 0, 121, 57, 114, 214, 245, 255, 255, 255, 255, 255, 255,
  255, 255, 255, 255, 255, 255, 255, 255, 255, 255, 255, 255, 255, 170, 112, 255, 253, 208, 161, 104, 0, 0, 0, 0,
  0, 0, 0, 0, 0, 0, 0, 0, 0, 0, 0, 0, 0, 0, 0, 0, 0, 0, 0, 0, 0, 0, 0, 55,
  72, 143, 255, 255, 255, 181, 178, 255, 255, 255, 247, 248, 255, 255, 255, 255, 255, 255, 255, 255, 255, 255, 255, 168,
  100, 205, 173, 127, 88, 32, 0, 0, 0, 0, 0, 0, 0, 0, 0, 0, 0, 0, 0, 0, 0, 0, 0, 0,
  0, 0, 0, 0, 0, 0, 0, 0, 0, 111, 101, 127, 148, 221, 255, 40, 34, 78, 222, 206, 210, 213, 241, 255,
  255, 255, 255, 255, 255, 255, 255, 255, 255, 142, 50, 79, 58, 37, 0, 0, 0, 0, 0, 0, 0, 0, 0, 0,
  0, 0, 0, 0, 0, 0, 0, 0, 0, 0, 0, 0, 0, 0, 47, 0, 0, 0, 0, 107, 122, 159, 255, 177,
  187, 0, 0, 0, 191, 255, 249, 212, 239, 255, 255, 255, 255, 255, 255, 255, 255, 255, 255, 105, 0, 0, 0, 0,
  0, 0, 0, 0, 0, 0, 0, 0, 0, 0, 0, 0, 0, 0, 0, 0, 0, 0, 0, 0, 0, 0, 0, 0,
  0, 0, 0, 0, 0, 84, 164, 137, 173, 126, 117, 80, 0, 0, 230, 222, 202, 161, 114, 106, 255, 255, 255, 255,
  255, 255, 255, 255, 255, 81, 0, 0, 0, 0, 0, 0, 0, 0, 0, 0, 0, 0, 0, 0, 0, 0, 0, 0,
  0, 0, 0, 0, 0, 0, 0, 0, 0, 0, 0, 0, 210, 101, 0, 66, 110, 143, 230, 0, 0, 0, 125, 152,
  126, 248, 198, 89, 136, 77, 194, 255, 255, 255, 255, 255, 254, 211, 255, 37, 0, 0, 0, 0, 0, 0, 0, 0,
  0, 0, 0, 0, 0, 0, 0, 0, 0, 0, 0, 0, 0, 0, 0, 0, 0, 0, 0, 0, 0, 0, 0, 0,
  0, 42, 72, 87, 232, 0, 0, 0, 199, 74, 39, 156, 174, 94, 0, 158, 165, 255, 255, 153, 215, 194, 232, 255,
  159, 0, 0, 0, 0, 0, 0, 0, 0, 0, 0, 0, 0, 0, 0, 0, 0, 0, 0, 0, 0, 0, 0, 0,
  0, 0, 0, 0, 0, 0, 0, 0, 0, 0, 52, 56, 0, 31, 145, 0, 0, 48, 98, 0, 46, 102, 52, 64,
  66, 79, 96, 235, 255, 101, 59, 176, 136, 72, 26, 0, 0, 0, 0, 0, 0, 0, 0, 0, 0, 0, 0, 0,
  0, 0, 0, 0, 0, 0, 0, 0, 0, 0, 0, 0, 0, 0, 0, 0, 0, 0, 0, 0, 0, 0, 0, 0,
  45, 42, 36, 0, 28, 0, 26, 0, 0, 46, 0, 106, 125, 198, 193, 93, 154, 57, 45, 101, 29, 0, 0, 0,
  0, 0, 0, 0, 0, 0, 0, 0, 0, 0, 0, 0, 0, 0, 0, 0, 0, 0, 0, 0, 0, 0, 0, 0,
  0, 0, 0, 0, 0, 0, 0, 0, 0, 0, 74, 0, 42, 0, 0, 0, 0, 0, 0, 0, 34, 88, 107, 121,
  123, 116, 133, 59, 0, 47, 136, 0, 0, 0, 0, 0, 0, 0, 0, 0, 0, 0, 0, 0, 0, 0, 0, 0,
  0, 0, 0, 0, 0, 0, 0, 0, 0, 0, 0, 0, 0, 0, 0, 0, 0, 0, 0, 35, 120, 0, 110, 79,
  37, 0, 0, 0, 0, 0, 0, 27, 47, 0, 81, 84, 60, 78, 0, 0, 0, 0, 0, 0, 0, 0, 0, 0,
  0, 0, 0, 0, 0, 0, 0, 0, 0, 0, 0, 0, 0, 0, 0, 0, 0, 0, 0, 0, 0, 0, 0, 0,
  0, 0, 0, 0, 0, 0, 45, 0, 34, 54, 81, 47, 0, 45, 0, 34, 0, 0, 0, 0, 63, 26, 34, 0,
  66, 0, 0, 0, 0, 0, 0, 0, 0, 0, 0, 0, 0, 0, 0, 0, 0, 0, 0, 0, 0, 0, 0, 0,
  0, 0, 0, 0, 0, 0, 0, 0, 0, 0, 0, 0, 0, 26, 0, 92, 0, 0, 72, 50, 38, 0, 37, 32,
  53, 32, 31, 0, 0, 0, 41, 35, 28, 0, 0, 0, 0, 0, 0, 0, 0, 0, 0, 0, 0, 0, 0, 0,
  0, 0, 0, 0, 0, 0, 0, 0, 0, 0, 0, 0, 0, 0, 0, 0, 0, 0, 0, 0, 0, 0, 0, 0,
  52, 51, 0, 0, 30, 0, 34, 0, 44, 42, 61, 0, 0, 0, 65, 32, 38, 0, 0, 0, 0, 0, 0, 0,
  0, 0, 0, 0, 0, 0, 0, 0, 0, 0, 0, 0, 0, 0, 0, 0, 0, 0, 0, 0, 0, 0, 0, 0,
  0, 0, 0, 0, 0, 0, 0, 0, 0, 0, 0, 0, 0, 0, 0, 0, 28, 47, 31, 0, 0, 0, 33, 67,
  82, 89, 61, 0, 51, 0, 0, 0, 0, 0, 0, 0, 0, 0, 0, 0, 0, 0, 0, 0, 0, 0, 0, 0,
  0, 0, 0, 0, 0, 0, 0, 0, 0, 0, 0, 0, 0, 0, 0, 0, 0, 0, 0, 0, 0, 0, 0, 0,
  0, 0, 0, 39, 0, 0, 0, 0, 0, 0, 30, 0, 0, 0, 0, 0, 0, 0, 0, 0, 0, 0, 0, 0,
  0, 0, 0, 0, 0, 0, 0, 0, 0, 0, 0, 0, 0, 0, 0, 0, 0, 0, 0, 0, 0, 0, 0, 0,
  0, 0, 0, 0, 0, 0, 0, 0, 0, 0, 0, 0, 0, 0, 0, 0, 64, 51, 0, 0, 0, 0, 0, 0,
  0, 0, 0, 0, 0, 0, 0, 0, 0, 0, 0, 0, 0, 0, 0, 0, 0, 0, 0, 0, 0, 0, 0, 0,
  0, 0, 0, 0, 0, 0, 0, 0, 0, 0, 0, 0, 0, 0, 0, 0, 0, 0, 0, 0, 0, 0, 0, 0,
  0, 0, 44, 0, 0, 0, 0, 0, 0, 0, 0, 0, 0, 0, 0, 0, 0, 0, 0, 0, 0, 0, 0, 0,
  0, 0, 0, 0, 0, 0, 0, 0, 0, 0, 0, 0, 0, 0, 0, 0, 0, 0, 0, 0, 0, 0, 0, 0,
  0, 0, 0, 0, 0, 0, 0, 0, 82, 0, 0, 0, 0, 0, 0, 0, 0, 0, 0, 0, 0, 0, 0, 0,
  0, 0, 0, 0, 0, 0, 0, 0, 0, 0, 0, 0, 0, 0, 0, 0, 0, 0, 0, 0, 0, 0, 0, 0,
  0, 0, 0, 0, 0, 0, 0, 0, 0, 0, 0, 0, 0, 0, 0, 0, 0, 0, 60, 0, 0, 0, 0, 0,
  0, 0, 0, 0, 0, 0, 0, 0, 0, 0, 0, 0, 0, 0, 0, 0, 0, 0, 0, 0, 0, 0, 0, 0,
  0, 0, 0, 0, 0, 0, 0, 0, 0, 0, 0, 0, 0, 0, 0, 0, 0, 0, 0, 0, 0, 0, 0, 0,
  0, 0, 0, 0, 0, 0, 0, 68, 33, 0, 0, 0, 0, 0, 0, 0, 0, 0, 0, 0, 0, 0, 0, 0,
  0, 0, 0, 0, 0, 0, 0, 0, 0, 0, 0, 0, 0, 0, 0, 0, 0, 0, 0, 0, 0, 0, 0, 0,
  0, 0, 0, 0, 0, 0, 0, 0, 0, 0, 0, 0, 0, 0, 0, 0, 0, 0, 0, 0, 50, 0, 0, 0,
  0, 0, 0, 0, 0, 0, 0, 0, 0, 0, 0, 0, 0, 0, 0, 0, 0, 0, 0, 0, 0, 0, 0, 0,
  0, 0, 0, 0, 0, 0, 0, 0, 0, 0, 0, 0, 0, 0, 0, 0, 0, 0, 0, 0, 0, 0, 0, 0,
  0, 58, 0, 0, 0, 0, 0, 0, 0, 0, 0, 0, 0, 0, 0, 0, 0, 0, 0, 0, 0, 0, 0, 0,
  0, 0, 0, 0, 0, 0, 0, 0, 0, 0, 0, 0, 0, 0, 0, 0, 0, 0, 0, 0, 0, 0, 0, 0,
  0, 0, 0, 0, 0, 0, 0, 0, 0, 0, 0, 132, 36, 0, 0, 0, 0, 0, 0, 0, 0, 0, 0, 0,
  0, 0, 0, 0, 0, 0, 0, 0, 0, 0, 0, 0, 0, 0, 0, 0, 0, 0, 0, 0, 0, 0, 0, 0,
  0, 0, 0, 0, 0, 0, 0, 0, 0, 0, 0, 0, 0, 0, 0, 0, 0, 0, 0, 0, 0, 0, 0, 0,
  0, 0, 0, 0, 0, 0, 0, 30, 0, 80, 0, 0, 0, 0, 0, 0, 0, 0, 0, 0, 0, 0, 0, 0,
  0, 0, 0, 0, 0, 0, 0, 0, 0, 0, 0, 0, 0, 0, 0, 0, 0, 0, 0, 0, 0, 0, 0, 0,
  0, 0, 0, 0, 0, 0, 0, 0, 0, 0, 81, 177, 91, 0, 42, 0, 0, 0, 100, 0, 90, 99, 0, 0,
  0, 0, 0, 0, 0, 0, 0, 0, 0, 0, 0, 0, 0, 0, 0, 0, 0, 0, 0, 0, 0, 0, 0, 0,
  0, 0, 0, 0, 0, 0, 0, 0, 0, 0, 0, 0, 0, 0, 0, 0, 0, 0, 0, 0, 0, 58, 30, 0,
  0, 0, 0, 0, 164, 0, 0, 0, 0, 0, 0, 0, 0, 0, 0, 0, 0, 0, 0, 0, 0, 0, 0, 0,
  0, 0, 0, 0, 0, 0, 0, 0, 0, 0, 33, 0, 0, 0, 0, 0, 0, 0, 0, 0, 0, 0, 0, 0,
  0, 0, 0, 0, 0, 0, 0, 0, 0, 34, 0, 0, 0, 0, 42, 0, 0, 0, 0, 0, 0, 0, 0, 0,
  0, 0, 0, 0, 0, 0, 0, 0, 0, 0, 0, 0, 0, 0, 0, 0, 0, 0, 0, 0, 0, 0, 0, 0,
  0, 0, 0, 0, 0, 0, 0, 0, 0, 0, 0, 0, 0, 0, 0, 0, 0, 0, 0, 70, 0, 0, 0, 0,
  0, 0, 0, 0, 31, 0, 0, 0, 0, 0, 0, 0, 0, 0, 0, 0, 0, 0, 0, 0, 0, 0, 0, 0,
  0, 0, 0, 0, 0, 0, 0, 0, 0, 0, 0, 0, 0, 0, 0, 0, 0, 0, 0, 0, 0, 0, 0, 0,
  0, 0, 0, 0, 0, 0, 0, 0, 0, 0, 0, 0, 0, 0, 141, 28, 140, 63, 0, 0, 0, 0, 0, 0,
  0, 0, 0, 0, 0, 0, 0, 0, 0, 0, 0, 0, 0, 0, 0, 0, 0, 0, 0, 0, 0, 0, 0, 0,
  0, 0, 0, 0, 0, 0, 0, 0, 0, 0, 0, 0, 0, 0, 0, 53, 0, 0, 0, 0, 0, 0, 121, 28,
  255, 255, 65, 0, 0, 0, 0, 0, 0, 0, 0, 0, 0, 0, 0, 0, 0, 0, 0, 0, 0, 0, 0, 0,
  0, 0, 0, 0, 0, 0, 0, 0, 0, 0, 0, 0, 0, 0, 0, 0, 0, 0, 0, 0, 67, 0, 0, 0,
  0, 0, 0, 0, 27, 0, 64, 0, 152, 129, 0, 0, 0, 0, 0, 0, 0, 0, 0, 0, 0, 0, 0, 0,
  0, 0, 0, 0, 0, 0, 0, 0, 0, 0, 0, 0, 0, 0, 0, 0, 49, 0, 0, 0, 0, 0, 0, 0,
  0, 0, 0, 0, 0, 0, 0, 0, 0, 0, 0, 0, 0, 0, 0, 0, 0, 0, 30, 0, 39, 0, 0, 0,
  0, 0, 0, 0, 0, 0, 0, 0, 0, 0, 0, 0, 0, 0, 0, 0, 0, 0, 0, 0, 0, 0, 0, 0,
  0, 0, 0, 0, 0, 0, 0, 0, 0, 0, 0, 0, 0, 0, 0, 0, 0, 0, 0, 0, 0, 0, 0, 99,
  0, 0, 0, 0, 0, 0, 0, 0, 0, 0, 0, 0, 0, 0, 0, 0, 0, 0, 0, 0, 0, 0, 0, 0,
  0, 0, 0, 0, 0, 0, 0, 0, 0, 0, 0, 0, 0, 0, 0, 0, 0, 0, 0, 0, 0, 0, 0, 0,
  0, 0, 0, 0, 0, 0, 0, 0, 0, 0, 0, 0, 0, 0, 0, 0, 0, 0, 0, 0, 0, 0, 0, 0,
  0, 0, 0, 0, 0, 0, 0, 0, 0, 0, 0, 0, 0, 0, 0, 0, 0, 0, 0, 0, 0, 0, 0, 0,
  0, 0, 0, 0, 0, 0, 0, 0, 0, 0, 0, 0, 0, 0, 0, 0, 0, 0, 0, 0, 0, 0, 0, 0,
  0, 0, 0, 0, 0, 0, 0, 0, 0, 0, 0, 0, 0, 0, 0, 0, 0, 0, 0, 0, 0, 0, 0, 0,
  0, 0, 0, 0, 0, 0, 0, 0, 0, 0, 0, 0, 0, 0, 0, 0, 0, 0, 0, 0, 0, 0, 0, 0,
  0, 0, 0, 0, 0, 0, 0, 0, 0, 0, 0, 32, 0, 0, 0, 0, 0, 0, 0, 0, 0, 0, 0, 0,
  0, 0, 0, 0, 0, 0, 0, 0, 0, 0, 0, 0, 0, 0, 0, 0, 0, 0, 0, 0, 0, 0, 0, 0,
  0, 0, 0, 0, 0, 0, 0, 0, 0, 0, 0, 0, 0, 0, 0, 0, 0, 0, 0, 0, 0, 0, 0, 0,
  0, 0, 0, 0, 0, 0, 0, 0, 0, 0, 0, 0, 0, 0, 0, 0, 0, 0, 0, 0, 0, 0, 0, 0,
  0, 0, 0, 0, 0, 0, 0, 0, 0, 0, 0, 0, 0, 0, 0, 0, 0, 0, 0, 0, 0, 0, 0, 0,
  0, 0, 0, 0, 0, 0, 0, 0, 0, 0, 0, 0, 0, 0, 0, 0, 0, 0, 0, 0, 0, 0, 0, 0,
  0, 0, 0, 0, 0, 0, 0, 0, 0, 0, 0, 0, 0, 0, 0, 0, 0, 0, 0, 0, 0, 0, 0, 0,
  0, 0, 0, 0, 0, 0, 0, 0, 0, 0, 0, 0, 0, 0, 0, 0, 0, 0, 0, 0, 0, 0, 0, 0,
  0, 0, 0, 0, 0, 0, 0, 0, 0, 0, 0, 0, 0, 0, 0, 0, 0, 0, 0, 0, 0, 0, 0, 0,
  0, 0, 0, 0, 0, 0, 0, 0, 0, 0, 0, 0, 0, 0, 0, 0, 0, 0, 0, 0, 0, 0, 0, 0,
  0, 0, 0, 0, 0, 0, 0, 0, 0, 0, 0, 0, 0, 0, 0, 0, 0, 0, 0, 0, 0, 0, 0, 0,
  0, 0, 0, 0, 0, 0, 0, 0, 0, 0, 0, 0, 0, 0, 0, 0, 0, 0, 0, 0, 0, 0, 0, 0,
  0, 0, 0, 0, 0, 0, 0, 0, 0, 0, 0, 0, 0, 0, 0, 0, 0, 0, 0, 0, 0, 0, 0, 0,
  0, 0, 0, 0, 0, 0, 0, 0, 0, 0, 0, 0, 0, 0, 0, 0, 0, 0, 0, 0, 0, 0, 0, 0,
  0, 0, 0, 0, 0, 0, 0, 0, 0, 0, 0, 0, 0, 0, 0, 0, 0, 0, 0, 0, 0, 0, 0, 0,
  0, 0, 0, 0, 0, 0, 0, 0, 0, 0, 0, 0, 0, 0, 0, 0, 0, 0, 0, 0, 0, 0, 0, 0,
  0, 0, 0, 0, 0, 0, 0, 0, 0, 0, 0, 0, 0, 0, 0, 0, 0, 0, 0, 0, 0, 0, 0, 0,
  0, 0, 0, 0, 0, 0, 0, 0, 0, 0, 0, 0, 0, 0, 0, 0, 0, 0, 0, 0, 0, 0, 0, 0,
  0, 0, 0, 0, 0, 0, 0, 0, 0, 0, 0, 0, 0, 0, 0, 0, 0, 0, 0, 0, 0, 0, 0, 0,
  0, 0, 0, 0, 0, 0, 0, 0, 0, 0, 0, 0, 0, 0, 0, 0, 0, 0, 0, 0, 0, 0, 0, 0,
  0, 0, 0, 0, 0, 0, 0, 0, 0, 0, 0, 0, 0, 0, 0, 0, 0, 0, 0, 0, 0, 0, 0, 0,
  0, 0, 0, 0, 0, 0, 0, 0, 0, 0, 0, 0, 0, 0, 0, 0, 0, 0, 0, 0, 0, 0, 0, 0,
  0, 0, 0, 0, 0, 0, 0, 0, 0, 0, 0, 0, 0, 0, 0, 0, 0, 0, 0, 0, 0, 0, 0, 0,
  0, 0, 0, 0, 0, 0, 0, 0, 0, 0, 0, 0, 0, 0, 0, 0, 0, 0, 0, 0, 0, 0, 0, 0,
  0, 0, 0, 0, 0, 0, 0, 0, 0, 0, 0, 0, 0, 0, 0, 0, 0, 0, 0, 0, 0, 0, 0, 0,
  0, 0, 0, 0, 0, 0, 0, 0, 0, 0, 0, 0, 0, 0, 0, 0, 0, 0, 0, 0, 0, 0, 0, 0,
  0, 0, 0, 0, 0, 0, 0, 0, 0, 0, 0, 0, 0, 0, 0, 0, 0, 0, 0, 0, 0, 0, 0, 0,
  0, 0, 0, 0, 0, 0, 0, 0, 0, 0, 0, 0, 0, 0, 0, 0, 0, 0, 0, 0, 0, 0, 0, 0,
  0, 0, 0, 0, 0, 0, 0, 0, 0, 0, 0, 0, 0, 0, 0, 0, 0, 0, 0, 0, 0, 0, 0, 0,
  0, 0, 0, 0, 0, 0, 0, 0, 0, 44, 0, 0, 0, 0, 0, 0, 0, 0, 0, 0, 0, 0, 0, 0,
  0, 0, 0, 0, 0, 0, 0, 0, 0, 0, 0, 0, 0, 0, 0, 0, 0, 0, 0, 0, 0, 0, 0, 0,
  0, 0, 0, 0, 0, 0, 0, 0, 0, 0, 0, 0, 0, 0, 0, 0, 0, 0, 0, 0, 0, 0, 36, 0,
  0, 0, 0, 0, 0, 0, 0, 0, 0, 0, 0, 0, 0, 0, 0, 0, 0, 0, 0, 0, 0, 0, 0, 0,
  0, 0, 0, 0, 0, 0, 0, 0,
};

static const PhotoEye photo = {
  open_img, closed_px, closed_off, closed_x0, closed_x1, up_start, up_edge, seam, lo_edge, lo_start, eye_top, eye_bot,
  iris_tex, iris_rim, 160, 36, 42,
  hl_rgb, hl_alpha, 78, 97, 58, 68,
  116.50f, 122.00f, 12.00f, 31.00f, 0.0000f,  // Pupil centre x, y; half width, half height as drawn; tilt (rad)
  2.00f, 22.00f, 29.00f, 34.00f,  // Pupil half width min/max, half height min/max
  7.0f, 4.0f, 0.12f,           // Gaze range x, y (px); upper lid droop looking down
};
