// Photo eye "Dragon 5", generated by tools/photo_eye.py from assets/eye_photos/dragon5/ - do not edit.
// Artwork: commissioned by the project owner. Included inside a namespace by src/eye_styles.cpp.

static const uint16_t open_img[57600] = {
  0x0000, 0x0000, 0x0000, 0x0000, 0x0000, 0x0000, 0x0000, 0x0000, 0x0000, 0x0000, 0x0000, 0x0000, 0x0000, 0x0000, 0x0000, 0x0000,
  0x0000, 0x0000, 0x0000, 0x0000, 0x0000, 0x0000, 0x0000, 0x0000, 0x0000, 0x0000, 0x0000, 0x0000, 0x0000, 0x0000, 0x0000, 0x0000,
  0x0000, 0x0000, 0x0000, 0x0000, 0x0000, 0x0000, 0x0000, 0x0000, 0x0000, 0x0000, 0x0000, 0x0000, 0x0000, 0x0000, 0x0000, 0x0000,
  0x0000, 0x0000, 0x0000, 0x0000, 0x0000, 0x0000, 0x0000, 0x0000, 0x0000, 0x0000, 0x0000, 0x0000, 0x0000, 0x0000, 0x0000, 0x0000,
  0x0000, 0x0000, 0x0000, 0x0000, 0x0000, 0x0000, 0x0000, 0x0000, 0x0000, 0x0000, 0x0000, 0x0000, 0x0000, 0x0000, 0x0000, 0x0000,
  0x0000, 0x0000, 0x0000, 0x0000, 0x0000, 0x0000, 0x0000, 0x0000, 0x0000, 0x0000, 0x0000, 0x0000, 0x0000, 0x0000, 0x0000, 0x0861,
  0x1082, 0x0020, 0x0841, 0x0861, 0x1082, 0x18E3, 0x18A2, 0x1881, 0x1881, 0x0020, 0x0000, 0x0000, 0x0000, 0x0000, 0x0000, 0x0000,
  0x0000, 0x0000, 0x0000, 0x0000, 0x0840, 0x28C0, 0x4100, 0x20A0, 0x1060, 0x0040, 0x28E0, 0x20C0, 0x0020, 0x0020, 0x0840, 0x20A0,
  0x4960, 0x30C0, 0x30E0, 0x0020, 0x0000, 0x0041, 0x0000, 0x0021, 0x0861, 0x10A3, 0x18C3, 0x2125, 0x2104, 0x0861, 0x0841, 0x18C3,
  0x1082, 0x0020, 0x0000, 0x0000, 0x0000, 0x0000, 0x0000, 0x0000, 0x0000, 0x0000, 0x0000, 0x0000, 0x0000, 0x0000, 0x0000, 0x0000,
  0x0000, 0x0000, 0x0000, 0x0000, 0x0000, 0x0000, 0x0000, 0x0000, 0x0000, 0x0000, 0x0000, 0x0000, 0x0000, 0x0000, 0x0000, 0x0000,
  0x0000, 0x0000, 0x0000, 0x0000, 0x0000, 0x0000, 0x0000, 0x0000, 0x0000, 0x0000, 0x0000, 0x0000, 0x0000, 0x0000, 0x0000, 0x0000,
  0x0000, 0x0000, 0x0000, 0x0000, 0x0000, 0x0000, 0x0000, 0x0000, 0x0000, 0x0000, 0x0000, 0x0000, 0x0000, 0x0000, 0x0000, 0x0000,
  0x0000, 0x0000, 0x0000, 0x0000, 0x0000, 0x0000, 0x0000, 0x0000, 0x0000, 0x0000, 0x0000, 0x0000, 0x0000, 0x0000, 0x0000, 0x0000,
  0x0000, 0x0000, 0x0000, 0x0000, 0x0000, 0x0000, 0x0000, 0x0000, 0x0000, 0x0000, 0x0000, 0x0000, 0x0000, 0x0000, 0x0000, 0x0000,
  0x0000, 0x0000, 0x0000, 0x0000, 0x0000, 0x0000, 0x0000, 0x0000, 0x0000, 0x0000, 0x0000, 0x0000, 0x0000, 0x0000, 0x0000, 0x0000,
  0x0000, 0x0000, 0x0000, 0x0000, 0x0000, 0x0000, 0x0000, 0x0000, 0x0000, 0x0000, 0x0000, 0x0000, 0x0000, 0x0000, 0x0000, 0x0000,
  0x0000, 0x0000, 0x0000, 0x0000, 0x0000, 0x0000, 0x0000, 0x0000, 0x0000, 0x0000, 0x0000, 0x0000, 0x0000, 0x0000, 0x0000, 0x0000,
  0x0000, 0x0000, 0x0000, 0x0000, 0x0000, 0x0000, 0x0000, 0x0000, 0x0000, 0x0000, 0x0000, 0x0000, 0x0000, 0x0000, 0x0000, 0x0000,
  0x0000, 0x0000, 0x0000, 0x0000, 0x0000, 0x0000, 0x0000, 0x0000, 0x0000, 0x0000, 0x0000, 0x0000, 0x0000, 0x0000, 0x0000, 0x0000,
  0x0000, 0x0000, 0x0000, 0x0000, 0x0000, 0x0000, 0x0000, 0x0000, 0x0000, 0x0000, 0x0000, 0x0841, 0x10A2, 0x2144, 0x4208, 0x5ACA,
  0x3186, 0x0020, 0x0000, 0x0000, 0x0820, 0x0840, 0x1880, 0x28E1, 0x1041, 0x0000, 0x0001, 0x0001, 0x0001, 0x0001, 0x0001, 0x0001,
  0x0001, 0x0001, 0x0001, 0x0021, 0x0000, 0x5961, 0x69C1, 0x3921, 0x0860, 0x0840, 0x49C1, 0x18A0, 0x0020, 0x0840, 0x0840, 0x51A0,
  0x61C0, 0x61C0, 0x3100, 0x0000, 0x0062, 0x0082, 0x0001, 0x0021, 0x0082, 0x0041, 0x0021, 0x0001, 0x0041, 0x1922, 0x0881, 0x10C3,
  0x18C3, 0x2965, 0x2965, 0x2104, 0x18C3, 0x0020, 0x0000, 0x0000, 0x0000, 0x0000, 0x0000, 0x0000, 0x0000, 0x0000, 0x0000, 0x0000,
  0x0000, 0x0000, 0x0000, 0x0000, 0x0000, 0x0000, 0x0000, 0x0000, 0x0000, 0x0000, 0x0000, 0x0000, 0x0000, 0x0000, 0x0000, 0x0000,
  0x0000, 0x0000, 0x0000, 0x0000, 0x0000, 0x0000, 0x0000, 0x0000, 0x0000, 0x0000, 0x0000, 0x0000, 0x0000, 0x0000, 0x0000, 0x0000,
  0x0000, 0x0000, 0x0000, 0x0000, 0x0000, 0x0000, 0x0000, 0x0000, 0x0000, 0x0000, 0x0000, 0x0000, 0x0000, 0x0000, 0x0000, 0x0000,
  0x0000, 0x0000, 0x0000, 0x0000, 0x0000, 0x0000, 0x0000, 0x0000, 0x0000, 0x0000, 0x0000, 0x0000, 0x0000, 0x0000, 0x0000, 0x0000,
  0x0000, 0x0000, 0x0000, 0x0000, 0x0000, 0x0000, 0x0000, 0x0000, 0x0000, 0x0000, 0x0000, 0x0000, 0x0000, 0x0000, 0x0000, 0x0000,
  0x0000, 0x0000, 0x0000, 0x0000, 0x0000, 0x0000, 0x0000, 0x0000, 0x0000, 0x0000, 0x0000, 0x0000, 0x0000, 0x0000, 0x0000, 0x0000,
  0x0000, 0x0000, 0x0000, 0x0000, 0x0000, 0x0000, 0x0000, 0x0000, 0x0000, 0x0000, 0x0000, 0x0000, 0x0000, 0x0000, 0x0000, 0x0000,
  0x0000, 0x0000, 0x0000, 0x0000, 0x0000, 0x0000, 0x0000, 0x0000, 0x0000, 0x0000, 0x0000, 0x0000, 0x0000, 0x0000, 0x0000, 0x0000,
  0x0000, 0x0000, 0x0000, 0x0000, 0x0000, 0x0000, 0x0000, 0x0000, 0x0000, 0x0000, 0x0000, 0x0000, 0x0000, 0x0000, 0x0000, 0x0000,
  0x0000, 0x0000, 0x0000, 0x0000, 0x0000, 0x0000, 0x0000, 0x0000, 0x0000, 0x0000, 0x0000, 0x0000, 0x0000, 0x0000, 0x0000, 0x0000,
  0x0000, 0x0000, 0x0000, 0x0000, 0x0000, 0x0000, 0x0020, 0x0861, 0x20E3, 0x20C2, 0x1081, 0x0861, 0x1082, 0x4A69, 0x634C, 0x5ACA,
  0x5226, 0x3101, 0x28C0, 0x20A0, 0x1060, 0x1880, 0x3101, 0x28C1, 0x0000, 0x0001, 0x0001, 0x0001, 0x0001, 0x0001, 0x0001, 0x0001,
  0x0001, 0x0001, 0x0021, 0x0001, 0x0820, 0x8A83, 0x61C2, 0x3142, 0x0860, 0x2901, 0x41A1, 0x0860, 0x0040, 0x0040, 0x18C0, 0x7A60,
  0x69E0, 0x8280, 0x20C0, 0x0000, 0x00A3, 0x0083, 0x0022, 0x0062, 0x0083, 0x0042, 0x0042, 0x0000, 0x2143, 0x19A3, 0x00A2, 0x0082,
  0x0061, 0x1164, 0x0061, 0x1062, 0x18E3, 0x18C3, 0x2124, 0x2124, 0x18C3, 0x0821, 0x0000, 0x0000, 0x0000, 0x0000, 0x0000, 0x0000,
  0x0000, 0x0000, 0x0000, 0x0000, 0x0000, 0x0000, 0x0000, 0x0000, 0x0000, 0x0000, 0x0000, 0x0000, 0x0000, 0x0000, 0x0000, 0x0000,
  0x0000, 0x0000, 0x0000, 0x0000, 0x0000, 0x0000, 0x0000, 0x0000, 0x0000, 0x0000, 0x0000, 0x0000, 0x0000, 0x0000, 0x0000, 0x0000,
  0x0000, 0x0000, 0x0000, 0x0000, 0x0000, 0x0000, 0x0000, 0x0000, 0x0000, 0x0000, 0x0000, 0x0000, 0x0000, 0x0000, 0x0000, 0x0000,
  0x0000, 0x0000, 0x0000, 0x0000, 0x0000, 0x0000, 0x0000, 0x0000, 0x0000, 0x0000, 0x0000, 0x0000, 0x0000, 0x0000, 0x0000, 0x0000,
  0x0000, 0x0000, 0x0000, 0x0000, 0x0000, 0x0000, 0x0000, 0x0000, 0x0000, 0x0000, 0x0000, 0x0000, 0x0000, 0x0000, 0x0000, 0x0000,
  0x0000, 0x0000, 0x0000, 0x0000, 0x0000, 0x0000, 0x0000, 0x0000, 0x0000, 0x0000, 0x0000, 0x0000, 0x0000, 0x0000, 0x0000, 0x0000,
  0x0000, 0x0000, 0x0000, 0x0000, 0x0000, 0x0000, 0x0000, 0x0000, 0x0000, 0x0000, 0x0000, 0x0000, 0x0000, 0x0000, 0x0000, 0x0000,
  0x0000, 0x0000, 0x0000, 0x0000, 0x0000, 0x0000, 0x0000, 0x0000, 0x0000, 0x0000, 0x0000, 0x0000, 0x0000, 0x0000, 0x0000, 0x0000,
  0x0000, 0x0000, 0x0000, 0x0000, 0x0000, 0x0000, 0x0000, 0x0000, 0x0000, 0x0000, 0x0000, 0x0000, 0x0000, 0x0000, 0x0000, 0x0000,
  0x0000, 0x0000, 0x0000, 0x0000, 0x0000, 0x0000, 0x0000, 0x0000, 0x0000, 0x0000, 0x0000, 0x0000, 0x0000, 0x0000, 0x0000, 0x0000,
  0x0000, 0x0000, 0x0000, 0x0020, 0x0861, 0x18E3, 0x18C3, 0x18C2, 0x3122, 0x3942, 0x20A1, 0x0000, 0x0020, 0x3984, 0x41A4, 0x30C0,
  0x40E0, 0x5960, 0x7A21, 0x28A1, 0x20A1, 0x30E1, 0x4962, 0x0841, 0x0001, 0x0021, 0x0001, 0x0001, 0x0001, 0x0001, 0x0021, 0x0021,
  0x0021, 0x0022, 0x0042, 0x0001, 0x6A03, 0x8A83, 0x4162, 0x2922, 0x0880, 0x51E2, 0x18C0, 0x0060, 0x0040, 0x0040, 0x4160, 0x7A60,
  0x7240, 0x7A80, 0x18C0, 0x0001, 0x08C4, 0x0063, 0x0022, 0x0063, 0x0083, 0x0063, 0x0042, 0x0841, 0x3A45, 0x0123, 0x00C3, 0x0082,
  0x11A5, 0x11C6, 0x0000, 0x0000, 0x0000, 0x0021, 0x0021, 0x1082, 0x2104, 0x39E7, 0x2124, 0x0861, 0x0020, 0x0000, 0x0000, 0x0000,
  0x0000, 0x0000, 0x0000, 0x0000, 0x0000, 0x0000, 0x0000, 0x0000, 0x0000, 0x0000, 0x0000, 0x0000, 0x0000, 0x0000, 0x0000, 0x0000,
  0x0000, 0x0000, 0x0000, 0x0000, 0x0000, 0x0000, 0x0000, 0x0000, 0x0000, 0x0000, 0x0000, 0x0000, 0x0000, 0x0000, 0x0000, 0x0000,
  0x0000, 0x0000, 0x0000, 0x0000, 0x0000, 0x0000, 0x0000, 0x0000, 0x0000, 0x0000, 0x0000, 0x0000, 0x0000, 0x0000, 0x0000, 0x0000,
  0x0000, 0x0000, 0x0000, 0x0000, 0x0000, 0x0000, 0x0000, 0x0000, 0x0000, 0x0000, 0x0000, 0x0000, 0x0000, 0x0000, 0x0000, 0x0000,
  0x0000, 0x0000, 0x0000, 0x0000, 0x0000, 0x0000, 0x0000, 0x0000, 0x0000, 0x0000, 0x0000, 0x0000, 0x0000, 0x0000, 0x0000, 0x0000,
  0x0000, 0x0000, 0x0000, 0x0000, 0x0000, 0x0000, 0x0000, 0x0000, 0x0000, 0x0000, 0x0000, 0x0000, 0x0000, 0x0000, 0x0000, 0x0000,
  0x0000, 0x0000, 0x0000, 0x0000, 0x0000, 0x0000, 0x0000, 0x0000, 0x0000, 0x0000, 0x0000, 0x0000, 0x0000, 0x0000, 0x0000, 0x0000,
  0x0000, 0x0000, 0x0000, 0x0000, 0x0000, 0x0000, 0x0000, 0x0000, 0x0000, 0x0000, 0x0000, 0x0000, 0x0000, 0x0000, 0x0000, 0x0000,
  0x0000, 0x0000, 0x0000, 0x0000, 0x0000, 0x0000, 0x0000, 0x0000, 0x0000, 0x0000, 0x0000, 0x0000, 0x0000, 0x0000, 0x0000, 0x0000,
  0x0000, 0x0000, 0x0000, 0x0000, 0x0000, 0x0000, 0x0000, 0x0000, 0x0000, 0x0000, 0x0000, 0x0000, 0x0000, 0x0000, 0x0000, 0x0000,
  0x0840, 0x1082, 0x1082, 0x20E3, 0x2965, 0x0861, 0x0000, 0x1880, 0x2080, 0x30E1, 0x3101, 0x1860, 0x2880, 0x38C0, 0x40E0, 0x5140,
  0x6160, 0x8200, 0x69E1, 0x1880, 0x3101, 0x51A2, 0x4143, 0x0001, 0x0022, 0x0002, 0x0021, 0x0022, 0x0022, 0x0022, 0x0022, 0x0022,
  0x0022, 0x0042, 0x0001, 0x30E2, 0xBBE6, 0x5982, 0x3962, 0x08A1, 0x3981, 0x49E2, 0x0040, 0x0040, 0x0060, 0x0040, 0x49A0, 0x6A20,
  0x7260, 0x6200, 0x10C1, 0x0021, 0x0082, 0x0062, 0x0042, 0x0063, 0x00A4, 0x00E5, 0x0001, 0x4266, 0x2226, 0x0104, 0x00C3, 0x00E3,
  0x2AE9, 0x00A3, 0x0001, 0x0021, 0x0021, 0x0021, 0x0021, 0x0000, 0x0041, 0x0903, 0x0882, 0x10A3, 0x18E3, 0x20E4, 0x10A2, 0x0020,
  0x0000, 0x0000, 0x0000, 0x0000, 0x0000, 0x0000, 0x0000, 0x0000, 0x0000, 0x0000, 0x0000, 0x0000, 0x0000, 0x0000, 0x0000, 0x0000,
  0x0000, 0x0000, 0x0000, 0x0000, 0x0000, 0x0000, 0x0000, 0x0000, 0x0000, 0x0000, 0x0000, 0x0000, 0x0000, 0x0000, 0x0000, 0x0000,
  0x0000, 0x0000, 0x0000, 0x0000, 0x0000, 0x0000, 0x0000, 0x0000, 0x0000, 0x0000, 0x0000, 0x0000, 0x0000, 0x0000, 0x0000, 0x0000,
  0x0000, 0x0000, 0x0000, 0x0000, 0x0000, 0x0000, 0x0000, 0x0000, 0x0000, 0x0000, 0x0000, 0x0000, 0x0000, 0x0000, 0x0000, 0x0000,
  0x0000, 0x0000, 0x0000, 0x0000, 0x0000, 0x0000, 0x0000, 0x0000, 0x0000, 0x0000, 0x0000, 0x0000, 0x0000, 0x0000, 0x0000, 0x0000,
  0x0000, 0x0000, 0x0000, 0x0000, 0x0000, 0x0000, 0x0000, 0x0000, 0x0000, 0x0000, 0x0000, 0x0000, 0x0000, 0x0000, 0x0000, 0x0000,
  0x0000, 0x0000, 0x0000, 0x0000, 0x0000, 0x0000, 0x0000, 0x0000, 0x0000, 0x0000, 0x0000, 0x0000, 0x0000, 0x0000, 0x0000, 0x0000,
  0x0000, 0x0000, 0x0000, 0x0000, 0x0000, 0x0000, 0x0000, 0x0000, 0x0000, 0x0000, 0x0000, 0x0000, 0x0000, 0x0000, 0x0000, 0x0000,
  0x0000, 0x0000, 0x0000, 0x0000, 0x0000, 0x0000, 0x0000, 0x0000, 0x0000, 0x0000, 0x0000, 0x0000, 0x0000, 0x0000, 0x0000, 0x0000,
  0x0000, 0x0000, 0x0000, 0x0000, 0x0000, 0x0000, 0x0000, 0x0000, 0x0000, 0x0000, 0x0000, 0x0000, 0x0000, 0x0000, 0x0861, 0x10A2,
  0x18E3, 0x1082, 0x0840, 0x1060, 0x2923, 0x0820, 0x0820, 0x28A0, 0x2080, 0x2880, 0x2880, 0x28A0, 0x40E0, 0x6180, 0x69A0, 0x7A00,
  0x79E1, 0xB301, 0x5161, 0x20A0, 0x4121, 0x6A03, 0x20A2, 0x0001, 0x0022, 0x0022, 0x0022, 0x0022, 0x0022, 0x0022, 0x0022, 0x0022,
  0x0042, 0x0022, 0x0821, 0xC407, 0x8263, 0x4183, 0x2102, 0x18C1, 0x6283, 0x10A0, 0x0040, 0x0020, 0x0041, 0x0080, 0x3160, 0x51C0,
  0x7260, 0x49C0, 0x10C1, 0x0082, 0x0042, 0x0063, 0x0063, 0x0084, 0x00A4, 0x0042, 0x31E5, 0x5BCB, 0x01A6, 0x0145, 0x00C3, 0x32C9,
  0x1A27, 0x0000, 0x0042, 0x0042, 0x0022, 0x0021, 0x0021, 0x0062, 0x2206, 0x00E3, 0x0082, 0x0061, 0x00A2, 0x0903, 0x18C3, 0x2124,
  0x18C3, 0x1082, 0x0000, 0x0000, 0x0000, 0x0000, 0x0000, 0x0000, 0x0000, 0x0000, 0x0000, 0x0000, 0x0000, 0x0000, 0x0000, 0x0000,
  0x0000, 0x0000, 0x0000, 0x0000, 0x0000, 0x0000, 0x0000, 0x0000, 0x0000, 0x0000, 0x0000, 0x0000, 0x0000, 0x0000, 0x0000, 0x0000,
  0x0000, 0x0000, 0x0000, 0x0000, 0x0000, 0x0000, 0x0000, 0x0000, 0x0000, 0x0000, 0x0000, 0x0000, 0x0000, 0x0000, 0x0000, 0x0000,
  0x0000, 0x0000, 0x0000, 0x0000, 0x0000, 0x0000, 0x0000, 0x0000, 0x0000, 0x0000, 0x0000, 0x0000, 0x0000, 0x0000, 0x0000, 0x0000,
  0x0000, 0x0000, 0x0000, 0x0000, 0x0000, 0x0000, 0x0000, 0x0000, 0x0000, 0x0000, 0x0000, 0x0000, 0x0000, 0x0000, 0x0000, 0x0000,
  0x0000, 0x0000, 0x0000, 0x0000, 0x0000, 0x0000, 0x0000, 0x0000, 0x0000, 0x0000, 0x0000, 0x0000, 0x0000, 0x0000, 0x0000, 0x0000,
  0x0000, 0x0000, 0x0000, 0x0000, 0x0000, 0x0000, 0x0000, 0x0000, 0x0000, 0x0000, 0x0000, 0x0000, 0x0000, 0x0000, 0x0000, 0x0000,
  0x0000, 0x0000, 0x0000, 0x0000, 0x0000, 0x0000, 0x0000, 0x0000, 0x0000, 0x0000, 0x0000, 0x0000, 0x0000, 0x0000, 0x0000, 0x0000,
  0x0000, 0x0000, 0x0000, 0x0000, 0x0000, 0x0000, 0x0000, 0x0000, 0x0000, 0x0000, 0x0000, 0x0000, 0x0000, 0x0000, 0x0000, 0x0000,
  0x0000, 0x0000, 0x0000, 0x0000, 0x0000, 0x0000, 0x0000, 0x0000, 0x0000, 0x0000, 0x0000, 0x0020, 0x0861, 0x1082, 0x10A2, 0x1081,
  0x0820, 0x0820, 0x1040, 0x1060, 0x1860, 0x1040, 0x2080, 0x30A0, 0x30A0, 0x38E0, 0x30C0, 0x38C0, 0x61A1, 0x7A01, 0x9281, 0x8A41,
  0x9A81, 0xCB82, 0x4101, 0x28E1, 0x5161, 0x6A03, 0x0841, 0x0022, 0x0022, 0x0022, 0x0022, 0x0022, 0x0022, 0x0022, 0x0042, 0x0042,
  0x0042, 0x0000, 0xABC7, 0x9B04, 0x49A2, 0x39A3, 0x10C1, 0x41E2, 0x3961, 0x0000, 0x0040, 0x0020, 0x0041, 0x08C1, 0x2960, 0x49C0,
  0x6A60, 0x41A0, 0x29A4, 0x52CA, 0x0022, 0x0063, 0x0063, 0x0083, 0x0042, 0x10A2, 0x7C6E, 0x1289, 0x01C7, 0x0165, 0x2288, 0x440D,
  0x0082, 0x0021, 0x0042, 0x0042, 0x0042, 0x0001, 0x0062, 0x1A48, 0x1A68, 0x00E4, 0x00C3, 0x00E4, 0x1207, 0x00C3, 0x0021, 0x0041,
  0x0882, 0x10A3, 0x2124, 0x2103, 0x0020, 0x0000, 0x0000, 0x0000, 0x0000, 0x0000, 0x0000, 0x0000, 0x0000, 0x0000, 0x0000, 0x0000,
  0x0000, 0x0000, 0x0000, 0x0000, 0x0000, 0x0000, 0x0000, 0x0000, 0x0000, 0x0000, 0x0000, 0x0000, 0x0000, 0x0000, 0x0000, 0x0000,
  0x0000, 0x0000, 0x0000, 0x0000, 0x0000, 0x0000, 0x0000, 0x0000, 0x0000, 0x0000, 0x0000, 0x0000, 0x0000, 0x0000, 0x0000, 0x0000,
  0x0000, 0x0000, 0x0000, 0x0000, 0x0000, 0x0000, 0x0000, 0x0000, 0x0000, 0x0000, 0x0000, 0x0000, 0x0000, 0x0000, 0x0000, 0x0000,
  0x0000, 0x0000, 0x0000, 0x0000, 0x0000, 0x0000, 0x0000, 0x0000, 0x0000, 0x0000, 0x0000, 0x0000, 0x0000, 0x0000, 0x0000, 0x0000,
  0x0000, 0x0000, 0x0000, 0x0000, 0x0000, 0x0000, 0x0000, 0x0000, 0x0000, 0x0000, 0x0000, 0x0000, 0x0000, 0x0000, 0x0000, 0x0000,
  0x0000, 0x0000, 0x0000, 0x0000, 0x0000, 0x0000, 0x0000, 0x0000, 0x0000, 0x0000, 0x0000, 0x0000, 0x0000, 0x0000, 0x0000, 0x0000,
  0x0000, 0x0000, 0x0000, 0x0000, 0x0000, 0x0000, 0x0000, 0x0000, 0x0000, 0x0000, 0x0000, 0x0000, 0x0000, 0x0000, 0x0000, 0x0000,
  0x0000, 0x0000, 0x0000, 0x0000, 0x0000, 0x0000, 0x0000, 0x0000, 0x0000, 0x0000, 0x0000, 0x0000, 0x0000, 0x0000, 0x0000, 0x0000,
  0x0000, 0x0000, 0x0000, 0x0000, 0x0000, 0x0000, 0x0000, 0x0000, 0x0000, 0x0841, 0x18C3, 0x10A2, 0x0861, 0x0021, 0x0021, 0x0862,
  0x0861, 0x1060, 0x1860, 0x1880, 0x2080, 0x2080, 0x30C0, 0x38C0, 0x40E0, 0x4100, 0x4100, 0x5960, 0x8242, 0x9AA2, 0xA2E2, 0x69A0,
  0xCB82, 0xBB63, 0x38E0, 0x3921, 0x61C2, 0x7244, 0x0042, 0x0042, 0x0042, 0x0022, 0x0022, 0x0042, 0x0022, 0x0043, 0x0063, 0x0022,
  0x0801, 0xB429, 0xB3A5, 0x4162, 0x4204, 0x1922, 0x2162, 0x4A02, 0x0840, 0x0020, 0x0040, 0x0000, 0x0040, 0x0901, 0x3180, 0x39A0,
  0x49E0, 0x31A0, 0x42A8, 0x6B8C, 0x0001, 0x0084, 0x0063, 0x0063, 0x0000, 0x73EC, 0x336B, 0x01E7, 0x01C7, 0x09C6, 0x5CAF, 0x1288,
  0x0022, 0x0062, 0x0042, 0x0063, 0x0022, 0x0062, 0x09C7, 0x2AEA, 0x09E7, 0x0125, 0x00C3, 0x1ACA, 0x09C6, 0x0062, 0x0082, 0x0021,
  0x0881, 0x18A0, 0x2100, 0x39C3, 0x2103, 0x10A3, 0x0861, 0x0000, 0x0000, 0x0000, 0x0000, 0x0000, 0x0000, 0x0000, 0x0000, 0x0000,
  0x0000, 0x0000, 0x0000, 0x0000, 0x0000, 0x0000, 0x0000, 0x0000, 0x0000, 0x0000, 0x0000, 0x0000, 0x0000, 0x0000, 0x0000, 0x0000,
  0x0000, 0x0000, 0x0000, 0x0000, 0x0000, 0x0000, 0x0000, 0x0000, 0x0000, 0x0000, 0x0000, 0x0000, 0x0000, 0x0000, 0x0000, 0x0000,
  0x0000, 0x0000, 0x0000, 0x0000, 0x0000, 0x0000, 0x0000, 0x0000, 0x0000, 0x0000, 0x0000, 0x0000, 0x0000, 0x0000, 0x0000, 0x0000,
  0x0000, 0x0000, 0x0000, 0x0000, 0x0000, 0x0000, 0x0000, 0x0000, 0x0000, 0x0000, 0x0000, 0x0000, 0x0000, 0x0000, 0x0000, 0x0000,
  0x0000, 0x0000, 0x0000, 0x0000, 0x0000, 0x0000, 0x0000, 0x0000, 0x0000, 0x0000, 0x0000, 0x0000, 0x0000, 0x0000, 0x0000, 0x0000,
  0x0000, 0x0000, 0x0000, 0x0000, 0x0000, 0x0000, 0x0000, 0x0000, 0x0000, 0x0000, 0x0000, 0x0000, 0x0000, 0x0000, 0x0000, 0x0000,
  0x0000, 0x0000, 0x0000, 0x0000, 0x0000, 0x0000, 0x0000, 0x0000, 0x0000, 0x0000, 0x0000, 0x0000, 0x0000, 0x0000, 0x0000, 0x0000,
  0x0000, 0x0000, 0x0000, 0x0000, 0x0000, 0x0000, 0x0000, 0x0000, 0x0000, 0x0000, 0x0000, 0x0000, 0x0000, 0x0000, 0x0000, 0x0000,
  0x0000, 0x0000, 0x0000, 0x0000, 0x0000, 0x0000, 0x0000, 0x0840, 0x10A2, 0x0862, 0x10A2, 0x18C3, 0x0041, 0x0041, 0x0882, 0x0882,
  0x0083, 0x1082, 0x2080, 0x28A0, 0x28A0, 0x30C0, 0x4100, 0x4100, 0x4920, 0x5120, 0x6180, 0x8241, 0xA2E2, 0xAB03, 0x4921, 0x71E1,
  0xDC23, 0xAB23, 0x4100, 0x5181, 0x7202, 0x8AC4, 0x0842, 0x0043, 0x0043, 0x0042, 0x0042, 0x0042, 0x0043, 0x0043, 0x0001, 0x20C2,
  0xCD0B, 0xB3C6, 0x4161, 0x4224, 0x2122, 0x1922, 0x3A03, 0x2101, 0x0000, 0x0041, 0x0021, 0x0000, 0x0040, 0x08E1, 0x1921, 0x1100,
  0x1921, 0x2163, 0x638B, 0x5B2A, 0x0000, 0x0083, 0x0084, 0x0000, 0x6B6B, 0x542D, 0x01E7, 0x0A07, 0x0145, 0x53AB, 0x3C2D, 0x00E3,
  0x0042, 0x0063, 0x0083, 0x0022, 0x00A3, 0x0A29, 0x19E7, 0x330B, 0x0187, 0x0166, 0x12CA, 0x130B, 0x0083, 0x00C4, 0x0062, 0x2962,
  0x5242, 0x5241, 0x5242, 0x18E0, 0x0082, 0x0882, 0x10C3, 0x2965, 0x10A2, 0x0841, 0x0000, 0x0000, 0x0000, 0x0000, 0x0000, 0x0000,
  0x0000, 0x0000, 0x0000, 0x0000, 0x0000, 0x0000, 0x0000, 0x0000, 0x0000, 0x0000, 0x0000, 0x0000, 0x0000, 0x0000, 0x0000, 0x0000,
  0x0000, 0x0000, 0x0000, 0x0000, 0x0000, 0x0000, 0x0000, 0x0000, 0x0000, 0x0000, 0x0000, 0x0000, 0x0000, 0x0000, 0x0000, 0x0000,
  0x0000, 0x0000, 0x0000, 0x0000, 0x0000, 0x0000, 0x0000, 0x0000, 0x0000, 0x0000, 0x0000, 0x0000, 0x0000, 0x0000, 0x0000, 0x0000,
  0x0000, 0x0000, 0x0000, 0x0000, 0x0000, 0x0000, 0x0000, 0x0000, 0x0000, 0x0000, 0x0000, 0x0000, 0x0000, 0x0000, 0x0000, 0x0000,
  0x0000, 0x0000, 0x0000, 0x0000, 0x0000, 0x0000, 0x0000, 0x0000, 0x0000, 0x0000, 0x0000, 0x0000, 0x0000, 0x0000, 0x0000, 0x0000,
  0x0000, 0x0000, 0x0000, 0x0000, 0x0000, 0x0000, 0x0000, 0x0000, 0x0000, 0x0000, 0x0000, 0x0000, 0x0000, 0x0000, 0x0000, 0x0000,
  0x0000, 0x0000, 0x0000, 0x0000, 0x0000, 0x0000, 0x0000, 0x0000, 0x0000, 0x0000, 0x0000, 0x0000, 0x0000, 0x0000, 0x0000, 0x0000,
  0x0000, 0x0000, 0x0000, 0x0000, 0x0000, 0x0000, 0x0000, 0x0000, 0x0000, 0x0000, 0x0000, 0x0000, 0x0000, 0x0000, 0x0000, 0x0000,
  0x0000, 0x0000, 0x0000, 0x0000, 0x0000, 0x0882, 0x1082, 0x0882, 0x0882, 0x0041, 0x0041, 0x0882, 0x08A3, 0x08A3, 0x08A3, 0x08A3,
  0x08C3, 0x08C3, 0x20C1, 0x38C0, 0x30C0, 0x4120, 0x5120, 0x5140, 0x5960, 0x6180, 0x79E1, 0x9AA2, 0x9AC3, 0x3901, 0x2060, 0xAB23,
  0xD404, 0xAB03, 0x61A1, 0x7222, 0x7201, 0xAB44, 0x51C4, 0x0001, 0x0043, 0x0063, 0x0042, 0x0022, 0x0001, 0x0001, 0x6265, 0xEDCC,
  0xA345, 0x4161, 0x4244, 0x2142, 0x1102, 0x2982, 0x31A2, 0x0000, 0x0020, 0x0020, 0x0041, 0x0000, 0x0040, 0x10E1, 0x0020, 0x10E2,
  0x3206, 0x0041, 0x7C4D, 0x3A06, 0x0001, 0x00A4, 0x0001, 0x5ACA, 0x6CB0, 0x0248, 0x0A49, 0x01C7, 0x3287, 0x6D30, 0x01C6, 0x0042,
  0x0083, 0x00A4, 0x0042, 0x08C4, 0x12EC, 0x0187, 0x3B0B, 0x128A, 0x01C8, 0x0AAB, 0x2470, 0x0145, 0x0083, 0x00C3, 0x4A63, 0x83A2,
  0x7B42, 0x7304, 0x2121, 0x0104, 0x0105, 0x00A3, 0x00A3, 0x00C4, 0x10E4, 0x31A6, 0x2125, 0x0020, 0x0000, 0x0000, 0x0000, 0x0000,
  0x0000, 0x0000, 0x0000, 0x0000, 0x0000, 0x0000, 0x0000, 0x0000, 0x0000, 0x0000, 0x0000, 0x0000, 0x0000, 0x0000, 0x0000, 0x0000,
  0x0000, 0x0000, 0x0000, 0x0000, 0x0000, 0x0000, 0x0000, 0x0000, 0x0000, 0x0000, 0x0000, 0x0000, 0x0000, 0x0000, 0x0000, 0x0000,
  0x0000, 0x0000, 0x0000, 0x0000, 0x0000, 0x0000, 0x0000, 0x0000, 0x0000, 0x0000, 0x0000, 0x0000, 0x0000, 0x0000, 0x0000, 0x0000,
  0x0000, 0x0000, 0x0000, 0x0000, 0x0000, 0x0000, 0x0000, 0x0000, 0x0000, 0x0000, 0x0000, 0x0000, 0x0000, 0x0000, 0x0000, 0x0000,
  0x0000, 0x0000, 0x0000, 0x0000, 0x0000, 0x0000, 0x0000, 0x0000, 0x0000, 0x0000, 0x0000, 0x0000, 0x0000, 0x0000, 0x0000, 0x0000,
  0x0000, 0x0000, 0x0000, 0x0000, 0x0000, 0x0000, 0x0000, 0x0000, 0x0000, 0x0000, 0x0000, 0x0000, 0x0000, 0x0000, 0x0000, 0x0000,
  0x0000, 0x0000, 0x0000, 0x0000, 0x0000, 0x0000, 0x0000, 0x0000, 0x0000, 0x0000, 0x0000, 0x0000, 0x0000, 0x0000, 0x0000, 0x0000,
  0x0000, 0x0000, 0x0000, 0x0000, 0x0000, 0x0000, 0x0000, 0x0000, 0x0000, 0x0000, 0x0000, 0x0000, 0x0000, 0x0000, 0x0000, 0x0000,
  0x0000, 0x0000, 0x0000, 0x0841, 0x0861, 0x0861, 0x0021, 0x0882, 0x08A3, 0x0062, 0x0882, 0x0883, 0x08A3, 0x08C4, 0x08C4, 0x08E4,
  0x08E4, 0x0905, 0x20E2, 0x4900, 0x4120, 0x5981, 0x5961, 0x61A1, 0x69A1, 0x69A1, 0x8222, 0x9282, 0x4921, 0x1020, 0x61A1, 0xC362,
  0xCBC3, 0xAB02, 0x7A21, 0x8241, 0x8262, 0x9282, 0xB3A5, 0x5A04, 0x1062, 0x0042, 0x0042, 0x1082, 0x49A3, 0xBCA8, 0xF60A, 0x7A42,
  0x3122, 0x3A04, 0x2143, 0x1102, 0x1922, 0x3A03, 0x0840, 0x0020, 0x0020, 0x0000, 0x0021, 0x0021, 0x0041, 0x0000, 0x39E6, 0x630A,
  0x10A2, 0x08A2, 0x8CEE, 0x08A2, 0x0063, 0x0001, 0x4A68, 0x7D11, 0x0269, 0x0248, 0x0A48, 0x11A5, 0x8DB0, 0x238B, 0x00A3, 0x0063,
  0x00A4, 0x0022, 0x1167, 0x1B0D, 0x01A8, 0x11A7, 0x4450, 0x0209, 0x0249, 0x24B1, 0x0B0B, 0x0083, 0x0083, 0x3A23, 0xA484, 0xB4C4,
  0x9425, 0x18C1, 0x0146, 0x01A7, 0x00E4, 0x0146, 0x0146, 0x0106, 0x00A4, 0x0042, 0x10C3, 0x2145, 0x10A2, 0x0020, 0x0000, 0x0000,
  0x0000, 0x0000, 0x0000, 0x0000, 0x0000, 0x0000, 0x0000, 0x0000, 0x0000, 0x0000, 0x0000, 0x0000, 0x0000, 0x0000, 0x0000, 0x0000,
  0x0000, 0x0000, 0x0000, 0x0000, 0x0000, 0x0000, 0x0000, 0x0000, 0x0000, 0x0000, 0x0000, 0x0000, 0x0000, 0x0000, 0x0000, 0x0000,
  0x0000, 0x0000, 0x0000, 0x0000, 0x0000, 0x0000, 0x0000, 0x0000, 0x0000, 0x0000, 0x0000, 0x0000, 0x0000, 0x0000, 0x0000, 0x0000,
  0x0000, 0x0000, 0x0000, 0x0000, 0x0000, 0x0000, 0x0000, 0x0000, 0x0000, 0x0000, 0x0000, 0x0000, 0x0000, 0x0000, 0x0000, 0x0000,
  0x0000, 0x0000, 0x0000, 0x0000, 0x0000, 0x0000, 0x0000, 0x0000, 0x0000, 0x0000, 0x0000, 0x0000, 0x0000, 0x0000, 0x0000, 0x0000,
  0x0000, 0x0000, 0x0000, 0x0000, 0x0000, 0x0000, 0x0000, 0x0000, 0x0000, 0x0000, 0x0000, 0x0000, 0x0000, 0x0000, 0x0000, 0x0000,
  0x0000, 0x0000, 0x0000, 0x0000, 0x0000, 0x0000, 0x0000, 0x0000, 0x0000, 0x0000, 0x0000, 0x0000, 0x0000, 0x0000, 0x0000, 0x0000,
  0x0000, 0x0000, 0x0000, 0x0000, 0x0000, 0x0000, 0x0000, 0x0000, 0x0000, 0x0000, 0x0000, 0x0000, 0x0000, 0x0000, 0x0000, 0x0000,
  0x0000, 0x0861, 0x1082, 0x0882, 0x0041, 0x0041, 0x0041, 0x08A3, 0x08A3, 0x08A3, 0x08A3, 0x08C3, 0x08C4, 0x08E4, 0x0905, 0x0905,
  0x1125, 0x0925, 0x2103, 0x5940, 0x6181, 0x69C1, 0x69A1, 0x71C1, 0x71C1, 0x69A0, 0x8A21, 0x7A01, 0x30A0, 0x30C0, 0xA2A1, 0xCB82,
  0xDC04, 0xB322, 0x8241, 0x7A21, 0x8A82, 0x8241, 0x8A61, 0xB384, 0xAB65, 0x92E4, 0x9B04, 0xBBA5, 0xF527, 0xDCC6, 0x4961, 0x2963,
  0x31C4, 0x1922, 0x08E2, 0x1122, 0x3A23, 0x0881, 0x0000, 0x0020, 0x0021, 0x0021, 0x0041, 0x0000, 0x08A2, 0x8C8F, 0x840D, 0x0861,
  0x0000, 0x42C8, 0x6C4C, 0x0000, 0x0000, 0x31C6, 0x7CF1, 0x0ACA, 0x0AAA, 0x0A69, 0x00A2, 0x84CE, 0x5D70, 0x0207, 0x0063, 0x0063,
  0x0083, 0x128A, 0x1BAF, 0x01A8, 0x0063, 0x3BAE, 0x23CF, 0x022A, 0x134D, 0x2450, 0x0105, 0x0063, 0x1942, 0x9443, 0xD5A6, 0xACC6,
  0x1962, 0x0187, 0x01E8, 0x0105, 0x0105, 0x01C9, 0x01A8, 0x0147, 0x00E5, 0x00A3, 0x0000, 0x0923, 0x1165, 0x2145, 0x18C3, 0x0000,
  0x0000, 0x0000, 0x0000, 0x0000, 0x0000, 0x0000, 0x0000, 0x0000, 0x0000, 0x0000, 0x0000, 0x0000, 0x0000, 0x0000, 0x0000, 0x0000,
  0x0000, 0x0000, 0x0000, 0x0000, 0x0000, 0x0000, 0x0000, 0x0000, 0x0000, 0x0000, 0x0000, 0x0000, 0x0000, 0x0000, 0x0000, 0x0000,
  0x0000, 0x0000, 0x0000, 0x0000, 0x0000, 0x0000, 0x0000, 0x0000, 0x0000, 0x0000, 0x0000, 0x0000, 0x0000, 0x0000, 0x0000, 0x0000,
  0x0000, 0x0000, 0x0000, 0x0000, 0x0000, 0x0000, 0x0000, 0x0000, 0x0000, 0x0000, 0x0000, 0x0000, 0x0000, 0x0000, 0x0000, 0x0000,
  0x0000, 0x0000, 0x0000, 0x0000, 0x0000, 0x0000, 0x0000, 0x0000, 0x0000, 0x0000, 0x0000, 0x0000, 0x0000, 0x0000, 0x0000, 0x0000,
  0x0000, 0x0000, 0x0000, 0x0000, 0x0000, 0x0000, 0x0000, 0x0000, 0x0000, 0x0000, 0x0000, 0x0000, 0x0000, 0x0000, 0x0000, 0x0000,
  0x0000, 0x0000, 0x0000, 0x0000, 0x0000, 0x0000, 0x0000, 0x0000, 0x0000, 0x0000, 0x0000, 0x0000, 0x0000, 0x0000, 0x0000, 0x0000,
  0x0000, 0x0000, 0x0000, 0x0000, 0x0000, 0x0000, 0x0000, 0x0000, 0x0000, 0x0000, 0x0000, 0x0000, 0x0000, 0x0000, 0x0000, 0x1061,
  0x18C2, 0x20C1, 0x0861, 0x0062, 0x0082, 0x0082, 0x0883, 0x08C3, 0x08A3, 0x08C4, 0x08C4, 0x08E4, 0x0905, 0x0925, 0x1125, 0x1126,
  0x1146, 0x1146, 0x2124, 0x69A1, 0x71E1, 0x71E1, 0x71C1, 0x79E1, 0x6980, 0x79E0, 0x9A81, 0x71C1, 0x3080, 0x8201, 0xCB81, 0xD3E3,
  0xDC03, 0xBB22, 0x9281, 0x8221, 0x8A81, 0x8A82, 0x8241, 0x8221, 0x9281, 0xA2C1, 0xAAA0, 0xD426, 0xABC6, 0x3942, 0x2983, 0x2983,
  0x1122, 0x00A1, 0x1102, 0x3A24, 0x10A1, 0x0000, 0x0020, 0x0020, 0x0021, 0x0041, 0x0000, 0x3185, 0xC635, 0x7BCC, 0x0000, 0x0000,
  0x0841, 0x7D2F, 0x2A26, 0x0000, 0x1903, 0x644F, 0x0A89, 0x0A69, 0x1228, 0x0041, 0x634A, 0x9E53, 0x032A, 0x0124, 0x0021, 0x0946,
  0x1B4D, 0x138F, 0x01A8, 0x00C5, 0x0966, 0x44B1, 0x034D, 0x032D, 0x2CB1, 0x01E8, 0x0063, 0x00C3, 0x73A4, 0xD5E6, 0x9467, 0x1123,
  0x0167, 0x01E9, 0x0106, 0x01C9, 0x00A4, 0x00E5, 0x01C9, 0x0188, 0x0146, 0x00E5, 0x0083, 0x1A07, 0x0186, 0x00E4, 0x10E4, 0x18C3,
  0x0841, 0x0000, 0x0000, 0x0000, 0x0000, 0x0000, 0x0000, 0x0000, 0x0000, 0x0000, 0x0000, 0x0000, 0x0000, 0x0000, 0x0000, 0x0000,
  0x0000, 0x0000, 0x0000, 0x0000, 0x0000, 0x0000, 0x0000, 0x0000, 0x0000, 0x0000, 0x0000, 0x0000, 0x0000, 0x0000, 0x0000, 0x0000,
  0x0000, 0x0000, 0x0000, 0x0000, 0x0000, 0x0000, 0x0000, 0x0000, 0x0000, 0x0000, 0x0000, 0x0000, 0x0000, 0x0000, 0x0000, 0x0000,
  0x0000, 0x0000, 0x0000, 0x0000, 0x0000, 0x0000, 0x0000, 0x0000, 0x0000, 0x0000, 0x0000, 0x0000, 0x0000, 0x0000, 0x0000, 0x0000,
  0x0000, 0x0000, 0x0000, 0x0000, 0x0000, 0x0000, 0x0000, 0x0000, 0x0000, 0x0000, 0x0000, 0x0000, 0x0000, 0x0000, 0x0000, 0x0000,
  0x0000, 0x0000, 0x0000, 0x0000, 0x0000, 0x0000, 0x0000, 0x0000, 0x0000, 0x0000, 0x0000, 0x0000, 0x0000, 0x0000, 0x0000, 0x0000,
  0x0000, 0x0000, 0x0000, 0x0000, 0x0000, 0x0000, 0x0000, 0x0000, 0x0000, 0x0000, 0x0000, 0x0000, 0x0000, 0x0000, 0x0000, 0x0000,
  0x0000, 0x0000, 0x0000, 0x0000, 0x0000, 0x0000, 0x0000, 0x0000, 0x0000, 0x0000, 0x0000, 0x0000, 0x0000, 0x0841, 0x1061, 0x20A1,
  0x20A0, 0x3100, 0x20C1, 0x0042, 0x08A3, 0x00A3, 0x08C4, 0x08C4, 0x08C4, 0x08E4, 0x0905, 0x1125, 0x1125, 0x1126, 0x1146, 0x1146,
  0x1146, 0x0926, 0x2923, 0x8201, 0x8221, 0x7A01, 0x8221, 0x71C0, 0x79E0, 0xA2A1, 0x9A81, 0x4900, 0x6160, 0xCB82, 0xCBA2, 0xCB81,
  0xDBE3, 0xCBA2, 0xBB63, 0xA2E2, 0x9AA1, 0x9281, 0x7A41, 0x8261, 0xA2C1, 0x9241, 0xABC7, 0x8306, 0x3142, 0x29A3, 0x2163, 0x08E2,
  0x0081, 0x2142, 0x3A04, 0x0860, 0x0000, 0x0020, 0x0020, 0x0021, 0x0041, 0x0000, 0x4A89, 0xE6F9, 0x52A8, 0x0000, 0x0861, 0x0000,
  0x4AE8, 0x5C6C, 0x0040, 0x0861, 0x432B, 0x0A48, 0x0A08, 0x0945, 0x0000, 0x3185, 0xAE74, 0x23CB, 0x0207, 0x0021, 0x0105, 0x130D,
  0x0B0D, 0x01A8, 0x0126, 0x00A4, 0x3BAE, 0x1C50, 0x032D, 0x2491, 0x1BEF, 0x0083, 0x0063, 0x21C4, 0xC5E8, 0x7386, 0x0083, 0x0083,
  0x00E5, 0x0106, 0x0106, 0x00A5, 0x01A9, 0x00A4, 0x0062, 0x0188, 0x01A8, 0x0126, 0x0945, 0x2AEA, 0x0186, 0x00E4, 0x00C3, 0x0020,
  0x0862, 0x2104, 0x0861, 0x0000, 0x0000, 0x0000, 0x0000, 0x0000, 0x0000, 0x0000, 0x0000, 0x0000, 0x0000, 0x0000, 0x0000, 0x0000,
  0x0000, 0x0000, 0x0000, 0x0000, 0x0000, 0x0000, 0x0000, 0x0000, 0x0000, 0x0000, 0x0000, 0x0000, 0x0000, 0x0000, 0x0000, 0x0000,
  0x0000, 0x0000, 0x0000, 0x0000, 0x0000, 0x0000, 0x0000, 0x0000, 0x0000, 0x0000, 0x0000, 0x0000, 0x0000, 0x0000, 0x0000, 0x0000,
  0x0000, 0x0000, 0x0000, 0x0000, 0x0000, 0x0000, 0x0000, 0x0000, 0x0000, 0x0000, 0x0000, 0x0000, 0x0000, 0x0000, 0x0000, 0x0000,
  0x0000, 0x0000, 0x0000, 0x0000, 0x0000, 0x0000, 0x0000, 0x0000, 0x0000, 0x0000, 0x0000, 0x0000, 0x0000, 0x0000, 0x0000, 0x0000,
  0x0000, 0x0000, 0x0000, 0x0000, 0x0000, 0x0000, 0x0000, 0x0000, 0x0000, 0x0000, 0x0000, 0x0000, 0x0000, 0x0000, 0x0000, 0x0000,
  0x0000, 0x0000, 0x0000, 0x0000, 0x0000, 0x0000, 0x0000, 0x0000, 0x0000, 0x0000, 0x0000, 0x0000, 0x0000, 0x0000, 0x0000, 0x0000,
  0x0000, 0x0000, 0x0000, 0x0000, 0x0000, 0x0000, 0x0000, 0x0000, 0x0000, 0x0000, 0x0000, 0x0861, 0x18C3, 0x0882, 0x0840, 0x28C0,
  0x30E0, 0x51A1, 0x49A2, 0x0042, 0x08A3, 0x08C4, 0x08E5, 0x08E4, 0x0905, 0x0905, 0x1126, 0x1146, 0x1146, 0x1167, 0x1167, 0x1146,
  0x1146, 0x0926, 0x4183, 0x9A81, 0x8A21, 0x8221, 0x8221, 0x8200, 0x9A40, 0xAAC1, 0x79E0, 0x6980, 0xAAE1, 0xC382, 0xCB81, 0xDBC2,
  0xDBC2, 0xD3C1, 0xE443, 0xCB61, 0xB2E0, 0x9AA0, 0x9281, 0x9260, 0x9261, 0xB3E7, 0x6A84, 0x2101, 0x2983, 0x1122, 0x00A1, 0x08A1,
  0x29A3, 0x2983, 0x0020, 0x0000, 0x0000, 0x0020, 0x0041, 0x0061, 0x0000, 0x52CA, 0xE739, 0x4206, 0x0000, 0x0882, 0x0000, 0x39C5,
  0x6CCE, 0x2A87, 0x0000, 0x1124, 0x0124, 0x00C3, 0x00A3, 0x0041, 0x1903, 0xBE52, 0x444C, 0x0289, 0x0124, 0x0001, 0x0105, 0x02AC,
  0x020A, 0x0106, 0x0105, 0x1A29, 0x4D74, 0x036E, 0x0B4D, 0x1C91, 0x01C8, 0x0063, 0x0063, 0x3A45, 0x52E6, 0x0084, 0x0106, 0x00C5,
  0x0127, 0x00E6, 0x0127, 0x01EB, 0x02CF, 0x0147, 0x0000, 0x0041, 0x0167, 0x0168, 0x2A69, 0x2B4C, 0x0145, 0x0104, 0x00A3, 0x0000,
  0x0001, 0x0041, 0x10A2, 0x2125, 0x0820, 0x0000, 0x0000, 0x0000, 0x0000, 0x0000, 0x0000, 0x0000, 0x0000, 0x0000, 0x0000, 0x0000,
  0x0000, 0x0000, 0x0000, 0x0000, 0x0000, 0x0000, 0x0000, 0x0000, 0x0000, 0x0000, 0x0000, 0x0000, 0x0000, 0x0000, 0x0000, 0x0000,
  0x0000, 0x0000, 0x0000, 0x0000, 0x0000, 0x0000, 0x0000, 0x0000, 0x0000, 0x0000, 0x0000, 0x0000, 0x0000, 0x0000, 0x0000, 0x0000,
  0x0000, 0x0000, 0x0000, 0x0000, 0x0000, 0x0000, 0x0000, 0x0000, 0x0000, 0x0000, 0x0000, 0x0000, 0x0000, 0x0000, 0x0000, 0x0000,
  0x0000, 0x0000, 0x0000, 0x0000, 0x0000, 0x0000, 0x0000, 0x0000, 0x0000, 0x0000, 0x0000, 0x0000, 0x0000, 0x0000, 0x0000, 0x0000,
  0x0000, 0x0000, 0x0000, 0x0000, 0x0000, 0x0000, 0x0000, 0x0000, 0x0000, 0x0000, 0x0000, 0x0000, 0x0000, 0x0000, 0x0000, 0x0000,
  0x0000, 0x0000, 0x0000, 0x0000, 0x0000, 0x0000, 0x0000, 0x0000, 0x0000, 0x0000, 0x0000, 0x0000, 0x0000, 0x0000, 0x0000, 0x0000,
  0x0000, 0x0000, 0x0000, 0x0000, 0x0000, 0x0000, 0x0000, 0x0000, 0x0000, 0x0000, 0x18C2, 0x18C3, 0x0862, 0x0021, 0x0840, 0x3920,
  0x4940, 0x7A60, 0x7AC3, 0x0882, 0x08C4, 0x08E5, 0x0905, 0x0905, 0x0925, 0x1126, 0x1146, 0x1167, 0x1167, 0x1167, 0x1167, 0x1146,
  0x1167, 0x1125, 0x8242, 0xA2A1, 0x8221, 0x8A20, 0x9240, 0x9240, 0x9A60, 0x9240, 0x8A20, 0xBB21, 0xCB81, 0xCB81, 0xDBE2, 0xE400,
  0xF4C3, 0xFD65, 0xF482, 0xDBE2, 0xDBE2, 0xC382, 0xA2A0, 0x9282, 0x9BA7, 0x49C3, 0x2121, 0x2162, 0x08C1, 0x0081, 0x1942, 0x3A04,
  0x18E1, 0x0000, 0x0000, 0x0000, 0x0000, 0x0021, 0x0061, 0x0000, 0x4A89, 0xEF7B, 0x39C5, 0x0000, 0x0882, 0x0000, 0x31A5, 0x6C0C,
  0x3BEB, 0x08A2, 0x0041, 0x0082, 0x0020, 0x0000, 0x0021, 0x08A2, 0xBE12, 0x7570, 0x02C9, 0x0A28, 0x0041, 0x0041, 0x0083, 0x0146,
  0x00E5, 0x0106, 0x00C4, 0x6534, 0x1CB2, 0x032D, 0x138F, 0x0B0C, 0x00A4, 0x0083, 0x00A4, 0x00A3, 0x0063, 0x0106, 0x00E5, 0x0148,
  0x01EB, 0x022C, 0x026D, 0x02CF, 0x02F0, 0x01A9, 0x0021, 0x0021, 0x0042, 0x00E4, 0x542F, 0x12EC, 0x0166, 0x0146, 0x0021, 0x0021,
  0x0021, 0x0021, 0x0000, 0x0021, 0x1904, 0x10A3, 0x0000, 0x0000, 0x0000, 0x0000, 0x0000, 0x0000, 0x0000, 0x0000, 0x0000, 0x0000,
  0x0000, 0x0000, 0x0000, 0x0000, 0x0000, 0x0000, 0x0000, 0x0000, 0x0000, 0x0000, 0x0000, 0x0000, 0x0000, 0x0000, 0x0000, 0x0000,
  0x0000, 0x0000, 0x0000, 0x0000, 0x0000, 0x0000, 0x0000, 0x0000, 0x0000, 0x0000, 0x0000, 0x0000, 0x0000, 0x0000, 0x0000, 0x0000,
  0x0000, 0x0000, 0x0000, 0x0000, 0x0000, 0x0000, 0x0000, 0x0000, 0x0000, 0x0000, 0x0000, 0x0000, 0x0000, 0x0000, 0x0000, 0x0000,
  0x0000, 0x0000, 0x0000, 0x0000, 0x0000, 0x0000, 0x0000, 0x0000, 0x0000, 0x0000, 0x0000, 0x0000, 0x0000, 0x0000, 0x0000, 0x0000,
  0x0000, 0x0000, 0x0000, 0x0000, 0x0000, 0x0000, 0x0000, 0x0000, 0x0000, 0x0000, 0x0000, 0x0000, 0x0000, 0x0000, 0x0000, 0x0000,
  0x0000, 0x0000, 0x0000, 0x0000, 0x0000, 0x0000, 0x0000, 0x0000, 0x0000, 0x0000, 0x0000, 0x0000, 0x0000, 0x0000, 0x0000, 0x0000,
  0x0000, 0x0000, 0x0000, 0x0000, 0x0000, 0x0000, 0x0000, 0x0000, 0x0020, 0x0841, 0x10A2, 0x0041, 0x0062, 0x0062, 0x0041, 0x4981,
  0x59A0, 0x8AC0, 0xA3C3, 0x10C2, 0x08E4, 0x0905, 0x0925, 0x1126, 0x1146, 0x1146, 0x1167, 0x1187, 0x1187, 0x1187, 0x1167, 0x1166,
  0x0946, 0x41A3, 0xBB22, 0x9A81, 0x8A20, 0x9A81, 0x9A60, 0x9A60, 0xA2A0, 0xAAC0, 0xCB60, 0xDC01, 0xEC62, 0xF4C3, 0xFDC8, 0xF5A7,
  0xD54B, 0xA3C7, 0x6A43, 0x51E3, 0x6224, 0x6224, 0x9326, 0x93A8, 0x3162, 0x10C1, 0x10E1, 0x0060, 0x08A1, 0x29A3, 0x2983, 0x0840,
  0x0000, 0x0000, 0x0000, 0x0000, 0x0020, 0x0041, 0x0000, 0x31A6, 0xFFDD, 0x5B0A, 0x0000, 0x0841, 0x0000, 0x2944, 0x7C6E, 0x3BCB,
  0x3247, 0x0000, 0x0041, 0x0000, 0x0021, 0x0041, 0x0041, 0xAD70, 0x9612, 0x0B4A, 0x0AEB, 0x0145, 0x0000, 0x0041, 0x0062, 0x0042,
  0x00C4, 0x0063, 0x4B8E, 0x4595, 0x03AF, 0x038E, 0x0B8E, 0x0187, 0x0042, 0x0083, 0x0084, 0x0084, 0x00E5, 0x00E6, 0x0127, 0x028E,
  0x0331, 0x0331, 0x026D, 0x020C, 0x026E, 0x0189, 0x0042, 0x0084, 0x0001, 0x29E7, 0x5D13, 0x0209, 0x0208, 0x00E4, 0x0001, 0x0022,
  0x0021, 0x0021, 0x0021, 0x0062, 0x0062, 0x08A3, 0x0882, 0x0020, 0x0000, 0x0000, 0x0000, 0x0000, 0x0000, 0x0000, 0x0000, 0x0000,
  0x0000, 0x0000, 0x0000, 0x0000, 0x0000, 0x0000, 0x0000, 0x0000, 0x0000, 0x0000, 0x0000, 0x0000, 0x0000, 0x0000, 0x0000, 0x0000,
  0x0000, 0x0000, 0x0000, 0x0000, 0x0000, 0x0000, 0x0000, 0x0000, 0x0000, 0x0000, 0x0000, 0x0000, 0x0000, 0x0000, 0x0000, 0x0000,
  0x0000, 0x0000, 0x0000, 0x0000, 0x0000, 0x0000, 0x0000, 0x0000, 0x0000, 0x0000, 0x0000, 0x0000, 0x0000, 0x0000, 0x0000, 0x0000,
  0x0000, 0x0000, 0x0000, 0x0000, 0x0000, 0x0000, 0x0000, 0x0000, 0x0000, 0x0000, 0x0000, 0x0000, 0x0000, 0x0000, 0x0000, 0x0000,
  0x0000, 0x0000, 0x0000, 0x0000, 0x0000, 0x0000, 0x0000, 0x0000, 0x0000, 0x0000, 0x0000, 0x0000, 0x0000, 0x0000, 0x0000, 0x0000,
  0x0000, 0x0000, 0x0000, 0x0000, 0x0000, 0x0000, 0x0000, 0x0000, 0x0000, 0x0000, 0x0000, 0x0000, 0x0000, 0x0000, 0x0000, 0x0000,
  0x0000, 0x0000, 0x0000, 0x0000, 0x0000, 0x0000, 0x0000, 0x0021, 0x0841, 0x1081, 0x0861, 0x0062, 0x0082, 0x0083, 0x0882, 0x6201,
  0x6A00, 0x9B21, 0xC465, 0x2123, 0x0905, 0x1126, 0x1126, 0x1146, 0x1167, 0x1167, 0x1167, 0x1187, 0x1187, 0x1187, 0x1187, 0x1166,
  0x1104, 0xA303, 0xBB01, 0xA280, 0x9A80, 0x9A80, 0x9A80, 0xBB20, 0xD3A1, 0xECC3, 0xF546, 0xED8A, 0xD58C, 0xCD2B, 0xFF0F, 0x9C08,
  0x1061, 0x0000, 0x0000, 0x0000, 0x0000, 0x4A05, 0x7327, 0x18E1, 0x10E1, 0x08A1, 0x0020, 0x1902, 0x31C4, 0x10A1, 0x0000, 0x0020,
  0x0020, 0x0000, 0x0020, 0x0021, 0x0041, 0x0000, 0x18C2, 0xEF5A, 0x94D0, 0x0000, 0x0882, 0x0000, 0x1081, 0x844E, 0x2B29, 0x53EC,
  0x0020, 0x0020, 0x0000, 0x0041, 0x0061, 0x08C2, 0xAD71, 0x9E11, 0x0B09, 0x0B0B, 0x01E7, 0x00E3, 0x0021, 0x0021, 0x0042, 0x00A3,
  0x0083, 0x2A28, 0x6E37, 0x0430, 0x03AF, 0x036E, 0x02EC, 0x0083, 0x0063, 0x0083, 0x0084, 0x00A4, 0x00E5, 0x00C5, 0x026D, 0x0311,
  0x02AF, 0x024D, 0x022D, 0x018A, 0x018A, 0x0168, 0x0063, 0x00A4, 0x0062, 0x6CB1, 0x1BAF, 0x024A, 0x01E8, 0x0021, 0x0021, 0x0042,
  0x0042, 0x0042, 0x00A3, 0x00A3, 0x0083, 0x0062, 0x0041, 0x0882, 0x0841, 0x0000, 0x0000, 0x0000, 0x0000, 0x0000, 0x0000, 0x0000,
  0x0000, 0x0000, 0x0000, 0x0000, 0x0000, 0x0000, 0x0000, 0x0000, 0x0000, 0x0000, 0x0000, 0x0000, 0x0000, 0x0000, 0x0000, 0x0000,
  0x0000, 0x0000, 0x0000, 0x0000, 0x0000, 0x0000, 0x0000, 0x0000, 0x0000, 0x0000, 0x0000, 0x0000, 0x0000, 0x0000, 0x0000, 0x0000,
  0x0000, 0x0000, 0x0000, 0x0000, 0x0000, 0x0000, 0x0000, 0x0000, 0x0000, 0x0000, 0x0000, 0x0000, 0x0000, 0x0000, 0x0000, 0x0000,
  0x0000, 0x0000, 0x0000, 0x0000, 0x0000, 0x0000, 0x0000, 0x0000, 0x0000, 0x0000, 0x0000, 0x0000, 0x0000, 0x0000, 0x0000, 0x0000,
  0x0000, 0x0000, 0x0000, 0x0000, 0x0000, 0x0000, 0x0000, 0x0000, 0x0000, 0x0000, 0x0000, 0x0000, 0x0000, 0x0000, 0x0000, 0x0000,
  0x0000, 0x0000, 0x0000, 0x0000, 0x0000, 0x0000, 0x0000, 0x0000, 0x0000, 0x0000, 0x0000, 0x0000, 0x0000, 0x0000, 0x0000, 0x0000,
  0x0000, 0x0000, 0x0000, 0x0000, 0x0000, 0x0020, 0x0861, 0x0041, 0x0861, 0x18C2, 0x0062, 0x0083, 0x00A3, 0x00A3, 0x10C2, 0x82A2,
  0x7A60, 0xA361, 0xD506, 0x2164, 0x0926, 0x1146, 0x1146, 0x1167, 0x1187, 0x1187, 0x1187, 0x1187, 0x1187, 0x1167, 0x1987, 0x08E4,
  0x7A83, 0xC361, 0xA2A0, 0xAAA0, 0xBB00, 0xBB41, 0xD3A0, 0xF4C3, 0xFE2B, 0xC52C, 0x7328, 0x39A5, 0x1061, 0x9C4C, 0xA46B, 0x0000,
  0x0041, 0x0861, 0x0020, 0x1061, 0x6AE7, 0x5245, 0x0040, 0x08A1, 0x0060, 0x0881, 0x2162, 0x1902, 0x0000, 0x0000, 0x0840, 0x0000,
  0x0000, 0x0020, 0x0021, 0x0041, 0x0021, 0x0881, 0xCE75, 0xCE95, 0x0060, 0x0061, 0x0041, 0x0841, 0x844E, 0x1AC9, 0x3B8B, 0x1903,
  0x0000, 0x0021, 0x0041, 0x0021, 0x1103, 0xBDF2, 0xA652, 0x1B6A, 0x0B2B, 0x01E7, 0x0965, 0x00A2, 0x0000, 0x0041, 0x0062, 0x00A4,
  0x1166, 0x75F6, 0x14D2, 0x0430, 0x034E, 0x0B4E, 0x01A7, 0x0042, 0x0063, 0x0083, 0x0083, 0x00E6, 0x0107, 0x01EB, 0x024E, 0x024E,
  0x02B0, 0x020C, 0x01EB, 0x026D, 0x026D, 0x020B, 0x00A5, 0x0022, 0x538D, 0x44B2, 0x028B, 0x02CC, 0x00A4, 0x0021, 0x0042, 0x0042,
  0x0042, 0x00C4, 0x00C4, 0x00C4, 0x00C4, 0x0083, 0x0062, 0x0062, 0x0082, 0x0882, 0x0841, 0x0000, 0x0000, 0x0000, 0x0000, 0x0000,
  0x0000, 0x0000, 0x0000, 0x0000, 0x0000, 0x0000, 0x0000, 0x0000, 0x0000, 0x0000, 0x0000, 0x0000, 0x0000, 0x0000, 0x0000, 0x0000,
  0x0000, 0x0000, 0x0000, 0x0000, 0x0000, 0x0000, 0x0000, 0x0000, 0x0000, 0x0000, 0x0000, 0x0000, 0x0000, 0x0000, 0x0000, 0x0000,
  0x0000, 0x0000, 0x0000, 0x0000, 0x0000, 0x0000, 0x0000, 0x0000, 0x0000, 0x0000, 0x0000, 0x0000, 0x0000, 0x0000, 0x0000, 0x0000,
  0x0000, 0x0000, 0x0000, 0x0000, 0x0000, 0x0000, 0x0000, 0x0000, 0x0000, 0x0000, 0x0000, 0x0000, 0x0000, 0x0000, 0x0000, 0x0000,
  0x0000, 0x0000, 0x0000, 0x0000, 0x0000, 0x0000, 0x0000, 0x0000, 0x0000, 0x0000, 0x0000, 0x0000, 0x0000, 0x0000, 0x0000, 0x0000,
  0x0000, 0x0000, 0x0000, 0x0000, 0x0000, 0x0000, 0x0000, 0x0000, 0x0000, 0x0000, 0x0000, 0x0000, 0x0000, 0x0000, 0x0000, 0x0000,
  0x0000, 0x0000, 0x0000, 0x0000, 0x0841, 0x0862, 0x0062, 0x0041, 0x2922, 0x10A2, 0x0083, 0x00A3, 0x00C3, 0x00C4, 0x1903, 0x9B22,
  0x92A0, 0xB3C2, 0xDD67, 0x2164, 0x0946, 0x1166, 0x1166, 0x1167, 0x1187, 0x1187, 0x1187, 0x1167, 0x1167, 0x1987, 0x0905, 0x6244,
  0xDBE2, 0xB2E0, 0xA280, 0xBB00, 0xD3C1, 0xECA3, 0xF5A8, 0xB4CA, 0x4A05, 0x1061, 0x0000, 0x0000, 0x9C8E, 0x9C6C, 0x0000, 0x0040,
  0x0861, 0x0000, 0x2102, 0x7369, 0x41E4, 0x0040, 0x0060, 0x0000, 0x10C1, 0x2983, 0x0881, 0x0000, 0x0020, 0x0020, 0x0020, 0x0020,
  0x0020, 0x0021, 0x0041, 0x0041, 0x0881, 0xBDF4, 0xEFB9, 0x3205, 0x0000, 0x0061, 0x0000, 0x7C0E, 0x3C0E, 0x1B2A, 0x31E6, 0x0000,
  0x0021, 0x0062, 0x0041, 0x29A4, 0xCEB4, 0x9E32, 0x1B6A, 0x136B, 0x0248, 0x0A07, 0x1A07, 0x0000, 0x0021, 0x0042, 0x0083, 0x00E4,
  0x85D6, 0x3574, 0x0431, 0x0C10, 0x030D, 0x0AAB, 0x0042, 0x0083, 0x0083, 0x0063, 0x0083, 0x00E6, 0x01AA, 0x02CF, 0x024D, 0x01EB,
  0x01EB, 0x01EB, 0x0331, 0x02CF, 0x01EA, 0x0127, 0x0063, 0x3269, 0x75D6, 0x02ED, 0x032E, 0x0187, 0x0001, 0x0042, 0x0042, 0x0042,
  0x0083, 0x00E5, 0x0106, 0x00C4, 0x00A4, 0x00C4, 0x00C4, 0x00C4, 0x0083, 0x0062, 0x08A3, 0x1904, 0x0841, 0x0000, 0x0000, 0x0000,
  0x0000, 0x0000, 0x0000, 0x0000, 0x0000, 0x0000, 0x0000, 0x0000, 0x0000, 0x0000, 0x0000, 0x0000, 0x0000, 0x0000, 0x0000, 0x0000,
  0x0000, 0x0000, 0x0000, 0x0000, 0x0000, 0x0000, 0x0000, 0x0000, 0x0000, 0x0000, 0x0000, 0x0000, 0x0000, 0x0000, 0x0000, 0x0000,
  0x0000, 0x0000, 0x0000, 0x0000, 0x0000, 0x0000, 0x0000, 0x0000, 0x0000, 0x0000, 0x0000, 0x0000, 0x0000, 0x0000, 0x0000, 0x0000,
  0x0000, 0x0000, 0x0000, 0x0000, 0x0000, 0x0000, 0x0000, 0x0000, 0x0000, 0x0000, 0x0000, 0x0000, 0x0000, 0x0000, 0x0000, 0x0000,
  0x0000, 0x0000, 0x0000, 0x0000, 0x0000, 0x0000, 0x0000, 0x0000, 0x0000, 0x0000, 0x0000, 0x0000, 0x0000, 0x0000, 0x0000, 0x0000,
  0x0000, 0x0000, 0x0000, 0x0000, 0x0000, 0x0000, 0x0000, 0x0000, 0x0000, 0x0000, 0x0000, 0x0000, 0x0000, 0x0000, 0x0000, 0x0000,
  0x0000, 0x0000, 0x0882, 0x10A2, 0x0062, 0x0062, 0x0062, 0x2103, 0x3163, 0x0083, 0x08C4, 0x00C4, 0x08E4, 0x00C4, 0x2943, 0xA362,
  0x9AE0, 0xCC42, 0xDD88, 0x1944, 0x0947, 0x1167, 0x1166, 0x1167, 0x1187, 0x1167, 0x1187, 0x1987, 0x19A7, 0x00E5, 0x51E4, 0xDC23,
  0xD380, 0xBB20, 0xBB00, 0xDBE0, 0xF503, 0xDDCC, 0x5A87, 0x0000, 0x0000, 0x0000, 0x2103, 0xC5F3, 0x942C, 0x0000, 0x0841, 0x0000,
  0x0000, 0x41E5, 0x6B07, 0x18C2, 0x0020, 0x0060, 0x0020, 0x1101, 0x1922, 0x0000, 0x0000, 0x0040, 0x0020, 0x0860, 0x0040, 0x0021,
  0x0041, 0x0041, 0x0041, 0x0040, 0xB594, 0xD759, 0x74AD, 0x0000, 0x0041, 0x0000, 0x5AE9, 0x6511, 0x032B, 0x436B, 0x0000, 0x0020,
  0x0061, 0x0021, 0x3A47, 0xDF36, 0x9693, 0x134A, 0x132A, 0x0A27, 0x01E7, 0x236B, 0x0082, 0x0000, 0x0041, 0x0062, 0x0062, 0x8534,
  0x4E16, 0x0451, 0x0C71, 0x030D, 0x0B6E, 0x00C4, 0x0042, 0x0063, 0x0063, 0x00A4, 0x00A4, 0x00E6, 0x026E, 0x028F, 0x020B, 0x01AA,
  0x026C, 0x02AE, 0x0310, 0x01EB, 0x0189, 0x00C5, 0x1986, 0x7D95, 0x0BAF, 0x036E, 0x024A, 0x0001, 0x0042, 0x0062, 0x0042, 0x0083,
  0x00E5, 0x0106, 0x0126, 0x00C4, 0x00C4, 0x0106, 0x0105, 0x00C4, 0x0083, 0x00C3, 0x0041, 0x0882, 0x2104, 0x0020, 0x0000, 0x0000,
  0x0000, 0x0000, 0x0000, 0x0000, 0x0000, 0x0000, 0x0000, 0x0000, 0x0000, 0x0000, 0x0000, 0x0000, 0x0000, 0x0000, 0x0000, 0x0000,
  0x0000, 0x0000, 0x0000, 0x0000, 0x0000, 0x0000, 0x0000, 0x0000, 0x0000, 0x0000, 0x0000, 0x0000, 0x0000, 0x0000, 0x0000, 0x0000,
  0x0000, 0x0000, 0x0000, 0x0000, 0x0000, 0x0000, 0x0000, 0x0000, 0x0000, 0x0000, 0x0000, 0x0000, 0x0000, 0x0000, 0x0000, 0x0000,
  0x0000, 0x0000, 0x0000, 0x0000, 0x0000, 0x0000, 0x0000, 0x0000, 0x0000, 0x0000, 0x0000, 0x0000, 0x0000, 0x0000, 0x0000, 0x0000,
  0x0000, 0x0000, 0x0000, 0x0000, 0x0000, 0x0000, 0x0000, 0x0000, 0x0000, 0x0000, 0x0000, 0x0000, 0x0000, 0x0000, 0x0000, 0x0000,
  0x0000, 0x0000, 0x0000, 0x0000, 0x0000, 0x0000, 0x0000, 0x0000, 0x0000, 0x0000, 0x0000, 0x0000, 0x0000, 0x0000, 0x0000, 0x0000,
  0x0020, 0x10A2, 0x08A3, 0x0062, 0x0082, 0x08A3, 0x0082, 0x4A04, 0x08E3, 0x00E4, 0x08E4, 0x08E4, 0x0905, 0x00C4, 0x41C3, 0xAB61,
  0xA300, 0xDCC3, 0xD568, 0x1104, 0x1167, 0x1167, 0x1167, 0x1167, 0x1126, 0x1187, 0x19A8, 0x1986, 0x00A4, 0x49C4, 0xECE4, 0xE442,
  0xD3A1, 0xD3C1, 0xDC00, 0xFD43, 0xD5AC, 0x3144, 0x0000, 0x0861, 0x0000, 0x4206, 0xCE53, 0x6B29, 0x0000, 0x10A2, 0x0020, 0x10A1,
  0x5AA7, 0x5246, 0x0040, 0x0020, 0x0020, 0x0000, 0x1102, 0x1101, 0x0000, 0x0000, 0x0020, 0x0000, 0x0840, 0x1080, 0x0020, 0x0041,
  0x0061, 0x0041, 0x0860, 0xB5B3, 0xBE75, 0x85F1, 0x2A26, 0x0041, 0x0000, 0x31A5, 0x8551, 0x032B, 0x2B6B, 0x2185, 0x0000, 0x0062,
  0x0000, 0x4B08, 0xD756, 0x9ED4, 0x242C, 0x138B, 0x0A27, 0x09C6, 0x1AC9, 0x08C2, 0x0001, 0x0042, 0x0062, 0x0082, 0x7D13, 0x5E57,
  0x0450, 0x0C92, 0x032D, 0x0BAF, 0x0187, 0x0042, 0x0063, 0x0083, 0x0083, 0x00A4, 0x0084, 0x0189, 0x028E, 0x01EB, 0x024C, 0x0B91,
  0x02CE, 0x024C, 0x026D, 0x01CB, 0x0189, 0x1187, 0x7534, 0x1C10, 0x038F, 0x02ED, 0x0042, 0x0021, 0x0042, 0x0062, 0x0042, 0x00C4,
  0x0127, 0x0106, 0x0168, 0x0126, 0x00E5, 0x0147, 0x0105, 0x00C4, 0x00A4, 0x00E4, 0x0082, 0x0021, 0x0041, 0x1104, 0x10A2, 0x0000,
  0x0000, 0x0000, 0x0000, 0x0000, 0x0000, 0x0000, 0x0000, 0x0000, 0x0000, 0x0000, 0x0000, 0x0000, 0x0000, 0x0000, 0x0000, 0x0000,
  0x0000, 0x0000, 0x0000, 0x0000, 0x0000, 0x0000, 0x0000, 0x0000, 0x0000, 0x0000, 0x0000, 0x0000, 0x0000, 0x0000, 0x0000, 0x0000,
  0x0000, 0x0000, 0x0000, 0x0000, 0x0000, 0x0000, 0x0000, 0x0000, 0x0000, 0x0000, 0x0000, 0x0000, 0x0000, 0x0000, 0x0000, 0x0000,
  0x0000, 0x0000, 0x0000, 0x0000, 0x0000, 0x0000, 0x0000, 0x0000, 0x0000, 0x0000, 0x0000, 0x0000, 0x0000, 0x0000, 0x0000, 0x0000,
  0x0000, 0x0000, 0x0000, 0x0000, 0x0000, 0x0000, 0x0000, 0x0000, 0x0000, 0x0000, 0x0000, 0x0000, 0x0000, 0x0000, 0x0000, 0x0000,
  0x0000, 0x0000, 0x0000, 0x0000, 0x0000, 0x0000, 0x0000, 0x0000, 0x0000, 0x0000, 0x0000, 0x0000, 0x0000, 0x0000, 0x0000, 0x1082,
  0x2124, 0x08A3, 0x0062, 0x0082, 0x08A3, 0x0062, 0x39A4, 0x39A4, 0x00A4, 0x0905, 0x08E5, 0x08E5, 0x0925, 0x00C4, 0x6263, 0xB341,
  0xB360, 0xED64, 0xBD09, 0x08E4, 0x1167, 0x1146, 0x1167, 0x1166, 0x1146, 0x1166, 0x1125, 0x0083, 0x41C4, 0xED46, 0xFD43, 0xE463,
  0xE3E1, 0xE4A2, 0xF523, 0xD5CB, 0x20E2, 0x0021, 0x0882, 0x0000, 0x738B, 0xCE32, 0x39C4, 0x0000, 0x0861, 0x0020, 0x41E5, 0x7349,
  0x2943, 0x0020, 0x0041, 0x0000, 0x0000, 0x0881, 0x10E2, 0x0000, 0x0000, 0x0020, 0x0000, 0x0840, 0x1080, 0x0040, 0x0041, 0x0061,
  0x0021, 0x10C1, 0xBDD2, 0xBE95, 0x7DD1, 0x648E, 0x0000, 0x0061, 0x10A2, 0x8D10, 0x240F, 0x0A69, 0x2AC9, 0x0041, 0x0082, 0x0082,
  0x63CB, 0xCFB5, 0x8672, 0x244C, 0x13CB, 0x0AC9, 0x1288, 0x1A67, 0x0041, 0x0000, 0x0062, 0x0041, 0x00C3, 0x8D54, 0x6698, 0x04B2,
  0x0CF3, 0x034D, 0x0B8F, 0x0209, 0x0063, 0x0062, 0x0063, 0x0083, 0x0084, 0x0083, 0x00E5, 0x022C, 0x01EB, 0x1350, 0x1494, 0x02EE,
  0x028E, 0x022C, 0x01CA, 0x0189, 0x09A8, 0x6CF3, 0x2451, 0x03AF, 0x036E, 0x00A3, 0x0022, 0x0042, 0x0042, 0x0063, 0x0083, 0x0106,
  0x0147, 0x0147, 0x0189, 0x0126, 0x0167, 0x01A9, 0x0147, 0x0106, 0x0126, 0x0105, 0x0062, 0x0042, 0x00A3, 0x0145, 0x1125, 0x18E3,
  0x0841, 0x0000, 0x0000, 0x0000, 0x0000, 0x0000, 0x0000, 0x0000, 0x0000, 0x0000, 0x0000, 0x0000, 0x0000, 0x0000, 0x0000, 0x0000,
  0x0000, 0x0000, 0x0000, 0x0000, 0x0000, 0x0000, 0x0000, 0x0000, 0x0000, 0x0000, 0x0000, 0x0000, 0x0000, 0x0000, 0x0000, 0x0000,
  0x0000, 0x0000, 0x0000, 0x0000, 0x0000, 0x0000, 0x0000, 0x0000, 0x0000, 0x0000, 0x0000, 0x0000, 0x0000, 0x0000, 0x0000, 0x0000,
  0x0000, 0x0000, 0x0000, 0x0000, 0x0000, 0x0000, 0x0000, 0x0000, 0x0000, 0x0000, 0x0000, 0x0000, 0x0000, 0x0000, 0x0000, 0x0000,
  0x0000, 0x0000, 0x0000, 0x0000, 0x0000, 0x0000, 0x0000, 0x0000, 0x0000, 0x0000, 0x0000, 0x0000, 0x0000, 0x0000, 0x0000, 0x0000,
  0x0000, 0x0000, 0x0000, 0x0000, 0x0000, 0x0000, 0x0000, 0x0000, 0x0000, 0x0000, 0x0000, 0x0000, 0x0000, 0x0000, 0x1082, 0x18E4,
  0x0062, 0x0062, 0x0883, 0x0883, 0x00A3, 0x10C2, 0x6266, 0x00A3, 0x0905, 0x08E5, 0x08E5, 0x0905, 0x0926, 0x00E4, 0x8B03, 0xB340,
  0xC3C0, 0xF5E6, 0x9C48, 0x00C4, 0x1187, 0x1146, 0x1166, 0x1187, 0x1146, 0x08E4, 0x0063, 0x51E4, 0xF5C6, 0xFDC4, 0xF4E3, 0xEC62,
  0xECE2, 0xED44, 0xFEAD, 0x4A25, 0x0000, 0x0020, 0x10A2, 0xA510, 0xAD30, 0x18C2, 0x0000, 0x0000, 0x0861, 0x62E8, 0x62C7, 0x10A1,
  0x0861, 0x0841, 0x0000, 0x0000, 0x0020, 0x10E2, 0x0000, 0x0000, 0x0000, 0x0000, 0x0020, 0x1080, 0x0020, 0x0041, 0x0061, 0x0000,
  0x3184, 0xD694, 0xC6D4, 0x8E11, 0x6D70, 0x08E3, 0x0020, 0x0000, 0x844E, 0x5D73, 0x02AA, 0x1AAA, 0x19A5, 0x0000, 0x0082, 0x748D,
  0xCF96, 0x9ED3, 0x246D, 0x0B8A, 0x134A, 0x1B09, 0x11A5, 0x0000, 0x0000, 0x0061, 0x0000, 0x1944, 0x9E17, 0x6E57, 0x0513, 0x0D55,
  0x03AF, 0x03B0, 0x024A, 0x0083, 0x0063, 0x0062, 0x0063, 0x0083, 0x00A4, 0x0083, 0x0168, 0x02AE, 0x0B71, 0x0B70, 0x036F, 0x0412,
  0x0413, 0x02EE, 0x01A9, 0x0988, 0x5CD3, 0x2472, 0x0411, 0x03D0, 0x0105, 0x0001, 0x0062, 0x0062, 0x0062, 0x0083, 0x00E5, 0x0106,
  0x0168, 0x01A9, 0x0168, 0x0168, 0x01A9, 0x0127, 0x0168, 0x0167, 0x0187, 0x00C4, 0x0042, 0x0042, 0x01A7, 0x0229, 0x0104, 0x0021,
  0x2965, 0x18E3, 0x0000, 0x0000, 0x0000, 0x0000, 0x0000, 0x0000, 0x0000, 0x0000, 0x0000, 0x0000, 0x0000, 0x0000, 0x0000, 0x0000,
  0x0000, 0x0000, 0x0000, 0x0000, 0x0000, 0x0000, 0x0000, 0x0000, 0x0000, 0x0000, 0x0000, 0x0000, 0x0000, 0x0000, 0x0000, 0x0000,
  0x0000, 0x0000, 0x0000, 0x0000, 0x0000, 0x0000, 0x0000, 0x0000, 0x0000, 0x0000, 0x0000, 0x0000, 0x0000, 0x0000, 0x0000, 0x0000,
  0x0000, 0x0000, 0x0000, 0x0000, 0x0000, 0x0000, 0x0000, 0x0000, 0x0000, 0x0000, 0x0000, 0x0000, 0x0000, 0x0000, 0x0000, 0x0000,
  0x0000, 0x0000, 0x0000, 0x0000, 0x0000, 0x0000, 0x0000, 0x0000, 0x0000, 0x0000, 0x0000, 0x0000, 0x0000, 0x0000, 0x0000, 0x0000,
  0x0000, 0x0000, 0x0000, 0x0000, 0x0000, 0x0000, 0x0000, 0x0000, 0x0000, 0x0000, 0x0000, 0x0000, 0x0000, 0x18C3, 0x10A2, 0x0062,
  0x0082, 0x08A3, 0x08A3, 0x08C4, 0x0062, 0x5245, 0x31A4, 0x00C4, 0x0925, 0x0905, 0x0905, 0x0926, 0x0946, 0x1964, 0xABA3, 0xB320,
  0xD420, 0xFE48, 0x6B27, 0x00E5, 0x1167, 0x1146, 0x1166, 0x1105, 0x08E4, 0x0063, 0x5A25, 0xF607, 0xFE46, 0xFD84, 0xFD01, 0xED20,
  0xF606, 0xF6CF, 0xB4CC, 0x1881, 0x0000, 0x2123, 0xB570, 0x7BAA, 0x0020, 0x0021, 0x0000, 0x3164, 0x7349, 0x3184, 0x0881, 0x10A2,
  0x0020, 0x0000, 0x0000, 0x0000, 0x08C2, 0x0081, 0x0000, 0x0000, 0x0000, 0x0020, 0x1080, 0x0840, 0x0041, 0x0020, 0x0020, 0x6B4A,
  0xEF77, 0xBE93, 0x9E93, 0x86B4, 0x332B, 0x0040, 0x0000, 0x4227, 0x85D4, 0x0BCF, 0x0249, 0x2B4C, 0x0081, 0x0000, 0x5C0B, 0xB775,
  0xA6F5, 0x4DB1, 0x140B, 0x23CB, 0x1A67, 0x0081, 0x0001, 0x0062, 0x0021, 0x0000, 0x3A48, 0x9E98, 0x4DF6, 0x04B2, 0x0CD3, 0x038F,
  0x038F, 0x026B, 0x00A4, 0x0083, 0x0042, 0x0063, 0x0063, 0x0084, 0x00A4, 0x0084, 0x022B, 0x0413, 0x0433, 0x0412, 0x0D56, 0x0452,
  0x03D1, 0x024B, 0x1A4A, 0x64B2, 0x1C30, 0x0452, 0x0431, 0x01A7, 0x0001, 0x0042, 0x0042, 0x0063, 0x0062, 0x0083, 0x00E5, 0x0106,
  0x0168, 0x020B, 0x01A9, 0x0189, 0x0189, 0x0168, 0x01C9, 0x020A, 0x0146, 0x0062, 0x0083, 0x0105, 0x0ACC, 0x028B, 0x00E4, 0x0000,
  0x0020, 0x2104, 0x18C3, 0x0020, 0x0000, 0x0000, 0x0000, 0x0000, 0x0000, 0x0000, 0x0000, 0x0000, 0x0000, 0x0000, 0x0000, 0x0000,
  0x0000, 0x0000, 0x0000, 0x0000, 0x0000, 0x0000, 0x0000, 0x0000, 0x0000, 0x0000, 0x0000, 0x0000, 0x0000, 0x0000, 0x0000, 0x0000,
  0x0000, 0x0000, 0x0000, 0x0000, 0x0000, 0x0000, 0x0000, 0x0000, 0x0000, 0x0000, 0x0000, 0x0000, 0x0000, 0x0000, 0x0000, 0x0000,
  0x0000, 0x0000, 0x0000, 0x0000, 0x0000, 0x0000, 0x0000, 0x0000, 0x0000, 0x0000, 0x0000, 0x0000, 0x0000, 0x0000, 0x0000, 0x0000,
  0x0000, 0x0000, 0x0000, 0x0000, 0x0000, 0x0000, 0x0000, 0x0000, 0x0000, 0x0000, 0x0000, 0x0000, 0x0000, 0x0000, 0x0000, 0x0000,
  0x0000, 0x0000, 0x0000, 0x0000, 0x0000, 0x0000, 0x0000, 0x0000, 0x0000, 0x0000, 0x0000, 0x0000, 0x18C3, 0x08A2, 0x0062, 0x0083,
  0x08A3, 0x08C3, 0x08E4, 0x00A4, 0x2123, 0x7307, 0x00A3, 0x0926, 0x0925, 0x0926, 0x0905, 0x0946, 0x0126, 0x4204, 0xBBC2, 0xB320,
  0xE4A1, 0xEE49, 0x4205, 0x0905, 0x1167, 0x0905, 0x08E5, 0x08E4, 0x0022, 0x6265, 0xFE68, 0xFE66, 0xFE06, 0xFDA3, 0xFDE2, 0xFE88,
  0xCDAD, 0x51E5, 0x0820, 0x0882, 0x39E5, 0xAD2E, 0x39C4, 0x0000, 0x0041, 0x0020, 0x5A87, 0x62C7, 0x18E2, 0x18E3, 0x10A2, 0x0000,
  0x0000, 0x0000, 0x0000, 0x0082, 0x0924, 0x0000, 0x0000, 0x0000, 0x0020, 0x1080, 0x0860, 0x0041, 0x0000, 0x2963, 0xBDF2, 0xF7B8,
  0xA5F1, 0xA6B4, 0x7E73, 0x33CC, 0x19E7, 0x0020, 0x10A1, 0x9592, 0x242F, 0x026A, 0x0ACB, 0x2BAD, 0x0000, 0x4B89, 0x9754, 0x8EF5,
  0x3DB1, 0x252F, 0x2C2C, 0x1184, 0x0000, 0x0021, 0x0062, 0x0000, 0x10E3, 0x84F2, 0x96FA, 0x2575, 0x0471, 0x03AF, 0x02CC, 0x032E,
  0x022A, 0x0127, 0x00A4, 0x0042, 0x0042, 0x0063, 0x00A4, 0x0084, 0x0084, 0x0168, 0x03D1, 0x0515, 0x0576, 0x04B4, 0x0453, 0x032E,
  0x020A, 0x332D, 0x64D2, 0x138E, 0x0431, 0x0452, 0x0209, 0x0001, 0x0042, 0x0042, 0x0062, 0x0063, 0x0063, 0x00A4, 0x00E5, 0x0106,
  0x0126, 0x0168, 0x01A9, 0x0189, 0x022C, 0x024C, 0x022B, 0x0167, 0x0083, 0x0083, 0x0063, 0x0A4A, 0x0BD0, 0x026B, 0x0042, 0x0001,
  0x0000, 0x0000, 0x18C3, 0x18E3, 0x0841, 0x0000, 0x0000, 0x0000, 0x0000, 0x0000, 0x0000, 0x0000, 0x0000, 0x0000, 0x0000, 0x0000,
  0x0000, 0x0000, 0x0000, 0x0000, 0x0000, 0x0000, 0x0000, 0x0000, 0x0000, 0x0000, 0x0000, 0x0000, 0x0000, 0x0000, 0x0000, 0x0000,
  0x0000, 0x0000, 0x0000, 0x0000, 0x0000, 0x0000, 0x0000, 0x0000, 0x0000, 0x0000, 0x0000, 0x0000, 0x0000, 0x0000, 0x0000, 0x0000,
  0x0000, 0x0000, 0x0000, 0x0000, 0x0000, 0x0000, 0x0000, 0x0000, 0x0000, 0x0000, 0x0000, 0x0000, 0x0000, 0x0000, 0x0000, 0x0000,
  0x0000, 0x0000, 0x0000, 0x0000, 0x0000, 0x0000, 0x0000, 0x0000, 0x0000, 0x0000, 0x0000, 0x0000, 0x0000, 0x0000, 0x0000, 0x0000,
  0x0000, 0x0000, 0x0000, 0x0000, 0x0000, 0x0000, 0x0000, 0x0000, 0x0000, 0x0000, 0x0841, 0x1082, 0x0882, 0x0082, 0x08A3, 0x08A3,
  0x08C4, 0x08C4, 0x0905, 0x0083, 0x7347, 0x31C5, 0x00C5, 0x0926, 0x0925, 0x0926, 0x0946, 0x1166, 0x00E5, 0x8344, 0xC381, 0xC360,
  0xF563, 0xD5CA, 0x1924, 0x0946, 0x1126, 0x08C4, 0x08E4, 0x0042, 0x7B05, 0xFEA8, 0xFE66, 0xFE68, 0xFDE3, 0xFE45, 0xFF4E, 0xA42B,
  0x1040, 0x0000, 0x0000, 0x2963, 0x9CAC, 0x2122, 0x0000, 0x0021, 0x10A2, 0x62E8, 0x41E5, 0x10C2, 0x2123, 0x0840, 0x0000, 0x0000,
  0x0000, 0x0020, 0x00C2, 0x0965, 0x08C3, 0x0000, 0x0000, 0x0000, 0x0840, 0x1080, 0x0000, 0x0020, 0x6B6B, 0xF799, 0xD6D5, 0x74CD,
  0x9ED5, 0x6E33, 0x4591, 0x33EC, 0x08E2, 0x0000, 0x848E, 0x5552, 0x028A, 0x0166, 0x23AD, 0x0A88, 0x3286, 0x6F34, 0x97B8, 0x6E74,
  0x1D2E, 0x3CEE, 0x0963, 0x0021, 0x0082, 0x0000, 0x0041, 0x534C, 0xAEB9, 0x76D9, 0x0534, 0x0410, 0x028B, 0x024A, 0x02CC, 0x01E9,
  0x0188, 0x0126, 0x0063, 0x0042, 0x0042, 0x0083, 0x00A4, 0x0084, 0x00A4, 0x034F, 0x0516, 0x0515, 0x03B0, 0x03B0, 0x034E, 0x024B,
  0x6472, 0x6492, 0x0B2D, 0x0451, 0x0451, 0x02AB, 0x0001, 0x0021, 0x0042, 0x0062, 0x0083, 0x0083, 0x0083, 0x00C5, 0x0189, 0x0147,
  0x0188, 0x01A9, 0x0127, 0x0106, 0x0188, 0x0147, 0x00E5, 0x00C4, 0x00C4, 0x00A4, 0x00A3, 0x138F, 0x0BF1, 0x0187, 0x0001, 0x0001,
  0x0000, 0x0000, 0x0000, 0x0861, 0x2965, 0x0020, 0x0000, 0x0000, 0x0000, 0x0000, 0x0000, 0x0000, 0x0000, 0x0000, 0x0000, 0x0000,
  0x0000, 0x0000, 0x0000, 0x0000, 0x0000, 0x0000, 0x0000, 0x0000, 0x0000, 0x0000, 0x0000, 0x0000, 0x0000, 0x0000, 0x0000, 0x0000,
  0x0000, 0x0000, 0x0000, 0x0000, 0x0000, 0x0000, 0x0000, 0x0000, 0x0000, 0x0000, 0x0000, 0x0000, 0x0000, 0x0000, 0x0000, 0x0000,
  0x0000, 0x0000, 0x0000, 0x0000, 0x0000, 0x0000, 0x0000, 0x0000, 0x0000, 0x0000, 0x0000, 0x0000, 0x0000, 0x0000, 0x0000, 0x0000,
  0x0000, 0x0000, 0x0000, 0x0000, 0x0000, 0x0000, 0x0000, 0x0000, 0x0000, 0x0000, 0x0000, 0x0000, 0x0000, 0x0000, 0x0000, 0x0000,
  0x0000, 0x0000, 0x0000, 0x0000, 0x0000, 0x0000, 0x0000, 0x0000, 0x0000, 0x1082, 0x18E4, 0x0041, 0x0082, 0x08A3, 0x08A3, 0x08C4,
  0x08E4, 0x0905, 0x00E5, 0x31A4, 0x83A8, 0x00A4, 0x0926, 0x0926, 0x0926, 0x0946, 0x0926, 0x0946, 0x1944, 0xBC24, 0xBB20, 0xD400,
  0xFE27, 0xA4A9, 0x08A3, 0x1146, 0x0905, 0x08C4, 0x0842, 0x9BC6, 0xFEE8, 0xFE23, 0xFE67, 0xFE03, 0xFE22, 0xFF4F, 0x8B8A, 0x0800,
  0x0020, 0x0020, 0x0000, 0x5265, 0x2122, 0x0021, 0x0020, 0x18C2, 0x62C7, 0x2943, 0x10E2, 0x18E2, 0x0000, 0x0000, 0x0000, 0x0000,
  0x0061, 0x0124, 0x0945, 0x0986, 0x0081, 0x0000, 0x0020, 0x0040, 0x1080, 0x0000, 0x18C1, 0xAD92, 0xFFFC, 0x94AE, 0x4BAA, 0xAF57,
  0x8EF5, 0x2CCF, 0x3531, 0x3C0D, 0x0020, 0x4287, 0xA6B6, 0x032B, 0x01C8, 0x0186, 0x344F, 0x0A26, 0x4D90, 0x6798, 0x6F78, 0x3E33,
  0x44CE, 0x0923, 0x0062, 0x0062, 0x0020, 0x3207, 0x95F6, 0x8E78, 0x24F2, 0x0D95, 0x0BCF, 0x022A, 0x028B, 0x028C, 0x01A8, 0x01A9,
  0x0188, 0x00A4, 0x0042, 0x0042, 0x00A4, 0x00E5, 0x00A4, 0x0043, 0x02AC, 0x0DF8, 0x0556, 0x0452, 0x0390, 0x026B, 0x1A8B, 0x7D55,
  0x53EF, 0x02AB, 0x0472, 0x0431, 0x0B0C, 0x0041, 0x0001, 0x0021, 0x0042, 0x0062, 0x0084, 0x00A4, 0x00A4, 0x00A4, 0x01A9, 0x0168,
  0x0126, 0x01EA, 0x0188, 0x00E5, 0x00E5, 0x00A4, 0x0127, 0x0147, 0x0126, 0x0084, 0x124A, 0x1CB3, 0x034E, 0x0062, 0x0001, 0x0001,
  0x0001, 0x0001, 0x0001, 0x0000, 0x0000, 0x2945, 0x0841, 0x0000, 0x0000, 0x0000, 0x0000, 0x0000, 0x0000, 0x0000, 0x0000, 0x0000,
  0x0000, 0x0000, 0x0000, 0x0000, 0x0000, 0x0000, 0x0000, 0x0000, 0x0000, 0x0000, 0x0000, 0x0000, 0x0000, 0x0000, 0x0000, 0x0000,
  0x0000, 0x0000, 0x0000, 0x0000, 0x0000, 0x0000, 0x0000, 0x0000, 0x0000, 0x0000, 0x0000, 0x0000, 0x0000, 0x0000, 0x0000, 0x0000,
  0x0000, 0x0000, 0x0000, 0x0000, 0x0000, 0x0000, 0x0000, 0x0000, 0x0000, 0x0000, 0x0000, 0x0000, 0x0000, 0x0000, 0x0000, 0x0000,
  0x0000, 0x0000, 0x0000, 0x0000, 0x0000, 0x0000, 0x0000, 0x0000, 0x0000, 0x0000, 0x0000, 0x0000, 0x0000, 0x0000, 0x0000, 0x0000,
  0x0000, 0x0000, 0x0000, 0x0000, 0x0000, 0x0000, 0x0000, 0x0000, 0x18E4, 0x10A3, 0x0041, 0x0082, 0x08A3, 0x08A3, 0x08C4, 0x08E4,
  0x0905, 0x0926, 0x00A3, 0x8BE8, 0x31E5, 0x00C5, 0x0926, 0x0926, 0x0946, 0x0946, 0x1146, 0x0106, 0x5264, 0xDC43, 0xC320, 0xE480,
  0xFEAB, 0x62E7, 0x00A4, 0x1125, 0x08E4, 0x0842, 0xA427, 0xFF28, 0xFE44, 0xFE66, 0xFE23, 0xFE00, 0xFF2C, 0x8327, 0x0000, 0x0841,
  0x0041, 0x0000, 0x18E2, 0x10E2, 0x0082, 0x08E3, 0x18C2, 0x4A46, 0x18E2, 0x10E2, 0x0861, 0x0000, 0x0000, 0x0000, 0x0041, 0x00E3,
  0x0965, 0x0986, 0x0986, 0x11A6, 0x0041, 0x0000, 0x0020, 0x1080, 0x0000, 0x3A06, 0xE717, 0xD695, 0x4225, 0x1286, 0x6653, 0x96F5,
  0x4DB1, 0x5674, 0x2C6E, 0x0081, 0x0881, 0xB674, 0x34D0, 0x02AB, 0x0166, 0x1269, 0x2C6F, 0x1349, 0x7F59, 0x77BB, 0x4758, 0x65B2,
  0x08E2, 0x0000, 0x0000, 0x2A08, 0x8D75, 0x9EB9, 0x44B2, 0x036E, 0x1D34, 0x134E, 0x01C9, 0x02AD, 0x024B, 0x01A8, 0x01A9, 0x01A9,
  0x0106, 0x0083, 0x0042, 0x0083, 0x00A4, 0x00C4, 0x0042, 0x0A8B, 0x0DB6, 0x0DF7, 0x0DF8, 0x0432, 0x026B, 0x4BAF, 0x8554, 0x2269,
  0x028A, 0x0CB3, 0x0410, 0x034D, 0x0062, 0x0001, 0x0021, 0x0021, 0x0042, 0x0083, 0x00A4, 0x00A4, 0x00A4, 0x00C5, 0x00E6, 0x01EA,
  0x0188, 0x0147, 0x0106, 0x1B6F, 0x0146, 0x01C9, 0x01EA, 0x0127, 0x0127, 0x0105, 0x1C93, 0x0CF4, 0x01C8, 0x0001, 0x0021, 0x0001,
  0x0021, 0x0001, 0x0021, 0x0041, 0x0021, 0x0020, 0x18C3, 0x18C3, 0x0000, 0x0000, 0x0000, 0x0000, 0x0000, 0x0000, 0x0000, 0x0000,
  0x0000, 0x0000, 0x0000, 0x0000, 0x0000, 0x0000, 0x0000, 0x0000, 0x0000, 0x0000, 0x0000, 0x0000, 0x0000, 0x0000, 0x0000, 0x0000,
  0x0000, 0x0000, 0x0000, 0x0000, 0x0000, 0x0000, 0x0000, 0x0000, 0x0000, 0x0000, 0x0000, 0x0000, 0x0000, 0x0000, 0x0000, 0x0000,
  0x0000, 0x0000, 0x0000, 0x0000, 0x0000, 0x0000, 0x0000, 0x0000, 0x0000, 0x0000, 0x0000, 0x0000, 0x0000, 0x0000, 0x0000, 0x0000,
  0x0000, 0x0000, 0x0000, 0x0000, 0x0000, 0x0000, 0x0000, 0x0000, 0x0000, 0x0000, 0x0000, 0x0000, 0x0000, 0x0000, 0x0000, 0x0000,
  0x0000, 0x0000, 0x0000, 0x0000, 0x0000, 0x0000, 0x0020, 0x1082, 0x0882, 0x0041, 0x0082, 0x08A3, 0x08C3, 0x08C4, 0x08E4, 0x0905,
  0x1126, 0x00E5, 0x4A25, 0x9C69, 0x0083, 0x0946, 0x0926, 0x0946, 0x0946, 0x0946, 0x1166, 0x0105, 0x93C4, 0xDBE1, 0xD380, 0xED22,
  0xE62B, 0x2923, 0x08E5, 0x0904, 0x0042, 0xA406, 0xFF28, 0xFE01, 0xFE45, 0xFE65, 0xFE00, 0xFF29, 0x9BE8, 0x0000, 0x0040, 0x0020,
  0x0021, 0x0861, 0x1903, 0x08E3, 0x1144, 0x0881, 0x4206, 0x18C2, 0x0881, 0x0020, 0x0000, 0x0000, 0x0020, 0x00C3, 0x0945, 0x0986,
  0x11A6, 0x0985, 0x09A6, 0x1185, 0x0000, 0x0000, 0x1080, 0x0000, 0x5287, 0xF7B9, 0x8C6D, 0x0880, 0x22A7, 0x6E53, 0x6E53, 0x6E53,
  0x14CD, 0x55F2, 0x3AC9, 0x0000, 0x744C, 0x7E34, 0x02CB, 0x026A, 0x0146, 0x1B2C, 0x13EC, 0x45D3, 0x77BB, 0x4758, 0x6655, 0x0102,
  0x0000, 0x1924, 0x6CB1, 0xA71B, 0x6553, 0x0BAE, 0x03CF, 0x3595, 0x0AAB, 0x01C9, 0x022B, 0x022A, 0x0188, 0x0188, 0x01C9, 0x0147,
  0x00C5, 0x0063, 0x0062, 0x00A4, 0x00A4, 0x0022, 0x1A69, 0x4F1A, 0x05D6, 0x1618, 0x04D3, 0x02ED, 0x74F4, 0x7D34, 0x0186, 0x02CC,
  0x1D14, 0x038E, 0x030C, 0x0082, 0x0001, 0x0021, 0x0021, 0x0042, 0x0022, 0x0063, 0x00C5, 0x0106, 0x00A4, 0x00C5, 0x00A4, 0x0127,
  0x020B, 0x0188, 0x0147, 0x0B4F, 0x2C52, 0x01C9, 0x0127, 0x0106, 0x0063, 0x236E, 0x1556, 0x038F, 0x0042, 0x0021, 0x0021, 0x0021,
  0x0021, 0x0021, 0x0042, 0x0042, 0x0041, 0x0021, 0x0021, 0x18E4, 0x0861, 0x0000, 0x0000, 0x0000, 0x0000, 0x0000, 0x0000, 0x0000,
  0x0000, 0x0000, 0x0000, 0x0000, 0x0000, 0x0000, 0x0000, 0x0000, 0x0000, 0x0000, 0x0000, 0x0000, 0x0000, 0x0000, 0x0000, 0x0000,
  0x0000, 0x0000, 0x0000, 0x0000, 0x0000, 0x0000, 0x0000, 0x0000, 0x0000, 0x0000, 0x0000, 0x0000, 0x0000, 0x0000, 0x0000, 0x0000,
  0x0000, 0x0000, 0x0000, 0x0000, 0x0000, 0x0000, 0x0000, 0x0000, 0x0000, 0x0000, 0x0000, 0x0000, 0x0000, 0x0000, 0x0000, 0x0000,
  0x0000, 0x0000, 0x0000, 0x0000, 0x0000, 0x0000, 0x0000, 0x0000, 0x0000, 0x0000, 0x0000, 0x0000, 0x0000, 0x0000, 0x0000, 0x0000,
  0x0000, 0x0000, 0x0000, 0x0000, 0x0000, 0x0000, 0x18E3, 0x0882, 0x0041, 0x0082, 0x08A3, 0x08C3, 0x08E4, 0x0905, 0x0925, 0x0925,
  0x1146, 0x0083, 0xA48A, 0x4225, 0x00E5, 0x1167, 0x0946, 0x0946, 0x1167, 0x1166, 0x0946, 0x29A4, 0xD4C5, 0xD360, 0xEC40, 0xFE86,
  0xACC9, 0x0042, 0x0905, 0x0042, 0x9BC5, 0xFEE7, 0xFE02, 0xFDC0, 0xFE43, 0xFE00, 0xFF07, 0xCD8D, 0x1000, 0x0020, 0x0020, 0x0020,
  0x0020, 0x10A2, 0x1123, 0x1985, 0x0841, 0x39C5, 0x18C2, 0x0020, 0x0000, 0x0020, 0x0000, 0x0082, 0x0945, 0x09A6, 0x09C7, 0x11A6,
  0x11C7, 0x11C7, 0x1A07, 0x00A2, 0x0000, 0x1081, 0x0000, 0x52A8, 0xDEF5, 0x4A66, 0x0040, 0x2B08, 0x4D50, 0x4DD2, 0x7613, 0x6653,
  0x6612, 0x534B, 0x0000, 0x29C4, 0xAF36, 0x0BAD, 0x024A, 0x01C8, 0x01A7, 0x13AE, 0x14AF, 0x5F7A, 0x0E74, 0x3613, 0x0143, 0x08E3,
  0x74D2, 0xA75C, 0x6D95, 0x0A08, 0x2430, 0x1514, 0x4E38, 0x1ACC, 0x01E9, 0x024B, 0x01C9, 0x01C9, 0x01A9, 0x01A9, 0x0168, 0x00E5,
  0x00A4, 0x0062, 0x0083, 0x00A3, 0x0022, 0x1A8A, 0x571A, 0x1ED9, 0x1638, 0x0430, 0x1B2D, 0x9617, 0x5C50, 0x01C7, 0x1451, 0x2534,
  0x0B8E, 0x0AEC, 0x0062, 0x0000, 0x0021, 0x0021, 0x0042, 0x0042, 0x0042, 0x0042, 0x00A4, 0x00E5, 0x00A4, 0x00E5, 0x0126, 0x00E6,
  0x0107, 0x01EA, 0x0188, 0x028C, 0x2E3A, 0x230E, 0x0084, 0x00A4, 0x22ED, 0x2576, 0x0C32, 0x0105, 0x0001, 0x0021, 0x0021, 0x0022,
  0x0022, 0x0042, 0x0042, 0x0021, 0x0021, 0x0062, 0x0062, 0x0021, 0x0882, 0x10A2, 0x0000, 0x0000, 0x0000, 0x0000, 0x0000, 0x0000,
  0x0000, 0x0000, 0x0000, 0x0000, 0x0000, 0x0000, 0x0000, 0x0000, 0x0000, 0x0000, 0x0000, 0x0000, 0x0000, 0x0000, 0x0000, 0x0000,
  0x0000, 0x0000, 0x0000, 0x0000, 0x0000, 0x0000, 0x0000, 0x0000, 0x0000, 0x0000, 0x0000, 0x0000, 0x0000, 0x0000, 0x0000, 0x0000,
  0x0000, 0x0000, 0x0000, 0x0000, 0x0000, 0x0000, 0x0000, 0x0000, 0x0000, 0x0000, 0x0000, 0x0000, 0x0000, 0x0000, 0x0000, 0x0000,
  0x0000, 0x0000, 0x0000, 0x0000, 0x0000, 0x0000, 0x0000, 0x0000, 0x0000, 0x0000, 0x0000, 0x0000, 0x0000, 0x0000, 0x0000, 0x0000,
  0x0000, 0x0000, 0x0000, 0x0000, 0x0000, 0x10A2, 0x0041, 0x0041, 0x0082, 0x00A3, 0x08C4, 0x08C4, 0x0905, 0x0925, 0x0926, 0x1166,
  0x0105, 0x4A26, 0xB50B, 0x08C4, 0x1167, 0x1167, 0x0946, 0x1167, 0x1167, 0x1167, 0x0105, 0x7B45, 0xECA3, 0xDB60, 0xFD00, 0xFF2A,
  0x6AE6, 0x0083, 0x0063, 0x82E4, 0xFEA7, 0xF5E3, 0xFD60, 0xFDE1, 0xFDC0, 0xFE41, 0xEECF, 0x3902, 0x0000, 0x0020, 0x0020, 0x0020,
  0x0020, 0x08C2, 0x21A5, 0x0841, 0x3184, 0x10A2, 0x0000, 0x0020, 0x0020, 0x0020, 0x00C3, 0x0965, 0x09A6, 0x11C7, 0x11E7, 0x1207,
  0x1207, 0x1A48, 0x1165, 0x3185, 0x1081, 0x0000, 0x39E5, 0xC633, 0x2183, 0x0081, 0x43CB, 0x3C6D, 0x552F, 0x55D2, 0x3590, 0x6E12,
  0x638B, 0x0020, 0x0040, 0xA654, 0x4D52, 0x0229, 0x01C8, 0x01A7, 0x0209, 0x03AD, 0x4655, 0x3779, 0x0DD2, 0x0143, 0x42CA, 0xAF3B,
  0x7E79, 0x1B0C, 0x0166, 0x3492, 0x1D96, 0x3D96, 0x3C10, 0x01A8, 0x020A, 0x01A9, 0x01A9, 0x01A9, 0x01C9, 0x0188, 0x0106, 0x00C4,
  0x0063, 0x0063, 0x00A4, 0x0021, 0x32EB, 0x6F5B, 0x26F9, 0x0E37, 0x0430, 0x440F, 0x9617, 0x332C, 0x024A, 0x1D35, 0x1CF4, 0x0BF0,
  0x0ACC, 0x0042, 0x0000, 0x0021, 0x0001, 0x0021, 0x0042, 0x0062, 0x0063, 0x0042, 0x0083, 0x00A5, 0x00E6, 0x00C5, 0x0148, 0x01AA,
  0x00C5, 0x0147, 0x00E5, 0x022A, 0x0D77, 0x3597, 0x22ED, 0x33F1, 0x2DB8, 0x04B5, 0x01C9, 0x0001, 0x0022, 0x0021, 0x0021, 0x0042,
  0x0042, 0x0063, 0x0083, 0x0062, 0x0062, 0x0083, 0x0062, 0x0061, 0x0021, 0x10C3, 0x18E3, 0x0000, 0x0000, 0x0000, 0x0000, 0x0000,
  0x0000, 0x0000, 0x0000, 0x0000, 0x0000, 0x0000, 0x0000, 0x0000, 0x0000, 0x0000, 0x0000, 0x0000, 0x0000, 0x0000, 0x0000, 0x0000,
  0x0000, 0x0000, 0x0000, 0x0000, 0x0000, 0x0000, 0x0000, 0x0000, 0x0000, 0x0000, 0x0000, 0x0000, 0x0000, 0x0000, 0x0000, 0x0000,
  0x0000, 0x0000, 0x0000, 0x0000, 0x0000, 0x0000, 0x0000, 0x0000, 0x0000, 0x0000, 0x0000, 0x0000, 0x0000, 0x0000, 0x0000, 0x0000,
  0x0000, 0x0000, 0x0000, 0x0000, 0x0000, 0x0000, 0x0000, 0x0000, 0x0000, 0x0000, 0x0000, 0x0000, 0x0000, 0x0000, 0x0000, 0x0000,
  0x0000, 0x0000, 0x0000, 0x0841, 0x10A3, 0x0020, 0x0062, 0x0082, 0x08A3, 0x08C4, 0x08E4, 0x0905, 0x0925, 0x0926, 0x0946, 0x1187,
  0x00A3, 0xB50B, 0x6307, 0x0106, 0x1187, 0x1167, 0x1167, 0x1166, 0x1167, 0x0967, 0x1124, 0xCCC6, 0xEBC0, 0xEC00, 0xFE04, 0xEEAB,
  0x2943, 0x0043, 0x5A03, 0xF5C4, 0xEDA3, 0xED00, 0xED60, 0xED80, 0xED60, 0xF6EA, 0x7AE7, 0x0000, 0x0020, 0x0020, 0x0020, 0x0020,
  0x0041, 0x2185, 0x10A2, 0x2103, 0x10A2, 0x0000, 0x0021, 0x0020, 0x0021, 0x00E4, 0x0965, 0x0985, 0x11A6, 0x11E7, 0x11E7, 0x1A28,
  0x1A48, 0x0924, 0x7C0D, 0x4A48, 0x0000, 0x18C2, 0x94CD, 0x2183, 0x19C5, 0x43EB, 0x448D, 0x342C, 0x8DF3, 0x75F2, 0x7E13, 0x634A,
  0x0060, 0x0020, 0x84B0, 0x8718, 0x02CA, 0x0A6A, 0x0146, 0x0A4A, 0x026A, 0x0BCD, 0x5759, 0x1738, 0x02A8, 0x4BCD, 0x971A, 0x2C10,
  0x0126, 0x00E5, 0x2CD3, 0x15B7, 0x1534, 0x5D14, 0x01C9, 0x01C9, 0x0188, 0x01C9, 0x01C9, 0x01C9, 0x01A9, 0x0106, 0x00C5, 0x0063,
  0x0063, 0x0063, 0x0042, 0x3BAE, 0x775B, 0x4F1A, 0x0D75, 0x0C30, 0x5CD2, 0x7D75, 0x0A69, 0x030D, 0x1D15, 0x1431, 0x1411, 0x0A6B,
  0x0001, 0x0001, 0x0021, 0x0001, 0x0001, 0x0021, 0x0042, 0x0063, 0x0063, 0x0063, 0x0063, 0x00A4, 0x0126, 0x00E5, 0x00C5, 0x0127,
  0x0126, 0x00C5, 0x0084, 0x0A2A, 0x04D5, 0x0494, 0x1D77, 0x1D77, 0x0516, 0x028C, 0x0001, 0x0042, 0x0021, 0x0021, 0x0042, 0x0042,
  0x0042, 0x0063, 0x0083, 0x00A4, 0x00A4, 0x0083, 0x0062, 0x0082, 0x0062, 0x0000, 0x0861, 0x10A2, 0x0000, 0x0000, 0x0000, 0x0000,
  0x0000, 0x0000, 0x0000, 0x0000, 0x0000, 0x0000, 0x0000, 0x0000, 0x0000, 0x0000, 0x0000, 0x0000, 0x0000, 0x0000, 0x0000, 0x0000,
  0x0000, 0x0000, 0x0000, 0x0000, 0x0000, 0x0000, 0x0000, 0x0000, 0x0000, 0x0000, 0x0000, 0x0000, 0x0000, 0x0000, 0x0000, 0x0000,
  0x0000, 0x0000, 0x0000, 0x0000, 0x0000, 0x0000, 0x0000, 0x0000, 0x0000, 0x0000, 0x0000, 0x0000, 0x0000, 0x0000, 0x0000, 0x0000,
  0x0000, 0x0000, 0x0000, 0x0000, 0x0000, 0x0000, 0x0000, 0x0000, 0x0000, 0x0000, 0x0000, 0x0000, 0x0000, 0x0000, 0x0000, 0x0000,
  0x0000, 0x0000, 0x0861, 0x2124, 0x0020, 0x0061, 0x08A3, 0x08A3, 0x08C4, 0x08E4, 0x0905, 0x0925, 0x0946, 0x1146, 0x1166, 0x0926,
  0x4205, 0xD5CC, 0x10E3, 0x1167, 0x1167, 0x1187, 0x1187, 0x1167, 0x1167, 0x0126, 0x5244, 0xF524, 0xE340, 0xF4A0, 0xFEE8, 0xACC9,
  0x0021, 0x2922, 0xED23, 0xFDA1, 0xFD20, 0xFD60, 0xFDE1, 0xFDA0, 0xFEA4, 0xDE0C, 0x1840, 0x0020, 0x0020, 0x0020, 0x0021, 0x0021,
  0x1903, 0x2944, 0x1081, 0x10A2, 0x0000, 0x0021, 0x0021, 0x0021, 0x0904, 0x0986, 0x0945, 0x11A6, 0x11C7, 0x19E7, 0x1A07, 0x0944,
  0x08C2, 0xA510, 0x736B, 0x0000, 0x0040, 0x6B89, 0x3A46, 0x2267, 0x4C2C, 0x4CCE, 0x44CE, 0x346D, 0x450F, 0x7551, 0x4227, 0x0000,
  0x0040, 0x744F, 0x97FC, 0x0C2E, 0x02AB, 0x028B, 0x0146, 0x134E, 0x028A, 0x3512, 0x4FFB, 0x048F, 0x3B4D, 0x4D14, 0x02AC, 0x0167,
  0x0126, 0x24D4, 0x1618, 0x04F3, 0x5596, 0x09E9, 0x01CA, 0x020A, 0x01CA, 0x01A9, 0x0188, 0x0188, 0x0127, 0x00C5, 0x0083, 0x0083,
  0x0022, 0x08C4, 0x4CF2, 0x57BC, 0x26B9, 0x0596, 0x03AF, 0x2C91, 0x5DD5, 0x032D, 0x03B0, 0x0BF1, 0x0B8E, 0x13F0, 0x09C8, 0x0000,
  0x0021, 0x0001, 0x0001, 0x0001, 0x0021, 0x0042, 0x0042, 0x0063, 0x0063, 0x0084, 0x0083, 0x0063, 0x00E5, 0x0106, 0x0127, 0x01A9,
  0x0147, 0x0168, 0x00C5, 0x030E, 0x04F6, 0x0474, 0x0453, 0x0494, 0x026B, 0x0022, 0x0022, 0x0021, 0x0021, 0x0042, 0x0042, 0x0042,
  0x0063, 0x0083, 0x0083, 0x00E5, 0x00C4, 0x00A3, 0x00A3, 0x0082, 0x0021, 0x0000, 0x0000, 0x0861, 0x1082, 0x0000, 0x0000, 0x0000,
  0x0000, 0x0000, 0x0000, 0x0000, 0x0000, 0x0000, 0x0000, 0x0000, 0x0000, 0x0000, 0x0000, 0x0000, 0x0000, 0x0000, 0x0000, 0x0000,
  0x0000, 0x0000, 0x0000, 0x0000, 0x0000, 0x0000, 0x0000, 0x0000, 0x0000, 0x0000, 0x0000, 0x0000, 0x0000, 0x0000, 0x0000, 0x0000,
  0x0000, 0x0000, 0x0000, 0x0000, 0x0000, 0x0000, 0x0000, 0x0000, 0x0000, 0x0000, 0x0000, 0x0000, 0x0000, 0x0000, 0x0000, 0x0000,
  0x0000, 0x0000, 0x0000, 0x0000, 0x0000, 0x0000, 0x0000, 0x0000, 0x0000, 0x0000, 0x0000, 0x0000, 0x0000, 0x0000, 0x0000, 0x0000,
  0x0000, 0x0861, 0x18C3, 0x0000, 0x0041, 0x08A3, 0x08A3, 0x08C4, 0x08E4, 0x0905, 0x0925, 0x0946, 0x1167, 0x1166, 0x1187, 0x00A4,
  0xA4CB, 0x8BE9, 0x0084, 0x1187, 0x0946, 0x1167, 0x1187, 0x1167, 0x1187, 0x08C4, 0xAC24, 0xEC42, 0xE380, 0xFD62, 0xFF0B, 0x5A44,
  0x0001, 0xBC23, 0xFD20, 0xFCE0, 0xFD20, 0xFDC1, 0xFDA0, 0xFDA0, 0xFF6A, 0x7AC5, 0x0000, 0x0020, 0x0000, 0x0020, 0x0041, 0x0061,
  0x4206, 0x10C2, 0x10A2, 0x0000, 0x0020, 0x0021, 0x0021, 0x00A3, 0x0925, 0x0965, 0x1186, 0x11A6, 0x11A6, 0x1186, 0x0061, 0x18C1,
  0xC613, 0x9CCF, 0x0000, 0x0020, 0x39E5, 0x5B28, 0x3329, 0x43EB, 0x54EE, 0x3C4D, 0x346D, 0x4530, 0x64AF, 0x2144, 0x0000, 0x10E2,
  0x8D13, 0x97FC, 0x1EB5, 0x02EB, 0x0229, 0x0146, 0x0AEC, 0x13AF, 0x0229, 0x4DB4, 0x4F99, 0x136C, 0x230D, 0x0167, 0x0147, 0x0167,
  0x2472, 0x1618, 0x05F7, 0x4617, 0x22AB, 0x0127, 0x022B, 0x024C, 0x0189, 0x0168, 0x0168, 0x0106, 0x00A4, 0x00C4, 0x00C4, 0x0001,
  0x19A7, 0x55B6, 0x3F7B, 0x1ED9, 0x0492, 0x04B2, 0x2575, 0x35D6, 0x0BF1, 0x03F1, 0x0370, 0x0BD0, 0x136E, 0x0082, 0x0000, 0x0021,
  0x0001, 0x0001, 0x0001, 0x0021, 0x0022, 0x0042, 0x0042, 0x0063, 0x0084, 0x00A4, 0x00C5, 0x00A4, 0x00C4, 0x01EA, 0x0168, 0x0188,
  0x0148, 0x0148, 0x0148, 0x0474, 0x04F6, 0x0495, 0x0494, 0x024A, 0x0001, 0x0021, 0x0022, 0x0021, 0x0021, 0x0042, 0x0042, 0x0042,
  0x0042, 0x0083, 0x0105, 0x00E5, 0x00C4, 0x00C4, 0x0062, 0x0021, 0x0001, 0x0001, 0x0001, 0x0000, 0x0861, 0x1082, 0x0000, 0x0000,
  0x0000, 0x0000, 0x0000, 0x0000, 0x0000, 0x0000, 0x0000, 0x0000, 0x0000, 0x0000, 0x0000, 0x0000, 0x0000, 0x0000, 0x0000, 0x0000,
  0x0000, 0x0000, 0x0000, 0x0000, 0x0000, 0x0000, 0x0000, 0x0000, 0x0000, 0x0000, 0x0000, 0x0000, 0x0000, 0x0000, 0x0000, 0x0000,
  0x0000, 0x0000, 0x0000, 0x0000, 0x0000, 0x0000, 0x0000, 0x0000, 0x0000, 0x0000, 0x0000, 0x0000, 0x0000, 0x0000, 0x0000, 0x0000,
  0x0000, 0x0000, 0x0000, 0x0000, 0x0000, 0x0000, 0x0000, 0x0000, 0x0000, 0x0000, 0x0000, 0x0000, 0x0000, 0x0000, 0x0000, 0x0000,
  0x0841, 0x18E3, 0x0000, 0x0021, 0x08A3, 0x08C3, 0x08E4, 0x08E4, 0x0905, 0x0925, 0x0926, 0x1167, 0x1187, 0x1166, 0x0967, 0x2964,
  0xEEB0, 0x39A4, 0x0126, 0x1167, 0x1146, 0x0926, 0x1187, 0x1167, 0x0946, 0x41A2, 0xED84, 0xE360, 0xF461, 0xFE46, 0xE60B, 0x0821,
  0x6A82, 0xFD21, 0xFC80, 0xFCE0, 0xFD60, 0xFD80, 0xFD60, 0xFE42, 0xEE6C, 0x2080, 0x0000, 0x0020, 0x0000, 0x0021, 0x0000, 0x3184,
  0x3984, 0x0041, 0x0020, 0x0020, 0x0021, 0x0021, 0x00A2, 0x0904, 0x0924, 0x0965, 0x1165, 0x0904, 0x0082, 0x0020, 0x5AA7, 0xE738,
  0xCE34, 0x0820, 0x0020, 0x0861, 0x7BE9, 0x53C9, 0x3BCA, 0x446D, 0x6DF2, 0x342C, 0x4C8E, 0x4B4A, 0x0060, 0x0000, 0x4AE9, 0x9ED8,
  0x77FB, 0x47D9, 0x3EF7, 0x040F, 0x0ACB, 0x132C, 0x138E, 0x02AB, 0x026A, 0x7656, 0x5EB6, 0x0249, 0x0105, 0x00C4, 0x00E5, 0x1C93,
  0x1556, 0x04D4, 0x1D75, 0x33F0, 0x0147, 0x024B, 0x026C, 0x0168, 0x0148, 0x0147, 0x0106, 0x00A4, 0x2209, 0x224A, 0x0083, 0x2ACC,
  0x3D96, 0x0E17, 0x0617, 0x0514, 0x04B2, 0x3EDA, 0x4638, 0x036F, 0x032F, 0x030E, 0x0BB0, 0x0A8B, 0x0001, 0x0021, 0x0042, 0x0042,
  0x0063, 0x0063, 0x0063, 0x0022, 0x0001, 0x0022, 0x0042, 0x0063, 0x0084, 0x0084, 0x0127, 0x0106, 0x0083, 0x0147, 0x01C9, 0x0168,
  0x0189, 0x00C5, 0x02CD, 0x0537, 0x0495, 0x04B5, 0x02AD, 0x0001, 0x0021, 0x0022, 0x0021, 0x0001, 0x0021, 0x0042, 0x0042, 0x0021,
  0x00A4, 0x00E5, 0x00A4, 0x0062, 0x0042, 0x0021, 0x0001, 0x0021, 0x0021, 0x0021, 0x0041, 0x0042, 0x0021, 0x0861, 0x1082, 0x0000,
  0x0000, 0x0000, 0x0000, 0x0000, 0x0000, 0x0000, 0x0000, 0x0000, 0x0000, 0x0000, 0x0000, 0x0000, 0x0000, 0x0000, 0x0000, 0x0000,
  0x0000, 0x0000, 0x0000, 0x0000, 0x0000, 0x0000, 0x0000, 0x0000, 0x0000, 0x0000, 0x0000, 0x0000, 0x0000, 0x0000, 0x0000, 0x0000,
  0x0000, 0x0000, 0x0000, 0x0000, 0x0000, 0x0000, 0x0000, 0x0000, 0x0000, 0x0000, 0x0000, 0x0000, 0x0000, 0x0000, 0x0000, 0x0000,
  0x0000, 0x0000, 0x0000, 0x0000, 0x0000, 0x0000, 0x0000, 0x0000, 0x0000, 0x0000, 0x0000, 0x0000, 0x0000, 0x0000, 0x0000, 0x1082,
  0x2124, 0x0000, 0x0000, 0x0082, 0x08C3, 0x08E4, 0x0905, 0x0905, 0x0925, 0x0926, 0x1146, 0x1167, 0x1167, 0x1187, 0x00C4, 0x8BE9,
  0xD60E, 0x08A3, 0x1187, 0x1167, 0x1146, 0x0926, 0x1166, 0x1166, 0x08A3, 0x9B83, 0xF503, 0xE340, 0xFD22, 0xFF0A, 0x9C28, 0x1880,
  0xECC1, 0xFC80, 0xFCA0, 0xFD21, 0xFD81, 0xFD60, 0xFD60, 0xFEE6, 0xB4A9, 0x0000, 0x0040, 0x0020, 0x0020, 0x0020, 0x0861, 0x5246,
  0x0040, 0x0020, 0x0000, 0x0021, 0x0000, 0x0062, 0x08E3, 0x0904, 0x0904, 0x08E3, 0x0062, 0x0000, 0x18C2, 0x9CEE, 0xFFF9, 0xE736,
  0x2122, 0x0860, 0x0000, 0x5285, 0x84EA, 0x5C6B, 0x3C0B, 0x5570, 0x4D4F, 0x336A, 0x10E2, 0x0000, 0x1964, 0x8553, 0xBFFD, 0x8FFB,
  0x4F98, 0x67FB, 0x2E76, 0x1635, 0x1E76, 0x877B, 0x1C2F, 0x0229, 0x0186, 0x7EB6, 0x348F, 0x0146, 0x0105, 0x00A4, 0x0B6E, 0x0D35,
  0x03D1, 0x0412, 0x2431, 0x0147, 0x01CA, 0x026C, 0x01CA, 0x0127, 0x0127, 0x00E6, 0x00A4, 0x1A09, 0x2A29, 0x0062, 0x1A6C, 0x2536,
  0x0534, 0x0DD7, 0x0DB6, 0x1575, 0x471A, 0x2D55, 0x034F, 0x030E, 0x024C, 0x02CE, 0x0188, 0x0001, 0x0042, 0x0062, 0x0042, 0x0063,
  0x0083, 0x00A4, 0x00C5, 0x00E5, 0x00E5, 0x0083, 0x0022, 0x0022, 0x0063, 0x00C5, 0x00C5, 0x00C5, 0x00A4, 0x00A4, 0x01EA, 0x0127,
  0x00C5, 0x0168, 0x0494, 0x0474, 0x0454, 0x032F, 0x0063, 0x0000, 0x0021, 0x0021, 0x0001, 0x0001, 0x0022, 0x0022, 0x0021, 0x0083,
  0x00C4, 0x0042, 0x0001, 0x0001, 0x0001, 0x0001, 0x0022, 0x0042, 0x0042, 0x0062, 0x0083, 0x0062, 0x0021, 0x0000, 0x0861, 0x18C3,
  0x0000, 0x0000, 0x0000, 0x0000, 0x0000, 0x0000, 0x0000, 0x0000, 0x0000, 0x0000, 0x0000, 0x0000, 0x0000, 0x0000, 0x0000, 0x0000,
  0x0000, 0x0000, 0x0000, 0x0000, 0x0000, 0x0000, 0x0000, 0x0000, 0x0000, 0x0000, 0x0000, 0x0000, 0x0000, 0x0000, 0x0000, 0x0000,
  0x0000, 0x0000, 0x0000, 0x0000, 0x0000, 0x0000, 0x0000, 0x0000, 0x0000, 0x0000, 0x0000, 0x0000, 0x0000, 0x0000, 0x0000, 0x0000,
  0x0000, 0x0000, 0x0000, 0x0000, 0x0000, 0x0000, 0x0000, 0x0000, 0x0000, 0x0000, 0x0000, 0x0000, 0x0000, 0x0000, 0x0020, 0x18E3,
  0x0020, 0x0000, 0x0062, 0x08C3, 0x08E4, 0x0905, 0x0905, 0x0925, 0x1146, 0x1166, 0x1167, 0x1167, 0x1167, 0x1187, 0x10C2, 0xDE50,
  0x83A8, 0x00C4, 0x1187, 0x1146, 0x1146, 0x1146, 0x1167, 0x08E4, 0x4162, 0xCCC4, 0xEC21, 0xF3E0, 0xFDC4, 0xFF4D, 0x5224, 0x8AE1,
  0xFCA0, 0xF460, 0xFCA0, 0xFD41, 0xFD40, 0xFD20, 0xFD80, 0xFF08, 0x7AE5, 0x0000, 0x0040, 0x0020, 0x0041, 0x0000, 0x5246, 0x3164,
  0x0000, 0x0020, 0x0000, 0x0020, 0x0041, 0x00A3, 0x08E3, 0x08C3, 0x0041, 0x0000, 0x10C1, 0x738A, 0xEF78, 0xF777, 0xF775, 0x5287,
  0x0000, 0x0061, 0x18E1, 0x94E9, 0x8D8C, 0x5CAC, 0x4C8D, 0x4C2C, 0x2226, 0x0020, 0x0060, 0x6BEE, 0xB77A, 0xB7FD, 0x36D5, 0x7799,
  0x7FDB, 0x5FBA, 0x04AF, 0x0DB2, 0x6F7A, 0x7719, 0x4F5A, 0x46D8, 0x238D, 0x6E14, 0x09E7, 0x0106, 0x0106, 0x02CC, 0x0CB3, 0x034F,
  0x034F, 0x1C94, 0x0A2A, 0x0106, 0x022B, 0x026C, 0x0168, 0x0168, 0x0106, 0x00C5, 0x0968, 0x00E5, 0x0022, 0x01CA, 0x02CE, 0x0390,
  0x0D96, 0x0E17, 0x3F1B, 0x4EDA, 0x1431, 0x034F, 0x030F, 0x01EA, 0x022C, 0x0106, 0x0001, 0x0062, 0x0042, 0x0063, 0x0063, 0x0063,
  0x0063, 0x0062, 0x0063, 0x0083, 0x00C4, 0x0126, 0x0147, 0x00C5, 0x0042, 0x0063, 0x00A4, 0x00C5, 0x00C5, 0x00C5, 0x00E5, 0x0084,
  0x0147, 0x0C12, 0x0453, 0x0433, 0x032F, 0x00E6, 0x0000, 0x0001, 0x0021, 0x0021, 0x0001, 0x0001, 0x0021, 0x0021, 0x0042, 0x0062,
  0x0001, 0x0022, 0x00A3, 0x00C4, 0x00C4, 0x00A3, 0x0042, 0x0022, 0x0063, 0x0083, 0x0083, 0x0042, 0x0000, 0x0000, 0x0000, 0x1082,
  0x2104, 0x0020, 0x0000, 0x0000, 0x0000, 0x0000, 0x0000, 0x0000, 0x0000, 0x0000, 0x0000, 0x0000, 0x0000, 0x0000, 0x0000, 0x0000,
  0x0000, 0x0000, 0x0000, 0x0000, 0x0000, 0x0000, 0x0000, 0x0000, 0x0000, 0x0000, 0x0000, 0x0000, 0x0000, 0x0000, 0x0000, 0x0000,
  0x0000, 0x0000, 0x0000, 0x0000, 0x0000, 0x0000, 0x0000, 0x0000, 0x0000, 0x0000, 0x0000, 0x0000, 0x0000, 0x0000, 0x0000, 0x0000,
  0x0000, 0x0000, 0x0000, 0x0000, 0x0000, 0x0000, 0x0000, 0x0000, 0x0000, 0x0000, 0x0000, 0x0000, 0x0000, 0x0000, 0x0882, 0x0020,
  0x0000, 0x0021, 0x08A3, 0x08E4, 0x0905, 0x0905, 0x0925, 0x0926, 0x1146, 0x1167, 0x1187, 0x1187, 0x1187, 0x0106, 0x5245, 0xFF32,
  0x3163, 0x0926, 0x1167, 0x1167, 0x1146, 0x1166, 0x0926, 0x3143, 0x82A3, 0xE544, 0xF3A0, 0xFCA1, 0xFE87, 0xE66D, 0x59C1, 0xEC41,
  0xF400, 0xFC60, 0xFCE1, 0xFD21, 0xFD00, 0xFD40, 0xFDC1, 0xFEE8, 0x51C3, 0x0000, 0x0020, 0x0020, 0x0020, 0x2943, 0x7349, 0x0000,
  0x0020, 0x0000, 0x0000, 0x0041, 0x0082, 0x08A3, 0x0021, 0x0000, 0x2102, 0x7BAA, 0xDED4, 0xFFFC, 0xB592, 0xA4CE, 0xAD2F, 0x0000,
  0x0861, 0x0000, 0x6326, 0x9DCB, 0x95CE, 0x652E, 0x3B29, 0x0061, 0x0000, 0x3247, 0xB678, 0xCFFE, 0x5FD9, 0x5778, 0x36D5, 0x3777,
  0x6FFA, 0x6F18, 0x45D4, 0x6F9B, 0x775A, 0x1CF1, 0x36D8, 0x1676, 0x4553, 0x5D12, 0x0208, 0x01E9, 0x022A, 0x04B3, 0x02ED, 0x028C,
  0x0B90, 0x13D1, 0x0148, 0x0189, 0x024B, 0x0188, 0x0168, 0x0127, 0x00C5, 0x0127, 0x00A5, 0x0022, 0x0A0B, 0x02AE, 0x0370, 0x0D96,
  0x1638, 0x2EDA, 0x35B6, 0x03B0, 0x0350, 0x026D, 0x01AA, 0x026D, 0x0147, 0x0001, 0x0042, 0x0042, 0x0063, 0x0063, 0x0063, 0x0063,
  0x0063, 0x0063, 0x0083, 0x0083, 0x0083, 0x00A4, 0x0106, 0x01CA, 0x022B, 0x01A9, 0x00E6, 0x00A5, 0x0084, 0x0085, 0x0106, 0x022B,
  0x0453, 0x0433, 0x0413, 0x0370, 0x0168, 0x0042, 0x0000, 0x0021, 0x0021, 0x0021, 0x0001, 0x0021, 0x0022, 0x0021, 0x0001, 0x0001,
  0x0104, 0x3A47, 0x52A8, 0x3A88, 0x2269, 0x0A09, 0x0166, 0x00A3, 0x0021, 0x0062, 0x0042, 0x0001, 0x0000, 0x0000, 0x0000, 0x0000,
  0x18E3, 0x18E3, 0x0000, 0x0000, 0x0000, 0x0000, 0x0000, 0x0000, 0x0000, 0x0000, 0x0000, 0x0000, 0x0000, 0x0000, 0x0000, 0x0000,
  0x0000, 0x0000, 0x0000, 0x0000, 0x0000, 0x0000, 0x0000, 0x0000, 0x0000, 0x0000, 0x0000, 0x0000, 0x0000, 0x0000, 0x0000, 0x0000,
  0x0000, 0x0000, 0x0000, 0x0000, 0x0000, 0x0000, 0x0000, 0x0000, 0x0000, 0x0000, 0x0000, 0x0000, 0x0000, 0x0000, 0x0000, 0x0000,
  0x0000, 0x0000, 0x0000, 0x0000, 0x0000, 0x0000, 0x0000, 0x0000, 0x0000, 0x0000, 0x0000, 0x0000, 0x0020, 0x10A2, 0x0020, 0x0000,
  0x0021, 0x08A3, 0x08E4, 0x0905, 0x0905, 0x0925, 0x0926, 0x1146, 0x1167, 0x1187, 0x1187, 0x1187, 0x11A8, 0x0083, 0xB50B, 0xD60D,
  0x0882, 0x1167, 0x1166, 0x1146, 0x1146, 0x1166, 0x1104, 0x7AA3, 0x9B42, 0xFD64, 0xF3A0, 0xFD21, 0xFF09, 0xACC9, 0x9AA0, 0xFC40,
  0xF420, 0xFCC0, 0xFD22, 0xFCC0, 0xFCE0, 0xFD61, 0xFDE2, 0xFEA8, 0x4182, 0x0000, 0x0020, 0x0041, 0x0000, 0x83AA, 0x2923, 0x0000,
  0x0000, 0x0000, 0x0021, 0x0861, 0x0041, 0x0000, 0x2123, 0x8C4C, 0xE716, 0xFFFC, 0xF799, 0x6329, 0x39A4, 0xE6F7, 0x2963, 0x0000,
  0x0020, 0x10A1, 0x94CA, 0x856C, 0x7DAE, 0x43CA, 0x0040, 0x0000, 0x740E, 0xC7DC, 0xBFFD, 0x67B9, 0x1F56, 0x2777, 0x4F99, 0x5799,
  0x6FFA, 0x35B2, 0x46F8, 0x2EF8, 0x0572, 0x03CC, 0x0DB3, 0x042E, 0x2C2E, 0x3CB1, 0x0534, 0x0C10, 0x03AF, 0x03F1, 0x026C, 0x026C,
  0x0BB0, 0x020B, 0x0148, 0x022B, 0x01CA, 0x0127, 0x0147, 0x00A4, 0x00C6, 0x00C6, 0x0064, 0x01A9, 0x02AE, 0x0412, 0x15D7, 0x1E38,
  0x3679, 0x1C93, 0x032F, 0x02CE, 0x01CA, 0x0189, 0x028E, 0x0168, 0x0002, 0x0042, 0x0042, 0x0063, 0x0063, 0x0062, 0x0063, 0x0063,
  0x0063, 0x0083, 0x0083, 0x0084, 0x00A5, 0x00E6, 0x0127, 0x0189, 0x022B, 0x030F, 0x0B91, 0x0B70, 0x0B50, 0x0BB2, 0x0474, 0x04B5,
  0x0454, 0x0433, 0x0391, 0x01EA, 0x00A4, 0x0001, 0x0001, 0x0021, 0x0021, 0x0021, 0x0001, 0x0022, 0x0021, 0x0001, 0x0083, 0x3A46,
  0xB345, 0xEB23, 0xEB03, 0xB306, 0x62E8, 0x32A9, 0x1229, 0x0167, 0x0083, 0x0021, 0x0021, 0x0001, 0x0001, 0x0001, 0x0000, 0x0000,
  0x0000, 0x0882, 0x1082, 0x0000, 0x0000, 0x0000, 0x0000, 0x0000, 0x0000, 0x0000, 0x0000, 0x0000, 0x0000, 0x0000, 0x0000, 0x0000,
  0x0000, 0x0000, 0x0000, 0x0000, 0x0000, 0x0000, 0x0000, 0x0000, 0x0000, 0x0000, 0x0000, 0x0000, 0x0000, 0x0000, 0x0000, 0x0000,
  0x0000, 0x0000, 0x0000, 0x0000, 0x0000, 0x0000, 0x0000, 0x0000, 0x0000, 0x0000, 0x0000, 0x0000, 0x0000, 0x0000, 0x0000, 0x0000,
  0x0000, 0x0000, 0x0000, 0x0000, 0x0000, 0x0000, 0x0000, 0x0000, 0x0000, 0x0000, 0x0000, 0x0000, 0x0862, 0x0841, 0x0000, 0x0001,
  0x0062, 0x08E4, 0x08E4, 0x0905, 0x0926, 0x0926, 0x1146, 0x1167, 0x1166, 0x1187, 0x1187, 0x1187, 0x0967, 0x3143, 0xFF71, 0x8BE8,
  0x00A3, 0x1187, 0x1146, 0x0946, 0x1187, 0x00C4, 0x72A3, 0x7262, 0xABE4, 0xFCE2, 0xF3E0, 0xFD83, 0xFEEA, 0x9B65, 0xE3C0, 0xF420,
  0xFC80, 0xFCE1, 0xFCE1, 0xFCC0, 0xFCE0, 0xFD62, 0xFDC2, 0xFE87, 0x51C3, 0x0000, 0x0861, 0x0000, 0x5A87, 0x7349, 0x0000, 0x0020,
  0x0000, 0x0020, 0x0841, 0x0000, 0x10A1, 0x8C0D, 0xEF36, 0xFFF9, 0xFFFA, 0x9CD0, 0x2122, 0x10A1, 0xE739, 0x8C8E, 0x0000, 0x0020,
  0x0000, 0x5265, 0x956B, 0x754D, 0x5CAC, 0x00C1, 0x10E2, 0x95B4, 0xC7FD, 0x6FD9, 0x77B9, 0x77DA, 0x1F77, 0x1F37, 0x16F5, 0x6FDA,
  0x5ED7, 0x034B, 0x0593, 0x0634, 0x0593, 0x5636, 0x3E15, 0x03CD, 0x3CF1, 0x1470, 0x0637, 0x0C71, 0x03B0, 0x030E, 0x028C, 0x02CD,
  0x0BD1, 0x01A9, 0x0127, 0x020B, 0x0189, 0x0148, 0x00A5, 0x0084, 0x00C6, 0x0064, 0x0189, 0x0B51, 0x0474, 0x0CF5, 0x1535, 0x2576,
  0x0BF1, 0x02EE, 0x022C, 0x020B, 0x020C, 0x022C, 0x01AA, 0x0022, 0x0042, 0x0042, 0x0043, 0x0042, 0x0063, 0x0063, 0x0063, 0x0083,
  0x0083, 0x0083, 0x00A4, 0x00A4, 0x00E5, 0x0189, 0x02EE, 0x0C74, 0x0D37, 0x0D16, 0x0412, 0x0433, 0x04F7, 0x0517, 0x0495, 0x03F3,
  0x0413, 0x03D2, 0x022B, 0x0106, 0x0062, 0x0000, 0x0001, 0x0021, 0x0021, 0x0001, 0x0001, 0x0021, 0x0001, 0x00E4, 0x6388, 0xEC64,
  0xFB00, 0xFA20, 0xDA84, 0x8B28, 0x42C9, 0x32CA, 0x1249, 0x01A7, 0x0105, 0x0042, 0x0001, 0x0001, 0x0001, 0x0001, 0x0021, 0x0021,
  0x0041, 0x0020, 0x2124, 0x1082, 0x0000, 0x0000, 0x0000, 0x0000, 0x0000, 0x0000, 0x0000, 0x0000, 0x0000, 0x0000, 0x0000, 0x0000,
  0x0000, 0x0000, 0x0000, 0x0000, 0x0000, 0x0000, 0x0000, 0x0000, 0x0000, 0x0000, 0x0000, 0x0000, 0x0000, 0x0000, 0x0000, 0x0000,
  0x0000, 0x0000, 0x0000, 0x0000, 0x0000, 0x0000, 0x0000, 0x0000, 0x0000, 0x0000, 0x0000, 0x0000, 0x0000, 0x0000, 0x0000, 0x0000,
  0x0000, 0x0000, 0x0000, 0x0000, 0x0000, 0x0000, 0x0000, 0x0000, 0x0000, 0x0000, 0x0020, 0x18C3, 0x0841, 0x0000, 0x0001, 0x0021,
  0x08C4, 0x08E4, 0x0905, 0x0925, 0x1146, 0x1146, 0x1166, 0x1167, 0x1167, 0x1167, 0x1187, 0x1987, 0x00E4, 0x7B26, 0xFFF3, 0x5A44,
  0x00E5, 0x1166, 0x1146, 0x1166, 0x0105, 0x49C2, 0xABA3, 0x3120, 0xD4E5, 0xFC20, 0xF460, 0xFE66, 0xEE69, 0xCB81, 0xFC20, 0xFC60,
  0xFC80, 0xFC60, 0xFD01, 0xFCC0, 0xFCE0, 0xFD83, 0xFD41, 0xFE24, 0x8305, 0x0000, 0x0040, 0x20C2, 0xA48C, 0x1081, 0x0041, 0x0000,
  0x0021, 0x0021, 0x0000, 0x4A47, 0xD673, 0xFFF9, 0xFFF9, 0xBDD2, 0x41E5, 0x0000, 0x0860, 0xCE76, 0xE759, 0x1941, 0x0860, 0x0860,
  0x0020, 0x8449, 0x74EA, 0x6D2C, 0x19C4, 0x18E3, 0xB698, 0xAFFD, 0x6FB9, 0x8FDA, 0x67D9, 0x4FB9, 0x1EF5, 0x3ED6, 0x7FBA, 0x77FB,
  0x1CF0, 0x036D, 0x1615, 0x2676, 0x8F9B, 0x8F7B, 0x1DB3, 0x0470, 0x032C, 0x036E, 0x0492, 0x030D, 0x032E, 0x02ED, 0x028D, 0x02AE,
  0x0CB5, 0x022B, 0x0127, 0x01EB, 0x01A9, 0x0148, 0x0084, 0x00A5, 0x0043, 0x01CA, 0x0B71, 0x0433, 0x0CF5, 0x2577, 0x2515, 0x028D,
  0x022C, 0x01EB, 0x024D, 0x026D, 0x020C, 0x01CB, 0x0063, 0x0042, 0x0042, 0x0043, 0x0043, 0x0042, 0x0063, 0x0083, 0x0083, 0x0084,
  0x00A4, 0x00C4, 0x00C5, 0x0167, 0x0ACD, 0x14B4, 0x25F9, 0x1DB8, 0x14D5, 0x0BD1, 0x02AD, 0x028D, 0x03D2, 0x0455, 0x03F2, 0x0371,
  0x030F, 0x022C, 0x0127, 0x00C5, 0x0000, 0x0000, 0x0001, 0x0021, 0x0001, 0x0001, 0x0021, 0x0001, 0x00E4, 0x53C9, 0xFD26, 0xFB40,
  0xCA42, 0x69C4, 0x2A07, 0x1249, 0x0A29, 0x1249, 0x0229, 0x01C8, 0x0126, 0x00A3, 0x0001, 0x0001, 0x0021, 0x0021, 0x0021, 0x0062,
  0x0062, 0x0020, 0x0000, 0x1082, 0x0841, 0x0000, 0x0000, 0x0000, 0x0000, 0x0000, 0x0000, 0x0000, 0x0000, 0x0000, 0x0000, 0x0000,
  0x0000, 0x0000, 0x0000, 0x0000, 0x0000, 0x0000, 0x0000, 0x0000, 0x0000, 0x0000, 0x0000, 0x0000, 0x0000, 0x0000, 0x0000, 0x0000,
  0x0000, 0x0000, 0x0000, 0x0000, 0x0000, 0x0000, 0x0000, 0x0000, 0x0000, 0x0000, 0x0000, 0x0000, 0x0000, 0x0000, 0x0000, 0x0000,
  0x0000, 0x0000, 0x0000, 0x0000, 0x0000, 0x0000, 0x0000, 0x0000, 0x0000, 0x0000, 0x1082, 0x18C3, 0x0000, 0x0021, 0x0001, 0x08A3,
  0x08E4, 0x0905, 0x0925, 0x0926, 0x1167, 0x1166, 0x1167, 0x1187, 0x1167, 0x1167, 0x1187, 0x1166, 0x10A2, 0xCD8B, 0xFF50, 0x3163,
  0x0946, 0x1166, 0x1166, 0x0946, 0x2123, 0xBBC3, 0x49E1, 0x41A2, 0xF524, 0xF3C0, 0xFD01, 0xFEC8, 0xEDA7, 0xEBA0, 0xF440, 0xFC80,
  0xFC60, 0xFCE0, 0xFD22, 0xFCC0, 0xFD01, 0xFD42, 0xFD21, 0xFD81, 0xDD68, 0x1881, 0x0000, 0x9C2A, 0x49E4, 0x0000, 0x0040, 0x0841,
  0x0000, 0x0861, 0x946E, 0xFFD7, 0xFFF8, 0xDED5, 0x6B2A, 0x0860, 0x0000, 0x0840, 0xB571, 0xFFFB, 0x6BCA, 0x0040, 0x10A1, 0x0040,
  0x4204, 0x9D8C, 0x6CEA, 0x43A8, 0x10C2, 0x9696, 0x87FB, 0x77BA, 0x47B8, 0x6FB9, 0x3FD8, 0x2735, 0x25F1, 0x6798, 0x6FFB, 0x4676,
  0x13EE, 0x0D94, 0x0573, 0x04D1, 0x3512, 0x1D73, 0x04B1, 0x0451, 0x0B0D, 0x02AB, 0x03D0, 0x02ED, 0x03AF, 0x03F1, 0x02AD, 0x026C,
  0x04B4, 0x24B4, 0x00C6, 0x0127, 0x0168, 0x00A5, 0x00A5, 0x0107, 0x0A8D, 0x0B50, 0x02EE, 0x14D5, 0x365A, 0x1C53, 0x01AA, 0x018A,
  0x026D, 0x028E, 0x01AA, 0x01AA, 0x01AA, 0x00A5, 0x0043, 0x0043, 0x0043, 0x0042, 0x0062, 0x0063, 0x0063, 0x00A4, 0x0084, 0x00A4,
  0x00C5, 0x0106, 0x02AC, 0x14D4, 0x2597, 0x1CB4, 0x0B2E, 0x028C, 0x024C, 0x01CA, 0x0189, 0x0189, 0x01A9, 0x022B, 0x024C, 0x020B,
  0x0189, 0x0127, 0x0127, 0x0021, 0x0000, 0x0001, 0x0001, 0x0001, 0x0001, 0x0001, 0x0001, 0x00A4, 0x2B4A, 0xE506, 0xEB61, 0x7A64,
  0x1207, 0x0208, 0x0209, 0x01C7, 0x01A7, 0x01C7, 0x0208, 0x01E8, 0x0146, 0x00C4, 0x0021, 0x0021, 0x0042, 0x0001, 0x0083, 0x00C3,
  0x0021, 0x0021, 0x0021, 0x0020, 0x2104, 0x0020, 0x0000, 0x0000, 0x0000, 0x0000, 0x0000, 0x0000, 0x0000, 0x0000, 0x0000, 0x0000,
  0x0000, 0x0000, 0x0000, 0x0000, 0x0000, 0x0000, 0x0000, 0x0000, 0x0000, 0x0000, 0x0000, 0x0000, 0x0000, 0x0000, 0x0000, 0x0000,
  0x0000, 0x0000, 0x0000, 0x0000, 0x0000, 0x0000, 0x0000, 0x0000, 0x0000, 0x0000, 0x0000, 0x0000, 0x0000, 0x0000, 0x0000, 0x0000,
  0x0000, 0x0000, 0x0000, 0x0000, 0x0000, 0x0000, 0x0000, 0x0000, 0x0000, 0x0020, 0x0862, 0x0000, 0x0021, 0x0001, 0x0062, 0x0904,
  0x0925, 0x0925, 0x0946, 0x1146, 0x1187, 0x1167, 0x1167, 0x1167, 0x1187, 0x1187, 0x1166, 0x0905, 0x41A3, 0xFF8F, 0xDE0B, 0x18E3,
  0x0967, 0x1166, 0x1166, 0x00A4, 0x9B44, 0x8B23, 0x1123, 0x6242, 0xFD23, 0xF3E0, 0xFD62, 0xFF09, 0xECE4, 0xEBA0, 0xFC60, 0xFC60,
  0xFC80, 0xFD21, 0xFCA0, 0xFCE0, 0xFCE0, 0xFCA0, 0xFCE0, 0xFD21, 0xFDA2, 0xCCA5, 0xC4A8, 0x9C29, 0x0000, 0x0020, 0x0020, 0x0000,
  0x3144, 0xC612, 0xFFFB, 0xFFFA, 0x9CAF, 0x18C2, 0x0000, 0x0041, 0x0840, 0xAD51, 0xF7FA, 0xBED3, 0x10E1, 0x0020, 0x0060, 0x0020,
  0x73C8, 0x7D4B, 0x650A, 0x19A3, 0x8573, 0x7FFB, 0x4FB9, 0x3797, 0x4FB8, 0x57B8, 0x1755, 0x1E52, 0x4757, 0x6F99, 0x2757, 0x04B0,
  0x036D, 0x0491, 0x05B5, 0x04B1, 0x030C, 0x026A, 0x0430, 0x03AF, 0x0ACC, 0x01C8, 0x03AF, 0x032D, 0x0472, 0x03B0, 0x024C, 0x022B,
  0x03F1, 0x265A, 0x2C94, 0x020B, 0x0147, 0x0147, 0x020B, 0x02EF, 0x0330, 0x0C12, 0x263A, 0x2DD8, 0x0ACE, 0x0128, 0x01EB, 0x02F0,
  0x028E, 0x018A, 0x01CB, 0x0169, 0x00C5, 0x0063, 0x0042, 0x0063, 0x0043, 0x0042, 0x0063, 0x0063, 0x0063, 0x00A4, 0x00C5, 0x00E5,
  0x022B, 0x1473, 0x1D56, 0x1432, 0x02AC, 0x01C9, 0x0188, 0x01A9, 0x01A8, 0x0148, 0x01CA, 0x0188, 0x0147, 0x0106, 0x0168, 0x0169,
  0x0107, 0x0147, 0x0083, 0x0000, 0x0000, 0x0001, 0x0001, 0x0000, 0x0001, 0x0001, 0x0062, 0x0A28, 0x9D4B, 0xB406, 0x3267, 0x028A,
  0x0ACB, 0x01A7, 0x01C7, 0x01C8, 0x0187, 0x0A08, 0x01E8, 0x01C8, 0x0126, 0x00E5, 0x0021, 0x0001, 0x0001, 0x0083, 0x0125, 0x0062,
  0x0041, 0x0041, 0x0021, 0x0021, 0x0020, 0x18C3, 0x0000, 0x0000, 0x0000, 0x0000, 0x0000, 0x0000, 0x0000, 0x0000, 0x0000, 0x0000,
  0x0000, 0x0000, 0x0000, 0x0000, 0x0000, 0x0000, 0x0000, 0x0000, 0x0000, 0x0000, 0x0000, 0x0000, 0x0000, 0x0000, 0x0000, 0x0000,
  0x0000, 0x0000, 0x0000, 0x0000, 0x0000, 0x0000, 0x0000, 0x0000, 0x0000, 0x0000, 0x0000, 0x0000, 0x0000, 0x0000, 0x0000, 0x0000,
  0x0000, 0x0000, 0x0000, 0x0000, 0x0000, 0x0000, 0x0000, 0x0000, 0x0000, 0x18C3, 0x0020, 0x0021, 0x0021, 0x0021, 0x08E4, 0x0905,
  0x0925, 0x1146, 0x1146, 0x1167, 0x1167, 0x1187, 0x1187, 0x1187, 0x1187, 0x1187, 0x1166, 0x00A4, 0x93A7, 0xFFEF, 0xB4C8, 0x08C3,
  0x1187, 0x1166, 0x00E5, 0x51E2, 0xABC3, 0x31A3, 0x1923, 0x7AE2, 0xFD02, 0xF400, 0xFDE4, 0xFEE9, 0xEC01, 0xF3E0, 0xFC60, 0xFC60,
  0xFCA0, 0xFD20, 0xFC80, 0xFC60, 0xFCC0, 0xFCA0, 0xFC80, 0xFCC0, 0xFD20, 0xFD20, 0xF5C8, 0x28C2, 0x0020, 0x0020, 0x0000, 0x5267,
  0xEF56, 0xFFFA, 0xDEB6, 0x5288, 0x0000, 0x0041, 0x0000, 0x10A2, 0xBDD2, 0xD798, 0xBF56, 0x742C, 0x0000, 0x0040, 0x0020, 0x1901,
  0x84CB, 0x5CCA, 0x4BE7, 0x53ED, 0x7FFB, 0x5799, 0x0F15, 0x5FD9, 0x6FB9, 0x27B7, 0x1E94, 0x2654, 0x67DA, 0x77DA, 0x2E75, 0x042F,
  0x030C, 0x0C10, 0x0575, 0x038F, 0x03AF, 0x024A, 0x022A, 0x022A, 0x0209, 0x00E5, 0x034E, 0x038F, 0x0472, 0x0370, 0x01EB, 0x026C,
  0x1412, 0x2E7A, 0x1E3A, 0x2E7B, 0x14D5, 0x0B70, 0x03D2, 0x0454, 0x1578, 0x1DD9, 0x0BD2, 0x01CB, 0x01CB, 0x02CF, 0x0310, 0x01CB,
  0x0148, 0x020C, 0x0169, 0x00E6, 0x00C5, 0x0042, 0x0063, 0x0063, 0x0042, 0x0063, 0x0083, 0x0084, 0x00A4, 0x00A4, 0x0127, 0x0AED,
  0x14D4, 0x1453, 0x026C, 0x0168, 0x0147, 0x0168, 0x0167, 0x0127, 0x00E6, 0x0126, 0x0126, 0x00E5, 0x00C5, 0x00A4, 0x00A4, 0x0127,
  0x01A9, 0x00A4, 0x0000, 0x0000, 0x0000, 0x0001, 0x0001, 0x0000, 0x0000, 0x0021, 0x0146, 0x544B, 0x84AA, 0x0A89, 0x028A, 0x026A,
  0x0A6A, 0x0146, 0x0187, 0x01A7, 0x126A, 0x0A29, 0x0187, 0x01C8, 0x0125, 0x00E4, 0x0042, 0x0000, 0x0062, 0x0186, 0x00A3, 0x0042,
  0x0062, 0x0041, 0x0062, 0x0061, 0x0000, 0x0841, 0x2124, 0x0000, 0x0000, 0x0000, 0x0000, 0x0000, 0x0000, 0x0000, 0x0000, 0x0000,
  0x0000, 0x0000, 0x0000, 0x0000, 0x0000, 0x0000, 0x0000, 0x0000, 0x0000, 0x0000, 0x0000, 0x0000, 0x0000, 0x0000, 0x0000, 0x0000,
  0x0000, 0x0000, 0x0000, 0x0000, 0x0000, 0x0000, 0x0000, 0x0000, 0x0000, 0x0000, 0x0000, 0x0000, 0x0000, 0x0000, 0x0000, 0x0000,
  0x0000, 0x0000, 0x0000, 0x0000, 0x0000, 0x0000, 0x0000, 0x0000, 0x10A2, 0x0021, 0x0021, 0x0021, 0x0021, 0x08A3, 0x1125, 0x1146,
  0x1146, 0x1166, 0x1187, 0x19C8, 0x1166, 0x1187, 0x1187, 0x1187, 0x1187, 0x1167, 0x0945, 0x18E3, 0xD5C9, 0xFFCC, 0x8B66, 0x00C4,
  0x1167, 0x0946, 0x1903, 0xB3E4, 0x5223, 0x1943, 0x2143, 0x9B83, 0xFCE1, 0xF440, 0xFE65, 0xF628, 0xF3A0, 0xFC40, 0xFC80, 0xFC80,
  0xFD20, 0xFD40, 0xFCA0, 0xFC40, 0xFCA0, 0xFCE0, 0xFC80, 0xFCC0, 0xFD21, 0xFD82, 0xB426, 0x0800, 0x0861, 0x0000, 0x7349, 0xFFF7,
  0xFFFA, 0xA4AE, 0x18A1, 0x0000, 0x0861, 0x0000, 0x39A5, 0xD6B4, 0xE7D9, 0x96B4, 0xB6F4, 0x2162, 0x0020, 0x0020, 0x0000, 0x52A6,
  0x7D2B, 0x54C9, 0x4B88, 0x6F38, 0x47F9, 0x4778, 0x0F76, 0x4797, 0x3776, 0x2736, 0x2612, 0x1694, 0x1F16, 0x16F5, 0x04D0, 0x03AD,
  0x0B8E, 0x03CF, 0x03F0, 0x030D, 0x03B0, 0x022A, 0x0126, 0x01A8, 0x028B, 0x01A8, 0x02AC, 0x036F, 0x038F, 0x02AD, 0x020B, 0x028D,
  0x0371, 0x3DF9, 0x15D9, 0x04F6, 0x0D77, 0x0537, 0x0D98, 0x0D17, 0x03B1, 0x022B, 0x020C, 0x0310, 0x0351, 0x028E, 0x0149, 0x0169,
  0x020C, 0x0149, 0x00C6, 0x0148, 0x0084, 0x0063, 0x0084, 0x0063, 0x0063, 0x0083, 0x00A4, 0x00A4, 0x00A4, 0x0147, 0x0B4F, 0x0B8F,
  0x024B, 0x0168, 0x0168, 0x0188, 0x0106, 0x0106, 0x0106, 0x00E5, 0x00C4, 0x00A4, 0x00A4, 0x00C5, 0x0084, 0x0042, 0x0127, 0x020B,
  0x00E5, 0x0000, 0x0000, 0x0000, 0x0000, 0x0000, 0x0000, 0x0000, 0x0001, 0x00A4, 0x1ACA, 0x7D2E, 0x1ACA, 0x0229, 0x0229, 0x01C8,
  0x01C8, 0x01C8, 0x01A7, 0x0A29, 0x0A08, 0x01A7, 0x01A7, 0x01C8, 0x0105, 0x00A4, 0x0021, 0x0021, 0x0166, 0x0104, 0x0062, 0x0082,
  0x0042, 0x0083, 0x00C3, 0x0021, 0x0000, 0x0000, 0x10E3, 0x1082, 0x0000, 0x0000, 0x0000, 0x0000, 0x0000, 0x0000, 0x0000, 0x0000,
  0x0000, 0x0000, 0x0000, 0x0000, 0x0000, 0x0000, 0x0000, 0x0000, 0x0000, 0x0000, 0x0000, 0x0000, 0x0000, 0x0000, 0x0000, 0x0000,
  0x0000, 0x0000, 0x0000, 0x0000, 0x0000, 0x0000, 0x0000, 0x0000, 0x0000, 0x0000, 0x0000, 0x0000, 0x0000, 0x0000, 0x0000, 0x0000,
  0x0000, 0x0000, 0x0000, 0x0000, 0x0000, 0x0000, 0x0000, 0x1082, 0x0841, 0x0000, 0x0021, 0x0001, 0x0062, 0x0905, 0x1126, 0x1167,
  0x1167, 0x1167, 0x1187, 0x19C8, 0x1166, 0x1187, 0x1187, 0x1167, 0x19C8, 0x1987, 0x00E4, 0x5205, 0xFEC9, 0xFF4A, 0x6244, 0x00E5,
  0x1166, 0x00C4, 0x82E3, 0x9343, 0x2163, 0x2163, 0x31A4, 0x9BA3, 0xFCC1, 0xF480, 0xFEC6, 0xF525, 0xFBE0, 0xFC80, 0xFC80, 0xFD00,
  0xFD80, 0xFD40, 0xFCE0, 0xFCA0, 0xFD40, 0xFD61, 0xFCE0, 0xFCC0, 0xFD00, 0xFD41, 0xE506, 0x2881, 0x0000, 0x9C4B, 0xFFF8, 0xEF35,
  0x62C8, 0x0000, 0x0041, 0x0040, 0x0020, 0x7369, 0xE755, 0xEFD9, 0xBF17, 0xA755, 0x746C, 0x0020, 0x0040, 0x0020, 0x0840, 0x848B,
  0x43E8, 0x3B87, 0x5550, 0x1FD7, 0x2776, 0x57B9, 0x0F34, 0x16D3, 0x0652, 0x3694, 0x5676, 0x2695, 0x0591, 0x1531, 0x0C90, 0x03EF,
  0x0C10, 0x02EC, 0x038F, 0x038F, 0x032E, 0x0188, 0x0106, 0x0126, 0x0B2E, 0x0168, 0x0147, 0x034F, 0x024B, 0x020B, 0x026D, 0x0310,
  0x0413, 0x0392, 0x1D16, 0x1537, 0x04D5, 0x04D6, 0x0413, 0x0391, 0x0350, 0x0B30, 0x02EF, 0x020C, 0x016A, 0x0129, 0x0148, 0x01CB,
  0x0128, 0x00C6, 0x0107, 0x0107, 0x0042, 0x0083, 0x0063, 0x0083, 0x0083, 0x00A4, 0x00C5, 0x00A4, 0x0167, 0x022A, 0x01C9, 0x01A8,
  0x0147, 0x00E5, 0x0106, 0x00C5, 0x00E5, 0x00E5, 0x00C4, 0x0083, 0x0083, 0x00C4, 0x00C5, 0x0084, 0x0083, 0x0188, 0x01EB, 0x00C5,
  0x0001, 0x0000, 0x0000, 0x0000, 0x0000, 0x0000, 0x0000, 0x0001, 0x0063, 0x0167, 0x3C0D, 0x54AD, 0x024A, 0x01E8, 0x01C8, 0x01C8,
  0x01C8, 0x01C8, 0x0A4A, 0x0A09, 0x01A7, 0x01A7, 0x0166, 0x01A7, 0x00E4, 0x0062, 0x0000, 0x0125, 0x0125, 0x0062, 0x0021, 0x00C3,
  0x00C4, 0x00C4, 0x00A3, 0x0041, 0x0021, 0x0082, 0x0041, 0x18C3, 0x0841, 0x0000, 0x0000, 0x0000, 0x0000, 0x0000, 0x0000, 0x0000,
  0x0000, 0x0000, 0x0000, 0x0000, 0x0000, 0x0000, 0x0000, 0x0000, 0x0000, 0x0000, 0x0000, 0x0000, 0x0000, 0x0000, 0x0000, 0x0000,
  0x0000, 0x0000, 0x0000, 0x0000, 0x0000, 0x0000, 0x0000, 0x0000, 0x0000, 0x0000, 0x0000, 0x0000, 0x0000, 0x0000, 0x0000, 0x0000,
  0x0000, 0x0000, 0x0000, 0x0000, 0x0000, 0x0000, 0x0861, 0x0862, 0x0000, 0x0021, 0x0021, 0x0001, 0x08C4, 0x0925, 0x1166, 0x1146,
  0x1187, 0x1187, 0x1187, 0x1187, 0x1166, 0x1187, 0x1187, 0x1187, 0x1167, 0x1166, 0x08C4, 0x9BC6, 0xFEE6, 0xFEE8, 0x4183, 0x0905,
  0x0925, 0x3983, 0xBBE3, 0x39C3, 0x1963, 0x31C4, 0x2143, 0x8B22, 0xFCE1, 0xF4C0, 0xFEC7, 0xF482, 0xFC60, 0xFCA0, 0xFD40, 0xFD80,
  0xFDE0, 0xFE01, 0xFDC0, 0xFD61, 0xFD80, 0xFD40, 0xFCE0, 0xFCE0, 0xFD20, 0xFD80, 0xED25, 0x48E1, 0xAD0D, 0xFFF8, 0xCE32, 0x3143,
  0x0000, 0x0881, 0x0000, 0x2102, 0xB570, 0xF7F9, 0xCF57, 0xC716, 0x8692, 0x9E93, 0x10E2, 0x0880, 0x0881, 0x0000, 0x4A46, 0x64AB,
  0x2BA8, 0x2B27, 0x2673, 0x3FD9, 0x4F58, 0x2EF5, 0x0631, 0x0DB1, 0x050E, 0x3EB6, 0x3DD3, 0x0D51, 0x15B3, 0x1C2F, 0x038D, 0x03EF,
  0x0BCF, 0x02CC, 0x034E, 0x02CC, 0x028B, 0x0147, 0x00E6, 0x0127, 0x030F, 0x022C, 0x0127, 0x024C, 0x0168, 0x01EB, 0x028E, 0x0371,
  0x0C54, 0x02F0, 0x026D, 0x0B0F, 0x0BD2, 0x0BD3, 0x0351, 0x02AD, 0x01EB, 0x0169, 0x00E7, 0x00E7, 0x0108, 0x0108, 0x0108, 0x00E7,
  0x00C7, 0x00A6, 0x0169, 0x00C5, 0x0042, 0x0063, 0x0063, 0x0084, 0x00A4, 0x00A4, 0x00C5, 0x01C9, 0x01E9, 0x00A4, 0x0063, 0x0126,
  0x00E5, 0x00C5, 0x00C4, 0x00C5, 0x00C5, 0x00A4, 0x00C4, 0x00A4, 0x00A4, 0x0084, 0x0084, 0x0127, 0x0A4C, 0x01CA, 0x0084, 0x0000,
  0x0000, 0x0000, 0x0000, 0x0000, 0x0000, 0x0000, 0x0000, 0x0042, 0x0967, 0x128B, 0x3C4E, 0x236C, 0x024A, 0x0187, 0x0146, 0x0229,
  0x01C8, 0x0187, 0x01E8, 0x0167, 0x0166, 0x0186, 0x0166, 0x0146, 0x00A4, 0x0021, 0x00C3, 0x0186, 0x0104, 0x0041, 0x1103, 0x3B2A,
  0x0166, 0x0083, 0x0082, 0x0041, 0x0083, 0x00C3, 0x0000, 0x0000, 0x18E4, 0x0020, 0x0000, 0x0000, 0x0000, 0x0000, 0x0000, 0x0000,
  0x0000, 0x0000, 0x0000, 0x0000, 0x0000, 0x0000, 0x0000, 0x0000, 0x0000, 0x0000, 0x0000, 0x0000, 0x0000, 0x0000, 0x0000, 0x0000,
  0x0000, 0x0000, 0x0000, 0x0000, 0x0000, 0x0000, 0x0000, 0x0000, 0x0000, 0x0000, 0x0000, 0x0000, 0x0000, 0x0000, 0x0000, 0x0000,
  0x0000, 0x0000, 0x0000, 0x0000, 0x0000, 0x0020, 0x10C3, 0x0000, 0x0021, 0x0021, 0x0001, 0x0083, 0x1125, 0x1126, 0x1167, 0x1166,
  0x1187, 0x1187, 0x1187, 0x1187, 0x1167, 0x1187, 0x1187, 0x1187, 0x1146, 0x1146, 0x1903, 0xDD87, 0xFEC3, 0xEE68, 0x2902, 0x0146,
  0x08C3, 0xA383, 0x7AE2, 0x1963, 0x2184, 0x31C4, 0x08C3, 0x7AE2, 0xFCE0, 0xFD21, 0xFEA8, 0xF400, 0xFCC0, 0xFD60, 0xFE00, 0xFEC6,
  0xDD87, 0xCD27, 0xFEA6, 0xFE01, 0xFDA0, 0xFD40, 0xFD00, 0xFD20, 0xFD60, 0xF5C4, 0x71C2, 0xBD2D, 0xFFF9, 0xA4EE, 0x1060, 0x0020,
  0x0881, 0x0000, 0x4205, 0xD6B3, 0xEFD9, 0xE79A, 0xD779, 0x8672, 0x9F14, 0x3AA7, 0x0020, 0x0040, 0x0020, 0x4A68, 0x6C8C, 0x2387,
  0x2367, 0x342C, 0x16B3, 0x26F5, 0x15B0, 0x05D1, 0x0EB5, 0x0613, 0x3614, 0x1E54, 0x042D, 0x040E, 0x1DD4, 0x02AB, 0x036D, 0x03EF,
  0x0BCF, 0x02CB, 0x02AB, 0x028B, 0x024B, 0x0126, 0x0107, 0x0169, 0x01AA, 0x0189, 0x01AA, 0x01CA, 0x02AE, 0x024C, 0x026D, 0x0391,
  0x0494, 0x02CF, 0x026D, 0x024D, 0x01EC, 0x01AB, 0x016A, 0x0108, 0x0128, 0x0128, 0x0108, 0x0107, 0x00E7, 0x00E7, 0x00E7, 0x00C6,
  0x00A6, 0x00A6, 0x0989, 0x0084, 0x0063, 0x0063, 0x0063, 0x0083, 0x0083, 0x00E5, 0x01C9, 0x0167, 0x0084, 0x0063, 0x0063, 0x00A4,
  0x00C4, 0x00E5, 0x0105, 0x00E5, 0x00E5, 0x00C4, 0x00A3, 0x00A4, 0x00A4, 0x0126, 0x09EA, 0x0A0B, 0x0127, 0x0042, 0x0000, 0x0000,
  0x0000, 0x0000, 0x0000, 0x0000, 0x0000, 0x0000, 0x00A4, 0x0127, 0x0167, 0x01C8, 0x13CF, 0x02CB, 0x0209, 0x0A08, 0x09C7, 0x0208,
  0x01C8, 0x0166, 0x0167, 0x2A89, 0x1A28, 0x01C8, 0x0145, 0x00C4, 0x0062, 0x0041, 0x0186, 0x0186, 0x0145, 0x0062, 0x2A27, 0x11E7,
  0x00E4, 0x0082, 0x0062, 0x0062, 0x00E4, 0x0042, 0x0021, 0x0041, 0x0861, 0x18E3, 0x0000, 0x0000, 0x0000, 0x0000, 0x0000, 0x0000,
  0x0000, 0x0000, 0x0000, 0x0000, 0x0000, 0x0000, 0x0000, 0x0000, 0x0000, 0x0000, 0x0000, 0x0000, 0x0000, 0x0000, 0x0000, 0x0000,
  0x0000, 0x0000, 0x0000, 0x0000, 0x0000, 0x0000, 0x0000, 0x0000, 0x0000, 0x0000, 0x0000, 0x0000, 0x0000, 0x0000, 0x0000, 0x0000,
  0x0000, 0x0000, 0x0000, 0x0000, 0x0000, 0x18C3, 0x0021, 0x0001, 0x0021, 0x0021, 0x0021, 0x0905, 0x1126, 0x1146, 0x1167, 0x1167,
  0x1187, 0x1187, 0x1187, 0x1187, 0x1167, 0x1167, 0x1187, 0x1187, 0x1166, 0x08E5, 0x5244, 0xFE66, 0xFEE4, 0xD588, 0x10A2, 0x0105,
  0x49C2, 0xABE4, 0x31C3, 0x2184, 0x2184, 0x2163, 0x08E3, 0x72A2, 0xFD01, 0xFDA3, 0xFE47, 0xF3C0, 0xFD20, 0xFE40, 0xFF4B, 0x93A7,
  0x1861, 0x0800, 0xBCE7, 0xFEC3, 0xFDA0, 0xFD40, 0xF500, 0xFD60, 0xFE04, 0x7A63, 0xBD2D, 0xFFF7, 0x83AA, 0x0000, 0x0020, 0x08A2,
  0x0020, 0x738A, 0xD6F4, 0xD776, 0xCF57, 0xD758, 0x96B4, 0x9ED5, 0x4328, 0x0080, 0x0020, 0x31A5, 0xA5B5, 0x8E75, 0x2388, 0x1B68,
  0x22E6, 0x2CEF, 0x0DD1, 0x04EE, 0x046D, 0x0550, 0x05D2, 0x2675, 0x2DB3, 0x04CE, 0x1D51, 0x24F1, 0x038D, 0x02AB, 0x0BAE, 0x0C30,
  0x02CC, 0x01E8, 0x01C8, 0x030E, 0x022B, 0x0107, 0x0148, 0x0128, 0x0107, 0x00E7, 0x0189, 0x020B, 0x0330, 0x028E, 0x02AD, 0x03D2,
  0x0413, 0x02CF, 0x028E, 0x024D, 0x01EC, 0x01CB, 0x01AB, 0x016A, 0x0149, 0x0128, 0x0129, 0x0108, 0x00E7, 0x00C6, 0x00A5, 0x00A5,
  0x0085, 0x00C6, 0x0988, 0x0063, 0x0083, 0x0083, 0x0083, 0x0083, 0x0106, 0x0167, 0x00A4, 0x0043, 0x0063, 0x0062, 0x0063, 0x00A4,
  0x00C4, 0x00C4, 0x00C4, 0x00C4, 0x00C4, 0x00C4, 0x00C4, 0x0126, 0x01A9, 0x0188, 0x0106, 0x0063, 0x0021, 0x0000, 0x0000, 0x0000,
  0x0000, 0x0000, 0x0000, 0x0000, 0x0042, 0x1146, 0x222A, 0x1A4A, 0x0167, 0x01A8, 0x0B6E, 0x02AC, 0x024A, 0x0187, 0x1228, 0x09A7,
  0x0166, 0x0166, 0x0147, 0x3AC9, 0x2207, 0x00C4, 0x0125, 0x0083, 0x0001, 0x0104, 0x01A6, 0x0165, 0x0145, 0x00A3, 0x00C3, 0x00C4,
  0x00A3, 0x0062, 0x0062, 0x00C4, 0x0083, 0x0021, 0x00A3, 0x0042, 0x0000, 0x1082, 0x1062, 0x0000, 0x0000, 0x0000, 0x0000, 0x0000,
  0x0000, 0x0000, 0x0000, 0x0000, 0x0000, 0x0000, 0x0000, 0x0000, 0x0000, 0x0000, 0x0000, 0x0000, 0x0000, 0x0000, 0x0000, 0x0000,
  0x0000, 0x0000, 0x0000, 0x0000, 0x0000, 0x0000, 0x0000, 0x0000, 0x0000, 0x0000, 0x0000, 0x0000, 0x0000, 0x0000, 0x0000, 0x0000,
  0x0000, 0x0000, 0x0000, 0x0000, 0x10A2, 0x0862, 0x0021, 0x0021, 0x0021, 0x0001, 0x08A3, 0x1126, 0x1146, 0x1167, 0x1167, 0x1187,
  0x1187, 0x1187, 0x1167, 0x1167, 0x19A7, 0x1187, 0x1167, 0x1146, 0x1167, 0x08C4, 0x9C06, 0xFE42, 0xFF47, 0xBC86, 0x08A2, 0x08C3,
  0xA363, 0x6263, 0x2184, 0x2184, 0x1943, 0x2184, 0x0082, 0x6A83, 0xFD22, 0xFDE3, 0xF564, 0xF440, 0xFE80, 0xFF8A, 0x8368, 0x0000,
  0x10E2, 0x0861, 0xBD08, 0xFEC4, 0xFDA0, 0xF560, 0xFDC0, 0xF5E5, 0x7243, 0xBD4E, 0xFFF6, 0x6AE7, 0x0000, 0x0881, 0x08A2, 0x0000,
  0x8C2B, 0xD715, 0xB6D6, 0xD778, 0x9E94, 0xB756, 0xA694, 0x2A45, 0x0020, 0x1922, 0x8C90, 0xA7BA, 0x5FFA, 0x246C, 0x1B88, 0x1327,
  0x2329, 0x146E, 0x050F, 0x0D91, 0x03EC, 0x04CF, 0x0550, 0x04CF, 0x25F3, 0x1531, 0x038C, 0x138D, 0x02AA, 0x036E, 0x1C30, 0x02CB,
  0x026A, 0x01C8, 0x0167, 0x0B0E, 0x01EA, 0x0106, 0x00E6, 0x0107, 0x0148, 0x0107, 0x0169, 0x01AB, 0x020C, 0x02AE, 0x0433, 0x0C33,
  0x02CE, 0x026D, 0x024D, 0x022D, 0x022D, 0x01EC, 0x01CB, 0x018A, 0x016A, 0x0149, 0x0108, 0x0107, 0x00E6, 0x00A6, 0x00A5, 0x0085,
  0x00A5, 0x0106, 0x0988, 0x0063, 0x0084, 0x0083, 0x00A4, 0x00E5, 0x0106, 0x0083, 0x0063, 0x0083, 0x00A4, 0x00C4, 0x00E5, 0x0105,
  0x00E4, 0x00C4, 0x00A4, 0x00A4, 0x00C5, 0x00E5, 0x00E5, 0x00C5, 0x0084, 0x0042, 0x0021, 0x0021, 0x0000, 0x0000, 0x0000, 0x0000,
  0x0000, 0x0021, 0x0063, 0x2209, 0x6C51, 0x8514, 0x7CD3, 0x6C71, 0x4BCF, 0x2AEC, 0x0AAC, 0x022A, 0x026B, 0x0187, 0x0166, 0x01C7,
  0x0105, 0x0146, 0x0A2A, 0x0126, 0x0105, 0x0167, 0x00E5, 0x0021, 0x0041, 0x01C7, 0x01C7, 0x0165, 0x0104, 0x0083, 0x0083, 0x0083,
  0x0083, 0x0063, 0x00A4, 0x0083, 0x0022, 0x0905, 0x00A3, 0x0000, 0x0000, 0x0000, 0x10C3, 0x0020, 0x0000, 0x0000, 0x0000, 0x0000,
  0x0000, 0x0000, 0x0000, 0x0000, 0x0000, 0x0000, 0x0000, 0x0000, 0x0000, 0x0000, 0x0000, 0x0000, 0x0000, 0x0000, 0x0000, 0x0000,
  0x0000, 0x0000, 0x0000, 0x0000, 0x0000, 0x0000, 0x0000, 0x0000, 0x0000, 0x0000, 0x0000, 0x0000, 0x0000, 0x0000, 0x0000, 0x0000,
  0x0000, 0x0000, 0x0000, 0x10A2, 0x10A3, 0x0021, 0x0021, 0x0021, 0x0021, 0x0062, 0x0925, 0x1146, 0x1167, 0x1167, 0x1146, 0x1167,
  0x1167, 0x1166, 0x1167, 0x1166, 0x1987, 0x1187, 0x0925, 0x1125, 0x1166, 0x2124, 0xE586, 0xFDE0, 0xFF89, 0x9BA3, 0x0063, 0x5A03,
  0xABC4, 0x2163, 0x2184, 0x1103, 0x21A4, 0x1103, 0x0083, 0x5203, 0xFD42, 0xFE02, 0xF4E2, 0xF580, 0xFFEA, 0xA46A, 0x0000, 0x08C2,
  0x08C2, 0x3163, 0xF689, 0xFE00, 0xFE00, 0xFEC4, 0xDD86, 0x51A2, 0xB54E, 0xFFF4, 0x5A86, 0x0000, 0x0881, 0x08C2, 0x0861, 0x944A,
  0x9D4C, 0x8DD2, 0xB6D6, 0xCF57, 0xAF36, 0x85D1, 0x1122, 0x0000, 0x4247, 0xA676, 0x9FFC, 0x8FFC, 0x4E54, 0x1367, 0x13A9, 0x0AC6,
  0x1B8B, 0x03CC, 0x0CEF, 0x0C2D, 0x0BED, 0x2634, 0x1E75, 0x14B0, 0x13AD, 0x144F, 0x02EB, 0x02CB, 0x02EB, 0x026A, 0x034D, 0x02AB,
  0x028A, 0x0209, 0x0106, 0x020B, 0x020A, 0x00E5, 0x0063, 0x0128, 0x0149, 0x0108, 0x0149, 0x01AB, 0x0149, 0x020C, 0x0C13, 0x02EF,
  0x024D, 0x024D, 0x026E, 0x020C, 0x01EC, 0x01CB, 0x018A, 0x018A, 0x016A, 0x0129, 0x0107, 0x00E6, 0x00A5, 0x0085, 0x0085, 0x00A5,
  0x0085, 0x0927, 0x1188, 0x0043, 0x0084, 0x00A4, 0x00A4, 0x00E5, 0x00E5, 0x0105, 0x0106, 0x0106, 0x0106, 0x0105, 0x00E5, 0x00C4,
  0x00A4, 0x00A4, 0x00A4, 0x00A4, 0x0083, 0x0063, 0x0042, 0x0022, 0x0021, 0x0000, 0x0000, 0x0000, 0x0000, 0x0000, 0x0000, 0x0000,
  0x0042, 0x00C4, 0x0126, 0x126A, 0x1B0C, 0x12EC, 0x01C7, 0x01E8, 0x0A6A, 0x128B, 0x1AAB, 0x01E9, 0x01A8, 0x01C8, 0x024A, 0x01C8,
  0x0105, 0x01C8, 0x01C8, 0x0167, 0x09E9, 0x0126, 0x0042, 0x0021, 0x00E4, 0x0186, 0x0145, 0x0104, 0x00A3, 0x0083, 0x0063, 0x00A3,
  0x0083, 0x0083, 0x0083, 0x0042, 0x0905, 0x0925, 0x0001, 0x0001, 0x0001, 0x0041, 0x0062, 0x2104, 0x0841, 0x0000, 0x0000, 0x0000,
  0x0000, 0x0000, 0x0000, 0x0000, 0x0000, 0x0000, 0x0000, 0x0000, 0x0000, 0x0000, 0x0000, 0x0000, 0x0000, 0x0000, 0x0000, 0x0000,
  0x0000, 0x0000, 0x0000, 0x0000, 0x0000, 0x0000, 0x0000, 0x0000, 0x0000, 0x0000, 0x0000, 0x0000, 0x0000, 0x0000, 0x0000, 0x0000,
  0x0000, 0x0000, 0x0000, 0x10A2, 0x0041, 0x0041, 0x0021, 0x0021, 0x0021, 0x08E5, 0x1146, 0x1166, 0x1167, 0x1167, 0x1166, 0x1166,
  0x1167, 0x1166, 0x1187, 0x1167, 0x1166, 0x1166, 0x1146, 0x1146, 0x08E5, 0x5A44, 0xFE05, 0xFDE0, 0xFF69, 0x7AA2, 0x0062, 0x9B63,
  0x5A63, 0x2164, 0x08C2, 0x1943, 0x1943, 0x08C3, 0x00C3, 0x41A2, 0xFD83, 0xFE42, 0xFD20, 0xFF06, 0xDE4F, 0x1840, 0x0020, 0x08C2,
  0x0040, 0x8BC8, 0xFEC4, 0xFE61, 0xFEE8, 0xABE7, 0x38A1, 0xBD6E, 0xFFB4, 0x49E4, 0x0000, 0x0881, 0x10C2, 0x0061, 0xACEC, 0x8D0B,
  0x6CEE, 0x8E32, 0x8E12, 0x9694, 0x6D2E, 0x0060, 0x1081, 0x84AF, 0xC7DB, 0x5FFA, 0x3FB9, 0x77DA, 0x33EB, 0x1C2A, 0x0AE7, 0x0246,
  0x13CC, 0x0C4D, 0x0CAF, 0x032B, 0x0C2E, 0x14F0, 0x042D, 0x03AD, 0x0B8D, 0x02EB, 0x034D, 0x028A, 0x02EC, 0x01C7, 0x0249, 0x0BEF,
  0x026A, 0x0209, 0x0106, 0x0127, 0x020A, 0x0083, 0x0042, 0x0128, 0x0149, 0x0169, 0x0128, 0x0149, 0x018A, 0x018B, 0x0169, 0x01CB,
  0x024D, 0x024D, 0x020C, 0x01EB, 0x01CB, 0x018A, 0x0169, 0x0149, 0x0149, 0x0107, 0x00E6, 0x00C6, 0x00C6, 0x00A5, 0x00A5, 0x00C6,
  0x0064, 0x08E6, 0x1167, 0x0022, 0x0063, 0x0083, 0x0084, 0x00C4, 0x00E5, 0x00E5, 0x0105, 0x00E5, 0x00C4, 0x00A3, 0x0083, 0x0083,
  0x0063, 0x0063, 0x0062, 0x0042, 0x0042, 0x0042, 0x0021, 0x0000, 0x0000, 0x0000, 0x0000, 0x0000, 0x0000, 0x0000, 0x0021, 0x0062,
  0x00C4, 0x0125, 0x09C8, 0x01C8, 0x0229, 0x0229, 0x01E8, 0x01A7, 0x0A08, 0x01E8, 0x01A7, 0x0A4A, 0x0187, 0x01C8, 0x01E9, 0x0105,
  0x0146, 0x09A7, 0x0105, 0x0126, 0x0126, 0x0083, 0x0021, 0x0062, 0x0186, 0x0145, 0x0124, 0x0104, 0x00E4, 0x00E4, 0x00C4, 0x00E4,
  0x0062, 0x0042, 0x08A3, 0x3A49, 0x0946, 0x0062, 0x0021, 0x0021, 0x0042, 0x0083, 0x0000, 0x1082, 0x18C3, 0x0000, 0x0000, 0x0000,
  0x0000, 0x0000, 0x0000, 0x0000, 0x0000, 0x0000, 0x0000, 0x0000, 0x0000, 0x0000, 0x0000, 0x0000, 0x0000, 0x0000, 0x0000, 0x0000,
  0x0000, 0x0000, 0x0000, 0x0000, 0x0000, 0x0000, 0x0000, 0x0000, 0x0000, 0x0000, 0x0000, 0x0000, 0x0000, 0x0000, 0x0000, 0x0000,
  0x0000, 0x0000, 0x10A2, 0x0861, 0x0041, 0x0021, 0x0021, 0x0021, 0x0083, 0x1125, 0x1146, 0x1146, 0x1167, 0x1187, 0x1167, 0x19C8,
  0x19A8, 0x1167, 0x1187, 0x1167, 0x1166, 0x1987, 0x1166, 0x1166, 0x08C3, 0xAC06, 0xFDA2, 0xFE43, 0xFEEA, 0x4940, 0x41A2, 0x9BA3,
  0x29A3, 0x10E3, 0x08C2, 0x1943, 0x00A2, 0x08C3, 0x08C3, 0x3142, 0xED85, 0xFE43, 0xFDC1, 0xFFAF, 0x5A45, 0x0020, 0x0882, 0x0881,
  0x2902, 0xF70B, 0xFF47, 0xBD49, 0x51E3, 0x1800, 0xB52F, 0xFFF8, 0x49C4, 0x0000, 0x0020, 0x10E2, 0x0060, 0x944A, 0x8CEB, 0x544B,
  0x8E32, 0x6D4F, 0x654F, 0x4C4B, 0x00C0, 0x4287, 0xB6D6, 0x9FFB, 0x9F9B, 0x2F98, 0x2FF9, 0x4674, 0x0307, 0x0B28, 0x01C4, 0x01E6,
  0x0B4B, 0x03CC, 0x044E, 0x036C, 0x1531, 0x1D51, 0x02EA, 0x02CA, 0x0C50, 0x038D, 0x02CB, 0x0229, 0x030C, 0x02AB, 0x0229, 0x0B0D,
  0x0209, 0x01E9, 0x0105, 0x00C4, 0x020B, 0x00C4, 0x0021, 0x0107, 0x0128, 0x0169, 0x0108, 0x0169, 0x018A, 0x01EC, 0x020C, 0x018A,
  0x0169, 0x0128, 0x0107, 0x0148, 0x0169, 0x0169, 0x0128, 0x00E7, 0x00C6, 0x00A5, 0x00C6, 0x0107, 0x00C6, 0x00A5, 0x00C6, 0x0064,
  0x0002, 0x1188, 0x0926, 0x0021, 0x0042, 0x0042, 0x0063, 0x0063, 0x0083, 0x0083, 0x0083, 0x0083, 0x0062, 0x0062, 0x0062, 0x0062,
  0x0042, 0x0042, 0x0021, 0x0021, 0x0000, 0x0000, 0x0000, 0x0000, 0x0000, 0x0000, 0x0000, 0x0000, 0x0000, 0x0022, 0x0083, 0x00C4,
  0x00E5, 0x1A08, 0x1AAA, 0x01C7, 0x01C8, 0x0209, 0x0229, 0x01E8, 0x0186, 0x01E8, 0x01E8, 0x01A7, 0x09C8, 0x0126, 0x01A8, 0x0167,
  0x0A29, 0x0105, 0x0146, 0x0125, 0x00C4, 0x0042, 0x0021, 0x0145, 0x01A6, 0x0145, 0x00E3, 0x19C5, 0x4AE8, 0x0945, 0x00A3, 0x0083,
  0x0001, 0x1925, 0x7C10, 0x2209, 0x0083, 0x0042, 0x0022, 0x0063, 0x08C4, 0x0000, 0x0000, 0x0000, 0x18E4, 0x0861, 0x0000, 0x0000,
  0x0000, 0x0000, 0x0000, 0x0000, 0x0000, 0x0000, 0x0000, 0x0000, 0x0000, 0x0000, 0x0000, 0x0000, 0x0000, 0x0000, 0x0000, 0x0000,
  0x0000, 0x0000, 0x0000, 0x0000, 0x0000, 0x0000, 0x0000, 0x0000, 0x0000, 0x0000, 0x0000, 0x0000, 0x0000, 0x0000, 0x0000, 0x0000,
  0x0000, 0x0861, 0x1082, 0x0041, 0x0041, 0x0021, 0x0021, 0x0021, 0x08E5, 0x0925, 0x1146, 0x1146, 0x1167, 0x1187, 0x1167, 0x1987,
  0x1167, 0x1146, 0x1166, 0x1167, 0x1146, 0x1146, 0x1146, 0x0926, 0x2944, 0xED86, 0xFD41, 0xFEA7, 0xEE09, 0x2860, 0x8323, 0x7304,
  0x1944, 0x08A2, 0x1103, 0x0082, 0x00A2, 0x08A3, 0x00A2, 0x20E1, 0xCD67, 0xEE22, 0xFE66, 0xB50B, 0x0820, 0x08A2, 0x0882, 0x0000,
  0x83A7, 0xD62B, 0x5244, 0x2903, 0x18E2, 0x944C, 0xFFFA, 0x6285, 0x0000, 0x0000, 0x10A1, 0x0000, 0x7B87, 0xAD8C, 0x3348, 0x7D6F,
  0x652E, 0x54EE, 0x43EA, 0x2A25, 0x856E, 0xA753, 0x8F58, 0x2EB4, 0x6759, 0x2F17, 0x5EF7, 0x5530, 0x0307, 0x0246, 0x0184, 0x0165,
  0x0269, 0x0248, 0x042E, 0x0BEE, 0x146F, 0x046F, 0x02EA, 0x0269, 0x02EB, 0x0C2F, 0x02CB, 0x01A7, 0x028A, 0x0BAE, 0x036E, 0x022A,
  0x0187, 0x0167, 0x0126, 0x0083, 0x01EA, 0x0106, 0x0000, 0x08C5, 0x0948, 0x00A6, 0x0149, 0x0149, 0x016A, 0x01CB, 0x01AB, 0x01AB,
  0x018A, 0x0107, 0x00C6, 0x00E6, 0x00C6, 0x00E7, 0x00E6, 0x00C6, 0x00E7, 0x00E6, 0x00E6, 0x00E6, 0x00C5, 0x0064, 0x0023, 0x1126,
  0x432D, 0x2AAC, 0x0083, 0x0022, 0x0083, 0x0021, 0x0021, 0x0022, 0x0022, 0x0042, 0x0042, 0x0022, 0x0021, 0x0021, 0x0021, 0x0021,
  0x0000, 0x0000, 0x0000, 0x0000, 0x0000, 0x0000, 0x0000, 0x0000, 0x0000, 0x0000, 0x0000, 0x0001, 0x0022, 0x0063, 0x00C4, 0x0126,
  0x0105, 0x228A, 0x01E8, 0x01A7, 0x0229, 0x0229, 0x01E8, 0x0187, 0x01A7, 0x01A7, 0x01A7, 0x0187, 0x01A7, 0x0146, 0x00C5, 0x0A6B,
  0x0188, 0x0105, 0x0105, 0x00E4, 0x0042, 0x0021, 0x00C4, 0x01C7, 0x0166, 0x0166, 0x2248, 0x5AE8, 0x2144, 0x0063, 0x0062, 0x0001,
  0x3208, 0x94F2, 0x29E8, 0x0083, 0x0062, 0x0042, 0x0042, 0x0926, 0x0041, 0x0000, 0x0000, 0x0041, 0x0021, 0x18E3, 0x0000, 0x0000,
  0x0000, 0x0000, 0x0000, 0x0000, 0x0000, 0x0000, 0x0000, 0x0000, 0x0000, 0x0000, 0x0000, 0x0000, 0x0000, 0x0000, 0x0000, 0x0000,
  0x0000, 0x0000, 0x0000, 0x0000, 0x0000, 0x0000, 0x0000, 0x0000, 0x0000, 0x0000, 0x0000, 0x0000, 0x0000, 0x0000, 0x0000, 0x0000,
  0x0000, 0x0862, 0x0041, 0x0061, 0x0021, 0x0021, 0x0021, 0x0083, 0x0905, 0x0925, 0x1146, 0x1167, 0x1166, 0x1187, 0x1167, 0x1166,
  0x1166, 0x1146, 0x1146, 0x1146, 0x1166, 0x1146, 0x1166, 0x00C4, 0x6AC4, 0xFDC4, 0xF501, 0xFE87, 0xC4C6, 0x28A0, 0x8343, 0x3A03,
  0x08C2, 0x08C3, 0x08C3, 0x08C3, 0x0082, 0x0061, 0x10E2, 0x2102, 0xC529, 0xF6A5, 0xF689, 0x5204, 0x0020, 0x0061, 0x0061, 0x0061,
  0x20E2, 0x0000, 0x3185, 0x4A66, 0x62E7, 0xFFF7, 0x7B68, 0x0000, 0x0020, 0x10A2, 0x0000, 0x5A85, 0x7BC7, 0x2A25, 0x74CD, 0x6D4F,
  0x3C4C, 0x4C4B, 0x53E9, 0xAF11, 0xAFD3, 0x6ED3, 0x4F37, 0x0631, 0x2737, 0x2F58, 0x2CAE, 0x0327, 0x02E7, 0x01E5, 0x00E3, 0x0124,
  0x0248, 0x0269, 0x0C0E, 0x03AD, 0x02CA, 0x0C6F, 0x03CE, 0x02AA, 0x02EB, 0x02AA, 0x028A, 0x02AA, 0x026A, 0x026A, 0x02CC, 0x0188,
  0x0146, 0x0146, 0x00E5, 0x0083, 0x0168, 0x0105, 0x0001, 0x0000, 0x2166, 0x324B, 0x0128, 0x0129, 0x0169, 0x0169, 0x0149, 0x0128,
  0x0128, 0x01CA, 0x01AA, 0x018A, 0x018A, 0x0149, 0x0169, 0x0128, 0x0107, 0x00E6, 0x0084, 0x0023, 0x0023, 0x2188, 0x7431, 0x74B3,
  0x2A29, 0x0063, 0x0043, 0x0001, 0x0042, 0x0926, 0x0000, 0x0000, 0x0021, 0x0022, 0x0042, 0x0022, 0x0021, 0x0001, 0x0001, 0x0021,
  0x0000, 0x0000, 0x0000, 0x0000, 0x0000, 0x0000, 0x0000, 0x0000, 0x0000, 0x0000, 0x0001, 0x0022, 0x0062, 0x0083, 0x00C4, 0x0106,
  0x0146, 0x128A, 0x0229, 0x01E8, 0x0208, 0x0208, 0x0208, 0x0186, 0x0186, 0x0186, 0x0166, 0x0209, 0x01C8, 0x0126, 0x0146, 0x01E9,
  0x0105, 0x00E4, 0x00E4, 0x0042, 0x0021, 0x0062, 0x0186, 0x01E8, 0x0A6A, 0x0A29, 0x1186, 0x0042, 0x0022, 0x0042, 0x0021, 0x52EB,
  0x8CB1, 0x1966, 0x0042, 0x0083, 0x0063, 0x0042, 0x0926, 0x0062, 0x0000, 0x0000, 0x0062, 0x0021, 0x0000, 0x0882, 0x1082, 0x0000,
  0x0000, 0x0000, 0x0000, 0x0000, 0x0000, 0x0000, 0x0000, 0x0000, 0x0000, 0x0000, 0x0000, 0x0000, 0x0000, 0x0000, 0x0000, 0x0000,
  0x0000, 0x0000, 0x0000, 0x0000, 0x0000, 0x0000, 0x0000, 0x0000, 0x0000, 0x0000, 0x0000, 0x0000, 0x0000, 0x0000, 0x0000, 0x0000,
  0x0020, 0x0041, 0x0041, 0x0041, 0x0021, 0x0021, 0x0021, 0x0905, 0x0925, 0x0925, 0x1146, 0x1166, 0x1166, 0x1187, 0x1167, 0x1166,
  0x1146, 0x1146, 0x1146, 0x1146, 0x1146, 0x1146, 0x1166, 0x10E4, 0xC444, 0xFD42, 0xF502, 0xFEE9, 0x9B63, 0x3941, 0x6B03, 0x1102,
  0x08A2, 0x08C3, 0x1124, 0x0082, 0x0082, 0x0061, 0x31E3, 0x2122, 0xB4C9, 0xFF48, 0xCD87, 0x1881, 0x0041, 0x0062, 0x0061, 0x0041,
  0x0000, 0x4A66, 0x73A8, 0x39C3, 0xFFB6, 0x9C6A, 0x0000, 0x0041, 0x10E3, 0x0881, 0x4A04, 0x8C08, 0x00C1, 0x1984, 0x7D4E, 0x342A,
  0x3C2A, 0x64EB, 0x8E8E, 0x974F, 0x76D1, 0x4EF5, 0x2F56, 0x0E93, 0x1736, 0x37B8, 0x13A9, 0x02E7, 0x0205, 0x0143, 0x00C2, 0x0104,
  0x0249, 0x02CA, 0x030B, 0x044F, 0x030B, 0x02AA, 0x0B2C, 0x034C, 0x0249, 0x0208, 0x0249, 0x0BEF, 0x024A, 0x01E8, 0x01A8, 0x0187,
  0x0187, 0x0126, 0x00C4, 0x0083, 0x00E5, 0x00E5, 0x0000, 0x0000, 0x0000, 0x3209, 0x7432, 0x42EE, 0x0148, 0x00E7, 0x0128, 0x0108,
  0x0127, 0x0169, 0x01AA, 0x0169, 0x0148, 0x00E6, 0x00C6, 0x00A5, 0x00E6, 0x0084, 0x1125, 0x52EC, 0xA555, 0xADD7, 0x532D, 0x0083,
  0x0001, 0x0042, 0x0001, 0x0021, 0x0020, 0x08E5, 0x1A6C, 0x0062, 0x0000, 0x0000, 0x0000, 0x0001, 0x0021, 0x08A3, 0x0083, 0x0042,
  0x0083, 0x0042, 0x0000, 0x0000, 0x0000, 0x0000, 0x0000, 0x0000, 0x0000, 0x0000, 0x0022, 0x0063, 0x0063, 0x00C4, 0x0126, 0x0146,
  0x0209, 0x0209, 0x0229, 0x01E8, 0x01C7, 0x0208, 0x01E8, 0x01A7, 0x01A7, 0x0187, 0x01A7, 0x01C8, 0x0187, 0x0126, 0x01A8, 0x01C8,
  0x0167, 0x00E5, 0x0042, 0x0000, 0x0063, 0x0187, 0x01A8, 0x124A, 0x11A8, 0x0083, 0x0021, 0x0083, 0x0083, 0x1105, 0x5B2C, 0x636D,
  0x00C4, 0x0063, 0x00A4, 0x0083, 0x0042, 0x0926, 0x00A3, 0x0000, 0x0000, 0x0062, 0x0042, 0x0001, 0x0021, 0x00A3, 0x1904, 0x0020,
  0x0000, 0x0000, 0x0000, 0x0000, 0x0000, 0x0000, 0x0000, 0x0000, 0x0000, 0x0000, 0x0000, 0x0000, 0x0000, 0x0000, 0x0000, 0x0000,
  0x0000, 0x0000, 0x0000, 0x0000, 0x0000, 0x0000, 0x0000, 0x0000, 0x0000, 0x0000, 0x0000, 0x0000, 0x0000, 0x0000, 0x0000, 0x0000,
  0x0041, 0x0041, 0x0062, 0x0021, 0x0021, 0x0021, 0x08A3, 0x0926, 0x0925, 0x0925, 0x1146, 0x1187, 0x1146, 0x1167, 0x1167, 0x1146,
  0x1146, 0x1146, 0x1146, 0x1146, 0x1146, 0x1146, 0x0925, 0x41A3, 0xF543, 0xFD22, 0xFD03, 0xFF0B, 0x7221, 0x5242, 0x4A43, 0x0062,
  0x0082, 0x08E3, 0x08A2, 0x00A2, 0x0062, 0x2142, 0x3A24, 0x10C1, 0x9C07, 0xFFAB, 0xAC44, 0x0821, 0x0061, 0x0062, 0x08A2, 0x0000,
  0x4A45, 0x6367, 0x2141, 0xDED4, 0xC5CF, 0x0820, 0x0000, 0x10E3, 0x1923, 0x3183, 0x83C7, 0x0881, 0x0020, 0x6BA9, 0x542A, 0x1B88,
  0x656D, 0x8E8F, 0x7E6D, 0x560D, 0x3672, 0x3735, 0x1F35, 0x06B3, 0x3736, 0x5DB1, 0x0B27, 0x02C7, 0x0205, 0x0143, 0x00C2, 0x00E3,
  0x01E7, 0x0269, 0x02CA, 0x038D, 0x026A, 0x01C8, 0x0229, 0x036D, 0x032C, 0x034C, 0x032C, 0x028A, 0x01E9, 0x0187, 0x0167, 0x0187,
  0x0167, 0x00A4, 0x00C4, 0x0083, 0x00A4, 0x00C5, 0x0000, 0x0000, 0x0001, 0x0000, 0x1905, 0x7C52, 0xA5B7, 0x7C93, 0x42EE, 0x1189,
  0x00E6, 0x00E7, 0x00C6, 0x00A6, 0x00A5, 0x08E5, 0x21C8, 0x4ACC, 0x7C51, 0xBE18, 0xCEBA, 0xB5F7, 0x5B8E, 0x00A3, 0x0000, 0x0042,
  0x0041, 0x0021, 0x0001, 0x0021, 0x0082, 0x0000, 0x0988, 0x23F3, 0x09C9, 0x1987, 0x332E, 0x4C11, 0x3B8F, 0x22ED, 0x1188, 0x0042,
  0x0043, 0x0063, 0x0084, 0x0062, 0x0000, 0x0000, 0x0000, 0x0000, 0x0000, 0x0001, 0x0042, 0x0083, 0x0083, 0x00A4, 0x0167, 0x01C8,
  0x022A, 0x0229, 0x028A, 0x0A8A, 0x01E8, 0x0208, 0x01E8, 0x01E8, 0x01E8, 0x01C8, 0x01A7, 0x0166, 0x0146, 0x00E5, 0x00E5, 0x00E5,
  0x0126, 0x00E4, 0x0000, 0x0021, 0x00E5, 0x00E5, 0x0063, 0x00C4, 0x0146, 0x0147, 0x0167, 0x0106, 0x19A8, 0x4B0C, 0x21C7, 0x0063,
  0x00A4, 0x00E5, 0x0084, 0x0042, 0x0126, 0x0105, 0x0000, 0x0000, 0x0042, 0x0063, 0x0021, 0x0042, 0x1125, 0x0082, 0x0041, 0x18C3,
  0x0000, 0x0000, 0x0000, 0x0000, 0x0000, 0x0000, 0x0000, 0x0000, 0x0000, 0x0000, 0x0000, 0x0000, 0x0000, 0x0000, 0x0000, 0x0000,
  0x0000, 0x0000, 0x0000, 0x0000, 0x0000, 0x0000, 0x0000, 0x0000, 0x0000, 0x0000, 0x0000, 0x0000, 0x0000, 0x0000, 0x0000, 0x0841,
  0x0041, 0x0062, 0x0062, 0x0021, 0x0021, 0x0042, 0x0905, 0x0946, 0x1146, 0x0925, 0x1146, 0x1167, 0x1166, 0x1167, 0x1166, 0x1146,
  0x1146, 0x1146, 0x1166, 0x1166, 0x1146, 0x1166, 0x00A4, 0x9363, 0xFD23, 0xFD03, 0xFD85, 0xF6AC, 0x4940, 0x6B04, 0x2962, 0x00A3,
  0x08A2, 0x08C3, 0x08C3, 0x08E3, 0x10C2, 0x2983, 0x1922, 0x08A1, 0x7B05, 0xFFAC, 0x9BA2, 0x0001, 0x08A2, 0x08A2, 0x0041, 0x5AC6,
  0x6347, 0x08A0, 0xAD6E, 0xEEF3, 0x20C0, 0x0041, 0x0881, 0x2144, 0x2962, 0x8407, 0x10C1, 0x0000, 0x0861, 0x6BA8, 0x1AA6, 0x3CCB,
  0x8E4E, 0x96B0, 0x65EC, 0x1DEF, 0x1F14, 0x0ED3, 0x06F4, 0x0EB3, 0x456F, 0x23C9, 0x0B48, 0x0A87, 0x0205, 0x0143, 0x00C2, 0x0082,
  0x01A7, 0x01C7, 0x0AEB, 0x028A, 0x01C8, 0x0187, 0x01C8, 0x026A, 0x0B8D, 0x032C, 0x01C7, 0x0146, 0x0166, 0x0146, 0x0105, 0x0105,
  0x0105, 0x00E5, 0x00A3, 0x00A4, 0x0083, 0x00A4, 0x0021, 0x0021, 0x0021, 0x0042, 0x0001, 0x0000, 0x2187, 0x7C51, 0xB5F8, 0xB639,
  0xADD8, 0xADB7, 0xA576, 0xB5D7, 0xBE39, 0xCE9A, 0xD6DB, 0xC659, 0xA596, 0x7C71, 0x29E8, 0x0042, 0x0000, 0x0001, 0x0021, 0x0001,
  0x0001, 0x0021, 0x0021, 0x0021, 0x0042, 0x0083, 0x0001, 0x0168, 0x23F3, 0x230F, 0x11CA, 0x11CA, 0x0947, 0x0063, 0x0043, 0x0084,
  0x0063, 0x0043, 0x0063, 0x00A5, 0x00C5, 0x0083, 0x0000, 0x0000, 0x0021, 0x0021, 0x0083, 0x0083, 0x00A4, 0x00C4, 0x0126, 0x0209,
  0x01E9, 0x028A, 0x026A, 0x0208, 0x01C7, 0x0269, 0x026A, 0x0208, 0x01E8, 0x01E8, 0x0187, 0x0105, 0x00E5, 0x0083, 0x0042, 0x00E5,
  0x0947, 0x0042, 0x0021, 0x00E5, 0x00A4, 0x00A4, 0x00A3, 0x1209, 0x0A4A, 0x02AD, 0x01A9, 0x19E9, 0x1A4A, 0x0126, 0x0084, 0x0106,
  0x0168, 0x00C5, 0x0063, 0x0106, 0x0946, 0x0001, 0x0000, 0x0042, 0x0083, 0x0021, 0x0063, 0x00A4, 0x0083, 0x0041, 0x0021, 0x1082,
  0x0861, 0x0000, 0x0000, 0x0000, 0x0000, 0x0000, 0x0000, 0x0000, 0x0000, 0x0000, 0x0000, 0x0000, 0x0000, 0x0000, 0x0000, 0x0000,
  0x0000, 0x0000, 0x0000, 0x0000, 0x0000, 0x0000, 0x0000, 0x0000, 0x0000, 0x0000, 0x0000, 0x0000, 0x0000, 0x0000, 0x0000, 0x0841,
  0x0041, 0x0082, 0x0041, 0x0021, 0x0021, 0x08C4, 0x0925, 0x1146, 0x1146, 0x0926, 0x1166, 0x1167, 0x1166, 0x1187, 0x1166, 0x1146,
  0x1146, 0x1146, 0x1146, 0x1166, 0x1146, 0x1146, 0x2103, 0xDCC4, 0xFCC2, 0xF4E2, 0xFE48, 0xCD69, 0x3920, 0x6B44, 0x10C2, 0x08E3,
  0x08A2, 0x08C2, 0x1144, 0x08E3, 0x2163, 0x10E2, 0x2183, 0x1123, 0x5A43, 0xFF8D, 0x9382, 0x0001, 0x0882, 0x0041, 0x6B27, 0x6367,
  0x0922, 0x6B68, 0xFFD4, 0x4A43, 0x08C2, 0x08A1, 0x1923, 0x2102, 0x73A6, 0x1942, 0x0061, 0x0020, 0x39C4, 0x4285, 0x23A9, 0x658C,
  0xAECF, 0xAEF1, 0x4DCD, 0x16D3, 0x3796, 0x2652, 0x0631, 0x2DF1, 0x0B88, 0x0C0B, 0x0AA7, 0x0205, 0x0144, 0x0144, 0x00A2, 0x00A3,
  0x0186, 0x01C7, 0x01E7, 0x02EC, 0x028A, 0x0166, 0x01A7, 0x0166, 0x0105, 0x0146, 0x0105, 0x0146, 0x00C4, 0x0146, 0x00E5, 0x00A4,
  0x00C4, 0x00C4, 0x0083, 0x00A4, 0x0083, 0x0063, 0x0042, 0x0021, 0x0021, 0x0000, 0x0000, 0x0001, 0x0042, 0x0000, 0x0000, 0x1125,
  0x3229, 0x42AB, 0x4AAB, 0x4AEC, 0x4ACB, 0x3229, 0x1946, 0x0062, 0x0000, 0x0000, 0x0000, 0x0041, 0x0062, 0x0062, 0x0062, 0x0083,
  0x0062, 0x0021, 0x0000, 0x0001, 0x0042, 0x0042, 0x0042, 0x0001, 0x00C5, 0x1310, 0x0A8F, 0x0108, 0x0085, 0x00A5, 0x0084, 0x0084,
  0x00C6, 0x00A5, 0x0084, 0x0064, 0x0084, 0x0927, 0x19EA, 0x08C4, 0x0001, 0x0001, 0x0083, 0x00C4, 0x00E5, 0x0146, 0x0105, 0x01E9,
  0x0209, 0x01A7, 0x0166, 0x01E8, 0x0229, 0x0249, 0x0229, 0x01E8, 0x01C7, 0x01A7, 0x0126, 0x00C4, 0x00A4, 0x0042, 0x00E4, 0x0988,
  0x0084, 0x0042, 0x00A4, 0x0906, 0x6C10, 0x4B4D, 0x0062, 0x0063, 0x01A8, 0x0167, 0x00C5, 0x09A9, 0x0168, 0x0107, 0x09A9, 0x0188,
  0x00A4, 0x0084, 0x00E5, 0x0946, 0x0001, 0x0000, 0x0042, 0x0083, 0x0000, 0x0042, 0x00C5, 0x0063, 0x0042, 0x0062, 0x0021, 0x0021,
  0x2104, 0x0020, 0x0000, 0x0000, 0x0000, 0x0000, 0x0000, 0x0000, 0x0000, 0x0000, 0x0000, 0x0000, 0x0000, 0x0000, 0x0000, 0x0000,
  0x0000, 0x0000, 0x0000, 0x0000, 0x0000, 0x0000, 0x0000, 0x0000, 0x0000, 0x0000, 0x0000, 0x0000, 0x0000, 0x0000, 0x0841, 0x0041,
  0x0062, 0x0062, 0x0021, 0x0021, 0x0042, 0x0905, 0x0925, 0x1167, 0x1166, 0x1146, 0x1167, 0x1166, 0x1167, 0x1987, 0x1166, 0x1146,
  0x1146, 0x1146, 0x1146, 0x1146, 0x1166, 0x00E5, 0x6AA4, 0xFCE3, 0xF4C3, 0xF481, 0xFF2B, 0x9B85, 0x2941, 0x62E4, 0x08A2, 0x0904,
  0x08C3, 0x1124, 0x0904, 0x1103, 0x1923, 0x08A1, 0x29A3, 0x1143, 0x49C2, 0xFF4D, 0xAC23, 0x0000, 0x0041, 0x7B47, 0x6B26, 0x19C4,
  0x4265, 0xF732, 0x7BA7, 0x00C2, 0x08C2, 0x10E2, 0x1902, 0x5B25, 0x21A2, 0x0041, 0x0081, 0x08A1, 0x6306, 0x1AA6, 0x3D0B, 0x862C,
  0xA6CF, 0x8E2E, 0x35AE, 0x26D3, 0x7F54, 0xA6D1, 0x3D2D, 0x1C8C, 0x0348, 0x0308, 0x0267, 0x01A4, 0x0164, 0x0144, 0x00A2, 0x0082,
  0x0145, 0x0249, 0x0249, 0x01A7, 0x02AB, 0x0229, 0x0166, 0x0105, 0x0166, 0x0187, 0x0125, 0x0105, 0x00E4, 0x00E4, 0x0105, 0x00E4,
  0x00A3, 0x00A3, 0x00A3, 0x0083, 0x00A3, 0x0062, 0x0000, 0x0000, 0x0042, 0x29C8, 0x532D, 0x63F0, 0x4B2E, 0x08A3, 0x0000, 0x0000,
  0x0000, 0x0000, 0x0000, 0x0000, 0x0000, 0x0000, 0x0001, 0x0062, 0x08C4, 0x1105, 0x1105, 0x1105, 0x1125, 0x0905, 0x0905, 0x1126,
  0x1147, 0x1167, 0x1126, 0x08A4, 0x0021, 0x0001, 0x0001, 0x0042, 0x0022, 0x0083, 0x12AE, 0x1C14, 0x0AEF, 0x018B, 0x0149, 0x0128,
  0x018A, 0x0169, 0x00E7, 0x0085, 0x0084, 0x00C5, 0x09CA, 0x1AAD, 0x228C, 0x0905, 0x0000, 0x0042, 0x0126, 0x01E9, 0x01C8, 0x01A7,
  0x01C8, 0x01A8, 0x01A7, 0x01E8, 0x01E8, 0x01A7, 0x01A7, 0x01C8, 0x0146, 0x0126, 0x00E5, 0x00E6, 0x0022, 0x00C4, 0x0988, 0x0063,
  0x0022, 0x0083, 0x0063, 0x63F0, 0x74B2, 0x08C4, 0x0021, 0x0063, 0x00A4, 0x11A8, 0x11E9, 0x0147, 0x09CA, 0x0A4C, 0x0947, 0x0084,
  0x00A5, 0x0106, 0x0946, 0x0001, 0x0000, 0x0842, 0x0883, 0x0000, 0x0042, 0x00C5, 0x0084, 0x0063, 0x0083, 0x0042, 0x0041, 0x0001,
  0x0041, 0x0861, 0x0000, 0x0000, 0x0000, 0x0000, 0x0000, 0x0000, 0x0000, 0x0000, 0x0000, 0x0000, 0x0000, 0x0000, 0x0000, 0x0000,
  0x0000, 0x0000, 0x0000, 0x0000, 0x0000, 0x0000, 0x0000, 0x0000, 0x0000, 0x0000, 0x0000, 0x0000, 0x0000, 0x0861, 0x0861, 0x0041,
  0x0062, 0x0041, 0x0022, 0x0021, 0x08A3, 0x0926, 0x0925, 0x1187, 0x1987, 0x0926, 0x1166, 0x1166, 0x1166, 0x1187, 0x1166, 0x1146,
  0x1146, 0x0925, 0x1146, 0x1146, 0x1166, 0x10C3, 0xC464, 0xFC82, 0xF4E4, 0xFC81, 0xFF8D, 0x59E1, 0x2982, 0x5283, 0x00A3, 0x0924,
  0x0903, 0x1964, 0x10E3, 0x1943, 0x0881, 0x0020, 0x10A1, 0x1983, 0x3981, 0xEEEF, 0xC505, 0x0820, 0x7BA7, 0x7325, 0x2A04, 0x29C3,
  0xD62F, 0xAD0B, 0x00C0, 0x00C2, 0x08E3, 0x1122, 0x42A4, 0x21C3, 0x0061, 0x0061, 0x0040, 0x39C4, 0x5B48, 0x13E8, 0x2C89, 0x966E,
  0x9E8D, 0x4D4B, 0x156C, 0x1DAE, 0xBF12, 0xEF72, 0x4429, 0x044B, 0x0BCA, 0x02E8, 0x0287, 0x01A5, 0x01C5, 0x0144, 0x00E3, 0x0062,
  0x00E4, 0x01A7, 0x0208, 0x0166, 0x00C4, 0x0208, 0x028A, 0x0187, 0x0146, 0x00E4, 0x00E4, 0x0126, 0x0125, 0x00C4, 0x00A3, 0x00C4,
  0x00A3, 0x00A4, 0x00A4, 0x0022, 0x0000, 0x08A4, 0x3A4A, 0x3B0E, 0x8535, 0x7CD4, 0x42CC, 0x1925, 0x0021, 0x0000, 0x0000, 0x0000,
  0x0000, 0x0021, 0x0862, 0x08A3, 0x10E4, 0x10E4, 0x08C4, 0x08A3, 0x0062, 0x0062, 0x0021, 0x0000, 0x0000, 0x0000, 0x0000, 0x0000,
  0x0000, 0x0021, 0x08C3, 0x19A8, 0x19C9, 0x1126, 0x0083, 0x0022, 0x0002, 0x0001, 0x0000, 0x0106, 0x1C34, 0x1D17, 0x0BF4, 0x0352,
  0x022E, 0x01EC, 0x01CB, 0x0149, 0x0128, 0x0189, 0x020B, 0x12CE, 0x12AE, 0x3370, 0x2AED, 0x11A8, 0x0906, 0x00E5, 0x0126, 0x0146,
  0x01A8, 0x0187, 0x0209, 0x028B, 0x0229, 0x0209, 0x0187, 0x0105, 0x00A4, 0x0063, 0x0988, 0x00C5, 0x0084, 0x09A9, 0x00C5, 0x0042,
  0x0084, 0x0063, 0x0063, 0x00E5, 0x0064, 0x0063, 0x0042, 0x0927, 0x1A6C, 0x1A8C, 0x0988, 0x09A9, 0x09EA, 0x00A5, 0x0084, 0x00C5,
  0x0126, 0x0967, 0x0021, 0x0000, 0x0820, 0x1082, 0x0001, 0x0022, 0x00C5, 0x00A4, 0x0063, 0x00A4, 0x0042, 0x0062, 0x0042, 0x0000,
  0x1840, 0x38A2, 0x0000, 0x0000, 0x0000, 0x0000, 0x0000, 0x0000, 0x0000, 0x0000, 0x0000, 0x0000, 0x0000, 0x0000, 0x0000, 0x0000,
  0x0000, 0x0000, 0x0000, 0x0000, 0x0000, 0x0000, 0x0000, 0x0000, 0x0000, 0x0000, 0x0000, 0x0000, 0x0000, 0x10A2, 0x0041, 0x0062,
  0x0062, 0x0021, 0x0021, 0x0042, 0x0905, 0x1125, 0x1125, 0x1167, 0x19C8, 0x1146, 0x1146, 0x1146, 0x1167, 0x1167, 0x1166, 0x1146,
  0x1146, 0x1146, 0x1146, 0x1166, 0x0905, 0x49C3, 0xFD44, 0xF401, 0xFCA2, 0xFD43, 0xF6EC, 0x2880, 0x31C2, 0x5283, 0x00A2, 0x08E3,
  0x1144, 0x1144, 0x1963, 0x10E2, 0x0021, 0x0041, 0x0000, 0x1123, 0x2940, 0xDE4E, 0xDDA7, 0x9C27, 0x7B85, 0x3244, 0x2A04, 0x9448,
  0xDE6E, 0x1921, 0x00C2, 0x00C2, 0x10E1, 0x42C4, 0x21E3, 0x08C1, 0x0040, 0x0061, 0x0040, 0x7328, 0x3368, 0x1CCB, 0x454B, 0x968F,
  0x866D, 0x34EB, 0x152D, 0x25CE, 0x552D, 0x3BA8, 0x0286, 0x0B69, 0x0246, 0x02A8, 0x0246, 0x01A5, 0x01E6, 0x0144, 0x00E3, 0x0041,
  0x00C4, 0x0125, 0x0125, 0x0166, 0x01E8, 0x00C3, 0x01E8, 0x028B, 0x0229, 0x01E8, 0x0146, 0x0166, 0x0146, 0x0125, 0x00C4, 0x00A3,
  0x0083, 0x0042, 0x0001, 0x1925, 0x73F0, 0xA5B7, 0x7CD4, 0x2209, 0x1105, 0x0001, 0x0000, 0x0000, 0x0000, 0x0020, 0x0041, 0x0882,
  0x0882, 0x0062, 0x0862, 0x0042, 0x0021, 0x0000, 0x0000, 0x0000, 0x0000, 0x0000, 0x0000, 0x0000, 0x0000, 0x0000, 0x0000, 0x0000,
  0x0000, 0x0000, 0x0000, 0x0000, 0x0083, 0x1167, 0x19E9, 0x224A, 0x222A, 0x19C8, 0x1125, 0x0062, 0x0042, 0x0A4C, 0x14B5, 0x1DB9,
  0x1D99, 0x14B5, 0x0C13, 0x0BB1, 0x0B91, 0x1BD2, 0x3CD5, 0x4516, 0x2C13, 0x12AD, 0x126D, 0x1AEF, 0x230F, 0x226C, 0x11C9, 0x1A2A,
  0x22AC, 0x09E9, 0x0A4A, 0x0A4A, 0x0187, 0x00C4, 0x0063, 0x0063, 0x0083, 0x11A8, 0x00E5, 0x0084, 0x00E5, 0x0084, 0x0002, 0x0023,
  0x0064, 0x0043, 0x0042, 0x0042, 0x0063, 0x0084, 0x11A9, 0x1A4D, 0x0148, 0x0127, 0x09EA, 0x0106, 0x0043, 0x00E6, 0x00E5, 0x0106,
  0x0967, 0x0022, 0x0000, 0x1040, 0x2081, 0x0001, 0x0022, 0x00A4, 0x00C5, 0x0063, 0x00E5, 0x0083, 0x0063, 0x0022, 0x0000, 0x50C1,
  0x60A0, 0x2061, 0x18C3, 0x0000, 0x0000, 0x0000, 0x0000, 0x0000, 0x0000, 0x0000, 0x0000, 0x0000, 0x0000, 0x0000, 0x0000, 0x0000,
  0x0000, 0x0000, 0x0000, 0x0000, 0x0000, 0x0000, 0x0000, 0x0000, 0x0000, 0x0000, 0x0000, 0x0000, 0x0841, 0x0041, 0x0041, 0x0082,
  0x0062, 0x0021, 0x0021, 0x08A3, 0x0925, 0x1146, 0x1166, 0x1166, 0x19A7, 0x1166, 0x1146, 0x1146, 0x1166, 0x1187, 0x1166, 0x1146,
  0x1146, 0x1146, 0x1146, 0x1166, 0x08A4, 0xA3A4, 0xFD23, 0xEBA1, 0xFC00, 0xFE26, 0xCD68, 0x1000, 0x3A03, 0x4A63, 0x1944, 0x2184,
  0x1123, 0x1123, 0x1943, 0x0041, 0x0021, 0x0041, 0x0000, 0x08C2, 0x1900, 0xB52A, 0xFEA9, 0x9C05, 0x29C3, 0x4326, 0x5B04, 0xEEEE,
  0x52C4, 0x00E2, 0x0903, 0x0081, 0x3A84, 0x2A23, 0x08E2, 0x0902, 0x0081, 0x0000, 0x41E4, 0x6BA8, 0x0388, 0x148A, 0x3D4C, 0x3D2B,
  0x3CCA, 0x246A, 0x148A, 0x4DAE, 0x1C4A, 0x0286, 0x01E5, 0x01C5, 0x0226, 0x0267, 0x0226, 0x01A5, 0x01A5, 0x0144, 0x00C3, 0x0000,
  0x00A3, 0x00E4, 0x0104, 0x0249, 0x01A6, 0x00A3, 0x0125, 0x0125, 0x0187, 0x01A8, 0x0105, 0x00E4, 0x0126, 0x00E5, 0x0063, 0x0000,
  0x0041, 0x3A09, 0x94D3, 0xB5F8, 0x7431, 0x1946, 0x0001, 0x0000, 0x0000, 0x0021, 0x0021, 0x0021, 0x0021, 0x0021, 0x0021, 0x0020,
  0x0000, 0x0000, 0x0000, 0x0000, 0x0000, 0x0000, 0x0000, 0x0000, 0x0000, 0x0000, 0x0000, 0x0000, 0x0000, 0x0000, 0x0000, 0x0000,
  0x0000, 0x0000, 0x0000, 0x0000, 0x0000, 0x0000, 0x0000, 0x0062, 0x0905, 0x1167, 0x1126, 0x00A4, 0x0042, 0x0000, 0x0084, 0x020B,
  0x0B71, 0x1434, 0x0C54, 0x14B5, 0x1C13, 0x1AAD, 0x3B8F, 0x43F1, 0x3390, 0x2B2F, 0x1AAE, 0x0189, 0x00C6, 0x00C5, 0x00A4, 0x00C5,
  0x00C4, 0x0021, 0x0042, 0x0063, 0x0022, 0x0021, 0x00C5, 0x0968, 0x11A9, 0x00A4, 0x0042, 0x0042, 0x0000, 0x0001, 0x29A8, 0x538F,
  0x1A0B, 0x0063, 0x0083, 0x0063, 0x00A5, 0x09CA, 0x0968, 0x0085, 0x0A4C, 0x1B91, 0x126D, 0x00C5, 0x0127, 0x00E6, 0x00E5, 0x00E5,
  0x0001, 0x0000, 0x1861, 0x30C1, 0x0001, 0x0022, 0x0083, 0x00E5, 0x0083, 0x08E5, 0x00A4, 0x0083, 0x0001, 0x3881, 0xA182, 0x70E1,
  0x1000, 0x0000, 0x10A3, 0x0841, 0x0000, 0x0000, 0x0000, 0x0000, 0x0000, 0x0000, 0x0000, 0x0000, 0x0000, 0x0000, 0x0000, 0x0000,
  0x0000, 0x0000, 0x0000, 0x0000, 0x0000, 0x0000, 0x0000, 0x0000, 0x0000, 0x0000, 0x0000, 0x0000, 0x0862, 0x0041, 0x0061, 0x0082,
  0x0041, 0x0021, 0x0042, 0x0925, 0x0926, 0x1146, 0x1126, 0x1166, 0x1166, 0x1146, 0x1126, 0x1146, 0x1166, 0x1187, 0x1166, 0x1146,
  0x1166, 0x1125, 0x1146, 0x0926, 0x2923, 0xED65, 0xF483, 0xEB80, 0xF3C0, 0xFEEA, 0x9BA6, 0x0000, 0x4243, 0x6305, 0x19C5, 0x21A4,
  0x1123, 0x1103, 0x0881, 0x0021, 0x0041, 0x0041, 0x0021, 0x08A2, 0x08E1, 0x9C88, 0xE62A, 0x3140, 0x3285, 0x3A63, 0xC589, 0x9CA8,
  0x0122, 0x0943, 0x0061, 0x2A03, 0x3264, 0x0902, 0x0902, 0x1163, 0x00A1, 0x0840, 0x83E9, 0x1204, 0x0C4B, 0x148B, 0x1C6A, 0x2C89,
  0x4CCA, 0x0B67, 0x24AB, 0x3CCB, 0x0B89, 0x02C7, 0x0266, 0x01C5, 0x0A46, 0x0226, 0x01C5, 0x0184, 0x0184, 0x0123, 0x0021, 0x0000,
  0x0041, 0x00A3, 0x00C3, 0x0186, 0x01A7, 0x0145, 0x0186, 0x00E4, 0x00C4, 0x00C4, 0x0062, 0x0042, 0x0042, 0x0022, 0x1905, 0x634D,
  0xB5B7, 0xADB7, 0x636E, 0x08E4, 0x0000, 0x0001, 0x0041, 0x0021, 0x0000, 0x0000, 0x0000, 0x0000, 0x0000, 0x0000, 0x0000, 0x0000,
  0x0000, 0x0000, 0x0000, 0x0000, 0x0000, 0x0000, 0x0020, 0x0021, 0x0021, 0x0021, 0x0021, 0x0021, 0x0001, 0x0001, 0x0001, 0x0001,
  0x0021, 0x0001, 0x0000, 0x0000, 0x0000, 0x0000, 0x0000, 0x0000, 0x0000, 0x0000, 0x0000, 0x0000, 0x0000, 0x0000, 0x0000, 0x0000,
  0x0083, 0x0106, 0x0989, 0x09AA, 0x01AA, 0x0107, 0x0000, 0x0000, 0x0000, 0x0001, 0x0063, 0x0989, 0x2AAD, 0x1147, 0x08C4, 0x08C4,
  0x0083, 0x0062, 0x0083, 0x00A4, 0x0905, 0x00A4, 0x0926, 0x0947, 0x0021, 0x0001, 0x0022, 0x0041, 0x1945, 0x4B6E, 0x53F1, 0x22EE,
  0x09A9, 0x00A5, 0x1168, 0x0968, 0x0A4D, 0x01AB, 0x09CA, 0x1BB2, 0x1B92, 0x0A2C, 0x0107, 0x0189, 0x0106, 0x0127, 0x00C5, 0x0000,
  0x0000, 0x30A1, 0x4901, 0x0001, 0x0022, 0x0063, 0x00E5, 0x0063, 0x08C5, 0x00C5, 0x0043, 0x1001, 0x9A03, 0xE283, 0x60A0, 0x0000,
  0x0000, 0x0000, 0x0041, 0x1082, 0x0000, 0x0000, 0x0000, 0x0000, 0x0000, 0x0000, 0x0000, 0x0000, 0x0000, 0x0000, 0x0000, 0x0000,
  0x0000, 0x0000, 0x0000, 0x0000, 0x0000, 0x0000, 0x0000, 0x0000, 0x0000, 0x0000, 0x0000, 0x0020, 0x0041, 0x0041, 0x0062, 0x0082,
  0x0021, 0x0021, 0x00A3, 0x1167, 0x0925, 0x1166, 0x1126, 0x1166, 0x1187, 0x1146, 0x1146, 0x1166, 0x1166, 0x1166, 0x1146, 0x1145,
  0x1125, 0x1125, 0x1146, 0x00C4, 0x82A3, 0xFE06, 0xE403, 0xEB60, 0xF420, 0xFF6D, 0x6A43, 0x0020, 0x31C2, 0x6346, 0x1164, 0x19A4,
  0x1984, 0x0882, 0x0082, 0x0021, 0x0021, 0x0021, 0x0021, 0x0061, 0x08E1, 0x8BE6, 0xD60C, 0x29A2, 0x3265, 0x7384, 0xCDE8, 0x19C2,
  0x0984, 0x0061, 0x2182, 0x3284, 0x1122, 0x0902, 0x11A4, 0x19E4, 0x0081, 0x6B27, 0x5AA6, 0x01A4, 0x0B48, 0x0388, 0x0BA8, 0x3489,
  0x3C89, 0x0347, 0x142A, 0x13A9, 0x0328, 0x0286, 0x0205, 0x01A4, 0x0184, 0x0226, 0x01E5, 0x0164, 0x0184, 0x0103, 0x0021, 0x0000,
  0x0041, 0x0082, 0x00C3, 0x0105, 0x0187, 0x0186, 0x00A2, 0x0021, 0x0042, 0x0083, 0x0042, 0x0000, 0x0882, 0x8C51, 0xB5B6, 0x8492,
  0x3A09, 0x0021, 0x0000, 0x0000, 0x0021, 0x0000, 0x0000, 0x0000, 0x0000, 0x0000, 0x0000, 0x0000, 0x0000, 0x0020, 0x0041, 0x0041,
  0x0041, 0x0861, 0x0862, 0x0882, 0x08A3, 0x08A3, 0x08A3, 0x10A3, 0x10C3, 0x10C3, 0x08A3, 0x08A3, 0x08A3, 0x08A3, 0x10A3, 0x10C4,
  0x10C4, 0x08C4, 0x08A3, 0x08A3, 0x08A4, 0x08A4, 0x08A3, 0x0882, 0x0021, 0x0020, 0x0000, 0x0000, 0x0000, 0x0000, 0x0000, 0x0000,
  0x0000, 0x0000, 0x0021, 0x0062, 0x00A4, 0x00E5, 0x1146, 0x08E4, 0x0082, 0x0042, 0x0042, 0x0063, 0x1125, 0x1167, 0x32CC, 0x436F,
  0x32CD, 0x222A, 0x1167, 0x0063, 0x0042, 0x00A4, 0x1126, 0x19E9, 0x1188, 0x19A9, 0x21EA, 0x2A6B, 0x222B, 0x1167, 0x0148, 0x00A5,
  0x00A5, 0x01CB, 0x028E, 0x0B10, 0x1BB3, 0x2435, 0x1B92, 0x124D, 0x0969, 0x0148, 0x0989, 0x00C5, 0x00E6, 0x00E6, 0x0001, 0x0000,
  0x5141, 0x5942, 0x0001, 0x0042, 0x0063, 0x00A4, 0x0083, 0x00A4, 0x00A4, 0x0002, 0x5922, 0xE3C6, 0xD2A3, 0x3820, 0x0000, 0x0000,
  0x0000, 0x0000, 0x0000, 0x18C3, 0x1082, 0x0000, 0x0000, 0x0000, 0x0000, 0x0000, 0x0000, 0x0000, 0x0000, 0x0000, 0x0000, 0x0000,
  0x0000, 0x0000, 0x0000, 0x0000, 0x0000, 0x0000, 0x0000, 0x0000, 0x0000, 0x0000, 0x0000, 0x0041, 0x0041, 0x0062, 0x0883, 0x0062,
  0x0021, 0x0021, 0x0905, 0x1187, 0x1146, 0x1146, 0x1187, 0x1167, 0x1187, 0x1166, 0x0925, 0x1146, 0x1166, 0x1166, 0x1146, 0x1145,
  0x1125, 0x1125, 0x1146, 0x18C3, 0xD463, 0xFDC5, 0xDB62, 0xF360, 0xFD24, 0xF70E, 0x4120, 0x0041, 0x29A2, 0x6387, 0x00C2, 0x3246,
  0x2A25, 0x0041, 0x08A2, 0x0061, 0x0020, 0x0021, 0x0020, 0x0020, 0x08C1, 0x6304, 0xDE4D, 0x5305, 0x3A84, 0xD608, 0x6B84, 0x0963,
  0x08E2, 0x08A1, 0x32A4, 0x1183, 0x0902, 0x1163, 0x1A04, 0x1A25, 0x3A44, 0x9C8A, 0x00A0, 0x02C7, 0x02C7, 0x01C3, 0x1BA7, 0x3CAA,
  0x0B87, 0x0327, 0x0388, 0x0AE7, 0x1BCA, 0x0AA7, 0x01E5, 0x0226, 0x01A4, 0x01E5, 0x0A87, 0x0A26, 0x0A06, 0x0103, 0x0041, 0x0000,
  0x0000, 0x0041, 0x0082, 0x0146, 0x0166, 0x0082, 0x0000, 0x0000, 0x0000, 0x0000, 0x0021, 0x1904, 0x0082, 0x2166, 0x08A3, 0x0000,
  0x0000, 0x0000, 0x0020, 0x0000, 0x0000, 0x0000, 0x0000, 0x0000, 0x0000, 0x0020, 0x0021, 0x0841, 0x0841, 0x0041, 0x0021, 0x0020,
  0x0020, 0x0000, 0x0000, 0x0000, 0x0000, 0x0000, 0x0000, 0x0000, 0x0000, 0x0000, 0x0000, 0x0000, 0x0000, 0x0000, 0x0000, 0x0000,
  0x0000, 0x0000, 0x0000, 0x0000, 0x0000, 0x0020, 0x0020, 0x0021, 0x0021, 0x0021, 0x0021, 0x0020, 0x0000, 0x0000, 0x0000, 0x0000,
  0x0000, 0x0000, 0x0000, 0x0000, 0x0000, 0x0000, 0x0000, 0x0041, 0x0061, 0x08A3, 0x08A3, 0x0042, 0x0000, 0x0000, 0x0000, 0x0021,
  0x0021, 0x0000, 0x0000, 0x0042, 0x0021, 0x0000, 0x0001, 0x0021, 0x0062, 0x0883, 0x00A5, 0x0107, 0x0107, 0x0107, 0x01EC, 0x0AAE,
  0x13D3, 0x1456, 0x1456, 0x1415, 0x1392, 0x0A4D, 0x0A0C, 0x09EC, 0x098A, 0x0127, 0x0063, 0x00A4, 0x0083, 0x0000, 0x1020, 0x81E2,
  0x6142, 0x0001, 0x0042, 0x0042, 0x0083, 0x0083, 0x00A4, 0x0043, 0x2041, 0xAAC4, 0xF467, 0xA182, 0x1800, 0x0001, 0x0021, 0x0001,
  0x0001, 0x0021, 0x0000, 0x0841, 0x2925, 0x0000, 0x0000, 0x0000, 0x0000, 0x0000, 0x0000, 0x0000, 0x0000, 0x0000, 0x0000, 0x0000,
  0x0000, 0x0000, 0x0000, 0x0000, 0x0000, 0x0000, 0x0000, 0x0000, 0x0000, 0x0000, 0x0020, 0x0041, 0x0041, 0x0082, 0x08A3, 0x0042,
  0x0001, 0x0083, 0x1146, 0x1167, 0x1166, 0x1126, 0x1187, 0x1167, 0x1187, 0x0925, 0x1925, 0x1986, 0x1146, 0x1166, 0x1146, 0x1146,
  0x1125, 0x1146, 0x00E5, 0x51C3, 0xFD43, 0xF544, 0xDAE0, 0xFB80, 0xFE28, 0xD5AA, 0x2040, 0x0061, 0x3203, 0x6C07, 0x1143, 0x19A4,
  0x1143, 0x0082, 0x08C2, 0x08A2, 0x0020, 0x0021, 0x0020, 0x0000, 0x0081, 0x3A22, 0xDE8E, 0x52E5, 0x73A6, 0xDE6A, 0x2A23, 0x11A4,
  0x0060, 0x2A23, 0x19E3, 0x0923, 0x1163, 0x11A3, 0x1A04, 0x19A3, 0xA4EB, 0x29A2, 0x0143, 0x02A7, 0x0AE8, 0x0224, 0x0B26, 0x0B87,
  0x0388, 0x0BC9, 0x1348, 0x01C4, 0x0225, 0x1B68, 0x0245, 0x0184, 0x0184, 0x01C4, 0x2B28, 0x11C4, 0x0164, 0x00E3, 0x0021, 0x0000,
  0x0000, 0x0000, 0x0021, 0x0062, 0x0041, 0x0021, 0x0001, 0x0000, 0x0000, 0x0882, 0x3A49, 0x19A7, 0x0083, 0x0000, 0x0001, 0x0021,
  0x0000, 0x0000, 0x0000, 0x0000, 0x0000, 0x0020, 0x0020, 0x0020, 0x0020, 0x0000, 0x0000, 0x0000, 0x0000, 0x0000, 0x0000, 0x0000,
  0x0000, 0x0000, 0x0000, 0x0000, 0x0000, 0x0000, 0x0000, 0x0000, 0x0000, 0x0000, 0x0000, 0x0000, 0x0000, 0x0000, 0x0000, 0x0000,
  0x0000, 0x0000, 0x0000, 0x0000, 0x0000, 0x0000, 0x0000, 0x0000, 0x0000, 0x0000, 0x0000, 0x0000, 0x0000, 0x0020, 0x0020, 0x0020,
  0x0020, 0x0000, 0x0000, 0x0000, 0x0000, 0x0000, 0x0000, 0x0000, 0x0000, 0x0000, 0x0820, 0x0000, 0x0000, 0x0000, 0x0000, 0x0021,
  0x0021, 0x0021, 0x0001, 0x0000, 0x0000, 0x0000, 0x0022, 0x0043, 0x00C5, 0x0989, 0x12AE, 0x1372, 0x13D4, 0x1C96, 0x1D59, 0x1CD8,
  0x13B3, 0x1351, 0x0A4D, 0x01AB, 0x124D, 0x1AF0, 0x126E, 0x0169, 0x00C6, 0x0084, 0x00E6, 0x0042, 0x0000, 0x4101, 0xAA83, 0x5101,
  0x0001, 0x0063, 0x0043, 0x0063, 0x00A4, 0x0084, 0x1002, 0x71A3, 0xE407, 0xD325, 0x6840, 0x1000, 0x0021, 0x0042, 0x0021, 0x0021,
  0x0042, 0x0021, 0x0001, 0x0000, 0x10A3, 0x0841, 0x0000, 0x0000, 0x0000, 0x0000, 0x0000, 0x0000, 0x0000, 0x0000, 0x0000, 0x0000,
  0x0000, 0x0000, 0x0000, 0x0000, 0x0000, 0x0000, 0x0000, 0x0000, 0x0000, 0x0020, 0x0882, 0x0041, 0x0062, 0x08A3, 0x08A3, 0x0021,
  0x0021, 0x08E5, 0x1166, 0x1167, 0x19A7, 0x1146, 0x1167, 0x1187, 0x1167, 0x08E4, 0x2186, 0x2186, 0x1966, 0x1166, 0x1166, 0x1146,
  0x1146, 0x1166, 0x00A3, 0xAB22, 0xFD83, 0xECE5, 0xE2C0, 0xFBA0, 0xFEEB, 0xAC26, 0x0800, 0x0040, 0x3203, 0x53A6, 0x1983, 0x4AE5,
  0x2183, 0x00A2, 0x08C2, 0x08C2, 0x0021, 0x0000, 0x0000, 0x0000, 0x0081, 0x29C1, 0xDE8D, 0x6B46, 0xA4E7, 0x94E7, 0x1204, 0x08E2,
  0x21A2, 0x2A43, 0x1143, 0x1143, 0x0963, 0x1A04, 0x11A3, 0x8C69, 0x6367, 0x0080, 0x0205, 0x0246, 0x01C4, 0x01E4, 0x0B46, 0x0326,
  0x0BA8, 0x0AE7, 0x0AA6, 0x0225, 0x01E4, 0x02C6, 0x02E6, 0x01C4, 0x0143, 0x0A46, 0x01C4, 0x0164, 0x0144, 0x0061, 0x0000, 0x0000,
  0x0021, 0x0001, 0x0000, 0x0000, 0x0000, 0x0000, 0x0000, 0x0041, 0x08A3, 0x0925, 0x00E4, 0x0062, 0x0021, 0x0000, 0x0000, 0x0000,
  0x0000, 0x0000, 0x0021, 0x0021, 0x0020, 0x0000, 0x0000, 0x0000, 0x0000, 0x0000, 0x0000, 0x0000, 0x0000, 0x0000, 0x0000, 0x0000,
  0x0000, 0x0000, 0x0000, 0x0000, 0x0000, 0x0000, 0x0000, 0x0000, 0x0000, 0x0000, 0x0000, 0x0000, 0x0000, 0x0000, 0x0000, 0x0000,
  0x0000, 0x0000, 0x0000, 0x0000, 0x0000, 0x0000, 0x0000, 0x0000, 0x0000, 0x0000, 0x0000, 0x0000, 0x0000, 0x0000, 0x0000, 0x0000,
  0x0000, 0x0020, 0x0020, 0x0020, 0x0020, 0x0000, 0x0000, 0x0000, 0x0000, 0x0000, 0x0000, 0x0000, 0x0820, 0x0020, 0x0000, 0x0000,
  0x0021, 0x0042, 0x2A2B, 0x3B70, 0x1AAE, 0x0A8D, 0x0AF0, 0x0B92, 0x0BD3, 0x1455, 0x2538, 0x1D39, 0x259A, 0x2D38, 0x13F3, 0x0ACF,
  0x0A0C, 0x120B, 0x1A8E, 0x2351, 0x1B10, 0x0A0B, 0x0107, 0x0064, 0x00A5, 0x00C6, 0x0002, 0x2881, 0xA2E4, 0xD343, 0x3880, 0x0001,
  0x0042, 0x0063, 0x0084, 0x0084, 0x0002, 0x5903, 0xD3E7, 0xF448, 0x9142, 0x3000, 0x0801, 0x0022, 0x0042, 0x0043, 0x0022, 0x0042,
  0x0042, 0x0021, 0x0021, 0x0000, 0x0841, 0x2966, 0x0000, 0x0000, 0x0000, 0x0000, 0x0000, 0x0000, 0x0000, 0x0000, 0x0000, 0x0000,
  0x0000, 0x0000, 0x0000, 0x0000, 0x0000, 0x0000, 0x0000, 0x0000, 0x0000, 0x0841, 0x0862, 0x0062, 0x0883, 0x08C3, 0x0083, 0x0021,
  0x0042, 0x1146, 0x1166, 0x1166, 0x19A7, 0x1167, 0x1167, 0x1187, 0x0925, 0x1925, 0x1986, 0x1965, 0x1986, 0x1146, 0x1166, 0x1146,
  0x1146, 0x0925, 0x3142, 0xEC62, 0xFDC5, 0xEC44, 0xE2E0, 0xF400, 0xFF4C, 0x7262, 0x0020, 0x0020, 0x2A02, 0x53E5, 0x21A2, 0xB5C7,
  0x8467, 0x0062, 0x08C2, 0x1103, 0x0000, 0x0020, 0x0000, 0x0000, 0x0060, 0x1961, 0xBDCA, 0x9CAA, 0x9CC6, 0x4B25, 0x0983, 0x08C1,
  0x2A23, 0x1183, 0x1143, 0x0903, 0x21E5, 0x11C4, 0x6346, 0x9468, 0x0060, 0x0102, 0x0266, 0x0225, 0x01C4, 0x0265, 0x02C6, 0x0265,
  0x02C6, 0x0204, 0x0204, 0x0AE7, 0x0B07, 0x0A65, 0x0224, 0x0225, 0x0164, 0x01C5, 0x01A4, 0x01C5, 0x0082, 0x0021, 0x0000, 0x0000,
  0x0063, 0x0063, 0x0021, 0x0000, 0x0000, 0x0000, 0x0062, 0x00E5, 0x00E4, 0x0062, 0x0021, 0x0000, 0x0000, 0x0000, 0x0000, 0x0021,
  0x0041, 0x0021, 0x0000, 0x0000, 0x0000, 0x0000, 0x0000, 0x0000, 0x0000, 0x0000, 0x0000, 0x0000, 0x0000, 0x0000, 0x0000, 0x0000,
  0x0000, 0x0000, 0x0000, 0x0000, 0x0000, 0x0000, 0x0000, 0x0000, 0x0000, 0x0000, 0x0000, 0x0000, 0x0000, 0x0000, 0x0000, 0x0000,
  0x0000, 0x0000, 0x0000, 0x0000, 0x0000, 0x0000, 0x0000, 0x0000, 0x0000, 0x0000, 0x0000, 0x0000, 0x0000, 0x0000, 0x0000, 0x0000,
  0x0000, 0x0000, 0x0000, 0x0000, 0x0020, 0x0820, 0x0820, 0x0820, 0x0020, 0x0000, 0x0800, 0x0800, 0x0800, 0x0820, 0x0820, 0x0820,
  0x0820, 0x0021, 0x08A4, 0x328B, 0x4C33, 0x4D17, 0x4579, 0x3D59, 0x2CB7, 0x2C96, 0x2496, 0x1372, 0x12CF, 0x128E, 0x1AAF, 0x22EF,
  0x2310, 0x1AEF, 0x124C, 0x0948, 0x00E6, 0x00C5, 0x00A5, 0x00A5, 0x0023, 0x2861, 0x9AE4, 0xF4E8, 0xCAE3, 0x2820, 0x0022, 0x0042,
  0x0063, 0x0084, 0x0043, 0x38A2, 0xB325, 0xFD09, 0xBA85, 0x4800, 0x1800, 0x0821, 0x0022, 0x0084, 0x0042, 0x0022, 0x00A4, 0x0063,
  0x0021, 0x0021, 0x0001, 0x0000, 0x0041, 0x10C3, 0x0020, 0x0000, 0x0000, 0x0000, 0x0000, 0x0000, 0x0000, 0x0000, 0x0000, 0x0000,
  0x0000, 0x0000, 0x0000, 0x0000, 0x0000, 0x0000, 0x0000, 0x0000, 0x0000, 0x0861, 0x0041, 0x0882, 0x08A3, 0x08C4, 0x0062, 0x0021,
  0x08A3, 0x1166, 0x1166, 0x1166, 0x19A7, 0x1187, 0x1167, 0x1167, 0x08E4, 0x2165, 0x1986, 0x1145, 0x1965, 0x1945, 0x1146, 0x1146,
  0x1146, 0x00C4, 0x8AC2, 0xFCC2, 0xFE06, 0xE3A2, 0xE2E0, 0xFCE2, 0xFF2C, 0x4921, 0x0861, 0x0840, 0x32A3, 0x64A6, 0x19C2, 0xA588,
  0x94E8, 0x0062, 0x1103, 0x21A3, 0x0000, 0x0000, 0x0000, 0x0000, 0x0040, 0x1120, 0x94C8, 0xCDEC, 0x8445, 0x2284, 0x0102, 0x2182,
  0x19C4, 0x1164, 0x1123, 0x1143, 0x2205, 0x42C6, 0xA4EA, 0x08C1, 0x0020, 0x0184, 0x0246, 0x0205, 0x0225, 0x0266, 0x0184, 0x0163,
  0x0265, 0x0AE7, 0x0204, 0x0245, 0x0A86, 0x0163, 0x01C4, 0x0143, 0x0102, 0x0123, 0x0184, 0x0123, 0x0020, 0x0020, 0x0000, 0x0021,
  0x00A4, 0x00C4, 0x0083, 0x0083, 0x00A3, 0x0083, 0x00C4, 0x00A3, 0x0021, 0x0000, 0x0000, 0x0000, 0x0021, 0x0041, 0x0021, 0x0020,
  0x0000, 0x0000, 0x0000, 0x0000, 0x0000, 0x0000, 0x0000, 0x0000, 0x0000, 0x0000, 0x0000, 0x0000, 0x0000, 0x0000, 0x0000, 0x0000,
  0x0000, 0x0000, 0x0000, 0x0000, 0x0000, 0x0000, 0x0000, 0x0000, 0x0000, 0x0000, 0x0000, 0x0000, 0x0000, 0x0000, 0x0000, 0x0000,
  0x0000, 0x0000, 0x0000, 0x0000, 0x0000, 0x0000, 0x0000, 0x0000, 0x0000, 0x0000, 0x0000, 0x0000, 0x0000, 0x0000, 0x0000, 0x0000,
  0x0000, 0x0000, 0x0000, 0x0000, 0x0000, 0x0000, 0x0000, 0x0000, 0x0020, 0x0020, 0x0800, 0x1020, 0x1820, 0x2020, 0x1820, 0x1820,
  0x1020, 0x1020, 0x0820, 0x0000, 0x0000, 0x0882, 0x1126, 0x1167, 0x1167, 0x1147, 0x0968, 0x0969, 0x0989, 0x11EA, 0x11CA, 0x0947,
  0x00A4, 0x0063, 0x0084, 0x0084, 0x0063, 0x0084, 0x10C4, 0x4122, 0x9AC3, 0xEC85, 0xEC25, 0x8980, 0x1000, 0x0043, 0x0063, 0x0084,
  0x0043, 0x2082, 0x9A85, 0xF487, 0xD365, 0x6880, 0x2000, 0x3081, 0x1041, 0x0022, 0x0022, 0x0042, 0x0022, 0x0043, 0x0084, 0x0043,
  0x0022, 0x0001, 0x0000, 0x0041, 0x0062, 0x0042, 0x0862, 0x0000, 0x0000, 0x0000, 0x0000, 0x0000, 0x0000, 0x0000, 0x0000, 0x0000,
  0x0000, 0x0000, 0x0000, 0x0000, 0x0000, 0x0000, 0x0000, 0x0000, 0x1082, 0x0882, 0x0061, 0x0882, 0x08A3, 0x08C3, 0x0041, 0x0021,
  0x0905, 0x1167, 0x1187, 0x1146, 0x1187, 0x1167, 0x1187, 0x1146, 0x1104, 0x21A6, 0x1966, 0x1145, 0x1145, 0x1945, 0x1145, 0x1146,
  0x1146, 0x2123, 0xD3C2, 0xF4A2, 0xFDC6, 0xDB01, 0xE2C0, 0xFDA5, 0xE62A, 0x2880, 0x0881, 0x10C1, 0x3B44, 0x4C46, 0x1A03, 0x2A64,
  0x2182, 0x08C3, 0x1902, 0x3203, 0x0000, 0x0020, 0x0000, 0x0000, 0x0020, 0x08E0, 0x6BA5, 0xDEAD, 0x7406, 0x1A44, 0x1162, 0x21C3,
  0x1184, 0x1143, 0x1984, 0x1A05, 0x3244, 0xB58B, 0x29E3, 0x0040, 0x00A2, 0x01C5, 0x01E5, 0x0205, 0x01E4, 0x0163, 0x0163, 0x0143,
  0x01C4, 0x0245, 0x0245, 0x12C7, 0x0983, 0x00A1, 0x0122, 0x01A4, 0x01C4, 0x0143, 0x0102, 0x0081, 0x0020, 0x0000, 0x0000, 0x0062,
  0x0083, 0x0083, 0x00E4, 0x0105, 0x00A4, 0x0062, 0x0000, 0x0000, 0x0000, 0x0021, 0x0862, 0x0882, 0x0882, 0x0882, 0x0882, 0x0882,
  0x0882, 0x0861, 0x0841, 0x0021, 0x0020, 0x0000, 0x0000, 0x0000, 0x0000, 0x0000, 0x0000, 0x0000, 0x0000, 0x0000, 0x0000, 0x0000,
  0x0000, 0x1000, 0x1000, 0x1000, 0x1000, 0x1820, 0x1020, 0x0800, 0x0000, 0x0000, 0x0820, 0x0840, 0x0820, 0x0000, 0x0000, 0x0000,
  0x0000, 0x0000, 0x0000, 0x0000, 0x0000, 0x0000, 0x0000, 0x0000, 0x0000, 0x0000, 0x0000, 0x0000, 0x0000, 0x0000, 0x0000, 0x0000,
  0x0000, 0x0000, 0x0000, 0x0000, 0x0000, 0x0000, 0x0000, 0x0000, 0x0000, 0x0000, 0x0000, 0x0000, 0x0800, 0x1020, 0x2020, 0x2840,
  0x3060, 0x3060, 0x2860, 0x2040, 0x1840, 0x1020, 0x0800, 0x0000, 0x0000, 0x0000, 0x0021, 0x0042, 0x0042, 0x0021, 0x0022, 0x0042,
  0x0063, 0x0063, 0x0883, 0x18A2, 0x4102, 0x81E2, 0xC2E2, 0xF3E3, 0xEB82, 0xA9C0, 0x4860, 0x0001, 0x0063, 0x0063, 0x0064, 0x0063,
  0x6962, 0xD365, 0xCB45, 0x68E1, 0x1000, 0x2041, 0x5102, 0x1862, 0x0022, 0x0022, 0x0022, 0x0022, 0x0022, 0x0063, 0x0927, 0x0043,
  0x0022, 0x0001, 0x0021, 0x08C4, 0x0042, 0x0021, 0x18C3, 0x0020, 0x0000, 0x0000, 0x0000, 0x0000, 0x0000, 0x0000, 0x0000, 0x0000,
  0x0000, 0x0000, 0x0000, 0x0000, 0x0000, 0x0000, 0x0000, 0x0000, 0x1082, 0x0041, 0x0882, 0x0883, 0x08C4, 0x00A3, 0x0001, 0x0063,
  0x1146, 0x1187, 0x19C8, 0x1146, 0x1167, 0x1167, 0x1187, 0x0926, 0x1924, 0x21A6, 0x1966, 0x1145, 0x1145, 0x1945, 0x1125, 0x1146,
  0x00E5, 0x6203, 0xE3A1, 0xF4E3, 0xFD64, 0xDAC0, 0xE2C0, 0xFE68, 0xBCC6, 0x2060, 0x18E1, 0x21A3, 0x4385, 0x5466, 0x22A4, 0x2A23,
  0x08E2, 0x0082, 0x2122, 0x29A3, 0x0020, 0x0000, 0x0020, 0x0020, 0x0020, 0x08C0, 0x4AC3, 0xDEAD, 0x63A6, 0x11E4, 0x2204, 0x19A4,
  0x1123, 0x19C4, 0x1A26, 0x2204, 0xB58B, 0x4284, 0x0081, 0x0081, 0x0102, 0x01A4, 0x0184, 0x01E5, 0x0205, 0x0123, 0x0184, 0x0103,
  0x01E5, 0x01A4, 0x0123, 0x01A4, 0x01A4, 0x0102, 0x00E2, 0x01C4, 0x00E2, 0x0123, 0x0123, 0x0041, 0x0000, 0x0000, 0x0020, 0x0062,
  0x00C4, 0x00C4, 0x0062, 0x0041, 0x0000, 0x0000, 0x0042, 0x0042, 0x0062, 0x0062, 0x0082, 0x0882, 0x0882, 0x0882, 0x0882, 0x0882,
  0x0882, 0x0861, 0x0841, 0x0021, 0x0020, 0x0000, 0x0000, 0x0000, 0x0000, 0x0000, 0x0000, 0x0000, 0x0000, 0x0000, 0x0000, 0x0000,
  0x0000, 0x0000, 0x0000, 0x0000, 0x0000, 0x0000, 0x1820, 0x1820, 0x1820, 0x0800, 0x0000, 0x1020, 0x1860, 0x1840, 0x1020, 0x1020,
  0x1860, 0x1040, 0x0000, 0x0800, 0x1020, 0x0000, 0x0000, 0x0800, 0x0000, 0x0000, 0x0000, 0x0000, 0x0000, 0x0000, 0x0000, 0x0000,
  0x0000, 0x0000, 0x0000, 0x0000, 0x0000, 0x0000, 0x0000, 0x0000, 0x0000, 0x0000, 0x0000, 0x0000, 0x0000, 0x0000, 0x0000, 0x0800,
  0x1820, 0x2840, 0x3860, 0x4080, 0x4080, 0x4080, 0x3860, 0x2840, 0x2040, 0x1820, 0x1820, 0x1840, 0x2060, 0x2861, 0x3081, 0x40A1,
  0x50E0, 0x6920, 0x8160, 0xA1C0, 0xCA61, 0xDAA1, 0xC220, 0x9140, 0x5080, 0x1820, 0x0022, 0x0084, 0x0084, 0x0063, 0x1883, 0x8183,
  0x91C2, 0x40A1, 0x1001, 0x1041, 0x40C1, 0x7141, 0x2082, 0x0043, 0x0042, 0x0022, 0x0022, 0x0022, 0x0002, 0x0084, 0x1147, 0x0022,
  0x0022, 0x0001, 0x08C4, 0x0083, 0x0022, 0x0000, 0x18A1, 0x18C3, 0x0000, 0x0000, 0x0000, 0x0000, 0x0000, 0x0000, 0x0000, 0x0000,
  0x0000, 0x0000, 0x0000, 0x0000, 0x0000, 0x0000, 0x0000, 0x0841, 0x0862, 0x0061, 0x0882, 0x08A3, 0x08E4, 0x0062, 0x0001, 0x08C4,
  0x1146, 0x19A7, 0x19A8, 0x1146, 0x1167, 0x1166, 0x1187, 0x0925, 0x2165, 0x2186, 0x1146, 0x1145, 0x1145, 0x1945, 0x1125, 0x1146,
  0x08C3, 0xAB02, 0xDB60, 0xF523, 0xFCE2, 0xD280, 0xE2E0, 0xFF09, 0x9B83, 0x1060, 0x10E1, 0x21C2, 0x43A5, 0x5445, 0x3304, 0x1983,
  0x1103, 0x0000, 0x4A44, 0x1901, 0x0040, 0x0000, 0x0020, 0x0020, 0x0020, 0x00A0, 0x3242, 0xD68D, 0x6C08, 0x1204, 0x2245, 0x19E4,
  0x19E5, 0x09C4, 0x2204, 0xB5AB, 0x4AE4, 0x0040, 0x0081, 0x00C2, 0x0164, 0x01A4, 0x0163, 0x0164, 0x0184, 0x0164, 0x01A4, 0x0103,
  0x0164, 0x0103, 0x00C2, 0x00E2, 0x0102, 0x0205, 0x0123, 0x0081, 0x0081, 0x00C2, 0x0041, 0x0000, 0x0000, 0x0000, 0x0062, 0x0905,
  0x00A3, 0x0021, 0x0000, 0x0062, 0x0062, 0x0042, 0x0042, 0x0042, 0x0062, 0x0062, 0x0082, 0x0882, 0x0882, 0x0882, 0x0882, 0x0882,
  0x0882, 0x0861, 0x0841, 0x0021, 0x0020, 0x0000, 0x0000, 0x0000, 0x0000, 0x0000, 0x0000, 0x0000, 0x0000, 0x0000, 0x0000, 0x0000,
  0x0000, 0x0000, 0x0000, 0x0000, 0x0000, 0x0000, 0x0000, 0x0000, 0x0000, 0x2840, 0x1840, 0x0000, 0x1040, 0x2081, 0x1881, 0x1860,
  0x1860, 0x2081, 0x1861, 0x0000, 0x1020, 0x1860, 0x1020, 0x0800, 0x0800, 0x0800, 0x0000, 0x0800, 0x0000, 0x0000, 0x0000, 0x0000,
  0x0000, 0x0800, 0x0800, 0x0000, 0x0000, 0x0000, 0x0000, 0x0000, 0x0000, 0x0000, 0x0000, 0x0000, 0x0000, 0x0000, 0x0000, 0x0000,
  0x0000, 0x0000, 0x0000, 0x1020, 0x2040, 0x3060, 0x3860, 0x4080, 0x4080, 0x4060, 0x4060, 0x4060, 0x4080, 0x50A0, 0x60C0, 0x70E0,
  0x7900, 0x9140, 0x9160, 0x8940, 0x7920, 0x60E0, 0x4080, 0x1040, 0x0001, 0x0022, 0x0084, 0x0084, 0x0084, 0x1062, 0x4965, 0x28E4,
  0x0002, 0x0042, 0x20A2, 0x7942, 0xAA23, 0x28A2, 0x0063, 0x0022, 0x0043, 0x0043, 0x0022, 0x0022, 0x0022, 0x0043, 0x0084, 0x0063,
  0x0002, 0x08A4, 0x0906, 0x0042, 0x0062, 0x0020, 0x1860, 0x18C3, 0x0020, 0x0000, 0x0000, 0x0000, 0x0000, 0x0000, 0x0000, 0x0000,
  0x0000, 0x0000, 0x0000, 0x0000, 0x0000, 0x0000, 0x0000, 0x1082, 0x0061, 0x0082, 0x08A3, 0x08C4, 0x08E4, 0x0042, 0x0021, 0x0926,
  0x1146, 0x19A7, 0x1187, 0x1166, 0x1187, 0x1146, 0x1167, 0x0905, 0x2185, 0x1986, 0x1145, 0x1125, 0x1145, 0x1945, 0x1945, 0x0905,
  0x4162, 0xD381, 0xD340, 0xFD64, 0xF4C2, 0xD260, 0xDB40, 0xFF2A, 0x7221, 0x0020, 0x29A3, 0x19A2, 0x6425, 0x5C46, 0x19C3, 0x10E2,
  0x0041, 0x4222, 0x6B23, 0x0080, 0x0880, 0x0000, 0x0020, 0x0020, 0x0000, 0x0080, 0x21E1, 0xC62D, 0x8CCB, 0x11C4, 0x09E4, 0x0A45,
  0x09A4, 0x42A5, 0xB5AC, 0x4B25, 0x00A1, 0x0081, 0x0020, 0x0143, 0x01E5, 0x0205, 0x0184, 0x0143, 0x0103, 0x0103, 0x0164, 0x00E2,
  0x00A2, 0x00A2, 0x00E3, 0x00C2, 0x00A2, 0x0102, 0x00C2, 0x00E2, 0x0081, 0x0020, 0x0000, 0x0000, 0x0000, 0x0083, 0x0905, 0x0082,
  0x0042, 0x0062, 0x0062, 0x0062, 0x0062, 0x0042, 0x0042, 0x0042, 0x0062, 0x0062, 0x0082, 0x0082, 0x0882, 0x0882, 0x0882, 0x0882,
  0x0882, 0x0861, 0x0841, 0x0021, 0x0020, 0x0000, 0x0000, 0x0000, 0x0000, 0x0000, 0x0000, 0x0000, 0x0000, 0x0000, 0x0000, 0x0000,
  0x0000, 0x0000, 0x0000, 0x0000, 0x0000, 0x0000, 0x0000, 0x0000, 0x0000, 0x0000, 0x0820, 0x0820, 0x0800, 0x1041, 0x20C2, 0x2081,
  0x1881, 0x1861, 0x2081, 0x20A2, 0x0840, 0x1840, 0x20A1, 0x1881, 0x0820, 0x1000, 0x1020, 0x0000, 0x0800, 0x0820, 0x0000, 0x0000,
  0x0000, 0x0000, 0x0800, 0x1000, 0x0800, 0x0000, 0x0000, 0x0000, 0x0000, 0x0000, 0x0000, 0x0000, 0x0000, 0x0000, 0x0000, 0x0000,
  0x0000, 0x0000, 0x0000, 0x0000, 0x0000, 0x0000, 0x0000, 0x0800, 0x1020, 0x1820, 0x1820, 0x2040, 0x2040, 0x2860, 0x3060, 0x3860,
  0x4080, 0x4080, 0x3880, 0x2860, 0x1040, 0x0021, 0x0001, 0x0022, 0x0022, 0x0063, 0x0064, 0x0064, 0x0043, 0x1168, 0x0949, 0x0044,
  0x0883, 0x2882, 0x91C2, 0xDB44, 0x38C2, 0x08E5, 0x0042, 0x0022, 0x0063, 0x0063, 0x0022, 0x0022, 0x0022, 0x00A4, 0x0042, 0x0063,
  0x0042, 0x19A9, 0x0083, 0x0063, 0x0021, 0x20A0, 0x1860, 0x0861, 0x0861, 0x0000, 0x0000, 0x0000, 0x0000, 0x0000, 0x0000, 0x0000,
  0x0000, 0x0000, 0x0000, 0x0000, 0x0000, 0x0000, 0x0020, 0x10A2, 0x0041, 0x0082, 0x08A3, 0x08C4, 0x08E4, 0x0021, 0x0083, 0x1166,
  0x1166, 0x1187, 0x1187, 0x1167, 0x1167, 0x1146, 0x1167, 0x0905, 0x2185, 0x1986, 0x1145, 0x1145, 0x1945, 0x1945, 0x1945, 0x00C3,
  0x8AC2, 0xD340, 0xD360, 0xFD84, 0xF4A2, 0xCA20, 0xE422, 0xFEEA, 0x4920, 0x0080, 0x3A84, 0x1962, 0x5345, 0x3AC4, 0x0081, 0x0001,
  0x39C2, 0xB565, 0x2160, 0x1121, 0x0860, 0x0000, 0x0020, 0x0040, 0x0000, 0x0060, 0x1181, 0xA54A, 0xA50C, 0x63A9, 0x7CAB, 0x7449,
  0x84AA, 0x8CAA, 0x21C3, 0x0081, 0x00A2, 0x0040, 0x00E2, 0x0143, 0x0184, 0x01C4, 0x0123, 0x00E2, 0x0143, 0x0123, 0x0123, 0x00C2,
  0x0041, 0x0082, 0x00C2, 0x00C2, 0x00A2, 0x00C2, 0x0081, 0x0081, 0x0020, 0x0000, 0x0000, 0x0020, 0x08C4, 0x08C4, 0x0041, 0x0041,
  0x0041, 0x0062, 0x0062, 0x0062, 0x0062, 0x0062, 0x0042, 0x0042, 0x0042, 0x0062, 0x0062, 0x0082, 0x0882, 0x0882, 0x0882, 0x0882,
  0x0882, 0x0862, 0x0841, 0x0021, 0x0020, 0x0000, 0x0000, 0x0000, 0x0000, 0x0000, 0x0000, 0x0000, 0x0000, 0x0000, 0x0000, 0x0000,
  0x0000, 0x0000, 0x0000, 0x0000, 0x0000, 0x0000, 0x0000, 0x0000, 0x0000, 0x0800, 0x0820, 0x0820, 0x0820, 0x1040, 0x1881, 0x28E3,
  0x20A2, 0x20A2, 0x2081, 0x20A2, 0x2903, 0x1881, 0x2081, 0x28C2, 0x20A1, 0x1040, 0x1020, 0x1020, 0x0800, 0x1000, 0x1020, 0x0800,
  0x0000, 0x0000, 0x0000, 0x0000, 0x1800, 0x1000, 0x0800, 0x1000, 0x0800, 0x0000, 0x0000, 0x0000, 0x0000, 0x0000, 0x0000, 0x0000,
  0x0000, 0x0000, 0x0000, 0x0000, 0x0000, 0x0000, 0x0000, 0x0000, 0x0000, 0x0000, 0x0000, 0x0000, 0x0000, 0x0000, 0x0000, 0x0000,
  0x0000, 0x0000, 0x0001, 0x0001, 0x0001, 0x0001, 0x0022, 0x0022, 0x0043, 0x0043, 0x0043, 0x0043, 0x11CC, 0x118B, 0x0043, 0x08A4,
  0x38C3, 0x91E2, 0xE3C4, 0x40C1, 0x1147, 0x10E5, 0x0022, 0x0063, 0x0043, 0x0043, 0x0022, 0x0001, 0x0063, 0x0084, 0x0043, 0x0021,
  0x08C4, 0x1147, 0x0063, 0x0042, 0x0841, 0x4120, 0x0820, 0x0020, 0x10A3, 0x0000, 0x0000, 0x0000, 0x0000, 0x0000, 0x0000, 0x0000,
  0x0000, 0x0000, 0x0000, 0x0000, 0x0000, 0x0000, 0x18E3, 0x0861, 0x0062, 0x0883, 0x08A3, 0x08E4, 0x08C4, 0x0021, 0x08C4, 0x1167,
  0x1187, 0x1166, 0x1167, 0x1167, 0x1166, 0x1166, 0x1167, 0x0905, 0x2185, 0x2186, 0x1145, 0x1945, 0x1965, 0x1945, 0x1125, 0x2902,
  0xC382, 0xC2C0, 0xDBC1, 0xFD84, 0xEC41, 0xCA00, 0xED05, 0xEE48, 0x3060, 0x08C1, 0x2A03, 0x1982, 0x10E2, 0x0000, 0x0860, 0x62E2,
  0xBD84, 0x52A2, 0x00E1, 0x21E2, 0x0040, 0x0000, 0x0000, 0x0040, 0x0000, 0x0040, 0x1181, 0x8468, 0xAD4C, 0x0142, 0x32C6, 0x3AC6,
  0x21C3, 0x0040, 0x0020, 0x0061, 0x0061, 0x0081, 0x0143, 0x0184, 0x0143, 0x0184, 0x0123, 0x00E2, 0x0103, 0x00C2, 0x00C2, 0x00C2,
  0x0040, 0x0061, 0x00A1, 0x00A2, 0x00C2, 0x00A2, 0x0020, 0x0000, 0x0000, 0x0000, 0x10E3, 0x0081, 0x0081, 0x0061, 0x0041, 0x0041,
  0x0041, 0x0042, 0x0062, 0x0062, 0x0062, 0x0062, 0x0042, 0x0042, 0x0042, 0x0062, 0x0062, 0x0082, 0x0882, 0x0882, 0x0882, 0x0882,
  0x0882, 0x0862, 0x0841, 0x0021, 0x0020, 0x0000, 0x0000, 0x0000, 0x0000, 0x0000, 0x0000, 0x0000, 0x0000, 0x0000, 0x0000, 0x0000,
  0x0000, 0x0000, 0x0000, 0x0000, 0x0000, 0x0000, 0x0000, 0x0000, 0x0000, 0x0800, 0x0820, 0x0820, 0x1020, 0x1040, 0x1040, 0x1060,
  0x1861, 0x28E3, 0x28C2, 0x20A1, 0x20C2, 0x3144, 0x20C2, 0x20A2, 0x28C2, 0x28C2, 0x1860, 0x1020, 0x1840, 0x1000, 0x1000, 0x1820,
  0x1020, 0x0000, 0x0000, 0x0000, 0x0000, 0x1800, 0x1000, 0x1000, 0x1800, 0x1800, 0x1000, 0x0000, 0x0000, 0x0000, 0x0000, 0x0000,
  0x0000, 0x0021, 0x0021, 0x0000, 0x0000, 0x0000, 0x0000, 0x0000, 0x0000, 0x0000, 0x0000, 0x0000, 0x0000, 0x0000, 0x0000, 0x0001,
  0x0001, 0x0001, 0x0001, 0x0001, 0x0001, 0x0001, 0x0022, 0x0022, 0x0044, 0x0064, 0x0023, 0x1A0D, 0x11ED, 0x0024, 0x1083, 0x4104,
  0xA223, 0xE425, 0x3881, 0x0063, 0x21A8, 0x2187, 0x0023, 0x0063, 0x0063, 0x0043, 0x0002, 0x0022, 0x08C5, 0x0042, 0x0022, 0x0001,
  0x0084, 0x0083, 0x0062, 0x0042, 0x3901, 0x4920, 0x0000, 0x0000, 0x18E3, 0x0861, 0x0000, 0x0000, 0x0000, 0x0000, 0x0000, 0x0000,
  0x0000, 0x0000, 0x0000, 0x0000, 0x0000, 0x0020, 0x10A3, 0x0021, 0x0062, 0x08A3, 0x08C4, 0x0905, 0x0083, 0x0021, 0x0925, 0x1167,
  0x1167, 0x1166, 0x1166, 0x1166, 0x1146, 0x1167, 0x1167, 0x0926, 0x1924, 0x2186, 0x1145, 0x1945, 0x1945, 0x1966, 0x08C4, 0x6A02,
  0xCB81, 0xB280, 0xE402, 0xFD83, 0xEBE1, 0xC1E0, 0xF5E6, 0xD526, 0x1000, 0x08C1, 0x08E1, 0x08C1, 0x10C1, 0x39C1, 0x8402, 0xB583,
  0x94A4, 0x1122, 0x19E2, 0x21C1, 0x0020, 0x0000, 0x0000, 0x0040, 0x0000, 0x0020, 0x1142, 0x63A6, 0xB5AD, 0x0163, 0x0184, 0x00E3,
  0x0081, 0x0081, 0x0041, 0x0020, 0x0040, 0x0103, 0x0163, 0x0163, 0x00E2, 0x0102, 0x0122, 0x0102, 0x0122, 0x0143, 0x0081, 0x00E2,
  0x00C2, 0x0020, 0x0040, 0x0061, 0x0041, 0x0020, 0x0000, 0x0000, 0x10A2, 0x0081, 0x0081, 0x0081, 0x0081, 0x0061, 0x0061, 0x0041,
  0x0041, 0x0041, 0x0062, 0x0062, 0x0062, 0x0062, 0x0042, 0x0042, 0x0042, 0x0062, 0x0062, 0x0082, 0x0882, 0x0882, 0x0882, 0x0882,
  0x0882, 0x0862, 0x0841, 0x0021, 0x0020, 0x0000, 0x0000, 0x0000, 0x0000, 0x0000, 0x0000, 0x0000, 0x0000, 0x0000, 0x0000, 0x0000,
  0x0000, 0x0000, 0x0000, 0x0000, 0x0000, 0x0000, 0x0000, 0x0000, 0x0800, 0x0820, 0x0820, 0x0820, 0x1040, 0x1040, 0x1040, 0x1061,
  0x1861, 0x1881, 0x1881, 0x28E3, 0x20A2, 0x28E3, 0x3165, 0x20E3, 0x28C2, 0x28E3, 0x28E3, 0x1881, 0x1040, 0x1860, 0x1020, 0x1020,
  0x1840, 0x1040, 0x0000, 0x0000, 0x0000, 0x0000, 0x2020, 0x1000, 0x1000, 0x2000, 0x2800, 0x2000, 0x0800, 0x0800, 0x0000, 0x0000,
  0x0000, 0x0000, 0x0000, 0x0021, 0x0000, 0x0000, 0x0000, 0x0000, 0x0000, 0x0000, 0x0000, 0x0000, 0x0000, 0x0000, 0x0000, 0x0001,
  0x0001, 0x0001, 0x0001, 0x0001, 0x0001, 0x0022, 0x0022, 0x0043, 0x0085, 0x0065, 0x226F, 0x1A2D, 0x0003, 0x10A4, 0x4964, 0x89C2,
  0xF486, 0x5922, 0x0001, 0x1105, 0x2188, 0x08C5, 0x00A5, 0x00A4, 0x0043, 0x0001, 0x0002, 0x0884, 0x0063, 0x0002, 0x0001, 0x0042,
  0x00E6, 0x0043, 0x0063, 0x0862, 0x79E1, 0x2080, 0x0000, 0x0000, 0x0841, 0x18C3, 0x0000, 0x0000, 0x0000, 0x0000, 0x0000, 0x0000,
  0x0000, 0x0000, 0x0000, 0x0000, 0x0000, 0x0841, 0x0861, 0x0041, 0x0882, 0x08A3, 0x08E4, 0x0905, 0x0042, 0x0062, 0x1146, 0x1166,
  0x1167, 0x1166, 0x1166, 0x1146, 0x1146, 0x1166, 0x1166, 0x1146, 0x10E4, 0x2185, 0x1145, 0x1104, 0x1925, 0x1125, 0x18E2, 0xB342,
  0xBAE0, 0xB280, 0xEC62, 0xFD63, 0xE380, 0xB9E0, 0xFE87, 0xAB62, 0x3982, 0x6BA3, 0x4AC2, 0x6BA2, 0x73C1, 0x9481, 0x73C1, 0xAD24,
  0x4263, 0x3A82, 0x2221, 0x1961, 0x0000, 0x0020, 0x0000, 0x0060, 0x0000, 0x0020, 0x08E1, 0x4B25, 0xBDEE, 0x1184, 0x0103, 0x0144,
  0x0184, 0x0102, 0x0103, 0x0041, 0x0040, 0x00A2, 0x0123, 0x0143, 0x00A1, 0x00C2, 0x0943, 0x0122, 0x0143, 0x0983, 0x00A1, 0x00C2,
  0x00E2, 0x0041, 0x0041, 0x0020, 0x0000, 0x0000, 0x0000, 0x3185, 0x00A1, 0x00A1, 0x0081, 0x0081, 0x0081, 0x0081, 0x0061, 0x0041,
  0x0041, 0x0041, 0x0042, 0x0062, 0x0062, 0x0062, 0x0062, 0x0042, 0x0042, 0x0042, 0x0062, 0x0082, 0x0882, 0x0882, 0x0882, 0x0882,
  0x0882, 0x0862, 0x0841, 0x0021, 0x0020, 0x0000, 0x0000, 0x0000, 0x0000, 0x0000, 0x0000, 0x0000, 0x0000, 0x0000, 0x0000, 0x0000,
  0x0000, 0x0000, 0x0000, 0x0000, 0x0000, 0x0000, 0x0000, 0x0000, 0x0800, 0x0820, 0x0820, 0x1020, 0x1040, 0x1040, 0x1060, 0x1861,
  0x1861, 0x1881, 0x1881, 0x20A2, 0x28E3, 0x28C2, 0x2903, 0x3186, 0x2903, 0x28E3, 0x2903, 0x2903, 0x1881, 0x1840, 0x2060, 0x1040,
  0x1020, 0x1840, 0x1840, 0x0000, 0x0000, 0x0000, 0x0800, 0x2020, 0x1000, 0x1800, 0x2800, 0x3000, 0x1800, 0x1000, 0x1000, 0x0800,
  0x0000, 0x0000, 0x0000, 0x0000, 0x0000, 0x0020, 0x0000, 0x0000, 0x0000, 0x0001, 0x0000, 0x0000, 0x0000, 0x0000, 0x0000, 0x0001,
  0x0001, 0x0001, 0x0001, 0x0001, 0x0002, 0x0022, 0x0043, 0x0084, 0x0044, 0x122E, 0x1A6F, 0x0023, 0x1062, 0x49A5, 0x6163, 0xE3C5,
  0x9222, 0x0001, 0x0884, 0x0884, 0x0863, 0x0022, 0x0063, 0x0042, 0x0000, 0x0001, 0x0022, 0x0022, 0x0002, 0x0022, 0x0001, 0x00A5,
  0x00A5, 0x0063, 0x0043, 0x38E1, 0x7A01, 0x0000, 0x0000, 0x0000, 0x0000, 0x18C3, 0x0020, 0x0000, 0x0000, 0x0000, 0x0000, 0x0000,
  0x0000, 0x0000, 0x0000, 0x0000, 0x0000, 0x1082, 0x0041, 0x0062, 0x0883, 0x08A3, 0x08E4, 0x08E4, 0x0042, 0x08C3, 0x1146, 0x1146,
  0x1167, 0x1166, 0x1166, 0x1166, 0x1146, 0x1166, 0x1146, 0x1146, 0x08E4, 0x1944, 0x1965, 0x1125, 0x1945, 0x00C4, 0x59E2, 0xDBA1,
  0xAA80, 0xBAA0, 0xF4C2, 0xFD42, 0xDB20, 0xC220, 0xFEA6, 0x8261, 0x18E1, 0xA4E4, 0x9481, 0x8C81, 0x7381, 0x9CC2, 0x8C43, 0x2981,
  0x4A62, 0x6382, 0x19E1, 0x1101, 0x0000, 0x0020, 0x0000, 0x0060, 0x0000, 0x0020, 0x08E1, 0x3AC4, 0xBE0E, 0x21E4, 0x00A2, 0x0103,
  0x01A4, 0x0184, 0x01A4, 0x0040, 0x0020, 0x0081, 0x0061, 0x00A1, 0x0122, 0x0081, 0x00E2, 0x0163, 0x00C1, 0x0061, 0x0040, 0x0061,
  0x0061, 0x0040, 0x0040, 0x0000, 0x0000, 0x0020, 0x0081, 0x0081, 0x0081, 0x00A1, 0x0081, 0x0081, 0x0081, 0x0081, 0x0061, 0x0061,
  0x0041, 0x0041, 0x0041, 0x0062, 0x0062, 0x0062, 0x0062, 0x0042, 0x0042, 0x0042, 0x0062, 0x0062, 0x0082, 0x0882, 0x0882, 0x0882,
  0x0882, 0x0862, 0x0861, 0x0041, 0x0020, 0x0000, 0x0000, 0x0000, 0x0000, 0x0000, 0x0000, 0x0000, 0x0000, 0x0000, 0x0000, 0x0000,
  0x0000, 0x0000, 0x0000, 0x0000, 0x0000, 0x0000, 0x0000, 0x0000, 0x0820, 0x0820, 0x0820, 0x1040, 0x1040, 0x1060, 0x1861, 0x1861,
  0x1881, 0x1881, 0x20A2, 0x20A2, 0x20C2, 0x20C2, 0x28E3, 0x2903, 0x39A6, 0x2903, 0x2903, 0x3103, 0x3124, 0x1881, 0x1860, 0x2080,
  0x1840, 0x1020, 0x1020, 0x1840, 0x0000, 0x0000, 0x0000, 0x0800, 0x2020, 0x1000, 0x1800, 0x2800, 0x3000, 0x1800, 0x0800, 0x2000,
  0x1800, 0x0800, 0x0800, 0x0000, 0x0000, 0x0000, 0x0021, 0x0001, 0x0000, 0x0000, 0x0001, 0x0000, 0x0000, 0x0001, 0x0001, 0x0001,
  0x0001, 0x0001, 0x0001, 0x0001, 0x0022, 0x0023, 0x0044, 0x0044, 0x0109, 0x098B, 0x0044, 0x0843, 0x5228, 0x18C4, 0x81E3, 0xDB64,
  0x1841, 0x0084, 0x08C5, 0x0001, 0x0000, 0x0001, 0x0001, 0x0001, 0x0001, 0x0001, 0x0001, 0x0002, 0x0022, 0x0022, 0x0022, 0x00C6,
  0x0063, 0x0063, 0x0022, 0x8A41, 0x4920, 0x0000, 0x0001, 0x0001, 0x0000, 0x0861, 0x0841, 0x0000, 0x0000, 0x0000, 0x0000, 0x0000,
  0x0000, 0x0000, 0x0000, 0x0000, 0x0841, 0x10C3, 0x0021, 0x0882, 0x08A3, 0x00A3, 0x08E4, 0x08E4, 0x0021, 0x1105, 0x1146, 0x1166,
  0x1167, 0x1146, 0x1166, 0x1167, 0x1166, 0x1146, 0x1146, 0x1146, 0x0925, 0x0904, 0x1965, 0x1945, 0x1125, 0x08C3, 0xAB01, 0xC300,
  0xAA80, 0xC2E0, 0xFD03, 0xFD01, 0xCAC0, 0xC2A0, 0xFE86, 0x59A0, 0x0000, 0x2101, 0x8BE3, 0x9463, 0xAD05, 0x7363, 0x18E1, 0x2960,
  0x8C42, 0x3240, 0x2201, 0x08A0, 0x0020, 0x0020, 0x0020, 0x0060, 0x0000, 0x0020, 0x08E1, 0x2263, 0xB5CD, 0x31E5, 0x0081, 0x00A2,
  0x00E2, 0x0143, 0x0103, 0x00A2, 0x0020, 0x0020, 0x0040, 0x0040, 0x00C2, 0x0081, 0x0081, 0x00E2, 0x0061, 0x0041, 0x0061, 0x0040,
  0x0020, 0x0020, 0x0000, 0x0000, 0x0061, 0x0061, 0x0061, 0x0081, 0x0081, 0x0081, 0x00A1, 0x0081, 0x0081, 0x0081, 0x0081, 0x0061,
  0x0061, 0x0041, 0x0041, 0x0062, 0x0062, 0x0062, 0x0062, 0x0062, 0x0042, 0x0042, 0x0062, 0x0062, 0x0082, 0x0882, 0x0882, 0x0882,
  0x0882, 0x0882, 0x0861, 0x0041, 0x0020, 0x0000, 0x0000, 0x0000, 0x0000, 0x0000, 0x0000, 0x0000, 0x0000, 0x0000, 0x0000, 0x0000,
  0x0000, 0x0000, 0x0000, 0x0000, 0x0000, 0x0000, 0x0000, 0x0800, 0x0820, 0x0820, 0x1020, 0x1040, 0x1040, 0x1060, 0x1861, 0x1881,
  0x1881, 0x20A1, 0x20A2, 0x20C2, 0x20C2, 0x20E2, 0x28E3, 0x28E3, 0x3145, 0x39C7, 0x2904, 0x3124, 0x3124, 0x3144, 0x1881, 0x1860,
  0x1860, 0x1040, 0x1020, 0x1020, 0x1040, 0x0000, 0x0000, 0x0000, 0x1020, 0x2020, 0x1000, 0x1800, 0x3000, 0x2800, 0x0800, 0x1000,
  0x2800, 0x1800, 0x1000, 0x1000, 0x0000, 0x0000, 0x0000, 0x0021, 0x0001, 0x0000, 0x0000, 0x0841, 0x10A3, 0x0000, 0x0001, 0x0001,
  0x0001, 0x0001, 0x0021, 0x0022, 0x0023, 0x0023, 0x0065, 0x0109, 0x00C7, 0x0043, 0x0002, 0x4249, 0x2967, 0x0022, 0x9A44, 0xA242,
  0x0001, 0x08C6, 0x0043, 0x0000, 0x0001, 0x0000, 0x0001, 0x0001, 0x0022, 0x0022, 0x0022, 0x0002, 0x0002, 0x0001, 0x00A5, 0x00A5,
  0x0063, 0x0023, 0x38E1, 0xBB00, 0x1840, 0x0000, 0x0000, 0x0000, 0x0000, 0x0841, 0x18E3, 0x0000, 0x0000, 0x0000, 0x0000, 0x0000,
  0x0000, 0x0000, 0x0000, 0x0000, 0x10A2, 0x1082, 0x0021, 0x0882, 0x08A3, 0x08C4, 0x0905, 0x08C4, 0x0042, 0x1945, 0x1146, 0x1167,
  0x1167, 0x1146, 0x1146, 0x1187, 0x1146, 0x1146, 0x1146, 0x1146, 0x0925, 0x1125, 0x1105, 0x1145, 0x00E5, 0x51A2, 0xCB81, 0xAA80,
  0xAAA0, 0xCB20, 0xFD22, 0xFCC0, 0xC240, 0xCB21, 0xFE66, 0x40E0, 0x10E1, 0x0040, 0x0040, 0x2141, 0x10E1, 0x0040, 0x1121, 0x8C41,
  0x6381, 0x1180, 0x21E1, 0x0040, 0x0040, 0x0040, 0x0020, 0x0080, 0x0000, 0x0020, 0x08C1, 0x1A23, 0xA58B, 0x3A25, 0x0041, 0x0123,
  0x00E3, 0x0082, 0x0061, 0x0061, 0x0061, 0x0000, 0x0020, 0x0082, 0x0061, 0x0041, 0x0020, 0x0000, 0x0040, 0x0081, 0x0081, 0x0061,
  0x0040, 0x0000, 0x0000, 0x0061, 0x0061, 0x0061, 0x0061, 0x0061, 0x0081, 0x0081, 0x00A1, 0x00A1, 0x0081, 0x0081, 0x0081, 0x0061,
  0x0061, 0x0041, 0x0041, 0x0041, 0x0062, 0x0062, 0x0062, 0x0062, 0x0042, 0x0042, 0x0062, 0x0062, 0x0082, 0x0882, 0x0882, 0x0882,
  0x0882, 0x0882, 0x0861, 0x0041, 0x0020, 0x0000, 0x0000, 0x0000, 0x0000, 0x0000, 0x0000, 0x0000, 0x0000, 0x0000, 0x0000, 0x0000,
  0x0000, 0x0000, 0x0000, 0x0000, 0x0000, 0x0000, 0x0000, 0x0820, 0x0820, 0x0820, 0x1040, 0x1040, 0x1060, 0x1861, 0x1861, 0x1881,
  0x1881, 0x20A2, 0x20C2, 0x20C2, 0x20C2, 0x28E3, 0x28E3, 0x28E3, 0x28E3, 0x39C7, 0x31A7, 0x2924, 0x3145, 0x3144, 0x3144, 0x1881,
  0x1860, 0x1860, 0x1040, 0x1020, 0x1840, 0x1040, 0x0000, 0x0000, 0x0000, 0x1820, 0x2020, 0x1000, 0x1800, 0x3000, 0x2000, 0x0800,
  0x1800, 0x2800, 0x1000, 0x1820, 0x1000, 0x0000, 0x0000, 0x0000, 0x0021, 0x0021, 0x0000, 0x0020, 0x2145, 0x0862, 0x0001, 0x0001,
  0x0001, 0x0001, 0x0002, 0x0063, 0x0043, 0x0044, 0x08E7, 0x00A6, 0x0043, 0x0001, 0x1967, 0x320A, 0x0002, 0x0884, 0x9223, 0x9202,
  0x0002, 0x08C6, 0x0022, 0x0001, 0x0000, 0x0001, 0x0001, 0x0022, 0x0022, 0x0022, 0x0022, 0x0002, 0x0002, 0x0022, 0x00C6, 0x0063,
  0x0063, 0x0001, 0xA281, 0x9220, 0x0000, 0x0020, 0x0000, 0x0000, 0x0000, 0x0000, 0x18C3, 0x0020, 0x0000, 0x0000, 0x0000, 0x0000,
  0x0000, 0x0000, 0x0000, 0x0000, 0x1082, 0x0041, 0x0041, 0x0083, 0x08A3, 0x08E4, 0x0925, 0x0083, 0x0882, 0x2165, 0x1146, 0x1187,
  0x1167, 0x1146, 0x1167, 0x1166, 0x0926, 0x1146, 0x1146, 0x1146, 0x0925, 0x1126, 0x1125, 0x1125, 0x10C3, 0xB342, 0xBB00, 0xA280,
  0xAAA0, 0xCB61, 0xFD22, 0xFC80, 0xB1E0, 0xD3C2, 0xEDE6, 0x30A0, 0x10E1, 0x0860, 0x5AC2, 0x5282, 0x6322, 0x4281, 0x4AC2, 0x8C40,
  0x3281, 0x11A0, 0x1981, 0x0020, 0x0060, 0x0040, 0x0020, 0x0080, 0x0000, 0x0000, 0x00C1, 0x11A2, 0x8CE9, 0x63A8, 0x0102, 0x00C2,
  0x00E3, 0x00A2, 0x0081, 0x0020, 0x0041, 0x0020, 0x0000, 0x0020, 0x0081, 0x0082, 0x0020, 0x0061, 0x0081, 0x0061, 0x0040, 0x0000,
  0x0000, 0x0000, 0x0061, 0x0061, 0x0061, 0x0061, 0x0061, 0x0061, 0x0081, 0x0081, 0x0081, 0x00A1, 0x0081, 0x0081, 0x0081, 0x0081,
  0x0061, 0x0061, 0x0041, 0x0041, 0x0062, 0x0062, 0x0062, 0x0062, 0x0042, 0x0042, 0x0042, 0x0062, 0x0082, 0x0882, 0x0882, 0x0882,
  0x0882, 0x0882, 0x0861, 0x0041, 0x0020, 0x0000, 0x0000, 0x0000, 0x0000, 0x0000, 0x0000, 0x0000, 0x0000, 0x0000, 0x0000, 0x0000,
  0x0000, 0x0000, 0x0000, 0x0000, 0x0000, 0x0000, 0x0800, 0x0820, 0x0820, 0x1020, 0x1040, 0x1040, 0x1061, 0x1861, 0x1881, 0x1881,
  0x20A2, 0x20C2, 0x20C2, 0x20C2, 0x28E2, 0x28E3, 0x28E3, 0x28E3, 0x2903, 0x2903, 0x39E8, 0x31A7, 0x3986, 0x3965, 0x3165, 0x3144,
  0x1861, 0x1860, 0x1861, 0x1040, 0x1040, 0x1840, 0x0820, 0x0000, 0x0000, 0x0000, 0x1820, 0x2000, 0x1000, 0x1800, 0x3000, 0x1000,
  0x0800, 0x2000, 0x1800, 0x1000, 0x1820, 0x1000, 0x0000, 0x0000, 0x0021, 0x0042, 0x0021, 0x0000, 0x0862, 0x08A3, 0x0001, 0x0001,
  0x0001, 0x0001, 0x0022, 0x0043, 0x0044, 0x08E7, 0x0085, 0x0023, 0x0022, 0x0084, 0x29EA, 0x0022, 0x0022, 0x10E6, 0x8A24, 0xA263,
  0x0002, 0x00A5, 0x0043, 0x0001, 0x0022, 0x0022, 0x0022, 0x0022, 0x0022, 0x0022, 0x0022, 0x0022, 0x0022, 0x0063, 0x0084, 0x0063,
  0x0023, 0x3901, 0xDBA2, 0x38A0, 0x0021, 0x18A2, 0x18C2, 0x1081, 0x0841, 0x0000, 0x0861, 0x1082, 0x0000, 0x0000, 0x0000, 0x0000,
  0x0000, 0x0000, 0x0000, 0x0000, 0x1082, 0x0021, 0x0041, 0x0083, 0x00A3, 0x08E4, 0x0925, 0x0062, 0x2103, 0x29A6, 0x0946, 0x1187,
  0x1166, 0x1166, 0x1167, 0x1166, 0x0926, 0x0925, 0x1146, 0x1146, 0x0925, 0x1146, 0x1125, 0x00C4, 0x59E2, 0xDBC1, 0xAA80, 0xAAA0,
  0xAA80, 0xD381, 0xFD22, 0xF440, 0xA9A0, 0xDC63, 0xDD04, 0x28A0, 0x0880, 0x4201, 0xA461, 0xACC2, 0x9C82, 0x5B21, 0x63A1, 0x7421,
  0x19E0, 0x2201, 0x1101, 0x0020, 0x0060, 0x0020, 0x0040, 0x0080, 0x0000, 0x0000, 0x00A1, 0x0961, 0x8488, 0x742A, 0x7CEE, 0x3286,
  0x0040, 0x0000, 0x0061, 0x0041, 0x0021, 0x0021, 0x0000, 0x0000, 0x0000, 0x0020, 0x0020, 0x0020, 0x0020, 0x0000, 0x0000, 0x0000,
  0x0000, 0x0061, 0x0061, 0x0061, 0x0061, 0x0061, 0x0061, 0x0061, 0x0061, 0x0081, 0x0081, 0x0081, 0x00A1, 0x0081, 0x0081, 0x0081,
  0x0081, 0x0061, 0x0041, 0x0041, 0x0041, 0x0062, 0x0062, 0x0062, 0x0062, 0x0042, 0x0042, 0x0062, 0x0062, 0x0082, 0x0882, 0x0882,
  0x0882, 0x0882, 0x0861, 0x0041, 0x0020, 0x0000, 0x0000, 0x0000, 0x0000, 0x0000, 0x0000, 0x0000, 0x0000, 0x0000, 0x0000, 0x0000,
  0x0000, 0x0000, 0x0000, 0x0000, 0x0000, 0x0000, 0x0820, 0x0820, 0x0820, 0x1040, 0x1040, 0x1060, 0x1861, 0x1881, 0x1881, 0x20A1,
  0x20A2, 0x20C2, 0x20C2, 0x28E2, 0x28E3, 0x28E3, 0x28E3, 0x2903, 0x2903, 0x2903, 0x2903, 0x2903, 0x39C7, 0x39C6, 0x3165, 0x3985,
  0x2903, 0x1861, 0x1861, 0x1861, 0x1040, 0x1040, 0x1040, 0x0000, 0x0000, 0x0000, 0x0000, 0x1820, 0x2000, 0x1000, 0x1800, 0x2000,
  0x0800, 0x0800, 0x1000, 0x0800, 0x2021, 0x1001, 0x0000, 0x0021, 0x0000, 0x0022, 0x08A4, 0x0042, 0x0821, 0x10C4, 0x0021, 0x0001,
  0x0001, 0x0022, 0x0023, 0x0023, 0x08E7, 0x00A6, 0x0022, 0x0022, 0x0023, 0x19EB, 0x08A4, 0x0001, 0x0063, 0x1107, 0x7A04, 0xC344,
  0x0001, 0x0063, 0x00C6, 0x0064, 0x0023, 0x0022, 0x0022, 0x0022, 0x0022, 0x0022, 0x0043, 0x0085, 0x0022, 0x0063, 0x0043, 0x0063,
  0x0002, 0xBB43, 0xBAE1, 0x0000, 0x0021, 0x0841, 0x1061, 0x1061, 0x0840, 0x0020, 0x0841, 0x10A2, 0x0000, 0x0000, 0x0000, 0x0000,
  0x0000, 0x0000, 0x0000, 0x0861, 0x0882, 0x0041, 0x0041, 0x0083, 0x08C4, 0x08E5, 0x0925, 0x0042, 0x41C4, 0x29A6, 0x0946, 0x1146,
  0x1146, 0x1166, 0x1146, 0x1166, 0x1146, 0x0925, 0x1125, 0x1146, 0x0925, 0x1146, 0x1125, 0x10C2, 0xB342, 0xC300, 0xAAA0, 0xAAA0,
  0xAA80, 0xD3A1, 0xFD01, 0xEBE0, 0xA180, 0xE4E3, 0xC423, 0x1880, 0x1921, 0x6B41, 0x9C21, 0x9C21, 0x5AE1, 0x4281, 0x6C01, 0x3B01,
  0x11A0, 0x3262, 0x0060, 0x0060, 0x0060, 0x0040, 0x0080, 0x0060, 0x0000, 0x0000, 0x0080, 0x0961, 0x84C9, 0x4AC6, 0x19A3, 0x644B,
  0x5C0B, 0x29E5, 0x0061, 0x0021, 0x0001, 0x0000, 0x0000, 0x0000, 0x0000, 0x0000, 0x0000, 0x0000, 0x0000, 0x0000, 0x0020, 0x0041,
  0x0061, 0x0061, 0x0061, 0x0061, 0x0061, 0x0061, 0x0061, 0x0061, 0x0061, 0x0061, 0x0081, 0x0081, 0x00A1, 0x00A1, 0x0081, 0x0081,
  0x0081, 0x0061, 0x0061, 0x0041, 0x0041, 0x0062, 0x0062, 0x0062, 0x0062, 0x0042, 0x0042, 0x0062, 0x0062, 0x0082, 0x0882, 0x0882,
  0x0882, 0x0882, 0x0861, 0x0041, 0x0020, 0x0000, 0x0000, 0x0000, 0x0000, 0x0000, 0x0000, 0x0000, 0x0000, 0x0000, 0x0000, 0x0000,
  0x0000, 0x0000, 0x0000, 0x0000, 0x0000, 0x0800, 0x0820, 0x0820, 0x1020, 0x1040, 0x1040, 0x1861, 0x1861, 0x1881, 0x1881, 0x20A2,
  0x20C2, 0x20C2, 0x28E2, 0x28E3, 0x28E3, 0x28E3, 0x2903, 0x2903, 0x2903, 0x2903, 0x2903, 0x2903, 0x2904, 0x39C7, 0x39A6, 0x3185,
  0x41C6, 0x2903, 0x1881, 0x1881, 0x1861, 0x1040, 0x1860, 0x1040, 0x0000, 0x0000, 0x0000, 0x0000, 0x0800, 0x2020, 0x1800, 0x1800,
  0x1000, 0x0000, 0x0800, 0x0800, 0x2041, 0x0821, 0x0883, 0x0021, 0x0000, 0x0042, 0x0883, 0x0842, 0x1021, 0x1905, 0x0883, 0x0000,
  0x0021, 0x0043, 0x0002, 0x08E6, 0x00C6, 0x0023, 0x0043, 0x0023, 0x1149, 0x1128, 0x0001, 0x0022, 0x0064, 0x1947, 0x69C4, 0xE444,
  0x2061, 0x0022, 0x08A5, 0x00A6, 0x00C6, 0x0064, 0x0043, 0x0043, 0x0022, 0x0063, 0x00E7, 0x0044, 0x0022, 0x0043, 0x0063, 0x0023,
  0x4942, 0xFC83, 0x6120, 0x0001, 0x0021, 0x0001, 0x0000, 0x0000, 0x0000, 0x0000, 0x0000, 0x0841, 0x0000, 0x0000, 0x0000, 0x0000,
  0x0000, 0x0000, 0x0000, 0x2145, 0x0862, 0x0062, 0x0082, 0x00A3, 0x08E4, 0x0905, 0x0905, 0x0041, 0x6265, 0x2165, 0x1167, 0x1146,
  0x1146, 0x1146, 0x1126, 0x1166, 0x0925, 0x1146, 0x1125, 0x1125, 0x1125, 0x1166, 0x00C4, 0x6202, 0xD381, 0xB2A0, 0xAA80, 0xAAA0,
  0xAA60, 0xD3A1, 0xFCC0, 0xE380, 0xA1A0, 0xED44, 0xAB62, 0x0860, 0x31C1, 0x83C1, 0x9401, 0x9C21, 0x5AE1, 0x6341, 0x4B01, 0x0980,
  0x2241, 0x21C1, 0x0040, 0x0080, 0x0060, 0x0040, 0x00C0, 0x0060, 0x0000, 0x0000, 0x0080, 0x0961, 0x7CA9, 0x5B27, 0x0061, 0x0060,
  0x1A04, 0x43CA, 0x2B28, 0x1A26, 0x0903, 0x0041, 0x0000, 0x0000, 0x0000, 0x0000, 0x0041, 0x0041, 0x0041, 0x0082, 0x0040, 0x0040,
  0x0041, 0x0061, 0x0061, 0x0061, 0x0061, 0x0061, 0x0061, 0x0061, 0x0061, 0x0061, 0x0061, 0x0081, 0x0081, 0x00A1, 0x0081, 0x0081,
  0x0081, 0x0081, 0x0061, 0x0041, 0x0041, 0x0041, 0x0062, 0x0062, 0x0062, 0x0042, 0x0042, 0x0042, 0x0062, 0x0082, 0x0882, 0x0882,
  0x0882, 0x0882, 0x0862, 0x0841, 0x0020, 0x0000, 0x0000, 0x0000, 0x0000, 0x0000, 0x0000, 0x0000, 0x0000, 0x0000, 0x0000, 0x0000,
  0x0000, 0x0000, 0x0000, 0x0000, 0x0000, 0x0800, 0x0820, 0x0820, 0x1040, 0x1040, 0x1060, 0x1861, 0x1881, 0x1881, 0x20A2, 0x20C2,
  0x20C2, 0x20C2, 0x28E3, 0x28E3, 0x28E3, 0x2903, 0x2903, 0x2903, 0x2903, 0x2903, 0x2903, 0x2904, 0x2904, 0x2924, 0x3A08, 0x3186,
  0x39A6, 0x41C7, 0x20C2, 0x1881, 0x1881, 0x1061, 0x1861, 0x1861, 0x0820, 0x0000, 0x0000, 0x0000, 0x0000, 0x0800, 0x2020, 0x2000,
  0x1800, 0x0800, 0x0800, 0x1021, 0x0821, 0x0883, 0x0042, 0x0000, 0x0022, 0x0084, 0x0063, 0x0021, 0x0800, 0x0863, 0x0063, 0x0001,
  0x0063, 0x0022, 0x4229, 0x1947, 0x0023, 0x0022, 0x0023, 0x00A6, 0x08E7, 0x0022, 0x0022, 0x0022, 0x0883, 0x10E6, 0x38C2, 0xF547,
  0x61C3, 0x0002, 0x08A5, 0x00C6, 0x0044, 0x0064, 0x0043, 0x0023, 0x0085, 0x0107, 0x0044, 0x0023, 0x0022, 0x0043, 0x0084, 0x0801,
  0xCBC3, 0xDB61, 0x1820, 0x0001, 0x0021, 0x0001, 0x0021, 0x0001, 0x0000, 0x0001, 0x0000, 0x0861, 0x0841, 0x0000, 0x0000, 0x0000,
  0x0000, 0x0000, 0x0000, 0x10A3, 0x0061, 0x0882, 0x0082, 0x00A3, 0x08E4, 0x0905, 0x08E5, 0x0061, 0x8305, 0x1945, 0x1187, 0x1166,
  0x1146, 0x1146, 0x1125, 0x1146, 0x1125, 0x1146, 0x1146, 0x0905, 0x1125, 0x0926, 0x2123, 0xCBA2, 0xBAE0, 0xB2C0, 0xA260, 0xAAA0,
  0x9A20, 0xDBE1, 0xFC80, 0xDB40, 0xA9C0, 0xFDA5, 0x92C1, 0x10C0, 0x3A21, 0x9421, 0xBD00, 0x9C40, 0x52C1, 0x52E1, 0x2221, 0x11C1,
  0x32A2, 0x08C0, 0x0060, 0x0060, 0x0080, 0x00A0, 0x00E1, 0x0040, 0x0000, 0x0000, 0x0080, 0x0121, 0x7467, 0x52E6, 0x0041, 0x0082,
  0x0061, 0x00A1, 0x0183, 0x11E5, 0x09A4, 0x0943, 0x0103, 0x00E2, 0x00A2, 0x0041, 0x0021, 0x0020, 0x0062, 0x0020, 0x0020, 0x0040,
  0x0040, 0x0041, 0x0061, 0x0061, 0x0061, 0x0061, 0x0061, 0x0061, 0x0061, 0x0061, 0x0061, 0x0061, 0x0081, 0x0081, 0x00A1, 0x0081,
  0x0081, 0x0081, 0x0061, 0x0061, 0x0041, 0x0041, 0x0062, 0x0062, 0x0062, 0x0062, 0x0042, 0x0042, 0x0062, 0x0082, 0x0882, 0x0882,
  0x0882, 0x0882, 0x0862, 0x0841, 0x0020, 0x0000, 0x0000, 0x0000, 0x0000, 0x0000, 0x0000, 0x0000, 0x0000, 0x0000, 0x0000, 0x0000,
  0x0000, 0x0000, 0x0000, 0x0000, 0x0000, 0x0820, 0x0820, 0x1020, 0x1040, 0x1060, 0x1861, 0x1881, 0x1881, 0x20A1, 0x20A2, 0x20C2,
  0x20C2, 0x28E3, 0x28E3, 0x28E3, 0x2903, 0x2903, 0x2903, 0x2903, 0x2903, 0x2903, 0x2904, 0x2924, 0x2924, 0x2924, 0x2944, 0x8CB3,
  0x5B0C, 0x39E8, 0x2104, 0x1040, 0x1881, 0x1881, 0x1861, 0x1881, 0x1041, 0x0000, 0x0000, 0x0000, 0x0000, 0x0000, 0x0000, 0x1821,
  0x1800, 0x0800, 0x0841, 0x0862, 0x0042, 0x0021, 0x0000, 0x0042, 0x0084, 0x00A4, 0x0862, 0x2903, 0x0021, 0x0042, 0x0042, 0x0063,
  0x0002, 0x634D, 0x73CF, 0x0043, 0x0043, 0x0023, 0x0085, 0x0065, 0x0022, 0x0022, 0x0022, 0x0022, 0x0022, 0x18A3, 0x4081, 0xF587,
  0xBC48, 0x0802, 0x0085, 0x00C6, 0x00C6, 0x0085, 0x00C6, 0x0128, 0x00E7, 0x0043, 0x0022, 0x0023, 0x0023, 0x0064, 0x0002, 0x7222,
  0xFD03, 0x7140, 0x0000, 0x0021, 0x0021, 0x0862, 0x0041, 0x0001, 0x0001, 0x0000, 0x0000, 0x0841, 0x1082, 0x0000, 0x0000, 0x0000,
  0x0000, 0x0000, 0x18C3, 0x10A3, 0x0041, 0x0082, 0x0082, 0x08A3, 0x08E4, 0x0905, 0x00C5, 0x18E2, 0x9386, 0x0905, 0x1187, 0x1166,
  0x1166, 0x1126, 0x0925, 0x1146, 0x1146, 0x1146, 0x1125, 0x0905, 0x1145, 0x00C4, 0x8AC3, 0xD381, 0xB2C0, 0xAAA0, 0xB2A0, 0xAA60,
  0xB2A0, 0xEC60, 0xFC40, 0xD300, 0xA1E0, 0xFDE5, 0x7A00, 0x29E1, 0x42A1, 0x6B20, 0x9420, 0x6321, 0x42A1, 0x3241, 0x19E1, 0x2A82,
  0x2A42, 0x0040, 0x0080, 0x0080, 0x0060, 0x0921, 0x00C0, 0x0040, 0x0000, 0x0000, 0x0080, 0x00E0, 0x6C27, 0x4AA5, 0x0041, 0x00C2,
  0x00A2, 0x00A2, 0x0041, 0x0020, 0x0020, 0x0081, 0x00C2, 0x0103, 0x00A2, 0x0041, 0x0000, 0x0000, 0x0020, 0x0020, 0x0020, 0x0020,
  0x0040, 0x0040, 0x0041, 0x0061, 0x0061, 0x0061, 0x0061, 0x0061, 0x0061, 0x0061, 0x0061, 0x0061, 0x0081, 0x0081, 0x00A1, 0x00A1,
  0x0081, 0x0081, 0x0081, 0x0061, 0x0041, 0x0041, 0x0041, 0x0062, 0x0062, 0x0062, 0x0042, 0x0042, 0x0062, 0x0062, 0x0882, 0x0882,
  0x0882, 0x0882, 0x0862, 0x0841, 0x0021, 0x0000, 0x0000, 0x0000, 0x0000, 0x0000, 0x0000, 0x0000, 0x0000, 0x0000, 0x0000, 0x0000,
  0x0000, 0x0000, 0x0000, 0x0000, 0x0800, 0x0820, 0x0820, 0x1040, 0x1040, 0x1060, 0x1861, 0x1881, 0x1881, 0x20A2, 0x20C2, 0x20C2,
  0x28E2, 0x28E3, 0x28E3, 0x2903, 0x2903, 0x2903, 0x2903, 0x2903, 0x2903, 0x2904, 0x2924, 0x2924, 0x2924, 0x2944, 0x3165, 0x3185,
  0xBEBB, 0x9DB8, 0x8CD4, 0x4249, 0x1061, 0x1881, 0x18A2, 0x1861, 0x1881, 0x0820, 0x0000, 0x0000, 0x0000, 0x0000, 0x0000, 0x0000,
  0x0800, 0x0841, 0x0863, 0x0042, 0x0021, 0x0001, 0x0063, 0x00A4, 0x08A4, 0x0022, 0x4A27, 0x52EA, 0x0042, 0x0062, 0x0063, 0x0002,
  0x52AB, 0xA534, 0x00A4, 0x0064, 0x0063, 0x00A5, 0x0085, 0x0002, 0x0002, 0x0022, 0x0022, 0x0022, 0x0001, 0x5163, 0xD384, 0xF4E3,
  0xFECD, 0x4902, 0x0064, 0x0043, 0x0043, 0x0085, 0x00A6, 0x0065, 0x0023, 0x0022, 0x0022, 0x0023, 0x0063, 0x0023, 0x30A1, 0xED44,
  0xDB60, 0x2020, 0x0000, 0x0001, 0x18E3, 0x10C3, 0x0021, 0x0021, 0x0001, 0x0000, 0x0000, 0x0000, 0x10A3, 0x0000, 0x0000, 0x0000,
  0x0000, 0x0000, 0x10A2, 0x0862, 0x0041, 0x0082, 0x0082, 0x08C3, 0x08E4, 0x0926, 0x00A4, 0x3983, 0x93A6, 0x00C4, 0x1166, 0x1146,
  0x1166, 0x0926, 0x0926, 0x1146, 0x1125, 0x0926, 0x0925, 0x1125, 0x0905, 0x4183, 0xDC03, 0xB2C0, 0xB2E0, 0xAAA0, 0xAA80, 0xC320,
  0xA2E2, 0xD402, 0xFC40, 0xCAC0, 0xAA20, 0xFDC5, 0x69A0, 0x2A21, 0x32A1, 0x3A81, 0x52E1, 0x29E1, 0x2A40, 0x2221, 0x11C1, 0x3AE2,
  0x08C0, 0x0060, 0x0060, 0x0080, 0x00C0, 0x0961, 0x0040, 0x0060, 0x0000, 0x0000, 0x0060, 0x00C0, 0x6BE6, 0x4AA5, 0x00A2, 0x00E2,
  0x00C2, 0x00A2, 0x0081, 0x0041, 0x0041, 0x0081, 0x0061, 0x0041, 0x0000, 0x0000, 0x0000, 0x0041, 0x0041, 0x0020, 0x0020, 0x0020,
  0x0020, 0x0040, 0x0040, 0x0040, 0x0061, 0x0061, 0x0061, 0x0061, 0x0061, 0x0061, 0x0061, 0x0061, 0x0061, 0x0081, 0x0081, 0x00A1,
  0x0081, 0x0081, 0x0081, 0x0061, 0x0061, 0x0041, 0x0041, 0x0062, 0x0062, 0x0062, 0x0042, 0x0042, 0x0042, 0x0062, 0x0082, 0x0882,
  0x0882, 0x0882, 0x0862, 0x0841, 0x0021, 0x0000, 0x0000, 0x0000, 0x0000, 0x0000, 0x0000, 0x0000, 0x0000, 0x0000, 0x0000, 0x0000,
  0x0000, 0x0000, 0x0000, 0x0000, 0x0820, 0x0820, 0x1040, 0x1040, 0x1060, 0x1861, 0x1881, 0x1881, 0x20A2, 0x20C2, 0x20C2, 0x28E2,
  0x28E3, 0x28E3, 0x2903, 0x2903, 0x2903, 0x2903, 0x2903, 0x2903, 0x2903, 0x2924, 0x2924, 0x2924, 0x2944, 0x3165, 0x3185, 0x39A6,
  0x39E7, 0xB67B, 0xCEFD, 0xC6DC, 0x7C52, 0x2104, 0x1061, 0x18A1, 0x20E2, 0x1061, 0x0000, 0x0000, 0x0000, 0x0000, 0x0000, 0x0020,
  0x0062, 0x0021, 0x0041, 0x0021, 0x0001, 0x08A4, 0x08E5, 0x08E5, 0x0001, 0x4207, 0x84D2, 0x1A8B, 0x0064, 0x00A4, 0x0043, 0x3A29,
  0xB5B6, 0x10E5, 0x0043, 0x0043, 0x0064, 0x0084, 0x0002, 0x31E8, 0x31E9, 0x0002, 0x0022, 0x0022, 0x0043, 0x0802, 0xB3A5, 0xFD62,
  0xFE87, 0xC4E9, 0x1001, 0x0084, 0x0043, 0x0002, 0x0002, 0x0022, 0x0023, 0x0022, 0x0043, 0x0063, 0x0044, 0x1001, 0xCCA5, 0xFD42,
  0x99A0, 0x0000, 0x0021, 0x0862, 0x1904, 0x0021, 0x0021, 0x0042, 0x0021, 0x0000, 0x0000, 0x0000, 0x10A2, 0x0841, 0x0000, 0x0000,
  0x0000, 0x0000, 0x1082, 0x0041, 0x0041, 0x0082, 0x0083, 0x08C4, 0x08E4, 0x1146, 0x0063, 0x5A03, 0x8B65, 0x00C5, 0x1166, 0x1167,
  0x1146, 0x0926, 0x1146, 0x1125, 0x08E4, 0x0925, 0x1125, 0x1145, 0x10E3, 0xB363, 0xCB40, 0xBAE0, 0xB2C0, 0xAA80, 0xC321, 0x8AA2,
  0x20A1, 0xCBE2, 0xEBE0, 0xBA80, 0xAA81, 0xFDA5, 0x5140, 0x2A41, 0x2A61, 0x2221, 0x3AC1, 0x3261, 0x2A41, 0x19C1, 0x2A61, 0x21C1,
  0x0020, 0x0060, 0x0080, 0x0060, 0x0981, 0x00C0, 0x0040, 0x0040, 0x0000, 0x0000, 0x0080, 0x00E0, 0x63E6, 0x4AA5, 0x00A2, 0x0164,
  0x00C2, 0x0061, 0x00A2, 0x0041, 0x0061, 0x0081, 0x0061, 0x0041, 0x0000, 0x0000, 0x0061, 0x0061, 0x0041, 0x0041, 0x0020, 0x0020,
  0x0020, 0x0020, 0x0020, 0x0040, 0x0040, 0x0061, 0x0061, 0x0061, 0x0061, 0x0061, 0x0061, 0x0061, 0x0061, 0x0061, 0x0081, 0x0081,
  0x00A1, 0x0081, 0x0081, 0x0081, 0x0061, 0x0041, 0x0041, 0x0042, 0x0062, 0x0062, 0x0062, 0x0042, 0x0042, 0x0062, 0x0082, 0x0882,
  0x0882, 0x0882, 0x0882, 0x0841, 0x0021, 0x0000, 0x0000, 0x0000, 0x0000, 0x0000, 0x0000, 0x0000, 0x0000, 0x0000, 0x0000, 0x0000,
  0x0000, 0x0000, 0x0000, 0x0800, 0x0820, 0x0820, 0x1040, 0x1040, 0x1861, 0x1861, 0x1881, 0x20A2, 0x20C2, 0x20C2, 0x28E2, 0x28E3,
  0x28E3, 0x28E3, 0x2903, 0x2903, 0x2903, 0x2903, 0x2903, 0x2903, 0x2924, 0x2924, 0x2924, 0x2944, 0x3165, 0x3186, 0x39C7, 0x39E7,
  0x4228, 0x4A69, 0xB65A, 0xB65A, 0xB67B, 0x9D77, 0x426A, 0x1881, 0x20E2, 0x18A2, 0x0000, 0x0000, 0x0000, 0x0000, 0x0021, 0x0862,
  0x0021, 0x0001, 0x0000, 0x0001, 0x08A4, 0x08E6, 0x1105, 0x0062, 0x5ACA, 0x9513, 0x2B4D, 0x1A2A, 0x0063, 0x0085, 0x29C8, 0xBDF7,
  0x29E9, 0x0063, 0x0043, 0x0043, 0x0063, 0x0043, 0x31E9, 0xA534, 0x10E5, 0x0002, 0x0022, 0x0022, 0x0022, 0x0043, 0x1841, 0xD4A5,
  0xFDA1, 0xFEC9, 0xAC08, 0x1001, 0x0044, 0x0085, 0x0063, 0x0043, 0x0043, 0x0063, 0x0084, 0x0023, 0x1801, 0xBC65, 0xFE04, 0xF360,
  0x50C0, 0x0001, 0x0021, 0x2124, 0x10A2, 0x0000, 0x0000, 0x0000, 0x0001, 0x0000, 0x0000, 0x0000, 0x0841, 0x0841, 0x0000, 0x0000,
  0x0000, 0x0020, 0x10C3, 0x0041, 0x0062, 0x08A3, 0x08C3, 0x08C4, 0x08E5, 0x1146, 0x0022, 0x7AA3, 0x8B45, 0x00E5, 0x1187, 0x1166,
  0x0925, 0x1146, 0x1146, 0x0905, 0x0905, 0x0925, 0x1145, 0x00C4, 0x6A43, 0xD3C2, 0xB2A0, 0xBAE0, 0xAA60, 0xCB61, 0x8283, 0x0001,
  0x28E1, 0xE421, 0xE3A0, 0xB220, 0xB2C2, 0xF565, 0x40E0, 0x2A61, 0x2201, 0x2A01, 0x3AC1, 0x2A41, 0x1A01, 0x1A01, 0x3282, 0x0040,
  0x0040, 0x0060, 0x0040, 0x00E0, 0x0161, 0x0040, 0x0060, 0x0040, 0x0000, 0x0000, 0x0080, 0x0121, 0x5BE6, 0x4285, 0x0104, 0x01A5,
  0x0123, 0x0041, 0x0020, 0x0061, 0x0082, 0x0082, 0x0061, 0x0020, 0x0000, 0x0061, 0x0061, 0x0061, 0x0061, 0x0061, 0x0041, 0x0020,
  0x0020, 0x0020, 0x0020, 0x0020, 0x0040, 0x0040, 0x0061, 0x0061, 0x0061, 0x0061, 0x0061, 0x0061, 0x0061, 0x0061, 0x0061, 0x0081,
  0x0081, 0x00A1, 0x0081, 0x0081, 0x0081, 0x0061, 0x0041, 0x0041, 0x0062, 0x0062, 0x0062, 0x0042, 0x0042, 0x0062, 0x0082, 0x0882,
  0x0882, 0x0882, 0x0882, 0x0841, 0x0021, 0x0000, 0x0000, 0x0000, 0x0000, 0x0000, 0x0000, 0x0000, 0x0000, 0x0000, 0x0000, 0x0000,
  0x0000, 0x0000, 0x0000, 0x0820, 0x0820, 0x1040, 0x1040, 0x1060, 0x1861, 0x1881, 0x18A1, 0x20A2, 0x20C2, 0x20C2, 0x28E3, 0x28E3,
  0x28E3, 0x2903, 0x2903, 0x2903, 0x2903, 0x2903, 0x2903, 0x2924, 0x2924, 0x2944, 0x3145, 0x3185, 0x31A6, 0x39C7, 0x4208, 0x4A49,
  0x4A8A, 0x52AB, 0x52EC, 0xBE7B, 0xAE19, 0xAE19, 0xAE39, 0x638E, 0x20C2, 0x20C2, 0x0820, 0x0000, 0x0000, 0x0000, 0x0842, 0x0021,
  0x0001, 0x0001, 0x0063, 0x0884, 0x1105, 0x08A4, 0x08A3, 0x8C71, 0xC678, 0x338E, 0x3BAF, 0x08E5, 0x0906, 0x1967, 0xB5D7, 0x42CC,
  0x00A5, 0x0084, 0x0043, 0x0042, 0x00C5, 0x1147, 0xB5D6, 0x29C8, 0x0001, 0x0022, 0x0022, 0x0001, 0x0063, 0x0084, 0x0002, 0x38C1,
  0xF5C6, 0xFE03, 0xFF4A, 0xC4E9, 0x4903, 0x0802, 0x0003, 0x0002, 0x0023, 0x0003, 0x0822, 0x5183, 0xD568, 0xFE85, 0xFC00, 0xB240,
  0x1021, 0x0021, 0x0842, 0x10A3, 0x0001, 0x0020, 0x18C2, 0x1082, 0x0000, 0x0001, 0x0000, 0x0000, 0x0021, 0x0861, 0x0000, 0x0000,
  0x0000, 0x1082, 0x10C3, 0x0041, 0x0062, 0x08A3, 0x08C3, 0x00A3, 0x0905, 0x0925, 0x0001, 0x9B44, 0x7B04, 0x00E5, 0x1166, 0x0905,
  0x0925, 0x1146, 0x1166, 0x0905, 0x0905, 0x1125, 0x0905, 0x2123, 0xC3C3, 0xAAA0, 0xAAA0, 0xA260, 0xC321, 0x92E3, 0x0041, 0x0042,
  0x4182, 0xEC21, 0xE380, 0xAA00, 0xBB22, 0xED04, 0x38E0, 0x2A61, 0x19C1, 0x21E1, 0x2A61, 0x2221, 0x11E1, 0x32C2, 0x1101, 0x0000,
  0x0040, 0x0040, 0x0060, 0x09E2, 0x0080, 0x0060, 0x0060, 0x0060, 0x0000, 0x0000, 0x0060, 0x0121, 0x4B65, 0x3A44, 0x0082, 0x00C2,
  0x0103, 0x0040, 0x0061, 0x0061, 0x0081, 0x0082, 0x0041, 0x0000, 0x0061, 0x0061, 0x0061, 0x0061, 0x0061, 0x0061, 0x0061, 0x0041,
  0x0041, 0x0020, 0x0020, 0x0020, 0x0020, 0x0040, 0x0040, 0x0061, 0x0061, 0x0061, 0x0061, 0x0061, 0x0061, 0x0061, 0x0061, 0x0081,
  0x0081, 0x00A1, 0x0081, 0x0081, 0x0081, 0x0061, 0x0041, 0x0041, 0x0042, 0x0062, 0x0062, 0x0062, 0x0042, 0x0062, 0x0062, 0x0882,
  0x0882, 0x0882, 0x0882, 0x0861, 0x0021, 0x0000, 0x0000, 0x0000, 0x0000, 0x0000, 0x0000, 0x0000, 0x0000, 0x0000, 0x0000, 0x0000,
  0x0000, 0x0000, 0x0800, 0x0820, 0x0820, 0x1040, 0x1040, 0x1861, 0x1881, 0x1881, 0x20A2, 0x20C2, 0x20C2, 0x28E3, 0x28E3, 0x28E3,
  0x2903, 0x2903, 0x2903, 0x2903, 0x2903, 0x2903, 0x2924, 0x2924, 0x2944, 0x3165, 0x3185, 0x39A6, 0x39E7, 0x4228, 0x4A49, 0x528A,
  0x52CB, 0x5B0C, 0x5B2D, 0x634D, 0xADF9, 0x9D97, 0x9D97, 0x9D76, 0x2945, 0x20E2, 0x0861, 0x0000, 0x0000, 0x0000, 0x0021, 0x0001,
  0x0021, 0x0863, 0x08C5, 0x08C5, 0x08A4, 0x31E7, 0xC637, 0xCEDA, 0x5410, 0x4C51, 0x0968, 0x00E6, 0x1946, 0xA575, 0x5BAF, 0x0948,
  0x0084, 0x0043, 0x0043, 0x00A5, 0x00A4, 0x8492, 0x530D, 0x0023, 0x0043, 0x0022, 0x0063, 0x08E6, 0x0064, 0x0063, 0x0884, 0x0002,
  0x6182, 0xF628, 0xF5C3, 0xFEA7, 0xFECB, 0xC4C8, 0x7AA5, 0x51A3, 0x51A4, 0x82E7, 0xC509, 0xFF09, 0xFE44, 0xF440, 0xF340, 0x5900,
  0x0001, 0x0042, 0x0042, 0x0021, 0x0861, 0x39C4, 0x41C4, 0x2123, 0x0000, 0x0000, 0x0000, 0x0000, 0x0020, 0x10A2, 0x0000, 0x0000,
  0x0000, 0x1082, 0x0862, 0x0061, 0x0062, 0x0083, 0x00A3, 0x00A4, 0x0905, 0x0925, 0x0021, 0xABC5, 0x72A4, 0x00C5, 0x1146, 0x0905,
  0x0905, 0x1146, 0x1146, 0x0904, 0x0905, 0x1125, 0x00C4, 0x8AE3, 0xC341, 0xA260, 0xA280, 0xAAA0, 0xAB23, 0x1062, 0x0083, 0x0042,
  0x59E2, 0xE3E1, 0xE360, 0xAA00, 0xC382, 0xDC84, 0x30E0, 0x2221, 0x1981, 0x2201, 0x2221, 0x1A01, 0x2A82, 0x29C2, 0x0000, 0x0040,
  0x0060, 0x0040, 0x0981, 0x0141, 0x0060, 0x0060, 0x0060, 0x0860, 0x0000, 0x0000, 0x0060, 0x00E1, 0x4304, 0x3204, 0x00A2, 0x00E2,
  0x0081, 0x0020, 0x0082, 0x0082, 0x0061, 0x0061, 0x0020, 0x0000, 0x0061, 0x0061, 0x0061, 0x0061, 0x0061, 0x0061, 0x0061, 0x0061,
  0x0041, 0x0041, 0x0020, 0x0020, 0x0020, 0x0020, 0x0040, 0x0040, 0x0061, 0x0061, 0x0061, 0x0061, 0x0061, 0x0061, 0x0061, 0x0061,
  0x0081, 0x0081, 0x00A1, 0x0081, 0x0081, 0x0081, 0x0061, 0x0041, 0x0041, 0x0062, 0x0062, 0x0062, 0x0042, 0x0042, 0x0062, 0x0082,
  0x0882, 0x0882, 0x0882, 0x0861, 0x0021, 0x0000, 0x0000, 0x0000, 0x0000, 0x0000, 0x0000, 0x0000, 0x0000, 0x0000, 0x0000, 0x0000,
  0x0000, 0x0000, 0x0820, 0x0820, 0x1040, 0x1040, 0x1060, 0x1861, 0x1881, 0x20A2, 0x20C2, 0x20C2, 0x28E2, 0x28E3, 0x28E3, 0x2903,
  0x2903, 0x2903, 0x2903, 0x2903, 0x2903, 0x2924, 0x2924, 0x2944, 0x3165, 0x3185, 0x39C7, 0x39E7, 0x4229, 0x4A69, 0x52AB, 0x52EC,
  0x5B2C, 0x634D, 0x634D, 0x636E, 0xA5F8, 0xA5B7, 0x9DB7, 0x8CF4, 0x2103, 0x20E2, 0x1081, 0x0000, 0x0000, 0x0000, 0x0021, 0x0862,
  0x18A3, 0x18C4, 0x0883, 0x08C4, 0x7BEF, 0xF7BD, 0xADB6, 0x3B0C, 0x6CB3, 0x0947, 0x00C5, 0x1946, 0xA555, 0x42CB, 0x0106, 0x0064,
  0x0023, 0x0063, 0x0063, 0x0064, 0x42AB, 0x63AE, 0x0044, 0x0085, 0x0043, 0x0043, 0x0043, 0x0907, 0x08C6, 0x0064, 0x08C5, 0x08E5,
  0x0002, 0x69A2, 0xEDE8, 0xED61, 0xF5A1, 0xFF06, 0xFEA6, 0xF646, 0xF647, 0xF668, 0xFE85, 0xFD60, 0xFC00, 0xF340, 0xC260, 0x1840,
  0x0041, 0x0042, 0x0882, 0x0861, 0x2123, 0x5265, 0x4A05, 0x10A2, 0x0000, 0x0000, 0x0000, 0x0000, 0x0000, 0x0861, 0x0020, 0x0000,
  0x0000, 0x18C3, 0x0041, 0x0061, 0x0082, 0x0082, 0x00A3, 0x08C4, 0x1146, 0x0925, 0x0021, 0xC444, 0x6243, 0x00C5, 0x1146, 0x0925,
  0x0905, 0x1146, 0x0926, 0x08E4, 0x0905, 0x00E5, 0x3983, 0xC3A2, 0xAA80, 0xA2A0, 0x9A40, 0xBB42, 0x3102, 0x0083, 0x08A3, 0x0042,
  0x7241, 0xE3E0, 0xDB40, 0xA1C0, 0xCBC2, 0xD403, 0x2900, 0x19E2, 0x1181, 0x1A01, 0x19E1, 0x1A01, 0x3262, 0x0020, 0x0020, 0x0020,
  0x0040, 0x00A1, 0x0101, 0x00A0, 0x0060, 0x0040, 0x0040, 0x0860, 0x0000, 0x0000, 0x0080, 0x0100, 0x3B04, 0x29E3, 0x00C2, 0x01C4,
  0x00A2, 0x0041, 0x0081, 0x00A2, 0x0061, 0x0021, 0x0020, 0x0061, 0x0061, 0x0061, 0x0061, 0x0061, 0x0061, 0x0061, 0x0061, 0x0061,
  0x0061, 0x0061, 0x0041, 0x0020, 0x0020, 0x0020, 0x0020, 0x0040, 0x0040, 0x0061, 0x0061, 0x0061, 0x0061, 0x0061, 0x0061, 0x0061,
  0x0061, 0x0081, 0x0081, 0x00A1, 0x0081, 0x0081, 0x0061, 0x0061, 0x0041, 0x0042, 0x0062, 0x0062, 0x0042, 0x0042, 0x0062, 0x0082,
  0x0882, 0x0882, 0x0882, 0x0861, 0x0021, 0x0000, 0x0000, 0x0000, 0x0000, 0x0000, 0x0000, 0x0000, 0x0000, 0x0000, 0x0000, 0x0000,
  0x0000, 0x0000, 0x0820, 0x0820, 0x1040, 0x1060, 0x1861, 0x1881, 0x20A1, 0x20C2, 0x20C2, 0x28E2, 0x28E3, 0x28E3, 0x2903, 0x2903,
  0x2903, 0x2903, 0x2903, 0x2903, 0x2924, 0x2924, 0x2944, 0x3165, 0x3186, 0x39C7, 0x4208, 0x4A49, 0x4A8A, 0x52CB, 0x5B0C, 0x5B2D,
  0x634D, 0x636E, 0x634D, 0x5B2D, 0x5B0C, 0xB639, 0xADF9, 0x7C51, 0x18C2, 0x2103, 0x10A2, 0x0000, 0x0000, 0x0021, 0x1082, 0x18A3,
  0x18E4, 0x0882, 0x31C7, 0xB5B6, 0xD6FA, 0x5B8E, 0x00E4, 0x8555, 0x328B, 0x00C5, 0x0083, 0x7C72, 0x530D, 0x0022, 0x0063, 0x532D,
  0x430D, 0x0043, 0x08C5, 0x00A4, 0x2987, 0x0063, 0x0043, 0x0064, 0x0022, 0x0043, 0x0022, 0x08C5, 0x08E6, 0x0063, 0x0063, 0x08C5,
  0x08A4, 0x0001, 0x5141, 0xE5C7, 0xF5A3, 0xFDC0, 0xED60, 0xE520, 0xED60, 0xECC0, 0xF460, 0xFC40, 0xF340, 0xF300, 0x7140, 0x0821,
  0x0021, 0x0862, 0x4A26, 0x0862, 0x2123, 0x4A25, 0x1903, 0x0042, 0x0062, 0x0041, 0x0000, 0x0000, 0x0000, 0x0841, 0x0020, 0x0000,
  0x0020, 0x10A2, 0x0041, 0x0062, 0x0883, 0x00A3, 0x00A3, 0x0905, 0x0925, 0x0905, 0x0841, 0xD4A4, 0x6222, 0x00E5, 0x1166, 0x1146,
  0x0905, 0x0905, 0x0905, 0x08E4, 0x0905, 0x00A3, 0x9303, 0xBAE0, 0xAAA0, 0x9A60, 0xB2E1, 0x69E2, 0x0042, 0x08A3, 0x0883, 0x0041,
  0x8A81, 0xE3C0, 0xD340, 0x99A0, 0xCBC2, 0xC3A2, 0x2941, 0x19E2, 0x1981, 0x19C1, 0x11C1, 0x2A42, 0x0860, 0x0020, 0x0020, 0x0040,
  0x0040, 0x0060, 0x0080, 0x0080, 0x0060, 0x0060, 0x0040, 0x1080, 0x0000, 0x0000, 0x0080, 0x0101, 0x3AE4, 0x21C3, 0x0123, 0x0122,
  0x0061, 0x0061, 0x0081, 0x00A2, 0x0041, 0x0020, 0x0061, 0x0061, 0x0061, 0x0061, 0x0061, 0x0061, 0x0061, 0x0061, 0x0061, 0x0061,
  0x0061, 0x0061, 0x0061, 0x0041, 0x0040, 0x0020, 0x0020, 0x0020, 0x0040, 0x0040, 0x0061, 0x0061, 0x0061, 0x0061, 0x0061, 0x0061,
  0x0061, 0x0061, 0x0081, 0x00A1, 0x0081, 0x0081, 0x0081, 0x0061, 0x0041, 0x0041, 0x0062, 0x0062, 0x0062, 0x0042, 0x0062, 0x0082,
  0x0882, 0x0882, 0x0882, 0x0861, 0x0021, 0x0000, 0x0000, 0x0000, 0x0000, 0x0000, 0x0000, 0x0000, 0x0000, 0x0000, 0x0000, 0x0000,
  0x0000, 0x0800, 0x0820, 0x1040, 0x1040, 0x1861, 0x1881, 0x1881, 0x20A2, 0x20C2, 0x20E2, 0x28E3, 0x28E3, 0x2903, 0x2903, 0x2903,
  0x2903, 0x2903, 0x2904, 0x2924, 0x2924, 0x3144, 0x3185, 0x39A6, 0x39E7, 0x4228, 0x4A69, 0x52AA, 0x52EB, 0x5B2C, 0x634D, 0x636D,
  0x636D, 0x5B4D, 0x5B2C, 0x52CB, 0x4A8A, 0x4228, 0xB639, 0x5B2C, 0x18C2, 0x2103, 0x10A2, 0x0020, 0x0000, 0x0841, 0x18C3, 0x2124,
  0x2985, 0x5B2C, 0x9D54, 0x7C92, 0x21E8, 0x00C5, 0x328B, 0x5C31, 0x0127, 0x0083, 0x42CC, 0x534E, 0x0062, 0x3A49, 0xA596, 0x8DF7,
  0x1A0A, 0x0084, 0x0947, 0x0063, 0x0002, 0x0023, 0x0064, 0x0022, 0x0001, 0x0063, 0x0042, 0x0022, 0x08C5, 0x0084, 0x0043, 0x0043,
  0x10C5, 0x0883, 0x0001, 0x5121, 0xE628, 0xFEE7, 0xF5A1, 0xED00, 0xED61, 0xECA0, 0xF400, 0xFBC0, 0xF2C0, 0xCA80, 0x2840, 0x0861,
  0x0000, 0x5266, 0x5266, 0x0042, 0x0882, 0x10C3, 0x0882, 0x0082, 0x0882, 0x10C3, 0x0041, 0x0000, 0x0001, 0x0020, 0x0041, 0x0000,
  0x0020, 0x0862, 0x0041, 0x0062, 0x08A3, 0x08C3, 0x00A3, 0x0905, 0x0905, 0x00E5, 0x1881, 0xE4E4, 0x6222, 0x0106, 0x1146, 0x0926,
  0x0925, 0x0905, 0x0905, 0x0905, 0x00E4, 0x3963, 0xB342, 0xAA60, 0xB2C0, 0xA260, 0xAAE2, 0x1082, 0x00A3, 0x0883, 0x0082, 0x0062,
  0xA2E1, 0xDBA0, 0xD320, 0x99A0, 0xD3E2, 0xB342, 0x2141, 0x11A1, 0x19C1, 0x11A1, 0x3283, 0x10A1, 0x0000, 0x0020, 0x0000, 0x0040,
  0x0080, 0x0080, 0x0080, 0x0060, 0x0060, 0x0040, 0x0860, 0x1080, 0x0000, 0x0000, 0x0081, 0x00E0, 0x32A4, 0x19A3, 0x00C2, 0x0061,
  0x0061, 0x0061, 0x0041, 0x0041, 0x0000, 0x0020, 0x0061, 0x0061, 0x0061, 0x0061, 0x0061, 0x0061, 0x0061, 0x0061, 0x0061, 0x0061,
  0x0061, 0x0061, 0x0061, 0x0061, 0x0041, 0x0041, 0x0020, 0x0020, 0x0020, 0x0040, 0x0040, 0x0061, 0x0061, 0x0061, 0x0061, 0x0061,
  0x0061, 0x0061, 0x0061, 0x0081, 0x00A1, 0x0081, 0x0081, 0x0081, 0x0061, 0x0041, 0x0062, 0x0062, 0x0062, 0x0042, 0x0042, 0x0062,
  0x0882, 0x0882, 0x0882, 0x0862, 0x0021, 0x0000, 0x0000, 0x0000, 0x0000, 0x0000, 0x0000, 0x0000, 0x0000, 0x0000, 0x0000, 0x0000,
  0x0000, 0x0820, 0x0820, 0x1040, 0x1060, 0x1861, 0x1881, 0x20A2, 0x20C2, 0x20C2, 0x28E3, 0x28E3, 0x2903, 0x2903, 0x2903, 0x2903,
  0x2903, 0x2904, 0x2924, 0x2944, 0x3145, 0x3185, 0x39C6, 0x41E7, 0x4249, 0x4A8A, 0x52CB, 0x5B0C, 0x5B2D, 0x634D, 0x636E, 0x634D,
  0x5B2C, 0x52EB, 0x4A8A, 0x4248, 0x39E7, 0x31A6, 0xADF8, 0x29C6, 0x1923, 0x1902, 0x1081, 0x0020, 0x0020, 0x1881, 0x0841, 0x1904,
  0x530B, 0x42AA, 0x19A7, 0x00C4, 0x2A4A, 0x224A, 0x6CB3, 0x228B, 0x0127, 0x2A6B, 0x53AF, 0x0905, 0x8C92, 0xAE79, 0x3BCF, 0x0187,
  0x10C4, 0x1126, 0x00A5, 0x3A6B, 0x324A, 0x0043, 0x00A5, 0x0063, 0x08E5, 0x0927, 0x0043, 0x0043, 0x0043, 0x00C5, 0x0064, 0x0043,
  0x08C5, 0x08A4, 0x0883, 0x0822, 0x71E2, 0xFF2A, 0xF6C7, 0xEDC3, 0xECC0, 0xEC40, 0xF420, 0xF300, 0xF300, 0x7960, 0x1861, 0x0841,
  0x10A2, 0x62C6, 0x10A2, 0x0862, 0x0021, 0x0883, 0x08C3, 0x08A2, 0x1903, 0x10C3, 0x0000, 0x0021, 0x0021, 0x0000, 0x0841, 0x0000,
  0x0020, 0x0861, 0x0041, 0x0062, 0x08A3, 0x08A3, 0x00A3, 0x08E4, 0x0905, 0x00C4, 0x28C1, 0xECE3, 0x6A01, 0x0106, 0x1125, 0x08E4,
  0x0926, 0x0905, 0x0905, 0x0925, 0x00C4, 0x82A3, 0xAAC0, 0xAAA0, 0xAA80, 0xBB00, 0x61C2, 0x0063, 0x08A3, 0x08A3, 0x0082, 0x10A2,
  0xB321, 0xD340, 0xCB20, 0x91A0, 0xDC22, 0xB322, 0x2982, 0x0981, 0x19E1, 0x3284, 0x10E1, 0x0000, 0x0040, 0x0020, 0x0020, 0x0040,
  0x00C1, 0x00A0, 0x0060, 0x0060, 0x0060, 0x0020, 0x18A1, 0x1060, 0x0000, 0x0000, 0x0081, 0x00E0, 0x3283, 0x1942, 0x0061, 0x0041,
  0x0041, 0x0041, 0x0020, 0x0020, 0x0061, 0x0061, 0x0061, 0x0061, 0x0061, 0x0061, 0x0061, 0x0061, 0x0061, 0x0061, 0x0061, 0x0061,
  0x0061, 0x0061, 0x0061, 0x0061, 0x0061, 0x0061, 0x0041, 0x0020, 0x0020, 0x0020, 0x0020, 0x0040, 0x0061, 0x0061, 0x0061, 0x0061,
  0x0061, 0x0061, 0x0061, 0x0081, 0x0081, 0x00A1, 0x0081, 0x0081, 0x0061, 0x0041, 0x0041, 0x0062, 0x0062, 0x0042, 0x0042, 0x0062,
  0x0082, 0x0882, 0x0882, 0x0862, 0x0041, 0x0000, 0x0000, 0x0000, 0x0000, 0x0000, 0x0000, 0x0000, 0x0000, 0x0000, 0x0000, 0x0000,
  0x0800, 0x0820, 0x1040, 0x1040, 0x1861, 0x1881, 0x20A1, 0x20C2, 0x20C2, 0x28E3, 0x28E3, 0x2903, 0x2903, 0x2903, 0x2903, 0x2904,
  0x2924, 0x2924, 0x2944, 0x3165, 0x3186, 0x39C7, 0x4208, 0x4A49, 0x52AA, 0x52EB, 0x5B2C, 0x634D, 0x636D, 0x634D, 0x5B2D, 0x5B0C,
  0x4AAA, 0x4249, 0x3A07, 0x31A6, 0x2965, 0x2124, 0x1903, 0x1963, 0x1984, 0x10C2, 0x1081, 0x0000, 0x1040, 0x28A1, 0x0841, 0x0882,
  0x0062, 0x0042, 0x1166, 0x226A, 0x5410, 0x3B8E, 0x6431, 0x00E5, 0x11EA, 0x5472, 0x2A4A, 0xB5D7, 0x9DF8, 0x09E9, 0x00C4, 0x6B09,
  0x5A88, 0x0064, 0x3AAC, 0x8699, 0x0988, 0x0064, 0x0084, 0x0043, 0x1A4B, 0x1A6B, 0x0044, 0x0064, 0x0044, 0x00C6, 0x00C6, 0x0043,
  0x0064, 0x0063, 0x08A4, 0x1105, 0x1801, 0xBC04, 0xFF47, 0xEEC8, 0xEE67, 0xECC0, 0xEB80, 0xF2C0, 0xC260, 0x2861, 0x1882, 0x0021,
  0x18E3, 0x10A2, 0x0001, 0x0021, 0x0882, 0x08C4, 0x10E4, 0x1944, 0x1103, 0x0000, 0x0001, 0x0041, 0x0000, 0x0000, 0x0841, 0x0000,
  0x0861, 0x0862, 0x0041, 0x0062, 0x0083, 0x08C4, 0x00C3, 0x08E4, 0x0925, 0x00C4, 0x3941, 0xFD03, 0x69E1, 0x00E5, 0x1146, 0x08E4,
  0x0905, 0x08E5, 0x0905, 0x0105, 0x2943, 0xB342, 0x9A40, 0xAAC0, 0xAA60, 0xAAE1, 0x10A2, 0x00A3, 0x00A3, 0x08C3, 0x0082, 0x20E2,
  0xBB41, 0xC300, 0xCB00, 0x8980, 0xDC22, 0xA2E2, 0x2162, 0x11A1, 0x2A43, 0x10C1, 0x0000, 0x0040, 0x0020, 0x0020, 0x0020, 0x0060,
  0x00A1, 0x0080, 0x0040, 0x0040, 0x0060, 0x0020, 0x20E1, 0x0820, 0x0000, 0x0000, 0x00A1, 0x00E0, 0x3283, 0x1122, 0x0081, 0x0061,
  0x0041, 0x0020, 0x0000, 0x0041, 0x0061, 0x0061, 0x0061, 0x0061, 0x0061, 0x0061, 0x0061, 0x0061, 0x0061, 0x0061, 0x0061, 0x0061,
  0x0061, 0x0061, 0x0061, 0x0061, 0x0061, 0x0061, 0x0061, 0x0041, 0x0020, 0x0020, 0x0020, 0x0020, 0x0040, 0x0041, 0x0061, 0x0061,
  0x0061, 0x0061, 0x0061, 0x0061, 0x0081, 0x0081, 0x0081, 0x0081, 0x0081, 0x0061, 0x0041, 0x0062, 0x0062, 0x0062, 0x0042, 0x0062,
  0x0082, 0x0882, 0x0882, 0x0862, 0x0041, 0x0000, 0x0000, 0x0000, 0x0000, 0x0000, 0x0000, 0x0000, 0x0000, 0x0000, 0x0000, 0x0000,
  0x0820, 0x0820, 0x1040, 0x1060, 0x1861, 0x1881, 0x20A2, 0x20C2, 0x28E2, 0x28E3, 0x2903, 0x2903, 0x2903, 0x2903, 0x2904, 0x2924,
  0x2924, 0x2944, 0x3165, 0x31A6, 0x39E7, 0x4228, 0x4A6A, 0x52CB, 0x5B0C, 0x5B4D, 0x634D, 0x636E, 0x5B4D, 0x5B0C, 0x52CB, 0x4269,
  0x3A07, 0x31C6, 0x2965, 0x2124, 0x18E3, 0x18C2, 0x10A2, 0x1081, 0x1143, 0x1061, 0x1861, 0x0020, 0x2040, 0x30A0, 0x1061, 0x08C3,
  0x08E4, 0x19A7, 0x4BEE, 0x6491, 0x4C51, 0x5451, 0x1987, 0x0106, 0x2B70, 0x2B2D, 0x3A8B, 0x7472, 0x0105, 0x31C7, 0xA4F0, 0x632A,
  0x00A3, 0x29E9, 0x86BA, 0x1CF3, 0x00E6, 0x0084, 0x0043, 0x08A5, 0x0107, 0x1A6C, 0x0947, 0x0022, 0x0043, 0x00A5, 0x0907, 0x0043,
  0x0043, 0x0043, 0x0063, 0x0064, 0x0863, 0x5962, 0xEE65, 0xEE83, 0xEDC2, 0xEC60, 0xE2E0, 0xE2A0, 0x50E0, 0x1861, 0x1062, 0x0021,
  0x0042, 0x0042, 0x0042, 0x0062, 0x08A3, 0x10E3, 0x2165, 0x1944, 0x0021, 0x0000, 0x0021, 0x0041, 0x0001, 0x0000, 0x0841, 0x0020,
  0x10A2, 0x0062, 0x0062, 0x0041, 0x0083, 0x08E4, 0x00C4, 0x08E4, 0x0926, 0x00A4, 0x51A1, 0xF4C2, 0x7222, 0x00C4, 0x1166, 0x08E4,
  0x08E4, 0x0905, 0x0905, 0x00A4, 0x6A43, 0xAAC0, 0xA280, 0xA260, 0xB2A0, 0x61E1, 0x0083, 0x08C4, 0x00A3, 0x08A3, 0x0062, 0x3921,
  0xBB21, 0xBAC0, 0xBAC0, 0x89A0, 0xE422, 0x8A61, 0x31A3, 0x1962, 0x0040, 0x0000, 0x0020, 0x0020, 0x0020, 0x0020, 0x0040, 0x0060,
  0x0060, 0x0040, 0x0040, 0x0060, 0x0040, 0x0040, 0x28C0, 0x0000, 0x0000, 0x0000, 0x00A1, 0x00E0, 0x3263, 0x08E1, 0x0041, 0x0040,
  0x0020, 0x0861, 0x0020, 0x0020, 0x0061, 0x0061, 0x0061, 0x0061, 0x0061, 0x0061, 0x0061, 0x0061, 0x0061, 0x0061, 0x0061, 0x0061,
  0x0061, 0x0061, 0x0061, 0x0061, 0x0061, 0x0061, 0x0061, 0x0061, 0x0041, 0x0041, 0x0020, 0x0020, 0x0020, 0x0040, 0x0041, 0x0061,
  0x0061, 0x0061, 0x0061, 0x0061, 0x0061, 0x0081, 0x00A1, 0x0081, 0x0081, 0x0061, 0x0041, 0x0041, 0x0062, 0x0062, 0x0042, 0x0042,
  0x0082, 0x0882, 0x0882, 0x0882, 0x0041, 0x0000, 0x0000, 0x0000, 0x0000, 0x0000, 0x0000, 0x0000, 0x0000, 0x0000, 0x0000, 0x0800,
  0x0820, 0x1040, 0x1040, 0x1861, 0x1881, 0x20A2, 0x20C2, 0x28E2, 0x28E3, 0x28E3, 0x2903, 0x2903, 0x2903, 0x2904, 0x2924, 0x2924,
  0x2944, 0x3185, 0x39A6, 0x41E7, 0x4A49, 0x528A, 0x52EB, 0x5B2C, 0x634D, 0x636E, 0x634D, 0x5B2C, 0x52CB, 0x4A69, 0x3A08, 0x31C6,
  0x2965, 0x2124, 0x18E3, 0x18C2, 0x10A2, 0x1881, 0x1881, 0x1881, 0x38E1, 0x60E1, 0x1840, 0x0020, 0x4080, 0x58C0, 0x1040, 0x08A3,
  0x1986, 0x4BEE, 0x4C0E, 0x6492, 0x22ED, 0x2AAB, 0x0106, 0x09CA, 0x22ED, 0x330D, 0x00C4, 0x0063, 0x4228, 0xCE36, 0x4ACA, 0x00E5,
  0x08E4, 0x75D7, 0x24D3, 0x024B, 0x00A5, 0x0064, 0x0064, 0x00A6, 0x0129, 0x11EC, 0x33B1, 0x19C9, 0x0042, 0x0043, 0x00C6, 0x0085,
  0x0043, 0x0063, 0x0883, 0x4A26, 0x1904, 0x2062, 0xCCE4, 0xF6A3, 0xED61, 0xEBC0, 0xEAC0, 0x91C0, 0x1841, 0x18A2, 0x0021, 0x0021,
  0x0062, 0x0042, 0x0062, 0x0083, 0x10E4, 0x2185, 0x1944, 0x0042, 0x0001, 0x0021, 0x0062, 0x0062, 0x0021, 0x0000, 0x0841, 0x0841,
  0x10A2, 0x0041, 0x0082, 0x0062, 0x0082, 0x08E4, 0x00C4, 0x08E4, 0x0925, 0x0063, 0x61E1, 0xECA2, 0x8242, 0x00C4, 0x1126, 0x0905,
  0x0905, 0x0905, 0x0905, 0x10C3, 0x9AC2, 0xA260, 0xBAE0, 0x9220, 0xAAC1, 0x20E2, 0x00C4, 0x08E4, 0x00A3, 0x08A3, 0x0062, 0x51A1,
  0xBB21, 0xB2A0, 0xB2A0, 0x91C0, 0xE402, 0x8262, 0x2962, 0x0000, 0x0000, 0x0020, 0x0020, 0x0020, 0x0020, 0x0020, 0x0040, 0x0060,
  0x0060, 0x0040, 0x0040, 0x0040, 0x0020, 0x1080, 0x20A0, 0x0000, 0x0000, 0x0000, 0x00C1, 0x00E1, 0x2A43, 0x00A1, 0x0041, 0x0000,
  0x2123, 0x10C2, 0x0021, 0x0061, 0x0061, 0x0061, 0x0061, 0x0061, 0x0061, 0x0061, 0x0061, 0x0061, 0x0061, 0x0061, 0x0061, 0x0061,
  0x0061, 0x0061, 0x0061, 0x0061, 0x0061, 0x0061, 0x0061, 0x0061, 0x0061, 0x0061, 0x0041, 0x0020, 0x0020, 0x0020, 0x0040, 0x0041,
  0x0061, 0x0061, 0x0061, 0x0061, 0x0061, 0x0061, 0x0081, 0x00A1, 0x0081, 0x0081, 0x0061, 0x0041, 0x0062, 0x0062, 0x0042, 0x0042,
  0x0062, 0x0882, 0x0882, 0x0882, 0x0841, 0x0020, 0x0000, 0x0000, 0x0000, 0x0000, 0x0000, 0x0000, 0x0000, 0x0000, 0x0000, 0x0820,
  0x0820, 0x1040, 0x1861, 0x1881, 0x20A1, 0x20C2, 0x20C2, 0x28E3, 0x28E3, 0x2903, 0x2903, 0x2903, 0x2904, 0x2924, 0x2924, 0x3144,
  0x3185, 0x39C7, 0x4208, 0x4A69, 0x52CB, 0x5B0C, 0x634D, 0x636D, 0x636D, 0x5B2D, 0x52EB, 0x4A8A, 0x4228, 0x31C6, 0x2965, 0x2124,
  0x18E3, 0x18C2, 0x10A2, 0x1881, 0x1881, 0x1881, 0x1861, 0x2060, 0x2060, 0x78C0, 0x18A1, 0x0840, 0x4080, 0x50A0, 0x1041, 0x00A4,
  0x21E8, 0x3B4C, 0x53EF, 0x2209, 0x00C5, 0x0927, 0x09CA, 0x09CA, 0x1A0A, 0x21A7, 0x08A4, 0x2986, 0xD6B9, 0x5B8E, 0x0967, 0x0946,
  0x3BCF, 0x2410, 0x1B6E, 0x1188, 0x0085, 0x0044, 0x0085, 0x00E8, 0x01ED, 0x0129, 0x0989, 0x1A8D, 0x0906, 0x0063, 0x00A6, 0x0085,
  0x0063, 0x0084, 0x10C4, 0x9C09, 0x39E5, 0x28C3, 0xC443, 0xF6C7, 0xED43, 0xEB20, 0xC240, 0x2860, 0x1882, 0x0841, 0x0021, 0x0042,
  0x0062, 0x0062, 0x0083, 0x0904, 0x1965, 0x1104, 0x0041, 0x0021, 0x0021, 0x0041, 0x0883, 0x0062, 0x0021, 0x0000, 0x0021, 0x0861,
  0x18E3, 0x0021, 0x0082, 0x0082, 0x0062, 0x08E4, 0x00E4, 0x08E4, 0x0925, 0x0063, 0x6A41, 0xEC82, 0x8A82, 0x00C4, 0x0905, 0x0905,
  0x0905, 0x0905, 0x0105, 0x3142, 0xA2C1, 0xA280, 0xBB00, 0x9A40, 0x8A61, 0x0062, 0x08E4, 0x08E4, 0x00A3, 0x08C3, 0x0042, 0x7221,
  0xBB00, 0xAA80, 0xAA80, 0x9A20, 0xDC01, 0x7A62, 0x2102, 0x0000, 0x0020, 0x0000, 0x0000, 0x0020, 0x0020, 0x0040, 0x0081, 0x0060,
  0x0060, 0x0040, 0x0040, 0x0040, 0x0000, 0x28C0, 0x1060, 0x0000, 0x0000, 0x0020, 0x00C1, 0x0901, 0x2A23, 0x0081, 0x0000, 0x3163,
  0x2943, 0x0000, 0x0020, 0x0881, 0x0881, 0x0861, 0x0061, 0x0061, 0x0061, 0x0061, 0x0061, 0x0061, 0x0061, 0x0061, 0x0061, 0x0061,
  0x0061, 0x0061, 0x0061, 0x0061, 0x0061, 0x0061, 0x0061, 0x0061, 0x0061, 0x0061, 0x0061, 0x0041, 0x0020, 0x0020, 0x0020, 0x0040,
  0x0041, 0x0061, 0x0061, 0x0061, 0x0061, 0x0061, 0x0081, 0x0081, 0x0081, 0x0081, 0x0061, 0x0041, 0x0041, 0x0062, 0x0062, 0x0042,
  0x0062, 0x0882, 0x0882, 0x0882, 0x0841, 0x0020, 0x0000, 0x0000, 0x0000, 0x0000, 0x0000, 0x0000, 0x0000, 0x0000, 0x0000, 0x0820,
  0x1040, 0x1060, 0x1861, 0x1881, 0x20C2, 0x20C2, 0x28E3, 0x28E3, 0x2903, 0x2903, 0x2903, 0x2904, 0x2924, 0x2924, 0x3165, 0x3186,
  0x39E7, 0x4229, 0x4A8A, 0x52EB, 0x5B2D, 0x634D, 0x636E, 0x5B4D, 0x5B0C, 0x4AAA, 0x4228, 0x31C7, 0x2965, 0x2124, 0x18E3, 0x18C2,
  0x10A1, 0x1881, 0x1881, 0x1881, 0x1860, 0x2060, 0x2060, 0x2080, 0x2080, 0x1800, 0x20E1, 0x0840, 0x1820, 0x2880, 0x0841, 0x0083,
  0x1187, 0x2AAB, 0x2209, 0x00A4, 0x0906, 0x1AAE, 0x1A8D, 0x2AEE, 0x1967, 0x0021, 0x0882, 0xC636, 0x9533, 0x0947, 0x0988, 0x4C92,
  0x132D, 0x0A2A, 0x22AC, 0x0043, 0x08E6, 0x0064, 0x0085, 0x00E7, 0x020C, 0x00E6, 0x0002, 0x00C6, 0x0084, 0x0064, 0x0064, 0x0084,
  0x0064, 0x00A5, 0x0084, 0x5A46, 0x4A47, 0x4944, 0xD4C5, 0xF5C2, 0xEBE0, 0xE2A0, 0x50C0, 0x1061, 0x1061, 0x0021, 0x0021, 0x0062,
  0x0083, 0x0083, 0x08E4, 0x1145, 0x08C3, 0x0021, 0x0021, 0x0042, 0x0021, 0x0083, 0x00A3, 0x0042, 0x0001, 0x0021, 0x0021, 0x1082,
  0x10A3, 0x0021, 0x0062, 0x08C3, 0x0062, 0x08C4, 0x08E4, 0x08E4, 0x0925, 0x0063, 0x7A81, 0xE421, 0x9281, 0x08C3, 0x0905, 0x0905,
  0x0905, 0x0925, 0x00E5, 0x59C2, 0x9A80, 0xAAC0, 0xB2C0, 0xAA80, 0x51A1, 0x0063, 0x08E4, 0x08C4, 0x08A3, 0x08C3, 0x0042, 0x8A81,
  0xB2C0, 0xAA80, 0xA240, 0x9A41, 0xDBC1, 0x6A22, 0x20E2, 0x0000, 0x0000, 0x0000, 0x0000, 0x0020, 0x0020, 0x0060, 0x0060, 0x0040,
  0x0040, 0x0040, 0x0020, 0x0020, 0x0020, 0x30E0, 0x0000, 0x0000, 0x0000, 0x0040, 0x00A1, 0x0921, 0x2A03, 0x0000, 0x2102, 0x39C3,
  0x0000, 0x0000, 0x10A1, 0x08A1, 0x08A1, 0x0881, 0x0881, 0x0881, 0x0061, 0x0061, 0x0061, 0x0061, 0x0061, 0x0061, 0x0061, 0x0061,
  0x0061, 0x0061, 0x0061, 0x0061, 0x0061, 0x0061, 0x0061, 0x0061, 0x0061, 0x0061, 0x0061, 0x0061, 0x0041, 0x0040, 0x0020, 0x0020,
  0x0040, 0x0040, 0x0061, 0x0061, 0x0061, 0x0061, 0x0061, 0x0081, 0x00A1, 0x0081, 0x0081, 0x0061, 0x0041, 0x0062, 0x0062, 0x0042,
  0x0062, 0x0082, 0x0882, 0x0882, 0x0841, 0x0020, 0x0000, 0x0000, 0x0000, 0x0000, 0x0000, 0x0000, 0x0000, 0x0000, 0x0820, 0x0820,
  0x1040, 0x1861, 0x1881, 0x20A2, 0x20C2, 0x28E3, 0x28E3, 0x2903, 0x2903, 0x2903, 0x2903, 0x2924, 0x2944, 0x3165, 0x39A6, 0x41E7,
  0x4A49, 0x52AB, 0x5B0C, 0x634D, 0x636D, 0x634D, 0x5B2C, 0x52AB, 0x4249, 0x39E7, 0x2985, 0x2124, 0x18E3, 0x18C2, 0x10A1, 0x1881,
  0x1881, 0x1881, 0x1860, 0x2060, 0x2060, 0x2080, 0x2080, 0x2080, 0x2080, 0x2081, 0x4A01, 0x1080, 0x0000, 0x2081, 0x0841, 0x00A4,
  0x120A, 0x230F, 0x09CA, 0x0988, 0x2B0E, 0x22CE, 0x120B, 0x2ACD, 0x0083, 0x0041, 0x8C6F, 0xADB4, 0x19E8, 0x0967, 0x54D3, 0x2492,
  0x01EA, 0x126B, 0x0083, 0x0001, 0x0043, 0x0064, 0x0085, 0x0108, 0x0A2D, 0x0106, 0x0022, 0x0064, 0x0043, 0x0064, 0x0064, 0x00A5,
  0x0064, 0x0085, 0x0085, 0x10A4, 0x1924, 0x5983, 0xF629, 0xECE1, 0xEB00, 0x7920, 0x1021, 0x1882, 0x0021, 0x0021, 0x0042, 0x0083,
  0x0083, 0x08E4, 0x0904, 0x0082, 0x0021, 0x0042, 0x0062, 0x0022, 0x0062, 0x00C4, 0x0083, 0x0041, 0x0021, 0x0021, 0x0000, 0x0862,
  0x0861, 0x0041, 0x0062, 0x00A3, 0x0082, 0x08C4, 0x08E4, 0x08E4, 0x0925, 0x0063, 0x82A1, 0xDBE1, 0x9A81, 0x10E3, 0x08E5, 0x0905,
  0x08E4, 0x0926, 0x08E4, 0x8262, 0x9240, 0xBAE0, 0xA260, 0x9A60, 0x28E2, 0x00A4, 0x08C4, 0x08A3, 0x08A3, 0x00A3, 0x0882, 0xAB01,
  0xAA80, 0xAA80, 0x9A20, 0x9A21, 0xD381, 0x6202, 0x20E2, 0x0000, 0x0000, 0x0000, 0x0000, 0x0000, 0x0020, 0x0060, 0x0040, 0x0040,
  0x0040, 0x0020, 0x0020, 0x0000, 0x1880, 0x30C0, 0x0000, 0x0000, 0x0000, 0x0040, 0x00A1, 0x1141, 0x1982, 0x0840, 0x4A44, 0x0020,
  0x0000, 0x0040, 0x10C1, 0x10C1, 0x10C1, 0x10A1, 0x08A1, 0x08A1, 0x0881, 0x0881, 0x0061, 0x0061, 0x0061, 0x0061, 0x0061, 0x0061,
  0x0061, 0x0061, 0x0061, 0x0061, 0x0061, 0x0061, 0x0061, 0x0061, 0x0061, 0x0061, 0x0061, 0x0061, 0x0061, 0x0061, 0x0041, 0x0020,
  0x0020, 0x0040, 0x0040, 0x0061, 0x0061, 0x0061, 0x0061, 0x0061, 0x0081, 0x00A1, 0x0081, 0x0081, 0x0041, 0x0041, 0x0062, 0x0062,
  0x0042, 0x0082, 0x0882, 0x0882, 0x0841, 0x0020, 0x0000, 0x0000, 0x0000, 0x0000, 0x0000, 0x0000, 0x0000, 0x0000, 0x0820, 0x1040,
  0x1060, 0x1881, 0x20A2, 0x20C2, 0x28E3, 0x28E3, 0x2903, 0x2903, 0x2903, 0x2903, 0x2924, 0x2944, 0x3185, 0x39C7, 0x4228, 0x4A8A,
  0x52EB, 0x5B2D, 0x634D, 0x636D, 0x5B2D, 0x52CB, 0x4269, 0x39E7, 0x2985, 0x2124, 0x18E3, 0x18C2, 0x10A1, 0x1881, 0x1881, 0x1861,
  0x2060, 0x2060, 0x2080, 0x2080, 0x2080, 0x2080, 0x2081, 0x1881, 0x1881, 0x1881, 0x5A81, 0x0080, 0x0820, 0x1040, 0x0841, 0x00A4,
  0x122B, 0x2371, 0x128D, 0x11C9, 0x2B70, 0x122B, 0x22EE, 0x1167, 0x0062, 0x5B0B, 0xCE77, 0x19C7, 0x0187, 0x4431, 0x34F4, 0x030D,
  0x0A6B, 0x0906, 0x0021, 0x0063, 0x00C6, 0x00E7, 0x0085, 0x00E7, 0x01AA, 0x00E6, 0x0043, 0x0064, 0x0064, 0x0064, 0x00C6, 0x00C6,
  0x00A5, 0x00A5, 0x00A5, 0x00A4, 0x0884, 0xAB86, 0xFE89, 0xF3E0, 0xA180, 0x1800, 0x1862, 0x0841, 0x0021, 0x0022, 0x0083, 0x0083,
  0x00A3, 0x00A3, 0x0042, 0x0021, 0x0062, 0x0063, 0x0062, 0x0021, 0x0062, 0x00C4, 0x0083, 0x0042, 0x0021, 0x0021, 0x0000, 0x0861,
  0x0862, 0x0041, 0x0062, 0x0083, 0x0083, 0x08C4, 0x0905, 0x08E4, 0x0925, 0x0063, 0x82A1, 0xD3C1, 0x9281, 0x18E3, 0x00E5, 0x0925,
  0x08E5, 0x0106, 0x2143, 0x9AC1, 0x9240, 0xBB00, 0x9A40, 0x79E1, 0x08A3, 0x08C4, 0x08C4, 0x00A3, 0x08A3, 0x00A3, 0x20E2, 0xBB41,
  0x9A40, 0xA280, 0x89E0, 0x9A61, 0xC361, 0x5A03, 0x20E1, 0x0000, 0x0000, 0x0000, 0x0000, 0x0000, 0x0000, 0x0040, 0x0040, 0x0020,
  0x0040, 0x0020, 0x0020, 0x0000, 0x3900, 0x1060, 0x0000, 0x0000, 0x0000, 0x0081, 0x00A1, 0x1162, 0x08C1, 0x31C4, 0x2122, 0x0000,
  0x0000, 0x10E1, 0x10E1, 0x10E1, 0x10E1, 0x10C1, 0x10C1, 0x10C1, 0x10A1, 0x08A1, 0x0881, 0x0881, 0x0881, 0x0061, 0x0061, 0x0061,
  0x0061, 0x0061, 0x0061, 0x0061, 0x0061, 0x0061, 0x0061, 0x0061, 0x0061, 0x0061, 0x0061, 0x0061, 0x0061, 0x0061, 0x0061, 0x0041,
  0x0020, 0x0020, 0x0020, 0x0040, 0x0061, 0x0061, 0x0061, 0x0061, 0x0061, 0x0081, 0x0081, 0x0081, 0x0061, 0x0041, 0x0062, 0x0062,
  0x0042, 0x0062, 0x0882, 0x0882, 0x0861, 0x0020, 0x0000, 0x0000, 0x0000, 0x0000, 0x0000, 0x0000, 0x0000, 0x0800, 0x0820, 0x1040,
  0x1861, 0x1881, 0x20C2, 0x28E2, 0x28E3, 0x2903, 0x2903, 0x2903, 0x2903, 0x2924, 0x2944, 0x3185, 0x39E7, 0x4A49, 0x52AA, 0x5B0C,
  0x634D, 0x636E, 0x5B4D, 0x52EC, 0x4A6A, 0x3A07, 0x2985, 0x2124, 0x18E3, 0x18C2, 0x10A1, 0x1881, 0x1881, 0x1860, 0x2060, 0x2060,
  0x2080, 0x2080, 0x2080, 0x2081, 0x1881, 0x1881, 0x1881, 0x1081, 0x1081, 0x1082, 0x10A2, 0x0040, 0x0820, 0x0841, 0x0882, 0x00A4,
  0x230F, 0x2330, 0x1AAD, 0x336F, 0x2B0E, 0x1A6C, 0x228C, 0x0083, 0x31A6, 0xE6F9, 0x4B0B, 0x0187, 0x4492, 0x2C51, 0x028B, 0x0A6B,
  0x1126, 0x0863, 0x00E6, 0x0107, 0x0108, 0x00E7, 0x0064, 0x0085, 0x0148, 0x00E7, 0x0044, 0x0043, 0x0084, 0x0085, 0x0969, 0x00C6,
  0x00E6, 0x0106, 0x00A4, 0x00A5, 0x38C2, 0xEDC9, 0xFD65, 0xC200, 0x3000, 0x1061, 0x0841, 0x0021, 0x0022, 0x0062, 0x0083, 0x00A3,
  0x0063, 0x0021, 0x0042, 0x0083, 0x0063, 0x0042, 0x0042, 0x0042, 0x00A4, 0x00A4, 0x0083, 0x0042, 0x0021, 0x0021, 0x0000, 0x0021,
  0x0841, 0x0062, 0x0062, 0x00A3, 0x00A3, 0x00C4, 0x0905, 0x08E4, 0x0925, 0x0042, 0x8AA1, 0xCBA1, 0x9A81, 0x2103, 0x00E5, 0x0925,
  0x0905, 0x00E5, 0x3983, 0xA2A0, 0x9A60, 0xBB00, 0x8A00, 0x5961, 0x00A3, 0x08E4, 0x08C4, 0x0083, 0x08A3, 0x0083, 0x4162, 0xC341,
  0x8A00, 0x9A60, 0x81C0, 0xA2A1, 0xC341, 0x5A03, 0x18C1, 0x0000, 0x0000, 0x0000, 0x0000, 0x0000, 0x0000, 0x0020, 0x0020, 0x0020,
  0x0020, 0x0020, 0x0000, 0x1040, 0x3900, 0x0000, 0x0000, 0x0000, 0x0000, 0x00A1, 0x00A0, 0x1162, 0x10C1, 0x10C2, 0x0020, 0x0041,
  0x1943, 0x10C1, 0x10E1, 0x10E1, 0x10E1, 0x10E1, 0x10E1, 0x10C1, 0x10C1, 0x10C1, 0x10C1, 0x08A1, 0x08A1, 0x0881, 0x0881, 0x0061,
  0x0061, 0x0061, 0x0061, 0x0061, 0x0061, 0x0061, 0x0061, 0x0061, 0x0061, 0x0061, 0x0061, 0x0061, 0x0061, 0x0061, 0x0061, 0x0061,
  0x0041, 0x0020, 0x0020, 0x0020, 0x0040, 0x0061, 0x0061, 0x0061, 0x0061, 0x0061, 0x0081, 0x0081, 0x0081, 0x0041, 0x0042, 0x0062,
  0x0042, 0x0062, 0x0882, 0x0882, 0x0861, 0x0020, 0x0000, 0x0000, 0x0000, 0x0000, 0x0000, 0x0000, 0x0000, 0x0820, 0x1040, 0x1061,
  0x1881, 0x20A2, 0x20C2, 0x28E3, 0x2903, 0x2903, 0x2903, 0x2903, 0x2924, 0x3145, 0x31A6, 0x41E8, 0x4A69, 0x52CB, 0x5B2D, 0x636D,
  0x634D, 0x5B0C, 0x4A8A, 0x3A08, 0x29A6, 0x2124, 0x18E3, 0x18A2, 0x1081, 0x1881, 0x1881, 0x1860, 0x2060, 0x2080, 0x2080, 0x2080,
  0x2080, 0x1881, 0x1881, 0x1881, 0x1081, 0x1081, 0x1082, 0x10A2, 0x10A3, 0x08A3, 0x08C3, 0x0020, 0x0840, 0x0861, 0x08A3, 0x00C4,
  0x2BB1, 0x1ACE, 0x126C, 0x5D15, 0x2AED, 0x11CA, 0x1187, 0x0021, 0x738D, 0xA573, 0x0125, 0x3C10, 0x5D95, 0x026A, 0x0A4A, 0x0905,
  0x1042, 0x0127, 0x0189, 0x0149, 0x01EC, 0x0149, 0x0064, 0x0085, 0x00A6, 0x0169, 0x0064, 0x0043, 0x0023, 0x0148, 0x0108, 0x00C7,
  0x00E6, 0x0084, 0x00A5, 0x0822, 0xA345, 0xFE47, 0xD280, 0x4000, 0x1841, 0x1061, 0x0021, 0x0021, 0x0062, 0x0083, 0x0083, 0x0062,
  0x0042, 0x0042, 0x0062, 0x0062, 0x0021, 0x0041, 0x0062, 0x00C4, 0x00C4, 0x0083, 0x0083, 0x0041, 0x0021, 0x0021, 0x0000, 0x2020,
  0x0041, 0x0062, 0x0082, 0x00A3, 0x00A3, 0x00C4, 0x0905, 0x08E5, 0x0925, 0x0063, 0x8AC1, 0xCBA1, 0xA2A0, 0x3143, 0x00E5, 0x0905,
  0x0925, 0x00C4, 0x51C2, 0xA280, 0xA280, 0xBB00, 0x89E0, 0x4100, 0x0083, 0x08E4, 0x08C4, 0x08A3, 0x08A3, 0x0063, 0x6A01, 0xBB21,
  0x79C0, 0x9A40, 0x79A0, 0xAAE2, 0xBB21, 0x5203, 0x1081, 0x0000, 0x0000, 0x0020, 0x0000, 0x0020, 0x0000, 0x0000, 0x0020, 0x0020,
  0x0020, 0x0020, 0x0000, 0x30E0, 0x20A0, 0x0000, 0x0000, 0x0000, 0x0000, 0x00A1, 0x00A0, 0x1982, 0x0060, 0x0000, 0x0020, 0x08C2,
  0x10E2, 0x10C1, 0x10C1, 0x10C1, 0x10C1, 0x10E1, 0x10E1, 0x10E1, 0x10E1, 0x10E1, 0x10C1, 0x10C1, 0x10C1, 0x10A1, 0x08A1, 0x0881,
  0x0881, 0x0881, 0x0061, 0x0061, 0x0061, 0x0061, 0x0061, 0x0061, 0x0061, 0x0061, 0x0061, 0x0061, 0x0061, 0x0061, 0x0061, 0x0061,
  0x0061, 0x0061, 0x0041, 0x0020, 0x0020, 0x0040, 0x0061, 0x0061, 0x0061, 0x0061, 0x0081, 0x00A1, 0x0081, 0x0061, 0x0041, 0x0062,
  0x0062, 0x0042, 0x0082, 0x0882, 0x0862, 0x0020, 0x0000, 0x0000, 0x0000, 0x0000, 0x0000, 0x0000, 0x0800, 0x0820, 0x1040, 0x1881,
  0x20A2, 0x20C2, 0x28E3, 0x2903, 0x2903, 0x2903, 0x2904, 0x2924, 0x3165, 0x39C6, 0x4228, 0x52AA, 0x5B0C, 0x634D, 0x636E, 0x5B2C,
  0x52AA, 0x4228, 0x31A6, 0x2124, 0x18E3, 0x18A2, 0x1881, 0x1881, 0x1861, 0x2060, 0x2060, 0x2080, 0x2080, 0x2080, 0x2081, 0x1881,
  0x1881, 0x1081, 0x1081, 0x1082, 0x10A2, 0x10A3, 0x08C3, 0x08C3, 0x08C4, 0x08E4, 0x08E4, 0x0020, 0x0841, 0x0861, 0x1105, 0x08E5,
  0x2350, 0x120B, 0x1A6B, 0x5493, 0x11EA, 0x1A6D, 0x00C4, 0x29C7, 0xADB5, 0x2A8A, 0x0A8B, 0x2431, 0x036E, 0x0B0D, 0x1146, 0x0800,
  0x00C4, 0x01EA, 0x0169, 0x01EB, 0x02AE, 0x026D, 0x0148, 0x00A6, 0x00C7, 0x0149, 0x0989, 0x0064, 0x0128, 0x0128, 0x00A6, 0x00C6,
  0x00C6, 0x0907, 0x0044, 0x8224, 0xFEAA, 0xDB01, 0x4800, 0x1821, 0x1862, 0x0021, 0x0042, 0x0042, 0x0062, 0x0082, 0x0042, 0x0022,
  0x0042, 0x0042, 0x0042, 0x0042, 0x0063, 0x00A4, 0x00C4, 0x00A4, 0x00A3, 0x0083, 0x0062, 0x0041, 0x0021, 0x0000, 0x2820, 0x3840,
  0x0021, 0x0062, 0x0082, 0x00A3, 0x00C4, 0x00A3, 0x0905, 0x0905, 0x0925, 0x0083, 0x9B01, 0xD3A1, 0xAAA0, 0x4183, 0x00E5, 0x0905,
  0x0926, 0x00C4, 0x6A02, 0x9A40, 0xAAA0, 0xC300, 0x81E0, 0x30E1, 0x00A3, 0x08C4, 0x08C4, 0x08C4, 0x08A3, 0x0062, 0x8A81, 0xAAC0,
  0x79E0, 0x9A40, 0x79A0, 0xB322, 0xAAE1, 0x4A03, 0x0860, 0x0000, 0x0000, 0x0000, 0x0000, 0x0060, 0x0040, 0x0000, 0x0000, 0x0000,
  0x0000, 0x0000, 0x0820, 0x4120, 0x0820, 0x0020, 0x0000, 0x0000, 0x0020, 0x00A1, 0x00C0, 0x1161, 0x0000, 0x0000, 0x0020, 0x0060,
  0x0881, 0x08A1, 0x08A1, 0x08A1, 0x08A1, 0x10C1, 0x10C1, 0x10C1, 0x10E1, 0x10E1, 0x10E1, 0x10E1, 0x10E1, 0x10C1, 0x10C1, 0x10C1,
  0x10A1, 0x08A1, 0x0881, 0x0881, 0x0061, 0x0061, 0x0061, 0x0061, 0x0061, 0x0061, 0x0061, 0x0061, 0x0061, 0x0061, 0x0061, 0x0061,
  0x0061, 0x0061, 0x0061, 0x0041, 0x0020, 0x0020, 0x0040, 0x0061, 0x0061, 0x0061, 0x0061, 0x0081, 0x00A1, 0x0081, 0x0041, 0x0042,
  0x0062, 0x0042, 0x0082, 0x0882, 0x0862, 0x0020, 0x0000, 0x0000, 0x0000, 0x0000, 0x0000, 0x0000, 0x0820, 0x1040, 0x1861, 0x1881,
  0x20C2, 0x28E3, 0x2903, 0x2903, 0x2903, 0x2924, 0x2944, 0x3185, 0x39C7, 0x4A49, 0x52CB, 0x5B2D, 0x636E, 0x5B4D, 0x52CB, 0x4248,
  0x31A6, 0x2124, 0x18E3, 0x10A2, 0x1881, 0x1881, 0x1860, 0x2060, 0x2080, 0x2080, 0x2080, 0x2081, 0x1881, 0x1881, 0x1881, 0x1081,
  0x1082, 0x10A2, 0x10A3, 0x08C3, 0x08C3, 0x08E4, 0x08E4, 0x0905, 0x1105, 0x1125, 0x1126, 0x1146, 0x0841, 0x1082, 0x1105, 0x1147,
  0x1ACE, 0x0988, 0x3C32, 0x2B2E, 0x126D, 0x1AAD, 0x00A4, 0x3208, 0x534D, 0x0187, 0x4D35, 0x24D4, 0x038F, 0x226A, 0x1041, 0x2A08,
  0x12CC, 0x01A9, 0x020A, 0x022C, 0x028D, 0x02EF, 0x0310, 0x020C, 0x00A5, 0x0064, 0x0127, 0x09EB, 0x01CB, 0x0128, 0x0128, 0x00C6,
  0x0928, 0x08A6, 0x7184, 0xFECD, 0xEBC3, 0x5020, 0x1821, 0x1841, 0x0021, 0x0042, 0x0062, 0x10C3, 0x0882, 0x0042, 0x0042, 0x0062,
  0x0063, 0x0083, 0x00A4, 0x00C4, 0x00E5, 0x00C4, 0x00A4, 0x00A3, 0x0083, 0x0062, 0x0063, 0x0041, 0x0000, 0x4040, 0x5840, 0x1000,
  0x0041, 0x0062, 0x0082, 0x00A3, 0x00A4, 0x00A3, 0x0926, 0x0905, 0x0925, 0x0083, 0x9AE1, 0xD3A1, 0xA2A0, 0x49A2, 0x00E5, 0x0925,
  0x0926, 0x00E4, 0x7A21, 0x8A20, 0xA280, 0xB2C0, 0x81E0, 0x30E1, 0x00A4, 0x08C4, 0x08A3, 0x08A3, 0x08A3, 0x0862, 0x9AC1, 0x9240,
  0x79E0, 0x9240, 0x79A0, 0xBB22, 0x9AA1, 0x4A03, 0x0840, 0x0000, 0x0000, 0x0000, 0x0020, 0x0040, 0x0060, 0x0040, 0x0000, 0x0000,
  0x0000, 0x0000, 0x30E0, 0x28C0, 0x0020, 0x0020, 0x0000, 0x0000, 0x0060, 0x0080, 0x08E1, 0x1101, 0x0000, 0x0000, 0x0040, 0x0040,
  0x0881, 0x0881, 0x0881, 0x0881, 0x0881, 0x08A1, 0x08A1, 0x08A1, 0x10C1, 0x10C1, 0x10C1, 0x10C1, 0x10E1, 0x10E1, 0x10E1, 0x10E1,
  0x10C1, 0x10C1, 0x10C1, 0x08A1, 0x08A1, 0x0881, 0x0861, 0x0061, 0x0061, 0x0061, 0x0061, 0x0061, 0x0061, 0x0061, 0x0061, 0x0061,
  0x0061, 0x0061, 0x0061, 0x0061, 0x0041, 0x0020, 0x0020, 0x0040, 0x0061, 0x0061, 0x0061, 0x0061, 0x0081, 0x0081, 0x0061, 0x0041,
  0x0062, 0x0042, 0x0062, 0x0882, 0x0882, 0x0020, 0x0000, 0x0000, 0x0000, 0x0000, 0x0000, 0x0000, 0x0820, 0x1060, 0x1881, 0x20C2,
  0x28E3, 0x28E3, 0x2903, 0x2903, 0x2924, 0x2944, 0x3185, 0x41E8, 0x4A8A, 0x5B0C, 0x634D, 0x634D, 0x5B0C, 0x4269, 0x31C6, 0x2144,
  0x18E3, 0x10A2, 0x1881, 0x1881, 0x1860, 0x2060, 0x2080, 0x2080, 0x2080, 0x1881, 0x1881, 0x1881, 0x1081, 0x1082, 0x10A2, 0x10A3,
  0x08C3, 0x08C4, 0x08E4, 0x08E4, 0x1105, 0x1125, 0x1126, 0x1146, 0x1146, 0x1167, 0x1167, 0x1187, 0x0041, 0x10A3, 0x0883, 0x1167,
  0x1AEE, 0x22CD, 0x5535, 0x228C, 0x126D, 0x120A, 0x08C4, 0x4B2D, 0x1187, 0x0A8B, 0x2473, 0x0C31, 0x22AB, 0x1021, 0x2145, 0x7DF6,
  0x0B4E, 0x022B, 0x026C, 0x026C, 0x03B0, 0x0453, 0x0350, 0x026E, 0x0169, 0x0084, 0x0064, 0x00C6, 0x0128, 0x0948, 0x00C5, 0x00C6,
  0x0044, 0x6163, 0xFE8D, 0xE3C4, 0x6820, 0x2841, 0x2041, 0x0001, 0x0021, 0x20E2, 0x2903, 0x18E3, 0x0062, 0x0083, 0x00A3, 0x00C4,
  0x00C4, 0x00C4, 0x00C4, 0x00C4, 0x00C4, 0x00A3, 0x0062, 0x0083, 0x0083, 0x0083, 0x0062, 0x0021, 0x4040, 0x8080, 0x2000, 0x0000,
  0x0041, 0x0062, 0x0082, 0x00A3, 0x00A3, 0x00A4, 0x0925, 0x0905, 0x0926, 0x0083, 0x92E1, 0xD3A1, 0xA280, 0x51A2, 0x00C4, 0x0925,
  0x0105, 0x08E3, 0x8A41, 0x8200, 0x9A60, 0xAAA0, 0x81E0, 0x30E1, 0x00A3, 0x08A3, 0x08A3, 0x08A3, 0x0083, 0x18C1, 0xAAE1, 0x81E0,
  0x81E0, 0x8A00, 0x81E0, 0xB301, 0x8A61, 0x4A04, 0x0020, 0x0000, 0x0000, 0x0000, 0x0020, 0x0040, 0x0040, 0x0020, 0x0040, 0x0020,
  0x0000, 0x0820, 0x4121, 0x0820, 0x0020, 0x0000, 0x0000, 0x0000, 0x0081, 0x0060, 0x1122, 0x0881, 0x0000, 0x0000, 0x0881, 0x0020,
  0x0060, 0x0060, 0x0860, 0x0860, 0x0881, 0x0881, 0x0881, 0x0881, 0x0881, 0x08A1, 0x08A1, 0x08A1, 0x10C1, 0x10C1, 0x10C1, 0x10E1,
  0x10E1, 0x10E1, 0x10E1, 0x10C1, 0x10C1, 0x10A1, 0x08A1, 0x0881, 0x0881, 0x0061, 0x0061, 0x0061, 0x0061, 0x0061, 0x0061, 0x0061,
  0x0061, 0x0061, 0x0061, 0x0061, 0x0061, 0x0061, 0x0040, 0x0020, 0x0040, 0x0061, 0x0061, 0x0061, 0x0061, 0x00A1, 0x0081, 0x0061,
  0x0062, 0x0062, 0x0062, 0x0882, 0x0882, 0x0020, 0x0000, 0x0000, 0x0000, 0x0000, 0x0000, 0x0820, 0x1040, 0x1861, 0x20A2, 0x28E2,
  0x28E3, 0x2903, 0x2903, 0x2924, 0x2944, 0x39A6, 0x4229, 0x52CB, 0x5B4D, 0x636E, 0x5B2C, 0x4A8A, 0x31C7, 0x2144, 0x18E3, 0x10A1,
  0x1881, 0x1881, 0x2060, 0x2080, 0x2080, 0x2080, 0x2081, 0x1881, 0x1881, 0x1081, 0x10A2, 0x10A2, 0x08A3, 0x08C3, 0x08C4, 0x08E4,
  0x0905, 0x1125, 0x1126, 0x1146, 0x1146, 0x1167, 0x1167, 0x1187, 0x11A8, 0x11A8, 0x11C8, 0x11C8, 0x0020, 0x10C3, 0x0883, 0x1187,
  0x1ACE, 0x2B70, 0x4493, 0x120B, 0x1A6C, 0x0947, 0x2A09, 0x32CD, 0x2BB0, 0x1B2E, 0x032E, 0x238E, 0x20E4, 0x0882, 0x7DD6, 0x3533,
  0x034E, 0x02EE, 0x028D, 0x032F, 0x0493, 0x0473, 0x028D, 0x020C, 0x01EB, 0x0169, 0x0085, 0x0085, 0x0085, 0x0064, 0x00A6, 0x0003,
  0x6A05, 0xFE4D, 0xD304, 0x5000, 0x2841, 0x2862, 0x0821, 0x0861, 0x28E2, 0x3943, 0x3123, 0x0062, 0x0083, 0x00A4, 0x00A3, 0x00A4,
  0x00A4, 0x00C4, 0x00C4, 0x00A4, 0x0083, 0x0083, 0x0083, 0x0083, 0x0083, 0x0063, 0x0021, 0x4040, 0xA0A0, 0x3000, 0x0000, 0x0000,
  0x0062, 0x0082, 0x0083, 0x00A3, 0x00A3, 0x00C4, 0x0925, 0x0925, 0x0946, 0x00A4, 0x92C1, 0xCB81, 0x9A60, 0x61E1, 0x00A4, 0x0905,
  0x00E5, 0x10E3, 0x8A41, 0x81E0, 0x9A40, 0xA260, 0x79C0, 0x30E1, 0x0083, 0x08A3, 0x0082, 0x08A3, 0x0042, 0x4161, 0xB301, 0x71A0,
  0x79E0, 0x79E0, 0x8A01, 0xBB01, 0x8241, 0x4204, 0x0000, 0x0000, 0x0000, 0x0000, 0x0040, 0x0020, 0x0020, 0x0040, 0x0040, 0x0040,
  0x0000, 0x28E0, 0x1880, 0x0000, 0x0000, 0x0000, 0x0000, 0x0000, 0x00A1, 0x0080, 0x1942, 0x0040, 0x0000, 0x0040, 0x0060, 0x0060,
  0x0060, 0x0060, 0x0060, 0x0060, 0x0060, 0x0060, 0x0860, 0x0860, 0x0881, 0x0881, 0x0881, 0x0881, 0x0881, 0x08A1, 0x08A1, 0x10C1,
  0x10C1, 0x10C1, 0x10E1, 0x10E1, 0x10E1, 0x10E1, 0x10C1, 0x10C1, 0x10A1, 0x08A1, 0x0881, 0x0061, 0x0061, 0x0061, 0x0061, 0x0061,
  0x0061, 0x0061, 0x0061, 0x0061, 0x0061, 0x0061, 0x0061, 0x0041, 0x0020, 0x0040, 0x0061, 0x0061, 0x0061, 0x0081, 0x00A1, 0x0081,
  0x0041, 0x0062, 0x0042, 0x0882, 0x0882, 0x0021, 0x0000, 0x0000, 0x0000, 0x0000, 0x0000, 0x0820, 0x1060, 0x1881, 0x20C2, 0x28E3,
  0x2903, 0x2903, 0x2924, 0x3165, 0x39C7, 0x4A69, 0x5B0C, 0x636D, 0x5B4D, 0x4AAA, 0x39E7, 0x2144, 0x18E2, 0x10A1, 0x1881, 0x1860,
  0x2060, 0x2080, 0x2080, 0x2081, 0x1881, 0x1881, 0x1081, 0x10A2, 0x10A2, 0x08C3, 0x08C3, 0x08E4, 0x08E4, 0x1105, 0x1125, 0x1146,
  0x1146, 0x1167, 0x1167, 0x1187, 0x11A8, 0x11A8, 0x11C8, 0x11C9, 0x19E9, 0x19E9, 0x1A09, 0x1A0A, 0x1A2A, 0x1904, 0x0862, 0x224B,
  0x1A8D, 0x4C93, 0x3BD1, 0x122C, 0x122B, 0x1146, 0x2A8B, 0x22ED, 0x3C52, 0x136F, 0x1B8E, 0x2966, 0x0841, 0x4C91, 0x771A, 0x038D,
  0x02ED, 0x02CD, 0x032F, 0x0555, 0x0534, 0x02ED, 0x028D, 0x0370, 0x02AE, 0x01EB, 0x0149, 0x0085, 0x00A5, 0x0085, 0x0802, 0x9B69,
  0xFE4E, 0xBA22, 0x3800, 0x2041, 0x2041, 0x0021, 0x1882, 0x3923, 0x4163, 0x20E3, 0x0062, 0x0083, 0x0083, 0x0083, 0x00A3, 0x00A4,
  0x00C4, 0x00C4, 0x00A4, 0x0083, 0x0083, 0x00A4, 0x0083, 0x0063, 0x0063, 0x0042, 0x2820, 0xB8E1, 0x5020, 0x0000, 0x0800, 0x0000,
  0x0041, 0x0082, 0x0083, 0x0083, 0x00C4, 0x0905, 0x0905, 0x0925, 0x0926, 0x00A4, 0x8AA1, 0xCB81, 0x9240, 0x7221, 0x00A3, 0x00E5,
  0x00E5, 0x18E2, 0x8A41, 0x8200, 0x9240, 0x9A40, 0x71A0, 0x38E0, 0x0082, 0x0883, 0x0082, 0x08A3, 0x0042, 0x7222, 0xA2A0, 0x71A0,
  0x71C0, 0x71C0, 0x9241, 0xC321, 0x7A41, 0x41E4, 0x0000, 0x0000, 0x0000, 0x0000, 0x0041, 0x0040, 0x0020, 0x0040, 0x0040, 0x0020,
  0x0840, 0x3101, 0x0000, 0x0000, 0x0000, 0x0000, 0x0000, 0x0040, 0x0081, 0x00A0, 0x1122, 0x0000, 0x0000, 0x0881, 0x0020, 0x0060,
  0x0060, 0x0060, 0x0060, 0x0060, 0x0060, 0x0060, 0x0060, 0x0060, 0x0060, 0x0060, 0x0060, 0x0860, 0x0880, 0x0881, 0x0881, 0x0881,
  0x08A1, 0x08A1, 0x08A1, 0x10C1, 0x10C1, 0x10E1, 0x10E1, 0x10E1, 0x10E1, 0x10C1, 0x10C1, 0x08A1, 0x0881, 0x0881, 0x0061, 0x0061,
  0x0061, 0x0061, 0x0061, 0x0061, 0x0061, 0x0061, 0x0061, 0x0061, 0x0061, 0x0020, 0x0020, 0x0061, 0x0061, 0x0061, 0x0081, 0x0081,
  0x0061, 0x0062, 0x0042, 0x0082, 0x0882, 0x0021, 0x0000, 0x0000, 0x0000, 0x0000, 0x0820, 0x1040, 0x1881, 0x20C2, 0x28E3, 0x2903,
  0x2903, 0x2924, 0x3185, 0x4208, 0x52AB, 0x634D, 0x634D, 0x52CB, 0x3A07, 0x2144, 0x18E2, 0x10A1, 0x1881, 0x1860, 0x2060, 0x2080,
  0x2080, 0x1881, 0x1881, 0x1081, 0x10A2, 0x10A2, 0x08C3, 0x08C4, 0x08E4, 0x0905, 0x1125, 0x1126, 0x1146, 0x1167, 0x1187, 0x1187,
  0x11A8, 0x11A8, 0x11C8, 0x19E9, 0x19E9, 0x1A09, 0x1A0A, 0x1A2A, 0x1A2A, 0x1A2A, 0x1A4B, 0x1A4B, 0x224B, 0x1904, 0x0882, 0x22AC,
  0x1A8D, 0x3C12, 0x228C, 0x1ACE, 0x11C9, 0x2A2A, 0x2AAC, 0x338F, 0x1B0E, 0x2411, 0x1166, 0x1021, 0x0A28, 0x677B, 0x5698, 0x02AB,
  0x0B2D, 0x038F, 0x03F1, 0x0535, 0x0D54, 0x02ED, 0x02EE, 0x02EE, 0x026D, 0x018A, 0x0128, 0x00A5, 0x0023, 0x28A3, 0xCD0D, 0xF56C,
  0x88E1, 0x2800, 0x2061, 0x1841, 0x0021, 0x1882, 0x3923, 0x3923, 0x18A2, 0x0042, 0x0063, 0x0062, 0x0062, 0x0083, 0x0083, 0x0083,
  0x0063, 0x0063, 0x0083, 0x00A4, 0x00A4, 0x00A3, 0x0063, 0x0083, 0x0062, 0x1021, 0xC101, 0x7860, 0x0800, 0x0820, 0x0000, 0x0000,
  0x0041, 0x08A3, 0x0083, 0x0083, 0x00A4, 0x0905, 0x0905, 0x0905, 0x0926, 0x00A4, 0x8261, 0xCB81, 0x8A20, 0x7A21, 0x10C3, 0x00E5,
  0x00E5, 0x2102, 0x9241, 0x81E0, 0x8A20, 0x9220, 0x69A0, 0x4100, 0x0882, 0x0083, 0x08A3, 0x0083, 0x0861, 0x92A1, 0x8A20, 0x71A0,
  0x71A0, 0x79E0, 0x9A81, 0xB301, 0x7221, 0x41E4, 0x0000, 0x0000, 0x0000, 0x0000, 0x0040, 0x0061, 0x0020, 0x0040, 0x0040, 0x0000,
  0x20A1, 0x1060, 0x0000, 0x0000, 0x0000, 0x0000, 0x0000, 0x0061, 0x0040, 0x1101, 0x08C1, 0x0000, 0x0040, 0x0880, 0x0000, 0x0060,
  0x0060, 0x0060, 0x0060, 0x0060, 0x0060, 0x0060, 0x0060, 0x0060, 0x0060, 0x0060, 0x0060, 0x0060, 0x0060, 0x0060, 0x0060, 0x0860,
  0x0880, 0x0881, 0x0881, 0x0881, 0x08A1, 0x08A1, 0x10C1, 0x10C1, 0x10C1, 0x10E1, 0x10E1, 0x10E1, 0x10C1, 0x10C1, 0x08A1, 0x0881,
  0x0061, 0x0061, 0x0061, 0x0061, 0x0061, 0x0061, 0x0061, 0x0061, 0x0061, 0x0061, 0x0020, 0x0020, 0x0061, 0x0061, 0x0061, 0x0081,
  0x0081, 0x0041, 0x0062, 0x0062, 0x0882, 0x0021, 0x0000, 0x0000, 0x0000, 0x0000, 0x0820, 0x1861, 0x20C2, 0x28E3, 0x2903, 0x2903,
  0x2924, 0x3186, 0x4A49, 0x5B0C, 0x636E, 0x5B0C, 0x4228, 0x2144, 0x18C2, 0x1881, 0x1881, 0x2060, 0x2080, 0x2080, 0x1881, 0x1881,
  0x1081, 0x10A2, 0x10A3, 0x08C3, 0x08E4, 0x08E4, 0x1105, 0x1126, 0x1146, 0x1167, 0x1187, 0x1187, 0x11A8, 0x11C8, 0x11C9, 0x19E9,
  0x19E9, 0x1A0A, 0x1A2A, 0x1A2A, 0x1A4A, 0x1A4B, 0x224B, 0x226B, 0x226B, 0x226B, 0x226C, 0x228C, 0x228C, 0x10E4, 0x08C3, 0x2AEE,
  0x234F, 0x334F, 0x1A4B, 0x120A, 0x2A4B, 0x32EE, 0x43D1, 0x120A, 0x234F, 0x2B2D, 0x31A7, 0x1A69, 0x1CD1, 0x4F5A, 0x13CF, 0x030C,
  0x2DB5, 0x032D, 0x0451, 0x0554, 0x03D0, 0x0472, 0x034F, 0x020B, 0x0128, 0x0128, 0x00A6, 0x0001, 0x6286, 0xF62F, 0xCBC8, 0x4800,
  0x1001, 0x1862, 0x1041, 0x1042, 0x2082, 0x1062, 0x1062, 0x0042, 0x0042, 0x0063, 0x0042, 0x0042, 0x0042, 0x0042, 0x0063, 0x0063,
  0x0083, 0x00A4, 0x00A4, 0x00A4, 0x0083, 0x0083, 0x0083, 0x0083, 0x0021, 0xA901, 0xA8C1, 0x1000, 0x1021, 0x0800, 0x0000, 0x0000,
  0x0062, 0x00A3, 0x00A3, 0x0083, 0x0083, 0x0905, 0x08E5, 0x08E5, 0x0926, 0x00A4, 0x7241, 0xC361, 0x8A40, 0x8241, 0x2102, 0x00E5,
  0x00E5, 0x2922, 0x9241, 0x79C0, 0x81E0, 0x81E0, 0x71A0, 0x4920, 0x20E2, 0x0082, 0x08A3, 0x0062, 0x20C1, 0xA2C1, 0x71A0, 0x71A0,
  0x6980, 0x8A20, 0x9A82, 0xA2A1, 0x61E1, 0x41E4, 0x0000, 0x0000, 0x0000, 0x0000, 0x0020, 0x0061, 0x0020, 0x0040, 0x0040, 0x0840,
  0x20C1, 0x0000, 0x0000, 0x0000, 0x0000, 0x0000, 0x0000, 0x0080, 0x0020, 0x1122, 0x0040, 0x0000, 0x0860, 0x0040, 0x0000, 0x0060,
  0x0060, 0x0060, 0x0060, 0x0060, 0x0060, 0x0060, 0x0060, 0x0060, 0x0060, 0x0060, 0x0060, 0x0060, 0x0060, 0x0060, 0x0060, 0x0060,
  0x0060, 0x0060, 0x0060, 0x0860, 0x0860, 0x0881, 0x0881, 0x0881, 0x08A1, 0x08A1, 0x10C1, 0x10C1, 0x10E1, 0x10E1, 0x10E1, 0x10C1,
  0x10A1, 0x0881, 0x0881, 0x0061, 0x0061, 0x0061, 0x0061, 0x0061, 0x0061, 0x0061, 0x0061, 0x0041, 0x0020, 0x0061, 0x0061, 0x0061,
  0x00A1, 0x0061, 0x0062, 0x0042, 0x0882, 0x0041, 0x0000, 0x0000, 0x0000, 0x0800, 0x1040, 0x20A1, 0x28E3, 0x2903, 0x2904, 0x2944,
  0x39C7, 0x52AA, 0x634D, 0x5B2D, 0x4249, 0x2965, 0x18C2, 0x1881, 0x1860, 0x2060, 0x2080, 0x2081, 0x1881, 0x1081, 0x10A2, 0x10A3,
  0x08C3, 0x08E4, 0x1105, 0x1125, 0x1146, 0x1167, 0x1187, 0x1188, 0x11A8, 0x11C8, 0x19E9, 0x19E9, 0x1A0A, 0x1A2A, 0x1A2A, 0x1A4A,
  0x1A4B, 0x224B, 0x226B, 0x226B, 0x226C, 0x228C, 0x228C, 0x228C, 0x228C, 0x228C, 0x228C, 0x228C, 0x228C, 0x10E4, 0x0883, 0x2B0E,
  0x2B4F, 0x22AD, 0x122B, 0x19C9, 0x2AAD, 0x5473, 0x2B0E, 0x122B, 0x2B4E, 0x7472, 0x6C51, 0x5636, 0x3EB7, 0x1D33, 0x02EB, 0x1574,
  0x1D13, 0x028B, 0x0513, 0x0491, 0x02ED, 0x038F, 0x032E, 0x0189, 0x0107, 0x0044, 0x20C4, 0xAC8B, 0xF5ED, 0x89A3, 0x2000, 0x1062,
  0x2082, 0x2062, 0x1062, 0x1862, 0x0842, 0x0022, 0x0042, 0x0062, 0x0062, 0x0062, 0x0063, 0x0063, 0x0063, 0x0062, 0x0062, 0x0083,
  0x00C5, 0x00C4, 0x0083, 0x0062, 0x0063, 0x0083, 0x0083, 0x0022, 0x78A1, 0xC921, 0x2000, 0x1020, 0x1021, 0x0000, 0x0000, 0x0000,
  0x0062, 0x0082, 0x0083, 0x00A3, 0x0083, 0x0905, 0x0105, 0x00E5, 0x0925, 0x00A4, 0x6A02, 0xBB41, 0x8A40, 0x8240, 0x3142, 0x00C4,
  0x00E5, 0x3122, 0x8A21, 0x71A0, 0x79C0, 0x79C0, 0x71A0, 0x5940, 0x3101, 0x10C2, 0x0083, 0x0042, 0x5181, 0x9AA1, 0x6980, 0x71A0,
  0x6160, 0x9261, 0x8A62, 0x9AA2, 0x59C2, 0x39C3, 0x0000, 0x0000, 0x0000, 0x0000, 0x0020, 0x0041, 0x0040, 0x0040, 0x0020, 0x18A1,
  0x0840, 0x0000, 0x0000, 0x0000, 0x0000, 0x0000, 0x0040, 0x0060, 0x0060, 0x1101, 0x0000, 0x0020, 0x0880, 0x0000, 0x0000, 0x0040,
  0x0040, 0x0040, 0x0060, 0x0060, 0x0060, 0x0060, 0x0060, 0x0060, 0x0060, 0x0060, 0x0060, 0x0060, 0x0060, 0x0060, 0x0060, 0x0060,
  0x0060, 0x0060, 0x0060, 0x0060, 0x0060, 0x0060, 0x0060, 0x0060, 0x0860, 0x0881, 0x0881, 0x0881, 0x08A1, 0x10C1, 0x10C1, 0x10E1,
  0x10E1, 0x10E1, 0x10C1, 0x08A1, 0x0881, 0x0061, 0x0061, 0x0061, 0x0061, 0x0061, 0x0061, 0x0061, 0x0061, 0x0020, 0x0041, 0x0061,
  0x0061, 0x0081, 0x0041, 0x0042, 0x0882, 0x0841, 0x0000, 0x0000, 0x0000, 0x0820, 0x1881, 0x20C2, 0x2903, 0x2904, 0x3144, 0x4208,
  0x5B0C, 0x636D, 0x4A8A, 0x2965, 0x18C2, 0x1881, 0x2060, 0x2080, 0x2080, 0x1881, 0x1081, 0x10A2, 0x08A3, 0x08C4, 0x08E4, 0x1125,
  0x1146, 0x1167, 0x1187, 0x11A8, 0x11A8, 0x11C9, 0x19E9, 0x1A09, 0x1A0A, 0x1A2A, 0x1A4B, 0x1A4B, 0x226B, 0x226B, 0x226C, 0x228C,
  0x228C, 0x228C, 0x228C, 0x228C, 0x228C, 0x228C, 0x228C, 0x228C, 0x22AC, 0x22AC, 0x22AC, 0x22AC, 0x22AC, 0x1904, 0x08A3, 0x334F,
  0x2B4F, 0x1A8D, 0x1A2B, 0x21EA, 0x3B2F, 0x332F, 0x22ED, 0x236F, 0x4BF1, 0x534D, 0x234C, 0x573A, 0x5F9B, 0x142F, 0x03CE, 0x1554,
  0x02EC, 0x0430, 0x0553, 0x03EF, 0x028B, 0x022A, 0x01CA, 0x0148, 0x0043, 0x6AC8, 0xEE71, 0xC429, 0x4020, 0x1020, 0x20C2, 0x20A2,
  0x1062, 0x0842, 0x0042, 0x0022, 0x0042, 0x0042, 0x0042, 0x0042, 0x0062, 0x0063, 0x0063, 0x0083, 0x0084, 0x00A4, 0x00A4, 0x0063,
  0x0042, 0x0042, 0x0063, 0x0083, 0x0083, 0x0063, 0x0042, 0x3841, 0xD961, 0x4020, 0x0820, 0x1841, 0x0821, 0x0001, 0x0000, 0x0000,
  0x0042, 0x0082, 0x0083, 0x00A4, 0x00A4, 0x00E5, 0x0905, 0x00E5, 0x0905, 0x00A4, 0x59E2, 0xBB41, 0x8A40, 0x8220, 0x4981, 0x00C4,
  0x00E5, 0x3122, 0x8200, 0x6980, 0x71C0, 0x71C0, 0x71A0, 0x69A0, 0x3900, 0x2102, 0x0882, 0x0041, 0x7A21, 0x8200, 0x6980, 0x69A0,
  0x5120, 0x9A81, 0x7202, 0xA2E3, 0x4981, 0x2122, 0x0000, 0x0000, 0x0000, 0x0020, 0x0020, 0x0061, 0x0040, 0x0041, 0x0020, 0x1081,
  0x0000, 0x0000, 0x0000, 0x0000, 0x0000, 0x0000, 0x0081, 0x0020, 0x10C1, 0x08A1, 0x0000, 0x0860, 0x0020, 0x0000, 0x0040, 0x0040,
  0x0040, 0x0040, 0x0040, 0x0040, 0x0040, 0x0040, 0x0040, 0x0040, 0x0040, 0x0040, 0x0060, 0x0060, 0x0060, 0x0060, 0x0060, 0x0060,
  0x0060, 0x0060, 0x0060, 0x0060, 0x0060, 0x0060, 0x0060, 0x0060, 0x0060, 0x0060, 0x0060, 0x0060, 0x0860, 0x0881, 0x0881, 0x08A1,
  0x08A1, 0x10C1, 0x10E1, 0x10E1, 0x10E1, 0x10C1, 0x08A1, 0x0061, 0x0061, 0x0061, 0x0061, 0x0061, 0x0061, 0x0061, 0x0020, 0x0040,
  0x0061, 0x0081, 0x0081, 0x0062, 0x0082, 0x0841, 0x0000, 0x0000, 0x0000, 0x1060, 0x20C2, 0x2903, 0x2903, 0x3185, 0x4A8A, 0x634D,
  0x52CB, 0x2985, 0x18C2, 0x1881, 0x2060, 0x2080, 0x1881, 0x1081, 0x10A2, 0x08C3, 0x08E4, 0x1105, 0x1126, 0x1167, 0x1187, 0x11A8,
  0x11C8, 0x19E9, 0x1A09, 0x1A0A, 0x1A2A, 0x1A4B, 0x224B, 0x226B, 0x226C, 0x228C, 0x228C, 0x228C, 0x228C, 0x228C, 0x228C, 0x228C,
  0x228C, 0x22AC, 0x22AC, 0x22AC, 0x22AC, 0x22AC, 0x228C, 0x228C, 0x228C, 0x22AC, 0x22AC, 0x22AC, 0x22AC, 0x22AC, 0x1167, 0x4C52,
  0x22AD, 0x1A4C, 0x1A0A, 0x32ED, 0x32ED, 0x334E, 0x6597, 0x4C93, 0x8D96, 0x21E8, 0x4D94, 0x4FDB, 0x2E36, 0x036D, 0x1DF6, 0x0C71,
  0x032D, 0x0471, 0x03CF, 0x028B, 0x024A, 0x01A8, 0x00C5, 0x3186, 0xC570, 0xEE10, 0x79E4, 0x3020, 0x28C2, 0x20C2, 0x1041, 0x0021,
  0x0022, 0x0022, 0x0042, 0x0042, 0x0042, 0x0062, 0x0042, 0x0062, 0x0063, 0x0063, 0x0083, 0x00A4, 0x00A4, 0x00A4, 0x00A4, 0x00A4,
  0x0083, 0x0083, 0x0083, 0x0083, 0x0083, 0x0063, 0x1021, 0xC121, 0x8080, 0x0800, 0x1841, 0x1041, 0x0001, 0x0001, 0x0000, 0x0000,
  0x0042, 0x0083, 0x00A3, 0x08C4, 0x00C4, 0x00E4, 0x0905, 0x00E4, 0x0905, 0x00C4, 0x49A2, 0xB321, 0x8A40, 0x7A20, 0x61C1, 0x08C3,
  0x00E5, 0x2901, 0x71C0, 0x6160, 0x69A0, 0x71C0, 0x6980, 0x71C0, 0x5140, 0x18A0, 0x10A1, 0x18A1, 0x9282, 0x6180, 0x6180, 0x5960,
  0x5120, 0x9AA1, 0x4961, 0xA324, 0x4161, 0x1902, 0x0000, 0x0000, 0x0000, 0x0020, 0x0041, 0x0041, 0x0040, 0x0040, 0x0860, 0x0860,
  0x0000, 0x0000, 0x0000, 0x0000, 0x0000, 0x0020, 0x0060, 0x0020, 0x1102, 0x0000, 0x0000, 0x0060, 0x0000, 0x0000, 0x0040, 0x0040,
  0x0040, 0x0040, 0x0040, 0x0040, 0x0040, 0x0040, 0x0040, 0x0040, 0x0040, 0x0040, 0x0040, 0x0040, 0x0040, 0x0040, 0x0040, 0x0040,
  0x0040, 0x0060, 0x0060, 0x0060, 0x0060, 0x0060, 0x0060, 0x0060, 0x0060, 0x0060, 0x0060, 0x0060, 0x0060, 0x0060, 0x0060, 0x0060,
  0x0860, 0x0881, 0x0881, 0x08A1, 0x10C1, 0x10C1, 0x10E1, 0x10C1, 0x10A1, 0x0881, 0x0061, 0x0061, 0x0061, 0x0061, 0x0061, 0x0041,
  0x0040, 0x0061, 0x00A1, 0x0041, 0x0042, 0x0862, 0x0000, 0x0000, 0x0820, 0x20A2, 0x2903, 0x2904, 0x39C6, 0x5B0C, 0x5B2C, 0x31A6,
  0x18A2, 0x1861, 0x2080, 0x2081, 0x1081, 0x10A2, 0x08C3, 0x08E4, 0x1126, 0x1166, 0x1187, 0x11A8, 0x11C9, 0x19E9, 0x1A0A, 0x1A2A,
  0x1A4B, 0x226B, 0x226B, 0x228C, 0x228C, 0x228C, 0x228C, 0x228C, 0x228C, 0x228C, 0x22AC, 0x22AC, 0x22AC, 0x22AC, 0x228C, 0x228C,
  0x228C, 0x22AC, 0x22AC, 0x22AC, 0x22AC, 0x22AC, 0x22AC, 0x22AC, 0x22AC, 0x22AC, 0x22AC, 0x22AC, 0x22AC, 0x2AAD, 0x2A6B, 0x5494,
  0x1A6C, 0x19EA, 0x19C9, 0x3B4F, 0x2AED, 0x5D35, 0x4CF4, 0x4C31, 0x5BF0, 0x0A8A, 0x5F9C, 0x4F7B, 0x036C, 0x1CB1, 0x3637, 0x0430,
  0x038E, 0x032D, 0x02AB, 0x020A, 0x01C9, 0x00E5, 0x7328, 0xEE92, 0xBC2B, 0x58C0, 0x30C2, 0x20C2, 0x1041, 0x0001, 0x0001, 0x0022,
  0x0042, 0x0042, 0x0042, 0x0063, 0x0063, 0x0063, 0x0063, 0x0083, 0x0083, 0x0063, 0x00A4, 0x00A4, 0x00C4, 0x08E4, 0x08E5, 0x0905,
  0x00E4, 0x00A4, 0x08A3, 0x0062, 0x0083, 0x0022, 0x88C1, 0xC921, 0x1800, 0x1041, 0x1861, 0x0821, 0x0001, 0x0001, 0x0000, 0x0000,
  0x0861, 0x0083, 0x08A3, 0x08C4, 0x00A4, 0x00E4, 0x00E5, 0x00C4, 0x0925, 0x00C5, 0x3962, 0xAB01, 0x8A20, 0x7A00, 0x69E0, 0x10E2,
  0x00A4, 0x2901, 0x69C0, 0x5960, 0x69A0, 0x71A0, 0x69A0, 0x6180, 0x6180, 0x30E0, 0x0040, 0x4961, 0x8A61, 0x5120, 0x5960, 0x5140,
  0x6180, 0x92A1, 0x28C1, 0xA323, 0x3961, 0x1902, 0x0000, 0x0000, 0x0000, 0x0040, 0x0041, 0x0041, 0x0041, 0x0020, 0x10A1, 0x0020,
  0x0000, 0x0000, 0x0000, 0x0000, 0x0000, 0x0060, 0x0020, 0x0880, 0x08A1, 0x0000, 0x0040, 0x0020, 0x0000, 0x0000, 0x0040, 0x0040,
  0x0040, 0x0040, 0x0040, 0x0040, 0x0040, 0x0040, 0x0040, 0x0040, 0x0040, 0x0040, 0x0040, 0x0040, 0x0040, 0x0040, 0x0040, 0x0040,
  0x0040, 0x0040, 0x0040, 0x0040, 0x0040, 0x0040, 0x0040, 0x0040, 0x0040, 0x0060, 0x0060, 0x0060, 0x0060, 0x0060, 0x0060, 0x0060,
  0x0060, 0x0060, 0x0060, 0x0060, 0x0060, 0x0881, 0x0881, 0x08A1, 0x10C1, 0x10E1, 0x10C1, 0x08A1, 0x0061, 0x0061, 0x0061, 0x0061,
  0x0061, 0x0040, 0x0061, 0x0081, 0x0062, 0x0882, 0x0000, 0x0000, 0x1861, 0x28E3, 0x2924, 0x4229, 0x636E, 0x31C7, 0x10A1, 0x2060,
  0x2080, 0x1881, 0x10A2, 0x08C4, 0x1125, 0x1146, 0x1187, 0x11C8, 0x19E9, 0x1A0A, 0x1A2A, 0x224B, 0x226B, 0x228C, 0x228C, 0x228C,
  0x228C, 0x228C, 0x228C, 0x22AC, 0x22AC, 0x22AC, 0x228C, 0x228C, 0x22AC, 0x22AC, 0x22AC, 0x22AC, 0x22AC, 0x22AC, 0x22AC, 0x22AC,
  0x22AC, 0x22AC, 0x2AAD, 0x2AAD, 0x2AAD, 0x2AAD, 0x2AAD, 0x2AAD, 0x2ACD, 0x2ACD, 0x2ACD, 0x2ACD, 0x2ACD, 0x2ACD, 0x4BD0, 0x3BF2,
  0x1A4C, 0x11A8, 0x2AAC, 0x4C32, 0x54F5, 0x44B4, 0x3C31, 0x434E, 0x1187, 0x1CF2, 0x2FDC, 0x0D94, 0x036C, 0x3E16, 0x0410, 0x034E,
  0x034E, 0x030C, 0x0209, 0x0167, 0x29E7, 0xBD8F, 0xEE0F, 0x8A64, 0x40A1, 0x20C2, 0x0841, 0x0001, 0x0001, 0x0022, 0x0022, 0x0042,
  0x0042, 0x0042, 0x0063, 0x0063, 0x0062, 0x0063, 0x0083, 0x0063, 0x0062, 0x08A3, 0x10C3, 0x1104, 0x1105, 0x08C4, 0x00A4, 0x00A4,
  0x0083, 0x08A3, 0x10A3, 0x0883, 0x0062, 0x3861, 0xE9A2, 0x5840, 0x0821, 0x1841, 0x1861, 0x0020, 0x0021, 0x0001, 0x0000, 0x0000,
  0x18A1, 0x0083, 0x08A3, 0x00C4, 0x00A4, 0x00E4, 0x00C4, 0x0905, 0x0905, 0x00E5, 0x2102, 0xA2E1, 0x8A20, 0x7A00, 0x69C0, 0x28E1,
  0x0083, 0x2101, 0x69A0, 0x5960, 0x6180, 0x6180, 0x6980, 0x5960, 0x5960, 0x5160, 0x28C0, 0x8262, 0x79E0, 0x5140, 0x5940, 0x4100,
  0x7A21, 0x7A41, 0x20A1, 0xA323, 0x3161, 0x18E2, 0x0000, 0x0000, 0x0000, 0x0041, 0x0040, 0x0020, 0x0040, 0x0040, 0x18E1, 0x0000,
  0x0000, 0x0000, 0x0000, 0x0000, 0x0020, 0x0061, 0x0000, 0x08C1, 0x0020, 0x0000, 0x0020, 0x0020, 0x0000, 0x1060, 0x0020, 0x0020,
  0x0020, 0x0020, 0x0020, 0x0020, 0x0020, 0x0020, 0x0020, 0x0020, 0x0020, 0x0020, 0x0020, 0x0040, 0x0040, 0x0040, 0x0040, 0x0040,
  0x0040, 0x0040, 0x0040, 0x0040, 0x0040, 0x0040, 0x0040, 0x0040, 0x0040, 0x0040, 0x0040, 0x0040, 0x0040, 0x0040, 0x0040, 0x0040,
  0x0060, 0x0060, 0x0060, 0x0060, 0x0060, 0x0060, 0x0060, 0x0060, 0x0060, 0x0880, 0x0881, 0x10C1, 0x10E1, 0x10C1, 0x0881, 0x0061,
  0x0061, 0x0061, 0x0020, 0x0061, 0x0041, 0x0882, 0x0000, 0x0820, 0x28E3, 0x2924, 0x5B0C, 0x4228, 0x1881, 0x2080, 0x1881, 0x10A3,
  0x08E4, 0x1146, 0x1187, 0x11C9, 0x1A0A, 0x1A4A, 0x226B, 0x226C, 0x228C, 0x228C, 0x228C, 0x228C, 0x22AC, 0x22AC, 0x228C, 0x228C,
  0x22AC, 0x22AC, 0x22AC, 0x22AC, 0x22AC, 0x22AC, 0x22AC, 0x2AAD, 0x2AAD, 0x2AAD, 0x2AAD, 0x2AAD, 0x2ACD, 0x2ACD, 0x2ACD, 0x2ACD,
  0x2ACD, 0x2ACD, 0x2ACD, 0x2ACD, 0x2AED, 0x2AED, 0x2AED, 0x32ED, 0x32ED, 0x32ED, 0x32ED, 0x32ED, 0x32EE, 0x330E, 0x5493, 0x2B2F,
  0x1A0B, 0x19A8, 0x5452, 0x6556, 0x5D15, 0x4432, 0x43D0, 0x5BD0, 0x1A8A, 0x26F9, 0x379C, 0x040F, 0x3CF3, 0x24D2, 0x034D, 0x02AC,
  0x02ED, 0x028C, 0x0166, 0x6B8B, 0xF6F3, 0xC4AB, 0x5101, 0x2061, 0x0041, 0x0001, 0x0021, 0x0022, 0x0042, 0x0042, 0x0042, 0x0042,
  0x0063, 0x0083, 0x0063, 0x0042, 0x0063, 0x0063, 0x0062, 0x0882, 0x18E3, 0x2103, 0x20E3, 0x2903, 0x3123, 0x3103, 0x28E3, 0x18A3,
  0x08A3, 0x08A3, 0x10A3, 0x08A3, 0x0821, 0xB962, 0xB101, 0x1000, 0x1041, 0x1861, 0x1041, 0x0001, 0x0021, 0x0021, 0x0001, 0x0000,
  0x3101, 0x0882, 0x0083, 0x00A3, 0x00A4, 0x00E5, 0x00C4, 0x0905, 0x0905, 0x00E5, 0x10C3, 0x9AC1, 0x8220, 0x7A00, 0x61A0, 0x3921,
  0x0063, 0x20E2, 0x61A0, 0x5940, 0x5980, 0x5960, 0x5960, 0x5940, 0x5120, 0x5120, 0x5140, 0x92C2, 0x6160, 0x5940, 0x5140, 0x4900,
  0x92A1, 0x4120, 0x28E1, 0xA324, 0x3162, 0x10C1, 0x0000, 0x0000, 0x0000, 0x0041, 0x0040, 0x0040, 0x0020, 0x18C1, 0x1081, 0x0000,
  0x0000, 0x0000, 0x0000, 0x0000, 0x0060, 0x0040, 0x0040, 0x08A1, 0x0000, 0x0020, 0x0020, 0x0040, 0x0020, 0x18A1, 0x0040, 0x0040,
  0x0040, 0x0040, 0x0040, 0x0020, 0x0020, 0x0020, 0x0020, 0x0020, 0x0020, 0x0020, 0x0020, 0x0020, 0x0020, 0x0020, 0x0020, 0x0020,
  0x0020, 0x0020, 0x0020, 0x0020, 0x0020, 0x0020, 0x0020, 0x0020, 0x0020, 0x0040, 0x0040, 0x0040, 0x0040, 0x0040, 0x0040, 0x0040,
  0x0040, 0x0040, 0x0040, 0x0040, 0x0040, 0x0040, 0x0040, 0x0060, 0x0060, 0x0060, 0x0060, 0x0060, 0x0060, 0x0860, 0x08A1, 0x10E1,
  0x10C1, 0x0061, 0x0061, 0x0020, 0x0081, 0x0082, 0x0000, 0x20C2, 0x3185, 0x52CB, 0x1881, 0x1881, 0x08C3, 0x1126, 0x11A8, 0x1A09,
  0x1A4B, 0x226C, 0x228C, 0x228C, 0x22AC, 0x22AC, 0x228C, 0x22AC, 0x22AC, 0x22AC, 0x22AC, 0x22AC, 0x2AAD, 0x2AAD, 0x2AAD, 0x2ACD,
  0x2ACD, 0x2ACD, 0x2ACD, 0x2ACD, 0x2ACD, 0x2AED, 0x2AED, 0x32ED, 0x32ED, 0x32ED, 0x330E, 0x330E, 0x330E, 0x330E, 0x330E, 0x330E,
  0x330E, 0x330E, 0x330E, 0x332E, 0x332E, 0x332E, 0x332E, 0x332E, 0x332E, 0x3B2E, 0x3B2E, 0x3B2E, 0x3B2E, 0x3B2E, 0x4C53, 0x11EA,
  0x19EA, 0x32ED, 0x6535, 0x7597, 0x4C32, 0x32CD, 0x3B2E, 0x2AED, 0x1CD2, 0x1F1A, 0x0CB1, 0x0B2C, 0x3D54, 0x0AEC, 0x0B2D, 0x028B,
  0x026B, 0x1228, 0xB592, 0xEED3, 0x6A44, 0x1020, 0x0042, 0x0021, 0x0022, 0x0022, 0x0022, 0x0063, 0x0063, 0x0063, 0x0042, 0x0063,
  0x0083, 0x0063, 0x0062, 0x0042, 0x0042, 0x0862, 0x20C2, 0x3923, 0x4963, 0x5163, 0x5183, 0x5162, 0x4942, 0x4122, 0x3902, 0x30E2,
  0x28C2, 0x18A2, 0x0882, 0x0062, 0x58C1, 0xE9C2, 0x4800, 0x0021, 0x1861, 0x2081, 0x0821, 0x0001, 0x0021, 0x0021, 0x0021, 0x0000,
  0x30E0, 0x20C1, 0x0063, 0x00A3, 0x00C4, 0x00E5, 0x00C4, 0x0905, 0x0905, 0x0905, 0x08A3, 0x8261, 0x8220, 0x7200, 0x61A0, 0x5181,
  0x0082, 0x18C2, 0x5980, 0x5140, 0x5140, 0x5960, 0x5140, 0x4920, 0x4920, 0x4100, 0x71E1, 0x8241, 0x5120, 0x5140, 0x5120, 0x5960,
  0x8261, 0x0020, 0x4162, 0x9B23, 0x2962, 0x0881, 0x0000, 0x0000, 0x0020, 0x0041, 0x0040, 0x0041, 0x0020, 0x2102, 0x0020, 0x0020,
  0x0000, 0x0000, 0x0000, 0x0000, 0x00A1, 0x0020, 0x08A1, 0x0020, 0x0000, 0x0020, 0x0040, 0x0040, 0x0860, 0x0040, 0x0040, 0x0040,
  0x0040, 0x0040, 0x0040, 0x0040, 0x0040, 0x0040, 0x0040, 0x0040, 0x0040, 0x0040, 0x0040, 0x0040, 0x0040, 0x0040, 0x0040, 0x0040,
  0x0040, 0x0040, 0x0040, 0x0040, 0x0040, 0x0040, 0x0040, 0x0040, 0x0040, 0x0040, 0x0040, 0x0040, 0x0020, 0x0020, 0x0020, 0x0020,
  0x0020, 0x0020, 0x0020, 0x0020, 0x0020, 0x0020, 0x0020, 0x0020, 0x0040, 0x0040, 0x0040, 0x0040, 0x0040, 0x0040, 0x0040, 0x0060,
  0x0060, 0x0060, 0x10C1, 0x0881, 0x0061, 0x0041, 0x0820, 0x5B0C, 0x2080, 0x08E4, 0x11C9, 0x226B, 0x228C, 0x22AC, 0x228C, 0x22AC,
  0x22AC, 0x2AAD, 0x2AAD, 0x2ACD, 0x2ACD, 0x2AED, 0x32ED, 0x32ED, 0x330E, 0x330E, 0x330E, 0x330E, 0x330E, 0x332E, 0x332E, 0x3B2E,
  0x3B2E, 0x3B2E, 0x3B2E, 0x3B2E, 0x3B2E, 0x3B4E, 0x3B4E, 0x3B4E, 0x3B4E, 0x3B4E, 0x3B4F, 0x3B4F, 0x3B4F, 0x3B4F, 0x3B4F, 0x3B4F,
  0x3B4F, 0x3B4F, 0x3B4F, 0x3B4F, 0x3B4F, 0x3B4F, 0x3B4F, 0x3B4F, 0x3B4F, 0x3B4F, 0x3B4F, 0x3B4F, 0x3B4F, 0x3B4F, 0x2ACD, 0x1188,
  0x2A8C, 0x64F4, 0x5C93, 0x334E, 0x3B4F, 0x4BB0, 0x3B2E, 0x1B4E, 0x1658, 0x0DD6, 0x028A, 0x3533, 0x24F3, 0x026B, 0x022A, 0x01C8,
  0x3AC9, 0xE715, 0xCDD1, 0x20A0, 0x0001, 0x0042, 0x0022, 0x0022, 0x0021, 0x0022, 0x0063, 0x0084, 0x0063, 0x0063, 0x0084, 0x0084,
  0x0063, 0x0862, 0x0842, 0x0042, 0x1061, 0x38E2, 0x5962, 0x69A2, 0x79E2, 0x69A2, 0x5982, 0x4102, 0x38E2, 0x3902, 0x38E2, 0x30E2,
  0x28C2, 0x28C2, 0x18C2, 0x1021, 0xD1A1, 0xA8C0, 0x1000, 0x1041, 0x2081, 0x1881, 0x0001, 0x0021, 0x0021, 0x0021, 0x0001, 0x0000,
  0x28C0, 0x4141, 0x0882, 0x00A3, 0x00C4, 0x00E5, 0x00C4, 0x0905, 0x08E5, 0x0905, 0x00A3, 0x7222, 0x8220, 0x71E0, 0x61A0, 0x59A0,
  0x18C2, 0x08A1, 0x5160, 0x4920, 0x4920, 0x4920, 0x4920, 0x4100, 0x4100, 0x40E0, 0x8262, 0x69A0, 0x4920, 0x4940, 0x4900, 0x7A21,
  0x4141, 0x0000, 0x51C3, 0x9303, 0x2122, 0x0040, 0x0000, 0x0000, 0x0020, 0x0041, 0x0040, 0x0020, 0x18C1, 0x2942, 0x0000, 0x0040,
  0x0000, 0x0000, 0x0000, 0x0080, 0x00A0, 0x0020, 0x0881, 0x0000, 0x0020, 0x0020, 0x00A1, 0x0861, 0x0840, 0x0000, 0x0060, 0x0060,
  0x0060, 0x0060, 0x0060, 0x0060, 0x0060, 0x0060, 0x0060, 0x0060, 0x0060, 0x0060, 0x0060, 0x0060, 0x0060, 0x0060, 0x0060, 0x0060,
  0x0060, 0x0060, 0x0060, 0x0060, 0x0060, 0x0060, 0x0060, 0x0060, 0x0060, 0x0060, 0x0060, 0x0060, 0x0060, 0x0060, 0x0060, 0x0060,
  0x0060, 0x0060, 0x0060, 0x0060, 0x0060, 0x0060, 0x0060, 0x0060, 0x0060, 0x0060, 0x0060, 0x0060, 0x0060, 0x0060, 0x0060, 0x0060,
  0x0060, 0x0060, 0x0060, 0x0060, 0x0060, 0x0060, 0x436F, 0x436F, 0x436F, 0x436F, 0x436F, 0x436F, 0x436F, 0x436F, 0x436F, 0x436F,
  0x436F, 0x436F, 0x436F, 0x436F, 0x436F, 0x436F, 0x436F, 0x436F, 0x436F, 0x436F, 0x436F, 0x436F, 0x436F, 0x436F, 0x436F, 0x436F,
  0x436F, 0x436F, 0x436F, 0x436F, 0x436F, 0x436F, 0x436F, 0x436F, 0x436F, 0x436F, 0x436F, 0x436F, 0x436F, 0x436F, 0x436F, 0x436F,
  0x436F, 0x436F, 0x436F, 0x436F, 0x436F, 0x436F, 0x436F, 0x436F, 0x436F, 0x436F, 0x436F, 0x436F, 0x436F, 0x436F, 0x1167, 0x2A8C,
  0x5432, 0x64D4, 0x224B, 0x1A2A, 0x6D15, 0x5452, 0x2AEC, 0x1CF3, 0x16D9, 0x04B2, 0x030B, 0x3D75, 0x02AB, 0x028C, 0x01C7, 0x5BAC,
  0xF797, 0x940A, 0x0000, 0x0042, 0x0062, 0x0022, 0x0022, 0x0022, 0x0043, 0x0084, 0x0084, 0x0063, 0x0063, 0x00A4, 0x00A4, 0x0062,
  0x0842, 0x0841, 0x0021, 0x2081, 0x5121, 0x6982, 0x71A2, 0x6182, 0x5941, 0x4101, 0x30E1, 0x20C2, 0x20A2, 0x20A2, 0x28C2, 0x28C1,
  0x28C1, 0x28A2, 0x1061, 0x68E1, 0xF1E1, 0x5800, 0x0820, 0x1061, 0x20A2, 0x1061, 0x0001, 0x0021, 0x0021, 0x0021, 0x0021, 0x0000,
  0x20C0, 0x5181, 0x3122, 0x0083, 0x00C4, 0x00E5, 0x00C4, 0x0905, 0x0905, 0x08E5, 0x00A4, 0x51C2, 0x8A60, 0x69A0, 0x61A0, 0x5160,
  0x3921, 0x0861, 0x3920, 0x4100, 0x4100, 0x4120, 0x4100, 0x4100, 0x38E0, 0x4920, 0x8A62, 0x5120, 0x4920, 0x4100, 0x5960, 0x71E1,
  0x0840, 0x0000, 0x6203, 0x82C3, 0x1902, 0x0020, 0x0000, 0x0000, 0x0020, 0x0041, 0x0040, 0x0000, 0x4204, 0x1081, 0x0020, 0x0020,
  0x0000, 0x0000, 0x0020, 0x08C1, 0x0020, 0x0060, 0x0020, 0x0000, 0x0020, 0x0080, 0x1102, 0x0840, 0x0000, 0x0000, 0x0861, 0x0861,
  0x0861, 0x0861, 0x0861, 0x0861, 0x0861, 0x0861, 0x0861, 0x0861, 0x0861, 0x0861, 0x0861, 0x0861, 0x0861, 0x0881, 0x0881, 0x0881,
  0x0881, 0x0881, 0x0881, 0x0881, 0x0881, 0x0881, 0x0881, 0x0881, 0x0881, 0x0881, 0x0881, 0x0881, 0x0881, 0x0881, 0x0881, 0x0881,
  0x0881, 0x0881, 0x0881, 0x0881, 0x0881, 0x0881, 0x0881, 0x10A1, 0x10A1, 0x10A1, 0x10C2, 0x18E2, 0x1903, 0x2123, 0x2123, 0x18E2,
  0x0861, 0x0000, 0x0800, 0x2061, 0x69E6, 0x1A4B, 0x21E7, 0x5BEE, 0x4C0F, 0x53CE, 0x5C51, 0x6471, 0x6492, 0x6492, 0x6492, 0x6472,
  0x5C52, 0x5C31, 0x5C31, 0x5411, 0x53F1, 0x53F0, 0x53F0, 0x4BD0, 0x4BD0, 0x4BD0, 0x4BD0, 0x4BB0, 0x4BB0, 0x4BB0, 0x4BB0, 0x4BB0,
  0x4BB0, 0x4BB0, 0x4BB0, 0x4BB0, 0x4BB0, 0x4B8F, 0x4B8F, 0x438F, 0x438F, 0x438F, 0x438F, 0x438F, 0x438F, 0x438F, 0x438F, 0x438F,
  0x438F, 0x438F, 0x438F, 0x438F, 0x438F, 0x438F, 0x438F, 0x438F, 0x438F, 0x438F, 0x438F, 0x438F, 0x438F, 0x438F, 0x11A8, 0x434E,
  0x5C93, 0x32ED, 0x32CD, 0x5431, 0x5CB3, 0x33AF, 0x23AE, 0x1DD6, 0x0555, 0x034D, 0x1CB1, 0x1BCE, 0x01A7, 0x01E8, 0x7CD0, 0xFF98,
  0x62C7, 0x0000, 0x0063, 0x0062, 0x0021, 0x0022, 0x0042, 0x0063, 0x00A4, 0x0083, 0x0063, 0x0083, 0x0084, 0x0084, 0x0062, 0x1041,
  0x1041, 0x0841, 0x2081, 0x5921, 0x79A1, 0x71A2, 0x5142, 0x28C1, 0x1861, 0x0841, 0x0841, 0x0021, 0x0021, 0x0841, 0x0861, 0x1081,
  0x20A1, 0x20A2, 0x2040, 0xD222, 0xB900, 0x2800, 0x0841, 0x1861, 0x20A2, 0x0841, 0x0001, 0x0021, 0x0021, 0x0021, 0x0021, 0x0000,
  0x20C1, 0x4960, 0x59C2, 0x08A2, 0x00A4, 0x00C4, 0x00C4, 0x0905, 0x08E5, 0x08E5, 0x00C5, 0x3142, 0x8A61, 0x6180, 0x61A0, 0x5160,
  0x4961, 0x1061, 0x28C0, 0x38E0, 0x38E0, 0x3900, 0x3900, 0x4100, 0x30C0, 0x69E1, 0x69A1, 0x40E0, 0x4120, 0x4100, 0x7201, 0x20A1,
  0x0021, 0x0000, 0x7A84, 0x7283, 0x10E2, 0x0000, 0x0000, 0x0000, 0x0041, 0x0061, 0x0000, 0x2102, 0x4A24, 0x0000, 0x0040, 0x0040,
  0x0000, 0x0000, 0x00C1, 0x0080, 0x0020, 0x0040, 0x0000, 0x0040, 0x0040, 0x1962, 0x10A1, 0x0020, 0x0000, 0x1881, 0x0881, 0x0881,
  0x0881, 0x0881, 0x0881, 0x0881, 0x0881, 0x0881, 0x0881, 0x0881, 0x0881, 0x0881, 0x0881, 0x0881, 0x0881, 0x0881, 0x0881, 0x0881,
  0x0881, 0x0881, 0x0881, 0x0881, 0x0881, 0x0881, 0x0881, 0x08A1, 0x10A1, 0x10A1, 0x10A1, 0x10A1, 0x10A1, 0x10A2, 0x10C2, 0x18C2,
  0x18E2, 0x18E2, 0x1903, 0x2103, 0x2103, 0x2123, 0x2123, 0x2123, 0x18E3, 0x10C2, 0x0881, 0x0040, 0x0000, 0x0000, 0x0800, 0x0800,
  0x1840, 0x30C2, 0x61C6, 0x4144, 0x1146, 0x1A4B, 0x21C7, 0x328A, 0x4B8D, 0x5BCE, 0x542F, 0x4BEF, 0x53CE, 0x53EF, 0x5C30, 0x6451,
  0x6471, 0x6471, 0x6492, 0x6492, 0x6492, 0x6492, 0x6492, 0x6492, 0x6472, 0x6472, 0x6452, 0x5C51, 0x5C51, 0x5C31, 0x5C31, 0x5C11,
  0x5411, 0x5411, 0x5411, 0x53F1, 0x53F0, 0x53F0, 0x53F0, 0x53F0, 0x53D0, 0x4BD0, 0x4BD0, 0x4BD0, 0x4BD0, 0x4BD0, 0x4BD0, 0x4BD0,
  0x4BB0, 0x4BB0, 0x4BB0, 0x4BB0, 0x4BB0, 0x4BB0, 0x4BB0, 0x4BB0, 0x4BB0, 0x4BB0, 0x4BB0, 0x4BB0, 0x4BB0, 0x4BB0, 0x6C52, 0x4B8F,
  0x1A0A, 0x436E, 0x7515, 0x5C93, 0x54D3, 0x64D2, 0x5DB5, 0x1637, 0x0C51, 0x034D, 0x3678, 0x136D, 0x00C3, 0x8D10, 0xFF99, 0x41E5,
  0x0001, 0x0083, 0x0042, 0x0022, 0x0042, 0x0084, 0x00C5, 0x00A5, 0x0063, 0x0042, 0x0084, 0x0084, 0x0083, 0x0062, 0x1861, 0x1861,
  0x1041, 0x2081, 0x5901, 0x79A1, 0x6162, 0x28C1, 0x0821, 0x0001, 0x0001, 0x0001, 0x0021, 0x0001, 0x0021, 0x0001, 0x0001, 0x0021,
  0x0841, 0x1041, 0x7121, 0xFA82, 0x7840, 0x1820, 0x0841, 0x1882, 0x18A2, 0x0021, 0x0021, 0x0021, 0x0001, 0x0021, 0x0021, 0x0021,
  0x1881, 0x4141, 0x59A1, 0x3122, 0x0083, 0x00C4, 0x00C4, 0x0905, 0x08E5, 0x08E5, 0x00E5, 0x18E2, 0x7A21, 0x61A0, 0x59A0, 0x5160,
  0x4961, 0x20C1, 0x1880, 0x30E0, 0x30E0, 0x30E0, 0x38E0, 0x38E0, 0x3900, 0x7A22, 0x4100, 0x38E0, 0x38E0, 0x6180, 0x4141, 0x0000,
  0x0041, 0x0000, 0x92E4, 0x6222, 0x08C1, 0x0000, 0x0000, 0x0000, 0x0041, 0x0061, 0x0000, 0x5AA6, 0x1902, 0x0020, 0x0040, 0x0040,
  0x0000, 0x0080, 0x00E1, 0x0020, 0x0040, 0x0000, 0x0040, 0x0020, 0x1102, 0x2183, 0x0020, 0x0040, 0x0020, 0x3984, 0x0881, 0x0881,
  0x0881, 0x0881, 0x0881, 0x0881, 0x0881, 0x0881, 0x0881, 0x0881, 0x08A1, 0x10A1, 0x10A1, 0x10A1, 0x10A1, 0x10A1, 0x10A1, 0x10A1,
  0x10A1, 0x10C2, 0x10C2, 0x10C2, 0x18C2, 0x18C2, 0x18E2, 0x18E2, 0x18E3, 0x1903, 0x2103, 0x2103, 0x2123, 0x2123, 0x2123, 0x2123,
  0x2103, 0x1903, 0x18E2, 0x10A2, 0x0881, 0x0861, 0x0040, 0x0020, 0x0000, 0x0000, 0x0000, 0x0800, 0x0800, 0x1020, 0x2061, 0x38E2,
  0x59A5, 0x69E6, 0x3104, 0x1105, 0x1A4B, 0x1A2A, 0x21E7, 0x21E7, 0x3AEB, 0x4B6D, 0x5BEE, 0x5BEE, 0x540F, 0x4C0F, 0x4BEF, 0x53CF,
  0x53CE, 0x53EF, 0x5C30, 0x5C51, 0x6471, 0x6471, 0x6471, 0x6471, 0x6472, 0x6492, 0x6492, 0x6492, 0x6492, 0x6492, 0x6492, 0x6492,
  0x6492, 0x6472, 0x6472, 0x6472, 0x6472, 0x5C52, 0x5C51, 0x5C51, 0x5C31, 0x5C31, 0x5C31, 0x5C31, 0x5C11, 0x5411, 0x5411, 0x5411,
  0x5411, 0x53F1, 0x53F1, 0x53F0, 0x53F0, 0x53F0, 0x53F0, 0x53F0, 0x53D0, 0x53D0, 0x4BD0, 0x4BD0, 0x4BD0, 0x4BD0, 0x8D55, 0x11A9,
  0x2A8C, 0x6493, 0x64B4, 0x5C93, 0x43CF, 0x8D54, 0x3534, 0x0451, 0x02AB, 0x034D, 0x15D5, 0x02EA, 0x8CAF, 0xF776, 0x3183, 0x0001,
  0x0083, 0x0042, 0x0042, 0x0063, 0x00C5, 0x0106, 0x00A5, 0x0042, 0x0063, 0x00A4, 0x0084, 0x0084, 0x0062, 0x1861, 0x2061, 0x1861,
  0x2881, 0x50E1, 0x79A1, 0x40E1, 0x0821, 0x0001, 0x0021, 0x0021, 0x0021, 0x0021, 0x0021, 0x0022, 0x0021, 0x0021, 0x0021, 0x0021,
  0x0021, 0x0800, 0xCA63, 0xD181, 0x5020, 0x0820, 0x0861, 0x1882, 0x1881, 0x0021, 0x0021, 0x0021, 0x0001, 0x0021, 0x0021, 0x0021,
  0x0040, 0x3901, 0x4960, 0x59C1, 0x08A3, 0x00C4, 0x00E4, 0x08E5, 0x08E5, 0x08E5, 0x08E5, 0x00A3, 0x61C1, 0x69C0, 0x5160, 0x5160,
  0x4120, 0x3921, 0x1080, 0x28C0, 0x30E0, 0x30C0, 0x30E0, 0x28A0, 0x5161, 0x61A1, 0x30C0, 0x30C0, 0x4100, 0x5181, 0x0000, 0x0021,
  0x0041, 0x0020, 0x9B24, 0x41A2, 0x0061, 0x0000, 0x0000, 0x0020, 0x0061, 0x0020, 0x2943, 0x6B48, 0x0000, 0x0040, 0x0061, 0x0000,
  0x0040, 0x0101, 0x0060, 0x0000, 0x0020, 0x0000, 0x0061, 0x0060, 0x2A04, 0x08A1, 0x0840, 0x0000, 0x10A2, 0x18A2, 0x10A1, 0x10A1,
  0x10A1, 0x10A1, 0x10A1, 0x10A1, 0x10A2, 0x10C2, 0x10C2, 0x10C2, 0x10C2, 0x18C2, 0x18C2, 0x18E2, 0x18E2, 0x18E2, 0x18E3, 0x1903,
  0x1903, 0x2103, 0x2103, 0x2123, 0x2123, 0x2123, 0x2123, 0x2123, 0x2123, 0x1903, 0x1903, 0x18E3, 0x10C2, 0x10A2, 0x0881, 0x0861,
  0x0841, 0x0020, 0x0020, 0x0000, 0x0000, 0x0000, 0x0000, 0x0800, 0x0800, 0x0800, 0x1020, 0x1840, 0x28A1, 0x3902, 0x5985, 0x69E6,
  0x5985, 0x2904, 0x1905, 0x11E9, 0x1A6B, 0x1A29, 0x21E7, 0x21A6, 0x2A49, 0x3B2C, 0x436D, 0x53CE, 0x5BCE, 0x5BEE, 0x540F, 0x542F,
  0x4BEF, 0x4BEF, 0x53CF, 0x53CE, 0x53CF, 0x53EF, 0x5C30, 0x5C51, 0x6451, 0x6471, 0x6471, 0x6471, 0x6471, 0x6472, 0x6472, 0x6492,
  0x6492, 0x6492, 0x6492, 0x6492, 0x6492, 0x6492, 0x6492, 0x6492, 0x6492, 0x6492, 0x6472, 0x6472, 0x6472, 0x6472, 0x6472, 0x5C52,
  0x5C52, 0x5C51, 0x5C51, 0x5C31, 0x5C31, 0x5C31, 0x5C31, 0x5C31, 0x5C31, 0x5C11, 0x5411, 0x5411, 0x5411, 0x5411, 0x2A8B, 0x228C,
  0x5C52, 0x5411, 0x64B3, 0x43CF, 0x19E8, 0x6C91, 0x038F, 0x03AF, 0x02AB, 0x1471, 0x042F, 0x7CF0, 0xFFB8, 0x31A4, 0x0001, 0x0083,
  0x0042, 0x0022, 0x0084, 0x0106, 0x00E5, 0x0063, 0x0022, 0x00C5, 0x00E5, 0x00A4, 0x00A4, 0x0083, 0x2081, 0x2881, 0x1882, 0x2081,
  0x48E1, 0x6982, 0x28A1, 0x0001, 0x0021, 0x0022, 0x0021, 0x0021, 0x0021, 0x0022, 0x0021, 0x0021, 0x0021, 0x0021, 0x0021, 0x0042,
  0x0022, 0x48C1, 0xFB23, 0x9060, 0x3820, 0x0821, 0x1061, 0x20A2, 0x1061, 0x0021, 0x0042, 0x0021, 0x0001, 0x0021, 0x0021, 0x0021,
  0x0021, 0x28C1, 0x4940, 0x69E1, 0x3142, 0x00A4, 0x00E5, 0x08E5, 0x08E5, 0x08E4, 0x08E4, 0x00A3, 0x3941, 0x69E0, 0x4940, 0x4960,
  0x4120, 0x4140, 0x20A0, 0x18A0, 0x28C0, 0x28C0, 0x28C0, 0x28A0, 0x69E2, 0x4920, 0x30C0, 0x30C0, 0x5160, 0x1040, 0x0000, 0x0041,
  0x0021, 0x18A1, 0xA344, 0x2921, 0x0040, 0x0000, 0x0020, 0x0061, 0x0061, 0x0000, 0x73AA, 0x2984, 0x0020, 0x0061, 0x0040, 0x0020,
  0x08E1, 0x00A0, 0x0020, 0x0020, 0x0000, 0x0061, 0x0040, 0x1983, 0x1922, 0x0020, 0x0861, 0x0020, 0x0861, 0x0000, 0x18C2, 0x18C2,
  0x18E2, 0x18E2, 0x18E2, 0x18E2, 0x18E3, 0x1903, 0x1903, 0x1903, 0x2103, 0x2103, 0x2123, 0x2123, 0x2123, 0x2123, 0x2123, 0x2123,
  0x2123, 0x2123, 0x1903, 0x1903, 0x18E3, 0x18E2, 0x10C2, 0x10A2, 0x1081, 0x0861, 0x0861, 0x0841, 0x0020, 0x0020, 0x0000, 0x0000,
  0x0000, 0x0000, 0x0000, 0x0800, 0x0800, 0x0800, 0x0800, 0x1020, 0x1840, 0x2061, 0x30A2, 0x4103, 0x5184, 0x61E6, 0x69E6, 0x4965,
  0x2904, 0x1905, 0x1188, 0x1A4B, 0x1A6B, 0x1A29, 0x21E7, 0x21A6, 0x21E7, 0x326A, 0x3B4D, 0x436D, 0x53AE, 0x5BEE, 0x5BCE, 0x5BEE,
  0x540F, 0x542F, 0x4C0F, 0x4BEF, 0x4BEF, 0x53CF, 0x53CE, 0x53CE, 0x53CF, 0x53EF, 0x5C30, 0x5C30, 0x5C51, 0x6451, 0x6471, 0x6471,
  0x6471, 0x6471, 0x6471, 0x6472, 0x6472, 0x6492, 0x6492, 0x6492, 0x6492, 0x6492, 0x6492, 0x6492, 0x6492, 0x6492, 0x6492, 0x6492,
  0x6492, 0x6492, 0x6492, 0x6472, 0x6472, 0x6472, 0x6472, 0x6472, 0x6472, 0x6452, 0x5C52, 0x5C52, 0x5C51, 0x5C51, 0x2ACD, 0x6CB3,
  0x4BAF, 0x7D35, 0x64B3, 0x3B4D, 0x8534, 0x3B4D, 0x02CC, 0x02AB, 0x030D, 0x034D, 0x646E, 0xFFBA, 0x3A06, 0x0001, 0x0083, 0x0042,
  0x0042, 0x00A4, 0x00E5, 0x0084, 0x0022, 0x0043, 0x00C6, 0x0127, 0x00A5, 0x0084, 0x0062, 0x1861, 0x2881, 0x1882, 0x1882, 0x30A1,
  0x6162, 0x1881, 0x0001, 0x0021, 0x0021, 0x0021, 0x0042, 0x0042, 0x0042, 0x0042, 0x0022, 0x0042, 0x0042, 0x0042, 0x0042, 0x0042,
  0x0001, 0xB283, 0xEA42, 0x6800, 0x3020, 0x0821, 0x1861, 0x20A2, 0x0841, 0x0021, 0x0042, 0x0021, 0x0001, 0x0021, 0x0021, 0x0021,
  0x0021, 0x18A1, 0x5161, 0x59A0, 0x59C2, 0x0083, 0x00C4, 0x08C4, 0x08C4, 0x08C4, 0x08C4, 0x00C4, 0x18C2, 0x61C1, 0x4140, 0x4940,
  0x4940, 0x3920, 0x3101, 0x1060, 0x20C0, 0x28A0, 0x2080, 0x3921, 0x61A1, 0x30C0, 0x28A0, 0x4140, 0x1880, 0x0000, 0x0021, 0x0041,
  0x0000, 0x3121, 0xA343, 0x20C0, 0x0000, 0x0000, 0x0081, 0x0081, 0x0000, 0x2963, 0x73A9, 0x0020, 0x0081, 0x0081, 0x0000, 0x0081,
  0x0101, 0x0060, 0x0000, 0x0020, 0x0000, 0x0081, 0x1102, 0x29E4, 0x0000, 0x0841, 0x0020, 0x5AC8, 0x10A2, 0x0000, 0x2103, 0x2103,
  0x2103, 0x2103, 0x2123, 0x2123, 0x2123, 0x2123, 0x2123, 0x2123, 0x2123, 0x2123, 0x2123, 0x1903, 0x1903, 0x18E3, 0x18E3, 0x18C2,
  0x10C2, 0x10A2, 0x1082, 0x0881, 0x0861, 0x0841, 0x0040, 0x0020, 0x0020, 0x0000, 0x0000, 0x0000, 0x0000, 0x0000, 0x0000, 0x0800,
  0x0800, 0x0800, 0x0800, 0x0800, 0x1020, 0x1840, 0x2061, 0x2881, 0x30C2, 0x4103, 0x5184, 0x61C6, 0x69E6, 0x59A5, 0x4144, 0x28E4,
  0x1904, 0x1146, 0x1A0A, 0x1A6B, 0x1A4B, 0x1A09, 0x21E8, 0x21C7, 0x21A6, 0x2A29, 0x328A, 0x436D, 0x436D, 0x4B8D, 0x5BEE, 0x5BCE,
  0x5BCE, 0x5BEE, 0x540E, 0x542F, 0x4C2F, 0x4BEF, 0x4BEF, 0x4BEF, 0x53EF, 0x53CE, 0x53CE, 0x53CE, 0x53EF, 0x53EF, 0x5C10, 0x5C30,
  0x5C51, 0x6451, 0x6451, 0x6471, 0x6471, 0x6471, 0x6471, 0x6471, 0x6471, 0x6472, 0x6472, 0x6492, 0x6492, 0x6492, 0x6492, 0x6492,
  0x6492, 0x6492, 0x6492, 0x6492, 0x6492, 0x6492, 0x6492, 0x6492, 0x6492, 0x6492, 0x6492, 0x6492, 0x6472, 0x6472, 0x7535, 0x6CD3,
  0x74D3, 0x8DB6, 0x4BAF, 0x1187, 0xA637, 0x12AB, 0x0B2D, 0x13EF, 0x032D, 0x33AC, 0xEF57, 0x52C8, 0x0042, 0x00A4, 0x0042, 0x0042,
  0x0084, 0x0083, 0x0042, 0x0022, 0x0084, 0x00E6, 0x00C5, 0x00A4, 0x00A4, 0x0084, 0x1082, 0x2081, 0x1062, 0x1882, 0x28A1, 0x5942,
  0x1881, 0x0001, 0x0022, 0x0021, 0x0021, 0x0022, 0x0042, 0x0022, 0x0042, 0x0022, 0x0042, 0x0083, 0x0063, 0x0063, 0x0062, 0x0022,
  0x3081, 0xF364, 0xB0E0, 0x5820, 0x2820, 0x0841, 0x1882, 0x18A2, 0x0021, 0x0021, 0x0022, 0x0001, 0x0021, 0x0021, 0x0021, 0x0021,
  0x0041, 0x0861, 0x4961, 0x5160, 0x61C1, 0x20E2, 0x00A3, 0x08E4, 0x00C4, 0x00C4, 0x08C4, 0x00C4, 0x0083, 0x5181, 0x5160, 0x4120,
  0x3920, 0x3900, 0x3920, 0x1080, 0x1060, 0x20A0, 0x1880, 0x59A1, 0x4100, 0x28A0, 0x3900, 0x20A0, 0x0000, 0x0000, 0x0041, 0x0041,
  0x0000, 0x59C2, 0x9B03, 0x1080, 0x0000, 0x0020, 0x00A1, 0x0061, 0x0000, 0x6B27, 0x3204, 0x0020, 0x0081, 0x0040, 0x0000, 0x08E1,
  0x00A1, 0x0020, 0x0020, 0x0000, 0x0081, 0x0081, 0x2A25, 0x10E2, 0x0040, 0x0000, 0x52A8, 0x8C4E, 0x0000, 0x0000, 0x0800, 0x2123,
  0x2123, 0x2123, 0x2123, 0x2103, 0x1903, 0x1903, 0x18E3, 0x18E3, 0x18E2, 0x10C2, 0x10C2, 0x10A2, 0x1082, 0x0881, 0x0861, 0x0861,
  0x0841, 0x0040, 0x0020, 0x0020, 0x0000, 0x0000, 0x0000, 0x0000, 0x0000, 0x0000, 0x0000, 0x0800, 0x0800, 0x0800, 0x0800, 0x0800,
  0x1000, 0x1020, 0x1040, 0x1840, 0x2061, 0x28A1, 0x38C2, 0x4123, 0x5164, 0x61C5, 0x69E6, 0x69E6, 0x5185, 0x3924, 0x20E4, 0x1904,
  0x1126, 0x11E9, 0x1A4B, 0x1A6B, 0x1A4A, 0x1A09, 0x21E8, 0x21C7, 0x21A6, 0x21E7, 0x3249, 0x328A, 0x436D, 0x436D, 0x4B8D, 0x53CE,
  0x5BEE, 0x5BCE, 0x5BCE, 0x5BEE, 0x5C0E, 0x542F, 0x542F, 0x4C0F, 0x4BEF, 0x4BEF, 0x4BEF, 0x53EF, 0x53CE, 0x53CE, 0x53CE, 0x53CF,
  0x53EF, 0x540F, 0x5C10, 0x5C30, 0x5C50, 0x5C51, 0x6451, 0x6471, 0x6471, 0x6471, 0x6471, 0x6471, 0x6471, 0x6471, 0x6471, 0x6472,
  0x6472, 0x6472, 0x6492, 0x6492, 0x6492, 0x6492, 0x6492, 0x6492, 0x6492, 0x6492, 0x6492, 0x6492, 0x6492, 0x4B4E, 0x6CD4, 0x7D14,
  0x9DF8, 0x7514, 0x1A6B, 0x5BCF, 0x64D2, 0x0209, 0x0B0C, 0x040F, 0x1B8C, 0xD6B5, 0x6348, 0x0042, 0x00A4, 0x0042, 0x0042, 0x0042,
  0x0042, 0x0042, 0x0042, 0x00A4, 0x00E6, 0x00C5, 0x00C5, 0x00C4, 0x00A4, 0x10C3, 0x30A2, 0x1062, 0x1882, 0x1861, 0x4902, 0x2081,
  0x0001, 0x0022, 0x0022, 0x0022, 0x0021, 0x0042, 0x0042, 0x0022, 0x0042, 0x0042, 0x0084, 0x0084, 0x0083, 0x0063, 0x0083, 0x0001,
  0x9A23, 0xFAC2, 0x8840, 0x5040, 0x1820, 0x0841, 0x18A2, 0x1882, 0x0001, 0x0021, 0x0022, 0x0001, 0x0021, 0x0021, 0x0021, 0x0021,
  0x0041, 0x0042, 0x28E1, 0x4961, 0x5160, 0x4981, 0x0083, 0x00C4, 0x00C4, 0x00C4, 0x00C4, 0x08C4, 0x0083, 0x3122, 0x51A1, 0x3900,
  0x3900, 0x3100, 0x3100, 0x28E1, 0x0040, 0x1080, 0x30E0, 0x61A1, 0x28A0, 0x30E0, 0x28C0, 0x0000, 0x0000, 0x0041, 0x0882, 0x0021,
  0x0000, 0x8AE4, 0x8A82, 0x0840, 0x0000, 0x0061, 0x0061, 0x0040, 0x10C1, 0x73C8, 0x00C0, 0x0060, 0x0060, 0x0000, 0x0040, 0x00E1,
  0x0060, 0x0020, 0x0020, 0x0040, 0x08C1, 0x1142, 0x21A4, 0x0040, 0x0000, 0x31A5, 0x9CF0, 0x18E2, 0x0000, 0x0000, 0x0800, 0x18E3,
  0x18E3, 0x18E3, 0x18C2, 0x10C2, 0x10A2, 0x10A2, 0x1082, 0x0881, 0x0861, 0x0861, 0x0841, 0x0841, 0x0040, 0x0020, 0x0020, 0x0020,
  0x0000, 0x0000, 0x0000, 0x0000, 0x0000, 0x0000, 0x0000, 0x0000, 0x0800, 0x0800, 0x0800, 0x0800, 0x0800, 0x1020, 0x1020, 0x1020,
  0x1840, 0x2061, 0x2881, 0x30A1, 0x38E2, 0x4123, 0x5164, 0x59A5, 0x69E6, 0x69E6, 0x61A5, 0x4965, 0x3124, 0x20E4, 0x1904, 0x1125,
  0x11A8, 0x1A0A, 0x1A6B, 0x1A6B, 0x1A2A, 0x1A09, 0x21E8, 0x21E7, 0x21A6, 0x21A6, 0x2A28, 0x3269, 0x32CB, 0x436D, 0x436D, 0x4B8D,
  0x53AE, 0x5BEE, 0x5BCE, 0x5BCE, 0x5BCE, 0x5BEE, 0x5C0E, 0x540F, 0x542F, 0x4C0F, 0x4BEF, 0x4BEF, 0x4BEF, 0x4BEF, 0x53EF, 0x53CE,
  0x53CE, 0x53CE, 0x53CE, 0x53CF, 0x53EF, 0x540F, 0x5C10, 0x5C30, 0x5C30, 0x5C51, 0x6451, 0x6451, 0x6471, 0x6471, 0x6471, 0x6471,
  0x6471, 0x6471, 0x6471, 0x6471, 0x6471, 0x6472, 0x6472, 0x6472, 0x6492, 0x6492, 0x6492, 0x6492, 0x6492, 0x6493, 0x6C93, 0x7514,
  0x8596, 0x5431, 0x43AF, 0xA5D6, 0x4C91, 0x0229, 0x02EC, 0x03AD, 0xBED5, 0x948D, 0x0062, 0x00A4, 0x0063, 0x0063, 0x0002, 0x00A4,
  0x00A4, 0x0063, 0x00A4, 0x00C5, 0x0146, 0x0249, 0x0208, 0x01C7, 0x0924, 0x30E2, 0x1882, 0x1082, 0x1082, 0x30C1, 0x20A1, 0x0001,
  0x0022, 0x0022, 0x0022, 0x0022, 0x0021, 0x0083, 0x0062, 0x0042, 0x0022, 0x00A4, 0x00A4, 0x08C4, 0x1146, 0x08A4, 0x0043, 0x3081,
  0xF405, 0xD160, 0x7040, 0x5040, 0x1020, 0x0841, 0x20A2, 0x1061, 0x0001, 0x0021, 0x0021, 0x0001, 0x0021, 0x0021, 0x0021, 0x0021,
  0x0041, 0x0062, 0x0861, 0x4141, 0x4140, 0x59A1, 0x20E2, 0x00A4, 0x00C4, 0x00C4, 0x00C4, 0x00C4, 0x00A4, 0x08A2, 0x4161, 0x3100,
  0x3100, 0x30E0, 0x28C0, 0x28E0, 0x1060, 0x0000, 0x5182, 0x3900, 0x20A0, 0x20C0, 0x0000, 0x0000, 0x0021, 0x0061, 0x0020, 0x0021,
  0x1041, 0xB3A4, 0x61C1, 0x0000, 0x0000, 0x00A1, 0x0040, 0x0020, 0x31A3, 0x3244, 0x0060, 0x0060, 0x0020, 0x0040, 0x00A0, 0x00C1,
  0x0040, 0x0020, 0x0000, 0x08E2, 0x0902, 0x2204, 0x0861, 0x0000, 0x2123, 0x73EC, 0x1944, 0x0000, 0x0000, 0x0000, 0x0000, 0x10A2,
  0x1082, 0x0881, 0x0881, 0x0861, 0x0861, 0x0841, 0x0040, 0x0040, 0x0020, 0x0020, 0x0020, 0x0000, 0x0000, 0x0000, 0x0000, 0x0000,
  0x0000, 0x0000, 0x0000, 0x0000, 0x0800, 0x0800, 0x0800, 0x0800, 0x0800, 0x0800, 0x1020, 0x1020, 0x1020, 0x1840, 0x1861, 0x2061,
  0x2881, 0x30C2, 0x38E2, 0x4123, 0x5164, 0x59A5, 0x61E6, 0x69E6, 0x69E6, 0x59A5, 0x4164, 0x3104, 0x20E4, 0x1904, 0x1105, 0x1167,
  0x11E9, 0x1A4B, 0x1A6C, 0x1A6B, 0x1A2A, 0x1A09, 0x21E8, 0x21E7, 0x21C7, 0x21A6, 0x21E7, 0x2A49, 0x326A, 0x3AEB, 0x436D, 0x436D,
  0x4B6D, 0x538D, 0x53CE, 0x5BEE, 0x5BCE, 0x5BCE, 0x5BEE, 0x5BEE, 0x5C0E, 0x540F, 0x542F, 0x542F, 0x4C0F, 0x4BEF, 0x4BEF, 0x4BEF,
  0x4BEF, 0x53EF, 0x53CF, 0x53CE, 0x53CE, 0x53CE, 0x53CE, 0x53CF, 0x53EF, 0x540F, 0x5C10, 0x5C30, 0x5C30, 0x5C51, 0x5C51, 0x6451,
  0x6451, 0x6471, 0x6471, 0x6471, 0x6471, 0x6471, 0x6471, 0x6471, 0x6471, 0x6471, 0x6471, 0x6472, 0x6472, 0x6451, 0x7CF4, 0x6CD3,
  0x7D35, 0x3B6F, 0x436D, 0x7491, 0x1B8D, 0x1C71, 0x040F, 0x85D1, 0xAD4F, 0x08E3, 0x0905, 0x0042, 0x0062, 0x0083, 0x432C, 0x1209,
  0x0147, 0x0106, 0x0147, 0x0208, 0x02A9, 0x0289, 0x0248, 0x0248, 0x3143, 0x2082, 0x0882, 0x1082, 0x2082, 0x28A1, 0x0001, 0x0021,
  0x0001, 0x0022, 0x0022, 0x0022, 0x0042, 0x08C4, 0x0083, 0x0042, 0x0063, 0x00C4, 0x00A4, 0x0905, 0x0905, 0x08A4, 0x0002, 0xAB04,
  0xFB83, 0xA080, 0x6860, 0x5040, 0x0821, 0x0861, 0x1882, 0x0841, 0x0001, 0x0021, 0x0021, 0x0001, 0x0021, 0x0021, 0x0021, 0x0001,
  0x0021, 0x0062, 0x0042, 0x3101, 0x4961, 0x4961, 0x4142, 0x00A3, 0x00C4, 0x00A4, 0x00A4, 0x00A3, 0x0083, 0x0083, 0x28E1, 0x3100,
  0x20C0, 0x28C0, 0x20C0, 0x20C0, 0x20A0, 0x18A1, 0x51A2, 0x1880, 0x20A0, 0x0020, 0x0000, 0x0000, 0x0021, 0x0021, 0x0021, 0x0021,
  0x3941, 0xC3E4, 0x38E0, 0x0000, 0x0060, 0x0081, 0x0061, 0x0060, 0x31C3, 0x08E1, 0x0040, 0x0020, 0x0060, 0x08C1, 0x00A1, 0x0081,
  0x0020, 0x0000, 0x0040, 0x0922, 0x19E4, 0x1984, 0x0000, 0x18C2, 0x4AA9, 0x10E3, 0x08E3, 0x0000, 0x0000, 0x0000, 0x0000, 0x0861,
  0x0841, 0x0040, 0x0020, 0x0020, 0x0020, 0x0020, 0x0000, 0x0000, 0x0000, 0x0000, 0x0000, 0x0000, 0x0000, 0x0000, 0x0000, 0x0000,
  0x0800, 0x0800, 0x0800, 0x0800, 0x0800, 0x0800, 0x0800, 0x1020, 0x1020, 0x1020, 0x1840, 0x1840, 0x2061, 0x2081, 0x28A1, 0x30C2,
  0x38E2, 0x4123, 0x5164, 0x59A5, 0x61C6, 0x69E6, 0x69E6, 0x61C5, 0x5185, 0x4144, 0x2904, 0x20E4, 0x1904, 0x1105, 0x1146, 0x11C9,
  0x1A2A, 0x1A6B, 0x1A6B, 0x1A4B, 0x1A29, 0x1A09, 0x21E8, 0x21E7, 0x21C7, 0x21A6, 0x21A6, 0x2A28, 0x3249, 0x328A, 0x3B0C, 0x436D,
  0x436D, 0x4B6D, 0x4B8D, 0x53CE, 0x5BEE, 0x5BCE, 0x5BCE, 0x5BCE, 0x5BEE, 0x5BEE, 0x5C0E, 0x540F, 0x542F, 0x542F, 0x4C0F, 0x4BEF,
  0x4BEF, 0x4BEF, 0x4BEF, 0x4BEF, 0x53EF, 0x53CF, 0x53CE, 0x53CE, 0x53CE, 0x53CE, 0x53CF, 0x53EF, 0x53EF, 0x540F, 0x5C10, 0x5C30,
  0x5C30, 0x5C50, 0x5C51, 0x5C51, 0x6451, 0x6451, 0x6471, 0x6471, 0x6471, 0x6471, 0x6471, 0x6471, 0x6471, 0x8D55, 0x6C92, 0x9617,
  0x64B3, 0x32ED, 0x6C50, 0x32EB, 0x1BAD, 0x14F2, 0x6E12, 0xBDCF, 0x08C2, 0x00C4, 0x0083, 0x0083, 0x0082, 0x6C70, 0x64F2, 0x02CB,
  0x032D, 0x030C, 0x02EB, 0x034B, 0x02A9, 0x0207, 0x0268, 0x2A05, 0x30C2, 0x0862, 0x1082, 0x1062, 0x20A2, 0x0021, 0x0001, 0x0001,
  0x0021, 0x0021, 0x0022, 0x0042, 0x0062, 0x0905, 0x0083, 0x0063, 0x00A4, 0x0084, 0x08C4, 0x08A4, 0x08A4, 0x0084, 0x4902, 0xFD06,
  0xD9A0, 0x9080, 0x6860, 0x4860, 0x0021, 0x1061, 0x1882, 0x0841, 0x0001, 0x0041, 0x0021, 0x0001, 0x0021, 0x0021, 0x0021, 0x0000,
  0x0021, 0x0062, 0x0062, 0x1081, 0x4961, 0x4141, 0x4961, 0x10C2, 0x00A4, 0x00A4, 0x00A4, 0x00A3, 0x0083, 0x00A4, 0x10A2, 0x2901,
  0x18A0, 0x20C0, 0x20A0, 0x20A0, 0x1880, 0x51A2, 0x3921, 0x1060, 0x0840, 0x0000, 0x0000, 0x0000, 0x0021, 0x0062, 0x0041, 0x0021,
  0x7A42, 0xC3A3, 0x2060, 0x0000, 0x0881, 0x0040, 0x0061, 0x08A1, 0x29E2, 0x00A0, 0x0040, 0x0000, 0x1961, 0x1962, 0x0060, 0x0060,
  0x0020, 0x0000, 0x08A1, 0x0983, 0x2206, 0x0000, 0x18E3, 0x4248, 0x0041, 0x10E3, 0x0881, 0x0000, 0x0000, 0x0000, 0x0000, 0x0020,
  0x0020, 0x0000, 0x0000, 0x0000, 0x0000, 0x0000, 0x0000, 0x0000, 0x0000, 0x0000, 0x0000, 0x0000, 0x0800, 0x0800, 0x0800, 0x0800,
  0x0800, 0x0800, 0x0800, 0x0800, 0x1020, 0x1020, 0x1020, 0x1840, 0x1840, 0x1861, 0x2061, 0x2881, 0x30A1, 0x30C2, 0x3902, 0x4123,
  0x5164, 0x59A5, 0x61C5, 0x69E6, 0x69E6, 0x69E6, 0x59A5, 0x4965, 0x3924, 0x2904, 0x20E4, 0x1904, 0x1105, 0x1146, 0x11A8, 0x1A0A,
  0x1A4B, 0x1A6B, 0x1A6B, 0x1A4A, 0x1A29, 0x1A08, 0x21E8, 0x21E7, 0x21C7, 0x21A6, 0x21A6, 0x21E7, 0x2A29, 0x3269, 0x328A, 0x3B0C,
  0x436D, 0x436D, 0x436D, 0x4B8D, 0x53AE, 0x5BCE, 0x5BEE, 0x5BCE, 0x5BCE, 0x5BCE, 0x5BEE, 0x5BEE, 0x5C0E, 0x540F, 0x542F, 0x542F,
  0x4C2F, 0x4C0F, 0x4BEF, 0x4BEF, 0x4BEF, 0x4BEF, 0x4BEF, 0x53EF, 0x53CF, 0x53CE, 0x53CE, 0x53CE, 0x53CE, 0x53CE, 0x53CF, 0x53EF,
  0x53EF, 0x540F, 0x5C10, 0x5C30, 0x5C30, 0x5C30, 0x5C51, 0x5C51, 0x6451, 0x6451, 0x6451, 0x6471, 0x6471, 0x8D34, 0x74D3, 0x85D6,
  0x32EC, 0x6C50, 0x53AE, 0x440E, 0x3D12, 0x4530, 0xCE91, 0x31E5, 0x0925, 0x0062, 0x00C4, 0x0146, 0x5C90, 0x6D73, 0x5511, 0x2532,
  0x0491, 0x030C, 0x034B, 0x032B, 0x0248, 0x0268, 0x1226, 0x3902, 0x1082, 0x0883, 0x0882, 0x18A2, 0x1061, 0x0001, 0x0021, 0x0001,
  0x0022, 0x0022, 0x0022, 0x0022, 0x08A3, 0x1966, 0x0063, 0x0083, 0x08C5, 0x08C5, 0x08A4, 0x08A4, 0x08E5, 0x1022, 0xC406, 0xFBE3,
  0xC0C0, 0x88A0, 0x6040, 0x3840, 0x0021, 0x1062, 0x1882, 0x0021, 0x0001, 0x0042, 0x0021, 0x0021, 0x0021, 0x0021, 0x0021, 0x0000,
  0x0041, 0x0042, 0x0062, 0x0041, 0x3101, 0x4141, 0x4141, 0x3122, 0x0083, 0x00C4, 0x00A4, 0x00A3, 0x0062, 0x00A3, 0x0062, 0x20C1,
  0x18A0, 0x18A0, 0x18A0, 0x1880, 0x20A0, 0x6A43, 0x20A0, 0x1060, 0x0000, 0x0000, 0x0000, 0x0021, 0x0062, 0x0061, 0x0041, 0x0841,
  0xB363, 0xA2E2, 0x0800, 0x0040, 0x0060, 0x0020, 0x0020, 0x2121, 0x19C2, 0x00A0, 0x0020, 0x0060, 0x2A62, 0x0060, 0x0060, 0x0020,
  0x0000, 0x0040, 0x09A4, 0x1A26, 0x0040, 0x2124, 0x4AA9, 0x08C2, 0x0061, 0x1924, 0x0000, 0x0000, 0x0000, 0x0000, 0x0000, 0x1020,
  0x0000, 0x0000, 0x0000, 0x0000, 0x0000, 0x0000, 0x0000, 0x0000, 0x0000, 0x0800, 0x0800, 0x0800, 0x0800, 0x0800, 0x0800, 0x0800,
  0x0800, 0x1020, 0x1020, 0x1020, 0x1040, 0x1840, 0x1840, 0x2061, 0x2081, 0x28A1, 0x30C2, 0x38E2, 0x3902, 0x4123, 0x5164, 0x5985,
  0x61C5, 0x61E6, 0x69E6, 0x69E6, 0x61C5, 0x5985, 0x4964, 0x3924, 0x2904, 0x20E4, 0x1904, 0x1905, 0x1126, 0x1187, 0x11E9, 0x1A2A,
  0x1A6B, 0x1A6B, 0x1A6B, 0x1A4A, 0x1A29, 0x1A08, 0x21E8, 0x21E7, 0x21C7, 0x21C6, 0x21A6, 0x21A6, 0x2A08, 0x2A49, 0x326A, 0x32AA,
  0x3B2C, 0x436D, 0x436D, 0x436D, 0x4B8D, 0x53AE, 0x53CE, 0x5BEE, 0x5BCE, 0x5BCE, 0x5BCE, 0x5BCE, 0x5BEE, 0x5BEE, 0x5C0E, 0x540F,
  0x542F, 0x542F, 0x542F, 0x4C0F, 0x4BEF, 0x4BEF, 0x4BEF, 0x4BEF, 0x4BEF, 0x4BEF, 0x53EF, 0x53CF, 0x53CE, 0x53CE, 0x53CE, 0x53CE,
  0x53CE, 0x53CF, 0x53CF, 0x53EF, 0x53EF, 0x540F, 0x5C10, 0x5C30, 0x5C30, 0x5C30, 0x5C51, 0x5C51, 0x8D55, 0x6431, 0x85B6, 0x438E,
  0x432D, 0x538D, 0x3B6D, 0x6D94, 0x6572, 0xBEB2, 0x5AE7, 0x11C8, 0x1125, 0x0042, 0x0125, 0x5D11, 0x9E76, 0x8E35, 0x3D11, 0x0C70,
  0x034C, 0x02EA, 0x030A, 0x0248, 0x0288, 0x0287, 0x3943, 0x2082, 0x0883, 0x0883, 0x1082, 0x18A2, 0x0001, 0x0001, 0x0001, 0x0022,
  0x0022, 0x0042, 0x0042, 0x0022, 0x08A4, 0x29C7, 0x0063, 0x00C4, 0x08E6, 0x08A4, 0x08C4, 0x08E5, 0x0043, 0x7A45, 0xFDC8, 0xD960,
  0xA8E0, 0x8080, 0x6040, 0x2840, 0x0021, 0x1062, 0x1882, 0x0021, 0x0021, 0x0021, 0x0001, 0x0021, 0x0041, 0x0021, 0x0021, 0x0000,
  0x0041, 0x0041, 0x0062, 0x0062, 0x10A1, 0x4141, 0x3101, 0x4142, 0x08A2, 0x00A4, 0x00A4, 0x00A4, 0x0062, 0x0083, 0x0062, 0x08A2,
  0x18C1, 0x1880, 0x18A0, 0x0840, 0x4162, 0x51C2, 0x1060, 0x0021, 0x0001, 0x0000, 0x0041, 0x0041, 0x0882, 0x0841, 0x0021, 0x30E1,
  0xD403, 0x69E1, 0x0000, 0x0061, 0x0020, 0x0081, 0x0060, 0x31E2, 0x0921, 0x0080, 0x0020, 0x2202, 0x21E2, 0x0000, 0x0040, 0x0000,
  0x0000, 0x0102, 0x1AA8, 0x00A1, 0x2924, 0x4AA9, 0x08A2, 0x0061, 0x2185, 0x10A2, 0x0000, 0x0000, 0x0000, 0x0000, 0x0000, 0x0820,
  0x0000, 0x0000, 0x0000, 0x0000, 0x0000, 0x0800, 0x0800, 0x0800, 0x0800, 0x0800, 0x0800, 0x0800, 0x0800, 0x0800, 0x1020, 0x1020,
  0x1020, 0x1040, 0x1840, 0x1840, 0x2061, 0x2061, 0x2881, 0x28A1, 0x30C2, 0x38E2, 0x4102, 0x4123, 0x5164, 0x5184, 0x61A5, 0x61E6,
  0x69E6, 0x69E6, 0x69E6, 0x61A5, 0x5185, 0x4144, 0x3124, 0x2904, 0x20E4, 0x1904, 0x1905, 0x1125, 0x1167, 0x11C8, 0x1A0A, 0x1A4B,
  0x1A6B, 0x1A6B, 0x1A6B, 0x1A2A, 0x1A29, 0x1A08, 0x21E8, 0x21E7, 0x21E7, 0x21C7, 0x21A6, 0x21A6, 0x21E7, 0x2A28, 0x3249, 0x326A,
  0x32AB, 0x3B2C, 0x436D, 0x436D, 0x436D, 0x4B8D, 0x538D, 0x53CE, 0x5BEE, 0x5BEE, 0x5BCE, 0x5BCE, 0x5BCE, 0x5BCE, 0x5BEE, 0x5BEE,
  0x5C0E, 0x540F, 0x540F, 0x542F, 0x542F, 0x4C2F, 0x4C0F, 0x4BEF, 0x4BEF, 0x4BEF, 0x4BEF, 0x4BEF, 0x4BEF, 0x53EF, 0x53CF, 0x53CE,
  0x53CE, 0x53CE, 0x53CE, 0x53CE, 0x53CE, 0x53CF, 0x53CF, 0x53EF, 0x53EF, 0x540F, 0x5C10, 0x5C30, 0x6C51, 0x74D3, 0x7D54, 0x5410,
  0x6471, 0x6CD2, 0x64F2, 0x3B4C, 0xB673, 0x7C2B, 0x0125, 0x0946, 0x11E7, 0x0145, 0x5CF1, 0x9696, 0x9676, 0x35F4, 0x0CD1, 0x034D,
  0x028A, 0x134A, 0x0288, 0x0247, 0x0288, 0x31A4, 0x38A1, 0x0883, 0x0883, 0x0882, 0x18C2, 0x0841, 0x0001, 0x0001, 0x0001, 0x0022,
  0x0042, 0x0063, 0x0042, 0x0022, 0x0062, 0x29C7, 0x08A4, 0x08E6, 0x08E5, 0x08E5, 0x10E5, 0x0083, 0x38A1, 0xEDCA, 0xFB62, 0xB8C0,
  0xA0E0, 0x7860, 0x6060, 0x1820, 0x0841, 0x1862, 0x1062, 0x0001, 0x0021, 0x0021, 0x0001, 0x0041, 0x0042, 0x0021, 0x0021, 0x0000,
  0x0041, 0x0041, 0x0042, 0x0062, 0x0062, 0x3121, 0x3101, 0x3921, 0x20E2, 0x0083, 0x00C4, 0x00A3, 0x0063, 0x0062, 0x0062, 0x00A2,
  0x10A1, 0x1880, 0x18A0, 0x1060, 0x5A03, 0x20C1, 0x0041, 0x0021, 0x0021, 0x0041, 0x0041, 0x0861, 0x1082, 0x0020, 0x0021, 0x7222,
  0xD3E3, 0x38C0, 0x0000, 0x0040, 0x0020, 0x00C2, 0x1901, 0x3202, 0x0080, 0x0020, 0x00C0, 0x32E4, 0x08E1, 0x0040, 0x0000, 0x0000,
  0x0040, 0x09C5, 0x0103, 0x39E6, 0x5B0A, 0x0061, 0x0000, 0x1103, 0x3A68, 0x0000, 0x0000, 0x0800, 0x0000, 0x0000, 0x0000, 0x0800,
  0x0000, 0x0800, 0x0800, 0x0800, 0x0800, 0x0800, 0x0800, 0x0800, 0x0800, 0x0800, 0x0800, 0x1020, 0x1020, 0x1020, 0x1020, 0x1840,
  0x1840, 0x1861, 0x2061, 0x2081, 0x2881, 0x30A1, 0x30C2, 0x38E2, 0x4103, 0x4123, 0x4964, 0x5184, 0x59A5, 0x61C6, 0x69E6, 0x69E6,
  0x69E6, 0x61C5, 0x59A5, 0x4965, 0x4144, 0x3104, 0x2904, 0x20E4, 0x1904, 0x1905, 0x1125, 0x1146, 0x11A8, 0x11E9, 0x1A2A, 0x1A6B,
  0x1A6C, 0x1A6B, 0x1A4B, 0x1A2A, 0x1A29, 0x1A08, 0x21E8, 0x21E7, 0x21E7, 0x21C7, 0x21A6, 0x21A6, 0x21C6, 0x2A08, 0x2A49, 0x3249,
  0x328A, 0x32CB, 0x3B4C, 0x436D, 0x436D, 0x436D, 0x4B8D, 0x4B8D, 0x53AE, 0x53CE, 0x5BEE, 0x5BCE, 0x5BCE, 0x5BCE, 0x5BCE, 0x5BCE,
  0x5BEE, 0x5BEE, 0x5C0E, 0x540F, 0x540F, 0x542F, 0x542F, 0x542F, 0x4C0F, 0x4C0F, 0x4BEF, 0x4BEF, 0x4BEF, 0x4BEF, 0x4BEF, 0x4BEF,
  0x53EF, 0x53CF, 0x53CF, 0x53CE, 0x53CE, 0x53CE, 0x53CE, 0x53CE, 0x53CE, 0x53CF, 0x53EF, 0x53EF, 0x53AF, 0x7D55, 0x438E, 0x74F3,
  0x7DB5, 0x542F, 0x43AD, 0x5B8A, 0xAD90, 0x1185, 0x0987, 0x09E8, 0x1AEB, 0x6D32, 0x7DD3, 0x6594, 0x04D1, 0x15B5, 0x1C91, 0x02CB,
  0x02EB, 0x0AA9, 0x0207, 0x0268, 0x19A5, 0x50C1, 0x1082, 0x0883, 0x0862, 0x10A2, 0x1882, 0x0001, 0x0022, 0x0021, 0x0021, 0x0042,
  0x0063, 0x0042, 0x0042, 0x0042, 0x0043, 0x31E7, 0x1925, 0x08C5, 0x1105, 0x1105, 0x00C5, 0x2021, 0xD4E8, 0xFD04, 0xD960, 0xA8C0,
  0xA100, 0x6860, 0x5860, 0x0820, 0x0842, 0x1882, 0x1061, 0x0001, 0x0021, 0x0021, 0x0021, 0x0042, 0x0041, 0x0021, 0x0021, 0x0020,
  0x0042, 0x0041, 0x0041, 0x0062, 0x0062, 0x18C1, 0x3101, 0x30E1, 0x2902, 0x0083, 0x00A4, 0x0083, 0x0063, 0x0062, 0x0062, 0x00A3,
  0x0061, 0x1881, 0x1080, 0x3101, 0x49A2, 0x0040, 0x0021, 0x0041, 0x0042, 0x0062, 0x0041, 0x18E3, 0x0000, 0x0041, 0x0841, 0xBB83,
  0xAAE1, 0x1840, 0x0000, 0x0000, 0x0081, 0x08C1, 0x3A01, 0x29E1, 0x0040, 0x0000, 0x11C2, 0x2243, 0x0040, 0x0040, 0x0000, 0x0000,
  0x0903, 0x0082, 0x39E7, 0x530A, 0x08E3, 0x0061, 0x0040, 0x5B6C, 0x10E3, 0x0000, 0x0800, 0x0800, 0x0000, 0x0000, 0x0000, 0x0000,
  0x1020, 0x0800, 0x0800, 0x0800, 0x0800, 0x0800, 0x0800, 0x0800, 0x1020, 0x1020, 0x1020, 0x1020, 0x1840, 0x1840, 0x1840, 0x2061,
  0x2061, 0x2881, 0x28A1, 0x30A2, 0x30C2, 0x38E2, 0x4103, 0x4923, 0x4944, 0x5184, 0x59A5, 0x61C5, 0x61E6, 0x69E6, 0x69E6, 0x69E6,
  0x61A5, 0x5185, 0x4965, 0x3924, 0x3104, 0x2904, 0x20E4, 0x1904, 0x1905, 0x1105, 0x1146, 0x1188, 0x11E9, 0x1A0A, 0x1A4B, 0x1A6B,
  0x1A6B, 0x1A6B, 0x1A4A, 0x1A2A, 0x1A29, 0x1A08, 0x21E8, 0x21E7, 0x21E7, 0x21C7, 0x21A6, 0x21A6, 0x21A6, 0x21E7, 0x2A28, 0x2A49,
  0x326A, 0x328A, 0x3AEB, 0x3B4D, 0x436D, 0x436D, 0x436D, 0x4B6D, 0x4B8D, 0x53AE, 0x53CE, 0x5BEE, 0x5BEE, 0x5BCE, 0x5BCE, 0x5BCE,
  0x5BCE, 0x5BEE, 0x5BEE, 0x5BEE, 0x5BEE, 0x540F, 0x540F, 0x542F, 0x542F, 0x542F, 0x4C0F, 0x4C0F, 0x4BEF, 0x4BEF, 0x4BEF, 0x4BEF,
  0x4BEF, 0x4BEF, 0x4BEF, 0x53EF, 0x53CF, 0x53CF, 0x53CE, 0x53CE, 0x53CE, 0x53CE, 0x53CE, 0x5C10, 0x7D14, 0x5430, 0x64B2, 0x53AE,
  0x3B2C, 0x00C3, 0x430A, 0xCED5, 0x3AA8, 0x0966, 0x09A7, 0x0ACB, 0x8DB2, 0xD716, 0x6572, 0x0490, 0x0532, 0x04B1, 0x02AB, 0x02CB,
  0x028A, 0x028A, 0x02AA, 0x09E6, 0x48E2, 0x2881, 0x0083, 0x0883, 0x0883, 0x20C2, 0x0021, 0x0021, 0x0022, 0x0022, 0x0042, 0x0083,
  0x0084, 0x0063, 0x0043, 0x0063, 0x00A5, 0x31E7, 0x3186, 0x00A4, 0x08C4, 0x00A4, 0x2841, 0xC488, 0xFE07, 0xEA80, 0xB0E0, 0xB100,
  0x98E0, 0x6060, 0x4060, 0x0021, 0x0842, 0x1882, 0x0841, 0x0001, 0x0021, 0x0021, 0x0021, 0x0042, 0x0021, 0x0021, 0x0021, 0x0020,
  0x0041, 0x0041, 0x0041, 0x0062, 0x0063, 0x0861, 0x3101, 0x28E1, 0x3102, 0x0882, 0x0083, 0x0083, 0x0063, 0x0062, 0x0062, 0x00C3,
  0x0041, 0x1081, 0x1060, 0x49A2, 0x2901, 0x0021, 0x0000, 0x0041, 0x0062, 0x0021, 0x2103, 0x0841, 0x0000, 0x0021, 0x3901, 0xDC03,
  0x71C0, 0x0000, 0x0000, 0x0000, 0x08E2, 0x10C1, 0x4AA2, 0x1121, 0x0020, 0x00A0, 0x1A43, 0x08C1, 0x0020, 0x0020, 0x0020, 0x0903,
  0x0060, 0x2124, 0x29C6, 0x0061, 0x0020, 0x10E2, 0x9512, 0x4289, 0x0000, 0x0820, 0x1000, 0x0800, 0x0800, 0x0800, 0x0000, 0x0000,
  0x0820, 0x0800, 0x0800, 0x0800, 0x0800, 0x1020, 0x1020, 0x1020, 0x1020, 0x1040, 0x1840, 0x1840, 0x1861, 0x2061, 0x2081, 0x2881,
  0x28A1, 0x30C2, 0x30C2, 0x38E2, 0x4103, 0x4923, 0x4944, 0x5184, 0x59A5, 0x61C5, 0x61E6, 0x69E6, 0x69E6, 0x69E6, 0x61C5, 0x59A5,
  0x5185, 0x4164, 0x3924, 0x3104, 0x28E4, 0x20E4, 0x1904, 0x1904, 0x1105, 0x1146, 0x1187, 0x11C8, 0x1209, 0x1A2B, 0x1A6B, 0x1A6B,
  0x1A6B, 0x1A6B, 0x1A4A, 0x1A29, 0x1A29, 0x1A08, 0x21E8, 0x21E8, 0x21E7, 0x21C7, 0x21C7, 0x21A6, 0x21A6, 0x21C6, 0x2A07, 0x2A49,
  0x3249, 0x326A, 0x328A, 0x3AEB, 0x3B4D, 0x436D, 0x436D, 0x436D, 0x4B6D, 0x4B8D, 0x53AD, 0x53CE, 0x5BCE, 0x5BEE, 0x5BCE, 0x5BCE,
  0x5BCE, 0x5BCE, 0x5BCE, 0x5BEE, 0x5BEE, 0x5BEE, 0x5BEE, 0x540E, 0x540F, 0x542F, 0x542F, 0x542F, 0x4C2F, 0x4C0F, 0x4C0F, 0x4BEF,
  0x4BEF, 0x4BEF, 0x4BEF, 0x4BEF, 0x4BEF, 0x4BEF, 0x53EF, 0x53CF, 0x53CF, 0x53CE, 0x53CE, 0x8575, 0x6471, 0x7533, 0x53AE, 0x1966,
  0x32AB, 0x0924, 0xADB3, 0x5B6A, 0x0186, 0x1229, 0x138D, 0x2511, 0x9654, 0x6D71, 0x0CB0, 0x0E36, 0x1E76, 0x030B, 0x026A, 0x02CB,
  0x028A, 0x028A, 0x0228, 0x4123, 0x40A1, 0x0083, 0x0883, 0x0883, 0x20E3, 0x1082, 0x0001, 0x0022, 0x0022, 0x0042, 0x00A4, 0x0084,
  0x00A5, 0x00A5, 0x0063, 0x00A4, 0x00E7, 0x31C7, 0x49E6, 0x0043, 0x0022, 0x3081, 0xCCE8, 0xFEAA, 0xFBC0, 0xDA00, 0xB100, 0xB940,
  0x80A0, 0x6880, 0x3060, 0x0021, 0x1062, 0x1882, 0x0021, 0x0001, 0x0001, 0x0001, 0x0041, 0x0021, 0x0041, 0x1081, 0x0000, 0x0020,
  0x0861, 0x0041, 0x0041, 0x0062, 0x0083, 0x0062, 0x20C1, 0x20E1, 0x20E1, 0x10A2, 0x0062, 0x0083, 0x0083, 0x0041, 0x0083, 0x00A3,
  0x0041, 0x0882, 0x20C1, 0x4182, 0x0881, 0x0021, 0x0021, 0x0062, 0x0021, 0x18E3, 0x10A2, 0x0000, 0x0861, 0x0021, 0x7A22, 0xCB82,
  0x38C0, 0x0000, 0x0000, 0x08A1, 0x08E2, 0x2941, 0x31E1, 0x0080, 0x0080, 0x11C2, 0x1982, 0x0000, 0x0020, 0x0020, 0x0061, 0x00E1,
  0x6BCB, 0x7C6F, 0x0040, 0x0000, 0x3A47, 0xAE36, 0x5BAC, 0x0000, 0x0000, 0x0800, 0x1000, 0x1000, 0x1000, 0x1000, 0x0000, 0x0000,
  0x0000, 0x0800, 0x1020, 0x1020, 0x1020, 0x1020, 0x1040, 0x1840, 0x1840, 0x1861, 0x2061, 0x2061, 0x2881, 0x28A1, 0x30A1, 0x30C2,
  0x38E2, 0x38E2, 0x4103, 0x4923, 0x4944, 0x5184, 0x59A5, 0x61C5, 0x61E6, 0x69E6, 0x69E6, 0x69E6, 0x69E6, 0x61C5, 0x5985, 0x4965,
  0x4144, 0x3924, 0x2904, 0x28E4, 0x20E4, 0x1904, 0x1904, 0x1105, 0x1125, 0x1167, 0x11A8, 0x11E9, 0x1A0A, 0x1A4B, 0x1A6B, 0x1A6C,
  0x1A6B, 0x1A6B, 0x1A4A, 0x1A29, 0x1A29, 0x19E8, 0x21E8, 0x21E8, 0x21E7, 0x21C7, 0x21C7, 0x21A6, 0x21A6, 0x21A6, 0x21E7, 0x2A28,
  0x2A49, 0x3249, 0x326A, 0x32AA, 0x3B0C, 0x434D, 0x436D, 0x436D, 0x436D, 0x4B6D, 0x4B8D, 0x538D, 0x53AE, 0x53CE, 0x5BEE, 0x5BEE,
  0x5BCE, 0x5BCE, 0x5BCE, 0x5BCE, 0x5BCE, 0x5BEE, 0x5BEE, 0x5BEE, 0x5BEE, 0x540E, 0x540F, 0x540F, 0x542F, 0x542F, 0x542F, 0x4C0F,
  0x4C0F, 0x4BEF, 0x4BEF, 0x4BEF, 0x4BEF, 0x4BEF, 0x4BEF, 0x4BEF, 0x4BEF, 0x4BEF, 0x53CF, 0x53F0, 0x8554, 0x8595, 0x0104, 0x1104,
  0x64D2, 0x8D31, 0x844E, 0x0985, 0x334C, 0x2C2F, 0x2553, 0x7F39, 0x3DB4, 0x03CD, 0x0573, 0x27BB, 0x1CF1, 0x0229, 0x028A, 0x026A,
  0x0228, 0x01E7, 0x3164, 0x50C1, 0x1082, 0x00A3, 0x0083, 0x18C3, 0x20E3, 0x0001, 0x0022, 0x0021, 0x0042, 0x00C5, 0x00C5, 0x00A5,
  0x00C5, 0x00E6, 0x00A4, 0x0063, 0x00A6, 0x29C7, 0x8AC5, 0x3081, 0x7203, 0xDD88, 0xFE26, 0xFC40, 0xF2E0, 0xD180, 0xC160, 0xB140,
  0x7080, 0x6080, 0x1820, 0x0021, 0x1062, 0x1062, 0x0001, 0x0001, 0x0021, 0x0001, 0x0862, 0x0882, 0x10A2, 0x0861, 0x0000, 0x0021,
  0x0862, 0x0041, 0x0041, 0x0042, 0x0062, 0x0062, 0x1081, 0x28E1, 0x20C1, 0x18A1, 0x0062, 0x0083, 0x0083, 0x0042, 0x00A3, 0x0062,
  0x0062, 0x0882, 0x2922, 0x18C1, 0x0062, 0x0021, 0x0062, 0x0041, 0x0881, 0x18C2, 0x0000, 0x0021, 0x0861, 0x0000, 0xB323, 0x9A81,
  0x1020, 0x0000, 0x0000, 0x1122, 0x10E1, 0x3A02, 0x08C1, 0x0060, 0x0141, 0x11E2, 0x0080, 0x0000, 0x0000, 0x0000, 0x29A3, 0xC673,
  0xB654, 0x19A4, 0x21A4, 0x7CCF, 0x9613, 0x2A26, 0x0020, 0x0840, 0x0000, 0x0800, 0x1000, 0x1020, 0x1020, 0x1020, 0x0800, 0x0000,
  0x0000, 0x0800, 0x1020, 0x1040, 0x1840, 0x1840, 0x1840, 0x2061, 0x2061, 0x2081, 0x2881, 0x28A1, 0x30A2, 0x30C2, 0x38E2, 0x3902,
  0x4103, 0x4923, 0x4944, 0x5184, 0x59A5, 0x61C5, 0x61C6, 0x69E6, 0x69E6, 0x69E6, 0x69E6, 0x61C5, 0x59A5, 0x5185, 0x4965, 0x4144,
  0x3124, 0x2904, 0x28E4, 0x2104, 0x2104, 0x1904, 0x1105, 0x1125, 0x1146, 0x11A8, 0x11E9, 0x1A0A, 0x1A4B, 0x1A6B, 0x1A6B, 0x1A6B,
  0x1A6B, 0x1A4B, 0x1A2A, 0x1A29, 0x1A09, 0x19E8, 0x21E8, 0x21E8, 0x21E7, 0x21E7, 0x21C7, 0x21A6, 0x21A6, 0x21A6, 0x21C6, 0x2A07,
  0x2A29, 0x3249, 0x326A, 0x328A, 0x32AB, 0x3B0C, 0x436D, 0x436D, 0x436D, 0x436D, 0x436D, 0x4B8D, 0x4B8D, 0x53AE, 0x53CE, 0x5BEE,
  0x5BEE, 0x5BCE, 0x5BCE, 0x5BCE, 0x5BCE, 0x5BCE, 0x5BCE, 0x5BEE, 0x5BEE, 0x5BEE, 0x5BEE, 0x540E, 0x540F, 0x540F, 0x542F, 0x542F,
  0x542F, 0x4C2F, 0x4C0F, 0x4C0F, 0x4BEF, 0x4BEF, 0x4BEF, 0x4BEF, 0x4BEF, 0x4BEF, 0x4BAF, 0x7513, 0x9617, 0x64D3, 0x3B0D, 0x2A49,
  0x748F, 0xA530, 0x0103, 0x1A69, 0x2AEA, 0x3593, 0x36F8, 0x6E77, 0x3CF2, 0x042E, 0x16D7, 0x1E55, 0x02CB, 0x02AB, 0x026A, 0x0229,
  0x01C7, 0x1944, 0x50C2, 0x1882, 0x00A4, 0x08A3, 0x08A3, 0x2903, 0x0841, 0x0001, 0x0022, 0x0042, 0x00C5, 0x00C5, 0x00E6, 0x00E6,
  0x00A5, 0x00C6, 0x0148, 0x00E5, 0x00E6, 0x1945, 0xD4A5, 0xEDE9, 0xF668, 0xEDA3, 0xEC00, 0xFB40, 0xE220, 0xD1C0, 0xD1E0, 0xA100,
  0x7080, 0x4880, 0x0821, 0x0841, 0x1082, 0x0841, 0x0001, 0x0021, 0x0021, 0x0021, 0x0041, 0x18E3, 0x0861, 0x0000, 0x0000, 0x0021,
  0x0882, 0x0021, 0x0041, 0x0062, 0x0062, 0x0062, 0x0061, 0x28E1, 0x18C1, 0x18A1, 0x0062, 0x0063, 0x0062, 0x0062, 0x00A3, 0x0021,
  0x0882, 0x1082, 0x18C1, 0x0062, 0x0041, 0x0041, 0x0062, 0x0041, 0x2103, 0x0000, 0x0020, 0x10A2, 0x0000, 0x28C1, 0xD363, 0x5960,
  0x0000, 0x0000, 0x0860, 0x1122, 0x2161, 0x29E1, 0x0000, 0x0040, 0x0981, 0x0921, 0x0040, 0x0060, 0x0000, 0x4A86, 0xDF73, 0x7CAC,
  0x0121, 0x2BC7, 0x6ED1, 0x3D4B, 0x00A0, 0x0000, 0x0861, 0x0000, 0x0800, 0x1000, 0x1820, 0x1840, 0x1820, 0x1840, 0x1000, 0x0800,
  0x0000, 0x0000, 0x1840, 0x1840, 0x1861, 0x2061, 0x2061, 0x2081, 0x2881, 0x28A1, 0x30C2, 0x30C2, 0x38E2, 0x3902, 0x4103, 0x4923,
  0x4944, 0x5164, 0x5985, 0x59A5, 0x61C6, 0x61E6, 0x69E6, 0x69E6, 0x69E6, 0x69E6, 0x61C5, 0x59A5, 0x5185, 0x4964, 0x3944, 0x3104,
  0x2904, 0x28E4, 0x2104, 0x2104, 0x1904, 0x1105, 0x1125, 0x1146, 0x1187, 0x11C8, 0x11E9, 0x1A2A, 0x1A4B, 0x1A6B, 0x1A6C, 0x1A6B,
  0x1A6B, 0x1A4A, 0x1A2A, 0x1A29, 0x1A09, 0x19E8, 0x21E8, 0x21E8, 0x21E7, 0x21E7, 0x21C7, 0x21C6, 0x21A6, 0x21A6, 0x21A6, 0x21E7,
  0x2A28, 0x2A49, 0x3249, 0x326A, 0x328A, 0x32CB, 0x3B2C, 0x436D, 0x438D, 0x436D, 0x436D, 0x436D, 0x4B8D, 0x4B8D, 0x53AE, 0x53CE,
  0x53CE, 0x5BEE, 0x5BEE, 0x5BCE, 0x5BCE, 0x5BCE, 0x5BCE, 0x5BCE, 0x5BCE, 0x5BEE, 0x5BEE, 0x5BEE, 0x5BEE, 0x540E, 0x540F, 0x540F,
  0x542F, 0x542F, 0x542F, 0x542F, 0x4C0F, 0x4C0F, 0x4BEF, 0x4BEF, 0x4BEF, 0x4BEF, 0x5C71, 0x75D5, 0x4C10, 0x4C92, 0x1A29, 0x3AAA,
  0xBE14, 0x32A8, 0x4CD2, 0x33EE, 0x1248, 0x2E35, 0x3F9A, 0x1552, 0x040D, 0x0E14, 0x26B6, 0x03AD, 0x02AB, 0x02EC, 0x028A, 0x01E8,
  0x1965, 0x48C2, 0x2061, 0x00A3, 0x00A3, 0x08A3, 0x2924, 0x20C2, 0x0001, 0x0022, 0x0022, 0x00C5, 0x00C5, 0x00C5, 0x00E6, 0x00C5,
  0x00C6, 0x0148, 0x0169, 0x0107, 0x0107, 0x2124, 0xDD46, 0xF6A8, 0xED22, 0xEC40, 0xF3C0, 0xF2C0, 0xE260, 0xD9E0, 0xC9A0, 0x98E0,
  0x6880, 0x3061, 0x0021, 0x0842, 0x1082, 0x0021, 0x0021, 0x0021, 0x0021, 0x0021, 0x0021, 0x0882, 0x0041, 0x0001, 0x0020, 0x0861,
  0x1082, 0x0021, 0x0041, 0x0062, 0x0082, 0x0062, 0x0042, 0x20C1, 0x18C1, 0x18A1, 0x0861, 0x0062, 0x0062, 0x0083, 0x0062, 0x0041,
  0x10A2, 0x0861, 0x0082, 0x0062, 0x0021, 0x0041, 0x0041, 0x18C2, 0x10A2, 0x0000, 0x18C2, 0x0820, 0x0000, 0x69A2, 0xBAE2, 0x2080,
  0x0000, 0x0000, 0x1122, 0x10C1, 0x21A1, 0x0060, 0x52A6, 0x3A24, 0x0080, 0x08C1, 0x0060, 0x0000, 0x52E6, 0xCF11, 0x3AE6, 0x00A0,
  0x2C86, 0x2669, 0x04C6, 0x0120, 0x0000, 0x0840, 0x0000, 0x0000, 0x1000, 0x1820, 0x1820, 0x2861, 0x1840, 0x1861, 0x1840, 0x1820,
  0x0800, 0x0000, 0x0820, 0x2061, 0x2081, 0x2881, 0x28A1, 0x30A1, 0x30C2, 0x30C2, 0x38E2, 0x3902, 0x4103, 0x4923, 0x4944, 0x5164,
  0x5985, 0x59A5, 0x61C5, 0x61E6, 0x69E6, 0x69E6, 0x69E6, 0x69E6, 0x61C6, 0x61A5, 0x5985, 0x4965, 0x4164, 0x3924, 0x3104, 0x2904,
  0x20E4, 0x2104, 0x2104, 0x1904, 0x1905, 0x1125, 0x1146, 0x1167, 0x11A8, 0x11E9, 0x1A0A, 0x1A4B, 0x1A6B, 0x1A6B, 0x1A6B, 0x1A6B,
  0x1A6B, 0x1A4A, 0x1A2A, 0x1A29, 0x1A09, 0x19E8, 0x21E8, 0x21E8, 0x21E7, 0x21E7, 0x21C7, 0x21C7, 0x21A6, 0x21A6, 0x21A6, 0x21C7,
  0x29E7, 0x2A28, 0x2A49, 0x3249, 0x326A, 0x328A, 0x32CB, 0x3B2C, 0x436D, 0x438D, 0x436D, 0x436D, 0x436D, 0x4B8D, 0x4B8D, 0x538D,
  0x53AE, 0x53CE, 0x5BEE, 0x5BEE, 0x5BCE, 0x5BCE, 0x5BCE, 0x5BCE, 0x5BCE, 0x5BCE, 0x5BCE, 0x5BEE, 0x5BEE, 0x5BEE, 0x5BEE, 0x540E,
  0x540F, 0x540F, 0x542F, 0x542F, 0x542F, 0x542F, 0x4C2F, 0x4C0F, 0x4C0F, 0x3AEC, 0x5D54, 0x6594, 0x22EC, 0x22CB, 0x2A48, 0x94D0,
  0x42E9, 0x1C6F, 0x3DF5, 0x134B, 0x0AEA, 0x0614, 0x0E55, 0x0CB0, 0x0DB3, 0x36F7, 0x24B0, 0x0249, 0x030C, 0x02AB, 0x024A, 0x1185,
  0x48E2, 0x2061, 0x0083, 0x00A3, 0x0083, 0x2104, 0x3964, 0x0021, 0x0022, 0x0021, 0x00A4, 0x00E6, 0x00E6, 0x00E5, 0x0084, 0x0106,
  0x0148, 0x0148, 0x018A, 0x0127, 0x0107, 0x49A3, 0xEE27, 0xEE06, 0xECE1, 0xEC41, 0xF340, 0xF360, 0xDA40, 0xDA00, 0xB960, 0x90E0,
  0x5060, 0x1841, 0x0021, 0x1062, 0x1062, 0x0001, 0x0042, 0x0022, 0x0021, 0x0042, 0x0021, 0x0041, 0x0041, 0x0001, 0x0861, 0x1081,
  0x1082, 0x0041, 0x0041, 0x0042, 0x0083, 0x0062, 0x0042, 0x1081, 0x20C1, 0x1881, 0x0861, 0x0062, 0x0062, 0x0083, 0x0021, 0x10C2,
  0x0882, 0x0041, 0x0082, 0x0042, 0x0021, 0x0041, 0x0041, 0x2103, 0x0020, 0x18C2, 0x0861, 0x0000, 0x0000, 0x9A82, 0x71C1, 0x0000,
  0x0000, 0x0881, 0x1982, 0x10C1, 0x0040, 0x4A65, 0xB5AB, 0x10E1, 0x0060, 0x0060, 0x0000, 0x3204, 0xC6B1, 0x2A85, 0x0060, 0x2C67,
  0x1E49, 0x0485, 0x0181, 0x0820, 0x0040, 0x0020, 0x0000, 0x0800, 0x1820, 0x2040, 0x1840, 0x2881, 0x2881, 0x2061, 0x2061, 0x1840,
  0x1840, 0x0000, 0x0000, 0x2881, 0x28A1, 0x30A1, 0x30C2, 0x38C2, 0x38E2, 0x3902, 0x4123, 0x4923, 0x4944, 0x5164, 0x5984, 0x59A5,
  0x61C5, 0x61E6, 0x69E6, 0x69E6, 0x69E6, 0x69E6, 0x69E6, 0x61C5, 0x59A5, 0x5185, 0x4965, 0x4144, 0x3924, 0x3104, 0x2904, 0x20E4,
  0x2104, 0x2104, 0x1904, 0x1905, 0x1105, 0x1126, 0x1167, 0x11A8, 0x11E9, 0x1209, 0x1A2A, 0x1A4B, 0x1A6B, 0x1A6B, 0x1A6B, 0x1A6B,
  0x1A6B, 0x1A4A, 0x1A2A, 0x1A29, 0x1A09, 0x19E8, 0x21E8, 0x21E8, 0x21E7, 0x21E7, 0x21C7, 0x21C7, 0x21A6, 0x21A6, 0x21A6, 0x21C6,
  0x21E7, 0x2A08, 0x2A49, 0x3249, 0x3269, 0x326A, 0x328A, 0x3AEB, 0x3B2C, 0x436D, 0x438D, 0x436D, 0x436D, 0x436D, 0x4B6D, 0x4B8D,
  0x538D, 0x53AE, 0x53CE, 0x53CE, 0x5BEE, 0x5BEE, 0x5BCE, 0x5BCE, 0x5BCE, 0x5BCE, 0x5BCE, 0x5BCE, 0x5BEE, 0x5BEE, 0x5BEE, 0x5BEE,
  0x5BEE, 0x5C0E, 0x540F, 0x540F, 0x542F, 0x542F, 0x542F, 0x542F, 0x4C2F, 0x5491, 0x5DF6, 0x5D95, 0x2B2C, 0x1125, 0x846F, 0x6C4E,
  0x44D1, 0x2573, 0x2E96, 0x2CF1, 0x138D, 0x1759, 0x05D3, 0x0470, 0x2EB6, 0x3614, 0x02AA, 0x02CB, 0x02CB, 0x0229, 0x1186, 0x5102,
  0x2082, 0x0083, 0x0083, 0x0083, 0x10E4, 0x39A5, 0x18A2, 0x0001, 0x0022, 0x0063, 0x0106, 0x00E6, 0x00A4, 0x00E6, 0x0148, 0x0968,
  0x0969, 0x0148, 0x09AA, 0x0969, 0x00E6, 0x9B84, 0xFEC7, 0xED61, 0xECA0, 0xEBA0, 0xF3E0, 0xEB20, 0xE240, 0xC9E0, 0xB140, 0x78C0,
  0x2841, 0x0821, 0x0841, 0x1882, 0x0842, 0x0021, 0x0042, 0x0042, 0x0021, 0x0042, 0x0021, 0x0021, 0x0041, 0x0021, 0x0020, 0x0861,
  0x0841, 0x0041, 0x0021, 0x0041, 0x0082, 0x0062, 0x0042, 0x0861, 0x18C1, 0x1881, 0x0861, 0x0042, 0x0062, 0x0042, 0x0061, 0x18C2,
  0x0021, 0x0042, 0x0062, 0x0041, 0x0041, 0x0021, 0x0861, 0x20C2, 0x0861, 0x10A2, 0x0000, 0x0000, 0x1881, 0x9AA3, 0x2060, 0x0000,
  0x0000, 0x1142, 0x1101, 0x0040, 0x18E1, 0x9CC8, 0x19A1, 0x0060, 0x0081, 0x0040, 0x08A1, 0x9D6D, 0x32C5, 0x00A0, 0x1325, 0x264A,
  0x14E8, 0x0141, 0x0000, 0x0040, 0x0861, 0x0020, 0x0800, 0x1000, 0x1861, 0x2060, 0x2040, 0x2881, 0x38E2, 0x2881, 0x28A1, 0x2061,
  0x2881, 0x1840, 0x0000, 0x0000, 0x30C2, 0x38E2, 0x38E2, 0x4103, 0x4123, 0x4923, 0x4943, 0x5164, 0x5184, 0x59A5, 0x61C5, 0x61C6,
  0x61E6, 0x69E6, 0x69E6, 0x69E6, 0x69E6, 0x61C6, 0x61A5, 0x59A5, 0x5185, 0x4965, 0x4144, 0x3924, 0x3104, 0x2904, 0x20E4, 0x2104,
  0x2104, 0x1904, 0x1905, 0x1105, 0x1125, 0x1146, 0x1187, 0x11C8, 0x11E9, 0x1A0A, 0x1A4B, 0x1A6B, 0x1A6B, 0x1A6C, 0x1A6B, 0x1A6B,
  0x1A4B, 0x1A4A, 0x1A29, 0x1A29, 0x1A09, 0x19E8, 0x21E8, 0x21E8, 0x21E7, 0x21E7, 0x21C7, 0x21C7, 0x21C6, 0x21A6, 0x21A6, 0x21A6,
  0x21C7, 0x29E7, 0x2A28, 0x2A49, 0x3249, 0x326A, 0x328A, 0x32AA, 0x3AEB, 0x3B2C, 0x436D, 0x438D, 0x436D, 0x436D, 0x436D, 0x4B6D,
  0x4B8D, 0x4B8D, 0x53AE, 0x53CE, 0x53CE, 0x5BEE, 0x5BEE, 0x5BCE, 0x5BCE, 0x5BCE, 0x5BCE, 0x5BCE, 0x5BCE, 0x5BCE, 0x5BEE, 0x5BEE,
  0x5BEE, 0x5BEE, 0x5BEE, 0x5C0E, 0x540F, 0x540F, 0x540F, 0x542F, 0x438E, 0x9677, 0x7656, 0x4D33, 0x19E8, 0x530B, 0x5BAC, 0x340D,
  0x979C, 0x875B, 0x2572, 0x5DB4, 0x238D, 0x375A, 0x04B0, 0x04B1, 0x0DD4, 0x0BCE, 0x026A, 0x02EC, 0x0229, 0x1965, 0x5103, 0x1882,
  0x00A4, 0x00A4, 0x0063, 0x08C4, 0x2965, 0x3143, 0x0001, 0x0022, 0x0022, 0x00C5, 0x0106, 0x00E5, 0x0127, 0x0948, 0x0148, 0x0127,
  0x0106, 0x0106, 0x0127, 0x0168, 0x2964, 0xEE07, 0xF645, 0xE4C0, 0xEBE0, 0xEB80, 0xF380, 0xF2A0, 0xE260, 0xB960, 0xA940, 0x5060,
  0x1841, 0x0821, 0x1062, 0x1062, 0x0021, 0x0021, 0x0062, 0x0042, 0x0021, 0x0042, 0x0022, 0x0021, 0x0042, 0x0021, 0x0020, 0x0861,
  0x0020, 0x0841, 0x0021, 0x0041, 0x0062, 0x0062, 0x0062, 0x0062, 0x18A1, 0x18A1, 0x0861, 0x0042, 0x0062, 0x0042, 0x18E2, 0x0881,
  0x0042, 0x0042, 0x0082, 0x0042, 0x0041, 0x0001, 0x20E2, 0x18C2, 0x1082, 0x0000, 0x0021, 0x0000, 0x4142, 0x59A2, 0x0000, 0x0000,
  0x0060, 0x1942, 0x0080, 0x0020, 0x5B25, 0x21E2, 0x0080, 0x0060, 0x0081, 0x0000, 0x73C8, 0x4326, 0x0060, 0x0AC4, 0x160B, 0x1549,
  0x01A2, 0x0000, 0x0040, 0x10A2, 0x0841, 0x0000, 0x0800, 0x1020, 0x2061, 0x2861, 0x2881, 0x28A1, 0x4923, 0x40E2, 0x38C2, 0x38C2,
  0x28A1, 0x30A1, 0x1020, 0x0000, 0x38E2, 0x4103, 0x4123, 0x4923, 0x4943, 0x5164, 0x5184, 0x59A5, 0x61C5, 0x61C6, 0x61E6, 0x69E6,
  0x69E6, 0x69E6, 0x69E6, 0x69E6, 0x61C5, 0x59A5, 0x5185, 0x4965, 0x4964, 0x3944, 0x3124, 0x2904, 0x2904, 0x20E4, 0x2104, 0x2104,
  0x1904, 0x1905, 0x1105, 0x1125, 0x1146, 0x1187, 0x11A8, 0x11E9, 0x1A0A, 0x1A2A, 0x1A4B, 0x1A6B, 0x1A6B, 0x1A6B, 0x1A6B, 0x1A6B,
  0x1A4A, 0x1A2A, 0x1A29, 0x1A29, 0x1A09, 0x19E8, 0x21E8, 0x21E8, 0x21E7, 0x21E7, 0x21E7, 0x21C7, 0x21C7, 0x21A6, 0x21A6, 0x21A6,
  0x21A6, 0x21E7, 0x2A08, 0x2A29, 0x2A49, 0x3249, 0x326A, 0x328A, 0x32AB, 0x3AEC, 0x3B4C, 0x436D, 0x438D, 0x436D, 0x436D, 0x436D,
  0x4B6D, 0x4B8D, 0x4B8D, 0x53AE, 0x53AE, 0x53CE, 0x5BEE, 0x5BEE, 0x5BEE, 0x5BCE, 0x5BCE, 0x5BCE, 0x5BCE, 0x5BCE, 0x5BCE, 0x5BCE,
  0x5BEE, 0x5BEE, 0x5BEE, 0x5BEE, 0x5BEE, 0x5C0E, 0x540F, 0x540F, 0x4BAE, 0x9E76, 0x6553, 0x3B6E, 0x4ACA, 0x532B, 0x7593, 0x66F8,
  0x1E56, 0x2F59, 0x042E, 0x2DB4, 0x132B, 0x13EF, 0x0470, 0x04B1, 0x040F, 0x02CB, 0x02CB, 0x0249, 0x2944, 0x40C2, 0x10A3, 0x00A4,
  0x00C4, 0x0083, 0x08A4, 0x2165, 0x41A4, 0x0841, 0x0021, 0x0042, 0x0083, 0x0906, 0x0107, 0x0989, 0x0106, 0x00A5, 0x0127, 0x0107,
  0x0106, 0x00E6, 0x0126, 0x00C5, 0x9BE6, 0xFF48, 0xF5A1, 0xF480, 0xF420, 0xF380, 0xF2E0, 0xF2E0, 0xC9C0, 0xB960, 0x80E0, 0x2041,
  0x1041, 0x0841, 0x1082, 0x0862, 0x0021, 0x0042, 0x0062, 0x0042, 0x0042, 0x0042, 0x0042, 0x0021, 0x0021, 0x0021, 0x0841, 0x0861,
  0x0000, 0x0041, 0x0021, 0x0021, 0x0062, 0x0062, 0x0042, 0x0062, 0x1081, 0x18A1, 0x0881, 0x0042, 0x0042, 0x0862, 0x2102, 0x0021,
  0x0042, 0x0042, 0x0082, 0x0041, 0x0042, 0x0021, 0x3963, 0x10A2, 0x0041, 0x0001, 0x0021, 0x0000, 0x59A3, 0x2081, 0x0000, 0x0000,
  0x1101, 0x1101, 0x0000, 0x29E3, 0x3B04, 0x00C1, 0x0060, 0x00A1, 0x0020, 0x4244, 0x6387, 0x0020, 0x0142, 0x156A, 0x1508, 0x01C2,
  0x0000, 0x08C2, 0x10E3, 0x0841, 0x0000, 0x0800, 0x1000, 0x1820, 0x2881, 0x2881, 0x38A2, 0x30A2, 0x5963, 0x69C5, 0x48E2, 0x4923,
  0x30C2, 0x30E2, 0x30C2, 0x0820, 0x0000, 0x4923, 0x4943, 0x5164, 0x5184, 0x59A5, 0x59A5, 0x61C5, 0x61E6, 0x69E6, 0x69E6, 0x69E6,
  0x69E6, 0x69E6, 0x61C6, 0x61A5, 0x59A5, 0x5185, 0x4965, 0x4144, 0x3924, 0x3124, 0x2904, 0x2904, 0x20E4, 0x2104, 0x2104, 0x1904,
  0x1905, 0x1105, 0x1125, 0x1146, 0x1167, 0x11A8, 0x11C9, 0x11E9, 0x1A0A, 0x1A4B, 0x1A6B, 0x1A6B, 0x1A6C, 0x1A6B, 0x1A6B, 0x1A6B,
  0x1A4A, 0x1A2A, 0x1A29, 0x1A29, 0x1A09, 0x19E8, 0x21E8, 0x21E8, 0x21E7, 0x21E7, 0x21E7, 0x21C7, 0x21C7, 0x21A6, 0x21A6, 0x21A6,
  0x21A6, 0x21C7, 0x29E7, 0x2A28, 0x2A49, 0x3249, 0x3269, 0x326A, 0x328A, 0x32CB, 0x3B0C, 0x3B4C, 0x436D, 0x438D, 0x436D, 0x436D,
  0x436D, 0x4B6D, 0x4B8D, 0x4B8D, 0x538D, 0x53AE, 0x53CE, 0x53CE, 0x5BEE, 0x5BEE, 0x5BCE, 0x5BCE, 0x5BCE, 0x5BCE, 0x5BCE, 0x5BCE,
  0x5BCE, 0x5BCE, 0x5BEE, 0x5BEE, 0x5BEE, 0x5BEE, 0x5BEE, 0x32CB, 0xC719, 0x8DD4, 0x1A4A, 0x42CB, 0x638D, 0x544E, 0x4EF7, 0x26D7,
  0x0DF4, 0x15F4, 0x45D4, 0x477A, 0x134B, 0x0166, 0x0D54, 0x0470, 0x028B, 0x0ACB, 0x29E7, 0x4902, 0x30C2, 0x00A4, 0x00A4, 0x00C4,
  0x00A4, 0x0083, 0x1966, 0x41C5, 0x20E2, 0x0001, 0x0042, 0x0043, 0x00C5, 0x0968, 0x11EA, 0x00E5, 0x0063, 0x0107, 0x0148, 0x0127,
  0x00C5, 0x0947, 0x0107, 0x5A24, 0xFF09, 0xFE83, 0xFD40, 0xFCA0, 0xFBE0, 0xFB80, 0xFB20, 0xE260, 0xC160, 0xA940, 0x3860, 0x1861,
  0x0841, 0x0862, 0x1082, 0x0041, 0x0021, 0x0042, 0x0063, 0x0062, 0x0042, 0x0042, 0x0042, 0x0021, 0x0021, 0x0021, 0x0862, 0x0861,
  0x0000, 0x0020, 0x0021, 0x0021, 0x0041, 0x0042, 0x0042, 0x0062, 0x0861, 0x18A1, 0x0861, 0x0042, 0x0042, 0x18C2, 0x10A1, 0x0021,
  0x0021, 0x0062, 0x0082, 0x0041, 0x0041, 0x1081, 0x3963, 0x0021, 0x0021, 0x0021, 0x0000, 0x0860, 0x51C3, 0x0000, 0x0000, 0x0020,
  0x1101, 0x0060, 0x08A0, 0x4344, 0x09A2, 0x08C2, 0x0020, 0x0060, 0x2963, 0x8428, 0x00A1, 0x0060, 0x1C2A, 0x13E7, 0x0121, 0x0081,
  0x1A27, 0x1144, 0x0000, 0x0020, 0x0000, 0x1020, 0x1820, 0x2041, 0x3081, 0x30A1, 0x40E2, 0x4902, 0x5943, 0x8226, 0x6184, 0x5964,
  0x4923, 0x38E2, 0x4923, 0x30C2, 0x0000, 0x0000, 0x5184, 0x59A5, 0x59A5, 0x61C5, 0x61E6, 0x61E6, 0x69E6, 0x69E6, 0x69E6, 0x69E6,
  0x69E6, 0x61C5, 0x59A5, 0x5985, 0x5185, 0x4965, 0x4144, 0x3924, 0x3104, 0x2904, 0x2904, 0x20E4, 0x2104, 0x2104, 0x1904, 0x1905,
  0x1105, 0x1125, 0x1146, 0x1167, 0x1188, 0x11C8, 0x11E9, 0x1A0A, 0x1A2A, 0x1A4B, 0x1A6B, 0x1A6B, 0x1A6C, 0x1A6B, 0x1A6B, 0x1A6B,
  0x1A4A, 0x1A2A, 0x1A29, 0x1A29, 0x1A09, 0x19E8, 0x21E8, 0x21E8, 0x21E7, 0x21E7, 0x21E7, 0x21C7, 0x21C7, 0x21A6, 0x21A6, 0x21A6,
  0x21A6, 0x21C6, 0x21E7, 0x2A08, 0x2A28, 0x2A49, 0x3249, 0x326A, 0x326A, 0x328A, 0x32CB, 0x3B0C, 0x3B4D, 0x436D, 0x438D, 0x436D,
  0x436D, 0x436D, 0x436D, 0x4B8D, 0x4B8D, 0x4B8D, 0x53AE, 0x53CE, 0x53CE, 0x5BEE, 0x5BEE, 0x5BEE, 0x5BCE, 0x5BCE, 0x5BCE, 0x5BCE,
  0x5BCE, 0x5BCE, 0x5BCE, 0x5BCE, 0x5BEE, 0x5BEE, 0x434D, 0x4BCE, 0x9E36, 0x4BCF, 0x19A8, 0x3A69, 0x748F, 0x6ED7, 0x2F38, 0x0655,
  0x04AF, 0x1D10, 0x575A, 0x4F5A, 0x1ACA, 0x00A3, 0x02CB, 0x026A, 0x2985, 0x5984, 0x5103, 0x1904, 0x0106, 0x0106, 0x00C4, 0x00A4,
  0x0062, 0x1946, 0x31C6, 0x4184, 0x0021, 0x0022, 0x0042, 0x0083, 0x0927, 0x120B, 0x0106, 0x0042, 0x0021, 0x00E5, 0x0168, 0x0127,
  0x0127, 0x0168, 0x2124, 0xDDC7, 0xFF05, 0xFD80, 0xFD00, 0xFC00, 0xF340, 0xFBC0, 0xEAC0, 0xC9C0, 0xB140, 0x68A0, 0x1020, 0x1062,
  0x0021, 0x1062, 0x0862, 0x0021, 0x0021, 0x0062, 0x0063, 0x0062, 0x0062, 0x0042, 0x0042, 0x0041, 0x0021, 0x0000, 0x10A2, 0x0841,
  0x0000, 0x0841, 0x0021, 0x0021, 0x0041, 0x0042, 0x0041, 0x0062, 0x0041, 0x1081, 0x0861, 0x0042, 0x0042, 0x20E2, 0x0041, 0x0021,
  0x0021, 0x0082, 0x0082, 0x0042, 0x0021, 0x28E2, 0x20E2, 0x0000, 0x0021, 0x0021, 0x0000, 0x28E2, 0x3122, 0x0000, 0x0020, 0x0061,
  0x08E1, 0x0000, 0x3AA3, 0x1A42, 0x0963, 0x0020, 0x0040, 0x0881, 0x7BC8, 0x19A3, 0x0060, 0x23AA, 0x1348, 0x00A1, 0x0963, 0x2329,
  0x1164, 0x0000, 0x0841, 0x0881, 0x0840, 0x1020, 0x1840, 0x2861, 0x3082, 0x38C2, 0x38C2, 0x5943, 0x6164, 0x8205, 0x79E5, 0x61C5,
  0x61A5, 0x4923, 0x4923, 0x61A4, 0x30C2, 0x0000, 0x59A5, 0x61C5, 0x61C6, 0x61E6, 0x69E6, 0x69E6, 0x69E6, 0x69E6, 0x69E6, 0x61C6,
  0x61C5, 0x59A5, 0x5185, 0x4965, 0x4964, 0x4144, 0x3924, 0x3104, 0x2904, 0x28E4, 0x20E4, 0x2104, 0x2104, 0x1904, 0x1904, 0x1105,
  0x1125, 0x1126, 0x1146, 0x1187, 0x11A8, 0x11E9, 0x1209, 0x1A0A, 0x1A4B, 0x1A6B, 0x1A6B, 0x1A6B, 0x1A6B, 0x1A6B, 0x1A6B, 0x1A4B,
  0x1A4A, 0x1A2A, 0x1A29, 0x1A29, 0x1A09, 0x19E8, 0x21E8, 0x21E8, 0x21E8, 0x21E7, 0x21E7, 0x21C7, 0x21C7, 0x21C6, 0x21A6, 0x21A6,
  0x21A6, 0x21A6, 0x21C7, 0x29E7, 0x2A28, 0x2A49, 0x2A49, 0x3249, 0x326A, 0x328A, 0x328A, 0x32CB, 0x3B2C, 0x3B4D, 0x436D, 0x438D,
  0x436D, 0x436D, 0x436D, 0x436D, 0x4B6D, 0x4B8D, 0x4B8D, 0x53AE, 0x53AE, 0x53CE, 0x53CE, 0x5BEE, 0x5BEE, 0x5BCE, 0x5BCE, 0x5BCE,
  0x5BCE, 0x5BCE, 0x5BCE, 0x5BCE, 0x5BCE, 0x5BCE, 0x4B6E, 0x7D13, 0x43CF, 0x22AC, 0x29E7, 0x7C4E, 0x9E96, 0x6F5A, 0x2F59, 0x0654,
  0x0DF3, 0x4FDB, 0x3739, 0x030A, 0x0062, 0x00A3, 0x2903, 0x61A3, 0x6183, 0x21A7, 0x020A, 0x0168, 0x0168, 0x0127, 0x00E5, 0x0042,
  0x1105, 0x21A7, 0x41C5, 0x1082, 0x0001, 0x0042, 0x0063, 0x00A4, 0x11EB, 0x0947, 0x0042, 0x0042, 0x0021, 0x00A4, 0x0968, 0x0927,
  0x0148, 0x0905, 0xB465, 0xFF47, 0xFE01, 0xFD00, 0xFC20, 0xF3A0, 0xFC01, 0xFB60, 0xE260, 0xB960, 0x90E0, 0x1820, 0x1061, 0x0841,
  0x0842, 0x1082, 0x0021, 0x0021, 0x0022, 0x0062, 0x0083, 0x0062, 0x0883, 0x0042, 0x0042, 0x0041, 0x0021, 0x0000, 0x18E3, 0x0020,
  0x0000, 0x0841, 0x0041, 0x0021, 0x0021, 0x0041, 0x0041, 0x0062, 0x0042, 0x0841, 0x0861, 0x0042, 0x0861, 0x20E2, 0x0021, 0x0021,
  0x0021, 0x08C3, 0x0082, 0x0041, 0x0021, 0x3142, 0x0861, 0x0000, 0x0021, 0x0021, 0x0000, 0x49A3, 0x1081, 0x0000, 0x0020, 0x00C1,
  0x0060, 0x2162, 0x3B03, 0x11E3, 0x08A1, 0x0020, 0x0000, 0x5AA6, 0x3225, 0x0060, 0x238A, 0x12A7, 0x0060, 0x0A46, 0x12E8, 0x08C2,
  0x0000, 0x0881, 0x1923, 0x3A27, 0x0020, 0x1841, 0x2041, 0x2861, 0x3082, 0x40E3, 0x4123, 0x5143, 0x71C5, 0x71C4, 0x8A46, 0x6984,
  0x69A5, 0x59A5, 0x4943, 0x59A4, 0x61A5, 0x1861, 0x0000, 0x61E6, 0x69E6, 0x69E6, 0x69E6, 0x69E6, 0x69E6, 0x69E6, 0x61C5, 0x61A5,
  0x59A5, 0x5185, 0x4965, 0x4164, 0x3944, 0x3924, 0x3104, 0x2904, 0x28E4, 0x20E4, 0x2104, 0x2104, 0x1904, 0x1904, 0x1105, 0x1105,
  0x1125, 0x1146, 0x1167, 0x11A8, 0x11C9, 0x11E9, 0x1A0A, 0x1A2A, 0x1A4B, 0x1A6B, 0x1A6B, 0x1A6C, 0x1A6B, 0x1A6B, 0x1A6B, 0x1A4A,
  0x1A4A, 0x1A2A, 0x1A29, 0x1A29, 0x1A09, 0x19E8, 0x21E8, 0x21E8, 0x21E8, 0x21E7, 0x21E7, 0x21C7, 0x21C7, 0x21C7, 0x21A6, 0x21A6,
  0x21A6, 0x21A6, 0x21C6, 0x21E7, 0x2A08, 0x2A28, 0x2A49, 0x3249, 0x3269, 0x326A, 0x328A, 0x32AB, 0x3AEB, 0x3B2C, 0x3B4D, 0x436D,
  0x438D, 0x436D, 0x436D, 0x436D, 0x436D, 0x4B6D, 0x4B8D, 0x4B8D, 0x538D, 0x53AE, 0x53CE, 0x53CE, 0x5BEE, 0x5BEE, 0x5BEE, 0x5BCE,
  0x5BCE, 0x5BCE, 0x5BCE, 0x5BCE, 0x5BCE, 0x6410, 0x6430, 0x7CF3, 0x22CC, 0x1966, 0x7C2D, 0xB6B5, 0x6F18, 0x3718, 0x05D2, 0x0C4D,
  0x34F1, 0x5E15, 0x42C7, 0x40E1, 0x4922, 0x8A85, 0x8329, 0x3268, 0x030D, 0x03B1, 0x020B, 0x0188, 0x01A9, 0x0147, 0x00C4, 0x08C4,
  0x1946, 0x39A5, 0x3123, 0x0001, 0x0042, 0x0063, 0x0063, 0x1168, 0x11EA, 0x0063, 0x0042, 0x0022, 0x0001, 0x0062, 0x0127, 0x0127,
  0x0106, 0x8B64, 0xFF27, 0xFEA4, 0xFD20, 0xFC40, 0xF380, 0xFBE0, 0xFB80, 0xEAE0, 0xC1C0, 0x9900, 0x3040, 0x1061, 0x1062, 0x0041,
  0x1082, 0x1062, 0x0021, 0x0042, 0x0042, 0x0062, 0x0083, 0x0062, 0x0883, 0x0062, 0x0042, 0x0041, 0x0021, 0x0041, 0x1082, 0x0000,
  0x0000, 0x0020, 0x0861, 0x0021, 0x0021, 0x0041, 0x0041, 0x0062, 0x0042, 0x0021, 0x0861, 0x0041, 0x10A1, 0x20E1, 0x0021, 0x0021,
  0x0041, 0x08E4, 0x0062, 0x0021, 0x1061, 0x3962, 0x0000, 0x0021, 0x0021, 0x0000, 0x1061, 0x4183, 0x0000, 0x0020, 0x0041, 0x00A1,
  0x0060, 0x3AE3, 0x1A22, 0x1163, 0x0020, 0x0000, 0x2143, 0x52A6, 0x0020, 0x22E8, 0x1B09, 0x0102, 0x0A87, 0x09C5, 0x0000, 0x0800,
  0x0881, 0x1903, 0x9D12, 0x31E6, 0x0000, 0x1061, 0x2061, 0x2861, 0x38A2, 0x40C2, 0x5964, 0x5144, 0x69E6, 0x7A06, 0x79E6, 0x9268,
  0x8A68, 0x6984, 0x61A4, 0x5164, 0x61C5, 0x5184, 0x0820, 0x0000, 0x69E6, 0x69E6, 0x69E6, 0x69E6, 0x61C6, 0x61C5, 0x59A5, 0x5985,
  0x5185, 0x4965, 0x4144, 0x3924, 0x3124, 0x3104, 0x2904, 0x28E4, 0x20E4, 0x2104, 0x2104, 0x1904, 0x1904, 0x1905, 0x1105, 0x1125,
  0x1146, 0x1167, 0x11A8, 0x11C8, 0x11E9, 0x1A0A, 0x1A2A, 0x1A4B, 0x1A6B, 0x1A6B, 0x1A6B, 0x1A6B, 0x1A6B, 0x1A6B, 0x1A6B, 0x1A4A,
  0x1A2A, 0x1A29, 0x1A29, 0x1A29, 0x1A09, 0x19E8, 0x21E8, 0x21E8, 0x21E8, 0x21E7, 0x21E7, 0x21E7, 0x21C7, 0x21C7, 0x21A6, 0x21A6,
  0x21A6, 0x21A6, 0x21A6, 0x21C7, 0x29E7, 0x2A28, 0x2A29, 0x2A49, 0x3249, 0x326A, 0x326A, 0x328A, 0x32AB, 0x3AEB, 0x3B2C, 0x434D,
  0x436D, 0x438D, 0x436D, 0x436D, 0x436D, 0x436D, 0x4B6D, 0x4B8D, 0x4B8D, 0x538D, 0x53AE, 0x53CE, 0x53CE, 0x5BEE, 0x5BEE, 0x5BEE,
  0x5BCE, 0x5BCE, 0x5BCE, 0x5BCE, 0x6C51, 0x5C10, 0x6431, 0x332D, 0x1187, 0x6329, 0xC6D5, 0x6E96, 0x1552, 0x0510, 0x65D4, 0x9534,
  0x5B4B, 0x7204, 0x81A3, 0xB46D, 0x7B8A, 0x3BAE, 0x0C32, 0x02EE, 0x0433, 0x02EE, 0x0168, 0x0188, 0x01A9, 0x0147, 0x08A4, 0x10E4,
  0x2125, 0x4184, 0x0841, 0x0022, 0x0043, 0x0083, 0x08E5, 0x2A4B, 0x08E5, 0x0022, 0x0042, 0x0042, 0x0021, 0x0042, 0x1188, 0x32CC,
  0x83E8, 0xFEE7, 0xFF49, 0xFDE3, 0xFD42, 0xFBC0, 0xFBA0, 0xFBA0, 0xF300, 0xD220, 0xA920, 0x4860, 0x0020, 0x1882, 0x0842, 0x0842,
  0x1882, 0x0041, 0x0021, 0x0042, 0x0062, 0x0062, 0x0063, 0x0062, 0x0882, 0x0862, 0x0042, 0x0041, 0x0021, 0x0861, 0x1082, 0x0000,
  0x0000, 0x0000, 0x0841, 0x0021, 0x0021, 0x0021, 0x0041, 0x0062, 0x0042, 0x0021, 0x0841, 0x0041, 0x20C1, 0x18A1, 0x0021, 0x0021,
  0x0041, 0x08E3, 0x0062, 0x0000, 0x3142, 0x20E2, 0x0001, 0x0021, 0x0021, 0x0000, 0x3122, 0x28E2, 0x0000, 0x0020, 0x0061, 0x0020,
  0x21C2, 0x3303, 0x11C3, 0x0020, 0x0040, 0x0840, 0x62E7, 0x08A1, 0x11C5, 0x236A, 0x0266, 0x0AE8, 0x00E2, 0x0000, 0x0861, 0x0020,
  0x29A5, 0xBE15, 0x63AC, 0x0020, 0x1041, 0x1041, 0x1861, 0x2882, 0x38A2, 0x50C3, 0x7185, 0xA410, 0x93AE, 0xA32B, 0x81E6, 0xBCB2,
  0xDE18, 0x9B4C, 0x8247, 0x61A4, 0x5164, 0x7206, 0x4943, 0x0000, 0x69E6, 0x69E6, 0x69E6, 0x61C5, 0x61A5, 0x59A5, 0x5185, 0x4965,
  0x4965, 0x4144, 0x3924, 0x3124, 0x3104, 0x2904, 0x28E4, 0x20E4, 0x2104, 0x2104, 0x1904, 0x1904, 0x1905, 0x1105, 0x1125, 0x1146,
  0x1167, 0x1187, 0x11A8, 0x11E9, 0x11E9, 0x1A0A, 0x1A2B, 0x1A4B, 0x1A6B, 0x1A6B, 0x1A6C, 0x1A6B, 0x1A6B, 0x1A6B, 0x1A6B, 0x1A4A,
  0x1A2A, 0x1A29, 0x1A29, 0x1A29, 0x1A09, 0x19E8, 0x19E8, 0x21E8, 0x21E8, 0x21E7, 0x21E7, 0x21E7, 0x21C7, 0x21C7, 0x21C6, 0x21A6,
  0x21A6, 0x21A6, 0x21A6, 0x21C6, 0x21E7, 0x2A08, 0x2A28, 0x2A49, 0x3249, 0x3249, 0x326A, 0x326A, 0x328A, 0x32AB, 0x3AEC, 0x3B2C,
  0x434D, 0x436D, 0x438D, 0x436D, 0x436D, 0x436D, 0x436D, 0x4B6D, 0x4B8D, 0x4B8D, 0x4B8D, 0x53AE, 0x53AE, 0x53CE, 0x53CE, 0x5BEE,
  0x5BEE, 0x5BEE, 0x5BCE, 0x5BCE, 0x4BAF, 0x5BF0, 0x2A8B, 0x0966, 0x52C8, 0xCE93, 0xA717, 0x2532, 0x1B8C, 0xB699, 0x9CF3, 0x28E3,
  0x5102, 0xBC4C, 0x9D71, 0x44B1, 0x034E, 0x034F, 0x034F, 0x024B, 0x02AD, 0x01EB, 0x0147, 0x0189, 0x01A9, 0x0147, 0x10E4, 0x1905,
  0x4185, 0x20C2, 0x0001, 0x0042, 0x0083, 0x0084, 0x3208, 0x3A8B, 0x0063, 0x0042, 0x0042, 0x0042, 0x0041, 0x0041, 0x53AF, 0x73EB,
  0xEEC8, 0xFFCC, 0xFE65, 0xFDE3, 0xFCA1, 0xFBC0, 0xFB80, 0xF340, 0xDA40, 0xB960, 0x6080, 0x0000, 0x1082, 0x0862, 0x0842, 0x1882,
  0x1062, 0x0021, 0x0022, 0x0042, 0x0042, 0x0042, 0x0063, 0x0062, 0x0882, 0x0862, 0x0042, 0x0041, 0x0000, 0x10A2, 0x0020, 0x0000,
  0x0000, 0x0000, 0x0861, 0x0021, 0x0021, 0x0021, 0x0021, 0x0041, 0x0041, 0x0021, 0x0041, 0x0021, 0x2901, 0x1081, 0x0021, 0x0021,
  0x0061, 0x08C3, 0x0042, 0x0841, 0x41A3, 0x0041, 0x0021, 0x0001, 0x0021, 0x0020, 0x49C4, 0x0820, 0x0000, 0x0020, 0x0081, 0x0060,
  0x3B24, 0x1A63, 0x00C2, 0x0040, 0x0000, 0x5286, 0x31C4, 0x00C1, 0x236A, 0x0A87, 0x0A05, 0x00A1, 0x0820, 0x0820, 0x18C1, 0x6B8C,
  0xBE56, 0x746D, 0x4B29, 0x0861, 0x1061, 0x1861, 0x1041, 0x20A3, 0x30C3, 0x48E3, 0x7124, 0xC3AE, 0xDE59, 0xBCB1, 0x99E6, 0xABEF,
  0xE6BA, 0xD5F7, 0xBCB1, 0x71C5, 0x61A5, 0x61A4, 0x7206, 0x38E2, 0x0000, 0x61C6, 0x61C5, 0x59A5, 0x59A5, 0x5185, 0x4965, 0x4964,
  0x4144, 0x3924, 0x3104, 0x2904, 0x2904, 0x28E4, 0x20E4, 0x2104, 0x2104, 0x1904, 0x1904, 0x1905, 0x1105, 0x1125, 0x1126, 0x1146,
  0x1187, 0x11A8, 0x11C9, 0x11E9, 0x1A0A, 0x1A2A, 0x1A4B, 0x1A6B, 0x1A6B, 0x1A6B, 0x1A6C, 0x1A6B, 0x1A6B, 0x1A6B, 0x1A4B, 0x1A4A,
  0x1A2A, 0x1A29, 0x1A29, 0x1A09, 0x1A09, 0x19E8, 0x19E8, 0x21E8, 0x21E8, 0x21E7, 0x21E7, 0x21E7, 0x21C7, 0x21C7, 0x21C7, 0x21A6,
  0x21A6, 0x21A6, 0x21A6, 0x21A6, 0x21C7, 0x29E7, 0x2A28, 0x2A29, 0x2A49, 0x3249, 0x3269, 0x326A, 0x328A, 0x328A, 0x32CB, 0x3B0C,
  0x3B2C, 0x436D, 0x436D, 0x438D, 0x438D, 0x436D, 0x436D, 0x436D, 0x4B6D, 0x4B8D, 0x4B8D, 0x4B8D, 0x53AE, 0x53AE, 0x53CE, 0x53CE,
  0x5BEE, 0x5BEE, 0x5BEE, 0x5C10, 0x53CF, 0x3ACC, 0x1187, 0x3A47, 0xDED5, 0x8571, 0x45D4, 0x6E57, 0x8D13, 0x8C2E, 0x4123, 0x5A48,
  0x8DB3, 0x6EB7, 0x0CB1, 0x03D0, 0x0BD0, 0x032E, 0x024B, 0x022B, 0x01C9, 0x0147, 0x0106, 0x01A8, 0x0168, 0x0126, 0x08E5, 0x2104,
  0x3944, 0x0021, 0x0042, 0x0063, 0x00A4, 0x00C5, 0x5B0A, 0x2A08, 0x0042, 0x0042, 0x0042, 0x0042, 0x0041, 0x0062, 0x3A48, 0xC567,
  0xFFA9, 0xFEC6, 0xFE22, 0xFD42, 0xFBC0, 0xFBE0, 0xF360, 0xDA60, 0xB960, 0x70A0, 0x0800, 0x0841, 0x1062, 0x0842, 0x1062, 0x1882,
  0x0021, 0x0022, 0x0021, 0x0021, 0x10C3, 0x2103, 0x0042, 0x0062, 0x0882, 0x0862, 0x0041, 0x0021, 0x0020, 0x18C3, 0x0000, 0x0000,
  0x0000, 0x0000, 0x1082, 0x0041, 0x0000, 0x0021, 0x0021, 0x0041, 0x0041, 0x0021, 0x0021, 0x0021, 0x3121, 0x0861, 0x0001, 0x0021,
  0x0062, 0x08C3, 0x0021, 0x2902, 0x3143, 0x0001, 0x0021, 0x0021, 0x0000, 0x3963, 0x41A4, 0x0000, 0x0021, 0x0081, 0x0040, 0x2A24,
  0x3304, 0x0122, 0x0061, 0x0000, 0x3183, 0x6327, 0x0020, 0x19E6, 0x1247, 0x0061, 0x0000, 0x0820, 0x20C1, 0x5B09, 0x9D32, 0x9572,
  0x32A7, 0x9D93, 0x4B0B, 0x0020, 0x1882, 0x2082, 0x1862, 0x1882, 0x3125, 0x3904, 0x4904, 0x8124, 0xD3CE, 0xEDD6, 0xBAAA, 0xAA69,
  0xDDF7, 0xCD13, 0xD554, 0xABCD, 0x71A5, 0x61C5, 0x69C5, 0x71E6, 0x2081, 0x0000, 0x59A5, 0x5185, 0x5185, 0x4965, 0x4164, 0x4144,
  0x3924, 0x3104, 0x2904, 0x2904, 0x28E4, 0x20E4, 0x2104, 0x2104, 0x1904, 0x1904, 0x1905, 0x1105, 0x1125, 0x1126, 0x1146, 0x1167,
  0x11A8, 0x11C8, 0x11E9, 0x1209, 0x1A0A, 0x1A2B, 0x1A4B, 0x1A6B, 0x1A6B, 0x1A6B, 0x1A6B, 0x1A6B, 0x1A6B, 0x1A6B, 0x1A4A, 0x1A4A,
  0x1A2A, 0x1A29, 0x1A29, 0x1A09, 0x1A08, 0x19E8, 0x19E8, 0x21E8, 0x21E8, 0x21E7, 0x21E7, 0x21E7, 0x21C7, 0x21C7, 0x21C7, 0x21A6,
  0x21A6, 0x21A6, 0x21A6, 0x21A6, 0x21C6, 0x21E7, 0x2A07, 0x2A28, 0x2A49, 0x2A49, 0x3249, 0x326A, 0x326A, 0x328A, 0x32AA, 0x32CB,
  0x3B0C, 0x3B2C, 0x436D, 0x436D, 0x438D, 0x438D, 0x436D, 0x436D, 0x436D, 0x4B6D, 0x4B8D, 0x4B8D, 0x4B8D, 0x538D, 0x53AE, 0x53AE,
  0x53CE, 0x53CE, 0x5BF0, 0x5C10, 0x432D, 0x2209, 0x3227, 0xC695, 0x9655, 0x4511, 0x8E37, 0xA553, 0x3123, 0x3164, 0x4BCD, 0x46D8,
  0x177A, 0x046F, 0x4DD5, 0x1430, 0x036F, 0x030E, 0x024B, 0x01EA, 0x01A9, 0x0106, 0x0106, 0x01C9, 0x0147, 0x00C5, 0x0084, 0x3124,
  0x18A2, 0x0002, 0x0063, 0x0084, 0x0084, 0x2187, 0x7BEB, 0x21C7, 0x0042, 0x0042, 0x0042, 0x0042, 0x0062, 0x0001, 0x93C5, 0xFF88,
  0xFEE6, 0xFE83, 0xFE02, 0xFC20, 0xFBA0, 0xF380, 0xDA80, 0xB980, 0x78C0, 0x0800, 0x0021, 0x1062, 0x0842, 0x0862, 0x1882, 0x0842,
  0x0021, 0x0022, 0x0042, 0x2144, 0x39E5, 0x31C5, 0x0861, 0x0021, 0x1082, 0x0862, 0x0041, 0x0021, 0x0041, 0x0841, 0x0000, 0x0000,
  0x0000, 0x0000, 0x0841, 0x0861, 0x0000, 0x0021, 0x0021, 0x0041, 0x0041, 0x0021, 0x0001, 0x0040, 0x3121, 0x0840, 0x0021, 0x0021,
  0x0062, 0x00A2, 0x0020, 0x51E3, 0x0881, 0x0021, 0x0021, 0x0021, 0x0820, 0x6AA6, 0x0861, 0x0021, 0x0061, 0x0061, 0x10E2, 0x4325,
  0x0921, 0x00C2, 0x0000, 0x18E2, 0x73A9, 0x08A1, 0x0081, 0x0923, 0x0041, 0x0000, 0x10A1, 0x738A, 0xA551, 0x84CF, 0x53AB, 0x2AC7,
  0x84B0, 0xA5D5, 0x00E2, 0x10C3, 0x1882, 0x28A2, 0x28A2, 0x2882, 0x1882, 0x3966, 0x4166, 0x4104, 0x7104, 0xBA49, 0xE430, 0xE3EF,
  0xCBCE, 0xCCD2, 0xBC0F, 0xC42F, 0xA30A, 0x69A5, 0x69E6, 0x69C5, 0x61C5, 0x1061, 0x0000, 0x4965, 0x4965, 0x4144, 0x3924, 0x3924,
  0x3104, 0x2904, 0x2904, 0x28E4, 0x20E4, 0x2104, 0x2104, 0x1904, 0x1904, 0x1905, 0x1105, 0x1125, 0x1125, 0x1146, 0x1167, 0x1187,
  0x11A8, 0x11E9, 0x11E9, 0x1A0A, 0x1A2A, 0x1A4B, 0x1A4B, 0x1A6B, 0x1A6B, 0x1A6C, 0x1A6B, 0x1A6B, 0x1A6B, 0x1A6B, 0x1A4A, 0x1A4A,
  0x1A2A, 0x1A29, 0x1A29, 0x1A09, 0x1A08, 0x19E8, 0x19E8, 0x21E8, 0x21E8, 0x21E7, 0x21E7, 0x21E7, 0x21C7, 0x21C7, 0x21C7, 0x21A6,
  0x21A6, 0x21A6, 0x21A6, 0x21A6, 0x21C6, 0x21C7, 0x29E7, 0x2A08, 0x2A28, 0x2A49, 0x3249, 0x3249, 0x326A, 0x326A, 0x328A, 0x32AB,
  0x3ACB, 0x3B0C, 0x3B4C, 0x436D, 0x436D, 0x438D, 0x438D, 0x436D, 0x436D, 0x436D, 0x4B6D, 0x4B6D, 0x4B8D, 0x4B8D, 0x538D, 0x53AE,
  0x53AE, 0x4BAF, 0x6431, 0x53CF, 0x2229, 0x3A69, 0xBE55, 0x75F4, 0x7677, 0x95D5, 0x4248, 0x49C6, 0x32AA, 0x25F6, 0x4FDD, 0x475A,
  0x04F1, 0x4D12, 0xA7DD, 0x0CB1, 0x02CD, 0x02AD, 0x020A, 0x0168, 0x0147, 0x0106, 0x0147, 0x0188, 0x00C5, 0x0063, 0x10A3, 0x3103,
  0x0001, 0x0042, 0x0063, 0x0083, 0x00C5, 0x29E8, 0x8C2C, 0x4289, 0x0063, 0x0042, 0x0042, 0x0062, 0x0002, 0x4962, 0xFF09, 0xFF48,
  0xFF06, 0xFE42, 0xFCE0, 0xFC20, 0xF360, 0xDAA0, 0xC1A0, 0x80E0, 0x1020, 0x0021, 0x0841, 0x0842, 0x0842, 0x1082, 0x1082, 0x0021,
  0x0022, 0x0042, 0x10C4, 0x10E4, 0x0083, 0x0042, 0x0042, 0x0021, 0x10A2, 0x0862, 0x0041, 0x0021, 0x0862, 0x0861, 0x0000, 0x0000,
  0x0000, 0x0000, 0x0000, 0x0861, 0x0000, 0x0001, 0x0021, 0x0021, 0x0041, 0x0021, 0x0001, 0x0840, 0x3941, 0x0020, 0x0021, 0x0021,
  0x0082, 0x0041, 0x28E2, 0x4183, 0x0001, 0x0021, 0x0041, 0x0000, 0x41C4, 0x49E4, 0x0000, 0x0021, 0x0061, 0x0040, 0x3A65, 0x08E1,
  0x00C2, 0x0020, 0x18E1, 0x73E8, 0x1922, 0x0020, 0x0903, 0x0082, 0x18C2, 0x7BCA, 0x952D, 0x8D0E, 0x63EB, 0x2A66, 0x2246, 0x536B,
  0xD6DA, 0x2A68, 0x1145, 0x10A3, 0x10A3, 0x28C3, 0x40C3, 0x50C3, 0x40A3, 0x28A3, 0x49A7, 0x6228, 0x5166, 0x48C3, 0x7945, 0xCB8D,
  0xEC71, 0xD38E, 0xBB6D, 0xBB4C, 0xCC0E, 0x8A88, 0x5984, 0x59A5, 0x59A5, 0x5185, 0x1041, 0x0000, 0x4144, 0x3924, 0x3124, 0x3104,
  0x2904, 0x2904, 0x20E4, 0x20E4, 0x2104, 0x2104, 0x1904, 0x1904, 0x1905, 0x1105, 0x1105, 0x1125, 0x1146, 0x1167, 0x1187, 0x11A8,
  0x11C9, 0x11E9, 0x1A0A, 0x1A0A, 0x1A2B, 0x1A4B, 0x1A6B, 0x1A6B, 0x1A6B, 0x1A6C, 0x1A6B, 0x1A6B, 0x1A6B, 0x1A6B, 0x1A4A, 0x1A2A,
  0x1A2A, 0x1A29, 0x1A29, 0x1A09, 0x1A08, 0x19E8, 0x19E8, 0x21E8, 0x21E8, 0x21E7, 0x21E7, 0x21E7, 0x21E7, 0x21C7, 0x21C7, 0x21C6,
  0x21A6, 0x21A6, 0x21A6, 0x21A6, 0x21A6, 0x21C6, 0x21E7, 0x2A07, 0x2A28, 0x2A29, 0x2A49, 0x3249, 0x3269, 0x326A, 0x326A, 0x328A,
  0x32AB, 0x3AEB, 0x3B0C, 0x3B4C, 0x436D, 0x436D, 0x438D, 0x438D, 0x436D, 0x436D, 0x436D, 0x436D, 0x4B6D, 0x4B8D, 0x4B8D, 0x4B8D,
  0x432D, 0x53D0, 0x5BF0, 0x328A, 0x2A28, 0x9573, 0x7E35, 0x6DF5, 0x7C90, 0x49C6, 0x1124, 0x34F3, 0x2F5B, 0x079C, 0x27FE, 0x3E77,
  0x02A9, 0xAFBD, 0x4EB7, 0x0470, 0x028C, 0x022B, 0x0168, 0x0126, 0x0126, 0x0106, 0x0147, 0x0106, 0x0083, 0x0062, 0x3103, 0x1862,
  0x0022, 0x0042, 0x0063, 0x0063, 0x00C5, 0x0106, 0x21C7, 0x52C9, 0x2166, 0x0062, 0x0042, 0x0062, 0x1041, 0xD587, 0xFF67, 0xFF6B,
  0xFE63, 0xFD40, 0xFCE1, 0xF400, 0xDA60, 0xC1A0, 0x80E0, 0x1020, 0x0021, 0x0842, 0x0842, 0x0842, 0x1062, 0x18A3, 0x0042, 0x0021,
  0x0062, 0x10C4, 0x0062, 0x0062, 0x0063, 0x0062, 0x0062, 0x0041, 0x18C2, 0x0861, 0x0041, 0x0000, 0x10A2, 0x0841, 0x0000, 0x0000,
  0x0000, 0x0000, 0x0000, 0x1082, 0x0041, 0x0000, 0x0021, 0x0021, 0x0041, 0x0021, 0x0001, 0x1881, 0x3121, 0x0020, 0x0021, 0x0001,
  0x0082, 0x0021, 0x49C4, 0x1081, 0x0021, 0x0041, 0x0021, 0x1081, 0x7B06, 0x0841, 0x0000, 0x0041, 0x0041, 0x29C4, 0x1902, 0x00A2,
  0x0061, 0x18E2, 0x73E8, 0x1962, 0x0081, 0x0081, 0x00A2, 0x6347, 0xAD8E, 0x746A, 0x5BE9, 0x74AE, 0x4309, 0x0902, 0x29E5, 0xDF1A,
  0x536C, 0x19E6, 0x0882, 0x10A3, 0x10A3, 0x18A3, 0x38C3, 0x58E4, 0x70E4, 0x68E4, 0x58E4, 0x6186, 0x7249, 0x61E8, 0x4945, 0x50E3,
  0x81A6, 0xBB4C, 0xD38D, 0xCB6D, 0xC36C, 0xBB6C, 0x7207, 0x5185, 0x5185, 0x5184, 0x4144, 0x0841, 0x0000, 0x3124, 0x3104, 0x2904,
  0x2904, 0x20E4, 0x20E4, 0x2104, 0x2104, 0x1904, 0x1904, 0x1905, 0x1105, 0x1105, 0x1125, 0x1146, 0x1146, 0x1187, 0x11A8, 0x11C8,
  0x11E9, 0x11E9, 0x1A0A, 0x1A2A, 0x1A4B, 0x1A4B, 0x1A6B, 0x1A6B, 0x1A6C, 0x1A6B, 0x1A6B, 0x1A6B, 0x1A6B, 0x1A4B, 0x1A4A, 0x1A2A,
  0x1A29, 0x1A29, 0x1A29, 0x1A09, 0x1A08, 0x19E8, 0x19E8, 0x21E8, 0x21E8, 0x21E7, 0x21E7, 0x21E7, 0x21E7, 0x21C7, 0x21C7, 0x21C7,
  0x21A6, 0x21A6, 0x21A6, 0x21A6, 0x21A6, 0x21A6, 0x21C7, 0x29E7, 0x2A08, 0x2A28, 0x2A49, 0x2A49, 0x3249, 0x3269, 0x326A, 0x328A,
  0x328A, 0x32AB, 0x3AEB, 0x3B2C, 0x3B4C, 0x436D, 0x436D, 0x438D, 0x438D, 0x436D, 0x436D, 0x436D, 0x436D, 0x4B6D, 0x4B8D, 0x326A,
  0x4B8F, 0x4B8E, 0x2A4A, 0x21C7, 0x9553, 0x7593, 0x9698, 0x63EE, 0x0840, 0x2A89, 0x0E16, 0x47FE, 0x4FBD, 0x0FBC, 0x1FDD, 0x03AD,
  0x34B1, 0x775A, 0x040D, 0x034D, 0x01E8, 0x0126, 0x0126, 0x00E5, 0x0105, 0x0105, 0x00C5, 0x0084, 0x0063, 0x18A3, 0x4123, 0x0001,
  0x0042, 0x0063, 0x0063, 0x00E5, 0x00C5, 0x00E6, 0x00E6, 0x00C4, 0x2145, 0x29A6, 0x21C7, 0x10C3, 0xA426, 0xFF86, 0xFF6A, 0xFEA6,
  0xFD80, 0xFD01, 0xF3A0, 0xE2A0, 0xB980, 0x68C0, 0x0800, 0x0021, 0x0842, 0x0842, 0x0842, 0x0862, 0x18A3, 0x0862, 0x0021, 0x0042,
  0x10C3, 0x0062, 0x0022, 0x0882, 0x1924, 0x2185, 0x0082, 0x0062, 0x20C2, 0x0841, 0x0021, 0x0021, 0x1082, 0x0000, 0x0000, 0x0000,
  0x0000, 0x0000, 0x0000, 0x0841, 0x0841, 0x0000, 0x0020, 0x0021, 0x0021, 0x0021, 0x0000, 0x20C0, 0x28E0, 0x0000, 0x0021, 0x0021,
  0x0041, 0x2922, 0x3983, 0x0000, 0x0021, 0x0041, 0x0000, 0x6A85, 0x3162, 0x0000, 0x0061, 0x0062, 0x1943, 0x1102, 0x0061, 0x00A2,
  0x1942, 0x6347, 0x1102, 0x0081, 0x0081, 0x08A1, 0x8448, 0x74A8, 0x2B04, 0x4BA8, 0x63CB, 0x2A25, 0x0080, 0x4288, 0xE75B, 0x63EE,
  0x1A68, 0x08E3, 0x0821, 0x1083, 0x10C4, 0x10A3, 0x18A3, 0x40E4, 0x6904, 0x7904, 0x7904, 0x8104, 0x7925, 0x79A7, 0x8229, 0x826A,
  0x61C7, 0x4925, 0x6186, 0x92AA, 0xAAEB, 0xA2AA, 0x8A68, 0x5185, 0x4965, 0x4965, 0x4144, 0x3103, 0x0020, 0x0000, 0x2904, 0x2904,
  0x20E4, 0x20E4, 0x2104, 0x2104, 0x1904, 0x1904, 0x1905, 0x1105, 0x1105, 0x1125, 0x1126, 0x1146, 0x1167, 0x1188, 0x11A8, 0x11E9,
  0x11E9, 0x1A0A, 0x1A0A, 0x1A4B, 0x1A4B, 0x1A6B, 0x1A6B, 0x1A6B, 0x1A6C, 0x1A6B, 0x1A6B, 0x1A6B, 0x1A6B, 0x1A4A, 0x1A4A, 0x1A2A,
  0x1A29, 0x1A29, 0x1A29, 0x1A09, 0x1A08, 0x19E8, 0x19E8, 0x21E8, 0x21E8, 0x21E7, 0x21E7, 0x21E7, 0x21E7, 0x21C7, 0x21C7, 0x21C7,
  0x21A6, 0x21A6, 0x21A6, 0x21A6, 0x21A6, 0x21A6, 0x21C6, 0x21E7, 0x2A07, 0x2A28, 0x2A29, 0x2A49, 0x3249, 0x3249, 0x326A, 0x326A,
  0x328A, 0x328A, 0x32CB, 0x3AEB, 0x3B2C, 0x3B4D, 0x436D, 0x436D, 0x438D, 0x438D, 0x436D, 0x436D, 0x436D, 0x436D, 0x2A08, 0x4B6E,
  0x434E, 0x324A, 0x21A7, 0x84D1, 0x8DD4, 0x6D52, 0x640E, 0x3288, 0x1BCE, 0x0E16, 0x17FD, 0x6FDD, 0x177A, 0x0FFC, 0x0573, 0x0269,
  0x14F2, 0x142F, 0x0208, 0x01A7, 0x0146, 0x00C4, 0x00E5, 0x00C5, 0x00E5, 0x00C4, 0x0083, 0x0063, 0x0042, 0x5143, 0x2082, 0x0022,
  0x0043, 0x0063, 0x0084, 0x0927, 0x0127, 0x0147, 0x0147, 0x0106, 0x00E5, 0x0946, 0x1125, 0x8BA7, 0xFFAB, 0xFF68, 0xFEE7, 0xFDC1,
  0xFD42, 0xF3A0, 0xE280, 0xB9A0, 0x5080, 0x0000, 0x0021, 0x0842, 0x1042, 0x0842, 0x0842, 0x18A3, 0x18A2, 0x0021, 0x0022, 0x0883,
  0x0062, 0x0062, 0x1924, 0x2185, 0x29C6, 0x29A5, 0x0062, 0x0061, 0x18C1, 0x0021, 0x0000, 0x0862, 0x1082, 0x0000, 0x0000, 0x0000,
  0x0000, 0x0000, 0x0000, 0x0000, 0x0020, 0x0000, 0x0000, 0x0021, 0x0021, 0x0021, 0x0000, 0x28E0, 0x18A0, 0x0000, 0x0021, 0x0041,
  0x0041, 0x49E4, 0x0861, 0x0021, 0x0041, 0x0000, 0x3943, 0x5224, 0x0000, 0x0061, 0x0062, 0x08A1, 0x08C1, 0x0041, 0x0082, 0x10E2,
  0x4AA6, 0x08C1, 0x0041, 0x0061, 0x0840, 0x6C06, 0x5425, 0x2302, 0x32E5, 0x29C5, 0x0902, 0x1102, 0x5328, 0xADB3, 0x4B2C, 0x12A9,
  0x1A28, 0x0000, 0x0862, 0x1083, 0x08A3, 0x10E4, 0x10E4, 0x18C3, 0x28E4, 0x40E4, 0x5104, 0x6925, 0x7125, 0x7945, 0x6905, 0x6946,
  0x8208, 0x928A, 0x7A29, 0x5986, 0x5986, 0x6A08, 0x7A28, 0x8AAA, 0x59A6, 0x4144, 0x3924, 0x3103, 0x20C2, 0x0820, 0x0000, 0x20E4,
  0x20E4, 0x2104, 0x2104, 0x1904, 0x1904, 0x1904, 0x1905, 0x1105, 0x1125, 0x1126, 0x1146, 0x1167, 0x1187, 0x11A8, 0x11C8, 0x11E9,
  0x1209, 0x1A0A, 0x1A2A, 0x1A4B, 0x1A4B, 0x1A6B, 0x1A6B, 0x1A6B, 0x1A6B, 0x1A6B, 0x1A6B, 0x1A6B, 0x1A6B, 0x1A4A, 0x1A4A, 0x1A2A,
  0x1A29, 0x1A29, 0x1A29, 0x1A09, 0x1A08, 0x19E8, 0x19E8, 0x21E8, 0x21E8, 0x21E8, 0x21E7, 0x21E7, 0x21E7, 0x21C7, 0x21C7, 0x21C7,
  0x21C6, 0x21A6, 0x21A6, 0x21A6, 0x21A6, 0x21A6, 0x21A6, 0x21C7, 0x29E7, 0x2A08, 0x2A28, 0x2A49, 0x2A49, 0x3249, 0x3249, 0x326A,
  0x326A, 0x328A, 0x32AA, 0x32CB, 0x3AEC, 0x3B2C, 0x3B4D, 0x436D, 0x436D, 0x438D, 0x438D, 0x436D, 0x436D, 0x1125, 0x4B8E, 0x4B6E,
  0x328A, 0x29C7, 0x7C2F, 0x7D73, 0x6DB3, 0x43CD, 0x0A87, 0x2E36, 0x1FBD, 0x0F1A, 0x179B, 0x1ED8, 0x06D7, 0x2F5A, 0x02CA, 0x036D,
  0x03AE, 0x0249, 0x01C8, 0x0146, 0x00E5, 0x00C4, 0x00C5, 0x00C4, 0x00C4, 0x0083, 0x0063, 0x0022, 0x28A2, 0x6163, 0x0021, 0x0042,
  0x0063, 0x0063, 0x00A5, 0x0127, 0x0127, 0x0148, 0x0168, 0x09A9, 0x09A9, 0x00A4, 0x7306, 0xFFAE, 0xFFCD, 0xFF29, 0xFDC0, 0xFCC1,
  0xFB40, 0xDA40, 0x8940, 0x2840, 0x0001, 0x0021, 0x0842, 0x1042, 0x0842, 0x0842, 0x18A3, 0x20C3, 0x0042, 0x0022, 0x0062, 0x0062,
  0x10C3, 0x2185, 0x2185, 0x21A5, 0x3206, 0x10C3, 0x0042, 0x0861, 0x20C1, 0x0021, 0x0000, 0x18C3, 0x0020, 0x0000, 0x0000, 0x0000,
  0x0000, 0x0000, 0x0000, 0x0000, 0x0841, 0x0020, 0x0000, 0x0000, 0x0021, 0x0000, 0x0020, 0x3101, 0x1080, 0x0000, 0x0061, 0x0020,
  0x2902, 0x2102, 0x0001, 0x0041, 0x0021, 0x1081, 0x5A44, 0x0020, 0x00C2, 0x00E3, 0x0061, 0x0902, 0x00A2, 0x0062, 0x08A2, 0x2163,
  0x0041, 0x0041, 0x0082, 0x0020, 0x4AE4, 0x4383, 0x2B43, 0x2244, 0x1123, 0x08C2, 0x1102, 0x63A9, 0x4AE8, 0x0061, 0x0A27, 0x442E,
  0x08E3, 0x0842, 0x0841, 0x1083, 0x1905, 0x10E4, 0x10E4, 0x10E4, 0x18E4, 0x18E4, 0x18C4, 0x20C4, 0x28E4, 0x3104, 0x30E4, 0x28C3,
  0x30C4, 0x4105, 0x4966, 0x51A7, 0x4986, 0x4966, 0x4986, 0x59A6, 0x61C7, 0x5185, 0x3904, 0x3104, 0x2904, 0x20C3, 0x0841, 0x0000,
  0x2104, 0x2104, 0x1904, 0x1904, 0x1904, 0x1905, 0x1105, 0x1125, 0x1125, 0x1146, 0x1167, 0x1187, 0x11A8, 0x11C8, 0x11E9, 0x11E9,
  0x1A0A, 0x1A2A, 0x1A4B, 0x1A4B, 0x1A6B, 0x1A6B, 0x1A6B, 0x1A6C, 0x1A6B, 0x1A6B, 0x1A6B, 0x1A6B, 0x1A6B, 0x1A4A, 0x1A4A, 0x1A2A,
  0x1A29, 0x1A29, 0x1A29, 0x1A09, 0x1A08, 0x19E8, 0x19E8, 0x21E8, 0x21E8, 0x21E8, 0x21E7, 0x21E7, 0x21E7, 0x21C7, 0x21C7, 0x21C7,
  0x21C7, 0x21A6, 0x21A6, 0x21A6, 0x21A6, 0x21A6, 0x21A6, 0x21C6, 0x21E7, 0x2A07, 0x2A28, 0x2A28, 0x2A49, 0x2A49, 0x3249, 0x3269,
  0x326A, 0x326A, 0x328A, 0x32AB, 0x32CB, 0x3B0C, 0x3B2C, 0x3B4D, 0x436D, 0x436D, 0x438D, 0x438D, 0x08E5, 0x3AED, 0x3AAB, 0x2A08,
  0x29E8, 0x7C2F, 0x8553, 0x2C0E, 0x6532, 0x2B8C, 0x56D8, 0x1594, 0x2F7C, 0x27FD, 0x06F8, 0x05B2, 0x2FBB, 0x2C70, 0x026A, 0x038E,
  0x02AB, 0x01A8, 0x0167, 0x00E5, 0x00C4, 0x00C4, 0x00A4, 0x00A4, 0x0063, 0x0063, 0x0042, 0x0021, 0x6983, 0x30C2, 0x0022, 0x0042,
  0x0063, 0x0063, 0x00E5, 0x0947, 0x0927, 0x09A9, 0x09CA, 0x0148, 0x1903, 0x93E7, 0xFFCE, 0xFFEE, 0xFF2A, 0xFDA1, 0xFC40, 0xF300,
  0xA9A0, 0x4080, 0x0000, 0x0021, 0x0042, 0x0842, 0x1042, 0x1042, 0x0842, 0x1083, 0x20C3, 0x0842, 0x0022, 0x0042, 0x0042, 0x1924,
  0x1945, 0x1945, 0x2185, 0x3226, 0x1944, 0x0062, 0x0062, 0x0881, 0x20C1, 0x0021, 0x0021, 0x0861, 0x0000, 0x0000, 0x0000, 0x0000,
  0x0000, 0x0000, 0x0000, 0x0000, 0x0841, 0x0861, 0x0000, 0x0000, 0x0021, 0x0000, 0x1060, 0x2901, 0x0840, 0x0021, 0x0041, 0x0861,
  0x2922, 0x0020, 0x0021, 0x0041, 0x0041, 0x49E3, 0x1081, 0x0082, 0x0103, 0x0082, 0x0902, 0x0942, 0x0082, 0x0062, 0x00A2, 0x0041,
  0x0021, 0x0061, 0x0081, 0x2A23, 0x4BC4, 0x22A2, 0x1121, 0x0902, 0x19E4, 0x32E6, 0x3244, 0x29C4, 0x0020, 0x1226, 0x2BAB, 0x19A5,
  0x0021, 0x1082, 0x18C3, 0x18A3, 0x18C4, 0x2105, 0x10C4, 0x18C4, 0x18E4, 0x18E4, 0x18E4, 0x18E4, 0x18E5, 0x1905, 0x10C4, 0x18E4,
  0x2105, 0x2126, 0x2946, 0x2925, 0x2105, 0x2925, 0x3145, 0x3145, 0x2925, 0x3125, 0x2904, 0x2904, 0x2904, 0x2904, 0x18C3, 0x0841,
  0x0000, 0x0020, 0x1904, 0x1904, 0x1905, 0x1105, 0x1125, 0x1125, 0x1146, 0x1146, 0x1167, 0x11A8, 0x11A8, 0x11C9, 0x11E9, 0x1209,
  0x1A0A, 0x1A2A, 0x1A4B, 0x1A4B, 0x1A6B, 0x1A6B, 0x1A6B, 0x1A6C, 0x1A6B, 0x1A6B, 0x1A6B, 0x1A6B, 0x1A4B, 0x1A4A, 0x1A2A, 0x1A2A,
  0x1A29, 0x1A29, 0x1A29, 0x1A09, 0x1A08, 0x19E8, 0x19E8, 0x21E8, 0x21E8, 0x21E8, 0x21E7, 0x21E7, 0x21E7, 0x21E7, 0x21C7, 0x21C7,
  0x21C7, 0x21A6, 0x21A6, 0x21A6, 0x21A6, 0x21A6, 0x21A6, 0x21C6, 0x21C7, 0x29E7, 0x2A08, 0x2A28, 0x2A49, 0x2A49, 0x3249, 0x3249,
  0x326A, 0x326A, 0x328A, 0x328A, 0x32AB, 0x3ACB, 0x3B0C, 0x3B2C, 0x3B4D, 0x436D, 0x1945, 0x10E4, 0x32AB, 0x432D, 0x2A09, 0x31E8,
  0x63AD, 0x7573, 0x55B3, 0x4551, 0x1A67, 0x7E77, 0x4D94, 0x044F, 0x0FDD, 0x0F7B, 0x06D8, 0x0F19, 0x2E36, 0x01C7, 0x02AB, 0x0229,
  0x01A8, 0x0167, 0x00E5, 0x00C4, 0x00A4, 0x00A4, 0x0083, 0x0083, 0x0063, 0x0042, 0x0042, 0x38E3, 0x8204, 0x0042, 0x0063, 0x0083,
  0x0083, 0x0084, 0x00C5, 0x00C6, 0x00C6, 0x0084, 0x10C3, 0x6AC6, 0xD62E, 0xFFF2, 0xFFAD, 0xFE46, 0xFC80, 0xDB00, 0x91A0, 0x48A0,
  0x0801, 0x0021, 0x0042, 0x0041, 0x0842, 0x1042, 0x1062, 0x0842, 0x1083, 0x28E3, 0x1062, 0x0021, 0x0042, 0x0022, 0x2145, 0x1965,
  0x1125, 0x21A5, 0x3206, 0x1924, 0x0083, 0x08A3, 0x0042, 0x10A1, 0x20C1, 0x0000, 0x0861, 0x18A2, 0x0000, 0x0000, 0x0000, 0x0000,
  0x0000, 0x0000, 0x0000, 0x0000, 0x0000, 0x1082, 0x0000, 0x0000, 0x0020, 0x0000, 0x18A0, 0x20C0, 0x0000, 0x0041, 0x0040, 0x2902,
  0x0861, 0x0001, 0x0041, 0x0021, 0x39A3, 0x1902, 0x0021, 0x00A2, 0x0061, 0x0061, 0x1183, 0x0082, 0x0041, 0x0062, 0x0041, 0x0001,
  0x0041, 0x00A2, 0x08C1, 0x4BC4, 0x3303, 0x08E1, 0x0081, 0x1182, 0x3345, 0x2243, 0x0060, 0x0081, 0x3306, 0x2327, 0x19C4, 0x0881,
  0x0842, 0x1082, 0x20C4, 0x2905, 0x18C3, 0x18C3, 0x2105, 0x2925, 0x2905, 0x20E4, 0x18C4, 0x10A3, 0x18C4, 0x18E4, 0x2105, 0x2925,
  0x2925, 0x3146, 0x3987, 0x4187, 0x4187, 0x49A7, 0x41A7, 0x4187, 0x4186, 0x3966, 0x3145, 0x2904, 0x20E4, 0x20E3, 0x18C3, 0x10A2,
  0x0861, 0x0000, 0x0000, 0x1905, 0x1105, 0x1105, 0x1125, 0x1126, 0x1146, 0x1167, 0x1187, 0x11A8, 0x11C8, 0x11E9, 0x11E9, 0x1A0A,
  0x1A2A, 0x1A4B, 0x1A4B, 0x1A6B, 0x1A6B, 0x1A6B, 0x1A6C, 0x1A6B, 0x1A6B, 0x1A6B, 0x1A6B, 0x1A6B, 0x1A4A, 0x1A4A, 0x1A2A, 0x1A2A,
  0x1A29, 0x1A29, 0x1A29, 0x1A09, 0x1A08, 0x19E8, 0x19E8, 0x21E8, 0x21E8, 0x21E8, 0x21E7, 0x21E7, 0x21E7, 0x21E7, 0x21C7, 0x21C7,
  0x21C7, 0x21C6, 0x21A6, 0x21A6, 0x21A6, 0x21A6, 0x21A6, 0x21A6, 0x21C7, 0x21E7, 0x2A07, 0x2A28, 0x2A28, 0x2A49, 0x2A49, 0x3249,
  0x3249, 0x326A, 0x326A, 0x328A, 0x328A, 0x32AB, 0x3AEB, 0x3B0C, 0x3B2C, 0x1145, 0x08C3, 0x21E8, 0x4BAF, 0x3ACB, 0x4ACB, 0x63EE,
  0x444E, 0x2CEF, 0x7779, 0x7E56, 0x2A26, 0xA6B8, 0x1268, 0x1CD2, 0x0F7C, 0x075A, 0x0FFC, 0x2F5A, 0x1289, 0x0187, 0x01A8, 0x0187,
  0x0146, 0x00E5, 0x00C4, 0x00A4, 0x00A4, 0x0083, 0x0043, 0x0022, 0x0001, 0x0000, 0x0000, 0x7983, 0x48A1, 0x0000, 0x0001, 0x0001,
  0x0821, 0x1082, 0x2124, 0x39A5, 0x6AC7, 0xA4AB, 0xE6AF, 0xFFF2, 0xFF6F, 0xF5A8, 0xDBC1, 0xA1E0, 0x58C0, 0x2020, 0x0001, 0x0001,
  0x0042, 0x0042, 0x0042, 0x0842, 0x1042, 0x1042, 0x0842, 0x0862, 0x20C3, 0x18A3, 0x0021, 0x0022, 0x0022, 0x08A3, 0x1965, 0x1965,
  0x2A07, 0x29E6, 0x1104, 0x00A3, 0x0904, 0x08C3, 0x0062, 0x18A1, 0x18A1, 0x0000, 0x18C3, 0x0841, 0x0000, 0x0000, 0x0000, 0x0000,
  0x0000, 0x0000, 0x0000, 0x0000, 0x0000, 0x1082, 0x0020, 0x0000, 0x0000, 0x0020, 0x20C0, 0x1060, 0x0020, 0x0041, 0x10A1, 0x18C2,
  0x0000, 0x0041, 0x0021, 0x2102, 0x1902, 0x0062, 0x0082, 0x0061, 0x0000, 0x1143, 0x0902, 0x0041, 0x0062, 0x0041, 0x0021, 0x0000,
  0x0903, 0x0061, 0x2A22, 0x3B43, 0x0901, 0x0081, 0x11A2, 0x2AA4, 0x1181, 0x0040, 0x08C1, 0x4BE7, 0x2B25, 0x2A24, 0x4AC7, 0x0040,
  0x0821, 0x1062, 0x1083, 0x18C4, 0x18C4, 0x1883, 0x1883, 0x1082, 0x1083, 0x10A3, 0x18C4, 0x2105, 0x2925, 0x3987, 0x41C8, 0x49E8,
  0x41E8, 0x4A09, 0x524A, 0x62AB, 0x62CC, 0x6ACC, 0x62CC, 0x5A8B, 0x62AB, 0x5A29, 0x49C8, 0x41A7, 0x41A7, 0x3165, 0x2925, 0x20E4,
  0x18C3, 0x0862, 0x0020, 0x0000, 0x1105, 0x1125, 0x1126, 0x1146, 0x1167, 0x1187, 0x11A8, 0x11C8, 0x11E9, 0x11E9, 0x1A0A, 0x1A0A,
  0x1A2A, 0x1A4B, 0x1A4B, 0x1A6B, 0x1A6B, 0x1A6B, 0x1A6C, 0x1A6B, 0x1A6B, 0x1A6B, 0x1A6B, 0x1A6B, 0x1A4A, 0x1A4A, 0x1A2A, 0x1A29,
  0x1A29, 0x1A29, 0x1A29, 0x1A09, 0x1A08, 0x19E8, 0x19E8, 0x21E8, 0x21E8, 0x21E8, 0x21E7, 0x21E7, 0x21E7, 0x21E7, 0x21C7, 0x21C7,
  0x21C7, 0x21C6, 0x21A6, 0x21A6, 0x21A6, 0x21A6, 0x21A6, 0x21A6, 0x21C6, 0x21C7, 0x29E7, 0x2A08, 0x2A28, 0x2A29, 0x2A49, 0x3249,
  0x3249, 0x3269, 0x326A, 0x326A, 0x328A, 0x328A, 0x32CB, 0x3AEB, 0x1925, 0x10E4, 0x21C8, 0x434E, 0x42EC, 0x4B2C, 0x644F, 0x5DB3,
  0x3571, 0x5E34, 0x7E15, 0x2247, 0x21A4, 0xCED9, 0xA553, 0x6C8F, 0x3BEC, 0x1C0C, 0x25B3, 0x0248, 0x00E4, 0x00E4, 0x00A3, 0x0083,
  0x0042, 0x0000, 0x0021, 0x0021, 0x0021, 0x0841, 0x18C2, 0x3164, 0x4A26, 0x62C8, 0x8B89, 0xC4AD, 0xBD0F, 0xBD70, 0xC56F, 0xCD8F,
  0xD5AE, 0xE5CC, 0xF64D, 0xFE6D, 0xF62C, 0xE56A, 0xC426, 0x9241, 0x7120, 0x4860, 0x2000, 0x0001, 0x0001, 0x0022, 0x0842, 0x0842,
  0x0042, 0x0042, 0x1042, 0x1862, 0x1062, 0x0842, 0x0862, 0x20A3, 0x18A3, 0x0022, 0x0022, 0x0042, 0x0042, 0x08C3, 0x1965, 0x3247,
  0x29E6, 0x1124, 0x08E4, 0x0904, 0x0904, 0x1104, 0x0041, 0x18A1, 0x1060, 0x0020, 0x18E4, 0x0000, 0x0000, 0x0000, 0x0000, 0x0000,
  0x0000, 0x0000, 0x0000, 0x0000, 0x0000, 0x0020, 0x0841, 0x0000, 0x0000, 0x0840, 0x18A0, 0x0840, 0x0021, 0x0041, 0x18C2, 0x0021,
  0x0041, 0x0021, 0x0881, 0x18E2, 0x0041, 0x0082, 0x0082, 0x0021, 0x0082, 0x1143, 0x0041, 0x0062, 0x0042, 0x0041, 0x0000, 0x08C2,
  0x0103, 0x10E1, 0x32E2, 0x08E0, 0x0040, 0x1A23, 0x3304, 0x1141, 0x0020, 0x0861, 0x43C7, 0x2B44, 0x32C4, 0x5347, 0x0841, 0x0000,
  0x0841, 0x0842, 0x0862, 0x1062, 0x0842, 0x0021, 0x0021, 0x0862, 0x10A3, 0x2105, 0x3146, 0x3187, 0x31A8, 0x39E9, 0x422A, 0x424A,
  0x3A2A, 0x31E9, 0x29A8, 0x3A29, 0x3A4A, 0x29E9, 0x31E9, 0x29E9, 0x322A, 0x428B, 0x3A2A, 0x29A8, 0x2987, 0x2945, 0x3165, 0x3165,
  0x2945, 0x20E4, 0x1082, 0x0041, 0x0000, 0x0000, 0x1146, 0x1167, 0x1187, 0x11A8, 0x11A8, 0x11C9, 0x11E9, 0x1209, 0x1A0A, 0x1A2A,
  0x1A4B, 0x1A4B, 0x1A6B, 0x1A6B, 0x1A6B, 0x1A6B, 0x1A6B, 0x1A6B, 0x1A6B, 0x1A6B, 0x1A6B, 0x1A6B, 0x1A4A, 0x1A4A, 0x1A2A, 0x1A29,
  0x1A29, 0x1A29, 0x1A29, 0x1A09, 0x1A08, 0x19E8, 0x19E8, 0x21E8, 0x21E8, 0x21E8, 0x21E7, 0x21E7, 0x21E7, 0x21E7, 0x21C7, 0x21C7,
  0x21C7, 0x21C7, 0x21A6, 0x21A6, 0x21A6, 0x21A6, 0x21A6, 0x21A6, 0x21A6, 0x21C7, 0x21E7, 0x29E7, 0x2A28, 0x2A28, 0x2A49, 0x2A49,
  0x3249, 0x3249, 0x326A, 0x326A, 0x326A, 0x328A, 0x1946, 0x1105, 0x08A3, 0x2A09, 0x4BAF, 0x3AAB, 0x536D, 0x444E, 0x55B3, 0x6F79,
  0x8FBA, 0x64F1, 0x2226, 0x3288, 0x3B4A, 0xBEF9, 0xEFFE, 0xEF7B, 0xEF18, 0xDE96, 0xCE14, 0xBD93, 0xB552, 0xACF0, 0xA4AF, 0x9C8E,
  0x9C8D, 0xA4CF, 0xB550, 0xC5B2, 0xD612, 0xE672, 0xEED3, 0xF6F4, 0xEED5, 0xEE73, 0xDDF1, 0xCD6F, 0xC50D, 0xBC6B, 0xA3A8, 0x8AE6,
  0x7A44, 0x61A3, 0x5141, 0x40C0, 0x2820, 0x1800, 0x0800, 0x0001, 0x0002, 0x0022, 0x0042, 0x0042, 0x0842, 0x0042, 0x0042, 0x0042,
  0x0042, 0x0842, 0x1862, 0x1062, 0x0842, 0x0863, 0x28A3, 0x20C3, 0x0021, 0x0022, 0x0042, 0x0042, 0x0083, 0x1965, 0x3227, 0x29C6,
  0x1105, 0x1125, 0x0905, 0x08E4, 0x2186, 0x08A3, 0x0021, 0x20A1, 0x0820, 0x0862, 0x0861, 0x0000, 0x0000, 0x0000, 0x0000, 0x0000,
  0x0000, 0x0000, 0x0000, 0x0000, 0x0000, 0x0020, 0x10A2, 0x0000, 0x0000, 0x1060, 0x1060, 0x0040, 0x0021, 0x10A1, 0x0841, 0x0021,
  0x0041, 0x0881, 0x1902, 0x0041, 0x0082, 0x0082, 0x0041, 0x0021, 0x1143, 0x00A2, 0x0041, 0x0041, 0x0062, 0x0000, 0x0061, 0x0964,
  0x0081, 0x2A62, 0x1161, 0x0000, 0x11C3, 0x3345, 0x11C1, 0x0080, 0x0020, 0x2AA5, 0x22E4, 0x4BC6, 0x5347, 0x0021, 0x0000, 0x0021,
  0x0021, 0x0021, 0x0001, 0x0021, 0x0062, 0x0062, 0x0883, 0x2105, 0x2966, 0x31A8, 0x31C8, 0x29C8, 0x2166, 0x1105, 0x08C4, 0x08A4,
  0x08A4, 0x08C4, 0x08E4, 0x0905, 0x1167, 0x19A8, 0x1987, 0x1166, 0x1146, 0x1166, 0x19A8, 0x19A8, 0x1167, 0x1988, 0x1987, 0x1926,
  0x1905, 0x1905, 0x2104, 0x18E4, 0x1082, 0x0021, 0x0000, 0x0020, 0x1187, 0x11A8, 0x11C8, 0x11E9, 0x11E9, 0x1A0A, 0x1A0A, 0x1A2A,
  0x1A4B, 0x1A4B, 0x1A6B, 0x1A6B, 0x1A6B, 0x1A6C, 0x1A6B, 0x1A6B, 0x1A6B, 0x1A6B, 0x1A6B, 0x1A4B, 0x1A4A, 0x1A4A, 0x1A2A, 0x1A29,
  0x1A29, 0x1A29, 0x1A09, 0x1A09, 0x1A08, 0x19E8, 0x19E8, 0x21E8, 0x21E8, 0x21E8, 0x21E7, 0x21E7, 0x21E7, 0x21E7, 0x21C7, 0x21C7,
  0x21C7, 0x21C7, 0x21A6, 0x21A6, 0x21A6, 0x21A6, 0x21A6, 0x21A6, 0x21A6, 0x21C6, 0x21C7, 0x29E7, 0x2A08, 0x2A28, 0x2A29, 0x2A49,
  0x2A49, 0x3249, 0x3249, 0x326A, 0x29E8, 0x1945, 0x1105, 0x08A3, 0x21C8, 0x4B8F, 0x430D, 0x438D, 0x34CF, 0x3591, 0x8EF8, 0xA71A,
  0x4B8B, 0x2205, 0x22A7, 0x8553, 0x7EB7, 0x6EB7, 0x7F39, 0x35F3, 0x3D30, 0x55B2, 0x5D10, 0x6CEF, 0x850F, 0x9D0E, 0xA50D, 0xAD0D,
  0xACCC, 0xA4AC, 0x9C2B, 0x8B89, 0x7B07, 0x6A65, 0x59C3, 0x4942, 0x4101, 0x40A0, 0x3060, 0x2020, 0x1000, 0x0800, 0x0021, 0x0022,
  0x0043, 0x0063, 0x0063, 0x0063, 0x0084, 0x0083, 0x0083, 0x0063, 0x0042, 0x0042, 0x0042, 0x0042, 0x0042, 0x0043, 0x0042, 0x0842,
  0x1042, 0x1862, 0x1862, 0x0842, 0x0862, 0x28A3, 0x28C3, 0x0042, 0x0021, 0x0042, 0x0063, 0x0063, 0x21A6, 0x3248, 0x2186, 0x08E4,
  0x1125, 0x0904, 0x08E4, 0x21C6, 0x1965, 0x0021, 0x1081, 0x18A1, 0x0000, 0x2124, 0x0861, 0x0000, 0x0000, 0x0000, 0x0000, 0x0000,
  0x0000, 0x0000, 0x0000, 0x0000, 0x0000, 0x0000, 0x0841, 0x0020, 0x0020, 0x0860, 0x0840, 0x0000, 0x0041, 0x0861, 0x0021, 0x0041,
  0x0041, 0x1903, 0x0062, 0x0082, 0x0082, 0x0041, 0x0001, 0x08E3, 0x0923, 0x0041, 0x0041, 0x0062, 0x0042, 0x0021, 0x0944, 0x00A2,
  0x19A2, 0x19C1, 0x0000, 0x0922, 0x2AE5, 0x19E2, 0x08C0, 0x0000, 0x1162, 0x1AA4, 0x53A6, 0x4285, 0x0020, 0x0041, 0x0021, 0x0021,
  0x0021, 0x0021, 0x0062, 0x0883, 0x10A3, 0x2125, 0x29A8, 0x29C8, 0x2187, 0x1905, 0x0883, 0x0041, 0x0021, 0x0021, 0x0042, 0x0083,
  0x08A4, 0x08C4, 0x08E4, 0x1105, 0x1126, 0x1187, 0x19C8, 0x19C8, 0x19C8, 0x21E9, 0x220A, 0x220A, 0x19E9, 0x19C9, 0x19E9, 0x19C9,
  0x1188, 0x1146, 0x1125, 0x1125, 0x1905, 0x10E4, 0x08A3, 0x0041, 0x0000, 0x11C8, 0x11E9, 0x11E9, 0x1209, 0x1A0A, 0x1A2A, 0x1A4B,
  0x1A4B, 0x1A6B, 0x1A6B, 0x1A6B, 0x1A6B, 0x1A6C, 0x1A6B, 0x1A6B, 0x1A6B, 0x1A6B, 0x1A6B, 0x1A4A, 0x1A4A, 0x1A2A, 0x1A2A, 0x1A29,
  0x1A29, 0x1A29, 0x1A09, 0x1A09, 0x1A08, 0x19E8, 0x19E8, 0x21E8, 0x21E8, 0x21E8, 0x21E7, 0x21E7, 0x21E7, 0x21E7, 0x21E7, 0x21C7,
  0x21C7, 0x21C7, 0x21C6, 0x21A6, 0x21A6, 0x21A6, 0x21A6, 0x21A6, 0x21A6, 0x21C6, 0x21C7, 0x21E7, 0x29E7, 0x2A08, 0x2A28, 0x2A49,
  0x2A49, 0x3249, 0x3249, 0x21A7, 0x1125, 0x10E4, 0x08C4, 0x2A2A, 0x434E, 0x3ACC, 0x3B4C, 0x4DB3, 0x8F39, 0x96B8, 0x63EE, 0x532A,
  0x32A7, 0x2329, 0x8DD5, 0xC7FF, 0x1D30, 0x6739, 0x6F7B, 0x05F1, 0x0694, 0x0654, 0x04CF, 0x046E, 0x03ED, 0x038B, 0x0247, 0x0145,
  0x0061, 0x1020, 0x1820, 0x2840, 0x3860, 0x48C2, 0x4902, 0x4903, 0x4103, 0x3924, 0x3124, 0x2924, 0x2925, 0x2145, 0x2165, 0x2145,
  0x2145, 0x1925, 0x1904, 0x10C4, 0x08A3, 0x0883, 0x0063, 0x0043, 0x0043, 0x0063, 0x0063, 0x0063, 0x0063, 0x0063, 0x0863, 0x1042,
  0x2062, 0x1862, 0x0842, 0x0862, 0x2082, 0x30C3, 0x0842, 0x0022, 0x0022, 0x0042, 0x0022, 0x1965, 0x4289, 0x1966, 0x08C4, 0x1125,
  0x1125, 0x0905, 0x1965, 0x21A6, 0x0062, 0x0021, 0x18A1, 0x1880, 0x0841, 0x10A2, 0x0000, 0x0000, 0x0000, 0x0000, 0x0000, 0x0000,
  0x0000, 0x0000, 0x0000, 0x0000, 0x0000, 0x0000, 0x0000, 0x0861, 0x0820, 0x0840, 0x0020, 0x0000, 0x0061, 0x0020, 0x0021, 0x0021,
  0x08A2, 0x0882, 0x0062, 0x00A3, 0x0041, 0x0021, 0x0062, 0x1144, 0x0062, 0x0021, 0x0062, 0x00A3, 0x0000, 0x0903, 0x00E3, 0x08E1,
  0x19A1, 0x0020, 0x0081, 0x1A64, 0x2242, 0x1141, 0x0020, 0x0081, 0x09E2, 0x3AC4, 0x2962, 0x0000, 0x0041, 0x0041, 0x0062, 0x0062,
  0x0062, 0x08A4, 0x0883, 0x10C4, 0x29C8, 0x3209, 0x1925, 0x0862, 0x0001, 0x0000, 0x0021, 0x0021, 0x0021, 0x0021, 0x0021, 0x0020,
  0x0000, 0x0000, 0x0001, 0x0021, 0x0041, 0x0062, 0x00A3, 0x08C4, 0x08E4, 0x0905, 0x1167, 0x19E9, 0x224B, 0x2A8C, 0x226B, 0x1A0A,
  0x19C9, 0x1188, 0x1167, 0x1187, 0x1167, 0x1146, 0x1105, 0x1105, 0x10C4, 0x0062, 0x0000, 0x11E9, 0x1A0A, 0x1A0A, 0x1A2B, 0x1A4B,
  0x1A4B, 0x1A6B, 0x1A6B, 0x1A6B, 0x1A6C, 0x1A6B, 0x1A6B, 0x1A6B, 0x1A6B, 0x1A6B, 0x1A6B, 0x1A4A, 0x1A4A, 0x1A2A, 0x1A2A, 0x1A29,
  0x1A29, 0x1A29, 0x1A09, 0x1A09, 0x1A08, 0x19E8, 0x19E8, 0x21E8, 0x21E8, 0x21E8, 0x21E7, 0x21E7, 0x21E7, 0x21E7, 0x21E7, 0x21C7,
  0x21C7, 0x21C7, 0x21C7, 0x21A6, 0x21A6, 0x21A6, 0x21A6, 0x21A6, 0x21A6, 0x21A6, 0x21C6, 0x21C7, 0x29E7, 0x2A08, 0x2A28, 0x2A28,
  0x2A49, 0x29E8, 0x1925, 0x10E4, 0x08A3, 0x1105, 0x3ACC, 0x434E, 0x430C, 0x32AA, 0x6533, 0x8E57, 0x6C50, 0x42A8, 0x21A4, 0x11A4,
  0x64D1, 0xCF7C, 0xB7FE, 0x2D71, 0x044C, 0x1654, 0x050E, 0x2F37, 0x1E14, 0x03CC, 0x030A, 0x030A, 0x03AD, 0x03AC, 0x0124, 0x28E2,
  0x5922, 0x6943, 0x7163, 0x6963, 0x6163, 0x4922, 0x28A2, 0x1861, 0x0841, 0x0042, 0x0042, 0x0042, 0x0042, 0x0042, 0x0042, 0x0042,
  0x0043, 0x0043, 0x0042, 0x0042, 0x0022, 0x0042, 0x0043, 0x0063, 0x0063, 0x0043, 0x0063, 0x0063, 0x0043, 0x0863, 0x1862, 0x2062,
  0x1862, 0x0842, 0x0863, 0x2882, 0x38C3, 0x0842, 0x0022, 0x0042, 0x0042, 0x0042, 0x0062, 0x21A6, 0x1145, 0x08E4, 0x1945, 0x1125,
  0x0905, 0x1125, 0x21A6, 0x08C3, 0x0021, 0x0061, 0x18A1, 0x1060, 0x0861, 0x0020, 0x0000, 0x0000, 0x0000, 0x0000, 0x0000, 0x0000,
  0x0000, 0x0000, 0x0000, 0x0000, 0x0000, 0x0000, 0x0000, 0x0861, 0x0840, 0x0020, 0x0000, 0x0020, 0x0020, 0x0021, 0x0021, 0x0061,
  0x0062, 0x0062, 0x00C3, 0x0062, 0x0021, 0x0021, 0x08E3, 0x00C3, 0x0021, 0x0042, 0x00E4, 0x0001, 0x0082, 0x0124, 0x00E2, 0x19A2,
  0x0060, 0x0020, 0x11A2, 0x1A42, 0x2202, 0x0081, 0x0081, 0x0121, 0x3224, 0x18E1, 0x0000, 0x0021, 0x0021, 0x00C3, 0x1186, 0x08E4,
  0x08A4, 0x08A4, 0x2187, 0x29C8, 0x10E4, 0x0000, 0x0000, 0x0000, 0x0021, 0x0021, 0x0021, 0x0001, 0x0021, 0x0021, 0x0021, 0x0021,
  0x0041, 0x0021, 0x0021, 0x0021, 0x0021, 0x0021, 0x0041, 0x0062, 0x0062, 0x0062, 0x0083, 0x08E5, 0x0946, 0x1167, 0x19C8, 0x1A09,
  0x1A4B, 0x1A2B, 0x19EA, 0x11C9, 0x11C8, 0x11C9, 0x19E9, 0x11A8, 0x1187, 0x1167, 0x0906, 0x08A3, 0x0041, 0x0000, 0x1A4B, 0x1A4B,
  0x1A6B, 0x1A6B, 0x1A6B, 0x1A6B, 0x1A6C, 0x1A6B, 0x1A6B, 0x1A6B, 0x1A6B, 0x1A6B, 0x1A6B, 0x1A4A, 0x1A4A, 0x1A2A, 0x1A2A, 0x1A29,
  0x1A29, 0x1A29, 0x1A09, 0x1A09, 0x1A08, 0x19E8, 0x19E8, 0x21E8, 0x21E8, 0x21E8, 0x21E7, 0x21E7, 0x21E7, 0x21E7, 0x21E7, 0x21C7,
  0x21C7, 0x21C7, 0x21C7, 0x21A6, 0x21A6, 0x21A6, 0x21A6, 0x21A6, 0x21A6, 0x21A6, 0x21A6, 0x21C7, 0x21E7, 0x29E7, 0x2A6A, 0x2A29,
  0x1986, 0x10E4, 0x0882, 0x08C4, 0x19A7, 0x32AC, 0x3B0C, 0x53CF, 0x6491, 0x3B4C, 0x430B, 0x3248, 0x19C5, 0x1A06, 0x5C2E, 0x96B8,
  0xBFFF, 0xAFBC, 0x4737, 0x052F, 0x03CB, 0x0612, 0x052F, 0x2E54, 0x034A, 0x02A9, 0x02EA, 0x032B, 0x0288, 0x1903, 0x5902, 0x6922,
  0x6922, 0x6942, 0x50E2, 0x2081, 0x0841, 0x0001, 0x0001, 0x0022, 0x0022, 0x0022, 0x0022, 0x0022, 0x0022, 0x0043, 0x0043, 0x0043,
  0x0043, 0x0043, 0x0043, 0x0043, 0x0043, 0x0043, 0x0043, 0x0043, 0x0043, 0x0043, 0x0063, 0x0063, 0x0863, 0x1062, 0x2862, 0x1862,
  0x0842, 0x1063, 0x2882, 0x40C3, 0x1062, 0x0022, 0x0042, 0x0042, 0x00A4, 0x0063, 0x0083, 0x00A4, 0x0905, 0x1986, 0x1146, 0x0905,
  0x08C4, 0x1986, 0x1104, 0x0021, 0x0042, 0x0882, 0x1881, 0x1040, 0x0861, 0x0000, 0x0000, 0x0000, 0x0000, 0x0000, 0x0000, 0x0000,
  0x0000, 0x0000, 0x0000, 0x0000, 0x0000, 0x0000, 0x0000, 0x0041, 0x0861, 0x0000, 0x0000, 0x0020, 0x0000, 0x0021, 0x0041, 0x0061,
  0x0041, 0x00A3, 0x0062, 0x0021, 0x0041, 0x0062, 0x00C3, 0x0041, 0x0041, 0x00E4, 0x0062, 0x0021, 0x0104, 0x00C2, 0x1162, 0x00A1,
  0x0000, 0x0902, 0x2AA3, 0x32A3, 0x0060, 0x0061, 0x00E2, 0x6328, 0x5A87, 0x2985, 0x0000, 0x0020, 0x0904, 0x11C7, 0x1A08, 0x0063,
  0x10E5, 0x2A09, 0x1946, 0x0021, 0x0000, 0x0000, 0x0021, 0x0021, 0x0021, 0x0021, 0x0021, 0x0042, 0x0042, 0x0042, 0x0042, 0x0042,
  0x0042, 0x0062, 0x0062, 0x0062, 0x0042, 0x0041, 0x0041, 0x0021, 0x0042, 0x0062, 0x0062, 0x0083, 0x00A3, 0x08A3, 0x08C4, 0x08E4,
  0x1146, 0x11A8, 0x1A0A, 0x1A4B, 0x1A6C, 0x1A6C, 0x1A6C, 0x1A6B, 0x1A4B, 0x1A2A, 0x120A, 0x11C9, 0x11A8, 0x0967, 0x08C4, 0x0062,
  0x1A6B, 0x1A6B, 0x1A6B, 0x1A6B, 0x1A6C, 0x1A6B, 0x1A6B, 0x1A6B, 0x1A6B, 0x1A6B, 0x1A4B, 0x1A4A, 0x1A4A, 0x1A2A, 0x1A29, 0x1A29,
  0x1A29, 0x1A29, 0x1A09, 0x1A09, 0x1A08, 0x19E8, 0x19E8, 0x21E8, 0x21E8, 0x21E8, 0x21E7, 0x21E7, 0x21E7, 0x21E7, 0x21E7, 0x21C7,
  0x21C7, 0x21C7, 0x21C7, 0x21C6, 0x21A6, 0x21A6, 0x21A6, 0x21A6, 0x21A6, 0x21A6, 0x21A6, 0x21C6, 0x2A6A, 0x2A49, 0x21C7, 0x1104,
  0x08A3, 0x0882, 0x1146, 0x2A8B, 0x436E, 0x4BAE, 0x6C91, 0x4B6D, 0x2A49, 0x2208, 0x0903, 0x2A27, 0x6450, 0x9E98, 0xAF5B, 0x9FBC,
  0x2E54, 0x0E32, 0x0F96, 0x1591, 0x0329, 0x048E, 0x034A, 0x02C9, 0x0289, 0x034B, 0x038C, 0x0248, 0x28E2, 0x6102, 0x6102, 0x5922,
  0x48E2, 0x1861, 0x0001, 0x0001, 0x0022, 0x0042, 0x0042, 0x0022, 0x0022, 0x0022, 0x0042, 0x0042, 0x0042, 0x0043, 0x0063, 0x0063,
  0x0063, 0x0043, 0x0063, 0x0063, 0x0063, 0x0043, 0x0063, 0x0063, 0x0043, 0x0084, 0x0063, 0x1084, 0x1863, 0x2862, 0x2062, 0x1042,
  0x1063, 0x2862, 0x48C3, 0x1882, 0x0022, 0x0042, 0x0062, 0x0083, 0x00A4, 0x0043, 0x0083, 0x1105, 0x1986, 0x1146, 0x0905, 0x00C4,
  0x1966, 0x1104, 0x0022, 0x0021, 0x0082, 0x08A2, 0x1060, 0x0861, 0x0020, 0x0000, 0x0000, 0x0000, 0x0000, 0x0000, 0x0000, 0x0000,
  0x0000, 0x0000, 0x0000, 0x0000, 0x0000, 0x0000, 0x0000, 0x0000, 0x10A2, 0x0000, 0x0000, 0x0000, 0x0000, 0x0021, 0x0041, 0x0021,
  0x0082, 0x0041, 0x0021, 0x0021, 0x0021, 0x00E3, 0x0062, 0x0021, 0x00C3, 0x0082, 0x0000, 0x00C3, 0x00C3, 0x0902, 0x00A1, 0x0000,
  0x1922, 0x2A44, 0x3B25, 0x1102, 0x0061, 0x0081, 0x6B69, 0x5286, 0x52E9, 0x2124, 0x0000, 0x0924, 0x0965, 0x2AAA, 0x0083, 0x1126,
  0x326A, 0x08C3, 0x0000, 0x0021, 0x0021, 0x0001, 0x0021, 0x0042, 0x0042, 0x0062, 0x0062, 0x0063, 0x0083, 0x0062, 0x0062, 0x0083,
  0x0042, 0x0042, 0x0083, 0x0083, 0x0083, 0x0062, 0x0062, 0x08C3, 0x08C4, 0x0062, 0x0042, 0x0062, 0x00A3, 0x08C4, 0x0082, 0x0042,
  0x0062, 0x08C3, 0x0905, 0x1187, 0x1A0A, 0x1A6C, 0x228C, 0x1A8C, 0x1A8C, 0x1A8C, 0x1A8C, 0x1A6C, 0x1A8C, 0x1A8C, 0x1A6C, 0x120A,
  0x11C9, 0x1188, 0x0905, 0x1A6C, 0x1A6B, 0x1A6B, 0x1A6B, 0x1A6B, 0x1A6B, 0x1A6B, 0x1A4A, 0x1A4A, 0x1A4A, 0x1A2A, 0x1A29, 0x1A29,
  0x1A29, 0x1A29, 0x1A09, 0x1A09, 0x1A08, 0x19E8, 0x19E8, 0x21E8, 0x21E8, 0x21E8, 0x21E8, 0x21E7, 0x21E7, 0x21E7, 0x21E7, 0x21C7,
  0x21C7, 0x21C7, 0x21C7, 0x21C7, 0x21A6, 0x21A6, 0x21A6, 0x21A6, 0x21A6, 0x3AEC, 0x2A69, 0x21E7, 0x1945, 0x08C3, 0x0882, 0x0882,
  0x1125, 0x2229, 0x3B4D, 0x6451, 0x6C71, 0x434C, 0x2A49, 0x19A7, 0x2A28, 0x3AEA, 0x84F2, 0xB6FA, 0xAFBD, 0x9F5B, 0x35B2, 0x1E73,
  0x0EB3, 0x16D4, 0x0C4D, 0x0BAB, 0x0BAC, 0x02E9, 0x0207, 0x0228, 0x0269, 0x0289, 0x0228, 0x20E2, 0x50C1, 0x48E1, 0x4902, 0x2081,
  0x0001, 0x0001, 0x0022, 0x0042, 0x0022, 0x0022, 0x0022, 0x0022, 0x0042, 0x0042, 0x0043, 0x0043, 0x0083, 0x0883, 0x0063, 0x0063,
  0x0063, 0x0063, 0x0063, 0x0063, 0x0064, 0x0063, 0x0063, 0x0063, 0x0063, 0x10A4, 0x10A4, 0x1863, 0x2863, 0x2062, 0x1862, 0x1863,
  0x2062, 0x50A2, 0x2082, 0x0022, 0x0063, 0x0063, 0x0083, 0x0042, 0x0042, 0x0062, 0x1125, 0x1966, 0x0905, 0x00C4, 0x08E4, 0x1966,
  0x08E4, 0x0042, 0x0042, 0x0082, 0x08C3, 0x1081, 0x1060, 0x0861, 0x0000, 0x0000, 0x0000, 0x0000, 0x0000, 0x0000, 0x0000, 0x0000,
  0x0000, 0x0000, 0x0000, 0x0000, 0x0000, 0x0000, 0x0000, 0x0000, 0x0861, 0x0841, 0x0000, 0x0000, 0x0000, 0x0021, 0x0021, 0x0062,
  0x0041, 0x0001, 0x0041, 0x0021, 0x00A3, 0x0082, 0x0021, 0x0062, 0x0062, 0x0000, 0x0082, 0x00C3, 0x00C2, 0x0040, 0x0040, 0x4265,
  0x4AC6, 0x1184, 0x0903, 0x08E3, 0x00C2, 0x6349, 0x6308, 0x29A5, 0x52C9, 0x0000, 0x08C3, 0x0925, 0x2289, 0x2A48, 0x08A3, 0x3249,
  0x0882, 0x0001, 0x0021, 0x0021, 0x0021, 0x0042, 0x0062, 0x0063, 0x0083, 0x0083, 0x00A3, 0x0062, 0x0083, 0x00C4, 0x00C4, 0x00E5,
  0x0104, 0x0945, 0x0146, 0x0147, 0x0105, 0x00A3, 0x00A3, 0x00C4, 0x0946, 0x19A7, 0x1166, 0x08C4, 0x0062, 0x0062, 0x00A3, 0x00A3,
  0x0083, 0x0082, 0x0082, 0x08A3, 0x0905, 0x1146, 0x11A8, 0x1A0A, 0x1A6B, 0x1AAD, 0x22CD, 0x22EE, 0x230E, 0x232F, 0x230F, 0x1ACE,
  0x1ACE, 0x1ACE, 0x1ACE, 0x1AAD, 0x1A6C, 0x1A4B, 0x1A6B, 0x1A6B, 0x1A6B, 0x1A6B, 0x1A4A, 0x1A4A, 0x1A2A, 0x1A2A, 0x1A29, 0x1A29,
  0x1A29, 0x1A29, 0x1A09, 0x1A09, 0x1A08, 0x19E8, 0x19E8, 0x21E8, 0x21E8, 0x21E8, 0x21E8, 0x21E7, 0x21E7, 0x21E7, 0x21E7, 0x21E7,
  0x21C7, 0x21C7, 0x21C7, 0x21C7, 0x21A6, 0x21A6, 0x32EC, 0x2A8A, 0x328A, 0x2A49, 0x1965, 0x08C3, 0x0061, 0x0061, 0x0082, 0x19A7,
  0x434D, 0x5BEF, 0x6C50, 0x432C, 0x21E7, 0x21E7, 0x21E8, 0x2208, 0x5C2F, 0x8696, 0xAFFC, 0x66F7, 0x2613, 0x1591, 0x0590, 0x37B9,
  0x26D4, 0x03AA, 0x0288, 0x0289, 0x02A9, 0x0269, 0x01C7, 0x01A6, 0x01C7, 0x01A7, 0x2103, 0x50E1, 0x48E1, 0x28A1, 0x0000, 0x0001,
  0x0021, 0x0021, 0x0042, 0x0021, 0x0022, 0x0042, 0x0063, 0x0063, 0x0063, 0x0083, 0x10C3, 0x1904, 0x10A3, 0x0062, 0x0043, 0x0022,
  0x0043, 0x0063, 0x1063, 0x1883, 0x0863, 0x0084, 0x0063, 0x0063, 0x0063, 0x1084, 0x2083, 0x3083, 0x2862, 0x2862, 0x2063, 0x2042,
  0x58C2, 0x38A2, 0x0022, 0x0042, 0x0063, 0x0063, 0x0042, 0x0042, 0x0021, 0x1104, 0x1966, 0x0905, 0x00A4, 0x08E4, 0x1145, 0x00A3,
  0x0042, 0x0042, 0x08A3, 0x08E3, 0x0082, 0x1060, 0x18A2, 0x18A3, 0x0000, 0x0000, 0x0000, 0x0000, 0x0000, 0x0000, 0x0000, 0x0000,
  0x0000, 0x0000, 0x0000, 0x0000, 0x0000, 0x0000, 0x0000, 0x0000, 0x0000, 0x0841, 0x0000, 0x0000, 0x0000, 0x0020, 0x0041, 0x0041,
  0x0001, 0x0021, 0x0021, 0x00A3, 0x0082, 0x0021, 0x0062, 0x0062, 0x0042, 0x00A3, 0x00A3, 0x00A2, 0x0061, 0x2163, 0x5B27, 0x3225,
  0x0124, 0x0082, 0x00A2, 0x00A3, 0x5AE7, 0x7C0B, 0x0903, 0x73EC, 0x08A2, 0x0082, 0x1145, 0x0986, 0x438C, 0x1165, 0x2A29, 0x0841,
  0x0000, 0x0042, 0x0042, 0x0042, 0x00A3, 0x00E5, 0x00A4, 0x00E4, 0x00A3, 0x00C4, 0x0146, 0x00E5, 0x0167, 0x0A29, 0x01C8, 0x0209,
  0x12CB, 0x33F0, 0x54D2, 0x238F, 0x028B, 0x0A29, 0x0167, 0x0167, 0x0126, 0x0105, 0x0946, 0x1187, 0x19E8, 0x19C8, 0x0905, 0x0082,
  0x0042, 0x0083, 0x08C4, 0x08E4, 0x08C3, 0x0083, 0x08C3, 0x0905, 0x1167, 0x11A8, 0x11C9, 0x1A2A, 0x22AC, 0x232F, 0x2B91, 0x2370,
  0x2370, 0x2350, 0x2350, 0x2350, 0x2370, 0x2B70, 0x2370, 0x2391, 0x23B1, 0x2BF2, 0x2391, 0x1A4A, 0x1A2A, 0x1A2A, 0x1A29, 0x1A29,
  0x1A29, 0x1A29, 0x1A09, 0x1A09, 0x19E8, 0x19E8, 0x19E8, 0x21E8, 0x21E8, 0x21E8, 0x21E8, 0x21E7, 0x21E7, 0x21E7, 0x21E7, 0x21E7,
  0x21C7, 0x4C51, 0x3BCF, 0x3B6E, 0x330C, 0x2A8A, 0x2208, 0x19A6, 0x1104, 0x08C3, 0x0882, 0x0062, 0x0082, 0x1165, 0x3AEB, 0x5BEE,
  0x63EE, 0x4B4B, 0x3268, 0x21E7, 0x2A8A, 0x330C, 0x3BCD, 0x5D93, 0x6737, 0x4F57, 0x57BA, 0x4738, 0x0E53, 0x15F1, 0x46F7, 0x25D1,
  0x03C9, 0x034A, 0x0289, 0x0228, 0x0228, 0x0289, 0x0208, 0x01E7, 0x01A7, 0x2103, 0x60E1, 0x48E1, 0x1861, 0x0000, 0x0001, 0x0021,
  0x0042, 0x0062, 0x0042, 0x0062, 0x0063, 0x0083, 0x0063, 0x0083, 0x18E3, 0x20E3, 0x10A2, 0x0862, 0x0022, 0x0022, 0x0882, 0x2923,
  0x20C2, 0x2882, 0x50E4, 0x50E4, 0x28A3, 0x0063, 0x0083, 0x0063, 0x0063, 0x1883, 0x3883, 0x4083, 0x4082, 0x3082, 0x1842, 0x58C2,
  0x58E2, 0x0021, 0x0042, 0x0063, 0x0042, 0x0043, 0x0083, 0x0042, 0x0083, 0x1145, 0x08E4, 0x00C4, 0x0925, 0x0905, 0x0062, 0x0042,
  0x0042, 0x08A3, 0x08E4, 0x0082, 0x0882, 0x1060, 0x2103, 0x0841, 0x0000, 0x0000, 0x0000, 0x0000, 0x0000, 0x0000, 0x0000, 0x0000,
  0x0000, 0x0000, 0x0000, 0x0000, 0x0000, 0x0000, 0x0000, 0x0000, 0x0000, 0x0841, 0x0020, 0x0000, 0x0000, 0x0041, 0x0021, 0x0000,
  0x0021, 0x0001, 0x00A3, 0x0082, 0x0021, 0x0042, 0x0041, 0x0062, 0x0082, 0x00A3, 0x00A3, 0x0041, 0x2183, 0x3AA5, 0x0943, 0x00E4,
  0x00E3, 0x08E3, 0x0041, 0x5286, 0x842B, 0x0061, 0x52E9, 0x3206, 0x0082, 0x08A3, 0x0987, 0x232B, 0x3289, 0x19C7, 0x08C3, 0x0000,
  0x0021, 0x0042, 0x00C4, 0x0125, 0x00C4, 0x0105, 0x0146, 0x1AAB, 0x1ACC, 0x09C8, 0x01C8, 0x024A, 0x01E8, 0x022A, 0x024A, 0x01C8,
  0x026A, 0x02EC, 0x1B8F, 0x130D, 0x0AAC, 0x026B, 0x12CD, 0x0A6B, 0x0A6B, 0x12AC, 0x120A, 0x0946, 0x08C4, 0x1125, 0x19C8, 0x222A,
  0x2229, 0x19C8, 0x0905, 0x00A4, 0x0083, 0x08A3, 0x08A3, 0x08A3, 0x08C4, 0x08E4, 0x0904, 0x1125, 0x1167, 0x11A8, 0x1A0A, 0x1A4B,
  0x22AD, 0x230E, 0x2370, 0x2BD2, 0x2BD2, 0x2B91, 0x2370, 0x2B91, 0x33F2, 0x3453, 0x3433, 0x3433, 0x3454, 0x3474, 0x34D6, 0x3D17,
  0x4517, 0x4557, 0x4D78, 0x5598, 0x5D98, 0x5DB8, 0x5DB8, 0x65D8, 0x65D8, 0x65B8, 0x6577, 0x5D35, 0x4CB4, 0x4452, 0x3BD0, 0x332D,
  0x2AAB, 0x228A, 0x2269, 0x2A28, 0x21E7, 0x1945, 0x10C3, 0x0862, 0x0041, 0x0062, 0x08C3, 0x21E7, 0x3AEB, 0x4B4C, 0x538C, 0x42EA,
  0x3248, 0x21E7, 0x2208, 0x2AEB, 0x23CE, 0x3CD0, 0x5F17, 0x5778, 0x5718, 0x57DA, 0x2736, 0x0611, 0x4654, 0x5E55, 0x14EE, 0x03CA,
  0x0329, 0x0207, 0x0208, 0x0228, 0x01C7, 0x0228, 0x01E7, 0x0166, 0x28E3, 0x50E1, 0x38A1, 0x0821, 0x0001, 0x0021, 0x0021, 0x0062,
  0x0083, 0x0062, 0x0083, 0x0083, 0x00A3, 0x0083, 0x10C3, 0x2923, 0x18A2, 0x0021, 0x0021, 0x0042, 0x1903, 0x6AE6, 0xAC87, 0xD588,
  0x82E6, 0x4083, 0x48C3, 0x3083, 0x1883, 0x0043, 0x0063, 0x0063, 0x1063, 0x3883, 0x50A3, 0x60A2, 0x4082, 0x1821, 0x50A2, 0x70E2,
  0x1041, 0x0042, 0x0042, 0x0042, 0x0083, 0x0905, 0x00E5, 0x0063, 0x08C4, 0x00C4, 0x0905, 0x1146, 0x08C4, 0x0042, 0x0042, 0x0062,
  0x00C3, 0x08E4, 0x00A2, 0x0082, 0x0861, 0x1881, 0x18C3, 0x0000, 0x0000, 0x0000, 0x0000, 0x0000, 0x0000, 0x0000, 0x0000, 0x0000,
  0x0000, 0x0000, 0x0000, 0x0000, 0x0000, 0x0000, 0x0000, 0x0000, 0x0000, 0x0000, 0x0841, 0x0000, 0x0020, 0x0021, 0x0000, 0x0001,
  0x0001, 0x0082, 0x0082, 0x0021, 0x0042, 0x0042, 0x0062, 0x0062, 0x0041, 0x00A3, 0x0041, 0x1123, 0x1183, 0x00C3, 0x00E4, 0x00A3,
  0x0945, 0x00C3, 0x52A7, 0x8C6C, 0x0041, 0x2164, 0x4A68, 0x0082, 0x0083, 0x08E4, 0x0AAA, 0x540E, 0x2A69, 0x1125, 0x0001, 0x0021,
  0x0042, 0x00A4, 0x00C4, 0x00E5, 0x0146, 0x0209, 0x0ACC, 0x12ED, 0x1AAB, 0x0A4A, 0x132D, 0x0B0D, 0x132D, 0x1B8E, 0x028B, 0x0A8B,
  0x024A, 0x02AB, 0x0B0D, 0x0209, 0x33F0, 0x3452, 0x030D, 0x0B2D, 0x12CC, 0x0A8B, 0x1AED, 0x1AED, 0x126B, 0x0987, 0x00C4, 0x00C4,
  0x1146, 0x226B, 0x330E, 0x334E, 0x224A, 0x1105, 0x0082, 0x0062, 0x00A3, 0x08A3, 0x00A3, 0x08C3, 0x08E4, 0x0925, 0x1146, 0x1146,
  0x1167, 0x11A8, 0x11E9, 0x1A6B, 0x22AC, 0x22ED, 0x232E, 0x2B4F, 0x2B90, 0x33D2, 0x2BD1, 0x33D2, 0x33F2, 0x3412, 0x3453, 0x3453,
  0x3454, 0x3494, 0x3C95, 0x3C94, 0x3C73, 0x3C32, 0x3C11, 0x3BF1, 0x33B0, 0x2B6F, 0x2B0D, 0x22AB, 0x226A, 0x2249, 0x2229, 0x2208,
  0x21E8, 0x19A6, 0x1124, 0x08C2, 0x0882, 0x0061, 0x0061, 0x0082, 0x1124, 0x2A69, 0x434C, 0x4B6C, 0x42EA, 0x42C9, 0x3A68, 0x29C6,
  0x19E7, 0x2AEB, 0x2B6D, 0x242E, 0x55B3, 0xB75B, 0x76F8, 0x8FFC, 0xBFFF, 0x37D9, 0x0713, 0x3F58, 0x4C90, 0x134A, 0x0329, 0x0227,
  0x026A, 0x0228, 0x0228, 0x0229, 0x01E8, 0x01C7, 0x0945, 0x38C2, 0x50E2, 0x2061, 0x0001, 0x0021, 0x0021, 0x0021, 0x0062, 0x08A3,
  0x0083, 0x0083, 0x08A4, 0x00A3, 0x08A3, 0x2124, 0x2103, 0x0021, 0x0001, 0x0042, 0x0062, 0x2144, 0x83A7, 0xE62A, 0xFF4C, 0xEE6B,
  0x5963, 0x40A3, 0x2883, 0x1062, 0x0022, 0x0883, 0x10A3, 0x0863, 0x3063, 0x68A2, 0x80E3, 0x68A2, 0x1841, 0x3082, 0x8102, 0x2862,
  0x0022, 0x0042, 0x0042, 0x08E4, 0x19C7, 0x19A7, 0x00C4, 0x0063, 0x00C4, 0x0905, 0x0905, 0x0083, 0x0042, 0x0042, 0x0083, 0x08E4,
  0x08E4, 0x00A3, 0x0082, 0x0082, 0x0860, 0x18C2, 0x0841, 0x0000, 0x0000, 0x0000, 0x0000, 0x0000, 0x0000, 0x0000, 0x0000, 0x0000,
  0x0000, 0x0000, 0x0000, 0x0000, 0x0000, 0x0000, 0x0000, 0x0000, 0x0000, 0x0000, 0x0841, 0x0041, 0x0000, 0x0000, 0x0000, 0x0000,
  0x0062, 0x0062, 0x0021, 0x0041, 0x0042, 0x0062, 0x0082, 0x0041, 0x00A3, 0x0062, 0x08E3, 0x1164, 0x0082, 0x00A3, 0x0082, 0x0124,
  0x00A2, 0x5AC7, 0x7BAA, 0x0082, 0x1144, 0x52A8, 0x0062, 0x0061, 0x0041, 0x09C7, 0x1AA9, 0x6450, 0x11A7, 0x0083, 0x0042, 0x0042,
  0x00A3, 0x00A4, 0x0105, 0x0105, 0x09E9, 0x12CC, 0x130D, 0x130D, 0x0A8B, 0x0B0D, 0x13AF, 0x134E, 0x0ACC, 0x2BEF, 0x3C91, 0x34B2,
  0x3555, 0x24F4, 0x24B3, 0x0B6E, 0x1BAF, 0x2C92, 0x3555, 0x1C51, 0x0B4E, 0x0AEC, 0x238F, 0x3411, 0x3CB3, 0x2C72, 0x1B8F, 0x128B,
  0x09C8, 0x0105, 0x0083, 0x1166, 0x228B, 0x336E, 0x336E, 0x228B, 0x1187, 0x08C4, 0x0041, 0x0021, 0x0062, 0x0883, 0x08C3, 0x08C3,
  0x08E4, 0x0905, 0x0925, 0x1146, 0x1166, 0x1167, 0x11C8, 0x19E9, 0x1A09, 0x1A2A, 0x1A09, 0x1A2A, 0x1A6B, 0x1A6B, 0x228B, 0x22AC,
  0x22CC, 0x22CC, 0x22AC, 0x226B, 0x224A, 0x1A29, 0x1A09, 0x1A29, 0x2229, 0x2229, 0x2208, 0x19C7, 0x1986, 0x1145, 0x1124, 0x10E3,
  0x08A2, 0x0882, 0x0041, 0x0021, 0x0061, 0x1124, 0x328A, 0x4B6D, 0x4B6D, 0x430B, 0x2A27, 0x21C6, 0x29E6, 0x2A07, 0x2A48, 0x3B4C,
  0x33EE, 0x34D1, 0x5E15, 0x6676, 0xD7FD, 0xBF19, 0x2268, 0x32EA, 0x8636, 0x3674, 0x0D8F, 0x1C8D, 0x00A1, 0x2923, 0x3144, 0x3165,
  0x3269, 0x01C7, 0x09E8, 0x09C7, 0x1165, 0x20C2, 0x40A1, 0x3881, 0x0821, 0x0001, 0x0021, 0x0021, 0x0021, 0x0882, 0x08A3, 0x08A3,
  0x08C4, 0x08C4, 0x0083, 0x10C3, 0x2924, 0x1082, 0x0001, 0x0021, 0x0062, 0x0083, 0x1965, 0x6B48, 0xCD48, 0xFECA, 0xFF70, 0x6A85,
  0x1001, 0x1063, 0x0863, 0x0063, 0x0862, 0x3185, 0x3144, 0x2063, 0x70C3, 0x9902, 0x80A2, 0x3062, 0x2062, 0x7902, 0x48A2, 0x0022,
  0x0042, 0x0062, 0x1125, 0x19C7, 0x1186, 0x00C4, 0x0083, 0x0063, 0x0925, 0x08C3, 0x0042, 0x0042, 0x0062, 0x00C4, 0x0904, 0x08E4,
  0x00C3, 0x00A2, 0x0082, 0x0041, 0x18A2, 0x10A2, 0x0000, 0x0000, 0x0000, 0x0000, 0x0000, 0x0000, 0x0000, 0x0000, 0x0000, 0x0000,
  0x0000, 0x0000, 0x0000, 0x0000, 0x0000, 0x0000, 0x0000, 0x0000, 0x0000, 0x0000, 0x0020, 0x0861, 0x0000, 0x0000, 0x0000, 0x0061,
  0x0041, 0x0001, 0x0041, 0x0021, 0x0062, 0x0062, 0x0042, 0x0083, 0x0062, 0x08E3, 0x1184, 0x0082, 0x00A3, 0x00C3, 0x0125, 0x00A2,
  0x4226, 0x4A46, 0x0000, 0x0904, 0x3A68, 0x1124, 0x00C3, 0x0041, 0x0125, 0x01A6, 0x4BAD, 0x32CB, 0x0063, 0x0042, 0x0042, 0x00C4,
  0x00E5, 0x0126, 0x01E9, 0x0167, 0x0062, 0x0062, 0x0042, 0x0083, 0x0905, 0x0987, 0x128B, 0x1B6E, 0x1BAF, 0x2431, 0x3491, 0x024A,
  0x138E, 0x1BAF, 0x4DB6, 0x4E79, 0x2D14, 0x0BCF, 0x2471, 0x3D96, 0x2D14, 0x2471, 0x13AF, 0x136E, 0x1BAF, 0x2C51, 0x5575, 0x5555,
  0x3451, 0x238F, 0x1A8B, 0x0987, 0x00C4, 0x00E4, 0x1146, 0x1A09, 0x2AED, 0x336F, 0x2AED, 0x1A29, 0x1166, 0x08C3, 0x0062, 0x0021,
  0x0021, 0x0041, 0x0062, 0x08A3, 0x08A3, 0x08C3, 0x08E4, 0x08E4, 0x08E4, 0x08E4, 0x08E4, 0x08E4, 0x0904, 0x1104, 0x1125, 0x1145,
  0x1166, 0x1166, 0x1165, 0x1166, 0x1166, 0x1186, 0x1186, 0x1986, 0x1965, 0x1124, 0x10E3, 0x08A2, 0x0882, 0x0861, 0x0061, 0x0061,
  0x08A2, 0x1104, 0x21C6, 0x3289, 0x4B6C, 0x53CE, 0x4B6D, 0x3A8A, 0x21C7, 0x1986, 0x1986, 0x21C6, 0x2A68, 0x43AD, 0x4C90, 0x4D11,
  0x55F4, 0x8F18, 0xC79B, 0x5C90, 0x648F, 0x4B8B, 0x0081, 0x0061, 0x1964, 0x00E2, 0x00A1, 0x0943, 0x3A68, 0x4ACA, 0x2A48, 0x2124,
  0x40C2, 0x48A2, 0x40C2, 0x4082, 0x5081, 0x4081, 0x1841, 0x0000, 0x0021, 0x0021, 0x0021, 0x0022, 0x0883, 0x08C3, 0x0083, 0x00A3,
  0x08C4, 0x0083, 0x2103, 0x2903, 0x0021, 0x0001, 0x0042, 0x0062, 0x0083, 0x1104, 0x4287, 0x9C69, 0xEE4B, 0xFFF2, 0x8388, 0x1861,
  0x18A3, 0x0042, 0x0862, 0x0042, 0x31C5, 0x3A06, 0x2904, 0x5862, 0xC983, 0xC162, 0x60A2, 0x1842, 0x60C2, 0x7902, 0x0821, 0x0042,
  0x0022, 0x08A4, 0x19A7, 0x1145, 0x0083, 0x00A4, 0x00C4, 0x0083, 0x0083, 0x0042, 0x0062, 0x00A3, 0x0905, 0x0925, 0x00E4, 0x00E4,
  0x00A3, 0x0082, 0x0062, 0x0840, 0x18C2, 0x0021, 0x0000, 0x0000, 0x0000, 0x0000, 0x0000, 0x0000, 0x0000, 0x0000, 0x0000, 0x0000,
  0x0000, 0x0000, 0x0000, 0x0000, 0x0000, 0x0000, 0x0000, 0x0000, 0x0000, 0x0000, 0x0000, 0x0841, 0x0020, 0x0000, 0x0041, 0x0021,
  0x0000, 0x0021, 0x0021, 0x0042, 0x0062, 0x0042, 0x0062, 0x0042, 0x0924, 0x0964, 0x0082, 0x0082, 0x00C4, 0x0165, 0x00C3, 0x29C5,
  0x1944, 0x0021, 0x0924, 0x1964, 0x08A2, 0x0104, 0x0062, 0x00E4, 0x1A28, 0x32CA, 0x438C, 0x0082, 0x0041, 0x0021, 0x0083, 0x0105,
  0x0105, 0x0105, 0x0126, 0x0146, 0x0125, 0x0946, 0x1187, 0x08C4, 0x0021, 0x0000, 0x0001, 0x0062, 0x0925, 0x1ACB, 0x2C72, 0x24D4,
  0x1D55, 0x132D, 0x00C4, 0x1A4A, 0x5575, 0x6EB9, 0x45D6, 0x138E, 0x0AAB, 0x2D54, 0x35B5, 0x24F3, 0x0410, 0x0BCF, 0x1C31, 0x2C31,
  0x4CD2, 0x75F6, 0x65D6, 0x3CD3, 0x2C10, 0x1A8B, 0x11C8, 0x08A3, 0x0020, 0x08C3, 0x19E8, 0x2B0D, 0x3BB0, 0x3390, 0x334E, 0x228B,
  0x19A7, 0x08E4, 0x0082, 0x0062, 0x0062, 0x0041, 0x0020, 0x0021, 0x0041, 0x0061, 0x0062, 0x0882, 0x0882, 0x0882, 0x08A3, 0x08A3,
  0x08C3, 0x08C3, 0x08A2, 0x0882, 0x0882, 0x0882, 0x0861, 0x0861, 0x0020, 0x0020, 0x0020, 0x0061, 0x08A2, 0x1945, 0x3228, 0x42EB,
  0x538D, 0x640E, 0x5BEE, 0x4B2B, 0x3248, 0x21A6, 0x2186, 0x21C6, 0x2207, 0x3ACA, 0x4BCD, 0x544F, 0x5CD1, 0x5D52, 0x55D3, 0x7696,
  0xCFFD, 0x8D53, 0x19C5, 0x0020, 0x4A47, 0x9CB1, 0x734B, 0x39C5, 0x2124, 0x21C6, 0x9D94, 0xCEFA, 0xAF3B, 0x5EF7, 0x2E14, 0x0CD0,
  0x0227, 0x3924, 0x4104, 0x4082, 0x3061, 0x0021, 0x0001, 0x0021, 0x0021, 0x0021, 0x0042, 0x08A3, 0x08C3, 0x0083, 0x0083, 0x00A4,
  0x0883, 0x2943, 0x18C2, 0x0001, 0x0021, 0x0062, 0x0062, 0x0083, 0x08C3, 0x21C6, 0x5B08, 0xBD08, 0xFFF3, 0xACED, 0x20A2, 0x39A6,
  0x0883, 0x0863, 0x0022, 0x1924, 0x3A67, 0x1125, 0x3082, 0xB962, 0xD982, 0xB122, 0x3042, 0x3062, 0x8923, 0x2062, 0x0022, 0x0022,
  0x0083, 0x1966, 0x0905, 0x00A3, 0x0905, 0x00E5, 0x00A3, 0x0062, 0x0062, 0x00A3, 0x0905, 0x0945, 0x0905, 0x00E4, 0x00C4, 0x00C3,
  0x00A2, 0x08A2, 0x0061, 0x1081, 0x1081, 0x0000, 0x0000, 0x0000, 0x0000, 0x0000, 0x0000, 0x0000, 0x0000, 0x0000, 0x0000, 0x0000,
  0x0000, 0x0000, 0x0000, 0x0000, 0x0000, 0x0000, 0x0000, 0x0000, 0x0000, 0x0000, 0x0000, 0x0020, 0x0841, 0x0020, 0x0000, 0x0000,
  0x0001, 0x0021, 0x0041, 0x0041, 0x0021, 0x0041, 0x0082, 0x1185, 0x0944, 0x0082, 0x0082, 0x00A3, 0x00E4, 0x00A3, 0x1165, 0x08E3,
  0x0083, 0x0125, 0x00C3, 0x0082, 0x00E3, 0x0041, 0x08A3, 0x1AA8, 0x53EC, 0x432A, 0x434B, 0x1145, 0x0000, 0x0082, 0x00E4, 0x0083,
  0x0125, 0x01C8, 0x0A8B, 0x0A29, 0x01C8, 0x0A29, 0x128A, 0x1249, 0x1A49, 0x32AB, 0x2A09, 0x1925, 0x0862, 0x0822, 0x08A3, 0x1A49,
  0x2431, 0x2D34, 0x3514, 0x1B4D, 0x0146, 0x11E8, 0x33AE, 0x4472, 0x65B6, 0x4DB6, 0x2D13, 0x1410, 0x6699, 0x6DD6, 0x3451, 0x1BCF,
  0x3492, 0x3CB2, 0x3C30, 0x4D34, 0x7EDA, 0x5DD6, 0x44D3, 0x33D0, 0x22AB, 0x19E8, 0x08E4, 0x0062, 0x08A3, 0x1986, 0x2AAB, 0x334E,
  0x3BD0, 0x3BF0, 0x3BCF, 0x336E, 0x228B, 0x19E8, 0x19A7, 0x1145, 0x08E4, 0x08C3, 0x08A3, 0x0082, 0x0041, 0x0000, 0x0020, 0x0021,
  0x0021, 0x0020, 0x0020, 0x0020, 0x0041, 0x08A2, 0x10E4, 0x1124, 0x1965, 0x2A08, 0x3ACA, 0x4B4C, 0x640F, 0x6C71, 0x6C70, 0x5BCE,
  0x430B, 0x3A89, 0x2A07, 0x21E7, 0x2A28, 0x2228, 0x32EA, 0x4C2F, 0x7593, 0xAEF8, 0xB6F8, 0x7DF5, 0x2C2E, 0x75F4, 0xC7BB, 0xAE97,
  0x6C0E, 0x29E6, 0x31E6, 0xAD12, 0xFFFD, 0xBEFA, 0xB6B8, 0xCE98, 0x5A88, 0x432B, 0xB7FF, 0x6F9A, 0x1694, 0x0570, 0x046E, 0x03ED,
  0x0248, 0x0104, 0x20C3, 0x40C2, 0x0821, 0x0041, 0x0001, 0x0021, 0x0021, 0x0021, 0x08C3, 0x10E4, 0x0082, 0x0083, 0x0083, 0x08A3,
  0x3164, 0x1082, 0x0001, 0x0022, 0x0042, 0x0083, 0x00A3, 0x0083, 0x1125, 0x3227, 0x5AE7, 0xDE2B, 0xCDCE, 0x2902, 0x31C6, 0x10C4,
  0x0083, 0x0083, 0x08A3, 0x3A88, 0x21A6, 0x08A3, 0x5061, 0xE1E2, 0xE202, 0x5882, 0x1822, 0x78E2, 0x50C2, 0x0021, 0x0022, 0x0063,
  0x1166, 0x00C4, 0x08C4, 0x1125, 0x00C4, 0x0083, 0x0063, 0x0062, 0x00C4, 0x0945, 0x0945, 0x0905, 0x00E4, 0x00E4, 0x00C3, 0x00A3,
  0x0082, 0x0882, 0x0860, 0x18C2, 0x0020, 0x0000, 0x0000, 0x0000, 0x0000, 0x0000, 0x0000, 0x0000, 0x0000, 0x0000, 0x0000, 0x0000,
  0x0000, 0x0000, 0x0000, 0x0000, 0x0000, 0x0000, 0x0000, 0x0000, 0x0000, 0x0000, 0x0000, 0x0000, 0x0861, 0x0020, 0x0000, 0x0000,
  0x0000, 0x0021, 0x0021, 0x0021, 0x0041, 0x00E3, 0x0964, 0x00E3, 0x0062, 0x0082, 0x00A3, 0x00A3, 0x0082, 0x0944, 0x00A2, 0x00A3,
  0x0104, 0x0082, 0x0124, 0x0165, 0x0062, 0x00A2, 0x1206, 0x0A06, 0x0A46, 0x09A5, 0x3AC9, 0x1104, 0x0042, 0x0083, 0x00C4, 0x0166,
  0x01E8, 0x0208, 0x0229, 0x028A, 0x0229, 0x0269, 0x0269, 0x0229, 0x01C7, 0x12AA, 0x336D, 0x43EF, 0x330C, 0x21C8, 0x0882, 0x10A3,
  0x0862, 0x11C8, 0x3471, 0x3555, 0x0BAF, 0x0A8B, 0x0187, 0x09A7, 0x1A4A, 0x43F0, 0x4D14, 0x34D3, 0x4CF3, 0x42EB, 0x4B6D, 0x3B8E,
  0x1A49, 0x338E, 0x23CF, 0x3CD3, 0x3CF3, 0x4CD2, 0x65F6, 0x5DB6, 0x4534, 0x2C10, 0x2B6E, 0x4BCF, 0x21A7, 0x0882, 0x0041, 0x08C3,
  0x1166, 0x19E8, 0x22AB, 0x4C31, 0x5492, 0x4C31, 0x43CF, 0x438F, 0x438F, 0x4BCF, 0x438E, 0x436E, 0x434D, 0x3B0C, 0x432C, 0x434D,
  0x434D, 0x432C, 0x4B4D, 0x5BCE, 0x5BEF, 0x6430, 0x6C91, 0x6CB1, 0x6CB1, 0x6CB1, 0x6CB1, 0x6470, 0x4BAD, 0x436C, 0x3B8D, 0x3B8C,
  0x22A9, 0x2269, 0x2AAA, 0x4BEE, 0x6512, 0x7DD4, 0x9EF8, 0xBF7A, 0xDF9B, 0xB6F8, 0x5D31, 0x4CF1, 0x75B4, 0xBEF9, 0x9553, 0x19A5,
  0x1123, 0x7BEE, 0xD73A, 0xAFBA, 0x66F6, 0x1D70, 0x03EC, 0x2592, 0x6D11, 0x3A47, 0x0D50, 0x15B2, 0x04CF, 0x042D, 0x034B, 0x02A9,
  0x01C7, 0x0104, 0x2082, 0x2061, 0x0021, 0x0021, 0x0021, 0x0021, 0x0021, 0x0883, 0x10E4, 0x08A3, 0x0083, 0x0063, 0x0882, 0x3164,
  0x1061, 0x0001, 0x0042, 0x0042, 0x0083, 0x08A4, 0x08A3, 0x00A4, 0x1145, 0x29E7, 0x52C6, 0xB4C8, 0x49C3, 0x4246, 0x10E3, 0x0063,
  0x0083, 0x0084, 0x2A48, 0x3288, 0x1105, 0x1083, 0x88C1, 0xD961, 0x9101, 0x1022, 0x4882, 0x7902, 0x0821, 0x0022, 0x0062, 0x1125,
  0x08C4, 0x1104, 0x1945, 0x0083, 0x0063, 0x0063, 0x0063, 0x0063, 0x0905, 0x0945, 0x0905, 0x00E4, 0x00E4, 0x00C3, 0x00A3, 0x0082,
  0x0082, 0x0041, 0x1081, 0x18A2, 0x0000, 0x0000, 0x0000, 0x0000, 0x0000, 0x0000, 0x0000, 0x0000, 0x0000, 0x0000, 0x0000, 0x0000,
  0x0000, 0x0000, 0x0000, 0x0000, 0x0000, 0x0000, 0x0000, 0x0000, 0x0000, 0x0000, 0x0000, 0x0000, 0x0020, 0x0862, 0x0000, 0x0000,
  0x0000, 0x0000, 0x0021, 0x0082, 0x0103, 0x00E3, 0x0062, 0x0062, 0x0082, 0x00A3, 0x0082, 0x00A2, 0x0965, 0x00A3, 0x0083, 0x00A3,
  0x0062, 0x0985, 0x0966, 0x00C3, 0x00A3, 0x0165, 0x01E6, 0x1309, 0x0A26, 0x1A06, 0x1124, 0x0021, 0x00A3, 0x00C5, 0x0A09, 0x0A6A,
  0x0187, 0x0A49, 0x0ACB, 0x0289, 0x0269, 0x0B0B, 0x13AE, 0x1C0F, 0x1BAD, 0x132B, 0x0B0B, 0x0269, 0x1B0C, 0x4451, 0x43AE, 0x29A7,
  0x0020, 0x0000, 0x3AAB, 0x32EC, 0x132C, 0x1C92, 0x24B2, 0x138F, 0x0B0D, 0x0B2D, 0x12AB, 0x22AB, 0x1A49, 0x08C3, 0x0861, 0x53AE,
  0x6513, 0x0A6A, 0x126A, 0x230C, 0x2BAE, 0x2C0F, 0x5575, 0x5DD6, 0x5E58, 0x4D54, 0x44F2, 0x44B2, 0x4430, 0x4BF0, 0x5BF0, 0x3AAB,
  0x2A49, 0x328B, 0x2A49, 0x2208, 0x21C7, 0x19A7, 0x2209, 0x328B, 0x3B0C, 0x436E, 0x3B2D, 0x2A8A, 0x2A69, 0x32AB, 0x3B2C, 0x4B8E,
  0x4BAE, 0x53CF, 0x5C0F, 0x53AE, 0x4B8D, 0x434C, 0x436D, 0x436C, 0x3B4C, 0x3B0B, 0x2AEB, 0x2B4C, 0x33EE, 0x238C, 0x2BED, 0x444F,
  0x5490, 0x7573, 0x8615, 0xBFBB, 0xDFFD, 0xDFBC, 0xC75A, 0x9635, 0x6D72, 0x2C6D, 0x75D4, 0xC73B, 0x9594, 0x5B8C, 0x1143, 0x2184,
  0x9D73, 0xDFDD, 0x4EF6, 0x05D0, 0x04AD, 0x25B2, 0x13EC, 0x044E, 0x0B6C, 0x2103, 0x02C8, 0x03EC, 0x030A, 0x032A, 0x02A9, 0x0207,
  0x01A6, 0x0924, 0x3082, 0x0021, 0x0021, 0x0021, 0x0022, 0x0021, 0x0082, 0x10E3, 0x08C3, 0x08A3, 0x0063, 0x0882, 0x3143, 0x0841,
  0x0001, 0x0042, 0x0042, 0x0083, 0x08A3, 0x08E4, 0x08E4, 0x08C4, 0x1166, 0x2207, 0x6327, 0x93E6, 0x7B87, 0x2143, 0x0022, 0x0083,
  0x0083, 0x1145, 0x3AE9, 0x1966, 0x08E5, 0x40A2, 0xE202, 0xC982, 0x3062, 0x2042, 0x7102, 0x2061, 0x0021, 0x0042, 0x0905, 0x08E4,
  0x2165, 0x1945, 0x0063, 0x0063, 0x0063, 0x0063, 0x08C4, 0x1944, 0x08E4, 0x0905, 0x00E4, 0x0904, 0x08E4, 0x00C3, 0x00A3, 0x0082,
  0x0082, 0x0041, 0x18C3, 0x0000, 0x0000, 0x0000, 0x0000, 0x0000, 0x0000, 0x0000, 0x0000, 0x0000, 0x0000, 0x0000, 0x0000, 0x0000,
  0x0000, 0x0000, 0x0000, 0x0000, 0x0000, 0x0000, 0x0000, 0x0000, 0x0000, 0x0000, 0x0000, 0x0000, 0x0000, 0x0841, 0x0020, 0x0000,
  0x0000, 0x0021, 0x0082, 0x00A2, 0x0082, 0x0041, 0x0062, 0x0062, 0x0083, 0x0062, 0x00E3, 0x0144, 0x00A3, 0x0083, 0x0042, 0x0082,
  0x11E6, 0x0945, 0x0082, 0x0062, 0x0986, 0x01E6, 0x136A, 0x0A67, 0x11E5, 0x3A88, 0x0021, 0x0083, 0x00E4, 0x0167, 0x01A8, 0x01E8,
  0x0A49, 0x09E7, 0x01A6, 0x09A5, 0x01A5, 0x01E5, 0x1268, 0x2BCE, 0x342F, 0x4D12, 0x4CB1, 0x1B6C, 0x0AAA, 0x12CB, 0x236D, 0x5CD2,
  0x53AE, 0x1925, 0x1145, 0x6C91, 0x10E4, 0x334D, 0x1C51, 0x02AB, 0x0BCF, 0x35D6, 0x2492, 0x2471, 0x1B0C, 0x2228, 0x0000, 0x1061,
  0x532C, 0x6575, 0x7EBA, 0x3C92, 0x1A8A, 0x1A28, 0x2B0B, 0x54B2, 0x65D6, 0x55D6, 0x6617, 0x6E17, 0x3CB2, 0x3450, 0x6575, 0x7534,
  0x6492, 0x53F0, 0x436E, 0x5C31, 0x5C10, 0x430C, 0x3AEB, 0x2A49, 0x3249, 0x3ACB, 0x32AA, 0x2A8A, 0x436E, 0x43AF, 0x43EF, 0x440F,
  0x3BCE, 0x3BEE, 0x4C2F, 0x338D, 0x53AE, 0x7C6F, 0x7CB0, 0x64F1, 0x5C90, 0x542E, 0x644E, 0x6CD0, 0x8636, 0x9EB8, 0x96F9, 0xB7BC,
  0xAF3A, 0xAEF9, 0xDFBC, 0xB6F8, 0x9E36, 0x6511, 0x2C0C, 0x340C, 0x7614, 0xAF5A, 0xAE36, 0x5B8C, 0x0081, 0x08E2, 0x740E, 0xD759,
  0xBFFB, 0x2EB4, 0x0631, 0x044C, 0x03AB, 0x034A, 0x0288, 0x030A, 0x02CA, 0x0882, 0x09A5, 0x03CD, 0x030A, 0x0248, 0x0228, 0x01A6,
  0x0104, 0x38E3, 0x2061, 0x0001, 0x0021, 0x0042, 0x0022, 0x0042, 0x08C3, 0x10E3, 0x08A3, 0x0083, 0x08A3, 0x3143, 0x0841, 0x0021,
  0x0042, 0x0042, 0x0083, 0x08A3, 0x08C4, 0x08E5, 0x08E4, 0x08A4, 0x0905, 0x3247, 0x7388, 0x9427, 0x4A65, 0x0042, 0x0083, 0x00A4,
  0x00A4, 0x2A47, 0x2A27, 0x10E5, 0x10A3, 0x88E1, 0xFA62, 0x70A1, 0x1822, 0x58C2, 0x48C2, 0x0001, 0x0042, 0x08C4, 0x08E4, 0x2165,
  0x1945, 0x0063, 0x0063, 0x0063, 0x0083, 0x00E4, 0x1965, 0x49E5, 0x10E4, 0x00E4, 0x00E4, 0x0104, 0x00E4, 0x00C3, 0x0082, 0x0082,
  0x0041, 0x18C2, 0x10A2, 0x0000, 0x0000, 0x0000, 0x0000, 0x0000, 0x0000, 0x0000, 0x0000, 0x0000, 0x0000, 0x0000, 0x0000, 0x0000,
  0x0000, 0x0000, 0x0000, 0x0000, 0x0000, 0x0000, 0x0000, 0x0000, 0x0000, 0x0000, 0x0000, 0x0000, 0x0000, 0x0000, 0x0841, 0x0000,
  0x0000, 0x0041, 0x0062, 0x0041, 0x0041, 0x0042, 0x0042, 0x0041, 0x0062, 0x0944, 0x0904, 0x0062, 0x0062, 0x0021, 0x08E3, 0x1227,
  0x0124, 0x0062, 0x0041, 0x09C6, 0x09C6, 0x0A47, 0x0A67, 0x0A06, 0x3AE8, 0x0041, 0x0083, 0x0146, 0x0125, 0x09E7, 0x0A69, 0x0A8A,
  0x0124, 0x00A2, 0x0104, 0x00C3, 0x09A5, 0x0AA8, 0x0267, 0x0A27, 0x09E6, 0x2B0B, 0x4CB0, 0x5D53, 0x23EE, 0x2CB1, 0x1B8D, 0x1B2C,
  0x2B4D, 0x5430, 0x328A, 0x434C, 0x3A69, 0x2944, 0x7CF2, 0x6575, 0x1BCF, 0x1410, 0x02AB, 0x2CD3, 0x4658, 0x3C92, 0x334D, 0x0841,
  0x1061, 0x3207, 0x7534, 0x6617, 0x2CF3, 0x4513, 0x2AEB, 0x1A28, 0x2A8A, 0x43CF, 0x6DF7, 0x7658, 0x7E57, 0x55B5, 0x5E16, 0x5595,
  0x6DD6, 0x6DD6, 0x5D33, 0x5CF3, 0x436E, 0x2A8A, 0x43EF, 0x54F3, 0x5CF3, 0x7DF6, 0x64F2, 0x4BCF, 0x4BEF, 0x43CF, 0x4C70, 0x5532,
  0x6615, 0x877A, 0xA7FD, 0x9F39, 0xAE34, 0x95D3, 0x6614, 0x5E96, 0x7635, 0xDF78, 0xFFFA, 0xFFFD, 0xD7FF, 0xE7FF, 0xCFBC, 0xB6D9,
  0x8D73, 0x43AC, 0x43AB, 0x1B29, 0x0369, 0x1CAD, 0x5D91, 0x5C0D, 0x7CD1, 0x3AA9, 0x08C2, 0x1944, 0x4AA8, 0xADB3, 0xE7FC, 0x9779,
  0x46B5, 0x056F, 0x048D, 0x0C0B, 0x144C, 0x0309, 0x0289, 0x0268, 0x02AA, 0x08E3, 0x0964, 0x02CA, 0x0268, 0x0207, 0x0145, 0x0104,
  0x28E3, 0x40A2, 0x0001, 0x0021, 0x0021, 0x0042, 0x0042, 0x08C3, 0x10E4, 0x08A3, 0x0083, 0x08A3, 0x3163, 0x1061, 0x0001, 0x0042,
  0x0062, 0x0083, 0x00A3, 0x08C4, 0x08E4, 0x00A4, 0x0083, 0x1925, 0x1966, 0x3A46, 0x73A7, 0x6327, 0x00C4, 0x00A4, 0x08C4, 0x00A4,
  0x1165, 0x42E9, 0x1105, 0x08E4, 0x3841, 0xEA82, 0xB9C2, 0x2822, 0x3882, 0x6903, 0x0842, 0x0022, 0x0083, 0x08E4, 0x2165, 0x1945,
  0x0063, 0x0063, 0x0063, 0x0083, 0x0104, 0x1166, 0x2985, 0x5A04, 0x18E3, 0x00C4, 0x00E4, 0x00E4, 0x00C3, 0x00A3, 0x0082, 0x0062,
  0x0861, 0x3165, 0x0020, 0x0000, 0x0000, 0x0000, 0x0000, 0x0000, 0x0000, 0x0000, 0x0000, 0x0000, 0x0000, 0x0000, 0x0000, 0x0000,
  0x0000, 0x0000, 0x0000, 0x0000, 0x0000, 0x0000, 0x0000, 0x0000, 0x0000, 0x0000, 0x0000, 0x0000, 0x0000, 0x0000, 0x0020, 0x0020,
  0x0000, 0x0021, 0x0021, 0x0021, 0x0021, 0x0041, 0x0021, 0x0082, 0x0965, 0x00E3, 0x0062, 0x0041, 0x0062, 0x11C6, 0x1207, 0x00E4,
  0x0062, 0x0041, 0x0A07, 0x0A07, 0x0185, 0x1247, 0x0A06, 0x336A, 0x08A2, 0x0042, 0x0105, 0x0125, 0x09C7, 0x0A08, 0x09E7, 0x0186,
  0x00A3, 0x0104, 0x0186, 0x0145, 0x0123, 0x0164, 0x0226, 0x1287, 0x11E5, 0x0123, 0x1248, 0x43CE, 0x3C91, 0x6636, 0x34D2, 0x0A8A,
  0x0A49, 0x0249, 0x2B4D, 0x2228, 0x1104, 0x0800, 0x20A2, 0x5B4C, 0x85D6, 0x6595, 0x2471, 0x1471, 0x1CD2, 0x0B2C, 0x4DD5, 0x4450,
  0x29C7, 0x4207, 0x10A2, 0x3ACA, 0x65B5, 0x5658, 0x34F3, 0x6DD6, 0x64B2, 0x19C7, 0x32CA, 0x7DB6, 0x8EDA, 0x5DD5, 0x9698, 0x7698,
  0x6636, 0x6616, 0x6636, 0x6657, 0x6636, 0x6DF5, 0x4D12, 0x4D73, 0x1BAD, 0x334D, 0x4BEF, 0x4C0F, 0x4C30, 0x442F, 0x44F1, 0x5572,
  0x3CAF, 0x2C2D, 0x23EC, 0x4BAB, 0x9CEF, 0x6C8F, 0x5D93, 0x6E95, 0x6ED6, 0x96F7, 0xA655, 0xC677, 0xA636, 0x64F0, 0x64AF, 0x4C2D,
  0x440D, 0x5CB0, 0x5572, 0x5E55, 0x7F18, 0x5DD2, 0x8531, 0x4248, 0x2144, 0x3A08, 0x3A08, 0x4ACA, 0x73ED, 0xAE35, 0x86D6, 0x150E,
  0x044C, 0x03AB, 0x140C, 0x1C2C, 0x02A8, 0x02A9, 0x0227, 0x0228, 0x0228, 0x08C3, 0x1185, 0x02CA, 0x01E7, 0x0186, 0x0104, 0x20A2,
  0x48C2, 0x0821, 0x0001, 0x0021, 0x0042, 0x0042, 0x08A3, 0x1104, 0x08C3, 0x0083, 0x08A3, 0x3164, 0x18A2, 0x0001, 0x0042, 0x0042,
  0x0083, 0x00A4, 0x08C4, 0x00A3, 0x2124, 0x49E6, 0x4A26, 0x31E7, 0x2186, 0x31E5, 0x4266, 0x1125, 0x00C4, 0x08C4, 0x08E5, 0x00C4,
  0x3AC8, 0x2A27, 0x1105, 0x1083, 0xA161, 0xF2E2, 0x4841, 0x1842, 0x58E2, 0x3082, 0x0022, 0x0063, 0x08C4, 0x1945, 0x2165, 0x0063,
  0x0063, 0x0083, 0x0083, 0x0925, 0x0925, 0x21C6, 0x3984, 0x6A24, 0x10C3, 0x00C4, 0x00C3, 0x00C3, 0x00A3, 0x0082, 0x0082, 0x0040,
  0x20E3, 0x18C3, 0x0000, 0x0000, 0x0000, 0x0000, 0x0000, 0x0000, 0x0000, 0x0000, 0x0000, 0x0000, 0x0000, 0x0000, 0x0000, 0x0000,
  0x0000, 0x0000, 0x0000, 0x0000, 0x0000, 0x0000, 0x0000, 0x0000, 0x0000, 0x0000, 0x0000, 0x0000, 0x0000, 0x0000, 0x0000, 0x1082,
  0x0021, 0x0000, 0x0021, 0x0021, 0x0021, 0x0021, 0x00A3, 0x0925, 0x00A3, 0x0062, 0x0041, 0x0924, 0x1A68, 0x09C6, 0x00A3, 0x0042,
  0x00A3, 0x1228, 0x09E6, 0x00E3, 0x0A68, 0x01E5, 0x338A, 0x1124, 0x0022, 0x00E5, 0x0167, 0x0105, 0x09C7, 0x0186, 0x00E4, 0x0125,
  0x0186, 0x01A6, 0x01C6, 0x0186, 0x01A5, 0x01C5, 0x0206, 0x0A06, 0x2B09, 0x4BEA, 0x2286, 0x0103, 0x2248, 0x64F2, 0x5D94, 0x3491,
  0x1B6D, 0x13AE, 0x0BAD, 0x136D, 0x2B8D, 0x2A49, 0x18C3, 0x1820, 0x1061, 0x42EB, 0x7D75, 0x6DD6, 0x8F9C, 0x8699, 0x3BEE, 0x775B,
  0x55B5, 0x32CB, 0x0841, 0x39A6, 0x4ACB, 0x6D13, 0x66D9, 0x3554, 0x3C71, 0x5CF3, 0x4BCF, 0x19C7, 0x536D, 0x4BCE, 0xB6DA, 0xB79C,
  0x7657, 0x6E77, 0x6EB8, 0x5E77, 0x871A, 0x977A, 0x8F7A, 0x977A, 0x6EB8, 0x5594, 0x4C92, 0x64F3, 0x8EB9, 0x8739, 0x8F59, 0xA7BA,
  0x97BA, 0x66F7, 0x7EF7, 0x6E35, 0x4C4E, 0x6BED, 0x2A67, 0x442E, 0x342D, 0x12E8, 0x01E5, 0x5309, 0x73AB, 0x21A4, 0x3AC9, 0x9E56,
  0xD7FE, 0xDFFE, 0xC77B, 0x9E36, 0x4B6B, 0x2185, 0x10C2, 0x18E3, 0x4A69, 0x4249, 0x2124, 0x08A3, 0x0000, 0x08A2, 0x53CC, 0x2C6E,
  0x034A, 0x038B, 0x032A, 0x0207, 0x01A6, 0x01E7, 0x01E7, 0x01E7, 0x01C7, 0x0861, 0x11A6, 0x0B0B, 0x01A6, 0x0124, 0x28C2, 0x50C2,
  0x0820, 0x0001, 0x0021, 0x0042, 0x0062, 0x0083, 0x1104, 0x1104, 0x08A3, 0x00A3, 0x3164, 0x20E2, 0x0001, 0x0042, 0x0042, 0x0062,
  0x00C4, 0x00C4, 0x00A4, 0x3984, 0xCBE7, 0xD3A6, 0xB346, 0x5205, 0x21A6, 0x1125, 0x00E5, 0x0905, 0x08E5, 0x08E5, 0x00A4, 0x19A6,
  0x4B4A, 0x1145, 0x1105, 0x50A1, 0xFB43, 0x8921, 0x1802, 0x3882, 0x48C2, 0x0021, 0x0042, 0x08A4, 0x1124, 0x29A6, 0x0083, 0x0063,
  0x0083, 0x0083, 0x0905, 0x0925, 0x21A6, 0x2165, 0x61E3, 0x6A04, 0x00A3, 0x00C4, 0x00C3, 0x00A3, 0x0082, 0x0082, 0x0061, 0x0881,
  0x18C3, 0x0000, 0x0000, 0x0000, 0x0000, 0x0000, 0x0000, 0x0000, 0x0000, 0x0000, 0x0000, 0x0000, 0x0000, 0x0000, 0x0000, 0x0000,
  0x0000, 0x0000, 0x0000, 0x0000, 0x0000, 0x0000, 0x0000, 0x0000, 0x0000, 0x0000, 0x0000, 0x0000, 0x0000, 0x0000, 0x0000, 0x1062,
  0x1062, 0x0000, 0x0020, 0x0000, 0x0021, 0x00A3, 0x00C3, 0x0082, 0x0062, 0x00A3, 0x11A6, 0x11E7, 0x0104, 0x0062, 0x0041, 0x0104,
  0x1288, 0x0986, 0x00A3, 0x1248, 0x0A27, 0x2309, 0x1144, 0x0042, 0x00A4, 0x0146, 0x0147, 0x0A08, 0x09C7, 0x00C3, 0x0125, 0x00E5,
  0x09C6, 0x01C5, 0x02E8, 0x03AA, 0x0287, 0x0164, 0x0124, 0x00E3, 0x00A2, 0x19C4, 0x746C, 0x952F, 0x3AA7, 0x0104, 0x6471, 0x5595,
  0x0B8E, 0x1C50, 0x4E57, 0x4616, 0x2D12, 0x2490, 0x2C0E, 0x1145, 0x18E3, 0x1061, 0x2965, 0x29C7, 0x7C92, 0x84F3, 0x1104, 0x3C0E,
  0x6F5A, 0x56D8, 0x4D74, 0x434C, 0x1082, 0x1061, 0x4B2C, 0x7E37, 0x76D9, 0x23AE, 0x5C31, 0x8E38, 0x53CE, 0x31E7, 0x530C, 0x8D54,
  0x7DF6, 0x5594, 0x5594, 0x2491, 0x4DD5, 0x6E98, 0x979B, 0xBFFD, 0xAFDC, 0x773A, 0x3DF7, 0x5596, 0x7DB5, 0x95D5, 0xBEF8, 0xB7DA,
  0x8F59, 0x9F9B, 0xB7FD, 0x9FFD, 0x7F38, 0xAF3A, 0xA7BC, 0xB7FE, 0xC7FE, 0x7758, 0x66F7, 0x7E96, 0x9696, 0x6CB0, 0x1103, 0x0881,
  0x5B4B, 0x742F, 0x2A27, 0x08C2, 0x2964, 0x636B, 0x842D, 0x948E, 0xBD90, 0xDE94, 0xDE74, 0xB552, 0x62CA, 0x18E3, 0x10A2, 0x11C6,
  0x0268, 0x0227, 0x0227, 0x01A6, 0x0186, 0x01A6, 0x0208, 0x01A7, 0x0104, 0x1020, 0x11A6, 0x0249, 0x0104, 0x38E2, 0x48C2, 0x0821,
  0x0001, 0x0021, 0x0042, 0x0062, 0x0062, 0x10E4, 0x1124, 0x08E4, 0x00A3, 0x2964, 0x3943, 0x0001, 0x0042, 0x0042, 0x0062, 0x0083,
  0x00C4, 0x08E5, 0x00C5, 0x6A45, 0xFD08, 0xF487, 0xB366, 0x2945, 0x1146, 0x1146, 0x0926, 0x0905, 0x0905, 0x08E5, 0x00A3, 0x42E9,
  0x2A07, 0x1145, 0x2862, 0xD2C3, 0xDA83, 0x3001, 0x2862, 0x50C2, 0x1021, 0x0022, 0x0083, 0x08C4, 0x29A5, 0x10E4, 0x0043, 0x0083,
  0x00C4, 0x00C4, 0x00E4, 0x21A6, 0x29C6, 0x2923, 0x92A4, 0x4983, 0x0083, 0x00C4, 0x00C3, 0x0083, 0x0082, 0x0062, 0x0041, 0x1081,
  0x0000, 0x0000, 0x0000, 0x0000, 0x0000, 0x0000, 0x0000, 0x0000, 0x0000, 0x0000, 0x0000, 0x0000, 0x0000, 0x0000, 0x0000, 0x0000,
  0x0000, 0x0000, 0x0000, 0x0000, 0x0000, 0x0000, 0x0000, 0x0000, 0x0000, 0x0000, 0x0000, 0x0000, 0x0000, 0x0000, 0x0000, 0x0000,
  0x1082, 0x0841, 0x0000, 0x0021, 0x0062, 0x0062, 0x0042, 0x0062, 0x00C3, 0x0945, 0x00E4, 0x0062, 0x0062, 0x0062, 0x0165, 0x0A48,
  0x0104, 0x00E4, 0x1A88, 0x0A67, 0x1B29, 0x1144, 0x0021, 0x0083, 0x00E5, 0x0105, 0x0966, 0x0A09, 0x0166, 0x0125, 0x0986, 0x0A67,
  0x0368, 0x0327, 0x0B88, 0x0205, 0x00A2, 0x0082, 0x08E3, 0x00E3, 0x00C2, 0x2A27, 0x00E2, 0x6C0B, 0xBDEF, 0x4A86, 0x29C5, 0x5C50,
  0x55D5, 0x13EF, 0x12AA, 0x33EE, 0x76B8, 0x76B7, 0x2531, 0x144E, 0x3CF1, 0x09C6, 0x1186, 0x1165, 0x0082, 0x0021, 0x0021, 0x08E3,
  0x3B4B, 0x6615, 0x97DC, 0x45D4, 0x6553, 0x3A48, 0x3985, 0x39A6, 0x8533, 0x7EB9, 0x2248, 0x4B2C, 0xA77D, 0x4430, 0x1A28, 0x3A28,
  0x6BAE, 0x74D2, 0x9E99, 0x6E16, 0x1C0F, 0x44B0, 0x548F, 0x640E, 0x538C, 0x5CF2, 0x6595, 0x65D5, 0x338C, 0x1985, 0x3A06, 0x5AEA,
  0x3ACA, 0x5D11, 0x4D11, 0x3CEF, 0x4571, 0x975A, 0x7779, 0x9F7A, 0xBEF9, 0x7E35, 0x4C8E, 0x5D92, 0x7675, 0x8716, 0x6C4E, 0x1103,
  0x2185, 0x2144, 0x3A06, 0xA531, 0xCE33, 0xD651, 0xE6D2, 0xE691, 0xD630, 0xB56F, 0x8C4B, 0x73CB, 0x7C6F, 0x5B6C, 0x1904, 0x0841,
  0x00C3, 0x01A6, 0x01C6, 0x01C7, 0x0166, 0x0186, 0x09E8, 0x0145, 0x18A2, 0x0820, 0x0104, 0x1104, 0x40C2, 0x3881, 0x0021, 0x0001,
  0x0021, 0x0042, 0x0082, 0x0082, 0x08A3, 0x1104, 0x10E4, 0x00A3, 0x2144, 0x49C4, 0x0021, 0x0042, 0x0042, 0x0063, 0x0083, 0x00A3,
  0x00C4, 0x0905, 0x0946, 0x0904, 0x5205, 0x6A65, 0x1904, 0x00E5, 0x1166, 0x0926, 0x0925, 0x0905, 0x0926, 0x00C4, 0x21C5, 0x3AA8,
  0x1125, 0x1083, 0x99A2, 0xFBC4, 0x6061, 0x1863, 0x48C3, 0x3082, 0x0001, 0x0042, 0x00A3, 0x1924, 0x2985, 0x0063, 0x0083, 0x00C4,
  0x00C4, 0x08E4, 0x21A6, 0x3A48, 0x10C3, 0x7244, 0x8A63, 0x18C2, 0x00A3, 0x00C3, 0x00A3, 0x0082, 0x0062, 0x0041, 0x18A1, 0x0840,
  0x0000, 0x0000, 0x0000, 0x0000, 0x0000, 0x0000, 0x0000, 0x0000, 0x0000, 0x0000, 0x0000, 0x0000, 0x0000, 0x0000, 0x0000, 0x0000,
  0x0000, 0x0000, 0x0000, 0x0000, 0x0000, 0x0000, 0x0000, 0x0000, 0x0000, 0x0000, 0x0000, 0x0000, 0x0000, 0x0000, 0x0000, 0x0000,
  0x0841, 0x10A2, 0x0000, 0x0041, 0x0021, 0x0041, 0x0062, 0x00A3, 0x0082, 0x0041, 0x0042, 0x0062, 0x00A3, 0x0186, 0x09A6, 0x0062,
  0x0986, 0x1AA9, 0x09E6, 0x1AC8, 0x0924, 0x0042, 0x0063, 0x00A4, 0x00E5, 0x00A3, 0x0946, 0x0105, 0x0905, 0x00E5, 0x0A27, 0x03E9,
  0x0408, 0x0AE6, 0x0943, 0x00A2, 0x0A86, 0x1409, 0x5D2C, 0xB630, 0x84AB, 0x3AA6, 0x2206, 0x1267, 0x2A25, 0xC5CD, 0xBD8D, 0x4A68,
  0x330B, 0x3553, 0x13EE, 0x0165, 0x4C70, 0x6EB8, 0x4F39, 0x4738, 0x67BA, 0x46B7, 0x2532, 0x5656, 0x4DF4, 0x3C8F, 0x2AA9, 0x1965,
  0x0000, 0x1924, 0x546F, 0x6E98, 0xC7FF, 0x86B9, 0x64F2, 0x29E7, 0x1041, 0x5B4C, 0x95F6, 0x28E3, 0x2A07, 0x5F19, 0x5F9B, 0x4552,
  0x432B, 0x31C7, 0x8471, 0x95B6, 0x6E17, 0x9F5B, 0x4C0E, 0x08A2, 0x3A28, 0xC678, 0xD71A, 0x8F19, 0x6739, 0x6EB7, 0x446F, 0x1964,
  0x20E3, 0x7C2F, 0x9ED8, 0x6E15, 0x44AF, 0x1BCB, 0x240B, 0x448D, 0x3C0A, 0x8531, 0x7D30, 0x9634, 0x6E53, 0x5D90, 0x1143, 0x1124,
  0x3163, 0xC54E, 0xC50C, 0xBCCB, 0xF6F2, 0xB52C, 0x7C4A, 0x4BC9, 0x2C2A, 0x1C8B, 0x0C4B, 0x250E, 0x1C8D, 0x0C2B, 0x13EC, 0x0164,
  0x0820, 0x21C6, 0x01C7, 0x0186, 0x0104, 0x00E4, 0x0104, 0x2144, 0x28C2, 0x1040, 0x28C2, 0x38A1, 0x1841, 0x0001, 0x0021, 0x0021,
  0x0042, 0x0062, 0x0083, 0x08C3, 0x08C3, 0x08C3, 0x08C4, 0x10E3, 0x51E4, 0x0861, 0x0021, 0x0042, 0x0042, 0x0063, 0x00A4, 0x00C4,
  0x00E5, 0x0946, 0x0966, 0x0967, 0x0106, 0x00E5, 0x0926, 0x0905, 0x0905, 0x0926, 0x0946, 0x0946, 0x0947, 0x0925, 0x4309, 0x19A6,
  0x08C4, 0x68C1, 0xFC45, 0x9921, 0x2002, 0x3082, 0x40A2, 0x0021, 0x0022, 0x0083, 0x08A3, 0x39C5, 0x1104, 0x0083, 0x00C4, 0x08E5,
  0x00C4, 0x1145, 0x2A07, 0x00A3, 0x51A3, 0x9283, 0x51A3, 0x0062, 0x00A3, 0x0083, 0x0082, 0x0062, 0x0041, 0x1081, 0x20E3, 0x0000,
  0x0000, 0x0000, 0x0000, 0x0000, 0x0000, 0x0000, 0x0000, 0x0000, 0x0000, 0x0000, 0x0000, 0x0000, 0x0000, 0x0000, 0x0000, 0x0000,
  0x0000, 0x0000, 0x0000, 0x0000, 0x0000, 0x0000, 0x0000, 0x0000, 0x0000, 0x0000, 0x0000, 0x0000, 0x0000, 0x0000, 0x0000, 0x0000,
  0x0000, 0x1082, 0x1082, 0x0000, 0x0021, 0x0041, 0x0041, 0x0041, 0x0021, 0x0041, 0x0083, 0x0125, 0x0186, 0x00E3, 0x0062, 0x1247,
  0x1AA9, 0x0985, 0x1247, 0x00C3, 0x0042, 0x0063, 0x0083, 0x00E5, 0x00C5, 0x00A3, 0x0125, 0x00E5, 0x0926, 0x09A8, 0x0B4A, 0x03A8,
  0x0489, 0x0327, 0x0266, 0x0286, 0x0368, 0x0449, 0x0C68, 0x264B, 0x772E, 0xD792, 0x6D6C, 0x5CAF, 0x1247, 0x2A25, 0xC58D, 0xA4AC,
  0x18E3, 0x32EA, 0x5DB3, 0x3D72, 0x12EA, 0x01A6, 0x1CAF, 0x25B2, 0x4ED7, 0x7FFC, 0x3E96, 0x4DB3, 0x6E14, 0x150F, 0x6F99, 0x4E14,
  0x2BAC, 0x09C6, 0x2AEA, 0x432B, 0x7D33, 0x5DD5, 0x6F9C, 0x675B, 0x6DF6, 0x42EB, 0x4AA9, 0x39A6, 0x38C2, 0x3B2B, 0x3E35, 0x6FDC,
  0x5F18, 0x4C2F, 0x3207, 0x3208, 0x5B2C, 0xA5F7, 0x8698, 0x65F6, 0x65B5, 0x7CD2, 0x84D2, 0x6697, 0x5759, 0x8FFC, 0xB7FD, 0xB7DD,
  0x644F, 0x28C2, 0x7B4C, 0xAEB8, 0x8697, 0x55B3, 0x2309, 0x54CE, 0x8F77, 0xC7FD, 0xEFFE, 0xFFFF, 0x7EB5, 0x1AA7, 0x1A06, 0x10E3,
  0xA3C8, 0xE58A, 0x94A8, 0x85CB, 0x860E, 0x2C8C, 0x04AC, 0x054E, 0x1E70, 0x7FF7, 0x4E72, 0x14ED, 0x03EA, 0x03EB, 0x046C, 0x02A8,
  0x0082, 0x1061, 0x18E3, 0x10C3, 0x08C3, 0x08A3, 0x3964, 0x4165, 0x1061, 0x38A2, 0x2081, 0x0000, 0x0001, 0x0021, 0x0021, 0x0042,
  0x0062, 0x0083, 0x08C3, 0x10E4, 0x08C3, 0x08C4, 0x08A3, 0x51E4, 0x18A2, 0x0001, 0x0062, 0x0062, 0x0083, 0x00C4, 0x00A4, 0x00C4,
  0x00E5, 0x1167, 0x1187, 0x0946, 0x0966, 0x0966, 0x0925, 0x00E5, 0x00A4, 0x08E4, 0x0926, 0x0947, 0x00C4, 0x3A89, 0x3288, 0x0905,
  0x5041, 0xF446, 0xC243, 0x3001, 0x2883, 0x38A3, 0x0842, 0x0022, 0x0042, 0x00A3, 0x10E3, 0x2965, 0x08C4, 0x08A4, 0x0905, 0x08E4,
  0x08E5, 0x0905, 0x0063, 0x4983, 0x9AA3, 0x7A23, 0x18C2, 0x0083, 0x00A3, 0x0082, 0x0062, 0x0061, 0x1060, 0x2903, 0x0041, 0x0000,
  0x0000, 0x0000, 0x0000, 0x0000, 0x0000, 0x0000, 0x0000, 0x0000, 0x0000, 0x0000, 0x0000, 0x0000, 0x0000, 0x0000, 0x0000, 0x0000,
  0x0000, 0x0000, 0x0000, 0x0000, 0x0000, 0x0000, 0x0000, 0x0000, 0x0000, 0x0000, 0x0000, 0x0000, 0x0000, 0x0000, 0x0000, 0x0000,
  0x0000, 0x0841, 0x1904, 0x0041, 0x0021, 0x0021, 0x0021, 0x0021, 0x0041, 0x00A3, 0x0124, 0x0124, 0x0082, 0x08E4, 0x1A68, 0x1227,
  0x09C6, 0x1207, 0x0082, 0x0042, 0x0042, 0x00C4, 0x00C4, 0x0105, 0x00E5, 0x00C4, 0x00E4, 0x00A4, 0x0987, 0x0126, 0x0A09, 0x0AE8,
  0x14A8, 0x0408, 0x0388, 0x148B, 0x0BC8, 0x03A7, 0x04E9, 0x06CC, 0x2F0E, 0x566D, 0x0DC9, 0xD7FB, 0xA716, 0x64EF, 0x2A45, 0xACC9,
  0xA4AB, 0x29A6, 0x63CC, 0x8E73, 0x3532, 0x0B4C, 0x1C4E, 0x13ED, 0x0C2D, 0x4E13, 0x6E35, 0x9594, 0xBDF6, 0x5BED, 0x3CD0, 0x4ED7,
  0x36F6, 0x2E14, 0x4717, 0x1D72, 0x0309, 0x43CD, 0x3C0F, 0x44F2, 0x6657, 0x7595, 0x8D13, 0xAD75, 0x734C, 0x1861, 0x2248, 0x773A,
  0x67DB, 0x86F9, 0x9D95, 0x4A8A, 0x10C3, 0x4228, 0x4AEA, 0x5C70, 0x9699, 0x8575, 0x9D95, 0x8656, 0x1C6E, 0x4572, 0x7696, 0x8718,
  0x9F7B, 0x538C, 0x0800, 0x6289, 0x9512, 0x9F3A, 0x2E13, 0x0348, 0x1BE9, 0x250D, 0x8EF6, 0x8DD3, 0x1A05, 0x1AE7, 0x11A5, 0x51C3,
  0xD4C8, 0xA64E, 0x3EEE, 0x1E0C, 0x1D0C, 0x0D8E, 0x05AF, 0x060F, 0x158D, 0x1C2A, 0x0389, 0x04AC, 0x038A, 0x02A8, 0x0247, 0x0165,
  0x0104, 0x0062, 0x2965, 0x3944, 0x4124, 0x3923, 0x2903, 0x0041, 0x28A2, 0x1021, 0x0000, 0x0021, 0x0021, 0x0021, 0x0042, 0x0062,
  0x0883, 0x08C3, 0x10E3, 0x10E3, 0x1104, 0x08A3, 0x51E4, 0x2902, 0x0001, 0x0062, 0x0083, 0x0083, 0x0083, 0x00C4, 0x00C4, 0x00C4,
  0x00C4, 0x1146, 0x1987, 0x0946, 0x0946, 0x0946, 0x08E5, 0x00E4, 0x0905, 0x00C4, 0x0905, 0x00A4, 0x2185, 0x42E9, 0x1165, 0x4841,
  0xEC06, 0xE385, 0x4800, 0x2063, 0x3083, 0x1862, 0x0022, 0x0022, 0x08A3, 0x00A4, 0x3164, 0x49C4, 0x0043, 0x00C4, 0x00E4, 0x00A4,
  0x0084, 0x0882, 0x61E3, 0xAAE3, 0x8A42, 0x4163, 0x0062, 0x00A3, 0x0083, 0x0062, 0x0062, 0x1061, 0x20E2, 0x20E4, 0x0000, 0x0000,
  0x0000, 0x0000, 0x0000, 0x0000, 0x0000, 0x0000, 0x0000, 0x0000, 0x0000, 0x0000, 0x0000, 0x0000, 0x0000, 0x0000, 0x0000, 0x0000,
  0x0000, 0x0000, 0x0000, 0x0000, 0x0000, 0x0000, 0x0000, 0x0000, 0x0000, 0x0000, 0x0000, 0x0000, 0x0000, 0x0000, 0x0000, 0x0000,
  0x0000, 0x0000, 0x0020, 0x10A3, 0x0000, 0x0021, 0x0000, 0x0041, 0x0082, 0x00A3, 0x00A2, 0x00A2, 0x0945, 0x09A6, 0x0145, 0x09A6,
  0x1186, 0x0062, 0x0042, 0x00A4, 0x0946, 0x00C4, 0x0042, 0x08E5, 0x0906, 0x0083, 0x0062, 0x0946, 0x09A8, 0x0946, 0x0988, 0x122A,
  0x1B07, 0x0C07, 0x0408, 0x14CA, 0x246A, 0x1CEA, 0x362C, 0x0CE8, 0x162B, 0x070B, 0x066A, 0x7EF3, 0x370E, 0x77B4, 0x8EB4, 0x3A45,
  0xB466, 0xA469, 0x2165, 0x94EE, 0x8653, 0x03AD, 0x1490, 0x1532, 0x5572, 0x84B0, 0x734C, 0x41E7, 0x31A6, 0x8C2F, 0xAD73, 0x6CD0,
  0x1C6E, 0x5779, 0x57DA, 0x3F79, 0x05B2, 0x8E98, 0xAE98, 0x5CB1, 0x4BAD, 0x2AA9, 0x4B2B, 0x5B4B, 0x83AD, 0x5A69, 0x18A2, 0x2227,
  0x4C6F, 0x432B, 0x638C, 0x42A9, 0x1904, 0x6BCD, 0x2104, 0x1061, 0x4A28, 0x4A07, 0x8C2F, 0xCEB8, 0x96D7, 0x45F3, 0x45F3, 0x2C0C,
  0x0183, 0x1A46, 0x1944, 0x41E6, 0xA490, 0xAD52, 0x5CEE, 0x0D2C, 0x14CB, 0x0A45, 0x02C6, 0x0A86, 0x08E2, 0x3C4C, 0x1923, 0xA385,
  0x6D09, 0x26AE, 0x1ECE, 0x2CEC, 0x23EC, 0x0B8A, 0x152E, 0x154E, 0x0348, 0x02A7, 0x0267, 0x036A, 0x0288, 0x01C6, 0x0145, 0x00E4,
  0x00C3, 0x00C3, 0x11E7, 0x0945, 0x0924, 0x00E4, 0x0062, 0x1041, 0x2061, 0x0000, 0x0021, 0x0021, 0x0042, 0x0062, 0x0041, 0x0082,
  0x08A3, 0x08C3, 0x08C3, 0x1124, 0x10E3, 0x51C4, 0x3943, 0x0001, 0x0062, 0x0083, 0x0083, 0x0083, 0x00A3, 0x00A3, 0x00E5, 0x0105,
  0x0125, 0x0926, 0x0966, 0x0926, 0x00E5, 0x00C4, 0x00C4, 0x0926, 0x0946, 0x0926, 0x00C4, 0x08C3, 0x3AA9, 0x1186, 0x4021, 0xE406,
  0xF4A6, 0x6020, 0x2863, 0x3062, 0x2062, 0x0021, 0x0022, 0x0083, 0x08C4, 0x00A4, 0x3963, 0xCC67, 0x72A5, 0x2922, 0x3123, 0x51E4,
  0x8AE4, 0xBB84, 0xB323, 0x8242, 0x61C3, 0x0882, 0x0083, 0x0083, 0x0062, 0x0062, 0x18A1, 0x1881, 0x18E3, 0x0000, 0x0000, 0x0000,
  0x0000, 0x0000, 0x0000, 0x0000, 0x0000, 0x0000, 0x0000, 0x0000, 0x0000, 0x0000, 0x0000, 0x0000, 0x0000, 0x0000, 0x0000, 0x0000,
  0x0000, 0x0000, 0x0000, 0x0000, 0x0000, 0x0000, 0x0000, 0x0000, 0x0000, 0x0000, 0x0000, 0x0000, 0x0000, 0x0000, 0x0000, 0x0000,
  0x0000, 0x0000, 0x0000, 0x1083, 0x1082, 0x0000, 0x0021, 0x0041, 0x0041, 0x0082, 0x00E3, 0x0104, 0x00C3, 0x0124, 0x09A6, 0x00E4,
  0x0062, 0x0062, 0x0063, 0x00C4, 0x09C8, 0x22AA, 0x19C8, 0x08C4, 0x0084, 0x08E5, 0x0926, 0x2125, 0x1945, 0x0106, 0x0105, 0x0987,
  0x0946, 0x2284, 0x0BC7, 0x03A7, 0x0C47, 0x1D69, 0x2E4B, 0x0CA7, 0x16EC, 0x1FEF, 0x0669, 0x4F92, 0x1E4C, 0x46F0, 0x77D5, 0x86D4,
  0x4265, 0xE526, 0x7A63, 0x2923, 0xC630, 0x75AE, 0x34AF, 0x4D92, 0x434B, 0x20C3, 0x0000, 0x0001, 0x0000, 0x3186, 0x4207, 0xA4F1,
  0xCE77, 0x548F, 0x1D92, 0x2736, 0x0E33, 0x5696, 0x7F9A, 0x3FB9, 0x8FDC, 0x7F79, 0x8739, 0x45B2, 0x23EB, 0x3B29, 0x2124, 0x1020,
  0x21A5, 0x4DF2, 0x5612, 0x6E74, 0x242B, 0xA696, 0x442D, 0x4C0D, 0x4ACA, 0x18C2, 0x2081, 0x3122, 0x4247, 0x6D51, 0x9F39, 0x9F38,
  0xA655, 0x8E74, 0x3BAB, 0x0881, 0x41E6, 0xD5D5, 0x832A, 0x7DAD, 0x4E6D, 0x1225, 0x02C7, 0x1AC8, 0x2904, 0x0082, 0x59E3, 0x84C8,
  0x0D6A, 0x0DEB, 0x1CAA, 0x2329, 0x0267, 0x00E2, 0x01E5, 0x0225, 0x0246, 0x02A7, 0x0226, 0x01A5, 0x0185, 0x0165, 0x0104, 0x0104,
  0x00C3, 0x0062, 0x00E4, 0x00E4, 0x00C4, 0x00C3, 0x1061, 0x30A2, 0x0021, 0x0021, 0x0001, 0x0861, 0x10E2, 0x1902, 0x1902, 0x10E3,
  0x08A3, 0x08A3, 0x1104, 0x10E3, 0x49C4, 0x3943, 0x0001, 0x0062, 0x0062, 0x0083, 0x00A3, 0x00A3, 0x00C4, 0x00E4, 0x00C4, 0x0925,
  0x0946, 0x0966, 0x0946, 0x0905, 0x00C4, 0x00E5, 0x0126, 0x0926, 0x0926, 0x0926, 0x00A3, 0x21E7, 0x19A6, 0x3821, 0xDC27, 0xFD69,
  0x7860, 0x2042, 0x3082, 0x2062, 0x0022, 0x0022, 0x0042, 0x08A4, 0x08A4, 0x00A3, 0x2923, 0xB364, 0xFDA8, 0xF62A, 0xF6AD, 0xFE6B,
  0xECC6, 0xAAE3, 0x71E2, 0x69E3, 0x18C2, 0x0063, 0x0083, 0x0062, 0x0862, 0x20C2, 0x1060, 0x18C3, 0x0841, 0x0000, 0x0000, 0x0000,
  0x0000, 0x0000, 0x0000, 0x0000, 0x0000, 0x0000, 0x0000, 0x0000, 0x0000, 0x0000, 0x0000, 0x0000, 0x0000, 0x0000, 0x0000, 0x0000,
  0x0000, 0x0000, 0x0000, 0x0000, 0x0000, 0x0000, 0x0000, 0x0000, 0x0000, 0x0000, 0x0000, 0x0000, 0x0000, 0x0000, 0x0000, 0x0000,
  0x0000, 0x0000, 0x0000, 0x0020, 0x2124, 0x0020, 0x0000, 0x0021, 0x0082, 0x00C3, 0x0061, 0x0062, 0x0144, 0x0945, 0x00A3, 0x00A3,
  0x0062, 0x0062, 0x0083, 0x00A4, 0x00E5, 0x0125, 0x1A69, 0x332D, 0x224A, 0x00A4, 0x00A4, 0x3165, 0x7A06, 0x61A5, 0x3124, 0x10C3,
  0x00A4, 0x10E3, 0x4284, 0x2BE7, 0x0468, 0x0528, 0x0D89, 0x0C67, 0x04E7, 0x0F4C, 0x06CB, 0x0DA9, 0x0D69, 0x268D, 0x1EEE, 0x3EEF,
  0x65B1, 0x6241, 0xFDE7, 0x61C2, 0x41E5, 0x9CEB, 0xC732, 0xB757, 0x6D11, 0x2985, 0x1082, 0x08A3, 0x0000, 0x0020, 0x10C3, 0x31C6,
  0x9CB1, 0xEF19, 0x740D, 0x0BEB, 0x2F37, 0x16D4, 0x2EB4, 0x4F98, 0x5F98, 0x1F34, 0x4F56, 0xC7FD, 0x5F77, 0x4EF4, 0x2BCA, 0x3965,
  0x3144, 0x348D, 0x5FF6, 0x6FD6, 0x6795, 0xB7D7, 0x8F56, 0xAFFD, 0x5D10, 0x0840, 0x438A, 0x446D, 0x19E4, 0x10E0, 0x0880, 0x3183,
  0x9CCE, 0x9D50, 0x85D2, 0x3309, 0x2964, 0x7B6C, 0xD616, 0xA3EC, 0x83A8, 0x0881, 0x0081, 0x20C3, 0x1082, 0x0800, 0x6AE4, 0x1D09,
  0x0589, 0x1489, 0x1246, 0x0A46, 0x0226, 0x0184, 0x0AC8, 0x0AA7, 0x0184, 0x0206, 0x01A5, 0x0185, 0x0144, 0x00E3, 0x0104, 0x00E3,
  0x0062, 0x00C3, 0x00E4, 0x00C3, 0x00A3, 0x0041, 0x40E2, 0x1041, 0x0021, 0x0021, 0x0861, 0x10E2, 0x2163, 0x39E3, 0x29C3, 0x1943,
  0x1103, 0x1104, 0x10C2, 0x41A4, 0x3123, 0x0001, 0x0062, 0x0083, 0x0083, 0x00E4, 0x0105, 0x00C4, 0x00C4, 0x0105, 0x0925, 0x0946,
  0x0946, 0x0905, 0x0105, 0x00E5, 0x00E5, 0x0105, 0x0105, 0x0926, 0x0946, 0x08C4, 0x1187, 0x1166, 0x4061, 0xE4E9, 0xFDC9, 0x78A0,
  0x2822, 0x3063, 0x2862, 0x0822, 0x0021, 0x0062, 0x0083, 0x0083, 0x00A4, 0x0083, 0x10C3, 0x6224, 0xAB23, 0xE485, 0xECE6, 0xB343,
  0x71E2, 0x69C3, 0x6A03, 0x20C2, 0x0042, 0x0083, 0x0062, 0x18A2, 0x28C2, 0x1060, 0x0861, 0x10A2, 0x0000, 0x0000, 0x0000, 0x0000,
  0x0000, 0x0000, 0x0000, 0x0000, 0x0000, 0x0000, 0x0000, 0x0000, 0x0000, 0x0000, 0x0000, 0x0000, 0x0000, 0x0000, 0x0000, 0x0000,
  0x0000, 0x0000, 0x0000, 0x0000, 0x0000, 0x0000, 0x0000, 0x0000, 0x0000, 0x0000, 0x0000, 0x0000, 0x0000, 0x0000, 0x0000, 0x0000,
  0x0000, 0x0000, 0x0000, 0x0000, 0x0020, 0x1082, 0x0020, 0x0062, 0x0062, 0x0041, 0x0082, 0x00E3, 0x00C3, 0x00A3, 0x00A3, 0x0062,
  0x0063, 0x00A3, 0x0125, 0x0946, 0x00A4, 0x0083, 0x00E4, 0x09C7, 0x2BAE, 0x43AE, 0x2A08, 0x00A4, 0x10A3, 0x4964, 0x71E5, 0x7A05,
  0x5144, 0x59E6, 0x3143, 0x6B46, 0x74C8, 0x34C8, 0x0508, 0x0487, 0x0C87, 0x0527, 0x0609, 0x05A9, 0x0F4D, 0x0609, 0x15CB, 0x16AC,
  0x66B1, 0x5B29, 0xCC22, 0xED84, 0x5142, 0x18A2, 0x6346, 0xCEB0, 0x9E30, 0x2206, 0x0226, 0x0B29, 0x0081, 0x0081, 0x0042, 0x1904,
  0x0861, 0x5A88, 0xDE77, 0xBDB4, 0x2B49, 0x052E, 0x1651, 0x1E92, 0x0752, 0x17B4, 0x1E91, 0x9F9B, 0x2D8F, 0x6EB3, 0x97B6, 0x4349,
  0x2862, 0x1184, 0x36B1, 0x5FB5, 0x87D7, 0x97B6, 0x5E0F, 0x4CCD, 0x1162, 0x21E5, 0x4F33, 0x3FD4, 0x3650, 0x1CCC, 0x1B47, 0x2B88,
  0x1A85, 0x00C1, 0x19A3, 0x42E8, 0x0020, 0x1881, 0xA470, 0x49E6, 0x1861, 0x4985, 0x4164, 0x1924, 0x08E3, 0x3A04, 0x44EA, 0x05AA,
  0x15CB, 0x0A65, 0x1AA7, 0x0164, 0x0206, 0x0B09, 0x0A87, 0x0184, 0x0103, 0x0124, 0x0144, 0x0104, 0x00C3, 0x00C3, 0x00E4, 0x00A2,
  0x08C3, 0x00E4, 0x00C3, 0x08C3, 0x0041, 0x48C2, 0x2081, 0x0001, 0x0042, 0x0062, 0x1923, 0x2163, 0x1102, 0x31A3, 0x2983, 0x1943,
  0x1123, 0x2123, 0x41A4, 0x20E2, 0x0001, 0x0062, 0x00A3, 0x00A3, 0x00C4, 0x0925, 0x0105, 0x00E4, 0x00E4, 0x0105, 0x0966, 0x0105,
  0x00E4, 0x0105, 0x0105, 0x0105, 0x0105, 0x0125, 0x0946, 0x0967, 0x08E5, 0x0925, 0x08E5, 0x58E1, 0xEDCB, 0xFDA9, 0x7080, 0x2001,
  0x3062, 0x3062, 0x1042, 0x0021, 0x0042, 0x00A3, 0x00A4, 0x0083, 0x00A4, 0x00A4, 0x0063, 0x20E3, 0x6A04, 0x8263, 0x7A22, 0x5182,
  0x51A3, 0x6A03, 0x28E2, 0x0042, 0x0062, 0x0862, 0x28E2, 0x28C2, 0x0820, 0x0041, 0x1082, 0x0000, 0x0000, 0x0000, 0x0000, 0x0000,
  0x0000, 0x0000, 0x0000, 0x0000, 0x0000, 0x0000, 0x0000, 0x0000, 0x0000, 0x0000, 0x0000, 0x0000, 0x0000, 0x0000, 0x0000, 0x0000,
  0x0000, 0x0000, 0x0000, 0x0000, 0x0000, 0x0000, 0x0000, 0x0000, 0x0000, 0x0000, 0x0000, 0x0000, 0x0000, 0x0000, 0x0000, 0x0000,
  0x0000, 0x0000, 0x0000, 0x0000, 0x0000, 0x0861, 0x0862, 0x0020, 0x0041, 0x0082, 0x0082, 0x0061, 0x00A3, 0x00A3, 0x0083, 0x00E4,
  0x0166, 0x0A28, 0x0B0B, 0x1BAD, 0x234C, 0x0986, 0x0062, 0x00E5, 0x01E8, 0x12EB, 0x4490, 0x5BEE, 0x2166, 0x0022, 0x0042, 0x1882,
  0x30C3, 0x6185, 0x71C6, 0x69E5, 0x7AE5, 0x9C68, 0x7C89, 0x2305, 0x03A6, 0x0426, 0x04E8, 0x04A8, 0x0507, 0x03C6, 0x02C4, 0x04E8,
  0x2549, 0x8632, 0x69E2, 0xFDC2, 0xD4A4, 0x3081, 0x18E3, 0x2142, 0x7C07, 0x6C07, 0x0BE9, 0x046B, 0x1388, 0x1D0B, 0x00E2, 0x0021,
  0x0062, 0x0021, 0x3984, 0xBD52, 0xF718, 0x5BAB, 0x0327, 0x050C, 0x04EB, 0x064F, 0x058D, 0x1DAF, 0x054C, 0x56B2, 0x7F13, 0x54ED,
  0x3965, 0x4144, 0x0367, 0x062D, 0x1ECF, 0x2EAF, 0x0223, 0x21A3, 0x5AA6, 0x3CCE, 0x3F94, 0x1ED0, 0x052A, 0x35EE, 0x2DCE, 0x3DEF,
  0x1CAD, 0x0328, 0x0B29, 0x1B6A, 0x11E5, 0x1081, 0x5A48, 0x10A2, 0x0061, 0x18A2, 0x61E6, 0x41A5, 0x19A6, 0x1A65, 0x1429, 0x0408,
  0x0B27, 0x01E5, 0x01A5, 0x0103, 0x01C5, 0x01C5, 0x0124, 0x00A3, 0x0104, 0x0103, 0x00A3, 0x00C3, 0x00C3, 0x0104, 0x00C3, 0x08A3,
  0x00E3, 0x00A3, 0x00A3, 0x1061, 0x58E2, 0x3081, 0x0001, 0x0042, 0x0062, 0x08A3, 0x1103, 0x1923, 0x1923, 0x2162, 0x2163, 0x2143,
  0x3163, 0x3983, 0x1081, 0x0001, 0x0062, 0x0083, 0x00E4, 0x00E4, 0x00C4, 0x00C4, 0x00C4, 0x0105, 0x0105, 0x0105, 0x0105, 0x0146,
  0x0946, 0x00E5, 0x0146, 0x0146, 0x0166, 0x0987, 0x0966, 0x0905, 0x08C5, 0x0822, 0x79C3, 0xFECE, 0xED09, 0x5840, 0x2021, 0x3883,
  0x3062, 0x1042, 0x0022, 0x0042, 0x0083, 0x00A3, 0x00A4, 0x00A4, 0x0084, 0x00C4, 0x00A4, 0x0062, 0x20E2, 0x6203, 0x6203, 0x59A3,
  0x4962, 0x1881, 0x0063, 0x0083, 0x08A2, 0x20E3, 0x1882, 0x0001, 0x0020, 0x18E3, 0x0020, 0x0000, 0x0000, 0x0000, 0x0000, 0x0000,
  0x0000, 0x0000, 0x0000, 0x0000, 0x0000, 0x0000, 0x0000, 0x0000, 0x0000, 0x0000, 0x0000, 0x0000, 0x0000, 0x0000, 0x0000, 0x0000,
  0x0000, 0x0000, 0x0000, 0x0000, 0x0000, 0x0000, 0x0000, 0x0000, 0x0000, 0x0000, 0x0000, 0x0000, 0x0000, 0x0000, 0x0000, 0x0000,
  0x0000, 0x0000, 0x0000, 0x0000, 0x0000, 0x0000, 0x1082, 0x0041, 0x0021, 0x0021, 0x0041, 0x0082, 0x0062, 0x0083, 0x0945, 0x0186,
  0x0145, 0x09A6, 0x0248, 0x0269, 0x1B8D, 0x2C50, 0x2BCE, 0x11C7, 0x00C4, 0x09E8, 0x138D, 0x23EE, 0x5C4E, 0x52E9, 0x10A3, 0x0002,
  0x0083, 0x0063, 0x1883, 0x4924, 0x5965, 0x5A06, 0x7AA5, 0xAC4A, 0x942A, 0x4B47, 0x0223, 0x01C2, 0x0326, 0x0244, 0x01C3, 0x0366,
  0x02E4, 0x3CAB, 0x3A86, 0xC340, 0xFDE3, 0xBBC4, 0x40C2, 0x1904, 0x0881, 0x6305, 0x7468, 0x0BC8, 0x03C8, 0x170F, 0x150B, 0x0983,
  0x0862, 0x0062, 0x0000, 0x1041, 0x72C9, 0xDE36, 0x9D53, 0x1AC7, 0x1307, 0x0B68, 0x0CAB, 0x03E9, 0x04AB, 0x050B, 0x04A9, 0x5DF0,
  0x42E9, 0x2820, 0x1902, 0x0346, 0x04C9, 0x0429, 0x11E4, 0x52A6, 0x2164, 0x1BEB, 0x0D4C, 0x25ED, 0x4DED, 0x7630, 0x1BE9, 0x03EA,
  0x040C, 0x036A, 0x034A, 0x0C4D, 0x13CB, 0x0882, 0x0861, 0x0020, 0x0000, 0x0000, 0x0021, 0x4123, 0x5144, 0x20A2, 0x0102, 0x0164,
  0x0164, 0x01C6, 0x01E6, 0x0124, 0x0124, 0x0104, 0x0104, 0x00C3, 0x00E3, 0x0124, 0x00C3, 0x00C3, 0x00A2, 0x00A2, 0x0082, 0x0883,
  0x0082, 0x0061, 0x3061, 0x7102, 0x3881, 0x0021, 0x0062, 0x0882, 0x0883, 0x08A3, 0x10E3, 0x10E3, 0x2123, 0x2942, 0x3163, 0x4183,
  0x2902, 0x0021, 0x0021, 0x0062, 0x0063, 0x00A3, 0x00C4, 0x0125, 0x0105, 0x0105, 0x00E4, 0x0145, 0x0146, 0x0125, 0x0166, 0x0146,
  0x00E5, 0x0125, 0x0187, 0x09C7, 0x1208, 0x1187, 0x08E4, 0x0064, 0x2020, 0xA387, 0xFF6F, 0xD406, 0x5000, 0x1801, 0x3062, 0x3062,
  0x1842, 0x0021, 0x0022, 0x0083, 0x00A4, 0x00A4, 0x00A4, 0x00A4, 0x00A4, 0x00C4, 0x00A4, 0x00A3, 0x00A3, 0x10A2, 0x3122, 0x20E2,
  0x0841, 0x08E4, 0x08C3, 0x08C4, 0x10E4, 0x0062, 0x0001, 0x0000, 0x1082, 0x0841, 0x0000, 0x0000, 0x0000, 0x0000, 0x0000, 0x0000,
  0x0000, 0x0000, 0x0000, 0x0000, 0x0000, 0x0000, 0x0000, 0x0000, 0x0000, 0x0000, 0x0000, 0x0000, 0x0000, 0x0000, 0x0000, 0x0000,
  0x0000, 0x0000, 0x0000, 0x0000, 0x0000, 0x0000, 0x0000, 0x0000, 0x0000, 0x0000, 0x0000, 0x0000, 0x0000, 0x0000, 0x0000, 0x0000,
  0x0000, 0x0000, 0x0000, 0x0000, 0x0000, 0x0000, 0x0000, 0x10A3, 0x0000, 0x0021, 0x0041, 0x0021, 0x0021, 0x0062, 0x0042, 0x0041,
  0x00A3, 0x0145, 0x09A6, 0x0125, 0x00A3, 0x01E7, 0x1C4F, 0x34F2, 0x126A, 0x00E5, 0x0946, 0x0A49, 0x0B0B, 0x4C2D, 0x744C, 0x4206,
  0x0883, 0x0063, 0x0084, 0x0063, 0x0883, 0x20E3, 0x1862, 0x4143, 0x8B08, 0xB48D, 0xA48D, 0x6329, 0x22E7, 0x0AE7, 0x0245, 0x0224,
  0x0A65, 0x0A85, 0x0A06, 0x6A02, 0xFD01, 0xFDC4, 0xAB44, 0x2042, 0x10C3, 0x0082, 0x4A44, 0x7366, 0x12C5, 0x0CAB, 0x1409, 0x0A65,
  0x0001, 0x08E5, 0x0042, 0x0021, 0x0021, 0x4164, 0xCD74, 0xCE16, 0x3226, 0x0266, 0x146B, 0x0B68, 0x0368, 0x0409, 0x046A, 0x1E4F,
  0x1CCC, 0x20A2, 0x38A2, 0x0183, 0x01C4, 0x01C4, 0x1A87, 0x00A1, 0x1207, 0x14CE, 0x040B, 0x0C8C, 0x1329, 0x0AE8, 0x046C, 0x0CAD,
  0x042C, 0x03AB, 0x02E9, 0x0309, 0x034A, 0x0081, 0x1841, 0x1881, 0x11C5, 0x0A06, 0x0124, 0x0000, 0x1081, 0x5944, 0x4903, 0x0841,
  0x0082, 0x0124, 0x0124, 0x0082, 0x00C3, 0x00C3, 0x0104, 0x00E4, 0x00A3, 0x0104, 0x00A2, 0x0041, 0x0041, 0x0041, 0x0862, 0x0841,
  0x2041, 0x68C1, 0x8102, 0x2841, 0x0041, 0x0882, 0x08A3, 0x10C3, 0x18E3, 0x18E3, 0x18E3, 0x2124, 0x2944, 0x2923, 0x20C2, 0x0041,
  0x0022, 0x0042, 0x0062, 0x00E4, 0x00A3, 0x00A3, 0x00E4, 0x0125, 0x0125, 0x0125, 0x0105, 0x0125, 0x0146, 0x0966, 0x0145, 0x00E4,
  0x0146, 0x01C7, 0x1228, 0x22AA, 0x11C7, 0x00C4, 0x0002, 0x50E1, 0xDDAB, 0xFF2E, 0xAA83, 0x2800, 0x2021, 0x4062, 0x3862, 0x1021,
  0x0021, 0x0022, 0x0063, 0x00A4, 0x00A4, 0x00A4, 0x00A4, 0x0083, 0x00C4, 0x00E5, 0x0083, 0x00A4, 0x08C4, 0x0083, 0x0042, 0x0042,
  0x1125, 0x1125, 0x08E4, 0x08E4, 0x0041, 0x0001, 0x0000, 0x1082, 0x0841, 0x0000, 0x0000, 0x0000, 0x0000, 0x0000, 0x0000, 0x0000,
  0x0000, 0x0000, 0x0000, 0x0000, 0x0000, 0x0000, 0x0000, 0x0000, 0x0000, 0x0000, 0x0000, 0x0000, 0x0000, 0x0000, 0x0000, 0x0000,
  0x0000, 0x0000, 0x0000, 0x0000, 0x0000, 0x0000, 0x0000, 0x0000, 0x0000, 0x0000, 0x0000, 0x0000, 0x0000, 0x0000, 0x0000, 0x0000,
  0x0000, 0x0000, 0x0000, 0x0000, 0x0000, 0x0000, 0x0000, 0x0861, 0x1904, 0x0000, 0x0000, 0x0021, 0x0041, 0x0041, 0x0021, 0x0041,
  0x0042, 0x00A3, 0x00C3, 0x00A3, 0x00A3, 0x00A3, 0x0125, 0x0145, 0x0126, 0x0987, 0x0083, 0x0105, 0x09E8, 0x0249, 0x1BCD, 0x64EE,
  0x7BEA, 0x41C5, 0x0063, 0x0064, 0x0084, 0x0042, 0x0062, 0x0863, 0x28E3, 0x2082, 0x7287, 0xAC0C, 0xAC8E, 0x944C, 0x3225, 0x01A4,
  0x1BCB, 0x12A7, 0x01C5, 0x3184, 0xEC22, 0xFCC0, 0xFD42, 0x8AA3, 0x1041, 0x10C3, 0x0082, 0x39C4, 0x7325, 0x19A2, 0x0102, 0x0123,
  0x0042, 0x08A5, 0x08A4, 0x0042, 0x0063, 0x10C3, 0x2081, 0x7AC9, 0xBD12, 0x632B, 0x0143, 0x0226, 0x0B28, 0x0348, 0x044B, 0x04CB,
  0x0C8B, 0x0123, 0x4903, 0x2164, 0x0123, 0x00E3, 0x0144, 0x0082, 0x0248, 0x03CB, 0x0309, 0x02A8, 0x02EA, 0x034B, 0x03CC, 0x036B,
  0x0309, 0x0228, 0x0248, 0x01E6, 0x0144, 0x0820, 0x28C2, 0x11C5, 0x130A, 0x0227, 0x0145, 0x00E3, 0x00C3, 0x00E3, 0x30E3, 0x6163,
  0x5123, 0x2881, 0x1841, 0x1041, 0x0841, 0x1061, 0x1082, 0x1082, 0x1062, 0x0861, 0x1021, 0x1020, 0x1841, 0x0821, 0x3061, 0x70C1,
  0x90E1, 0x60A1, 0x0821, 0x0062, 0x0882, 0x10A3, 0x10C3, 0x2103, 0x2943, 0x3163, 0x18C2, 0x0862, 0x0041, 0x0001, 0x0001, 0x0042,
  0x0063, 0x00A3, 0x00C3, 0x00C4, 0x00E4, 0x00E4, 0x00E4, 0x0104, 0x0145, 0x0986, 0x0104, 0x0966, 0x09C7, 0x0186, 0x00E4, 0x0145,
  0x1248, 0x230B, 0x2AEA, 0x11A6, 0x0084, 0x1801, 0x92E5, 0xFF50, 0xF5CB, 0x7100, 0x1800, 0x2041, 0x3842, 0x3842, 0x1821, 0x0021,
  0x0022, 0x0042, 0x00A3, 0x00A3, 0x00A4, 0x00A4, 0x00A4, 0x0083, 0x00E5, 0x00C4, 0x00A4, 0x00A4, 0x0083, 0x0083, 0x0063, 0x1146,
  0x1166, 0x0925, 0x08E4, 0x0021, 0x0021, 0x0001, 0x0021, 0x0862, 0x0000, 0x0000, 0x0000, 0x0000, 0x0000, 0x0000, 0x0000, 0x0000,
  0x0000, 0x0000, 0x0000, 0x0000, 0x0000, 0x0000, 0x0000, 0x0000, 0x0000, 0x0000, 0x0000, 0x0000, 0x0000, 0x0000, 0x0000, 0x0000,
  0x0000, 0x0000, 0x0000, 0x0000, 0x0000, 0x0000, 0x0000, 0x0000, 0x0000, 0x0000, 0x0000, 0x0000, 0x0000, 0x0000, 0x0000, 0x0000,
  0x0000, 0x0000, 0x0000, 0x0000, 0x0000, 0x0000, 0x0000, 0x0000, 0x18C3, 0x10A2, 0x0000, 0x0021, 0x0041, 0x0041, 0x0042, 0x0042,
  0x0042, 0x0082, 0x0062, 0x0042, 0x0083, 0x0083, 0x0063, 0x00A4, 0x0083, 0x00A4, 0x00A3, 0x0082, 0x0083, 0x00E4, 0x0209, 0x0B6D,
  0x3C8F, 0x7CCD, 0x9BE8, 0x6224, 0x1882, 0x0001, 0x0022, 0x0063, 0x0042, 0x0042, 0x18A3, 0x20C3, 0x51C5, 0x9BCB, 0xCD2E, 0xAC8B,
  0x5285, 0x1943, 0x0944, 0x18E3, 0xBAE2, 0xFC60, 0xF440, 0xFDA4, 0x8243, 0x0842, 0x10C3, 0x0083, 0x1923, 0x5244, 0x31A3, 0x0081,
  0x0063, 0x0884, 0x0084, 0x08A4, 0x08C5, 0x0063, 0x0042, 0x0021, 0x30A2, 0x8B4B, 0x832A, 0x41A5, 0x0924, 0x0185, 0x0329, 0x038A,
  0x0A66, 0x0144, 0x1082, 0x4923, 0x0082, 0x00C2, 0x00E3, 0x00A2, 0x01E7, 0x030A, 0x02C9, 0x0268, 0x0227, 0x01E6, 0x0248, 0x0248,
  0x0228, 0x01E7, 0x01E7, 0x0186, 0x0082, 0x2861, 0x29A5, 0x01E7, 0x0185, 0x0145, 0x0124, 0x0104, 0x0945, 0x0165, 0x0124, 0x18E3,
  0x5943, 0x6943, 0x5902, 0x58E2, 0x58C2, 0x50A1, 0x3841, 0x3041, 0x2021, 0x3041, 0x3861, 0x50A1, 0x60A1, 0x88E1, 0x9922, 0x68A1,
  0x1821, 0x0041, 0x0862, 0x1082, 0x18C2, 0x2103, 0x18E3, 0x2103, 0x2923, 0x20E2, 0x0021, 0x0001, 0x0021, 0x0042, 0x0062, 0x0063,
  0x0083, 0x00C3, 0x0925, 0x0104, 0x00E4, 0x0105, 0x0125, 0x0125, 0x0104, 0x0986, 0x11C7, 0x09A6, 0x0146, 0x0105, 0x0986, 0x1A89,
  0x2B2B, 0x2ACA, 0x0966, 0x0042, 0x48C0, 0xDD0A, 0xFFB2, 0xC3E7, 0x3800, 0x0801, 0x2841, 0x4042, 0x3842, 0x1821, 0x0022, 0x0042,
  0x0062, 0x00A3, 0x0083, 0x00A4, 0x00C4, 0x00C4, 0x00A4, 0x00A4, 0x00C5, 0x00A4, 0x00A4, 0x00A4, 0x0083, 0x0083, 0x1166, 0x1187,
  0x0966, 0x08E4, 0x0021, 0x0021, 0x0001, 0x0841, 0x10A2, 0x0000, 0x0000, 0x0000, 0x0000, 0x0000, 0x0000, 0x0000, 0x0000, 0x0000,
  0x0000, 0x0000, 0x0000, 0x0000, 0x0000, 0x0000, 0x0000, 0x0000, 0x0000, 0x0000, 0x0000, 0x0000, 0x0000, 0x0000, 0x0000, 0x0000,
  0x0000, 0x0000, 0x0000, 0x0000, 0x0000, 0x0000, 0x0000, 0x0000, 0x0000, 0x0000, 0x0000, 0x0000, 0x0000, 0x0000, 0x0000, 0x0000,
  0x0000, 0x0000, 0x0000, 0x0000, 0x0000, 0x0000, 0x0000, 0x0000, 0x0000, 0x18E3, 0x0862, 0x0000, 0x0021, 0x0021, 0x0042, 0x0082,
  0x0083, 0x0062, 0x0083, 0x0062, 0x0083, 0x0083, 0x0083, 0x00A3, 0x0083, 0x0062, 0x0062, 0x0083, 0x0966, 0x0187, 0x0186, 0x0187,
  0x0A29, 0x132C, 0x4C2D, 0xA48A, 0xDC86, 0xB365, 0x69C3, 0x2882, 0x0842, 0x0042, 0x0063, 0x0042, 0x0862, 0x1061, 0x4923, 0xAB67,
  0xFDEA, 0xDD68, 0x9BA7, 0x79E4, 0xD342, 0xF3A0, 0xF420, 0xFCC0, 0xFC43, 0x79C2, 0x0841, 0x0882, 0x0041, 0x08A2, 0x49E4, 0x61E4,
  0x1882, 0x0043, 0x0083, 0x0884, 0x08A4, 0x08C5, 0x08A4, 0x0083, 0x0062, 0x0821, 0x4944, 0x8A87, 0x9A87, 0x6184, 0x20E3, 0x09A6,
  0x0227, 0x0145, 0x0145, 0x28C2, 0x4923, 0x0882, 0x08E3, 0x20E3, 0x2185, 0x0165, 0x0165, 0x01C6, 0x0207, 0x01C7, 0x0186, 0x0186,
  0x01A6, 0x01A6, 0x01A6, 0x0124, 0x1061, 0x3944, 0x0A27, 0x01C6, 0x0165, 0x0124, 0x0145, 0x09E7, 0x01A6, 0x0144, 0x0124, 0x0104,
  0x0082, 0x1882, 0x38E2, 0x6122, 0x6922, 0x7142, 0x6922, 0x6902, 0x7102, 0x7902, 0x8902, 0x8902, 0x70C1, 0x5081, 0x1821, 0x0021,
  0x0042, 0x1082, 0x1082, 0x18A2, 0x20C2, 0x2903, 0x20C2, 0x1081, 0x0862, 0x0021, 0x0022, 0x0042, 0x0062, 0x0062, 0x0083, 0x00A3,
  0x00A3, 0x00E4, 0x0105, 0x0125, 0x0105, 0x0105, 0x0186, 0x0165, 0x0965, 0x1207, 0x0186, 0x0104, 0x0945, 0x1A69, 0x2B2B, 0x332B,
  0x1A48, 0x00E5, 0x2041, 0x92C4, 0xFF10, 0xFE8E, 0x81C2, 0x2000, 0x1021, 0x3041, 0x3841, 0x3042, 0x1842, 0x0022, 0x0042, 0x0062,
  0x0083, 0x00C4, 0x08E4, 0x00A4, 0x00C4, 0x00C4, 0x00A4, 0x00C4, 0x00A4, 0x00C4, 0x00A4, 0x00A3, 0x0083, 0x1187, 0x11C8, 0x1187,
  0x08C4, 0x0021, 0x0021, 0x0021, 0x0021, 0x0861, 0x0000, 0x0000, 0x0000, 0x0000, 0x0000, 0x0000, 0x0000, 0x0000, 0x0000, 0x0000,
  0x0000, 0x0000, 0x0000, 0x0000, 0x0000, 0x0000, 0x0000, 0x0000, 0x0000, 0x0000, 0x0000, 0x0000, 0x0000, 0x0000, 0x0000, 0x0000,
  0x0000, 0x0000, 0x0000, 0x0000, 0x0000, 0x0000, 0x0000, 0x0000, 0x0000, 0x0000, 0x0000, 0x0000, 0x0000, 0x0000, 0x0000, 0x0000,
  0x0000, 0x0000, 0x0000, 0x0000, 0x0000, 0x0000, 0x0000, 0x0000, 0x0000, 0x0000, 0x18C3, 0x0841, 0x0000, 0x0021, 0x0021, 0x0082,
  0x0083, 0x0042, 0x0062, 0x0062, 0x0042, 0x0062, 0x0063, 0x0063, 0x0063, 0x00A3, 0x0083, 0x0083, 0x0987, 0x1AEC, 0x1B6E, 0x0A8A,
  0x11E8, 0x11E8, 0x09C8, 0x09C8, 0x5AC7, 0xCC47, 0xFDCA, 0xFD69, 0xB385, 0x59A2, 0x2081, 0x0841, 0x1061, 0x0862, 0x0063, 0x0801,
  0x5100, 0xDC84, 0xFE86, 0xFE07, 0xFD42, 0xF3C0, 0xFBC0, 0xFC40, 0xFB80, 0xF3A1, 0x7181, 0x0821, 0x0041, 0x0041, 0x0062, 0x3123,
  0x69E3, 0x4922, 0x0841, 0x0042, 0x0042, 0x0042, 0x0883, 0x08A4, 0x0883, 0x0042, 0x1082, 0x2082, 0x4123, 0x8A26, 0xAA66, 0x91E5,
  0x6964, 0x4104, 0x39A6, 0x0021, 0x30E2, 0x69A5, 0x3903, 0x5123, 0x5943, 0x20A2, 0x10A2, 0x1924, 0x19E6, 0x01A6, 0x0124, 0x00E3,
  0x0124, 0x0945, 0x0105, 0x1082, 0x3103, 0x1186, 0x01A6, 0x09A6, 0x0185, 0x00E3, 0x0104, 0x0125, 0x0104, 0x00A3, 0x0082, 0x0082,
  0x0082, 0x0082, 0x0082, 0x0062, 0x0841, 0x1041, 0x1041, 0x1841, 0x2041, 0x1841, 0x1021, 0x0801, 0x0001, 0x0021, 0x0041, 0x1061,
  0x1061, 0x1882, 0x1881, 0x1881, 0x1081, 0x0861, 0x0041, 0x10A2, 0x0041, 0x0042, 0x0062, 0x0062, 0x0082, 0x0082, 0x00A3, 0x00E4,
  0x0104, 0x0104, 0x0125, 0x0165, 0x0165, 0x09A5, 0x1A47, 0x11C7, 0x09A6, 0x0104, 0x0986, 0x2AA9, 0x332B, 0x2AEA, 0x22A9, 0x11E7,
  0x0883, 0x5961, 0xDD8B, 0xFFF3, 0xCC49, 0x4840, 0x0800, 0x1841, 0x3841, 0x3821, 0x2842, 0x1042, 0x0021, 0x0042, 0x0042, 0x0042,
  0x00C4, 0x00C4, 0x00A4, 0x00C4, 0x00C4, 0x00C4, 0x00C4, 0x00C4, 0x00A3, 0x00C4, 0x00C4, 0x00A3, 0x11A8, 0x1A09, 0x11C8, 0x08C4,
  0x0021, 0x0021, 0x0021, 0x0000, 0x0862, 0x0020, 0x0000, 0x0000, 0x0000, 0x0000, 0x0000, 0x0000, 0x0000, 0x0000, 0x0000, 0x0000,
  0x0000, 0x0000, 0x0000, 0x0000, 0x0000, 0x0000, 0x0000, 0x0000, 0x0000, 0x0000, 0x0000, 0x0000, 0x0000, 0x0000, 0x0000, 0x0000,
  0x0000, 0x0000, 0x0000, 0x0000, 0x0000, 0x0000, 0x0000, 0x0000, 0x0000, 0x0000, 0x0000, 0x0000, 0x0000, 0x0000, 0x0000, 0x0000,
  0x0000, 0x0000, 0x0000, 0x0000, 0x0000, 0x0000, 0x0000, 0x0000, 0x0000, 0x0000, 0x0000, 0x18C3, 0x0020, 0x0000, 0x0021, 0x0021,
  0x0021, 0x0041, 0x0042, 0x0083, 0x00A4, 0x0083, 0x00A3, 0x00A3, 0x0083, 0x0042, 0x0022, 0x0063, 0x00A4, 0x0946, 0x1A8A, 0x338E,
  0x3C30, 0x4450, 0x2B2C, 0x2ACB, 0x11E8, 0x08C4, 0x5142, 0xBBC6, 0xFDE9, 0xFE4A, 0xDCE7, 0x7A43, 0x38A1, 0x30A2, 0x20C3, 0x0882,
  0x0001, 0x2020, 0xBB01, 0xFD21, 0xFCE0, 0xFC80, 0xFC60, 0xFBA0, 0xF340, 0xE2E0, 0xB220, 0x5120, 0x0841, 0x0042, 0x0041, 0x0041,
  0x0862, 0x5982, 0x71A2, 0x40C0, 0x1041, 0x0042, 0x0042, 0x0042, 0x0862, 0x1082, 0x0042, 0x0862, 0x0862, 0x20A2, 0x4903, 0x4903,
  0x5923, 0x6944, 0x6144, 0x40E3, 0x20A2, 0x38C2, 0x79C4, 0x7163, 0x58E2, 0x48A2, 0x40A2, 0x38A2, 0x30C3, 0x20C3, 0x20C3, 0x1882,
  0x28A2, 0x1882, 0x1882, 0x30A2, 0x10E4, 0x00C3, 0x0042, 0x0082, 0x0904, 0x0062, 0x0042, 0x0041, 0x0041, 0x0042, 0x0042, 0x0041,
  0x0041, 0x0041, 0x0021, 0x0021, 0x0021, 0x0021, 0x0021, 0x0021, 0x0021, 0x0021, 0x0041, 0x0861, 0x1082, 0x1882, 0x1082, 0x18A2,
  0x1861, 0x0841, 0x0021, 0x0041, 0x0021, 0x0062, 0x18E3, 0x0862, 0x0062, 0x0082, 0x0083, 0x0083, 0x0083, 0x00C3, 0x00C4, 0x0104,
  0x0124, 0x0125, 0x0145, 0x0145, 0x11E6, 0x3B49, 0x2288, 0x0145, 0x0965, 0x2A88, 0x43AB, 0x438B, 0x2289, 0x11A7, 0x1125, 0x4942,
  0xB406, 0xFFB0, 0xFEAF, 0x8A03, 0x2000, 0x1021, 0x2841, 0x3841, 0x3021, 0x2842, 0x1022, 0x0022, 0x0042, 0x0042, 0x0062, 0x2186,
  0x08C4, 0x00A4, 0x00C4, 0x00C4, 0x00C4, 0x00E4, 0x00C4, 0x00C4, 0x00C4, 0x0083, 0x00C4, 0x11C8, 0x1A4A, 0x19E8, 0x08C4, 0x0021,
  0x0021, 0x0021, 0x0000, 0x1082, 0x0020, 0x0000, 0x0000, 0x0000, 0x0000, 0x0000, 0x0000, 0x0000, 0x0000, 0x0000, 0x0000, 0x0000,
  0x0000, 0x0000, 0x0000, 0x0000, 0x0000, 0x0000, 0x0000, 0x0000, 0x0000, 0x0000, 0x0000, 0x0000, 0x0000, 0x0000, 0x0000, 0x0000,
  0x0000, 0x0000, 0x0000, 0x0000, 0x0000, 0x0000, 0x0000, 0x0000, 0x0000, 0x0000, 0x0000, 0x0000, 0x0000, 0x0000, 0x0000, 0x0000,
  0x0000, 0x0000, 0x0000, 0x0000, 0x0000, 0x0000, 0x0000, 0x0000, 0x0000, 0x0000, 0x0000, 0x0000, 0x10A2, 0x0000, 0x0021, 0x0041,
  0x0062, 0x0083, 0x00A3, 0x00E4, 0x00A4, 0x00A3, 0x0062, 0x0104, 0x22AA, 0x338D, 0x336D, 0x230C, 0x01C7, 0x00E5, 0x0946, 0x1186,
  0x2228, 0x3BAE, 0x5513, 0x5D13, 0x442F, 0x33EF, 0x122A, 0x0022, 0x48C1, 0xC3A6, 0xFE2A, 0xFE6A, 0xE4C7, 0x9A83, 0x5901, 0x3081,
  0x20A1, 0x0841, 0x1800, 0x89C1, 0xF420, 0xFCC0, 0xFCE0, 0xFC40, 0xEB00, 0xD280, 0xAA00, 0x89C0, 0x5120, 0x1860, 0x0062, 0x0062,
  0x0062, 0x0042, 0x20C2, 0x6162, 0x6981, 0x4901, 0x2081, 0x0841, 0x0041, 0x0042, 0x0042, 0x0062, 0x0862, 0x0882, 0x18A3, 0x1882,
  0x0062, 0x0021, 0x0041, 0x1062, 0x18C3, 0x1082, 0x1882, 0x1881, 0x38C2, 0x58E2, 0x68E2, 0x60C2, 0x4081, 0x2861, 0x2041, 0x1842,
  0x1042, 0x0862, 0x0862, 0x0042, 0x0042, 0x0042, 0x0042, 0x0062, 0x0062, 0x0042, 0x0041, 0x0041, 0x0021, 0x0041, 0x0041, 0x0041,
  0x0021, 0x0021, 0x0021, 0x0021, 0x0021, 0x0841, 0x0861, 0x1061, 0x0862, 0x1062, 0x1082, 0x1081, 0x1082, 0x1061, 0x0041, 0x0021,
  0x0021, 0x0041, 0x0042, 0x0062, 0x0062, 0x08A3, 0x08A2, 0x0062, 0x00A3, 0x00A3, 0x00A3, 0x00C3, 0x0924, 0x0925, 0x0104, 0x0124,
  0x0124, 0x0124, 0x0986, 0x09A6, 0x3AC8, 0x2247, 0x09A6, 0x2A88, 0x4329, 0x436A, 0x2AC9, 0x19C7, 0x2124, 0x5182, 0xABC5, 0xFF2E,
  0xFFF2, 0xCC48, 0x4860, 0x1000, 0x1841, 0x3041, 0x3842, 0x3042, 0x2042, 0x1021, 0x0022, 0x0042, 0x0042, 0x0062, 0x08C4, 0x1966,
  0x00C4, 0x00C4, 0x00C4, 0x00E4, 0x08E5, 0x00C4, 0x00C4, 0x00E4, 0x00A4, 0x00C4, 0x1A09, 0x1A8B, 0x19E9, 0x00A3, 0x0021, 0x0041,
  0x0021, 0x0000, 0x1082, 0x1082, 0x0000, 0x0000, 0x0000, 0x0000, 0x0000, 0x0000, 0x0000, 0x0000, 0x0000, 0x0000, 0x0000, 0x0000,
  0x0000, 0x0000, 0x0000, 0x0000, 0x0000, 0x0000, 0x0000, 0x0000, 0x0000, 0x0000, 0x0000, 0x0000, 0x0000, 0x0000, 0x0000, 0x0000,
  0x0000, 0x0000, 0x0000, 0x0000, 0x0000, 0x0000, 0x0000, 0x0000, 0x0000, 0x0000, 0x0000, 0x0000, 0x0000, 0x0000, 0x0000, 0x0000,
  0x0000, 0x0000, 0x0000, 0x0000, 0x0000, 0x0000, 0x0000, 0x0000, 0x0000, 0x0000, 0x0000, 0x0000, 0x0861, 0x10A2, 0x0021, 0x0041,
  0x0062, 0x0082, 0x0082, 0x0105, 0x128A, 0x1ACB, 0x1249, 0x1229, 0x09C7, 0x0986, 0x2B2B, 0x5D12, 0x75F5, 0x4C91, 0x11C7, 0x0925,
  0x19E8, 0x19C8, 0x1A29, 0x4C30, 0x75B5, 0x6594, 0x4CF2, 0x4430, 0x1A49, 0x1842, 0x5901, 0xCBE6, 0xFE09, 0xFE69, 0xECC6, 0xA282,
  0x7141, 0x7120, 0x5920, 0x3860, 0x68E0, 0xBA80, 0xEBC1, 0xFBE0, 0xEB00, 0xCA20, 0xBA20, 0xA200, 0x81A0, 0x6140, 0x28A1, 0x0062,
  0x0062, 0x0062, 0x0042, 0x0041, 0x28C1, 0x6162, 0x7181, 0x5941, 0x38E0, 0x20A1, 0x1081, 0x0862, 0x0062, 0x0062, 0x0042, 0x0862,
  0x0862, 0x0882, 0x0882, 0x0062, 0x0062, 0x0062, 0x0062, 0x0042, 0x0042, 0x0042, 0x1861, 0x3081, 0x40A1, 0x48A1, 0x50A1, 0x58A2,
  0x50A2, 0x4061, 0x2841, 0x1841, 0x1021, 0x0821, 0x0021, 0x0021, 0x0021, 0x0821, 0x0841, 0x0021, 0x0021, 0x0001, 0x0001, 0x1021,
  0x1841, 0x1841, 0x1861, 0x1061, 0x1081, 0x1061, 0x1061, 0x0841, 0x0841, 0x0841, 0x0041, 0x0021, 0x0021, 0x0041, 0x0042, 0x0062,
  0x0062, 0x0062, 0x0062, 0x0062, 0x08C3, 0x08E3, 0x0082, 0x00A3, 0x00A3, 0x00C3, 0x00C3, 0x0104, 0x0945, 0x0945, 0x0125, 0x0965,
  0x0965, 0x0124, 0x09A6, 0x2267, 0x2226, 0x11A6, 0x3B29, 0x436A, 0x3287, 0x29A5, 0x49A4, 0x82C4, 0xCCA6, 0xFF2C, 0xFFF1, 0xEE0B,
  0x81C2, 0x1800, 0x1021, 0x2841, 0x3021, 0x3021, 0x2842, 0x2042, 0x0822, 0x0042, 0x0042, 0x0042, 0x0062, 0x0083, 0x08C4, 0x00A4,
  0x08E4, 0x0105, 0x0905, 0x08E5, 0x00C4, 0x00C4, 0x00C4, 0x00A3, 0x0926, 0x1A4A, 0x22AB, 0x19E8, 0x0083, 0x0021, 0x0042, 0x0021,
  0x0000, 0x0861, 0x1082, 0x0000, 0x0000, 0x0000, 0x0000, 0x0000, 0x0000, 0x0000, 0x0000, 0x0000, 0x0000, 0x0000, 0x0000, 0x0000,
  0x0000, 0x0000, 0x0000, 0x0000, 0x0000, 0x0000, 0x0000, 0x0000, 0x0000, 0x0000, 0x0000, 0x0000, 0x0000, 0x0000, 0x0000, 0x0000,
  0x0000, 0x0000, 0x0000, 0x0000, 0x0000, 0x0000, 0x0000, 0x0000, 0x0000, 0x0000, 0x0000, 0x0000, 0x0000, 0x0000, 0x0000, 0x0000,
  0x0000, 0x0000, 0x0000, 0x0000, 0x0000, 0x0000, 0x0000, 0x0000, 0x0000, 0x0000, 0x0000, 0x0000, 0x0000, 0x0861, 0x10A2, 0x0020,
  0x0021, 0x0021, 0x00E4, 0x11E8, 0x1269, 0x1B4D, 0x33EF, 0x2BAE, 0x3430, 0x3C10, 0x11C7, 0x00E4, 0x19A7, 0x53CE, 0x7D94, 0x4BEF,
  0x1187, 0x11E8, 0x22AB, 0x1A09, 0x1A29, 0x43EF, 0x5D33, 0x4450, 0x4C91, 0x4410, 0x11A8, 0x1021, 0x7161, 0xDC26, 0xFDE8, 0xFDA6,
  0xEC85, 0xCB02, 0xAA00, 0x9180, 0x8940, 0x8100, 0x8120, 0x8960, 0xA9E0, 0xBA20, 0xA9E0, 0x99C0, 0x91C0, 0x79A0, 0x6160, 0x30C1,
  0x0062, 0x0062, 0x0062, 0x0062, 0x0042, 0x0041, 0x20A1, 0x4921, 0x6981, 0x7181, 0x5961, 0x3901, 0x28A1, 0x1061, 0x0862, 0x0062,
  0x0062, 0x0062, 0x0062, 0x0062, 0x0062, 0x0062, 0x0062, 0x0062, 0x0062, 0x0062, 0x0062, 0x0042, 0x0021, 0x0041, 0x1861, 0x2861,
  0x4081, 0x5081, 0x60A1, 0x70C1, 0x88C1, 0x90C1, 0x80A1, 0x7061, 0x6061, 0x6061, 0x5861, 0x5861, 0x6060, 0x6881, 0x6881, 0x5081,
  0x3861, 0x1861, 0x0841, 0x0841, 0x0841, 0x0041, 0x0041, 0x0041, 0x0041, 0x0061, 0x0062, 0x0062, 0x0062, 0x0882, 0x0882, 0x0882,
  0x0882, 0x0082, 0x0062, 0x10E3, 0x1964, 0x00A3, 0x00A3, 0x00C3, 0x00C3, 0x0104, 0x0104, 0x0924, 0x0945, 0x0145, 0x0945, 0x0965,
  0x1185, 0x11A5, 0x2206, 0x1A26, 0x1A27, 0x32A8, 0x4AA6, 0x62A5, 0x9386, 0xC4C6, 0xEE27, 0xFFAA, 0xFFEF, 0xF66D, 0x9AC3, 0x3020,
  0x0800, 0x2021, 0x3021, 0x3021, 0x2821, 0x2021, 0x1821, 0x0021, 0x0042, 0x0042, 0x0042, 0x0062, 0x0083, 0x00A3, 0x00A3, 0x08C4,
  0x0905, 0x0105, 0x0905, 0x00C4, 0x00C4, 0x00C4, 0x00C4, 0x11C8, 0x2ACC, 0x22AC, 0x11A7, 0x0062, 0x0021, 0x0041, 0x0021, 0x0000,
  0x0862, 0x1082, 0x0000, 0x0000, 0x0000, 0x0000, 0x0000, 0x0000, 0x0000, 0x0000, 0x0000, 0x0000, 0x0000, 0x0000, 0x0000, 0x0000,
  0x0000, 0x0000, 0x0000, 0x0000, 0x0000, 0x0000, 0x0000, 0x0000, 0x0000, 0x0000, 0x0000, 0x0000, 0x0000, 0x0000, 0x0000, 0x0000,
  0x0000, 0x0000, 0x0000, 0x0000, 0x0000, 0x0000, 0x0000, 0x0000, 0x0000, 0x0000, 0x0000, 0x0000, 0x0000, 0x0000, 0x0000, 0x0000,
  0x0000, 0x0000, 0x0000, 0x0000, 0x0000, 0x0000, 0x0000, 0x0000, 0x0000, 0x0000, 0x0000, 0x0000, 0x0000, 0x0000, 0x0861, 0x0882,
  0x0062, 0x00C3, 0x00E4, 0x0966, 0x1249, 0x1229, 0x1249, 0x234C, 0x2B4C, 0x3BCE, 0x3B6D, 0x0062, 0x0021, 0x0000, 0x08A3, 0x4B2C,
  0x7D12, 0x5BAE, 0x11C8, 0x19E8, 0x1A09, 0x0967, 0x11A7, 0x22AB, 0x230C, 0x33AF, 0x3BAF, 0x2AED, 0x1126, 0x2041, 0x71A2, 0xC3C5,
  0xF527, 0xFD66, 0xFCE4, 0xF402, 0xEB00, 0xD260, 0xB1C0, 0x8120, 0x60A0, 0x58A0, 0x6100, 0x7940, 0x8180, 0x7980, 0x6960, 0x5120,
  0x28C0, 0x0861, 0x0062, 0x0062, 0x0062, 0x0062, 0x0042, 0x0021, 0x1061, 0x30E1, 0x5941, 0x69A1, 0x69A1, 0x6160, 0x4920, 0x30C0,
  0x18A1, 0x1061, 0x0062, 0x0062, 0x0062, 0x0062, 0x0062, 0x0062, 0x0062, 0x0062, 0x0042, 0x0042, 0x0062, 0x0062, 0x0062, 0x0042,
  0x0041, 0x0041, 0x0041, 0x0821, 0x2041, 0x3861, 0x5881, 0x6881, 0x70A1, 0x70A1, 0x68A1, 0x68A1, 0x6081, 0x4861, 0x2841, 0x0841,
  0x0041, 0x0041, 0x0041, 0x0021, 0x0021, 0x0021, 0x0001, 0x0001, 0x0001, 0x0000, 0x0000, 0x0000, 0x0000, 0x0000, 0x0001, 0x0042,
  0x0083, 0x00C3, 0x1104, 0x1944, 0x1124, 0x08E3, 0x08E3, 0x0904, 0x0904, 0x0945, 0x0945, 0x0944, 0x0945, 0x1185, 0x1185, 0x19C6,
  0x2247, 0x1A07, 0x1185, 0x1965, 0x4A66, 0x8B86, 0xC507, 0xF689, 0xFF6A, 0xFFAA, 0xFF8B, 0xF62A, 0xAB25, 0x4860, 0x0800, 0x1021,
  0x3041, 0x3821, 0x3021, 0x2821, 0x2021, 0x1021, 0x0021, 0x0042, 0x0042, 0x0062, 0x0062, 0x0083, 0x0083, 0x00A4, 0x08E4, 0x0905,
  0x0905, 0x00E4, 0x00C4, 0x00A4, 0x00C4, 0x0926, 0x1A4A, 0x330D, 0x226B, 0x0925, 0x0042, 0x0042, 0x0041, 0x0021, 0x0001, 0x0841,
  0x18E3, 0x0000, 0x0000, 0x0000, 0x0000, 0x0000, 0x0000, 0x0000, 0x0000, 0x0000, 0x0000, 0x0000, 0x0000, 0x0000, 0x0000, 0x0000,
  0x0000, 0x0000, 0x0000, 0x0000, 0x0000, 0x0000, 0x0000, 0x0000, 0x0000, 0x0000, 0x0000, 0x0000, 0x0000, 0x0000, 0x0000, 0x0000,
  0x0000, 0x0000, 0x0000, 0x0000, 0x0000, 0x0000, 0x0000, 0x0000, 0x0000, 0x0000, 0x0000, 0x0000, 0x0000, 0x0000, 0x0000, 0x0000,
  0x0000, 0x0000, 0x0000, 0x0000, 0x0000, 0x0000, 0x0000, 0x0000, 0x0000, 0x0000, 0x0000, 0x0000, 0x0000, 0x0000, 0x0000, 0x0861,
  0x10C3, 0x00A2, 0x0945, 0x00E3, 0x00A3, 0x1186, 0x00C3, 0x0000, 0x08A3, 0x0022, 0x0022, 0x00A4, 0x0062, 0x0062, 0x0042, 0x0001,
  0x10A3, 0x630B, 0x7C2F, 0x3A69, 0x08E4, 0x1167, 0x1167, 0x0063, 0x0905, 0x1A29, 0x226A, 0x2A8B, 0x3B0D, 0x19E8, 0x08A4, 0x1841,
  0x5901, 0xA263, 0xDBE4, 0xFC84, 0xFC63, 0xFC83, 0xFBE2, 0xE300, 0xC220, 0x9960, 0x70E0, 0x60C0, 0x60E0, 0x5900, 0x5920, 0x5100,
  0x40E0, 0x28C0, 0x0861, 0x0082, 0x0062, 0x0062, 0x0062, 0x0062, 0x0062, 0x0042, 0x0041, 0x1061, 0x30C1, 0x5941, 0x6981, 0x69A1,
  0x6981, 0x5940, 0x4920, 0x30E1, 0x20A1, 0x1081, 0x0862, 0x0062, 0x0062, 0x0062, 0x0042, 0x0042, 0x0042, 0x0062, 0x0062, 0x0062,
  0x0062, 0x0862, 0x0882, 0x0882, 0x0062, 0x0061, 0x0041, 0x0041, 0x0041, 0x0041, 0x0021, 0x0021, 0x0021, 0x0001, 0x0001, 0x0000,
  0x0000, 0x0820, 0x1040, 0x2080, 0x28C0, 0x4140, 0x51C1, 0x6242, 0x72A2, 0x7B03, 0x8344, 0x8344, 0x8344, 0x8304, 0x7AC3, 0x7262,
  0x59E1, 0x4161, 0x20E1, 0x10A1, 0x08A2, 0x00C3, 0x00C4, 0x0104, 0x0945, 0x09A6, 0x09A6, 0x0985, 0x0985, 0x11C6, 0x11C6, 0x1185,
  0x1944, 0x2943, 0x51E3, 0x9B85, 0xDDC7, 0xFF2A, 0xFFAA, 0xFFAA, 0xFF0B, 0xDD68, 0x9283, 0x4040, 0x1000, 0x1021, 0x2841, 0x3821,
  0x3821, 0x2821, 0x2821, 0x2021, 0x0821, 0x0042, 0x0042, 0x0042, 0x0062, 0x0062, 0x0063, 0x0083, 0x08C4, 0x0905, 0x08E4, 0x08E4,
  0x08C4, 0x00C4, 0x00A3, 0x00C4, 0x1187, 0x228B, 0x22AC, 0x19E9, 0x00A3, 0x0021, 0x0042, 0x0041, 0x0021, 0x0021, 0x0021, 0x1082,
  0x0000, 0x0000, 0x0000, 0x0000, 0x0000, 0x0000, 0x0000, 0x0000, 0x0000, 0x0000, 0x0000, 0x0000, 0x0000, 0x0000, 0x0000, 0x0000,
  0x0000, 0x0000, 0x0000, 0x0000, 0x0000, 0x0000, 0x0000, 0x0000, 0x0000, 0x0000, 0x0000, 0x0000, 0x0000, 0x0000, 0x0000, 0x0000,
  0x0000, 0x0000, 0x0000, 0x0000, 0x0000, 0x0000, 0x0000, 0x0000, 0x0000, 0x0000, 0x0000, 0x0000, 0x0000, 0x0000, 0x0000, 0x0000,
  0x0000, 0x0000, 0x0000, 0x0000, 0x0000, 0x0000, 0x0000, 0x0000, 0x0000, 0x0000, 0x0000, 0x0000, 0x0000, 0x0000, 0x0000, 0x0000,
  0x2104, 0x0841, 0x0000, 0x0021, 0x0000, 0x0000, 0x0021, 0x0021, 0x0021, 0x0042, 0x0042, 0x0062, 0x0062, 0x0062, 0x0063, 0x0063,
  0x0022, 0x0000, 0x0041, 0x1904, 0x08A3, 0x0042, 0x0042, 0x0062, 0x0021, 0x0001, 0x0083, 0x08E4, 0x1125, 0x1987, 0x1187, 0x0946,
  0x00A3, 0x0822, 0x2041, 0x50E1, 0x7961, 0xA222, 0xCB02, 0xEBA3, 0xFBE2, 0xFB81, 0xF300, 0xCA20, 0x9180, 0x6900, 0x50C0, 0x40C0,
  0x38C0, 0x38E0, 0x28C0, 0x0861, 0x0083, 0x0083, 0x0082, 0x0062, 0x0062, 0x0062, 0x0062, 0x0062, 0x0022, 0x0021, 0x1041, 0x28A1,
  0x4101, 0x6161, 0x71A1, 0x79E1, 0x71E1, 0x69C1, 0x59A1, 0x5161, 0x4141, 0x3101, 0x28C1, 0x18A1, 0x1081, 0x0861, 0x0841, 0x0841,
  0x0841, 0x0841, 0x0821, 0x0820, 0x0820, 0x0820, 0x0800, 0x0800, 0x0800, 0x1000, 0x1820, 0x2860, 0x30C0, 0x4960, 0x6201, 0x7AC3,
  0x93A5, 0xAC86, 0xC548, 0xD60A, 0xE68C, 0xEF2E, 0xFFD0, 0xFFF3, 0xFFF5, 0xFFF5, 0xFFF4, 0xFFF5, 0xFFF5, 0xFFF4, 0xFFF4, 0xFFF3,
  0xFFF1, 0xF74F, 0xE66C, 0xCDAA, 0xB4A8, 0x8B85, 0x6A83, 0x51C2, 0x4162, 0x3142, 0x3122, 0x20E1, 0x20C1, 0x2901, 0x4161, 0x6A22,
  0x9BA4, 0xD568, 0xF6EA, 0xFFAA, 0xFF8A, 0xFEEA, 0xE5A8, 0xABA5, 0x6982, 0x3000, 0x1000, 0x1000, 0x2041, 0x3821, 0x3821, 0x3021,
  0x2821, 0x2021, 0x1021, 0x0021, 0x0042, 0x0062, 0x0062, 0x0062, 0x0062, 0x0083, 0x00A4, 0x08E5, 0x08E4, 0x08E4, 0x0905, 0x08E4,
  0x00A3, 0x00A4, 0x0926, 0x19E9, 0x1A2A, 0x19C8, 0x08E5, 0x0042, 0x0042, 0x0042, 0x0041, 0x0021, 0x0021, 0x0021, 0x0841, 0x0000,
  0x0000, 0x0000, 0x0000, 0x0000, 0x0000, 0x0000, 0x0000, 0x0000, 0x0000, 0x0000, 0x0000, 0x0000, 0x0000, 0x0000, 0x0000, 0x0000,
  0x0000, 0x0000, 0x0000, 0x0000, 0x0000, 0x0000, 0x0000, 0x0000, 0x0000, 0x0000, 0x0000, 0x0000, 0x0000, 0x0000, 0x0000, 0x0000,
  0x0000, 0x0000, 0x0000, 0x0000, 0x0000, 0x0000, 0x0000, 0x0000, 0x0000, 0x0000, 0x0000, 0x0000, 0x0000, 0x0000, 0x0000, 0x0000,
  0x0000, 0x0000, 0x0000, 0x0000, 0x0000, 0x0000, 0x0000, 0x0000, 0x0000, 0x0000, 0x0000, 0x0000, 0x0000, 0x0000, 0x0000, 0x0000,
  0x0000, 0x0861, 0x0021, 0x0000, 0x0021, 0x0021, 0x0042, 0x0041, 0x0042, 0x0042, 0x0042, 0x0021, 0x0042, 0x0063, 0x0083, 0x0083,
  0x0062, 0x0062, 0x0042, 0x0001, 0x0021, 0x0042, 0x0042, 0x0021, 0x0021, 0x0022, 0x0001, 0x0000, 0x0000, 0x0001, 0x0021, 0x0041,
  0x0062, 0x0083, 0x0083, 0x0063, 0x0022, 0x0000, 0x0800, 0x2861, 0x6142, 0x9A42, 0xCAE2, 0xEB21, 0xEAE0, 0xCA40, 0x9160, 0x6100,
  0x48E0, 0x38C0, 0x30C0, 0x20A1, 0x0861, 0x0082, 0x0083, 0x0083, 0x0062, 0x0062, 0x0062, 0x0062, 0x0062, 0x0062, 0x0042, 0x0021,
  0x0021, 0x0021, 0x1041, 0x28A1, 0x4121, 0x5961, 0x69A1, 0x79E1, 0x8A41, 0x9A81, 0x9281, 0x9AA1, 0x9AA2, 0x9AC2, 0xA302, 0xA322,
  0xA322, 0xA323, 0x9B23, 0x9B43, 0xA363, 0xA3A4, 0xA3C5, 0xA3E5, 0xB466, 0xC508, 0xDDEA, 0xEEAD, 0xFF2E, 0xFFF0, 0xFFF2, 0xFFF3,
  0xFFF2, 0xFFF1, 0xFFF2, 0xFFB2, 0xF751, 0xEECE, 0xE64C, 0xDDCB, 0xD5A9, 0xCD28, 0xB466, 0xB445, 0xB465, 0xBC85, 0xCD26, 0xDDC8,
  0xEE6B, 0xFF0D, 0xFFAF, 0xFFF1, 0xFFF2, 0xFFF1, 0xFFEF, 0xFFAF, 0xFF2D, 0xF6AB, 0xEE6B, 0xDE0A, 0xD5E9, 0xDE29, 0xEECA, 0xFFAC,
  0xFFEE, 0xFFCD, 0xF6CB, 0xDD88, 0xB3C5, 0x71C2, 0x3820, 0x1800, 0x1000, 0x1821, 0x2841, 0x3821, 0x4021, 0x3821, 0x2821, 0x2821,
  0x1821, 0x0821, 0x0042, 0x0042, 0x0042, 0x0062, 0x0062, 0x0062, 0x0083, 0x00C4, 0x08C4, 0x00C4, 0x08C4, 0x08E5, 0x08C4, 0x00A4,
  0x08E5, 0x1187, 0x19E8, 0x1187, 0x08E5, 0x0042, 0x0042, 0x0062, 0x0042, 0x0021, 0x0021, 0x0021, 0x0020, 0x0841, 0x0000, 0x0000,
  0x0000, 0x0000, 0x0000, 0x0000, 0x0000, 0x0000, 0x0000, 0x0000, 0x0000, 0x0000, 0x0000, 0x0000, 0x0000, 0x0000, 0x0000, 0x0000,
  0x0000, 0x0000, 0x0000, 0x0000, 0x0000, 0x0000, 0x0000, 0x0000, 0x0000, 0x0000, 0x0000, 0x0000, 0x0000, 0x0000, 0x0000, 0x0000,
  0x0000, 0x0000, 0x0000, 0x0000, 0x0000, 0x0000, 0x0000, 0x0000, 0x0000, 0x0000, 0x0000, 0x0000, 0x0000, 0x0000, 0x0000, 0x0000,
  0x0000, 0x0000, 0x0000, 0x0000, 0x0000, 0x0000, 0x0000, 0x0000, 0x0000, 0x0000, 0x0000, 0x0000, 0x0000, 0x0000, 0x0000, 0x0000,
  0x0000, 0x0000, 0x1082, 0x0861, 0x0000, 0x0021, 0x0021, 0x0021, 0x0042, 0x0042, 0x0042, 0x0042, 0x0062, 0x0063, 0x0083, 0x0063,
  0x0042, 0x0042, 0x0062, 0x0042, 0x0021, 0x0042, 0x0042, 0x0042, 0x0042, 0x0021, 0x0021, 0x0042, 0x0042, 0x0021, 0x0001, 0x0000,
  0x0000, 0x0001, 0x0021, 0x0862, 0x0862, 0x0041, 0x0021, 0x0021, 0x0001, 0x0001, 0x0801, 0x3081, 0x6140, 0xA201, 0xCA41, 0xBA20,
  0x99A0, 0x7140, 0x5100, 0x40E0, 0x28C1, 0x1081, 0x0861, 0x0082, 0x0083, 0x0082, 0x0062, 0x0082, 0x0062, 0x0042, 0x0062, 0x0042,
  0x0062, 0x0062, 0x0041, 0x0021, 0x0001, 0x0001, 0x0820, 0x1060, 0x2080, 0x30C0, 0x4100, 0x5140, 0x61A1, 0x71E1, 0x8262, 0x92C2,
  0x9B03, 0xAB63, 0xB3A4, 0xBC04, 0xC466, 0xCCE8, 0xCD49, 0xD56A, 0xD58A, 0xD5AB, 0xCDAB, 0xCD6B, 0xC529, 0xBCE8, 0xB487, 0xAC46,
  0xA3C4, 0x9B63, 0x8B02, 0x7A61, 0x61A0, 0x4920, 0x30A0, 0x2040, 0x1800, 0x1800, 0x1800, 0x1800, 0x1800, 0x1820, 0x2020, 0x2840,
  0x3880, 0x48E0, 0x6180, 0x8261, 0xA383, 0xC4A4, 0xE5A6, 0xFE89, 0xFF0A, 0xFF6A, 0xFF8C, 0xFF4C, 0xF70B, 0xF6AA, 0xE5E8, 0xCCE6,
  0xBC05, 0x8A82, 0x6120, 0x4040, 0x3000, 0x2000, 0x2020, 0x1841, 0x2021, 0x3820, 0x4821, 0x3821, 0x2801, 0x2821, 0x2021, 0x0821,
  0x0021, 0x0042, 0x0042, 0x0042, 0x0062, 0x0063, 0x0083, 0x00A3, 0x00A3, 0x00A3, 0x00A3, 0x08C4, 0x08C4, 0x00A4, 0x00A4, 0x0925,
  0x1166, 0x0925, 0x00A4, 0x0042, 0x0022, 0x0062, 0x0062, 0x0042, 0x0021, 0x0021, 0x0001, 0x0021, 0x0020, 0x0000, 0x0000, 0x0000,
  0x0000, 0x0000, 0x0000, 0x0000, 0x0000, 0x0000, 0x0000, 0x0000, 0x0000, 0x0000, 0x0000, 0x0000, 0x0000, 0x0000, 0x0000, 0x0000,
  0x0000, 0x0000, 0x0000, 0x0000, 0x0000, 0x0000, 0x0000, 0x0000, 0x0000, 0x0000, 0x0000, 0x0000, 0x0000, 0x0000, 0x0000, 0x0000,
  0x0000, 0x0000, 0x0000, 0x0000, 0x0000, 0x0000, 0x0000, 0x0000, 0x0000, 0x0000, 0x0000, 0x0000, 0x0000, 0x0000, 0x0000, 0x0000,
  0x0000, 0x0000, 0x0000, 0x0000, 0x0000, 0x0000, 0x0000, 0x0000, 0x0000, 0x0000, 0x0000, 0x0000, 0x0000, 0x0000, 0x0000, 0x0000,
  0x0000, 0x0000, 0x0000, 0x18E4, 0x0861, 0x0000, 0x0021, 0x0021, 0x0041, 0x0042, 0x0042, 0x0042, 0x0062, 0x0063, 0x0062, 0x0042,
  0x0062, 0x0063, 0x0062, 0x0042, 0x0062, 0x0042, 0x0062, 0x0042, 0x0042, 0x0042, 0x0042, 0x0021, 0x0022, 0x0022, 0x0021, 0x0021,
  0x0021, 0x0021, 0x0021, 0x0021, 0x0041, 0x0861, 0x0862, 0x0862, 0x0041, 0x0061, 0x0041, 0x0021, 0x0000, 0x0000, 0x2880, 0x6120,
  0x91A0, 0xA1E0, 0x91A0, 0x7960, 0x5100, 0x30C1, 0x20C1, 0x18A1, 0x0861, 0x0062, 0x0062, 0x0082, 0x0062, 0x0062, 0x0042, 0x0041,
  0x0042, 0x0041, 0x0041, 0x0041, 0x0041, 0x0021, 0x0021, 0x0021, 0x0021, 0x0021, 0x0001, 0x0000, 0x0000, 0x0000, 0x0000, 0x0000,
  0x0000, 0x0000, 0x0000, 0x0000, 0x0000, 0x0000, 0x0000, 0x0000, 0x0000, 0x0000, 0x0000, 0x0000, 0x0000, 0x0000, 0x0000, 0x0000,
  0x0800, 0x1020, 0x0820, 0x1020, 0x0841, 0x0041, 0x0841, 0x1061, 0x1881, 0x18A1, 0x1881, 0x2081, 0x20A1, 0x20A1, 0x20A1, 0x1881,
  0x1061, 0x1061, 0x1041, 0x1021, 0x1000, 0x1800, 0x3040, 0x48A0, 0x58E0, 0x6120, 0x6940, 0x6940, 0x6920, 0x60E0, 0x5060, 0x3000,
  0x2800, 0x2800, 0x2800, 0x3040, 0x2841, 0x2041, 0x1820, 0x3020, 0x4821, 0x4021, 0x3021, 0x2821, 0x2021, 0x1021, 0x0021, 0x0042,
  0x0042, 0x0042, 0x0062, 0x0062, 0x0083, 0x00A3, 0x00A3, 0x00A3, 0x0083, 0x00A3, 0x08C4, 0x08C4, 0x00A3, 0x00A3, 0x08C4, 0x08C4,
  0x0083, 0x0042, 0x0062, 0x0063, 0x0083, 0x0062, 0x0042, 0x0021, 0x0021, 0x0001, 0x0021, 0x1082, 0x0000, 0x0000, 0x0000, 0x0000,
  0x0000, 0x0000, 0x0000, 0x0000, 0x0000, 0x0000, 0x0000, 0x0000, 0x0000, 0x0000, 0x0000, 0x0000, 0x0000, 0x0000, 0x0000, 0x0000,
  0x0000, 0x0000, 0x0000, 0x0000, 0x0000, 0x0000, 0x0000, 0x0000, 0x0000, 0x0000, 0x0000, 0x0000, 0x0000, 0x0000, 0x0000, 0x0000,
  0x0000, 0x0000, 0x0000, 0x0000, 0x0000, 0x0000, 0x0000, 0x0000, 0x0000, 0x0000, 0x0000, 0x0000, 0x0000, 0x0000, 0x0000, 0x0000,
  0x0000, 0x0000, 0x0000, 0x0000, 0x0000, 0x0000, 0x0000, 0x0000, 0x0000, 0x0000, 0x0000, 0x0000, 0x0000, 0x0000, 0x0000, 0x0000,
  0x0000, 0x0000, 0x0000, 0x0000, 0x2104, 0x1082, 0x0000, 0x0021, 0x0021, 0x0042, 0x0062, 0x0062, 0x0063, 0x0042, 0x00A3, 0x00C4,
  0x0083, 0x0063, 0x0083, 0x00A3, 0x0083, 0x0063, 0x0063, 0x0063, 0x0062, 0x0042, 0x0042, 0x0042, 0x0042, 0x0042, 0x0021, 0x0022,
  0x0042, 0x0042, 0x0042, 0x0042, 0x0022, 0x0001, 0x0840, 0x1081, 0x1061, 0x1041, 0x1041, 0x1061, 0x0841, 0x0841, 0x0021, 0x0000,
  0x0800, 0x2860, 0x5100, 0x89A1, 0x81A0, 0x6140, 0x4100, 0x30E1, 0x28E1, 0x20A1, 0x1081, 0x0861, 0x0062, 0x0062, 0x0083, 0x0082,
  0x0062, 0x0062, 0x0062, 0x0062, 0x0062, 0x0062, 0x0042, 0x0041, 0x0041, 0x0041, 0x0041, 0x0041, 0x0041, 0x0021, 0x0021, 0x0021,
  0x0021, 0x0021, 0x0000, 0x0000, 0x0021, 0x0041, 0x0062, 0x0062, 0x0062, 0x0061, 0x0041, 0x0041, 0x0041, 0x0061, 0x0061, 0x0041,
  0x0040, 0x41A2, 0x3942, 0x18A1, 0x1081, 0x1881, 0x28A1, 0x20A1, 0x1881, 0x20A1, 0x30C1, 0x30C1, 0x30C1, 0x20A1, 0x1881, 0x1061,
  0x1081, 0x1881, 0x1861, 0x1881, 0x1881, 0x1061, 0x1041, 0x0821, 0x0800, 0x1000, 0x2000, 0x3000, 0x3820, 0x4020, 0x4820, 0x5060,
  0x4860, 0x3860, 0x2040, 0x1020, 0x1821, 0x3021, 0x4020, 0x4020, 0x3021, 0x2821, 0x2021, 0x1021, 0x0021, 0x0042, 0x0042, 0x0042,
  0x0062, 0x0063, 0x0883, 0x0083, 0x0083, 0x00A3, 0x00A3, 0x0083, 0x00A3, 0x08C4, 0x00C4, 0x0083, 0x0083, 0x0083, 0x0063, 0x0042,
  0x0063, 0x0083, 0x0083, 0x0083, 0x0062, 0x0021, 0x0021, 0x0021, 0x0001, 0x0841, 0x18E3, 0x0000, 0x0000, 0x0000, 0x0000, 0x0000,
  0x0000, 0x0000, 0x0000, 0x0000, 0x0000, 0x0000, 0x0000, 0x0000, 0x0000, 0x0000, 0x0000, 0x0000, 0x0000, 0x0000, 0x0000, 0x0000,
  0x0000, 0x0000, 0x0000, 0x0000, 0x0000, 0x0000, 0x0000, 0x0000, 0x0000, 0x0000, 0x0000, 0x0000, 0x0000, 0x0000, 0x0000, 0x0000,
  0x0000, 0x0000, 0x0000, 0x0000, 0x0000, 0x0000, 0x0000, 0x0000, 0x0000, 0x0000, 0x0000, 0x0000, 0x0000, 0x0000, 0x0000, 0x0000,
  0x0000, 0x0000, 0x0000, 0x0000, 0x0000, 0x0000, 0x0000, 0x0000, 0x0000, 0x0000, 0x0000, 0x0000, 0x0000, 0x0000, 0x0000, 0x0000,
  0x0000, 0x0000, 0x0000, 0x0000, 0x0000, 0x2104, 0x0861, 0x0001, 0x0021, 0x0021, 0x0042, 0x0042, 0x0083, 0x0062, 0x0062, 0x0062,
  0x0042, 0x0083, 0x00A4, 0x0083, 0x0083, 0x00A3, 0x00A3, 0x0083, 0x0083, 0x0063, 0x0062, 0x0042, 0x0042, 0x0042, 0x0042, 0x0042,
  0x0042, 0x0042, 0x0042, 0x0042, 0x0841, 0x38E1, 0x40E0, 0x40C0, 0x40C0, 0x30A0, 0x3080, 0x38A0, 0x30A0, 0x30A0, 0x30A0, 0x2880,
  0x2060, 0x1040, 0x0820, 0x1020, 0x30A0, 0x5101, 0x6140, 0x5141, 0x3901, 0x28E1, 0x28E1, 0x28E1, 0x18A1, 0x0861, 0x0042, 0x0062,
  0x0082, 0x0083, 0x0083, 0x00A3, 0x0082, 0x0062, 0x0062, 0x0062, 0x0062, 0x0062, 0x0041, 0x0041, 0x0041, 0x0041, 0x0041, 0x0021,
  0x0021, 0x0021, 0x0061, 0x08A2, 0x08A2, 0x00A2, 0x0082, 0x0062, 0x0061, 0x0061, 0x0062, 0x0082, 0x0082, 0x0061, 0x0061, 0x0061,
  0x0061, 0x3982, 0x18A1, 0x1881, 0x20A1, 0x20A1, 0x20A1, 0x28A1, 0x38E1, 0x38E1, 0x30C1, 0x1881, 0x1061, 0x1061, 0x1061, 0x1062,
  0x1861, 0x1861, 0x1861, 0x2061, 0x1841, 0x1841, 0x2040, 0x3860, 0x5080, 0x5880, 0x5880, 0x5860, 0x6080, 0x6080, 0x5060, 0x3040,
  0x1841, 0x0821, 0x1821, 0x2841, 0x3821, 0x3821, 0x3021, 0x2021, 0x1821, 0x0821, 0x0021, 0x0042, 0x0042, 0x0042, 0x0062, 0x0862,
  0x0883, 0x0883, 0x0083, 0x0083, 0x0083, 0x0083, 0x08A3, 0x08A3, 0x08A3, 0x0083, 0x0083, 0x0083, 0x0083, 0x0063, 0x0063, 0x0083,
  0x0083, 0x0083, 0x0062, 0x0042, 0x0021, 0x0021, 0x0021, 0x0000, 0x0021, 0x10A2, 0x0020, 0x0000, 0x0000, 0x0000, 0x0000, 0x0000,
  0x0000, 0x0000, 0x0000, 0x0000, 0x0000, 0x0000, 0x0000, 0x0000, 0x0000, 0x0000, 0x0000, 0x0000, 0x0000, 0x0000, 0x0000, 0x0000,
  0x0000, 0x0000, 0x0000, 0x0000, 0x0000, 0x0000, 0x0000, 0x0000, 0x0000, 0x0000, 0x0000, 0x0000, 0x0000, 0x0000, 0x0000, 0x0000,
  0x0000, 0x0000, 0x0000, 0x0000, 0x0000, 0x0000, 0x0000, 0x0000, 0x0000, 0x0000, 0x0000, 0x0000, 0x0000, 0x0000, 0x0000, 0x0000,
  0x0000, 0x0000, 0x0000, 0x0000, 0x0000, 0x0000, 0x0000, 0x0000, 0x0000, 0x0000, 0x0000, 0x0000, 0x0000, 0x0000, 0x0000, 0x0000,
  0x0000, 0x0000, 0x0000, 0x0000, 0x0000, 0x0000, 0x0861, 0x1082, 0x0001, 0x0021, 0x0021, 0x0041, 0x0042, 0x0042, 0x0021, 0x0042,
  0x0042, 0x00A4, 0x00C4, 0x00C4, 0x00A4, 0x0083, 0x0083, 0x0062, 0x0083, 0x0083, 0x0063, 0x0063, 0x0063, 0x0062, 0x0042, 0x0042,
  0x0042, 0x0042, 0x0042, 0x0841, 0x4900, 0x5920, 0x58E0, 0x6100, 0x6100, 0x6900, 0x7120, 0x7120, 0x7920, 0x7940, 0x7920, 0x6920,
  0x6900, 0x58E0, 0x40C0, 0x38A0, 0x2880, 0x2860, 0x2060, 0x30A0, 0x38E1, 0x30E1, 0x4141, 0x4121, 0x3921, 0x3121, 0x18A1, 0x0021,
  0x0041, 0x0041, 0x0041, 0x0062, 0x0082, 0x0082, 0x0082, 0x0082, 0x0082, 0x08A3, 0x0082, 0x0082, 0x0062, 0x0062, 0x0082, 0x00A2,
  0x00A2, 0x00A2, 0x08C3, 0x08C2, 0x0082, 0x0062, 0x0062, 0x0082, 0x00A2, 0x00C3, 0x00C3, 0x00A2, 0x0082, 0x0061, 0x0082, 0x0082,
  0x08A2, 0x18C1, 0x20A1, 0x18A1, 0x1881, 0x28A1, 0x38E1, 0x38E1, 0x28C1, 0x1861, 0x0841, 0x0861, 0x1062, 0x1862, 0x1862, 0x1862,
  0x1861, 0x1861, 0x2061, 0x3860, 0x4880, 0x58A0, 0x58A0, 0x60A0, 0x6880, 0x70A0, 0x70A0, 0x6080, 0x4040, 0x1820, 0x0821, 0x0841,
  0x1041, 0x2841, 0x3041, 0x3021, 0x2821, 0x1841, 0x1021, 0x0821, 0x0041, 0x0041, 0x0042, 0x0042, 0x0842, 0x0862, 0x0862, 0x0862,
  0x0063, 0x0062, 0x0083, 0x0883, 0x08A3, 0x10E4, 0x08C4, 0x0883, 0x0063, 0x0062, 0x0063, 0x0063, 0x0083, 0x0083, 0x00A3, 0x0083,
  0x0062, 0x0042, 0x0021, 0x0021, 0x0021, 0x0021, 0x0000, 0x0862, 0x10A2, 0x0000, 0x0000, 0x0000, 0x0000, 0x0000, 0x0000, 0x0000,
  0x0000, 0x0000, 0x0000, 0x0000, 0x0000, 0x0000, 0x0000, 0x0000, 0x0000, 0x0000, 0x0000, 0x0000, 0x0000, 0x0000, 0x0000, 0x0000,
  0x0000, 0x0000, 0x0000, 0x0000, 0x0000, 0x0000, 0x0000, 0x0000, 0x0000, 0x0000, 0x0000, 0x0000, 0x0000, 0x0000, 0x0000, 0x0000,
  0x0000, 0x0000, 0x0000, 0x0000, 0x0000, 0x0000, 0x0000, 0x0000, 0x0000, 0x0000, 0x0000, 0x0000, 0x0000, 0x0000, 0x0000, 0x0000,
  0x0000, 0x0000, 0x0000, 0x0000, 0x0000, 0x0000, 0x0000, 0x0000, 0x0000, 0x0000, 0x0000, 0x0000, 0x0000, 0x0000, 0x0000, 0x0000,
  0x0000, 0x0000, 0x0000, 0x0000, 0x0000, 0x0000, 0x0000, 0x1082, 0x1082, 0x0001, 0x0021, 0x0021, 0x0021, 0x0041, 0x0062, 0x0042,
  0x0063, 0x0063, 0x0083, 0x00A3, 0x0083, 0x0062, 0x0042, 0x0042, 0x0042, 0x0042, 0x0062, 0x0083, 0x00A4, 0x0083, 0x0062, 0x0062,
  0x0042, 0x0042, 0x0042, 0x38E1, 0x6120, 0x6100, 0x7120, 0x7920, 0x7100, 0x7920, 0x7920, 0x8120, 0x8920, 0x9940, 0xA160, 0xA160,
  0xA160, 0xA180, 0x9960, 0x8940, 0x7920, 0x7120, 0x50E0, 0x3080, 0x2060, 0x1840, 0x20A1, 0x4941, 0x4940, 0x4140, 0x4141, 0x18A1,
  0x0042, 0x0062, 0x0042, 0x0042, 0x0021, 0x0021, 0x0021, 0x0021, 0x0041, 0x0062, 0x0062, 0x0062, 0x0082, 0x0082, 0x00A2, 0x00A2,
  0x0082, 0x0062, 0x0062, 0x0062, 0x0062, 0x0082, 0x00A3, 0x00C3, 0x00A3, 0x0082, 0x0062, 0x0062, 0x0062, 0x0082, 0x0082, 0x0082,
  0x20E2, 0x20A1, 0x2081, 0x28C1, 0x4102, 0x3902, 0x28A1, 0x1061, 0x0841, 0x0862, 0x1062, 0x1061, 0x1861, 0x2061, 0x3081, 0x4080,
  0x50A0, 0x60A0, 0x68C0, 0x70C0, 0x70C0, 0x70A0, 0x68A0, 0x78C0, 0x80C0, 0x60A0, 0x3861, 0x1021, 0x0021, 0x0041, 0x1041, 0x1841,
  0x2061, 0x2041, 0x1841, 0x1041, 0x0842, 0x0021, 0x0041, 0x0042, 0x0042, 0x0042, 0x0862, 0x0862, 0x0862, 0x0862, 0x0862, 0x0062,
  0x0063, 0x0883, 0x08A3, 0x10A3, 0x08A3, 0x08A3, 0x0883, 0x0062, 0x0062, 0x0062, 0x0083, 0x00A3, 0x00A3, 0x0083, 0x0063, 0x0042,
  0x0042, 0x0022, 0x0021, 0x0021, 0x0021, 0x0000, 0x0841, 0x18E3, 0x0020, 0x0000, 0x0000, 0x0000, 0x0000, 0x0000, 0x0000, 0x0000,
  0x0000, 0x0000, 0x0000, 0x0000, 0x0000, 0x0000, 0x0000, 0x0000, 0x0000, 0x0000, 0x0000, 0x0000, 0x0000, 0x0000, 0x0000, 0x0000,
  0x0000, 0x0000, 0x0000, 0x0000, 0x0000, 0x0000, 0x0000, 0x0000, 0x0000, 0x0000, 0x0000, 0x0000, 0x0000, 0x0000, 0x0000, 0x0000,
  0x0000, 0x0000, 0x0000, 0x0000, 0x0000, 0x0000, 0x0000, 0x0000, 0x0000, 0x0000, 0x0000, 0x0000, 0x0000, 0x0000, 0x0000, 0x0000,
  0x0000, 0x0000, 0x0000, 0x0000, 0x0000, 0x0000, 0x0000, 0x0000, 0x0000, 0x0000, 0x0000, 0x0000, 0x0000, 0x0000, 0x0000, 0x0000,
  0x0000, 0x0000, 0x0000, 0x0000, 0x0000, 0x0000, 0x0000, 0x0000, 0x0841, 0x1082, 0x0021, 0x0021, 0x0021, 0x0042, 0x0042, 0x0042,
  0x0062, 0x0062, 0x0062, 0x0042, 0x0062, 0x0063, 0x0083, 0x0083, 0x00A3, 0x00C4, 0x0083, 0x0062, 0x0083, 0x00A4, 0x0083, 0x0062,
  0x0062, 0x0042, 0x1881, 0x5900, 0x6100, 0x6900, 0x6900, 0x6900, 0x7920, 0x8940, 0x9140, 0x9960, 0x9940, 0x9920, 0xA940, 0xA920,
  0xA940, 0xB160, 0xB180, 0xB9A0, 0xA980, 0xA180, 0x9160, 0x7120, 0x5900, 0x40C0, 0x2060, 0x1880, 0x28C1, 0x3921, 0x4141, 0x3941,
  0x18C1, 0x0042, 0x0083, 0x0083, 0x0062, 0x0042, 0x0042, 0x0042, 0x0021, 0x0022, 0x0021, 0x0001, 0x0001, 0x0001, 0x0021, 0x0021,
  0x0021, 0x0041, 0x0041, 0x0062, 0x00A3, 0x00A3, 0x0082, 0x0062, 0x0062, 0x0062, 0x0062, 0x0082, 0x0082, 0x0062, 0x0041, 0x1881,
  0x28C1, 0x38C1, 0x38E1, 0x3901, 0x28C2, 0x1081, 0x0861, 0x1061, 0x1861, 0x2881, 0x3881, 0x48A0, 0x60C0, 0x78E0, 0x9100, 0x9900,
  0x9900, 0x9900, 0x9900, 0x9900, 0x9900, 0x8900, 0x70C0, 0x5081, 0x2061, 0x0841, 0x0042, 0x0862, 0x1062, 0x1062, 0x1062, 0x1062,
  0x1062, 0x0862, 0x0862, 0x0062, 0x0042, 0x0042, 0x0041, 0x0041, 0x0842, 0x0862, 0x1062, 0x0862, 0x0862, 0x0062, 0x0862, 0x0883,
  0x10A3, 0x08A3, 0x08A3, 0x08A3, 0x0883, 0x0883, 0x0063, 0x0062, 0x0063, 0x0083, 0x0083, 0x0063, 0x0062, 0x0042, 0x0042, 0x0042,
  0x0022, 0x0021, 0x0021, 0x0021, 0x0000, 0x10A3, 0x1082, 0x0000, 0x0000, 0x0000, 0x0000, 0x0000, 0x0000, 0x0000, 0x0000, 0x0000,
  0x0000, 0x0000, 0x0000, 0x0000, 0x0000, 0x0000, 0x0000, 0x0000, 0x0000, 0x0000, 0x0000, 0x0000, 0x0000, 0x0000, 0x0000, 0x0000,
  0x0000, 0x0000, 0x0000, 0x0000, 0x0000, 0x0000, 0x0000, 0x0000, 0x0000, 0x0000, 0x0000, 0x0000, 0x0000, 0x0000, 0x0000, 0x0000,
  0x0000, 0x0000, 0x0000, 0x0000, 0x0000, 0x0000, 0x0000, 0x0000, 0x0000, 0x0000, 0x0000, 0x0000, 0x0000, 0x0000, 0x0000, 0x0000,
  0x0000, 0x0000, 0x0000, 0x0000, 0x0000, 0x0000, 0x0000, 0x0000, 0x0000, 0x0000, 0x0000, 0x0000, 0x0000, 0x0000, 0x0000, 0x0000,
  0x0000, 0x0000, 0x0000, 0x0000, 0x0000, 0x0000, 0x0000, 0x0000, 0x0000, 0x0020, 0x1082, 0x0021, 0x0001, 0x0021, 0x0021, 0x0042,
  0x0062, 0x0083, 0x0062, 0x0062, 0x0062, 0x0083, 0x00A3, 0x00A3, 0x00C4, 0x00E4, 0x00E4, 0x00A3, 0x0062, 0x0083, 0x00A4, 0x0063,
  0x0063, 0x0042, 0x38C0, 0x6100, 0x6100, 0x6900, 0x7100, 0x7920, 0x8920, 0x9140, 0xA140, 0xA960, 0xB160, 0xB140, 0xB120, 0xC140,
  0xD180, 0xD180, 0xC980, 0xD1A0, 0xC1A0, 0xB9A0, 0xB1A0, 0x9980, 0x8160, 0x7960, 0x5900, 0x40C0, 0x2080, 0x1880, 0x28E1, 0x2901,
  0x3121, 0x20C1, 0x0062, 0x08A3, 0x0083, 0x0063, 0x0063, 0x0062, 0x0062, 0x0042, 0x0042, 0x0042, 0x0042, 0x0042, 0x0042, 0x0042,
  0x0062, 0x0042, 0x0062, 0x00C3, 0x00A3, 0x0062, 0x0042, 0x0062, 0x0062, 0x0082, 0x0082, 0x0062, 0x0041, 0x0841, 0x30A1, 0x4901,
  0x4902, 0x30A1, 0x1881, 0x1081, 0x1061, 0x2061, 0x50A1, 0x70E1, 0x8141, 0xA181, 0xA181, 0xA981, 0xA981, 0xA960, 0xA960, 0xA960,
  0xA140, 0x9120, 0x7900, 0x60C0, 0x4081, 0x2061, 0x0841, 0x0042, 0x0062, 0x0882, 0x1083, 0x1082, 0x0882, 0x0882, 0x0882, 0x0882,
  0x0882, 0x0062, 0x0042, 0x0042, 0x0042, 0x0842, 0x0862, 0x0862, 0x0862, 0x0862, 0x0862, 0x0862, 0x0862, 0x0883, 0x10A3, 0x10A3,
  0x08A3, 0x0883, 0x0883, 0x0883, 0x0062, 0x0063, 0x0063, 0x0063, 0x0063, 0x0042, 0x0042, 0x0042, 0x0042, 0x0042, 0x0042, 0x0041,
  0x0021, 0x0021, 0x0021, 0x0001, 0x10A3, 0x1082, 0x0000, 0x0000, 0x0000, 0x0000, 0x0000, 0x0000, 0x0000, 0x0000, 0x0000, 0x0000,
  0x0000, 0x0000, 0x0000, 0x0000, 0x0000, 0x0000, 0x0000, 0x0000, 0x0000, 0x0000, 0x0000, 0x0000, 0x0000, 0x0000, 0x0000, 0x0000,
  0x0000, 0x0000, 0x0000, 0x0000, 0x0000, 0x0000, 0x0000, 0x0000, 0x0000, 0x0000, 0x0000, 0x0000, 0x0000, 0x0000, 0x0000, 0x0000,
  0x0000, 0x0000, 0x0000, 0x0000, 0x0000, 0x0000, 0x0000, 0x0000, 0x0000, 0x0000, 0x0000, 0x0000, 0x0000, 0x0000, 0x0000, 0x0000,
  0x0000, 0x0000, 0x0000, 0x0000, 0x0000, 0x0000, 0x0000, 0x0000, 0x0000, 0x0000, 0x0000, 0x0000, 0x0000, 0x0000, 0x0000, 0x0000,
  0x0000, 0x0000, 0x0000, 0x0000, 0x0000, 0x0000, 0x0000, 0x0000, 0x0000, 0x0000, 0x0000, 0x18C3, 0x0841, 0x0000, 0x0021, 0x0021,
  0x0062, 0x0082, 0x0062, 0x0062, 0x0062, 0x00A3, 0x00A3, 0x00A3, 0x0083, 0x0083, 0x00A3, 0x00A3, 0x00A3, 0x0063, 0x0083, 0x0083,
  0x0063, 0x0861, 0x5100, 0x6900, 0x7100, 0x7920, 0x8120, 0x8120, 0x8100, 0x9920, 0xA940, 0xA920, 0xB940, 0xE1A0, 0xE9C0, 0xB160,
  0x9120, 0x9920, 0xB980, 0xE9E0, 0xD9A0, 0xB980, 0xC1C0, 0xC1C0, 0xB1C0, 0x9180, 0x7940, 0x6940, 0x5100, 0x2880, 0x1880, 0x18A1,
  0x20C1, 0x3121, 0x20E1, 0x0882, 0x0083, 0x0083, 0x0083, 0x0083, 0x0083, 0x0063, 0x0062, 0x0062, 0x0062, 0x0062, 0x0062, 0x0083,
  0x0083, 0x0083, 0x00A3, 0x0083, 0x0083, 0x0062, 0x0062, 0x0062, 0x0082, 0x0082, 0x0062, 0x0841, 0x2881, 0x50E1, 0x5901, 0x38C1,
  0x1861, 0x1061, 0x1041, 0x3061, 0x7901, 0x9941, 0x8941, 0x60E1, 0x48A1, 0x3881, 0x2861, 0x2061, 0x1841, 0x1841, 0x1841, 0x1041,
  0x1041, 0x0841, 0x0041, 0x0042, 0x0062, 0x0082, 0x0883, 0x0883, 0x10A3, 0x10A3, 0x10A3, 0x10A3, 0x10A3, 0x10A2, 0x0882, 0x0062,
  0x0042, 0x0042, 0x0042, 0x0842, 0x0862, 0x1062, 0x1062, 0x0862, 0x0862, 0x0862, 0x0882, 0x0882, 0x0882, 0x1083, 0x1083, 0x10A3,
  0x0883, 0x0862, 0x0062, 0x0062, 0x0062, 0x0063, 0x0063, 0x0062, 0x0042, 0x0042, 0x0042, 0x0042, 0x0042, 0x0042, 0x0021, 0x0021,
  0x0021, 0x0001, 0x0021, 0x10A2, 0x10A2, 0x0000, 0x0000, 0x0000, 0x0000, 0x0000, 0x0000, 0x0000, 0x0000, 0x0000, 0x0000, 0x0000,
  0x0000, 0x0000, 0x0000, 0x0000, 0x0000, 0x0000, 0x0000, 0x0000, 0x0000, 0x0000, 0x0000, 0x0000, 0x0000, 0x0000, 0x0000, 0x0000,
  0x0000, 0x0000, 0x0000, 0x0000, 0x0000, 0x0000, 0x0000, 0x0000, 0x0000, 0x0000, 0x0000, 0x0000, 0x0000, 0x0000, 0x0000, 0x0000,
  0x0000, 0x0000, 0x0000, 0x0000, 0x0000, 0x0000, 0x0000, 0x0000, 0x0000, 0x0000, 0x0000, 0x0000, 0x0000, 0x0000, 0x0000, 0x0000,
  0x0000, 0x0000, 0x0000, 0x0000, 0x0000, 0x0000, 0x0000, 0x0000, 0x0000, 0x0000, 0x0000, 0x0000, 0x0000, 0x0000, 0x0000, 0x0000,
  0x0000, 0x0000, 0x0000, 0x0000, 0x0000, 0x0000, 0x0000, 0x0000, 0x0000, 0x0000, 0x0000, 0x0020, 0x10A2, 0x0862, 0x0001, 0x0021,
  0x0041, 0x0042, 0x0062, 0x0062, 0x0042, 0x0062, 0x0083, 0x00A3, 0x00A3, 0x00C4, 0x00C4, 0x00A3, 0x00A4, 0x0083, 0x0063, 0x0083,
  0x0063, 0x1061, 0x5900, 0x7120, 0x7120, 0x7920, 0x8120, 0x8920, 0x9120, 0xA940, 0xA940, 0xC960, 0xF1C0, 0xC980, 0x58A0, 0x1820,
  0x1000, 0x1000, 0x2020, 0x50A0, 0x9120, 0xA960, 0x8920, 0x9140, 0xC1E0, 0xB9E0, 0x9180, 0x7960, 0x6940, 0x5900, 0x30A0, 0x1881,
  0x1881, 0x18A1, 0x2902, 0x2902, 0x0862, 0x0062, 0x0062, 0x0063, 0x0083, 0x0083, 0x0083, 0x0083, 0x0083, 0x0083, 0x0083, 0x0083,
  0x00C4, 0x00C4, 0x0082, 0x0062, 0x0083, 0x0083, 0x0083, 0x0083, 0x0062, 0x0041, 0x3081, 0x58E1, 0x6101, 0x40C2, 0x2882, 0x1882,
  0x0821, 0x2840, 0x8921, 0xC1E2, 0x8941, 0x3061, 0x0821, 0x0021, 0x0042, 0x0042, 0x0042, 0x0042, 0x0062, 0x0862, 0x0882, 0x10A2,
  0x10A3, 0x08A3, 0x10A3, 0x10A3, 0x10A3, 0x10A3, 0x10C3, 0x18C3, 0x18C3, 0x18E3, 0x18C3, 0x10A2, 0x0862, 0x0042, 0x0042, 0x0042,
  0x0862, 0x0862, 0x0862, 0x1062, 0x1062, 0x1062, 0x1062, 0x0862, 0x0862, 0x0862, 0x10A3, 0x10A3, 0x10A3, 0x10A3, 0x0883, 0x0862,
  0x0062, 0x0062, 0x0062, 0x0063, 0x0062, 0x0062, 0x0042, 0x0042, 0x0042, 0x0042, 0x0062, 0x0042, 0x0042, 0x0021, 0x0021, 0x0021,
  0x0001, 0x0041, 0x2124, 0x0841, 0x0000, 0x0000, 0x0000, 0x0000, 0x0000, 0x0000, 0x0000, 0x0000, 0x0000, 0x0000, 0x0000, 0x0000,
  0x0000, 0x0000, 0x0000, 0x0000, 0x0000, 0x0000, 0x0000, 0x0000, 0x0000, 0x0000, 0x0000, 0x0000, 0x0000, 0x0000, 0x0000, 0x0000,
  0x0000, 0x0000, 0x0000, 0x0000, 0x0000, 0x0000, 0x0000, 0x0000, 0x0000, 0x0000, 0x0000, 0x0000, 0x0000, 0x0000, 0x0000, 0x0000,
  0x0000, 0x0000, 0x0000, 0x0000, 0x0000, 0x0000, 0x0000, 0x0000, 0x0000, 0x0000, 0x0000, 0x0000, 0x0000, 0x0000, 0x0000, 0x0000,
  0x0000, 0x0000, 0x0000, 0x0000, 0x0000, 0x0000, 0x0000, 0x0000, 0x0000, 0x0000, 0x0000, 0x0000, 0x0000, 0x0000, 0x0000, 0x0000,
  0x0000, 0x0000, 0x0000, 0x0000, 0x0000, 0x0000, 0x0000, 0x0000, 0x0000, 0x0000, 0x0000, 0x0000, 0x0000, 0x18C3, 0x10A2, 0x0021,
  0x0021, 0x0041, 0x0042, 0x0041, 0x0021, 0x0062, 0x0083, 0x0083, 0x00A3, 0x00C4, 0x00C4, 0x00C4, 0x00C4, 0x0083, 0x0063, 0x0083,
  0x0083, 0x0861, 0x6100, 0x7120, 0x7100, 0x7100, 0x8120, 0x9940, 0xA940, 0xA940, 0xC980, 0xE9C0, 0xA100, 0x5060, 0x58A0, 0x68C0,
  0x68C0, 0x58C0, 0x50A0, 0x4080, 0x2820, 0x3860, 0x7100, 0x68E0, 0x58C0, 0x7920, 0x9181, 0x99C0, 0x91A0, 0x7960, 0x6940, 0x38C0,
  0x2081, 0x18A1, 0x1081, 0x20E2, 0x2902, 0x0882, 0x0042, 0x0062, 0x0062, 0x0062, 0x0062, 0x0062, 0x0063, 0x0063, 0x0062, 0x0083,
  0x00A4, 0x0083, 0x0062, 0x0083, 0x0083, 0x0083, 0x0062, 0x0841, 0x4081, 0x70E1, 0x6902, 0x40A1, 0x2082, 0x1882, 0x1882, 0x1021,
  0x50C1, 0xCA42, 0xA9E2, 0x4081, 0x0001, 0x0842, 0x1082, 0x1882, 0x18A2, 0x28C2, 0x28C2, 0x20C2, 0x20C2, 0x28E2, 0x3102, 0x3102,
  0x20E3, 0x20E3, 0x20E3, 0x18E3, 0x20E3, 0x2103, 0x20E3, 0x18C3, 0x10A3, 0x0882, 0x0862, 0x0862, 0x0862, 0x0862, 0x1062, 0x1062,
  0x1862, 0x1062, 0x1062, 0x1062, 0x0862, 0x1062, 0x1082, 0x1882, 0x18A3, 0x18A3, 0x18A3, 0x1083, 0x0862, 0x0062, 0x0042, 0x0062,
  0x0062, 0x0062, 0x0063, 0x0062, 0x0042, 0x0042, 0x0042, 0x0042, 0x0042, 0x0042, 0x0042, 0x0042, 0x0041, 0x0021, 0x0021, 0x0001,
  0x0862, 0x10A2, 0x0000, 0x0000, 0x0000, 0x0000, 0x0000, 0x0000, 0x0000, 0x0000, 0x0000, 0x0000, 0x0000, 0x0000, 0x0000, 0x0000,
  0x0000, 0x0000, 0x0000, 0x0000, 0x0000, 0x0000, 0x0000, 0x0000, 0x0000, 0x0000, 0x0000, 0x0000, 0x0000, 0x0000, 0x0000, 0x0000,
  0x0000, 0x0000, 0x0000, 0x0000, 0x0000, 0x0000, 0x0000, 0x0000, 0x0000, 0x0000, 0x0000, 0x0000, 0x0000, 0x0000, 0x0000, 0x0000,
  0x0000, 0x0000, 0x0000, 0x0000, 0x0000, 0x0000, 0x0000, 0x0000, 0x0000, 0x0000, 0x0000, 0x0000, 0x0000, 0x0000, 0x0000, 0x0000,
  0x0000, 0x0000, 0x0000, 0x0000, 0x0000, 0x0000, 0x0000, 0x0000, 0x0000, 0x0000, 0x0000, 0x0000, 0x0000, 0x0000, 0x0000, 0x0000,
  0x0000, 0x0000, 0x0000, 0x0000, 0x0000, 0x0000, 0x0000, 0x0000, 0x0000, 0x0000, 0x0000, 0x0000, 0x0000, 0x0000, 0x10A2, 0x18E3,
  0x0021, 0x0001, 0x0021, 0x0021, 0x0001, 0x0042, 0x0062, 0x0083, 0x0083, 0x0062, 0x00A3, 0x00A3, 0x0083, 0x0062, 0x0083, 0x00C4,
  0x00A4, 0x0082, 0x6120, 0x8140, 0x7920, 0x8120, 0x8920, 0x9120, 0xA140, 0xC980, 0xD180, 0x9100, 0x70E0, 0x8940, 0x9940, 0x8920,
  0x8920, 0x9140, 0x9140, 0x9160, 0x7940, 0x48C0, 0x3860, 0x60E0, 0x6120, 0x3880, 0x3060, 0x50C0, 0x7961, 0x91A1, 0x99C0, 0x7960,
  0x48E0, 0x28A1, 0x20A1, 0x1881, 0x18A1, 0x20E2, 0x10A1, 0x0041, 0x0042, 0x0063, 0x0062, 0x0042, 0x0042, 0x0042, 0x0063, 0x00A3,
  0x0083, 0x00A3, 0x0083, 0x0063, 0x0042, 0x2061, 0x50A1, 0x88E1, 0x88E2, 0x50C2, 0x2081, 0x1062, 0x1062, 0x1861, 0x40A1, 0x50C1,
  0x7122, 0x68E1, 0x2821, 0x2861, 0x40C2, 0x40C2, 0x30C2, 0x38E2, 0x4102, 0x4102, 0x3902, 0x3902, 0x4122, 0x4122, 0x4962, 0x3923,
  0x28E2, 0x3943, 0x3122, 0x20E2, 0x20E3, 0x18C3, 0x10A2, 0x1082, 0x1882, 0x1882, 0x1882, 0x1882, 0x1882, 0x1862, 0x1862, 0x2062,
  0x2082, 0x2082, 0x2082, 0x2082, 0x20A2, 0x20A2, 0x20A2, 0x18A2, 0x1082, 0x0862, 0x0042, 0x0042, 0x0042, 0x0062, 0x0063, 0x0083,
  0x0083, 0x0062, 0x0063, 0x0063, 0x0062, 0x0062, 0x0042, 0x0042, 0x0042, 0x0021, 0x0021, 0x0041, 0x0021, 0x0021, 0x0021, 0x0841,
  0x0861, 0x0000, 0x0000, 0x0000, 0x0000, 0x0000, 0x0000, 0x0000, 0x0000, 0x0000, 0x0000, 0x0000, 0x0000, 0x0000, 0x0000, 0x0000,
  0x0000, 0x0000, 0x0000, 0x0000, 0x0000, 0x0000, 0x0000, 0x0000, 0x0000, 0x0000, 0x0000, 0x0000, 0x0000, 0x0000, 0x0000, 0x0000,
  0x0000, 0x0000, 0x0000, 0x0000, 0x0000, 0x0000, 0x0000, 0x0000, 0x0000, 0x0000, 0x0000, 0x0000, 0x0000, 0x0000, 0x0000, 0x0000,
  0x0000, 0x0000, 0x0000, 0x0000, 0x0000, 0x0000, 0x0000, 0x0000, 0x0000, 0x0000, 0x0000, 0x0000, 0x0000, 0x0000, 0x0000, 0x0000,
  0x0000, 0x0000, 0x0000, 0x0000, 0x0000, 0x0000, 0x0000, 0x0000, 0x0000, 0x0000, 0x0000, 0x0000, 0x0000, 0x0000, 0x0000, 0x0000,
  0x0000, 0x0000, 0x0000, 0x0000, 0x0000, 0x0000, 0x0000, 0x0000, 0x0000, 0x0000, 0x0000, 0x0000, 0x0000, 0x0000, 0x0000, 0x0861,
  0x18E3, 0x0862, 0x0000, 0x0021, 0x0021, 0x0021, 0x0062, 0x0083, 0x0083, 0x0062, 0x0083, 0x0083, 0x0062, 0x0083, 0x00A4, 0x00C4,
  0x00C4, 0x00A4, 0x28A1, 0x7940, 0x8120, 0x8120, 0x9140, 0x9940, 0xB180, 0x9120, 0x5080, 0x3060, 0x2860, 0x2061, 0x1841, 0x1841,
  0x1841, 0x1841, 0x2061, 0x3081, 0x40C1, 0x6101, 0x7141, 0x68E0, 0x60E0, 0x6100, 0x40C0, 0x3080, 0x3080, 0x40A0, 0x6941, 0x91C1,
  0x91E1, 0x6120, 0x2880, 0x20A1, 0x18A1, 0x1081, 0x20C2, 0x20E2, 0x10A2, 0x0062, 0x0042, 0x0042, 0x0042, 0x0042, 0x00A3, 0x0083,
  0x0063, 0x0883, 0x1862, 0x4061, 0x6881, 0x88C2, 0x78E2, 0x50A2, 0x2062, 0x1042, 0x1861, 0x3061, 0x50A1, 0x60C1, 0x60A1, 0x40A1,
  0x3081, 0x38A1, 0x40C2, 0x40C1, 0x5902, 0x48E2, 0x38E2, 0x38E2, 0x28C2, 0x28A2, 0x20A2, 0x28C2, 0x28C2, 0x30E2, 0x3922, 0x3922,
  0x3943, 0x3922, 0x3102, 0x2902, 0x20E2, 0x18C3, 0x20C2, 0x38E2, 0x38C2, 0x28A2, 0x28A2, 0x38A2, 0x30A2, 0x3082, 0x40A2, 0x30A2,
  0x28A2, 0x30A2, 0x20A2, 0x1882, 0x1062, 0x0862, 0x0042, 0x0042, 0x0042, 0x0062, 0x0063, 0x0063, 0x0083, 0x0083, 0x0083, 0x0083,
  0x0063, 0x0083, 0x0083, 0x0083, 0x0083, 0x0062, 0x0062, 0x0042, 0x0021, 0x0021, 0x0021, 0x0021, 0x0021, 0x0021, 0x0841, 0x0020,
  0x0000, 0x0000, 0x0000, 0x0000, 0x0000, 0x0000, 0x0000, 0x0000, 0x0000, 0x0000, 0x0000, 0x0000, 0x0000, 0x0000, 0x0000, 0x0000,
  0x0000, 0x0000, 0x0000, 0x0000, 0x0000, 0x0000, 0x0000, 0x0000, 0x0000, 0x0000, 0x0000, 0x0000, 0x0000, 0x0000, 0x0000, 0x0000,
  0x0000, 0x0000, 0x0000, 0x0000, 0x0000, 0x0000, 0x0000, 0x0000, 0x0000, 0x0000, 0x0000, 0x0000, 0x0000, 0x0000, 0x0000, 0x0000,
  0x0000, 0x0000, 0x0000, 0x0000, 0x0000, 0x0000, 0x0000, 0x0000, 0x0000, 0x0000, 0x0000, 0x0000, 0x0000, 0x0000, 0x0000, 0x0000,
  0x0000, 0x0000, 0x0000, 0x0000, 0x0000, 0x0000, 0x0000, 0x0000, 0x0000, 0x0000, 0x0000, 0x0000, 0x0000, 0x0000, 0x0000, 0x0000,
  0x0000, 0x0000, 0x0000, 0x0000, 0x0000, 0x0000, 0x0000, 0x0000, 0x0000, 0x0000, 0x0000, 0x0000, 0x0000, 0x0000, 0x0000, 0x0000,
  0x0000, 0x10A2, 0x1082, 0x0000, 0x0000, 0x0021, 0x0041, 0x0062, 0x0062, 0x0062, 0x0083, 0x0062, 0x0063, 0x0083, 0x00A4, 0x00C4,
  0x00C4, 0x00C4, 0x0083, 0x10A2, 0x30A1, 0x40C1, 0x48E1, 0x30A1, 0x5101, 0x5120, 0x0020, 0x0042, 0x0042, 0x0042, 0x0042, 0x0062,
  0x0062, 0x0063, 0x0063, 0x0062, 0x0042, 0x0042, 0x1061, 0x48E1, 0x7141, 0x7941, 0x6120, 0x50E0, 0x48E0, 0x40C0, 0x3080, 0x3880,
  0x6121, 0x89C2, 0x89A1, 0x5900, 0x28A1, 0x1881, 0x0881, 0x10A2, 0x20E2, 0x20E2, 0x18C2, 0x1082, 0x0862, 0x0841, 0x2082, 0x4082,
  0x58A2, 0x78A2, 0x80A2, 0x78A2, 0x6082, 0x3862, 0x2041, 0x2061, 0x3881, 0x58A0, 0x70C0, 0x78C0, 0x68C0, 0x4880, 0x3060, 0x3881,
  0x50C1, 0x48C1, 0x30A1, 0x2081, 0x1881, 0x1062, 0x0842, 0x0021, 0x0021, 0x0022, 0x0022, 0x0022, 0x0021, 0x0021, 0x0022, 0x1082,
  0x51A3, 0x4142, 0x3922, 0x2902, 0x20E2, 0x18C2, 0x28E3, 0x40E2, 0x28A2, 0x1882, 0x20A2, 0x30C2, 0x28A2, 0x20A2, 0x2082, 0x1062,
  0x0862, 0x0862, 0x0042, 0x0062, 0x0062, 0x0062, 0x0062, 0x0062, 0x0062, 0x0063, 0x0083, 0x0083, 0x0083, 0x0083, 0x0063, 0x0062,
  0x0062, 0x0063, 0x0083, 0x0083, 0x0082, 0x0062, 0x0042, 0x0042, 0x0021, 0x0021, 0x0021, 0x0021, 0x0841, 0x0841, 0x0000, 0x0000,
  0x0000, 0x0000, 0x0000, 0x0000, 0x0000, 0x0000, 0x0000, 0x0000, 0x0000, 0x0000, 0x0000, 0x0000, 0x0000, 0x0000, 0x0000, 0x0000,
  0x0000, 0x0000, 0x0000, 0x0000, 0x0000, 0x0000, 0x0000, 0x0000, 0x0000, 0x0000, 0x0000, 0x0000, 0x0000, 0x0000, 0x0000, 0x0000,
  0x0000, 0x0000, 0x0000, 0x0000, 0x0000, 0x0000, 0x0000, 0x0000, 0x0000, 0x0000, 0x0000, 0x0000, 0x0000, 0x0000, 0x0000, 0x0000,
  0x0000, 0x0000, 0x0000, 0x0000, 0x0000, 0x0000, 0x0000, 0x0000, 0x0000, 0x0000, 0x0000, 0x0000, 0x0000, 0x0000, 0x0000, 0x0000,
  0x0000, 0x0000, 0x0000, 0x0000, 0x0000, 0x0000, 0x0000, 0x0000, 0x0000, 0x0000, 0x0000, 0x0000, 0x0000, 0x0000, 0x0000, 0x0000,
  0x0000, 0x0000, 0x0000, 0x0000, 0x0000, 0x0000, 0x0000, 0x0000, 0x0000, 0x0000, 0x0000, 0x0000, 0x0000, 0x0000, 0x0000, 0x0000,
  0x0000, 0x0000, 0x0841, 0x10A2, 0x0841, 0x0000, 0x0021, 0x0021, 0x0042, 0x0062, 0x0042, 0x0042, 0x0083, 0x0083, 0x00A3, 0x00C4,
  0x00C4, 0x00C4, 0x00A4, 0x00C4, 0x00A4, 0x00C4, 0x00C4, 0x0084, 0x0041, 0x5981, 0x28C1, 0x0063, 0x0083, 0x0063, 0x0063, 0x0083,
  0x0083, 0x0083, 0x0083, 0x0083, 0x0083, 0x0083, 0x0083, 0x0042, 0x1061, 0x5101, 0x89C1, 0x7140, 0x5900, 0x48E0, 0x4900, 0x48E0,
  0x3080, 0x2860, 0x48C1, 0x7161, 0x8181, 0x7161, 0x5121, 0x30C1, 0x1881, 0x1081, 0x18A1, 0x30C1, 0x58C2, 0x88E2, 0x98E2, 0x80A2,
  0x6882, 0x5881, 0x5062, 0x4861, 0x5081, 0x58A1, 0x68C0, 0x78C0, 0x80C0, 0x88C0, 0x78A0, 0x60A0, 0x4880, 0x4080, 0x4080, 0x48A0,
  0x40A1, 0x1861, 0x0041, 0x0022, 0x0022, 0x0042, 0x0042, 0x0042, 0x0042, 0x0042, 0x0042, 0x0042, 0x0063, 0x0083, 0x08A3, 0x08A2,
  0x3942, 0x61C2, 0x4962, 0x28E2, 0x20E2, 0x18C2, 0x18C2, 0x1082, 0x0042, 0x0021, 0x0021, 0x0062, 0x0062, 0x0062, 0x0062, 0x0063,
  0x0063, 0x0063, 0x0063, 0x0063, 0x0063, 0x0063, 0x0062, 0x0062, 0x0062, 0x0063, 0x0083, 0x0063, 0x0063, 0x0063, 0x0063, 0x0063,
  0x0062, 0x0062, 0x0083, 0x0082, 0x0062, 0x0062, 0x0042, 0x0042, 0x0021, 0x0001, 0x0021, 0x1082, 0x0861, 0x0000, 0x0000, 0x0000,
  0x0000, 0x0000, 0x0000, 0x0000, 0x0000, 0x0000, 0x0000, 0x0000, 0x0000, 0x0000, 0x0000, 0x0000, 0x0000, 0x0000, 0x0000, 0x0000,
  0x0000, 0x0000, 0x0000, 0x0000, 0x0000, 0x0000, 0x0000, 0x0000, 0x0000, 0x0000, 0x0000, 0x0000, 0x0000, 0x0000, 0x0000, 0x0000,
  0x0000, 0x0000, 0x0000, 0x0000, 0x0000, 0x0000, 0x0000, 0x0000, 0x0000, 0x0000, 0x0000, 0x0000, 0x0000, 0x0000, 0x0000, 0x0000,
  0x0000, 0x0000, 0x0000, 0x0000, 0x0000, 0x0000, 0x0000, 0x0000, 0x0000, 0x0000, 0x0000, 0x0000, 0x0000, 0x0000, 0x0000, 0x0000,
  0x0000, 0x0000, 0x0000, 0x0000, 0x0000, 0x0000, 0x0000, 0x0000, 0x0000, 0x0000, 0x0000, 0x0000, 0x0000, 0x0000, 0x0000, 0x0000,
  0x0000, 0x0000, 0x0000, 0x0000, 0x0000, 0x0000, 0x0000, 0x0000, 0x0000, 0x0000, 0x0000, 0x0000, 0x0000, 0x0000, 0x0000, 0x0000,
  0x0000, 0x0000, 0x0000, 0x0841, 0x18E3, 0x1082, 0x0000, 0x0021, 0x0021, 0x0021, 0x0041, 0x0062, 0x0062, 0x0062, 0x08A3, 0x00A4,
  0x00C4, 0x00A3, 0x00A3, 0x00A4, 0x00C4, 0x00C5, 0x00C5, 0x08A4, 0x0062, 0x3101, 0x5981, 0x0062, 0x00A4, 0x0083, 0x0083, 0x0083,
  0x0083, 0x0083, 0x00A3, 0x00A3, 0x00A3, 0x0083, 0x0083, 0x0083, 0x0083, 0x0042, 0x38C1, 0x91E1, 0x7160, 0x5920, 0x48E0, 0x48E0,
  0x48E0, 0x40C0, 0x38A0, 0x3080, 0x38A0, 0x58E1, 0x7141, 0x8181, 0x8161, 0x8141, 0x8941, 0xA141, 0xC141, 0xC941, 0xB100, 0x90C0,
  0x78A0, 0x78C0, 0x80E0, 0x90E0, 0xA100, 0xA100, 0x90E0, 0x80C0, 0x68A0, 0x5880, 0x5880, 0x60A0, 0x68C0, 0x68E0, 0x50C1, 0x2081,
  0x0021, 0x0022, 0x0042, 0x0042, 0x0042, 0x0042, 0x0042, 0x0042, 0x0042, 0x0042, 0x0063, 0x0083, 0x0083, 0x08A3, 0x10E4, 0x10E3,
  0x10A2, 0x4142, 0x4142, 0x20E2, 0x20E3, 0x10A2, 0x0842, 0x0022, 0x0042, 0x0042, 0x0062, 0x0062, 0x0063, 0x0083, 0x0083, 0x0083,
  0x0063, 0x0063, 0x0063, 0x0062, 0x0063, 0x0063, 0x0063, 0x0063, 0x0083, 0x0063, 0x0063, 0x0083, 0x0083, 0x0083, 0x0083, 0x0063,
  0x0062, 0x0062, 0x0042, 0x0062, 0x0062, 0x0062, 0x0042, 0x0021, 0x0021, 0x0041, 0x0841, 0x0020, 0x0000, 0x0000, 0x0000, 0x0000,
  0x0000, 0x0000, 0x0000, 0x0000, 0x0000, 0x0000, 0x0000, 0x0000, 0x0000, 0x0000, 0x0000, 0x0000, 0x0000, 0x0000, 0x0000, 0x0000,
  0x0000, 0x0000, 0x0000, 0x0000, 0x0000, 0x0000, 0x0000, 0x0000, 0x0000, 0x0000, 0x0000, 0x0000, 0x0000, 0x0000, 0x0000, 0x0000,
  0x0000, 0x0000, 0x0000, 0x0000, 0x0000, 0x0000, 0x0000, 0x0000, 0x0000, 0x0000, 0x0000, 0x0000, 0x0000, 0x0000, 0x0000, 0x0000,
  0x0000, 0x0000, 0x0000, 0x0000, 0x0000, 0x0000, 0x0000, 0x0000, 0x0000, 0x0000, 0x0000, 0x0000, 0x0000, 0x0000, 0x0000, 0x0000,
  0x0000, 0x0000, 0x0000, 0x0000, 0x0000, 0x0000, 0x0000, 0x0000, 0x0000, 0x0000, 0x0000, 0x0000, 0x0000, 0x0000, 0x0000, 0x0000,
  0x0000, 0x0000, 0x0000, 0x0000, 0x0000, 0x0000, 0x0000, 0x0000, 0x0000, 0x0000, 0x0000, 0x0000, 0x0000, 0x0000, 0x0000, 0x0000,
  0x0000, 0x0000, 0x0000, 0x0000, 0x0000, 0x0861, 0x10A2, 0x0041, 0x0000, 0x0021, 0x0021, 0x0041, 0x0042, 0x0882, 0x08C3, 0x0083,
  0x00A3, 0x0063, 0x08C4, 0x00A4, 0x00A4, 0x00C5, 0x00C4, 0x0063, 0x08C3, 0x10A1, 0x69C1, 0x20C2, 0x00A3, 0x00A3, 0x00A4, 0x00A4,
  0x0083, 0x00A3, 0x00C4, 0x00A4, 0x00A4, 0x00A4, 0x00A4, 0x0083, 0x0083, 0x0083, 0x0042, 0x28A1, 0x9201, 0x7140, 0x5900, 0x48E0,
  0x48C0, 0x48E0, 0x50E0, 0x5100, 0x40C0, 0x38A0, 0x3080, 0x3080, 0x40A0, 0x50C0, 0x68E1, 0x8121, 0x9141, 0xA160, 0xA960, 0xA920,
  0x9900, 0x88E0, 0x80E0, 0x80E0, 0x78C0, 0x70C0, 0x60A0, 0x5880, 0x60A0, 0x70C0, 0x70E0, 0x6900, 0x50E1, 0x2881, 0x0042, 0x0042,
  0x0042, 0x0042, 0x0043, 0x0063, 0x0063, 0x0063, 0x0063, 0x0063, 0x0063, 0x0063, 0x0083, 0x0083, 0x0083, 0x0083, 0x0083, 0x0883,
  0x0083, 0x0862, 0x1082, 0x0862, 0x0062, 0x0042, 0x0042, 0x0042, 0x0042, 0x0883, 0x0883, 0x0063, 0x0063, 0x0083, 0x00A3, 0x0063,
  0x0063, 0x0063, 0x0083, 0x0083, 0x0063, 0x0063, 0x0083, 0x0083, 0x0083, 0x0063, 0x0063, 0x0083, 0x0083, 0x0083, 0x0063, 0x0062,
  0x0062, 0x0042, 0x0042, 0x0042, 0x0042, 0x0041, 0x0041, 0x0041, 0x0882, 0x0841, 0x0000, 0x0000, 0x0000, 0x0000, 0x0000, 0x0000,
  0x0000, 0x0000, 0x0000, 0x0000, 0x0000, 0x0000, 0x0000, 0x0000, 0x0000, 0x0000, 0x0000, 0x0000, 0x0000, 0x0000, 0x0000, 0x0000,
  0x0000, 0x0000, 0x0000, 0x0000, 0x0000, 0x0000, 0x0000, 0x0000, 0x0000, 0x0000, 0x0000, 0x0000, 0x0000, 0x0000, 0x0000, 0x0000,
  0x0000, 0x0000, 0x0000, 0x0000, 0x0000, 0x0000, 0x0000, 0x0000, 0x0000, 0x0000, 0x0000, 0x0000, 0x0000, 0x0000, 0x0000, 0x0000,
  0x0000, 0x0000, 0x0000, 0x0000, 0x0000, 0x0000, 0x0000, 0x0000, 0x0000, 0x0000, 0x0000, 0x0000, 0x0000, 0x0000, 0x0000, 0x0000,
  0x0000, 0x0000, 0x0000, 0x0000, 0x0000, 0x0000, 0x0000, 0x0000, 0x0000, 0x0000, 0x0000, 0x0000, 0x0000, 0x0000, 0x0000, 0x0000,
  0x0000, 0x0000, 0x0000, 0x0000, 0x0000, 0x0000, 0x0000, 0x0000, 0x0000, 0x0000, 0x0000, 0x0000, 0x0000, 0x0000, 0x0000, 0x0000,
  0x0000, 0x0000, 0x0000, 0x0000, 0x0000, 0x0000, 0x0020, 0x1082, 0x10A2, 0x0001, 0x0001, 0x0021, 0x0041, 0x0882, 0x08A2, 0x0882,
  0x0062, 0x0083, 0x0904, 0x00A3, 0x00A4, 0x00A4, 0x0063, 0x0042, 0x08C3, 0x08C3, 0x4961, 0x5161, 0x0063, 0x00C4, 0x00C4, 0x00C4,
  0x00A4, 0x00A4, 0x00C4, 0x00C4, 0x00C4, 0x00A4, 0x00A4, 0x00A4, 0x0084, 0x0083, 0x0083, 0x0042, 0x28C1, 0x91E1, 0x6940, 0x6120,
  0x5920, 0x5100, 0x50E0, 0x48E0, 0x48E0, 0x48E0, 0x48E0, 0x40C0, 0x40C0, 0x38C0, 0x30A0, 0x3080, 0x3060, 0x2840, 0x2840, 0x3060,
  0x3060, 0x3060, 0x3080, 0x3080, 0x3880, 0x48A0, 0x60E0, 0x7900, 0x68E1, 0x48A1, 0x2861, 0x1041, 0x0021, 0x0022, 0x0043, 0x0042,
  0x0043, 0x0042, 0x0063, 0x0063, 0x0063, 0x0063, 0x0063, 0x0063, 0x0063, 0x0063, 0x0063, 0x0063, 0x0063, 0x0063, 0x0063, 0x0063,
  0x0063, 0x0083, 0x0063, 0x0062, 0x0063, 0x0042, 0x0042, 0x0042, 0x10A3, 0x0883, 0x08A4, 0x0083, 0x0063, 0x08C4, 0x0083, 0x0063,
  0x0063, 0x0063, 0x0083, 0x0083, 0x0063, 0x0063, 0x00A3, 0x00A3, 0x0083, 0x0063, 0x0083, 0x0083, 0x0083, 0x0083, 0x0062, 0x0062,
  0x0042, 0x0042, 0x0042, 0x0041, 0x0041, 0x0021, 0x0861, 0x0841, 0x0020, 0x0000, 0x0000, 0x0000, 0x0000, 0x0000, 0x0000, 0x0000,
  0x0000, 0x0000, 0x0000, 0x0000, 0x0000, 0x0000, 0x0000, 0x0000, 0x0000, 0x0000, 0x0000, 0x0000, 0x0000, 0x0000, 0x0000, 0x0000,
  0x0000, 0x0000, 0x0000, 0x0000, 0x0000, 0x0000, 0x0000, 0x0000, 0x0000, 0x0000, 0x0000, 0x0000, 0x0000, 0x0000, 0x0000, 0x0000,
  0x0000, 0x0000, 0x0000, 0x0000, 0x0000, 0x0000, 0x0000, 0x0000, 0x0000, 0x0000, 0x0000, 0x0000, 0x0000, 0x0000, 0x0000, 0x0000,
  0x0000, 0x0000, 0x0000, 0x0000, 0x0000, 0x0000, 0x0000, 0x0000, 0x0000, 0x0000, 0x0000, 0x0000, 0x0000, 0x0000, 0x0000, 0x0000,
  0x0000, 0x0000, 0x0000, 0x0000, 0x0000, 0x0000, 0x0000, 0x0000, 0x0000, 0x0000, 0x0000, 0x0000, 0x0000, 0x0000, 0x0000, 0x0000,
  0x0000, 0x0000, 0x0000, 0x0000, 0x0000, 0x0000, 0x0000, 0x0000, 0x0000, 0x0000, 0x0000, 0x0000, 0x0000, 0x0000, 0x0000, 0x0000,
  0x0000, 0x0000, 0x0000, 0x0000, 0x0000, 0x0000, 0x0000, 0x0000, 0x1082, 0x10A2, 0x0841, 0x0020, 0x0021, 0x0041, 0x0862, 0x0042,
  0x0042, 0x08C3, 0x08C3, 0x0083, 0x0083, 0x0062, 0x0062, 0x0083, 0x0083, 0x10C3, 0x18C1, 0x61C1, 0x18A2, 0x00C4, 0x00C4, 0x00C4,
  0x00C4, 0x00A4, 0x00C4, 0x00C4, 0x00C4, 0x00C4, 0x00A4, 0x00A4, 0x00A4, 0x00A4, 0x0083, 0x0083, 0x0043, 0x28A1, 0x9201, 0x7160,
  0x6940, 0x6120, 0x6120, 0x5900, 0x48E0, 0x48E0, 0x48E0, 0x48E0, 0x48C0, 0x48C0, 0x48C0, 0x48E0, 0x48E0, 0x48E0, 0x40C0, 0x40C0,
  0x40C0, 0x40C0, 0x48C0, 0x50E0, 0x48E0, 0x40C1, 0x30A1, 0x1861, 0x0021, 0x0022, 0x0022, 0x0042, 0x0862, 0x0863, 0x0883, 0x0863,
  0x0063, 0x0083, 0x0062, 0x0083, 0x0083, 0x0083, 0x0063, 0x0063, 0x0063, 0x0063, 0x0063, 0x0063, 0x0063, 0x0063, 0x0063, 0x0083,
  0x0083, 0x0063, 0x0063, 0x0883, 0x0062, 0x0042, 0x0063, 0x0883, 0x10A3, 0x0042, 0x08C4, 0x08E4, 0x1104, 0x08E4, 0x0063, 0x0063,
  0x0063, 0x0063, 0x0063, 0x0063, 0x0083, 0x0063, 0x0083, 0x08A3, 0x0083, 0x0083, 0x0063, 0x0062, 0x0062, 0x0062, 0x0042, 0x0042,
  0x0042, 0x0041, 0x0021, 0x0021, 0x0021, 0x0862, 0x0841, 0x0000, 0x0000, 0x0000, 0x0000, 0x0000, 0x0000, 0x0000, 0x0000, 0x0000,
  0x0000, 0x0000, 0x0000, 0x0000, 0x0000, 0x0000, 0x0000, 0x0000, 0x0000, 0x0000, 0x0000, 0x0000, 0x0000, 0x0000, 0x0000, 0x0000,
  0x0000, 0x0000, 0x0000, 0x0000, 0x0000, 0x0000, 0x0000, 0x0000, 0x0000, 0x0000, 0x0000, 0x0000, 0x0000, 0x0000, 0x0000, 0x0000,
  0x0000, 0x0000, 0x0000, 0x0000, 0x0000, 0x0000, 0x0000, 0x0000, 0x0000, 0x0000, 0x0000, 0x0000, 0x0000, 0x0000, 0x0000, 0x0000,
  0x0000, 0x0000, 0x0000, 0x0000, 0x0000, 0x0000, 0x0000, 0x0000, 0x0000, 0x0000, 0x0000, 0x0000, 0x0000, 0x0000, 0x0000, 0x0000,
  0x0000, 0x0000, 0x0000, 0x0000, 0x0000, 0x0000, 0x0000, 0x0000, 0x0000, 0x0000, 0x0000, 0x0000, 0x0000, 0x0000, 0x0000, 0x0000,
  0x0000, 0x0000, 0x0000, 0x0000, 0x0000, 0x0000, 0x0000, 0x0000, 0x0000, 0x0000, 0x0000, 0x0000, 0x0000, 0x0000, 0x0000, 0x0000,
  0x0000, 0x0000, 0x0000, 0x0000, 0x0000, 0x0000, 0x0000, 0x0000, 0x0000, 0x0020, 0x0861, 0x10A2, 0x0041, 0x0021, 0x0021, 0x0021,
  0x0062, 0x08A2, 0x0082, 0x0042, 0x0042, 0x0042, 0x0083, 0x0083, 0x0063, 0x08A2, 0x0882, 0x3921, 0x5182, 0x0083, 0x08E4, 0x00C4,
  0x00C4, 0x00C4, 0x00C4, 0x00C4, 0x00C4, 0x00C4, 0x00C4, 0x00C4, 0x00A4, 0x00A4, 0x0083, 0x0083, 0x00A3, 0x0063, 0x28C1, 0x9A21,
  0x7960, 0x5900, 0x6120, 0x6120, 0x5920, 0x5100, 0x48E0, 0x48C0, 0x40C0, 0x40C0, 0x40C0, 0x48C0, 0x48C0, 0x48E0, 0x40C0, 0x40A0,
  0x50E0, 0x6120, 0x6121, 0x38C1, 0x1061, 0x0042, 0x0022, 0x0042, 0x0042, 0x0042, 0x0043, 0x0042, 0x0042, 0x0042, 0x0062, 0x0883,
  0x0063, 0x2145, 0x3A08, 0x0063, 0x0083, 0x0084, 0x00A4, 0x0084, 0x0083, 0x0063, 0x0063, 0x00A3, 0x00A4, 0x0083, 0x0083, 0x00A3,
  0x0063, 0x0063, 0x10C3, 0x0883, 0x0042, 0x0083, 0x0883, 0x18C3, 0x0862, 0x0043, 0x0883, 0x2186, 0x1966, 0x0083, 0x0063, 0x0063,
  0x0063, 0x0083, 0x0083, 0x00A3, 0x0083, 0x0083, 0x0083, 0x0063, 0x0083, 0x0083, 0x0062, 0x0042, 0x0062, 0x0042, 0x0042, 0x0041,
  0x0041, 0x0021, 0x0020, 0x10A2, 0x0861, 0x0000, 0x0000, 0x0000, 0x0000, 0x0000, 0x0000, 0x0000, 0x0000, 0x0000, 0x0000, 0x0000,
  0x0000, 0x0000, 0x0000, 0x0000, 0x0000, 0x0000, 0x0000, 0x0000, 0x0000, 0x0000, 0x0000, 0x0000, 0x0000, 0x0000, 0x0000, 0x0000,
  0x0000, 0x0000, 0x0000, 0x0000, 0x0000, 0x0000, 0x0000, 0x0000, 0x0000, 0x0000, 0x0000, 0x0000, 0x0000, 0x0000, 0x0000, 0x0000,
  0x0000, 0x0000, 0x0000, 0x0000, 0x0000, 0x0000, 0x0000, 0x0000, 0x0000, 0x0000, 0x0000, 0x0000, 0x0000, 0x0000, 0x0000, 0x0000,
  0x0000, 0x0000, 0x0000, 0x0000, 0x0000, 0x0000, 0x0000, 0x0000, 0x0000, 0x0000, 0x0000, 0x0000, 0x0000, 0x0000, 0x0000, 0x0000,
  0x0000, 0x0000, 0x0000, 0x0000, 0x0000, 0x0000, 0x0000, 0x0000, 0x0000, 0x0000, 0x0000, 0x0000, 0x0000, 0x0000, 0x0000, 0x0000,
  0x0000, 0x0000, 0x0000, 0x0000, 0x0000, 0x0000, 0x0000, 0x0000, 0x0000, 0x0000, 0x0000, 0x0000, 0x0000, 0x0000, 0x0000, 0x0000,
  0x0000, 0x0000, 0x0000, 0x0000, 0x0000, 0x0000, 0x0000, 0x0000, 0x0000, 0x0000, 0x0000, 0x0841, 0x10A2, 0x0862, 0x0021, 0x0021,
  0x0042, 0x0062, 0x0041, 0x0021, 0x0022, 0x0042, 0x0083, 0x0083, 0x0063, 0x0062, 0x08A2, 0x1081, 0x59C2, 0x2902, 0x00A3, 0x00C4,
  0x00C4, 0x00C4, 0x00C4, 0x00C4, 0x00C4, 0x00C4, 0x00C4, 0x00C4, 0x00C4, 0x0083, 0x0083, 0x00A4, 0x00A4, 0x00A4, 0x0043, 0x2081,
  0x8A02, 0x91C1, 0x6940, 0x6120, 0x6120, 0x6120, 0x6140, 0x5920, 0x50E0, 0x48E0, 0x50E0, 0x50E0, 0x48C0, 0x50E0, 0x6940, 0x79A1,
  0x6981, 0x38E1, 0x0841, 0x0022, 0x0042, 0x0063, 0x0063, 0x0042, 0x0063, 0x0063, 0x0063, 0x0063, 0x0043, 0x0042, 0x0042, 0x0063,
  0x0063, 0x0083, 0x1925, 0x1925, 0x0063, 0x0083, 0x0084, 0x00A4, 0x00C4, 0x08C4, 0x08E5, 0x1105, 0x08C4, 0x00A4, 0x00A3, 0x0063,
  0x0062, 0x2145, 0x10C3, 0x0042, 0x0083, 0x08A3, 0x10C3, 0x10A3, 0x0042, 0x0063, 0x0062, 0x3966, 0x10C4, 0x0063, 0x0063, 0x0063,
  0x0083, 0x0083, 0x00A3, 0x00A3, 0x00A3, 0x0083, 0x0063, 0x0062, 0x0062, 0x0062, 0x0042, 0x0042, 0x0042, 0x0042, 0x0041, 0x0021,
  0x0021, 0x0841, 0x0861, 0x0841, 0x0000, 0x0000, 0x0000, 0x0000, 0x0000, 0x0000, 0x0000, 0x0000, 0x0000, 0x0000, 0x0000, 0x0000,
  0x0000, 0x0000, 0x0000, 0x0000, 0x0000, 0x0000, 0x0000, 0x0000, 0x0000, 0x0000, 0x0000, 0x0000, 0x0000, 0x0000, 0x0000, 0x0000,
  0x0000, 0x0000, 0x0000, 0x0000, 0x0000, 0x0000, 0x0000, 0x0000, 0x0000, 0x0000, 0x0000, 0x0000, 0x0000, 0x0000, 0x0000, 0x0000,
  0x0000, 0x0000, 0x0000, 0x0000, 0x0000, 0x0000, 0x0000, 0x0000, 0x0000, 0x0000, 0x0000, 0x0000, 0x0000, 0x0000, 0x0000, 0x0000,
  0x0000, 0x0000, 0x0000, 0x0000, 0x0000, 0x0000, 0x0000, 0x0000, 0x0000, 0x0000, 0x0000, 0x0000, 0x0000, 0x0000, 0x0000, 0x0000,
  0x0000, 0x0000, 0x0000, 0x0000, 0x0000, 0x0000, 0x0000, 0x0000, 0x0000, 0x0000, 0x0000, 0x0000, 0x0000, 0x0000, 0x0000, 0x0000,
  0x0000, 0x0000, 0x0000, 0x0000, 0x0000, 0x0000, 0x0000, 0x0000, 0x0000, 0x0000, 0x0000, 0x0000, 0x0000, 0x0000, 0x0000, 0x0000,
  0x0000, 0x0000, 0x0000, 0x0000, 0x0000, 0x0000, 0x0000, 0x0000, 0x0000, 0x0000, 0x0000, 0x0000, 0x0000, 0x0861, 0x10A3, 0x0861,
  0x0041, 0x0021, 0x0021, 0x0021, 0x0021, 0x0062, 0x0062, 0x0062, 0x0062, 0x0042, 0x0882, 0x08A2, 0x20E1, 0x51A1, 0x10A2, 0x00C4,
  0x08E4, 0x00C4, 0x00C4, 0x00C4, 0x00C4, 0x00C4, 0x00E4, 0x00C4, 0x0083, 0x0084, 0x00A4, 0x00A4, 0x00A4, 0x00A4, 0x0083, 0x0063,
  0x0862, 0x69A2, 0xA201, 0x89A0, 0x7140, 0x6940, 0x6120, 0x6100, 0x6100, 0x6120, 0x6100, 0x6920, 0x81A0, 0x81E1, 0x71A2, 0x38E2,
  0x0042, 0x0022, 0x0042, 0x0063, 0x0063, 0x0063, 0x0063, 0x0043, 0x0063, 0x0063, 0x0063, 0x0063, 0x0063, 0x0063, 0x0063, 0x0883,
  0x0083, 0x0063, 0x0042, 0x08A3, 0x08A4, 0x0063, 0x0083, 0x0083, 0x00A4, 0x08C4, 0x00A4, 0x0083, 0x0083, 0x0083, 0x0063, 0x10C4,
  0x39C6, 0x2124, 0x0042, 0x0063, 0x08A4, 0x10A3, 0x20E4, 0x0042, 0x0042, 0x0042, 0x1062, 0x48E3, 0x0863, 0x0063, 0x0063, 0x0063,
  0x0083, 0x08A3, 0x0883, 0x0083, 0x0083, 0x0083, 0x0062, 0x0062, 0x0042, 0x0062, 0x0042, 0x0042, 0x0041, 0x0021, 0x0021, 0x0041,
  0x1062, 0x0841, 0x0000, 0x0000, 0x0000, 0x0000, 0x0000, 0x0000, 0x0000, 0x0000, 0x0000, 0x0000, 0x0000, 0x0000, 0x0000, 0x0000,
  0x0000, 0x0000, 0x0000, 0x0000, 0x0000, 0x0000, 0x0000, 0x0000, 0x0000, 0x0000, 0x0000, 0x0000, 0x0000, 0x0000, 0x0000, 0x0000,
  0x0000, 0x0000, 0x0000, 0x0000, 0x0000, 0x0000, 0x0000, 0x0000, 0x0000, 0x0000, 0x0000, 0x0000, 0x0000, 0x0000, 0x0000, 0x0000,
  0x0000, 0x0000, 0x0000, 0x0000, 0x0000, 0x0000, 0x0000, 0x0000, 0x0000, 0x0000, 0x0000, 0x0000, 0x0000, 0x0000, 0x0000, 0x0000,
  0x0000, 0x0000, 0x0000, 0x0000, 0x0000, 0x0000, 0x0000, 0x0000, 0x0000, 0x0000, 0x0000, 0x0000, 0x0000, 0x0000, 0x0000, 0x0000,
  0x0000, 0x0000, 0x0000, 0x0000, 0x0000, 0x0000, 0x0000, 0x0000, 0x0000, 0x0000, 0x0000, 0x0000, 0x0000, 0x0000, 0x0000, 0x0000,
  0x0000, 0x0000, 0x0000, 0x0000, 0x0000, 0x0000, 0x0000, 0x0000, 0x0000, 0x0000, 0x0000, 0x0000, 0x0000, 0x0000, 0x0000, 0x0000,
  0x0000, 0x0000, 0x0000, 0x0000, 0x0000, 0x0000, 0x0000, 0x0000, 0x0000, 0x0000, 0x0000, 0x0000, 0x0000, 0x0000, 0x0000, 0x0841,
  0x0862, 0x0861, 0x0020, 0x0001, 0x0021, 0x0042, 0x0042, 0x0042, 0x0062, 0x0042, 0x0062, 0x10A2, 0x0881, 0x28E1, 0x4961, 0x10A2,
  0x00C4, 0x08E4, 0x08C4, 0x00C4, 0x00C4, 0x00A3, 0x00A3, 0x0083, 0x00A4, 0x00C5, 0x00A4, 0x00A4, 0x00A4, 0x00A4, 0x00A4, 0x00A4,
  0x0083, 0x0042, 0x28C2, 0x6161, 0x89C1, 0x9A01, 0x9201, 0x89E1, 0x79A0, 0x7960, 0x81E1, 0x8A42, 0x61A2, 0x20C2, 0x0022, 0x0022,
  0x0063, 0x0063, 0x0063, 0x0063, 0x0063, 0x0063, 0x0063, 0x0063, 0x0063, 0x0083, 0x0083, 0x0063, 0x0063, 0x0063, 0x0083, 0x0083,
  0x0063, 0x0063, 0x0063, 0x0062, 0x1105, 0x0905, 0x0083, 0x0083, 0x0083, 0x00A3, 0x0083, 0x00A4, 0x0083, 0x08A3, 0x31C6, 0x5288,
  0x2145, 0x0042, 0x0063, 0x08A4, 0x08C4, 0x2924, 0x10A3, 0x0022, 0x0042, 0x0042, 0x1862, 0x38C3, 0x0043, 0x0063, 0x0063, 0x0063,
  0x0883, 0x10A2, 0x0882, 0x0062, 0x0062, 0x0082, 0x0062, 0x0042, 0x0042, 0x0042, 0x0041, 0x0021, 0x0021, 0x0862, 0x10A2, 0x0841,
  0x0000, 0x0000, 0x0000, 0x0000, 0x0000, 0x0000, 0x0000, 0x0000, 0x0000, 0x0000, 0x0000, 0x0000, 0x0000, 0x0000, 0x0000, 0x0000,
  0x0000, 0x0000, 0x0000, 0x0000, 0x0000, 0x0000, 0x0000, 0x0000, 0x0000, 0x0000, 0x0000, 0x0000, 0x0000, 0x0000, 0x0000, 0x0000,
  0x0000, 0x0000, 0x0000, 0x0000, 0x0000, 0x0000, 0x0000, 0x0000, 0x0000, 0x0000, 0x0000, 0x0000, 0x0000, 0x0000, 0x0000, 0x0000,
  0x0000, 0x0000, 0x0000, 0x0000, 0x0000, 0x0000, 0x0000, 0x0000, 0x0000, 0x0000, 0x0000, 0x0000, 0x0000, 0x0000, 0x0000, 0x0000,
  0x0000, 0x0000, 0x0000, 0x0000, 0x0000, 0x0000, 0x0000, 0x0000, 0x0000, 0x0000, 0x0000, 0x0000, 0x0000, 0x0000, 0x0000, 0x0000,
  0x0000, 0x0000, 0x0000, 0x0000, 0x0000, 0x0000, 0x0000, 0x0000, 0x0000, 0x0000, 0x0000, 0x0000, 0x0000, 0x0000, 0x0000, 0x0000,
  0x0000, 0x0000, 0x0000, 0x0000, 0x0000, 0x0000, 0x0000, 0x0000, 0x0000, 0x0000, 0x0000, 0x0000, 0x0000, 0x0000, 0x0000, 0x0000,
  0x0000, 0x0000, 0x0000, 0x0000, 0x0000, 0x0000, 0x0000, 0x0000, 0x0000, 0x0000, 0x0000, 0x0000, 0x0000, 0x0000, 0x0000, 0x0000,
  0x0000, 0x0841, 0x1062, 0x0882, 0x0021, 0x0021, 0x0021, 0x0041, 0x0062, 0x0062, 0x0042, 0x1081, 0x1081, 0x0861, 0x20C0, 0x3941,
  0x18E2, 0x08C2, 0x10E2, 0x2122, 0x2962, 0x2942, 0x18C2, 0x0063, 0x00C4, 0x00E5, 0x00A4, 0x00A4, 0x00A4, 0x00A4, 0x00A4, 0x00A4,
  0x0083, 0x0083, 0x0063, 0x0042, 0x0862, 0x20C2, 0x30E2, 0x28A1, 0x59A2, 0x7223, 0x4983, 0x1082, 0x0022, 0x0043, 0x0063, 0x0063,
  0x0063, 0x0063, 0x0063, 0x0063, 0x0063, 0x0063, 0x0063, 0x0063, 0x0083, 0x0063, 0x0063, 0x0083, 0x0063, 0x0883, 0x0083, 0x0063,
  0x0063, 0x0063, 0x0043, 0x10C4, 0x2186, 0x1966, 0x1946, 0x1105, 0x08A4, 0x08C4, 0x1105, 0x1125, 0x2165, 0x5288, 0x52A8, 0x2125,
  0x0043, 0x0063, 0x0883, 0x10C4, 0x2104, 0x3144, 0x0022, 0x0042, 0x0042, 0x0042, 0x2082, 0x2082, 0x0063, 0x0063, 0x0083, 0x0083,
  0x0882, 0x0882, 0x0862, 0x0062, 0x0062, 0x0062, 0x0062, 0x0041, 0x0041, 0x0041, 0x0021, 0x0862, 0x1082, 0x1082, 0x0841, 0x0000,
  0x0000, 0x0000, 0x0000, 0x0000, 0x0000, 0x0000, 0x0000, 0x0000, 0x0000, 0x0000, 0x0000, 0x0000, 0x0000, 0x0000, 0x0000, 0x0000,
  0x0000, 0x0000, 0x0000, 0x0000, 0x0000, 0x0000, 0x0000, 0x0000, 0x0000, 0x0000, 0x0000, 0x0000, 0x0000, 0x0000, 0x0000, 0x0000,
  0x0000, 0x0000, 0x0000, 0x0000, 0x0000, 0x0000, 0x0000, 0x0000, 0x0000, 0x0000, 0x0000, 0x0000, 0x0000, 0x0000, 0x0000, 0x0000,
  0x0000, 0x0000, 0x0000, 0x0000, 0x0000, 0x0000, 0x0000, 0x0000, 0x0000, 0x0000, 0x0000, 0x0000, 0x0000, 0x0000, 0x0000, 0x0000,
  0x0000, 0x0000, 0x0000, 0x0000, 0x0000, 0x0000, 0x0000, 0x0000, 0x0000, 0x0000, 0x0000, 0x0000, 0x0000, 0x0000, 0x0000, 0x0000,
  0x0000, 0x0000, 0x0000, 0x0000, 0x0000, 0x0000, 0x0000, 0x0000, 0x0000, 0x0000, 0x0000, 0x0000, 0x0000, 0x0000, 0x0000, 0x0000,
  0x0000, 0x0000, 0x0000, 0x0000, 0x0000, 0x0000, 0x0000, 0x0000, 0x0000, 0x0000, 0x0000, 0x0000, 0x0000, 0x0000, 0x0000, 0x0000,
  0x0000, 0x0000, 0x0000, 0x0000, 0x0000, 0x0000, 0x0000, 0x0000, 0x0000, 0x0000, 0x0000, 0x0000, 0x0000, 0x0000, 0x0000, 0x0000,
  0x0000, 0x0000, 0x0000, 0x0861, 0x1082, 0x10A2, 0x0020, 0x0021, 0x0041, 0x0042, 0x0041, 0x0861, 0x1081, 0x0861, 0x0861, 0x1081,
  0x28E1, 0x28E1, 0x2921, 0x3161, 0x3981, 0x41A2, 0x2963, 0x0083, 0x00C4, 0x00E5, 0x00C4, 0x00A4, 0x00A4, 0x00A4, 0x00A4, 0x00A4,
  0x0084, 0x0083, 0x0083, 0x0083, 0x0083, 0x0063, 0x0063, 0x6286, 0x51E4, 0x0882, 0x0042, 0x0063, 0x0083, 0x0063, 0x0063, 0x0063,
  0x0063, 0x0063, 0x0083, 0x0083, 0x0083, 0x0063, 0x0063, 0x08A3, 0x0083, 0x0063, 0x0063, 0x0083, 0x0063, 0x1083, 0x1083, 0x0083,
  0x0063, 0x0063, 0x0042, 0x18E3, 0x29A5, 0x21C7, 0x29E7, 0x1986, 0x1125, 0x1145, 0x1965, 0x3A26, 0x6308, 0x4227, 0x10C4, 0x0063,
  0x0063, 0x0883, 0x18E5, 0x1905, 0x41A5, 0x0862, 0x0022, 0x0042, 0x0042, 0x0042, 0x2082, 0x0862, 0x0062, 0x0063, 0x0083, 0x0083,
  0x0082, 0x0062, 0x0062, 0x0062, 0x0042, 0x0042, 0x0041, 0x0021, 0x0021, 0x0841, 0x0841, 0x10A2, 0x0861, 0x0000, 0x0000, 0x0000,
  0x0000, 0x0000, 0x0000, 0x0000, 0x0000, 0x0000, 0x0000, 0x0000, 0x0000, 0x0000, 0x0000, 0x0000, 0x0000, 0x0000, 0x0000, 0x0000,
  0x0000, 0x0000, 0x0000, 0x0000, 0x0000, 0x0000, 0x0000, 0x0000, 0x0000, 0x0000, 0x0000, 0x0000, 0x0000, 0x0000, 0x0000, 0x0000,
  0x0000, 0x0000, 0x0000, 0x0000, 0x0000, 0x0000, 0x0000, 0x0000, 0x0000, 0x0000, 0x0000, 0x0000, 0x0000, 0x0000, 0x0000, 0x0000,
  0x0000, 0x0000, 0x0000, 0x0000, 0x0000, 0x0000, 0x0000, 0x0000, 0x0000, 0x0000, 0x0000, 0x0000, 0x0000, 0x0000, 0x0000, 0x0000,
  0x0000, 0x0000, 0x0000, 0x0000, 0x0000, 0x0000, 0x0000, 0x0000, 0x0000, 0x0000, 0x0000, 0x0000, 0x0000, 0x0000, 0x0000, 0x0000,
  0x0000, 0x0000, 0x0000, 0x0000, 0x0000, 0x0000, 0x0000, 0x0000, 0x0000, 0x0000, 0x0000, 0x0000, 0x0000, 0x0000, 0x0000, 0x0000,
  0x0000, 0x0000, 0x0000, 0x0000, 0x0000, 0x0000, 0x0000, 0x0000, 0x0000, 0x0000, 0x0000, 0x0000, 0x0000, 0x0000, 0x0000, 0x0000,
  0x0000, 0x0000, 0x0000, 0x0000, 0x0000, 0x0000, 0x0000, 0x0000, 0x0000, 0x0000, 0x0000, 0x0000, 0x0000, 0x0000, 0x0000, 0x0000,
  0x0000, 0x0000, 0x0000, 0x0000, 0x0000, 0x0841, 0x10A2, 0x0861, 0x0861, 0x0041, 0x0021, 0x0021, 0x0841, 0x0860, 0x0861, 0x0861,
  0x0041, 0x0861, 0x1081, 0x18A1, 0x10A1, 0x10A1, 0x0083, 0x00C4, 0x00A4, 0x00C4, 0x00E5, 0x00C4, 0x00A4, 0x00A4, 0x00A4, 0x00A4,
  0x0084, 0x0084, 0x0083, 0x0083, 0x0083, 0x0883, 0x5A66, 0x39A4, 0x0022, 0x0083, 0x0083, 0x0083, 0x0083, 0x0083, 0x0063, 0x0063,
  0x0083, 0x0083, 0x0083, 0x0083, 0x0083, 0x0063, 0x2944, 0x1924, 0x0063, 0x0083, 0x0063, 0x0083, 0x0083, 0x0862, 0x30A2, 0x0883,
  0x0084, 0x0063, 0x0882, 0x49A4, 0x4206, 0x42A8, 0x3268, 0x2A07, 0x2A07, 0x29E7, 0x4267, 0x4A87, 0x2165, 0x0883, 0x0063, 0x0063,
  0x10A4, 0x1905, 0x1905, 0x41C5, 0x2903, 0x0001, 0x0042, 0x0022, 0x0022, 0x0042, 0x1062, 0x0042, 0x0062, 0x0083, 0x0083, 0x0062,
  0x0062, 0x0042, 0x0042, 0x0041, 0x0041, 0x0021, 0x0041, 0x0861, 0x18C3, 0x0861, 0x0000, 0x0000, 0x0000, 0x0000, 0x0000, 0x0000,
  0x0000, 0x0000, 0x0000, 0x0000, 0x0000, 0x0000, 0x0000, 0x0000, 0x0000, 0x0000, 0x0000, 0x0000, 0x0000, 0x0000, 0x0000, 0x0000,
  0x0000, 0x0000, 0x0000, 0x0000, 0x0000, 0x0000, 0x0000, 0x0000, 0x0000, 0x0000, 0x0000, 0x0000, 0x0000, 0x0000, 0x0000, 0x0000,
  0x0000, 0x0000, 0x0000, 0x0000, 0x0000, 0x0000, 0x0000, 0x0000, 0x0000, 0x0000, 0x0000, 0x0000, 0x0000, 0x0000, 0x0000, 0x0000,
  0x0000, 0x0000, 0x0000, 0x0000, 0x0000, 0x0000, 0x0000, 0x0000, 0x0000, 0x0000, 0x0000, 0x0000, 0x0000, 0x0000, 0x0000, 0x0000,
  0x0000, 0x0000, 0x0000, 0x0000, 0x0000, 0x0000, 0x0000, 0x0000, 0x0000, 0x0000, 0x0000, 0x0000, 0x0000, 0x0000, 0x0000, 0x0000,
  0x0000, 0x0000, 0x0000, 0x0000, 0x0000, 0x0000, 0x0000, 0x0000, 0x0000, 0x0000, 0x0000, 0x0000, 0x0000, 0x0000, 0x0000, 0x0000,
  0x0000, 0x0000, 0x0000, 0x0000, 0x0000, 0x0000, 0x0000, 0x0000, 0x0000, 0x0000, 0x0000, 0x0000, 0x0000, 0x0000, 0x0000, 0x0000,
  0x0000, 0x0000, 0x0000, 0x0000, 0x0000, 0x0000, 0x0000, 0x0000, 0x0000, 0x0000, 0x0000, 0x0000, 0x0000, 0x0000, 0x0000, 0x0000,
  0x0000, 0x0000, 0x0000, 0x0000, 0x0000, 0x0000, 0x0000, 0x0020, 0x10A2, 0x10A2, 0x0862, 0x0041, 0x0020, 0x0040, 0x0841, 0x0841,
  0x0841, 0x0041, 0x0841, 0x0041, 0x0041, 0x0062, 0x0083, 0x00A3, 0x00A3, 0x0083, 0x00C4, 0x08E5, 0x00E4, 0x00A4, 0x00A4, 0x0083,
  0x0083, 0x0083, 0x0083, 0x0083, 0x0083, 0x41E6, 0x2104, 0x0022, 0x00A4, 0x0084, 0x0083, 0x0084, 0x0083, 0x0083, 0x0083, 0x0083,
  0x0083, 0x0083, 0x0083, 0x0083, 0x0063, 0x3185, 0x39C5, 0x0083, 0x0083, 0x0083, 0x0063, 0x0063, 0x0083, 0x0063, 0x40C2, 0x20A2,
  0x0083, 0x0063, 0x3963, 0x4184, 0x2124, 0x8C4C, 0x534A, 0x2A28, 0x29E7, 0x4268, 0x31E7, 0x10C4, 0x0083, 0x0063, 0x0063, 0x18E4,
  0x2125, 0x2125, 0x41A6, 0x3964, 0x0001, 0x0022, 0x0021, 0x0022, 0x0022, 0x0042, 0x0842, 0x0042, 0x0062, 0x0082, 0x0062, 0x0042,
  0x0041, 0x0041, 0x0021, 0x0041, 0x0841, 0x1082, 0x10A2, 0x0021, 0x0020, 0x0000, 0x0000, 0x0000, 0x0000, 0x0000, 0x0000, 0x0000,
  0x0000, 0x0000, 0x0000, 0x0000, 0x0000, 0x0000, 0x0000, 0x0000, 0x0000, 0x0000, 0x0000, 0x0000, 0x0000, 0x0000, 0x0000, 0x0000,
  0x0000, 0x0000, 0x0000, 0x0000, 0x0000, 0x0000, 0x0000, 0x0000, 0x0000, 0x0000, 0x0000, 0x0000, 0x0000, 0x0000, 0x0000, 0x0000,
  0x0000, 0x0000, 0x0000, 0x0000, 0x0000, 0x0000, 0x0000, 0x0000, 0x0000, 0x0000, 0x0000, 0x0000, 0x0000, 0x0000, 0x0000, 0x0000,
  0x0000, 0x0000, 0x0000, 0x0000, 0x0000, 0x0000, 0x0000, 0x0000, 0x0000, 0x0000, 0x0000, 0x0000, 0x0000, 0x0000, 0x0000, 0x0000,
  0x0000, 0x0000, 0x0000, 0x0000, 0x0000, 0x0000, 0x0000, 0x0000, 0x0000, 0x0000, 0x0000, 0x0000, 0x0000, 0x0000, 0x0000, 0x0000,
  0x0000, 0x0000, 0x0000, 0x0000, 0x0000, 0x0000, 0x0000, 0x0000, 0x0000, 0x0000, 0x0000, 0x0000, 0x0000, 0x0000, 0x0000, 0x0000,
  0x0000, 0x0000, 0x0000, 0x0000, 0x0000, 0x0000, 0x0000, 0x0000, 0x0000, 0x0000, 0x0000, 0x0000, 0x0000, 0x0000, 0x0000, 0x0000,
  0x0000, 0x0000, 0x0000, 0x0000, 0x0000, 0x0000, 0x0000, 0x0000, 0x0000, 0x0000, 0x0000, 0x0000, 0x0000, 0x0000, 0x0000, 0x0000,
  0x0000, 0x0000, 0x0000, 0x0000, 0x0000, 0x0000, 0x0000, 0x0000, 0x0000, 0x0000, 0x1082, 0x1082, 0x1082, 0x0862, 0x0840, 0x0020,
  0x0020, 0x0840, 0x0041, 0x0041, 0x0062, 0x0062, 0x0062, 0x0063, 0x0062, 0x0063, 0x0083, 0x00A3, 0x08C4, 0x08C4, 0x08C4, 0x00C4,
  0x00C4, 0x00A4, 0x00C4, 0x0083, 0x10E4, 0x10E4, 0x0043, 0x00A3, 0x0083, 0x0084, 0x0083, 0x0083, 0x0083, 0x0083, 0x0083, 0x0083,
  0x0083, 0x0083, 0x0083, 0x0063, 0x39C5, 0x39E5, 0x08A3, 0x0063, 0x0083, 0x0083, 0x0083, 0x0063, 0x0083, 0x0063, 0x38A1, 0x58C1,
  0x0042, 0x0883, 0x3964, 0x10E5, 0x0085, 0x7BEA, 0xA54D, 0x5329, 0x21A6, 0x08C4, 0x08C5, 0x10E5, 0x08A4, 0x10C4, 0x2125, 0x31A7,
  0x2986, 0x41C6, 0x49C5, 0x0021, 0x0021, 0x0021, 0x0021, 0x0021, 0x0021, 0x0021, 0x0021, 0x0042, 0x0062, 0x0062, 0x0042, 0x0041,
  0x0021, 0x0021, 0x1082, 0x0861, 0x0861, 0x0861, 0x0000, 0x0000, 0x0000, 0x0000, 0x0000, 0x0000, 0x0000, 0x0000, 0x0000, 0x0000,
  0x0000, 0x0000, 0x0000, 0x0000, 0x0000, 0x0000, 0x0000, 0x0000, 0x0000, 0x0000, 0x0000, 0x0000, 0x0000, 0x0000, 0x0000, 0x0000,
  0x0000, 0x0000, 0x0000, 0x0000, 0x0000, 0x0000, 0x0000, 0x0000, 0x0000, 0x0000, 0x0000, 0x0000, 0x0000, 0x0000, 0x0000, 0x0000,
  0x0000, 0x0000, 0x0000, 0x0000, 0x0000, 0x0000, 0x0000, 0x0000, 0x0000, 0x0000, 0x0000, 0x0000, 0x0000, 0x0000, 0x0000, 0x0000,
  0x0000, 0x0000, 0x0000, 0x0000, 0x0000, 0x0000, 0x0000, 0x0000, 0x0000, 0x0000, 0x0000, 0x0000, 0x0000, 0x0000, 0x0000, 0x0000,
  0x0000, 0x0000, 0x0000, 0x0000, 0x0000, 0x0000, 0x0000, 0x0000, 0x0000, 0x0000, 0x0000, 0x0000, 0x0000, 0x0000, 0x0000, 0x0000,
  0x0000, 0x0000, 0x0000, 0x0000, 0x0000, 0x0000, 0x0000, 0x0000, 0x0000, 0x0000, 0x0000, 0x0000, 0x0000, 0x0000, 0x0000, 0x0000,
  0x0000, 0x0000, 0x0000, 0x0000, 0x0000, 0x0000, 0x0000, 0x0000, 0x0000, 0x0000, 0x0000, 0x0000, 0x0000, 0x0000, 0x0000, 0x0000,
  0x0000, 0x0000, 0x0000, 0x0000, 0x0000, 0x0000, 0x0000, 0x0000, 0x0000, 0x0000, 0x0000, 0x0000, 0x0000, 0x0000, 0x0000, 0x0000,
  0x0000, 0x0000, 0x0000, 0x0000, 0x0000, 0x0000, 0x0000, 0x0000, 0x0000, 0x0000, 0x0000, 0x0000, 0x0020, 0x10A2, 0x10A3, 0x1082,
  0x0841, 0x0020, 0x0021, 0x0042, 0x0062, 0x0042, 0x0042, 0x0042, 0x0042, 0x0042, 0x0062, 0x0062, 0x0062, 0x0062, 0x0083, 0x0083,
  0x00A3, 0x00A3, 0x00A3, 0x0083, 0x0083, 0x0083, 0x0083, 0x0083, 0x0083, 0x0063, 0x0083, 0x0083, 0x0083, 0x0083, 0x0083, 0x0083,
  0x00A4, 0x00A4, 0x0062, 0x39A5, 0x4205, 0x08A3, 0x0063, 0x0083, 0x0083, 0x0083, 0x0083, 0x0063, 0x0063, 0x0083, 0x28A1, 0x70E0,
  0x3081, 0x20A2, 0x20E4, 0x00E6, 0x00C7, 0x21A6, 0xB56D, 0x7C2B, 0x42A9, 0x29E8, 0x29A7, 0x29A7, 0x31A7, 0x39E7, 0x4A28, 0x41E7,
  0x4A07, 0x4A05, 0x0821, 0x0001, 0x0021, 0x0021, 0x0021, 0x0021, 0x0021, 0x0021, 0x0021, 0x0042, 0x0042, 0x0041, 0x0041, 0x0841,
  0x0862, 0x10A2, 0x1082, 0x0020, 0x0000, 0x0000, 0x0000, 0x0000, 0x0000, 0x0000, 0x0000, 0x0000, 0x0000, 0x0000, 0x0000, 0x0000,
  0x0000, 0x0000, 0x0000, 0x0000, 0x0000, 0x0000, 0x0000, 0x0000, 0x0000, 0x0000, 0x0000, 0x0000, 0x0000, 0x0000, 0x0000, 0x0000,
  0x0000, 0x0000, 0x0000, 0x0000, 0x0000, 0x0000, 0x0000, 0x0000, 0x0000, 0x0000, 0x0000, 0x0000, 0x0000, 0x0000, 0x0000, 0x0000,
  0x0000, 0x0000, 0x0000, 0x0000, 0x0000, 0x0000, 0x0000, 0x0000, 0x0000, 0x0000, 0x0000, 0x0000, 0x0000, 0x0000, 0x0000, 0x0000,
  0x0000, 0x0000, 0x0000, 0x0000, 0x0000, 0x0000, 0x0000, 0x0000, 0x0000, 0x0000, 0x0000, 0x0000, 0x0000, 0x0000, 0x0000, 0x0000,
  0x0000, 0x0000, 0x0000, 0x0000, 0x0000, 0x0000, 0x0000, 0x0000, 0x0000, 0x0000, 0x0000, 0x0000, 0x0000, 0x0000, 0x0000, 0x0000,
  0x0000, 0x0000, 0x0000, 0x0000, 0x0000, 0x0000, 0x0000, 0x0000, 0x0000, 0x0000, 0x0000, 0x0000, 0x0000, 0x0000, 0x0000, 0x0000,
  0x0000, 0x0000, 0x0000, 0x0000, 0x0000, 0x0000, 0x0000, 0x0000, 0x0000, 0x0000, 0x0000, 0x0000, 0x0000, 0x0000, 0x0000, 0x0000,
  0x0000, 0x0000, 0x0000, 0x0000, 0x0000, 0x0000, 0x0000, 0x0000, 0x0000, 0x0000, 0x0000, 0x0000, 0x0000, 0x0000, 0x0000, 0x0000,
  0x0000, 0x0000, 0x0000, 0x0000, 0x0000, 0x0000, 0x0000, 0x0000, 0x0000, 0x0000, 0x0000, 0x0000, 0x0000, 0x0000, 0x0000, 0x0841,
  0x0861, 0x0861, 0x1082, 0x0862, 0x0021, 0x0021, 0x0021, 0x0021, 0x0042, 0x0042, 0x0042, 0x0042, 0x0042, 0x0042, 0x0042, 0x0042,
  0x0042, 0x0062, 0x0062, 0x0062, 0x0083, 0x0083, 0x0083, 0x0083, 0x0063, 0x0083, 0x0083, 0x0083, 0x0083, 0x0083, 0x00A4, 0x00C4,
  0x00A4, 0x0063, 0x2944, 0x3164, 0x0062, 0x0063, 0x0083, 0x0083, 0x0083, 0x0083, 0x0083, 0x0063, 0x0063, 0x10A3, 0x20A1, 0x58C0,
  0x5080, 0x4143, 0x31C6, 0x00E6, 0x00E7, 0x0084, 0x7368, 0x94AB, 0x5B49, 0x4AC9, 0x4AA9, 0x52A9, 0x5268, 0x5268, 0x4A28, 0x5A87,
  0x49E5, 0x0021, 0x0001, 0x0021, 0x0001, 0x0021, 0x0021, 0x0021, 0x0001, 0x0000, 0x0021, 0x0041, 0x0862, 0x0882, 0x0841, 0x0861,
  0x0841, 0x0000, 0x0000, 0x0000, 0x0000, 0x0000, 0x0000, 0x0000, 0x0000, 0x0000, 0x0000, 0x0000, 0x0000, 0x0000, 0x0000, 0x0000,
  0x0000, 0x0000, 0x0000, 0x0000, 0x0000, 0x0000, 0x0000, 0x0000, 0x0000, 0x0000, 0x0000, 0x0000, 0x0000, 0x0000, 0x0000, 0x0000,
  0x0000, 0x0000, 0x0000, 0x0000, 0x0000, 0x0000, 0x0000, 0x0000, 0x0000, 0x0000, 0x0000, 0x0000, 0x0000, 0x0000, 0x0000, 0x0000,
  0x0000, 0x0000, 0x0000, 0x0000, 0x0000, 0x0000, 0x0000, 0x0000, 0x0000, 0x0000, 0x0000, 0x0000, 0x0000, 0x0000, 0x0000, 0x0000,
  0x0000, 0x0000, 0x0000, 0x0000, 0x0000, 0x0000, 0x0000, 0x0000, 0x0000, 0x0000, 0x0000, 0x0000, 0x0000, 0x0000, 0x0000, 0x0000,
  0x0000, 0x0000, 0x0000, 0x0000, 0x0000, 0x0000, 0x0000, 0x0000, 0x0000, 0x0000, 0x0000, 0x0000, 0x0000, 0x0000, 0x0000, 0x0000,
  0x0000, 0x0000, 0x0000, 0x0000, 0x0000, 0x0000, 0x0000, 0x0000, 0x0000, 0x0000, 0x0000, 0x0000, 0x0000, 0x0000, 0x0000, 0x0000,
  0x0000, 0x0000, 0x0000, 0x0000, 0x0000, 0x0000, 0x0000, 0x0000, 0x0000, 0x0000, 0x0000, 0x0000, 0x0000, 0x0000, 0x0000, 0x0000,
  0x0000, 0x0000, 0x0000, 0x0000, 0x0000, 0x0000, 0x0000, 0x0000, 0x0000, 0x0000, 0x0000, 0x0000, 0x0000, 0x0000, 0x0000, 0x0000,
  0x0000, 0x0000, 0x0000, 0x0000, 0x0000, 0x0000, 0x0000, 0x0000, 0x0000, 0x0000, 0x0000, 0x0000, 0x0000, 0x0000, 0x0000, 0x0000,
  0x0000, 0x0000, 0x0841, 0x18C2, 0x1904, 0x1082, 0x0861, 0x0841, 0x0021, 0x0021, 0x0021, 0x0041, 0x0042, 0x0042, 0x0042, 0x0042,
  0x0042, 0x0042, 0x0042, 0x0042, 0x0082, 0x00A3, 0x08A3, 0x08A3, 0x08C4, 0x08C4, 0x08C4, 0x08C4, 0x08C4, 0x08C4, 0x08C4, 0x0083,
  0x0042, 0x10C3, 0x10C3, 0x0042, 0x0083, 0x0083, 0x0063, 0x0083, 0x0063, 0x0063, 0x0083, 0x0063, 0x0062, 0x10A2, 0x18A2, 0x40A0,
  0x50E0, 0x5224, 0x31C6, 0x00A5, 0x00A5, 0x0085, 0x18E3, 0x8C29, 0x73A9, 0x5308, 0x52E8, 0x52C8, 0x4A47, 0x5267, 0x62A7, 0x3983,
  0x0000, 0x0001, 0x0021, 0x0001, 0x0001, 0x0000, 0x0000, 0x0001, 0x0021, 0x0841, 0x0861, 0x0862, 0x0861, 0x0020, 0x0000, 0x0000,
  0x0000, 0x0000, 0x0000, 0x0000, 0x0000, 0x0000, 0x0000, 0x0000, 0x0000, 0x0000, 0x0000, 0x0000, 0x0000, 0x0000, 0x0000, 0x0000,
  0x0000, 0x0000, 0x0000, 0x0000, 0x0000, 0x0000, 0x0000, 0x0000, 0x0000, 0x0000, 0x0000, 0x0000, 0x0000, 0x0000, 0x0000, 0x0000,
  0x0000, 0x0000, 0x0000, 0x0000, 0x0000, 0x0000, 0x0000, 0x0000, 0x0000, 0x0000, 0x0000, 0x0000, 0x0000, 0x0000, 0x0000, 0x0000,
  0x0000, 0x0000, 0x0000, 0x0000, 0x0000, 0x0000, 0x0000, 0x0000, 0x0000, 0x0000, 0x0000, 0x0000, 0x0000, 0x0000, 0x0000, 0x0000,
  0x0000, 0x0000, 0x0000, 0x0000, 0x0000, 0x0000, 0x0000, 0x0000, 0x0000, 0x0000, 0x0000, 0x0000, 0x0000, 0x0000, 0x0000, 0x0000,
  0x0000, 0x0000, 0x0000, 0x0000, 0x0000, 0x0000, 0x0000, 0x0000, 0x0000, 0x0000, 0x0000, 0x0000, 0x0000, 0x0000, 0x0000, 0x0000,
  0x0000, 0x0000, 0x0000, 0x0000, 0x0000, 0x0000, 0x0000, 0x0000, 0x0000, 0x0000, 0x0000, 0x0000, 0x0000, 0x0000, 0x0000, 0x0000,
  0x0000, 0x0000, 0x0000, 0x0000, 0x0000, 0x0000, 0x0000, 0x0000, 0x0000, 0x0000, 0x0000, 0x0000, 0x0000, 0x0000, 0x0000, 0x0000,
  0x0000, 0x0000, 0x0000, 0x0000, 0x0000, 0x0000, 0x0000, 0x0000, 0x0000, 0x0000, 0x0000, 0x0000, 0x0000, 0x0000, 0x0000, 0x0000,
  0x0000, 0x0000, 0x0000, 0x0000, 0x0000, 0x0000, 0x0000, 0x0000, 0x0000, 0x0000, 0x0000, 0x0000, 0x0000, 0x0000, 0x0000, 0x0000,
  0x0000, 0x0000, 0x0000, 0x0000, 0x0000, 0x0021, 0x0841, 0x10C3, 0x1082, 0x10A2, 0x0862, 0x0021, 0x0021, 0x0021, 0x0021, 0x0021,
  0x0041, 0x0042, 0x0042, 0x0062, 0x0062, 0x0062, 0x0062, 0x0042, 0x0042, 0x0042, 0x0062, 0x0062, 0x0062, 0x0042, 0x0042, 0x0042,
  0x0062, 0x0062, 0x0063, 0x0083, 0x0063, 0x0062, 0x0063, 0x0063, 0x0063, 0x0063, 0x0062, 0x0042, 0x0882, 0x10A2, 0x0881, 0x2880,
  0x5182, 0x4A25, 0x2165, 0x0084, 0x0084, 0x00A4, 0x0001, 0x39A4, 0x9409, 0x7BA8, 0x6B48, 0x6307, 0x5AA7, 0x4A25, 0x18A2, 0x0000,
  0x0001, 0x0001, 0x0001, 0x0001, 0x0020, 0x0841, 0x1082, 0x10A2, 0x1082, 0x0020, 0x0020, 0x0000, 0x0000, 0x0000, 0x0000, 0x0000,
  0x0000, 0x0000, 0x0000, 0x0000, 0x0000, 0x0000, 0x0000, 0x0000, 0x0000, 0x0000, 0x0000, 0x0000, 0x0000, 0x0000, 0x0000, 0x0000,
  0x0000, 0x0000, 0x0000, 0x0000, 0x0000, 0x0000, 0x0000, 0x0000, 0x0000, 0x0000, 0x0000, 0x0000, 0x0000, 0x0000, 0x0000, 0x0000,
  0x0000, 0x0000, 0x0000, 0x0000, 0x0000, 0x0000, 0x0000, 0x0000, 0x0000, 0x0000, 0x0000, 0x0000, 0x0000, 0x0000, 0x0000, 0x0000,
  0x0000, 0x0000, 0x0000, 0x0000, 0x0000, 0x0000, 0x0000, 0x0000, 0x0000, 0x0000, 0x0000, 0x0000, 0x0000, 0x0000, 0x0000, 0x0000,
  0x0000, 0x0000, 0x0000, 0x0000, 0x0000, 0x0000, 0x0000, 0x0000, 0x0000, 0x0000, 0x0000, 0x0000, 0x0000, 0x0000, 0x0000, 0x0000,
  0x0000, 0x0000, 0x0000, 0x0000, 0x0000, 0x0000, 0x0000, 0x0000, 0x0000, 0x0000, 0x0000, 0x0000, 0x0000, 0x0000, 0x0000, 0x0000,
  0x0000, 0x0000, 0x0000, 0x0000, 0x0000, 0x0000, 0x0000, 0x0000, 0x0000, 0x0000, 0x0000, 0x0000, 0x0000, 0x0000, 0x0000, 0x0000,
  0x0000, 0x0000, 0x0000, 0x0000, 0x0000, 0x0000, 0x0000, 0x0000, 0x0000, 0x0000, 0x0000, 0x0000, 0x0000, 0x0000, 0x0000, 0x0000,
  0x0000, 0x0000, 0x0000, 0x0000, 0x0000, 0x0000, 0x0000, 0x0000, 0x0000, 0x0000, 0x0000, 0x0000, 0x0000, 0x0000, 0x0000, 0x0000,
  0x0000, 0x0000, 0x0000, 0x0000, 0x0000, 0x0000, 0x0000, 0x0000, 0x0000, 0x0000, 0x0000, 0x0000, 0x0000, 0x0000, 0x0000, 0x0000,
  0x0000, 0x0000, 0x0000, 0x0000, 0x0000, 0x0000, 0x0000, 0x0000, 0x0000, 0x0861, 0x18E3, 0x2104, 0x10A3, 0x0841, 0x1082, 0x0861,
  0x0021, 0x0021, 0x0021, 0x0021, 0x0021, 0x0021, 0x0021, 0x0021, 0x0021, 0x0021, 0x0021, 0x0021, 0x0022, 0x0042, 0x0042, 0x0062,
  0x0062, 0x0062, 0x0062, 0x0062, 0x0062, 0x0042, 0x0062, 0x0062, 0x0062, 0x0062, 0x0062, 0x0042, 0x1082, 0x0861, 0x0861, 0x1881,
  0x3962, 0x3984, 0x2124, 0x08A3, 0x0063, 0x0063, 0x0042, 0x0001, 0x2103, 0x5224, 0x5224, 0x3983, 0x10A1, 0x0000, 0x0001, 0x0021,
  0x0841, 0x0882, 0x0841, 0x0841, 0x0841, 0x1082, 0x0841, 0x0000, 0x0000, 0x0000, 0x0000, 0x0000, 0x0000, 0x0000, 0x0000, 0x0000,
  0x0000, 0x0000, 0x0000, 0x0000, 0x0000, 0x0000, 0x0000, 0x0000, 0x0000, 0x0000, 0x0000, 0x0000, 0x0000, 0x0000, 0x0000, 0x0000,
  0x0000, 0x0000, 0x0000, 0x0000, 0x0000, 0x0000, 0x0000, 0x0000, 0x0000, 0x0000, 0x0000, 0x0000, 0x0000, 0x0000, 0x0000, 0x0000,
  0x0000, 0x0000, 0x0000, 0x0000, 0x0000, 0x0000, 0x0000, 0x0000, 0x0000, 0x0000, 0x0000, 0x0000, 0x0000, 0x0000, 0x0000, 0x0000,
  0x0000, 0x0000, 0x0000, 0x0000, 0x0000, 0x0000, 0x0000, 0x0000, 0x0000, 0x0000, 0x0000, 0x0000, 0x0000, 0x0000, 0x0000, 0x0000,
  0x0000, 0x0000, 0x0000, 0x0000, 0x0000, 0x0000, 0x0000, 0x0000, 0x0000, 0x0000, 0x0000, 0x0000, 0x0000, 0x0000, 0x0000, 0x0000,
  0x0000, 0x0000, 0x0000, 0x0000, 0x0000, 0x0000, 0x0000, 0x0000, 0x0000, 0x0000, 0x0000, 0x0000, 0x0000, 0x0000, 0x0000, 0x0000,
  0x0000, 0x0000, 0x0000, 0x0000, 0x0000, 0x0000, 0x0000, 0x0000, 0x0000, 0x0000, 0x0000, 0x0000, 0x0000, 0x0000, 0x0000, 0x0000,
  0x0000, 0x0000, 0x0000, 0x0000, 0x0000, 0x0000, 0x0000, 0x0000, 0x0000, 0x0000, 0x0000, 0x0000, 0x0000, 0x0000, 0x0000, 0x0000,
  0x0000, 0x0000, 0x0000, 0x0000, 0x0000, 0x0000, 0x0000, 0x0000, 0x0000, 0x0000, 0x0000, 0x0000, 0x0000, 0x0000, 0x0000, 0x0000,
  0x0000, 0x0000, 0x0000, 0x0000, 0x0000, 0x0000, 0x0000, 0x0000, 0x0000, 0x0000, 0x0000, 0x0000, 0x0000, 0x0000, 0x0000, 0x0000,
  0x0000, 0x0000, 0x0000, 0x0000, 0x0000, 0x0000, 0x0000, 0x0000, 0x0000, 0x0000, 0x0000, 0x0000, 0x0020, 0x0000, 0x0861, 0x10A2,
  0x18C3, 0x10A2, 0x0861, 0x0841, 0x0841, 0x0041, 0x0021, 0x0021, 0x0021, 0x0041, 0x0021, 0x0021, 0x0021, 0x0021, 0x0041, 0x0042,
  0x0042, 0x0042, 0x0062, 0x0062, 0x0062, 0x0042, 0x0042, 0x0042, 0x0042, 0x0042, 0x0042, 0x0841, 0x0861, 0x0861, 0x0861, 0x1061,
  0x2902, 0x2922, 0x10E3, 0x0882, 0x0042, 0x0042, 0x0021, 0x0042, 0x0002, 0x0001, 0x0000, 0x0000, 0x0000, 0x0841, 0x1082, 0x18C3,
  0x1082, 0x0841, 0x0000, 0x0000, 0x0000, 0x0000, 0x0000, 0x0000, 0x0000, 0x0000, 0x0000, 0x0000, 0x0000, 0x0000, 0x0000, 0x0000,
  0x0000, 0x0000, 0x0000, 0x0000, 0x0000, 0x0000, 0x0000, 0x0000, 0x0000, 0x0000, 0x0000, 0x0000, 0x0000, 0x0000, 0x0000, 0x0000,
  0x0000, 0x0000, 0x0000, 0x0000, 0x0000, 0x0000, 0x0000, 0x0000, 0x0000, 0x0000, 0x0000, 0x0000, 0x0000, 0x0000, 0x0000, 0x0000,
  0x0000, 0x0000, 0x0000, 0x0000, 0x0000, 0x0000, 0x0000, 0x0000, 0x0000, 0x0000, 0x0000, 0x0000, 0x0000, 0x0000, 0x0000, 0x0000,
  0x0000, 0x0000, 0x0000, 0x0000, 0x0000, 0x0000, 0x0000, 0x0000, 0x0000, 0x0000, 0x0000, 0x0000, 0x0000, 0x0000, 0x0000, 0x0000,
  0x0000, 0x0000, 0x0000, 0x0000, 0x0000, 0x0000, 0x0000, 0x0000, 0x0000, 0x0000, 0x0000, 0x0000, 0x0000, 0x0000, 0x0000, 0x0000,
};
static const uint16_t closed_px[12021] = {
  0x10E5, 0x0000, 0x0000, 0x0000, 0x0001, 0x0001, 0x0000, 0x0000, 0x00A4, 0x0063, 0x0000, 0x0000, 0x2146, 0x7C52, 0x9D76, 0x6C11,
  0x3209, 0x10C3, 0x0000, 0x0000, 0x0000, 0x0000, 0x0000, 0x0000, 0x0000, 0x0021, 0x0041, 0x0063, 0x00A3, 0x00C4, 0x00C4, 0x01E9,
  0x0146, 0x00A4, 0x00C4, 0x00E5, 0x00C4, 0x0022, 0x0000, 0x4249, 0xA5B7, 0x6453, 0x4B2E, 0x1926, 0x0000, 0x0000, 0x0000, 0x0000,
  0x0000, 0x0000, 0x0000, 0x0041, 0x0082, 0x00A3, 0x00A4, 0x0083, 0x0062, 0x0041, 0x0000, 0x0000, 0x0000, 0x0000, 0x0000, 0x0000,
  0x0001, 0x026B, 0x01C9, 0x024A, 0x01E8, 0x0105, 0x00C4, 0x00C5, 0x0063, 0x0001, 0x31A7, 0xA575, 0xB618, 0x428B, 0x0000, 0x0000,
  0x0000, 0x0000, 0x0000, 0x0000, 0x0000, 0x0021, 0x0062, 0x0083, 0x0062, 0x0042, 0x0021, 0x0001, 0x0000, 0x0000, 0x0001, 0x0021,
  0x0022, 0x0021, 0x0001, 0x0021, 0x0001, 0x0001, 0x0001, 0x0001, 0x0001, 0x0001, 0x0001, 0x0083, 0x0167, 0x0146, 0x0126, 0x0126,
  0x00C4, 0x00A3, 0x0062, 0x0000, 0x1925, 0x9D14, 0xCEDB, 0x636E, 0x0021, 0x0000, 0x0000, 0x0020, 0x0000, 0x0000, 0x0000, 0x0000,
  0x0000, 0x0021, 0x0000, 0x0000, 0x0000, 0x0042, 0x0063, 0x0063, 0x0042, 0x0022, 0x0001, 0x0000, 0x0000, 0x0000, 0x0000, 0x0000,
  0x0000, 0x0000, 0x0001, 0x0021, 0x0021, 0x0001, 0x0021, 0x0022, 0x0022, 0x0021, 0x02AA, 0x0228, 0x0104, 0x00E4, 0x0167, 0x00C4,
  0x0042, 0x0021, 0x0021, 0x0000, 0x10A3, 0x8451, 0xD6FB, 0x8CD4, 0x08E4, 0x0000, 0x0021, 0x0000, 0x0000, 0x0000, 0x0000, 0x0000,
  0x0000, 0x0000, 0x0000, 0x0000, 0x0021, 0x0062, 0x0084, 0x0063, 0x0042, 0x0021, 0x0000, 0x0000, 0x0000, 0x0000, 0x0001, 0x0001,
  0x0001, 0x0001, 0x0001, 0x0001, 0x0001, 0x0021, 0x0021, 0x0021, 0x0022, 0x0021, 0x0001, 0x0001, 0x0001, 0x0229, 0x0209, 0x01A7,
  0x0061, 0x0000, 0x0000, 0x00A3, 0x0083, 0x0042, 0x0021, 0x2125, 0x8C51, 0xD6DB, 0xA576, 0x2166, 0x0000, 0x0000, 0x0021, 0x0000,
  0x0000, 0x0000, 0x0001, 0x0001, 0x0000, 0x0000, 0x0000, 0x0041, 0x00A3, 0x0083, 0x0021, 0x0000, 0x0000, 0x0000, 0x0000, 0x0000,
  0x0000, 0x0001, 0x0001, 0x0001, 0x0001, 0x0001, 0x0001, 0x0001, 0x0001, 0x0001, 0x0000, 0x0000, 0x0000, 0x0000, 0x0000, 0x0000,
  0x0001, 0x0021, 0x0020, 0x0020, 0x0000, 0x0020, 0x00A3, 0x01E8, 0x028A, 0x00E4, 0x0000, 0x0000, 0x0000, 0x0001, 0x0001, 0x0000,
  0x0021, 0x8452, 0x9D76, 0x29E8, 0x0000, 0x0000, 0x0021, 0x0000, 0x0000, 0x0000, 0x0000, 0x0021, 0x0021, 0x0000, 0x0021, 0x0062,
  0x0082, 0x0062, 0x0021, 0x0000, 0x0000, 0x0000, 0x0000, 0x0000, 0x0000, 0x0001, 0x0001, 0x0001, 0x0001, 0x0001, 0x0000, 0x0000,
  0x0000, 0x0000, 0x0000, 0x0021, 0x08A3, 0x1145, 0x19A7, 0x1A09, 0x224A, 0x1A6A, 0x226A, 0x2229, 0x31A5, 0x3964, 0x3963, 0x0061,
  0x0020, 0x0000, 0x0000, 0x0000, 0x0082, 0x00A3, 0x0042, 0x0021, 0x0000, 0x0000, 0x0000, 0x1061, 0x530C, 0x1126, 0x0042, 0x0000,
  0x0000, 0x0021, 0x0000, 0x0000, 0x0000, 0x0000, 0x0021, 0x0001, 0x0021, 0x0041, 0x0062, 0x0062, 0x0021, 0x0000, 0x0000, 0x0000,
  0x0000, 0x0000, 0x0021, 0x0062, 0x0083, 0x0083, 0x0083, 0x0083, 0x0042, 0x0000, 0x0000, 0x0021, 0x08C3, 0x1986, 0x2229, 0x22AC,
  0x2B0D, 0x2AEC, 0x224A, 0x11A7, 0x0925, 0x08C3, 0x0082, 0x0041, 0x0020, 0x0000, 0x0000, 0x0000, 0x0020, 0x0840, 0x0205, 0x01C5,
  0x0143, 0x0061, 0x0000, 0x0020, 0x0042, 0x0000, 0x0000, 0x0000, 0x0000, 0x0000, 0x0000, 0x0000, 0x10E3, 0x63CF, 0x324A, 0x0062,
  0x0021, 0x0001, 0x0021, 0x0000, 0x0000, 0x0000, 0x0000, 0x0021, 0x0042, 0x08A3, 0x0083, 0x0041, 0x0000, 0x0000, 0x0000, 0x0000,
  0x0000, 0x0021, 0x0062, 0x00A4, 0x00A4, 0x0084, 0x0062, 0x0001, 0x0000, 0x0000, 0x0061, 0x1186, 0x2AAB, 0x2B2D, 0x2AEC, 0x2229,
  0x1187, 0x08C4, 0x0041, 0x0000, 0x0000, 0x0000, 0x0000, 0x0000, 0x0000, 0x0000, 0x0000, 0x0000, 0x0000, 0x0000, 0x0000, 0x0000,
  0x0000, 0x01C4, 0x0266, 0x0286, 0x0123, 0x0082, 0x0061, 0x0000, 0x0042, 0x0083, 0x0020, 0x0000, 0x0000, 0x0000, 0x0000, 0x00C3,
  0x09E8, 0x1229, 0x0083, 0x0000, 0x0000, 0x0000, 0x0000, 0x0000, 0x0000, 0x0000, 0x0000, 0x0063, 0x08C4, 0x08C4, 0x0061, 0x0000,
  0x0000, 0x0000, 0x0000, 0x0000, 0x0021, 0x0063, 0x0084, 0x0084, 0x0063, 0x0021, 0x0000, 0x0000, 0x0061, 0x11A7, 0x22AB, 0x2ACC,
  0x226A, 0x1166, 0x0062, 0x0000, 0x0000, 0x0000, 0x0000, 0x0000, 0x0021, 0x0021, 0x0021, 0x0021, 0x0000, 0x0000, 0x0000, 0x0000,
  0x0000, 0x0000, 0x0000, 0x0000, 0x0000, 0x0000, 0x0000, 0x0000, 0x0245, 0x0204, 0x0205, 0x01A4, 0x00C2, 0x0041, 0x0020, 0x0000,
  0x0042, 0x00C4, 0x0083, 0x0042, 0x0021, 0x0000, 0x00C4, 0x0188, 0x0126, 0x0021, 0x0000, 0x0000, 0x0000, 0x0000, 0x0000, 0x0000,
  0x0000, 0x0062, 0x0926, 0x08E4, 0x0041, 0x0000, 0x0000, 0x0000, 0x0000, 0x0000, 0x0042, 0x0063, 0x0063, 0x0042, 0x0021, 0x0000,
  0x0000, 0x0000, 0x0904, 0x224A, 0x2AED, 0x1A09, 0x08E4, 0x0000, 0x0000, 0x0000, 0x0000, 0x0021, 0x0021, 0x0020, 0x0000, 0x0000,
  0x0000, 0x0000, 0x0000, 0x0000, 0x0000, 0x0000, 0x0000, 0x0000, 0x0000, 0x0000, 0x0000, 0x0000, 0x0000, 0x0000, 0x0000, 0x0000,
  0x0000, 0x0265, 0x02A6, 0x0204, 0x0246, 0x0205, 0x00E2, 0x0021, 0x0000, 0x0000, 0x0062, 0x00E5, 0x00C4, 0x0063, 0x0084, 0x0083,
  0x0083, 0x0083, 0x0042, 0x0000, 0x0000, 0x0000, 0x0000, 0x0000, 0x0000, 0x0021, 0x0925, 0x0946, 0x0062, 0x0000, 0x0000, 0x0000,
  0x0000, 0x0000, 0x0001, 0x0021, 0x0021, 0x0021, 0x0021, 0x0000, 0x0000, 0x0062, 0x11C7, 0x228B, 0x1A29, 0x1125, 0x0000, 0x0000,
  0x0000, 0x0000, 0x0000, 0x0000, 0x0000, 0x0000, 0x0000, 0x0000, 0x0000, 0x0000, 0x0000, 0x0000, 0x0000, 0x0000, 0x0000, 0x0000,
  0x0000, 0x0000, 0x0000, 0x0000, 0x0000, 0x0000, 0x0000, 0x0000, 0x0000, 0x0000, 0x0000, 0x0000, 0x0000, 0x0183, 0x0184, 0x0143,
  0x0123, 0x02A7, 0x0205, 0x0082, 0x0020, 0x0000, 0x0000, 0x0083, 0x00A3, 0x0062, 0x00A4, 0x126B, 0x0167, 0x00A4, 0x0042, 0x0000,
  0x0000, 0x0000, 0x0000, 0x0000, 0x0000, 0x08E4, 0x0967, 0x00A3, 0x0000, 0x0000, 0x0000, 0x0000, 0x0000, 0x0000, 0x0000, 0x0021,
  0x0062, 0x0062, 0x0021, 0x0000, 0x00A3, 0x11C8, 0x126B, 0x0987, 0x0061, 0x0000, 0x0000, 0x0000, 0x0000, 0x0000, 0x0000, 0x0000,
  0x0000, 0x0000, 0x0000, 0x0000, 0x0000, 0x0000, 0x0000, 0x0000, 0x0000, 0x0000, 0x0000, 0x0000, 0x0000, 0x0000, 0x0000, 0x0000,
  0x0000, 0x0000, 0x0000, 0x0000, 0x0000, 0x0000, 0x0000, 0x0000, 0x0000, 0x0000, 0x0000, 0x0102, 0x0265, 0x0265, 0x00C2, 0x00A2,
  0x00C2, 0x01A4, 0x00A2, 0x0041, 0x0000, 0x0000, 0x0041, 0x00A3, 0x0041, 0x0062, 0x01E9, 0x0126, 0x0042, 0x0021, 0x0000, 0x0000,
  0x0001, 0x0000, 0x0000, 0x0082, 0x0947, 0x08E5, 0x0000, 0x0000, 0x0000, 0x0000, 0x0000, 0x0000, 0x0000, 0x0021, 0x00A3, 0x08C4,
  0x0062, 0x0000, 0x0083, 0x09A8, 0x09C8, 0x00E4, 0x0000, 0x0000, 0x0000, 0x0000, 0x0000, 0x0000, 0x0000, 0x0000, 0x0000, 0x0000,
  0x0000, 0x0000, 0x0000, 0x0000, 0x0000, 0x0000, 0x0000, 0x0000, 0x0000, 0x0000, 0x0000, 0x0000, 0x0000, 0x0000, 0x0000, 0x0000,
  0x0000, 0x0000, 0x0000, 0x0000, 0x0000, 0x0000, 0x0000, 0x0000, 0x0000, 0x0000, 0x0000, 0x0000, 0x01A4, 0x0102, 0x0163, 0x0143,
  0x0163, 0x00E2, 0x0102, 0x0081, 0x0021, 0x0020, 0x0000, 0x0020, 0x0083, 0x0042, 0x0083, 0x01A8, 0x0083, 0x0000, 0x0000, 0x0000,
  0x0001, 0x0001, 0x0000, 0x0021, 0x0925, 0x0926, 0x0041, 0x0000, 0x0000, 0x0000, 0x0000, 0x0000, 0x0000, 0x0042, 0x00A3, 0x08E4,
  0x0082, 0x0000, 0x00A3, 0x11A8, 0x09A8, 0x00A3, 0x0000, 0x0000, 0x0000, 0x0000, 0x0000, 0x0000, 0x0000, 0x0000, 0x0000, 0x0000,
  0x0021, 0x0000, 0x0000, 0x0000, 0x0000, 0x0000, 0x0000, 0x0000, 0x0000, 0x0000, 0x0000, 0x0000, 0x0000, 0x0001, 0x0000, 0x0001,
  0x0001, 0x0001, 0x0000, 0x0000, 0x0000, 0x0000, 0x0000, 0x0021, 0x0000, 0x0000, 0x0000, 0x0000, 0x0000, 0x0000, 0x0000, 0x0123,
  0x0102, 0x0122, 0x0143, 0x00A1, 0x00C2, 0x0123, 0x0081, 0x0041, 0x0020, 0x0000, 0x0000, 0x0062, 0x0063, 0x00E4, 0x09E9, 0x0062,
  0x0000, 0x0000, 0x0000, 0x0000, 0x0000, 0x0000, 0x0905, 0x11C9, 0x00C4, 0x0000, 0x0000, 0x0000, 0x0000, 0x0000, 0x0000, 0x0083,
  0x08E5, 0x0905, 0x08A3, 0x0020, 0x0082, 0x0987, 0x0987, 0x0082, 0x0000, 0x0000, 0x0000, 0x0000, 0x0000, 0x0000, 0x0000, 0x0000,
  0x0000, 0x0000, 0x0021, 0x0042, 0x0000, 0x0000, 0x0000, 0x0001, 0x0001, 0x0000, 0x0000, 0x0000, 0x0000, 0x0001, 0x0021, 0x0021,
  0x0021, 0x0021, 0x0021, 0x0001, 0x0001, 0x0001, 0x0001, 0x0001, 0x0000, 0x0000, 0x0000, 0x0000, 0x0021, 0x0021, 0x0000, 0x0000,
  0x0000, 0x0000, 0x0000, 0x0000, 0x0041, 0x00C2, 0x0103, 0x0143, 0x0102, 0x0102, 0x00C1, 0x0081, 0x0020, 0x0000, 0x0000, 0x0000,
  0x0021, 0x0022, 0x00E5, 0x09E9, 0x0083, 0x0000, 0x0000, 0x0000, 0x0000, 0x0000, 0x0062, 0x11E9, 0x09A7, 0x0021, 0x0000, 0x0000,
  0x0000, 0x0000, 0x0000, 0x00C4, 0x0926, 0x08E4, 0x0882, 0x0020, 0x0062, 0x0967, 0x0967, 0x0082, 0x0000, 0x0000, 0x0000, 0x0000,
  0x0000, 0x0000, 0x0001, 0x0001, 0x0000, 0x0000, 0x0000, 0x0021, 0x0022, 0x0000, 0x0000, 0x0001, 0x0001, 0x0000, 0x0000, 0x0000,
  0x0000, 0x0001, 0x0001, 0x0021, 0x0022, 0x0022, 0x0022, 0x0022, 0x0042, 0x0062, 0x0042, 0x0021, 0x0022, 0x0022, 0x0001, 0x0000,
  0x0001, 0x0000, 0x0000, 0x0021, 0x0062, 0x0001, 0x0000, 0x0000, 0x0000, 0x0000, 0x00E2, 0x0163, 0x0081, 0x0000, 0x0040, 0x0040,
  0x0081, 0x0081, 0x0020, 0x0041, 0x0000, 0x0000, 0x0000, 0x0000, 0x0001, 0x00C4, 0x01A8, 0x0062, 0x0021, 0x0000, 0x0000, 0x0000,
  0x0000, 0x0905, 0x11E9, 0x00C3, 0x0000, 0x0000, 0x0000, 0x0000, 0x0000, 0x0083, 0x0905, 0x0905, 0x0061, 0x0000, 0x0041, 0x0925,
  0x09A8, 0x00A3, 0x0000, 0x0000, 0x0000, 0x0000, 0x0000, 0x0000, 0x0000, 0x0021, 0x0021, 0x0000, 0x0000, 0x0000, 0x0042, 0x0042,
  0x0001, 0x0000, 0x0000, 0x0000, 0x0021, 0x0001, 0x0021, 0x0083, 0x0042, 0x0022, 0x0021, 0x0021, 0x0042, 0x0042, 0x0042, 0x0042,
  0x0022, 0x0042, 0x0063, 0x0062, 0x0042, 0x0042, 0x0042, 0x0001, 0x0001, 0x0021, 0x0001, 0x0000, 0x0021, 0x0063, 0x0021, 0x0001,
  0x0021, 0x0001, 0x0001, 0x00A1, 0x00C2, 0x0163, 0x00A1, 0x0040, 0x0061, 0x0020, 0x0020, 0x0061, 0x0061, 0x0000, 0x0000, 0x0000,
  0x0000, 0x0000, 0x00E4, 0x0167, 0x0042, 0x0000, 0x0021, 0x0021, 0x0000, 0x0041, 0x11C9, 0x0987, 0x0000, 0x0000, 0x0000, 0x0000,
  0x0000, 0x0042, 0x00A4, 0x0083, 0x0041, 0x0000, 0x0020, 0x0905, 0x0987, 0x08C4, 0x0000, 0x0000, 0x0000, 0x0000, 0x0000, 0x0001,
  0x0001, 0x0000, 0x0021, 0x0021, 0x0001, 0x0001, 0x0021, 0x0062, 0x0021, 0x0000, 0x0000, 0x0000, 0x0042, 0x0021, 0x0022, 0x0022,
  0x0042, 0x00E4, 0x00C4, 0x0063, 0x0063, 0x0042, 0x0022, 0x0063, 0x0063, 0x0063, 0x0063, 0x0042, 0x0062, 0x00A4, 0x0062, 0x0062,
  0x0063, 0x0042, 0x0063, 0x0083, 0x0063, 0x0041, 0x0000, 0x0001, 0x0063, 0x0042, 0x0042, 0x0022, 0x0021, 0x0022, 0x00A1, 0x00C2,
  0x0081, 0x0081, 0x0061, 0x00A1, 0x00C2, 0x0040, 0x0061, 0x00A2, 0x0020, 0x0000, 0x0000, 0x0000, 0x0000, 0x0125, 0x0146, 0x0001,
  0x0000, 0x0000, 0x0020, 0x0000, 0x00C3, 0x1209, 0x08E4, 0x0000, 0x0000, 0x0000, 0x0000, 0x0020, 0x0062, 0x0042, 0x0021, 0x0820,
  0x0000, 0x0083, 0x0946, 0x0905, 0x0000, 0x0000, 0x0000, 0x0000, 0x0000, 0x0001, 0x0000, 0x0021, 0x0000, 0x0001, 0x0001, 0x0001,
  0x0001, 0x0022, 0x00A4, 0x0062, 0x0000, 0x0000, 0x0000, 0x0042, 0x0042, 0x0022, 0x0042, 0x0063, 0x0043, 0x0043, 0x0063, 0x0063,
  0x0042, 0x0062, 0x0063, 0x00A4, 0x00C5, 0x00C5, 0x00A4, 0x0084, 0x0042, 0x0062, 0x0105, 0x00C5, 0x0063, 0x0063, 0x00A4, 0x00A4,
  0x00A4, 0x0083, 0x0042, 0x0000, 0x0001, 0x0083, 0x0062, 0x0042, 0x0042, 0x0042, 0x0040, 0x00A1, 0x00E2, 0x00E2, 0x0061, 0x0020,
  0x0041, 0x0061, 0x0020, 0x0020, 0x0000, 0x0000, 0x0000, 0x0000, 0x0021, 0x0966, 0x0125, 0x0021, 0x0000, 0x0000, 0x0000, 0x0000,
  0x0946, 0x09C8, 0x0041, 0x0000, 0x0000, 0x0000, 0x0000, 0x0041, 0x0042, 0x0000, 0x0840, 0x1060, 0x0041, 0x08E5, 0x0905, 0x0041,
  0x0000, 0x0000, 0x0000, 0x0000, 0x0001, 0x0001, 0x0000, 0x0000, 0x0000, 0x0000, 0x0021, 0x0022, 0x0001, 0x0021, 0x0063, 0x0021,
  0x0001, 0x0001, 0x0021, 0x0022, 0x0083, 0x0063, 0x0083, 0x00C4, 0x00A4, 0x0083, 0x0063, 0x0083, 0x00A4, 0x0063, 0x0063, 0x0084,
  0x00A4, 0x00A4, 0x00C4, 0x00E5, 0x00E5, 0x00C5, 0x0063, 0x00A4, 0x00E5, 0x0063, 0x00A4, 0x00A3, 0x00C4, 0x00E5, 0x00C4, 0x00A3,
  0x0041, 0x0000, 0x0062, 0x00C4, 0x0083, 0x0063, 0x0042, 0x0062, 0x0000, 0x0061, 0x00A1, 0x0102, 0x00E2, 0x00A1, 0x0061, 0x0020,
  0x0040, 0x0000, 0x0000, 0x0000, 0x0000, 0x0000, 0x0042, 0x11C7, 0x0124, 0x0000, 0x0020, 0x0000, 0x0000, 0x0041, 0x0967, 0x0925,
  0x0000, 0x0000, 0x0000, 0x0000, 0x0000, 0x0021, 0x0021, 0x0021, 0x18A2, 0x1081, 0x0083, 0x00C4, 0x0062, 0x0000, 0x0000, 0x0000,
  0x0000, 0x0000, 0x0021, 0x0001, 0x0000, 0x0001, 0x0000, 0x0001, 0x0022, 0x0022, 0x0001, 0x0021, 0x0042, 0x0000, 0x0000, 0x0021,
  0x0022, 0x0042, 0x0042, 0x0063, 0x00E5, 0x0147, 0x0105, 0x00A4, 0x0063, 0x00A4, 0x0167, 0x0127, 0x0105, 0x0187, 0x0126, 0x0106,
  0x00C5, 0x0063, 0x00E5, 0x0167, 0x0188, 0x0188, 0x00A4, 0x0062, 0x00E5, 0x0146, 0x0126, 0x0105, 0x00E5, 0x0083, 0x0062, 0x00A3,
  0x0001, 0x0042, 0x00E4, 0x00E5, 0x00A4, 0x0083, 0x0063, 0x00A4, 0x0061, 0x0020, 0x0081, 0x0060, 0x0081, 0x0081, 0x0040, 0x0061,
  0x0000, 0x0000, 0x0000, 0x0000, 0x0000, 0x0000, 0x08E3, 0x19C6, 0x08A2, 0x0000, 0x0000, 0x0000, 0x0000, 0x00A3, 0x11A8, 0x0082,
  0x0000, 0x0000, 0x0000, 0x0000, 0x0000, 0x0021, 0x0001, 0x1081, 0x28E2, 0x10A2, 0x00C5, 0x0083, 0x0000, 0x0000, 0x0000, 0x0000,
  0x0000, 0x0000, 0x0021, 0x0001, 0x0000, 0x0001, 0x0001, 0x0042, 0x0083, 0x0042, 0x0022, 0x0022, 0x0063, 0x0063, 0x0000, 0x0021,
  0x0042, 0x0042, 0x0063, 0x00A4, 0x00C5, 0x00E5, 0x0188, 0x01A8, 0x0146, 0x01C8, 0x0187, 0x01E9, 0x022A, 0x020A, 0x026A, 0x0AEC,
  0x022A, 0x01A9, 0x0084, 0x00C4, 0x0209, 0x028B, 0x026B, 0x0105, 0x0022, 0x01A8, 0x022A, 0x0167, 0x00A3, 0x0062, 0x0083, 0x00C4,
  0x00E4, 0x00E4, 0x0082, 0x0083, 0x00E5, 0x0105, 0x00E4, 0x00C4, 0x0083, 0x0000, 0x0000, 0x0000, 0x0000, 0x0000, 0x0020, 0x0020,
  0x0000, 0x0000, 0x0000, 0x0000, 0x0000, 0x0020, 0x0000, 0x1104, 0x2AA9, 0x0061, 0x0000, 0x0021, 0x0000, 0x0000, 0x0925, 0x0967,
  0x0021, 0x0000, 0x0000, 0x0000, 0x0000, 0x0000, 0x0021, 0x0841, 0x28E2, 0x20E2, 0x00C4, 0x00A4, 0x0021, 0x0000, 0x0000, 0x0000,
  0x0000, 0x0021, 0x0001, 0x0021, 0x0000, 0x0000, 0x0001, 0x0001, 0x0062, 0x0083, 0x0022, 0x0042, 0x0043, 0x0063, 0x0063, 0x0000,
  0x0021, 0x0042, 0x00A4, 0x0083, 0x00C4, 0x0126, 0x0167, 0x0187, 0x0167, 0x0167, 0x0126, 0x0187, 0x028B, 0x030D, 0x02AC, 0x02CC,
  0x02AC, 0x02ED, 0x02AC, 0x024B, 0x0187, 0x0105, 0x034E, 0x02AB, 0x0187, 0x0062, 0x00A4, 0x01A7, 0x024A, 0x0105, 0x0083, 0x0125,
  0x01C8, 0x01E8, 0x0209, 0x01E8, 0x00A3, 0x0041, 0x0125, 0x0166, 0x0126, 0x0105, 0x00C4, 0x0063, 0x0000, 0x0000, 0x0000, 0x0000,
  0x0000, 0x0000, 0x0000, 0x0000, 0x0000, 0x0000, 0x0020, 0x0000, 0x0020, 0x0000, 0x08A2, 0x2247, 0x0061, 0x0000, 0x0020, 0x0000,
  0x0882, 0x0987, 0x08E4, 0x0000, 0x0000, 0x0000, 0x0000, 0x0000, 0x0021, 0x0083, 0x0861, 0x20C1, 0x10E3, 0x00C5, 0x0062, 0x0000,
  0x0000, 0x0000, 0x0000, 0x0001, 0x0001, 0x0000, 0x0001, 0x0000, 0x0001, 0x0001, 0x0001, 0x0022, 0x0083, 0x0063, 0x0063, 0x0063,
  0x0084, 0x00C5, 0x0020, 0x0001, 0x0063, 0x0083, 0x0083, 0x00E5, 0x0147, 0x0147, 0x01C9, 0x01E8, 0x0187, 0x01A8, 0x01C8, 0x0126,
  0x0209, 0x028B, 0x024A, 0x034E, 0x03F0, 0x0410, 0x036E, 0x028B, 0x0BCF, 0x0229, 0x01E8, 0x01A7, 0x00E4, 0x024A, 0x030D, 0x0229,
  0x0A49, 0x00C4, 0x0126, 0x0187, 0x026A, 0x02CB, 0x026A, 0x01A7, 0x0105, 0x0105, 0x08C3, 0x0986, 0x0146, 0x00A3, 0x00E4, 0x00E5,
  0x00C4, 0x0020, 0x0000, 0x0000, 0x0061, 0x0061, 0x0020, 0x0000, 0x0020, 0x0041, 0x0082, 0x0041, 0x0000, 0x0000, 0x0061, 0x11A6,
  0x0061, 0x0000, 0x0020, 0x0020, 0x00C4, 0x0925, 0x0041, 0x0000, 0x0000, 0x0000, 0x0000, 0x0000, 0x0021, 0x0083, 0x0841, 0x0861,
  0x08E4, 0x00A3, 0x0020, 0x0000, 0x0000, 0x0000, 0x0000, 0x0000, 0x0001, 0x0001, 0x0042, 0x0000, 0x0000, 0x0001, 0x0021, 0x0042,
  0x0063, 0x00A4, 0x00A5, 0x0063, 0x0022, 0x0127, 0x0083, 0x0000, 0x0063, 0x0083, 0x0167, 0x0126, 0x00E5, 0x0167, 0x0167, 0x01A8,
  0x022A, 0x028B, 0x026B, 0x02AC, 0x0ACC, 0x038E, 0x0471, 0x038E, 0x030C, 0x04F2, 0x05D5, 0x04B1, 0x042F, 0x0470, 0x030B, 0x00A3,
  0x0001, 0x0229, 0x02EC, 0x028A, 0x01C7, 0x0105, 0x0125, 0x030B, 0x030A, 0x02AA, 0x028A, 0x01E8, 0x0125, 0x024A, 0x026A, 0x00E4,
  0x0945, 0x0145, 0x00E4, 0x0187, 0x0146, 0x0146, 0x01E5, 0x01A4, 0x0103, 0x0081, 0x00A2, 0x0104, 0x0924, 0x0924, 0x0082, 0x0061,
  0x0021, 0x0000, 0x0000, 0x0021, 0x00A3, 0x0061, 0x0000, 0x0000, 0x0061, 0x08C4, 0x0082, 0x0000, 0x0000, 0x0000, 0x0000, 0x0000,
  0x0000, 0x0021, 0x0862, 0x0840, 0x0082, 0x0104, 0x0062, 0x0000, 0x0000, 0x0000, 0x0000, 0x0001, 0x0001, 0x0000, 0x0001, 0x0062,
  0x0042, 0x0000, 0x0001, 0x0021, 0x0083, 0x0084, 0x0106, 0x0126, 0x0084, 0x0063, 0x00A4, 0x00A4, 0x0001, 0x0083, 0x0946, 0x0126,
  0x0167, 0x028A, 0x01C7, 0x01C7, 0x0229, 0x0209, 0x03D0, 0x04D3, 0x03AF, 0x038E, 0x0CD3, 0x034D, 0x0491, 0x036D, 0x0209, 0x0C0F,
  0x0430, 0x0451, 0x03AE, 0x0269, 0x0104, 0x0125, 0x00C4, 0x0B2D, 0x0430, 0x036D, 0x030C, 0x0146, 0x0B0B, 0x0CCF, 0x048E, 0x034B,
  0x01C7, 0x1A08, 0x0A08, 0x036D, 0x0B4C, 0x0208, 0x0041, 0x21A5, 0x1227, 0x01C7, 0x0208, 0x0187, 0x0105, 0x0020, 0x0061, 0x00A2,
  0x0082, 0x0041, 0x0000, 0x0000, 0x0041, 0x0062, 0x0021, 0x0000, 0x0000, 0x0000, 0x0020, 0x0001, 0x08A2, 0x0860, 0x0041, 0x08A3,
  0x08A3, 0x0021, 0x0000, 0x0000, 0x0000, 0x0000, 0x0000, 0x0000, 0x0021, 0x1081, 0x18A2, 0x00C4, 0x00C3, 0x0000, 0x0000, 0x0000,
  0x0000, 0x0001, 0x0001, 0x0021, 0x0001, 0x0001, 0x0001, 0x0083, 0x0001, 0x0001, 0x0001, 0x0083, 0x0083, 0x0084, 0x00C4, 0x0083,
  0x0084, 0x00C5, 0x00E5, 0x0022, 0x00A4, 0x0106, 0x0147, 0x01C8, 0x01A8, 0x034D, 0x026A, 0x01E8, 0x026A, 0x01A7, 0x036E, 0x0513,
  0x0512, 0x0532, 0x0D74, 0x14D2, 0x03CF, 0x040F, 0x038D, 0x040F, 0x026A, 0x01E8, 0x00C3, 0x0020, 0x0165, 0x03CE, 0x036D, 0x0AEB,
  0x0D74, 0x04B1, 0x02AA, 0x0145, 0x148E, 0x25F3, 0x040D, 0x02AA, 0x0166, 0x236D, 0x2BCD, 0x032B, 0x02AA, 0x0208, 0x0945, 0x3B8B,
  0x2AC9, 0x0208, 0x0249, 0x01C7, 0x0125, 0x00E4, 0x0082, 0x0082, 0x0041, 0x0041, 0x0041, 0x0020, 0x0000, 0x0000, 0x0041, 0x0062,
  0x0021, 0x0000, 0x0000, 0x0001, 0x0000, 0x2123, 0x2943, 0x10E3, 0x10E4, 0x0062, 0x0000, 0x0000, 0x0000, 0x0000, 0x0000, 0x0000,
  0x0001, 0x0000, 0x1881, 0x2103, 0x00E4, 0x0062, 0x0000, 0x0000, 0x0000, 0x0000, 0x0021, 0x0021, 0x0001, 0x0001, 0x0063, 0x0001,
  0x0041, 0x0042, 0x0000, 0x0021, 0x0043, 0x00A4, 0x0967, 0x0905, 0x0063, 0x00C5, 0x00A4, 0x0126, 0x0062, 0x0063, 0x0147, 0x0187,
  0x0209, 0x028B, 0x028B, 0x03CE, 0x136D, 0x0249, 0x038E, 0x036D, 0x0249, 0x02CB, 0x0470, 0x0532, 0x0573, 0x0E16, 0x03CF, 0x03EE,
  0x0532, 0x04B1, 0x040E, 0x028A, 0x0062, 0x0207, 0x04B1, 0x04AF, 0x04D0, 0x038C, 0x144F, 0x0594, 0x0228, 0x0227, 0x0D51, 0x048E,
  0x038C, 0x02EA, 0x03AC, 0x042E, 0x030A, 0x01E6, 0x0228, 0x0145, 0x0965, 0x0C0C, 0x0267, 0x0207, 0x0208, 0x01A6, 0x0145, 0x11A7,
  0x0082, 0x0082, 0x0082, 0x0082, 0x0041, 0x0021, 0x0000, 0x0000, 0x0041, 0x0062, 0x0041, 0x0000, 0x0000, 0x0000, 0x0041, 0x5286,
  0x4225, 0x10C3, 0x10C3, 0x0021, 0x0000, 0x0000, 0x0000, 0x0020, 0x0000, 0x0000, 0x0001, 0x0000, 0x18A1, 0x1104, 0x00A3, 0x0000,
  0x0000, 0x0000, 0x0000, 0x0000, 0x0021, 0x0022, 0x0021, 0x0021, 0x0022, 0x0042, 0x0042, 0x0062, 0x0000, 0x0001, 0x0042, 0x0043,
  0x0084, 0x0926, 0x0105, 0x0106, 0x00E6, 0x0167, 0x11A7, 0x0021, 0x00C5, 0x0106, 0x01E9, 0x024A, 0x034D, 0x0D95, 0x03CE, 0x028A,
  0x0450, 0x06B8, 0x0D53, 0x2554, 0x0C70, 0x0289, 0x040D, 0x03AC, 0x034C, 0x034C, 0x0289, 0x0573, 0x0592, 0x048F, 0x01E7, 0x02A9,
  0x15D5, 0x0CD0, 0x0550, 0x05F2, 0x0591, 0x042D, 0x0CF1, 0x01C7, 0x02E9, 0x0C6E, 0x03AC, 0x032B, 0x030A, 0x044D, 0x044E, 0x03CC,
  0x0248, 0x01A6, 0x0061, 0x2A85, 0x0BA9, 0x0309, 0x01E6, 0x0186, 0x0186, 0x2228, 0x19E8, 0x0082, 0x00C2, 0x00A2, 0x0082, 0x0061,
  0x0020, 0x0000, 0x0000, 0x0082, 0x0041, 0x0000, 0x0000, 0x0000, 0x18C2, 0x6307, 0x4225, 0x10A2, 0x0861, 0x0000, 0x0000, 0x0000,
  0x0000, 0x0000, 0x0000, 0x0000, 0x0000, 0x0020, 0x20C2, 0x08C3, 0x0042, 0x0000, 0x0000, 0x0000, 0x0000, 0x0022, 0x0022, 0x0021,
  0x0022, 0x0021, 0x0021, 0x0001, 0x0000, 0x0063, 0x0041, 0x0000, 0x0042, 0x0063, 0x0084, 0x0127, 0x0106, 0x0126, 0x0147, 0x0148,
  0x22AC, 0x0882, 0x0063, 0x00A4, 0x0A09, 0x0146, 0x0126, 0x02AA, 0x0C30, 0x02EB, 0x0470, 0x0615, 0x044F, 0x136C, 0x0718, 0x046F,
  0x0676, 0x06D6, 0x0655, 0x0532, 0x0ED7, 0x0633, 0x0CEF, 0x1635, 0x02A8, 0x0124, 0x0550, 0x0612, 0x052F, 0x05B1, 0x06B4, 0x0611,
  0x0570, 0x02A8, 0x01C6, 0x048D, 0x048D, 0x046D, 0x030A, 0x0288, 0x036A, 0x0309, 0x032A, 0x01C6, 0x0021, 0x0902, 0x63C5, 0x3386,
  0x13A9, 0x0266, 0x0103, 0x00C3, 0x1A49, 0x01A8, 0x00A2, 0x0061, 0x0082, 0x0082, 0x0061, 0x0061, 0x0000, 0x0000, 0x0021, 0x0041,
  0x0000, 0x0000, 0x0000, 0x31C5, 0x5AE7, 0x2103, 0x0021, 0x0020, 0x0000, 0x0000, 0x0000, 0x0000, 0x0020, 0x0840, 0x0000, 0x0000,
  0x0840, 0x20E3, 0x08A2, 0x0000, 0x0000, 0x0000, 0x0000, 0x0000, 0x0022, 0x0042, 0x0022, 0x0042, 0x0022, 0x0021, 0x0043, 0x0022,
  0x0042, 0x00C3, 0x0000, 0x0063, 0x00C4, 0x00A4, 0x00C5, 0x0126, 0x0106, 0x0147, 0x0126, 0x12AC, 0x1186, 0x0043, 0x0126, 0x09E8,
  0x138E, 0x0249, 0x026A, 0x038E, 0x03EF, 0x024A, 0x034D, 0x02CA, 0x2B4C, 0x46D8, 0x0758, 0x0655, 0x0FDA, 0x1737, 0x46B5, 0x5675,
  0x36F5, 0x0735, 0x05B0, 0x0309, 0x0103, 0x04EF, 0x0715, 0x0755, 0x0715, 0x35D2, 0x0E92, 0x0692, 0x052F, 0x00E2, 0x0AE8, 0x060F,
  0x056D, 0x1670, 0x3D4D, 0x43C8, 0x33E8, 0x0A24, 0x0143, 0x0164, 0x0184, 0x01C5, 0x0A25, 0x11E4, 0x32C5, 0x2B06, 0x01A4, 0x0061,
  0x00E4, 0x0146, 0x00A2, 0x00E3, 0x00A2, 0x0082, 0x0061, 0x0061, 0x0041, 0x0000, 0x0000, 0x0021, 0x0000, 0x0000, 0x0020, 0x31E5,
  0x3A05, 0x0020, 0x0000, 0x0000, 0x0000, 0x0000, 0x0000, 0x0000, 0x0000, 0x1880, 0x0000, 0x0000, 0x0861, 0x10C3, 0x0062, 0x0000,
  0x0000, 0x0000, 0x0000, 0x0000, 0x0001, 0x0001, 0x0021, 0x0001, 0x0021, 0x0022, 0x0063, 0x0084, 0x0063, 0x00E5, 0x0041, 0x0021,
  0x00C5, 0x00E5, 0x00C5, 0x0106, 0x01C9, 0x022B, 0x0167, 0x0A2A, 0x22AB, 0x0000, 0x00E5, 0x0105, 0x01C8, 0x0BAE, 0x0BAE, 0x038D,
  0x0D12, 0x0C0F, 0x040F, 0x01C7, 0x040D, 0x0F39, 0x0718, 0x0696, 0x05F3, 0x0FD9, 0x2778, 0x8F78, 0x9EF6, 0x0E73, 0x0693, 0x03C9,
  0x0000, 0x0C0D, 0x07D8, 0x1756, 0x0F55, 0x0713, 0x13E9, 0x0C4B, 0x0651, 0x0206, 0x39A4, 0x4C8A, 0x6751, 0x8731, 0x7E0E, 0x43E7,
  0x3C27, 0x1BC8, 0x0329, 0x0226, 0x13C9, 0x0349, 0x0246, 0x02A7, 0x0226, 0x09C4, 0x3265, 0x0143, 0x0966, 0x1229, 0x1902, 0x00A2,
  0x0082, 0x0103, 0x00C2, 0x0082, 0x0082, 0x0041, 0x0000, 0x0000, 0x0000, 0x0000, 0x0000, 0x0000, 0x21C4, 0x10E2, 0x0000, 0x0000,
  0x0000, 0x0000, 0x0000, 0x0000, 0x0000, 0x0000, 0x1881, 0x0820, 0x0000, 0x08A3, 0x08A3, 0x0020, 0x0000, 0x0000, 0x0000, 0x0000,
  0x0001, 0x0021, 0x0042, 0x0021, 0x0021, 0x0021, 0x0000, 0x0042, 0x0084, 0x0043, 0x00E5, 0x0106, 0x0021, 0x0083, 0x0106, 0x00E5,
  0x00E5, 0x0A6B, 0x0B0D, 0x022A, 0x024A, 0x23B0, 0x08A2, 0x0062, 0x0167, 0x01C8, 0x030D, 0x0470, 0x03AE, 0x1C70, 0x2CB0, 0x0593,
  0x0F7A, 0x1553, 0x0758, 0x277A, 0x2739, 0x06F7, 0x0591, 0x0777, 0x2757, 0x1E52, 0x1652, 0x0630, 0x2D29, 0x29A1, 0x0163, 0x1653,
  0x5FFB, 0x8759, 0x1E71, 0x062F, 0x058D, 0x0388, 0x0A66, 0x2A05, 0x2AC6, 0x32C5, 0x7C28, 0x5407, 0x0B26, 0x03A9, 0x046C, 0x0389,
  0x0226, 0x0A04, 0x0B87, 0x02C6, 0x0A86, 0x01E5, 0x0205, 0x01E5, 0x0185, 0x0123, 0x0041, 0x3183, 0x3142, 0x0082, 0x0061, 0x00A2,
  0x00A2, 0x0082, 0x0061, 0x0021, 0x0000, 0x0000, 0x0000, 0x0000, 0x0000, 0x21E4, 0x1102, 0x0000, 0x0000, 0x0000, 0x0000, 0x0000,
  0x0000, 0x0000, 0x0000, 0x2080, 0x0800, 0x0020, 0x08E4, 0x00A3, 0x0000, 0x0000, 0x0000, 0x0000, 0x0000, 0x0022, 0x0021, 0x0042,
  0x0042, 0x0063, 0x0063, 0x0021, 0x0000, 0x0022, 0x0083, 0x0083, 0x00E5, 0x0042, 0x0083, 0x00C4, 0x00E5, 0x00E5, 0x0167, 0x0A6A,
  0x0A6B, 0x01A8, 0x13F0, 0x1A29, 0x0041, 0x00A4, 0x0167, 0x022A, 0x034E, 0x03EF, 0x1490, 0x0B6C, 0x0572, 0x0738, 0x0E96, 0x04CF,
  0x0758, 0x475A, 0x5F5A, 0x4F5A, 0x1EF6, 0x0715, 0x0692, 0x04AB, 0x048B, 0x3CA8, 0x62E2, 0x2163, 0x25D0, 0x47B8, 0x77FB, 0x2FB7,
  0x0713, 0x058E, 0x02E6, 0x3AA7, 0x6DAE, 0x36EF, 0x0509, 0x0407, 0x01E3, 0x0AA4, 0x0264, 0x0286, 0x0307, 0x0225, 0x0982, 0x2BA6,
  0x1BA6, 0x0B66, 0x1368, 0x0225, 0x0184, 0x00E3, 0x00A3, 0x0002, 0x2000, 0x2081, 0x10A2, 0x0041, 0x0061, 0x0041, 0x0061, 0x0082,
  0x0041, 0x0020, 0x0041, 0x0000, 0x0000, 0x0000, 0x0000, 0x19E4, 0x1983, 0x0000, 0x0000, 0x0000, 0x0000, 0x0000, 0x0000, 0x0000,
  0x0020, 0x20A1, 0x0800, 0x0061, 0x08E4, 0x0062, 0x0000, 0x0000, 0x0000, 0x0021, 0x0001, 0x0001, 0x0001, 0x0042, 0x0083, 0x0063,
  0x0063, 0x0042, 0x0021, 0x0022, 0x00C5, 0x0106, 0x00E5, 0x0083, 0x0042, 0x00E5, 0x00C5, 0x0106, 0x0188, 0x01E9, 0x01E9, 0x01C8,
  0x0B8F, 0x22EC, 0x0021, 0x0862, 0x0001, 0x00A3, 0x00C4, 0x00A3, 0x3B0C, 0x08E4, 0x2430, 0x17BB, 0x06F7, 0x16D7, 0x2E75, 0x0716,
  0x3759, 0x6F9B, 0x5F59, 0x0ED5, 0x06F4, 0x0F56, 0x056E, 0x0A44, 0x2900, 0x0840, 0x2A06, 0x2266, 0x1368, 0x042A, 0x04AC, 0x02A6,
  0x10E2, 0x73AB, 0x7F53, 0x170F, 0x054A, 0x03C6, 0x0D2A, 0x0427, 0x13E8, 0x02C5, 0x1A84, 0x0223, 0x0A03, 0x6C66, 0x3C06, 0x1305,
  0x0B06, 0x01E3, 0x0163, 0x1122, 0x39C1, 0x7341, 0xA401, 0xC4E3, 0xBD03, 0xC502, 0x00C2, 0x0081, 0x0041, 0x0041, 0x0041, 0x0041,
  0x0041, 0x0082, 0x0021, 0x0000, 0x0000, 0x0000, 0x19A4, 0x2A03, 0x0000, 0x0000, 0x0000, 0x0000, 0x0000, 0x0000, 0x0000, 0x0020,
  0x1061, 0x0820, 0x0882, 0x08C3, 0x0020, 0x0000, 0x0000, 0x0000, 0x0021, 0x0022, 0x0022, 0x0001, 0x0021, 0x08A4, 0x0042, 0x0042,
  0x0042, 0x00A4, 0x0042, 0x0063, 0x0106, 0x00E5, 0x0147, 0x0063, 0x00C4, 0x0127, 0x00E5, 0x0188, 0x022B, 0x026B, 0x028B, 0x032E,
  0x33AF, 0x0861, 0x0001, 0x0042, 0x0125, 0x026B, 0x0209, 0x028A, 0x1269, 0x0165, 0x1249, 0x3532, 0x4FBB, 0x871A, 0x4E14, 0x3F59,
  0x86D9, 0x6DF5, 0x15F2, 0x054F, 0x0E93, 0x046C, 0x0162, 0x0942, 0x3AC9, 0x6E13, 0x2690, 0x058D, 0x0D4B, 0x0AA4, 0x18E2, 0xA52D,
  0x864E, 0x4F91, 0x070C, 0x062B, 0x0467, 0x0C48, 0x0549, 0x0384, 0x3326, 0x7506, 0x6D46, 0x1445, 0x64A5, 0x5383, 0x2263, 0x2AA3,
  0x63A4, 0x9C84, 0xC583, 0xCD61, 0xCD41, 0xD520, 0xB420, 0x7AC1, 0x61E1, 0x3920, 0x0122, 0x0082, 0x00A2, 0x0082, 0x0021, 0x0000,
  0x0061, 0x0103, 0x0041, 0x0000, 0x0000, 0x0000, 0x1163, 0x3A84, 0x0840, 0x0000, 0x0000, 0x0000, 0x0000, 0x0000, 0x0000, 0x0021,
  0x0861, 0x0800, 0x18C2, 0x08A2, 0x0000, 0x0000, 0x0000, 0x0000, 0x0001, 0x0022, 0x0022, 0x0021, 0x0000, 0x0021, 0x0001, 0x0001,
  0x0042, 0x0043, 0x0021, 0x0021, 0x00C4, 0x0167, 0x00C5, 0x0188, 0x0084, 0x0147, 0x0167, 0x0147, 0x020A, 0x022A, 0x02ED, 0x0C12,
  0x23AF, 0x1082, 0x0000, 0x0105, 0x0167, 0x028B, 0x036E, 0x038D, 0x1CF2, 0x0511, 0x05B3, 0x0614, 0x2572, 0x6CB0, 0x3A88, 0x0205,
  0x2B4A, 0x2A67, 0x0183, 0x09A4, 0x00A1, 0x09C4, 0x11C4, 0x3CAD, 0x8ED5, 0x9FB9, 0x5FD7, 0x17B4, 0x0793, 0x070F, 0x02A4, 0x7C8C,
  0xCFF5, 0x1F2E, 0x066C, 0x0EAC, 0x068C, 0x0548, 0x558A, 0x5627, 0x1B22, 0x9507, 0x6CE4, 0x1323, 0x4BE3, 0x8404, 0x94A5, 0xCE07,
  0xE686, 0xDDC3, 0xB442, 0x6A81, 0x3900, 0x3020, 0x1000, 0x0800, 0x2800, 0x1800, 0x0000, 0x0122, 0x0061, 0x0041, 0x0020, 0x0861,
  0x0000, 0x0041, 0x0041, 0x0000, 0x0000, 0x0000, 0x0923, 0x3285, 0x1880, 0x0000, 0x0000, 0x0000, 0x0000, 0x0000, 0x0000, 0x0020,
  0x0020, 0x0820, 0x2102, 0x0882, 0x0000, 0x0000, 0x0000, 0x0000, 0x0000, 0x0001, 0x0021, 0x0021, 0x0000, 0x0000, 0x0000, 0x0021,
  0x0043, 0x0022, 0x0042, 0x0063, 0x00C5, 0x0106, 0x0188, 0x0147, 0x00A4, 0x0083, 0x0126, 0x0106, 0x01EA, 0x0A09, 0x028C, 0x1473,
  0x232D, 0x08A3, 0x0021, 0x00C4, 0x0147, 0x022A, 0x0B6E, 0x0471, 0x36B9, 0x45B4, 0x0552, 0x05B3, 0x0614, 0x0592, 0x0550, 0x4E76,
  0x2614, 0x0E75, 0x0DD1, 0x0CCD, 0x0B08, 0x10C2, 0x442C, 0x7717, 0x7F57, 0x7757, 0x5F77, 0x8F98, 0x47B6, 0x0752, 0x056B, 0x1AC4,
  0x35EB, 0x06CC, 0x1F2E, 0x2F2E, 0x0E6B, 0x0527, 0x5588, 0xAEC9, 0x5D25, 0x0A62, 0x22C3, 0x4323, 0x9D06, 0xEEE9, 0xF6E8, 0xD5A4,
  0xA3C2, 0x59C0, 0x1020, 0x0000, 0x0000, 0x4040, 0x1840, 0x00E2, 0x10C1, 0x3101, 0x08C1, 0x00C3, 0x09A2, 0x00C1, 0x0061, 0x0020,
  0x3982, 0x18C1, 0x0000, 0x0041, 0x0000, 0x0000, 0x0000, 0x0102, 0x32E5, 0x2101, 0x0000, 0x0000, 0x0000, 0x0000, 0x0000, 0x0000,
  0x0020, 0x0000, 0x1040, 0x2922, 0x0861, 0x0000, 0x0000, 0x0000, 0x0000, 0x0000, 0x0000, 0x0042, 0x0021, 0x0001, 0x0001, 0x0000,
  0x0000, 0x0063, 0x0063, 0x0022, 0x00A4, 0x0126, 0x0127, 0x01A8, 0x024B, 0x12AC, 0x0062, 0x0062, 0x0106, 0x0106, 0x01A9, 0x022A,
  0x0A6B, 0x09C8, 0x09A7, 0x1A49, 0x0041, 0x0146, 0x01A8, 0x024A, 0x03AF, 0x0554, 0x0EB8, 0x0C2E, 0x1573, 0x0532, 0x0531, 0x0DF3,
  0x0737, 0x6F7A, 0xAFDC, 0x7FDB, 0x7FBA, 0x0E30, 0x09A1, 0x1C0A, 0x77F9, 0x8F78, 0x3E32, 0x0DCE, 0x3ED3, 0x4796, 0x2F94, 0x06D1,
  0x0326, 0x664E, 0x7FB2, 0x5EED, 0x474D, 0x2F2D, 0x2E2A, 0x96AD, 0xBEEB, 0x4C25, 0x2AA3, 0x7C65, 0xC607, 0xF728, 0xEE87, 0xB464,
  0x5180, 0x2840, 0x0000, 0x0000, 0x0020, 0x1020, 0x6100, 0x28C1, 0x0081, 0x00E2, 0x0041, 0x0082, 0x0944, 0x0081, 0x0062, 0x0941,
  0x0061, 0x0000, 0x5264, 0x2922, 0x0000, 0x0041, 0x0041, 0x0000, 0x0000, 0x00E2, 0x32C5, 0x3161, 0x0000, 0x0000, 0x0000, 0x0000,
  0x0000, 0x0000, 0x0000, 0x0000, 0x1840, 0x3122, 0x0881, 0x0000, 0x0000, 0x0000, 0x0000, 0x0021, 0x0001, 0x0001, 0x0021, 0x0000,
  0x0021, 0x0021, 0x0000, 0x0001, 0x0022, 0x0001, 0x0042, 0x00C4, 0x0147, 0x01A9, 0x01C9, 0x0209, 0x0146, 0x0083, 0x00A4, 0x00C4,
  0x00C5, 0x00E5, 0x00C4, 0x0125, 0x036F, 0x2C92, 0x0062, 0x00C4, 0x01A8, 0x01E9, 0x034E, 0x0450, 0x0532, 0x0634, 0x0530, 0x2615,
  0x0E35, 0x0675, 0x0F37, 0x0757, 0x6739, 0x9779, 0x6FB9, 0x46F6, 0x0A03, 0x2367, 0x6796, 0x8F77, 0x4F15, 0x4F76, 0x16B1, 0x5E93,
  0x4712, 0x0791, 0x04AA, 0x1B46, 0x87F5, 0x6EB2, 0x43C6, 0xC6D0, 0xE7F3, 0x866A, 0x6507, 0x6445, 0xA587, 0xF727, 0xF6C6, 0xBCC3,
  0x6200, 0x30C0, 0x1000, 0x0040, 0x1162, 0x3981, 0x1122, 0x0860, 0x5900, 0x2901, 0x00E2, 0x0964, 0x1B07, 0x0A45, 0x00A2, 0x29A4,
  0x1103, 0x01C8, 0x0101, 0x0000, 0x5263, 0x3982, 0x0000, 0x0041, 0x0041, 0x0041, 0x0000, 0x0081, 0x32A4, 0x4181, 0x0000, 0x0000,
  0x0000, 0x0000, 0x0000, 0x0000, 0x0000, 0x0020, 0x2080, 0x28E1, 0x0861, 0x0000, 0x0000, 0x0000, 0x0000, 0x0021, 0x0021, 0x0000,
  0x0021, 0x0021, 0x0000, 0x0062, 0x0042, 0x0021, 0x0022, 0x0062, 0x0062, 0x0042, 0x00C5, 0x0105, 0x0126, 0x00C4, 0x01A8, 0x0945,
  0x0062, 0x00C5, 0x0062, 0x0106, 0x01A9, 0x01C9, 0x0105, 0x1B2D, 0x19A7, 0x00A4, 0x01A8, 0x01A8, 0x022A, 0x03EF, 0x044F, 0x0CD1,
  0x04F0, 0x0655, 0x0E55, 0x3718, 0x0F79, 0x06F6, 0x2758, 0x6EF7, 0x9779, 0xAFFB, 0x4C6B, 0x0100, 0x5EB4, 0x9779, 0x5776, 0x4F76,
  0x3734, 0x1752, 0x3733, 0xAF76, 0x4FD4, 0x0BA7, 0x8EB2, 0x4F73, 0x04E9, 0x04C9, 0x86CE, 0x8DC9, 0x4C25, 0xADA9, 0xFFAB, 0xFF07,
  0x9B82, 0x30C0, 0x0000, 0x2102, 0x3A24, 0x09A2, 0x0244, 0x0204, 0x1A03, 0x2102, 0x4920, 0x39C2, 0x00E2, 0x0102, 0x23A8, 0x13C8,
  0x0286, 0x0124, 0x0062, 0x00C4, 0x022A, 0x1141, 0x0060, 0x39A2, 0x4A22, 0x0000, 0x0000, 0x0021, 0x0061, 0x0000, 0x0081, 0x3AA5,
  0x4181, 0x0000, 0x0000, 0x0000, 0x0000, 0x0000, 0x0000, 0x0000, 0x0820, 0x28A0, 0x20A1, 0x0861, 0x0000, 0x0000, 0x0000, 0x0021,
  0x0000, 0x0000, 0x0000, 0x0042, 0x0062, 0x0042, 0x0083, 0x0125, 0x0001, 0x0021, 0x0063, 0x00C5, 0x00A4, 0x0084, 0x0083, 0x0083,
  0x00C4, 0x00E5, 0x0AAC, 0x0062, 0x0022, 0x00E5, 0x0187, 0x026C, 0x030E, 0x032E, 0x02AB, 0x21A6, 0x0083, 0x022A, 0x032E, 0x01C8,
  0x026A, 0x0C2F, 0x0490, 0x03CD, 0x042E, 0x0676, 0x0675, 0x2DB2, 0x7779, 0x56F7, 0x3E95, 0x15B0, 0x0631, 0x0B89, 0x28C0, 0x444C,
  0x97B9, 0x8737, 0x5FB7, 0x2755, 0x0ED1, 0x16F1, 0x1F11, 0x5F93, 0x85CE, 0x542A, 0x5F73, 0x06CE, 0x066D, 0x05CB, 0x2406, 0xA5CD,
  0xFFB0, 0xF688, 0x8B22, 0x3080, 0x0020, 0x0101, 0x00C0, 0x39E5, 0x1AC5, 0x04A9, 0x0C29, 0x0264, 0x0204, 0x0861, 0x6A01, 0x3A43,
  0x1982, 0x0285, 0x02A5, 0x0245, 0x0144, 0x0103, 0x0082, 0x0146, 0x0147, 0x0121, 0x10E1, 0x5242, 0x0000, 0x0000, 0x0000, 0x0041,
  0x0020, 0x0061, 0x4AE5, 0x41A2, 0x0000, 0x0000, 0x0000, 0x0000, 0x0000, 0x0000, 0x0000, 0x1880, 0x28A0, 0x0840, 0x1081, 0x0000,
  0x0000, 0x0000, 0x0041, 0x0001, 0x0000, 0x0000, 0x0021, 0x00A4, 0x00A4, 0x0062, 0x0021, 0x00C4, 0x0001, 0x0000, 0x0083, 0x00A5,
  0x00E5, 0x0987, 0x0083, 0x0147, 0x00C4, 0x0041, 0x0042, 0x0042, 0x0188, 0x01E9, 0x0A29, 0x028B, 0x030D, 0x0452, 0x2DB6, 0x10E3,
  0x0104, 0x0AEC, 0x02ED, 0x0ACB, 0x0C0F, 0x03EE, 0x042E, 0x0490, 0x04AF, 0x05D3, 0x36B6, 0x5634, 0x0E32, 0x1570, 0x0570, 0x04ED,
  0x0183, 0x19A5, 0x09A4, 0x8E55, 0x9F99, 0x8758, 0x8FD9, 0x8F78, 0x4E92, 0x2712, 0x16AF, 0xCFF6, 0x9DCD, 0x146B, 0x16AF, 0x156B,
  0x0283, 0x7469, 0xEEF0, 0xEE8D, 0x8B02, 0x2080, 0x0000, 0x11E3, 0x1BC5, 0x0B85, 0x0324, 0x01C2, 0x0284, 0x154B, 0x0346, 0x0204,
  0x0122, 0x1060, 0x8B84, 0x6AC3, 0x3306, 0x0B27, 0x0183, 0x0123, 0x0123, 0x00E3, 0x0020, 0x01A7, 0x0147, 0x00E1, 0x41E1, 0x1080,
  0x0000, 0x0020, 0x0020, 0x0000, 0x0840, 0x52A5, 0x3161, 0x0000, 0x0000, 0x0000, 0x0020, 0x0000, 0x0000, 0x0000, 0x1880, 0x28C0,
  0x0820, 0x1881, 0x0000, 0x0000, 0x0000, 0x0042, 0x0021, 0x0000, 0x0021, 0x0001, 0x0063, 0x00C4, 0x0022, 0x0001, 0x0001, 0x0000,
  0x0861, 0x0021, 0x0126, 0x00E5, 0x00A4, 0x0105, 0x00C4, 0x0126, 0x0021, 0x0083, 0x0021, 0x0167, 0x01EA, 0x026B, 0x02CC, 0x032D,
  0x02CC, 0x0D14, 0x5DB6, 0x0841, 0x0145, 0x0A8A, 0x024A, 0x0B4D, 0x140F, 0x034C, 0x03CD, 0x0531, 0x0634, 0x3EF7, 0xF7FF, 0x4E95,
  0x0E94, 0x06D5, 0x0D4F, 0x0163, 0x3228, 0x7E75, 0x43EC, 0xAF59, 0x9F99, 0x9F78, 0xD7FB, 0x9F98, 0x5753, 0x5F73, 0x8F73, 0xD6D2,
  0x3386, 0x064D, 0x2D4A, 0x7C49, 0xD62E, 0xEEAD, 0x8344, 0x1840, 0x01A1, 0x0A63, 0x0B45, 0x14C8, 0x0283, 0x0C47, 0x0C87, 0x0BA5,
  0x01C2, 0x0346, 0x0225, 0x0183, 0x0020, 0x7368, 0x6BC6, 0x0901, 0x09C5, 0x0AA7, 0x09C5, 0x0164, 0x0164, 0x00E3, 0x00A2, 0x0A8A,
  0x0126, 0x00C0, 0x1941, 0x18C0, 0x0000, 0x0020, 0x00A2, 0x0081, 0x0840, 0x5AA4, 0x2921, 0x0000, 0x0000, 0x0000, 0x0000, 0x0000,
  0x0000, 0x0000, 0x20A1, 0x20A0, 0x0000, 0x28C1, 0x0820, 0x0000, 0x0000, 0x0021, 0x0021, 0x0000, 0x0062, 0x0021, 0x0021, 0x0042,
  0x0022, 0x0001, 0x0000, 0x0001, 0x0062, 0x08A3, 0x0083, 0x0126, 0x0106, 0x0106, 0x00E5, 0x0083, 0x0042, 0x00C4, 0x01A8, 0x00E4,
  0x01C9, 0x020A, 0x02ED, 0x030D, 0x028C, 0x030D, 0x3DB6, 0x428A, 0x0000, 0x0186, 0x0186, 0x030C, 0x042F, 0x028A, 0x0104, 0x0227,
  0x0572, 0x05F3, 0x4675, 0x4F17, 0x16F5, 0x1F77, 0x056F, 0x0101, 0x00A1, 0x6552, 0x2369, 0x23A9, 0x2BA8, 0x4D4F, 0xB7FA, 0x8FD8,
  0x77B6, 0x8FB7, 0xC7F9, 0xF7F8, 0x7469, 0x1A42, 0x4D29, 0xBE2F, 0xEED0, 0x8BA6, 0x18A0, 0x0080, 0x0101, 0x3407, 0x1BC7, 0x0509,
  0x0D49, 0x0427, 0x0488, 0x02C4, 0x1C67, 0x0A23, 0x0182, 0x0B27, 0x0102, 0x6327, 0x4B86, 0x1AE4, 0x1AA5, 0x01E6, 0x01E6, 0x01C6,
  0x00C3, 0x0103, 0x0104, 0x09A6, 0x01A7, 0x0105, 0x00E0, 0x08C0, 0x0000, 0x0020, 0x0061, 0x0123, 0x08A1, 0x6283, 0x2921, 0x0000,
  0x0000, 0x0000, 0x0000, 0x0000, 0x0000, 0x0000, 0x28E1, 0x28C0, 0x0000, 0x28A0, 0x1040, 0x0000, 0x0000, 0x0021, 0x0021, 0x0000,
  0x0021, 0x0042, 0x0021, 0x0063, 0x0022, 0x0021, 0x0083, 0x0083, 0x0083, 0x0126, 0x0063, 0x00E5, 0x00E5, 0x00C4, 0x00E5, 0x00E5,
  0x00A4, 0x0168, 0x024B, 0x0146, 0x0105, 0x022A, 0x02ED, 0x02CC, 0x034E, 0x02ED, 0x0471, 0x23EF, 0x2020, 0x38E1, 0x0105, 0x01A7,
  0x01E7, 0x02EB, 0x0208, 0x00A3, 0x0289, 0x0551, 0x25F3, 0x6F18, 0x1716, 0x0632, 0x0329, 0x0984, 0x53EE, 0x4D51, 0x5693, 0x7F77,
  0x97B8, 0x5E11, 0x7ED5, 0x7797, 0x3F95, 0x87B7, 0xFFFD, 0xB695, 0x6C08, 0xD66E, 0xE6CF, 0xEEB0, 0x9C29, 0x28C0, 0x0040, 0x0161,
  0x01A1, 0x0487, 0x02A3, 0x02A4, 0x0C87, 0x0D28, 0x162B, 0x03C7, 0x01E3, 0x0B85, 0x33E5, 0x2A24, 0x0142, 0x5285, 0xA4E6, 0x2262,
  0x0A23, 0x00C2, 0x0123, 0x0164, 0x01C6, 0x0104, 0x0104, 0x00C3, 0x0062, 0x0062, 0x00A4, 0x00E0, 0x0020, 0x0000, 0x0081, 0x00A1,
  0x0082, 0x3162, 0x2921, 0x0000, 0x0020, 0x0000, 0x0000, 0x0000, 0x0000, 0x0000, 0x3121, 0x28A0, 0x0000, 0x30C0, 0x1040, 0x0000,
  0x0000, 0x0000, 0x0021, 0x0001, 0x0021, 0x0042, 0x0021, 0x0021, 0x0042, 0x0022, 0x0063, 0x0083, 0x00C5, 0x0126, 0x0187, 0x0105,
  0x0147, 0x0966, 0x0062, 0x0021, 0x0063, 0x01A9, 0x028C, 0x028C, 0x0105, 0x01A8, 0x028B, 0x03B0, 0x02AC, 0x032D, 0x0431, 0x1D53,
  0x00C3, 0x2820, 0x3840, 0x0021, 0x00A2, 0x08A2, 0x00A3, 0x0083, 0x0166, 0x02AA, 0x0550, 0x1F36, 0x1F35, 0x1550, 0x0103, 0x1A06,
  0x971A, 0x67FB, 0x57F8, 0xCFFB, 0xD7FB, 0xB7BA, 0x6FF9, 0x9FFB, 0x4776, 0x67F7, 0xC7F9, 0x9E31, 0x2203, 0x8C8C, 0xEF12, 0x9429,
  0x20C0, 0x0000, 0x0243, 0x02C4, 0x0080, 0x02E4, 0x0446, 0x01E2, 0x4D8A, 0x5E8B, 0x1568, 0x0508, 0x0284, 0x0244, 0x1366, 0x1A84,
  0x0000, 0x18A1, 0xA4A6, 0x73E2, 0x4344, 0x2244, 0x00E3, 0x00C2, 0x0985, 0x0124, 0x0144, 0x0165, 0x0061, 0x00A3, 0x0125, 0x0083,
  0x0080, 0x00A0, 0x0020, 0x1142, 0x1101, 0x0000, 0x18C1, 0x18A0, 0x0000, 0x0020, 0x0000, 0x0000, 0x0000, 0x0000, 0x0840, 0x3942,
  0x1880, 0x0000, 0x30A0, 0x2060, 0x0000, 0x0000, 0x0021, 0x0000, 0x0000, 0x0001, 0x0021, 0x0001, 0x0000, 0x0021, 0x0042, 0x0042,
  0x0063, 0x0083, 0x00C5, 0x00E5, 0x0946, 0x0062, 0x0083, 0x0022, 0x0001, 0x0062, 0x0106, 0x0ACC, 0x030D, 0x0AED, 0x0105, 0x022A,
  0x026B, 0x0209, 0x0BCF, 0x0C10, 0x1554, 0x2BAD, 0x0000, 0x0000, 0x0125, 0x030B, 0x038D, 0x3573, 0x4BAE, 0x0965, 0x2207, 0x0082,
  0x038B, 0x044C, 0x0225, 0x0020, 0x5BAC, 0x8FB9, 0x6F98, 0x0753, 0x57D8, 0xD7FC, 0xBEF8, 0x2ED2, 0x17B6, 0x0F95, 0x0772, 0x25ED,
  0x954E, 0x8CAE, 0xDED5, 0xC5AF, 0x3962, 0x0000, 0x00A0, 0x0B46, 0x362B, 0x0CA8, 0x01C3, 0x0202, 0x01C3, 0x0284, 0x160A, 0x0507,
  0x03A5, 0x14E7, 0x0B86, 0x0265, 0x0225, 0x00E2, 0x0881, 0x7BC8, 0x2202, 0x1263, 0x01C4, 0x0206, 0x0226, 0x0124, 0x00E3, 0x00E3,
  0x0103, 0x00A2, 0x0020, 0x0125, 0x00A4, 0x0126, 0x00A0, 0x0080, 0x1121, 0x21C1, 0x0020, 0x0840, 0x3121, 0x0000, 0x0020, 0x0000,
  0x0000, 0x0000, 0x0000, 0x0840, 0x3941, 0x1860, 0x0000, 0x2880, 0x2880, 0x0000, 0x0000, 0x0000, 0x0021, 0x0000, 0x0000, 0x0021,
  0x0000, 0x0000, 0x0000, 0x0042, 0x0062, 0x0062, 0x00A3, 0x0083, 0x0042, 0x00C4, 0x0105, 0x0021, 0x0125, 0x00E5, 0x0083, 0x0946,
  0x022A, 0x0249, 0x02CC, 0x128B, 0x3B0D, 0x028A, 0x01C7, 0x0A8B, 0x0BAF, 0x0D12, 0x2D73, 0x10C2, 0x0040, 0x0228, 0x036D, 0x03EE,
  0x04D1, 0x05D4, 0x0CB0, 0x46D8, 0xA7BD, 0x6470, 0x0861, 0x0820, 0x2020, 0x64CE, 0x97FA, 0x8FD7, 0x4692, 0x3EB2, 0xA7B9, 0xC7FC,
  0x3652, 0x3735, 0x4FFA, 0x26F1, 0x2D8A, 0x6CEC, 0xCE94, 0xDE73, 0x5A25, 0x0000, 0x0080, 0x0101, 0x0182, 0x1489, 0x04C7, 0x0346,
  0x0182, 0x0244, 0x0AA6, 0x02E5, 0x14E6, 0x2526, 0x0386, 0x0B66, 0x0AE6, 0x01C4, 0x01E5, 0x0020, 0x7346, 0x6BC5, 0x0223, 0x1225,
  0x01A5, 0x01A5, 0x0964, 0x0103, 0x0185, 0x0124, 0x00A3, 0x00C3, 0x0020, 0x0062, 0x0083, 0x00E4, 0x00A0, 0x08E1, 0x29C1, 0x1101,
  0x0000, 0x2921, 0x0840, 0x0000, 0x0000, 0x0000, 0x0000, 0x0000, 0x0840, 0x30E0, 0x1020, 0x0000, 0x2080, 0x30A0, 0x0000, 0x0000,
  0x0000, 0x0000, 0x0041, 0x0000, 0x0001, 0x0022, 0x0001, 0x0000, 0x0001, 0x00A4, 0x00A3, 0x0063, 0x0041, 0x0001, 0x0063, 0x0105,
  0x00A4, 0x00A4, 0x0126, 0x01A8, 0x01A8, 0x00C4, 0x0209, 0x0209, 0x01E8, 0x0041, 0x0966, 0x0209, 0x0229, 0x02AB, 0x036D, 0x04B0,
  0x0964, 0x0041, 0x0269, 0x032C, 0x02AA, 0x03AD, 0x0D32, 0x04F1, 0x0510, 0x1F57, 0x27B9, 0x67FD, 0x3BEE, 0x0000, 0x548E, 0xB7FA,
  0xB7D9, 0x97B8, 0xAFD8, 0xBFB8, 0x9F16, 0x8F99, 0x1EF3, 0x4FFA, 0x1E52, 0x64AB, 0xFFBB, 0xF717, 0x8BA9, 0x0000, 0x0182, 0x1CAA,
  0x0CA7, 0x1D8C, 0x03A7, 0x01A2, 0x0265, 0x0A25, 0x1389, 0x0265, 0x0204, 0x01C3, 0x5486, 0x7608, 0x0326, 0x01E4, 0x0286, 0x0286,
  0x0103, 0x2101, 0x7364, 0x2243, 0x01C4, 0x0143, 0x01E5, 0x0144, 0x00A2, 0x0165, 0x0165, 0x00E3, 0x00C3, 0x0125, 0x0021, 0x0042,
  0x0105, 0x0083, 0x0060, 0x00C0, 0x1921, 0x2181, 0x0000, 0x10A0, 0x10A0, 0x0000, 0x0000, 0x0000, 0x0000, 0x0000, 0x0840, 0x28C0,
  0x0000, 0x0000, 0x1040, 0x30A0, 0x0000, 0x0000, 0x0041, 0x0021, 0x0021, 0x0062, 0x0000, 0x0021, 0x0042, 0x0001, 0x0001, 0x0001,
  0x0042, 0x0042, 0x0042, 0x0042, 0x0083, 0x01C8, 0x0125, 0x0042, 0x00C4, 0x0084, 0x01C9, 0x024B, 0x0063, 0x0105, 0x1249, 0x10E3,
  0x0082, 0x01A7, 0x0209, 0x02CC, 0x026A, 0x0B0B, 0x1124, 0x0000, 0x01E7, 0x030C, 0x032C, 0x038D, 0x0C0E, 0x0C4F, 0x04B0, 0x05B2,
  0x06F4, 0x06D4, 0x2737, 0x2490, 0x0163, 0x0693, 0x6EF4, 0x9EF5, 0xAF98, 0xBFD9, 0xD7D9, 0xF7FA, 0xAFD8, 0x05AE, 0x052C, 0x7D6F,
  0xDE74, 0xB4AB, 0xA300, 0x18C0, 0x1C29, 0x57B2, 0x2E6F, 0x1569, 0x1D6A, 0x0386, 0x0182, 0x0000, 0x0A05, 0x0A86, 0x0142, 0x0162,
  0x0AA5, 0x1BE8, 0x0B26, 0x0285, 0x01C4, 0x0A46, 0x0184, 0x0881, 0x8405, 0x1A63, 0x01C4, 0x0103, 0x0165, 0x0164, 0x00A2, 0x0082,
  0x0104, 0x00E3, 0x00C3, 0x00A3, 0x0082, 0x0021, 0x0022, 0x0083, 0x0042, 0x0060, 0x08E0, 0x2141, 0x10C0, 0x0000, 0x10C0, 0x0000,
  0x0000, 0x0000, 0x0000, 0x0000, 0x0060, 0x28E0, 0x0820, 0x0000, 0x0820, 0x30C0, 0x0820, 0x0000, 0x0000, 0x0000, 0x0000, 0x00A3,
  0x0041, 0x0021, 0x0042, 0x0001, 0x0042, 0x0021, 0x0022, 0x00A4, 0x0063, 0x0021, 0x0042, 0x00E4, 0x01C7, 0x0041, 0x0042, 0x00E6,
  0x00A5, 0x024A, 0x0BCF, 0x00C4, 0x09A6, 0x1965, 0x10A2, 0x00E4, 0x01C8, 0x01C8, 0x01C8, 0x0A27, 0x4A67, 0x1000, 0x00C3, 0x0269,
  0x0B0C, 0x032C, 0x0CD1, 0x042E, 0x03AC, 0x044E, 0x0693, 0x16D5, 0x04EE, 0x0F77, 0x136A, 0x1CAC, 0x3FD6, 0x5ED3, 0x456E, 0x2691,
  0x3F73, 0xB7B8, 0xEFD8, 0xC62D, 0x74C9, 0xBDEF, 0xBD0E, 0x49A3, 0x0000, 0x3900, 0x21E2, 0x2DAB, 0x2E6E, 0x0D6A, 0x0508, 0x0487,
  0x04C8, 0x01A3, 0x0000, 0x2346, 0x01A4, 0x0326, 0x03A6, 0x0BC7, 0x0244, 0x01C4, 0x0225, 0x0102, 0x00E2, 0x00A2, 0x5243, 0x6C26,
  0x2B85, 0x0A85, 0x0185, 0x0185, 0x01A6, 0x00A2, 0x0082, 0x0082, 0x00A3, 0x00A3, 0x0062, 0x0000, 0x0041, 0x0041, 0x0001, 0x0021,
  0x0080, 0x1920, 0x2101, 0x0000, 0x0880, 0x0060, 0x0000, 0x0000, 0x0000, 0x0000, 0x0061, 0x20E1, 0x1040, 0x0000, 0x0020, 0x28A0,
  0x1840, 0x0000, 0x0041, 0x0000, 0x0000, 0x00A3, 0x0062, 0x0021, 0x0041, 0x0021, 0x00A3, 0x0021, 0x0001, 0x0042, 0x00C4, 0x0042,
  0x0062, 0x0104, 0x0AEA, 0x0186, 0x0021, 0x00C5, 0x0126, 0x0167, 0x03F0, 0x01A7, 0x0145, 0x132B, 0x00C3, 0x0821, 0x2186, 0x0904,
  0x0104, 0x02AA, 0x1CF0, 0x2102, 0x0021, 0x01A6, 0x01E8, 0x0B4C, 0x0C6F, 0x040D, 0x04EF, 0x04AF, 0x0BAC, 0x1DD1, 0x0590, 0x0693,
  0x2EF7, 0x1328, 0x4754, 0x6F34, 0x8E93, 0xDFD8, 0x5F13, 0x2732, 0x8F96, 0xBE0E, 0xC54A, 0xA46A, 0x3123, 0x3860, 0x2880, 0x2102,
  0x9C86, 0x13C6, 0x0549, 0x158B, 0x0D29, 0x0DA9, 0x0DAA, 0x258C, 0x00E2, 0x3326, 0x3C87, 0x0081, 0x1346, 0x0B46, 0x0183, 0x0984,
  0x0143, 0x00E3, 0x1144, 0x08A2, 0x1080, 0x7BE5, 0x11E3, 0x32A4, 0x0164, 0x0103, 0x0144, 0x09A5, 0x0082, 0x0082, 0x00A2, 0x0082,
  0x0041, 0x0041, 0x0001, 0x0083, 0x0062, 0x0042, 0x0063, 0x0020, 0x1100, 0x2140, 0x0860, 0x0000, 0x0880, 0x0000, 0x0000, 0x0000,
  0x0000, 0x0041, 0x10E1, 0x1040, 0x0000, 0x0020, 0x1860, 0x2060, 0x0000, 0x0041, 0x0021, 0x0000, 0x0062, 0x00A2, 0x0041, 0x0021,
  0x0001, 0x0083, 0x0082, 0x0000, 0x0062, 0x0062, 0x0000, 0x00C4, 0x0125, 0x02EA, 0x0269, 0x00A3, 0x0062, 0x0187, 0x0146, 0x0AEC,
  0x01A7, 0x0021, 0x01C7, 0x01E7, 0x0041, 0x0800, 0x1125, 0x02CB, 0x036D, 0x046F, 0x2C2D, 0x1800, 0x0145, 0x01E7, 0x0248, 0x02CA,
  0x046E, 0x044E, 0x15B2, 0x05B2, 0x038B, 0x3530, 0x15B0, 0x0F36, 0x1C2D, 0x0CAB, 0x0F73, 0x0691, 0x054C, 0x2E70, 0x8796, 0xCF95,
  0xD6CF, 0x9428, 0x3143, 0x2860, 0x9321, 0xB463, 0x3120, 0xCE0C, 0x866C, 0x2DEE, 0x04E9, 0x0407, 0x0345, 0x03E6, 0x054A, 0x02E5,
  0x1963, 0x4E4A, 0x7F2E, 0x650E, 0x1B69, 0x00A1, 0x0000, 0x0041, 0x0020, 0x0041, 0x0861, 0x0040, 0x53C8, 0x5428, 0x0103, 0x00E3,
  0x01A5, 0x0123, 0x0944, 0x0924, 0x00A2, 0x0082, 0x0082, 0x0062, 0x0021, 0x0021, 0x0062, 0x0082, 0x0001, 0x00A3, 0x00C4, 0x0060,
  0x1920, 0x18C0, 0x0000, 0x0060, 0x0020, 0x0000, 0x0000, 0x0000, 0x0020, 0x08C1, 0x20A0, 0x0000, 0x0020, 0x0840, 0x2080, 0x0000,
  0x0000, 0x0041, 0x0000, 0x0042, 0x0041, 0x0041, 0x0062, 0x0001, 0x0063, 0x0062, 0x0021, 0x0042, 0x00A4, 0x0082, 0x0083, 0x01A7,
  0x02C9, 0x0ACA, 0x00C4, 0x0063, 0x00C4, 0x01E9, 0x0A09, 0x00C3, 0x00E4, 0x0166, 0x00E4, 0x0165, 0x0000, 0x00C3, 0x0269, 0x13CE,
  0x03CE, 0x0C4E, 0x41E3, 0x0861, 0x01E8, 0x138C, 0x156F, 0x03CB, 0x032A, 0x038C, 0x042D, 0x03CC, 0x0551, 0x0D2F, 0x4F78, 0x0C8D,
  0x0205, 0x062F, 0x16D1, 0x16F1, 0x1F11, 0x46CF, 0x9E4B, 0xB4E7, 0x4182, 0x18A0, 0x6AC2, 0xC5E7, 0x970A, 0x3405, 0x7B67, 0xA70F,
  0x04C9, 0x0CA9, 0x0365, 0x0346, 0x13E8, 0x13E7, 0x0B86, 0x0060, 0x3305, 0x76CF, 0x4D6E, 0x0CAB, 0x046A, 0x0389, 0x0185, 0x0041,
  0x0000, 0x0001, 0x0000, 0x0A67, 0x13A8, 0x0AA5, 0x0184, 0x0123, 0x0184, 0x0144, 0x0061, 0x0021, 0x0082, 0x0082, 0x00A3, 0x0104,
  0x0082, 0x0000, 0x0041, 0x0042, 0x0083, 0x00E4, 0x0063, 0x08C0, 0x10E0, 0x0020, 0x0020, 0x0060, 0x0000, 0x0000, 0x0020, 0x0000,
  0x0081, 0x28E0, 0x0000, 0x0000, 0x0000, 0x1860, 0x0820, 0x0000, 0x0020, 0x0000, 0x0042, 0x0041, 0x0000, 0x0082, 0x0021, 0x0062,
  0x0062, 0x0042, 0x0042, 0x0063, 0x0167, 0x00C4, 0x0145, 0x01C7, 0x02A9, 0x0207, 0x00E4, 0x0021, 0x00C5, 0x0126, 0x0041, 0x0104,
  0x02AA, 0x0ACA, 0x1AAA, 0x0186, 0x0082, 0x0249, 0x02AA, 0x0B2C, 0x03AE, 0x3BC8, 0x48E0, 0x0145, 0x0228, 0x0228, 0x1D70, 0x13AB,
  0x03AC, 0x042D, 0x03CC, 0x4636, 0x1DB1, 0x058F, 0x1F77, 0x11C6, 0x03CA, 0x27B5, 0x1F53, 0x7F95, 0xC770, 0xD5A7, 0x6201, 0x0800,
  0x0140, 0x3425, 0xAFAE, 0x6F2F, 0x7770, 0x2AC5, 0x3D4C, 0x2E2E, 0x158B, 0x0468, 0x0346, 0x0305, 0x0C68, 0x0285, 0x0080, 0x21A4,
  0x6CCC, 0x3CAB, 0x0306, 0x0348, 0x0328, 0x0349, 0x0349, 0x0246, 0x00C2, 0x0000, 0x01E7, 0x0B2B, 0x1AA6, 0x2285, 0x11E5, 0x0943,
  0x00E3, 0x0123, 0x00A2, 0x0062, 0x0082, 0x0062, 0x00A3, 0x00E4, 0x00A3, 0x0000, 0x0062, 0x0042, 0x0062, 0x0083, 0x0022, 0x0040,
  0x1100, 0x0840, 0x0000, 0x0060, 0x0000, 0x0000, 0x0040, 0x0000, 0x0000, 0x3120, 0x1040, 0x0000, 0x0000, 0x1040, 0x1840, 0x0000,
  0x0020, 0x0041, 0x0000, 0x0021, 0x0000, 0x00A2, 0x0041, 0x0042, 0x0062, 0x0062, 0x00C3, 0x0062, 0x00E4, 0x0166, 0x00E4, 0x0186,
  0x0145, 0x0185, 0x0186, 0x00A3, 0x0000, 0x00C4, 0x0187, 0x0105, 0x01E7, 0x0B4C, 0x0207, 0x0208, 0x0145, 0x0125, 0x0A69, 0x0248,
  0x032C, 0x136A, 0x6A41, 0x08A2, 0x030A, 0x036B, 0x0268, 0x040D, 0x030A, 0x03CC, 0x0C6E, 0x03EC, 0x1E54, 0x05F1, 0x0652, 0x044D,
  0x08C2, 0x04ED, 0x0DF0, 0x3DCD, 0xADEA, 0x9BC4, 0x1860, 0x1902, 0x1C04, 0x36AA, 0x36CD, 0x470F, 0x47B1, 0x3D2A, 0x01E2, 0x056A,
  0x04A8, 0x0448, 0x0408, 0x0326, 0x0B26, 0x0284, 0x0121, 0x08C2, 0x5CCE, 0x4E70, 0x0489, 0x0348, 0x0287, 0x0226, 0x02C7, 0x13CA,
  0x1329, 0x00A1, 0x00A3, 0x0207, 0x01A5, 0x0164, 0x0103, 0x00E3, 0x0082, 0x0144, 0x0164, 0x00C2, 0x00C3, 0x0041, 0x0062, 0x00C3,
  0x00A3, 0x0062, 0x00A3, 0x0062, 0x0042, 0x0042, 0x0042, 0x0021, 0x08A0, 0x08A0, 0x0000, 0x0020, 0x0020, 0x0000, 0x0040, 0x0040,
  0x0000, 0x28E0, 0x28C0, 0x0000, 0x0000, 0x0800, 0x1860, 0x0000, 0x0000, 0x0041, 0x0000, 0x0000, 0x0000, 0x00A2, 0x00C3, 0x0021,
  0x0042, 0x0000, 0x00C2, 0x0144, 0x00C3, 0x0104, 0x00C3, 0x00E4, 0x0165, 0x0104, 0x0965, 0x0104, 0x0000, 0x0925, 0x0208, 0x0208,
  0x00A3, 0x0186, 0x0289, 0x01C7, 0x01E8, 0x00E4, 0x0208, 0x0249, 0x034C, 0x13AA, 0x7B03, 0x1840, 0x0144, 0x02EA, 0x03AC, 0x03ED,
  0x04AF, 0x034B, 0x0D31, 0x0D10, 0x038B, 0x0550, 0x0632, 0x1E34, 0x4329, 0xBE8F, 0x33C7, 0x7466, 0x9C24, 0x4160, 0x10C2, 0x8C8C,
  0xD750, 0x6ECB, 0x36AB, 0x372E, 0x066B, 0x168C, 0x1204, 0x1C29, 0x04A7, 0x03E7, 0x0326, 0x0284, 0x0B27, 0x12E6, 0x0264, 0x00E1,
  0x09A3, 0x04EA, 0x050A, 0x0409, 0x02E7, 0x01C5, 0x0164, 0x0246, 0x0287, 0x0226, 0x0061, 0x0061, 0x0164, 0x0123, 0x0164, 0x00A2,
  0x0082, 0x00C3, 0x00C2, 0x0103, 0x00E3, 0x00A3, 0x0041, 0x00C3, 0x00A3, 0x0041, 0x0042, 0x0062, 0x0021, 0x0021, 0x0042, 0x0021,
  0x0042, 0x08C0, 0x0020, 0x0000, 0x0020, 0x0000, 0x0020, 0x0080, 0x0000, 0x1880, 0x3920, 0x0000, 0x0000, 0x0000, 0x2060, 0x0820,
  0x0000, 0x0041, 0x0041, 0x0000, 0x0000, 0x0062, 0x00C3, 0x0021, 0x0042, 0x0104, 0x0186, 0x0104, 0x0020, 0x0062, 0x0166, 0x00E4,
  0x01E7, 0x0268, 0x0185, 0x11E6, 0x00A3, 0x0021, 0x01A7, 0x01A7, 0x00C3, 0x0021, 0x0186, 0x0186, 0x0228, 0x0145, 0x00A3, 0x01A7,
  0x032B, 0x1C8B, 0x9403, 0x3060, 0x0062, 0x01A6, 0x0207, 0x02CA, 0x040E, 0x042E, 0x038C, 0x0D31, 0x0530, 0x040C, 0x046D, 0x1673,
  0x0AA8, 0x6C48, 0xE7AD, 0xD628, 0x72C3, 0x0860, 0x3244, 0x9D6A, 0xF7D1, 0xCF6E, 0x33A5, 0x03E4, 0x574E, 0x274D, 0x0BC5, 0x0040,
  0x2CCB, 0x0488, 0x0325, 0x0203, 0x0203, 0x0346, 0x0326, 0x01E3, 0x09C4, 0x144A, 0x04AA, 0x0B47, 0x01E4, 0x02C7, 0x0226, 0x0184,
  0x0206, 0x01C5, 0x01E5, 0x0061, 0x0103, 0x12A9, 0x2204, 0x3224, 0x0124, 0x0144, 0x00A2, 0x0061, 0x00C3, 0x0104, 0x00E3, 0x00A3,
  0x00A2, 0x0021, 0x0000, 0x0021, 0x0001, 0x0021, 0x0021, 0x0022, 0x0021, 0x0021, 0x0060, 0x0880, 0x0000, 0x0020, 0x0000, 0x0020,
  0x00A1, 0x0040, 0x0820, 0x4181, 0x0820, 0x0000, 0x0000, 0x1040, 0x1040, 0x0000, 0x0000, 0x0062, 0x0020, 0x0000, 0x0000, 0x0021,
  0x0041, 0x0000, 0x0082, 0x01A7, 0x0145, 0x0000, 0x0000, 0x0145, 0x01A6, 0x0227, 0x02A9, 0x0144, 0x00A2, 0x0000, 0x0820, 0x21E6,
  0x0208, 0x01E8, 0x0166, 0x00A2, 0x0145, 0x0145, 0x01E8, 0x00A3, 0x01A6, 0x0269, 0x1B28, 0x7B02, 0x38A0, 0x0881, 0x0144, 0x0227,
  0x0B0A, 0x038C, 0x030A, 0x03AC, 0x046E, 0x04AE, 0x04EE, 0x054F, 0x2634, 0x030A, 0x1900, 0xBDE7, 0xACA6, 0x28E0, 0x0122, 0x5D28,
  0xDFCE, 0xAE09, 0xE76C, 0x6E2A, 0x2424, 0x65C8, 0x874D, 0x2DE9, 0x0121, 0x0325, 0x0284, 0x0182, 0x2AC6, 0x750B, 0x4CE8, 0x0BC6,
  0x03E7, 0x01A2, 0x0BA9, 0x0367, 0x0285, 0x0286, 0x1A64, 0x23A8, 0x0266, 0x01A5, 0x0226, 0x0266, 0x01E6, 0x00C3, 0x01A6, 0x00E4,
  0x1922, 0x1962, 0x00E3, 0x0164, 0x0103, 0x00A2, 0x0062, 0x0083, 0x0082, 0x0062, 0x0062, 0x0041, 0x0000, 0x0000, 0x0001, 0x0042,
  0x0083, 0x0042, 0x0001, 0x0041, 0x08A0, 0x0000, 0x0000, 0x0000, 0x0000, 0x0081, 0x00E1, 0x0000, 0x3921, 0x1880, 0x0000, 0x0000,
  0x0820, 0x1860, 0x0000, 0x0000, 0x0021, 0x0021, 0x0000, 0x0021, 0x0001, 0x00A2, 0x0061, 0x0041, 0x0082, 0x00C3, 0x0021, 0x0061,
  0x00C3, 0x0145, 0x00C2, 0x0207, 0x0227, 0x0124, 0x00E4, 0x0000, 0x2164, 0x1227, 0x0228, 0x0269, 0x0104, 0x00C3, 0x0186, 0x0208,
  0x0125, 0x00E4, 0x0248, 0x0206, 0x3101, 0x2820, 0x0000, 0x18A1, 0x0166, 0x0289, 0x034B, 0x03AC, 0x036B, 0x032A, 0x0530, 0x04EE,
  0x050F, 0x1737, 0x0C0E, 0x4A02, 0xD5A7, 0x7282, 0x0040, 0x1344, 0x6ECC, 0x9F6C, 0xD78B, 0x8589, 0x662A, 0x04A4, 0x7608, 0xC78C,
  0x76A8, 0x09A1, 0x08A1, 0x1B06, 0x1143, 0x540C, 0x562D, 0x2DE9, 0x0D89, 0x1528, 0x0B46, 0x0101, 0x0469, 0x0326, 0x0265, 0x2C27,
  0x4B84, 0x0AA6, 0x02A7, 0x0267, 0x0184, 0x01A5, 0x0103, 0x0124, 0x01A5, 0x29A2, 0x21C2, 0x0143, 0x0965, 0x0124, 0x0104, 0x00E3,
  0x0041, 0x0042, 0x0021, 0x0020, 0x0062, 0x0041, 0x0000, 0x0001, 0x0042, 0x0062, 0x0042, 0x0001, 0x0021, 0x0000, 0x0060, 0x0000,
  0x0020, 0x0000, 0x0020, 0x0922, 0x00A1, 0x1880, 0x20C0, 0x0000, 0x0000, 0x0000, 0x20A1, 0x0000, 0x0000, 0x0020, 0x0041, 0x0000,
  0x0041, 0x0021, 0x0082, 0x0943, 0x0082, 0x0082, 0x0041, 0x0061, 0x0062, 0x0021, 0x08E2, 0x1102, 0x0144, 0x01C6, 0x0207, 0x00E4,
  0x0021, 0x08C2, 0x22A9, 0x0165, 0x01E7, 0x0186, 0x08A2, 0x00E3, 0x0208, 0x0186, 0x00E4, 0x0165, 0x18E2, 0x40C0, 0x3040, 0x0020,
  0x0206, 0x334C, 0x00C3, 0x0289, 0x0268, 0x0247, 0x03AC, 0x0BAC, 0x0510, 0x05B1, 0x05B3, 0x0AE9, 0x8C24, 0xC4E5, 0x30C0, 0x0080,
  0x2CE7, 0x7F8B, 0x55A8, 0x8E28, 0x55E7, 0x01C1, 0x0140, 0x0C04, 0x9EEA, 0xB78C, 0x3B04, 0x2122, 0x64EB, 0x554E, 0x25AC, 0x1509,
  0x0427, 0x0365, 0x0C88, 0x0B25, 0x00E2, 0x11A4, 0x1C09, 0x02A6, 0x0286, 0x1366, 0x1264, 0x0184, 0x0205, 0x01E5, 0x0123, 0x0123,
  0x0040, 0x0144, 0x1A04, 0x4B04, 0x0943, 0x00A2, 0x00A2, 0x0062, 0x00C3, 0x00E3, 0x0062, 0x0042, 0x0021, 0x0001, 0x0042, 0x0000,
  0x0021, 0x0062, 0x0062, 0x0042, 0x0021, 0x0000, 0x0000, 0x0000, 0x0000, 0x0000, 0x0000, 0x0020, 0x0020, 0x00C1, 0x1162, 0x1060,
  0x20C0, 0x0000, 0x0000, 0x0000, 0x28E1, 0x1040, 0x0000, 0x0021, 0x0041, 0x0020, 0x0021, 0x0000, 0x0000, 0x1102, 0x08C2, 0x00A3,
  0x0041, 0x00C3, 0x00C3, 0x00C3, 0x0000, 0x0902, 0x0A06, 0x01A5, 0x01C6, 0x0A28, 0x08C3, 0x0000, 0x21E6, 0x0104, 0x00A2, 0x0165,
  0x00C3, 0x09C7, 0x0186, 0x1247, 0x3122, 0x40C0, 0x5100, 0x3880, 0x1000, 0x0104, 0x0C0C, 0x04CE, 0x4696, 0x19C6, 0x01A6, 0x0268,
  0x0267, 0x0227, 0x0288, 0x03AB, 0x0185, 0x10C1, 0xB4C4, 0x9BC4, 0x0040, 0x02C4, 0x1CC9, 0x3DC7, 0x5EC8, 0x3586, 0x2D05, 0x0485,
  0x2BC4, 0x4B85, 0x12C3, 0x3AE3, 0x3AC2, 0x0860, 0x652A, 0x1D4A, 0x0447, 0x0467, 0x02A4, 0x02A5, 0x0284, 0x0B05, 0x0121, 0x08A1,
  0x344B, 0x0162, 0x01E4, 0x01E5, 0x01E5, 0x0205, 0x0184, 0x0164, 0x0144, 0x0123, 0x18C1, 0x0040, 0x0143, 0x01A4, 0x0144, 0x00A3,
  0x00A2, 0x00E3, 0x0082, 0x00C3, 0x00A2, 0x0041, 0x0000, 0x0000, 0x0042, 0x0021, 0x0000, 0x0062, 0x0062, 0x0021, 0x0021, 0x0000,
  0x0000, 0x0000, 0x0000, 0x0841, 0x0000, 0x0020, 0x0020, 0x0060, 0x1A24, 0x08C1, 0x2080, 0x0020, 0x0000, 0x0000, 0x3101, 0x3101,
  0x0000, 0x0020, 0x0041, 0x0000, 0x0082, 0x0020, 0x0000, 0x10A1, 0x1081, 0x0061, 0x0041, 0x00A2, 0x0041, 0x00C3, 0x00A2, 0x08C2,
  0x01A5, 0x01C5, 0x01E6, 0x0185, 0x00A3, 0x0021, 0x00A2, 0x0145, 0x0145, 0x0124, 0x0144, 0x0145, 0x0A88, 0x5AC4, 0x61E2, 0x38A0,
  0x3060, 0x1820, 0x0021, 0x0227, 0x03EB, 0x046C, 0x050D, 0x46B4, 0x1144, 0x0020, 0x0041, 0x0081, 0x0903, 0x1A04, 0x00C1, 0x2900,
  0xC5A5, 0x6261, 0x0000, 0x03C4, 0x1E0A, 0x2507, 0x35C6, 0x3DC7, 0x4D28, 0x1D47, 0x0D06, 0x8EA9, 0x6E49, 0x0303, 0x0900, 0x0000,
  0x2A66, 0x35AC, 0x03C6, 0x0366, 0x0285, 0x0102, 0x0204, 0x0306, 0x02A6, 0x00A1, 0x0183, 0x0367, 0x0183, 0x0A25, 0x0AE6, 0x01E5,
  0x0164, 0x0164, 0x0123, 0x0144, 0x1902, 0x2060, 0x00E2, 0x0144, 0x0124, 0x0082, 0x00E3, 0x00A3, 0x0062, 0x00A2, 0x00E3, 0x0061,
  0x0001, 0x0000, 0x0042, 0x0062, 0x0021, 0x0062, 0x0062, 0x0021, 0x0000, 0x0000, 0x0000, 0x0000, 0x0000, 0x0021, 0x0001, 0x0000,
  0x0000, 0x0060, 0x0000, 0x19E3, 0x21E4, 0x0840, 0x0840, 0x0000, 0x0000, 0x20C1, 0x4982, 0x0000, 0x0020, 0x0062, 0x0000, 0x0020,
  0x0041, 0x0041, 0x10A1, 0x20E1, 0x0000, 0x0021, 0x0082, 0x0082, 0x0041, 0x0082, 0x0000, 0x0104, 0x01C5, 0x01A5, 0x00E3, 0x0041,
  0x0000, 0x0041, 0x0145, 0x01C7, 0x01C6, 0x0164, 0x0125, 0x3A84, 0x8AC1, 0x5100, 0x0000, 0x0000, 0x10C1, 0x00C2, 0x01C5, 0x03A9,
  0x0D2C, 0x04CA, 0x1E8F, 0x1C89, 0x13E7, 0x0963, 0x4A63, 0x73C4, 0x2B65, 0x1CAB, 0x3344, 0xCDA4, 0x41A1, 0x0060, 0x0C25, 0x1DA8,
  0x2C85, 0x1525, 0x2E07, 0x13A4, 0x0AA3, 0x0CE6, 0x04C5, 0x2CE6, 0x1505, 0x1444, 0x2A02, 0x2A05, 0x0325, 0x03E6, 0x03A6, 0x02A5,
  0x0245, 0x0204, 0x0163, 0x01A4, 0x0142, 0x21C5, 0x240A, 0x02E6, 0x01C4, 0x0183, 0x09A3, 0x00E2, 0x0144, 0x0185, 0x0144, 0x0103,
  0x1880, 0x0040, 0x00C3, 0x0062, 0x0082, 0x0062, 0x0062, 0x0041, 0x0021, 0x00A2, 0x00A2, 0x0021, 0x0041, 0x0062, 0x0042, 0x0041,
  0x0062, 0x0062, 0x0000, 0x0000, 0x0000, 0x0000, 0x0000, 0x0000, 0x0001, 0x0042, 0x0925, 0x0000, 0x0040, 0x0020, 0x1182, 0x2AA5,
  0x0840, 0x0840, 0x0000, 0x0000, 0x0840, 0x49A3, 0x0020, 0x0000, 0x0041, 0x0041, 0x0000, 0x0000, 0x0021, 0x10C1, 0x18C1, 0x0041,
  0x0001, 0x0082, 0x0082, 0x0020, 0x0020, 0x0082, 0x0000, 0x00E3, 0x0185, 0x00A2, 0x0041, 0x0062, 0x0000, 0x11A5, 0x01C6, 0x0228,
  0x1227, 0x0103, 0x5A82, 0x8A60, 0x2080, 0x0041, 0x1880, 0x2942, 0x11C4, 0x02A8, 0x0B49, 0x0347, 0x0D8C, 0x05CC, 0x0CC9, 0x1CE9,
  0x3D0C, 0x4A01, 0x9C02, 0x22A3, 0x0367, 0x1B85, 0xC563, 0x3920, 0x0080, 0x0BC6, 0x0CA7, 0x1CA6, 0x1C84, 0x25C5, 0x6566, 0x32A4,
  0x0302, 0x0484, 0x2C45, 0x1C85, 0x0464, 0x0A22, 0x3B29, 0x1B06, 0x1346, 0x1408, 0x0326, 0x02E6, 0x0245, 0x01A4, 0x0061, 0x0061,
  0x00E2, 0x340C, 0x0368, 0x01A3, 0x0184, 0x0183, 0x0102, 0x0123, 0x0123, 0x0144, 0x0104, 0x0081, 0x0000, 0x0041, 0x0082, 0x0061,
  0x0001, 0x0021, 0x0041, 0x0021, 0x0062, 0x00A2, 0x0020, 0x0041, 0x08C2, 0x0862, 0x0041, 0x0042, 0x0021, 0x0000, 0x0000, 0x0000,
  0x0000, 0x0000, 0x0000, 0x0042, 0x0926, 0x1A29, 0x1A29, 0x0020, 0x0060, 0x0080, 0x2B27, 0x1142, 0x1060, 0x0020, 0x0000, 0x0861,
  0x39C5, 0x0000, 0x0020, 0x0041, 0x0000, 0x0020, 0x0000, 0x0000, 0x0881, 0x1080, 0x0061, 0x0082, 0x0041, 0x0082, 0x0041, 0x0020,
  0x0061, 0x00E3, 0x0041, 0x00A2, 0x0041, 0x0123, 0x0206, 0x00E3, 0x0081, 0x0185, 0x01E6, 0x0185, 0x08E2, 0x8241, 0x6980, 0x0041,
  0x00E2, 0x49E2, 0x4982, 0x0225, 0x02A7, 0x0349, 0x03C9, 0x0C8B, 0x0C09, 0x0468, 0x0CEA, 0x33E8, 0x20A1, 0x4161, 0x11E2, 0x0368,
  0x13E7, 0xB523, 0x3920, 0x0060, 0x0324, 0x0304, 0x0262, 0x0323, 0x1C44, 0x5D04, 0x2AE3, 0x1B04, 0x03A3, 0x0BE4, 0x34C6, 0x1CE6,
  0x0282, 0x1983, 0x2D8D, 0x03C7, 0x1347, 0x0286, 0x0245, 0x0265, 0x01E4, 0x01A4, 0x00A2, 0x0163, 0x01A4, 0x01A4, 0x0205, 0x01C5,
  0x0184, 0x01A4, 0x0102, 0x1163, 0x0984, 0x0165, 0x00A2, 0x0000, 0x0000, 0x0082, 0x00A3, 0x0041, 0x0082, 0x0061, 0x0041, 0x0082,
  0x00C2, 0x0861, 0x0021, 0x0082, 0x0861, 0x0041, 0x0041, 0x0000, 0x0000, 0x0000, 0x0000, 0x0000, 0x0000, 0x0041, 0x10E5, 0x19E9,
  0x1A6A, 0x0946, 0x0105, 0x0081, 0x0040, 0x2224, 0x19C4, 0x0840, 0x0860, 0x0000, 0x1081, 0x842D, 0x2984, 0x0000, 0x0062, 0x0000,
  0x0000, 0x0000, 0x0020, 0x0041, 0x10A1, 0x0000, 0x00A2, 0x0061, 0x0041, 0x00A2, 0x00A2, 0x0020, 0x0124, 0x00A2, 0x0082, 0x0061,
  0x00E2, 0x0225, 0x11E6, 0x0021, 0x00E3, 0x0144, 0x00A2, 0x20E1, 0x8220, 0x4940, 0x0081, 0x0163, 0x39A2, 0x40E0, 0x0102, 0x13C9,
  0x13A9, 0x0347, 0x0367, 0x0368, 0x0244, 0x13E8, 0x2AA6, 0x0840, 0x1A85, 0x1B47, 0x03A8, 0x0387, 0xA522, 0x51A0, 0x0040, 0x0221,
  0x0365, 0x0BE5, 0x0364, 0x0384, 0x0100, 0x0181, 0x02C4, 0x2BC5, 0x4505, 0x0B83, 0x1BC4, 0x1AC3, 0x10A1, 0x0162, 0x0347, 0x0347,
  0x0307, 0x01A4, 0x01A4, 0x0183, 0x0163, 0x0184, 0x0123, 0x0246, 0x0143, 0x0103, 0x0123, 0x00E2, 0x0164, 0x0123, 0x00A2, 0x00A2,
  0x0944, 0x00C3, 0x0020, 0x0020, 0x0062, 0x00E4, 0x00E3, 0x08E2, 0x08E2, 0x0082, 0x0062, 0x00C2, 0x10A1, 0x0041, 0x0882, 0x0041,
  0x0021, 0x0000, 0x0000, 0x0000, 0x0000, 0x0000, 0x0000, 0x0000, 0x0042, 0x1125, 0x1126, 0x08C3, 0x1145, 0x0166, 0x0187, 0x00A0,
  0x11A3, 0x2AA5, 0x0040, 0x0020, 0x0000, 0x18C2, 0x7C2E, 0x3267, 0x0000, 0x0062, 0x0021, 0x0000, 0x0000, 0x0041, 0x0061, 0x10A1,
  0x10A1, 0x00A2, 0x08C2, 0x0000, 0x0000, 0x0922, 0x0081, 0x00C3, 0x00E3, 0x0000, 0x0000, 0x0184, 0x0AA6, 0x0143, 0x0020, 0x0104,
  0x0145, 0x0040, 0x4120, 0x69A0, 0x18E1, 0x0123, 0x01C3, 0x3161, 0x3183, 0x0122, 0x0224, 0x0386, 0x0C08, 0x0CCC, 0x0C0A, 0x0264,
  0x1AC6, 0x0881, 0x0060, 0x0244, 0x0C47, 0x1BE7, 0x0285, 0x6BE2, 0x6A00, 0x0040, 0x0AE3, 0x0344, 0x02E3, 0x03A4, 0x0445, 0x0343,
  0x1203, 0x0243, 0x0283, 0x02C4, 0x1BA4, 0x0303, 0x00A1, 0x10A1, 0x0A64, 0x0285, 0x0205, 0x0183, 0x00E2, 0x0123, 0x0183, 0x0122,
  0x0922, 0x22A6, 0x0A44, 0x09E4, 0x00A2, 0x0061, 0x00A2, 0x0061, 0x0041, 0x0082, 0x0082, 0x0082, 0x0062, 0x0020, 0x0000, 0x0062,
  0x00A3, 0x00A2, 0x0082, 0x00C2, 0x0062, 0x0021, 0x0061, 0x10A1, 0x0820, 0x0041, 0x0021, 0x0000, 0x0000, 0x0000, 0x0000, 0x0000,
  0x0000, 0x0000, 0x0000, 0x1105, 0x42AA, 0x4B2C, 0x2A8A, 0x4430, 0x1B8D, 0x02AB, 0x01A8, 0x0060, 0x00E1, 0x22E6, 0x1122, 0x0020,
  0x0000, 0x2944, 0x5288, 0x2207, 0x0041, 0x0020, 0x0061, 0x0000, 0x0000, 0x0040, 0x0061, 0x0040, 0x08C1, 0x0081, 0x08C2, 0x0000,
  0x0000, 0x0082, 0x1143, 0x0061, 0x00A2, 0x0021, 0x0041, 0x00E2, 0x0A45, 0x19E5, 0x0041, 0x0041, 0x0041, 0x2060, 0x5960, 0x3940,
  0x00A1, 0x0163, 0x0224, 0x4A01, 0x2901, 0x0A84, 0x02C5, 0x1BC8, 0x0325, 0x0365, 0x0305, 0x1B06, 0x1080, 0x0800, 0x00A0, 0x0305,
  0x1508, 0x262B, 0x0AA5, 0x39A0, 0x7241, 0x0000, 0x00C0, 0x0203, 0x0222, 0x02A3, 0x0282, 0x02E2, 0x0121, 0x0922, 0x0203, 0x0223,
  0x02A4, 0x0AC5, 0x0101, 0x2123, 0x2AC7, 0x0265, 0x0307, 0x01E5, 0x00E2, 0x00C2, 0x0102, 0x0123, 0x0164, 0x0123, 0x09E4, 0x01C4,
  0x00E3, 0x00A2, 0x0061, 0x0124, 0x0061, 0x0062, 0x00A2, 0x0082, 0x0062, 0x0840, 0x0000, 0x0041, 0x0062, 0x0062, 0x0041, 0x00A2,
  0x00A2, 0x0041, 0x0061, 0x0841, 0x0000, 0x0000, 0x0000, 0x0000, 0x0000, 0x0000, 0x0000, 0x0000, 0x0000, 0x0020, 0x0882, 0x4ACA,
  0x6BCD, 0x4B4C, 0x234C, 0x240F, 0x1BAE, 0x01A7, 0x00C3, 0x00E4, 0x0080, 0x1265, 0x1205, 0x0000, 0x0040, 0x4227, 0x4206, 0x08E3,
  0x0923, 0x0000, 0x0041, 0x0000, 0x0000, 0x0020, 0x0061, 0x0000, 0x00C1, 0x00A1, 0x0041, 0x0000, 0x0061, 0x0984, 0x32E5, 0x2162,
  0x0000, 0x0000, 0x0903, 0x0124, 0x0123, 0x0081, 0x0000, 0x0840, 0x1880, 0x38A0, 0x4900, 0x1921, 0x0163, 0x09A3, 0x0143, 0x4A41,
  0x3920, 0x0162, 0x0304, 0x0264, 0x0AE6, 0x1263, 0x19A1, 0x20A0, 0x1000, 0x0040, 0x02A4, 0x0467, 0x2549, 0x360A, 0x260B, 0x2A43,
  0x7261, 0x0000, 0x0162, 0x09E4, 0x0922, 0x0902, 0x00E0, 0x2241, 0x29A1, 0x0820, 0x0040, 0x01A3, 0x01C3, 0x0142, 0x18E1, 0x0840,
  0x1244, 0x0AA6, 0x0245, 0x0184, 0x0102, 0x01A4, 0x0163, 0x00C2, 0x0061, 0x0143, 0x0143, 0x0164, 0x0103, 0x00E3, 0x0041, 0x08C3,
  0x00C3, 0x0020, 0x00C3, 0x0082, 0x0082, 0x1061, 0x0000, 0x0041, 0x0062, 0x0061, 0x0861, 0x10A2, 0x10C2, 0x0861, 0x0862, 0x0841,
  0x0000, 0x0000, 0x0000, 0x0000, 0x0000, 0x0000, 0x0000, 0x0000, 0x0000, 0x10C3, 0x1986, 0x3227, 0x4AC9, 0x3248, 0x3CD2, 0x1D74,
  0x1C50, 0x0209, 0x01E8, 0x0021, 0x0062, 0x0265, 0x12C7, 0x0000, 0x10A2, 0x52A9, 0x2985, 0x0041, 0x1A07, 0x0020, 0x0020, 0x0000,
  0x0000, 0x0020, 0x0021, 0x0020, 0x00A1, 0x00A1, 0x0020, 0x0000, 0x0020, 0x00E2, 0x2223, 0x5AE3, 0x18C1, 0x0882, 0x0082, 0x00E3,
  0x08E1, 0x3160, 0x6221, 0x3921, 0x4941, 0x38E0, 0x1060, 0x0101, 0x01E3, 0x1203, 0x0143, 0x39E2, 0x5180, 0x0101, 0x02C3, 0x1366,
  0x3A21, 0x3900, 0x3080, 0x1800, 0x0881, 0x0963, 0x01A2, 0x03A6, 0x0385, 0x3489, 0x0446, 0x0AA2, 0x9341, 0x1840, 0x00A1, 0x01C3,
  0x1326, 0x0C48, 0x352C, 0x2A25, 0x20E0, 0x51C2, 0x1041, 0x1903, 0x0040, 0x0000, 0x0000, 0x2840, 0x0880, 0x0265, 0x0205, 0x0122,
  0x00E2, 0x0143, 0x0184, 0x00E2, 0x0041, 0x00A2, 0x00E3, 0x0124, 0x0144, 0x00C3, 0x0061, 0x0020, 0x0000, 0x0020, 0x0041, 0x0062,
  0x08A2, 0x1061, 0x0000, 0x0000, 0x0021, 0x0061, 0x1081, 0x18A2, 0x10A2, 0x0861, 0x0041, 0x0020, 0x0000, 0x0000, 0x0000, 0x0000,
  0x0000, 0x0000, 0x0000, 0x0000, 0x0882, 0x29C7, 0x3B0C, 0x6C90, 0x64B1, 0x2ACB, 0x32CA, 0x2A48, 0x01C7, 0x01E8, 0x01E8, 0x0125,
  0x1A08, 0x238E, 0x0327, 0x0040, 0x2944, 0x4A68, 0x10C3, 0x0000, 0x19E6, 0x0903, 0x0000, 0x0020, 0x0000, 0x0000, 0x0021, 0x0000,
  0x0040, 0x00A1, 0x0000, 0x0000, 0x0082, 0x00E3, 0x00C2, 0x1101, 0x0000, 0x0000, 0x0903, 0x0902, 0x3160, 0x6221, 0x8A81, 0x4141,
  0x0000, 0x0000, 0x00A1, 0x0162, 0x1A03, 0x1A03, 0x0982, 0x3A21, 0x7280, 0x0000, 0x0981, 0x4B01, 0x72A0, 0x4940, 0x10A1, 0x00C1,
  0x00A1, 0x0285, 0x1306, 0x1AC5, 0x01C2, 0x01A1, 0x02C4, 0x0305, 0x8B40, 0x4120, 0x0040, 0x1162, 0x0A84, 0x03A5, 0x0C46, 0x0C06,
  0x35A9, 0x1264, 0x0021, 0x4BC9, 0x4469, 0x01E3, 0x09E4, 0x0A65, 0x0040, 0x00A2, 0x0143, 0x0102, 0x00C2, 0x00A2, 0x0081, 0x0040,
  0x00C2, 0x0184, 0x0185, 0x0124, 0x0061, 0x0082, 0x0020, 0x0061, 0x00E3, 0x0041, 0x0061, 0x0082, 0x0861, 0x1040, 0x0000, 0x0021,
  0x0062, 0x0062, 0x0862, 0x0861, 0x0041, 0x0020, 0x0000, 0x0000, 0x0000, 0x0000, 0x0000, 0x0000, 0x0000, 0x0000, 0x0000, 0x10A2,
  0x3A07, 0x6BAD, 0x740E, 0x6BED, 0xA593, 0x334D, 0x1ACC, 0x1A4A, 0x1104, 0x0000, 0x0000, 0x0082, 0x00C3, 0x236D, 0x1BAE, 0x1163,
  0x5AA9, 0x4AA8, 0x0061, 0x0000, 0x29A6, 0x2206, 0x0020, 0x0020, 0x0000, 0x0000, 0x0000, 0x0000, 0x0000, 0x0020, 0x0000, 0x0020,
  0x00C2, 0x0123, 0x0123, 0x00E2, 0x1081, 0x0020, 0x10E2, 0x0902, 0x3161, 0x4140, 0x38E0, 0x1820, 0x0000, 0x0020, 0x0942, 0x0982,
  0x3262, 0x21C2, 0x0102, 0x3A41, 0x9BA0, 0x1880, 0x49C0, 0x7AC1, 0x4980, 0x1121, 0x00E1, 0x01C3, 0x0182, 0x0A64, 0x0224, 0x0182,
  0x0AA5, 0x02A4, 0x1346, 0x0161, 0x6AA0, 0x59C0, 0x00A1, 0x1A44, 0x3326, 0x0223, 0x02A3, 0x02C2, 0x0283, 0x0324, 0x09A3, 0x0962,
  0x0B05, 0x0263, 0x0366, 0x0B46, 0x0244, 0x0020, 0x01A4, 0x0206, 0x00E2, 0x0020, 0x0040, 0x0020, 0x0020, 0x00C2, 0x0184, 0x0123,
  0x0082, 0x0041, 0x0020, 0x0041, 0x00C3, 0x00C2, 0x00A2, 0x0082, 0x0061, 0x0820, 0x0000, 0x0021, 0x0062, 0x0041, 0x0041, 0x0020,
  0x0000, 0x0000, 0x0000, 0x0000, 0x0000, 0x0000, 0x0000, 0x0000, 0x0000, 0x0000, 0x18C3, 0x3A27, 0x538C, 0x6490, 0x2A07, 0x2144,
  0x29C6, 0x0041, 0x0062, 0x0083, 0x00C3, 0x0041, 0x0041, 0x0021, 0x0021, 0x00C3, 0x0082, 0x0062, 0x1923, 0x5B0A, 0x3A88, 0x00A2,
  0x0000, 0x3A07, 0x5B4B, 0x0020, 0x0020, 0x0000, 0x0000, 0x0000, 0x0000, 0x0020, 0x0881, 0x0020, 0x0000, 0x08E2, 0x00E2, 0x0102,
  0x0102, 0x0040, 0x1060, 0x18C1, 0x1081, 0x0000, 0x0820, 0x1860, 0x1080, 0x0061, 0x0040, 0x0942, 0x1182, 0x0921, 0x3A21, 0x0901,
  0x6B21, 0xBC81, 0x3920, 0x4120, 0x4980, 0x08A0, 0x01E3, 0x02C4, 0x02A4, 0x0284, 0x0AE5, 0x0203, 0x00A0, 0x01E3, 0x01A2, 0x0162,
  0x0162, 0x49E0, 0x5180, 0x0080, 0x0202, 0x01E3, 0x01C3, 0x0203, 0x0243, 0x01C2, 0x0223, 0x0121, 0x0963, 0x0A85, 0x0182, 0x0244,
  0x02A5, 0x0224, 0x0081, 0x0000, 0x0143, 0x01C5, 0x0184, 0x01A4, 0x00C2, 0x00E3, 0x0123, 0x00C2, 0x00A2, 0x0062, 0x0061, 0x00A2,
  0x0061, 0x0082, 0x00C2, 0x0081, 0x0061, 0x0041, 0x0000, 0x0000, 0x0021, 0x0021, 0x0020, 0x0000, 0x0000, 0x0000, 0x0000, 0x0000,
  0x0000, 0x0000, 0x0000, 0x0000, 0x0000, 0x0000, 0x18E3, 0x5AC8, 0x8C8D, 0x9571, 0x3BEE, 0x3B6C, 0x2B0B, 0x21C7, 0x29A7, 0x0042,
  0x00C3, 0x08E4, 0x0082, 0x08E4, 0x0082, 0x0000, 0x0042, 0x0000, 0x10A3, 0x1945, 0x52E9, 0x1184, 0x0020, 0x0000, 0x634C, 0x84F0,
  0x08E1, 0x0020, 0x0000, 0x0000, 0x0000, 0x0041, 0x0082, 0x0020, 0x0000, 0x0000, 0x0061, 0x00C2, 0x0902, 0x08C1, 0x0000, 0x0000,
  0x1080, 0x0881, 0x0880, 0x3141, 0x2902, 0x18E2, 0x0000, 0x00A1, 0x4AC1, 0x6301, 0x1941, 0x4A42, 0x6AA0, 0xABC0, 0xABC0, 0x30E0,
  0x0000, 0x10E1, 0x0122, 0x01C3, 0x0224, 0x0203, 0x0243, 0x0182, 0x02A4, 0x0B05, 0x09E3, 0x0344, 0x0263, 0x00A1, 0x49E0, 0x5140,
  0x0000, 0x0A04, 0x01E3, 0x0203, 0x0244, 0x01E4, 0x0122, 0x0122, 0x01A3, 0x0102, 0x0205, 0x0204, 0x0142, 0x0163, 0x0204, 0x0163,
  0x0020, 0x0081, 0x0082, 0x00A1, 0x0163, 0x0184, 0x00A2, 0x00A2, 0x0103, 0x0103, 0x00E3, 0x00E3, 0x0103, 0x0081, 0x0061, 0x00A2,
  0x0082, 0x0061, 0x0841, 0x0020, 0x0000, 0x0000, 0x0000, 0x0000, 0x0000, 0x0000, 0x0000, 0x0000, 0x0000, 0x0000, 0x0000, 0x0000,
  0x0000, 0x10A2, 0x4A47, 0x848F, 0x7510, 0x7CAE, 0xD6D6, 0x96B6, 0x01A6, 0x242E, 0x2E55, 0x0C2F, 0x0208, 0x00C3, 0x0020, 0x00C3,
  0x00A3, 0x00A3, 0x0041, 0x0966, 0x01E8, 0x00A3, 0x0862, 0x08E3, 0x4B48, 0x0000, 0x3145, 0x8CB1, 0x6C6E, 0x00C0, 0x0061, 0x0000,
  0x0000, 0x0000, 0x0081, 0x00A2, 0x0020, 0x0000, 0x0020, 0x0061, 0x00C2, 0x1921, 0x2901, 0x0000, 0x0000, 0x0840, 0x08A1, 0x29C2,
  0x62A1, 0x2100, 0x0840, 0x0061, 0x2121, 0x62C0, 0x6AE0, 0x41C0, 0x4A01, 0xA3A1, 0x9B40, 0x51A0, 0x3901, 0x0000, 0x00A1, 0x01C3,
  0x0203, 0x01E3, 0x0122, 0x0142, 0x0101, 0x00A1, 0x0141, 0x0162, 0x12C4, 0x0324, 0x0AA3, 0x51E0, 0x4100, 0x0000, 0x0081, 0x0102,
  0x01E4, 0x0224, 0x0163, 0x0163, 0x0183, 0x01A3, 0x0061, 0x0061, 0x0143, 0x0122, 0x0163, 0x0183, 0x0122, 0x0040, 0x0041, 0x00C2,
  0x00C2, 0x00E2, 0x0103, 0x0103, 0x00C2, 0x00C2, 0x00E3, 0x0103, 0x00C2, 0x0103, 0x00E3, 0x0061, 0x0082, 0x0041, 0x0041, 0x0020,
  0x0000, 0x0000, 0x0000, 0x0000, 0x0000, 0x0000, 0x0000, 0x0000, 0x0000, 0x0000, 0x0000, 0x0000, 0x0861, 0x3184, 0x6329, 0x8C8E,
  0x9D71, 0x9654, 0x5E74, 0x1B8C, 0x0964, 0x1A47, 0x44B1, 0x2635, 0x036B, 0x028A, 0x02AB, 0x01C8, 0x00A3, 0x0000, 0x0041, 0x0021,
  0x1229, 0x13D0, 0x0B4E, 0x0A8B, 0x00C3, 0x5287, 0x0941, 0x540A, 0x7DF0, 0x2A66, 0x0000, 0x0061, 0x0020, 0x0000, 0x0000, 0x0041,
  0x00E2, 0x0040, 0x0000, 0x0020, 0x0042, 0x08E2, 0x10A0, 0x1040, 0x0000, 0x0020, 0x0061, 0x00A1, 0x0102, 0x3A21, 0x5A81, 0x2941,
  0x0061, 0x1961, 0x4200, 0x3980, 0x5220, 0xAC00, 0xDCA0, 0x8280, 0x1880, 0x4141, 0x1880, 0x0020, 0x0183, 0x0204, 0x01A3, 0x0142,
  0x0122, 0x00E1, 0x0A23, 0x1283, 0x09E1, 0x2B03, 0x2AE4, 0x00E0, 0x3940, 0x3080, 0x0000, 0x0020, 0x0081, 0x0061, 0x00E2, 0x00E2,
  0x0102, 0x0142, 0x0142, 0x00C2, 0x0020, 0x00C2, 0x0123, 0x0184, 0x0163, 0x00C1, 0x0000, 0x0041, 0x0061, 0x0041, 0x00A2, 0x00E3,
  0x0123, 0x0123, 0x0103, 0x00A2, 0x0061, 0x0061, 0x0061, 0x0062, 0x0041, 0x0041, 0x0020, 0x0000, 0x0000, 0x0000, 0x0000, 0x0000,
  0x0000, 0x0000, 0x0000, 0x0000, 0x0000, 0x0000, 0x0020, 0x10A1, 0x39A4, 0x6B08, 0x83EB, 0xBDD1, 0xA550, 0x846E, 0x3A67, 0x5BAD,
  0x6552, 0x3C6F, 0x19E7, 0x1965, 0x3CF2, 0x0289, 0x01C7, 0x0208, 0x01A7, 0x00E5, 0x0146, 0x00A3, 0x0000, 0x0186, 0x02CC, 0x024A,
  0x0A8A, 0x0062, 0x5268, 0x646E, 0x25E9, 0x2E8A, 0x0241, 0x0000, 0x0061, 0x0040, 0x0000, 0x0000, 0x0000, 0x08C2, 0x0040, 0x0000,
  0x0000, 0x0041, 0x08C2, 0x1080, 0x0000, 0x0000, 0x0061, 0x00A2, 0x0902, 0x29C2, 0x4A00, 0x20E0, 0x1081, 0x18E1, 0x2120, 0x7300,
  0xA380, 0xBC40, 0xC4A0, 0xA3A0, 0x4140, 0x0820, 0x20A0, 0x0840, 0x0061, 0x0102, 0x0143, 0x0163, 0x0162, 0x01A2, 0x0AA4, 0x01C2,
  0x0AE3, 0x1343, 0x0A82, 0x11E2, 0x0860, 0x1040, 0x0000, 0x0000, 0x0041, 0x0061, 0x0081, 0x0020, 0x0041, 0x0122, 0x01C3, 0x01A3,
  0x00E2, 0x00A1, 0x0163, 0x0183, 0x0143, 0x0123, 0x0081, 0x0000, 0x0041, 0x00A2, 0x00E3, 0x00C3, 0x0082, 0x0061, 0x0062, 0x0062,
  0x0061, 0x0041, 0x0041, 0x0021, 0x0020, 0x0000, 0x0000, 0x0000, 0x0000, 0x0000, 0x0000, 0x0000, 0x0000, 0x0000, 0x0000, 0x0000,
  0x0000, 0x0000, 0x0840, 0x2943, 0x7389, 0xB58F, 0xC632, 0x9D2F, 0x73CB, 0x840D, 0x29C4, 0x2185, 0x8BEE, 0x3165, 0x08A2, 0x1228,
  0x1A89, 0x08E3, 0x00C3, 0x0209, 0x01C7, 0x0145, 0x00E4, 0x00E4, 0x00E4, 0x0082, 0x09E7, 0x1471, 0x038E, 0x028B, 0x0166, 0x4A47,
  0x6C8E, 0x0637, 0x0DE6, 0x0566, 0x0221, 0x0020, 0x0020, 0x0040, 0x0000, 0x0000, 0x0000, 0x08C2, 0x10E2, 0x0000, 0x0000, 0x0061,
  0x00A2, 0x0840, 0x0000, 0x0020, 0x0081, 0x0082, 0x00C2, 0x2181, 0x4201, 0x2121, 0x0000, 0x0880, 0x39C0, 0x5A60, 0x41A0, 0x49C0,
  0x3980, 0x1860, 0x0000, 0x0000, 0x0040, 0x0020, 0x0020, 0x0122, 0x0142, 0x0162, 0x0101, 0x0141, 0x01E2, 0x0223, 0x01C2, 0x0181,
  0x09C1, 0x1961, 0x0820, 0x1840, 0x0000, 0x0000, 0x0061, 0x0041, 0x0081, 0x00E2, 0x0103, 0x00C2, 0x00E2, 0x0142, 0x0122, 0x0061,
  0x00A2, 0x0103, 0x00E2, 0x0081, 0x0020, 0x0000, 0x0041, 0x0061, 0x0041, 0x0062, 0x0082, 0x0061, 0x0041, 0x0021, 0x0020, 0x0000,
  0x0000, 0x0000, 0x0000, 0x0000, 0x0000, 0x0000, 0x0000, 0x0000, 0x0000, 0x0000, 0x0000, 0x0000, 0x0000, 0x0840, 0x18E2, 0x39C5,
  0x8C6D, 0xD693, 0xDEB4, 0xDE95, 0xAD71, 0x8CB0, 0x7CB1, 0x29E6, 0x53EC, 0x142B, 0x0267, 0x01A5, 0x08A2, 0x0000, 0x0882, 0x0021,
  0x0000, 0x0020, 0x00E4, 0x0146, 0x00E4, 0x00A3, 0x00A3, 0x0882, 0x09C7, 0x1595, 0x1594, 0x04D2, 0x0187, 0x31A6, 0x632A, 0x3CF2,
  0x67FF, 0x04E5, 0x01A1, 0x0000, 0x0000, 0x0040, 0x0020, 0x0000, 0x0000, 0x10A1, 0x10A1, 0x0000, 0x0000, 0x0041, 0x00A2, 0x0000,
  0x0000, 0x0041, 0x00A2, 0x0062, 0x08C1, 0x2961, 0x31A1, 0x08E1, 0x0061, 0x08C1, 0x2161, 0x2141, 0x0880, 0x0020, 0x1040, 0x0820,
  0x0000, 0x0020, 0x00A2, 0x00C2, 0x00C2, 0x0061, 0x0060, 0x0101, 0x1182, 0x29C1, 0x2161, 0x3201, 0x21C1, 0x2161, 0x3161, 0x3101,
  0x1860, 0x0800, 0x0000, 0x0020, 0x0062, 0x00A2, 0x0041, 0x0041, 0x00A2, 0x00E2, 0x0081, 0x0082, 0x00A2, 0x0082, 0x0041, 0x0061,
  0x0041, 0x0021, 0x0000, 0x0020, 0x0021, 0x0021, 0x0020, 0x0020, 0x0000, 0x0000, 0x0000, 0x0000, 0x0000, 0x0000, 0x0000, 0x0000,
  0x0000, 0x0000, 0x0000, 0x0000, 0x0000, 0x0000, 0x0000, 0x0000, 0x0041, 0x10A1, 0x3184, 0x736A, 0xA4EF, 0x9CCE, 0x9CCE, 0x6348,
  0xBE13, 0xFFFF, 0xD75B, 0xE7BB, 0xB654, 0x3A26, 0x9E95, 0x2DD0, 0x152F, 0x2DB1, 0x14AE, 0x0227, 0x0124, 0x0861, 0x0841, 0x0841,
  0x0041, 0x0800, 0x1882, 0x00A3, 0x0062, 0x10A2, 0x1082, 0x0430, 0x1677, 0x04F2, 0x0410, 0x2208, 0x6B8C, 0x2595, 0x3617, 0x975C,
  0x0181, 0x0000, 0x0020, 0x00A1, 0x0040, 0x0000, 0x0000, 0x1081, 0x10A1, 0x0000, 0x0000, 0x0041, 0x00A2, 0x0000, 0x0000, 0x0061,
  0x00A2, 0x0062, 0x08C2, 0x1922, 0x10C0, 0x10A0, 0x0881, 0x10C1, 0x18C1, 0x1080, 0x1060, 0x1080, 0x1060, 0x0840, 0x0041, 0x0021,
  0x0021, 0x0061, 0x0082, 0x0081, 0x0081, 0x0061, 0x0041, 0x0021, 0x0020, 0x0040, 0x0881, 0x1081, 0x0840, 0x0800, 0x0000, 0x0000,
  0x0021, 0x0041, 0x0042, 0x0041, 0x0062, 0x0062, 0x0041, 0x0041, 0x0021, 0x0021, 0x0020, 0x0020, 0x0020, 0x0020, 0x0000, 0x0000,
  0x0000, 0x0000, 0x0000, 0x0000, 0x0000, 0x0000, 0x0000, 0x0000, 0x0000, 0x0000, 0x0000, 0x0000, 0x0000, 0x0000, 0x0000, 0x0000,
  0x0000, 0x0000, 0x0041, 0x00A2, 0x2164, 0x3A27, 0x6328, 0xAD90, 0xCE53, 0xD6D4, 0xD6F5, 0xBE34, 0x8CAD, 0xEF9C, 0x8C91, 0x3206,
  0x536B, 0x0183, 0x19E5, 0x7CF0, 0x4B29, 0x1C0C, 0x150F, 0x1329, 0x0206, 0x02A8, 0x01A7, 0x01E8, 0x0166, 0x0145, 0x0105, 0x0041,
  0x0021, 0x1020, 0x1820, 0x2060, 0x2081, 0x18C2, 0x22CA, 0x038D, 0x034C, 0x33AC, 0x5288, 0x0A68, 0x0679, 0x0E99, 0x0698, 0x0000,
  0x00A1, 0x00E2, 0x0040, 0x0000, 0x0000, 0x0020, 0x0861, 0x0020, 0x0000, 0x0020, 0x08E3, 0x0020, 0x0000, 0x0082, 0x00A3, 0x0041,
  0x08A2, 0x1902, 0x10C1, 0x1081, 0x10A1, 0x18C1, 0x18A0, 0x0840, 0x0840, 0x0020, 0x0020, 0x0000, 0x0000, 0x0020, 0x0020, 0x0000,
  0x0000, 0x0000, 0x0000, 0x0000, 0x0000, 0x0000, 0x0000, 0x0000, 0x0000, 0x0000, 0x0000, 0x0000, 0x0000, 0x0000, 0x0000, 0x0000,
  0x0000, 0x0000, 0x0000, 0x0000, 0x0000, 0x0000, 0x0000, 0x0000, 0x0000, 0x0000, 0x0000, 0x0000, 0x0000, 0x0000, 0x0000, 0x0000,
  0x0000, 0x0000, 0x0000, 0x0000, 0x0000, 0x0000, 0x0000, 0x0000, 0x0000, 0x0000, 0x0000, 0x0020, 0x0061, 0x10E3, 0x21C5, 0x3288,
  0x63CC, 0x63CC, 0x848E, 0xE778, 0xCE95, 0xA550, 0x9D4F, 0xA592, 0xADB3, 0xC657, 0xCEB8, 0xC676, 0x9D51, 0xD73A, 0x3AA8, 0x41E6,
  0x39E6, 0x0000, 0x0000, 0x0881, 0x00A2, 0x0185, 0x0165, 0x02A9, 0x01A6, 0x0125, 0x01C7, 0x01C8, 0x0105, 0x0125, 0x0125, 0x00E4,
  0x0083, 0x0000, 0x00A3, 0x0062, 0x31A6, 0x7B8C, 0x2144, 0x08A2, 0x5226, 0x2061, 0x0123, 0x0268, 0x0207, 0x0269, 0x0984, 0x00C2,
  0x0020, 0x0000, 0x0040, 0x0020, 0x0061, 0x0081, 0x0000, 0x0000, 0x0082, 0x0021, 0x0021, 0x00A2, 0x00A2, 0x0861, 0x18C1, 0x20E1,
  0x20A1, 0x1081, 0x0840, 0x0000, 0x0000, 0x0000, 0x0000, 0x0000, 0x0000, 0x0000, 0x0000, 0x0000, 0x0000, 0x0000, 0x0000, 0x0000,
  0x0000, 0x0000, 0x0000, 0x0000, 0x0000, 0x0000, 0x0000, 0x0000, 0x0000, 0x0000, 0x0000, 0x0000, 0x0000, 0x0000, 0x0000, 0x0000,
  0x0000, 0x0000, 0x0000, 0x0000, 0x0000, 0x0000, 0x0000, 0x0000, 0x0000, 0x0000, 0x0000, 0x0000, 0x0000, 0x0000, 0x0000, 0x0000,
  0x0000, 0x0000, 0x0000, 0x0000, 0x0000, 0x0000, 0x0041, 0x0924, 0x19A6, 0x19C5, 0x3287, 0x740D, 0x9D72, 0xC6D7, 0xEFBC, 0xDF5A,
  0xFFFF, 0xE73A, 0x8D0F, 0xB5F6, 0xAD74, 0x6BCD, 0x29C6, 0x18A2, 0x738C, 0x530A, 0x532B, 0x3A27, 0x29C5, 0x5D11, 0x2206, 0x2207,
  0x0A46, 0x4BED, 0x232A, 0x0081, 0x0020, 0x01E7, 0x01C7, 0x0125, 0x0145, 0x0166, 0x1A08, 0x0925, 0x0187, 0x0146, 0x0125, 0x00A3,
  0x0042, 0x0209, 0x0187, 0x00A3, 0x0000, 0x08C3, 0x10A3, 0x0042, 0x02EA, 0x0DB3, 0x0656, 0x04F2, 0x00C2, 0x0000, 0x0000, 0x18E3,
  0x10C2, 0x0040, 0x0882, 0x0000, 0x0000, 0x0041, 0x0021, 0x0041, 0x08C2, 0x18E2, 0x18A1, 0x20E1, 0x18A1, 0x0020, 0x0000, 0x0000,
  0x0000, 0x0000, 0x0000, 0x0000, 0x0000, 0x0000, 0x0000, 0x0000, 0x0000, 0x0000, 0x0000, 0x0000, 0x0000, 0x0000, 0x0000, 0x0000,
  0x0000, 0x0000, 0x0000, 0x0000, 0x0000, 0x0000, 0x0000, 0x0000, 0x0000, 0x0000, 0x0000, 0x0000, 0x0000, 0x0000, 0x0000, 0x0000,
  0x0000, 0x0000, 0x0000, 0x0000, 0x0000, 0x0000, 0x0000, 0x0000, 0x0000, 0x0000, 0x0000, 0x0000, 0x0041, 0x0021, 0x00A2, 0x0965,
  0x1207, 0x1A48, 0x32C9, 0x8D72, 0x6CCF, 0x7552, 0xC6B7, 0xCEF8, 0xE7BC, 0xD71A, 0x8CB0, 0x4B0A, 0xD77D, 0xB6B8, 0x4B6B, 0x538B,
  0x4B8B, 0xA594, 0xFFFF, 0xFFFF, 0xB6F8, 0x4BEC, 0x6B29, 0x3123, 0x0000, 0x0040, 0x0000, 0x0103, 0x0985, 0x0144, 0x02A9, 0x0AE9,
  0x02E9, 0x01C6, 0x0882, 0x11E6, 0x0186, 0x01A7, 0x0146, 0x0021, 0x1944, 0x1229, 0x0187, 0x0125, 0x00A4, 0x0000, 0x0986, 0x026A,
  0x0229, 0x0A49, 0x08E3, 0x10E3, 0x31E7, 0x2DB4, 0x1FDB, 0x37FC, 0x1F9C, 0x0554, 0x0840, 0x0000, 0x31C6, 0x52C9, 0x0020, 0x0061,
  0x0021, 0x0000, 0x0021, 0x0021, 0x0062, 0x2102, 0x3122, 0x18A1, 0x0861, 0x0000, 0x0000, 0x0000, 0x0000, 0x0000, 0x0000, 0x0000,
  0x0000, 0x0000, 0x0000, 0x0000, 0x0000, 0x0020, 0x0021, 0x0021, 0x0000, 0x0000, 0x0000, 0x0041, 0x0062, 0x0062, 0x0022, 0x0021,
  0x0000, 0x0021, 0x0062, 0x0021, 0x0021, 0x0000, 0x0001, 0x0021, 0x0021, 0x0041, 0x00C3, 0x00C3, 0x0082, 0x0021, 0x0000, 0x0021,
  0x0061, 0x00C3, 0x00E4, 0x0082, 0x00E4, 0x0925, 0x11A7, 0x0986, 0x0186, 0x1B6C, 0x1BED, 0x342E, 0x6E36, 0x5511, 0x3C0D, 0x7512,
  0x74B0, 0x95B2, 0xFFFF, 0x7E35, 0x54D0, 0x8553, 0x95B5, 0xBE99, 0x9DD5, 0x11C4, 0x248D, 0xA73A, 0x8DB5, 0x3368, 0x7D0F, 0x2286,
  0x7D10, 0x9E55, 0x97FA, 0x3ED2, 0x8693, 0x23A9, 0x19A5, 0x3A07, 0x1923, 0x2962, 0x0881, 0x0000, 0x0208, 0x12CA, 0x01C6, 0x0186,
  0x0061, 0x0800, 0x18C2, 0x0904, 0x00A3, 0x08A2, 0x0945, 0x0167, 0x0146, 0x00C4, 0x0000, 0x2944, 0x22EB, 0x0187, 0x128A, 0x3289,
  0x0061, 0x5AC9, 0x7F5A, 0x27FE, 0x2FDD, 0x375B, 0x05B4, 0x0000, 0x5288, 0x7C2E, 0x08A2, 0x0061, 0x0020, 0x0000, 0x0021, 0x0021,
  0x0861, 0x20E2, 0x28E2, 0x0841, 0x0000, 0x0000, 0x0000, 0x0000, 0x0000, 0x0000, 0x0000, 0x0000, 0x0000, 0x0021, 0x0083, 0x00A4,
  0x0083, 0x00C4, 0x0106, 0x0147, 0x0126, 0x11C8, 0x0A09, 0x0A09, 0x0A09, 0x01C8, 0x024B, 0x0B0D, 0x0B2D, 0x1A8B, 0x0986, 0x0146,
  0x0A4A, 0x0A29, 0x01A7, 0x0A29, 0x0229, 0x0AEC, 0x0A08, 0x0904, 0x11C8, 0x126A, 0x230C, 0x2ACA, 0x2B2C, 0x13CE, 0x2C2E, 0x4C2F,
  0x4553, 0x4553, 0x24B0, 0x5636, 0x7E77, 0x7595, 0x54D1, 0x5ED6, 0x7759, 0x546F, 0x7D95, 0xDFDE, 0xC6BA, 0x9D95, 0x3AA9, 0x5B6C,
  0x8D74, 0x7698, 0x55F5, 0x0A67, 0x7C91, 0x7470, 0x6BAC, 0x3265, 0x01C4, 0x6573, 0x6E96, 0x86B5, 0x4C8D, 0x1A85, 0x01A2, 0x1328,
  0x2D90, 0x2631, 0x05AE, 0x0C0B, 0x09A6, 0x5AA6, 0x6BC6, 0x0144, 0x0041, 0x00E3, 0x01C7, 0x0186, 0x0A08, 0x0186, 0x0061, 0x0820,
  0x1000, 0x0882, 0x1AAA, 0x0986, 0x00E4, 0x0105, 0x0062, 0x0861, 0x430B, 0x0187, 0x08E4, 0x2881, 0x10C2, 0x746D, 0xB7B6, 0x37FD,
  0x16B8, 0x04F2, 0x2553, 0x7BCD, 0x8CAF, 0x19C5, 0x00C2, 0x0041, 0x0000, 0x0000, 0x0021, 0x0861, 0x20E3, 0x10C3, 0x0000, 0x0000,
  0x0000, 0x0000, 0x0000, 0x0000, 0x0000, 0x0021, 0x0083, 0x00C4, 0x0167, 0x0A2A, 0x0A4B, 0x0A09, 0x234D, 0x028B, 0x022A, 0x2AAB,
  0x2A6A, 0x00C4, 0x0AAB, 0x138F, 0x19E8, 0x0945, 0x09E8, 0x1B0C, 0x440F, 0x11E7, 0x0AEC, 0x44D3, 0x5410, 0x2228, 0x0C30, 0x1574,
  0x2594, 0x3D33, 0x4593, 0x3573, 0x1CB0, 0x0B6B, 0x1B4B, 0x4B4B, 0x4AA8, 0x3592, 0x76B7, 0x4B4B, 0x338C, 0x1A07, 0x4D94, 0x4615,
  0x3B4C, 0x8CF3, 0x73EF, 0x2AA9, 0x438D, 0x6BCE, 0x742F, 0x8513, 0xF7FF, 0xB699, 0x9D94, 0xE71B, 0x8CB1, 0x29E5, 0x2AE8, 0x5D73,
  0xE7FE, 0xFFFF, 0xCF58, 0x642B, 0x39A4, 0x0000, 0x01A5, 0x1B2A, 0x2307, 0x5C8A, 0x1B07, 0x0944, 0x09A5, 0x0287, 0x034A, 0x0288,
  0x0A27, 0x08C2, 0x09C5, 0x0208, 0x01C7, 0x00A2, 0x0082, 0x00E3, 0x0186, 0x0165, 0x0082, 0x0041, 0x0062, 0x0146, 0x024A, 0x01E8,
  0x01A7, 0x00A3, 0x0000, 0x11C7, 0x0187, 0x08A3, 0x40E1, 0x1A06, 0x6636, 0xD7F9, 0x77B9, 0x2FFF, 0x0513, 0x43CD, 0xD678, 0x63AB,
  0x532A, 0x3268, 0x00A3, 0x0021, 0x0000, 0x0021, 0x0883, 0x18C2, 0x0861, 0x0000, 0x0000, 0x0000, 0x0000, 0x0000, 0x0042, 0x00C4,
  0x0167, 0x01E9, 0x01C8, 0x3C31, 0x230D, 0x0A2A, 0x09A7, 0x03EF, 0x0B6D, 0x0209, 0x0145, 0x1249, 0x2A8A, 0x022A, 0x01E9, 0x0126,
  0x0166, 0x1B0B, 0x23CE, 0x1208, 0x0904, 0x00E4, 0x0146, 0x2AEC, 0x3208, 0x00A2, 0x0A8A, 0x1470, 0x3CF2, 0x1A07, 0x1985, 0x3CAF,
  0x14EF, 0x2654, 0x2717, 0x3E97, 0x32E9, 0x2164, 0x1ACA, 0x4CF3, 0x21C6, 0x10C3, 0x6554, 0x55F5, 0x771A, 0x9F7C, 0x9DF6, 0x3145,
  0x4289, 0xB7BD, 0xA75B, 0x744F, 0x21C5, 0x54F1, 0x3E55, 0x5CB0, 0xC677, 0x9510, 0x2102, 0x01E6, 0x3CAF, 0x86D6, 0x25EF, 0x2D8F,
  0x348D, 0x1144, 0x1000, 0x1123, 0x1B8A, 0x2368, 0x0A46, 0x01A6, 0x0144, 0x00E4, 0x01E7, 0x00E3, 0x01A6, 0x0124, 0x0062, 0x0A28,
  0x0229, 0x01E8, 0x00C3, 0x0000, 0x08A2, 0x00A3, 0x0021, 0x00C3, 0x0126, 0x0187, 0x026A, 0x0187, 0x0105, 0x0042, 0x3184, 0x2165,
  0x0882, 0x10E2, 0x33AD, 0x46F9, 0x9FDC, 0xA7BA, 0x1CF0, 0x3F7C, 0x6E77, 0x838B, 0x6B8D, 0x94D2, 0x0103, 0x0062, 0x0000, 0x0021,
  0x0083, 0x0882, 0x0000, 0x0000, 0x0000, 0x0000, 0x0000, 0x00A4, 0x01A8, 0x12CD, 0x332E, 0x0A2A, 0x01A8, 0x00E5, 0x0925, 0x01A8,
  0x132E, 0x0105, 0x00E4, 0x00E5, 0x00C4, 0x0146, 0x1BCE, 0x23AE, 0x030D, 0x0BB0, 0x022A, 0x030C, 0x03CE, 0x2BEE, 0x2145, 0x0966,
  0x0A29, 0x34B2, 0x138E, 0x0A28, 0x0925, 0x0041, 0x1104, 0x436D, 0x0021, 0x1985, 0x4EB6, 0x8E15, 0x4A69, 0x238C, 0x4ED9, 0x7678,
  0x1124, 0x0208, 0x2698, 0x2CF2, 0x21A6, 0x0965, 0x244F, 0x4FDC, 0x4FDB, 0xCFFF, 0xC77C, 0x1944, 0x01E5, 0x7F9B, 0xEFFF, 0x3C2D,
  0x2D51, 0x15F2, 0x048D, 0x01A3, 0x5245, 0x20A1, 0x0081, 0x0226, 0x0308, 0x03A9, 0x0328, 0x02A8, 0x0AA8, 0x00C2, 0x0800, 0x00E2,
  0x2B2A, 0x1248, 0x01A5, 0x0145, 0x0082, 0x0165, 0x0A27, 0x1A48, 0x0125, 0x0000, 0x0945, 0x01C8, 0x01A8, 0x0166, 0x0083, 0x1000,
  0x0862, 0x0166, 0x0146, 0x0105, 0x00E4, 0x0146, 0x00C4, 0x00A3, 0x20C2, 0x5162, 0x4A28, 0x32EB, 0x1C0F, 0x9FFE, 0x7F9B, 0x8FBC,
  0x379A, 0x5E98, 0x9D53, 0x7246, 0x1800, 0xC617, 0x0A27, 0x00E3, 0x0000, 0x0021, 0x0063, 0x0041, 0x0000, 0x0000, 0x0000, 0x0000,
  0x00E5, 0x09EA, 0x01E9, 0x2B8F, 0x1A4A, 0x00A3, 0x0105, 0x01E9, 0x0167, 0x0106, 0x01EA, 0x028C, 0x0209, 0x0945, 0x0021, 0x0126,
  0x01C8, 0x028A, 0x13EF, 0x234D, 0x00C5, 0x028C, 0x03F0, 0x038E, 0x13D0, 0x2B4D, 0x1BEF, 0x3D34, 0x09A7, 0x0B6D, 0x1491, 0x0A69,
  0x0020, 0x3965, 0x1B2B, 0x25D5, 0x1207, 0x244C, 0x6E53, 0x4B6B, 0x1124, 0x10E3, 0x0904, 0x1A49, 0x0187, 0x038D, 0x03CE, 0x19A6,
  0x1904, 0x00A2, 0x34D0, 0x2C6F, 0x43AD, 0x2551, 0x4DB3, 0x1985, 0x1BAB, 0x2E54, 0x2674, 0x02E8, 0x0225, 0x0CAD, 0x0309, 0x338B,
  0x3A47, 0x0000, 0x0144, 0x0207, 0x0AEA, 0x032A, 0x01C5, 0x0B2B, 0x0B4B, 0x0104, 0x0000, 0x0081, 0x00C3, 0x00E3, 0x0124, 0x1185,
  0x2B8B, 0x0A07, 0x0186, 0x01A7, 0x00A3, 0x0020, 0x00E4, 0x0105, 0x00C4, 0x0083, 0x0000, 0x0041, 0x0083, 0x0082, 0x0082, 0x0062,
  0x0062, 0x0062, 0x0041, 0x0800, 0x5B2C, 0x55B5, 0x044F, 0x5636, 0xBFBC, 0x7F7B, 0x2F59, 0x7F7A, 0x840F, 0x28A1, 0x4942, 0x12A9,
  0x01C7, 0x0000, 0x0021, 0x0042, 0x0021, 0x0000, 0x0000, 0x0000, 0x0083, 0x120A, 0x09CA, 0x0106, 0x0106, 0x0188, 0x00A4, 0x0105,
  0x00E5, 0x00E5, 0x0105, 0x00E5, 0x00A4, 0x00A4, 0x00C4, 0x0987, 0x00A3, 0x00C5, 0x00E4, 0x01C8, 0x0229, 0x0105, 0x00C5, 0x00E5,
  0x01A8, 0x0187, 0x00C4, 0x0A09, 0x2430, 0x1450, 0x2A08, 0x0125, 0x02CB, 0x0B6D, 0x240E, 0x3269, 0x0903, 0x02C9, 0x1207, 0x2081,
  0x18E1, 0x442C, 0x44F1, 0x2248, 0x2269, 0x11C7, 0x0062, 0x00A2, 0x2246, 0xC651, 0x31A4, 0x0000, 0x236A, 0x4C90, 0x2C2E, 0x4DF3,
  0x3D10, 0x1124, 0x0040, 0x0246, 0x0329, 0x09E5, 0x0A06, 0x02C8, 0x036A, 0x03CB, 0x138A, 0x0A06, 0x0062, 0x0125, 0x01A6, 0x0207,
  0x01C6, 0x0185, 0x0248, 0x0165, 0x00C3, 0x0000, 0x0820, 0x0020, 0x1184, 0x22C8, 0x01E6, 0x0166, 0x01A7, 0x0145, 0x00A3, 0x00A3,
  0x00C4, 0x0104, 0x00A3, 0x0042, 0x0000, 0x0000, 0x0041, 0x0021, 0x0820, 0x0020, 0x0041, 0x0041, 0x0000, 0x636D, 0x5E77, 0x0490,
  0x3593, 0x4DD4, 0x4D52, 0x3DD4, 0x45B3, 0x4A27, 0x1020, 0x1165, 0x0227, 0x0021, 0x0021, 0x0041, 0x0000, 0x0000, 0x0000, 0x0062,
  0x0147, 0x01A9, 0x1188, 0x0083, 0x00A4, 0x00E5, 0x00C5, 0x0083, 0x0063, 0x0084, 0x0083, 0x0063, 0x0041, 0x0001, 0x0063, 0x0083,
  0x00A4, 0x0083, 0x0021, 0x0021, 0x0042, 0x00C4, 0x0126, 0x01E9, 0x0125, 0x0001, 0x00E4, 0x0125, 0x0083, 0x0145, 0x1249, 0x1249,
  0x01C7, 0x02AB, 0x02AA, 0x0B6C, 0x3D13, 0x3B2C, 0x0185, 0x1289, 0x1185, 0x1041, 0x28C1, 0x2206, 0x0145, 0x1289, 0x24D1, 0x1AEB,
  0x2124, 0x5AE6, 0xBE0B, 0x9C68, 0x0881, 0x148F, 0x15B3, 0x0CCF, 0x15D1, 0x0D0F, 0x040D, 0x0964, 0x0041, 0x0144, 0x1267, 0x0A06,
  0x0247, 0x02E9, 0x0247, 0x0267, 0x02A9, 0x0165, 0x0082, 0x0062, 0x0082, 0x0061, 0x0020, 0x00C3, 0x00C3, 0x0165, 0x0165, 0x0861,
  0x1000, 0x08E3, 0x0124, 0x00E4, 0x0105, 0x0125, 0x00A3, 0x00A3, 0x01A7, 0x09A7, 0x00A2, 0x0000, 0x00C3, 0x00A3, 0x0000, 0x0083,
  0x0042, 0x0021, 0x0021, 0x0041, 0x0821, 0x6BCF, 0x4D94, 0x1511, 0x03ED, 0x3DD5, 0x879C, 0x5ED8, 0x9E16, 0x2964, 0x0000, 0x12AA,
  0x0F3C, 0x0021, 0x0021, 0x0000, 0x0000, 0x0042, 0x0105, 0x09A9, 0x0106, 0x1105, 0x00A4, 0x0083, 0x0083, 0x0063, 0x0021, 0x0000,
  0x0000, 0x0000, 0x0022, 0x0022, 0x0001, 0x0000, 0x0000, 0x0001, 0x0021, 0x0042, 0x0041, 0x0041, 0x0062, 0x0083, 0x00C4, 0x0083,
  0x00C4, 0x0062, 0x0083, 0x0105, 0x00A3, 0x00E4, 0x29E7, 0x0187, 0x034D, 0x01C7, 0x0186, 0x0125, 0x0229, 0x22EB, 0x01A5, 0x042E,
  0x1C6F, 0x1B6C, 0x1861, 0x2820, 0x00E4, 0x01A6, 0x34D0, 0x1C90, 0x6553, 0x3B0A, 0x29A1, 0x83A6, 0x5224, 0x01C6, 0x02CA, 0x0185,
  0x0A87, 0x036A, 0x034B, 0x0B4B, 0x00C3, 0x0A27, 0x132A, 0x0061, 0x0124, 0x0AC9, 0x01E6, 0x0103, 0x0144, 0x0104, 0x0000, 0x0021,
  0x0062, 0x1144, 0x0104, 0x01A6, 0x01C7, 0x01A7, 0x0269, 0x0A49, 0x0061, 0x0000, 0x0083, 0x00E4, 0x0146, 0x00C4, 0x0062, 0x00C3,
  0x0924, 0x00A3, 0x0082, 0x00E4, 0x0166, 0x00A3, 0x0000, 0x08A3, 0x0022, 0x0841, 0x0021, 0x0000, 0x6C0F, 0x4594, 0x0CF0, 0x0CB0,
  0x35F4, 0xAFFE, 0x65F5, 0x1BEC, 0x21C5, 0x3267, 0x144F, 0x0698, 0x0000, 0x0021, 0x00E5, 0x0127, 0x00E5, 0x0063, 0x0022, 0x0083,
  0x0042, 0x0042, 0x0001, 0x0000, 0x0042, 0x00A4, 0x00A3, 0x0083, 0x0062, 0x0063, 0x0083, 0x00C4, 0x0082, 0x0041, 0x0021, 0x0021,
  0x0021, 0x0021, 0x1061, 0x0041, 0x0021, 0x0022, 0x0062, 0x0063, 0x0062, 0x0904, 0x0925, 0x0105, 0x0083, 0x0042, 0x01C7, 0x0249,
  0x01E8, 0x0104, 0x0166, 0x0186, 0x0165, 0x01C6, 0x032B, 0x042E, 0x23CD, 0x18E3, 0x0103, 0x0268, 0x0B4B, 0x0164, 0x0144, 0x140E,
  0x0A27, 0x1922, 0x3963, 0x00A2, 0x0186, 0x0082, 0x0924, 0x0227, 0x01A6, 0x0289, 0x0186, 0x09A6, 0x1B6B, 0x42C9, 0x2164, 0x0165,
  0x0165, 0x0964, 0x0A05, 0x3B08, 0x21A4, 0x0000, 0x0062, 0x0965, 0x00E4, 0x1A27, 0x2B29, 0x01A6, 0x01C6, 0x0125, 0x0083, 0x0000,
  0x0020, 0x0062, 0x00C4, 0x08C4, 0x29A5, 0x1924, 0x0082, 0x0104, 0x0105, 0x0104, 0x00C3, 0x0021, 0x0021, 0x0842, 0x1062, 0x0841,
  0x0000, 0x6309, 0x5D73, 0x1511, 0x0D73, 0x4614, 0xAEB5, 0x3C0D, 0x2C4E, 0x1267, 0x1B4A, 0x2F1A, 0x07FE, 0x073A, 0x19C9, 0x0127,
  0x00A4, 0x0063, 0x0062, 0x0063, 0x0042, 0x0042, 0x0042, 0x0000, 0x0000, 0x0021, 0x0042, 0x0021, 0x0021, 0x0020, 0x0041, 0x0062,
  0x00A3, 0x0062, 0x0062, 0x0082, 0x00A3, 0x00C4, 0x00A4, 0x0882, 0x1081, 0x18A1, 0x0041, 0x0001, 0x0022, 0x0062, 0x0945, 0x1166,
  0x00C4, 0x00C4, 0x0062, 0x0062, 0x00A3, 0x00A3, 0x0186, 0x01E8, 0x09C7, 0x01A6, 0x01A6, 0x01A6, 0x0248, 0x0B6B, 0x09E7, 0x0082,
  0x0125, 0x0166, 0x00C3, 0x00E4, 0x0208, 0x1B6D, 0x0945, 0x3902, 0x3102, 0x0041, 0x00A3, 0x0145, 0x0A27, 0x01A6, 0x01C7, 0x0125,
  0x0000, 0x00C2, 0x23CB, 0x540B, 0x2984, 0x0061, 0x0A46, 0x1329, 0x342A, 0x1246, 0x0082, 0x0020, 0x00A3, 0x0104, 0x0144, 0x11C5,
  0x01C6, 0x01E7, 0x0166, 0x00A4, 0x0021, 0x0000, 0x0000, 0x10E3, 0x3A06, 0x1924, 0x0062, 0x00A3, 0x00A3, 0x00A3, 0x00A3, 0x0041,
  0x0000, 0x0841, 0x0041, 0x0001, 0x0861, 0x8B87, 0x72E6, 0x08C2, 0x19A6, 0x5B48, 0xBD4C, 0x5265, 0x11A5, 0x436C, 0x230A, 0x4EF9,
  0x0D12, 0x0FBD, 0x0043, 0x0083, 0x0083, 0x0042, 0x0022, 0x0021, 0x0001, 0x0000, 0x0000, 0x0001, 0x0021, 0x0021, 0x0000, 0x0000,
  0x0000, 0x0000, 0x0001, 0x0021, 0x0001, 0x0000, 0x0000, 0x0000, 0x0021, 0x0062, 0x0062, 0x0062, 0x0881, 0x2102, 0x2922, 0x1081,
  0x0000, 0x0022, 0x0063, 0x00A3, 0x00A3, 0x00A3, 0x0083, 0x0000, 0x0021, 0x00A3, 0x00E4, 0x0945, 0x0186, 0x0229, 0x0145, 0x0166,
  0x01A7, 0x0145, 0x0041, 0x0082, 0x0104, 0x01C7, 0x01A7, 0x01C8, 0x01C7, 0x0105, 0x1880, 0x30E1, 0x0861, 0x08E4, 0x00A3, 0x0125,
  0x0166, 0x0186, 0x0144, 0x0020, 0x0165, 0x01C6, 0x0247, 0x1207, 0x1144, 0x0165, 0x0145, 0x0145, 0x0124, 0x0105, 0x0062, 0x00C4,
  0x0186, 0x0145, 0x0104, 0x0125, 0x00C3, 0x0105, 0x0083, 0x0041, 0x0041, 0x0000, 0x1082, 0x0883, 0x0062, 0x0082, 0x0082, 0x0041,
  0x0861, 0x0862, 0x0021, 0x0021, 0x0001, 0x0861, 0x3901, 0x7AA5, 0x6BEA, 0x1228, 0x2123, 0x61C2, 0x7B46, 0x2CCF, 0x2657, 0x2DB4,
  0x0163, 0x771A, 0x244F, 0x03AC, 0x0063, 0x0021, 0x0001, 0x0000, 0x0000, 0x0021, 0x0042, 0x0062, 0x0083, 0x0083, 0x0063, 0x00A4,
  0x00A4, 0x0083, 0x00A4, 0x0063, 0x0042, 0x0042, 0x0042, 0x0042, 0x0001, 0x0000, 0x0000, 0x0000, 0x0000, 0x0000, 0x0000, 0x10A1,
  0x41A3, 0x49E3, 0x2102, 0x0041, 0x0001, 0x0042, 0x0062, 0x00A3, 0x0062, 0x0021, 0x00C4, 0x00A3, 0x0042, 0x00C4, 0x0146, 0x0146,
  0x0083, 0x00C4, 0x00E4, 0x0062, 0x00E4, 0x0105, 0x0105, 0x0125, 0x0105, 0x0105, 0x0105, 0x0000, 0x0021, 0x0104, 0x00C3, 0x0042,
  0x0042, 0x2923, 0x49E3, 0x0041, 0x0042, 0x00C4, 0x00E4, 0x0145, 0x01A7, 0x0986, 0x00E4, 0x0125, 0x00C3, 0x0105, 0x0105, 0x0083,
  0x0041, 0x00E4, 0x0104, 0x0083, 0x00A3, 0x00C3, 0x0082, 0x0062, 0x1124, 0x2185, 0x0021, 0x0021, 0x0021, 0x0821, 0x0821, 0x0000,
  0x0820, 0x1061, 0x0021, 0x0000, 0x1061, 0x5982, 0x69C2, 0x41A3, 0x236D, 0x1D35, 0x4AC7, 0x8304, 0x442B, 0x03CB, 0x0635, 0x5FFF,
  0x45F5, 0x1A46, 0x86F9, 0x01A5, 0x0000, 0x0042, 0x00A4, 0x00E5, 0x00E5, 0x0147, 0x01A8, 0x01A8, 0x0167, 0x0147, 0x01A8, 0x1A2B,
  0x1A2A, 0x01A9, 0x0967, 0x0926, 0x1167, 0x0105, 0x0084, 0x0063, 0x0083, 0x0042, 0x0042, 0x0021, 0x0000, 0x0000, 0x0000, 0x0000,
  0x18A1, 0x4A04, 0x62C5, 0x4A04, 0x1081, 0x0000, 0x0000, 0x0062, 0x00C4, 0x0062, 0x0042, 0x0083, 0x0062, 0x0041, 0x0083, 0x0083,
  0x0021, 0x0021, 0x00A4, 0x0126, 0x0146, 0x0146, 0x00E4, 0x0083, 0x0062, 0x0083, 0x0020, 0x00A3, 0x0166, 0x0186, 0x0125, 0x00A3,
  0x0861, 0x20A1, 0x28E2, 0x0062, 0x0125, 0x00E4, 0x00E4, 0x0125, 0x00E4, 0x0061, 0x00C3, 0x00C3, 0x00C4, 0x00A3, 0x00A3, 0x0021,
  0x0042, 0x00C4, 0x00A3, 0x0083, 0x0082, 0x08A2, 0x1944, 0x10E3, 0x0062, 0x0042, 0x08A3, 0x0882, 0x0041, 0x0021, 0x0041, 0x0021,
  0x0000, 0x1060, 0x59C2, 0x6A23, 0x38E1, 0x2249, 0x3D95, 0x4511, 0x5AE5, 0x53A9, 0x3E96, 0x47DC, 0x36D7, 0x4E75, 0x4D93, 0x21C4,
  0x2983, 0xD695, 0x0126, 0x0988, 0x0167, 0x0147, 0x0147, 0x0167, 0x0126, 0x00E5, 0x0105, 0x0106, 0x0967, 0x11C8, 0x0126, 0x0105,
  0x0105, 0x0947, 0x09E9, 0x0167, 0x00E5, 0x00A3, 0x0041, 0x0062, 0x0062, 0x0063, 0x0042, 0x0021, 0x0001, 0x0000, 0x0000, 0x0861,
  0x41E4, 0x7305, 0x5A44, 0x2942, 0x0020, 0x0001, 0x0022, 0x0062, 0x00A3, 0x00A3, 0x0062, 0x0000, 0x0042, 0x0042, 0x0042, 0x00C5,
  0x00C4, 0x00A3, 0x00A3, 0x00C4, 0x0082, 0x0882, 0x0861, 0x0000, 0x0062, 0x0145, 0x0186, 0x0146, 0x00E4, 0x0021, 0x0041, 0x3142,
  0x0882, 0x0062, 0x00A3, 0x0125, 0x00E4, 0x00A3, 0x0062, 0x0021, 0x0145, 0x00C3, 0x0083, 0x00A3, 0x0083, 0x0000, 0x0042, 0x00A3,
  0x00C3, 0x08C3, 0x0861, 0x0020, 0x0021, 0x0042, 0x0041, 0x0021, 0x0042, 0x0041, 0x0001, 0x0000, 0x20A1, 0x59C2, 0x7A62, 0x3921,
  0x0000, 0x1208, 0x5DD7, 0x4BED, 0x49E3, 0x23EC, 0x05F4, 0x575A, 0x57FD, 0x4FDC, 0x33EE, 0x08E1, 0x4A65, 0x3AC8, 0x0905, 0x00C4,
  0x0083, 0x0062, 0x0062, 0x00A4, 0x0105, 0x0167, 0x01A9, 0x01A9, 0x09C9, 0x09E9, 0x09C8, 0x0188, 0x0127, 0x0106, 0x0126, 0x00C5,
  0x0083, 0x0083, 0x00A3, 0x0083, 0x0062, 0x0042, 0x0042, 0x0042, 0x0042, 0x0021, 0x0000, 0x0000, 0x0000, 0x2942, 0x62A4, 0x7B65,
  0x62C4, 0x2922, 0x0021, 0x0001, 0x0001, 0x0021, 0x08A2, 0x0062, 0x0021, 0x0041, 0x08A3, 0x08C3, 0x08A2, 0x0841, 0x18A1, 0x20C1,
  0x1881, 0x0082, 0x0083, 0x0022, 0x0083, 0x00A4, 0x00E4, 0x0945, 0x00C3, 0x0041, 0x0021, 0x00A3, 0x0062, 0x0062, 0x08C3, 0x2122,
  0x0881, 0x0062, 0x0041, 0x0062, 0x0083, 0x0083, 0x0083, 0x0042, 0x1081, 0x0841, 0x0041, 0x0062, 0x0021, 0x0021, 0x0041, 0x0041,
  0x0041, 0x0041, 0x0000, 0x0000, 0x0000, 0x2901, 0x7263, 0x7243, 0x3942, 0x0041, 0x0021, 0x330C, 0x5513, 0x330B, 0x1164, 0x04B1,
  0x1F19, 0x36D7, 0x86F9, 0x8699, 0x1247, 0x1901, 0x2204, 0x0001, 0x0021, 0x0042, 0x0042, 0x0083, 0x00C4, 0x0105, 0x0126, 0x0147,
  0x0167, 0x09C9, 0x0A4B, 0x0A6C, 0x0A2B, 0x0A2B, 0x0A0B, 0x01C9, 0x0988, 0x00E5, 0x00C4, 0x00C5, 0x00C5, 0x0083, 0x0042, 0x0042,
  0x0042, 0x0042, 0x0022, 0x0021, 0x0001, 0x0000, 0x0001, 0x08A1, 0x4A24, 0x7B45, 0x7B65, 0x62C4, 0x3982, 0x1060, 0x0000, 0x0000,
  0x0001, 0x0021, 0x0840, 0x1040, 0x1061, 0x1061, 0x0840, 0x0020, 0x0062, 0x00E4, 0x00C4, 0x0062, 0x0001, 0x0041, 0x0082, 0x00A3,
  0x00A3, 0x00A3, 0x0041, 0x0041, 0x0062, 0x0062, 0x0041, 0x0021, 0x0041, 0x0042, 0x0021, 0x0001, 0x0021, 0x08C3, 0x1165, 0x29A5,
  0x31C6, 0x0841, 0x0000, 0x0000, 0x0021, 0x0021, 0x0021, 0x0041, 0x0021, 0x0000, 0x0840, 0x4182, 0x7283, 0x6243, 0x2902, 0x0042,
  0x0062, 0x0986, 0x33AE, 0x4CB2, 0x1228, 0x00A2, 0x1C0F, 0x577B, 0x8FDD, 0x7677, 0x2A87, 0x49C2, 0x41A1, 0x22C7, 0x0000, 0x0000,
  0x0000, 0x0000, 0x0000, 0x0000, 0x0000, 0x0021, 0x0083, 0x00E5, 0x0126, 0x0147, 0x0126, 0x01A8, 0x0A0A, 0x128C, 0x0A6C, 0x0A2B,
  0x0167, 0x00E5, 0x0084, 0x0063, 0x0063, 0x0062, 0x0042, 0x0021, 0x0021, 0x0041, 0x0021, 0x0021, 0x0001, 0x0000, 0x0000, 0x1081,
  0x41E3, 0x7325, 0x9406, 0x83A5, 0x5A63, 0x3141, 0x0840, 0x0000, 0x0000, 0x0000, 0x0000, 0x0000, 0x0021, 0x0062, 0x0062, 0x0042,
  0x0042, 0x0021, 0x0021, 0x0021, 0x0021, 0x0041, 0x0042, 0x0041, 0x0001, 0x0021, 0x0042, 0x0021, 0x0021, 0x0042, 0x0083, 0x00A3,
  0x00A3, 0x10C3, 0x0882, 0x08A2, 0x08A2, 0x0041, 0x0041, 0x0041, 0x0021, 0x0021, 0x0000, 0x0000, 0x0021, 0x20E1, 0x5A23, 0x7AE4,
  0x51E3, 0x1080, 0x0001, 0x0062, 0x10E4, 0x1A4A, 0x33F0, 0x236D, 0x0186, 0x11C7, 0x11E7, 0x7617, 0x7E16, 0x334B, 0x1A45, 0x0182,
  0x11A4, 0x7552, 0x0021, 0x0021, 0x0021, 0x0021, 0x0021, 0x0021, 0x0021, 0x0042, 0x0042, 0x0062, 0x0083, 0x00E5, 0x01A8, 0x026C,
  0x0AAD, 0x0A4C, 0x0A2B, 0x020A, 0x0188, 0x00E5, 0x00A4, 0x0083, 0x0063, 0x0042, 0x0062, 0x0042, 0x0022, 0x0021, 0x0021, 0x0021,
  0x0021, 0x0000, 0x0000, 0x0000, 0x0062, 0x2983, 0x5263, 0x62E4, 0x6B04, 0x62C3, 0x4A02, 0x3162, 0x1081, 0x0000, 0x0000, 0x0000,
  0x0001, 0x0001, 0x0021, 0x0021, 0x0021, 0x0021, 0x0021, 0x0021, 0x0021, 0x0021, 0x08A2, 0x1924, 0x0021, 0x0041, 0x0041, 0x0042,
  0x0062, 0x0062, 0x0062, 0x0062, 0x0021, 0x0000, 0x0000, 0x0001, 0x0001, 0x0000, 0x0000, 0x0000, 0x2902, 0x5204, 0x6AA4, 0x6A43,
  0x4183, 0x0861, 0x0000, 0x10A2, 0x1081, 0x0924, 0x12AB, 0x12AB, 0x01A7, 0x11C7, 0x438D, 0x442F, 0x1A48, 0x19A5, 0x21E6, 0x10E2,
  0x11E5, 0x6CD1, 0x96FA, 0x0042, 0x0042, 0x0042, 0x0042, 0x0042, 0x0042, 0x0041, 0x0021, 0x0062, 0x0083, 0x0083, 0x00C4, 0x0126,
  0x0147, 0x0188, 0x01C9, 0x01EA, 0x01EA, 0x0188, 0x0126, 0x0105, 0x0105, 0x00A4, 0x0083, 0x0063, 0x0042, 0x0021, 0x0021, 0x0042,
  0x0042, 0x0042, 0x0041, 0x0001, 0x0000, 0x0000, 0x0000, 0x0021, 0x18E1, 0x39E3, 0x62C4, 0x7B66, 0x7345, 0x6283, 0x3982, 0x20E2,
  0x1082, 0x0821, 0x0001, 0x0001, 0x0001, 0x0042, 0x0062, 0x0062, 0x0082, 0x00A2, 0x00C4, 0x0083, 0x0041, 0x0000, 0x0000, 0x0000,
  0x0000, 0x0000, 0x0000, 0x0000, 0x0000, 0x0000, 0x0820, 0x20E2, 0x41C4, 0x6AE6, 0x8387, 0x7B05, 0x41A3, 0x1061, 0x0021, 0x0062,
  0x10A2, 0x3943, 0x41C5, 0x09A7, 0x028B, 0x1ACB, 0x3A89, 0x42CA, 0x748F, 0x32EA, 0x11C6, 0x2227, 0x00A1, 0x1A06, 0x6C70, 0xAEB9,
  0x0063, 0x0063, 0x0063, 0x0063, 0x00A3, 0x00C4, 0x0083, 0x0062, 0x0083, 0x00C4, 0x0105, 0x0105, 0x00C4, 0x00A4, 0x00C4, 0x0147,
  0x09C9, 0x0A2B, 0x01EA, 0x01A8, 0x0167, 0x0106, 0x00C4, 0x0083, 0x0063, 0x0062, 0x0042, 0x0042, 0x0042, 0x0042, 0x0042, 0x0041,
  0x0021, 0x0021, 0x0001, 0x0001, 0x0001, 0x0001, 0x0021, 0x10A1, 0x3162, 0x41C2, 0x5202, 0x6A83, 0x7AE4, 0x6AA4, 0x5203, 0x3142,
  0x18C2, 0x0882, 0x0062, 0x0021, 0x0000, 0x0000, 0x0001, 0x0001, 0x0000, 0x0000, 0x0020, 0x0861, 0x18C2, 0x3163, 0x4A25, 0x62E6,
  0x7346, 0x7B67, 0x6B26, 0x5A65, 0x3983, 0x10A2, 0x0021, 0x0041, 0x0882, 0x0881, 0x0861, 0x18E3, 0x1985, 0x0228, 0x1B0C, 0x53EE,
  0x6C0D, 0x42EA, 0x21A6, 0x1185, 0x1185, 0x19A5, 0x2AA9, 0x8D13, 0xA75B, 0x97DD, 0x00C4, 0x0083, 0x00A4, 0x0126, 0x0905, 0x00A3,
  0x0062, 0x0083, 0x00E5, 0x0946, 0x0946, 0x00E5, 0x00A4, 0x00C4, 0x0167, 0x0A2B, 0x0A8C, 0x0A4B, 0x01E9, 0x0167, 0x0106, 0x00E5,
  0x0105, 0x00E5, 0x00A4, 0x0062, 0x0021, 0x0021, 0x0042, 0x0062, 0x0062, 0x0062, 0x0042, 0x0021, 0x0021, 0x0021, 0x0000, 0x0000,
  0x0000, 0x0000, 0x0000, 0x1080, 0x3162, 0x5223, 0x5A83, 0x62C4, 0x7305, 0x7325, 0x6AE5, 0x62A4, 0x5A84, 0x62A4, 0x6B06, 0x7B88,
  0x83E9, 0x83E9, 0x83EA, 0x8409, 0x7BA9, 0x6B47, 0x4A65, 0x2122, 0x0041, 0x0000, 0x0000, 0x0041, 0x10E3, 0x2124, 0x10E3, 0x0041,
  0x0021, 0x0041, 0x0904, 0x2ACA, 0x5C0D, 0x7C2C, 0x4AE8, 0x0103, 0x00A2, 0x1965, 0x1185, 0x0923, 0x43CE, 0x7EF9, 0xAFFD, 0x7759,
  0x0188, 0x0147, 0x00E5, 0x00A4, 0x00E5, 0x00E4, 0x00A3, 0x0062, 0x00A3, 0x00E5, 0x0967, 0x09C9, 0x0988, 0x0126, 0x0147, 0x09E9,
  0x128C, 0x12AC, 0x0A0A, 0x01C9, 0x01C9, 0x0167, 0x0147, 0x00E5, 0x00A4, 0x0062, 0x0042, 0x0042, 0x0042, 0x0062, 0x0063, 0x0062,
  0x0042, 0x0042, 0x0021, 0x0021, 0x0042, 0x0042, 0x0042, 0x0022, 0x0001, 0x0001, 0x0001, 0x0021, 0x0861, 0x10C3, 0x1923, 0x1923,
  0x2143, 0x2143, 0x2163, 0x2164, 0x1944, 0x10E3, 0x0861, 0x0020, 0x0000, 0x0000, 0x0000, 0x0021, 0x08A2, 0x1903, 0x2123, 0x18E2,
  0x10A2, 0x0841, 0x0021, 0x0083, 0x09A6, 0x22EA, 0x4C0E, 0x4B2B, 0x3A26, 0x2183, 0x0903, 0x29C6, 0x3247, 0x0AA8, 0x23EC, 0x3615,
  0x3FBA, 0x2F78, 0x0A8C, 0x09C9, 0x00E5, 0x0083, 0x0062, 0x00A3, 0x00E4, 0x0105, 0x0106, 0x0126, 0x0147, 0x0967, 0x0967, 0x0147,
  0x0167, 0x09C9, 0x0A0A, 0x128C, 0x12ED, 0x126B, 0x0A0A, 0x0167, 0x0126, 0x0106, 0x00E5, 0x00C5, 0x00A4, 0x0062, 0x0021, 0x0021,
  0x0062, 0x00A3, 0x00A3, 0x00A3, 0x00A3, 0x0083, 0x0063, 0x0062, 0x0082, 0x0082, 0x0082, 0x0062, 0x0062, 0x0083, 0x0083, 0x00A4,
  0x00A4, 0x0083, 0x0062, 0x0042, 0x0042, 0x0042, 0x0041, 0x0041, 0x0062, 0x08A2, 0x18E3, 0x2103, 0x2103, 0x18C2, 0x0861, 0x0000,
  0x0000, 0x0062, 0x11C7, 0x334B, 0x336B, 0x2288, 0x1123, 0x10A1, 0x10C2, 0x0903, 0x21C6, 0x2A68, 0x0BAC, 0x3D93, 0x37BC, 0x024B,
  0x0146, 0x00A3, 0x0062, 0x00C4, 0x0947, 0x09A9, 0x0988, 0x00E5, 0x00A3, 0x00E4, 0x0947, 0x0167, 0x0105, 0x0105, 0x0967, 0x09E9,
  0x128C, 0x12AC, 0x128C, 0x0A6B, 0x0A2B, 0x09E9, 0x0188, 0x00E5, 0x00A4, 0x0063, 0x0062, 0x0062, 0x0062, 0x0062, 0x0083, 0x00A3,
  0x00C4, 0x00C4, 0x00E4, 0x00E5, 0x0105, 0x00E4, 0x00C4, 0x00C3, 0x00A3, 0x0083, 0x0082, 0x0062, 0x0062, 0x0062, 0x0082, 0x08A3,
  0x10E3, 0x18E3, 0x2103, 0x18E2, 0x10A2, 0x0861, 0x0021, 0x0000, 0x0041, 0x0904, 0x2227, 0x330B, 0x2AA9, 0x1965, 0x10E3, 0x2942,
  0x2143, 0x1943, 0x0985, 0x1227, 0x0AEA, 0x0C2E, 0x0188, 0x00A4, 0x0063, 0x00C4, 0x0946, 0x09A8, 0x0988, 0x0147, 0x0106, 0x00A3,
  0x0042, 0x0062, 0x0062, 0x00C4, 0x0146, 0x09C8, 0x0A4B, 0x128C, 0x12AD, 0x128C, 0x0A4B, 0x0A4B, 0x0A2A, 0x09E9, 0x01A8, 0x0126,
  0x00E5, 0x00A4, 0x0083, 0x0083, 0x0063, 0x0063, 0x0063, 0x0083, 0x0083, 0x0083, 0x0062, 0x0083, 0x00A3, 0x00E4, 0x0105, 0x00E4,
  0x00C3, 0x08C3, 0x10C3, 0x10A2, 0x0881, 0x0041, 0x0001, 0x0001, 0x0021, 0x08A3, 0x21E7, 0x332B, 0x334B, 0x2227, 0x0903, 0x0021,
  0x0041, 0x18C2, 0x2143, 0x21E6, 0x2AE9, 0x0B4A, 0x00A4, 0x0063, 0x0083, 0x0126, 0x0988, 0x09A8, 0x0987, 0x0126, 0x00C4, 0x0083,
  0x0062, 0x0042, 0x0022, 0x0062, 0x00A4, 0x00E5, 0x0126, 0x0987, 0x09C8, 0x09A8, 0x09A8, 0x09A8, 0x09C8, 0x01A8, 0x0187, 0x0988,
  0x0987, 0x0967, 0x0946, 0x0946, 0x0946, 0x0146, 0x0126, 0x0125, 0x0105, 0x00E4, 0x00C3, 0x0082, 0x0041, 0x0021, 0x0001, 0x0001,
  0x0042, 0x08E3, 0x1985, 0x2A27, 0x32A9, 0x332B, 0x2ACA, 0x1185, 0x00A2, 0x0082, 0x08A2, 0x08C2, 0x1103, 0x11A5, 0x1AC9, 0x0000,
  0x0063, 0x0105, 0x09C8, 0x126B, 0x12ED, 0x126B, 0x09C8, 0x0946, 0x00A3, 0x0042, 0x0041, 0x0062, 0x0021, 0x0001, 0x0001, 0x0042,
  0x0063, 0x0083, 0x0083, 0x0083, 0x00A3, 0x00C4, 0x00A3, 0x0083, 0x0062, 0x0062, 0x0042, 0x0021, 0x0001, 0x0001, 0x0001, 0x0021,
  0x0042, 0x00A3, 0x1124, 0x2228, 0x3B2B, 0x4BAD, 0x53CD, 0x3B2A, 0x2A27, 0x1165, 0x08E3, 0x0082, 0x0061, 0x1104, 0x19A5, 0x22A8,
  0x2B8C, 0x0062, 0x0987, 0x124A, 0x12AC, 0x1B2E, 0x23B0, 0x2BF0, 0x234E, 0x1A8B, 0x1A8B, 0x1A6B, 0x19E8, 0x19E8, 0x1167, 0x08E4,
  0x08C4, 0x0062, 0x0021, 0x0083, 0x0042, 0x0082, 0x08C3, 0x08C3, 0x1125, 0x19C7, 0x2229, 0x2A49, 0x32AA, 0x3B2B, 0x438D, 0x4BED,
  0x542E, 0x4BAD, 0x3B0A, 0x2207, 0x1144, 0x08C3, 0x00A2, 0x0904, 0x11A6, 0x11C6, 0x1AA8, 0x2C4D, 0x4DD2, 0x3C72, 0x3C11, 0x33F1,
  0x33F0, 0x33D0, 0x3C52, 0x3C52, 0x3C11, 0x33F1, 0x33F0, 0x3431, 0x3C72, 0x4492, 0x3C51, 0x3410, 0x4450, 0x4C91, 0x4C71, 0x442F,
  0x33CE, 0x336C, 0x2AEA, 0x2A89, 0x2248, 0x11A6, 0x0186, 0x0208, 0x12EB, 0x0A27, 0x09C6, 0x0A29, 0x124A, 0x126B, 0x0209, 0x1269,
  0x0965, 0x1165, 0x1186, 0x19A6, 0x1986,
};
static const uint16_t closed_off[240] = {
  0, 0, 0, 0, 0, 0, 0, 0, 0, 0, 0, 0, 0, 0, 0, 0,
  0, 0, 0, 0, 0, 0, 0, 0, 0, 0, 0, 0, 0, 0, 0, 0,
  0, 0, 0, 0, 0, 0, 0, 0, 0, 0, 0, 0, 0, 0, 0, 0,
  0, 0, 0, 0, 0, 0, 0, 0, 0, 0, 0, 0, 0, 8, 31, 65,
  107, 154, 205, 260, 319, 382, 449, 520, 593, 669, 747, 828, 911, 996, 1082, 1171,
  1262, 1354, 1448, 1544, 1641, 1740, 1841, 1942, 2045, 2150, 2256, 2363, 2470, 2578, 2687, 2797,
  2907, 3018, 3130, 3243, 3356, 3471, 3586, 3701, 3817, 3933, 4049, 4166, 4283, 4400, 4518, 4636,
  4754, 4873, 4992, 5111, 5231, 5351, 5471, 5592, 5713, 5834, 5956, 6078, 6201, 6324, 6447, 6571,
  6695, 6819, 6943, 7067, 7192, 7317, 7442, 7567, 7692, 7818, 7944, 8070, 8196, 8322, 8449, 8576,
  8703, 8830, 8956, 9082, 9207, 9331, 9455, 9578, 9701, 9823, 9944, 10065, 10184, 10302, 10418, 10532,
  10644, 10754, 10862, 10967, 11070, 11170, 11267, 11360, 11450, 11536, 11618, 11695, 11766, 11830, 11887, 11937,
  11981, 12011, 12021, 12021, 12021, 12021, 12021, 12021, 12021, 12021, 12021, 12021, 12021, 12021, 12021, 12021,
  12021, 12021, 12021, 12021, 12021, 12021, 12021, 12021, 12021, 12021, 12021, 12021, 12021, 12021, 12021, 12021,
  12021, 12021, 12021, 12021, 12021, 12021, 12021, 12021, 12021, 12021, 12021, 12021, 12021, 12021, 12021, 12021,
  12021, 12021, 12021, 12021, 12021, 12021, 12021, 12021, 12021, 12021, 12021, 12021, 12021, 12021, 12021, 12021,
};
static const uint8_t closed_x0[240] = {
  0, 0, 0, 0, 0, 0, 0, 0, 0, 0, 0, 0, 0, 0, 0, 0, 0, 0, 0, 0, 0, 0, 0, 0,
  0, 0, 0, 0, 0, 0, 0, 0, 0, 0, 0, 0, 0, 0, 0, 0, 0, 0, 0, 0, 0, 0, 0, 0,
  0, 0, 0, 0, 0, 0, 0, 0, 0, 0, 0, 0, 125, 115, 109, 106, 104, 101, 99, 96, 94, 91, 89, 88,
  87, 86, 84, 83, 82, 81, 79, 78, 77, 76, 75, 74, 73, 72, 72, 71, 70, 69, 68, 68, 67, 66, 65, 65,
  64, 63, 62, 62, 61, 61, 61, 60, 60, 60, 59, 59, 59, 58, 58, 58, 57, 57, 57, 56, 56, 56, 55, 55,
  55, 54, 54, 54, 54, 54, 53, 53, 53, 53, 53, 52, 52, 52, 52, 52, 51, 51, 51, 51, 51, 50, 50, 50,
  50, 50, 50, 50, 50, 50, 50, 50, 50, 50, 50, 51, 52, 53, 54, 55, 56, 57, 58, 59, 61, 63, 65, 67,
  70, 72, 74, 77, 81, 85, 89, 93, 100, 110, 0, 0, 0, 0, 0, 0, 0, 0, 0, 0, 0, 0, 0, 0,
  0, 0, 0, 0, 0, 0, 0, 0, 0, 0, 0, 0, 0, 0, 0, 0, 0, 0, 0, 0, 0, 0, 0, 0,
  0, 0, 0, 0, 0, 0, 0, 0, 0, 0, 0, 0, 0, 0, 0, 0, 0, 0, 0, 0, 0, 0, 0, 0,
};
static const uint8_t closed_x1[240] = {
  0, 0, 0, 0, 0, 0, 0, 0, 0, 0, 0, 0, 0, 0, 0, 0, 0, 0, 0, 0, 0, 0, 0, 0,
  0, 0, 0, 0, 0, 0, 0, 0, 0, 0, 0, 0, 0, 0, 0, 0, 0, 0, 0, 0, 0, 0, 0, 0,
  0, 0, 0, 0, 0, 0, 0, 0, 0, 0, 0, 0, 133, 138, 143, 148, 151, 152, 154, 155, 157, 158, 160, 161,
  163, 164, 165, 166, 167, 167, 168, 169, 169, 170, 171, 171, 172, 173, 173, 174, 175, 175, 175, 175, 175, 175, 175, 175,
  175, 175, 175, 175, 176, 176, 176, 176, 176, 176, 176, 176, 176, 176, 176, 176, 176, 176, 176, 176, 176, 176, 176, 176,
  176, 176, 176, 177, 177, 177, 177, 177, 177, 177, 177, 177, 177, 177, 177, 177, 177, 177, 177, 177, 177, 177, 177, 177,
  177, 176, 176, 175, 174, 174, 173, 173, 172, 171, 171, 170, 170, 169, 168, 167, 166, 165, 163, 162, 161, 160, 158, 157,
  156, 154, 151, 148, 145, 142, 139, 137, 130, 120, 0, 0, 0, 0, 0, 0, 0, 0, 0, 0, 0, 0, 0, 0,
  0, 0, 0, 0, 0, 0, 0, 0, 0, 0, 0, 0, 0, 0, 0, 0, 0, 0, 0, 0, 0, 0, 0, 0,
  0, 0, 0, 0, 0, 0, 0, 0, 0, 0, 0, 0, 0, 0, 0, 0, 0, 0, 0, 0, 0, 0, 0, 0,
};
static const int16_t up_start[240] = {
  -1, -1, -1, -1, -1, -1, -1, -1, -1, -1, -1, -1, -1, -1, -1, -1,
  -1, -1, -1, -1, -1, -1, -1, -1, -1, -1, -1, -1, -1, -1, -1, -1,
  -1, -1, -1, -1, -1, -1, -1, -1, -1, -1, -1, -1, -1, -1, -1, -1,
  -1, -1, 2264, 2184, 2104, 2024, 1944, 1881, 1835, 1790, 1744, 1698, 1653, 1607, 1574, 1553,
  1532, 1511, 1490, 1469, 1448, 1427, 1406, 1385, 1364, 1343, 1322, 1306, 1293, 1280, 1267, 1254,
  1242, 1229, 1216, 1203, 1190, 1178, 1165, 1152, 1139, 1126, 1117, 1110, 1104, 1098, 1091, 1085,
  1078, 1072, 1066, 1059, 1053, 1046, 1040, 1034, 1027, 1021, 1014, 1008, 1002, 995, 991, 990,
  988, 986, 985, 983, 982, 980, 978, 977, 975, 974, 972, 970, 969, 967, 966, 964,
  962, 961, 962, 965, 968, 971, 974, 978, 981, 984, 987, 990, 994, 997, 1000, 1003,
  1006, 1010, 1013, 1016, 1019, 1022, 1029, 1040, 1051, 1061, 1072, 1083, 1093, 1104, 1115, 1125,
  1136, 1147, 1157, 1168, 1179, 1196, 1220, 1244, 1268, 1292, 1316, 1340, 1364, 1388, 1412, 1604,
  1964, -1, -1, -1, -1, -1, -1, -1, -1, -1, -1, -1, -1, -1, -1, -1,
  -1, -1, -1, -1, -1, -1, -1, -1, -1, -1, -1, -1, -1, -1, -1, -1,
  -1, -1, -1, -1, -1, -1, -1, -1, -1, -1, -1, -1, -1, -1, -1, -1,
  -1, -1, -1, -1, -1, -1, -1, -1, -1, -1, -1, -1, -1, -1, -1, -1,
};
static const int16_t up_edge[240] = {
  -1, -1, -1, -1, -1, -1, -1, -1, -1, -1, -1, -1, -1, -1, -1, -1,
  -1, -1, -1, -1, -1, -1, -1, -1, -1, -1, -1, -1, -1, -1, -1, -1,
  -1, -1, -1, -1, -1, -1, -1, -1, -1, -1, -1, -1, -1, -1, -1, -1,
  -1, -1, 2360, 2280, 2200, 2120, 2040, 1977, 1931, 1886, 1840, 1794, 1749, 1703, 1670, 1649,
  1628, 1607, 1586, 1565, 1544, 1523, 1502, 1481, 1460, 1439, 1418, 1402, 1389, 1376, 1363, 1350,
  1338, 1325, 1312, 1299, 1286, 1274, 1261, 1248, 1235, 1222, 1213, 1206, 1200, 1194, 1187, 1181,
  1174, 1168, 1162, 1155, 1149, 1142, 1136, 1130, 1123, 1117, 1110, 1104, 1098, 1091, 1087, 1086,
  1084, 1082, 1081, 1079, 1078, 1076, 1074, 1073, 1071, 1070, 1068, 1066, 1065, 1063, 1062, 1060,
  1058, 1057, 1058, 1061, 1064, 1067, 1070, 1074, 1077, 1080, 1083, 1086, 1090, 1093, 1096, 1099,
  1102, 1106, 1109, 1112, 1115, 1118, 1125, 1136, 1147, 1157, 1168, 1179, 1189, 1200, 1211, 1221,
  1232, 1243, 1253, 1264, 1275, 1292, 1316, 1340, 1364, 1388, 1412, 1436, 1460, 1484, 1508, 1700,
  2060, -1, -1, -1, -1, -1, -1, -1, -1, -1, -1, -1, -1, -1, -1, -1,
  -1, -1, -1, -1, -1, -1, -1, -1, -1, -1, -1, -1, -1, -1, -1, -1,
  -1, -1, -1, -1, -1, -1, -1, -1, -1, -1, -1, -1, -1, -1, -1, -1,
  -1, -1, -1, -1, -1, -1, -1, -1, -1, -1, -1, -1, -1, -1, -1, -1,
};
static const int16_t seam[240] = {
  -1, -1, -1, -1, -1, -1, -1, -1, -1, -1, -1, -1, -1, -1, -1, -1,
  -1, -1, -1, -1, -1, -1, -1, -1, -1, -1, -1, -1, -1, -1, -1, -1,
  -1, -1, -1, -1, -1, -1, -1, -1, -1, -1, -1, -1, -1, -1, -1, -1,
  -1, -1, 2399, 2396, 2394, 2392, 2389, 2387, 2384, 2382, 2380, 2377, 2375, 2372, 2370, 2368,
  2365, 2363, 2360, 2358, 2356, 2353, 2351, 2350, 2349, 2348, 2347, 2346, 2345, 2344, 2343, 2342,
  2341, 2340, 2339, 2338, 2337, 2335, 2334, 2333, 2332, 2331, 2330, 2329, 2328, 2327, 2326, 2325,
  2324, 2323, 2322, 2321, 2319, 2318, 2317, 2316, 2315, 2314, 2313, 2312, 2311, 2310, 2309, 2308,
  2307, 2306, 2305, 2303, 2302, 2301, 2300, 2299, 2298, 2297, 2296, 2295, 2294, 2293, 2292, 2291,
  2290, 2289, 2286, 2283, 2280, 2277, 2274, 2270, 2267, 2264, 2261, 2258, 2254, 2251, 2248, 2245,
  2242, 2238, 2235, 2232, 2229, 2226, 2222, 2219, 2216, 2213, 2210, 2206, 2203, 2200, 2197, 2194,
  2190, 2185, 2180, 2176, 2171, 2166, 2161, 2157, 2152, 2147, 2143, 2138, 2133, 2128, 2124, 2119,
  2114, -1, -1, -1, -1, -1, -1, -1, -1, -1, -1, -1, -1, -1, -1, -1,
  -1, -1, -1, -1, -1, -1, -1, -1, -1, -1, -1, -1, -1, -1, -1, -1,
  -1, -1, -1, -1, -1, -1, -1, -1, -1, -1, -1, -1, -1, -1, -1, -1,
  -1, -1, -1, -1, -1, -1, -1, -1, -1, -1, -1, -1, -1, -1, -1, -1,
};
static const int16_t lo_edge[240] = {
  -1, -1, -1, -1, -1, -1, -1, -1, -1, -1, -1, -1, -1, -1, -1, -1,
  -1, -1, -1, -1, -1, -1, -1, -1, -1, -1, -1, -1, -1, -1, -1, -1,
  -1, -1, -1, -1, -1, -1, -1, -1, -1, -1, -1, -1, -1, -1, -1, -1,
  -1, -1, 2408, 2424, 2440, 2456, 2472, 2488, 2504, 2520, 2536, 2552, 2564, 2571, 2579, 2586,
  2594, 2601, 2609, 2616, 2623, 2631, 2638, 2646, 2653, 2661, 2668, 2674, 2678, 2682, 2686, 2690,
  2694, 2698, 2702, 2706, 2710, 2714, 2718, 2722, 2726, 2730, 2734, 2738, 2742, 2746, 2750, 2753,
  2754, 2756, 2758, 2759, 2761, 2762, 2764, 2766, 2767, 2769, 2770, 2772, 2774, 2775, 2777, 2778,
  2780, 2782, 2783, 2783, 2782, 2780, 2778, 2777, 2775, 2774, 2772, 2770, 2769, 2767, 2766, 2764,
  2762, 2761, 2759, 2758, 2756, 2754, 2753, 2749, 2744, 2738, 2732, 2727, 2721, 2716, 2710, 2704,
  2699, 2693, 2688, 2682, 2676, 2671, 2665, 2660, 2654, 2648, 2643, 2634, 2622, 2609, 2597, 2585,
  2572, 2560, 2548, 2535, 2523, 2511, 2498, 2486, 2467, 2440, 2413, 2387, 2360, 2333, 2307, 2280,
  2253, -1, -1, -1, -1, -1, -1, -1, -1, -1, -1, -1, -1, -1, -1, -1,
  -1, -1, -1, -1, -1, -1, -1, -1, -1, -1, -1, -1, -1, -1, -1, -1,
  -1, -1, -1, -1, -1, -1, -1, -1, -1, -1, -1, -1, -1, -1, -1, -1,
  -1, -1, -1, -1, -1, -1, -1, -1, -1, -1, -1, -1, -1, -1, -1, -1,
};
static const int16_t lo_start[240] = {
  -1, -1, -1, -1, -1, -1, -1, -1, -1, -1, -1, -1, -1, -1, -1, -1,
  -1, -1, -1, -1, -1, -1, -1, -1, -1, -1, -1, -1, -1, -1, -1, -1,
  -1, -1, -1, -1, -1, -1, -1, -1, -1, -1, -1, -1, -1, -1, -1, -1,
  -1, -1, 2472, 2488, 2504, 2520, 2536, 2552, 2568, 2584, 2600, 2616, 2628, 2635, 2643, 2650,
  2658, 2665, 2673, 2680, 2687, 2695, 2702, 2710, 2717, 2725, 2732, 2738, 2742, 2746, 2750, 2754,
  2758, 2762, 2766, 2770, 2774, 2778, 2782, 2786, 2790, 2794, 2798, 2802, 2806, 2810, 2814, 2817,
  2818, 2820, 2822, 2823, 2825, 2826, 2828, 2830, 2831, 2833, 2834, 2836, 2838, 2839, 2841, 2842,
  2844, 2846, 2847, 2847, 2846, 2844, 2842, 2841, 2839, 2838, 2836, 2834, 2833, 2831, 2830, 2828,
  2826, 2825, 2823, 2822, 2820, 2818, 2817, 2813, 2808, 2802, 2796, 2791, 2785, 2780, 2774, 2768,
  2763, 2757, 2752, 2746, 2740, 2735, 2729, 2724, 2718, 2712, 2707, 2698, 2686, 2673, 2661, 2649,
  2636, 2624, 2612, 2599, 2587, 2575, 2562, 2550, 2531, 2504, 2477, 2451, 2424, 2397, 2371, 2344,
  2317, -1, -1, -1, -1, -1, -1, -1, -1, -1, -1, -1, -1, -1, -1, -1,
  -1, -1, -1, -1, -1, -1, -1, -1, -1, -1, -1, -1, -1, -1, -1, -1,
  -1, -1, -1, -1, -1, -1, -1, -1, -1, -1, -1, -1, -1, -1, -1, -1,
  -1, -1, -1, -1, -1, -1, -1, -1, -1, -1, -1, -1, -1, -1, -1, -1,
};
static const int16_t eye_top[240] = {
  -1, -1, -1, -1, -1, -1, -1, -1, -1, -1, -1, -1, -1, -1, -1, -1,
  -1, -1, -1, -1, -1, -1, -1, -1, -1, -1, -1, -1, -1, -1, -1, -1,
  -1, -1, -1, -1, -1, -1, -1, -1, -1, -1, -1, -1, -1, -1, -1, -1,
  -1, -1, 2360, 2280, 2200, 2120, 2040, 1977, 1931, 1886, 1840, 1794, 1749, 1703, 1670, 1649,
  1628, 1607, 1586, 1565, 1544, 1523, 1502, 1481, 1460, 1439, 1418, 1402, 1389, 1376, 1363, 1350,
  1338, 1325, 1312, 1299, 1286, 1274, 1261, 1248, 1235, 1222, 1213, 1206, 1200, 1194, 1187, 1181,
  1174, 1168, 1162, 1155, 1149, 1142, 1136, 1130, 1123, 1117, 1110, 1104, 1098, 1091, 1087, 1086,
  1084, 1082, 1081, 1079, 1078, 1076, 1074, 1073, 1071, 1070, 1068, 1066, 1065, 1063, 1062, 1060,
  1058, 1057, 1058, 1061, 1064, 1067, 1070, 1074, 1077, 1080, 1083, 1086, 1090, 1093, 1096, 1099,
  1102, 1106, 1109, 1112, 1115, 1118, 1125, 1136, 1147, 1157, 1168, 1179, 1189, 1200, 1211, 1221,
  1232, 1243, 1253, 1264, 1275, 1292, 1316, 1340, 1364, 1388, 1412, 1436, 1460, 1484, 1508, 1700,
  2060, -1, -1, -1, -1, -1, -1, -1, -1, -1, -1, -1, -1, -1, -1, -1,
  -1, -1, -1, -1, -1, -1, -1, -1, -1, -1, -1, -1, -1, -1, -1, -1,
  -1, -1, -1, -1, -1, -1, -1, -1, -1, -1, -1, -1, -1, -1, -1, -1,
  -1, -1, -1, -1, -1, -1, -1, -1, -1, -1, -1, -1, -1, -1, -1, -1,
};
static const int16_t eye_bot[240] = {
  -1, -1, -1, -1, -1, -1, -1, -1, -1, -1, -1, -1, -1, -1, -1, -1,
  -1, -1, -1, -1, -1, -1, -1, -1, -1, -1, -1, -1, -1, -1, -1, -1,
  -1, -1, -1, -1, -1, -1, -1, -1, -1, -1, -1, -1, -1, -1, -1, -1,
  -1, -1, 2408, 2424, 2440, 2456, 2472, 2488, 2504, 2520, 2536, 2552, 2564, 2571, 2579, 2586,
  2594, 2601, 2609, 2616, 2623, 2631, 2638, 2646, 2653, 2661, 2668, 2674, 2678, 2682, 2686, 2690,
  2694, 2698, 2702, 2706, 2710, 2714, 2718, 2722, 2726, 2730, 2734, 2738, 2742, 2746, 2750, 2753,
  2754, 2756, 2758, 2759, 2761, 2762, 2764, 2766, 2767, 2769, 2770, 2772, 2774, 2775, 2777, 2778,
  2780, 2782, 2783, 2783, 2782, 2780, 2778, 2777, 2775, 2774, 2772, 2770, 2769, 2767, 2766, 2764,
  2762, 2761, 2759, 2758, 2756, 2754, 2753, 2749, 2744, 2738, 2732, 2727, 2721, 2716, 2710, 2704,
  2699, 2693, 2688, 2682, 2676, 2671, 2665, 2660, 2654, 2648, 2643, 2634, 2622, 2609, 2597, 2585,
  2572, 2560, 2548, 2535, 2523, 2511, 2498, 2486, 2467, 2440, 2413, 2387, 2360, 2333, 2307, 2280,
  2253, -1, -1, -1, -1, -1, -1, -1, -1, -1, -1, -1, -1, -1, -1, -1,
  -1, -1, -1, -1, -1, -1, -1, -1, -1, -1, -1, -1, -1, -1, -1, -1,
  -1, -1, -1, -1, -1, -1, -1, -1, -1, -1, -1, -1, -1, -1, -1, -1,
  -1, -1, -1, -1, -1, -1, -1, -1, -1, -1, -1, -1, -1, -1, -1, -1,
};
static const uint16_t iris_tex[32768] = {
  0x8121, 0x8122, 0x58E1, 0x38E2, 0x2903, 0x2943, 0x2184, 0x2A25, 0x2AA6, 0x2326, 0x2367, 0x1327, 0x0B07, 0x02E6, 0x02C7, 0x02E7,
  0x0328, 0x0B48, 0x0B68, 0x0B68, 0x0348, 0x02C7, 0x0AC7, 0x1BCB, 0x34EF, 0x4590, 0x3591, 0x1D2F, 0x0BEB, 0x0308, 0x02C8, 0x02C8,
  0x038A, 0x1CCE, 0x3DB2, 0x2D10, 0x0BCC, 0x03AB, 0x040B, 0x040A, 0x1409, 0x4446, 0x5343, 0x21E1, 0x19A1, 0x1A01, 0x1AA2, 0x3343,
  0x5BC3, 0x6BA2, 0x3A81, 0x0981, 0x0121, 0x0122, 0x0122, 0x00E2, 0x0081, 0x0041, 0x0021, 0x0041, 0x08A3, 0x10C4, 0x08E4, 0x2A4A,
  0x8122, 0x8942, 0x58E1, 0x38E2, 0x3103, 0x2943, 0x2984, 0x2A05, 0x2A85, 0x22E6, 0x2346, 0x1326, 0x0B07, 0x02E6, 0x02C6, 0x02C6,
  0x02E7, 0x0B48, 0x1388, 0x0B88, 0x0348, 0x02E7, 0x02A6, 0x1B69, 0x34AC, 0x3D4F, 0x3570, 0x1D0F, 0x0BEB, 0x0308, 0x02A7, 0x02A7,
  0x0348, 0x142B, 0x352F, 0x2CEF, 0x0C0C, 0x03EB, 0x0C0B, 0x0BCA, 0x1BE8, 0x5C45, 0x5B43, 0x2A01, 0x2222, 0x2282, 0x22A2, 0x32E2,
  0x63A2, 0x73A2, 0x3241, 0x0981, 0x0121, 0x0122, 0x0122, 0x00C2, 0x0061, 0x0041, 0x0020, 0x0041, 0x08A3, 0x08C4, 0x1125, 0x2A6B,
  0x8942, 0x9162, 0x60E1, 0x40E2, 0x3103, 0x3143, 0x2984, 0x29E4, 0x2245, 0x22A5, 0x2326, 0x1326, 0x0B06, 0x02E6, 0x02C6, 0x02A6,
  0x02C6, 0x0B47, 0x13A8, 0x0BA8, 0x0B88, 0x0327, 0x0AE7, 0x1B88, 0x34AB, 0x3D4D, 0x2D2E, 0x1CEE, 0x0BEB, 0x0328, 0x02A7, 0x02A7,
  0x0308, 0x0BA9, 0x1C8C, 0x24EE, 0x146C, 0x0C4C, 0x0C6C, 0x1C4B, 0x3C27, 0x84A5, 0x73A2, 0x4AE2, 0x4303, 0x2AC2, 0x1A82, 0x32C1,
  0x6B82, 0x5B42, 0x2A42, 0x0982, 0x0142, 0x0142, 0x0122, 0x00A1, 0x0041, 0x0020, 0x0020, 0x0862, 0x08C3, 0x08C4, 0x1967, 0x2A8B,
  0x8942, 0x9982, 0x60E1, 0x40E2, 0x3902, 0x3143, 0x2984, 0x29C4, 0x2205, 0x2265, 0x22E6, 0x1B26, 0x0B26, 0x0306, 0x02C6, 0x0286,
  0x02C6, 0x1347, 0x1BA8, 0x13A8, 0x0BA8, 0x0B88, 0x1347, 0x2BE8, 0x3CAA, 0x3CEC, 0x2CAC, 0x1C6C, 0x0C0B, 0x0349, 0x02C7, 0x02C7,
  0x0307, 0x0368, 0x13EA, 0x24AC, 0x1CAC, 0x14AC, 0x1CED, 0x2CEC, 0x54A8, 0x9D04, 0x83E3, 0x6363, 0x4B63, 0x22A2, 0x1A61, 0x42E1,
  0x6341, 0x4282, 0x19E2, 0x0982, 0x0162, 0x0942, 0x0922, 0x0081, 0x0020, 0x0000, 0x0020, 0x0882, 0x08C3, 0x08E4, 0x21E9, 0x2A6B,
  0x9162, 0xA182, 0x68E1, 0x40C2, 0x3902, 0x3143, 0x2984, 0x29C4, 0x21E4, 0x2224, 0x2AC5, 0x2326, 0x1326, 0x0B26, 0x0AE6, 0x0285,
  0x02A5, 0x1326, 0x1BA7, 0x13A8, 0x13E8, 0x13E8, 0x23E8, 0x146E, 0x3C89, 0x3489, 0x23E9, 0x1C0A, 0x142B, 0x03A9, 0x02E7, 0x02C6,
  0x0307, 0x0347, 0x0BA8, 0x248A, 0x2D0C, 0x1CEC, 0x1D0D, 0x038B, 0x6CA7, 0xA4C3, 0x7B82, 0x5342, 0x4343, 0x22C2, 0x22A1, 0x5B41,
  0x5AE1, 0x21C1, 0x0961, 0x0141, 0x0142, 0x0942, 0x0102, 0x0081, 0x0020, 0x0000, 0x0021, 0x08A2, 0x08C4, 0x1126, 0x2A4A, 0x2A6B,
  0x9962, 0xA9A2, 0x70E1, 0x48C2, 0x3902, 0x3143, 0x3183, 0x29A4, 0x29A4, 0x21E4, 0x2A85, 0x2B25, 0x1B46, 0x0B46, 0x0B06, 0x0AA5,
  0x0AA4, 0x1B25, 0x23A6, 0x1BC7, 0x1408, 0x2469, 0x3448, 0x3C68, 0x3448, 0x2BE7, 0x1B46, 0x23A8, 0x244A, 0x0BE9, 0x0327, 0x02C6,
  0x0B07, 0x0B67, 0x13A7, 0x2469, 0x3D4C, 0x354C, 0x250C, 0x34A9, 0x7465, 0xA462, 0x7301, 0x42C2, 0x3B23, 0x3B64, 0x4342, 0x73C2,
  0x52A1, 0x1161, 0x0921, 0x0101, 0x0122, 0x0122, 0x00E2, 0x0081, 0x0020, 0x0000, 0x0041, 0x08A3, 0x08E4, 0x1167, 0x2A6B, 0x32CC,
  0xA162, 0xB1A2, 0x70E1, 0x48C1, 0x38E2, 0x3923, 0x3183, 0x31A3, 0x2983, 0x21A3, 0x2A44, 0x3325, 0x2366, 0x1366, 0x1305, 0x1AA4,
  0x1AA3, 0x2304, 0x2BA6, 0x23C7, 0x1C28, 0x34C9, 0x3C88, 0x3C47, 0x3406, 0x23A6, 0x1AE4, 0x3386, 0x348A, 0x1409, 0x0327, 0x02A6,
  0x0AE6, 0x1367, 0x1BA7, 0x2C89, 0x558B, 0x55AC, 0x2CEA, 0x4466, 0x8C83, 0xB462, 0x8362, 0x4AE2, 0x3B03, 0x4384, 0x6C03, 0x8C42,
  0x4AA1, 0x1161, 0x1142, 0x0922, 0x0102, 0x0102, 0x00C2, 0x0061, 0x0000, 0x0000, 0x0061, 0x08A3, 0x08C4, 0x1987, 0x2A8B, 0x4B6F,
  0xA162, 0xB9A2, 0x78E1, 0x48A1, 0x38C2, 0x3922, 0x3963, 0x3183, 0x2983, 0x2163, 0x2A04, 0x3B05, 0x2B86, 0x2366, 0x2304, 0x32C3,
  0x3AC2, 0x3B23, 0x3BC5, 0x2BE7, 0x2448, 0x44E9, 0x4CC7, 0x3C26, 0x2BE6, 0x2BA5, 0x3324, 0x4BC6, 0x4CC9, 0x1C29, 0x0347, 0x02A5,
  0x12A5, 0x1326, 0x1B86, 0x2C68, 0x558B, 0x65CB, 0x4D08, 0x6CA4, 0xB503, 0xC4A3, 0xA403, 0x5B22, 0x2AA2, 0x3B43, 0x8483, 0x9CA2,
  0x4AA1, 0x19A1, 0x1982, 0x0922, 0x00E2, 0x00E2, 0x00A2, 0x0041, 0x0000, 0x0020, 0x0862, 0x08A3, 0x08E4, 0x21E9, 0x32CD, 0x10C3,
  0xA962, 0xB9A2, 0x80E1, 0x48A1, 0x38C1, 0x3922, 0x3963, 0x3983, 0x2963, 0x2142, 0x29C3, 0x3AE5, 0x3B85, 0x2B65, 0x3303, 0x5302,
  0x5B22, 0x5342, 0x53C4, 0x3C06, 0x2C47, 0x4D08, 0x54C6, 0x3C05, 0x33C5, 0x3BE5, 0x53A4, 0x6425, 0x54A8, 0x1C08, 0x0B87, 0x02C5,
  0x0A85, 0x12A4, 0x1325, 0x2407, 0x4D49, 0x6DCA, 0x6D47, 0x9D64, 0xCD82, 0xBC82, 0x9C03, 0x5322, 0x1A62, 0x3B02, 0x94A2, 0x9CC2,
  0x4B02, 0x2202, 0x1142, 0x08E2, 0x00E2, 0x00C2, 0x0081, 0x0021, 0x0000, 0x0021, 0x0882, 0x08A3, 0x1125, 0x2A6B, 0x436E, 0x10A3,
  0xA961, 0xC1A2, 0x80E1, 0x5081, 0x38A1, 0x4122, 0x4163, 0x3983, 0x3162, 0x2142, 0x29A3, 0x42C4, 0x4365, 0x3B64, 0x4B03, 0x7B61,
  0x8381, 0x7362, 0x63C4, 0x4C05, 0x3426, 0x54E7, 0x5CE6, 0x3C04, 0x33C5, 0x5425, 0x7464, 0x6C44, 0x4C46, 0x1BE7, 0x0B87, 0x0B06,
  0x0A84, 0x1263, 0x12E4, 0x1BC6, 0x44E8, 0x75A9, 0x9565, 0xCDC3, 0xCD42, 0x93A1, 0x6B22, 0x4323, 0x2AC3, 0x4B22, 0x9CE2, 0x9482,
  0x4AE2, 0x21E2, 0x0922, 0x00E2, 0x00E2, 0x00C2, 0x0081, 0x0021, 0x0001, 0x0041, 0x0882, 0x08A3, 0x19A8, 0x3AED, 0x0041, 0x432E,
  0xB161, 0xC9C2, 0x8901, 0x5081, 0x4081, 0x4102, 0x4962, 0x4163, 0x3162, 0x2942, 0x2983, 0x3A84, 0x4B44, 0x5363, 0x6B62, 0xA3E1,
  0xABE1, 0x9BA1, 0x7BC3, 0x53E4, 0x33E5, 0x54C6, 0x6D05, 0x4C24, 0x33C5, 0x5C65, 0x8D04, 0x7464, 0x3BA5, 0x1BA6, 0x0B86, 0x0B26,
  0x0A84, 0x2263, 0x2AE3, 0x2385, 0x3467, 0x6D27, 0xAD64, 0xDDC2, 0xB481, 0x62A1, 0x3A81, 0x4363, 0x43A4, 0x6BE2, 0xAD02, 0x8C22,
  0x3AA2, 0x1182, 0x0101, 0x0102, 0x0102, 0x00E2, 0x0081, 0x0021, 0x0021, 0x0042, 0x0882, 0x08C4, 0x2209, 0x3B2E, 0x3AED, 0x2A6B,
  0xB161, 0xD1C1, 0x9921, 0x5880, 0x4081, 0x4902, 0x5162, 0x4962, 0x3942, 0x3142, 0x3183, 0x3A23, 0x4B03, 0x6B63, 0x93C2, 0xC461,
  0xD441, 0xB3E1, 0x93E2, 0x63C4, 0x3BA4, 0x5CA5, 0x7525, 0x5444, 0x3BA4, 0x6464, 0x9524, 0x6C63, 0x2B63, 0x1345, 0x0B25, 0x0AE5,
  0x1283, 0x3AC2, 0x4B43, 0x3B63, 0x3BE5, 0x6C64, 0xB522, 0xD542, 0x93A1, 0x4A61, 0x2A81, 0x43A3, 0x6464, 0x8CA3, 0xB543, 0x7BC2,
  0x3A82, 0x1182, 0x0101, 0x0122, 0x0122, 0x00E2, 0x0081, 0x0041, 0x0041, 0x0042, 0x0083, 0x0905, 0x222A, 0x3AED, 0x2A4A, 0x220A,
  0xB161, 0xD1E1, 0xA121, 0x6080, 0x4881, 0x5102, 0x5942, 0x4962, 0x4142, 0x3962, 0x3183, 0x3A03, 0x5AE3, 0x83A2, 0xB441, 0xDCA1,
  0xE461, 0xCC21, 0xAC02, 0x73A3, 0x4363, 0x6485, 0x7D45, 0x5444, 0x3384, 0x5C44, 0x8D24, 0x6C63, 0x3383, 0x1324, 0x0AE4, 0x0AC4,
  0x1A83, 0x5B22, 0x83E2, 0x63C2, 0x4BA3, 0x7402, 0xC502, 0xC4C1, 0x7B02, 0x42A3, 0x2AC2, 0x3B63, 0x6443, 0xA523, 0xBD63, 0x6B82,
  0x3282, 0x11A1, 0x0941, 0x0142, 0x0122, 0x00E2, 0x0081, 0x0041, 0x0041, 0x0042, 0x08A3, 0x1147, 0x2A6B, 0x32CD, 0x21E9, 0x2A6B,
  0xB961, 0xD9E1, 0xA941, 0x7080, 0x5880, 0x6101, 0x6142, 0x5142, 0x4142, 0x3962, 0x39A3, 0x41C2, 0x62A2, 0x9BC2, 0xD4A1, 0xECC1,
  0xEC81, 0xDC61, 0xBC01, 0x7B82, 0x5323, 0x7464, 0x8524, 0x5423, 0x3383, 0x5424, 0x7CE4, 0x6CA4, 0x3BC4, 0x1B24, 0x0AC3, 0x0AA3,
  0x1A82, 0x6B62, 0xB482, 0x9C62, 0x7BC2, 0x8C22, 0xD521, 0xBC61, 0x62A2, 0x15D4, 0x2AC2, 0x2AE1, 0x53A1, 0xAD22, 0xB522, 0x6362,
  0x32A1, 0x2A41, 0x19E1, 0x0981, 0x0121, 0x00E1, 0x0081, 0x0061, 0x0041, 0x0042, 0x08C4, 0x1188, 0x2AAC, 0x32AC, 0x222A, 0x430E,
  0xB961, 0xE201, 0xB961, 0x80C0, 0x68A0, 0x6901, 0x6922, 0x5122, 0x4122, 0x4162, 0x41A3, 0x49C2, 0x7282, 0xB3E1, 0xE4E1, 0xF4C1,
  0xF4A1, 0xE461, 0xBBE1, 0x8322, 0x5B02, 0x7C44, 0x84A4, 0x53E3, 0x3363, 0x4BE3, 0x6483, 0x6484, 0x3BE4, 0x1B23, 0x0AA3, 0x0A83,
  0x2282, 0x7BA1, 0xCD01, 0xCD21, 0xA421, 0xAC41, 0xD521, 0xAC01, 0x5262, 0x32A2, 0x1A61, 0x1A41, 0x4B21, 0xACE2, 0xA4A2, 0x5321,
  0x32C1, 0x4301, 0x3281, 0x19C1, 0x0941, 0x00E1, 0x0061, 0x0061, 0x0041, 0x0042, 0x08E4, 0x19C9, 0x32ED, 0x2AAC, 0x328C, 0x0041,
  0xB981, 0xE201, 0xC181, 0x90E0, 0x78E0, 0x7901, 0x7122, 0x5901, 0x4901, 0x4962, 0x51A2, 0x59C2, 0x8A81, 0xCC01, 0xECA1, 0xF4A1,
  0xF481, 0xE441, 0xB361, 0x7AC1, 0x7322, 0x8C23, 0x7C03, 0x5BA2, 0x3B63, 0x3BA3, 0x4C03, 0x5444, 0x33A4, 0x1B03, 0x0AA3, 0x0A83,
  0x22A2, 0x83C1, 0xDD61, 0xE561, 0xB441, 0xAC01, 0xD501, 0xA3C1, 0x4241, 0x1A21, 0x1201, 0x1A00, 0x5300, 0xACC1, 0x8C01, 0x3AA1,
  0x32C1, 0x5341, 0x42C1, 0x21E0, 0x1181, 0x0901, 0x0061, 0x0041, 0x0021, 0x0041, 0x08C4, 0x19E9, 0x330E, 0x32CD, 0x3B0D, 0x0041,
  0xC181, 0xE221, 0xC9A0, 0xA120, 0x9120, 0x9121, 0x7921, 0x6101, 0x5101, 0x5142, 0x59C2, 0x69C2, 0x9A81, 0xD3E1, 0xEC41, 0xEC21,
  0xEC41, 0xDBE1, 0xAAE1, 0x7A61, 0x8B42, 0x9C03, 0x7B62, 0x6362, 0x4B82, 0x4383, 0x3BA3, 0x3BC3, 0x2B63, 0x12E3, 0x0A82, 0x0A62,
  0x22A2, 0x83E1, 0xD541, 0xDD41, 0xAC01, 0x9BA1, 0xCCA1, 0x9381, 0x39E1, 0x19C0, 0x19E0, 0x2A20, 0x6B40, 0xACA1, 0x7380, 0x2A60,
  0x32A1, 0x4B21, 0x3A80, 0x21E0, 0x19A1, 0x0901, 0x0081, 0x0041, 0x0020, 0x0041, 0x08C4, 0x1A09, 0x330E, 0x32ED, 0x434E, 0x5C11,
  0xC181, 0xEA21, 0xD1A0, 0xB160, 0xA960, 0xA141, 0x8921, 0x6901, 0x5901, 0x6162, 0x71E2, 0x8A01, 0xB2A1, 0xDBA1, 0xE3C1, 0xE381,
  0xEBE1, 0xD361, 0xA240, 0x7A01, 0xA362, 0xABC2, 0x82E1, 0x7321, 0x6382, 0x4B82, 0x3B83, 0x3383, 0x2323, 0x12E3, 0x0AA2, 0x0A82,
  0x22C2, 0x73C2, 0xBCC1, 0xBCA1, 0x9381, 0x9361, 0xBC61, 0x8B21, 0x31A0, 0x19A0, 0x2A40, 0x4AC0, 0x8BE0, 0xACA1, 0x6320, 0x2A61,
  0x2AA1, 0x3281, 0x2A20, 0x2A00, 0x19A1, 0x0901, 0x0081, 0x0041, 0x0000, 0x0041, 0x08E4, 0x222A, 0x332E, 0x332E, 0x436F, 0x6451,
  0xC1A1, 0xEA21, 0xD9C0, 0xC1A0, 0xB9E1, 0xB1A1, 0x9941, 0x7901, 0x6921, 0x7182, 0x8223, 0xA242, 0xCAC1, 0xE361, 0xDB20, 0xDB00,
  0xE381, 0xD321, 0xA200, 0x89C0, 0xB321, 0xBB61, 0x9260, 0x8AC1, 0x8361, 0x6BA2, 0x4BA3, 0x2B63, 0x1B23, 0x1303, 0x0AC3, 0x0AA2,
  0x22E2, 0x63A2, 0x9422, 0x8BE1, 0x7321, 0x8B61, 0xBC81, 0x9341, 0x41C0, 0x31C0, 0x4AA0, 0x7B81, 0xAC81, 0xACA1, 0x5300, 0x2AA1,
  0x2AA2, 0x2201, 0x19A0, 0x21E1, 0x1981, 0x0901, 0x00A1, 0x0041, 0x0000, 0x0062, 0x0905, 0x224A, 0x330D, 0x3B2E, 0x438F, 0x0040,
  0xC1A1, 0xEA21, 0xE1E0, 0xD200, 0xD241, 0xC9E1, 0xB161, 0x9121, 0x8161, 0x81C2, 0xA283, 0xBAA2, 0xDAC1, 0xE300, 0xDAA0, 0xD280,
  0xE341, 0xDB21, 0xB1E0, 0x99A0, 0xC2C1, 0xCB00, 0xAA20, 0x9A61, 0x9B41, 0x8BC2, 0x5B83, 0x2B23, 0x1B03, 0x1B23, 0x0AE3, 0x0AC3,
  0x1AE3, 0x4B83, 0x63A2, 0x5322, 0x5302, 0x8381, 0xC4E2, 0xAC01, 0x72A1, 0x5A40, 0x7301, 0x9C21, 0xC501, 0xA481, 0x4B01, 0x2AA1,
  0x2261, 0x11A1, 0x0941, 0x1161, 0x1121, 0x08E1, 0x00A1, 0x0041, 0x0021, 0x0062, 0x0926, 0x226B, 0x32ED, 0x3B0E, 0x4B8F, 0x0080,
  0xC1C1, 0xEA41, 0xE9E0, 0xE240, 0xE2C1, 0xD241, 0xC1A0, 0xA961, 0x99A1, 0xA222, 0xBAC3, 0xD2E2, 0xE2C1, 0xE2C0, 0xDA60, 0xD240,
  0xE341, 0xE341, 0xC220, 0xA9A0, 0xCA60, 0xDAA0, 0xB9E0, 0xA1E0, 0xB2C1, 0xA381, 0x6342, 0x2AC2, 0x1AE3, 0x1303, 0x0B03, 0x0AC3,
  0x12E3, 0x3323, 0x3B22, 0x32E2, 0x3AE2, 0x7BA2, 0xCD43, 0xD522, 0xABE1, 0x8321, 0x8B61, 0xB461, 0xCD01, 0x9421, 0x42A1, 0x2261,
  0x1A01, 0x0941, 0x00E1, 0x0901, 0x08E1, 0x08C1, 0x0081, 0x0041, 0x0021, 0x0083, 0x1167, 0x2AAC, 0x330D, 0x3B2E, 0x4B8F, 0x08C0,
  0xC1E1, 0xEA41, 0xEA00, 0xEAA1, 0xEB41, 0xE2C1, 0xD200, 0xB9C1, 0xB222, 0xBA83, 0xCB04, 0xDB02, 0xE2C0, 0xDA80, 0xD240, 0xD260,
  0xE361, 0xEBA1, 0xD260, 0xC1E0, 0xD240, 0xE260, 0xC1C0, 0xB180, 0xBA40, 0xB321, 0x72C1, 0x3262, 0x1AA2, 0x1303, 0x0B03, 0x0AC3,
  0x0AA2, 0x1AC2, 0x1AC2, 0x22E2, 0x3B02, 0x7BC2, 0xD583, 0xE583, 0xBC21, 0x9341, 0x8B61, 0xB441, 0xC501, 0x83C1, 0x3A81, 0x2221,
  0x11C1, 0x0120, 0x00C0, 0x00C1, 0x08E1, 0x08E1, 0x0881, 0x0041, 0x0021, 0x00A3, 0x19C8, 0x2AED, 0x332E, 0x3B2E, 0x53B0, 0x2160,
  0xC1E1, 0xEA61, 0xF220, 0xF2E1, 0xF3A2, 0xEB01, 0xE240, 0xD221, 0xCA82, 0xD2C3, 0xDB03, 0xE2E2, 0xD280, 0xC220, 0xCA20, 0xD260,
  0xEB81, 0xEBE1, 0xE2C0, 0xD240, 0xDA80, 0xE280, 0xC9C0, 0xB960, 0xC1E0, 0xC2A1, 0x8281, 0x4241, 0x2AA2, 0x1B03, 0x1303, 0x0AC2,
  0x0AA2, 0x12A2, 0x1AC2, 0x2303, 0x4B83, 0x8C22, 0xD5C4, 0xDD43, 0xABA1, 0x7AE0, 0x72E0, 0xAC21, 0xBD02, 0x7381, 0x2A41, 0x2221,
  0x2201, 0x0920, 0x00A0, 0x00C1, 0x0901, 0x08E1, 0x0881, 0x0021, 0x0021, 0x08C4, 0x19E9, 0x330E, 0x3B2E, 0x434E, 0x5BF1, 0x39E0,
  0xC201, 0xEA61, 0xF240, 0xF341, 0xF402, 0xF361, 0xEA81, 0xE261, 0xDAE2, 0xDAC2, 0xE2C3, 0xDAA1, 0xC220, 0xA9C0, 0xB9E0, 0xCA60,
  0xE380, 0xF3E1, 0xEB21, 0xE2E1, 0xE321, 0xEAE0, 0xD1E0, 0xC980, 0xC9C0, 0xCA40, 0xA281, 0x72A1, 0x4AE2, 0x3322, 0x1B22, 0x12E2,
  0x12C2, 0x1AE3, 0x2303, 0x2B43, 0x6403, 0xA4A3, 0xDDC4, 0xD503, 0x9B61, 0x6AC1, 0x5AA0, 0x9BE1, 0xACA2, 0x5B21, 0x2200, 0x3261,
  0x3261, 0x0921, 0x00A0, 0x00C1, 0x08E1, 0x08C1, 0x0061, 0x0021, 0x0021, 0x08C4, 0x2209, 0x330D, 0x3B2E, 0x436F, 0x41C0, 0x5221,
  0xC201, 0xEA81, 0xF260, 0xFB81, 0xFC62, 0xFBA1, 0xF2C1, 0xEAC1, 0xEB22, 0xEAC2, 0xE282, 0xD241, 0xA9A0, 0x9140, 0x99A0, 0xBA40,
  0xDB40, 0xEBC1, 0xEB81, 0xEB81, 0xEBE2, 0xEB61, 0xDA20, 0xD1C0, 0xD9E0, 0xDA20, 0xC281, 0x9B01, 0x7342, 0x4B82, 0x2B42, 0x2323,
  0x22E2, 0x3323, 0x3B63, 0x43A3, 0x6C23, 0xA4C2, 0xDDE4, 0xCCC3, 0x9361, 0x6AE1, 0x62C0, 0x9BC1, 0x9401, 0x42A0, 0x2220, 0x32A1,
  0x3261, 0x1121, 0x00C0, 0x00E1, 0x08E1, 0x00A1, 0x0061, 0x0021, 0x0041, 0x08E4, 0x222A, 0x32ED, 0x3B0D, 0x434E, 0x3100, 0x41A1,
  0xBA01, 0xEA61, 0xF280, 0xFBC2, 0xFC82, 0xFBE2, 0xF2E1, 0xF301, 0xF362, 0xF2C1, 0xE241, 0xC9E1, 0x9940, 0x7900, 0x8140, 0xA1E0,
  0xC2E0, 0xDB61, 0xE3A1, 0xEC22, 0xECA3, 0xEBE2, 0xDA80, 0xDA20, 0xE240, 0xE240, 0xD281, 0xBB21, 0x8B62, 0x63A3, 0x3B62, 0x2B22,
  0x2B02, 0x4383, 0x4BA3, 0x4BA2, 0x63E2, 0x9C62, 0xDDC4, 0xC4A3, 0x8B21, 0x7301, 0x8340, 0xAC21, 0x8BE1, 0x3A80, 0x2240, 0x32C1,
  0x2A41, 0x0941, 0x00E0, 0x0901, 0x0901, 0x00A1, 0x0041, 0x0021, 0x0041, 0x0905, 0x224A, 0x32CC, 0x32CC, 0x4B4E, 0x40A0, 0x30C0,
  0xBA01, 0xE261, 0xF2A0, 0xFBE2, 0xFCA3, 0xFC02, 0xF301, 0xF341, 0xFB82, 0xF2A1, 0xEA01, 0xC980, 0x9100, 0x68C0, 0x68E0, 0x8180,
  0xA240, 0xBAE1, 0xDBA1, 0xE462, 0xED03, 0xEC62, 0xE300, 0xE2A0, 0xEAE0, 0xE260, 0xD220, 0xBAA1, 0x9322, 0x6B83, 0x3B42, 0x2B02,
  0x2AE2, 0x4363, 0x53A3, 0x4B82, 0x5B41, 0x9421, 0xD5C4, 0xC482, 0x82E0, 0x7B00, 0xA401, 0xC4E2, 0x8C22, 0x32A1, 0x2261, 0x2AC1,
  0x2241, 0x0961, 0x0101, 0x0941, 0x0921, 0x00A1, 0x0041, 0x0021, 0x0042, 0x0925, 0x226B, 0x2AAC, 0x32AC, 0x4B2E, 0x5BD0, 0x6431,
  0xB1E1, 0xDA40, 0xEAA0, 0xFBE2, 0xFCA2, 0xFC02, 0xF301, 0xFB61, 0xFBA2, 0xFAA1, 0xE9E0, 0xC960, 0x90E0, 0x60A0, 0x58C0, 0x6120,
  0x79A0, 0x9A41, 0xBB41, 0xDC42, 0xE523, 0xE4A2, 0xE360, 0xE320, 0xF360, 0xEAA0, 0xC9E0, 0xAA21, 0x7A81, 0x5B02, 0x32E1, 0x22A1,
  0x2281, 0x3B02, 0x4B62, 0x4B41, 0x52E0, 0x9401, 0xDDC4, 0xCCC3, 0x9300, 0x9B80, 0xCCE1, 0xD563, 0x8C43, 0x32A1, 0x1A60, 0x1A81,
  0x1A61, 0x09A1, 0x0121, 0x0941, 0x0922, 0x00A1, 0x0041, 0x0021, 0x0062, 0x1146, 0x2A8B, 0x2AAC, 0x328B, 0x4B2D, 0xB1A0, 0x5BD0,
  0xA9A1, 0xD200, 0xEA80, 0xF3C2, 0xFC82, 0xFBE1, 0xF2E0, 0xFB81, 0xFBC2, 0xFAA1, 0xF200, 0xD160, 0x9900, 0x70A0, 0x58A0, 0x50C0,
  0x5920, 0x71A0, 0x9AA1, 0xC3C2, 0xD4A3, 0xDC82, 0xE3A0, 0xEB80, 0xF3E0, 0xEB00, 0xC1A0, 0x9980, 0x61E1, 0x4281, 0x3281, 0x2A81,
  0x2A61, 0x3A81, 0x4B01, 0x5301, 0x5AA0, 0x9C01, 0xE604, 0xD503, 0xA361, 0xB421, 0xDD62, 0xD583, 0x8402, 0x2A81, 0x1220, 0x1261,
  0x1A82, 0x11E2, 0x0921, 0x0941, 0x0901, 0x00A1, 0x0061, 0x0041, 0x0083, 0x1187, 0x2AAC, 0x2AAC, 0x328B, 0x4B2D, 0x8181, 0x9981,
  0xA181, 0xC9E0, 0xE260, 0xF3A1, 0xF442, 0xF3A1, 0xF2C0, 0xFB81, 0xFBC2, 0xFAC1, 0xF200, 0xD980, 0xA920, 0x80E0, 0x60A0, 0x48A0,
  0x40C0, 0x5120, 0x7A01, 0xA2E2, 0xB3A2, 0xCBE1, 0xDBA0, 0xE3A0, 0xEBE0, 0xE320, 0xB9A0, 0x8940, 0x5181, 0x3A01, 0x3A61, 0x3A81,
  0x4281, 0x4261, 0x4AA1, 0x62E1, 0x72E0, 0xAC22, 0xE604, 0xD523, 0xB3C1, 0xB441, 0xD542, 0xCD63, 0x7382, 0x2A60, 0x1241, 0x1281,
  0x1AA2, 0x11E2, 0x0941, 0x0942, 0x0101, 0x0081, 0x0041, 0x0041, 0x0083, 0x19C8, 0x2ACD, 0x2AAC, 0x32AC, 0x4B4E, 0x4162, 0x5141,
  0x9140, 0xC1A0, 0xDA20, 0xEB41, 0xF3E2, 0xF361, 0xF2A0, 0xF381, 0xFBC2, 0xFAC1, 0xF220, 0xE1A0, 0xC140, 0x9900, 0x70E0, 0x48A0,
  0x38A0, 0x40C0, 0x6161, 0x7A01, 0x8A81, 0xAB01, 0xC320, 0xD340, 0xE3A0, 0xDB21, 0xB1C0, 0x7920, 0x4140, 0x31C1, 0x4262, 0x52A2,
  0x62C2, 0x5AA1, 0x5281, 0x7301, 0x9341, 0xBC82, 0xEE24, 0xDD43, 0xBC01, 0xAC01, 0xBCA2, 0xB4E3, 0x6322, 0x2241, 0x1261, 0x1AC1,
  0x1AA1, 0x11C1, 0x0961, 0x0962, 0x00E1, 0x0081, 0x0041, 0x0041, 0x00A3, 0x19E9, 0x2ACD, 0x2AAC, 0x3ACC, 0x536E, 0x31E4, 0x29A3,
  0x8920, 0xB160, 0xD200, 0xE2E1, 0xEB61, 0xEB01, 0xEA80, 0xF381, 0xFBC2, 0xFAC1, 0xFA20, 0xE9C0, 0xD160, 0xB940, 0x8900, 0x58A0,
  0x3880, 0x40C0, 0x5101, 0x6141, 0x69A1, 0x8201, 0x9A60, 0xAA80, 0xC2E0, 0xC2C1, 0x99A1, 0x6920, 0x3900, 0x3181, 0x5262, 0x72C2,
  0x8302, 0x72C2, 0x6281, 0x7B01, 0xABC1, 0xD502, 0xEE45, 0xDD63, 0xBC41, 0xB421, 0xB462, 0xA463, 0x4AC1, 0x1A00, 0x1241, 0x22E1,
  0x22A1, 0x09A1, 0x0161, 0x0962, 0x00E1, 0x0081, 0x0041, 0x0041, 0x08C3, 0x2209, 0x2ACD, 0x2AAC, 0x3ACC, 0x536E, 0x3225, 0x2A05,
  0x80E0, 0xA920, 0xC9A0, 0xDA61, 0xE2C1, 0xE280, 0xE260, 0xF361, 0xFBA2, 0xFAE1, 0xFA40, 0xE9C0, 0xE180, 0xC960, 0xA120, 0x68C0,
  0x48A0, 0x40C0, 0x5101, 0x5101, 0x5101, 0x6141, 0x7180, 0x81A0, 0x9200, 0x9A01, 0x7961, 0x5901, 0x3900, 0x3961, 0x5A42, 0x7AC2,
  0x82C2, 0x72A2, 0x6261, 0x7AE0, 0xB401, 0xE582, 0xF685, 0xDD63, 0xBC62, 0xC4A1, 0xC501, 0x9C42, 0x3A41, 0x09A0, 0x0A01, 0x22C2,
  0x2281, 0x0981, 0x0141, 0x0942, 0x00E1, 0x0081, 0x0041, 0x0041, 0x08C4, 0x2209, 0x2ACC, 0x2AAC, 0x32AC, 0x4B6E, 0x4AEA, 0x538E,
  0x78C0, 0xA100, 0xC160, 0xD200, 0xD240, 0xDA20, 0xDA00, 0xEB41, 0xF382, 0xFAE1, 0xFA60, 0xF200, 0xE9C0, 0xD980, 0xB140, 0x78E0,
  0x58C0, 0x5101, 0x5921, 0x5101, 0x40E1, 0x48E1, 0x5100, 0x5900, 0x6920, 0x6940, 0x6120, 0x4901, 0x3901, 0x4161, 0x5A22, 0x6A62,
  0x6261, 0x5A41, 0x5221, 0x6AA0, 0xABE1, 0xDD82, 0xEE64, 0xCD02, 0xABE1, 0xC4E1, 0xDDA1, 0xA461, 0x3A41, 0x0980, 0x0A01, 0x1AA1,
  0x1A41, 0x0961, 0x0121, 0x0101, 0x00C1, 0x0061, 0x0041, 0x0041, 0x08E4, 0x2229, 0x2ACC, 0x2AAC, 0x328B, 0x4B4E, 0x4B4E, 0x538E,
  0x70A0, 0x98E0, 0xB940, 0xC180, 0xC9C0, 0xC9A0, 0xD1C0, 0xE2E1, 0xF321, 0xFAC1, 0xFA80, 0xF240, 0xE9E0, 0xE1A0, 0xC160, 0x9100,
  0x7100, 0x6941, 0x6961, 0x5121, 0x40E1, 0x40E1, 0x48E1, 0x48E0, 0x48C0, 0x50E0, 0x48E0, 0x40E0, 0x3901, 0x4961, 0x51C1, 0x51E1,
  0x49C1, 0x41C1, 0x41E0, 0x6280, 0xA3A0, 0xD542, 0xEE03, 0xBC62, 0x9B61, 0xC4A1, 0xDD81, 0xA461, 0x3A81, 0x09C0, 0x0A01, 0x1281,
  0x1201, 0x0941, 0x0101, 0x00E1, 0x00A1, 0x0061, 0x0041, 0x0061, 0x08E4, 0x222A, 0x2ACC, 0x2A8B, 0x328B, 0x4B4D, 0x4B4D, 0x4B8E,
  0x6880, 0x98C0, 0xB120, 0xB920, 0xB940, 0xC140, 0xC980, 0xDA81, 0xEAC1, 0xF2A1, 0xF2A0, 0xF280, 0xF220, 0xE1C0, 0xC980, 0xA940,
  0x9140, 0x89A1, 0x81A2, 0x6141, 0x48E1, 0x4901, 0x5141, 0x5121, 0x48C1, 0x4901, 0x5101, 0x48E0, 0x4900, 0x5961, 0x5981, 0x4181,
  0x3160, 0x2960, 0x39C0, 0x6AC0, 0xA3E0, 0xD501, 0xE5C3, 0xC441, 0xA360, 0xC4C1, 0xCD02, 0x9401, 0x3AA1, 0x1201, 0x0A41, 0x1261,
  0x1201, 0x0961, 0x0101, 0x00C1, 0x00A1, 0x0061, 0x0041, 0x0062, 0x0904, 0x224A, 0x2ACC, 0x2A8B, 0x328B, 0x4B2D, 0x4B2D, 0x434D,
  0x6880, 0x98E0, 0xB100, 0xB0E0, 0xB100, 0xB900, 0xC140, 0xDA01, 0xEA41, 0xF260, 0xF2A0, 0xF2A0, 0xF240, 0xE9E0, 0xD9A0, 0xC180,
  0xA981, 0xAA02, 0x99E2, 0x7161, 0x5901, 0x5941, 0x71E3, 0x61A2, 0x5121, 0x6161, 0x6961, 0x6121, 0x6941, 0x7981, 0x6161, 0x3921,
  0x2920, 0x2140, 0x39C0, 0x7B20, 0xB461, 0xDD62, 0xEDE4, 0xD4C2, 0xCC61, 0xDD62, 0xC4E2, 0x83C1, 0x32A1, 0x1241, 0x0A41, 0x1261,
  0x1A21, 0x0981, 0x0100, 0x00C1, 0x00A1, 0x0061, 0x0041, 0x0062, 0x0905, 0x224A, 0x2AAC, 0x2A8B, 0x328B, 0x430D, 0x430D, 0x432D,
  0x6880, 0x98E0, 0xB100, 0xA8C0, 0xB0C0, 0xB0C0, 0xC100, 0xD1A1, 0xE1E1, 0xEA20, 0xF280, 0xF2A0, 0xF240, 0xEA00, 0xE1E0, 0xD1C0,
  0xC1C1, 0xC242, 0xB242, 0x89A1, 0x6941, 0x7182, 0x8A63, 0x7A23, 0x6182, 0x79E2, 0x9222, 0x89C1, 0x91A1, 0x99C1, 0x7961, 0x4921,
  0x3121, 0x2140, 0x4200, 0x8360, 0xC4C1, 0xE5C4, 0xF666, 0xED43, 0xE542, 0xE5A2, 0xC4E2, 0x7BC1, 0x32C1, 0x0A41, 0x0A21, 0x1261,
  0x2261, 0x11C1, 0x0101, 0x00C1, 0x00A1, 0x0061, 0x0041, 0x0062, 0x1125, 0x2A6A, 0x2AAC, 0x2AAB, 0x32AB, 0x430D, 0x430D, 0x4B6E,
  0x70A0, 0xA120, 0xB100, 0xA8C0, 0xB0C0, 0xB0C0, 0xC0E0, 0xD140, 0xE1C0, 0xEA00, 0xF260, 0xF280, 0xF260, 0xEA20, 0xEA00, 0xDA00,
  0xD200, 0xD261, 0xCA61, 0xA1E1, 0x8161, 0x81C2, 0x9AE4, 0x8A83, 0x69A2, 0x9243, 0xB2A2, 0xBA62, 0xBA21, 0xB201, 0x8961, 0x5921,
  0x4961, 0x3981, 0x4A20, 0x8B80, 0xC4C1, 0xEE25, 0xF687, 0xED83, 0xED62, 0xD542, 0xB481, 0x73C1, 0x32C1, 0x0A20, 0x0A20, 0x1A61,
  0x1A61, 0x11A1, 0x0901, 0x00C1, 0x0081, 0x0061, 0x0041, 0x0062, 0x1125, 0x2A6A, 0x2ACC, 0x32CC, 0x32AC, 0x430D, 0x430D, 0x53AF,
  0x78C0, 0xA941, 0xB920, 0xA8C0, 0xB0E0, 0xB8E0, 0xC0E0, 0xD140, 0xE1C1, 0xEA00, 0xEA40, 0xF260, 0xEA40, 0xEA20, 0xEA40, 0xE240,
  0xDA20, 0xE261, 0xDA81, 0xBA01, 0x9180, 0x8A02, 0xAB04, 0x92A3, 0x71A2, 0x8A02, 0xBAC3, 0xD2A2, 0xCA41, 0xB1C1, 0x8941, 0x6941,
  0x61A2, 0x49E1, 0x5240, 0x8360, 0xC4A1, 0xEDE5, 0xF627, 0xE503, 0xDD02, 0xBC61, 0x93E1, 0x6BA1, 0x2AE1, 0x0A40, 0x1240, 0x22A1,
  0x2261, 0x09A1, 0x0101, 0x00C1, 0x00A1, 0x0081, 0x0061, 0x0062, 0x1145, 0x2A8B, 0x2ACC, 0x32EC, 0x32CC, 0x3AEC, 0x3AEC, 0x5BD0,
  0x8101, 0xB9A1, 0xC140, 0xB0E0, 0xB900, 0xB920, 0xC100, 0xD161, 0xE1E1, 0xEA01, 0xEA20, 0xEA40, 0xEA20, 0xEA00, 0xEA60, 0xEAA0,
  0xE280, 0xE261, 0xE281, 0xC200, 0x99A1, 0x9222, 0xAB24, 0x92A3, 0x6961, 0x79A2, 0xB282, 0xCA81, 0xB9E1, 0xA160, 0x8121, 0x7161,
  0x71C2, 0x51E1, 0x5241, 0x8340, 0xB441, 0xE584, 0xEDC5, 0xDC82, 0xD4A2, 0xBC21, 0x8BC1, 0x63A1, 0x2AE1, 0x0A40, 0x1281, 0x22E1,
  0x22A1, 0x11C1, 0x0101, 0x00C1, 0x00A1, 0x0061, 0x0061, 0x0082, 0x1166, 0x2AAB, 0x32ED, 0x330D, 0x32CC, 0x3AAB, 0x3AAB, 0x6410,
  0x8941, 0xC1E1, 0xC181, 0xB900, 0xC141, 0xC961, 0xC941, 0xD9A1, 0xEA42, 0xEA41, 0xEA00, 0xEA20, 0xE1E0, 0xE1E0, 0xE260, 0xEB00,
  0xEAC0, 0xE260, 0xE261, 0xC200, 0xA1C1, 0x9A42, 0xAB23, 0x8A82, 0x6141, 0x6941, 0x99E1, 0xB201, 0xA180, 0x8920, 0x7921, 0x7961,
  0x69A1, 0x49C1, 0x5221, 0x8340, 0xB421, 0xDD63, 0xEDA4, 0xDC82, 0xDCC2, 0xC482, 0x9C41, 0x63C1, 0x22C1, 0x0A60, 0x12A1, 0x22E1,
  0x1AA1, 0x09E1, 0x0121, 0x00C1, 0x00A1, 0x0061, 0x0061, 0x0082, 0x1186, 0x2ACC, 0x332D, 0x332D, 0x32AB, 0x326A, 0x536E, 0x536E,
  0x91A1, 0xCA42, 0xC9C1, 0xC140, 0xC981, 0xD181, 0xD181, 0xD9E2, 0xEAA2, 0xEA61, 0xEA00, 0xE200, 0xD9C0, 0xD9C0, 0xDA80, 0xEB41,
  0xEB00, 0xE240, 0xDA41, 0xC1E0, 0xA1C1, 0x9222, 0x92C3, 0x7A22, 0x5121, 0x5900, 0x8181, 0x9180, 0x8920, 0x8120, 0x7941, 0x7961,
  0x5961, 0x3961, 0x4A00, 0x8B41, 0xB441, 0xDD83, 0xF5E4, 0xECE2, 0xE502, 0xCCA2, 0xA462, 0x6BE1, 0x22E1, 0x0A61, 0x12A1, 0x1AC1,
  0x1281, 0x09C1, 0x0121, 0x00C1, 0x0081, 0x0061, 0x0061, 0x0082, 0x1987, 0x2AEC, 0x332E, 0x330D, 0x2A6B, 0x2A29, 0x4B4D, 0x4B4D,
  0xA202, 0xD2A2, 0xD201, 0xC980, 0xD1A1, 0xD9C1, 0xD9A1, 0xDA02, 0xEAE2, 0xEA81, 0xE1E0, 0xE1E0, 0xD1A0, 0xC9A0, 0xD260, 0xE361,
  0xE300, 0xDA20, 0xD1E0, 0xB9C0, 0xA1C1, 0x81E2, 0x7A22, 0x61A1, 0x5100, 0x5900, 0x7140, 0x7920, 0x7900, 0x8161, 0x7961, 0x6941,
  0x4941, 0x3141, 0x49E1, 0x8341, 0xB441, 0xE5A3, 0xF604, 0xF562, 0xE501, 0xAC01, 0x8BC1, 0x6BE2, 0x2B21, 0x0A81, 0x0AA1, 0x12E1,
  0x12A2, 0x09E1, 0x0121, 0x00C1, 0x0081, 0x0061, 0x0061, 0x00A2, 0x19A7, 0x330D, 0x334E, 0x3B2D, 0x2A4A, 0x2A09, 0x4B2D, 0x4B2D,
  0xAA42, 0xDB02, 0xDA41, 0xD1C1, 0xD9C1, 0xD9E1, 0xD9C1, 0xDA22, 0xEAE3, 0xEA81, 0xE1E0, 0xD9C0, 0xC9A0, 0xC180, 0xD220, 0xE301,
  0xE2C1, 0xD1E0, 0xC9A0, 0xB9A0, 0xA1C1, 0x7981, 0x6181, 0x5121, 0x5100, 0x6140, 0x7141, 0x7120, 0x7121, 0x81A2, 0x79A1, 0x6141,
  0x4141, 0x3141, 0x4A01, 0x8301, 0xB401, 0xE583, 0xF5C3, 0xF561, 0xDCE1, 0x9340, 0x6301, 0x5BC1, 0x3361, 0x12C1, 0x0AA1, 0x12C1,
  0x12C2, 0x0A02, 0x0141, 0x00C1, 0x0081, 0x0061, 0x0061, 0x08A3, 0x19C8, 0x330D, 0x3B6E, 0x3B2E, 0x2A6B, 0x2209, 0x42EC, 0x42EC,
  0xB2A2, 0xE342, 0xE281, 0xDA01, 0xE201, 0xE201, 0xD9E1, 0xDA22, 0xEAE3, 0xE261, 0xD9C0, 0xD1C0, 0xC9C1, 0xC180, 0xC9E0, 0xDAA0,
  0xDA60, 0xD1A0, 0xC180, 0xB9A0, 0x99A1, 0x7161, 0x5121, 0x5100, 0x6140, 0x7160, 0x7961, 0x7120, 0x7121, 0x89C2, 0x79A2, 0x6161,
  0x4981, 0x41A1, 0x6241, 0x8321, 0xABC1, 0xDD02, 0xF542, 0xED21, 0xCC81, 0x8300, 0x5AE0, 0x53C1, 0x3381, 0x1301, 0x0AE1, 0x12C1,
  0x0A82, 0x09E2, 0x0141, 0x00C1, 0x0081, 0x0061, 0x0081, 0x08E3, 0x19E8, 0x32ED, 0x3B6F, 0x3B4E, 0x2A8B, 0x2209, 0x32AB, 0x32AB,
  0xBAE3, 0xEB83, 0xEAC1, 0xE241, 0xE201, 0xE201, 0xD9E1, 0xE222, 0xE2E3, 0xE282, 0xD9C0, 0xD1C0, 0xC1E1, 0xC1A1, 0xC1A0, 0xD220,
  0xD200, 0xC980, 0xC980, 0xC1A0, 0xA1A0, 0x7981, 0x6141, 0x6120, 0x7981, 0x89A1, 0x8181, 0x7940, 0x8141, 0x89A1, 0x79A2, 0x61A2,
  0x5A02, 0x5A22, 0x72C1, 0x9362, 0xABC1, 0xD481, 0xECE1, 0xED21, 0xC461, 0x7AE0, 0x5300, 0x53C1, 0x3BA1, 0x1B21, 0x12E1, 0x12A1,
  0x0A42, 0x01C1, 0x0141, 0x00C1, 0x0081, 0x0061, 0x0081, 0x10E3, 0x21E8, 0x32ED, 0x3B4E, 0x3B4E, 0x2AAC, 0x2209, 0x328B, 0x328B,
  0xC323, 0xEBA3, 0xEAE1, 0xEA81, 0xEA21, 0xEA21, 0xE201, 0xE242, 0xE303, 0xE2A2, 0xD200, 0xCA00, 0xCA21, 0xC1E0, 0xC9A0, 0xD1E0,
  0xD1A0, 0xD180, 0xC9C0, 0xC9E0, 0xB201, 0x9221, 0x79E1, 0x79A1, 0x91E1, 0x99E1, 0x91A1, 0x9160, 0x9180, 0x99C1, 0x7981, 0x61A2,
  0x6223, 0x6A62, 0x7AE2, 0x9B82, 0xB401, 0xD481, 0xECE1, 0xED61, 0xC481, 0x7B20, 0x5320, 0x53C1, 0x4BE1, 0x2B61, 0x1B01, 0x12A1,
  0x0A01, 0x01A1, 0x0141, 0x00C1, 0x0081, 0x0061, 0x0061, 0x08C3, 0x19C8, 0x32EC, 0x3B6E, 0x3B6F, 0x2AAC, 0x2209, 0x326B, 0x326B,
  0xC343, 0xF3C3, 0xF321, 0xEAA1, 0xEA61, 0xEA61, 0xE262, 0xE2A2, 0xEB63, 0xE302, 0xDA60, 0xD261, 0xCA81, 0xCA40, 0xCA00, 0xD1E0,
  0xD1A0, 0xD1C0, 0xD241, 0xD261, 0xCA81, 0xB302, 0xA2E2, 0xA241, 0xAA41, 0xB221, 0xAA01, 0xA9C1, 0xA9C0, 0xB1E1, 0x81A1, 0x5961,
  0x5A03, 0x5A42, 0x6A81, 0x9321, 0xB3E1, 0xD481, 0xED21, 0xF5C2, 0xCCE1, 0x8360, 0x4AE0, 0x4321, 0x4BC2, 0x3362, 0x1AE1, 0x1261,
  0x01E1, 0x01A1, 0x0141, 0x00C1, 0x0081, 0x0061, 0x0061, 0x08A3, 0x19C8, 0x32CC, 0x436F, 0x438F, 0x32CC, 0x2209, 0x2A29, 0x2A29,
  0xC343, 0xF3E2, 0xF361, 0xF2E1, 0xEA81, 0xEAC2, 0xEAE3, 0xEB23, 0xEBC3, 0xE362, 0xDAE1, 0xD2E1, 0xD301, 0xD2E1, 0xD2A0, 0xD240,
  0xD220, 0xDA41, 0xDAC1, 0xDAC1, 0xDB01, 0xD3C3, 0xCBC3, 0xC302, 0xC2A1, 0xC281, 0xC241, 0xB9E0, 0xB9E0, 0xBA00, 0x8980, 0x5141,
  0x49C2, 0x51E2, 0x5A01, 0x7AC1, 0xA381, 0xCC40, 0xED61, 0xF622, 0xCD21, 0x8BC0, 0x5300, 0x3AA1, 0x3B21, 0x2B21, 0x1AC1, 0x0A21,
  0x01A1, 0x0181, 0x0141, 0x00E1, 0x00A1, 0x0061, 0x0061, 0x08A3, 0x19C8, 0x32CC, 0x438F, 0x43B0, 0x32ED, 0x2209, 0x21E8, 0x21E8,
  0xC343, 0xF3E2, 0xF382, 0xF321, 0xF2E1, 0xF322, 0xF384, 0xEBC4, 0xEC23, 0xE3A1, 0xDB61, 0xDB61, 0xDB81, 0xDB81, 0xDB41, 0xDAE1,
  0xDAC1, 0xDB01, 0xE362, 0xE341, 0xE362, 0xE444, 0xDC64, 0xD3A2, 0xD301, 0xD2C1, 0xD261, 0xC200, 0xC1E0, 0xB1E0, 0x8160, 0x4921,
  0x4182, 0x41C2, 0x49C1, 0x7281, 0xA341, 0xC400, 0xED61, 0xF643, 0xC502, 0x93E0, 0x6380, 0x42E1, 0x2A81, 0x1AA1, 0x1261, 0x01E1,
  0x0181, 0x0181, 0x0161, 0x00E1, 0x00A1, 0x0061, 0x0061, 0x08A3, 0x19C8, 0x32CC, 0x43AF, 0x4BD0, 0x3B0D, 0x2209, 0x21C8, 0x3ACC,
  0xC343, 0xF3E2, 0xF3C2, 0xF341, 0xF321, 0xF3A3, 0xF425, 0xF465, 0xEC64, 0xEBE1, 0xE3C1, 0xE401, 0xE401, 0xE401, 0xE3E1, 0xE381,
  0xE361, 0xE3C2, 0xE3E2, 0xE382, 0xEBA2, 0xEC43, 0xE464, 0xDBC3, 0xDB21, 0xDAC1, 0xDA81, 0xCA00, 0xB9E0, 0x9980, 0x6920, 0x3900,
  0x3962, 0x41A2, 0x5201, 0x7AC1, 0xABA1, 0xCC21, 0xED82, 0xEE23, 0xAC81, 0x7B60, 0x6381, 0x4B01, 0x2241, 0x1241, 0x0A21, 0x01A1,
  0x0161, 0x0181, 0x0142, 0x00E1, 0x00A1, 0x0061, 0x0061, 0x08A3, 0x19C8, 0x32CC, 0x32CC, 0x4BD0, 0x3B0D, 0x2229, 0x19C8, 0x32AB,
  0xC322, 0xEBE2, 0xF3C2, 0xF361, 0xF361, 0xF404, 0xF486, 0xF4C6, 0xECA3, 0xE401, 0xE401, 0xE441, 0xE461, 0xE441, 0xE441, 0xE401,
  0xE402, 0xE442, 0xE423, 0xE3A2, 0xE382, 0xE3E3, 0xE3E3, 0xDB62, 0xDAE1, 0xDAA1, 0xD261, 0xC200, 0xA9A0, 0x7940, 0x4900, 0x28E0,
  0x2941, 0x39A1, 0x5A41, 0x9341, 0xBC22, 0xD4C1, 0xEDE2, 0xDDE3, 0x93C1, 0x5280, 0x42A0, 0x3261, 0x2221, 0x2281, 0x1241, 0x01A1,
  0x0161, 0x0161, 0x0141, 0x00E1, 0x00A1, 0x0061, 0x0061, 0x08A3, 0x19C8, 0x32CC, 0x32CC, 0x4BD0, 0x3B0D, 0x2209, 0x19A8, 0x2A4A,
  0xBB02, 0xEBC3, 0xF3E2, 0xF381, 0xF382, 0xF444, 0xF4C6, 0xF4C5, 0xEC63, 0xE3C1, 0xE401, 0xE441, 0xE441, 0xE441, 0xE441, 0xE421,
  0xE422, 0xE463, 0xE403, 0xD362, 0xD302, 0xD322, 0xDB22, 0xD2C1, 0xD261, 0xD261, 0xCA41, 0xB1C0, 0x8960, 0x5900, 0x30E0, 0x2100,
  0x2141, 0x39A1, 0x6A61, 0x9B62, 0xC462, 0xDD02, 0xEE43, 0xD5A3, 0x7B21, 0x31E0, 0x21E0, 0x19E0, 0x2261, 0x3301, 0x1AA1, 0x01C1,
  0x0181, 0x0141, 0x0101, 0x00C1, 0x00A1, 0x0061, 0x0061, 0x08A3, 0x19C8, 0x32EC, 0x32EC, 0x4BAF, 0x3AED, 0x2209, 0x19A7, 0x2209,
  0xBAE2, 0xEBC3, 0xF3C2, 0xEB61, 0xEB62, 0xEC04, 0xF486, 0xEC85, 0xE3E2, 0xDB61, 0xDBA1, 0xDC01, 0xDBE1, 0xDBC1, 0xDBC1, 0xE3C1,
  0xE3C2, 0xDC03, 0xD383, 0xC2C2, 0xBA41, 0xC261, 0xD261, 0xD241, 0xCA00, 0xC200, 0xB1E0, 0x9180, 0x6920, 0x4100, 0x2900, 0x2121,
  0x2141, 0x3981, 0x6A61, 0x9B62, 0xB3E2, 0xCCA2, 0xEE24, 0xD583, 0x7B01, 0x39E0, 0x1980, 0x11A0, 0x2AC1, 0x3B81, 0x22E1, 0x0A01,
  0x0181, 0x0161, 0x0101, 0x00C1, 0x0081, 0x0061, 0x0061, 0x08C3, 0x21E8, 0x32ED, 0x32ED, 0x4BAF, 0x3AED, 0x222A, 0x19A7, 0x21C8,
  0xBAC2, 0xEBA3, 0xEB82, 0xEB21, 0xE342, 0xEBC4, 0xEC05, 0xE3E4, 0xD342, 0xCAE1, 0xD321, 0xD381, 0xD360, 0xD320, 0xD321, 0xDB41,
  0xDB42, 0xD322, 0xC2A2, 0xB201, 0xA9A1, 0xB9C0, 0xCA00, 0xC1E0, 0xB1C0, 0xA1A0, 0x91A0, 0x7160, 0x5120, 0x3120, 0x2941, 0x2161,
  0x2161, 0x39A1, 0x6A81, 0x9321, 0xA361, 0xC422, 0xE5C3, 0xCD23, 0x8301, 0x4A41, 0x21C1, 0x11C0, 0x2AE1, 0x3381, 0x2301, 0x0A21,
  0x01A2, 0x0161, 0x0101, 0x00C1, 0x0081, 0x0041, 0x0061, 0x08C3, 0x2208, 0x330D, 0x330D, 0x4BAF, 0x3B0D, 0x2A4A, 0x19A8, 0x19A7,
  0xB2A2, 0xE383, 0xEB42, 0xE2E1, 0xDAC2, 0xDB23, 0xE364, 0xDB43, 0xCAC1, 0xC260, 0xC2C0, 0xCB00, 0xCAC0, 0xC260, 0xCAA0, 0xD2C1,
  0xD2C1, 0xC261, 0xB1E1, 0xA160, 0xA140, 0xB180, 0xB9A0, 0xA9A0, 0x9180, 0x8160, 0x7160, 0x5940, 0x4140, 0x3161, 0x29A1, 0x29A2,
  0x2181, 0x41E1, 0x7AC1, 0x9B21, 0xAB61, 0xC441, 0xE5A3, 0xC4C2, 0x8301, 0x5A82, 0x2A01, 0x11E0, 0x22C1, 0x3381, 0x2321, 0x0A41,
  0x01A1, 0x0161, 0x0121, 0x00C1, 0x0081, 0x0041, 0x0061, 0x08E3, 0x2209, 0x332D, 0x332D, 0x4BAF, 0x3B2E, 0x2A6B, 0x19A8, 0x1987,
  0xB2A3, 0xE363, 0xE302, 0xD261, 0xD241, 0xD282, 0xDAC2, 0xD2C2, 0xC241, 0xBA20, 0xC280, 0xCAE1, 0xCA81, 0xC220, 0xCA61, 0xD2A1,
  0xCAA1, 0xBA01, 0xA960, 0xA120, 0xA120, 0xA960, 0xA980, 0x9180, 0x7940, 0x6940, 0x6160, 0x5181, 0x4181, 0x39C2, 0x31E2, 0x29A2,
  0x2981, 0x4A21, 0x8322, 0xA382, 0xBBC1, 0xD4C2, 0xE5E4, 0xBC82, 0x8301, 0x5AA2, 0x2A01, 0x1200, 0x22C1, 0x2B81, 0x2341, 0x0A41,
  0x01A1, 0x0161, 0x0121, 0x00C1, 0x0081, 0x0041, 0x0061, 0x08E3, 0x2229, 0x3B2E, 0x43AF, 0x4BAF, 0x434E, 0x328B, 0x19A8, 0x1966,
  0xBAA3, 0xE343, 0xDAC2, 0xCA01, 0xC1C1, 0xC9E1, 0xD262, 0xCA82, 0xBA21, 0xBA20, 0xC2C1, 0xCB21, 0xCAA1, 0xC220, 0xD281, 0xDB02,
  0xCAC2, 0xB1E1, 0xA960, 0xA140, 0xA140, 0xA160, 0x9980, 0x8980, 0x7160, 0x69A1, 0x71E1, 0x61E1, 0x49E2, 0x3A22, 0x3202, 0x21A1,
  0x29A1, 0x5A81, 0x8B62, 0xABC2, 0xCC41, 0xE583, 0xEE24, 0xC483, 0x8B21, 0x5AA1, 0x3241, 0x1A20, 0x1AA1, 0x2361, 0x2342, 0x0A22,
  0x0181, 0x0141, 0x0121, 0x00C1, 0x0081, 0x0041, 0x0061, 0x08C3, 0x2A29, 0x3B4E, 0x438F, 0x438F, 0x3B2E, 0x328B, 0x19A8, 0x1146,
  0xBAA3, 0xE323, 0xDA61, 0xC1A1, 0xB960, 0xC9A1, 0xD221, 0xCA82, 0xC241, 0xBA81, 0xCB41, 0xD3A1, 0xD301, 0xD2A1, 0xDB21, 0xE3A2,
  0xD342, 0xB241, 0xB1C0, 0xB1C0, 0xA9A0, 0xA180, 0x99C1, 0x9201, 0x81E1, 0x8221, 0x8AA2, 0x7282, 0x5222, 0x3A22, 0x2A02, 0x21A1,
  0x39E1, 0x62E2, 0x8B82, 0xABC2, 0xCC61, 0xEE03, 0xEE65, 0xCCA3, 0x9341, 0x62E1, 0x42C1, 0x22A1, 0x1AC1, 0x1B41, 0x1B22, 0x0A02,
  0x0181, 0x0141, 0x0101, 0x00C1, 0x0081, 0x0061, 0x0061, 0x08C3, 0x2A29, 0x436F, 0x4BB0, 0x438F, 0x3B0D, 0x328B, 0x19A7, 0x1125,
  0xBAC4, 0xE303, 0xD241, 0xC180, 0xB940, 0xC981, 0xD262, 0xD2E2, 0xC2A1, 0xCB21, 0xDBE1, 0xDC22, 0xDB61, 0xDB21, 0xE3C2, 0xE423,
  0xD3A3, 0xC2C2, 0xBA61, 0xBA61, 0xBA21, 0xA9E1, 0xA201, 0xAA81, 0xA281, 0xA2C1, 0xA322, 0x82C2, 0x4A22, 0x3202, 0x29E2, 0x29C1,
  0x4241, 0x6302, 0x8362, 0x9B81, 0xC461, 0xEE03, 0xEE24, 0xC482, 0x9361, 0x6AE1, 0x5321, 0x3301, 0x2301, 0x1B41, 0x1302, 0x0202,
  0x0182, 0x0141, 0x0101, 0x00C1, 0x0081, 0x0061, 0x0061, 0x08C3, 0x2A29, 0x4B8F, 0x4BF0, 0x4B8F, 0x3B0D, 0x328B, 0x21C8, 0x1125,
  0xBAE4, 0xE303, 0xD221, 0xC160, 0xC140, 0xD1A1, 0xDAA2, 0xD323, 0xCB02, 0xD3C1, 0xE4A2, 0xE4A2, 0xE3E2, 0xE3C2, 0xEC63, 0xEC83,
  0xDC03, 0xCB22, 0xCB01, 0xCB21, 0xC2A1, 0xAA01, 0xAA41, 0xBAE1, 0xBB01, 0xC341, 0xB342, 0x7AA2, 0x39E1, 0x29C1, 0x29C1, 0x3201,
  0x5281, 0x6B01, 0x7B21, 0x9341, 0xC461, 0xEE03, 0xE5C3, 0xABE1, 0x7AE1, 0x62C1, 0x6361, 0x5381, 0x3B81, 0x2382, 0x1302, 0x0222,
  0x0182, 0x0142, 0x0101, 0x00C1, 0x0081, 0x0061, 0x0061, 0x08C3, 0x2A29, 0x2A29, 0x5431, 0x5431, 0x3B0D, 0x32AB, 0x21E9, 0x1946,
  0xC2E3, 0xE303, 0xD241, 0xC981, 0xC980, 0xDA01, 0xDB03, 0xDB63, 0xD362, 0xDC42, 0xE503, 0xE4E3, 0xE422, 0xEC63, 0xF4E3, 0xECA4,
  0xE403, 0xD362, 0xD361, 0xD381, 0xC2E1, 0xA200, 0xAA41, 0xC301, 0xD381, 0xD3C1, 0xBB61, 0x7261, 0x3181, 0x2181, 0x31E1, 0x4241,
  0x5AC1, 0x62E1, 0x7B21, 0x9361, 0xC481, 0xEDE2, 0xD522, 0x8B01, 0x6220, 0x6281, 0x83C1, 0x8461, 0x5C21, 0x33C2, 0x1322, 0x0222,
  0x01A2, 0x0162, 0x0101, 0x00C1, 0x00A1, 0x0061, 0x0041, 0x08A3, 0x2A09, 0x2A09, 0x6BAF, 0x6BAF, 0x432E, 0x32AC, 0x2A29, 0x1966,
  0xC2E3, 0xE322, 0xDA61, 0xD1E1, 0xD1E1, 0xE262, 0xE343, 0xDB63, 0xDBA2, 0xE483, 0xED43, 0xED03, 0xE483, 0xF503, 0xF544, 0xECC3,
  0xE3E2, 0xDB41, 0xDB61, 0xD3A1, 0xBAE1, 0x9A00, 0xA240, 0xC321, 0xDC01, 0xDC62, 0xBBA1, 0x6A41, 0x3180, 0x29A1, 0x4241, 0x52A1,
  0x62E1, 0x6B01, 0x8341, 0x9BA1, 0xCCC1, 0xEDC1, 0xC4A1, 0x82C0, 0x6220, 0x6AC1, 0x9C41, 0xAD22, 0x7CA2, 0x3BE2, 0x1B43, 0x0A62,
  0x01C2, 0x0162, 0x0101, 0x00C1, 0x00A1, 0x0061, 0x0041, 0x08A3, 0x2A08, 0x2A08, 0x7C11, 0x52CB, 0x432E, 0x32CC, 0x2A2A, 0x1987,
  0xC2E3, 0xE322, 0xE2A2, 0xDA41, 0xE261, 0xE2E2, 0xE384, 0xD343, 0xD362, 0xE4A3, 0xED43, 0xED03, 0xECE3, 0xF5A4, 0xF5A4, 0xECC3,
  0xE382, 0xDB01, 0xDB41, 0xD381, 0xB2C0, 0x9A20, 0xAA81, 0xCBA1, 0xE4A2, 0xE4C2, 0xBBC1, 0x6A40, 0x31A0, 0x39E1, 0x5281, 0x5AE1,
  0x62E1, 0x7342, 0x93C2, 0xB421, 0xDD21, 0xEDC1, 0xC461, 0x8B01, 0x7AE1, 0x8361, 0xB4C2, 0xBD82, 0x84C2, 0x43E2, 0x1B63, 0x0AA3,
  0x01E2, 0x0162, 0x0101, 0x00C1, 0x00A1, 0x0061, 0x0061, 0x08A3, 0x29E8, 0x29E8, 0x5C52, 0x4249, 0x432E, 0x32AC, 0x2A2A, 0x1987,
  0xC2E3, 0xE342, 0xEB02, 0xE2C2, 0xEAC2, 0xEB23, 0xE363, 0xD2C2, 0xD342, 0xE483, 0xED23, 0xED03, 0xED44, 0xF625, 0xF5E4, 0xECC3,
  0xDB81, 0xD2E0, 0xD361, 0xD3A1, 0xB301, 0xA2C1, 0xBB61, 0xD462, 0xE543, 0xDCE2, 0xB3A1, 0x6A60, 0x41E0, 0x4A41, 0x5AC1, 0x5AC1,
  0x5AC1, 0x7B62, 0xA422, 0xCCC1, 0xEDA1, 0xEDA1, 0xC441, 0xA381, 0x9BA2, 0x9BE2, 0xB4C2, 0xB542, 0x84A2, 0x3BA2, 0x1B23, 0x0AA3,
  0x01E2, 0x0162, 0x00E1, 0x00C1, 0x00A1, 0x0061, 0x0061, 0x08A2, 0x29E8, 0x52AB, 0x6472, 0x39E8, 0x432E, 0x32AC, 0x2A2A, 0x2187,
  0xC2E2, 0xEB62, 0xEB42, 0xEB22, 0xF322, 0xEB63, 0xDB23, 0xCA62, 0xCB02, 0xE463, 0xED03, 0xED03, 0xED84, 0xF645, 0xEE24, 0xECE3,
  0xDBA1, 0xDB41, 0xDBC1, 0xD401, 0xC3A1, 0xBBC1, 0xCC62, 0xDD43, 0xE583, 0xD4A2, 0xAB61, 0x72A1, 0x5A81, 0x5AC1, 0x5AE1, 0x52A1,
  0x5AA1, 0x7B62, 0xB462, 0xDD41, 0xF601, 0xED81, 0xC441, 0xB3E1, 0xB442, 0xAC42, 0xA481, 0x9CA2, 0x7C62, 0x3B82, 0x12C2, 0x0283,
  0x0202, 0x0162, 0x0101, 0x00C1, 0x00C1, 0x0081, 0x0061, 0x08A2, 0x29E7, 0x2966, 0x2986, 0x31C7, 0x434E, 0x32AC, 0x2A4A, 0x21A7,
  0xC2E2, 0xEB83, 0xF383, 0xF363, 0xF363, 0xEB83, 0xDAE3, 0xC221, 0xCAE2, 0xDC23, 0xE4A3, 0xE4C3, 0xED85, 0xF645, 0xEE04, 0xE503,
  0xE401, 0xDBE1, 0xDC82, 0xDCC2, 0xD482, 0xD4C2, 0xDD42, 0xE5A3, 0xDD43, 0xC421, 0xA361, 0x8321, 0x7321, 0x6B21, 0x5AE1, 0x52A0,
  0x62E1, 0x83A1, 0xBC82, 0xE5A2, 0xF641, 0xED81, 0xD481, 0xCC81, 0xC4C2, 0xBCC2, 0xA461, 0x9441, 0x7C42, 0x4362, 0x12A2, 0x0262,
  0x0203, 0x0162, 0x0101, 0x00E1, 0x00C1, 0x0081, 0x0061, 0x08A2, 0x21C7, 0x18C3, 0x2125, 0x3186, 0x4B8F, 0x32CC, 0x2A4A, 0x21C7,
  0xC302, 0xE383, 0xF383, 0xF383, 0xF363, 0xEB83, 0xDAC2, 0xC201, 0xD2E2, 0xDC03, 0xE463, 0xE484, 0xE524, 0xEDE5, 0xEDE4, 0xE523,
  0xE482, 0xE4C2, 0xE563, 0xE563, 0xDD42, 0xE542, 0xE582, 0xE562, 0xD4A1, 0xB3A1, 0x9B61, 0x8B81, 0x7B61, 0x6B21, 0x6301, 0x6301,
  0x7B61, 0x9C21, 0xCCE2, 0xEDE2, 0xF662, 0xEDE2, 0xE522, 0xDD41, 0xDD61, 0xC541, 0x9C81, 0x8C41, 0x8462, 0x4B82, 0x12A2, 0x0242,
  0x0202, 0x0162, 0x0101, 0x00E1, 0x00E2, 0x00A1, 0x0061, 0x08A2, 0x21A7, 0x18A2, 0x6CD3, 0x2966, 0x53B0, 0x3AED, 0x326A, 0x21C8,
  0xC2E2, 0xE383, 0xEB83, 0xF363, 0xF382, 0xEBA3, 0xDAA2, 0xCA21, 0xD2E2, 0xDBA3, 0xDBE3, 0xDC03, 0xDC84, 0xE524, 0xED83, 0xED43,
  0xED02, 0xED83, 0xEE04, 0xE5C3, 0xE541, 0xE541, 0xE521, 0xDCC1, 0xC401, 0xA340, 0x9361, 0x8BA1, 0x7361, 0x6B41, 0x6B41, 0x7BA1,
  0x9C21, 0xBCA1, 0xDD21, 0xEDE2, 0xFE63, 0xF664, 0xF603, 0xEDE1, 0xDDA1, 0xBD21, 0x8421, 0x7401, 0x7C62, 0x4BA2, 0x12A2, 0x0263,
  0x0223, 0x0182, 0x0102, 0x00E1, 0x00E2, 0x00A2, 0x0061, 0x08A2, 0x2186, 0x1882, 0x18C3, 0x2945, 0x3186, 0x3AED, 0x326B, 0x21C8,
  0xBAC2, 0xE342, 0xEB62, 0xF362, 0xF3A2, 0xEBA3, 0xDAA1, 0xD241, 0xD2E2, 0xDB22, 0xD342, 0xD342, 0xD3A3, 0xDC83, 0xE543, 0xED63,
  0xED83, 0xF624, 0xEE44, 0xE582, 0xDCE1, 0xE4E1, 0xDCA1, 0xCC20, 0xAB80, 0x9300, 0x8B41, 0x8BA1, 0x7B81, 0x7B81, 0x8C01, 0xA481,
  0xBD01, 0xD541, 0xE581, 0xF5E2, 0xFE63, 0xFEC5, 0xF683, 0xEE01, 0xCD81, 0x9CA1, 0x5B81, 0x5381, 0x6422, 0x43A2, 0x12C2, 0x02A3,
  0x0243, 0x0182, 0x0122, 0x0102, 0x00E2, 0x00A2, 0x0081, 0x08A2, 0x2186, 0x1882, 0x18A2, 0x2924, 0x53F0, 0x3B0D, 0x326B, 0x21C8,
  0xBA82, 0xDB22, 0xEB62, 0xF382, 0xF3E3, 0xEBA2, 0xDAC1, 0xD261, 0xD2A1, 0xD2A1, 0xD281, 0xCA81, 0xD302, 0xDC02, 0xE543, 0xEDA3,
  0xEE04, 0xF684, 0xEE23, 0xE502, 0xDC61, 0xDC60, 0xD440, 0xBBC0, 0x9B20, 0x82E0, 0x8B61, 0x9BE1, 0x93E1, 0x9421, 0xACC2, 0xC542,
  0xDDC2, 0xEDE2, 0xF5E2, 0xF602, 0xFE63, 0xF6C4, 0xEE63, 0xD581, 0xACE1, 0x7C21, 0x4341, 0x3B62, 0x4C23, 0x33A3, 0x0AC2, 0x02A3,
  0x0263, 0x01A2, 0x0122, 0x00E2, 0x00E2, 0x00C2, 0x0081, 0x0882, 0x1966, 0x2081, 0x1882, 0x20E4, 0x5411, 0x3B0D, 0x328B, 0x21E8,
  0xB261, 0xDB02, 0xEB82, 0xF3C2, 0xF402, 0xEBC2, 0xE2C1, 0xDA81, 0xD241, 0xCA01, 0xCA01, 0xCA41, 0xCAC1, 0xDC02, 0xE583, 0xEE24,
  0xEE64, 0xF684, 0xEDE3, 0xDCC1, 0xD441, 0xDC60, 0xCC20, 0xB3A0, 0x9320, 0x8301, 0x9BA1, 0xB4A2, 0xB4A2, 0xB4A2, 0xCD42, 0xDE03,
  0xEE63, 0xF683, 0xFE83, 0xFE63, 0xF643, 0xEE63, 0xCDC2, 0xA4A1, 0x7C01, 0x53A1, 0x3341, 0x33A2, 0x3C43, 0x23A3, 0x0AC2, 0x0283,
  0x0263, 0x01A2, 0x0122, 0x00E2, 0x00E2, 0x00A2, 0x0081, 0x0882, 0x1965, 0x2061, 0x1861, 0x20C3, 0x5C31, 0x432D, 0x328B, 0x2A09,
  0xAA21, 0xDB22, 0xF3C2, 0xF402, 0xF422, 0xF3A2, 0xE2C1, 0xDA61, 0xCA00, 0xC1A0, 0xC9E0, 0xD240, 0xD301, 0xDC82, 0xEDE4, 0xEE84,
  0xEEC4, 0xF6A4, 0xEDC2, 0xDD02, 0xDCC2, 0xDCC1, 0xCC81, 0xBC01, 0xA3A1, 0x9B81, 0xB462, 0xCD43, 0xCD22, 0xCD02, 0xDDA3, 0xEE84,
  0xF6E5, 0xFF05, 0xFF05, 0xF6A4, 0xE623, 0xCDA3, 0x9CA2, 0x6B81, 0x4321, 0x3301, 0x2B21, 0x33E2, 0x3C64, 0x23A3, 0x02A2, 0x0262,
  0x0243, 0x01C2, 0x0122, 0x00E1, 0x00E2, 0x00C2, 0x0081, 0x0882, 0x1945, 0x2061, 0x2061, 0x1882, 0x2104, 0x432E, 0x328B, 0x2A09,
  0xAA21, 0xDB62, 0xF422, 0xFC42, 0xF422, 0xF381, 0xE2C0, 0xDA40, 0xC9A0, 0xC9A0, 0xD220, 0xDAC0, 0xDBA1, 0xE503, 0xEE44, 0xEEC4,
  0xEEE4, 0xF6A4, 0xEE03, 0xE583, 0xE5A3, 0xE582, 0xD522, 0xCCE2, 0xBCA3, 0xB4A3, 0xCD64, 0xE604, 0xE5C3, 0xDDA2, 0xEE24, 0xF6E6,
  0xFF47, 0xFF47, 0xEEE6, 0xE665, 0xC583, 0x9C82, 0x73A2, 0x4301, 0x2AA1, 0x1AA1, 0x22E1, 0x33E3, 0x3C64, 0x1BA3, 0x02A2, 0x0242,
  0x0222, 0x01C2, 0x0142, 0x0102, 0x00E2, 0x08C2, 0x0081, 0x0882, 0x1925, 0x2041, 0x2040, 0x1861, 0x20C3, 0x434E, 0x32AB, 0x2A29,
  0xB261, 0xE3E2, 0xF462, 0xFC62, 0xF402, 0xF341, 0xE2A0, 0xDA20, 0xC9A0, 0xC9C0, 0xDAA0, 0xE381, 0xE462, 0xE5A3, 0xEE84, 0xEEC4,
  0xEEE4, 0xEEA4, 0xEE43, 0xEE23, 0xEE44, 0xEE03, 0xE5C3, 0xDDA4, 0xD5A4, 0xD5C5, 0xE625, 0xF685, 0xEE64, 0xEE64, 0xEE85, 0xF707,
  0xF728, 0xEEE7, 0xD626, 0xBD64, 0x9C83, 0x73A2, 0x5B41, 0x3AE1, 0x22C1, 0x1AA1, 0x1AE1, 0x2BC2, 0x3C64, 0x1B83, 0x02A2, 0x0222,
  0x01E2, 0x01C3, 0x0142, 0x0102, 0x0102, 0x08C2, 0x0881, 0x0882, 0x1904, 0x4B0C, 0x2020, 0x1840, 0x2082, 0x436E, 0x32AB, 0x2A29,
  0xB2C1, 0xEC22, 0xFC82, 0xFC62, 0xF3E1, 0xF321, 0xE2A0, 0xDA20, 0xD1C0, 0xDA20, 0xE341, 0xE421, 0xE522, 0xE603, 0xE664, 0xE684,
  0xE684, 0xE644, 0xE623, 0xE644, 0xE664, 0xE623, 0xE603, 0xE604, 0xE625, 0xE645, 0xEE65, 0xF6A4, 0xF6C5, 0xEEA5, 0xE665, 0xE686,
  0xE687, 0xD5E5, 0xACE3, 0x9442, 0x83C2, 0x6341, 0x4B01, 0x3AE1, 0x2B01, 0x2B21, 0x2B41, 0x33C2, 0x3423, 0x1B82, 0x02A2, 0x0202,
  0x01C2, 0x01A2, 0x0162, 0x0102, 0x0902, 0x08E2, 0x0881, 0x0881, 0x1104, 0x4ACB, 0x2020, 0x2020, 0x1861, 0x4B8F, 0x32CC, 0x2A4A,
  0xBB22, 0xEC62, 0xFC82, 0xFC41, 0xF3C1, 0xF321, 0xEAC0, 0xDA20, 0xDA00, 0xE2A0, 0xEBC1, 0xE4A2, 0xE562, 0xDDE3, 0xDE03, 0xCDC3,
  0xCDC3, 0xCDA3, 0xD5A3, 0xD5C4, 0xD5C4, 0xD583, 0xD583, 0xDDC4, 0xDDE4, 0xDDE4, 0xDDE4, 0xE624, 0xE685, 0xD625, 0xBD64, 0xBD44,
  0xC564, 0xB4E3, 0x93E2, 0x83A2, 0x7BA1, 0x6341, 0x4B01, 0x3AE1, 0x3B21, 0x43A2, 0x3BA2, 0x33C2, 0x3403, 0x1B62, 0x0282, 0x0202,
  0x01A2, 0x01A2, 0x0162, 0x0122, 0x0902, 0x08E2, 0x08A2, 0x0882, 0x10E3, 0x42AA, 0x3020, 0x2020, 0x1840, 0x4BAF, 0x3ACC, 0x326A,
  0xBB42, 0xEC62, 0xF462, 0xF442, 0xF3C1, 0xF341, 0xEAC0, 0xDA40, 0xDA40, 0xE300, 0xE3E1, 0xDCA2, 0xDD22, 0xD542, 0xC502, 0xB4A2,
  0xAC82, 0xB4A2, 0xBCA3, 0xBCC3, 0xBCA3, 0xBCA2, 0xBCC3, 0xC503, 0xCD43, 0xC503, 0xB4E2, 0xBD43, 0xC5A4, 0xAD04, 0x9423, 0x9403,
  0xA463, 0xAC62, 0x93E2, 0x9402, 0x8C22, 0x73A1, 0x5321, 0x4321, 0x4341, 0x3B81, 0x3362, 0x2B82, 0x2BC2, 0x1B42, 0x0AA2, 0x0202,
  0x0181, 0x0182, 0x0162, 0x0102, 0x0902, 0x08E2, 0x08A2, 0x0881, 0x10E3, 0x428A, 0x4000, 0x2820, 0x2040, 0x53CF, 0x3ACC, 0x326A,
  0xC362, 0xEC42, 0xF482, 0xFC62, 0xF3E1, 0xF340, 0xEAC0, 0xE260, 0xE280, 0xE341, 0xDBC1, 0xD441, 0xCC82, 0xBC62, 0xA3E1, 0x8B41,
  0x8B61, 0x9BA2, 0xABC2, 0xA3C2, 0xA3A2, 0xA3E2, 0xB442, 0xBCA3, 0xBC83, 0x9C02, 0x8BC2, 0x9C62, 0xA4C3, 0x9423, 0x7B83, 0x7B82,
  0x93C2, 0xA442, 0xA443, 0xAC83, 0xA4A2, 0x8C22, 0x6B81, 0x5B61, 0x4341, 0x2B01, 0x22E1, 0x2321, 0x2382, 0x1B42, 0x0AA2, 0x0222,
  0x0181, 0x0162, 0x0142, 0x0102, 0x0902, 0x08E2, 0x0882, 0x0881, 0x10C3, 0x4269, 0x5000, 0x3020, 0x2020, 0x53D0, 0x3ACC, 0x2A4A,
  0xC362, 0xEC42, 0xF482, 0xFC82, 0xF3E1, 0xEB20, 0xE2A0, 0xDA60, 0xE2C1, 0xDB61, 0xD3A1, 0xC3C1, 0xBBE1, 0xABA1, 0x82C1, 0x6A40,
  0x7A81, 0x9301, 0x9B21, 0x9B21, 0x9B61, 0xABE2, 0xB463, 0xBCA3, 0xAC23, 0x8361, 0x7341, 0x83C2, 0x83E3, 0x7BC3, 0x83A3, 0x8382,
  0x93C2, 0xA422, 0xAC43, 0xAC63, 0xAC82, 0x9C62, 0x8422, 0x6BC1, 0x3B21, 0x1AA1, 0x12A0, 0x1AE1, 0x2362, 0x1B42, 0x0AC2, 0x0222,
  0x01A1, 0x0161, 0x0122, 0x0102, 0x0902, 0x08E2, 0x0881, 0x0861, 0x10C3, 0x3A49, 0x6020, 0x3820, 0x2820, 0x53F0, 0x3AEC, 0x2A4A,
  0xC362, 0xEC63, 0xFCC3, 0xFC62, 0xF3A1, 0xE2C0, 0xDA60, 0xDA81, 0xE341, 0xDBC2, 0xCBE2, 0xC3C1, 0xBBC1, 0xA361, 0x7A61, 0x6A00,
  0x7A61, 0x9301, 0xA321, 0xA361, 0xAC02, 0xBCC3, 0xCD03, 0xC4C3, 0xA3E2, 0x7321, 0x6B21, 0x6B62, 0x6B42, 0x6B42, 0x83C2, 0x9402,
  0xA423, 0xAC43, 0x93E2, 0x93C2, 0x9C02, 0xA482, 0x9C82, 0x6BE2, 0x3B21, 0x1AA1, 0x1280, 0x1AE1, 0x2341, 0x1B22, 0x0AC2, 0x0222,
  0x01A1, 0x0141, 0x0121, 0x0122, 0x0122, 0x08E2, 0x08A1, 0x0861, 0x10A2, 0x3A28, 0x7020, 0x4020, 0x2820, 0x1820, 0x3B0C, 0x326A,
  0xC362, 0xEC83, 0xF4C3, 0xF442, 0xEB41, 0xDA80, 0xD240, 0xDB01, 0xE402, 0xDC82, 0xD442, 0xCC01, 0xBC22, 0xA382, 0x7A81, 0x7261,
  0x8AE1, 0xA361, 0xAB81, 0xBC02, 0xC4E3, 0xD5A4, 0xD584, 0xBCA3, 0x93A2, 0x6B01, 0x5AE2, 0x52C2, 0x4A81, 0x52A1, 0x7B82, 0xA443,
  0xB4A4, 0x9C23, 0x8382, 0x8361, 0x9BE2, 0xA482, 0x9482, 0x63E1, 0x3301, 0x12A0, 0x12A0, 0x2301, 0x2361, 0x1B21, 0x0AA1, 0x0201,
  0x0181, 0x0141, 0x0121, 0x0122, 0x0122, 0x0902, 0x08A2, 0x0881, 0x10A2, 0x31E7, 0x7820, 0x4020, 0x2820, 0x2020, 0x432D, 0x328A,
  0xC383, 0xECA4, 0xF4A3, 0xF3E1, 0xE301, 0xDA60, 0xD2A1, 0xDBE2, 0xED03, 0xE543, 0xDCC2, 0xD4A2, 0xCCA2, 0xB402, 0x9341, 0x9321,
  0xABA1, 0xBBE1, 0xBC01, 0xCCC2, 0xDDC4, 0xE644, 0xDDC3, 0xB462, 0x8341, 0x5AC1, 0x4A81, 0x3A61, 0x3201, 0x4A61, 0x7342, 0x9C43,
  0xA4A4, 0x8BE3, 0x7B62, 0x8BA2, 0x93E1, 0x9401, 0x7C01, 0x5381, 0x2B01, 0x12A1, 0x1AA0, 0x2B21, 0x2B81, 0x1B41, 0x0A81, 0x01E1,
  0x0161, 0x0121, 0x0121, 0x0142, 0x0943, 0x0923, 0x08C2, 0x0881, 0x10A2, 0x31E7, 0x6820, 0x3800, 0x2820, 0x2020, 0x436D, 0x32AB,
  0xC3A3, 0xEC84, 0xF442, 0xEBA1, 0xE321, 0xDAE1, 0xDB82, 0xED04, 0xF604, 0xEDE3, 0xE562, 0xE542, 0xDD43, 0xC4A2, 0xB422, 0xB422,
  0xC482, 0xCCA2, 0xD4C2, 0xDD83, 0xE624, 0xEE64, 0xDDA3, 0xAC21, 0x72E1, 0x4A61, 0x3A41, 0x3221, 0x3A21, 0x4A82, 0x6322, 0x83E3,
  0x8403, 0x7BA2, 0x83A2, 0x8BE1, 0x83A1, 0x6B61, 0x5B61, 0x4341, 0x22E1, 0x1AA1, 0x1AC0, 0x2B61, 0x33C1, 0x2361, 0x0AA1, 0x01E1,
  0x0161, 0x0121, 0x0121, 0x0142, 0x0963, 0x0943, 0x08C2, 0x0881, 0x08A2, 0x29C7, 0x5000, 0x3000, 0x2820, 0x2020, 0x4B6E, 0x32AB,
  0xC3C3, 0xE423, 0xEC02, 0xEBC1, 0xE3A1, 0xDBC2, 0xE4A3, 0xF625, 0xF6A5, 0xF643, 0xEDE3, 0xEDE3, 0xE5C3, 0xD543, 0xCCE2, 0xD522,
  0xD563, 0xD543, 0xDD62, 0xE5E3, 0xE624, 0xE624, 0xD562, 0x9BE1, 0x62C0, 0x4241, 0x3A21, 0x3A42, 0x4282, 0x4AA2, 0x5AE2, 0x6342,
  0x6342, 0x7362, 0x83C2, 0x83C1, 0x6341, 0x4B01, 0x4321, 0x3B41, 0x2B01, 0x1AC1, 0x1AE1, 0x3381, 0x3BE1, 0x2382, 0x0AC2, 0x0201,
  0x0161, 0x0121, 0x0101, 0x0122, 0x0963, 0x0943, 0x08E2, 0x0881, 0x08A2, 0x29C6, 0x4000, 0x3000, 0x2820, 0x2020, 0x4B8E, 0x32AB,
  0xBB63, 0xE3E3, 0xEC02, 0xEC42, 0xEC62, 0xECC2, 0xF5E4, 0xFEC5, 0xFEE4, 0xF683, 0xF663, 0xF664, 0xEE24, 0xE5A3, 0xDD62, 0xDDA3,
  0xE604, 0xE604, 0xE5E3, 0xE5E3, 0xDDA3, 0xD583, 0xBCC2, 0x8BA1, 0x62E1, 0x4A81, 0x4261, 0x4282, 0x4AA2, 0x4A82, 0x4AA2, 0x4AC2,
  0x52E2, 0x6B42, 0x7BA1, 0x7381, 0x5B41, 0x4B41, 0x4381, 0x3B61, 0x2B21, 0x1AE1, 0x2301, 0x2B81, 0x2BC2, 0x1B82, 0x0B02, 0x0241,
  0x0181, 0x0141, 0x0101, 0x0121, 0x0162, 0x0943, 0x08C2, 0x0881, 0x08A2, 0x29A6, 0x3800, 0x2820, 0x2020, 0x2040, 0x4B8E, 0x32CB,
  0xBB22, 0xDBC2, 0xF482, 0xF502, 0xF542, 0xF5E3, 0xFEC5, 0xFF05, 0xFEE4, 0xFEA4, 0xF6C4, 0xF6C4, 0xF664, 0xEDE3, 0xE5A3, 0xE604,
  0xE665, 0xE644, 0xE623, 0xDDA3, 0xC502, 0xBC82, 0xA401, 0x7B61, 0x6B21, 0x5AE2, 0x52A2, 0x52C2, 0x52C2, 0x4AA2, 0x4A81, 0x4A81,
  0x52C1, 0x6321, 0x6B61, 0x6361, 0x63C2, 0x6402, 0x5402, 0x3BA1, 0x2321, 0x1AE1, 0x1B01, 0x2341, 0x1B61, 0x1362, 0x1322, 0x0A81,
  0x01A1, 0x0141, 0x0121, 0x0121, 0x0142, 0x0943, 0x08E2, 0x0881, 0x08A2, 0x2186, 0x3020, 0x2020, 0x2020, 0x2020, 0x4BAF, 0x3ACB,
  0xBB02, 0xE402, 0xF502, 0xF5A3, 0xF623, 0xFEA4, 0xFF05, 0xFEE5, 0xF6A4, 0xF6C5, 0xF6E5, 0xF6C5, 0xEE64, 0xEDE3, 0xE5C3, 0xE625,
  0xE666, 0xE645, 0xDDE4, 0xCD03, 0xAC02, 0x93A1, 0x8361, 0x7321, 0x7362, 0x7382, 0x7342, 0x7362, 0x7342, 0x62E2, 0x5AA1, 0x5AA1,
  0x62C1, 0x62E1, 0x6321, 0x6381, 0x7422, 0x7482, 0x5C42, 0x3B81, 0x1B01, 0x12C1, 0x1301, 0x1B21, 0x1341, 0x1362, 0x1342, 0x0A81,
  0x01A1, 0x0141, 0x0121, 0x0121, 0x0142, 0x0943, 0x08E2, 0x0882, 0x08A2, 0x2165, 0x2820, 0x2020, 0x1820, 0x2020, 0x53CF, 0x3AEC,
  0xBB02, 0xE462, 0xF5A3, 0xFE43, 0xFEA4, 0xFEE5, 0xFEE5, 0xF664, 0xF644, 0xF6A5, 0xF6A5, 0xEE65, 0xE5E3, 0xE583, 0xDD63, 0xDDA4,
  0xDDC5, 0xD5A4, 0xCD23, 0xAC22, 0x8B21, 0x7AE1, 0x72E1, 0x7301, 0x7B62, 0x8BC2, 0x9403, 0x9C23, 0x93C3, 0x8342, 0x7B02, 0x7B01,
  0x7AE1, 0x6AE1, 0x6301, 0x6BC1, 0x7C82, 0x74A2, 0x5C42, 0x3381, 0x1AE0, 0x12E1, 0x1B41, 0x2B82, 0x2382, 0x1B62, 0x1322, 0x0A81,
  0x01A1, 0x0141, 0x0121, 0x0121, 0x0142, 0x0943, 0x08E2, 0x0882, 0x08A2, 0x2145, 0x2840, 0x2020, 0x1820, 0x2020, 0x5BF0, 0x3AEC,
  0xBB42, 0xE4E3, 0xF603, 0xFE84, 0xFEA4, 0xFEA5, 0xF645, 0xEDC4, 0xEDC4, 0xEE05, 0xE5E5, 0xDD64, 0xD4E3, 0xD4A2, 0xCCA2, 0xC4C3,
  0xC4C4, 0xC4A3, 0xB423, 0x9B41, 0x82A1, 0x7AA1, 0x72C1, 0x7301, 0x8342, 0x93C2, 0xAC43, 0xB463, 0xABE3, 0x9B82, 0x9B42, 0x9301,
  0x82C1, 0x6AA1, 0x62E1, 0x6BA2, 0x7442, 0x6C62, 0x53E2, 0x3361, 0x2301, 0x2341, 0x33C1, 0x4C42, 0x4C23, 0x33A2, 0x2342, 0x1282,
  0x01A1, 0x0141, 0x0121, 0x0101, 0x0142, 0x0943, 0x08E2, 0x08A2, 0x08A2, 0x2145, 0x5B4D, 0x2020, 0x1820, 0x2020, 0x5C30, 0x3B0C,
  0xBB82, 0xE523, 0xF604, 0xF664, 0xF664, 0xF5E4, 0xED43, 0xE4C3, 0xDCE4, 0xDD04, 0xCCA3, 0xC422, 0xC3C2, 0xC3A1, 0xBBA2, 0xAB82,
  0xAB82, 0xAB82, 0xAB42, 0x92C1, 0x8AA1, 0x8AC1, 0x82E1, 0x7AE1, 0x8301, 0x9362, 0xB402, 0xC423, 0xBBE2, 0xBBA2, 0xAB42, 0x92C1,
  0x7A61, 0x5A41, 0x5281, 0x5B22, 0x5BA2, 0x53A2, 0x4361, 0x2B21, 0x2321, 0x2B61, 0x4402, 0x6483, 0x6463, 0x43E2, 0x2B42, 0x1262,
  0x01A1, 0x0121, 0x0101, 0x0101, 0x0122, 0x0943, 0x08E2, 0x08A2, 0x08A2, 0x1945, 0x5B2C, 0x2020, 0x2020, 0x2020, 0x2020, 0x432D,
  0xBBC2, 0xDD23, 0xF5E4, 0xF604, 0xEDA4, 0xE4E3, 0xDC22, 0xD3E2, 0xD403, 0xCBE2, 0xBB62, 0xB301, 0xB2C1, 0xB2C1, 0xAAC1, 0xA2A1,
  0xA2E2, 0xB322, 0xB321, 0xAB01, 0xA300, 0xA321, 0x9301, 0x7AC1, 0x7AA1, 0x8AE1, 0xAB62, 0xC3C2, 0xCBC2, 0xC382, 0xAAC1, 0x8241,
  0x6201, 0x49E1, 0x4241, 0x4AC2, 0x4B02, 0x4301, 0x2AC1, 0x22C1, 0x2301, 0x2341, 0x3BA2, 0x5422, 0x5422, 0x3BC2, 0x2322, 0x1241,
  0x0161, 0x0101, 0x0101, 0x0101, 0x0122, 0x0943, 0x0902, 0x00A2, 0x08A2, 0x1924, 0x2860, 0x2040, 0x2020, 0x2040, 0x2840, 0x436D,
  0xB3C3, 0xDCE3, 0xED84, 0xED43, 0xE4A2, 0xDBC2, 0xD361, 0xCB61, 0xCB61, 0xC321, 0xB281, 0xB240, 0xBA60, 0xBA81, 0xAA61, 0xA261,
  0xB2E1, 0xC361, 0xC381, 0xC361, 0xBB61, 0xB361, 0x9B21, 0x7A81, 0x7241, 0x8261, 0xAAE1, 0xCB82, 0xDBC2, 0xCB41, 0xA281, 0x7A20,
  0x59E0, 0x4A01, 0x5261, 0x52E2, 0x4B02, 0x3AC2, 0x2A61, 0x22A1, 0x22E2, 0x1AE1, 0x1AE1, 0x2B41, 0x2B82, 0x2B82, 0x2322, 0x0A41,
  0x0161, 0x0121, 0x0101, 0x0101, 0x0122, 0x0143, 0x0102, 0x08A2, 0x0882, 0x1904, 0x52EB, 0x2020, 0x2020, 0x2020, 0x2040, 0x4BAE,
  0xAB82, 0xD4A3, 0xE4E3, 0xE482, 0xDBC1, 0xD361, 0xD321, 0xD341, 0xD361, 0xC2E1, 0xBA40, 0xBA20, 0xC280, 0xC2C1, 0xBAC1, 0xBAC1,
  0xCB41, 0xD3A2, 0xDBE1, 0xD3E1, 0xD3C1, 0xBB81, 0x9B01, 0x7A61, 0x7221, 0x8A41, 0xB2E1, 0xD3A1, 0xE3E1, 0xD381, 0xAAC0, 0x8A60,
  0x7261, 0x6AA1, 0x6302, 0x6322, 0x5B42, 0x42C2, 0x2A61, 0x2AC2, 0x2AE2, 0x1AA1, 0x0A61, 0x12A1, 0x1B21, 0x2382, 0x1B22, 0x0A41,
  0x0181, 0x0121, 0x0101, 0x0101, 0x0142, 0x0143, 0x0102, 0x00A2, 0x0882, 0x1904, 0x4ACB, 0x2040, 0x2020, 0x2020, 0x2020, 0x53EF,
  0xAB42, 0xCC42, 0xE482, 0xDC21, 0xDBA1, 0xDB81, 0xDBA1, 0xDBE1, 0xDBA1, 0xD2E1, 0xCA60, 0xCA60, 0xD2E1, 0xD342, 0xCB22, 0xCAE1,
  0xD341, 0xDBC2, 0xE401, 0xDC21, 0xD3E1, 0xBB61, 0x92C2, 0x7A62, 0x8242, 0x9AA1, 0xC381, 0xE442, 0xEC61, 0xDC01, 0xBB40, 0xA301,
  0x8B21, 0x7B42, 0x7362, 0x6363, 0x5323, 0x3AC2, 0x2A82, 0x32E2, 0x3302, 0x1A61, 0x0A21, 0x0A60, 0x1AE1, 0x2362, 0x1B22, 0x0A41,
  0x0181, 0x0121, 0x0101, 0x0101, 0x0122, 0x0142, 0x0102, 0x00A2, 0x0882, 0x10E3, 0x4ACA, 0x2020, 0x2020, 0x2020, 0x1820, 0x5410,
  0xA301, 0xCC01, 0xDC62, 0xE441, 0xE421, 0xE441, 0xEC81, 0xEC81, 0xE3E1, 0xDB01, 0xDAA0, 0xDAE1, 0xDB42, 0xDB82, 0xD322, 0xCAE1,
  0xD301, 0xDB82, 0xDBE2, 0xD402, 0xC3C1, 0xAB22, 0x8AA2, 0x8262, 0x9AA2, 0xBB42, 0xDC22, 0xECC2, 0xECC1, 0xDC41, 0xBBA1, 0xA361,
  0x9382, 0x8382, 0x6B63, 0x5323, 0x42A2, 0x3262, 0x3282, 0x3B02, 0x32E2, 0x1241, 0x0A01, 0x0A21, 0x12C1, 0x2322, 0x1B02, 0x0A41,
  0x0181, 0x0121, 0x00E1, 0x00E1, 0x0122, 0x0142, 0x0102, 0x00A2, 0x0882, 0x1904, 0x4ACA, 0x2020, 0x1820, 0x1820, 0x1820, 0x5C10,
  0xA321, 0xCC22, 0xE4A2, 0xECC1, 0xED01, 0xF522, 0xF542, 0xF4C2, 0xEBE1, 0xE321, 0xE2E1, 0xDB01, 0xDB62, 0xD362, 0xCB02, 0xCAA1,
  0xCAA1, 0xCB01, 0xCB62, 0xC382, 0xB342, 0x92C2, 0x8262, 0x8A62, 0xAB22, 0xD402, 0xE4A2, 0xECC2, 0xDC81, 0xBBE1, 0x9B61, 0x8B41,
  0x7B62, 0x6B42, 0x5302, 0x3A82, 0x2A21, 0x2A42, 0x32C2, 0x3302, 0x22A2, 0x1221, 0x01E1, 0x0A01, 0x1261, 0x1AE2, 0x1AE2, 0x0A21,
  0x0161, 0x0121, 0x00E1, 0x00E1, 0x0122, 0x0962, 0x0922, 0x08C2, 0x08A2, 0x1904, 0x4ACB, 0x1820, 0x1820, 0x1820, 0x1820, 0x5C10,
  0xA341, 0xCC62, 0xED22, 0xF562, 0xF5C2, 0xF5C3, 0xF583, 0xF4C2, 0xEBC1, 0xEB41, 0xE301, 0xDAE1, 0xDB22, 0xD342, 0xCAE2, 0xC281,
  0xBA41, 0xB281, 0xB2C2, 0xAAE2, 0x92A2, 0x7A42, 0x7202, 0x8A82, 0xBB82, 0xDC63, 0xE4C3, 0xD442, 0xB3A1, 0x8B01, 0x6AC1, 0x62E2,
  0x5AE2, 0x4AE2, 0x42A2, 0x3262, 0x2241, 0x2A82, 0x32C2, 0x2AA2, 0x1A41, 0x09E1, 0x01C1, 0x01C1, 0x0A01, 0x1261, 0x1282, 0x0A01,
  0x0161, 0x0121, 0x00E1, 0x00E1, 0x0122, 0x0983, 0x0943, 0x08E2, 0x08A2, 0x1924, 0x4ACA, 0x1820, 0x1820, 0x1820, 0x1820, 0x5430,
  0xA361, 0xD4C2, 0xED82, 0xF603, 0xFE43, 0xFE03, 0xF543, 0xF442, 0xEBA1, 0xEB41, 0xDAE1, 0xD2C1, 0xD321, 0xD342, 0xCAE2, 0xBA41,
  0xAA01, 0xA221, 0x9A62, 0x9262, 0x7A22, 0x61C2, 0x61C1, 0x8AA2, 0xBBC3, 0xCC63, 0xC442, 0xA381, 0x72A1, 0x5241, 0x4A21, 0x4261,
  0x4282, 0x42A2, 0x42C2, 0x32A2, 0x2A81, 0x2A82, 0x22A2, 0x1A62, 0x1242, 0x0A21, 0x0A01, 0x01E1, 0x01E1, 0x0A21, 0x1262, 0x0A01,
  0x0181, 0x0121, 0x0101, 0x0101, 0x0142, 0x0983, 0x0963, 0x0902, 0x08C2, 0x1924, 0x42AA, 0x1820, 0x1820, 0x1820, 0x1820, 0x5C30,
  0xABA2, 0xD4E3, 0xEDE3, 0xF663, 0xFE44, 0xFDA3, 0xF4A2, 0xF3E1, 0xEBA1, 0xE361, 0xDB01, 0xDB01, 0xDB41, 0xDB62, 0xCAE1, 0xBA41,
  0xAA21, 0xA241, 0x9A62, 0x7A22, 0x59C1, 0x5181, 0x61E1, 0x8AC2, 0xABA3, 0xABC3, 0x8B42, 0x6A81, 0x4A00, 0x39E0, 0x3201, 0x3A41,
  0x4AA2, 0x5302, 0x5322, 0x4B02, 0x3AA1, 0x3281, 0x32A1, 0x2AA2, 0x22A2, 0x1262, 0x0A42, 0x0221, 0x0201, 0x0221, 0x0A62, 0x0A22,
  0x0181, 0x0141, 0x0101, 0x0101, 0x0142, 0x0983, 0x0963, 0x0902, 0x08C2, 0x1104, 0x3A8A, 0x1820, 0x1020, 0x1020, 0x1820, 0x5C51,
  0xA3A2, 0xD523, 0xEE04, 0xF644, 0xF5C3, 0xF4E2, 0xF442, 0xF401, 0xEBE1, 0xE3A1, 0xE381, 0xE3A1, 0xE3A1, 0xDB61, 0xD301, 0xC2C1,
  0xBAE1, 0xAAE2, 0x9282, 0x69E1, 0x5181, 0x59A1, 0x7242, 0x8AC2, 0x8B02, 0x7AC2, 0x6261, 0x4A01, 0x39E1, 0x39E0, 0x3A21, 0x4AA1,
  0x6342, 0x7BC2, 0x7BC2, 0x6B82, 0x5B21, 0x5321, 0x5B61, 0x5B82, 0x4B42, 0x2AE2, 0x1282, 0x0A41, 0x0241, 0x0261, 0x0A82, 0x0A42,
  0x01C1, 0x0141, 0x0121, 0x0121, 0x0142, 0x0983, 0x0963, 0x0902, 0x08A2, 0x10E3, 0x3A49, 0x1820, 0x1020, 0x1000, 0x1020, 0x64B2,
  0xA3C2, 0xCD03, 0xEDC4, 0xF5A3, 0xF502, 0xF482, 0xF462, 0xF462, 0xF482, 0xEC62, 0xEC41, 0xEC21, 0xEBE1, 0xE3A1, 0xDBA1, 0xDBC2,
  0xD3E2, 0xBB82, 0x92C2, 0x7201, 0x61E1, 0x7242, 0x8AA2, 0x8AC2, 0x7A82, 0x6221, 0x5201, 0x4A01, 0x4A21, 0x5261, 0x5AC1, 0x7362,
  0x9403, 0x9C63, 0x9C62, 0x9422, 0x83E1, 0x8C21, 0x9CA1, 0x9CE2, 0x7C42, 0x4B61, 0x22C1, 0x0A82, 0x0282, 0x02A2, 0x0AA2, 0x0A62,
  0x01C1, 0x0141, 0x0121, 0x0121, 0x0142, 0x0962, 0x0942, 0x08E2, 0x08A2, 0x10E3, 0x3228, 0x1820, 0x1020, 0x1000, 0x1000, 0x1020,
  0xA3A3, 0xCCC3, 0xE503, 0xECE2, 0xF482, 0xF4A2, 0xFCE3, 0xFD23, 0xF523, 0xF523, 0xF4E2, 0xF481, 0xF441, 0xEC61, 0xECA2, 0xECE3,
  0xE4E3, 0xC443, 0xA342, 0x8AC1, 0x92C2, 0x9B22, 0xA342, 0x9322, 0x82E2, 0x7281, 0x6261, 0x6281, 0x72E1, 0x8361, 0x93C2, 0xA443,
  0xB4A3, 0xB4A3, 0xAC82, 0xA462, 0x9C61, 0xB4E1, 0xC5A1, 0xCDE1, 0xA521, 0x6C01, 0x3321, 0x12A1, 0x0AA2, 0x0AA2, 0x0AA2, 0x0A62,
  0x01C1, 0x0141, 0x0101, 0x0101, 0x0142, 0x0142, 0x0942, 0x08E2, 0x08A2, 0x10E3, 0x3208, 0x1820, 0x1000, 0x1000, 0x1000, 0x1000,
  0x9B62, 0xC402, 0xDC62, 0xEC82, 0xF4C3, 0xFD23, 0xFD83, 0xFDA4, 0xFDC4, 0xFDA3, 0xF522, 0xF4C1, 0xF4C1, 0xF502, 0xF583, 0xF5C4,
  0xED84, 0xD4C3, 0xC422, 0xBBE2, 0xBBE2, 0xC423, 0xC423, 0xBC22, 0xABE2, 0x9B62, 0x9341, 0x9B81, 0xAC02, 0xB482, 0xC4E3, 0xC503,
  0xC4E2, 0xBCA2, 0xB462, 0xA421, 0xA461, 0xB521, 0xCDE1, 0xCE01, 0xB581, 0x7461, 0x3B61, 0x12C1, 0x0AA1, 0x0AA2, 0x0AA2, 0x0A62,
  0x01E1, 0x0141, 0x0101, 0x0101, 0x0122, 0x0142, 0x0922, 0x08E2, 0x08C2, 0x10E3, 0x2A08, 0x1820, 0x1000, 0x1000, 0x0800, 0x1000,
  0x92E2, 0xBB82, 0xDC23, 0xECC3, 0xFD44, 0xFDA4, 0xFDC4, 0xFDE4, 0xFDE4, 0xFD83, 0xF522, 0xFCE1, 0xFD02, 0xFD83, 0xFDE4, 0xFE05,
  0xF5C4, 0xE543, 0xDD03, 0xDCC3, 0xDCC3, 0xDCE3, 0xDCE3, 0xDD02, 0xD4C2, 0xC462, 0xC462, 0xCCE3, 0xDD63, 0xDD83, 0xDD83, 0xDD42,
  0xCCE2, 0xBC81, 0xAC21, 0xA421, 0xA481, 0xAD21, 0xB581, 0xAD81, 0x9501, 0x6C41, 0x3B61, 0x1AE1, 0x12A1, 0x0AC2, 0x0AE2, 0x0A82,
  0x01E1, 0x0141, 0x0101, 0x0101, 0x0101, 0x0122, 0x0122, 0x0902, 0x08C2, 0x10E3, 0x2A08, 0x1020, 0x1020, 0x0800, 0x0800, 0x0800,
  0x9282, 0xBB83, 0xDC84, 0xED45, 0xFDA4, 0xFDA4, 0xF584, 0xF5A4, 0xF583, 0xF522, 0xF4E2, 0xF4E2, 0xFD22, 0xFDA3, 0xFDE4, 0xFDE4,
  0xF5C3, 0xF583, 0xED63, 0xED23, 0xED23, 0xED43, 0xED63, 0xED42, 0xE4E2, 0xDCA2, 0xDD03, 0xE5A4, 0xEE24, 0xEE24, 0xEDC3, 0xDD22,
  0xCC81, 0xB421, 0xA3E1, 0x9C21, 0xA4A1, 0xA502, 0x9501, 0x84A1, 0x6C60, 0x5401, 0x3B81, 0x2B21, 0x2302, 0x1B02, 0x12E3, 0x0A82,
  0x01E1, 0x0141, 0x0101, 0x00E1, 0x0101, 0x0122, 0x0122, 0x0902, 0x08E2, 0x1103, 0x2A08, 0x1020, 0x1000, 0x0800, 0x0800, 0x0800,
  0x8A82, 0xBBC4, 0xDCC5, 0xED45, 0xF544, 0xF503, 0xECE3, 0xED03, 0xF502, 0xF4E2, 0xF4C2, 0xFCE2, 0xFD22, 0xFD62, 0xF583, 0xFD82,
  0xFD82, 0xFDA2, 0xF583, 0xF563, 0xF583, 0xF583, 0xED43, 0xE4C2, 0xD442, 0xCC42, 0xDD03, 0xEE04, 0xF664, 0xF664, 0xEDE2, 0xDD41,
  0xC461, 0xABE1, 0x9BA0, 0x9401, 0x9481, 0x94E1, 0x84A1, 0x7461, 0x6421, 0x5C01, 0x53E2, 0x4BC2, 0x3363, 0x2302, 0x12A2, 0x0A22,
  0x01A1, 0x0121, 0x00E1, 0x00E1, 0x0101, 0x0102, 0x0122, 0x0902, 0x08E2, 0x1104, 0x2A08, 0x1020, 0x1020, 0x0800, 0x0800, 0x0800,
  0x8AC3, 0xB3E4, 0xD4A5, 0xE4C4, 0xEC83, 0xEC43, 0xEC42, 0xECA2, 0xF4E2, 0xF502, 0xF4E2, 0xF4C2, 0xF4C1, 0xF4C1, 0xF4E1, 0xF501,
  0xFD42, 0xFDA2, 0xF5C3, 0xF5C3, 0xF5C4, 0xF563, 0xE4C2, 0xCBE2, 0xBB61, 0xC3C2, 0xD4E3, 0xEE24, 0xF683, 0xF683, 0xF622, 0xE5A2,
  0xCCE2, 0xB421, 0x9BC1, 0x8BC1, 0x8C21, 0x8461, 0x7C81, 0x7461, 0x6C61, 0x6C62, 0x6442, 0x53E3, 0x3342, 0x1AA2, 0x0A21, 0x01C1,
  0x0161, 0x0121, 0x00E1, 0x00E1, 0x0101, 0x0102, 0x0102, 0x0902, 0x08E2, 0x1103, 0x2208, 0x1020, 0x0800, 0x0800, 0x0800, 0x0800,
  0x8AA3, 0xB384, 0xCBE3, 0xDBE3, 0xE3C2, 0xE3E2, 0xEC62, 0xF4E2, 0xF543, 0xF522, 0xF4E2, 0xF481, 0xF441, 0xEC20, 0xEC60, 0xF4C1,
  0xF542, 0xFDC3, 0xFE04, 0xFDE4, 0xF583, 0xECC2, 0xD401, 0xC381, 0xBB61, 0xC402, 0xDD22, 0xF623, 0xFE83, 0xFEA3, 0xFEA3, 0xEE64,
  0xE5E3, 0xCD02, 0xB441, 0x93C1, 0x83C1, 0x7C01, 0x7C42, 0x7442, 0x7442, 0x6C22, 0x63E2, 0x4B62, 0x32E1, 0x1A61, 0x1201, 0x0181,
  0x0141, 0x0101, 0x00E1, 0x00E1, 0x0102, 0x0102, 0x0102, 0x00E2, 0x08E2, 0x0903, 0x2208, 0x1020, 0x1000, 0x0800, 0x0800, 0x0800,
  0x8242, 0xAAE3, 0xC342, 0xD382, 0xE3E2, 0xEC63, 0xF503, 0xF563, 0xF543, 0xF4E2, 0xF481, 0xEC00, 0xEBA0, 0xEBA0, 0xEC01, 0xF482,
  0xF543, 0xFDE4, 0xFE04, 0xFDA3, 0xF502, 0xE461, 0xDBE1, 0xCBC1, 0xCC02, 0xD482, 0xE542, 0xF5E2, 0xF662, 0xFEA3, 0xFEC5, 0xF6E6,
  0xF6A6, 0xE604, 0xCD22, 0xA441, 0x8BC1, 0x7BC2, 0x73E2, 0x73E2, 0x73E2, 0x6BC2, 0x5BA2, 0x4B42, 0x4302, 0x32C2, 0x1A21, 0x0981,
  0x0121, 0x0101, 0x00E1, 0x0101, 0x0102, 0x0102, 0x00E2, 0x08E2, 0x08C2, 0x08E3, 0x21E7, 0x4BAF, 0x1000, 0x0800, 0x0800, 0x0800,
  0x79E2, 0xA2A2, 0xC342, 0xD403, 0xE4A3, 0xED23, 0xED43, 0xED03, 0xE4A2, 0xEC61, 0xEC21, 0xEBC0, 0xEB80, 0xE381, 0xEC01, 0xECC2,
  0xF584, 0xFE04, 0xFDE4, 0xFD83, 0xF4E2, 0xEC61, 0xE441, 0xDC21, 0xDC41, 0xDC81, 0xE522, 0xED82, 0xEDC2, 0xF623, 0xF6A5, 0xFEE7,
  0xFF07, 0xEE85, 0xDDA3, 0xBCC2, 0x9C22, 0x83E2, 0x7BE3, 0x73E2, 0x73E2, 0x73E2, 0x6BC2, 0x63A2, 0x5B82, 0x4B22, 0x2A61, 0x11A1,
  0x0141, 0x0101, 0x00E1, 0x00E1, 0x0102, 0x0102, 0x00E2, 0x00C2, 0x08C2, 0x08E3, 0x21C7, 0x1020, 0x1000, 0x0800, 0x0800, 0x0800,
  0x79E1, 0xA2C2, 0xC3C3, 0xDCA4, 0xE524, 0xED03, 0xE483, 0xDC22, 0xE421, 0xEC21, 0xEC00, 0xEBC0, 0xEBA1, 0xEBE1, 0xEC62, 0xF523,
  0xFDE4, 0xFE45, 0xFE05, 0xFDA4, 0xF502, 0xF4A1, 0xEC41, 0xDC21, 0xDC21, 0xDC61, 0xDCA1, 0xDCC1, 0xDCE1, 0xDD42, 0xEE04, 0xF685,
  0xFEC6, 0xF6A4, 0xEE03, 0xD562, 0xB4A2, 0x9422, 0x7BE2, 0x73C2, 0x6BC2, 0x6BA2, 0x6382, 0x5B62, 0x6382, 0x5B62, 0x3AC1, 0x19E1,
  0x0941, 0x0101, 0x00E1, 0x00E1, 0x00E1, 0x00E2, 0x00E2, 0x00C2, 0x08C2, 0x08E3, 0x21C7, 0x4B6E, 0x0800, 0x0800, 0x0800, 0x0800,
  0x7A02, 0x9B03, 0xBC04, 0xD4A4, 0xDCA3, 0xDC22, 0xDBE2, 0xDC01, 0xEC61, 0xEC81, 0xF461, 0xEC41, 0xEC42, 0xEC82, 0xF4E3, 0xFDA4,
  0xFE46, 0xFE87, 0xFE66, 0xFDE5, 0xF543, 0xEC81, 0xE401, 0xD3C1, 0xD3E1, 0xD421, 0xCC01, 0xC3E1, 0xBBE1, 0xC461, 0xDD42, 0xEE24,
  0xF6A5, 0xF6C5, 0xF663, 0xDDE2, 0xBD42, 0x9C62, 0x73C2, 0x5B41, 0x5321, 0x4B01, 0x4B01, 0x5341, 0x6BC2, 0x6BC2, 0x4B21, 0x2201,
  0x0961, 0x0101, 0x00E1, 0x00E1, 0x00E1, 0x00E2, 0x00E2, 0x00C2, 0x08C2, 0x0904, 0x21C7, 0x434E, 0x0800, 0x0800, 0x0800, 0x0800,
  0x7222, 0x9B23, 0xB3C3, 0xCBE3, 0xD3E2, 0xDC02, 0xE442, 0xECC2, 0xF502, 0xF501, 0xF4E2, 0xF4E2, 0xF4E2, 0xF523, 0xFD83, 0xFE05,
  0xFE86, 0xFEA7, 0xFE86, 0xFDE4, 0xF522, 0xE441, 0xD3A1, 0xCB81, 0xCBC1, 0xC3E1, 0xBBA1, 0xAB60, 0xAB80, 0xBC01, 0xD502, 0xE625,
  0xF6C6, 0xF6E5, 0xF6A3, 0xE642, 0xC582, 0x9482, 0x6BA1, 0x5321, 0x4301, 0x4301, 0x4B41, 0x63C2, 0x7442, 0x7422, 0x5362, 0x2A41,
  0x0981, 0x0121, 0x00E1, 0x00E1, 0x00E1, 0x00E2, 0x00E2, 0x00C2, 0x08C3, 0x0903, 0x19A7, 0x434D, 0x0800, 0x0800, 0x0800, 0x0000,
  0x7202, 0x92A2, 0xB322, 0xC3A2, 0xDC43, 0xE4E3, 0xED64, 0xF583, 0xFD82, 0xFD62, 0xFD62, 0xFD63, 0xFD83, 0xFD83, 0xF5C4, 0xF605,
  0xF626, 0xF666, 0xFE24, 0xFDA3, 0xECE1, 0xDC01, 0xCBA1, 0xCBA1, 0xCC02, 0xCC22, 0xBC01, 0xB3C1, 0xB3C1, 0xBC42, 0xD523, 0xE626,
  0xEEA6, 0xF6C5, 0xF6A3, 0xE642, 0xBD62, 0x8C82, 0x6BE1, 0x5381, 0x4B81, 0x4BA1, 0x53E2, 0x5C02, 0x6422, 0x5BE1, 0x3B01, 0x1A21,
  0x0961, 0x0121, 0x0101, 0x0101, 0x0102, 0x00E2, 0x00E2, 0x00E2, 0x08E3, 0x0904, 0x19A7, 0x432D, 0x0800, 0x0000, 0x0000, 0x0000,
  0x69A1, 0x9262, 0xB362, 0xD464, 0xE545, 0xF5C5, 0xF605, 0xFDE4, 0xFDC3, 0xFDC3, 0xFDE3, 0xFDE3, 0xFDA3, 0xF563, 0xED43, 0xE544,
  0xED84, 0xF5C4, 0xFDE3, 0xF562, 0xECC1, 0xDC21, 0xD3E1, 0xD422, 0xD4A3, 0xD4E3, 0xCCC3, 0xCCA2, 0xC462, 0xC4A2, 0xCD23, 0xD5A4,
  0xDDE3, 0xE602, 0xE622, 0xCDC2, 0xAD22, 0x8481, 0x6421, 0x5C01, 0x53E1, 0x4BC1, 0x43A1, 0x3B81, 0x3B61, 0x2B01, 0x2261, 0x11C1,
  0x0161, 0x0121, 0x0121, 0x0122, 0x0122, 0x0102, 0x0102, 0x00E2, 0x08E3, 0x0904, 0x19A6, 0x3AEC, 0x0000, 0x0000, 0x0000, 0x0000,
  0x71C1, 0x92C2, 0xBC04, 0xD505, 0xEDC6, 0xF605, 0xFE04, 0xFDE3, 0xFDE3, 0xFE03, 0xFE03, 0xF5C3, 0xED22, 0xDC82, 0xD442, 0xDC83,
  0xE523, 0xF5A3, 0xFDC3, 0xF562, 0xECE2, 0xE482, 0xDC62, 0xD4A3, 0xDD04, 0xDD64, 0xDD64, 0xD523, 0xCCE2, 0xC4C2, 0xBCA2, 0xBCC2,
  0xBD02, 0xC541, 0xBD61, 0xAD21, 0x8CC1, 0x7481, 0x6461, 0x5C21, 0x43C1, 0x3341, 0x2301, 0x1AE1, 0x1AC1, 0x1281, 0x0A21, 0x01C1,
  0x0161, 0x0141, 0x0121, 0x0122, 0x0122, 0x0122, 0x0103, 0x0903, 0x08E3, 0x08E3, 0x1966, 0x32AB, 0x0000, 0x0000, 0x0000, 0x0000,
  0x7222, 0x9B23, 0xBC45, 0xD505, 0xE585, 0xEDA4, 0xF5A3, 0xFDE3, 0xFE03, 0xFE03, 0xF5A2, 0xE4E2, 0xD401, 0xCBA1, 0xD3E2, 0xDCC3,
  0xEDA4, 0xF605, 0xFE04, 0xF5A3, 0xED22, 0xE4C2, 0xD482, 0xCC83, 0xCCC4, 0xCD24, 0xD564, 0xCD23, 0xBCA2, 0xAC21, 0x9BE1, 0x93E1,
  0x9421, 0x9461, 0x8C81, 0x8481, 0x7481, 0x6C81, 0x6461, 0x5401, 0x3B61, 0x22E1, 0x12A0, 0x12A1, 0x1281, 0x0A61, 0x0A21, 0x09C1,
  0x0181, 0x0141, 0x0142, 0x0142, 0x0142, 0x0122, 0x0123, 0x0903, 0x08C2, 0x08C3, 0x1145, 0x328A, 0x4C11, 0x6556, 0x75D8, 0x0000,
  0x7242, 0x9324, 0xB3E4, 0xCC64, 0xDCE3, 0xED43, 0xF5A3, 0xF5C3, 0xF5A2, 0xED42, 0xE4A1, 0xD421, 0xCBE1, 0xD422, 0xE503, 0xF5E5,
  0xFE66, 0xFE66, 0xFE24, 0xF5A3, 0xED02, 0xDC82, 0xC402, 0xB3E2, 0xB443, 0xBCA3, 0xBCC3, 0xB462, 0x9BE1, 0x8361, 0x7B41, 0x7B81,
  0x73A1, 0x6BA1, 0x63C0, 0x5BC1, 0x5C01, 0x5C22, 0x5402, 0x43A1, 0x3321, 0x22C1, 0x1AA1, 0x1AA1, 0x1A81, 0x1261, 0x1221, 0x09C1,
  0x09A1, 0x0982, 0x0982, 0x0982, 0x0983, 0x0163, 0x0123, 0x0903, 0x08C2, 0x08C3, 0x1145, 0x2A6A, 0x0000, 0x6535, 0x6DB8, 0x65B8,
  0x6A02, 0x8AA2, 0xA343, 0xC403, 0xDCE3, 0xED83, 0xF5A3, 0xF562, 0xED22, 0xECE2, 0xE4A2, 0xE4C2, 0xE523, 0xEDC4, 0xF665, 0xFEA6,
  0xFE86, 0xFE24, 0xF5A3, 0xF522, 0xE4A1, 0xC401, 0xAB81, 0xA361, 0xA3C2, 0xA402, 0xA402, 0x93A1, 0x7B41, 0x7B21, 0x7B60, 0x7380,
  0x6B60, 0x5340, 0x4B20, 0x4341, 0x4361, 0x4B81, 0x4B81, 0x4341, 0x3B21, 0x3B01, 0x3B01, 0x32E1, 0x2AA1, 0x1A41, 0x11E1, 0x09A1,
  0x0981, 0x09A2, 0x09C2, 0x09C3, 0x09A3, 0x0963, 0x0123, 0x0103, 0x00C2, 0x08C3, 0x1145, 0x2A6A, 0x4BD0, 0x5D15, 0x6597, 0x6597,
  0x61A1, 0x8262, 0xA383, 0xCCA4, 0xE544, 0xED83, 0xF562, 0xF542, 0xED62, 0xEDA3, 0xEDC4, 0xF624, 0xF685, 0xFEC6, 0xFEA6, 0xFE65,
  0xFDE3, 0xF562, 0xECE1, 0xDC81, 0xCC01, 0xAB81, 0x9B41, 0x9361, 0x9BC2, 0x9BC2, 0x8B81, 0x8341, 0x8340, 0x8BA0, 0x93E0, 0x83C0,
  0x7380, 0x5B40, 0x4B00, 0x4301, 0x4B21, 0x5361, 0x6381, 0x6BC1, 0x6BE1, 0x6BC1, 0x5B82, 0x4301, 0x2A81, 0x19E1, 0x0981, 0x0161,
  0x0141, 0x0162, 0x0982, 0x0982, 0x0963, 0x0143, 0x0123, 0x0903, 0x08C3, 0x08C3, 0x1145, 0x2A4A, 0x43D0, 0x5CF5, 0x6597, 0x6597,
  0x6A02, 0x9323, 0xBC44, 0xDD04, 0xED63, 0xF583, 0xF5A3, 0xF5E4, 0xF645, 0xFE85, 0xFEA6, 0xFEC6, 0xFEC6, 0xFE65, 0xF5E3, 0xED42,
  0xE4C1, 0xDC61, 0xD421, 0xC3E1, 0xAB81, 0x9B61, 0x9381, 0x9BC2, 0x9BC2, 0x93A1, 0x8B81, 0x93A1, 0x9C00, 0xAC40, 0xAC61, 0x9C41,
  0x8C01, 0x73A1, 0x6B81, 0x6B81, 0x73E1, 0x8442, 0x9482, 0x9481, 0x8441, 0x73E1, 0x5361, 0x3AC1, 0x2201, 0x09A1, 0x0141, 0x0121,
  0x0121, 0x0121, 0x0122, 0x0122, 0x0122, 0x0103, 0x0103, 0x0903, 0x08E3, 0x08E3, 0x1145, 0x2A6A, 0x43B0, 0x54D5, 0x5D77, 0x5D77,
  0x7AC3, 0xA3C4, 0xCCA4, 0xE524, 0xEDA3, 0xF5E4, 0xF624, 0xFE65, 0xFE86, 0xFEA6, 0xFEA6, 0xF665, 0xF5E3, 0xED22, 0xDC81, 0xCC01,
  0xC3A1, 0xBBA1, 0xB3A1, 0xA381, 0x9B81, 0x9382, 0x93A2, 0x93C2, 0x93C2, 0x9BE1, 0xA401, 0xAC41, 0xB481, 0xBCC1, 0xBCC1, 0xB4C1,
  0xACA1, 0x9C61, 0x9442, 0x9462, 0xA4C2, 0xAD03, 0xA4E2, 0x8C82, 0x6BE1, 0x5361, 0x3B01, 0x2A81, 0x1A01, 0x11A1, 0x0961, 0x0121,
  0x0101, 0x0101, 0x0102, 0x0102, 0x0102, 0x0102, 0x0903, 0x08E3, 0x08E3, 0x0904, 0x1166, 0x2A6A, 0x43B0, 0x54D4, 0x5D57, 0x5D77,
  0x9343, 0xBC23, 0xD504, 0xEDA4, 0xF5E4, 0xF604, 0xF604, 0xF605, 0xF625, 0xF605, 0xEDA4, 0xE502, 0xD441, 0xC3A0, 0xB340, 0xA320,
  0xA341, 0xA382, 0xA3C2, 0x9BA2, 0x9BA1, 0x93C1, 0x9BE1, 0xA401, 0xAC21, 0xB461, 0xB481, 0xBC81, 0xBC81, 0xBCC1, 0xC501, 0xC522,
  0xBD02, 0xACA2, 0x9C82, 0x9482, 0x94A2, 0x94A2, 0x8482, 0x6C21, 0x5BC1, 0x4B80, 0x3B20, 0x32C1, 0x2241, 0x11A1, 0x0141, 0x0121,
  0x0101, 0x0101, 0x0102, 0x0102, 0x0102, 0x08E2, 0x08E3, 0x08E3, 0x08E3, 0x0904, 0x1186, 0x226A, 0x3B90, 0x54B4, 0x5D56, 0x5D57,
  0xABE4, 0xCCE5, 0xDD85, 0xEDA4, 0xED84, 0xE563, 0xE523, 0xDD23, 0xDCE3, 0xD482, 0xCC01, 0xBB60, 0xA300, 0x9AC0, 0x9AE1, 0xA361,
  0xABE2, 0xB422, 0xB442, 0xAC21, 0xAC21, 0xAC41, 0xB461, 0xB461, 0xB461, 0xB441, 0xAC21, 0xAC20, 0xB441, 0xBCA1, 0xBD02, 0xBD02,
  0xACC2, 0x9441, 0x7C01, 0x73E1, 0x6C01, 0x6C21, 0x6C21, 0x6420, 0x5C00, 0x53E0, 0x4361, 0x32C1, 0x1A21, 0x11A1, 0x0141, 0x0101,
  0x00E1, 0x00E1, 0x00E2, 0x00E2, 0x08E2, 0x08E3, 0x08E3, 0x08E3, 0x08E3, 0x0904, 0x1186, 0x226A, 0x3B8F, 0x4C94, 0x5536, 0x5557,
  0xBCA5, 0xCD05, 0xD504, 0xCC83, 0xC422, 0xBBE2, 0xBBC2, 0xBBC2, 0xB3A1, 0xB361, 0xAB21, 0x9AE1, 0x9AE1, 0xA341, 0xB402, 0xC4A2,
  0xCD02, 0xCD21, 0xCD01, 0xC4C1, 0xC4A1, 0xBC81, 0xBC61, 0xB441, 0xAC20, 0xA400, 0x9BE0, 0x9C00, 0x9C21, 0xA461, 0xA4A2, 0x9C82,
  0x8441, 0x6BE1, 0x5BA1, 0x53A0, 0x53C0, 0x5C00, 0x6440, 0x6C60, 0x6C40, 0x5C00, 0x4B61, 0x32A1, 0x19E0, 0x0960, 0x0121, 0x0101,
  0x00E1, 0x00E1, 0x00E2, 0x00E2, 0x08E2, 0x08E2, 0x08E3, 0x08C3, 0x08C3, 0x08E4, 0x1166, 0x224A, 0x3B6F, 0x4C73, 0x5516, 0x5537,
  0xB424, 0xABC3, 0xA342, 0x9B01, 0x9AE1, 0x9B21, 0xAB62, 0xB3A2, 0xB3C2, 0xB3C2, 0xB3A1, 0xB3C1, 0xC441, 0xD4C2, 0xDD42, 0xE5A1,
  0xE5A1, 0xDD81, 0xD521, 0xCCE1, 0xC4C0, 0xBC80, 0xB460, 0xAC40, 0x9C20, 0x8BE0, 0x83C0, 0x7BC1, 0x7BE1, 0x7C21, 0x7C42, 0x7442,
  0x6401, 0x5BE1, 0x53C0, 0x53C0, 0x5C00, 0x6440, 0x7480, 0x74A0, 0x6C60, 0x5BC0, 0x4300, 0x2A40, 0x11A0, 0x0940, 0x0100, 0x00E1,
  0x00E1, 0x00E1, 0x00E2, 0x00E2, 0x08E2, 0x08C2, 0x08C2, 0x08C2, 0x08C3, 0x08E3, 0x1166, 0x224A, 0x334E, 0x4453, 0x54F5, 0x5536,
  0x9343, 0x9323, 0x8AE2, 0x8AC2, 0x92E2, 0x9B42, 0xB3E3, 0xC463, 0xCCC3, 0xCCC3, 0xCCC2, 0xD4A2, 0xD4E1, 0xE521, 0xE581, 0xEDC1,
  0xEDC1, 0xE5A1, 0xDD61, 0xCD21, 0xC4E1, 0xBCC1, 0xACA1, 0xA481, 0x8C41, 0x7BE0, 0x63A0, 0x5B80, 0x5380, 0x5BA1, 0x5BE1, 0x6401,
  0x5C21, 0x5401, 0x53E1, 0x53E0, 0x5400, 0x6440, 0x6C60, 0x7480, 0x6C41, 0x5BC1, 0x4320, 0x2A60, 0x19A0, 0x0940, 0x0100, 0x00E1,
  0x00E1, 0x00E1, 0x00E1, 0x00E2, 0x08E2, 0x08C2, 0x08C2, 0x08A2, 0x08A2, 0x08C3, 0x1125, 0x1A09, 0x330D, 0x4432, 0x4CD5, 0x4D16,
  0x6A42, 0x82E3, 0x8B23, 0x9363, 0x9B83, 0xA3A3, 0xABE3, 0xBC63, 0xD504, 0xDD84, 0xE5A4, 0xEDA3, 0xE562, 0xE521, 0xE541, 0xE561,
  0xE561, 0xE561, 0xDD41, 0xCD21, 0xBCE1, 0xB4C1, 0xACC1, 0x9CC1, 0x94A1, 0x8461, 0x6C21, 0x5BC0, 0x4BA0, 0x4380, 0x43A0, 0x4BC1,
  0x4BE1, 0x5401, 0x5401, 0x4BE1, 0x4BC0, 0x43A0, 0x4BC0, 0x53C0, 0x53C0, 0x53A0, 0x4B41, 0x32A0, 0x2200, 0x1180, 0x0120, 0x0100,
  0x00E1, 0x00E1, 0x00E1, 0x00E2, 0x00E2, 0x08E2, 0x08C2, 0x08C2, 0x08A2, 0x08C3, 0x0904, 0x19A7, 0x2AAC, 0x3BD1, 0x44B4, 0x4D16,
  0x5A22, 0x72C2, 0x8B63, 0x9BE3, 0xAC44, 0xBCA4, 0xC4C4, 0xCCE4, 0xD504, 0xDD44, 0xE584, 0xEDC4, 0xEDA3, 0xED82, 0xED42, 0xE521,
  0xE501, 0xDCE1, 0xCCC1, 0xBCA1, 0xAC61, 0x9C40, 0x9421, 0x8441, 0x8461, 0x8481, 0x7C81, 0x6C61, 0x5C21, 0x53E0, 0x43C0, 0x43A0,
  0x43C0, 0x4BE1, 0x4BE1, 0x4BC1, 0x43A1, 0x3B60, 0x3340, 0x3320, 0x3B20, 0x3B20, 0x32E0, 0x2AA0, 0x2240, 0x11C0, 0x0960, 0x0120,
  0x0101, 0x0101, 0x00E1, 0x00E1, 0x00E2, 0x08E2, 0x08E2, 0x08C2, 0x08C2, 0x08C2, 0x08E3, 0x1166, 0x226A, 0x338F, 0x4473, 0x44F6,
  0x6A83, 0x8323, 0x9BE4, 0xAC84, 0xC504, 0xCD64, 0xDDA5, 0xE5A5, 0xE5A4, 0xE564, 0xED43, 0xED43, 0xED43, 0xE543, 0xE522, 0xE4E2,
  0xDCC1, 0xD4A1, 0xCC61, 0xB401, 0x9BC0, 0x8B80, 0x7360, 0x6B60, 0x63A1, 0x63E1, 0x6C21, 0x7481, 0x74A1, 0x6C81, 0x6441, 0x5401,
  0x4BE1, 0x4BE1, 0x5401, 0x53E1, 0x4BC1, 0x4381, 0x3B40, 0x3320, 0x2B00, 0x2AE0, 0x2AA0, 0x2280, 0x1A41, 0x11E0, 0x0980, 0x0940,
  0x0120, 0x0101, 0x0101, 0x0101, 0x08E2, 0x08E2, 0x08E2, 0x08C2, 0x08C2, 0x08A2, 0x08C3, 0x1125, 0x2209, 0x334E, 0x3C53, 0x44D5,
  0x8304, 0x93A4, 0xAC44, 0xC4E5, 0xD565, 0xDDC5, 0xE605, 0xEE25, 0xEE05, 0xEDC4, 0xED63, 0xED02, 0xE4C2, 0xE4A2, 0xDC82, 0xDC62,
  0xDC61, 0xD461, 0xCC41, 0xBC01, 0xA3A1, 0x8B40, 0x7300, 0x5AE0, 0x52E0, 0x4B20, 0x5361, 0x5BE1, 0x6C41, 0x7482, 0x74A2, 0x6C82,
  0x5C41, 0x5C21, 0x5C21, 0x5C22, 0x5C22, 0x53E1, 0x4BC1, 0x4381, 0x3B41, 0x3300, 0x2AC0, 0x2280, 0x1A40, 0x1201, 0x09A1, 0x0960,
  0x0120, 0x0101, 0x0101, 0x0901, 0x0901, 0x08E2, 0x08E2, 0x08E2, 0x08C2, 0x08A2, 0x08C3, 0x0904, 0x19C8, 0x2AED, 0x3C12, 0x44B5,
  0x9365, 0xAC05, 0xBCA5, 0xD525, 0xDD85, 0xEDC5, 0xEE05, 0xF625, 0xF625, 0xF5E5, 0xF584, 0xED03, 0xECA2, 0xE441, 0xDC01, 0xD401,
  0xD401, 0xD441, 0xD461, 0xCC61, 0xBC21, 0xA3A1, 0x8B41, 0x7300, 0x5AC0, 0x4AC0, 0x42E0, 0x4320, 0x5381, 0x5C01, 0x6C42, 0x6C62,
  0x6442, 0x5C21, 0x5C01, 0x5C02, 0x5C22, 0x6422, 0x6422, 0x6402, 0x53C1, 0x4B81, 0x3B21, 0x2AC1, 0x1A61, 0x1201, 0x09A1, 0x0960,
  0x0120, 0x0101, 0x0101, 0x00E1, 0x00E1, 0x08E2, 0x08E2, 0x08E2, 0x08C2, 0x08C2, 0x08A3, 0x08E4, 0x11A7, 0x22AC, 0x33D1, 0x3C94,
  0x9B85, 0xB446, 0xCCC6, 0xDD26, 0xED85, 0xF5A4, 0xF5C4, 0xF5E4, 0xF5E5, 0xF5E5, 0xF5C4, 0xF564, 0xECE3, 0xEC82, 0xE441, 0xDC21,
  0xDC21, 0xDC41, 0xDCA2, 0xDD02, 0xDD02, 0xCCC1, 0xBC61, 0xA401, 0x8B81, 0x7320, 0x5B00, 0x52E0, 0x5320, 0x5361, 0x5BA1, 0x5BE2,
  0x5BE1, 0x53C1, 0x4BA1, 0x4BA1, 0x4BC1, 0x53E1, 0x5C02, 0x6422, 0x6402, 0x5BE2, 0x4BA1, 0x3B21, 0x2AA1, 0x1A21, 0x09C0, 0x0980,
  0x0140, 0x0100, 0x00E1, 0x00E1, 0x00E1, 0x0901, 0x0902, 0x08E2, 0x08E2, 0x08C2, 0x08A2, 0x08C3, 0x1166, 0x226B, 0x3390, 0x3C74,
  0xA3C5, 0xBC66, 0xD4C6, 0xE506, 0xED45, 0xF565, 0xF584, 0xF584, 0xF5A4, 0xF5C4, 0xF5C5, 0xF5C5, 0xF584, 0xF524, 0xECE3, 0xECC2,
  0xECA1, 0xE4C1, 0xE501, 0xED62, 0xEDE2, 0xEE02, 0xE5C1, 0xDD81, 0xCD21, 0xB4A1, 0x9C21, 0x8BC1, 0x7BA1, 0x7381, 0x6BA1, 0x6BA1,
  0x5B81, 0x5361, 0x4B61, 0x4341, 0x4361, 0x4B81, 0x4BA1, 0x53A1, 0x53A1, 0x53C2, 0x53C2, 0x4B82, 0x3B01, 0x2281, 0x1A21, 0x11C1,
  0x0981, 0x0121, 0x0101, 0x00E1, 0x00E1, 0x08E1, 0x0902, 0x08E2, 0x08E2, 0x08C2, 0x08A2, 0x08C3, 0x1145, 0x1A4A, 0x2B6F, 0x3453,
  0xA405, 0xC4C6, 0xDD47, 0xED66, 0xED46, 0xF525, 0xF544, 0xFD64, 0xFD84, 0xF5A4, 0xF5C5, 0xF5C5, 0xF5E5, 0xF5E5, 0xF5C5, 0xF584,
  0xF563, 0xF562, 0xF562, 0xF582, 0xF5E2, 0xF642, 0xF662, 0xF661, 0xEE21, 0xE5E1, 0xD561, 0xC4E1, 0xBC81, 0xAC61, 0xA441, 0x9C42,
  0x8C22, 0x73E2, 0x6382, 0x5361, 0x5361, 0x5381, 0x4B81, 0x4341, 0x3B01, 0x32E1, 0x3B01, 0x3B41, 0x3B42, 0x3301, 0x2AC1, 0x1A41,
  0x11C1, 0x0961, 0x0101, 0x00E1, 0x00E1, 0x00E1, 0x08E2, 0x08E2, 0x08E2, 0x08C2, 0x08A2, 0x08A3, 0x0925, 0x1A09, 0x2B2E, 0x3412,
  0xA3C4, 0xC4C6, 0xDDA7, 0xEE08, 0xF5E7, 0xF586, 0xF525, 0xF524, 0xF544, 0xF585, 0xF5A5, 0xF5C5, 0xF5E5, 0xF605, 0xF605, 0xF605,
  0xF5E5, 0xF5E4, 0xF5C3, 0xF5A2, 0xF5C2, 0xF5E2, 0xF602, 0xF622, 0xFE41, 0xF621, 0xF5E1, 0xE581, 0xDD21, 0xCCC1, 0xC4A1, 0xC4C2,
  0xBCC3, 0xACA3, 0x9443, 0x7BE3, 0x73C2, 0x6BC2, 0x63A2, 0x5362, 0x3AE1, 0x2A61, 0x2261, 0x2AA1, 0x3301, 0x3B42, 0x3321, 0x2AC1,
  0x1A41, 0x11A1, 0x0941, 0x0101, 0x00E1, 0x00E1, 0x08E1, 0x08E2, 0x08C2, 0x08A2, 0x08A2, 0x0882, 0x08E4, 0x11A8, 0x22CD, 0x33D1,
  0x9B84, 0xBC65, 0xD526, 0xE5E7, 0xF647, 0xF627, 0xF5C6, 0xF545, 0xF504, 0xF504, 0xF525, 0xED45, 0xF585, 0xF5A5, 0xF5A5, 0xF5A5,
  0xF5A4, 0xF5A4, 0xF583, 0xF583, 0xF562, 0xF562, 0xF561, 0xF561, 0xF581, 0xF5C1, 0xF5C1, 0xEDA1, 0xE540, 0xD4E0, 0xCCA0, 0xC481,
  0xBCA2, 0xAC83, 0x9423, 0x83C3, 0x7BC2, 0x7BE3, 0x7BE3, 0x6BA2, 0x5322, 0x3AA2, 0x2A41, 0x2A41, 0x2AA1, 0x3302, 0x3B42, 0x3321,
  0x22A1, 0x1A21, 0x0981, 0x0121, 0x00E1, 0x00E1, 0x00E1, 0x00E2, 0x08C2, 0x08C2, 0x00A2, 0x0082, 0x08A3, 0x1166, 0x228B, 0x2B90,
  0x9364, 0xB444, 0xCCC5, 0xDD05, 0xED65, 0xF5E6, 0xF607, 0xF5C6, 0xF525, 0xECC4, 0xEC84, 0xE484, 0xE4A4, 0xE4C4, 0xED04, 0xE504,
  0xE4E3, 0xE4C3, 0xE4C2, 0xE4C2, 0xE4C2, 0xE4C2, 0xECE1, 0xECE1, 0xECE1, 0xED01, 0xF541, 0xED41, 0xE521, 0xD4C0, 0xBC60, 0xAC21,
  0xA401, 0x93E2, 0x7B82, 0x6B22, 0x5B22, 0x6342, 0x6382, 0x6362, 0x5B42, 0x5302, 0x4AE2, 0x42C2, 0x3AC2, 0x3B02, 0x3B22, 0x3342,
  0x2B01, 0x2281, 0x11E1, 0x0961, 0x0101, 0x00E1, 0x00E1, 0x00E2, 0x08C2, 0x08C2, 0x00A2, 0x0082, 0x08A3, 0x1125, 0x1A4A, 0x2B4F,
  0x8B23, 0xB444, 0xCCC5, 0xDCC4, 0xDCA4, 0xE4C4, 0xED24, 0xED85, 0xED44, 0xECC3, 0xE423, 0xDBC3, 0xD3A3, 0xD3C3, 0xDC23, 0xDC43,
  0xD423, 0xCBE2, 0xCBC2, 0xCBC1, 0xD3C1, 0xD3E1, 0xD401, 0xDC41, 0xE461, 0xECA1, 0xECC1, 0xECE1, 0xE4E1, 0xD4A1, 0xBC40, 0xABE0,
  0x93A1, 0x8381, 0x7362, 0x6321, 0x5301, 0x4B21, 0x4B22, 0x4301, 0x42E1, 0x42E2, 0x4B02, 0x5322, 0x5B42, 0x5322, 0x4322, 0x3302,
  0x2AE1, 0x22A1, 0x1221, 0x0981, 0x0121, 0x0101, 0x00E1, 0x00E2, 0x08E2, 0x08C2, 0x08A2, 0x0082, 0x00A2, 0x0905, 0x1A09, 0x232E,
  0x82C3, 0xABE4, 0xCCE5, 0xDD25, 0xDCC4, 0xDC63, 0xDC43, 0xE4A3, 0xED03, 0xECC3, 0xE442, 0xD3A2, 0xCB42, 0xC322, 0xCB62, 0xD3C2,
  0xD3C2, 0xCB82, 0xC361, 0xBB41, 0xC341, 0xC341, 0xCB61, 0xCBA1, 0xD3E1, 0xDC21, 0xE481, 0xECA1, 0xE4C1, 0xDCA1, 0xCC60, 0xB3E0,
  0x9BC0, 0x93C1, 0x83C2, 0x73C2, 0x6381, 0x5361, 0x4341, 0x3B01, 0x2AC1, 0x2AA1, 0x32C1, 0x4302, 0x5342, 0x5B62, 0x4B42, 0x3AE2,
  0x2AA1, 0x1A81, 0x1221, 0x09A1, 0x0141, 0x0101, 0x00E1, 0x00E2, 0x08E2, 0x08E2, 0x08C2, 0x0082, 0x0082, 0x08E4, 0x11C8, 0x22ED,
  0x8282, 0xA363, 0xBC24, 0xD4E5, 0xDCE5, 0xDCA4, 0xDC64, 0xDC63, 0xE4A3, 0xECC2, 0xE482, 0xDC02, 0xCB81, 0xC341, 0xC341, 0xCBA2,
  0xCBE2, 0xCBC2, 0xC3A2, 0xC382, 0xBB61, 0xBB61, 0xC361, 0xCB81, 0xCBA1, 0xD3C1, 0xDC21, 0xE461, 0xE4A1, 0xE4A1, 0xDC81, 0xC440,
  0xB400, 0xA401, 0x9C41, 0x8C42, 0x7402, 0x63C2, 0x4B81, 0x3B21, 0x2AE1, 0x22A1, 0x2281, 0x2AA1, 0x3AE1, 0x4B42, 0x5362, 0x4B42,
  0x3AE1, 0x2281, 0x1221, 0x09C1, 0x0141, 0x0101, 0x00E1, 0x00E2, 0x08E2, 0x08E2, 0x08C2, 0x00A2, 0x0082, 0x08C4, 0x11A8, 0x1AAD,
  0x82A3, 0xA363, 0xB3C3, 0xBC04, 0xC444, 0xCC84, 0xCC84, 0xD484, 0xDCC4, 0xE4E3, 0xE4E3, 0xE482, 0xD422, 0xCBC1, 0xC3A1, 0xCBC2,
  0xCC02, 0xCC22, 0xC402, 0xC3E2, 0xC3E2, 0xC3E2, 0xC3E2, 0xC3E1, 0xCBE1, 0xD3E1, 0xDC01, 0xE441, 0xE481, 0xECA1, 0xE4C0, 0xDC80,
  0xC440, 0xBC41, 0xAC61, 0x9C61, 0x8441, 0x6C02, 0x5BE2, 0x4B82, 0x3321, 0x2AE1, 0x22A1, 0x22A1, 0x2AE1, 0x4322, 0x5382, 0x5BA2,
  0x5B82, 0x4302, 0x2261, 0x11C1, 0x0141, 0x0101, 0x00E1, 0x00E1, 0x00E2, 0x00E2, 0x08C2, 0x00A2, 0x0082, 0x08C3, 0x1187, 0x1AAC,
  0x82A2, 0xABA4, 0xBC24, 0xBBE3, 0xB3A3, 0xB383, 0xB3C3, 0xBC04, 0xCC64, 0xD4C4, 0xDD04, 0xDCE3, 0xD482, 0xCC22, 0xC3C2, 0xC3C2,
  0xBBE2, 0xBC03, 0xB3E3, 0xABC2, 0xABE3, 0xB423, 0xB422, 0xBC22, 0xC442, 0xCC41, 0xD441, 0xDC61, 0xE4A1, 0xECC1, 0xECE0, 0xE4E0,
  0xDCA0, 0xCC60, 0xB461, 0xA441, 0x8C21, 0x7401, 0x63E2, 0x5BC2, 0x4382, 0x3321, 0x2B01, 0x2B01, 0x3342, 0x4382, 0x53C2, 0x63E2,
  0x63C2, 0x5B82, 0x3AE1, 0x2221, 0x0980, 0x0121, 0x0101, 0x00E1, 0x00E2, 0x00E2, 0x08E2, 0x08A2, 0x0082, 0x08A3, 0x0967, 0x1A8C,
  0x8242, 0xAB83, 0xCC84, 0xCCC4, 0xC423, 0xAB62, 0xA302, 0x9B02, 0xAB63, 0xB3E4, 0xC464, 0xCCA3, 0xCC83, 0xBC22, 0xB3C2, 0xAB82,
  0xA382, 0x9B83, 0x8B42, 0x8322, 0x8342, 0x8B83, 0x93C3, 0x9BE3, 0xA402, 0xAC22, 0xBC42, 0xCC81, 0xDCC1, 0xE501, 0xED41, 0xED61,
  0xE541, 0xD4E1, 0xC481, 0xAC41, 0x8BE1, 0x73A1, 0x63C1, 0x5BC2, 0x53C2, 0x43A2, 0x3361, 0x3362, 0x3BA2, 0x4BE3, 0x4BE3, 0x53C2,
  0x53A2, 0x5382, 0x4B21, 0x3281, 0x11C1, 0x0940, 0x0101, 0x0101, 0x0102, 0x0102, 0x08E2, 0x08C2, 0x00A2, 0x08A3, 0x0946, 0x1A4B,
  0x8242, 0xAB43, 0xCC64, 0xDD24, 0xDD44, 0xCC83, 0xB3A2, 0x9AE2, 0x92C2, 0x9B02, 0xAB63, 0xB3C3, 0xBC03, 0xABC2, 0x9B42, 0x8AE2,
  0x82E2, 0x82E3, 0x6AC2, 0x5A62, 0x5262, 0x5AA2, 0x6B03, 0x6B23, 0x7342, 0x7362, 0x83A2, 0x9402, 0xAC62, 0xC4C2, 0xDD41, 0xEDA1,
  0xEDC1, 0xE5A2, 0xCD02, 0xAC41, 0x8BA1, 0x6B41, 0x6341, 0x5BA2, 0x5BE2, 0x53E2, 0x43C2, 0x3BC2, 0x4403, 0x4423, 0x4403, 0x3BA2,
  0x3B62, 0x4361, 0x4341, 0x3AE1, 0x2221, 0x1181, 0x0121, 0x0101, 0x0102, 0x0102, 0x08E2, 0x08C2, 0x00A2, 0x00A3, 0x0925, 0x120A,
  0x8222, 0xAB43, 0xCC24, 0xDCE4, 0xE584, 0xE5A4, 0xD4E3, 0xBC02, 0xAB62, 0x9B02, 0x9B02, 0xA322, 0xAB83, 0x9B62, 0x82E2, 0x6A41,
  0x6242, 0x6283, 0x5A63, 0x4202, 0x31C1, 0x39E2, 0x4A63, 0x4AA3, 0x4AA3, 0x4AA2, 0x52C2, 0x5B02, 0x7362, 0x8BE2, 0xAC81, 0xCD01,
  0xDDA1, 0xE5E2, 0xD562, 0xAC42, 0x7B21, 0x5AA1, 0x52A1, 0x5B21, 0x63C2, 0x5C23, 0x4C02, 0x3BE2, 0x3C23, 0x4443, 0x3C23, 0x33E2,
  0x3381, 0x3361, 0x4381, 0x4341, 0x2A81, 0x11A1, 0x0921, 0x0101, 0x00E1, 0x00E2, 0x00E2, 0x00C2, 0x00A2, 0x00A3, 0x0905, 0x11E9,
  0x8202, 0xAB23, 0xCC04, 0xDCA4, 0xE524, 0xE584, 0xE5C4, 0xDD43, 0xCC83, 0xBBE2, 0xAB82, 0xAB82, 0xA382, 0x9B62, 0x82E2, 0x5A01,
  0x49C1, 0x4A02, 0x08C1, 0x39E2, 0x2981, 0x2181, 0x31E2, 0x3A43, 0x3A63, 0x3A43, 0x3222, 0x3242, 0x4282, 0x52C2, 0x6B42, 0x8BC1,
  0xB481, 0xCD42, 0xD542, 0xB462, 0x8321, 0x5A41, 0x4A21, 0x4AA1, 0x5B82, 0x6403, 0x5423, 0x4402, 0x3C02, 0x3C43, 0x3C43, 0x3C23,
  0x33E2, 0x3BC1, 0x43C1, 0x4381, 0x32C1, 0x19E1, 0x0921, 0x00E1, 0x00C1, 0x00C2, 0x00C2, 0x00C2, 0x00A2, 0x0082, 0x08E4, 0x11A8,
  0x81E2, 0xAB03, 0xCC04, 0xDC84, 0xE4A4, 0xE4E4, 0xE564, 0xE5A4, 0xE543, 0xDCE3, 0xCC83, 0xBC23, 0xBC03, 0xABE3, 0x9362, 0x6A82,
  0x49C1, 0x39A2, 0x39E3, 0x39C2, 0x2982, 0x2161, 0x2181, 0x29E2, 0x3223, 0x3223, 0x2A03, 0x21E2, 0x21E2, 0x2A02, 0x3A22, 0x5281,
  0x6B01, 0x93C1, 0xB482, 0xBCA2, 0xA3E2, 0x7B01, 0x6281, 0x5AA1, 0x5B21, 0x63C2, 0x5402, 0x43E2, 0x3BE2, 0x3C23, 0x3C43, 0x4463,
  0x3C42, 0x4422, 0x4C01, 0x4BA1, 0x3AE1, 0x19E0, 0x0940, 0x00E1, 0x00E1, 0x00C1, 0x00C2, 0x00C2, 0x00A2, 0x0082, 0x00C3, 0x1187,
  0x79A1, 0xAAC2, 0xCBC3, 0xE464, 0xE463, 0xE443, 0xE483, 0xE503, 0xE543, 0xE543, 0xDD03, 0xD4A3, 0xCC63, 0xC463, 0xB443, 0x9382,
  0x6A82, 0x49E1, 0x39C2, 0x39C2, 0x31A2, 0x2982, 0x2982, 0x29A2, 0x31E3, 0x3223, 0x29E3, 0x21A2, 0x1982, 0x1982, 0x2182, 0x29A1,
  0x3A01, 0x5A81, 0x8362, 0xB463, 0xC4C3, 0xB462, 0x9BC1, 0x8B81, 0x7381, 0x63A2, 0x53C2, 0x3BA2, 0x33A2, 0x33E2, 0x3C43, 0x4463,
  0x4463, 0x4C42, 0x5421, 0x53E1, 0x3B20, 0x2240, 0x0980, 0x0101, 0x00E1, 0x00E1, 0x00E2, 0x00C2, 0x00A2, 0x0082, 0x00A3, 0x0946,
  0x7961, 0xAA82, 0xCB83, 0xDC23, 0xE443, 0xE403, 0xE3C2, 0xDC02, 0xDC83, 0xE4E3, 0xE522, 0xDCE2, 0xD482, 0xCC62, 0xC4A3, 0xBC83,
  0x9BC3, 0x72E2, 0x5A42, 0x4A02, 0x4202, 0x39E2, 0x39E2, 0x31C2, 0x31E3, 0x3203, 0x29E3, 0x2182, 0x1941, 0x1101, 0x1121, 0x1921,
  0x2181, 0x39E1, 0x5A82, 0x8BA3, 0xBCC4, 0xD543, 0xCCE2, 0xB461, 0x93E1, 0x73C1, 0x53A1, 0x3B81, 0x2B41, 0x2B62, 0x33C3, 0x3C23,
  0x4443, 0x4422, 0x4C01, 0x4BE1, 0x4341, 0x2A81, 0x11C1, 0x0141, 0x0101, 0x0101, 0x00E2, 0x00C2, 0x00A2, 0x0082, 0x0082, 0x0925,
  0x7961, 0xA241, 0xCB22, 0xDBC3, 0xE3E3, 0xE3C2, 0xE382, 0xDB41, 0xD382, 0xD402, 0xDCA2, 0xDCE2, 0xD482, 0xCC42, 0xCC82, 0xCCE3,
  0xBCA3, 0xA403, 0x8B43, 0x72E3, 0x6AC3, 0x62A3, 0x5A83, 0x4A23, 0x3A03, 0x31E2, 0x29C2, 0x2162, 0x1921, 0x1101, 0x10E1, 0x10E1,
  0x1941, 0x31E2, 0x4A63, 0x6B23, 0x9C03, 0xC503, 0xD522, 0xC4A1, 0xA401, 0x7BC1, 0x53A1, 0x3B61, 0x2B21, 0x22E1, 0x2B22, 0x3362,
  0x3BA2, 0x33A2, 0x3361, 0x3341, 0x3301, 0x2281, 0x1201, 0x0981, 0x0121, 0x0101, 0x00E2, 0x00C2, 0x00A2, 0x0062, 0x0062, 0x08E4,
  0x79A1, 0xA262, 0xC302, 0xDB62, 0xDB62, 0xDB62, 0xE362, 0xDB42, 0xD301, 0xCB21, 0xCBA1, 0xD442, 0xDC82, 0xD482, 0xD482, 0xD503,
  0xD503, 0xBC84, 0xA3E4, 0x9383, 0x9363, 0x8B63, 0x8343, 0x6AE3, 0x5242, 0x39C2, 0x2982, 0x2142, 0x2142, 0x2142, 0x1922, 0x1101,
  0x1921, 0x31E2, 0x4A83, 0x5AE3, 0x7303, 0x9BC2, 0xBC62, 0xC481, 0xA401, 0x83C1, 0x63C1, 0x4BA0, 0x3B41, 0x3301, 0x3B01, 0x3302,
  0x2B01, 0x22E1, 0x1AA1, 0x1A81, 0x1A61, 0x1221, 0x11E1, 0x0981, 0x0141, 0x0101, 0x0102, 0x00E2, 0x00A2, 0x0082, 0x0062, 0x08E4,
  0x79E2, 0xA2C3, 0xCB62, 0xDB62, 0xDB22, 0xD2C1, 0xD2E1, 0xDB22, 0xDB22, 0xCAE1, 0xC2E1, 0xC361, 0xCC01, 0xD462, 0xD4C2, 0xDD22,
  0xDD63, 0xCCE3, 0xB403, 0xA383, 0x9B63, 0xA383, 0xA3E3, 0x9BC3, 0x7B23, 0x5242, 0x39A1, 0x2961, 0x2962, 0x3182, 0x29A2, 0x2142,
  0x1921, 0x2182, 0x3A43, 0x4A63, 0x5A42, 0x7261, 0x9B21, 0xB3C1, 0xB401, 0x9421, 0x7C21, 0x63E1, 0x4B81, 0x5361, 0x5B82, 0x5342,
  0x3AE1, 0x2281, 0x1241, 0x0A01, 0x09C1, 0x09A1, 0x0981, 0x0161, 0x0141, 0x0121, 0x0102, 0x00E2, 0x00C2, 0x00A2, 0x0082, 0x08C4,
  0x71C2, 0xA323, 0xCBE3, 0xDBE2, 0xDB42, 0xD261, 0xCA21, 0xCA81, 0xD302, 0xD342, 0xC301, 0xBB01, 0xC361, 0xCC01, 0xDCA1, 0xE542,
  0xE5A3, 0xDD43, 0xC463, 0xAB83, 0x9B02, 0x9B22, 0xABC3, 0xBC63, 0xAC43, 0x8B83, 0x62A2, 0x4A01, 0x41C1, 0x4202, 0x4203, 0x31A2,
  0x1921, 0x1921, 0x29A2, 0x39C2, 0x4181, 0x5981, 0x81E1, 0xA2E1, 0xBBE1, 0xB461, 0x9C81, 0x7C41, 0x63C1, 0x5B81, 0x6381, 0x6382,
  0x5342, 0x3AC1, 0x2261, 0x1200, 0x09C0, 0x0980, 0x0961, 0x0161, 0x0141, 0x0121, 0x0102, 0x00E2, 0x00E2, 0x00A2, 0x0082, 0x00C3,
  0x71C2, 0xA323, 0xCC44, 0xDC83, 0xDBC2, 0xCAA1, 0xC1E1, 0xB9C1, 0xC261, 0xCB22, 0xD362, 0xC342, 0xC341, 0xC3A1, 0xD461, 0xE521,
  0xEDA2, 0xE583, 0xD4E3, 0xBBE3, 0xA322, 0x9AE2, 0xAB62, 0xC462, 0xD4E3, 0xBC83, 0x9BC2, 0x7B02, 0x6AC2, 0x6AC2, 0x62A2, 0x4A22,
  0x2941, 0x1901, 0x2121, 0x3162, 0x4141, 0x6120, 0x8160, 0xA220, 0xBB21, 0xC421, 0xB4C1, 0x9481, 0x7C01, 0x6BA1, 0x6BA1, 0x6BA1,
  0x6BA1, 0x5361, 0x3AE1, 0x2A81, 0x2240, 0x1A21, 0x19E1, 0x11A1, 0x0961, 0x0121, 0x0122, 0x0102, 0x00E2, 0x00A2, 0x0082, 0x00A3,
  0x7181, 0xA303, 0xCC44, 0xDCC4, 0xDC43, 0xD301, 0xB9E1, 0xA961, 0xA9A1, 0xBA81, 0xCB42, 0xCB82, 0xCB82, 0xCBC1, 0xD421, 0xE4E1,
  0xED41, 0xE542, 0xDD03, 0xC463, 0xB3A3, 0xA322, 0xAB42, 0xC422, 0xDD02, 0xD503, 0xC462, 0xABE2, 0xA3C2, 0x9BC2, 0x93C2, 0x7322,
  0x41E1, 0x2121, 0x2921, 0x3962, 0x5961, 0x7961, 0x9960, 0xA9C0, 0xBA80, 0xC3C1, 0xC4E1, 0xB501, 0x9481, 0x8421, 0x7C01, 0x7C01,
  0x7401, 0x6BC1, 0x5361, 0x3AE1, 0x2AA1, 0x2AA1, 0x2A81, 0x2241, 0x11A1, 0x0941, 0x0102, 0x0102, 0x00E2, 0x00C2, 0x00A2, 0x00A3,
  0x7181, 0xA2C2, 0xCC03, 0xE4E3, 0xE483, 0xCB62, 0xBA21, 0xA161, 0x9941, 0xA1C1, 0xBAA1, 0xC322, 0xCB62, 0xCBA1, 0xD401, 0xE4A1,
  0xE4E1, 0xE4E2, 0xD4A2, 0xCC83, 0xBC03, 0xAB82, 0xAB62, 0xC402, 0xD4C2, 0xDCE2, 0xCCA3, 0xC442, 0xBC42, 0xC4A2, 0xBCC3, 0xA443,
  0x72E2, 0x39A1, 0x3141, 0x4982, 0x71A2, 0x99C1, 0xB9E0, 0xC1E0, 0xBA20, 0xBB41, 0xD4C1, 0xCD82, 0xB541, 0x9CA1, 0x8C41, 0x8421,
  0x7C21, 0x6C01, 0x5381, 0x3B01, 0x2AA0, 0x2280, 0x2AA1, 0x2A81, 0x1A01, 0x0941, 0x0101, 0x00E2, 0x00E2, 0x00C2, 0x00A2, 0x0083,
  0x71A1, 0xA2A2, 0xCBE3, 0xE4A3, 0xE4A3, 0xD382, 0xB241, 0x9961, 0x8921, 0x8941, 0x99E1, 0xAA81, 0xBAE1, 0xC341, 0xD3A1, 0xDC21,
  0xE481, 0xDC61, 0xD402, 0xCC23, 0xCC23, 0xBBC3, 0xB362, 0xB3A2, 0xC422, 0xCC62, 0xCC63, 0xC463, 0xCC82, 0xCCC2, 0xD522, 0xCD02,
  0x9BE2, 0x6262, 0x4982, 0x61A2, 0x8A01, 0xBA61, 0xD280, 0xD240, 0xC200, 0xBAC0, 0xD461, 0xDDA2, 0xCDA2, 0xAD01, 0x8C60, 0x8420,
  0x8441, 0x7C41, 0x63E1, 0x4341, 0x2AA0, 0x2260, 0x2AA1, 0x2AA1, 0x1A01, 0x0941, 0x00E1, 0x00E1, 0x00E2, 0x00C3, 0x00A2, 0x0082,
  0x79C2, 0xA2A2, 0xCB83, 0xE463, 0xE482, 0xD3A2, 0xAA41, 0x8940, 0x78E0, 0x7900, 0x8141, 0x89E1, 0x9A41, 0xB281, 0xC301, 0xD361,
  0xDBE0, 0xDC01, 0xD381, 0xCBA2, 0xD423, 0xCC43, 0xBBC3, 0xB382, 0xBBA2, 0xC3E2, 0xBBC2, 0xBC02, 0xCC82, 0xD4C2, 0xD502, 0xD502,
  0xB482, 0x8322, 0x61E2, 0x71C2, 0xA241, 0xD2C1, 0xE2E0, 0xE280, 0xCA20, 0xC2A0, 0xCBE1, 0xDD21, 0xD5A1, 0xBD21, 0x9480, 0x8420,
  0x8C60, 0x8CA1, 0x7C61, 0x53A0, 0x3300, 0x22C0, 0x2AE1, 0x2AC1, 0x1A21, 0x0941, 0x00E1, 0x00E1, 0x00E2, 0x00C3, 0x00A2, 0x0062,
  0x8202, 0xAAC2, 0xCB83, 0xE403, 0xE442, 0xD3C1, 0xB261, 0x8140, 0x68C0, 0x60C0, 0x6901, 0x7961, 0x81A1, 0x91E1, 0xAA41, 0xBAC1,
  0xCB20, 0xD360, 0xD341, 0xD341, 0xDC02, 0xDCA3, 0xCC64, 0xC403, 0xBBE3, 0xBBA2, 0xAB62, 0xB382, 0xC422, 0xCC82, 0xD4C2, 0xD4E2,
  0xC4A2, 0xA382, 0x8241, 0x9201, 0xBAA1, 0xDB01, 0xEAE0, 0xE240, 0xCA20, 0xCAA0, 0xCB80, 0xD4A1, 0xDD61, 0xC541, 0xACC0, 0x9C60,
  0x9CA1, 0x9CE1, 0x8CA1, 0x5BE1, 0x3B40, 0x2B00, 0x3341, 0x3301, 0x1A41, 0x0961, 0x0101, 0x00E1, 0x00E2, 0x00C2, 0x00A2, 0x0062,
  0x8202, 0xAAE2, 0xCB83, 0xE3E3, 0xE422, 0xDBC1, 0xBA81, 0x8960, 0x60C0, 0x60C0, 0x6901, 0x7161, 0x7181, 0x7981, 0x91E1, 0xA221,
  0xB260, 0xBAC0, 0xCAC0, 0xD301, 0xDBC2, 0xE4A3, 0xE504, 0xD4E4, 0xCC64, 0xBBE3, 0xAB42, 0xA321, 0xB3A1, 0xC441, 0xCC81, 0xD4A2,
  0xD4A2, 0xBBE2, 0xA2E1, 0xB2A1, 0xD301, 0xEB41, 0xEAC0, 0xD1E0, 0xC1E0, 0xC280, 0xCBA0, 0xDCA1, 0xDD61, 0xD581, 0xC521, 0xACA1,
  0xA4C1, 0xA501, 0x94C1, 0x6C01, 0x4360, 0x3340, 0x3B61, 0x3341, 0x1A61, 0x0981, 0x0101, 0x00E1, 0x00E2, 0x00C2, 0x00A2, 0x0062,
  0x81E2, 0xAAE2, 0xCBA3, 0xE3E3, 0xEC02, 0xE3C2, 0xC2C1, 0x9980, 0x70E0, 0x60C0, 0x6921, 0x79A2, 0x79A2, 0x7181, 0x7981, 0x91E1,
  0x91E0, 0xA200, 0xB240, 0xCAA0, 0xDB61, 0xEC82, 0xED24, 0xE565, 0xD504, 0xBC23, 0xA322, 0x9AE1, 0xA341, 0xBBE1, 0xCC41, 0xCC82,
  0xD4A2, 0xD462, 0xCBC1, 0xD3A2, 0xE3E2, 0xF3A1, 0xEAA0, 0xC9C0, 0xB9A0, 0xBA80, 0xCBA0, 0xDCE1, 0xE5A1, 0xE5C1, 0xCD61, 0xB4E1,
  0xB501, 0xB542, 0x9CE1, 0x6C01, 0x4360, 0x3320, 0x3B61, 0x3341, 0x1A61, 0x0981, 0x0121, 0x00E1, 0x00E2, 0x08E3, 0x00A2, 0x0061,
  0x79C1, 0xAB02, 0xD3C3, 0xE3E3, 0xEC02, 0xE402, 0xD341, 0xAA01, 0x8120, 0x6900, 0x7141, 0x79A2, 0x8202, 0x79C2, 0x79A1, 0x81C1,
  0x81A1, 0x8180, 0x91A0, 0xB220, 0xD2E0, 0xE3E1, 0xECE3, 0xED64, 0xE565, 0xC464, 0xA342, 0x92C2, 0x9B01, 0xAB81, 0xC421, 0xCC82,
  0xD481, 0xDC81, 0xE4A1, 0xECA2, 0xF482, 0xFBE1, 0xEAC0, 0xC9E0, 0xA9A0, 0xAA60, 0xC3A0, 0xDCC1, 0xE581, 0xDDA1, 0xC521, 0xACA1,
  0xB501, 0xC562, 0xA501, 0x7401, 0x4340, 0x3300, 0x3B61, 0x3B41, 0x2261, 0x09A1, 0x0121, 0x0101, 0x00E2, 0x08E3, 0x00A2, 0x0061,
  0x71C1, 0xAB02, 0xD3E2, 0xE403, 0xEBE2, 0xEC02, 0xE3C2, 0xC2A1, 0xA1A1, 0x8141, 0x7941, 0x7981, 0x81E2, 0x8A02, 0x81C2, 0x81C1,
  0x79A1, 0x7160, 0x7960, 0x99C0, 0xBA60, 0xD321, 0xDC02, 0xE4E3, 0xE544, 0xCCA4, 0xB3A3, 0x9B22, 0x9B01, 0xA341, 0xBC01, 0xCC81,
  0xD481, 0xDC81, 0xECE1, 0xF522, 0xFCE2, 0xF422, 0xEB01, 0xCA20, 0xA1C0, 0xA260, 0xBB80, 0xCC81, 0xD521, 0xCD41, 0xB4E1, 0xA461,
  0xB4E1, 0xC561, 0xAD01, 0x7400, 0x4320, 0x3300, 0x3B41, 0x3B41, 0x2281, 0x09A1, 0x0121, 0x0101, 0x0102, 0x0903, 0x00C3, 0x0062,
  0x71A1, 0xAB02, 0xD403, 0xE423, 0xEBC2, 0xEBE2, 0xEC23, 0xDB62, 0xBA61, 0xA1C1, 0x8181, 0x7961, 0x79A2, 0x81E2, 0x89E2, 0x89E1,
  0x81C1, 0x7981, 0x7160, 0x89A0, 0xA200, 0xBA60, 0xC2E1, 0xD3C2, 0xDCA3, 0xD483, 0xC403, 0xB3C2, 0xAB62, 0xA341, 0xBBE1, 0xD481,
  0xDCA1, 0xE4A1, 0xF501, 0xF542, 0xF4E2, 0xEBE2, 0xE301, 0xCA81, 0xAA21, 0xA280, 0xAB61, 0xBC01, 0xBC81, 0xBCE1, 0xA481, 0x9421,
  0xACA1, 0xBD41, 0xAD21, 0x7C40, 0x4B60, 0x3B20, 0x3B41, 0x3321, 0x1A81, 0x09A1, 0x0141, 0x0101, 0x0102, 0x0903, 0x08E3, 0x0062,
  0x71A1, 0xAB23, 0xD443, 0xE463, 0xEBE2, 0xEBC2, 0xEC03, 0xE402, 0xD342, 0xBA82, 0x99E1, 0x7961, 0x6921, 0x7161, 0x81C1, 0x9201,
  0x8A01, 0x81E1, 0x81C1, 0x89C1, 0x9A01, 0xA200, 0xA221, 0xB2C1, 0xCBC2, 0xD443, 0xCC02, 0xC402, 0xBBE2, 0xB3A2, 0xBBE1, 0xD481,
  0xE4E1, 0xECE1, 0xF501, 0xF501, 0xE462, 0xCB61, 0xC2C1, 0xC2C1, 0xBAC1, 0xAAC1, 0xAB41, 0xABA1, 0xABE1, 0xAC61, 0x9C21, 0x8BE1,
  0x9C41, 0xB501, 0xB501, 0x8C61, 0x5BC0, 0x4380, 0x4381, 0x4361, 0x2281, 0x09C1, 0x0141, 0x0101, 0x0102, 0x0903, 0x08E3, 0x0082,
  0x79A1, 0xAB23, 0xD484, 0xE4E4, 0xEC43, 0xEBC2, 0xEBE2, 0xEC23, 0xE402, 0xD342, 0xB262, 0x8181, 0x6100, 0x6121, 0x7981, 0x89E1,
  0x9201, 0x9201, 0x8A01, 0x8A01, 0x9A21, 0x9A01, 0x91E1, 0x9A21, 0xBB22, 0xCBE2, 0xCC02, 0xCBE2, 0xC402, 0xBBE2, 0xC422, 0xD4C2,
  0xED41, 0xF541, 0xF521, 0xECC1, 0xCBC2, 0xAAA1, 0xA241, 0xB2C1, 0xBB41, 0xBB41, 0xB361, 0xAB61, 0xABA1, 0xAC21, 0x9C02, 0x8BC1,
  0x9401, 0xB4A1, 0xBD01, 0x9460, 0x63E0, 0x53A0, 0x53A1, 0x4B81, 0x2AA1, 0x09C1, 0x0141, 0x0101, 0x0102, 0x0903, 0x08E3, 0x0062,
  0x79A1, 0xAB23, 0xD484, 0xE525, 0xECE4, 0xEC23, 0xEBE2, 0xF402, 0xEC43, 0xE402, 0xC322, 0x9A01, 0x6920, 0x6100, 0x7161, 0x89E1,
  0x9201, 0x89E1, 0x89E1, 0x8A01, 0x8A01, 0x9201, 0x89E1, 0x9201, 0xAAE1, 0xC3A2, 0xCBE2, 0xC3C2, 0xBBA2, 0xBBC2, 0xC402, 0xD4C2,
  0xED62, 0xF5A1, 0xED21, 0xD441, 0xAB01, 0x8201, 0x79C1, 0xA2A1, 0xC382, 0xCBE2, 0xBBC2, 0xB381, 0xB3C1, 0xC461, 0xAC62, 0x9402,
  0x93E1, 0xAC81, 0xBCE1, 0x9C60, 0x6BC0, 0x5380, 0x53A0, 0x5381, 0x32A1, 0x11C1, 0x0141, 0x0101, 0x00E2, 0x08E3, 0x08C3, 0x0062,
  0x79A2, 0xB323, 0xD464, 0xED45, 0xED45, 0xEC84, 0xEC03, 0xF3E2, 0xF442, 0xEC62, 0xD3C2, 0xB2A1, 0x81A1, 0x7140, 0x7981, 0x89E1,
  0x89E1, 0x81C1, 0x7181, 0x7181, 0x71A1, 0x79C1, 0x81E1, 0x8A21, 0xAAC1, 0xBB42, 0xC3A2, 0xBBA2, 0xAB42, 0xA321, 0xB382, 0xD462,
  0xED62, 0xF5A2, 0xE521, 0xC3E1, 0x8AA1, 0x69C1, 0x69A1, 0x9261, 0xBB82, 0xD422, 0xCC02, 0xBBA1, 0xC3E1, 0xD481, 0xBC61, 0x8BC2,
  0x8381, 0x9C01, 0xB481, 0x9C20, 0x6B80, 0x5360, 0x5380, 0x5381, 0x3AC1, 0x11E1, 0x0141, 0x0101, 0x00E2, 0x08E2, 0x08C3, 0x0062,
  0x79A2, 0xB303, 0xDC44, 0xED05, 0xED65, 0xECE5, 0xEC23, 0xEBC2, 0xEC02, 0xEC42, 0xE422, 0xC362, 0xA261, 0x89E1, 0x89E1, 0x9A21,
  0x9201, 0x7981, 0x6140, 0x5100, 0x5121, 0x6161, 0x79C1, 0x8A21, 0xA2A1, 0xAAE1, 0xB342, 0xB383, 0xA322, 0x92A1, 0xA301, 0xCC02,
  0xED02, 0xED82, 0xDCE2, 0xABA2, 0x7A81, 0x61C1, 0x61C1, 0x8A61, 0xB361, 0xCC02, 0xC3E2, 0xBB81, 0xCC01, 0xCC61, 0xB441, 0x8381,
  0x7300, 0x8BA0, 0xAC41, 0x93E0, 0x6340, 0x4B00, 0x5360, 0x5BA1, 0x4301, 0x1A01, 0x0141, 0x0101, 0x00E1, 0x08E2, 0x08C3, 0x0062,
  0x79A2, 0xB303, 0xDC04, 0xECC4, 0xF545, 0xED05, 0xEC43, 0xE3A2, 0xE3A2, 0xE3E2, 0xE422, 0xD3C2, 0xBB02, 0xAAA1, 0xA281, 0xA281,
  0x9221, 0x7981, 0x5900, 0x40C0, 0x38C0, 0x4901, 0x69A1, 0x8A21, 0x9A81, 0x9AA1, 0x9AC2, 0xA323, 0x9B23, 0x92C2, 0xA2E1, 0xCBC2,
  0xE4A2, 0xED43, 0xCCA2, 0x9B62, 0x72A2, 0x6221, 0x6201, 0x8A81, 0xB341, 0xC3C2, 0xB362, 0xAB21, 0xB3A1, 0xBC21, 0xAC01, 0x8360,
  0x7300, 0x8B80, 0xB420, 0xA400, 0x6B40, 0x4AE0, 0x5B40, 0x63C1, 0x4321, 0x1A41, 0x0981, 0x0121, 0x00E2, 0x08E2, 0x08E3, 0x0082,
  0x79A2, 0xB323, 0xDC03, 0xEC43, 0xF4E4, 0xECE5, 0xE423, 0xE362, 0xDB42, 0xD362, 0xD3C2, 0xD3C2, 0xCB82, 0xC322, 0xBB02, 0xB2C2,
  0x9A41, 0x79A1, 0x5900, 0x38A0, 0x30A0, 0x40E0, 0x6181, 0x8222, 0x9261, 0x9281, 0x9282, 0x92C2, 0xA343, 0xA343, 0xAB42, 0xCBC2,
  0xEC82, 0xED23, 0xC483, 0x8B42, 0x72C2, 0x6AA2, 0x7261, 0x92A1, 0xB341, 0xB342, 0x9AE2, 0x8AC1, 0x9321, 0xA3C1, 0x9BE1, 0x8360,
  0x7320, 0x9380, 0xB440, 0xB461, 0x83A0, 0x6340, 0x6380, 0x6BE1, 0x4B61, 0x2261, 0x09A1, 0x0141, 0x0102, 0x0902, 0x08E3, 0x0082,
  0x79A2, 0xB324, 0xDC04, 0xEC03, 0xF463, 0xECA4, 0xE3E3, 0xD322, 0xCAC1, 0xCAE2, 0xC322, 0xCB62, 0xCB82, 0xC362, 0xCB62, 0xBB02,
  0xA261, 0x81C1, 0x6141, 0x40E0, 0x30A0, 0x38C0, 0x5141, 0x71E2, 0x8221, 0x9282, 0x92A2, 0x92A2, 0xA323, 0xB3A3, 0xC3E2, 0xDC22,
  0xECA2, 0xED43, 0xBCA3, 0x8342, 0x72E2, 0x7B22, 0x82E2, 0x92C1, 0xAB01, 0x9AC1, 0x8281, 0x6A61, 0x72C1, 0x8B81, 0x9C01, 0x83A0,
  0x7B20, 0x8B60, 0xB420, 0xBC81, 0x8BE0, 0x7380, 0x73E0, 0x7C20, 0x5BA1, 0x22A1, 0x09E1, 0x0162, 0x0122, 0x0903, 0x0903, 0x0082,
  0x71C2, 0xB344, 0xDC24, 0xEC03, 0xF402, 0xF463, 0xDBC3, 0xCAC2, 0xC261, 0xBA81, 0xBAA2, 0xBAE2, 0xB2E2, 0xBB22, 0xC342, 0xC322,
  0xAAA2, 0x89E1, 0x7181, 0x5120, 0x38C0, 0x30C0, 0x4101, 0x5161, 0x69C1, 0x8A82, 0x9AC2, 0x9282, 0xA2E2, 0xBBC3, 0xD463, 0xEC82,
  0xF4E2, 0xED83, 0xC4C3, 0x8342, 0x72E1, 0x8342, 0x8B22, 0x9AE2, 0x9AC1, 0x7A41, 0x6201, 0x5201, 0x5261, 0x7B41, 0x9C01, 0x8BC0,
  0x7B40, 0x8B60, 0xB420, 0xBC61, 0x93E0, 0x7380, 0x7BC0, 0x8420, 0x5BA1, 0x2AC1, 0x1201, 0x0182, 0x0122, 0x0923, 0x0903, 0x00A2,
  0x79C2, 0xB364, 0xDC65, 0xEC23, 0xF3E2, 0xF443, 0xDBC3, 0xC281, 0xBA21, 0xB241, 0xB262, 0xAA62, 0xA262, 0xA282, 0xB2C2, 0xC302,
  0xB2E2, 0x9242, 0x71A1, 0x5941, 0x38E0, 0x30A0, 0x30C0, 0x40E0, 0x5961, 0x8262, 0xA302, 0x9A82, 0x9AA1, 0xBB62, 0xDC62, 0xECE2,
  0xF541, 0xF5C2, 0xC502, 0x8361, 0x6AA1, 0x7B02, 0x8B02, 0x92E2, 0x8AA2, 0x6A01, 0x49C1, 0x39C1, 0x4221, 0x6B21, 0x93C1, 0x8BC1,
  0x7B60, 0x8B80, 0xB400, 0xBC61, 0x93C0, 0x7360, 0x7380, 0x7BE0, 0x63A1, 0x32E1, 0x1A42, 0x0982, 0x0122, 0x0902, 0x0903, 0x00A2,
  0x79E2, 0xB365, 0xDC85, 0xEC64, 0xF402, 0xF423, 0xE3E3, 0xC281, 0xA9E1, 0xAA22, 0xAA82, 0xA262, 0x89E1, 0x81C1, 0x9A21, 0xB2C2,
  0xBB02, 0x9AA2, 0x79C1, 0x5941, 0x38E0, 0x28A0, 0x2080, 0x28A0, 0x4900, 0x7A41, 0xA322, 0xA2A2, 0x9A61, 0xB2E1, 0xD402, 0xF4E2,
  0xFD81, 0xF5E2, 0xCD22, 0x9381, 0x72A1, 0x7AC1, 0x82C2, 0x82A2, 0x7A62, 0x59E1, 0x41A1, 0x31A1, 0x3A21, 0x62E1, 0x8BA1, 0x8BC1,
  0x7B60, 0x8340, 0xABE0, 0xBC21, 0x93A1, 0x6B20, 0x6B40, 0x7BE0, 0x6BA1, 0x4301, 0x2242, 0x0981, 0x0101, 0x00E2, 0x08E3, 0x00A2,
  0x81E3, 0xBB65, 0xE4A6, 0xF4C4, 0xF443, 0xF443, 0xE403, 0xC2A2, 0xA1C1, 0xA201, 0xAAA3, 0x9A83, 0x79C2, 0x6941, 0x7981, 0xA262,
  0xBB22, 0xAAE3, 0x8202, 0x5941, 0x38E0, 0x28A0, 0x2080, 0x2880, 0x38E0, 0x7A21, 0xAB43, 0xAAE2, 0xA261, 0xB2A1, 0xD3A1, 0xECA1,
  0xFD81, 0xF5E1, 0xDD42, 0xABE1, 0x82E1, 0x82C1, 0x82A1, 0x8282, 0x7242, 0x51E1, 0x41E1, 0x31E1, 0x3A21, 0x52C1, 0x7B61, 0x8381,
  0x7320, 0x7300, 0x9B80, 0xABE1, 0x8B41, 0x62C0, 0x6320, 0x83C0, 0x73A1, 0x4B01, 0x2A42, 0x0961, 0x00E1, 0x00C2, 0x08E2, 0x0082,
  0x81E2, 0xBB45, 0xE4A6, 0xF505, 0xF483, 0xF463, 0xEC43, 0xCAE2, 0xA1C1, 0x91C1, 0xA283, 0xA2C4, 0x79E2, 0x6121, 0x6940, 0x9A21,
  0xBAE2, 0xB2E2, 0x8A22, 0x6161, 0x4100, 0x28A0, 0x2080, 0x28A0, 0x4100, 0x7A21, 0xB362, 0xBB42, 0xB2A1, 0xC2C0, 0xDB61, 0xEC61,
  0xF541, 0xFDC1, 0xED61, 0xC481, 0xA3A1, 0x9B21, 0x92E1, 0x82A2, 0x6201, 0x49E1, 0x4A22, 0x4242, 0x3A41, 0x52A1, 0x7341, 0x7B41,
  0x62C1, 0x6AA0, 0x8B20, 0xA3A1, 0x8321, 0x5A80, 0x5AE0, 0x7B81, 0x73A1, 0x5301, 0x2A41, 0x1161, 0x00E1, 0x00C2, 0x08E2, 0x0082,
  0x89E2, 0xC324, 0xE445, 0xF4E5, 0xF4A4, 0xF483, 0xEC63, 0xCB22, 0x99C1, 0x8981, 0x9222, 0x9AC4, 0x8223, 0x5921, 0x6120, 0x91E1,
  0xBAC2, 0xBAE2, 0x9A62, 0x79E1, 0x5981, 0x4120, 0x38E0, 0x40E0, 0x5961, 0x8A61, 0xBB82, 0xCB82, 0xCB21, 0xCB00, 0xDB40, 0xEC20,
  0xF520, 0xFDA1, 0xF581, 0xE522, 0xCC62, 0xBBE1, 0xAB61, 0x8AA2, 0x59C1, 0x41A1, 0x4A22, 0x4262, 0x4281, 0x52C1, 0x6B21, 0x6B21,
  0x5AA1, 0x62A0, 0x8300, 0xA381, 0x8B41, 0x5AA1, 0x52C0, 0x6B61, 0x7381, 0x5B41, 0x3261, 0x1181, 0x0921, 0x08E2, 0x08E2, 0x0082,
  0x89E2, 0xC304, 0xE3E4, 0xF4A4, 0xF4A4, 0xF483, 0xEC63, 0xD363, 0xA1E1, 0x7940, 0x79C1, 0x8A63, 0x8223, 0x6141, 0x6121, 0x89E1,
  0xB2A2, 0xBAC2, 0xAAA2, 0x9282, 0x8282, 0x6A01, 0x59A1, 0x6181, 0x7A01, 0x9B02, 0xC3E3, 0xD3E2, 0xD3A1, 0xD340, 0xDB40, 0xE400,
  0xF500, 0xFDA1, 0xF5A2, 0xF582, 0xE522, 0xDC82, 0xC3C2, 0x92A2, 0x59A1, 0x4161, 0x41E1, 0x4241, 0x4281, 0x52C1, 0x6321, 0x6301,
  0x62A1, 0x6AA0, 0x8300, 0x9361, 0x7B21, 0x5281, 0x4AA1, 0x6341, 0x7BC1, 0x6BA2, 0x42C2, 0x19C1, 0x0941, 0x0902, 0x08E2, 0x0081,
  0x8A02, 0xC2E3, 0xE384, 0xF424, 0xF463, 0xF443, 0xEC43, 0xD383, 0xAA21, 0x7920, 0x6941, 0x79E2, 0x8203, 0x6961, 0x6141, 0x8A01,
  0xB2A2, 0xBAA2, 0xB2C2, 0xB322, 0xAB63, 0x9B23, 0x8AA2, 0x8A81, 0xA302, 0xBBC3, 0xD463, 0xDC83, 0xDC22, 0xDBA1, 0xDB60, 0xE420,
  0xF521, 0xFDA1, 0xFDC2, 0xF583, 0xF543, 0xECC2, 0xD3E2, 0x9AA1, 0x61A1, 0x5181, 0x49E1, 0x4A21, 0x4261, 0x4AC1, 0x5B01, 0x6B21,
  0x7301, 0x7B01, 0x7B01, 0x7B01, 0x5AA1, 0x3A41, 0x3A41, 0x52E1, 0x7382, 0x73C2, 0x4AE2, 0x19E2, 0x0962, 0x0902, 0x08C2, 0x0081,
  0x89E2, 0xC2C3, 0xE323, 0xF3A3, 0xF3E3, 0xEC03, 0xE403, 0xD383, 0xAA42, 0x8141, 0x6920, 0x6981, 0x79C2, 0x6982, 0x6961, 0x89E2,
  0xA262, 0xB282, 0xB2C2, 0xC342, 0xC3C3, 0xB3C3, 0xB383, 0xB362, 0xC3C2, 0xD463, 0xDCC3, 0xE503, 0xE4C3, 0xE422, 0xE3C1, 0xEC41,
  0xF521, 0xFD82, 0xF563, 0xF503, 0xF4C3, 0xEC62, 0xDBA1, 0xB2A1, 0x8A01, 0x7A01, 0x6A21, 0x5241, 0x4241, 0x4281, 0x5B01, 0x7B61,
  0x8B81, 0x8B81, 0x8321, 0x62C1, 0x4241, 0x2A01, 0x21E1, 0x3A41, 0x5B01, 0x6B62, 0x42C2, 0x19C1, 0x0942, 0x0902, 0x08C2, 0x0061,
  0x89E2, 0xC2A3, 0xE2E2, 0xEB02, 0xEB62, 0xEB82, 0xE3A2, 0xD362, 0xBA82, 0x89A1, 0x6921, 0x6941, 0x79A2, 0x71A2, 0x6961, 0x81C2,
  0x9222, 0x9A22, 0xAA82, 0xBB22, 0xC3A3, 0xBBC3, 0xBBC3, 0xCBC2, 0xD423, 0xDC83, 0xE4A3, 0xE503, 0xED24, 0xE4C3, 0xE421, 0xEC61,
  0xF501, 0xF521, 0xECA2, 0xEC02, 0xE3C2, 0xE3A1, 0xDB61, 0xC301, 0xAAA1, 0x9A81, 0x8282, 0x6261, 0x4241, 0x4261, 0x52E1, 0x7341,
  0x8381, 0x8B81, 0x7B41, 0x5AC1, 0x3241, 0x19E2, 0x19A1, 0x21A1, 0x3A41, 0x4AA2, 0x3242, 0x19A1, 0x0942, 0x08E2, 0x08C2, 0x0061,
  0x81A2, 0xC283, 0xDA82, 0xE2A2, 0xE302, 0xE302, 0xDB22, 0xD342, 0xBAC2, 0x99E2, 0x7981, 0x7161, 0x79A2, 0x81C2, 0x7182, 0x7181,
  0x79A1, 0x81A1, 0x9202, 0xB2E2, 0xB323, 0xAAE2, 0xAB02, 0xC362, 0xDC02, 0xE462, 0xE442, 0xEC82, 0xED03, 0xED03, 0xECA2, 0xF4A1,
  0xF521, 0xF4E1, 0xEC02, 0xDB21, 0xD2E1, 0xDB21, 0xDB61, 0xD361, 0xCB21, 0xB2C1, 0x8A82, 0x6261, 0x4221, 0x3A41, 0x4AC1, 0x62E1,
  0x6B01, 0x7301, 0x6B01, 0x52A1, 0x2A22, 0x19C2, 0x1181, 0x1161, 0x21A1, 0x2A01, 0x21A1, 0x1141, 0x0922, 0x08E2, 0x08A2, 0x0061,
  0x8182, 0xBA62, 0xD242, 0xDA41, 0xDA82, 0xDAA2, 0xD2A1, 0xCAE2, 0xBAA2, 0xAA42, 0x89C2, 0x81A1, 0x81C2, 0x8A02, 0x7182, 0x6141,
  0x6141, 0x6141, 0x79A1, 0xA282, 0xA2A2, 0x9222, 0x9221, 0xB2C1, 0xD3A2, 0xE443, 0xE402, 0xE402, 0xEC82, 0xF503, 0xF502, 0xF522,
  0xF562, 0xF4E2, 0xE3E2, 0xCAE1, 0xBA61, 0xC2C1, 0xCB41, 0xD361, 0xCB41, 0xAAC1, 0x7A21, 0x5A01, 0x3A01, 0x3A41, 0x4281, 0x52C1,
  0x5281, 0x5A81, 0x5281, 0x3A61, 0x2202, 0x11C2, 0x0982, 0x0941, 0x1141, 0x1981, 0x1161, 0x1141, 0x0901, 0x08C2, 0x08A2, 0x0061,
  0x7941, 0xBA22, 0xD222, 0xC9C1, 0xD221, 0xD241, 0xC241, 0xBA62, 0xBA82, 0xAA42, 0x9202, 0x89E2, 0x8A02, 0x9223, 0x79A2, 0x6121,
  0x5101, 0x48E0, 0x6141, 0x9242, 0x9A82, 0x81C1, 0x7981, 0xA221, 0xCB42, 0xDC43, 0xE403, 0xE3A2, 0xEC22, 0xF4C3, 0xF543, 0xF5A3,
  0xF5A3, 0xF523, 0xE423, 0xCB02, 0xB261, 0xB2A1, 0xBAE1, 0xBB01, 0xC342, 0xAAE2, 0x7201, 0x51E1, 0x3A01, 0x3A41, 0x42A1, 0x4AA1,
  0x4A41, 0x5241, 0x4A41, 0x3221, 0x1A02, 0x11C2, 0x09A2, 0x0941, 0x0921, 0x0921, 0x0941, 0x1121, 0x1101, 0x08C1, 0x08A2, 0x0061,
  0x7921, 0xB202, 0xC9E1, 0xC181, 0xC9C1, 0xC1E1, 0xB9E1, 0xB201, 0xAA22, 0xA222, 0x9A02, 0x89E2, 0x8A02, 0x9A42, 0x81C2, 0x6121,
  0x48E1, 0x40C0, 0x5121, 0x8A22, 0xA283, 0x81C2, 0x7141, 0x89A1, 0xBAE2, 0xDC24, 0xDC03, 0xE382, 0xEBE2, 0xF4C3, 0xF583, 0xF5E3,
  0xF5A3, 0xF503, 0xE423, 0xCB63, 0xBAE2, 0xB2C2, 0xAA81, 0xAA81, 0xC342, 0xBB62, 0x8A82, 0x5A21, 0x4A41, 0x4261, 0x4AC1, 0x4AC1,
  0x4A61, 0x5241, 0x4A61, 0x2A01, 0x19E2, 0x11C2, 0x09A2, 0x0962, 0x0121, 0x0921, 0x0921, 0x1122, 0x1101, 0x08C1, 0x08A2, 0x0061,
  0x7121, 0xB1E2, 0xC9E1, 0xC181, 0xB981, 0xB9C1, 0xB1A1, 0xA1A1, 0x99E2, 0x99E2, 0x89C2, 0x81A2, 0x81C2, 0x9222, 0x89E2, 0x6941,
  0x5101, 0x40E1, 0x5121, 0x8A02, 0xA2A3, 0x8A02, 0x7141, 0x8161, 0xAA81, 0xCBA3, 0xD3A3, 0xD342, 0xE3C2, 0xF4C3, 0xF584, 0xEDE4,
  0xEDA4, 0xE482, 0xD3A2, 0xCB62, 0xC343, 0xBAE2, 0x9A21, 0x9A21, 0xC362, 0xCC02, 0xAB42, 0x7AA2, 0x5AA2, 0x52C1, 0x5302, 0x52E2,
  0x5281, 0x5A81, 0x5261, 0x2A01, 0x11C2, 0x09C2, 0x09A2, 0x0962, 0x0121, 0x0121, 0x0941, 0x1142, 0x1101, 0x08C1, 0x0881, 0x0061,
  0x7101, 0xB1E2, 0xCA02, 0xB981, 0xB981, 0xB1A1, 0xA981, 0x9181, 0x8981, 0x89A2, 0x81A2, 0x7161, 0x7181, 0x8A02, 0x8A02, 0x7182,
  0x6162, 0x5121, 0x5941, 0x8A02, 0xAAA3, 0x9A63, 0x7982, 0x7141, 0x9A21, 0xBB22, 0xC322, 0xC2C2, 0xDB82, 0xECC3, 0xF584, 0xEDC4,
  0xE564, 0xD3E2, 0xB2A1, 0xB2A1, 0xC322, 0xBAE2, 0x9A01, 0x9A01, 0xCB82, 0xDC63, 0xBBC2, 0x82C2, 0x6AC2, 0x6342, 0x5B42, 0x5302,
  0x52A1, 0x5A81, 0x5261, 0x29E1, 0x11A1, 0x09A2, 0x09A2, 0x0962, 0x0121, 0x0101, 0x0921, 0x1121, 0x1101, 0x08C1, 0x0881, 0x0061,
  0x7101, 0xB9E2, 0xCA22, 0xC1C1, 0xB9A1, 0xB1A1, 0xA181, 0x9161, 0x7941, 0x7961, 0x7161, 0x5901, 0x6141, 0x81C2, 0x9202, 0x81C2,
  0x71A2, 0x6162, 0x6982, 0x8A02, 0xAAA3, 0xAAA3, 0x81C2, 0x7141, 0x91E1, 0xB2C2, 0xB2A2, 0xB241, 0xD322, 0xE483, 0xED43, 0xED84,
  0xE523, 0xC382, 0x9A00, 0x9A01, 0xBAA2, 0xBAC2, 0xA221, 0xA221, 0xCBA2, 0xE4C3, 0xC423, 0x82A1, 0x6A81, 0x6B43, 0x6363, 0x5302,
  0x4AA1, 0x5AA1, 0x4A61, 0x21E1, 0x11A1, 0x09A1, 0x09A2, 0x0962, 0x0121, 0x0101, 0x0921, 0x1121, 0x1101, 0x08C1, 0x0881, 0x0061,
  0x7101, 0xBA02, 0xD262, 0xCA02, 0xC1E2, 0xB9E2, 0xA9A1, 0x9181, 0x7941, 0x6941, 0x6121, 0x50E1, 0x5101, 0x79A1, 0x9202, 0x8A02,
  0x79C2, 0x7182, 0x7182, 0x89E2, 0xAA83, 0xAAC3, 0x9202, 0x7961, 0x91E1, 0xB282, 0xAA21, 0xA201, 0xC2E1, 0xDC02, 0xECC3, 0xED23,
  0xE4E3, 0xBB62, 0x89C0, 0x91A0, 0xAA61, 0xBAA2, 0xB261, 0xB281, 0xD3E2, 0xED64, 0xD4E4, 0x9302, 0x6A41, 0x62E2, 0x5B23, 0x4AE2,
  0x42A1, 0x4A81, 0x4261, 0x21E1, 0x11A1, 0x0981, 0x0982, 0x0962, 0x0121, 0x0901, 0x1121, 0x1121, 0x1101, 0x08A1, 0x0861, 0x0041,
  0x7101, 0xBA02, 0xDA82, 0xD262, 0xCA42, 0xC222, 0xA9C2, 0x91A2, 0x7141, 0x5921, 0x5101, 0x48C0, 0x48E0, 0x7181, 0x89E2, 0x8A02,
  0x79C2, 0x6982, 0x7182, 0x89C2, 0xA242, 0xB2C3, 0xA262, 0x9201, 0xA241, 0xB262, 0xA201, 0xA1E1, 0xBA81, 0xD362, 0xDC22, 0xE4A2,
  0xE482, 0xC362, 0x9200, 0x91E1, 0xAA61, 0xB281, 0xBAA1, 0xC2C1, 0xDC23, 0xF5E5, 0xE5A5, 0xABC2, 0x7A61, 0x62A2, 0x52C2, 0x4282,
  0x3A61, 0x4261, 0x3241, 0x19C1, 0x09A1, 0x0981, 0x0961, 0x0962, 0x0922, 0x0901, 0x1122, 0x1941, 0x1101, 0x10C1, 0x0861, 0x0041,
  0x68E1, 0xB9E2, 0xDAA2, 0xDAA2, 0xDAA2, 0xCA62, 0xB1E2, 0x99C2, 0x7961, 0x5901, 0x48E1, 0x40C0, 0x48E1, 0x7181, 0x81C2, 0x81C2,
  0x79A2, 0x6962, 0x7162, 0x81A2, 0x9A02, 0xAAA3, 0xB2A2, 0xAA82, 0xBAA2, 0xBA82, 0xA1E1, 0xA1E1, 0xBA41, 0xC2C1, 0xCB62, 0xD402,
  0xDC42, 0xCBA2, 0xA241, 0xA221, 0xB281, 0xB281, 0xC2C1, 0xD341, 0xE483, 0xF604, 0xEE04, 0xC462, 0x8AC1, 0x6261, 0x4A61, 0x3A41,
  0x3A41, 0x3A41, 0x3221, 0x19C1, 0x0981, 0x0961, 0x0961, 0x0982, 0x0942, 0x0921, 0x1142, 0x1941, 0x1921, 0x10E1, 0x0861, 0x0040,
  0x68C0, 0xB9C2, 0xE282, 0xE2C3, 0xE2C3, 0xD2A2, 0xBA02, 0x99C2, 0x79A2, 0x5901, 0x48C0, 0x48E1, 0x5101, 0x7181, 0x79A1, 0x7161,
  0x7161, 0x6141, 0x6962, 0x8181, 0x91C1, 0xAA62, 0xB282, 0xBAC2, 0xCB02, 0xCAE2, 0xB221, 0xA9E1, 0xB221, 0xB221, 0xB281, 0xC342,
  0xDC02, 0xD3C2, 0xB2C1, 0xAA61, 0xB2A2, 0xB281, 0xC2E1, 0xD3A1, 0xECA2, 0xF5C3, 0xF5E3, 0xD4A2, 0x92E1, 0x6221, 0x4201, 0x3221,
  0x3241, 0x3221, 0x3221, 0x21E1, 0x11A1, 0x0981, 0x0981, 0x0982, 0x0962, 0x0921, 0x1142, 0x1941, 0x1921, 0x10C1, 0x0860, 0x0040,
  0x6080, 0xB181, 0xE262, 0xEAA2, 0xE2C2, 0xDAA2, 0xBA02, 0xA1C2, 0x81A2, 0x5921, 0x48E0, 0x4901, 0x5921, 0x7182, 0x7181, 0x6941,
  0x6941, 0x6141, 0x7162, 0x81A2, 0x91A1, 0x9A01, 0xAA42, 0xBA82, 0xD302, 0xD322, 0xBA61, 0xB221, 0xB221, 0xA1E1, 0xA201, 0xB2C2,
  0xD3C2, 0xDBE2, 0xC301, 0xBAA1, 0xB2A1, 0xB281, 0xBAE1, 0xD3A1, 0xE462, 0xF522, 0xF582, 0xDCE1, 0x9B00, 0x6A00, 0x49E0, 0x3A01,
  0x3A41, 0x3241, 0x3A61, 0x2A21, 0x19E1, 0x11A1, 0x09A1, 0x0982, 0x0982, 0x0941, 0x1162, 0x1941, 0x1101, 0x10C1, 0x0860, 0x0040,
  0x5860, 0xB141, 0xE222, 0xEA82, 0xEA82, 0xDA62, 0xB9E2, 0x99A1, 0x89C2, 0x6141, 0x48E1, 0x5121, 0x6141, 0x7182, 0x7161, 0x5901,
  0x6101, 0x6941, 0x7161, 0x89A1, 0x91A1, 0x99C1, 0xA1E1, 0xB221, 0xD2C2, 0xDB22, 0xCAA1, 0xBA41, 0xB221, 0xA201, 0x99C1, 0xAA82,
  0xD3C2, 0xDBE2, 0xD361, 0xC301, 0xBAC1, 0xB2A1, 0xB2A1, 0xBB01, 0xCB81, 0xE441, 0xF541, 0xE541, 0xB3A0, 0x7A40, 0x51E0, 0x4221,
  0x3A41, 0x3A41, 0x4281, 0x3A81, 0x2221, 0x1A01, 0x11E1, 0x11C2, 0x11A2, 0x1141, 0x1961, 0x1921, 0x10E1, 0x10A1, 0x0860, 0x0040,
  0x5860, 0xA901, 0xD9E1, 0xEA42, 0xEA62, 0xDA42, 0xB9C1, 0x9981, 0x89C2, 0x6961, 0x5101, 0x6141, 0x6961, 0x7182, 0x6962, 0x50E1,
  0x5901, 0x6941, 0x7961, 0x91A1, 0x99C1, 0x91A1, 0xA1A1, 0xB201, 0xCA81, 0xDB02, 0xCAE2, 0xBA41, 0xAA21, 0xA201, 0xA201, 0xB281,
  0xD3A2, 0xE402, 0xD3A2, 0xC321, 0xC2E1, 0xBAC1, 0xAA41, 0xA221, 0xAA60, 0xCBA1, 0xED62, 0xEDC2, 0xCC60, 0x92C0, 0x6A40, 0x4A41,
  0x4241, 0x4261, 0x4AA1, 0x4AC1, 0x3261, 0x2221, 0x1A01, 0x1A02, 0x19C2, 0x1161, 0x1961, 0x1121, 0x10E1, 0x08A1, 0x0840, 0x0040,
  0x5040, 0xA8E1, 0xD9C1, 0xEA21, 0xEA21, 0xDA21, 0xB9A1, 0x9961, 0x89A2, 0x6961, 0x5101, 0x6981, 0x7181, 0x7161, 0x6962, 0x5101,
  0x50E0, 0x7141, 0x8181, 0x91C1, 0x99C1, 0x91A1, 0xA1A1, 0xBA01, 0xCA61, 0xDAE2, 0xD302, 0xB261, 0xA1E1, 0xA202, 0xAA21, 0xBAC1,
  0xDBA2, 0xE3E1, 0xD382, 0xB2E1, 0xB2C1, 0xBAC1, 0xAA21, 0x91A0, 0x91A0, 0xBB41, 0xED84, 0xF643, 0xDCE1, 0xA320, 0x7A60, 0x5220,
  0x3A01, 0x4241, 0x52C1, 0x5AE1, 0x4A81, 0x2A21, 0x19E1, 0x2201, 0x21E2, 0x1981, 0x1961, 0x1121, 0x10E1, 0x0880, 0x0840, 0x0020,
  0x5060, 0xA0E0, 0xD9A1, 0xEA21, 0xEA41, 0xE221, 0xB9A1, 0x9941, 0x89A1, 0x7161, 0x5921, 0x71A1, 0x79A2, 0x7161, 0x6941, 0x5901,
  0x58E0, 0x7141, 0x8981, 0x99C1, 0xA1E1, 0x99A1, 0xA1A1, 0xC221, 0xD261, 0xD2C2, 0xD302, 0xB282, 0x99C1, 0x99E1, 0xAA21, 0xC2C1,
  0xD381, 0xE3E2, 0xCB62, 0xA261, 0xA241, 0xBAA1, 0xAA41, 0x9180, 0x8980, 0xB322, 0xE5A5, 0xF664, 0xE522, 0xB340, 0x8260, 0x5200,
  0x39C0, 0x4A21, 0x5281, 0x62A1, 0x62A1, 0x4241, 0x21E1, 0x2201, 0x2A01, 0x21C1, 0x1961, 0x1121, 0x10E1, 0x0880, 0x0840, 0x0020,
  0x5060, 0xA100, 0xD9E1, 0xEA62, 0xEA82, 0xE241, 0xC1E1, 0xA161, 0x91A1, 0x7981, 0x6121, 0x79A1, 0x89E2, 0x7961, 0x7161, 0x6121,
  0x58E0, 0x7141, 0x91A1, 0xA1E1, 0xAA01, 0x99A1, 0xA9A1, 0xCA41, 0xCA61, 0xCA81, 0xD302, 0xBAA2, 0x99E1, 0x99C1, 0xAA21, 0xBAA1,
  0xC321, 0xD382, 0xC342, 0x9201, 0x91E0, 0xBAA1, 0xB281, 0x91A0, 0x8980, 0xB322, 0xE564, 0xF624, 0xE4E2, 0xB340, 0x8A80, 0x6200,
  0x49E0, 0x4A00, 0x4A01, 0x5221, 0x6AA1, 0x5A61, 0x29C0, 0x21C1, 0x2A01, 0x29E1, 0x2181, 0x1921, 0x10E1, 0x1080, 0x0040, 0x0020,
  0x5880, 0xA141, 0xDA21, 0xEAC2, 0xEAE2, 0xEAC1, 0xCA41, 0xA9C1, 0x99C1, 0x81A1, 0x6941, 0x81C1, 0x9A22, 0x81A1, 0x7981, 0x7961,
  0x6921, 0x7961, 0x99C1, 0xAA01, 0xAA21, 0xA9E1, 0xB1E1, 0xCAA2, 0xCAA2, 0xC261, 0xCAE2, 0xC2A2, 0xAA21, 0xA1E1, 0xAA21, 0xB261,
  0xAA61, 0xB2E2, 0xBB02, 0x9A21, 0x9A01, 0xC2E1, 0xC301, 0x99E0, 0x91A0, 0xB2C1, 0xE483, 0xF563, 0xDC61, 0xAB00, 0x8A80, 0x7240,
  0x6220, 0x5A20, 0x49E0, 0x49E0, 0x6A81, 0x5A61, 0x29A0, 0x1980, 0x21C1, 0x29C1, 0x2181, 0x1941, 0x1901, 0x10A0, 0x0820, 0x0020,
  0x58A0, 0xA181, 0xDA62, 0xEB22, 0xF362, 0xEB42, 0xDAC1, 0xBA41, 0xAA21, 0x9A01, 0x81A1, 0x9201, 0xA282, 0x91E1, 0x89C1, 0x89C1,
  0x81A1, 0x89A1, 0xA201, 0xAA22, 0xB241, 0xB241, 0xC261, 0xD303, 0xD303, 0xC2A2, 0xCAE2, 0xCAC1, 0xBA41, 0xB241, 0xB241, 0xAA21,
  0x91C1, 0x9A21, 0xBAC1, 0xAA81, 0xB281, 0xCB62, 0xCBA2, 0xAA81, 0x9A01, 0xBAA1, 0xDBC2, 0xE482, 0xC3C1, 0x92A0, 0x8280, 0x7A60,
  0x7A60, 0x7A61, 0x6221, 0x6220, 0x72A1, 0x6261, 0x2980, 0x1940, 0x2180, 0x21A1, 0x2181, 0x1941, 0x1901, 0x1080, 0x0020, 0x0020,
  0x60E0, 0xA9E1, 0xDAE2, 0xF3A2, 0xF403, 0xF3E2, 0xE362, 0xCAE1, 0xBAA1, 0xAA81, 0x9221, 0xA261, 0xB2E2, 0xAA81, 0xA242, 0xA262,
  0x9A21, 0xA241, 0xAA62, 0xB242, 0xBA61, 0xC2A2, 0xD2E2, 0xDB83, 0xDB83, 0xCB22, 0xD342, 0xCB01, 0xC2A1, 0xBA82, 0xBA82, 0xAA41,
  0x89A1, 0x91C1, 0xBAA1, 0xC301, 0xC342, 0xD3E3, 0xD443, 0xC362, 0xB281, 0xBAA1, 0xD361, 0xDC22, 0xB341, 0x7A20, 0x7A40, 0x8260,
  0x8AA1, 0x9AE1, 0x8AC1, 0x82C1, 0x82E1, 0x6261, 0x2960, 0x1940, 0x2160, 0x21A1, 0x2181, 0x2141, 0x1901, 0x1080, 0x0020, 0x0000,
  0x6921, 0xB241, 0xE342, 0xF403, 0xF443, 0xF463, 0xEC02, 0xDB82, 0xCB42, 0xC302, 0xB2C2, 0xB302, 0xC362, 0xBB22, 0xBAE2, 0xBAE2,
  0xB2C2, 0xBAE2, 0xBAC2, 0xC2A2, 0xC281, 0xD2E2, 0xE342, 0xE3A3, 0xE3C3, 0xD363, 0xD382, 0xD342, 0xCAE2, 0xBAA2, 0xBA82, 0xB261,
  0x9A01, 0x9A01, 0xBAA1, 0xCB42, 0xCB62, 0xCBA3, 0xD403, 0xD3C3, 0xC302, 0xBAA1, 0xCB42, 0xDC22, 0xB361, 0x7A00, 0x7200, 0x7A40,
  0x92C1, 0xB321, 0xA321, 0x9B21, 0x8AE1, 0x6241, 0x3180, 0x1940, 0x2180, 0x21A1, 0x2181, 0x2121, 0x1901, 0x1080, 0x0020, 0x0000,
  0x7141, 0xBAA2, 0xE382, 0xF443, 0xFC83, 0xFCA3, 0xF462, 0xE402, 0xDBC2, 0xD382, 0xC342, 0xCB62, 0xD3C2, 0xD3C2, 0xCB82, 0xCB62,
  0xCB42, 0xCB62, 0xCB42, 0xCAE2, 0xD2C1, 0xE301, 0xEB62, 0xEB82, 0xE3A2, 0xD362, 0xC342, 0xC302, 0xC2E2, 0xBAA2, 0xB262, 0xC281,
  0xBA81, 0xB282, 0xBAA1, 0xCB22, 0xBB02, 0xB2C2, 0xC322, 0xCB62, 0xCB22, 0xC2C1, 0xCB41, 0xDC42, 0xC3C1, 0x8A60, 0x71E0, 0x71E0,
  0x92A1, 0xBB81, 0xB361, 0xA341, 0x82C1, 0x5A21, 0x31A0, 0x2160, 0x2180, 0x2180, 0x2160, 0x2121, 0x1901, 0x10A0, 0x0020, 0x0000,
  0x7161, 0xC302, 0xEBC2, 0xFC42, 0xFC83, 0xFCA3, 0xF482, 0xEC22, 0xE402, 0xDBC2, 0xD382, 0xD3A2, 0xDC02, 0xDC02, 0xD3E2, 0xD382,
  0xD362, 0xDBA2, 0xDB82, 0xDB21, 0xDAE1, 0xE321, 0xEB81, 0xEB61, 0xE361, 0xC301, 0xAAA1, 0xAA81, 0xBAC2, 0xBAC3, 0xB262, 0xC2A1,
  0xCB22, 0xC302, 0xBAA2, 0xC302, 0xB2C2, 0xAA21, 0xB261, 0xC2E1, 0xD341, 0xD321, 0xD3A1, 0xE4A2, 0xD482, 0xAB21, 0x7A00, 0x69C0,
  0x92A1, 0xBBA2, 0xBBA1, 0xA321, 0x7281, 0x5220, 0x39E0, 0x29A0, 0x2180, 0x2160, 0x2160, 0x2120, 0x1901, 0x10A0, 0x0020, 0x0000,
  0x7961, 0xC322, 0xEBE2, 0xFC22, 0xFC42, 0xFC63, 0xFC62, 0xEC02, 0xEC02, 0xE3C2, 0xDB82, 0xDB82, 0xDBE2, 0xE402, 0xDC03, 0xCB62,
  0xCB22, 0xDB82, 0xE382, 0xE341, 0xE301, 0xEB21, 0xEB61, 0xE341, 0xDB41, 0xB2A1, 0x89E1, 0x89E1, 0xAA62, 0xB2E3, 0xB2A2, 0xC2C2,
  0xCB02, 0xC2E2, 0xB281, 0xBAE2, 0xBAC2, 0xAA41, 0xB241, 0xBAA1, 0xD321, 0xDB81, 0xDC42, 0xE543, 0xE563, 0xCC21, 0x9AA0, 0x79E0,
  0x9AA1, 0xBB81, 0xB361, 0x9301, 0x6220, 0x41E0, 0x39E0, 0x29A0, 0x2180, 0x2160, 0x2160, 0x2120, 0x18E1, 0x1080, 0x0820, 0x0000,
  0x7981, 0xCB63, 0xF403, 0xFBE2, 0xFBE2, 0xFC02, 0xF402, 0xEBC2, 0xE382, 0xE382, 0xDB42, 0xD322, 0xDB62, 0xDBC2, 0xDBC2, 0xC302,
  0xC2A2, 0xD322, 0xDB42, 0xE341, 0xEB41, 0xEB41, 0xE321, 0xE301, 0xDB41, 0xAA81, 0x7181, 0x7161, 0x9222, 0xB303, 0xBB03, 0xBAA2,
  0xB281, 0xAA41, 0xA201, 0xB282, 0xC302, 0xBAC2, 0xBA81, 0xB261, 0xCAE1, 0xD381, 0xDC83, 0xEDC4, 0xEDE4, 0xDD23, 0xBBA1, 0xA2A0,
  0xA2C0, 0xAB01, 0xA301, 0x82C0, 0x5200, 0x39C0, 0x31A0, 0x2980, 0x2180, 0x2180, 0x2160, 0x1920, 0x18E0, 0x1080, 0x0020, 0x0000,
  0x7961, 0xD363, 0xF3E3, 0xFB82, 0xFB42, 0xFB82, 0xF3C2, 0xEB42, 0xDB21, 0xDB22, 0xD2E2, 0xCAA2, 0xCAE1, 0xD362, 0xDBA2, 0xBA82,
  0xAA01, 0xC281, 0xDB02, 0xE341, 0xF381, 0xEB41, 0xDAC1, 0xDAC1, 0xD342, 0xA281, 0x6961, 0x5921, 0x79C2, 0xB2E3, 0xC343, 0xAA62,
  0x91C1, 0x8181, 0x8981, 0xA241, 0xC322, 0xC322, 0xBAC2, 0xAA41, 0xBAA1, 0xCB41, 0xDC63, 0xE585, 0xEDE4, 0xEDC4, 0xDCA2, 0xC380,
  0xAAE0, 0x9AA0, 0x92C1, 0x7AA1, 0x5200, 0x39C0, 0x31A0, 0x2980, 0x2160, 0x2160, 0x2160, 0x1920, 0x18E0, 0x1080, 0x0020, 0x0000,
  0x7961, 0xD343, 0xF3E3, 0xFB22, 0xF2C1, 0xF302, 0xF362, 0xE2E1, 0xD281, 0xD2C2, 0xCA82, 0xBA01, 0xBA21, 0xCAC2, 0xD362, 0xBA62,
  0xA181, 0xB1E1, 0xCAC2, 0xE342, 0xF382, 0xEB21, 0xD261, 0xD261, 0xD342, 0xAAA2, 0x6141, 0x5101, 0x6981, 0xA2C3, 0xC364, 0xA242,
  0x7121, 0x6900, 0x7961, 0xA241, 0xC322, 0xBB02, 0xAAA2, 0xA241, 0xB2A1, 0xCB41, 0xD423, 0xE4C3, 0xED43, 0xED84, 0xE4E2, 0xD401,
  0xB320, 0x9AA0, 0x92C1, 0x7AC1, 0x5A40, 0x41C0, 0x31A0, 0x2980, 0x2160, 0x2160, 0x2160, 0x2120, 0x18E0, 0x1080, 0x0020, 0x0000,
  0x7941, 0xD323, 0xF3C3, 0xFAE1, 0xF261, 0xF281, 0xF302, 0xDAA1, 0xCA21, 0xCA62, 0xC222, 0xA9A1, 0xA981, 0xC241, 0xD322, 0xBA42,
  0x9941, 0xA181, 0xC262, 0xE342, 0xF382, 0xE2E1, 0xD201, 0xD241, 0xDB22, 0xB2C2, 0x6961, 0x48E1, 0x5941, 0x9A83, 0xC343, 0xA242,
  0x7121, 0x6900, 0x8181, 0xA262, 0xB2E2, 0xA282, 0x8A02, 0x9221, 0xB2C1, 0xCBA2, 0xDC43, 0xE463, 0xE4C3, 0xE4E3, 0xE462, 0xD3E1,
  0xB341, 0x9AC0, 0x92E1, 0x82E1, 0x6261, 0x49E0, 0x31A0, 0x2980, 0x2160, 0x2160, 0x2160, 0x2141, 0x18E1, 0x1080, 0x0020, 0x0000,
  0x7921, 0xD303, 0xF3A3, 0xFAA1, 0xF201, 0xF221, 0xF2C2, 0xDA82, 0xC1C1, 0xC201, 0xB9E2, 0x9941, 0x9921, 0xB1E1, 0xD2E2, 0xC262,
  0x9921, 0x9921, 0xC242, 0xE363, 0xEB62, 0xDA81, 0xC9E1, 0xD221, 0xDB22, 0xBAE2, 0x7161, 0x48E1, 0x5941, 0x9222, 0xBB03, 0xA262,
  0x7961, 0x7161, 0x91E1, 0xAAA2, 0xA282, 0x71A1, 0x6961, 0x81C1, 0xAAA1, 0xD403, 0xE4C4, 0xE4C3, 0xE503, 0xE4C3, 0xD3C1, 0xC361,
  0xAB01, 0x9AC0, 0x8AC0, 0x7AA1, 0x5A20, 0x41C0, 0x3180, 0x3180, 0x2960, 0x2140, 0x2161, 0x2941, 0x2101, 0x1080, 0x0020, 0x0000,
  0x7901, 0xCAE2, 0xF382, 0xF281, 0xF1C1, 0xE9E1, 0xEAA2, 0xDA62, 0xB9A1, 0xB9C1, 0xB9E2, 0x9921, 0x9101, 0xB1A1, 0xD2E2, 0xCAA2,
  0xA141, 0xA121, 0xC262, 0xEB83, 0xEB42, 0xD221, 0xC1C1, 0xD262, 0xDB22, 0xC302, 0x79A1, 0x50E1, 0x5922, 0x81E2, 0xB2A2, 0xAA62,
  0x89C2, 0x89C2, 0xAA42, 0xB2E2, 0x8A42, 0x5921, 0x5101, 0x79A1, 0xA261, 0xCBE3, 0xE504, 0xED24, 0xE543, 0xDCA3, 0xC361, 0xA2A0,
  0x9280, 0x92A0, 0x92C0, 0x7A80, 0x51E0, 0x3980, 0x3180, 0x39C0, 0x2980, 0x2140, 0x2141, 0x2961, 0x2101, 0x1080, 0x0820, 0x0000,
  0x70E0, 0xCAA2, 0xF342, 0xF261, 0xE9A1, 0xE9A1, 0xEA62, 0xDA62, 0xB981, 0xB1A1, 0xB1C2, 0x9921, 0x9101, 0xB1A1, 0xD2C2, 0xD2C2,
  0xB181, 0xB161, 0xD282, 0xEBA3, 0xEB02, 0xC9C1, 0xB9A1, 0xD283, 0xDB02, 0xCB22, 0x89E1, 0x5901, 0x5942, 0x81C2, 0xAA62, 0xAA62,
  0x9A02, 0xA222, 0xB2A2, 0xBB02, 0x8222, 0x48E1, 0x4901, 0x79A2, 0x9A21, 0xC362, 0xE4A3, 0xE4C3, 0xE4C2, 0xD442, 0xB321, 0x8A21,
  0x71E0, 0x8240, 0x9B00, 0x9300, 0x6200, 0x3960, 0x39A0, 0x41E0, 0x31A0, 0x2960, 0x2161, 0x2961, 0x2101, 0x1080, 0x0820, 0x0000,
  0x70C0, 0xCA62, 0xEB22, 0xF261, 0xE9C1, 0xE1A1, 0xE242, 0xDA62, 0xB181, 0xA961, 0xB1A2, 0x9941, 0x9921, 0xB1C1, 0xCAA2, 0xD2C2,
  0xC1C1, 0xC181, 0xDAA2, 0xF3A3, 0xEB02, 0xC9A1, 0xB981, 0xD283, 0xE2E2, 0xD322, 0x9A21, 0x6921, 0x6962, 0x89C2, 0xAA62, 0xAA62,
  0xA202, 0xA242, 0xB2A2, 0xB303, 0x8202, 0x4901, 0x5101, 0x69A2, 0x81C1, 0xB2C1, 0xDC42, 0xE442, 0xDC02, 0xC362, 0xAAE2, 0x79E1,
  0x6180, 0x7200, 0xA300, 0xB361, 0x7A60, 0x49A0, 0x41A0, 0x49E0, 0x39C0, 0x2980, 0x2960, 0x2940, 0x2100, 0x1080, 0x0820, 0x0000,
  0x68C0, 0xC222, 0xEAE2, 0xEA61, 0xE1C1, 0xD981, 0xDA02, 0xD242, 0xB182, 0xA141, 0xA981, 0xA161, 0xA161, 0xB9E1, 0xC282, 0xCAA2,
  0xCA01, 0xD1C1, 0xE2A2, 0xF383, 0xEAE3, 0xC9A1, 0xC161, 0xCA42, 0xDAA2, 0xDB02, 0xB262, 0x8181, 0x8182, 0x99E2, 0xB262, 0xB242,
  0xA202, 0xA222, 0xAA82, 0xB2E3, 0x8A22, 0x5941, 0x5101, 0x5941, 0x7141, 0xA281, 0xDC02, 0xE422, 0xCB61, 0xB2A1, 0x9A82, 0x71E2,
  0x5961, 0x69A0, 0x9A80, 0xBB61, 0x9B01, 0x59E0, 0x4180, 0x41A0, 0x41C0, 0x3160, 0x2940, 0x2940, 0x20E0, 0x1080, 0x0820, 0x0800,
  0x68A0, 0xB9E1, 0xE2A2, 0xE241, 0xD9C1, 0xC981, 0xC9C2, 0xCA22, 0xB182, 0x9901, 0xA141, 0xA981, 0xA9A1, 0xBA01, 0xB221, 0xC242,
  0xCA02, 0xD9C1, 0xEA62, 0xF363, 0xEAE3, 0xD1E2, 0xC961, 0xCA02, 0xDA62, 0xDAC2, 0xC282, 0xA1C1, 0xA1E2, 0xAA22, 0xBA62, 0xB242,
  0x99E2, 0x9A02, 0x9A22, 0xA2A3, 0x9A83, 0x71C2, 0x5101, 0x48E1, 0x6120, 0xA261, 0xDC22, 0xDC42, 0xCB42, 0xA241, 0x8222, 0x69C2,
  0x61A1, 0x69A1, 0x8A21, 0xBB61, 0xAB61, 0x6200, 0x4140, 0x4160, 0x3980, 0x3140, 0x2940, 0x2920, 0x20E0, 0x1060, 0x0820, 0x0820,
  0x6080, 0xB9C1, 0xDA62, 0xDA21, 0xD1A1, 0xB961, 0xB181, 0xB9E2, 0xA182, 0x8901, 0x9121, 0xA981, 0xB1C1, 0xB1E1, 0xA1C1, 0xA9E2,
  0xC1E2, 0xD9C1, 0xEA41, 0xF323, 0xF303, 0xE222, 0xD181, 0xC9C1, 0xD222, 0xDA82, 0xD282, 0xBA22, 0xBA42, 0xC262, 0xC261, 0xAA01,
  0x89A1, 0x89C2, 0x81C2, 0x9263, 0xA303, 0x8243, 0x5921, 0x48C0, 0x6960, 0xAAC1, 0xDC22, 0xDC23, 0xC322, 0x9A01, 0x7181, 0x6181,
  0x69A1, 0x71C1, 0x8A21, 0xB301, 0xB361, 0x7221, 0x4140, 0x3920, 0x3940, 0x3120, 0x3120, 0x2920, 0x18E0, 0x1060, 0x0840, 0x0820,
  0x6080, 0xB181, 0xD201, 0xD1E1, 0xC181, 0xA941, 0xA141, 0xA182, 0x9942, 0x88E1, 0x9101, 0xA181, 0xA9A1, 0xA1A1, 0x8961, 0x9161,
  0xB1A1, 0xD1C1, 0xEA21, 0xF2E2, 0xF303, 0xEA62, 0xD9A1, 0xD1A1, 0xD202, 0xD242, 0xD262, 0xCA61, 0xD2A2, 0xD2A1, 0xC241, 0xA1A1,
  0x7141, 0x6941, 0x7182, 0x8202, 0xA2E3, 0x9AA3, 0x6981, 0x6981, 0x9281, 0xC382, 0xDC02, 0xDBE3, 0xBAE2, 0x9A01, 0x6961, 0x5941,
  0x6161, 0x71C1, 0x8201, 0xA2A1, 0xB341, 0x8241, 0x4940, 0x3900, 0x30E0, 0x28E0, 0x3120, 0x2920, 0x18C0, 0x1060, 0x1040, 0x0820,
  0x5860, 0xA141, 0xC1C1, 0xC1A1, 0xB161, 0x9921, 0x8901, 0x9121, 0x8921, 0x80C1, 0x88E1, 0xA161, 0xA981, 0x9141, 0x78E1, 0x78E1,
  0x9961, 0xC1A1, 0xE201, 0xF2A2, 0xF303, 0xF2A2, 0xE1E1, 0xD1C1, 0xCA02, 0xCA02, 0xD221, 0xD261, 0xDAA1, 0xDAA1, 0xC201, 0x8960,
  0x58C0, 0x50E1, 0x6121, 0x7181, 0x9242, 0x9A62, 0x8A02, 0x9A82, 0xBBC3, 0xDC43, 0xDC03, 0xCB62, 0xB282, 0x9A01, 0x79A1, 0x5941,
  0x5941, 0x79E1, 0x8A41, 0xA261, 0xAAE1, 0x7A01, 0x4920, 0x30E0, 0x20A0, 0x20A0, 0x3100, 0x3100, 0x20C0, 0x1080, 0x1040, 0x0820,
  0x5060, 0x9901, 0xB161, 0xB161, 0xA941, 0x8901, 0x78C1, 0x78E1, 0x80E1, 0x80C1, 0x90E1, 0xA141, 0xA161, 0x8901, 0x68A0, 0x68A0,
  0x8901, 0xB161, 0xD9E1, 0xF262, 0xFAE2, 0xF2C2, 0xE221, 0xD1E1, 0xCA02, 0xC1C2, 0xC9C1, 0xD221, 0xDA81, 0xDA81, 0xB9E1, 0x8121,
  0x48A0, 0x40A1, 0x50E1, 0x6101, 0x7981, 0x89E2, 0x9A22, 0xBB23, 0xD423, 0xDC43, 0xD3C3, 0xBAC2, 0xA222, 0x9A22, 0x89E1, 0x6961,
  0x6161, 0x8222, 0x9AA2, 0xA2A1, 0xA281, 0x61A0, 0x38E0, 0x28C0, 0x2080, 0x28A0, 0x3920, 0x3920, 0x28E0, 0x18A0, 0x1060, 0x1020,
  0x5040, 0x90E1, 0xA921, 0xA941, 0x9942, 0x80E1, 0x6881, 0x68A0, 0x70A1, 0x80A1, 0x90E1, 0xA941, 0x9941, 0x80E0, 0x6880, 0x6880,
  0x78C0, 0xA121, 0xD1C1, 0xF221, 0xF2C2, 0xF2E2, 0xEA41, 0xD1E2, 0xB9E2, 0xB182, 0xB981, 0xC9C1, 0xD241, 0xD261, 0xB1E1, 0x8141,
  0x50C1, 0x40A1, 0x48C1, 0x58E1, 0x6101, 0x7141, 0x91E1, 0xBB02, 0xD3A3, 0xD382, 0xC302, 0xA221, 0x89C1, 0x89E1, 0x8A01, 0x71C1,
  0x6981, 0x8221, 0x9AA2, 0xAAC1, 0x9A61, 0x5140, 0x30C0, 0x28C0, 0x28C0, 0x30E0, 0x4120, 0x4120, 0x28E0, 0x18A0, 0x1860, 0x1040,
  0x4840, 0x80A0, 0x98E1, 0x9921, 0x9122, 0x78C1, 0x6081, 0x5860, 0x6881, 0x78A1, 0x98E1, 0xA921, 0xA141, 0x80C0, 0x6880, 0x6880,
  0x80C0, 0x9900, 0xD1A0, 0xEA01, 0xF281, 0xF2E1, 0xE261, 0xC9E1, 0xA9A2, 0xA141, 0xB141, 0xC1A1, 0xCA21, 0xCA62, 0xB1E2, 0x8962,
  0x6101, 0x48C1, 0x50E1, 0x58E1, 0x58E0, 0x6900, 0x8181, 0xB261, 0xBAC1, 0xB261, 0xA221, 0x89C1, 0x7161, 0x7161, 0x81E1, 0x8201,
  0x6981, 0x6181, 0x7A01, 0xA2A1, 0x8A41, 0x5140, 0x30E0, 0x30E0, 0x30E0, 0x3900, 0x4120, 0x3900, 0x28C0, 0x1880, 0x1860, 0x1040,
  0x4820, 0x7880, 0x88C1, 0x9101, 0x8922, 0x70C1, 0x5861, 0x5060, 0x6060, 0x78A1, 0x90C1, 0xA921, 0xA941, 0x9100, 0x80C0, 0x78A0,
  0x88C0, 0xA100, 0xD1C0, 0xEA20, 0xFA81, 0xF2E1, 0xE261, 0xB9C1, 0xA182, 0x9121, 0xA920, 0xC181, 0xCA22, 0xC262, 0xA1C2, 0x8982,
  0x7122, 0x58E1, 0x60E1, 0x60E1, 0x68E1, 0x7141, 0x8981, 0xA1E1, 0xA1E1, 0x91A0, 0x89A1, 0x81C2, 0x6141, 0x5900, 0x79C1, 0x9242,
  0x71C1, 0x5120, 0x6980, 0x8A41, 0x79E0, 0x5140, 0x3900, 0x3900, 0x3900, 0x3900, 0x3900, 0x3900, 0x28C0, 0x1880, 0x1860, 0x1040,
  0x4820, 0x7060, 0x80A1, 0x88E1, 0x8122, 0x68C2, 0x5861, 0x5060, 0x5860, 0x7081, 0x90C1, 0xA901, 0xB141, 0xA141, 0x9100, 0x9100,
  0x9900, 0xA920, 0xD1E0, 0xF261, 0xFA81, 0xF2E1, 0xDA61, 0xB1C2, 0x99A2, 0x9121, 0xA121, 0xC181, 0xC222, 0xBA43, 0x9182, 0x7941,
  0x7121, 0x6901, 0x7101, 0x7101, 0x7921, 0x91E2, 0x99E1, 0x99A1, 0x9181, 0x8161, 0x7981, 0x79C2, 0x5941, 0x5100, 0x71A1, 0x9A82,
  0x8A62, 0x69C1, 0x79C0, 0x8A00, 0x71C0, 0x5140, 0x4100, 0x4120, 0x3920, 0x3900, 0x3900, 0x38E0, 0x28C0, 0x1860, 0x1060, 0x1040,
  0x4820, 0x7060, 0x7880, 0x78E1, 0x7902, 0x60C1, 0x5061, 0x5060, 0x5861, 0x6881, 0x80A1, 0xA0E0, 0xB141, 0xB181, 0xA981, 0xA960,
  0xB140, 0xB960, 0xDA21, 0xF281, 0xFAA0, 0xF2C0, 0xDA61, 0xB9C2, 0xA1C3, 0x9162, 0xA941, 0xC1A1, 0xC202, 0xB223, 0x8141, 0x60E1,
  0x7101, 0x7921, 0x8121, 0x7901, 0x8961, 0xAA22, 0x9A02, 0x8161, 0x7940, 0x7141, 0x6941, 0x6161, 0x5121, 0x5101, 0x6961, 0x9A62,
  0xAB23, 0xA302, 0xA2C1, 0x9261, 0x71C0, 0x5140, 0x4120, 0x3920, 0x3900, 0x3900, 0x3900, 0x30E0, 0x28A0, 0x1860, 0x1040, 0x1040,
  0x4820, 0x7060, 0x7060, 0x78C1, 0x70E2, 0x58A1, 0x5061, 0x5061, 0x5061, 0x6081, 0x78A1, 0x90C0, 0xA120, 0xB181, 0xB9C1, 0xC1C1,
  0xC1A0, 0xC9C0, 0xE241, 0xF281, 0xFA80, 0xF2A0, 0xDA41, 0xB9C2, 0xA9E3, 0x9962, 0xB161, 0xC9E1, 0xCA02, 0xB203, 0x7941, 0x58C1,
  0x7101, 0x8962, 0x9162, 0x8121, 0x8941, 0xAA22, 0x91E2, 0x6900, 0x60E0, 0x6100, 0x5900, 0x5100, 0x5100, 0x5101, 0x5921, 0x8A01,
  0xBB83, 0xCBE3, 0xC382, 0xA2A1, 0x79C0, 0x5140, 0x4100, 0x3900, 0x30E0, 0x30E0, 0x30E0, 0x30A0, 0x2080, 0x1040, 0x1040, 0x1040,
  0x4820, 0x7860, 0x7860, 0x70A1, 0x68E2, 0x5081, 0x4861, 0x4861, 0x5061, 0x5861, 0x6881, 0x80A0, 0x90E0, 0xA981, 0xB9E1, 0xCA01,
  0xD1E1, 0xD9E0, 0xE240, 0xF261, 0xF260, 0xEA60, 0xDA00, 0xB9A1, 0xA9A2, 0x9942, 0xB181, 0xCA22, 0xCA02, 0xA9C2, 0x7121, 0x58C1,
  0x7101, 0x9982, 0xA1A2, 0x8941, 0x8121, 0x99C1, 0x8981, 0x58E0, 0x48A0, 0x50C0, 0x5901, 0x50E0, 0x5100, 0x5100, 0x5921, 0x81E1,
  0xB303, 0xC383, 0xC382, 0xAAC1, 0x79C0, 0x4920, 0x38E0, 0x30E0, 0x30C0, 0x30C0, 0x30C0, 0x30A0, 0x2080, 0x1840, 0x1040, 0x1040,
  0x5020, 0x8060, 0x7860, 0x70A1, 0x60A1, 0x4861, 0x4060, 0x4861, 0x4861, 0x5061, 0x6081, 0x6880, 0x78A0, 0x9941, 0xB1C1, 0xC201,
  0xD221, 0xDA00, 0xE200, 0xE200, 0xEA00, 0xE220, 0xD1C0, 0xB961, 0xA941, 0x9921, 0xA161, 0xC222, 0xB9E2, 0x9962, 0x6901, 0x58C1,
  0x7101, 0x9162, 0xA1C2, 0x8141, 0x70E0, 0x8141, 0x8141, 0x58E1, 0x48A0, 0x50C0, 0x5901, 0x50E0, 0x48E0, 0x5900, 0x6961, 0x81C1,
  0x9242, 0x9A61, 0xAAC1, 0x9A41, 0x6980, 0x4900, 0x38E0, 0x30E0, 0x30C0, 0x30C0, 0x30A0, 0x30C0, 0x2880, 0x1840, 0x1040, 0x1040,
  0x5020, 0x8860, 0x8060, 0x7081, 0x6081, 0x4861, 0x4040, 0x4040, 0x4060, 0x4860, 0x5081, 0x5860, 0x6080, 0x7901, 0x9961, 0xB1C1,
  0xCA01, 0xDA00, 0xD1C0, 0xD1A0, 0xD9A0, 0xD9C0, 0xC980, 0xC120, 0xA921, 0x90E1, 0x9121, 0xA9C2, 0xA1A2, 0x8101, 0x58C1, 0x50C1,
  0x60E1, 0x8141, 0x9982, 0x7921, 0x60C0, 0x68E0, 0x7121, 0x6901, 0x58C0, 0x58E0, 0x5901, 0x48C0, 0x48C0, 0x5900, 0x79A1, 0x79A1,
  0x6961, 0x6960, 0x81C1, 0x81A0, 0x6120, 0x4900, 0x4100, 0x38E0, 0x30C0, 0x30C0, 0x30C0, 0x30C0, 0x28A0, 0x1860, 0x1040, 0x1040,
  0x5020, 0x9060, 0x8880, 0x7880, 0x6881, 0x4840, 0x4040, 0x4040, 0x4060, 0x4060, 0x4861, 0x4860, 0x5060, 0x68C0, 0x8101, 0x9961,
  0xB9C1, 0xD1E1, 0xC1A0, 0xC160, 0xC980, 0xC980, 0xC960, 0xC120, 0xA900, 0x88E1, 0x7901, 0x8961, 0x8141, 0x68C1, 0x5080, 0x48A1,
  0x50C1, 0x7101, 0x8141, 0x7101, 0x58A0, 0x58A0, 0x60C0, 0x7101, 0x6901, 0x6101, 0x5901, 0x40A0, 0x40A0, 0x5900, 0x81A1, 0x7981,
  0x50E0, 0x50C0, 0x6920, 0x7140, 0x6920, 0x5900, 0x4900, 0x4100, 0x38E0, 0x30C0, 0x30C0, 0x30C0, 0x28A0, 0x1860, 0x1840, 0x1040,
  0x5020, 0x9880, 0x98A0, 0x88A0, 0x7080, 0x5040, 0x4040, 0x4040, 0x3840, 0x3840, 0x4060, 0x4061, 0x4860, 0x5881, 0x68C0, 0x8101,
  0xA181, 0xB9C1, 0xB160, 0xB120, 0xB940, 0xB940, 0xC160, 0xC140, 0xA900, 0x80E0, 0x68C1, 0x68E1, 0x60E1, 0x58A1, 0x5080, 0x4080,
  0x4080, 0x58C1, 0x7921, 0x7901, 0x58C0, 0x4880, 0x50A0, 0x7101, 0x7101, 0x6901, 0x5901, 0x48A0, 0x48A0, 0x6100, 0x81A1, 0x7981,
  0x50C0, 0x50C0, 0x6100, 0x7120, 0x7940, 0x7140, 0x6120, 0x4900, 0x38E0, 0x30C0, 0x30A0, 0x30A0, 0x2880, 0x2060, 0x1840, 0x1040,
  0x5020, 0x9880, 0xA8E0, 0x98E0, 0x8080, 0x6040, 0x4840, 0x4040, 0x3840, 0x3040, 0x3860, 0x4081, 0x4081, 0x4881, 0x5880, 0x68A0,
  0x8921, 0xA981, 0xA121, 0xA101, 0xA941, 0xA920, 0xB961, 0xC181, 0xA121, 0x78C0, 0x58A1, 0x50A1, 0x4880, 0x4880, 0x50A1, 0x4880,
  0x4080, 0x50A0, 0x7101, 0x8141, 0x68E1, 0x4880, 0x4880, 0x68E1, 0x6901, 0x60E1, 0x58E1, 0x50C1, 0x58C0, 0x6100, 0x7961, 0x6941,
  0x50C0, 0x6101, 0x7121, 0x7100, 0x7920, 0x8961, 0x7960, 0x5100, 0x40E0, 0x38C0, 0x30A0, 0x30A0, 0x2880, 0x1860, 0x1840, 0x1040,
  0x5020, 0xA0A0, 0xB920, 0xA920, 0x90A0, 0x7060, 0x5040, 0x4040, 0x3840, 0x3040, 0x3060, 0x4081, 0x4081, 0x48A1, 0x5080, 0x5880,
  0x70E0, 0x9141, 0x9101, 0x9901, 0x9921, 0x90E0, 0xB181, 0xC9C1, 0xA141, 0x70C0, 0x50A0, 0x4080, 0x3860, 0x4060, 0x60A1, 0x60C0,
  0x50A0, 0x58A0, 0x7100, 0x8941, 0x7121, 0x4880, 0x4080, 0x60E0, 0x6901, 0x58C0, 0x50C0, 0x58E0, 0x58C0, 0x58C0, 0x60E0, 0x58C0,
  0x58C0, 0x7121, 0x7941, 0x70E0, 0x78E0, 0x9160, 0x8981, 0x5920, 0x40E0, 0x38C0, 0x30A0, 0x28A0, 0x2080, 0x1860, 0x1860, 0x1040,
  0x5020, 0xA8A0, 0xC160, 0xB960, 0xA8E0, 0x8080, 0x6061, 0x4860, 0x3840, 0x2840, 0x3060, 0x38A1, 0x40A1, 0x48A1, 0x4880, 0x4860,
  0x60A0, 0x8101, 0x88E1, 0x9121, 0x9121, 0x80C0, 0xA961, 0xD202, 0xA9A2, 0x70E1, 0x48A0, 0x3880, 0x3060, 0x4080, 0x68C1, 0x78E1,
  0x70E1, 0x70C0, 0x78E0, 0x9141, 0x7921, 0x48A0, 0x4080, 0x58E0, 0x6901, 0x58C0, 0x50A0, 0x50A0, 0x58C0, 0x58C0, 0x50A0, 0x4880,
  0x58A0, 0x7101, 0x7900, 0x78E0, 0x80E0, 0x8920, 0x8140, 0x6120, 0x4100, 0x30C0, 0x28A0, 0x2080, 0x1860, 0x1860, 0x1860, 0x1040,
  0x5020, 0xA8C0, 0xD1A0, 0xC9E0, 0xB920, 0x90A1, 0x6881, 0x4860, 0x3840, 0x2840, 0x3060, 0x38A1, 0x40A1, 0x48A1, 0x4880, 0x4040,
  0x5080, 0x70C1, 0x88E1, 0x9941, 0x8921, 0x78C0, 0xA941, 0xD242, 0xB203, 0x7921, 0x48A0, 0x40A0, 0x40A0, 0x48A0, 0x70E0, 0x9121,
  0x9121, 0x8901, 0x8900, 0x9941, 0x8141, 0x50A0, 0x4880, 0x60E0, 0x7121, 0x60E0, 0x5080, 0x5080, 0x60A0, 0x60C0, 0x58C0, 0x4880,
  0x50A0, 0x68C0, 0x78E0, 0x9100, 0xA120, 0x8900, 0x7100, 0x5900, 0x40E0, 0x28A0, 0x2080, 0x1860, 0x1860, 0x1840, 0x1840, 0x1040,
  0x5020, 0xA8C0, 0xD9E1, 0xDA40, 0xC960, 0xA0A1, 0x7081, 0x4860, 0x3040, 0x2820, 0x2860, 0x3881, 0x40A1, 0x48A1, 0x4080, 0x3840,
  0x5060, 0x70A1, 0x88E1, 0xA141, 0x9121, 0x78C1, 0xA941, 0xD242, 0xC263, 0x7941, 0x48A0, 0x48C1, 0x5101, 0x58E0, 0x8101, 0xA961,
  0xB161, 0xA941, 0x9920, 0xA161, 0x9161, 0x58C0, 0x50A0, 0x68E0, 0x7101, 0x60C0, 0x58A0, 0x60A0, 0x68A0, 0x68C0, 0x60C0, 0x5080,
  0x5080, 0x68A0, 0x88C0, 0xA920, 0xB140, 0x8900, 0x58C0, 0x48E0, 0x38C0, 0x28A0, 0x1860, 0x1860, 0x1840, 0x1840, 0x1040, 0x1020,
  0x5020, 0xA8C0, 0xE221, 0xE281, 0xD1A0, 0xA8C1, 0x7881, 0x4860, 0x3040, 0x2020, 0x2840, 0x3881, 0x3881, 0x4081, 0x4060, 0x3840,
  0x5060, 0x6881, 0x88E1, 0xA141, 0x9921, 0x88E1, 0xB141, 0xDA22, 0xC243, 0x7941, 0x48A0, 0x48E1, 0x5941, 0x6121, 0x8120, 0xA961,
  0xC1A1, 0xB9A1, 0xA961, 0xA181, 0x9161, 0x70E0, 0x68C0, 0x70E0, 0x70E0, 0x60C0, 0x60C0, 0x70C0, 0x78C0, 0x70C0, 0x60A0, 0x6080,
  0x68A0, 0x78A0, 0x98C0, 0xC120, 0xA940, 0x78E0, 0x48A0, 0x40C0, 0x38C0, 0x28A0, 0x1860, 0x1860, 0x1840, 0x1040, 0x1040, 0x1020,
  0x4820, 0xA8E0, 0xE241, 0xEAE1, 0xD9E0, 0xB0E1, 0x7881, 0x4840, 0x2820, 0x2020, 0x2840, 0x3061, 0x3860, 0x4060, 0x4060, 0x4040,
  0x5081, 0x70A1, 0x88C1, 0xA141, 0xA141, 0x9921, 0xB961, 0xD9E1, 0xC1E2, 0x7921, 0x48A0, 0x48E1, 0x6161, 0x6940, 0x7920, 0xA160,
  0xC9C1, 0xC9E1, 0xB1A1, 0x9961, 0x8941, 0x8121, 0x8121, 0x8101, 0x78E0, 0x68C0, 0x70C0, 0x80C0, 0x9900, 0x90E0, 0x78A0, 0x80A0,
  0x90C0, 0x98C0, 0xB0E0, 0xC960, 0xA140, 0x60C0, 0x40A0, 0x38A0, 0x38C0, 0x28A0, 0x1860, 0x1840, 0x1040, 0x1040, 0x1020, 0x1020,
  0x4820, 0xA8E0, 0xEA61, 0xF301, 0xE200, 0xB0E1, 0x7080, 0x4040, 0x2820, 0x2020, 0x2860, 0x3060, 0x3840, 0x4060, 0x4060, 0x4060,
  0x6081, 0x78C1, 0x88C1, 0xA101, 0xA941, 0xB141, 0xC981, 0xD1A1, 0xB181, 0x7921, 0x48A0, 0x48E0, 0x5961, 0x6160, 0x7940, 0x9960,
  0xC9E1, 0xD221, 0xB1C1, 0x8101, 0x70E1, 0x8941, 0x9981, 0x9121, 0x80E0, 0x70C0, 0x70A0, 0x88C0, 0xB120, 0xB140, 0xA920, 0xA900,
  0xA100, 0x98E0, 0xA900, 0xC981, 0xA160, 0x60C0, 0x40A0, 0x38C0, 0x38C0, 0x28A0, 0x1840, 0x1040, 0x1040, 0x1040, 0x1020, 0x0820,
  0x4800, 0xA8E0, 0xE261, 0xF321, 0xE220, 0xB0E0, 0x7060, 0x3840, 0x2020, 0x2040, 0x2860, 0x3060, 0x3040, 0x4060, 0x4860, 0x4860,
  0x68A1, 0x80C1, 0x90E1, 0x9901, 0xB141, 0xB981, 0xC981, 0xC981, 0xA941, 0x7921, 0x50E1, 0x48E0, 0x5960, 0x6180, 0x7160, 0x9160,
  0xC1C0, 0xDA41, 0xB1C1, 0x7901, 0x68C1, 0x8941, 0xA181, 0x9941, 0x8100, 0x70C0, 0x7080, 0x90A0, 0xB920, 0xD1A0, 0xD1A0, 0xB980,
  0x9100, 0x78E0, 0x9100, 0xB980, 0xA980, 0x68E0, 0x40A0, 0x30A0, 0x38C0, 0x28A0, 0x1840, 0x1040, 0x1040, 0x1020, 0x0820, 0x0800,
  0x4800, 0xA0C0, 0xE261, 0xF321, 0xE220, 0xA8E0, 0x6840, 0x3820, 0x2020, 0x2040, 0x3060, 0x3060, 0x3040, 0x4060, 0x4860, 0x5081,
  0x70C1, 0x88E2, 0x90E1, 0x98E1, 0xB161, 0xC181, 0xC161, 0xB141, 0x9120, 0x7941, 0x5921, 0x5120, 0x5980, 0x61A0, 0x7180, 0x8960,
  0xB1A0, 0xD221, 0xC201, 0x8121, 0x68E1, 0x8121, 0x9961, 0x9121, 0x80E0, 0x78C0, 0x78A0, 0xA0C0, 0xC920, 0xE1E0, 0xDA20, 0xB1C0,
  0x7940, 0x58E0, 0x7100, 0xA9A0, 0xB1A0, 0x7120, 0x38A0, 0x30A0, 0x30C0, 0x28A0, 0x1840, 0x1020, 0x1020, 0x0820, 0x0800, 0x0800,
  0x4800, 0xA0C0, 0xE240, 0xF300, 0xE220, 0xA0C0, 0x6040, 0x3020, 0x2020, 0x2040, 0x3060, 0x3060, 0x3040, 0x4060, 0x5081, 0x5081,
  0x70A1, 0x88E2, 0x90E1, 0x98E1, 0xB961, 0xC1A1, 0xB141, 0x9900, 0x8100, 0x7141, 0x6141, 0x5960, 0x61A0, 0x69C0, 0x71A0, 0x7960,
  0xA180, 0xCA01, 0xCA21, 0x9961, 0x7901, 0x7901, 0x8941, 0x8121, 0x78E0, 0x78E0, 0x88E0, 0xB120, 0xD180, 0xE200, 0xD260, 0xA200,
  0x7160, 0x5120, 0x5940, 0x89A0, 0xA1A0, 0x7120, 0x40A0, 0x30A0, 0x30C0, 0x2880, 0x1840, 0x1020, 0x0820, 0x0820, 0x0800, 0x0000,
  0x4000, 0x98A0, 0xE220, 0xF2E0, 0xDA00, 0xA0C0, 0x5840, 0x3020, 0x2020, 0x2040, 0x3060, 0x3860, 0x3840, 0x4860, 0x5081, 0x5081,
  0x68A1, 0x80C1, 0x88E1, 0x9901, 0xB982, 0xC1A2, 0xA141, 0x80C0, 0x68E0, 0x6921, 0x6161, 0x6180, 0x69E0, 0x7200, 0x71C0, 0x7980,
  0x99A1, 0xB9E1, 0xC1E1, 0xB1A1, 0x9141, 0x8101, 0x8921, 0x8121, 0x7101, 0x8141, 0x9941, 0xC1A1, 0xE201, 0xDA40, 0xBA40, 0x9200,
  0x69A0, 0x5160, 0x5960, 0x7180, 0x8160, 0x6920, 0x40C0, 0x38C0, 0x38C0, 0x2880, 0x1840, 0x1020, 0x0800, 0x0800, 0x0800, 0x0000,
  0x4000, 0x98A0, 0xD9E0, 0xEAA0, 0xD1C0, 0x98A0, 0x5040, 0x2820, 0x2020, 0x2840, 0x3060, 0x3860, 0x3840, 0x4860, 0x5081, 0x4861,
  0x5861, 0x70A1, 0x80A1, 0x90E1, 0xB161, 0xB9A2, 0x9921, 0x68C0, 0x58C0, 0x6121, 0x6161, 0x61C0, 0x7220, 0x7A40, 0x7A00, 0x81C0,
  0xA1E1, 0xA9C1, 0xA981, 0xB980, 0xB180, 0x9940, 0x9161, 0x8941, 0x7941, 0x91A2, 0xA181, 0xC9E1, 0xE261, 0xD260, 0x9A00, 0x81E0,
  0x69C0, 0x5180, 0x5180, 0x6180, 0x7160, 0x6100, 0x40C0, 0x38C0, 0x30A0, 0x2880, 0x1840, 0x1020, 0x0800, 0x0000, 0x0000, 0x0000,
  0x4000, 0x9080, 0xD9A0, 0xEA40, 0xC980, 0x90A0, 0x5040, 0x2820, 0x2020, 0x3060, 0x3860, 0x3860, 0x3860, 0x4881, 0x5081, 0x4040,
  0x4840, 0x6060, 0x7080, 0x88C1, 0xA141, 0xA982, 0x9141, 0x68E0, 0x50C0, 0x5920, 0x6180, 0x69E0, 0x7240, 0x7A60, 0x8240, 0x9241,
  0xAA42, 0xA1A1, 0x9100, 0xA940, 0xC9A0, 0xB9C1, 0xA9E1, 0x91A2, 0x8141, 0x8981, 0xA181, 0xC9E1, 0xDA61, 0xBA20, 0x81C0, 0x69C0,
  0x61C0, 0x5180, 0x5160, 0x5960, 0x6140, 0x48E0, 0x3080, 0x2880, 0x2880, 0x2060, 0x1840, 0x1020, 0x0800, 0x0000, 0x0000, 0x0000,
  0x4000, 0x9080, 0xD180, 0xE200, 0xC140, 0x8880, 0x5040, 0x3040, 0x2840, 0x3061, 0x3860, 0x4060, 0x4060, 0x4881, 0x4861, 0x3840,
  0x3820, 0x5860, 0x6860, 0x80C1, 0x9121, 0x9141, 0x8941, 0x7921, 0x6100, 0x6140, 0x69C1, 0x7221, 0x7A60, 0x7A80, 0x8280, 0x9A81,
  0xAA62, 0x9181, 0x78C0, 0x98E0, 0xD1E0, 0xDA81, 0xCAA2, 0xA9E2, 0x8121, 0x8121, 0x9940, 0xC1E0, 0xCA41, 0x99E0, 0x6960, 0x5980,
  0x5180, 0x4960, 0x4960, 0x4940, 0x4900, 0x30A0, 0x2060, 0x2060, 0x2060, 0x1840, 0x1820, 0x1020, 0x0800, 0x0000, 0x0000, 0x0840,
  0x4000, 0x8860, 0xC940, 0xD9A0, 0xB900, 0x8080, 0x5060, 0x3040, 0x3040, 0x3861, 0x4081, 0x4060, 0x4860, 0x5081, 0x4060, 0x3020,
  0x3820, 0x5060, 0x6880, 0x78C1, 0x8901, 0x8101, 0x8961, 0x8981, 0x7961, 0x7181, 0x7201, 0x7A41, 0x7A60, 0x7A80, 0x8280, 0x9AA1,
  0x9A42, 0x7941, 0x68C0, 0x90E0, 0xD201, 0xEB62, 0xE383, 0xBA62, 0x8961, 0x8920, 0x9980, 0xBA21, 0xAA21, 0x7180, 0x5140, 0x4940,
  0x4940, 0x4940, 0x4960, 0x4940, 0x30C0, 0x2060, 0x2060, 0x2060, 0x2040, 0x1820, 0x1020, 0x0820, 0x0000, 0x0000, 0x0020, 0x1081,
  0x4000, 0x8860, 0xC900, 0xD160, 0xA8E0, 0x7860, 0x5060, 0x3840, 0x3060, 0x3881, 0x4081, 0x4860, 0x5080, 0x5081, 0x4060, 0x3020,
  0x3840, 0x5860, 0x70A1, 0x80E1, 0x78E1, 0x70C1, 0x8161, 0x99C1, 0x89A1, 0x71C1, 0x7220, 0x7A60, 0x7260, 0x7260, 0x8280, 0x9281,
  0x8A01, 0x7120, 0x70E0, 0x9940, 0xD261, 0xEBE3, 0xEC23, 0xCAE2, 0xA1C1, 0x9980, 0xB220, 0xB261, 0x89E0, 0x5940, 0x4920, 0x4100,
  0x4120, 0x4960, 0x5180, 0x4960, 0x30C0, 0x2060, 0x2060, 0x2060, 0x1840, 0x1020, 0x1020, 0x0800, 0x0000, 0x0000, 0x0840, 0x18A1,
  0x3800, 0x8860, 0xC0E0, 0xC920, 0xA0A0, 0x7060, 0x5060, 0x3860, 0x3060, 0x4081, 0x4881, 0x5880, 0x6080, 0x5061, 0x3840, 0x3020,
  0x4860, 0x68A1, 0x80C1, 0x8901, 0x78E1, 0x60C0, 0x7941, 0x99C1, 0x89E1, 0x71C0, 0x7220, 0x7240, 0x6A40, 0x7240, 0x8280, 0x9280,
  0x81E0, 0x7120, 0x8140, 0xA9A0, 0xD2A1, 0xE3C3, 0xDBE3, 0xCB02, 0xAA21, 0xAA01, 0xBAA1, 0xAAA1, 0x79E0, 0x5140, 0x4100, 0x4100,
  0x3900, 0x4940, 0x59A0, 0x5160, 0x30C0, 0x1860, 0x1840, 0x1840, 0x1820, 0x1020, 0x0800, 0x0800, 0x0000, 0x0000, 0x1040, 0x1060,
  0x3800, 0x8840, 0xC0C0, 0xC0E0, 0x9880, 0x6840, 0x5060, 0x3860, 0x3860, 0x4061, 0x4881, 0x60A1, 0x68A1, 0x5060, 0x4040, 0x4040,
  0x5880, 0x80C1, 0x9101, 0x8901, 0x70E1, 0x60C0, 0x7120, 0x89A1, 0x89E1, 0x71C0, 0x6A00, 0x6A20, 0x6A20, 0x6A20, 0x8280, 0x8A80,
  0x8A00, 0x81A0, 0x99C0, 0xB220, 0xBA81, 0xBB22, 0xB342, 0xAAA1, 0xA221, 0xAA41, 0xBB01, 0xA2C1, 0x71E1, 0x5160, 0x4120, 0x3900,
  0x38E0, 0x4920, 0x5980, 0x5160, 0x28A0, 0x1840, 0x1840, 0x1840, 0x1020, 0x0800, 0x0800, 0x0000, 0x0000, 0x0020, 0x1040, 0x0840,
  0x3800, 0x8840, 0xC0A0, 0xC0C0, 0x9060, 0x6840, 0x5061, 0x3860, 0x3860, 0x4061, 0x5081, 0x68A1, 0x78C1, 0x5880, 0x4040, 0x4860,
  0x68A1, 0x88E1, 0x9901, 0x8901, 0x68E1, 0x68E1, 0x7100, 0x8181, 0x81C0, 0x69C0, 0x61E0, 0x6200, 0x61E0, 0x7220, 0x8AA0, 0x8A80,
  0x8A20, 0x9A00, 0xAA41, 0xAA41, 0x9A41, 0x8A81, 0x8A81, 0x8A60, 0x9240, 0xAAA1, 0xBB41, 0x92C1, 0x69C0, 0x5140, 0x4100, 0x38E0,
  0x38E0, 0x4100, 0x5160, 0x4920, 0x2880, 0x1820, 0x1840, 0x1840, 0x1020, 0x0800, 0x0000, 0x0000, 0x0000, 0x0820, 0x0840, 0x0820,
  0x3800, 0x8840, 0xC0A0, 0xC0A0, 0x9060, 0x6860, 0x5061, 0x3840, 0x3840, 0x4060, 0x5060, 0x78C1, 0x88E1, 0x6080, 0x4860, 0x5861,
  0x78C1, 0x9101, 0x9101, 0x78E1, 0x68E1, 0x7101, 0x7920, 0x8180, 0x89E0, 0x71E0, 0x61C0, 0x59C0, 0x59C0, 0x7220, 0x8AA0, 0x8280,
  0x8220, 0x9A40, 0xAA81, 0x9A61, 0x7A20, 0x6A20, 0x6A40, 0x7240, 0x8A80, 0xAB00, 0xAB41, 0x8280, 0x5980, 0x4920, 0x40E0, 0x30C0,
  0x38C0, 0x4900, 0x4900, 0x38A0, 0x2040, 0x1020, 0x1020, 0x1020, 0x1020, 0x0800, 0x0000, 0x0000, 0x0000, 0x0820, 0x0820, 0x0020,
  0x3800, 0x8840, 0xC8A0, 0xC0A0, 0x9060, 0x6861, 0x5061, 0x3840, 0x3840, 0x4040, 0x5060, 0x80C1, 0x9901, 0x70A1, 0x5061, 0x6081,
  0x80C1, 0x90E1, 0x80E1, 0x60C1, 0x60C1, 0x7921, 0x8960, 0x91A0, 0x9200, 0x7A00, 0x61C0, 0x51A0, 0x59C0, 0x7240, 0x82A0, 0x7A40,
  0x71E0, 0x9240, 0xA2A1, 0x9281, 0x6A20, 0x5A20, 0x6240, 0x6A60, 0x8AE0, 0xA320, 0x92E0, 0x7200, 0x5940, 0x48E0, 0x38C0, 0x30A0,
  0x38C0, 0x5100, 0x48C0, 0x3060, 0x1840, 0x1820, 0x1020, 0x0800, 0x0800, 0x0800, 0x0000, 0x0000, 0x0000, 0x0820, 0x0820, 0x0020,
  0x3800, 0x8860, 0xC8A0, 0xC0A0, 0x9060, 0x7061, 0x5061, 0x3840, 0x3840, 0x4860, 0x5860, 0x88E1, 0xA921, 0x80C1, 0x5861, 0x6081,
  0x78C1, 0x80E1, 0x68C1, 0x5080, 0x50A0, 0x8141, 0xA1C1, 0xAA20, 0xA240, 0x8220, 0x61E0, 0x51A0, 0x59C0, 0x7240, 0x7A80, 0x6200,
  0x61C0, 0x7A20, 0x8A80, 0x8281, 0x6240, 0x5220, 0x5A40, 0x6A80, 0x9300, 0x9B00, 0x7A60, 0x61A0, 0x5920, 0x50E0, 0x40C0, 0x3080,
  0x38A0, 0x48E0, 0x40C0, 0x2860, 0x1820, 0x1820, 0x1020, 0x0800, 0x0800, 0x0000, 0x0000, 0x0000, 0x0020, 0x0820, 0x0000, 0x0820,
  0x3000, 0x8860, 0xC8C0, 0xC8A0, 0x9880, 0x7081, 0x5061, 0x4040, 0x4060, 0x5060, 0x6080, 0x90E1, 0xB121, 0x88C1, 0x5861, 0x5861,
  0x70A1, 0x70A1, 0x5080, 0x4060, 0x48A0, 0x8961, 0xB221, 0xC2A1, 0xB2A0, 0x9240, 0x6A00, 0x59C0, 0x59C0, 0x7240, 0x7240, 0x51C0,
  0x49A0, 0x61E0, 0x7240, 0x6A60, 0x5A20, 0x5220, 0x5A40, 0x7280, 0x9300, 0x92C0, 0x7200, 0x6160, 0x6120, 0x6100, 0x48C0, 0x38A0,
  0x3880, 0x40A0, 0x38A0, 0x2840, 0x1820, 0x1820, 0x1000, 0x0800, 0x0000, 0x0000, 0x0000, 0x0000, 0x0820, 0x0820, 0x0000, 0x0840,
  0x3000, 0x8860, 0xD0C0, 0xC8C0, 0xA080, 0x7881, 0x5060, 0x4040, 0x4061, 0x5881, 0x7080, 0x98E1, 0xB121, 0x90E1, 0x5861, 0x5860,
  0x68A1, 0x60A1, 0x4860, 0x3060, 0x4880, 0x8140, 0xBA41, 0xD301, 0xC2E0, 0x9A80, 0x7220, 0x59C0, 0x59E0, 0x7240, 0x6A20, 0x49A0,
  0x4180, 0x51E0, 0x6220, 0x5A20, 0x4A00, 0x4A00, 0x5A40, 0x7AA0, 0x92E0, 0x8280, 0x69E0, 0x6160, 0x6920, 0x60E0, 0x48C0, 0x38A0,
  0x3880, 0x3080, 0x2860, 0x2040, 0x1020, 0x1000, 0x0800, 0x0800, 0x0000, 0x0000, 0x0000, 0x0000, 0x0820, 0x0020, 0x0020, 0x1060,
  0x3000, 0x9060, 0xD0C0, 0xD0C0, 0xA881, 0x7881, 0x5060, 0x4040, 0x4881, 0x68A1, 0x78A1, 0xA0C1, 0xB121, 0x90E1, 0x6060, 0x5860,
  0x6880, 0x5881, 0x4060, 0x3040, 0x4080, 0x8120, 0xBA41, 0xDB21, 0xCB21, 0xA2A0, 0x7A40, 0x59C0, 0x59C0, 0x6A20, 0x6220, 0x49A0,
  0x4180, 0x49C0, 0x5220, 0x4A00, 0x41C0, 0x41C0, 0x5A40, 0x82C0, 0x8AC0, 0x8260, 0x69C0, 0x6140, 0x6100, 0x58C0, 0x48A0, 0x40A0,
  0x3880, 0x2860, 0x2040, 0x1820, 0x1020, 0x1000, 0x0800, 0x0800, 0x0000, 0x0000, 0x0000, 0x0820, 0x0820, 0x0000, 0x0840, 0x1081,
  0x3000, 0x9060, 0xD8C0, 0xD0C0, 0xA881, 0x7881, 0x5060, 0x4040, 0x50A1, 0x70C1, 0x80A1, 0xA0C1, 0xB101, 0x90C1, 0x6880, 0x6080,
  0x70A1, 0x6081, 0x4880, 0x3860, 0x4060, 0x7900, 0xBA21, 0xDB41, 0xD341, 0xAAC1, 0x8240, 0x59C0, 0x51C0, 0x6200, 0x5A00, 0x41A0,
  0x3980, 0x41C0, 0x4A00, 0x41E0, 0x39A0, 0x41A0, 0x5A20, 0x82A0, 0x8A80, 0x7A00, 0x6980, 0x6940, 0x6100, 0x50A0, 0x4080, 0x4080,
  0x3880, 0x2860, 0x1820, 0x1020, 0x1020, 0x1020, 0x0800, 0x0800, 0x0000, 0x0000, 0x0000, 0x0820, 0x0020, 0x0020, 0x0860, 0x1080,
  0x3000, 0x9060, 0xD8C0, 0xD0C0, 0xA881, 0x7881, 0x4840, 0x4040, 0x58A1, 0x70E1, 0x80C1, 0x98C1, 0xA8E1, 0x90C1, 0x7081, 0x70A1,
  0x78C1, 0x68A1, 0x58A1, 0x4060, 0x4060, 0x70E0, 0xB1E1, 0xDB21, 0xD341, 0xB2C1, 0x8221, 0x51A0, 0x5180, 0x59E0, 0x51E0, 0x3980,
  0x39A0, 0x41C0, 0x41E0, 0x39C0, 0x3180, 0x39A0, 0x6220, 0x8280, 0x8240, 0x71C0, 0x6960, 0x7140, 0x6900, 0x4880, 0x4080, 0x4080,
  0x3080, 0x2040, 0x1020, 0x1020, 0x1020, 0x1020, 0x0800, 0x0000, 0x0000, 0x0000, 0x0020, 0x0820, 0x0020, 0x0020, 0x0860, 0x0860,
  0x3000, 0x9060, 0xD8C0, 0xD0A0, 0xA880, 0x7060, 0x4840, 0x4840, 0x58A1, 0x68C1, 0x78A1, 0x90A1, 0xA0C1, 0x90C1, 0x80A1, 0x8901,
  0x9101, 0x78C1, 0x68C1, 0x4880, 0x4880, 0x70E0, 0xB1C0, 0xD2E1, 0xCB21, 0xB2C1, 0x7A21, 0x4960, 0x4160, 0x51C0, 0x49A0, 0x3980,
  0x39A0, 0x41C0, 0x41E0, 0x39A0, 0x3180, 0x39A0, 0x6220, 0x8260, 0x8200, 0x79A0, 0x7160, 0x7120, 0x60E0, 0x4880, 0x4080, 0x4080,
  0x3060, 0x2040, 0x1020, 0x0800, 0x0800, 0x0800, 0x0800, 0x0000, 0x0000, 0x0000, 0x0820, 0x0820, 0x0000, 0x0840, 0x0860, 0x0840,
  0x3000, 0x9060, 0xD8C0, 0xD0A0, 0xA080, 0x6860, 0x4840, 0x4840, 0x5881, 0x60C1, 0x70A1, 0x80A1, 0x90A1, 0x90C1, 0x90E1, 0xA141,
  0xA142, 0x88E1, 0x70C1, 0x58A0, 0x5080, 0x78E0, 0xB1C1, 0xCAC1, 0xBAC1, 0xA281, 0x7A01, 0x4120, 0x3940, 0x49A0, 0x4180, 0x3160,
  0x39A0, 0x41E0, 0x39E0, 0x31A0, 0x3160, 0x41A0, 0x6200, 0x7A20, 0x89E0, 0x81A0, 0x7940, 0x7120, 0x60E0, 0x4880, 0x4080, 0x4080,
  0x3060, 0x2040, 0x1020, 0x0800, 0x0800, 0x0800, 0x0000, 0x0000, 0x0000, 0x0020, 0x0820, 0x0820, 0x0000, 0x0860, 0x0860, 0x0020,
  0x3000, 0x9060, 0xD8A0, 0xD0A0, 0xA060, 0x6840, 0x4020, 0x4040, 0x5081, 0x5081, 0x6081, 0x7080, 0x88A1, 0x90C1, 0xA101, 0xB182,
  0xB982, 0x9901, 0x80E1, 0x58A0, 0x50A0, 0x8101, 0xBA01, 0xC281, 0xA241, 0x9241, 0x71E1, 0x4100, 0x3120, 0x4180, 0x3980, 0x2940,
  0x39A0, 0x41E0, 0x41E0, 0x31A0, 0x3180, 0x41A0, 0x6200, 0x71E0, 0x81C0, 0x81A0, 0x7140, 0x6100, 0x58C0, 0x4080, 0x3860, 0x3880,
  0x3060, 0x1820, 0x1000, 0x0800, 0x0800, 0x0000, 0x0000, 0x0000, 0x0000, 0x0820, 0x0840, 0x0020, 0x0020, 0x0860, 0x0860, 0x0020,
  0x3000, 0x9060, 0xD8A0, 0xC880, 0x9860, 0x6040, 0x4020, 0x4040, 0x4861, 0x4860, 0x4860, 0x6060, 0x7881, 0x90C1, 0xA901, 0xB982,
  0xC1A2, 0xA121, 0x88E1, 0x60A0, 0x58A0, 0x8941, 0xBA21, 0xB241, 0x89C1, 0x81E1, 0x71C1, 0x4120, 0x3100, 0x3960, 0x3160, 0x2940,
  0x3180, 0x41E0, 0x39C0, 0x3180, 0x3980, 0x49C0, 0x61E0, 0x71A0, 0x7980, 0x7940, 0x6100, 0x50C0, 0x50A0, 0x4080, 0x3860, 0x3060,
  0x2860, 0x1820, 0x0800, 0x0800, 0x0800, 0x0000, 0x0000, 0x0000, 0x0000, 0x0820, 0x0840, 0x0000, 0x0020, 0x0860, 0x0040, 0x0000,
  0x3000, 0x9060, 0xD8A0, 0xC880, 0x9060, 0x5840, 0x4020, 0x4020, 0x4840, 0x3840, 0x3840, 0x5060, 0x70A1, 0x98E1, 0xA921, 0xB962,
  0xC182, 0xB142, 0x9101, 0x70C1, 0x68C0, 0x9181, 0xBA21, 0xA201, 0x7180, 0x6981, 0x69A1, 0x4940, 0x3100, 0x3940, 0x3160, 0x2940,
  0x3180, 0x39C0, 0x39A0, 0x3180, 0x39A0, 0x41A0, 0x59A0, 0x7180, 0x7960, 0x7120, 0x58C0, 0x4080, 0x4080, 0x4080, 0x3860, 0x3060,
  0x2040, 0x1020, 0x0800, 0x0800, 0x0800, 0x0000, 0x0000, 0x0000, 0x0000, 0x0820, 0x0840, 0x0000, 0x0020, 0x0860, 0x0040, 0x0000,
  0x3000, 0x9060, 0xD0A0, 0xC080, 0x8840, 0x5020, 0x3820, 0x4020, 0x4040, 0x3840, 0x3020, 0x4840, 0x70A1, 0x9901, 0xA901, 0xB121,
  0xB961, 0xB962, 0xA142, 0x8921, 0x8120, 0xA1A1, 0xB221, 0x91E1, 0x6961, 0x5941, 0x6981, 0x5961, 0x3920, 0x3140, 0x3140, 0x2960,
  0x3180, 0x31A0, 0x3180, 0x3180, 0x3180, 0x4180, 0x59A0, 0x71A0, 0x8180, 0x7940, 0x60E0, 0x4080, 0x3060, 0x3040, 0x3060, 0x2840,
  0x1820, 0x1020, 0x0800, 0x0800, 0x0800, 0x0000, 0x0000, 0x0000, 0x0000, 0x0840, 0x0820, 0x0000, 0x0040, 0x0860, 0x0020, 0x0000,
  0x3000, 0x9060, 0xD0A0, 0xB880, 0x8040, 0x5020, 0x3820, 0x4020, 0x4040, 0x3820, 0x3020, 0x4840, 0x70A1, 0x9922, 0xA101, 0x98E1,
  0xB121, 0xB162, 0xB182, 0xA181, 0x9981, 0xA9E1, 0xAA21, 0x81C1, 0x6141, 0x5941, 0x6981, 0x6181, 0x4140, 0x3140, 0x3140, 0x3160,
  0x3180, 0x3180, 0x3160, 0x3160, 0x3140, 0x3940, 0x5180, 0x7180, 0x89A0, 0x8980, 0x7100, 0x48A0, 0x2840, 0x2020, 0x2040, 0x1820,
  0x1020, 0x0800, 0x0800, 0x0820, 0x0800, 0x0000, 0x0000, 0x0000, 0x0820, 0x0840, 0x0820, 0x0000, 0x0040, 0x0840, 0x0020, 0x0000,
  0x3020, 0x9080, 0xD0A0, 0xB080, 0x7840, 0x4820, 0x3820, 0x4020, 0x4840, 0x4020, 0x3020, 0x4860, 0x80E1, 0xA142, 0x98E1, 0x80A0,
  0x98E1, 0xA941, 0xB1A2, 0xB1E2, 0xA9E1, 0xAA01, 0x91E1, 0x7181, 0x5941, 0x5121, 0x6161, 0x6181, 0x4940, 0x3120, 0x3140, 0x2960,
  0x3160, 0x3160, 0x2960, 0x2940, 0x2920, 0x3920, 0x5160, 0x6980, 0x8180, 0x9180, 0x8140, 0x58C0, 0x3060, 0x2020, 0x1820, 0x1020,
  0x0800, 0x0800, 0x0800, 0x0800, 0x0000, 0x0000, 0x0000, 0x0000, 0x0820, 0x0840, 0x0020, 0x0020, 0x0040, 0x0040, 0x0000, 0x0000,
  0x3020, 0x9080, 0xC8A0, 0xA860, 0x7040, 0x4020, 0x3820, 0x4040, 0x5040, 0x4840, 0x3820, 0x5060, 0x8901, 0xA142, 0x88C1, 0x7080,
  0x78A1, 0x8901, 0xA161, 0xB1E2, 0xB201, 0x99E1, 0x7981, 0x6161, 0x5141, 0x4920, 0x6141, 0x6161, 0x4120, 0x3120, 0x2920, 0x2920,
  0x2940, 0x3160, 0x3160, 0x2940, 0x2920, 0x3120, 0x4960, 0x6160, 0x7160, 0x8960, 0x8140, 0x60E0, 0x4080, 0x2840, 0x2020, 0x1020,
  0x0800, 0x0000, 0x0000, 0x0800, 0x0000, 0x0000, 0x0000, 0x0000, 0x0840, 0x0820, 0x0000, 0x0020, 0x0040, 0x0020, 0x0000, 0x0000,
  0x3020, 0x8880, 0xC0A0, 0xA060, 0x6820, 0x4020, 0x3820, 0x4840, 0x6061, 0x5040, 0x4020, 0x6081, 0x9921, 0xA121, 0x78A1, 0x6060,
  0x6880, 0x70A1, 0x8921, 0xA9A1, 0xB1E1, 0x91A1, 0x6941, 0x5121, 0x4901, 0x40E0, 0x5120, 0x5960, 0x4120, 0x2900, 0x2900, 0x2100,
  0x2120, 0x2960, 0x2960, 0x2940, 0x2900, 0x3940, 0x5180, 0x6180, 0x6940, 0x7920, 0x7120, 0x58C0, 0x4880, 0x3860, 0x2840, 0x1820,
  0x0800, 0x0800, 0x0000, 0x0000, 0x0000, 0x0000, 0x0000, 0x0820, 0x1040, 0x0820, 0x0000, 0x0020, 0x0040, 0x0000, 0x0000, 0x0000,
  0x3020, 0x8880, 0xB8A0, 0x9860, 0x6020, 0x4020, 0x3820, 0x5040, 0x6881, 0x6061, 0x5040, 0x70A1, 0xA141, 0x9921, 0x6880, 0x5060,
  0x5880, 0x5880, 0x68C0, 0x9961, 0xA1C1, 0x8181, 0x5921, 0x40E1, 0x38E0, 0x30C0, 0x4920, 0x5941, 0x4100, 0x28E0, 0x20E0, 0x20E0,
  0x2100, 0x2940, 0x2960, 0x2920, 0x2100, 0x3120, 0x5180, 0x6180, 0x6960, 0x6900, 0x58C0, 0x4880, 0x4060, 0x4060, 0x3060, 0x1820,
  0x0800, 0x0800, 0x0000, 0x0000, 0x0000, 0x0000, 0x0000, 0x0820, 0x1040, 0x0820, 0x0000, 0x0020, 0x0020, 0x0000, 0x0000, 0x0000,
  0x3020, 0x8880, 0xB8A0, 0x9060, 0x5820, 0x4020, 0x3820, 0x5040, 0x7081, 0x6861, 0x5840, 0x80C1, 0xA942, 0x8901, 0x5860, 0x4860,
  0x5060, 0x5060, 0x5880, 0x8921, 0x99A1, 0x7961, 0x5121, 0x40E1, 0x30C0, 0x28A0, 0x4100, 0x5961, 0x4120, 0x28E0, 0x20E0, 0x18C0,
  0x18E0, 0x2100, 0x2140, 0x2120, 0x2100, 0x3100, 0x4940, 0x6160, 0x7140, 0x60E0, 0x5080, 0x3860, 0x3040, 0x3860, 0x3060, 0x1820,
  0x0800, 0x0800, 0x0000, 0x0000, 0x0000, 0x0000, 0x0000, 0x0820, 0x1040, 0x0020, 0x0000, 0x0020, 0x0000, 0x0000, 0x0000, 0x0020,
  0x3020, 0x8080, 0xB0A0, 0x9060, 0x5820, 0x3820, 0x3820, 0x5860, 0x7881, 0x6861, 0x6060, 0x88E1, 0xA942, 0x80E1, 0x5060, 0x4860,
  0x5080, 0x4860, 0x5880, 0x8121, 0x91A1, 0x7161, 0x5121, 0x40E1, 0x38E0, 0x30C0, 0x4100, 0x6181, 0x5141, 0x30E0, 0x20C0, 0x18C0,
  0x18C0, 0x18E0, 0x2100, 0x2100, 0x20E0, 0x28E0, 0x4120, 0x6140, 0x7120, 0x68E0, 0x5080, 0x3840, 0x3040, 0x2840, 0x2040, 0x1820,
  0x0800, 0x0800, 0x0000, 0x0000, 0x0000, 0x0000, 0x0000, 0x0840, 0x0840, 0x0000, 0x0020, 0x0020, 0x0000, 0x0000, 0x0000, 0x0020,
  0x3020, 0x8080, 0xA8A0, 0x9060, 0x5820, 0x4020, 0x3820, 0x5861, 0x7881, 0x6861, 0x6860, 0x9901, 0xA942, 0x70C1, 0x4060, 0x4060,
  0x5081, 0x5080, 0x58A0, 0x8121, 0x91A1, 0x6961, 0x4901, 0x4101, 0x3901, 0x38E0, 0x4921, 0x69A1, 0x5981, 0x3900, 0x20C0, 0x18A0,
  0x1080, 0x10A0, 0x18E0, 0x20E0, 0x2100, 0x28E0, 0x4100, 0x6120, 0x7100, 0x68C0, 0x5080, 0x3860, 0x3040, 0x2840, 0x1820, 0x1000,
  0x0800, 0x0800, 0x0000, 0x0000, 0x0000, 0x0000, 0x0020, 0x1040, 0x0840, 0x0000, 0x0020, 0x0020, 0x0000, 0x0000, 0x0000, 0x0040,
  0x3020, 0x8080, 0xA8A0, 0x9060, 0x6020, 0x4020, 0x4020, 0x5861, 0x7081, 0x6840, 0x7081, 0xA102, 0xA922, 0x70A1, 0x3840, 0x4060,
  0x4881, 0x50A1, 0x58A1, 0x8141, 0x8981, 0x6121, 0x40E0, 0x38E1, 0x4101, 0x4121, 0x5161, 0x69A1, 0x6181, 0x3900, 0x18A0, 0x1080,
  0x1080, 0x1080, 0x18C0, 0x18E0, 0x2100, 0x28E0, 0x38E0, 0x58E0, 0x68E0, 0x60C0, 0x4880, 0x3840, 0x3040, 0x2840, 0x1820, 0x0800,
  0x0000, 0x0000, 0x0000, 0x0000, 0x0000, 0x0000, 0x0820, 0x1040, 0x0820, 0x0000, 0x0020, 0x0020, 0x0000, 0x0000, 0x0020, 0x0881,
  0x2820, 0x7880, 0xA8A0, 0x9060, 0x6820, 0x4820, 0x4020, 0x5861, 0x7061, 0x6840, 0x7881, 0xA922, 0xA922, 0x68A1, 0x3840, 0x3840,
  0x4080, 0x50A1, 0x60C1, 0x8141, 0x8161, 0x5101, 0x38C0, 0x38C0, 0x4101, 0x4921, 0x5961, 0x69A1, 0x6181, 0x30E0, 0x1880, 0x1080,
  0x1080, 0x1080, 0x18C0, 0x18E0, 0x20E0, 0x28E0, 0x38C0, 0x48A0, 0x58A0, 0x5880, 0x4060, 0x3040, 0x3040, 0x2840, 0x1820, 0x0800,
  0x0000, 0x0000, 0x0000, 0x0000, 0x0000, 0x0000, 0x0840, 0x1060, 0x0820, 0x0020, 0x0040, 0x0020, 0x0000, 0x0000, 0x0020, 0x10C2,
  0x2820, 0x7880, 0xA8A0, 0x9861, 0x7040, 0x5020, 0x4820, 0x6040, 0x7061, 0x6840, 0x80A1, 0xA922, 0xA942, 0x70A1, 0x3840, 0x3040,
  0x3860, 0x4880, 0x60C1, 0x8141, 0x7941, 0x50E1, 0x30A0, 0x38C0, 0x4101, 0x4921, 0x5140, 0x6181, 0x5961, 0x30C0, 0x1060, 0x1060,
  0x1080, 0x1080, 0x18C0, 0x18E0, 0x18C0, 0x20C0, 0x30A0, 0x3080, 0x4060, 0x4060, 0x4040, 0x3020, 0x2020, 0x2020, 0x1020, 0x0800,
  0x0800, 0x0000, 0x0000, 0x0000, 0x0000, 0x0000, 0x1040, 0x1060, 0x0820, 0x0020, 0x0040, 0x0000, 0x0000, 0x0000, 0x0860, 0x1902,
  0x2820, 0x7860, 0xA8A1, 0xA061, 0x7840, 0x5820, 0x5020, 0x6040, 0x7040, 0x6840, 0x78A1, 0xA922, 0xB142, 0x70C1, 0x3840, 0x2840,
  0x3060, 0x4080, 0x60C1, 0x8121, 0x7121, 0x48E1, 0x38C0, 0x38C0, 0x4101, 0x4920, 0x4920, 0x5140, 0x5141, 0x28A0, 0x0840, 0x0860,
  0x0880, 0x1080, 0x10C0, 0x18E0, 0x18C0, 0x20A0, 0x2880, 0x3060, 0x3040, 0x3840, 0x3840, 0x3040, 0x2020, 0x1820, 0x1000, 0x0800,
  0x0000, 0x0000, 0x0000, 0x0000, 0x0000, 0x0020, 0x1060, 0x1060, 0x0840, 0x0840, 0x0840, 0x0000, 0x0000, 0x0000, 0x0881, 0x1902,
  0x2820, 0x7060, 0xA8A1, 0xA061, 0x8040, 0x6020, 0x5820, 0x6040, 0x7040, 0x6840, 0x7881, 0xA102, 0xB142, 0x78E1, 0x4060, 0x2840,
  0x3040, 0x4080, 0x68E1, 0x8121, 0x6921, 0x48E1, 0x38C0, 0x38E0, 0x4101, 0x4100, 0x40E0, 0x4900, 0x4921, 0x28A0, 0x0840, 0x0860,
  0x0880, 0x1080, 0x10C0, 0x18C0, 0x18A0, 0x2080, 0x3080, 0x3060, 0x3040, 0x3040, 0x3040, 0x2820, 0x1820, 0x1020, 0x0800, 0x0800,
  0x0000, 0x0000, 0x0000, 0x0000, 0x0000, 0x0820, 0x1860, 0x1060, 0x0840, 0x0860, 0x0040, 0x0000, 0x0000, 0x0020, 0x10A1, 0x1902,
  0x2800, 0x7060, 0xA881, 0xA861, 0x8840, 0x7020, 0x6040, 0x6840, 0x7040, 0x6840, 0x6880, 0x98E1, 0xA942, 0x8901, 0x4880, 0x3040,
  0x3060, 0x48A0, 0x68E1, 0x8121, 0x6901, 0x40C0, 0x30A0, 0x30C0, 0x38E0, 0x38E0, 0x38E0, 0x40E0, 0x4100, 0x28A0, 0x1060, 0x1060,
  0x1080, 0x10A0, 0x10C0, 0x10C0, 0x18A0, 0x20A0, 0x3080, 0x3860, 0x3040, 0x3040, 0x2820, 0x2020, 0x1000, 0x1000, 0x0800, 0x0800,
  0x0000, 0x0000, 0x0000, 0x0000, 0x0000, 0x0820, 0x1860, 0x1060, 0x0860, 0x0861, 0x0020, 0x0000, 0x0000, 0x0840, 0x18E2, 0x1902,
  0x2000, 0x7060, 0xA881, 0xB061, 0x9040, 0x7840, 0x7040, 0x7040, 0x7040, 0x6040, 0x6060, 0x88C1, 0xA942, 0x9122, 0x60C1, 0x4060,
  0x3860, 0x50A1, 0x7101, 0x8121, 0x60E1, 0x38A0, 0x28A0, 0x28C0, 0x30C0, 0x30E0, 0x30E0, 0x38E0, 0x4100, 0x28A0, 0x1880, 0x1080,
  0x10A0, 0x10A0, 0x10C0, 0x10A0, 0x1880, 0x28A0, 0x3080, 0x3060, 0x3040, 0x3040, 0x2820, 0x1800, 0x1000, 0x0800, 0x0800, 0x0800,
  0x0000, 0x0000, 0x0000, 0x0000, 0x0000, 0x0840, 0x1860, 0x1060, 0x0860, 0x0861, 0x0020, 0x0000, 0x0020, 0x0881, 0x1922, 0x18E2,
  0x2000, 0x6840, 0xA860, 0xB061, 0x9840, 0x8840, 0x8040, 0x7840, 0x7040, 0x5840, 0x5040, 0x78A1, 0xA122, 0xA142, 0x7901, 0x58A0,
  0x4880, 0x60C1, 0x7921, 0x8141, 0x58E1, 0x30A0, 0x2880, 0x28A0, 0x28C0, 0x28C0, 0x28E0, 0x30E0, 0x38E0, 0x30C0, 0x2080, 0x1880,
  0x10A0, 0x10C0, 0x10A0, 0x1080, 0x1880, 0x2080, 0x2860, 0x2840, 0x2820, 0x2820, 0x2020, 0x1000, 0x0800, 0x0800, 0x0800, 0x0000,
  0x0000, 0x0000, 0x0000, 0x0000, 0x0000, 0x1040, 0x1860, 0x1040, 0x0861, 0x0840, 0x0020, 0x0000, 0x0020, 0x10C1, 0x2143, 0x10C2,
  0x2000, 0x6840, 0xA860, 0xB060, 0xA040, 0x9841, 0x8861, 0x7840, 0x7040, 0x5040, 0x4820, 0x6880, 0x9901, 0xA962, 0x9141, 0x70E1,
  0x60C1, 0x68E1, 0x8141, 0x8141, 0x58E0, 0x30A0, 0x28A0, 0x20A0, 0x20C0, 0x20C0, 0x28C0, 0x30C0, 0x30E0, 0x28C0, 0x20A0, 0x20A0,
  0x18A0, 0x18C0, 0x10A0, 0x1080, 0x1060, 0x2060, 0x2040, 0x2020, 0x2020, 0x2820, 0x2020, 0x1000, 0x0800, 0x0800, 0x0000, 0x0000,
  0x0000, 0x0000, 0x0000, 0x0000, 0x0000, 0x1040, 0x1060, 0x1040, 0x0861, 0x0840, 0x0000, 0x0000, 0x0840, 0x18E2, 0x2142, 0x08A2,
  0x2000, 0x6020, 0xA860, 0xB860, 0xA840, 0xA041, 0x9861, 0x8041, 0x7060, 0x5040, 0x3820, 0x5860, 0x90E1, 0xB142, 0xA962, 0x8921,
  0x70E1, 0x7101, 0x8141, 0x8961, 0x6101, 0x38C0, 0x30C0, 0x28C0, 0x20C0, 0x20C0, 0x20C0, 0x28C0, 0x30E0, 0x30C0, 0x28A0, 0x20A0,
  0x20A0, 0x18C0, 0x18A0, 0x1880, 0x1860, 0x2060, 0x2040, 0x1820, 0x1820, 0x1820, 0x1820, 0x1000, 0x1000, 0x0800, 0x0800, 0x0000,
  0x0000, 0x0000, 0x0000, 0x0000, 0x0000, 0x1060, 0x1060, 0x1060, 0x0861, 0x0020, 0x0000, 0x0000, 0x0860, 0x1902, 0x1922, 0x0881,
  0x2000, 0x6020, 0xA860, 0xB861, 0xB061, 0xB061, 0xA081, 0x8861, 0x7061, 0x5040, 0x3820, 0x5040, 0x88C1, 0xA921, 0xB162, 0x9941,
  0x8101, 0x7901, 0x8141, 0x8941, 0x6901, 0x48E0, 0x38E0, 0x30E0, 0x28C0, 0x20C0, 0x18A0, 0x28C0, 0x30E0, 0x30E0, 0x28C0, 0x28A0,
  0x28C0, 0x20C0, 0x18A0, 0x20A0, 0x2080, 0x2060, 0x2040, 0x1820, 0x1820, 0x1800, 0x1000, 0x1000, 0x0800, 0x0800, 0x0800, 0x0000,
  0x0000, 0x0000, 0x0000, 0x0000, 0x0020, 0x1060, 0x1060, 0x1060, 0x0860, 0x0020, 0x0000, 0x0000, 0x0861, 0x1902, 0x18E2, 0x0861,
  0x1800, 0x6020, 0xA860, 0xC081, 0xB861, 0xB861, 0xA081, 0x8861, 0x7861, 0x5840, 0x3820, 0x4840, 0x7881, 0xA0E1, 0xB141, 0xA961,
  0x8921, 0x7901, 0x8141, 0x8961, 0x7121, 0x5100, 0x4900, 0x3900, 0x28E0, 0x20C0, 0x20A0, 0x28C0, 0x30E0, 0x30E0, 0x28C0, 0x28A0,
  0x28A0, 0x28C0, 0x20A0, 0x28C0, 0x30C0, 0x2880, 0x2060, 0x2040, 0x1820, 0x1820, 0x1000, 0x1000, 0x0800, 0x0800, 0x0800, 0x0000,
  0x0000, 0x0000, 0x0000, 0x0000, 0x0820, 0x1060, 0x1060, 0x1060, 0x0860, 0x0020, 0x0000, 0x0020, 0x1081, 0x1902, 0x10C1, 0x0041,
  0x1800, 0x6020, 0xA881, 0xC8A1, 0xC081, 0xB861, 0xA061, 0x8841, 0x7861, 0x6040, 0x4020, 0x4820, 0x6860, 0x88C1, 0xA121, 0xA141,
  0x8101, 0x7901, 0x8121, 0x9161, 0x7941, 0x6121, 0x5121, 0x4901, 0x30E0, 0x28C0, 0x20C0, 0x28E0, 0x3100, 0x30E0, 0x28C0, 0x20A0,
  0x20A0, 0x20A0, 0x28A0, 0x30C0, 0x38C0, 0x30A0, 0x2860, 0x2040, 0x2040, 0x2020, 0x1820, 0x1000, 0x0800, 0x0800, 0x0000, 0x0000,
  0x0000, 0x0000, 0x0000, 0x0000, 0x0820, 0x1060, 0x1060, 0x1061, 0x0840, 0x0000, 0x0000, 0x0020, 0x10A1, 0x1902, 0x10A1, 0x0020,
  0x1800, 0x6040, 0xB0A1, 0xD0C1, 0xC881, 0xB861, 0xA061, 0x8840, 0x8061, 0x6861, 0x5040, 0x4840, 0x6060, 0x7880, 0x90E1, 0x9101,
  0x8101, 0x7101, 0x8141, 0x9161, 0x8161, 0x6941, 0x5921, 0x5121, 0x40E0, 0x30C0, 0x28C0, 0x28E0, 0x30E0, 0x30E0, 0x28C0, 0x20A0,
  0x2080, 0x2080, 0x28A0, 0x30C0, 0x38E0, 0x30A0, 0x2060, 0x2040, 0x2040, 0x2040, 0x2020, 0x1820, 0x1000, 0x0800, 0x0000, 0x0000,
  0x0000, 0x0000, 0x0000, 0x0000, 0x0820, 0x1060, 0x1060, 0x0861, 0x0840, 0x0000, 0x0000, 0x0840, 0x18C1, 0x2122, 0x0881, 0x0020,
  0x1800, 0x6040, 0xB0C1, 0xD0E2, 0xC881, 0xB861, 0x9840, 0x8840, 0x8861, 0x7881, 0x6061, 0x5040, 0x5040, 0x6060, 0x78A0, 0x80C1,
  0x70C1, 0x70E1, 0x8121, 0x9982, 0x8981, 0x7141, 0x5921, 0x5121, 0x4900, 0x38E0, 0x30E0, 0x28E0, 0x30E0, 0x30E0, 0x28C0, 0x20A0,
  0x2080, 0x2080, 0x28A0, 0x30C0, 0x38C0, 0x30A0, 0x2060, 0x1820, 0x1820, 0x2040, 0x2020, 0x1820, 0x1020, 0x1000, 0x0800, 0x0000,
  0x0000, 0x0000, 0x0000, 0x0000, 0x0820, 0x1060, 0x1060, 0x0860, 0x0820, 0x0000, 0x0000, 0x0840, 0x1902, 0x2122, 0x0881, 0x0040,
  0x1800, 0x6040, 0xB0E1, 0xD102, 0xC8A1, 0xB041, 0x9840, 0x8840, 0x8881, 0x88A1, 0x7081, 0x5040, 0x4840, 0x5040, 0x6080, 0x70A0,
  0x68C1, 0x68E1, 0x7921, 0x9982, 0x9181, 0x7141, 0x5921, 0x5121, 0x4901, 0x40E1, 0x38E0, 0x30E0, 0x30E0, 0x30C0, 0x28C0, 0x20A0,
  0x20A0, 0x20A0, 0x28A0, 0x30A0, 0x30A0, 0x2880, 0x2060, 0x1820, 0x1020, 0x1820, 0x1820, 0x1020, 0x1020, 0x1020, 0x0800, 0x0000,
  0x0000, 0x0000, 0x0000, 0x0000, 0x0820, 0x1060, 0x1060, 0x0840, 0x0020, 0x0000, 0x0000, 0x0860, 0x1922, 0x2122, 0x0881, 0x0820,
  0x1800, 0x6060, 0xB0E2, 0xD102, 0xC081, 0xA840, 0x9020, 0x8820, 0x9081, 0x90C2, 0x78A1, 0x5860, 0x4840, 0x4040, 0x4860, 0x60A0,
  0x68C1, 0x68E1, 0x7921, 0x9161, 0x9181, 0x7141, 0x5101, 0x4901, 0x4901, 0x40E1, 0x38E1, 0x3900, 0x38E0, 0x30C0, 0x20A0, 0x20A0,
  0x20A0, 0x28A0, 0x28A0, 0x30A0, 0x2880, 0x2860, 0x2040, 0x1820, 0x1020, 0x1820, 0x1000, 0x1000, 0x0800, 0x0800, 0x0800, 0x0800,
  0x0000, 0x0000, 0x0000, 0x0000, 0x0820, 0x1040, 0x0840, 0x0840, 0x0000, 0x0000, 0x0000, 0x0860, 0x2122, 0x1942, 0x0881, 0x0040,
  0x1800, 0x6060, 0xB0E2, 0xD102, 0xB881, 0xA820, 0x9020, 0x8820, 0x9881, 0x98C2, 0x88A1, 0x6881, 0x4840, 0x3840, 0x4060, 0x60A0,
  0x68E1, 0x68E1, 0x7101, 0x8941, 0x8961, 0x6921, 0x48E0, 0x38E0, 0x38E1, 0x38E0, 0x38E1, 0x4101, 0x4101, 0x30C0, 0x2080, 0x1880,
  0x1880, 0x20A0, 0x28A0, 0x3080, 0x2880, 0x2040, 0x1840, 0x1820, 0x1820, 0x1820, 0x1020, 0x1000, 0x0800, 0x0800, 0x0000, 0x0000,
  0x0000, 0x0000, 0x0000, 0x0000, 0x0820, 0x1040, 0x0840, 0x0840, 0x0000, 0x0000, 0x0000, 0x0860, 0x2122, 0x1922, 0x0861, 0x0820,
  0x1800, 0x6060, 0xB0E2, 0xC0E1, 0xB060, 0xA020, 0x9820, 0x9020, 0x9881, 0xA0C2, 0x88A1, 0x6881, 0x4860, 0x3840, 0x4060, 0x60C1,
  0x7101, 0x6901, 0x7101, 0x8121, 0x8141, 0x6101, 0x38A0, 0x28A0, 0x28A0, 0x28C0, 0x30C0, 0x3900, 0x4101, 0x30C0, 0x1880, 0x1060,
  0x1060, 0x2080, 0x2880, 0x2880, 0x2860, 0x2040, 0x1820, 0x1820, 0x1820, 0x1820, 0x1820, 0x1000, 0x0800, 0x0000, 0x0000, 0x0000,
  0x0000, 0x0000, 0x0000, 0x0000, 0x0840, 0x1060, 0x1060, 0x0840, 0x0000, 0x0000, 0x0000, 0x0881, 0x2122, 0x1922, 0x0861, 0x0020,
  0x1800, 0x5860, 0xA8C1, 0xB8C1, 0xA840, 0xA020, 0xA020, 0x9840, 0xA081, 0xA8A1, 0x90A1, 0x7081, 0x5060, 0x3840, 0x4080, 0x60E1,
  0x7121, 0x6901, 0x68E1, 0x7101, 0x7121, 0x58E1, 0x30A0, 0x2080, 0x2080, 0x20A0, 0x28C0, 0x30E0, 0x3900, 0x28C0, 0x1880, 0x1060,
  0x0840, 0x1060, 0x2060, 0x2880, 0x2860, 0x2040, 0x1820, 0x1020, 0x1820, 0x1820, 0x1820, 0x1000, 0x1000, 0x0800, 0x0000, 0x0000,
  0x0000, 0x0000, 0x0000, 0x0000, 0x0820, 0x1060, 0x1061, 0x0840, 0x0000, 0x0000, 0x0000, 0x0881, 0x2122, 0x1902, 0x0861, 0x0020,
  0x1800, 0x5840, 0xA0A1, 0xB0A1, 0xA840, 0xA840, 0xA840, 0xA040, 0xA861, 0xA8A1, 0x9081, 0x7081, 0x5061, 0x4060, 0x48A0, 0x68E1,
  0x6901, 0x60E1, 0x58E1, 0x6901, 0x6901, 0x48C1, 0x2880, 0x1860, 0x1880, 0x18A0, 0x20A0, 0x30E0, 0x3100, 0x28C0, 0x1880, 0x0860,
  0x0820, 0x1040, 0x1860, 0x2060, 0x2060, 0x2040, 0x1820, 0x1820, 0x1820, 0x1820, 0x1820, 0x1000, 0x1000, 0x0800, 0x0800, 0x0000,
  0x0000, 0x0000, 0x0000, 0x0000, 0x0840, 0x1060, 0x1061, 0x0820, 0x0000, 0x0000, 0x0000, 0x0881, 0x1922, 0x1902, 0x0861, 0x0000,
  0x1800, 0x5040, 0x9081, 0xA881, 0xA840, 0xB040, 0xB060, 0xB060, 0xB881, 0xB081, 0x8881, 0x7081, 0x5881, 0x4060, 0x50A1, 0x60E1,
  0x60E1, 0x50C1, 0x50C0, 0x58E1, 0x58E1, 0x40A1, 0x2060, 0x1060, 0x1080, 0x18A0, 0x20C0, 0x28E0, 0x28E0, 0x28E0, 0x18A0, 0x1060,
  0x0840, 0x0840, 0x1060, 0x1860, 0x2060, 0x2040, 0x1840, 0x1820, 0x1820, 0x1820, 0x1820, 0x1000, 0x0800, 0x0800, 0x0800, 0x0000,
  0x0000, 0x0000, 0x0000, 0x0000, 0x0840, 0x1060, 0x1081, 0x0820, 0x0000, 0x0000, 0x0000, 0x0861, 0x1922, 0x1902, 0x0861, 0x0020,
  0x1800, 0x5040, 0x8861, 0xA860, 0xB060, 0xB881, 0xC0A1, 0xC0A1, 0xC0A1, 0xB080, 0x8880, 0x6881, 0x5881, 0x4060, 0x48A1, 0x58E1,
  0x50C1, 0x48A0, 0x48C0, 0x50C1, 0x50E1, 0x38A1, 0x2060, 0x1060, 0x1080, 0x18A0, 0x18C0, 0x28E0, 0x28E0, 0x20E0, 0x18C0, 0x1080,
  0x1060, 0x1060, 0x1880, 0x1860, 0x1840, 0x1840, 0x1840, 0x1820, 0x1820, 0x1820, 0x1820, 0x1000, 0x0800, 0x0800, 0x0000, 0x0000,
  0x0000, 0x0000, 0x0000, 0x0000, 0x0840, 0x1080, 0x1081, 0x0820, 0x0000, 0x0000, 0x0000, 0x0861, 0x1922, 0x1902, 0x0061, 0x0000,
  0x1800, 0x4820, 0x8840, 0xA861, 0xB8A1, 0xC8E1, 0xD101, 0xD0E1, 0xD0C1, 0xB880, 0x8860, 0x6881, 0x5861, 0x4060, 0x48A0, 0x50C1,
  0x40A0, 0x38A0, 0x40A0, 0x48C1, 0x48C1, 0x3880, 0x2060, 0x1060, 0x1060, 0x18A0, 0x20C0, 0x20E0, 0x20E0, 0x20C0, 0x18C0, 0x18A0,
  0x1080, 0x1880, 0x18A0, 0x1880, 0x1840, 0x1040, 0x1020, 0x1020, 0x1020, 0x1820, 0x1820, 0x1000, 0x0800, 0x0800, 0x0000, 0x0000,
  0x0000, 0x0000, 0x0000, 0x0000, 0x0840, 0x1081, 0x1081, 0x0820, 0x0000, 0x0000, 0x0000, 0x0861, 0x1902, 0x1902, 0x0841, 0x0000,
  0x1800, 0x4020, 0x8040, 0xB081, 0xC102, 0xD962, 0xD982, 0xD941, 0xD8E1, 0xB8A0, 0x8860, 0x6860, 0x5060, 0x4060, 0x4080, 0x48A0,
  0x3880, 0x3880, 0x38A0, 0x40C1, 0x48C1, 0x3880, 0x2860, 0x2060, 0x1860, 0x20A0, 0x20C0, 0x20C0, 0x20C0, 0x18C0, 0x18C0, 0x18A0,
  0x1080, 0x18A0, 0x18C0, 0x18A0, 0x1060, 0x1020, 0x0820, 0x0800, 0x1000, 0x1020, 0x1020, 0x1000, 0x0800, 0x0800, 0x0000, 0x0000,
  0x0000, 0x0000, 0x0000, 0x0000, 0x0840, 0x1081, 0x1081, 0x0820, 0x0000, 0x0000, 0x0000, 0x0860, 0x1902, 0x1902, 0x0841, 0x0000,
  0x1000, 0x4020, 0x8040, 0xB8E1, 0xD163, 0xE1E3, 0xEA03, 0xE9A2, 0xE121, 0xC0C0, 0x8860, 0x6860, 0x5060, 0x4060, 0x4060, 0x4080,
  0x3880, 0x3080, 0x3080, 0x38A1, 0x40C1, 0x38A1, 0x3880, 0x3080, 0x28A0, 0x28A0, 0x28C0, 0x20A0, 0x18A0, 0x18A0, 0x18A0, 0x18C0,
  0x18A0, 0x18A0, 0x20C0, 0x18A0, 0x1860, 0x1020, 0x0800, 0x0800, 0x0800, 0x1020, 0x1020, 0x1020, 0x0800, 0x0000, 0x0000, 0x0000,
  0x0000, 0x0000, 0x0000, 0x0000, 0x0840, 0x1081, 0x1081, 0x0820, 0x0000, 0x0000, 0x0000, 0x0860, 0x1902, 0x18E3, 0x0841, 0x0000,
  0x1000, 0x4000, 0x8061, 0xC142, 0xE204, 0xEA84, 0xF284, 0xF202, 0xE141, 0xC0C0, 0x8880, 0x6880, 0x5860, 0x4060, 0x3860, 0x40A0,
  0x40A0, 0x38A0, 0x3080, 0x3080, 0x38A1, 0x40A1, 0x48C1, 0x50E1, 0x40C0, 0x38C0, 0x28C0, 0x2080, 0x1880, 0x1080, 0x18A0, 0x18C0,
  0x18A0, 0x18A0, 0x18C0, 0x18A0, 0x1860, 0x1020, 0x0820, 0x0800, 0x0800, 0x1020, 0x1820, 0x1020, 0x0800, 0x0000, 0x0000, 0x0000,
  0x0000, 0x0000, 0x0000, 0x0000, 0x0840, 0x1881, 0x1081, 0x0820, 0x0000, 0x0000, 0x0000, 0x0040, 0x10E2, 0x1903, 0x0861, 0x0000,
  0x1000, 0x4000, 0x8881, 0xC9A3, 0xEA85, 0xF305, 0xF2C4, 0xF223, 0xE161, 0xB8C0, 0x8880, 0x7080, 0x5880, 0x4060, 0x4080, 0x48A1,
  0x48A1, 0x40A0, 0x3080, 0x2880, 0x3080, 0x38A0, 0x58E1, 0x6101, 0x5901, 0x40C0, 0x30A0, 0x2080, 0x1860, 0x1080, 0x18A0, 0x18A0,
  0x18A0, 0x1080, 0x1880, 0x1880, 0x1060, 0x1020, 0x0820, 0x0800, 0x1020, 0x1020, 0x1820, 0x1020, 0x1000, 0x0800, 0x0000, 0x0000,
  0x0000, 0x0000, 0x0000, 0x0000, 0x0820, 0x1881, 0x1081, 0x0820, 0x0000, 0x0000, 0x0000, 0x0040, 0x10C2, 0x10E3, 0x0861, 0x0000,
  0x1000, 0x3820, 0x88C1, 0xD204, 0xF326, 0xFB66, 0xFB04, 0xF243, 0xE161, 0xB8C0, 0x8880, 0x78A1, 0x60A1, 0x4880, 0x4080, 0x48A1,
  0x50C1, 0x40C1, 0x3080, 0x2060, 0x2060, 0x3080, 0x50E1, 0x6921, 0x6101, 0x48C1, 0x3080, 0x2060, 0x1860, 0x1060, 0x1080, 0x18A0,
  0x18A0, 0x1080, 0x1060, 0x1040, 0x1020, 0x0820, 0x0820, 0x0800, 0x1020, 0x1020, 0x1020, 0x1020, 0x1000, 0x0800, 0x0000, 0x0000,
  0x0000, 0x0000, 0x0000, 0x0000, 0x0820, 0x1081, 0x1081, 0x0820, 0x0000, 0x0000, 0x0000, 0x0020, 0x10C2, 0x10E3, 0x0861, 0x0000,
  0x1000, 0x4020, 0x90E2, 0xF443, 0xFC83, 0xFB66, 0xFAE4, 0xF202, 0xD941, 0xB0A0, 0x8880, 0x78A1, 0x60A1, 0x4880, 0x4080, 0x48A1,
  0x50C1, 0x48C1, 0x3080, 0x1840, 0x1840, 0x2860, 0x48C0, 0x5901, 0x58E1, 0x40C0, 0x2880, 0x2060, 0x1860, 0x1880, 0x1080, 0x10A0,
  0x18A0, 0x1080, 0x0860, 0x0820, 0x0820, 0x0800, 0x0800, 0x0820, 0x1020, 0x1020, 0x1020, 0x1020, 0x1000, 0x0800, 0x0800, 0x0000,
  0x0000, 0x0000, 0x0000, 0x0000, 0x0820, 0x1081, 0x1081, 0x0820, 0x0000, 0x0000, 0x0000, 0x0020, 0x08A2, 0x10E2, 0x0861, 0x0000,
  0x1000, 0x4020, 0x9102, 0xF403, 0xF443, 0xFB26, 0xFA83, 0xF1C2, 0xD101, 0xA880, 0x8880, 0x78A1, 0x68A1, 0x4880, 0x3880, 0x40A1,
  0x50C1, 0x48C1, 0x2880, 0x1840, 0x1040, 0x2060, 0x30A0, 0x40C0, 0x40C0, 0x38A0, 0x2860, 0x2060, 0x1880, 0x1880, 0x1080, 0x1080,
  0x18A0, 0x1080, 0x0840, 0x0820, 0x0000, 0x0000, 0x0000, 0x0800, 0x1020, 0x1020, 0x1000, 0x1000, 0x0800, 0x0800, 0x0000, 0x0000,
  0x0000, 0x0000, 0x0000, 0x0000, 0x0820, 0x1081, 0x1081, 0x0820, 0x0000, 0x0000, 0x0000, 0x0020, 0x0881, 0x10C2, 0x0861, 0x0000,
  0x1000, 0x4040, 0x9122, 0xDA86, 0xF403, 0xFAA4, 0xFA03, 0xE981, 0xC8E1, 0xA080, 0x8080, 0x70A0, 0x60A0, 0x4880, 0x3880, 0x40A0,
  0x48C1, 0x40C1, 0x2880, 0x1860, 0x1040, 0x1860, 0x2080, 0x28A0, 0x30A0, 0x2880, 0x2060, 0x2060, 0x2080, 0x1880, 0x1060, 0x1060,
  0x1880, 0x1060, 0x0820, 0x0000, 0x0000, 0x0000, 0x0000, 0x0800, 0x0800, 0x1000, 0x0800, 0x0800, 0x0800, 0x0000, 0x0000, 0x0000,
  0x0000, 0x0000, 0x0000, 0x0000, 0x0820, 0x1081, 0x1081, 0x0820, 0x0000, 0x0000, 0x0000, 0x0020, 0x0881, 0x10C2, 0x0861, 0x0020,
  0x1000, 0x4040, 0x9122, 0xDA65, 0xF2A5, 0xFA23, 0xF1A2, 0xE921, 0xC0C0, 0x9880, 0x7880, 0x68A0, 0x60A0, 0x4880, 0x3860, 0x3880,
  0x40A1, 0x38C0, 0x2880, 0x1860, 0x1060, 0x1860, 0x1860, 0x2080, 0x20A0, 0x2080, 0x1860, 0x1860, 0x2080, 0x1880, 0x1860, 0x1060,
  0x1880, 0x1860, 0x0840, 0x0820, 0x0000, 0x0000, 0x0000, 0x0800, 0x0800, 0x1020, 0x1000, 0x0800, 0x0800, 0x0800, 0x0000, 0x0000,
  0x0000, 0x0000, 0x0000, 0x0000, 0x0820, 0x1081, 0x1081, 0x0820, 0x0000, 0x0000, 0x0000, 0x0020, 0x0881, 0x10C3, 0x0882, 0x0021,
  0x1000, 0x3840, 0x9122, 0xD204, 0xF204, 0xF182, 0xF121, 0xE0E1, 0xC0A0, 0x9080, 0x7080, 0x6080, 0x58A0, 0x48A0, 0x3060, 0x3080,
  0x38A0, 0x30A0, 0x2080, 0x1880, 0x1880, 0x1060, 0x1060, 0x1880, 0x1880, 0x1880, 0x1860, 0x1860, 0x1880, 0x1880, 0x1860, 0x1860,
  0x1880, 0x1880, 0x1040, 0x0820, 0x0000, 0x0000, 0x0000, 0x0800, 0x1020, 0x1020, 0x1020, 0x1020, 0x1000, 0x0800, 0x0000, 0x0000,
  0x0000, 0x0000, 0x0000, 0x0000, 0x0020, 0x1061, 0x1081, 0x0820, 0x0000, 0x0000, 0x0000, 0x0020, 0x0882, 0x18E3, 0x0882, 0x0020,
  0x1000, 0x3840, 0x8902, 0xD1A3, 0xE982, 0xF101, 0xE8E1, 0xD8C1, 0xB8A0, 0x9080, 0x6880, 0x5880, 0x58A0, 0x48A0, 0x3880, 0x3080,
  0x30A0, 0x28A0, 0x2080, 0x1880, 0x1880, 0x1060, 0x1060, 0x1060, 0x1880, 0x1880, 0x1860, 0x1060, 0x1860, 0x1860, 0x1060, 0x1060,
  0x1880, 0x1880, 0x1040, 0x0820, 0x0000, 0x0000, 0x0000, 0x0800, 0x1020, 0x1820, 0x1820, 0x1020, 0x1020, 0x0800, 0x0000, 0x0000,
  0x0000, 0x0000, 0x0000, 0x0000, 0x0020, 0x1061, 0x1081, 0x0820, 0x0000, 0x0000, 0x0000, 0x0020, 0x10A2, 0x2124, 0x10C3, 0x0020,
  0x0800, 0x3820, 0x88C1, 0xC922, 0xE901, 0xE8C1, 0xE8A0, 0xD0A1, 0xB0A0, 0x8880, 0x6080, 0x5080, 0x50A0, 0x48A0, 0x3880, 0x3080,
  0x28A0, 0x28A0, 0x2080, 0x1880, 0x1080, 0x1060, 0x1060, 0x1060, 0x1880, 0x1880, 0x1060, 0x1060, 0x1060, 0x1060, 0x1040, 0x1060,
  0x1880, 0x1880, 0x1040, 0x0820, 0x0000, 0x0000, 0x0000, 0x0000, 0x0820, 0x1020, 0x1020, 0x1000, 0x1000, 0x0800, 0x0000, 0x0000,
  0x0000, 0x0000, 0x0000, 0x0000, 0x0020, 0x1061, 0x1081, 0x0820, 0x0000, 0x0000, 0x0000, 0x0020, 0x18E3, 0x2965, 0x10E3, 0x0020,
  0x0800, 0x3820, 0x80A1, 0xC0E1, 0xE0C1, 0xE8A0, 0xE0A0, 0xC8A0, 0xA080, 0x7880, 0x5860, 0x4880, 0x4880, 0x48A0, 0x48A0, 0x38A0,
  0x28A0, 0x20A0, 0x2080, 0x1880, 0x1060, 0x0840, 0x0840, 0x1040, 0x1060, 0x1080, 0x1060, 0x0860, 0x0860, 0x0860, 0x0860, 0x1060,
  0x1080, 0x1860, 0x1040, 0x0820, 0x0000, 0x0000, 0x0000, 0x0000, 0x0800, 0x1020, 0x1020, 0x1020, 0x0800, 0x0800, 0x0000, 0x0000,
  0x0000, 0x0000, 0x0000, 0x0000, 0x0000, 0x1061, 0x1081, 0x0820, 0x0000, 0x0000, 0x0000, 0x0020, 0x1903, 0x0880, 0x18E3, 0x0020,
  0x0800, 0x3820, 0x7861, 0xB8A1, 0xE080, 0xE880, 0xE0A0, 0xC0A0, 0x9880, 0x7060, 0x5060, 0x4860, 0x4880, 0x50C1, 0x50C1, 0x38C0,
  0x28A0, 0x20A0, 0x18A0, 0x1060, 0x0840, 0x0820, 0x0820, 0x0820, 0x0840, 0x0860, 0x0860, 0x0860, 0x0860, 0x1080, 0x1080, 0x10A0,
  0x10A0, 0x1080, 0x1060, 0x0820, 0x0800, 0x0000, 0x0000, 0x0800, 0x0820, 0x1020, 0x1020, 0x1020, 0x1020, 0x0820, 0x0800, 0x0000,
  0x0000, 0x0000, 0x0000, 0x0000, 0x0000, 0x0860, 0x1061, 0x0820, 0x0000, 0x0000, 0x0000, 0x0841, 0x2124, 0x08A1, 0x1903, 0x0040,
  0x0800, 0x3020, 0x7840, 0xB881, 0xD880, 0xE0A0, 0xD8A0, 0xB880, 0x8860, 0x6860, 0x5060, 0x4860, 0x4880, 0x58C1, 0x58E1, 0x40C0,
  0x30C0, 0x28A0, 0x20A0, 0x1060, 0x0840, 0x0020, 0x0020, 0x0020, 0x0020, 0x0840, 0x0860, 0x0880, 0x1080, 0x10A0, 0x10C0, 0x18C0,
  0x18C0, 0x18C0, 0x1080, 0x0840, 0x0820, 0x0000, 0x0000, 0x0800, 0x0820, 0x1020, 0x1020, 0x1020, 0x1020, 0x1020, 0x0800, 0x0000,
  0x0000, 0x0000, 0x0000, 0x0000, 0x0000, 0x0840, 0x1061, 0x0840, 0x0000, 0x0000, 0x0000, 0x0841, 0x2124, 0x10A1, 0x18E3, 0x0040,
  0x0800, 0x3000, 0x7040, 0xB080, 0xD8A1, 0xE0C0, 0xD0C0, 0xB080, 0x8060, 0x6060, 0x5060, 0x4880, 0x5080, 0x58E1, 0x58E1, 0x40C0,
  0x30C0, 0x28C0, 0x20A0, 0x1060, 0x0840, 0x0020, 0x0020, 0x0020, 0x0020, 0x0040, 0x0860, 0x0880, 0x10A0, 0x10C0, 0x10C0, 0x18E0,
  0x2100, 0x18E0, 0x1880, 0x0840, 0x0820, 0x0000, 0x0000, 0x0000, 0x0800, 0x0800, 0x0820, 0x1020, 0x1020, 0x1020, 0x0800, 0x0000,
  0x0000, 0x0000, 0x0000, 0x0000, 0x0000, 0x0840, 0x1061, 0x0840, 0x0000, 0x0000, 0x0000, 0x0861, 0x2924, 0x10C1, 0x18E3, 0x0040,
  0x0800, 0x3000, 0x7040, 0xB081, 0xD8C1, 0xE0C1, 0xD0C0, 0xA880, 0x8060, 0x6860, 0x5880, 0x5080, 0x50A1, 0x58E1, 0x50E1, 0x40C1,
  0x30C0, 0x28C0, 0x20A0, 0x1060, 0x0840, 0x0020, 0x0020, 0x0020, 0x0020, 0x0020, 0x0860, 0x0880, 0x10A0, 0x10C0, 0x10C0, 0x18E0,
  0x2100, 0x20E0, 0x18A0, 0x0840, 0x0820, 0x0000, 0x0000, 0x0000, 0x0000, 0x0800, 0x0800, 0x1020, 0x1020, 0x1000, 0x0800, 0x0000,
  0x0000, 0x0000, 0x0000, 0x0000, 0x0000, 0x0840, 0x1061, 0x0820, 0x0000, 0x0000, 0x0000, 0x0861, 0x2944, 0x31A5, 0x18C3, 0x0040,
  0x0800, 0x2800, 0x6840, 0xB0A1, 0xD8E1, 0xE0E1, 0xD0C0, 0xA880, 0x8060, 0x6880, 0x68A0, 0x58A0, 0x50A0, 0x50C1, 0x48C1, 0x38C1,
  0x30E0, 0x28C0, 0x18A0, 0x1060, 0x0840, 0x0040, 0x0020, 0x0020, 0x0020, 0x0040, 0x0860, 0x0860, 0x0880, 0x10A0, 0x10A0, 0x18E0,
  0x2100, 0x20E0, 0x1880, 0x0840, 0x0020, 0x0000, 0x0000, 0x0000, 0x0000, 0x0800, 0x0820, 0x1020, 0x1020, 0x1000, 0x0800, 0x0000,
  0x0000, 0x0000, 0x0000, 0x0000, 0x0000, 0x0840, 0x1081, 0x0840, 0x0000, 0x0000, 0x0020, 0x1081, 0x2965, 0x10E1, 0x0861, 0x0040,
  0x0800, 0x2800, 0x6840, 0xA8A1, 0xD8E1, 0xE0E1, 0xC8A0, 0xA880, 0x8060, 0x7080, 0x70C1, 0x60A0, 0x5080, 0x48A0, 0x40C0, 0x30C1,
  0x28C1, 0x20A0, 0x1880, 0x1060, 0x0860, 0x0840, 0x0040, 0x0040, 0x0040, 0x0840, 0x0860, 0x0860, 0x0880, 0x08A0, 0x10A0, 0x18E0,
  0x1900, 0x18E0, 0x1080, 0x0840, 0x0000, 0x0000, 0x0000, 0x0000, 0x0000, 0x0820, 0x1020, 0x1020, 0x1020, 0x1020, 0x0800, 0x0000,
  0x0000, 0x0000, 0x0000, 0x0000, 0x0000, 0x0840, 0x1061, 0x0840, 0x0000, 0x0000, 0x0020, 0x1082, 0x3185, 0x10C1, 0x18C3, 0x0041,
  0x0800, 0x2800, 0x6040, 0xA8A1, 0xD0C1, 0xD8C0, 0xC8A0, 0xA880, 0x8860, 0x78A0, 0x70C1, 0x60A1, 0x4880, 0x4080, 0x30A0, 0x30C0,
  0x28A0, 0x1880, 0x1080, 0x1080, 0x0880, 0x0860, 0x0860, 0x0840, 0x0840, 0x0860, 0x0860, 0x0860, 0x0880, 0x10A0, 0x10C0, 0x18E0,
  0x18E0, 0x18C0, 0x1060, 0x0820, 0x0000, 0x0000, 0x0000, 0x0000, 0x0000, 0x0820, 0x1020, 0x1020, 0x1020, 0x1020, 0x0800, 0x0000,
  0x0000, 0x0000, 0x0000, 0x0000, 0x0000, 0x0820, 0x1061, 0x0840, 0x0000, 0x0000, 0x0020, 0x1082, 0x2965, 0x08A1, 0x0861, 0x0041,
  0x0800, 0x2800, 0x6040, 0xA0A1, 0xC8C1, 0xD8C0, 0xC8A0, 0xA860, 0x8860, 0x78A0, 0x70C1, 0x5880, 0x4060, 0x3080, 0x3080, 0x28A0,
  0x2080, 0x1060, 0x1080, 0x10A0, 0x10A0, 0x10A0, 0x0880, 0x0860, 0x0860, 0x0880, 0x0880, 0x0880, 0x08A0, 0x10C0, 0x10E0, 0x18E0,
  0x18E0, 0x10A0, 0x0860, 0x0820, 0x0000, 0x0000, 0x0000, 0x0000, 0x0800, 0x0800, 0x1000, 0x1020, 0x1020, 0x1020, 0x0800, 0x0800,
  0x0000, 0x0000, 0x0000, 0x0000, 0x0000, 0x0020, 0x1061, 0x0840, 0x0020, 0x0000, 0x0020, 0x0882, 0x2965, 0x31A6, 0x18C3, 0x0061,
  0x0800, 0x2800, 0x5840, 0x98A0, 0xC8C1, 0xD0C0, 0xC880, 0xA860, 0x8860, 0x78A0, 0x70A0, 0x5880, 0x3860, 0x3060, 0x2880, 0x2080,
  0x1860, 0x1060, 0x1080, 0x10A0, 0x10C0, 0x10C0, 0x10A0, 0x1080, 0x1080, 0x10A0, 0x10A0, 0x10A0, 0x10A0, 0x10E0, 0x1100, 0x1900,
  0x18E0, 0x10A0, 0x0840, 0x0820, 0x0000, 0x0000, 0x0000, 0x0000, 0x0800, 0x1020, 0x1020, 0x1020, 0x1020, 0x1020, 0x0800, 0x0800,
  0x0000, 0x0000, 0x0000, 0x0000, 0x0000, 0x0020, 0x0861, 0x0840, 0x0020, 0x0000, 0x0020, 0x0861, 0x2944, 0x31A6, 0x0881, 0x0061,
  0x0800, 0x2000, 0x5040, 0x9880, 0xC8C1, 0xD0C0, 0xC080, 0xA060, 0x8060, 0x7880, 0x68A0, 0x5080, 0x3860, 0x2860, 0x2880, 0x2080,
  0x1860, 0x1080, 0x10A0, 0x18C0, 0x18E0, 0x18E1, 0x18C0, 0x10A0, 0x10A0, 0x10A0, 0x10A0, 0x10A0, 0x10C0, 0x10C0, 0x10E0, 0x10E0,
  0x10C0, 0x10A0, 0x0860, 0x0820, 0x0000, 0x0000, 0x0000, 0x0800, 0x1020, 0x1020, 0x1020, 0x1020, 0x1020, 0x1020, 0x0800, 0x0800,
  0x0000, 0x0000, 0x0000, 0x0000, 0x0000, 0x0020, 0x0841, 0x0840, 0x0020, 0x0000, 0x0020, 0x0861, 0x2124, 0x31A5, 0x18E3, 0x0061,
  0x0800, 0x2000, 0x5040, 0x9080, 0xC8C1, 0xD0C0, 0xC080, 0x9860, 0x8060, 0x7080, 0x6880, 0x4860, 0x3060, 0x3060, 0x3080, 0x2880,
  0x2080, 0x1880, 0x18A0, 0x18C0, 0x18E1, 0x18E1, 0x18C0, 0x10A0, 0x10C0, 0x10C0, 0x10A0, 0x10A0, 0x10A0, 0x10A0, 0x10C0, 0x10C0,
  0x10A0, 0x1080, 0x0860, 0x0820, 0x0820, 0x0800, 0x0800, 0x0800, 0x1020, 0x1840, 0x1820, 0x1020, 0x1020, 0x1000, 0x0800, 0x0800,
  0x0800, 0x0000, 0x0000, 0x0000, 0x0000, 0x0000, 0x0841, 0x0841, 0x0020, 0x0000, 0x0000, 0x0841, 0x1903, 0x08C1, 0x08A2, 0x0061,
  0x0800, 0x2000, 0x4840, 0x9080, 0xC0C1, 0xC8C0, 0xB080, 0x9060, 0x7840, 0x7080, 0x6080, 0x4860, 0x3860, 0x3880, 0x3880, 0x3080,
  0x2880, 0x20A0, 0x18C0, 0x18C0, 0x18C0, 0x18C0, 0x10A0, 0x10A0, 0x10C0, 0x10A0, 0x1080, 0x0880, 0x0880, 0x0880, 0x0880, 0x0880,
  0x0880, 0x0860, 0x0840, 0x0820, 0x0800, 0x0800, 0x0800, 0x0800, 0x1020, 0x1020, 0x1020, 0x1020, 0x0800, 0x0800, 0x0800, 0x0800,
  0x0800, 0x0000, 0x0000, 0x0000, 0x0000, 0x0000, 0x0840, 0x0841, 0x0020, 0x0000, 0x0020, 0x0041, 0x18C3, 0x2985, 0x2104, 0x0061,
  0x0000, 0x1800, 0x4840, 0x8881, 0xB8C1, 0xC0A0, 0xA860, 0x8840, 0x7840, 0x7080, 0x6080, 0x4860, 0x4060, 0x4880, 0x4080, 0x40A0,
  0x38A0, 0x28C0, 0x20C0, 0x18C0, 0x10A0, 0x1080, 0x1080, 0x10A0, 0x10A0, 0x10A0, 0x0880, 0x0880, 0x0880, 0x0880, 0x0880, 0x0860,
  0x0860, 0x0860, 0x0840, 0x0820, 0x0800, 0x0000, 0x0800, 0x0800, 0x0800, 0x1020, 0x1020, 0x0800, 0x0800, 0x0800, 0x0800, 0x0800,
  0x0000, 0x0000, 0x0000, 0x0000, 0x0000, 0x0000, 0x0840, 0x0841, 0x0020, 0x0000, 0x0000, 0x0021, 0x10A2, 0x2965, 0x08A2, 0x0061,
  0x0000, 0x1800, 0x4840, 0x8881, 0xB0C1, 0xB880, 0xA060, 0x8840, 0x7840, 0x7060, 0x6080, 0x5060, 0x5080, 0x5880, 0x50A0, 0x50A0,
  0x40C0, 0x30C0, 0x20C0, 0x10A0, 0x1080, 0x0860, 0x0860, 0x1080, 0x18C0, 0x10A0, 0x0880, 0x08A0, 0x08A0, 0x08A0, 0x0880, 0x0860,
  0x0860, 0x0840, 0x0020, 0x0000, 0x0000, 0x0000, 0x0000, 0x0000, 0x0800, 0x0820, 0x1020, 0x0820, 0x0820, 0x0820, 0x0800, 0x0800,
  0x0000, 0x0000, 0x0000, 0x0000, 0x0000, 0x0000, 0x0820, 0x0841, 0x0020, 0x0000, 0x0000, 0x0020, 0x1082, 0x2144, 0x2944, 0x0061,
  0x0000, 0x1800, 0x4040, 0x8080, 0xA8A0, 0xA860, 0x9840, 0x8840, 0x7840, 0x7860, 0x6880, 0x6080, 0x68A0, 0x68A0, 0x68C0, 0x60C0,
  0x50E0, 0x38C0, 0x20A0, 0x1080, 0x0860, 0x0860, 0x0860, 0x10A0, 0x18E0, 0x18C0, 0x10A0, 0x08C0, 0x10C0, 0x08C0, 0x08A0, 0x0880,
  0x0860, 0x0840, 0x0020, 0x0000, 0x0000, 0x0000, 0x0000, 0x0800, 0x0820, 0x1020, 0x1020, 0x1020, 0x1020, 0x0820, 0x0800, 0x0800,
  0x0000, 0x0000, 0x0000, 0x0000, 0x0000, 0x0000, 0x0020, 0x0841, 0x0020, 0x0000, 0x0000, 0x0020, 0x0861, 0x2124, 0x2965, 0x0061,
  0x0000, 0x1800, 0x4040, 0x7060, 0x9860, 0xA060, 0x9840, 0x8840, 0x8060, 0x7860, 0x7080, 0x70A0, 0x80C0, 0x80E0, 0x80E0, 0x70E0,
  0x58E0, 0x38C0, 0x1880, 0x0860, 0x0860, 0x0860, 0x0880, 0x18C0, 0x2101, 0x18E0, 0x10C0, 0x10E0, 0x10E0, 0x10E0, 0x08A0, 0x0880,
  0x0860, 0x0840, 0x0020, 0x0000, 0x0000, 0x0000, 0x0000, 0x0800, 0x0820, 0x1020, 0x1020, 0x1020, 0x1020, 0x1020, 0x0800, 0x0800,
  0x0000, 0x0000, 0x0000, 0x0000, 0x0000, 0x0000, 0x0020, 0x0841, 0x0820, 0x0000, 0x0000, 0x0000, 0x0841, 0x18E3, 0x2965, 0x0061,
  0x0000, 0x1800, 0x3820, 0x6840, 0x8840, 0x9840, 0xA060, 0x9860, 0x9080, 0x8880, 0x8080, 0x88C0, 0x9900, 0x9920, 0x9120, 0x7900,
  0x58E0, 0x38A0, 0x1880, 0x0860, 0x0860, 0x0880, 0x10A0, 0x2100, 0x2121, 0x1900, 0x10E0, 0x10E0, 0x1100, 0x10E0, 0x08C0, 0x0880,
  0x0860, 0x0840, 0x0020, 0x0000, 0x0000, 0x0000, 0x0000, 0x0820, 0x0820, 0x0820, 0x0820, 0x1020, 0x1020, 0x1020, 0x1020, 0x0800,
  0x0000, 0x0000, 0x0000, 0x0000, 0x0000, 0x0000, 0x0020, 0x0841, 0x0841, 0x0000, 0x0000, 0x0000, 0x0041, 0x18C3, 0x2965, 0x0081,
  0x0000, 0x1000, 0x3820, 0x6040, 0x8840, 0xA060, 0xA880, 0xA880, 0xA0A0, 0x9880, 0x90A0, 0xA0E0, 0xB140, 0xB160, 0xA140, 0x8100,
  0x58C0, 0x30A0, 0x18A0, 0x1080, 0x08A0, 0x10A0, 0x10C0, 0x2120, 0x2121, 0x1900, 0x10E0, 0x1100, 0x1100, 0x1100, 0x10C0, 0x0860,
  0x0840, 0x0840, 0x0020, 0x0000, 0x0000, 0x0000, 0x0000, 0x0820, 0x0820, 0x0820, 0x0820, 0x0820, 0x1020, 0x1020, 0x1020, 0x0800,
  0x0000, 0x0000, 0x0000, 0x0000, 0x0000, 0x0000, 0x0000, 0x0841, 0x0841, 0x0020, 0x0000, 0x0000, 0x0020, 0x10A2, 0x2965, 0x0081,
  0x0000, 0x1000, 0x3000, 0x5820, 0x8840, 0xA880, 0xB8C0, 0xB8C0, 0xB0C0, 0xA0A0, 0xA0C0, 0xB120, 0xC180, 0xC1A0, 0xA160, 0x7900,
  0x50C0, 0x30A0, 0x18A0, 0x10A0, 0x10C0, 0x10C0, 0x18E0, 0x2120, 0x2120, 0x1900, 0x10E0, 0x1100, 0x1100, 0x10E0, 0x10C0, 0x0860,
  0x0840, 0x0020, 0x0020, 0x0020, 0x0000, 0x0000, 0x0820, 0x0820, 0x1040, 0x1040, 0x1020, 0x0820, 0x1020, 0x1020, 0x0800, 0x0800,
  0x0000, 0x0000, 0x0000, 0x0000, 0x0000, 0x0000, 0x0000, 0x0841, 0x0841, 0x0020, 0x0000, 0x0000, 0x0020, 0x1082, 0x2944, 0x0082,
  0x0000, 0x1000, 0x2800, 0x5820, 0x8860, 0xB0A0, 0xC8E0, 0xC900, 0xB8E0, 0xB0C0, 0xB0E0, 0xC160, 0xC9A1, 0xC1A1, 0xA141, 0x70E0,
  0x48C0, 0x28C0, 0x18C0, 0x10C0, 0x10E0, 0x18E0, 0x1900, 0x1920, 0x1920, 0x1900, 0x10E0, 0x10E0, 0x10E0, 0x10E0, 0x10A0, 0x0860,
  0x0020, 0x0020, 0x0020, 0x0020, 0x0000, 0x0000, 0x0820, 0x1040, 0x1060, 0x1040, 0x1040, 0x0820, 0x0820, 0x0800, 0x0800, 0x0000,
  0x0000, 0x0000, 0x0000, 0x0000, 0x0000, 0x0000, 0x0000, 0x0020, 0x0841, 0x0021, 0x0000, 0x0000, 0x0000, 0x0861, 0x2124, 0x0082,
  0x0000, 0x1000, 0x2800, 0x5820, 0x9080, 0xC0E0, 0xD120, 0xD120, 0xC900, 0xC0E0, 0xC120, 0xD181, 0xD1A1, 0xB960, 0x9920, 0x68C0,
  0x40A0, 0x28C0, 0x18C0, 0x18E0, 0x18E0, 0x1900, 0x1920, 0x1920, 0x1920, 0x1900, 0x1100, 0x10E0, 0x10C0, 0x10A0, 0x0880, 0x0840,
  0x0020, 0x0000, 0x0000, 0x0000, 0x0000, 0x0020, 0x0840, 0x1060, 0x1060, 0x1040, 0x1040, 0x0820, 0x0800, 0x0000, 0x0000, 0x0000,
  0x0000, 0x0000, 0x0000, 0x0000, 0x0000, 0x0000, 0x0000, 0x0020, 0x0841, 0x0021, 0x0000, 0x0000, 0x0000, 0x0861, 0x2103, 0x2964,
  0x0000, 0x1000, 0x2800, 0x5840, 0x90A0, 0xC900, 0xE140, 0xE140, 0xD920, 0xC920, 0xD140, 0xD181, 0xC981, 0xB120, 0x88E0, 0x58A0,
  0x38A0, 0x28C0, 0x20E0, 0x1900, 0x1900, 0x1901, 0x1921, 0x2141, 0x2140, 0x1920, 0x1900, 0x10E0, 0x10A0, 0x0880, 0x0860, 0x0020,
  0x0000, 0x0000, 0x0000, 0x0000, 0x0000, 0x0820, 0x0840, 0x1040, 0x1040, 0x0840, 0x0820, 0x0000, 0x0000, 0x0000, 0x0000, 0x0000,
  0x0000, 0x0000, 0x0000, 0x0000, 0x0000, 0x0000, 0x0000, 0x0020, 0x0841, 0x0021, 0x0000, 0x0000, 0x0000, 0x0841, 0x2103, 0x00A2,
  0x0000, 0x1000, 0x2800, 0x5840, 0x90A0, 0xC100, 0xE160, 0xE160, 0xE140, 0xD960, 0xD981, 0xD981, 0xC940, 0xA900, 0x80C0, 0x58A0,
  0x38A0, 0x28C0, 0x2900, 0x2100, 0x1920, 0x1921, 0x2141, 0x2141, 0x2140, 0x2140, 0x1900, 0x10C0, 0x10A0, 0x0860, 0x0840, 0x0020,
  0x0000, 0x0000, 0x0000, 0x0000, 0x0000, 0x0820, 0x0820, 0x0820, 0x0820, 0x0820, 0x0000, 0x0000, 0x0000, 0x0000, 0x0000, 0x0000,
  0x0000, 0x0000, 0x0000, 0x0000, 0x0000, 0x0000, 0x0000, 0x0000, 0x0841, 0x0021, 0x0000, 0x0000, 0x0000, 0x0841, 0x18E3, 0x2965,
  0x0000, 0x0800, 0x2800, 0x5040, 0x88A0, 0xC100, 0xE160, 0xE980, 0xE980, 0xE1A1, 0xE1C1, 0xD981, 0xC120, 0xA0E0, 0x80C0, 0x58C0,
  0x38C0, 0x30E0, 0x3121, 0x2941, 0x2121, 0x2121, 0x2140, 0x2140, 0x2140, 0x2140, 0x1920, 0x18E0, 0x10A0, 0x0860, 0x0840, 0x0020,
  0x0000, 0x0000, 0x0000, 0x0000, 0x0020, 0x0020, 0x0820, 0x0820, 0x0820, 0x0020, 0x0000, 0x0000, 0x0000, 0x0000, 0x0000, 0x0000,
  0x0000, 0x0000, 0x0000, 0x0000, 0x0000, 0x0000, 0x0000, 0x0000, 0x0021, 0x0021, 0x0000, 0x0000, 0x0000, 0x0021, 0x18C3, 0x2144,
  0x0000, 0x0800, 0x2020, 0x5040, 0x80A0, 0xB900, 0xE160, 0xE980, 0xE9C0, 0xEA01, 0xE1E1, 0xD961, 0xC100, 0xA0C0, 0x80C0, 0x60C0,
  0x48E0, 0x4121, 0x3941, 0x3141, 0x2121, 0x2120, 0x2120, 0x2140, 0x2140, 0x2120, 0x1900, 0x18E0, 0x10A0, 0x0880, 0x0840, 0x0020,
  0x0000, 0x0000, 0x0020, 0x0000, 0x0820, 0x0820, 0x0820, 0x0820, 0x0820, 0x0020, 0x0000, 0x0000, 0x0000, 0x0800, 0x0000, 0x0000,
  0x0000, 0x0000, 0x0000, 0x0000, 0x0000, 0x0000, 0x0000, 0x0000, 0x0020, 0x0041, 0x0020, 0x0000, 0x0000, 0x0021, 0x10A2, 0x2124,
  0x0000, 0x0800, 0x2000, 0x4840, 0x78A0, 0xB100, 0xD940, 0xE9A0, 0xF201, 0xF242, 0xE201, 0xD160, 0xB8E0, 0xA0E0, 0x80E0, 0x60E0,
  0x5100, 0x4941, 0x4161, 0x3141, 0x2121, 0x1920, 0x1920, 0x1920, 0x1920, 0x1920, 0x1900, 0x18C0, 0x10A0, 0x0880, 0x0860, 0x0020,
  0x0020, 0x0020, 0x0820, 0x0820, 0x0820, 0x0820, 0x0820, 0x0820, 0x0820, 0x0000, 0x0000, 0x0000, 0x0000, 0x0000, 0x0000, 0x0000,
  0x0000, 0x0000, 0x0000, 0x0000, 0x0000, 0x0000, 0x0000, 0x0000, 0x0020, 0x0021, 0x0021, 0x0000, 0x0000, 0x0020, 0x08A2, 0x1904,
  0x0000, 0x0800, 0x1800, 0x4020, 0x7080, 0xA8E0, 0xD140, 0xE9C0, 0xF241, 0xF262, 0xE1E1, 0xD140, 0xB8E0, 0xA0E0, 0x88E0, 0x68E0,
  0x5921, 0x5161, 0x4161, 0x2941, 0x2121, 0x1921, 0x1921, 0x1900, 0x1900, 0x1900, 0x18E0, 0x10C0, 0x1080, 0x0880, 0x0860, 0x0840,
  0x0820, 0x0840, 0x0840, 0x1040, 0x1040, 0x0820, 0x0820, 0x0820, 0x0000, 0x0000, 0x0000, 0x0000, 0x0000, 0x0000, 0x0800, 0x0000,
  0x0000, 0x0000, 0x0000, 0x0000, 0x0000, 0x0000, 0x0000, 0x0000, 0x0020, 0x0041, 0x0021, 0x0000, 0x0000, 0x0020, 0x0882, 0x10E4,
  0x0000, 0x0800, 0x1800, 0x3820, 0x6860, 0xA0C0, 0xD140, 0xE9C1, 0xF242, 0xF242, 0xE1A1, 0xC920, 0xB8E0, 0xA900, 0x9100, 0x7100,
  0x5921, 0x4941, 0x3941, 0x2121, 0x2121, 0x1921, 0x1921, 0x18E0, 0x10E0, 0x10C0, 0x10C0, 0x08A0, 0x0880, 0x0880, 0x0880, 0x0860,
  0x0860, 0x1060, 0x1060, 0x1060, 0x1060, 0x1040, 0x0820, 0x0820, 0x0820, 0x0820, 0x0800, 0x0800, 0x0800, 0x0820, 0x0820, 0x0820,
  0x0000, 0x0000, 0x0000, 0x0000, 0x0000, 0x0000, 0x0000, 0x0000, 0x0020, 0x0021, 0x0021, 0x0000, 0x0000, 0x0020, 0x0062, 0x10C3,
  0x0000, 0x0800, 0x1000, 0x3020, 0x6060, 0x98C0, 0xC940, 0xE1E1, 0xEA22, 0xE9E1, 0xD960, 0xC900, 0xC120, 0xB140, 0x9140, 0x7120,
  0x5121, 0x4141, 0x2941, 0x2121, 0x1921, 0x1921, 0x10E1, 0x10C0, 0x08A0, 0x08A0, 0x08A0, 0x0880, 0x0880, 0x1080, 0x1080, 0x1080,
  0x1080, 0x1080, 0x1880, 0x1880, 0x1860, 0x1060, 0x1040, 0x1040, 0x1040, 0x1040, 0x1020, 0x0820, 0x0820, 0x0820, 0x0820, 0x0820,
  0x0000, 0x0000, 0x0000, 0x0000, 0x0000, 0x0000, 0x0000, 0x0000, 0x0000, 0x0021, 0x0021, 0x0000, 0x0000, 0x0020, 0x0062, 0x08A3,
  0x0000, 0x0800, 0x1000, 0x2820, 0x5840, 0x90A0, 0xC120, 0xD9C1, 0xE1E1, 0xE181, 0xD940, 0xC940, 0xC161, 0xB160, 0x9140, 0x6120,
  0x4921, 0x3121, 0x2121, 0x1901, 0x1901, 0x10E1, 0x08A0, 0x0880, 0x0880, 0x08A0, 0x08A0, 0x08A0, 0x10A0, 0x10C0, 0x10A0, 0x10A0,
  0x10A0, 0x1880, 0x1880, 0x1880, 0x1860, 0x1860, 0x1860, 0x1860, 0x1860, 0x1840, 0x1840, 0x1020, 0x1020, 0x0820, 0x0820, 0x0800,
  0x0000, 0x0000, 0x0000, 0x0000, 0x0000, 0x0000, 0x0000, 0x0000, 0x0000, 0x0021, 0x0021, 0x0020, 0x0000, 0x0020, 0x0042, 0x08A3,
  0x0000, 0x0000, 0x0800, 0x2820, 0x5040, 0x88A0, 0xB920, 0xD181, 0xD981, 0xD140, 0xC940, 0xC961, 0xC1A1, 0xA980, 0x8140, 0x5941,
  0x3921, 0x2901, 0x1901, 0x10E1, 0x10C1, 0x08A0, 0x08A0, 0x0880, 0x08A0, 0x08C0, 0x08C0, 0x10E0, 0x10E0, 0x10E0, 0x10C0, 0x10A0,
  0x10A0, 0x1080, 0x1060, 0x1060, 0x1040, 0x1060, 0x1860, 0x2060, 0x2060, 0x2060, 0x1840, 0x1020, 0x1020, 0x0800, 0x0800, 0x0800,
  0x0000, 0x0000, 0x0000, 0x0000, 0x0000, 0x0000, 0x0000, 0x0000, 0x0000, 0x0021, 0x0041, 0x0020, 0x0000, 0x0021, 0x0041, 0x0883,
  0x0000, 0x0000, 0x0800, 0x2020, 0x4840, 0x80A0, 0xA921, 0xC141, 0xC141, 0xC120, 0xB940, 0xB981, 0xA9A1, 0x9181, 0x6961, 0x4941,
  0x3121, 0x18E1, 0x10C0, 0x08C0, 0x08A0, 0x08A0, 0x08A0, 0x08C0, 0x08E1, 0x1101, 0x1101, 0x1121, 0x1101, 0x10E1, 0x10C0, 0x10A0,
  0x0880, 0x0860, 0x0840, 0x0840, 0x0840, 0x1040, 0x1840, 0x1860, 0x2060, 0x1860, 0x1840, 0x1020, 0x0800, 0x0800, 0x0800, 0x0800,
  0x0800, 0x0000, 0x0000, 0x0000, 0x0000, 0x0000, 0x0000, 0x0000, 0x0000, 0x0020, 0x0041, 0x0021, 0x0000, 0x0020, 0x0041, 0x0082,
  0x0000, 0x0000, 0x0800, 0x2000, 0x4840, 0x70A0, 0x9901, 0xA921, 0xA900, 0xA920, 0xA141, 0xA161, 0x9181, 0x7961, 0x5961, 0x4141,
  0x2901, 0x18C1, 0x08C1, 0x08A1, 0x08C1, 0x08C1, 0x08E1, 0x1101, 0x1121, 0x1141, 0x1141, 0x1141, 0x1121, 0x10E1, 0x08A0, 0x0880,
  0x0860, 0x0040, 0x0040, 0x0020, 0x0820, 0x0820, 0x1040, 0x1840, 0x1840, 0x1840, 0x1020, 0x1020, 0x0800, 0x0800, 0x0800, 0x0820,
  0x0800, 0x0800, 0x0000, 0x0000, 0x0000, 0x0000, 0x0000, 0x0000, 0x0000, 0x0020, 0x0041, 0x0021, 0x0000, 0x0021, 0x0041, 0x0082,
  0x0000, 0x0000, 0x0800, 0x1800, 0x4040, 0x60A1, 0x80E1, 0x8901, 0x8901, 0x8921, 0x8141, 0x8141, 0x7161, 0x6161, 0x5161, 0x3921,
  0x20E1, 0x10C1, 0x08A1, 0x08C1, 0x08C1, 0x08E1, 0x1121, 0x1141, 0x1961, 0x1161, 0x1141, 0x1121, 0x0901, 0x08E1, 0x08A0, 0x0080,
  0x0880, 0x0060, 0x0840, 0x0840, 0x0820, 0x0820, 0x1020, 0x1840, 0x1840, 0x1840, 0x1020, 0x0820, 0x0800, 0x0800, 0x0800, 0x0820,
  0x0800, 0x0800, 0x0000, 0x0000, 0x0000, 0x0000, 0x0000, 0x0000, 0x0000, 0x0020, 0x0041, 0x0041, 0x0021, 0x0021, 0x0021, 0x0062,
  0x0000, 0x0000, 0x0800, 0x1820, 0x3040, 0x50A1, 0x68C1, 0x70E1, 0x7101, 0x6921, 0x6921, 0x6141, 0x5941, 0x5161, 0x4962, 0x3101,
  0x18C1, 0x08A1, 0x08C1, 0x08C1, 0x08E1, 0x1101, 0x1141, 0x1961, 0x1161, 0x1141, 0x1121, 0x0901, 0x08E1, 0x08C1, 0x00C0, 0x00A0,
  0x0880, 0x0880, 0x0860, 0x0840, 0x0820, 0x0820, 0x1020, 0x1840, 0x1840, 0x1840, 0x1840, 0x1020, 0x0820, 0x0800, 0x0800, 0x0800,
  0x0800, 0x0000, 0x0000, 0x0000, 0x0000, 0x0000, 0x0000, 0x0000, 0x0000, 0x0020, 0x0041, 0x0041, 0x0021, 0x0021, 0x0021, 0x0062,
  0x0000, 0x0000, 0x0800, 0x1020, 0x2840, 0x4081, 0x50C1, 0x5901, 0x5922, 0x5941, 0x5121, 0x4941, 0x4961, 0x4962, 0x3941, 0x2901,
  0x10C1, 0x08C1, 0x08C1, 0x08E1, 0x0901, 0x1121, 0x1141, 0x1121, 0x1121, 0x0901, 0x0901, 0x08E1, 0x08E1, 0x00C1, 0x00A0, 0x08A0,
  0x08A0, 0x0880, 0x0860, 0x0840, 0x0820, 0x0820, 0x1040, 0x1840, 0x1840, 0x1840, 0x1840, 0x1020, 0x1020, 0x0820, 0x0800, 0x0800,
  0x0800, 0x0800, 0x0000, 0x0000, 0x0000, 0x0000, 0x0000, 0x0000, 0x0000, 0x0000, 0x0041, 0x0042, 0x0041, 0x0021, 0x0021, 0x0041,
  0x0000, 0x0000, 0x0000, 0x1020, 0x2040, 0x3081, 0x40E1, 0x5142, 0x4962, 0x4962, 0x4142, 0x4162, 0x4162, 0x3962, 0x3121, 0x18E1,
  0x10E1, 0x08E1, 0x0901, 0x0901, 0x0901, 0x1101, 0x0901, 0x0901, 0x08E1, 0x08E1, 0x08E1, 0x08E1, 0x00C1, 0x00A0, 0x0080, 0x0880,
  0x0880, 0x0880, 0x0860, 0x0840, 0x1040, 0x1040, 0x1040, 0x1840, 0x1840, 0x1040, 0x1020, 0x1020, 0x1020, 0x0800, 0x0800, 0x0800,
  0x0800, 0x0800, 0x0000, 0x0000, 0x0000, 0x0000, 0x0000, 0x0000, 0x0000, 0x0000, 0x0041, 0x0062, 0x0041, 0x0021, 0x0021, 0x0041,
  0x0000, 0x0000, 0x0000, 0x0800, 0x1840, 0x2881, 0x3902, 0x4163, 0x4183, 0x4182, 0x3982, 0x3982, 0x3962, 0x3142, 0x2121, 0x1101,
  0x1122, 0x1122, 0x0922, 0x0921, 0x0901, 0x0901, 0x08E1, 0x08C1, 0x00C1, 0x00E1, 0x08E1, 0x08C1, 0x0080, 0x0060, 0x0060, 0x0060,
  0x0860, 0x0860, 0x0840, 0x0840, 0x0840, 0x1040, 0x1020, 0x1020, 0x1020, 0x1020, 0x0800, 0x0820, 0x0800, 0x0800, 0x0800, 0x0800,
  0x0800, 0x0000, 0x0000, 0x0000, 0x0000, 0x0000, 0x0000, 0x0000, 0x0000, 0x0000, 0x0041, 0x0062, 0x0062, 0x0021, 0x0021, 0x0041,
  0x0000, 0x0000, 0x0000, 0x0800, 0x1040, 0x20A1, 0x3922, 0x4183, 0x41A3, 0x39A3, 0x31A3, 0x31A2, 0x2982, 0x2142, 0x1942, 0x1142,
  0x1162, 0x1162, 0x1142, 0x0921, 0x0901, 0x08E1, 0x00E1, 0x00C1, 0x00C1, 0x00C1, 0x08C1, 0x00A1, 0x0060, 0x0040, 0x0040, 0x0040,
  0x0040, 0x0840, 0x0820, 0x0820, 0x0820, 0x0820, 0x0820, 0x0820, 0x0820, 0x0800, 0x0800, 0x0800, 0x0800, 0x0800, 0x0800, 0x0800,
  0x0000, 0x0000, 0x0000, 0x0000, 0x0000, 0x0000, 0x0000, 0x0000, 0x0000, 0x0000, 0x0021, 0x0062, 0x0062, 0x0041, 0x0021, 0x0021,
  0x0000, 0x0000, 0x0000, 0x0820, 0x1040, 0x20C1, 0x3122, 0x3983, 0x39C4, 0x39E3, 0x31C3, 0x29A3, 0x2182, 0x1982, 0x1982, 0x19A3,
  0x19C3, 0x19A3, 0x1162, 0x0921, 0x0901, 0x0901, 0x08E1, 0x00E1, 0x00C1, 0x00C1, 0x00A1, 0x0080, 0x0040, 0x0020, 0x0020, 0x0020,
  0x0020, 0x0020, 0x0020, 0x0000, 0x0020, 0x0820, 0x0820, 0x1020, 0x1020, 0x0820, 0x0820, 0x0820, 0x0800, 0x0800, 0x0800, 0x0800,
  0x0000, 0x0000, 0x0000, 0x0000, 0x0000, 0x0000, 0x0000, 0x0000, 0x0000, 0x0000, 0x0020, 0x0041, 0x0062, 0x0041, 0x0021, 0x0021,
  0x0000, 0x0000, 0x0000, 0x0020, 0x1060, 0x20C1, 0x2923, 0x31A3, 0x31E4, 0x31E4, 0x29E3, 0x21C3, 0x19C3, 0x19C3, 0x21E3, 0x2204,
  0x2203, 0x19A3, 0x1162, 0x0922, 0x0921, 0x0901, 0x08E1, 0x00C1, 0x00C1, 0x00A1, 0x0081, 0x0060, 0x0040, 0x0040, 0x0020, 0x0020,
  0x0040, 0x0020, 0x0020, 0x0820, 0x0840, 0x0840, 0x1040, 0x1040, 0x1040, 0x1040, 0x1020, 0x0820, 0x0800, 0x0800, 0x0800, 0x0800,
  0x0800, 0x0800, 0x0000, 0x0000, 0x0000, 0x0000, 0x0000, 0x0000, 0x0000, 0x0000, 0x0020, 0x0041, 0x0062, 0x0041, 0x0021, 0x0020,
  0x0000, 0x0000, 0x0000, 0x0020, 0x0840, 0x18C1, 0x2923, 0x2983, 0x31C4, 0x29E4, 0x21E3, 0x21E3, 0x21E3, 0x2204, 0x2224, 0x2224,
  0x1A03, 0x11A3, 0x0962, 0x0922, 0x0922, 0x0901, 0x08E1, 0x00C1, 0x00C1, 0x00C1, 0x00A1, 0x0080, 0x0060, 0x0060, 0x0860, 0x0860,
  0x0880, 0x0860, 0x0860, 0x0860, 0x1060, 0x1060, 0x1060, 0x1860, 0x1840, 0x1040, 0x1020, 0x1000, 0x1000, 0x1000, 0x0800, 0x0800,
  0x0800, 0x0800, 0x0000, 0x0000, 0x0000, 0x0000, 0x0000, 0x0000, 0x0000, 0x0000, 0x0000, 0x0041, 0x0062, 0x0062, 0x0021, 0x0000,
  0x0000, 0x0000, 0x0000, 0x0020, 0x0860, 0x18A1, 0x2122, 0x2963, 0x29A4, 0x21C4, 0x21C3, 0x19E3, 0x2204, 0x2224, 0x2224, 0x1A03,
  0x19C3, 0x1182, 0x0942, 0x0922, 0x0922, 0x0901, 0x08E1, 0x00E1, 0x00E1, 0x00E1, 0x08E1, 0x08C1, 0x08A0, 0x08A0, 0x10C0, 0x10C0,
  0x10C0, 0x10A0, 0x10A0, 0x1080, 0x1080, 0x1060, 0x1060, 0x1040, 0x1040, 0x1020, 0x1020, 0x1020, 0x0820, 0x0820, 0x0800, 0x0800,
  0x0000, 0x0000, 0x0000, 0x0000, 0x0000, 0x0000, 0x0000, 0x0000, 0x0000, 0x0000, 0x0000, 0x0041, 0x0062, 0x0062, 0x0041, 0x0021,
  0x0000, 0x0000, 0x0000, 0x0020, 0x0840, 0x10A1, 0x1902, 0x2143, 0x2183, 0x19A3, 0x19C3, 0x19E3, 0x19E3, 0x1A03, 0x19E3, 0x11A2,
  0x1162, 0x0942, 0x0922, 0x0922, 0x0922, 0x0922, 0x0921, 0x0921, 0x0901, 0x0901, 0x0901, 0x08E1, 0x08E1, 0x1100, 0x1100, 0x10E0,
  0x10C0, 0x10A0, 0x10A0, 0x18A0, 0x1880, 0x1060, 0x1060, 0x1040, 0x1040, 0x1040, 0x1020, 0x1020, 0x0820, 0x0800, 0x0800, 0x0000,
  0x0000, 0x0000, 0x0000, 0x0000, 0x0000, 0x0000, 0x0000, 0x0000, 0x0000, 0x0000, 0x0000, 0x0021, 0x0062, 0x0062, 0x0042, 0x0021,
  0x0000, 0x0000, 0x0000, 0x0000, 0x0840, 0x0881, 0x10C2, 0x1922, 0x1963, 0x1983, 0x19A3, 0x19C3, 0x19C3, 0x11A2, 0x1182, 0x0962,
  0x0942, 0x0921, 0x0922, 0x0942, 0x0942, 0x0942, 0x0942, 0x0921, 0x0901, 0x0901, 0x08E1, 0x08E1, 0x10E0, 0x1100, 0x10E0, 0x10C0,
  0x10A0, 0x10A0, 0x1080, 0x1880, 0x1880, 0x1060, 0x1040, 0x1040, 0x1040, 0x1040, 0x1020, 0x0820, 0x0820, 0x0800, 0x0000, 0x0000,
  0x0000, 0x0000, 0x0000, 0x0000, 0x0000, 0x0000, 0x0000, 0x0000, 0x0000, 0x0000, 0x0000, 0x0021, 0x0062, 0x0882, 0x0062, 0x0021,
  0x0000, 0x0000, 0x0000, 0x0000, 0x0020, 0x0861, 0x10A1, 0x1102, 0x1943, 0x1983, 0x19A3, 0x11A3, 0x1182, 0x1182, 0x1162, 0x0942,
  0x0922, 0x0922, 0x0922, 0x0942, 0x0942, 0x0922, 0x0921, 0x0901, 0x00E1, 0x00C1, 0x08C0, 0x08C0, 0x08E0, 0x10C0, 0x10C0, 0x10A0,
  0x1080, 0x1060, 0x1060, 0x1860, 0x1860, 0x1040, 0x1040, 0x1040, 0x1020, 0x1020, 0x0820, 0x0820, 0x0800, 0x0000, 0x0000, 0x0000,
  0x0000, 0x0000, 0x0000, 0x0000, 0x0000, 0x0000, 0x0000, 0x0000, 0x0000, 0x0000, 0x0000, 0x0020, 0x0062, 0x0883, 0x0882, 0x0041,
  0x0000, 0x0000, 0x0000, 0x0000, 0x0020, 0x0840, 0x08A1, 0x10E2, 0x1943, 0x1983, 0x19A3, 0x19A3, 0x1182, 0x1182, 0x1162, 0x1142,
  0x1142, 0x0942, 0x0922, 0x0922, 0x0921, 0x0901, 0x00E1, 0x00C1, 0x00A0, 0x00A0, 0x08A0, 0x08A0, 0x08A0, 0x10A0, 0x1080, 0x1060,
  0x1060, 0x1060, 0x1860, 0x1860, 0x1860, 0x1840, 0x1840, 0x1840, 0x1020, 0x1020, 0x0820, 0x0800, 0x0800, 0x0000, 0x0000, 0x0000,
  0x0000, 0x0000, 0x0000, 0x0000, 0x0000, 0x0000, 0x0000, 0x0000, 0x0000, 0x0000, 0x0000, 0x0020, 0x0062, 0x0883, 0x0883, 0x0042,
  0x0000, 0x0000, 0x0000, 0x0000, 0x0020, 0x0040, 0x0881, 0x10E2, 0x1943, 0x1983, 0x19A3, 0x19A3, 0x1983, 0x1182, 0x1162, 0x1162,
  0x1142, 0x1142, 0x0921, 0x0901, 0x08E1, 0x00C1, 0x00A1, 0x00A0, 0x0080, 0x08A0, 0x08A0, 0x08A0, 0x10A0, 0x1080, 0x1060, 0x1040,
  0x1840, 0x1840, 0x2060, 0x2060, 0x2060, 0x2040, 0x2040, 0x1840, 0x1820, 0x1020, 0x1020, 0x0800, 0x0800, 0x0800, 0x0000, 0x0000,
  0x0000, 0x0000, 0x0000, 0x0000, 0x0000, 0x0000, 0x0000, 0x0000, 0x0000, 0x0000, 0x0000, 0x0020, 0x0041, 0x0883, 0x0883, 0x0062,
  0x0000, 0x0000, 0x0000, 0x0000, 0x0020, 0x0040, 0x0881, 0x10E2, 0x1943, 0x2183, 0x1983, 0x1983, 0x1983, 0x1162, 0x1142, 0x1142,
  0x1122, 0x0922, 0x0901, 0x08E1, 0x08C1, 0x08C1, 0x08A1, 0x08A1, 0x08A1, 0x08A0, 0x10A0, 0x1080, 0x1880, 0x1860, 0x1840, 0x1840,
  0x2040, 0x2840, 0x2840, 0x2840, 0x2840, 0x2840, 0x2040, 0x2040, 0x1820, 0x1820, 0x1020, 0x1000, 0x0800, 0x0800, 0x0000, 0x0000,
  0x0000, 0x0000, 0x0000, 0x0000, 0x0000, 0x0000, 0x0000, 0x0000, 0x0000, 0x0000, 0x0000, 0x0000, 0x0041, 0x0882, 0x0883, 0x0062,
  0x0000, 0x0000, 0x0000, 0x0000, 0x0000, 0x0040, 0x0881, 0x10C2, 0x1923, 0x1963, 0x1963, 0x1963, 0x1142, 0x1122, 0x1102, 0x0901,
  0x0901, 0x08E1, 0x08E1, 0x08C1, 0x08C1, 0x08C1, 0x08A1, 0x08A1, 0x10A1, 0x1080, 0x1880, 0x2080, 0x2060, 0x2840, 0x2840, 0x2840,
  0x2840, 0x3040, 0x3040, 0x3040, 0x3040, 0x2840, 0x2840, 0x2040, 0x1840, 0x1820, 0x1020, 0x1000, 0x0800, 0x0800, 0x0000, 0x0000,
  0x0000, 0x0000, 0x0000, 0x0000, 0x0000, 0x0000, 0x0000, 0x0000, 0x0000, 0x0000, 0x0000, 0x0000, 0x0021, 0x0862, 0x0883, 0x0062,
  0x0000, 0x0000, 0x0000, 0x0000, 0x0000, 0x0020, 0x0861, 0x10C2, 0x1102, 0x1923, 0x1943, 0x1122, 0x1102, 0x08C1, 0x08C1, 0x08C1,
  0x08C1, 0x08C1, 0x08C1, 0x08C1, 0x10C1, 0x10A1, 0x10A1, 0x18A1, 0x1880, 0x2080, 0x2880, 0x3060, 0x3060, 0x3060, 0x3040, 0x3040,
  0x3020, 0x3020, 0x3020, 0x3020, 0x2840, 0x2840, 0x2840, 0x2040, 0x1820, 0x1820, 0x1020, 0x1020, 0x0820, 0x0800, 0x0000, 0x0000,
  0x0000, 0x0000, 0x0000, 0x0000, 0x0000, 0x0000, 0x0000, 0x0000, 0x0000, 0x0000, 0x0000, 0x0000, 0x0020, 0x0062, 0x0862, 0x0062,
  0x0000, 0x0000, 0x0000, 0x0000, 0x0000, 0x0020, 0x0861, 0x08A1, 0x10E2, 0x1903, 0x1903, 0x10E2, 0x08C1, 0x0881, 0x0881, 0x0881,
  0x08A1, 0x10A1, 0x10C1, 0x10C1, 0x18A1, 0x18A1, 0x20A1, 0x2880, 0x3080, 0x3080, 0x3880, 0x4060, 0x4060, 0x3840, 0x3840, 0x3020,
  0x3020, 0x2820, 0x2820, 0x2820, 0x2820, 0x2840, 0x2040, 0x2020, 0x1820, 0x1020, 0x1020, 0x1020, 0x0800, 0x0800, 0x0000, 0x0000,
  0x0000, 0x0000, 0x0000, 0x0000, 0x0000, 0x0000, 0x0000, 0x0000, 0x0000, 0x0000, 0x0000, 0x0000, 0x0020, 0x0041, 0x0862, 0x0062,
  0x0000, 0x0000, 0x0000, 0x0000, 0x0000, 0x0020, 0x0841, 0x0881, 0x10C2, 0x10E2, 0x10E2, 0x10C2, 0x08A1, 0x0881, 0x0881, 0x1081,
  0x10A1, 0x18A1, 0x20A1, 0x20A1, 0x28A1, 0x30A1, 0x30A1, 0x38A0, 0x4080, 0x4080, 0x4080, 0x4060, 0x4040, 0x3840, 0x3020, 0x2820,
  0x2020, 0x2020, 0x2020, 0x2020, 0x2020, 0x2020, 0x1820, 0x1820, 0x1020, 0x1020, 0x1020, 0x0800, 0x0800, 0x0800, 0x0000, 0x0000,
  0x0000, 0x0000, 0x0000, 0x0000, 0x0000, 0x0000, 0x0000, 0x0000, 0x0000, 0x0000, 0x0000, 0x0000, 0x0000, 0x0041, 0x0041, 0x0041,
  0x0000, 0x0000, 0x0000, 0x0000, 0x0000, 0x0020, 0x0040, 0x0861, 0x10A2, 0x10C2, 0x10C2, 0x10C2, 0x10A1, 0x10A1, 0x18A1, 0x20A1,
  0x28C1, 0x28C1, 0x30C1, 0x38C1, 0x38C1, 0x40C1, 0x40A1, 0x40A1, 0x4080, 0x4060, 0x4060, 0x3840, 0x3040, 0x2820, 0x2020, 0x1820,
  0x1820, 0x1820, 0x1820, 0x1820, 0x1820, 0x1820, 0x1820, 0x1020, 0x1020, 0x1020, 0x1020, 0x1020, 0x0820, 0x0800, 0x0800, 0x0000,
  0x0000, 0x0000, 0x0000, 0x0000, 0x0000, 0x0000, 0x0000, 0x0000, 0x0000, 0x0000, 0x0000, 0x0000, 0x0000, 0x0021, 0x0041, 0x0041,
  0x0000, 0x0000, 0x0000, 0x0000, 0x0000, 0x0020, 0x0020, 0x0861, 0x10A2, 0x10C2, 0x18E2, 0x18E2, 0x20E2, 0x20E2, 0x28E1, 0x30E1,
  0x38E1, 0x38E1, 0x40E1, 0x40C1, 0x40C1, 0x40A1, 0x3880, 0x3860, 0x3860, 0x3840, 0x3040, 0x3040, 0x2840, 0x2020, 0x1820, 0x1820,
  0x1820, 0x1820, 0x1820, 0x1820, 0x1820, 0x1820, 0x1820, 0x1820, 0x1820, 0x1020, 0x1020, 0x1020, 0x1020, 0x0800, 0x0800, 0x0000,
  0x0000, 0x0000, 0x0000, 0x0000, 0x0000, 0x0000, 0x0000, 0x0000, 0x0000, 0x0000, 0x0000, 0x0000, 0x0000, 0x0020, 0x0041, 0x0041,
  0x0000, 0x0000, 0x0000, 0x0000, 0x0000, 0x0020, 0x0020, 0x0861, 0x1082, 0x10C2, 0x18E3, 0x2103, 0x2922, 0x3122, 0x3902, 0x38E1,
  0x38E1, 0x38C1, 0x38A1, 0x38A1, 0x3080, 0x3060, 0x3040, 0x2840, 0x2840, 0x2840, 0x2840, 0x2840, 0x2040, 0x2020, 0x1820, 0x1820,
  0x1820, 0x1840, 0x2040, 0x2040, 0x2040, 0x1840, 0x1820, 0x1820, 0x1820, 0x1020, 0x1020, 0x1020, 0x0800, 0x0800, 0x0800, 0x0000,
  0x0000, 0x0000, 0x0000, 0x0000, 0x0000, 0x0000, 0x0000, 0x0000, 0x0000, 0x0000, 0x0000, 0x0000, 0x0000, 0x0020, 0x0041, 0x0041,
  0x0000, 0x0000, 0x0000, 0x0000, 0x0000, 0x0000, 0x0020, 0x0841, 0x1082, 0x18C2, 0x2103, 0x2923, 0x3122, 0x3902, 0x38E1, 0x30C1,
  0x30A1, 0x3081, 0x3080, 0x2860, 0x2840, 0x2040, 0x2020, 0x2020, 0x2020, 0x2820, 0x2840, 0x2840, 0x2020, 0x1820, 0x1820, 0x1840,
  0x2040, 0x2040, 0x2040, 0x2040, 0x2040, 0x1840, 0x1820, 0x1020, 0x1020, 0x1020, 0x0800, 0x0800, 0x0800, 0x0800, 0x0820, 0x0800,
  0x0800, 0x0000, 0x0000, 0x0000, 0x0000, 0x0000, 0x0000, 0x0000, 0x0000, 0x0000, 0x0000, 0x0000, 0x0000, 0x0000, 0x0020, 0x0041,
  0x0000, 0x0000, 0x0000, 0x0000, 0x0000, 0x0000, 0x0020, 0x0841, 0x1081, 0x18C2, 0x20E2, 0x2902, 0x2902, 0x28E1, 0x28C1, 0x2881,
  0x2880, 0x2860, 0x2040, 0x2040, 0x2020, 0x2020, 0x2020, 0x2020, 0x2820, 0x2820, 0x2820, 0x2020, 0x2020, 0x1820, 0x1840, 0x2060,
  0x2060, 0x2060, 0x1860, 0x1840, 0x1840, 0x1040, 0x1020, 0x1020, 0x0820, 0x0800, 0x0800, 0x0800, 0x0800, 0x0800, 0x0820, 0x0800,
  0x0000, 0x0000, 0x0000, 0x0000, 0x0000, 0x0000, 0x0000, 0x0000, 0x0000, 0x0000, 0x0000, 0x0000, 0x0000, 0x0000, 0x0020, 0x0021,
  0x0000, 0x0000, 0x0000, 0x0000, 0x0000, 0x0000, 0x0020, 0x0840, 0x1081, 0x18A2, 0x20C2, 0x20E2, 0x20C2, 0x20C1, 0x20A1, 0x2081,
  0x2060, 0x2040, 0x2040, 0x2040, 0x2020, 0x2020, 0x2020, 0x2020, 0x2820, 0x2820, 0x2020, 0x1820, 0x1820, 0x1840, 0x1840, 0x1860,
  0x1860, 0x1040, 0x1040, 0x1020, 0x1020, 0x1020, 0x0820, 0x0820, 0x0800, 0x0000, 0x0000, 0x0000, 0x0000, 0x0000, 0x0000, 0x0000,
  0x0000, 0x0000, 0x0000, 0x0000, 0x0000, 0x0000, 0x0000, 0x0000, 0x0000, 0x0000, 0x0000, 0x0000, 0x0000, 0x0000, 0x0000, 0x0021,
  0x0000, 0x0000, 0x0000, 0x0000, 0x0000, 0x0000, 0x0000, 0x0820, 0x0861, 0x1081, 0x18A2, 0x18C2, 0x20C2, 0x20A1, 0x20A1, 0x2080,
  0x2060, 0x2060, 0x2840, 0x2040, 0x2040, 0x2040, 0x2040, 0x2040, 0x2020, 0x2020, 0x1820, 0x1020, 0x1020, 0x1020, 0x1020, 0x1020,
  0x0820, 0x0820, 0x0820, 0x0820, 0x0820, 0x0820, 0x0820, 0x0800, 0x0000, 0x0000, 0x0000, 0x0000, 0x0000, 0x0000, 0x0000, 0x0000,
  0x0000, 0x0000, 0x0000, 0x0000, 0x0000, 0x0000, 0x0000, 0x0000, 0x0000, 0x0000, 0x0000, 0x0000, 0x0000, 0x0000, 0x0000, 0x0020,
  0x0000, 0x0000, 0x0000, 0x0000, 0x0000, 0x0000, 0x0020, 0x0040, 0x0861, 0x1081, 0x10A1, 0x18A2, 0x18A1, 0x20A1, 0x20A1, 0x2080,
  0x2880, 0x2860, 0x2860, 0x2040, 0x2040, 0x2040, 0x1840, 0x1820, 0x1820, 0x1020, 0x1020, 0x0800, 0x0820, 0x0820, 0x0820, 0x0800,
  0x0800, 0x0820, 0x0820, 0x1020, 0x1040, 0x1040, 0x0820, 0x0820, 0x0820, 0x0000, 0x0000, 0x0000, 0x0000, 0x0000, 0x0000, 0x0000,
  0x0000, 0x0000, 0x0000, 0x0000, 0x0000, 0x0000, 0x0000, 0x0000, 0x0000, 0x0000, 0x0000, 0x0000, 0x0000, 0x0000, 0x0000, 0x0000,
  0x0000, 0x0000, 0x0000, 0x0000, 0x0000, 0x0000, 0x0020, 0x0020, 0x0841, 0x0881, 0x10A1, 0x18A1, 0x18C1, 0x20A1, 0x20A1, 0x20A0,
  0x2080, 0x2060, 0x2060, 0x1840, 0x1840, 0x1840, 0x1040, 0x1040, 0x1040, 0x1020, 0x0820, 0x0820, 0x0820, 0x0820, 0x0820, 0x0820,
  0x0820, 0x1020, 0x1040, 0x1840, 0x1840, 0x1040, 0x1040, 0x1020, 0x0820, 0x0800, 0x0000, 0x0000, 0x0000, 0x0000, 0x0000, 0x0000,
  0x0000, 0x0000, 0x0000, 0x0000, 0x0000, 0x0000, 0x0000, 0x0000, 0x0000, 0x0000, 0x0000, 0x0000, 0x0000, 0x0000, 0x0000, 0x0000,
  0x0000, 0x0000, 0x0000, 0x0000, 0x0000, 0x0000, 0x0020, 0x0020, 0x0841, 0x0861, 0x1081, 0x18A1, 0x18A1, 0x20A1, 0x20A0, 0x20A0,
  0x2080, 0x1880, 0x1860, 0x1860, 0x1060, 0x1060, 0x1060, 0x1060, 0x1040, 0x1040, 0x1040, 0x1040, 0x1040, 0x1040, 0x1040, 0x1040,
  0x1040, 0x1840, 0x1840, 0x1840, 0x1840, 0x1840, 0x1040, 0x1020, 0x0820, 0x0800, 0x0000, 0x0000, 0x0000, 0x0000, 0x0000, 0x0000,
  0x0000, 0x0000, 0x0000, 0x0000, 0x0000, 0x0000, 0x0000, 0x0000, 0x0000, 0x0000, 0x0000, 0x0000, 0x0000, 0x0000, 0x0000, 0x0000,
  0x0000, 0x0000, 0x0000, 0x0000, 0x0000, 0x0000, 0x0020, 0x0020, 0x0840, 0x0860, 0x1061, 0x1081, 0x18A1, 0x18A1, 0x18A0, 0x18A0,
  0x1880, 0x1880, 0x1880, 0x1060, 0x1060, 0x1860, 0x1860, 0x1860, 0x1860, 0x1860, 0x1860, 0x1860, 0x1860, 0x1840, 0x1840, 0x1840,
  0x1840, 0x1840, 0x1840, 0x1840, 0x1840, 0x1040, 0x1040, 0x1020, 0x0820, 0x0800, 0x0800, 0x0800, 0x0800, 0x0000, 0x0000, 0x0000,
  0x0000, 0x0000, 0x0000, 0x0000, 0x0000, 0x0000, 0x0000, 0x0000, 0x0000, 0x0000, 0x0000, 0x0000, 0x0000, 0x0000, 0x0000, 0x0000,
  0x0000, 0x0000, 0x0000, 0x0000, 0x0000, 0x0000, 0x0000, 0x0020, 0x0020, 0x0840, 0x0840, 0x1060, 0x1080, 0x1880, 0x1880, 0x18A0,
  0x1880, 0x1880, 0x1880, 0x1860, 0x1860, 0x1860, 0x2080, 0x2080, 0x2080, 0x2080, 0x2080, 0x2060, 0x1860, 0x1860, 0x1840, 0x1860,
  0x1860, 0x1840, 0x1840, 0x1040, 0x1040, 0x1040, 0x1020, 0x0820, 0x0820, 0x0800, 0x0800, 0x0800, 0x0800, 0x0000, 0x0000, 0x0000,
  0x0000, 0x0000, 0x0000, 0x0000, 0x0000, 0x0000, 0x0000, 0x0000, 0x0000, 0x0000, 0x0000, 0x0000, 0x0000, 0x0000, 0x0000, 0x0000,
  0x0000, 0x0000, 0x0000, 0x0000, 0x0000, 0x0000, 0x0000, 0x0000, 0x0020, 0x0020, 0x0840, 0x0860, 0x1060, 0x1080, 0x1080, 0x18A0,
  0x1880, 0x1880, 0x1880, 0x1880, 0x2080, 0x2080, 0x2080, 0x2080, 0x2080, 0x2080, 0x2060, 0x1860, 0x1840, 0x1840, 0x1840, 0x1840,
  0x1840, 0x1040, 0x1020, 0x1020, 0x1020, 0x0820, 0x0820, 0x0800, 0x0800, 0x0800, 0x0800, 0x0800, 0x0800, 0x0000, 0x0000, 0x0000,
  0x0000, 0x0000, 0x0000, 0x0000, 0x0000, 0x0000, 0x0000, 0x0000, 0x0000, 0x0000, 0x0000, 0x0000, 0x0000, 0x0000, 0x0000, 0x0000,
  0x0000, 0x0000, 0x0000, 0x0000, 0x0000, 0x0000, 0x0000, 0x0000, 0x0000, 0x0020, 0x0820, 0x0840, 0x1060, 0x1081, 0x1080, 0x1880,
  0x1880, 0x1880, 0x1880, 0x2080, 0x2080, 0x2080, 0x2080, 0x2060, 0x2060, 0x1860, 0x1840, 0x1840, 0x1840, 0x1840, 0x1040, 0x1040,
  0x1020, 0x1020, 0x0820, 0x0820, 0x0800, 0x0800, 0x0800, 0x0800, 0x0800, 0x0800, 0x0820, 0x0820, 0x0820, 0x0800, 0x0000, 0x0000,
  0x0000, 0x0000, 0x0000, 0x0000, 0x0000, 0x0000, 0x0000, 0x0000, 0x0000, 0x0000, 0x0000, 0x0000, 0x0000, 0x0000, 0x0000, 0x0000,
  0x0000, 0x0000, 0x0000, 0x0000, 0x0000, 0x0000, 0x0000, 0x0000, 0x0000, 0x0020, 0x0840, 0x0840, 0x0861, 0x1060, 0x1060, 0x1060,
  0x1060, 0x1060, 0x1860, 0x1860, 0x1860, 0x2060, 0x2060, 0x2060, 0x2060, 0x1840, 0x1840, 0x1840, 0x1840, 0x1840, 0x1040, 0x1020,
  0x1020, 0x0820, 0x0820, 0x0800, 0x0000, 0x0000, 0x0800, 0x0800, 0x0820, 0x0820, 0x0820, 0x0820, 0x0800, 0x0000, 0x0000, 0x0000,
  0x0000, 0x0000, 0x0000, 0x0000, 0x0000, 0x0000, 0x0000, 0x0000, 0x0000, 0x0000, 0x0000, 0x0000, 0x0000, 0x0000, 0x0000, 0x0000,
  0x0000, 0x0000, 0x0000, 0x0000, 0x0000, 0x0000, 0x0000, 0x0000, 0x0000, 0x0020, 0x0040, 0x0840, 0x0840, 0x0840, 0x0840, 0x0840,
  0x0840, 0x1040, 0x1040, 0x1860, 0x1860, 0x2080, 0x2080, 0x2080, 0x2080, 0x2080, 0x2060, 0x2060, 0x1860, 0x1840, 0x1840, 0x1040,
  0x0820, 0x0820, 0x0820, 0x0820, 0x0000, 0x0000, 0x0000, 0x0800, 0x0800, 0x0800, 0x0000, 0x0000, 0x0000, 0x0000, 0x0000, 0x0000,
  0x0000, 0x0000, 0x0000, 0x0000, 0x0000, 0x0000, 0x0000, 0x0000, 0x0000, 0x0000, 0x0000, 0x0000, 0x0000, 0x0000, 0x0000, 0x0000,
  0x0000, 0x0000, 0x0000, 0x0000, 0x0000, 0x0000, 0x0000, 0x0000, 0x0020, 0x0020, 0x0020, 0x0020, 0x0020, 0x0020, 0x0020, 0x0820,
  0x0820, 0x0840, 0x1040, 0x1860, 0x2080, 0x2080, 0x2880, 0x2880, 0x2880, 0x2880, 0x2080, 0x2060, 0x1860, 0x1840, 0x1040, 0x1020,
  0x0820, 0x0820, 0x0800, 0x0000, 0x0000, 0x0000, 0x0000, 0x0000, 0x0000, 0x0000, 0x0000, 0x0000, 0x0000, 0x0000, 0x0000, 0x0000,
  0x0000, 0x0000, 0x0000, 0x0000, 0x0000, 0x0000, 0x0000, 0x0000, 0x0000, 0x0000, 0x0000, 0x0000, 0x0000, 0x0000, 0x0000, 0x0000,
  0x0000, 0x0000, 0x0000, 0x0000, 0x0000, 0x0000, 0x0000, 0x0020, 0x0020, 0x0020, 0x0020, 0x0020, 0x0020, 0x0020, 0x0020, 0x0820,
  0x0820, 0x0840, 0x1040, 0x1860, 0x1880, 0x2080, 0x2080, 0x2080, 0x2080, 0x2080, 0x2060, 0x1860, 0x1840, 0x1040, 0x1020, 0x0820,
  0x0820, 0x0820, 0x0000, 0x0000, 0x0000, 0x0000, 0x0000, 0x0000, 0x0000, 0x0000, 0x0000, 0x0000, 0x0000, 0x0000, 0x0000, 0x0000,
  0x0000, 0x0000, 0x0000, 0x0000, 0x0000, 0x0000, 0x0000, 0x0000, 0x0000, 0x0000, 0x0000, 0x0000, 0x0000, 0x0000, 0x0000, 0x0000,
  0x0000, 0x0000, 0x0000, 0x0000, 0x0000, 0x0000, 0x0000, 0x0000, 0x0020, 0x0020, 0x0020, 0x0020, 0x0020, 0x0020, 0x0020, 0x0020,
  0x0020, 0x0820, 0x0840, 0x0840, 0x1040, 0x1060, 0x1860, 0x1860, 0x1860, 0x2060, 0x2060, 0x1860, 0x1840, 0x1840, 0x1040, 0x1020,
  0x1020, 0x0820, 0x0820, 0x0820, 0x0800, 0x0000, 0x0000, 0x0000, 0x0000, 0x0000, 0x0000, 0x0000, 0x0000, 0x0000, 0x0000, 0x0000,
  0x0000, 0x0000, 0x0000, 0x0000, 0x0000, 0x0000, 0x0000, 0x0000, 0x0000, 0x0000, 0x0000, 0x0000, 0x0000, 0x0000, 0x0000, 0x0000,
  0x0021, 0x0021, 0x0021, 0x0020, 0x0020, 0x0020, 0x0020, 0x0020, 0x0000, 0x0000, 0x0000, 0x0000, 0x0020, 0x0020, 0x0021, 0x0041,
  0x0041, 0x0041, 0x0040, 0x0040, 0x0020, 0x0820, 0x0820, 0x0840, 0x1040, 0x1040, 0x1860, 0x1860, 0x1860, 0x1860, 0x1860, 0x1860,
  0x1840, 0x1840, 0x1040, 0x1020, 0x0820, 0x0800, 0x0800, 0x0000, 0x0000, 0x0000, 0x0000, 0x0000, 0x0000, 0x0000, 0x0000, 0x0000,
  0x0000, 0x0000, 0x0000, 0x0000, 0x0000, 0x0000, 0x0000, 0x0000, 0x0000, 0x0000, 0x0000, 0x0000, 0x0000, 0x0000, 0x0000, 0x0000,
  0x10A3, 0x0862, 0x0841, 0x0041, 0x0021, 0x0021, 0x0021, 0x0021, 0x0021, 0x0021, 0x0020, 0x0020, 0x0000, 0x0000, 0x0020, 0x0021,
  0x0021, 0x0041, 0x0041, 0x0041, 0x0040, 0x0040, 0x0020, 0x0020, 0x0020, 0x0820, 0x0840, 0x0840, 0x1040, 0x1860, 0x1860, 0x2060,
  0x2060, 0x2060, 0x1860, 0x1840, 0x1040, 0x1020, 0x0820, 0x0800, 0x0000, 0x0000, 0x0000, 0x0000, 0x0000, 0x0000, 0x0000, 0x0000,
  0x0000, 0x0000, 0x0000, 0x0000, 0x0000, 0x0000, 0x0000, 0x0000, 0x0000, 0x0000, 0x0000, 0x0000, 0x0000, 0x0000, 0x0000, 0x0000,
  0x4A8A, 0x3186, 0x18E4, 0x1082, 0x0862, 0x0841, 0x0041, 0x0041, 0x0021, 0x0021, 0x0021, 0x0021, 0x0020, 0x0020, 0x0000, 0x0000,
  0x0000, 0x0021, 0x0021, 0x0021, 0x0041, 0x0041, 0x0040, 0x0040, 0x0040, 0x0040, 0x0040, 0x0040, 0x0840, 0x1040, 0x1060, 0x1860,
  0x2080, 0x2080, 0x2080, 0x2060, 0x1860, 0x1040, 0x1020, 0x0820, 0x0820, 0x0000, 0x0000, 0x0000, 0x0000, 0x0000, 0x0000, 0x0000,
  0x0000, 0x0000, 0x0000, 0x0000, 0x0000, 0x0000, 0x0000, 0x0000, 0x0000, 0x0000, 0x0000, 0x0000, 0x0000, 0x0000, 0x0000, 0x0000,
  0x7AC3, 0xA3C4, 0xCCA4, 0x31E8, 0x1904, 0x10A3, 0x0862, 0x0862, 0x0041, 0x0041, 0x0021, 0x0021, 0x0021, 0x0021, 0x0020, 0x0020,
  0x0020, 0x0000, 0x0000, 0x0000, 0x0020, 0x0020, 0x0020, 0x0040, 0x0040, 0x0040, 0x0040, 0x0040, 0x0840, 0x0840, 0x1060, 0x1060,
  0x1860, 0x1880, 0x2080, 0x2080, 0x1860, 0x1860, 0x1040, 0x1020, 0x0820, 0x0820, 0x0000, 0x0000, 0x0000, 0x0000, 0x0000, 0x0000,
  0x0000, 0x0000, 0x0000, 0x0000, 0x0000, 0x0000, 0x0000, 0x0000, 0x0000, 0x0000, 0x0000, 0x0000, 0x0000, 0x0000, 0x0000, 0x0000,
  0x6A02, 0x9323, 0xBC44, 0xDD04, 0xED63, 0x39E8, 0x2125, 0x10A3, 0x0882, 0x0862, 0x0041, 0x0041, 0x0041, 0x0021, 0x0021, 0x0021,
  0x0021, 0x0021, 0x0020, 0x0000, 0x0000, 0x0000, 0x0000, 0x0020, 0x0020, 0x0041, 0x0041, 0x0040, 0x0040, 0x0840, 0x0840, 0x1060,
  0x1060, 0x1860, 0x1860, 0x1860, 0x1860, 0x1860, 0x1840, 0x1040, 0x1020, 0x0820, 0x0820, 0x0800, 0x0800, 0x0820, 0x0020, 0x0000,
  0x0000, 0x0000, 0x0000, 0x0000, 0x0000, 0x0000, 0x0000, 0x0000, 0x0000, 0x0000, 0x0000, 0x0000, 0x0000, 0x0000, 0x0000, 0x0000,
  0x61A1, 0x8262, 0xA383, 0xCCA4, 0xE544, 0xED83, 0x634D, 0x39E8, 0x1925, 0x10A3, 0x0882, 0x0062, 0x0062, 0x0041, 0x0041, 0x0021,
  0x0021, 0x0021, 0x0021, 0x0021, 0x0021, 0x0020, 0x0000, 0x0000, 0x0020, 0x0020, 0x0021, 0x0021, 0x0040, 0x0040, 0x0040, 0x0840,
  0x0840, 0x1060, 0x1060, 0x1860, 0x1860, 0x1860, 0x1860, 0x1860, 0x1040, 0x1040, 0x1020, 0x0820, 0x0820, 0x0820, 0x0820, 0x0820,
  0x0800, 0x0020, 0x0020, 0x0000, 0x0000, 0x0000, 0x0000, 0x0000, 0x0000, 0x0000, 0x0000, 0x0000, 0x0000, 0x0000, 0x0000, 0x0000,
  0x6A02, 0x8AA2, 0xA343, 0xC403, 0xDCE3, 0xED83, 0xF5A3, 0xF562, 0xED22, 0x31E8, 0x1925, 0x08A3, 0x0882, 0x0062, 0x0062, 0x0041,
  0x0041, 0x0021, 0x0021, 0x0021, 0x0021, 0x0021, 0x0021, 0x0021, 0x0021, 0x0020, 0x0020, 0x0021, 0x0021, 0x0020, 0x0020, 0x0020,
  0x0040, 0x0840, 0x0860, 0x1060, 0x1060, 0x1060, 0x1860, 0x1860, 0x1860, 0x1840, 0x1040, 0x1040, 0x1020, 0x0820, 0x0820, 0x0820,
  0x0820, 0x0820, 0x0820, 0x0820, 0x0020, 0x0000, 0x0000, 0x0000, 0x0000, 0x0000, 0x0000, 0x0000, 0x0000, 0x0000, 0x0000, 0x0000,
  0x7242, 0x9324, 0xB3E4, 0xCC64, 0xDCE3, 0xED43, 0xF5A3, 0xF5C3, 0xF5A2, 0xED42, 0x52CC, 0x29A7, 0x18E4, 0x08A3, 0x0882, 0x0062,
  0x0062, 0x0041, 0x0041, 0x0041, 0x0041, 0x0021, 0x0021, 0x0021, 0x0021, 0x0021, 0x0021, 0x0021, 0x0021, 0x0021, 0x0021, 0x0020,
  0x0020, 0x0040, 0x0040, 0x0840, 0x0860, 0x0840, 0x1040, 0x1060, 0x1060, 0x1860, 0x1840, 0x1040, 0x1040, 0x1020, 0x0820, 0x0820,
  0x0820, 0x0820, 0x0820, 0x0820, 0x0020, 0x0020, 0x0000, 0x0000, 0x0000, 0x0000, 0x0000, 0x0000, 0x0000, 0x0000, 0x0000, 0x0000,
  0x7222, 0x9B23, 0xBC45, 0xD505, 0xE585, 0xEDA4, 0xF5A3, 0xFDE3, 0xFE03, 0xFE03, 0xF5A2, 0x6BAF, 0x424A, 0x2146, 0x10C4, 0x0883,
  0x0882, 0x0062, 0x0062, 0x0061, 0x0061, 0x0041, 0x0041, 0x0041, 0x0021, 0x0021, 0x0021, 0x0021, 0x0021, 0x0021, 0x0021, 0x0021,
  0x0041, 0x0040, 0x0040, 0x0040, 0x0040, 0x0840, 0x0840, 0x0840, 0x0840, 0x1040, 0x1060, 0x1060, 0x1040, 0x1040, 0x0820, 0x0020,
  0x0000, 0x0000, 0x0020, 0x0020, 0x0020, 0x0000, 0x0000, 0x0000, 0x0000, 0x0000, 0x0000, 0x0000, 0x0000, 0x0000, 0x0000, 0x0000,
  0x71C1, 0x92C2, 0xBC04, 0xD505, 0xEDC6, 0xF605, 0xFE04, 0xFDE3, 0xFDE3, 0xFE03, 0xFE03, 0xF5C3, 0xED22, 0xDC82, 0x31C8, 0x1904,
  0x08A3, 0x0882, 0x0862, 0x0062, 0x0062, 0x0062, 0x0062, 0x0061, 0x0041, 0x0041, 0x0041, 0x0021, 0x0021, 0x0021, 0x0021, 0x0021,
  0x0041, 0x0041, 0x0040, 0x0040, 0x0040, 0x0040, 0x0040, 0x0040, 0x0840, 0x0840, 0x0840, 0x1040, 0x1040, 0x0840, 0x0820, 0x0020,
  0x0000, 0x0000, 0x0000, 0x0000, 0x0000, 0x0000, 0x0000, 0x0000, 0x0000, 0x0000, 0x0000, 0x0000, 0x0000, 0x0000, 0x0000, 0x0000,
  0x69A1, 0x9262, 0xB362, 0xD464, 0xE545, 0xF5C5, 0xF605, 0xFDE4, 0xFDC3, 0xFDC3, 0xFDE3, 0xFDE3, 0xFDA3, 0xF563, 0xED43, 0x424A,
  0x2145, 0x10C3, 0x0882, 0x0862, 0x0062, 0x0062, 0x0062, 0x0062, 0x0062, 0x0061, 0x0061, 0x0041, 0x0041, 0x0041, 0x0041, 0x0041,
  0x0041, 0x0041, 0x0041, 0x0040, 0x0040, 0x0040, 0x0040, 0x0040, 0x0840, 0x0840, 0x0840, 0x0840, 0x0840, 0x0840, 0x0820, 0x0020,
  0x0020, 0x0020, 0x0020, 0x0000, 0x0000, 0x0000, 0x0000, 0x0000, 0x0000, 0x0000, 0x0000, 0x0000, 0x0000, 0x0000, 0x0000, 0x0000,
  0x7202, 0x92A2, 0xB322, 0xC3A2, 0xDC43, 0xE4E3, 0xED64, 0xF583, 0xFD82, 0xFD62, 0xFD62, 0xFD63, 0xFD83, 0xFD83, 0xF5C4, 0xF605,
  0x52AB, 0x2986, 0x10C4, 0x0882, 0x0062, 0x0062, 0x0062, 0x0062, 0x0062, 0x0082, 0x0082, 0x0082, 0x0061, 0x0061, 0x0041, 0x0041,
  0x0041, 0x0041, 0x0041, 0x0040, 0x0060, 0x0860, 0x0860, 0x0860, 0x0840, 0x0840, 0x0840, 0x1060, 0x1040, 0x0840, 0x0840, 0x0020,
  0x0020, 0x0020, 0x0020, 0x0020, 0x0000, 0x0000, 0x0000, 0x0000, 0x0000, 0x0000, 0x0000, 0x0800, 0x0800, 0x0000, 0x0000, 0x0000,
  0x7222, 0x9B23, 0xB3C3, 0xCBE3, 0xD3E2, 0xDC02, 0xE442, 0xECC2, 0xF502, 0xF501, 0xF4E2, 0xF4E2, 0xF4E2, 0xF523, 0xFD83, 0xFE05,
  0xFE86, 0xFEA7, 0x31C7, 0x10E4, 0x0882, 0x0062, 0x0062, 0x0062, 0x0062, 0x0062, 0x0082, 0x0082, 0x0082, 0x0081, 0x0061, 0x0041,
  0x0041, 0x0021, 0x0020, 0x0040, 0x0040, 0x0860, 0x0860, 0x0860, 0x0860, 0x1060, 0x1060, 0x1060, 0x1060, 0x1060, 0x0840, 0x0040,
  0x0020, 0x0020, 0x0020, 0x0020, 0x0020, 0x0000, 0x0000, 0x0000, 0x0000, 0x0000, 0x0000, 0x0800, 0x0800, 0x0800, 0x0800, 0x0000,
  0x7A02, 0x9B03, 0xBC04, 0xD4A4, 0xDCA3, 0xDC22, 0xDBE2, 0xDC01, 0xEC61, 0xEC81, 0xF461, 0xEC41, 0xEC42, 0xEC82, 0xF4E3, 0xFDA4,
  0xFE46, 0xFE87, 0xFE66, 0x39E8, 0x1904, 0x0882, 0x0062, 0x0062, 0x0062, 0x0062, 0x0062, 0x0062, 0x0082, 0x0081, 0x0061, 0x0061,
  0x0041, 0x0021, 0x0021, 0x0020, 0x0020, 0x0040, 0x0861, 0x0860, 0x0860, 0x1060, 0x1060, 0x1080, 0x1080, 0x1060, 0x0860, 0x0040,
  0x0020, 0x0020, 0x0020, 0x0020, 0x0020, 0x0020, 0x0000, 0x0000, 0x0000, 0x0000, 0x0800, 0x0800, 0x0800, 0x0800, 0x0800, 0x0800,
  0x79E1, 0xA2C2, 0xC3C3, 0xDCA4, 0xE524, 0xED03, 0xE483, 0xDC22, 0xE421, 0xEC21, 0xEC00, 0xEBC0, 0xEBA1, 0xEBE1, 0xEC62, 0xF523,
  0xFDE4, 0xFE45, 0xFE05, 0xFDA4, 0x4229, 0x1905, 0x0883, 0x0862, 0x0062, 0x0062, 0x0041, 0x0041, 0x0061, 0x0061, 0x0061, 0x0061,
  0x0041, 0x0021, 0x0021, 0x0021, 0x0020, 0x0020, 0x0040, 0x0860, 0x0860, 0x0860, 0x1060, 0x1060, 0x1060, 0x0860, 0x0840, 0x0040,
  0x0020, 0x0020, 0x0020, 0x0000, 0x0000, 0x0000, 0x0000, 0x0000, 0x0000, 0x0800, 0x0800, 0x0800, 0x0800, 0x0800, 0x0800, 0x0800,
  0x79E2, 0xA2A2, 0xC342, 0xD403, 0xE4A3, 0xED23, 0xED43, 0xED03, 0xE4A2, 0xEC61, 0xEC21, 0xEBC0, 0xEB80, 0xE381, 0xEC01, 0xECC2,
  0xF584, 0xFE04, 0xFDE4, 0xFD83, 0xF4E2, 0x4A6A, 0x2125, 0x08A3, 0x0862, 0x0062, 0x0042, 0x0041, 0x0041, 0x0061, 0x0061, 0x0061,
  0x0041, 0x0021, 0x0021, 0x0021, 0x0021, 0x0020, 0x0021, 0x0021, 0x0041, 0x0841, 0x0861, 0x0861, 0x0861, 0x0861, 0x0041, 0x0041,
  0x0020, 0x0020, 0x0020, 0x0000, 0x0000, 0x0000, 0x0000, 0x0000, 0x0000, 0x0800, 0x0820, 0x1020, 0x1000, 0x0800, 0x0800, 0x0800,
  0x8242, 0xAAE3, 0xC342, 0xD382, 0xE3E2, 0xEC63, 0xF503, 0xF563, 0xF543, 0xF4E2, 0xF481, 0xEC00, 0xEBA0, 0xEBA0, 0xEC01, 0xF482,
  0xF543, 0xFDE4, 0xFE04, 0xFDA3, 0xF502, 0xE461, 0x4AAB, 0x2166, 0x08A3, 0x0062, 0x0042, 0x0041, 0x0041, 0x0041, 0x0041, 0x0041,
  0x0041, 0x0021, 0x0021, 0x0021, 0x0021, 0x0021, 0x0021, 0x0021, 0x0021, 0x0041, 0x0041, 0x0061, 0x0061, 0x0061, 0x0061, 0x0041,
  0x0021, 0x0021, 0x0020, 0x0000, 0x0000, 0x0000, 0x0000, 0x0000, 0x0000, 0x0800, 0x0820, 0x1020, 0x1000, 0x0800, 0x0800, 0x0800,
  0x8AA3, 0xB384, 0xCBE3, 0xDBE3, 0xE3C2, 0xE3E2, 0xEC62, 0xF4E2, 0xF543, 0xF522, 0xF4E2, 0xF481, 0xF441, 0xEC20, 0xEC60, 0xF4C1,
  0xF542, 0xFDC3, 0xFE04, 0xFDE4, 0xF583, 0xECC2, 0xD401, 0x52CC, 0x2966, 0x10A3, 0x0062, 0x0042, 0x0042, 0x0041, 0x0041, 0x0041,
  0x0041, 0x0021, 0x0021, 0x0021, 0x0021, 0x0021, 0x0021, 0x0021, 0x0021, 0x0041, 0x0041, 0x0061, 0x0061, 0x0061, 0x0061, 0x0041,
  0x0041, 0x0021, 0x0021, 0x0021, 0x0000, 0x0000, 0x0000, 0x0000, 0x0000, 0x0820, 0x1020, 0x1020, 0x1000, 0x0800, 0x0800, 0x0800,
  0x8AC3, 0xB3E4, 0xD4A5, 0xE4C4, 0xEC83, 0xEC43, 0xEC42, 0xECA2, 0xF4E2, 0xF502, 0xF4E2, 0xF4C2, 0xF4C1, 0xF4C1, 0xF4E1, 0xF501,
  0xFD42, 0xFDA2, 0xF5C3, 0xF5C3, 0xF5C4, 0xF563, 0xE4C2, 0xCBE2, 0xBB61, 0x2166, 0x10A3, 0x0862, 0x0062, 0x0042, 0x0041, 0x0041,
  0x0041, 0x0021, 0x0021, 0x0021, 0x0021, 0x0021, 0x0021, 0x0021, 0x0021, 0x0041, 0x0041, 0x0041, 0x0061, 0x0061, 0x0041, 0x0041,
  0x0041, 0x0021, 0x0021, 0x0021, 0x0021, 0x0020, 0x0000, 0x0000, 0x0000, 0x0820, 0x1020, 0x1020, 0x0800, 0x0800, 0x0800, 0x0800,
  0x8A82, 0xBBC4, 0xDCC5, 0xED45, 0xF544, 0xF503, 0xECE3, 0xED03, 0xF502, 0xF4E2, 0xF4C2, 0xFCE2, 0xFD22, 0xFD62, 0xF583, 0xFD82,
  0xFD82, 0xFDA2, 0xF583, 0xF563, 0xF583, 0xF583, 0xED43, 0xE4C2, 0xD442, 0x52EC, 0x2986, 0x10C3, 0x0862, 0x0062, 0x0042, 0x0041,
  0x0041, 0x0021, 0x0021, 0x0021, 0x0021, 0x0021, 0x0021, 0x0021, 0x0021, 0x0021, 0x0041, 0x0061, 0x0062, 0x0062, 0x0041, 0x0041,
  0x0021, 0x0021, 0x0021, 0x0021, 0x0021, 0x0021, 0x0020, 0x0000, 0x0820, 0x0820, 0x1020, 0x1020, 0x1020, 0x0800, 0x0800, 0x0800,
  0x9282, 0xBB83, 0xDC84, 0xED45, 0xFDA4, 0xFDA4, 0xF584, 0xF5A4, 0xF583, 0xF522, 0xF4E2, 0xF4E2, 0xFD22, 0xFDA3, 0xFDE4, 0xFDE4,
  0xF5C3, 0xF583, 0xED63, 0xED23, 0xED23, 0xED43, 0xED63, 0xED42, 0xE4E2, 0xDCA2, 0x52EC, 0x2986, 0x10C3, 0x0882, 0x0062, 0x0042,
  0x0041, 0x0041, 0x0021, 0x0021, 0x0021, 0x0021, 0x0021, 0x0021, 0x0021, 0x0021, 0x0041, 0x0041, 0x0062, 0x0062, 0x0061, 0x0041,
  0x0021, 0x0021, 0x0021, 0x0021, 0x0021, 0x0021, 0x0020, 0x0020, 0x0820, 0x1020, 0x1020, 0x1020, 0x1000, 0x0800, 0x0800, 0x0800,
  0x92E2, 0xBB82, 0xDC23, 0xECC3, 0xFD44, 0xFDA4, 0xFDC4, 0xFDE4, 0xFDE4, 0xFD83, 0xF522, 0xFCE1, 0xFD02, 0xFD83, 0xFDE4, 0xFE05,
  0xF5C4, 0xE543, 0xDD03, 0xDCC3, 0xDCC3, 0xDCE3, 0xDCE3, 0xDD02, 0xD4C2, 0xC462, 0xC462, 0x52CC, 0x2166, 0x10C3, 0x0882, 0x0062,
  0x0042, 0x0041, 0x0041, 0x0021, 0x0021, 0x0021, 0x0021, 0x0021, 0x0021, 0x0021, 0x0041, 0x0041, 0x0041, 0x0061, 0x0041, 0x0041,
  0x0021, 0x0021, 0x0021, 0x0021, 0x0021, 0x0021, 0x0020, 0x0820, 0x1020, 0x1840, 0x1820, 0x1020, 0x1020, 0x0800, 0x0800, 0x0800,
  0x9B62, 0xC402, 0xDC62, 0xEC82, 0xF4C3, 0xFD23, 0xFD83, 0xFDA4, 0xFDC4, 0xFDA3, 0xF522, 0xF4C1, 0xF4C1, 0xF502, 0xF583, 0xF5C4,
  0xED84, 0xD4C3, 0xC422, 0xBBE2, 0xBBE2, 0xC423, 0xC423, 0xBC22, 0xABE2, 0x9B62, 0x9341, 0x9B81, 0x4AAB, 0x2166, 0x10A3, 0x0862,
  0x0062, 0x0042, 0x0041, 0x0041, 0x0041, 0x0041, 0x0041, 0x0021, 0x0021, 0x0041, 0x0041, 0x0041, 0x0041, 0x0041, 0x0041, 0x0041,
  0x0021, 0x0021, 0x0021, 0x0021, 0x0021, 0x0020, 0x0020, 0x0820, 0x1040, 0x1840, 0x1840, 0x1820, 0x1000, 0x1000, 0x0800, 0x1000,
  0xA3A3, 0xCCC3, 0xE503, 0xECE2, 0xF482, 0xF4A2, 0xFCE3, 0xFD23, 0xF523, 0xF523, 0xF4E2, 0xF481, 0xF441, 0xEC61, 0xECA2, 0xECE3,
  0xE4E3, 0xC443, 0xA342, 0x8AC1, 0x92C2, 0x9B22, 0xA342, 0x9322, 0x82E2, 0x7281, 0x6261, 0x6281, 0x72E1, 0x4A8B, 0x1925, 0x08A3,
  0x0062, 0x0062, 0x0062, 0x0062, 0x0061, 0x0041, 0x0041, 0x0041, 0x0041, 0x0041, 0x0041, 0x0041, 0x0041, 0x0061, 0x0041, 0x0021,
  0x0021, 0x0021, 0x0021, 0x0021, 0x0021, 0x0020, 0x0020, 0x0840, 0x1840, 0x1840, 0x1840, 0x1820, 0x1000, 0x1000, 0x1000, 0x1000,
  0xA3C2, 0xCD03, 0xEDC4, 0xF5A3, 0xF502, 0xF482, 0xF462, 0xF462, 0xF482, 0xEC62, 0xEC41, 0xEC21, 0xEBE1, 0xE3A1, 0xDBA1, 0xDBC2,
  0xD3E2, 0xBB82, 0x92C2, 0x7201, 0x61E1, 0x7242, 0x8AA2, 0x8AC2, 0x7A82, 0x6221, 0x5201, 0x4A01, 0x4A21, 0x5261, 0x424A, 0x1925,
  0x0882, 0x0062, 0x0062, 0x0062, 0x0062, 0x0062, 0x0041, 0x0041, 0x0041, 0x0041, 0x0062, 0x0062, 0x0062, 0x0062, 0x0062, 0x0041,
  0x0021, 0x0021, 0x0021, 0x0021, 0x0021, 0x0020, 0x0040, 0x1040, 0x1840, 0x2040, 0x1840, 0x1820, 0x1020, 0x1000, 0x1000, 0x1020,
  0xA3A2, 0xD523, 0xEE04, 0xF644, 0xF5C3, 0xF4E2, 0xF442, 0xF401, 0xEBE1, 0xE3A1, 0xE381, 0xE3A1, 0xE3A1, 0xDB61, 0xD301, 0xC2C1,
  0xBAE1, 0xAAE2, 0x9282, 0x69E1, 0x5181, 0x59A1, 0x7242, 0x8AC2, 0x8B02, 0x7AC2, 0x6261, 0x4A01, 0x39E1, 0x39E0, 0x3A21, 0x3A08,
  0x18E4, 0x0882, 0x0862, 0x0062, 0x0062, 0x0062, 0x0041, 0x0041, 0x0041, 0x0041, 0x0062, 0x0082, 0x00A2, 0x00A2, 0x0082, 0x0041,
  0x0021, 0x0021, 0x0021, 0x0021, 0x0020, 0x0040, 0x0840, 0x1040, 0x1860, 0x2040, 0x2040, 0x1820, 0x1020, 0x1000, 0x1020, 0x1020,
  0xABA2, 0xD4E3, 0xEDE3, 0xF663, 0xFE44, 0xFDA3, 0xF4A2, 0xF3E1, 0xEBA1, 0xE361, 0xDB01, 0xDB01, 0xDB41, 0xDB62, 0xCAE1, 0xBA41,
  0xAA21, 0xA241, 0x9A62, 0x7A22, 0x59C1, 0x5181, 0x61E1, 0x8AC2, 0xABA3, 0xABC3, 0x8B42, 0x6A81, 0x4A00, 0x39E0, 0x3201, 0x636E,
  0x31C7, 0x10E4, 0x0882, 0x0062, 0x0042, 0x0041, 0x0041, 0x0041, 0x0041, 0x0062, 0x0082, 0x00A2, 0x00C3, 0x00E3, 0x00A3, 0x0062,
  0x0041, 0x0021, 0x0021, 0x0041, 0x0041, 0x0860, 0x0860, 0x1060, 0x2060, 0x2040, 0x2040, 0x1820, 0x1020, 0x1020, 0x1820, 0x1820,
  0xA361, 0xD4C2, 0xED82, 0xF603, 0xFE43, 0xFE03, 0xF543, 0xF442, 0xEBA1, 0xEB41, 0xDAE1, 0xD2C1, 0xD321, 0xD342, 0xCAE2, 0xBA41,
  0xAA01, 0xA221, 0x9A62, 0x9262, 0x7A22, 0x61C2, 0x61C1, 0x8AA2, 0xBBC3, 0xCC63, 0xC442, 0xA381, 0x72A1, 0x5241, 0x4A21, 0x4261,
  0x5B0C, 0x2986, 0x10A3, 0x0862, 0x0042, 0x0041, 0x0041, 0x0041, 0x0042, 0x0062, 0x0082, 0x00C3, 0x00E3, 0x0103, 0x00C3, 0x0082,
  0x0041, 0x0041, 0x0041, 0x0061, 0x0861, 0x0880, 0x1080, 0x1860, 0x2060, 0x2060, 0x2040, 0x1820, 0x1820, 0x1820, 0x1820, 0x1820,
  0xA341, 0xCC62, 0xED22, 0xF562, 0xF5C2, 0xF5C3, 0xF583, 0xF4C2, 0xEBC1, 0xEB41, 0xE301, 0xDAE1, 0xDB22, 0xD342, 0xCAE2, 0xC281,
  0xBA41, 0xB281, 0xB2C2, 0xAAE2, 0x92A2, 0x7A42, 0x7202, 0x8A82, 0xBB82, 0xDC63, 0xE4C3, 0xD442, 0xB3A1, 0x8B01, 0x6AC1, 0x62E2,
  0x5AE2, 0x4AAB, 0x2146, 0x0883, 0x0062, 0x0042, 0x0041, 0x0041, 0x0042, 0x0062, 0x0082, 0x00C3, 0x00E3, 0x0103, 0x00C3, 0x0082,
  0x0061, 0x0041, 0x0061, 0x0061, 0x0881, 0x1080, 0x1880, 0x2080, 0x2860, 0x2860, 0x2040, 0x1820, 0x1820, 0x1820, 0x1820, 0x1820,
  0xA321, 0xCC22, 0xE4A2, 0xECC1, 0xED01, 0xF522, 0xF542, 0xF4C2, 0xEBE1, 0xE321, 0xE2E1, 0xDB01, 0xDB62, 0xD362, 0xCB02, 0xCAA1,
  0xCAA1, 0xCB01, 0xCB62, 0xC382, 0xB342, 0x92C2, 0x8262, 0x8A62, 0xAB22, 0xD402, 0xE4A2, 0xECC2, 0xDC81, 0xBBE1, 0x9B61, 0x8B41,
  0x7B62, 0x6B42, 0x424A, 0x1904, 0x0882, 0x0062, 0x0042, 0x0062, 0x0062, 0x0062, 0x0082, 0x00A2, 0x00C3, 0x00C3, 0x00A3, 0x0062,
  0x0062, 0x0061, 0x0081, 0x0081, 0x08A1, 0x10A0, 0x1880, 0x2080, 0x2860, 0x2860, 0x2040, 0x1820, 0x1820, 0x1820, 0x1820, 0x1820,
  0xA301, 0xCC01, 0xDC62, 0xE441, 0xE421, 0xE441, 0xEC81, 0xEC81, 0xE3E1, 0xDB01, 0xDAA0, 0xDAE1, 0xDB42, 0xDB82, 0xD322, 0xCAE1,
  0xD301, 0xDB82, 0xDBE2, 0xD402, 0xC3C1, 0xAB22, 0x8AA2, 0x8262, 0x9AA2, 0xBB42, 0xDC22, 0xECC2, 0xECC1, 0xDC41, 0xBBA1, 0xA361,
  0x9382, 0x8382, 0x6BAF, 0x31E8, 0x10E4, 0x0882, 0x0062, 0x0062, 0x0062, 0x0062, 0x0062, 0x0082, 0x0082, 0x00A2, 0x0082, 0x0062,
  0x0041, 0x0061, 0x0081, 0x00A1, 0x08A0, 0x10A0, 0x1880, 0x2880, 0x2880, 0x2860, 0x2040, 0x2020, 0x1820, 0x1820, 0x1820, 0x1820,
  0xAB42, 0xCC42, 0xE482, 0xDC21, 0xDBA1, 0xDB81, 0xDBA1, 0xDBE1, 0xDBA1, 0xD2E1, 0xCA60, 0xCA60, 0xD2E1, 0xD342, 0xCB22, 0xCAE1,
  0xD341, 0xDBC2, 0xE401, 0xDC21, 0xD3E1, 0xBB61, 0x92C2, 0x7A62, 0x8242, 0x9AA1, 0xC381, 0xE442, 0xEC61, 0xDC01, 0xBB40, 0xA301,
  0x8B21, 0x7B42, 0x7362, 0x6363, 0x29A7, 0x10C4, 0x0883, 0x0083, 0x0082, 0x0062, 0x0062, 0x0062, 0x0082, 0x0082, 0x0062, 0x0041,
  0x0041, 0x0061, 0x0081, 0x00A1, 0x08A1, 0x10A0, 0x2080, 0x2880, 0x3080, 0x3060, 0x2840, 0x2020, 0x2020, 0x2020, 0x1820, 0x1820,
  0xAB82, 0xD4A3, 0xE4E3, 0xE482, 0xDBC1, 0xD361, 0xD321, 0xD341, 0xD361, 0xC2E1, 0xBA40, 0xBA20, 0xC280, 0xC2C1, 0xBAC1, 0xBAC1,
  0xCB41, 0xD3A2, 0xDBE1, 0xD3E1, 0xD3C1, 0xBB81, 0x9B01, 0x7A61, 0x7221, 0x8A41, 0xB2E1, 0xD3A1, 0xE3E1, 0xD381, 0xAAC0, 0x8A60,
  0x7261, 0x6AA1, 0x6302, 0x6322, 0x52CC, 0x2166, 0x08A3, 0x0083, 0x0062, 0x0062, 0x0062, 0x0062, 0x0082, 0x0082, 0x0062, 0x0041,
  0x0041, 0x0061, 0x0081, 0x00A1, 0x08A1, 0x10A0, 0x2080, 0x2880, 0x3080, 0x3060, 0x2840, 0x2040, 0x2020, 0x2020, 0x2020, 0x2020,
  0xB3C3, 0xDCE3, 0xED84, 0xED43, 0xE4A2, 0xDBC2, 0xD361, 0xCB61, 0xCB61, 0xC321, 0xB281, 0xB240, 0xBA60, 0xBA81, 0xAA61, 0xA261,
  0xB2E1, 0xC361, 0xC381, 0xC361, 0xBB61, 0xB361, 0x9B21, 0x7A81, 0x7241, 0x8261, 0xAAE1, 0xCB82, 0xDBC2, 0xCB41, 0xA281, 0x7A20,
  0x59E0, 0x4A01, 0x5261, 0x52E2, 0x4B02, 0x424A, 0x1925, 0x0883, 0x0062, 0x0062, 0x0062, 0x0082, 0x0082, 0x0082, 0x0062, 0x0041,
  0x0041, 0x0061, 0x0081, 0x0081, 0x0880, 0x1080, 0x2080, 0x3080, 0x3080, 0x3080, 0x2840, 0x2020, 0x2020, 0x2020, 0x2040, 0x2020,
  0xBBC2, 0xDD23, 0xF5E4, 0xF604, 0xEDA4, 0xE4E3, 0xDC22, 0xD3E2, 0xD403, 0xCBE2, 0xBB62, 0xB301, 0xB2C1, 0xB2C1, 0xAAC1, 0xA2A1,
  0xA2E2, 0xB322, 0xB321, 0xAB01, 0xA300, 0xA321, 0x9301, 0x7AC1, 0x7AA1, 0x8AE1, 0xAB62, 0xC3C2, 0xCBC2, 0xC382, 0xAAC1, 0x8241,
  0x6201, 0x49E1, 0x4241, 0x4AC2, 0x4B02, 0x4301, 0x31E8, 0x10E4, 0x0882, 0x0082, 0x0082, 0x0082, 0x0082, 0x0062, 0x0062, 0x0062,
  0x0061, 0x0061, 0x0061, 0x0881, 0x0880, 0x1080, 0x2080, 0x30A0, 0x38A0, 0x3080, 0x2860, 0x2040, 0x2020, 0x2040, 0x2840, 0x2020,
  0xBB82, 0xE523, 0xF604, 0xF664, 0xF664, 0xF5E4, 0xED43, 0xE4C3, 0xDCE4, 0xDD04, 0xCCA3, 0xC422, 0xC3C2, 0xC3A1, 0xBBA2, 0xAB82,
  0xAB82, 0xAB82, 0xAB42, 0x92C1, 0x8AA1, 0x8AC1, 0x82E1, 0x7AE1, 0x8301, 0x9362, 0xB402, 0xC423, 0xBBE2, 0xBBA2, 0xAB42, 0x92C1,
  0x7A61, 0x5A41, 0x5281, 0x5B22, 0x5BA2, 0x53A2, 0x4361, 0x2987, 0x10C4, 0x0883, 0x0883, 0x0082, 0x0082, 0x0062, 0x08A2, 0x08C3,
  0x08C2, 0x0881, 0x1081, 0x1081, 0x1080, 0x1860, 0x2880, 0x3080, 0x3880, 0x3080, 0x2860, 0x2020, 0x2020, 0x2020, 0x2020, 0x2020,
  0xBB42, 0xE4E3, 0xF603, 0xFE84, 0xFEA4, 0xFEA5, 0xF645, 0xEDC4, 0xEDC4, 0xEE05, 0xE5E5, 0xDD64, 0xD4E3, 0xD4A2, 0xCCA2, 0xC4C3,
  0xC4C4, 0xC4A3, 0xB423, 0x9B41, 0x82A1, 0x7AA1, 0x72C1, 0x7301, 0x8342, 0x93C2, 0xAC43, 0xB463, 0xABE3, 0x9B82, 0x9B42, 0x9301,
  0x82C1, 0x6AA1, 0x62E1, 0x6BA2, 0x7442, 0x6C62, 0x53E2, 0x4AAB, 0x2146, 0x08C3, 0x0883, 0x0883, 0x0082, 0x0882, 0x08C3, 0x1104,
  0x10E3, 0x10A2, 0x1881, 0x1881, 0x1880, 0x2060, 0x2880, 0x3880, 0x3880, 0x3060, 0x2840, 0x2020, 0x1820, 0x2020, 0x2040, 0x2040,
  0xBB02, 0xE462, 0xF5A3, 0xFE43, 0xFEA4, 0xFEE5, 0xFEE5, 0xF664, 0xF644, 0xF6A5, 0xF6A5, 0xEE65, 0xE5E3, 0xE583, 0xDD63, 0xDDA4,
  0xDDC5, 0xD5A4, 0xCD23, 0xAC22, 0x8B21, 0x7AE1, 0x72E1, 0x7301, 0x7B62, 0x8BC2, 0x9403, 0x9C23, 0x93C3, 0x8342, 0x7B02, 0x7B01,
  0x7AE1, 0x6AE1, 0x6301, 0x6BC1, 0x7C82, 0x74A2, 0x5C42, 0x3381, 0x424A, 0x1925, 0x08A3, 0x0883, 0x0883, 0x08A3, 0x1104, 0x1124,
  0x10E3, 0x10A2, 0x1881, 0x1881, 0x2080, 0x2860, 0x3860, 0x4060, 0x4060, 0x3860, 0x2840, 0x2020, 0x1820, 0x2020, 0x2020, 0x2040,
  0xBB02, 0xE402, 0xF502, 0xF5A3, 0xF623, 0xFEA4, 0xFF05, 0xFEE5, 0xF6A4, 0xF6C5, 0xF6E5, 0xF6C5, 0xEE64, 0xEDE3, 0xE5C3, 0xE625,
  0xE666, 0xE645, 0xDDE4, 0xCD03, 0xAC02, 0x93A1, 0x8361, 0x7321, 0x7362, 0x7382, 0x7342, 0x7362, 0x7342, 0x62E2, 0x5AA1, 0x5AA1,
  0x62C1, 0x62E1, 0x6321, 0x6381, 0x7422, 0x7482, 0x5C42, 0x3B81, 0x1B01, 0x39E8, 0x1905, 0x08A3, 0x08A3, 0x08C3, 0x1124, 0x1124,
  0x10E3, 0x10A2, 0x1881, 0x1881, 0x2060, 0x3060, 0x4040, 0x5040, 0x4840, 0x3840, 0x2820, 0x2020, 0x1820, 0x2020, 0x2040, 0x2040,
  0xBB22, 0xDBC2, 0xF482, 0xF502, 0xF542, 0xF5E3, 0xFEC5, 0xFF05, 0xFEE4, 0xFEA4, 0xF6C4, 0xF6C4, 0xF664, 0xEDE3, 0xE5A3, 0xE604,
  0xE665, 0xE644, 0xE623, 0xDDA3, 0xC502, 0xBC82, 0xA401, 0x7B61, 0x6B21, 0x5AE2, 0x52A2, 0x52C2, 0x52C2, 0x4AA2, 0x4A81, 0x4A81,
  0x52C1, 0x6321, 0x6B61, 0x6361, 0x63C2, 0x6402, 0x5402, 0x3BA1, 0x2321, 0x634D, 0x31C7, 0x10E4, 0x08C3, 0x10E4, 0x1145, 0x1124,
  0x10E3, 0x10A2, 0x18A1, 0x1881, 0x2081, 0x3860, 0x5020, 0x5820, 0x5020, 0x4020, 0x3020, 0x2020, 0x2020, 0x2020, 0x2040, 0x1840,
  0xBB63, 0xE3E3, 0xEC02, 0xEC42, 0xEC62, 0xECC2, 0xF5E4, 0xFEC5, 0xFEE4, 0xF683, 0xF663, 0xF664, 0xEE24, 0xE5A3, 0xDD62, 0xDDA3,
  0xE604, 0xE604, 0xE5E3, 0xE5E3, 0xDDA3, 0xD583, 0xBCC2, 0x8BA1, 0x62E1, 0x4A81, 0x4261, 0x4282, 0x4AA2, 0x4A82, 0x4AA2, 0x4AC2,
  0x52E2, 0x6B42, 0x7BA1, 0x7381, 0x5B41, 0x4B41, 0x4381, 0x3B61, 0x2B21, 0x1AE1, 0x52CC, 0x2166, 0x10E4, 0x1104, 0x1965, 0x1944,
  0x18E3, 0x18C2, 0x18A2, 0x18A1, 0x2081, 0x3040, 0x4820, 0x5800, 0x5000, 0x4800, 0x3800, 0x2820, 0x2020, 0x2040, 0x2040, 0x1820,
  0xC3C3, 0xE423, 0xEC02, 0xEBC1, 0xE3A1, 0xDBC2, 0xE4A3, 0xF625, 0xF6A5, 0xF643, 0xEDE3, 0xEDE3, 0xE5C3, 0xD543, 0xCCE2, 0xD522,
  0xD563, 0xD543, 0xDD62, 0xE5E3, 0xE624, 0xE624, 0xD562, 0x9BE1, 0x62C0, 0x4241, 0x3A21, 0x3A42, 0x4282, 0x4AA2, 0x5AE2, 0x6342,
  0x6342, 0x7362, 0x83C2, 0x83C1, 0x6341, 0x4B01, 0x4321, 0x3B41, 0x2B01, 0x1AC1, 0x1AE1, 0x426A, 0x2146, 0x1945, 0x1985, 0x1965,
  0x1903, 0x20E3, 0x20C2, 0x18A2, 0x2081, 0x3040, 0x4020, 0x5000, 0x5000, 0x4800, 0x4000, 0x3000, 0x2820, 0x2020, 0x2040, 0x1820,
  0xC3A3, 0xEC84, 0xF442, 0xEBA1, 0xE321, 0xDAE1, 0xDB82, 0xED04, 0xF604, 0xEDE3, 0xE562, 0xE542, 0xDD43, 0xC4A2, 0xB422, 0xB422,
  0xC482, 0xCCA2, 0xD4C2, 0xDD83, 0xE624, 0xEE64, 0xDDA3, 0xAC21, 0x72E1, 0x4A61, 0x3A41, 0x3221, 0x3A21, 0x4A82, 0x6322, 0x83E3,
  0x8403, 0x7BA2, 0x83A2, 0x8BE1, 0x83A1, 0x6B61, 0x5B61, 0x4341, 0x22E1, 0x1AA1, 0x1AC0, 0x2B61, 0x3208, 0x2186, 0x1986, 0x1965,
  0x1923, 0x18E3, 0x18C2, 0x18A2, 0x2081, 0x3040, 0x4020, 0x5800, 0x6800, 0x6800, 0x5000, 0x3000, 0x2820, 0x2020, 0x2020, 0x1820,
  0xC383, 0xECA4, 0xF4A3, 0xF3E1, 0xE301, 0xDA60, 0xD2A1, 0xDBE2, 0xED03, 0xE543, 0xDCC2, 0xD4A2, 0xCCA2, 0xB402, 0x9341, 0x9321,
  0xABA1, 0xBBE1, 0xBC01, 0xCCC2, 0xDDC4, 0xE644, 0xDDC3, 0xB462, 0x8341, 0x5AC1, 0x4A81, 0x3A61, 0x3201, 0x4A61, 0x7342, 0x9C43,
  0xA4A4, 0x8BE3, 0x7B62, 0x8BA2, 0x93E1, 0x9401, 0x7C01, 0x5381, 0x2B01, 0x12A1, 0x1AA0, 0x2B21, 0x5B2D, 0x3208, 0x2186, 0x1944,
  0x1903, 0x18C2, 0x18C2, 0x18A2, 0x2081, 0x3041, 0x4820, 0x7020, 0x9820, 0x9021, 0x6820, 0x3800, 0x2820, 0x2020, 0x1820, 0x1840,
  0xC362, 0xEC83, 0xF4C3, 0xF442, 0xEB41, 0xDA80, 0xD240, 0xDB01, 0xE402, 0xDC82, 0xD442, 0xCC01, 0xBC22, 0xA382, 0x7A81, 0x7261,
  0x8AE1, 0xA361, 0xAB81, 0xBC02, 0xC4E3, 0xD5A4, 0xD584, 0xBCA3, 0x93A2, 0x6B01, 0x5AE2, 0x52C2, 0x4A81, 0x52A1, 0x7B82, 0xA443,
  0xB4A4, 0x9C23, 0x8382, 0x8361, 0x9BE2, 0xA482, 0x9482, 0x63E1, 0x3301, 0x12A0, 0x12A0, 0x2301, 0x2361, 0x4AAB, 0x29A6, 0x1944,
  0x1903, 0x18C2, 0x18A2, 0x18A2, 0x2081, 0x3041, 0x5020, 0x8820, 0xB841, 0xB041, 0x7820, 0x4020, 0x2820, 0x2020, 0x1840, 0x1861,
  0xC362, 0xEC63, 0xFCC3, 0xFC62, 0xF3A1, 0xE2C0, 0xDA60, 0xDA81, 0xE341, 0xDBC2, 0xCBE2, 0xC3C1, 0xBBC1, 0xA361, 0x7A61, 0x6A00,
  0x7A61, 0x9301, 0xA321, 0xA361, 0xAC02, 0xBCC3, 0xCD03, 0xC4C3, 0xA3E2, 0x7321, 0x6B21, 0x6B62, 0x6B42, 0x6B42, 0x83C2, 0x9402,
  0xA423, 0xAC43, 0x93E2, 0x93C2, 0x9C02, 0xA482, 0x9C82, 0x6BE2, 0x3B21, 0x1AA1, 0x1280, 0x1AE1, 0x2341, 0x1B22, 0x3A49, 0x2165,
  0x1903, 0x18C3, 0x18A2, 0x18A2, 0x2081, 0x3061, 0x5020, 0x8820, 0xB841, 0xA841, 0x7020, 0x4020, 0x2820, 0x1820, 0x1840, 0x1881,
  0xC362, 0xEC42, 0xF482, 0xFC82, 0xF3E1, 0xEB20, 0xE2A0, 0xDA60, 0xE2C1, 0xDB61, 0xD3A1, 0xC3C1, 0xBBE1, 0xABA1, 0x82C1, 0x6A40,
  0x7A81, 0x9301, 0x9B21, 0x9B21, 0x9B61, 0xABE2, 0xB463, 0xBCA3, 0xAC23, 0x8361, 0x7341, 0x83C2, 0x83E3, 0x7BC3, 0x83A3, 0x8382,
  0x93C2, 0xA422, 0xAC43, 0xAC63, 0xAC82, 0x9C62, 0x8422, 0x6BC1, 0x3B21, 0x1AA1, 0x12A0, 0x1AE1, 0x2362, 0x1B42, 0x0AC2, 0x31E7,
  0x2124, 0x18E3, 0x18C2, 0x18A2, 0x2081, 0x2861, 0x4840, 0x7820, 0xA820, 0x9820, 0x6020, 0x3820, 0x2820, 0x1840, 0x1861, 0x20C2,
  0xC362, 0xEC42, 0xF482, 0xFC62, 0xF3E1, 0xF340, 0xEAC0, 0xE260, 0xE280, 0xE341, 0xDBC1, 0xD441, 0xCC82, 0xBC62, 0xA3E1, 0x8B41,
  0x8B61, 0x9BA2, 0xABC2, 0xA3C2, 0xA3A2, 0xA3E2, 0xB442, 0xBCA3, 0xBC83, 0x9C02, 0x8BC2, 0x9C62, 0xA4C3, 0x9423, 0x7B83, 0x7B82,
  0x93C2, 0xA442, 0xA443, 0xAC83, 0xA4A2, 0x8C22, 0x6B81, 0x5B61, 0x4341, 0x2B01, 0x22E1, 0x2321, 0x2382, 0x1B42, 0x0AA2, 0x52CB,
  0x3186, 0x2103, 0x20E3, 0x18A2, 0x2082, 0x2861, 0x4041, 0x6820, 0x9020, 0x8000, 0x5000, 0x3020, 0x2020, 0x1860, 0x20A2, 0x28E3,
  0xBB42, 0xEC62, 0xF462, 0xF442, 0xF3C1, 0xF341, 0xEAC0, 0xDA40, 0xDA40, 0xE300, 0xE3E1, 0xDCA2, 0xDD22, 0xD542, 0xC502, 0xB4A2,
  0xAC82, 0xB4A2, 0xBCA3, 0xBCC3, 0xBCA3, 0xBCA2, 0xBCC3, 0xC503, 0xCD43, 0xC503, 0xB4E2, 0xBD43, 0xC5A4, 0xAD04, 0x9423, 0x9403,
  0xA463, 0xAC62, 0x93E2, 0x9402, 0x8C22, 0x73A1, 0x5321, 0x4321, 0x4341, 0x3B81, 0x3362, 0x2B82, 0x2BC2, 0x1B42, 0x0AA2, 0x0202,
  0x4249, 0x2965, 0x2103, 0x20C2, 0x20A2, 0x2081, 0x3841, 0x5820, 0x7820, 0x6020, 0x4000, 0x2820, 0x2040, 0x2081, 0x20E3, 0x2903,
  0xBB22, 0xEC62, 0xFC82, 0xFC41, 0xF3C1, 0xF321, 0xEAC0, 0xDA20, 0xDA00, 0xE2A0, 0xEBC1, 0xE4A2, 0xE562, 0xDDE3, 0xDE03, 0xCDC3,
  0xCDC3, 0xCDA3, 0xD5A3, 0xD5C4, 0xD5C4, 0xD583, 0xD583, 0xDDC4, 0xDDE4, 0xDDE4, 0xDDE4, 0xE624, 0xE685, 0xD625, 0xBD64, 0xBD44,
  0xC564, 0xB4E3, 0x93E2, 0x83A2, 0x7BA1, 0x6341, 0x4B01, 0x3AE1, 0x3B21, 0x43A2, 0x3BA2, 0x33C2, 0x3403, 0x1B62, 0x0282, 0x0202,
  0x6B6D, 0x4207, 0x2944, 0x28E3, 0x20A2, 0x2082, 0x2861, 0x4040, 0x5020, 0x4800, 0x3020, 0x2020, 0x1840, 0x20A2, 0x2903, 0x2904,
  0xB2C1, 0xEC22, 0xFC82, 0xFC62, 0xF3E1, 0xF321, 0xE2A0, 0xDA20, 0xD1C0, 0xDA20, 0xE341, 0xE421, 0xE522, 0xE603, 0xE664, 0xE684,
  0xE684, 0xE644, 0xE623, 0xE644, 0xE664, 0xE623, 0xE603, 0xE604, 0xE625, 0xE645, 0xEE65, 0xF6A4, 0xF6C5, 0xEEA5, 0xE665, 0xE686,
  0xE687, 0xD5E5, 0xACE3, 0x9442, 0x83C2, 0x6341, 0x4B01, 0x3AE1, 0x2B01, 0x2B21, 0x2B41, 0x33C2, 0x3423, 0x1B82, 0x02A2, 0x0202,
  0x01C2, 0x630C, 0x39A6, 0x2904, 0x20C3, 0x2082, 0x2061, 0x2841, 0x3020, 0x3020, 0x2020, 0x2020, 0x1861, 0x20E3, 0x2924, 0x2904,
  0xB261, 0xE3E2, 0xF462, 0xFC62, 0xF402, 0xF341, 0xE2A0, 0xDA20, 0xC9A0, 0xC9C0, 0xDAA0, 0xE381, 0xE462, 0xE5A3, 0xEE84, 0xEEC4,
  0xEEE4, 0xEEA4, 0xEE43, 0xEE23, 0xEE44, 0xEE03, 0xE5C3, 0xDDA4, 0xD5A4, 0xD5C5, 0xE625, 0xF685, 0xEE64, 0xEE64, 0xEE85, 0xF707,
  0xF728, 0xEEE7, 0xD626, 0xBD64, 0x9C83, 0x73A2, 0x5B41, 0x3AE1, 0x22C1, 0x1AA1, 0x1AE1, 0x2BC2, 0x3C64, 0x1B83, 0x02A2, 0x0222,
  0x01E2, 0x01C3, 0x528A, 0x3165, 0x20E3, 0x20A2, 0x2081, 0x2061, 0x2041, 0x2020, 0x2020, 0x1840, 0x2082, 0x2904, 0x2924, 0x2903,
  0xAA21, 0xDB62, 0xF422, 0xFC42, 0xF422, 0xF381, 0xE2C0, 0xDA40, 0xC9A0, 0xC9A0, 0xD220, 0xDAC0, 0xDBA1, 0xE503, 0xEE44, 0xEEC4,
  0xEEE4, 0xF6A4, 0xEE03, 0xE583, 0xE5A3, 0xE582, 0xD522, 0xCCE2, 0xBCA3, 0xB4A3, 0xCD64, 0xE604, 0xE5C3, 0xDDA2, 0xEE24, 0xF6E6,
  0xFF47, 0xFF47, 0xEEE6, 0xE665, 0xC583, 0x9C82, 0x73A2, 0x4301, 0x2AA1, 0x1AA1, 0x22E1, 0x33E3, 0x3C64, 0x1BA3, 0x02A2, 0x0242,
  0x0222, 0x01C2, 0x73AE, 0x4208, 0x2904, 0x28C2, 0x20A1, 0x1861, 0x2061, 0x2041, 0x2040, 0x1861, 0x20C3, 0x2924, 0x2924, 0x2903,
  0xAA21, 0xDB22, 0xF3C2, 0xF402, 0xF422, 0xF3A2, 0xE2C1, 0xDA61, 0xCA00, 0xC1A0, 0xC9E0, 0xD240, 0xD301, 0xDC82, 0xEDE4, 0xEE84,
  0xEEC4, 0xF6A4, 0xEDC2, 0xDD02, 0xDCC2, 0xDCC1, 0xCC81, 0xBC01, 0xA3A1, 0x9B81, 0xB462, 0xCD43, 0xCD22, 0xCD02, 0xDDA3, 0xEE84,
  0xF6E5, 0xFF05, 0xFF05, 0xF6A4, 0xE623, 0xCDA3, 0x9CA2, 0x6B81, 0x4321, 0x3301, 0x2B21, 0x33E2, 0x3C64, 0x23A3, 0x02A2, 0x0262,
  0x0243, 0x01C2, 0x0122, 0x630C, 0x3986, 0x3103, 0x28C2, 0x2081, 0x1861, 0x2061, 0x2061, 0x1882, 0x2104, 0x2924, 0x2924, 0x2903,
  0xB261, 0xDB02, 0xEB82, 0xF3C2, 0xF402, 0xEBC2, 0xE2C1, 0xDA81, 0xD241, 0xCA01, 0xCA01, 0xCA41, 0xCAC1, 0xDC02, 0xE583, 0xEE24,
  0xEE64, 0xF684, 0xEDE3, 0xDCC1, 0xD441, 0xDC60, 0xCC20, 0xB3A0, 0x9320, 0x8301, 0x9BA1, 0xB4A2, 0xB4A2, 0xB4A2, 0xCD42, 0xDE03,
  0xEE63, 0xF683, 0xFE83, 0xFE63, 0xF643, 0xEE63, 0xCDC2, 0xA4A1, 0x7C01, 0x53A1, 0x3341, 0x33A2, 0x3C43, 0x23A3, 0x0AC2, 0x0283,
  0x0263, 0x01A2, 0x0122, 0x00E2, 0x5A8A, 0x4185, 0x3103, 0x20A2, 0x2081, 0x2061, 0x1861, 0x20C3, 0x2924, 0x2945, 0x2924, 0x2903,
  0xBA82, 0xDB22, 0xEB62, 0xF382, 0xF3E3, 0xEBA2, 0xDAC1, 0xD261, 0xD2A1, 0xD2A1, 0xD281, 0xCA81, 0xD302, 0xDC02, 0xE543, 0xEDA3,
  0xEE04, 0xF684, 0xEE23, 0xE502, 0xDC61, 0xDC60, 0xD440, 0xBBC0, 0x9B20, 0x82E0, 0x8B61, 0x9BE1, 0x93E1, 0x9421, 0xACC2, 0xC542,
  0xDDC2, 0xEDE2, 0xF5E2, 0xF602, 0xFE63, 0xF6C4, 0xEE63, 0xD581, 0xACE1, 0x7C21, 0x4341, 0x3B62, 0x4C23, 0x33A3, 0x0AC2, 0x02A3,
  0x0263, 0x01A2, 0x0122, 0x00E2, 0x00E2, 0x5248, 0x3944, 0x28E2, 0x20A2, 0x2081, 0x1882, 0x20E4, 0x2945, 0x2945, 0x2924, 0x2903,
  0xBAC2, 0xE342, 0xEB62, 0xF362, 0xF3A2, 0xEBA3, 0xDAA1, 0xD241, 0xD2E2, 0xDB22, 0xD342, 0xD342, 0xD3A3, 0xDC83, 0xE543, 0xED63,
  0xED83, 0xF624, 0xEE44, 0xE582, 0xDCE1, 0xE4E1, 0xDCA1, 0xCC20, 0xAB80, 0x9300, 0x8B41, 0x8BA1, 0x7B81, 0x7B81, 0x8C01, 0xA481,
  0xBD01, 0xD541, 0xE581, 0xF5E2, 0xFE63, 0xFEC5, 0xF683, 0xEE01, 0xCD81, 0x9CA1, 0x5B81, 0x5381, 0x6422, 0x43A2, 0x12C2, 0x02A3,
  0x0243, 0x0182, 0x0122, 0x0102, 0x00E2, 0x00A2, 0x41C6, 0x2903, 0x20A2, 0x1882, 0x18A2, 0x2924, 0x3166, 0x2965, 0x2944, 0x2904,
  0xC2E2, 0xE383, 0xEB83, 0xF363, 0xF382, 0xEBA3, 0xDAA2, 0xCA21, 0xD2E2, 0xDBA3, 0xDBE3, 0xDC03, 0xDC84, 0xE524, 0xED83, 0xED43,
  0xED02, 0xED83, 0xEE04, 0xE5C3, 0xE541, 0xE541, 0xE521, 0xDCC1, 0xC401, 0xA340, 0x9361, 0x8BA1, 0x7361, 0x6B41, 0x6B41, 0x7BA1,
  0x9C21, 0xBCA1, 0xDD21, 0xEDE2, 0xFE63, 0xF664, 0xF603, 0xEDE1, 0xDDA1, 0xBD21, 0x8421, 0x7401, 0x7C62, 0x4BA2, 0x12A2, 0x0263,
  0x0223, 0x0182, 0x0102, 0x00E1, 0x00E2, 0x00A2, 0x5ACB, 0x3145, 0x20A2, 0x1882, 0x18C3, 0x2945, 0x3186, 0x3165, 0x2944, 0x2904,
  0xC302, 0xE383, 0xF383, 0xF383, 0xF363, 0xEB83, 0xDAC2, 0xC201, 0xD2E2, 0xDC03, 0xE463, 0xE484, 0xE524, 0xEDE5, 0xEDE4, 0xE523,
  0xE482, 0xE4C2, 0xE563, 0xE563, 0xDD42, 0xE542, 0xE582, 0xE562, 0xD4A1, 0xB3A1, 0x9B61, 0x8B81, 0x7B61, 0x6B21, 0x6301, 0x6301,
  0x7B61, 0x9C21, 0xCCE2, 0xEDE2, 0xF662, 0xEDE2, 0xE522, 0xDD41, 0xDD61, 0xC541, 0x9C81, 0x8C41, 0x8462, 0x4B82, 0x12A2, 0x0242,
  0x0202, 0x0162, 0x0101, 0x00E1, 0x00E2, 0x00A1, 0x0061, 0x4208, 0x20E3, 0x18A2, 0x2104, 0x2966, 0x3186, 0x3166, 0x2944, 0x2904,
  0x6A49, 0xEB83, 0xF383, 0xF363, 0xF363, 0xEB83, 0xDAE3, 0xC221, 0xCAE2, 0xDC23, 0xE4A3, 0xE4C3, 0xED85, 0xF645, 0xEE04, 0xE503,
  0xE401, 0xDBE1, 0xDC82, 0xDCC2, 0xD482, 0xD4C2, 0xDD42, 0xE5A3, 0xDD43, 0xC421, 0xA361, 0x8321, 0x7321, 0x6B21, 0x5AE1, 0x52A0,
  0x62E1, 0x83A1, 0xBC82, 0xE5A2, 0xF641, 0xED81, 0xD481, 0xCC81, 0xC4C2, 0xBCC2, 0xA461, 0x9441, 0x7C42, 0x4362, 0x12A2, 0x0262,
  0x0203, 0x0162, 0x0101, 0x00E1, 0x00C1, 0x0081, 0x0061, 0x08A2, 0x3166, 0x18C3, 0x2125, 0x3186, 0x3186, 0x3166, 0x2945, 0x2904,
  0x6228, 0xEB62, 0xEB42, 0xEB22, 0xF322, 0xEB63, 0xDB23, 0xCA62, 0xCB02, 0xE463, 0xED03, 0xED03, 0xED84, 0xF645, 0xEE24, 0xECE3,
  0xDBA1, 0xDB41, 0xDBC1, 0xD401, 0xC3A1, 0xBBC1, 0xCC62, 0xDD43, 0xE583, 0xD4A2, 0xAB61, 0x72A1, 0x5A81, 0x5AC1, 0x5AE1, 0x52A1,
  0x5AA1, 0x7B62, 0xB462, 0xDD41, 0xF601, 0xED81, 0xC441, 0xB3E1, 0xB442, 0xAC42, 0xA481, 0x9CA2, 0x7C62, 0x3B82, 0x12C2, 0x0283,
  0x0202, 0x0162, 0x0101, 0x00C1, 0x00C1, 0x0081, 0x0061, 0x08A2, 0x52AB, 0x2966, 0x2986, 0x31C7, 0x31A7, 0x3186, 0x2945, 0x2924,
  0x6207, 0x7B2C, 0xEB02, 0xE2C2, 0xEAC2, 0xEB23, 0xE363, 0xD2C2, 0xD342, 0xE483, 0xED23, 0xED03, 0xED44, 0xF625, 0xF5E4, 0xECC3,
  0xDB81, 0xD2E0, 0xD361, 0xD3A1, 0xB301, 0xA2C1, 0xBB61, 0xD462, 0xE543, 0xDCE2, 0xB3A1, 0x6A60, 0x41E0, 0x4A41, 0x5AC1, 0x5AC1,
  0x5AC1, 0x7B62, 0xA422, 0xCCC1, 0xEDA1, 0xEDA1, 0xC441, 0xA381, 0x9BA2, 0x9BE2, 0xB4C2, 0xB542, 0x84A2, 0x3BA2, 0x1B23, 0x0AA3,
  0x01E2, 0x0162, 0x00E1, 0x00C1, 0x00A1, 0x0061, 0x0061, 0x08A2, 0x29E8, 0x52AB, 0x3A09, 0x39E8, 0x39C7, 0x3186, 0x3165, 0x2924,
  0x61E7, 0x7AEB, 0x8430, 0xDA41, 0xE261, 0xE2E2, 0xE384, 0xD343, 0xD362, 0xE4A3, 0xED43, 0xED03, 0xECE3, 0xF5A4, 0xF5A4, 0xECC3,
  0xE382, 0xDB01, 0xDB41, 0xD381, 0xB2C0, 0x9A20, 0xAA81, 0xCBA1, 0xE4A2, 0xE4C2, 0xBBC1, 0x6A40, 0x31A0, 0x39E1, 0x5281, 0x5AE1,
  0x62E1, 0x7342, 0x93C2, 0xB421, 0xDD21, 0xEDC1, 0xC461, 0x8B01, 0x7AE1, 0x8361, 0xB4C2, 0xBD82, 0x84C2, 0x43E2, 0x1B63, 0x0AA3,
  0x01E2, 0x0162, 0x0101, 0x00C1, 0x00A1, 0x0061, 0x0061, 0x08A3, 0x29E8, 0x29E8, 0x52EC, 0x4249, 0x39E8, 0x31A7, 0x3165, 0x2944,
  0x61C6, 0x7ACA, 0x83EF, 0xD1E1, 0xD1E1, 0xE262, 0xE343, 0xDB63, 0xDBA2, 0xE483, 0xED43, 0xED03, 0xE483, 0xF503, 0xF544, 0xECC3,
  0xE3E2, 0xDB41, 0xDB61, 0xD3A1, 0xBAE1, 0x9A00, 0xA240, 0xC321, 0xDC01, 0xDC62, 0xBBA1, 0x6A41, 0x3180, 0x29A1, 0x4241, 0x52A1,
  0x62E1, 0x6B01, 0x8341, 0x9BA1, 0xCCC1, 0xEDC1, 0xC4A1, 0x82C0, 0x6220, 0x6AC1, 0x9C41, 0xAD22, 0x7CA2, 0x3BE2, 0x1B43, 0x0A62,
  0x01C2, 0x0162, 0x0101, 0x00C1, 0x00A1, 0x0061, 0x0041, 0x08A3, 0x2A08, 0x2A08, 0x7C11, 0x52CB, 0x4229, 0x39C7, 0x3166, 0x3145,
  0x61A6, 0x82A9, 0x83AE, 0xC981, 0xC980, 0xDA01, 0xDB03, 0xDB63, 0xD362, 0xDC42, 0xE503, 0xE4E3, 0xE422, 0xEC63, 0xF4E3, 0xECA4,
  0xE403, 0xD362, 0xD361, 0xD381, 0xC2E1, 0xA200, 0xAA41, 0xC301, 0xD381, 0xD3C1, 0xBB61, 0x7261, 0x3181, 0x2181, 0x31E1, 0x4241,
  0x5AC1, 0x62E1, 0x7B21, 0x9361, 0xC481, 0xEDE2, 0xD522, 0x8B01, 0x6220, 0x6281, 0x83C1, 0x8461, 0x5C21, 0x33C2, 0x1322, 0x0222,
  0x01A2, 0x0162, 0x0101, 0x00C1, 0x00A1, 0x0061, 0x0041, 0x08A3, 0x2A09, 0x2A09, 0x6BAF, 0x6BAF, 0x4A6A, 0x39C7, 0x3186, 0x3165,
  0x6185, 0x8289, 0xD221, 0xC160, 0xC140, 0xD1A1, 0xDAA2, 0xD323, 0xCB02, 0xD3C1, 0xE4A2, 0xE4A2, 0xE3E2, 0xE3C2, 0xEC63, 0xEC83,
  0xDC03, 0xCB22, 0xCB01, 0xCB21, 0xC2A1, 0xAA01, 0xAA41, 0xBAE1, 0xBB01, 0xC341, 0xB342, 0x7AA2, 0x39E1, 0x29C1, 0x29C1, 0x3201,
  0x5281, 0x6B01, 0x7B21, 0x9341, 0xC461, 0xEE03, 0xE5C3, 0xABE1, 0x7AE1, 0x62C1, 0x6361, 0x5381, 0x3B81, 0x2382, 0x1302, 0x0222,
  0x0182, 0x0142, 0x0101, 0x00C1, 0x0081, 0x0061, 0x0061, 0x08C3, 0x2A29, 0x2A29, 0x5431, 0x5431, 0x5B2D, 0x3A08, 0x3166, 0x3186,
  0x6165, 0x8A68, 0x8B4C, 0x8451, 0xB940, 0xC981, 0xD262, 0xD2E2, 0xC2A1, 0xCB21, 0xDBE1, 0xDC22, 0xDB61, 0xDB21, 0xE3C2, 0xE423,
  0xD3A3, 0xC2C2, 0xBA61, 0xBA61, 0xBA21, 0xA9E1, 0xA201, 0xAA81, 0xA281, 0xA2C1, 0xA322, 0x82C2, 0x4A22, 0x3202, 0x29E2, 0x29C1,
  0x4241, 0x6302, 0x8362, 0x9B81, 0xC461, 0xEE03, 0xEE24, 0xC482, 0x9361, 0x6AE1, 0x5321, 0x3301, 0x2301, 0x1B41, 0x1302, 0x0202,
  0x0182, 0x0141, 0x0101, 0x00C1, 0x0081, 0x0061, 0x0061, 0x08C3, 0x2A29, 0x4B8F, 0x4BF0, 0x4B8F, 0x3B0D, 0x4A8A, 0x3186, 0x31A6,
  0x6964, 0x8A47, 0x930B, 0x8C10, 0xB960, 0xC9A1, 0xD221, 0xCA82, 0xC241, 0xBA81, 0xCB41, 0xD3A1, 0xD301, 0xD2A1, 0xDB21, 0xE3A2,
  0xD342, 0xB241, 0xB1C0, 0xB1C0, 0xA9A0, 0xA180, 0x99C1, 0x9201, 0x81E1, 0x8221, 0x8AA2, 0x7282, 0x5222, 0x3A22, 0x2A02, 0x21A1,
  0x39E1, 0x62E2, 0x8B82, 0xABC2, 0xCC61, 0xEE03, 0xEE65, 0xCCA3, 0x9341, 0x62E1, 0x42C1, 0x22A1, 0x1AC1, 0x1B41, 0x1B22, 0x0A02,
  0x0181, 0x0141, 0x0101, 0x00C1, 0x0081, 0x0061, 0x0061, 0x08C3, 0x2A29, 0x436F, 0x4BB0, 0x438F, 0x3B0D, 0x6BAF, 0x4249, 0x39E8,
  0x6944, 0x9227, 0x9AEA, 0x8BEE, 0xC1C1, 0xC9E1, 0xD262, 0xCA82, 0xBA21, 0xBA20, 0xC2C1, 0xCB21, 0xCAA1, 0xC220, 0xD281, 0xDB02,
  0xCAC2, 0xB1E1, 0xA960, 0xA140, 0xA140, 0xA160, 0x9980, 0x8980, 0x7160, 0x69A1, 0x71E1, 0x61E1, 0x49E2, 0x3A22, 0x3202, 0x21A1,
  0x29A1, 0x5A81, 0x8B62, 0xABC2, 0xCC41, 0xE583, 0xEE24, 0xC483, 0x8B21, 0x5AA1, 0x3241, 0x1A20, 0x1AA1, 0x2361, 0x2342, 0x0A22,
  0x0181, 0x0141, 0x0121, 0x00C1, 0x0081, 0x0041, 0x0061, 0x08C3, 0x2A29, 0x3B4E, 0x438F, 0x438F, 0x3B2E, 0x328B, 0x6B6E, 0x4A6A,
  0x7144, 0x9206, 0xA2E9, 0x93AD, 0xD241, 0xD282, 0xDAC2, 0xD2C2, 0xC241, 0xBA20, 0xC280, 0xCAE1, 0xCA81, 0xC220, 0xCA61, 0xD2A1,
  0xCAA1, 0xBA01, 0xA960, 0xA120, 0xA120, 0xA960, 0xA980, 0x9180, 0x7940, 0x6940, 0x6160, 0x5181, 0x4181, 0x39C2, 0x31E2, 0x29A2,
  0x2981, 0x4A21, 0x8322, 0xA382, 0xBBC1, 0xD4C2, 0xE5E4, 0xBC82, 0x8301, 0x5AA2, 0x2A01, 0x1200, 0x22C1, 0x2B81, 0x2341, 0x0A41,
  0x01A1, 0x0161, 0x0121, 0x00C1, 0x0081, 0x0041, 0x0061, 0x08E3, 0x2229, 0x3B2E, 0x43AF, 0x4BAF, 0x434E, 0x328B, 0x19A8, 0x632D,
  0x7943, 0x9A06, 0xAAC9, 0x9B8C, 0xDAC2, 0xDB23, 0xE364, 0xDB43, 0xCAC1, 0xC260, 0xC2C0, 0xCB00, 0xCAC0, 0xC260, 0xCAA0, 0xD2C1,
  0xD2C1, 0xC261, 0xB1E1, 0xA160, 0xA140, 0xB180, 0xB9A0, 0xA9A0, 0x9180, 0x8160, 0x7160, 0x5940, 0x4140, 0x3161, 0x29A1, 0x29A2,
  0x2181, 0x41E1, 0x7AC1, 0x9B21, 0xAB61, 0xC441, 0xE5A3, 0xC4C2, 0x8301, 0x5A82, 0x2A01, 0x11E0, 0x22C1, 0x3381, 0x2321, 0x0A41,
  0x01A1, 0x0161, 0x0121, 0x00C1, 0x0081, 0x0041, 0x0061, 0x08E3, 0x2209, 0x332D, 0x332D, 0x4BAF, 0x3B2E, 0x2A6B, 0x19A8, 0x1987,
  0x8144, 0xA206, 0xAAA8, 0xA36B, 0xE342, 0xEBC4, 0xEC05, 0xE3E4, 0xD342, 0xCAE1, 0xD321, 0xD381, 0xD360, 0xD320, 0xD321, 0xDB41,
  0xDB42, 0xD322, 0xC2A2, 0xB201, 0xA9A1, 0xB9C0, 0xCA00, 0xC1E0, 0xB1C0, 0xA1A0, 0x91A0, 0x7160, 0x5120, 0x3120, 0x2941, 0x2161,
  0x2161, 0x39A1, 0x6A81, 0x9321, 0xA361, 0xC422, 0xE5C3, 0xCD23, 0x8301, 0x4A41, 0x21C1, 0x11C0, 0x2AE1, 0x3381, 0x2301, 0x0A21,
  0x01A2, 0x0161, 0x0101, 0x00C1, 0x0081, 0x0041, 0x0061, 0x08C3, 0x2208, 0x330D, 0x330D, 0x4BAF, 0x3B0D, 0x2A4A, 0x19A8, 0x6BAF,
  0x8164, 0xA205, 0xB2A8, 0xAB4B, 0xEB62, 0xEC04, 0xF486, 0xEC85, 0xE3E2, 0xDB61, 0xDBA1, 0xDC01, 0xDBE1, 0xDBC1, 0xDBC1, 0xE3C1,
  0xE3C2, 0xDC03, 0xD383, 0xC2C2, 0xBA41, 0xC261, 0xD261, 0xD241, 0xCA00, 0xC200, 0xB1E0, 0x9180, 0x6920, 0x4100, 0x2900, 0x2121,
  0x2141, 0x3981, 0x6A61, 0x9B62, 0xB3E2, 0xCCA2, 0xEE24, 0xD583, 0x7B01, 0x39E0, 0x1980, 0x11A0, 0x2AC1, 0x3B81, 0x22E1, 0x0A01,
  0x0181, 0x0161, 0x0101, 0x00C1, 0x0081, 0x0061, 0x0061, 0x08C3, 0x21E8, 0x32ED, 0x32ED, 0x4BAF, 0x3AED, 0x222A, 0x19A7, 0x6BD0,
  0x8964, 0xAA05, 0xB287, 0xB34A, 0xF382, 0xF444, 0xF4C6, 0xF4C5, 0xEC63, 0xE3C1, 0xE401, 0xE441, 0xE441, 0xE441, 0xE441, 0xE421,
  0xE422, 0xE463, 0xE403, 0xD362, 0xD302, 0xD322, 0xDB22, 0xD2C1, 0xD261, 0xD261, 0xCA41, 0xB1C0, 0x8960, 0x5900, 0x30E0, 0x2100,
  0x2141, 0x39A1, 0x6A61, 0x9B62, 0xC462, 0xDD02, 0xEE43, 0xD5A3, 0x7B21, 0x31E0, 0x21E0, 0x19E0, 0x2261, 0x3301, 0x1AA1, 0x01C1,
  0x0181, 0x0141, 0x0101, 0x00C1, 0x00A1, 0x0061, 0x0061, 0x08A3, 0x19C8, 0x32EC, 0x32EC, 0x4BAF, 0x3AED, 0x2209, 0x19A7, 0x2209,
  0x8984, 0xB205, 0xBA67, 0xB32A, 0xF361, 0xF404, 0xF486, 0xF4C6, 0xECA3, 0xE401, 0xE401, 0xE441, 0xE461, 0xE441, 0xE441, 0xE401,
  0xE402, 0xE442, 0xE423, 0xE3A2, 0xE382, 0xE3E3, 0xE3E3, 0xDB62, 0xDAE1, 0xDAA1, 0xD261, 0xC200, 0xA9A0, 0x7940, 0x4900, 0x28E0,
  0x2941, 0x39A1, 0x5A41, 0x9341, 0xBC22, 0xD4C1, 0xEDE2, 0xDDE3, 0x93C1, 0x5280, 0x42A0, 0x3261, 0x2221, 0x2281, 0x1241, 0x01A1,
  0x0161, 0x0161, 0x0141, 0x00E1, 0x00A1, 0x0061, 0x0061, 0x08A3, 0x19C8, 0x32CC, 0x32CC, 0x4BD0, 0x3B0D, 0x2209, 0x19A8, 0x2A4A,
  0x8984, 0xB205, 0xBA66, 0xBB09, 0x9BAC, 0x8471, 0xF425, 0xF465, 0xEC64, 0xEBE1, 0xE3C1, 0xE401, 0xE401, 0xE401, 0xE3E1, 0xE381,
  0xE361, 0xE3C2, 0xE3E2, 0xE382, 0xEBA2, 0xEC43, 0xE464, 0xDBC3, 0xDB21, 0xDAC1, 0xDA81, 0xCA00, 0xB9E0, 0x9980, 0x6920, 0x3900,
  0x3962, 0x41A2, 0x5201, 0x7AC1, 0xABA1, 0xCC21, 0xED82, 0xEE23, 0xAC81, 0x7B60, 0x6381, 0x4B01, 0x2241, 0x1241, 0x0A21, 0x01A1,
  0x0161, 0x0181, 0x0142, 0x00E1, 0x00A1, 0x0061, 0x0061, 0x08A3, 0x19C8, 0x32CC, 0x32CC, 0x4BD0, 0x3B0D, 0x2229, 0x19C8, 0x32AB,
  0x8984, 0xBA05, 0xBA46, 0xBAE8, 0xA36B, 0x7C0F, 0xF384, 0xEBC4, 0xEC23, 0xE3A1, 0xDB61, 0xDB61, 0xDB81, 0xDB81, 0xDB41, 0xDAE1,
  0xDAC1, 0xDB01, 0xE362, 0xE341, 0xE362, 0xE444, 0xDC64, 0xD3A2, 0xD301, 0xD2C1, 0xD261, 0xC200, 0xC1E0, 0xB1E0, 0x8160, 0x4921,
  0x4182, 0x41C2, 0x49C1, 0x7281, 0xA341, 0xC400, 0xED61, 0xF643, 0xC502, 0x93E0, 0x6380, 0x42E1, 0x2A81, 0x1AA1, 0x1261, 0x01E1,
  0x0181, 0x0181, 0x0161, 0x00E1, 0x00A1, 0x0061, 0x0061, 0x08A3, 0x19C8, 0x32CC, 0x43AF, 0x4BD0, 0x3B0D, 0x2209, 0x21C8, 0x3ACC,
  0x8184, 0xBA05, 0xBA26, 0xBAC8, 0xA34A, 0x7BCE, 0xEAE3, 0xEB23, 0xEBC3, 0xE362, 0xDAE1, 0xD2E1, 0xD301, 0xD2E1, 0xD2A0, 0xD240,
  0xD220, 0xDA41, 0xDAC1, 0xDAC1, 0xDB01, 0xD3C3, 0xCBC3, 0xC302, 0xC2A1, 0xC281, 0xC241, 0xB9E0, 0xB9E0, 0xBA00, 0x8980, 0x5141,
  0x49C2, 0x51E2, 0x5A01, 0x7AC1, 0xA381, 0xCC40, 0xED61, 0xF622, 0xCD21, 0x8BC0, 0x5300, 0x3AA1, 0x3B21, 0x2B21, 0x1AC1, 0x0A21,
  0x01A1, 0x0181, 0x0141, 0x00E1, 0x00A1, 0x0061, 0x0061, 0x08A3, 0x19C8, 0x32CC, 0x438F, 0x43B0, 0x32ED, 0x2209, 0x21E8, 0x21E8,
  0x7964, 0xBA05, 0xBA26, 0xBA87, 0xAB09, 0x7B8D, 0xE262, 0xE2A2, 0xEB63, 0xE302, 0xDA60, 0xD261, 0xCA81, 0xCA40, 0xCA00, 0xD1E0,
  0xD1A0, 0xD1C0, 0xD241, 0xD261, 0xCA81, 0xB302, 0xA2E2, 0xA241, 0xAA41, 0xB221, 0xAA01, 0xA9C1, 0xA9C0, 0xB1E1, 0x81A1, 0x5961,
  0x5A03, 0x5A42, 0x6A81, 0x9321, 0xB3E1, 0xD481, 0xED21, 0xF5C2, 0xCCE1, 0x8360, 0x4AE0, 0x4321, 0x4BC2, 0x3362, 0x1AE1, 0x1261,
  0x01E1, 0x01A1, 0x0141, 0x00C1, 0x0081, 0x0061, 0x0061, 0x08A3, 0x19C8, 0x32CC, 0x436F, 0x438F, 0x32CC, 0x2209, 0x2A29, 0x2A29,
  0x7164, 0xB205, 0xBA26, 0xBA67, 0xAAE9, 0x834C, 0x6C31, 0xE242, 0xE303, 0xE2A2, 0xD200, 0xCA00, 0xCA21, 0xC1E0, 0xC9A0, 0xD1E0,
  0xD1A0, 0xD180, 0xC9C0, 0xC9E0, 0xB201, 0x9221, 0x79E1, 0x79A1, 0x91E1, 0x99E1, 0x91A1, 0x9160, 0x9180, 0x99C1, 0x7981, 0x61A2,
  0x6223, 0x6A62, 0x7AE2, 0x9B82, 0xB401, 0xD481, 0xECE1, 0xED61, 0xC481, 0x7B20, 0x5320, 0x53C1, 0x4BE1, 0x2B61, 0x1B01, 0x12A1,
  0x0A01, 0x01A1, 0x0141, 0x00C1, 0x0081, 0x0061, 0x0061, 0x08C3, 0x19C8, 0x32EC, 0x3B6E, 0x3B6F, 0x2AAC, 0x2209, 0x326B, 0x326B,
  0x6944, 0xA9E5, 0xBA06, 0xBA47, 0xB2C8, 0x832B, 0x6BEF, 0xE222, 0xE2E3, 0xE282, 0xD9C0, 0xD1C0, 0xC1E1, 0xC1A1, 0xC1A0, 0xD220,
  0xD200, 0xC980, 0xC980, 0xC1A0, 0xA1A0, 0x7981, 0x6141, 0x6120, 0x7981, 0x89A1, 0x8181, 0x7940, 0x8141, 0x89A1, 0x79A2, 0x61A2,
  0x5A02, 0x5A22, 0x72C1, 0x9362, 0xABC1, 0xD481, 0xECE1, 0xED21, 0xC461, 0x7AE0, 0x5300, 0x53C1, 0x3BA1, 0x1B21, 0x12E1, 0x12A1,
  0x0A42, 0x01C1, 0x0141, 0x00C1, 0x0081, 0x0061, 0x0081, 0x10E3, 0x21E8, 0x32ED, 0x3B4E, 0x3B4E, 0x2AAC, 0x2209, 0x328B, 0x328B,
  0x6143, 0xA1E5, 0xBA06, 0xBA46, 0xB2A8, 0x8B0A, 0x6BAE, 0xDA22, 0xEAE3, 0xE261, 0xD9C0, 0xD1C0, 0xC9C1, 0xC180, 0xC9E0, 0xDAA0,
  0xDA60, 0xD1A0, 0xC180, 0xB9A0, 0x99A1, 0x7161, 0x5121, 0x5100, 0x6140, 0x7160, 0x7961, 0x7120, 0x7121, 0x89C2, 0x79A2, 0x6161,
  0x4981, 0x41A1, 0x6241, 0x8321, 0xABC1, 0xDD02, 0xF542, 0xED21, 0xCC81, 0x8300, 0x5AE0, 0x53C1, 0x3381, 0x1301, 0x0AE1, 0x12C1,
  0x0A82, 0x09E2, 0x0141, 0x00C1, 0x0081, 0x0061, 0x0081, 0x08E3, 0x19E8, 0x32ED, 0x3B6F, 0x3B4E, 0x2A8B, 0x2209, 0x32AB, 0x32AB,
  0x5923, 0x91C5, 0xBA06, 0xC226, 0xBA88, 0x9AE9, 0x738D, 0xDA22, 0xEAE3, 0xEA81, 0xE1E0, 0xD9C0, 0xC9A0, 0xC180, 0xD220, 0xE301,
  0xE2C1, 0xD1E0, 0xC9A0, 0xB9A0, 0xA1C1, 0x7981, 0x6181, 0x5121, 0x5100, 0x6140, 0x7141, 0x7120, 0x7121, 0x81A2, 0x79A1, 0x6141,
  0x4141, 0x3141, 0x4A01, 0x8301, 0xB401, 0xE583, 0xF5C3, 0xF561, 0xDCE1, 0x9340, 0x6301, 0x5BC1, 0x3361, 0x12C1, 0x0AA1, 0x12C1,
  0x12C2, 0x0A02, 0x0141, 0x00C1, 0x0081, 0x0061, 0x0061, 0x08A3, 0x19C8, 0x330D, 0x3B6E, 0x3B2E, 0x2A6B, 0x2209, 0x42EC, 0x42EC,
  0x5123, 0x89A5, 0xB205, 0xBA26, 0xBA87, 0xA2E9, 0x7B6C, 0x6C51, 0xEAE2, 0xEA81, 0xE1E0, 0xE1E0, 0xD1A0, 0xC9A0, 0xD260, 0xE361,
  0xE300, 0xDA20, 0xD1E0, 0xB9C0, 0xA1C1, 0x81E2, 0x7A22, 0x61A1, 0x5100, 0x5900, 0x7140, 0x7920, 0x7900, 0x8161, 0x7961, 0x6941,
  0x4941, 0x3141, 0x49E1, 0x8341, 0xB441, 0xE5A3, 0xF604, 0xF562, 0xE501, 0xAC01, 0x8BC1, 0x6BE2, 0x2B21, 0x0A81, 0x0AA1, 0x12E1,
  0x12A2, 0x09E1, 0x0121, 0x00C1, 0x0081, 0x0061, 0x0061, 0x00A2, 0x19A7, 0x330D, 0x334E, 0x3B2D, 0x2A4A, 0x2A09, 0x4B2D, 0x4B2D,
  0x4903, 0x79A5, 0xA9E5, 0xBA26, 0xC267, 0xB2C9, 0x8B6B, 0x7430, 0xEAA2, 0xEA61, 0xEA00, 0xE200, 0xD9C0, 0xD9C0, 0xDA80, 0xEB41,
  0xEB00, 0xE240, 0xDA41, 0xC1E0, 0xA1C1, 0x9222, 0x92C3, 0x7A22, 0x5121, 0x5900, 0x8181, 0x9180, 0x8920, 0x8120, 0x7941, 0x7961,
  0x5961, 0x3961, 0x4A00, 0x8B41, 0xB441, 0xDD83, 0xF5E4, 0xECE2, 0xE502, 0xCCA2, 0xA462, 0x6BE1, 0x22E1, 0x0A61, 0x12A1, 0x1AC1,
  0x1281, 0x09C1, 0x0121, 0x00C1, 0x0081, 0x0061, 0x0061, 0x0082, 0x1987, 0x2AEC, 0x332E, 0x330D, 0x2A6B, 0x2A29, 0x4B4D, 0x4B4D,
  0x4903, 0x7184, 0x99E5, 0xBA26, 0xC267, 0xBAC8, 0xC941, 0x73EF, 0xEA42, 0xEA41, 0xEA00, 0xEA20, 0xE1E0, 0xE1E0, 0xE260, 0xEB00,
  0xEAC0, 0xE260, 0xE261, 0xC200, 0xA1C1, 0x9A42, 0xAB23, 0x8A82, 0x6141, 0x6941, 0x99E1, 0xB201, 0xA180, 0x8920, 0x7921, 0x7961,
  0x69A1, 0x49C1, 0x5221, 0x8340, 0xB421, 0xDD63, 0xEDA4, 0xDC82, 0xDCC2, 0xC482, 0x9C41, 0x63C1, 0x22C1, 0x0A60, 0x12A1, 0x22E1,
  0x1AA1, 0x09E1, 0x0121, 0x00C1, 0x00A1, 0x0061, 0x0061, 0x0082, 0x1186, 0x2ACC, 0x332D, 0x332D, 0x32AB, 0x326A, 0x536E, 0x536E,
  0x4903, 0x6164, 0x91C5, 0xBA06, 0xCA67, 0xC2C8, 0xC100, 0x7BCE, 0xE1E1, 0xEA01, 0xEA20, 0xEA40, 0xEA20, 0xEA00, 0xEA60, 0xEAA0,
  0xE280, 0xE261, 0xE281, 0xC200, 0x99A1, 0x9222, 0xAB24, 0x92A3, 0x6961, 0x79A2, 0xB282, 0xCA81, 0xB9E1, 0xA160, 0x8121, 0x7161,
  0x71C2, 0x51E1, 0x5241, 0x8340, 0xB441, 0xE584, 0xEDC5, 0xDC82, 0xD4A2, 0xBC21, 0x8BC1, 0x63A1, 0x2AE1, 0x0A40, 0x1281, 0x22E1,
  0x22A1, 0x11C1, 0x0101, 0x00C1, 0x00A1, 0x0061, 0x0061, 0x0082, 0x1166, 0x2AAB, 0x32ED, 0x330D, 0x32CC, 0x3AAB, 0x3AAB, 0x6410,
  0x5123, 0x6164, 0x81A5, 0xB206, 0xCA47, 0xCAA8, 0xAB2A, 0x838D, 0xE1C1, 0xEA00, 0x6515, 0x5D14, 0xEA40, 0xEA20, 0xEA40, 0xE240,
  0xDA20, 0xE261, 0xDA81, 0xBA01, 0x9180, 0x8A02, 0xAB04, 0x92A3, 0x71A2, 0x8A02, 0xBAC3, 0xD2A2, 0xCA41, 0xB1C1, 0x8941, 0x6941,
  0x61A2, 0x49E1, 0x5240, 0x8360, 0xC4A1, 0xEDE5, 0xF627, 0xE503, 0xDD02, 0xBC61, 0x93E1, 0x6BA1, 0x2AE1, 0x0A40, 0x1240, 0x22A1,
  0x2261, 0x09A1, 0x0101, 0x00C1, 0x00A1, 0x0081, 0x0061, 0x0062, 0x1145, 0x2A8B, 0x2ACC, 0x32EC, 0x32CC, 0x3AEC, 0x3AEC, 0x5BD0,
  0x5923, 0x5963, 0x7985, 0xA9E6, 0xC246, 0xCAA7, 0xB309, 0x836C, 0xE1C0, 0xEA00, 0x4CD3, 0x44D3, 0x4CD4, 0x5D35, 0xEA00, 0xDA00,
  0xD200, 0xD261, 0xCA61, 0xA1E1, 0x8161, 0x81C2, 0x9AE4, 0x8A83, 0x69A2, 0x9243, 0xB2A2, 0xBA62, 0xBA21, 0xB201, 0x8961, 0x5921,
  0x4961, 0x3981, 0x4A20, 0x8B80, 0xC4C1, 0xEE25, 0xF687, 0xED83, 0xED62, 0xD542, 0xB481, 0x73C1, 0x32C1, 0x0A20, 0x0A20, 0x1A61,
  0x1A61, 0x11A1, 0x0901, 0x00C1, 0x0081, 0x0061, 0x0041, 0x0062, 0x1125, 0x2A6A, 0x2ACC, 0x32CC, 0x32AC, 0x430D, 0x430D, 0x53AF,
  0x5943, 0x5963, 0x6984, 0x99E6, 0xC246, 0xD287, 0xBAE8, 0x8B4B, 0x63CE, 0x4C72, 0x3C92, 0x3492, 0x3492, 0x3CD4, 0x5535, 0xD1C0,
  0xC1C1, 0xC242, 0xB242, 0x89A1, 0x6941, 0x7182, 0x8A63, 0x7A23, 0x6182, 0x79E2, 0x9222, 0x89C1, 0x91A1, 0x99C1, 0x7961, 0x4921,
  0x3121, 0x2140, 0x4200, 0x8360, 0xC4C1, 0xE5C4, 0xF666, 0xED43, 0xE542, 0xE5A2, 0xC4E2, 0x7BC1, 0x32C1, 0x0A41, 0x0A21, 0x1261,
  0x2261, 0x11C1, 0x0101, 0x00C1, 0x00A1, 0x0061, 0x0041, 0x0062, 0x1125, 0x2A6A, 0x2AAC, 0x2AAB, 0x32AB, 0x430D, 0x430D, 0x4B6E,
  0x6143, 0x6163, 0x6164, 0x91C5, 0xBA26, 0xD287, 0xC2E8, 0x932A, 0x63AD, 0x4410, 0x2C51, 0x2C72, 0x2C72, 0x2C92, 0x34D4, 0x5555,
  0xA981, 0xAA02, 0x99E2, 0x7161, 0x5901, 0x5941, 0x71E3, 0x61A2, 0x5121, 0x6161, 0x6961, 0x6121, 0x6941, 0x7981, 0x6161, 0x3921,
  0x2920, 0x2140, 0x39C0, 0x7B20, 0xB461, 0xDD62, 0xEDE4, 0xD4C2, 0xCC61, 0xDD62, 0xC4E2, 0x83C1, 0x32A1, 0x1241, 0x0A41, 0x1261,
  0x1A21, 0x0981, 0x0100, 0x00C1, 0x00A1, 0x0061, 0x0041, 0x0062, 0x0905, 0x224A, 0x2AAC, 0x2A8B, 0x328B, 0x430D, 0x430D, 0x432D,
  0x6963, 0x6163, 0x6164, 0x81A5, 0xB226, 0xD287, 0xCAE8, 0x9B2A, 0x636C, 0x3BCF, 0x2410, 0x2471, 0x2492, 0x1C72, 0x2492, 0x34F4,
  0x5D76, 0x89A1, 0x81A2, 0x6141, 0x48E1, 0x4901, 0x5141, 0x5121, 0x48C1, 0x4901, 0x5101, 0x48E0, 0x4900, 0x5961, 0x5981, 0x4181,
  0x3160, 0x2960, 0x39C0, 0x6AC0, 0xA3E0, 0xD501, 0xE5C3, 0xC441, 0xA360, 0xC4C1, 0xCD02, 0x9401, 0x3AA1, 0x1201, 0x0A41, 0x1261,
  0x1201, 0x0961, 0x0101, 0x00C1, 0x00A1, 0x0061, 0x0041, 0x0062, 0x0904, 0x224A, 0x2ACC, 0x2A8B, 0x328B, 0x4B2D, 0x4B2D, 0x434D,
  0x6963, 0x6983, 0x5964, 0x79A5, 0xAA06, 0xD287, 0xD2E8, 0xAB29, 0x632B, 0x338E, 0x1BCF, 0x2451, 0x2492, 0x1C72, 0x1C71, 0x2492,
  0x4514, 0x6941, 0x6961, 0x5121, 0x40E1, 0x40E1, 0x48E1, 0x48E0, 0x48C0, 0x50E0, 0x48E0, 0x40E0, 0x3901, 0x4961, 0x51C1, 0x51E1,
  0x49C1, 0x41C1, 0x41E0, 0x6280, 0xA3A0, 0xD542, 0xEE03, 0xBC62, 0x9B61, 0xC4A1, 0xDD81, 0xA461, 0x3A81, 0x09C0, 0x0A01, 0x1281,
  0x1201, 0x0941, 0x0101, 0x00E1, 0x00A1, 0x0061, 0x0041, 0x0061, 0x08E4, 0x222A, 0x2ACC, 0x2A8B, 0x328B, 0x4B4D, 0x4B4D, 0x4B8E,
  0x7163, 0x7183, 0x5964, 0x6984, 0xA1E6, 0xCA67, 0xD2E8, 0xB309, 0x6B0A, 0x332C, 0x1B8E, 0x1C31, 0x2CB2, 0x1C71, 0x1C51, 0x1C71,
  0x34D3, 0x5D55, 0x5921, 0x5101, 0x40E1, 0x48E1, 0x5100, 0x5900, 0x6920, 0x6940, 0x6120, 0x4901, 0x3901, 0x4161, 0x5A22, 0x6A62,
  0x6261, 0x5A41, 0x5221, 0x6AA0, 0xABE1, 0xDD82, 0xEE64, 0xCD02, 0xABE1, 0xC4E1, 0xDDA1, 0xA461, 0x3A41, 0x0980, 0x0A01, 0x1AA1,
  0x1A41, 0x0961, 0x0121, 0x0101, 0x00C1, 0x0061, 0x0041, 0x0041, 0x08E4, 0x2229, 0x2ACC, 0x2AAC, 0x328B, 0x4B4E, 0x4B4E, 0x5B4C,
  0x6963, 0x79A4, 0x5964, 0x6164, 0x91C5, 0xC267, 0xD2E8, 0xBB09, 0x72EA, 0x330B, 0x134D, 0x1C10, 0x2C91, 0x2471, 0x1C50, 0x2470,
  0x2CB1, 0x4D14, 0x5101, 0x5101, 0x5101, 0x6141, 0x7180, 0x81A0, 0x9200, 0x9A01, 0x7961, 0x5901, 0x3900, 0x3961, 0x5A42, 0x7AC2,
  0x82C2, 0x72A2, 0x6261, 0x7AE0, 0xB401, 0xE582, 0xF685, 0xDD63, 0xBC62, 0xC4A1, 0xC501, 0x9C42, 0x3A41, 0x09A0, 0x0A01, 0x22C2,
  0x2281, 0x0981, 0x0141, 0x0942, 0x00E1, 0x0081, 0x0041, 0x0041, 0x08C4, 0x2209, 0x2ACC, 0x2AAC, 0x32AC, 0x4B6E, 0x4AEA, 0x3226,
  0x6963, 0x79A4, 0x6164, 0x5964, 0x89A5, 0xBA46, 0xD2C8, 0xBAE8, 0x7AC9, 0x32CA, 0x130C, 0x13CF, 0x2451, 0x2C50, 0x2C6F, 0x3CB0,
  0x3CB1, 0x4D13, 0x5101, 0x6141, 0x69A1, 0x8201, 0x9A60, 0xAA80, 0xC2E0, 0xC2C1, 0x99A1, 0x6920, 0x3900, 0x3181, 0x5262, 0x72C2,
  0x8302, 0x72C2, 0x6281, 0x7B01, 0xABC1, 0xD502, 0xEE45, 0xDD63, 0xBC41, 0xB421, 0xB462, 0xA463, 0x4AC1, 0x1A00, 0x1241, 0x22E1,
  0x22A1, 0x09A1, 0x0161, 0x0962, 0x00E1, 0x0081, 0x0041, 0x0041, 0x08C3, 0x2209, 0x2ACD, 0x2AAC, 0x63AC, 0x4288, 0x3225, 0x2A05,
  0x6143, 0x79C4, 0x6184, 0x5964, 0x79A5, 0xB226, 0xD2A7, 0xC2C8, 0x82A9, 0x32AA, 0x12CB, 0x136D, 0x240F, 0x2C2F, 0x446F, 0x5D0F,
  0x5511, 0x5533, 0x6161, 0x7A01, 0x8A81, 0xAB01, 0xC320, 0xD340, 0xE3A0, 0xDB21, 0xB1C0, 0x7920, 0x4140, 0x31C1, 0x4262, 0x52A2,
  0x62C2, 0x5AA1, 0x5281, 0x7301, 0x9341, 0xBC82, 0xEE24, 0xDD43, 0xBC01, 0xAC01, 0xBCA2, 0xB4E3, 0x6322, 0x2241, 0x1261, 0x1AC1,
  0x1AA1, 0x11C1, 0x0961, 0x0962, 0x00E1, 0x0081, 0x0041, 0x0041, 0x00A3, 0x19E9, 0x2ACD, 0x532A, 0x3246, 0x3204, 0x31E4, 0x29A3,
  0x6143, 0x79C4, 0x6984, 0x5944, 0x7184, 0xA206, 0xCA87, 0xC2A7, 0x8A88, 0x3A69, 0x12AB, 0x132C, 0x23CE, 0x33EE, 0x548E, 0x48A0,
  0x40C0, 0x6D94, 0x7A01, 0xA2E2, 0xB3A2, 0xCBE1, 0xDBA0, 0xE3A0, 0xEBE0, 0xE320, 0xB9A0, 0x8940, 0x5181, 0x3A01, 0x3A61, 0x3A81,
  0x4281, 0x4261, 0x4AA1, 0x62E1, 0x72E0, 0xAC22, 0xE604, 0xD523, 0xB3C1, 0xB441, 0xD542, 0xCD63, 0x7382, 0x2A60, 0x1241, 0x1281,
  0x1AA2, 0x11E2, 0x0941, 0x0942, 0x0101, 0x0081, 0x0041, 0x0041, 0x0083, 0x19C8, 0x4B08, 0x3205, 0x29A3, 0x3183, 0x4162, 0x5141,
  0x5922, 0x79A4, 0x6984, 0x5143, 0x6984, 0x99E5, 0xC266, 0xC287, 0x9268, 0x4A69, 0x128A, 0x12EB, 0x238D, 0x33AD, 0x58A0, 0x50C0,
  0x5920, 0x71A0, 0x9AA1, 0xC3C2, 0xD4A3, 0xDC82, 0xE3A0, 0xEB80, 0xF3E0, 0xEB00, 0xC1A0, 0x9980, 0x61E1, 0x4281, 0x3281, 0x2A81,
  0x2A61, 0x3A81, 0x4B01, 0x5301, 0x5AA0, 0x9C01, 0xE604, 0xD503, 0xA361, 0xB421, 0xDD62, 0xD583, 0x8402, 0x2A81, 0x1220, 0x1261,
  0x1A82, 0x11E2, 0x0921, 0x0941, 0x0901, 0x00A1, 0x0061, 0x0041, 0x8C4B, 0x5B27, 0x3A44, 0x31A3, 0x4161, 0x6161, 0x8181, 0x9981,
  0x5102, 0x7183, 0x6984, 0x5943, 0x6164, 0x89E5, 0xB226, 0xBA47, 0x9A67, 0x5248, 0x1A69, 0x12AA, 0x234C, 0x3B8C, 0x58C0, 0xBE50,
  0x79A0, 0x9A41, 0xBB41, 0xDC42, 0xE523, 0xE4A2, 0xE360, 0xE320, 0xF360, 0xEAA0, 0xC9E0, 0xAA21, 0x7A81, 0x5B02, 0x32E1, 0x22A1,
  0x2281, 0x3B02, 0x4B62, 0x4B41, 0x52E0, 0x9401, 0xDDC4, 0xCCC3, 0x9300, 0x9B80, 0xCCE1, 0xD563, 0x8C43, 0x32A1, 0x1A60, 0x1A81,
  0x1A61, 0x09A1, 0x0121, 0x0941, 0x0922, 0x00A1, 0x0041, 0x844A, 0x8365, 0x62A3, 0x49E2, 0x5981, 0x8180, 0xA9C0, 0xB1A0, 0x9920,
  0x4902, 0x6983, 0x7184, 0x5943, 0x6164, 0x81C5, 0xAA05, 0xB226, 0x9A47, 0x6248, 0x2249, 0x128A, 0x232C, 0x3B6C, 0x68E0, 0xCE90,
  0xA240, 0xBAE1, 0xDBA1, 0xE462, 0xED03, 0xEC62, 0xE300, 0xE2A0, 0xEAE0, 0xE260, 0xD220, 0xBAA1, 0x9322, 0x6B83, 0x3B42, 0x2B02,
  0x2AE2, 0x4363, 0x53A3, 0x4B82, 0x5B41, 0x9421, 0xD5C4, 0xC482, 0x82E0, 0x7B00, 0xA401, 0xC4E2, 0x8C22, 0x32A1, 0x2261, 0x2AC1,
  0x2241, 0x0961, 0x0101, 0x0941, 0x0921, 0x6D52, 0x544B, 0x5B66, 0x7AE3, 0x8262, 0x81C1, 0x99A0, 0xB1C0, 0xB180, 0x8900, 0x50A0,
  0x4102, 0x6963, 0x7184, 0x6163, 0x6184, 0x79C5, 0x99E5, 0xAA06, 0x9A27, 0x6A48, 0x3248, 0x1A89, 0x230C, 0x3B4B, 0x7C6C, 0xCE6F,
  0xC2E0, 0xDB61, 0xE3A1, 0xEC22, 0xECA3, 0xEBE2, 0xDA80, 0xDA20, 0xE240, 0xE240, 0xD281, 0xBB21, 0x8B62, 0x63A3, 0x3B62, 0x2B22,
  0x2B02, 0x4383, 0x4BA3, 0x4BA2, 0x63E2, 0x9C62, 0xDDC4, 0xC4A3, 0x8B21, 0x7301, 0x8340, 0xAC21, 0x8BE1, 0x3A80, 0x2240, 0x32C1,
  0x2A41, 0x0941, 0x00E0, 0x0901, 0x0901, 0x00A1, 0x4C29, 0x42C4, 0x6A42, 0xA201, 0xB9C0, 0xB980, 0xA160, 0x78E0, 0x40A0, 0x30C0,
  0x38E2, 0x6163, 0x7183, 0x6163, 0x6184, 0x79C5, 0x89C5, 0xA1E5, 0x9A26, 0x7247, 0x4248, 0x2269, 0x22EB, 0x332B, 0x742B, 0xCE4F,
  0xDB40, 0xEBC1, 0xEB81, 0xEB81, 0xEBE2, 0xEB61, 0xDA20, 0xD1C0, 0xD9E0, 0xDA20, 0xC281, 0x9B01, 0x7342, 0x4B82, 0x2B42, 0x2323,
  0x22E2, 0x3323, 0x3B63, 0x43A3, 0x6C23, 0xA4C2, 0xDDE4, 0xCCC3, 0x9361, 0x6AE1, 0x62C0, 0x9BC1, 0x9401, 0x42A0, 0x2220, 0x32A1,
  0x3261, 0x1121, 0x00C0, 0x00E1, 0x7593, 0x00A1, 0x53E8, 0x3A83, 0x7201, 0xBA20, 0xC1A0, 0xA120, 0x68E0, 0x38C0, 0x3100, 0x41A1,
  0x38E2, 0x5943, 0x7183, 0x6984, 0x69A4, 0x79C5, 0x81C5, 0x91C5, 0x9A06, 0x7A27, 0x4A48, 0x2A89, 0x22CB, 0x32EA, 0x63CA, 0xC5EE,
  0xE380, 0xF3E1, 0xEB21, 0xE2E1, 0xE321, 0xEAE0, 0xD1E0, 0xC980, 0xC9C0, 0xCA40, 0xA281, 0x72A1, 0x4AE2, 0x3322, 0x1B22, 0x12E2,
  0x12C2, 0x1AE3, 0x2303, 0x2B43, 0x6403, 0xA4A3, 0xDDC4, 0xD503, 0x9B61, 0x6AC1, 0x5AA0, 0x9BE1, 0xACA2, 0x5B21, 0x2200, 0x3261,
  0x3261, 0x0921, 0x00A0, 0x00C1, 0x5510, 0x548B, 0x4B66, 0x4A42, 0x8A61, 0xC281, 0xB9C0, 0x8140, 0x48E0, 0x3120, 0x41C0, 0x5221,
  0x38E2, 0x5143, 0x6983, 0x71A4, 0x71C4, 0x79E5, 0x79A4, 0x89C5, 0x91E5, 0x8227, 0x5A68, 0x3AA9, 0x2ACB, 0x2ACA, 0x5B6A, 0xB54D,
  0xEB81, 0xEBE1, 0x8E58, 0xD240, 0xDA80, 0xE280, 0xC9C0, 0xB960, 0xC1E0, 0xC2A1, 0x8281, 0x4241, 0x2AA2, 0x1B03, 0x1303, 0x0AC2,
  0x0AA2, 0x12A2, 0x1AC2, 0x2303, 0x7639, 0x8C22, 0xD5C4, 0xDD43, 0xABA1, 0x7AE0, 0x72E0, 0xAC21, 0xBD02, 0x7381, 0x2A41, 0x2221,
  0x2201, 0x0920, 0x00A0, 0x6592, 0x4CCD, 0x4C28, 0x5344, 0x72C1, 0xAAE1, 0xC2A1, 0xAA21, 0x79A0, 0x49A0, 0x41E0, 0x4220, 0x39E0,
  0x38E2, 0x5123, 0x6983, 0x71A4, 0x71C4, 0x79E5, 0x71A4, 0x79A4, 0x89C5, 0x8206, 0x6A68, 0x4ACA, 0x3AEB, 0x32CA, 0x5309, 0xA4CC,
  0xE361, 0xEBA1, 0x8658, 0xC1E0, 0xD240, 0xE260, 0xC1C0, 0xB180, 0xBA40, 0xB321, 0x72C1, 0x3262, 0x1AA2, 0x1303, 0x0B03, 0x0AC3,
  0x0AA2, 0x5619, 0x4DF8, 0x45D8, 0x5E19, 0x7BC2, 0xD583, 0xE583, 0xBC21, 0x9341, 0x8B61, 0xB441, 0xC501, 0x83C1, 0x3A81, 0x2221,
  0x11C1, 0x0120, 0x8613, 0x00C1, 0x6CEA, 0x7425, 0x8BA2, 0xB361, 0xC2E1, 0xA200, 0x81C0, 0x6A01, 0x5220, 0x3A00, 0x31C0, 0x2160,
  0x38E2, 0x4923, 0x6163, 0x79C4, 0x79E4, 0x79E4, 0x69A4, 0x71A4, 0x81C5, 0x81E6, 0xBAC3, 0xD2E2, 0x4B0B, 0x3ACA, 0x4AC9, 0x942B,
  0xE341, 0xE341, 0xC220, 0xA9A0, 0xCA60, 0xDAA0, 0xB9E0, 0xA1E0, 0xB2C1, 0xA381, 0x6342, 0x2AC2, 0x1AE3, 0x1303, 0x0B03, 0x4DF9,
  0x35B8, 0x2D97, 0x2D97, 0x2D97, 0x5619, 0x7BA2, 0xCD43, 0xD522, 0xABE1, 0x8321, 0x8B61, 0xB461, 0xCD01, 0x9421, 0x42A1, 0x2261,
  0x1A01, 0x0941, 0x95CF, 0x9D8A, 0x9D06, 0xAC62, 0xC3C1, 0xD340, 0xC2A0, 0x81A0, 0x5160, 0x4A01, 0x3A21, 0x29C0, 0x1940, 0x08C0,
  0x38E2, 0x4923, 0x6163, 0x79C4, 0x81E4, 0x79E4, 0x6184, 0x69C4, 0x79C5, 0x81E5, 0x8267, 0xBAA2, 0xDAC1, 0x42CA, 0x52A9, 0x838A,
  0xE341, 0xDB21, 0x75F6, 0x99A0, 0xC2C1, 0xCB00, 0xAA20, 0x9A61, 0x9B41, 0x8BC2, 0x5B83, 0x2B23, 0x4DD8, 0x3DD8, 0x35D8, 0x2DB7,
  0x1D77, 0x1D77, 0x2577, 0x2D97, 0x5E19, 0x8381, 0xC4E2, 0xAC01, 0x72A1, 0x5A40, 0x7301, 0x9C21, 0xC501, 0xA481, 0x4B01, 0x2AA1,
  0x2261, 0x11A1, 0xA56A, 0xB566, 0xCD23, 0xD421, 0xCB00, 0xD2E0, 0xB280, 0x69A0, 0x2981, 0x21E1, 0x2201, 0x19C1, 0x0921, 0x0080,
  0x40E2, 0x4923, 0x5943, 0x71C4, 0x8204, 0x79E4, 0x6184, 0x61C5, 0x71C5, 0x81C5, 0x8A47, 0xA242, 0xCAC1, 0xE361, 0x5AA8, 0x7B29,
  0x840C, 0x6CB0, 0x6595, 0x89C0, 0xB321, 0xBB61, 0x9260, 0x8AC1, 0x8361, 0x5E19, 0x45B8, 0x3556, 0x2536, 0x1D77, 0x1D97, 0x1D97,
  0x1D77, 0x1D77, 0x2577, 0x2D97, 0x5E39, 0x8B61, 0xBC81, 0x9341, 0x41C0, 0x31C0, 0x4AA0, 0x7B81, 0xAC81, 0xACA1, 0x5300, 0x75F3,
  0x6590, 0x74EB, 0x9CC6, 0xCD23, 0xE521, 0xE3E0, 0xCAA0, 0xB240, 0x81C0, 0x3960, 0x1181, 0x09C1, 0x09C1, 0x0961, 0x00C0, 0x0040,
  0x40C2, 0x4903, 0x5143, 0x71C4, 0x8204, 0x71C4, 0x5984, 0x61C4, 0x71C5, 0x81E5, 0x9246, 0x8A01, 0xB2A1, 0x6AC9, 0x6AA8, 0x7B08,
  0x736A, 0x540E, 0x5513, 0x7A01, 0xA362, 0xABC2, 0x6639, 0x5E19, 0x4DF8, 0x35B7, 0x2556, 0x14F5, 0x0CD5, 0x0D36, 0x1577, 0x1D77,
  0x1D56, 0x1D36, 0x2556, 0x2D76, 0x6639, 0x9361, 0xBC61, 0x8B21, 0x31A0, 0x19A0, 0x2A40, 0x4AC0, 0x6E98, 0xACA1, 0x4DD2, 0x456E,
  0x5D2B, 0x7466, 0xAC03, 0xDC61, 0xF480, 0xEBA0, 0xC280, 0x8180, 0x3920, 0x1120, 0x0161, 0x01A1, 0x01A1, 0x0121, 0x0060, 0x0020,
  0x40C2, 0x4902, 0x5143, 0x69A4, 0x7A04, 0x71C4, 0x5984, 0x6101, 0x71E5, 0x89E5, 0x9A46, 0x9AA7, 0x8AC9, 0x7AC9, 0x82E8, 0x8308,
  0x6309, 0x43AC, 0x44B1, 0x5D95, 0x8B42, 0x6617, 0x4DF7, 0x3DD7, 0x2DD7, 0x1D76, 0x1515, 0x04B4, 0x04B4, 0x0D15, 0x1536, 0x1D15,
  0x14D4, 0x14B4, 0x14D4, 0x2535, 0x6639, 0x9BA1, 0xCCA1, 0x9381, 0x39E1, 0x19C0, 0x19E0, 0x3E36, 0x3615, 0x35F3, 0x2D6F, 0x454B,
  0x7D28, 0xA423, 0xC321, 0xDB20, 0xE340, 0xD2C0, 0xA200, 0x4940, 0x1921, 0x0941, 0x0181, 0x09A2, 0x0182, 0x00E1, 0x0040, 0x0040,
  0x48C2, 0x4902, 0x4923, 0x61A4, 0x79E4, 0x71C4, 0x5984, 0x59C4, 0x71E5, 0x8A05, 0x9A46, 0x9A87, 0x92A8, 0x8AC8, 0x9328, 0x8B29,
  0x6309, 0x3B8C, 0x344F, 0x4D32, 0x55B5, 0x4DB5, 0x3DD6, 0x35D7, 0x25D7, 0x1D96, 0x0D15, 0x04B4, 0x04B4, 0x1515, 0x14F5, 0x0C93,
  0x0C52, 0x0452, 0x0C93, 0x1D15, 0x5E38, 0xAC01, 0xD501, 0xA3C1, 0x4241, 0x4657, 0x2636, 0x15F4, 0x15D4, 0x1DB2, 0x2D2D, 0x6D08,
  0xB4E4, 0xCB81, 0xCA20, 0xC1E0, 0xA9E0, 0x89A0, 0x61A0, 0x2981, 0x0961, 0x0961, 0x09A2, 0x09A2, 0x0141, 0x00A1, 0x0041, 0x0041,
  0x48C1, 0x4902, 0x4123, 0x5984, 0x71E4, 0x69C4, 0x61A4, 0x61C4, 0x7205, 0x9225, 0x9A46, 0x9A66, 0x9A87, 0x9AE7, 0xAB69, 0x9369,
  0x5B4A, 0x338B, 0x2C0E, 0x34D0, 0x4552, 0x3D73, 0x35B5, 0x35F6, 0x2DF7, 0x25D7, 0x1535, 0x04D4, 0x0D15, 0x1556, 0x0CD4, 0x0432,
  0x0432, 0x0472, 0x0CD4, 0x1D76, 0x5658, 0xAC41, 0xD521, 0x4616, 0x25B4, 0x1DF5, 0x0DF5, 0x05D3, 0x0DB2, 0x1D4F, 0x4CC9, 0x9C84,
  0xDC41, 0xDAE0, 0xC180, 0xA140, 0x7140, 0x4140, 0x31C1, 0x2202, 0x09A2, 0x0982, 0x0982, 0x0162, 0x00E1, 0x0081, 0x0041, 0x0041,
  0x50C1, 0x5102, 0x4123, 0x5184, 0x69C4, 0x69C4, 0x61A4, 0x61E4, 0x7A25, 0x9266, 0x9A66, 0x9A66, 0x9A86, 0xAB07, 0xB3A9, 0x93AA,
  0x5B8A, 0x33AC, 0x23ED, 0x246E, 0x2CD0, 0x2D11, 0x3593, 0x3616, 0x3E37, 0x3E18, 0x2576, 0x0D15, 0x1D97, 0x25B7, 0x0CD4, 0x0452,
  0x0492, 0x0CD4, 0x1575, 0x2DF7, 0x4E58, 0x8C22, 0x3E36, 0x1D74, 0x0D33, 0x15D4, 0x15D4, 0x0572, 0x0D50, 0x248B, 0x6C05, 0xC3C1,
  0xDB40, 0xCA40, 0xA140, 0x7141, 0x4181, 0x21A1, 0x1A02, 0x1202, 0x01A2, 0x0182, 0x0182, 0x0142, 0x00C1, 0x0061, 0x0041, 0x0041,
  0x58C1, 0x50E2, 0x4102, 0x4964, 0x61C4, 0x61C4, 0x61C4, 0x6A05, 0x8246, 0x9286, 0x9286, 0x9286, 0x9286, 0xAB27, 0xBBE9, 0x8BCA,
  0x53AB, 0x2BCC, 0x1BCC, 0x1C0D, 0x1C6D, 0x1CAF, 0x2552, 0x35F5, 0x4E57, 0x5C44, 0x2DB6, 0x1D96, 0x2E18, 0x2DF8, 0x0CF4, 0x0CB3,
  0x1534, 0x1575, 0x1DF7, 0x2E37, 0x2DF6, 0x25B5, 0x1D94, 0x0D33, 0x0CD1, 0x1573, 0x1593, 0x0D51, 0x1D2D, 0x5467, 0x9362, 0xC2A0,
  0xBA20, 0x9980, 0x6120, 0x3981, 0x2202, 0x1222, 0x1202, 0x09C2, 0x01A2, 0x01A2, 0x0982, 0x0122, 0x0081, 0x0061, 0x0041, 0x0041,
  0x58C1, 0x58E2, 0x4102, 0x4964, 0x51A4, 0x59C4, 0x61E4, 0x7225, 0x8286, 0x8AA6, 0x8AA7, 0x82A6, 0x8AA6, 0xAB48, 0xABEA, 0x7BCA,
  0x43CC, 0x2BEC, 0x13CB, 0x13EC, 0x140C, 0x144D, 0x1CF0, 0x3DD4, 0x5657, 0x6464, 0x3DF7, 0x35F7, 0x2B63, 0x3E39, 0x1535, 0x1535,
  0x25D6, 0x1DD6, 0x1DF6, 0x1DB6, 0x1513, 0x0CB2, 0x0CF2, 0x04D1, 0x0470, 0x1511, 0x25B3, 0x25B1, 0x4D4B, 0x94A4, 0xBB41, 0xB1E0,
  0x8940, 0x5900, 0x2921, 0x19C1, 0x1222, 0x0A02, 0x09C2, 0x0182, 0x01A2, 0x09C3, 0x0162, 0x00E1, 0x0061, 0x0041, 0x0041, 0x0041,
  0x60E1, 0x58E2, 0x4102, 0x4143, 0x4984, 0x51C4, 0x6205, 0x7A45, 0x82A6, 0x82A7, 0x7AC7, 0x6AE7, 0x7AE7, 0x9B88, 0x9BEA, 0x63AA,
  0x33CB, 0x23CC, 0x13AB, 0x0BCB, 0x0BEB, 0x0C0C, 0x14AE, 0x35B3, 0x4E36, 0x45F6, 0x3DF6, 0x4658, 0x3BA5, 0x5679, 0x2575, 0x2DD6,
  0x3637, 0x25F6, 0x1595, 0x0D33, 0x0450, 0x03EF, 0x0450, 0x0470, 0x0C2E, 0x1CD0, 0x3A81, 0x3DD0, 0x7D68, 0xC4A3, 0xD361, 0xB220,
  0x7961, 0x3941, 0x1181, 0x0A22, 0x0A22, 0x09C2, 0x0182, 0x0162, 0x09A3, 0x09A3, 0x0142, 0x00A1, 0x0041, 0x0041, 0x0041, 0x0862,
  0x68E1, 0x60E2, 0x40E2, 0x3923, 0x4164, 0x49A4, 0x6205, 0x7A85, 0x82C6, 0x7AC7, 0x6B07, 0x5B08, 0x6327, 0x83A9, 0x83C9, 0x4B89,
  0x23AB, 0x1BAB, 0x0B8A, 0x0BCB, 0x0BEB, 0x0C0C, 0x148E, 0x3592, 0x3DD4, 0x3574, 0x35D5, 0x4E57, 0x4C46, 0x1BE7, 0x3DF7, 0x3E37,
  0x3616, 0x1D74, 0x0CF2, 0x0CB1, 0x0BEF, 0x036D, 0x03AE, 0x0C0F, 0x1C4F, 0x1CB0, 0x3571, 0x558C, 0x9D05, 0xD462, 0xDBC1, 0xB2A1,
  0x69C1, 0x2981, 0x11C2, 0x1282, 0x0A42, 0x01A2, 0x0162, 0x0142, 0x0162, 0x0162, 0x0102, 0x0081, 0x0041, 0x0041, 0x0041, 0x0882,
  0x68E1, 0x60E2, 0x40E2, 0x3123, 0x3943, 0x4184, 0x5A25, 0x7286, 0x82E6, 0x72E7, 0x5B28, 0x4B48, 0x5348, 0x73A9, 0x6BC9, 0x3369,
  0x1B8A, 0x0B6A, 0x0B6A, 0x0BCB, 0x0C0C, 0x0C2C, 0x148E, 0x2D72, 0x2D73, 0x1D12, 0x35B4, 0x4E36, 0x54A8, 0x1C08, 0x5678, 0x4E78,
  0x3594, 0x1491, 0x0C50, 0x1430, 0x0BAE, 0x030B, 0x032C, 0x13CE, 0xCD82, 0x1CCF, 0x2D2E, 0x6549, 0x9C63, 0xBBC2, 0xC3C2, 0x8AA1,
  0x41E1, 0x19C1, 0x1202, 0x1AA2, 0x1242, 0x0181, 0x0162, 0x0142, 0x0142, 0x0122, 0x00C2, 0x0061, 0x0021, 0x0021, 0x0041, 0x10A3,
  0x70E1, 0x68E2, 0x40E2, 0x3103, 0x3123, 0x3984, 0x5205, 0x72A6, 0x7B07, 0x6B27, 0x5368, 0x3B88, 0x3B68, 0x53A9, 0x53A9, 0x2B69,
  0x1369, 0x0B49, 0x0349, 0x0BAA, 0x142C, 0x1C8E, 0x1CAF, 0x2D52, 0x1D32, 0x14D1, 0x35B4, 0x4636, 0x66B8, 0x1C29, 0x0347, 0x02A5,
  0x2D33, 0x0BEE, 0x038D, 0x0B8D, 0x0B2C, 0x02AA, 0x02EB, 0x13AC, 0x24AF, 0x250F, 0x458E, 0x7D68, 0x8C03, 0x8B21, 0x8B22, 0x5A61,
  0x29E1, 0x11E1, 0x1221, 0x22C2, 0x1A22, 0x0161, 0x0122, 0x0122, 0x0122, 0x0102, 0x00A2, 0x0041, 0x0021, 0x0021, 0x0862, 0x10C3,
  0x7101, 0x68E1, 0x40E2, 0x3102, 0x2923, 0x3164, 0x4A05, 0x62A6, 0x7307, 0x6347, 0x4388, 0x33A8, 0x2B88, 0x43A9, 0x1305, 0x2369,
  0x0B49, 0x0329, 0x0328, 0x0B6A, 0x1C2D, 0x24CF, 0x1CAF, 0x1D11, 0x14F1, 0x14D1, 0x3DD4, 0x4E35, 0x5656, 0x5657, 0x5678, 0x02A6,
  0x2D53, 0x0BAE, 0x02EB, 0x0ACB, 0x02CB, 0x02AA, 0x02EA, 0x0B6B, 0x148E, 0x2D70, 0x8362, 0x8D89, 0x73C4, 0x52A1, 0x4AA1, 0x3A81,
  0x2261, 0x1221, 0x1A62, 0x2AC2, 0x11E2, 0x0121, 0x0122, 0x0122, 0x0122, 0x00E2, 0x0081, 0x0041, 0x0021, 0x0021, 0x0882, 0x10C4,
  0x7101, 0x6901, 0x40E2, 0x28E2, 0x2103, 0x2943, 0x4205, 0x5AA6, 0x6327, 0x5368, 0x3BA8, 0x2388, 0x2368, 0x2B88, 0x0B06, 0x1B69,
  0x0B69, 0x0329, 0x0328, 0x0B69, 0x1C2C, 0x24CF, 0x1C8E, 0x14AF, 0x0CD0, 0x1CF1, 0x45F4, 0x4E15, 0x3DD4, 0x35B4, 0x35F6, 0x4637,
  0x2D74, 0x0C0F, 0x02EB, 0x02AA, 0x02AA, 0x02EB, 0x030B, 0x034B, 0x148E, 0x2D8F, 0x65EC, 0x8D48, 0x5B63, 0x3261, 0x2A81, 0x3B02,
  0x3323, 0x1AA2, 0x22A2, 0x2262, 0x0981, 0x0121, 0x0122, 0x0122, 0x0122, 0x00C2, 0x0041, 0x0021, 0x0020, 0x0041, 0x10A3, 0x10C4,
  0x7101, 0x7101, 0x48E2, 0x28E2, 0x20E2, 0x2123, 0x39E5, 0x4AA6, 0x5327, 0x4B88, 0x33A8, 0x1B88, 0x1348, 0x1B48, 0x2389, 0x1B89,
  0x0B69, 0x0349, 0x0308, 0x0349, 0x142C, 0x246D, 0x140C, 0x146E, 0x14D0, 0x2532, 0x45D4, 0x45B3, 0x2532, 0x1D11, 0x1D53, 0x2DB4,
  0x2573, 0x1470, 0x034C, 0x02EB, 0x030B, 0x032B, 0x032B, 0x038B, 0x14CE, 0x2D8D, 0x6DA9, 0x84C5, 0x4B02, 0x2A81, 0x2AA1, 0x4383,
  0x3B83, 0x1AC2, 0x1A62, 0x11C1, 0x0141, 0x0121, 0x0102, 0x0122, 0x0122, 0x00A1, 0x0041, 0x0021, 0x0020, 0x0862, 0x10E4, 0x10E4,
  0x7101, 0x7101, 0x48E2, 0x28E2, 0x20E2, 0x2123, 0x31C5, 0x4286, 0x4B27, 0x4388, 0x2BA8, 0x1B67, 0x0B27, 0x1327, 0x1B68, 0x1389,
  0x0B89, 0x0349, 0x0328, 0x0369, 0x140B, 0x13EB, 0x13AB, 0x1C6E, 0x2531, 0x3593, 0x4DD3, 0x3531, 0x148F, 0x0C6F, 0x0CB0, 0x14F1,
  0x1D52, 0x14F1, 0x0BEE, 0x036C, 0x036C, 0x036C, 0x038C, 0x0C2D, 0x2570, 0x3DCD, 0x85C8, 0x8C84, 0x5322, 0x3AE2, 0x2AE2, 0x3B83,
  0x3363, 0x22E2, 0x1221, 0x0981, 0x0141, 0x0121, 0x0102, 0x0122, 0x0102, 0x00A1, 0x0041, 0x0020, 0x0020, 0x0882, 0x10E4, 0x1104,
  0x7901, 0x7901, 0x48E2, 0x30E2, 0x20E2, 0x2123, 0x29C5, 0x3A86, 0x3B27, 0x3B87, 0x2BA7, 0x1347, 0x0B07, 0x0B07, 0x1328, 0x0B69,
  0x0B89, 0x0369, 0x0328, 0x0369, 0x0BCA, 0x0B69, 0x0B49, 0x2C8F, 0x3D92, 0x3D4D, 0x4DD3, 0x24EF, 0x0C0D, 0x03ED, 0x040E, 0x0C4F,
  0x14F1, 0x2532, 0x14B0, 0x0C2E, 0x03CD, 0x03AC, 0x040D, 0x14CF, 0x2DD0, 0x4E0D, 0x8DA7, 0x8403, 0x6343, 0x4B23, 0x2AE2, 0x2B42,
  0x2B42, 0x3322, 0x2241, 0x0981, 0x0141, 0x0122, 0x0102, 0x0102, 0x00E2, 0x0081, 0x0041, 0x0020, 0x0021, 0x08A3, 0x10C4, 0x1125,
  0x7901, 0x7901, 0x50E1, 0x30E2, 0x20E2, 0x2123, 0x29A4, 0x3266, 0x3307, 0x3367, 0x2387, 0x1327, 0x0B07, 0x02E7, 0x0B07, 0x0B48,
  0x0B69, 0x0369, 0x0328, 0x0369, 0x0BA9, 0x0308, 0x0B29, 0x2C8E, 0x45B3, 0x3D4F, 0x4DD2, 0x1CCF, 0x03EC, 0x036B, 0x038B, 0x03CC,
  0x146E, 0x2552, 0x2D72, 0x1CB0, 0x0BED, 0x03CC, 0x0C6D, 0x0D0E, 0x1D8E, 0x4D8B, 0x7CE5, 0x6322, 0x52E2, 0x3AC2, 0x22A2, 0x2B42,
  0x3B83, 0x4342, 0x3281, 0x0981, 0x0121, 0x0122, 0x0102, 0x0102, 0x00C2, 0x0081, 0x0041, 0x0020, 0x0041, 0x08A3, 0x10C4, 0x1967,
  0x7901, 0x8122, 0x50E1, 0x38E2, 0x2902, 0x2123, 0x29A4, 0x2A45, 0x32E6, 0x2B47, 0x2367, 0x1327, 0x02E7, 0x02E7, 0x02E7, 0x0328,
  0x0348, 0x0368, 0x0348, 0x0368, 0x0369, 0x02E7, 0x0AE8, 0x2C2D, 0x4571, 0x55D2, 0x45B2, 0x1D0F, 0x03EB, 0x0329, 0x0309, 0x032A,
  0x0BEC, 0x2530, 0x3DD3, 0x24F0, 0x0BEC, 0x03CC, 0x0C6D, 0x0CAD, 0x14CB, 0x44C8, 0x63E4, 0x3A41, 0x2A01, 0x2201, 0x1A82, 0x3363,
  0x53C3, 0x5B62, 0x3A81, 0x1181, 0x0121, 0x0122, 0x0122, 0x0102, 0x00A2, 0x0061, 0x0041, 0x0021, 0x0882, 0x10C4, 0x08E4, 0x21E8,
};
static const uint16_t iris_rim[512] = {
  116, 116, 116, 116, 117, 117, 117, 117, 117, 117, 117, 117, 117, 117, 117, 117,
  117, 117, 116, 116, 116, 116, 116, 116, 116, 116, 116, 116, 116, 116, 116, 116,
  115, 115, 115, 115, 115, 115, 115, 115, 115, 114, 114, 114, 114, 114, 114, 114,
  113, 113, 113, 113, 113, 113, 113, 112, 112, 112, 112, 112, 112, 111, 111, 111,
  111, 111, 111, 111, 110, 110, 110, 110, 110, 110, 109, 109, 109, 109, 109, 109,
  108, 108, 108, 108, 108, 108, 108, 107, 107, 107, 107, 107, 107, 107, 106, 106,
  106, 106, 106, 106, 106, 106, 106, 105, 105, 105, 105, 105, 105, 105, 105, 105,
  105, 104, 104, 104, 104, 104, 104, 104, 104, 104, 104, 104, 104, 104, 104, 104,
  104, 103, 103, 103, 103, 103, 103, 103, 103, 103, 103, 103, 103, 103, 103, 103,
  103, 103, 103, 103, 103, 103, 103, 103, 103, 103, 103, 103, 103, 103, 103, 103,
  103, 103, 104, 104, 104, 104, 104, 104, 104, 104, 104, 104, 104, 104, 104, 104,
  104, 104, 104, 104, 105, 105, 105, 105, 105, 105, 105, 105, 105, 105, 105, 105,
  105, 106, 106, 106, 106, 106, 106, 106, 106, 106, 106, 106, 106, 106, 107, 107,
  107, 107, 107, 107, 107, 107, 107, 107, 107, 107, 107, 107, 107, 107, 108, 108,
  108, 108, 108, 108, 108, 108, 108, 108, 108, 108, 108, 108, 108, 108, 108, 108,
  108, 108, 108, 108, 108, 108, 108, 108, 108, 108, 108, 108, 108, 108, 108, 108,
  108, 107, 107, 107, 107, 107, 107, 107, 107, 107, 107, 107, 107, 107, 106, 106,
  106, 106, 106, 106, 106, 106, 106, 105, 105, 105, 105, 105, 105, 105, 105, 104,
  104, 104, 104, 104, 104, 104, 103, 103, 103, 103, 103, 103, 103, 102, 102, 102,
  102, 102, 102, 102, 101, 101, 101, 101, 101, 101, 101, 101, 100, 100, 100, 100,
  100, 100, 100, 99, 99, 99, 99, 99, 99, 99, 99, 98, 98, 98, 98, 98,
  98, 98, 98, 98, 98, 97, 97, 97, 97, 97, 97, 97, 97, 97, 97, 97,
  97, 97, 97, 96, 96, 96, 96, 96, 96, 96, 96, 96, 96, 96, 96, 96,
  96, 96, 96, 96, 96, 96, 96, 96, 96, 96, 96, 96, 96, 96, 96, 96,
  96, 96, 96, 96, 97, 97, 97, 97, 97, 97, 97, 97, 97, 97, 97, 97,
  97, 98, 98, 98, 98, 98, 98, 98, 98, 98, 99, 99, 99, 99, 99, 99,
  99, 100, 100, 100, 100, 100, 100, 101, 101, 101, 101, 101, 101, 102, 102, 102,
  102, 102, 103, 103, 103, 103, 103, 103, 104, 104, 104, 104, 105, 105, 105, 105,
  105, 106, 106, 106, 106, 106, 107, 107, 107, 107, 108, 108, 108, 108, 108, 109,
  109, 109, 109, 110, 110, 110, 110, 110, 111, 111, 111, 111, 111, 112, 112, 112,
  112, 112, 113, 113, 113, 113, 113, 113, 114, 114, 114, 114, 114, 114, 115, 115,
  115, 115, 115, 115, 115, 115, 116, 116, 116, 116, 116, 116, 116, 116, 116, 116,
};
static const uint16_t hl_rgb[8256] = {
  0x0020, 0x0000, 0x10A2, 0x52A9, 0x2124, 0x0000, 0x0020, 0x0000, 0x0861, 0x0841, 0x0000, 0x0000, 0x0000, 0x0000, 0x0000, 0x0000,
  0x0000, 0x0820, 0x0820, 0x1020, 0x0800, 0x1840, 0x1840, 0x0800, 0x1860, 0x1880, 0x1880, 0x1860, 0x3040, 0x3020, 0x1820, 0x2840,
  0x2820, 0x1820, 0x1060, 0x1880, 0x1080, 0x0021, 0x0000, 0x0000, 0x0021, 0x0041, 0x0082, 0x0082, 0x0041, 0x0041, 0x0062, 0x0062,
  0x0862, 0x0062, 0x0021, 0x0021, 0x0041, 0x0001, 0x0042, 0x10E4, 0x31A7, 0x4A6A, 0x5B2D, 0x73F0, 0x7C51, 0x94F4, 0xA575, 0xB5D7,
  0xBDF8, 0xBE39, 0xC65A, 0xC67A, 0xC65A, 0xBE39, 0xB618, 0xADD8, 0xBE39, 0xB5D8, 0x9D56, 0x8CD4, 0x7C31, 0x73F0, 0x5B0D, 0x39C7,
  0x39A6, 0x3185, 0x41C6, 0x2903, 0x1881, 0x1881, 0x1861, 0x1040, 0x1860, 0x1040, 0x0000, 0x0000, 0x0000, 0x0000, 0x0800, 0x2020,
  0x0000, 0x18E3, 0x5AC9, 0x18E3, 0x0000, 0x0020, 0x0000, 0x1061, 0x0841, 0x0000, 0x0000, 0x0000, 0x0000, 0x0000, 0x0000, 0x0000,
  0x0820, 0x0000, 0x0820, 0x2060, 0x1860, 0x1840, 0x1860, 0x0820, 0x0000, 0x10A0, 0x10A0, 0x0840, 0x1840, 0x4860, 0x4040, 0x2820,
  0x2020, 0x2020, 0x1880, 0x18A1, 0x0841, 0x0000, 0x0020, 0x0021, 0x0021, 0x0041, 0x0882, 0x0882, 0x0862, 0x0041, 0x0041, 0x0021,
  0x0001, 0x0862, 0x1905, 0x3A09, 0x5B2D, 0x8452, 0xA555, 0xBE59, 0xD71C, 0xE75D, 0xE77E, 0xE79E, 0xE77E, 0xDF7E, 0xEFBF, 0xE79E,
  0xE79E, 0xE79E, 0xE79E, 0xE79E, 0xE79E, 0xE79E, 0xEFBF, 0xE79E, 0xE79E, 0xEFDF, 0xE7BF, 0xE7BF, 0xEFDF, 0xE7BF, 0xCEDB, 0x530D,
  0x3A08, 0x3186, 0x39A6, 0x41C7, 0x20C2, 0x1881, 0x1881, 0x1061, 0x1861, 0x1861, 0x0820, 0x0000, 0x0000, 0x0000, 0x0000, 0x0800,
  0x2965, 0x4A68, 0x0861, 0x0000, 0x0020, 0x0000, 0x1081, 0x0841, 0x0000, 0x0000, 0x0000, 0x0000, 0x0000, 0x0800, 0x0800, 0x0000,
  0x0000, 0x0000, 0x0000, 0x1840, 0x2080, 0x1040, 0x0000, 0x1060, 0x0000, 0x0840, 0x1900, 0x08A0, 0x1080, 0x2860, 0x50A0, 0x2840,
  0x1800, 0x2840, 0x28A0, 0x1060, 0x0000, 0x0000, 0x0021, 0x0041, 0x0062, 0x0882, 0x0041, 0x0000, 0x0000, 0x0883, 0x2987, 0x5B0D,
  0x8472, 0xA596, 0xC67A, 0xD71C, 0xDF5D, 0xE77E, 0xDF5D, 0xD73D, 0xD71C, 0xD6FC, 0xD71C, 0xD71C, 0xD71C, 0xD71C, 0xD71C, 0xDF3D,
  0xDF3D, 0xDF3D, 0xDF3D, 0xDF5D, 0xDF5D, 0xDF3D, 0xDF5D, 0xE77D, 0xD73D, 0xD73D, 0xDF7E, 0xDF3D, 0xDF5D, 0xD75D, 0xE79E, 0xCEFC,
  0xA5B8, 0x8CB3, 0x5B0C, 0x39E8, 0x2104, 0x1040, 0x1881, 0x1881, 0x1861, 0x1881, 0x1041, 0x0000, 0x0000, 0x0000, 0x0000, 0x0000,
  0x4207, 0x0000, 0x0000, 0x0020, 0x0000, 0x1081, 0x1061, 0x0000, 0x0000, 0x0000, 0x0000, 0x0000, 0x0800, 0x1020, 0x1020, 0x0820,
  0x0000, 0x0820, 0x0020, 0x0820, 0x2080, 0x0820, 0x0020, 0x1080, 0x0860, 0x0000, 0x1100, 0x1100, 0x08A0, 0x1080, 0x38A1, 0x40C1,
  0x2040, 0x2060, 0x20E1, 0x0000, 0x0000, 0x0000, 0x0021, 0x0021, 0x0021, 0x0883, 0x2966, 0x4AAB, 0x8452, 0xB5F8, 0xD6FC, 0xDF5D,
  0xDF5D, 0xD71C, 0xD6FC, 0xD6DC, 0xCEDB, 0xCEDB, 0xCEDC, 0xD6DC, 0xD6FC, 0xD6FC, 0xD71C, 0xD71C, 0xD71C, 0xDF3D, 0xD71C, 0xDF3D,
  0xDF3D, 0xDF3D, 0xDF3D, 0xDF3D, 0xDF3D, 0xDF3D, 0xDF5D, 0xE75D, 0xE77D, 0xCF1D, 0xD73D, 0xDF7E, 0xDF5E, 0xDF7E, 0xDF5E, 0xEFBF,
  0xD73D, 0xCF1D, 0xBEBB, 0x9DB8, 0x8CD4, 0x4249, 0x1061, 0x1881, 0x18A2, 0x1861, 0x1881, 0x0820, 0x0000, 0x0000, 0x0000, 0x0000,
  0x0000, 0x0000, 0x0000, 0x0000, 0x1081, 0x1081, 0x0000, 0x0000, 0x0000, 0x0000, 0x0800, 0x0000, 0x0800, 0x1020, 0x0820, 0x1840,
  0x1860, 0x0820, 0x0820, 0x0820, 0x1880, 0x1060, 0x0020, 0x08C0, 0x0080, 0x0000, 0x0060, 0x0921, 0x0080, 0x08A1, 0x1080, 0x5101,
  0x2880, 0x20C2, 0x0881, 0x0000, 0x0000, 0x0000, 0x18E3, 0x3A08, 0x73F0, 0xB5D8, 0xD6DC, 0xDF5D, 0xDF5E, 0xD73D, 0xCEFB, 0xCEDB,
  0xCEBB, 0xCEDB, 0xCEDB, 0xCEDB, 0xD6FB, 0xCEDB, 0xCEDB, 0xCEDB, 0xD6DC, 0xD6FC, 0xD6FC, 0xD6FC, 0xCEDB, 0xCEDB, 0xCEDB, 0xCEDB,
  0xD71C, 0xDF3D, 0xDF3D, 0xDF3D, 0xDF3D, 0xDF3D, 0xDF5D, 0xE75D, 0xE77D, 0xDF5D, 0xD71D, 0xDF7E, 0xE77E, 0xD73D, 0xD71C, 0xE75D,
  0xDF1C, 0xBE7A, 0xB67B, 0xB67B, 0xCEFD, 0xC6DC, 0x7C52, 0x2104, 0x1061, 0x18A1, 0x20E2, 0x1061, 0x0000, 0x0000, 0x0000, 0x0000,
  0x0000, 0x0000, 0x0000, 0x1061, 0x1881, 0x0000, 0x0000, 0x0000, 0x0000, 0x0000, 0x1000, 0x0800, 0x0000, 0x1040, 0x0820, 0x0820,
  0x1860, 0x0840, 0x0000, 0x0820, 0x1860, 0x18C0, 0x0860, 0x0080, 0x00A0, 0x0060, 0x0080, 0x0941, 0x0101, 0x00A1, 0x08C1, 0x30C1,
  0x4142, 0x18E2, 0x0000, 0x0000, 0x0000, 0x0000, 0x632D, 0xEFDF, 0xE79F, 0xE75E, 0xD71C, 0xCEDC, 0xCEDB, 0xCEDB, 0xCEDB, 0xCEDB,
  0xCEDB, 0xCEDB, 0xCEDB, 0xCEDB, 0xCEDB, 0xCEDB, 0xCEDB, 0xCEDB, 0xCEDB, 0xCEDB, 0xD6FC, 0xD6FC, 0xC67A, 0xC67A, 0xC69A, 0xC67A,
  0xD6FC, 0xDF3D, 0xDF3D, 0xDF3D, 0xDF3D, 0xDF3D, 0xDF5D, 0xE75D, 0xDF5D, 0xDF5D, 0xDF3D, 0xDF3D, 0xE77E, 0xD71C, 0xCEDB, 0xD6FC,
  0xDF1C, 0xBE7A, 0xBE9B, 0xBE7B, 0xB65A, 0xB65A, 0xB67B, 0x9D77, 0x426A, 0x1881, 0x20E2, 0x18A2, 0x0000, 0x0000, 0x0000, 0x0000,
  0x0000, 0x0000, 0x1061, 0x18A1, 0x0000, 0x0000, 0x0000, 0x0000, 0x0000, 0x0800, 0x1020, 0x1820, 0x1020, 0x0800, 0x1020, 0x0820,
  0x0000, 0x0000, 0x0000, 0x0000, 0x0820, 0x1060, 0x18E0, 0x0901, 0x00E1, 0x0901, 0x00A1, 0x00C1, 0x0982, 0x0901, 0x08C1, 0x0840,
  0x3984, 0x0861, 0x0000, 0x0000, 0x0000, 0x0000, 0x31E9, 0xD6FC, 0xDF3D, 0xD6FC, 0xCEFC, 0xCEFC, 0xD6FC, 0xCEDB, 0xCEDB, 0xCEBB,
  0xCEBB, 0xCEBB, 0xCEDB, 0xCEDB, 0xCEDB, 0xCEDB, 0xCEDB, 0xCEDB, 0xCEDB, 0xCEDB, 0xCEDB, 0xD6DB, 0xCEBB, 0xCEBB, 0xCEBB, 0xCEBB,
  0xCEDB, 0xDF3D, 0xDF5D, 0xDF3D, 0xDF3D, 0xDF3D, 0xDF5D, 0xDF5D, 0xDF5D, 0xDF5D, 0xDF5D, 0xDF3D, 0xDF7D, 0xD71C, 0xCEFB, 0xD6FC,
  0xD71C, 0xC6DB, 0xBE9B, 0xBE9B, 0xBE9B, 0xBE7B, 0xAE19, 0xAE19, 0xAE39, 0x638E, 0x20C2, 0x20C2, 0x0820, 0x0000, 0x0000, 0x0000,
  0x0000, 0x0840, 0x20C1, 0x0000, 0x0000, 0x0000, 0x0000, 0x0000, 0x0800, 0x1020, 0x1020, 0x0800, 0x2040, 0x1020, 0x0000, 0x0000,
  0x0000, 0x0020, 0x0000, 0x0000, 0x0000, 0x0860, 0x10A0, 0x1941, 0x1961, 0x00A0, 0x00E1, 0x0902, 0x0922, 0x1162, 0x08E1, 0x0861,
  0x1903, 0x0000, 0x0000, 0x0000, 0x0000, 0x1082, 0x3A4B, 0x7431, 0xE77E, 0xD6FC, 0xD6FC, 0xCEFB, 0xD6FB, 0xCEBB, 0xCEBB, 0xCEBB,
  0xCEBB, 0xCEBB, 0xCEBB, 0xC69A, 0xC67A, 0xC67A, 0xC67A, 0xC67A, 0xC69A, 0xCEDB, 0xD6DC, 0xCEDB, 0xCEDB, 0xCEBB, 0xCEDB, 0xCEDB,
  0xD6FC, 0xD71C, 0xDF5D, 0xDF3D, 0xDF3D, 0xDF3D, 0xDF3D, 0xDF3D, 0xDF5D, 0xE75D, 0xE77D, 0xDF5D, 0xDF5D, 0xDF3C, 0xD6FB, 0xD6FC,
  0xD6FC, 0xD71C, 0xC6BB, 0xBE9B, 0xB65A, 0xAE3A, 0xADF9, 0x9D97, 0x9D97, 0x9D76, 0x2945, 0x20E2, 0x0861, 0x0000, 0x0000, 0x0000,
  0x0820, 0x20C1, 0x0820, 0x0000, 0x0000, 0x0000, 0x0000, 0x0800, 0x1020, 0x0800, 0x1020, 0x0820, 0x0800, 0x0800, 0x0800, 0x0000,
  0x0000, 0x0820, 0x0020, 0x0020, 0x0840, 0x10A0, 0x0860, 0x08A0, 0x1961, 0x1982, 0x00C1, 0x0921, 0x0921, 0x0942, 0x1162, 0x1923,
  0x0861, 0x0000, 0x0000, 0x0000, 0x0000, 0x2986, 0x4ACD, 0x3A4A, 0xB5F8, 0xDF3D, 0xD6FC, 0xCEDB, 0xCEBB, 0xCEBB, 0xCEDB, 0xCEBB,
  0xCEBB, 0xCEBB, 0xC65A, 0xBE39, 0xBE39, 0xBE39, 0xBE39, 0xC659, 0xC679, 0xC679, 0xCEDB, 0xD6FB, 0xC69A, 0xC67A, 0xC69A, 0xC69A,
  0xD6FB, 0xD71C, 0xDF1C, 0xDF3D, 0xDF3D, 0xDF3D, 0xDF5D, 0xE75D, 0xE75D, 0xE77D, 0xE77D, 0xE75D, 0xDF5D, 0xD71C, 0xD71C, 0xD71C,
  0xD6FC, 0xE75D, 0xD73D, 0xBE9B, 0xB639, 0xAE19, 0xA5F8, 0xA5B7, 0x9DB7, 0x8CF4, 0x2103, 0x20E2, 0x1081, 0x0000, 0x0000, 0x0000,
  0x20C1, 0x0840, 0x0000, 0x0000, 0x0000, 0x0000, 0x0000, 0x0800, 0x1840, 0x1020, 0x0000, 0x0000, 0x0000, 0x0000, 0x0800, 0x0820,
  0x0020, 0x0860, 0x0860, 0x10C0, 0x0860, 0x18C0, 0x1900, 0x0060, 0x0080, 0x1101, 0x0901, 0x1182, 0x2244, 0x0921, 0x21E4, 0x1923,
  0x0000, 0x0000, 0x0000, 0x0000, 0x0000, 0x3A4A, 0x4AED, 0x3A4A, 0x63B0, 0xDF5D, 0xD6FC, 0xCEDB, 0xCEBB, 0xCEBB, 0xCEBB, 0xCEBB,
  0xCEBB, 0xC69A, 0xBE39, 0xBE39, 0xBE39, 0xBE5A, 0xC67A, 0xBE59, 0xC659, 0xC659, 0xC69A, 0xD6DB, 0xC69A, 0xCE9A, 0xCE9A, 0xC69A,
  0xD6FB, 0xD71C, 0xD71C, 0xDF3D, 0xE75D, 0xE75D, 0xE77D, 0xE77D, 0xE75D, 0xE75D, 0xE77D, 0xDF5D, 0xDF5D, 0xD71C, 0xDF3C, 0xE73C,
  0xDF1C, 0xE75D, 0xE77D, 0xBE5A, 0xB65A, 0xB639, 0xB65A, 0xB639, 0xADF9, 0x7C51, 0x18C2, 0x2103, 0x10A2, 0x0000, 0x0000, 0x0021,
  0x1881, 0x0000, 0x0000, 0x0000, 0x0000, 0x0000, 0x1000, 0x1000, 0x0800, 0x1020, 0x0820, 0x0000, 0x0000, 0x0000, 0x0000, 0x1060,
  0x0860, 0x0860, 0x10C0, 0x1920, 0x10E0, 0x2140, 0x2120, 0x1901, 0x0880, 0x08A1, 0x08A1, 0x0942, 0x2A85, 0x19E3, 0x21C4, 0x0861,
  0x0000, 0x0000, 0x0000, 0x0000, 0x0861, 0x42AC, 0x42CC, 0x42CC, 0x428B, 0xB5F8, 0xE75D, 0xCEDB, 0xCEBB, 0xCEBB, 0xCEBB, 0xCEBB,
  0xCEBB, 0xC67A, 0xBE39, 0xBE39, 0xBE59, 0xC69A, 0xCEBB, 0xC659, 0xC679, 0xC659, 0xC67A, 0xD6DB, 0xC69A, 0xC67A, 0xC69A, 0xC69A,
  0xD6FB, 0xDF1C, 0xD71C, 0xDF3C, 0xEF7D, 0xEF9D, 0xE75D, 0xDF5D, 0xDF5D, 0xDF5D, 0xE77D, 0xE77D, 0xE77E, 0xDF1C, 0xDF1C, 0xDF3C,
  0xD6FB, 0xDF3D, 0xE75D, 0xBE5A, 0xB63A, 0xB639, 0xBE7A, 0xBE7A, 0xB639, 0x5B2C, 0x18C2, 0x2103, 0x10A2, 0x0020, 0x0000, 0x0841,
  0x0000, 0x0000, 0x0000, 0x0000, 0x0000, 0x0000, 0x0000, 0x1020, 0x1840, 0x0800, 0x0000, 0x0000, 0x0000, 0x0820, 0x1060, 0x18E0,
  0x10C0, 0x0060, 0x10E0, 0x1100, 0x08E0, 0x1920, 0x2160, 0x1921, 0x1961, 0x08A0, 0x10A1, 0x18C1, 0x1982, 0x1A03, 0x1923, 0x0000,
  0x0000, 0x0000, 0x0000, 0x0000, 0x10C3, 0x42CC, 0x42AC, 0x42CC, 0x42AC, 0x6BD0, 0xDF3D, 0xCEDB, 0xCEDB, 0xCEBB, 0xCEBB, 0xCE9B,
  0xCEBB, 0xC679, 0xBE39, 0xBE39, 0xBE39, 0xC69A, 0xCEBA, 0xC659, 0xC679, 0xC659, 0xC67A, 0xCEDB, 0xC67A, 0xC67A, 0xC69A, 0xCE9A,
  0xD6FB, 0xDF1C, 0xDF1C, 0xDF3C, 0xE75D, 0xE77D, 0xE75D, 0xE75D, 0xE75D, 0xE77D, 0xEF9E, 0xEF9E, 0xE77D, 0xD71C, 0xD6DB, 0xD6FC,
  0xD6FB, 0xDF3D, 0xE77D, 0xC69A, 0xB63A, 0xBE7A, 0xC69A, 0xC6BB, 0xADF8, 0x29C6, 0x1923, 0x1902, 0x1081, 0x0020, 0x0020, 0x1881,
  0x0000, 0x0000, 0x0000, 0x0000, 0x0000, 0x1000, 0x1000, 0x0800, 0x1020, 0x0820, 0x0000, 0x0000, 0x0820, 0x18C0, 0x2120, 0x1900,
  0x1920, 0x10A0, 0x0860, 0x08A0, 0x2961, 0x1920, 0x2121, 0x2120, 0x3141, 0x2921, 0x3941, 0x5182, 0x29A2, 0x2A45, 0x10A1, 0x0000,
  0x0000, 0x0000, 0x0000, 0x0000, 0x2166, 0x4ACD, 0x428C, 0x42AC, 0x4ACC, 0x42AC, 0xB5F8, 0xDF3D, 0xCEDB, 0xCEBB, 0xCEBB, 0xCEDB,
  0xCEBB, 0xC69A, 0xBE59, 0xBE39, 0xBE59, 0xC69A, 0xC69A, 0xC659, 0xC679, 0xC679, 0xC679, 0xCEDB, 0xC69A, 0xC67A, 0xC69A, 0xC69A,
  0xD6FB, 0xDF3C, 0xDF1C, 0xDF3C, 0xDF3D, 0xE77D, 0xE77D, 0xE75D, 0xEF9E, 0xEF9E, 0xE77D, 0xDF5D, 0xDF5D, 0xD71C, 0xCEDB, 0xD6FC,
  0xD6FB, 0xDF3D, 0xE77D, 0xD6FC, 0xC69A, 0xC69A, 0xC69A, 0xD71D, 0x6BEF, 0x1963, 0x1984, 0x10C2, 0x1081, 0x0000, 0x1040, 0x28A1,
  0x0000, 0x0000, 0x0000, 0x0000, 0x0000, 0x1020, 0x1820, 0x1820, 0x0000, 0x0000, 0x0000, 0x0000, 0x1040, 0x18C0, 0x2120, 0x0880,
  0x08A0, 0x10C0, 0x10A0, 0x1080, 0x2101, 0x10C0, 0x10E1, 0x2100, 0x59A2, 0x5900, 0x8980, 0x5920, 0x3162, 0x4225, 0x0020, 0x0000,
  0x0000, 0x0000, 0x0000, 0x0000, 0x31E8, 0x4AED, 0x42AC, 0x42AC, 0x4ACC, 0x428C, 0x6BF1, 0xDF5D, 0xCEFB, 0xCEBB, 0xD6DB, 0xCEBB,
  0xC69A, 0xCEBB, 0xD6DB, 0xD6DB, 0xCEBA, 0xC67A, 0xC659, 0xC679, 0xC679, 0xBE59, 0xC679, 0xD6DB, 0xC69A, 0xC67A, 0xC69A, 0xCE9A,
  0xDF1C, 0xDF1C, 0xD71C, 0xDF3C, 0xDF3C, 0xE75D, 0xEF9E, 0xEF9E, 0xE77D, 0xE75D, 0xDF5D, 0xDF5D, 0xE75D, 0xD71C, 0xCEDB, 0xDF1C,
  0xDF3C, 0xE75D, 0xEF9E, 0xEFBE, 0xD71C, 0xCEDC, 0xCEDB, 0xA5B7, 0x3205, 0x3245, 0x1143, 0x1061, 0x1861, 0x0020, 0x2040, 0x30A0,
  0x0000, 0x0000, 0x0000, 0x0800, 0x0800, 0x1020, 0x1020, 0x0800, 0x0820, 0x0000, 0x0000, 0x0820, 0x28A0, 0x0840, 0x10C0, 0x1900,
  0x0860, 0x0860, 0x10A0, 0x18E0, 0x0020, 0x0020, 0x10A0, 0x18E0, 0x28A0, 0x78C0, 0xD9C1, 0xA981, 0x4142, 0x3963, 0x0000, 0x0000,
  0x0000, 0x0000, 0x0000, 0x0000, 0x3A4A, 0x42CD, 0x42AC, 0x42AC, 0x42CC, 0x4ACC, 0x42CC, 0xBE39, 0xDF5D, 0xCEDB, 0xD6DB, 0xC69A,
  0xC69A, 0xC69A, 0xC69A, 0xCEBA, 0xBE59, 0xBE39, 0xBE59, 0xBE59, 0xBE59, 0xBE59, 0xC659, 0xD6DB, 0xC67A, 0xC67A, 0xCEBA, 0xD6DA,
  0xD6FB, 0xD71C, 0xD71C, 0xDF1C, 0xDF1C, 0xDF3C, 0xE77D, 0xE77D, 0xDF5D, 0xE75D, 0xDF5D, 0xDF5D, 0xE79E, 0xDF3C, 0xD6FB, 0xDF1C,
  0xDF3C, 0xDF3D, 0xEFBE, 0xEFBE, 0xCEDB, 0xC67A, 0xC6BB, 0x530A, 0x2A04, 0x21C4, 0x38E1, 0x60E1, 0x1840, 0x0020, 0x4080, 0x58C0,
  0x0000, 0x0000, 0x1000, 0x0800, 0x1020, 0x1820, 0x0800, 0x0000, 0x1020, 0x0820, 0x0020, 0x0840, 0x2080, 0x1040, 0x0020, 0x0880,
  0x0880, 0x0040, 0x0840, 0x10A0, 0x2101, 0x0860, 0x1060, 0x38C0, 0x5080, 0xA0C0, 0xB8A0, 0xE0E0, 0x7101, 0x1861, 0x0000, 0x0000,
  0x0000, 0x0000, 0x0000, 0x0841, 0x428C, 0x42CC, 0x42CC, 0x42CC, 0x42AC, 0x4ACD, 0x42AC, 0x8493, 0xE77E, 0xDEFC, 0xD6FB, 0xC69B,
  0xC69A, 0xBE7A, 0xB618, 0xBE39, 0xC659, 0xC659, 0xC69A, 0xBE59, 0xBE59, 0xBE59, 0xC679, 0xCEDB, 0xC69A, 0xCEBA, 0xCEBA, 0xC69A,
  0xD6FB, 0xD71C, 0xD71C, 0xD71C, 0xDF1C, 0xD71C, 0xDF3D, 0xDF5D, 0xE75D, 0xDF5D, 0xE75D, 0xEF9E, 0xF7BE, 0xDF3D, 0xCEDB, 0xD6FB,
  0xDF1C, 0xE75D, 0xE79E, 0xDF3C, 0xBE9A, 0xC6BB, 0x84D2, 0x21A3, 0x2183, 0x4101, 0xC9E1, 0x78C0, 0x18A1, 0x0840, 0x4080, 0x50A0,
  0x0800, 0x0000, 0x0800, 0x1800, 0x1020, 0x1820, 0x1020, 0x1000, 0x1040, 0x20C0, 0x1080, 0x18C0, 0x1060, 0x1860, 0x20A0, 0x0840,
  0x0860, 0x0000, 0x0020, 0x0860, 0x1901, 0x18E0, 0x38E1, 0x78E1, 0xB9A1, 0xC8E0, 0xEA42, 0xFA62, 0xB101, 0x0000, 0x0000, 0x0000,
  0x0000, 0x0000, 0x0000, 0x10A3, 0x4ACD, 0x42AC, 0x42AC, 0x42AC, 0x42CD, 0x4ACD, 0x4AED, 0x5B4E, 0xD6DB, 0xDF3C, 0xCEBB, 0xCEBB,
  0xC69B, 0xBE59, 0xBE39, 0xBE39, 0xCE7A, 0xD6DB, 0xCEDB, 0xC659, 0xC659, 0xC659, 0xC679, 0xD6DB, 0xCEBA, 0xC67A, 0xBE59, 0xC67A,
  0xD6DB, 0xD71C, 0xD6FC, 0xD71C, 0xD71C, 0xDF3C, 0xDF5D, 0xE77D, 0xE77D, 0xEF9E, 0xEFBE, 0xEF9E, 0xE79E, 0xDF3C, 0xD6FB, 0xD6FB,
  0xDF1C, 0xE77D, 0xE77D, 0xDF3C, 0xDF5D, 0xA617, 0x3AC7, 0x21C3, 0x3901, 0xD220, 0xB960, 0x1800, 0x20E1, 0x0840, 0x1820, 0x2880,
  0x0000, 0x1000, 0x0800, 0x1000, 0x2020, 0x1000, 0x1820, 0x2040, 0x1060, 0x2100, 0x1880, 0x18C0, 0x1080, 0x1880, 0x2080, 0x1860,
  0x20C0, 0x0840, 0x0000, 0x0020, 0x0880, 0x0860, 0x28A0, 0x68A0, 0xC9A0, 0xD9E1, 0xE1A1, 0xFA41, 0x8860, 0x0000, 0x0000, 0x0000,
  0x0000, 0x0000, 0x0000, 0x1905, 0x4B0E, 0x42AC, 0x42AC, 0x42AC, 0x42CD, 0x4AED, 0x4B0D, 0x4AED, 0x9D56, 0xE75D, 0xCEBB, 0xD6DB,
  0xCEBB, 0xBE79, 0xBE39, 0xBE39, 0xCE79, 0xD6DA, 0xCEBA, 0xC659, 0xC679, 0xC659, 0xC679, 0xD71B, 0xC67A, 0xBE59, 0xBE59, 0xC679,
  0xCEDB, 0xD6FC, 0xD6FC, 0xD6FC, 0xDF3C, 0xD73D, 0xC6FC, 0xEF9E, 0xF7DE, 0xEF9E, 0xE77D, 0xE77D, 0xE77E, 0xDF3C, 0xD6FB, 0xD6FC,
  0xDF1C, 0xEF9D, 0xE79D, 0xCEFC, 0xCF1B, 0xA46A, 0x6AC2, 0x3982, 0xB1E0, 0xD9C0, 0x4040, 0x18C0, 0x4A01, 0x1080, 0x0000, 0x2081,
  0x0000, 0x1020, 0x1820, 0x1800, 0x1020, 0x1820, 0x1820, 0x2860, 0x1840, 0x1060, 0x1080, 0x18C0, 0x1080, 0x1040, 0x2060, 0x2880,
  0x1880, 0x1080, 0x0820, 0x0840, 0x20C0, 0x1880, 0x1860, 0x3880, 0x68A0, 0x9060, 0xD100, 0xF9A0, 0x5020, 0x0000, 0x0000, 0x0000,
  0x0000, 0x0000, 0x0000, 0x2166, 0x4B2E, 0x42CD, 0x42CD, 0x42CC, 0x42CD, 0x4AED, 0x530E, 0x4B0D, 0x63D0, 0xD71C, 0xD71C, 0xCEDB,
  0xD6FB, 0xC67A, 0xBE39, 0xC659, 0xCE79, 0xDEDA, 0xDEFB, 0xCE79, 0xC679, 0xC679, 0xCE9A, 0xCEBB, 0xBE59, 0xBE59, 0xBE59, 0xBE59,
  0xD6FB, 0xD6FC, 0xD6FC, 0xDF3C, 0xD71C, 0xBEDC, 0xB6BC, 0xD73D, 0xE77E, 0xDF5D, 0xDF5D, 0xE77D, 0xE77E, 0xDF3C, 0xD6FB, 0xD6FC,
  0xDF3C, 0xEF9E, 0xD75D, 0xAEBB, 0x54D0, 0x5345, 0x8AA2, 0xC1E0, 0xD980, 0x70A0, 0x1060, 0x5A41, 0x5A81, 0x0080, 0x0820, 0x1040,
  0x0800, 0x0800, 0x1820, 0x2840, 0x1000, 0x2040, 0x2060, 0x3080, 0x28A0, 0x0000, 0x0840, 0x20E0, 0x20C0, 0x20A0, 0x38C1, 0x7941,
  0x40C0, 0x1060, 0x20A0, 0x1880, 0x28C0, 0x3901, 0x30A0, 0x2040, 0x3860, 0x7860, 0xC8E0, 0xF9A1, 0x3000, 0x0000, 0x0000, 0x0000,
  0x0000, 0x0000, 0x0000, 0x29A7, 0x4B0E, 0x42CD, 0x4ACD, 0x42CD, 0x4ACD, 0x4AED, 0x530E, 0x532E, 0x4B0D, 0xB618, 0xE75D, 0xCEDB,
  0xD6DB, 0xCEDB, 0xC659, 0xB618, 0xA5D7, 0xADD8, 0xB618, 0xBE38, 0xC679, 0xCE79, 0xBE79, 0xC6BB, 0xBE59, 0xBE39, 0xBE59, 0xBE59,
  0xCEDB, 0xD71C, 0xD73C, 0xCF1C, 0xB6BC, 0xB6DC, 0xB6DC, 0xBEFC, 0xDF5D, 0xDF5D, 0xDF5D, 0xE77D, 0xE77E, 0xE73C, 0xDF1C, 0xD71C,
  0xD71C, 0xD73D, 0xDF7E, 0xAE9A, 0x652F, 0x3BC7, 0x3181, 0xCA40, 0xC180, 0x50E0, 0x3180, 0x5260, 0x29A0, 0x0040, 0x0820, 0x0841,
  0x1000, 0x0800, 0x1000, 0x2040, 0x2040, 0x2880, 0x40E0, 0x28A0, 0x28C0, 0x1880, 0x0840, 0x28C0, 0x3100, 0x20E0, 0x1080, 0x48C0,
  0x8141, 0x0000, 0x1040, 0x28A0, 0x2080, 0x50E1, 0x6901, 0x4860, 0x78C1, 0x6840, 0x8820, 0xC0A0, 0x2000, 0x0000, 0x0000, 0x0000,
  0x0000, 0x0000, 0x0000, 0x3209, 0x534F, 0x532E, 0x534F, 0x534F, 0x536F, 0x5B4F, 0x5B4F, 0x5B6F, 0x532E, 0x8CF4, 0xE75D, 0xD71C,
  0xC69A, 0xB639, 0xA5D8, 0x9DB7, 0x9D97, 0x9D97, 0x9DB7, 0x9DB7, 0xC679, 0xC659, 0xBE59, 0xCEBB, 0xC679, 0xBE39, 0xBE59, 0xBE59,
  0xD6FB, 0xDF3C, 0xBEDC, 0xAE9C, 0xB6BC, 0xB6BC, 0xB6DC, 0xBEFC, 0xD75D, 0xE77D, 0xDF5D, 0xE77D, 0xEFBE, 0xE75D, 0xCEDB, 0xBEBB,
  0xBEBB, 0xC6FC, 0xEFBF, 0xA679, 0x5D2F, 0x5407, 0x39A1, 0xCB81, 0xC281, 0x7A01, 0x5280, 0x21A0, 0x0900, 0x0020, 0x0840, 0x0861,
  0x0800, 0x2020, 0x2020, 0x1000, 0x1820, 0x30C0, 0x3900, 0x2080, 0x1860, 0x28C0, 0x2080, 0x4921, 0x38E0, 0x1080, 0x1080, 0x0020,
  0x3060, 0x38A1, 0x1840, 0x5901, 0x3080, 0x3880, 0x4880, 0x58A0, 0x88E1, 0x8840, 0xB880, 0x8020, 0x0800, 0x0000, 0x0000, 0x0000,
  0x0000, 0x0000, 0x0000, 0x1905, 0x29A7, 0x2987, 0x29A7, 0x29C8, 0x31E8, 0x31E8, 0x3A09, 0x3A4A, 0x4AAC, 0x6BF0, 0xE77D, 0xEF7D,
  0xBE9A, 0xAE19, 0xA5F8, 0x9DB8, 0x9DB8, 0xA5F8, 0xAE39, 0xB639, 0xCEBA, 0xC69A, 0xC69A, 0xD6DB, 0xC6BA, 0xBE7A, 0xBE9A, 0xCEBB,
  0xDF1C, 0xC6DC, 0xAE9C, 0xB6BC, 0xB6DC, 0xB6DC, 0xBEDC, 0xC6FC, 0xCF3D, 0xEFBE, 0xE79E, 0xEFBE, 0xE79E, 0xBEDC, 0xBEDC, 0xCF1D,
  0xCF3D, 0xBEFC, 0xCF5E, 0x6DF5, 0x34AD, 0x4BA5, 0xABE1, 0xDB00, 0x70E0, 0x39A1, 0x3241, 0x19E2, 0x00C0, 0x0020, 0x0841, 0x0861,
  0x1000, 0x3020, 0x3040, 0x2020, 0x2060, 0x1060, 0x1080, 0x28C0, 0x20A0, 0x20A0, 0x3100, 0x30E0, 0x4921, 0x30C0, 0x1060, 0x1860,
  0x50E1, 0x48C1, 0x2880, 0x50C1, 0x48A1, 0x4080, 0x58A0, 0x4040, 0x5840, 0xB880, 0xF0E0, 0x90C1, 0x0000, 0x0000, 0x0000, 0x0000,
  0x0000, 0x0000, 0x0000, 0x0000, 0x0000, 0x0000, 0x0000, 0x0000, 0x0000, 0x0000, 0x0000, 0x0000, 0x0021, 0x1082, 0xA4F3, 0xE77D,
  0xB67A, 0xAE39, 0xAE39, 0xA619, 0xA619, 0xAE39, 0xAE19, 0xAE39, 0xB65A, 0xC6BB, 0xCEFB, 0xCEDB, 0xCEDB, 0xCEFC, 0xD71C, 0xDF3C,
  0xC6DC, 0xB69C, 0xB6BC, 0xB6BC, 0xC6FC, 0xC6FC, 0xC6FC, 0xC6FC, 0xC71C, 0xDF7E, 0xE79E, 0xCF3D, 0xBEFD, 0xBF1D, 0xCF3D, 0xC71D,
  0xCF3D, 0xB6FC, 0xA6BB, 0x7DF0, 0x8D6B, 0xB4A2, 0xD340, 0xEB40, 0x9200, 0x0941, 0x01C1, 0x09A1, 0x0060, 0x0020, 0x0841, 0x1082,
  0x3860, 0x2820, 0x3040, 0x40A0, 0x28A0, 0x0860, 0x10C0, 0x18C0, 0x28A0, 0x28C0, 0x3920, 0x20E0, 0x20A0, 0x5921, 0x4901, 0x58E0,
  0x8141, 0x58C0, 0x3880, 0x3860, 0x3060, 0x58A0, 0x78C1, 0x8060, 0xA080, 0xD0E1, 0xF101, 0x6040, 0x0000, 0x0000, 0x0000, 0x0000,
  0x0000, 0x0000, 0x0000, 0x0000, 0x0000, 0x0000, 0x0000, 0x0000, 0x0000, 0x0000, 0x0000, 0x0000, 0x0020, 0x0000, 0x59A6, 0xA4F4,
  0x95F9, 0xAE5A, 0xAE39, 0xAE19, 0xAE19, 0xA618, 0xAE19, 0xB639, 0xB65A, 0xC69B, 0xCEDB, 0xC6BB, 0xCEFC, 0xD71C, 0xCEFC, 0xBEDC,
  0xB6BC, 0xB67B, 0xAE7B, 0xB67B, 0xB69B, 0xB67B, 0xAE7A, 0xAE7A, 0xBEDB, 0xC6DC, 0xA67B, 0xAE9B, 0xC6FC, 0xCF3D, 0xB6DC, 0x9E9B,
  0xC71D, 0xDF7E, 0xAEB9, 0xA5CD, 0xC563, 0xF561, 0xD2A0, 0xB1E0, 0x28C0, 0x0141, 0x01A1, 0x01C2, 0x0060, 0x0020, 0x0041, 0x10A3,
  0x3840, 0x4860, 0x2040, 0x2880, 0x1080, 0x18E0, 0x10A0, 0x10A0, 0x1880, 0x28A0, 0x38E0, 0x1880, 0x18C0, 0x4100, 0x6141, 0x8981,
  0xA9C2, 0x68C1, 0x8162, 0x7941, 0x3840, 0x5060, 0x8081, 0xA880, 0xE8C0, 0xE800, 0xE8A1, 0x5040, 0x0000, 0x0000, 0x0000, 0x0000,
  0x0000, 0x0000, 0x0000, 0x0000, 0x0000, 0x0000, 0x0000, 0x0000, 0x0000, 0x0000, 0x0000, 0x0000, 0x0020, 0x0020, 0x28A2, 0x82CA,
  0x73CF, 0x8D77, 0xA65A, 0x9DF9, 0xB639, 0xC679, 0xC69A, 0xC6BB, 0xBEBB, 0xB6BB, 0xBEBB, 0xCF1C, 0xCEFC, 0xBEBC, 0xB69C, 0xB69C,
  0xAE7B, 0xA63A, 0xA63A, 0xA63A, 0xA65B, 0x9E5A, 0x963A, 0xB6BB, 0xA69B, 0x7619, 0xBEDC, 0xCF1C, 0xC6FC, 0xB6FC, 0x9E9B, 0xB6FC,
  0xD75C, 0x8E56, 0x452E, 0x5BE5, 0xDC82, 0xFCC0, 0xFB60, 0x7140, 0x0101, 0x0961, 0x11E3, 0x0162, 0x0081, 0x0041, 0x0020, 0x10C3,
  0x60A0, 0x8100, 0x50E0, 0x28E0, 0x18E0, 0x1900, 0x1080, 0x0860, 0x0000, 0x38E0, 0x40E0, 0x28E0, 0x18A0, 0x20C0, 0x38C0, 0x7121,
  0x9982, 0x60E1, 0x6080, 0x3040, 0x3860, 0x68A1, 0x8820, 0xF941, 0xFB64, 0xFA84, 0xE8C1, 0x3800, 0x0000, 0x0000, 0x0000, 0x0000,
  0x0000, 0x0000, 0x0000, 0x0000, 0x0000, 0x0000, 0x0000, 0x0000, 0x0000, 0x0000, 0x0000, 0x0000, 0x0000, 0x0000, 0x0820, 0x69C6,
  0xAAC8, 0xA3AC, 0x6C51, 0x6D15, 0x85B7, 0xB659, 0x8DB7, 0x4CD4, 0x2CB3, 0x1CB3, 0x1C93, 0x5D55, 0xB6BB, 0xAE7B, 0xAE7B, 0xAE7B,
  0xAE7C, 0xA67B, 0xA67B, 0xAE9C, 0xBEDC, 0xBEFC, 0x9EDC, 0x663A, 0x1D56, 0x2DB8, 0xBF3D, 0xBF1C, 0x9E9B, 0xBF1C, 0xCF5D, 0x8EDA,
  0x5E76, 0x0CEC, 0x55AB, 0xC482, 0xC9C0, 0xC9C0, 0x70E0, 0x39A1, 0x1222, 0x0182, 0x0182, 0x0121, 0x0061, 0x0041, 0x0020, 0x1904,
  0x60C0, 0x7960, 0x5120, 0x20C0, 0x2100, 0x10A0, 0x0860, 0x1080, 0x0820, 0x6161, 0x4900, 0x38E0, 0x4101, 0x28A0, 0x1840, 0x7941,
  0x9162, 0x7921, 0xB982, 0x7060, 0x2800, 0x80A1, 0xB0C2, 0xB820, 0xF1A2, 0xFC69, 0xF328, 0x2000, 0x0000, 0x0000, 0x0000, 0x0000,
  0x0000, 0x0000, 0x0000, 0x0000, 0x0000, 0x0000, 0x0000, 0x0000, 0x0000, 0x0000, 0x0000, 0x0000, 0x0000, 0x0000, 0x0000, 0x7103,
  0xBA26, 0xCB08, 0x8AA8, 0x634C, 0x6CB3, 0x6D76, 0x1C31, 0x1CB2, 0x1C72, 0x140F, 0x3C8F, 0x5D53, 0x9E7A, 0xAE7B, 0xA65B, 0xA65B,
  0xA65B, 0xA65B, 0xB6BC, 0xC71D, 0xA6FC, 0x6E5A, 0x1556, 0x0536, 0x2DB8, 0x2DB7, 0x9EFC, 0xAEFB, 0x9EBB, 0xA73C, 0x4E77, 0x05B3,
  0x0DF4, 0x254E, 0xAD03, 0xFC20, 0xC920, 0x8101, 0x1981, 0x1A22, 0x1202, 0x0161, 0x09E3, 0x0122, 0x0041, 0x0041, 0x0000, 0x1904,
  0x7100, 0x61A0, 0x51A0, 0x20E0, 0x2120, 0x2120, 0x18C0, 0x18A0, 0x30E0, 0x8201, 0x69A1, 0x5161, 0x30C0, 0x30A0, 0x58E1, 0x9141,
  0x68E1, 0x4060, 0x9962, 0xD982, 0x5820, 0x3820, 0xA902, 0x7800, 0xA000, 0xA800, 0xA040, 0x1000, 0x0000, 0x0000, 0x0000, 0x0000,
  0x0000, 0x0000, 0x0000, 0x0000, 0x0000, 0x0000, 0x0000, 0x0000, 0x0000, 0x0000, 0x0000, 0x0000, 0x0000, 0x0000, 0x0000, 0x7943,
  0xE266, 0xB9E5, 0xCA87, 0xCB08, 0x82E9, 0x3B6D, 0x0B4D, 0x2451, 0x23EF, 0x6C8D, 0xFFB1, 0xAED5, 0x9699, 0xA67A, 0xAE9B, 0xAE9B,
  0xB6BC, 0xC6FD, 0xA6FC, 0x5DF8, 0x0D36, 0x0577, 0x25D8, 0x2556, 0x1CD4, 0x0C93, 0x7E99, 0xDFDE, 0x6658, 0x0D73, 0x0635, 0x05B3,
  0x0531, 0x33A5, 0xDB40, 0xD240, 0x7900, 0x1961, 0x1282, 0x1222, 0x0161, 0x09E3, 0x09C3, 0x00E1, 0x0041, 0x0061, 0x0041, 0x10E4,
  0xA1E0, 0x6140, 0x4160, 0x20E0, 0x2960, 0x31A0, 0x18E0, 0x20E0, 0x18A0, 0x5961, 0x30C0, 0x20A0, 0x4921, 0x38E1, 0x91C2, 0x8141,
  0x4080, 0x1020, 0x2000, 0xB9C3, 0x78A1, 0x1000, 0x7040, 0x9061, 0xA840, 0xC8E1, 0xA8E2, 0x1000, 0x0000, 0x0000, 0x0000, 0x0000,
  0x0000, 0x0000, 0x0000, 0x0000, 0x0000, 0x0000, 0x0000, 0x0000, 0x0000, 0x0000, 0x0000, 0x0000, 0x0000, 0x0000, 0x0000, 0x28A2,
  0x71A5, 0xA1E6, 0xCA46, 0xEAA7, 0xE369, 0x7A88, 0x1249, 0x0228, 0x2B4D, 0x32C9, 0xD60D, 0xF7B4, 0x8698, 0x9EBB, 0xCF3D, 0xAEDB,
  0x865A, 0x5E39, 0x0D35, 0x0473, 0x0433, 0x1536, 0x0C52, 0x0390, 0x0411, 0x1576, 0x5EDA, 0x4E98, 0x0573, 0x04B1, 0x2DD5, 0x0D32,
  0x258E, 0xBCA2, 0xC1C0, 0x78C0, 0x18E1, 0x01E2, 0x0A42, 0x0182, 0x0142, 0x0982, 0x0162, 0x00C2, 0x0021, 0x0021, 0x0862, 0x10E4,
  0x8960, 0x71C0, 0x3960, 0x3180, 0x2940, 0x3160, 0x3180, 0x3140, 0x3120, 0x7181, 0x4900, 0x38E1, 0x30A0, 0x7161, 0xB1A1, 0x3820,
  0x50A1, 0x50A1, 0x1800, 0xA101, 0xC962, 0x6040, 0x6840, 0x8861, 0xC041, 0xD8A1, 0xC102, 0x0800, 0x0000, 0x0000, 0x0000, 0x0000,
  0x0000, 0x0000, 0x0000, 0x0000, 0x0000, 0x0000, 0x0000, 0x0000, 0x0000, 0x0000, 0x0000, 0x0000, 0x0000, 0x0000, 0x0000, 0x40A1,
  0x6163, 0x4123, 0x6964, 0xAA06, 0xCA46, 0xBA26, 0x7A68, 0x3248, 0x22CB, 0x1A8A, 0x4247, 0xA44B, 0x6490, 0x5DB6, 0x8E99, 0x55F7,
  0x2DD7, 0x0D96, 0x25D7, 0x04D4, 0x0516, 0x2619, 0x0432, 0x0D14, 0x1DF7, 0x2699, 0x0D33, 0x040F, 0x0D33, 0x03AD, 0x144F, 0x4697,
  0x6D68, 0xFCC1, 0xF401, 0x8A01, 0x1981, 0x1242, 0x1AE2, 0x0161, 0x0162, 0x0122, 0x0123, 0x0082, 0x0021, 0x0020, 0x0882, 0x1904,
  0x7960, 0x61C0, 0x49E0, 0x3180, 0x39A0, 0x41E0, 0x2120, 0x3160, 0x3100, 0x79C1, 0x5120, 0x5961, 0x91E1, 0xBA41, 0xDA82, 0x9141,
  0x4820, 0x4040, 0x6060, 0xD1C2, 0x80A1, 0x6840, 0x8081, 0x3000, 0x6840, 0xC041, 0x9820, 0x0000, 0x0000, 0x0000, 0x0000, 0x0000,
  0x0000, 0x0000, 0x0000, 0x0000, 0x0000, 0x0000, 0x0000, 0x0000, 0x0000, 0x0000, 0x0000, 0x0000, 0x0000, 0x0000, 0x0000, 0x3881,
  0xA224, 0x79A4, 0x3903, 0x69C4, 0x71A4, 0x81C4, 0x8184, 0x9288, 0x8B6B, 0x6AEA, 0x82C8, 0x82A7, 0x22C9, 0x1BED, 0x2CAF, 0x1CAF,
  0x35B3, 0x4E57, 0x871A, 0x2DD6, 0x5EDB, 0x6F1B, 0x04B3, 0x46B9, 0x2E16, 0x0512, 0x1491, 0x02EB, 0x02EB, 0x2CB0, 0x24D0, 0x14CC,
  0x9D25, 0x9AC0, 0xABC3, 0x29A0, 0x01A1, 0x1221, 0x3323, 0x0101, 0x0122, 0x0122, 0x0123, 0x0061, 0x0021, 0x0000, 0x10A3, 0x10C3,
  0x9220, 0x7A81, 0x2940, 0x3160, 0x4200, 0x41E0, 0x2100, 0x49E0, 0x20A0, 0x5161, 0x81E1, 0x7960, 0xE2E1, 0x78E1, 0x6080, 0xC1C2,
  0xD9A2, 0x8880, 0xC1A3, 0x70C1, 0x2000, 0x6861, 0x6881, 0x2800, 0x3800, 0x9060, 0xB0C1, 0x0800, 0x0000, 0x0000, 0x0000, 0x0000,
  0x0000, 0x0000, 0x0000, 0x0000, 0x0000, 0x0000, 0x0000, 0x0000, 0x0000, 0x0000, 0x0000, 0x0000, 0x0000, 0x0000, 0x0000, 0x1040,
  0x3903, 0x6963, 0x89E4, 0x9225, 0x5143, 0x49C5, 0x79E5, 0xB245, 0xAA05, 0xB245, 0xE46A, 0x7BEB, 0x344E, 0x0BAB, 0x0BCB, 0x038A,
  0x03CB, 0x4E35, 0x2512, 0x2D94, 0x4E36, 0x9F7C, 0x771B, 0x66B9, 0x038D, 0x02EB, 0x136D, 0x028A, 0x02CA, 0x0B4B, 0x1551, 0x6EB1,
  0xADC8, 0x2A41, 0x11E1, 0x4363, 0x1AC2, 0x22E2, 0x2A42, 0x0101, 0x0102, 0x0122, 0x0102, 0x0040, 0x0021, 0x0000, 0x1925, 0x0883,
  0x9AE0, 0x6220, 0x2940, 0x39C0, 0x4200, 0x3980, 0x3980, 0x6220, 0x3940, 0x61C0, 0xCB21, 0xEB81, 0xA940, 0x4060, 0x58A1, 0x80A1,
  0xC9E2, 0xD1A2, 0x8881, 0x6060, 0x2820, 0x2800, 0x4020, 0x3020, 0x6020, 0xD080, 0xB8C0, 0x0800, 0x0000, 0x0000, 0x0000, 0x0000,
  0x0000, 0x0000, 0x0000, 0x0000, 0x0000, 0x0000, 0x0000, 0x0000, 0x0000, 0x0000, 0x0000, 0x0000, 0x0000, 0x0000, 0x0000, 0x1820,
  0x4902, 0x30E2, 0x59A4, 0x71E5, 0x69E4, 0x7A25, 0x9AA7, 0x7AC7, 0x5328, 0x6B68, 0x8C0A, 0x1308, 0x0B69, 0x0308, 0x0B8A, 0x24CF,
  0x2510, 0x2511, 0x042F, 0x3D94, 0x56B7, 0x35D5, 0x2DD5, 0x56B9, 0x1D33, 0x02AA, 0x0228, 0x02EB, 0x032B, 0x030A, 0x0D70, 0x55A9,
  0x94A4, 0x2220, 0x22A1, 0x5404, 0x2362, 0x0A21, 0x0121, 0x0162, 0x0102, 0x0143, 0x00E2, 0x0041, 0x0000, 0x0021, 0x1905, 0x0883,
  0x9300, 0x5220, 0x41C0, 0x5220, 0x5220, 0x3160, 0x49C0, 0x8280, 0x51A0, 0x7A40, 0xB2C0, 0xFC21, 0xC201, 0x3840, 0x2840, 0x4880,
  0x6080, 0x4020, 0xA0E1, 0xB8C0, 0xA0E1, 0x7943, 0x4020, 0x4840, 0xB081, 0xF8E0, 0xB060, 0x0000, 0x0000, 0x0000, 0x0000, 0x0000,
  0x0000, 0x0000, 0x0000, 0x0000, 0x0000, 0x0000, 0x0000, 0x0000, 0x0000, 0x0000, 0x0000, 0x0000, 0x0000, 0x0000, 0x0000, 0x2020,
  0x8922, 0x48C1, 0x2103, 0x2103, 0x31A4, 0x72E7, 0x6B27, 0x43E9, 0x1BC9, 0x0B68, 0x2369, 0x1BCA, 0x0369, 0x0328, 0x02E7, 0x1CAE,
  0x138A, 0x1C2D, 0x2573, 0x5635, 0x2CCF, 0x03CC, 0x042E, 0x044F, 0x25D4, 0x14F1, 0x03EE, 0x03EE, 0x03AC, 0x1530, 0x2EB3, 0x9EA9,
  0x93E2, 0x83E4, 0x3302, 0x2302, 0x3362, 0x3AE2, 0x0160, 0x0121, 0x0102, 0x0102, 0x00C2, 0x0041, 0x0000, 0x0862, 0x10C4, 0x08C4,
  0x7280, 0x5240, 0x5220, 0x8AC1, 0x8A60, 0x4960, 0x7260, 0x8280, 0x4160, 0x59C0, 0x9A40, 0xAA20, 0xB201, 0x50A0, 0x3040, 0x88E1,
  0x88C1, 0x4840, 0x90E1, 0xC181, 0x4800, 0x3840, 0x3040, 0x68A1, 0x8840, 0xE0C0, 0xA060, 0x0800, 0x0000, 0x0000, 0x0000, 0x0000,
  0x0000, 0x0000, 0x0000, 0x0000, 0x0000, 0x0000, 0x0000, 0x0000, 0x0000, 0x0000, 0x0000, 0x0000, 0x0000, 0x0000, 0x0000, 0x1820,
  0x9141, 0x68E1, 0x30E2, 0x20E2, 0x2143, 0x2225, 0x2B47, 0x23A7, 0x1326, 0x02C6, 0x02A6, 0x0B28, 0x0B89, 0x0328, 0x0348, 0x0368,
  0x0204, 0x2C4D, 0x5E14, 0x5DF3, 0x1D70, 0x0349, 0x02E9, 0x02E9, 0x03EB, 0x5695, 0x3D92, 0x032A, 0x0C2D, 0x0CCD, 0x048A, 0x6485,
  0x31A0, 0x1961, 0x01A0, 0x3BA3, 0x63E3, 0x6341, 0x0981, 0x0101, 0x0122, 0x0102, 0x0082, 0x0041, 0x0000, 0x08A3, 0x08A3, 0x19A7,
  0x6A00, 0x6200, 0x61A0, 0xB281, 0xC2C1, 0x8A20, 0x9B01, 0x6A00, 0x51C0, 0x59C0, 0x71C0, 0x7961, 0x5080, 0x60E1, 0xB182, 0xA921,
  0x5880, 0x2820, 0x5060, 0x70A0, 0x4881, 0x4081, 0x3860, 0x5040, 0x9860, 0xE120, 0x9040, 0x2000, 0x0000, 0x0000, 0x0000, 0x0000,
  0x0000, 0x0000, 0x0000, 0x0000, 0x0000, 0x0000, 0x0000, 0x0000, 0x0000, 0x0000, 0x0000, 0x0000, 0x0000, 0x0000, 0x0000, 0x1800,
  0xCA03, 0x9122, 0x40C1, 0x4143, 0x3163, 0x21A4, 0x21E4, 0x2AC6, 0x1B46, 0x02E6, 0x0307, 0x0286, 0x02A6, 0x1BC8, 0x13C9, 0x0368,
  0x0286, 0x02A6, 0x34CC, 0x3DB0, 0x25B1, 0x03AA, 0x0286, 0x0245, 0x0307, 0x1C8C, 0x4591, 0x038A, 0x0BEB, 0x0349, 0x1BA7, 0x7C44,
  0x1140, 0x2222, 0x2B03, 0x12A2, 0x8442, 0x6342, 0x0121, 0x0121, 0x0122, 0x00E2, 0x0061, 0x0021, 0x0020, 0x10E4, 0x0062, 0x2A8B,
  0xC2C1, 0xDC64, 0xEB82, 0xB9A0, 0x58A0, 0x79C0, 0x92C0, 0x6A20, 0x7AA0, 0x7A61, 0x79A1, 0xC262, 0x7101, 0x78C1, 0x7881, 0x4020,
  0x1000, 0x4060, 0x58A1, 0x3040, 0x3860, 0x2040, 0x1020, 0x6000, 0xFA40, 0xFC81, 0xC8E0, 0x1800, 0x0000, 0x0000, 0x0000, 0x0000,
  0x0000, 0x0000, 0x0000, 0x0000, 0x0000, 0x0000, 0x0000, 0x0000, 0x0000, 0x0000, 0x0000, 0x0000, 0x0000, 0x0000, 0x0000, 0x3000,
  0xE9C1, 0xC9C1, 0x4000, 0x2881, 0x4182, 0x41A3, 0x2942, 0x18E2, 0x5345, 0x2BE6, 0x0B46, 0x0A44, 0x0243, 0x2385, 0x13A6, 0x1C69,
  0x2489, 0x54A9, 0x3CA8, 0x23A7, 0x1348, 0x146C, 0x0328, 0x02A6, 0x0327, 0x0306, 0x1C6A, 0x1CED, 0x0CCD, 0x35B1, 0x6CE7, 0xC543,
  0x6BA3, 0x5BC4, 0x0A01, 0x2261, 0x8BC1, 0x2A83, 0x09C2, 0x0141, 0x0963, 0x00C1, 0x0020, 0x0000, 0x0041, 0x10E4, 0x0083, 0x3B0D,
  0xB201, 0xFCC4, 0xFAE1, 0x6820, 0x58A0, 0xC303, 0x92A0, 0x82A0, 0x7A61, 0x6980, 0x50C0, 0x3040, 0xA162, 0xD1E2, 0x88A1, 0x98E1,
  0x78C1, 0x5881, 0x4060, 0x3020, 0x3060, 0x1000, 0x3840, 0xA0A1, 0xE160, 0xE260, 0xD8C1, 0x3820, 0x0000, 0x0000, 0x0000, 0x0000,
  0x0000, 0x0000, 0x0000, 0x0000, 0x0000, 0x0000, 0x0000, 0x0000, 0x0000, 0x0000, 0x0000, 0x0000, 0x0000, 0x0000, 0x0000, 0x4840,
  0xF281, 0xF1E0, 0xC100, 0x88A0, 0x7102, 0x4922, 0x4162, 0x3183, 0x29C3, 0x5364, 0x5AE1, 0xB421, 0xA3A0, 0x6B63, 0x4426, 0x2C68,
  0x6D88, 0x2B84, 0x2BE6, 0x1AA3, 0x4B44, 0x558C, 0x0388, 0x0244, 0x1347, 0x1BA7, 0x2448, 0x660D, 0x254C, 0x142A, 0x8C63, 0x9341,
  0x2A21, 0x4384, 0x12A2, 0x73E1, 0x5281, 0x00C0, 0x0121, 0x0162, 0x0942, 0x0081, 0x0000, 0x0000, 0x0882, 0x08A3, 0x1987, 0x32CD,
  0x8162, 0xA9A1, 0xC180, 0xC980, 0xA141, 0xAA02, 0x6960, 0x7A60, 0x61C0, 0x6161, 0x7161, 0x90C0, 0xD181, 0xD1C2, 0x98A0, 0x9101,
  0x60A1, 0x3040, 0x4880, 0x40A1, 0x3061, 0x2020, 0x4061, 0x4020, 0x5000, 0x5820, 0x7000, 0x4020, 0x0000, 0x0000, 0x0000, 0x0000,
  0x0000, 0x0000, 0x0000, 0x0000, 0x0000, 0x0000, 0x0000, 0x0000, 0x0000, 0x0000, 0x0000, 0x0000, 0x0000, 0x0000, 0x0000, 0x4040,
  0xE2E1, 0xFA40, 0xFC02, 0xFBC2, 0xD160, 0x78A0, 0x48C1, 0x61C2, 0x5121, 0xAB21, 0xFDE1, 0xFD40, 0xFCC1, 0xDCA1, 0x7383, 0x2344,
  0x8DE4, 0x4C44, 0x2BA5, 0xA584, 0x8483, 0x3407, 0x0C08, 0x0B06, 0x0A03, 0x0AA4, 0x1406, 0x7E2C, 0x558A, 0x5C42, 0xE5A2, 0xD484,
  0x5B22, 0x22E4, 0x6424, 0xBD42, 0x1960, 0x0941, 0x0922, 0x0102, 0x0102, 0x0061, 0x0000, 0x0000, 0x10C3, 0x08A3, 0x2A4A, 0x1A2A,
  0x68C0, 0x8121, 0x60A1, 0x9161, 0xF2C1, 0xB960, 0x7120, 0x6180, 0x5960, 0x3060, 0x7101, 0xE9E1, 0xC981, 0x78C1, 0xB9C2, 0x80A0,
  0x4040, 0x3020, 0x48A1, 0x38A1, 0x3061, 0x3840, 0x4861, 0x4060, 0x6922, 0x88E2, 0xB100, 0x6060, 0x0000, 0x0000, 0x0000, 0x0000,
  0x0000, 0x0000, 0x0000, 0x0000, 0x0000, 0x0000, 0x0000, 0x0000, 0x0000, 0x0000, 0x0000, 0x0000, 0x0000, 0x0000, 0x0000, 0x2800,
  0x7020, 0xD9C0, 0xFD03, 0xFD43, 0xFAC0, 0xFB21, 0xDAE3, 0xDBA5, 0xFB41, 0xFB60, 0xD2A0, 0xDB41, 0xEC42, 0xAB01, 0x5A21, 0x73C3,
  0x9DA5, 0x3B62, 0x2B64, 0xADC4, 0x6423, 0x0AC3, 0x0B24, 0x0B25, 0x1A43, 0x3282, 0x0344, 0x4549, 0x9D45, 0xFEE3, 0xCCC1, 0x8342,
  0x4302, 0x0161, 0x8462, 0xC582, 0x2222, 0x19C3, 0x08E2, 0x00E2, 0x00C2, 0x0021, 0x0000, 0x0041, 0x08C3, 0x08A4, 0x1A0A, 0x53D0,
  0x88E0, 0xB1C1, 0x8941, 0x3800, 0xBA01, 0xF281, 0xA120, 0x6900, 0x71C2, 0x38A0, 0x60C0, 0xEB85, 0xC1A1, 0x5040, 0x9941, 0x80C1,
  0xB9C1, 0x80E0, 0x7901, 0x6880, 0x7880, 0x70A1, 0x5040, 0x4000, 0x8901, 0xD9E1, 0xFBC3, 0x9141, 0x0800, 0x0000, 0x0000, 0x0000,
  0x0000, 0x0000, 0x0000, 0x0000, 0x0000, 0x0000, 0x0000, 0x0000, 0x0000, 0x0000, 0x0000, 0x0000, 0x0000, 0x0000, 0x0000, 0x58E1,
  0xC1A1, 0xA060, 0xB0C0, 0xEAC0, 0xF280, 0xFCC3, 0xFA60, 0xE1A1, 0xB201, 0xB9C0, 0xE240, 0xD260, 0xEBA1, 0x88C0, 0x9241, 0xE4A2,
  0x6A00, 0x63C2, 0x2323, 0x3BA3, 0x64A5, 0x2364, 0x0283, 0x0263, 0x42A1, 0xCCE2, 0x5362, 0x3323, 0xC501, 0xE562, 0x49C1, 0x0180,
  0x5C86, 0x4B84, 0xC5A2, 0x83E2, 0x2223, 0x00E1, 0x00C2, 0x00E2, 0x0082, 0x0000, 0x0000, 0x08A3, 0x0062, 0x1987, 0x3B2E, 0x74B3,
  0x80E0, 0x9961, 0x8101, 0xA9C1, 0xA961, 0xC181, 0xC9C1, 0x78E0, 0x2860, 0x38A0, 0x50A0, 0x98C0, 0xD9E1, 0xB920, 0xC120, 0xD160,
  0xFA80, 0xEA81, 0xDA42, 0xC9A1, 0xC121, 0x8881, 0x80E1, 0xC222, 0xE161, 0xF100, 0xFCA3, 0xB303, 0x0800, 0x0000, 0x0000, 0x0000,
  0x0000, 0x0000, 0x0000, 0x0000, 0x0000, 0x0000, 0x0000, 0x0000, 0x0000, 0x0000, 0x0000, 0x0000, 0x0000, 0x0000, 0x0000, 0xA2C3,
  0xFC84, 0xC100, 0xA0A1, 0xA000, 0xDA61, 0xFC62, 0xFA60, 0xF1A0, 0x88A0, 0x2820, 0x8140, 0xF3E0, 0xFC81, 0xE200, 0xD180, 0xEA60,
  0xA160, 0xAB21, 0x8421, 0x3BC4, 0x1B23, 0x12C2, 0x0262, 0x0242, 0x7381, 0xFE60, 0xDD41, 0x9BA1, 0xFE61, 0x7A80, 0x4306, 0x3342,
  0x33A2, 0x9D43, 0xDE03, 0x4AC2, 0x11A2, 0x00C1, 0x0122, 0x0123, 0x0081, 0x0000, 0x0041, 0x0882, 0x0083, 0x32ED, 0x53F1, 0x32CC,
  0x68E0, 0x68E0, 0x3020, 0xA1C1, 0x88E0, 0x68C0, 0x60A0, 0x68C1, 0x3040, 0x5080, 0x60A0, 0xA100, 0xB8A0, 0xE220, 0xFA40, 0xFB41,
  0xB940, 0x8080, 0x4800, 0x6060, 0xB9E2, 0x8901, 0x98E1, 0xEAA2, 0xF241, 0xF3C2, 0xFD23, 0x8860, 0x0000, 0x0000, 0x0000, 0x0000,
  0x0000, 0x0000, 0x0000, 0x0000, 0x0000, 0x0000, 0x0000, 0x0000, 0x0000, 0x0000, 0x0000, 0x0000, 0x0000, 0x0000, 0x0800, 0xA242,
  0xFCA3, 0xEA60, 0xEA01, 0xD1E1, 0xC860, 0xE160, 0xFB21, 0xF1E0, 0xE980, 0x9120, 0x2860, 0x58E0, 0xCB41, 0xFCC3, 0xF4E3, 0xE260,
  0xB8E0, 0xC9A0, 0xBB61, 0x2242, 0x12E3, 0x1B64, 0x02C3, 0x0AA2, 0x8C02, 0xED80, 0xB401, 0x8B01, 0xED81, 0x5201, 0x1221, 0x09C0,
  0x09C0, 0xC582, 0xACC2, 0x2AA2, 0x2220, 0x0981, 0x0142, 0x0102, 0x0061, 0x0041, 0x0041, 0x0062, 0x1126, 0x436F, 0x2A6B, 0x11A8,
  0x7141, 0x60E0, 0x2820, 0x6901, 0x9981, 0x4080, 0x2860, 0x4080, 0x6060, 0xCA83, 0xB1A1, 0x9962, 0xBA03, 0xE2A0, 0xFB01, 0xF1A0,
  0xB960, 0x7901, 0x6081, 0xC241, 0xA961, 0xA982, 0xC9E1, 0xCA20, 0xFD83, 0xFD84, 0xE9A1, 0xC0E1, 0x2040, 0x0000, 0x0000, 0x0000,
  0x0000, 0x0000, 0x0000, 0x0000, 0x0000, 0x0000, 0x0000, 0x0000, 0x0000, 0x0000, 0x0000, 0x0000, 0x0000, 0x0000, 0x2860, 0xC2E5,
  0xF3E2, 0xFBE1, 0xEA20, 0xD920, 0xE323, 0xFA81, 0xEA00, 0xF320, 0xF1C0, 0xC940, 0x4880, 0x1040, 0x50E0, 0xCC22, 0xF644, 0xDB20,
  0xDA20, 0xE200, 0xD261, 0x6261, 0x12A2, 0x0B03, 0x02A3, 0x0AC3, 0x4B83, 0x42E2, 0x4282, 0xAC21, 0xB3C0, 0x0080, 0x11C0, 0x19E0,
  0x52A0, 0xDDA1, 0x3A60, 0x1A61, 0x7421, 0x2A40, 0x0941, 0x00C1, 0x0041, 0x0861, 0x0021, 0x08E5, 0x222B, 0x436F, 0x00E5, 0x4B4E,
  0x50A0, 0x8141, 0x4060, 0x3860, 0x68E1, 0xA1A2, 0x7101, 0x48A1, 0x99C3, 0xDA02, 0xD1C1, 0x78E1, 0x8982, 0xDA01, 0xFB42, 0xF303,
  0xF1E1, 0xE9C1, 0xEB43, 0xDB02, 0x7820, 0xA141, 0xFC03, 0xFD02, 0xD301, 0xE140, 0xF282, 0xF343, 0x4840, 0x0000, 0x0000, 0x0000,
  0x0000, 0x0000, 0x0000, 0x0000, 0x0000, 0x0000, 0x0000, 0x0000, 0x0000, 0x0000, 0x0000, 0x0000, 0x0000, 0x0000, 0x48A0, 0xF3E4,
  0xC981, 0xD261, 0xFDC7, 0xEBA5, 0xE2C3, 0xE221, 0xE1E0, 0xE9E0, 0xF240, 0xE1C0, 0xA140, 0x6961, 0x48E1, 0x3860, 0xA2A1, 0xF420,
  0xFC60, 0xF320, 0xD9C0, 0xD3C2, 0x8403, 0x2B62, 0x12E2, 0x0262, 0x0A62, 0x0AC3, 0x2A81, 0xCD42, 0xE5C3, 0x6A61, 0x4A20, 0x83A1,
  0xD561, 0x9420, 0x09C0, 0x32E1, 0x5301, 0x21E0, 0x19A1, 0x00C1, 0x0041, 0x0020, 0x0042, 0x0906, 0x3B4F, 0x224B, 0x2A6B, 0x6493,
  0x7121, 0x7101, 0x8141, 0x70E0, 0x60C1, 0xBA03, 0xA1C2, 0x4040, 0x7941, 0xCAE4, 0xB920, 0xA0E0, 0xC243, 0xD981, 0xE9E2, 0xF344,
  0xFC04, 0xB120, 0x88A0, 0xDB63, 0xE382, 0xF4A3, 0xBB22, 0x99A1, 0x7820, 0xE2E3, 0xD2E3, 0xC981, 0x9203, 0x0000, 0x0000, 0x0000,
  0x0000, 0x0000, 0x0000, 0x0000, 0x0000, 0x0000, 0x0000, 0x0000, 0x0000, 0x0000, 0x0000, 0x0000, 0x0000, 0x0000, 0x6101, 0xFC83,
  0xDA41, 0x9800, 0xD222, 0xFDE7, 0xFD23, 0xD200, 0xC980, 0xB961, 0xDA40, 0xF320, 0xE200, 0xD2C2, 0x6941, 0x38C1, 0x2840, 0x7120,
  0xE3C0, 0xF361, 0xA0C0, 0x61A0, 0x5B62, 0x2B22, 0x2302, 0x53C4, 0x3363, 0x4C24, 0x9442, 0xEE85, 0xE522, 0xA380, 0x9BA1, 0xCCA1,
  0xDDA1, 0x42A1, 0x3322, 0x2A82, 0x1140, 0x3261, 0x1181, 0x00A1, 0x0041, 0x0000, 0x0062, 0x11A8, 0x3B90, 0x224B, 0x53F1, 0x6451,
  0x6921, 0x2840, 0x4080, 0xCAC2, 0x9141, 0x7901, 0x60C1, 0x89A3, 0xB1E2, 0xD261, 0xDA61, 0xE241, 0xDA01, 0xCA22, 0xB0E1, 0xC961,
  0xFC64, 0xA9C2, 0x88E1, 0xC2E2, 0xECC3, 0xD382, 0x58C0, 0x5921, 0xAA63, 0xB1E2, 0xA0E1, 0xE1E0, 0xCB04, 0x1800, 0x0000, 0x0000,
  0x0000, 0x0000, 0x0000, 0x0000, 0x0000, 0x0000, 0x0000, 0x0000, 0x0000, 0x0000, 0x0000, 0x0000, 0x0000, 0x0800, 0x7920, 0xEAE2,
  0xFC04, 0xEA61, 0xDAA2, 0xB140, 0xD2E0, 0xF542, 0xDB61, 0xB960, 0xC1A0, 0xF461, 0xEA40, 0xF2E1, 0xA180, 0x6121, 0x7203, 0x2860,
  0x4060, 0x8181, 0x6921, 0x20E0, 0x2A21, 0x1A41, 0x11E0, 0x4B62, 0x53E2, 0x5381, 0xB4A1, 0xFE86, 0xA320, 0x4A81, 0x5220, 0xEDE2,
  0x9401, 0x19E1, 0x1221, 0x0161, 0x00C1, 0x1141, 0x08E1, 0x08A1, 0x0021, 0x0020, 0x0083, 0x2A8C, 0x3B4E, 0x3B2E, 0x5BF0, 0x8D55,
  0x48C0, 0x6940, 0x7100, 0xAA62, 0x7961, 0x58C1, 0x50E1, 0x2040, 0x78C0, 0xE280, 0xDB02, 0xB1E1, 0xE3A3, 0xEB23, 0xC223, 0xD200,
  0xFC02, 0xE341, 0xF462, 0xDC03, 0x99A1, 0x60E1, 0x8202, 0x3080, 0x5921, 0x88E0, 0xE261, 0xFC43, 0xCC06, 0x2000, 0x0000, 0x0000,
  0x0000, 0x0000, 0x0000, 0x0000, 0x0000, 0x0000, 0x0000, 0x0000, 0x0000, 0x0000, 0x0000, 0x0000, 0x0000, 0x1000, 0xCBA2, 0xFD02,
  0xEB22, 0xEBE4, 0xE405, 0xCB01, 0xA140, 0xD320, 0xFD61, 0xE441, 0xC920, 0xD120, 0xB920, 0xC1E0, 0xA9C0, 0xA282, 0xC406, 0x6162,
  0x5962, 0x2880, 0x28E1, 0x2900, 0x6AA3, 0x8B42, 0x6AC2, 0x3A41, 0x4AE1, 0x41E0, 0xDE05, 0xD503, 0x6240, 0x52A0, 0x8B40, 0xB4C2,
  0x2200, 0x1A01, 0x3281, 0x00C0, 0x00A1, 0x00E1, 0x08E1, 0x0081, 0x0000, 0x0042, 0x0926, 0x330E, 0x330D, 0x436F, 0x84F4, 0x8D34,
  0x79E2, 0x7100, 0xB1E0, 0x9180, 0x50A0, 0x58A0, 0x50E1, 0x48C1, 0x8981, 0xD2A2, 0x91E2, 0x48C1, 0x7161, 0xEC43, 0xD1E1, 0xDAA1,
  0xF341, 0xD301, 0xC322, 0x68C0, 0x48E1, 0x81C2, 0x48E1, 0x38A0, 0x89A2, 0xCAC2, 0xEBE2, 0xFD85, 0xED06, 0x5060, 0x0000, 0x0000,
  0x0000, 0x0000, 0x0000, 0x0000, 0x0000, 0x0000, 0x0000, 0x0000, 0x0000, 0x0000, 0x0000, 0x0000, 0x0000, 0x40C1, 0xEC43, 0xFC40,
  0xFCC3, 0xDAA1, 0xA8C0, 0xED64, 0xF5C3, 0xC241, 0xB180, 0xED22, 0xEC01, 0xD1E0, 0xD1E1, 0xB180, 0x6941, 0xA324, 0x9282, 0x5901,
  0xDB84, 0x99E1, 0x58E1, 0x5981, 0x5A21, 0x7281, 0x82E2, 0x62A1, 0x9341, 0xAB60, 0xFF46, 0xBBE1, 0x8AC0, 0xCCC1, 0xEDC3, 0x5301,
  0x09C0, 0x4B22, 0x3262, 0x0060, 0x00C1, 0x0921, 0x1101, 0x0021, 0x0000, 0x0083, 0x226B, 0x330E, 0x3B0D, 0x4BAF, 0x8D55, 0x6431,
  0x89E2, 0xA1E0, 0xE403, 0xDC04, 0xA222, 0xC3E4, 0x81E2, 0x91E2, 0xA202, 0xBAA3, 0x91E1, 0x4102, 0x3060, 0x8201, 0xEBE2, 0xEB20,
  0xF3A2, 0xB222, 0xA1C1, 0x7141, 0x4080, 0x79A1, 0x6141, 0x58E1, 0xBAA3, 0xBA62, 0xF545, 0xF341, 0xF423, 0x89E2, 0x0000, 0x0000,
  0x0000, 0x0000, 0x0000, 0x0000, 0x0000, 0x0000, 0x0000, 0x0000, 0x0000, 0x0000, 0x0000, 0x0000, 0x0000, 0x6941, 0xFD65, 0xFD03,
  0xF2C0, 0xE260, 0xDB63, 0xED23, 0xE503, 0xEB81, 0xD241, 0xC9E0, 0xECA3, 0xF584, 0xEB61, 0xD281, 0x6141, 0x2840, 0x38C0, 0x4080,
  0xBA82, 0xF2E1, 0xE282, 0x9181, 0x18C0, 0x1900, 0x3180, 0x49E0, 0xCC80, 0xFEA5, 0xF664, 0xAB40, 0xBC82, 0xFEA3, 0xBD24, 0x1A40,
  0x2281, 0x3302, 0x0161, 0x00C1, 0x0921, 0x08E1, 0x0061, 0x0020, 0x0021, 0x1147, 0x3B6F, 0x3B2E, 0x434E, 0x6431, 0x6C51, 0x74D3,
  0x8161, 0xDBA3, 0xF544, 0x8A62, 0x3040, 0x8A63, 0xB323, 0xC302, 0x9A23, 0x99E2, 0xE404, 0x9242, 0x50E1, 0x58C0, 0xDB41, 0xF484,
  0xC261, 0xA1C1, 0xAA21, 0x7161, 0x6121, 0x9A43, 0xA263, 0xAA83, 0x4880, 0x6060, 0xBA21, 0xF4C4, 0xFE47, 0xB343, 0x1000, 0x0000,
  0x0000, 0x0000, 0x0000, 0x0000, 0x0000, 0x0000, 0x0000, 0x0000, 0x0000, 0x0000, 0x0000, 0x0000, 0x0800, 0xA2A2, 0xFBE2, 0xE2C0,
  0xF380, 0xC960, 0xB920, 0xE403, 0xEDE5, 0xF5E4, 0xFD44, 0xD383, 0xA900, 0xCB03, 0xDB41, 0xFD45, 0xDC85, 0x8160, 0x81A1, 0x7161,
  0x7100, 0x80C0, 0x80E0, 0x7101, 0x5981, 0x1100, 0x39E0, 0x8B60, 0xC440, 0xFF66, 0xC481, 0xC4C2, 0x9B60, 0xCD85, 0x4261, 0x0A20,
  0x0200, 0x1AC2, 0x0961, 0x0901, 0x1182, 0x00A1, 0x0021, 0x0000, 0x0062, 0x226B, 0x3B6F, 0x32ED, 0x5C31, 0x6C31, 0x53AF, 0x7D55,
  0xB242, 0xDC43, 0xDBE1, 0x4860, 0x4921, 0x3060, 0x6182, 0xDB83, 0x8181, 0x3800, 0xAA62, 0xD3E5, 0xB282, 0xD382, 0xD3A3, 0xC2A3,
  0xCA61, 0x8120, 0x9181, 0x7162, 0x71A2, 0x6982, 0x6121, 0x89E2, 0x8243, 0xAB04, 0xA940, 0xEC84, 0xF4E4, 0xDC01, 0x7183, 0x1061,
  0x0000, 0x0000, 0x0000, 0x0000, 0x0000, 0x0000, 0x0000, 0x0000, 0x0000, 0x0000, 0x0000, 0x0000, 0x2000, 0xDCC4, 0xFF03, 0xCA61,
  0xC940, 0xEA80, 0xD9E0, 0xB900, 0xE545, 0xF705, 0xE422, 0xDC03, 0xA140, 0x8860, 0xA120, 0xDB02, 0xE463, 0xE341, 0xBA21, 0x8981,
  0x58A0, 0x89E2, 0x8161, 0x89A1, 0x7A43, 0x39C1, 0x8B80, 0xE541, 0xEE24, 0xE542, 0x6160, 0xCD01, 0xFEE2, 0x5AC1, 0x0160, 0x1261,
  0x2321, 0x22C2, 0x0901, 0x0962, 0x0902, 0x0061, 0x0021, 0x0021, 0x1146, 0x330D, 0x2AAC, 0x434E, 0x6C52, 0x5C10, 0x7D14, 0x5430,
  0x91C0, 0xDBE2, 0xED03, 0xA1C0, 0x89E2, 0x40E1, 0x50E0, 0xCB62, 0x68C0, 0x81A1, 0xDB42, 0xA9C1, 0xC2E2, 0xD2C1, 0xD302, 0xCA61,
  0xCA01, 0xA1C1, 0xB2C3, 0xA222, 0x5962, 0x1000, 0x71A1, 0x50E0, 0x7203, 0xA223, 0xCB01, 0xFC02, 0xE341, 0xF464, 0x7961, 0x0000,
  0x0000, 0x0000, 0x0000, 0x0000, 0x0000, 0x0000, 0x0000, 0x0000, 0x0000, 0x0000, 0x0000, 0x0000, 0x48A0, 0xED03, 0xFF65, 0xFEC5,
  0xE504, 0xDB01, 0xFD62, 0xD321, 0xDC42, 0xED83, 0xD280, 0xD2A0, 0xEC82, 0xB1C0, 0x9920, 0xD1C0, 0xD9E0, 0xE2E1, 0xE2A1, 0xB1C0,
  0xA9C0, 0x89E2, 0x6141, 0x30E0, 0x18E1, 0x62A0, 0xA3A0, 0xEDA4, 0xFFCB, 0xECC1, 0xEDE2, 0xDD42, 0xBCA1, 0x19C1, 0x0120, 0x1AA1,
  0x3342, 0x0120, 0x0962, 0x0942, 0x0081, 0x0041, 0x0021, 0x0083, 0x2AAC, 0x2ACC, 0x2A6B, 0x5BD0, 0x6431, 0x8575, 0x6471, 0x7533,
  0x9A62, 0xC2C0, 0xEC61, 0xED85, 0xB2E1, 0x81A1, 0xB2E2, 0xE3C2, 0xBAA2, 0xBAA2, 0xC322, 0xBA61, 0xBA82, 0x8961, 0xA242, 0xE362,
  0xEBA2, 0xC302, 0x9A63, 0xCBA5, 0x9262, 0x6101, 0xCB02, 0x7981, 0x4860, 0xCB42, 0xFD22, 0xF4A3, 0xEC02, 0xF4A2, 0xBB83, 0x1800,
  0x0000, 0x0000, 0x0000, 0x0000, 0x0000, 0x0000, 0x0000, 0x0000, 0x0000, 0x0000, 0x0000, 0x0000, 0x9B42, 0xEC21, 0xE4C3, 0xFFA6,
  0xFFC5, 0xC3A1, 0xC401, 0xFF45, 0xEEA4, 0xEDC3, 0xED63, 0xD381, 0xC320, 0xAA21, 0xA201, 0x6920, 0x8120, 0xC201, 0xD220, 0xC9E0,
  0xDA60, 0x6920, 0x6223, 0x5202, 0x3160, 0x9BA1, 0xC461, 0xF666, 0xD3E2, 0xDD02, 0xE5A2, 0xC4C1, 0x42C1, 0x0A41, 0x0A41, 0x1AC1,
  0x11A1, 0x0101, 0x0982, 0x00C1, 0x0061, 0x0021, 0x0021, 0x19E9, 0x3B4E, 0x222A, 0x42EC, 0x5BAF, 0x6451, 0x53F0, 0x8554, 0x8595,
  0xA282, 0xE503, 0xEDC4, 0xE4C4, 0xD3A1, 0xAA21, 0xB261, 0xAA01, 0xB2A2, 0xDB82, 0x8140, 0x6921, 0xBA61, 0x9A02, 0xAA21, 0xB1E1,
  0xBA81, 0x99E1, 0x4860, 0x58C1, 0xA262, 0xDB82, 0xC2E2, 0xCB42, 0xCB63, 0xD3C2, 0xB281, 0xB202, 0x8060, 0xE481, 0xF606, 0x5081,
  0x0000, 0x0000, 0x0000, 0x0000, 0x0000, 0x0000, 0x0000, 0x0000, 0x0000, 0x0000, 0x0000, 0x2020, 0xDD84, 0xFD61, 0xB980, 0xED84,
  0xFF04, 0xED62, 0x9B01, 0xC4E2, 0xF7A5, 0xF6C4, 0xFEE5, 0xEE43, 0xAAC0, 0x7900, 0xDB61, 0x9A61, 0x5140, 0x5100, 0x5900, 0x58E0,
  0x50C0, 0x30E0, 0x5223, 0x72A2, 0xA3C2, 0x9300, 0xF684, 0xFE24, 0xE481, 0xDD02, 0x7AC0, 0x7401, 0x1A81, 0x01E1, 0x1261, 0x1241,
  0x0120, 0x00E1, 0x00E1, 0x0081, 0x0041, 0x0021, 0x08E4, 0x332E, 0x2AAC, 0x328B, 0x5BAF, 0x5BF0, 0x4BAF, 0x7513, 0x9617, 0x64D3,
  0x9220, 0xDBC2, 0xE4A2, 0xE462, 0xCC44, 0xDB60, 0xCAE1, 0xA201, 0xCBC3, 0xBAE1, 0xCB62, 0xE402, 0xDB81, 0x8981, 0xA1A1, 0xB201,
  0x8120, 0xCBA3, 0xB241, 0x8140, 0xDCC5, 0xB3A3, 0x6141, 0xA2E3, 0xCB42, 0x8180, 0x3020, 0x7961, 0x3820, 0xB9E1, 0xF422, 0xA1E1,
  0x1000, 0x0000, 0x0000, 0x0000, 0x0000, 0x0000, 0x0000, 0x0000, 0x0000, 0x0000, 0x0000, 0x5100, 0xFEE5, 0xFF24, 0xE3A0, 0xC383,
  0xFFE7, 0xFEA4, 0x8AE1, 0x3060, 0xD604, 0xFEE3, 0xCB60, 0xDCA0, 0xF683, 0xDD23, 0xE461, 0xE3E1, 0xC3C4, 0x5A01, 0x2961, 0x2120,
  0x10E0, 0x2962, 0x3982, 0x4180, 0xABE2, 0xCC61, 0xECC1, 0xF541, 0xE561, 0xBC01, 0xA4E2, 0x22E1, 0x0200, 0x0A00, 0x1A81, 0x2A81,
  0x0100, 0x00C1, 0x00A1, 0x0041, 0x0041, 0x0041, 0x224A, 0x330E, 0x2A6B, 0x432D, 0x7451, 0x536E, 0x5C71, 0x75D5, 0x4C10, 0x4C92,
  0xC3A1, 0xECA1, 0xF665, 0xF726, 0xED83, 0xCAE0, 0xCB01, 0xE4E5, 0xF503, 0x9160, 0x6921, 0xF442, 0xEC82, 0xAAC2, 0xC2E1, 0xE3C2,
  0xBA01, 0xDC44, 0xEC84, 0xF482, 0x9B22, 0x1820, 0x4921, 0x7141, 0x91E1, 0x81C1, 0x8202, 0x9243, 0x5880, 0xA0A0, 0xDAA1, 0xED05,
  0x48A1, 0x0000, 0x0000, 0x0000, 0x0000, 0x0000, 0x0000, 0x0000, 0x0000, 0x0000, 0x0800, 0xA2A3, 0xFC81, 0xF583, 0xFCC2, 0x9940,
  0xCD03, 0xFE43, 0xCCA1, 0x7A61, 0x9301, 0xF6E5, 0xEE44, 0xD3C0, 0xE4A0, 0xEDC3, 0xEDA3, 0xD401, 0x59E1, 0x3A22, 0x4283, 0x3202,
  0x1961, 0x2121, 0x6A62, 0x8B21, 0x9B00, 0xECC0, 0xF561, 0xE541, 0x6A00, 0x4A61, 0x6422, 0x0220, 0x0A81, 0x3342, 0x32E2, 0x0120,
  0x00E1, 0x00A1, 0x0081, 0x0041, 0x0021, 0x1146, 0x330D, 0x2AAC, 0x2A4A, 0x5BCF, 0x6C10, 0x3AEC, 0x5D54, 0x6594, 0x22EC, 0x22CB,
  0x9240, 0xBB00, 0xAAE0, 0xD401, 0xED42, 0xCB42, 0xBA21, 0x8100, 0xAA40, 0xD321, 0xC301, 0xC301, 0xD361, 0xF503, 0xF522, 0xF5C4,
  0xFC63, 0xE300, 0xEC82, 0xCC83, 0x3040, 0x1060, 0x30A0, 0x2860, 0x6940, 0xAA82, 0x81E1, 0x50C0, 0xAA61, 0xDB62, 0xE341, 0xF504,
  0x9A83, 0x0800, 0x0000, 0x0000, 0x0000, 0x0000, 0x0000, 0x0000, 0x0000, 0x0000, 0x2840, 0xEDC7, 0xFD43, 0xF361, 0xF341, 0xC9C0,
  0xAA40, 0xEE44, 0xEEA6, 0xCC21, 0x8A20, 0x9BA2, 0xFF64, 0xCC81, 0x92C0, 0x9AE0, 0xA321, 0x59E0, 0x08E0, 0x1961, 0x1981, 0x1940,
  0x31A1, 0x6A61, 0x9B62, 0xDD22, 0xD400, 0xFE83, 0xFF03, 0x9340, 0x42C0, 0x6461, 0x2B61, 0x0280, 0x12E1, 0x12C1, 0x1221, 0x0101,
  0x00A1, 0x00A1, 0x0041, 0x0041, 0x0083, 0x32CC, 0x2ACC, 0x2A4A, 0x3AAB, 0x7472, 0x432C, 0x5491, 0x5DF6, 0x5D95, 0x2B2C, 0x1125,
  0xAB00, 0xA2E1, 0x48E0, 0x6160, 0x79E0, 0xF4C2, 0xE402, 0x99E0, 0x6880, 0x99C1, 0xB2A1, 0xBAC1, 0x8960, 0xA261, 0xEDE5, 0xEE24,
  0xF522, 0xEDA4, 0xEDA4, 0xC3C3, 0x38A0, 0x2080, 0x5141, 0x2860, 0xA282, 0x6961, 0x7981, 0xB220, 0xE442, 0xBA81, 0xD2C1, 0xEDA4,
  0xF5C5, 0x38A1, 0x0000, 0x0000, 0x0000, 0x0000, 0x0000, 0x0000, 0x0000, 0x0000, 0x7161, 0xFCC4, 0xFE65, 0xF482, 0xCA00, 0xF463,
  0x9180, 0xB464, 0xFF46, 0xE582, 0xDD63, 0x8AE1, 0xC4C2, 0xF707, 0x82C0, 0x6AA0, 0x93E1, 0x83A2, 0x5AC1, 0x62E1, 0x5281, 0x5AE2,
  0x8BC2, 0xB402, 0x9281, 0xB380, 0xFFC5, 0xE603, 0xA3C0, 0x7BC0, 0x2A40, 0x6482, 0x1B01, 0x0AE1, 0x12E1, 0x12C2, 0x0141, 0x00C1,
  0x00A1, 0x0061, 0x0061, 0x0021, 0x2229, 0x32ED, 0x2A8B, 0x2A4A, 0x63CF, 0x538E, 0x438E, 0x9677, 0x7656, 0x4D33, 0x19E8, 0x530B,
  0xC3A1, 0xDC62, 0x8A60, 0x8281, 0x71C0, 0xDC20, 0xFFA7, 0xE546, 0x9980, 0xC381, 0xBAE1, 0xB2A2, 0x9A01, 0x78C0, 0xF482, 0xFE64,
  0xEC61, 0xDC02, 0xDB80, 0xD3A2, 0xB3A3, 0x71C1, 0x8A62, 0x81E1, 0xAA61, 0x60C0, 0xBA80, 0xEC81, 0xBB61, 0xC361, 0xF5C3, 0xEE44,
  0xC3E3, 0x9B23, 0x0800, 0x0000, 0x0000, 0x0000, 0x0000, 0x0000, 0x0000, 0x1840, 0xD444, 0xDAC1, 0xFE45, 0xFD82, 0xDAE1, 0xD363,
  0xCAC1, 0x9281, 0xDD84, 0xE5C3, 0xFF66, 0xE604, 0xB443, 0xFEC5, 0xE666, 0xDD83, 0x7B61, 0x52C0, 0x52A1, 0x5281, 0x6301, 0x62E1,
  0x7B22, 0xC3C1, 0xE501, 0xF684, 0xDDA3, 0x4980, 0x19A0, 0x7C21, 0x2A41, 0x3361, 0x1B41, 0x12C2, 0x0A21, 0x01E2, 0x0101, 0x00A1,
  0x0081, 0x0061, 0x0021, 0x1186, 0x330D, 0x2AAC, 0x32CC, 0x328B, 0x7472, 0x2A6A, 0x4BAE, 0x9E76, 0x6553, 0x3B6E, 0x4ACA, 0x532B,
  0xA341, 0xB321, 0xB341, 0x7240, 0x92C0, 0xAAA0, 0xF5C1, 0xFF03, 0xFD01, 0xF542, 0xCAC1, 0xB261, 0xD363, 0xD3E3, 0xE444, 0xF4C1,
  0xF520, 0xDB20, 0xCAC0, 0x8980, 0x9282, 0x9261, 0xAAC1, 0x7140, 0xB1E0, 0xE2E0, 0xCAA0, 0xE521, 0xE541, 0xCC41, 0xED43, 0x9261,
  0x92A2, 0xFEE7, 0x4921, 0x0800, 0x0820, 0x0000, 0x0000, 0x0000, 0x0000, 0x6101, 0xFE26, 0xF542, 0xF4C2, 0xFCC0, 0xDB61, 0xB201,
  0xEBC2, 0xCBA1, 0x61C0, 0x9BC1, 0xE5A2, 0xA3A1, 0x8342, 0x8B60, 0xFF85, 0xEE03, 0xC481, 0xACC2, 0x6B40, 0x5280, 0x9C03, 0x9361,
  0xA340, 0xF622, 0xFFE8, 0xC482, 0x7241, 0x5282, 0x0120, 0x1180, 0x11E0, 0x1261, 0x0A41, 0x01A1, 0x01A1, 0x0141, 0x0081, 0x0081,
  0x0061, 0x0041, 0x08E4, 0x334E, 0x330D, 0x3B2D, 0x2A6A, 0x63CF, 0x6410, 0x32CB, 0xC719, 0x8DD4, 0x1A4A, 0x42CB, 0x638D, 0x544E,
  0x9B61, 0x6A60, 0x51C1, 0x49E0, 0x3960, 0x7A60, 0x8A40, 0xBB80, 0xFE63, 0xFFA7, 0xE422, 0x78E0, 0x9A42, 0xA262, 0xB180, 0xF462,
  0xFE42, 0xF4C0, 0xEC01, 0xC3C3, 0xA363, 0x92E2, 0xD402, 0xC382, 0xED03, 0xFD83, 0xCBE3, 0xDD23, 0xF663, 0xCCA2, 0xC483, 0x7A01,
  0xDD26, 0xDC02, 0xCD06, 0x2020, 0x0000, 0x0000, 0x0000, 0x0800, 0x2020, 0xD403, 0xCAE1, 0xF5C4, 0xFCA2, 0xFDA2, 0xDB61, 0x8900,
  0xE422, 0xEC41, 0x92C1, 0x62A1, 0x6AE0, 0x3A00, 0x5B02, 0x7BA2, 0xDE45, 0xFF66, 0xEE23, 0xF683, 0xDD61, 0xC4C2, 0xDD42, 0xF5A0,
  0xFEA1, 0xE603, 0xCC21, 0xA341, 0x5AA2, 0x21C1, 0x09A0, 0x4381, 0x43C2, 0x01A1, 0x0141, 0x0181, 0x0181, 0x00C1, 0x0081, 0x0041,
  0x08A2, 0x08A3, 0x32EC, 0x336F, 0x3B4E, 0x32AB, 0x2A29, 0x7C92, 0x434D, 0x4BCE, 0x9E36, 0x4BCF, 0x19A8, 0x3A69, 0x748F, 0x6ED7,
  0x6A81, 0x7AC1, 0x3180, 0x5281, 0x3201, 0x4A61, 0x3980, 0x61C1, 0x9260, 0xC463, 0xFDA3, 0xDBE2, 0x9A01, 0xD361, 0xE321, 0xFDC4,
  0xFDE1, 0xFE41, 0xFDA1, 0xF4C2, 0x8AC2, 0x9B02, 0xD402, 0xD483, 0xF646, 0xCC84, 0xB3A3, 0xAB83, 0xBC03, 0xB4C4, 0x82A2, 0xD4E4,
  0xED23, 0xE4E3, 0xFFAA, 0x6A02, 0x1020, 0x0820, 0x0020, 0x0000, 0x7A23, 0xFF29, 0xE481, 0xEBE0, 0xF460, 0xFF07, 0xED43, 0x9201,
  0xBB42, 0xD3E1, 0x9B20, 0x7302, 0x7BA3, 0x29E1, 0x29E1, 0x5B02, 0x7363, 0x9C63, 0xFFEB, 0xFF87, 0xF662, 0xF561, 0xFEC2, 0xF621,
  0xCC61, 0x7A20, 0x3920, 0x5AA1, 0x4321, 0x09E0, 0x22E1, 0x3C01, 0x12A1, 0x0181, 0x0161, 0x01A2, 0x0101, 0x00A1, 0x0061, 0x0041,
  0x0882, 0x2A8B, 0x334E, 0x43AF, 0x32AB, 0x1167, 0x534D, 0x6C10, 0x4B6E, 0x7D13, 0x43CF, 0x22AC, 0x29E7, 0x7C4E, 0x9E96, 0x6F5A,
  0x1100, 0x6AC1, 0x7301, 0x6341, 0x3A61, 0x3241, 0x3201, 0x52C2, 0x5A82, 0x5980, 0xA323, 0xB322, 0xDBC2, 0xDB61, 0xF421, 0xF583,
  0xBC21, 0xCD22, 0xFE83, 0xF421, 0xA2C1, 0xAB41, 0xD482, 0x8AA2, 0xAB42, 0xB362, 0xB382, 0x8201, 0xAC24, 0x2921, 0x30E0, 0xCC83,
  0xE400, 0xF5C6, 0xFD66, 0xCCC7, 0x2880, 0x0820, 0x0000, 0x1840, 0xC3C3, 0xFE64, 0xFD61, 0xE2C0, 0xEC00, 0xFE63, 0xBBE2, 0x3901,
  0x61E2, 0x8283, 0x51A1, 0x9341, 0xACA3, 0x4282, 0x4282, 0x5261, 0x8BE3, 0x7301, 0xCD83, 0xEEE8, 0xFF66, 0xFE21, 0xFF47, 0xE4C1,
  0xB3C1, 0xA3E3, 0x6AC1, 0x9421, 0x4B81, 0x0AA0, 0x2BC2, 0x2362, 0x01C1, 0x0182, 0x0121, 0x00E1, 0x00C1, 0x0081, 0x0061, 0x0041,
  0x21E8, 0x330D, 0x3B8F, 0x3B4E, 0x19C9, 0x2A2A, 0x7CD3, 0x6410, 0x6430, 0x7CF3, 0x22CC, 0x1966, 0x7C2D, 0xB6B5, 0x6F18, 0x3718,
  0x2A21, 0x11A0, 0x1A01, 0x2A41, 0x3A81, 0x3221, 0x3241, 0x42C2, 0x7404, 0x6362, 0x39C1, 0x4941, 0xC302, 0x81A0, 0x9AA2, 0xBB81,
  0x7240, 0x49A0, 0x9C23, 0xFDC3, 0xF5C3, 0xDD02, 0x9B01, 0x9AE1, 0x92A1, 0xCC63, 0xF5E2, 0xD504, 0x62A3, 0x2982, 0x6AC4, 0xC3E1,
  0xBA81, 0xE424, 0xFD23, 0xFE46, 0x4982, 0x0000, 0x1000, 0xBC66, 0xFE24, 0xFE22, 0xFD83, 0xE362, 0xF4E1, 0xFDE3, 0xCC42, 0x59A1,
  0x5181, 0xAAE2, 0x81C0, 0xB322, 0xCCE4, 0x5AE2, 0x3A41, 0x9C84, 0xCD44, 0xBC83, 0x7B41, 0x7B41, 0xB503, 0xEE43, 0xFEC3, 0xFE61,
  0xEE01, 0xAC41, 0xC562, 0xEE42, 0x6441, 0x13A2, 0x1302, 0x0181, 0x0161, 0x0161, 0x00E1, 0x00A1, 0x0061, 0x0061, 0x0021, 0x1987,
  0x2AED, 0x43AF, 0x43D0, 0x224A, 0x19A8, 0x4B4D, 0x6C51, 0x5C10, 0x6431, 0x332D, 0x1187, 0x6329, 0xC6D5, 0x6E96, 0x1552, 0x0510,
  0x2202, 0x2242, 0x11E1, 0x09A1, 0x0981, 0x2A01, 0x5AC1, 0x4A61, 0x5322, 0x42A1, 0x29E0, 0x5261, 0x7A82, 0x3940, 0x3100, 0x8AA2,
  0x7AC2, 0x9403, 0x5A41, 0xC422, 0xFE21, 0xE4E0, 0xD4C2, 0xCC41, 0xD4C2, 0xC443, 0xC4A3, 0x5A63, 0x31C3, 0x08E0, 0x3181, 0xD4C4,
  0xCB21, 0xE506, 0xF5A4, 0xFE44, 0xA424, 0x1861, 0xB466, 0xFE03, 0xECC1, 0xFE43, 0xFD62, 0xFDC4, 0xFEA5, 0xF5A3, 0xED23, 0x8AA2,
  0xBC04, 0xFD83, 0xECA2, 0xE3C1, 0xCBE2, 0x7301, 0x3241, 0x5B22, 0x7BA3, 0x8342, 0xCD84, 0x7BC1, 0x4AC1, 0x5301, 0x73A0, 0xBD21,
  0xB501, 0x9441, 0x9461, 0x7462, 0x2BE3, 0x0B02, 0x01A2, 0x0162, 0x0121, 0x0101, 0x00A1, 0x0061, 0x0041, 0x0021, 0x1145, 0x2ACC,
  0x43B0, 0x5432, 0x32CC, 0x19A8, 0x3AAB, 0x6C71, 0x4BAF, 0x5BF0, 0x2A8B, 0x0966, 0x52C8, 0xCE93, 0xA717, 0x2532, 0x1B8C, 0xB699,
  0x0921, 0x0982, 0x0982, 0x0161, 0x0961, 0x09A1, 0x4241, 0x7AC1, 0x4201, 0x52C2, 0x42A1, 0x3220, 0x3A21, 0x4A82, 0x4A22, 0x6A01,
  0xAB22, 0x7A81, 0x5201, 0x8221, 0xFD21, 0xECA0, 0xD481, 0xDCE2, 0xE562, 0xCCC2, 0x3141, 0x1922, 0x3A43, 0x3202, 0x5282, 0xCC63,
  0xC321, 0xFDE5, 0xF5E5, 0xFEA6, 0xD5A4, 0x7AA4, 0xFE45, 0xFE84, 0xED43, 0xAA00, 0xF5E5, 0xFF6A, 0xF4E1, 0xF5C4, 0xFE23, 0x82E2,
  0x49C1, 0xCC22, 0xFD81, 0xD360, 0x9221, 0xB362, 0x5AA1, 0x7BC1, 0xA421, 0x8B61, 0xAC82, 0x6B81, 0x32A1, 0x22A0, 0x1261, 0x3B41,
  0x1200, 0x8C81, 0x8482, 0x12A2, 0x0B03, 0x0222, 0x0182, 0x0121, 0x00C1, 0x00A1, 0x0041, 0x0041, 0x0041, 0x1146, 0x2ACC, 0x4BAF,
  0x5C31, 0x3B4E, 0x21E9, 0x1167, 0x5BCF, 0x5C10, 0x53CF, 0x3ACC, 0x1187, 0x3A47, 0xDED5, 0x8571, 0x45D4, 0x6E57, 0x8D13, 0x8C2E,
  0x1982, 0x0901, 0x0962, 0x0982, 0x0981, 0x0981, 0x0981, 0x4241, 0x5240, 0x5280, 0x83C2, 0x6B41, 0x4AE1, 0x3241, 0x29C1, 0x3941,
  0xA2E1, 0xBB41, 0x5961, 0x50C0, 0xE462, 0xFE23, 0xC361, 0xA3E2, 0xCD63, 0x8BA3, 0x31A3, 0x1921, 0x3203, 0x3223, 0x8C03, 0xD442,
  0xAA80, 0xFE25, 0xF5A5, 0xF4A1, 0xF666, 0x6180, 0xC3C0, 0xFF68, 0xFEC5, 0xDC42, 0xF665, 0xFE44, 0xF420, 0xAA81, 0xECE2, 0x9321,
  0x2981, 0x2980, 0x9B40, 0xC360, 0x3940, 0x51E1, 0x62E1, 0x5B41, 0x52E0, 0x8BE1, 0xC543, 0x73C2, 0x4361, 0x43C1, 0x0A20, 0x2B82,
  0x4CE4, 0x5C43, 0x1281, 0x0242, 0x0283, 0x0162, 0x0121, 0x00E1, 0x00C1, 0x0061, 0x0041, 0x0041, 0x1966, 0x332E, 0x4B8F, 0x53F0,
  0x3B2D, 0x2209, 0x1146, 0x3AEC, 0x5BF0, 0x5C10, 0x432D, 0x2209, 0x3227, 0xC695, 0x9655, 0x4511, 0x8E37, 0xA553, 0x3123, 0x3164,
  0x1921, 0x1982, 0x08E1, 0x0101, 0x0982, 0x09A2, 0x11E2, 0x1A02, 0x4A81, 0x93C1, 0x9BC1, 0x5AA1, 0x83A1, 0x62E1, 0x29E0, 0x39C1,
  0x9282, 0xE482, 0xD402, 0xBAA1, 0xF321, 0xFD02, 0xCAA1, 0x4102, 0x18E1, 0x10C1, 0x2162, 0x08A0, 0x19A2, 0x3262, 0xC4C2, 0xC361,
  0xCB40, 0xFE43, 0xECA1, 0xD360, 0xFE04, 0xB444, 0xBB61, 0xFE02, 0xFEE6, 0xFF08, 0xFD21, 0xDB60, 0xE462, 0xAB21, 0xE544, 0xE563,
  0x5240, 0x1980, 0x52C2, 0xA402, 0x72E1, 0x29C1, 0x7C62, 0x8D23, 0x4B82, 0x3AE1, 0x4381, 0x22E1, 0x1AA0, 0x43C2, 0x33C2, 0x5545,
  0x23A3, 0x0262, 0x02C3, 0x0243, 0x0162, 0x00E1, 0x00C1, 0x00C1, 0x0061, 0x0041, 0x0041, 0x1966, 0x438F, 0x438F, 0x5411, 0x3B4E,
  0x2A2A, 0x1146, 0x2209, 0x4BAF, 0x6431, 0x53CF, 0x2229, 0x3A69, 0xBE55, 0x75F4, 0x7677, 0x95D5, 0x4248, 0x49C6, 0x32AA, 0x25F6,
  0x1921, 0x1921, 0x1142, 0x00E1, 0x0101, 0x0162, 0x09A2, 0x11C2, 0x3242, 0x6AE1, 0x72E0, 0x4200, 0x62E1, 0xA421, 0xA441, 0x7B21,
  0x9AE1, 0xC3C2, 0xCC22, 0xAA81, 0xB160, 0xEA00, 0xFBC0, 0x9A02, 0x3163, 0x2141, 0x1962, 0x1101, 0x2A02, 0x9422, 0xECA1, 0xCB60,
  0xE461, 0xF5C1, 0xEDA2, 0xC381, 0xF5E3, 0xE5A4, 0x79C0, 0xBB00, 0xFD61, 0xFDC2, 0xD381, 0xBB41, 0xE461, 0xFE22, 0xFF25, 0xF624,
  0xAC63, 0x5B02, 0x3261, 0x5B43, 0x7BE3, 0x5302, 0x5BA2, 0x6CC2, 0x4BE2, 0x3342, 0x0A81, 0x0A60, 0x0A40, 0x2361, 0x3C63, 0x0302,
  0x0242, 0x0282, 0x02A4, 0x0162, 0x0101, 0x00C1, 0x00C2, 0x0061, 0x0041, 0x0021, 0x1966, 0x5411, 0x43D0, 0x4BB0, 0x436E, 0x32AC,
  0x19A8, 0x1146, 0x432D, 0x53D0, 0x5BF0, 0x328A, 0x2A28, 0x9573, 0x7E35, 0x6DF5, 0x7C90, 0x49C6, 0x1124, 0x34F3, 0x2F5B, 0x079C,
  0x0861, 0x10C1, 0x1121, 0x1162, 0x0921, 0x0901, 0x0101, 0x0941, 0x0982, 0x5281, 0xCC41, 0x9320, 0x62C0, 0x6B20, 0x83C0, 0xAC41,
  0xED01, 0xC3A0, 0x9301, 0xAB61, 0x91E0, 0xB900, 0xFB00, 0xDAA0, 0x40A0, 0x4243, 0x52E4, 0x2120, 0x9C01, 0xFE01, 0xECA0, 0xECA1,
  0xEC81, 0xFE61, 0xF6A2, 0xCC01, 0xED00, 0xE521, 0xABE2, 0xA362, 0xD400, 0xB341, 0xE5A5, 0xBBE1, 0xC3E0, 0xFEE3, 0xF661, 0xDD01,
  0xD523, 0xACC3, 0x4B22, 0x0981, 0x3A82, 0x2A41, 0x1A81, 0x2321, 0x0260, 0x1AE1, 0x1AC0, 0x3361, 0x2B81, 0x2382, 0x02A2, 0x0202,
  0x01C2, 0x0243, 0x0142, 0x00E1, 0x0102, 0x0102, 0x0081, 0x0041, 0x0021, 0x21A7, 0x5C52, 0x5C93, 0x4BB0, 0x3B0D, 0x32CC, 0x19A8,
  0x1105, 0x326A, 0x4B8F, 0x4B8E, 0x2A4A, 0x21C7, 0x9553, 0x7593, 0x9698, 0x63EE, 0x0840, 0x2A89, 0x0E16, 0x47FE, 0x4FBD, 0x0FBC,
  0x0061, 0x0881, 0x08C1, 0x1121, 0x1142, 0x1141, 0x3A21, 0x31E0, 0x3A41, 0x3A41, 0x6281, 0xB401, 0xE4E1, 0xA3A0, 0x6AC0, 0x4A60,
  0xA422, 0xC4E2, 0xAC21, 0xD521, 0xE4C1, 0xC2C0, 0xA960, 0xB940, 0x8100, 0x7281, 0xACA4, 0xCCE3, 0xFEA3, 0xF5E1, 0xE4A0, 0xDCA1,
  0xED61, 0xFEA0, 0xCD01, 0x6A60, 0xBC41, 0xFE81, 0xDD82, 0x8342, 0x8B20, 0xA403, 0xF686, 0x9280, 0xC400, 0xFFE9, 0xE5A3, 0x9B20,
  0xAC21, 0xA462, 0x2220, 0x3302, 0x32C2, 0x4322, 0x2302, 0x2361, 0x1301, 0x1301, 0x4422, 0x3C02, 0x1301, 0x0AA2, 0x0222, 0x0141,
  0x01C3, 0x0162, 0x00C1, 0x0102, 0x08E2, 0x0081, 0x0861, 0x0021, 0x2A08, 0x6493, 0x64B3, 0x5411, 0x3AED, 0x32CC, 0x19A7, 0x08C3,
  0x2A08, 0x4B6E, 0x434E, 0x324A, 0x21A7, 0x84D1, 0x8DD4, 0x6D52, 0x640E, 0x3288, 0x1BCE, 0x0E16, 0x17FD, 0x6FDD, 0x177A, 0x0FFC,
  0x0000, 0x0061, 0x0882, 0x08C1, 0x1101, 0x0921, 0x3A82, 0x9C83, 0x8C01, 0x7B81, 0x4A60, 0x5AC0, 0x9C00, 0xDD01, 0xDCC0, 0x8340,
  0x7BA1, 0x6B20, 0xA461, 0xEE21, 0xEE00, 0xDD01, 0xDD42, 0xCC01, 0xCC01, 0xDCC1, 0xFE43, 0x82E1, 0x8321, 0xCCC1, 0xBC20, 0x9B60,
  0xBC20, 0xE521, 0x6301, 0x2A20, 0x83C0, 0xDD61, 0xC480, 0x93C2, 0x93C2, 0xAC62, 0xC4A1, 0xCD04, 0xFEC5, 0xFFA8, 0xB401, 0x83A1,
  0x9C81, 0xBD01, 0x6362, 0x0A01, 0x32E2, 0x22A2, 0x0200, 0x6483, 0x7504, 0x02E1, 0x13C2, 0x0AE2, 0x01C1, 0x01A1, 0x0161, 0x0162,
  0x0162, 0x00E1, 0x0122, 0x08E2, 0x0061, 0x0862, 0x0041, 0x42AB, 0x7D35, 0x6CB4, 0x53F1, 0x32AC, 0x3AEC, 0x21E8, 0x10E4, 0x1125,
  0x4B8E, 0x4B6E, 0x328A, 0x29C7, 0x7C2F, 0x7D73, 0x6DB3, 0x43CD, 0x0A87, 0x2E36, 0x1FBD, 0x0F1A, 0x179B, 0x1ED8, 0x06D7, 0x2F5A,
  0x0841, 0x0000, 0x0041, 0x08A2, 0x08C2, 0x0922, 0x0981, 0x32A2, 0x5342, 0x73A1, 0xA480, 0x7BC0, 0x6360, 0x6320, 0x7B60, 0xD501,
  0xD541, 0xBD01, 0x9C20, 0xACA1, 0xC520, 0xC5A1, 0xCE02, 0xAD21, 0x8C81, 0x7361, 0xA3E1, 0x2140, 0x4A60, 0x83E1, 0xA4E2, 0x7362,
  0xB462, 0xD502, 0x42E0, 0x4380, 0x7C81, 0xBCE1, 0xB420, 0xBCE1, 0x8340, 0x62A0, 0x93A0, 0xF6E6, 0xFF66, 0xE540, 0x6AE0, 0x9502,
  0xA561, 0xFF41, 0x8C82, 0x0A42, 0x0180, 0x01C0, 0x0A40, 0x43E2, 0x5423, 0x1362, 0x1322, 0x01C1, 0x0121, 0x0121, 0x0121, 0x0102,
  0x00E2, 0x0923, 0x08C2, 0x0861, 0x0061, 0x0082, 0x538E, 0x7D56, 0x6CF4, 0x5C11, 0x328B, 0x32AC, 0x29E8, 0x1945, 0x08E5, 0x3AED,
  0x3AAB, 0x2A08, 0x29E8, 0x7C2F, 0x8553, 0x2C0E, 0x6532, 0x2B8C, 0x56D8, 0x1594, 0x2F7C, 0x27FD, 0x06F8, 0x05B2, 0x2FBB, 0x2C70,
  0x18C3, 0x0841, 0x0000, 0x0020, 0x08A2, 0x08E2, 0x0922, 0x0101, 0x0961, 0x32A2, 0x3B21, 0x7420, 0x9CC1, 0x4B00, 0x32A0, 0x5B80,
  0x8C60, 0xBD61, 0xDE42, 0xB522, 0x8400, 0x73C0, 0x8C21, 0x5300, 0x43A0, 0x3B81, 0x53C2, 0x7443, 0x6C02, 0x6402, 0x6422, 0x3AA1,
  0x83A3, 0x8C43, 0x4B81, 0x8D43, 0x6481, 0x63A0, 0x9380, 0xBC80, 0xCD21, 0x5B20, 0x9461, 0xFEA1, 0xE641, 0x8BC3, 0x73E3, 0x6C61,
  0x6400, 0xA561, 0x22A1, 0x0262, 0x0180, 0x1281, 0x2BE2, 0x23A2, 0x1AC2, 0x0A21, 0x0161, 0x0141, 0x0101, 0x0121, 0x0142, 0x0923,
  0x08E2, 0x08A2, 0x0861, 0x0020, 0x1945, 0x7492, 0x8DB7, 0x6CD4, 0x5C11, 0x32AC, 0x32AB, 0x21C8, 0x1945, 0x10E4, 0x32AB, 0x432D,
  0x2A09, 0x31E8, 0x63AD, 0x7573, 0x55B3, 0x4551, 0x1A67, 0x7E77, 0x4D94, 0x044F, 0x0FDD, 0x0F7B, 0x06D8, 0x0F19, 0x2E36, 0x01C7,
  0x18C3, 0x10A2, 0x0861, 0x0000, 0x0000, 0x0081, 0x0903, 0x08E2, 0x00A0, 0x0121, 0x0A02, 0x0A41, 0x32E1, 0x7421, 0x6C01, 0x53C0,
  0x3340, 0x32A0, 0x7401, 0xA501, 0xA541, 0x8461, 0x7C01, 0x7C02, 0x3AE1, 0x0A80, 0x33C2, 0x4402, 0x43C2, 0x3B42, 0x2AE1, 0x4301,
  0x9C43, 0x4301, 0x4381, 0x5C41, 0x3360, 0x3B20, 0xB4E2, 0xEE02, 0x6B60, 0x2280, 0x7CA1, 0x8481, 0x5B21, 0x73C1, 0x6BC2, 0x84C3,
  0x43C0, 0x1280, 0x0282, 0x0241, 0x01E1, 0x2342, 0x12E1, 0x01C1, 0x0101, 0x0101, 0x0121, 0x0101, 0x0121, 0x09A3, 0x0963, 0x08C2,
  0x0861, 0x0041, 0x0020, 0x3A69, 0x95B6, 0x95D7, 0x74F4, 0x4B8F, 0x32AC, 0x328B, 0x21A7, 0x1145, 0x08C3, 0x21E8, 0x4BAF, 0x3ACB,
  0x4ACB, 0x63EE, 0x444E, 0x2CEF, 0x7779, 0x7E56, 0x2A26, 0xA6B8, 0x1268, 0x1CD2, 0x0F7C, 0x075A, 0x0FFC, 0x2F5A, 0x1289, 0x0187,
  0x2925, 0x20E4, 0x18C3, 0x0862, 0x0020, 0x0000, 0x0041, 0x08E3, 0x0903, 0x00E2, 0x0121, 0x0161, 0x0161, 0x01A1, 0x2AA1, 0x53C1,
  0x4381, 0x3320, 0x22E0, 0x3B40, 0x4B81, 0x5381, 0x63A1, 0x32A1, 0x2AE2, 0x4464, 0x4463, 0x4464, 0x3BC2, 0x1280, 0x0A20, 0x4B02,
  0x73C3, 0x4381, 0x53C1, 0x6C62, 0x4BE1, 0x6C62, 0x6BE1, 0x9C42, 0x7BC2, 0x3301, 0x7D03, 0x5C41, 0x32C1, 0x4B01, 0x73E2, 0x4342,
  0x5424, 0x0261, 0x0AC2, 0x0AE2, 0x0A82, 0x0181, 0x0121, 0x0101, 0x0101, 0x00E1, 0x0101, 0x0163, 0x0983, 0x0903, 0x0881, 0x0861,
  0x0020, 0x10E3, 0x7430, 0x9E17, 0x8576, 0x6C93, 0x432D, 0x32AC, 0x2A4A, 0x1966, 0x1925, 0x10E4, 0x21C8, 0x434E, 0x42EC, 0x4B2C,
  0x644F, 0x5DB3, 0x3571, 0x5E34, 0x7E15, 0x2247, 0x21A4, 0xCED9, 0xA553, 0x6C8F, 0x3BEC, 0x1C0C, 0x25B3, 0x0248, 0x00E4, 0x00E4,
  0x3165, 0x3165, 0x2945, 0x20E4, 0x1082, 0x0041, 0x0000, 0x0000, 0x00C2, 0x1124, 0x0923, 0x00E1, 0x00C1, 0x0101, 0x0121, 0x0180,
  0x2281, 0x43A1, 0x4BE1, 0x2AE0, 0x09C0, 0x32E1, 0x1220, 0x01E0, 0x33A2, 0x4CA3, 0x3422, 0x33C2, 0x5423, 0x32E1, 0x5362, 0x6323,
  0x0140, 0x3B01, 0x84C3, 0x4381, 0x3360, 0x4BE0, 0x3320, 0x94C2, 0xCDA2, 0x4320, 0x1281, 0x2B21, 0x6C62, 0x5301, 0x7423, 0x1241,
  0x0A41, 0x1B63, 0x0262, 0x01E2, 0x0121, 0x0101, 0x00C1, 0x00C1, 0x0122, 0x0163, 0x0983, 0x0923, 0x08A2, 0x0861, 0x0020, 0x0061,
  0x4AAA, 0xA5D7, 0xA638, 0x7D34, 0x5C11, 0x32CC, 0x2A6B, 0x2A29, 0x1946, 0x1105, 0x08A3, 0x2A09, 0x4BAF, 0x3AAB, 0x536D, 0x444E,
  0x55B3, 0x6F79, 0x8FBA, 0x64F1, 0x2226, 0x3288, 0x3B4A, 0xBEF9, 0xEFFE, 0xEF7B, 0xEF18, 0xDE96, 0xCE14, 0xBD93, 0xB552, 0xACF0,
  0x1987, 0x1926, 0x1905, 0x1905, 0x2104, 0x18E4, 0x1082, 0x0021, 0x0000, 0x0020, 0x08C3, 0x0904, 0x0903, 0x00E2, 0x0101, 0x0121,
  0x0101, 0x0161, 0x1A41, 0x3301, 0x3B01, 0x32A1, 0x0120, 0x0A21, 0x53E1, 0x6481, 0x43C1, 0x2B01, 0x7402, 0x73E2, 0x5322, 0x3AE2,
  0x3322, 0x53E2, 0x4B81, 0x2AC0, 0x2AE0, 0x8501, 0x7CE0, 0x4BA0, 0x63C1, 0x6BE2, 0x0A40, 0x0A80, 0x74A2, 0x8CA2, 0x2221, 0x0961,
  0x0181, 0x0181, 0x0121, 0x00E1, 0x0101, 0x00E1, 0x0101, 0x0162, 0x0983, 0x0923, 0x08C2, 0x0861, 0x0021, 0x0021, 0x3A28, 0x9554,
  0xAE79, 0x95D6, 0x6CD3, 0x436E, 0x32AB, 0x328B, 0x29E8, 0x1945, 0x1105, 0x08A3, 0x21C8, 0x4B8F, 0x430D, 0x438D, 0x34CF, 0x3591,
  0x8EF8, 0xA71A, 0x4B8B, 0x2205, 0x22A7, 0x8553, 0x7EB7, 0x6EB7, 0x7F39, 0x35F3, 0x3D30, 0x55B2, 0x5D10, 0x6CEF, 0x850F, 0x9D0E,
  0x19E9, 0x19C9, 0x1188, 0x1146, 0x1125, 0x1125, 0x1905, 0x10E4, 0x08A3, 0x0041, 0x0000, 0x0000, 0x08A3, 0x0924, 0x0924, 0x0902,
  0x00E1, 0x00E1, 0x00C1, 0x00E0, 0x19C1, 0x0941, 0x0141, 0x1A22, 0x2261, 0x2A60, 0x4B41, 0x4321, 0x4B21, 0x1A61, 0x12A1, 0x3BA2,
  0x3341, 0x1A41, 0x09E0, 0x1A61, 0x3B01, 0x6C01, 0x5BE1, 0x3B21, 0x11C0, 0x1A01, 0x1281, 0x0201, 0x11C1, 0x0141, 0x00E0, 0x00E1,
  0x00E1, 0x00C1, 0x00E1, 0x0121, 0x0182, 0x09C3, 0x09C3, 0x0922, 0x08A2, 0x0061, 0x0020, 0x0061, 0x31E7, 0x8CB2, 0xBEBA, 0xA678,
  0x7D55, 0x5C51, 0x32CB, 0x2A4A, 0x2A4A, 0x21A7, 0x1125, 0x10E4, 0x08C4, 0x2A2A, 0x434E, 0x3ACC, 0x3B4C, 0x4DB3, 0x8F39, 0x96B8,
  0x63EE, 0x532A, 0x32A7, 0x2329, 0x8DD5, 0xC7FF, 0x1D30, 0x6739, 0x6F7B, 0x05F1, 0x0694, 0x0654, 0x04CF, 0x046E, 0x03ED, 0x038B,
  0x226B, 0x1A0A, 0x19C9, 0x1188, 0x1167, 0x1187, 0x1167, 0x1146, 0x1105, 0x1105, 0x10C4, 0x0062, 0x0000, 0x0020, 0x0082, 0x08E3,
  0x0903, 0x08E2, 0x00E2, 0x00E1, 0x0102, 0x0121, 0x0121, 0x0121, 0x00E1, 0x00C0, 0x0101, 0x0120, 0x00E0, 0x0161, 0x09C1, 0x11A1,
  0x0140, 0x0941, 0x0120, 0x0960, 0x0140, 0x0100, 0x0101, 0x0121, 0x0121, 0x0121, 0x0981, 0x0121, 0x0101, 0x00E1, 0x00E1, 0x0101,
  0x0102, 0x0101, 0x0142, 0x0142, 0x0963, 0x0923, 0x08A2, 0x0041, 0x0000, 0x0882, 0x426A, 0x9534, 0xB679, 0xAE58, 0x8554, 0x6451,
  0x432D, 0x32AB, 0x326A, 0x29E8, 0x1925, 0x10E4, 0x08A3, 0x1105, 0x3ACC, 0x434E, 0x430C, 0x32AA, 0x6533, 0x8E57, 0x6C50, 0x42A8,
  0x21A4, 0x11A4, 0x64D1, 0xCF7C, 0xB7FE, 0x2D71, 0x044C, 0x1654, 0x050E, 0x2F37, 0x1E14, 0x03CC, 0x030A, 0x030A, 0x03AD, 0x03AC,
  0x19C8, 0x1A09, 0x1A4B, 0x1A2B, 0x19EA, 0x11C9, 0x11C8, 0x11C9, 0x19E9, 0x11A8, 0x1187, 0x1167, 0x0906, 0x08A3, 0x0041, 0x0000,
  0x0020, 0x0082, 0x00E3, 0x00E3, 0x0903, 0x0102, 0x00E2, 0x00E2, 0x00E2, 0x00C1, 0x0101, 0x0101, 0x00E1, 0x00E1, 0x00C1, 0x00C1,
  0x00C1, 0x00C0, 0x00E1, 0x0101, 0x00E1, 0x00E1, 0x00E1, 0x00E1, 0x0101, 0x0982, 0x11E3, 0x0101, 0x0122, 0x00E1, 0x00E2, 0x0102,
  0x0102, 0x0923, 0x0923, 0x08C2, 0x0041, 0x0000, 0x0882, 0x31E7, 0x6BEF, 0x9DD6, 0xBEDA, 0xAEB9, 0x8596, 0x6492, 0x436E, 0x328B,
  0x2A6A, 0x2A29, 0x1986, 0x10E4, 0x0882, 0x08C4, 0x19A7, 0x32AC, 0x3B0C, 0x53CF, 0x6491, 0x3B4C, 0x430B, 0x3248, 0x19C5, 0x1A06,
  0x5C2E, 0x96B8, 0xBFFF, 0xAFBC, 0x4737, 0x052F, 0x03CB, 0x0612, 0x052F, 0x2E54, 0x034A, 0x02A9, 0x02EA, 0x032B, 0x0288, 0x1903,
  0x08C4, 0x08E4, 0x1146, 0x11A8, 0x1A0A, 0x1A4B, 0x1A6C, 0x1A6C, 0x1A6C, 0x1A6B, 0x1A4B, 0x1A2A, 0x120A, 0x11C9, 0x11A8, 0x0967,
  0x08C4, 0x0062, 0x0041, 0x0041, 0x0061, 0x0082, 0x0082, 0x00A2, 0x00C2, 0x00E3, 0x0903, 0x0903, 0x0902, 0x0902, 0x08E2, 0x08E2,
  0x0902, 0x0902, 0x0902, 0x0902, 0x00E2, 0x00E2, 0x00E2, 0x0102, 0x0102, 0x0143, 0x0983, 0x0143, 0x0103, 0x00E2, 0x08E2, 0x08C2,
  0x0081, 0x0081, 0x0041, 0x08A3, 0x21A6, 0x536D, 0x8D75, 0xBF1B, 0xC73C, 0xAE99, 0x95D7, 0x6CB3, 0x4B8E, 0x32AB, 0x2A6A, 0x2A49,
  0x21C7, 0x1104, 0x08A3, 0x0882, 0x1146, 0x2A8B, 0x436E, 0x4BAE, 0x6C91, 0x4B6D, 0x2A49, 0x2208, 0x0903, 0x2A27, 0x6450, 0x9E98,
  0xAF5B, 0x9FBC, 0x2E54, 0x0E32, 0x0F96, 0x1591, 0x0329, 0x048E, 0x034A, 0x02C9, 0x0289, 0x034B, 0x038C, 0x0248, 0x28E2, 0x6102,
  0x0082, 0x0042, 0x0062, 0x08C3, 0x0905, 0x1187, 0x1A0A, 0x1A6C, 0x228C, 0x1A8C, 0x1A8C, 0x1A8C, 0x1A8C, 0x1A6C, 0x1A8C, 0x1A8C,
  0x1A6C, 0x120A, 0x11C9, 0x1188, 0x0905, 0x00A3, 0x0041, 0x0020, 0x0021, 0x0041, 0x0061, 0x0081, 0x0082, 0x08A2, 0x08A2, 0x08C2,
  0x08C2, 0x08E3, 0x08E3, 0x08E3, 0x08E3, 0x08C3, 0x08E3, 0x08E3, 0x0903, 0x08E3, 0x00A2, 0x0082, 0x0081, 0x0061, 0x0062, 0x08C3,
  0x1986, 0x3AEC, 0x6431, 0x8D76, 0xA679, 0xAEDB, 0x9E79, 0x85B6, 0x7D34, 0x6492, 0x4BAF, 0x3AEC, 0x2A69, 0x21E7, 0x1945, 0x08C3,
  0x0882, 0x0882, 0x1125, 0x2229, 0x3B4D, 0x6451, 0x6C71, 0x434C, 0x2A49, 0x19A7, 0x2A28, 0x3AEA, 0x84F2, 0xB6FA, 0xAFBD, 0x9F5B,
  0x35B2, 0x1E73, 0x0EB3, 0x16D4, 0x0C4D, 0x0BAB, 0x0BAC, 0x02E9, 0x0207, 0x0228, 0x0269, 0x0289, 0x0228, 0x20E2, 0x50C1, 0x48E1,
  0x00A3, 0x00A3, 0x0083, 0x0082, 0x0082, 0x08A3, 0x0905, 0x1146, 0x11A8, 0x1A0A, 0x1A6B, 0x1AAD, 0x22CD, 0x22EE, 0x230E, 0x232F,
  0x230F, 0x1ACE, 0x1ACE, 0x1ACE, 0x1ACE, 0x1AAD, 0x1A6C, 0x1A4B, 0x120A, 0x11A8, 0x0946, 0x08E4, 0x0083, 0x0062, 0x0041, 0x0021,
  0x0041, 0x0041, 0x0041, 0x0041, 0x0041, 0x0041, 0x0061, 0x00A2, 0x08A3, 0x08A3, 0x10E4, 0x1966, 0x2A6A, 0x4B8F, 0x64D4, 0x85F8,
  0x9EBB, 0xA71C, 0xA6DA, 0x9E99, 0x8E17, 0x7D75, 0x64D3, 0x43CF, 0x32EC, 0x2A8A, 0x328A, 0x2A49, 0x1965, 0x08C3, 0x0061, 0x0061,
  0x0082, 0x19A7, 0x434D, 0x5BEF, 0x6C50, 0x432C, 0x21E7, 0x21E7, 0x21E8, 0x2208, 0x5C2F, 0x8696, 0xAFFC, 0x66F7, 0x2613, 0x1591,
  0x0590, 0x37B9, 0x26D4, 0x03AA, 0x0288, 0x0289, 0x02A9, 0x0269, 0x01C7, 0x01A6, 0x01C7, 0x01A7, 0x2103, 0x50E1, 0x48E1, 0x28A1,
  0x0905, 0x0082, 0x0042, 0x0083, 0x08C4, 0x08E4, 0x08C3, 0x0083, 0x08C3, 0x0905, 0x1167, 0x11A8, 0x11C9, 0x1A2A, 0x22AC, 0x232F,
  0x2B91, 0x2370, 0x2370, 0x2350, 0x2350, 0x2350, 0x2370, 0x2B70, 0x2370, 0x2391, 0x23B1, 0x2BF2, 0x2391, 0x2B70, 0x2B70, 0x2B6F,
  0x3390, 0x3370, 0x334F, 0x336F, 0x3B90, 0x43D1, 0x4432, 0x4C94, 0x54D5, 0x5D36, 0x6DB8, 0x7619, 0x8E9B, 0x96FC, 0x9EFC, 0x96DB,
  0x8E7A, 0x75B7, 0x5CD3, 0x4C51, 0x3BCF, 0x3B6E, 0x330C, 0x2A8A, 0x2208, 0x19A6, 0x1104, 0x08C3, 0x0882, 0x0062, 0x0082, 0x1165,
  0x3AEB, 0x5BEE, 0x63EE, 0x4B4B, 0x3268, 0x21E7, 0x2A8A, 0x330C, 0x3BCD, 0x5D93, 0x6737, 0x4F57, 0x57BA, 0x4738, 0x0E53, 0x15F1,
  0x46F7, 0x25D1, 0x03C9, 0x034A, 0x0289, 0x0228, 0x0228, 0x0289, 0x0208, 0x01E7, 0x01A7, 0x2103, 0x60E1, 0x48E1, 0x1861, 0x0000,
};
static const uint8_t hl_alpha[8256] = {
  0, 0, 0, 52, 0, 0, 0, 0, 0, 0, 0, 0, 0, 0, 0, 0, 0, 0, 0, 0, 0, 0, 0, 0,
  0, 0, 0, 0, 0, 0, 0, 0, 0, 0, 0, 0, 0, 0, 0, 0, 0, 0, 0, 0, 0, 0, 0, 0,
  0, 0, 0, 0, 0, 0, 0, 0, 0, 93, 169, 179, 248, 255, 255, 255, 255, 255, 255, 255, 255, 255, 255, 255,
  255, 255, 255, 255, 187, 170, 72, 0, 0, 0, 0, 0, 0, 0, 0, 0, 0, 0, 0, 0, 0, 0, 0, 0,
  0, 0, 86, 0, 0, 0, 0, 0, 0, 0, 0, 0, 0, 0, 0, 0, 0, 0, 0, 0, 0, 0, 0, 0,
  0, 0, 0, 0, 0, 0, 0, 0, 0, 0, 0, 0, 0, 0, 0, 0, 0, 0, 0, 0, 0, 0, 0, 0,
  0, 0, 0, 62, 169, 255, 255, 255, 255, 255, 255, 255, 255, 255, 255, 255, 255, 255, 255, 255, 255, 255, 255, 255,
  255, 255, 255, 255, 255, 255, 255, 39, 0, 0, 0, 0, 0, 0, 0, 0, 0, 0, 0, 0, 0, 0, 0, 0,
  30, 33, 0, 0, 0, 0, 0, 0, 0, 0, 0, 0, 0, 0, 0, 0, 0, 0, 0, 0, 0, 0, 0, 0,
  0, 0, 0, 0, 0, 0, 0, 0, 0, 0, 0, 0, 0, 0, 0, 0, 0, 0, 0, 0, 0, 0, 0, 161,
  255, 255, 255, 255, 255, 255, 255, 255, 255, 255, 255, 255, 255, 255, 255, 255, 255, 255, 255, 255, 255, 255, 255, 255,
  255, 255, 255, 255, 255, 255, 255, 255, 255, 57, 0, 0, 0, 0, 0, 0, 0, 0, 0, 0, 0, 0, 0, 0,
  40, 0, 0, 0, 0, 0, 0, 0, 0, 0, 0, 0, 0, 0, 0, 0, 0, 0, 0, 0, 0, 0, 0, 0,
  0, 0, 0, 0, 0, 0, 0, 0, 0, 0, 0, 0, 0, 0, 0, 0, 0, 0, 0, 144, 255, 255, 255, 255,
  255, 255, 255, 255, 255, 255, 255, 255, 255, 255, 255, 255, 255, 255, 255, 255, 255, 255, 255, 255, 255, 255, 255, 255,
  255, 255, 255, 255, 255, 255, 255, 255, 255, 255, 57, 0, 0, 0, 0, 0, 0, 0, 0, 0, 0, 0, 0, 0,
  0, 0, 0, 0, 0, 0, 0, 0, 0, 0, 0, 0, 0, 0, 0, 0, 0, 0, 0, 0, 0, 0, 0, 0,
  0, 0, 0, 0, 0, 0, 0, 0, 0, 0, 0, 0, 0, 0, 0, 75, 225, 255, 255, 255, 255, 255, 255, 255,
  255, 255, 255, 255, 255, 255, 255, 255, 255, 255, 255, 255, 255, 255, 255, 255, 255, 255, 255, 255, 255, 255, 255, 255,
  255, 255, 255, 255, 255, 255, 255, 255, 255, 255, 255, 57, 0, 0, 0, 0, 0, 0, 0, 0, 0, 0, 0, 0,
  0, 0, 0, 0, 0, 0, 0, 0, 0, 0, 0, 0, 0, 0, 0, 0, 0, 0, 0, 0, 0, 0, 0, 0,
  0, 0, 0, 0, 0, 0, 0, 0, 0, 0, 0, 0, 0, 0, 176, 255, 255, 255, 255, 255, 255, 255, 255, 255,
  255, 255, 255, 255, 255, 255, 255, 255, 255, 255, 255, 255, 255, 255, 255, 255, 255, 255, 255, 255, 255, 255, 255, 255,
  255, 255, 255, 255, 255, 255, 255, 255, 255, 255, 255, 255, 57, 0, 0, 0, 0, 0, 0, 0, 0, 0, 0, 0,
  0, 0, 0, 0, 0, 0, 0, 0, 0, 0, 0, 0, 0, 0, 0, 0, 0, 0, 0, 0, 0, 0, 0, 0,
  0, 0, 0, 0, 0, 0, 0, 0, 0, 0, 0, 0, 0, 0, 0, 255, 255, 255, 255, 255, 255, 255, 255, 255,
  255, 255, 255, 255, 255, 255, 255, 255, 255, 255, 255, 255, 255, 255, 255, 255, 255, 255, 255, 255, 255, 255, 255, 255,
  255, 255, 255, 255, 255, 255, 255, 255, 255, 255, 255, 255, 255, 0, 0, 0, 0, 0, 0, 0, 0, 0, 0, 0,
  0, 0, 0, 0, 0, 0, 0, 0, 0, 0, 0, 0, 0, 0, 0, 0, 0, 0, 0, 0, 0, 0, 0, 0,
  0, 0, 0, 0, 0, 0, 0, 0, 0, 0, 0, 0, 0, 0, 0, 175, 255, 255, 255, 255, 255, 255, 255, 255,
  255, 255, 255, 255, 255, 255, 255, 255, 255, 255, 255, 255, 255, 255, 255, 255, 255, 255, 255, 255, 255, 255, 255, 255,
  255, 255, 255, 255, 255, 255, 255, 255, 255, 255, 255, 255, 255, 255, 0, 0, 0, 0, 0, 0, 0, 0, 0, 0,
  0, 0, 0, 0, 0, 0, 0, 0, 0, 0, 0, 0, 0, 0, 0, 0, 0, 0, 0, 0, 0, 0, 0, 0,
  0, 0, 0, 0, 0, 0, 0, 0, 0, 0, 0, 0, 0, 0, 0, 0, 255, 255, 255, 255, 255, 255, 255, 255,
  255, 255, 255, 255, 255, 255, 255, 255, 255, 255, 255, 255, 255, 255, 255, 255, 255, 255, 255, 255, 255, 255, 255, 255,
  255, 255, 255, 255, 255, 255, 255, 255, 255, 255, 255, 255, 255, 255, 170, 0, 0, 0, 0, 0, 0, 0, 0, 0,
  0, 0, 0, 0, 0, 0, 0, 0, 0, 0, 0, 0, 0, 0, 0, 0, 0, 0, 0, 0, 0, 0, 0, 0,
  0, 0, 0, 0, 0, 0, 0, 0, 0, 0, 0, 0, 0, 0, 0, 0, 129, 255, 255, 255, 255, 255, 255, 255,
  255, 255, 255, 255, 255, 255, 255, 255, 255, 255, 255, 255, 255, 255, 255, 255, 255, 255, 255, 255, 255, 255, 255, 255,
  255, 255, 255, 255, 255, 255, 255, 255, 255, 255, 255, 255, 255, 255, 255, 57, 0, 0, 0, 0, 0, 0, 0, 0,
  0, 0, 0, 0, 0, 0, 0, 0, 0, 0, 0, 0, 0, 0, 0, 0, 0, 0, 0, 0, 0, 0, 0, 0,
  0, 0, 0, 0, 0, 0, 0, 0, 0, 0, 0, 0, 0, 0, 0, 0, 0, 255, 255, 255, 255, 255, 255, 255,
  255, 255, 255, 255, 255, 255, 255, 255, 255, 255, 255, 255, 255, 255, 255, 255, 255, 255, 255, 255, 255, 255, 255, 255,
  255, 255, 255, 255, 255, 255, 255, 255, 255, 255, 255, 255, 255, 255, 255, 255, 0, 0, 0, 0, 0, 0, 0, 0,
  0, 0, 0, 0, 0, 0, 0, 0, 0, 0, 0, 0, 0, 0, 0, 0, 0, 0, 0, 0, 0, 0, 0, 0,
  0, 0, 0, 0, 0, 0, 0, 0, 0, 0, 0, 0, 0, 0, 0, 0, 0, 108, 255, 255, 255, 255, 255, 255,
  255, 255, 255, 255, 255, 255, 255, 255, 255, 255, 255, 255, 255, 255, 255, 255, 255, 255, 255, 255, 255, 255, 255, 255,
  255, 255, 255, 255, 255, 255, 255, 255, 255, 255, 255, 255, 255, 255, 255, 255, 226, 0, 0, 0, 0, 0, 0, 0,
  0, 0, 0, 0, 0, 0, 0, 0, 0, 0, 0, 0, 0, 0, 0, 0, 0, 0, 0, 0, 0, 0, 0, 0,
  0, 0, 0, 0, 0, 0, 0, 0, 0, 0, 0, 0, 0, 0, 0, 0, 0, 0, 255, 255, 255, 255, 255, 255,
  255, 255, 255, 255, 255, 255, 255, 255, 255, 255, 255, 255, 255, 255, 255, 255, 255, 255, 255, 255, 255, 255, 255, 255,
  255, 255, 255, 255, 255, 255, 255, 255, 255, 255, 255, 255, 255, 255, 255, 255, 202, 0, 0, 0, 0, 0, 0, 0,
  0, 0, 0, 0, 0, 0, 0, 0, 0, 0, 0, 0, 0, 0, 0, 0, 0, 0, 0, 0, 0, 0, 0, 0,
  0, 0, 0, 0, 0, 0, 0, 0, 0, 0, 0, 0, 0, 0, 0, 0, 0, 0, 127, 255, 255, 255, 255, 255,
  255, 255, 255, 255, 255, 255, 255, 255, 255, 255, 255, 255, 255, 255, 255, 255, 255, 255, 255, 255, 255, 255, 255, 255,
  255, 255, 255, 255, 255, 255, 255, 255, 255, 255, 255, 255, 255, 255, 255, 255, 0, 0, 0, 0, 0, 0, 0, 0,
  0, 0, 0, 0, 0, 0, 0, 0, 0, 0, 0, 0, 0, 0, 0, 0, 0, 0, 0, 0, 0, 0, 0, 0,
  0, 0, 0, 0, 0, 0, 0, 0, 0, 0, 0, 0, 0, 0, 0, 0, 0, 0, 0, 255, 255, 255, 255, 255,
  255, 255, 255, 255, 255, 255, 255, 255, 255, 255, 255, 255, 255, 255, 255, 255, 255, 255, 255, 255, 255, 255, 255, 255,
  255, 255, 255, 255, 255, 255, 255, 255, 255, 255, 255, 255, 255, 255, 255, 98, 0, 0, 0, 0, 0, 0, 0, 0,
  0, 0, 0, 0, 0, 0, 0, 0, 0, 0, 0, 0, 0, 0, 0, 0, 0, 0, 0, 0, 0, 0, 0, 0,
  0, 0, 0, 0, 0, 0, 0, 0, 0, 0, 0, 0, 0, 0, 0, 0, 0, 0, 0, 199, 255, 255, 255, 255,
  255, 255, 255, 255, 255, 255, 255, 255, 255, 255, 255, 255, 255, 255, 255, 255, 255, 255, 255, 255, 255, 255, 255, 255,
  255, 255, 255, 255, 255, 255, 255, 255, 255, 255, 255, 255, 255, 255, 255, 0, 0, 0, 0, 0, 0, 0, 0, 0,
  0, 0, 0, 0, 0, 0, 0, 0, 0, 0, 0, 0, 0, 0, 0, 0, 0, 0, 0, 0, 0, 0, 0, 0,
  0, 0, 0, 0, 0, 0, 0, 0, 0, 0, 0, 0, 0, 0, 0, 0, 0, 0, 0, 0, 255, 255, 255, 255,
  255, 255, 255, 255, 255, 255, 255, 255, 255, 255, 255, 255, 255, 255, 255, 255, 255, 255, 255, 255, 255, 255, 255, 255,
  255, 255, 255, 255, 255, 255, 255, 255, 255, 255, 255, 255, 255, 255, 0, 0, 0, 0, 0, 0, 0, 0, 0, 0,
  0, 0, 0, 0, 0, 0, 0, 0, 0, 0, 0, 0, 0, 0, 0, 0, 0, 0, 0, 0, 0, 0, 0, 0,
  0, 0, 0, 0, 0, 0, 0, 0, 0, 0, 0, 0, 0, 0, 0, 0, 0, 0, 0, 0, 255, 255, 255, 255,
  255, 255, 255, 255, 255, 255, 255, 255, 255, 255, 255, 255, 255, 255, 255, 255, 255, 255, 255, 255, 255, 255, 255, 255,
  255, 255, 255, 255, 255, 255, 255, 255, 255, 255, 255, 255, 255, 107, 0, 0, 0, 0, 0, 0, 0, 0, 0, 0,
  0, 0, 0, 0, 0, 0, 0, 0, 0, 0, 0, 0, 0, 0, 0, 0, 0, 0, 0, 0, 0, 0, 0, 0,
  0, 0, 0, 0, 0, 0, 0, 0, 0, 0, 0, 0, 0, 0, 0, 0, 0, 0, 0, 0, 83, 255, 255, 255,
  255, 255, 255, 255, 255, 255, 255, 255, 255, 255, 255, 255, 255, 255, 255, 255, 255, 255, 255, 255, 255, 255, 255, 255,
  255, 255, 255, 255, 255, 255, 255, 255, 255, 255, 255, 255, 85, 0, 0, 0, 0, 0, 0, 0, 0, 0, 0, 0,
  0, 0, 0, 0, 0, 0, 0, 0, 0, 0, 0, 0, 0, 0, 0, 0, 0, 0, 0, 0, 0, 0, 0, 0,
  0, 0, 0, 0, 0, 0, 0, 0, 0, 0, 0, 0, 0, 0, 0, 0, 0, 0, 0, 0, 0, 255, 255, 255,
  255, 255, 255, 255, 255, 255, 255, 255, 255, 255, 255, 255, 255, 255, 255, 255, 255, 255, 255, 255, 255, 255, 255, 255,
  255, 255, 255, 255, 255, 255, 255, 255, 255, 255, 255, 255, 105, 0, 0, 0, 0, 0, 0, 0, 0, 0, 0, 0,
  0, 0, 0, 0, 0, 0, 0, 0, 0, 0, 0, 0, 0, 0, 0, 0, 0, 0, 0, 0, 0, 0, 0, 0,
  0, 0, 0, 0, 0, 0, 0, 0, 0, 0, 0, 0, 0, 0, 0, 0, 0, 0, 0, 0, 0, 238, 255, 255,
  255, 255, 255, 255, 255, 255, 255, 255, 255, 255, 255, 255, 255, 255, 255, 255, 255, 255, 255, 255, 255, 255, 255, 255,
  255, 255, 255, 255, 255, 255, 255, 255, 255, 255, 255, 255, 68, 0, 0, 0, 0, 0, 0, 0, 0, 0, 0, 0,
  0, 0, 0, 0, 0, 0, 0, 0, 0, 0, 0, 0, 0, 0, 0, 0, 0, 0, 0, 0, 0, 0, 0, 0,
  0, 0, 0, 0, 0, 0, 0, 0, 0, 0, 0, 0, 0, 0, 0, 0, 0, 0, 0, 0, 0, 92, 255, 255,
  255, 255, 255, 255, 255, 255, 255, 255, 255, 255, 255, 255, 255, 255, 255, 255, 255, 255, 255, 255, 255, 255, 255, 255,
  255, 255, 255, 255, 255, 255, 255, 255, 255, 255, 255, 95, 0, 0, 0, 0, 0, 0, 0, 0, 0, 0, 0, 0,
  0, 0, 0, 0, 0, 0, 0, 0, 0, 0, 0, 0, 0, 0, 0, 0, 0, 0, 0, 0, 0, 0, 0, 0,
  0, 0, 0, 0, 0, 0, 0, 0, 0, 0, 0, 0, 0, 0, 0, 0, 0, 0, 0, 0, 0, 0, 255, 255,
  255, 255, 255, 255, 255, 255, 255, 255, 255, 255, 255, 255, 255, 255, 255, 255, 255, 255, 255, 255, 255, 255, 255, 255,
  255, 255, 255, 255, 255, 255, 255, 255, 255, 255, 255, 32, 40, 0, 0, 0, 0, 0, 0, 0, 0, 0, 0, 0,
  0, 0, 0, 0, 0, 0, 0, 0, 0, 0, 0, 0, 0, 0, 0, 0, 0, 0, 0, 0, 0, 0, 0, 0,
  0, 0, 0, 0, 0, 0, 0, 0, 0, 0, 0, 0, 0, 0, 0, 0, 0, 0, 0, 0, 0, 0, 48, 255,
  255, 255, 255, 255, 255, 255, 255, 255, 255, 255, 255, 255, 255, 255, 255, 255, 255, 255, 255, 255, 255, 255, 255, 255,
  255, 255, 255, 255, 255, 255, 255, 255, 255, 255, 255, 170, 0, 0, 0, 0, 0, 0, 0, 0, 0, 0, 0, 0,
  0, 0, 0, 0, 0, 0, 0, 0, 0, 0, 0, 0, 0, 0, 0, 0, 0, 0, 0, 0, 0, 0, 0, 0,
  0, 0, 0, 0, 0, 0, 0, 0, 0, 0, 0, 0, 0, 0, 0, 0, 0, 0, 0, 0, 0, 0, 0, 38,
  66, 255, 255, 255, 255, 255, 255, 255, 255, 255, 255, 255, 255, 255, 255, 255, 255, 255, 255, 255, 255, 255, 255, 255,
  255, 152, 255, 255, 255, 255, 255, 255, 255, 255, 40, 0, 0, 0, 0, 0, 0, 0, 0, 0, 0, 0, 0, 0,
  0, 0, 0, 0, 0, 0, 0, 0, 0, 0, 0, 0, 0, 0, 0, 0, 0, 0, 0, 0, 0, 0, 0, 0,
  0, 0, 0, 0, 0, 0, 0, 0, 0, 0, 0, 0, 0, 0, 0, 0, 0, 0, 0, 0, 0, 0, 0, 0,
  0, 45, 98, 157, 229, 255, 255, 139, 0, 0, 0, 153, 255, 255, 255, 255, 255, 255, 255, 255, 255, 255, 255, 128,
  0, 0, 255, 255, 255, 255, 255, 255, 81, 0, 0, 0, 0, 0, 0, 0, 0, 0, 0, 0, 0, 0, 0, 0,
  0, 0, 0, 0, 0, 0, 0, 0, 0, 0, 0, 0, 0, 0, 0, 0, 0, 0, 0, 0, 0, 0, 0, 0,
  0, 39, 31, 0, 0, 0, 0, 0, 0, 0, 0, 0, 0, 0, 0, 0, 0, 0, 0, 0, 0, 0, 0, 0,
  0, 0, 0, 26, 93, 207, 0, 0, 0, 0, 105, 142, 255, 255, 255, 255, 255, 255, 255, 255, 255, 184, 0, 0,
  0, 0, 255, 255, 255, 255, 76, 0, 0, 0, 0, 0, 0, 0, 0, 0, 0, 0, 0, 0, 0, 0, 0, 0,
  0, 0, 0, 0, 0, 0, 0, 0, 0, 0, 0, 0, 0, 0, 0, 0, 0, 0, 0, 0, 0, 0, 0, 0,
  0, 0, 0, 0, 0, 0, 0, 0, 0, 0, 0, 0, 0, 0, 0, 0, 0, 0, 0, 0, 0, 0, 0, 0,
  0, 0, 0, 0, 0, 0, 0, 0, 0, 66, 76, 255, 255, 255, 255, 255, 255, 255, 255, 123, 0, 0, 0, 0,
  0, 0, 193, 255, 168, 0, 0, 0, 0, 0, 0, 0, 0, 0, 0, 0, 0, 0, 0, 0, 0, 0, 0, 0,
  0, 0, 0, 0, 0, 0, 0, 0, 0, 0, 0, 0, 0, 0, 0, 0, 0, 0, 0, 0, 0, 0, 0, 0,
  0, 0, 0, 0, 0, 0, 0, 0, 0, 0, 0, 0, 0, 0, 0, 0, 0, 0, 0, 0, 0, 0, 0, 0,
  0, 0, 0, 0, 0, 0, 0, 0, 59, 0, 0, 245, 144, 255, 255, 255, 210, 114, 0, 0, 0, 0, 0, 0,
  0, 0, 41, 62, 0, 0, 0, 0, 0, 0, 0, 0, 0, 0, 0, 0, 0, 0, 0, 0, 0, 0, 0, 0,
  0, 0, 0, 0, 0, 0, 0, 0, 0, 0, 0, 0, 0, 0, 0, 0, 0, 0, 0, 0, 0, 0, 0, 0,
  0, 0, 0, 0, 0, 0, 0, 0, 0, 0, 0, 0, 0, 0, 0, 0, 0, 0, 0, 0, 0, 0, 0, 0,
  0, 0, 0, 0, 0, 0, 0, 0, 0, 0, 0, 51, 100, 50, 203, 0, 0, 0, 0, 0, 0, 0, 0, 0,
  0, 0, 0, 0, 0, 0, 0, 44, 0, 0, 0, 0, 0, 0, 0, 0, 0, 0, 0, 0, 0, 0, 0, 0,
  0, 0, 0, 0, 0, 0, 0, 0, 0, 0, 0, 0, 0, 0, 0, 0, 0, 0, 0, 0, 0, 0, 0, 0,
  0, 0, 0, 0, 0, 0, 0, 0, 0, 0, 0, 0, 0, 0, 0, 0, 0, 0, 0, 0, 0, 0, 0, 0,
  0, 0, 0, 0, 0, 0, 0, 48, 88, 77, 0, 0, 0, 0, 0, 0, 0, 0, 88, 0, 56, 52, 0, 0,
  0, 0, 0, 0, 0, 31, 0, 0, 0, 0, 0, 0, 0, 0, 0, 0, 0, 0, 0, 0, 0, 0, 0, 0,
  0, 0, 0, 0, 0, 0, 0, 0, 0, 0, 0, 0, 0, 0, 0, 0, 0, 0, 0, 0, 0, 0, 0, 0,
  0, 0, 0, 0, 0, 0, 0, 0, 0, 0, 0, 0, 0, 0, 0, 0, 0, 0, 0, 0, 0, 0, 0, 0,
  0, 0, 0, 0, 0, 0, 0, 0, 0, 0, 0, 0, 29, 0, 0, 0, 0, 0, 0, 0, 0, 235, 65, 93,
  0, 0, 0, 0, 0, 0, 0, 51, 0, 0, 0, 0, 0, 0, 0, 0, 0, 0, 0, 0, 0, 0, 0, 0,
  0, 0, 0, 0, 0, 0, 0, 0, 0, 0, 0, 0, 0, 0, 0, 0, 0, 0, 0, 0, 0, 0, 0, 0,
  0, 0, 0, 0, 0, 0, 0, 0, 0, 0, 0, 0, 0, 0, 0, 0, 0, 0, 0, 0, 0, 0, 0, 0,
  0, 0, 0, 0, 0, 0, 0, 0, 0, 0, 44, 0, 0, 0, 0, 0, 0, 0, 0, 0, 30, 0, 0, 0,
  0, 0, 0, 0, 0, 0, 0, 0, 0, 0, 0, 0, 0, 0, 0, 0, 0, 0, 0, 0, 0, 0, 0, 0,
  0, 0, 0, 0, 0, 0, 0, 0, 0, 0, 0, 0, 0, 0, 0, 0, 0, 0, 0, 0, 0, 0, 0, 0,
  0, 0, 0, 0, 0, 0, 0, 0, 0, 0, 0, 0, 0, 0, 0, 0, 0, 0, 0, 0, 0, 0, 0, 0,
  0, 0, 0, 0, 0, 0, 0, 0, 0, 0, 44, 0, 0, 0, 0, 0, 0, 0, 0, 43, 39, 0, 0, 0,
  0, 0, 0, 0, 0, 0, 0, 0, 0, 0, 0, 0, 0, 0, 0, 0, 0, 0, 0, 0, 0, 0, 0, 0,
  0, 0, 0, 0, 0, 0, 0, 0, 0, 0, 0, 0, 0, 0, 0, 0, 0, 0, 0, 0, 0, 0, 0, 0,
  0, 0, 0, 0, 0, 0, 0, 0, 0, 0, 0, 0, 0, 0, 0, 0, 0, 0, 0, 0, 0, 0, 0, 0,
  0, 0, 0, 0, 0, 0, 0, 0, 0, 0, 0, 0, 0, 0, 0, 0, 0, 0, 0, 68, 0, 0, 0, 0,
  0, 0, 0, 0, 0, 0, 0, 0, 0, 0, 0, 0, 0, 0, 0, 0, 0, 0, 0, 0, 0, 0, 0, 0,
  0, 0, 0, 0, 0, 0, 0, 0, 0, 0, 0, 0, 0, 0, 0, 0, 0, 0, 0, 0, 0, 0, 0, 0,
  0, 0, 0, 0, 0, 0, 0, 0, 0, 0, 0, 0, 0, 0, 0, 0, 0, 0, 0, 0, 0, 0, 0, 0,
  0, 0, 0, 0, 0, 0, 0, 0, 0, 0, 0, 0, 0, 0, 0, 0, 0, 0, 0, 0, 0, 0, 0, 0,
  0, 0, 0, 0, 0, 0, 0, 0, 0, 0, 0, 0, 0, 0, 0, 0, 0, 0, 0, 0, 0, 0, 0, 0,
  0, 0, 0, 0, 0, 0, 0, 0, 0, 0, 0, 0, 0, 0, 0, 0, 0, 0, 0, 0, 0, 0, 0, 0,
  0, 0, 0, 0, 0, 0, 0, 0, 0, 0, 0, 0, 0, 0, 0, 0, 0, 0, 0, 0, 0, 0, 0, 0,
  0, 0, 0, 0, 0, 0, 0, 0, 0, 0, 0, 0, 0, 0, 0, 0, 0, 32, 0, 0, 0, 0, 0, 0,
  0, 0, 0, 0, 0, 0, 0, 0, 0, 0, 0, 0, 0, 0, 0, 0, 0, 0, 0, 0, 0, 0, 0, 0,
  0, 0, 0, 0, 0, 0, 0, 0, 0, 0, 0, 0, 0, 0, 0, 0, 0, 0, 0, 0, 0, 0, 0, 0,
  0, 0, 0, 0, 0, 0, 0, 0, 0, 0, 0, 0, 0, 0, 0, 0, 0, 0, 0, 0, 0, 0, 0, 0,
  0, 0, 0, 0, 0, 0, 0, 0, 0, 0, 0, 0, 0, 0, 0, 0, 0, 0, 0, 0, 0, 0, 0, 0,
  0, 0, 0, 36, 0, 0, 0, 0, 0, 0, 0, 0, 0, 0, 0, 0, 0, 0, 0, 0, 0, 0, 0, 0,
  0, 0, 0, 0, 0, 0, 0, 0, 0, 0, 0, 0, 0, 0, 0, 0, 0, 0, 0, 0, 0, 0, 0, 0,
  0, 0, 0, 0, 0, 0, 0, 0, 0, 0, 0, 0, 0, 0, 0, 0, 0, 0, 0, 0, 0, 0, 0, 0,
  0, 0, 0, 0, 0, 0, 0, 0, 0, 0, 0, 0, 0, 0, 0, 0, 0, 0, 0, 0, 0, 0, 0, 0,
  0, 0, 0, 0, 0, 0, 0, 0, 0, 0, 0, 0, 0, 0, 0, 0, 0, 0, 0, 0, 0, 0, 0, 0,
  0, 0, 0, 0, 0, 0, 0, 0, 0, 0, 0, 0, 0, 0, 0, 0, 0, 0, 0, 0, 0, 0, 0, 0,
  0, 0, 0, 0, 0, 0, 0, 0, 0, 0, 0, 0, 0, 0, 0, 0, 0, 0, 0, 0, 0, 0, 0, 0,
  0, 0, 0, 0, 0, 0, 0, 0, 0, 0, 0, 0, 0, 0, 0, 0, 0, 0, 0, 0, 0, 0, 0, 0,
  0, 0, 0, 0, 0, 0, 0, 0, 0, 0, 0, 0, 0, 0, 0, 0, 0, 0, 0, 0, 0, 0, 0, 95,
  0, 0, 0, 0, 0, 0, 0, 0, 0, 0, 0, 0, 0, 0, 0, 0, 0, 0, 0, 0, 0, 0, 0, 0,
  0, 0, 0, 0, 0, 0, 0, 0, 0, 0, 0, 0, 0, 0, 0, 0, 0, 0, 0, 0, 0, 0, 0, 0,
  0, 0, 0, 0, 0, 0, 0, 0, 0, 0, 0, 0, 0, 0, 0, 0, 0, 0, 0, 0, 0, 0, 0, 0,
  0, 0, 0, 0, 0, 0, 0, 0, 0, 0, 0, 0, 0, 0, 0, 0, 0, 0, 0, 0, 0, 0, 0, 212,
  0, 0, 0, 0, 0, 0, 0, 0, 0, 0, 0, 0, 0, 0, 0, 0, 0, 0, 0, 0, 0, 0, 0, 0,
  0, 0, 0, 0, 0, 0, 0, 0, 0, 0, 0, 0, 0, 0, 0, 0, 0, 0, 0, 0, 0, 0, 0, 0,
  0, 0, 0, 0, 0, 0, 0, 0, 0, 0, 0, 0, 0, 0, 0, 0, 0, 0, 0, 0, 0, 0, 0, 0,
  0, 0, 0, 0, 0, 0, 35, 0, 0, 0, 0, 0, 0, 0, 0, 0, 0, 0, 0, 0, 0, 0, 45, 56,
  0, 0, 0, 0, 0, 0, 0, 0, 0, 0, 0, 0, 0, 0, 0, 0, 0, 0, 0, 0, 0, 0, 0, 0,
  0, 0, 0, 0, 0, 0, 0, 0, 0, 0, 0, 0, 0, 0, 0, 0, 0, 0, 0, 0, 0, 0, 0, 0,
  0, 0, 0, 0, 0, 0, 0, 0, 0, 0, 0, 0, 0, 0, 0, 0, 0, 0, 0, 0, 0, 0, 0, 0,
  0, 0, 0, 0, 0, 0, 0, 0, 0, 0, 0, 0, 0, 0, 0, 0, 0, 0, 0, 0, 0, 0, 0, 0,
  0, 0, 0, 0, 0, 0, 0, 0, 0, 0, 0, 0, 0, 0, 0, 0, 0, 0, 0, 0, 0, 0, 0, 0,
  0, 0, 0, 0, 0, 0, 0, 0, 0, 0, 0, 0, 0, 0, 0, 0, 0, 0, 0, 0, 0, 0, 0, 0,
  0, 0, 0, 0, 0, 0, 0, 0, 0, 0, 0, 0, 0, 0, 0, 0, 0, 0, 0, 0, 0, 0, 0, 0,
  0, 0, 0, 0, 0, 0, 0, 0, 0, 0, 0, 0, 0, 0, 0, 0, 0, 0, 0, 0, 0, 0, 0, 0,
  0, 0, 0, 0, 0, 0, 0, 0, 0, 0, 0, 0, 0, 0, 0, 0, 0, 0, 0, 0, 0, 0, 0, 0,
  0, 0, 0, 0, 0, 0, 0, 0, 0, 0, 0, 0, 0, 0, 0, 0, 0, 0, 0, 0, 0, 0, 0, 0,
  0, 0, 0, 0, 0, 0, 0, 0, 0, 0, 0, 0, 0, 0, 0, 0, 0, 0, 0, 0, 0, 0, 0, 0,
  0, 0, 0, 0, 0, 0, 0, 0, 0, 0, 0, 0, 0, 0, 0, 0, 0, 0, 0, 0, 0, 0, 0, 0,
  0, 0, 0, 0, 0, 0, 0, 0, 0, 0, 0, 0, 0, 0, 0, 0, 0, 0, 0, 0, 0, 0, 0, 0,
  0, 0, 0, 0, 0, 0, 0, 0, 0, 0, 0, 0, 0, 0, 0, 0, 0, 0, 0, 0, 0, 0, 0, 0,
  0, 0, 0, 0, 0, 0, 0, 0, 0, 0, 0, 0, 0, 0, 0, 0, 0, 0, 0, 0, 0, 0, 0, 0,
  0, 0, 0, 0, 0, 0, 0, 0, 0, 0, 0, 0, 0, 0, 0, 0, 0, 0, 0, 0, 0, 0, 41, 0,
  0, 0, 0, 0, 0, 0, 0, 0, 0, 0, 0, 0, 0, 0, 0, 0, 0, 0, 0, 0, 0, 0, 0, 0,
  0, 0, 0, 0, 0, 0, 0, 0, 0, 0, 0, 0, 0, 0, 0, 0, 0, 0, 0, 0, 0, 0, 0, 0,
  0, 0, 0, 0, 0, 0, 0, 0, 0, 0, 0, 0, 0, 0, 0, 0, 0, 0, 0, 0, 0, 0, 0, 0,
  0, 0, 0, 0, 0, 0, 0, 0, 0, 0, 0, 0, 0, 0, 0, 0, 0, 0, 0, 0, 0, 0, 0, 0,
  0, 0, 0, 0, 0, 0, 0, 0, 0, 0, 0, 0, 0, 0, 0, 0, 0, 0, 0, 0, 0, 0, 0, 0,
  0, 0, 0, 0, 0, 0, 0, 0, 0, 0, 0, 0, 0, 0, 0, 0, 0, 0, 0, 0, 0, 0, 0, 0,
  0, 0, 0, 0, 0, 0, 0, 0, 0, 0, 0, 0, 0, 0, 0, 0, 0, 0, 0, 0, 0, 0, 0, 0,
  0, 0, 0, 0, 0, 0, 0, 0, 0, 0, 0, 0, 0, 0, 0, 0, 0, 0, 0, 0, 0, 0, 88, 0,
  0, 0, 0, 0, 0, 0, 0, 0, 0, 0, 0, 0, 0, 0, 0, 0, 0, 0, 0, 0, 0, 0, 0, 0,
  0, 0, 0, 0, 0, 0, 0, 0, 0, 0, 0, 0, 0, 0, 0, 0, 0, 0, 0, 0, 0, 0, 0, 0,
  0, 0, 0, 0, 0, 0, 0, 0, 0, 0, 0, 0, 0, 0, 0, 0, 0, 0, 0, 0, 0, 0, 0, 0,
  0, 0, 0, 0, 0, 0, 0, 0, 0, 0, 0, 0, 0, 0, 0, 0, 0, 0, 0, 0, 0, 0, 74, 0,
  0, 0, 0, 0, 0, 0, 0, 0, 0, 0, 0, 0, 0, 0, 0, 0, 0, 0, 0, 0, 0, 0, 0, 0,
  0, 0, 0, 0, 0, 0, 0, 0, 0, 0, 0, 0, 0, 0, 0, 0, 0, 0, 0, 0, 0, 0, 0, 0,
  0, 0, 0, 0, 0, 0, 0, 0, 0, 0, 0, 0, 0, 0, 0, 0, 0, 0, 0, 0, 0, 0, 0, 0,
  0, 0, 0, 0, 0, 0, 0, 0, 0, 0, 0, 0, 0, 0, 0, 0, 0, 0, 0, 0, 0, 63, 0, 0,
  0, 0, 0, 0, 0, 0, 0, 0, 0, 0, 0, 0, 0, 0, 0, 0, 0, 0, 0, 0, 0, 0, 0, 0,
  0, 0, 0, 0, 0, 0, 0, 0, 0, 0, 0, 0, 0, 0, 0, 0, 0, 0, 0, 0, 0, 0, 0, 0,
  0, 0, 0, 0, 0, 0, 0, 0, 0, 0, 0, 0, 0, 0, 0, 0, 0, 0, 0, 0, 0, 0, 0, 0,
  0, 0, 0, 0, 0, 0, 0, 0, 0, 0, 0, 0, 0, 0, 0, 0, 0, 0, 0, 0, 57, 135, 0, 0,
  0, 0, 0, 0, 0, 0, 0, 0, 0, 0, 0, 0, 0, 0, 0, 0, 0, 0, 0, 0, 0, 0, 0, 0,
  0, 0, 0, 0, 0, 0, 0, 0, 0, 0, 0, 0, 0, 0, 0, 0, 0, 0, 0, 0, 0, 0, 0, 0,
  0, 0, 0, 0, 0, 0, 0, 0, 0, 0, 0, 0, 0, 0, 0, 0, 0, 0, 0, 0, 0, 0, 0, 0,
  0, 0, 0, 0, 0, 0, 0, 0, 0, 0, 0, 0, 0, 0, 0, 0, 0, 0, 0, 0, 122, 64, 0, 0,
  0, 0, 0, 0, 0, 0, 0, 0, 0, 0, 0, 0, 0, 0, 0, 0, 0, 0, 0, 0, 0, 0, 0, 0,
  0, 0, 0, 0, 0, 0, 0, 0, 0, 0, 0, 0, 0, 0, 0, 0, 0, 0, 0, 0, 0, 0, 0, 0,
  0, 0, 0, 0, 0, 0, 0, 0, 0, 0, 0, 0, 0, 0, 0, 0, 0, 0, 0, 0, 0, 0, 0, 0,
  0, 0, 0, 0, 0, 0, 0, 0, 0, 0, 0, 0, 0, 0, 0, 0, 0, 0, 0, 34, 91, 0, 0, 0,
  0, 0, 0, 0, 0, 0, 0, 0, 0, 0, 0, 0, 0, 0, 0, 0, 0, 0, 0, 0, 0, 0, 0, 0,
  0, 0, 0, 0, 0, 0, 0, 0, 0, 0, 0, 0, 0, 0, 0, 0, 0, 0, 0, 0, 0, 0, 0, 0,
  0, 0, 0, 0, 0, 0, 0, 0, 0, 0, 0, 0, 0, 0, 0, 0, 0, 0, 0, 0, 0, 0, 0, 0,
  0, 0, 0, 0, 0, 0, 0, 0, 0, 0, 0, 0, 0, 0, 0, 0, 0, 0, 0, 75, 38, 0, 0, 0,
  0, 0, 0, 0, 0, 0, 0, 0, 0, 0, 0, 0, 0, 0, 0, 0, 0, 0, 0, 0, 0, 0, 0, 0,
  0, 0, 0, 0, 0, 0, 0, 0, 0, 0, 0, 0, 0, 0, 0, 0, 0, 0, 0, 0, 0, 0, 0, 0,
  0, 0, 0, 0, 0, 0, 0, 0, 0, 0, 0, 0, 0, 0, 0, 0, 0, 0, 0, 0, 0, 0, 0, 0,
  0, 0, 0, 0, 0, 0, 0, 0, 0, 0, 0, 0, 0, 0, 0, 0, 0, 0, 39, 62, 40, 0, 0, 0,
  0, 0, 0, 0, 0, 0, 0, 0, 0, 0, 0, 0, 0, 0, 0, 0, 0, 0, 0, 0, 0, 0, 0, 0,
  0, 0, 0, 0, 0, 0, 0, 0, 0, 0, 0, 0, 0, 0, 0, 0, 0, 0, 0, 0, 0, 0, 0, 0,
  0, 0, 0, 0, 0, 0, 0, 0, 0, 0, 0, 0, 0, 0, 0, 0, 0, 0, 0, 0, 0, 0, 0, 0,
  0, 0, 0, 0, 0, 0, 0, 0, 0, 0, 0, 0, 0, 0, 0, 0, 0, 0, 96, 72, 0, 0, 0, 0,
  0, 0, 0, 0, 0, 0, 0, 0, 0, 0, 0, 0, 0, 0, 0, 0, 0, 0, 0, 0, 0, 0, 0, 0,
  0, 0, 0, 0, 0, 0, 0, 0, 0, 0, 0, 0, 0, 0, 0, 0, 0, 0, 0, 0, 0, 0, 0, 0,
  0, 0, 0, 0, 0, 0, 0, 0, 0, 0, 0, 0, 0, 0, 0, 0, 0, 0, 0, 0, 0, 0, 0, 0,
  0, 0, 0, 0, 0, 0, 0, 0, 0, 0, 0, 0, 0, 0, 0, 0, 0, 94, 89, 0, 0, 0, 0, 0,
  0, 0, 0, 0, 0, 0, 0, 0, 0, 0, 0, 0, 0, 0, 0, 0, 0, 0, 0, 0, 0, 0, 0, 0,
  0, 0, 0, 0, 0, 0, 0, 0, 0, 0, 0, 0, 0, 0, 0, 0, 0, 0, 0, 0, 0, 0, 0, 0,
  0, 0, 0, 0, 0, 0, 0, 0, 0, 0, 0, 0, 0, 0, 0, 0, 0, 0, 0, 0, 0, 0, 0, 0,
  0, 0, 0, 0, 0, 0, 0, 0, 0, 0, 0, 0, 0, 0, 0, 0, 0, 193, 0, 0, 0, 0, 0, 0,
  0, 0, 0, 0, 0, 0, 0, 0, 0, 0, 0, 0, 0, 0, 0, 0, 0, 0, 0, 0, 0, 0, 0, 0,
  0, 0, 0, 0, 0, 0, 0, 0, 0, 0, 0, 0, 0, 0, 0, 0, 0, 0, 0, 0, 0, 0, 0, 0,
  0, 0, 0, 0, 0, 0, 0, 0, 0, 0, 0, 0, 0, 0, 0, 0, 0, 0, 0, 0, 0, 0, 0, 0,
  0, 0, 0, 0, 0, 0, 0, 0, 0, 0, 0, 0, 0, 0, 0, 0, 96, 110, 0, 0, 0, 0, 0, 0,
  0, 0, 0, 0, 0, 0, 0, 0, 0, 0, 0, 0, 0, 0, 0, 0, 0, 0, 0, 0, 0, 0, 0, 0,
  0, 0, 0, 0, 0, 0, 0, 0, 0, 0, 0, 0, 0, 0, 0, 0, 0, 0, 0, 0, 0, 0, 0, 0,
  0, 0, 0, 0, 0, 0, 0, 0, 0, 0, 0, 0, 0, 0, 0, 0, 0, 0, 0, 0, 0, 0, 0, 0,
  0, 0, 0, 0, 0, 0, 0, 0, 0, 0, 0, 0, 0, 0, 0, 0, 229, 0, 0, 0, 0, 0, 0, 0,
  0, 0, 0, 0, 0, 0, 0, 0, 0, 0, 0, 0, 0, 0, 0, 0, 0, 0, 0, 0, 0, 0, 0, 0,
  0, 0, 0, 0, 0, 0, 0, 0, 0, 0, 0, 0, 0, 0, 0, 0, 0, 0, 0, 0, 0, 0, 0, 0,
  0, 0, 0, 0, 0, 0, 0, 0, 0, 0, 0, 0, 0, 0, 0, 0, 0, 0, 0, 0, 0, 0, 0, 0,
  0, 0, 0, 0, 0, 0, 0, 0, 0, 0, 0, 0, 0, 0, 0, 94, 160, 0, 0, 0, 0, 0, 0, 0,
  0, 0, 0, 0, 0, 0, 0, 0, 0, 0, 0, 0, 0, 0, 0, 0, 0, 0, 0, 0, 0, 0, 0, 0,
  0, 0, 0, 0, 0, 0, 0, 0, 0, 0, 0, 0, 0, 0, 0, 0, 0, 0, 0, 0, 0, 0, 0, 0,
  0, 0, 0, 0, 0, 0, 0, 0, 0, 0, 0, 0, 0, 0, 0, 0, 0, 0, 0, 0, 0, 0, 0, 0,
  0, 0, 0, 0, 0, 0, 0, 0, 0, 0, 0, 0, 0, 0, 0, 239, 0, 0, 0, 0, 0, 0, 0, 0,
  0, 0, 0, 0, 0, 0, 0, 0, 0, 0, 0, 0, 0, 0, 0, 0, 0, 0, 0, 0, 0, 0, 0, 0,
  0, 0, 0, 0, 0, 0, 0, 0, 0, 0, 0, 0, 0, 0, 0, 0, 0, 0, 0, 0, 0, 0, 0, 0,
  0, 0, 0, 0, 0, 0, 0, 0, 0, 0, 0, 0, 0, 0, 0, 0, 0, 0, 0, 0, 0, 0, 0, 0,
  0, 0, 0, 0, 0, 0, 0, 0, 0, 0, 0, 0, 0, 0, 97, 111, 0, 0, 0, 0, 0, 0, 0, 0,
  0, 0, 0, 0, 0, 0, 0, 0, 0, 0, 0, 0, 0, 0, 0, 0, 0, 0, 0, 0, 0, 0, 0, 0,
  0, 0, 0, 0, 0, 0, 0, 0, 0, 0, 0, 0, 0, 0, 0, 0, 0, 0, 0, 0, 0, 0, 0, 0,
  0, 0, 0, 0, 0, 0, 0, 0, 0, 0, 0, 0, 0, 0, 0, 0, 0, 0, 0, 0, 0, 0, 0, 0,
  0, 0, 0, 0, 0, 0, 0, 0, 0, 0, 0, 0, 0, 0, 238, 0, 0, 0, 0, 0, 0, 0, 0, 0,
  0, 0, 0, 0, 0, 0, 0, 0, 0, 0, 0, 0, 0, 0, 0, 0, 0, 0, 0, 0, 0, 0, 0, 0,
  0, 0, 0, 0, 0, 0, 0, 0, 0, 0, 0, 0, 0, 0, 0, 0, 0, 0, 0, 0, 0, 0, 0, 0,
  0, 0, 0, 0, 0, 0, 0, 0, 0, 0, 0, 0, 0, 0, 0, 0, 0, 0, 0, 0, 0, 0, 0, 0,
  0, 0, 0, 0, 0, 0, 0, 0, 0, 0, 0, 0, 0, 63, 39, 0, 0, 0, 0, 0, 0, 0, 0, 0,
  0, 0, 0, 0, 0, 0, 0, 0, 0, 0, 0, 0, 0, 0, 0, 0, 0, 0, 0, 0, 0, 0, 0, 0,
  0, 0, 0, 0, 0, 0, 0, 0, 0, 0, 0, 0, 0, 0, 0, 0, 0, 0, 0, 0, 0, 0, 0, 0,
  0, 0, 0, 0, 0, 0, 0, 0, 0, 0, 0, 0, 0, 0, 0, 0, 0, 0, 0, 0, 0, 0, 0, 0,
  0, 0, 0, 0, 0, 0, 0, 0, 27, 0, 0, 0, 38, 112, 0, 0, 0, 0, 0, 0, 0, 0, 0, 0,
  0, 0, 0, 0, 0, 0, 0, 0, 0, 0, 0, 0, 0, 0, 0, 0, 0, 0, 0, 0, 0, 0, 0, 0,
  0, 0, 0, 0, 0, 0, 0, 0, 0, 0, 0, 0, 0, 0, 0, 0, 0, 0, 0, 0, 0, 0, 0, 0,
  0, 0, 0, 0, 0, 0, 0, 0, 0, 0, 0, 0, 0, 0, 0, 0, 0, 0, 0, 0, 0, 0, 0, 0,
  0, 0, 0, 0, 0, 0, 0, 55, 0, 0, 0, 0, 97, 0, 0, 0, 0, 0, 0, 0, 0, 0, 0, 0,
  0, 0, 0, 0, 0, 0, 0, 0, 0, 0, 0, 0, 0, 0, 0, 0, 0, 0, 0, 0, 0, 0, 0, 0,
  0, 0, 0, 0, 0, 0, 0, 0, 0, 0, 0, 0, 0, 0, 0, 0, 0, 0, 0, 0, 0, 0, 0, 0,
  0, 0, 0, 0, 0, 0, 0, 0, 0, 0, 0, 0, 0, 0, 0, 0, 0, 0, 0, 0, 0, 0, 0, 0,
  0, 0, 0, 0, 0, 0, 51, 29, 0, 0, 0, 41, 27, 0, 0, 0, 0, 0, 0, 0, 0, 0, 0, 0,
  0, 0, 0, 0, 0, 0, 0, 0, 0, 0, 0, 0, 0, 0, 0, 0, 0, 0, 0, 0, 0, 0, 0, 0,
  0, 0, 0, 0, 0, 0, 0, 0, 0, 0, 0, 0, 0, 0, 0, 0, 0, 0, 0, 0, 0, 0, 0, 0,
  0, 0, 0, 0, 0, 0, 0, 0, 0, 0, 0, 0, 0, 0, 0, 0, 0, 0, 0, 0, 0, 0, 0, 0,
  0, 0, 0, 0, 0, 0, 50, 0, 0, 0, 0, 0, 0, 0, 0, 0, 0, 0, 0, 0, 0, 0, 0, 0,
  0, 0, 0, 0, 0, 0, 0, 0, 0, 0, 0, 0, 0, 0, 0, 0, 0, 0, 0, 0, 0, 0, 0, 0,
  0, 0, 0, 0, 0, 0, 0, 0, 0, 0, 0, 0, 0, 0, 0, 0, 0, 0, 0, 0, 0, 0, 0, 0,
  0, 0, 0, 0, 0, 0, 0, 0, 0, 0, 0, 0, 0, 0, 0, 0, 0, 0, 0, 0, 0, 0, 0, 0,
  0, 0, 0, 54, 0, 0, 0, 0, 0, 0, 0, 0, 0, 0, 0, 0, 0, 0, 0, 0, 0, 0, 0, 0,
  0, 0, 0, 0, 0, 0, 0, 0, 0, 0, 0, 0, 0, 0, 0, 0, 0, 0, 0, 0, 0, 0, 0, 0,
  0, 0, 0, 0, 0, 0, 0, 0, 0, 0, 0, 0, 0, 0, 0, 0, 0, 0, 0, 0, 0, 0, 0, 0,
  0, 0, 0, 0, 0, 0, 0, 0, 0, 0, 0, 0, 0, 0, 0, 0, 0, 0, 0, 0, 0, 0, 0, 0,
  0, 26, 92, 39, 40, 0, 0, 0, 0, 0, 0, 0, 0, 0, 0, 0, 0, 0, 0, 0, 0, 0, 0, 0,
  0, 0, 0, 0, 0, 0, 0, 0, 0, 0, 0, 0, 0, 0, 0, 0, 0, 0, 0, 0, 0, 0, 0, 0,
  0, 0, 0, 0, 0, 0, 0, 0, 0, 0, 0, 0, 0, 0, 0, 0, 0, 0, 0, 0, 0, 0, 0, 0,
  0, 0, 0, 0, 0, 0, 0, 0, 0, 0, 0, 0, 0, 0, 0, 0, 0, 0, 0, 0, 0, 0, 0, 0,
  51, 114, 52, 59, 0, 0, 0, 0, 0, 0, 0, 0, 0, 0, 0, 0, 0, 0, 0, 0, 0, 0, 0, 0,
  0, 0, 0, 0, 0, 0, 0, 0, 0, 0, 0, 0, 0, 0, 0, 0, 0, 0, 0, 0, 0, 0, 0, 0,
  0, 0, 0, 0, 0, 0, 0, 0, 0, 0, 0, 0, 0, 0, 0, 0, 0, 0, 0, 0, 0, 0, 0, 0,
  0, 0, 0, 0, 0, 0, 0, 0, 0, 0, 0, 0, 0, 0, 0, 0, 0, 0, 0, 0, 0, 0, 0, 111,
  194, 81, 60, 0, 0, 0, 0, 0, 0, 0, 0, 0, 0, 0, 0, 0, 0, 0, 0, 0, 0, 0, 0, 0,
  0, 0, 0, 0, 0, 0, 0, 0, 0, 0, 0, 0, 0, 0, 0, 0, 0, 0, 0, 0, 0, 0, 0, 0,
  0, 0, 0, 0, 0, 0, 0, 0, 0, 0, 0, 0, 0, 0, 0, 0, 0, 0, 0, 0, 0, 0, 0, 0,
  0, 0, 0, 0, 0, 0, 0, 0, 0, 0, 0, 0, 0, 0, 0, 0, 0, 0, 0, 0, 0, 0, 170, 195,
  115, 76, 0, 0, 0, 0, 0, 0, 0, 0, 0, 0, 0, 0, 0, 0, 0, 0, 0, 0, 0, 0, 0, 0,
  0, 0, 0, 0, 0, 0, 0, 0, 0, 0, 0, 0, 0, 0, 0, 0, 0, 0, 0, 0, 0, 0, 0, 0,
  0, 0, 0, 0, 0, 0, 0, 0, 0, 0, 0, 0, 0, 0, 0, 0, 0, 0, 0, 0, 0, 0, 0, 0,
  0, 0, 0, 0, 0, 0, 0, 0, 0, 0, 0, 0, 0, 0, 0, 0, 0, 0, 0, 0, 0, 255, 229, 147,
  70, 0, 0, 0, 0, 0, 0, 0, 0, 0, 0, 0, 0, 0, 0, 0, 0, 0, 0, 0, 0, 0, 0, 0,
  0, 0, 0, 0, 0, 0, 0, 0, 0, 0, 0, 0, 0, 0, 0, 0, 0, 0, 0, 0, 0, 0, 0, 0,
  0, 0, 0, 0, 0, 0, 0, 0, 0, 0, 0, 0, 0, 0, 0, 0, 0, 0, 0, 0, 0, 0, 0, 0,
  0, 0, 0, 0, 0, 0, 0, 0, 0, 0, 0, 0, 0, 0, 0, 0, 0, 0, 0, 78, 255, 255, 194, 0,
  0, 0, 0, 0, 0, 0, 0, 0, 0, 0, 0, 0, 0, 0, 0, 0, 0, 0, 0, 0, 0, 0, 0, 0,
  0, 0, 0, 0, 0, 0, 0, 0, 0, 0, 0, 0, 0, 0, 0, 0, 0, 0, 0, 0, 0, 0, 0, 0,
  0, 0, 0, 0, 0, 0, 0, 0, 0, 0, 0, 0, 0, 0, 0, 0, 0, 0, 0, 0, 0, 0, 0, 0,
  0, 0, 0, 0, 0, 0, 0, 0, 0, 0, 0, 0, 0, 0, 0, 0, 0, 0, 246, 255, 227, 146, 0, 0,
  0, 0, 0, 0, 0, 0, 0, 0, 0, 0, 0, 0, 0, 0, 0, 0, 0, 0, 0, 0, 0, 0, 0, 0,
  0, 0, 0, 0, 0, 0, 0, 0, 0, 0, 0, 0, 0, 0, 0, 0, 0, 0, 0, 0, 0, 0, 0, 0,
  0, 0, 0, 0, 0, 0, 0, 0, 0, 0, 0, 0, 0, 0, 0, 0, 0, 0, 0, 0, 0, 0, 0, 0,
  0, 0, 0, 0, 0, 0, 0, 0, 0, 0, 0, 0, 0, 0, 0, 0, 98, 255, 255, 209, 69, 0, 0, 0,
  0, 0, 0, 0, 0, 0, 0, 0, 0, 0, 0, 0, 0, 0, 0, 0, 0, 0, 0, 0, 0, 0, 0, 0,
  0, 0, 0, 0, 0, 0, 0, 0, 0, 0, 0, 0, 0, 0, 0, 0, 0, 0, 0, 0, 0, 0, 0, 0,
  0, 0, 0, 0, 0, 0, 0, 0, 0, 0, 0, 0, 0, 0, 0, 0, 0, 0, 0, 0, 0, 0, 0, 0,
  0, 0, 0, 0, 0, 0, 0, 0, 0, 0, 0, 0, 0, 0, 64, 255, 255, 255, 173, 31, 0, 0, 0, 0,
  0, 0, 0, 0, 0, 0, 0, 0, 0, 0, 0, 0, 0, 0, 0, 0, 0, 0, 0, 0, 0, 0, 0, 0,
  0, 0, 0, 0, 0, 0, 0, 0, 0, 0, 0, 0, 0, 0, 0, 0, 0, 0, 0, 0, 0, 0, 0, 0,
  0, 0, 0, 0, 0, 0, 0, 0, 0, 0, 0, 0, 0, 0, 0, 0, 0, 0, 0, 0, 0, 0, 0, 0,
  0, 0, 0, 0, 0, 0, 0, 0, 0, 0, 0, 0, 45, 255, 255, 255, 255, 107, 0, 0, 0, 0, 0, 0,
  0, 0, 0, 0, 0, 0, 0, 0, 0, 0, 0, 0, 0, 0, 0, 0, 0, 0, 0, 0, 0, 0, 0, 0,
  0, 0, 0, 0, 0, 0, 0, 0, 0, 0, 0, 0, 0, 0, 0, 0, 0, 0, 0, 0, 0, 0, 0, 0,
  0, 0, 0, 0, 0, 0, 0, 0, 0, 0, 0, 0, 0, 0, 0, 0, 0, 0, 0, 0, 0, 0, 0, 0,
  0, 0, 0, 0, 0, 0, 0, 0, 0, 0, 94, 255, 255, 255, 255, 112, 0, 0, 0, 0, 0, 0, 0, 0,
  0, 0, 0, 0, 0, 0, 0, 0, 0, 0, 0, 0, 0, 0, 0, 0, 0, 0, 0, 0, 0, 0, 0, 0,
  0, 0, 0, 0, 0, 0, 0, 0, 0, 0, 0, 0, 0, 0, 0, 0, 0, 0, 0, 0, 0, 0, 0, 0,
  0, 0, 0, 0, 0, 0, 0, 0, 0, 0, 0, 0, 0, 0, 0, 0, 0, 0, 0, 0, 0, 0, 0, 0,
  0, 0, 0, 0, 0, 0, 0, 35, 215, 255, 255, 255, 255, 158, 0, 0, 0, 0, 0, 0, 0, 0, 0, 0,
  0, 0, 0, 0, 0, 0, 0, 0, 0, 0, 0, 0, 0, 0, 0, 0, 0, 0, 0, 0, 0, 0, 0, 0,
  0, 0, 0, 0, 0, 0, 0, 0, 0, 0, 0, 0, 0, 0, 0, 0, 0, 0, 0, 0, 0, 0, 0, 0,
  0, 0, 0, 0, 0, 0, 0, 0, 0, 0, 0, 0, 0, 0, 0, 0, 0, 0, 0, 0, 0, 0, 0, 0,
  0, 0, 0, 0, 0, 190, 255, 255, 255, 255, 255, 174, 0, 0, 0, 0, 0, 0, 0, 0, 0, 0, 0, 0,
  0, 0, 0, 0, 0, 0, 0, 0, 0, 0, 0, 0, 0, 0, 0, 0, 0, 0, 0, 0, 0, 0, 0, 0,
  0, 0, 0, 0, 0, 0, 0, 0, 0, 0, 0, 0, 0, 0, 0, 0, 0, 0, 0, 0, 0, 0, 0, 0,
  0, 0, 0, 0, 0, 0, 0, 0, 0, 0, 0, 0, 0, 0, 0, 0, 0, 0, 0, 0, 0, 0, 0, 0,
  0, 89, 204, 255, 255, 255, 255, 255, 255, 149, 0, 0, 0, 0, 0, 0, 0, 0, 0, 0, 0, 0, 0, 0,
  0, 0, 0, 0, 0, 0, 0, 0, 0, 0, 0, 0, 0, 0, 0, 0, 0, 0, 0, 0, 0, 0, 0, 0,
  0, 0, 0, 0, 0, 0, 0, 0, 0, 0, 0, 0, 0, 0, 0, 0, 0, 0, 0, 0, 0, 0, 0, 0,
  0, 0, 0, 0, 0, 0, 0, 0, 0, 0, 0, 0, 0, 0, 0, 0, 0, 0, 0, 0, 29, 82, 155, 212,
  255, 255, 255, 255, 255, 249, 129, 0, 0, 0, 0, 0, 0, 0, 0, 0, 0, 0, 0, 0, 0, 0, 0, 0,
  0, 0, 0, 0, 0, 0, 0, 0, 0, 0, 0, 0, 0, 0, 0, 0, 0, 0, 0, 0, 0, 0, 0, 0,
  0, 0, 0, 0, 0, 0, 0, 0, 0, 0, 0, 0, 0, 0, 0, 0, 0, 0, 0, 0, 0, 0, 0, 0,
  0, 0, 0, 0, 0, 0, 0, 0, 0, 0, 0, 0, 0, 0, 0, 0, 0, 0, 0, 33, 127, 189, 231, 236,
  191, 129, 66, 0, 0, 0, 0, 0, 0, 0, 0, 0, 0, 0, 0, 0, 0, 0, 0, 0, 0, 0, 0, 0,
  0, 0, 0, 0, 0, 0, 0, 0, 0, 0, 0, 0, 0, 0, 0, 0, 0, 0, 0, 0, 0, 0, 0, 0,
};

static const PhotoEye photo = {
  open_img, closed_px, closed_off, closed_x0, closed_x1, up_start, up_edge, seam, lo_edge, lo_start, eye_top, eye_bot,
  iris_tex, iris_rim, 160, 36, 39,
  hl_rgb, hl_alpha, 78, 84, 96, 86,
  115.80f, 118.70f, 10.20f, 32.00f, 0.0000f,  // Pupil centre x, y; half width, half height as drawn; tilt (rad)
  2.00f, 20.00f, 30.00f, 36.00f,  // Pupil half width min/max, half height min/max
  6.0f, 4.0f, 0.12f,           // Gaze range x, y (px); upper lid droop looking down
};
