// Photo eye "Dragon 10", generated by tools/photo_eye.py from assets/eye_photos/dragon10/ - do not edit.
// Artwork: commissioned by the project owner. Included inside a namespace by src/eye_styles.cpp.

static const uint16_t open_img[57600] = {
  0x0000, 0x0000, 0x0000, 0x0000, 0x0000, 0x0000, 0x0000, 0x0000, 0x0000, 0x0000, 0x0000, 0x0000, 0x0000, 0x0000, 0x0000, 0x0000,
  0x0000, 0x0000, 0x0000, 0x0000, 0x0000, 0x0000, 0x0000, 0x0000, 0x0000, 0x0000, 0x0000, 0x0000, 0x0000, 0x0000, 0x0000, 0x0000,
  0x0000, 0x0000, 0x0000, 0x0000, 0x0000, 0x0000, 0x0000, 0x0000, 0x0000, 0x0000, 0x0000, 0x0000, 0x0000, 0x0000, 0x0000, 0x0000,
  0x0000, 0x0000, 0x0000, 0x0000, 0x0000, 0x0000, 0x0000, 0x0000, 0x0000, 0x0000, 0x0000, 0x0000, 0x0000, 0x0000, 0x0000, 0x0000,
  0x0000, 0x0000, 0x0000, 0x0000, 0x0000, 0x0000, 0x0000, 0x0000, 0x0000, 0x0000, 0x0000, 0x0000, 0x0000, 0x0000, 0x0000, 0x0000,
  0x0000, 0x0000, 0x0000, 0x0000, 0x0000, 0x0000, 0x0000, 0x0000, 0x0000, 0x0000, 0x0000, 0x0000, 0x0000, 0x0000, 0x0000, 0x0000,
  0x0020, 0x1082, 0x1061, 0x0841, 0x0861, 0x0862, 0x08A3, 0x08A3, 0x10E4, 0x10E4, 0x10C4, 0x0883, 0x0062, 0x1083, 0x30A2, 0x78C1,
  0x3020, 0x0000, 0x0841, 0x0862, 0x0883, 0x0883, 0x0842, 0x0000, 0x0821, 0x3861, 0x0000, 0x0041, 0x0842, 0x0842, 0x0862, 0x0862,
  0x0862, 0x0021, 0x0000, 0x0000, 0x0000, 0x0000, 0x0000, 0x0000, 0x0841, 0x28E3, 0x28E3, 0x18C3, 0x0882, 0x10A2, 0x18C2, 0x18E3,
  0x10A2, 0x0861, 0x0020, 0x0000, 0x0000, 0x0000, 0x0000, 0x0000, 0x0000, 0x0000, 0x0000, 0x0000, 0x0000, 0x0000, 0x0000, 0x0000,
  0x0000, 0x0000, 0x0000, 0x0000, 0x0000, 0x0000, 0x0000, 0x0000, 0x0000, 0x0000, 0x0000, 0x0000, 0x0000, 0x0000, 0x0000, 0x0000,
  0x0000, 0x0000, 0x0000, 0x0000, 0x0000, 0x0000, 0x0000, 0x0000, 0x0000, 0x0000, 0x0000, 0x0000, 0x0000, 0x0000, 0x0000, 0x0000,
  0x0000, 0x0000, 0x0000, 0x0000, 0x0000, 0x0000, 0x0000, 0x0000, 0x0000, 0x0000, 0x0000, 0x0000, 0x0000, 0x0000, 0x0000, 0x0000,
  0x0000, 0x0000, 0x0000, 0x0000, 0x0000, 0x0000, 0x0000, 0x0000, 0x0000, 0x0000, 0x0000, 0x0000, 0x0000, 0x0000, 0x0000, 0x0000,
  0x0000, 0x0000, 0x0000, 0x0000, 0x0000, 0x0000, 0x0000, 0x0000, 0x0000, 0x0000, 0x0000, 0x0000, 0x0000, 0x0000, 0x0000, 0x0000,
  0x0000, 0x0000, 0x0000, 0x0000, 0x0000, 0x0000, 0x0000, 0x0000, 0x0000, 0x0000, 0x0000, 0x0000, 0x0000, 0x0000, 0x0000, 0x0000,
  0x0000, 0x0000, 0x0000, 0x0000, 0x0000, 0x0000, 0x0000, 0x0000, 0x0000, 0x0000, 0x0000, 0x0000, 0x0000, 0x0000, 0x0000, 0x0000,
  0x0000, 0x0000, 0x0000, 0x0000, 0x0000, 0x0000, 0x0000, 0x0000, 0x0000, 0x0000, 0x0000, 0x0000, 0x0000, 0x0000, 0x0000, 0x0000,
  0x0000, 0x0000, 0x0000, 0x0000, 0x0000, 0x0000, 0x0000, 0x0000, 0x0000, 0x0000, 0x0000, 0x0000, 0x0000, 0x0000, 0x0000, 0x0000,
  0x0000, 0x0000, 0x0000, 0x0000, 0x0000, 0x0000, 0x0000, 0x0000, 0x0000, 0x0000, 0x0000, 0x0000, 0x0000, 0x0000, 0x0000, 0x0000,
  0x0000, 0x0000, 0x0000, 0x0000, 0x0000, 0x0000, 0x0000, 0x0000, 0x0000, 0x0000, 0x0000, 0x0000, 0x0020, 0x0881, 0x0861, 0x10A2,
  0x1082, 0x0841, 0x0021, 0x0041, 0x0062, 0x08A3, 0x10C4, 0x2146, 0x2167, 0x1926, 0x10E5, 0x10C4, 0x08A3, 0x20C4, 0x70C1, 0x90A1,
  0x1000, 0x0021, 0x0842, 0x1083, 0x0883, 0x0021, 0x0000, 0x0000, 0x3082, 0x5081, 0x0041, 0x0862, 0x0862, 0x08A3, 0x0883, 0x0862,
  0x0021, 0x0000, 0x0000, 0x0000, 0x0000, 0x0000, 0x0000, 0x1062, 0x20A3, 0x1041, 0x0000, 0x0000, 0x0000, 0x0000, 0x0000, 0x1041,
  0x30C2, 0x18E3, 0x18E3, 0x18E3, 0x0841, 0x0841, 0x0000, 0x0000, 0x0000, 0x0000, 0x0000, 0x0000, 0x0000, 0x0000, 0x0000, 0x0000,
  0x0000, 0x0000, 0x0000, 0x0000, 0x0000, 0x0000, 0x0000, 0x0000, 0x0000, 0x0000, 0x0000, 0x0000, 0x0000, 0x0000, 0x0000, 0x0000,
  0x0000, 0x0000, 0x0000, 0x0000, 0x0000, 0x0000, 0x0000, 0x0000, 0x0000, 0x0000, 0x0000, 0x0000, 0x0000, 0x0000, 0x0000, 0x0000,
  0x0000, 0x0000, 0x0000, 0x0000, 0x0000, 0x0000, 0x0000, 0x0000, 0x0000, 0x0000, 0x0000, 0x0000, 0x0000, 0x0000, 0x0000, 0x0000,
  0x0000, 0x0000, 0x0000, 0x0000, 0x0000, 0x0000, 0x0000, 0x0000, 0x0000, 0x0000, 0x0000, 0x0000, 0x0000, 0x0000, 0x0000, 0x0000,
  0x0000, 0x0000, 0x0000, 0x0000, 0x0000, 0x0000, 0x0000, 0x0000, 0x0000, 0x0000, 0x0000, 0x0000, 0x0000, 0x0000, 0x0000, 0x0000,
  0x0000, 0x0000, 0x0000, 0x0000, 0x0000, 0x0000, 0x0000, 0x0000, 0x0000, 0x0000, 0x0000, 0x0000, 0x0000, 0x0000, 0x0000, 0x0000,
  0x0000, 0x0000, 0x0000, 0x0000, 0x0000, 0x0000, 0x0000, 0x0000, 0x0000, 0x0000, 0x0000, 0x0000, 0x0000, 0x0000, 0x0000, 0x0000,
  0x0000, 0x0000, 0x0000, 0x0000, 0x0000, 0x0000, 0x0000, 0x0000, 0x0000, 0x0000, 0x0000, 0x0000, 0x0000, 0x0000, 0x0000, 0x0000,
  0x0000, 0x0000, 0x0000, 0x0000, 0x0000, 0x0000, 0x0000, 0x0000, 0x0000, 0x0000, 0x0000, 0x0000, 0x0000, 0x0000, 0x0000, 0x0000,
  0x0000, 0x0000, 0x0000, 0x0000, 0x0000, 0x0000, 0x0000, 0x0000, 0x0000, 0x0000, 0x0000, 0x0000, 0x0000, 0x0000, 0x0000, 0x0000,
  0x0000, 0x0000, 0x0000, 0x0000, 0x0000, 0x0000, 0x0000, 0x0000, 0x0000, 0x0841, 0x10A2, 0x18C3, 0x0862, 0x0861, 0x0841, 0x0000,
  0x0000, 0x0000, 0x0042, 0x0883, 0x08A4, 0x10E4, 0x2187, 0x29C8, 0x21A8, 0x1106, 0x1967, 0x10E5, 0x1925, 0x5904, 0xB942, 0x7060,
  0x0000, 0x0842, 0x0862, 0x0842, 0x0842, 0x0000, 0x0000, 0x0021, 0x58E3, 0x3061, 0x0042, 0x08A4, 0x08A4, 0x0883, 0x0862, 0x0000,
  0x0000, 0x0000, 0x0000, 0x0000, 0x0000, 0x0000, 0x1882, 0x1041, 0x0000, 0x0000, 0x0000, 0x0000, 0x0000, 0x0000, 0x2040, 0x70E2,
  0x1800, 0x0000, 0x0000, 0x0841, 0x10A3, 0x18C3, 0x18A3, 0x10A2, 0x1082, 0x0000, 0x0000, 0x0000, 0x0000, 0x0000, 0x0000, 0x0000,
  0x0000, 0x0000, 0x0000, 0x0000, 0x0000, 0x0000, 0x0000, 0x0000, 0x0000, 0x0000, 0x0000, 0x0000, 0x0000, 0x0000, 0x0000, 0x0000,
  0x0000, 0x0000, 0x0000, 0x0000, 0x0000, 0x0000, 0x0000, 0x0000, 0x0000, 0x0000, 0x0000, 0x0000, 0x0000, 0x0000, 0x0000, 0x0000,
  0x0000, 0x0000, 0x0000, 0x0000, 0x0000, 0x0000, 0x0000, 0x0000, 0x0000, 0x0000, 0x0000, 0x0000, 0x0000, 0x0000, 0x0000, 0x0000,
  0x0000, 0x0000, 0x0000, 0x0000, 0x0000, 0x0000, 0x0000, 0x0000, 0x0000, 0x0000, 0x0000, 0x0000, 0x0000, 0x0000, 0x0000, 0x0000,
  0x0000, 0x0000, 0x0000, 0x0000, 0x0000, 0x0000, 0x0000, 0x0000, 0x0000, 0x0000, 0x0000, 0x0000, 0x0000, 0x0000, 0x0000, 0x0000,
  0x0000, 0x0000, 0x0000, 0x0000, 0x0000, 0x0000, 0x0000, 0x0000, 0x0000, 0x0000, 0x0000, 0x0000, 0x0000, 0x0000, 0x0000, 0x0000,
  0x0000, 0x0000, 0x0000, 0x0000, 0x0000, 0x0000, 0x0000, 0x0000, 0x0000, 0x0000, 0x0000, 0x0000, 0x0000, 0x0000, 0x0000, 0x0000,
  0x0000, 0x0000, 0x0000, 0x0000, 0x0000, 0x0000, 0x0000, 0x0000, 0x0000, 0x0000, 0x0000, 0x0000, 0x0000, 0x0000, 0x0000, 0x0000,
  0x0000, 0x0000, 0x0000, 0x0000, 0x0000, 0x0000, 0x0000, 0x0000, 0x0000, 0x0000, 0x0000, 0x0000, 0x0000, 0x0000, 0x0000, 0x0000,
  0x0000, 0x0000, 0x0000, 0x0000, 0x0000, 0x0000, 0x0000, 0x0000, 0x0000, 0x0000, 0x0000, 0x0000, 0x0000, 0x0000, 0x0000, 0x0000,
  0x0000, 0x0000, 0x0000, 0x0000, 0x0000, 0x0861, 0x2104, 0x10A3, 0x1082, 0x10A3, 0x0883, 0x0042, 0x0021, 0x0862, 0x0000, 0x0000,
  0x0021, 0x0062, 0x08C4, 0x08C4, 0x08E5, 0x1947, 0x21A8, 0x1947, 0x1127, 0x1968, 0x2188, 0x1946, 0x41A7, 0xB164, 0xE1E3, 0x3800,
  0x0021, 0x0842, 0x0842, 0x0021, 0x0000, 0x0000, 0x0000, 0x18A3, 0x7923, 0x1020, 0x0883, 0x10C5, 0x0883, 0x0842, 0x0000, 0x0000,
  0x0000, 0x0000, 0x0001, 0x0000, 0x0020, 0x1882, 0x0841, 0x0000, 0x0000, 0x0021, 0x0000, 0x0000, 0x0000, 0x2861, 0xA1A4, 0x70E2,
  0x0000, 0x0000, 0x1082, 0x18E4, 0x18C3, 0x1082, 0x18A2, 0x20A2, 0x18C3, 0x30E3, 0x30C3, 0x0841, 0x0820, 0x0000, 0x0000, 0x0000,
  0x0000, 0x0000, 0x0000, 0x0000, 0x0000, 0x0000, 0x0000, 0x0000, 0x0000, 0x0000, 0x0000, 0x0000, 0x0000, 0x0000, 0x0000, 0x0000,
  0x0000, 0x0000, 0x0000, 0x0000, 0x0000, 0x0000, 0x0000, 0x0000, 0x0000, 0x0000, 0x0000, 0x0000, 0x0000, 0x0000, 0x0000, 0x0000,
  0x0000, 0x0000, 0x0000, 0x0000, 0x0000, 0x0000, 0x0000, 0x0000, 0x0000, 0x0000, 0x0000, 0x0000, 0x0000, 0x0000, 0x0000, 0x0000,
  0x0000, 0x0000, 0x0000, 0x0000, 0x0000, 0x0000, 0x0000, 0x0000, 0x0000, 0x0000, 0x0000, 0x0000, 0x0000, 0x0000, 0x0000, 0x0000,
  0x0000, 0x0000, 0x0000, 0x0000, 0x0000, 0x0000, 0x0000, 0x0000, 0x0000, 0x0000, 0x0000, 0x0000, 0x0000, 0x0000, 0x0000, 0x0000,
  0x0000, 0x0000, 0x0000, 0x0000, 0x0000, 0x0000, 0x0000, 0x0000, 0x0000, 0x0000, 0x0000, 0x0000, 0x0000, 0x0000, 0x0000, 0x0000,
  0x0000, 0x0000, 0x0000, 0x0000, 0x0000, 0x0000, 0x0000, 0x0000, 0x0000, 0x0000, 0x0000, 0x0000, 0x0000, 0x0000, 0x0000, 0x0000,
  0x0000, 0x0000, 0x0000, 0x0000, 0x0000, 0x0000, 0x0000, 0x0000, 0x0000, 0x0000, 0x0000, 0x0000, 0x0000, 0x0000, 0x0000, 0x0000,
  0x0000, 0x0000, 0x0000, 0x0000, 0x0000, 0x0000, 0x0000, 0x0000, 0x0000, 0x0000, 0x0000, 0x0000, 0x0000, 0x0000, 0x0000, 0x0000,
  0x0000, 0x0000, 0x0000, 0x0000, 0x0000, 0x0000, 0x0000, 0x0000, 0x0000, 0x0000, 0x0000, 0x0000, 0x0000, 0x0000, 0x0000, 0x0000,
  0x0000, 0x0000, 0x0020, 0x10C3, 0x2104, 0x18E4, 0x18E4, 0x10A4, 0x08A3, 0x0863, 0x0042, 0x0021, 0x10E4, 0x0862, 0x0000, 0x0021,
  0x0062, 0x08A4, 0x08E5, 0x1106, 0x2A0A, 0x21EA, 0x1126, 0x21A9, 0x220A, 0x1988, 0x1947, 0x31A8, 0x91C6, 0xF1E3, 0xB942, 0x1000,
  0x1042, 0x0821, 0x0000, 0x0000, 0x0000, 0x0000, 0x0063, 0x5965, 0x8122, 0x0022, 0x10C5, 0x0883, 0x0021, 0x0000, 0x0000, 0x0000,
  0x0000, 0x0001, 0x0000, 0x0021, 0x0862, 0x0021, 0x0000, 0x0000, 0x0021, 0x0021, 0x0000, 0x1041, 0x40E3, 0xA1C4, 0xC1E4, 0x1000,
  0x0000, 0x18C3, 0x2925, 0x2105, 0x2104, 0x2924, 0x3924, 0x20A3, 0x28E3, 0x6164, 0x2040, 0x0841, 0x1082, 0x18C3, 0x1082, 0x0020,
  0x0000, 0x0000, 0x0000, 0x0000, 0x0000, 0x0000, 0x0000, 0x0000, 0x0000, 0x0000, 0x0000, 0x0000, 0x0000, 0x0000, 0x0000, 0x0000,
  0x0000, 0x0000, 0x0000, 0x0000, 0x0000, 0x0000, 0x0000, 0x0000, 0x0000, 0x0000, 0x0000, 0x0000, 0x0000, 0x0000, 0x0000, 0x0000,
  0x0000, 0x0000, 0x0000, 0x0000, 0x0000, 0x0000, 0x0000, 0x0000, 0x0000, 0x0000, 0x0000, 0x0000, 0x0000, 0x0000, 0x0000, 0x0000,
  0x0000, 0x0000, 0x0000, 0x0000, 0x0000, 0x0000, 0x0000, 0x0000, 0x0000, 0x0000, 0x0000, 0x0000, 0x0000, 0x0000, 0x0000, 0x0000,
  0x0000, 0x0000, 0x0000, 0x0000, 0x0000, 0x0000, 0x0000, 0x0000, 0x0000, 0x0000, 0x0000, 0x0000, 0x0000, 0x0000, 0x0000, 0x0000,
  0x0000, 0x0000, 0x0000, 0x0000, 0x0000, 0x0000, 0x0000, 0x0000, 0x0000, 0x0000, 0x0000, 0x0000, 0x0000, 0x0000, 0x0000, 0x0000,
  0x0000, 0x0000, 0x0000, 0x0000, 0x0000, 0x0000, 0x0000, 0x0000, 0x0000, 0x0000, 0x0000, 0x0000, 0x0000, 0x0000, 0x0000, 0x0000,
  0x0000, 0x0000, 0x0000, 0x0000, 0x0000, 0x0000, 0x0000, 0x0000, 0x0000, 0x0000, 0x0000, 0x0000, 0x0000, 0x0000, 0x0000, 0x0000,
  0x0000, 0x0000, 0x0000, 0x0000, 0x0000, 0x0000, 0x0000, 0x0000, 0x0000, 0x0000, 0x0000, 0x0000, 0x0000, 0x0000, 0x0000, 0x0000,
  0x0000, 0x0000, 0x0000, 0x0000, 0x0000, 0x0000, 0x0000, 0x0000, 0x0000, 0x0000, 0x0000, 0x0000, 0x0000, 0x0000, 0x0000, 0x0841,
  0x0861, 0x10A2, 0x1082, 0x10A3, 0x08A3, 0x10C4, 0x10E5, 0x10C5, 0x0883, 0x0062, 0x0022, 0x1926, 0x2105, 0x0000, 0x0021, 0x0042,
  0x08A4, 0x08A4, 0x1106, 0x1168, 0x32CD, 0x3AEE, 0x2A4C, 0x4350, 0x21EA, 0x1968, 0x29C8, 0x7249, 0xC923, 0xF203, 0x6840, 0x0021,
  0x0821, 0x0000, 0x0000, 0x0000, 0x0000, 0x0842, 0x18C4, 0xAA25, 0x50A1, 0x08E5, 0x1083, 0x0001, 0x0000, 0x0000, 0x0000, 0x0021,
  0x0000, 0x0000, 0x1062, 0x0841, 0x0000, 0x0000, 0x0000, 0x0001, 0x0000, 0x0000, 0x28C3, 0x61A7, 0x99A5, 0xEAA5, 0x5860, 0x0020,
  0x18C3, 0x2925, 0x2946, 0x2946, 0x2946, 0x5185, 0x5145, 0x4986, 0x8288, 0x40A1, 0x0800, 0x0800, 0x0000, 0x0020, 0x0862, 0x10A3,
  0x18E4, 0x1082, 0x0000, 0x0000, 0x0000, 0x0000, 0x0000, 0x0000, 0x0000, 0x0000, 0x0000, 0x0000, 0x0000, 0x0000, 0x0000, 0x0000,
  0x0000, 0x0000, 0x0000, 0x0000, 0x0000, 0x0000, 0x0000, 0x0000, 0x0000, 0x0000, 0x0000, 0x0000, 0x0000, 0x0000, 0x0000, 0x0000,
  0x0000, 0x0000, 0x0000, 0x0000, 0x0000, 0x0000, 0x0000, 0x0000, 0x0000, 0x0000, 0x0000, 0x0000, 0x0000, 0x0000, 0x0000, 0x0000,
  0x0000, 0x0000, 0x0000, 0x0000, 0x0000, 0x0000, 0x0000, 0x0000, 0x0000, 0x0000, 0x0000, 0x0000, 0x0000, 0x0000, 0x0000, 0x0000,
  0x0000, 0x0000, 0x0000, 0x0000, 0x0000, 0x0000, 0x0000, 0x0000, 0x0000, 0x0000, 0x0000, 0x0000, 0x0000, 0x0000, 0x0000, 0x0000,
  0x0000, 0x0000, 0x0000, 0x0000, 0x0000, 0x0000, 0x0000, 0x0000, 0x0000, 0x0000, 0x0000, 0x0000, 0x0000, 0x0000, 0x0000, 0x0000,
  0x0000, 0x0000, 0x0000, 0x0000, 0x0000, 0x0000, 0x0000, 0x0000, 0x0000, 0x0000, 0x0000, 0x0000, 0x0000, 0x0000, 0x0000, 0x0000,
  0x0000, 0x0000, 0x0000, 0x0000, 0x0000, 0x0000, 0x0000, 0x0000, 0x0000, 0x0000, 0x0000, 0x0000, 0x0000, 0x0000, 0x0000, 0x0000,
  0x0000, 0x0000, 0x0000, 0x0000, 0x0000, 0x0000, 0x0000, 0x0000, 0x0000, 0x0000, 0x0000, 0x0000, 0x0000, 0x0000, 0x0000, 0x0000,
  0x0000, 0x0000, 0x0000, 0x0000, 0x0000, 0x0000, 0x0000, 0x0000, 0x0000, 0x0000, 0x0000, 0x0000, 0x0841, 0x0861, 0x10A2, 0x10A3,
  0x0862, 0x0021, 0x0041, 0x08A3, 0x1926, 0x1926, 0x1105, 0x0884, 0x0063, 0x0042, 0x2146, 0x39A7, 0x0000, 0x0001, 0x0042, 0x08C5,
  0x10E5, 0x08E6, 0x1988, 0x220B, 0x224B, 0x32CE, 0x53F2, 0x328D, 0x1989, 0x29C9, 0x5A6A, 0xAA08, 0xE162, 0xD1E3, 0x2000, 0x0021,
  0x0000, 0x0000, 0x0000, 0x0000, 0x0001, 0x10A4, 0x4925, 0xC244, 0x1800, 0x10C4, 0x0001, 0x0000, 0x0000, 0x0000, 0x0000, 0x0000,
  0x0000, 0x1082, 0x0841, 0x0000, 0x0001, 0x0021, 0x0001, 0x0000, 0x0000, 0x4925, 0x7228, 0x8985, 0xEAE6, 0xA982, 0x0800, 0x10A3,
  0x2105, 0x2946, 0x2946, 0x2946, 0x3946, 0x59A7, 0x6A48, 0xA38B, 0x6984, 0x1000, 0x1020, 0x0800, 0x0000, 0x0000, 0x0842, 0x0041,
  0x0041, 0x1082, 0x18E3, 0x1082, 0x0841, 0x0000, 0x0000, 0x0000, 0x0000, 0x0000, 0x0000, 0x0000, 0x0000, 0x0000, 0x0000, 0x0000,
  0x0000, 0x0000, 0x0000, 0x0000, 0x0000, 0x0000, 0x0000, 0x0000, 0x0000, 0x0000, 0x0000, 0x0000, 0x0000, 0x0000, 0x0000, 0x0000,
  0x0000, 0x0000, 0x0000, 0x0000, 0x0000, 0x0000, 0x0000, 0x0000, 0x0000, 0x0000, 0x0000, 0x0000, 0x0000, 0x0000, 0x0000, 0x0000,
  0x0000, 0x0000, 0x0000, 0x0000, 0x0000, 0x0000, 0x0000, 0x0000, 0x0000, 0x0000, 0x0000, 0x0000, 0x0000, 0x0000, 0x0000, 0x0000,
  0x0000, 0x0000, 0x0000, 0x0000, 0x0000, 0x0000, 0x0000, 0x0000, 0x0000, 0x0000, 0x0000, 0x0000, 0x0000, 0x0000, 0x0000, 0x0000,
  0x0000, 0x0000, 0x0000, 0x0000, 0x0000, 0x0000, 0x0000, 0x0000, 0x0000, 0x0000, 0x0000, 0x0000, 0x0000, 0x0000, 0x0000, 0x0000,
  0x0000, 0x0000, 0x0000, 0x0000, 0x0000, 0x0000, 0x0000, 0x0000, 0x0000, 0x0000, 0x0000, 0x0000, 0x0000, 0x0000, 0x0000, 0x0000,
  0x0000, 0x0000, 0x0000, 0x0000, 0x0000, 0x0000, 0x0000, 0x0000, 0x0000, 0x0000, 0x0000, 0x0000, 0x0000, 0x0000, 0x0000, 0x0000,
  0x0000, 0x0000, 0x0000, 0x0000, 0x0000, 0x0000, 0x0000, 0x0000, 0x0000, 0x0000, 0x0000, 0x0000, 0x0000, 0x0000, 0x0000, 0x0000,
  0x0000, 0x0000, 0x0000, 0x0000, 0x0000, 0x0000, 0x0000, 0x0000, 0x0000, 0x0000, 0x1082, 0x10A2, 0x1062, 0x0861, 0x0041, 0x0042,
  0x0062, 0x0062, 0x08C4, 0x1947, 0x1927, 0x08A4, 0x0083, 0x0063, 0x0084, 0x3209, 0x4A49, 0x0840, 0x0000, 0x0042, 0x08A4, 0x08C5,
  0x1147, 0x1989, 0x222B, 0x3B0F, 0x32EE, 0x2A2B, 0x2A0A, 0x1968, 0x29EA, 0x4A8C, 0x82CB, 0xB903, 0xF2C4, 0x88C1, 0x0000, 0x0001,
  0x0000, 0x0000, 0x0000, 0x0000, 0x0863, 0x18E5, 0x9A47, 0xA1E3, 0x0000, 0x0000, 0x0000, 0x0000, 0x0000, 0x0000, 0x0000, 0x0841,
  0x0862, 0x0001, 0x0000, 0x0000, 0x0001, 0x0021, 0x0000, 0x0841, 0x61A6, 0x824A, 0x79E7, 0xDAA6, 0xE285, 0x2800, 0x1083, 0x2925,
  0x2967, 0x2946, 0x2946, 0x3146, 0x51C7, 0x6228, 0xA3CD, 0x8A47, 0x1800, 0x1820, 0x0800, 0x0000, 0x0021, 0x0841, 0x0842, 0x0021,
  0x0000, 0x0000, 0x0000, 0x0821, 0x18C3, 0x18C3, 0x0841, 0x0000, 0x0000, 0x0000, 0x0000, 0x0000, 0x0000, 0x0000, 0x0000, 0x0000,
  0x0000, 0x0000, 0x0000, 0x0000, 0x0000, 0x0000, 0x0000, 0x0000, 0x0000, 0x0000, 0x0000, 0x0000, 0x0000, 0x0000, 0x0000, 0x0000,
  0x0000, 0x0000, 0x0000, 0x0000, 0x0000, 0x0000, 0x0000, 0x0000, 0x0000, 0x0000, 0x0000, 0x0000, 0x0000, 0x0000, 0x0000, 0x0000,
  0x0000, 0x0000, 0x0000, 0x0000, 0x0000, 0x0000, 0x0000, 0x0000, 0x0000, 0x0000, 0x0000, 0x0000, 0x0000, 0x0000, 0x0000, 0x0000,
  0x0000, 0x0000, 0x0000, 0x0000, 0x0000, 0x0000, 0x0000, 0x0000, 0x0000, 0x0000, 0x0000, 0x0000, 0x0000, 0x0000, 0x0000, 0x0000,
  0x0000, 0x0000, 0x0000, 0x0000, 0x0000, 0x0000, 0x0000, 0x0000, 0x0000, 0x0000, 0x0000, 0x0000, 0x0000, 0x0000, 0x0000, 0x0000,
  0x0000, 0x0000, 0x0000, 0x0000, 0x0000, 0x0000, 0x0000, 0x0000, 0x0000, 0x0000, 0x0000, 0x0000, 0x0000, 0x0000, 0x0000, 0x0000,
  0x0000, 0x0000, 0x0000, 0x0000, 0x0000, 0x0000, 0x0000, 0x0000, 0x0000, 0x0000, 0x0000, 0x0000, 0x0000, 0x0000, 0x0000, 0x0000,
  0x0000, 0x0000, 0x0000, 0x0000, 0x0000, 0x0000, 0x0000, 0x0000, 0x0000, 0x0000, 0x0000, 0x0000, 0x0000, 0x0000, 0x0000, 0x0000,
  0x0000, 0x0000, 0x0000, 0x0000, 0x0000, 0x0000, 0x0000, 0x0861, 0x1082, 0x1082, 0x1082, 0x0020, 0x0000, 0x0062, 0x0883, 0x08A4,
  0x10E5, 0x08C4, 0x08E5, 0x08A4, 0x0063, 0x0042, 0x0042, 0x08E5, 0x52AB, 0x5269, 0x0841, 0x0000, 0x0021, 0x0042, 0x08C5, 0x1106,
  0x21C9, 0x220B, 0x32EE, 0x53F2, 0x21EA, 0x326C, 0x1988, 0x29EA, 0x324B, 0x5ACC, 0xA1E7, 0xD162, 0xE2A4, 0x3000, 0x0021, 0x0821,
  0x0000, 0x0000, 0x0001, 0x0022, 0x1106, 0x4125, 0xEBA9, 0x60E1, 0x0000, 0x0000, 0x0000, 0x0000, 0x0000, 0x0000, 0x0841, 0x1083,
  0x0000, 0x0000, 0x0000, 0x0001, 0x0001, 0x0000, 0x20A3, 0x7A28, 0x9AAA, 0x8249, 0xC266, 0xFBA8, 0x6061, 0x0042, 0x2105, 0x2966,
  0x2126, 0x2146, 0x3987, 0x59E8, 0x6A29, 0x9B8D, 0x9288, 0x2000, 0x1820, 0x1000, 0x0000, 0x0821, 0x0841, 0x0021, 0x0021, 0x0000,
  0x0000, 0x0000, 0x0000, 0x0000, 0x0000, 0x0020, 0x1082, 0x18C3, 0x10A2, 0x0000, 0x0000, 0x0000, 0x0000, 0x0000, 0x0000, 0x0000,
  0x0000, 0x0000, 0x0000, 0x0000, 0x0000, 0x0000, 0x0000, 0x0000, 0x0000, 0x0000, 0x0000, 0x0000, 0x0000, 0x0000, 0x0000, 0x0000,
  0x0000, 0x0000, 0x0000, 0x0000, 0x0000, 0x0000, 0x0000, 0x0000, 0x0000, 0x0000, 0x0000, 0x0000, 0x0000, 0x0000, 0x0000, 0x0000,
  0x0000, 0x0000, 0x0000, 0x0000, 0x0000, 0x0000, 0x0000, 0x0000, 0x0000, 0x0000, 0x0000, 0x0000, 0x0000, 0x0000, 0x0000, 0x0000,
  0x0000, 0x0000, 0x0000, 0x0000, 0x0000, 0x0000, 0x0000, 0x0000, 0x0000, 0x0000, 0x0000, 0x0000, 0x0000, 0x0000, 0x0000, 0x0000,
  0x0000, 0x0000, 0x0000, 0x0000, 0x0000, 0x0000, 0x0000, 0x0000, 0x0000, 0x0000, 0x0000, 0x0000, 0x0000, 0x0000, 0x0000, 0x0000,
  0x0000, 0x0000, 0x0000, 0x0000, 0x0000, 0x0000, 0x0000, 0x0000, 0x0000, 0x0000, 0x0000, 0x0000, 0x0000, 0x0000, 0x0000, 0x0000,
  0x0000, 0x0000, 0x0000, 0x0000, 0x0000, 0x0000, 0x0000, 0x0000, 0x0000, 0x0000, 0x0000, 0x0000, 0x0000, 0x0000, 0x0000, 0x0000,
  0x0000, 0x0000, 0x0000, 0x0000, 0x0000, 0x0000, 0x0000, 0x0000, 0x0000, 0x0000, 0x0000, 0x0000, 0x0000, 0x0000, 0x0000, 0x0000,
  0x0000, 0x0000, 0x0000, 0x0000, 0x0000, 0x0821, 0x10A2, 0x18E3, 0x0862, 0x0041, 0x0001, 0x0000, 0x0042, 0x0883, 0x08C5, 0x10E5,
  0x08C5, 0x08C5, 0x0083, 0x0042, 0x0021, 0x0083, 0x31E9, 0x632D, 0x4A08, 0x0000, 0x0000, 0x0021, 0x0042, 0x08A4, 0x08E6, 0x1147,
  0x32AD, 0x224C, 0x2A6C, 0x21EA, 0x08E6, 0x19A9, 0x324C, 0x29EA, 0x29E9, 0x6A08, 0xB882, 0xF284, 0x98E1, 0x0801, 0x0842, 0x0000,
  0x0000, 0x0000, 0x0001, 0x0863, 0x1906, 0x9A66, 0xF3A8, 0x2000, 0x0000, 0x0000, 0x0000, 0x0000, 0x0000, 0x10C4, 0x0883, 0x0000,
  0x0000, 0x0000, 0x0000, 0x0001, 0x0000, 0x3104, 0x7A49, 0x9AAA, 0x92AB, 0xB246, 0xFBC8, 0xA983, 0x0801, 0x18E4, 0x2105, 0x2146,
  0x2967, 0x3167, 0x6A4A, 0x6A49, 0x93AD, 0x9AE9, 0x3000, 0x2021, 0x1821, 0x0000, 0x0021, 0x0842, 0x0021, 0x0021, 0x0000, 0x0000,
  0x0000, 0x0000, 0x0000, 0x0020, 0x0041, 0x0021, 0x0000, 0x0000, 0x0862, 0x18E3, 0x18C3, 0x0020, 0x0000, 0x0000, 0x0000, 0x0000,
  0x0000, 0x0000, 0x0000, 0x0000, 0x0000, 0x0000, 0x0000, 0x0000, 0x0000, 0x0000, 0x0000, 0x0000, 0x0000, 0x0000, 0x0000, 0x0000,
  0x0000, 0x0000, 0x0000, 0x0000, 0x0000, 0x0000, 0x0000, 0x0000, 0x0000, 0x0000, 0x0000, 0x0000, 0x0000, 0x0000, 0x0000, 0x0000,
  0x0000, 0x0000, 0x0000, 0x0000, 0x0000, 0x0000, 0x0000, 0x0000, 0x0000, 0x0000, 0x0000, 0x0000, 0x0000, 0x0000, 0x0000, 0x0000,
  0x0000, 0x0000, 0x0000, 0x0000, 0x0000, 0x0000, 0x0000, 0x0000, 0x0000, 0x0000, 0x0000, 0x0000, 0x0000, 0x0000, 0x0000, 0x0000,
  0x0000, 0x0000, 0x0000, 0x0000, 0x0000, 0x0000, 0x0000, 0x0000, 0x0000, 0x0000, 0x0000, 0x0000, 0x0000, 0x0000, 0x0000, 0x0000,
  0x0000, 0x0000, 0x0000, 0x0000, 0x0000, 0x0000, 0x0000, 0x0000, 0x0000, 0x0000, 0x0000, 0x0000, 0x0000, 0x0000, 0x0000, 0x0000,
  0x0000, 0x0000, 0x0000, 0x0000, 0x0000, 0x0000, 0x0000, 0x0000, 0x0000, 0x0000, 0x0000, 0x0000, 0x0000, 0x0000, 0x0000, 0x0000,
  0x0000, 0x0000, 0x0000, 0x0000, 0x0000, 0x0000, 0x0000, 0x0000, 0x0000, 0x0000, 0x0000, 0x0000, 0x0000, 0x0000, 0x0000, 0x0000,
  0x0000, 0x0000, 0x0000, 0x0861, 0x18E3, 0x10A2, 0x0861, 0x0021, 0x0042, 0x0862, 0x0021, 0x0021, 0x0063, 0x0083, 0x10C5, 0x08C4,
  0x0063, 0x0022, 0x0043, 0x08C5, 0x31E9, 0x52AB, 0x5269, 0x18C3, 0x0000, 0x0000, 0x0021, 0x0883, 0x08A4, 0x1168, 0x1147, 0x0043,
  0x0063, 0x0906, 0x1147, 0x1968, 0x19A9, 0x21CA, 0x1989, 0x21A8, 0x41A7, 0xA185, 0xD0E1, 0xE264, 0x2800, 0x0862, 0x0000, 0x0000,
  0x0000, 0x0001, 0x10A3, 0x1947, 0x38E5, 0xEBE9, 0xB224, 0x0000, 0x0000, 0x0000, 0x0000, 0x0042, 0x0862, 0x0862, 0x0000, 0x0001,
  0x0000, 0x0000, 0x0000, 0x0000, 0x3945, 0x7249, 0x8AAB, 0x8ACB, 0x9A48, 0xEAC5, 0xE2A5, 0x3000, 0x10A4, 0x2105, 0x2967, 0x2987,
  0x2967, 0x5209, 0x6A6A, 0x8B8D, 0x92EA, 0x3000, 0x2021, 0x1841, 0x0001, 0x0021, 0x1042, 0x0021, 0x0021, 0x0000, 0x0000, 0x0001,
  0x0000, 0x0000, 0x0021, 0x0042, 0x0042, 0x0001, 0x0000, 0x0001, 0x0021, 0x0041, 0x0861, 0x1904, 0x1124, 0x0020, 0x0000, 0x0000,
  0x0000, 0x0000, 0x0000, 0x0000, 0x0000, 0x0000, 0x0000, 0x0000, 0x0000, 0x0000, 0x0000, 0x0000, 0x0000, 0x0000, 0x0000, 0x0000,
  0x0000, 0x0000, 0x0000, 0x0000, 0x0000, 0x0000, 0x0000, 0x0000, 0x0000, 0x0000, 0x0000, 0x0000, 0x0000, 0x0000, 0x0000, 0x0000,
  0x0000, 0x0000, 0x0000, 0x0000, 0x0000, 0x0000, 0x0000, 0x0000, 0x0000, 0x0000, 0x0000, 0x0000, 0x0000, 0x0000, 0x0000, 0x0000,
  0x0000, 0x0000, 0x0000, 0x0000, 0x0000, 0x0000, 0x0000, 0x0000, 0x0000, 0x0000, 0x0000, 0x0000, 0x0000, 0x0000, 0x0000, 0x0000,
  0x0000, 0x0000, 0x0000, 0x0000, 0x0000, 0x0000, 0x0000, 0x0000, 0x0000, 0x0000, 0x0000, 0x0000, 0x0000, 0x0000, 0x0000, 0x0000,
  0x0000, 0x0000, 0x0000, 0x0000, 0x0000, 0x0000, 0x0000, 0x0000, 0x0000, 0x0000, 0x0000, 0x0000, 0x0000, 0x0000, 0x0000, 0x0000,
  0x0000, 0x0000, 0x0000, 0x0000, 0x0000, 0x0000, 0x0000, 0x0000, 0x0000, 0x0000, 0x0000, 0x0000, 0x0000, 0x0000, 0x0000, 0x0000,
  0x0000, 0x0000, 0x0000, 0x0000, 0x0000, 0x0000, 0x0000, 0x0000, 0x0000, 0x0000, 0x0000, 0x0000, 0x0000, 0x0000, 0x0000, 0x0000,
  0x0000, 0x0000, 0x0861, 0x2124, 0x0882, 0x0000, 0x0021, 0x0863, 0x0883, 0x0841, 0x0021, 0x0063, 0x0063, 0x0042, 0x0042, 0x0042,
  0x0883, 0x1926, 0x3A29, 0x528B, 0x4208, 0x18C3, 0x0042, 0x1083, 0x0000, 0x0021, 0x0063, 0x08E6, 0x1127, 0x1106, 0x00A4, 0x220B,
  0x1127, 0x3AEE, 0x19A9, 0x1106, 0x1168, 0x1947, 0x1988, 0x420A, 0x92AA, 0xC902, 0xEAA5, 0x80C1, 0x0021, 0x0842, 0x0000, 0x0000,
  0x0001, 0x0022, 0x31C9, 0x2127, 0x91E5, 0xFCAA, 0x6080, 0x0000, 0x0000, 0x0021, 0x0883, 0x0883, 0x0021, 0x0000, 0x0000, 0x0000,
  0x0000, 0x0000, 0x0020, 0x41A7, 0x6A49, 0x6A49, 0x82EB, 0x8A8A, 0xDA66, 0xFB05, 0x7060, 0x0862, 0x2925, 0x3187, 0x2967, 0x31A8,
  0x41C8, 0x5A49, 0x93AE, 0x7A28, 0x3000, 0x2841, 0x2061, 0x0000, 0x0021, 0x1082, 0x0000, 0x0000, 0x0000, 0x0000, 0x0001, 0x0000,
  0x0000, 0x0862, 0x08A4, 0x0021, 0x0021, 0x0021, 0x0001, 0x0042, 0x08A3, 0x0862, 0x0862, 0x10A3, 0x0862, 0x20E4, 0x18E3, 0x0861,
  0x0000, 0x0000, 0x0000, 0x0000, 0x0000, 0x0000, 0x0000, 0x0000, 0x0000, 0x0000, 0x0000, 0x0000, 0x0000, 0x0000, 0x0000, 0x0000,
  0x0000, 0x0000, 0x0000, 0x0000, 0x0000, 0x0000, 0x0000, 0x0000, 0x0000, 0x0000, 0x0000, 0x0000, 0x0000, 0x0000, 0x0000, 0x0000,
  0x0000, 0x0000, 0x0000, 0x0000, 0x0000, 0x0000, 0x0000, 0x0000, 0x0000, 0x0000, 0x0000, 0x0000, 0x0000, 0x0000, 0x0000, 0x0000,
  0x0000, 0x0000, 0x0000, 0x0000, 0x0000, 0x0000, 0x0000, 0x0000, 0x0000, 0x0000, 0x0000, 0x0000, 0x0000, 0x0000, 0x0000, 0x0000,
  0x0000, 0x0000, 0x0000, 0x0000, 0x0000, 0x0000, 0x0000, 0x0000, 0x0000, 0x0000, 0x0000, 0x0000, 0x0000, 0x0000, 0x0000, 0x0000,
  0x0000, 0x0000, 0x0000, 0x0000, 0x0000, 0x0000, 0x0000, 0x0000, 0x0000, 0x0000, 0x0000, 0x0000, 0x0000, 0x0000, 0x0000, 0x0000,
  0x0000, 0x0000, 0x0000, 0x0000, 0x0000, 0x0000, 0x0000, 0x0000, 0x0000, 0x0000, 0x0000, 0x0000, 0x0000, 0x0000, 0x0000, 0x0000,
  0x0000, 0x0000, 0x0000, 0x0000, 0x0000, 0x0000, 0x0000, 0x0000, 0x0000, 0x0000, 0x0000, 0x0000, 0x0000, 0x0000, 0x0000, 0x0000,
  0x1082, 0x18C3, 0x0841, 0x0021, 0x0021, 0x0062, 0x0883, 0x08A4, 0x10A3, 0x0000, 0x0042, 0x0063, 0x0062, 0x0883, 0x10C4, 0x2167,
  0x39C8, 0x39C7, 0x2966, 0x10E5, 0x08E5, 0x00A5, 0x39C8, 0x3144, 0x0000, 0x0042, 0x0084, 0x1127, 0x08C5, 0x1168, 0x1989, 0x328D,
  0x220B, 0x4330, 0x2A2B, 0x220B, 0x2A4C, 0x21CA, 0x2187, 0x3105, 0x9944, 0xD962, 0xD224, 0x2000, 0x0883, 0x0000, 0x0000, 0x0001,
  0x0001, 0x29A8, 0x2187, 0x5125, 0xEBE9, 0xEBE7, 0x1800, 0x0000, 0x0021, 0x0863, 0x0041, 0x0000, 0x0000, 0x0000, 0x0000, 0x0000,
  0x0000, 0x0841, 0x51E8, 0x6249, 0x6229, 0x7AAB, 0x8AEB, 0xC206, 0xFB67, 0xB962, 0x1001, 0x2925, 0x2967, 0x2946, 0x31C9, 0x4A2A,
  0x5A6A, 0x936D, 0x6985, 0x3800, 0x3041, 0x3082, 0x0820, 0x0841, 0x18A3, 0x0821, 0x0000, 0x0000, 0x0000, 0x0000, 0x0000, 0x0000,
  0x0042, 0x0883, 0x0021, 0x0001, 0x0021, 0x0000, 0x08A4, 0x1947, 0x10C4, 0x18E4, 0x1083, 0x0000, 0x0000, 0x0000, 0x0861, 0x2124,
  0x0861, 0x0000, 0x0000, 0x0000, 0x0000, 0x0000, 0x0000, 0x0000, 0x0000, 0x0000, 0x0000, 0x0000, 0x0000, 0x0000, 0x0000, 0x0000,
  0x0000, 0x0000, 0x0000, 0x0000, 0x0000, 0x0000, 0x0000, 0x0000, 0x0000, 0x0000, 0x0000, 0x0000, 0x0000, 0x0000, 0x0000, 0x0000,
  0x0000, 0x0000, 0x0000, 0x0000, 0x0000, 0x0000, 0x0000, 0x0000, 0x0000, 0x0000, 0x0000, 0x0000, 0x0000, 0x0000, 0x0000, 0x0000,
  0x0000, 0x0000, 0x0000, 0x0000, 0x0000, 0x0000, 0x0000, 0x0000, 0x0000, 0x0000, 0x0000, 0x0000, 0x0000, 0x0000, 0x0000, 0x0000,
  0x0000, 0x0000, 0x0000, 0x0000, 0x0000, 0x0000, 0x0000, 0x0000, 0x0000, 0x0000, 0x0000, 0x0000, 0x0000, 0x0000, 0x0000, 0x0000,
  0x0000, 0x0000, 0x0000, 0x0000, 0x0000, 0x0000, 0x0000, 0x0000, 0x0000, 0x0000, 0x0000, 0x0000, 0x0000, 0x0000, 0x0000, 0x0000,
  0x0000, 0x0000, 0x0000, 0x0000, 0x0000, 0x0000, 0x0000, 0x0000, 0x0000, 0x0000, 0x0000, 0x0000, 0x0000, 0x0000, 0x0000, 0x0000,
  0x0000, 0x0000, 0x0000, 0x0000, 0x0000, 0x0000, 0x0000, 0x0000, 0x0000, 0x0000, 0x0000, 0x0000, 0x0000, 0x0000, 0x1062, 0x0861,
  0x0861, 0x0000, 0x0021, 0x0042, 0x0062, 0x08A4, 0x10C4, 0x10C4, 0x0021, 0x0863, 0x10C4, 0x1105, 0x2167, 0x10E5, 0x10A4, 0x0883,
  0x0883, 0x08A4, 0x0907, 0x21EA, 0x19CA, 0x29A8, 0x72E9, 0x0000, 0x0021, 0x0063, 0x08A5, 0x08A5, 0x1168, 0x19CA, 0x222B, 0x2A4C,
  0x32CE, 0x3B0F, 0x2A4C, 0x2A0B, 0x21CA, 0x21CA, 0x20E4, 0x828A, 0xA082, 0xF264, 0x5840, 0x0022, 0x0842, 0x0000, 0x0021, 0x0001,
  0x18E5, 0x2188, 0x1906, 0xA226, 0xFD6B, 0xAA02, 0x0000, 0x0042, 0x0042, 0x0000, 0x0000, 0x0000, 0x0000, 0x0000, 0x0000, 0x0000,
  0x0841, 0x5A29, 0x624A, 0x5A09, 0x728A, 0xA34C, 0xBA26, 0xF2C6, 0xF244, 0x4000, 0x10C4, 0x2947, 0x2126, 0x2988, 0x4A4A, 0x72CB,
  0x932C, 0x58C3, 0x5000, 0x3041, 0x2861, 0x0821, 0x0862, 0x20C3, 0x0020, 0x0000, 0x0000, 0x0000, 0x0000, 0x0000, 0x0021, 0x0863,
  0x0042, 0x0000, 0x0062, 0x0043, 0x0001, 0x18E5, 0x29A8, 0x10E5, 0x0883, 0x0862, 0x0000, 0x0000, 0x0000, 0x0000, 0x0000, 0x0000,
  0x18C3, 0x18C3, 0x0861, 0x0000, 0x0000, 0x0000, 0x0000, 0x0000, 0x0000, 0x0000, 0x0000, 0x0000, 0x0000, 0x0000, 0x0000, 0x0000,
  0x0000, 0x0000, 0x0000, 0x0000, 0x0000, 0x0000, 0x0000, 0x0000, 0x0000, 0x0000, 0x0000, 0x0000, 0x0000, 0x0000, 0x0000, 0x0000,
  0x0000, 0x0000, 0x0000, 0x0000, 0x0000, 0x0000, 0x0000, 0x0000, 0x0000, 0x0000, 0x0000, 0x0000, 0x0000, 0x0000, 0x0000, 0x0000,
  0x0000, 0x0000, 0x0000, 0x0000, 0x0000, 0x0000, 0x0000, 0x0000, 0x0000, 0x0000, 0x0000, 0x0000, 0x0000, 0x0000, 0x0000, 0x0000,
  0x0000, 0x0000, 0x0000, 0x0000, 0x0000, 0x0000, 0x0000, 0x0000, 0x0000, 0x0000, 0x0000, 0x0000, 0x0000, 0x0000, 0x0000, 0x0000,
  0x0000, 0x0000, 0x0000, 0x0000, 0x0000, 0x0000, 0x0000, 0x0000, 0x0000, 0x0000, 0x0000, 0x0000, 0x0000, 0x0000, 0x0000, 0x0000,
  0x0000, 0x0000, 0x0000, 0x0000, 0x0000, 0x0000, 0x0000, 0x0000, 0x0000, 0x0000, 0x0000, 0x0000, 0x0000, 0x0000, 0x0000, 0x0000,
  0x0000, 0x0000, 0x0000, 0x0000, 0x0000, 0x0000, 0x0000, 0x0000, 0x0000, 0x0000, 0x0000, 0x0000, 0x0841, 0x10A2, 0x1082, 0x0020,
  0x0000, 0x0021, 0x0062, 0x0062, 0x0063, 0x08A4, 0x0882, 0x0021, 0x0883, 0x10A4, 0x0862, 0x0862, 0x0062, 0x0063, 0x0083, 0x0083,
  0x08E6, 0x21CA, 0x21AA, 0x326D, 0x1989, 0x7B6C, 0x3124, 0x0001, 0x0063, 0x0063, 0x08E6, 0x1A0C, 0x19CA, 0x32AE, 0x224C, 0x3B0F,
  0x1A0B, 0x2A8D, 0x3B30, 0x3B0F, 0x21A9, 0x08E5, 0x59A7, 0x91A7, 0xC142, 0x9101, 0x0021, 0x0863, 0x0000, 0x0021, 0x0001, 0x0883,
  0x2188, 0x08C4, 0x61A6, 0xE3C7, 0xFD4A, 0x6080, 0x0001, 0x0000, 0x0000, 0x0000, 0x0000, 0x0000, 0x0000, 0x0021, 0x0000, 0x0841,
  0x5A49, 0x5A29, 0x5229, 0x6A8A, 0xA32B, 0xC2CA, 0xEAA6, 0xFB27, 0x8040, 0x0021, 0x20C4, 0x2126, 0x2147, 0x41E8, 0x832C, 0x7A08,
  0x4020, 0x4820, 0x4041, 0x2841, 0x0821, 0x0862, 0x20C3, 0x0000, 0x0000, 0x0000, 0x0000, 0x0000, 0x0000, 0x0862, 0x0883, 0x0021,
  0x0001, 0x0000, 0x0001, 0x0042, 0x29A8, 0x29C8, 0x0862, 0x0862, 0x0041, 0x0001, 0x0001, 0x0000, 0x0000, 0x0000, 0x0841, 0x2104,
  0x20E4, 0x18A2, 0x20E3, 0x20C3, 0x0841, 0x0000, 0x0000, 0x0000, 0x0000, 0x0000, 0x0000, 0x0000, 0x0000, 0x0000, 0x0000, 0x0000,
  0x0000, 0x0000, 0x0000, 0x0000, 0x0000, 0x0000, 0x0000, 0x0000, 0x0000, 0x0000, 0x0000, 0x0000, 0x0000, 0x0000, 0x0000, 0x0000,
  0x0000, 0x0000, 0x0000, 0x0000, 0x0000, 0x0000, 0x0000, 0x0000, 0x0000, 0x0000, 0x0000, 0x0000, 0x0000, 0x0000, 0x0000, 0x0000,
  0x0000, 0x0000, 0x0000, 0x0000, 0x0000, 0x0000, 0x0000, 0x0000, 0x0000, 0x0000, 0x0000, 0x0000, 0x0000, 0x0000, 0x0000, 0x0000,
  0x0000, 0x0000, 0x0000, 0x0000, 0x0000, 0x0000, 0x0000, 0x0000, 0x0000, 0x0000, 0x0000, 0x0000, 0x0000, 0x0000, 0x0000, 0x0000,
  0x0000, 0x0000, 0x0000, 0x0000, 0x0000, 0x0000, 0x0000, 0x0000, 0x0000, 0x0000, 0x0000, 0x0000, 0x0000, 0x0000, 0x0000, 0x0000,
  0x0000, 0x0000, 0x0000, 0x0000, 0x0000, 0x0000, 0x0000, 0x0000, 0x0000, 0x0000, 0x0000, 0x0000, 0x0000, 0x0000, 0x0000, 0x0000,
  0x0000, 0x0000, 0x0000, 0x0000, 0x0000, 0x0000, 0x0000, 0x0000, 0x0000, 0x0000, 0x0020, 0x1082, 0x10A2, 0x0020, 0x0000, 0x0000,
  0x0021, 0x0062, 0x0042, 0x0042, 0x0883, 0x0842, 0x0000, 0x0021, 0x0842, 0x0042, 0x0062, 0x0063, 0x08A4, 0x1106, 0x1127, 0x1147,
  0x21A9, 0x2A2B, 0x328D, 0x1189, 0x52AB, 0x6AC9, 0x0001, 0x0863, 0x0884, 0x08E6, 0x11AA, 0x32CE, 0x220B, 0x21EB, 0x32CF, 0x3B0F,
  0x4371, 0x2A4C, 0x19A9, 0x220B, 0x1127, 0x2905, 0x71C8, 0x80C2, 0xB141, 0x1000, 0x0042, 0x0021, 0x0042, 0x0001, 0x0042, 0x29EA,
  0x0883, 0x39A8, 0xBA85, 0xFDCB, 0xE384, 0x1800, 0x0000, 0x0000, 0x0001, 0x0000, 0x0000, 0x0000, 0x0001, 0x0000, 0x0841, 0x5A49,
  0x5A29, 0x4A09, 0x626A, 0xA30B, 0xD30A, 0xE205, 0xFB46, 0xC962, 0x1000, 0x0883, 0x18C4, 0x2146, 0x5229, 0x7A89, 0x50E3, 0x4000,
  0x3820, 0x3841, 0x2041, 0x1041, 0x0842, 0x1082, 0x0000, 0x0000, 0x0000, 0x0000, 0x0000, 0x0042, 0x0883, 0x0021, 0x0001, 0x0021,
  0x0021, 0x0001, 0x0883, 0x29C9, 0x2167, 0x0042, 0x0021, 0x0000, 0x0000, 0x0001, 0x0000, 0x0000, 0x1082, 0x3186, 0x39E8, 0x39A7,
  0x4185, 0x4144, 0x38E2, 0x40C1, 0x48E2, 0x3103, 0x0020, 0x0000, 0x0000, 0x0000, 0x0000, 0x0000, 0x0000, 0x0000, 0x0000, 0x0000,
  0x0000, 0x0000, 0x0000, 0x0000, 0x0000, 0x0000, 0x0000, 0x0000, 0x0000, 0x0000, 0x0000, 0x0000, 0x0000, 0x0000, 0x0000, 0x0000,
  0x0000, 0x0000, 0x0000, 0x0000, 0x0000, 0x0000, 0x0000, 0x0000, 0x0000, 0x0000, 0x0000, 0x0000, 0x0000, 0x0000, 0x0000, 0x0000,
  0x0000, 0x0000, 0x0000, 0x0000, 0x0000, 0x0000, 0x0000, 0x0000, 0x0000, 0x0000, 0x0000, 0x0000, 0x0000, 0x0000, 0x0000, 0x0000,
  0x0000, 0x0000, 0x0000, 0x0000, 0x0000, 0x0000, 0x0000, 0x0000, 0x0000, 0x0000, 0x0000, 0x0000, 0x0000, 0x0000, 0x0000, 0x0000,
  0x0000, 0x0000, 0x0000, 0x0000, 0x0000, 0x0000, 0x0000, 0x0000, 0x0000, 0x0000, 0x0000, 0x0000, 0x0000, 0x0000, 0x0000, 0x0000,
  0x0000, 0x0000, 0x0000, 0x0000, 0x0000, 0x0000, 0x0000, 0x0000, 0x0000, 0x0000, 0x0000, 0x0000, 0x0000, 0x0000, 0x0000, 0x0000,
  0x0000, 0x0000, 0x0000, 0x0000, 0x0000, 0x0000, 0x0000, 0x0000, 0x0000, 0x0861, 0x18E3, 0x0861, 0x0000, 0x0000, 0x0041, 0x0000,
  0x0042, 0x0063, 0x0062, 0x0883, 0x0041, 0x0000, 0x0000, 0x0042, 0x0884, 0x08A4, 0x08C5, 0x08A4, 0x1147, 0x1968, 0x19A9, 0x21CA,
  0x2A2B, 0x3ACE, 0x2A2B, 0x10C5, 0x8B6B, 0x1882, 0x08A4, 0x1126, 0x08C6, 0x224D, 0x32AE, 0x222C, 0x3AEF, 0x1107, 0x222C, 0x1169,
  0x1947, 0x1148, 0x2A6D, 0x21CA, 0x1927, 0x39C9, 0x5125, 0xA142, 0x3040, 0x0021, 0x0000, 0x0001, 0x0042, 0x0043, 0x1967, 0x0083,
  0x18E4, 0x8248, 0xF407, 0xFE8D, 0x9980, 0x0000, 0x0000, 0x0000, 0x0021, 0x0000, 0x0000, 0x0021, 0x0001, 0x0821, 0x5249, 0x5229,
  0x49E8, 0x5A6A, 0x8289, 0xDAC9, 0xF225, 0xFB25, 0xF9E2, 0x4800, 0x0062, 0x1083, 0x2905, 0x5A08, 0x5965, 0x3820, 0x5061, 0x3841,
  0x1800, 0x1820, 0x1041, 0x0862, 0x0862, 0x0000, 0x0000, 0x0000, 0x0000, 0x0000, 0x0042, 0x0863, 0x0021, 0x0862, 0x0883, 0x0063,
  0x0883, 0x1106, 0x2188, 0x10C4, 0x0001, 0x0021, 0x0001, 0x0000, 0x0000, 0x0000, 0x18E3, 0x4A8A, 0x5B2D, 0x52CB, 0x5249, 0x6227,
  0x6A06, 0x61C5, 0x6963, 0x7900, 0x8920, 0x50C2, 0x1082, 0x10A2, 0x0000, 0x0000, 0x0000, 0x0000, 0x0000, 0x0000, 0x0000, 0x0000,
  0x0000, 0x0000, 0x0000, 0x0000, 0x0000, 0x0000, 0x0000, 0x0000, 0x0000, 0x0000, 0x0000, 0x0000, 0x0000, 0x0000, 0x0000, 0x0000,
  0x0000, 0x0000, 0x0000, 0x0000, 0x0000, 0x0000, 0x0000, 0x0000, 0x0000, 0x0000, 0x0000, 0x0000, 0x0000, 0x0000, 0x0000, 0x0000,
  0x0000, 0x0000, 0x0000, 0x0000, 0x0000, 0x0000, 0x0000, 0x0000, 0x0000, 0x0000, 0x0000, 0x0000, 0x0000, 0x0000, 0x0000, 0x0000,
  0x0000, 0x0000, 0x0000, 0x0000, 0x0000, 0x0000, 0x0000, 0x0000, 0x0000, 0x0000, 0x0000, 0x0000, 0x0000, 0x0000, 0x0000, 0x0000,
  0x0000, 0x0000, 0x0000, 0x0000, 0x0000, 0x0000, 0x0000, 0x0000, 0x0000, 0x0000, 0x0000, 0x0000, 0x0000, 0x0000, 0x0000, 0x0000,
  0x0000, 0x0000, 0x0000, 0x0000, 0x0000, 0x0000, 0x0000, 0x0000, 0x0000, 0x0000, 0x0000, 0x0000, 0x0000, 0x0000, 0x0000, 0x0000,
  0x0000, 0x0000, 0x0000, 0x0000, 0x0000, 0x0000, 0x0000, 0x0000, 0x10C3, 0x1082, 0x0000, 0x0000, 0x0000, 0x0041, 0x1083, 0x0000,
  0x0042, 0x0042, 0x0863, 0x0021, 0x0000, 0x0021, 0x0063, 0x08A4, 0x08A4, 0x0906, 0x1948, 0x1989, 0x19A9, 0x19A9, 0x19CA, 0x21EB,
  0x5BB1, 0x324C, 0x0084, 0x6AC9, 0x730A, 0x10C4, 0x3A4B, 0x1989, 0x220B, 0x2A8D, 0x21EA, 0x1127, 0x1169, 0x21EB, 0x1148, 0x1168,
  0x1127, 0x220B, 0x1168, 0x08E5, 0x21A8, 0x31A8, 0x9163, 0x50A1, 0x0000, 0x0022, 0x0021, 0x0022, 0x0000, 0x10C5, 0x08A4, 0x0862,
  0x5229, 0xBA64, 0xFD89, 0xFCA7, 0x4820, 0x0000, 0x0000, 0x0000, 0x0000, 0x0000, 0x0001, 0x0022, 0x0020, 0x5229, 0x526A, 0x41E9,
  0x5A49, 0x7A49, 0xD288, 0xF9C3, 0xFAA2, 0xFBC5, 0xA040, 0x0021, 0x0862, 0x2905, 0x51A7, 0x3082, 0x2800, 0x4020, 0x3041, 0x2000,
  0x1800, 0x1041, 0x1082, 0x0841, 0x0000, 0x0000, 0x0000, 0x0000, 0x0001, 0x08A4, 0x0042, 0x0001, 0x10A4, 0x10A4, 0x0001, 0x0883,
  0x2188, 0x1947, 0x0042, 0x0000, 0x0000, 0x0000, 0x0000, 0x10A2, 0x4228, 0x6BCE, 0x7C71, 0x6BAF, 0x630C, 0x72EA, 0x72C9, 0x7A88,
  0x7A67, 0x8226, 0xB181, 0xDA62, 0x8901, 0x0000, 0x0000, 0x1082, 0x0861, 0x0020, 0x0000, 0x0000, 0x0000, 0x0000, 0x0000, 0x0000,
  0x0000, 0x0000, 0x0000, 0x0000, 0x0000, 0x0000, 0x0000, 0x0000, 0x0000, 0x0000, 0x0000, 0x0000, 0x0000, 0x0000, 0x0000, 0x0000,
  0x0000, 0x0000, 0x0000, 0x0000, 0x0000, 0x0000, 0x0000, 0x0000, 0x0000, 0x0000, 0x0000, 0x0000, 0x0000, 0x0000, 0x0000, 0x0000,
  0x0000, 0x0000, 0x0000, 0x0000, 0x0000, 0x0000, 0x0000, 0x0000, 0x0000, 0x0000, 0x0000, 0x0000, 0x0000, 0x0000, 0x0000, 0x0000,
  0x0000, 0x0000, 0x0000, 0x0000, 0x0000, 0x0000, 0x0000, 0x0000, 0x0000, 0x0000, 0x0000, 0x0000, 0x0000, 0x0000, 0x0000, 0x0000,
  0x0000, 0x0000, 0x0000, 0x0000, 0x0000, 0x0000, 0x0000, 0x0000, 0x0000, 0x0000, 0x0000, 0x0000, 0x0000, 0x0000, 0x0000, 0x0000,
  0x0000, 0x0000, 0x0000, 0x0000, 0x0000, 0x0000, 0x0000, 0x0000, 0x0000, 0x0000, 0x0000, 0x0000, 0x0000, 0x0000, 0x0000, 0x0000,
  0x0000, 0x0000, 0x0000, 0x0000, 0x0000, 0x0000, 0x1061, 0x0861, 0x0841, 0x0001, 0x0021, 0x0000, 0x0000, 0x10C4, 0x1083, 0x0000,
  0x0042, 0x0862, 0x0020, 0x0000, 0x0042, 0x0884, 0x08A4, 0x08C5, 0x08C5, 0x21A9, 0x220A, 0x2A6D, 0x1989, 0x21CA, 0x220B, 0x2A8D,
  0x6C12, 0x1926, 0x2104, 0x6AA9, 0x2986, 0x1947, 0x08E6, 0x1147, 0x19A9, 0x08A4, 0x1106, 0x08C5, 0x1189, 0x1189, 0x1168, 0x1147,
  0x224D, 0x1989, 0x1948, 0x1947, 0x21A8, 0x6924, 0x68C2, 0x0000, 0x0042, 0x0000, 0x0021, 0x0021, 0x0042, 0x0063, 0x0001, 0x41E8,
  0x8248, 0xEB84, 0xFE09, 0xCA42, 0x0800, 0x0000, 0x0000, 0x0000, 0x0000, 0x0000, 0x0001, 0x0001, 0x4A28, 0x5A8A, 0x41E9, 0x5A6A,
  0x7A49, 0xBA06, 0xFA23, 0xFA80, 0xFC24, 0xD961, 0x2800, 0x0862, 0x28E4, 0x38E4, 0x2800, 0x3000, 0x3000, 0x2000, 0x2000, 0x1800,
  0x0820, 0x1062, 0x0841, 0x0000, 0x0000, 0x0000, 0x0000, 0x0021, 0x0022, 0x0862, 0x0021, 0x0022, 0x0042, 0x0000, 0x0042, 0x08C5,
  0x0063, 0x0000, 0x0000, 0x0881, 0x2965, 0x52CB, 0x8471, 0xA595, 0xA5B6, 0x7C72, 0x634D, 0x7B6C, 0x938C, 0x936B, 0x8B0A, 0x930A,
  0x92A8, 0xC1C2, 0xFB44, 0xC203, 0x1000, 0x0800, 0x1020, 0x1000, 0x0820, 0x18A2, 0x18C3, 0x0000, 0x0000, 0x0000, 0x0000, 0x0000,
  0x0000, 0x0000, 0x0000, 0x0000, 0x0000, 0x0000, 0x0000, 0x0000, 0x0000, 0x0000, 0x0000, 0x0000, 0x0000, 0x0000, 0x0000, 0x0000,
  0x0000, 0x0000, 0x0000, 0x0000, 0x0000, 0x0000, 0x0000, 0x0000, 0x0000, 0x0000, 0x0000, 0x0000, 0x0000, 0x0000, 0x0000, 0x0000,
  0x0000, 0x0000, 0x0000, 0x0000, 0x0000, 0x0000, 0x0000, 0x0000, 0x0000, 0x0000, 0x0000, 0x0000, 0x0000, 0x0000, 0x0000, 0x0000,
  0x0000, 0x0000, 0x0000, 0x0000, 0x0000, 0x0000, 0x0000, 0x0000, 0x0000, 0x0000, 0x0000, 0x0000, 0x0000, 0x0000, 0x0000, 0x0000,
  0x0000, 0x0000, 0x0000, 0x0000, 0x0000, 0x0000, 0x0000, 0x0000, 0x0000, 0x0000, 0x0000, 0x0000, 0x0000, 0x0000, 0x0000, 0x0000,
  0x0000, 0x0000, 0x0000, 0x0000, 0x0000, 0x0000, 0x0000, 0x0000, 0x0000, 0x0000, 0x0000, 0x0000, 0x0000, 0x0000, 0x0000, 0x0000,
  0x0000, 0x0000, 0x0000, 0x0000, 0x0820, 0x18E3, 0x1082, 0x0021, 0x0021, 0x0042, 0x0021, 0x0000, 0x0042, 0x2126, 0x0021, 0x0021,
  0x0863, 0x0000, 0x0000, 0x0021, 0x08A4, 0x08A4, 0x08E5, 0x1147, 0x1127, 0x1988, 0x3AAD, 0x328D, 0x21EB, 0x21CA, 0x222B, 0x534F,
  0x524A, 0x1062, 0x2904, 0x0000, 0x0000, 0x0042, 0x08C5, 0x21EA, 0x08E5, 0x0927, 0x19AA, 0x19C9, 0x08E6, 0x328D, 0x222C, 0x1148,
  0x0083, 0x1989, 0x2A8E, 0x1926, 0x58E3, 0x50A2, 0x0000, 0x0021, 0x0021, 0x0021, 0x0063, 0x0022, 0x0863, 0x0000, 0x3145, 0x628A,
  0xAA66, 0xFD28, 0xFCA6, 0x70A0, 0x0000, 0x0000, 0x0000, 0x0001, 0x0001, 0x0862, 0x0001, 0x41E8, 0x62CB, 0x4209, 0x4A49, 0x7A49,
  0xC247, 0xFA02, 0xFA80, 0xF464, 0xFAE3, 0x6800, 0x0021, 0x2083, 0x2041, 0x2000, 0x4840, 0x3000, 0x2000, 0x2000, 0x1800, 0x0800,
  0x1062, 0x0841, 0x0000, 0x0000, 0x0000, 0x0000, 0x0021, 0x0042, 0x0000, 0x0000, 0x0022, 0x0001, 0x0001, 0x0042, 0x0063, 0x10A3,
  0x31A6, 0x632D, 0x8451, 0x94F3, 0xA595, 0xB617, 0xC658, 0xAD95, 0x7C10, 0x736D, 0x93AD, 0xB44E, 0xA38B, 0xA38B, 0xAB8B, 0xAB08,
  0xC9E2, 0xFBA5, 0xE326, 0x3000, 0x0800, 0x1820, 0x1000, 0x0800, 0x0800, 0x1020, 0x18A2, 0x18E3, 0x0861, 0x0000, 0x0000, 0x0000,
  0x0000, 0x0000, 0x0000, 0x0000, 0x0000, 0x0000, 0x0000, 0x0000, 0x0000, 0x0000, 0x0000, 0x0000, 0x0000, 0x0000, 0x0000, 0x0000,
  0x0000, 0x0000, 0x0000, 0x0000, 0x0000, 0x0000, 0x0000, 0x0000, 0x0000, 0x0000, 0x0000, 0x0000, 0x0000, 0x0000, 0x0000, 0x0000,
  0x0000, 0x0000, 0x0000, 0x0000, 0x0000, 0x0000, 0x0000, 0x0000, 0x0000, 0x0000, 0x0000, 0x0000, 0x0000, 0x0000, 0x0000, 0x0000,
  0x0000, 0x0000, 0x0000, 0x0000, 0x0000, 0x0000, 0x0000, 0x0000, 0x0000, 0x0000, 0x0000, 0x0000, 0x0000, 0x0000, 0x0000, 0x0000,
  0x0000, 0x0000, 0x0000, 0x0000, 0x0000, 0x0000, 0x0000, 0x0000, 0x0000, 0x0000, 0x0000, 0x0000, 0x0000, 0x0000, 0x0000, 0x0000,
  0x0000, 0x0000, 0x0000, 0x0000, 0x0000, 0x0000, 0x0000, 0x0000, 0x0000, 0x0000, 0x0000, 0x0000, 0x0000, 0x0000, 0x0000, 0x0000,
  0x0000, 0x0000, 0x0000, 0x1082, 0x10A2, 0x0821, 0x0001, 0x0041, 0x0042, 0x0021, 0x0001, 0x0001, 0x1905, 0x10A3, 0x0000, 0x0042,
  0x0000, 0x0000, 0x0021, 0x0042, 0x0083, 0x00A4, 0x1988, 0x324C, 0x21CA, 0x1148, 0x2A0B, 0x21CA, 0x11AA, 0x3ACD, 0x6BF1, 0x3166,
  0x1062, 0x0841, 0x0021, 0x0063, 0x08E5, 0x08C4, 0x1168, 0x1168, 0x08C5, 0x1169, 0x0084, 0x1127, 0x19EB, 0x2AAE, 0x08C4, 0x08C5,
  0x29EA, 0x08C5, 0x10E5, 0x40E3, 0x4081, 0x0000, 0x0021, 0x0021, 0x0000, 0x0063, 0x0063, 0x0001, 0x0000, 0x1082, 0x5A48, 0x61E7,
  0xDB66, 0xFDC9, 0xEAC2, 0x1800, 0x0000, 0x0821, 0x0001, 0x0001, 0x08A4, 0x0021, 0x2966, 0x5AEC, 0x4209, 0x528B, 0x6AAA, 0xC287,
  0xFA42, 0xF220, 0xE382, 0xF467, 0xA8A0, 0x0800, 0x1041, 0x1800, 0x1800, 0x2000, 0x2800, 0x2000, 0x2000, 0x1000, 0x0000, 0x1042,
  0x0841, 0x0000, 0x0000, 0x0000, 0x0000, 0x0021, 0x0021, 0x0000, 0x0001, 0x0000, 0x0000, 0x0042, 0x1926, 0x3A09, 0x5B2D, 0x7C51,
  0x8CF4, 0x8CF4, 0x8CD3, 0xA554, 0xBDD5, 0xB573, 0x8430, 0x6B6E, 0x93CE, 0xB44E, 0xBC4E, 0xABAC, 0xA34A, 0xBB49, 0xD326, 0xE241,
  0xEBC5, 0xEBC8, 0x5020, 0x0000, 0x1020, 0x0800, 0x1000, 0x1841, 0x1841, 0x0821, 0x0000, 0x0841, 0x2104, 0x0861, 0x0000, 0x0000,
  0x0000, 0x0000, 0x0000, 0x0000, 0x0000, 0x0000, 0x0000, 0x0000, 0x0000, 0x0000, 0x0000, 0x0000, 0x0000, 0x0000, 0x0000, 0x0000,
  0x0000, 0x0000, 0x0000, 0x0000, 0x0000, 0x0000, 0x0000, 0x0000, 0x0000, 0x0000, 0x0000, 0x0000, 0x0000, 0x0000, 0x0000, 0x0000,
  0x0000, 0x0000, 0x0000, 0x0000, 0x0000, 0x0000, 0x0000, 0x0000, 0x0000, 0x0000, 0x0000, 0x0000, 0x0000, 0x0000, 0x0000, 0x0000,
  0x0000, 0x0000, 0x0000, 0x0000, 0x0000, 0x0000, 0x0000, 0x0000, 0x0000, 0x0000, 0x0000, 0x0000, 0x0000, 0x0000, 0x0000, 0x0000,
  0x0000, 0x0000, 0x0000, 0x0000, 0x0000, 0x0000, 0x0000, 0x0000, 0x0000, 0x0000, 0x0000, 0x0000, 0x0000, 0x0000, 0x0000, 0x0000,
  0x0000, 0x0000, 0x0000, 0x0000, 0x0000, 0x0000, 0x0000, 0x0000, 0x0000, 0x0000, 0x0000, 0x0000, 0x0000, 0x0000, 0x0000, 0x0000,
  0x0000, 0x0000, 0x0861, 0x0861, 0x0820, 0x0021, 0x0042, 0x0863, 0x0042, 0x0021, 0x0021, 0x0883, 0x1926, 0x0000, 0x0001, 0x0862,
  0x0000, 0x0021, 0x0043, 0x0884, 0x0084, 0x1988, 0x1968, 0x1127, 0x21EB, 0x2A0B, 0x1127, 0x08E6, 0x3AAE, 0x73F1, 0x39A6, 0x0000,
  0x0000, 0x0001, 0x10E5, 0x1106, 0x08E5, 0x1106, 0x08E5, 0x0022, 0x0063, 0x08A4, 0x19A9, 0x0927, 0x0927, 0x0083, 0x21A9, 0x1127,
  0x1169, 0x1947, 0x30A2, 0x2861, 0x0000, 0x0042, 0x0042, 0x0000, 0x0042, 0x0062, 0x0042, 0x0021, 0x0020, 0x5A27, 0x6269, 0x79C6,
  0xF447, 0xFD69, 0x9901, 0x0000, 0x0000, 0x0000, 0x0021, 0x1905, 0x0862, 0x20E4, 0x5AEC, 0x3A09, 0x4A8B, 0x6AEC, 0xAAEA, 0xF2A4,
  0xF240, 0xE260, 0xEBC3, 0xEA63, 0x4000, 0x0000, 0x1000, 0x1800, 0x1800, 0x1800, 0x2000, 0x2000, 0x1000, 0x0000, 0x1042, 0x1041,
  0x0000, 0x0000, 0x0021, 0x0042, 0x0042, 0x0042, 0x0000, 0x0000, 0x0862, 0x18E4, 0x31C7, 0x4AAB, 0x5B2D, 0x636E, 0x638F, 0x638F,
  0x6BD0, 0x8450, 0xAD74, 0xBDD5, 0x94B1, 0x5B0C, 0x5AAA, 0x834C, 0xAC2E, 0xCD11, 0xBBCD, 0xC3AA, 0xDB45, 0xE2E2, 0xEAA0, 0xEC04,
  0xF48B, 0x7060, 0x0000, 0x0800, 0x0800, 0x1041, 0x2062, 0x1041, 0x0021, 0x0021, 0x0021, 0x0000, 0x0000, 0x1082, 0x1082, 0x0000,
  0x0000, 0x0000, 0x0000, 0x0000, 0x0000, 0x0000, 0x0000, 0x0000, 0x0000, 0x0000, 0x0000, 0x0000, 0x0000, 0x0000, 0x0000, 0x0000,
  0x0000, 0x0000, 0x0000, 0x0000, 0x0000, 0x0000, 0x0000, 0x0000, 0x0000, 0x0000, 0x0000, 0x0000, 0x0000, 0x0000, 0x0000, 0x0000,
  0x0000, 0x0000, 0x0000, 0x0000, 0x0000, 0x0000, 0x0000, 0x0000, 0x0000, 0x0000, 0x0000, 0x0000, 0x0000, 0x0000, 0x0000, 0x0000,
  0x0000, 0x0000, 0x0000, 0x0000, 0x0000, 0x0000, 0x0000, 0x0000, 0x0000, 0x0000, 0x0000, 0x0000, 0x0000, 0x0000, 0x0000, 0x0000,
  0x0000, 0x0000, 0x0000, 0x0000, 0x0000, 0x0000, 0x0000, 0x0000, 0x0000, 0x0000, 0x0000, 0x0000, 0x0000, 0x0000, 0x0000, 0x0000,
  0x0000, 0x0000, 0x0000, 0x0000, 0x0000, 0x0000, 0x0000, 0x0000, 0x0000, 0x0000, 0x0000, 0x0000, 0x0000, 0x0000, 0x0000, 0x0000,
  0x0841, 0x1082, 0x0020, 0x1021, 0x2882, 0x0042, 0x0063, 0x0042, 0x0021, 0x0022, 0x0042, 0x21A8, 0x0041, 0x0000, 0x0883, 0x0841,
  0x0000, 0x0042, 0x0063, 0x08C5, 0x08A5, 0x1147, 0x1106, 0x19A9, 0x220B, 0x2A6C, 0x1168, 0x21C9, 0x634E, 0x20E4, 0x0000, 0x0000,
  0x0042, 0x08A4, 0x08A4, 0x0063, 0x0063, 0x0021, 0x0000, 0x0084, 0x1968, 0x1169, 0x226D, 0x1147, 0x1127, 0x08C4, 0x0906, 0x1989,
  0x18C4, 0x28A3, 0x1020, 0x0000, 0x0021, 0x0021, 0x0000, 0x0863, 0x0883, 0x0000, 0x0000, 0x0000, 0x3965, 0x82C9, 0x5228, 0xAA46,
  0xFCE8, 0xF386, 0x3000, 0x0000, 0x0000, 0x0883, 0x10C4, 0x0021, 0x10A2, 0x5B0D, 0x3A6B, 0x426B, 0x5AEC, 0x8B2B, 0xE367, 0xFAA1,
  0xEA80, 0xE341, 0xF3E5, 0x8860, 0x0000, 0x1000, 0x1800, 0x1800, 0x1800, 0x2000, 0x1800, 0x0800, 0x0000, 0x0842, 0x1042, 0x0041,
  0x0883, 0x0863, 0x0021, 0x0001, 0x0001, 0x0862, 0x2145, 0x4A69, 0x634D, 0x73CE, 0x73CF, 0x738D, 0x6B2B, 0x8BCD, 0x940C, 0xB4AE,
  0xD56E, 0xD50C, 0xB46D, 0x9BED, 0x732C, 0x836D, 0x9B8C, 0x9B2A, 0xBBEB, 0xEC49, 0xF3C4, 0xEC04, 0xEC43, 0xEC21, 0xECA3, 0xFCE9,
  0x88C1, 0x0000, 0x0801, 0x0842, 0x10A4, 0x1883, 0x0021, 0x0001, 0x0021, 0x0022, 0x0021, 0x0001, 0x0001, 0x0000, 0x0841, 0x10A2,
  0x0020, 0x0000, 0x0000, 0x0000, 0x0000, 0x0000, 0x0000, 0x0000, 0x0000, 0x0000, 0x0000, 0x0000, 0x0000, 0x0000, 0x0000, 0x0000,
  0x0000, 0x0000, 0x0000, 0x0000, 0x0000, 0x0000, 0x0000, 0x0000, 0x0000, 0x0000, 0x0000, 0x0000, 0x0000, 0x0000, 0x0000, 0x0000,
  0x0000, 0x0000, 0x0000, 0x0000, 0x0000, 0x0000, 0x0000, 0x0000, 0x0000, 0x0000, 0x0000, 0x0000, 0x0000, 0x0000, 0x0000, 0x0000,
  0x0000, 0x0000, 0x0000, 0x0000, 0x0000, 0x0000, 0x0000, 0x0000, 0x0000, 0x0000, 0x0000, 0x0000, 0x0000, 0x0000, 0x0000, 0x0000,
  0x0000, 0x0000, 0x0000, 0x0000, 0x0000, 0x0000, 0x0000, 0x0000, 0x0000, 0x0000, 0x0000, 0x0000, 0x0000, 0x0000, 0x0000, 0x0000,
  0x0000, 0x0000, 0x0000, 0x0000, 0x0000, 0x0000, 0x0000, 0x0000, 0x0000, 0x0000, 0x0000, 0x0000, 0x0000, 0x0000, 0x0000, 0x1082,
  0x1082, 0x0020, 0x0841, 0x5903, 0x2041, 0x0042, 0x0042, 0x0021, 0x0042, 0x0021, 0x2167, 0x1905, 0x0000, 0x10C4, 0x0862, 0x0000,
  0x0021, 0x0063, 0x08A4, 0x08A4, 0x08C5, 0x00A4, 0x1127, 0x21EA, 0x222B, 0x1148, 0x21A9, 0x39E8, 0x1062, 0x0000, 0x0001, 0x0022,
  0x0042, 0x0021, 0x0000, 0x0021, 0x0042, 0x1106, 0x08C5, 0x0083, 0x08A5, 0x0906, 0x00C5, 0x0907, 0x19CA, 0x08E5, 0x0883, 0x1947,
  0x20A3, 0x0800, 0x0000, 0x0000, 0x0021, 0x0042, 0x0042, 0x0863, 0x0000, 0x0001, 0x0000, 0x18C3, 0x82C9, 0x7248, 0x6228, 0xDB25,
  0xFCE9, 0x9922, 0x0000, 0x0000, 0x18C4, 0x10C4, 0x0000, 0x0861, 0x4ACC, 0x3A8C, 0x3AAC, 0x532D, 0x734D, 0xC36A, 0xFB42, 0xF2E0,
  0xEAA0, 0xECA6, 0xD223, 0x1800, 0x0000, 0x1800, 0x1800, 0x1000, 0x1000, 0x1800, 0x1000, 0x0001, 0x1062, 0x0862, 0x0000, 0x0000,
  0x0000, 0x0000, 0x18C3, 0x31C7, 0x52EB, 0x6BAE, 0x8C4F, 0xACD0, 0xACF1, 0xA46F, 0xB48D, 0xBCAA, 0xCD0A, 0xE5CD, 0xEE91, 0xFF0F,
  0xFE49, 0xD4A9, 0xD48B, 0xA38B, 0xABCD, 0xC40D, 0xC38A, 0xDBE6, 0xEBA1, 0xF463, 0xFDA9, 0xED87, 0xED04, 0xEC82, 0xFCA6, 0xB941,
  0x0800, 0x0000, 0x1083, 0x18E5, 0x0863, 0x0021, 0x0022, 0x0022, 0x0022, 0x0022, 0x0042, 0x0042, 0x0042, 0x0021, 0x0000, 0x0041,
  0x10A2, 0x0841, 0x0000, 0x0000, 0x0000, 0x0000, 0x0000, 0x0000, 0x0000, 0x0000, 0x0000, 0x0000, 0x0000, 0x0000, 0x0000, 0x0000,
  0x0000, 0x0000, 0x0000, 0x0000, 0x0000, 0x0000, 0x0000, 0x0000, 0x0000, 0x0000, 0x0000, 0x0000, 0x0000, 0x0000, 0x0000, 0x0000,
  0x0000, 0x0000, 0x0000, 0x0000, 0x0000, 0x0000, 0x0000, 0x0000, 0x0000, 0x0000, 0x0000, 0x0000, 0x0000, 0x0000, 0x0000, 0x0000,
  0x0000, 0x0000, 0x0000, 0x0000, 0x0000, 0x0000, 0x0000, 0x0000, 0x0000, 0x0000, 0x0000, 0x0000, 0x0000, 0x0000, 0x0000, 0x0000,
  0x0000, 0x0000, 0x0000, 0x0000, 0x0000, 0x0000, 0x0000, 0x0000, 0x0000, 0x0000, 0x0000, 0x0000, 0x0000, 0x0000, 0x0000, 0x0000,
  0x0000, 0x0000, 0x0000, 0x0000, 0x0000, 0x0000, 0x0000, 0x0000, 0x0000, 0x0000, 0x0000, 0x0000, 0x0000, 0x0000, 0x10A3, 0x1082,
  0x0000, 0x0862, 0x5924, 0x70E2, 0x0001, 0x0042, 0x0021, 0x0042, 0x0021, 0x1926, 0x2167, 0x0000, 0x0842, 0x10E5, 0x0000, 0x0000,
  0x0042, 0x0084, 0x08A4, 0x0063, 0x1147, 0x1989, 0x19A9, 0x21EA, 0x0906, 0x31C8, 0x4A49, 0x0841, 0x0000, 0x0000, 0x0001, 0x0001,
  0x0000, 0x0000, 0x0021, 0x0021, 0x08C5, 0x21EB, 0x08E5, 0x0042, 0x0063, 0x0042, 0x1127, 0x1106, 0x08A4, 0x08A4, 0x1905, 0x0862,
  0x0000, 0x0021, 0x0000, 0x0842, 0x0862, 0x0000, 0x0041, 0x0000, 0x0042, 0x0021, 0x0841, 0x6A68, 0x92A8, 0x5A08, 0x8247, 0xF407,
  0xF3A7, 0x2800, 0x0000, 0x0000, 0x0842, 0x0000, 0x0841, 0x4AAB, 0x3A6B, 0x3A8C, 0x4B4E, 0x6BAF, 0x9BED, 0xE3C7, 0xFB20, 0xF2C0,
  0xEB42, 0xF428, 0x7840, 0x0000, 0x0800, 0x1841, 0x2061, 0x1000, 0x1000, 0x0821, 0x0862, 0x0841, 0x0000, 0x0000, 0x0000, 0x18E3,
  0x3A29, 0x5B4D, 0x7410, 0x7C71, 0x8470, 0x9CAF, 0xBD30, 0xCD70, 0xD54D, 0xEDCB, 0xFEAE, 0xF6D1, 0xF735, 0xEF53, 0xEECE, 0xF669,
  0xED8A, 0xDCAB, 0xC3CA, 0xBB47, 0xEC05, 0xEC46, 0xEC64, 0xECE5, 0xEDAA, 0xEDEC, 0xF546, 0xEC81, 0xEC81, 0xF3A1, 0xD920, 0x2800,
  0x0021, 0x18E5, 0x18E5, 0x0062, 0x0021, 0x0042, 0x0042, 0x0022, 0x0022, 0x0042, 0x0042, 0x0042, 0x0022, 0x0042, 0x0042, 0x0001,
  0x0000, 0x0862, 0x0021, 0x0000, 0x0000, 0x0000, 0x0000, 0x0000, 0x0000, 0x0000, 0x0000, 0x0000, 0x0000, 0x0000, 0x0000, 0x0000,
  0x0000, 0x0000, 0x0000, 0x0000, 0x0000, 0x0000, 0x0000, 0x0000, 0x0000, 0x0000, 0x0000, 0x0000, 0x0000, 0x0000, 0x0000, 0x0000,
  0x0000, 0x0000, 0x0000, 0x0000, 0x0000, 0x0000, 0x0000, 0x0000, 0x0000, 0x0000, 0x0000, 0x0000, 0x0000, 0x0000, 0x0000, 0x0000,
  0x0000, 0x0000, 0x0000, 0x0000, 0x0000, 0x0000, 0x0000, 0x0000, 0x0000, 0x0000, 0x0000, 0x0000, 0x0000, 0x0000, 0x0000, 0x0000,
  0x0000, 0x0000, 0x0000, 0x0000, 0x0000, 0x0000, 0x0000, 0x0000, 0x0000, 0x0000, 0x0000, 0x0000, 0x0000, 0x0000, 0x0000, 0x0000,
  0x0000, 0x0000, 0x0000, 0x0000, 0x0000, 0x0000, 0x0000, 0x0000, 0x0000, 0x0000, 0x0000, 0x0000, 0x0861, 0x10A3, 0x0021, 0x0041,
  0x1082, 0x38E3, 0xB1C4, 0x3840, 0x0021, 0x0042, 0x0042, 0x0022, 0x1105, 0x2146, 0x0000, 0x0001, 0x0021, 0x0021, 0x0000, 0x0021,
  0x0063, 0x0884, 0x08A4, 0x1106, 0x1127, 0x324C, 0x21EA, 0x08E6, 0x31A7, 0x3186, 0x0821, 0x0021, 0x0000, 0x0000, 0x0001, 0x0021,
  0x0021, 0x0021, 0x0021, 0x0084, 0x1106, 0x0083, 0x0001, 0x0084, 0x1968, 0x10E5, 0x08C6, 0x0084, 0x1926, 0x10C4, 0x0020, 0x0000,
  0x0021, 0x0000, 0x0000, 0x0862, 0x0000, 0x0000, 0x0001, 0x0001, 0x0000, 0x0000, 0x51E7, 0xAB09, 0x7A47, 0x6248, 0xAA45, 0xFC69,
  0xA982, 0x0000, 0x0000, 0x0000, 0x0000, 0x0841, 0x4AAB, 0x3AAC, 0x3A8C, 0x430E, 0x5B8F, 0x842F, 0xC44D, 0xF425, 0xFB20, 0xF240,
  0xFCA7, 0xE224, 0x2000, 0x0000, 0x0000, 0x1021, 0x1020, 0x0800, 0x0820, 0x0021, 0x0000, 0x0000, 0x1082, 0x31E8, 0x5B4D, 0x6C10,
  0x6C11, 0x7431, 0x7410, 0x73EE, 0x8C6F, 0xB4CF, 0xD54E, 0xEDEA, 0xFEAB, 0xFF6F, 0xFF94, 0xF713, 0xEE8D, 0xE567, 0xD404, 0xD3C7,
  0xE40A, 0xEBE7, 0xEB82, 0xF441, 0xF564, 0xECE2, 0xED66, 0xEE0E, 0xE4C7, 0xEC41, 0xF440, 0xEC00, 0xE2E1, 0xD0C0, 0x5020, 0x0021,
  0x10C4, 0x10C5, 0x0022, 0x0042, 0x0042, 0x0022, 0x0022, 0x0022, 0x0022, 0x0022, 0x0042, 0x0042, 0x0063, 0x0063, 0x0042, 0x0062,
  0x0042, 0x0021, 0x0841, 0x0861, 0x0020, 0x0000, 0x0000, 0x0000, 0x0000, 0x0000, 0x0000, 0x0000, 0x0000, 0x0000, 0x0000, 0x0000,
  0x0000, 0x0000, 0x0000, 0x0000, 0x0000, 0x0000, 0x0000, 0x0000, 0x0000, 0x0000, 0x0000, 0x0000, 0x0000, 0x0000, 0x0000, 0x0000,
  0x0000, 0x0000, 0x0000, 0x0000, 0x0000, 0x0000, 0x0000, 0x0000, 0x0000, 0x0000, 0x0000, 0x0000, 0x0000, 0x0000, 0x0000, 0x0000,
  0x0000, 0x0000, 0x0000, 0x0000, 0x0000, 0x0000, 0x0000, 0x0000, 0x0000, 0x0000, 0x0000, 0x0000, 0x0000, 0x0000, 0x0000, 0x0000,
  0x0000, 0x0000, 0x0000, 0x0000, 0x0000, 0x0000, 0x0000, 0x0000, 0x0000, 0x0000, 0x0000, 0x0000, 0x0000, 0x0000, 0x0000, 0x0000,
  0x0000, 0x0000, 0x0000, 0x0000, 0x0000, 0x0000, 0x0000, 0x0000, 0x0000, 0x0000, 0x0000, 0x1082, 0x1082, 0x0021, 0x0862, 0x10A3,
  0x28A3, 0xA1E5, 0xA943, 0x0801, 0x0042, 0x0042, 0x0042, 0x1906, 0x2146, 0x0000, 0x0000, 0x0001, 0x0883, 0x0021, 0x0000, 0x0042,
  0x0083, 0x08A5, 0x08E6, 0x21C9, 0x1988, 0x19AA, 0x1148, 0x31C8, 0x2104, 0x0000, 0x0001, 0x0000, 0x0000, 0x0021, 0x0842, 0x0001,
  0x0002, 0x0001, 0x18C3, 0x2125, 0x0021, 0x0000, 0x08A4, 0x08E6, 0x0906, 0x10E6, 0x0001, 0x0863, 0x1083, 0x0821, 0x0000, 0x0021,
  0x0000, 0x0000, 0x0021, 0x0000, 0x0000, 0x0000, 0x0000, 0x0001, 0x0000, 0x2904, 0xAB09, 0xC2A7, 0x8268, 0x7A48, 0xD2C5, 0xF366,
  0x4020, 0x0000, 0x0000, 0x0000, 0x0000, 0x424A, 0x42CD, 0x3AAD, 0x4B4F, 0x536F, 0x7C0F, 0x9C6F, 0xE4AB, 0xFC44, 0xFAC0, 0xF3A3,
  0xFC88, 0x8040, 0x0000, 0x0800, 0x0800, 0x1861, 0x0800, 0x0000, 0x0000, 0x0000, 0x2125, 0x4AAB, 0x63D0, 0x63D0, 0x5B8F, 0x5B8E,
  0x6BAF, 0x638E, 0x632D, 0x7B6C, 0xA3EC, 0xE52C, 0xFE6B, 0xFF0C, 0xFF2D, 0xFECA, 0xFE29, 0xDCE7, 0xD447, 0xB326, 0xAAA6, 0xDAE5,
  0xF3A3, 0xFC62, 0xF5A6, 0xEE4B, 0xECE3, 0xECC1, 0xED44, 0xEC41, 0xEB60, 0xEB80, 0xFB60, 0xD9A0, 0xA860, 0x7081, 0x0000, 0x0042,
  0x0042, 0x0022, 0x0043, 0x0063, 0x0063, 0x0043, 0x0063, 0x0884, 0x0883, 0x0863, 0x10C5, 0x10C5, 0x08A4, 0x0884, 0x0863, 0x0883,
  0x0021, 0x0000, 0x0000, 0x0861, 0x1082, 0x0000, 0x0000, 0x0000, 0x0000, 0x0000, 0x0000, 0x0000, 0x0000, 0x0000, 0x0000, 0x0000,
  0x0000, 0x0000, 0x0000, 0x0000, 0x0000, 0x0000, 0x0000, 0x0000, 0x0000, 0x0000, 0x0000, 0x0000, 0x0000, 0x0000, 0x0000, 0x0000,
  0x0000, 0x0000, 0x0000, 0x0000, 0x0000, 0x0000, 0x0000, 0x0000, 0x0000, 0x0000, 0x0000, 0x0000, 0x0000, 0x0000, 0x0000, 0x0000,
  0x0000, 0x0000, 0x0000, 0x0000, 0x0000, 0x0000, 0x0000, 0x0000, 0x0000, 0x0000, 0x0000, 0x0000, 0x0000, 0x0000, 0x0000, 0x0000,
  0x0000, 0x0000, 0x0000, 0x0000, 0x0000, 0x0000, 0x0000, 0x0000, 0x0000, 0x0000, 0x0000, 0x0000, 0x0000, 0x0000, 0x0000, 0x0000,
  0x0000, 0x0000, 0x0000, 0x0000, 0x0000, 0x0000, 0x0000, 0x0000, 0x0000, 0x0000, 0x18C3, 0x1082, 0x0000, 0x0862, 0x20A3, 0x2904,
  0x7164, 0xEA85, 0x6040, 0x0042, 0x0042, 0x0063, 0x1926, 0x10C4, 0x0000, 0x0021, 0x0022, 0x0883, 0x10C4, 0x0000, 0x0021, 0x0042,
  0x08C5, 0x08C5, 0x1106, 0x21A9, 0x21EA, 0x21CA, 0x31C8, 0x10A3, 0x0000, 0x0021, 0x0000, 0x0000, 0x0000, 0x0000, 0x0000, 0x20C3,
  0x69C3, 0xA3A9, 0xE56F, 0x5984, 0x0021, 0x08A4, 0x08A4, 0x1106, 0x0042, 0x0884, 0x0021, 0x0021, 0x0000, 0x0000, 0x0821, 0x0000,
  0x0000, 0x0000, 0x0000, 0x0000, 0x0001, 0x0000, 0x0021, 0x0000, 0x1082, 0x9AA7, 0xEAE4, 0xDA63, 0xAA87, 0xAA47, 0xF2E5, 0xA141,
  0x0000, 0x0000, 0x0001, 0x0000, 0x3A29, 0x42CD, 0x3A8C, 0x4B6F, 0x53B0, 0x7430, 0x8C6F, 0xBC8E, 0xF4A8, 0xFBE2, 0xFBA3, 0xFD28,
  0xDAA3, 0x1800, 0x0000, 0x0000, 0x0821, 0x0000, 0x0000, 0x0020, 0x31C7, 0x638F, 0x63F1, 0x63D0, 0x534E, 0x52EC, 0x52EC, 0x5B0D,
  0x5B2D, 0x630C, 0x8B2B, 0xB3EB, 0xED2A, 0xFE09, 0xFE68, 0xFDC5, 0xF4C4, 0xDC46, 0xB3C9, 0x8A66, 0x8A46, 0x9A86, 0xCAA3, 0xF340,
  0xFC81, 0xED65, 0xED45, 0xE4E4, 0xEC00, 0xF441, 0xEB60, 0xE280, 0xE9C0, 0xF940, 0xC880, 0x7800, 0x9901, 0x1820, 0x0001, 0x0021,
  0x0021, 0x0862, 0x0863, 0x0884, 0x0883, 0x0862, 0x0882, 0x10A3, 0x10A3, 0x1083, 0x2925, 0x18E4, 0x39A7, 0x39A7, 0x1083, 0x1042,
  0x1082, 0x20E4, 0x1082, 0x0862, 0x0841, 0x10A2, 0x0020, 0x0000, 0x0000, 0x0000, 0x0000, 0x0000, 0x0000, 0x0000, 0x0000, 0x0000,
  0x0000, 0x0000, 0x0000, 0x0000, 0x0000, 0x0000, 0x0000, 0x0000, 0x0000, 0x0000, 0x0000, 0x0000, 0x0000, 0x0000, 0x0000, 0x0000,
  0x0000, 0x0000, 0x0000, 0x0000, 0x0000, 0x0000, 0x0000, 0x0000, 0x0000, 0x0000, 0x0000, 0x0000, 0x0000, 0x0000, 0x0000, 0x0000,
  0x0000, 0x0000, 0x0000, 0x0000, 0x0000, 0x0000, 0x0000, 0x0000, 0x0000, 0x0000, 0x0000, 0x0000, 0x0000, 0x0000, 0x0000, 0x0000,
  0x0000, 0x0000, 0x0000, 0x0000, 0x0000, 0x0000, 0x0000, 0x0000, 0x0000, 0x0000, 0x0000, 0x0000, 0x0000, 0x0000, 0x0000, 0x0000,
  0x0000, 0x0000, 0x0000, 0x0000, 0x0000, 0x0000, 0x0000, 0x0000, 0x0000, 0x10A2, 0x0841, 0x0021, 0x0882, 0x20A3, 0x3145, 0x5944,
  0xDA65, 0xD142, 0x1000, 0x0042, 0x08A4, 0x1946, 0x0862, 0x0000, 0x0021, 0x0042, 0x0043, 0x1906, 0x0862, 0x0000, 0x0021, 0x0063,
  0x0883, 0x08C5, 0x21A8, 0x0906, 0x320A, 0x31C8, 0x0020, 0x0000, 0x0021, 0x0000, 0x0000, 0x0000, 0x2903, 0x6247, 0xA308, 0xE3C6,
  0xFDCC, 0xFDEE, 0x81A2, 0x0001, 0x08C5, 0x1947, 0x0042, 0x0001, 0x0863, 0x0042, 0x0000, 0x0000, 0x0000, 0x0862, 0x0000, 0x0000,
  0x0000, 0x0000, 0x0000, 0x0000, 0x0021, 0x0021, 0x0000, 0x0021, 0x8246, 0xEBA4, 0xFAE1, 0xEA61, 0xC266, 0xCA86, 0xEAA4, 0x3820,
  0x0000, 0x0000, 0x0000, 0x3A09, 0x4AED, 0x326B, 0x432E, 0x5390, 0x6C31, 0x94B1, 0xACD0, 0xE4CB, 0xFCC6, 0xFC23, 0xFBC4, 0xFCE9,
  0x98E0, 0x0000, 0x0000, 0x0000, 0x0000, 0x0041, 0x31E8, 0x638F, 0x63D0, 0x534F, 0x4B0D, 0x530D, 0x52CC, 0x4249, 0x4229, 0x52AB,
  0x62CB, 0x830A, 0xA309, 0xD3A8, 0xFCA4, 0xFCA2, 0xF3E2, 0xC303, 0x92A6, 0x7247, 0x59A5, 0x69C5, 0x6983, 0xB1E2, 0xE240, 0xF380,
  0xF360, 0xE2C0, 0xEA60, 0xEA80, 0xFA00, 0xE180, 0xC8C0, 0xD840, 0xC000, 0x7800, 0x4800, 0xA141, 0x3860, 0x0021, 0x1083, 0x10A3,
  0x0862, 0x0841, 0x0000, 0x0001, 0x0000, 0x0000, 0x0000, 0x0000, 0x0000, 0x0021, 0x0842, 0x0021, 0x0020, 0x0841, 0x0841, 0x0841,
  0x0821, 0x0862, 0x0821, 0x0821, 0x0000, 0x0020, 0x18C3, 0x10A2, 0x0000, 0x0000, 0x0000, 0x0000, 0x0000, 0x0000, 0x0000, 0x0000,
  0x0000, 0x0000, 0x0000, 0x0000, 0x0000, 0x0000, 0x0000, 0x0000, 0x0000, 0x0000, 0x0000, 0x0000, 0x0000, 0x0000, 0x0000, 0x0000,
  0x0000, 0x0000, 0x0000, 0x0000, 0x0000, 0x0000, 0x0000, 0x0000, 0x0000, 0x0000, 0x0000, 0x0000, 0x0000, 0x0000, 0x0000, 0x0000,
  0x0000, 0x0000, 0x0000, 0x0000, 0x0000, 0x0000, 0x0000, 0x0000, 0x0000, 0x0000, 0x0000, 0x0000, 0x0000, 0x0000, 0x0000, 0x0000,
  0x0000, 0x0000, 0x0000, 0x0000, 0x0000, 0x0000, 0x0000, 0x0000, 0x0000, 0x0000, 0x0000, 0x0000, 0x0000, 0x0000, 0x0000, 0x0000,
  0x0000, 0x0000, 0x0000, 0x0000, 0x0000, 0x0000, 0x0000, 0x0021, 0x10A2, 0x0841, 0x0021, 0x1083, 0x20C3, 0x3965, 0x49A6, 0xB1C4,
  0xFAC6, 0x7020, 0x0021, 0x10C4, 0x18E5, 0x0021, 0x0000, 0x0022, 0x0063, 0x0063, 0x1927, 0x1905, 0x0000, 0x0021, 0x0042, 0x08C4,
  0x0063, 0x1968, 0x1147, 0x2188, 0x31A7, 0x0000, 0x0000, 0x0000, 0x0000, 0x0861, 0x49E6, 0x93CA, 0xD50D, 0xF469, 0xFC04, 0xFE09,
  0xFD49, 0x7100, 0x0000, 0x0883, 0x0863, 0x0021, 0x0042, 0x0000, 0x0000, 0x0000, 0x0000, 0x0000, 0x1082, 0x0821, 0x0000, 0x0000,
  0x0000, 0x0000, 0x0000, 0x0000, 0x0021, 0x0000, 0x0000, 0x69E7, 0xE323, 0xEB40, 0xFB20, 0xEB21, 0xCA25, 0xE2A5, 0xA982, 0x0000,
  0x0000, 0x0000, 0x3A09, 0x4B0E, 0x326C, 0x432F, 0x4B6F, 0x63D0, 0x8CB1, 0xACF1, 0xC4EF, 0xF509, 0xFCE5, 0xFAE0, 0xFB64, 0xFBE8,
  0x4800, 0x0021, 0x0000, 0x0000, 0x31E8, 0x5BB0, 0x63D1, 0x4B2E, 0x42AC, 0x5B4E, 0x5B2D, 0x4A6A, 0x4A29, 0x4A09, 0x4A09, 0x6249,
  0x8AA9, 0x9288, 0xD2E5, 0xFB42, 0xF2E0, 0xD262, 0x9A25, 0x69C6, 0x51A5, 0x4144, 0x4124, 0x5123, 0x68E2, 0xC9A0, 0xEA00, 0xF1C0,
  0xE120, 0xC860, 0xC020, 0xA800, 0xB000, 0xB020, 0xA820, 0x7800, 0x3000, 0x3820, 0xB921, 0x50A0, 0x0001, 0x0842, 0x0041, 0x0021,
  0x0000, 0x0000, 0x0021, 0x0042, 0x0063, 0x10C4, 0x18E5, 0x1905, 0x18E5, 0x18C4, 0x3167, 0x3986, 0x4186, 0x51C7, 0x49A7, 0x4166,
  0x4146, 0x49A7, 0x59E7, 0x41A7, 0x2925, 0x2905, 0x20E4, 0x2104, 0x0841, 0x0000, 0x0000, 0x0000, 0x0000, 0x0000, 0x0000, 0x0000,
  0x0000, 0x0000, 0x0000, 0x0000, 0x0000, 0x0000, 0x0000, 0x0000, 0x0000, 0x0000, 0x0000, 0x0000, 0x0000, 0x0000, 0x0000, 0x0000,
  0x0000, 0x0000, 0x0000, 0x0000, 0x0000, 0x0000, 0x0000, 0x0000, 0x0000, 0x0000, 0x0000, 0x0000, 0x0000, 0x0000, 0x0000, 0x0000,
  0x0000, 0x0000, 0x0000, 0x0000, 0x0000, 0x0000, 0x0000, 0x0000, 0x0000, 0x0000, 0x0000, 0x0000, 0x0000, 0x0000, 0x0000, 0x0000,
  0x0000, 0x0000, 0x0000, 0x0000, 0x0000, 0x0000, 0x0000, 0x0000, 0x0000, 0x0000, 0x0000, 0x0000, 0x0000, 0x0000, 0x0000, 0x0000,
  0x0000, 0x0000, 0x0000, 0x0000, 0x0000, 0x0000, 0x0841, 0x10A2, 0x0020, 0x0041, 0x1083, 0x20C3, 0x3986, 0x4A08, 0x89A4, 0xF347,
  0xD9A3, 0x1800, 0x08C4, 0x0862, 0x0000, 0x0001, 0x0042, 0x0063, 0x0063, 0x08A4, 0x3209, 0x0021, 0x0000, 0x0042, 0x0042, 0x0083,
  0x1126, 0x1988, 0x2188, 0x4208, 0x0020, 0x0000, 0x0000, 0x18A3, 0x62A8, 0x9C2C, 0xC4CC, 0xE4C9, 0xF405, 0xFC85, 0xFEAA, 0xFD25,
  0x80C0, 0x0000, 0x0000, 0x0000, 0x0000, 0x0000, 0x0000, 0x0000, 0x0000, 0x0000, 0x0862, 0x0841, 0x0000, 0x0000, 0x0000, 0x0000,
  0x0000, 0x0000, 0x0000, 0x0021, 0x0021, 0x0000, 0x5208, 0xD305, 0xEBC1, 0xEB40, 0xFC62, 0xF322, 0xD1C4, 0xE283, 0x4860, 0x0000,
  0x0841, 0x424A, 0x42AC, 0x324B, 0x42EE, 0x4B6F, 0x5BCF, 0x7C70, 0x94B0, 0x9C90, 0xCCCD, 0xFD49, 0xFCC7, 0xFAC1, 0xFC06, 0xDA24,
  0x1000, 0x0000, 0x1925, 0x4B0D, 0x5BF1, 0x4B2E, 0x428C, 0x4AAC, 0x5B0C, 0x52AB, 0x4A29, 0x4A09, 0x39A7, 0x39A7, 0x51C7, 0x9227,
  0xB226, 0xD223, 0xF260, 0xE9E0, 0xD160, 0x9983, 0x5943, 0x4124, 0x3924, 0x3903, 0x4903, 0x68E1, 0xB960, 0xD960, 0xA8A0, 0x9020,
  0x8000, 0x6000, 0x5000, 0x7080, 0x90A0, 0x7060, 0x4000, 0x2800, 0x5020, 0xC0C1, 0x7060, 0x0000, 0x0000, 0x0000, 0x0001, 0x0042,
  0x0042, 0x10C4, 0x10A4, 0x18E5, 0x2946, 0x18C4, 0x3947, 0x49A8, 0x6229, 0x7AAB, 0x728A, 0x8B0C, 0xAC0F, 0xA36D, 0x7229, 0x7A49,
  0xB38D, 0x9B8E, 0x6AED, 0x526B, 0x39A8, 0x4987, 0x3925, 0x28C3, 0x28E3, 0x1081, 0x0000, 0x0000, 0x0000, 0x0000, 0x0000, 0x0000,
  0x0000, 0x0000, 0x0000, 0x0000, 0x0000, 0x0000, 0x0000, 0x0000, 0x0000, 0x0000, 0x0000, 0x0000, 0x0000, 0x0000, 0x0000, 0x0000,
  0x0000, 0x0000, 0x0000, 0x0000, 0x0000, 0x0000, 0x0000, 0x0000, 0x0000, 0x0000, 0x0000, 0x0000, 0x0000, 0x0000, 0x0000, 0x0000,
  0x0000, 0x0000, 0x0000, 0x0000, 0x0000, 0x0000, 0x0000, 0x0000, 0x0000, 0x0000, 0x0000, 0x0000, 0x0000, 0x0000, 0x0000, 0x0000,
  0x0000, 0x0000, 0x0000, 0x0000, 0x0000, 0x0000, 0x0000, 0x0000, 0x0000, 0x0000, 0x0000, 0x0000, 0x0000, 0x0000, 0x0000, 0x0000,
  0x0000, 0x0000, 0x0000, 0x0000, 0x0000, 0x0841, 0x18C4, 0x0000, 0x0041, 0x1083, 0x18E3, 0x3965, 0x5227, 0x69E7, 0xD225, 0xFB67,
  0x9020, 0x0083, 0x0042, 0x0000, 0x0001, 0x0021, 0x0042, 0x08A4, 0x0084, 0x29C8, 0x10C3, 0x0000, 0x0021, 0x0063, 0x08A4, 0x08E5,
  0x21C9, 0x1988, 0x424A, 0x0841, 0x0000, 0x1082, 0x5268, 0xA48D, 0xBCCD, 0xCC69, 0xECA7, 0xFBA2, 0xFCE7, 0xFECB, 0xFC83, 0x98E0,
  0x0000, 0x0020, 0x0000, 0x0000, 0x0000, 0x0000, 0x0000, 0x0000, 0x0000, 0x0000, 0x0821, 0x0000, 0x0000, 0x0000, 0x0000, 0x0000,
  0x0000, 0x0841, 0x0042, 0x0000, 0x0000, 0x4A08, 0xB32A, 0xEB22, 0xEBE1, 0xEC01, 0xFCC3, 0xE9A1, 0xE203, 0xB1C1, 0x0000, 0x0882,
  0x4A8B, 0x426B, 0x2A0A, 0x3AAC, 0x4B2F, 0x5BD0, 0x7C71, 0x8CB1, 0x8C6F, 0xA4B0, 0xD4CD, 0xFD2A, 0xFC27, 0xF2C2, 0xFC27, 0x98A0,
  0x0000, 0x428A, 0x5BB0, 0x3ACD, 0x3A6B, 0x426B, 0x424A, 0x4A49, 0x4208, 0x41C7, 0x41A7, 0x3987, 0x2946, 0x4166, 0x81A5, 0xC1C4,
  0xE1A1, 0xF1A0, 0xD100, 0xC040, 0xC080, 0x78C1, 0x40C2, 0x3924, 0x40E3, 0x60C1, 0xB120, 0xD160, 0xA0E0, 0x5020, 0x4000, 0x4000,
  0x4820, 0x6880, 0x88C0, 0x7080, 0x3800, 0x2000, 0x4820, 0x7040, 0xB080, 0x6860, 0x0000, 0x0000, 0x0021, 0x0042, 0x0042, 0x0043,
  0x0884, 0x18E5, 0x2105, 0x49A7, 0x6249, 0x6249, 0x932C, 0x9BAE, 0x7249, 0x834D, 0x51C8, 0x6ACC, 0x4A2A, 0x49C8, 0x61E8, 0x7269,
  0x6229, 0x3987, 0x3146, 0x49C8, 0x59A7, 0x8A48, 0x8226, 0x71E5, 0x5143, 0x4923, 0x1861, 0x0000, 0x0000, 0x0000, 0x0000, 0x0000,
  0x0000, 0x0000, 0x0000, 0x0000, 0x0000, 0x0000, 0x0000, 0x0000, 0x0000, 0x0000, 0x0000, 0x0000, 0x0000, 0x0000, 0x0000, 0x0000,
  0x0000, 0x0000, 0x0000, 0x0000, 0x0000, 0x0000, 0x0000, 0x0000, 0x0000, 0x0000, 0x0000, 0x0000, 0x0000, 0x0000, 0x0000, 0x0000,
  0x0000, 0x0000, 0x0000, 0x0000, 0x0000, 0x0000, 0x0000, 0x0000, 0x0000, 0x0000, 0x0000, 0x0000, 0x0000, 0x0000, 0x0000, 0x0000,
  0x0000, 0x0000, 0x0000, 0x0000, 0x0000, 0x0000, 0x0000, 0x0000, 0x0000, 0x0000, 0x0000, 0x0000, 0x0000, 0x0000, 0x0000, 0x0000,
  0x0000, 0x0000, 0x0000, 0x0000, 0x0020, 0x0841, 0x0000, 0x0842, 0x1083, 0x2104, 0x39A6, 0x5227, 0x5A48, 0x9944, 0xFB46, 0xE983,
  0x3800, 0x0021, 0x0000, 0x0001, 0x0042, 0x0043, 0x0063, 0x0063, 0x1947, 0x2987, 0x0000, 0x0000, 0x0022, 0x0884, 0x08A4, 0x1988,
  0x1148, 0x428B, 0x10A2, 0x0000, 0x31C6, 0x83CC, 0xACCE, 0xBCAB, 0xDCC9, 0xFCE6, 0xFB61, 0xFC22, 0xF606, 0xFC42, 0xA0A0, 0x0800,
  0x0000, 0x0000, 0x0000, 0x0000, 0x0000, 0x0000, 0x0000, 0x0000, 0x0000, 0x0000, 0x0000, 0x0000, 0x0000, 0x0000, 0x0000, 0x0000,
  0x0862, 0x0842, 0x0000, 0x0000, 0x39E7, 0x8B6C, 0xC2A6, 0xEAE1, 0xEBC1, 0xECC4, 0xFAE2, 0xE0E0, 0xEA62, 0x5060, 0x0882, 0x4A6B,
  0x422A, 0x31EA, 0x324B, 0x42ED, 0x536F, 0x6C10, 0x8471, 0x8470, 0x8C4F, 0x9C6F, 0xC48D, 0xECAB, 0xF3E9, 0xFBA7, 0xFBA7, 0x6040,
  0x3AAC, 0x534F, 0x3A6C, 0x3A4B, 0x3A0A, 0x3A09, 0x39C8, 0x3987, 0x3125, 0x3125, 0x3126, 0x2905, 0x3925, 0x6924, 0xB162, 0xE920,
  0xF120, 0xE880, 0xD000, 0xE0A1, 0xD840, 0x8881, 0x48C2, 0x58C2, 0xA100, 0xD160, 0xA8E0, 0x4820, 0x1800, 0x2800, 0x3020, 0x5860,
  0x7880, 0x6060, 0x4020, 0x2000, 0x3800, 0x5000, 0x6820, 0x8020, 0x4820, 0x0000, 0x0001, 0x0001, 0x0042, 0x0042, 0x0042, 0x0063,
  0x08A4, 0x1084, 0x3105, 0x7B0B, 0xB40F, 0x8AAA, 0x4966, 0x59A7, 0x3083, 0x38E4, 0x30E4, 0x3126, 0x1883, 0x3905, 0x28A3, 0x1842,
  0x2083, 0x59A7, 0x8A69, 0xA207, 0xD328, 0xDB06, 0xCA43, 0xA961, 0x88E0, 0x6860, 0x5041, 0x1020, 0x0000, 0x0000, 0x0000, 0x0000,
  0x0000, 0x0000, 0x0000, 0x0000, 0x0000, 0x0000, 0x0000, 0x0000, 0x0000, 0x0000, 0x0000, 0x0000, 0x0000, 0x0000, 0x0000, 0x0000,
  0x0000, 0x0000, 0x0000, 0x0000, 0x0000, 0x0000, 0x0000, 0x0000, 0x0000, 0x0000, 0x0000, 0x0000, 0x0000, 0x0000, 0x0000, 0x0000,
  0x0000, 0x0000, 0x0000, 0x0000, 0x0000, 0x0000, 0x0000, 0x0000, 0x0000, 0x0000, 0x0000, 0x0000, 0x0000, 0x0000, 0x0000, 0x0000,
  0x0000, 0x0000, 0x0000, 0x0000, 0x0000, 0x0000, 0x0000, 0x0000, 0x0000, 0x0000, 0x0000, 0x0000, 0x0000, 0x0000, 0x0000, 0x0000,
  0x0000, 0x0000, 0x0000, 0x0841, 0x0841, 0x0000, 0x0862, 0x1083, 0x2104, 0x4207, 0x5A68, 0x6289, 0x79C6, 0xDA24, 0xFB67, 0xA000,
  0x0000, 0x0000, 0x0000, 0x0042, 0x0063, 0x0064, 0x0084, 0x1947, 0x3A2A, 0x0021, 0x0000, 0x0021, 0x0042, 0x0083, 0x08A5, 0x08E6,
  0x3A4B, 0x2946, 0x1904, 0x5B2B, 0x8C4E, 0xBD0E, 0xDD6C, 0xED69, 0xFD47, 0xF341, 0xFB61, 0xFE06, 0xFBC0, 0xA0A0, 0x0800, 0x0020,
  0x0001, 0x0021, 0x0021, 0x0020, 0x0000, 0x0000, 0x0000, 0x0000, 0x0000, 0x0000, 0x0000, 0x0000, 0x0000, 0x0000, 0x0021, 0x0842,
  0x0021, 0x0000, 0x0020, 0x4208, 0x734C, 0x9B4B, 0xD2E7, 0xEB61, 0xECA3, 0xEC44, 0xE8E0, 0xF1C2, 0xC9C1, 0x2883, 0x4A4B, 0x39E9,
  0x31C9, 0x29EA, 0x3A8C, 0x430D, 0x5BAF, 0x6C10, 0x7C50, 0x740F, 0x7C0F, 0x940E, 0xBC8E, 0xC46E, 0xDBAB, 0xFBC8, 0xFAA4, 0x69A6,
  0x3AAD, 0x29C9, 0x320A, 0x31E9, 0x3A09, 0x31A7, 0x2925, 0x2905, 0x28E5, 0x28E4, 0x20E4, 0x28C4, 0x6124, 0x8902, 0xD0C0, 0xE080,
  0xD000, 0xD800, 0xE020, 0xD840, 0xA840, 0x7880, 0x90E0, 0xC160, 0xA920, 0x5040, 0x1800, 0x2020, 0x3820, 0x4840, 0x5040, 0x4840,
  0x3800, 0x3800, 0x4000, 0x4800, 0x6020, 0x4000, 0x3800, 0x2800, 0x0000, 0x0000, 0x0001, 0x0001, 0x0022, 0x0042, 0x0084, 0x08A5,
  0x10A4, 0x3925, 0x7228, 0x7A69, 0x7925, 0x9903, 0x7923, 0xA9E6, 0xA984, 0x6862, 0x7104, 0x28A3, 0x3104, 0x28A3, 0x3904, 0x5125,
  0x70A3, 0xCAA8, 0xEB8A, 0xF283, 0xF262, 0xEA00, 0xE221, 0xD100, 0xB8E0, 0x9121, 0x7900, 0x50A0, 0x1841, 0x0000, 0x0000, 0x0000,
  0x0000, 0x0000, 0x0000, 0x0000, 0x0000, 0x0000, 0x0000, 0x0000, 0x0000, 0x0000, 0x0000, 0x0000, 0x0000, 0x0000, 0x0000, 0x0000,
  0x0000, 0x0000, 0x0000, 0x0000, 0x0000, 0x0000, 0x0000, 0x0000, 0x0000, 0x0000, 0x0000, 0x0000, 0x0000, 0x0000, 0x0000, 0x0000,
  0x0000, 0x0000, 0x0000, 0x0000, 0x0000, 0x0000, 0x0000, 0x0000, 0x0000, 0x0000, 0x0000, 0x0000, 0x0000, 0x0000, 0x0000, 0x0000,
  0x0000, 0x0000, 0x0000, 0x0000, 0x0000, 0x0000, 0x0000, 0x0000, 0x0000, 0x0000, 0x0000, 0x0000, 0x0000, 0x0000, 0x0000, 0x0000,
  0x0000, 0x0000, 0x2104, 0x10A2, 0x0000, 0x0862, 0x10A3, 0x1904, 0x4207, 0x6288, 0x6AC9, 0x6249, 0xB164, 0xFB86, 0xF9C3, 0x5000,
  0x0021, 0x0021, 0x0063, 0x0063, 0x0042, 0x00A4, 0x08E6, 0x52ED, 0x1083, 0x0021, 0x0001, 0x0021, 0x0062, 0x08C5, 0x0906, 0x29E9,
  0x3A29, 0x4269, 0x8450, 0xA4CF, 0xD5AE, 0xF60C, 0xFDEA, 0xFE09, 0xFC21, 0xFB80, 0xFDC4, 0xFC21, 0xA8A0, 0x0800, 0x0000, 0x0821,
  0x0001, 0x0021, 0x0021, 0x1083, 0x0842, 0x0000, 0x0000, 0x0000, 0x0000, 0x0000, 0x0000, 0x0000, 0x0041, 0x0842, 0x0021, 0x0000,
  0x0000, 0x0841, 0x4249, 0x736C, 0x834C, 0xAB4B, 0xEB85, 0xFCC4, 0xFD86, 0xFAC2, 0xE0A0, 0xFA62, 0x9122, 0x41EA, 0x41E9, 0x31A8,
  0x29A9, 0x2A0A, 0x42CD, 0x534E, 0x63CF, 0x7410, 0x6BEF, 0x63AF, 0x6BAE, 0x8C0E, 0xAC6E, 0xAC4F, 0xC38B, 0xFBE9, 0xF203, 0x51A7,
  0x29EA, 0x29A9, 0x29A8, 0x31C8, 0x3187, 0x2945, 0x28E5, 0x28E4, 0x20A4, 0x18A3, 0x30C3, 0x48E3, 0x68E3, 0x9081, 0xB040, 0xA820,
  0xB020, 0xA820, 0x9820, 0x8000, 0x9060, 0xB100, 0x9900, 0x5060, 0x1800, 0x1800, 0x3040, 0x3020, 0x4020, 0x4020, 0x4000, 0x4000,
  0x4020, 0x3820, 0x3800, 0x2800, 0x2000, 0x2000, 0x1000, 0x0000, 0x0000, 0x0001, 0x0001, 0x0042, 0x0042, 0x0043, 0x08A5, 0x18E5,
  0x28A3, 0x4104, 0x38C3, 0x5083, 0xA0E3, 0xFA44, 0xE1A4, 0xC123, 0x78A2, 0x4082, 0x30A3, 0x30C4, 0x4904, 0x40A2, 0x68E3, 0xD1A3,
  0xF223, 0xFB05, 0xF180, 0xF1E0, 0xF240, 0xF2E1, 0xF261, 0xE9A1, 0xE283, 0xC1E2, 0xA100, 0x7880, 0x5881, 0x28A2, 0x0000, 0x0000,
  0x0000, 0x0000, 0x0000, 0x0000, 0x0000, 0x0000, 0x0000, 0x0000, 0x0000, 0x0000, 0x0000, 0x0000, 0x0000, 0x0000, 0x0000, 0x0000,
  0x0000, 0x0000, 0x0000, 0x0000, 0x0000, 0x0000, 0x0000, 0x0000, 0x0000, 0x0000, 0x0000, 0x0000, 0x0000, 0x0000, 0x0000, 0x0000,
  0x0000, 0x0000, 0x0000, 0x0000, 0x0000, 0x0000, 0x0000, 0x0000, 0x0000, 0x0000, 0x0000, 0x0000, 0x0000, 0x0000, 0x0000, 0x0000,
  0x0000, 0x0000, 0x0000, 0x0000, 0x0000, 0x0000, 0x0000, 0x0000, 0x0000, 0x0000, 0x0000, 0x0000, 0x0000, 0x0000, 0x0000, 0x0000,
  0x0000, 0x2104, 0x18E3, 0x0000, 0x0862, 0x0883, 0x1904, 0x4207, 0x6288, 0x6AC9, 0x6289, 0x81E7, 0xE9A2, 0xFB24, 0xD020, 0x1000,
  0x0021, 0x0042, 0x0884, 0x0042, 0x08C5, 0x0884, 0x428C, 0x1925, 0x0001, 0x0021, 0x0021, 0x0063, 0x0906, 0x0906, 0x1967, 0x3A6B,
  0x5B6D, 0x8C90, 0xAD0F, 0xE60D, 0xFE8B, 0xF62C, 0xF66D, 0xEC62, 0xEC62, 0xED42, 0xFC00, 0xA8A0, 0x0800, 0x0020, 0x0020, 0x0000,
  0x0000, 0x0000, 0x0000, 0x0000, 0x0841, 0x0000, 0x0000, 0x0000, 0x0000, 0x0841, 0x0021, 0x0021, 0x0042, 0x0021, 0x0000, 0x0000,
  0x10A2, 0x426A, 0x632C, 0x7B4C, 0x8B6C, 0xC388, 0xFC44, 0xF62A, 0xFCC6, 0xE0C0, 0xE162, 0xEA01, 0x5966, 0x39C9, 0x3188, 0x29A8,
  0x21A9, 0x326C, 0x4B0D, 0x5B8F, 0x63AF, 0x63CF, 0x5B8E, 0x5B4E, 0x636D, 0x7BCE, 0x9C2E, 0x9C2F, 0xCBCB, 0xFBE9, 0xE1A2, 0x3987,
  0x29A9, 0x2967, 0x2967, 0x2966, 0x2105, 0x20C4, 0x28C4, 0x1883, 0x1883, 0x38C3, 0x3882, 0x3882, 0x6061, 0x7820, 0x6820, 0x6800,
  0x6800, 0x6000, 0x8020, 0xA080, 0x98C0, 0x5060, 0x1800, 0x1000, 0x1800, 0x2820, 0x2820, 0x4020, 0x5840, 0x5020, 0x4020, 0x3000,
  0x1800, 0x1000, 0x1000, 0x1000, 0x1000, 0x0000, 0x0000, 0x0000, 0x0000, 0x0000, 0x0001, 0x0022, 0x0063, 0x10C5, 0x10A4, 0x20E4,
  0x2083, 0x2062, 0x40A3, 0x68A3, 0xC943, 0xA8C1, 0x6801, 0x5082, 0x28A2, 0x1862, 0x3062, 0x6082, 0x9881, 0xC8C1, 0xE121, 0xF940,
  0xFAC3, 0xFB24, 0xF2E3, 0xF1A1, 0xFA21, 0xFAA3, 0xF1A1, 0xF121, 0xE8E1, 0xB840, 0x8800, 0x6800, 0x4800, 0x4082, 0x20E3, 0x0000,
  0x0000, 0x0000, 0x0000, 0x0000, 0x0000, 0x0000, 0x0000, 0x0000, 0x0000, 0x0000, 0x0000, 0x0000, 0x0000, 0x0000, 0x0000, 0x0000,
  0x0000, 0x0000, 0x0000, 0x0000, 0x0000, 0x0000, 0x0000, 0x0000, 0x0000, 0x0000, 0x0000, 0x0000, 0x0000, 0x0000, 0x0000, 0x0000,
  0x0000, 0x0000, 0x0000, 0x0000, 0x0000, 0x0000, 0x0000, 0x0000, 0x0000, 0x0000, 0x0000, 0x0000, 0x0000, 0x0000, 0x0000, 0x0000,
  0x0000, 0x0000, 0x0000, 0x0000, 0x0000, 0x0000, 0x0000, 0x0000, 0x0000, 0x0000, 0x0000, 0x0000, 0x0000, 0x0000, 0x0000, 0x0000,
  0x2104, 0x10A2, 0x0000, 0x0862, 0x10A3, 0x1904, 0x41E7, 0x62A9, 0x72E9, 0x6289, 0x6269, 0xB984, 0xFA82, 0xF941, 0x8000, 0x0021,
  0x0042, 0x0022, 0x08A5, 0x0884, 0x10E6, 0x3A4B, 0x1905, 0x0000, 0x0021, 0x0022, 0x0063, 0x08C5, 0x1127, 0x1127, 0x428B, 0x6BAE,
  0x94B0, 0xBD50, 0xEE4E, 0xFEAA, 0xFECE, 0xF6F0, 0xED03, 0xEBE0, 0xED43, 0xFC02, 0xB0A0, 0x1000, 0x0000, 0x0821, 0x0000, 0x0000,
  0x0000, 0x0000, 0x0000, 0x0000, 0x0000, 0x0000, 0x0000, 0x0021, 0x0021, 0x0841, 0x0021, 0x0000, 0x0862, 0x0021, 0x0000, 0x1904,
  0x4ACB, 0x5B0C, 0x7B8D, 0x838D, 0xA36A, 0xF404, 0xFD27, 0xF5CA, 0xF222, 0xC881, 0xF1E2, 0xA922, 0x31A8, 0x39A8, 0x31A8, 0x2188,
  0x2A0A, 0x42CC, 0x534D, 0x534E, 0x638F, 0x536E, 0x532D, 0x530D, 0x5B4D, 0x738E, 0x9C70, 0x9C2F, 0xE42C, 0xFBC8, 0xC961, 0x2967,
  0x2147, 0x2126, 0x2925, 0x20E4, 0x18A3, 0x20A3, 0x1883, 0x1062, 0x2083, 0x2082, 0x2841, 0x4840, 0x5020, 0x4820, 0x4800, 0x3000,
  0x4800, 0x9040, 0x9880, 0x5840, 0x1800, 0x1000, 0x1800, 0x1800, 0x3020, 0x3840, 0x4840, 0x4840, 0x3840, 0x2000, 0x0800, 0x0800,
  0x0800, 0x0800, 0x0000, 0x0000, 0x0000, 0x0000, 0x0000, 0x0000, 0x0000, 0x0000, 0x0021, 0x0022, 0x0042, 0x10A4, 0x1083, 0x1042,
  0x2062, 0x2062, 0x4082, 0x5082, 0x3821, 0x3041, 0x1841, 0x2041, 0x3021, 0x6041, 0x8841, 0xB061, 0xE060, 0xE880, 0xD0E1, 0xD060,
  0xF8C0, 0xF8E0, 0xF1A2, 0xD121, 0xC060, 0xC020, 0xC800, 0xA800, 0x7800, 0x7800, 0x6820, 0x5000, 0x3000, 0x1000, 0x20C3, 0x2104,
  0x0000, 0x0000, 0x0000, 0x0000, 0x0000, 0x0000, 0x0000, 0x0000, 0x0000, 0x0000, 0x0000, 0x0000, 0x0000, 0x0000, 0x0000, 0x0000,
  0x0000, 0x0000, 0x0000, 0x0000, 0x0000, 0x0000, 0x0000, 0x0000, 0x0000, 0x0000, 0x0000, 0x0000, 0x0000, 0x0000, 0x0000, 0x0000,
  0x0000, 0x0000, 0x0000, 0x0000, 0x0000, 0x0000, 0x0000, 0x0000, 0x0000, 0x0000, 0x0000, 0x0000, 0x0000, 0x0000, 0x0000, 0x0000,
  0x0000, 0x0000, 0x0000, 0x0000, 0x0000, 0x0000, 0x0000, 0x0000, 0x0000, 0x0000, 0x0000, 0x0000, 0x0000, 0x0000, 0x0000, 0x10A2,
  0x18E3, 0x0000, 0x0862, 0x0883, 0x18E4, 0x39E7, 0x62CA, 0x730A, 0x6ACA, 0x6289, 0x8A07, 0xE9E3, 0xFBC5, 0xE040, 0x3000, 0x0021,
  0x0042, 0x0062, 0x0883, 0x08C5, 0x29C9, 0x18E4, 0x0021, 0x0042, 0x0021, 0x0063, 0x0084, 0x08A5, 0x21A8, 0x534D, 0x7C50, 0x94F1,
  0xB571, 0xEE70, 0xFECC, 0xF6EF, 0xFF95, 0xFDA5, 0xFCE1, 0xFD84, 0xFC00, 0xC0C0, 0x1800, 0x0000, 0x0000, 0x0000, 0x0000, 0x0000,
  0x0000, 0x0000, 0x0000, 0x0842, 0x0000, 0x0842, 0x2126, 0x0000, 0x0000, 0x0000, 0x0021, 0x0000, 0x0000, 0x0000, 0x29A7, 0x52EC,
  0x5B0C, 0x73AE, 0x7BAE, 0x93AD, 0xE3C7, 0xFC85, 0xF60B, 0xFB24, 0xC040, 0xC941, 0xE960, 0x6105, 0x31C9, 0x31A8, 0x2188, 0x2188,
  0x324B, 0x42CC, 0x4B0D, 0x534E, 0x534E, 0x4B0D, 0x4AED, 0x530D, 0x530D, 0x738E, 0x83EF, 0xA3CD, 0xF46B, 0xFAE5, 0xA921, 0x1905,
  0x2926, 0x2105, 0x20C4, 0x1883, 0x1863, 0x1862, 0x1062, 0x1862, 0x1862, 0x2041, 0x4020, 0x4020, 0x3820, 0x4800, 0x4000, 0x6820,
  0xA080, 0x6840, 0x2000, 0x0800, 0x1800, 0x1800, 0x2820, 0x4040, 0x4061, 0x3040, 0x1820, 0x0000, 0x0000, 0x0800, 0x0800, 0x0000,
  0x0000, 0x0000, 0x0000, 0x0000, 0x0000, 0x0000, 0x0000, 0x0000, 0x0021, 0x0000, 0x0021, 0x0862, 0x0021, 0x0021, 0x0842, 0x1062,
  0x1862, 0x1041, 0x2041, 0x2041, 0x2041, 0x3861, 0x3000, 0x5000, 0x8820, 0x8820, 0x7020, 0x7020, 0x9020, 0x9000, 0xA061, 0xA040,
  0xA820, 0x9800, 0x8800, 0x6800, 0x6800, 0x8020, 0x7800, 0x5800, 0x4000, 0x4000, 0x2000, 0x1000, 0x1000, 0x1000, 0x0800, 0x1861,
  0x0840, 0x0000, 0x0000, 0x0000, 0x0000, 0x0000, 0x0000, 0x0000, 0x0000, 0x0000, 0x0000, 0x0000, 0x0000, 0x0000, 0x0000, 0x0000,
  0x0000, 0x0000, 0x0000, 0x0000, 0x0000, 0x0000, 0x0000, 0x0000, 0x0000, 0x0000, 0x0000, 0x0000, 0x0000, 0x0000, 0x0000, 0x0000,
  0x0000, 0x0000, 0x0000, 0x0000, 0x0000, 0x0000, 0x0000, 0x0000, 0x0000, 0x0000, 0x0000, 0x0000, 0x0000, 0x0000, 0x0000, 0x0000,
  0x0000, 0x0000, 0x0000, 0x0000, 0x0000, 0x0000, 0x0000, 0x0000, 0x0000, 0x0000, 0x0000, 0x0000, 0x0000, 0x0000, 0x0841, 0x0841,
  0x0000, 0x0041, 0x0883, 0x18E4, 0x31C7, 0x5AC9, 0x6B0A, 0x6AEA, 0x6AAA, 0x7A89, 0xC184, 0xFB24, 0xFAA4, 0xB000, 0x0821, 0x0863,
  0x0883, 0x0022, 0x08A4, 0x2167, 0x0862, 0x0021, 0x0062, 0x0000, 0x0063, 0x0063, 0x08A4, 0x2A09, 0x63AF, 0x8491, 0x94F2, 0xB592,
  0xEE91, 0xFF0F, 0xFF32, 0xFFB4, 0xFDC5, 0xF480, 0xFD42, 0xFC01, 0xD0E0, 0x1800, 0x0000, 0x0000, 0x0000, 0x0000, 0x0000, 0x0000,
  0x0000, 0x0000, 0x0000, 0x0020, 0x0862, 0x31C8, 0x1083, 0x0020, 0x0021, 0x0000, 0x0000, 0x0000, 0x0882, 0x426A, 0x530D, 0x5B0C,
  0x738E, 0x7BCE, 0x7B4D, 0xC3EB, 0xFC47, 0xF58B, 0xFC47, 0xD8C0, 0x90C2, 0xE121, 0x98A1, 0x39A8, 0x39C9, 0x2967, 0x1947, 0x29C9,
  0x3A8C, 0x428B, 0x4B0D, 0x532D, 0x42ED, 0x42CD, 0x4ACC, 0x4ACC, 0x52ED, 0x736D, 0x83EE, 0xCBAB, 0xFCAC, 0xF9E2, 0x8101, 0x10C5,
  0x20E5, 0x18A4, 0x1063, 0x1042, 0x1042, 0x0841, 0x0841, 0x2082, 0x3041, 0x4820, 0x3800, 0x4800, 0x7800, 0x8000, 0x7000, 0x6020,
  0x2800, 0x0800, 0x1000, 0x1800, 0x2820, 0x3840, 0x3040, 0x1820, 0x0000, 0x0000, 0x0000, 0x0000, 0x0000, 0x0000, 0x0000, 0x0000,
  0x0000, 0x0000, 0x0000, 0x0000, 0x0000, 0x0000, 0x0000, 0x0000, 0x0021, 0x0000, 0x0001, 0x0000, 0x0000, 0x0000, 0x0821, 0x0820,
  0x1020, 0x1000, 0x1800, 0x2800, 0x3800, 0x4800, 0x5000, 0x5000, 0x5800, 0x5000, 0x4800, 0x5000, 0x5000, 0x6000, 0x6840, 0x5000,
  0x3800, 0x3800, 0x3800, 0x4800, 0x3800, 0x3000, 0x3000, 0x3000, 0x2800, 0x2000, 0x2000, 0x2000, 0x2800, 0x2800, 0x2800, 0x1800,
  0x2082, 0x1061, 0x0000, 0x0000, 0x0000, 0x0000, 0x0000, 0x0000, 0x0000, 0x0000, 0x0000, 0x0000, 0x0000, 0x0000, 0x0000, 0x0000,
  0x0000, 0x0000, 0x0000, 0x0000, 0x0000, 0x0000, 0x0000, 0x0000, 0x0000, 0x0000, 0x0000, 0x0000, 0x0000, 0x0000, 0x0000, 0x0000,
  0x0000, 0x0000, 0x0000, 0x0000, 0x0000, 0x0000, 0x0000, 0x0000, 0x0000, 0x0000, 0x0000, 0x0000, 0x0000, 0x0000, 0x0000, 0x0000,
  0x0000, 0x0000, 0x0000, 0x0000, 0x0000, 0x0000, 0x0000, 0x0000, 0x0000, 0x0000, 0x0000, 0x0000, 0x0000, 0x1082, 0x1082, 0x0000,
  0x0042, 0x0883, 0x10E4, 0x31A7, 0x52AA, 0x62EA, 0x5AAA, 0x6ACA, 0x72AA, 0x9A47, 0xE982, 0xF3C6, 0xF8C0, 0x7000, 0x0062, 0x0863,
  0x0043, 0x1906, 0x10C4, 0x0842, 0x1905, 0x0042, 0x0000, 0x0022, 0x0084, 0x10E5, 0x3A4A, 0x63AF, 0x84D2, 0x8CD2, 0xA532, 0xE670,
  0xFF52, 0xFF75, 0xFFD6, 0xFDE6, 0xF3E0, 0xFD43, 0xFC41, 0xD900, 0x2800, 0x0000, 0x0000, 0x0000, 0x0000, 0x0000, 0x0000, 0x0021,
  0x0862, 0x0000, 0x0000, 0x0861, 0x3187, 0x0861, 0x0000, 0x0000, 0x0000, 0x0000, 0x0000, 0x2125, 0x4ACC, 0x530D, 0x5B4E, 0x73AE,
  0x83EF, 0x734D, 0xB3CC, 0xFC28, 0xF4A9, 0xFCA9, 0xE940, 0x98A2, 0xB122, 0xC8A0, 0x4904, 0x422A, 0x3168, 0x2127, 0x2167, 0x322A,
  0x42AC, 0x42AB, 0x532D, 0x4AEC, 0x42AC, 0x428C, 0x42AC, 0x3A8B, 0x4ACC, 0x7BAE, 0x9BEE, 0xE42B, 0xFBE9, 0xF960, 0x5102, 0x1084,
  0x18A3, 0x1062, 0x0842, 0x0841, 0x0821, 0x1041, 0x0821, 0x2820, 0x4820, 0x4800, 0x6800, 0xA820, 0x9800, 0x6000, 0x2800, 0x1000,
  0x1000, 0x1800, 0x2800, 0x3020, 0x2020, 0x0800, 0x0000, 0x0000, 0x0000, 0x0000, 0x0000, 0x0000, 0x0000, 0x0000, 0x0000, 0x0000,
  0x0000, 0x0000, 0x0000, 0x0000, 0x0000, 0x0000, 0x0000, 0x0000, 0x0000, 0x0000, 0x0000, 0x0000, 0x0000, 0x0800, 0x1000, 0x1000,
  0x1800, 0x2000, 0x2800, 0x2800, 0x2800, 0x2000, 0x1800, 0x1800, 0x1800, 0x1800, 0x2800, 0x3000, 0x3000, 0x3000, 0x2800, 0x2800,
  0x3000, 0x3000, 0x2800, 0x2800, 0x2000, 0x2000, 0x2000, 0x2000, 0x1800, 0x1000, 0x1800, 0x1800, 0x1800, 0x1800, 0x1000, 0x0800,
  0x0000, 0x18E3, 0x0841, 0x0000, 0x0000, 0x0000, 0x0000, 0x0000, 0x0000, 0x0000, 0x0000, 0x0000, 0x0000, 0x0000, 0x0000, 0x0000,
  0x0000, 0x0000, 0x0000, 0x0000, 0x0000, 0x0000, 0x0000, 0x0000, 0x0000, 0x0000, 0x0000, 0x0000, 0x0000, 0x0000, 0x0000, 0x0000,
  0x0000, 0x0000, 0x0000, 0x0000, 0x0000, 0x0000, 0x0000, 0x0000, 0x0000, 0x0000, 0x0000, 0x0000, 0x0000, 0x0000, 0x0000, 0x0000,
  0x0000, 0x0000, 0x0000, 0x0000, 0x0000, 0x0000, 0x0000, 0x0000, 0x0000, 0x0000, 0x0000, 0x0000, 0x0020, 0x18C3, 0x0000, 0x0042,
  0x0883, 0x10E4, 0x2987, 0x4269, 0x5AEB, 0x52AA, 0x5ACA, 0x7AEA, 0x82C9, 0xC9C4, 0xFAE4, 0xFB45, 0xE000, 0x3000, 0x0021, 0x0842,
  0x1906, 0x0863, 0x0000, 0x0863, 0x0883, 0x0001, 0x0022, 0x0063, 0x10E6, 0x42AC, 0x6C10, 0x84B2, 0x8491, 0x9D12, 0xD5F0, 0xFF32,
  0xFF96, 0xFFB5, 0xFE07, 0xF360, 0xFC21, 0xFCE2, 0xE961, 0x3800, 0x0000, 0x0000, 0x0000, 0x0000, 0x0000, 0x0021, 0x0862, 0x0000,
  0x0000, 0x0000, 0x10A3, 0x1905, 0x0841, 0x0000, 0x0000, 0x0000, 0x0000, 0x0841, 0x31E8, 0x52ED, 0x4AEC, 0x636E, 0x7BEF, 0x83EF,
  0x738E, 0x9BAD, 0xF44A, 0xF448, 0xF488, 0xF161, 0x9881, 0x80C3, 0xD0A1, 0x8061, 0x39C8, 0x39A8, 0x2126, 0x2147, 0x29E9, 0x3A8B,
  0x3A8B, 0x4ACC, 0x52EC, 0x428B, 0x3A6B, 0x428B, 0x3A6B, 0x428B, 0x5B0C, 0x7B8E, 0xB36B, 0xFCCC, 0xFA84, 0xD960, 0x20A2, 0x1063,
  0x1862, 0x0821, 0x0821, 0x0821, 0x0821, 0x1041, 0x2820, 0x4820, 0x4800, 0x7000, 0xA020, 0x8800, 0x4000, 0x1000, 0x1000, 0x1800,
  0x2020, 0x2020, 0x1020, 0x0000, 0x0000, 0x0000, 0x0000, 0x0000, 0x0000, 0x0000, 0x0000, 0x0000, 0x0000, 0x0000, 0x0000, 0x0000,
  0x0000, 0x0000, 0x0000, 0x0000, 0x0000, 0x0000, 0x0000, 0x0000, 0x0000, 0x0000, 0x0800, 0x0800, 0x1000, 0x1000, 0x1000, 0x1000,
  0x1000, 0x1000, 0x1000, 0x1000, 0x1000, 0x1000, 0x1800, 0x2000, 0x2000, 0x2800, 0x2800, 0x2000, 0x2000, 0x2000, 0x2000, 0x1800,
  0x1000, 0x0800, 0x0800, 0x0800, 0x0800, 0x0800, 0x0000, 0x0000, 0x0000, 0x0800, 0x0800, 0x0800, 0x0800, 0x0800, 0x0800, 0x0800,
  0x0800, 0x0800, 0x18A2, 0x0841, 0x0000, 0x0000, 0x0000, 0x0000, 0x0000, 0x0000, 0x0000, 0x0000, 0x0000, 0x0000, 0x0000, 0x0000,
  0x0000, 0x0000, 0x0000, 0x0000, 0x0000, 0x0000, 0x0000, 0x0000, 0x0000, 0x0000, 0x0000, 0x0000, 0x0000, 0x0000, 0x0000, 0x0000,
  0x0000, 0x0000, 0x0000, 0x0000, 0x0000, 0x0000, 0x0000, 0x0000, 0x0000, 0x0000, 0x0000, 0x0000, 0x0000, 0x0000, 0x0000, 0x0000,
  0x0000, 0x0000, 0x0000, 0x0000, 0x0000, 0x0000, 0x0000, 0x0000, 0x0000, 0x0000, 0x0000, 0x0841, 0x0861, 0x0000, 0x0041, 0x0862,
  0x10A4, 0x2166, 0x426A, 0x52CB, 0x52CB, 0x52CA, 0x6ACA, 0x7ACA, 0xAAA8, 0xE9A2, 0xF447, 0xFA02, 0xB000, 0x0000, 0x10A4, 0x10C4,
  0x0021, 0x08A3, 0x0042, 0x0001, 0x0000, 0x0021, 0x0063, 0x10E6, 0x3A6B, 0x6C10, 0x8CF3, 0x7C50, 0x94D2, 0xD5F2, 0xFF12, 0xFF96,
  0xFFB6, 0xFE28, 0xF3C0, 0xF361, 0xFD24, 0xF201, 0x5000, 0x0000, 0x0000, 0x0000, 0x0000, 0x0041, 0x0000, 0x0862, 0x0883, 0x0000,
  0x0000, 0x10C4, 0x2125, 0x0000, 0x0000, 0x0000, 0x0000, 0x0000, 0x2125, 0x428B, 0x4ACC, 0x530C, 0x6B8D, 0x840F, 0x9470, 0x738E,
  0x9B8C, 0xEC0A, 0xFC49, 0xF4A9, 0xFA02, 0xA861, 0x68A2, 0xA8A2, 0xB020, 0x40E4, 0x39C8, 0x2106, 0x2106, 0x2188, 0x3A4B, 0x428B,
  0x428B, 0x4ACC, 0x4AAC, 0x3A6B, 0x3A6B, 0x3A4B, 0x3A6B, 0x52EC, 0x6B4D, 0x9B4C, 0xEBC9, 0xFC6A, 0xF960, 0x9982, 0x0021, 0x1042,
  0x0821, 0x0021, 0x0821, 0x1021, 0x1020, 0x2820, 0x4820, 0x4800, 0x7000, 0x8800, 0x5000, 0x2000, 0x1000, 0x1800, 0x2000, 0x1800,
  0x0800, 0x0000, 0x0000, 0x0000, 0x0000, 0x0000, 0x0000, 0x0000, 0x0000, 0x0020, 0x0000, 0x0000, 0x0000, 0x0000, 0x0000, 0x0000,
  0x0000, 0x0000, 0x0000, 0x0000, 0x0000, 0x0000, 0x0000, 0x0800, 0x0800, 0x0800, 0x1000, 0x1000, 0x1000, 0x1000, 0x1000, 0x1000,
  0x1800, 0x1000, 0x1000, 0x1000, 0x1000, 0x1000, 0x1000, 0x1000, 0x0800, 0x0800, 0x0800, 0x0000, 0x0000, 0x0000, 0x0000, 0x0000,
  0x0000, 0x0000, 0x0000, 0x0000, 0x0000, 0x0000, 0x0000, 0x0800, 0x0800, 0x0800, 0x1000, 0x1000, 0x1000, 0x1000, 0x0800, 0x0800,
  0x0800, 0x0800, 0x0820, 0x18A3, 0x0000, 0x0000, 0x0000, 0x0000, 0x0000, 0x0000, 0x0000, 0x0000, 0x0000, 0x0000, 0x0000, 0x0000,
  0x0000, 0x0000, 0x0000, 0x0000, 0x0000, 0x0000, 0x0000, 0x0000, 0x0000, 0x0000, 0x0000, 0x0000, 0x0000, 0x0000, 0x0000, 0x0000,
  0x0000, 0x0000, 0x0000, 0x0000, 0x0000, 0x0000, 0x0000, 0x0000, 0x0000, 0x0000, 0x0000, 0x0000, 0x0000, 0x0000, 0x0000, 0x0000,
  0x0000, 0x0000, 0x0000, 0x0000, 0x0000, 0x0000, 0x0000, 0x0000, 0x0000, 0x0000, 0x0000, 0x18C3, 0x0020, 0x0041, 0x0862, 0x10C4,
  0x1926, 0x3A09, 0x4AAA, 0x52CB, 0x4AAA, 0x5AAA, 0x72C9, 0x8AC9, 0xD203, 0xFAC3, 0xF447, 0xF920, 0x6800, 0x0083, 0x0862, 0x0021,
  0x0883, 0x0863, 0x0021, 0x0021, 0x0021, 0x0001, 0x10E5, 0x3A6B, 0x63F0, 0x84D2, 0x7410, 0x8450, 0xC550, 0xF6F2, 0xFF96, 0xFFB6,
  0xFE89, 0xFBC0, 0xFB41, 0xFCA3, 0xFA21, 0x6800, 0x0000, 0x0000, 0x0000, 0x0000, 0x0000, 0x0020, 0x0000, 0x0000, 0x0000, 0x0021,
  0x1905, 0x1083, 0x0000, 0x0000, 0x0000, 0x0000, 0x18E3, 0x3A4A, 0x4ACC, 0x4AAB, 0x6B8D, 0x840E, 0x942F, 0x9470, 0x7BAE, 0x934C,
  0xEC0A, 0xFBA7, 0xFC07, 0xFA23, 0xB820, 0x7082, 0x90A2, 0xC841, 0x6041, 0x3187, 0x2926, 0x20E5, 0x2126, 0x3209, 0x4AAB, 0x52AB,
  0x5AAB, 0x426B, 0x3A6B, 0x3A6B, 0x3A4B, 0x3A2A, 0x4AAC, 0x5AEC, 0x8B2C, 0xE328, 0xFCAB, 0xF1E2, 0xF181, 0x5102, 0x0001, 0x0821,
  0x0001, 0x0000, 0x1020, 0x1820, 0x3020, 0x4800, 0x4000, 0x6000, 0x5000, 0x2000, 0x1000, 0x1800, 0x2000, 0x1000, 0x0000, 0x0000,
  0x0000, 0x0000, 0x0000, 0x0000, 0x0000, 0x0000, 0x0000, 0x0000, 0x0841, 0x0000, 0x0000, 0x0000, 0x0000, 0x0000, 0x0000, 0x0000,
  0x0000, 0x0000, 0x0000, 0x0000, 0x0000, 0x0000, 0x0000, 0x0000, 0x0000, 0x0000, 0x0000, 0x0000, 0x0000, 0x0800, 0x0800, 0x0800,
  0x0000, 0x0000, 0x0000, 0x0000, 0x0000, 0x0000, 0x0000, 0x0000, 0x0000, 0x0000, 0x0000, 0x0000, 0x0000, 0x0000, 0x0000, 0x0000,
  0x0000, 0x0000, 0x0000, 0x0000, 0x0000, 0x0801, 0x0821, 0x1041, 0x1041, 0x1041, 0x0821, 0x0800, 0x0000, 0x0000, 0x0000, 0x0000,
  0x0000, 0x0000, 0x0000, 0x0020, 0x10A2, 0x0000, 0x0000, 0x0000, 0x0000, 0x0000, 0x0000, 0x0000, 0x0000, 0x0000, 0x0000, 0x0000,
  0x0000, 0x0000, 0x0000, 0x0000, 0x0000, 0x0000, 0x0000, 0x0000, 0x0000, 0x0000, 0x0000, 0x0000, 0x0000, 0x0000, 0x0000, 0x0000,
  0x0000, 0x0000, 0x0000, 0x0000, 0x0000, 0x0000, 0x0000, 0x0000, 0x0000, 0x0000, 0x0000, 0x0000, 0x0000, 0x0000, 0x0000, 0x0000,
  0x0000, 0x0000, 0x0000, 0x0000, 0x0000, 0x0000, 0x0000, 0x0000, 0x0000, 0x0000, 0x10A2, 0x0020, 0x0021, 0x0842, 0x08A4, 0x1926,
  0x31E8, 0x4AAA, 0x4ACB, 0x42AB, 0x52CB, 0x6ACA, 0x82EA, 0xA2A8, 0xE9C0, 0xFC27, 0xFB64, 0xE080, 0x3000, 0x0021, 0x0021, 0x08A4,
  0x0042, 0x0000, 0x0000, 0x0883, 0x0021, 0x10C5, 0x322B, 0x63D0, 0x7451, 0x638E, 0x6BAF, 0xACAF, 0xEE70, 0xFF95, 0xFFB6, 0xFE6A,
  0xF3A0, 0xFB81, 0xFC01, 0xFA81, 0x8000, 0x0000, 0x0000, 0x0000, 0x0000, 0x0000, 0x0000, 0x0000, 0x0000, 0x0000, 0x0842, 0x1083,
  0x0841, 0x0000, 0x0000, 0x0000, 0x18C3, 0x3A09, 0x4AED, 0x4ACC, 0x52CB, 0x83EE, 0x9450, 0x942F, 0x942F, 0x836D, 0xB34B, 0xF3E8,
  0xFB65, 0xFB64, 0xFA84, 0xC020, 0x7841, 0x7061, 0xB841, 0x8800, 0x28E4, 0x2926, 0x20E5, 0x2106, 0x31A8, 0x4A6A, 0x526A, 0x5A8B,
  0x528B, 0x3A6B, 0x3A2A, 0x3A2A, 0x422A, 0x4A8B, 0x52AB, 0x82AB, 0xDA87, 0xFC29, 0xFB25, 0xF8E0, 0xC1C3, 0x1021, 0x0021, 0x0000,
  0x0000, 0x0820, 0x1820, 0x3020, 0x3800, 0x3800, 0x4000, 0x3000, 0x1000, 0x1000, 0x1820, 0x1020, 0x0000, 0x0000, 0x0000, 0x0000,
  0x0000, 0x0000, 0x0001, 0x0021, 0x0000, 0x0842, 0x0842, 0x0000, 0x0000, 0x0001, 0x0001, 0x0021, 0x0042, 0x0021, 0x0001, 0x0042,
  0x0042, 0x0042, 0x0021, 0x0022, 0x0021, 0x0021, 0x0021, 0x0021, 0x0000, 0x0861, 0x0862, 0x0861, 0x0020, 0x0000, 0x0000, 0x0000,
  0x0000, 0x0000, 0x0000, 0x0000, 0x0000, 0x0000, 0x0000, 0x0000, 0x0000, 0x0000, 0x0000, 0x0000, 0x0000, 0x0000, 0x0000, 0x0000,
  0x0000, 0x0000, 0x0001, 0x0821, 0x1042, 0x1062, 0x1041, 0x1041, 0x0820, 0x0000, 0x0000, 0x0000, 0x0000, 0x0000, 0x0000, 0x0000,
  0x0000, 0x0000, 0x0000, 0x0000, 0x0841, 0x1082, 0x0000, 0x0000, 0x0000, 0x0000, 0x0000, 0x0000, 0x0000, 0x0000, 0x0000, 0x0000,
  0x0000, 0x0000, 0x0000, 0x0000, 0x0000, 0x0000, 0x0000, 0x0000, 0x0000, 0x0000, 0x0000, 0x0000, 0x0000, 0x0000, 0x0000, 0x0000,
  0x0000, 0x0000, 0x0000, 0x0000, 0x0000, 0x0000, 0x0000, 0x0000, 0x0000, 0x0000, 0x0000, 0x0000, 0x0000, 0x0000, 0x0000, 0x0000,
  0x0000, 0x0000, 0x0000, 0x0000, 0x0000, 0x0000, 0x0000, 0x0000, 0x0000, 0x0020, 0x0841, 0x0000, 0x0041, 0x08A3, 0x1925, 0x29A7,
  0x3A6A, 0x4AAB, 0x428B, 0x3A6B, 0x6B0B, 0x8AEA, 0x8ACA, 0xC9E4, 0xFA82, 0xF4A7, 0xFA21, 0xB020, 0x0000, 0x0042, 0x0842, 0x0001,
  0x0000, 0x0042, 0x0042, 0x0042, 0x0883, 0x320A, 0x5BB0, 0x7492, 0x530D, 0x52CC, 0x8BEE, 0xDD8E, 0xFF53, 0xFFB6, 0xFE8B, 0xF3A0,
  0xFAC0, 0xFBE0, 0xFB01, 0x9020, 0x0000, 0x0000, 0x0000, 0x0000, 0x0000, 0x0000, 0x0000, 0x0000, 0x0000, 0x18C4, 0x0883, 0x0000,
  0x0000, 0x0861, 0x2145, 0x426A, 0x52CC, 0x4ACC, 0x52EC, 0x6B6D, 0x944F, 0x8C0F, 0x940F, 0x8C0E, 0x832C, 0xBB29, 0xFBA5, 0xFB82,
  0xF381, 0xFA42, 0xD020, 0x9021, 0x7041, 0x9041, 0x9800, 0x3062, 0x2105, 0x20C4, 0x28E5, 0x3987, 0x5229, 0x6229, 0x7A49, 0x626A,
  0x4A4A, 0x5A29, 0x49E9, 0x41E9, 0x5A2A, 0x7A8A, 0xB289, 0xEA65, 0xFB24, 0xFAE2, 0xF140, 0xF141, 0x6922, 0x0000, 0x0000, 0x0000,
  0x0820, 0x1820, 0x2800, 0x3000, 0x3000, 0x3000, 0x1800, 0x1000, 0x1820, 0x1820, 0x0800, 0x0000, 0x0000, 0x0000, 0x0000, 0x0001,
  0x0001, 0x0021, 0x0042, 0x0063, 0x0863, 0x0063, 0x0063, 0x0042, 0x0043, 0x0043, 0x0022, 0x0042, 0x0063, 0x0883, 0x0021, 0x0021,
  0x0021, 0x0063, 0x0884, 0x0884, 0x0063, 0x08A4, 0x10C5, 0x0884, 0x0042, 0x10A3, 0x1082, 0x0841, 0x0020, 0x0000, 0x0000, 0x0000,
  0x0000, 0x0000, 0x0000, 0x0000, 0x0000, 0x0000, 0x0000, 0x0000, 0x0000, 0x0000, 0x0000, 0x0000, 0x0000, 0x0000, 0x0000, 0x0001,
  0x0021, 0x0821, 0x0841, 0x0841, 0x0021, 0x0000, 0x0000, 0x0000, 0x0000, 0x0000, 0x0000, 0x0000, 0x0000, 0x0000, 0x0000, 0x0000,
  0x0000, 0x0000, 0x0000, 0x0000, 0x0000, 0x1082, 0x0861, 0x0000, 0x0000, 0x0000, 0x0000, 0x0000, 0x0000, 0x0000, 0x0000, 0x0000,
  0x0000, 0x0000, 0x0000, 0x0000, 0x0000, 0x0000, 0x0000, 0x0000, 0x0000, 0x0000, 0x0000, 0x0000, 0x0000, 0x0000, 0x0000, 0x0000,
  0x0000, 0x0000, 0x0000, 0x0000, 0x0000, 0x0000, 0x0000, 0x0000, 0x0000, 0x0000, 0x0000, 0x0000, 0x0000, 0x0000, 0x0000, 0x0000,
  0x0000, 0x0000, 0x0000, 0x0000, 0x0000, 0x0000, 0x0000, 0x0000, 0x0020, 0x0020, 0x0000, 0x0021, 0x0862, 0x1905, 0x2167, 0x3229,
  0x3A8A, 0x3A4A, 0x3A4B, 0x4A8A, 0x8AEA, 0x8AEA, 0xB2C8, 0xF1E1, 0xF384, 0xFB83, 0xF921, 0x7000, 0x0062, 0x10A4, 0x0021, 0x0000,
  0x0001, 0x0883, 0x0021, 0x0862, 0x29A8, 0x4AED, 0x6C52, 0x63B0, 0x4A8B, 0x5AAB, 0xBC8D, 0xF5EE, 0xFF33, 0xFECF, 0xF441, 0xFB80,
  0xFC82, 0xFBC3, 0xB840, 0x0800, 0x0000, 0x0000, 0x0000, 0x0000, 0x0000, 0x0000, 0x0000, 0x0000, 0x0862, 0x0842, 0x0841, 0x2945,
  0x4A49, 0x5AEC, 0x530D, 0x4AAC, 0x4AAB, 0x630C, 0x8BEF, 0x9C70, 0x83CE, 0x8BCE, 0x940E, 0x8B4C, 0xCB08, 0xF3A3, 0xFBE1, 0xFBC1,
  0xFAE1, 0xE820, 0xB000, 0x8041, 0x8841, 0xA020, 0x4020, 0x18C3, 0x20A4, 0x20C4, 0x4125, 0x79E8, 0xA228, 0x9A08, 0x71E8, 0x61E8,
  0x79E8, 0x81A7, 0x79A7, 0x91A7, 0xB1A6, 0xE1E4, 0xFA62, 0xFB42, 0xF446, 0xF9E0, 0xE8C0, 0xD182, 0x1840, 0x0000, 0x0000, 0x0800,
  0x1800, 0x2800, 0x2800, 0x2800, 0x2000, 0x1000, 0x1800, 0x1820, 0x0820, 0x0000, 0x0000, 0x0000, 0x0000, 0x0021, 0x0022, 0x0042,
  0x0063, 0x08A4, 0x0884, 0x08C5, 0x0884, 0x0084, 0x0084, 0x0064, 0x0884, 0x0063, 0x0063, 0x0021, 0x0062, 0x0883, 0x0022, 0x0042,
  0x08A4, 0x10E5, 0x10E5, 0x10C4, 0x0883, 0x0862, 0x0862, 0x0863, 0x0042, 0x0042, 0x0021, 0x0001, 0x0021, 0x0000, 0x0001, 0x0000,
  0x0000, 0x0001, 0x0021, 0x0021, 0x0842, 0x1083, 0x0862, 0x0021, 0x0001, 0x0000, 0x0000, 0x0000, 0x0001, 0x0021, 0x0021, 0x0021,
  0x0021, 0x0021, 0x0000, 0x0000, 0x0000, 0x0000, 0x0000, 0x0000, 0x0000, 0x0000, 0x0001, 0x0021, 0x0021, 0x0021, 0x0000, 0x0000,
  0x0000, 0x0000, 0x0000, 0x0000, 0x0000, 0x0000, 0x0861, 0x0020, 0x0000, 0x0000, 0x0000, 0x0000, 0x0000, 0x0000, 0x0000, 0x0000,
  0x0000, 0x0000, 0x0000, 0x0000, 0x0000, 0x0000, 0x0000, 0x0000, 0x0000, 0x0000, 0x0000, 0x0000, 0x0000, 0x0000, 0x0000, 0x0000,
  0x0000, 0x0000, 0x0000, 0x0000, 0x0000, 0x0000, 0x0000, 0x0000, 0x0000, 0x0000, 0x0000, 0x0000, 0x0000, 0x0000, 0x0000, 0x0000,
  0x0000, 0x0000, 0x0000, 0x0000, 0x0000, 0x0000, 0x0000, 0x0020, 0x0861, 0x0000, 0x0021, 0x0842, 0x10C4, 0x1946, 0x31E9, 0x322A,
  0x322A, 0x322A, 0x3A2A, 0x72CA, 0x930A, 0xA2A9, 0xE203, 0xFB03, 0xFCC9, 0xF980, 0xE040, 0x2800, 0x0021, 0x0021, 0x0021, 0x0862,
  0x0042, 0x0000, 0x0021, 0x2168, 0x42AD, 0x536F, 0x532E, 0x426B, 0x424A, 0x8B8C, 0xE50D, 0xEDAC, 0xFE8C, 0xF4A2, 0xF420, 0xF4A1,
  0xFC43, 0xD101, 0x1800, 0x0000, 0x0000, 0x0000, 0x0000, 0x0000, 0x0000, 0x0000, 0x0000, 0x2946, 0x39A7, 0x4A08, 0x5ACB, 0x630D,
  0x530D, 0x4AAC, 0x428B, 0x5AEC, 0x83AD, 0xACF2, 0xACF2, 0x942F, 0x93EE, 0x9C4F, 0x9B8D, 0xD308, 0xFB42, 0xFB80, 0xF505, 0xFB82,
  0xF840, 0xD800, 0x9820, 0x7800, 0x9800, 0x5800, 0x1862, 0x2062, 0x2883, 0x48E4, 0x8165, 0xA9C6, 0xA9C6, 0x91C7, 0x89A6, 0xA1A6,
  0xB965, 0xB124, 0xD964, 0xF161, 0xF980, 0xFA81, 0xF3A3, 0xFBE2, 0xFAC0, 0xF140, 0xE900, 0x7941, 0x0021, 0x0000, 0x0800, 0x1800,
  0x2000, 0x2000, 0x1800, 0x1800, 0x1000, 0x1000, 0x1000, 0x0000, 0x0000, 0x0000, 0x0021, 0x0042, 0x0063, 0x08C5, 0x08A4, 0x0883,
  0x0863, 0x0063, 0x0884, 0x0042, 0x0001, 0x0022, 0x0083, 0x0021, 0x0021, 0x0021, 0x0001, 0x0021, 0x0021, 0x0042, 0x2167, 0x29C8,
  0x10A3, 0x0021, 0x0000, 0x0000, 0x0000, 0x0000, 0x0000, 0x0000, 0x0000, 0x0021, 0x0041, 0x0021, 0x0042, 0x0021, 0x0042, 0x0021,
  0x0021, 0x0042, 0x0042, 0x0042, 0x0042, 0x0842, 0x0021, 0x0001, 0x0001, 0x0001, 0x0000, 0x0001, 0x0021, 0x0000, 0x0000, 0x0000,
  0x0000, 0x0000, 0x0000, 0x0000, 0x0000, 0x0001, 0x0001, 0x0001, 0x0001, 0x0001, 0x0001, 0x0000, 0x0000, 0x0000, 0x0000, 0x0000,
  0x0000, 0x0000, 0x0000, 0x0000, 0x0000, 0x0000, 0x0000, 0x1082, 0x0020, 0x0000, 0x0000, 0x0000, 0x0000, 0x0000, 0x0000, 0x0000,
  0x0000, 0x0000, 0x0000, 0x0000, 0x0000, 0x0000, 0x0000, 0x0000, 0x0000, 0x0000, 0x0000, 0x0000, 0x0000, 0x0000, 0x0000, 0x0000,
  0x0000, 0x0000, 0x0000, 0x0000, 0x0000, 0x0000, 0x0000, 0x0000, 0x0000, 0x0000, 0x0000, 0x0000, 0x0000, 0x0000, 0x0000, 0x0000,
  0x0000, 0x0000, 0x0000, 0x0000, 0x0000, 0x0000, 0x0020, 0x1082, 0x0000, 0x0001, 0x0041, 0x08A3, 0x1905, 0x29C8, 0x3209, 0x29C9,
  0x3A4B, 0x3A4A, 0x4A6A, 0x82EA, 0x92EB, 0xD287, 0xFA20, 0xF426, 0xFBA5, 0xF8C0, 0x9800, 0x0000, 0x0021, 0x0001, 0x0000, 0x0883,
  0x0021, 0x0000, 0x1906, 0x3A6C, 0x536F, 0x532E, 0x426B, 0x39C9, 0x626A, 0xBC2D, 0xE4CC, 0xF56A, 0xF464, 0xF340, 0xF3C0, 0xFC42,
  0xE120, 0x3000, 0x0000, 0x0000, 0x0000, 0x0000, 0x0000, 0x0000, 0x0021, 0x18A2, 0x51E8, 0x6ACC, 0x6B0D, 0x6B2D, 0x52CC, 0x426A,
  0x3A4A, 0x52CB, 0x83CE, 0xA4D1, 0xC573, 0xAD13, 0x9C90, 0xA470, 0x9BEE, 0xA3AE, 0xD2A8, 0xFAC1, 0xFBA0, 0xFB20, 0xFB62, 0xF8A0,
  0xE800, 0xA000, 0x7000, 0x8000, 0x6000, 0x1821, 0x2042, 0x3082, 0x50C4, 0x7924, 0x9965, 0x9165, 0x9965, 0xC984, 0xE922, 0xE8A1,
  0xF0C1, 0xF0A0, 0xF980, 0xFAA1, 0xFB62, 0xF321, 0xFBC1, 0xF320, 0xF9E0, 0xF0E0, 0xD141, 0x1040, 0x0000, 0x0800, 0x1820, 0x1800,
  0x1000, 0x1000, 0x1000, 0x1000, 0x0800, 0x0000, 0x0000, 0x0000, 0x0000, 0x0021, 0x0863, 0x0863, 0x0063, 0x0863, 0x0883, 0x0021,
  0x0062, 0x0063, 0x0042, 0x0883, 0x0883, 0x0062, 0x0883, 0x08A4, 0x0863, 0x0884, 0x0884, 0x08A4, 0x0884, 0x2167, 0x31E9, 0x0862,
  0x0021, 0x0000, 0x0000, 0x0000, 0x0000, 0x0000, 0x0000, 0x0000, 0x0000, 0x0000, 0x0000, 0x0000, 0x0000, 0x0000, 0x0000, 0x0000,
  0x0000, 0x0000, 0x0000, 0x0020, 0x0000, 0x0000, 0x0000, 0x0000, 0x0000, 0x0000, 0x0000, 0x0000, 0x0000, 0x0000, 0x0000, 0x0000,
  0x0000, 0x0000, 0x0000, 0x0001, 0x0000, 0x0000, 0x0000, 0x0000, 0x0000, 0x0000, 0x0000, 0x0000, 0x0000, 0x0000, 0x0000, 0x0000,
  0x0000, 0x0000, 0x0000, 0x0021, 0x0841, 0x0821, 0x0021, 0x0841, 0x18C3, 0x0000, 0x0000, 0x0000, 0x0000, 0x0000, 0x0000, 0x0000,
  0x0000, 0x0000, 0x0000, 0x0000, 0x0000, 0x0000, 0x0000, 0x0000, 0x0000, 0x0000, 0x0000, 0x0000, 0x0000, 0x0000, 0x0000, 0x0000,
  0x0000, 0x0000, 0x0000, 0x0000, 0x0000, 0x0000, 0x0000, 0x0000, 0x0000, 0x0000, 0x0000, 0x0000, 0x0000, 0x0000, 0x0000, 0x0000,
  0x0000, 0x0000, 0x0000, 0x0000, 0x0000, 0x0000, 0x10A2, 0x0020, 0x0000, 0x0021, 0x0883, 0x1905, 0x2167, 0x29C8, 0x21A9, 0x2A0A,
  0x324B, 0x3A4A, 0x72CA, 0x82CA, 0xAA89, 0xF243, 0xFB02, 0xF509, 0xFA00, 0xF040, 0x4000, 0x0000, 0x0001, 0x0001, 0x0863, 0x0041,
  0x0000, 0x10A4, 0x31EA, 0x532E, 0x534E, 0x4AAC, 0x31A8, 0x49C8, 0x9B2A, 0xC3CB, 0xE429, 0xF3E5, 0xFA80, 0xFAE0, 0xFB81, 0xF180,
  0x5000, 0x0000, 0x0000, 0x0000, 0x0000, 0x0000, 0x0000, 0x28E4, 0x5A09, 0x72CC, 0x62AC, 0x5AAB, 0x630D, 0x52CC, 0x4A8B, 0x528A,
  0x734C, 0xACB0, 0xCDB4, 0xC5B4, 0xACD1, 0xACD1, 0xB4D1, 0xA40E, 0x9ACB, 0xD287, 0xFA41, 0xF280, 0xF3C1, 0xFAC0, 0xF080, 0xE800,
  0xB000, 0x7000, 0x7000, 0x5000, 0x1000, 0x2021, 0x3862, 0x60A3, 0x78E3, 0x9944, 0x8104, 0x9904, 0xD921, 0xF8E0, 0xF840, 0xF0E0,
  0xF8A0, 0xF9A0, 0xFA20, 0xFB61, 0xF403, 0xF341, 0xF2E0, 0xFA20, 0xF120, 0xF120, 0x68E1, 0x0000, 0x0800, 0x1000, 0x1000, 0x1000,
  0x1000, 0x1000, 0x0800, 0x0000, 0x0000, 0x0000, 0x0021, 0x0022, 0x0042, 0x0042, 0x0001, 0x0883, 0x10E5, 0x0042, 0x0063, 0x0883,
  0x0862, 0x0883, 0x0862, 0x0883, 0x0862, 0x0041, 0x0862, 0x0862, 0x0041, 0x0041, 0x0042, 0x0862, 0x0862, 0x0021, 0x0000, 0x0862,
  0x0842, 0x0021, 0x0041, 0x0041, 0x0021, 0x0001, 0x0000, 0x0001, 0x0021, 0x0021, 0x0001, 0x0001, 0x0000, 0x0000, 0x0000, 0x0000,
  0x0000, 0x0000, 0x0000, 0x0000, 0x0000, 0x0000, 0x0000, 0x0000, 0x0000, 0x0000, 0x0000, 0x0000, 0x0000, 0x0000, 0x0000, 0x0000,
  0x0000, 0x0000, 0x0000, 0x0000, 0x0001, 0x0021, 0x0001, 0x0021, 0x0021, 0x0021, 0x0841, 0x0842, 0x0021, 0x0021, 0x0021, 0x0021,
  0x0021, 0x0021, 0x0000, 0x0000, 0x0000, 0x0000, 0x0000, 0x0000, 0x0861, 0x1082, 0x0000, 0x0000, 0x0000, 0x0000, 0x0000, 0x0000,
  0x0000, 0x0000, 0x0000, 0x0000, 0x0000, 0x0000, 0x0000, 0x0000, 0x0000, 0x0000, 0x0000, 0x0000, 0x0000, 0x0000, 0x0000, 0x0000,
  0x0000, 0x0000, 0x0000, 0x0000, 0x0000, 0x0000, 0x0000, 0x0000, 0x0000, 0x0000, 0x0000, 0x0000, 0x0000, 0x0000, 0x0000, 0x0000,
  0x0000, 0x0000, 0x0000, 0x0000, 0x0000, 0x1082, 0x0841, 0x0000, 0x0021, 0x0842, 0x10C4, 0x1946, 0x2188, 0x1947, 0x29C9, 0x29E9,
  0x320A, 0x5A8A, 0x82CA, 0x92AA, 0xDA45, 0xFA00, 0xF3E4, 0xF3E3, 0xF940, 0xB000, 0x0800, 0x0021, 0x0883, 0x0021, 0x0021, 0x0000,
  0x1063, 0x3188, 0x4ACD, 0x5B6F, 0x4ACC, 0x3A2A, 0x3967, 0x7249, 0xA34B, 0xC36A, 0xEB24, 0xF9E0, 0xFA00, 0xF341, 0xF9E1, 0x8000,
  0x0000, 0x0800, 0x0821, 0x0000, 0x0000, 0x18A3, 0x59E8, 0x72AB, 0x6AAC, 0x62CC, 0x62EC, 0x52CC, 0x4A6A, 0x4A6A, 0x734D, 0xA490,
  0xC5B4, 0xC573, 0xACD1, 0xB4F1, 0xBD12, 0xBCD1, 0xB42F, 0xC32B, 0xE225, 0xF9E0, 0xF9E0, 0xFA60, 0xFAC1, 0xF8A0, 0xE000, 0xB000,
  0x8000, 0x6800, 0x3000, 0x0800, 0x2020, 0x3841, 0x6082, 0x7882, 0x88C3, 0x90C3, 0xA8A2, 0xE0E0, 0xF8A0, 0xF000, 0xF100, 0xF920,
  0xF960, 0xFA20, 0xF1C0, 0xF2C0, 0xFA60, 0xFA40, 0xFA20, 0xF0E0, 0xE8C0, 0xC181, 0x0800, 0x0800, 0x0800, 0x1000, 0x1000, 0x1000,
  0x0000, 0x0000, 0x0000, 0x0000, 0x0021, 0x0842, 0x0021, 0x0001, 0x0000, 0x0000, 0x0000, 0x0041, 0x0841, 0x0000, 0x0000, 0x0000,
  0x0000, 0x0000, 0x0000, 0x0000, 0x0000, 0x0000, 0x0000, 0x0000, 0x0000, 0x0000, 0x0021, 0x0042, 0x0022, 0x0882, 0x0841, 0x0042,
  0x0042, 0x0001, 0x0000, 0x0021, 0x0863, 0x08A4, 0x0883, 0x0022, 0x0001, 0x0001, 0x0022, 0x0042, 0x0043, 0x0042, 0x0042, 0x0042,
  0x0022, 0x0042, 0x0863, 0x0863, 0x0042, 0x0021, 0x0000, 0x0000, 0x0000, 0x0000, 0x0000, 0x0000, 0x0000, 0x0000, 0x0000, 0x0000,
  0x0000, 0x0000, 0x0000, 0x0000, 0x0000, 0x0000, 0x0000, 0x0000, 0x0000, 0x0000, 0x0000, 0x0000, 0x0000, 0x0000, 0x0000, 0x0000,
  0x0000, 0x0000, 0x0000, 0x0000, 0x0000, 0x0000, 0x0000, 0x0000, 0x0000, 0x1062, 0x0841, 0x0000, 0x0000, 0x0000, 0x0000, 0x0000,
  0x0000, 0x0000, 0x0000, 0x0000, 0x0000, 0x0000, 0x0000, 0x0000, 0x0000, 0x0000, 0x0000, 0x0000, 0x0000, 0x0000, 0x0000, 0x0000,
  0x0000, 0x0000, 0x0000, 0x0000, 0x0000, 0x0000, 0x0000, 0x0000, 0x0000, 0x0000, 0x0000, 0x0000, 0x0000, 0x0000, 0x0000, 0x0000,
  0x0000, 0x0000, 0x0000, 0x0000, 0x0841, 0x1082, 0x0000, 0x0000, 0x0021, 0x0883, 0x10C5, 0x1926, 0x1947, 0x2168, 0x2188, 0x29E9,
  0x4209, 0x7AAA, 0x930B, 0xAA68, 0xEA22, 0xFA60, 0xF3C3, 0xFA40, 0xF080, 0x5000, 0x0000, 0x0821, 0x0842, 0x0000, 0x0000, 0x0842,
  0x2927, 0x3A4B, 0x532E, 0x5B4E, 0x4A8B, 0x3988, 0x51A7, 0x7A69, 0xA2EA, 0xDA65, 0xF940, 0xF160, 0xF181, 0xF9A1, 0xB800, 0x0800,
  0x0000, 0x0000, 0x0000, 0x0841, 0x41A7, 0x6A4A, 0x624A, 0x526A, 0x5ACC, 0x5ACC, 0x5ACB, 0x4A6A, 0x5A8A, 0x838D, 0xB4D1, 0xCDB4,
  0xBD52, 0xB4F1, 0xC532, 0xCD52, 0xBCB0, 0xBBCD, 0xD2C8, 0xF1E2, 0xF160, 0xF0C0, 0xF282, 0xF9C1, 0xF840, 0xE800, 0xB000, 0x7800,
  0x6000, 0x2000, 0x0800, 0x2020, 0x3821, 0x5861, 0x6882, 0x7882, 0x90A2, 0xA881, 0xE080, 0xF080, 0xF000, 0xF8A0, 0xF940, 0xF900,
  0xFA20, 0xF9A0, 0xF9A0, 0xF1E0, 0xF960, 0xF980, 0xF920, 0xD020, 0xD941, 0x40A1, 0x0000, 0x1000, 0x0800, 0x1020, 0x0800, 0x0000,
  0x0042, 0x0842, 0x0000, 0x0000, 0x0000, 0x0000, 0x0000, 0x0000, 0x0000, 0x0000, 0x0041, 0x0000, 0x0000, 0x0000, 0x0000, 0x0001,
  0x0042, 0x0063, 0x0042, 0x0042, 0x0063, 0x0063, 0x0084, 0x0084, 0x0063, 0x0084, 0x08A5, 0x08C5, 0x0884, 0x10E5, 0x0862, 0x0000,
  0x08A4, 0x08C5, 0x0883, 0x0042, 0x0001, 0x0021, 0x0883, 0x10E6, 0x1106, 0x1105, 0x0883, 0x0042, 0x0001, 0x0001, 0x0001, 0x0042,
  0x0042, 0x0863, 0x18E4, 0x0883, 0x0862, 0x0862, 0x0863, 0x0042, 0x0021, 0x0022, 0x0042, 0x0021, 0x0001, 0x0000, 0x0000, 0x0000,
  0x0000, 0x0000, 0x0000, 0x0000, 0x0000, 0x0000, 0x0000, 0x0000, 0x0000, 0x0000, 0x0000, 0x0000, 0x0000, 0x0000, 0x0000, 0x0000,
  0x0000, 0x0000, 0x0000, 0x0000, 0x0000, 0x0000, 0x0000, 0x0000, 0x0000, 0x0000, 0x18A3, 0x0000, 0x0000, 0x0000, 0x0000, 0x0000,
  0x0000, 0x0000, 0x0000, 0x0000, 0x0000, 0x0000, 0x0000, 0x0000, 0x0000, 0x0000, 0x0000, 0x0000, 0x0000, 0x0000, 0x0000, 0x0000,
  0x0000, 0x0000, 0x0000, 0x0000, 0x0000, 0x0000, 0x0000, 0x0000, 0x0000, 0x0000, 0x0000, 0x0000, 0x0000, 0x0000, 0x0000, 0x0000,
  0x0000, 0x0000, 0x0000, 0x0020, 0x0861, 0x0000, 0x0000, 0x0021, 0x0862, 0x10C4, 0x10E5, 0x1926, 0x1967, 0x2188, 0x29A9, 0x4A29,
  0x8AEB, 0x8AAA, 0x8A69, 0xB9C5, 0xF1A0, 0xF2E1, 0xF2C1, 0xF8E0, 0xB000, 0x0800, 0x0000, 0x0842, 0x0021, 0x0000, 0x0000, 0x20E5,
  0x39EA, 0x4ACD, 0x530D, 0x5AED, 0x4209, 0x49A8, 0x7229, 0x9269, 0xBA06, 0xF101, 0xF100, 0xF1E2, 0xF9C2, 0xE000, 0x2800, 0x0000,
  0x0000, 0x0000, 0x28E4, 0x6229, 0x622A, 0x522A, 0x528B, 0x5ACC, 0x528B, 0x528B, 0x5AAB, 0x834C, 0xAC0D, 0xC48E, 0xD4CF, 0xCD11,
  0xCD93, 0xD5B4, 0xBC90, 0xB40E, 0xCB6A, 0xEA44, 0xF160, 0xF900, 0xF1C2, 0xF0E1, 0xF920, 0xF840, 0xC800, 0x9000, 0x6800, 0x4000,
  0x0800, 0x0800, 0x2000, 0x4020, 0x5041, 0x6062, 0x5041, 0x7041, 0xB061, 0xC040, 0xF080, 0xF020, 0xF020, 0xF0A0, 0xF880, 0xF980,
  0xF920, 0xF9A0, 0xF940, 0xF8E0, 0xF080, 0xF0C0, 0xC840, 0xD0E0, 0x8121, 0x0000, 0x0800, 0x0800, 0x0000, 0x0000, 0x0021, 0x0021,
  0x0862, 0x0000, 0x0000, 0x0000, 0x0000, 0x0000, 0x0000, 0x0001, 0x0842, 0x0883, 0x0020, 0x0000, 0x0000, 0x0021, 0x0863, 0x0884,
  0x0063, 0x08A5, 0x00A4, 0x0884, 0x0084, 0x08A4, 0x0084, 0x0063, 0x0884, 0x08C5, 0x0063, 0x08A4, 0x0883, 0x1106, 0x1968, 0x0001,
  0x0000, 0x1105, 0x1948, 0x1106, 0x0884, 0x0042, 0x0022, 0x0063, 0x10E5, 0x1106, 0x1947, 0x1947, 0x1105, 0x08C4, 0x10E5, 0x1906,
  0x0883, 0x0021, 0x0021, 0x0000, 0x0000, 0x0000, 0x0000, 0x0042, 0x0041, 0x0021, 0x0883, 0x08A4, 0x0863, 0x0062, 0x0042, 0x0042,
  0x0021, 0x0001, 0x0001, 0x0000, 0x0001, 0x0001, 0x0001, 0x0000, 0x0000, 0x0000, 0x0000, 0x0001, 0x0001, 0x0021, 0x0021, 0x0021,
  0x0001, 0x0000, 0x0000, 0x0000, 0x0000, 0x0000, 0x0000, 0x0000, 0x0000, 0x0000, 0x0020, 0x18C3, 0x0000, 0x0000, 0x0000, 0x0000,
  0x0000, 0x0000, 0x0000, 0x0000, 0x0000, 0x0000, 0x0000, 0x0000, 0x0000, 0x0000, 0x0000, 0x0000, 0x0000, 0x0000, 0x0000, 0x0000,
  0x0000, 0x0000, 0x0000, 0x0000, 0x0000, 0x0000, 0x0000, 0x0000, 0x0000, 0x0000, 0x0000, 0x0000, 0x0000, 0x0000, 0x0000, 0x0000,
  0x0000, 0x0000, 0x0000, 0x0861, 0x0020, 0x0000, 0x0000, 0x0041, 0x08A3, 0x10C5, 0x10E5, 0x1927, 0x1967, 0x29A9, 0x422A, 0x72AA,
  0x9AEA, 0x8A48, 0x91E7, 0xD163, 0xF9A0, 0xF301, 0xF960, 0xE000, 0x5000, 0x0000, 0x0021, 0x0021, 0x0000, 0x0000, 0x10A3, 0x2968,
  0x428C, 0x532E, 0x4AAC, 0x422A, 0x3988, 0x6A08, 0x9A49, 0xCA07, 0xE8E2, 0xF060, 0xF120, 0xF900, 0xF840, 0x6000, 0x0000, 0x0000,
  0x0820, 0x4146, 0x61E9, 0x51A8, 0x51E9, 0x528B, 0x5ACC, 0x5ACB, 0x62CB, 0x830B, 0xB3EC, 0xE4EC, 0xF5AE, 0xF5D0, 0xF5D1, 0xE531,
  0xC46F, 0xB3CD, 0xBB0A, 0xDA86, 0xFA02, 0xF900, 0xF0C0, 0xF1A1, 0xF981, 0xF840, 0xE000, 0xA800, 0x6800, 0x4800, 0x2000, 0x0000,
  0x1000, 0x2800, 0x3820, 0x4820, 0x5021, 0x5821, 0x6820, 0xA840, 0xC040, 0xD820, 0xE020, 0xD800, 0xF0A0, 0xF8A0, 0xF840, 0xF8A0,
  0xF860, 0xF120, 0xF8E0, 0xE040, 0xD840, 0xB060, 0xB080, 0xA141, 0x0800, 0x0000, 0x0800, 0x0000, 0x0001, 0x0001, 0x0000, 0x0000,
  0x0000, 0x0000, 0x0000, 0x0000, 0x0000, 0x0000, 0x0022, 0x0883, 0x0862, 0x0021, 0x0021, 0x0001, 0x0042, 0x08A4, 0x0883, 0x08C5,
  0x0884, 0x0084, 0x0085, 0x0063, 0x08A4, 0x08E6, 0x08E6, 0x08C5, 0x08A4, 0x1106, 0x1947, 0x1106, 0x08C5, 0x08E6, 0x2168, 0x1906,
  0x0000, 0x0021, 0x10E5, 0x1126, 0x1127, 0x1127, 0x1127, 0x08C5, 0x0863, 0x0063, 0x0863, 0x0063, 0x1926, 0x1926, 0x2188, 0x1905,
  0x0021, 0x0021, 0x0042, 0x0042, 0x0042, 0x0042, 0x0042, 0x0042, 0x0021, 0x0000, 0x0021, 0x0042, 0x0063, 0x08A4, 0x08A4, 0x0884,
  0x08A4, 0x0884, 0x0883, 0x0063, 0x0042, 0x0022, 0x0021, 0x0042, 0x0062, 0x0042, 0x0042, 0x0042, 0x0021, 0x0021, 0x0021, 0x0021,
  0x0021, 0x0022, 0x0022, 0x0021, 0x0021, 0x0000, 0x0000, 0x0000, 0x0000, 0x0000, 0x0000, 0x0841, 0x0841, 0x0000, 0x0000, 0x0000,
  0x0000, 0x0000, 0x0000, 0x0000, 0x0000, 0x0000, 0x0000, 0x0000, 0x0000, 0x0000, 0x0000, 0x0000, 0x0000, 0x0000, 0x0000, 0x0000,
  0x0000, 0x0000, 0x0000, 0x0000, 0x0000, 0x0000, 0x0000, 0x0000, 0x0000, 0x0000, 0x0000, 0x0000, 0x0000, 0x0000, 0x0000, 0x0000,
  0x0000, 0x0000, 0x0841, 0x0841, 0x0000, 0x0000, 0x0021, 0x0862, 0x10C4, 0x1905, 0x10E6, 0x1926, 0x2147, 0x31E9, 0x6ACB, 0x9B4C,
  0x8A69, 0xA269, 0xA1E7, 0xD881, 0xE8C0, 0xF1C1, 0xF840, 0xA000, 0x0800, 0x0021, 0x0842, 0x0000, 0x0000, 0x1062, 0x2127, 0x3A0B,
  0x4ACC, 0x4ACD, 0x424B, 0x3188, 0x41A8, 0x71E8, 0xC1A6, 0xE164, 0xF000, 0xF040, 0xF160, 0xF860, 0x9800, 0x0000, 0x0000, 0x1041,
  0x5167, 0x5987, 0x4967, 0x51E9, 0x4A4A, 0x526A, 0x730C, 0x8B6D, 0xB3ED, 0xDC8A, 0xFD8A, 0xFF14, 0xFF99, 0xFEF4, 0xF592, 0xC3AD,
  0xBAA9, 0xDA45, 0xF1A2, 0xF0C0, 0xE940, 0xF141, 0xF9E2, 0xF962, 0xF020, 0xB000, 0x6000, 0x4800, 0x2800, 0x0800, 0x0000, 0x1800,
  0x3000, 0x4020, 0x4820, 0x5000, 0x6800, 0x8800, 0xB860, 0xA820, 0x9800, 0xC000, 0xB800, 0xD020, 0xF060, 0xE840, 0xF020, 0xF000,
  0xF020, 0xE820, 0xE020, 0xC020, 0xA040, 0x9040, 0xA101, 0x1840, 0x0000, 0x0000, 0x0000, 0x0000, 0x0000, 0x0000, 0x0000, 0x0000,
  0x0000, 0x0000, 0x0000, 0x0042, 0x0863, 0x0884, 0x0062, 0x0001, 0x0001, 0x0001, 0x0001, 0x0001, 0x0063, 0x08A4, 0x0084, 0x0063,
  0x08C5, 0x0063, 0x00A5, 0x00C5, 0x00A5, 0x1148, 0x1968, 0x08C5, 0x1127, 0x1968, 0x2188, 0x1947, 0x1106, 0x0906, 0x0907, 0x1106,
  0x0883, 0x0000, 0x0021, 0x1106, 0x1127, 0x1968, 0x19A9, 0x1989, 0x1127, 0x1106, 0x08A5, 0x0063, 0x0042, 0x0042, 0x0042, 0x0021,
  0x0862, 0x0041, 0x0062, 0x08C5, 0x08C5, 0x0063, 0x0084, 0x0884, 0x0063, 0x0043, 0x0021, 0x0000, 0x0021, 0x0063, 0x08A4, 0x10E5,
  0x08C4, 0x0883, 0x0063, 0x08A4, 0x08A4, 0x08C4, 0x10C4, 0x08A4, 0x0884, 0x0042, 0x0042, 0x0063, 0x0062, 0x0042, 0x0042, 0x0021,
  0x0021, 0x0001, 0x0021, 0x0042, 0x0042, 0x0042, 0x0042, 0x0042, 0x0021, 0x0021, 0x0000, 0x0000, 0x1082, 0x0841, 0x0000, 0x0000,
  0x0000, 0x0000, 0x0000, 0x0000, 0x0000, 0x0000, 0x0000, 0x0000, 0x0000, 0x0000, 0x0000, 0x0000, 0x0000, 0x0000, 0x0000, 0x0000,
  0x0000, 0x0000, 0x0000, 0x0000, 0x0000, 0x0000, 0x0000, 0x0000, 0x0000, 0x0000, 0x0000, 0x0000, 0x0000, 0x0000, 0x0000, 0x0000,
  0x0000, 0x0020, 0x0861, 0x0000, 0x0000, 0x0021, 0x0841, 0x0863, 0x0884, 0x1106, 0x1947, 0x1106, 0x29A8, 0x5A8B, 0x7AEB, 0x8AAA,
  0x7208, 0x9228, 0xB165, 0xD8A1, 0xD8E1, 0xE860, 0xE820, 0x4000, 0x0000, 0x0821, 0x0001, 0x0000, 0x0841, 0x20E5, 0x31EA, 0x4AAC,
  0x426B, 0x426B, 0x39C9, 0x39A8, 0x4187, 0x99A7, 0xE185, 0xE903, 0xF0E1, 0xF121, 0xF941, 0xC800, 0x1000, 0x0000, 0x1841, 0x4926,
  0x4926, 0x4126, 0x49A8, 0x49E9, 0x524A, 0x72EC, 0xA3CE, 0xC42E, 0xF52D, 0xFE0B, 0xFF76, 0xFFFC, 0xF6B2, 0xF4EA, 0xE2C8, 0xD247,
  0xE1A3, 0xE8E0, 0xE0A0, 0xE121, 0xE9E2, 0xF900, 0xF020, 0xA800, 0x7000, 0x3000, 0x2000, 0x1000, 0x0000, 0x0800, 0x1800, 0x3800,
  0x4820, 0x4820, 0x5020, 0x7820, 0xA800, 0xA020, 0x8800, 0xA000, 0x9820, 0xA020, 0xB820, 0xC000, 0xB800, 0xA800, 0xC800, 0xD800,
  0xC800, 0xB000, 0x9000, 0x8820, 0x9020, 0x98A0, 0x2040, 0x0001, 0x0862, 0x0000, 0x0000, 0x0000, 0x0000, 0x0000, 0x0000, 0x0000,
  0x0000, 0x0021, 0x0021, 0x0000, 0x0042, 0x0042, 0x0063, 0x0063, 0x0083, 0x08C5, 0x08C4, 0x1106, 0x1106, 0x08C5, 0x0063, 0x08C5,
  0x1148, 0x1148, 0x1989, 0x1148, 0x21EA, 0x21AA, 0x1989, 0x21EA, 0x21CA, 0x2A4D, 0x21EA, 0x2A0B, 0x2A0B, 0x21A9, 0x19A9, 0x08E6,
  0x1107, 0x10A4, 0x0862, 0x0883, 0x21CA, 0x19AA, 0x1107, 0x21CA, 0x1989, 0x19A9, 0x21EB, 0x1107, 0x08E6, 0x08E5, 0x08C5, 0x0043,
  0x0842, 0x0842, 0x10A3, 0x10C4, 0x2188, 0x21A9, 0x1106, 0x08C5, 0x08A4, 0x0083, 0x08A4, 0x08A4, 0x0863, 0x0021, 0x0042, 0x08A4,
  0x1906, 0x1106, 0x1126, 0x08C4, 0x0021, 0x0062, 0x10A4, 0x08C4, 0x08A4, 0x10C5, 0x0063, 0x0042, 0x0042, 0x0062, 0x0883, 0x0884,
  0x0883, 0x0062, 0x0042, 0x0022, 0x0021, 0x0021, 0x0022, 0x0042, 0x0863, 0x0863, 0x0042, 0x0021, 0x0021, 0x1082, 0x0000, 0x0000,
  0x0000, 0x0000, 0x0000, 0x0000, 0x0000, 0x0000, 0x0000, 0x0000, 0x0000, 0x0000, 0x0000, 0x0000, 0x0000, 0x0000, 0x0000, 0x0000,
  0x0000, 0x0000, 0x0000, 0x0000, 0x0000, 0x0000, 0x0000, 0x0000, 0x0000, 0x0000, 0x0000, 0x0000, 0x0000, 0x0000, 0x0000, 0x0000,
  0x0000, 0x10A2, 0x0020, 0x0000, 0x0000, 0x0821, 0x0842, 0x0863, 0x08A4, 0x10C5, 0x10E6, 0x2188, 0x4A6B, 0x6AAB, 0x8A89, 0xAB0A,
  0x7208, 0x99E7, 0xC861, 0xE8C1, 0xE1C3, 0xF000, 0x9800, 0x0000, 0x0021, 0x0000, 0x0000, 0x0021, 0x18C5, 0x2968, 0x3A4B, 0x42AC,
  0x426B, 0x31C9, 0x31A8, 0x3967, 0x5146, 0xB986, 0xF103, 0xF000, 0xF181, 0xF900, 0xE800, 0x3800, 0x0000, 0x1821, 0x38A4, 0x4106,
  0x4147, 0x49A8, 0x524A, 0x4A09, 0x6ACB, 0xA34D, 0xC38C, 0xECEE, 0xFDAB, 0xFF78, 0xFFDB, 0xFD27, 0xF2C0, 0xF0E0, 0xE8A0, 0xF121,
  0xF080, 0xE020, 0xE880, 0xF121, 0xD840, 0xA800, 0x5800, 0x2000, 0x1800, 0x1000, 0x0800, 0x0800, 0x1800, 0x2800, 0x3800, 0x4800,
  0x4800, 0x5800, 0x7800, 0xA020, 0x9800, 0x9800, 0x9800, 0x8800, 0x7000, 0x8800, 0x9000, 0x8800, 0x8800, 0x9800, 0xA800, 0x9800,
  0x9000, 0x7000, 0x6800, 0x8020, 0x7860, 0x1820, 0x0021, 0x0021, 0x0021, 0x0000, 0x0000, 0x0862, 0x0022, 0x0001, 0x0042, 0x0042,
  0x0042, 0x0884, 0x0883, 0x08A4, 0x0042, 0x0884, 0x10E5, 0x10C5, 0x1105, 0x1106, 0x29A9, 0x08A4, 0x08A4, 0x2188, 0x1905, 0x2167,
  0x29A8, 0x1906, 0x10E5, 0x2167, 0x2188, 0x1926, 0x2188, 0x3A4B, 0x1946, 0x2188, 0x322B, 0x21A9, 0x29C9, 0x10E5, 0x324B, 0x4ACD,
  0x3A6D, 0x1127, 0x0001, 0x0021, 0x2147, 0x2A0B, 0x21CA, 0x1127, 0x1968, 0x21CA, 0x21EA, 0x21EB, 0x1148, 0x1168, 0x1989, 0x1107,
  0x08C5, 0x08A4, 0x0863, 0x0862, 0x0863, 0x1926, 0x21A9, 0x1989, 0x1147, 0x0084, 0x0883, 0x08C4, 0x08E5, 0x1106, 0x10C5, 0x08A4,
  0x0083, 0x0083, 0x10E5, 0x10C4, 0x1947, 0x1106, 0x0063, 0x0001, 0x0022, 0x08C4, 0x1106, 0x08C5, 0x10E5, 0x1906, 0x0883, 0x0863,
  0x0063, 0x0883, 0x08C4, 0x1105, 0x0883, 0x0863, 0x0042, 0x0021, 0x0021, 0x0042, 0x0042, 0x0062, 0x0042, 0x0862, 0x0861, 0x0000,
  0x0000, 0x0000, 0x0000, 0x0000, 0x0000, 0x0000, 0x0000, 0x0000, 0x0000, 0x0000, 0x0000, 0x0000, 0x0000, 0x0000, 0x0000, 0x0000,
  0x0000, 0x0000, 0x0000, 0x0000, 0x0000, 0x0000, 0x0000, 0x0000, 0x0000, 0x0000, 0x0000, 0x0000, 0x0000, 0x0000, 0x0000, 0x0000,
  0x0020, 0x0840, 0x0000, 0x0000, 0x0001, 0x0842, 0x0862, 0x10A4, 0x10C5, 0x10C5, 0x2147, 0x3A4B, 0x4A2A, 0x6A29, 0xA2CA, 0xA2CA,
  0x9A48, 0xC985, 0xE000, 0xF020, 0xF080, 0xD820, 0x3800, 0x0000, 0x0821, 0x0000, 0x0000, 0x18A4, 0x2127, 0x322B, 0x3A8C, 0x428C,
  0x3A0A, 0x31A8, 0x3967, 0x4126, 0x7905, 0xD924, 0xF020, 0xF0A0, 0xF180, 0xF060, 0x6800, 0x0000, 0x1821, 0x3063, 0x40C5, 0x4927,
  0x4988, 0x4188, 0x41A8, 0x5A2A, 0x92EB, 0xCB2B, 0xE3EC, 0xF4CA, 0xFDCB, 0xFE6F, 0xFC64, 0xF220, 0xF080, 0xF040, 0xF0A1, 0xF143,
  0xF0E2, 0xF101, 0xD820, 0x9000, 0x4000, 0x1800, 0x1000, 0x1000, 0x0800, 0x0800, 0x1000, 0x2000, 0x3000, 0x4000, 0x3800, 0x4800,
  0x7800, 0x8800, 0x8800, 0x9000, 0x9800, 0x9800, 0x8000, 0x6000, 0x7000, 0x7000, 0x6800, 0x7800, 0xA000, 0x8000, 0x6800, 0x6820,
  0x7820, 0x7820, 0x7840, 0x4840, 0x0000, 0x0000, 0x0021, 0x0883, 0x0021, 0x0000, 0x0000, 0x0042, 0x0884, 0x0063, 0x0042, 0x0021,
  0x0062, 0x0063, 0x08A4, 0x08C5, 0x0042, 0x0021, 0x0000, 0x0021, 0x0021, 0x0000, 0x0063, 0x0043, 0x1926, 0x31E8, 0x18C4, 0x0001,
  0x0084, 0x08A4, 0x0063, 0x08C5, 0x0042, 0x0883, 0x0043, 0x08A4, 0x10E5, 0x0064, 0x1127, 0x21A9, 0x1127, 0x1106, 0x1926, 0x2147,
  0x320A, 0x2A2B, 0x1968, 0x0022, 0x0862, 0x29EA, 0x19CA, 0x2A4C, 0x220B, 0x2A0B, 0x1968, 0x220B, 0x220B, 0x2A0B, 0x220B, 0x21CA,
  0x21A9, 0x1968, 0x08C5, 0x08A4, 0x0042, 0x0842, 0x10A4, 0x08E5, 0x19A9, 0x21C9, 0x1106, 0x1106, 0x1106, 0x10E6, 0x1106, 0x1106,
  0x1968, 0x1106, 0x0883, 0x0062, 0x08C4, 0x08C4, 0x1927, 0x1106, 0x0063, 0x0000, 0x0042, 0x10E5, 0x29A8, 0x1926, 0x0042, 0x0042,
  0x0021, 0x0022, 0x0883, 0x08C4, 0x10C5, 0x10C5, 0x10E5, 0x10E5, 0x0863, 0x0883, 0x0063, 0x0042, 0x0041, 0x0021, 0x1082, 0x0020,
  0x0000, 0x0000, 0x0000, 0x0000, 0x0000, 0x0000, 0x0000, 0x0000, 0x0000, 0x0000, 0x0000, 0x0000, 0x0000, 0x0000, 0x0000, 0x0000,
  0x0000, 0x0000, 0x0000, 0x0000, 0x0000, 0x0000, 0x0000, 0x0000, 0x0000, 0x0000, 0x0000, 0x0000, 0x0000, 0x0000, 0x0000, 0x0000,
  0x0841, 0x0000, 0x0000, 0x0000, 0x0021, 0x0842, 0x0863, 0x08A4, 0x1084, 0x10A4, 0x29A8, 0x39E9, 0x3166, 0x7249, 0x9AA9, 0x8A07,
  0xB207, 0xC861, 0xE840, 0xE040, 0xE800, 0x8800, 0x0000, 0x0000, 0x0000, 0x0000, 0x10A4, 0x18E7, 0x29A9, 0x322B, 0x3A4B, 0x3A2A,
  0x31A8, 0x3187, 0x3926, 0x6105, 0xB905, 0xE841, 0xE820, 0xE941, 0xF0C0, 0x9800, 0x0000, 0x1000, 0x2842, 0x38C5, 0x4126, 0x4967,
  0x4167, 0x3926, 0x4967, 0x7209, 0xB2CA, 0xEB6A, 0xF409, 0xFC25, 0xFC64, 0xFB60, 0xFA80, 0xF200, 0xF080, 0xF040, 0xF040, 0xF8C1,
  0xE8E1, 0x9820, 0x4000, 0x1000, 0x1000, 0x1000, 0x0800, 0x0800, 0x1000, 0x2000, 0x3000, 0x3000, 0x3800, 0x3800, 0x5000, 0x8800,
  0x8000, 0x6000, 0x7800, 0x9000, 0x7000, 0x4800, 0x4800, 0x5000, 0x5800, 0x6000, 0x6800, 0x6800, 0x5000, 0x4800, 0x5800, 0x6820,
  0x7040, 0x5840, 0x1800, 0x0000, 0x0000, 0x0000, 0x0021, 0x0021, 0x0022, 0x0863, 0x0000, 0x0000, 0x0863, 0x1106, 0x08A4, 0x0884,
  0x0883, 0x0043, 0x0063, 0x0042, 0x0063, 0x0043, 0x0063, 0x08A4, 0x08A5, 0x08C5, 0x21CA, 0x1947, 0x3A2A, 0x0884, 0x00A5, 0x08E6,
  0x1968, 0x1127, 0x1969, 0x1127, 0x1968, 0x19CA, 0x19CB, 0x2A4D, 0x19AA, 0x328E, 0x2A4C, 0x324C, 0x42EF, 0x3AAD, 0x42EF, 0x3ACE,
  0x1127, 0x08A4, 0x2167, 0x2167, 0x0021, 0x2987, 0x2A6D, 0x328D, 0x42EF, 0x2A2C, 0x19A9, 0x1168, 0x1168, 0x1989, 0x21EB, 0x19AA,
  0x324C, 0x19A9, 0x1968, 0x21C9, 0x1127, 0x0863, 0x0000, 0x0001, 0x08A4, 0x21C9, 0x21CA, 0x2A0B, 0x1969, 0x1148, 0x1968, 0x08E6,
  0x08A4, 0x1126, 0x1127, 0x1127, 0x10E5, 0x08A4, 0x08A5, 0x10E5, 0x21A8, 0x1927, 0x10C5, 0x10A4, 0x0862, 0x10A3, 0x0863, 0x08C4,
  0x0883, 0x0062, 0x0042, 0x0042, 0x0062, 0x08C4, 0x10C5, 0x1926, 0x29A8, 0x08C4, 0x1106, 0x10E5, 0x0883, 0x0021, 0x0041, 0x0862,
  0x0000, 0x0000, 0x0000, 0x0000, 0x0000, 0x0000, 0x0000, 0x0000, 0x0000, 0x0000, 0x0000, 0x0000, 0x0000, 0x0000, 0x0000, 0x0000,
  0x0000, 0x0000, 0x0000, 0x0000, 0x0000, 0x0000, 0x0000, 0x0000, 0x0000, 0x0000, 0x0000, 0x0000, 0x0000, 0x0000, 0x0000, 0x0020,
  0x0000, 0x0000, 0x0000, 0x0001, 0x0821, 0x0842, 0x0863, 0x1083, 0x18C5, 0x2126, 0x3188, 0x2126, 0x4187, 0x8AAA, 0x9A89, 0x9A07,
  0xA944, 0xD800, 0xE122, 0xE8C1, 0xD000, 0x2800, 0x0000, 0x0000, 0x0000, 0x1083, 0x18E6, 0x2169, 0x322A, 0x322A, 0x29C9, 0x31C9,
  0x3188, 0x3946, 0x4905, 0x88E5, 0xD8A3, 0xF020, 0xE920, 0xE860, 0xD020, 0x1800, 0x0800, 0x2821, 0x3883, 0x4105, 0x4146, 0x4967,
  0x4146, 0x4946, 0x79C8, 0x91C7, 0xCA67, 0xF327, 0xF242, 0xFA80, 0xF301, 0xF260, 0xF1E0, 0xF120, 0xF080, 0xF8E0, 0xE0E1, 0x8820,
  0x3800, 0x0800, 0x0800, 0x1000, 0x0800, 0x0800, 0x1000, 0x1800, 0x2800, 0x3000, 0x3000, 0x3800, 0x4800, 0x6800, 0x8000, 0x7000,
  0x5800, 0x5800, 0x5800, 0x4800, 0x3800, 0x4800, 0x4800, 0x4800, 0x5800, 0x5800, 0x6800, 0x5000, 0x4800, 0x6000, 0x6820, 0x4820,
  0x1820, 0x0000, 0x0000, 0x0021, 0x0021, 0x0042, 0x0021, 0x0000, 0x0001, 0x0063, 0x0042, 0x0000, 0x0000, 0x1127, 0x08E5, 0x1107,
  0x08A5, 0x08E6, 0x08A4, 0x1127, 0x1106, 0x0084, 0x1106, 0x1127, 0x1168, 0x21EA, 0x08A4, 0x52CC, 0x0862, 0x0043, 0x08C6, 0x0884,
  0x08C5, 0x1148, 0x322B, 0x1148, 0x2A2C, 0x430F, 0x3AEF, 0x5C55, 0x220B, 0x53B2, 0x5370, 0x1968, 0x42EE, 0x3AAD, 0x3A8D, 0x5370,
  0x326C, 0x322B, 0x2188, 0x18E4, 0x0041, 0x5A07, 0x4AED, 0x19CB, 0x3A8D, 0x5BB2, 0x2A2C, 0x19AA, 0x220B, 0x19EB, 0x19A9, 0x1148,
  0x324B, 0x2A2B, 0x220B, 0x21EB, 0x19CA, 0x1968, 0x1905, 0x0000, 0x0883, 0x00A4, 0x21CA, 0x4B0F, 0x2A4C, 0x328E, 0x220B, 0x2A2B,
  0x1988, 0x1127, 0x1147, 0x1148, 0x1167, 0x0906, 0x1127, 0x10E5, 0x1106, 0x1927, 0x1967, 0x1967, 0x08C5, 0x0883, 0x0042, 0x10E5,
  0x1105, 0x08C4, 0x08A4, 0x0063, 0x0022, 0x0022, 0x0883, 0x08A4, 0x10C4, 0x0883, 0x2167, 0x21A8, 0x08A4, 0x0883, 0x0041, 0x0862,
  0x1082, 0x0000, 0x0000, 0x0000, 0x0000, 0x0000, 0x0000, 0x0000, 0x0000, 0x0000, 0x0000, 0x0000, 0x0000, 0x0000, 0x0000, 0x0000,
  0x0000, 0x0000, 0x0000, 0x0000, 0x0000, 0x0000, 0x0000, 0x0000, 0x0000, 0x0000, 0x0000, 0x0000, 0x0000, 0x0000, 0x0000, 0x0020,
  0x0000, 0x0000, 0x0000, 0x0001, 0x0821, 0x0842, 0x18A3, 0x18A4, 0x18E5, 0x3188, 0x2946, 0x2967, 0x6229, 0x8A69, 0xAAC9, 0xAA27,
  0xC082, 0xE800, 0xD8E1, 0xE000, 0x8000, 0x0000, 0x0000, 0x0000, 0x1063, 0x18C6, 0x1927, 0x29EA, 0x322B, 0x29A9, 0x2988, 0x31A8,
  0x3167, 0x4926, 0x6105, 0xA8C4, 0xE800, 0xF080, 0xE940, 0xF060, 0x5800, 0x0000, 0x2821, 0x3063, 0x40C5, 0x4106, 0x5167, 0x6167,
  0x5947, 0x5126, 0x7146, 0x9945, 0xE183, 0xF1A2, 0xF181, 0xFA41, 0xF9A1, 0xE880, 0xE8E0, 0xF9C1, 0xF9C2, 0xA0A0, 0x3000, 0x0800,
  0x0800, 0x0800, 0x0800, 0x0800, 0x1000, 0x2000, 0x2800, 0x2800, 0x3000, 0x3800, 0x5000, 0x7000, 0x8000, 0x7000, 0x5800, 0x5800,
  0x5800, 0x4800, 0x4000, 0x4000, 0x4000, 0x4800, 0x4800, 0x5800, 0x5000, 0x4000, 0x5000, 0x5800, 0x5800, 0x4820, 0x2000, 0x0000,
  0x0000, 0x0000, 0x0000, 0x0021, 0x0021, 0x0000, 0x0021, 0x0062, 0x0083, 0x0884, 0x0883, 0x0000, 0x0000, 0x08A4, 0x1127, 0x1989,
  0x1968, 0x1127, 0x08A5, 0x1948, 0x1106, 0x1988, 0x1148, 0x21EB, 0x2A0B, 0x324B, 0x428B, 0x18C4, 0x0001, 0x08A5, 0x21CA, 0x1127,
  0x326D, 0x3AEF, 0x4B51, 0x430F, 0x2A6D, 0x3ACF, 0x21EB, 0x3ACE, 0x2A0B, 0x328D, 0x6C54, 0x536F, 0x5BB1, 0x5BF3, 0x3AAD, 0x4B2F,
  0x4AEE, 0x63B0, 0x42AC, 0x62CA, 0x836B, 0xB4AF, 0x6B4D, 0x326D, 0x19A9, 0x21EA, 0x5BB2, 0x4330, 0x220C, 0x222C, 0x2A6D, 0x1168,
  0x1127, 0x3A8D, 0x21C9, 0x1989, 0x328D, 0x21EA, 0x2A0B, 0x0063, 0x0862, 0x424A, 0x1988, 0x0907, 0x2A2C, 0x3ACE, 0x4B2F, 0x3AAE,
  0x220B, 0x328D, 0x326C, 0x3ACE, 0x3AEF, 0x326C, 0x21EA, 0x21EA, 0x2A2B, 0x21CA, 0x08C5, 0x08E5, 0x1106, 0x10C5, 0x10A4, 0x0883,
  0x1947, 0x1947, 0x1967, 0x1947, 0x10E5, 0x0883, 0x0042, 0x0062, 0x08A4, 0x10C4, 0x10E5, 0x10E5, 0x1105, 0x10E5, 0x10C4, 0x0883,
  0x2104, 0x0000, 0x0000, 0x0000, 0x0000, 0x0000, 0x0000, 0x0000, 0x0000, 0x0000, 0x0000, 0x0000, 0x0000, 0x0000, 0x0000, 0x0000,
  0x0000, 0x0000, 0x0000, 0x0000, 0x0000, 0x0000, 0x0000, 0x0000, 0x0000, 0x0000, 0x0000, 0x0000, 0x0000, 0x0000, 0x0841, 0x0000,
  0x0000, 0x0000, 0x0000, 0x0801, 0x0821, 0x1883, 0x1063, 0x18A4, 0x2946, 0x2967, 0x2105, 0x3187, 0x61E8, 0x9A69, 0xAA88, 0x9124,
  0xD840, 0xF0E2, 0xE061, 0xC800, 0x3000, 0x0000, 0x0000, 0x0862, 0x18E6, 0x1906, 0x1968, 0x2A0A, 0x29A9, 0x2188, 0x31A8, 0x3967,
  0x4147, 0x5926, 0x8905, 0xD021, 0xF000, 0xF1A1, 0xF100, 0x9800, 0x0000, 0x2000, 0x3042, 0x38A4, 0x40E5, 0x4946, 0x6966, 0x7167,
  0x5926, 0x78E5, 0xB0E4, 0xB904, 0xD8A2, 0xF962, 0xF9A2, 0xF0C1, 0xF020, 0xF181, 0xF9A1, 0xD901, 0x5820, 0x0800, 0x0000, 0x0800,
  0x0800, 0x0800, 0x1000, 0x1800, 0x2000, 0x2800, 0x2800, 0x4000, 0x6820, 0x6800, 0x7800, 0x8000, 0x5800, 0x5000, 0x5800, 0x4800,
  0x4000, 0x3800, 0x4000, 0x4000, 0x4000, 0x3800, 0x3800, 0x4000, 0x4000, 0x5000, 0x6020, 0x4820, 0x1800, 0x0000, 0x0000, 0x0000,
  0x0000, 0x0021, 0x0000, 0x0000, 0x0021, 0x0042, 0x0042, 0x0063, 0x08A4, 0x2188, 0x10E5, 0x0020, 0x0021, 0x08A5, 0x1948, 0x1148,
  0x1127, 0x1148, 0x1989, 0x10E5, 0x21CA, 0x328D, 0x29EA, 0x21A9, 0x5B4F, 0x1926, 0x39E8, 0x29A8, 0x1948, 0x2188, 0x1968, 0x2A2C,
  0x3ACE, 0x2A6C, 0x2A4C, 0x42CE, 0x21EA, 0x53D3, 0x5B91, 0x5391, 0x6C75, 0x328E, 0x5BB1, 0x63F2, 0x4B2F, 0xADD7, 0x7C53, 0x7C52,
  0x73F0, 0x4ACC, 0x4ACC, 0x39A7, 0xB4AF, 0xBC8D, 0x3145, 0x21A8, 0x3A6C, 0x4B0F, 0x4B50, 0x2A6E, 0x4B2F, 0x6C74, 0x4B71, 0x328E,
  0x326D, 0x2A0B, 0x21EB, 0x1989, 0x2A2B, 0x19A9, 0x1148, 0x21CA, 0x0884, 0x41E7, 0x6B4D, 0x29C9, 0x29EA, 0x1106, 0x1989, 0x19CB,
  0x21EB, 0x324C, 0x326C, 0x42EE, 0x74B5, 0x4B50, 0x326D, 0x4B71, 0x3ACF, 0x4B30, 0x3AAD, 0x326C, 0x21CA, 0x1106, 0x1926, 0x10C4,
  0x0022, 0x1905, 0x29C9, 0x2A0A, 0x21EA, 0x21A8, 0x1926, 0x10C5, 0x0883, 0x0863, 0x0862, 0x10A4, 0x10E5, 0x10C4, 0x2187, 0x2187,
  0x10E4, 0x0841, 0x0000, 0x0000, 0x0000, 0x0000, 0x0000, 0x0000, 0x0000, 0x0000, 0x0000, 0x0000, 0x0000, 0x0000, 0x0000, 0x0000,
  0x0000, 0x0000, 0x0000, 0x0000, 0x0000, 0x0000, 0x0000, 0x0000, 0x0000, 0x0000, 0x0000, 0x0000, 0x0000, 0x0000, 0x0020, 0x0000,
  0x0000, 0x0000, 0x0000, 0x0801, 0x1862, 0x20C4, 0x20C4, 0x2905, 0x2926, 0x2105, 0x2106, 0x3987, 0x7A49, 0x9AAA, 0x99E7, 0xB0E3,
  0xE061, 0xE860, 0xE060, 0x8800, 0x0000, 0x0000, 0x0842, 0x18C5, 0x18E6, 0x1927, 0x21A9, 0x2189, 0x1968, 0x29A8, 0x3168, 0x3947,
  0x4926, 0x7925, 0xC082, 0xE820, 0xF000, 0xF8E0, 0xD840, 0x2800, 0x1000, 0x3021, 0x40A4, 0x40E5, 0x4926, 0x6166, 0x6946, 0x6946,
  0x88E5, 0xB0A4, 0xC8A3, 0xC882, 0xE8A2, 0xF922, 0xE841, 0xE860, 0xF181, 0xF160, 0xA040, 0x2000, 0x0000, 0x0800, 0x0800, 0x0800,
  0x0800, 0x1000, 0x2000, 0x2800, 0x3000, 0x4000, 0x5000, 0x6800, 0x7800, 0x6000, 0x5800, 0x5800, 0x4800, 0x4000, 0x3800, 0x3800,
  0x3800, 0x3800, 0x3000, 0x3000, 0x2800, 0x3000, 0x3000, 0x4000, 0x5020, 0x4820, 0x2000, 0x0000, 0x0000, 0x0000, 0x0000, 0x0000,
  0x0001, 0x0000, 0x0883, 0x0883, 0x0022, 0x08A5, 0x08C5, 0x08E5, 0x19A9, 0x21AA, 0x0883, 0x18E4, 0x0862, 0x1107, 0x2A0B, 0x326D,
  0x1968, 0x08E6, 0x19CB, 0x1948, 0x1967, 0x1106, 0x3A8C, 0x29C9, 0x2167, 0x0862, 0x0883, 0x2188, 0x1947, 0x29C9, 0x1947, 0x320A,
  0x1968, 0x328D, 0x2A0B, 0x21CA, 0x324B, 0x2A4C, 0x4B50, 0x5391, 0x4330, 0x7C73, 0xA576, 0x21CA, 0x5B4F, 0x8C92, 0x21A8, 0x9CF4,
  0xC5F6, 0x9CD3, 0x532E, 0x5B2D, 0x5A8A, 0x3124, 0x0000, 0x0883, 0x2188, 0x2A0B, 0x4B50, 0x430F, 0x42EF, 0x63F2, 0x6C33, 0x4B71,
  0x4B30, 0x42CE, 0x5391, 0x2A6C, 0x4B2F, 0x3ACD, 0x19EB, 0x19AA, 0x1948, 0x0042, 0x5248, 0x942F, 0x52CC, 0x29C9, 0x4ACC, 0x21CA,
  0x19EB, 0x19AA, 0x5391, 0x328E, 0x4B50, 0x5BF2, 0x4330, 0x4330, 0x430F, 0x3ACE, 0x328D, 0x5BD2, 0x5391, 0x3AAD, 0x21CA, 0x1127,
  0x0883, 0x0841, 0x18E5, 0x1147, 0x2A2B, 0x3A8C, 0x326C, 0x326C, 0x322B, 0x1947, 0x0883, 0x0042, 0x0041, 0x0062, 0x1905, 0x2146,
  0x1946, 0x1904, 0x0841, 0x0000, 0x0000, 0x0000, 0x0000, 0x0000, 0x0000, 0x0000, 0x0000, 0x0000, 0x0000, 0x0000, 0x0000, 0x0000,
  0x0000, 0x0000, 0x0000, 0x0000, 0x0000, 0x0000, 0x0000, 0x0000, 0x0000, 0x0000, 0x0000, 0x0000, 0x0000, 0x0861, 0x0000, 0x0000,
  0x0000, 0x0000, 0x0801, 0x0801, 0x1862, 0x1883, 0x3126, 0x3946, 0x18A4, 0x20E5, 0x3167, 0x51A7, 0x79E8, 0x9208, 0x8904, 0xD040,
  0xE000, 0xE000, 0xC000, 0x3000, 0x0000, 0x0821, 0x10A4, 0x18E6, 0x1907, 0x1948, 0x1968, 0x1948, 0x2188, 0x39A8, 0x3147, 0x4147,
  0x5925, 0xA0E4, 0xE000, 0xE840, 0xF060, 0xF860, 0x7800, 0x0800, 0x3021, 0x4063, 0x40E5, 0x4106, 0x5946, 0x6146, 0x5905, 0x80C4,
  0xA062, 0xA083, 0xD083, 0xE083, 0xE062, 0xD800, 0xE8E1, 0xE181, 0xC080, 0x8000, 0x1000, 0x0000, 0x0800, 0x0000, 0x0800, 0x1000,
  0x2000, 0x2000, 0x2000, 0x3000, 0x4800, 0x6820, 0x6800, 0x5800, 0x4000, 0x3800, 0x3800, 0x4000, 0x3800, 0x2800, 0x2800, 0x2800,
  0x2000, 0x2000, 0x2800, 0x2800, 0x2800, 0x4000, 0x5040, 0x4840, 0x2020, 0x0000, 0x0000, 0x0000, 0x0000, 0x0000, 0x0000, 0x0000,
  0x0021, 0x08A4, 0x1106, 0x0884, 0x0063, 0x08A5, 0x1107, 0x0063, 0x42EF, 0x3A6D, 0x0000, 0x0021, 0x0863, 0x1127, 0x1968, 0x1968,
  0x1988, 0x1107, 0x21EB, 0x21EB, 0x3A6C, 0x1967, 0x1105, 0x0883, 0x0041, 0x0041, 0x0021, 0x0021, 0x0021, 0x0042, 0x0862, 0x29A8,
  0x29C9, 0x10E5, 0x1988, 0x2189, 0x430F, 0x5371, 0x2A0A, 0x5370, 0x4B2F, 0x73F0, 0x94F4, 0x3AAE, 0x532F, 0x31E9, 0x5B6E, 0x42AC,
  0x634E, 0xD636, 0x73AE, 0xACD1, 0xB4F1, 0x94B2, 0x3A08, 0x1083, 0x0042, 0x10E5, 0x21A9, 0x4B0E, 0x324C, 0x32AE, 0x326D, 0x4B2F,
  0x63D1, 0x326B, 0x42EE, 0x3ACE, 0x6C53, 0x5BD2, 0x432F, 0x3AAD, 0x1989, 0x21A9, 0x0042, 0x49C6, 0x8BCD, 0x4208, 0x5B0C, 0x31A7,
  0x424A, 0x31C8, 0x21A8, 0x0906, 0x1148, 0x326D, 0x328D, 0x3AAD, 0x53B1, 0x4330, 0x430F, 0x4370, 0x7CB4, 0x9D97, 0x7453, 0x42EE,
  0x1147, 0x0062, 0x1082, 0x3145, 0x1926, 0x2A4B, 0x2A4C, 0x4B2F, 0x6412, 0x432E, 0x324B, 0x29C9, 0x1926, 0x0883, 0x0042, 0x10A3,
  0x1925, 0x10C4, 0x10A2, 0x0000, 0x0000, 0x0000, 0x0000, 0x0000, 0x0000, 0x0000, 0x0000, 0x0000, 0x0000, 0x0000, 0x0000, 0x0000,
  0x0000, 0x0000, 0x0000, 0x0000, 0x0000, 0x0000, 0x0000, 0x0000, 0x0000, 0x0000, 0x0000, 0x0000, 0x0841, 0x0841, 0x0000, 0x0000,
  0x0000, 0x0000, 0x0001, 0x0801, 0x2083, 0x30C4, 0x30E5, 0x28E5, 0x18A4, 0x20E5, 0x3926, 0x5987, 0x6166, 0x7945, 0xA841, 0xD840,
  0xE8C1, 0xE800, 0x9000, 0x0800, 0x0021, 0x1063, 0x18C5, 0x2126, 0x1907, 0x1947, 0x1927, 0x1948, 0x3988, 0x3967, 0x4967, 0x5946,
  0x90E4, 0xD861, 0xE000, 0xF020, 0xF900, 0xB800, 0x1000, 0x2000, 0x3842, 0x40A4, 0x40E5, 0x5126, 0x5946, 0x6125, 0x60A4, 0xA0A3,
  0xB8E3, 0xB042, 0xD842, 0xD042, 0xC000, 0xE8E1, 0xC0E0, 0x9000, 0x6820, 0x0800, 0x0000, 0x0800, 0x0800, 0x1000, 0x1800, 0x2000,
  0x2000, 0x2800, 0x3000, 0x5000, 0x5800, 0x5000, 0x3800, 0x3800, 0x3800, 0x3000, 0x2800, 0x2800, 0x2000, 0x1800, 0x1800, 0x1800,
  0x2000, 0x2800, 0x3000, 0x3800, 0x4820, 0x4840, 0x2020, 0x0000, 0x0000, 0x0000, 0x0000, 0x0000, 0x0000, 0x0000, 0x0000, 0x0084,
  0x0863, 0x0884, 0x0063, 0x0062, 0x08C5, 0x08C5, 0x1127, 0x0906, 0x42CD, 0x29C9, 0x0001, 0x0862, 0x0883, 0x29C9, 0x3A6C, 0x1988,
  0x324B, 0x29A8, 0x29A8, 0x1905, 0x2146, 0x10C4, 0x1926, 0x1946, 0x4AEE, 0x1926, 0x2167, 0x2167, 0x1926, 0x10A3, 0x0021, 0x0000,
  0x0000, 0x0862, 0x10C4, 0x18E5, 0x10C5, 0x320B, 0x324C, 0x42CD, 0x6C12, 0x5B6F, 0x1127, 0x29A9, 0x21EA, 0x29C9, 0x632D, 0x9450,
  0xB533, 0xCD73, 0xD615, 0xDE56, 0xD5F4, 0xC593, 0x7B8E, 0x4AAC, 0x39E9, 0x0842, 0x0021, 0x1967, 0x3A6C, 0x326D, 0x324C, 0x3A8D,
  0x63B0, 0x9515, 0x5BD2, 0x63F2, 0x430F, 0x2A6D, 0x63D2, 0x5BD2, 0x42EE, 0x430F, 0x29EB, 0x0042, 0x20C2, 0x6AA9, 0x734C, 0x31A7,
  0x3A09, 0x7BAE, 0x7B6D, 0x5269, 0x39C8, 0x08A4, 0x08C5, 0x1968, 0x29EA, 0x326D, 0x5391, 0x6433, 0x4B0F, 0x63F2, 0xA596, 0xB618,
  0x7452, 0x29EA, 0x0083, 0x18A3, 0x3945, 0x41C8, 0x2167, 0x21C9, 0x42EE, 0x6412, 0x5390, 0x3AAD, 0x4B4F, 0x3A6B, 0x31E9, 0x10E4,
  0x0042, 0x0021, 0x10A2, 0x0020, 0x0000, 0x0000, 0x0000, 0x0000, 0x0000, 0x0000, 0x0000, 0x0000, 0x0000, 0x0000, 0x0000, 0x0000,
  0x0000, 0x0000, 0x0000, 0x0000, 0x0000, 0x0000, 0x0000, 0x0000, 0x0000, 0x0000, 0x0000, 0x0000, 0x0861, 0x0000, 0x0000, 0x0000,
  0x0000, 0x0000, 0x0801, 0x1021, 0x2062, 0x38E4, 0x30E4, 0x1083, 0x18C4, 0x20A4, 0x50E4, 0x6945, 0x5904, 0xA0C3, 0xD800, 0xE040,
  0xE840, 0xD800, 0x4000, 0x0000, 0x1063, 0x18A4, 0x2926, 0x2106, 0x10E6, 0x1906, 0x1907, 0x2947, 0x3146, 0x4146, 0x5926, 0x90E4,
  0xD082, 0xF000, 0xF000, 0xF0E0, 0xF860, 0x5000, 0x0800, 0x3821, 0x4883, 0x40C4, 0x5925, 0x6146, 0x5105, 0x70C4, 0x7062, 0xB082,
  0xD8C2, 0xD021, 0xC801, 0xB820, 0xD0A0, 0x9860, 0x7800, 0x6840, 0x0800, 0x0000, 0x0800, 0x0800, 0x1000, 0x1800, 0x2000, 0x2000,
  0x2800, 0x4000, 0x4000, 0x3800, 0x3000, 0x3000, 0x3800, 0x3000, 0x2800, 0x1800, 0x1000, 0x1000, 0x1800, 0x1800, 0x2000, 0x3000,
  0x3800, 0x3800, 0x4820, 0x4040, 0x2020, 0x0000, 0x0000, 0x0000, 0x0000, 0x0000, 0x0021, 0x0021, 0x0001, 0x0042, 0x0021, 0x0022,
  0x0042, 0x08A4, 0x10C5, 0x1106, 0x1989, 0x1126, 0x08C5, 0x3A6C, 0x428B, 0x0882, 0x0041, 0x0021, 0x0862, 0x10C4, 0x10E5, 0x0883,
  0x0883, 0x10A4, 0x10C4, 0x10E5, 0x1947, 0x21AA, 0x3A6C, 0x10E5, 0x322B, 0x2168, 0x08A4, 0x29EA, 0x2168, 0x29CA, 0x1927, 0x4A6B,
  0x5AAB, 0x0861, 0x0000, 0x0021, 0x0862, 0x18C4, 0x10A4, 0x10E5, 0x21CA, 0x2A0B, 0x29C9, 0x21A8, 0x532F, 0x1946, 0x52AA, 0x942E,
  0xA46E, 0xC572, 0xDE13, 0xEEF9, 0xDE15, 0xD5F4, 0x9C4E, 0x4229, 0x31C8, 0x424B, 0x4A6B, 0x0862, 0x0021, 0x1926, 0x3A4C, 0x21A9,
  0x1948, 0x532E, 0x3ACD, 0x53B1, 0x6434, 0x3ACE, 0x1989, 0x5391, 0x430F, 0x4B2F, 0x2A2C, 0x5350, 0x21A8, 0x0021, 0x5206, 0x93ED,
  0x7B4C, 0x62CB, 0x528B, 0x41E7, 0x838C, 0x72EA, 0x49C6, 0x10C4, 0x00C5, 0x1148, 0x1989, 0x32CE, 0x5391, 0x328D, 0x430E, 0x7432,
  0x5B8F, 0x6C11, 0x5BB0, 0x1106, 0x1062, 0x5A07, 0x3165, 0x2126, 0x29C9, 0x2A0A, 0x430E, 0x430E, 0x5B90, 0x63D1, 0x4B0D, 0x4AED,
  0x2187, 0x0882, 0x0021, 0x0862, 0x0000, 0x0000, 0x0000, 0x0000, 0x0000, 0x0000, 0x0000, 0x0000, 0x0000, 0x0000, 0x0000, 0x0000,
  0x0000, 0x0000, 0x0000, 0x0000, 0x0000, 0x0000, 0x0000, 0x0000, 0x0000, 0x0000, 0x0000, 0x0020, 0x0020, 0x0000, 0x0000, 0x0000,
  0x0000, 0x0801, 0x0821, 0x1841, 0x30C3, 0x38E4, 0x28C4, 0x1063, 0x20A4, 0x5946, 0x7145, 0x6905, 0xA105, 0xC821, 0xE040, 0xE000,
  0xD800, 0xA000, 0x0800, 0x0021, 0x1883, 0x2906, 0x2947, 0x18E5, 0x18E5, 0x18E5, 0x1906, 0x3126, 0x4105, 0x50E5, 0x78A4, 0xC882,
  0xE820, 0xE800, 0xF100, 0xF8C0, 0xB000, 0x1000, 0x2800, 0x4063, 0x48C4, 0x5905, 0x8166, 0x5926, 0x58C4, 0x7883, 0x9862, 0xD861,
  0xD800, 0xC021, 0xB000, 0xB040, 0x6000, 0x5800, 0x6840, 0x1000, 0x0000, 0x0800, 0x0800, 0x1800, 0x1800, 0x2000, 0x2800, 0x3800,
  0x4800, 0x4800, 0x3800, 0x3000, 0x3000, 0x2800, 0x1800, 0x1000, 0x0800, 0x0800, 0x1800, 0x2800, 0x2800, 0x2800, 0x3000, 0x3800,
  0x4020, 0x4040, 0x2020, 0x0000, 0x0000, 0x0000, 0x0000, 0x0000, 0x0000, 0x0000, 0x0000, 0x0001, 0x0022, 0x0062, 0x0042, 0x10E6,
  0x08C5, 0x08E6, 0x0906, 0x1127, 0x1127, 0x2188, 0x1947, 0x2987, 0x10A3, 0x0021, 0x0862, 0x0042, 0x0883, 0x2147, 0x1106, 0x1947,
  0x320B, 0x1947, 0x21C9, 0x29A9, 0x21A8, 0x21CA, 0x320A, 0x29CA, 0x4B10, 0x428D, 0x1968, 0x29EA, 0x0883, 0x10C4, 0x0883, 0x3A0A,
  0x4AAD, 0x4AAC, 0x39E8, 0x10A3, 0x0001, 0x0841, 0x10A3, 0x0882, 0x1906, 0x1905, 0x2126, 0x1947, 0x1906, 0x31E9, 0x320A, 0x426B,
  0x62CA, 0xAC8F, 0xBD10, 0xDE76, 0xD616, 0xE697, 0xD5D3, 0x6B4D, 0x08C6, 0x426C, 0x426C, 0x2146, 0x2966, 0x0841, 0x0021, 0x1106,
  0x29EA, 0x29EA, 0x1947, 0x1968, 0x326C, 0x4B50, 0x2A0A, 0x3A6C, 0x3A8D, 0x19AA, 0x21CA, 0x4B0F, 0x320B, 0x428C, 0x31C8, 0x1061,
  0x3944, 0x6A47, 0x8B8B, 0x6267, 0x6A66, 0x6246, 0x7AC8, 0x6A47, 0x4186, 0x18A3, 0x0883, 0x1147, 0x21CA, 0x322B, 0x2A2B, 0x7C93,
  0x3A8D, 0x1967, 0x320A, 0x5350, 0x42AC, 0x1926, 0x0842, 0x0821, 0x2924, 0x3166, 0x31C9, 0x29C9, 0x3A8C, 0x6C32, 0x42AC, 0x4AED,
  0x2A09, 0x29E8, 0x10E4, 0x10A3, 0x0841, 0x0000, 0x0000, 0x0000, 0x0000, 0x0000, 0x0000, 0x0000, 0x0000, 0x0000, 0x0000, 0x0000,
  0x0000, 0x0000, 0x0000, 0x0000, 0x0000, 0x0000, 0x0000, 0x0000, 0x0000, 0x0000, 0x0000, 0x0841, 0x0000, 0x0000, 0x0000, 0x0000,
  0x0000, 0x0801, 0x1021, 0x2062, 0x38C4, 0x2083, 0x20A4, 0x20C4, 0x30A4, 0x7125, 0x7904, 0x98E4, 0xD041, 0xD000, 0xD840, 0xC000,
  0xC000, 0x6000, 0x0000, 0x1042, 0x20C5, 0x2926, 0x20E5, 0x18C5, 0x18C5, 0x18C5, 0x2905, 0x50C4, 0x78C4, 0x78A4, 0xB082, 0xD840,
  0xE800, 0xF040, 0xF8A0, 0xF020, 0x4800, 0x1000, 0x3821, 0x4083, 0x48C4, 0x6105, 0x7946, 0x60E5, 0x7083, 0x9062, 0xB021, 0xD000,
  0xC820, 0x9800, 0x8800, 0x4800, 0x5000, 0x6840, 0x1000, 0x0000, 0x0800, 0x0800, 0x1000, 0x2000, 0x2000, 0x2800, 0x3000, 0x3800,
  0x3800, 0x3800, 0x3000, 0x2000, 0x1000, 0x0800, 0x0800, 0x1000, 0x1800, 0x2800, 0x3820, 0x2800, 0x3000, 0x3800, 0x4020, 0x3820,
  0x2020, 0x0000, 0x0000, 0x0000, 0x0000, 0x0000, 0x0000, 0x0000, 0x0000, 0x0000, 0x0042, 0x0022, 0x0042, 0x0083, 0x10E5, 0x08C5,
  0x08E6, 0x1968, 0x21EA, 0x10A4, 0x0863, 0x0883, 0x08A3, 0x1946, 0x1927, 0x1947, 0x1947, 0x320A, 0x31EA, 0x3A6C, 0x322B, 0x10E5,
  0x2168, 0x3A8E, 0x42CD, 0x2168, 0x29C9, 0x2167, 0x2988, 0x428C, 0x29A8, 0x1926, 0x320A, 0x10E5, 0x4ACE, 0x4AEE, 0x0042, 0x29A9,
  0x2189, 0x10C4, 0x4AAD, 0x428C, 0x3A0A, 0x10A3, 0x0000, 0x0000, 0x0862, 0x10A3, 0x4A08, 0x2125, 0x1106, 0x1946, 0x0883, 0x1925,
  0x5A89, 0x7AE8, 0xC571, 0xC572, 0xDE15, 0x9BCB, 0x834A, 0x736D, 0x426B, 0x428C, 0x31EA, 0x29C9, 0x2189, 0x31E9, 0x2125, 0x0842,
  0x0863, 0x10C5, 0x2188, 0x29A8, 0x2168, 0x1947, 0x1946, 0x1127, 0x4AED, 0x42EF, 0x2A0C, 0x32AE, 0x1988, 0x31E9, 0x7433, 0x42AD,
  0x0884, 0x0841, 0x1062, 0x0000, 0x0000, 0x0883, 0x10C4, 0x1083, 0x28E3, 0x28E3, 0x0841, 0x0000, 0x08A4, 0x10C5, 0x1967, 0x1988,
  0x3A6B, 0x9D35, 0x21A8, 0x1989, 0x4B0E, 0x6C12, 0x324B, 0x2187, 0x10A3, 0x1082, 0x18E4, 0x2125, 0x2167, 0x21A8, 0x21C8, 0x29A8,
  0x31E9, 0x29C8, 0x3A08, 0x3185, 0x2924, 0x0000, 0x0000, 0x0000, 0x0000, 0x0000, 0x0000, 0x0000, 0x0000, 0x0000, 0x0000, 0x0000,
  0x0000, 0x0000, 0x0000, 0x0000, 0x0000, 0x0000, 0x0000, 0x0000, 0x0000, 0x0000, 0x0020, 0x0020, 0x0000, 0x0000, 0x0000, 0x0000,
  0x0000, 0x0821, 0x1021, 0x2042, 0x38C3, 0x28A3, 0x30A4, 0x30C4, 0x58C4, 0x78C4, 0x80A3, 0xB882, 0xC020, 0xD860, 0xC800, 0xA000,
  0xB800, 0x2000, 0x0821, 0x2083, 0x2906, 0x20E5, 0x18C4, 0x18C4, 0x18A4, 0x20C5, 0x40C4, 0x7883, 0x9083, 0xB861, 0xE840, 0xC800,
  0xE800, 0xF121, 0xF901, 0xA000, 0x1000, 0x3021, 0x3842, 0x4083, 0x50E4, 0x60E4, 0x68C4, 0x6083, 0x7841, 0x9800, 0xB000, 0xB000,
  0x9800, 0x7000, 0x3000, 0x4800, 0x6040, 0x1000, 0x0000, 0x0800, 0x1000, 0x1000, 0x2000, 0x2800, 0x3000, 0x3000, 0x3000, 0x3800,
  0x3820, 0x2800, 0x1000, 0x0800, 0x0800, 0x1800, 0x2000, 0x2800, 0x2800, 0x2800, 0x3000, 0x3800, 0x4020, 0x3020, 0x1820, 0x0000,
  0x0000, 0x0000, 0x0000, 0x0000, 0x0000, 0x0000, 0x0001, 0x0021, 0x0000, 0x0063, 0x08A4, 0x0063, 0x10C5, 0x08E5, 0x0883, 0x08A4,
  0x1147, 0x1947, 0x324C, 0x0021, 0x0883, 0x10C5, 0x1927, 0x29EA, 0x1148, 0x3A4B, 0x4AEE, 0x2188, 0x10C5, 0x08A4, 0x29A9, 0x3A4B,
  0x2188, 0x31CA, 0x2126, 0x2967, 0x31A8, 0x2987, 0x2967, 0x39E9, 0x18C4, 0x29C9, 0x532F, 0x10A4, 0x31EB, 0x3A4B, 0x2147, 0x4AAD,
  0x1906, 0x2946, 0x2125, 0x1082, 0x424B, 0x424B, 0x29A8, 0x18E4, 0x0000, 0x0000, 0x0000, 0x10A3, 0x10A4, 0x1906, 0x10C4, 0x18E5,
  0x29A8, 0x2945, 0x6AA8, 0x834A, 0xA42E, 0x6289, 0x2125, 0x62EB, 0x8BEE, 0x3A0A, 0x29CA, 0x29EA, 0x5B0E, 0x422A, 0x428C, 0x39E9,
  0x18C4, 0x0820, 0x0000, 0x0863, 0x08A4, 0x1927, 0x31E9, 0x324C, 0x2A0B, 0x3ACE, 0x1989, 0x2A4C, 0x3ACE, 0x4B2F, 0x324C, 0x5B70,
  0x29EA, 0x4A8B, 0x4A6B, 0x428B, 0x29C9, 0x320A, 0x530F, 0x1989, 0x2147, 0x5A6A, 0x4A07, 0x20C3, 0x0821, 0x0000, 0x1105, 0x2147,
  0x1946, 0x5ACB, 0x73AF, 0x42AC, 0x1127, 0x21EA, 0x1947, 0x42AC, 0x428C, 0x21A9, 0x2187, 0x10C4, 0x0841, 0x0841, 0x0883, 0x18C3,
  0x5ACA, 0x39C7, 0x4208, 0x39A6, 0x2924, 0x0841, 0x0000, 0x0000, 0x0000, 0x0000, 0x0000, 0x0000, 0x0000, 0x0000, 0x0000, 0x0000,
  0x0000, 0x0000, 0x0000, 0x0000, 0x0000, 0x0000, 0x0000, 0x0000, 0x0000, 0x0000, 0x0041, 0x0000, 0x0000, 0x0000, 0x0000, 0x0000,
  0x0801, 0x0821, 0x1821, 0x40E4, 0x69A6, 0x30C4, 0x38C4, 0x3883, 0x60A3, 0x78C4, 0x8862, 0xB821, 0xD020, 0xD800, 0xA800, 0xC800,
  0x8800, 0x0000, 0x1842, 0x20A4, 0x20C5, 0x20A4, 0x20C4, 0x18A4, 0x18A4, 0x38A4, 0x7083, 0x9083, 0xA861, 0xE040, 0xE040, 0xD800,
  0xF060, 0xF9C2, 0xE800, 0x4000, 0x2000, 0x4021, 0x4862, 0x48A3, 0x48A3, 0x68C3, 0x6883, 0x6041, 0x9000, 0xA000, 0x9800, 0x9800,
  0x7000, 0x3000, 0x4800, 0x6040, 0x1000, 0x0000, 0x0800, 0x1000, 0x1000, 0x2000, 0x2000, 0x2800, 0x3000, 0x3800, 0x4020, 0x2800,
  0x1000, 0x0800, 0x1000, 0x2000, 0x2800, 0x2800, 0x2800, 0x2000, 0x2800, 0x3800, 0x4020, 0x3020, 0x1000, 0x0000, 0x0000, 0x0000,
  0x0000, 0x0000, 0x0000, 0x0021, 0x0000, 0x0862, 0x0021, 0x0083, 0x0063, 0x0042, 0x0883, 0x0063, 0x08C4, 0x1127, 0x2189, 0x1948,
  0x1988, 0x10E5, 0x10A4, 0x2167, 0x1927, 0x21A8, 0x1906, 0x1947, 0x29EA, 0x31C9, 0x426B, 0x1106, 0x2188, 0x2168, 0x6370, 0x4209,
  0x3986, 0x39A7, 0x3187, 0x634F, 0x3A0A, 0x3187, 0x18C3, 0x2104, 0x1882, 0x18A3, 0x18A3, 0x1062, 0x0842, 0x1083, 0x18A3, 0x20C4,
  0x2105, 0x1041, 0x18C4, 0x1062, 0x1862, 0x1062, 0x2105, 0x39E9, 0x31EA, 0x2126, 0x0862, 0x0000, 0x0000, 0x0000, 0x0021, 0x0842,
  0x1906, 0x10A4, 0x2146, 0x18E5, 0x31A8, 0x5AED, 0x52CC, 0x3A09, 0x3A2A, 0x31C9, 0x29EA, 0x2167, 0x52AC, 0x636E, 0x1967, 0x4ACD,
  0x322B, 0x2967, 0x5A06, 0x5163, 0x1000, 0x0883, 0x1926, 0x10E4, 0x18E5, 0x3A6C, 0x2188, 0x29EA, 0x5B70, 0x42EE, 0x19A9, 0x42AD,
  0x5371, 0x29C9, 0x8C0F, 0x4A49, 0x3A6B, 0x3A8D, 0x3AAE, 0x21CA, 0x1968, 0x422A, 0x62AA, 0x734C, 0x4A07, 0x2903, 0x0020, 0x0863,
  0x2988, 0x1926, 0x10C4, 0x52ED, 0x29E9, 0x1147, 0x1106, 0x2188, 0x1927, 0x324B, 0x3ACD, 0x3A6C, 0x29E9, 0x29A8, 0x10E4, 0x0862,
  0x0000, 0x0862, 0x18E4, 0x1904, 0x1083, 0x0841, 0x0000, 0x0000, 0x0000, 0x0000, 0x0000, 0x0000, 0x0000, 0x0000, 0x0000, 0x0000,
  0x0000, 0x0000, 0x0000, 0x0000, 0x0000, 0x0000, 0x0000, 0x0000, 0x0000, 0x0020, 0x0841, 0x0000, 0x0000, 0x0000, 0x0000, 0x0801,
  0x0821, 0x1021, 0x2062, 0x2883, 0x28A3, 0x2883, 0x3883, 0x58C4, 0x5062, 0x78A3, 0xA082, 0xC040, 0xD861, 0xA000, 0xB000, 0xD800,
  0x3800, 0x0821, 0x2063, 0x20A4, 0x1883, 0x20A3, 0x20A4, 0x18A4, 0x28A4, 0x5063, 0x7842, 0xB041, 0xD000, 0xD000, 0xC800, 0xE000,
  0xF121, 0xF8C1, 0x9800, 0x1800, 0x3821, 0x4842, 0x5083, 0x48A3, 0x50A3, 0x7883, 0x7021, 0x8800, 0xA000, 0x9800, 0x9000, 0x6800,
  0x3000, 0x4800, 0x6040, 0x1000, 0x0000, 0x0800, 0x1000, 0x1800, 0x2000, 0x2000, 0x2000, 0x3000, 0x3800, 0x3000, 0x1800, 0x1000,
  0x1800, 0x2000, 0x2800, 0x2800, 0x2800, 0x2800, 0x3000, 0x4020, 0x3820, 0x2820, 0x1000, 0x0000, 0x0000, 0x0000, 0x0000, 0x0000,
  0x0000, 0x0000, 0x0000, 0x0021, 0x0042, 0x0042, 0x0063, 0x0063, 0x08A4, 0x0062, 0x08C5, 0x0906, 0x1947, 0x1947, 0x1106, 0x1968,
  0x2987, 0x0000, 0x2147, 0x1947, 0x1927, 0x29A9, 0x21A9, 0x42AD, 0x1947, 0x10E5, 0x1926, 0x1947, 0x2125, 0x39A7, 0x3167, 0x1062,
  0x41E8, 0x528B, 0x3966, 0x38C3, 0x30C3, 0x1841, 0x2000, 0x2882, 0x1862, 0x1841, 0x2841, 0x2062, 0x2862, 0x1841, 0x1041, 0x1861,
  0x2905, 0x20A3, 0x3987, 0x18A3, 0x1083, 0x10A4, 0x0820, 0x1041, 0x20E5, 0x2946, 0x2967, 0x2146, 0x0862, 0x0020, 0x0000, 0x0000,
  0x1041, 0x10A3, 0x2146, 0x10C4, 0x0042, 0x10C5, 0x0883, 0x10C4, 0x2147, 0x2147, 0x1106, 0x428C, 0x3A09, 0x2126, 0x426A, 0x4AED,
  0x29EA, 0x10E6, 0x834B, 0xEE75, 0xC4CE, 0x3902, 0x0000, 0x2105, 0x10C4, 0x1968, 0x324B, 0x29A9, 0x3A6D, 0x29EA, 0x2A0A, 0x63F2,
  0x3A4B, 0x00A5, 0x736D, 0x5A27, 0x0000, 0x320A, 0x2A4C, 0x21CA, 0x21CA, 0x00A5, 0x0906, 0x1926, 0x2125, 0x5249, 0x3165, 0x20E3,
  0x0821, 0x0883, 0x10C4, 0x1926, 0x1905, 0x1106, 0x1127, 0x29E9, 0x3A4B, 0x21A9, 0x1968, 0x1127, 0x1968, 0x322A, 0x29E9, 0x29C9,
  0x29E9, 0x2188, 0x10E5, 0x0882, 0x0041, 0x0841, 0x0020, 0x0000, 0x0000, 0x0000, 0x0000, 0x0000, 0x0000, 0x0000, 0x0000, 0x0000,
  0x0000, 0x0000, 0x0000, 0x0000, 0x0000, 0x0000, 0x0000, 0x0000, 0x0000, 0x1082, 0x0000, 0x0000, 0x0000, 0x0000, 0x0000, 0x0821,
  0x1021, 0x1842, 0x2883, 0x28A3, 0x2083, 0x30A3, 0x48A3, 0x68E4, 0x70A3, 0x9062, 0xA021, 0xA000, 0xA800, 0xA000, 0xE820, 0xA000,
  0x0800, 0x1842, 0x2083, 0x1883, 0x20A4, 0x20A4, 0x18A4, 0x20A4, 0x4083, 0x5062, 0x8841, 0xC800, 0xC000, 0xB800, 0xD000, 0xF020,
  0xF901, 0xE000, 0x3800, 0x2000, 0x4842, 0x5063, 0x4883, 0x4083, 0x6083, 0x9041, 0xB020, 0xB800, 0xB800, 0xB000, 0x6000, 0x3000,
  0x5000, 0x5020, 0x1000, 0x0000, 0x1000, 0x1000, 0x1800, 0x2000, 0x2800, 0x3000, 0x3000, 0x2800, 0x1800, 0x1800, 0x2000, 0x2800,
  0x2800, 0x2000, 0x2800, 0x3000, 0x3820, 0x4820, 0x3820, 0x1820, 0x0800, 0x0000, 0x0000, 0x0000, 0x0000, 0x0000, 0x0001, 0x0021,
  0x0021, 0x0022, 0x0042, 0x0021, 0x0062, 0x0062, 0x0883, 0x0883, 0x08E6, 0x0884, 0x10E5, 0x1127, 0x0042, 0x1106, 0x320A, 0x2966,
  0x0000, 0x2167, 0x2189, 0x31EA, 0x2167, 0x18E5, 0x3A2A, 0x31C9, 0x0862, 0x20E4, 0x31A8, 0x3A09, 0x5A08, 0x51A6, 0x3904, 0x5209,
  0x30E4, 0x40A3, 0x38C3, 0x2820, 0x2820, 0x3082, 0x2061, 0x2041, 0x30E4, 0x28A3, 0x1821, 0x1882, 0x2041, 0x1820, 0x28C4, 0x1883,
  0x0821, 0x1021, 0x1820, 0x1842, 0x0842, 0x1882, 0x1042, 0x1841, 0x28A3, 0x28E4, 0x1862, 0x18C4, 0x18A3, 0x2146, 0x18E4, 0x1082,
  0x0841, 0x0000, 0x0000, 0x0841, 0x0841, 0x2945, 0x18E4, 0x1083, 0x0021, 0x10C4, 0x0883, 0x1926, 0x10E6, 0x39E9, 0x5B0E, 0x31EA,
  0x2168, 0x3A6C, 0x2105, 0x6A48, 0xD591, 0xDD2E, 0x38E2, 0x0000, 0x0021, 0x0883, 0x1906, 0x1905, 0x1906, 0x3A8D, 0x29EA, 0x3A6C,
  0x5B70, 0x6BF2, 0x3A09, 0x9C70, 0x0820, 0x0841, 0x42CE, 0x2A2B, 0x3A8D, 0x1989, 0x21EB, 0x222D, 0x32AE, 0x08E6, 0x1947, 0x2146,
  0x3166, 0x2904, 0x0000, 0x0041, 0x0862, 0x0883, 0x08A4, 0x1106, 0x320A, 0x21A8, 0x3A09, 0x3A08, 0x08C4, 0x08E5, 0x1127, 0x29EA,
  0x3A6B, 0x29EA, 0x2188, 0x1926, 0x10C4, 0x0883, 0x1082, 0x0000, 0x0000, 0x0000, 0x0000, 0x0000, 0x0000, 0x0000, 0x0000, 0x0000,
  0x0000, 0x0000, 0x0000, 0x0000, 0x0000, 0x0000, 0x0000, 0x0000, 0x0841, 0x0862, 0x0000, 0x0000, 0x0000, 0x0000, 0x0821, 0x0821,
  0x1042, 0x2083, 0x1842, 0x2062, 0x28A3, 0x3083, 0x60A4, 0x7904, 0x8082, 0x8821, 0x8041, 0x7820, 0x9000, 0xD800, 0xE800, 0x4000,
  0x0021, 0x2063, 0x1883, 0x28C4, 0x30C4, 0x20A4, 0x1883, 0x2883, 0x3083, 0x4862, 0x9841, 0xB000, 0xA800, 0xC800, 0xE800, 0xF0C0,
  0xF860, 0x9000, 0x1000, 0x3821, 0x5062, 0x5083, 0x3883, 0x4882, 0x7821, 0xA800, 0xC820, 0xC800, 0xD800, 0x8800, 0x4000, 0x6020,
  0x4820, 0x0800, 0x0000, 0x1000, 0x1800, 0x1800, 0x2800, 0x3800, 0x3000, 0x2800, 0x2000, 0x2000, 0x2000, 0x2800, 0x2800, 0x2800,
  0x2800, 0x3820, 0x4020, 0x3820, 0x2820, 0x1000, 0x0000, 0x0000, 0x0000, 0x0000, 0x0000, 0x0000, 0x0000, 0x0021, 0x0021, 0x0021,
  0x0021, 0x0021, 0x0063, 0x0062, 0x08A4, 0x0063, 0x08E5, 0x10E5, 0x08E5, 0x21A9, 0x1927, 0x29EA, 0x2168, 0x29C9, 0x18E4, 0x08C4,
  0x29EA, 0x2167, 0x1905, 0x2967, 0x31A8, 0x18C4, 0x2925, 0x4A09, 0x20E4, 0x49C8, 0x5229, 0x30C3, 0x61A6, 0x4165, 0x3882, 0x50E3,
  0x2820, 0x4020, 0x3041, 0x2882, 0x2041, 0x2841, 0x48C3, 0x2882, 0x1820, 0x2862, 0x28C3, 0x1862, 0x1841, 0x1000, 0x1821, 0x1021,
  0x1041, 0x1841, 0x0821, 0x1021, 0x0800, 0x1820, 0x1841, 0x1021, 0x1021, 0x1841, 0x0820, 0x1841, 0x30E3, 0x1061, 0x28E5, 0x2905,
  0x2946, 0x2105, 0x0861, 0x0000, 0x0000, 0x1862, 0x20A3, 0x41A7, 0x1083, 0x0841, 0x0020, 0x0021, 0x0883, 0x2148, 0x2189, 0x2147,
  0x322B, 0x1926, 0x10E6, 0x18A4, 0x5165, 0x8286, 0x7A26, 0x59C7, 0x20C3, 0x0000, 0x0000, 0x0862, 0x10C4, 0x3A2B, 0x320A, 0x1927,
  0x320A, 0x42AC, 0x3A0A, 0xACB1, 0x72A8, 0x0000, 0x2987, 0x29EA, 0x21A9, 0x19AA, 0x21EB, 0x2A2C, 0x5BD2, 0x2A0B, 0x21EB, 0x1168,
  0x1948, 0x1905, 0x18E4, 0x10A3, 0x0821, 0x0841, 0x0841, 0x0883, 0x08A4, 0x1105, 0x1926, 0x734C, 0x18E4, 0x08E5, 0x320A, 0x1126,
  0x1947, 0x1106, 0x10E5, 0x1946, 0x1105, 0x10C4, 0x10A3, 0x0020, 0x0000, 0x0000, 0x0000, 0x0000, 0x0000, 0x0000, 0x0000, 0x0000,
  0x0000, 0x0000, 0x0000, 0x0000, 0x0000, 0x0000, 0x0000, 0x0000, 0x0863, 0x0020, 0x0000, 0x0000, 0x0000, 0x0000, 0x0821, 0x1021,
  0x1842, 0x1842, 0x1842, 0x2062, 0x2883, 0x4883, 0x68C4, 0x7082, 0x8821, 0x6000, 0x6020, 0x8820, 0xC000, 0xF000, 0x9800, 0x0000,
  0x1842, 0x2063, 0x2083, 0x30C4, 0x28A4, 0x1883, 0x2083, 0x2883, 0x2883, 0x5842, 0x9000, 0xB000, 0xB800, 0xD800, 0xF000, 0xF060,
  0xE000, 0x4000, 0x2821, 0x4822, 0x5062, 0x4883, 0x4062, 0x5821, 0x8000, 0x8800, 0xB800, 0xD000, 0x9000, 0x4800, 0x5820, 0x3820,
  0x0800, 0x0800, 0x1800, 0x1800, 0x2000, 0x2800, 0x3000, 0x2800, 0x2000, 0x2000, 0x2800, 0x3000, 0x2800, 0x2800, 0x3000, 0x3020,
  0x3020, 0x2020, 0x1000, 0x0000, 0x0000, 0x0000, 0x0000, 0x0000, 0x0000, 0x0000, 0x0000, 0x0000, 0x0021, 0x0884, 0x0021, 0x0042,
  0x0042, 0x0042, 0x0883, 0x0062, 0x0863, 0x1147, 0x1148, 0x29EA, 0x1905, 0x08C4, 0x2167, 0x31C9, 0x1926, 0x0021, 0x08A4, 0x2188,
  0x31E9, 0x1083, 0x1905, 0x2147, 0x1062, 0x5A8B, 0x49C8, 0x2841, 0x5166, 0x2882, 0x2041, 0x40A2, 0x5061, 0x4061, 0x1800, 0x2000,
  0x3061, 0x2041, 0x2841, 0x3862, 0x3082, 0x3041, 0x2800, 0x2820, 0x2020, 0x1800, 0x1800, 0x1000, 0x2820, 0x2020, 0x2020, 0x1000,
  0x1000, 0x1821, 0x1021, 0x1020, 0x0800, 0x1000, 0x1020, 0x0800, 0x1020, 0x1000, 0x1000, 0x1020, 0x0800, 0x1020, 0x2041, 0x1020,
  0x20A3, 0x2905, 0x18E4, 0x2967, 0x1083, 0x1062, 0x0820, 0x1020, 0x1041, 0x1862, 0x1062, 0x18A3, 0x1083, 0x1083, 0x1083, 0x0863,
  0x18E5, 0x0021, 0x10C5, 0x1946, 0x10A4, 0x1083, 0x20A3, 0x7207, 0x69E7, 0x3925, 0x3125, 0x0841, 0x0000, 0x10A3, 0x2146, 0x18C4,
  0x10C5, 0x31E9, 0x2187, 0x41A7, 0x9308, 0x0820, 0x0000, 0x10A4, 0x3A4C, 0x328D, 0x2A6E, 0x326D, 0x1989, 0x29C9, 0x42EF, 0x21EA,
  0x324C, 0x21A9, 0x1926, 0x1947, 0x2167, 0x10A4, 0x0020, 0x0020, 0x0021, 0x0883, 0x0883, 0x10C4, 0x1082, 0x0021, 0x1106, 0x10E5,
  0x1106, 0x1126, 0x1105, 0x08A4, 0x10E5, 0x0883, 0x0042, 0x0862, 0x0000, 0x0000, 0x0000, 0x0000, 0x0000, 0x0000, 0x0000, 0x0000,
  0x0000, 0x0000, 0x0000, 0x0000, 0x0000, 0x0000, 0x0000, 0x0020, 0x10A2, 0x0000, 0x0000, 0x0000, 0x0000, 0x0801, 0x0821, 0x1042,
  0x1042, 0x1021, 0x2083, 0x2083, 0x3862, 0x7062, 0x6842, 0x7841, 0x8021, 0x5800, 0x7000, 0xB000, 0xE800, 0xD000, 0x2800, 0x0001,
  0x1842, 0x1863, 0x28A4, 0x38C4, 0x2883, 0x2083, 0x2883, 0x2063, 0x3862, 0x7821, 0xB800, 0xB000, 0xA000, 0xD800, 0xF0A1, 0xF820,
  0x8800, 0x1800, 0x4021, 0x5882, 0x4862, 0x3841, 0x5000, 0x7000, 0x7000, 0x9000, 0xC000, 0x8000, 0x4000, 0x4000, 0x1800, 0x0800,
  0x1000, 0x1800, 0x2000, 0x2800, 0x2800, 0x2800, 0x2000, 0x2800, 0x2800, 0x3000, 0x3000, 0x3000, 0x2820, 0x2020, 0x1800, 0x0800,
  0x0000, 0x0000, 0x0000, 0x0000, 0x0000, 0x0000, 0x0000, 0x0000, 0x0000, 0x0000, 0x0021, 0x0021, 0x0001, 0x0000, 0x0021, 0x0042,
  0x0063, 0x1106, 0x08A4, 0x1168, 0x21A9, 0x10E5, 0x1126, 0x08A4, 0x10C4, 0x1947, 0x0862, 0x1083, 0x10C5, 0x10C5, 0x1106, 0x18C4,
  0x41A7, 0x4166, 0x4125, 0x6AAB, 0x4186, 0x4082, 0x4082, 0x2841, 0x40E4, 0x40C3, 0x2841, 0x2841, 0x2800, 0x2020, 0x2841, 0x4882,
  0x2841, 0x3020, 0x3841, 0x1800, 0x2800, 0x3000, 0x1000, 0x2000, 0x2000, 0x2020, 0x3020, 0x2000, 0x2000, 0x1800, 0x1800, 0x2000,
  0x1800, 0x2000, 0x1800, 0x2000, 0x1800, 0x2020, 0x2000, 0x2000, 0x1800, 0x1000, 0x1000, 0x1000, 0x1820, 0x1020, 0x1020, 0x1000,
  0x1021, 0x1021, 0x1000, 0x2082, 0x20C4, 0x18C4, 0x18C4, 0x18C4, 0x0842, 0x1041, 0x1021, 0x1041, 0x0820, 0x0821, 0x1882, 0x1041,
  0x18A3, 0x1083, 0x0862, 0x1926, 0x10C4, 0x10A4, 0x1906, 0x28E5, 0x28C3, 0x3124, 0x3945, 0x20A3, 0x2925, 0x1082, 0x0000, 0x0821,
  0x18C4, 0x29A8, 0x2126, 0x1905, 0x5A27, 0x8AE8, 0x0000, 0x0041, 0x2126, 0x3A4C, 0x21CA, 0x2A4C, 0x220B, 0x19A9, 0x322B, 0x21C9,
  0x3AAD, 0x5BB1, 0x3A6C, 0x1927, 0x2167, 0x322A, 0x08A4, 0x10C3, 0x10C4, 0x0021, 0x0000, 0x0841, 0x3166, 0x18C3, 0x0001, 0x0863,
  0x0883, 0x10C4, 0x2188, 0x10E5, 0x1105, 0x1105, 0x0862, 0x1082, 0x0020, 0x0000, 0x0000, 0x0000, 0x0000, 0x0000, 0x0000, 0x0000,
  0x0000, 0x0000, 0x0000, 0x0000, 0x0000, 0x0000, 0x0000, 0x18C3, 0x0021, 0x0000, 0x0000, 0x0000, 0x0000, 0x0801, 0x0821, 0x1021,
  0x1021, 0x1042, 0x1862, 0x2042, 0x6062, 0x8062, 0x7021, 0x7800, 0x7021, 0x6800, 0xA020, 0xD800, 0xE000, 0x6800, 0x0000, 0x1842,
  0x1842, 0x1862, 0x40E4, 0x40C4, 0x2883, 0x2883, 0x2062, 0x3062, 0x6041, 0xA040, 0xA800, 0xA000, 0xB000, 0xE800, 0xF820, 0xD820,
  0x3800, 0x2800, 0x5861, 0x68A3, 0x3841, 0x3800, 0x6000, 0x6000, 0x8800, 0xA800, 0x5800, 0x2000, 0x1000, 0x0800, 0x0800, 0x1800,
  0x2000, 0x2800, 0x2800, 0x2800, 0x2800, 0x2800, 0x3000, 0x3000, 0x3000, 0x3020, 0x2820, 0x1800, 0x0800, 0x0000, 0x0000, 0x0000,
  0x0000, 0x0000, 0x0000, 0x0000, 0x0000, 0x0000, 0x0000, 0x0000, 0x0000, 0x0021, 0x0001, 0x0000, 0x0883, 0x0042, 0x0883, 0x0862,
  0x0883, 0x08A4, 0x08A4, 0x10E6, 0x1106, 0x0862, 0x1905, 0x18E5, 0x1926, 0x2168, 0x2126, 0x18C5, 0x31A8, 0x2905, 0x3146, 0x20C3,
  0x28A3, 0x4104, 0x2146, 0x2146, 0x2147, 0x2967, 0x2967, 0x2967, 0x2967, 0x2946, 0x3146, 0x3146, 0x3946, 0x3925, 0x3905, 0x38E4,
  0x38C4, 0x30C3, 0x30A2, 0x3082, 0x2862, 0x2820, 0x2000, 0x2000, 0x3020, 0x3000, 0x3000, 0x3820, 0x3020, 0x2800, 0x3820, 0x3020,
  0x3020, 0x3020, 0x2840, 0x3020, 0x2820, 0x2820, 0x3041, 0x3041, 0x2820, 0x2821, 0x2821, 0x2820, 0x3041, 0x2821, 0x2821, 0x2020,
  0x1000, 0x1800, 0x2020, 0x1820, 0x1820, 0x1000, 0x1021, 0x1862, 0x20C4, 0x18A3, 0x18C4, 0x1082, 0x0862, 0x0841, 0x0820, 0x0820,
  0x1862, 0x1062, 0x0841, 0x1062, 0x0841, 0x1082, 0x3146, 0x18A3, 0x2945, 0x3145, 0x18A3, 0x18C4, 0x3125, 0x51E8, 0x28E4, 0x1062,
  0x0021, 0x0841, 0x18A3, 0x4A4A, 0x426B, 0x8B8C, 0x7AA7, 0x0800, 0x0021, 0x0862, 0x1926, 0x3AAE, 0x3AAE, 0x2189, 0x1927, 0x4B50,
  0x326D, 0x326D, 0x2A2C, 0x21A9, 0x42AD, 0x2188, 0x2188, 0x2146, 0x10C5, 0x2188, 0x10C4, 0x0042, 0x18C4, 0x3A09, 0x2126, 0x0862,
  0x0000, 0x0000, 0x0042, 0x0863, 0x0862, 0x10A3, 0x10A3, 0x0883, 0x1082, 0x0000, 0x0000, 0x0000, 0x0000, 0x0000, 0x0000, 0x0000,
  0x0000, 0x0000, 0x0000, 0x0000, 0x0000, 0x0000, 0x0020, 0x10A2, 0x0000, 0x0000, 0x0000, 0x0000, 0x0001, 0x0821, 0x0821, 0x1021,
  0x1021, 0x1842, 0x1841, 0x3041, 0x5821, 0x8020, 0x9841, 0x8000, 0x5800, 0x7800, 0xC800, 0xE800, 0xB020, 0x0800, 0x0821, 0x1863,
  0x1862, 0x30A3, 0x5104, 0x40C3, 0x2883, 0x2842, 0x2842, 0x4841, 0x8800, 0xA800, 0x9000, 0xA000, 0xD800, 0xF020, 0xF000, 0x7800,
  0x1800, 0x5041, 0x6862, 0x4041, 0x3020, 0x5000, 0x5000, 0x7800, 0x8000, 0x3800, 0x0800, 0x0800, 0x1000, 0x1000, 0x1800, 0x2000,
  0x2800, 0x2800, 0x2000, 0x2800, 0x3020, 0x3000, 0x3000, 0x2820, 0x2020, 0x0800, 0x0000, 0x0000, 0x0000, 0x0000, 0x0000, 0x0000,
  0x0000, 0x0000, 0x0000, 0x0000, 0x0000, 0x0000, 0x0001, 0x0000, 0x0021, 0x0021, 0x0021, 0x0042, 0x0021, 0x0063, 0x08A4, 0x0863,
  0x08A4, 0x1906, 0x0882, 0x10C4, 0x1926, 0x29C9, 0x18E5, 0x10E5, 0x1083, 0x1062, 0x3146, 0x28E4, 0x4166, 0x3146, 0x1926, 0x1926,
  0x1926, 0x2126, 0x2146, 0x2146, 0x2147, 0x2967, 0x2967, 0x2967, 0x2967, 0x2946, 0x3146, 0x3146, 0x3946, 0x3925, 0x3905, 0x38E4,
  0x38C3, 0x30A3, 0x3082, 0x3082, 0x2861, 0x2841, 0x2841, 0x2041, 0x2041, 0x2041, 0x1800, 0x2020, 0x1000, 0x0800, 0x0800, 0x0800,
  0x0800, 0x0000, 0x0000, 0x0000, 0x0000, 0x0000, 0x0000, 0x0000, 0x0800, 0x0800, 0x1020, 0x1020, 0x1020, 0x1820, 0x2041, 0x2021,
  0x2041, 0x2041, 0x2861, 0x2041, 0x1840, 0x1820, 0x1820, 0x1820, 0x2021, 0x1841, 0x1841, 0x1041, 0x1062, 0x1062, 0x18A3, 0x18A3,
  0x0821, 0x0000, 0x0020, 0x0000, 0x0820, 0x1041, 0x1041, 0x0841, 0x0821, 0x0821, 0x1905, 0x18E4, 0x2105, 0x1062, 0x1882, 0x3146,
  0x18C3, 0x0841, 0x0820, 0x0821, 0x10A3, 0x10C4, 0x7B0A, 0x8AE8, 0x1061, 0x0021, 0x0021, 0x10C4, 0x31C9, 0x2168, 0x320B, 0x42AD,
  0x3AAE, 0x2A0B, 0x1989, 0x1107, 0x324C, 0x4B2F, 0x2A0B, 0x3A4B, 0x1083, 0x0042, 0x31E8, 0x424B, 0x1968, 0x08E5, 0x10E5, 0x1926,
  0x3A2A, 0x2146, 0x10C4, 0x0862, 0x0000, 0x0000, 0x0000, 0x0000, 0x1082, 0x0020, 0x0000, 0x0000, 0x0000, 0x0000, 0x0000, 0x0000,
  0x0000, 0x0000, 0x0000, 0x0000, 0x0000, 0x0000, 0x0841, 0x0841, 0x0000, 0x0000, 0x0000, 0x0000, 0x0801, 0x0821, 0x0821, 0x0821,
  0x1021, 0x2041, 0x3041, 0x4062, 0x4821, 0x8021, 0x8841, 0x8020, 0x5800, 0x9800, 0xE000, 0xB800, 0x3820, 0x0000, 0x1862, 0x2063,
  0x2883, 0x40C4, 0x48C4, 0x3083, 0x2042, 0x2841, 0x4021, 0x6800, 0x9800, 0xA000, 0xB040, 0xB800, 0xE800, 0xF840, 0xB800, 0x2000,
  0x4021, 0x7862, 0x5861, 0x3021, 0x4000, 0x5800, 0x6800, 0x5000, 0x1000, 0x0000, 0x1000, 0x1800, 0x1800, 0x2000, 0x2800, 0x2000,
  0x2000, 0x2000, 0x3020, 0x3820, 0x3020, 0x2000, 0x1000, 0x0000, 0x0000, 0x0000, 0x0000, 0x0000, 0x0000, 0x0000, 0x0000, 0x0000,
  0x0000, 0x0000, 0x0000, 0x0000, 0x0021, 0x0000, 0x0021, 0x0041, 0x0863, 0x08A4, 0x0063, 0x08A4, 0x0883, 0x08A4, 0x10C5, 0x08A4,
  0x2946, 0x2967, 0x1905, 0x10E5, 0x1905, 0x20E4, 0x1062, 0x39C8, 0x39A7, 0x3945, 0x1106, 0x1106, 0x1926, 0x1926, 0x1926, 0x1926,
  0x1926, 0x2126, 0x2146, 0x2146, 0x2147, 0x2967, 0x2967, 0x2967, 0x2967, 0x2946, 0x3146, 0x3146, 0x3946, 0x3925, 0x3904, 0x38E4,
  0x38C3, 0x30A3, 0x3082, 0x3062, 0x2861, 0x2841, 0x2841, 0x2041, 0x2041, 0x2021, 0x2020, 0x2020, 0x2020, 0x1800, 0x0000, 0x0000,
  0x0000, 0x0000, 0x0000, 0x0000, 0x0000, 0x0000, 0x0000, 0x0000, 0x0000, 0x0000, 0x0000, 0x0000, 0x0000, 0x0000, 0x0000, 0x0000,
  0x0000, 0x0000, 0x0000, 0x0800, 0x0800, 0x1000, 0x1020, 0x1020, 0x1020, 0x1820, 0x1841, 0x1840, 0x1820, 0x2041, 0x1841, 0x1861,
  0x1861, 0x1041, 0x1061, 0x1041, 0x0841, 0x0821, 0x0000, 0x0000, 0x0021, 0x0020, 0x0000, 0x0821, 0x1083, 0x0882, 0x28A2, 0x1021,
  0x1883, 0x18C4, 0x18C4, 0x1083, 0x0842, 0x0842, 0x2105, 0x49A6, 0x1882, 0x2925, 0x0861, 0x0842, 0x1083, 0x0863, 0x2147, 0x2167,
  0x1968, 0x29EA, 0x3A4B, 0x1946, 0x10E5, 0x2A0B, 0x3A8D, 0x21CA, 0x3187, 0x2103, 0x0000, 0x3187, 0x738E, 0x4ACD, 0x1988, 0x08E5,
  0x1947, 0x1947, 0x29A8, 0x3209, 0x1905, 0x08A3, 0x0883, 0x1082, 0x1082, 0x0841, 0x0000, 0x0000, 0x0000, 0x0000, 0x0000, 0x0000,
  0x0000, 0x0000, 0x0000, 0x0000, 0x0000, 0x0000, 0x10A2, 0x0000, 0x0000, 0x0000, 0x0000, 0x0001, 0x0801, 0x0821, 0x0821, 0x1021,
  0x1821, 0x3021, 0x4021, 0x3841, 0x4841, 0x5821, 0x7000, 0x7820, 0x7800, 0xC820, 0xD000, 0x5000, 0x0000, 0x1842, 0x2063, 0x2083,
  0x30A3, 0x48C3, 0x40A3, 0x2042, 0x2841, 0x4021, 0x5800, 0x8000, 0xB000, 0x9800, 0xB000, 0xE000, 0xF040, 0xE800, 0x5000, 0x2000,
  0x7061, 0x6861, 0x4041, 0x3800, 0x5000, 0x5800, 0x3000, 0x0000, 0x0800, 0x1000, 0x1800, 0x2000, 0x2000, 0x2000, 0x2000, 0x2000,
  0x3000, 0x3820, 0x3020, 0x1800, 0x0800, 0x0000, 0x0000, 0x0000, 0x0000, 0x0000, 0x0000, 0x0000, 0x0000, 0x0000, 0x0000, 0x0000,
  0x0000, 0x0000, 0x0000, 0x0000, 0x0001, 0x0042, 0x0883, 0x0862, 0x0042, 0x0042, 0x0863, 0x10C5, 0x2188, 0x0883, 0x1083, 0x2946,
  0x2946, 0x10A3, 0x2105, 0x20A3, 0x28A3, 0x30C3, 0x10C5, 0x10E5, 0x10E5, 0x10E5, 0x1106, 0x1106, 0x1906, 0x1926, 0x1926, 0x1926,
  0x1926, 0x2126, 0x2126, 0x2146, 0x2147, 0x2967, 0x2967, 0x2967, 0x2967, 0x2946, 0x3146, 0x3946, 0x3945, 0x3925, 0x3904, 0x38E4,
  0x30C3, 0x30A3, 0x3082, 0x2862, 0x2861, 0x2841, 0x2041, 0x2041, 0x2041, 0x2021, 0x2020, 0x2020, 0x1800, 0x1800, 0x1800, 0x1800,
  0x1000, 0x0000, 0x0000, 0x0000, 0x0000, 0x0000, 0x0000, 0x0000, 0x0000, 0x0000, 0x0000, 0x0000, 0x0000, 0x0000, 0x0000, 0x0000,
  0x0000, 0x0000, 0x0000, 0x0000, 0x0800, 0x0800, 0x0800, 0x0000, 0x0000, 0x0000, 0x0800, 0x0800, 0x1020, 0x1041, 0x1041, 0x1040,
  0x1841, 0x2061, 0x2061, 0x1861, 0x1861, 0x1862, 0x1061, 0x0841, 0x0821, 0x0821, 0x0820, 0x0821, 0x0000, 0x0000, 0x0821, 0x0020,
  0x0000, 0x0821, 0x1062, 0x2105, 0x18C4, 0x1883, 0x1062, 0x0842, 0x10C4, 0x39A7, 0x2104, 0x2966, 0x10A3, 0x10A3, 0x0882, 0x2146,
  0x2167, 0x10E5, 0x10E5, 0x29A9, 0x21A9, 0x1127, 0x324B, 0x3AAD, 0x1927, 0x7B2A, 0x3144, 0x0000, 0x18C3, 0x39E8, 0x4B2F, 0x4B2E,
  0x2A2B, 0x322B, 0x10E5, 0x10E4, 0x1905, 0x08A4, 0x21A8, 0x10C4, 0x0862, 0x18C3, 0x0000, 0x0000, 0x0000, 0x0000, 0x0000, 0x0000,
  0x0000, 0x0000, 0x0000, 0x0000, 0x0000, 0x0861, 0x1082, 0x0000, 0x0000, 0x0000, 0x0000, 0x0801, 0x0821, 0x0821, 0x0821, 0x1021,
  0x1821, 0x4021, 0x4841, 0x3841, 0x5042, 0x4800, 0x6000, 0x7800, 0xB000, 0xD820, 0x8000, 0x0800, 0x0821, 0x2083, 0x2063, 0x3083,
  0x40A3, 0x3883, 0x2842, 0x2021, 0x3821, 0x5000, 0x7800, 0x9800, 0xA800, 0xA000, 0xC800, 0xF840, 0xF860, 0x9800, 0x1000, 0x5021,
  0x7861, 0x4841, 0x4000, 0x5000, 0x4800, 0x1800, 0x0000, 0x1000, 0x1000, 0x1800, 0x2000, 0x2000, 0x2000, 0x2800, 0x3000, 0x4020,
  0x3820, 0x1800, 0x0800, 0x0000, 0x0000, 0x0000, 0x0000, 0x0000, 0x0000, 0x0000, 0x0000, 0x0000, 0x0000, 0x0000, 0x0000, 0x0000,
  0x0000, 0x0021, 0x0021, 0x0021, 0x0842, 0x0063, 0x0042, 0x0863, 0x0063, 0x10E6, 0x2167, 0x10A4, 0x10A3, 0x18E5, 0x2125, 0x18C4,
  0x2926, 0x3166, 0x30C3, 0x08A4, 0x08A4, 0x08C4, 0x10C5, 0x10E5, 0x10E5, 0x10E5, 0x1105, 0x1106, 0x1906, 0x1926, 0x1926, 0x1926,
  0x1926, 0x1926, 0x2126, 0x2146, 0x2147, 0x2967, 0x2967, 0x2967, 0x2967, 0x3146, 0x3146, 0x3946, 0x3945, 0x3925, 0x3904, 0x38E4,
  0x30C3, 0x30A3, 0x3082, 0x2862, 0x2861, 0x2841, 0x2041, 0x2041, 0x2041, 0x2020, 0x2020, 0x2020, 0x1800, 0x1820, 0x1800, 0x1800,
  0x1000, 0x1000, 0x1000, 0x0800, 0x0000, 0x0000, 0x0000, 0x0000, 0x0000, 0x0000, 0x0000, 0x0000, 0x0000, 0x0000, 0x0000, 0x0000,
  0x0000, 0x0000, 0x0000, 0x0000, 0x0000, 0x0800, 0x1800, 0x1820, 0x1820, 0x1000, 0x1000, 0x0800, 0x0800, 0x0000, 0x0800, 0x0800,
  0x0800, 0x0820, 0x1041, 0x1041, 0x1861, 0x1861, 0x1041, 0x1861, 0x1061, 0x1882, 0x28C3, 0x1862, 0x1862, 0x1041, 0x0821, 0x0821,
  0x0821, 0x0000, 0x0000, 0x0000, 0x0000, 0x1062, 0x1061, 0x1062, 0x0841, 0x0021, 0x10A3, 0x1925, 0x1905, 0x39C8, 0x18C4, 0x0861,
  0x10A3, 0x18C4, 0x18E5, 0x18E5, 0x2167, 0x08A3, 0x08A4, 0x1105, 0x29C9, 0x39A6, 0xAC8E, 0x1061, 0x0000, 0x0862, 0x10C4, 0x428C,
  0x5370, 0x42CD, 0x4B0E, 0x4ACD, 0x424A, 0x2167, 0x2167, 0x10E4, 0x0021, 0x1082, 0x0020, 0x0000, 0x0000, 0x0000, 0x0000, 0x0000,
  0x0000, 0x0000, 0x0000, 0x0000, 0x0000, 0x1082, 0x0020, 0x0000, 0x0000, 0x0000, 0x0001, 0x0801, 0x0801, 0x0801, 0x1021, 0x1801,
  0x2821, 0x3821, 0x4021, 0x4021, 0x5021, 0x5000, 0x6800, 0x8800, 0xD000, 0xB000, 0x2000, 0x0000, 0x1862, 0x2063, 0x2062, 0x3083,
  0x3883, 0x2842, 0x2042, 0x3021, 0x5000, 0x6800, 0xA000, 0x9800, 0x9000, 0xB800, 0xE820, 0xF840, 0xD800, 0x3800, 0x2820, 0x7861,
  0x5841, 0x4820, 0x5000, 0x4000, 0x1000, 0x0000, 0x1000, 0x1000, 0x2000, 0x2000, 0x2000, 0x2000, 0x3020, 0x4020, 0x4020, 0x2000,
  0x0000, 0x0000, 0x0000, 0x0000, 0x0000, 0x0000, 0x0000, 0x0000, 0x0000, 0x0000, 0x0000, 0x0000, 0x0000, 0x0000, 0x0000, 0x0021,
  0x0000, 0x0862, 0x0041, 0x08A4, 0x0842, 0x0862, 0x10E5, 0x10C4, 0x0863, 0x0883, 0x10A4, 0x10A4, 0x2105, 0x20E4, 0x28E4, 0x2904,
  0x38A3, 0x0883, 0x0883, 0x0884, 0x08A4, 0x08A4, 0x10C5, 0x10E5, 0x10E5, 0x10E5, 0x10E5, 0x1106, 0x1106, 0x1926, 0x1926, 0x1926,
  0x1926, 0x1926, 0x2126, 0x2146, 0x2147, 0x2967, 0x2967, 0x2967, 0x2967, 0x3146, 0x3146, 0x3946, 0x3945, 0x3925, 0x3904, 0x38E4,
  0x30C3, 0x30A2, 0x3082, 0x2861, 0x2841, 0x2841, 0x2041, 0x2041, 0x2021, 0x2020, 0x2020, 0x1820, 0x1800, 0x1800, 0x1800, 0x1000,
  0x1000, 0x1000, 0x1000, 0x0800, 0x0800, 0x0800, 0x0000, 0x0000, 0x0000, 0x0000, 0x0000, 0x0000, 0x0000, 0x0000, 0x0000, 0x0000,
  0x0000, 0x0000, 0x0000, 0x0000, 0x0000, 0x0000, 0x1000, 0x1820, 0x1840, 0x1840, 0x2040, 0x2040, 0x2040, 0x2040, 0x1820, 0x1000,
  0x0800, 0x0800, 0x0800, 0x0800, 0x0820, 0x0820, 0x1041, 0x1061, 0x1041, 0x1041, 0x1041, 0x1041, 0x1041, 0x1061, 0x1041, 0x1061,
  0x1862, 0x1882, 0x1041, 0x1041, 0x0841, 0x0000, 0x0000, 0x1061, 0x0841, 0x0000, 0x0841, 0x10A3, 0x10A3, 0x1083, 0x10C3, 0x2126,
  0x0862, 0x1082, 0x0862, 0x1083, 0x1905, 0x10C4, 0x2146, 0x1926, 0x31E9, 0x2988, 0x5A46, 0x8329, 0x0000, 0x0863, 0x10A3, 0x0863,
  0x1105, 0x2188, 0x2188, 0x3A6B, 0x6BF1, 0x5B4E, 0x428B, 0x31E8, 0x18E4, 0x1083, 0x0841, 0x0000, 0x0000, 0x0000, 0x0000, 0x0000,
  0x0000, 0x0000, 0x0000, 0x0000, 0x0000, 0x0861, 0x0000, 0x0000, 0x0000, 0x0000, 0x0021, 0x0821, 0x0801, 0x0821, 0x1801, 0x2801,
  0x4000, 0x3820, 0x4020, 0x5000, 0x5000, 0x6800, 0x7000, 0xA000, 0xC000, 0x5000, 0x0000, 0x1041, 0x2062, 0x2042, 0x2842, 0x2862,
  0x2042, 0x2041, 0x2821, 0x4800, 0x6000, 0x9000, 0xA800, 0x9000, 0x9800, 0xE000, 0xF800, 0xF000, 0x7800, 0x2000, 0x5841, 0x6041,
  0x5000, 0x5000, 0x4800, 0x1000, 0x0000, 0x1000, 0x1800, 0x2000, 0x2800, 0x2000, 0x2800, 0x4020, 0x4820, 0x3020, 0x0800, 0x0000,
  0x0000, 0x0000, 0x0000, 0x0000, 0x0000, 0x0000, 0x0000, 0x0000, 0x0000, 0x0000, 0x0000, 0x0000, 0x0000, 0x0000, 0x0021, 0x0883,
  0x0021, 0x0042, 0x0062, 0x0042, 0x08A4, 0x10C4, 0x0021, 0x0883, 0x0883, 0x10A4, 0x2905, 0x20E4, 0x20A3, 0x3945, 0x20A3, 0x0863,
  0x0863, 0x0883, 0x0883, 0x0883, 0x08A4, 0x08A4, 0x08C4, 0x10C5, 0x10E5, 0x10E5, 0x10E5, 0x1106, 0x1106, 0x1906, 0x1926, 0x1926,
  0x1926, 0x1926, 0x2126, 0x2146, 0x2147, 0x2967, 0x2967, 0x2967, 0x2967, 0x3146, 0x3146, 0x3946, 0x3945, 0x3925, 0x3904, 0x38E4,
  0x30A3, 0x3082, 0x3082, 0x2861, 0x2841, 0x2841, 0x2041, 0x2041, 0x2020, 0x2020, 0x2020, 0x1800, 0x1820, 0x1800, 0x1800, 0x1000,
  0x1000, 0x1000, 0x0800, 0x0800, 0x0800, 0x0000, 0x0000, 0x0000, 0x0000, 0x0000, 0x0000, 0x0000, 0x0000, 0x0000, 0x0000, 0x0000,
  0x0000, 0x0000, 0x0000, 0x0000, 0x0000, 0x0000, 0x0000, 0x1000, 0x2040, 0x1840, 0x1840, 0x1860, 0x2060, 0x2081, 0x2081, 0x2081,
  0x2060, 0x1840, 0x1820, 0x1000, 0x1000, 0x1020, 0x1020, 0x0800, 0x0800, 0x0820, 0x1061, 0x1081, 0x1061, 0x0841, 0x0841, 0x0820,
  0x0820, 0x0820, 0x0820, 0x1041, 0x1061, 0x1061, 0x0841, 0x1062, 0x18A3, 0x18A3, 0x1062, 0x0821, 0x0000, 0x0862, 0x0021, 0x0842,
  0x18C4, 0x18E4, 0x18C4, 0x0862, 0x0000, 0x0841, 0x10A3, 0x0882, 0x2146, 0x2988, 0x0042, 0x6A46, 0x9B8A, 0x18A2, 0x1905, 0x2125,
  0x0000, 0x10E4, 0x2167, 0x2188, 0x2188, 0x3209, 0x3A4A, 0x29A7, 0x3186, 0x2945, 0x0862, 0x0000, 0x0000, 0x0000, 0x0000, 0x0000,
  0x0000, 0x0000, 0x0000, 0x0000, 0x0861, 0x0861, 0x0000, 0x0000, 0x0000, 0x0000, 0x0821, 0x0821, 0x0801, 0x1001, 0x2000, 0x4000,
  0x4800, 0x4000, 0x5000, 0x5800, 0x5800, 0x8000, 0x9800, 0xC000, 0x8000, 0x0800, 0x0820, 0x2042, 0x1842, 0x2842, 0x2041, 0x2021,
  0x1821, 0x2021, 0x3820, 0x5000, 0x7800, 0xA000, 0x9000, 0x9000, 0xC020, 0xE820, 0xE800, 0xB000, 0x3000, 0x4820, 0x6041, 0x5820,
  0x5800, 0x4800, 0x1000, 0x0000, 0x1000, 0x1800, 0x2000, 0x2000, 0x2000, 0x3000, 0x4820, 0x3820, 0x1000, 0x0000, 0x0000, 0x0000,
  0x0000, 0x0000, 0x0000, 0x0000, 0x0000, 0x0000, 0x0000, 0x0000, 0x0000, 0x0000, 0x0000, 0x0000, 0x0021, 0x0883, 0x0001, 0x0001,
  0x0021, 0x0863, 0x10E5, 0x0863, 0x10A4, 0x0042, 0x0042, 0x1947, 0x2946, 0x28E4, 0x28A3, 0x1862, 0x1041, 0x4104, 0x0863, 0x0863,
  0x0863, 0x0863, 0x0883, 0x0883, 0x0884, 0x08A4, 0x08C4, 0x10C5, 0x10E5, 0x10E5, 0x10E5, 0x1105, 0x1106, 0x1906, 0x1926, 0x1926,
  0x1926, 0x1926, 0x2126, 0x2146, 0x2147, 0x2947, 0x2967, 0x2967, 0x2967, 0x3146, 0x3146, 0x3946, 0x3945, 0x3925, 0x38E4, 0x38C3,
  0x30A3, 0x3082, 0x2862, 0x2861, 0x2841, 0x2041, 0x2041, 0x2041, 0x2020, 0x2020, 0x1820, 0x1800, 0x1820, 0x1800, 0x1000, 0x1000,
  0x1000, 0x0800, 0x0800, 0x0800, 0x0800, 0x0000, 0x0000, 0x0000, 0x0000, 0x0000, 0x0800, 0x0000, 0x0000, 0x0000, 0x0000, 0x0000,
  0x0000, 0x0000, 0x0000, 0x0000, 0x0000, 0x0000, 0x0000, 0x0000, 0x1800, 0x2060, 0x2060, 0x2060, 0x2081, 0x2081, 0x2081, 0x2081,
  0x2061, 0x2081, 0x2081, 0x2060, 0x2040, 0x1840, 0x1840, 0x1840, 0x1840, 0x1840, 0x1000, 0x0820, 0x1020, 0x1020, 0x1061, 0x1061,
  0x1041, 0x0841, 0x0840, 0x0000, 0x0000, 0x0020, 0x0020, 0x0000, 0x0000, 0x0841, 0x1082, 0x1062, 0x0820, 0x1041, 0x1062, 0x0821,
  0x0821, 0x1042, 0x0021, 0x18A4, 0x1083, 0x0841, 0x0841, 0x0842, 0x1082, 0x10A3, 0x18E5, 0x0001, 0x49C5, 0x7AC8, 0x7267, 0x3924,
  0x0841, 0x0862, 0x0022, 0x18E4, 0x39E8, 0x2146, 0x1905, 0x21A8, 0x29A7, 0x2105, 0x18C3, 0x0020, 0x0000, 0x0000, 0x0000, 0x0000,
  0x0000, 0x0000, 0x0000, 0x0000, 0x1082, 0x0020, 0x0000, 0x0000, 0x0000, 0x0000, 0x0821, 0x0801, 0x1001, 0x1800, 0x3000, 0x5000,
  0x4800, 0x4800, 0x5000, 0x6000, 0x6800, 0x9800, 0xC800, 0xA000, 0x2800, 0x0000, 0x1842, 0x2042, 0x2021, 0x2041, 0x2021, 0x2021,
  0x1821, 0x3000, 0x4000, 0x5800, 0x7800, 0x9800, 0x9800, 0xB000, 0xE040, 0xE820, 0xC000, 0x5000, 0x3800, 0x5800, 0x7000, 0x7000,
  0x5000, 0x2000, 0x0000, 0x1000, 0x1800, 0x2000, 0x2800, 0x2800, 0x4020, 0x5040, 0x2800, 0x0000, 0x0000, 0x0000, 0x0000, 0x0000,
  0x0000, 0x0000, 0x0000, 0x0000, 0x0000, 0x0000, 0x0000, 0x0000, 0x0000, 0x0000, 0x0021, 0x0021, 0x0021, 0x0021, 0x0021, 0x0883,
  0x0883, 0x0021, 0x08A4, 0x08A3, 0x0022, 0x18E5, 0x18A4, 0x3105, 0x30C3, 0x20A3, 0x1882, 0x3105, 0x0863, 0x0863, 0x0863, 0x0863,
  0x0863, 0x0863, 0x0883, 0x0883, 0x0883, 0x08A4, 0x08A4, 0x08C4, 0x10E5, 0x10E5, 0x10E5, 0x10E5, 0x1106, 0x1906, 0x1926, 0x1926,
  0x1926, 0x1926, 0x2126, 0x2146, 0x2147, 0x2947, 0x2967, 0x2967, 0x2967, 0x3146, 0x3146, 0x3946, 0x3925, 0x3905, 0x38E4, 0x38C3,
  0x30A3, 0x3082, 0x2862, 0x2841, 0x2841, 0x2041, 0x2041, 0x2021, 0x2020, 0x2020, 0x1800, 0x1820, 0x1800, 0x1800, 0x1000, 0x1000,
  0x1000, 0x0800, 0x0800, 0x0800, 0x0000, 0x0000, 0x0000, 0x0000, 0x0000, 0x0000, 0x0000, 0x0000, 0x0800, 0x0800, 0x0800, 0x0000,
  0x0800, 0x0000, 0x0000, 0x0000, 0x0000, 0x0000, 0x0000, 0x0000, 0x0000, 0x1820, 0x28A1, 0x28A1, 0x28A1, 0x2881, 0x28A1, 0x2081,
  0x2081, 0x20A1, 0x20A1, 0x20A1, 0x28C2, 0x28A1, 0x2081, 0x2060, 0x2060, 0x2060, 0x2040, 0x1840, 0x1840, 0x1040, 0x1040, 0x1020,
  0x1020, 0x0800, 0x0820, 0x0820, 0x0820, 0x0820, 0x0000, 0x0000, 0x0000, 0x0000, 0x0000, 0x0000, 0x0000, 0x0820, 0x0841, 0x0000,
  0x0000, 0x0000, 0x0000, 0x0021, 0x0841, 0x1083, 0x1083, 0x0862, 0x0021, 0x0000, 0x0862, 0x1905, 0x0021, 0x0841, 0x3124, 0x4985,
  0x3145, 0x2926, 0x4165, 0x28E3, 0x18A3, 0x0883, 0x1083, 0x1105, 0x1926, 0x10C4, 0x10C3, 0x0841, 0x0000, 0x0000, 0x0000, 0x0000,
  0x0000, 0x0000, 0x0000, 0x0020, 0x1082, 0x0000, 0x0000, 0x0000, 0x0000, 0x0001, 0x0801, 0x0821, 0x1800, 0x2800, 0x5000, 0x5800,
  0x5800, 0x5800, 0x6000, 0x7000, 0x7000, 0xC800, 0xC800, 0x5800, 0x0000, 0x1000, 0x2042, 0x1821, 0x2021, 0x1821, 0x1821, 0x1821,
  0x2821, 0x3800, 0x5000, 0x6000, 0x7000, 0x9000, 0xA800, 0xD800, 0xE800, 0xD000, 0x7800, 0x2800, 0x4800, 0x7800, 0x9840, 0x6800,
  0x3800, 0x0800, 0x1000, 0x1800, 0x2000, 0x2800, 0x3820, 0x5020, 0x4020, 0x1000, 0x0000, 0x0000, 0x0000, 0x0000, 0x0000, 0x0000,
  0x0000, 0x0000, 0x0000, 0x0000, 0x0000, 0x0000, 0x0000, 0x0021, 0x0000, 0x0021, 0x0041, 0x0000, 0x0021, 0x0021, 0x0062, 0x10E5,
  0x0863, 0x0863, 0x0883, 0x0883, 0x10A4, 0x2926, 0x28C3, 0x1820, 0x20A3, 0x4166, 0x0862, 0x0862, 0x0862, 0x0863, 0x0863, 0x0863,
  0x0863, 0x0863, 0x0863, 0x0883, 0x0883, 0x0884, 0x08A4, 0x08C4, 0x10C5, 0x10E5, 0x10E5, 0x10E5, 0x1106, 0x1106, 0x1926, 0x1926,
  0x1926, 0x1926, 0x2126, 0x2146, 0x2147, 0x2947, 0x2967, 0x2967, 0x2967, 0x3146, 0x3146, 0x3946, 0x3925, 0x3905, 0x38E4, 0x30C3,
  0x30A3, 0x3082, 0x2861, 0x2841, 0x2841, 0x2041, 0x2041, 0x2020, 0x2020, 0x2020, 0x1800, 0x1820, 0x1800, 0x1000, 0x1000, 0x1000,
  0x0800, 0x0800, 0x0800, 0x0000, 0x0000, 0x0000, 0x0000, 0x0000, 0x0000, 0x0000, 0x0000, 0x0000, 0x0000, 0x0000, 0x0000, 0x0800,
  0x0800, 0x0800, 0x0000, 0x0000, 0x0800, 0x0000, 0x0000, 0x0000, 0x0000, 0x0800, 0x2040, 0x30E2, 0x30C2, 0x28C1, 0x28A1, 0x28A1,
  0x28C2, 0x28C2, 0x28C2, 0x28C2, 0x28C2, 0x28C2, 0x28C2, 0x28C2, 0x28C1, 0x28A1, 0x28A1, 0x2061, 0x2060, 0x2081, 0x1860, 0x1881,
  0x1861, 0x1040, 0x1020, 0x0820, 0x0800, 0x0800, 0x0000, 0x0000, 0x0000, 0x0000, 0x0000, 0x0000, 0x0000, 0x0000, 0x0000, 0x0000,
  0x0000, 0x0020, 0x0000, 0x0820, 0x1041, 0x0821, 0x0021, 0x0041, 0x0841, 0x0021, 0x0821, 0x18C4, 0x2105, 0x0841, 0x0001, 0x0021,
  0x18C4, 0x20E4, 0x4165, 0x20C3, 0x18E4, 0x10A3, 0x1062, 0x18C4, 0x0842, 0x1062, 0x0841, 0x0841, 0x0000, 0x0000, 0x0000, 0x0000,
  0x0000, 0x0000, 0x0000, 0x0841, 0x0841, 0x0000, 0x0000, 0x0000, 0x0000, 0x0000, 0x0800, 0x1000, 0x2000, 0x4800, 0x6000, 0x4800,
  0x5800, 0x6000, 0x8000, 0x8800, 0x9800, 0xC000, 0x8800, 0x1000, 0x0000, 0x1821, 0x1821, 0x1821, 0x1821, 0x1821, 0x1821, 0x2021,
  0x3800, 0x4800, 0x5000, 0x6000, 0x8000, 0x9000, 0xB800, 0xE800, 0xD000, 0x9800, 0x4000, 0x4000, 0x8000, 0x9020, 0x7000, 0x5000,
  0x1000, 0x0800, 0x1800, 0x2000, 0x2800, 0x4820, 0x5020, 0x3020, 0x0000, 0x0000, 0x0000, 0x0000, 0x0000, 0x0000, 0x0000, 0x0000,
  0x0000, 0x0000, 0x0000, 0x0000, 0x0000, 0x0021, 0x0021, 0x0842, 0x0000, 0x0021, 0x0021, 0x0021, 0x0862, 0x0862, 0x0862, 0x0842,
  0x0884, 0x0883, 0x0042, 0x20E4, 0x20A3, 0x2083, 0x28C4, 0x2083, 0x0842, 0x0862, 0x0862, 0x0862, 0x0862, 0x0862, 0x0863, 0x0863,
  0x0863, 0x0863, 0x0863, 0x0883, 0x0883, 0x0883, 0x08A4, 0x08A4, 0x10C5, 0x10E5, 0x10E5, 0x10E5, 0x1106, 0x1106, 0x1906, 0x1926,
  0x1926, 0x1926, 0x1926, 0x2126, 0x2146, 0x2147, 0x2967, 0x2967, 0x2967, 0x3146, 0x3146, 0x3946, 0x3925, 0x3904, 0x38E4, 0x30C3,
  0x3082, 0x3082, 0x2861, 0x2841, 0x2041, 0x2041, 0x2041, 0x2020, 0x2020, 0x1800, 0x1820, 0x1800, 0x1800, 0x1000, 0x1000, 0x1000,
  0x0800, 0x0800, 0x0800, 0x0000, 0x0000, 0x0000, 0x0000, 0x0000, 0x0000, 0x0000, 0x0000, 0x0000, 0x0000, 0x0000, 0x0000, 0x0800,
  0x0800, 0x0800, 0x0800, 0x0800, 0x0000, 0x0000, 0x0000, 0x0000, 0x0000, 0x0000, 0x1000, 0x2881, 0x3923, 0x3103, 0x30E2, 0x3103,
  0x3103, 0x3103, 0x3102, 0x30E2, 0x30E2, 0x3102, 0x3102, 0x2902, 0x28E2, 0x28E2, 0x28E2, 0x30C2, 0x2881, 0x2881, 0x20A1, 0x2081,
  0x20A1, 0x1881, 0x1861, 0x1040, 0x1040, 0x1020, 0x0820, 0x0000, 0x0000, 0x0000, 0x0000, 0x0000, 0x0000, 0x0000, 0x0000, 0x0000,
  0x0000, 0x0000, 0x0000, 0x0000, 0x1041, 0x1062, 0x0841, 0x0820, 0x0000, 0x0841, 0x0862, 0x0000, 0x0862, 0x1083, 0x0000, 0x0862,
  0x1062, 0x0862, 0x0842, 0x0821, 0x0841, 0x0841, 0x18C3, 0x18C3, 0x0821, 0x1082, 0x0841, 0x0862, 0x0000, 0x0000, 0x0000, 0x0000,
  0x0000, 0x0000, 0x0000, 0x10A2, 0x0020, 0x0000, 0x0000, 0x0000, 0x0000, 0x0000, 0x0800, 0x1000, 0x3000, 0x5800, 0x5800, 0x4800,
  0x5000, 0x7000, 0x9000, 0xA820, 0xA800, 0x9800, 0x3800, 0x0000, 0x1001, 0x1821, 0x1821, 0x1821, 0x1821, 0x1821, 0x2021, 0x3000,
  0x4000, 0x4800, 0x5000, 0x6800, 0x9000, 0xB000, 0xD820, 0xD820, 0x9800, 0x5000, 0x4800, 0x9000, 0xA000, 0x7800, 0x7020, 0x2000,
  0x0800, 0x1800, 0x1800, 0x2800, 0x5020, 0x4820, 0x1800, 0x0000, 0x0000, 0x0000, 0x0000, 0x0000, 0x0000, 0x0000, 0x0000, 0x0000,
  0x0000, 0x0000, 0x0000, 0x0000, 0x0001, 0x0021, 0x0021, 0x0000, 0x0000, 0x0000, 0x0042, 0x10C5, 0x0041, 0x10C4, 0x18E5, 0x10A4,
  0x10A4, 0x28E4, 0x1883, 0x20A3, 0x30E4, 0x20A3, 0x0842, 0x0862, 0x0862, 0x0842, 0x0862, 0x0862, 0x0862, 0x0862, 0x0863, 0x0863,
  0x0863, 0x0863, 0x0863, 0x0863, 0x0883, 0x0883, 0x0884, 0x08A4, 0x08C4, 0x10C5, 0x10E5, 0x10E5, 0x10E5, 0x1106, 0x1906, 0x1926,
  0x1926, 0x1926, 0x1926, 0x2126, 0x2146, 0x2147, 0x2967, 0x2967, 0x2967, 0x3146, 0x3146, 0x3946, 0x3925, 0x3904, 0x38E4, 0x30C3,
  0x3082, 0x2862, 0x2861, 0x2841, 0x2041, 0x2041, 0x2021, 0x2020, 0x2020, 0x1800, 0x1820, 0x1800, 0x1000, 0x1000, 0x1000, 0x0800,
  0x0800, 0x0800, 0x0000, 0x0000, 0x0000, 0x0000, 0x0000, 0x0000, 0x0000, 0x0000, 0x0000, 0x0000, 0x0000, 0x0000, 0x0000, 0x0000,
  0x0000, 0x0800, 0x0800, 0x0000, 0x0000, 0x0000, 0x0000, 0x0000, 0x0000, 0x0000, 0x0000, 0x1800, 0x3903, 0x4164, 0x3943, 0x3964,
  0x3964, 0x3964, 0x3964, 0x3964, 0x3943, 0x3903, 0x3903, 0x3923, 0x3923, 0x3123, 0x3123, 0x3123, 0x3103, 0x30A1, 0x30E2, 0x28C1,
  0x28A1, 0x20C2, 0x20A1, 0x2081, 0x1861, 0x1040, 0x1040, 0x0840, 0x0000, 0x0000, 0x0000, 0x0000, 0x0000, 0x0000, 0x0000, 0x0000,
  0x0000, 0x0000, 0x0000, 0x0000, 0x0000, 0x0020, 0x1882, 0x1041, 0x1062, 0x1042, 0x1041, 0x0841, 0x0021, 0x0021, 0x1062, 0x0841,
  0x0841, 0x0841, 0x1062, 0x0862, 0x0841, 0x0821, 0x0821, 0x0841, 0x0021, 0x0841, 0x0821, 0x0021, 0x0020, 0x0000, 0x0000, 0x0000,
  0x0000, 0x0000, 0x0020, 0x18C3, 0x0000, 0x0000, 0x0000, 0x0000, 0x0000, 0x0800, 0x1000, 0x2000, 0x3800, 0x4800, 0x5800, 0x5800,
  0x6800, 0x8000, 0x9800, 0xC820, 0xA800, 0x6800, 0x0800, 0x0000, 0x1821, 0x1821, 0x1020, 0x1820, 0x1820, 0x2841, 0x3021, 0x3800,
  0x3800, 0x4000, 0x5800, 0x6800, 0xA800, 0xD800, 0xD800, 0xB800, 0x6000, 0x4800, 0x9800, 0xB000, 0x9800, 0x7000, 0x2800, 0x0800,
  0x1800, 0x1800, 0x3820, 0x4820, 0x3020, 0x0800, 0x0000, 0x0000, 0x0000, 0x0000, 0x0000, 0x0000, 0x0000, 0x0000, 0x0000, 0x0000,
  0x0000, 0x0001, 0x0001, 0x0000, 0x0022, 0x0021, 0x0021, 0x0021, 0x0042, 0x0042, 0x0042, 0x0863, 0x18E5, 0x1905, 0x0863, 0x10A3,
  0x1883, 0x38C3, 0x28E4, 0x10A3, 0x30A3, 0x0042, 0x0842, 0x0842, 0x0862, 0x0862, 0x0842, 0x0862, 0x0862, 0x0862, 0x0862, 0x0863,
  0x0863, 0x0863, 0x0863, 0x0863, 0x0883, 0x0883, 0x0883, 0x08A4, 0x08A4, 0x10C5, 0x10E5, 0x10E5, 0x10E5, 0x1106, 0x1906, 0x1926,
  0x1926, 0x1926, 0x1926, 0x2126, 0x2146, 0x2147, 0x2967, 0x2967, 0x2967, 0x3146, 0x3146, 0x3946, 0x3925, 0x3904, 0x38E4, 0x30A3,
  0x3082, 0x2862, 0x2841, 0x2841, 0x2041, 0x2041, 0x2020, 0x2020, 0x1820, 0x1820, 0x1800, 0x1800, 0x1000, 0x1000, 0x0800, 0x0800,
  0x0800, 0x0000, 0x0000, 0x0000, 0x0000, 0x0000, 0x0000, 0x0000, 0x0000, 0x0000, 0x0000, 0x0000, 0x0000, 0x0000, 0x0000, 0x0000,
  0x0000, 0x0000, 0x0800, 0x0000, 0x0000, 0x0000, 0x0800, 0x0800, 0x0800, 0x0000, 0x0000, 0x0800, 0x2840, 0x4984, 0x49A5, 0x49A5,
  0x49A5, 0x49A5, 0x41A5, 0x4185, 0x49A5, 0x41A5, 0x41A5, 0x41A5, 0x4164, 0x4143, 0x4164, 0x3964, 0x3964, 0x3944, 0x38E2, 0x3903,
  0x30E2, 0x30E2, 0x28E2, 0x28C2, 0x20C2, 0x2081, 0x1040, 0x1060, 0x0820, 0x0800, 0x0000, 0x0000, 0x0000, 0x0000, 0x0000, 0x0000,
  0x0000, 0x0000, 0x0000, 0x0000, 0x0000, 0x0020, 0x1062, 0x0821, 0x0841, 0x1062, 0x1042, 0x1041, 0x0841, 0x0841, 0x1862, 0x1862,
  0x0821, 0x0821, 0x0821, 0x0841, 0x1062, 0x0821, 0x0020, 0x0020, 0x0000, 0x0000, 0x0000, 0x0020, 0x0020, 0x0000, 0x0000, 0x0000,
  0x0000, 0x0000, 0x0841, 0x0861, 0x0000, 0x0000, 0x0000, 0x0000, 0x0800, 0x0800, 0x1800, 0x3000, 0x3000, 0x4800, 0x6800, 0x6000,
  0x8000, 0x8800, 0xA000, 0xB800, 0x9000, 0x2800, 0x0000, 0x1020, 0x1841, 0x1021, 0x1020, 0x1820, 0x1820, 0x4041, 0x4000, 0x3800,
  0x4000, 0x5800, 0x6800, 0x9000, 0xC820, 0xD020, 0xC800, 0x8000, 0x5000, 0xA000, 0xC820, 0xB000, 0x7000, 0x1800, 0x0000, 0x1800,
  0x1800, 0x3820, 0x5020, 0x2000, 0x0000, 0x0000, 0x0000, 0x0000, 0x0000, 0x0000, 0x0000, 0x0000, 0x0000, 0x0000, 0x0000, 0x0000,
  0x0001, 0x0000, 0x0001, 0x0021, 0x10C4, 0x0041, 0x0021, 0x0063, 0x0021, 0x0042, 0x0862, 0x10A4, 0x1926, 0x0842, 0x18C4, 0x18A3,
  0x28C4, 0x1082, 0x30C3, 0x0842, 0x0042, 0x0042, 0x0042, 0x0842, 0x0842, 0x0862, 0x0862, 0x0842, 0x0862, 0x0862, 0x0862, 0x0862,
  0x0863, 0x0863, 0x0863, 0x0863, 0x0863, 0x0883, 0x0883, 0x08A4, 0x08A4, 0x08C4, 0x10E5, 0x10E5, 0x10E5, 0x1106, 0x1106, 0x1926,
  0x1926, 0x1926, 0x1926, 0x2126, 0x2146, 0x2147, 0x2967, 0x2967, 0x2967, 0x3146, 0x3146, 0x3946, 0x3925, 0x3904, 0x38C3, 0x30A3,
  0x3082, 0x2861, 0x2841, 0x2041, 0x2041, 0x2021, 0x2020, 0x2020, 0x1800, 0x1820, 0x1800, 0x1000, 0x1000, 0x1000, 0x0800, 0x0800,
  0x0800, 0x0000, 0x0000, 0x0000, 0x0000, 0x0000, 0x0000, 0x0000, 0x0000, 0x0000, 0x0000, 0x0000, 0x0000, 0x0000, 0x0000, 0x0000,
  0x0000, 0x0000, 0x0000, 0x0000, 0x0800, 0x1000, 0x0800, 0x0800, 0x0800, 0x0800, 0x0800, 0x0000, 0x1000, 0x38E2, 0x51E6, 0x51E5,
  0x51E6, 0x51E6, 0x51E6, 0x5206, 0x5227, 0x5247, 0x5227, 0x5247, 0x5227, 0x51C5, 0x49C5, 0x49C5, 0x41A4, 0x41A4, 0x4184, 0x4103,
  0x4143, 0x3923, 0x3943, 0x3123, 0x3103, 0x28C2, 0x1840, 0x1881, 0x1061, 0x0820, 0x0820, 0x0000, 0x0020, 0x0000, 0x0000, 0x0000,
  0x0000, 0x0000, 0x0000, 0x0000, 0x0000, 0x0000, 0x0000, 0x0021, 0x0000, 0x0000, 0x0000, 0x0000, 0x0000, 0x0000, 0x0000, 0x0020,
  0x0821, 0x0000, 0x0000, 0x0000, 0x0000, 0x0000, 0x0000, 0x0000, 0x0000, 0x0000, 0x0000, 0x0000, 0x0861, 0x0000, 0x0000, 0x0000,
  0x0000, 0x0000, 0x10A2, 0x0020, 0x0000, 0x0000, 0x0000, 0x0800, 0x0800, 0x1000, 0x2800, 0x3000, 0x3000, 0x5000, 0x6800, 0x5800,
  0x9800, 0xA000, 0xA800, 0xB000, 0x5800, 0x1000, 0x0000, 0x1821, 0x1821, 0x1020, 0x1820, 0x2020, 0x2820, 0x4820, 0x4000, 0x3800,
  0x5000, 0x7000, 0x8800, 0xC800, 0xD000, 0xD020, 0x9000, 0x6000, 0xA800, 0xD020, 0xC000, 0x7800, 0x1000, 0x0000, 0x1000, 0x1800,
  0x4020, 0x4820, 0x1800, 0x0000, 0x0000, 0x0000, 0x0000, 0x0000, 0x0000, 0x0000, 0x0000, 0x0000, 0x0000, 0x0000, 0x0000, 0x0000,
  0x0000, 0x0021, 0x0000, 0x0042, 0x0021, 0x0000, 0x0001, 0x0042, 0x08A4, 0x10A4, 0x2126, 0x0862, 0x1083, 0x1905, 0x1083, 0x18A3,
  0x1041, 0x0842, 0x0042, 0x0042, 0x0842, 0x0042, 0x0042, 0x0042, 0x0842, 0x0842, 0x0862, 0x0842, 0x0862, 0x0862, 0x0862, 0x0862,
  0x0863, 0x0863, 0x0863, 0x0863, 0x0863, 0x0883, 0x0883, 0x0883, 0x08A4, 0x08C4, 0x10C5, 0x10E5, 0x10E5, 0x1105, 0x1106, 0x1906,
  0x1926, 0x1926, 0x1926, 0x2126, 0x2146, 0x2147, 0x2967, 0x2967, 0x2967, 0x3146, 0x3146, 0x3946, 0x3925, 0x38E4, 0x38C3, 0x30A3,
  0x3082, 0x2861, 0x2841, 0x2041, 0x2041, 0x2021, 0x2020, 0x2020, 0x1800, 0x1800, 0x1800, 0x1000, 0x1000, 0x0800, 0x0800, 0x0800,
  0x0000, 0x0000, 0x0000, 0x0000, 0x0000, 0x0000, 0x0000, 0x0000, 0x0000, 0x0000, 0x0000, 0x0000, 0x0000, 0x0000, 0x0000, 0x0000,
  0x0000, 0x0000, 0x0000, 0x0000, 0x0800, 0x1800, 0x1000, 0x1000, 0x0800, 0x0800, 0x0800, 0x0800, 0x0800, 0x2000, 0x51A5, 0x5A47,
  0x5A47, 0x6268, 0x6288, 0x6288, 0x62A8, 0x62A8, 0x62A8, 0x62A8, 0x62A8, 0x6288, 0x6247, 0x5A67, 0x5A47, 0x5226, 0x5206, 0x51C5,
  0x5143, 0x51C5, 0x49A5, 0x41A4, 0x3944, 0x3123, 0x2881, 0x28C2, 0x20A2, 0x1061, 0x0840, 0x0020, 0x0020, 0x0020, 0x0000, 0x0000,
  0x0021, 0x0000, 0x0000, 0x0000, 0x0000, 0x0000, 0x0000, 0x0000, 0x0000, 0x0000, 0x0000, 0x0000, 0x0000, 0x0000, 0x0000, 0x0000,
  0x0000, 0x0000, 0x0000, 0x0000, 0x0000, 0x0000, 0x0000, 0x0000, 0x0000, 0x0000, 0x0000, 0x0000, 0x0841, 0x0020, 0x0000, 0x0000,
  0x0000, 0x0020, 0x18E3, 0x0000, 0x0000, 0x0000, 0x0800, 0x0800, 0x0800, 0x1800, 0x2800, 0x3000, 0x4800, 0x5800, 0x5000, 0x7000,
  0xA800, 0xB000, 0xC000, 0x8000, 0x2800, 0x1000, 0x0800, 0x1821, 0x1001, 0x1020, 0x2021, 0x3021, 0x3820, 0x4800, 0x3800, 0x4800,
  0x6000, 0x9000, 0xC820, 0xD000, 0xC800, 0xB000, 0x7800, 0xB020, 0xD820, 0xC800, 0x7800, 0x1000, 0x0800, 0x1000, 0x1000, 0x4840,
  0x4820, 0x1000, 0x0000, 0x0000, 0x0000, 0x0000, 0x0000, 0x0000, 0x0000, 0x0000, 0x0000, 0x0000, 0x0000, 0x0000, 0x0021, 0x0001,
  0x0863, 0x0021, 0x0042, 0x0863, 0x0000, 0x0883, 0x0041, 0x0883, 0x18E5, 0x1083, 0x10A4, 0x0863, 0x10A3, 0x1083, 0x1061, 0x38C3,
  0x0842, 0x0842, 0x0842, 0x0042, 0x0042, 0x0842, 0x0042, 0x0042, 0x0042, 0x0842, 0x0842, 0x0862, 0x0842, 0x0862, 0x0862, 0x0862,
  0x0862, 0x0863, 0x0863, 0x0863, 0x0863, 0x0863, 0x0883, 0x0883, 0x08A4, 0x08A4, 0x08C4, 0x10E5, 0x10E5, 0x10E5, 0x1106, 0x1906,
  0x1926, 0x1926, 0x1926, 0x2126, 0x2146, 0x2147, 0x2967, 0x2967, 0x2967, 0x3146, 0x3146, 0x3945, 0x3925, 0x38E4, 0x30C3, 0x3082,
  0x2862, 0x2861, 0x2841, 0x2041, 0x2041, 0x2020, 0x2020, 0x1800, 0x1820, 0x1800, 0x1000, 0x1000, 0x1000, 0x0800, 0x0800, 0x0000,
  0x0000, 0x0000, 0x0000, 0x0000, 0x0000, 0x0000, 0x0000, 0x0000, 0x0000, 0x0000, 0x0000, 0x0000, 0x0000, 0x0000, 0x0000, 0x0000,
  0x0000, 0x0000, 0x0800, 0x0800, 0x0800, 0x0800, 0x2000, 0x1000, 0x0800, 0x0800, 0x0800, 0x0800, 0x0800, 0x1000, 0x40A2, 0x6AA8,
  0x6AC9, 0x6AC9, 0x6A88, 0x6AA8, 0x6AE9, 0x72E9, 0x72E9, 0x730A, 0x732A, 0x734A, 0x72E9, 0x7309, 0x6B09, 0x6AE9, 0x62C8, 0x6288,
  0x6247, 0x61A5, 0x5A47, 0x5226, 0x49C5, 0x41A5, 0x3902, 0x30E2, 0x2903, 0x1881, 0x1061, 0x0840, 0x0020, 0x0861, 0x0000, 0x0000,
  0x0000, 0x0020, 0x0000, 0x0000, 0x0000, 0x0000, 0x0000, 0x0000, 0x0000, 0x0000, 0x0000, 0x0000, 0x0000, 0x0000, 0x0000, 0x0000,
  0x0000, 0x0000, 0x0000, 0x0000, 0x0000, 0x0000, 0x0000, 0x0000, 0x0000, 0x0000, 0x0000, 0x0000, 0x0020, 0x0841, 0x0000, 0x0000,
  0x0000, 0x0841, 0x10A2, 0x0000, 0x0000, 0x0800, 0x0800, 0x0800, 0x1000, 0x2000, 0x2800, 0x4800, 0x5000, 0x4800, 0x5800, 0x9000,
  0x9800, 0xC000, 0xB000, 0x4000, 0x2800, 0x0800, 0x1000, 0x1821, 0x1000, 0x1820, 0x3020, 0x4021, 0x4020, 0x4000, 0x4800, 0x6000,
  0x8800, 0xC000, 0xD800, 0xB800, 0xA800, 0x9000, 0xB800, 0xD840, 0xD800, 0x8800, 0x1000, 0x0800, 0x1000, 0x1000, 0x4820, 0x5020,
  0x0800, 0x0000, 0x0000, 0x0000, 0x0000, 0x0000, 0x0000, 0x0000, 0x0000, 0x0000, 0x0000, 0x0000, 0x0000, 0x0000, 0x0000, 0x0021,
  0x0863, 0x0001, 0x0883, 0x0021, 0x0021, 0x0021, 0x18C4, 0x10A3, 0x0841, 0x18C4, 0x10A4, 0x10A3, 0x0841, 0x2862, 0x2882, 0x0842,
  0x0842, 0x0842, 0x0842, 0x0842, 0x0842, 0x0042, 0x0842, 0x0042, 0x0042, 0x0042, 0x0842, 0x0842, 0x0862, 0x0842, 0x0862, 0x0862,
  0x0862, 0x0862, 0x0863, 0x0863, 0x0863, 0x0863, 0x0863, 0x0883, 0x0883, 0x08A4, 0x08C4, 0x10C5, 0x10E5, 0x10E5, 0x1106, 0x1106,
  0x1926, 0x1926, 0x1926, 0x2126, 0x2146, 0x2147, 0x2967, 0x2967, 0x2967, 0x3146, 0x3146, 0x3945, 0x3925, 0x38E4, 0x30C3, 0x3082,
  0x2862, 0x2841, 0x2841, 0x2041, 0x2021, 0x2020, 0x2020, 0x1800, 0x1800, 0x1800, 0x1000, 0x1000, 0x0800, 0x0800, 0x0800, 0x0000,
  0x0000, 0x0000, 0x0000, 0x0000, 0x0000, 0x0000, 0x0000, 0x0000, 0x0000, 0x0000, 0x0000, 0x0000, 0x0000, 0x0000, 0x0000, 0x0000,
  0x0000, 0x0800, 0x0800, 0x0800, 0x0800, 0x0800, 0x0800, 0x2000, 0x1800, 0x1000, 0x1000, 0x0800, 0x0800, 0x0800, 0x2000, 0x59E6,
  0x730A, 0x72C9, 0x72E9, 0x732A, 0x7B4B, 0x7B6B, 0x7B8B, 0x7BAC, 0x7BAC, 0x83CC, 0x838B, 0x838B, 0x83CC, 0x7BAB, 0x7B8B, 0x734A,
  0x732A, 0x7288, 0x6A26, 0x6AC8, 0x6267, 0x5206, 0x4984, 0x3903, 0x3164, 0x20E2, 0x1881, 0x0861, 0x0841, 0x0862, 0x0020, 0x0000,
  0x0000, 0x0841, 0x0020, 0x0021, 0x0000, 0x0000, 0x0000, 0x0000, 0x0000, 0x0000, 0x0000, 0x0000, 0x0000, 0x0000, 0x0000, 0x0000,
  0x0000, 0x0000, 0x0000, 0x0000, 0x0000, 0x0000, 0x0000, 0x0000, 0x0000, 0x0000, 0x0000, 0x0000, 0x0000, 0x0861, 0x0000, 0x0000,
  0x0000, 0x0841, 0x0862, 0x0000, 0x0000, 0x0800, 0x0800, 0x0800, 0x1000, 0x2800, 0x4000, 0x5800, 0x5800, 0x4800, 0x6800, 0x8800,
  0xA000, 0xB800, 0x6800, 0x3800, 0x2800, 0x0000, 0x1821, 0x1000, 0x1020, 0x2820, 0x4041, 0x4821, 0x4000, 0x4800, 0x5000, 0x8000,
  0xC000, 0xD000, 0xC800, 0xA000, 0x9800, 0xB800, 0xD800, 0xD800, 0x9000, 0x1000, 0x0800, 0x1020, 0x1000, 0x4020, 0x4820, 0x0800,
  0x0000, 0x0000, 0x0000, 0x0000, 0x0000, 0x0000, 0x0000, 0x0000, 0x0000, 0x0000, 0x0021, 0x0021, 0x0000, 0x0042, 0x0042, 0x0042,
  0x0000, 0x0863, 0x0862, 0x0000, 0x0042, 0x0862, 0x1062, 0x0883, 0x10A4, 0x2946, 0x1882, 0x40E4, 0x1862, 0x1841, 0x0842, 0x0042,
  0x0042, 0x0842, 0x0842, 0x0842, 0x0842, 0x0842, 0x0042, 0x0842, 0x0042, 0x0042, 0x0042, 0x0842, 0x0842, 0x0862, 0x0842, 0x0862,
  0x0862, 0x0862, 0x0863, 0x0863, 0x0863, 0x0863, 0x0863, 0x0883, 0x0883, 0x08A4, 0x08A4, 0x10C5, 0x10E5, 0x10E5, 0x1105, 0x1106,
  0x1926, 0x1926, 0x1926, 0x1926, 0x2146, 0x2147, 0x2967, 0x2967, 0x2967, 0x3146, 0x3146, 0x3945, 0x3905, 0x38E4, 0x30A3, 0x3082,
  0x2861, 0x2841, 0x2041, 0x2041, 0x2020, 0x2020, 0x1800, 0x1820, 0x1800, 0x1000, 0x1000, 0x0800, 0x0800, 0x0800, 0x0000, 0x0000,
  0x0000, 0x0000, 0x0000, 0x0000, 0x0000, 0x0000, 0x0000, 0x0000, 0x0000, 0x0000, 0x0000, 0x0000, 0x0000, 0x0000, 0x0000, 0x0000,
  0x0800, 0x0800, 0x0800, 0x0800, 0x0800, 0x1000, 0x1000, 0x1000, 0x6800, 0x3000, 0x1000, 0x0800, 0x1000, 0x0800, 0x1000, 0x40A1,
  0x72E9, 0x7B2A, 0x836B, 0x838B, 0x8BEC, 0x8C0D, 0x83ED, 0x8C0D, 0x8C0D, 0x8C4E, 0x942E, 0x940D, 0x946F, 0x944E, 0x8C2D, 0x8C0D,
  0x83EC, 0x83CC, 0x7AC8, 0x72A7, 0x6B09, 0x6267, 0x5A06, 0x4123, 0x3984, 0x3144, 0x18A2, 0x1081, 0x1082, 0x0861, 0x0841, 0x0021,
  0x0000, 0x0841, 0x0841, 0x0021, 0x0020, 0x0000, 0x0021, 0x0000, 0x0021, 0x0021, 0x0021, 0x0821, 0x0021, 0x0021, 0x0842, 0x0841,
  0x0021, 0x0021, 0x0021, 0x0841, 0x0021, 0x0000, 0x0021, 0x0000, 0x0000, 0x0000, 0x0000, 0x0000, 0x0000, 0x0861, 0x0020, 0x0000,
  0x0000, 0x1082, 0x0841, 0x0000, 0x0000, 0x0800, 0x0800, 0x0800, 0x1800, 0x3800, 0x5000, 0x5800, 0x5800, 0x4800, 0x7000, 0x8000,
  0xB000, 0x8000, 0x3800, 0x4800, 0x1000, 0x0800, 0x1800, 0x1000, 0x2020, 0x4020, 0x4821, 0x4000, 0x4000, 0x4800, 0x6800, 0xA800,
  0xD020, 0xD820, 0xB800, 0xB820, 0xC820, 0xD861, 0xE060, 0x9800, 0x1000, 0x0820, 0x1021, 0x0820, 0x4040, 0x5020, 0x0800, 0x0000,
  0x0000, 0x0000, 0x0000, 0x0000, 0x0000, 0x0000, 0x0000, 0x0000, 0x0000, 0x0000, 0x0021, 0x0000, 0x0000, 0x0021, 0x0000, 0x0000,
  0x0883, 0x0041, 0x0021, 0x0884, 0x0863, 0x10C4, 0x10A4, 0x0883, 0x20A3, 0x2082, 0x2041, 0x2861, 0x2882, 0x0862, 0x0862, 0x0862,
  0x0042, 0x0042, 0x0842, 0x0842, 0x0842, 0x0842, 0x0842, 0x0042, 0x0842, 0x0042, 0x0042, 0x0042, 0x0842, 0x0862, 0x0862, 0x0842,
  0x0862, 0x0862, 0x0862, 0x0863, 0x0863, 0x0863, 0x0863, 0x0863, 0x0883, 0x0883, 0x08A4, 0x08C4, 0x10E5, 0x10E5, 0x10E5, 0x1106,
  0x1906, 0x1926, 0x1926, 0x1926, 0x2126, 0x2147, 0x2967, 0x2967, 0x2967, 0x3146, 0x3146, 0x3925, 0x3904, 0x38E4, 0x30A3, 0x3082,
  0x2861, 0x2841, 0x2041, 0x2041, 0x2020, 0x2020, 0x1800, 0x1800, 0x1800, 0x1000, 0x1000, 0x0800, 0x0800, 0x0000, 0x0000, 0x0000,
  0x0000, 0x0000, 0x0000, 0x0000, 0x0000, 0x0000, 0x0000, 0x0000, 0x0000, 0x0000, 0x0000, 0x0000, 0x0000, 0x0000, 0x0000, 0x0800,
  0x0800, 0x0800, 0x0800, 0x0800, 0x1000, 0x1000, 0x1000, 0x1000, 0x1800, 0x9000, 0x4000, 0x1800, 0x1000, 0x1000, 0x1000, 0x2800,
  0x6A26, 0x838B, 0x838B, 0x8BCC, 0x9C6E, 0x9C8F, 0x9CAF, 0x9CB0, 0x9CD0, 0xA4F0, 0xA4D0, 0xA4AF, 0xA4F0, 0xA4F0, 0x9CD0, 0x9CAF,
  0x946F, 0x946E, 0x8C0D, 0x8287, 0x7B29, 0x6AE8, 0x6267, 0x5164, 0x49E6, 0x39A5, 0x20E3, 0x18A2, 0x20E3, 0x1082, 0x0862, 0x0841,
  0x0000, 0x0841, 0x0862, 0x0021, 0x0021, 0x0841, 0x0862, 0x0842, 0x0841, 0x0862, 0x10A3, 0x1083, 0x10A3, 0x18E4, 0x18C4, 0x1083,
  0x1083, 0x18C4, 0x1062, 0x0842, 0x0862, 0x0021, 0x0842, 0x0021, 0x0021, 0x0021, 0x0000, 0x0000, 0x0000, 0x0040, 0x0020, 0x0000,
  0x0000, 0x10A2, 0x0000, 0x0000, 0x0000, 0x0800, 0x0800, 0x1000, 0x2800, 0x5000, 0x5000, 0x6000, 0x5000, 0x5000, 0x7000, 0x8800,
  0x9000, 0x4800, 0x4800, 0x4000, 0x0000, 0x1000, 0x1000, 0x1800, 0x3020, 0x4800, 0x4800, 0x4800, 0x4000, 0x5800, 0x8000, 0xA800,
  0xD000, 0xB800, 0xB000, 0xE060, 0xD860, 0xE020, 0xB020, 0x1800, 0x0820, 0x1021, 0x0821, 0x3841, 0x5840, 0x1000, 0x0000, 0x0000,
  0x0000, 0x0000, 0x0000, 0x0000, 0x0000, 0x0000, 0x0000, 0x0000, 0x0000, 0x0021, 0x0021, 0x0000, 0x0042, 0x0021, 0x0022, 0x0042,
  0x0883, 0x0042, 0x0022, 0x0884, 0x0842, 0x0842, 0x0862, 0x1862, 0x2042, 0x1841, 0x30C3, 0x1862, 0x0862, 0x0862, 0x0862, 0x0862,
  0x0862, 0x0842, 0x0042, 0x0842, 0x0842, 0x0842, 0x0842, 0x0842, 0x0042, 0x0842, 0x0042, 0x0042, 0x0042, 0x0842, 0x0862, 0x0862,
  0x0862, 0x0862, 0x0862, 0x0862, 0x0863, 0x0863, 0x0863, 0x0863, 0x0883, 0x0883, 0x08A4, 0x08A4, 0x10C5, 0x10E5, 0x10E5, 0x1106,
  0x1906, 0x1926, 0x1926, 0x1926, 0x2126, 0x2146, 0x2967, 0x2967, 0x2967, 0x3146, 0x3946, 0x3925, 0x3904, 0x38C4, 0x30A3, 0x3082,
  0x2861, 0x2841, 0x2041, 0x2021, 0x2020, 0x1820, 0x1820, 0x1800, 0x1000, 0x1000, 0x0800, 0x0800, 0x0800, 0x0000, 0x0000, 0x0000,
  0x0000, 0x0000, 0x0000, 0x0000, 0x0000, 0x0000, 0x0000, 0x0000, 0x0000, 0x0000, 0x0000, 0x0000, 0x0000, 0x0800, 0x0800, 0x0800,
  0x0800, 0x0800, 0x0800, 0x1000, 0x1000, 0x1000, 0x1800, 0x1800, 0x1800, 0x1820, 0x7800, 0x2800, 0x1000, 0x1000, 0x1000, 0x1800,
  0x50E2, 0x836A, 0x8BAC, 0x9C0D, 0xA4D0, 0xA511, 0xA511, 0xAD11, 0xA511, 0xAD31, 0xB531, 0xB511, 0xB572, 0xAD31, 0xAD31, 0xAD31,
  0xA510, 0xA4D0, 0x9CD0, 0x93CC, 0x8B08, 0x838B, 0x7309, 0x61C5, 0x5A47, 0x4A07, 0x2903, 0x20C3, 0x2124, 0x18A3, 0x0862, 0x0841,
  0x0021, 0x0841, 0x1082, 0x0841, 0x0841, 0x18C4, 0x1062, 0x0862, 0x10A3, 0x18A3, 0x2987, 0x18C4, 0x20E5, 0x2926, 0x2926, 0x3126,
  0x28E5, 0x18E4, 0x20A3, 0x3946, 0x1862, 0x1042, 0x0841, 0x1082, 0x0862, 0x0821, 0x0001, 0x0000, 0x0000, 0x0020, 0x0020, 0x0000,
  0x0020, 0x10A2, 0x0000, 0x0000, 0x0000, 0x0800, 0x0800, 0x1800, 0x3800, 0x4800, 0x5800, 0x6000, 0x4800, 0x5800, 0x8800, 0x9000,
  0x5800, 0x3800, 0x6800, 0x1800, 0x0000, 0x1000, 0x1800, 0x2800, 0x4000, 0x4800, 0x4000, 0x4000, 0x5800, 0x7800, 0x8800, 0xB000,
  0xC000, 0xB800, 0xD800, 0xE081, 0xD020, 0xA800, 0x2000, 0x0820, 0x1842, 0x0821, 0x3041, 0x6861, 0x2000, 0x0000, 0x0000, 0x0000,
  0x0000, 0x0000, 0x0000, 0x0000, 0x0000, 0x0000, 0x0000, 0x0000, 0x0021, 0x0021, 0x0000, 0x0021, 0x0042, 0x0001, 0x0862, 0x0863,
  0x0021, 0x10A4, 0x10A4, 0x0842, 0x0863, 0x18C4, 0x18A3, 0x28A3, 0x2062, 0x2861, 0x0842, 0x0842, 0x0842, 0x0842, 0x0862, 0x0862,
  0x0862, 0x0862, 0x0842, 0x0042, 0x0842, 0x0842, 0x0842, 0x0842, 0x0842, 0x0042, 0x0842, 0x0042, 0x0042, 0x0042, 0x0842, 0x0862,
  0x0842, 0x0862, 0x0862, 0x0862, 0x0863, 0x0863, 0x0863, 0x0863, 0x0863, 0x0883, 0x0883, 0x08A4, 0x08C4, 0x10E5, 0x10E5, 0x1105,
  0x1106, 0x1926, 0x1926, 0x1926, 0x2126, 0x2146, 0x2947, 0x2967, 0x2967, 0x3146, 0x3946, 0x3925, 0x3904, 0x38C3, 0x3082, 0x2862,
  0x2841, 0x2041, 0x2041, 0x2020, 0x2020, 0x1800, 0x1800, 0x1800, 0x1000, 0x1000, 0x0800, 0x0800, 0x0000, 0x0000, 0x0000, 0x0000,
  0x0000, 0x0000, 0x0000, 0x0000, 0x0000, 0x0000, 0x0000, 0x0000, 0x0000, 0x0000, 0x0000, 0x0000, 0x0800, 0x0800, 0x0800, 0x0800,
  0x0800, 0x1000, 0x1000, 0x1000, 0x1000, 0x1800, 0x1800, 0x1820, 0x1820, 0x1820, 0x2040, 0x2800, 0x1000, 0x1000, 0x1000, 0x1000,
  0x3800, 0x82E9, 0x9C2D, 0x9C6F, 0xB572, 0xB552, 0xAD32, 0xAD31, 0xAD11, 0xB552, 0xC572, 0xC5B3, 0xBDB3, 0xBDB3, 0xBDB3, 0xB5B3,
  0xB572, 0xAD51, 0xAD31, 0xA510, 0x9B6A, 0x93AB, 0x838B, 0x7247, 0x6A88, 0x5267, 0x3124, 0x20E3, 0x2944, 0x18E3, 0x1082, 0x1082,
  0x0841, 0x0842, 0x1083, 0x0862, 0x0862, 0x1083, 0x1062, 0x18E4, 0x2967, 0x424A, 0x2126, 0x31A8, 0x2966, 0x3105, 0x28C5, 0x3906,
  0x30C4, 0x1883, 0x28A4, 0x4126, 0x30A3, 0x2883, 0x1021, 0x1062, 0x1082, 0x1842, 0x1042, 0x0821, 0x0000, 0x0000, 0x0021, 0x0000,
  0x0861, 0x1082, 0x0000, 0x0000, 0x0800, 0x0800, 0x1000, 0x2000, 0x3800, 0x4800, 0x6000, 0x5800, 0x5000, 0x7000, 0x9000, 0x6800,
  0x3800, 0x7000, 0x5800, 0x0000, 0x0800, 0x1000, 0x2000, 0x3800, 0x4800, 0x4000, 0x3800, 0x5000, 0x7800, 0x7000, 0x8800, 0xB000,
  0xA800, 0xD000, 0xE000, 0xE060, 0xB800, 0x2800, 0x0800, 0x1841, 0x1041, 0x1841, 0x6861, 0x3800, 0x0000, 0x0000, 0x0000, 0x0000,
  0x0000, 0x0000, 0x0000, 0x0000, 0x0000, 0x0000, 0x0000, 0x0021, 0x0021, 0x0021, 0x0021, 0x0021, 0x0001, 0x0863, 0x0021, 0x08A4,
  0x10C5, 0x0883, 0x0862, 0x18C5, 0x1083, 0x28A3, 0x2083, 0x1021, 0x3883, 0x0862, 0x0842, 0x0842, 0x0842, 0x0842, 0x0842, 0x0862,
  0x0862, 0x0862, 0x0862, 0x0862, 0x0042, 0x0042, 0x0842, 0x0842, 0x0842, 0x0842, 0x0042, 0x0842, 0x0042, 0x0042, 0x0042, 0x0842,
  0x0862, 0x0842, 0x0862, 0x0862, 0x0862, 0x0863, 0x0863, 0x0863, 0x0863, 0x0883, 0x0883, 0x08A4, 0x08C4, 0x10C5, 0x10E5, 0x10E5,
  0x1106, 0x1926, 0x1926, 0x1926, 0x2126, 0x2146, 0x2947, 0x2967, 0x2967, 0x3146, 0x3946, 0x3925, 0x38E4, 0x30C3, 0x3082, 0x2861,
  0x2841, 0x2041, 0x2041, 0x2020, 0x2020, 0x1820, 0x1800, 0x1000, 0x1000, 0x0800, 0x0800, 0x0000, 0x0000, 0x0000, 0x0000, 0x0000,
  0x0000, 0x0000, 0x0000, 0x0000, 0x0000, 0x0000, 0x0000, 0x0000, 0x0000, 0x0000, 0x0000, 0x0800, 0x0800, 0x0800, 0x0800, 0x0800,
  0x1000, 0x1000, 0x1000, 0x1800, 0x1800, 0x1820, 0x1820, 0x1820, 0x2040, 0x2041, 0x2061, 0x2881, 0x1800, 0x1000, 0x1000, 0x1000,
  0x2000, 0x6984, 0x9C2D, 0xACF0, 0xBD72, 0xBD92, 0xBD72, 0xBD72, 0xB572, 0xC572, 0xD656, 0xCE15, 0xC5F4, 0xCE35, 0xC635, 0xC614,
  0xBDD4, 0xBDB3, 0xB572, 0xAD72, 0xA46E, 0x9B8A, 0x8BCB, 0x7A87, 0x72C8, 0x5A88, 0x3944, 0x2924, 0x3185, 0x2124, 0x18C3, 0x10A3,
  0x0862, 0x1082, 0x10A3, 0x1083, 0x0841, 0x0841, 0x1062, 0x1082, 0x18E4, 0x31A8, 0x2105, 0x2946, 0x2925, 0x38E5, 0x61C9, 0x38C4,
  0x58C4, 0x30A3, 0x38E4, 0x4883, 0x48A3, 0x2883, 0x2062, 0x1041, 0x1042, 0x2083, 0x1042, 0x0821, 0x0821, 0x0821, 0x0861, 0x0000,
  0x10A2, 0x0861, 0x0000, 0x0000, 0x0800, 0x0800, 0x1000, 0x2000, 0x3800, 0x5000, 0x5800, 0x4800, 0x6000, 0x8000, 0x7000, 0x4000,
  0x6000, 0x8800, 0x2800, 0x0000, 0x1000, 0x1800, 0x3000, 0x4000, 0x4800, 0x3800, 0x4000, 0x7000, 0x7000, 0x6800, 0x9000, 0x8800,
  0xB000, 0xE020, 0xE020, 0xC800, 0x4000, 0x1000, 0x2862, 0x1862, 0x1041, 0x6061, 0x5820, 0x0000, 0x0000, 0x0000, 0x0000, 0x0000,
  0x0000, 0x0000, 0x0000, 0x0000, 0x0000, 0x0000, 0x0021, 0x0021, 0x0001, 0x0021, 0x0000, 0x0042, 0x0883, 0x0000, 0x0883, 0x0862,
  0x0021, 0x0821, 0x0863, 0x18A4, 0x1883, 0x38A3, 0x1862, 0x2882, 0x0862, 0x0862, 0x0862, 0x0842, 0x0842, 0x0842, 0x0842, 0x0842,
  0x0842, 0x0862, 0x0862, 0x0862, 0x0862, 0x0842, 0x0042, 0x0842, 0x0842, 0x0842, 0x0842, 0x0042, 0x0842, 0x0042, 0x0042, 0x0842,
  0x0842, 0x0862, 0x0842, 0x0862, 0x0862, 0x0862, 0x0863, 0x0863, 0x0863, 0x0863, 0x0883, 0x0883, 0x08A4, 0x10C5, 0x10E5, 0x10E5,
  0x1106, 0x1906, 0x1926, 0x1926, 0x2126, 0x2146, 0x2947, 0x2967, 0x2967, 0x3146, 0x3946, 0x3925, 0x38E4, 0x30C3, 0x3082, 0x2861,
  0x2841, 0x2041, 0x2021, 0x2020, 0x1800, 0x1800, 0x1000, 0x1000, 0x1000, 0x0800, 0x0800, 0x0000, 0x0000, 0x0000, 0x0000, 0x0000,
  0x0000, 0x0000, 0x0000, 0x0000, 0x0000, 0x0000, 0x0000, 0x0000, 0x0000, 0x0000, 0x0800, 0x0800, 0x0800, 0x0800, 0x1000, 0x1000,
  0x1000, 0x1000, 0x1800, 0x1800, 0x1820, 0x1820, 0x2040, 0x2041, 0x2061, 0x2861, 0x2881, 0x30A2, 0x38C2, 0x1000, 0x1000, 0x1800,
  0x1800, 0x4881, 0xAC4E, 0xACF0, 0xC592, 0xC5D4, 0xC5B3, 0xC5D4, 0xC572, 0xCDD4, 0xD696, 0xCE35, 0xCE35, 0xCE76, 0xCE76, 0xCE56,
  0xC635, 0xC5F4, 0xBDB3, 0xB592, 0xAD51, 0x9BCB, 0x93AA, 0x82E8, 0x7B2A, 0x62C9, 0x4185, 0x3165, 0x39A6, 0x2945, 0x18C3, 0x10A3,
  0x1082, 0x1082, 0x10A3, 0x10A3, 0x0821, 0x0842, 0x10A3, 0x18C4, 0x20E4, 0x3187, 0x2106, 0x28E5, 0x28E5, 0x28E4, 0x5926, 0x70E5,
  0x90A4, 0x58A4, 0x40C4, 0x9842, 0xA822, 0x4882, 0x2882, 0x2062, 0x20A3, 0x2883, 0x1862, 0x2062, 0x1021, 0x1841, 0x1861, 0x0020,
  0x10A2, 0x0020, 0x0000, 0x0000, 0x0800, 0x1000, 0x1800, 0x2800, 0x4000, 0x5000, 0x5000, 0x4800, 0x7000, 0x7000, 0x4000, 0x5800,
  0x9800, 0x6800, 0x0800, 0x0000, 0x1000, 0x2000, 0x4000, 0x4000, 0x4000, 0x3800, 0x5800, 0x7000, 0x6800, 0x7000, 0x7000, 0x9000,
  0xE000, 0xE820, 0xD800, 0x6800, 0x1000, 0x3082, 0x2082, 0x0841, 0x4861, 0x7840, 0x1000, 0x0000, 0x0000, 0x0000, 0x0000, 0x0000,
  0x0000, 0x0000, 0x0000, 0x0000, 0x0021, 0x0021, 0x0000, 0x0042, 0x0042, 0x0000, 0x0863, 0x0863, 0x0041, 0x0021, 0x0022, 0x10C4,
  0x0842, 0x0883, 0x1083, 0x2062, 0x1041, 0x1882, 0x1862, 0x0863, 0x0862, 0x0862, 0x0862, 0x0862, 0x0862, 0x0842, 0x0842, 0x0842,
  0x0842, 0x0842, 0x0862, 0x0862, 0x0862, 0x0862, 0x0842, 0x0042, 0x0842, 0x0842, 0x0842, 0x0842, 0x0042, 0x0042, 0x0042, 0x0042,
  0x0842, 0x0842, 0x0862, 0x0842, 0x0862, 0x0862, 0x0862, 0x0863, 0x0863, 0x0863, 0x0883, 0x0883, 0x08A4, 0x08C4, 0x10E5, 0x10E5,
  0x1105, 0x1906, 0x1926, 0x1926, 0x1926, 0x2146, 0x2147, 0x2967, 0x2967, 0x3146, 0x3946, 0x3925, 0x38E4, 0x30A3, 0x3082, 0x2841,
  0x2041, 0x2041, 0x2020, 0x2020, 0x1820, 0x1800, 0x1000, 0x1000, 0x0800, 0x0800, 0x0000, 0x0000, 0x0000, 0x0000, 0x0000, 0x0000,
  0x0000, 0x0000, 0x0000, 0x0000, 0x0000, 0x0000, 0x0000, 0x0000, 0x0000, 0x0800, 0x0800, 0x0800, 0x0800, 0x1000, 0x1000, 0x1000,
  0x1800, 0x1800, 0x1820, 0x1820, 0x2020, 0x2040, 0x2041, 0x2861, 0x2881, 0x30A2, 0x38C2, 0x40E2, 0x4103, 0x5144, 0x2000, 0x3000,
  0x2000, 0x3800, 0xABAB, 0xC5B3, 0xCE15, 0xCE35, 0xCDF4, 0xCD72, 0xCDD4, 0xD697, 0xDEB7, 0xD696, 0xD676, 0xD6B7, 0xD696, 0xD676,
  0xCE76, 0xC635, 0xC5F4, 0xBDD3, 0xB592, 0xAC8E, 0xA38A, 0x934A, 0x8B6A, 0x7309, 0x41A5, 0x3985, 0x41C6, 0x2945, 0x10A3, 0x18C3,
  0x10A3, 0x1083, 0x18E4, 0x0862, 0x0841, 0x1082, 0x18A3, 0x20C4, 0x2966, 0x31A8, 0x3167, 0x4187, 0x4946, 0x30E4, 0x58A3, 0xB063,
  0xD083, 0x70A3, 0x4862, 0xE0A3, 0xD801, 0x6841, 0x30A3, 0x2062, 0x2862, 0x58A3, 0x3042, 0x3882, 0x2842, 0x1021, 0x0821, 0x0020,
  0x10A2, 0x0000, 0x0000, 0x0000, 0x0800, 0x1000, 0x2000, 0x4000, 0x4000, 0x5000, 0x4000, 0x5000, 0x6800, 0x4000, 0x4800, 0x9000,
  0x9000, 0x3800, 0x0000, 0x0800, 0x1800, 0x3800, 0x4800, 0x3800, 0x3800, 0x4800, 0x6800, 0x7000, 0x8000, 0x6800, 0x7000, 0xC000,
  0xE800, 0xF020, 0x8800, 0x2000, 0x3062, 0x30A3, 0x1862, 0x3841, 0x9060, 0x3000, 0x0000, 0x0000, 0x0000, 0x0000, 0x0000, 0x0000,
  0x0000, 0x0000, 0x0000, 0x0000, 0x0021, 0x0001, 0x0863, 0x0042, 0x0000, 0x0001, 0x0884, 0x0042, 0x0021, 0x0862, 0x1042, 0x1883,
  0x0021, 0x1862, 0x1062, 0x1882, 0x2082, 0x3082, 0x0862, 0x0862, 0x0863, 0x0863, 0x0862, 0x0862, 0x0862, 0x0862, 0x0862, 0x0842,
  0x0842, 0x0842, 0x0842, 0x0842, 0x0862, 0x0862, 0x0862, 0x0862, 0x0042, 0x0842, 0x0842, 0x0842, 0x0842, 0x0042, 0x0042, 0x0042,
  0x0042, 0x0842, 0x0842, 0x0862, 0x0862, 0x0862, 0x0862, 0x0863, 0x0863, 0x0863, 0x0863, 0x0883, 0x0884, 0x08A4, 0x10C5, 0x10E5,
  0x10E5, 0x1106, 0x1926, 0x1926, 0x1926, 0x2146, 0x2147, 0x2967, 0x2967, 0x3146, 0x3946, 0x3925, 0x38E4, 0x30A3, 0x2862, 0x2841,
  0x2041, 0x2041, 0x2020, 0x1800, 0x1800, 0x1000, 0x1000, 0x0800, 0x0800, 0x0000, 0x0000, 0x0000, 0x0000, 0x0000, 0x0000, 0x0000,
  0x0000, 0x0000, 0x0000, 0x0000, 0x0000, 0x0000, 0x0000, 0x0800, 0x0800, 0x0800, 0x0800, 0x0800, 0x1000, 0x1000, 0x1000, 0x1800,
  0x1800, 0x1820, 0x1820, 0x2040, 0x2041, 0x2861, 0x2881, 0x30A1, 0x38C2, 0x40E2, 0x4103, 0x5144, 0x5984, 0x69C5, 0x6020, 0x8020,
  0x6840, 0x5820, 0xA2A7, 0xD5D3, 0xD5B3, 0xD593, 0xCD51, 0xCDB3, 0xD676, 0xDE97, 0xDED7, 0xDEB6, 0xDED7, 0xDED7, 0xD6B7, 0xD696,
  0xD676, 0xCE55, 0xCE14, 0xC614, 0xBDB3, 0xBD10, 0xAC0C, 0x9B49, 0x8B4A, 0x7329, 0x49C5, 0x41A5, 0x41E7, 0x2924, 0x18A3, 0x18E4,
  0x18C3, 0x18C4, 0x18C3, 0x0842, 0x1082, 0x1883, 0x18C3, 0x2905, 0x2905, 0x28E4, 0x4146, 0x51C8, 0x61A7, 0x6967, 0x7083, 0xE0E4,
  0xF083, 0x80A3, 0x8062, 0xF104, 0xA021, 0x3841, 0x2062, 0x2062, 0x2842, 0x89E7, 0x69A6, 0x3041, 0x3062, 0x0821, 0x0821, 0x0020,
  0x1082, 0x0000, 0x0000, 0x0800, 0x0800, 0x1800, 0x3000, 0x4000, 0x4800, 0x4000, 0x4000, 0x5800, 0x4800, 0x4000, 0x8800, 0xA800,
  0x6800, 0x1000, 0x0000, 0x1000, 0x2000, 0x4000, 0x4000, 0x3800, 0x4800, 0x7000, 0x7800, 0x7000, 0x7000, 0x6800, 0xA000, 0xD000,
  0xE020, 0xC000, 0x3000, 0x3041, 0x40A3, 0x28A3, 0x2021, 0x9061, 0x6020, 0x0000, 0x0000, 0x0000, 0x0000, 0x0000, 0x0000, 0x0000,
  0x0000, 0x0000, 0x0000, 0x0042, 0x0021, 0x0021, 0x0842, 0x0000, 0x0042, 0x0862, 0x0842, 0x0021, 0x0042, 0x0021, 0x1862, 0x1062,
  0x0841, 0x1041, 0x1862, 0x2042, 0x38A2, 0x0862, 0x0862, 0x0862, 0x0862, 0x0862, 0x0863, 0x0863, 0x0862, 0x0862, 0x0862, 0x0862,
  0x0842, 0x0842, 0x0842, 0x0842, 0x0842, 0x0862, 0x0862, 0x0862, 0x0862, 0x0842, 0x0042, 0x0842, 0x0842, 0x0842, 0x0042, 0x0042,
  0x0042, 0x0042, 0x0842, 0x0842, 0x0862, 0x0862, 0x0862, 0x0862, 0x0863, 0x0863, 0x0863, 0x0883, 0x0883, 0x08A4, 0x08C4, 0x10E5,
  0x10E5, 0x1106, 0x1926, 0x1926, 0x1926, 0x2146, 0x2147, 0x2967, 0x2967, 0x3146, 0x3946, 0x3905, 0x38C4, 0x3082, 0x2861, 0x2841,
  0x2041, 0x2020, 0x2020, 0x1800, 0x1800, 0x1000, 0x1000, 0x0800, 0x0800, 0x0000, 0x0000, 0x0000, 0x0000, 0x0000, 0x0000, 0x0000,
  0x0000, 0x0000, 0x0000, 0x0000, 0x0000, 0x0000, 0x0800, 0x0800, 0x0800, 0x0800, 0x1000, 0x1000, 0x1000, 0x1800, 0x1800, 0x1820,
  0x1820, 0x2040, 0x2041, 0x2061, 0x2881, 0x3081, 0x38C2, 0x38E2, 0x4103, 0x5144, 0x5984, 0x69C5, 0x7206, 0x8267, 0x92A8, 0xD1C3,
  0xB101, 0x98A0, 0xB1C2, 0xD592, 0xDE35, 0xD614, 0xCE14, 0xD676, 0xD6B7, 0xDED8, 0xE6D7, 0xDED7, 0xDED7, 0xDED7, 0xDEB7, 0xD696,
  0xD696, 0xD676, 0xCE35, 0xC614, 0xC5B2, 0xBD30, 0xB4CF, 0x9AE8, 0x8B09, 0x7B4A, 0x5A26, 0x49C6, 0x4A07, 0x2924, 0x18C3, 0x2125,
  0x18E4, 0x18C4, 0x0862, 0x1082, 0x20C3, 0x18A3, 0x20C4, 0x2905, 0x3946, 0x51A7, 0x6A2A, 0x51C8, 0x6987, 0x89C8, 0x7883, 0xE063,
  0xF042, 0x7021, 0x9842, 0xB822, 0x4821, 0x30A3, 0x2882, 0x1841, 0x2841, 0x71A6, 0x8228, 0x2821, 0x2862, 0x0821, 0x0841, 0x0000,
  0x10A2, 0x0000, 0x0000, 0x0800, 0x1000, 0x2800, 0x3000, 0x4000, 0x4000, 0x3800, 0x4800, 0x4800, 0x4000, 0x6000, 0xB000, 0x9800,
  0x4000, 0x0000, 0x0000, 0x1000, 0x3000, 0x3800, 0x3800, 0x3800, 0x5800, 0x8800, 0x7000, 0x6000, 0x6800, 0x7800, 0xC000, 0xD800,
  0xD820, 0x6820, 0x2800, 0x4882, 0x40E4, 0x2041, 0x7020, 0x9020, 0x1000, 0x0000, 0x0000, 0x0000, 0x0000, 0x0000, 0x0000, 0x0000,
  0x0000, 0x0021, 0x0021, 0x0001, 0x0042, 0x0862, 0x0000, 0x0001, 0x0883, 0x0042, 0x0021, 0x0883, 0x0842, 0x18A3, 0x0842, 0x18A3,
  0x28C3, 0x2082, 0x38A3, 0x0862, 0x0862, 0x0862, 0x0862, 0x0862, 0x0862, 0x0862, 0x0862, 0x0862, 0x0863, 0x0863, 0x0862, 0x0862,
  0x0862, 0x0862, 0x0842, 0x0842, 0x0842, 0x0842, 0x0842, 0x0862, 0x0862, 0x0862, 0x0842, 0x0042, 0x0842, 0x0842, 0x0842, 0x0042,
  0x0042, 0x0042, 0x0042, 0x0842, 0x0862, 0x0842, 0x0862, 0x0862, 0x0862, 0x0863, 0x0863, 0x0863, 0x0883, 0x0884, 0x08A4, 0x10C5,
  0x10E5, 0x1106, 0x1906, 0x1926, 0x1926, 0x2126, 0x2147, 0x2967, 0x2967, 0x3146, 0x3946, 0x3904, 0x38C3, 0x3082, 0x2861, 0x2841,
  0x2041, 0x2020, 0x1800, 0x1820, 0x1000, 0x1000, 0x0800, 0x0800, 0x0000, 0x0000, 0x0000, 0x0000, 0x0000, 0x0000, 0x0000, 0x0000,
  0x0000, 0x0000, 0x0000, 0x0000, 0x0000, 0x0800, 0x0800, 0x0800, 0x0800, 0x1000, 0x1000, 0x1000, 0x1800, 0x1820, 0x1820, 0x2020,
  0x2041, 0x2061, 0x2881, 0x3081, 0x30A2, 0x38E2, 0x4103, 0x5144, 0x5984, 0x69C5, 0x7A26, 0x8267, 0x92C8, 0xA329, 0xAB8A, 0xBBCA,
  0xD1E0, 0xC9E0, 0xD260, 0xDD90, 0xE719, 0xE719, 0xD6B7, 0xD696, 0xD6B7, 0xE6F8, 0xE6F7, 0xE6F7, 0xE6F7, 0xDED7, 0xDEB7, 0xD696,
  0xD6B6, 0xD696, 0xD655, 0xCE14, 0xC5F3, 0xBD71, 0xB50F, 0x9B08, 0x8287, 0x8BEC, 0x5A47, 0x49E6, 0x41E7, 0x2104, 0x2104, 0x2945,
  0x18C3, 0x0862, 0x1062, 0x18A3, 0x20A3, 0x28C3, 0x28C3, 0x3104, 0x59A7, 0x69C8, 0x61A7, 0x61C8, 0x8966, 0x8166, 0x8883, 0xE083,
  0xF1E7, 0x8801, 0x8822, 0x6021, 0x3062, 0x4904, 0x30E4, 0x2842, 0x60A3, 0x48A3, 0x60E4, 0x2841, 0x2862, 0x2041, 0x3062, 0x0820,
  0x1082, 0x0000, 0x0000, 0x0800, 0x1800, 0x2800, 0x3800, 0x3800, 0x3800, 0x4000, 0x4800, 0x4000, 0x4800, 0x9000, 0xB800, 0x7800,
  0x2000, 0x0000, 0x0800, 0x1800, 0x3000, 0x3800, 0x3800, 0x3800, 0x6800, 0x9000, 0x7000, 0x6800, 0x7800, 0x9000, 0xD020, 0xE040,
  0xA800, 0x3800, 0x4061, 0x48E4, 0x2882, 0x6020, 0xB840, 0x4000, 0x0000, 0x0000, 0x0000, 0x0000, 0x0000, 0x0000, 0x0000, 0x0000,
  0x0000, 0x0000, 0x0000, 0x0021, 0x0863, 0x0021, 0x0000, 0x0842, 0x0862, 0x0042, 0x10A3, 0x0862, 0x1083, 0x20A3, 0x1082, 0x2882,
  0x2061, 0x30A3, 0x1062, 0x1062, 0x1062, 0x0862, 0x0862, 0x0862, 0x0862, 0x0862, 0x0862, 0x0862, 0x0862, 0x0862, 0x0863, 0x0863,
  0x0862, 0x0862, 0x0862, 0x0862, 0x0842, 0x0842, 0x0842, 0x0842, 0x0862, 0x0862, 0x0862, 0x0862, 0x0042, 0x0842, 0x0842, 0x0842,
  0x0842, 0x0042, 0x0042, 0x0042, 0x0842, 0x0862, 0x0842, 0x0862, 0x0862, 0x0863, 0x0863, 0x0863, 0x0863, 0x0883, 0x08A4, 0x10C5,
  0x10E5, 0x10E5, 0x1106, 0x1926, 0x1926, 0x2126, 0x2147, 0x2967, 0x2967, 0x3146, 0x3945, 0x3904, 0x30C3, 0x3082, 0x2841, 0x2041,
  0x2021, 0x2020, 0x1800, 0x1800, 0x1000, 0x1000, 0x0800, 0x0000, 0x0000, 0x0000, 0x0000, 0x0000, 0x0000, 0x0000, 0x0000, 0x0000,
  0x0000, 0x0000, 0x0000, 0x0000, 0x0800, 0x0800, 0x0800, 0x1000, 0x1000, 0x1000, 0x1800, 0x1800, 0x1820, 0x1820, 0x2040, 0x2041,
  0x2861, 0x3081, 0x30A2, 0x38E2, 0x4103, 0x5144, 0x5984, 0x69E5, 0x7A26, 0x8A87, 0x9AE8, 0xA349, 0xB3AA, 0xBBEB, 0xC44C, 0xCCAD,
  0xEC61, 0xEC61, 0xEC61, 0xE54C, 0xE6F8, 0xDEB7, 0xD696, 0xDE96, 0xD696, 0xDED7, 0xE718, 0xE718, 0xE6F8, 0xDED7, 0xDEB6, 0xDE96,
  0xDEB6, 0xD696, 0xD675, 0xCE34, 0xCE13, 0xC5D2, 0xB50F, 0xA3CA, 0x8AC8, 0x942D, 0x5A47, 0x49E6, 0x39C6, 0x18E4, 0x2945, 0x2945,
  0x0862, 0x0841, 0x18A3, 0x20A3, 0x4104, 0x30E3, 0x4104, 0x4945, 0x5145, 0xB38C, 0xA30C, 0x89C7, 0xD124, 0xA0E3, 0xA062, 0xF0C3,
  0xF0E3, 0x8001, 0x5001, 0x4062, 0x40A3, 0x3083, 0x2062, 0x3842, 0x9186, 0x50C3, 0x4882, 0x2842, 0x2062, 0x3862, 0x4082, 0x1841,
  0x0861, 0x0000, 0x0800, 0x1000, 0x2000, 0x3000, 0x3000, 0x3000, 0x3800, 0x4000, 0x4000, 0x3800, 0x7000, 0xB800, 0xA000, 0x5000,
  0x0800, 0x0000, 0x0800, 0x1800, 0x3000, 0x3800, 0x4000, 0x5800, 0x7000, 0x9820, 0x7800, 0x7000, 0x7800, 0xB000, 0xE840, 0xD800,
  0x7000, 0x4020, 0x48A3, 0x38A3, 0x5820, 0xC040, 0x8000, 0x0000, 0x0000, 0x0000, 0x0000, 0x0000, 0x0000, 0x0000, 0x0000, 0x0021,
  0x0021, 0x0021, 0x0000, 0x0021, 0x0000, 0x0000, 0x0042, 0x10C4, 0x0862, 0x0884, 0x1083, 0x0841, 0x1062, 0x1882, 0x20A3, 0x1861,
  0x1020, 0x1062, 0x1062, 0x1062, 0x1062, 0x1062, 0x1062, 0x1062, 0x0862, 0x0862, 0x0862, 0x0862, 0x0862, 0x0862, 0x0862, 0x0862,
  0x0863, 0x0863, 0x0862, 0x0862, 0x0862, 0x0842, 0x0842, 0x0842, 0x0842, 0x0842, 0x0862, 0x0862, 0x0862, 0x0042, 0x0842, 0x0842,
  0x0842, 0x0842, 0x0042, 0x0042, 0x0042, 0x0842, 0x0862, 0x0842, 0x0862, 0x0862, 0x0863, 0x0863, 0x0863, 0x0883, 0x0884, 0x08C4,
  0x10E5, 0x10E5, 0x1106, 0x1926, 0x1926, 0x2126, 0x2147, 0x2967, 0x2967, 0x3146, 0x3945, 0x3904, 0x30A3, 0x2862, 0x2841, 0x2041,
  0x2020, 0x2020, 0x1820, 0x1000, 0x1000, 0x0800, 0x0800, 0x0000, 0x0000, 0x0000, 0x0000, 0x0000, 0x0000, 0x0000, 0x0000, 0x0000,
  0x0000, 0x0000, 0x0800, 0x0800, 0x0800, 0x0800, 0x1000, 0x1000, 0x1000, 0x1800, 0x1820, 0x1820, 0x2040, 0x2041, 0x2861, 0x2881,
  0x30A2, 0x38E2, 0x4103, 0x5144, 0x61A4, 0x69E5, 0x7A46, 0x8AA7, 0x9B08, 0xAB69, 0xB3CA, 0xC42B, 0xCC6C, 0xCCCD, 0xD50E, 0xDD4E,
  0xDD8F, 0xECC0, 0xECA0, 0xECE6, 0xE6B6, 0xDEB6, 0xD696, 0xDE96, 0xD696, 0xDED7, 0xE718, 0xE718, 0xE6F8, 0xDED7, 0xDEB6, 0xDE96,
  0xDEB6, 0xDEB6, 0xD675, 0xCE34, 0xCE14, 0xC5D3, 0xB4CE, 0xA3EB, 0x8A87, 0x8BCC, 0x5206, 0x41C6, 0x3185, 0x2104, 0x3187, 0x18E4,
  0x0841, 0x1883, 0x20C3, 0x38E4, 0x4104, 0x4124, 0x3904, 0x7248, 0x8AA9, 0xD4F1, 0xECD1, 0xB965, 0xE984, 0xE123, 0xB022, 0xEA68,
  0xD062, 0x6021, 0x2841, 0x3862, 0x3083, 0x2862, 0x1841, 0x4862, 0x8124, 0x48C4, 0x4082, 0x2062, 0x2862, 0x70E3, 0x48A2, 0x1041,
  0x0841, 0x0000, 0x0800, 0x1800, 0x2800, 0x2800, 0x3000, 0x3000, 0x3800, 0x4000, 0x3000, 0x4800, 0xA000, 0xB800, 0x7000, 0x2800,
  0x0000, 0x0000, 0x0800, 0x2000, 0x3000, 0x3000, 0x4800, 0x7000, 0x7800, 0x9000, 0x7000, 0x7800, 0x9800, 0xD000, 0xE820, 0xB000,
  0x5800, 0x5041, 0x3882, 0x5800, 0xC040, 0xB040, 0x2000, 0x0000, 0x0820, 0x0000, 0x0000, 0x0000, 0x0000, 0x0000, 0x0000, 0x0000,
  0x0021, 0x0021, 0x0042, 0x0842, 0x0021, 0x0021, 0x0863, 0x0042, 0x0862, 0x0862, 0x0862, 0x0841, 0x1862, 0x30A3, 0x1841, 0x2882,
  0x1062, 0x1062, 0x1062, 0x1062, 0x1062, 0x1062, 0x1062, 0x1062, 0x1062, 0x1062, 0x0862, 0x0862, 0x0862, 0x0862, 0x0862, 0x0862,
  0x0862, 0x0862, 0x0863, 0x0863, 0x0862, 0x0862, 0x0862, 0x0842, 0x0842, 0x0842, 0x0842, 0x0862, 0x0862, 0x0862, 0x0842, 0x0042,
  0x0842, 0x0842, 0x0842, 0x0042, 0x0042, 0x0042, 0x0842, 0x0862, 0x0862, 0x0862, 0x0862, 0x0863, 0x0863, 0x0863, 0x0883, 0x08A4,
  0x10C5, 0x10E5, 0x1106, 0x1926, 0x1926, 0x2126, 0x2146, 0x2967, 0x2967, 0x3146, 0x3925, 0x38E4, 0x30A3, 0x2861, 0x2841, 0x2041,
  0x2020, 0x1800, 0x1800, 0x1000, 0x0800, 0x0800, 0x0000, 0x0000, 0x0000, 0x0000, 0x0000, 0x0000, 0x0000, 0x0000, 0x0000, 0x0000,
  0x0000, 0x0800, 0x0800, 0x0800, 0x0800, 0x1000, 0x1000, 0x1800, 0x1800, 0x1820, 0x2040, 0x2041, 0x2861, 0x2881, 0x30A2, 0x38E2,
  0x4103, 0x5144, 0x61A5, 0x71E5, 0x8247, 0x92A8, 0xA309, 0xAB8A, 0xBBEB, 0xC44C, 0xCCAD, 0xD4ED, 0xD52E, 0xDD6F, 0xDDAF, 0xE5D0,
  0xE5F0, 0xEC80, 0xEC40, 0xE462, 0xEE73, 0xDEB7, 0xDE96, 0xDE96, 0xD676, 0xDED7, 0xE718, 0xE718, 0xE6F8, 0xE6F7, 0xDEB6, 0xDEB6,
  0xDE96, 0xDEB6, 0xD695, 0xD654, 0xCE34, 0xC5D2, 0xB48D, 0xA3EB, 0x8267, 0x7B4A, 0x49E6, 0x4A28, 0x2965, 0x2945, 0x3186, 0x1082,
  0x1062, 0x18A3, 0x28C3, 0x3904, 0x28C3, 0x71E6, 0x8AC9, 0x92EA, 0xC42E, 0xBB0A, 0xE349, 0xEAC7, 0xFC4B, 0xD8E2, 0x8821, 0xE0A3,
  0x9001, 0x4082, 0x48C3, 0x2862, 0x3083, 0x2082, 0x1821, 0x9062, 0xA082, 0x48A3, 0x3082, 0x2862, 0x2862, 0x78C3, 0x58A2, 0x0820,
  0x0020, 0x0000, 0x1000, 0x1800, 0x2000, 0x3000, 0x3000, 0x3800, 0x4000, 0x3000, 0x3000, 0x7800, 0xB800, 0xA000, 0x5000, 0x1000,
  0x0000, 0x0800, 0x1000, 0x2000, 0x2800, 0x3000, 0x5800, 0x8000, 0x7800, 0x7800, 0x7000, 0x8800, 0xC000, 0xE040, 0xD800, 0x8000,
  0x4820, 0x4041, 0x6800, 0xC061, 0xD820, 0x5800, 0x0000, 0x1861, 0x1862, 0x0000, 0x0000, 0x0000, 0x0000, 0x0000, 0x0001, 0x0000,
  0x0042, 0x0001, 0x0863, 0x0042, 0x0021, 0x0042, 0x0021, 0x0021, 0x0842, 0x0862, 0x18E4, 0x1882, 0x1862, 0x1041, 0x2082, 0x1062,
  0x1062, 0x1062, 0x1062, 0x1062, 0x1062, 0x1062, 0x1062, 0x1062, 0x1062, 0x1062, 0x1062, 0x1062, 0x0862, 0x0862, 0x0862, 0x0862,
  0x0862, 0x0862, 0x0862, 0x0862, 0x0863, 0x0862, 0x0862, 0x0862, 0x0862, 0x0842, 0x0842, 0x0842, 0x0842, 0x0862, 0x0862, 0x0842,
  0x0042, 0x0842, 0x0842, 0x0842, 0x0042, 0x0042, 0x0042, 0x0842, 0x0862, 0x0862, 0x0862, 0x0863, 0x0863, 0x0863, 0x0883, 0x0884,
  0x08C4, 0x10E5, 0x10E5, 0x1906, 0x1926, 0x1926, 0x2146, 0x2967, 0x2967, 0x3146, 0x3925, 0x38E4, 0x3082, 0x2861, 0x2041, 0x2021,
  0x2020, 0x1820, 0x1000, 0x1000, 0x0800, 0x0000, 0x0000, 0x0000, 0x0000, 0x0000, 0x0000, 0x0000, 0x0000, 0x0000, 0x0000, 0x0000,
  0x0800, 0x0800, 0x0800, 0x1000, 0x1000, 0x1000, 0x1800, 0x1820, 0x1820, 0x2040, 0x2061, 0x2881, 0x30A2, 0x38E2, 0x4103, 0x5164,
  0x61A5, 0x7206, 0x8267, 0x92C8, 0xA329, 0xB3AA, 0xBC0B, 0xCC6C, 0xCCCD, 0xD50E, 0xDD4F, 0xDD8F, 0xDDD0, 0xE5D0, 0xE5F1, 0xE611,
  0xE611, 0xE632, 0xEC20, 0xE400, 0xEE31, 0xDED7, 0xD675, 0xDE96, 0xDE96, 0xDED7, 0xEF18, 0xE718, 0xE6F7, 0xE6F7, 0xDED7, 0xDEB6,
  0xDE96, 0xDE96, 0xD675, 0xD654, 0xCE13, 0xC5B2, 0xAC6D, 0xA40B, 0x7A66, 0x72C9, 0x5207, 0x5268, 0x2945, 0x2966, 0x2104, 0x0841,
  0x1882, 0x3104, 0x3924, 0x3904, 0x3104, 0x30E4, 0x51A6, 0x934B, 0xD4D1, 0xE46E, 0xE287, 0xFB05, 0xFA43, 0xD082, 0x8042, 0xA842,
  0x4022, 0x48A3, 0x6144, 0x2062, 0x2862, 0x1841, 0x3821, 0xB8E4, 0xB8A3, 0x5083, 0x38A3, 0x4082, 0x3062, 0x5082, 0x4861, 0x1820,
  0x0000, 0x0800, 0x1000, 0x1800, 0x2000, 0x2800, 0x3000, 0x4000, 0x3800, 0x2800, 0x5800, 0xA000, 0xB800, 0x7800, 0x3800, 0x0800,
  0x0000, 0x0800, 0x1000, 0x2000, 0x2800, 0x3800, 0x7800, 0x8000, 0x7000, 0x7000, 0x7000, 0x9800, 0xD840, 0xE040, 0xC800, 0x6000,
  0x4020, 0x7000, 0xD081, 0xE860, 0x9000, 0x1000, 0x0000, 0x20A3, 0x0000, 0x0000, 0x0000, 0x0000, 0x0000, 0x0000, 0x0041, 0x0862,
  0x0000, 0x0001, 0x0842, 0x0000, 0x0000, 0x0042, 0x0883, 0x0862, 0x0841, 0x18A3, 0x1882, 0x2042, 0x1882, 0x1841, 0x3882, 0x1062,
  0x1062, 0x1062, 0x1062, 0x1062, 0x1062, 0x1062, 0x1062, 0x1062, 0x1062, 0x1062, 0x1062, 0x1062, 0x1062, 0x1062, 0x1062, 0x0862,
  0x0862, 0x0862, 0x0862, 0x0862, 0x0862, 0x0862, 0x0863, 0x0862, 0x0862, 0x0862, 0x0842, 0x0842, 0x0842, 0x0842, 0x0862, 0x0862,
  0x0862, 0x0042, 0x0842, 0x0842, 0x0842, 0x0042, 0x0042, 0x0042, 0x0842, 0x0862, 0x0862, 0x0862, 0x0863, 0x0863, 0x0863, 0x0883,
  0x08A4, 0x10C5, 0x10E5, 0x1106, 0x1926, 0x1926, 0x2146, 0x2967, 0x2967, 0x3146, 0x3925, 0x38C4, 0x3082, 0x2841, 0x2041, 0x2020,
  0x1800, 0x1800, 0x1000, 0x0800, 0x0800, 0x0000, 0x0000, 0x0000, 0x0000, 0x0000, 0x0000, 0x0000, 0x0000, 0x0000, 0x0000, 0x0800,
  0x0800, 0x0800, 0x1000, 0x1000, 0x1800, 0x1820, 0x1820, 0x2040, 0x2041, 0x2881, 0x30A2, 0x38E2, 0x4103, 0x5164, 0x61A5, 0x7206,
  0x8A67, 0x9AE8, 0xAB69, 0xBBCA, 0xC42C, 0xCCAD, 0xD4ED, 0xDD4E, 0xDD8F, 0xDDB0, 0xE5D0, 0xE5F1, 0xE611, 0xE611, 0xE632, 0xE632,
  0xE632, 0xE632, 0xEBA0, 0xEBA0, 0xF5AD, 0xE6D7, 0xD675, 0xDE96, 0xD696, 0xDED7, 0xEF18, 0xE6F7, 0xE6F7, 0xE6F7, 0xE6D7, 0xDEB6,
  0xDEB6, 0xDE96, 0xD675, 0xD654, 0xCE13, 0xC591, 0xAC4C, 0x9BEB, 0x8287, 0x6A88, 0x5227, 0x4A07, 0x2945, 0x2966, 0x0862, 0x1882,
  0x20A3, 0x20C3, 0x20A3, 0x3924, 0x5186, 0x7228, 0x5165, 0x71E6, 0xD46F, 0xECF0, 0xE9C6, 0xE922, 0xE1C4, 0xB001, 0x8862, 0x5862,
  0x3862, 0x4083, 0x3062, 0x40C4, 0x38A3, 0x1841, 0x7021, 0xD945, 0xA0E3, 0x3862, 0x2862, 0x4062, 0x4062, 0x3882, 0x5062, 0x3881,
  0x0000, 0x0800, 0x1000, 0x1000, 0x2000, 0x2800, 0x3000, 0x3800, 0x2000, 0x3800, 0x8800, 0xB000, 0xA800, 0x5800, 0x2000, 0x0000,
  0x0000, 0x0800, 0x1800, 0x2800, 0x2800, 0x4000, 0x8800, 0x8800, 0x7000, 0x7000, 0x7800, 0xA800, 0xE000, 0xE800, 0xB800, 0x5000,
  0x7000, 0xD041, 0xE8A2, 0xC000, 0x3800, 0x0000, 0x1841, 0x0820, 0x0000, 0x0000, 0x0000, 0x0000, 0x0000, 0x0021, 0x0021, 0x0021,
  0x0000, 0x0862, 0x0021, 0x0000, 0x0042, 0x0842, 0x0821, 0x1083, 0x1062, 0x1062, 0x1062, 0x1862, 0x1042, 0x2041, 0x1862, 0x1862,
  0x1062, 0x1062, 0x1062, 0x1062, 0x1062, 0x1062, 0x1062, 0x1062, 0x1062, 0x1062, 0x1062, 0x1062, 0x1062, 0x1062, 0x1062, 0x1062,
  0x1062, 0x0862, 0x0862, 0x0862, 0x0862, 0x0862, 0x0862, 0x0863, 0x0863, 0x0862, 0x0862, 0x0862, 0x0842, 0x0842, 0x0842, 0x0842,
  0x0862, 0x0862, 0x0842, 0x0842, 0x0842, 0x0842, 0x0042, 0x0042, 0x0042, 0x0842, 0x0842, 0x0862, 0x0862, 0x0863, 0x0863, 0x0883,
  0x0884, 0x08C4, 0x10E5, 0x1106, 0x1926, 0x1926, 0x2146, 0x2967, 0x2967, 0x3146, 0x3925, 0x30C3, 0x3082, 0x2841, 0x2041, 0x2020,
  0x1820, 0x1000, 0x1000, 0x0800, 0x0000, 0x0000, 0x0000, 0x0000, 0x0000, 0x0000, 0x0000, 0x0000, 0x0000, 0x0800, 0x0800, 0x0800,
  0x1000, 0x1000, 0x1000, 0x1800, 0x1820, 0x2040, 0x2041, 0x2881, 0x30A1, 0x38C2, 0x4103, 0x5164, 0x61C5, 0x7A26, 0x8A87, 0x9B08,
  0xAB8A, 0xBC0B, 0xC46C, 0xD4CD, 0xD52E, 0xDD6F, 0xDDB0, 0xE5D0, 0xE5F1, 0xE611, 0xE611, 0xE632, 0xE632, 0xE632, 0xDE32, 0xDE33,
  0xDE33, 0xDE33, 0xDE53, 0xF320, 0xF4A9, 0xE6B6, 0xDE75, 0xDE96, 0xDE96, 0xE6D7, 0xE6F7, 0xE6F7, 0xE6D6, 0xE6D7, 0xE6D6, 0xDED6,
  0xDEB6, 0xDE95, 0xD675, 0xD634, 0xCDF3, 0xBD50, 0xAC0B, 0x9BCA, 0x8287, 0x6247, 0x5247, 0x39A6, 0x3166, 0x18C4, 0x18A2, 0x2924,
  0x18A2, 0x20A3, 0x30C3, 0x4945, 0x3904, 0x7248, 0x82CA, 0xD532, 0xCC4F, 0xE512, 0xE903, 0xE000, 0xC0C2, 0x8842, 0x7082, 0x3862,
  0x3062, 0x2841, 0x40C4, 0x58E4, 0x50A3, 0x2821, 0xA082, 0xD021, 0x6841, 0x2862, 0x2841, 0x68E4, 0x58E4, 0x3042, 0x4061, 0x2841,
  0x0000, 0x0800, 0x1000, 0x1800, 0x2800, 0x3000, 0x3000, 0x2800, 0x2800, 0x7000, 0xC000, 0xC000, 0x8800, 0x4000, 0x1000, 0x0000,
  0x0800, 0x1000, 0x2000, 0x2800, 0x2800, 0x5800, 0x9000, 0x9800, 0x7000, 0x7800, 0x9000, 0xD000, 0xF040, 0xF000, 0xA800, 0x7800,
  0xD000, 0xF841, 0xD020, 0x6000, 0x1000, 0x1021, 0x1062, 0x0000, 0x0000, 0x0000, 0x0000, 0x0000, 0x0021, 0x0021, 0x0001, 0x0000,
  0x0883, 0x0842, 0x0000, 0x0021, 0x0042, 0x1042, 0x1882, 0x1062, 0x18A3, 0x1883, 0x0841, 0x30C4, 0x2882, 0x4882, 0x1862, 0x1862,
  0x1862, 0x1862, 0x1862, 0x1062, 0x1062, 0x1062, 0x1062, 0x1062, 0x1062, 0x1062, 0x1062, 0x1062, 0x1062, 0x1062, 0x1062, 0x1062,
  0x1062, 0x1062, 0x1062, 0x0862, 0x0862, 0x0862, 0x0862, 0x0862, 0x0862, 0x0863, 0x0863, 0x0862, 0x0862, 0x0862, 0x0842, 0x0842,
  0x0842, 0x0862, 0x0862, 0x0842, 0x0042, 0x0842, 0x0842, 0x0042, 0x0042, 0x0042, 0x0842, 0x0842, 0x0862, 0x0863, 0x0863, 0x0863,
  0x0883, 0x08A4, 0x10E5, 0x10E5, 0x1926, 0x1926, 0x2126, 0x2967, 0x2967, 0x3146, 0x3905, 0x30C3, 0x2861, 0x2041, 0x2021, 0x1800,
  0x1800, 0x1000, 0x0800, 0x0000, 0x0000, 0x0000, 0x0000, 0x0000, 0x0000, 0x0000, 0x0000, 0x0000, 0x0800, 0x0800, 0x0800, 0x1000,
  0x1000, 0x1800, 0x1820, 0x1820, 0x2041, 0x2861, 0x3081, 0x38C2, 0x4103, 0x5164, 0x69C5, 0x7A26, 0x92A8, 0xA329, 0xB3AA, 0xC42B,
  0xCCAD, 0xD50E, 0xDD4E, 0xDD8F, 0xE5D0, 0xE5F0, 0xE611, 0xE611, 0xE632, 0xE632, 0xE632, 0xDE33, 0xDE33, 0xDE33, 0xDE33, 0xDE54,
  0xDE54, 0xDE54, 0xDE54, 0xB0E0, 0xDB06, 0xEEB5, 0xE6D6, 0xE6F7, 0xE6F7, 0xE6F7, 0xE6F7, 0xE717, 0xE675, 0xE675, 0xE6D7, 0xDEB6,
  0xDEB6, 0xDE95, 0xD655, 0xCE34, 0xC5D3, 0xBD30, 0xAC0B, 0x9349, 0x71E5, 0x5A07, 0x4A27, 0x3186, 0x2966, 0x1062, 0x2945, 0x20C3,
  0x30E4, 0x30E4, 0x4145, 0x69E7, 0x934C, 0x8268, 0x7165, 0xD4F1, 0xED51, 0xEC09, 0xF9C3, 0xE061, 0x9801, 0x6082, 0x5082, 0x2862,
  0x2862, 0x2862, 0x5104, 0x5883, 0x58C3, 0x4020, 0xC944, 0xC944, 0x4041, 0x30A2, 0x4862, 0xA8C3, 0x78E4, 0x3062, 0x4062, 0x2020,
  0x0000, 0x0800, 0x1000, 0x1800, 0x2000, 0x3000, 0x2800, 0x2000, 0x4800, 0x9800, 0xD820, 0xC820, 0x6800, 0x3000, 0x0000, 0x0000,
  0x0800, 0x1000, 0x2000, 0x2800, 0x3000, 0x7000, 0x9000, 0x7000, 0x6800, 0x8800, 0xB800, 0xF060, 0xF0A1, 0xE800, 0xA000, 0xC800,
  0xF081, 0xE800, 0x8000, 0x2000, 0x1000, 0x1861, 0x0000, 0x0000, 0x0000, 0x0000, 0x0000, 0x0021, 0x0001, 0x0021, 0x0021, 0x0021,
  0x0042, 0x0021, 0x0042, 0x0883, 0x0001, 0x2083, 0x1862, 0x20C4, 0x1883, 0x2062, 0x30A3, 0x2882, 0x2862, 0x1882, 0x1882, 0x1882,
  0x1862, 0x1862, 0x1862, 0x1862, 0x1862, 0x1862, 0x1862, 0x1062, 0x1062, 0x1062, 0x1062, 0x1062, 0x1062, 0x1062, 0x1062, 0x1062,
  0x1062, 0x1062, 0x1062, 0x1062, 0x1062, 0x1062, 0x0862, 0x0862, 0x0862, 0x0862, 0x0862, 0x0863, 0x0863, 0x0862, 0x0862, 0x0842,
  0x0842, 0x0842, 0x0862, 0x0862, 0x0862, 0x0042, 0x0842, 0x0842, 0x0042, 0x0042, 0x0042, 0x0862, 0x0862, 0x0862, 0x0863, 0x0863,
  0x0883, 0x08A4, 0x10C5, 0x10E5, 0x1906, 0x1926, 0x2126, 0x2947, 0x2967, 0x3146, 0x3904, 0x30A3, 0x2861, 0x2041, 0x2020, 0x1820,
  0x1000, 0x0800, 0x0800, 0x0000, 0x0000, 0x0000, 0x0000, 0x0000, 0x0000, 0x0000, 0x0000, 0x0800, 0x0800, 0x0800, 0x1000, 0x1800,
  0x1800, 0x1820, 0x2040, 0x2861, 0x3081, 0x38C2, 0x4103, 0x5964, 0x69C5, 0x8246, 0x92C8, 0xAB49, 0xBBEB, 0xC46C, 0xD4CD, 0xD52E,
  0xDD8F, 0xDDB0, 0xE5F0, 0xE5F1, 0xE611, 0xE632, 0xE632, 0xE632, 0xDE33, 0xDE33, 0xDE33, 0xDE53, 0xDE54, 0xDE54, 0xDE54, 0xDE54,
  0xDE54, 0xDE74, 0xDE75, 0xDE75, 0x91A3, 0xEE74, 0xE6D6, 0xE6D7, 0xE6F7, 0xE6F7, 0xE6F7, 0xE6D7, 0xE614, 0xE6B6, 0xE6D6, 0xDEB6,
  0xDEB6, 0xD695, 0xD654, 0xCE13, 0xC5B2, 0xBD0F, 0xA3EB, 0x82E8, 0x61E5, 0x5227, 0x4A27, 0x39C7, 0x10A3, 0x2104, 0x20E4, 0x20C4,
  0x28E4, 0x28E4, 0x20A3, 0x3125, 0x6A49, 0xDD94, 0xF675, 0xB2C8, 0xE48C, 0xFC87, 0xF1C2, 0xD902, 0x8021, 0x5062, 0x3062, 0x2062,
  0x2042, 0x38C3, 0x68E4, 0x80C3, 0x3841, 0x8821, 0xF8C3, 0xB0C3, 0x3841, 0x3062, 0x9103, 0xD104, 0x6042, 0x3062, 0x3862, 0x2041,
  0x0000, 0x0800, 0x1000, 0x1800, 0x2000, 0x2800, 0x2000, 0x3000, 0x6800, 0xC000, 0xE000, 0xA800, 0x5000, 0x2000, 0x0000, 0x0000,
  0x1000, 0x1000, 0x1800, 0x2800, 0x3800, 0x8800, 0x8800, 0x5800, 0x7000, 0x9000, 0xD800, 0xF820, 0xF8C0, 0xE000, 0xC800, 0xE840,
  0xE800, 0xA000, 0x3800, 0x1000, 0x1041, 0x0020, 0x0000, 0x0000, 0x0000, 0x0000, 0x0000, 0x0021, 0x0021, 0x0001, 0x0000, 0x0021,
  0x0021, 0x0021, 0x0842, 0x0862, 0x1882, 0x18A3, 0x0841, 0x2083, 0x30E4, 0x2841, 0x3082, 0x1821, 0x5082, 0x2082, 0x2082, 0x2082,
  0x2082, 0x1882, 0x1882, 0x1882, 0x1862, 0x1862, 0x1862, 0x1862, 0x1862, 0x1862, 0x1062, 0x1062, 0x1062, 0x1062, 0x1062, 0x1062,
  0x1062, 0x1062, 0x1062, 0x1062, 0x1062, 0x1062, 0x1062, 0x1062, 0x0862, 0x0862, 0x0862, 0x0862, 0x0862, 0x0863, 0x0863, 0x0862,
  0x0862, 0x0842, 0x0842, 0x0842, 0x0862, 0x0862, 0x0042, 0x0842, 0x0842, 0x0042, 0x0042, 0x0042, 0x0862, 0x0862, 0x0862, 0x0863,
  0x0863, 0x0883, 0x08A4, 0x10E5, 0x1106, 0x1926, 0x2126, 0x2947, 0x2967, 0x3946, 0x3904, 0x3082, 0x2841, 0x2041, 0x2020, 0x1800,
  0x1000, 0x0800, 0x0000, 0x0000, 0x0000, 0x0000, 0x0000, 0x0000, 0x0000, 0x0000, 0x0800, 0x0800, 0x1000, 0x1000, 0x1800, 0x1820,
  0x2040, 0x2061, 0x2881, 0x38C2, 0x4103, 0x5964, 0x69E5, 0x8267, 0x9AE8, 0xB38A, 0xC40B, 0xCCAD, 0xD50E, 0xDD6F, 0xDDB0, 0xE5D0,
  0xE5F1, 0xE611, 0xE632, 0xE632, 0xE632, 0xDE33, 0xDE33, 0xDE33, 0xDE53, 0xDE54, 0xDE54, 0xDE54, 0xDE54, 0xDE54, 0xDE75, 0xDE75,
  0xE675, 0xE695, 0xE695, 0xE695, 0x7942, 0xEE33, 0xE6D6, 0xE6B6, 0xE6B5, 0xE6D6, 0xE6D6, 0xE613, 0xE6B6, 0xE6F6, 0xE6D6, 0xDEB6,
  0xDEB6, 0xDE75, 0xD634, 0xCDF3, 0xC571, 0xBCEF, 0x9BAA, 0x7AC8, 0x59E6, 0x5207, 0x4208, 0x2125, 0x20E4, 0x2104, 0x1062, 0x18C3,
  0x28C3, 0x59A6, 0x82CA, 0x69C6, 0x5145, 0x69C6, 0xED92, 0xE4AE, 0xE2E8, 0xE8E1, 0xD820, 0xA001, 0x5821, 0x6082, 0x2062, 0x1862,
  0x1841, 0x40C3, 0x88E4, 0xA986, 0x4041, 0xB861, 0xF164, 0x9001, 0x3882, 0x4021, 0xCA46, 0xBA47, 0x4821, 0x3862, 0x3882, 0x1821,
  0x0000, 0x0800, 0x1000, 0x1800, 0x2000, 0x1800, 0x2800, 0x5800, 0x9800, 0xE040, 0xD820, 0x8000, 0x3800, 0x0800, 0x0000, 0x0800,
  0x1000, 0x1000, 0x2000, 0x2800, 0x3800, 0x9000, 0x8000, 0x6800, 0x7800, 0x9800, 0xE840, 0xF8A0, 0xF820, 0xF020, 0xE881, 0xE800,
  0xC000, 0x6000, 0x1800, 0x1020, 0x0820, 0x0000, 0x0000, 0x0000, 0x0000, 0x0000, 0x0001, 0x0001, 0x0042, 0x0000, 0x0021, 0x0883,
  0x0042, 0x0862, 0x0862, 0x0841, 0x1062, 0x18C3, 0x1862, 0x3062, 0x28A3, 0x2862, 0x4881, 0x3861, 0x2800, 0x2882, 0x2882, 0x2082,
  0x2082, 0x2082, 0x2082, 0x2082, 0x2082, 0x1882, 0x1882, 0x1862, 0x1862, 0x1862, 0x1862, 0x1862, 0x1862, 0x1062, 0x1062, 0x1062,
  0x1062, 0x1062, 0x1062, 0x1062, 0x1062, 0x1062, 0x1062, 0x1062, 0x1062, 0x1062, 0x0862, 0x0862, 0x0862, 0x0862, 0x0862, 0x0863,
  0x0863, 0x0862, 0x0862, 0x0842, 0x0842, 0x0862, 0x0862, 0x0842, 0x0842, 0x0842, 0x0042, 0x0042, 0x0842, 0x0862, 0x0862, 0x0862,
  0x0863, 0x0883, 0x08A4, 0x10E5, 0x1105, 0x1926, 0x1926, 0x2147, 0x2967, 0x3946, 0x38E4, 0x3082, 0x2841, 0x2020, 0x1800, 0x1000,
  0x0800, 0x0000, 0x0000, 0x0000, 0x0000, 0x0000, 0x0000, 0x0000, 0x0000, 0x0800, 0x0800, 0x1000, 0x1800, 0x1820, 0x1820, 0x2041,
  0x2881, 0x38C2, 0x4103, 0x5984, 0x71E5, 0x8A87, 0xA329, 0xB3CA, 0xC44C, 0xD4ED, 0xDD4E, 0xDD8F, 0xE5D0, 0xE5F1, 0xE611, 0xE632,
  0xE632, 0xE632, 0xDE33, 0xDE33, 0xDE53, 0xDE54, 0xDE54, 0xDE54, 0xDE54, 0xDE54, 0xDE75, 0xDE75, 0xE675, 0xE695, 0xE695, 0xE695,
  0xE695, 0xE695, 0xE695, 0xE675, 0x7901, 0xEDF2, 0xE6D6, 0xE695, 0xE695, 0xE674, 0xE5D2, 0xE675, 0xE6D6, 0xE6B6, 0xE6D6, 0xDEB6,
  0xDE95, 0xDE55, 0xD634, 0xCDF3, 0xC591, 0xB46C, 0x9308, 0x7AA8, 0x51E6, 0x4A07, 0x39C7, 0x18C3, 0x2924, 0x1062, 0x18C3, 0x28E4,
  0x30E3, 0x61C6, 0xAB8B, 0xDC8F, 0xC3ED, 0x71C6, 0xC38B, 0xF349, 0xE0E3, 0xF143, 0xE143, 0x8822, 0x7924, 0x3842, 0x2082, 0x1862,
  0x2862, 0x5904, 0x98C3, 0x8082, 0x6821, 0xD841, 0xD9C5, 0x70A2, 0x50C3, 0x5882, 0x88C2, 0x8082, 0x48A3, 0x3862, 0x3862, 0x2021,
  0x0000, 0x0800, 0x1000, 0x1800, 0x1800, 0x1800, 0x4800, 0x7800, 0xC800, 0xE8C1, 0xC000, 0x6000, 0x3000, 0x0000, 0x0000, 0x0800,
  0x1000, 0x1000, 0x2800, 0x2800, 0x3800, 0x8000, 0x7000, 0x6800, 0x8000, 0xB000, 0xF0C0, 0xFA01, 0xF820, 0xF000, 0xF000, 0xD000,
  0x7800, 0x3000, 0x1800, 0x1021, 0x0000, 0x0000, 0x0000, 0x0000, 0x0000, 0x0000, 0x0021, 0x0021, 0x0000, 0x0000, 0x0042, 0x0041,
  0x0001, 0x0842, 0x0842, 0x20A3, 0x1062, 0x20A3, 0x30A2, 0x2041, 0x2082, 0x40C3, 0x4040, 0x4041, 0x2882, 0x2882, 0x2882, 0x2882,
  0x2882, 0x2882, 0x2882, 0x2082, 0x2082, 0x2082, 0x2082, 0x2082, 0x2082, 0x1882, 0x1882, 0x1862, 0x1862, 0x1862, 0x1862, 0x1862,
  0x1862, 0x1062, 0x1062, 0x1062, 0x1062, 0x1062, 0x1062, 0x1062, 0x1062, 0x1062, 0x1062, 0x1062, 0x1062, 0x0862, 0x0862, 0x0862,
  0x0862, 0x0863, 0x0862, 0x0862, 0x0842, 0x0842, 0x0842, 0x0862, 0x0862, 0x0042, 0x0842, 0x0042, 0x0042, 0x0842, 0x0862, 0x0862,
  0x0863, 0x0863, 0x0883, 0x08C4, 0x10E5, 0x1906, 0x1926, 0x2147, 0x2967, 0x3946, 0x38E4, 0x2862, 0x2041, 0x2020, 0x1800, 0x1000,
  0x0800, 0x0000, 0x0000, 0x0000, 0x0000, 0x0000, 0x0000, 0x0800, 0x0800, 0x1000, 0x1000, 0x1800, 0x1820, 0x2041, 0x2881, 0x30A2,
  0x4103, 0x5984, 0x7206, 0x92A8, 0xAB49, 0xBC0B, 0xCCAD, 0xD50E, 0xDD6F, 0xDDD0, 0xE5F1, 0xE611, 0xE632, 0xE632, 0xE632, 0xDE33,
  0xDE33, 0xDE53, 0xDE54, 0xDE54, 0xDE54, 0xDE54, 0xDE74, 0xDE75, 0xE675, 0xE695, 0xE695, 0xE695, 0xE695, 0xE695, 0xE695, 0xE675,
  0xE675, 0xE675, 0xE675, 0xE674, 0xE674, 0xEDD1, 0xE6B5, 0xE674, 0xE654, 0xE5D2, 0xE675, 0xE6D6, 0xE695, 0xE6B5, 0xE6B5, 0xE6D6,
  0xDE96, 0xDE75, 0xD633, 0xCD91, 0xBCCE, 0xA369, 0x92C8, 0x72A8, 0x5227, 0x4A08, 0x3145, 0x20E4, 0x1082, 0x20E4, 0x20C4, 0x20E3,
  0x20C3, 0x3104, 0x5165, 0x69E7, 0xCCB0, 0xBBCC, 0x99A6, 0xE184, 0xC944, 0xD841, 0xC842, 0x6862, 0x68C3, 0x2041, 0x1862, 0x2062,
  0x38A3, 0x6083, 0xCA88, 0x8944, 0x9861, 0xFA46, 0xA800, 0x5841, 0x98A2, 0xB0A2, 0x68A3, 0x5082, 0x3862, 0x4862, 0x5062, 0x3021,
  0x0000, 0x0800, 0x1000, 0x1800, 0x1000, 0x2000, 0x5800, 0x9800, 0xE880, 0xE860, 0x9800, 0x4800, 0x1800, 0x0000, 0x0800, 0x1000,
  0x0800, 0x1000, 0x2800, 0x3000, 0x4000, 0x7800, 0x6000, 0x6000, 0x9000, 0xC000, 0xF020, 0xF060, 0xE800, 0xE800, 0xD800, 0x9800,
  0x4800, 0x2000, 0x1841, 0x0000, 0x0000, 0x0000, 0x0000, 0x0000, 0x0000, 0x0000, 0x0022, 0x0042, 0x0000, 0x0862, 0x0842, 0x0021,
  0x0883, 0x0883, 0x0841, 0x1041, 0x1082, 0x2882, 0x3082, 0x20A2, 0x40A3, 0x3040, 0x2020, 0x4041, 0x3062, 0x3082, 0x3082, 0x2882,
  0x2882, 0x2882, 0x2882, 0x2882, 0x2882, 0x2882, 0x2882, 0x2882, 0x2082, 0x2082, 0x2082, 0x2082, 0x2082, 0x1882, 0x1882, 0x1862,
  0x1862, 0x1862, 0x1862, 0x1862, 0x1062, 0x1062, 0x1062, 0x1062, 0x1062, 0x1062, 0x1062, 0x1062, 0x1062, 0x1062, 0x1062, 0x0862,
  0x0862, 0x0862, 0x0862, 0x0863, 0x0862, 0x0862, 0x0842, 0x0842, 0x0862, 0x0862, 0x0042, 0x0842, 0x0842, 0x0042, 0x0842, 0x0842,
  0x0862, 0x0863, 0x0863, 0x08A4, 0x10E5, 0x1106, 0x1926, 0x2147, 0x2967, 0x3946, 0x30C3, 0x2861, 0x2041, 0x1800, 0x1000, 0x0800,
  0x0000, 0x0000, 0x0000, 0x0000, 0x0000, 0x0000, 0x0800, 0x0800, 0x1000, 0x1800, 0x1820, 0x2040, 0x2861, 0x30A2, 0x4103, 0x5984,
  0x7A26, 0x9AE8, 0xB38A, 0xC44C, 0xD4ED, 0xDD4F, 0xDDB0, 0xE5F0, 0xE611, 0xE632, 0xE632, 0xDE32, 0xDE33, 0xDE33, 0xDE54, 0xDE54,
  0xDE54, 0xDE54, 0xDE74, 0xDE75, 0xE675, 0xE695, 0xE695, 0xE695, 0xE695, 0xE695, 0xE675, 0xE675, 0xE675, 0xE675, 0xE675, 0xE674,
  0xE674, 0xE674, 0xE674, 0xE654, 0xE654, 0xED90, 0xE654, 0xE591, 0xEDD2, 0xEED6, 0xEEF7, 0xE6D6, 0xE6D6, 0xE6B6, 0xE675, 0xDE34,
  0xDDF3, 0xD591, 0xCD71, 0xCD51, 0xBCCE, 0xA44C, 0x8AC8, 0x61E6, 0x5248, 0x41E7, 0x2904, 0x1062, 0x1082, 0x2904, 0x20E4, 0x3125,
  0x3945, 0x59C7, 0x51C7, 0x6208, 0xC42E, 0xAB8C, 0xC30A, 0xF143, 0xC164, 0x7822, 0x6842, 0x68C4, 0x48A3, 0x2083, 0x1842, 0x2042,
  0x58E4, 0x9966, 0xC1C6, 0x6862, 0xC020, 0xF923, 0xA862, 0x9882, 0xF247, 0xD185, 0x6021, 0x4082, 0x4062, 0x50A3, 0x5883, 0x5821,
  0x0000, 0x0800, 0x1000, 0x1000, 0x1800, 0x3800, 0x7000, 0xC000, 0xF162, 0xD840, 0x7800, 0x3800, 0x0000, 0x0000, 0x0800, 0x1000,
  0x0800, 0x1000, 0x3000, 0x3800, 0x4000, 0x6800, 0x5800, 0x7000, 0x9000, 0xC000, 0xF000, 0xF000, 0xE8A1, 0xE880, 0xA000, 0x5800,
  0x3000, 0x2820, 0x0800, 0x0000, 0x0000, 0x0000, 0x0000, 0x0000, 0x0001, 0x0021, 0x0042, 0x0000, 0x0001, 0x0042, 0x0862, 0x0042,
  0x0042, 0x0841, 0x2083, 0x1883, 0x20C3, 0x2082, 0x2041, 0x4082, 0x3061, 0x3020, 0x3861, 0x3840, 0x3061, 0x3061, 0x3062, 0x3062,
  0x3062, 0x3062, 0x3082, 0x3082, 0x2882, 0x2882, 0x2882, 0x2882, 0x2882, 0x2882, 0x2882, 0x2882, 0x2082, 0x2082, 0x2082, 0x2082,
  0x2082, 0x1882, 0x1882, 0x1862, 0x1862, 0x1862, 0x1862, 0x1062, 0x1062, 0x1062, 0x1062, 0x1062, 0x1062, 0x1062, 0x1062, 0x1062,
  0x1062, 0x0862, 0x0862, 0x0862, 0x0862, 0x0863, 0x0862, 0x0862, 0x0842, 0x0842, 0x0862, 0x0842, 0x0842, 0x0842, 0x0042, 0x0842,
  0x0842, 0x0862, 0x0863, 0x0883, 0x10C5, 0x1106, 0x1926, 0x2146, 0x2967, 0x3945, 0x30A3, 0x2841, 0x2020, 0x1800, 0x1000, 0x0000,
  0x0000, 0x0000, 0x0000, 0x0000, 0x0000, 0x0800, 0x0800, 0x1000, 0x1800, 0x2020, 0x2061, 0x30A2, 0x4103, 0x6184, 0x8246, 0xA308,
  0xBBEB, 0xCCAC, 0xD52E, 0xDD8F, 0xE5D0, 0xE611, 0xE632, 0xE632, 0xDE33, 0xDE33, 0xDE53, 0xDE54, 0xDE54, 0xDE54, 0xDE74, 0xDE75,
  0xE675, 0xE695, 0xE695, 0xE695, 0xE695, 0xE695, 0xE675, 0xE675, 0xE675, 0xE675, 0xE674, 0xE674, 0xE674, 0xE674, 0xE654, 0xE654,
  0xE654, 0xE654, 0xE654, 0xE654, 0xE654, 0xE4ED, 0xEDB1, 0xEE13, 0xEEB5, 0xEE95, 0xEE74, 0xEE74, 0xE633, 0xE654, 0xE633, 0xDDF2,
  0xD5D1, 0xD5D2, 0xCDB1, 0xBCCE, 0xB4EE, 0xA44D, 0x7A87, 0x5206, 0x5A89, 0x39A6, 0x1882, 0x0841, 0x20C3, 0x4186, 0x20E4, 0x3145,
  0x3945, 0x7269, 0x9B4C, 0x7A89, 0x9B8C, 0xA32B, 0xD30A, 0xD8A2, 0xB8C3, 0x5883, 0x3862, 0x48C3, 0x2883, 0x1863, 0x2862, 0x48A3,
  0x60A3, 0xC1C6, 0x90C3, 0x6800, 0xF164, 0xD862, 0x7841, 0x78A2, 0xE103, 0xD8E2, 0x6842, 0x40A3, 0x6082, 0x6083, 0x5062, 0x80A2,
  0x0000, 0x0800, 0x1000, 0x1000, 0x2800, 0x5000, 0x7800, 0xC800, 0xE800, 0xB800, 0x5800, 0x2000, 0x0000, 0x0000, 0x1000, 0x1000,
  0x0800, 0x1800, 0x3800, 0x3800, 0x4800, 0x5800, 0x5800, 0x7000, 0x9000, 0xD000, 0xF820, 0xF800, 0xE840, 0xB000, 0x6800, 0x3000,
  0x2820, 0x1020, 0x0000, 0x0000, 0x0000, 0x0000, 0x0000, 0x0000, 0x0000, 0x0042, 0x0021, 0x0000, 0x0042, 0x0862, 0x0021, 0x0041,
  0x0862, 0x1041, 0x2062, 0x2082, 0x2861, 0x3882, 0x30A2, 0x3020, 0x3041, 0x3041, 0x3020, 0x2820, 0x3061, 0x3061, 0x3061, 0x3061,
  0x3061, 0x3061, 0x3061, 0x3061, 0x3062, 0x3062, 0x3062, 0x3062, 0x3082, 0x3082, 0x2882, 0x2882, 0x2882, 0x2882, 0x2882, 0x2882,
  0x2882, 0x2082, 0x2082, 0x2082, 0x2082, 0x1882, 0x1882, 0x1862, 0x1862, 0x1862, 0x1862, 0x1062, 0x1062, 0x1062, 0x1062, 0x1062,
  0x1062, 0x1062, 0x1062, 0x1062, 0x0862, 0x0862, 0x0862, 0x0863, 0x0862, 0x0842, 0x0842, 0x0862, 0x0862, 0x0842, 0x0842, 0x0042,
  0x0842, 0x0862, 0x0863, 0x0863, 0x08A4, 0x10E5, 0x1926, 0x2146, 0x2967, 0x3925, 0x3082, 0x2041, 0x1800, 0x1000, 0x0800, 0x0000,
  0x0000, 0x0000, 0x0000, 0x0000, 0x0800, 0x1000, 0x1800, 0x1820, 0x2041, 0x30A1, 0x4103, 0x61A5, 0x8267, 0xAB49, 0xC42B, 0xD4ED,
  0xDD6F, 0xE5D0, 0xE611, 0xE632, 0xE632, 0xDE33, 0xDE33, 0xDE54, 0xDE54, 0xDE54, 0xDE54, 0xDE75, 0xE675, 0xE695, 0xE695, 0xE695,
  0xE695, 0xE675, 0xE675, 0xE675, 0xE675, 0xE674, 0xE674, 0xE674, 0xE654, 0xE654, 0xE654, 0xE654, 0xE654, 0xE654, 0xE654, 0xE654,
  0xE674, 0xE674, 0xEE74, 0xEE74, 0xEE74, 0xEE74, 0xEE33, 0xEE95, 0xEE54, 0xE654, 0xE674, 0xE695, 0xE6B5, 0xE6B6, 0xE695, 0xDE74,
  0xD633, 0xD5B1, 0xBC6D, 0xBC8D, 0xB4AE, 0x9BCB, 0x6A27, 0x5A89, 0x41E7, 0x2904, 0x1062, 0x20E3, 0x41A6, 0x20C3, 0x3125, 0x4145,
  0x61A6, 0x7268, 0x9B8D, 0xABEE, 0x5186, 0x932B, 0xA208, 0xA8C3, 0x80A3, 0x4883, 0x3083, 0x2082, 0x1062, 0x1862, 0x40A3, 0x58A3,
  0x8925, 0xB965, 0x6841, 0xC0A2, 0xE0E3, 0x7821, 0x7082, 0x7882, 0xD0A1, 0xF103, 0x7021, 0x4862, 0x9882, 0x7862, 0x5041, 0x7903,
  0x0000, 0x0800, 0x1000, 0x1800, 0x4000, 0x5800, 0x8800, 0xD000, 0xE000, 0x8800, 0x4000, 0x0800, 0x0000, 0x0000, 0x0800, 0x0800,
  0x0800, 0x2800, 0x4000, 0x3000, 0x4800, 0x5800, 0x5800, 0x6000, 0x8800, 0xD800, 0xF060, 0xE800, 0xB000, 0x7800, 0x3800, 0x3000,
  0x2020, 0x0000, 0x0000, 0x0000, 0x0000, 0x0000, 0x0021, 0x0001, 0x0000, 0x0042, 0x0000, 0x0022, 0x0042, 0x0863, 0x0041, 0x0842,
  0x1062, 0x1882, 0x1062, 0x2862, 0x3862, 0x2841, 0x3041, 0x3041, 0x2820, 0x3020, 0x5061, 0x3041, 0x3041, 0x3041, 0x3041, 0x3041,
  0x3041, 0x3061, 0x3061, 0x3061, 0x3061, 0x3061, 0x3061, 0x3061, 0x3061, 0x3061, 0x3062, 0x3062, 0x3062, 0x3082, 0x3082, 0x2882,
  0x2882, 0x2882, 0x2882, 0x2882, 0x2882, 0x2082, 0x2082, 0x2082, 0x2082, 0x1882, 0x1862, 0x1862, 0x1862, 0x1862, 0x1062, 0x1062,
  0x1062, 0x1062, 0x1062, 0x1062, 0x1062, 0x1062, 0x0862, 0x0862, 0x0862, 0x0863, 0x0862, 0x0842, 0x0842, 0x0862, 0x0042, 0x0842,
  0x0042, 0x0842, 0x0862, 0x0863, 0x0883, 0x10E5, 0x1906, 0x2126, 0x2967, 0x3925, 0x2862, 0x2021, 0x1800, 0x0800, 0x0000, 0x0000,
  0x0000, 0x0000, 0x0800, 0x0800, 0x1000, 0x1820, 0x2041, 0x3081, 0x4103, 0x61C5, 0x8AA7, 0xB3AA, 0xCC8C, 0xDD4E, 0xDDD0, 0xE5F1,
  0xE632, 0xE632, 0xDE33, 0xDE33, 0xDE54, 0xDE54, 0xDE54, 0xDE75, 0xDE75, 0xE695, 0xE695, 0xE695, 0xE695, 0xE675, 0xE675, 0xE675,
  0xE674, 0xE674, 0xE674, 0xE654, 0xE654, 0xE654, 0xE654, 0xE654, 0xE654, 0xE654, 0xE674, 0xE674, 0xEE74, 0xEE74, 0xEE74, 0xEE74,
  0xEE74, 0xEE74, 0xEE95, 0xEE95, 0xEE95, 0xEE95, 0xEEB5, 0xEEB5, 0xEEB6, 0xEEB5, 0xE6B5, 0xE6B6, 0xE6D6, 0xE6B5, 0xE695, 0xDE13,
  0xD570, 0xCCEE, 0xC4EF, 0xBCEF, 0xAC4D, 0x82C8, 0x6227, 0x62EA, 0x4A08, 0x1882, 0x18A3, 0x49E7, 0x2904, 0x3104, 0x3945, 0x51A6,
  0xA268, 0xAB2A, 0xBCB0, 0xC4F1, 0x7A28, 0x6228, 0x82CB, 0x68A3, 0x4862, 0x48A3, 0x30A3, 0x1862, 0x0821, 0x40C3, 0x50A3, 0x78E4,
  0xD36B, 0x9965, 0x7800, 0xE0A2, 0x9021, 0x8862, 0xC9C6, 0xA061, 0xC0C2, 0xF123, 0x9021, 0x70A3, 0xD1E5, 0x8862, 0x4042, 0x4041,
  0x0800, 0x0800, 0x1000, 0x2800, 0x4800, 0x6800, 0xB800, 0xE000, 0xC000, 0x6800, 0x2800, 0x0000, 0x0000, 0x0800, 0x0800, 0x0800,
  0x1000, 0x3000, 0x4000, 0x3800, 0x4800, 0x5000, 0x4800, 0x6000, 0x8800, 0xC000, 0xD800, 0xC000, 0x8000, 0x4800, 0x3000, 0x3820,
  0x0000, 0x0000, 0x0000, 0x0000, 0x0000, 0x0000, 0x0000, 0x0000, 0x0042, 0x0021, 0x0000, 0x0021, 0x0021, 0x0000, 0x0862, 0x18C4,
  0x0821, 0x2882, 0x2882, 0x2062, 0x2041, 0x4082, 0x2020, 0x4041, 0x3841, 0x3020, 0x3820, 0x3041, 0x3041, 0x3041, 0x3041, 0x3041,
  0x3041, 0x3041, 0x3041, 0x3041, 0x3041, 0x3041, 0x3041, 0x3041, 0x3061, 0x3061, 0x3061, 0x3061, 0x3061, 0x3061, 0x3061, 0x3061,
  0x3062, 0x3062, 0x3082, 0x3082, 0x2882, 0x2882, 0x2882, 0x2882, 0x2882, 0x2882, 0x2082, 0x2082, 0x2082, 0x1882, 0x1862, 0x1862,
  0x1862, 0x1062, 0x1062, 0x1062, 0x1062, 0x1062, 0x1062, 0x1062, 0x0862, 0x0862, 0x0862, 0x0863, 0x0862, 0x0842, 0x0862, 0x0842,
  0x0842, 0x0042, 0x0862, 0x0862, 0x0863, 0x08A4, 0x1106, 0x1926, 0x2967, 0x3904, 0x2841, 0x2020, 0x1000, 0x0000, 0x0000, 0x0000,
  0x0000, 0x0800, 0x1000, 0x1800, 0x2040, 0x2881, 0x4103, 0x69C5, 0x9AE8, 0xBC0B, 0xD50E, 0xDDB0, 0xE5F1, 0xE632, 0xE632, 0xDE33,
  0xDE53, 0xDE54, 0xDE54, 0xDE75, 0xDE75, 0xE695, 0xE695, 0xE695, 0xE675, 0xE675, 0xE675, 0xE674, 0xE674, 0xE674, 0xE654, 0xE654,
  0xE654, 0xE654, 0xE654, 0xE674, 0xE674, 0xEE74, 0xEE74, 0xEE74, 0xEE74, 0xEE74, 0xEE74, 0xEE95, 0xEE95, 0xEE95, 0xEE95, 0xEE95,
  0xEE95, 0xEE95, 0xEE95, 0xEE94, 0xE694, 0xE674, 0xEED6, 0xEEB5, 0xEED5, 0xEED6, 0xEED6, 0xE695, 0xE654, 0xDDF2, 0xD571, 0xDD91,
  0xD5B2, 0xCD91, 0xC52F, 0xB4EE, 0xA42C, 0x6A47, 0x5A68, 0x5AAA, 0x3165, 0x1041, 0x41A6, 0x3145, 0x20C3, 0x3145, 0x3124, 0x3145,
  0x9B4B, 0xBAC7, 0xBBAC, 0xAC2F, 0x8269, 0x6965, 0x5925, 0x5083, 0x4083, 0x30A3, 0x2083, 0x1021, 0x1842, 0x48C3, 0x5062, 0xBA27,
  0xB1C5, 0x7061, 0x9001, 0xB000, 0xA082, 0xF40D, 0xD1A5, 0x8000, 0xD984, 0xE0E2, 0x8821, 0x9124, 0xCAA8, 0x5022, 0x4082, 0x3841,
  0x0800, 0x0800, 0x1800, 0x3800, 0x4800, 0x7800, 0xD000, 0xD800, 0x9800, 0x4800, 0x1800, 0x0000, 0x0000, 0x1000, 0x0800, 0x0800,
  0x1000, 0x3800, 0x5000, 0x3000, 0x4000, 0x4000, 0x4000, 0x6000, 0x9000, 0x9800, 0xB000, 0x9000, 0x5800, 0x3800, 0x4820, 0x0800,
  0x0000, 0x0000, 0x0000, 0x0000, 0x0000, 0x0000, 0x0021, 0x0001, 0x0042, 0x0000, 0x0021, 0x0021, 0x1083, 0x0862, 0x0842, 0x1882,
  0x30A3, 0x2041, 0x2861, 0x2061, 0x3041, 0x4041, 0x2841, 0x2820, 0x3840, 0x4020, 0x4020, 0x3041, 0x3041, 0x3041, 0x3041, 0x3041,
  0x3041, 0x3041, 0x3041, 0x3041, 0x3041, 0x3041, 0x3041, 0x3041, 0x3041, 0x3041, 0x3041, 0x3041, 0x3041, 0x3041, 0x3041, 0x3061,
  0x3061, 0x3061, 0x3061, 0x3061, 0x3061, 0x3062, 0x3062, 0x3062, 0x3082, 0x2882, 0x2882, 0x2882, 0x2882, 0x2882, 0x2082, 0x2082,
  0x2082, 0x1882, 0x1862, 0x1862, 0x1862, 0x1062, 0x1062, 0x1062, 0x1062, 0x1062, 0x1062, 0x0862, 0x0862, 0x0862, 0x0862, 0x0842,
  0x0862, 0x0842, 0x0042, 0x0862, 0x0863, 0x0883, 0x10E5, 0x1926, 0x2967, 0x38E4, 0x2041, 0x1800, 0x0800, 0x0000, 0x0000, 0x0000,
  0x0800, 0x1000, 0x1820, 0x2861, 0x4103, 0x71E5, 0xA349, 0xCC8C, 0xDD6F, 0xE5F1, 0xE632, 0xE632, 0xDE33, 0xDE54, 0xDE54, 0xDE74,
  0xDE75, 0xE695, 0xE695, 0xE695, 0xE675, 0xE675, 0xE674, 0xE674, 0xE654, 0xE654, 0xE654, 0xE654, 0xE654, 0xE674, 0xE674, 0xEE74,
  0xEE74, 0xEE74, 0xEE74, 0xEE74, 0xEE95, 0xEE95, 0xEE95, 0xEE95, 0xEE95, 0xEE95, 0xEE95, 0xE694, 0xE674, 0xE674, 0xE674, 0xE674,
  0xE674, 0xE674, 0xE674, 0xE674, 0xE674, 0xE674, 0xE674, 0xE633, 0xE633, 0xE633, 0xE613, 0xE5F2, 0xDDD2, 0xDDF2, 0xDDB1, 0xD5B1,
  0xD5B1, 0xCD91, 0xC550, 0xB50F, 0x8B6A, 0x6A88, 0x5AA9, 0x41C7, 0x1882, 0x3165, 0x3145, 0x20C3, 0x28E3, 0x4165, 0x6269, 0x6269,
  0x59A7, 0xD551, 0xCBEB, 0x7227, 0x5186, 0x7104, 0x48A3, 0x50A3, 0x30A3, 0x2083, 0x1042, 0x2082, 0x40C3, 0x5082, 0xA227, 0x7861,
  0xB2EA, 0xA227, 0x9000, 0xB144, 0xB9A5, 0xF2C8, 0xA881, 0xA061, 0xF0E2, 0x8800, 0x5882, 0x9104, 0x8904, 0x4842, 0x3882, 0x3062,
  0x0000, 0x0800, 0x2000, 0x3800, 0x4800, 0x9000, 0xC800, 0xC800, 0x7000, 0x3000, 0x0000, 0x0000, 0x0800, 0x1000, 0x0800, 0x1000,
  0x1800, 0x4000, 0x5800, 0x3000, 0x4000, 0x3800, 0x4000, 0x6000, 0x7000, 0x9000, 0x9000, 0x5800, 0x3800, 0x5020, 0x2020, 0x0000,
  0x0000, 0x0000, 0x0000, 0x0000, 0x0021, 0x0021, 0x0000, 0x0042, 0x0021, 0x0000, 0x0021, 0x0863, 0x0021, 0x0021, 0x10A3, 0x1861,
  0x3042, 0x2882, 0x2082, 0x2841, 0x3041, 0x2041, 0x2841, 0x3820, 0x3820, 0x5040, 0x3820, 0x3840, 0x3840, 0x3840, 0x3840, 0x3840,
  0x3840, 0x3840, 0x3040, 0x3040, 0x3040, 0x3041, 0x3041, 0x3041, 0x3041, 0x3041, 0x3041, 0x3041, 0x3041, 0x3041, 0x3041, 0x3041,
  0x3041, 0x3041, 0x3041, 0x3041, 0x3041, 0x3041, 0x3061, 0x3061, 0x3061, 0x3061, 0x3061, 0x3062, 0x3062, 0x3082, 0x2882, 0x2882,
  0x2882, 0x2882, 0x2082, 0x2082, 0x2082, 0x1882, 0x1862, 0x1862, 0x1062, 0x1062, 0x1062, 0x1062, 0x1062, 0x0862, 0x0862, 0x0862,
  0x0842, 0x0862, 0x0842, 0x0842, 0x0842, 0x0863, 0x08C4, 0x1926, 0x2967, 0x30C3, 0x2020, 0x1000, 0x0000, 0x0000, 0x0000, 0x0800,
  0x1800, 0x2061, 0x4103, 0x7A26, 0xB3CA, 0xD52E, 0xE5D0, 0xE632, 0xDE33, 0xDE53, 0xDE54, 0xDE54, 0xDE75, 0xE695, 0xE695, 0xE675,
  0xE675, 0xE674, 0xE674, 0xE654, 0xE654, 0xE654, 0xE654, 0xE674, 0xEE74, 0xEE74, 0xEE74, 0xEE74, 0xEE74, 0xEE95, 0xEE95, 0xEE95,
  0xEE95, 0xEE95, 0xEE95, 0xE694, 0xE674, 0xE674, 0xE674, 0xE674, 0xE674, 0xE674, 0xE674, 0xE674, 0xE674, 0xE674, 0xE674, 0xE674,
  0xE674, 0xE674, 0xE674, 0xE674, 0xE654, 0xE654, 0xE5B1, 0xE5F2, 0xE613, 0xE634, 0xE674, 0xE674, 0xE674, 0xDE13, 0xDDD2, 0xD5B1,
  0xD591, 0xCD70, 0xC570, 0xAC8D, 0x7AC8, 0x732B, 0x4A08, 0x20C3, 0x20E3, 0x41E8, 0x20E3, 0x2904, 0x4144, 0x5965, 0x7289, 0x834C,
  0x6A69, 0x8289, 0xE44D, 0x7165, 0x4925, 0x50A3, 0x40A3, 0x40C3, 0x20A3, 0x1862, 0x1862, 0x38C3, 0x4862, 0xA9C6, 0x9A27, 0x7881,
  0x9943, 0x8903, 0xCAC9, 0xC9C6, 0xE2C9, 0xD944, 0x9861, 0xDA68, 0x9841, 0x4041, 0x8165, 0x68C3, 0x5862, 0x80C3, 0x3041, 0x2041,
  0x0000, 0x1000, 0x3000, 0x3800, 0x5800, 0xA000, 0xD000, 0xB000, 0x5000, 0x1800, 0x0000, 0x0000, 0x0800, 0x1000, 0x0800, 0x1800,
  0x2000, 0x3800, 0x4800, 0x3800, 0x3800, 0x3800, 0x5000, 0x5000, 0x6000, 0x7800, 0x6800, 0x3000, 0x4800, 0x4020, 0x0000, 0x0000,
  0x0000, 0x0000, 0x0000, 0x0000, 0x0041, 0x0000, 0x0001, 0x0042, 0x0000, 0x0021, 0x0022, 0x0862, 0x0862, 0x0021, 0x1062, 0x28A3,
  0x2062, 0x1862, 0x30A2, 0x3061, 0x2820, 0x3841, 0x3040, 0x4840, 0x4820, 0x4020, 0x2020, 0x3820, 0x3820, 0x3820, 0x3820, 0x3820,
  0x3820, 0x3820, 0x3820, 0x3820, 0x3820, 0x3820, 0x3840, 0x3840, 0x3840, 0x3840, 0x3840, 0x3840, 0x3840, 0x3040, 0x3040, 0x3040,
  0x3041, 0x3041, 0x3041, 0x3041, 0x3041, 0x3041, 0x3041, 0x3041, 0x3041, 0x3041, 0x3041, 0x3041, 0x3041, 0x3061, 0x3061, 0x3061,
  0x3061, 0x3062, 0x3062, 0x3082, 0x2882, 0x2882, 0x2882, 0x2082, 0x2082, 0x1862, 0x1862, 0x1062, 0x1062, 0x1062, 0x1062, 0x0862,
  0x0862, 0x0862, 0x0842, 0x0042, 0x0842, 0x0862, 0x0883, 0x1106, 0x2967, 0x3082, 0x1800, 0x0000, 0x0000, 0x0000, 0x1000, 0x2040,
  0x4103, 0x8A87, 0xCC8C, 0xDDB0, 0xE612, 0xDE33, 0xDE54, 0xDE54, 0xDE75, 0xE695, 0xE695, 0xE675, 0xE674, 0xE674, 0xE654, 0xE654,
  0xE654, 0xE674, 0xEE74, 0xEE74, 0xEE74, 0xEE94, 0xEE95, 0xEE95, 0xEE95, 0xEE95, 0xE694, 0xE674, 0xE674, 0xE674, 0xE674, 0xE674,
  0xE674, 0xE674, 0xE674, 0xE674, 0xE674, 0xE674, 0xE674, 0xE674, 0xE654, 0xE654, 0xE654, 0xE654, 0xE654, 0xE654, 0xE654, 0xE654,
  0xE654, 0xE654, 0xE654, 0xE654, 0xE654, 0xE654, 0xE653, 0xEE74, 0xEE74, 0xEE74, 0xE694, 0xE674, 0xE654, 0xE633, 0xDDD2, 0xD5D2,
  0xD5D2, 0xCDB1, 0xBD30, 0x938A, 0x6AA8, 0x5269, 0x3965, 0x20C3, 0x4208, 0x2925, 0x2904, 0x4145, 0x59A6, 0xCB09, 0x8984, 0x59A6,
  0x6248, 0x7AEB, 0xA2A9, 0x9144, 0x38A3, 0x48A3, 0x40C3, 0x28A3, 0x1062, 0x1042, 0x30C4, 0x4882, 0x9944, 0xAA47, 0x5820, 0xB963,
  0xB102, 0xBA06, 0xD288, 0xB269, 0xEBED, 0xC8C2, 0xB861, 0xE1C5, 0x70C3, 0x60C3, 0x70C3, 0x50A3, 0x4841, 0x90A2, 0x6082, 0x2041,
  0x0000, 0x1800, 0x3800, 0x4800, 0x7000, 0xB800, 0xD800, 0x8800, 0x3800, 0x0800, 0x0000, 0x0800, 0x1000, 0x0800, 0x0800, 0x1800,
  0x2800, 0x4000, 0x4000, 0x3000, 0x3000, 0x5000, 0x5000, 0x5000, 0x6800, 0x5800, 0x3800, 0x4000, 0x5020, 0x0800, 0x0000, 0x0000,
  0x0000, 0x0000, 0x0000, 0x0000, 0x0000, 0x0001, 0x0021, 0x0021, 0x0000, 0x0021, 0x0042, 0x0842, 0x0842, 0x18A4, 0x1862, 0x1821,
  0x20A3, 0x2041, 0x4082, 0x3061, 0x3841, 0x3020, 0x3040, 0x4840, 0x4820, 0x2020, 0x2840, 0x3820, 0x3820, 0x3820, 0x3820, 0x3820,
  0x3820, 0x3820, 0x3820, 0x3820, 0x3820, 0x3820, 0x3820, 0x3820, 0x3820, 0x3820, 0x3820, 0x3820, 0x3820, 0x3820, 0x3820, 0x3820,
  0x3820, 0x3820, 0x3820, 0x3840, 0x3840, 0x3840, 0x3840, 0x3840, 0x3040, 0x3040, 0x3041, 0x3041, 0x3041, 0x3041, 0x3041, 0x3041,
  0x3041, 0x3041, 0x3041, 0x3041, 0x3061, 0x3061, 0x3061, 0x3062, 0x3082, 0x2882, 0x2882, 0x2082, 0x2082, 0x1862, 0x1862, 0x1062,
  0x1062, 0x1062, 0x0862, 0x0862, 0x0862, 0x0842, 0x0862, 0x10E5, 0x2967, 0x2841, 0x0800, 0x0000, 0x0800, 0x1820, 0x40E3, 0xA329,
  0xDD6F, 0xE612, 0xDE33, 0xDE54, 0xDE75, 0xE695, 0xE675, 0xE674, 0xE654, 0xE654, 0xE654, 0xE674, 0xEE74, 0xEE74, 0xEE95, 0xEE95,
  0xEE95, 0xEE95, 0xE674, 0xE674, 0xE674, 0xE674, 0xE674, 0xE674, 0xE674, 0xE674, 0xE674, 0xE674, 0xE654, 0xE654, 0xE654, 0xE654,
  0xE654, 0xE654, 0xE654, 0xE654, 0xE654, 0xE654, 0xE654, 0xE654, 0xE654, 0xE654, 0xE654, 0xE654, 0xE674, 0xE674, 0xE674, 0xE674,
  0xE674, 0xE674, 0xE674, 0xE674, 0xE674, 0xE674, 0xE612, 0xEE74, 0xEE95, 0xE695, 0xE695, 0xE674, 0xE633, 0xDDF2, 0xDE12, 0xDE33,
  0xD5D2, 0xC550, 0xAC4C, 0x832A, 0x62A9, 0x3986, 0x2904, 0x41E8, 0x31A6, 0x20C3, 0x20C3, 0x5185, 0x51A6, 0x7A07, 0xE3EC, 0x7A07,
  0x28E4, 0x5A49, 0x61A6, 0x50A3, 0x48E4, 0x48E4, 0x30A3, 0x1062, 0x1042, 0x2082, 0x38A3, 0x88C3, 0xDB6B, 0x68A2, 0xB1E4, 0xF3C9,
  0xB0E2, 0xA0C2, 0xF38C, 0xF593, 0xF38C, 0x9020, 0xB861, 0xB082, 0x9966, 0xC8E3, 0xA083, 0x60C3, 0x4021, 0xB268, 0x9124, 0x3021,
  0x0800, 0x2000, 0x4000, 0x5800, 0x9000, 0xD000, 0xC000, 0x6000, 0x2800, 0x0000, 0x0000, 0x0800, 0x1000, 0x0800, 0x0800, 0x2000,
  0x3000, 0x4000, 0x3800, 0x2800, 0x4000, 0x5800, 0x5000, 0x6800, 0x6000, 0x3000, 0x3800, 0x5820, 0x1000, 0x0000, 0x0000, 0x0000,
  0x0000, 0x0000, 0x0000, 0x0021, 0x0000, 0x0021, 0x0042, 0x0000, 0x0021, 0x0863, 0x0862, 0x0862, 0x0842, 0x20A3, 0x1841, 0x2021,
  0x3062, 0x2841, 0x2041, 0x3041, 0x4041, 0x4840, 0x4040, 0x5020, 0x3020, 0x2840, 0x3040, 0x3820, 0x3820, 0x3820, 0x3820, 0x3820,
  0x3820, 0x3820, 0x3820, 0x3820, 0x3820, 0x3820, 0x3820, 0x3820, 0x3820, 0x3820, 0x3820, 0x3820, 0x3840, 0x3840, 0x3840, 0x3840,
  0x3820, 0x3820, 0x3820, 0x3820, 0x3820, 0x3820, 0x3820, 0x3820, 0x3820, 0x3820, 0x3820, 0x3820, 0x3820, 0x3820, 0x3820, 0x3840,
  0x3840, 0x3840, 0x3840, 0x3040, 0x3041, 0x3041, 0x3041, 0x3041, 0x3041, 0x3041, 0x3041, 0x3061, 0x3061, 0x3062, 0x2882, 0x2882,
  0x2082, 0x1862, 0x1062, 0x1062, 0x0862, 0x0842, 0x0042, 0x0863, 0x2967, 0x1800, 0x0000, 0x1000, 0x38E2, 0xC44C, 0xE611, 0xDE54,
  0xDE75, 0xE695, 0xE674, 0xE654, 0xE654, 0xEE74, 0xEE74, 0xEE95, 0xEE95, 0xE694, 0xE674, 0xE674, 0xE674, 0xE674, 0xE674, 0xE674,
  0xE654, 0xE654, 0xE654, 0xE654, 0xE654, 0xE654, 0xE654, 0xE654, 0xE654, 0xE654, 0xE654, 0xE674, 0xE674, 0xE674, 0xE674, 0xE674,
  0xE674, 0xE674, 0xE674, 0xE674, 0xE674, 0xE674, 0xE674, 0xE674, 0xE674, 0xE674, 0xE674, 0xE674, 0xE674, 0xE674, 0xE674, 0xE674,
  0xE674, 0xE674, 0xE674, 0xE674, 0xE674, 0xE674, 0xE674, 0xEE53, 0xEE95, 0xE695, 0xE674, 0xE633, 0xE653, 0xE674, 0xDE33, 0xD5B1,
  0xC54F, 0xC52F, 0x938A, 0x6AC9, 0x5227, 0x41C6, 0x4A28, 0x4209, 0x18A2, 0x28E4, 0x3104, 0x5986, 0x7A07, 0x59C7, 0x6A28, 0xBB2B,
  0x71C7, 0x3104, 0x79C7, 0x50C3, 0x50E4, 0x38C4, 0x20A3, 0x1862, 0x30C3, 0x38A3, 0x5862, 0xB145, 0x80C3, 0xA184, 0xFDB0, 0xEAC7,
  0x9082, 0x60A3, 0xAA07, 0xECCF, 0xD861, 0xA841, 0x8841, 0x6001, 0xC268, 0xF984, 0xD882, 0x7082, 0x4041, 0xB1E6, 0x80C3, 0x2821,
  0x0800, 0x2800, 0x4800, 0x6800, 0xA800, 0xD000, 0x9000, 0x4000, 0x1000, 0x0000, 0x0800, 0x1000, 0x1000, 0x0800, 0x1000, 0x2000,
  0x2800, 0x3800, 0x3800, 0x3800, 0x4800, 0x4000, 0x5000, 0x6000, 0x4000, 0x3800, 0x5820, 0x2020, 0x0000, 0x0000, 0x0000, 0x0000,
  0x0000, 0x0000, 0x0000, 0x0042, 0x0021, 0x0042, 0x0041, 0x0021, 0x0842, 0x0842, 0x1883, 0x0821, 0x1042, 0x2062, 0x2062, 0x2082,
  0x2020, 0x3041, 0x2841, 0x3861, 0x3820, 0x4020, 0x5020, 0x3820, 0x2020, 0x3040, 0x3060, 0x3820, 0x3820, 0x3820, 0x3820, 0x3820,
  0x3820, 0x3820, 0x3820, 0x3820, 0x3820, 0x3820, 0x3820, 0x3820, 0x3820, 0x3820, 0x3820, 0x3820, 0x3820, 0x3820, 0x3820, 0x3820,
  0x3820, 0x3820, 0x3820, 0x3820, 0x3820, 0x3820, 0x3820, 0x3820, 0x3820, 0x3820, 0x3820, 0x3820, 0x3820, 0x3820, 0x3820, 0x3820,
  0x3820, 0x3820, 0x3840, 0x3840, 0x3820, 0x3820, 0x3820, 0x3820, 0x3820, 0x3820, 0x3820, 0x3820, 0x3840, 0x3840, 0x3041, 0x3041,
  0x3041, 0x3041, 0x3061, 0x2882, 0x2082, 0x1062, 0x0862, 0x0842, 0x2147, 0x0000, 0x30A2, 0xE611, 0xDE75, 0xE675, 0xE654, 0xEE74,
  0xEE95, 0xE674, 0xE674, 0xE674, 0xE654, 0xE654, 0xE654, 0xE654, 0xE654, 0xE654, 0xE674, 0xE674, 0xE674, 0xE674, 0xE674, 0xE674,
  0xE674, 0xE674, 0xE674, 0xE674, 0xE674, 0xE674, 0xE674, 0xE674, 0xE674, 0xE674, 0xE674, 0xE674, 0xE674, 0xE674, 0xE674, 0xE674,
  0xE674, 0xE654, 0xE654, 0xE654, 0xE654, 0xE654, 0xE654, 0xE654, 0xE654, 0xE654, 0xE654, 0xE654, 0xE654, 0xE654, 0xE654, 0xE654,
  0xE654, 0xE654, 0xE654, 0xE654, 0xE654, 0xE654, 0xE654, 0xEE94, 0xE695, 0xE674, 0xE653, 0xE654, 0xE654, 0xDE13, 0xD5D1, 0xCD70,
  0xCD70, 0xA46D, 0x72C9, 0x5A28, 0x5207, 0x3165, 0x4A8A, 0x20E4, 0x20C3, 0x28E3, 0x5124, 0x8944, 0xD36A, 0xCC6F, 0x7185, 0x8145,
  0x8965, 0x4104, 0x40C3, 0x50A3, 0x38C3, 0x28A3, 0x1862, 0x1841, 0x4904, 0x5082, 0xA165, 0xB228, 0x5800, 0xB225, 0xFC4C, 0xD0E2,
  0x98E3, 0x5082, 0x5882, 0xCB49, 0xF245, 0xC821, 0x80A2, 0x8883, 0xD3AC, 0xFA26, 0xD882, 0x6041, 0x3862, 0x8061, 0x5062, 0x2042,
  0x1800, 0x3800, 0x5000, 0x7800, 0xB800, 0xB800, 0x6800, 0x3000, 0x0000, 0x0000, 0x0800, 0x1000, 0x1000, 0x0800, 0x1800, 0x2000,
  0x3000, 0x3800, 0x3800, 0x4000, 0x3800, 0x4000, 0x5000, 0x3800, 0x3000, 0x5800, 0x3820, 0x0000, 0x0000, 0x0000, 0x0000, 0x0000,
  0x0000, 0x0021, 0x0021, 0x0021, 0x0842, 0x0042, 0x0000, 0x0021, 0x0842, 0x1062, 0x0842, 0x1083, 0x1883, 0x1041, 0x2882, 0x28A2,
  0x3861, 0x2841, 0x3820, 0x4861, 0x3040, 0x4020, 0x4820, 0x2020, 0x2840, 0x3040, 0x3840, 0x3820, 0x3820, 0x3820, 0x3820, 0x3820,
  0x3820, 0x3820, 0x3820, 0x3820, 0x3820, 0x3820, 0x3820, 0x3820, 0x3820, 0x3820, 0x3820, 0x3820, 0x3820, 0x3820, 0x3820, 0x3820,
  0x3820, 0x3820, 0x3820, 0x3820, 0x3820, 0x3820, 0x3820, 0x3820, 0x3820, 0x3820, 0x3820, 0x3820, 0x3820, 0x3820, 0x3820, 0x3820,
  0x3820, 0x3820, 0x3820, 0x3820, 0x3820, 0x3820, 0x3820, 0x3820, 0x3820, 0x3820, 0x3820, 0x3820, 0x3820, 0x3820, 0x3820, 0x3820,
  0x3820, 0x3820, 0x3820, 0x3820, 0x3820, 0x3820, 0x3820, 0x3820, 0x3820, 0xE653, 0xE653, 0xE653, 0xE653, 0xE653, 0xE653, 0xE653,
  0xE653, 0xE653, 0xE653, 0xE653, 0xE653, 0xE653, 0xE653, 0xE653, 0xE653, 0xE653, 0xE653, 0xE653, 0xE653, 0xE653, 0xE653, 0xE653,
  0xE653, 0xE653, 0xE653, 0xE653, 0xE653, 0xE653, 0xE653, 0xE653, 0xE653, 0xE653, 0xE653, 0xE653, 0xE653, 0xE653, 0xE653, 0xE653,
  0xE653, 0xE653, 0xE653, 0xE653, 0xE653, 0xE653, 0xE653, 0xE653, 0xE653, 0xE653, 0xE653, 0xE653, 0xE653, 0xE653, 0xE653, 0xE653,
  0xE653, 0xE653, 0xE653, 0xE653, 0xE653, 0xE653, 0xE653, 0xE674, 0xE653, 0xE633, 0xE612, 0xDDF2, 0xDDF2, 0xDE12, 0xDE33, 0xD613,
  0xB4CE, 0x836A, 0x5A47, 0x5247, 0x41A6, 0x528A, 0x3186, 0x20C3, 0x3124, 0x5145, 0x89C6, 0xDBCB, 0xCB6A, 0xA2EA, 0xE510, 0x9227,
  0x8944, 0x6924, 0x38C3, 0x50C3, 0x20A3, 0x1882, 0x1821, 0x6186, 0x4082, 0x8882, 0xB1E7, 0x6062, 0x9144, 0xCA05, 0xB081, 0xB902,
  0xE48F, 0xAAEB, 0x81A6, 0x98A1, 0xFA25, 0xE123, 0xB882, 0x8083, 0xD206, 0xF0C2, 0xB000, 0x6882, 0x50A3, 0x5862, 0x3862, 0x2841,
  0x1800, 0x3800, 0x4000, 0x7800, 0xC000, 0x9000, 0x4800, 0x2000, 0x0000, 0x0800, 0x1000, 0x1000, 0x0800, 0x1000, 0x1800, 0x2000,
  0x3000, 0x3000, 0x4000, 0x4000, 0x4000, 0x4800, 0x3800, 0x2800, 0x5000, 0x4820, 0x0000, 0x0000, 0x0000, 0x0000, 0x0000, 0x0000,
  0x0000, 0x0021, 0x0021, 0x0021, 0x0042, 0x0000, 0x0021, 0x0842, 0x1062, 0x20C4, 0x0821, 0x20A3, 0x20A3, 0x38A3, 0x2882, 0x1021,
  0x2841, 0x2841, 0x4061, 0x3040, 0x5040, 0x5820, 0x2020, 0x2840, 0x3040, 0x3040, 0x3860, 0x3820, 0x3820, 0x3840, 0x3840, 0x3840,
  0x3840, 0x3840, 0x3840, 0x3840, 0x3840, 0x3840, 0x3840, 0x3840, 0x3840, 0x3840, 0x3040, 0x3040, 0x3040, 0x3040, 0x3040, 0x3040,
  0x3040, 0x3040, 0x3040, 0x3040, 0x3040, 0x3040, 0x3040, 0x3040, 0x3040, 0x3040, 0x3040, 0x3040, 0x3040, 0x3040, 0x3040, 0x3040,
  0x3040, 0x3040, 0x3040, 0x3040, 0x3040, 0x3040, 0x3040, 0x3040, 0x3040, 0x3040, 0x3060, 0x3860, 0x3860, 0x3860, 0x3880, 0x3881,
  0x3881, 0x40A1, 0x40C1, 0x48E1, 0x5102, 0x5943, 0x6162, 0x7162, 0x5185, 0x7A06, 0x7A26, 0x5A27, 0x6AA8, 0x93CB, 0xAC6D, 0xB48D,
  0xBCAE, 0xC4CE, 0xC50F, 0xCD2F, 0xCD50, 0xD590, 0xD591, 0xD5B1, 0xD5D2, 0xD5D2, 0xDDF2, 0xDDF2, 0xDDF2, 0xDE12, 0xDE12, 0xDE12,
  0xDE12, 0xDE13, 0xDE13, 0xDE13, 0xDE13, 0xDE33, 0xDE33, 0xDE33, 0xDE33, 0xDE33, 0xDE33, 0xDE33, 0xDE33, 0xDE33, 0xDE33, 0xDE33,
  0xE633, 0xE633, 0xE633, 0xE633, 0xE633, 0xE633, 0xE633, 0xE633, 0xE633, 0xE633, 0xE633, 0xE633, 0xE633, 0xE633, 0xE633, 0xE633,
  0xE633, 0xE633, 0xE633, 0xE633, 0xE633, 0xE633, 0xE633, 0xE612, 0xE5F1, 0xE632, 0xE653, 0xE653, 0xDE53, 0xDE33, 0xDE33, 0xC4EE,
  0x9BCB, 0x7B09, 0x6288, 0x49E6, 0x4208, 0x3A08, 0x18A3, 0x2924, 0x3945, 0x4986, 0x59C6, 0x82EA, 0xC48E, 0x89E5, 0xAB29, 0xAB4A,
  0x70E3, 0x68E3, 0x38C4, 0x2883, 0x1882, 0x1021, 0x4904, 0x50E3, 0x78A2, 0xA0E4, 0x5062, 0x8103, 0xEB08, 0x80C2, 0x7820, 0xD2E9,
  0xFE55, 0x99A6, 0x5882, 0x7861, 0xECF0, 0xE9C5, 0x9800, 0x6041, 0xB862, 0x8800, 0x8082, 0x8104, 0x4882, 0x3842, 0x3882, 0x4061,
  0x2000, 0x3800, 0x4000, 0x8800, 0xB800, 0x7000, 0x3800, 0x0800, 0x0000, 0x0800, 0x1000, 0x0800, 0x0800, 0x1800, 0x1800, 0x2800,
  0x3000, 0x4000, 0x4000, 0x4800, 0x6000, 0x4000, 0x2800, 0x4000, 0x4820, 0x0800, 0x0000, 0x0000, 0x0000, 0x0000, 0x0000, 0x0000,
  0x0000, 0x0042, 0x0001, 0x0862, 0x0021, 0x0000, 0x0042, 0x0842, 0x1062, 0x1062, 0x0842, 0x1841, 0x1841, 0x3082, 0x2861, 0x3882,
  0x3082, 0x3841, 0x4861, 0x4040, 0x5840, 0x3840, 0x2020, 0x3040, 0x3040, 0x3860, 0x3860, 0x3040, 0x3040, 0x3040, 0x3040, 0x3040,
  0x3040, 0x3040, 0x3040, 0x3040, 0x3040, 0x3040, 0x3040, 0x3040, 0x3040, 0x3040, 0x3040, 0x3040, 0x3040, 0x3040, 0x3040, 0x3040,
  0x3040, 0x3040, 0x3040, 0x3040, 0x3040, 0x3040, 0x3040, 0x3040, 0x3040, 0x3040, 0x3040, 0x3060, 0x3060, 0x3060, 0x3860, 0x3860,
  0x3860, 0x3860, 0x3860, 0x3860, 0x3880, 0x3881, 0x3881, 0x3881, 0x4081, 0x40A1, 0x40A1, 0x40A1, 0x40C1, 0x48C1, 0x48E1, 0x4902,
  0x5122, 0x5122, 0x5943, 0x5983, 0x6162, 0x6982, 0x7182, 0x58E1, 0x5186, 0x79C5, 0x8247, 0x9287, 0x7A26, 0x51E6, 0x5A27, 0x5A47,
  0x6AA8, 0x7B4A, 0x93CC, 0xA42D, 0xAC6D, 0xB48D, 0xB48D, 0xBCAD, 0xBCAE, 0xC4CE, 0xC4CE, 0xC4EE, 0xC50F, 0xCD0F, 0xCD2F, 0xCD50,
  0xCD50, 0xD570, 0xD590, 0xD591, 0xD591, 0xD5B1, 0xD5B1, 0xD5D1, 0xD5D2, 0xD5D2, 0xD5D2, 0xDDF2, 0xDDF2, 0xDDF2, 0xDDF2, 0xDDF2,
  0xDDF2, 0xDE12, 0xDE12, 0xDE12, 0xDE12, 0xDE12, 0xDE12, 0xDE12, 0xDE13, 0xDE13, 0xDE13, 0xDE13, 0xDE13, 0xDE13, 0xDE13, 0xDE13,
  0xDE13, 0xDE13, 0xDE33, 0xDE33, 0xDE33, 0xDE33, 0xDE33, 0xE653, 0xE633, 0xE653, 0xE674, 0xDE54, 0xDDF2, 0xD5B1, 0xC4CE, 0xA3EB,
  0x834A, 0x72E9, 0x6288, 0x39A6, 0x4A6A, 0x1062, 0x20E3, 0x3125, 0x3904, 0x5165, 0x4965, 0x6228, 0x5165, 0x9AE9, 0xBAC8, 0x71A5,
  0x4924, 0x4882, 0x38E4, 0x20A3, 0x1041, 0x2062, 0x69C6, 0x70C3, 0xC0E4, 0x6082, 0x68A3, 0xDBAA, 0xCA87, 0x4800, 0x60A2, 0xB184,
  0xF247, 0xB924, 0x9124, 0x98C3, 0xEB6A, 0xFB08, 0xA000, 0x7882, 0x8041, 0x4862, 0x70C3, 0x70A2, 0x4062, 0x3842, 0x3821, 0x5081,
  0x2000, 0x3000, 0x5000, 0xA000, 0x9800, 0x5800, 0x2800, 0x0000, 0x0800, 0x1000, 0x0800, 0x0800, 0x1000, 0x2800, 0x3000, 0x3000,
  0x3800, 0x4800, 0x4800, 0x6000, 0x4800, 0x3000, 0x4000, 0x5020, 0x0800, 0x0000, 0x0000, 0x0000, 0x0000, 0x0000, 0x0000, 0x0021,
  0x0000, 0x0001, 0x0021, 0x0021, 0x0000, 0x0021, 0x0862, 0x0842, 0x20C3, 0x0021, 0x28A3, 0x20A3, 0x20A3, 0x28A3, 0x2861, 0x4061,
  0x3061, 0x3861, 0x3841, 0x5820, 0x4040, 0x2040, 0x2840, 0x3040, 0x3060, 0x3860, 0x3860, 0x3040, 0x3040, 0x3040, 0x3040, 0x3040,
  0x3040, 0x3040, 0x3040, 0x3040, 0x3040, 0x3040, 0x3040, 0x3040, 0x3040, 0x3040, 0x3040, 0x3040, 0x3060, 0x3060, 0x3060, 0x3060,
  0x3060, 0x3860, 0x3860, 0x3860, 0x3860, 0x3860, 0x3860, 0x3860, 0x3860, 0x3860, 0x3880, 0x3881, 0x3881, 0x3881, 0x3881, 0x3881,
  0x4081, 0x40A1, 0x40A1, 0x40A1, 0x40A1, 0x40A1, 0x40C1, 0x48C1, 0x48E1, 0x48E1, 0x4902, 0x4902, 0x5122, 0x5122, 0x5142, 0x5943,
  0x5963, 0x6163, 0x6162, 0x6983, 0x6942, 0x7182, 0x6101, 0x5123, 0x5185, 0x71A5, 0x69A5, 0x8247, 0x8A67, 0x8247, 0x7A26, 0x59E6,
  0x5207, 0x5A27, 0x5A47, 0x6268, 0x6AA8, 0x7B0A, 0x836B, 0x93CC, 0x9C0C, 0xA44D, 0xAC6D, 0xB48D, 0xB48D, 0xB48D, 0xBCAD, 0xBCAE,
  0xBCAE, 0xBCAE, 0xC4CE, 0xC4CE, 0xC4EE, 0xC4EE, 0xC50F, 0xCD0F, 0xCD2F, 0xCD2F, 0xCD50, 0xCD50, 0xCD50, 0xD570, 0xD570, 0xD590,
  0xD591, 0xD591, 0xD591, 0xD5B1, 0xD5B1, 0xD5B1, 0xD5B1, 0xD5D1, 0xD5D2, 0xD5D2, 0xD5D2, 0xD5D2, 0xDDF2, 0xDDF2, 0xDDF2, 0xDDF2,
  0xDDF2, 0xDDF2, 0xDDF2, 0xDDF2, 0xDDF2, 0xDDF2, 0xE653, 0xE673, 0xE674, 0xE674, 0xE654, 0xDE33, 0xD5F2, 0xC4CE, 0xB44D, 0x836A,
  0x7B2A, 0x6288, 0x3986, 0x5AAB, 0x18C3, 0x20C3, 0x4185, 0x3104, 0x6985, 0x9227, 0xB309, 0xB36B, 0x69C6, 0x5144, 0x91C5, 0x50E3,
  0x38E3, 0x40C3, 0x28A3, 0x18A3, 0x1862, 0x5145, 0x3821, 0x98E4, 0x88E3, 0x58C3, 0x9984, 0xD1E5, 0x8821, 0x81A6, 0x5904, 0x68C3,
  0xC945, 0xE268, 0xCAA9, 0x90C2, 0xE9E5, 0xE123, 0x7021, 0x5841, 0x68A3, 0x60C3, 0xA0A2, 0x9061, 0x4882, 0x58A3, 0x6021, 0x60C2,
  0x1800, 0x3000, 0x6000, 0xA000, 0x7000, 0x4000, 0x0800, 0x0000, 0x1000, 0x0800, 0x0800, 0x1000, 0x2000, 0x3800, 0x3800, 0x3000,
  0x3800, 0x5800, 0x6800, 0x4800, 0x3000, 0x4000, 0x5820, 0x1000, 0x0000, 0x0000, 0x0000, 0x0000, 0x0000, 0x0000, 0x0000, 0x0001,
  0x0042, 0x0000, 0x0042, 0x0000, 0x0000, 0x0883, 0x0862, 0x1062, 0x1062, 0x1062, 0x28A3, 0x2882, 0x48A3, 0x3081, 0x3061, 0x2841,
  0x4881, 0x4081, 0x4820, 0x5040, 0x2020, 0x2840, 0x3060, 0x3060, 0x3840, 0x3860, 0x4080, 0x3040, 0x3040, 0x3040, 0x3060, 0x3060,
  0x3060, 0x3060, 0x3060, 0x3860, 0x3860, 0x3860, 0x3860, 0x3860, 0x3860, 0x3860, 0x3860, 0x3860, 0x3860, 0x3860, 0x3860, 0x3880,
  0x3880, 0x3881, 0x3881, 0x3881, 0x3881, 0x3881, 0x3881, 0x3881, 0x4081, 0x40A1, 0x40A1, 0x40A1, 0x40A1, 0x40A1, 0x40A1, 0x40C1,
  0x40C1, 0x48C1, 0x48C1, 0x48E1, 0x48E1, 0x48E2, 0x4902, 0x5102, 0x5122, 0x5122, 0x5122, 0x5142, 0x5943, 0x5963, 0x5983, 0x6163,
  0x6162, 0x6983, 0x6982, 0x6921, 0x7182, 0x6921, 0x58E1, 0x4944, 0x5185, 0x6984, 0x71C5, 0x8206, 0x8247, 0x8247, 0x9287, 0x8227,
  0x7226, 0x59E6, 0x51E6, 0x5207, 0x5A27, 0x5A27, 0x5A47, 0x6288, 0x6AA8, 0x7309, 0x834A, 0x8B8B, 0x93CC, 0x9C0C, 0xA42D, 0xAC4D,
  0xAC6D, 0xB46D, 0xB48D, 0xB48D, 0xB48D, 0xBCAD, 0xBCAD, 0xBCAE, 0xBCAE, 0xBCAE, 0xC4CE, 0xC4CE, 0xC4CE, 0xC4EE, 0xC4EE, 0xC4EF,
  0xC50F, 0xCD0F, 0xCD0F, 0xCD2F, 0xCD2F, 0xCD2F, 0xCD50, 0xCD50, 0xCD50, 0xCD70, 0xD570, 0xD570, 0xD590, 0xD591, 0xD591, 0xD591,
  0xD591, 0xD5B1, 0xD5B1, 0xD5B1, 0xD5B1, 0xD5B1, 0xDE33, 0xDE33, 0xDE33, 0xDE53, 0xE654, 0xD591, 0xC4CE, 0xBC8E, 0x834A, 0x93CB,
  0x7309, 0x3145, 0x528A, 0x20E4, 0x20C3, 0x49C7, 0x4165, 0x5185, 0x5965, 0x61E7, 0x8AA9, 0xBC0D, 0xC40D, 0x69A6, 0x81A5, 0x58E3,
  0x40C3, 0x30A3, 0x28C3, 0x1841, 0x4904, 0x58C3, 0x9903, 0x6082, 0x2000, 0x8A27, 0xEB29, 0xA021, 0x68E4, 0xB38D, 0xCC0E, 0x7125,
  0x6021, 0xBA48, 0xDB6C, 0x98A2, 0xE185, 0x9821, 0x5061, 0x7904, 0x8145, 0x80A2, 0xE882, 0xA841, 0x5082, 0x58C3, 0x70C3, 0x4041,
  0x1000, 0x3000, 0x7000, 0x8800, 0x5000, 0x2800, 0x0000, 0x0800, 0x1000, 0x0800, 0x1000, 0x2000, 0x3000, 0x4000, 0x3800, 0x3800,
  0x5000, 0x7000, 0x5800, 0x3000, 0x4000, 0x5800, 0x2000, 0x0000, 0x0000, 0x0000, 0x0000, 0x0000, 0x0000, 0x0041, 0x0000, 0x0021,
  0x0021, 0x0001, 0x0000, 0x0000, 0x0041, 0x0863, 0x1062, 0x18A3, 0x1062, 0x28C4, 0x1861, 0x1820, 0x3061, 0x2041, 0x3082, 0x4882,
  0x4020, 0x4041, 0x5040, 0x2040, 0x2040, 0x2840, 0x3040, 0x3860, 0x3860, 0x4060, 0x48A0, 0x3860, 0x3860, 0x3860, 0x3860, 0x3860,
  0x3860, 0x3860, 0x3860, 0x3860, 0x3860, 0x3880, 0x3880, 0x3881, 0x3881, 0x3881, 0x3881, 0x3881, 0x3881, 0x3881, 0x3881, 0x3881,
  0x4081, 0x40A1, 0x40A1, 0x40A1, 0x40A1, 0x40A1, 0x40A1, 0x40A1, 0x40A1, 0x40C1, 0x40C1, 0x48C1, 0x48C1, 0x48E1, 0x48E1, 0x48E1,
  0x48E1, 0x4902, 0x4902, 0x5102, 0x5122, 0x5122, 0x5122, 0x5142, 0x5142, 0x5943, 0x5963, 0x5963, 0x5983, 0x6162, 0x6162, 0x6983,
  0x6983, 0x6962, 0x6942, 0x7182, 0x6941, 0x60E1, 0x5102, 0x4965, 0x5185, 0x6165, 0x6164, 0x6964, 0x7A27, 0x8247, 0x7A47, 0x9267,
  0x8A47, 0x8227, 0x7206, 0x61E6, 0x51E6, 0x5207, 0x5A27, 0x5A27, 0x5A27, 0x5A47, 0x6267, 0x6288, 0x6AA8, 0x72E9, 0x7B2A, 0x836A,
  0x8BAB, 0x93CC, 0x9BEC, 0xA42C, 0xA44D, 0xAC4D, 0xAC6D, 0xAC6D, 0xB48D, 0xB48D, 0xB48D, 0xB48D, 0xBCAD, 0xBCAD, 0xBCAD, 0xBCAE,
  0xBCAE, 0xBCAE, 0xC4CE, 0xC4CE, 0xC4CE, 0xC4CE, 0xC4EE, 0xC4EE, 0xC4EE, 0xC4EF, 0xC50F, 0xCD0F, 0xCD0F, 0xCD2F, 0xCD2F, 0xCD2F,
  0xCD2F, 0xCD50, 0xCD50, 0xCD50, 0xCD50, 0xCD70, 0xD612, 0xD613, 0xD5F2, 0xD5F2, 0xD570, 0xCD0F, 0xBCEF, 0x938A, 0x93AA, 0x8329,
  0x3144, 0x5249, 0x20E3, 0x18A2, 0x41A6, 0x4165, 0x7A89, 0x7289, 0x3104, 0x69C6, 0xABAB, 0xAB8B, 0x9247, 0x91E5, 0x48E3, 0x5145,
  0x3882, 0x28C3, 0x1062, 0x30A2, 0x79A6, 0x7862, 0xA944, 0x3841, 0x48C2, 0xB206, 0xA8A2, 0x60C3, 0x8228, 0xEE56, 0xF677, 0x9145,
  0x7061, 0xCB0B, 0xE984, 0xB0C3, 0x9821, 0x5061, 0x60E3, 0x9228, 0x8104, 0xB8A3, 0xC061, 0x5821, 0x8924, 0x78A3, 0x4882, 0x2821,
  0x1000, 0x3000, 0x8000, 0x6800, 0x4000, 0x1000, 0x0000, 0x1000, 0x0800, 0x0800, 0x1800, 0x2800, 0x4000, 0x4000, 0x4800, 0x6000,
  0x7800, 0x6000, 0x3800, 0x3800, 0x5800, 0x3000, 0x0000, 0x0000, 0x0000, 0x0000, 0x0000, 0x0000, 0x0000, 0x0000, 0x0021, 0x0021,
  0x0021, 0x0042, 0x0000, 0x0021, 0x0883, 0x0862, 0x0842, 0x0821, 0x1062, 0x2882, 0x2061, 0x28A2, 0x2082, 0x2882, 0x5082, 0x4841,
  0x3820, 0x5860, 0x3040, 0x2060, 0x2860, 0x3060, 0x3040, 0x3881, 0x4081, 0x4080, 0x4880, 0x3880, 0x3880, 0x3881, 0x3881, 0x3881,
  0x3881, 0x3881, 0x3881, 0x3881, 0x3881, 0x3881, 0x3881, 0x3881, 0x4081, 0x40A1, 0x40A1, 0x40A1, 0x40A1, 0x40A1, 0x40A1, 0x40A1,
  0x40A1, 0x40A1, 0x40A1, 0x40C1, 0x40C1, 0x40C1, 0x48C1, 0x48C1, 0x48E1, 0x48E1, 0x48E1, 0x48E1, 0x4902, 0x4902, 0x4902, 0x5102,
  0x5122, 0x5122, 0x5122, 0x5122, 0x5142, 0x5142, 0x5943, 0x5963, 0x5963, 0x5983, 0x6163, 0x6162, 0x6162, 0x6982, 0x6983, 0x6982,
  0x6922, 0x6942, 0x7182, 0x6941, 0x6101, 0x58E1, 0x5123, 0x4965, 0x5185, 0x6185, 0x71C5, 0x71C5, 0x71C5, 0x7A27, 0x8247, 0x7A47,
  0x8A67, 0x9287, 0x8247, 0x8227, 0x7206, 0x61E6, 0x59E6, 0x51E7, 0x5207, 0x5A27, 0x5A27, 0x5A27, 0x5A47, 0x5A47, 0x6268, 0x6288,
  0x6AA9, 0x72E9, 0x7B0A, 0x834A, 0x836B, 0x8BAB, 0x93CC, 0x9BEC, 0x9C0C, 0xA42D, 0xA44D, 0xAC6D, 0xAC6D, 0xAC6D, 0xB48D, 0xB48D,
  0xB48D, 0xB48D, 0xB48D, 0xBCAD, 0xBCAD, 0xBCAD, 0xBCAE, 0xBCAE, 0xBCAE, 0xBCAE, 0xBCAE, 0xC4CE, 0xC4CE, 0xC4CE, 0xC4CE, 0xC4EE,
  0xC4EE, 0xC4EE, 0xC4EE, 0xC4EF, 0xCD0F, 0xCD0F, 0xE612, 0xDDD1, 0xD52F, 0xD54F, 0xD571, 0xBCCE, 0xA3CB, 0xBCAD, 0x9C2D, 0x3985,
  0x4208, 0x18C3, 0x1061, 0x4185, 0x51E7, 0x3924, 0x6A48, 0x6207, 0x5965, 0x7984, 0x9AA8, 0x9288, 0x89E5, 0x7144, 0x5103, 0x2882,
  0x2862, 0x1882, 0x1862, 0x38C3, 0x6945, 0x9186, 0x5882, 0x5882, 0xCA47, 0xC9E6, 0x5000, 0x40E4, 0x8A69, 0xEDB4, 0xED93, 0xAA07,
  0x80A2, 0xD104, 0xF267, 0xB8A2, 0x4000, 0x7061, 0xB185, 0x9165, 0x9945, 0xC882, 0x7021, 0x4062, 0x80A2, 0xA0E3, 0x58C3, 0x1800,
  0x1000, 0x4000, 0x7000, 0x5800, 0x3000, 0x0000, 0x0800, 0x1000, 0x0800, 0x0800, 0x2000, 0x3800, 0x5000, 0x5000, 0x6000, 0x6800,
  0x7000, 0x5800, 0x3800, 0x5800, 0x3000, 0x0000, 0x0000, 0x0000, 0x0000, 0x0000, 0x0000, 0x0000, 0x0001, 0x0000, 0x0042, 0x0000,
  0x0021, 0x0021, 0x0000, 0x0042, 0x0841, 0x0842, 0x1062, 0x0862, 0x28A3, 0x3904, 0x1020, 0x3882, 0x38A3, 0x2841, 0x4841, 0x3841,
  0x5040, 0x5061, 0x2040, 0x2860, 0x3081, 0x3081, 0x3860, 0x3881, 0x40A1, 0x40C1, 0x40A1, 0x3881, 0x3881, 0x3881, 0x3881, 0x3881,
  0x4081, 0x4081, 0x40A1, 0x40A1, 0x40A1, 0x40A1, 0x40A1, 0x40A1, 0x40A1, 0x40A1, 0x40A1, 0x40A1, 0x40C1, 0x40C1, 0x40C1, 0x40C1,
  0x48C1, 0x48C1, 0x48E1, 0x48E1, 0x48E1, 0x48E1, 0x48E1, 0x4902, 0x4902, 0x4902, 0x5102, 0x5102, 0x5122, 0x5122, 0x5122, 0x5122,
  0x5142, 0x5142, 0x5942, 0x5943, 0x5943, 0x5963, 0x5983, 0x5983, 0x6163, 0x6162, 0x6162, 0x6982, 0x6983, 0x6982, 0x6962, 0x6921,
  0x7162, 0x7182, 0x6941, 0x6121, 0x58E1, 0x5902, 0x5143, 0x4985, 0x5185, 0x69A5, 0x6985, 0x6985, 0x7184, 0x8206, 0x7A07, 0x8267,
  0x7A47, 0x8A67, 0x9287, 0x8A47, 0x8227, 0x7A27, 0x7206, 0x61E6, 0x59E6, 0x51E6, 0x5207, 0x5207, 0x5A27, 0x5A27, 0x5A27, 0x5A47,
  0x5A47, 0x5A67, 0x6268, 0x6288, 0x6AA9, 0x72E9, 0x7309, 0x7B2A, 0x836A, 0x8B8B, 0x8BAB, 0x93CC, 0x9BEC, 0x9C0C, 0xA42D, 0xA42D,
  0xAC4D, 0xAC6D, 0xAC6D, 0xAC6D, 0xB48D, 0xB48D, 0xB48D, 0xB48D, 0xB48D, 0xB48D, 0xBCAD, 0xBCAD, 0xBCAD, 0xBCAD, 0xBCAE, 0xBCAE,
  0xBCAE, 0xBCAE, 0xBCAE, 0xC4CE, 0xC4CE, 0xC4CE, 0xD52F, 0xCD4F, 0xCD0E, 0xC4CE, 0xBC4C, 0xBC4C, 0xC50F, 0xAC6D, 0x5227, 0x5249,
  0x2104, 0x1061, 0x3145, 0x6269, 0x3924, 0x4124, 0x3904, 0x3104, 0x89E6, 0xDCCE, 0x7247, 0x38E4, 0x5944, 0x48E3, 0x40C3, 0x2882,
  0x1862, 0x0821, 0x30C3, 0x58E4, 0x9208, 0x61A6, 0x2821, 0x8124, 0xD1A4, 0x7862, 0x48E3, 0x9207, 0xA268, 0xA36C, 0xB268, 0x98A2,
  0x7861, 0xA0C3, 0xF268, 0x8020, 0x3041, 0x7062, 0xA821, 0xA924, 0x9986, 0xA001, 0x70A2, 0x4061, 0x7041, 0x7082, 0x3862, 0x2820,
  0x1800, 0x5000, 0x5800, 0x4800, 0x1000, 0x0000, 0x1000, 0x0800, 0x0800, 0x1800, 0x3000, 0x4800, 0x5800, 0x6000, 0x6800, 0x8000,
  0x6800, 0x5000, 0x5800, 0x3800, 0x0000, 0x0000, 0x0000, 0x0000, 0x0000, 0x0000, 0x0000, 0x0000, 0x0021, 0x0000, 0x0000, 0x0021,
  0x0041, 0x0000, 0x0021, 0x0842, 0x0862, 0x0862, 0x1042, 0x28A3, 0x1862, 0x1841, 0x4104, 0x38E3, 0x3061, 0x58C2, 0x3041, 0x4020,
  0x5040, 0x2060, 0x2881, 0x3081, 0x30A1, 0x38A1, 0x38A1, 0x3880, 0x4081, 0x40A1, 0x4081, 0x40A1, 0x40A1, 0x40A1, 0x40A1, 0x40A1,
  0x40A1, 0x40A1, 0x40A1, 0x40A1, 0x40A1, 0x40A1, 0x40C1, 0x40C1, 0x40C1, 0x40C1, 0x48C1, 0x48C1, 0x48C1, 0x48E1, 0x48E1, 0x48E1,
  0x48E1, 0x48E1, 0x48E2, 0x4902, 0x4902, 0x4902, 0x5102, 0x5102, 0x5122, 0x5122, 0x5122, 0x5122, 0x5122, 0x5142, 0x5142, 0x5943,
  0x5943, 0x5943, 0x5963, 0x5963, 0x5983, 0x5983, 0x6163, 0x6162, 0x6162, 0x6982, 0x6983, 0x6983, 0x6982, 0x6942, 0x6921, 0x7162,
  0x7182, 0x6961, 0x6921, 0x6101, 0x58E1, 0x5122, 0x4964, 0x4965, 0x5185, 0x69A5, 0x6985, 0x6984, 0x71C5, 0x6164, 0x8206, 0x7206,
  0x8267, 0x8247, 0x8247, 0x8A67, 0x9287, 0x8247, 0x8227, 0x7A27, 0x7206, 0x69E6, 0x59E6, 0x59E6, 0x51E7, 0x5207, 0x5207, 0x5A27,
  0x5A27, 0x5A27, 0x5A47, 0x5A47, 0x5A47, 0x6268, 0x6288, 0x6288, 0x6AA9, 0x72E9, 0x7309, 0x7B2A, 0x834A, 0x836B, 0x8B8B, 0x93AB,
  0x93CC, 0x9BEC, 0x9C0C, 0xA42C, 0xA42D, 0xA44D, 0xAC4D, 0xAC6D, 0xAC6D, 0xAC6D, 0xB46D, 0xB48D, 0xB48D, 0xB48D, 0xB48D, 0xB48D,
  0xB48D, 0xBC8D, 0xBCAD, 0xBCAD, 0xBCAD, 0xBCAE, 0xCD70, 0xCD0E, 0xBBEB, 0xB3CA, 0xC4AE, 0xC4EF, 0xA40C, 0x5A47, 0x5A89, 0x3965,
  0x1882, 0x5248, 0x5A49, 0x3924, 0x5164, 0x5185, 0x3945, 0x3104, 0x5185, 0xA329, 0xCCAE, 0x40E3, 0x28A3, 0x40E3, 0x40C3, 0x4903,
  0x1062, 0x1882, 0x3082, 0x7186, 0x6945, 0x48E3, 0x5145, 0x9123, 0x8081, 0x3862, 0x6945, 0xE4D1, 0xEC2F, 0xAAA9, 0x89E7, 0x9861,
  0xD9A4, 0x8041, 0xA001, 0x6841, 0x8185, 0x5082, 0x9841, 0x98A3, 0x60A3, 0x88C3, 0x6904, 0x7041, 0x9062, 0x4062, 0x2021, 0x3820,
  0x2800, 0x5000, 0x4800, 0x3000, 0x0000, 0x0000, 0x0800, 0x0800, 0x1000, 0x2800, 0x3800, 0x5800, 0x5800, 0x5800, 0x8000, 0x8000,
  0x5000, 0x4800, 0x4000, 0x0800, 0x0000, 0x0000, 0x0000, 0x0000, 0x0000, 0x0000, 0x0000, 0x0021, 0x0000, 0x0000, 0x0021, 0x0042,
  0x0000, 0x0001, 0x0821, 0x0841, 0x0842, 0x0842, 0x1062, 0x1862, 0x30C3, 0x30A2, 0x3061, 0x40E3, 0x4881, 0x5881, 0x4040, 0x5840,
  0x2840, 0x2061, 0x2881, 0x3081, 0x38A1, 0x38C1, 0x38A1, 0x3881, 0x4080, 0x4060, 0x4860, 0x4080, 0x40A1, 0x40A1, 0x40A1, 0x40A1,
  0x40C1, 0x40C1, 0x40C1, 0x40C1, 0x48C1, 0x48C1, 0x48C1, 0x48C1, 0x48E1, 0x48E1, 0x48E1, 0x48E1, 0x48E1, 0x48E2, 0x4902, 0x4902,
  0x4902, 0x4902, 0x5102, 0x5102, 0x5122, 0x5122, 0x5122, 0x5122, 0x5122, 0x5142, 0x5142, 0x5142, 0x5943, 0x5943, 0x5943, 0x5963,
  0x5963, 0x5983, 0x5983, 0x6163, 0x6162, 0x6162, 0x6162, 0x6982, 0x6983, 0x6983, 0x6982, 0x6962, 0x6922, 0x6942, 0x7162, 0x7182,
  0x6961, 0x6941, 0x6101, 0x58E1, 0x5901, 0x5123, 0x4964, 0x4965, 0x5985, 0x69A5, 0x6984, 0x79C5, 0x71C5, 0x6984, 0x71C5, 0x7A06,
  0x7206, 0x8267, 0x8247, 0x8247, 0x8A67, 0x9287, 0x8A67, 0x8247, 0x8227, 0x7A27, 0x7206, 0x69E6, 0x59E6, 0x59E6, 0x51E6, 0x51E7,
  0x5207, 0x5A27, 0x5A27, 0x5A27, 0x5A27, 0x5A27, 0x5A47, 0x5A47, 0x5A47, 0x6268, 0x6288, 0x6A88, 0x6AA9, 0x6AC9, 0x72E9, 0x7B0A,
  0x7B2A, 0x834A, 0x8B6B, 0x8B8B, 0x93AB, 0x93CC, 0x9BEC, 0x9C0C, 0x9C0C, 0xA42D, 0xA42D, 0xA44D, 0xAC4D, 0xAC6D, 0xAC6D, 0xAC6D,
  0xB46D, 0xB48D, 0xB48D, 0xB48D, 0xB48D, 0xB48D, 0xBC0B, 0xBC8D, 0xBCCE, 0xC50F, 0xBCAD, 0xA3CA, 0x72E9, 0x62CA, 0x4A28, 0x20A2,
  0x6B0B, 0x6B2C, 0x1882, 0x6184, 0x9B08, 0x30E3, 0x3904, 0x69C5, 0x6AAA, 0x4986, 0x9B09, 0x9267, 0x28A2, 0x4124, 0x28A3, 0x1882,
  0x1041, 0x28A3, 0x40A3, 0x79C6, 0x4082, 0x8207, 0xE5D4, 0xC226, 0x5020, 0x6945, 0xB965, 0xE4D1, 0xFDF6, 0xD165, 0x60A2, 0xB30A,
  0xEC8F, 0x7800, 0x5021, 0x81A6, 0xD40F, 0x7041, 0x8882, 0x60C3, 0x4082, 0x58C4, 0x6082, 0xC104, 0x6821, 0x2061, 0x3861, 0x4041,
  0x3020, 0x4800, 0x3800, 0x1000, 0x0000, 0x0800, 0x0800, 0x0800, 0x1800, 0x3000, 0x4800, 0x4800, 0x4800, 0x6800, 0x6800, 0x5800,
  0x5000, 0x4000, 0x1000, 0x0000, 0x0000, 0x0000, 0x0000, 0x0000, 0x0000, 0x0000, 0x0000, 0x0042, 0x0042, 0x0001, 0x0001, 0x0001,
  0x0000, 0x0041, 0x0842, 0x0862, 0x1082, 0x1062, 0x28A3, 0x1041, 0x2862, 0x38A2, 0x3082, 0x3861, 0x5881, 0x3841, 0x5840, 0x4060,
  0x2060, 0x2881, 0x3081, 0x30A1, 0x38A1, 0x38A1, 0x3881, 0x40A1, 0x40C1, 0x48C1, 0x48A1, 0x48A1, 0x40C1, 0x40C1, 0x48C1, 0x48C1,
  0x48C1, 0x48C1, 0x48E1, 0x48E1, 0x48E1, 0x48E1, 0x48E1, 0x48E1, 0x48E1, 0x4902, 0x4902, 0x4902, 0x4902, 0x5102, 0x5102, 0x5102,
  0x5122, 0x5122, 0x5122, 0x5122, 0x5122, 0x5122, 0x5142, 0x5142, 0x5142, 0x5943, 0x5943, 0x5943, 0x5963, 0x5963, 0x5963, 0x5983,
  0x5983, 0x6163, 0x6162, 0x6162, 0x6162, 0x6962, 0x6983, 0x6983, 0x6983, 0x6982, 0x6942, 0x6921, 0x6942, 0x7162, 0x7182, 0x6962,
  0x6941, 0x6121, 0x58E1, 0x58E1, 0x5102, 0x5143, 0x4965, 0x4965, 0x5985, 0x69A5, 0x6165, 0x69A5, 0x6164, 0x71C5, 0x6964, 0x8206,
  0x7A27, 0x7A06, 0x8267, 0x8247, 0x8247, 0x8A67, 0x9267, 0x9287, 0x8A47, 0x8227, 0x8227, 0x7A26, 0x7206, 0x6A06, 0x61E6, 0x59E6,
  0x51E6, 0x51E7, 0x5207, 0x5207, 0x5A27, 0x5A27, 0x5A27, 0x5A27, 0x5A27, 0x5A47, 0x5A47, 0x5A47, 0x6268, 0x6268, 0x6288, 0x6AA8,
  0x6AA9, 0x6AC9, 0x72E9, 0x7B0A, 0x7B2A, 0x834A, 0x836A, 0x8B8B, 0x8BAB, 0x93AB, 0x93CC, 0x93EC, 0x9C0C, 0x9C0C, 0xA42D, 0xA42D,
  0xA44D, 0xA44D, 0xAC4D, 0xAC6D, 0xAC6D, 0xCD0F, 0xC50E, 0xC52F, 0xC550, 0xC52F, 0xBC8D, 0x8B8B, 0x5A89, 0x41E7, 0x2904, 0x6AEB,
  0x5A8A, 0x20C3, 0x5123, 0xBBEC, 0x59E6, 0x48E3, 0xAB2A, 0xF654, 0x8A05, 0x3924, 0x20A2, 0x89E6, 0x5924, 0x28A3, 0x2082, 0x0841,
  0x20A3, 0x30A3, 0x6144, 0x69A6, 0x2862, 0x3041, 0x9963, 0x9903, 0x7965, 0xA207, 0xE34A, 0xED10, 0xE42F, 0x8061, 0x4041, 0xE490,
  0xC30A, 0x5000, 0x70E4, 0x9228, 0xCA48, 0x8800, 0x6104, 0x40C3, 0x3061, 0x4041, 0xAA06, 0xC1A5, 0x4001, 0x1841, 0x68E3, 0x58A2,
  0x3041, 0x3800, 0x2800, 0x0000, 0x0000, 0x0800, 0x0000, 0x1000, 0x2800, 0x4000, 0x4800, 0x4000, 0x6800, 0x7000, 0x4800, 0x3800,
  0x4000, 0x1800, 0x0000, 0x0000, 0x0000, 0x0000, 0x0000, 0x0000, 0x0000, 0x0000, 0x0000, 0x0000, 0x0000, 0x0022, 0x0001, 0x0000,
  0x0042, 0x0862, 0x0021, 0x0862, 0x0842, 0x2062, 0x1841, 0x1842, 0x30A3, 0x40A2, 0x3882, 0x50C2, 0x4061, 0x5040, 0x4840, 0x2061,
  0x28A1, 0x2881, 0x30A1, 0x38A1, 0x38C1, 0x38A1, 0x40C1, 0x40E1, 0x40E1, 0x48E1, 0x50E1, 0x48A1, 0x48C1, 0x48E1, 0x48E1, 0x48E1,
  0x48E1, 0x48E1, 0x48E1, 0x48E1, 0x4902, 0x4902, 0x4902, 0x4902, 0x4902, 0x5102, 0x5102, 0x5102, 0x5122, 0x5122, 0x5122, 0x5122,
  0x5122, 0x5122, 0x5142, 0x5142, 0x5142, 0x5142, 0x5943, 0x5943, 0x5943, 0x5963, 0x5963, 0x5963, 0x5983, 0x5983, 0x6163, 0x6163,
  0x6162, 0x6162, 0x6162, 0x6962, 0x6983, 0x6983, 0x6983, 0x6982, 0x6962, 0x6942, 0x6921, 0x6942, 0x7162, 0x7182, 0x6962, 0x6941,
  0x6121, 0x6101, 0x58E1, 0x58E1, 0x5122, 0x5144, 0x4965, 0x5185, 0x5985, 0x61A5, 0x6165, 0x6185, 0x71A5, 0x79C5, 0x6985, 0x6985,
  0x8206, 0x7A27, 0x7A06, 0x8267, 0x8247, 0x7A47, 0x8A47, 0x8A67, 0x9287, 0x8A67, 0x8247, 0x8227, 0x8227, 0x7A26, 0x7206, 0x6A06,
  0x61E6, 0x59E6, 0x59E6, 0x51E6, 0x51E7, 0x5207, 0x5207, 0x5A27, 0x5A27, 0x5A27, 0x5A27, 0x5A27, 0x5A47, 0x5A47, 0x5A47, 0x5A47,
  0x6268, 0x6268, 0x6288, 0x6AA8, 0x6AA9, 0x6AC9, 0x72E9, 0x7309, 0x7B2A, 0x7B4A, 0x834A, 0x836B, 0x8B8B, 0x8BAB, 0x93CB, 0x93CC,
  0x93EC, 0x9BEC, 0x9C0C, 0xA42C, 0xA42D, 0xDDD1, 0xCD90, 0xC54F, 0xBCAD, 0xBCEF, 0xA48E, 0x7B6C, 0x5248, 0x3124, 0x62AA, 0x3166,
  0x1882, 0x5123, 0xBB49, 0x7206, 0x28A3, 0x6144, 0xC329, 0xBB8A, 0xA266, 0x7A06, 0x3104, 0x28A3, 0x38C3, 0x2082, 0x1041, 0x1041,
  0x28A3, 0x48A3, 0xA34B, 0x5965, 0x3062, 0x6903, 0xBA26, 0x4000, 0x71E8, 0xCB4A, 0xFFFD, 0xDDB4, 0x99E7, 0x5862, 0x58A2, 0xB0C3,
  0x7000, 0x58A2, 0xCA48, 0x88A2, 0x9882, 0xB1E7, 0x48C3, 0x3000, 0x4061, 0x4021, 0xB9A5, 0x80A2, 0x3021, 0x2841, 0x5041, 0x4041,
  0x3061, 0x2800, 0x0800, 0x0000, 0x0800, 0x0800, 0x1000, 0x2000, 0x3800, 0x4800, 0x4000, 0x5800, 0x7000, 0x5000, 0x4000, 0x4000,
  0x2000, 0x0000, 0x0000, 0x0000, 0x0000, 0x0000, 0x0000, 0x0000, 0x0000, 0x0000, 0x0021, 0x0021, 0x0000, 0x0021, 0x0021, 0x0042,
  0x0863, 0x1083, 0x1042, 0x1882, 0x0821, 0x1841, 0x1041, 0x2062, 0x40C3, 0x3861, 0x4061, 0x60E2, 0x4841, 0x5840, 0x2060, 0x2081,
  0x28A1, 0x30A1, 0x38C1, 0x38C1, 0x38C1, 0x40C1, 0x40C1, 0x48E1, 0x48E1, 0x48C1, 0x48C1, 0x48C1, 0x48E1, 0x48E1, 0x48E1, 0x48E2,
  0x4902, 0x4902, 0x4902, 0x4902, 0x4902, 0x5102, 0x5102, 0x5122, 0x5122, 0x5122, 0x5122, 0x5122, 0x5122, 0x5122, 0x5122, 0x5142,
  0x5142, 0x5142, 0x5142, 0x5943, 0x5943, 0x5943, 0x5963, 0x5963, 0x5963, 0x5983, 0x5983, 0x5983, 0x6163, 0x6163, 0x6142, 0x6162,
  0x6162, 0x6962, 0x6982, 0x6983, 0x6983, 0x6982, 0x6982, 0x6962, 0x6921, 0x6941, 0x6962, 0x7162, 0x7182, 0x6962, 0x6941, 0x6921,
  0x6101, 0x58E1, 0x58E1, 0x5902, 0x5143, 0x4964, 0x4965, 0x5185, 0x5985, 0x6185, 0x6185, 0x6985, 0x79C5, 0x6184, 0x71C5, 0x6984,
  0x79C5, 0x7A06, 0x7A27, 0x7A06, 0x8267, 0x8247, 0x7A47, 0x8247, 0x8A67, 0x9287, 0x9287, 0x8A47, 0x8247, 0x8227, 0x7A27, 0x7A26,
  0x7206, 0x6A06, 0x61E6, 0x59E6, 0x59E6, 0x51E6, 0x51E7, 0x5207, 0x5207, 0x5207, 0x5A27, 0x5A27, 0x5A27, 0x5A27, 0x5A27, 0x5A47,
  0x5A47, 0x5A47, 0x5A47, 0x6267, 0x6268, 0x6288, 0x6288, 0x6AA8, 0x6AA9, 0x6AC9, 0x72E9, 0x7309, 0x7B2A, 0x7B2A, 0x834A, 0x836A,
  0x8B6B, 0x8B8B, 0x8BAB, 0x93CB, 0x93CC, 0xD570, 0xCCEE, 0xBC6C, 0xB46D, 0xA46E, 0x730A, 0x49E7, 0x4A08, 0x5228, 0x3145, 0x1882,
  0x2882, 0x9226, 0x9B09, 0x5165, 0x4145, 0x61E7, 0xBB8B, 0xAB09, 0x71C5, 0xCC2E, 0x61A6, 0x28C3, 0x30E3, 0x1041, 0x0821, 0x2082,
  0x3082, 0x8227, 0x59C6, 0x3083, 0x60C4, 0xB9C5, 0x78C2, 0x5945, 0x7A08, 0xBA48, 0xFE15, 0xD32B, 0x7882, 0x8A6A, 0xA269, 0x7021,
  0x5000, 0x9AC9, 0xFBEE, 0xA820, 0x7103, 0x8289, 0x4861, 0xA1A5, 0x5041, 0x3841, 0x6841, 0x60A3, 0x3862, 0x3062, 0x3021, 0x2021,
  0x2041, 0x1800, 0x0000, 0x0000, 0x0800, 0x0800, 0x2000, 0x3800, 0x4800, 0x4000, 0x5000, 0x6800, 0x5000, 0x3800, 0x4800, 0x2800,
  0x0000, 0x0000, 0x0000, 0x0000, 0x0000, 0x0000, 0x0000, 0x0000, 0x0000, 0x0000, 0x0001, 0x0042, 0x0000, 0x0021, 0x0001, 0x0842,
  0x1062, 0x1041, 0x1041, 0x1041, 0x1041, 0x30C3, 0x1061, 0x2882, 0x50A2, 0x3861, 0x3861, 0x4040, 0x6881, 0x3040, 0x2081, 0x2881,
  0x28A1, 0x30C2, 0x38E2, 0x38E2, 0x40E2, 0x40A1, 0x4881, 0x48C1, 0x48E1, 0x48E1, 0x4901, 0x48E1, 0x48E1, 0x4902, 0x4902, 0x4902,
  0x5102, 0x5102, 0x5102, 0x5122, 0x5122, 0x5122, 0x5122, 0x5122, 0x5122, 0x5122, 0x5122, 0x5142, 0x5142, 0x5142, 0x5142, 0x5942,
  0x5943, 0x5943, 0x5943, 0x5963, 0x5963, 0x5963, 0x5963, 0x5983, 0x5983, 0x5983, 0x6163, 0x6163, 0x6162, 0x6162, 0x6162, 0x6962,
  0x6982, 0x6983, 0x6983, 0x6983, 0x6982, 0x6962, 0x6942, 0x6921, 0x6941, 0x7162, 0x7182, 0x7182, 0x6962, 0x6941, 0x6921, 0x6101,
  0x60E1, 0x58E1, 0x58E1, 0x5122, 0x5143, 0x4964, 0x4985, 0x5186, 0x5985, 0x6185, 0x6185, 0x6984, 0x71A5, 0x6164, 0x79E5, 0x6985,
  0x6164, 0x8206, 0x7A06, 0x7A27, 0x7A06, 0x8267, 0x8247, 0x7A47, 0x8247, 0x8A67, 0x9267, 0x9287, 0x8A67, 0x8247, 0x8227, 0x8227,
  0x7A27, 0x7A26, 0x7206, 0x6A06, 0x61E6, 0x59E6, 0x59E6, 0x51E6, 0x51E6, 0x51E7, 0x5207, 0x5207, 0x5207, 0x5A27, 0x5A27, 0x5A27,
  0x5A27, 0x5A27, 0x5A27, 0x5A47, 0x5A47, 0x5A47, 0x5A47, 0x6268, 0x6268, 0x6288, 0x6288, 0x6AA8, 0x6AA9, 0x6AC9, 0x72E9, 0x7309,
  0x7B0A, 0x7B2A, 0x7B4A, 0x834A, 0xD4CD, 0xD50E, 0xC4EE, 0xBCEF, 0x9C4D, 0x62A9, 0x49E7, 0x4A08, 0x41E7, 0x20E3, 0x3145, 0x3924,
  0x4124, 0x81C5, 0x79A5, 0x5144, 0x7247, 0x51A7, 0x59E7, 0xBC0D, 0x8205, 0x4903, 0x4924, 0x2082, 0x1041, 0x0821, 0x28C3, 0x4104,
  0x6185, 0x8289, 0x2041, 0x3021, 0xA206, 0x99A5, 0x60E4, 0x6925, 0x4800, 0xA145, 0xE9C6, 0xA924, 0x5841, 0xDD33, 0x9A48, 0x5021,
  0x5841, 0xBA48, 0xC904, 0xB985, 0x6924, 0x40A3, 0x89A5, 0xE3CC, 0x6020, 0x70C3, 0x5041, 0x4082, 0x3882, 0x2841, 0x3000, 0x1820,
  0x2082, 0x0000, 0x0000, 0x0000, 0x0800, 0x1800, 0x3800, 0x4000, 0x3800, 0x5000, 0x5800, 0x4800, 0x4800, 0x4800, 0x3800, 0x0000,
  0x0000, 0x0000, 0x0000, 0x0000, 0x0000, 0x0000, 0x0000, 0x0000, 0x0000, 0x0021, 0x0000, 0x0000, 0x0021, 0x0000, 0x0000, 0x0842,
  0x1062, 0x1882, 0x1062, 0x1062, 0x1862, 0x2041, 0x2882, 0x38A2, 0x2841, 0x5081, 0x5081, 0x4840, 0x4040, 0x2061, 0x2881, 0x28A1,
  0x30C2, 0x38E2, 0x38E2, 0x40E2, 0x40A1, 0x48C1, 0x48C1, 0x48E1, 0x4902, 0x4922, 0x5122, 0x5102, 0x48A1, 0x5102, 0x5102, 0x5122,
  0x5122, 0x5122, 0x5122, 0x5122, 0x5122, 0x5122, 0x5122, 0x5122, 0x5142, 0x5142, 0x5142, 0x5142, 0x5942, 0x5943, 0x5943, 0x5943,
  0x5943, 0x5963, 0x5963, 0x5963, 0x5983, 0x5983, 0x5983, 0x6163, 0x6163, 0x6162, 0x6162, 0x6162, 0x6162, 0x6962, 0x6982, 0x6983,
  0x6983, 0x6983, 0x6982, 0x6982, 0x6962, 0x6942, 0x6921, 0x6942, 0x7162, 0x7182, 0x7182, 0x7162, 0x6941, 0x6941, 0x6121, 0x6101,
  0x58E1, 0x58E1, 0x5902, 0x5123, 0x5144, 0x4965, 0x4965, 0x5186, 0x5985, 0x6185, 0x69A5, 0x6964, 0x6985, 0x71A5, 0x69A5, 0x71C5,
  0x7184, 0x69A5, 0x8206, 0x7A27, 0x7206, 0x7A06, 0x8267, 0x8247, 0x7A47, 0x8247, 0x8A67, 0x8A67, 0x9287, 0x9287, 0x8A47, 0x8247,
  0x8227, 0x8227, 0x7A27, 0x7A26, 0x7206, 0x6A06, 0x61E6, 0x59E6, 0x59E6, 0x59E6, 0x51E6, 0x51E7, 0x5207, 0x5207, 0x5207, 0x5A27,
  0x5A27, 0x5A27, 0x5A27, 0x5A27, 0x5A27, 0x5A27, 0x5A47, 0x5A47, 0x5A47, 0x5A47, 0x5A67, 0x6268, 0x6268, 0x6288, 0x6288, 0x6AA8,
  0x6AA9, 0x6AC9, 0x72E9, 0x72E9, 0xD590, 0xCD4F, 0xBD0F, 0x940D, 0x6268, 0x49E7, 0x41C7, 0x3965, 0x20C3, 0x20C2, 0x5A48, 0x6B0B,
  0x3165, 0x38E3, 0x81A4, 0xB2A7, 0xF676, 0xA3CD, 0x28A3, 0x38A2, 0xC349, 0x5164, 0x3904, 0x2082, 0x1042, 0x1841, 0x38E4, 0x40E3,
  0x8268, 0x38C3, 0x38A3, 0x8124, 0xA964, 0x58A2, 0x58E4, 0x6945, 0xD4F2, 0xC3AD, 0xA082, 0x6000, 0x81A6, 0xC1C5, 0x5000, 0x3000,
  0x7841, 0x9020, 0x88E4, 0x79C7, 0x3062, 0x3821, 0xB8A2, 0x9821, 0x4800, 0x78A2, 0x68C3, 0x2821, 0x3882, 0x4020, 0x7861, 0x3041,
  0x1061, 0x0000, 0x0000, 0x0000, 0x1000, 0x3000, 0x4000, 0x3800, 0x4800, 0x6000, 0x4800, 0x4000, 0x5000, 0x4000, 0x0800, 0x0000,
  0x0000, 0x0000, 0x0000, 0x0000, 0x0021, 0x0000, 0x0000, 0x0000, 0x0000, 0x0042, 0x0041, 0x0000, 0x0021, 0x0021, 0x0021, 0x0021,
  0x0841, 0x1882, 0x0841, 0x2082, 0x30C3, 0x1862, 0x2882, 0x3082, 0x3881, 0x4040, 0x5040, 0x5061, 0x1860, 0x2081, 0x28A1, 0x30A1,
  0x30C1, 0x38E2, 0x38E2, 0x40C1, 0x4902, 0x4943, 0x4922, 0x4902, 0x4922, 0x4942, 0x5142, 0x50E2, 0x48C1, 0x5122, 0x5122, 0x5122,
  0x5122, 0x5122, 0x5122, 0x5122, 0x5142, 0x5142, 0x5142, 0x5142, 0x5142, 0x5942, 0x5943, 0x5943, 0x5943, 0x5943, 0x5963, 0x5963,
  0x5963, 0x5983, 0x5983, 0x5983, 0x5983, 0x6163, 0x6163, 0x6162, 0x6162, 0x6162, 0x6162, 0x6962, 0x6982, 0x6983, 0x6983, 0x6983,
  0x6982, 0x6982, 0x6962, 0x6942, 0x6921, 0x6921, 0x6942, 0x7162, 0x7182, 0x7182, 0x7162, 0x6941, 0x6941, 0x6121, 0x6101, 0x58E1,
  0x58E1, 0x58E1, 0x5102, 0x5143, 0x4944, 0x4965, 0x4965, 0x5186, 0x5985, 0x6185, 0x69A5, 0x6165, 0x6185, 0x79C5, 0x6164, 0x79E6,
  0x6985, 0x6964, 0x79C5, 0x8206, 0x7A27, 0x7206, 0x7A26, 0x8267, 0x8247, 0x7A47, 0x8247, 0x8A47, 0x8A67, 0x9267, 0x9287, 0x8A67,
  0x8A47, 0x8247, 0x8227, 0x8227, 0x7A27, 0x7A26, 0x7206, 0x6A06, 0x61E6, 0x61E6, 0x59E6, 0x59E6, 0x51E6, 0x51E6, 0x51E7, 0x5207,
  0x5207, 0x5207, 0x5A27, 0x5A27, 0x5A27, 0x5A27, 0x5A27, 0x5A27, 0x5A27, 0x5A47, 0x5A47, 0x5A47, 0x5A47, 0x5A47, 0x6268, 0x6268,
  0x6288, 0x6288, 0x6288, 0x6AA8, 0xD54F, 0xC4EE, 0x8B8A, 0x6268, 0x5227, 0x49E7, 0x3124, 0x28E3, 0x28C3, 0x62A9, 0x5A89, 0x41A6,
  0x4965, 0x79E5, 0xA32A, 0x82C9, 0x9AE8, 0xD3EB, 0x6144, 0x20C3, 0x8226, 0x7A06, 0x2082, 0x1862, 0x1041, 0x30C3, 0x38C3, 0x92A8,
  0x5965, 0x2882, 0x58A2, 0xD247, 0x6061, 0x3841, 0x4021, 0x7186, 0xE44F, 0xA1C6, 0x6800, 0xA30C, 0xF5D6, 0x78A2, 0x68E3, 0x7882,
  0x9062, 0xB36C, 0xC34D, 0x4041, 0x3841, 0xA904, 0xC082, 0x7801, 0x3820, 0x9104, 0x9166, 0x2821, 0x3041, 0x6041, 0x91E5, 0x30A2,
  0x0881, 0x0000, 0x0000, 0x0800, 0x2000, 0x3800, 0x3800, 0x5000, 0x6800, 0x5000, 0x3800, 0x4800, 0x4800, 0x1000, 0x0000, 0x0000,
  0x0000, 0x0000, 0x0000, 0x0001, 0x0000, 0x0000, 0x0000, 0x0000, 0x0000, 0x0842, 0x0020, 0x0000, 0x0000, 0x0021, 0x0863, 0x0821,
  0x1083, 0x1062, 0x18A3, 0x2041, 0x3062, 0x2082, 0x3882, 0x3861, 0x4061, 0x4861, 0x6061, 0x2861, 0x2081, 0x2881, 0x28A1, 0x30C2,
  0x38E2, 0x3902, 0x40E2, 0x40E2, 0x4943, 0x4943, 0x4943, 0x4942, 0x4922, 0x5122, 0x5102, 0x5102, 0x5122, 0x5101, 0x5122, 0x5122,
  0x5122, 0x5142, 0x5142, 0x5142, 0x5142, 0x5142, 0x5943, 0x5943, 0x5943, 0x5943, 0x5943, 0x5963, 0x5963, 0x5963, 0x5963, 0x5983,
  0x5983, 0x5983, 0x5983, 0x6163, 0x6163, 0x6162, 0x6162, 0x6162, 0x6162, 0x6962, 0x6982, 0x6983, 0x6983, 0x6983, 0x6983, 0x6982,
  0x6982, 0x6962, 0x6942, 0x6921, 0x6941, 0x6942, 0x7162, 0x7182, 0x7182, 0x7162, 0x6961, 0x6941, 0x6921, 0x6101, 0x6101, 0x58E1,
  0x58E1, 0x5902, 0x5122, 0x5143, 0x4964, 0x4965, 0x4965, 0x5186, 0x5985, 0x6185, 0x69A5, 0x6165, 0x6965, 0x71A5, 0x6984, 0x71C5,
  0x71C5, 0x7184, 0x6984, 0x81E6, 0x7A06, 0x7A27, 0x7206, 0x7A26, 0x8267, 0x8247, 0x8247, 0x7A47, 0x8247, 0x8A67, 0x8A67, 0x9287,
  0x9287, 0x8A47, 0x8247, 0x8227, 0x8227, 0x8227, 0x7A27, 0x7A26, 0x7206, 0x6A06, 0x69E6, 0x61E6, 0x59E6, 0x59E6, 0x59E6, 0x51E6,
  0x51E7, 0x5207, 0x5207, 0x5207, 0x5207, 0x5A27, 0x5A27, 0x5A27, 0x5A27, 0x5A27, 0x5A27, 0x5A27, 0x5A47, 0x5A47, 0x5A47, 0x5A47,
  0x5A47, 0x5A67, 0x6268, 0xCD0E, 0xC4EE, 0x8B4A, 0x6288, 0x5227, 0x39A6, 0x3144, 0x4185, 0x4165, 0x6289, 0x5228, 0x20E3, 0x4944,
  0xB349, 0xDD0E, 0xDC4C, 0x3903, 0x4124, 0x6964, 0x69A6, 0x4125, 0x30C3, 0x4903, 0x1862, 0x0820, 0x1882, 0x2062, 0x5944, 0x7A06,
  0x2862, 0x48A2, 0xB9E5, 0x7882, 0x4882, 0x71A6, 0x9228, 0x8964, 0x5800, 0x5021, 0x70E3, 0xEDF6, 0x89E7, 0x3800, 0x8944, 0x9904,
  0x6862, 0x8965, 0xC1A7, 0x4000, 0xB2EA, 0xF3AD, 0x9800, 0x5041, 0x4882, 0x68A3, 0x5883, 0x3041, 0x2000, 0x5800, 0x50A1, 0x2881,
  0x18C3, 0x0020, 0x0000, 0x1000, 0x3000, 0x3800, 0x5000, 0x6000, 0x5800, 0x4000, 0x3800, 0x4800, 0x2000, 0x0000, 0x0000, 0x0000,
  0x0000, 0x0000, 0x0021, 0x0001, 0x0000, 0x0000, 0x0000, 0x0000, 0x0021, 0x0021, 0x0000, 0x0842, 0x0021, 0x0841, 0x0862, 0x1062,
  0x1882, 0x1041, 0x30A2, 0x2062, 0x1841, 0x1861, 0x3061, 0x58A2, 0x4040, 0x5840, 0x3061, 0x1861, 0x28A1, 0x28A1, 0x30C2, 0x30E2,
  0x3902, 0x3922, 0x40E2, 0x4942, 0x4943, 0x4963, 0x4943, 0x4963, 0x4943, 0x5122, 0x50E2, 0x5942, 0x5142, 0x5122, 0x5142, 0x5142,
  0x5142, 0x5142, 0x5142, 0x5943, 0x5943, 0x5943, 0x5943, 0x5943, 0x5963, 0x5963, 0x5963, 0x5963, 0x5983, 0x5983, 0x5983, 0x5983,
  0x6163, 0x6163, 0x6163, 0x6162, 0x6162, 0x6162, 0x6162, 0x6962, 0x6982, 0x6983, 0x6983, 0x6983, 0x6983, 0x6982, 0x6982, 0x6962,
  0x6962, 0x6942, 0x6921, 0x6941, 0x6942, 0x7162, 0x7182, 0x7182, 0x7162, 0x6961, 0x6941, 0x6921, 0x6121, 0x6101, 0x58E1, 0x58E1,
  0x58E1, 0x5102, 0x5123, 0x5143, 0x4964, 0x4965, 0x4965, 0x5186, 0x5985, 0x6185, 0x69A5, 0x6165, 0x6985, 0x69A5, 0x71A5, 0x6184,
  0x79E5, 0x6985, 0x6964, 0x69A5, 0x8206, 0x7A06, 0x7A27, 0x7206, 0x7A26, 0x8267, 0x8247, 0x8247, 0x7A47, 0x8247, 0x8A67, 0x8A67,
  0x9287, 0x9287, 0x8A67, 0x8A47, 0x8247, 0x8227, 0x8227, 0x8227, 0x7A27, 0x7A26, 0x7206, 0x6A06, 0x69E6, 0x61E6, 0x59E6, 0x59E6,
  0x59E6, 0x51E6, 0x51E6, 0x51E7, 0x5207, 0x5207, 0x5207, 0x5207, 0x5A27, 0x5A27, 0x5A27, 0x5A27, 0x5A27, 0x5A27, 0x5A27, 0x5A27,
  0x5A47, 0x5A47, 0x5A47, 0xAC2C, 0x8B4A, 0x7B09, 0x5A47, 0x3985, 0x2903, 0x3965, 0x5228, 0x5249, 0x2904, 0x3124, 0x5144, 0x89C4,
  0xDCCE, 0x934A, 0x8A05, 0x9225, 0x7ACA, 0x830A, 0x2862, 0x61C6, 0x28C3, 0x1882, 0x0820, 0x0820, 0x28C3, 0x4124, 0x7228, 0x3862,
  0x5904, 0xA9C5, 0xB9C5, 0x4000, 0x7924, 0xD42E, 0xDCB0, 0xDCB1, 0x79A6, 0x4021, 0x6904, 0x81C6, 0x7841, 0x7000, 0xAA69, 0xC3AE,
  0x9925, 0x7882, 0x7062, 0x7021, 0xE248, 0xC944, 0x7800, 0x4861, 0x68E3, 0x4062, 0x3821, 0x3021, 0x3000, 0x3800, 0x2000, 0x0820,
  0x18E3, 0x0861, 0x0800, 0x2000, 0x3800, 0x4800, 0x6800, 0x6800, 0x4000, 0x3800, 0x4000, 0x2800, 0x0000, 0x0000, 0x0000, 0x0000,
  0x0000, 0x0000, 0x0000, 0x0000, 0x0000, 0x0000, 0x0000, 0x0000, 0x0021, 0x0021, 0x0000, 0x0021, 0x0021, 0x0021, 0x0842, 0x0841,
  0x2882, 0x1041, 0x1841, 0x38C3, 0x2882, 0x4061, 0x50A2, 0x4061, 0x6061, 0x4040, 0x1040, 0x2081, 0x28A1, 0x28C1, 0x30C2, 0x30E2,
  0x3902, 0x4102, 0x4123, 0x4963, 0x4963, 0x4963, 0x4963, 0x4963, 0x4963, 0x4943, 0x5122, 0x5142, 0x5142, 0x5122, 0x5102, 0x5142,
  0x5943, 0x5943, 0x5943, 0x5943, 0x5943, 0x5963, 0x5963, 0x5963, 0x5963, 0x5963, 0x5983, 0x5983, 0x5983, 0x5983, 0x6163, 0x6163,
  0x6162, 0x6162, 0x6162, 0x6162, 0x6162, 0x6962, 0x6982, 0x6982, 0x6983, 0x6983, 0x6983, 0x6983, 0x6982, 0x6982, 0x6962, 0x6942,
  0x6921, 0x6921, 0x6942, 0x6962, 0x7162, 0x7182, 0x7182, 0x7162, 0x6961, 0x6941, 0x6921, 0x6121, 0x6101, 0x60E1, 0x58E1, 0x58E1,
  0x5902, 0x5122, 0x5143, 0x5144, 0x4965, 0x4965, 0x4965, 0x5186, 0x5985, 0x6185, 0x69A5, 0x6185, 0x6984, 0x6985, 0x79C5, 0x6164,
  0x79C5, 0x71C5, 0x7184, 0x6164, 0x79E6, 0x8206, 0x7A07, 0x7A27, 0x7206, 0x8227, 0x8267, 0x8247, 0x8247, 0x7A47, 0x8247, 0x8A67,
  0x8A67, 0x9267, 0x9287, 0x9287, 0x8A47, 0x8247, 0x8247, 0x8227, 0x8227, 0x7A27, 0x7A27, 0x7A26, 0x7206, 0x7206, 0x69E6, 0x61E6,
  0x59E6, 0x59E6, 0x59E6, 0x51E6, 0x51E6, 0x51E7, 0x5207, 0x5207, 0x5207, 0x5207, 0x5A27, 0x5A27, 0x5A27, 0x5A27, 0x5A27, 0x5A27,
  0x5A27, 0x5A27, 0x936A, 0x82C8, 0x8B4A, 0x5A68, 0x3985, 0x3985, 0x3944, 0x5228, 0x5A69, 0x3966, 0x28E3, 0x5164, 0x8AC9, 0x40C2,
  0x8AC9, 0xB38B, 0x7268, 0x69E5, 0x71C5, 0x6228, 0x28E3, 0x2082, 0x20A2, 0x0020, 0x0020, 0x20C3, 0x30A3, 0x8289, 0x5165, 0x2821,
  0x8903, 0xDA66, 0x7000, 0x70E3, 0xBB6C, 0xCBAC, 0xD490, 0xDEDA, 0xCC4F, 0xA103, 0x8082, 0x7841, 0x9841, 0x88A2, 0xECB0, 0xF30A,
  0xC903, 0x78E4, 0x5021, 0xC2CA, 0xF124, 0xB000, 0x5841, 0x6882, 0x70A3, 0x3841, 0x6821, 0x7821, 0x5800, 0x3000, 0x1020, 0x0020,
  0x0861, 0x1082, 0x0800, 0x2800, 0x4000, 0x6000, 0x7000, 0x5000, 0x3800, 0x4000, 0x3000, 0x0000, 0x0000, 0x0000, 0x0000, 0x0000,
  0x0000, 0x0000, 0x0021, 0x0000, 0x0000, 0x0021, 0x0000, 0x0021, 0x0000, 0x0000, 0x0001, 0x0021, 0x1083, 0x0842, 0x0841, 0x1041,
  0x2882, 0x2062, 0x2882, 0x4882, 0x2841, 0x3020, 0x3841, 0x5041, 0x5061, 0x1040, 0x1861, 0x20A1, 0x28A1, 0x30C2, 0x30C2, 0x30E2,
  0x3902, 0x4143, 0x4963, 0x4963, 0x4963, 0x4963, 0x4963, 0x4963, 0x4942, 0x4922, 0x5163, 0x5162, 0x5142, 0x5142, 0x5122, 0x5943,
  0x5943, 0x5943, 0x5963, 0x5963, 0x5963, 0x5963, 0x5963, 0x5983, 0x5983, 0x5983, 0x5983, 0x6163, 0x6163, 0x6163, 0x6162, 0x6162,
  0x6162, 0x6162, 0x6162, 0x6962, 0x6982, 0x6982, 0x6983, 0x6983, 0x6983, 0x6983, 0x6982, 0x6982, 0x6962, 0x6962, 0x6942, 0x6921,
  0x6921, 0x6942, 0x6962, 0x7162, 0x7182, 0x7182, 0x7162, 0x6961, 0x6941, 0x6941, 0x6121, 0x6101, 0x6101, 0x58E1, 0x58E1, 0x58E1,
  0x5902, 0x5122, 0x5143, 0x4944, 0x4965, 0x4985, 0x4965, 0x5186, 0x5985, 0x6185, 0x69A5, 0x6185, 0x6964, 0x6165, 0x71A5, 0x6984,
  0x6985, 0x79C5, 0x6985, 0x6984, 0x6985, 0x81E6, 0x8206, 0x7A27, 0x7A27, 0x7A06, 0x8227, 0x8267, 0x8247, 0x8247, 0x7A47, 0x8247,
  0x8A47, 0x8A67, 0x8A67, 0x9287, 0x9287, 0x8A67, 0x8A47, 0x8247, 0x8227, 0x8227, 0x8227, 0x7A27, 0x7A26, 0x7A26, 0x7206, 0x7206,
  0x69E6, 0x61E6, 0x59E6, 0x59E6, 0x59E6, 0x59E6, 0x51E6, 0x51E6, 0x51E7, 0x5207, 0x5207, 0x5207, 0x5207, 0x5A27, 0x5A27, 0x5A27,
  0x5A27, 0x5A27, 0x8B29, 0x938B, 0x6268, 0x41A6, 0x41C6, 0x6226, 0x6268, 0x3965, 0x3165, 0x3124, 0x5185, 0xA226, 0x7227, 0x6207,
  0x7288, 0xD551, 0x934B, 0x3986, 0x40C2, 0x40E3, 0x30E3, 0x1062, 0x1062, 0x0821, 0x3145, 0x30E4, 0x61A6, 0x4904, 0x4124, 0x81C6,
  0xC9A4, 0x7840, 0x7165, 0xA2EA, 0xD490, 0xDC4E, 0xB2CA, 0x7269, 0x7249, 0xBA48, 0xB103, 0x6820, 0x78E3, 0xD491, 0xB9E6, 0xD881,
  0xC1C6, 0x6021, 0x5021, 0xCA69, 0xD0A2, 0x7021, 0x5082, 0xA9C7, 0x68C3, 0x5021, 0xC842, 0x9841, 0x4000, 0x4000, 0x1820, 0x0000,
  0x0020, 0x10A2, 0x1000, 0x2800, 0x5000, 0x8000, 0x6800, 0x4800, 0x4000, 0x3000, 0x0800, 0x0000, 0x0821, 0x0000, 0x0000, 0x0000,
  0x0000, 0x0000, 0x0020, 0x0001, 0x0000, 0x0000, 0x0000, 0x0021, 0x0021, 0x0000, 0x0021, 0x0842, 0x1062, 0x0821, 0x1021, 0x2041,
  0x1021, 0x40C3, 0x3881, 0x1820, 0x2040, 0x4081, 0x3820, 0x6060, 0x2040, 0x1861, 0x2081, 0x2081, 0x28C1, 0x30C2, 0x30E2, 0x3902,
  0x3923, 0x4143, 0x4163, 0x4963, 0x4963, 0x4983, 0x5183, 0x4963, 0x5163, 0x5142, 0x5963, 0x5983, 0x5962, 0x5922, 0x5902, 0x5901,
  0x5963, 0x5963, 0x5963, 0x5963, 0x5983, 0x5983, 0x5983, 0x5983, 0x5983, 0x6163, 0x6163, 0x6163, 0x6162, 0x6162, 0x6162, 0x6162,
  0x6162, 0x6962, 0x6982, 0x6982, 0x6983, 0x6983, 0x6983, 0x6983, 0x6982, 0x6982, 0x6982, 0x6962, 0x6942, 0x6942, 0x6921, 0x6941,
  0x6942, 0x7162, 0x7162, 0x7182, 0x7182, 0x7162, 0x6962, 0x6941, 0x6941, 0x6921, 0x6121, 0x6101, 0x58E1, 0x58E1, 0x58E1, 0x5901,
  0x5122, 0x5123, 0x5143, 0x4964, 0x4965, 0x4985, 0x4985, 0x5186, 0x5985, 0x6185, 0x69A5, 0x6185, 0x6165, 0x6965, 0x69A5, 0x71A5,
  0x6164, 0x79C5, 0x71C5, 0x6984, 0x6964, 0x71A5, 0x8206, 0x7A06, 0x7A27, 0x7207, 0x7A06, 0x8227, 0x8267, 0x8247, 0x8247, 0x7A47,
  0x8247, 0x8247, 0x8A67, 0x9267, 0x9267, 0x9287, 0x9267, 0x8A67, 0x8A47, 0x8247, 0x8227, 0x8227, 0x8227, 0x7A27, 0x7A26, 0x7A26,
  0x7206, 0x7206, 0x69E6, 0x61E6, 0x61E6, 0x59E6, 0x59E6, 0x59E6, 0x51E6, 0x51E6, 0x51E7, 0x5207, 0x5207, 0x5207, 0x5207, 0x5207,
  0x5A27, 0xA3EB, 0x93EC, 0x6288, 0x5A69, 0x5248, 0x49A5, 0x6A68, 0x41C6, 0x20C3, 0x3104, 0x4145, 0x3881, 0xAA05, 0xEDD4, 0xAC6F,
  0x4124, 0x92E9, 0x69C5, 0x28C3, 0x2082, 0x5964, 0x30C2, 0x1882, 0x0841, 0x1083, 0x1883, 0x59A6, 0x59C6, 0x1841, 0x5882, 0xE286,
  0x7881, 0x5040, 0xB2A9, 0xE5D5, 0xECAF, 0xE3CC, 0xA2EB, 0xAC30, 0x9BAE, 0x9944, 0x7000, 0x78A2, 0xC1C7, 0xB34C, 0x80A2, 0xF3AC,
  0xDC0E, 0x4800, 0x5841, 0x9062, 0x7021, 0x5862, 0x5882, 0x91A7, 0x70C3, 0xC0A3, 0xC8C3, 0x4800, 0x3820, 0x3020, 0x2861, 0x0020,
  0x0000, 0x18A2, 0x1800, 0x3000, 0x6000, 0x6800, 0x5000, 0x4000, 0x3000, 0x1000, 0x0000, 0x0821, 0x0000, 0x0000, 0x0000, 0x0000,
  0x0021, 0x0021, 0x0000, 0x0001, 0x0021, 0x0000, 0x0021, 0x0042, 0x0001, 0x0021, 0x0041, 0x1083, 0x0000, 0x1883, 0x1062, 0x1861,
  0x28A3, 0x3061, 0x2840, 0x2862, 0x3861, 0x4840, 0x6840, 0x3040, 0x1061, 0x1881, 0x2081, 0x2081, 0x28C1, 0x30E2, 0x30E2, 0x3902,
  0x3923, 0x4143, 0x4163, 0x4983, 0x4983, 0x5184, 0x5183, 0x5183, 0x5183, 0x59A3, 0x59A3, 0x5963, 0x5902, 0x5902, 0x5942, 0x5942,
  0x5963, 0x5963, 0x5983, 0x5983, 0x5983, 0x5983, 0x5983, 0x6163, 0x6163, 0x6163, 0x6162, 0x6162, 0x6162, 0x6162, 0x6162, 0x6962,
  0x6962, 0x6982, 0x6983, 0x6983, 0x6983, 0x6983, 0x6983, 0x6982, 0x6982, 0x6962, 0x6962, 0x6942, 0x6921, 0x6921, 0x6941, 0x6942,
  0x7162, 0x7162, 0x7182, 0x7182, 0x7162, 0x6962, 0x6941, 0x6941, 0x6921, 0x6121, 0x6101, 0x60E1, 0x58E1, 0x58E1, 0x58E1, 0x5902,
  0x5122, 0x5143, 0x5144, 0x4964, 0x4965, 0x4965, 0x5185, 0x5186, 0x5985, 0x6185, 0x69A5, 0x6985, 0x6165, 0x6985, 0x6985, 0x79C5,
  0x6164, 0x69A5, 0x71C5, 0x69A5, 0x6984, 0x6964, 0x79E6, 0x8206, 0x7A06, 0x7A27, 0x7206, 0x7A06, 0x8247, 0x8267, 0x8247, 0x8247,
  0x7A47, 0x7A47, 0x8247, 0x8A67, 0x8A67, 0x8A67, 0x9287, 0x9287, 0x8A67, 0x8A47, 0x8247, 0x8247, 0x8227, 0x8227, 0x8227, 0x7A27,
  0x7A26, 0x7A26, 0x7206, 0x7206, 0x6A06, 0x61E6, 0x61E6, 0x59E6, 0x59E6, 0x59E6, 0x59E6, 0x51E6, 0x51E6, 0x51E7, 0x5207, 0x5207,
  0x5207, 0x93AB, 0x6AA9, 0x734C, 0x5249, 0x49A6, 0x6A68, 0x4186, 0x2904, 0x3144, 0x5185, 0x79C5, 0xA32A, 0x8288, 0x92A7, 0x9AE8,
  0x3924, 0x7207, 0x89C5, 0x4985, 0x4185, 0x30C2, 0x28A3, 0x0821, 0x0841, 0x1082, 0x3904, 0x4104, 0x3904, 0x60E4, 0xE246, 0xB922,
  0x58E3, 0x9A89, 0xDBEE, 0xDD33, 0xEC8F, 0xCC30, 0xABAF, 0xA30C, 0xBA68, 0xC123, 0x9841, 0x98A2, 0xD0A3, 0x98E3, 0x9904, 0xFAA9,
  0x78C2, 0x4800, 0xA862, 0xB0A3, 0x7041, 0x4021, 0x5861, 0x6082, 0x8820, 0xE1C6, 0x6862, 0x5000, 0x5841, 0x2020, 0x2861, 0x0000,
  0x0000, 0x0841, 0x2020, 0x4000, 0x5800, 0x5000, 0x4000, 0x3000, 0x2000, 0x0000, 0x0821, 0x0821, 0x0000, 0x0000, 0x0000, 0x0000,
  0x0021, 0x0021, 0x0000, 0x0021, 0x0042, 0x0000, 0x0001, 0x0042, 0x0000, 0x0021, 0x0863, 0x1062, 0x1882, 0x28C3, 0x1862, 0x2062,
  0x38A2, 0x3082, 0x3082, 0x2841, 0x4061, 0x5840, 0x5060, 0x0820, 0x1881, 0x2081, 0x20A1, 0x28A1, 0x28A1, 0x30E2, 0x3102, 0x3922,
  0x3923, 0x4143, 0x4963, 0x4984, 0x4983, 0x5163, 0x5183, 0x5983, 0x59A3, 0x5983, 0x5942, 0x5922, 0x5963, 0x61A3, 0x6183, 0x6163,
  0x5962, 0x5983, 0x5983, 0x5983, 0x6163, 0x6163, 0x6163, 0x6162, 0x6162, 0x6162, 0x6162, 0x6162, 0x6162, 0x6962, 0x6962, 0x6982,
  0x6983, 0x6983, 0x6983, 0x6983, 0x6983, 0x6982, 0x6982, 0x6982, 0x6962, 0x6942, 0x6942, 0x6921, 0x6921, 0x6942, 0x6942, 0x7162,
  0x7162, 0x7182, 0x7182, 0x7162, 0x6962, 0x6941, 0x6941, 0x6921, 0x6121, 0x6101, 0x6101, 0x58E1, 0x58E1, 0x58E1, 0x5901, 0x5102,
  0x5122, 0x5143, 0x5144, 0x4965, 0x4965, 0x4965, 0x5185, 0x5186, 0x5985, 0x6185, 0x61A5, 0x69A5, 0x6165, 0x6984, 0x6185, 0x71A5,
  0x6985, 0x6184, 0x79C5, 0x71C5, 0x6984, 0x6964, 0x6985, 0x79E6, 0x8206, 0x7A06, 0x7A27, 0x7206, 0x7A06, 0x8247, 0x8267, 0x8267,
  0x8247, 0x7A47, 0x7A47, 0x8247, 0x8A67, 0x8A67, 0x8A67, 0x9287, 0x9287, 0x9267, 0x8A67, 0x8A47, 0x8247, 0x8227, 0x8227, 0x8227,
  0x8227, 0x7A27, 0x7A26, 0x7A26, 0x7206, 0x7206, 0x6A06, 0x61E6, 0x61E6, 0x59E6, 0x59E6, 0x59E6, 0x59E6, 0x51E6, 0x51E6, 0x51E7,
  0x8B6A, 0x6AC9, 0x732C, 0x41E7, 0x3145, 0x5A69, 0x3945, 0x3104, 0x49C6, 0x59C6, 0x8206, 0xB38C, 0xFEB5, 0x79E5, 0x5185, 0x932A,
  0x28C3, 0x30A2, 0x7164, 0x4124, 0x3944, 0x1841, 0x1041, 0x0021, 0x0841, 0x20C3, 0x4145, 0x4905, 0x6925, 0xC102, 0xB943, 0x5861,
  0x61A6, 0xAB8E, 0xBB8D, 0xBB4D, 0xCC50, 0xABAE, 0x934D, 0xA289, 0xB8E2, 0x7820, 0x8041, 0x5000, 0x9800, 0x9041, 0x9862, 0xA000,
  0x5000, 0xB0A3, 0xD104, 0xC248, 0x8061, 0x5062, 0x4021, 0x5021, 0xB061, 0x9041, 0x6800, 0x6821, 0x3841, 0x2021, 0x20A2, 0x0000,
  0x0000, 0x0800, 0x2841, 0x4000, 0x4800, 0x4000, 0x2800, 0x3000, 0x0800, 0x0000, 0x0821, 0x0000, 0x0000, 0x0020, 0x0021, 0x0021,
  0x0000, 0x0021, 0x0021, 0x0021, 0x0021, 0x0021, 0x0021, 0x0021, 0x0000, 0x0862, 0x18C4, 0x0821, 0x28A3, 0x1021, 0x1041, 0x1861,
  0x2861, 0x3061, 0x4061, 0x4061, 0x4861, 0x5040, 0x1040, 0x1040, 0x1881, 0x20A1, 0x20A1, 0x28C1, 0x28C1, 0x30E2, 0x3102, 0x3923,
  0x4143, 0x4163, 0x4963, 0x4984, 0x5163, 0x5163, 0x5184, 0x5963, 0x5942, 0x5942, 0x5983, 0x59A4, 0x61A4, 0x61A3, 0x6183, 0x5963,
  0x5942, 0x58E1, 0x6163, 0x6163, 0x6163, 0x6162, 0x6142, 0x6162, 0x6162, 0x6162, 0x6162, 0x6962, 0x6962, 0x6982, 0x6983, 0x6983,
  0x6983, 0x6983, 0x6983, 0x6983, 0x6982, 0x6982, 0x6982, 0x6962, 0x6942, 0x6942, 0x6921, 0x6921, 0x6942, 0x6942, 0x7162, 0x7162,
  0x7182, 0x7182, 0x7162, 0x6962, 0x6941, 0x6941, 0x6941, 0x6121, 0x6101, 0x6101, 0x60E1, 0x58E1, 0x58E1, 0x58E1, 0x5902, 0x5122,
  0x5123, 0x5143, 0x4944, 0x4965, 0x4965, 0x4965, 0x5185, 0x5186, 0x5985, 0x6185, 0x61A5, 0x69A5, 0x6165, 0x6984, 0x6165, 0x71A5,
  0x71A5, 0x6164, 0x71C5, 0x71C5, 0x69A5, 0x7184, 0x6164, 0x71C5, 0x8206, 0x8206, 0x7A27, 0x7A27, 0x7206, 0x7A06, 0x8247, 0x8267,
  0x8267, 0x8247, 0x7A47, 0x7A47, 0x8247, 0x8A47, 0x8A67, 0x9267, 0x9267, 0x9287, 0x9287, 0x8A67, 0x8A47, 0x8247, 0x8247, 0x8227,
  0x8227, 0x8227, 0x8227, 0x7A27, 0x7A26, 0x7A26, 0x7206, 0x7206, 0x6A06, 0x61E6, 0x61E6, 0x59E6, 0x59E6, 0x59E6, 0x59E6, 0x51E6,
  0x6AA9, 0x5A8A, 0x3124, 0x3124, 0x49E6, 0x4124, 0x4985, 0x5A07, 0x51A6, 0x9268, 0x92C9, 0x51C6, 0x92E9, 0x99E4, 0x59C6, 0x8B6C,
  0x3904, 0x20A2, 0x4924, 0x28A2, 0x20A3, 0x1882, 0x0000, 0x1062, 0x1883, 0x38E4, 0x5186, 0x6945, 0xB923, 0xC923, 0x4020, 0x6144,
  0x8124, 0xA28B, 0xBBCF, 0x926A, 0x60E4, 0x9B4D, 0x8208, 0xDA26, 0x9841, 0x6020, 0x68A2, 0xAAAA, 0x8062, 0x7041, 0x6000, 0x6800,
  0xB228, 0xD9A6, 0xB0A3, 0x98C3, 0x6041, 0x4841, 0x3000, 0x4000, 0x6820, 0x5821, 0x8821, 0x6041, 0x4862, 0x3861, 0x0841, 0x0000,
  0x0000, 0x0020, 0x3082, 0x2800, 0x3000, 0x3800, 0x4020, 0x2000, 0x0000, 0x1041, 0x0000, 0x0000, 0x0000, 0x0001, 0x0000, 0x0000,
  0x0000, 0x0021, 0x0021, 0x0000, 0x0021, 0x0041, 0x0041, 0x0000, 0x0021, 0x1062, 0x1062, 0x1862, 0x2041, 0x2082, 0x1862, 0x3062,
  0x5082, 0x3040, 0x4061, 0x2840, 0x5040, 0x3040, 0x0840, 0x1861, 0x1881, 0x20A1, 0x28C2, 0x28E2, 0x28C2, 0x30E2, 0x3902, 0x3943,
  0x4143, 0x4163, 0x4964, 0x4984, 0x5184, 0x5163, 0x5122, 0x5143, 0x5983, 0x59C4, 0x59C4, 0x59A4, 0x61A4, 0x61A3, 0x5983, 0x5962,
  0x50A1, 0x6122, 0x6163, 0x6162, 0x6162, 0x6162, 0x6162, 0x6162, 0x6162, 0x6162, 0x6962, 0x6982, 0x6982, 0x6983, 0x6983, 0x6983,
  0x6983, 0x6983, 0x6982, 0x6982, 0x6982, 0x6962, 0x6962, 0x6942, 0x6921, 0x6921, 0x6941, 0x6942, 0x6962, 0x7162, 0x7162, 0x7182,
  0x7182, 0x7162, 0x6962, 0x6961, 0x6941, 0x6941, 0x6921, 0x6121, 0x6101, 0x6101, 0x58E1, 0x58E1, 0x58E1, 0x58E1, 0x5102, 0x5122,
  0x5143, 0x5143, 0x4964, 0x4965, 0x4985, 0x4965, 0x5186, 0x5186, 0x5985, 0x6185, 0x61A5, 0x69A5, 0x6165, 0x6964, 0x6965, 0x69A5,
  0x79C5, 0x6164, 0x6984, 0x79E5, 0x71A5, 0x6985, 0x6964, 0x6984, 0x79E6, 0x8206, 0x7A06, 0x7A27, 0x7A27, 0x7206, 0x7A06, 0x8247,
  0x8267, 0x8267, 0x8247, 0x7A47, 0x7A47, 0x8247, 0x8247, 0x8A67, 0x8A67, 0x8A67, 0x9287, 0x9287, 0x9267, 0x8A67, 0x8A47, 0x8247,
  0x8227, 0x8227, 0x8227, 0x8227, 0x7A27, 0x7A27, 0x7A26, 0x7A26, 0x7206, 0x7206, 0x6A06, 0x69E6, 0x61E6, 0x59E6, 0x59E6, 0x6289,
  0x41C7, 0x28E3, 0x4185, 0x51C6, 0x4964, 0x82C9, 0x7AA9, 0x5186, 0x38C3, 0x81C5, 0x9AA7, 0x6A27, 0x3924, 0x5944, 0x48E3, 0x59E7,
  0x49A6, 0x2082, 0x30C3, 0x30C3, 0x18A3, 0x0821, 0x0862, 0x1883, 0x38E4, 0x48E4, 0x69C7, 0x9903, 0xD143, 0x6041, 0x50E3, 0xAB8D,
  0xF40E, 0xDA48, 0xC38E, 0xC410, 0x89E7, 0xAAEB, 0xEB2A, 0xC0A1, 0x7021, 0x6041, 0xCC10, 0xDC92, 0x7021, 0x8862, 0x8861, 0x9986,
  0xEACB, 0xB821, 0x90A3, 0x8842, 0x6041, 0x4020, 0x6861, 0x9882, 0x5820, 0x5062, 0x5883, 0x4882, 0x60A2, 0x68C2, 0x0800, 0x0000,
  0x0000, 0x0000, 0x20A2, 0x1820, 0x2000, 0x3800, 0x2800, 0x0000, 0x0841, 0x1042, 0x0000, 0x0000, 0x0000, 0x0021, 0x0001, 0x0000,
  0x0021, 0x0000, 0x0021, 0x1083, 0x0841, 0x0021, 0x0842, 0x0000, 0x0842, 0x0863, 0x0841, 0x1861, 0x1862, 0x2062, 0x3082, 0x2041,
  0x2820, 0x3840, 0x4861, 0x3820, 0x4041, 0x0820, 0x1060, 0x1861, 0x1881, 0x20A1, 0x20C1, 0x3102, 0x30E2, 0x30E2, 0x3922, 0x3943,
  0x4143, 0x4163, 0x4983, 0x4984, 0x51A4, 0x5143, 0x5183, 0x59C4, 0x59C4, 0x59C4, 0x59C4, 0x59A4, 0x59A4, 0x61A3, 0x61A3, 0x58E2,
  0x58E1, 0x6982, 0x6101, 0x6162, 0x6162, 0x6162, 0x6162, 0x6162, 0x6962, 0x6982, 0x6982, 0x6983, 0x6983, 0x6983, 0x6983, 0x6983,
  0x6982, 0x6982, 0x6982, 0x6982, 0x6962, 0x6942, 0x6942, 0x6921, 0x6921, 0x6941, 0x6942, 0x6962, 0x7162, 0x7182, 0x7182, 0x7182,
  0x7162, 0x6962, 0x6961, 0x6941, 0x6941, 0x6921, 0x6121, 0x6101, 0x6101, 0x58E1, 0x58E1, 0x58E1, 0x58E1, 0x5902, 0x5122, 0x5123,
  0x5143, 0x5144, 0x4964, 0x4965, 0x4985, 0x4965, 0x5186, 0x5186, 0x5985, 0x6185, 0x6185, 0x69A5, 0x6185, 0x6165, 0x6985, 0x6985,
  0x71C5, 0x6985, 0x6164, 0x71C5, 0x71C5, 0x69A5, 0x7184, 0x6964, 0x69A5, 0x79E6, 0x8206, 0x7A06, 0x7A27, 0x7A27, 0x7206, 0x7A06,
  0x8247, 0x8267, 0x8267, 0x8247, 0x8247, 0x7A47, 0x8247, 0x8247, 0x8A67, 0x8A67, 0x8A67, 0x9267, 0x9287, 0x9287, 0x8A67, 0x8A47,
  0x8A47, 0x8247, 0x8227, 0x8227, 0x8227, 0x8227, 0x7A27, 0x7A27, 0x7A26, 0x7A26, 0x7206, 0x7206, 0x6A06, 0x69E6, 0x5A89, 0x3165,
  0x2903, 0x51E6, 0x6227, 0x6207, 0x72CA, 0x6269, 0x3903, 0x5965, 0x6985, 0x89E5, 0xBBEC, 0xDD51, 0x7AA9, 0x3904, 0x61A5, 0x2882,
  0x4965, 0x1061, 0x1062, 0x1882, 0x0821, 0x0842, 0x1062, 0x28A3, 0x69A7, 0x5104, 0x78A2, 0xE1E5, 0x8020, 0x5082, 0x6104, 0xDA47,
  0xE2A8, 0xA9A5, 0xDCF3, 0xFEFB, 0xB2CB, 0xD1E6, 0xC081, 0x8041, 0x78A2, 0x9A07, 0xFE17, 0x90E3, 0x8861, 0xEAA9, 0xA924, 0x5841,
  0xD905, 0xA041, 0x9083, 0x8022, 0x5021, 0x6800, 0xD964, 0xC965, 0x7021, 0x88C4, 0x58A3, 0x40A3, 0x3062, 0x2861, 0x0000, 0x0000,
  0x0000, 0x0000, 0x1061, 0x1841, 0x2000, 0x2800, 0x0000, 0x0000, 0x0000, 0x0000, 0x0000, 0x0000, 0x0000, 0x0021, 0x0001, 0x0000,
  0x0021, 0x0000, 0x0021, 0x1083, 0x0021, 0x0021, 0x0021, 0x0000, 0x0021, 0x0821, 0x1882, 0x1862, 0x1841, 0x1020, 0x3882, 0x2882,
  0x3041, 0x4861, 0x4041, 0x6081, 0x1820, 0x0840, 0x1060, 0x1861, 0x2081, 0x20A1, 0x20C2, 0x28E2, 0x3123, 0x30E2, 0x3902, 0x3923,
  0x4143, 0x4163, 0x4963, 0x4963, 0x5163, 0x5163, 0x59C4, 0x59C4, 0x59C4, 0x59C4, 0x59C4, 0x59C4, 0x59C4, 0x61C4, 0x6163, 0x6122,
  0x69A3, 0x6982, 0x6121, 0x6901, 0x6162, 0x6162, 0x6962, 0x6982, 0x6982, 0x6983, 0x6983, 0x6983, 0x6983, 0x6983, 0x6983, 0x6982,
  0x6982, 0x6982, 0x6962, 0x6962, 0x6942, 0x6922, 0x6921, 0x6921, 0x6942, 0x6942, 0x7162, 0x7162, 0x7182, 0x7182, 0x7182, 0x7162,
  0x6962, 0x6961, 0x6941, 0x6941, 0x6921, 0x6121, 0x6101, 0x6101, 0x60E1, 0x58E1, 0x58E1, 0x58E1, 0x58E1, 0x5902, 0x5122, 0x5123,
  0x5143, 0x4944, 0x4964, 0x4965, 0x4985, 0x4965, 0x5186, 0x5186, 0x5985, 0x6185, 0x6185, 0x69A5, 0x6185, 0x6165, 0x6984, 0x6185,
  0x71A5, 0x71A5, 0x6164, 0x69A5, 0x79E5, 0x71A5, 0x6985, 0x6984, 0x6164, 0x71C5, 0x8206, 0x8206, 0x7A06, 0x7A27, 0x7A07, 0x7206,
  0x7A06, 0x8247, 0x8267, 0x8267, 0x8247, 0x8247, 0x7A47, 0x7A47, 0x8247, 0x8A47, 0x8A67, 0x9267, 0x9267, 0x9287, 0x9287, 0x9267,
  0x8A67, 0x8A47, 0x8247, 0x8247, 0x8227, 0x8227, 0x8227, 0x8227, 0x7A27, 0x7A27, 0x7A26, 0x7A26, 0x7206, 0x7206, 0x3985, 0x3103,
  0x59E6, 0x6A88, 0x6248, 0x49C6, 0x4944, 0x6923, 0x8943, 0xAAE9, 0x8A88, 0xAB2A, 0x71A5, 0xB349, 0x8A67, 0x20C3, 0x4945, 0x3903,
  0x1041, 0x1041, 0x1062, 0x0821, 0x1042, 0x1883, 0x1862, 0x4904, 0x7A6A, 0x7965, 0xDAA8, 0x8861, 0x48A3, 0x6986, 0x9228, 0xDAEA,
  0x8985, 0x3000, 0x81E7, 0xC32B, 0xD309, 0xC943, 0x7000, 0x8861, 0x7061, 0x80E3, 0xC9A6, 0x8020, 0xD1C6, 0xF554, 0xD268, 0x8882,
  0xA842, 0x9820, 0x7021, 0x5821, 0x5041, 0xB020, 0xF041, 0x9000, 0x5062, 0x7883, 0x5083, 0x40C3, 0x2862, 0x1082, 0x0000, 0x0000,
  0x0000, 0x0000, 0x0020, 0x1882, 0x1800, 0x0800, 0x0000, 0x0800, 0x0821, 0x0000, 0x0000, 0x0000, 0x0841, 0x0021, 0x0000, 0x0021,
  0x0862, 0x0021, 0x0841, 0x1062, 0x0021, 0x0842, 0x0000, 0x0021, 0x18A4, 0x0841, 0x1041, 0x1841, 0x1862, 0x2882, 0x48A2, 0x2041,
  0x4840, 0x5861, 0x5040, 0x3040, 0x0000, 0x1040, 0x1060, 0x1861, 0x1881, 0x20A1, 0x20C2, 0x28C2, 0x28E2, 0x3103, 0x38E2, 0x3923,
  0x4143, 0x4143, 0x4943, 0x4983, 0x5183, 0x51A4, 0x51C4, 0x59C4, 0x59C4, 0x59C4, 0x59C4, 0x59A4, 0x61A4, 0x6183, 0x58E2, 0x6162,
  0x6162, 0x6142, 0x6142, 0x60E1, 0x6962, 0x6982, 0x6982, 0x6983, 0x6983, 0x6983, 0x6983, 0x6983, 0x6983, 0x6982, 0x6982, 0x6982,
  0x6982, 0x6962, 0x6942, 0x6942, 0x6921, 0x6921, 0x6921, 0x6942, 0x6942, 0x7162, 0x7162, 0x7182, 0x7182, 0x7182, 0x7162, 0x6962,
  0x6961, 0x6941, 0x6941, 0x6921, 0x6121, 0x6121, 0x6101, 0x6101, 0x58E1, 0x58E1, 0x58E1, 0x58E1, 0x5902, 0x5102, 0x5122, 0x5143,
  0x5143, 0x4964, 0x4965, 0x4965, 0x4985, 0x4965, 0x5186, 0x5186, 0x5985, 0x5985, 0x6185, 0x69A5, 0x6185, 0x6165, 0x6984, 0x6165,
  0x69A5, 0x79C5, 0x6984, 0x6184, 0x79C5, 0x71C5, 0x69A5, 0x7184, 0x6964, 0x6985, 0x79E6, 0x8206, 0x8206, 0x7A27, 0x7A27, 0x7206,
  0x7206, 0x7A06, 0x8247, 0x8267, 0x8267, 0x8247, 0x8247, 0x7A47, 0x7A47, 0x8247, 0x8A47, 0x8A67, 0x8A67, 0x8A67, 0x9287, 0x9287,
  0x9287, 0x8A67, 0x8A47, 0x8A47, 0x8247, 0x8227, 0x8227, 0x8227, 0x8227, 0x8227, 0x7A27, 0x7A27, 0x7A26, 0x41A6, 0x4144, 0x6228,
  0x5A27, 0x4165, 0x4124, 0x58E3, 0xA226, 0x9184, 0xA205, 0xEBEA, 0x6143, 0x30A2, 0x930B, 0x5923, 0x6964, 0x20A3, 0x20C3, 0x30E3,
  0x2082, 0x0841, 0x0821, 0x0841, 0x18A3, 0x2882, 0x5166, 0x7A49, 0x6021, 0xCA05, 0x8903, 0x4062, 0x61C8, 0x828B, 0x7A8A, 0x8B2C,
  0x82AA, 0x5986, 0x4820, 0xC9C4, 0xD184, 0x7000, 0x9186, 0xD2CA, 0xA082, 0x5800, 0x8800, 0xA0A2, 0xFD95, 0xCBAE, 0xD1C6, 0xB0C2,
  0x7001, 0x9821, 0x5020, 0x3821, 0x8021, 0xE082, 0xE882, 0x7821, 0x4882, 0x70C4, 0x50C3, 0x38A3, 0x2082, 0x1082, 0x0000, 0x0000,
  0x0000, 0x0000, 0x0000, 0x28E3, 0x0800, 0x0000, 0x0000, 0x0821, 0x0821, 0x0000, 0x0000, 0x0021, 0x0021, 0x0021, 0x0021, 0x0021,
  0x0021, 0x0842, 0x10A3, 0x0021, 0x0842, 0x0862, 0x0000, 0x0821, 0x1062, 0x2062, 0x1041, 0x1841, 0x30A3, 0x3882, 0x3041, 0x3882,
  0x3841, 0x5061, 0x4840, 0x0000, 0x0820, 0x0840, 0x1040, 0x1861, 0x1881, 0x2081, 0x20C2, 0x28C2, 0x28E2, 0x3102, 0x38E2, 0x3902,
  0x4123, 0x4143, 0x4983, 0x4984, 0x5183, 0x51A4, 0x51A4, 0x59C4, 0x59C4, 0x59C4, 0x59C4, 0x59C4, 0x61C4, 0x6143, 0x6183, 0x6163,
  0x6122, 0x6902, 0x60E1, 0x60C1, 0x5880, 0x6983, 0x6983, 0x6983, 0x6983, 0x6983, 0x6983, 0x6983, 0x6982, 0x6982, 0x6982, 0x6962,
  0x6962, 0x6942, 0x6942, 0x6921, 0x6921, 0x6941, 0x6942, 0x6942, 0x7162, 0x7162, 0x7182, 0x7182, 0x7182, 0x7162, 0x6962, 0x6961,
  0x6941, 0x6941, 0x6941, 0x6921, 0x6121, 0x6101, 0x6101, 0x60E1, 0x58E1, 0x58E1, 0x58E1, 0x58E1, 0x5902, 0x5122, 0x5123, 0x5143,
  0x5144, 0x4964, 0x4965, 0x4965, 0x4965, 0x4965, 0x5186, 0x5186, 0x5985, 0x5985, 0x6185, 0x69A5, 0x6985, 0x6165, 0x6964, 0x6965,
  0x6985, 0x71C5, 0x71A5, 0x6164, 0x71A5, 0x79E6, 0x71A5, 0x6985, 0x6984, 0x6164, 0x69A5, 0x79E6, 0x8206, 0x7A06, 0x7A27, 0x7A27,
  0x7206, 0x7A06, 0x7A26, 0x8247, 0x8267, 0x8267, 0x8247, 0x8247, 0x7A47, 0x7A47, 0x8247, 0x8247, 0x8A67, 0x8A67, 0x8A67, 0x9267,
  0x9287, 0x9287, 0x9267, 0x8A67, 0x8A47, 0x8247, 0x8247, 0x8227, 0x8227, 0x8227, 0x8227, 0x8227, 0x4185, 0x51A6, 0x7289, 0x41A6,
  0x5124, 0x7944, 0x9163, 0xD3AA, 0xCB6A, 0x8B0A, 0x4145, 0x9B09, 0xBBCB, 0x1861, 0x6A48, 0x51A6, 0x4124, 0x20A3, 0x1041, 0x1862,
  0x1862, 0x0820, 0x0000, 0x1062, 0x28C4, 0x48C3, 0x8A6A, 0x7145, 0xC9C4, 0xB0C1, 0x6841, 0x9AAA, 0xB3F0, 0xB410, 0xAC31, 0x8ACB,
  0xB40F, 0xAB2C, 0x7861, 0xD984, 0x7800, 0x6800, 0xAB0B, 0xDC91, 0xDA69, 0xA8E3, 0x6000, 0xA1C6, 0xD3AD, 0xC124, 0xD207, 0xD144,
  0x6800, 0x6020, 0x4020, 0x6041, 0xB841, 0xFAA8, 0xC8E3, 0x6821, 0x50A3, 0x58C4, 0x48C4, 0x40C3, 0x28A2, 0x0841, 0x0000, 0x0000,
  0x0000, 0x0000, 0x0000, 0x0861, 0x0020, 0x0000, 0x0000, 0x0821, 0x0000, 0x0000, 0x0000, 0x0021, 0x0000, 0x0041, 0x0842, 0x0021,
  0x0842, 0x0862, 0x0862, 0x0841, 0x1083, 0x0842, 0x0000, 0x0841, 0x0821, 0x2041, 0x1841, 0x1041, 0x1841, 0x3041, 0x3061, 0x3861,
  0x4061, 0x5041, 0x2020, 0x0000, 0x0820, 0x1040, 0x1060, 0x1861, 0x1881, 0x2081, 0x20A2, 0x28E2, 0x28E2, 0x3102, 0x3902, 0x3902,
  0x4143, 0x4163, 0x4963, 0x4983, 0x51A4, 0x51C4, 0x51C4, 0x59C4, 0x59A4, 0x59C4, 0x59C4, 0x61E4, 0x6183, 0x61A4, 0x69E4, 0x69A3,
  0x6983, 0x6982, 0x6982, 0x69A2, 0x6101, 0x58A0, 0x6983, 0x6983, 0x6983, 0x6983, 0x6982, 0x6982, 0x6982, 0x6982, 0x6962, 0x6962,
  0x6942, 0x6922, 0x6921, 0x6921, 0x6941, 0x6942, 0x6962, 0x7162, 0x7162, 0x7182, 0x7182, 0x7182, 0x7162, 0x7162, 0x6961, 0x6941,
  0x6941, 0x6941, 0x6921, 0x6121, 0x6101, 0x6101, 0x60E1, 0x58E1, 0x58E1, 0x58E1, 0x58E1, 0x5901, 0x5102, 0x5122, 0x5123, 0x5143,
  0x5144, 0x4964, 0x4965, 0x4965, 0x4965, 0x4985, 0x5186, 0x5186, 0x5985, 0x5985, 0x6185, 0x69A5, 0x69A5, 0x6165, 0x6964, 0x6985,
  0x6985, 0x71A5, 0x71A5, 0x6164, 0x6984, 0x79C5, 0x71C5, 0x69A5, 0x6984, 0x6964, 0x6984, 0x71C5, 0x8206, 0x8206, 0x7A06, 0x7A27,
  0x7A27, 0x7206, 0x7A06, 0x7A26, 0x8247, 0x8267, 0x8267, 0x8247, 0x8247, 0x7A47, 0x7A47, 0x8247, 0x8247, 0x8A67, 0x8A67, 0x9267,
  0x8A67, 0x9287, 0x9287, 0x9287, 0x8A67, 0x8A67, 0x8A47, 0x8247, 0x8247, 0x8227, 0x8227, 0x4164, 0x59C6, 0x72AA, 0x4985, 0x6123,
  0xDAE6, 0xEBE9, 0xB246, 0xD46D, 0xF591, 0x71C5, 0x18A2, 0x1021, 0x9246, 0x8A26, 0x2082, 0x28A3, 0x28C3, 0x3103, 0x1041, 0x1041,
  0x1082, 0x0841, 0x1082, 0x2083, 0x40C3, 0x81C7, 0x60A3, 0xA123, 0xDA06, 0x8861, 0x8186, 0x92CB, 0x92EC, 0xCC92, 0xABF0, 0x8ACB,
  0x8165, 0xA9A6, 0xD1E6, 0x8841, 0xA9A6, 0xDD32, 0xE573, 0xE5D6, 0xAB0B, 0x80C2, 0x6020, 0xC2AA, 0xD1A5, 0xF3CD, 0xF32B, 0xD082,
  0x7820, 0x5020, 0x4000, 0x7021, 0xA8A2, 0xD1A5, 0x7800, 0x5862, 0x3883, 0x70E4, 0x8924, 0x48A3, 0x2082, 0x0000, 0x0000, 0x0000,
  0x0000, 0x0000, 0x0000, 0x18C3, 0x0861, 0x0000, 0x0821, 0x0000, 0x0000, 0x0000, 0x0000, 0x0000, 0x0020, 0x0842, 0x0862, 0x0021,
  0x0883, 0x1083, 0x0021, 0x0841, 0x0862, 0x0000, 0x0842, 0x1863, 0x1883, 0x1041, 0x1041, 0x3082, 0x2861, 0x3841, 0x3041, 0x3041,
  0x5861, 0x4020, 0x0000, 0x0000, 0x0820, 0x1040, 0x1061, 0x1881, 0x20A1, 0x20A1, 0x20A1, 0x28C2, 0x30C2, 0x3102, 0x3123, 0x3902,
  0x4123, 0x4163, 0x4983, 0x49A4, 0x51A4, 0x51C4, 0x59C4, 0x59C4, 0x59C4, 0x59C4, 0x59C4, 0x59A4, 0x6183, 0x61E4, 0x6183, 0x69A3,
  0x69C3, 0x69C3, 0x69C3, 0x69A3, 0x6982, 0x6101, 0x68A0, 0x6983, 0x6982, 0x6982, 0x6982, 0x6982, 0x6962, 0x6962, 0x6942, 0x6942,
  0x6921, 0x6921, 0x6921, 0x6941, 0x6942, 0x6962, 0x7162, 0x7162, 0x7182, 0x7182, 0x7182, 0x7162, 0x7162, 0x6962, 0x6941, 0x6941,
  0x6941, 0x6921, 0x6121, 0x6121, 0x6101, 0x6101, 0x58E1, 0x58E1, 0x58E1, 0x58E1, 0x58E1, 0x5902, 0x5122, 0x5122, 0x5143, 0x5143,
  0x4944, 0x4964, 0x4965, 0x4985, 0x4965, 0x4985, 0x5186, 0x5186, 0x5985, 0x5985, 0x6185, 0x69A5, 0x69A5, 0x6165, 0x6165, 0x6985,
  0x6185, 0x71A5, 0x79C5, 0x6984, 0x6164, 0x71C5, 0x79E5, 0x71A5, 0x6985, 0x7184, 0x6964, 0x6985, 0x79E6, 0x8206, 0x8206, 0x7A06,
  0x7A27, 0x7A27, 0x7206, 0x7A06, 0x7A26, 0x8247, 0x8267, 0x8267, 0x8247, 0x8247, 0x7A47, 0x7A47, 0x8247, 0x8247, 0x8A47, 0x8A67,
  0x8A67, 0x8A67, 0x9267, 0x9287, 0x9287, 0x9267, 0x8A67, 0x8A47, 0x8A47, 0x49C6, 0x4144, 0x5185, 0x5A08, 0x4104, 0x7164, 0xB1E4,
  0xF52E, 0xCD31, 0x61E6, 0xAB49, 0xCB48, 0x79C5, 0x1862, 0x2904, 0x38E3, 0x6123, 0x1041, 0x1062, 0x1862, 0x30C3, 0x1041, 0x0820,
  0x0841, 0x18A3, 0x28E4, 0x40C3, 0x8A49, 0x8186, 0x8881, 0xC0E2, 0x9041, 0x8104, 0x7A29, 0x7A8B, 0x7249, 0xBC71, 0xDD13, 0xCC0F,
  0x88A2, 0xC164, 0x9081, 0x7000, 0xCB6C, 0xE572, 0xBC2F, 0xB430, 0x89A7, 0x99E6, 0x70A2, 0x7800, 0xE1E6, 0xF34B, 0xD0A2, 0xB041,
  0x5020, 0x3800, 0x7821, 0x6000, 0x4800, 0x6000, 0x5021, 0x7904, 0x48C3, 0x8144, 0xB1A5, 0x3861, 0x1020, 0x0000, 0x0000, 0x0000,
  0x0000, 0x0000, 0x0000, 0x1082, 0x10A2, 0x0000, 0x0820, 0x0000, 0x0000, 0x0000, 0x0000, 0x0021, 0x0862, 0x0021, 0x0862, 0x0862,
  0x0862, 0x0862, 0x0842, 0x0883, 0x0021, 0x0021, 0x1062, 0x1042, 0x1041, 0x2882, 0x1841, 0x3041, 0x2861, 0x3061, 0x3041, 0x3841,
  0x6061, 0x1820, 0x0000, 0x0000, 0x0820, 0x1040, 0x1040, 0x1881, 0x20A1, 0x28E2, 0x28C2, 0x28A1, 0x30E2, 0x3102, 0x3102, 0x3923,
  0x3902, 0x4163, 0x4984, 0x4984, 0x51A4, 0x51C4, 0x59C4, 0x59C4, 0x59C4, 0x59E4, 0x59E4, 0x59C4, 0x61E4, 0x61A4, 0x69A3, 0x69E4,
  0x69C3, 0x69C3, 0x69C3, 0x69A3, 0x6982, 0x7182, 0x60C0, 0x70A0, 0x6982, 0x6982, 0x6982, 0x6962, 0x6962, 0x6942, 0x6942, 0x6921,
  0x6921, 0x6921, 0x6942, 0x6942, 0x6962, 0x7162, 0x7162, 0x7182, 0x7182, 0x7182, 0x7162, 0x7162, 0x6962, 0x6961, 0x6941, 0x6941,
  0x6921, 0x6921, 0x6121, 0x6101, 0x6101, 0x60E1, 0x58E1, 0x58E1, 0x58E1, 0x58E1, 0x5901, 0x5102, 0x5122, 0x5123, 0x5143, 0x5144,
  0x4964, 0x4965, 0x4965, 0x4985, 0x4965, 0x5185, 0x5186, 0x5186, 0x5985, 0x5985, 0x6185, 0x69A5, 0x69A5, 0x6185, 0x6165, 0x6984,
  0x6165, 0x69A5, 0x71C5, 0x71A5, 0x6164, 0x6985, 0x79C5, 0x71C5, 0x69A5, 0x6984, 0x6964, 0x6164, 0x71A5, 0x79E6, 0x8206, 0x8206,
  0x7A07, 0x7A27, 0x7A27, 0x7206, 0x7A06, 0x7A26, 0x8247, 0x8267, 0x8267, 0x8247, 0x8247, 0x7A47, 0x7A47, 0x8247, 0x8247, 0x8A47,
  0x8A67, 0x8A67, 0x8A67, 0x9267, 0x9287, 0x9287, 0x9287, 0x5A28, 0x49C6, 0x3924, 0x5964, 0x4903, 0x4924, 0x81E5, 0xCAE7, 0x8A05,
  0x5185, 0x6A89, 0x30E3, 0x30E3, 0x5903, 0x7964, 0x4924, 0x41A7, 0x2904, 0x30A3, 0x30E3, 0x1062, 0x1882, 0x2082, 0x1041, 0x0841,
  0x1882, 0x30E4, 0x40C3, 0x6145, 0x6966, 0x90A2, 0xE226, 0x8861, 0x7966, 0x9B6D, 0x8AEC, 0xABF0, 0xC4D3, 0xD554, 0xC3AE, 0xC2CA,
  0xD144, 0x8820, 0x7061, 0x99A6, 0xB30B, 0xBBAE, 0x8A6A, 0x6966, 0x70A3, 0xCB8E, 0xAA28, 0x4800, 0xB8E3, 0xC8A2, 0xA000, 0x7000,
  0x3000, 0x5000, 0xB882, 0xB882, 0x7800, 0x6021, 0x5021, 0x7124, 0x50E4, 0x3882, 0x3862, 0x2062, 0x1061, 0x0000, 0x0000, 0x0000,
  0x0000, 0x0000, 0x0000, 0x0020, 0x18C3, 0x0000, 0x0000, 0x0000, 0x0000, 0x0821, 0x0000, 0x0021, 0x0862, 0x0842, 0x0862, 0x10A3,
  0x18C4, 0x0842, 0x0841, 0x1083, 0x0001, 0x1062, 0x0821, 0x1041, 0x2082, 0x2882, 0x2082, 0x1841, 0x2041, 0x4881, 0x3841, 0x6881,
  0x4840, 0x0000, 0x0000, 0x0000, 0x0820, 0x1040, 0x1040, 0x1861, 0x1881, 0x20C2, 0x28E2, 0x28E2, 0x3102, 0x3103, 0x3103, 0x3923,
  0x3902, 0x4143, 0x49A4, 0x49A4, 0x51A4, 0x51C4, 0x51C4, 0x51A4, 0x59A4, 0x59A4, 0x59C4, 0x61A4, 0x61C4, 0x6183, 0x69C3, 0x69C3,
  0x69C3, 0x69C3, 0x69C3, 0x69A3, 0x6982, 0x6982, 0x6982, 0x6921, 0x68A0, 0x6962, 0x6962, 0x6942, 0x6942, 0x6922, 0x6921, 0x6921,
  0x6941, 0x6942, 0x6942, 0x7162, 0x7162, 0x7162, 0x7182, 0x7182, 0x7182, 0x7162, 0x7162, 0x6962, 0x6961, 0x6941, 0x6941, 0x6941,
  0x6921, 0x6121, 0x6101, 0x6101, 0x6101, 0x58E1, 0x58E1, 0x58E1, 0x58E1, 0x58E1, 0x5902, 0x5102, 0x5122, 0x5123, 0x5143, 0x5144,
  0x4964, 0x4965, 0x4965, 0x4985, 0x4965, 0x5185, 0x5186, 0x5185, 0x5985, 0x5985, 0x6185, 0x69A5, 0x69A5, 0x6185, 0x6165, 0x6984,
  0x6965, 0x6985, 0x71A5, 0x71A5, 0x6164, 0x6184, 0x71C5, 0x79E5, 0x71A5, 0x6985, 0x7184, 0x6964, 0x6984, 0x71C5, 0x8206, 0x8206,
  0x7A06, 0x7A27, 0x7A27, 0x7A27, 0x7206, 0x7A06, 0x7A26, 0x8247, 0x8267, 0x8267, 0x8247, 0x8247, 0x7A47, 0x7A47, 0x7A47, 0x8247,
  0x8247, 0x8A67, 0x8A67, 0x9267, 0x8A67, 0x5207, 0x49C6, 0x3965, 0x4965, 0x7A06, 0x6144, 0x61A5, 0x81C6, 0xB287, 0xE4CD, 0x82A8,
  0x72CB, 0x7B4C, 0x3903, 0x30E3, 0x3944, 0x38C2, 0x40C3, 0x18A3, 0x1882, 0x20A2, 0x28A3, 0x1062, 0x1082, 0x1041, 0x0820, 0x20A2,
  0x4966, 0x48E4, 0x7166, 0x7166, 0x6820, 0xC984, 0x8061, 0x58E4, 0x61C8, 0x726A, 0x6A4A, 0x936D, 0xD534, 0xE533, 0x9207, 0xB0E2,
  0xA8E2, 0x7882, 0x9165, 0xBBCE, 0xD4F2, 0xD3CE, 0x9125, 0x78E4, 0xCB6E, 0xE34D, 0xD9E6, 0x8040, 0xA041, 0x8800, 0x8000, 0x6000,
  0x5000, 0xA861, 0xD8A3, 0xE104, 0xB800, 0x7862, 0x5862, 0x4821, 0x3821, 0x2021, 0x1000, 0x1882, 0x0841, 0x0000, 0x0000, 0x0000,
  0x0000, 0x0000, 0x0000, 0x0000, 0x0861, 0x0000, 0x0000, 0x0000, 0x0000, 0x0001, 0x0841, 0x0842, 0x0841, 0x0862, 0x0862, 0x1083,
  0x10A3, 0x0862, 0x0862, 0x0021, 0x0021, 0x0842, 0x1041, 0x1041, 0x3082, 0x2062, 0x3062, 0x3082, 0x3061, 0x2841, 0x3841, 0x6861,
  0x1800, 0x0000, 0x0000, 0x0000, 0x0820, 0x0820, 0x1040, 0x1861, 0x1881, 0x20A1, 0x28C2, 0x28E2, 0x3123, 0x3923, 0x3923, 0x3923,
  0x3923, 0x4123, 0x49A4, 0x51A4, 0x51A4, 0x51A4, 0x51A4, 0x59A4, 0x59A4, 0x59A4, 0x59A4, 0x61C4, 0x61C4, 0x61C4, 0x69E4, 0x69E4,
  0x69E4, 0x69E3, 0x69E3, 0x69C3, 0x69A3, 0x69A3, 0x6982, 0x6982, 0x6941, 0x60A0, 0x6942, 0x6942, 0x6921, 0x6921, 0x6921, 0x6941,
  0x6942, 0x6942, 0x7162, 0x7162, 0x7162, 0x7182, 0x7182, 0x7182, 0x7162, 0x7162, 0x6962, 0x6961, 0x6941, 0x6941, 0x6941, 0x6921,
  0x6121, 0x6101, 0x6101, 0x6101, 0x58E1, 0x58E1, 0x58E1, 0x58E1, 0x58E1, 0x5901, 0x5902, 0x5122, 0x5123, 0x5143, 0x5143, 0x4944,
  0x4964, 0x4965, 0x4965, 0x4985, 0x4965, 0x5185, 0x5186, 0x5185, 0x5985, 0x5985, 0x6185, 0x61A5, 0x69A5, 0x6185, 0x6165, 0x6964,
  0x6985, 0x6185, 0x71A5, 0x79C5, 0x6984, 0x6164, 0x69A5, 0x79C5, 0x71C5, 0x69A5, 0x6984, 0x6984, 0x6164, 0x69A5, 0x79E6, 0x8206,
  0x8206, 0x7A06, 0x7A27, 0x7A27, 0x7207, 0x7206, 0x7A06, 0x7A27, 0x8247, 0x8267, 0x8267, 0x8247, 0x8247, 0x8247, 0x7A47, 0x7A47,
  0x8247, 0x8247, 0x8A67, 0x7B2B, 0x5228, 0x3124, 0x30E3, 0x5144, 0x71C6, 0x7A07, 0x7A27, 0x7144, 0xA226, 0xCBEB, 0xB40E, 0x3082,
  0x6A69, 0x7289, 0x30E3, 0x2082, 0x20A2, 0x20A3, 0x20A2, 0x18A2, 0x20E3, 0x18A2, 0x1041, 0x0841, 0x0821, 0x1882, 0x28C3, 0x5187,
  0x40E5, 0x6104, 0x8A49, 0x7882, 0xE1E4, 0xC1C6, 0x7925, 0x82CB, 0x6A29, 0x728A, 0x72AC, 0x9B6E, 0xE574, 0xDC2F, 0xD1E6, 0xB0A2,
  0x6820, 0xBA68, 0x78E3, 0x4841, 0xA289, 0xE40F, 0xA8C3, 0xB28A, 0xB30C, 0xD208, 0xF38C, 0xB964, 0x8020, 0x6020, 0x5000, 0x5000,
  0xA841, 0xE8E3, 0xF103, 0xB000, 0x6862, 0x68E4, 0x4882, 0x4082, 0x3841, 0x1800, 0x1020, 0x10A2, 0x0000, 0x0000, 0x0000, 0x0000,
  0x0000, 0x0000, 0x0000, 0x0000, 0x0020, 0x0841, 0x0000, 0x0000, 0x0000, 0x0000, 0x0842, 0x1083, 0x0842, 0x1083, 0x1083, 0x18C4,
  0x0842, 0x0842, 0x1083, 0x0000, 0x1883, 0x0841, 0x1862, 0x1862, 0x1841, 0x2041, 0x38A2, 0x2841, 0x4061, 0x40A2, 0x5061, 0x3820,
  0x0000, 0x0000, 0x0000, 0x0820, 0x0820, 0x0820, 0x1040, 0x1060, 0x1861, 0x20A1, 0x20A1, 0x28C2, 0x28E2, 0x3103, 0x3923, 0x3943,
  0x3943, 0x4123, 0x4163, 0x51A4, 0x51A4, 0x51A4, 0x51C4, 0x59C4, 0x59C4, 0x59E4, 0x59E4, 0x6204, 0x61E4, 0x61C4, 0x69E4, 0x69E4,
  0x69E4, 0x69E4, 0x69E3, 0x69C3, 0x69A3, 0x69A3, 0x69A2, 0x6962, 0x6101, 0x58A0, 0x5820, 0x6921, 0x6921, 0x6921, 0x6941, 0x6942,
  0x6942, 0x7162, 0x7162, 0x7162, 0x7182, 0x7182, 0x7182, 0x7162, 0x7162, 0x6962, 0x6961, 0x6941, 0x6941, 0x6941, 0x6921, 0x6121,
  0x6121, 0x6101, 0x6101, 0x60E1, 0x58E1, 0x58E1, 0x58E1, 0x58E1, 0x58E1, 0x5902, 0x5102, 0x5122, 0x5123, 0x5143, 0x5143, 0x4944,
  0x4964, 0x4965, 0x4965, 0x4965, 0x4965, 0x5185, 0x5186, 0x5185, 0x5985, 0x5985, 0x6185, 0x61A5, 0x69A5, 0x6185, 0x6165, 0x6964,
  0x6985, 0x6185, 0x69A5, 0x79C5, 0x71A5, 0x6164, 0x6984, 0x79C5, 0x79E5, 0x71A5, 0x6985, 0x7184, 0x6964, 0x6964, 0x71A5, 0x79E6,
  0x8206, 0x8206, 0x7A06, 0x7A27, 0x7A27, 0x7206, 0x7206, 0x7A06, 0x7A27, 0x8247, 0x8267, 0x8267, 0x8247, 0x8247, 0x8247, 0x7A47,
  0x7A47, 0x72EA, 0x5A28, 0x3965, 0x3104, 0x4103, 0x6984, 0x71C6, 0x6165, 0x8A89, 0x99E6, 0xB2C7, 0xDC2B, 0x69C5, 0x5165, 0x5985,
  0x2082, 0x28C3, 0x20A2, 0x28A2, 0x38C3, 0x1882, 0x28C3, 0x1882, 0x1882, 0x20C3, 0x0841, 0x0841, 0x1882, 0x38E4, 0x61C8, 0x38A3,
  0x4986, 0xA269, 0x6800, 0xB860, 0xA081, 0x6905, 0x826A, 0x69C7, 0x8249, 0x8B0C, 0xBCB2, 0xCD34, 0xB36D, 0xCA07, 0xC0C2, 0x7000,
  0xC206, 0xDB6C, 0xAAA9, 0x4800, 0x928A, 0xE4D1, 0xC985, 0xB269, 0x78C3, 0xE268, 0xEA27, 0xD103, 0xA061, 0x5840, 0x3800, 0x9061,
  0xD8E3, 0xF165, 0xCA07, 0x7862, 0x6104, 0x80E4, 0x9145, 0x60E3, 0x3082, 0x2821, 0x1841, 0x0841, 0x0000, 0x0000, 0x0000, 0x0000,
  0x0000, 0x0000, 0x0000, 0x0000, 0x0020, 0x0861, 0x0000, 0x0000, 0x0000, 0x0841, 0x1062, 0x0821, 0x0842, 0x10A3, 0x1083, 0x0862,
  0x0021, 0x0863, 0x1083, 0x0000, 0x0842, 0x1862, 0x2082, 0x1862, 0x2082, 0x4081, 0x50C3, 0x3061, 0x3061, 0x4020, 0x6060, 0x0800,
  0x0000, 0x0000, 0x0000, 0x0820, 0x0800, 0x0820, 0x1040, 0x1040, 0x1861, 0x1881, 0x20A1, 0x28A1, 0x28C2, 0x28E2, 0x3102, 0x3923,
  0x3943, 0x4143, 0x4143, 0x49A4, 0x49A4, 0x49A4, 0x51C4, 0x51A4, 0x59C4, 0x59E4, 0x59E4, 0x6205, 0x61C4, 0x61E4, 0x69E4, 0x69E4,
  0x69C4, 0x69C3, 0x69C3, 0x69C3, 0x71C3, 0x71E3, 0x7182, 0x6101, 0x60E1, 0x60E1, 0x60A0, 0x5840, 0x6921, 0x6942, 0x6942, 0x6962,
  0x7162, 0x7162, 0x7162, 0x7182, 0x7182, 0x7182, 0x7162, 0x7162, 0x6962, 0x6961, 0x6941, 0x6941, 0x6941, 0x6921, 0x6921, 0x6121,
  0x6101, 0x6101, 0x6101, 0x58E1, 0x58E1, 0x58E1, 0x58E1, 0x58E1, 0x5901, 0x5902, 0x5122, 0x5122, 0x5123, 0x5143, 0x5144, 0x4964,
  0x4965, 0x4965, 0x4965, 0x4965, 0x4965, 0x5186, 0x5186, 0x5185, 0x5985, 0x5985, 0x6185, 0x61A5, 0x69A5, 0x6185, 0x6165, 0x6165,
  0x6984, 0x6165, 0x6985, 0x71A5, 0x71A5, 0x6984, 0x6164, 0x71A5, 0x79E5, 0x71C5, 0x69A5, 0x6985, 0x6984, 0x6964, 0x6985, 0x71C5,
  0x81E6, 0x8206, 0x8206, 0x7A07, 0x7A27, 0x7A27, 0x7206, 0x7206, 0x7A06, 0x8227, 0x8247, 0x8267, 0x8267, 0x8247, 0x8247, 0x830B,
  0x6269, 0x3945, 0x20A2, 0x30C2, 0x69A5, 0x8A47, 0x79E5, 0x79C6, 0x81A5, 0x9184, 0xEC8B, 0xEE54, 0x9288, 0xA309, 0x30C3, 0x3904,
  0x38E4, 0x20C3, 0x20E3, 0x2061, 0x6985, 0x2082, 0x2082, 0x1862, 0x1041, 0x1041, 0x0000, 0x20A3, 0x38E4, 0x61A7, 0x40C4, 0x4083,
  0xC289, 0xD103, 0xC8C2, 0x8040, 0x4841, 0xA125, 0xBA49, 0xA30C, 0x9AEB, 0x7229, 0xA30C, 0xCBEF, 0xE30B, 0xC8C2, 0x6800, 0xC267,
  0xCA88, 0xA269, 0xF6DA, 0xCB8D, 0x6020, 0x7020, 0xD0E4, 0xD1A6, 0xD1E8, 0xFD73, 0xE9A5, 0xB800, 0x6820, 0x4000, 0x7820, 0xC062,
  0xD062, 0xA882, 0x88C4, 0x68C3, 0x6925, 0x8125, 0xD248, 0x7904, 0x30A3, 0x2041, 0x1041, 0x0000, 0x0000, 0x0000, 0x0000, 0x0000,
  0x0000, 0x0000, 0x0000, 0x0000, 0x0000, 0x0020, 0x0000, 0x0000, 0x0021, 0x0841, 0x0020, 0x0821, 0x1062, 0x10A3, 0x18C3, 0x0021,
  0x0883, 0x1083, 0x0021, 0x0000, 0x0821, 0x1021, 0x3082, 0x1862, 0x2862, 0x3061, 0x2800, 0x5061, 0x4082, 0x6861, 0x2020, 0x0000,
  0x0000, 0x0000, 0x0000, 0x0820, 0x0820, 0x0820, 0x1040, 0x1061, 0x1861, 0x1881, 0x2081, 0x20A1, 0x28C2, 0x28C2, 0x30E2, 0x3102,
  0x3923, 0x3943, 0x4143, 0x4963, 0x49A4, 0x4984, 0x51A4, 0x51A4, 0x59E4, 0x59E4, 0x59E4, 0x61C4, 0x61E4, 0x6205, 0x6A05, 0x6A04,
  0x6A04, 0x69E4, 0x69E4, 0x69E4, 0x71E4, 0x7162, 0x7162, 0x71A3, 0x6901, 0x60E1, 0x6121, 0x60E1, 0x5840, 0x4000, 0x6962, 0x7162,
  0x7162, 0x7182, 0x7182, 0x7182, 0x7182, 0x7162, 0x7162, 0x6962, 0x6961, 0x6941, 0x6941, 0x6941, 0x6921, 0x6921, 0x6121, 0x6101,
  0x6101, 0x6101, 0x60E1, 0x58E1, 0x58E1, 0x58E1, 0x58E1, 0x58E1, 0x5902, 0x5102, 0x5122, 0x5123, 0x5143, 0x5143, 0x5144, 0x4964,
  0x4965, 0x4965, 0x4985, 0x4965, 0x4965, 0x5186, 0x5186, 0x5185, 0x5985, 0x5985, 0x6185, 0x61A5, 0x69A5, 0x69A5, 0x6165, 0x6165,
  0x6984, 0x6965, 0x6985, 0x71A5, 0x79C5, 0x6985, 0x6164, 0x6985, 0x79C5, 0x79C5, 0x71A5, 0x6985, 0x7184, 0x6964, 0x6164, 0x69A5,
  0x79E6, 0x8206, 0x8206, 0x7A06, 0x7A27, 0x7A27, 0x7A27, 0x7206, 0x7206, 0x7A06, 0x8227, 0x8247, 0x8267, 0x7AEB, 0x5A28, 0x3944,
  0x3104, 0x4144, 0x71E5, 0xA2C8, 0x81E6, 0x9248, 0xAA46, 0xB2A7, 0xC38A, 0xBB69, 0x8A66, 0xA34A, 0x69A4, 0x59E7, 0x3944, 0x1062,
  0x4104, 0x28A2, 0x20A3, 0x3904, 0x30C3, 0x28E3, 0x0841, 0x1041, 0x0020, 0x18A3, 0x28E4, 0x38C4, 0x6186, 0x5986, 0x50E4, 0x98E3,
  0xB020, 0xA860, 0x9923, 0x70C3, 0x6061, 0x6000, 0xB0A3, 0xEAC9, 0x9ACA, 0x7A49, 0xC32B, 0xD164, 0xE9C6, 0x8000, 0xB9E6, 0xE34A,
  0x81A7, 0xA34D, 0xBC92, 0xA2CB, 0x9965, 0x5000, 0x9041, 0xF207, 0xF40E, 0xEAC9, 0xC8C3, 0x8000, 0x4820, 0x8841, 0xB8A2, 0xA882,
  0x9083, 0x7904, 0xBB4C, 0xA248, 0x7166, 0x6925, 0x70E4, 0x48A3, 0x3082, 0x1841, 0x1082, 0x0000, 0x0000, 0x0000, 0x0000, 0x0000,
  0x0000, 0x0000, 0x0000, 0x0000, 0x0000, 0x0841, 0x0021, 0x0000, 0x0821, 0x0862, 0x0021, 0x0821, 0x18C4, 0x18E4, 0x0021, 0x0862,
  0x0862, 0x0862, 0x0021, 0x0862, 0x18A3, 0x1882, 0x2061, 0x30A2, 0x2062, 0x30A2, 0x3061, 0x3841, 0x6061, 0x4020, 0x0000, 0x0000,
  0x0000, 0x0000, 0x0000, 0x0841, 0x0820, 0x0820, 0x0820, 0x1061, 0x1861, 0x1861, 0x2081, 0x20A1, 0x28C2, 0x28E2, 0x28E2, 0x3102,
  0x3902, 0x3943, 0x4123, 0x4143, 0x49A4, 0x51A4, 0x51A4, 0x51A4, 0x59C4, 0x59E4, 0x59E4, 0x59C4, 0x6205, 0x6205, 0x6204, 0x6A04,
  0x6A04, 0x6A04, 0x69E4, 0x69E4, 0x6942, 0x6962, 0x79E3, 0x7142, 0x7162, 0x6942, 0x6121, 0x6921, 0x68E1, 0x6860, 0x4800, 0x7162,
  0x7182, 0x7182, 0x7182, 0x7182, 0x7162, 0x7162, 0x6962, 0x6961, 0x6941, 0x6941, 0x6941, 0x6941, 0x6921, 0x6121, 0x6121, 0x6101,
  0x6101, 0x60E1, 0x58E1, 0x58E1, 0x58E1, 0x58E1, 0x58E1, 0x58E1, 0x5902, 0x5102, 0x5122, 0x5123, 0x5143, 0x5143, 0x4944, 0x4964,
  0x4965, 0x4965, 0x4985, 0x4965, 0x4965, 0x5186, 0x5186, 0x5185, 0x5985, 0x5985, 0x6185, 0x6185, 0x69A5, 0x69A5, 0x6185, 0x6165,
  0x6984, 0x6985, 0x6185, 0x69A5, 0x79C5, 0x71A5, 0x6164, 0x6184, 0x71A5, 0x79E5, 0x71C5, 0x69A5, 0x6985, 0x6984, 0x6964, 0x6984,
  0x71A5, 0x79E6, 0x8206, 0x8206, 0x7A06, 0x7A27, 0x7A27, 0x7A27, 0x7206, 0x7A06, 0x7A06, 0x834C, 0x6269, 0x3924, 0x28A2, 0x3103,
  0x69C5, 0xAAE8, 0xAB2A, 0x9AC9, 0x7985, 0x99C5, 0xC349, 0xB328, 0xDD0F, 0x71A5, 0x1882, 0x3924, 0x7A06, 0x20A2, 0x3145, 0x3124,
  0x1841, 0x5185, 0x28C3, 0x28A2, 0x1862, 0x1061, 0x0841, 0x0841, 0x0841, 0x20A3, 0x5166, 0x7A29, 0x40C3, 0x3842, 0xB9A5, 0xE943,
  0x7800, 0x70A2, 0xAA89, 0xCAC9, 0xC268, 0x9103, 0x6000, 0xB143, 0xEB09, 0xDBAC, 0xF52F, 0xF205, 0x9040, 0xA9A5, 0xD32A, 0xA2AB,
  0xBC51, 0x8ACB, 0x6082, 0xA9C7, 0xE32B, 0xB2A9, 0x4800, 0xB881, 0xFB6A, 0xD8E2, 0x8800, 0x5020, 0x6000, 0xD082, 0xC861, 0xA862,
  0x91A7, 0x6946, 0x81E7, 0xC3CD, 0x6105, 0x48E4, 0x48E4, 0x40E4, 0x2862, 0x1862, 0x1082, 0x0000, 0x0000, 0x0000, 0x0000, 0x0000,
  0x0000, 0x0000, 0x0000, 0x0000, 0x0000, 0x0020, 0x1082, 0x0000, 0x0841, 0x0020, 0x0841, 0x0842, 0x0862, 0x0862, 0x0842, 0x10A3,
  0x0862, 0x0041, 0x0842, 0x0842, 0x2082, 0x28A3, 0x1021, 0x3882, 0x40C3, 0x3041, 0x4061, 0x4841, 0x6061, 0x0000, 0x0000, 0x0000,
  0x0000, 0x0000, 0x0000, 0x0021, 0x0821, 0x0820, 0x0820, 0x1040, 0x1861, 0x1861, 0x1881, 0x2081, 0x28C2, 0x28E2, 0x28E2, 0x3102,
  0x3102, 0x3923, 0x3902, 0x4122, 0x4963, 0x4963, 0x51C4, 0x51C4, 0x59C4, 0x59E4, 0x59E5, 0x59E4, 0x6205, 0x61E4, 0x61E4, 0x6A04,
  0x6A04, 0x6A04, 0x6A04, 0x69A3, 0x6962, 0x71E3, 0x6942, 0x7142, 0x7982, 0x7142, 0x6921, 0x6921, 0x6921, 0x68E0, 0x6860, 0x4800,
  0x7182, 0x7182, 0x7182, 0x7162, 0x7162, 0x6962, 0x6961, 0x6941, 0x6941, 0x6941, 0x6941, 0x6921, 0x6121, 0x6121, 0x6101, 0x6101,
  0x6101, 0x58E1, 0x58E1, 0x58E1, 0x58E1, 0x58E1, 0x58E1, 0x5902, 0x5902, 0x5122, 0x5122, 0x5123, 0x5143, 0x5144, 0x4944, 0x4964,
  0x4965, 0x4965, 0x4985, 0x4965, 0x4985, 0x5186, 0x5186, 0x5185, 0x5985, 0x5985, 0x6185, 0x6185, 0x69A5, 0x69A5, 0x6185, 0x6165,
  0x6964, 0x6985, 0x6185, 0x69A5, 0x71A5, 0x71A5, 0x6984, 0x6164, 0x69A5, 0x79C5, 0x71C5, 0x71A5, 0x6985, 0x7184, 0x6984, 0x6964,
  0x6985, 0x71C5, 0x81E6, 0x8206, 0x8206, 0x7A06, 0x7A27, 0x7A27, 0x7A27, 0x7206, 0x6269, 0x4165, 0x28C2, 0x28A2, 0x59A5, 0x79E5,
  0xBB08, 0x9268, 0x5103, 0x7964, 0x8164, 0xC46F, 0x9B8B, 0x40C3, 0x7184, 0x8A46, 0x3924, 0x1882, 0x7A68, 0x51A6, 0x18A3, 0x6A27,
  0x28C2, 0x2082, 0x1862, 0x1041, 0x1041, 0x0020, 0x0821, 0x1883, 0x28C3, 0x40C4, 0x6145, 0x6986, 0x4862, 0xA124, 0xE163, 0x7800,
  0x5040, 0x89E7, 0xCCB1, 0xD36B, 0xE36A, 0xDA27, 0xDB2B, 0x98C2, 0x6800, 0xB9C5, 0xF328, 0x7020, 0x8800, 0xF40D, 0xCBAD, 0xA2CC,
  0xB3D0, 0x9A08, 0xC9A6, 0xF30C, 0xF3EE, 0xF44E, 0x9123, 0x7800, 0xE8E2, 0xC840, 0x6800, 0x4000, 0x9000, 0xD000, 0xEA47, 0xA966,
  0x9229, 0x6125, 0x6145, 0x89E7, 0x6966, 0x40E4, 0x38C4, 0x30A3, 0x2062, 0x1882, 0x0000, 0x0000, 0x0000, 0x0000, 0x0000, 0x0000,
  0x0000, 0x0000, 0x0000, 0x0000, 0x0000, 0x0000, 0x1082, 0x0841, 0x0021, 0x0020, 0x0841, 0x18C3, 0x1062, 0x0021, 0x18C4, 0x18C3,
  0x0862, 0x0821, 0x0841, 0x20A3, 0x28C3, 0x1821, 0x2082, 0x3041, 0x4081, 0x3082, 0x4820, 0x6861, 0x1800, 0x0000, 0x0000, 0x0000,
  0x0000, 0x0000, 0x0000, 0x0000, 0x0821, 0x0820, 0x0820, 0x1040, 0x1861, 0x1861, 0x1881, 0x2081, 0x20C2, 0x28C2, 0x28E2, 0x3102,
  0x3102, 0x3102, 0x3902, 0x3943, 0x4143, 0x4963, 0x51A4, 0x51E4, 0x51E4, 0x51C4, 0x59E4, 0x59E4, 0x59E5, 0x61E4, 0x61E4, 0x61E4,
  0x6A04, 0x6A04, 0x69E4, 0x6982, 0x7204, 0x71C3, 0x7182, 0x71A3, 0x71A3, 0x71A3, 0x7182, 0x7182, 0x7182, 0x7161, 0x6900, 0x68A0,
  0x5820, 0x3000, 0x7162, 0x7162, 0x6962, 0x6961, 0x6961, 0x6941, 0x6941, 0x6941, 0x6921, 0x6921, 0x6121, 0x6101, 0x6101, 0x6101,
  0x60E1, 0x58E1, 0x58E1, 0x58E1, 0x58E1, 0x58E1, 0x58E1, 0x5902, 0x5102, 0x5122, 0x5123, 0x5143, 0x5143, 0x5144, 0x4964, 0x4964,
  0x4965, 0x4965, 0x4985, 0x4965, 0x4985, 0x5186, 0x5186, 0x5185, 0x5985, 0x5985, 0x6185, 0x6185, 0x69A5, 0x69A5, 0x6185, 0x6165,
  0x6964, 0x6985, 0x6965, 0x6985, 0x71A5, 0x79C5, 0x6985, 0x6164, 0x6184, 0x71C5, 0x79E5, 0x71C5, 0x69A5, 0x6985, 0x7184, 0x6964,
  0x6164, 0x69A5, 0x79E6, 0x8206, 0x8206, 0x7A06, 0x7A06, 0x7B2C, 0x5A28, 0x4165, 0x30E3, 0x20C2, 0x4124, 0x8288, 0x92E9, 0x71E6,
  0x7144, 0x9226, 0xAA25, 0xFD70, 0x92E9, 0x59C7, 0x5A28, 0x2082, 0x5165, 0xA30A, 0x7A68, 0x20C3, 0x20A2, 0x2082, 0x1062, 0x38C3,
  0x28A2, 0x1041, 0x1041, 0x1041, 0x0821, 0x0841, 0x28E4, 0x30A3, 0x6145, 0x79A7, 0x48C3, 0x5042, 0xC1C5, 0xEA46, 0x7840, 0x68A2,
  0xA2EA, 0xAB0B, 0xC40F, 0xD4B1, 0xF5F4, 0xCAE9, 0xED73, 0xF2E9, 0x98E3, 0x6000, 0x6000, 0x6881, 0xB103, 0xB8C2, 0xA924, 0xB9C7,
  0xA1A7, 0xD208, 0xD124, 0xE32C, 0xF533, 0xE247, 0xDA27, 0x6800, 0x9820, 0x9000, 0x5000, 0x8041, 0xB841, 0xC903, 0xB164, 0x70C3,
  0x7966, 0x6125, 0x6145, 0xA2AA, 0x7186, 0x4904, 0x40E4, 0x30A3, 0x1861, 0x0861, 0x0000, 0x0000, 0x0000, 0x0000, 0x0000, 0x0000,
  0x0000, 0x0000, 0x0000, 0x0000, 0x0000, 0x0000, 0x0841, 0x0862, 0x0000, 0x0841, 0x0841, 0x0841, 0x0021, 0x0862, 0x1083, 0x1082,
  0x1062, 0x0821, 0x0821, 0x28A3, 0x30E4, 0x2082, 0x30C3, 0x2882, 0x2861, 0x4861, 0x7061, 0x3020, 0x0000, 0x0000, 0x0000, 0x0000,
  0x0000, 0x0001, 0x0000, 0x0000, 0x0021, 0x0840, 0x0820, 0x0840, 0x1040, 0x1861, 0x1881, 0x1861, 0x20C2, 0x28C2, 0x28E2, 0x2902,
  0x3102, 0x30E2, 0x3923, 0x3923, 0x4143, 0x4984, 0x4984, 0x49A4, 0x51C4, 0x59E4, 0x59E4, 0x59C4, 0x59E4, 0x6205, 0x61E4, 0x6204,
  0x61E4, 0x61E4, 0x69A3, 0x69A3, 0x71E4, 0x71E4, 0x7224, 0x7204, 0x7203, 0x79E3, 0x79E3, 0x79C3, 0x71A2, 0x71A2, 0x7181, 0x7161,
  0x7920, 0x6060, 0x3000, 0x6962, 0x6962, 0x6961, 0x6941, 0x6941, 0x6941, 0x6921, 0x6921, 0x6121, 0x6101, 0x6101, 0x6101, 0x6101,
  0x58E1, 0x58E1, 0x58E1, 0x58E1, 0x58E1, 0x58E1, 0x5901, 0x5902, 0x5122, 0x5122, 0x5123, 0x5143, 0x5143, 0x5144, 0x4964, 0x4965,
  0x4965, 0x4965, 0x4985, 0x4965, 0x4985, 0x5186, 0x5186, 0x5185, 0x5985, 0x5985, 0x6185, 0x6185, 0x69A5, 0x69A5, 0x6185, 0x6165,
  0x6165, 0x6984, 0x6965, 0x6985, 0x71A5, 0x79C5, 0x71A5, 0x6164, 0x6164, 0x69A5, 0x79C5, 0x71C5, 0x71A5, 0x6985, 0x6984, 0x6984,
  0x6964, 0x6985, 0x71C5, 0x79E6, 0x7AC9, 0x72EB, 0x5208, 0x3944, 0x28E3, 0x3924, 0x4944, 0x69C5, 0x81E6, 0x69C5, 0x7185, 0x8184,
  0xC2E8, 0xC42D, 0x79C6, 0x9288, 0xBBCB, 0x59C6, 0x49E7, 0x49A6, 0x28A2, 0x40E3, 0x6144, 0x20A2, 0x1041, 0x28C3, 0x1882, 0x1882,
  0x1062, 0x18A3, 0x0841, 0x0821, 0x1062, 0x18A3, 0x3904, 0x6986, 0x6966, 0x71C7, 0x5062, 0xB963, 0xEA25, 0x7820, 0x78A2, 0xCA67,
  0xCBCD, 0xCC0E, 0xB34C, 0x92CA, 0xCC2E, 0xCB2A, 0xDB2A, 0xEB0A, 0xF32A, 0x8841, 0x6860, 0xD3CC, 0xDBED, 0xD36C, 0x8882, 0x5800,
  0x7820, 0xDA07, 0xD2EA, 0xE248, 0xDAA9, 0xE247, 0xE185, 0x7800, 0x4000, 0x4000, 0x6020, 0xC841, 0xC081, 0xD34B, 0x9104, 0x7125,
  0x7966, 0x7986, 0x6166, 0x6146, 0x5104, 0x40C4, 0x38C3, 0x2082, 0x1041, 0x0000, 0x0000, 0x0000, 0x0000, 0x0000, 0x0000, 0x0000,
  0x0000, 0x0000, 0x0000, 0x0000, 0x0000, 0x0000, 0x0000, 0x0861, 0x0020, 0x0821, 0x0862, 0x0841, 0x0000, 0x0862, 0x0842, 0x1083,
  0x0841, 0x1062, 0x1883, 0x20A2, 0x1841, 0x30E4, 0x2061, 0x3061, 0x3882, 0x5041, 0x6061, 0x0000, 0x0000, 0x0000, 0x0000, 0x0000,
  0x0000, 0x0021, 0x0000, 0x0000, 0x0000, 0x0841, 0x0820, 0x0820, 0x1040, 0x1040, 0x1861, 0x1861, 0x20A2, 0x20C2, 0x28C2, 0x28C2,
  0x28E2, 0x30C2, 0x3922, 0x3902, 0x3943, 0x4163, 0x4164, 0x4984, 0x49A4, 0x51A4, 0x59E4, 0x5A05, 0x59E4, 0x59E4, 0x61E4, 0x61E4,
  0x59E4, 0x59C3, 0x6183, 0x61C4, 0x6A04, 0x7225, 0x7224, 0x7204, 0x7204, 0x7A03, 0x79E3, 0x79E3, 0x79E3, 0x79C3, 0x79A2, 0x7182,
  0x7981, 0x7140, 0x60A0, 0x4020, 0x2800, 0x6941, 0x6941, 0x6941, 0x6921, 0x6921, 0x6121, 0x6121, 0x6101, 0x6101, 0x6101, 0x60E1,
  0x58E1, 0x58E1, 0x58E1, 0x58E1, 0x58E1, 0x58E1, 0x5902, 0x5102, 0x5122, 0x5122, 0x5123, 0x5143, 0x5143, 0x4944, 0x4964, 0x4965,
  0x4965, 0x4965, 0x4965, 0x4965, 0x5185, 0x5186, 0x5186, 0x5185, 0x5985, 0x5985, 0x6185, 0x6185, 0x69A5, 0x69A5, 0x6185, 0x6165,
  0x6165, 0x6984, 0x6985, 0x6185, 0x69A5, 0x71C5, 0x71A5, 0x6984, 0x6164, 0x6984, 0x79C5, 0x79E6, 0x71C5, 0x69A5, 0x6985, 0x7184,
  0x7A06, 0x7226, 0x72A9, 0x6AAA, 0x49C7, 0x3124, 0x28C3, 0x28E3, 0x4103, 0x71A5, 0x8206, 0x69A5, 0x6185, 0x6943, 0xAA67, 0xB2C8,
  0xCBCB, 0xB3CC, 0x5A07, 0x3125, 0x7A06, 0x7A47, 0x1882, 0x6207, 0x4144, 0x0821, 0x28A2, 0x30E3, 0x1062, 0x2082, 0x1862, 0x1062,
  0x1082, 0x1061, 0x1082, 0x18A3, 0x20C4, 0x3883, 0x7166, 0x6125, 0x3882, 0x68A2, 0xEA25, 0xD162, 0x7841, 0x88E2, 0xD3EE, 0xEE16,
  0xEC8F, 0xBB6C, 0x8228, 0x61C7, 0xB3AE, 0xD470, 0xDB0A, 0xE903, 0xC082, 0x8881, 0xED11, 0xDD12, 0xCD13, 0x8228, 0xBA69, 0x80A2,
  0x5800, 0xD985, 0xE288, 0xE2E9, 0xEBAD, 0xD985, 0xD000, 0x9000, 0x4840, 0x4000, 0x9841, 0xB841, 0xB0A3, 0x9104, 0x7125, 0x6105,
  0x9ACA, 0xB32B, 0x58C4, 0x6166, 0x5904, 0x40C3, 0x48C3, 0x3082, 0x0821, 0x0000, 0x0000, 0x0000, 0x0000, 0x0000, 0x0000, 0x0000,
  0x0000, 0x0000, 0x0000, 0x0000, 0x0000, 0x0000, 0x0000, 0x0840, 0x0841, 0x0000, 0x0021, 0x0021, 0x0842, 0x10A3, 0x1082, 0x0841,
  0x0841, 0x1862, 0x38C4, 0x28C3, 0x1862, 0x3061, 0x48C2, 0x3882, 0x4020, 0x6881, 0x1000, 0x0000, 0x0000, 0x0000, 0x0000, 0x0000,
  0x0000, 0x0000, 0x0021, 0x0000, 0x0000, 0x0841, 0x0841, 0x0820, 0x0840, 0x1040, 0x1061, 0x1040, 0x18A1, 0x20A2, 0x20A2, 0x28C2,
  0x28C2, 0x28A1, 0x3102, 0x3902, 0x3923, 0x3943, 0x4143, 0x4163, 0x49A4, 0x5184, 0x5184, 0x59C4, 0x5A05, 0x5A05, 0x59E4, 0x61E4,
  0x59C4, 0x61A3, 0x61C4, 0x6A04, 0x7204, 0x7224, 0x7224, 0x7224, 0x7204, 0x7A04, 0x7A04, 0x7A04, 0x79E3, 0x79E3, 0x79C3, 0x79C2,
  0x7982, 0x7161, 0x6941, 0x68E0, 0x5840, 0x4000, 0x2000, 0x6941, 0x6921, 0x6121, 0x6121, 0x6101, 0x6101, 0x6101, 0x60E1, 0x58E1,
  0x58E1, 0x58E1, 0x58E1, 0x58E1, 0x58E1, 0x5901, 0x5902, 0x5102, 0x5122, 0x5123, 0x5143, 0x5143, 0x5144, 0x4964, 0x4964, 0x4965,
  0x4965, 0x4985, 0x4965, 0x4965, 0x5185, 0x5186, 0x5186, 0x5185, 0x5985, 0x5985, 0x6185, 0x6185, 0x69A5, 0x69A5, 0x6185, 0x6165,
  0x6165, 0x6984, 0x6985, 0x6185, 0x6985, 0x71A5, 0x79C5, 0x71A5, 0x6164, 0x6184, 0x71A5, 0x79C5, 0x71C5, 0x6184, 0x71C5, 0x7247,
  0x6AA9, 0x5A49, 0x3986, 0x28E3, 0x28C3, 0x28C3, 0x30E3, 0x5185, 0x8A47, 0xA288, 0x6103, 0x6124, 0x89A4, 0xBAE8, 0xABAC, 0x5964,
  0x59A5, 0xCBCB, 0x9A88, 0x4165, 0x30E4, 0x4985, 0x20A2, 0x38E3, 0x61A5, 0x1861, 0x20A3, 0x20A2, 0x1862, 0x1041, 0x1061, 0x18C3,
  0x0841, 0x1082, 0x2105, 0x30A3, 0x6105, 0x7166, 0x6925, 0x48E4, 0x5021, 0xDA46, 0xC143, 0x5000, 0x68C2, 0xDAC8, 0xE490, 0xC30A,
  0xE3AC, 0x9A07, 0x6965, 0x40E4, 0xA34D, 0xE4B1, 0xECB0, 0xF248, 0x7800, 0xAB8C, 0xD533, 0xAB4C, 0xBC0F, 0x6104, 0xB3AE, 0xEB4B,
  0x9861, 0xA061, 0xB000, 0xE1E6, 0xF144, 0xD000, 0xB000, 0x7820, 0x4000, 0x6800, 0x8000, 0xA021, 0x8946, 0x6966, 0x6146, 0x5105,
  0x7208, 0x8228, 0x6966, 0x8966, 0x60E4, 0x38C3, 0x48C3, 0x2862, 0x0020, 0x0000, 0x0000, 0x0000, 0x0000, 0x0000, 0x0000, 0x0000,
  0x0000, 0x0000, 0x0000, 0x0000, 0x0000, 0x0000, 0x0000, 0x0000, 0x0861, 0x0021, 0x0000, 0x0000, 0x10A3, 0x1082, 0x0021, 0x0000,
  0x0842, 0x1882, 0x2862, 0x1821, 0x38C3, 0x3082, 0x3061, 0x4061, 0x5020, 0x3040, 0x0000, 0x0021, 0x0000, 0x0000, 0x0000, 0x0000,
  0x0000, 0x0000, 0x0021, 0x0021, 0x0000, 0x0000, 0x0862, 0x1061, 0x0820, 0x0840, 0x1040, 0x1040, 0x1881, 0x1881, 0x2081, 0x20C2,
  0x28C2, 0x28C1, 0x30E2, 0x3102, 0x3903, 0x3923, 0x3943, 0x4143, 0x4163, 0x4963, 0x49A4, 0x5183, 0x51A4, 0x59C4, 0x59C4, 0x61C4,
  0x61C4, 0x61E4, 0x6204, 0x6A04, 0x6A04, 0x7224, 0x7224, 0x7224, 0x7224, 0x7224, 0x7A04, 0x7A04, 0x7A04, 0x79E3, 0x79E3, 0x79C3,
  0x79A2, 0x7182, 0x7161, 0x6961, 0x6920, 0x68A0, 0x5020, 0x2800, 0x1800, 0x6121, 0x6101, 0x6101, 0x6101, 0x6101, 0x58E1, 0x58E1,
  0x58E1, 0x58E1, 0x58E1, 0x58E1, 0x58E1, 0x5902, 0x5102, 0x5122, 0x5122, 0x5123, 0x5143, 0x5143, 0x5144, 0x4964, 0x4964, 0x4965,
  0x4965, 0x4985, 0x4965, 0x4965, 0x5185, 0x5186, 0x5186, 0x5185, 0x5985, 0x5985, 0x6185, 0x6185, 0x69A5, 0x69A5, 0x6985, 0x6185,
  0x6165, 0x6964, 0x6985, 0x6965, 0x6985, 0x71A5, 0x79C5, 0x71A5, 0x6984, 0x6164, 0x7164, 0x71A4, 0x61A5, 0x6207, 0x62AA, 0x5229,
  0x3145, 0x20A3, 0x20A2, 0x3103, 0x5164, 0x8A06, 0x8A68, 0x8247, 0x91C6, 0x9A06, 0xA225, 0xD3EB, 0x89E5, 0x7184, 0xA2E9, 0x3903,
  0x4924, 0xB38B, 0xAA46, 0x5965, 0x18C3, 0x28A3, 0x4145, 0x20A2, 0x2861, 0x1861, 0x1041, 0x2082, 0x2082, 0x20E4, 0x1083, 0x0821,
  0x1062, 0x1062, 0x38A3, 0x7125, 0x7966, 0x6945, 0x70C3, 0x8882, 0xC861, 0x9081, 0x5882, 0x8944, 0xEBCC, 0xF5B4, 0xECD0, 0xDAA8,
  0xDBEE, 0xDC92, 0xD450, 0xB36D, 0x91E7, 0xEB09, 0xFAC9, 0xA841, 0x4820, 0xAA89, 0xC40F, 0xCCD2, 0xAB6D, 0xBB2B, 0xC32B, 0xDB8C,
  0xE248, 0x7000, 0x8800, 0xD903, 0xE082, 0xA800, 0x5800, 0x4800, 0x9800, 0xB8C2, 0x9021, 0x6821, 0x58C4, 0x6125, 0x6986, 0x69A7,
  0x6186, 0x5966, 0x69A7, 0x91A6, 0x48C3, 0x28A3, 0x2062, 0x1041, 0x0000, 0x0000, 0x0000, 0x0000, 0x0000, 0x0000, 0x0000, 0x0000,
  0x0000, 0x0000, 0x0000, 0x0000, 0x0000, 0x0000, 0x0000, 0x0000, 0x0041, 0x0841, 0x0000, 0x0862, 0x1083, 0x0862, 0x0021, 0x0841,
  0x0841, 0x28A3, 0x20A3, 0x28A3, 0x2041, 0x3041, 0x48A2, 0x5020, 0x4820, 0x0000, 0x0021, 0x0021, 0x0041, 0x0000, 0x0000, 0x0000,
  0x0021, 0x0000, 0x0000, 0x0841, 0x0020, 0x0000, 0x0021, 0x1082, 0x0861, 0x0820, 0x0840, 0x0840, 0x1061, 0x1881, 0x1881, 0x20A2,
  0x20A2, 0x28C2, 0x3102, 0x30E2, 0x3102, 0x3103, 0x3923, 0x3923, 0x3902, 0x4143, 0x4983, 0x49A4, 0x49A4, 0x51A4, 0x59A4, 0x61E4,
  0x59E4, 0x59C4, 0x59E4, 0x61E4, 0x61E4, 0x6A04, 0x7204, 0x7224, 0x7224, 0x7224, 0x7204, 0x7204, 0x7A04, 0x7A04, 0x7A03, 0x79E3,
  0x79E3, 0x71A2, 0x7182, 0x7181, 0x7161, 0x7161, 0x70E0, 0x5840, 0x4000, 0x2800, 0x1800, 0x6101, 0x6101, 0x60E1, 0x58E1, 0x58E1,
  0x58E1, 0x58E1, 0x58E1, 0x58E1, 0x5901, 0x5902, 0x5102, 0x5122, 0x5123, 0x5123, 0x5143, 0x5143, 0x4944, 0x4964, 0x4965, 0x4965,
  0x4965, 0x4985, 0x4965, 0x4965, 0x5185, 0x5186, 0x5186, 0x5185, 0x5985, 0x5985, 0x6185, 0x6185, 0x61A5, 0x69A5, 0x69A5, 0x6185,
  0x6165, 0x6964, 0x6984, 0x6965, 0x6185, 0x69A5, 0x3881, 0x5923, 0x6984, 0x69C6, 0x59C6, 0x5207, 0x39A6, 0x3186, 0x2925, 0x20A3,
  0x20A3, 0x3904, 0x7227, 0x8A88, 0xA2C8, 0x9206, 0x91C5, 0xA205, 0xC2C7, 0xEBCA, 0xBA05, 0xC44F, 0x93AD, 0x6A48, 0x8A47, 0x79E6,
  0x30A2, 0x5165, 0x69C6, 0x2061, 0x1882, 0x2061, 0x38C3, 0x1862, 0x1862, 0x1061, 0x1021, 0x1841, 0x18A3, 0x18C4, 0x0841, 0x1883,
  0x28C4, 0x38C3, 0x6925, 0x6966, 0x5145, 0x5882, 0xD30A, 0xEA25, 0x9000, 0x4000, 0x8186, 0xB207, 0xA1A5, 0xEBEC, 0xE2C9, 0xCBCE,
  0xD596, 0xB36E, 0xE3EE, 0xC1E6, 0xA144, 0xF226, 0xA800, 0x3800, 0x6861, 0xA944, 0xB38D, 0xA38E, 0xAA69, 0xCB6C, 0xDC70, 0xD0E3,
  0xE144, 0xB0A2, 0x5000, 0x9800, 0xA800, 0x8800, 0x3800, 0x7800, 0xC882, 0xC1A6, 0x7800, 0x3800, 0x4082, 0x5104, 0x6986, 0x824A,
  0x7A09, 0x5987, 0x4904, 0x5104, 0x30A2, 0x2862, 0x1841, 0x0000, 0x0000, 0x0000, 0x0000, 0x0000, 0x0000, 0x0000, 0x0000, 0x0000,
  0x0000, 0x0000, 0x0000, 0x0000, 0x0000, 0x0000, 0x0000, 0x0000, 0x0000, 0x0841, 0x0000, 0x0862, 0x1082, 0x0000, 0x0821, 0x1883,
  0x20C3, 0x2042, 0x1841, 0x38C3, 0x3862, 0x4061, 0x4040, 0x5020, 0x0800, 0x0042, 0x0842, 0x0021, 0x0021, 0x0000, 0x0000, 0x0000,
  0x0021, 0x0021, 0x0000, 0x0041, 0x0842, 0x0000, 0x0000, 0x0841, 0x10A3, 0x1082, 0x0840, 0x0820, 0x1040, 0x1861, 0x1861, 0x1881,
  0x2081, 0x28C2, 0x28E2, 0x28E2, 0x30E2, 0x30E2, 0x3102, 0x3102, 0x3902, 0x3943, 0x4163, 0x4963, 0x4984, 0x49A4, 0x51C4, 0x59E4,
  0x59C4, 0x59C4, 0x59C4, 0x59C4, 0x61E4, 0x6A05, 0x7225, 0x7225, 0x7224, 0x7204, 0x7204, 0x7204, 0x7204, 0x7A04, 0x7A04, 0x7A03,
  0x79E3, 0x71C3, 0x71A2, 0x71A2, 0x7182, 0x7982, 0x7181, 0x6920, 0x60C0, 0x5840, 0x4800, 0x3000, 0x1800, 0x1800, 0x58E1, 0x58E1,
  0x58E1, 0x58E1, 0x58E1, 0x58E1, 0x5902, 0x5902, 0x5122, 0x5122, 0x5123, 0x5143, 0x5143, 0x5144, 0x4944, 0x4964, 0x4965, 0x4965,
  0x4965, 0x4985, 0x4965, 0x4965, 0x5185, 0x5186, 0x5186, 0x5185, 0x5985, 0x5985, 0x6185, 0x6185, 0x61A5, 0x69A5, 0x69A5, 0x6185,
  0x6165, 0x6165, 0x6984, 0x3861, 0x50C2, 0x5923, 0x6164, 0x61C5, 0x59C6, 0x5229, 0x39A7, 0x2104, 0x20C3, 0x28C3, 0x3104, 0x4185,
  0x61C6, 0x9288, 0x8A67, 0x50E3, 0x7184, 0x8123, 0xCAC7, 0xEC8D, 0x9A06, 0x7A06, 0x7143, 0x8A48, 0x9BCE, 0x5A69, 0x28A2, 0x6923,
  0x5124, 0x1841, 0x2882, 0x1861, 0x2062, 0x1841, 0x1841, 0x1061, 0x1861, 0x1861, 0x18A3, 0x18C3, 0x0862, 0x0841, 0x18A3, 0x28C4,
  0x6186, 0x81C7, 0x6925, 0x5986, 0x5083, 0x7800, 0xD984, 0x9061, 0x68C3, 0x7124, 0x89E7, 0x92AA, 0x40C3, 0x9185, 0xB9E6, 0xA36D,
  0xB4B2, 0x8A08, 0xE3ED, 0xEA46, 0xE1E5, 0xB0C2, 0x6061, 0x6924, 0x4000, 0x88A1, 0x7861, 0x9186, 0xDA07, 0xECF1, 0xE289, 0xD800,
  0xD944, 0xE0A2, 0x8041, 0x6800, 0x7800, 0x6000, 0x5000, 0xB0C3, 0xB9E7, 0x78A2, 0x7144, 0x4000, 0x2841, 0x40A3, 0x5925, 0x5925,
  0x6187, 0x5146, 0x40E4, 0x40E4, 0x38A3, 0x3082, 0x0841, 0x0000, 0x0000, 0x0000, 0x0000, 0x0000, 0x0000, 0x0000, 0x0000, 0x0000,
  0x0000, 0x0000, 0x0000, 0x0000, 0x0000, 0x0000, 0x0000, 0x0000, 0x0000, 0x0861, 0x0841, 0x0021, 0x0000, 0x0841, 0x1062, 0x1042,
  0x1862, 0x1841, 0x2082, 0x2020, 0x3841, 0x4041, 0x5840, 0x1800, 0x0021, 0x0862, 0x0021, 0x0883, 0x0021, 0x0021, 0x0000, 0x0000,
  0x0000, 0x0862, 0x0021, 0x0000, 0x0882, 0x0021, 0x0000, 0x0000, 0x0841, 0x10A3, 0x10A3, 0x1061, 0x0840, 0x1040, 0x1041, 0x1061,
  0x1881, 0x20A2, 0x20A2, 0x28C2, 0x28A2, 0x28A2, 0x30E2, 0x3102, 0x3103, 0x3923, 0x4143, 0x4143, 0x4963, 0x4984, 0x49A4, 0x51C4,
  0x51C4, 0x51A4, 0x59C4, 0x59C4, 0x61E4, 0x6A05, 0x6A05, 0x6A04, 0x6A04, 0x7204, 0x7204, 0x7204, 0x7204, 0x7204, 0x7204, 0x7A04,
  0x79E3, 0x71C3, 0x71A3, 0x71A2, 0x7182, 0x71A2, 0x7182, 0x6961, 0x6961, 0x6920, 0x68C0, 0x6060, 0x4820, 0x3000, 0x2800, 0x2000,
  0x58E1, 0x58E1, 0x58E1, 0x5901, 0x5902, 0x5102, 0x5122, 0x5122, 0x5123, 0x5143, 0x5143, 0x5144, 0x4964, 0x4964, 0x4965, 0x4965,
  0x4965, 0x4985, 0x4965, 0x4965, 0x5185, 0x5186, 0x5186, 0x5185, 0x5985, 0x5985, 0x6185, 0x6185, 0x61A5, 0x69A5, 0x69A5, 0x6185,
  0x3881, 0x48C2, 0x5903, 0x6184, 0x7206, 0x6A47, 0x5A28, 0x4A28, 0x3966, 0x2925, 0x20A3, 0x20C3, 0x3924, 0x59E7, 0x6A48, 0x7248,
  0x6144, 0x81A4, 0x89C4, 0x8102, 0x8184, 0x7164, 0xA2EA, 0xEC0C, 0xA2E9, 0x3924, 0x5985, 0x7943, 0x5165, 0x3924, 0x20A2, 0x2861,
  0x6164, 0x28A2, 0x1861, 0x2082, 0x1861, 0x20A2, 0x1061, 0x0841, 0x1061, 0x18E3, 0x18C3, 0x0841, 0x1042, 0x1862, 0x30C3, 0x7965,
  0x89A6, 0x5904, 0x5925, 0x6083, 0xC164, 0xF1E5, 0x9000, 0x4000, 0x81E7, 0x79E7, 0x71C7, 0x932C, 0x82CB, 0x936D, 0x9249, 0x91E6,
  0xCBAD, 0xE38C, 0xEBAB, 0xFB6A, 0x9000, 0x4820, 0x9A68, 0xCB6C, 0xA1A6, 0x6800, 0x5000, 0x9081, 0xC8E3, 0xD9E7, 0xF104, 0xE1A6,
  0xE985, 0xE984, 0xC861, 0x5800, 0x4800, 0x5000, 0x8020, 0x8841, 0x6000, 0x7924, 0xCA07, 0xB000, 0x6800, 0x2800, 0x3841, 0x4083,
  0x48E4, 0x4904, 0x38C3, 0x30A3, 0x2862, 0x2061, 0x0841, 0x0000, 0x0000, 0x0000, 0x0000, 0x0000, 0x0000, 0x0000, 0x0000, 0x0000,
  0x0000, 0x0000, 0x0000, 0x0000, 0x0000, 0x0000, 0x0000, 0x0000, 0x0000, 0x0020, 0x0861, 0x0000, 0x0020, 0x0821, 0x1062, 0x1842,
  0x30E4, 0x2882, 0x3061, 0x2861, 0x3841, 0x5840, 0x2820, 0x0021, 0x0042, 0x0042, 0x0883, 0x0883, 0x0021, 0x0001, 0x0021, 0x0021,
  0x0000, 0x0021, 0x0863, 0x0000, 0x0021, 0x1083, 0x0000, 0x0020, 0x0020, 0x0841, 0x10A3, 0x10C3, 0x10A3, 0x1082, 0x1061, 0x1061,
  0x1861, 0x1881, 0x1861, 0x1861, 0x2081, 0x20A1, 0x20A1, 0x28C2, 0x28E2, 0x3102, 0x3923, 0x3943, 0x4143, 0x4963, 0x4984, 0x51A4,
  0x51A4, 0x51A4, 0x51C4, 0x59C4, 0x59C4, 0x61E4, 0x6204, 0x6A04, 0x6A04, 0x6A04, 0x7204, 0x7204, 0x7204, 0x7204, 0x7204, 0x71E4,
  0x79E3, 0x71C3, 0x69A3, 0x69A2, 0x6982, 0x7182, 0x6982, 0x6962, 0x6961, 0x6941, 0x7161, 0x6920, 0x60C0, 0x5860, 0x5040, 0x4820,
  0x3000, 0x2000, 0x1800, 0x5902, 0x5902, 0x5122, 0x5122, 0x5123, 0x5123, 0x5143, 0x5143, 0x5144, 0x4964, 0x4964, 0x4965, 0x4965,
  0x4965, 0x4985, 0x4965, 0x4985, 0x5186, 0x5186, 0x5186, 0x5185, 0x5985, 0x5985, 0x6185, 0x6185, 0x61A5, 0x48A1, 0x50E2, 0x6123,
  0x6184, 0x61C6, 0x6227, 0x5A28, 0x5A49, 0x41C7, 0x2925, 0x20C3, 0x28E3, 0x4165, 0x5A07, 0x6A68, 0x6A27, 0x61C6, 0x5903, 0x8184,
  0xBAC7, 0xDC8E, 0xEC6D, 0xCA45, 0x5185, 0x4165, 0x3104, 0x8164, 0xD349, 0x8A68, 0x28C3, 0x48E3, 0x38A2, 0x28A2, 0x3124, 0x28E3,
  0x38C3, 0x1061, 0x0821, 0x1041, 0x1882, 0x3104, 0x0820, 0x18C3, 0x18E4, 0x1062, 0x1021, 0x1862, 0x38C4, 0x6186, 0x7249, 0x60E4,
  0x6124, 0x5904, 0x5821, 0xC123, 0xF225, 0x9861, 0x7124, 0x9AEA, 0xAB2B, 0xAB8D, 0x8AAB, 0x7229, 0x8B2D, 0xC4B2, 0xB451, 0xAB6D,
  0xDA25, 0xFB27, 0xE9A4, 0x9840, 0x6145, 0xB3EE, 0xAB0B, 0xB3AE, 0xBB0B, 0xDB8D, 0x80C2, 0x8944, 0xA841, 0xC8A2, 0xC821, 0xD8A2,
  0xE061, 0xD040, 0x8000, 0x5020, 0x4000, 0x5800, 0x6020, 0x4800, 0x7841, 0xA041, 0xC000, 0xF32B, 0xE38C, 0x8000, 0x2800, 0x2020,
  0x3041, 0x3082, 0x30A3, 0x2882, 0x2061, 0x1041, 0x0000, 0x0000, 0x0000, 0x0000, 0x0000, 0x0000, 0x0000, 0x0000, 0x0000, 0x0000,
  0x0000, 0x0000, 0x0000, 0x0000, 0x0000, 0x0000, 0x0000, 0x0000, 0x0000, 0x0000, 0x0841, 0x0020, 0x0000, 0x1061, 0x28E3, 0x1021,
  0x2061, 0x2041, 0x2841, 0x4082, 0x4840, 0x3840, 0x0000, 0x0883, 0x0062, 0x08A4, 0x10A4, 0x0042, 0x0042, 0x0021, 0x0042, 0x0021,
  0x0021, 0x0000, 0x0042, 0x0042, 0x0000, 0x0862, 0x10A3, 0x0000, 0x0821, 0x0020, 0x0841, 0x1082, 0x10A3, 0x10A3, 0x1082, 0x1062,
  0x1061, 0x1082, 0x18A2, 0x18C3, 0x2104, 0x2925, 0x2904, 0x20A2, 0x2081, 0x28C2, 0x3103, 0x3923, 0x3923, 0x4143, 0x4163, 0x4984,
  0x49A4, 0x4984, 0x51A4, 0x51A4, 0x59C4, 0x61E5, 0x6205, 0x61E5, 0x61E4, 0x69E4, 0x6A04, 0x69E4, 0x6A04, 0x69E4, 0x71E4, 0x71E4,
  0x71E3, 0x69C3, 0x69A3, 0x6982, 0x6962, 0x6962, 0x6962, 0x6962, 0x6961, 0x6941, 0x6941, 0x6941, 0x6941, 0x6100, 0x60C0, 0x60A0,
  0x5860, 0x5040, 0x4020, 0x3820, 0x3000, 0x2800, 0x1800, 0x5123, 0x5143, 0x5143, 0x5144, 0x4944, 0x4964, 0x4965, 0x4965, 0x4965,
  0x4985, 0x4965, 0x4965, 0x4985, 0x5186, 0x5186, 0x5186, 0x5185, 0x5985, 0x48C1, 0x5102, 0x5923, 0x6163, 0x6184, 0x59C6, 0x6207,
  0x5A28, 0x51E7, 0x3986, 0x2904, 0x20C3, 0x3104, 0x3924, 0x49C6, 0x51E6, 0x6228, 0x7269, 0x5144, 0x6144, 0x9246, 0xC2E6, 0xD327,
  0xBAE8, 0x69A5, 0x6944, 0xDAA7, 0x7984, 0x28C3, 0x1861, 0x2082, 0x8163, 0x7964, 0x0821, 0x1861, 0x48C2, 0x2082, 0x3945, 0x28E3,
  0x30A3, 0x28C2, 0x1061, 0x1861, 0x0800, 0x1062, 0x18C3, 0x1062, 0x1062, 0x1042, 0x2083, 0x4904, 0x69A7, 0x69C7, 0x5145, 0x58E4,
  0x70C3, 0x80E3, 0xC0A1, 0xC902, 0x7820, 0x4821, 0x79C6, 0x79C6, 0x8269, 0xB430, 0x9B8E, 0x7229, 0x828A, 0xBBEE, 0xCC91, 0xED33,
  0xE38B, 0xFA65, 0xA881, 0x4841, 0xA2A9, 0xBBAD, 0xE5D6, 0xBBAE, 0xA229, 0xB2CA, 0xECD1, 0x8923, 0x6800, 0xB020, 0xA020, 0xC8C3,
  0xD861, 0x8800, 0x4820, 0x4020, 0x4800, 0x4800, 0x5020, 0x7821, 0x9904, 0xC2EA, 0xB144, 0xC207, 0xCA88, 0xB882, 0x5800, 0x2800,
  0x1000, 0x2020, 0x2861, 0x2041, 0x1841, 0x0841, 0x0000, 0x0000, 0x0000, 0x0000, 0x0000, 0x0000, 0x0000, 0x0000, 0x0000, 0x0000,
  0x0000, 0x0000, 0x0000, 0x0000, 0x0000, 0x0000, 0x0000, 0x0000, 0x0000, 0x0000, 0x0020, 0x0861, 0x0800, 0x1021, 0x1021, 0x1862,
  0x2041, 0x1800, 0x3041, 0x4020, 0x3800, 0x0000, 0x0042, 0x0042, 0x1905, 0x08A4, 0x0042, 0x0863, 0x0883, 0x0063, 0x0042, 0x0062,
  0x0042, 0x0021, 0x0000, 0x0021, 0x0021, 0x0000, 0x0882, 0x10A3, 0x0021, 0x0821, 0x0841, 0x0841, 0x0862, 0x0841, 0x0841, 0x0861,
  0x0862, 0x1082, 0x1083, 0x10A3, 0x10C3, 0x1905, 0x2966, 0x39E8, 0x31C7, 0x28E3, 0x28A1, 0x30E2, 0x3102, 0x3923, 0x3923, 0x4164,
  0x4964, 0x4984, 0x4984, 0x4984, 0x5184, 0x59C4, 0x59C4, 0x61E4, 0x61E4, 0x61E4, 0x61E4, 0x61E4, 0x69E4, 0x69E4, 0x69E4, 0x69C4,
  0x69C3, 0x61A3, 0x6183, 0x6182, 0x6162, 0x6962, 0x6962, 0x6982, 0x6962, 0x6942, 0x6141, 0x6121, 0x6121, 0x6141, 0x6121, 0x6900,
  0x60E0, 0x60E0, 0x60C0, 0x60A0, 0x5880, 0x5880, 0x4860, 0x4040, 0x3840, 0x3040, 0x3840, 0x3840, 0x4964, 0x4965, 0x4965, 0x4965,
  0x4985, 0x4965, 0x4965, 0x4985, 0x5186, 0x5186, 0x5902, 0x5902, 0x5102, 0x5143, 0x5185, 0x51C6, 0x59E7, 0x51E7, 0x4186, 0x3945,
  0x3125, 0x3124, 0x3145, 0x3145, 0x3966, 0x3966, 0x5A08, 0x4985, 0x4924, 0x48E3, 0x7123, 0x91A4, 0x9163, 0xDCEF, 0xCB48, 0x8984,
  0x5923, 0x28A2, 0x30E3, 0x68A1, 0xA142, 0x38C2, 0x28E3, 0x1862, 0x40E3, 0x8184, 0x4944, 0x1061, 0x2061, 0x2061, 0x20A3, 0x20A3,
  0x1821, 0x2061, 0x1841, 0x1862, 0x1082, 0x0861, 0x0821, 0x1041, 0x28A3, 0x4125, 0x61A7, 0x71E7, 0x50E4, 0x40A3, 0x58E4, 0x80C3,
  0xB0E3, 0xD9E5, 0x98C2, 0x4000, 0x5966, 0x828A, 0x8AAA, 0x8249, 0x8269, 0x8AEB, 0xBC71, 0xD470, 0xED12, 0xC288, 0xB984, 0xEB6A,
  0xF267, 0xD0A1, 0x5000, 0x9ACA, 0xBACA, 0xE5F7, 0xB410, 0xD451, 0xF430, 0xDB6C, 0xF490, 0xE164, 0x9082, 0xC9A6, 0xA800, 0x9000,
  0xA000, 0x7800, 0x3800, 0x4000, 0x6000, 0x6820, 0x88A2, 0x78A3, 0x60E4, 0x7125, 0x6905, 0x7125, 0x68E4, 0x58C4, 0x58E4, 0x5062,
  0x2000, 0x1000, 0x1800, 0x1000, 0x1082, 0x0841, 0x0000, 0x0000, 0x0000, 0x0000, 0x0000, 0x0000, 0x0000, 0x0000, 0x0000, 0x0000,
  0x0000, 0x0000, 0x0000, 0x0000, 0x0000, 0x0000, 0x0000, 0x0000, 0x0000, 0x0000, 0x0000, 0x1082, 0x1041, 0x1841, 0x0800, 0x1821,
  0x3061, 0x3040, 0x3820, 0x3800, 0x0800, 0x0042, 0x1926, 0x1926, 0x1906, 0x08A4, 0x10E5, 0x0883, 0x0883, 0x08A4, 0x0042, 0x0042,
  0x0883, 0x0042, 0x0001, 0x0021, 0x0041, 0x0862, 0x0021, 0x0883, 0x2146, 0x1083, 0x0021, 0x0821, 0x0821, 0x0021, 0x0021, 0x0841,
  0x0821, 0x0021, 0x0821, 0x0821, 0x0841, 0x0841, 0x0841, 0x10A3, 0x2966, 0x426A, 0x39A6, 0x2081, 0x28C2, 0x30E2, 0x3903, 0x3923,
  0x4143, 0x4143, 0x4963, 0x4964, 0x5184, 0x51A4, 0x5184, 0x5184, 0x59A4, 0x59A4, 0x59A4, 0x61C4, 0x61C4, 0x61C4, 0x61C4, 0x61A4,
  0x69A3, 0x6183, 0x6183, 0x6183, 0x6183, 0x6983, 0x6983, 0x6982, 0x6162, 0x6142, 0x6142, 0x6142, 0x6142, 0x6121, 0x6121, 0x6101,
  0x6901, 0x6141, 0x6142, 0x6142, 0x6142, 0x6142, 0x6142, 0x6142, 0x6142, 0x6143, 0x6963, 0x6963, 0x6163, 0x5943, 0x5943, 0x5943,
  0x6163, 0x6143, 0x5922, 0x5102, 0x4902, 0x4943, 0x51C6, 0x6248, 0x5A48, 0x5208, 0x41A6, 0x3125, 0x3104, 0x3124, 0x3125, 0x3125,
  0x3965, 0x3965, 0x3966, 0x4145, 0x5165, 0x6144, 0x89E6, 0x89A5, 0xC2E8, 0xAA87, 0x6144, 0x5144, 0x3081, 0x60E2, 0xB205, 0xC42F,
  0x7A89, 0x2061, 0x1882, 0x2061, 0x9A67, 0x8227, 0x1861, 0x1041, 0x20A2, 0x40C2, 0x58E3, 0x1882, 0x1862, 0x38C3, 0x1862, 0x1882,
  0x1061, 0x1882, 0x1882, 0x18A3, 0x0841, 0x0820, 0x2062, 0x4104, 0x5966, 0x69A7, 0x4925, 0x48E4, 0x7125, 0x89A6, 0x8841, 0xD944,
  0xC1C5, 0x6800, 0x48A3, 0x48E4, 0x7A08, 0x932C, 0x8289, 0xBC70, 0xCD13, 0xB40F, 0xD42F, 0xDBAD, 0xDC90, 0xECD0, 0xEC0D, 0xFCD0,
  0xE903, 0x8000, 0x58C3, 0xCBEE, 0xDC0F, 0xE4B1, 0x8924, 0xB34C, 0xFAAA, 0xF164, 0xF143, 0xE820, 0xB841, 0xB082, 0xC103, 0x80A2,
  0x5800, 0x5000, 0x5800, 0x90A2, 0x9821, 0x88C3, 0x60E4, 0x60E5, 0x68C4, 0x91E8, 0x7987, 0x7166, 0x79A7, 0x5905, 0x40C4, 0x40A3,
  0x3841, 0x2820, 0x1000, 0x3020, 0x20A2, 0x0000, 0x0000, 0x0000, 0x0000, 0x0000, 0x0000, 0x0000, 0x0000, 0x0000, 0x0000, 0x0000,
  0x0000, 0x0000, 0x0000, 0x0000, 0x0000, 0x0000, 0x0000, 0x0000, 0x0000, 0x0000, 0x0000, 0x1082, 0x18E3, 0x0800, 0x1841, 0x2041,
  0x3881, 0x3861, 0x3020, 0x1000, 0x0000, 0x10C4, 0x320A, 0x10E5, 0x10E5, 0x1926, 0x1947, 0x10A3, 0x0863, 0x08A4, 0x10C5, 0x0042,
  0x0042, 0x0863, 0x0021, 0x0042, 0x0021, 0x0042, 0x0041, 0x0000, 0x0882, 0x18E4, 0x0883, 0x10A3, 0x0883, 0x0882, 0x10E4, 0x0842,
  0x0882, 0x08A3, 0x10A3, 0x10C4, 0x10A3, 0x0883, 0x0882, 0x0841, 0x0841, 0x18C3, 0x4249, 0x4228, 0x20C2, 0x30E2, 0x30E2, 0x3902,
  0x3903, 0x3923, 0x4123, 0x4123, 0x4963, 0x5184, 0x5184, 0x5184, 0x5184, 0x5163, 0x5163, 0x5963, 0x5983, 0x5983, 0x5984, 0x5983,
  0x5983, 0x5963, 0x5963, 0x5963, 0x5963, 0x6183, 0x6162, 0x5942, 0x5942, 0x5942, 0x6163, 0x6163, 0x5963, 0x5963, 0x5963, 0x6183,
  0x6184, 0x5984, 0x5984, 0x6184, 0x6183, 0x6183, 0x6183, 0x6183, 0x5983, 0x5963, 0x6163, 0x5922, 0x48E2, 0x48C1, 0x40C1, 0x4902,
  0x5943, 0x5164, 0x51A6, 0x51C7, 0x5208, 0x5229, 0x4A08, 0x41A6, 0x3145, 0x3125, 0x3166, 0x20E4, 0x2904, 0x3966, 0x3966, 0x51E7,
  0x69C6, 0x79E6, 0x89A5, 0xA205, 0xA1E5, 0x89C5, 0x6144, 0xA34B, 0x7984, 0xD2E7, 0x9A87, 0x3945, 0x18A2, 0x30E4, 0x7103, 0x7985,
  0x5165, 0x4145, 0x20A3, 0x1862, 0x30E3, 0x7144, 0x30C3, 0x0841, 0x1082, 0x1861, 0x58C2, 0x2061, 0x0841, 0x2062, 0x1041, 0x0841,
  0x1061, 0x18C3, 0x0862, 0x1041, 0x2862, 0x38C3, 0x61C7, 0x7A49, 0x5945, 0x38C3, 0x40E4, 0x60E4, 0x88E4, 0xB124, 0xD964, 0xA061,
  0x68A2, 0x4081, 0x6986, 0x8A69, 0xABCE, 0xBC92, 0x9B6D, 0xA30B, 0xBC0F, 0x8269, 0xE512, 0xF4B0, 0xDB2A, 0xEC0E, 0xEB6B, 0xFA47,
  0xA820, 0x3820, 0x3841, 0x8103, 0xE491, 0xF5D6, 0xED13, 0xD38D, 0xE9A6, 0xE923, 0xE8E2, 0xE820, 0x9800, 0x8881, 0xCAA8, 0x6061,
  0x5800, 0xB102, 0xB0A2, 0x9904, 0x9145, 0x7125, 0x6105, 0x89E7, 0xC2EA, 0xA1E8, 0x81C8, 0x91E8, 0x9146, 0x80E5, 0x50C4, 0x3883,
  0x2041, 0x3841, 0x1000, 0x1882, 0x1041, 0x0000, 0x0000, 0x0000, 0x0000, 0x0000, 0x0000, 0x0000, 0x0000, 0x0000, 0x0000, 0x0000,
  0x0000, 0x0000, 0x0000, 0x0000, 0x0000, 0x0000, 0x0000, 0x0000, 0x0000, 0x0000, 0x0000, 0x0000, 0x1082, 0x0841, 0x1800, 0x2021,
  0x2841, 0x3841, 0x2020, 0x0000, 0x1905, 0x10E5, 0x29A8, 0x1926, 0x10C4, 0x10C4, 0x0863, 0x1967, 0x1968, 0x2188, 0x1926, 0x0042,
  0x10A4, 0x08A4, 0x0001, 0x0042, 0x0842, 0x0021, 0x0021, 0x0021, 0x0021, 0x0021, 0x10C4, 0x2146, 0x1905, 0x10E4, 0x10C4, 0x1105,
  0x2188, 0x1988, 0x1946, 0x21A8, 0x21A8, 0x29C8, 0x1105, 0x10A3, 0x0882, 0x0862, 0x0841, 0x31A7, 0x4A6A, 0x28E3, 0x30E3, 0x3903,
  0x3102, 0x3102, 0x3903, 0x3903, 0x4123, 0x4943, 0x4943, 0x4964, 0x5164, 0x5184, 0x5164, 0x5184, 0x5184, 0x5163, 0x5163, 0x5163,
  0x5143, 0x5143, 0x5143, 0x5143, 0x5143, 0x5963, 0x5963, 0x5163, 0x5163, 0x5164, 0x5964, 0x5963, 0x5143, 0x5163, 0x5185, 0x5984,
  0x5963, 0x5123, 0x4902, 0x4902, 0x4902, 0x5102, 0x4902, 0x4902, 0x4902, 0x4902, 0x5143, 0x4964, 0x4965, 0x51E7, 0x628A, 0x6ACB,
  0x5A49, 0x5228, 0x41C7, 0x3986, 0x3966, 0x4166, 0x3104, 0x3104, 0x3125, 0x3125, 0x3104, 0x4945, 0x6185, 0x9247, 0xA267, 0xA247,
  0x9A27, 0x6A07, 0x81A5, 0xD3AB, 0x79A5, 0x28C3, 0x0820, 0x6185, 0x8AA9, 0x8143, 0xC286, 0x6164, 0x2082, 0x1882, 0x2882, 0x50A2,
  0x1861, 0x4104, 0x4925, 0x2082, 0x0000, 0x4082, 0x30A2, 0x1082, 0x0820, 0x2082, 0x40C3, 0x2061, 0x1041, 0x1862, 0x1062, 0x18C3,
  0x0821, 0x1041, 0x1821, 0x38A3, 0x61A7, 0x7A29, 0x6166, 0x48C3, 0x40C3, 0x48E4, 0x70E4, 0x9082, 0xC0C2, 0xA881, 0x5020, 0x5124,
  0x8A89, 0x9A07, 0xB32C, 0xAA8A, 0xD451, 0xCCD3, 0xBBEF, 0xC470, 0xCD13, 0x92EB, 0x9A48, 0xE3ED, 0xEBCC, 0xF36A, 0xE943, 0xA800,
  0x5820, 0x7A07, 0x3020, 0x5821, 0xCA89, 0xD36C, 0xE40F, 0xE2EB, 0xE964, 0xF247, 0xE0A2, 0xD8A1, 0xA061, 0x88A2, 0x5000, 0x5000,
  0xCA89, 0xB9E6, 0x78A3, 0x70E4, 0x81A7, 0x79A7, 0x58E5, 0x81C6, 0xDC2D, 0x8187, 0x6946, 0x6946, 0x8146, 0xDA27, 0x9145, 0x3883,
  0x2062, 0x1820, 0x1020, 0x2124, 0x0020, 0x0000, 0x0000, 0x0000, 0x0000, 0x0000, 0x0000, 0x0000, 0x0000, 0x0000, 0x0000, 0x0000,
  0x0000, 0x0000, 0x0000, 0x0000, 0x0000, 0x0000, 0x0000, 0x0000, 0x0000, 0x0000, 0x0000, 0x0000, 0x0000, 0x1082, 0x1800, 0x2020,
  0x2820, 0x2820, 0x0000, 0x10A3, 0x2967, 0x31A8, 0x1926, 0x29A9, 0x1926, 0x0883, 0x08A4, 0x10C5, 0x08A4, 0x428C, 0x5B6F, 0x0084,
  0x10C4, 0x0063, 0x0001, 0x0021, 0x0041, 0x0021, 0x0042, 0x0042, 0x0021, 0x0021, 0x0000, 0x0041, 0x18E4, 0x2167, 0x2167, 0x1967,
  0x21C9, 0x2A2B, 0x2A2B, 0x2A4B, 0x2A2B, 0x2A4C, 0x2A4B, 0x220A, 0x1988, 0x10E5, 0x1083, 0x1062, 0x31A7, 0x39C7, 0x28C2, 0x3103,
  0x3103, 0x3103, 0x3103, 0x3903, 0x3923, 0x4123, 0x4123, 0x4943, 0x4964, 0x4964, 0x4964, 0x4984, 0x5184, 0x5184, 0x5184, 0x5184,
  0x5184, 0x5164, 0x5164, 0x5164, 0x5164, 0x5164, 0x4943, 0x4943, 0x4923, 0x4943, 0x5164, 0x5164, 0x4943, 0x4944, 0x4985, 0x5185,
  0x5184, 0x4965, 0x5185, 0x5A49, 0x5207, 0x51C6, 0x5A07, 0x5208, 0x5228, 0x49E7, 0x5229, 0x5249, 0x41E8, 0x41E8, 0x39A7, 0x3986,
  0x3124, 0x28E4, 0x2904, 0x3945, 0x3945, 0x4145, 0x4145, 0x4104, 0x4103, 0x7185, 0x9A47, 0x89C6, 0x81C5, 0xAAC9, 0xA2C9, 0x58E2,
  0x40C2, 0x0800, 0x30C3, 0x7943, 0xBA46, 0x5964, 0x2904, 0x4924, 0x89C5, 0x5924, 0x48C2, 0x8164, 0x28A2, 0x1882, 0x2082, 0x6165,
  0x28A2, 0x4924, 0x40E3, 0x1041, 0x1041, 0x3082, 0x38A2, 0x3104, 0x1061, 0x1021, 0x1041, 0x1061, 0x18A3, 0x1082, 0x0841, 0x1042,
  0x2062, 0x3062, 0x5945, 0x6187, 0x69A7, 0x50E4, 0x48C3, 0x6105, 0x7904, 0x88C3, 0xB082, 0xB861, 0xC184, 0x80E3, 0x4841, 0x5081,
  0x5082, 0x98E3, 0xDA68, 0xCB0B, 0xDC2F, 0xBB6C, 0x79C6, 0x71C6, 0xC470, 0xEC4F, 0xCA06, 0xDA26, 0xEAE9, 0xFA26, 0xC902, 0x4000,
  0x9B2B, 0xFED9, 0x91E7, 0x4800, 0xA0A2, 0xB9C7, 0xD36D, 0xE1C7, 0xF081, 0xF081, 0xD800, 0xC800, 0x6000, 0x5000, 0x5000, 0x9841,
  0xA985, 0x60C4, 0x58E4, 0x7125, 0x68E4, 0x6925, 0x99C7, 0x8945, 0x8146, 0x81A8, 0x79A8, 0x6146, 0x58E4, 0xA2A9, 0x7986, 0x40A3,
  0x2882, 0x1000, 0x20C3, 0x1082, 0x0000, 0x0000, 0x0000, 0x0000, 0x0000, 0x0000, 0x0000, 0x0000, 0x0000, 0x0000, 0x0000, 0x0000,
  0x0000, 0x0000, 0x0000, 0x0000, 0x0000, 0x0000, 0x0000, 0x0000, 0x0000, 0x0000, 0x0000, 0x0000, 0x0000, 0x0841, 0x1041, 0x1000,
  0x1800, 0x0800, 0x1083, 0x31C8, 0x3A2A, 0x4AAC, 0x4A8B, 0x1926, 0x2188, 0x2167, 0x10E5, 0x0884, 0x2146, 0x1926, 0x320A, 0x10E5,
  0x0063, 0x0863, 0x0001, 0x0042, 0x0062, 0x0022, 0x0021, 0x0862, 0x0862, 0x0042, 0x0042, 0x0021, 0x0000, 0x0842, 0x18E4, 0x2987,
  0x29C9, 0x2A0A, 0x220A, 0x2A4C, 0x3B0F, 0x4391, 0x3B2F, 0x4370, 0x6CB5, 0x4B70, 0x21C9, 0x18C4, 0x1882, 0x2104, 0x2904, 0x28C2,
  0x28C2, 0x28C2, 0x28E2, 0x3103, 0x3923, 0x3943, 0x3943, 0x4144, 0x4144, 0x4144, 0x4144, 0x4944, 0x4944, 0x4944, 0x4943, 0x4943,
  0x4943, 0x4943, 0x4943, 0x4964, 0x4984, 0x51A5, 0x49C6, 0x5207, 0x5A48, 0x62CB, 0x6B2C, 0x6AEB, 0x62EB, 0x630C, 0x62CB, 0x5AAB,
  0x5229, 0x4A28, 0x5249, 0x5269, 0x4A08, 0x41A7, 0x3166, 0x3145, 0x3145, 0x2904, 0x28E4, 0x28E4, 0x28E3, 0x28E3, 0x20C3, 0x28E4,
  0x30E3, 0x4986, 0x38E3, 0x50E3, 0x79C6, 0x89E6, 0x7144, 0x9207, 0x5924, 0xA268, 0x81C5, 0x3882, 0x2082, 0x3924, 0x6984, 0x9A47,
  0x8247, 0x28A2, 0x2081, 0x2041, 0x70E2, 0xB226, 0x59A6, 0x20A2, 0x2861, 0x38A2, 0x1041, 0x7144, 0x7164, 0x28A2, 0x28C3, 0x38C3,
  0x2861, 0x28A2, 0x3904, 0x0841, 0x1062, 0x2062, 0x28A2, 0x28C3, 0x1862, 0x1882, 0x1082, 0x0841, 0x1042, 0x1062, 0x20A3, 0x40C4,
  0x58E4, 0x5905, 0x61C7, 0x5125, 0x6125, 0x58E4, 0x70C4, 0xA925, 0xC924, 0xB8C2, 0x8841, 0x9185, 0xD531, 0xBBCD, 0xAAAA, 0x81A6,
  0x3020, 0x2800, 0x6000, 0xB985, 0xEB6B, 0xDBCD, 0xCC4F, 0xA30B, 0xBB6C, 0xEB6B, 0xFBCC, 0xF36B, 0xF9E5, 0xB020, 0x6882, 0x9A48,
  0xD44F, 0xDBEE, 0xD30C, 0x7082, 0x6000, 0xC9E7, 0xF32B, 0xF1A6, 0xF0C2, 0xE800, 0xE061, 0xA000, 0x5882, 0x7165, 0x7000, 0x98A3,
  0x68C4, 0x60E5, 0x6146, 0xA269, 0x7945, 0x58E4, 0x7925, 0x81A8, 0x99A8, 0xB106, 0x9967, 0x79C8, 0x6966, 0x5905, 0x40C4, 0x3083,
  0x2862, 0x1841, 0x1061, 0x0000, 0x0000, 0x0000, 0x0000, 0x0000, 0x0000, 0x0000, 0x0000, 0x0000, 0x0000, 0x0000, 0x0000, 0x0000,
  0x0000, 0x0000, 0x0000, 0x0000, 0x0000, 0x0000, 0x0000, 0x0000, 0x0000, 0x0000, 0x0000, 0x0000, 0x0000, 0x0000, 0x0841, 0x0800,
  0x0000, 0x0021, 0x18C4, 0x2146, 0x2987, 0x4AAC, 0x422A, 0x31C9, 0x424B, 0x08A4, 0x2188, 0x10E5, 0x0883, 0x0883, 0x2988, 0x10A4,
  0x0063, 0x0883, 0x10A4, 0x0022, 0x0042, 0x0863, 0x0021, 0x0021, 0x0042, 0x0883, 0x0042, 0x0042, 0x0042, 0x0042, 0x0021, 0x0021,
  0x0882, 0x2166, 0x320A, 0x324B, 0x324B, 0x32CE, 0x3B30, 0x4B91, 0x6473, 0x95B8, 0x7536, 0x3ACD, 0x18E5, 0x1041, 0x1882, 0x20C3,
  0x28A2, 0x28C2, 0x28C2, 0x28C2, 0x30E3, 0x30E3, 0x30E3, 0x3903, 0x3903, 0x3903, 0x3903, 0x3903, 0x3903, 0x3903, 0x4123, 0x4144,
  0x4964, 0x4165, 0x4185, 0x4185, 0x3945, 0x3965, 0x3965, 0x3125, 0x3125, 0x3145, 0x3125, 0x2904, 0x20E4, 0x20E4, 0x28E4, 0x20C3,
  0x20C3, 0x18A3, 0x20C3, 0x28C3, 0x20A2, 0x30E4, 0x30E3, 0x2041, 0x28E3, 0x3924, 0x4104, 0x4924, 0x4104, 0x5985, 0x48C3, 0x7185,
  0x81C6, 0x5903, 0x81E6, 0x6165, 0x79E6, 0xB3CD, 0x4124, 0x6207, 0x72AA, 0x58A2, 0x99E6, 0xA2A8, 0x6985, 0x30E3, 0x5903, 0xA246,
  0x6903, 0x6144, 0x4124, 0x4144, 0x2061, 0x4861, 0x60E2, 0x1020, 0x2082, 0x5165, 0x28C3, 0x30C3, 0x70E3, 0x40C2, 0x1882, 0x2061,
  0x48E3, 0x0820, 0x2082, 0x1021, 0x1062, 0x1061, 0x0821, 0x1041, 0x1062, 0x1062, 0x0821, 0x0841, 0x2883, 0x40A4, 0x58E4, 0x7187,
  0x6145, 0x5925, 0x40E4, 0x40C3, 0x7925, 0x8062, 0xC964, 0xC0E2, 0x7820, 0x60E3, 0x68E3, 0xC40E, 0xEDD3, 0x9AEA, 0x7A08, 0xAB2C,
  0xA30B, 0x8208, 0x3000, 0x4000, 0x9020, 0xD227, 0xE30B, 0xDB2B, 0xE3AC, 0xE985, 0xF36B, 0xFA06, 0xB061, 0x6061, 0xBC2F, 0xDC90,
  0xECD1, 0xE2A9, 0xE2A9, 0xCA69, 0x5820, 0x9800, 0xE061, 0xE841, 0xF081, 0xE861, 0xE903, 0x9000, 0x60E3, 0x6082, 0x8042, 0x60C4,
  0x6105, 0x60E4, 0x6145, 0x8166, 0xAA48, 0x7166, 0x7987, 0x9987, 0xD8A3, 0xF268, 0xDA07, 0x8146, 0x5104, 0x5104, 0x40C3, 0x30A3,
  0x2041, 0x1062, 0x0841, 0x0000, 0x0000, 0x0000, 0x0000, 0x0000, 0x0000, 0x0000, 0x0000, 0x0000, 0x0000, 0x0000, 0x0000, 0x0000,
  0x0000, 0x0000, 0x0000, 0x0000, 0x0000, 0x0000, 0x0000, 0x0000, 0x0000, 0x0000, 0x0000, 0x0000, 0x0000, 0x0000, 0x0841, 0x0841,
  0x0000, 0x0841, 0x0862, 0x10A3, 0x1905, 0x2126, 0x1905, 0x18E5, 0x1905, 0x2146, 0x2167, 0x0863, 0x10E5, 0x08A4, 0x0883, 0x0042,
  0x0021, 0x0021, 0x10E5, 0x0063, 0x08A4, 0x08A4, 0x08A3, 0x0042, 0x0042, 0x0021, 0x0021, 0x0862, 0x0042, 0x0863, 0x0883, 0x0042,
  0x0021, 0x0000, 0x0021, 0x10A3, 0x1926, 0x3209, 0x42AD, 0x42EE, 0x4350, 0x53B1, 0x7D36, 0x8DD9, 0x4B70, 0x29E9, 0x2105, 0x2105,
  0x20C3, 0x18C3, 0x2904, 0x20E3, 0x28E3, 0x30E3, 0x3103, 0x3103, 0x3123, 0x3924, 0x3944, 0x3944, 0x3944, 0x3944, 0x3124, 0x3124,
  0x3124, 0x2904, 0x28E3, 0x20C3, 0x20A3, 0x20C3, 0x2904, 0x20C3, 0x20C3, 0x28E4, 0x28E4, 0x28E3, 0x28C3, 0x38A2, 0x6165, 0x6185,
  0x3904, 0x6185, 0x6144, 0x6123, 0x6165, 0x4945, 0x5944, 0x8A07, 0x6185, 0x5903, 0xA2A8, 0x89A5, 0x9A47, 0x71E6, 0x9227, 0x8184,
  0xAAA8, 0x4903, 0x59A7, 0xBC90, 0x51A6, 0x7AEB, 0x7268, 0x1841, 0x5186, 0x79E6, 0x50E3, 0x5964, 0x89E5, 0x2061, 0x1020, 0x50C2,
  0x38A2, 0x5903, 0x30A2, 0x4945, 0x1861, 0x1041, 0x2861, 0x3082, 0x2082, 0x30C3, 0x28A2, 0x0821, 0x2862, 0x2061, 0x1861, 0x1020,
  0x2041, 0x1841, 0x1041, 0x1041, 0x1882, 0x18A2, 0x0821, 0x0841, 0x1041, 0x1842, 0x2883, 0x40A3, 0x5905, 0x6905, 0x6987, 0x5986,
  0x5125, 0x5104, 0x50E4, 0x7841, 0xC1A5, 0xD944, 0x9061, 0x5882, 0x50E4, 0x50C3, 0x7186, 0x71A6, 0x79A5, 0x92AB, 0x61A7, 0x9B0C,
  0x5145, 0x8A89, 0xA248, 0x3881, 0x4061, 0x8840, 0xB861, 0xD944, 0xC8E3, 0xE144, 0xF902, 0xB040, 0x50E3, 0xA207, 0xEC2E, 0xD2AA,
  0xF34A, 0xE984, 0xEAC8, 0xFCAF, 0xA903, 0x6020, 0xD903, 0xF081, 0xE000, 0xE081, 0xC861, 0x6000, 0x3800, 0x6800, 0x6083, 0x5904,
  0x8186, 0x7166, 0x71A7, 0x7987, 0x8166, 0x71C8, 0x58E4, 0x9986, 0xE1A5, 0xD9E6, 0xB165, 0x81A7, 0x59A7, 0x40C3, 0x38A3, 0x2062,
  0x1861, 0x0861, 0x0000, 0x0000, 0x0000, 0x0000, 0x0000, 0x0000, 0x0000, 0x0000, 0x0000, 0x0000, 0x0000, 0x0000, 0x0000, 0x0000,
  0x0000, 0x0000, 0x0000, 0x0000, 0x0000, 0x0000, 0x0000, 0x0000, 0x0000, 0x0000, 0x0000, 0x0000, 0x0000, 0x0000, 0x0000, 0x1082,
  0x0842, 0x0883, 0x10A3, 0x18A3, 0x1905, 0x1083, 0x1083, 0x1905, 0x18E5, 0x1905, 0x10C4, 0x0862, 0x0883, 0x0863, 0x08A4, 0x08A4,
  0x0021, 0x0862, 0x0884, 0x0863, 0x0883, 0x08A4, 0x0042, 0x0062, 0x0021, 0x0042, 0x0042, 0x0042, 0x0022, 0x0042, 0x0863, 0x0863,
  0x0062, 0x0042, 0x0042, 0x0042, 0x0021, 0x0000, 0x0862, 0x18E5, 0x2167, 0x2188, 0x21C8, 0x3A8C, 0x42CD, 0x4B2E, 0x324B, 0x324B,
  0x320A, 0x29C9, 0x3209, 0x31E9, 0x31A7, 0x2966, 0x3166, 0x3986, 0x3165, 0x3145, 0x3104, 0x28E3, 0x3904, 0x4104, 0x4145, 0x49A6,
  0x4145, 0x3924, 0x18A2, 0x20E3, 0x3924, 0x3104, 0x28C3, 0x38E4, 0x5145, 0x61C6, 0x4944, 0x5186, 0x5944, 0xAB2A, 0x6965, 0x8248,
  0x5945, 0x89C5, 0xCC2E, 0x7123, 0x9247, 0x40C2, 0x3082, 0x8206, 0x9268, 0x92AA, 0x9A06, 0x9A88, 0x9268, 0x3061, 0xABEE, 0x69A5,
  0x6124, 0x69A5, 0x1861, 0x81A5, 0x6164, 0x2041, 0x7965, 0x48E3, 0x2882, 0x81C5, 0x71C5, 0x0820, 0x61A5, 0x59A5, 0x0820, 0x1861,
  0x1841, 0x50C2, 0x38A2, 0x30E3, 0x4103, 0x20E4, 0x20A3, 0x4082, 0x1020, 0x1861, 0x4124, 0x1862, 0x1061, 0x2082, 0x2861, 0x0821,
  0x20C3, 0x20A2, 0x1882, 0x1082, 0x1041, 0x1041, 0x1041, 0x2082, 0x40A3, 0x58A3, 0x68C4, 0x8146, 0x71C7, 0x40E4, 0x4925, 0x4905,
  0x6905, 0x90A3, 0xC164, 0xE182, 0xC122, 0x6861, 0x3800, 0x68E3, 0x91A6, 0x60C3, 0x8249, 0x828A, 0xA38E, 0xC452, 0x92CC, 0x71C7,
  0x40C4, 0x7AAB, 0xAA69, 0xD30A, 0x58E3, 0x2800, 0x7000, 0xD841, 0xF1C5, 0xD123, 0x8800, 0x4000, 0x5103, 0x6861, 0xA840, 0xD840,
  0xFA87, 0xF38A, 0xE963, 0xD8C1, 0xE206, 0x80A2, 0xA000, 0xE020, 0xD000, 0xE840, 0x9000, 0x2800, 0x4840, 0x6000, 0x4862, 0x58E4,
  0x6925, 0x79A7, 0x8229, 0x81C8, 0x7146, 0x71C7, 0x928A, 0x8A08, 0xA249, 0x8125, 0x79C7, 0x6187, 0x5125, 0x30A3, 0x2882, 0x1841,
  0x1061, 0x0000, 0x0000, 0x0000, 0x0000, 0x0000, 0x0000, 0x0000, 0x0000, 0x0000, 0x0000, 0x0000, 0x0000, 0x0000, 0x0000, 0x0000,
  0x0000, 0x0000, 0x0000, 0x0000, 0x0000, 0x0000, 0x0000, 0x0000, 0x0000, 0x0000, 0x0000, 0x0000, 0x0000, 0x0000, 0x0000, 0x10A2,
  0x18C3, 0x0841, 0x18C3, 0x20E5, 0x10A4, 0x18E5, 0x10C4, 0x10A3, 0x2126, 0x3187, 0x31C8, 0x2967, 0x2967, 0x1906, 0x10E5, 0x10C5,
  0x0842, 0x0863, 0x0063, 0x0042, 0x0863, 0x0042, 0x0021, 0x0042, 0x0042, 0x0063, 0x0042, 0x0863, 0x0021, 0x0021, 0x0021, 0x0042,
  0x0041, 0x0041, 0x0862, 0x0883, 0x10A4, 0x08A4, 0x08A3, 0x1905, 0x10C4, 0x18E5, 0x18E4, 0x2987, 0x2987, 0x29A8, 0x426B, 0x428B,
  0x426B, 0x31E8, 0x2946, 0x2926, 0x2925, 0x20C3, 0x28E3, 0x3904, 0x3924, 0x4145, 0x4945, 0x4124, 0x4104, 0x5145, 0x72AA, 0x72CA,
  0x30E3, 0x4945, 0x3904, 0x30C3, 0x38A2, 0x79C6, 0x4965, 0x4924, 0x5986, 0x71E6, 0x8248, 0x3904, 0x4965, 0x932A, 0x5165, 0x4986,
  0x4965, 0x38C2, 0x89C5, 0x8A06, 0x4081, 0x58E3, 0x30A2, 0x2041, 0x61A6, 0x59A6, 0x5165, 0x4903, 0x2882, 0x30E3, 0x91A5, 0x8944,
  0x1020, 0x30A2, 0x2082, 0x3861, 0x60C2, 0x2061, 0x4082, 0x5903, 0x1841, 0x3061, 0x7164, 0x2081, 0x1841, 0x48E3, 0x1861, 0x2862,
  0x30A2, 0x38A2, 0x38E3, 0x1020, 0x38A2, 0x28C2, 0x1861, 0x48E3, 0x1041, 0x0820, 0x1021, 0x1021, 0x1062, 0x1861, 0x3082, 0x20A2,
  0x20A3, 0x1062, 0x0820, 0x0800, 0x1841, 0x30A3, 0x2862, 0x48A3, 0x8186, 0x8986, 0x7146, 0x6125, 0x4905, 0x4925, 0x5083, 0x7842,
  0xC904, 0xEAC8, 0xE9E4, 0x8840, 0x5862, 0x7104, 0xA208, 0x99E7, 0x91A6, 0x928A, 0x7A08, 0xB3EF, 0xA38E, 0xA3AF, 0xA34D, 0x8ACB,
  0x6925, 0xCB2C, 0xE3AD, 0xFB8C, 0xA923, 0x3800, 0x3000, 0xA040, 0x9800, 0x3800, 0x5985, 0xC40F, 0xA2EB, 0x5041, 0x5000, 0xC040,
  0xE8C1, 0xF1C4, 0xF2C7, 0xE36A, 0xFAA8, 0xC061, 0x5800, 0x9800, 0xD020, 0xD000, 0x5800, 0x2800, 0x2000, 0x4000, 0x4862, 0x48A3,
  0x48C3, 0x5925, 0x69C7, 0x81E8, 0x6946, 0x71E8, 0x8209, 0x8249, 0x71C8, 0x69E8, 0x5987, 0x40E4, 0x38C3, 0x30A3, 0x2062, 0x1041,
  0x0861, 0x0000, 0x0000, 0x0000, 0x0000, 0x0000, 0x0000, 0x0000, 0x0000, 0x0000, 0x0000, 0x0000, 0x0000, 0x0000, 0x0000, 0x0000,
  0x0000, 0x0000, 0x0000, 0x0000, 0x0000, 0x0000, 0x0000, 0x0000, 0x0000, 0x0000, 0x0000, 0x0000, 0x0000, 0x0000, 0x0000, 0x0000,
  0x1082, 0x0861, 0x0821, 0x1082, 0x1083, 0x2126, 0x18E5, 0x1082, 0x31C8, 0x10A3, 0x2967, 0x1905, 0x2988, 0x2126, 0x31EA, 0x320A,
  0x2147, 0x29A9, 0x2167, 0x1905, 0x10C4, 0x10C4, 0x10E5, 0x1105, 0x1926, 0x1905, 0x10C5, 0x2147, 0x2147, 0x10E5, 0x18E5, 0x1926,
  0x2146, 0x1905, 0x29A8, 0x2167, 0x29C9, 0x29C8, 0x2988, 0x31A8, 0x2946, 0x31A8, 0x2967, 0x2947, 0x2946, 0x2105, 0x2125, 0x2105,
  0x1883, 0x1062, 0x28A3, 0x3904, 0x4904, 0x61A6, 0x51A6, 0x6A29, 0x4986, 0x38E4, 0x4965, 0x3945, 0x1020, 0x59C7, 0x30E3, 0x28A2,
  0x38E3, 0x6208, 0x3924, 0x4924, 0x59A6, 0x2861, 0x51C7, 0x38E3, 0x4924, 0x5924, 0x71A6, 0x4104, 0x50E3, 0x89E6, 0x48E3, 0x5965,
  0x1841, 0x1861, 0x3040, 0x68C2, 0x2040, 0x2861, 0x40E3, 0x2861, 0x38C3, 0x2881, 0x38A2, 0x28A2, 0x1861, 0x2082, 0x3020, 0x70A2,
  0x3082, 0x2061, 0x30C3, 0x1841, 0x58E2, 0x5965, 0x1041, 0x1861, 0x1882, 0x1841, 0x38A2, 0x2882, 0x0820, 0x2061, 0x2061, 0x2861,
  0x38A2, 0x2061, 0x1841, 0x1041, 0x2861, 0x38C2, 0x1841, 0x2882, 0x1041, 0x1041, 0x0800, 0x1021, 0x1021, 0x1882, 0x1882, 0x0820,
  0x0000, 0x1021, 0x2882, 0x2882, 0x38C4, 0x50C4, 0x5945, 0x7945, 0x8986, 0x6966, 0x5145, 0x40A3, 0x68C4, 0x9104, 0xB8A2, 0xE1A5,
  0xB081, 0xC963, 0x7800, 0x6145, 0x7966, 0xA104, 0xE30B, 0xCB4C, 0xAAEB, 0xA30C, 0x928A, 0x9A69, 0x9165, 0x7166, 0x824A, 0xCB8E,
  0xC2EB, 0xEB2B, 0xF44F, 0xEA88, 0xE9C6, 0x7061, 0x2020, 0x4000, 0x6104, 0x8186, 0xDB8D, 0xCB2B, 0xBBAD, 0xE533, 0x6924, 0x8000,
  0xE984, 0xE902, 0xEA26, 0xF163, 0xF8E1, 0xE020, 0x6820, 0x3800, 0x8000, 0x6000, 0x3800, 0x5841, 0x7082, 0x3800, 0x4821, 0x4882,
  0x50E4, 0x71C8, 0x6166, 0x71A7, 0x8209, 0x71C7, 0x6125, 0x8AEC, 0x6A08, 0x4925, 0x4904, 0x40E4, 0x38C3, 0x2882, 0x2041, 0x0820,
  0x0000, 0x0000, 0x0000, 0x0000, 0x0000, 0x0000, 0x0000, 0x0000, 0x0000, 0x0000, 0x0000, 0x0000, 0x0000, 0x0000, 0x0000, 0x0000,
  0x0000, 0x0000, 0x0000, 0x0000, 0x0000, 0x0000, 0x0000, 0x0000, 0x0000, 0x0000, 0x0000, 0x0000, 0x0000, 0x0000, 0x0000, 0x0000,
  0x0000, 0x10A2, 0x0800, 0x1882, 0x0821, 0x1082, 0x18C4, 0x18A3, 0x18E4, 0x10A3, 0x2987, 0x2126, 0x4209, 0x18A4, 0x41E9, 0x41E9,
  0x2105, 0x3988, 0x3167, 0x2106, 0x3187, 0x18E5, 0x18E5, 0x2947, 0x2926, 0x2126, 0x2126, 0x2126, 0x2105, 0x1083, 0x18A4, 0x2905,
  0x2926, 0x20C4, 0x3125, 0x20C4, 0x3946, 0x28C4, 0x4146, 0x20A3, 0x30E4, 0x4146, 0x3925, 0x1021, 0x38E3, 0x2882, 0x4987, 0x30E4,
  0x59C7, 0x2082, 0x6A29, 0x6A49, 0x30C3, 0x59A6, 0x2882, 0x4124, 0x2062, 0x2882, 0x28A2, 0x3945, 0x59E7, 0x3903, 0x2061, 0x1861,
  0x3082, 0x7208, 0x4103, 0x3061, 0x40E3, 0x1020, 0x2061, 0x4124, 0x3061, 0x38C3, 0x4924, 0x2061, 0x2020, 0x50E3, 0x2882, 0x5904,
  0x4104, 0x1882, 0x2081, 0x38A2, 0x40E3, 0x0820, 0x40A2, 0x2061, 0x3041, 0x3061, 0x2061, 0x30A2, 0x1041, 0x1841, 0x1841, 0x2861,
  0x1861, 0x2861, 0x38C3, 0x1841, 0x2861, 0x48C2, 0x1841, 0x2061, 0x1861, 0x2062, 0x2861, 0x38C3, 0x1041, 0x28A2, 0x2861, 0x1841,
  0x1861, 0x1020, 0x1841, 0x1041, 0x2862, 0x2881, 0x1020, 0x1020, 0x0800, 0x1020, 0x1041, 0x0841, 0x1082, 0x1062, 0x1041, 0x1021,
  0x2883, 0x38A3, 0x4083, 0x5083, 0x68C4, 0x88C4, 0x8945, 0x5925, 0x5925, 0x58A4, 0x58C4, 0x6841, 0xC1A5, 0xE184, 0xD0A1, 0x88C2,
  0x3841, 0x70E4, 0x6904, 0x60E4, 0x4062, 0x3820, 0x8903, 0xCAA9, 0xE430, 0xBB4D, 0xAACB, 0xAA8A, 0xBA89, 0xC269, 0xC228, 0xEA07,
  0xEB2B, 0xF3EE, 0xF0C2, 0xE8E3, 0xD841, 0x7020, 0x4862, 0xB2CA, 0xDB0B, 0xC9E7, 0xD9A6, 0xC104, 0xB9C5, 0xE32B, 0xBAA9, 0x5861,
  0x9820, 0xE8E2, 0xEA05, 0xD800, 0xE020, 0xF061, 0x8000, 0x3820, 0x3020, 0x3000, 0x5800, 0x9821, 0xDAA9, 0xA9A5, 0x6061, 0x3000,
  0x3841, 0x5904, 0x79E8, 0x92CB, 0x69A7, 0x5125, 0x48E3, 0x5966, 0x40E4, 0x3083, 0x4904, 0x4904, 0x30A3, 0x1841, 0x1021, 0x0000,
  0x0000, 0x0000, 0x0000, 0x0000, 0x0000, 0x0000, 0x0000, 0x0000, 0x0000, 0x0000, 0x0000, 0x0000, 0x0000, 0x0000, 0x0000, 0x0000,
  0x0000, 0x0000, 0x0000, 0x0000, 0x0000, 0x0000, 0x0000, 0x0000, 0x0000, 0x0000, 0x0000, 0x0000, 0x0000, 0x0000, 0x0000, 0x0000,
  0x0000, 0x1082, 0x0861, 0x1041, 0x0821, 0x2082, 0x1862, 0x3104, 0x2904, 0x1862, 0x20A3, 0x28E4, 0x20C4, 0x18A3, 0x20A3, 0x3126,
  0x28E5, 0x20C4, 0x3946, 0x18A3, 0x3166, 0x18A3, 0x28C4, 0x38E4, 0x51A7, 0x3125, 0x3125, 0x28A4, 0x40E4, 0x5186, 0x28C3, 0x4946,
  0x3904, 0x5166, 0x30E4, 0x5186, 0x3925, 0x28A3, 0x4125, 0x2082, 0x28C3, 0x3905, 0x6A08, 0x3904, 0x6A08, 0x3082, 0x6A49, 0x28E3,
  0x6208, 0x2082, 0x2061, 0x30C3, 0x30E3, 0x38C3, 0x2041, 0x4104, 0x4924, 0x30E3, 0x0800, 0x2882, 0x5125, 0x1800, 0x30A2, 0x1861,
  0x1000, 0x48A2, 0x6165, 0x2861, 0x2861, 0x3082, 0x2041, 0x2041, 0x2841, 0x1020, 0x30A2, 0x38C3, 0x1841, 0x28A2, 0x28A2, 0x38C2,
  0x4104, 0x1041, 0x1841, 0x38C3, 0x3082, 0x2082, 0x2882, 0x3082, 0x3041, 0x3862, 0x1820, 0x48E3, 0x2082, 0x2861, 0x40C2, 0x1861,
  0x1861, 0x2041, 0x48A2, 0x2882, 0x1841, 0x2861, 0x1820, 0x1841, 0x1841, 0x1841, 0x2041, 0x2041, 0x1021, 0x1021, 0x1841, 0x2041,
  0x2061, 0x1020, 0x1821, 0x1841, 0x1020, 0x1041, 0x0820, 0x1041, 0x0841, 0x1041, 0x1883, 0x1082, 0x1062, 0x2883, 0x48C3, 0x48C4,
  0x58C4, 0x6946, 0x70A3, 0xA925, 0x9166, 0x9925, 0x8125, 0x50A3, 0x8925, 0xA8E3, 0xA8A2, 0xA061, 0xF266, 0x98C2, 0x4041, 0x4082,
  0x50E3, 0x71A7, 0x7A29, 0x6104, 0x71C7, 0x4082, 0x2000, 0x5041, 0xDA07, 0xDAA9, 0xA249, 0xA269, 0xA228, 0xC9C6, 0xFB0B, 0xEB2B,
  0xEAEA, 0xF288, 0xE985, 0xF103, 0xA000, 0x5041, 0xBA28, 0xE9E7, 0xE207, 0xEB6C, 0xFACB, 0xE986, 0xE1C5, 0xD0E2, 0xDAEA, 0xAB0B,
  0x5000, 0xC020, 0xE881, 0xC020, 0x9000, 0x9000, 0x4800, 0x4820, 0x4800, 0x8061, 0xA041, 0xA841, 0x90A2, 0xC1A5, 0xDC0D, 0x58E3,
  0x2000, 0x4062, 0x48A3, 0x50E4, 0x69C7, 0x8ACB, 0x61C7, 0x48E4, 0x5104, 0x38A3, 0x38C3, 0x30A3, 0x2061, 0x1041, 0x0841, 0x0000,
  0x0000, 0x0000, 0x0000, 0x0000, 0x0000, 0x0000, 0x0000, 0x0000, 0x0000, 0x0000, 0x0000, 0x0000, 0x0000, 0x0000, 0x0000, 0x0000,
  0x0000, 0x0000, 0x0000, 0x0000, 0x0000, 0x0000, 0x0000, 0x0000, 0x0000, 0x0000, 0x0000, 0x0000, 0x0000, 0x0000, 0x0000, 0x0000,
  0x0000, 0x0000, 0x10A2, 0x0820, 0x0820, 0x1021, 0x2082, 0x28A3, 0x1841, 0x2062, 0x2061, 0x38C3, 0x1021, 0x3125, 0x28A3, 0x28A3,
  0x28E4, 0x20A3, 0x3945, 0x1862, 0x20A3, 0x28A3, 0x3105, 0x3904, 0x3905, 0x3125, 0x3105, 0x2082, 0x4082, 0x6166, 0x2882, 0x38E4,
  0x28C3, 0x4945, 0x3924, 0x20A2, 0x30A3, 0x28A2, 0x30C3, 0x2882, 0x1021, 0x1821, 0x38A3, 0x30C3, 0x5165, 0x2041, 0x5104, 0x4945,
  0x2061, 0x2082, 0x28A2, 0x30C3, 0x2041, 0x4904, 0x2041, 0x2861, 0x40E3, 0x1861, 0x30C3, 0x2861, 0x2841, 0x0800, 0x3082, 0x5965,
  0x1861, 0x1841, 0x2061, 0x38C3, 0x1820, 0x3882, 0x2061, 0x0800, 0x48C3, 0x20A2, 0x2020, 0x4082, 0x1841, 0x4082, 0x2061, 0x1841,
  0x3081, 0x2041, 0x2841, 0x48C2, 0x2020, 0x3882, 0x2041, 0x3041, 0x2041, 0x1821, 0x1020, 0x2861, 0x1841, 0x2021, 0x2841, 0x2062,
  0x30C3, 0x1041, 0x2040, 0x2061, 0x1020, 0x2061, 0x2082, 0x1841, 0x2882, 0x1861, 0x1041, 0x1020, 0x2861, 0x1841, 0x1020, 0x0800,
  0x1020, 0x0820, 0x0821, 0x1061, 0x1862, 0x1061, 0x0821, 0x1021, 0x1062, 0x1041, 0x2882, 0x38A3, 0x50A3, 0x68C4, 0x7925, 0x6083,
  0xA0C4, 0xC2AA, 0x7105, 0x7925, 0x6104, 0x60C4, 0x78E4, 0xA082, 0xE0E2, 0xE1A4, 0x98A2, 0x4800, 0x5820, 0x5104, 0x6903, 0xB3EF,
  0x9B0B, 0x7966, 0x5904, 0x5904, 0x81E8, 0x9AAB, 0x8986, 0x3800, 0x5000, 0xA8E3, 0xD32C, 0xE2EB, 0xE9E7, 0xE38D, 0xEB8D, 0xE207,
  0xDA47, 0xC841, 0xE0A2, 0xC061, 0x5020, 0xA2A9, 0xEA28, 0xD8A1, 0xEAE9, 0xE985, 0xE904, 0xD924, 0xF3AC, 0xF206, 0xEA07, 0xE9C6,
  0x6861, 0x7800, 0xC000, 0xA000, 0x5000, 0x2000, 0x3800, 0x5000, 0x9841, 0xB0E3, 0x9062, 0x6041, 0x6000, 0x9841, 0xC164, 0xB185,
  0x4020, 0x2820, 0x3841, 0x3862, 0x3882, 0x5125, 0x40C4, 0x40C3, 0x4905, 0x3082, 0x2862, 0x2041, 0x0820, 0x0841, 0x0000, 0x0000,
  0x0000, 0x0000, 0x0000, 0x0000, 0x0000, 0x0000, 0x0000, 0x0000, 0x0000, 0x0000, 0x0000, 0x0000, 0x0000, 0x0000, 0x0000, 0x0000,
  0x0000, 0x0000, 0x0000, 0x0000, 0x0000, 0x0000, 0x0000, 0x0000, 0x0000, 0x0000, 0x0000, 0x0000, 0x0000, 0x0000, 0x0000, 0x0000,
  0x0000, 0x0000, 0x0841, 0x1082, 0x0000, 0x0820, 0x1000, 0x1020, 0x1000, 0x1021, 0x1821, 0x1821, 0x1020, 0x1821, 0x2882, 0x1041,
  0x1862, 0x3905, 0x1061, 0x30C4, 0x30E4, 0x1021, 0x2082, 0x1021, 0x2062, 0x30C3, 0x1021, 0x1041, 0x1820, 0x1000, 0x38E3, 0x38C3,
  0x1820, 0x2041, 0x2861, 0x2041, 0x2021, 0x2862, 0x2020, 0x4082, 0x1841, 0x2841, 0x3882, 0x30C3, 0x2062, 0x1020, 0x1800, 0x48A3,
  0x2062, 0x1841, 0x2861, 0x2861, 0x2020, 0x30A2, 0x1861, 0x1000, 0x2041, 0x1020, 0x48C3, 0x38C3, 0x1841, 0x1861, 0x2040, 0x3882,
  0x1841, 0x2082, 0x2882, 0x40A2, 0x2061, 0x1820, 0x3062, 0x1820, 0x3861, 0x1841, 0x2861, 0x38A2, 0x1020, 0x2041, 0x1000, 0x2041,
  0x3861, 0x2041, 0x2041, 0x3081, 0x1841, 0x2841, 0x3081, 0x1841, 0x2041, 0x1841, 0x0800, 0x1020, 0x1041, 0x1020, 0x1841, 0x1841,
  0x2841, 0x2882, 0x0821, 0x1820, 0x2041, 0x1820, 0x2882, 0x1021, 0x1020, 0x1821, 0x1841, 0x1021, 0x1021, 0x1021, 0x1041, 0x0820,
  0x1062, 0x0841, 0x0841, 0x0821, 0x0820, 0x1021, 0x2082, 0x28A3, 0x40C3, 0x48A3, 0x6126, 0x60E4, 0x8905, 0x98E5, 0x80C4, 0x80C4,
  0x88E5, 0x8146, 0x7187, 0x5863, 0x8083, 0x9861, 0xE0E2, 0xD0C2, 0x8041, 0x5821, 0x58A3, 0x48A3, 0x4904, 0x8A49, 0xC36C, 0xC40F,
  0x828A, 0x6945, 0x828B, 0x9B4E, 0x79A7, 0xCB4C, 0xD2A9, 0xB248, 0x7124, 0x2800, 0x80A2, 0xD8C3, 0xE0C3, 0xEA89, 0xF207, 0xE820,
  0xD8A2, 0xB041, 0x9020, 0x5861, 0x3041, 0x78A2, 0xE944, 0xF206, 0xFA46, 0xE984, 0xD000, 0xB820, 0xE9C5, 0xE923, 0xE861, 0xF143,
  0xB923, 0x6820, 0x8840, 0x4800, 0x2800, 0x3000, 0x5800, 0x98A2, 0x7841, 0x6000, 0x6800, 0x6821, 0x9924, 0xD32A, 0xBA47, 0x6800,
  0x4821, 0x1800, 0x1800, 0x2820, 0x3041, 0x3041, 0x3041, 0x3062, 0x3062, 0x2041, 0x1821, 0x1821, 0x0820, 0x0020, 0x0000, 0x0000,
  0x0000, 0x0000, 0x0000, 0x0000, 0x0000, 0x0000, 0x0000, 0x0000, 0x0000, 0x0000, 0x0000, 0x0000, 0x0000, 0x0000, 0x0000, 0x0000,
  0x0000, 0x0000, 0x0000, 0x0000, 0x0000, 0x0000, 0x0000, 0x0000, 0x0000, 0x0000, 0x0000, 0x0000, 0x0000, 0x0000, 0x0000, 0x0000,
  0x0000, 0x0000, 0x0000, 0x10A2, 0x0841, 0x0000, 0x0820, 0x0820, 0x1841, 0x1020, 0x0800, 0x2041, 0x1841, 0x1000, 0x1800, 0x0800,
  0x0800, 0x3082, 0x1041, 0x2841, 0x2861, 0x1861, 0x2882, 0x2041, 0x2041, 0x1020, 0x2882, 0x1041, 0x2062, 0x1841, 0x3061, 0x3882,
  0x2041, 0x2041, 0x1841, 0x2861, 0x1820, 0x1000, 0x1841, 0x1820, 0x2882, 0x1821, 0x1820, 0x30A2, 0x2861, 0x2061, 0x0820, 0x1841,
  0x2861, 0x1821, 0x1820, 0x1820, 0x2841, 0x2882, 0x38C3, 0x2841, 0x2861, 0x1020, 0x2020, 0x3882, 0x0800, 0x38C3, 0x2061, 0x2861,
  0x2061, 0x2841, 0x2061, 0x1020, 0x2882, 0x1040, 0x40A2, 0x2861, 0x1000, 0x2061, 0x2041, 0x2861, 0x1020, 0x2861, 0x2861, 0x2040,
  0x2041, 0x1020, 0x2881, 0x1841, 0x28A2, 0x1820, 0x3061, 0x3082, 0x1841, 0x2021, 0x1821, 0x2021, 0x2041, 0x1820, 0x2841, 0x1020,
  0x1800, 0x2020, 0x0800, 0x1000, 0x1820, 0x1841, 0x0800, 0x1041, 0x1041, 0x1020, 0x0820, 0x1041, 0x0841, 0x0020, 0x0821, 0x0820,
  0x1021, 0x1021, 0x1842, 0x1841, 0x2062, 0x40C4, 0x4883, 0x6863, 0x80C4, 0x70E4, 0x70C4, 0x6083, 0x7083, 0x8145, 0x58A3, 0x8946,
  0x70E4, 0x6000, 0x9882, 0xB923, 0xD943, 0xD881, 0xB041, 0x5800, 0x4082, 0x3082, 0x48C3, 0x6145, 0x68E4, 0x88C4, 0xCB6D, 0x9AAA,
  0x6104, 0x79C7, 0xA2EC, 0xB30D, 0xF410, 0xFBAD, 0xB944, 0xC269, 0xF3CD, 0x8964, 0x3000, 0x8800, 0xD861, 0xE881, 0xD840, 0xB820,
  0x9820, 0x5000, 0x3800, 0x5945, 0x40A2, 0x5020, 0xD000, 0xF0E2, 0xF0C1, 0xFA46, 0xF1E6, 0xEA67, 0xE923, 0xE820, 0xF061, 0xF020,
  0xD040, 0x6000, 0x3800, 0x58A2, 0x6841, 0x6800, 0x7020, 0x6000, 0x6800, 0x9840, 0xD207, 0xD32A, 0xB9E6, 0x89A6, 0x8965, 0x7924,
  0x4061, 0x2000, 0x1800, 0x1000, 0x1800, 0x2020, 0x2821, 0x2841, 0x2041, 0x1821, 0x1821, 0x1021, 0x0841, 0x0000, 0x0000, 0x0000,
  0x0000, 0x0000, 0x0000, 0x0000, 0x0000, 0x0000, 0x0000, 0x0000, 0x0000, 0x0000, 0x0000, 0x0000, 0x0000, 0x0000, 0x0000, 0x0000,
  0x0000, 0x0000, 0x0000, 0x0000, 0x0000, 0x0000, 0x0000, 0x0000, 0x0000, 0x0000, 0x0000, 0x0000, 0x0000, 0x0000, 0x0000, 0x0000,
  0x0000, 0x0000, 0x0000, 0x0000, 0x10A2, 0x0000, 0x1020, 0x0800, 0x1841, 0x2882, 0x0800, 0x1841, 0x1841, 0x1020, 0x30A3, 0x1862,
  0x1041, 0x1820, 0x1020, 0x1821, 0x1841, 0x2882, 0x2041, 0x2821, 0x2861, 0x1020, 0x2861, 0x1821, 0x2841, 0x3062, 0x2882, 0x1800,
  0x2061, 0x1020, 0x2861, 0x1821, 0x1000, 0x1000, 0x2862, 0x2041, 0x1820, 0x2841, 0x2061, 0x1000, 0x3041, 0x2861, 0x1020, 0x1820,
  0x2821, 0x2020, 0x1020, 0x1820, 0x3061, 0x1800, 0x2000, 0x1800, 0x2021, 0x1000, 0x1000, 0x3041, 0x3082, 0x1820, 0x1020, 0x1020,
  0x2041, 0x1820, 0x3082, 0x3061, 0x3061, 0x2061, 0x1820, 0x2041, 0x1020, 0x2041, 0x1020, 0x3061, 0x2882, 0x1820, 0x2841, 0x2041,
  0x2020, 0x2841, 0x1820, 0x1820, 0x2041, 0x1841, 0x2020, 0x1000, 0x1820, 0x1000, 0x1020, 0x1000, 0x1000, 0x2041, 0x2841, 0x1021,
  0x1020, 0x0820, 0x1041, 0x1041, 0x1882, 0x1882, 0x0841, 0x0820, 0x0821, 0x0820, 0x0000, 0x0820, 0x0821, 0x1862, 0x2883, 0x2862,
  0x2882, 0x2041, 0x3863, 0x4883, 0x6863, 0x8083, 0x9946, 0x98C4, 0x9146, 0x88E4, 0x88E4, 0x68E4, 0x7105, 0x50C4, 0x58A3, 0x90A3,
  0xB903, 0xE184, 0xE9A4, 0xD922, 0xA881, 0x90E4, 0x9A28, 0xAA8A, 0x6945, 0x2021, 0x3082, 0x68E3, 0xB124, 0xD1E7, 0xD9A6, 0x9986,
  0x69C7, 0x9208, 0xEC10, 0xE1C7, 0xC945, 0xEA69, 0xE248, 0xDA27, 0xE944, 0xEAA9, 0x7081, 0x3000, 0x9820, 0x9820, 0x5000, 0x4000,
  0x58C3, 0x89E7, 0xBB8D, 0xDC4F, 0xDD12, 0x58A2, 0x8000, 0xD000, 0xD860, 0xF122, 0xF246, 0xF164, 0xE841, 0xE820, 0xF061, 0xE020,
  0x9800, 0x5061, 0x60E2, 0x70A2, 0x7820, 0x6000, 0x5800, 0x88A2, 0xD247, 0xD206, 0x9164, 0x78C3, 0x70A3, 0x4021, 0x60C4, 0x79E8,
  0x5104, 0x2000, 0x4882, 0x3020, 0x1000, 0x1000, 0x1000, 0x1000, 0x1000, 0x1000, 0x1000, 0x1082, 0x0000, 0x0000, 0x0000, 0x0000,
  0x0000, 0x0000, 0x0000, 0x0000, 0x0000, 0x0000, 0x0000, 0x0000, 0x0000, 0x0000, 0x0000, 0x0000, 0x0000, 0x0000, 0x0000, 0x0000,
  0x0000, 0x0000, 0x0000, 0x0000, 0x0000, 0x0000, 0x0000, 0x0000, 0x0000, 0x0000, 0x0000, 0x0000, 0x0000, 0x0000, 0x0000, 0x0000,
  0x0000, 0x0000, 0x0000, 0x0000, 0x1082, 0x10A2, 0x0000, 0x1021, 0x1020, 0x1000, 0x2062, 0x1841, 0x2041, 0x3082, 0x1841, 0x1841,
  0x28A3, 0x1020, 0x2041, 0x2882, 0x2041, 0x3082, 0x1820, 0x2041, 0x1020, 0x2041, 0x2041, 0x2041, 0x3062, 0x0800, 0x2041, 0x2882,
  0x2861, 0x2061, 0x1800, 0x1820, 0x2882, 0x1821, 0x1000, 0x3041, 0x1820, 0x2020, 0x2041, 0x1020, 0x1000, 0x1841, 0x1020, 0x2021,
  0x2000, 0x3882, 0x2041, 0x2041, 0x2020, 0x2020, 0x0800, 0x1020, 0x2841, 0x2861, 0x1000, 0x2020, 0x1820, 0x2841, 0x2041, 0x0800,
  0x2861, 0x1841, 0x2020, 0x3041, 0x1000, 0x1020, 0x1020, 0x2021, 0x1820, 0x1820, 0x2041, 0x1820, 0x1820, 0x0800, 0x2841, 0x1820,
  0x1841, 0x1020, 0x1820, 0x2041, 0x1020, 0x1820, 0x1020, 0x0800, 0x1820, 0x1020, 0x1840, 0x1020, 0x1020, 0x1020, 0x1021, 0x0841,
  0x0820, 0x0000, 0x0000, 0x0000, 0x0821, 0x0800, 0x1021, 0x0821, 0x1021, 0x2062, 0x2062, 0x3062, 0x3883, 0x4883, 0x58A4, 0x5883,
  0x5063, 0x6083, 0x6083, 0x8883, 0x9966, 0x8905, 0x8146, 0x7946, 0x5882, 0x60A3, 0x5083, 0x7021, 0xA0C3, 0x6862, 0xB0A1, 0xE9E4,
  0xE1C4, 0xB8C2, 0xA882, 0xA0C4, 0x78C3, 0x58A3, 0x8966, 0xB208, 0x8925, 0x5083, 0x2882, 0x4820, 0xC924, 0xE9A6, 0xE965, 0xB925,
  0x91C7, 0xC28A, 0xEBEF, 0xD9C7, 0xC925, 0xEB0B, 0xF32A, 0xE9C5, 0xE081, 0xD040, 0x7841, 0x2800, 0x3000, 0x3000, 0x6104, 0xA1E7,
  0xDBCE, 0xEB4B, 0xF2A8, 0xEA88, 0xFB2B, 0xBB2A, 0x4000, 0x8000, 0xC841, 0xE861, 0xF020, 0xF081, 0xE820, 0xC000, 0xD840, 0x9820,
  0x5820, 0x5881, 0x5041, 0x5800, 0x7000, 0xA944, 0xD205, 0xD2E9, 0xC227, 0xB965, 0x5800, 0x70E4, 0xBB2B, 0x7987, 0x7166, 0x5905,
  0x50E5, 0x2862, 0x3020, 0x3020, 0x2000, 0x1800, 0x2000, 0x1800, 0x0800, 0x0000, 0x0841, 0x0020, 0x0000, 0x0000, 0x0000, 0x0000,
  0x0000, 0x0000, 0x0000, 0x0000, 0x0000, 0x0000, 0x0000, 0x0000, 0x0000, 0x0000, 0x0000, 0x0000, 0x0000, 0x0000, 0x0000, 0x0000,
  0x0000, 0x0000, 0x0000, 0x0000, 0x0000, 0x0000, 0x0000, 0x0000, 0x0000, 0x0000, 0x0000, 0x0000, 0x0000, 0x0000, 0x0000, 0x0000,
  0x0000, 0x0000, 0x0000, 0x0000, 0x0000, 0x0861, 0x0821, 0x0000, 0x0800, 0x0800, 0x1020, 0x1020, 0x1820, 0x2041, 0x1821, 0x1020,
  0x2820, 0x1820, 0x1800, 0x2841, 0x1000, 0x2861, 0x2841, 0x3061, 0x1861, 0x2021, 0x2041, 0x1820, 0x3861, 0x1841, 0x1820, 0x2041,
  0x1000, 0x2020, 0x1020, 0x1820, 0x3041, 0x1820, 0x1820, 0x1800, 0x2020, 0x1820, 0x1800, 0x2841, 0x0800, 0x2841, 0x1820, 0x1820,
  0x1800, 0x3041, 0x2840, 0x2020, 0x1820, 0x1820, 0x2820, 0x1820, 0x1800, 0x3041, 0x1820, 0x2020, 0x1820, 0x1820, 0x3021, 0x1020,
  0x1820, 0x1020, 0x0800, 0x1820, 0x0800, 0x2020, 0x2020, 0x1800, 0x1800, 0x1000, 0x2820, 0x1820, 0x2041, 0x1820, 0x2020, 0x1020,
  0x2821, 0x1820, 0x2021, 0x1820, 0x0800, 0x1020, 0x0800, 0x0000, 0x0800, 0x0800, 0x0800, 0x0800, 0x0800, 0x0000, 0x0000, 0x0000,
  0x0821, 0x1041, 0x20A3, 0x1021, 0x2883, 0x30A3, 0x3062, 0x2842, 0x4083, 0x5884, 0x6126, 0x5905, 0x58A4, 0x50A3, 0x5862, 0xA0A4,
  0x80C4, 0x7883, 0x70C4, 0x68A4, 0x70E5, 0x6925, 0x60E4, 0x70E5, 0x8125, 0x8883, 0xB083, 0xE288, 0xE144, 0x9000, 0xA040, 0x8861,
  0x7082, 0x7904, 0x60E4, 0x7187, 0x50A3, 0x3862, 0x5883, 0x80E4, 0x9105, 0xA945, 0x6062, 0x3020, 0x8841, 0xD8A2, 0xFC70, 0xD28A,
  0xE9E7, 0xD166, 0xD2AA, 0xE2EB, 0xD945, 0xE186, 0xE8E2, 0xE8C1, 0xB040, 0x5800, 0x2800, 0x3820, 0x7145, 0xB165, 0xF288, 0xE1C6,
  0xEA26, 0xF205, 0xE081, 0xE165, 0xC800, 0xF985, 0x9A27, 0x4800, 0xB020, 0xE061, 0xE860, 0xE861, 0xF000, 0xD000, 0x7800, 0x3800,
  0x3000, 0x4000, 0x6000, 0x7882, 0xA0A3, 0xD2A9, 0xC1C6, 0x6841, 0x5042, 0xA186, 0xBA89, 0x99C7, 0x91A6, 0x8167, 0x6946, 0x6146,
  0x5905, 0x3883, 0x2020, 0x2000, 0x0800, 0x1800, 0x3841, 0x4082, 0x1800, 0x1841, 0x0861, 0x0000, 0x0000, 0x0000, 0x0000, 0x0000,
  0x0000, 0x0000, 0x0000, 0x0000, 0x0000, 0x0000, 0x0000, 0x0000, 0x0000, 0x0000, 0x0000, 0x0000, 0x0000, 0x0000, 0x0000, 0x0000,
  0x0000, 0x0000, 0x0000, 0x0000, 0x0000, 0x0000, 0x0000, 0x0000, 0x0000, 0x0000, 0x0000, 0x0000, 0x0000, 0x0000, 0x0000, 0x0000,
  0x0000, 0x0000, 0x0000, 0x0000, 0x0000, 0x0000, 0x1062, 0x0020, 0x0800, 0x0800, 0x0800, 0x1000, 0x1020, 0x0800, 0x1820, 0x1820,
  0x1000, 0x2021, 0x1820, 0x1000, 0x2841, 0x1820, 0x1020, 0x1000, 0x1820, 0x3840, 0x1820, 0x1820, 0x1020, 0x1820, 0x2020, 0x1020,
  0x1820, 0x2041, 0x2841, 0x2841, 0x1000, 0x3041, 0x2020, 0x1800, 0x2020, 0x1820, 0x1820, 0x2000, 0x1820, 0x1820, 0x1820, 0x3040,
  0x1820, 0x1820, 0x1800, 0x1000, 0x1000, 0x1820, 0x2020, 0x1820, 0x1800, 0x2820, 0x1820, 0x1800, 0x1820, 0x1820, 0x1800, 0x2020,
  0x1800, 0x2020, 0x1000, 0x1000, 0x1820, 0x1820, 0x1000, 0x1000, 0x1000, 0x0800, 0x1000, 0x0800, 0x1020, 0x0800, 0x0800, 0x0800,
  0x0800, 0x0800, 0x0000, 0x0000, 0x0000, 0x0000, 0x0000, 0x0000, 0x0000, 0x0800, 0x1021, 0x2042, 0x2842, 0x1821, 0x2042, 0x3042,
  0x2862, 0x2883, 0x38A4, 0x4863, 0x4063, 0x5063, 0x6905, 0x7146, 0x7105, 0x68A4, 0x60E5, 0x60A3, 0x6863, 0x6883, 0x7042, 0x8022,
  0x7062, 0x7883, 0x6883, 0x80C4, 0x90A4, 0xB0E5, 0xB105, 0x8883, 0x9062, 0xA800, 0xF8E3, 0xFBEB, 0xDA46, 0x6041, 0x2841, 0x3842,
  0x6125, 0x6925, 0x7125, 0x89A7, 0x9166, 0x9966, 0xA9C8, 0x9946, 0x8905, 0xD125, 0xE1E7, 0x6841, 0x1800, 0x8000, 0xE1A6, 0xE1C7,
  0xE9E7, 0xD9A7, 0xE208, 0xE9A6, 0xE207, 0xB841, 0xB800, 0xA000, 0x5000, 0x4000, 0x8965, 0x6841, 0x9104, 0xB061, 0xD8C1, 0xFB8A,
  0xFB49, 0xE942, 0xE1A5, 0xE964, 0xE0A2, 0xE820, 0xF165, 0x7903, 0x4000, 0xA820, 0xD820, 0xD800, 0xC000, 0x7800, 0x5081, 0x2800,
  0x5020, 0x78A2, 0x8062, 0x9124, 0x70C3, 0x70A3, 0x70C4, 0x7925, 0x8165, 0x8924, 0xAA69, 0x8167, 0x9AAB, 0xA2EC, 0x81A8, 0x6987,
  0x5925, 0x40C4, 0x1820, 0x1800, 0x2082, 0x1861, 0x1821, 0x1821, 0x1841, 0x18A2, 0x0000, 0x0000, 0x0000, 0x0000, 0x0000, 0x0000,
  0x0000, 0x0000, 0x0000, 0x0000, 0x0000, 0x0000, 0x0000, 0x0000, 0x0000, 0x0000, 0x0000, 0x0000, 0x0000, 0x0000, 0x0000, 0x0000,
  0x0000, 0x0000, 0x0000, 0x0000, 0x0000, 0x0000, 0x0000, 0x0000, 0x0000, 0x0000, 0x0000, 0x0000, 0x0000, 0x0000, 0x0000, 0x0000,
  0x0000, 0x0000, 0x0000, 0x0000, 0x0000, 0x0000, 0x0020, 0x0861, 0x0000, 0x0800, 0x0800, 0x0800, 0x1020, 0x1020, 0x0800, 0x2041,
  0x1020, 0x1800, 0x1820, 0x0800, 0x1800, 0x1820, 0x1020, 0x1000, 0x1800, 0x1820, 0x2040, 0x2020, 0x1820, 0x1020, 0x2020, 0x1020,
  0x1820, 0x2040, 0x2020, 0x2020, 0x2020, 0x1800, 0x1820, 0x1820, 0x0800, 0x1820, 0x1820, 0x1000, 0x1820, 0x2020, 0x1000, 0x1800,
  0x1000, 0x1000, 0x0800, 0x1000, 0x0800, 0x0800, 0x0000, 0x0800, 0x0800, 0x0000, 0x0800, 0x0000, 0x0000, 0x0000, 0x0000, 0x0800,
  0x0000, 0x0800, 0x0000, 0x0000, 0x0000, 0x0000, 0x0000, 0x0800, 0x0000, 0x0000, 0x0000, 0x0000, 0x0000, 0x0000, 0x0000, 0x0000,
  0x0800, 0x1020, 0x1821, 0x1000, 0x1841, 0x2082, 0x2042, 0x3083, 0x2862, 0x2842, 0x3883, 0x4042, 0x4842, 0x4062, 0x2862, 0x3062,
  0x4062, 0x5062, 0x7063, 0x88A4, 0x7105, 0x68C4, 0x8987, 0x7905, 0x6063, 0x5862, 0x7042, 0x9842, 0xA842, 0xA0A4, 0x88C4, 0x68C3,
  0x7083, 0xB8A3, 0xB8C4, 0xB083, 0xA0C4, 0xB0A4, 0xC083, 0x98C3, 0x7801, 0x6000, 0x8041, 0xA061, 0xB8C3, 0x68A3, 0x3062, 0x4862,
  0x6105, 0x60E4, 0xA166, 0xB9A7, 0xA146, 0xA946, 0xE36D, 0xA166, 0xA0E5, 0xC883, 0xD228, 0xE38D, 0x4000, 0x4020, 0xA800, 0xD882,
  0xE0E4, 0xC925, 0xC8C3, 0xD800, 0xE861, 0xB841, 0x6000, 0x3800, 0x8165, 0xDBEE, 0xFEFA, 0xDBCE, 0x6800, 0x7000, 0xC840, 0xE983,
  0xF122, 0xE964, 0xF44D, 0xE923, 0xE841, 0xE061, 0xF061, 0xE9A5, 0x5881, 0x5000, 0xA820, 0x8800, 0x4000, 0x3000, 0x5800, 0x90E3,
  0x9125, 0x6882, 0x5862, 0x5882, 0x58C4, 0x58A3, 0x70E4, 0x9186, 0xAA28, 0xC207, 0xA0C4, 0x8167, 0xA2CC, 0x9ACC, 0x7146, 0x5925,
  0x48E4, 0x38A3, 0x1821, 0x1000, 0x3061, 0x2021, 0x1821, 0x1000, 0x1082, 0x0020, 0x0000, 0x0000, 0x0000, 0x0000, 0x0000, 0x0000,
  0x0000, 0x0000, 0x0000, 0x0000, 0x0000, 0x0000, 0x0000, 0x0000, 0x0000, 0x0000, 0x0000, 0x0000, 0x0000, 0x0000, 0x0000, 0x0000,
  0x0000, 0x0000, 0x0000, 0x0000, 0x0000, 0x0000, 0x0000, 0x0000, 0x0000, 0x0000, 0x0000, 0x0000, 0x0000, 0x0000, 0x0000, 0x0000,
  0x0000, 0x0000, 0x0000, 0x0000, 0x0000, 0x0000, 0x0000, 0x0841, 0x0841, 0x0000, 0x0800, 0x0000, 0x0800, 0x1000, 0x0800, 0x1000,
  0x1020, 0x0800, 0x0000, 0x0800, 0x0800, 0x0800, 0x1820, 0x1800, 0x1000, 0x1000, 0x1000, 0x1000, 0x1000, 0x1000, 0x0800, 0x1000,
  0x1800, 0x0800, 0x1000, 0x0800, 0x1000, 0x0800, 0x1000, 0x0800, 0x0000, 0x0800, 0x0000, 0x0000, 0x0000, 0x0000, 0x0000, 0x0000,
  0x0000, 0x0000, 0x0000, 0x0000, 0x0000, 0x0000, 0x0000, 0x0000, 0x0000, 0x0000, 0x0800, 0x0000, 0x0800, 0x0820, 0x0000, 0x0000,
  0x0000, 0x0800, 0x0800, 0x0800, 0x0800, 0x0800, 0x0800, 0x0800, 0x1000, 0x1020, 0x1000, 0x1000, 0x1821, 0x2062, 0x1021, 0x1021,
  0x2021, 0x2842, 0x3862, 0x4883, 0x4883, 0x2821, 0x4062, 0x4863, 0x5883, 0x7083, 0x5062, 0x6883, 0x6883, 0x60C4, 0x60C4, 0x6842,
  0x7063, 0x88A4, 0x78A4, 0x7905, 0x60A3, 0x5883, 0x70A3, 0x7883, 0xA062, 0x8842, 0x9042, 0xB883, 0xA0C4, 0x8083, 0x8862, 0x9882,
  0x9042, 0xB862, 0xB082, 0xB8E4, 0xBB2B, 0x8985, 0x5021, 0x5062, 0x6125, 0x50E4, 0x79A7, 0x8987, 0xA208, 0xA9E7, 0x3000, 0x3000,
  0x70C3, 0xA145, 0xB166, 0xB987, 0xDAEC, 0xB2AB, 0x90C3, 0xC2AA, 0xC9A7, 0xA821, 0x8820, 0xFB2B, 0xAA06, 0x2800, 0x6000, 0xC021,
  0xD061, 0xA800, 0x8800, 0x7000, 0x6000, 0x4000, 0x71A6, 0xB269, 0xCA69, 0xE34C, 0xCA08, 0xEBAD, 0xD2C9, 0x5000, 0x9020, 0xE881,
  0xE861, 0xE205, 0xE0E2, 0xE820, 0xE8A2, 0xE041, 0xD000, 0xE820, 0xB082, 0x3000, 0x3820, 0x3841, 0x3800, 0x7041, 0x9924, 0x78E3,
  0x50A3, 0x4062, 0x58C3, 0x5082, 0x5883, 0xA9A5, 0xC9C5, 0x7905, 0x50A4, 0x8905, 0xC0A4, 0x9821, 0x9A8B, 0x92AB, 0x48C4, 0x5966,
  0x40E4, 0x3062, 0x1841, 0x1000, 0x6103, 0x4861, 0x1000, 0x1041, 0x0000, 0x0000, 0x0000, 0x0000, 0x0000, 0x0000, 0x0000, 0x0000,
  0x0000, 0x0000, 0x0000, 0x0000, 0x0000, 0x0000, 0x0000, 0x0000, 0x0000, 0x0000, 0x0000, 0x0000, 0x0000, 0x0000, 0x0000, 0x0000,
  0x0000, 0x0000, 0x0000, 0x0000, 0x0000, 0x0000, 0x0000, 0x0000, 0x0000, 0x0000, 0x0000, 0x0000, 0x0000, 0x0000, 0x0000, 0x0000,
  0x0000, 0x0000, 0x0000, 0x0000, 0x0000, 0x0000, 0x0000, 0x0000, 0x10A2, 0x0020, 0x0000, 0x0000, 0x0000, 0x0000, 0x0000, 0x0000,
  0x0800, 0x0800, 0x0000, 0x0800, 0x0800, 0x0000, 0x0000, 0x0800, 0x0000, 0x0800, 0x0000, 0x0000, 0x0000, 0x0800, 0x0000, 0x0800,
  0x0800, 0x0000, 0x0000, 0x0000, 0x0000, 0x0000, 0x0000, 0x0000, 0x0000, 0x0000, 0x0000, 0x0000, 0x0800, 0x0800, 0x0800, 0x0820,
  0x1020, 0x0800, 0x0800, 0x1020, 0x1000, 0x1020, 0x1020, 0x1020, 0x1021, 0x1000, 0x1021, 0x1821, 0x1841, 0x1021, 0x1021, 0x1021,
  0x1021, 0x1841, 0x2041, 0x2021, 0x2021, 0x3082, 0x2041, 0x2021, 0x2862, 0x2062, 0x2842, 0x2842, 0x2821, 0x2862, 0x2041, 0x3842,
  0x5842, 0x4883, 0x3042, 0x4082, 0x58A3, 0x68A3, 0x9126, 0x78E5, 0x6063, 0x80A4, 0x4062, 0x5883, 0x60C4, 0x5862, 0x9063, 0x7083,
  0x68C4, 0x50A4, 0x50A4, 0x7084, 0x9884, 0x90C4, 0x78C4, 0x8821, 0xD821, 0xC8A2, 0x9862, 0x9883, 0x78A3, 0x8862, 0xC0A3, 0xB800,
  0xA8C3, 0x6841, 0x7862, 0x7082, 0x5062, 0x50E4, 0x48E4, 0x6125, 0xA2AB, 0x89C8, 0x8126, 0xB26A, 0x8145, 0xC1C7, 0xA1C7, 0x2000,
  0x4000, 0x98C4, 0xC1C8, 0xB146, 0xCA08, 0x9925, 0x98C3, 0xF228, 0xF208, 0xD0A3, 0xC8C3, 0xE8C3, 0xE9A5, 0x70A2, 0x2000, 0x5800,
  0x6800, 0x5800, 0x4000, 0x1800, 0x61A6, 0x9A28, 0xB9E7, 0xC1E7, 0x8800, 0xA001, 0xC821, 0xD800, 0xFB2A, 0xC1E6, 0x5000, 0x9000,
  0xD800, 0xE123, 0xE9C6, 0xE903, 0xD020, 0xC800, 0xC820, 0xA000, 0x7000, 0x4881, 0x4061, 0x4040, 0x78C3, 0xA124, 0x60A2, 0x4862,
  0x5883, 0x68C3, 0x6882, 0x9A07, 0x88C4, 0xB964, 0xF267, 0xA8C4, 0x58E4, 0x88E5, 0xEAA9, 0xF2E9, 0xA966, 0x7A29, 0x6187, 0x69C8,
  0x40C4, 0x3083, 0x1841, 0x0800, 0x7185, 0x50A2, 0x1820, 0x1061, 0x0000, 0x0000, 0x0000, 0x0000, 0x0000, 0x0000, 0x0000, 0x0000,
  0x0000, 0x0000, 0x0000, 0x0000, 0x0000, 0x0000, 0x0000, 0x0000, 0x0000, 0x0000, 0x0000, 0x0000, 0x0000, 0x0000, 0x0000, 0x0000,
  0x0000, 0x0000, 0x0000, 0x0000, 0x0000, 0x0000, 0x0000, 0x0000, 0x0000, 0x0000, 0x0000, 0x0000, 0x0000, 0x0000, 0x0000, 0x0000,
  0x0000, 0x0000, 0x0000, 0x0000, 0x0000, 0x0000, 0x0000, 0x0000, 0x0000, 0x18C3, 0x0000, 0x0000, 0x0000, 0x0000, 0x0000, 0x0000,
  0x0000, 0x0000, 0x0000, 0x0000, 0x0000, 0x0000, 0x0000, 0x0000, 0x0000, 0x0000, 0x0000, 0x0000, 0x0000, 0x0000, 0x0000, 0x0800,
  0x0800, 0x0800, 0x0800, 0x0800, 0x1820, 0x2020, 0x1800, 0x2020, 0x2821, 0x1800, 0x2021, 0x1800, 0x2021, 0x2021, 0x1000, 0x1800,
  0x2041, 0x2841, 0x2842, 0x3062, 0x1841, 0x2882, 0x2862, 0x2042, 0x2021, 0x1821, 0x1000, 0x2862, 0x2862, 0x2062, 0x2041, 0x3062,
  0x3082, 0x2862, 0x2842, 0x48E4, 0x4083, 0x40A3, 0x3062, 0x3862, 0x38A3, 0x3042, 0x3862, 0x4063, 0x3841, 0x5063, 0x3842, 0x3821,
  0x6862, 0x70C4, 0x5083, 0x4083, 0x6083, 0x89E8, 0x6905, 0x70E5, 0x68A3, 0x80A4, 0x58A3, 0x4883, 0x60A4, 0x4882, 0x6883, 0x58A3,
  0x8166, 0x9208, 0x8042, 0xA905, 0xB083, 0xB863, 0xA0C4, 0x9021, 0xD1C6, 0xA124, 0x4800, 0x5062, 0x4800, 0xC1E7, 0xECF1, 0x8041,
  0x4020, 0x2021, 0x48A3, 0x58C4, 0x81E8, 0x9A6A, 0x78E5, 0x9946, 0xA987, 0x99A7, 0xA966, 0xD9E9, 0xC987, 0xD987, 0xFC2F, 0x68E3,
  0x1000, 0x6821, 0xB8A3, 0xB083, 0xA904, 0xCA4A, 0xE165, 0xD062, 0xE186, 0xE165, 0xE082, 0xE8C2, 0xF8A2, 0xB8A2, 0x3020, 0x2041,
  0x2000, 0x3020, 0x6124, 0x78E3, 0xC125, 0xD165, 0xC9A6, 0xE2A9, 0xD9C6, 0xE2EA, 0xF165, 0xE8A2, 0xE8C2, 0xF267, 0xA0A1, 0x4000,
  0xA820, 0xF041, 0xE861, 0xC800, 0x9000, 0x7800, 0x7000, 0x4820, 0x4041, 0x3800, 0x5841, 0x91A6, 0x8165, 0x4821, 0x4062, 0x60A3,
  0x80E4, 0x9904, 0x9883, 0xC083, 0xE1E6, 0xD964, 0xE9A3, 0xEA45, 0xA965, 0x8883, 0xF329, 0xF36B, 0xA0C4, 0x826A, 0x7229, 0x50E4,
  0x40E4, 0x3082, 0x1841, 0x0000, 0x3840, 0x3861, 0x1061, 0x0000, 0x0000, 0x0000, 0x0000, 0x0000, 0x0000, 0x0000, 0x0000, 0x0000,
  0x0000, 0x0000, 0x0000, 0x0000, 0x0000, 0x0000, 0x0000, 0x0000, 0x0000, 0x0000, 0x0000, 0x0000, 0x0000, 0x0000, 0x0000, 0x0000,
  0x0000, 0x0000, 0x0000, 0x0000, 0x0000, 0x0000, 0x0000, 0x0000, 0x0000, 0x0000, 0x0000, 0x0000, 0x0000, 0x0000, 0x0000, 0x0000,
  0x0000, 0x0000, 0x0000, 0x0000, 0x0000, 0x0000, 0x0000, 0x0000, 0x0000, 0x0841, 0x18A2, 0x0000, 0x0000, 0x0000, 0x0800, 0x0800,
  0x0800, 0x0800, 0x1000, 0x1000, 0x1000, 0x1000, 0x1020, 0x1000, 0x1000, 0x1000, 0x1000, 0x2041, 0x1800, 0x2820, 0x2020, 0x2000,
  0x3021, 0x2820, 0x3821, 0x2820, 0x2821, 0x2821, 0x2021, 0x2021, 0x3841, 0x4041, 0x3041, 0x3041, 0x2821, 0x2821, 0x3041, 0x4883,
  0x3862, 0x48C4, 0x3062, 0x4083, 0x2862, 0x2041, 0x3883, 0x38A3, 0x3083, 0x40A2, 0x6985, 0x3042, 0x3882, 0x40C3, 0x3882, 0x48A3,
  0x50C4, 0x4083, 0x4063, 0x40A3, 0x3862, 0x3862, 0x40A3, 0x3862, 0x4062, 0x50C4, 0x5083, 0x4862, 0x4042, 0x3821, 0x5083, 0x48A3,
  0x4062, 0x4042, 0x78E4, 0x60A4, 0x4042, 0x6863, 0x6842, 0x9883, 0x98C4, 0x6842, 0x5862, 0x4062, 0x3862, 0x48A3, 0x50A3, 0x7083,
  0x9083, 0x88A3, 0x88A3, 0x81C7, 0x80A4, 0xA0A4, 0xA0A3, 0xD0E4, 0xFD31, 0x9944, 0x3821, 0x3082, 0x5001, 0xD186, 0xF268, 0xD248,
  0x6041, 0x1820, 0x2841, 0x7946, 0x8987, 0x9166, 0xA125, 0xA926, 0xB967, 0xA146, 0xB146, 0xC9A7, 0x9083, 0x9862, 0xDA08, 0xC2EA,
  0x2820, 0x4000, 0xB841, 0xC8A2, 0xD104, 0xEA29, 0xD125, 0x9842, 0xD041, 0xE841, 0xD061, 0xE841, 0xE020, 0x7000, 0x3881, 0x48E3,
  0x4841, 0x90E3, 0xB965, 0xC862, 0xD882, 0xD0E3, 0xEB6B, 0xE1C5, 0xEA47, 0xF9A5, 0xF103, 0xE8A2, 0xE8A1, 0xE902, 0xEB09, 0x6820,
  0x4800, 0xA820, 0xB800, 0xA000, 0x6000, 0x4000, 0x5061, 0x4000, 0x3000, 0x7904, 0xCA07, 0x80A2, 0x4882, 0x50C3, 0x50A3, 0x68C3,
  0x88E4, 0xD184, 0xEAE3, 0xF467, 0xFD2A, 0xF304, 0xF48A, 0xFFFC, 0xDBAA, 0x78E4, 0x90E4, 0x88A3, 0x6946, 0x7A09, 0x6186, 0x5125,
  0x38C4, 0x2882, 0x1020, 0x0800, 0x1800, 0x1841, 0x0000, 0x0000, 0x0000, 0x0000, 0x0000, 0x0000, 0x0000, 0x0000, 0x0000, 0x0000,
  0x0000, 0x0000, 0x0000, 0x0000, 0x0000, 0x0000, 0x0000, 0x0000, 0x0000, 0x0000, 0x0000, 0x0000, 0x0000, 0x0000, 0x0000, 0x0000,
  0x0000, 0x0000, 0x0000, 0x0000, 0x0000, 0x0000, 0x0000, 0x0000, 0x0000, 0x0000, 0x0000, 0x0000, 0x0000, 0x0000, 0x0000, 0x0000,
  0x0000, 0x0000, 0x0000, 0x0000, 0x0000, 0x0000, 0x0000, 0x0000, 0x0000, 0x0000, 0x1061, 0x1062, 0x0800, 0x1800, 0x1000, 0x1820,
  0x1821, 0x2021, 0x1821, 0x1821, 0x2841, 0x2841, 0x2841, 0x3041, 0x3042, 0x2841, 0x2021, 0x3041, 0x2821, 0x4041, 0x4041, 0x3821,
  0x4042, 0x2821, 0x3021, 0x3021, 0x2821, 0x2821, 0x4041, 0x4061, 0x3042, 0x4042, 0x4041, 0x2000, 0x48A3, 0x48A3, 0x4042, 0x50C3,
  0x3082, 0x40A3, 0x3882, 0x3842, 0x4042, 0x40A3, 0x3883, 0x4083, 0x48C4, 0x4082, 0x5924, 0x3862, 0x48A3, 0x48A3, 0x3882, 0x48C3,
  0x48C4, 0x4862, 0x5083, 0x4062, 0x4062, 0x5063, 0x48A3, 0x40A2, 0x4883, 0x5062, 0x6883, 0x6063, 0x58A3, 0x5883, 0x70C3, 0x91A7,
  0x5082, 0x4841, 0x70C3, 0x68E4, 0x5062, 0x8165, 0x9166, 0x88E4, 0x58E4, 0x58C3, 0x88C3, 0x9145, 0x6842, 0x68E4, 0x5125, 0x4882,
  0x6105, 0x3883, 0x4105, 0x40A3, 0x5062, 0x6883, 0x6862, 0x9041, 0xCAA9, 0xB2CA, 0x40A3, 0x5124, 0x7021, 0x8882, 0xD021, 0xEA48,
  0xCACA, 0x3800, 0x0800, 0x6062, 0x80E4, 0xB967, 0xD30C, 0xA0C4, 0xB0E5, 0xA905, 0xC0C4, 0xB1A7, 0x9841, 0xC842, 0xC801, 0xF248,
  0x9206, 0x3000, 0x8020, 0xB061, 0xD0A3, 0xE0C3, 0xC082, 0xA882, 0xD881, 0xE000, 0xD800, 0xA000, 0x4800, 0x3000, 0x6041, 0x8165,
  0x4800, 0x8841, 0xC0C3, 0xF103, 0xFC0C, 0xEAC8, 0xE103, 0xE0C2, 0xE841, 0xE881, 0xE0A2, 0xE103, 0xE903, 0xE081, 0xF164, 0xB985,
  0x3000, 0x4000, 0x5800, 0x5020, 0x4841, 0x3000, 0x3800, 0x6061, 0x9185, 0xA165, 0x8082, 0x4041, 0x58E4, 0x6924, 0x88E4, 0xA105,
  0xA8E3, 0xF385, 0xFFB7, 0xFFFF, 0xFEF2, 0xF303, 0xFD4D, 0xFD70, 0xD266, 0x79A7, 0x5105, 0x4105, 0x48E4, 0x69A7, 0x5966, 0x4104,
  0x30A3, 0x2862, 0x1000, 0x0800, 0x1882, 0x0000, 0x0000, 0x0000, 0x0000, 0x0000, 0x0000, 0x0000, 0x0000, 0x0000, 0x0000, 0x0000,
  0x0000, 0x0000, 0x0000, 0x0000, 0x0000, 0x0000, 0x0000, 0x0000, 0x0000, 0x0000, 0x0000, 0x0000, 0x0000, 0x0000, 0x0000, 0x0000,
  0x0000, 0x0000, 0x0000, 0x0000, 0x0000, 0x0000, 0x0000, 0x0000, 0x0000, 0x0000, 0x0000, 0x0000, 0x0000, 0x0000, 0x0000, 0x0000,
  0x0000, 0x0000, 0x0000, 0x0000, 0x0000, 0x0000, 0x0000, 0x0000, 0x0000, 0x0000, 0x0000, 0x1082, 0x1061, 0x1000, 0x1820, 0x1820,
  0x2021, 0x2021, 0x2021, 0x2021, 0x2841, 0x2021, 0x2041, 0x2841, 0x2841, 0x3082, 0x3862, 0x4042, 0x2841, 0x3821, 0x4041, 0x4041,
  0x4042, 0x2841, 0x2821, 0x4042, 0x4021, 0x5041, 0x5842, 0x4862, 0x4082, 0x2821, 0x5062, 0x50C3, 0x50E4, 0x3882, 0x3062, 0x3062,
  0x3062, 0x3862, 0x60A3, 0x58A3, 0x71C7, 0x48C4, 0x4083, 0x40C3, 0x5083, 0x68A4, 0x6925, 0x4082, 0x3882, 0x40A3, 0x38A3, 0x40A3,
  0x58A3, 0x68A3, 0x60C4, 0x3821, 0x3801, 0x9082, 0x7082, 0x5062, 0x80A3, 0xA9C6, 0x98A3, 0x8904, 0x5883, 0x5062, 0x6082, 0x7986,
  0x60C3, 0x6882, 0x7904, 0x5904, 0x4882, 0x5904, 0x5904, 0x58C3, 0x60E4, 0x6062, 0x7021, 0xA0C3, 0xC1C7, 0x88A3, 0x2800, 0x1062,
  0x2083, 0x3082, 0x4883, 0x60A3, 0x88A4, 0x88A4, 0x8063, 0xA8A4, 0xB946, 0xC32B, 0x2800, 0x4020, 0x8062, 0xA8C4, 0xD145, 0xD862,
  0xFAAA, 0x9965, 0x1800, 0x5841, 0x98C4, 0xB946, 0xB105, 0xC042, 0xB842, 0x9062, 0xB021, 0xC8A3, 0xC8C3, 0xD842, 0xD862, 0xE082,
  0xDB0A, 0x5061, 0x5000, 0xA820, 0xD861, 0xC841, 0xC820, 0xC021, 0xB820, 0x9800, 0x5000, 0x2800, 0x4020, 0xA9A6, 0xDA69, 0xFC4F,
  0x9965, 0x4800, 0x9000, 0xD881, 0xEA05, 0xE902, 0xE061, 0xE041, 0xF040, 0xE8E2, 0xE081, 0xE840, 0xE840, 0xE000, 0xE800, 0xE8E3,
  0x7061, 0x3820, 0x6924, 0x5881, 0x2800, 0x3800, 0x6061, 0xA104, 0x9965, 0x5821, 0x68C3, 0x6904, 0x6904, 0x7125, 0x8966, 0xB0E5,
  0xEAE5, 0xFEAC, 0xFF77, 0xED91, 0xD2C6, 0xC183, 0xC182, 0xDAA8, 0xB34D, 0x79C8, 0x69A7, 0x5125, 0x4905, 0x5146, 0x38C3, 0x30A3,
  0x2882, 0x1841, 0x0000, 0x0841, 0x0841, 0x0000, 0x0000, 0x0000, 0x0000, 0x0000, 0x0000, 0x0000, 0x0000, 0x0000, 0x0000, 0x0000,
  0x0000, 0x0000, 0x0000, 0x0000, 0x0000, 0x0000, 0x0000, 0x0000, 0x0000, 0x0000, 0x0000, 0x0000, 0x0000, 0x0000, 0x0000, 0x0000,
  0x0000, 0x0000, 0x0000, 0x0000, 0x0000, 0x0000, 0x0000, 0x0000, 0x0000, 0x0000, 0x0000, 0x0000, 0x0000, 0x0000, 0x0000, 0x0000,
  0x0000, 0x0000, 0x0000, 0x0000, 0x0000, 0x0000, 0x0000, 0x0000, 0x0000, 0x0000, 0x0000, 0x0000, 0x1082, 0x0841, 0x1020, 0x1821,
  0x2821, 0x2821, 0x3021, 0x4883, 0x3042, 0x3062, 0x3862, 0x3042, 0x2021, 0x2862, 0x3062, 0x5821, 0x4821, 0x3842, 0x4083, 0x4041,
  0x5042, 0x4042, 0x3821, 0x4862, 0x4042, 0x4862, 0x50A3, 0x4062, 0x6842, 0x60A3, 0x5062, 0x78C4, 0x7083, 0x48A3, 0x48A3, 0x4883,
  0x5883, 0x4862, 0x4062, 0x48A3, 0x5905, 0x60C3, 0x3862, 0x3862, 0x68E4, 0x4062, 0x4062, 0x50E4, 0x4083, 0x58A3, 0x68A4, 0x6862,
  0x7104, 0x68C3, 0x8821, 0xB144, 0xA206, 0x7082, 0x8945, 0x5083, 0x70E4, 0x9AC9, 0x60E4, 0x4062, 0x40C3, 0x3862, 0x3062, 0x40A3,
  0x4083, 0x48A3, 0x50C4, 0x4883, 0x50A3, 0x68C4, 0x6083, 0x6063, 0x8905, 0x7905, 0x7862, 0x90A3, 0xA8E4, 0xE32B, 0x78A3, 0x0800,
  0x30A3, 0x58A3, 0x80A4, 0x90A4, 0xB8E5, 0xB905, 0xD926, 0xC0E5, 0xA8A3, 0xD30C, 0x5945, 0x3000, 0x9021, 0xC021, 0xC821, 0xD000,
  0xD861, 0xF2EA, 0x68A2, 0x3800, 0x9842, 0xD0E4, 0xB186, 0xC0C3, 0xC062, 0x9041, 0xB821, 0xC800, 0xC9A6, 0xC841, 0xC800, 0xC800,
  0xE124, 0x60A2, 0x2800, 0x7800, 0xA000, 0x7800, 0x6000, 0x3800, 0x4020, 0x3820, 0x68A2, 0xB1A6, 0xD0E3, 0xE965, 0xF1E6, 0xF963,
  0xF308, 0x6881, 0x5800, 0xC800, 0xE0A2, 0xD800, 0xD000, 0xC800, 0xD000, 0xE000, 0xD820, 0xB800, 0xD800, 0xD820, 0xD840, 0xC000,
  0x6800, 0x3820, 0x4041, 0x4000, 0x5881, 0x99C6, 0x78C3, 0x6841, 0x80C3, 0x60C3, 0x4862, 0x81A6, 0xAA69, 0x68E4, 0x81C7, 0x8145,
  0xA9C5, 0xBA85, 0xB9C2, 0x90C1, 0x6083, 0x8A08, 0x8208, 0x8A6A, 0x932D, 0x82AB, 0x7229, 0x6208, 0x5166, 0x38C3, 0x30A3, 0x30A3,
  0x2062, 0x0800, 0x0841, 0x0861, 0x0000, 0x0000, 0x0000, 0x0000, 0x0000, 0x0000, 0x0000, 0x0000, 0x0000, 0x0000, 0x0000, 0x0000,
  0x0000, 0x0000, 0x0000, 0x0000, 0x0000, 0x0000, 0x0000, 0x0000, 0x0000, 0x0000, 0x0000, 0x0000, 0x0000, 0x0000, 0x0000, 0x0000,
  0x0000, 0x0000, 0x0000, 0x0000, 0x0000, 0x0000, 0x0000, 0x0000, 0x0000, 0x0000, 0x0000, 0x0000, 0x0000, 0x0000, 0x0000, 0x0000,
  0x0000, 0x0000, 0x0000, 0x0000, 0x0000, 0x0000, 0x0000, 0x0000, 0x0000, 0x0000, 0x0000, 0x0000, 0x0000, 0x18C3, 0x0820, 0x1800,
  0x3041, 0x3821, 0x4042, 0x3862, 0x3041, 0x3041, 0x2861, 0x3062, 0x4062, 0x4041, 0x3841, 0x5042, 0x6883, 0x4841, 0x3841, 0x4841,
  0x6821, 0x6882, 0x5882, 0x5842, 0x6001, 0x6842, 0x6083, 0x4841, 0x4821, 0x5882, 0x3041, 0x4021, 0x60A3, 0x6125, 0x5062, 0x6062,
  0x70A3, 0x4882, 0x3082, 0x50C3, 0x60C3, 0x5042, 0x6945, 0x4882, 0x68A3, 0x4862, 0x4883, 0x4083, 0x5842, 0x9062, 0x9062, 0x6841,
  0x4862, 0x4821, 0x8861, 0x7903, 0x5904, 0x3862, 0x40A3, 0x40A3, 0x38A3, 0x48A3, 0x81E8, 0x3882, 0x38C3, 0x40C3, 0x3062, 0x40C3,
  0x6105, 0x78E4, 0x68A3, 0x78C4, 0x78A4, 0x9105, 0xA126, 0x80C4, 0x7062, 0xBA6A, 0xB167, 0xB926, 0xA0C4, 0xA104, 0xC2CA, 0x3000,
  0x3082, 0x78C4, 0x80E5, 0x7842, 0xD0C4, 0xC146, 0xA0C3, 0xB8E4, 0xB8E4, 0xE249, 0xAB4C, 0x2000, 0x6800, 0x9800, 0xC020, 0xD881,
  0xD800, 0xF964, 0xCAA9, 0x3000, 0x7820, 0xD8E3, 0xD082, 0xC8A3, 0xC862, 0xD082, 0xB820, 0xB000, 0xC820, 0xD0C2, 0xC820, 0xD800,
  0xA800, 0x3800, 0x2841, 0x2800, 0x3800, 0x2800, 0x1800, 0x2861, 0x8186, 0xB104, 0xE1A7, 0xE8E4, 0xD800, 0xD000, 0xC881, 0xE8C2,
  0xF0E2, 0xDA46, 0x5000, 0x9800, 0xC000, 0xC020, 0xD800, 0xD020, 0xC000, 0xA800, 0xB800, 0xA000, 0x9800, 0xA000, 0x9000, 0x6000,
  0x3800, 0x2800, 0x4000, 0x6841, 0x89C6, 0x5882, 0x4041, 0x4882, 0x50A3, 0x50C3, 0x40A2, 0x50C3, 0xA1E7, 0x7966, 0x7105, 0x81C7,
  0x7125, 0x8146, 0x7926, 0x79A8, 0x6166, 0x6186, 0x9BAF, 0x828B, 0xA3F0, 0x59A7, 0x40E4, 0x30A3, 0x5146, 0x38C3, 0x28A2, 0x2082,
  0x1020, 0x0841, 0x0841, 0x0000, 0x0000, 0x0000, 0x0000, 0x0000, 0x0000, 0x0000, 0x0000, 0x0000, 0x0000, 0x0000, 0x0000, 0x0000,
  0x0000, 0x0000, 0x0000, 0x0000, 0x0000, 0x0000, 0x0000, 0x0000, 0x0000, 0x0000, 0x0000, 0x0000, 0x0000, 0x0000, 0x0000, 0x0000,
  0x0000, 0x0000, 0x0000, 0x0000, 0x0000, 0x0000, 0x0000, 0x0000, 0x0000, 0x0000, 0x0000, 0x0000, 0x0000, 0x0000, 0x0000, 0x0000,
  0x0000, 0x0000, 0x0000, 0x0000, 0x0000, 0x0000, 0x0000, 0x0000, 0x0000, 0x0000, 0x0000, 0x0000, 0x0000, 0x0000, 0x18C3, 0x0820,
  0x1800, 0x2021, 0x2021, 0x2821, 0x6882, 0x4062, 0x2062, 0x4062, 0x5882, 0x6965, 0x70E4, 0x89A6, 0x60A2, 0x8082, 0x6842, 0x4001,
  0x6800, 0x8862, 0x7883, 0x8042, 0x90C4, 0x7083, 0x6042, 0x6862, 0x3861, 0x3882, 0x5042, 0x6062, 0x4862, 0x5062, 0x8083, 0x8883,
  0x8083, 0x58C3, 0x40A3, 0x5883, 0x68A3, 0x5862, 0x70A3, 0x8925, 0x8145, 0x8083, 0x7062, 0x4882, 0x68A3, 0x7042, 0x68A3, 0x48E4,
  0x40E4, 0x3083, 0x2862, 0x3883, 0x50A4, 0x7966, 0x7125, 0x70A4, 0x8105, 0x9105, 0x9042, 0xA0C4, 0x78C4, 0x48C4, 0x38A3, 0x3883,
  0x6083, 0x88E5, 0x80C4, 0x9926, 0x9926, 0x8062, 0xA105, 0xB125, 0xA083, 0xA8A4, 0xA0A4, 0xB925, 0xA083, 0x9800, 0xD248, 0x7924,
  0x2000, 0x5862, 0x8862, 0x9082, 0xB842, 0xD946, 0xA8C4, 0xB883, 0xB801, 0xD882, 0xDAEB, 0x3820, 0x3800, 0xA000, 0xC000, 0xD040,
  0xD8A2, 0xE000, 0xF206, 0x60C2, 0x5000, 0xD0A2, 0xD021, 0xC882, 0xA841, 0xD020, 0xC000, 0xC800, 0xD820, 0xD840, 0xC000, 0xA000,
  0x4000, 0x2800, 0x5041, 0x7041, 0x80A2, 0x5820, 0x4882, 0xA1E8, 0xC8C3, 0xE041, 0xE0E3, 0xD840, 0xD8C2, 0xE9A4, 0xD8C2, 0xE020,
  0xE800, 0xF9C5, 0xA9A5, 0x4000, 0x8000, 0xB020, 0xB800, 0x9800, 0x9000, 0x7000, 0x7000, 0x7800, 0x6000, 0x5000, 0x4000, 0x3000,
  0x3000, 0x3800, 0x5000, 0x6082, 0x4861, 0x4062, 0x3041, 0x3062, 0x3062, 0x50C3, 0x7987, 0x5104, 0x48C3, 0x6145, 0x7166, 0x81E8,
  0x6946, 0x6166, 0x71E8, 0x8A6A, 0xCC92, 0x826A, 0x7249, 0x61E8, 0x5166, 0x4105, 0x40E4, 0x38C4, 0x30A3, 0x2882, 0x2041, 0x1021,
  0x0821, 0x0861, 0x0000, 0x0000, 0x0000, 0x0000, 0x0000, 0x0000, 0x0000, 0x0000, 0x0000, 0x0000, 0x0000, 0x0000, 0x0000, 0x0000,
  0x0000, 0x0000, 0x0000, 0x0000, 0x0000, 0x0000, 0x0000, 0x0000, 0x0000, 0x0000, 0x0000, 0x0000, 0x0000, 0x0000, 0x0000, 0x0000,
  0x0000, 0x0000, 0x0000, 0x0000, 0x0000, 0x0000, 0x0000, 0x0000, 0x0000, 0x0000, 0x0000, 0x0000, 0x0000, 0x0000, 0x0000, 0x0000,
  0x0000, 0x0000, 0x0000, 0x0000, 0x0000, 0x0000, 0x0000, 0x0000, 0x0000, 0x0000, 0x0000, 0x0000, 0x0000, 0x0000, 0x1082, 0x2104,
  0x1000, 0x2841, 0x2841, 0x2021, 0x3041, 0x2841, 0x3062, 0x5821, 0x8062, 0x8104, 0x6862, 0x6862, 0x6821, 0x8924, 0x68C4, 0x40A3,
  0x4883, 0x4842, 0x4021, 0x5001, 0x5904, 0x38A3, 0x4883, 0x48A3, 0x48A3, 0x4862, 0x4862, 0x4021, 0x48A2, 0x5862, 0x7883, 0x60A3,
  0x3882, 0x48C3, 0x60A3, 0x7883, 0x6883, 0x6082, 0x5862, 0x4841, 0x6862, 0x9022, 0xC0E4, 0x78A3, 0x40E4, 0x38A3, 0x4966, 0x8B2D,
  0x48A3, 0x50A3, 0x68C4, 0x70C4, 0x8043, 0xA0E5, 0x9146, 0x8083, 0x88A4, 0xA105, 0x9083, 0xC883, 0xE1C7, 0x8903, 0x3021, 0x2862,
  0x4800, 0x98E4, 0xB8A4, 0xA821, 0xB126, 0xA946, 0xA8A3, 0xC884, 0xC8A4, 0x8841, 0x8000, 0xC821, 0xD8A3, 0xE125, 0xE945, 0xA207,
  0x2000, 0x4821, 0xA863, 0xB8A3, 0xA801, 0xC821, 0xB883, 0xB841, 0xE0C3, 0xE000, 0xF9A6, 0x89A6, 0x2000, 0x8800, 0xB820, 0xD000,
  0xD861, 0xE000, 0xF103, 0xAA27, 0x3000, 0x8800, 0xC800, 0xE124, 0xE0C3, 0xD000, 0xD000, 0xD000, 0xD800, 0xD000, 0x9000, 0x3800,
  0x3000, 0x7862, 0xC082, 0xE103, 0xFACA, 0xCB2B, 0x5041, 0x8820, 0xE820, 0xD000, 0xC800, 0xE840, 0xE040, 0xE163, 0xD8C2, 0xE020,
  0xF000, 0xF0A2, 0xF267, 0x5881, 0x3800, 0x8000, 0x7800, 0x6000, 0x5000, 0x3800, 0x3000, 0x4020, 0x3000, 0x3020, 0x3841, 0x2800,
  0x4041, 0x4861, 0x4000, 0x60C3, 0x4041, 0x3841, 0x3061, 0x3062, 0x40C3, 0x48C3, 0x48C3, 0x6145, 0x6125, 0x6966, 0x8208, 0x8A29,
  0x9B4D, 0x92EC, 0x9B6D, 0x9B6D, 0xC4F3, 0x7A8B, 0x5105, 0x5125, 0x40E4, 0x4905, 0x30C3, 0x30A3, 0x2882, 0x2041, 0x1020, 0x0020,
  0x0821, 0x0000, 0x0000, 0x0000, 0x0000, 0x0000, 0x0000, 0x0000, 0x0000, 0x0000, 0x0000, 0x0000, 0x0000, 0x0000, 0x0000, 0x0000,
  0x0000, 0x0000, 0x0000, 0x0000, 0x0000, 0x0000, 0x0000, 0x0000, 0x0000, 0x0000, 0x0000, 0x0000, 0x0000, 0x0000, 0x0000, 0x0000,
  0x0000, 0x0000, 0x0000, 0x0000, 0x0000, 0x0000, 0x0000, 0x0000, 0x0000, 0x0000, 0x0000, 0x0000, 0x0000, 0x0000, 0x0000, 0x0000,
  0x0000, 0x0000, 0x0000, 0x0000, 0x0000, 0x0000, 0x0000, 0x0000, 0x0000, 0x0000, 0x0000, 0x0000, 0x0000, 0x0000, 0x0000, 0x0020,
  0x1082, 0x1041, 0x2041, 0x1821, 0x2041, 0x2841, 0x3841, 0x4841, 0x6882, 0x5841, 0x4082, 0x40A3, 0x3062, 0x3041, 0x40A3, 0x4082,
  0x5883, 0x6862, 0x7863, 0x8083, 0x6821, 0x5821, 0x5041, 0x6082, 0x60C3, 0x50A3, 0x48A3, 0x6165, 0x48C3, 0x3882, 0x40A3, 0x40A3,
  0x5883, 0x5842, 0x7042, 0x7842, 0x6083, 0x6863, 0x6883, 0x5861, 0x8862, 0xA042, 0xE269, 0xDA28, 0x5001, 0x28E4, 0x2062, 0x3862,
  0x6883, 0x78A4, 0x7063, 0x7042, 0x9083, 0xC063, 0xA083, 0x8863, 0x8083, 0x8883, 0xA0C4, 0x9883, 0xB863, 0xE2A9, 0x68A2, 0x1000,
  0x4000, 0xB862, 0xF205, 0xE1E5, 0xC021, 0xA905, 0xA842, 0xD0A4, 0xC186, 0xA062, 0xC104, 0xB821, 0xD841, 0xD8A2, 0xE0C3, 0xA1C6,
  0x1800, 0x5821, 0xB842, 0xD0C3, 0xC862, 0xC021, 0xC821, 0xC021, 0xD145, 0xD8C3, 0xE882, 0xDB4C, 0x3020, 0x5000, 0xA820, 0xB000,
  0xC800, 0xD800, 0xE081, 0xC944, 0x2800, 0x4000, 0xA000, 0xC000, 0xD820, 0xE820, 0xC800, 0x9000, 0x7000, 0x5000, 0x3800, 0x4800,
  0x9820, 0xE0A2, 0xE020, 0xE020, 0xE861, 0xF985, 0xB268, 0x4800, 0xD040, 0xF040, 0xF080, 0xF2A4, 0xE102, 0xD8A1, 0xD8A1, 0xD820,
  0xE800, 0xE020, 0xE061, 0xB1A5, 0x3000, 0x4800, 0x4000, 0x3000, 0x2800, 0x2800, 0x3020, 0x3840, 0x5861, 0x4020, 0x2000, 0x4000,
  0x3800, 0x2800, 0x3000, 0x3000, 0x2800, 0x2000, 0x3041, 0x2841, 0x3062, 0x40A3, 0x5904, 0x6966, 0x8A49, 0x71C7, 0x8249, 0x8249,
  0xCCD3, 0xBC92, 0x828A, 0x7229, 0x5946, 0x69E8, 0x6166, 0x4904, 0x4925, 0x40E4, 0x28A3, 0x2041, 0x1841, 0x1000, 0x0020, 0x0000,
  0x0000, 0x0000, 0x0000, 0x0000, 0x0000, 0x0000, 0x0000, 0x0000, 0x0000, 0x0000, 0x0000, 0x0000, 0x0000, 0x0000, 0x0000, 0x0000,
  0x0000, 0x0000, 0x0000, 0x0000, 0x0000, 0x0000, 0x0000, 0x0000, 0x0000, 0x0000, 0x0000, 0x0000, 0x0000, 0x0000, 0x0000, 0x0000,
  0x0000, 0x0000, 0x0000, 0x0000, 0x0000, 0x0000, 0x0000, 0x0000, 0x0000, 0x0000, 0x0000, 0x0000, 0x0000, 0x0000, 0x0000, 0x0000,
  0x0000, 0x0000, 0x0000, 0x0000, 0x0000, 0x0000, 0x0000, 0x0000, 0x0000, 0x0000, 0x0000, 0x0000, 0x0000, 0x0000, 0x0000, 0x0000,
  0x0020, 0x0841, 0x1800, 0x2000, 0x2000, 0x2820, 0x3041, 0x3882, 0x3062, 0x3083, 0x2862, 0x3082, 0x3062, 0x3841, 0x7062, 0x7062,
  0x6801, 0x9904, 0x7842, 0x88A3, 0xA104, 0x8862, 0x7842, 0x8862, 0xA883, 0xA165, 0x5861, 0x5145, 0x30C3, 0x2041, 0x5882, 0x8042,
  0x7062, 0x6842, 0x7842, 0x7924, 0x5862, 0x7863, 0x8083, 0x8082, 0x9841, 0xA062, 0x9841, 0xB0A2, 0xB945, 0x3842, 0x1882, 0x3021,
  0x70A4, 0x70A3, 0x8042, 0xA042, 0x9863, 0xA083, 0xA0A3, 0xB8C4, 0x90E4, 0x78C3, 0x9041, 0xB905, 0xB8E4, 0xD904, 0xC268, 0x3800,
  0x3000, 0x9800, 0xE1A4, 0xE1A3, 0xC861, 0xA882, 0xA001, 0xB862, 0xA062, 0x9800, 0xE0C3, 0xC861, 0xB800, 0xD020, 0xE0E3, 0x9964,
  0x2000, 0x5800, 0x8000, 0x9000, 0xE0E3, 0xD8A3, 0xB820, 0xC821, 0xB000, 0xC820, 0xC000, 0xE945, 0x99C7, 0x2000, 0x7000, 0xA000,
  0xB800, 0xD000, 0xD881, 0xD020, 0x4000, 0x1800, 0x5000, 0x6000, 0x6000, 0x6800, 0x5800, 0x4000, 0x6020, 0x9103, 0x6061, 0x5000,
  0xB000, 0xE000, 0xE000, 0xE000, 0xE861, 0xE000, 0xF9C6, 0x9185, 0x6800, 0xE020, 0xF080, 0xE9E3, 0xE060, 0xD000, 0xC820, 0xD881,
  0xD800, 0xC800, 0xC800, 0xC861, 0x5020, 0x2000, 0x3041, 0x5124, 0x4041, 0x3820, 0x60E3, 0x7061, 0x9041, 0xA0E3, 0x8000, 0x98A2,
  0x90E3, 0x7821, 0x4841, 0x2820, 0x1820, 0x1800, 0x1800, 0x2021, 0x2041, 0x3082, 0x6145, 0x5104, 0x828A, 0x8ACB, 0x7A28, 0x71E8,
  0x826A, 0x6186, 0x4925, 0x5965, 0x5125, 0x6166, 0x5125, 0x30C3, 0x38C3, 0x2062, 0x1861, 0x1821, 0x0800, 0x0000, 0x0000, 0x0000,
  0x0000, 0x0000, 0x0000, 0x0000, 0x0000, 0x0000, 0x0000, 0x0000, 0x0000, 0x0000, 0x0000, 0x0000, 0x0000, 0x0000, 0x0000, 0x0000,
  0x0000, 0x0000, 0x0000, 0x0000, 0x0000, 0x0000, 0x0000, 0x0000, 0x0000, 0x0000, 0x0000, 0x0000, 0x0000, 0x0000, 0x0000, 0x0000,
  0x0000, 0x0000, 0x0000, 0x0000, 0x0000, 0x0000, 0x0000, 0x0000, 0x0000, 0x0000, 0x0000, 0x0000, 0x0000, 0x0000, 0x0000, 0x0000,
  0x0000, 0x0000, 0x0000, 0x0000, 0x0000, 0x0000, 0x0000, 0x0000, 0x0000, 0x0000, 0x0000, 0x0000, 0x0000, 0x0000, 0x0000, 0x0000,
  0x0000, 0x0000, 0x2041, 0x3000, 0x5041, 0x3820, 0x2800, 0x28A2, 0x2082, 0x2062, 0x4042, 0x5842, 0x6042, 0x6042, 0x8842, 0x9083,
  0x8021, 0xA0A3, 0x7842, 0x7042, 0x7062, 0x7062, 0x6042, 0x5862, 0x8842, 0xC228, 0x91A6, 0x3062, 0x20A3, 0x4000, 0x9946, 0xA083,
  0x8021, 0x7042, 0x9062, 0xA9A6, 0x7862, 0x9043, 0x9863, 0x8041, 0x9000, 0xA0A3, 0x70A2, 0x9841, 0xE1E7, 0x8945, 0x1820, 0x1821,
  0x6862, 0x98A3, 0xB021, 0xB862, 0x9042, 0x9863, 0xA0A3, 0xA862, 0xA062, 0x8821, 0x9001, 0xC062, 0xB0A2, 0xD000, 0xEAC9, 0x78C2,
  0x3000, 0x6000, 0xC861, 0xC000, 0xA800, 0xA861, 0x9820, 0xA800, 0xA020, 0x9800, 0xC000, 0xD862, 0xC000, 0xC800, 0xD903, 0x9944,
  0x2000, 0x5800, 0x7821, 0x9800, 0xB820, 0xB800, 0xA800, 0xB000, 0xC020, 0xC800, 0xC000, 0xD000, 0xEA48, 0x5082, 0x3000, 0x8800,
  0xA000, 0xA800, 0xB800, 0xA800, 0x4000, 0x1800, 0x2000, 0x2000, 0x3000, 0x6820, 0xA881, 0xC0E3, 0xE0C2, 0xF1E6, 0xDAEA, 0x4820,
  0x6800, 0xC800, 0xC820, 0xD800, 0xE020, 0xE020, 0xF081, 0xE9E6, 0x5061, 0x8800, 0xE860, 0xE000, 0xD820, 0xD020, 0xB800, 0xC881,
  0xB840, 0xB000, 0xB000, 0x7800, 0x4820, 0x3841, 0x3041, 0x2820, 0x3000, 0x4020, 0x7000, 0xC227, 0xA164, 0x78C2, 0x6041, 0x6082,
  0x5882, 0x70A3, 0x8A07, 0x5041, 0x3800, 0x1800, 0x1000, 0x1800, 0x2021, 0x2841, 0x3062, 0x3882, 0x48E4, 0x5945, 0x5946, 0x4925,
  0x4904, 0x69A7, 0x6187, 0x4104, 0x38E4, 0x40C3, 0x40C3, 0x2882, 0x2062, 0x2061, 0x1020, 0x0800, 0x0020, 0x0000, 0x0000, 0x0000,
  0x0000, 0x0000, 0x0000, 0x0000, 0x0000, 0x0000, 0x0000, 0x0000, 0x0000, 0x0000, 0x0000, 0x0000, 0x0000, 0x0000, 0x0000, 0x0000,
  0x0000, 0x0000, 0x0000, 0x0000, 0x0000, 0x0000, 0x0000, 0x0000, 0x0000, 0x0000, 0x0000, 0x0000, 0x0000, 0x0000, 0x0000, 0x0000,
  0x0000, 0x0000, 0x0000, 0x0000, 0x0000, 0x0000, 0x0000, 0x0000, 0x0000, 0x0000, 0x0000, 0x0000, 0x0000, 0x0000, 0x0000, 0x0000,
  0x0000, 0x0000, 0x0000, 0x0000, 0x0000, 0x0000, 0x0000, 0x0000, 0x0000, 0x0000, 0x0000, 0x0000, 0x0000, 0x0000, 0x0000, 0x0000,
  0x0000, 0x0000, 0x0000, 0x1021, 0x3041, 0x5924, 0x3020, 0x20A3, 0x1021, 0x2000, 0x6041, 0x7021, 0x7042, 0x7862, 0x7000, 0x8041,
  0x7021, 0x6001, 0x6001, 0x9862, 0x8082, 0x5820, 0x6821, 0x6861, 0x6800, 0xA0C3, 0xB248, 0x3020, 0x2041, 0x6001, 0x8821, 0x98E3,
  0x7842, 0x7041, 0x8021, 0x9062, 0x8062, 0x6821, 0x7842, 0xA842, 0xA062, 0x7041, 0x8841, 0xA862, 0xC041, 0xDAA9, 0x4041, 0x1020,
  0x5000, 0xB042, 0xC842, 0x9041, 0x88C3, 0xA8A3, 0x8042, 0x8821, 0xA001, 0xA021, 0xA021, 0xC041, 0xC041, 0xD000, 0xE964, 0xBA47,
  0x3800, 0x3000, 0x9021, 0xA841, 0xC021, 0xA800, 0x8800, 0x9000, 0x9820, 0xB020, 0xB821, 0xA862, 0xB800, 0xD082, 0xE40F, 0x8924,
  0x2000, 0x6021, 0x8020, 0xB020, 0xB800, 0xA000, 0xB000, 0xA820, 0xC8A2, 0xC800, 0xC800, 0xC800, 0xE861, 0x9081, 0x1800, 0x4800,
  0x7000, 0x6800, 0x4800, 0x2800, 0x5800, 0x5800, 0x3000, 0x7000, 0xB861, 0xE081, 0xF0A2, 0xE061, 0xE020, 0xD800, 0xE9A5, 0xB227,
  0x3800, 0x9800, 0xC800, 0xD800, 0xE020, 0xD800, 0xE841, 0xF8A2, 0xB964, 0x4000, 0xB820, 0xD820, 0xD040, 0xB800, 0xA000, 0x9800,
  0xA820, 0xA000, 0x6800, 0x3000, 0x5020, 0x4020, 0x2800, 0x2000, 0x3800, 0x7821, 0x8041, 0x78C3, 0x5882, 0x3021, 0x48A3, 0x60C3,
  0x70C3, 0x4082, 0x48C3, 0x50A3, 0x5862, 0x5061, 0x2800, 0x0800, 0x1000, 0x1800, 0x2021, 0x3062, 0x3082, 0x40C4, 0x48E4, 0x40E4,
  0x30A3, 0x48E4, 0x40C4, 0x38C4, 0x30A3, 0x3082, 0x3082, 0x2862, 0x1841, 0x1820, 0x0800, 0x0020, 0x0020, 0x0000, 0x0000, 0x0000,
  0x0000, 0x0000, 0x0000, 0x0000, 0x0000, 0x0000, 0x0000, 0x0000, 0x0000, 0x0000, 0x0000, 0x0000, 0x0000, 0x0000, 0x0000, 0x0000,
  0x0000, 0x0000, 0x0000, 0x0000, 0x0000, 0x0000, 0x0000, 0x0000, 0x0000, 0x0000, 0x0000, 0x0000, 0x0000, 0x0000, 0x0000, 0x0000,
  0x0000, 0x0000, 0x0000, 0x0000, 0x0000, 0x0000, 0x0000, 0x0000, 0x0000, 0x0000, 0x0000, 0x0000, 0x0000, 0x0000, 0x0000, 0x0000,
  0x0000, 0x0000, 0x0000, 0x0000, 0x0000, 0x0000, 0x0000, 0x0000, 0x0000, 0x0000, 0x0000, 0x0000, 0x0000, 0x0000, 0x0000, 0x0000,
  0x0000, 0x0000, 0x0000, 0x0020, 0x0820, 0x4124, 0x38A2, 0x1000, 0x0800, 0x3800, 0x5821, 0x5800, 0x6021, 0x6841, 0x5800, 0x6000,
  0x5800, 0x5041, 0x4000, 0x7000, 0x9062, 0x8861, 0x8821, 0x8861, 0x7820, 0xA821, 0xCA68, 0x3861, 0x2841, 0x7800, 0x9820, 0x98A2,
  0x5821, 0x6821, 0x8021, 0x6821, 0x6062, 0x6062, 0x8862, 0x9021, 0x98A3, 0x7841, 0x8821, 0x7821, 0x9800, 0xF1E6, 0x9985, 0x2000,
  0x3000, 0x9041, 0xC8C4, 0x9082, 0x8862, 0xA883, 0x8842, 0xA041, 0x9904, 0xA021, 0xB821, 0xD041, 0xD820, 0xD041, 0xD020, 0xE287,
  0x5861, 0x1800, 0x7800, 0x9800, 0xB000, 0xD841, 0x9861, 0x7000, 0x7000, 0x8000, 0xA841, 0x9000, 0xA800, 0xC020, 0xDB2B, 0x8924,
  0x0800, 0x3800, 0x9820, 0xA800, 0xB800, 0xB841, 0xA800, 0xB000, 0xB800, 0xC800, 0xD000, 0xD000, 0xB000, 0x5000, 0x1800, 0x1800,
  0x2000, 0x2000, 0x60A2, 0x9882, 0xE0A2, 0xDA07, 0x6061, 0x6800, 0xB800, 0xD800, 0xE040, 0xD000, 0xC000, 0xD040, 0xE020, 0xF226,
  0x8103, 0x5000, 0xC000, 0xE820, 0xD820, 0xD800, 0xE020, 0xD800, 0xF8E2, 0x70A2, 0x6000, 0xC000, 0xB820, 0x9800, 0x9800, 0x9000,
  0x8020, 0x4800, 0x2800, 0x3800, 0x3800, 0x3000, 0x4000, 0x5841, 0x7041, 0x78A3, 0x4842, 0x4862, 0x5083, 0x60A3, 0x60A3, 0x70E4,
  0x78C3, 0x70E4, 0x58C4, 0x48C4, 0x40E4, 0x4883, 0x5061, 0x3020, 0x1000, 0x0800, 0x1800, 0x2021, 0x2841, 0x3062, 0x3082, 0x30A3,
  0x30A3, 0x38A3, 0x38A3, 0x30A3, 0x2882, 0x2062, 0x2041, 0x1020, 0x0800, 0x0000, 0x0020, 0x0020, 0x0000, 0x0000, 0x0000, 0x0000,
  0x0000, 0x0000, 0x0000, 0x0000, 0x0000, 0x0000, 0x0000, 0x0000, 0x0000, 0x0000, 0x0000, 0x0000, 0x0000, 0x0000, 0x0000, 0x0000,
  0x0000, 0x0000, 0x0000, 0x0000, 0x0000, 0x0000, 0x0000, 0x0000, 0x0000, 0x0000, 0x0000, 0x0000, 0x0000, 0x0000, 0x0000, 0x0000,
  0x0000, 0x0000, 0x0000, 0x0000, 0x0000, 0x0000, 0x0000, 0x0000, 0x0000, 0x0000, 0x0000, 0x0000, 0x0000, 0x0000, 0x0000, 0x0000,
  0x0000, 0x0000, 0x0000, 0x0000, 0x0000, 0x0000, 0x0000, 0x0000, 0x0000, 0x0000, 0x0000, 0x0000, 0x0000, 0x0000, 0x0000, 0x0000,
  0x0000, 0x0000, 0x0000, 0x0000, 0x0000, 0x20A2, 0x4903, 0x1800, 0x1000, 0x3800, 0x5000, 0x5820, 0x4800, 0x4800, 0x4800, 0x4000,
  0x5000, 0x7861, 0x6820, 0x5000, 0x7020, 0x7800, 0x6800, 0x8800, 0xA020, 0xB000, 0xD248, 0x50A2, 0x1800, 0x7000, 0x9800, 0x9021,
  0x7862, 0x6801, 0x7000, 0x6821, 0x7862, 0x9062, 0x8021, 0x8841, 0x9041, 0x8841, 0x9021, 0x7000, 0x8800, 0xD882, 0xDB2B, 0x4800,
  0x2800, 0x8021, 0xB041, 0x8041, 0x6800, 0x9021, 0xA821, 0xA800, 0x7820, 0x9820, 0xB000, 0xB000, 0xB020, 0xB820, 0xC841, 0xE984,
  0x9984, 0x1000, 0x7020, 0xB061, 0x9800, 0xA820, 0x9820, 0x7000, 0x5800, 0x7000, 0x9841, 0x8800, 0x8800, 0x9000, 0xB800, 0xA041,
  0x1800, 0x1800, 0x6000, 0x9800, 0xB000, 0xB800, 0xA800, 0xA800, 0xA800, 0xA000, 0x7800, 0x5800, 0x2800, 0x2800, 0x6000, 0xA903,
  0x88A2, 0x3800, 0x8820, 0xD020, 0xE000, 0xE103, 0xC247, 0x4800, 0x7800, 0xC800, 0xE000, 0xC800, 0xB800, 0xC000, 0xD800, 0xE840,
  0xEAA8, 0x5861, 0x7800, 0xD840, 0xC820, 0xD020, 0xE000, 0xD020, 0xF000, 0xD144, 0x3820, 0x8000, 0xA820, 0x8000, 0x7800, 0x5800,
  0x3000, 0x2800, 0x2800, 0x3800, 0x5000, 0x8924, 0x60A2, 0x6862, 0x6062, 0x5082, 0x60E4, 0x60E4, 0x60E4, 0x70C4, 0x78E4, 0x8986,
  0x7145, 0x50A3, 0x8166, 0x50C4, 0x40C4, 0x38C3, 0x3062, 0x3861, 0x3841, 0x1800, 0x1000, 0x1000, 0x1820, 0x2021, 0x2041, 0x2041,
  0x2041, 0x2861, 0x2861, 0x2041, 0x1820, 0x0800, 0x0800, 0x0000, 0x0000, 0x1061, 0x0861, 0x0000, 0x0000, 0x0000, 0x0000, 0x0000,
  0x0000, 0x0000, 0x0000, 0x0000, 0x0000, 0x0000, 0x0000, 0x0000, 0x0000, 0x0000, 0x0000, 0x0000, 0x0000, 0x0000, 0x0000, 0x0000,
  0x0000, 0x0000, 0x0000, 0x0000, 0x0000, 0x0000, 0x0000, 0x0000, 0x0000, 0x0000, 0x0000, 0x0000, 0x0000, 0x0000, 0x0000, 0x0000,
  0x0000, 0x0000, 0x0000, 0x0000, 0x0000, 0x0000, 0x0000, 0x0000, 0x0000, 0x0000, 0x0000, 0x0000, 0x0000, 0x0000, 0x0000, 0x0000,
  0x0000, 0x0000, 0x0000, 0x0000, 0x0000, 0x0000, 0x0000, 0x0000, 0x0000, 0x0000, 0x0000, 0x0000, 0x0000, 0x0000, 0x0000, 0x0000,
  0x0000, 0x0000, 0x0000, 0x0000, 0x0000, 0x0020, 0x3903, 0x1000, 0x0800, 0x2800, 0x4800, 0x4820, 0x4021, 0x4000, 0x4800, 0x4800,
  0x5000, 0x6800, 0x7020, 0x6000, 0x7020, 0x6800, 0x6000, 0x6800, 0x6800, 0x7800, 0xC104, 0x68C3, 0x1000, 0x6820, 0x7000, 0x7021,
  0x7062, 0x6021, 0xA0A2, 0x7020, 0x8841, 0x9041, 0x6000, 0x7820, 0x8800, 0x8800, 0x9800, 0xA800, 0xA000, 0xA000, 0xEA27, 0x6861,
  0x2000, 0x5800, 0x9041, 0x7800, 0x6800, 0x7000, 0x7800, 0x8800, 0x8000, 0x7000, 0x8000, 0x8800, 0x7800, 0x9000, 0xB800, 0xE820,
  0xC903, 0x2800, 0x3800, 0x8000, 0xA000, 0x8800, 0x7000, 0x7000, 0x6800, 0x7000, 0x8000, 0x9000, 0x9800, 0xA000, 0xA800, 0xB8C2,
  0x4041, 0x2000, 0x2800, 0x5000, 0x6000, 0x6000, 0x4800, 0x3800, 0x3800, 0x3000, 0x2800, 0x3000, 0x6000, 0xA020, 0xD000, 0xF144,
  0xFB2B, 0x6861, 0x4800, 0xA000, 0xB820, 0xC800, 0xF1C6, 0x9964, 0x3800, 0x9800, 0xC800, 0xD020, 0xC020, 0xC000, 0xC820, 0xD800,
  0xF902, 0xB205, 0x4000, 0x9000, 0xA000, 0xC800, 0xC800, 0xC800, 0xE000, 0xF0A2, 0x7081, 0x2000, 0x6820, 0x4800, 0x3000, 0x3000,
  0x3800, 0x3000, 0x3800, 0x8103, 0xB207, 0x8903, 0x60A3, 0x5041, 0x58A3, 0x60C4, 0x58C3, 0x60C4, 0x70E4, 0x7925, 0x8125, 0x7946,
  0x6925, 0x50C3, 0x6105, 0x6105, 0x5925, 0x5105, 0x40C3, 0x2862, 0x3062, 0x4061, 0x2820, 0x1000, 0x1000, 0x1000, 0x1000, 0x1000,
  0x1000, 0x1000, 0x1000, 0x0800, 0x0800, 0x0800, 0x1820, 0x2841, 0x2041, 0x1061, 0x0000, 0x0000, 0x0000, 0x0000, 0x0000, 0x0000,
  0x0000, 0x0000, 0x0000, 0x0000, 0x0000, 0x0000, 0x0000, 0x0000, 0x0000, 0x0000, 0x0000, 0x0000, 0x0000, 0x0000, 0x0000, 0x0000,
  0x0000, 0x0000, 0x0000, 0x0000, 0x0000, 0x0000, 0x0000, 0x0000, 0x0000, 0x0000, 0x0000, 0x0000, 0x0000, 0x0000, 0x0000, 0x0000,
  0x0000, 0x0000, 0x0000, 0x0000, 0x0000, 0x0000, 0x0000, 0x0000, 0x0000, 0x0000, 0x0000, 0x0000, 0x0000, 0x0000, 0x0000, 0x0000,
  0x0000, 0x0000, 0x0000, 0x0000, 0x0000, 0x0000, 0x0000, 0x0000, 0x0000, 0x0000, 0x0000, 0x0000, 0x0000, 0x0000, 0x0000, 0x0000,
  0x0000, 0x0000, 0x0000, 0x0000, 0x0000, 0x0000, 0x0841, 0x20E4, 0x0000, 0x1800, 0x3800, 0x3800, 0x4000, 0x5020, 0x4800, 0x3800,
  0x4800, 0x6820, 0x6820, 0x5800, 0x6800, 0x7000, 0x8041, 0x6000, 0x6000, 0x6800, 0xA820, 0x7861, 0x0800, 0x5800, 0x5000, 0x4800,
  0x4000, 0x5000, 0x8841, 0x6000, 0x7020, 0x8021, 0x7800, 0x7800, 0x9020, 0xD041, 0xD041, 0xD902, 0xD103, 0xA000, 0xD841, 0x90A2,
  0x1800, 0x3800, 0x7800, 0x7000, 0x7000, 0x7800, 0x8000, 0x8000, 0x7000, 0x6000, 0x7000, 0x9000, 0x8800, 0x8000, 0xA800, 0xD000,
  0xC000, 0x3000, 0x1000, 0x3800, 0x6800, 0x8000, 0x7800, 0x8000, 0x9000, 0x9800, 0x9820, 0x9800, 0xA820, 0x9000, 0x8000, 0x6020,
  0x2800, 0x2800, 0x1000, 0x1000, 0x1800, 0x1800, 0x2800, 0x3000, 0x5000, 0x6000, 0x4020, 0x6000, 0xA820, 0xA800, 0xB800, 0xD800,
  0xE8E3, 0xC1E5, 0x4000, 0x7800, 0xB800, 0xC000, 0xE020, 0xEA47, 0x5840, 0x4800, 0xA800, 0xC800, 0xD000, 0xC820, 0xC820, 0xD000,
  0xE000, 0xF143, 0x68C2, 0x3800, 0x8800, 0xB800, 0xB000, 0xA800, 0xC800, 0xD800, 0xA820, 0x1800, 0x1800, 0x2020, 0x2800, 0x3000,
  0x5000, 0x8945, 0x78C2, 0x78C3, 0x68A3, 0x3801, 0x68C4, 0x9145, 0x70E4, 0x60C3, 0x70A3, 0xB9A4, 0xA985, 0x6104, 0x7166, 0x89C7,
  0x8165, 0x8965, 0x8186, 0x50E4, 0x6945, 0x5104, 0x40E4, 0x40C4, 0x2882, 0x2862, 0x3841, 0x2800, 0x1000, 0x1000, 0x1800, 0x1800,
  0x1000, 0x0800, 0x0800, 0x1000, 0x1000, 0x2020, 0x30A2, 0x1861, 0x1041, 0x0000, 0x0000, 0x0000, 0x0000, 0x0000, 0x0000, 0x0000,
  0x0000, 0x0000, 0x0000, 0x0000, 0x0000, 0x0000, 0x0000, 0x0000, 0x0000, 0x0000, 0x0000, 0x0000, 0x0000, 0x0000, 0x0000, 0x0000,
  0x0000, 0x0000, 0x0000, 0x0000, 0x0000, 0x0000, 0x0000, 0x0000, 0x0000, 0x0000, 0x0000, 0x0000, 0x0000, 0x0000, 0x0000, 0x0000,
  0x0000, 0x0000, 0x0000, 0x0000, 0x0000, 0x0000, 0x0000, 0x0000, 0x0000, 0x0000, 0x0000, 0x0000, 0x0000, 0x0000, 0x0000, 0x0000,
  0x0000, 0x0000, 0x0000, 0x0000, 0x0000, 0x0000, 0x0000, 0x0000, 0x0000, 0x0000, 0x0000, 0x0000, 0x0000, 0x0000, 0x0000, 0x0000,
  0x0000, 0x0000, 0x0000, 0x0000, 0x0000, 0x0000, 0x0000, 0x0021, 0x10A2, 0x1041, 0x2800, 0x3000, 0x3800, 0x4840, 0x3800, 0x3000,
  0x4000, 0x5000, 0x5000, 0x5000, 0x5820, 0x5000, 0x6820, 0x5800, 0x5000, 0x5800, 0x9820, 0x8841, 0x1000, 0x5000, 0x6000, 0x4800,
  0x4800, 0x5000, 0x5000, 0x5820, 0x5800, 0x6000, 0x5800, 0x6000, 0x7800, 0xB020, 0x7800, 0x9841, 0xD081, 0xA820, 0x9820, 0x88A2,
  0x1800, 0x2000, 0x6800, 0x7000, 0x7800, 0x8800, 0x9000, 0x8800, 0x8000, 0x8000, 0x9000, 0x8800, 0x8800, 0x9820, 0xA800, 0xB000,
  0x6000, 0x2000, 0x1000, 0x1000, 0x2000, 0x4000, 0x5000, 0x5000, 0x5800, 0x5800, 0x5000, 0x4000, 0x3000, 0x1800, 0x1800, 0x3800,
  0x8000, 0xA103, 0x68A2, 0x2000, 0x3020, 0x5800, 0x8800, 0xA820, 0xD145, 0xE2A9, 0x6800, 0x4800, 0x9000, 0x9800, 0xB000, 0xC800,
  0xC800, 0xE184, 0xA184, 0x5000, 0xB000, 0xC000, 0xC800, 0xE0E2, 0xC1E5, 0x3800, 0x7000, 0xB800, 0xC000, 0xB800, 0xB800, 0xB800,
  0xC820, 0xF040, 0xC164, 0x2020, 0x4800, 0x8000, 0x8800, 0x7000, 0x8000, 0x7800, 0x5800, 0x3840, 0x3000, 0x2000, 0x3000, 0x6861,
  0x8882, 0x9165, 0x5061, 0x3842, 0x80C3, 0x70E4, 0x68E4, 0x7905, 0x88E4, 0x9105, 0xB165, 0xB1A5, 0x7104, 0x7145, 0x7966, 0x7186,
  0x8185, 0xBAA9, 0x8986, 0x6945, 0x81A6, 0x6966, 0x40E4, 0x30A3, 0x2883, 0x28A3, 0x2862, 0x50A2, 0x2020, 0x0800, 0x30C3, 0x30C3,
  0x2020, 0x2062, 0x1841, 0x1821, 0x1000, 0x0800, 0x0021, 0x0020, 0x0000, 0x0000, 0x0000, 0x0000, 0x0000, 0x0000, 0x0000, 0x0000,
  0x0000, 0x0000, 0x0000, 0x0000, 0x0000, 0x0000, 0x0000, 0x0000, 0x0000, 0x0000, 0x0000, 0x0000, 0x0000, 0x0000, 0x0000, 0x0000,
  0x0000, 0x0000, 0x0000, 0x0000, 0x0000, 0x0000, 0x0000, 0x0000, 0x0000, 0x0000, 0x0000, 0x0000, 0x0000, 0x0000, 0x0000, 0x0000,
  0x0000, 0x0000, 0x0000, 0x0000, 0x0000, 0x0000, 0x0000, 0x0000, 0x0000, 0x0000, 0x0000, 0x0000, 0x0000, 0x0000, 0x0000, 0x0000,
  0x0000, 0x0000, 0x0000, 0x0000, 0x0000, 0x0000, 0x0000, 0x0000, 0x0000, 0x0000, 0x0000, 0x0000, 0x0000, 0x0000, 0x0000, 0x0000,
  0x0000, 0x0000, 0x0000, 0x0000, 0x0000, 0x0000, 0x0000, 0x0000, 0x0020, 0x10A2, 0x1020, 0x2000, 0x2800, 0x2800, 0x3000, 0x3800,
  0x3800, 0x3800, 0x4000, 0x4000, 0x4820, 0x4800, 0x5000, 0x5800, 0x6800, 0x7000, 0x8000, 0x8821, 0x1800, 0x3800, 0x7800, 0x5000,
  0x4800, 0x5000, 0x5000, 0x5800, 0x5800, 0x6000, 0x5800, 0x6000, 0x6800, 0x5000, 0x5000, 0x8000, 0xA800, 0x9020, 0x7000, 0x7000,
  0x1800, 0x2000, 0x6000, 0x8800, 0x9020, 0x8800, 0x8800, 0x9020, 0x8800, 0x8800, 0x7800, 0x7000, 0x6800, 0x7000, 0x6800, 0x4000,
  0x1000, 0x1000, 0x1800, 0x0800, 0x0800, 0x1000, 0x0800, 0x0800, 0x1000, 0x1000, 0x1800, 0x1000, 0x1800, 0x4800, 0x7841, 0xA820,
  0xD800, 0xE924, 0xE30A, 0x5040, 0x2000, 0x6820, 0x9800, 0xD881, 0xD841, 0xFA67, 0xB144, 0x3000, 0x8000, 0xA800, 0xB000, 0xC000,
  0xB800, 0xD020, 0xEA67, 0x7082, 0x7000, 0xB000, 0xB800, 0xC800, 0xE9C5, 0x9123, 0x3000, 0x7800, 0x9800, 0xA000, 0xA000, 0xA000,
  0xC040, 0xD000, 0xD041, 0x5020, 0x2000, 0x3800, 0x4000, 0x3800, 0x2800, 0x2000, 0x3000, 0x4020, 0x3800, 0x6124, 0x80C2, 0x78A2,
  0x4841, 0x4821, 0x4882, 0x50C3, 0x88E4, 0x8146, 0x6945, 0x70C3, 0xC1A5, 0xB925, 0xA166, 0x7966, 0x7946, 0x98E4, 0xB964, 0x9965,
  0x79C7, 0x6925, 0x5905, 0x50E4, 0x9AAA, 0x6966, 0x5125, 0x38C3, 0x38C3, 0x2062, 0x2062, 0x3862, 0x1800, 0x1000, 0x1821, 0x38E4,
  0x5125, 0x48A3, 0x2862, 0x1821, 0x1000, 0x0820, 0x0841, 0x0000, 0x0000, 0x0000, 0x0000, 0x0000, 0x0000, 0x0000, 0x0000, 0x0000,
  0x0000, 0x0000, 0x0000, 0x0000, 0x0000, 0x0000, 0x0000, 0x0000, 0x0000, 0x0000, 0x0000, 0x0000, 0x0000, 0x0000, 0x0000, 0x0000,
  0x0000, 0x0000, 0x0000, 0x0000, 0x0000, 0x0000, 0x0000, 0x0000, 0x0000, 0x0000, 0x0000, 0x0000, 0x0000, 0x0000, 0x0000, 0x0000,
  0x0000, 0x0000, 0x0000, 0x0000, 0x0000, 0x0000, 0x0000, 0x0000, 0x0000, 0x0000, 0x0000, 0x0000, 0x0000, 0x0000, 0x0000, 0x0000,
  0x0000, 0x0000, 0x0000, 0x0000, 0x0000, 0x0000, 0x0000, 0x0000, 0x0000, 0x0000, 0x0000, 0x0000, 0x0000, 0x0000, 0x0000, 0x0000,
  0x0000, 0x0000, 0x0000, 0x0000, 0x0000, 0x0000, 0x0000, 0x0000, 0x0000, 0x0000, 0x1082, 0x2061, 0x1800, 0x2000, 0x3000, 0x3800,
  0x3800, 0x4000, 0x4800, 0x4000, 0x4000, 0x5800, 0x6800, 0x5800, 0x6800, 0x7000, 0x8000, 0x8020, 0x1800, 0x1000, 0x5000, 0x6000,
  0x5800, 0x6800, 0x8020, 0x7000, 0x6800, 0x7800, 0x6800, 0x6000, 0x8020, 0x7800, 0x7800, 0x9820, 0x9020, 0x8800, 0x7800, 0x5800,
  0x1000, 0x1800, 0x3800, 0x5800, 0x4800, 0x4000, 0x3800, 0x3800, 0x3800, 0x3000, 0x2800, 0x2000, 0x1800, 0x1800, 0x1000, 0x0800,
  0x2800, 0x4000, 0x5800, 0x5820, 0x5800, 0x5820, 0x3800, 0x2800, 0x2000, 0x2000, 0x2000, 0x1800, 0x6000, 0x9800, 0x9800, 0xA000,
  0xB000, 0xC000, 0xE985, 0xA1A5, 0x2000, 0x5000, 0x7800, 0xB000, 0xC800, 0xD800, 0xFA47, 0x7061, 0x5000, 0x9800, 0xB800, 0xA800,
  0xA800, 0xD000, 0xE061, 0xC144, 0x4800, 0x8000, 0xA800, 0xC800, 0xE040, 0xE226, 0x4840, 0x2800, 0x6800, 0x9000, 0x8800, 0x8800,
  0xA800, 0xA800, 0x9800, 0x6000, 0x4800, 0x5820, 0x88A2, 0x6020, 0x4841, 0x60A2, 0x4800, 0x3000, 0x4000, 0x8964, 0x4841, 0x2801,
  0x4062, 0x50A3, 0x50A3, 0x6925, 0x7125, 0x7166, 0x6945, 0x88E4, 0xEA67, 0xD185, 0x7905, 0x7146, 0x98E4, 0xE1C4, 0xF48B, 0xEAC8,
  0x99A7, 0x6166, 0x5945, 0x6986, 0x7165, 0x71A6, 0x6166, 0x4104, 0x30C3, 0x2083, 0x2062, 0x1820, 0x1000, 0x1000, 0x2000, 0x5801,
  0x70A3, 0x3021, 0x1800, 0x1000, 0x1061, 0x0000, 0x0000, 0x0000, 0x0000, 0x0000, 0x0000, 0x0000, 0x0000, 0x0000, 0x0000, 0x0000,
  0x0000, 0x0000, 0x0000, 0x0000, 0x0000, 0x0000, 0x0000, 0x0000, 0x0000, 0x0000, 0x0000, 0x0000, 0x0000, 0x0000, 0x0000, 0x0000,
  0x0000, 0x0000, 0x0000, 0x0000, 0x0000, 0x0000, 0x0000, 0x0000, 0x0000, 0x0000, 0x0000, 0x0000, 0x0000, 0x0000, 0x0000, 0x0000,
  0x0000, 0x0000, 0x0000, 0x0000, 0x0000, 0x0000, 0x0000, 0x0000, 0x0000, 0x0000, 0x0000, 0x0000, 0x0000, 0x0000, 0x0000, 0x0000,
  0x0000, 0x0000, 0x0000, 0x0000, 0x0000, 0x0000, 0x0000, 0x0000, 0x0000, 0x0000, 0x0000, 0x0000, 0x0000, 0x0000, 0x0000, 0x0000,
  0x0000, 0x0000, 0x0000, 0x0000, 0x0000, 0x0000, 0x0000, 0x0000, 0x0000, 0x0000, 0x0000, 0x1082, 0x1061, 0x1000, 0x1800, 0x2800,
  0x3000, 0x3800, 0x4000, 0x4000, 0x4800, 0x6000, 0x6800, 0x5800, 0x4800, 0x5000, 0x5800, 0x3800, 0x1000, 0x0800, 0x1000, 0x4000,
  0x4800, 0x5800, 0x6800, 0x7000, 0x6000, 0x6800, 0x6800, 0x5800, 0x6000, 0x8000, 0x7800, 0x6800, 0x5000, 0x4000, 0x3000, 0x2000,
  0x1800, 0x1800, 0x1800, 0x1000, 0x1000, 0x0800, 0x0800, 0x1000, 0x0800, 0x0000, 0x0000, 0x1000, 0x2800, 0x1800, 0x1800, 0x4800,
  0x7800, 0x9820, 0x9000, 0x9062, 0xB041, 0xC882, 0xB882, 0xA904, 0x7061, 0x1800, 0x1000, 0x2800, 0x7000, 0x8000, 0x8000, 0x9800,
  0x9800, 0xA000, 0xC000, 0xD9E6, 0x4840, 0x4800, 0x7800, 0x9800, 0xA800, 0xB800, 0xE8C2, 0xE288, 0x5000, 0x6000, 0xB020, 0xB000,
  0xA000, 0xB020, 0xC800, 0xE081, 0x8081, 0x4800, 0xA000, 0xB800, 0xC800, 0xF0C2, 0xA923, 0x2000, 0x2800, 0x5800, 0x7800, 0x7000,
  0x6000, 0x4800, 0x3800, 0x4000, 0x5000, 0x7041, 0x7081, 0x4000, 0x4000, 0x5841, 0x5041, 0x3820, 0x4820, 0x4821, 0x3021, 0x3041,
  0x4082, 0x48A3, 0x50C3, 0x89C6, 0xA268, 0x6945, 0x58E4, 0x58E4, 0x8882, 0xA9A6, 0x6945, 0x8946, 0xD945, 0xE1C5, 0xC9E5, 0xA986,
  0x81A7, 0x6986, 0x5946, 0x40E4, 0x8269, 0x7208, 0x4925, 0x3904, 0x2883, 0x2062, 0x1020, 0x2841, 0x4041, 0x1000, 0x4000, 0xA184,
  0x68E1, 0x2000, 0x1020, 0x1061, 0x0861, 0x0000, 0x0000, 0x0000, 0x0000, 0x0000, 0x0000, 0x0000, 0x0000, 0x0000, 0x0000, 0x0000,
  0x0000, 0x0000, 0x0000, 0x0000, 0x0000, 0x0000, 0x0000, 0x0000, 0x0000, 0x0000, 0x0000, 0x0000, 0x0000, 0x0000, 0x0000, 0x0000,
  0x0000, 0x0000, 0x0000, 0x0000, 0x0000, 0x0000, 0x0000, 0x0000, 0x0000, 0x0000, 0x0000, 0x0000, 0x0000, 0x0000, 0x0000, 0x0000,
  0x0000, 0x0000, 0x0000, 0x0000, 0x0000, 0x0000, 0x0000, 0x0000, 0x0000, 0x0000, 0x0000, 0x0000, 0x0000, 0x0000, 0x0000, 0x0000,
  0x0000, 0x0000, 0x0000, 0x0000, 0x0000, 0x0000, 0x0000, 0x0000, 0x0000, 0x0000, 0x0000, 0x0000, 0x0000, 0x0000, 0x0000, 0x0000,
  0x0000, 0x0000, 0x0000, 0x0000, 0x0000, 0x0000, 0x0000, 0x0000, 0x0000, 0x0000, 0x0000, 0x0000, 0x0841, 0x10A2, 0x0000, 0x0800,
  0x0800, 0x1000, 0x1000, 0x1800, 0x2000, 0x2800, 0x2800, 0x2800, 0x2000, 0x1800, 0x1000, 0x0800, 0x0800, 0x0800, 0x0000, 0x0800,
  0x1000, 0x1800, 0x2000, 0x2800, 0x2800, 0x2000, 0x2000, 0x1800, 0x1800, 0x1800, 0x1800, 0x1800, 0x1000, 0x0800, 0x0800, 0x1800,
  0x2000, 0x2000, 0x1000, 0x1800, 0x1800, 0x2000, 0x2800, 0x3800, 0x4000, 0x4820, 0x4841, 0x3800, 0x1800, 0x1000, 0x2800, 0x6800,
  0x8000, 0x7800, 0x7000, 0x6000, 0x8800, 0xA000, 0x9000, 0x9000, 0xA082, 0x4861, 0x0000, 0x2000, 0x6800, 0x8800, 0x8800, 0x9800,
  0x9800, 0x9800, 0xA800, 0xE103, 0x80E3, 0x3000, 0x6800, 0x8800, 0x9800, 0xA800, 0xC800, 0xF943, 0xA903, 0x3800, 0x8000, 0xB020,
  0xB820, 0xB020, 0xB000, 0xC800, 0xC8E2, 0x4820, 0x8000, 0x9000, 0x8800, 0xB800, 0xD881, 0x4820, 0x2000, 0x2800, 0x4820, 0x4800,
  0x3800, 0x4020, 0x4841, 0x4000, 0x5000, 0x3800, 0x4800, 0x4000, 0x5000, 0x5800, 0x3820, 0x3820, 0x3020, 0x4062, 0x3841, 0x3882,
  0x3882, 0x40A3, 0x5904, 0x58E4, 0x8A08, 0x6966, 0x58E4, 0x8A08, 0x6945, 0x81E8, 0x79C7, 0x7125, 0xB1A7, 0xA1E8, 0x8987, 0x9AAB,
  0x71C7, 0x5105, 0x5966, 0x5166, 0x5986, 0x4105, 0x30A3, 0x28A3, 0x2062, 0x1021, 0x1020, 0x5082, 0x4000, 0x1800, 0x2800, 0x7122,
  0x71A3, 0x2000, 0x1061, 0x0020, 0x0000, 0x0000, 0x0000, 0x0000, 0x0000, 0x0000, 0x0000, 0x0000, 0x0000, 0x0000, 0x0000, 0x0000,
  0x0000, 0x0000, 0x0000, 0x0000, 0x0000, 0x0000, 0x0000, 0x0000, 0x0000, 0x0000, 0x0000, 0x0000, 0x0000, 0x0000, 0x0000, 0x0000,
  0x0000, 0x0000, 0x0000, 0x0000, 0x0000, 0x0000, 0x0000, 0x0000, 0x0000, 0x0000, 0x0000, 0x0000, 0x0000, 0x0000, 0x0000, 0x0000,
  0x0000, 0x0000, 0x0000, 0x0000, 0x0000, 0x0000, 0x0000, 0x0000, 0x0000, 0x0000, 0x0000, 0x0000, 0x0000, 0x0000, 0x0000, 0x0000,
  0x0000, 0x0000, 0x0000, 0x0000, 0x0000, 0x0000, 0x0000, 0x0000, 0x0000, 0x0000, 0x0000, 0x0000, 0x0000, 0x0000, 0x0000, 0x0000,
  0x0000, 0x0000, 0x0000, 0x0000, 0x0000, 0x0000, 0x0000, 0x0000, 0x0000, 0x0000, 0x0000, 0x0000, 0x0000, 0x0020, 0x1082, 0x0841,
  0x0000, 0x0000, 0x0000, 0x0000, 0x0000, 0x0000, 0x0800, 0x1000, 0x1000, 0x0800, 0x0800, 0x0800, 0x1000, 0x1000, 0x1800, 0x1800,
  0x1000, 0x0800, 0x0800, 0x1000, 0x2800, 0x2000, 0x1000, 0x0800, 0x1000, 0x1800, 0x2000, 0x2000, 0x2000, 0x2000, 0x1800, 0x1800,
  0x1800, 0x1800, 0x3800, 0x4800, 0x5800, 0x6000, 0x8000, 0x9041, 0x9000, 0x9061, 0xA0C3, 0xA186, 0x3000, 0x0800, 0x3000, 0x5800,
  0x6000, 0x5800, 0x6000, 0x5800, 0x6000, 0x7800, 0x5800, 0x6800, 0x9020, 0x98A3, 0x1800, 0x1800, 0x6000, 0x7800, 0x7800, 0x8800,
  0xA000, 0xA000, 0x9000, 0xC020, 0xC144, 0x2800, 0x4000, 0x7000, 0x9000, 0xA000, 0xA800, 0xD000, 0xE923, 0x6861, 0x4800, 0xA820,
  0xB820, 0xA000, 0x9800, 0xA800, 0xE881, 0x90C2, 0x4800, 0x8800, 0x7800, 0x8000, 0x8800, 0x4820, 0x5861, 0x5840, 0x70C3, 0x5841,
  0x5020, 0x6882, 0x8061, 0x88C2, 0x8861, 0x7000, 0x7820, 0x9020, 0x9000, 0x7820, 0x3800, 0x2000, 0x2000, 0x2800, 0x3020, 0x3861,
  0x3862, 0x5104, 0x7A08, 0x8229, 0x81E8, 0x7186, 0x81A7, 0x89A7, 0x7186, 0x79A7, 0x79C7, 0x6166, 0x8229, 0x826A, 0x6145, 0x8A8A,
  0x8ACB, 0x61E7, 0x4945, 0x4925, 0x38E4, 0x30C4, 0x28A3, 0x2082, 0x1841, 0x1000, 0x4882, 0x4841, 0x3821, 0x1800, 0x1000, 0x2000,
  0x3041, 0x1820, 0x0000, 0x0000, 0x0000, 0x0000, 0x0000, 0x0000, 0x0000, 0x0000, 0x0000, 0x0000, 0x0000, 0x0000, 0x0000, 0x0000,
  0x0000, 0x0000, 0x0000, 0x0000, 0x0000, 0x0000, 0x0000, 0x0000, 0x0000, 0x0000, 0x0000, 0x0000, 0x0000, 0x0000, 0x0000, 0x0000,
  0x0000, 0x0000, 0x0000, 0x0000, 0x0000, 0x0000, 0x0000, 0x0000, 0x0000, 0x0000, 0x0000, 0x0000, 0x0000, 0x0000, 0x0000, 0x0000,
  0x0000, 0x0000, 0x0000, 0x0000, 0x0000, 0x0000, 0x0000, 0x0000, 0x0000, 0x0000, 0x0000, 0x0000, 0x0000, 0x0000, 0x0000, 0x0000,
  0x0000, 0x0000, 0x0000, 0x0000, 0x0000, 0x0000, 0x0000, 0x0000, 0x0000, 0x0000, 0x0000, 0x0000, 0x0000, 0x0000, 0x0000, 0x0000,
  0x0000, 0x0000, 0x0000, 0x0000, 0x0000, 0x0000, 0x0000, 0x0000, 0x0000, 0x0000, 0x0000, 0x0000, 0x0000, 0x0000, 0x0000, 0x10A2,
  0x0841, 0x0000, 0x1000, 0x1000, 0x1800, 0x1800, 0x1000, 0x1000, 0x0800, 0x0800, 0x2000, 0x3000, 0x3800, 0x3800, 0x4800, 0x5000,
  0x4800, 0x4800, 0x4800, 0x2800, 0x1800, 0x1800, 0x1800, 0x4000, 0x5000, 0x5800, 0x5800, 0x6841, 0x7841, 0xA1A6, 0x50A2, 0x1800,
  0x0800, 0x3800, 0x6800, 0x6000, 0x7000, 0x8820, 0x9800, 0x7800, 0x7000, 0x8000, 0x8800, 0xC124, 0x70E3, 0x0000, 0x3000, 0x6000,
  0x6800, 0x5800, 0x5000, 0x6000, 0x6000, 0x6800, 0x5000, 0x6800, 0x8000, 0xC8E3, 0x60C2, 0x1000, 0x5000, 0x8000, 0x7800, 0x6800,
  0x7800, 0x9800, 0xB020, 0xC000, 0xE103, 0x5881, 0x2000, 0x5800, 0x8000, 0x8000, 0x8800, 0x9800, 0xC820, 0xC8E2, 0x4000, 0x7000,
  0x9000, 0x9800, 0x9000, 0xA000, 0xD800, 0xD0A2, 0x4000, 0x6000, 0x7000, 0x5800, 0x4000, 0x4000, 0x5041, 0x3800, 0x3800, 0x4000,
  0x4800, 0x7800, 0xB841, 0xB1C6, 0x88C3, 0x9082, 0x9841, 0xD247, 0xF36A, 0xC964, 0x5020, 0x1820, 0x1820, 0x1800, 0x2000, 0x3862,
  0x40A3, 0x5104, 0x5966, 0x61A6, 0x6186, 0x7A08, 0x7187, 0x58E4, 0x6966, 0x7186, 0x6946, 0x79E8, 0x71A7, 0x92CB, 0x7A49, 0x7249,
  0x82AB, 0x5186, 0x38E4, 0x3904, 0x30C3, 0x28A3, 0x2062, 0x1841, 0x0800, 0x3861, 0x5041, 0x2800, 0x2021, 0x1000, 0x0800, 0x0820,
  0x0821, 0x0000, 0x0000, 0x0000, 0x0000, 0x0000, 0x0000, 0x0000, 0x0000, 0x0000, 0x0000, 0x0000, 0x0000, 0x0000, 0x0000, 0x0000,
  0x0000, 0x0000, 0x0000, 0x0000, 0x0000, 0x0000, 0x0000, 0x0000, 0x0000, 0x0000, 0x0000, 0x0000, 0x0000, 0x0000, 0x0000, 0x0000,
  0x0000, 0x0000, 0x0000, 0x0000, 0x0000, 0x0000, 0x0000, 0x0000, 0x0000, 0x0000, 0x0000, 0x0000, 0x0000, 0x0000, 0x0000, 0x0000,
  0x0000, 0x0000, 0x0000, 0x0000, 0x0000, 0x0000, 0x0000, 0x0000, 0x0000, 0x0000, 0x0000, 0x0000, 0x0000, 0x0000, 0x0000, 0x0000,
  0x0000, 0x0000, 0x0000, 0x0000, 0x0000, 0x0000, 0x0000, 0x0000, 0x0000, 0x0000, 0x0000, 0x0000, 0x0000, 0x0000, 0x0000, 0x0000,
  0x0000, 0x0000, 0x0000, 0x0000, 0x0000, 0x0000, 0x0000, 0x0000, 0x0000, 0x0000, 0x0000, 0x0000, 0x0000, 0x0000, 0x0000, 0x0000,
  0x0861, 0x18A2, 0x1000, 0x1800, 0x3000, 0x4020, 0x3841, 0x0800, 0x0000, 0x1800, 0x3000, 0x3000, 0x3000, 0x3800, 0x4000, 0x4800,
  0x6000, 0x6800, 0x6820, 0x70C3, 0x2020, 0x0800, 0x3800, 0x6000, 0x6000, 0x5800, 0x4800, 0x6020, 0x6800, 0x9882, 0x91C6, 0x1800,
  0x0800, 0x4000, 0x5800, 0x5000, 0x5000, 0x6000, 0x6000, 0x6000, 0x5800, 0x6000, 0x6800, 0xA040, 0xA965, 0x1000, 0x1800, 0x5800,
  0x6800, 0x6000, 0x6800, 0x6000, 0x5000, 0x7000, 0x5820, 0x7820, 0x8000, 0xB061, 0xA104, 0x1000, 0x3800, 0x7000, 0x8000, 0x7800,
  0x7800, 0x9000, 0x9800, 0xB000, 0xD861, 0x98E2, 0x1800, 0x4800, 0x6800, 0x8000, 0x8000, 0x8800, 0xA800, 0xF061, 0x9861, 0x3800,
  0x7800, 0x9800, 0x9800, 0x9800, 0xB000, 0xE020, 0x6020, 0x3000, 0x4800, 0x3000, 0x3000, 0x3000, 0x2000, 0x2800, 0x4800, 0x6000,
  0x7820, 0x8882, 0x6841, 0x3801, 0x2821, 0x48A2, 0x4841, 0x7861, 0xC36A, 0xE349, 0x5800, 0x1800, 0x1020, 0x1000, 0x1800, 0x2020,
  0x3862, 0x40A3, 0x3062, 0x40E4, 0x61C7, 0x5966, 0x8249, 0x7A08, 0x6986, 0x6186, 0x69C7, 0x9B2D, 0x5146, 0x6A08, 0x7229, 0x40E4,
  0x4104, 0x4125, 0x30C4, 0x30C3, 0x28A3, 0x1862, 0x1041, 0x0800, 0x38C3, 0x4082, 0x2800, 0x2000, 0x0800, 0x0820, 0x0841, 0x0000,
  0x0000, 0x0000, 0x0000, 0x0000, 0x0000, 0x0000, 0x0000, 0x0000, 0x0000, 0x0000, 0x0000, 0x0000, 0x0000, 0x0000, 0x0000, 0x0000,
  0x0000, 0x0000, 0x0000, 0x0000, 0x0000, 0x0000, 0x0000, 0x0000, 0x0000, 0x0000, 0x0000, 0x0000, 0x0000, 0x0000, 0x0000, 0x0000,
  0x0000, 0x0000, 0x0000, 0x0000, 0x0000, 0x0000, 0x0000, 0x0000, 0x0000, 0x0000, 0x0000, 0x0000, 0x0000, 0x0000, 0x0000, 0x0000,
  0x0000, 0x0000, 0x0000, 0x0000, 0x0000, 0x0000, 0x0000, 0x0000, 0x0000, 0x0000, 0x0000, 0x0000, 0x0000, 0x0000, 0x0000, 0x0000,
  0x0000, 0x0000, 0x0000, 0x0000, 0x0000, 0x0000, 0x0000, 0x0000, 0x0000, 0x0000, 0x0000, 0x0000, 0x0000, 0x0000, 0x0000, 0x0000,
  0x0000, 0x0000, 0x0000, 0x0000, 0x0000, 0x0000, 0x0000, 0x0000, 0x0000, 0x0000, 0x0000, 0x0000, 0x0000, 0x0000, 0x0000, 0x0000,
  0x0000, 0x0841, 0x10A2, 0x1041, 0x1000, 0x2800, 0x4861, 0x1000, 0x0000, 0x2000, 0x2800, 0x2800, 0x2800, 0x3000, 0x3800, 0x3800,
  0x4000, 0x4800, 0x4800, 0x7041, 0x4020, 0x0800, 0x3800, 0x5000, 0x4800, 0x5000, 0x4800, 0x4800, 0x5000, 0x7000, 0x9882, 0x2820,
  0x0800, 0x4000, 0x5000, 0x5000, 0x5800, 0x4800, 0x4800, 0x5000, 0x6820, 0x7081, 0x6000, 0x7800, 0xA924, 0x4082, 0x0800, 0x4800,
  0x6800, 0x6000, 0x6000, 0x7800, 0x7020, 0x8020, 0x8020, 0x8800, 0x9000, 0xA800, 0xC0E3, 0x3040, 0x1000, 0x5800, 0x7800, 0x9000,
  0x8800, 0x8800, 0x9000, 0xA000, 0xC800, 0xD102, 0x4020, 0x2800, 0x5000, 0x6800, 0x8020, 0x8000, 0x8800, 0xC800, 0xE061, 0x4020,
  0x3800, 0x7800, 0x9000, 0x9800, 0x9800, 0x9800, 0x3800, 0x2000, 0x3020, 0x3820, 0x3000, 0x3820, 0x4020, 0x6000, 0x9821, 0x8862,
  0x70A3, 0x60A3, 0x9124, 0x8903, 0x5883, 0x58A3, 0x60C3, 0x7124, 0x6021, 0xB288, 0xA226, 0x2000, 0x1841, 0x1841, 0x0800, 0x1800,
  0x3020, 0x2841, 0x3062, 0x40C3, 0x4904, 0x69C6, 0x8A89, 0x69C7, 0x7A08, 0x5125, 0x69C7, 0x8B0C, 0x5166, 0x4925, 0x38C4, 0x30A3,
  0x38C3, 0x38E4, 0x30C4, 0x28A3, 0x1862, 0x1041, 0x0000, 0x38C2, 0x40C3, 0x1000, 0x1000, 0x1000, 0x0820, 0x0020, 0x0000, 0x0000,
  0x0000, 0x0000, 0x0000, 0x0000, 0x0000, 0x0000, 0x0000, 0x0000, 0x0000, 0x0000, 0x0000, 0x0000, 0x0000, 0x0000, 0x0000, 0x0000,
  0x0000, 0x0000, 0x0000, 0x0000, 0x0000, 0x0000, 0x0000, 0x0000, 0x0000, 0x0000, 0x0000, 0x0000, 0x0000, 0x0000, 0x0000, 0x0000,
  0x0000, 0x0000, 0x0000, 0x0000, 0x0000, 0x0000, 0x0000, 0x0000, 0x0000, 0x0000, 0x0000, 0x0000, 0x0000, 0x0000, 0x0000, 0x0000,
  0x0000, 0x0000, 0x0000, 0x0000, 0x0000, 0x0000, 0x0000, 0x0000, 0x0000, 0x0000, 0x0000, 0x0000, 0x0000, 0x0000, 0x0000, 0x0000,
  0x0000, 0x0000, 0x0000, 0x0000, 0x0000, 0x0000, 0x0000, 0x0000, 0x0000, 0x0000, 0x0000, 0x0000, 0x0000, 0x0000, 0x0000, 0x0000,
  0x0000, 0x0000, 0x0000, 0x0000, 0x0000, 0x0000, 0x0000, 0x0000, 0x0000, 0x0000, 0x0000, 0x0000, 0x0000, 0x0000, 0x0000, 0x0000,
  0x0000, 0x0000, 0x0000, 0x18C2, 0x1861, 0x1000, 0x2800, 0x2000, 0x0000, 0x1800, 0x3000, 0x3800, 0x3000, 0x2800, 0x2800, 0x4000,
  0x3800, 0x3800, 0x4800, 0x6000, 0x7041, 0x1000, 0x2800, 0x5800, 0x5000, 0x4800, 0x4800, 0x6000, 0x5800, 0x6000, 0x9041, 0x5882,
  0x0800, 0x4800, 0x6000, 0x4800, 0x4800, 0x4000, 0x3800, 0x4800, 0x7000, 0x8861, 0x6800, 0x5800, 0x8881, 0x7903, 0x0800, 0x3800,
  0x7000, 0x6000, 0x6000, 0x6800, 0x7800, 0x8000, 0x8000, 0x7000, 0x7800, 0x9000, 0xD0E2, 0x68A2, 0x0000, 0x4800, 0x8000, 0x8800,
  0x7000, 0x6800, 0x8800, 0x9000, 0xB800, 0xE8C2, 0x6881, 0x1800, 0x2000, 0x3800, 0x4800, 0x5000, 0x5800, 0x6000, 0x7000, 0x3800,
  0x2000, 0x4800, 0x6000, 0x6000, 0x4800, 0x2000, 0x2000, 0x2800, 0x58E3, 0x58C3, 0x5000, 0x6841, 0x6800, 0xA8C3, 0xA0C3, 0x7062,
  0x68C3, 0x60A3, 0x80C3, 0x90E3, 0x78A3, 0x70E4, 0x6904, 0x7125, 0x50A3, 0x5862, 0xA267, 0x89A5, 0x2800, 0x1820, 0x1820, 0x1800,
  0x2820, 0x2821, 0x3882, 0x3062, 0x2841, 0x5124, 0x4924, 0x4925, 0x6186, 0x69E7, 0x5165, 0x5146, 0x4945, 0x38E4, 0x38C4, 0x30A3,
  0x28A3, 0x30E4, 0x2083, 0x1862, 0x1041, 0x0000, 0x30A2, 0x40C3, 0x1000, 0x1000, 0x0800, 0x0841, 0x0841, 0x0000, 0x0000, 0x0000,
  0x0000, 0x0000, 0x0000, 0x0000, 0x0000, 0x0000, 0x0000, 0x0000, 0x0000, 0x0000, 0x0000, 0x0000, 0x0000, 0x0000, 0x0000, 0x0000,
  0x0000, 0x0000, 0x0000, 0x0000, 0x0000, 0x0000, 0x0000, 0x0000, 0x0000, 0x0000, 0x0000, 0x0000, 0x0000, 0x0000, 0x0000, 0x0000,
  0x0000, 0x0000, 0x0000, 0x0000, 0x0000, 0x0000, 0x0000, 0x0000, 0x0000, 0x0000, 0x0000, 0x0000, 0x0000, 0x0000, 0x0000, 0x0000,
  0x0000, 0x0000, 0x0000, 0x0000, 0x0000, 0x0000, 0x0000, 0x0000, 0x0000, 0x0000, 0x0000, 0x0000, 0x0000, 0x0000, 0x0000, 0x0000,
  0x0000, 0x0000, 0x0000, 0x0000, 0x0000, 0x0000, 0x0000, 0x0000, 0x0000, 0x0000, 0x0000, 0x0000, 0x0000, 0x0000, 0x0000, 0x0000,
  0x0000, 0x0000, 0x0000, 0x0000, 0x0000, 0x0000, 0x0000, 0x0000, 0x0000, 0x0000, 0x0000, 0x0000, 0x0000, 0x0000, 0x0000, 0x0000,
  0x0000, 0x0000, 0x0000, 0x0000, 0x0841, 0x1082, 0x2041, 0x1800, 0x0000, 0x1000, 0x2000, 0x2800, 0x2800, 0x2000, 0x2800, 0x3000,
  0x3800, 0x3800, 0x3800, 0x4800, 0x8041, 0x2000, 0x1000, 0x4000, 0x5000, 0x5000, 0x4800, 0x6800, 0x6000, 0x4800, 0x7000, 0x7861,
  0x1000, 0x3800, 0x6000, 0x6820, 0x5800, 0x4800, 0x4800, 0x5000, 0x5800, 0x6800, 0x7000, 0x5820, 0x6800, 0xA124, 0x2820, 0x2000,
  0x6000, 0x6000, 0x6000, 0x7000, 0x7000, 0x7000, 0x7800, 0x7800, 0x8000, 0x9000, 0xD020, 0xA165, 0x0800, 0x2800, 0x7800, 0x8800,
  0x8000, 0x7800, 0x8800, 0x8000, 0x9800, 0xD020, 0x8061, 0x2800, 0x1800, 0x2000, 0x5061, 0x8184, 0x60A2, 0x4061, 0x3800, 0x5820,
  0x5020, 0x4800, 0x5020, 0x3020, 0x1000, 0x2000, 0x2000, 0x2800, 0x3800, 0x6882, 0xB985, 0x9904, 0x5841, 0x7083, 0x6082, 0x6062,
  0x80A3, 0x88E4, 0x5862, 0x8904, 0x9965, 0x60C3, 0x60C3, 0x8186, 0x7965, 0x58E4, 0x58A3, 0x8965, 0x7903, 0x3821, 0x1800, 0x1000,
  0x1000, 0x1800, 0x3041, 0x4082, 0x3882, 0x2041, 0x30A3, 0x4904, 0x4904, 0x5165, 0x4104, 0x38E4, 0x4105, 0x38E4, 0x2883, 0x2883,
  0x2062, 0x1862, 0x1041, 0x1020, 0x0000, 0x2861, 0x48E3, 0x1000, 0x0800, 0x0841, 0x0841, 0x0000, 0x0000, 0x0000, 0x0000, 0x0000,
  0x0000, 0x0000, 0x0000, 0x0000, 0x0000, 0x0000, 0x0000, 0x0000, 0x0000, 0x0000, 0x0000, 0x0000, 0x0000, 0x0000, 0x0000, 0x0000,
  0x0000, 0x0000, 0x0000, 0x0000, 0x0000, 0x0000, 0x0000, 0x0000, 0x0000, 0x0000, 0x0000, 0x0000, 0x0000, 0x0000, 0x0000, 0x0000,
  0x0000, 0x0000, 0x0000, 0x0000, 0x0000, 0x0000, 0x0000, 0x0000, 0x0000, 0x0000, 0x0000, 0x0000, 0x0000, 0x0000, 0x0000, 0x0000,
  0x0000, 0x0000, 0x0000, 0x0000, 0x0000, 0x0000, 0x0000, 0x0000, 0x0000, 0x0000, 0x0000, 0x0000, 0x0000, 0x0000, 0x0000, 0x0000,
  0x0000, 0x0000, 0x0000, 0x0000, 0x0000, 0x0000, 0x0000, 0x0000, 0x0000, 0x0000, 0x0000, 0x0000, 0x0000, 0x0000, 0x0000, 0x0000,
  0x0000, 0x0000, 0x0000, 0x0000, 0x0000, 0x0000, 0x0000, 0x0000, 0x0000, 0x0000, 0x0000, 0x0000, 0x0000, 0x0000, 0x0000, 0x0000,
  0x0000, 0x0000, 0x0000, 0x0000, 0x0000, 0x0020, 0x1882, 0x1861, 0x0000, 0x0800, 0x1800, 0x1800, 0x2000, 0x2800, 0x2000, 0x2000,
  0x3000, 0x4800, 0x4000, 0x3800, 0x6820, 0x4020, 0x0000, 0x2800, 0x4000, 0x5000, 0x5800, 0x5800, 0x5800, 0x4800, 0x5800, 0x8841,
  0x2000, 0x1800, 0x4800, 0x5800, 0x6000, 0x5000, 0x5000, 0x6000, 0x5800, 0x6000, 0x6800, 0x6000, 0x5800, 0xA0C2, 0x4861, 0x1000,
  0x3800, 0x5800, 0x6800, 0x7800, 0x8000, 0x6800, 0x6800, 0x7800, 0x8000, 0x8800, 0xA800, 0xC0C2, 0x3841, 0x1000, 0x5000, 0x6800,
  0x7800, 0x8800, 0x8800, 0x8000, 0x7000, 0x5800, 0x3800, 0x3000, 0x3820, 0x4000, 0x6081, 0x7944, 0x5841, 0x7861, 0x8020, 0x8820,
  0x98C3, 0x80A2, 0x6820, 0x6081, 0x4841, 0x4841, 0x4020, 0x4000, 0x5841, 0x8944, 0x6082, 0x5862, 0x4862, 0x4883, 0x4883, 0x98C3,
  0xD903, 0xB0E4, 0x70C3, 0x8125, 0x70E4, 0x60C3, 0x68C4, 0x8165, 0x7945, 0x7146, 0x89E8, 0x58C3, 0x58E4, 0x60E4, 0x60E3, 0x2800,
  0x0000, 0x0800, 0x1800, 0x2841, 0x3061, 0x2061, 0x2062, 0x2882, 0x3082, 0x38C3, 0x30C3, 0x2882, 0x2882, 0x2882, 0x2062, 0x1841,
  0x1841, 0x1020, 0x0800, 0x0800, 0x1800, 0x2820, 0x1000, 0x0800, 0x0820, 0x0020, 0x0000, 0x0000, 0x0000, 0x0000, 0x0000, 0x0000,
  0x0000, 0x0000, 0x0000, 0x0000, 0x0000, 0x0000, 0x0000, 0x0000, 0x0000, 0x0000, 0x0000, 0x0000, 0x0000, 0x0000, 0x0000, 0x0000,
  0x0000, 0x0000, 0x0000, 0x0000, 0x0000, 0x0000, 0x0000, 0x0000, 0x0000, 0x0000, 0x0000, 0x0000, 0x0000, 0x0000, 0x0000, 0x0000,
  0x0000, 0x0000, 0x0000, 0x0000, 0x0000, 0x0000, 0x0000, 0x0000, 0x0000, 0x0000, 0x0000, 0x0000, 0x0000, 0x0000, 0x0000, 0x0000,
  0x0000, 0x0000, 0x0000, 0x0000, 0x0000, 0x0000, 0x0000, 0x0000, 0x0000, 0x0000, 0x0000, 0x0000, 0x0000, 0x0000, 0x0000, 0x0000,
  0x0000, 0x0000, 0x0000, 0x0000, 0x0000, 0x0000, 0x0000, 0x0000, 0x0000, 0x0000, 0x0000, 0x0000, 0x0000, 0x0000, 0x0000, 0x0000,
  0x0000, 0x0000, 0x0000, 0x0000, 0x0000, 0x0000, 0x0000, 0x0000, 0x0000, 0x0000, 0x0000, 0x0000, 0x0000, 0x0000, 0x0000, 0x0000,
  0x0000, 0x0000, 0x0000, 0x0000, 0x0000, 0x0000, 0x0000, 0x0841, 0x1082, 0x0841, 0x0800, 0x1800, 0x1800, 0x2800, 0x3000, 0x2800,
  0x2800, 0x3800, 0x4000, 0x3800, 0x5020, 0x5041, 0x0000, 0x2000, 0x3800, 0x4800, 0x5000, 0x5000, 0x5800, 0x6000, 0x6000, 0x9041,
  0x3841, 0x0800, 0x4000, 0x6000, 0x5800, 0x5800, 0x5000, 0x5800, 0x6000, 0x6000, 0x6800, 0x6800, 0x7000, 0x8041, 0x60A2, 0x1000,
  0x2000, 0x5000, 0x7000, 0x7800, 0x8000, 0x8000, 0x7000, 0x7800, 0x7000, 0x6800, 0x7000, 0xA820, 0x7882, 0x0800, 0x2800, 0x5800,
  0x6800, 0x7800, 0x7000, 0x5800, 0x2800, 0x1800, 0x2800, 0x4020, 0x3800, 0x3000, 0x3000, 0x3800, 0x6000, 0x9041, 0xA800, 0xC060,
  0xD040, 0x8800, 0x7800, 0x9000, 0x8000, 0x6800, 0x78A2, 0x6020, 0x3800, 0x4062, 0x3021, 0x4082, 0x4882, 0x5082, 0x50A3, 0x8862,
  0xEB28, 0xB985, 0x8105, 0x7945, 0x7125, 0x8146, 0x7966, 0x7966, 0x7925, 0x79A7, 0x9A48, 0x81A6, 0x71A7, 0x40C3, 0x5104, 0x58E4,
  0x38A2, 0x0800, 0x0800, 0x1000, 0x1800, 0x1821, 0x2041, 0x2041, 0x2882, 0x2062, 0x1841, 0x1841, 0x1841, 0x1841, 0x1021, 0x1020,
  0x0800, 0x0820, 0x0800, 0x2061, 0x2041, 0x0800, 0x0820, 0x0020, 0x0000, 0x0000, 0x0000, 0x0000, 0x0000, 0x0000, 0x0000, 0x0000,
  0x0000, 0x0000, 0x0000, 0x0000, 0x0000, 0x0000, 0x0000, 0x0000, 0x0000, 0x0000, 0x0000, 0x0000, 0x0000, 0x0000, 0x0000, 0x0000,
  0x0000, 0x0000, 0x0000, 0x0000, 0x0000, 0x0000, 0x0000, 0x0000, 0x0000, 0x0000, 0x0000, 0x0000, 0x0000, 0x0000, 0x0000, 0x0000,
  0x0000, 0x0000, 0x0000, 0x0000, 0x0000, 0x0000, 0x0000, 0x0000, 0x0000, 0x0000, 0x0000, 0x0000, 0x0000, 0x0000, 0x0000, 0x0000,
  0x0000, 0x0000, 0x0000, 0x0000, 0x0000, 0x0000, 0x0000, 0x0000, 0x0000, 0x0000, 0x0000, 0x0000, 0x0000, 0x0000, 0x0000, 0x0000,
  0x0000, 0x0000, 0x0000, 0x0000, 0x0000, 0x0000, 0x0000, 0x0000, 0x0000, 0x0000, 0x0000, 0x0000, 0x0000, 0x0000, 0x0000, 0x0000,
  0x0000, 0x0000, 0x0000, 0x0000, 0x0000, 0x0000, 0x0000, 0x0000, 0x0000, 0x0000, 0x0000, 0x0000, 0x0000, 0x0000, 0x0000, 0x0000,
  0x0000, 0x0000, 0x0000, 0x0000, 0x0000, 0x0000, 0x0000, 0x0000, 0x0020, 0x1082, 0x1061, 0x1020, 0x0800, 0x2000, 0x2000, 0x2800,
  0x2000, 0x2000, 0x3000, 0x3000, 0x3800, 0x5020, 0x1000, 0x1000, 0x3000, 0x4000, 0x4800, 0x5000, 0x4800, 0x5000, 0x6000, 0x8020,
  0x4841, 0x0000, 0x3000, 0x6000, 0x6000, 0x5800, 0x6000, 0x6000, 0x5800, 0x7861, 0x8000, 0xB081, 0xA020, 0x6000, 0x5041, 0x1800,
  0x1800, 0x3000, 0x5000, 0x6000, 0x5800, 0x6000, 0x7000, 0x6000, 0x5000, 0x5800, 0x5800, 0x6800, 0x9862, 0x2820, 0x0800, 0x3000,
  0x5000, 0x4800, 0x3000, 0x2800, 0x2800, 0x2800, 0x1800, 0x2000, 0x3000, 0x3800, 0x4820, 0x4820, 0x7861, 0xA0C3, 0xD061, 0xF349,
  0xE163, 0xA800, 0xC020, 0xD8A2, 0xD903, 0xC0E3, 0x7820, 0x3000, 0x2820, 0x4882, 0x3862, 0x4082, 0x4082, 0x50A2, 0x88C3, 0xB0A3,
  0xE226, 0x98E4, 0x7904, 0x70E4, 0x7125, 0xA9A7, 0xA124, 0x99A6, 0x91C7, 0xA28A, 0x81C7, 0x8A28, 0x89E8, 0x8A08, 0x4905, 0x38C3,
  0x4904, 0x3041, 0x2020, 0x0800, 0x0800, 0x1000, 0x1000, 0x1000, 0x1820, 0x1821, 0x1021, 0x1020, 0x0800, 0x0800, 0x0800, 0x1000,
  0x1861, 0x30C3, 0x1020, 0x0800, 0x0800, 0x0020, 0x0020, 0x0000, 0x0000, 0x0000, 0x0000, 0x0000, 0x0000, 0x0000, 0x0000, 0x0000,
  0x0000, 0x0000, 0x0000, 0x0000, 0x0000, 0x0000, 0x0000, 0x0000, 0x0000, 0x0000, 0x0000, 0x0000, 0x0000, 0x0000, 0x0000, 0x0000,
  0x0000, 0x0000, 0x0000, 0x0000, 0x0000, 0x0000, 0x0000, 0x0000, 0x0000, 0x0000, 0x0000, 0x0000, 0x0000, 0x0000, 0x0000, 0x0000,
  0x0000, 0x0000, 0x0000, 0x0000, 0x0000, 0x0000, 0x0000, 0x0000, 0x0000, 0x0000, 0x0000, 0x0000, 0x0000, 0x0000, 0x0000, 0x0000,
  0x0000, 0x0000, 0x0000, 0x0000, 0x0000, 0x0000, 0x0000, 0x0000, 0x0000, 0x0000, 0x0000, 0x0000, 0x0000, 0x0000, 0x0000, 0x0000,
  0x0000, 0x0000, 0x0000, 0x0000, 0x0000, 0x0000, 0x0000, 0x0000, 0x0000, 0x0000, 0x0000, 0x0000, 0x0000, 0x0000, 0x0000, 0x0000,
  0x0000, 0x0000, 0x0000, 0x0000, 0x0000, 0x0000, 0x0000, 0x0000, 0x0000, 0x0000, 0x0000, 0x0000, 0x0000, 0x0000, 0x0000, 0x0000,
  0x0000, 0x0000, 0x0000, 0x0000, 0x0000, 0x0000, 0x0000, 0x0000, 0x0000, 0x0000, 0x0841, 0x18C3, 0x1061, 0x1000, 0x1000, 0x2000,
  0x2800, 0x2000, 0x2000, 0x2000, 0x2800, 0x4800, 0x2000, 0x0800, 0x2000, 0x3800, 0x3800, 0x5000, 0x5000, 0x4800, 0x4800, 0x6000,
  0x4820, 0x0800, 0x1800, 0x4000, 0x5800, 0x6000, 0x6000, 0x7020, 0x6800, 0x6800, 0x9000, 0xB020, 0xA800, 0x7800, 0x3800, 0x2000,
  0x2000, 0x1800, 0x2000, 0x2800, 0x2800, 0x2800, 0x2800, 0x2800, 0x2800, 0x2800, 0x2800, 0x3000, 0x6020, 0x3821, 0x0800, 0x1000,
  0x1800, 0x2000, 0x2800, 0x2800, 0x2000, 0x2800, 0x2800, 0x3000, 0x4800, 0x8862, 0x8082, 0x5842, 0x6083, 0x6062, 0x7041, 0x7862,
  0x8862, 0xA041, 0xB041, 0xC800, 0xEAC8, 0xF3AB, 0xB861, 0x4000, 0x2800, 0x3841, 0x3861, 0x3862, 0x48A3, 0x3862, 0x88A3, 0xF125,
  0xF165, 0xA146, 0x9146, 0xA186, 0x7105, 0xB904, 0xFB69, 0xEA87, 0xA9E7, 0x9249, 0x8A28, 0x8249, 0x8A08, 0x9A6A, 0x69A7, 0x38C3,
  0x30A3, 0x2062, 0x2021, 0x2020, 0x1000, 0x1000, 0x0800, 0x0800, 0x1000, 0x1000, 0x0800, 0x0800, 0x1041, 0x1041, 0x2061, 0x1841,
  0x1020, 0x0800, 0x0000, 0x0020, 0x0020, 0x0000, 0x0000, 0x0000, 0x0000, 0x0000, 0x0000, 0x0000, 0x0000, 0x0000, 0x0000, 0x0000,
  0x0000, 0x0000, 0x0000, 0x0000, 0x0000, 0x0000, 0x0000, 0x0000, 0x0000, 0x0000, 0x0000, 0x0000, 0x0000, 0x0000, 0x0000, 0x0000,
  0x0000, 0x0000, 0x0000, 0x0000, 0x0000, 0x0000, 0x0000, 0x0000, 0x0000, 0x0000, 0x0000, 0x0000, 0x0000, 0x0000, 0x0000, 0x0000,
  0x0000, 0x0000, 0x0000, 0x0000, 0x0000, 0x0000, 0x0000, 0x0000, 0x0000, 0x0000, 0x0000, 0x0000, 0x0000, 0x0000, 0x0000, 0x0000,
  0x0000, 0x0000, 0x0000, 0x0000, 0x0000, 0x0000, 0x0000, 0x0000, 0x0000, 0x0000, 0x0000, 0x0000, 0x0000, 0x0000, 0x0000, 0x0000,
  0x0000, 0x0000, 0x0000, 0x0000, 0x0000, 0x0000, 0x0000, 0x0000, 0x0000, 0x0000, 0x0000, 0x0000, 0x0000, 0x0000, 0x0000, 0x0000,
  0x0000, 0x0000, 0x0000, 0x0000, 0x0000, 0x0000, 0x0000, 0x0000, 0x0000, 0x0000, 0x0000, 0x0000, 0x0000, 0x0000, 0x0000, 0x0000,
  0x0000, 0x0000, 0x0000, 0x0000, 0x0000, 0x0000, 0x0000, 0x0000, 0x0000, 0x0000, 0x0000, 0x0000, 0x18C2, 0x1082, 0x1041, 0x0800,
  0x1800, 0x1800, 0x1800, 0x2000, 0x2000, 0x3000, 0x2000, 0x0800, 0x1000, 0x2000, 0x3000, 0x3800, 0x4800, 0x4000, 0x4000, 0x4800,
  0x3000, 0x1000, 0x1000, 0x2000, 0x3800, 0x5000, 0x5800, 0x5800, 0x5000, 0x4800, 0x6000, 0x8000, 0x9800, 0x8800, 0x5020, 0x3020,
  0x2000, 0x1800, 0x1000, 0x1000, 0x1800, 0x2800, 0x2000, 0x1000, 0x1800, 0x3020, 0x2820, 0x1800, 0x1000, 0x1800, 0x2000, 0x2000,
  0x2000, 0x2000, 0x2000, 0x1800, 0x3000, 0x4800, 0x5800, 0x4821, 0x5042, 0x5862, 0x5882, 0x78A3, 0x68A3, 0x68A3, 0x6883, 0x68A3,
  0x5062, 0x6082, 0x5883, 0x7862, 0xB985, 0xEC0C, 0xD9C4, 0x8923, 0x2800, 0x2020, 0x3061, 0x3882, 0x4882, 0x78E3, 0xB125, 0xC8C4,
  0x8083, 0x8967, 0x9905, 0xC1C6, 0x8166, 0xB0E3, 0xFBCA, 0xE2E8, 0xA1A6, 0x8A49, 0x71A7, 0x69C7, 0x48E3, 0x8A29, 0x7208, 0x38E4,
  0x38E4, 0x28A3, 0x1041, 0x1020, 0x2820, 0x2000, 0x1000, 0x0800, 0x0800, 0x1020, 0x1820, 0x2020, 0x30C3, 0x1841, 0x1000, 0x0800,
  0x0000, 0x0820, 0x0020, 0x0000, 0x0000, 0x0000, 0x0000, 0x0000, 0x0000, 0x0000, 0x0000, 0x0000, 0x0000, 0x0000, 0x0000, 0x0000,
  0x0000, 0x0000, 0x0000, 0x0000, 0x0000, 0x0000, 0x0000, 0x0000, 0x0000, 0x0000, 0x0000, 0x0000, 0x0000, 0x0000, 0x0000, 0x0000,
  0x0000, 0x0000, 0x0000, 0x0000, 0x0000, 0x0000, 0x0000, 0x0000, 0x0000, 0x0000, 0x0000, 0x0000, 0x0000, 0x0000, 0x0000, 0x0000,
  0x0000, 0x0000, 0x0000, 0x0000, 0x0000, 0x0000, 0x0000, 0x0000, 0x0000, 0x0000, 0x0000, 0x0000, 0x0000, 0x0000, 0x0000, 0x0000,
  0x0000, 0x0000, 0x0000, 0x0000, 0x0000, 0x0000, 0x0000, 0x0000, 0x0000, 0x0000, 0x0000, 0x0000, 0x0000, 0x0000, 0x0000, 0x0000,
  0x0000, 0x0000, 0x0000, 0x0000, 0x0000, 0x0000, 0x0000, 0x0000, 0x0000, 0x0000, 0x0000, 0x0000, 0x0000, 0x0000, 0x0000, 0x0000,
  0x0000, 0x0000, 0x0000, 0x0000, 0x0000, 0x0000, 0x0000, 0x0000, 0x0000, 0x0000, 0x0000, 0x0000, 0x0000, 0x0000, 0x0000, 0x0000,
  0x0000, 0x0000, 0x0000, 0x0000, 0x0000, 0x0000, 0x0000, 0x0000, 0x0000, 0x0000, 0x0000, 0x0000, 0x0000, 0x0000, 0x18C3, 0x1061,
  0x0820, 0x0800, 0x0800, 0x1000, 0x1800, 0x1800, 0x1000, 0x0800, 0x0000, 0x0800, 0x1000, 0x1800, 0x2800, 0x2800, 0x2800, 0x1800,
  0x1000, 0x1000, 0x1000, 0x0800, 0x2000, 0x3000, 0x3800, 0x4000, 0x4800, 0x5000, 0x5000, 0x5800, 0x6000, 0x4000, 0x1800, 0x1800,
  0x2000, 0x3000, 0x3020, 0x2800, 0x4000, 0x4820, 0x4800, 0x5082, 0x4020, 0x3820, 0x3820, 0x2800, 0x2000, 0x2000, 0x3000, 0x3000,
  0x2000, 0x2000, 0x4000, 0x5020, 0x6841, 0x5821, 0x5042, 0x5062, 0x6083, 0x4862, 0x4882, 0x98E3, 0x90E4, 0x80E4, 0x78C4, 0x68A3,
  0x78C4, 0x70C3, 0x60A3, 0x4083, 0x5842, 0xA923, 0xEC0B, 0x9943, 0x3000, 0x1000, 0x1800, 0x40A3, 0x58C3, 0xA1A6, 0x68C3, 0xA186,
  0x7125, 0x70E4, 0xB9E7, 0x9145, 0x5905, 0x8166, 0xB0E3, 0x9125, 0x6166, 0x6986, 0x8208, 0x71E8, 0x7A49, 0x69C7, 0x5966, 0x5145,
  0x40E4, 0x2882, 0x1841, 0x1021, 0x0800, 0x2000, 0x30A2, 0x1020, 0x0800, 0x1041, 0x2041, 0x2041, 0x0800, 0x0800, 0x1000, 0x0820,
  0x0020, 0x0020, 0x0000, 0x0000, 0x0000, 0x0000, 0x0000, 0x0000, 0x0000, 0x0000, 0x0000, 0x0000, 0x0000, 0x0000, 0x0000, 0x0000,
  0x0000, 0x0000, 0x0000, 0x0000, 0x0000, 0x0000, 0x0000, 0x0000, 0x0000, 0x0000, 0x0000, 0x0000, 0x0000, 0x0000, 0x0000, 0x0000,
  0x0000, 0x0000, 0x0000, 0x0000, 0x0000, 0x0000, 0x0000, 0x0000, 0x0000, 0x0000, 0x0000, 0x0000, 0x0000, 0x0000, 0x0000, 0x0000,
  0x0000, 0x0000, 0x0000, 0x0000, 0x0000, 0x0000, 0x0000, 0x0000, 0x0000, 0x0000, 0x0000, 0x0000, 0x0000, 0x0000, 0x0000, 0x0000,
  0x0000, 0x0000, 0x0000, 0x0000, 0x0000, 0x0000, 0x0000, 0x0000, 0x0000, 0x0000, 0x0000, 0x0000, 0x0000, 0x0000, 0x0000, 0x0000,
  0x0000, 0x0000, 0x0000, 0x0000, 0x0000, 0x0000, 0x0000, 0x0000, 0x0000, 0x0000, 0x0000, 0x0000, 0x0000, 0x0000, 0x0000, 0x0000,
  0x0000, 0x0000, 0x0000, 0x0000, 0x0000, 0x0000, 0x0000, 0x0000, 0x0000, 0x0000, 0x0000, 0x0000, 0x0000, 0x0000, 0x0000, 0x0000,
  0x0000, 0x0000, 0x0000, 0x0000, 0x0000, 0x0000, 0x0000, 0x0000, 0x0000, 0x0000, 0x0000, 0x0000, 0x0000, 0x0000, 0x0000, 0x0000,
  0x0841, 0x10A2, 0x0841, 0x0000, 0x0000, 0x0000, 0x0000, 0x0800, 0x0800, 0x0800, 0x0800, 0x0800, 0x0800, 0x1000, 0x1000, 0x0800,
  0x1800, 0x2000, 0x2000, 0x1000, 0x0800, 0x1000, 0x1800, 0x2000, 0x2000, 0x2000, 0x1800, 0x1800, 0x1000, 0x1000, 0x2000, 0x3000,
  0x3800, 0x5020, 0x3820, 0x4820, 0x7041, 0x5800, 0x9000, 0xB9E7, 0x88A2, 0x4800, 0x3800, 0x3800, 0x3000, 0x3000, 0x3800, 0x3800,
  0x4000, 0x6000, 0x6821, 0x5041, 0x4882, 0x4862, 0x6862, 0xA0C3, 0x6883, 0x70E3, 0x60A3, 0x68C3, 0x60A3, 0x8105, 0x88E4, 0x5883,
  0x78E4, 0x8904, 0xA125, 0x9145, 0x7925, 0x5021, 0xA9A5, 0xC369, 0x3000, 0x1000, 0x2020, 0x4082, 0x50A3, 0x50E3, 0x5904, 0x6945,
  0x7186, 0x7166, 0x91E8, 0x6145, 0x7A08, 0x8A29, 0x71C7, 0x71E8, 0x7208, 0x6186, 0x8207, 0x71E8, 0x61E8, 0x38E4, 0x38C3, 0x4925,
  0x30C3, 0x2062, 0x1841, 0x0800, 0x0800, 0x3041, 0x30A2, 0x1020, 0x1000, 0x1041, 0x2062, 0x38E4, 0x38A2, 0x2020, 0x1021, 0x0020,
  0x0000, 0x0000, 0x0000, 0x0000, 0x0000, 0x0000, 0x0000, 0x0000, 0x0000, 0x0000, 0x0000, 0x0000, 0x0000, 0x0000, 0x0000, 0x0000,
  0x0000, 0x0000, 0x0000, 0x0000, 0x0000, 0x0000, 0x0000, 0x0000, 0x0000, 0x0000, 0x0000, 0x0000, 0x0000, 0x0000, 0x0000, 0x0000,
  0x0000, 0x0000, 0x0000, 0x0000, 0x0000, 0x0000, 0x0000, 0x0000, 0x0000, 0x0000, 0x0000, 0x0000, 0x0000, 0x0000, 0x0000, 0x0000,
  0x0000, 0x0000, 0x0000, 0x0000, 0x0000, 0x0000, 0x0000, 0x0000, 0x0000, 0x0000, 0x0000, 0x0000, 0x0000, 0x0000, 0x0000, 0x0000,
  0x0000, 0x0000, 0x0000, 0x0000, 0x0000, 0x0000, 0x0000, 0x0000, 0x0000, 0x0000, 0x0000, 0x0000, 0x0000, 0x0000, 0x0000, 0x0000,
  0x0000, 0x0000, 0x0000, 0x0000, 0x0000, 0x0000, 0x0000, 0x0000, 0x0000, 0x0000, 0x0000, 0x0000, 0x0000, 0x0000, 0x0000, 0x0000,
  0x0000, 0x0000, 0x0000, 0x0000, 0x0000, 0x0000, 0x0000, 0x0000, 0x0000, 0x0000, 0x0000, 0x0000, 0x0000, 0x0000, 0x0000, 0x0000,
  0x0000, 0x0000, 0x0000, 0x0000, 0x0000, 0x0000, 0x0000, 0x0000, 0x0000, 0x0000, 0x0000, 0x0000, 0x0000, 0x0000, 0x0000, 0x0000,
  0x0000, 0x0841, 0x1082, 0x18E3, 0x0861, 0x0000, 0x0800, 0x0800, 0x0800, 0x1000, 0x1000, 0x1000, 0x2000, 0x2000, 0x1800, 0x2000,
  0x2000, 0x2000, 0x2000, 0x2000, 0x1800, 0x1000, 0x1000, 0x1000, 0x1000, 0x1800, 0x1800, 0x1800, 0x2800, 0x2800, 0x3020, 0x4041,
  0x3820, 0x3821, 0x3021, 0x3841, 0x4841, 0x4021, 0x5021, 0x6000, 0xB061, 0x9840, 0x4800, 0x3000, 0x3800, 0x4020, 0x3000, 0x2800,
  0x4821, 0x5041, 0x4062, 0x4083, 0x4082, 0x4882, 0x60A3, 0x88E3, 0x70A3, 0x88A2, 0xC124, 0x70A3, 0x70C3, 0x8924, 0xA945, 0xC227,
  0x99A6, 0x8124, 0xB9E6, 0x9945, 0x7904, 0x48C3, 0x4000, 0xBAA7, 0x79C5, 0x0800, 0x1820, 0x2841, 0x3062, 0x3082, 0x40E3, 0x4904,
  0x6166, 0x92AA, 0x928A, 0x69C7, 0x8A69, 0x8228, 0x5986, 0x5166, 0x828A, 0x7208, 0x6186, 0x5166, 0x4125, 0x3904, 0x30C3, 0x2883,
  0x2062, 0x1841, 0x1021, 0x0800, 0x2041, 0x1820, 0x0000, 0x1800, 0x2000, 0x1800, 0x1821, 0x1821, 0x1020, 0x0800, 0x0000, 0x0000,
  0x0000, 0x0000, 0x0000, 0x0000, 0x0000, 0x0000, 0x0000, 0x0000, 0x0000, 0x0000, 0x0000, 0x0000, 0x0000, 0x0000, 0x0000, 0x0000,
  0x0000, 0x0000, 0x0000, 0x0000, 0x0000, 0x0000, 0x0000, 0x0000, 0x0000, 0x0000, 0x0000, 0x0000, 0x0000, 0x0000, 0x0000, 0x0000,
  0x0000, 0x0000, 0x0000, 0x0000, 0x0000, 0x0000, 0x0000, 0x0000, 0x0000, 0x0000, 0x0000, 0x0000, 0x0000, 0x0000, 0x0000, 0x0000,
  0x0000, 0x0000, 0x0000, 0x0000, 0x0000, 0x0000, 0x0000, 0x0000, 0x0000, 0x0000, 0x0000, 0x0000, 0x0000, 0x0000, 0x0000, 0x0000,
  0x0000, 0x0000, 0x0000, 0x0000, 0x0000, 0x0000, 0x0000, 0x0000, 0x0000, 0x0000, 0x0000, 0x0000, 0x0000, 0x0000, 0x0000, 0x0000,
  0x0000, 0x0000, 0x0000, 0x0000, 0x0000, 0x0000, 0x0000, 0x0000, 0x0000, 0x0000, 0x0000, 0x0000, 0x0000, 0x0000, 0x0000, 0x0000,
  0x0000, 0x0000, 0x0000, 0x0000, 0x0000, 0x0000, 0x0000, 0x0000, 0x0000, 0x0000, 0x0000, 0x0000, 0x0000, 0x0000, 0x0000, 0x0000,
  0x0000, 0x0000, 0x0000, 0x0000, 0x0000, 0x0000, 0x0000, 0x0000, 0x0000, 0x0000, 0x0000, 0x0000, 0x0000, 0x0000, 0x0000, 0x0000,
  0x0000, 0x0000, 0x0000, 0x1082, 0x18E3, 0x1061, 0x0820, 0x0800, 0x1000, 0x1800, 0x2000, 0x2800, 0x2800, 0x2000, 0x2000, 0x2000,
  0x1800, 0x1800, 0x1800, 0x2000, 0x2800, 0x2000, 0x2000, 0x2820, 0x2800, 0x3000, 0x3800, 0x3000, 0x3021, 0x2821, 0x3041, 0x3862,
  0x3842, 0x4062, 0x3842, 0x4062, 0x58A2, 0x4862, 0x4862, 0x4041, 0x8882, 0xF490, 0x9924, 0x4820, 0x3841, 0x5061, 0x2800, 0x2020,
  0x3862, 0x4862, 0x4882, 0x4862, 0x78E3, 0x58C3, 0x60E4, 0x6083, 0x88C3, 0x88C3, 0x9062, 0xB8E3, 0xC104, 0x9104, 0x8145, 0xA1A6,
  0x8165, 0x7965, 0x89E7, 0x58C4, 0x6125, 0x50E4, 0x48C3, 0x70E3, 0xB2A7, 0x1820, 0x1000, 0x2021, 0x3062, 0x38A2, 0x38A3, 0x5125,
  0x6166, 0x69A6, 0x8249, 0x5145, 0x7A49, 0x7A49, 0x61C7, 0x59A6, 0x61C7, 0x59A7, 0x4104, 0x38E4, 0x3904, 0x38E4, 0x28A3, 0x1862,
  0x1841, 0x1020, 0x0800, 0x3061, 0x2021, 0x0000, 0x0800, 0x4061, 0x7163, 0x5061, 0x1820, 0x0020, 0x0000, 0x0000, 0x0000, 0x0000,
  0x0000, 0x0000, 0x0000, 0x0000, 0x0000, 0x0000, 0x0000, 0x0000, 0x0000, 0x0000, 0x0000, 0x0000, 0x0000, 0x0000, 0x0000, 0x0000,
  0x0000, 0x0000, 0x0000, 0x0000, 0x0000, 0x0000, 0x0000, 0x0000, 0x0000, 0x0000, 0x0000, 0x0000, 0x0000, 0x0000, 0x0000, 0x0000,
  0x0000, 0x0000, 0x0000, 0x0000, 0x0000, 0x0000, 0x0000, 0x0000, 0x0000, 0x0000, 0x0000, 0x0000, 0x0000, 0x0000, 0x0000, 0x0000,
  0x0000, 0x0000, 0x0000, 0x0000, 0x0000, 0x0000, 0x0000, 0x0000, 0x0000, 0x0000, 0x0000, 0x0000, 0x0000, 0x0000, 0x0000, 0x0000,
  0x0000, 0x0000, 0x0000, 0x0000, 0x0000, 0x0000, 0x0000, 0x0000, 0x0000, 0x0000, 0x0000, 0x0000, 0x0000, 0x0000, 0x0000, 0x0000,
  0x0000, 0x0000, 0x0000, 0x0000, 0x0000, 0x0000, 0x0000, 0x0000, 0x0000, 0x0000, 0x0000, 0x0000, 0x0000, 0x0000, 0x0000, 0x0000,
  0x0000, 0x0000, 0x0000, 0x0000, 0x0000, 0x0000, 0x0000, 0x0000, 0x0000, 0x0000, 0x0000, 0x0000, 0x0000, 0x0000, 0x0000, 0x0000,
  0x0000, 0x0000, 0x0000, 0x0000, 0x0000, 0x0000, 0x0000, 0x0000, 0x0000, 0x0000, 0x0000, 0x0000, 0x0000, 0x0000, 0x0000, 0x0000,
  0x0000, 0x0000, 0x0000, 0x0000, 0x0000, 0x0000, 0x1061, 0x20E3, 0x1041, 0x1800, 0x2800, 0x4020, 0x4020, 0x4000, 0x4800, 0x4800,
  0x4000, 0x3000, 0x2000, 0x2800, 0x3800, 0x2800, 0x1000, 0x2820, 0x2000, 0x2800, 0x3841, 0x3021, 0x3041, 0x4862, 0x4042, 0x6041,
  0x5021, 0x3882, 0x4062, 0x4062, 0x58A2, 0x60A3, 0x7082, 0x70A3, 0x6021, 0xA1E6, 0xA164, 0x3800, 0x1800, 0x2000, 0x2000, 0x2020,
  0x5062, 0x6062, 0x5883, 0x4883, 0x60A3, 0x58C4, 0x58A3, 0x90C3, 0xB0A3, 0xA925, 0xB881, 0xFBE9, 0xFD2D, 0xB123, 0x6945, 0x6125,
  0x6946, 0x7186, 0x9208, 0x7965, 0x7966, 0x6945, 0x40C4, 0x4082, 0x8123, 0x3041, 0x0800, 0x1821, 0x2041, 0x3062, 0x38A3, 0x4904,
  0x4924, 0x5945, 0x7A08, 0x4924, 0x4904, 0x5986, 0x4945, 0x5186, 0x4945, 0x59A7, 0x5186, 0x3904, 0x3904, 0x28A3, 0x2082, 0x1841,
  0x1020, 0x0000, 0x2882, 0x3061, 0x1000, 0x0800, 0x1000, 0x2840, 0x38A1, 0x1820, 0x0000, 0x0000, 0x0000, 0x0000, 0x0000, 0x0000,
  0x0000, 0x0000, 0x0000, 0x0000, 0x0000, 0x0000, 0x0000, 0x0000, 0x0000, 0x0000, 0x0000, 0x0000, 0x0000, 0x0000, 0x0000, 0x0000,
  0x0000, 0x0000, 0x0000, 0x0000, 0x0000, 0x0000, 0x0000, 0x0000, 0x0000, 0x0000, 0x0000, 0x0000, 0x0000, 0x0000, 0x0000, 0x0000,
  0x0000, 0x0000, 0x0000, 0x0000, 0x0000, 0x0000, 0x0000, 0x0000, 0x0000, 0x0000, 0x0000, 0x0000, 0x0000, 0x0000, 0x0000, 0x0000,
  0x0000, 0x0000, 0x0000, 0x0000, 0x0000, 0x0000, 0x0000, 0x0000, 0x0000, 0x0000, 0x0000, 0x0000, 0x0000, 0x0000, 0x0000, 0x0000,
  0x0000, 0x0000, 0x0000, 0x0000, 0x0000, 0x0000, 0x0000, 0x0000, 0x0000, 0x0000, 0x0000, 0x0000, 0x0000, 0x0000, 0x0000, 0x0000,
  0x0000, 0x0000, 0x0000, 0x0000, 0x0000, 0x0000, 0x0000, 0x0000, 0x0000, 0x0000, 0x0000, 0x0000, 0x0000, 0x0000, 0x0000, 0x0000,
  0x0000, 0x0000, 0x0000, 0x0000, 0x0000, 0x0000, 0x0000, 0x0000, 0x0000, 0x0000, 0x0000, 0x0000, 0x0000, 0x0000, 0x0000, 0x0000,
  0x0000, 0x0000, 0x0000, 0x0000, 0x0000, 0x0000, 0x0000, 0x0000, 0x0000, 0x0000, 0x0000, 0x0000, 0x0000, 0x0000, 0x0000, 0x0000,
  0x0000, 0x0000, 0x0000, 0x0000, 0x0000, 0x0000, 0x0000, 0x0020, 0x1082, 0x18C3, 0x1061, 0x1021, 0x1800, 0x2800, 0x4820, 0x7081,
  0x80A2, 0x7041, 0x6924, 0x4841, 0x4841, 0x1000, 0x1800, 0x1800, 0x1800, 0x2821, 0x3041, 0x3041, 0x3841, 0x4062, 0x7041, 0xD8A2,
  0xD0E3, 0x6083, 0x48C3, 0x5083, 0x60A3, 0x60A3, 0x60A3, 0x68A3, 0x5082, 0x5882, 0x91A5, 0x4020, 0x1000, 0x2000, 0x2821, 0x2021,
  0x4841, 0x5862, 0x4862, 0x40A3, 0x60E4, 0x58A3, 0x48A3, 0x8924, 0xA104, 0x80E4, 0xA944, 0xD204, 0xCA86, 0x9944, 0x6966, 0x4904,
  0x5945, 0x6166, 0x89E7, 0x91A6, 0x7945, 0x50E4, 0x2062, 0x40C3, 0x4861, 0x2800, 0x1000, 0x1820, 0x2021, 0x2861, 0x3082, 0x40C3,
  0x38C3, 0x4924, 0x5125, 0x4925, 0x4925, 0x5166, 0x5145, 0x4125, 0x4125, 0x4125, 0x28A3, 0x28C3, 0x28C3, 0x1862, 0x1841, 0x1020,
  0x0000, 0x1041, 0x3062, 0x0800, 0x0820, 0x0820, 0x0841, 0x0000, 0x0000, 0x0000, 0x0000, 0x0000, 0x0000, 0x0000, 0x0000, 0x0000,
  0x0000, 0x0000, 0x0000, 0x0000, 0x0000, 0x0000, 0x0000, 0x0000, 0x0000, 0x0000, 0x0000, 0x0000, 0x0000, 0x0000, 0x0000, 0x0000,
  0x0000, 0x0000, 0x0000, 0x0000, 0x0000, 0x0000, 0x0000, 0x0000, 0x0000, 0x0000, 0x0000, 0x0000, 0x0000, 0x0000, 0x0000, 0x0000,
  0x0000, 0x0000, 0x0000, 0x0000, 0x0000, 0x0000, 0x0000, 0x0000, 0x0000, 0x0000, 0x0000, 0x0000, 0x0000, 0x0000, 0x0000, 0x0000,
  0x0000, 0x0000, 0x0000, 0x0000, 0x0000, 0x0000, 0x0000, 0x0000, 0x0000, 0x0000, 0x0000, 0x0000, 0x0000, 0x0000, 0x0000, 0x0000,
  0x0000, 0x0000, 0x0000, 0x0000, 0x0000, 0x0000, 0x0000, 0x0000, 0x0000, 0x0000, 0x0000, 0x0000, 0x0000, 0x0000, 0x0000, 0x0000,
  0x0000, 0x0000, 0x0000, 0x0000, 0x0000, 0x0000, 0x0000, 0x0000, 0x0000, 0x0000, 0x0000, 0x0000, 0x0000, 0x0000, 0x0000, 0x0000,
  0x0000, 0x0000, 0x0000, 0x0000, 0x0000, 0x0000, 0x0000, 0x0000, 0x0000, 0x0000, 0x0000, 0x0000, 0x0000, 0x0000, 0x0000, 0x0000,
  0x0000, 0x0000, 0x0000, 0x0000, 0x0000, 0x0000, 0x0000, 0x0000, 0x0000, 0x0000, 0x0000, 0x0000, 0x0000, 0x0000, 0x0000, 0x0000,
  0x0000, 0x0000, 0x0000, 0x0000, 0x0000, 0x0000, 0x0000, 0x0000, 0x0000, 0x0000, 0x0861, 0x10A2, 0x1082, 0x1041, 0x1000, 0x2000,
  0x50E2, 0x81A5, 0x6924, 0x4082, 0x2841, 0x1000, 0x1800, 0x1000, 0x2021, 0x3841, 0x3041, 0x3061, 0x3862, 0x3062, 0x7841, 0xD041,
  0xA062, 0x48A3, 0x58C3, 0x70C3, 0x68E4, 0x60C4, 0x48A3, 0x50C3, 0x3882, 0x3862, 0x7165, 0x8185, 0x1000, 0x1800, 0x3041, 0x2841,
  0x4041, 0x5862, 0x4842, 0x3882, 0x60C3, 0x60C3, 0x48C4, 0x50E4, 0x50E4, 0x6105, 0x7166, 0x6905, 0x58A4, 0x6945, 0x4904, 0x5145,
  0x5124, 0x5945, 0x8207, 0xA2A9, 0x79C7, 0x4904, 0x30A3, 0x38A3, 0x2842, 0x3020, 0x2840, 0x2021, 0x1800, 0x1841, 0x2041, 0x2062,
  0x2882, 0x3904, 0x30C3, 0x30A3, 0x38E3, 0x38E4, 0x4104, 0x30E3, 0x28A3, 0x20A2, 0x1861, 0x1862, 0x1862, 0x1041, 0x0820, 0x0000,
  0x0800, 0x1821, 0x1020, 0x0821, 0x0841, 0x0000, 0x0000, 0x0000, 0x0000, 0x0000, 0x0000, 0x0000, 0x0000, 0x0000, 0x0000, 0x0000,
  0x0000, 0x0000, 0x0000, 0x0000, 0x0000, 0x0000, 0x0000, 0x0000, 0x0000, 0x0000, 0x0000, 0x0000, 0x0000, 0x0000, 0x0000, 0x0000,
  0x0000, 0x0000, 0x0000, 0x0000, 0x0000, 0x0000, 0x0000, 0x0000, 0x0000, 0x0000, 0x0000, 0x0000, 0x0000, 0x0000, 0x0000, 0x0000,
  0x0000, 0x0000, 0x0000, 0x0000, 0x0000, 0x0000, 0x0000, 0x0000, 0x0000, 0x0000, 0x0000, 0x0000, 0x0000, 0x0000, 0x0000, 0x0000,
  0x0000, 0x0000, 0x0000, 0x0000, 0x0000, 0x0000, 0x0000, 0x0000, 0x0000, 0x0000, 0x0000, 0x0000, 0x0000, 0x0000, 0x0000, 0x0000,
  0x0000, 0x0000, 0x0000, 0x0000, 0x0000, 0x0000, 0x0000, 0x0000, 0x0000, 0x0000, 0x0000, 0x0000, 0x0000, 0x0000, 0x0000, 0x0000,
  0x0000, 0x0000, 0x0000, 0x0000, 0x0000, 0x0000, 0x0000, 0x0000, 0x0000, 0x0000, 0x0000, 0x0000, 0x0000, 0x0000, 0x0000, 0x0000,
  0x0000, 0x0000, 0x0000, 0x0000, 0x0000, 0x0000, 0x0000, 0x0000, 0x0000, 0x0000, 0x0000, 0x0000, 0x0000, 0x0000, 0x0000, 0x0000,
  0x0000, 0x0000, 0x0000, 0x0000, 0x0000, 0x0000, 0x0000, 0x0000, 0x0000, 0x0000, 0x0000, 0x0000, 0x0000, 0x0000, 0x0000, 0x0000,
  0x0000, 0x0000, 0x0000, 0x0000, 0x0000, 0x0000, 0x0000, 0x0000, 0x0000, 0x0000, 0x0000, 0x0000, 0x0841, 0x10A2, 0x1061, 0x1862,
  0x1800, 0x40E2, 0x4881, 0x2800, 0x1000, 0x0800, 0x0800, 0x1000, 0x2021, 0x3041, 0x3041, 0x3062, 0x3862, 0x3062, 0x3882, 0x4062,
  0x40A3, 0x40C3, 0x70E4, 0x90E4, 0x60E4, 0x48C3, 0x48A3, 0x89A6, 0x6104, 0x48A3, 0x4062, 0x89E6, 0x2820, 0x0800, 0x1800, 0x2021,
  0x2021, 0x4061, 0x5882, 0x3041, 0x48A3, 0x5904, 0x5924, 0x6145, 0x40A3, 0x5104, 0x6186, 0x38C3, 0x48E4, 0x6165, 0x4904, 0x40E3,
  0x5966, 0x71C7, 0x9AEB, 0x71C7, 0x4905, 0x38E4, 0x2883, 0x28A3, 0x2041, 0x2820, 0x2020, 0x1800, 0x0800, 0x1000, 0x1821, 0x2041,
  0x2041, 0x2862, 0x2062, 0x2882, 0x30C3, 0x30A3, 0x2082, 0x2082, 0x1861, 0x1861, 0x1041, 0x1041, 0x0820, 0x0800, 0x0000, 0x0820,
  0x0820, 0x0020, 0x0020, 0x0000, 0x0000, 0x0000, 0x0000, 0x0000, 0x0000, 0x0000, 0x0000, 0x0000, 0x0000, 0x0000, 0x0000, 0x0000,
  0x0000, 0x0000, 0x0000, 0x0000, 0x0000, 0x0000, 0x0000, 0x0000, 0x0000, 0x0000, 0x0000, 0x0000, 0x0000, 0x0000, 0x0000, 0x0000,
  0x0000, 0x0000, 0x0000, 0x0000, 0x0000, 0x0000, 0x0000, 0x0000, 0x0000, 0x0000, 0x0000, 0x0000, 0x0000, 0x0000, 0x0000, 0x0000,
  0x0000, 0x0000, 0x0000, 0x0000, 0x0000, 0x0000, 0x0000, 0x0000, 0x0000, 0x0000, 0x0000, 0x0000, 0x0000, 0x0000, 0x0000, 0x0000,
  0x0000, 0x0000, 0x0000, 0x0000, 0x0000, 0x0000, 0x0000, 0x0000, 0x0000, 0x0000, 0x0000, 0x0000, 0x0000, 0x0000, 0x0000, 0x0000,
  0x0000, 0x0000, 0x0000, 0x0000, 0x0000, 0x0000, 0x0000, 0x0000, 0x0000, 0x0000, 0x0000, 0x0000, 0x0000, 0x0000, 0x0000, 0x0000,
  0x0000, 0x0000, 0x0000, 0x0000, 0x0000, 0x0000, 0x0000, 0x0000, 0x0000, 0x0000, 0x0000, 0x0000, 0x0000, 0x0000, 0x0000, 0x0000,
  0x0000, 0x0000, 0x0000, 0x0000, 0x0000, 0x0000, 0x0000, 0x0000, 0x0000, 0x0000, 0x0000, 0x0000, 0x0000, 0x0000, 0x0000, 0x0000,
  0x0000, 0x0000, 0x0000, 0x0000, 0x0000, 0x0000, 0x0000, 0x0000, 0x0000, 0x0000, 0x0000, 0x0000, 0x0000, 0x0000, 0x0000, 0x0000,
  0x0000, 0x0000, 0x0000, 0x0000, 0x0000, 0x0000, 0x0000, 0x0000, 0x0000, 0x0000, 0x0000, 0x0000, 0x0000, 0x0000, 0x0000, 0x0841,
  0x1082, 0x1861, 0x40E2, 0x2840, 0x0000, 0x0000, 0x0800, 0x1000, 0x2020, 0x2841, 0x3841, 0x3041, 0x5062, 0x4062, 0x2062, 0x3082,
  0x50E4, 0x5925, 0x50E4, 0x50C4, 0x50E4, 0x48E4, 0x40C3, 0x48E4, 0x48E4, 0x5104, 0x3882, 0x6124, 0x6144, 0x0000, 0x0800, 0x1800,
  0x2021, 0x2000, 0x60C3, 0x58E3, 0x50A3, 0x7165, 0x5924, 0x6145, 0x48E4, 0x5125, 0x48E4, 0x38A3, 0x5945, 0x71C7, 0x82EB, 0x5986,
  0x4925, 0x38A3, 0x40C4, 0x5945, 0x4104, 0x30C3, 0x2082, 0x1841, 0x1020, 0x1000, 0x1000, 0x1000, 0x1000, 0x0800, 0x1000, 0x1821,
  0x1841, 0x2061, 0x1841, 0x1841, 0x2062, 0x2082, 0x1841, 0x1041, 0x1041, 0x0820, 0x0800, 0x0820, 0x0820, 0x0841, 0x0841, 0x0841,
  0x0000, 0x0000, 0x0000, 0x0000, 0x0000, 0x0000, 0x0000, 0x0000, 0x0000, 0x0000, 0x0000, 0x0000, 0x0000, 0x0000, 0x0000, 0x0000,
  0x0000, 0x0000, 0x0000, 0x0000, 0x0000, 0x0000, 0x0000, 0x0000, 0x0000, 0x0000, 0x0000, 0x0000, 0x0000, 0x0000, 0x0000, 0x0000,
  0x0000, 0x0000, 0x0000, 0x0000, 0x0000, 0x0000, 0x0000, 0x0000, 0x0000, 0x0000, 0x0000, 0x0000, 0x0000, 0x0000, 0x0000, 0x0000,
  0x0000, 0x0000, 0x0000, 0x0000, 0x0000, 0x0000, 0x0000, 0x0000, 0x0000, 0x0000, 0x0000, 0x0000, 0x0000, 0x0000, 0x0000, 0x0000,
  0x0000, 0x0000, 0x0000, 0x0000, 0x0000, 0x0000, 0x0000, 0x0000, 0x0000, 0x0000, 0x0000, 0x0000, 0x0000, 0x0000, 0x0000, 0x0000,
  0x0000, 0x0000, 0x0000, 0x0000, 0x0000, 0x0000, 0x0000, 0x0000, 0x0000, 0x0000, 0x0000, 0x0000, 0x0000, 0x0000, 0x0000, 0x0000,
  0x0000, 0x0000, 0x0000, 0x0000, 0x0000, 0x0000, 0x0000, 0x0000, 0x0000, 0x0000, 0x0000, 0x0000, 0x0000, 0x0000, 0x0000, 0x0000,
  0x0000, 0x0000, 0x0000, 0x0000, 0x0000, 0x0000, 0x0000, 0x0000, 0x0000, 0x0000, 0x0000, 0x0000, 0x0000, 0x0000, 0x0000, 0x0000,
  0x0000, 0x0000, 0x0000, 0x0000, 0x0000, 0x0000, 0x0000, 0x0000, 0x0000, 0x0000, 0x0000, 0x0000, 0x0000, 0x0000, 0x0000, 0x0000,
  0x0000, 0x0000, 0x0000, 0x0000, 0x0000, 0x0000, 0x0000, 0x0000, 0x0000, 0x0000, 0x0000, 0x0000, 0x0000, 0x0000, 0x0000, 0x0000,
  0x0000, 0x0000, 0x0841, 0x0841, 0x1082, 0x0861, 0x0820, 0x0800, 0x1000, 0x2020, 0x3021, 0x2821, 0x2041, 0x2062, 0x3041, 0x7061,
  0x7082, 0x40A3, 0x40A3, 0x48A3, 0x7103, 0x6104, 0x40C4, 0x4904, 0x48E4, 0x5145, 0x40E4, 0x3062, 0x50E3, 0x0800, 0x0000, 0x1000,
  0x2041, 0x2021, 0x3882, 0x3062, 0x3061, 0x4082, 0x40C3, 0x5125, 0x48E4, 0x5925, 0x5925, 0x6186, 0x6186, 0x8228, 0xA3CF, 0x59C7,
  0x4945, 0x30C3, 0x38C3, 0x5166, 0x4104, 0x2882, 0x2062, 0x1020, 0x1800, 0x2000, 0x1000, 0x0800, 0x0800, 0x0800, 0x0800, 0x0800,
  0x0800, 0x1020, 0x1020, 0x1020, 0x1020, 0x0820, 0x0820, 0x0820, 0x0820, 0x0820, 0x0841, 0x0861, 0x0020, 0x0020, 0x0000, 0x0000,
  0x0000, 0x0000, 0x0000, 0x0000, 0x0000, 0x0000, 0x0000, 0x0000, 0x0000, 0x0000, 0x0000, 0x0000, 0x0000, 0x0000, 0x0000, 0x0000,
  0x0000, 0x0000, 0x0000, 0x0000, 0x0000, 0x0000, 0x0000, 0x0000, 0x0000, 0x0000, 0x0000, 0x0000, 0x0000, 0x0000, 0x0000, 0x0000,
  0x0000, 0x0000, 0x0000, 0x0000, 0x0000, 0x0000, 0x0000, 0x0000, 0x0000, 0x0000, 0x0000, 0x0000, 0x0000, 0x0000, 0x0000, 0x0000,
  0x0000, 0x0000, 0x0000, 0x0000, 0x0000, 0x0000, 0x0000, 0x0000, 0x0000, 0x0000, 0x0000, 0x0000, 0x0000, 0x0000, 0x0000, 0x0000,
  0x0000, 0x0000, 0x0000, 0x0000, 0x0000, 0x0000, 0x0000, 0x0000, 0x0000, 0x0000, 0x0000, 0x0000, 0x0000, 0x0000, 0x0000, 0x0000,
  0x0000, 0x0000, 0x0000, 0x0000, 0x0000, 0x0000, 0x0000, 0x0000, 0x0000, 0x0000, 0x0000, 0x0000, 0x0000, 0x0000, 0x0000, 0x0000,
  0x0000, 0x0000, 0x0000, 0x0000, 0x0000, 0x0000, 0x0000, 0x0000, 0x0000, 0x0000, 0x0000, 0x0000, 0x0000, 0x0000, 0x0000, 0x0000,
  0x0000, 0x0000, 0x0000, 0x0000, 0x0000, 0x0000, 0x0000, 0x0000, 0x0000, 0x0000, 0x0000, 0x0000, 0x0000, 0x0000, 0x0000, 0x0000,
  0x0000, 0x0000, 0x0000, 0x0000, 0x0000, 0x0000, 0x0000, 0x0000, 0x0000, 0x0000, 0x0000, 0x0000, 0x0000, 0x0000, 0x0000, 0x0000,
  0x0000, 0x0000, 0x0000, 0x0000, 0x0000, 0x0000, 0x0000, 0x0000, 0x0000, 0x0000, 0x0000, 0x0000, 0x0000, 0x0000, 0x0000, 0x0000,
  0x0000, 0x0000, 0x0000, 0x0000, 0x0000, 0x0841, 0x0861, 0x0861, 0x0020, 0x0821, 0x1020, 0x1000, 0x1020, 0x1841, 0x4041, 0x7061,
  0x5841, 0x3062, 0x30A3, 0x5841, 0xA102, 0x8964, 0x48E4, 0x4904, 0x40E4, 0x4104, 0x30C3, 0x1862, 0x2820, 0x1000, 0x0000, 0x0800,
  0x1800, 0x2041, 0x3062, 0x2862, 0x2862, 0x2862, 0x2862, 0x30A3, 0x40E4, 0x5166, 0x3904, 0x38C3, 0x5986, 0x4124, 0x4945, 0x5186,
  0x5166, 0x4125, 0x30C3, 0x30E4, 0x2082, 0x1861, 0x1841, 0x0800, 0x5904, 0x4862, 0x1000, 0x1000, 0x0000, 0x0000, 0x0000, 0x0000,
  0x0000, 0x0000, 0x0000, 0x0800, 0x0000, 0x0020, 0x0820, 0x0020, 0x0020, 0x0841, 0x0020, 0x0000, 0x0000, 0x0000, 0x0000, 0x0000,
  0x0000, 0x0000, 0x0000, 0x0000, 0x0000, 0x0000, 0x0000, 0x0000, 0x0000, 0x0000, 0x0000, 0x0000, 0x0000, 0x0000, 0x0000, 0x0000,
  0x0000, 0x0000, 0x0000, 0x0000, 0x0000, 0x0000, 0x0000, 0x0000, 0x0000, 0x0000, 0x0000, 0x0000, 0x0000, 0x0000, 0x0000, 0x0000,
  0x0000, 0x0000, 0x0000, 0x0000, 0x0000, 0x0000, 0x0000, 0x0000, 0x0000, 0x0000, 0x0000, 0x0000, 0x0000, 0x0000, 0x0000, 0x0000,
  0x0000, 0x0000, 0x0000, 0x0000, 0x0000, 0x0000, 0x0000, 0x0000, 0x0000, 0x0000, 0x0000, 0x0000, 0x0000, 0x0000, 0x0000, 0x0000,
  0x0000, 0x0000, 0x0000, 0x0000, 0x0000, 0x0000, 0x0000, 0x0000, 0x0000, 0x0000, 0x0000, 0x0000, 0x0000, 0x0000, 0x0000, 0x0000,
  0x0000, 0x0000, 0x0000, 0x0000, 0x0000, 0x0000, 0x0000, 0x0000, 0x0000, 0x0000, 0x0000, 0x0000, 0x0000, 0x0000, 0x0000, 0x0000,
  0x0000, 0x0000, 0x0000, 0x0000, 0x0000, 0x0000, 0x0000, 0x0000, 0x0000, 0x0000, 0x0000, 0x0000, 0x0000, 0x0000, 0x0000, 0x0000,
  0x0000, 0x0000, 0x0000, 0x0000, 0x0000, 0x0000, 0x0000, 0x0000, 0x0000, 0x0000, 0x0000, 0x0000, 0x0000, 0x0000, 0x0000, 0x0000,
  0x0000, 0x0000, 0x0000, 0x0000, 0x0000, 0x0000, 0x0000, 0x0000, 0x0000, 0x0000, 0x0000, 0x0000, 0x0000, 0x0000, 0x0000, 0x0000,
  0x0000, 0x0000, 0x0000, 0x0000, 0x0000, 0x0000, 0x0000, 0x0000, 0x0000, 0x0000, 0x0000, 0x0000, 0x0000, 0x0000, 0x0000, 0x0000,
  0x0000, 0x0000, 0x0000, 0x0000, 0x0000, 0x0000, 0x0000, 0x0000, 0x0000, 0x0020, 0x0861, 0x0861, 0x0841, 0x1041, 0x1820, 0x2820,
  0x2821, 0x2041, 0x2062, 0x3841, 0x5061, 0x3062, 0x30C3, 0x30C3, 0x30A3, 0x28A3, 0x2883, 0x2082, 0x1841, 0x1020, 0x0000, 0x0800,
  0x1000, 0x1820, 0x2041, 0x2862, 0x2061, 0x2082, 0x2862, 0x2882, 0x30A3, 0x4124, 0x3904, 0x38C3, 0x30A3, 0x30E4, 0x3925, 0x4145,
  0x5166, 0x3904, 0x28C3, 0x2062, 0x1841, 0x1041, 0x0800, 0x1000, 0x4082, 0x3882, 0x38C3, 0x1820, 0x0800, 0x0800, 0x0000, 0x0000,
  0x0000, 0x0020, 0x0000, 0x0020, 0x0020, 0x0020, 0x0020, 0x0000, 0x0000, 0x0000, 0x0000, 0x0000, 0x0000, 0x0000, 0x0000, 0x0000,
  0x0000, 0x0000, 0x0000, 0x0000, 0x0000, 0x0000, 0x0000, 0x0000, 0x0000, 0x0000, 0x0000, 0x0000, 0x0000, 0x0000, 0x0000, 0x0000,
  0x0000, 0x0000, 0x0000, 0x0000, 0x0000, 0x0000, 0x0000, 0x0000, 0x0000, 0x0000, 0x0000, 0x0000, 0x0000, 0x0000, 0x0000, 0x0000,
  0x0000, 0x0000, 0x0000, 0x0000, 0x0000, 0x0000, 0x0000, 0x0000, 0x0000, 0x0000, 0x0000, 0x0000, 0x0000, 0x0000, 0x0000, 0x0000,
  0x0000, 0x0000, 0x0000, 0x0000, 0x0000, 0x0000, 0x0000, 0x0000, 0x0000, 0x0000, 0x0000, 0x0000, 0x0000, 0x0000, 0x0000, 0x0000,
  0x0000, 0x0000, 0x0000, 0x0000, 0x0000, 0x0000, 0x0000, 0x0000, 0x0000, 0x0000, 0x0000, 0x0000, 0x0000, 0x0000, 0x0000, 0x0000,
  0x0000, 0x0000, 0x0000, 0x0000, 0x0000, 0x0000, 0x0000, 0x0000, 0x0000, 0x0000, 0x0000, 0x0000, 0x0000, 0x0000, 0x0000, 0x0000,
  0x0000, 0x0000, 0x0000, 0x0000, 0x0000, 0x0000, 0x0000, 0x0000, 0x0000, 0x0000, 0x0000, 0x0000, 0x0000, 0x0000, 0x0000, 0x0000,
  0x0000, 0x0000, 0x0000, 0x0000, 0x0000, 0x0000, 0x0000, 0x0000, 0x0000, 0x0000, 0x0000, 0x0000, 0x0000, 0x0000, 0x0000, 0x0000,
  0x0000, 0x0000, 0x0000, 0x0000, 0x0000, 0x0000, 0x0000, 0x0000, 0x0000, 0x0000, 0x0000, 0x0000, 0x0000, 0x0000, 0x0000, 0x0000,
  0x0000, 0x0000, 0x0000, 0x0000, 0x0000, 0x0000, 0x0000, 0x0000, 0x0000, 0x0000, 0x0000, 0x0000, 0x0000, 0x0000, 0x0000, 0x0000,
  0x0000, 0x0000, 0x0000, 0x0000, 0x0000, 0x0000, 0x0000, 0x0000, 0x0000, 0x0000, 0x0000, 0x0000, 0x0000, 0x0020, 0x0020, 0x0000,
  0x0820, 0x0820, 0x1020, 0x1041, 0x1841, 0x1841, 0x2082, 0x28A2, 0x28A3, 0x2082, 0x1862, 0x1861, 0x1021, 0x1000, 0x0000, 0x0000,
  0x0800, 0x1000, 0x1020, 0x1841, 0x2041, 0x2862, 0x38C3, 0x2882, 0x2062, 0x2882, 0x30C3, 0x30C3, 0x2882, 0x28C3, 0x30E4, 0x20A2,
  0x2082, 0x1862, 0x1861, 0x1041, 0x0820, 0x0800, 0x0800, 0x1800, 0x1000, 0x2000, 0x40A2, 0x3861, 0x1820, 0x0800, 0x0020, 0x0020,
  0x0000, 0x0000, 0x0000, 0x0000, 0x0000, 0x0000, 0x0000, 0x0000, 0x0000, 0x0000, 0x0000, 0x0000, 0x0000, 0x0000, 0x0000, 0x0000,
  0x0000, 0x0000, 0x0000, 0x0000, 0x0000, 0x0000, 0x0000, 0x0000, 0x0000, 0x0000, 0x0000, 0x0000, 0x0000, 0x0000, 0x0000, 0x0000,
  0x0000, 0x0000, 0x0000, 0x0000, 0x0000, 0x0000, 0x0000, 0x0000, 0x0000, 0x0000, 0x0000, 0x0000, 0x0000, 0x0000, 0x0000, 0x0000,
  0x0000, 0x0000, 0x0000, 0x0000, 0x0000, 0x0000, 0x0000, 0x0000, 0x0000, 0x0000, 0x0000, 0x0000, 0x0000, 0x0000, 0x0000, 0x0000,
  0x0000, 0x0000, 0x0000, 0x0000, 0x0000, 0x0000, 0x0000, 0x0000, 0x0000, 0x0000, 0x0000, 0x0000, 0x0000, 0x0000, 0x0000, 0x0000,
  0x0000, 0x0000, 0x0000, 0x0000, 0x0000, 0x0000, 0x0000, 0x0000, 0x0000, 0x0000, 0x0000, 0x0000, 0x0000, 0x0000, 0x0000, 0x0000,
};
static const uint16_t closed_px[14629] = {
  0x220B, 0x118A, 0x3A6C, 0x42AD, 0x2188, 0x0883, 0x0063, 0x1147, 0x29C9, 0x21C9, 0x3A8D, 0x2167, 0x2967, 0x31EA, 0x2188, 0x322C,
  0x428C, 0x10C4, 0x2A2B, 0x63F2, 0x08A4, 0x4B0E, 0x42CD, 0x2988, 0x4B0F, 0x1947, 0x3187, 0x31E9, 0x10C4, 0x5B30, 0x52ED, 0x39E8,
  0x10A3, 0x0000, 0x0000, 0x1041, 0x18E4, 0x10E4, 0x1926, 0x08C5, 0x1968, 0x08A4, 0x1168, 0x21EB, 0x29EA, 0x4AEE, 0x08C5, 0x2168,
  0x1148, 0x5B91, 0x52ED, 0x2146, 0x2967, 0x2987, 0x7C73, 0x4ACD, 0x424A, 0x18E4, 0x2966, 0x18A3, 0x2905, 0x2947, 0x0862, 0x0021,
  0x1083, 0x18A3, 0x2925, 0x1905, 0x0841, 0x10A3, 0x1083, 0x20A3, 0x20C4, 0x31C8, 0x532E, 0x3A2A, 0x1905, 0x0842, 0x0000, 0x0000,
  0x0000, 0x0021, 0x0882, 0x10E6, 0x08E5, 0x21CA, 0x3A4A, 0x0000, 0x08A4, 0x1947, 0x2187, 0x21A9, 0x21A9, 0x4AEE, 0x1947, 0x2147,
  0x2168, 0x10E5, 0x10C5, 0x29A9, 0x424B, 0x0841, 0x31E9, 0x73F2, 0x4A6B, 0x39C8, 0x3166, 0x0841, 0x1821, 0x3104, 0x0841, 0x1820,
  0x2082, 0x20A3, 0x2082, 0x0820, 0x0020, 0x0841, 0x3987, 0x20A3, 0x526B, 0x2105, 0x20C4, 0x20C4, 0x0841, 0x1062, 0x2126, 0x29A8,
  0x3A2A, 0x2987, 0x0862, 0x0000, 0x0000, 0x0000, 0x1882, 0x18C4, 0x31C8, 0x1905, 0x0062, 0x08C4, 0x08E5, 0x08E5, 0x0063, 0x08C6,
  0x322B, 0x29A7, 0x0000, 0x10E5, 0x324B, 0x1926, 0x2167, 0x1989, 0x42EF, 0x322B, 0x0883, 0x0022, 0x2167, 0x322A, 0x4A2A, 0x4A29,
  0x18C3, 0x2946, 0x31C8, 0x41A8, 0x3145, 0x3000, 0x3820, 0x2904, 0x0800, 0x1000, 0x41C8, 0x2905, 0x1820, 0x2841, 0x2841, 0x1841,
  0x2926, 0x10A3, 0x0841, 0x1841, 0x3082, 0x18A4, 0x10A4, 0x2105, 0x0841, 0x1020, 0x28E4, 0x3167, 0x2083, 0x2946, 0x10A3, 0x31C8,
  0x18E4, 0x1062, 0x0800, 0x0000, 0x0000, 0x0883, 0x0021, 0x3166, 0x10A4, 0x0063, 0x0021, 0x10E5, 0x10C5, 0x00C5, 0x08C5, 0x08E6,
  0x2A0A, 0x1106, 0x21CA, 0x1106, 0x326D, 0x3209, 0x0841, 0x10E5, 0x29EA, 0x08C5, 0x3A4B, 0x3A4A, 0x0063, 0x3A0A, 0x52ED, 0x0000,
  0x4209, 0x52CC, 0x39A8, 0x72EC, 0x41E7, 0x4966, 0x6AAB, 0x2061, 0x4861, 0x38C3, 0x2861, 0x2000, 0x2882, 0x3966, 0x2904, 0x2862,
  0x3904, 0x3166, 0x20C3, 0x1041, 0x0820, 0x2083, 0x1062, 0x1082, 0x1041, 0x1021, 0x1041, 0x0800, 0x1862, 0x1882, 0x1821, 0x2041,
  0x20A3, 0x1021, 0x1861, 0x3945, 0x20E5, 0x422A, 0x41E9, 0x41A7, 0x2104, 0x0000, 0x0000, 0x0000, 0x20A3, 0x3945, 0x5229, 0x0861,
  0x0041, 0x0001, 0x0042, 0x0883, 0x0062, 0x0062, 0x1168, 0x0948, 0x29EB, 0x1947, 0x1127, 0x19A9, 0x3ACE, 0x320A, 0x0042, 0x0021,
  0x1947, 0x42EE, 0x1927, 0x2167, 0x0062, 0x1105, 0x29A8, 0x31A8, 0x39A7, 0x4229, 0x3166, 0x41C7, 0x4904, 0x69A7, 0x6228, 0x2000,
  0x3840, 0x2882, 0x2820, 0x1821, 0x3924, 0x2925, 0x30E3, 0x4082, 0x30A2, 0x0800, 0x2041, 0x2082, 0x0841, 0x2882, 0x1841, 0x1020,
  0x1041, 0x1020, 0x2882, 0x1862, 0x2020, 0x0800, 0x1000, 0x0820, 0x0800, 0x1000, 0x0800, 0x0820, 0x2841, 0x2061, 0x1021, 0x30C3,
  0x1882, 0x3187, 0x31C8, 0x31C8, 0x29A7, 0x0841, 0x0820, 0x0800, 0x1000, 0x2082, 0x1861, 0x18A3, 0x20E4, 0x10A3, 0x10C5, 0x0884,
  0x1084, 0x0906, 0x08A4, 0x1106, 0x21CA, 0x1106, 0x1169, 0x08C4, 0x0862, 0x1926, 0x08A3, 0x08A3, 0x0062, 0x0041, 0x1105, 0x1968,
  0x2188, 0x0021, 0x1926, 0x426B, 0x10C4, 0x5A8C, 0x62AB, 0x1821, 0x5145, 0x4924, 0x1800, 0x48C3, 0x50A2, 0x3020, 0x1841, 0x2062,
  0x28A2, 0x2882, 0x30A2, 0x2041, 0x2861, 0x30A2, 0x2000, 0x3020, 0x2041, 0x0800, 0x1820, 0x1820, 0x4020, 0x2020, 0x2820, 0x1820,
  0x0800, 0x1800, 0x0800, 0x1000, 0x0800, 0x1800, 0x1820, 0x1000, 0x1800, 0x1021, 0x1020, 0x1000, 0x1000, 0x1020, 0x2021, 0x1000,
  0x1862, 0x18A3, 0x1042, 0x49A7, 0x3987, 0x31C9, 0x1925, 0x10E4, 0x0821, 0x1821, 0x1820, 0x1061, 0x0821, 0x1041, 0x1882, 0x0020,
  0x10A3, 0x0882, 0x0062, 0x0062, 0x0883, 0x0063, 0x1127, 0x1127, 0x0001, 0x10C5, 0x10C4, 0x10E5, 0x2A0B, 0x10C4, 0x10C4, 0x1126,
  0x08C5, 0x10A3, 0x0862, 0x49E8, 0x5229, 0x3967, 0x7B4E, 0x5229, 0x2000, 0x2820, 0x1861, 0x51C7, 0x5986, 0x18A2, 0x1800, 0x2020,
  0x1020, 0x3061, 0x5165, 0x2082, 0x3820, 0x4061, 0x0820, 0x1800, 0x2820, 0x1000, 0x2000, 0x1820, 0x1000, 0x2820, 0x1820, 0x2800,
  0x1000, 0x1800, 0x1000, 0x1000, 0x2000, 0x0800, 0x1800, 0x2000, 0x2800, 0x2800, 0x2000, 0x1800, 0x1000, 0x1000, 0x2800, 0x3020,
  0x1841, 0x1800, 0x0800, 0x0800, 0x1000, 0x1000, 0x2821, 0x28A3, 0x18A4, 0x20A3, 0x20E5, 0x3187, 0x2126, 0x18E5, 0x0862, 0x0842,
  0x0800, 0x0000, 0x0820, 0x20A3, 0x1062, 0x0862, 0x10A4, 0x0842, 0x08A4, 0x0042, 0x00A4, 0x1105, 0x0041, 0x0883, 0x10C5, 0x31E9,
  0x2188, 0x1905, 0x10C4, 0x1126, 0x29CA, 0x10C5, 0x31EA, 0x2126, 0x41E9, 0x2946, 0x0800, 0x51A6, 0x4986, 0x5966, 0x4903, 0x1041,
  0x0841, 0x1841, 0x5986, 0x4104, 0x28E4, 0x1041, 0x1820, 0x2861, 0x40A2, 0x4020, 0x3861, 0x1000, 0x1800, 0x3020, 0x2820, 0x2020,
  0x1800, 0x1000, 0x2000, 0x2800, 0x1800, 0x1800, 0x2800, 0x2000, 0x2800, 0x2000, 0x2800, 0x2000, 0x1000, 0x2800, 0x2000, 0x2800,
  0x3000, 0x2020, 0x1800, 0x2000, 0x1800, 0x2800, 0x2800, 0x1800, 0x2800, 0x1800, 0x0800, 0x1800, 0x3021, 0x1820, 0x2820, 0x1800,
  0x1820, 0x1800, 0x30A2, 0x2082, 0x20C4, 0x1083, 0x18E4, 0x20E4, 0x2105, 0x10A3, 0x0000, 0x0800, 0x0000, 0x0820, 0x1021, 0x1862,
  0x1862, 0x0841, 0x0022, 0x08A4, 0x1105, 0x0063, 0x08C4, 0x31C9, 0x2147, 0x1968, 0x2188, 0x31C9, 0x0863, 0x1947, 0x10E5, 0x0001,
  0x3167, 0x2904, 0x3986, 0x41C8, 0x28E4, 0x28E4, 0x5229, 0x28C3, 0x48E4, 0x4082, 0x2020, 0x38C3, 0x30C3, 0x1800, 0x4020, 0x2020,
  0x2882, 0x1841, 0x0000, 0x2000, 0x3840, 0x2020, 0x2000, 0x2820, 0x1800, 0x3020, 0x2020, 0x0800, 0x1800, 0x1000, 0x3000, 0x3000,
  0x1800, 0x3000, 0x1000, 0x2000, 0x2000, 0x2000, 0x2800, 0x2000, 0x2800, 0x2800, 0x2800, 0x2000, 0x3000, 0x2000, 0x3000, 0x3000,
  0x3800, 0x2800, 0x3000, 0x3000, 0x3000, 0x2800, 0x2820, 0x2000, 0x3000, 0x2000, 0x2820, 0x2020, 0x2820, 0x1800, 0x1800, 0x1000,
  0x2000, 0x1000, 0x0800, 0x2882, 0x1862, 0x20E4, 0x20A3, 0x1062, 0x1061, 0x1061, 0x1041, 0x0820, 0x0000, 0x0000, 0x0821, 0x0021,
  0x0021, 0x00A4, 0x1988, 0x0883, 0x0883, 0x1947, 0x424B, 0x18E5, 0x1126, 0x0063, 0x1083, 0x18A3, 0x0863, 0x52AC, 0x528B, 0x49E8,
  0x59C7, 0x1061, 0x1820, 0x59E7, 0x2082, 0x4882, 0x5904, 0x1861, 0x1800, 0x2861, 0x1841, 0x3061, 0x1800, 0x2020, 0x1020, 0x1800,
  0x3040, 0x2820, 0x4840, 0x2000, 0x1800, 0x1820, 0x1000, 0x3820, 0x1820, 0x1800, 0x3020, 0x1000, 0x2000, 0x1800, 0x1800, 0x2000,
  0x1000, 0x1800, 0x0000, 0x0800, 0x0800, 0x0800, 0x0000, 0x0000, 0x0000, 0x0000, 0x0000, 0x0000, 0x0000, 0x0000, 0x0800, 0x0800,
  0x0800, 0x0800, 0x0800, 0x0800, 0x1000, 0x1000, 0x1800, 0x1000, 0x1800, 0x1000, 0x1800, 0x2000, 0x2820, 0x1800, 0x1000, 0x1800,
  0x2000, 0x2000, 0x2020, 0x2020, 0x1000, 0x1800, 0x2041, 0x1800, 0x2041, 0x1841, 0x2041, 0x2061, 0x0820, 0x0000, 0x0020, 0x0021,
  0x0000, 0x0021, 0x0043, 0x08C5, 0x21C9, 0x10C4, 0x0883, 0x0884, 0x1905, 0x10A4, 0x10E5, 0x1905, 0x2147, 0x39C8, 0x28C3, 0x28E3,
  0x2925, 0x59A6, 0x51C7, 0x5A29, 0x20A2, 0x2904, 0x2082, 0x3861, 0x3082, 0x4020, 0x3020, 0x2041, 0x20A2, 0x0000, 0x2841, 0x48C3,
  0x2840, 0x4020, 0x1020, 0x1000, 0x1800, 0x2020, 0x4020, 0x1800, 0x0800, 0x2820, 0x1000, 0x1800, 0x2000, 0x1800, 0x1800, 0x0800,
  0x0800, 0x0000, 0x0000, 0x0000, 0x0000, 0x0000, 0x0000, 0x0000, 0x0000, 0x0000, 0x0000, 0x0021, 0x0041, 0x0021, 0x0000, 0x0000,
  0x0021, 0x0000, 0x0000, 0x0021, 0x0021, 0x0000, 0x0000, 0x0000, 0x0000, 0x0000, 0x0000, 0x0000, 0x0000, 0x0000, 0x0000, 0x0000,
  0x0000, 0x0000, 0x0000, 0x0000, 0x0800, 0x1800, 0x1800, 0x1000, 0x2000, 0x2000, 0x2800, 0x3020, 0x3020, 0x1820, 0x1000, 0x0800,
  0x0800, 0x0800, 0x0800, 0x2041, 0x3082, 0x2041, 0x1021, 0x1106, 0x08A4, 0x0062, 0x08C5, 0x10C5, 0x0042, 0x10E5, 0x0042, 0x2105,
  0x2967, 0x3987, 0x524A, 0x20C4, 0x4987, 0x2925, 0x2904, 0x3986, 0x30E3, 0x2041, 0x4124, 0x2082, 0x3062, 0x38C3, 0x1800, 0x1800,
  0x2820, 0x2041, 0x2021, 0x3020, 0x2020, 0x1800, 0x3820, 0x2840, 0x1800, 0x1000, 0x0800, 0x2020, 0x1820, 0x3020, 0x3820, 0x1000,
  0x1000, 0x0000, 0x0800, 0x0800, 0x0800, 0x0021, 0x0042, 0x0042, 0x0042, 0x0021, 0x0021, 0x0862, 0x0863, 0x0862, 0x0883, 0x0062,
  0x0021, 0x0021, 0x0000, 0x0041, 0x0862, 0x0041, 0x0000, 0x0842, 0x0021, 0x0041, 0x0021, 0x0000, 0x0000, 0x0000, 0x0000, 0x0000,
  0x0041, 0x0862, 0x0042, 0x0021, 0x0000, 0x0000, 0x0020, 0x0000, 0x0000, 0x0000, 0x0000, 0x0000, 0x0000, 0x0000, 0x0000, 0x0000,
  0x0000, 0x1000, 0x1800, 0x2020, 0x1000, 0x1800, 0x3020, 0x2020, 0x2820, 0x1820, 0x1820, 0x1800, 0x1020, 0x1820, 0x1021, 0x08A4,
  0x10E5, 0x0021, 0x0883, 0x0863, 0x08A4, 0x1106, 0x10E5, 0x1906, 0x39C9, 0x2925, 0x20E4, 0x2062, 0x3925, 0x1020, 0x48C3, 0x4104,
  0x59A7, 0x38E4, 0x5166, 0x28A2, 0x2820, 0x1820, 0x1820, 0x2041, 0x0820, 0x0800, 0x2000, 0x1820, 0x1820, 0x3000, 0x2000, 0x1800,
  0x1800, 0x2000, 0x1800, 0x1800, 0x1800, 0x3000, 0x2000, 0x2800, 0x1800, 0x0000, 0x0000, 0x0000, 0x0021, 0x0042, 0x0000, 0x0000,
  0x0001, 0x0062, 0x10E5, 0x0042, 0x0042, 0x0883, 0x10C4, 0x1926, 0x08C5, 0x21A8, 0x1988, 0x0883, 0x0000, 0x0041, 0x0862, 0x0863,
  0x0862, 0x0041, 0x0000, 0x0000, 0x08A3, 0x1905, 0x1926, 0x1926, 0x10A4, 0x0021, 0x0021, 0x0042, 0x0042, 0x0883, 0x0042, 0x0021,
  0x0000, 0x0020, 0x0000, 0x0021, 0x0000, 0x0000, 0x0000, 0x0020, 0x0000, 0x0000, 0x0000, 0x0000, 0x0000, 0x0000, 0x0000, 0x0000,
  0x0800, 0x0800, 0x1820, 0x1020, 0x1020, 0x1820, 0x1000, 0x1000, 0x1000, 0x0800, 0x0000, 0x0042, 0x08E5, 0x0042, 0x0021, 0x1126,
  0x1106, 0x10E5, 0x2947, 0x20E4, 0x1082, 0x3987, 0x18A3, 0x1062, 0x1082, 0x0000, 0x59E7, 0x6207, 0x1820, 0x48C2, 0x2861, 0x2800,
  0x1820, 0x2841, 0x3081, 0x2820, 0x3861, 0x2000, 0x1000, 0x2800, 0x1820, 0x1020, 0x2820, 0x2020, 0x3000, 0x2000, 0x1000, 0x3000,
  0x2000, 0x1000, 0x0800, 0x0000, 0x0021, 0x0021, 0x0001, 0x0021, 0x0041, 0x0001, 0x0042, 0x0042, 0x08A4, 0x10E5, 0x1906, 0x0883,
  0x1126, 0x1947, 0x1926, 0x1947, 0x324B, 0x326C, 0x322A, 0x2167, 0x0042, 0x0883, 0x10C4, 0x1926, 0x10E5, 0x1106, 0x1926, 0x10E5,
  0x0042, 0x0842, 0x0883, 0x1905, 0x2167, 0x2188, 0x10E5, 0x0883, 0x0883, 0x0862, 0x10E5, 0x1967, 0x10A4, 0x0000, 0x0021, 0x0883,
  0x0842, 0x0862, 0x0041, 0x0020, 0x0021, 0x0862, 0x0041, 0x0020, 0x0000, 0x0000, 0x0000, 0x0000, 0x0000, 0x0000, 0x0000, 0x0000,
  0x0000, 0x0000, 0x0800, 0x1000, 0x1000, 0x1820, 0x2861, 0x2041, 0x2020, 0x0021, 0x10E5, 0x10A3, 0x0000, 0x0883, 0x0883, 0x29C9,
  0x41C8, 0x3966, 0x1862, 0x1882, 0x0021, 0x4966, 0x51E8, 0x30A3, 0x4965, 0x0000, 0x40A2, 0x4124, 0x1061, 0x48C2, 0x2020, 0x2041,
  0x0820, 0x2000, 0x3861, 0x3000, 0x2800, 0x3020, 0x1820, 0x1000, 0x1000, 0x1800, 0x4020, 0x3020, 0x3800, 0x2800, 0x0000, 0x0800,
  0x0020, 0x0862, 0x0001, 0x0042, 0x0021, 0x0063, 0x08E5, 0x08C5, 0x08A4, 0x1947, 0x0042, 0x1106, 0x1926, 0x1967, 0x2167, 0x0042,
  0x1126, 0x1947, 0x21C9, 0x428C, 0x4ACD, 0x4ACC, 0x10E5, 0x0863, 0x10E5, 0x1947, 0x2188, 0x2147, 0x630D, 0x5B0D, 0x3A4B, 0x29A9,
  0x10E5, 0x1926, 0x0021, 0x0042, 0x29C9, 0x2188, 0x320A, 0x29A8, 0x1105, 0x08A3, 0x0021, 0x18E4, 0x0883, 0x0042, 0x0042, 0x0862,
  0x08A3, 0x0042, 0x0042, 0x0862, 0x0022, 0x0042, 0x0041, 0x0021, 0x0000, 0x0000, 0x0021, 0x0020, 0x0041, 0x0000, 0x0000, 0x0000,
  0x0000, 0x0000, 0x0000, 0x0000, 0x0000, 0x0000, 0x0000, 0x1020, 0x0800, 0x1020, 0x0883, 0x0083, 0x0883, 0x0862, 0x0883, 0x2147,
  0x18E4, 0x3105, 0x2062, 0x1882, 0x0842, 0x31A8, 0x3125, 0x60C3, 0x40C3, 0x2061, 0x3061, 0x4125, 0x0820, 0x3882, 0x4945, 0x0800,
  0x1820, 0x4061, 0x3861, 0x2000, 0x3820, 0x2820, 0x1800, 0x2000, 0x2820, 0x2000, 0x2000, 0x2820, 0x2000, 0x1800, 0x1000, 0x0800,
  0x0001, 0x0000, 0x0020, 0x0041, 0x0000, 0x0000, 0x0000, 0x0863, 0x10E6, 0x1127, 0x42CD, 0x3A4B, 0x0862, 0x0041, 0x0021, 0x0041,
  0x0862, 0x0883, 0x0000, 0x0021, 0x0883, 0x0042, 0x0842, 0x0841, 0x10A3, 0x10C4, 0x10E6, 0x21EA, 0x42CE, 0x3ACE, 0x2147, 0x5AEC,
  0x8410, 0x4A8B, 0x1106, 0x3A4C, 0x320A, 0x2966, 0x4ACC, 0x5B4F, 0x5B4E, 0x2167, 0x3A2A, 0x2146, 0x0042, 0x0862, 0x10C4, 0x3A6B,
  0x21A9, 0x10E5, 0x320A, 0x1926, 0x10C4, 0x1946, 0x0883, 0x18E5, 0x1905, 0x0042, 0x0862, 0x0001, 0x0862, 0x10A3, 0x0883, 0x0021,
  0x0021, 0x0000, 0x0021, 0x0000, 0x0000, 0x0000, 0x0000, 0x0000, 0x0000, 0x0000, 0x0000, 0x0000, 0x0000, 0x0042, 0x0083, 0x08A4,
  0x0883, 0x10E4, 0x1083, 0x20E5, 0x20A3, 0x0000, 0x18A3, 0x4A29, 0x28E3, 0x38E3, 0x38C3, 0x1000, 0x28A2, 0x51C7, 0x2861, 0x4861,
  0x3882, 0x1800, 0x1820, 0x1040, 0x1820, 0x2800, 0x3020, 0x2000, 0x1800, 0x3000, 0x1800, 0x2800, 0x2000, 0x1000, 0x1000, 0x1000,
  0x0800, 0x0800, 0x0000, 0x0041, 0x0863, 0x08C4, 0x1967, 0x0883, 0x0042, 0x0063, 0x08A4, 0x1106, 0x08E6, 0x2188, 0x18E4, 0x0883,
  0x08E5, 0x08E5, 0x1926, 0x21A8, 0x29EA, 0x1968, 0x1947, 0x1947, 0x08A4, 0x2104, 0x10A3, 0x0020, 0x0841, 0x10A3, 0x0021, 0x1106,
  0x2A0B, 0x530E, 0xBD54, 0xAC6F, 0xACD1, 0x31A7, 0x1967, 0x29A8, 0x320A, 0x31E9, 0x0842, 0x2145, 0x2126, 0x4AAC, 0x4AAC, 0x1905,
  0x1106, 0x1926, 0x10E4, 0x3A09, 0x426B, 0x2187, 0x4A8B, 0x428B, 0x29A8, 0x31C8, 0x10C4, 0x0883, 0x29A8, 0x31C9, 0x10E5, 0x0862,
  0x0021, 0x10A3, 0x08A3, 0x10C4, 0x0863, 0x0021, 0x0021, 0x0862, 0x0021, 0x0000, 0x0000, 0x0021, 0x0000, 0x0000, 0x0000, 0x0000,
  0x0000, 0x0000, 0x10E5, 0x10C4, 0x08E5, 0x10C4, 0x0021, 0x2147, 0x1905, 0x1883, 0x2925, 0x18C3, 0x28E4, 0x30A3, 0x20A2, 0x1820,
  0x4124, 0x1881, 0x4081, 0x4882, 0x1841, 0x3041, 0x2820, 0x1800, 0x2861, 0x1800, 0x2820, 0x0800, 0x0000, 0x2800, 0x2000, 0x1800,
  0x2800, 0x2000, 0x1000, 0x0000, 0x0021, 0x0021, 0x0000, 0x0000, 0x0862, 0x0883, 0x0021, 0x1126, 0x1967, 0x0863, 0x08C5, 0x1106,
  0x1988, 0x1127, 0x3A8D, 0x42AC, 0x0884, 0x1147, 0x1147, 0x21C9, 0x1147, 0x1127, 0x324C, 0x3A6C, 0x6C12, 0x4ACD, 0x2167, 0x2146,
  0x1927, 0x1947, 0x1927, 0x2188, 0x31E9, 0x10C3, 0x0882, 0x0841, 0x59E5, 0x4123, 0x0841, 0x08E5, 0x2187, 0x424A, 0x52AB, 0x422A,
  0x2966, 0x0021, 0x0862, 0x0862, 0x2188, 0x4AEE, 0x62EC, 0x734C, 0x39A7, 0x18E4, 0x6B6E, 0x3A09, 0x10C4, 0x634E, 0x3209, 0x3209,
  0x2166, 0x31E9, 0x29A8, 0x2167, 0x2146, 0x1905, 0x0042, 0x10C4, 0x2146, 0x1906, 0x10A4, 0x0862, 0x0862, 0x0020, 0x10A3, 0x0882,
  0x0000, 0x0862, 0x0021, 0x0000, 0x0021, 0x0000, 0x0000, 0x0000, 0x0000, 0x1926, 0x0883, 0x0883, 0x0821, 0x5187, 0x3146, 0x18E5,
  0x3946, 0x20E4, 0x18C4, 0x2062, 0x2882, 0x1821, 0x38E3, 0x2041, 0x50A2, 0x2040, 0x1800, 0x2000, 0x0800, 0x2020, 0x2841, 0x3020,
  0x2800, 0x1000, 0x3020, 0x3020, 0x1800, 0x2000, 0x2000, 0x1800, 0x1000, 0x0800, 0x0000, 0x0000, 0x0042, 0x0883, 0x0042, 0x0000,
  0x0021, 0x0883, 0x1127, 0x320A, 0x0883, 0x0043, 0x0906, 0x1989, 0x326C, 0x428C, 0x4AAC, 0x0042, 0x1106, 0x21CA, 0x2A4C, 0x328D,
  0x4B2F, 0x7C52, 0x1926, 0x320A, 0x5B0D, 0x736D, 0x0021, 0x08C4, 0x2A2B, 0x2A4C, 0x4B0F, 0x5B4E, 0x530D, 0x94D3, 0x41C6, 0x41E8,
  0x10A3, 0x0062, 0x10C4, 0x08C4, 0x31C8, 0xACD2, 0xEE36, 0xB4D2, 0x6B2C, 0x10A4, 0x2146, 0x0861, 0x10C4, 0x52AB, 0x6289, 0x62A9,
  0x3187, 0x2146, 0x1905, 0x2146, 0x10A4, 0x3A09, 0x31C8, 0x4A8B, 0x3A09, 0x2126, 0x3A09, 0x426B, 0x10E5, 0x1925, 0x2987, 0x10A4,
  0x2966, 0x31C8, 0x10A4, 0x10A3, 0x0862, 0x0862, 0x0041, 0x10C4, 0x0883, 0x0041, 0x0041, 0x0862, 0x0841, 0x0021, 0x0001, 0x0000,
  0x0000, 0x0000, 0x29A9, 0x0020, 0x08A4, 0x08A4, 0x20A3, 0x2062, 0x2105, 0x2904, 0x3882, 0x2882, 0x3924, 0x28A2, 0x2041, 0x1841,
  0x2020, 0x1820, 0x2000, 0x1000, 0x1000, 0x4040, 0x2820, 0x1000, 0x3020, 0x1800, 0x3000, 0x1800, 0x2800, 0x3000, 0x2800, 0x1800,
  0x0800, 0x0000, 0x0000, 0x0000, 0x0021, 0x08A4, 0x10C5, 0x10C4, 0x0842, 0x0021, 0x0021, 0x1946, 0x2167, 0x0862, 0x1968, 0x3AAD,
  0x1968, 0x1147, 0x1948, 0x4ACD, 0x10A3, 0x0884, 0x21A9, 0x324C, 0x4B50, 0x3AAE, 0x8472, 0xBDB6, 0x31C9, 0x3AAD, 0x9492, 0x7B8D,
  0x0062, 0x29E9, 0x322B, 0x1988, 0x29E9, 0x9CD3, 0x8C72, 0xBD94, 0x8BAC, 0x39A7, 0x31A8, 0x31C9, 0x634E, 0x4A8B, 0x2167, 0x18A3,
  0x5A27, 0x3965, 0x10A3, 0x2147, 0x29A8, 0x2146, 0x10C4, 0x0000, 0x4A28, 0x62EB, 0x31E9, 0x52ED, 0x426B, 0x428C, 0x426B, 0x18E5,
  0x2104, 0x3187, 0x10C4, 0x0883, 0x0841, 0x1083, 0x31E9, 0x3A4B, 0x2988, 0x1905, 0x0021, 0x10C4, 0x2146, 0x2967, 0x0882, 0x10C4,
  0x0021, 0x2105, 0x10C4, 0x0862, 0x0842, 0x10A3, 0x0021, 0x0842, 0x0841, 0x0021, 0x0021, 0x0000, 0x0000, 0x1926, 0x0842, 0x08A4,
  0x10E5, 0x10C4, 0x10C5, 0x1083, 0x0841, 0x3904, 0x4145, 0x1000, 0x1041, 0x3061, 0x3082, 0x1820, 0x2840, 0x0800, 0x2020, 0x1820,
  0x2820, 0x3040, 0x2800, 0x2800, 0x2000, 0x1800, 0x2000, 0x2000, 0x1800, 0x3800, 0x2000, 0x0800, 0x0000, 0x0000, 0x0000, 0x0000,
  0x0021, 0x0063, 0x1906, 0x10E5, 0x0883, 0x0862, 0x0042, 0x0021, 0x0000, 0x0000, 0x0862, 0x08C5, 0x29C9, 0x29C9, 0x1106, 0x0884,
  0x322B, 0x10C4, 0x08C5, 0x21C9, 0x1946, 0x1947, 0x3A4B, 0x634D, 0x62EB, 0x18C3, 0x3A4B, 0x6BAF, 0x10A3, 0x0883, 0x2188, 0x42EE,
  0x7433, 0x1967, 0x8C30, 0xC5F7, 0x9450, 0x41C6, 0x0063, 0x428C, 0x8C72, 0xD616, 0xC594, 0x9CD3, 0x2167, 0x10C3, 0x39E8, 0x1905,
  0x2988, 0x424A, 0x8C52, 0x5AED, 0x4A6B, 0x2925, 0x2945, 0x8C72, 0x634E, 0x526A, 0xAD13, 0x424A, 0x426B, 0x2125, 0x5AEC, 0x422A,
  0x10C4, 0x10C4, 0x0862, 0x10A3, 0x1905, 0x0883, 0x1905, 0x10A4, 0x0021, 0x0021, 0x1083, 0x10A3, 0x2105, 0x0862, 0x10A3, 0x1905,
  0x10C4, 0x0862, 0x0841, 0x0021, 0x0842, 0x0862, 0x0841, 0x0842, 0x0021, 0x0000, 0x0021, 0x0021, 0x08A4, 0x10A4, 0x0042, 0x08C5,
  0x1106, 0x0842, 0x2925, 0x20C3, 0x38E4, 0x38A2, 0x2841, 0x1841, 0x1082, 0x2020, 0x3020, 0x3061, 0x2020, 0x1820, 0x4020, 0x3820,
  0x1800, 0x2820, 0x2820, 0x2000, 0x2000, 0x3000, 0x3800, 0x2000, 0x1000, 0x1000, 0x0820, 0x0021, 0x0041, 0x0021, 0x0022, 0x0883,
  0x08C4, 0x0042, 0x0021, 0x1147, 0x21C9, 0x0063, 0x1968, 0x1126, 0x10E5, 0x0041, 0x0862, 0x0862, 0x0000, 0x0000, 0x0000, 0x0842,
  0x1926, 0x0042, 0x10E5, 0x1988, 0x1968, 0x42CE, 0x4B0F, 0x31EA, 0x9471, 0x39A6, 0x0862, 0x18E5, 0x0883, 0x1926, 0x2188, 0x29A8,
  0x426B, 0x2987, 0x0001, 0x2167, 0x5B0E, 0x3A09, 0x2147, 0x63B1, 0x738F, 0x93CE, 0xEF1A, 0x93EF, 0x4A8B, 0x18C4, 0x18E4, 0x4AAC,
  0x8C30, 0x730B, 0xB48F, 0xBCF1, 0x72EC, 0x4209, 0x1082, 0x6B4D, 0xB595, 0x7B6D, 0xBD33, 0x4A4A, 0x4AAC, 0x29A8, 0x0862, 0x31C8,
  0x52CC, 0x4AAC, 0x29A8, 0x0882, 0x2966, 0x10C3, 0x0862, 0x1905, 0x18C4, 0x1083, 0x0821, 0x0000, 0x1062, 0x1083, 0x0001, 0x0842,
  0x0841, 0x0883, 0x18E4, 0x0862, 0x0842, 0x1083, 0x0021, 0x0841, 0x0862, 0x0841, 0x0021, 0x0842, 0x0021, 0x0042, 0x08A4, 0x08A4,
  0x0063, 0x0063, 0x18C4, 0x20E4, 0x4925, 0x30E4, 0x1800, 0x2882, 0x1020, 0x2020, 0x3082, 0x2861, 0x1000, 0x4041, 0x3020, 0x3820,
  0x4840, 0x2820, 0x0800, 0x2000, 0x2800, 0x1800, 0x2800, 0x1800, 0x2000, 0x0800, 0x0000, 0x0000, 0x0000, 0x0042, 0x0883, 0x0021,
  0x0001, 0x0883, 0x08A4, 0x0041, 0x08A4, 0x29EA, 0x10E5, 0x10E6, 0x1968, 0x1106, 0x21EA, 0x3AAC, 0x2166, 0x10C4, 0x0042, 0x0083,
  0x08E5, 0x1988, 0x1968, 0x1905, 0x0000, 0x0041, 0x08C4, 0x1105, 0x1926, 0x10A4, 0x18A3, 0x1061, 0x0000, 0x0862, 0x3A09, 0x2167,
  0x4ACD, 0x7C31, 0x4ACC, 0x7C12, 0x5AEC, 0x5ACC, 0x3A09, 0x0001, 0x2146, 0x426B, 0x5B0D, 0x8BAD, 0x72EA, 0x732C, 0x5AAB, 0x2946,
  0x18E5, 0x6B4E, 0x7B4C, 0x8BCD, 0xB4B0, 0xA3EE, 0x9C2F, 0x41C8, 0x3165, 0x1083, 0x4A6A, 0x39E8, 0x31A7, 0x52AC, 0x6B6E, 0x424B,
  0x10E5, 0x83EF, 0x83CF, 0x2125, 0x2987, 0x31A8, 0x18C4, 0x2126, 0x2146, 0x1905, 0x10A3, 0x10A4, 0x1062, 0x10A3, 0x18A3, 0x1062,
  0x0821, 0x20E5, 0x1082, 0x0841, 0x1083, 0x0862, 0x20E5, 0x18A3, 0x0821, 0x0841, 0x0000, 0x0862, 0x0862, 0x1062, 0x0842, 0x0883,
  0x08A4, 0x2987, 0x10A3, 0x3126, 0x0841, 0x30A3, 0x3904, 0x2041, 0x2862, 0x1821, 0x1841, 0x1861, 0x1800, 0x4041, 0x3061, 0x3861,
  0x4061, 0x1800, 0x1800, 0x2800, 0x3800, 0x2800, 0x2800, 0x2800, 0x3000, 0x1000, 0x0000, 0x0000, 0x0000, 0x0000, 0x0000, 0x08A4,
  0x0883, 0x0000, 0x0062, 0x10E5, 0x08C4, 0x0042, 0x0000, 0x10E5, 0x0862, 0x0042, 0x1106, 0x1106, 0x1988, 0x4B50, 0x5B6F, 0x0000,
  0x0063, 0x21A9, 0x29EA, 0x322B, 0x322C, 0x6BF2, 0x8CD5, 0x5AAB, 0x0000, 0x0000, 0x0000, 0x0821, 0x18A3, 0x0000, 0x0862, 0x18E5,
  0x0883, 0x0862, 0x0862, 0x0021, 0x10A3, 0x3187, 0x736E, 0x8BF0, 0x41A7, 0x18C3, 0x0841, 0x2104, 0x4209, 0x62EC, 0x5AAB, 0x4A6B,
  0x5A8A, 0x72EB, 0x2904, 0x10A3, 0x8BEF, 0xBCF1, 0x93CD, 0xCD31, 0xAC90, 0x7B4D, 0x31A8, 0x3986, 0x0841, 0x634E, 0x5ACC, 0x2105,
  0x41C8, 0x4A29, 0x2146, 0x18C4, 0x18C3, 0x7B6E, 0x3167, 0x2946, 0x41C8, 0x18E5, 0x1083, 0x736E, 0x2966, 0x18C4, 0x3146, 0x0821,
  0x39A7, 0x2105, 0x18A4, 0x0841, 0x0841, 0x0821, 0x0821, 0x0821, 0x0841, 0x1883, 0x1883, 0x1062, 0x1042, 0x0000, 0x0000, 0x0000,
  0x0821, 0x1042, 0x0842, 0x10C4, 0x0883, 0x10A4, 0x20E4, 0x2083, 0x48E4, 0x20A3, 0x2061, 0x4082, 0x1841, 0x1821, 0x2882, 0x2841,
  0x6124, 0x1000, 0x3820, 0x2000, 0x3800, 0x3820, 0x2000, 0x1800, 0x2000, 0x2800, 0x1800, 0x3800, 0x2800, 0x1000, 0x0000, 0x0000,
  0x0021, 0x0000, 0x0042, 0x10E5, 0x0883, 0x0021, 0x0042, 0x0883, 0x1126, 0x21EA, 0x08C5, 0x18E5, 0x0042, 0x0062, 0x10E5, 0x29C9,
  0x42AD, 0x2A0A, 0x29EA, 0x10E4, 0x0042, 0x10E5, 0x1105, 0x2188, 0x2A0A, 0x322A, 0x2187, 0x73F0, 0x6B2C, 0x0862, 0x1906, 0x2146,
  0x0041, 0x10C3, 0x08A4, 0x21CA, 0x3A8D, 0x7412, 0x8C52, 0x8C51, 0x20C3, 0x0000, 0x0000, 0x0800, 0x1041, 0x0821, 0x1062, 0x2925,
  0x0000, 0x0000, 0x2105, 0x41C8, 0x7B4D, 0x6A28, 0x5985, 0x20E3, 0x0021, 0x2925, 0x41E7, 0x2904, 0x8288, 0x6227, 0x28E4, 0x5A8B,
  0x3145, 0x0821, 0x2104, 0x3146, 0x49A7, 0x5986, 0x61E8, 0x3104, 0x0820, 0x2925, 0x41A7, 0x1883, 0x3987, 0x3925, 0x20A3, 0x1883,
  0x3146, 0x20C4, 0x1083, 0x28E4, 0x1862, 0x1021, 0x3126, 0x3105, 0x0841, 0x1883, 0x1883, 0x0000, 0x0821, 0x0000, 0x0000, 0x0821,
  0x1021, 0x0800, 0x1062, 0x1062, 0x0000, 0x0000, 0x0000, 0x1041, 0x1862, 0x0842, 0x0022, 0x1083, 0x0021, 0x2062, 0x1041, 0x1862,
  0x1841, 0x2081, 0x40E3, 0x38C3, 0x1820, 0x5104, 0x2861, 0x4081, 0x4040, 0x2020, 0x2800, 0x2820, 0x2000, 0x1000, 0x1000, 0x3000,
  0x3000, 0x2000, 0x2000, 0x1000, 0x0800, 0x0000, 0x0000, 0x0021, 0x0042, 0x0021, 0x0863, 0x08A4, 0x0001, 0x0063, 0x08E5, 0x0884,
  0x21C9, 0x1946, 0x0042, 0x08A4, 0x0042, 0x08C5, 0x1126, 0x29CA, 0x2A0B, 0x3AAE, 0x29A8, 0x08A3, 0x1127, 0x1968, 0x29C9, 0x29A8,
  0x10E5, 0x0041, 0x1082, 0x1062, 0x0000, 0x1106, 0x322B, 0x4B0E, 0x8431, 0x20E4, 0x10E5, 0x1988, 0x21A8, 0x52CC, 0x8431, 0xB534,
  0xBD55, 0x41C7, 0x0000, 0x10A3, 0x2126, 0x636F, 0xAD55, 0xB534, 0x83CF, 0x2904, 0x0000, 0x0800, 0x1000, 0x1021, 0x0821, 0x2145,
  0x2946, 0x2967, 0x4209, 0x4209, 0x2105, 0x3145, 0x3145, 0x61E8, 0x3945, 0x18C3, 0x0000, 0x0000, 0x2082, 0x38A3, 0x48E3, 0x38C3,
  0x0800, 0x20E4, 0x4166, 0x28E4, 0x20A3, 0x30A3, 0x40E4, 0x1042, 0x1862, 0x4166, 0x38E4, 0x2083, 0x1862, 0x1041, 0x3105, 0x28A3,
  0x1862, 0x1041, 0x1041, 0x1883, 0x3126, 0x1082, 0x0821, 0x1882, 0x1021, 0x0841, 0x0841, 0x20C4, 0x1883, 0x0841, 0x0000, 0x0841,
  0x1842, 0x0021, 0x0863, 0x10E6, 0x1083, 0x28C4, 0x1862, 0x1041, 0x4945, 0x2061, 0x28A2, 0x2041, 0x1020, 0x1820, 0x58A2, 0x2041,
  0x2800, 0x3820, 0x3020, 0x2820, 0x3020, 0x3820, 0x2820, 0x2800, 0x3800, 0x2800, 0x1800, 0x0800, 0x0000, 0x0020, 0x0021, 0x0000,
  0x0021, 0x0020, 0x0041, 0x0021, 0x0000, 0x0021, 0x0042, 0x0083, 0x1127, 0x10E5, 0x0022, 0x2188, 0x2A0B, 0x08A4, 0x08C5, 0x10E5,
  0x08A4, 0x08A4, 0x10C5, 0x10A4, 0x0042, 0x08E5, 0x1106, 0x21A9, 0x324B, 0x42AD, 0x422A, 0x83AE, 0x3145, 0x08A4, 0x21A9, 0x21A9,
  0x3A6B, 0xBDD7, 0x4A28, 0x0001, 0x08A4, 0x29A8, 0x2987, 0x39E9, 0x39C7, 0x3987, 0x2104, 0x10C4, 0x320A, 0x5B2E, 0x52AC, 0x736E,
  0x93EF, 0xBD75, 0x9C51, 0x20C3, 0x18C3, 0x18E4, 0x0862, 0x0000, 0x2125, 0x4208, 0x2925, 0x2926, 0x7B6E, 0x626A, 0x49A7, 0x930A,
  0x48C2, 0x3966, 0x20E4, 0x526A, 0x2946, 0x0000, 0x0801, 0x1821, 0x1841, 0x1882, 0x0821, 0x0800, 0x2882, 0x28A3, 0x2862, 0x2061,
  0x1882, 0x3986, 0x3925, 0x40E4, 0x2082, 0x1841, 0x28A3, 0x40E4, 0x2062, 0x2082, 0x1841, 0x3062, 0x30E4, 0x30E4, 0x20A3, 0x0821,
  0x30C3, 0x30A3, 0x28A3, 0x0821, 0x0841, 0x20C4, 0x2083, 0x1041, 0x0000, 0x2083, 0x4104, 0x0863, 0x1906, 0x0883, 0x18C4, 0x28E4,
  0x1042, 0x3125, 0x28A3, 0x3861, 0x2021, 0x60E3, 0x2861, 0x1820, 0x2841, 0x2000, 0x2020, 0x2000, 0x4020, 0x4020, 0x3820, 0x3000,
  0x3000, 0x3000, 0x4000, 0x2000, 0x1000, 0x0000, 0x0000, 0x0000, 0x0042, 0x0842, 0x0000, 0x0021, 0x0863, 0x10C5, 0x1106, 0x0042,
  0x0862, 0x0883, 0x0000, 0x10E5, 0x0863, 0x10E5, 0x1948, 0x1967, 0x10E5, 0x0001, 0x0021, 0x0842, 0x0041, 0x0000, 0x18C4, 0x10A3,
  0x0883, 0x1948, 0x21A9, 0x1906, 0x10E6, 0x636F, 0x3145, 0x0001, 0x1948, 0x320A, 0x2167, 0x1926, 0x528A, 0x2945, 0x10E5, 0x4A8C,
  0x4249, 0x10A3, 0x3187, 0x3146, 0x1082, 0x0021, 0x1905, 0x1947, 0x41E9, 0x3166, 0x18A3, 0x4186, 0x3105, 0x51E7, 0x1882, 0x1083,
  0x31A8, 0x8BF0, 0x9C0F, 0x832C, 0x3104, 0x0800, 0x1041, 0x30A2, 0x40C3, 0x30A2, 0x4903, 0x30E3, 0x0842, 0x2926, 0x734E, 0x5AAB,
  0x20E5, 0x1082, 0x1883, 0x3186, 0x2925, 0x1883, 0x0861, 0x0800, 0x2041, 0x2861, 0x1021, 0x20C4, 0x4125, 0x2041, 0x2042, 0x2062,
  0x2082, 0x3082, 0x4104, 0x28C3, 0x28A3, 0x2041, 0x2021, 0x1841, 0x2862, 0x1842, 0x2062, 0x3862, 0x1000, 0x1021, 0x3883, 0x3082,
  0x1841, 0x4125, 0x28A3, 0x1021, 0x20A3, 0x2883, 0x2883, 0x0021, 0x0863, 0x20E5, 0x1082, 0x4104, 0x1882, 0x1062, 0x30C4, 0x2882,
  0x1020, 0x40C3, 0x4882, 0x1000, 0x3820, 0x3061, 0x1841, 0x3000, 0x2800, 0x3800, 0x3000, 0x0800, 0x3000, 0x3000, 0x3000, 0x2000,
  0x0800, 0x0000, 0x0000, 0x0841, 0x0020, 0x0042, 0x0021, 0x0001, 0x0884, 0x0883, 0x0883, 0x1989, 0x1106, 0x0042, 0x1968, 0x0842,
  0x0000, 0x0842, 0x0042, 0x0021, 0x0021, 0x1906, 0x1105, 0x0000, 0x0000, 0x0001, 0x0042, 0x10E5, 0x0021, 0x0000, 0x0883, 0x10C4,
  0x2967, 0x18E5, 0x20E4, 0x0841, 0x08A4, 0x29A9, 0x1906, 0x3A2A, 0x5ACC, 0x4166, 0x1042, 0x08A4, 0x2967, 0x4A6B, 0x2946, 0x0842,
  0x59C7, 0x5165, 0x0000, 0x0882, 0x18C3, 0x0800, 0x0800, 0x1841, 0x2082, 0x38C4, 0x2841, 0x39A7, 0x39E9, 0x2126, 0x6249, 0xBC2F,
  0xAC0F, 0x7AEB, 0x28C3, 0x0000, 0x0820, 0x1820, 0x1020, 0x0000, 0x0000, 0x18C3, 0x7B8F, 0x49C8, 0x59A7, 0x4966, 0x1062, 0x18A3,
  0x41A7, 0x3125, 0x30C4, 0x20C4, 0x1082, 0x0800, 0x0800, 0x20C3, 0x0820, 0x1000, 0x2841, 0x1020, 0x1001, 0x1821, 0x2862, 0x2041,
  0x1821, 0x4082, 0x3862, 0x38E4, 0x2041, 0x2041, 0x1841, 0x0800, 0x4946, 0x30C3, 0x1821, 0x4042, 0x4021, 0x2000, 0x1841, 0x1041,
  0x61E8, 0x3905, 0x1001, 0x5166, 0x5925, 0x0841, 0x0883, 0x0862, 0x2082, 0x1061, 0x1041, 0x0841, 0x30A3, 0x40E3, 0x2861, 0x2020,
  0x5081, 0x3081, 0x1020, 0x3020, 0x2820, 0x4061, 0x2800, 0x2800, 0x2000, 0x3000, 0x3000, 0x2800, 0x1800, 0x1000, 0x0000, 0x0000,
  0x0000, 0x0000, 0x0000, 0x0842, 0x0883, 0x0863, 0x0042, 0x0062, 0x0862, 0x0863, 0x2188, 0x1105, 0x0062, 0x10C4, 0x0020, 0x0000,
  0x0001, 0x0841, 0x0862, 0x1126, 0x324C, 0x29C9, 0x0021, 0x1905, 0x21A9, 0x1947, 0x08E6, 0x21A9, 0x10A3, 0x0000, 0x0021, 0x0862,
  0x1083, 0x0000, 0x0021, 0x0883, 0x10C4, 0x18E5, 0x1083, 0x3105, 0x59E7, 0x1062, 0x0863, 0x0863, 0x10A4, 0x5229, 0x51E7, 0x3082,
  0x1861, 0x0883, 0x31C8, 0x62EC, 0xA492, 0x8C30, 0x1882, 0x1821, 0x30A3, 0x1841, 0x1062, 0x3967, 0x8BAE, 0x51A7, 0x6945, 0x4124,
  0x3125, 0x30E4, 0x1882, 0x18E4, 0x18A3, 0x0000, 0x18A3, 0x3186, 0x0820, 0x28C3, 0x30A3, 0x6104, 0x40E4, 0x1042, 0x1841, 0x6A4A,
  0x72EC, 0x2041, 0x1862, 0x1041, 0x3125, 0x2082, 0x0820, 0x1841, 0x2082, 0x1000, 0x1821, 0x1020, 0x3861, 0x2820, 0x1820, 0x2041,
  0x2821, 0x2821, 0x5945, 0x40A3, 0x1800, 0x1841, 0x1841, 0x1041, 0x40E4, 0x40A3, 0x2041, 0x6966, 0x60A2, 0x3062, 0x2041, 0x5166,
  0x48C4, 0x2041, 0x2862, 0x2821, 0x18A3, 0x0001, 0x1083, 0x18A3, 0x18C3, 0x1062, 0x18E4, 0x2082, 0x4082, 0x3861, 0x2061, 0x2841,
  0x1000, 0x3020, 0x4061, 0x1820, 0x3020, 0x3020, 0x3020, 0x4000, 0x2800, 0x4800, 0x3000, 0x1800, 0x0000, 0x0000, 0x0000, 0x0000,
  0x0000, 0x0041, 0x0883, 0x0841, 0x0000, 0x08A5, 0x1106, 0x0022, 0x08A4, 0x1906, 0x21A8, 0x10C4, 0x0041, 0x0000, 0x0883, 0x1106,
  0x1127, 0x10C5, 0x0883, 0x1947, 0x31E9, 0x0883, 0x10E6, 0x29EA, 0x322B, 0x5B6F, 0x0862, 0x21A9, 0x4AED, 0x2145, 0x0000, 0x0000,
  0x0021, 0x0021, 0x0000, 0x0841, 0x1062, 0x30C3, 0x48E3, 0x2041, 0x0800, 0x0842, 0x10A4, 0x1062, 0x2062, 0x3062, 0x5104, 0x2041,
  0x0862, 0x2987, 0x39E8, 0x49E8, 0x6AAB, 0xBCF3, 0x9BCF, 0x2082, 0x0800, 0x39A7, 0x1882, 0x3082, 0x7A08, 0x69E7, 0x40C3, 0x4924,
  0x28C3, 0x2882, 0x1061, 0x18E4, 0x8C11, 0x9C31, 0x38E4, 0x38E4, 0x0000, 0x20A3, 0x3925, 0x2882, 0x30A3, 0x2062, 0x30E3, 0x38E4,
  0x1001, 0x38C3, 0x3083, 0x1821, 0x61E8, 0x48E4, 0x2862, 0x1021, 0x1041, 0x5186, 0x5966, 0x2841, 0x1000, 0x1841, 0x0000, 0x0000,
  0x1000, 0x3061, 0x2800, 0x2841, 0x38A3, 0x40A3, 0x40A2, 0x3882, 0x3882, 0x60C3, 0x4082, 0x5166, 0x7924, 0x50E4, 0x50C3, 0x2000,
  0x40C3, 0x5904, 0x38A3, 0x3062, 0x38A3, 0x1082, 0x1062, 0x0021, 0x1062, 0x1063, 0x2862, 0x38E4, 0x2062, 0x4882, 0x3841, 0x1000,
  0x4062, 0x70A2, 0x3861, 0x2800, 0x3020, 0x2020, 0x2000, 0x3800, 0x2800, 0x4000, 0x3000, 0x2800, 0x1000, 0x0000, 0x0000, 0x0000,
  0x0021, 0x0001, 0x0042, 0x0883, 0x0021, 0x0000, 0x0000, 0x0042, 0x0042, 0x0001, 0x0042, 0x08C4, 0x10C4, 0x0021, 0x0021, 0x08A4,
  0x1147, 0x1988, 0x1127, 0x4B0E, 0x31E8, 0x10A3, 0x08A3, 0x08A5, 0x1948, 0x320A, 0x3A6C, 0x322B, 0x31C8, 0x0000, 0x0882, 0x0882,
  0x10A3, 0x1905, 0x31C8, 0x2966, 0x0000, 0x0820, 0x0820, 0x1000, 0x1000, 0x0000, 0x1062, 0x18C4, 0x0000, 0x0000, 0x0800, 0x1820,
  0x1000, 0x0842, 0x10A4, 0x3167, 0x49A7, 0x3104, 0x28C4, 0x69A6, 0x9A89, 0x4945, 0x0800, 0x20E4, 0x0000, 0x2862, 0x40C3, 0x61A6,
  0x4904, 0x61C7, 0x48A3, 0x2020, 0x1041, 0x4A08, 0x728A, 0x7228, 0x48C3, 0x7A49, 0x2882, 0x1862, 0x38E4, 0x3082, 0x38A3, 0x3862,
  0x28A3, 0x3105, 0x3904, 0x40A3, 0x3021, 0x2841, 0x6166, 0x40A3, 0x3082, 0x1800, 0x38E4, 0x59A6, 0x4882, 0x4082, 0x2861, 0x38C3,
  0x40E4, 0x1841, 0x5125, 0x3862, 0x1820, 0x40C3, 0x48C3, 0x2821, 0x40A3, 0x3021, 0x50E4, 0x8208, 0x7904, 0x2800, 0x4041, 0x58E4,
  0x4082, 0x48A3, 0x48E4, 0x58C3, 0x2821, 0x38A3, 0x3062, 0x1841, 0x0842, 0x20C4, 0x2904, 0x1883, 0x4125, 0x2882, 0x2862, 0x40A3,
  0x2861, 0x1800, 0x1820, 0x4061, 0x5040, 0x2820, 0x1000, 0x4000, 0x3820, 0x1800, 0x2000, 0x3800, 0x3000, 0x1000, 0x0800, 0x0000,
  0x0000, 0x0000, 0x0000, 0x0883, 0x0041, 0x0000, 0x0041, 0x0001, 0x0863, 0x08A4, 0x10E5, 0x10C4, 0x0862, 0x0000, 0x0020, 0x0862,
  0x0042, 0x0883, 0x1905, 0x1947, 0x10C4, 0x10E5, 0x29A8, 0x29C8, 0x0021, 0x0063, 0x1106, 0x1967, 0x2146, 0x1906, 0x10C5, 0x4A6B,
  0x10A3, 0x0042, 0x1906, 0x2168, 0x29C9, 0x52AC, 0xBDB6, 0x3986, 0x0842, 0x2167, 0x52AC, 0x6B6E, 0x526A, 0x1041, 0x0841, 0x49C7,
  0x4185, 0x0020, 0x0000, 0x31A7, 0x2987, 0x0842, 0x20C4, 0x5187, 0x49A7, 0x4125, 0x40C3, 0x6904, 0x61C6, 0x0820, 0x1882, 0x20C3,
  0x0000, 0x2021, 0x5165, 0x4904, 0x5986, 0x4861, 0x3082, 0x2062, 0x4125, 0x69A7, 0x3862, 0x5104, 0x6945, 0x50C3, 0x0800, 0x0000,
  0x1000, 0x2821, 0x2862, 0x1021, 0x1821, 0x40C4, 0x4082, 0x4041, 0x2800, 0x58E4, 0x68E4, 0x3821, 0x3021, 0x5904, 0x6124, 0x48A3,
  0x4821, 0x3841, 0x1800, 0x91C7, 0x70C3, 0x4062, 0x58E4, 0x3082, 0x2021, 0x50A2, 0x8104, 0x4861, 0x2821, 0x40A2, 0x3062, 0x58A2,
  0x3821, 0x0800, 0x6104, 0x6105, 0x40A3, 0x2821, 0x1021, 0x2041, 0x2841, 0x1021, 0x1021, 0x0821, 0x20C4, 0x18A3, 0x28C4, 0x1882,
  0x3904, 0x2041, 0x1841, 0x1841, 0x3861, 0x3061, 0x2820, 0x3020, 0x2841, 0x1820, 0x3020, 0x3820, 0x3000, 0x4000, 0x5020, 0x3800,
  0x2000, 0x1800, 0x0000, 0x0000, 0x0000, 0x0000, 0x0000, 0x0000, 0x0062, 0x0883, 0x0882, 0x0000, 0x0862, 0x0863, 0x10E5, 0x0883,
  0x10A4, 0x1905, 0x0000, 0x0021, 0x0862, 0x0062, 0x0862, 0x0842, 0x10C4, 0x0883, 0x10E5, 0x1905, 0x0862, 0x0000, 0x0042, 0x0883,
  0x1083, 0x10E5, 0x1927, 0x18E5, 0x18C4, 0x0862, 0x10A4, 0x1926, 0x2988, 0x2988, 0x39C8, 0x5A29, 0x51E8, 0x0884, 0x31EA, 0x5A8B,
  0x4186, 0x51C7, 0xACD3, 0x4986, 0x4145, 0x72AA, 0x20A3, 0x20C4, 0x2104, 0x1062, 0x0000, 0x1841, 0x2842, 0x38C3, 0x38C3, 0x5904,
  0x50A3, 0x1000, 0x5165, 0xABCF, 0x828A, 0x28C3, 0x0800, 0x0800, 0x0000, 0x0000, 0x1800, 0x51E7, 0x48E4, 0x6986, 0x48E4, 0x48E4,
  0x71C7, 0x4882, 0x4882, 0x2862, 0x0841, 0x2104, 0x1021, 0x2082, 0x0820, 0x1821, 0x2000, 0x3021, 0x3841, 0x3061, 0x4041, 0x5021,
  0x4041, 0x3841, 0x2800, 0x68A3, 0x3841, 0x5082, 0x3800, 0x3061, 0x9104, 0x6000, 0x48C3, 0x8904, 0x4021, 0x0800, 0x50E4, 0x9145,
  0x70C3, 0x40A2, 0x3021, 0x40A3, 0x8104, 0x4862, 0x38A3, 0x68C3, 0x3862, 0x2861, 0x3862, 0x1821, 0x1841, 0x1862, 0x1041, 0x0800,
  0x0000, 0x1062, 0x1062, 0x2104, 0x1882, 0x1841, 0x28A2, 0x2082, 0x1820, 0x2861, 0x2820, 0x4861, 0x4040, 0x1800, 0x2800, 0x3020,
  0x1800, 0x2000, 0x0800, 0x4800, 0x5000, 0x2000, 0x0800, 0x0000, 0x0000, 0x0000, 0x0020, 0x0000, 0x0863, 0x0021, 0x0883, 0x0883,
  0x0862, 0x0000, 0x0021, 0x0862, 0x08A4, 0x10C5, 0x29E9, 0x42AC, 0x0841, 0x0000, 0x0022, 0x08C4, 0x1105, 0x08A4, 0x29A8, 0x2147,
  0x10E5, 0x3A09, 0x2925, 0x0000, 0x0042, 0x0883, 0x10C4, 0x0883, 0x10A4, 0x3945, 0x1882, 0x0862, 0x10C4, 0x2105, 0x3966, 0x28E5,
  0x51A7, 0x59A6, 0x20A3, 0x08A4, 0x1041, 0x2800, 0x2800, 0x4125, 0xAC71, 0xA3CE, 0x1021, 0x0801, 0x20C4, 0x41A7, 0x72EC, 0x7B2D,
  0x1862, 0x0800, 0x2041, 0x4061, 0x2841, 0x2000, 0x1000, 0x0000, 0x3041, 0x8165, 0x6944, 0x2062, 0x2083, 0x49E8, 0x7B6D, 0x51C7,
  0x3104, 0x1000, 0x2862, 0x50C3, 0x48E4, 0x3882, 0x4862, 0x3062, 0x3062, 0x2021, 0x2882, 0x59A7, 0x5925, 0x40A3, 0x2041, 0x0800,
  0x2000, 0x4020, 0x1800, 0x1020, 0x0800, 0x2821, 0x2000, 0x5124, 0x38A2, 0x3800, 0x78A2, 0x7082, 0x2800, 0x2041, 0x6882, 0x8041,
  0x58C3, 0xB1C7, 0x5821, 0x3061, 0x6986, 0x7904, 0x3821, 0x6904, 0x7904, 0x6924, 0x3000, 0x4882, 0x6125, 0x4841, 0x50A2, 0x2020,
  0x1021, 0x1021, 0x1041, 0x1021, 0x0000, 0x0000, 0x0000, 0x0000, 0x0021, 0x1862, 0x30E4, 0x1882, 0x2882, 0x2082, 0x3061, 0x40A2,
  0x1020, 0x3841, 0x2841, 0x2800, 0x4840, 0x1820, 0x4820, 0x3840, 0x3000, 0x3800, 0x3000, 0x3800, 0x1800, 0x0800, 0x0000, 0x0000,
  0x0000, 0x0022, 0x0000, 0x0001, 0x0883, 0x0042, 0x0884, 0x10E5, 0x0000, 0x0020, 0x0863, 0x0042, 0x0021, 0x0842, 0x0883, 0x0021,
  0x0000, 0x0841, 0x0000, 0x0062, 0x08A3, 0x10A4, 0x10A3, 0x2947, 0x1062, 0x1061, 0x0821, 0x0022, 0x0042, 0x1083, 0x1062, 0x1062,
  0x1041, 0x1041, 0x0841, 0x0883, 0x10C4, 0x1862, 0x2083, 0x51A7, 0x48C3, 0x3882, 0x0842, 0x18C4, 0x2905, 0x49A7, 0x7B0C, 0x3925,
  0x50E4, 0x8A89, 0x20A2, 0x18A3, 0x41A7, 0x4987, 0x6209, 0xAC10, 0x9BAE, 0x1841, 0x0800, 0x1800, 0x0800, 0x1082, 0x2124, 0x2904,
  0x2041, 0x1800, 0x1800, 0x4986, 0x936E, 0x7A6A, 0x8249, 0x8208, 0x7208, 0x1841, 0x0800, 0x2021, 0x4862, 0x3861, 0x7165, 0x58C3,
  0x1800, 0x2841, 0x8B0C, 0x5062, 0x7083, 0x5042, 0x4821, 0x5124, 0x30A2, 0x3904, 0x40C3, 0x50A3, 0x2061, 0x1020, 0x2020, 0x4841,
  0x5861, 0x2800, 0x4000, 0x2800, 0x48C3, 0x38A2, 0x4800, 0x8821, 0x7104, 0x70C3, 0x4800, 0x7145, 0x9124, 0x3000, 0x3062, 0x60E4,
  0x5862, 0x7166, 0x50E4, 0x2021, 0x2041, 0x2041, 0x3062, 0x1020, 0x1841, 0x0800, 0x0800, 0x0000, 0x0000, 0x0000, 0x0000, 0x1021,
  0x28C3, 0x18E5, 0x1083, 0x1862, 0x1041, 0x1862, 0x2061, 0x2861, 0x3061, 0x2020, 0x2041, 0x3020, 0x3040, 0x2820, 0x3820, 0x2820,
  0x2000, 0x2020, 0x3000, 0x4000, 0x4000, 0x1000, 0x0800, 0x0000, 0x0000, 0x0000, 0x0000, 0x0862, 0x0021, 0x0021, 0x0883, 0x0021,
  0x0021, 0x0021, 0x0041, 0x0863, 0x0883, 0x0021, 0x0000, 0x0000, 0x0000, 0x0042, 0x0862, 0x08A4, 0x0042, 0x0000, 0x0021, 0x0842,
  0x1042, 0x1021, 0x0820, 0x0000, 0x0862, 0x0842, 0x0000, 0x0000, 0x0821, 0x0821, 0x0000, 0x0000, 0x0000, 0x0021, 0x1062, 0x2083,
  0x2862, 0x4082, 0x58E3, 0x2882, 0x1062, 0x1062, 0x2905, 0x4966, 0x8208, 0x5187, 0x2882, 0x3062, 0x1041, 0x3967, 0x51A7, 0x70E3,
  0x58A3, 0x40C4, 0x6124, 0x38E4, 0x2925, 0x1862, 0x5A6B, 0x836E, 0xA3CF, 0x9BEF, 0x7208, 0x4145, 0x2041, 0x3062, 0x5105, 0x50E4,
  0x40C3, 0x40A3, 0x5904, 0x4082, 0x0800, 0x0800, 0x4861, 0x4861, 0x4041, 0x6061, 0x1000, 0x2800, 0x70C3, 0x6124, 0x4801, 0x4841,
  0x4020, 0x68C3, 0x58E3, 0x69A7, 0x48C3, 0x58A3, 0x78C3, 0x4841, 0x5862, 0x4041, 0x2000, 0x1800, 0x4061, 0x6903, 0x9124, 0x5820,
  0x3020, 0x4820, 0x6841, 0x2800, 0x8145, 0xA945, 0xB8C3, 0x6862, 0x68E3, 0x6925, 0x5925, 0x5882, 0x6882, 0x58E4, 0x48E4, 0x1000,
  0x1841, 0x1842, 0x1862, 0x0800, 0x0000, 0x0000, 0x0000, 0x0841, 0x2105, 0x3987, 0x4125, 0x18C4, 0x1083, 0x2082, 0x20A3, 0x1042,
  0x38C3, 0x1861, 0x1800, 0x3061, 0x2020, 0x5881, 0x3841, 0x4020, 0x1000, 0x2800, 0x3020, 0x1800, 0x5820, 0x4000, 0x3000, 0x1000,
  0x0800, 0x0000, 0x0000, 0x0000, 0x0021, 0x0000, 0x0000, 0x0863, 0x08A4, 0x0863, 0x0883, 0x0000, 0x0021, 0x08A4, 0x08C4, 0x1906,
  0x2188, 0x0021, 0x0000, 0x0863, 0x10A4, 0x10E5, 0x08C5, 0x3A6C, 0x39E9, 0x0000, 0x0001, 0x1021, 0x0821, 0x0041, 0x0883, 0x1905,
  0x2988, 0x428C, 0x1925, 0x18E4, 0x10A3, 0x0863, 0x2126, 0x2125, 0x0000, 0x0800, 0x2841, 0x4061, 0x3020, 0x1000, 0x0000, 0x0820,
  0x1862, 0x2042, 0x3062, 0x4082, 0x30E4, 0x3904, 0x1000, 0x1862, 0x30E4, 0x5187, 0x60E4, 0x6104, 0x38C3, 0x50C3, 0x2021, 0x0862,
  0x1842, 0x4105, 0x58E4, 0x60E4, 0x6945, 0x6166, 0x828A, 0x2021, 0x50C3, 0x58A3, 0x5882, 0x8165, 0x7166, 0x5882, 0x4841, 0x1800,
  0x1041, 0x0000, 0x0800, 0x1000, 0x2841, 0x51A6, 0x4041, 0x98A3, 0x8145, 0x5882, 0x6062, 0x7082, 0x4000, 0x5082, 0x68A3, 0x50A3,
  0x7925, 0x88A3, 0x5041, 0x3000, 0x5041, 0x5021, 0x3021, 0x68A2, 0x80C3, 0x6841, 0x90E3, 0x9124, 0x3820, 0x3020, 0x4061, 0x5061,
  0x4800, 0x6021, 0x6861, 0x90C3, 0x4821, 0x4041, 0x3041, 0x2821, 0x2021, 0x2841, 0x1821, 0x1020, 0x0800, 0x0000, 0x0000, 0x0000,
  0x0000, 0x1062, 0x1062, 0x3125, 0x2862, 0x7A6A, 0x1062, 0x1882, 0x1862, 0x0821, 0x1861, 0x3061, 0x1820, 0x3882, 0x1820, 0x2820,
  0x2820, 0x2000, 0x4841, 0x3820, 0x1800, 0x2000, 0x3000, 0x4800, 0x2800, 0x0800, 0x0000, 0x0000, 0x0000, 0x0041, 0x0041, 0x10A4,
  0x0000, 0x0001, 0x0042, 0x0000, 0x0001, 0x0000, 0x0001, 0x0063, 0x0863, 0x0042, 0x0022, 0x1106, 0x0883, 0x0042, 0x0042, 0x0863,
  0x10A4, 0x10A4, 0x10E5, 0x52ED, 0x2945, 0x0021, 0x0021, 0x0883, 0x18E5, 0x10C4, 0x2105, 0x20C4, 0x4A09, 0x6ACB, 0x0021, 0x1906,
  0x1905, 0x2126, 0x6B2E, 0x5AED, 0x2105, 0x1000, 0x1821, 0x1882, 0x18E4, 0x2125, 0x0000, 0x1820, 0x3082, 0x30C3, 0x1862, 0x3062,
  0x3061, 0x0800, 0x3083, 0x3083, 0x3883, 0x5945, 0x7186, 0x5882, 0x68C3, 0x2861, 0x0000, 0x3125, 0x38C4, 0x4021, 0x50A2, 0x48C3,
  0x4862, 0x5841, 0x3021, 0x68E3, 0x68C3, 0x4041, 0x50A2, 0x4041, 0x5841, 0x70E3, 0x3061, 0x3062, 0x7A89, 0x82EB, 0x81E7, 0x5061,
  0x28A2, 0x2020, 0x4000, 0x4000, 0x6862, 0x9041, 0x6800, 0x3841, 0x3841, 0x7904, 0x7862, 0x7021, 0xB0E4, 0x78C3, 0x4020, 0x70A2,
  0x70A2, 0xA945, 0x4000, 0x3841, 0x2800, 0x8965, 0xA144, 0x5800, 0x5082, 0xB9C5, 0xB123, 0x4820, 0x48A2, 0x5904, 0x4020, 0x7082,
  0x5883, 0x2882, 0x2821, 0x2841, 0x2841, 0x1841, 0x1020, 0x0000, 0x0000, 0x0000, 0x0841, 0x20A3, 0x28A3, 0x1841, 0x3082, 0x9248,
  0xA1C6, 0x18A3, 0x1082, 0x0000, 0x28E4, 0x2082, 0x40C3, 0x3082, 0x3841, 0x5061, 0x2861, 0x3020, 0x2020, 0x3040, 0x2800, 0x3800,
  0x1800, 0x3800, 0x3800, 0x2000, 0x0800, 0x0000, 0x0000, 0x0000, 0x0001, 0x0041, 0x0021, 0x0862, 0x0021, 0x0021, 0x0000, 0x0000,
  0x0883, 0x0883, 0x0842, 0x08A4, 0x0042, 0x0063, 0x0062, 0x0020, 0x0000, 0x0021, 0x1083, 0x20C4, 0x1083, 0x18C5, 0x18A3, 0x18A3,
  0x0862, 0x0883, 0x0841, 0x10A4, 0x30E4, 0x28C4, 0x18C4, 0x30A3, 0x48A3, 0x40E4, 0x0862, 0x18C4, 0x18A3, 0x28C4, 0x3905, 0x82EC,
  0x5208, 0x0842, 0x2106, 0x31A8, 0x3188, 0x5A6A, 0x5229, 0x1000, 0x2021, 0x2020, 0x2020, 0x2000, 0x1020, 0x0000, 0x2042, 0x48A3,
  0x78E3, 0x4862, 0x4841, 0x5062, 0x2821, 0x30E3, 0x1862, 0x20A3, 0x4166, 0x61A7, 0x4882, 0x5021, 0x70A3, 0x5861, 0x3841, 0x2000,
  0x6062, 0x58A2, 0x2800, 0x70C3, 0x6041, 0x4000, 0x3061, 0x60C3, 0xAA28, 0x8986, 0x80C3, 0x9061, 0x4820, 0x0800, 0x1800, 0x5861,
  0x6841, 0x6800, 0x5000, 0x2821, 0x80C3, 0xA904, 0x90A3, 0x90A2, 0x7082, 0x4020, 0x5841, 0x6000, 0x5841, 0xA041, 0x5800, 0x8186,
  0x7062, 0xA1C6, 0xC103, 0x8820, 0x7904, 0xB9E7, 0xA924, 0x60A3, 0x90E3, 0x68C3, 0x48A2, 0x48E4, 0x38A3, 0x1821, 0x1841, 0x1820,
  0x1000, 0x0800, 0x0000, 0x0000, 0x0000, 0x1062, 0x20A4, 0x4146, 0x38E4, 0x6A6A, 0x40E4, 0x6A07, 0x8A28, 0x18C4, 0x18A3, 0x1882,
  0x30C3, 0x30A3, 0x1861, 0x3061, 0x1820, 0x3820, 0x2800, 0x3061, 0x2840, 0x2000, 0x4000, 0x3020, 0x2800, 0x4000, 0x4000, 0x1000,
  0x0000, 0x0000, 0x0000, 0x0000, 0x0000, 0x0000, 0x0000, 0x0021, 0x0042, 0x08A4, 0x0883, 0x0021, 0x0863, 0x08A4, 0x0862, 0x0842,
  0x0862, 0x0021, 0x0021, 0x0000, 0x10C4, 0x29A8, 0x0000, 0x1083, 0x1883, 0x1883, 0x1862, 0x1862, 0x1041, 0x0000, 0x0000, 0x0000,
  0x1042, 0x2883, 0x20C4, 0x20E6, 0x30A3, 0x40C3, 0x1020, 0x1862, 0x30A3, 0x38A3, 0x2062, 0x40E4, 0x5124, 0x2062, 0x1083, 0x2105,
  0x20C4, 0x28C4, 0x4925, 0x8B2D, 0x59A6, 0x1000, 0x0841, 0x0000, 0x0000, 0x18A3, 0x10A2, 0x0000, 0x2800, 0x5021, 0x4841, 0x4041,
  0x2800, 0x1020, 0x6185, 0x0820, 0x2061, 0x48A3, 0x50E4, 0x48A2, 0x8082, 0x5841, 0x4021, 0x3861, 0x28A2, 0x3800, 0x5041, 0x2800,
  0x4000, 0x5020, 0x2820, 0x5062, 0xA208, 0xBACA, 0x7800, 0x68C3, 0x8082, 0x8000, 0x4841, 0x2041, 0x1800, 0x3820, 0x3000, 0x2041,
  0x38C3, 0x3800, 0x9000, 0xA965, 0xB0E3, 0x88C3, 0x4841, 0x8882, 0xA124, 0x6800, 0xB0A2, 0x7820, 0x4020, 0x5061, 0x8861, 0xB0E3,
  0x6861, 0x4841, 0x6862, 0x6061, 0x4862, 0x3841, 0x71A7, 0x48A3, 0x1820, 0x2041, 0x3062, 0x2041, 0x1000, 0x0000, 0x0000, 0x0000,
  0x1062, 0x1062, 0x1883, 0x49E8, 0x30E4, 0x7A69, 0x7229, 0x828A, 0x1800, 0x1041, 0x0001, 0x1882, 0x3125, 0x2062, 0x28A3, 0x1821,
  0x58E3, 0x2861, 0x2041, 0x1840, 0x0800, 0x3020, 0x4861, 0x1800, 0x2000, 0x1800, 0x4000, 0x4000, 0x1800, 0x0000, 0x0000, 0x0000,
  0x0000, 0x0042, 0x0862, 0x0021, 0x0042, 0x0021, 0x0021, 0x0863, 0x0862, 0x0000, 0x0042, 0x0863, 0x0001, 0x0000, 0x0001, 0x0021,
  0x0000, 0x0021, 0x10A4, 0x322A, 0x1082, 0x0000, 0x0821, 0x1041, 0x1861, 0x0801, 0x0022, 0x10E5, 0x1905, 0x0000, 0x1041, 0x1062,
  0x2083, 0x28A3, 0x2083, 0x4124, 0x0800, 0x1841, 0x3082, 0x2882, 0x3105, 0x3083, 0x5924, 0x1841, 0x1041, 0x30C4, 0x2082, 0x2862,
  0x40A3, 0x4062, 0x5945, 0x2062, 0x0841, 0x1883, 0x3987, 0x626B, 0x93AF, 0x6269, 0x1082, 0x0800, 0x1000, 0x1000, 0x1862, 0x4125,
  0x5965, 0x0000, 0x0000, 0x4882, 0x5841, 0x5041, 0x6062, 0x3841, 0x2820, 0x2021, 0x5165, 0x4924, 0x1841, 0x1800, 0x1841, 0x1020,
  0x28A2, 0x3820, 0x7882, 0x98C3, 0x98E3, 0x9945, 0x9082, 0xA881, 0x5000, 0x1800, 0x71A6, 0x8144, 0x8944, 0x7904, 0x4861, 0x1800,
  0x5800, 0x5000, 0x4000, 0x3000, 0x6020, 0xB8A2, 0xF268, 0x88A2, 0x6061, 0x78E3, 0xD34C, 0xB944, 0x4861, 0x68C2, 0x4861, 0x8145,
  0x5062, 0x3000, 0x60E3, 0x60C3, 0x2820, 0x3861, 0x3062, 0x1821, 0x1821, 0x0800, 0x0000, 0x0000, 0x0000, 0x1062, 0x1883, 0x30E4,
  0x6229, 0x49C7, 0x4946, 0x82AA, 0xA207, 0xC2CA, 0x9249, 0x60C3, 0x18A3, 0x1062, 0x2882, 0x30E4, 0x2862, 0x40C2, 0x2861, 0x4041,
  0x2020, 0x4840, 0x2041, 0x3841, 0x3040, 0x2800, 0x5020, 0x3800, 0x4000, 0x3000, 0x1000, 0x0000, 0x0000, 0x0000, 0x0000, 0x0021,
  0x0042, 0x0883, 0x0021, 0x0042, 0x0862, 0x0042, 0x0042, 0x0042, 0x0841, 0x0000, 0x0021, 0x0883, 0x10A3, 0x0021, 0x0000, 0x0841,
  0x0842, 0x0000, 0x0042, 0x10A3, 0x0000, 0x0821, 0x0800, 0x0000, 0x0842, 0x10C4, 0x10C5, 0x5ACC, 0x4229, 0x0000, 0x1841, 0x2841,
  0x3061, 0x1041, 0x0800, 0x0000, 0x1021, 0x1862, 0x20A3, 0x30C3, 0x3062, 0x3062, 0x0000, 0x1841, 0x2062, 0x30E4, 0x2082, 0x2083,
  0x2863, 0x5125, 0x2882, 0x1862, 0x3947, 0x4967, 0x5945, 0x60E3, 0x9269, 0x934C, 0x1082, 0x1062, 0x2083, 0x4946, 0x71E8, 0xC430,
  0xAC70, 0x2904, 0x2020, 0x3820, 0x2800, 0x2000, 0x1000, 0x0800, 0x6903, 0x9144, 0x98E3, 0x60E3, 0x2000, 0x8186, 0xAAAA, 0x8924,
  0x3000, 0x4020, 0x5800, 0x80E3, 0x7882, 0x6820, 0xA881, 0x6020, 0x58E3, 0x6082, 0x5000, 0xAA48, 0xD164, 0x9000, 0x4020, 0x2000,
  0x48E3, 0x5924, 0x4882, 0x4800, 0x7800, 0x9881, 0x88E3, 0xA9E6, 0xC268, 0xC103, 0x6800, 0x68E3, 0x60E3, 0x9165, 0x78E3, 0x3000,
  0x38C3, 0x3041, 0x4061, 0x2841, 0x2041, 0x2041, 0x1000, 0x0800, 0x0000, 0x0000, 0x0821, 0x1062, 0x28E4, 0x41A7, 0x3904, 0x69E7,
  0x40E3, 0x82AA, 0x69A6, 0x70C3, 0xAA28, 0xB228, 0xEBAE, 0x1062, 0x28C4, 0x28A3, 0x2062, 0x2062, 0x40E3, 0x5881, 0x4081, 0x0820,
  0x2040, 0x2840, 0x1000, 0x4000, 0x2020, 0x2000, 0x4000, 0x4800, 0x3000, 0x1000, 0x0000, 0x0000, 0x0000, 0x0000, 0x0042, 0x0021,
  0x0842, 0x0021, 0x0842, 0x0021, 0x0042, 0x0042, 0x0042, 0x0863, 0x0862, 0x0021, 0x08A4, 0x10A4, 0x2188, 0x3A29, 0x0021, 0x10C5,
  0x10C5, 0x1905, 0x3186, 0x0000, 0x0000, 0x0821, 0x0821, 0x0862, 0x1906, 0x10A4, 0x1883, 0x30E4, 0x6249, 0x18A2, 0x0000, 0x0800,
  0x0800, 0x0820, 0x1042, 0x0000, 0x0800, 0x2021, 0x2021, 0x2820, 0x2000, 0x0800, 0x0000, 0x1020, 0x1820, 0x3841, 0x50A2, 0x1063,
  0x40A3, 0x3021, 0x0800, 0x2862, 0x5125, 0x48C4, 0x48E4, 0x5966, 0x4861, 0x60C3, 0x3061, 0x1862, 0x2082, 0x2862, 0x3041, 0x5861,
  0xA269, 0x71A7, 0x2041, 0x1841, 0x1841, 0x38E3, 0x4986, 0x20A2, 0x3040, 0x88A2, 0x9081, 0x4820, 0x99E7, 0x7861, 0x8861, 0xA041,
  0x6821, 0x2800, 0x9061, 0xA841, 0x6061, 0x9081, 0x9000, 0x5841, 0xB1E6, 0x90C2, 0x8924, 0xB903, 0x8820, 0x8820, 0x7882, 0x60C3,
  0x8124, 0xD248, 0xA924, 0x3000, 0x7103, 0x9184, 0x4800, 0x6821, 0x6820, 0x78C2, 0x9144, 0x5820, 0x8165, 0x6841, 0x4820, 0x2041,
  0x48A2, 0x2861, 0x2021, 0x2041, 0x1020, 0x0800, 0x0800, 0x0000, 0x0000, 0x1062, 0x20C3, 0x30C4, 0x3905, 0x49A7, 0x51A7, 0xAAEA,
  0x9A06, 0x2000, 0x2841, 0x1821, 0x2000, 0x3841, 0x6125, 0x1083, 0x28A3, 0x28A3, 0x2882, 0x48E3, 0x3061, 0x2000, 0x3861, 0x58C2,
  0x4061, 0x3040, 0x2820, 0x2820, 0x2800, 0x5040, 0x4800, 0x3800, 0x1000, 0x0000, 0x0000, 0x0000, 0x0000, 0x0021, 0x0021, 0x0042,
  0x08A3, 0x0021, 0x0842, 0x0000, 0x0000, 0x0021, 0x0000, 0x0020, 0x0000, 0x0042, 0x10A4, 0x0862, 0x0883, 0x2125, 0x0021, 0x10A4,
  0x20C4, 0x20E5, 0x3987, 0x1062, 0x1905, 0x2126, 0x0882, 0x0862, 0x10A4, 0x1083, 0x1062, 0x2083, 0x40E4, 0x20A2, 0x2925, 0x0021,
  0x10A3, 0x2946, 0x39E9, 0x4229, 0x1062, 0x1000, 0x1000, 0x1020, 0x1882, 0x18C4, 0x0841, 0x0000, 0x2021, 0x2820, 0x3820, 0x2821,
  0x2821, 0x1841, 0x1020, 0x3041, 0x8165, 0x58C3, 0x38A3, 0x40A3, 0x5882, 0x70C3, 0x4061, 0x2041, 0x40C3, 0x2841, 0x3082, 0x48A3,
  0x4821, 0x5882, 0x3082, 0x3082, 0x6104, 0xAA49, 0xE36D, 0xA228, 0x5104, 0x2800, 0x5841, 0x4000, 0xA145, 0xBA27, 0x8861, 0x90E3,
  0x9041, 0x2800, 0x4000, 0x6820, 0x4800, 0x5800, 0x4841, 0x3861, 0x90C2, 0xB1C6, 0xB185, 0xA861, 0xA964, 0x98C2, 0x5800, 0x6061,
  0x5020, 0x6800, 0x8020, 0x8082, 0x9903, 0xFA68, 0x5800, 0x4081, 0x3061, 0x99A6, 0x90C3, 0x6082, 0x3020, 0x2000, 0x4082, 0x50E3,
  0x3021, 0x2841, 0x1820, 0x0800, 0x0800, 0x0000, 0x0000, 0x0821, 0x1062, 0x20E4, 0x3946, 0x59A7, 0x51A6, 0x4166, 0x49E8, 0x5061,
  0x7904, 0x28A2, 0x6A49, 0x7229, 0x61E8, 0x2862, 0x4925, 0x18A3, 0x20E4, 0x1862, 0x1861, 0x3862, 0x3862, 0x2820, 0x3082, 0x4841,
  0x4061, 0x1000, 0x4040, 0x3020, 0x2800, 0x4000, 0x4000, 0x3000, 0x0800, 0x0000, 0x0000, 0x0000, 0x0000, 0x0000, 0x0842, 0x0022,
  0x0863, 0x0021, 0x0021, 0x0041, 0x0000, 0x0021, 0x0042, 0x0883, 0x2147, 0x0842, 0x0021, 0x10A3, 0x1062, 0x0841, 0x0000, 0x0862,
  0x1883, 0x2062, 0x2082, 0x0820, 0x0862, 0x1083, 0x1083, 0x0842, 0x0842, 0x1042, 0x1862, 0x1062, 0x2862, 0x38A3, 0x1041, 0x1061,
  0x1062, 0x18A4, 0x20E5, 0x18C4, 0x5209, 0x838E, 0x0841, 0x1062, 0x4125, 0x3905, 0x3925, 0x72CB, 0x3986, 0x0800, 0x0820, 0x0800,
  0x1800, 0x0800, 0x1882, 0x2021, 0x2841, 0x3062, 0x3882, 0x60C3, 0x9123, 0x6082, 0x6082, 0x3841, 0x3841, 0x7965, 0x6104, 0x50C3,
  0x5945, 0x4041, 0x5882, 0x3061, 0x4082, 0x5021, 0x5800, 0x8000, 0x90A2, 0xA924, 0x5041, 0x1800, 0x4820, 0x7000, 0x6841, 0x68A2,
  0xB144, 0xA8A2, 0x5020, 0x48E3, 0x1800, 0x30A2, 0x38A2, 0x5104, 0x79E7, 0x7840, 0xB8A2, 0xC1A5, 0x6082, 0x7081, 0x8020, 0x6000,
  0xDB8D, 0xDB4C, 0x5000, 0xA206, 0xD247, 0x6861, 0x6000, 0x5061, 0xD9E6, 0x7924, 0x3821, 0x5020, 0x8903, 0x48A2, 0x40A2, 0x2000,
  0x2841, 0x2041, 0x1821, 0x1020, 0x0000, 0x0000, 0x0000, 0x0841, 0x20C3, 0x30E5, 0x3905, 0x40C3, 0x6A28, 0xAC71, 0x69C7, 0x3861,
  0x6166, 0x7A49, 0x4966, 0x5966, 0x5145, 0x93AF, 0x7A8A, 0x4925, 0x20A3, 0x2083, 0x2062, 0x3861, 0x30A2, 0x2861, 0x2840, 0x3841,
  0x2020, 0x2000, 0x4020, 0x2820, 0x1800, 0x5020, 0x3800, 0x4800, 0x2800, 0x0800, 0x0000, 0x0000, 0x0000, 0x0021, 0x0021, 0x0000,
  0x0021, 0x0883, 0x0821, 0x0000, 0x0000, 0x0000, 0x0000, 0x0021, 0x0862, 0x10A4, 0x1905, 0x10A4, 0x0842, 0x0821, 0x0021, 0x0000,
  0x0001, 0x0862, 0x1042, 0x1021, 0x0821, 0x0821, 0x0821, 0x0000, 0x0000, 0x0000, 0x0821, 0x1821, 0x1821, 0x2041, 0x2841, 0x1000,
  0x0841, 0x1041, 0x2083, 0x30A3, 0x30A3, 0x18A3, 0x2841, 0x6145, 0x2882, 0x3062, 0x40A3, 0x48C3, 0x4083, 0x60E4, 0x92CA, 0x1861,
  0x1041, 0x38C3, 0x6124, 0x9B4C, 0x49E7, 0x0800, 0x2841, 0x2061, 0x2841, 0x3041, 0x80C2, 0x6861, 0x4020, 0x1800, 0x3061, 0x4041,
  0x4841, 0x5862, 0x3020, 0x4882, 0x5861, 0x2800, 0x4041, 0x7104, 0x9227, 0x8903, 0xB144, 0x8020, 0x8021, 0x3000, 0x6841, 0x78A2,
  0x4000, 0x5020, 0x7000, 0x5800, 0x70E3, 0x68A2, 0x9965, 0xCA48, 0xB1E7, 0x98C2, 0x4000, 0x2000, 0x6000, 0xA8A2, 0x8861, 0x8861,
  0x6020, 0x6061, 0x80C2, 0x9861, 0x6800, 0xA123, 0x9840, 0x90A2, 0x3840, 0x3861, 0x90C3, 0x7061, 0x50C3, 0x2820, 0x3820, 0x3861,
  0x3041, 0x2041, 0x2041, 0x1821, 0x1020, 0x0000, 0x0000, 0x0000, 0x1041, 0x28C4, 0x3105, 0x4945, 0x7165, 0xBBCE, 0x6944, 0x69A6,
  0x6061, 0xA9A5, 0x81A6, 0x3041, 0x7229, 0xCB6C, 0xA248, 0x5145, 0x934D, 0x7A8B, 0x1062, 0x1062, 0x3882, 0x3082, 0x2041, 0x2841,
  0x2841, 0x1000, 0x2820, 0x4881, 0x1820, 0x3020, 0x3820, 0x4840, 0x4000, 0x5800, 0x3000, 0x0800, 0x0000, 0x0000, 0x0000, 0x0000,
  0x0842, 0x0842, 0x0000, 0x0021, 0x0042, 0x0000, 0x0042, 0x10C5, 0x10C4, 0x0000, 0x0020, 0x0000, 0x0021, 0x0842, 0x0021, 0x0842,
  0x1062, 0x20A3, 0x0000, 0x0001, 0x0821, 0x0000, 0x0000, 0x0021, 0x0842, 0x10C4, 0x1906, 0x31A8, 0x39C8, 0x0020, 0x0000, 0x0800,
  0x1000, 0x1000, 0x0000, 0x0000, 0x1821, 0x2882, 0x3082, 0x40C3, 0x1862, 0x3882, 0x2820, 0x1800, 0x4082, 0x4882, 0x3882, 0x6125,
  0x6041, 0x80E2, 0x3062, 0x40A3, 0x7186, 0x7145, 0xA185, 0xCB8D, 0x5145, 0x0000, 0x1000, 0x3041, 0x3861, 0x4021, 0x3821, 0x1800,
  0x2882, 0x1020, 0x2821, 0x4841, 0x4021, 0x3020, 0x68A2, 0x5861, 0x2841, 0x7082, 0x7021, 0xA0E3, 0xB903, 0x7800, 0x9861, 0xA840,
  0x3000, 0x5000, 0x6820, 0x8000, 0xB881, 0x7800, 0x2800, 0x5061, 0x4841, 0x9061, 0xA820, 0x7000, 0xD207, 0xC144, 0x4841, 0x4903,
  0x4000, 0x4000, 0x1800, 0x48A2, 0xBA27, 0xC1A6, 0xC144, 0x7800, 0x3000, 0x5800, 0xDA89, 0xB123, 0x2861, 0x3861, 0x3800, 0x50A2,
  0x3082, 0x2061, 0x2841, 0x2020, 0x1841, 0x1000, 0x0800, 0x0000, 0x0000, 0x0020, 0x20A3, 0x20A3, 0x4166, 0x30A3, 0x8289, 0xAB4B,
  0xE511, 0xB2A8, 0x3800, 0xAAEA, 0xC38C, 0x8A69, 0x61E8, 0x4104, 0xC490, 0xFC8F, 0xAA48, 0x9B2C, 0x0000, 0x2882, 0x2882, 0x2862,
  0x2841, 0x38A2, 0x2020, 0x4040, 0x2041, 0x2820, 0x5841, 0x3820, 0x3000, 0x3800, 0x5020, 0x5800, 0x3000, 0x0800, 0x0000, 0x0000,
  0x0000, 0x0021, 0x0020, 0x0000, 0x0021, 0x0863, 0x0000, 0x0000, 0x0021, 0x0042, 0x0883, 0x0862, 0x0862, 0x1905, 0x10A3, 0x0000,
  0x0021, 0x0821, 0x0821, 0x1021, 0x1021, 0x0820, 0x0000, 0x0000, 0x0020, 0x0020, 0x10A4, 0x18C4, 0x0862, 0x18A4, 0x18A4, 0x5A2A,
  0x28E3, 0x0841, 0x0000, 0x0021, 0x1062, 0x28E4, 0x18C3, 0x0000, 0x2861, 0x2041, 0x1841, 0x2841, 0x50A2, 0x2861, 0x1800, 0x48C3,
  0x48C3, 0x2841, 0x3041, 0x6082, 0x5841, 0x3041, 0x5882, 0x4862, 0x5062, 0x7841, 0x7061, 0x7904, 0x1020, 0x0000, 0x0800, 0x1800,
  0x0800, 0x1000, 0x3841, 0x99E7, 0x8144, 0x2040, 0x2020, 0x2820, 0x2000, 0x1800, 0x2861, 0x2061, 0x5000, 0x8061, 0x7000, 0x9081,
  0x60A2, 0x7020, 0x8840, 0x1000, 0x2000, 0x4800, 0x6020, 0x4000, 0x6144, 0x7903, 0x4820, 0x9103, 0x9144, 0x9081, 0xC9A5, 0xC185,
  0xB881, 0x9881, 0x6103, 0x5144, 0xBB6B, 0x7103, 0x3800, 0x5040, 0x7841, 0xA041, 0x7000, 0x2800, 0x7145, 0xA165, 0x5820, 0x4882,
  0x4882, 0x2020, 0x3841, 0x4062, 0x2041, 0x1020, 0x1820, 0x1020, 0x0000, 0x0000, 0x0000, 0x0841, 0x20A3, 0x30E4, 0x49A6, 0x38C3,
  0x6A07, 0x8AEA, 0x59E7, 0xC40E, 0x80C2, 0x3841, 0x71C6, 0x58E3, 0x82CB, 0xA3EF, 0x4124, 0x28A3, 0xC3EE, 0xA9A5, 0x1083, 0x2882,
  0x2061, 0x2862, 0x2061, 0x2041, 0x4861, 0x2040, 0x2820, 0x3041, 0x3040, 0x2000, 0x5020, 0x2000, 0x4000, 0x4800, 0x3000, 0x0800,
  0x0000, 0x0000, 0x0000, 0x0000, 0x0021, 0x0842, 0x0000, 0x0042, 0x10A4, 0x0000, 0x0021, 0x0001, 0x0021, 0x0000, 0x0022, 0x10A4,
  0x18E5, 0x0862, 0x0021, 0x0842, 0x0862, 0x0021, 0x0000, 0x0821, 0x0000, 0x0000, 0x0821, 0x0000, 0x0842, 0x0842, 0x1083, 0x1083,
  0x1841, 0x1041, 0x1021, 0x2082, 0x0821, 0x1063, 0x28C4, 0x30C4, 0x40C4, 0x728B, 0x49E7, 0x0800, 0x2821, 0x3841, 0x3020, 0x3020,
  0x1000, 0x1000, 0x2021, 0x2821, 0x4082, 0x6082, 0x88A2, 0x3020, 0x3041, 0x5061, 0x4041, 0x4041, 0x6841, 0x80C2, 0x9903, 0x3861,
  0x1841, 0x5125, 0x6186, 0x4945, 0x20A2, 0x2800, 0x7041, 0x88A2, 0x70E3, 0x2820, 0x1000, 0x1800, 0x50E3, 0xA1E6, 0x8A27, 0x2020,
  0x3000, 0x6020, 0xA061, 0xB082, 0x7000, 0x4841, 0x8A07, 0xA1C6, 0xAA88, 0x8923, 0x8123, 0xB9A5, 0xC144, 0x3800, 0x8861, 0xB0C2,
  0xA0C2, 0xD103, 0xC8A1, 0x6800, 0x4000, 0x3800, 0xA124, 0xB144, 0x9881, 0x9144, 0xC248, 0x2000, 0x1800, 0x70C2, 0x4881, 0xB9E7,
  0x7861, 0x1820, 0x4082, 0x4000, 0x4061, 0x3041, 0x2821, 0x1000, 0x1020, 0x0800, 0x0000, 0x0000, 0x0000, 0x1862, 0x28C3, 0x3945,
  0x5186, 0x6985, 0x930B, 0x6185, 0x6986, 0x932C, 0x6145, 0x68A2, 0x6965, 0x3041, 0x92A9, 0x92EB, 0x6A29, 0xB492, 0x72AB, 0x4104,
  0xE511, 0x1841, 0x3082, 0x28A3, 0x2061, 0x2041, 0x2061, 0x1820, 0x3061, 0x1840, 0x3820, 0x4020, 0x2820, 0x2000, 0x2000, 0x5000,
  0x2800, 0x0800, 0x0000, 0x0000, 0x0000, 0x0000, 0x0021, 0x0021, 0x0021, 0x0000, 0x0021, 0x0020, 0x0021, 0x0042, 0x0842, 0x0862,
  0x0021, 0x0883, 0x0862, 0x0000, 0x0021, 0x0842, 0x0862, 0x0020, 0x0000, 0x0842, 0x18C4, 0x2105, 0x2125, 0x0021, 0x0021, 0x1083,
  0x2083, 0x1041, 0x1083, 0x1041, 0x0821, 0x2862, 0x2882, 0x0801, 0x2883, 0x30A3, 0x48A3, 0x4882, 0x48A3, 0x9228, 0x2041, 0x0000,
  0x0800, 0x1000, 0x2082, 0x20C3, 0x0000, 0x0800, 0x3000, 0x4820, 0x4820, 0x4040, 0x1841, 0x2841, 0x5041, 0x8904, 0x68C2, 0x6020,
  0x6881, 0x6041, 0x3821, 0x6082, 0x68C3, 0x6082, 0xB1C7, 0xAAEA, 0x1841, 0x0800, 0x2000, 0x9124, 0xCB4B, 0x69E7, 0x4800, 0x70A2,
  0xA103, 0xDA68, 0xA984, 0x2000, 0x2800, 0x4800, 0x4000, 0x1800, 0x7820, 0xE123, 0xE1A4, 0xD143, 0x9081, 0xC123, 0x8800, 0x5800,
  0x3000, 0x6800, 0xA0E3, 0xCA88, 0x8061, 0x9040, 0xD1E6, 0x6081, 0x7000, 0xA820, 0x98C2, 0x6020, 0x9965, 0xEA07, 0x98A2, 0x6841,
  0xB1A6, 0x4882, 0x7800, 0x5840, 0x58E3, 0x4082, 0x2820, 0x2841, 0x2041, 0x1841, 0x1000, 0x0000, 0x0000, 0x0000, 0x0841, 0x28C3,
  0x30C3, 0x3925, 0x49A7, 0x5145, 0xB3EE, 0x92EB, 0x9227, 0x3821, 0x3062, 0x68A3, 0x5861, 0x8AEB, 0x61C7, 0xC48F, 0xFE76, 0xA2C9,
  0x728A, 0x7B4D, 0x4966, 0x28A2, 0x2082, 0x1882, 0x2882, 0x2061, 0x2820, 0x4082, 0x2841, 0x5061, 0x2020, 0x3000, 0x4840, 0x0800,
  0x5020, 0x3800, 0x0800, 0x0000, 0x0000, 0x0000, 0x0000, 0x0000, 0x0000, 0x0000, 0x0021, 0x0021, 0x0000, 0x0000, 0x0000, 0x0001,
  0x0842, 0x0001, 0x0863, 0x1083, 0x0000, 0x0000, 0x0000, 0x0821, 0x0000, 0x0000, 0x0021, 0x1062, 0x30A3, 0x1042, 0x41A8, 0x18A3,
  0x0800, 0x1862, 0x2042, 0x0800, 0x0000, 0x0842, 0x20C4, 0x2841, 0x1820, 0x1021, 0x2041, 0x3861, 0x4862, 0x4862, 0x5062, 0x5862,
  0x48A3, 0x1020, 0x4882, 0x50E3, 0x38E5, 0x5925, 0x6A28, 0x18A2, 0x1000, 0x2020, 0x2020, 0x2882, 0x28A3, 0x0800, 0x4020, 0x5820,
  0x6841, 0x5020, 0x7040, 0x3820, 0x3800, 0xA924, 0x6904, 0x1800, 0x6041, 0xB8E2, 0x8123, 0x1020, 0x6882, 0xA8A2, 0xC964, 0xAA07,
  0x3800, 0x7021, 0x9820, 0xA020, 0xA040, 0x6081, 0x3082, 0x4924, 0x48E3, 0x3882, 0x6020, 0xD061, 0xC8E2, 0xA020, 0xB8C2, 0xB0C2,
  0x8020, 0x3020, 0x4861, 0x4800, 0xA020, 0xD103, 0x7881, 0x7020, 0x9081, 0x6881, 0xBACA, 0xD1C6, 0xC8A2, 0x90C2, 0x4000, 0x8020,
  0x6061, 0x6841, 0xC124, 0x68A2, 0x2841, 0x3882, 0x4041, 0x3041, 0x3882, 0x1820, 0x1020, 0x1000, 0x0800, 0x0000, 0x0000, 0x0841,
  0x2082, 0x4166, 0x4166, 0x40E4, 0x7228, 0xA38D, 0x38A2, 0x61C7, 0xAA68, 0x5861, 0x1821, 0x4082, 0x50A2, 0x6AAB, 0x524A, 0x59A6,
  0xCC0D, 0xFE35, 0xA943, 0x40A3, 0x1862, 0x2083, 0x1041, 0x40A2, 0x2841, 0x3861, 0x3041, 0x2020, 0x3820, 0x3840, 0x4020, 0x4020,
  0x5040, 0x3800, 0x1000, 0x0000, 0x0000, 0x0000, 0x0000, 0x0021, 0x0000, 0x0021, 0x0020, 0x0000, 0x0000, 0x0001, 0x0842, 0x0862,
  0x0021, 0x0042, 0x0842, 0x1083, 0x10A4, 0x0842, 0x1062, 0x0821, 0x0800, 0x1041, 0x0821, 0x0841, 0x2062, 0x2862, 0x1021, 0x2883,
  0x1862, 0x0000, 0x1821, 0x1821, 0x1841, 0x1841, 0x1820, 0x2841, 0x2041, 0x1062, 0x1021, 0x2821, 0x3841, 0x4882, 0x3861, 0x3841,
  0x5082, 0x3041, 0x2021, 0x6082, 0x6082, 0x3862, 0x5821, 0x80C3, 0x7965, 0x2021, 0x6104, 0x50C3, 0x4062, 0x71C7, 0x4944, 0x1800,
  0x3000, 0x3820, 0x3800, 0x3000, 0x1800, 0x4041, 0x8861, 0x98C2, 0x4000, 0x80A2, 0x9800, 0x6000, 0x3021, 0x5800, 0x80A2, 0xA8C2,
  0xA000, 0x3840, 0x4000, 0x8820, 0x9040, 0x5841, 0xA1A5, 0x9903, 0x4841, 0x9103, 0xA124, 0x5041, 0x5000, 0x4800, 0x9081, 0xEA27,
  0xA040, 0x7081, 0xA207, 0xBA48, 0x3800, 0x3000, 0x6800, 0x3800, 0x2800, 0x3040, 0x6061, 0xD1A5, 0xB0A1, 0xB0E3, 0xA9A6, 0x4000,
  0x7861, 0xA185, 0x5841, 0x5000, 0x4021, 0x3861, 0x40A2, 0x1840, 0x1820, 0x1800, 0x1000, 0x0000, 0x0000, 0x0000, 0x0841, 0x1862,
  0x28C3, 0x4145, 0x4986, 0x6A08, 0x9B2B, 0x932B, 0xA36C, 0x3904, 0x7A49, 0x60C3, 0x6945, 0x48A2, 0x3861, 0x3861, 0x3841, 0x1800,
  0x20A2, 0x40C3, 0x9248, 0xDBAD, 0x2041, 0x2062, 0x2841, 0x2041, 0x2020, 0x3041, 0x3861, 0x3861, 0x4040, 0x2820, 0x4020, 0x3000,
  0x6020, 0x4000, 0x0800, 0x0000, 0x0000, 0x0000, 0x0000, 0x0000, 0x0021, 0x0842, 0x0842, 0x0020, 0x0000, 0x0000, 0x0042, 0x0842,
  0x10A4, 0x0021, 0x0000, 0x0842, 0x0842, 0x0821, 0x1062, 0x2062, 0x0821, 0x0800, 0x0800, 0x0821, 0x1042, 0x1021, 0x1041, 0x1021,
  0x2041, 0x1021, 0x1020, 0x2041, 0x1000, 0x1800, 0x1000, 0x1000, 0x1800, 0x0800, 0x0000, 0x0000, 0x3820, 0x3820, 0x2820, 0x4041,
  0x5082, 0x70E3, 0x1800, 0x2021, 0x3821, 0x4841, 0x4861, 0x3041, 0x4820, 0x5020, 0x2841, 0x3062, 0x2041, 0x4041, 0x5020, 0x8185,
  0x3081, 0x0000, 0x1000, 0x2820, 0x4081, 0x38E3, 0x1800, 0x6861, 0x7061, 0x5800, 0x7800, 0x98E3, 0x58C2, 0x4000, 0x90C2, 0x8841,
  0x9881, 0x90A2, 0x4020, 0x3000, 0x4820, 0x4861, 0x5000, 0x8800, 0xB881, 0x80E2, 0x7020, 0xB041, 0xC944, 0x8144, 0x2800, 0x8861,
  0x9861, 0x5820, 0x8861, 0xC103, 0xD985, 0xA8A2, 0x6165, 0x1020, 0x50E3, 0x9A27, 0x8144, 0x68E2, 0x4000, 0x5000, 0x9882, 0x8841,
  0x6020, 0xA0C2, 0x6840, 0x4841, 0x1820, 0x2841, 0x2841, 0x1820, 0x2041, 0x1020, 0x0800, 0x0000, 0x0000, 0x0000, 0x1041, 0x20A3,
  0x3925, 0x4165, 0x5A08, 0x40C3, 0xC490, 0x92CA, 0x6986, 0x70E3, 0x4061, 0x5082, 0x4861, 0x3862, 0x6145, 0xA2EA, 0x5041, 0x81E7,
  0xCB6C, 0x9923, 0x70C2, 0x4861, 0x4945, 0x28C3, 0x2061, 0x1020, 0x3041, 0x2020, 0x3081, 0x2820, 0x4840, 0x2820, 0x3020, 0x3800,
  0x5820, 0x4800, 0x0800, 0x0000, 0x0000, 0x0000, 0x0000, 0x0021, 0x0000, 0x0001, 0x0042, 0x0842, 0x0000, 0x0042, 0x0021, 0x0862,
  0x0842, 0x1063, 0x0862, 0x0000, 0x0821, 0x0000, 0x0821, 0x1021, 0x0000, 0x0001, 0x0842, 0x0862, 0x0000, 0x0000, 0x1821, 0x2041,
  0x1020, 0x1800, 0x0800, 0x1000, 0x2861, 0x2041, 0x0000, 0x1841, 0x30E3, 0x0000, 0x30C3, 0x4905, 0x28A3, 0x1020, 0x1800, 0x1800,
  0x3000, 0x5020, 0x3000, 0x0820, 0x1820, 0x2820, 0x4020, 0x6061, 0x4841, 0x9165, 0x50A2, 0x1800, 0x3041, 0x2841, 0x5021, 0x6841,
  0x9881, 0x78A1, 0x3862, 0x5882, 0x80C2, 0xA8E2, 0xCA88, 0x61A6, 0x3000, 0x4000, 0x8820, 0x7040, 0x9041, 0x6881, 0x4000, 0xB0E2,
  0xB903, 0xB902, 0xD0E2, 0x7040, 0x3000, 0x6020, 0x8040, 0xB102, 0x7881, 0x4800, 0x5840, 0x2800, 0x7040, 0xC0E1, 0xD902, 0x7881,
  0x2800, 0x3800, 0x8061, 0x9820, 0xA000, 0xA800, 0x8800, 0x70C2, 0x5882, 0xC9E6, 0xCA88, 0xB1A5, 0xC1E5, 0x7124, 0x2020, 0x3041,
  0x4081, 0x4820, 0x7061, 0x3841, 0x3861, 0x2041, 0x3061, 0x3061, 0x1820, 0x1000, 0x0000, 0x0000, 0x0000, 0x0000, 0x1061, 0x28C3,
  0x30E4, 0x5A08, 0x3082, 0x7A49, 0x8ACB, 0xD533, 0x7185, 0x7A69, 0x9144, 0x50A2, 0x48C3, 0x79E8, 0x69E8, 0x8289, 0xDD74, 0x9AEA,
  0x6186, 0xF553, 0xDB6C, 0xEBCC, 0xBA68, 0x28A2, 0x2082, 0x3861, 0x2861, 0x3840, 0x4881, 0x2020, 0x2820, 0x4020, 0x5040, 0x5820,
  0x4800, 0x1000, 0x0000, 0x0000, 0x0000, 0x0000, 0x0000, 0x0000, 0x0000, 0x0000, 0x0001, 0x0000, 0x0021, 0x0842, 0x0821, 0x0001,
  0x0821, 0x1042, 0x0842, 0x0000, 0x0000, 0x0800, 0x1821, 0x1000, 0x0821, 0x1883, 0x2083, 0x2083, 0x3104, 0x1041, 0x0000, 0x0800,
  0x0800, 0x0800, 0x1041, 0x2083, 0x2883, 0x1841, 0x2821, 0x5862, 0x3082, 0x2841, 0x48A2, 0x4861, 0x8A28, 0x69C7, 0x0000, 0x1000,
  0x1800, 0x1800, 0x1041, 0x0020, 0x0800, 0x3020, 0x3820, 0x5820, 0x5820, 0x7861, 0x3841, 0x1800, 0x4041, 0x5061, 0x4841, 0x4020,
  0x5840, 0x3820, 0x2820, 0x4021, 0x2000, 0x5000, 0x9040, 0xC9E5, 0x3841, 0x2000, 0x5000, 0x8840, 0x8000, 0x3800, 0x1800, 0x5000,
  0xA061, 0xC0A1, 0xA020, 0x68A2, 0x1800, 0x80E3, 0xB164, 0xE8E1, 0xCA26, 0xA143, 0x5881, 0x4000, 0xD0A1, 0xE962, 0xE225, 0xD923,
  0x3000, 0x2000, 0x8000, 0x7000, 0x5820, 0x5820, 0x8A27, 0x7144, 0x6041, 0xA0A2, 0x5820, 0x6020, 0xB0E2, 0x6020, 0x3041, 0x91C6,
  0x7944, 0x3841, 0x2000, 0x4082, 0x2841, 0x2861, 0x2041, 0x1000, 0x1000, 0x0800, 0x0000, 0x0000, 0x0821, 0x28C3, 0x4145, 0x51C7,
  0x4904, 0x5966, 0x6A28, 0xBCD2, 0x7A28, 0x8228, 0x50E3, 0x3800, 0x7882, 0x4000, 0x50E3, 0xAB8D, 0x82CB, 0x82AA, 0xFFDE, 0xDD53,
  0x6103, 0xB9A6, 0xEC6F, 0xE34A, 0x30C3, 0x2061, 0x1020, 0x3041, 0x2841, 0x3861, 0x2820, 0x4041, 0x2020, 0x4000, 0x6820, 0x6000,
  0x1000, 0x0000, 0x0000, 0x0000, 0x0000, 0x0000, 0x0021, 0x0000, 0x0000, 0x0000, 0x0841, 0x0000, 0x0821, 0x0842, 0x0821, 0x0800,
  0x1041, 0x1021, 0x0000, 0x0821, 0x0821, 0x0000, 0x0000, 0x0800, 0x1862, 0x2041, 0x1821, 0x1821, 0x28A3, 0x2042, 0x0000, 0x1021,
  0x1041, 0x1042, 0x2083, 0x3082, 0x50E4, 0x38E4, 0x1800, 0x2020, 0x1820, 0x4062, 0x6041, 0x5820, 0x3800, 0x4882, 0x2041, 0x1041,
  0x2841, 0x38A3, 0x3883, 0x6186, 0x2904, 0x1000, 0x3000, 0x4020, 0x5061, 0x3020, 0x0000, 0x1800, 0x4020, 0x6800, 0x98A2, 0x68A2,
  0x2820, 0x2020, 0x2000, 0x3820, 0x3820, 0x3881, 0x3020, 0x7000, 0x4040, 0x1820, 0x3082, 0x4081, 0x2841, 0x58E3, 0x50E3, 0x1000,
  0x4800, 0x6000, 0x5820, 0x3040, 0x6020, 0xC0A1, 0xC1A5, 0x7000, 0xD081, 0xC8E2, 0x8903, 0x5000, 0xB020, 0xB8A1, 0xA8A2, 0x9800,
  0x3800, 0x3861, 0x50E3, 0x8144, 0x58C2, 0x5020, 0xB123, 0xA0C2, 0x6881, 0x8881, 0x6841, 0x9924, 0x98E3, 0x4841, 0x2841, 0x4020,
  0x4041, 0x4882, 0x2020, 0x3041, 0x2840, 0x2841, 0x1800, 0x0800, 0x0000, 0x0000, 0x0000, 0x1882, 0x2082, 0x3945, 0x51A7, 0x5945,
  0x5124, 0xCCD1, 0x92CA, 0x71E7, 0x58C3, 0x70E3, 0x60A3, 0x6145, 0x89A6, 0x8A07, 0x40A2, 0xBC91, 0xA38D, 0x69C7, 0xBC90, 0xED52,
  0x7186, 0x3000, 0x81A5, 0xB9C6, 0x2882, 0x2062, 0x38A2, 0x3082, 0x3041, 0x48A2, 0x3041, 0x3820, 0x4020, 0x4820, 0x6000, 0x1800,
  0x0000, 0x0000, 0x0000, 0x0000, 0x0000, 0x0000, 0x0041, 0x0000, 0x0000, 0x0021, 0x0842, 0x0000, 0x0000, 0x0821, 0x1021, 0x0800,
  0x0000, 0x0000, 0x0862, 0x1883, 0x1042, 0x20C4, 0x1883, 0x0000, 0x1021, 0x2020, 0x2021, 0x1821, 0x1821, 0x2041, 0x30C3, 0x1020,
  0x1821, 0x2862, 0x3061, 0x2041, 0x1800, 0x58E4, 0x3082, 0x0800, 0x2821, 0x3841, 0x4020, 0x4800, 0x3000, 0x7103, 0x48C2, 0x1800,
  0x5862, 0x3841, 0x2821, 0x70A2, 0x9A49, 0x30A2, 0x0800, 0x1000, 0x1800, 0x1800, 0x2861, 0x0000, 0x3000, 0x6000, 0x6000, 0x6020,
  0x3020, 0x3000, 0x78A2, 0x6081, 0x7840, 0xB164, 0x68C3, 0x0800, 0x2800, 0x8041, 0xCA27, 0xDA88, 0x9944, 0x5041, 0x5041, 0x7103,
  0x2020, 0x3041, 0x7965, 0x4081, 0x4800, 0x7800, 0x9840, 0x6081, 0x5800, 0x7800, 0x7061, 0x0800, 0x4800, 0x6800, 0x4800, 0x3820,
  0x8924, 0xC1A5, 0xEA26, 0xC8C2, 0x8800, 0xB985, 0xC227, 0xB184, 0x8903, 0x3000, 0x3800, 0x6820, 0x4800, 0x4861, 0x7924, 0x3041,
  0x2820, 0x1800, 0x1820, 0x2841, 0x1800, 0x1000, 0x0800, 0x0000, 0x0000, 0x0841, 0x20C3, 0x30E4, 0x4166, 0x5A08, 0x6124, 0x9B0A,
  0x7228, 0x5944, 0x2820, 0x5924, 0x50A2, 0x68C3, 0x70A2, 0x58E3, 0x71E7, 0x4904, 0x4904, 0xDE17, 0xFF9D, 0xDD95, 0x6944, 0xA248,
  0x5882, 0x4041, 0x5924, 0x2082, 0x2062, 0x48A2, 0x2841, 0x2841, 0x3841, 0x3020, 0x4040, 0x6820, 0x5020, 0x1800, 0x0000, 0x0000,
  0x0000, 0x0000, 0x0000, 0x0000, 0x0842, 0x0862, 0x0000, 0x0000, 0x0821, 0x0821, 0x0000, 0x0000, 0x0800, 0x0000, 0x0800, 0x0000,
  0x0821, 0x1041, 0x3082, 0x1841, 0x2062, 0x30C4, 0x0000, 0x0800, 0x1000, 0x1820, 0x1020, 0x2821, 0x4041, 0x50A2, 0x0800, 0x1820,
  0x2841, 0x4041, 0x2821, 0x2821, 0x3000, 0x2820, 0x1000, 0x2821, 0x3821, 0x4020, 0x3020, 0x4861, 0x6020, 0x2800, 0x2821, 0x4041,
  0x5861, 0x4841, 0x6000, 0x88A2, 0x7945, 0x1020, 0x1841, 0x4061, 0x4841, 0x58C3, 0x71C7, 0x1061, 0x0800, 0x1800, 0x1800, 0x2020,
  0x3820, 0x6820, 0x7820, 0x9040, 0x8800, 0x8881, 0x2841, 0x3000, 0x5000, 0x8820, 0x8820, 0x3000, 0x1800, 0x1800, 0x2000, 0x5820,
  0x9881, 0xD248, 0xCB4B, 0x4041, 0x1000, 0x4800, 0x5820, 0x2800, 0x6000, 0x2800, 0x60A2, 0x9164, 0x58C2, 0x2000, 0x98C2, 0xE984,
  0xD164, 0xB0E2, 0xB9C5, 0x5841, 0x6861, 0xB8E3, 0xB103, 0x8081, 0x60E3, 0x6103, 0x1000, 0x2041, 0x3041, 0x4841, 0x3861, 0x2861,
  0x1020, 0x1000, 0x1000, 0x0800, 0x0000, 0x0000, 0x0000, 0x1882, 0x28C3, 0x38E4, 0x49A6, 0x51E8, 0x4903, 0x9247, 0xCCD1, 0xBC2F,
  0x9228, 0x68E3, 0x2841, 0x3841, 0x6841, 0x5841, 0x50C3, 0x6186, 0x3061, 0x3882, 0x92EA, 0xDDF6, 0xB3EE, 0x3061, 0xAA89, 0xAA48,
  0xA1E7, 0x48C3, 0x2882, 0x28A2, 0x2841, 0x4881, 0x2841, 0x2000, 0x3820, 0x6040, 0x5820, 0x2800, 0x0000, 0x0000, 0x0000, 0x0000,
  0x0021, 0x0842, 0x0000, 0x0842, 0x0000, 0x0000, 0x0000, 0x0000, 0x0000, 0x0841, 0x0000, 0x0000, 0x0020, 0x0021, 0x0821, 0x1041,
  0x1841, 0x2041, 0x1842, 0x1841, 0x1000, 0x0000, 0x0800, 0x1000, 0x2020, 0x2821, 0x3020, 0x4020, 0x2800, 0x0000, 0x2000, 0x2020,
  0x1820, 0x2821, 0x2000, 0x4021, 0x4061, 0x0800, 0x2020, 0x2820, 0x4020, 0x5041, 0x5841, 0x4820, 0x1000, 0x3020, 0x3821, 0x4020,
  0x7081, 0x6861, 0x4800, 0x3800, 0x1800, 0x3821, 0x80A2, 0x80C2, 0x2000, 0x80E4, 0xBA89, 0x2841, 0x1841, 0x2800, 0x5882, 0x2020,
  0x3000, 0x6000, 0x8000, 0xA061, 0x9081, 0x4020, 0x8861, 0x6861, 0x5820, 0x8041, 0x8144, 0x80E3, 0x2000, 0x5020, 0x88A2, 0x6000,
  0x7800, 0xC0C2, 0x6840, 0x2841, 0x2841, 0x3841, 0xBA88, 0x89E6, 0x4061, 0x90A2, 0x8861, 0xA8E3, 0x4020, 0x7061, 0xA020, 0xA020,
  0x4800, 0x78C2, 0x9103, 0x1000, 0x3800, 0x6821, 0x4841, 0x4041, 0x6082, 0x4081, 0x3861, 0x3861, 0x2020, 0x1820, 0x1820, 0x1000,
  0x1000, 0x0000, 0x0000, 0x0000, 0x0841, 0x2082, 0x3904, 0x4166, 0x7B2C, 0x5986, 0x5103, 0x92C9, 0xCD13, 0x79A6, 0x7924, 0x68E3,
  0x7862, 0x4841, 0x3041, 0x3800, 0x7A49, 0xBC0F, 0xCCD2, 0xC4B1, 0x6124, 0x5924, 0x8A27, 0x6965, 0x6185, 0x3800, 0x9A49, 0x2882,
  0x1861, 0x2861, 0x4081, 0x3820, 0x3841, 0x3840, 0x4020, 0x6820, 0x3000, 0x0800, 0x0000, 0x0000, 0x0021, 0x0000, 0x0021, 0x0021,
  0x0000, 0x0000, 0x0000, 0x0000, 0x0021, 0x0841, 0x0000, 0x0841, 0x0821, 0x0842, 0x1042, 0x1083, 0x0800, 0x1021, 0x2862, 0x1841,
  0x1021, 0x1821, 0x2021, 0x1021, 0x0800, 0x0800, 0x1800, 0x2800, 0x2000, 0x1000, 0x0800, 0x0000, 0x0800, 0x3000, 0x4021, 0x4020,
  0x4820, 0x3000, 0x2841, 0x1061, 0x0000, 0x1000, 0x1800, 0x3000, 0x3000, 0x2000, 0x2061, 0x2800, 0x3800, 0x5061, 0x6061, 0x6040,
  0x6041, 0x5061, 0x2000, 0x4820, 0x4820, 0x7882, 0x4861, 0x5800, 0x9000, 0x6040, 0x1820, 0x2820, 0x3820, 0x5841, 0x58C3, 0x1020,
  0x4800, 0x7800, 0x4020, 0x1800, 0x7000, 0x7861, 0x6841, 0x7820, 0xA881, 0xD0E2, 0x4820, 0x7000, 0xA081, 0x8041, 0x7820, 0x8041,
  0x9881, 0x2800, 0x6841, 0xC8C2, 0xE143, 0xB8E2, 0x8081, 0xCA48, 0x70E3, 0x3020, 0x5041, 0xA144, 0xB185, 0xA944, 0x3000, 0x8882,
  0x88C2, 0x3061, 0x2861, 0x3800, 0x4861, 0x5882, 0x3820, 0x3041, 0x2820, 0x2020, 0x1820, 0x1820, 0x0800, 0x0800, 0x0000, 0x0000,
  0x0020, 0x1061, 0x2082, 0x49A7, 0x51C7, 0x7249, 0x8ACA, 0xA34B, 0x8A68, 0x7A28, 0x8A28, 0x68A2, 0x4861, 0x3821, 0x79E7, 0x78E3,
  0x2841, 0x1882, 0x7269, 0x6165, 0xDE18, 0xB491, 0xB3EF, 0x3882, 0x81A6, 0xDD74, 0x6965, 0x3800, 0x80E4, 0x28A2, 0x2061, 0x50A2,
  0x4041, 0x3840, 0x2820, 0x4040, 0x6040, 0x3000, 0x0800, 0x0000, 0x0000, 0x0000, 0x0000, 0x0000, 0x0000, 0x0000, 0x0000, 0x0021,
  0x0020, 0x0000, 0x1062, 0x0821, 0x0000, 0x0820, 0x0000, 0x0821, 0x1021, 0x2883, 0x1862, 0x0800, 0x1020, 0x2021, 0x2821, 0x1800,
  0x0800, 0x0800, 0x1841, 0x1041, 0x0000, 0x0800, 0x0800, 0x0000, 0x2021, 0x3082, 0x1861, 0x1800, 0x2800, 0x2800, 0x3000, 0x1000,
  0x1000, 0x1841, 0x1820, 0x1820, 0x1841, 0x0000, 0x1820, 0x3081, 0x1020, 0x0800, 0x3000, 0x4820, 0x4020, 0x5820, 0x6020, 0x3041,
  0x1800, 0x6820, 0x7861, 0x7820, 0x9861, 0x7820, 0x4061, 0x3000, 0x1000, 0x4841, 0x7061, 0x6000, 0x88A2, 0x7924, 0x1820, 0x3020,
  0x5882, 0x70E3, 0x3800, 0x6020, 0x6061, 0x80A2, 0x7800, 0x5000, 0x5041, 0x9081, 0x9000, 0xC8A2, 0x98A2, 0x7061, 0xB040, 0x68C2,
  0x7041, 0x6800, 0x7800, 0x4000, 0x7000, 0xB061, 0xD144, 0x7103, 0x5000, 0xA841, 0xA041, 0xA0A2, 0x3800, 0x5800, 0x3000, 0x58A2,
  0x68C2, 0x40A2, 0x2820, 0x2020, 0x2840, 0x40A2, 0x1820, 0x1000, 0x0800, 0x0800, 0x0000, 0x0000, 0x0000, 0x0820, 0x1862, 0x30C4,
  0x30C3, 0x51C7, 0x4945, 0x58E3, 0xA38C, 0xAC90, 0x8206, 0x4041, 0x5000, 0x90C3, 0x6944, 0x4862, 0xAA89, 0x88A2, 0x50A2, 0x1841,
  0x9BCF, 0xB514, 0x938E, 0x8B0C, 0xCCD2, 0x50C3, 0x50A3, 0x81C7, 0x6145, 0x8145, 0x38E3, 0x2061, 0x3861, 0x3040, 0x2020, 0x4820,
  0x7840, 0x4820, 0x1000, 0x0000, 0x0000, 0x0000, 0x0000, 0x0000, 0x0021, 0x0000, 0x0000, 0x0000, 0x0001, 0x1062, 0x1021, 0x0821,
  0x0000, 0x0000, 0x0000, 0x0800, 0x1841, 0x2041, 0x2841, 0x2041, 0x0000, 0x0800, 0x2000, 0x2800, 0x0800, 0x0800, 0x2821, 0x3821,
  0x60A3, 0x3882, 0x1800, 0x1820, 0x2821, 0x3021, 0x3841, 0x50A3, 0x4082, 0x0800, 0x1820, 0x0000, 0x1800, 0x5841, 0x7082, 0x70C3,
  0x5082, 0x2041, 0x3800, 0x4821, 0x68C3, 0x2840, 0x1061, 0x0800, 0x2000, 0x2800, 0x2800, 0x0800, 0x0820, 0x2000, 0x5000, 0x7820,
  0x8040, 0x5020, 0x5820, 0xA144, 0x4841, 0x1800, 0x6800, 0x9944, 0x50C2, 0x2800, 0x7040, 0x5820, 0xA103, 0x80A2, 0x6020, 0x1800,
  0x2000, 0x4800, 0x4800, 0x4820, 0x4000, 0x4800, 0x8840, 0xA840, 0x5800, 0x8020, 0xC8E2, 0x5800, 0x1000, 0x7041, 0x5040, 0x5041,
  0x4820, 0xA164, 0xC0C2, 0xA800, 0x5000, 0x1800, 0x6000, 0x5800, 0x4000, 0x4041, 0x3061, 0x2020, 0x3020, 0x3000, 0x4061, 0x3041,
  0x2841, 0x1820, 0x1800, 0x1000, 0x0800, 0x0000, 0x0000, 0x0000, 0x0841, 0x1882, 0x30E4, 0x41A6, 0x4166, 0x49A7, 0x2861, 0x7A88,
  0x932A, 0x50E3, 0x3841, 0x4081, 0x3020, 0x3020, 0x58A3, 0x6124, 0x7986, 0xB248, 0x98C3, 0x6186, 0x4986, 0x5966, 0x8B6D, 0x4945,
  0xBC50, 0xC3AE, 0x6082, 0x1800, 0x1800, 0x2000, 0x2882, 0x2881, 0x50E3, 0x3040, 0x4020, 0x3820, 0x8020, 0x5000, 0x0800, 0x0000,
  0x0000, 0x0000, 0x0000, 0x0000, 0x0001, 0x0000, 0x0000, 0x0020, 0x0821, 0x0000, 0x0821, 0x0800, 0x0000, 0x1021, 0x1862, 0x0800,
  0x1821, 0x2841, 0x2021, 0x1000, 0x0800, 0x0820, 0x0000, 0x0800, 0x1020, 0x1020, 0x2821, 0x4041, 0x2800, 0x3800, 0x5062, 0x1020,
  0x1800, 0x3021, 0x2821, 0x2000, 0x3000, 0x68C3, 0x2000, 0x1020, 0x1800, 0x2000, 0x4020, 0x4820, 0x4800, 0x88C3, 0x2000, 0x5020,
  0x4820, 0x4000, 0x3020, 0x6924, 0x3841, 0x1841, 0x0800, 0x1000, 0x4041, 0x6145, 0x2820, 0x2000, 0x4800, 0x7820, 0x88A1, 0x5020,
  0x4800, 0x3841, 0x3820, 0x6000, 0xA061, 0x9123, 0x5820, 0xA881, 0xA061, 0x7020, 0x4020, 0x0800, 0x2840, 0x3881, 0x2041, 0x2000,
  0x7061, 0xCA27, 0x8965, 0x0800, 0x4000, 0x4000, 0x7020, 0x6000, 0x68E3, 0x99C6, 0x3000, 0x3800, 0x4021, 0x7020, 0xC8A1, 0xA840,
  0x8000, 0x4861, 0x7124, 0x1820, 0x0800, 0x50C3, 0x4082, 0x3020, 0x3861, 0x3861, 0x2840, 0x2020, 0x2020, 0x1000, 0x0800, 0x0000,
  0x0000, 0x0000, 0x0000, 0x0000, 0x1061, 0x28C3, 0x3945, 0x51C7, 0x3945, 0x3082, 0x61A6, 0x6165, 0xCD12, 0x7A27, 0x9AEB, 0xD289,
  0x8944, 0x2820, 0x30A2, 0x50A3, 0x8104, 0xB289, 0xCACA, 0x4020, 0xAC92, 0x92EB, 0x69C7, 0x82CB, 0x5186, 0x50E4, 0x70A2, 0x80C2,
  0x5145, 0x2882, 0x4903, 0x3061, 0x60C2, 0x3840, 0x3000, 0x5000, 0x6000, 0x2000, 0x0000, 0x0000, 0x0000, 0x0000, 0x0000, 0x0000,
  0x0000, 0x0000, 0x0001, 0x0821, 0x1021, 0x0000, 0x0000, 0x0020, 0x0821, 0x1021, 0x2041, 0x0820, 0x1000, 0x1800, 0x1000, 0x0000,
  0x1842, 0x3083, 0x3062, 0x0800, 0x0821, 0x2020, 0x3020, 0x3020, 0x2820, 0x2000, 0x4861, 0x1820, 0x2800, 0x2800, 0x4841, 0x4820,
  0x3800, 0x5800, 0x4020, 0x2000, 0x4020, 0x2800, 0x4020, 0x3020, 0x4000, 0x6841, 0x3020, 0x4800, 0x6020, 0x4000, 0x3020, 0x5000,
  0x5841, 0x2020, 0x4841, 0x6061, 0x5800, 0x9145, 0xA1A6, 0x2841, 0x1800, 0x2000, 0x3000, 0x2800, 0x2800, 0x60A2, 0x3000, 0x5800,
  0x5000, 0x3800, 0x5020, 0x5820, 0x8840, 0x3800, 0x2820, 0x5821, 0xA881, 0xC923, 0x88E2, 0x4000, 0x8820, 0x9081, 0xB0A2, 0x70A2,
  0x0800, 0x3020, 0x2000, 0x3800, 0x88E3, 0x8882, 0x81A5, 0x40A2, 0x3820, 0x3000, 0x6000, 0x5800, 0x2000, 0x3020, 0xA8C2, 0x6881,
  0x1800, 0x4041, 0x3020, 0x2841, 0x2820, 0x3041, 0x3040, 0x2020, 0x1000, 0x0800, 0x0000, 0x0000, 0x0000, 0x0000, 0x1041, 0x20A3,
  0x20A3, 0x3904, 0x626A, 0x49A7, 0x5144, 0xCCF1, 0xD553, 0x8207, 0x81C6, 0x50A3, 0x5041, 0x70A2, 0x5021, 0x3041, 0x2861, 0x3800,
  0x6000, 0x7861, 0x5840, 0x40E3, 0xCCF3, 0xAB2B, 0x5904, 0xBC92, 0xA38E, 0x2000, 0x8A89, 0x79A5, 0x3882, 0x3042, 0x4061, 0x5881,
  0x3020, 0x3820, 0x6840, 0x6840, 0x1800, 0x0000, 0x0000, 0x0000, 0x0000, 0x0000, 0x0000, 0x0821, 0x0821, 0x0000, 0x0000, 0x0800,
  0x0800, 0x0000, 0x0000, 0x1021, 0x1000, 0x1800, 0x1800, 0x1000, 0x0800, 0x0800, 0x0000, 0x0800, 0x1800, 0x3021, 0x1800, 0x2021,
  0x38A3, 0x0800, 0x3020, 0x4020, 0x2800, 0x3020, 0x4820, 0x1000, 0x1800, 0x2820, 0x4000, 0x5000, 0x3000, 0x5020, 0x2820, 0x1000,
  0x3820, 0x3000, 0x4000, 0x6820, 0x6882, 0x1800, 0x1000, 0x3800, 0x5000, 0x6000, 0x6840, 0x5841, 0x3000, 0x2000, 0x3800, 0x5800,
  0x6840, 0x4800, 0x8861, 0x6881, 0x0820, 0x0800, 0x2020, 0x4041, 0x7881, 0xB9E6, 0x40E3, 0x1800, 0x3020, 0x5020, 0x7820, 0x6040,
  0x6861, 0x2000, 0x4020, 0x5021, 0x4800, 0x7000, 0x6800, 0x3000, 0x3800, 0x3800, 0x4000, 0x5800, 0x3820, 0x88E3, 0x2841, 0x5000,
  0xB185, 0xA040, 0xC985, 0x70C2, 0x60A2, 0x38A2, 0x1800, 0x4020, 0x4061, 0x3882, 0x3800, 0x2800, 0x2020, 0x1800, 0x2020, 0x3061,
  0x2020, 0x1800, 0x1800, 0x1000, 0x0000, 0x0000, 0x0000, 0x0000, 0x0821, 0x1862, 0x4145, 0x38E4, 0x49C7, 0x30E4, 0x4104, 0x40C2,
  0xA36C, 0xBCB1, 0x7207, 0x48C3, 0x5104, 0x3821, 0x4020, 0x89C6, 0x60A3, 0x58C3, 0x3021, 0x1821, 0x2800, 0x3020, 0x38A2, 0x3000,
  0x9A68, 0x9248, 0x5061, 0x7145, 0x4000, 0x8123, 0xD38B, 0x4904, 0x4821, 0x3882, 0x40C2, 0x4881, 0x4020, 0x4020, 0x6040, 0x3000,
  0x0800, 0x0000, 0x0000, 0x0000, 0x0000, 0x0000, 0x0800, 0x0800, 0x0000, 0x0841, 0x0000, 0x0000, 0x0000, 0x0821, 0x0800, 0x1000,
  0x0800, 0x0800, 0x0800, 0x1800, 0x1000, 0x0800, 0x0800, 0x1820, 0x3021, 0x2000, 0x1800, 0x3021, 0x4841, 0x2841, 0x0800, 0x3000,
  0x3000, 0x3800, 0x1800, 0x0020, 0x1800, 0x3820, 0x3000, 0x6820, 0x5820, 0x3800, 0x1000, 0x0800, 0x2800, 0x3800, 0x4800, 0x5000,
  0x4800, 0x5061, 0x2040, 0x2000, 0x6061, 0x3820, 0x4800, 0x9082, 0x3820, 0x1800, 0x4020, 0x4800, 0x8040, 0x8040, 0x6000, 0x3800,
  0x2020, 0x4020, 0x4840, 0x5841, 0x5800, 0xA0C2, 0x90E2, 0x1820, 0x1000, 0x3000, 0x4000, 0x2800, 0x2000, 0x1800, 0x5820, 0x2800,
  0x4820, 0x6820, 0x5841, 0x7082, 0x1840, 0x3020, 0x5020, 0x4000, 0x6061, 0xA0A2, 0x78A2, 0x4800, 0x8861, 0x8041, 0x6800, 0x2800,
  0x70A2, 0xA9C6, 0x4061, 0x3000, 0x5861, 0x68C3, 0x3020, 0x4061, 0x3041, 0x2841, 0x2020, 0x1000, 0x1000, 0x0800, 0x0000, 0x0000,
  0x0000, 0x0000, 0x1061, 0x1882, 0x3125, 0x28C3, 0x51C7, 0x4986, 0x59A6, 0x5185, 0x934C, 0x8269, 0xAC30, 0x6986, 0x7965, 0x6124,
  0x2000, 0x50C3, 0x8985, 0x5000, 0x6104, 0x7166, 0x4841, 0x2041, 0x2841, 0x828A, 0xDDD6, 0xAB6D, 0x6944, 0x2000, 0x68C3, 0x78C3,
  0x9144, 0xDC0D, 0x60A1, 0x2041, 0x4061, 0x6923, 0x3841, 0x5020, 0x6840, 0x3000, 0x0000, 0x0000, 0x0000, 0x0000, 0x0000, 0x0000,
  0x0800, 0x0800, 0x0000, 0x0000, 0x0800, 0x0821, 0x0000, 0x1000, 0x1842, 0x0841, 0x0000, 0x0000, 0x0000, 0x0800, 0x1000, 0x1800,
  0x4041, 0x1820, 0x1800, 0x2800, 0x0800, 0x2820, 0x2800, 0x3800, 0x6041, 0x2020, 0x1000, 0x1000, 0x1000, 0x1800, 0x2020, 0x1020,
  0x1000, 0x2800, 0x3800, 0x3000, 0x1000, 0x2000, 0x3020, 0x2820, 0x1000, 0x1800, 0x2000, 0x4820, 0x6820, 0x3800, 0x0800, 0x3800,
  0x3800, 0x4000, 0x3800, 0x2800, 0x2020, 0x3800, 0x5800, 0x5000, 0x4000, 0x5820, 0x4820, 0x5020, 0x9840, 0x7041, 0x1000, 0x2800,
  0x3800, 0x6000, 0x5061, 0x0800, 0x4841, 0x89A5, 0x48A2, 0x2041, 0x3000, 0x90C2, 0x88A2, 0x9820, 0x5820, 0x5000, 0x9840, 0x8881,
  0x5820, 0x3020, 0x1000, 0x6861, 0x9082, 0x3800, 0x2000, 0x4000, 0x6000, 0x4820, 0x1000, 0x4800, 0x6861, 0x58C2, 0x1000, 0x3020,
  0x3020, 0x2820, 0x3041, 0x1800, 0x2020, 0x1800, 0x0800, 0x0000, 0x0000, 0x0000, 0x0000, 0x0820, 0x20A3, 0x3104, 0x3925, 0x51A6,
  0x59E7, 0x4166, 0x40C3, 0x7164, 0xAB6C, 0x5103, 0x2821, 0x4062, 0x4861, 0x90C3, 0x80E3, 0x3062, 0x2020, 0x9082, 0x8104, 0x89E7,
  0x7882, 0x8166, 0x2000, 0x7ACB, 0xABEF, 0x69A7, 0xAB4C, 0xE575, 0x8186, 0x3000, 0x3000, 0x9A27, 0xB2A8, 0x48C3, 0x3841, 0x3800,
  0x5040, 0x7060, 0x3800, 0x1000, 0x0000, 0x0000, 0x0000, 0x0000, 0x0000, 0x0000, 0x0000, 0x0000, 0x0820, 0x1042, 0x0821, 0x1021,
  0x0800, 0x2020, 0x1800, 0x1000, 0x1821, 0x0800, 0x0000, 0x1020, 0x1821, 0x0800, 0x3841, 0x4061, 0x2020, 0x1000, 0x1800, 0x3020,
  0x4021, 0x3800, 0x4000, 0x2841, 0x1841, 0x1000, 0x4000, 0x4000, 0x5000, 0x70C3, 0x40E3, 0x1000, 0x0800, 0x0800, 0x3000, 0x5000,
  0x6821, 0x8861, 0x70E3, 0x1841, 0x1800, 0x3000, 0x2000, 0x1000, 0x2020, 0x3041, 0x1800, 0x2820, 0x5040, 0x8861, 0x9903, 0x1800,
  0x3000, 0x4000, 0x5020, 0x7820, 0x4800, 0x4000, 0x6820, 0x7020, 0x5841, 0x2820, 0x2000, 0x4820, 0x4041, 0x7082, 0x8040, 0xA861,
  0xC944, 0x8923, 0x2020, 0x6041, 0x7041, 0x3000, 0x2020, 0x2000, 0x3000, 0x4800, 0x6041, 0xA184, 0x5061, 0x8061, 0x6061, 0x2020,
  0x4041, 0x1000, 0x2800, 0x3820, 0x4882, 0x1800, 0x3841, 0x3020, 0x3861, 0x2041, 0x2020, 0x1820, 0x1000, 0x1000, 0x0800, 0x0000,
  0x0000, 0x0000, 0x0000, 0x0820, 0x1041, 0x2082, 0x2882, 0x4166, 0x4125, 0x4925, 0x59C7, 0x4082, 0xA3CE, 0xCD54, 0xB3CE, 0x8A69,
  0x3861, 0x2800, 0x4841, 0x5841, 0x4882, 0x1000, 0x1000, 0x5061, 0x9A69, 0x9144, 0x99A6, 0x80C3, 0x2800, 0x7AAA, 0xAB8E, 0x8AAA,
  0x7145, 0xBA69, 0x8904, 0x48E3, 0x1000, 0x9944, 0xD964, 0xA965, 0x6061, 0x5861, 0x2820, 0x5840, 0x5020, 0x1000, 0x0000, 0x0000,
  0x0000, 0x0000, 0x0000, 0x0000, 0x0000, 0x0000, 0x0000, 0x0800, 0x1021, 0x1021, 0x1041, 0x0800, 0x1000, 0x1000, 0x1000, 0x1800,
  0x1020, 0x1020, 0x0800, 0x1000, 0x0000, 0x2020, 0x4021, 0x4841, 0x2841, 0x1800, 0x2000, 0x2800, 0x2800, 0x1000, 0x1800, 0x3020,
  0x3000, 0x4800, 0x3800, 0x3000, 0x5000, 0x6061, 0x2820, 0x1820, 0x2020, 0x3000, 0x2800, 0x3000, 0x5000, 0x6841, 0x3041, 0x2840,
  0x2841, 0x0800, 0x2800, 0x5020, 0x90C2, 0x58A2, 0x3800, 0x6820, 0x7020, 0xA0A2, 0x3040, 0x0800, 0x4800, 0x4800, 0x2800, 0x5020,
  0x4820, 0x3800, 0x6820, 0x9041, 0x6040, 0x7021, 0x5861, 0x0800, 0x5841, 0x5861, 0x3000, 0x6000, 0xA861, 0x6882, 0x8841, 0xA061,
  0x2000, 0x6040, 0x6061, 0x4081, 0x0800, 0x5000, 0x8020, 0x3800, 0x5020, 0x6061, 0x5061, 0x4041, 0x2841, 0x1800, 0x4840, 0x6061,
  0x3041, 0x2841, 0x1020, 0x1820, 0x1820, 0x2020, 0x1000, 0x0800, 0x0000, 0x0000, 0x0000, 0x0000, 0x0820, 0x20C3, 0x2882, 0x51E8,
  0x3104, 0x3945, 0x5228, 0x4945, 0x7208, 0x830B, 0x79E7, 0x9AEB, 0x7208, 0x58E3, 0x7165, 0x7903, 0x50C3, 0x3021, 0x5861, 0x8165,
  0x5145, 0x6125, 0x9A08, 0x9186, 0x70A2, 0x89C6, 0x5061, 0x2841, 0x9BCF, 0x8AAA, 0x4945, 0x5821, 0x7800, 0x71A7, 0x82AA, 0x2020,
  0x5041, 0x4861, 0x4840, 0x6860, 0x4820, 0x1800, 0x0000, 0x0000, 0x0000, 0x0000, 0x0000, 0x0000, 0x0000, 0x0821, 0x0821, 0x0820,
  0x0800, 0x1821, 0x1000, 0x0800, 0x0821, 0x1021, 0x0820, 0x0800, 0x2000, 0x1000, 0x3001, 0x1000, 0x1000, 0x3841, 0x2061, 0x1800,
  0x1800, 0x3000, 0x2800, 0x1000, 0x1800, 0x1800, 0x2000, 0x4820, 0x2800, 0x2800, 0x3800, 0x3800, 0x5041, 0x3800, 0x6020, 0x4820,
  0x3000, 0x6861, 0x3820, 0x4020, 0x6041, 0x5020, 0x3800, 0x1000, 0x4041, 0x3841, 0x2800, 0x6020, 0x5020, 0x7000, 0x6040, 0x1800,
  0x3800, 0x5000, 0x5000, 0x2000, 0x3020, 0x1000, 0x1020, 0x1820, 0x5800, 0x6841, 0x1800, 0x5061, 0x4841, 0x1800, 0x3820, 0x1000,
  0x5841, 0x9881, 0x70A2, 0x7881, 0x5040, 0x4800, 0x3820, 0x4841, 0x3000, 0x3841, 0x1800, 0x5820, 0x68C2, 0x3061, 0x4041, 0x2000,
  0x2820, 0x3020, 0x2800, 0x2820, 0x3020, 0x4861, 0x2020, 0x2820, 0x2000, 0x2820, 0x2820, 0x1820, 0x1000, 0x0800, 0x0800, 0x0000,
  0x0000, 0x0000, 0x0000, 0x0820, 0x1882, 0x28C3, 0x30E4, 0x5A29, 0x51E8, 0x3904, 0x4104, 0x38C3, 0x6165, 0xABCE, 0x7227, 0x50A2,
  0x50A2, 0x38A3, 0x38A2, 0x5041, 0x7041, 0x58A2, 0x48C3, 0x2800, 0x3821, 0x6904, 0x7904, 0x9945, 0xB125, 0x8124, 0x4800, 0x3882,
  0x61A6, 0x3861, 0x6186, 0x5021, 0x99E7, 0xC30C, 0x40E3, 0x30C3, 0x2841, 0x4061, 0x5061, 0x7060, 0x2000, 0x0000, 0x0000, 0x0000,
  0x0000, 0x0000, 0x0821, 0x0000, 0x0800, 0x0800, 0x0801, 0x1021, 0x0800, 0x1800, 0x0800, 0x0000, 0x1020, 0x2021, 0x2841, 0x1820,
  0x2020, 0x1000, 0x2800, 0x1800, 0x2000, 0x5041, 0x4021, 0x0000, 0x1800, 0x3800, 0x5820, 0x3800, 0x0800, 0x3000, 0x5000, 0x4000,
  0x0800, 0x0800, 0x3800, 0x4800, 0x3800, 0x4800, 0x5800, 0x3000, 0x1000, 0x4000, 0x3800, 0x4000, 0x4800, 0x4000, 0x4020, 0x1800,
  0x5020, 0x6861, 0x3000, 0x6000, 0x5820, 0x8020, 0x6041, 0x2000, 0x3820, 0x1000, 0x2800, 0x6061, 0x7061, 0x6061, 0x4000, 0x4020,
  0x1000, 0x2000, 0x7061, 0xA081, 0xB144, 0x58E3, 0x3041, 0x2820, 0x5800, 0x5000, 0x5020, 0x8861, 0x88A2, 0x1800, 0x2800, 0x68A2,
  0x8103, 0x68A2, 0x2820, 0x3000, 0x80A2, 0x4861, 0x4061, 0x1800, 0x4041, 0x4041, 0x1820, 0x0800, 0x1800, 0x2800, 0x2020, 0x2020,
  0x1800, 0x1800, 0x0800, 0x0800, 0x0000, 0x0000, 0x0000, 0x0000, 0x0000, 0x1041, 0x1882, 0x30C3, 0x4166, 0x4166, 0x4986, 0x51A7,
  0x3041, 0x8AA9, 0xBC2F, 0xDD33, 0xC3EE, 0x7103, 0x3000, 0x4841, 0x88C3, 0x58E4, 0x48A2, 0x4800, 0x6000, 0x40C3, 0x5061, 0x1800,
  0x3061, 0x4841, 0x6082, 0xA986, 0x6000, 0x2800, 0x1000, 0x5986, 0x7A28, 0x5904, 0x9925, 0xB2CB, 0x89A7, 0x9146, 0x2000, 0x4882,
  0x3041, 0x4820, 0x7040, 0x3000, 0x0000, 0x0000, 0x0000, 0x0000, 0x0000, 0x0000, 0x0000, 0x0000, 0x0800, 0x0820, 0x1000, 0x2041,
  0x0820, 0x0800, 0x0800, 0x1000, 0x2000, 0x3020, 0x1800, 0x1800, 0x2800, 0x1800, 0x0800, 0x2000, 0x3000, 0x1800, 0x2000, 0x2041,
  0x1000, 0x4020, 0x7061, 0x5020, 0x4800, 0x1000, 0x2000, 0x3800, 0x4821, 0x4041, 0x1000, 0x3800, 0x5020, 0x4000, 0x2800, 0x1000,
  0x3020, 0x4861, 0x3020, 0x1800, 0x2800, 0x3000, 0x1000, 0x0800, 0x3000, 0x5020, 0x3000, 0x5800, 0x3800, 0x5000, 0x7041, 0x3000,
  0x2000, 0x2800, 0x5800, 0x6841, 0x3820, 0x5020, 0x5020, 0x8882, 0x6040, 0x3800, 0x9041, 0x7841, 0x6800, 0x98A2, 0x3820, 0x3040,
  0x0800, 0x1800, 0x5840, 0x5000, 0x3000, 0x50A2, 0x60C2, 0x2800, 0x5040, 0x3040, 0x2020, 0x2800, 0x3800, 0x3000, 0x3820, 0x4061,
  0x1000, 0x2820, 0x2020, 0x2020, 0x1820, 0x1800, 0x1800, 0x1000, 0x0800, 0x0800, 0x0000, 0x0000, 0x0000, 0x0000, 0x0841, 0x1882,
  0x4166, 0x4145, 0x30C3, 0x4186, 0x38E3, 0x51A6, 0x3020, 0x7AAA, 0x71A6, 0xD4D1, 0xB450, 0x9289, 0x6924, 0xA227, 0x8103, 0x4021,
  0x5820, 0xA8C3, 0x8841, 0x7041, 0x81A6, 0x81C7, 0x78C3, 0xA269, 0x4041, 0x1000, 0x2800, 0x3800, 0x2000, 0x4082, 0x5145, 0x40A2,
  0x3882, 0x4841, 0xA124, 0x8A28, 0x3000, 0x4821, 0x48A3, 0x5861, 0x5820, 0x4000, 0x0800, 0x0000, 0x0000, 0x0000, 0x0000, 0x0000,
  0x0000, 0x0000, 0x0800, 0x0800, 0x0800, 0x1000, 0x0800, 0x1000, 0x2021, 0x1020, 0x1000, 0x1800, 0x3000, 0x1000, 0x1800, 0x3000,
  0x2000, 0x2020, 0x1000, 0x3800, 0x3020, 0x4820, 0x6041, 0x2800, 0x2000, 0x2000, 0x2000, 0x4020, 0x3020, 0x3000, 0x4800, 0x5000,
  0x7820, 0x3000, 0x1000, 0x2000, 0x1800, 0x0800, 0x3800, 0x4000, 0x7020, 0x9081, 0x4041, 0x1800, 0x1800, 0x5061, 0x4041, 0x3820,
  0x4041, 0x3040, 0x2000, 0x4820, 0x4820, 0x3000, 0x1820, 0x1000, 0x5000, 0x4820, 0x4820, 0x3000, 0x2000, 0x2000, 0x7861, 0x5820,
  0x1800, 0x5820, 0x5881, 0x5820, 0x6020, 0x2000, 0x2020, 0x4041, 0x4861, 0x3820, 0x2000, 0x1000, 0x5041, 0x5041, 0x3041, 0x1800,
  0x1820, 0x3841, 0x3041, 0x1800, 0x2820, 0x3020, 0x2820, 0x1000, 0x1000, 0x1000, 0x1000, 0x1000, 0x1000, 0x0800, 0x0000, 0x0000,
  0x0000, 0x0000, 0x0000, 0x1041, 0x2082, 0x28C3, 0x3104, 0x3925, 0x6229, 0x51C7, 0x2082, 0x40C2, 0x8A68, 0xB40E, 0x6228, 0x3061,
  0x5082, 0x6924, 0x5924, 0x2820, 0x5021, 0x68A2, 0x4041, 0x3800, 0x6800, 0x7000, 0x8841, 0x7965, 0x3800, 0x4821, 0xB228, 0x9061,
  0x3020, 0x48C3, 0x1800, 0x4082, 0x9AAA, 0xABCE, 0x5904, 0x7165, 0x3841, 0x7945, 0x7882, 0x4861, 0x58C3, 0x6040, 0x5020, 0x0800,
  0x0000, 0x0000, 0x0000, 0x0000, 0x0000, 0x0000, 0x0820, 0x0800, 0x1021, 0x0800, 0x0800, 0x0000, 0x0800, 0x1800, 0x1800, 0x2000,
  0x3021, 0x1000, 0x2020, 0x1800, 0x2800, 0x2820, 0x1000, 0x2800, 0x2800, 0x2800, 0x4020, 0x4000, 0x2800, 0x2800, 0x3000, 0x3020,
  0x2000, 0x2800, 0x1000, 0x1800, 0x3800, 0x5000, 0x3800, 0x4800, 0x2000, 0x2800, 0x6061, 0x3841, 0x1800, 0x3800, 0x4000, 0x3800,
  0x2800, 0x1020, 0x2000, 0x5800, 0x6000, 0x6820, 0x9081, 0x7861, 0x2020, 0x1000, 0x1000, 0x0800, 0x4841, 0x4041, 0x1800, 0x6041,
  0x7061, 0x6020, 0x7041, 0x6882, 0x2800, 0x3861, 0x3041, 0x1800, 0x3800, 0x5000, 0x3820, 0x2020, 0x4841, 0x3020, 0x6041, 0x5841,
  0x3061, 0x2020, 0x3020, 0x2020, 0x3020, 0x2020, 0x2020, 0x3041, 0x2820, 0x2820, 0x2820, 0x1800, 0x1800, 0x1000, 0x1000, 0x0800,
  0x0000, 0x0000, 0x0000, 0x0000, 0x0000, 0x0000, 0x0800, 0x1862, 0x28C3, 0x30C3, 0x6249, 0x4166, 0x49C7, 0x4166, 0x6A69, 0x4125,
  0x7208, 0x932C, 0xBD34, 0xBCB1, 0x8A48, 0x40A2, 0x5061, 0x9145, 0x2861, 0x58A3, 0x8082, 0x68C3, 0x48E3, 0x1800, 0x4882, 0x89A6,
  0x8104, 0x3800, 0x6985, 0x9228, 0x80A2, 0x7820, 0x3000, 0x4061, 0x9ACB, 0x7229, 0xB3F0, 0x3820, 0x2820, 0x9A08, 0x5841, 0x3000,
  0x4821, 0x6041, 0x6040, 0x6020, 0x1800, 0x0000, 0x0000, 0x0000, 0x0000, 0x0000, 0x0000, 0x0000, 0x0800, 0x0800, 0x0800, 0x1000,
  0x2021, 0x0800, 0x1800, 0x1000, 0x0800, 0x2800, 0x3800, 0x3020, 0x0000, 0x0800, 0x1800, 0x3000, 0x2800, 0x2000, 0x3000, 0x2000,
  0x0000, 0x1800, 0x4820, 0x6021, 0x3800, 0x1000, 0x2000, 0x4800, 0x7081, 0x4061, 0x1800, 0x2000, 0x2000, 0x4041, 0x1000, 0x1800,
  0x4800, 0x6841, 0x2820, 0x3000, 0x3800, 0x2000, 0x1000, 0x2841, 0x1000, 0x3800, 0x3800, 0x4000, 0x5000, 0x5820, 0x4841, 0x4882,
  0x2820, 0x3820, 0x5820, 0x8041, 0x5861, 0x2000, 0x4020, 0x3800, 0x5840, 0x4840, 0x1820, 0x5861, 0x70A2, 0x2020, 0x1800, 0x4861,
  0x1800, 0x3000, 0x4041, 0x2020, 0x2800, 0x3820, 0x3840, 0x3020, 0x2820, 0x2020, 0x1820, 0x1820, 0x1000, 0x1000, 0x1800, 0x1800,
  0x1000, 0x1000, 0x1000, 0x0000, 0x0000, 0x0000, 0x0000, 0x0000, 0x0000, 0x0841, 0x1882, 0x1841, 0x4105, 0x59C7, 0x30C3, 0x59E7,
  0x728A, 0x2841, 0x7186, 0x8A48, 0x7144, 0x4061, 0x4945, 0x4124, 0x58E3, 0x60A2, 0x5081, 0x4882, 0x5021, 0x6882, 0x40A2, 0x4821,
  0x4820, 0x80A3, 0x9186, 0x2861, 0x58C3, 0xB249, 0xC1C6, 0x6020, 0x6862, 0xD269, 0xD1E7, 0x90C3, 0x4841, 0x71A7, 0x7925, 0x5041,
  0x3882, 0x40A2, 0x6966, 0x9945, 0x6061, 0x2861, 0x1000, 0x6840, 0x3000, 0x0000, 0x0000, 0x0000, 0x0000, 0x0000, 0x0000, 0x0800,
  0x0800, 0x0000, 0x1000, 0x1000, 0x1800, 0x1000, 0x1800, 0x3020, 0x1820, 0x1800, 0x0800, 0x1800, 0x2000, 0x2020, 0x1800, 0x3000,
  0x3800, 0x5841, 0x2820, 0x3000, 0x4000, 0x3020, 0x1800, 0x3800, 0x5800, 0x4820, 0x0000, 0x3000, 0x5000, 0x7020, 0x7841, 0x4840,
  0x1000, 0x5821, 0x8082, 0x2020, 0x5041, 0x2020, 0x1000, 0x2000, 0x1000, 0x2020, 0x5020, 0x6041, 0x3841, 0x4061, 0x60A2, 0x3841,
  0x2800, 0x3000, 0x1820, 0x1800, 0x4841, 0x4841, 0x3020, 0x1800, 0x5020, 0x4820, 0x4041, 0x3020, 0x1800, 0x1800, 0x2020, 0x1000,
  0x2800, 0x3820, 0x3040, 0x2020, 0x3841, 0x2020, 0x3000, 0x4820, 0x3840, 0x2000, 0x2820, 0x2820, 0x2840, 0x1000, 0x1800, 0x2020,
  0x1000, 0x1000, 0x1000, 0x0800, 0x0800, 0x0000, 0x0000, 0x0000, 0x0000, 0x0000, 0x0820, 0x0821, 0x1882, 0x30E4, 0x4146, 0x30C4,
  0x3904, 0x5A08, 0x59C7, 0x5166, 0x4924, 0x8A8A, 0x8986, 0xC3AE, 0xD4F3, 0xF5B5, 0x9A69, 0x3020, 0x3000, 0x4861, 0x4041, 0x78C3,
  0x8104, 0x2041, 0x3020, 0x8862, 0x4020, 0x6104, 0xB1A6, 0xA165, 0x91A7, 0x38A2, 0x4000, 0x7000, 0x8208, 0xB9C7, 0xA000, 0x6800,
  0x7861, 0x4020, 0xC34C, 0xBA28, 0x9985, 0x1800, 0x7945, 0xA24A, 0x5821, 0x5000, 0x6946, 0x3000, 0x0000, 0x0000, 0x0000, 0x0000,
  0x0800, 0x0000, 0x0800, 0x0800, 0x1000, 0x1820, 0x1000, 0x1820, 0x0800, 0x0800, 0x1800, 0x1800, 0x2000, 0x5041, 0x3041, 0x1000,
  0x3020, 0x2800, 0x2800, 0x4800, 0x5020, 0x4800, 0x1000, 0x1000, 0x2000, 0x4800, 0x4820, 0x2820, 0x2000, 0x3800, 0x4820, 0x2800,
  0x1800, 0x3800, 0x2800, 0x3820, 0x2800, 0x4020, 0x3000, 0x0800, 0x3800, 0x5041, 0x5040, 0x2820, 0x1020, 0x2800, 0x4820, 0x4820,
  0x1000, 0x2800, 0x5020, 0x5861, 0x1000, 0x2820, 0x3841, 0x2840, 0x2000, 0x1800, 0x2000, 0x3820, 0x2820, 0x2000, 0x4020, 0x4040,
  0x2020, 0x2820, 0x3820, 0x3020, 0x1820, 0x1800, 0x1000, 0x2020, 0x2820, 0x2020, 0x1000, 0x2800, 0x2000, 0x2820, 0x1000, 0x1000,
  0x1820, 0x0800, 0x0800, 0x0000, 0x0000, 0x0000, 0x0000, 0x0000, 0x0000, 0x0000, 0x0000, 0x0841, 0x1041, 0x1861, 0x30C3, 0x3925,
  0x38E4, 0x51A7, 0x6209, 0x5145, 0x6A49, 0x38E3, 0x4861, 0x7965, 0x58E3, 0x6945, 0xAAAA, 0x9B0B, 0x6904, 0x78E4, 0x91C7, 0xA986,
  0x4041, 0x3020, 0x4021, 0x6021, 0x5841, 0x2041, 0x2000, 0x4800, 0x4041, 0x6083, 0x6042, 0x5862, 0x78A3, 0x9104, 0x4020, 0x8082,
  0xC124, 0xC8A3, 0x9062, 0x7062, 0x3820, 0x2861, 0x4800, 0xB882, 0xD1E7, 0x58E3, 0x7862, 0x5821, 0x7082, 0xA1A7, 0x4820, 0x0800,
  0x0000, 0x0000, 0x0000, 0x0000, 0x0000, 0x1000, 0x1000, 0x0800, 0x1800, 0x2820, 0x1000, 0x1800, 0x1800, 0x2800, 0x2020, 0x2800,
  0x3800, 0x4000, 0x3020, 0x1800, 0x4020, 0x2000, 0x2020, 0x2800, 0x3800, 0x3000, 0x4000, 0x5040, 0x1800, 0x4800, 0x5000, 0x5020,
  0x2020, 0x1800, 0x5000, 0x3000, 0x2000, 0x1000, 0x1000, 0x2800, 0x1800, 0x4820, 0x3020, 0x0800, 0x1000, 0x3800, 0x3000, 0x1800,
  0x3840, 0x3820, 0x1800, 0x1800, 0x1000, 0x1800, 0x2000, 0x3000, 0x2000, 0x3000, 0x3820, 0x2000, 0x1820, 0x3041, 0x2000, 0x4020,
  0x3020, 0x2020, 0x2000, 0x2000, 0x1000, 0x2020, 0x1800, 0x2800, 0x2820, 0x2020, 0x2020, 0x0800, 0x0800, 0x1800, 0x1000, 0x2000,
  0x2000, 0x1000, 0x0800, 0x0000, 0x0000, 0x0000, 0x0000, 0x0000, 0x0000, 0x0020, 0x0020, 0x0820, 0x0821, 0x1882, 0x2082, 0x3925,
  0x4166, 0x51E7, 0x6A6A, 0x4925, 0x6229, 0x6229, 0x59C7, 0x50C3, 0x4104, 0x6882, 0xDACA, 0xE3AD, 0xCAEA, 0x4061, 0x5820, 0x5020,
  0x58E3, 0x6082, 0x4800, 0x6841, 0x5041, 0x1800, 0x4020, 0x6041, 0x5904, 0x30A3, 0x4124, 0x4165, 0x2882, 0x1800, 0x2821, 0x2800,
  0x8862, 0xB0C3, 0x6082, 0x5800, 0xA8A2, 0x9000, 0x4800, 0x2000, 0x1000, 0x60E3, 0x4082, 0x4000, 0x9081, 0x68C3, 0x5821, 0x80A3,
  0x6862, 0x0800, 0x0000, 0x0000, 0x0000, 0x0800, 0x0800, 0x0800, 0x1000, 0x0800, 0x1800, 0x2000, 0x1800, 0x2000, 0x3800, 0x2000,
  0x3800, 0x3821, 0x2000, 0x3000, 0x1800, 0x2000, 0x2800, 0x3000, 0x3000, 0x3020, 0x3020, 0x3020, 0x1000, 0x3800, 0x5000, 0x3020,
  0x2800, 0x4800, 0x2000, 0x2820, 0x1800, 0x3000, 0x2000, 0x2000, 0x2020, 0x2800, 0x3000, 0x3000, 0x0800, 0x2800, 0x2000, 0x2820,
  0x2000, 0x1000, 0x2820, 0x3020, 0x2820, 0x2020, 0x1800, 0x2000, 0x2020, 0x1800, 0x2820, 0x2020, 0x2800, 0x2800, 0x1800, 0x2020,
  0x2800, 0x2820, 0x2000, 0x3000, 0x2820, 0x1000, 0x1000, 0x1800, 0x1000, 0x1820, 0x1800, 0x1000, 0x1800, 0x1000, 0x0800, 0x0800,
  0x0800, 0x0800, 0x0000, 0x0000, 0x0000, 0x0000, 0x0000, 0x0000, 0x0000, 0x0020, 0x0821, 0x1861, 0x1862, 0x28A3, 0x2883, 0x2883,
  0x4145, 0x30C3, 0x38E4, 0x4145, 0x6AEC, 0x51A7, 0x7186, 0x61C7, 0x3021, 0x9904, 0xD207, 0x7124, 0x5821, 0xD1E8, 0xC289, 0xC904,
  0x8903, 0x6841, 0x98A2, 0x6000, 0x88C3, 0x9A69, 0x5861, 0x4041, 0x0800, 0x1000, 0x3820, 0x2021, 0x69C7, 0xAAEB, 0xBBCF, 0x89E7,
  0x2020, 0x1820, 0x2000, 0x7021, 0x9041, 0x6861, 0x1800, 0x4000, 0x3000, 0x2820, 0x2020, 0x70A3, 0xDCB2, 0xBB2C, 0x4800, 0x2800,
  0x2000, 0x4800, 0x5041, 0x0000, 0x0000, 0x0000, 0x0000, 0x0800, 0x0800, 0x1000, 0x1000, 0x1000, 0x1800, 0x1800, 0x1800, 0x2000,
  0x2800, 0x1800, 0x3800, 0x3000, 0x1000, 0x3820, 0x2800, 0x3800, 0x5800, 0x4800, 0x3000, 0x1000, 0x4820, 0x3800, 0x3020, 0x1800,
  0x1800, 0x2800, 0x3020, 0x2000, 0x1000, 0x2000, 0x2000, 0x2800, 0x3820, 0x2000, 0x2820, 0x1800, 0x1800, 0x1800, 0x1000, 0x2800,
  0x1800, 0x2000, 0x2820, 0x2000, 0x2000, 0x1800, 0x1000, 0x2000, 0x2000, 0x1800, 0x1800, 0x2000, 0x2000, 0x1000, 0x1000, 0x1000,
  0x1800, 0x2000, 0x1800, 0x1000, 0x1800, 0x2000, 0x1800, 0x0800, 0x1800, 0x1000, 0x0800, 0x0800, 0x0800, 0x0000, 0x0000, 0x0000,
  0x0000, 0x0000, 0x0000, 0x0000, 0x0000, 0x0020, 0x0000, 0x0820, 0x1062, 0x1862, 0x28C3, 0x30C3, 0x30C4, 0x30A3, 0x4945, 0x4946,
  0x4966, 0x4145, 0x5186, 0x38C3, 0x5A08, 0x3082, 0x2820, 0x3800, 0xA249, 0x9269, 0x9883, 0xE2EB, 0xFCB1, 0xCA48, 0x5041, 0x5000,
  0x7800, 0x9841, 0x6000, 0x4000, 0x8000, 0x7841, 0x6082, 0x8125, 0xD1C7, 0xA965, 0x8186, 0x3861, 0x1040, 0x3882, 0x60A3, 0x5062,
  0x3000, 0x4061, 0x8A6A, 0x4882, 0x2000, 0x4800, 0x4000, 0x3000, 0x6165, 0x3882, 0x1000, 0x38A2, 0x7862, 0x90A3, 0xA945, 0x8082,
  0x8041, 0xA207, 0x4040, 0x1800, 0x0000, 0x0000, 0x0000, 0x0000, 0x0800, 0x0800, 0x1000, 0x2021, 0x2020, 0x2800, 0x3821, 0x1800,
  0x2000, 0x4000, 0x3000, 0x3820, 0x3820, 0x1000, 0x2800, 0x3000, 0x3000, 0x2800, 0x3800, 0x2000, 0x1000, 0x1800, 0x1000, 0x1000,
  0x3000, 0x2000, 0x2000, 0x2000, 0x2000, 0x2000, 0x2800, 0x1800, 0x2000, 0x1800, 0x2000, 0x1000, 0x1000, 0x1000, 0x1800, 0x0800,
  0x1800, 0x1000, 0x1800, 0x2000, 0x1000, 0x1800, 0x1800, 0x1000, 0x1820, 0x1000, 0x1000, 0x1800, 0x1000, 0x1800, 0x0800, 0x0800,
  0x0800, 0x0800, 0x0000, 0x0000, 0x0800, 0x0000, 0x0000, 0x0000, 0x0000, 0x0000, 0x0000, 0x0000, 0x0000, 0x0000, 0x0000, 0x0000,
  0x0000, 0x0020, 0x0821, 0x1061, 0x1041, 0x20A3, 0x28C4, 0x30E4, 0x4187, 0x3946, 0x2883, 0x28A3, 0x38C4, 0x5146, 0x6229, 0x4987,
  0x38E4, 0x4125, 0x3104, 0x2841, 0x40E4, 0x30A3, 0x68E4, 0xB28A, 0xB966, 0xCACA, 0x7985, 0x3841, 0x6020, 0x8841, 0xA904, 0x8020,
  0x88E3, 0x50A2, 0x60C3, 0x8062, 0x6020, 0x2000, 0x2000, 0x40A3, 0x3841, 0x6800, 0x6821, 0x70A3, 0xC1E8, 0xA0A2, 0x2841, 0x4041,
  0x6082, 0x2000, 0x3041, 0x7945, 0x90C3, 0x9082, 0x3800, 0x2020, 0x40A3, 0x68A3, 0x80C3, 0x8882, 0x88E3, 0x3041, 0x9041, 0x8904,
  0x5041, 0x5862, 0x6841, 0xD924, 0x7841, 0x0000, 0x0000, 0x0000, 0x0800, 0x1000, 0x1000, 0x1000, 0x2020, 0x2020, 0x2800, 0x3000,
  0x2800, 0x3000, 0x3000, 0x2800, 0x4800, 0x4800, 0x3800, 0x2800, 0x3000, 0x2000, 0x3000, 0x1800, 0x1000, 0x2000, 0x2800, 0x1000,
  0x1800, 0x1000, 0x1000, 0x2000, 0x2000, 0x1000, 0x2000, 0x2000, 0x1000, 0x1000, 0x1000, 0x1000, 0x1000, 0x0800, 0x0800, 0x0800,
  0x1000, 0x1000, 0x0800, 0x0800, 0x0800, 0x0000, 0x0000, 0x0800, 0x0000, 0x0000, 0x0000, 0x0000, 0x0000, 0x0000, 0x0000, 0x0000,
  0x0000, 0x0000, 0x0000, 0x0000, 0x0000, 0x0000, 0x0000, 0x0000, 0x0000, 0x0000, 0x0820, 0x0820, 0x1041, 0x1041, 0x0841, 0x2082,
  0x28C3, 0x28A3, 0x30A3, 0x28A3, 0x4105, 0x3905, 0x3925, 0x3925, 0x28A3, 0x5209, 0x3105, 0x40E4, 0x72CB, 0x38E4, 0x5186, 0x3083,
  0x6105, 0x8A49, 0x50E4, 0x6882, 0xC208, 0x9A07, 0x5862, 0xB0C3, 0xE229, 0xB124, 0xBA48, 0xB9E6, 0x5081, 0x2020, 0x6000, 0x8862,
  0x7103, 0x5020, 0x7062, 0x2800, 0x5021, 0x6800, 0x3861, 0x2861, 0x58E4, 0x68A2, 0x6062, 0x68E3, 0x5000, 0x6800, 0xB062, 0x4841,
  0x2000, 0x60A3, 0x6145, 0x3861, 0x9125, 0x8821, 0x9061, 0x5021, 0x2041, 0x48A3, 0x9945, 0xA186, 0xA8E3, 0xA0E4, 0x1800, 0x8041,
  0x7800, 0x60C3, 0x68C3, 0x5041, 0x7062, 0x0000, 0x0000, 0x0800, 0x1000, 0x0800, 0x1000, 0x1800, 0x1000, 0x2000, 0x2000, 0x2800,
  0x3000, 0x2800, 0x4000, 0x3800, 0x2000, 0x2800, 0x2000, 0x2000, 0x2000, 0x2000, 0x2800, 0x2000, 0x1800, 0x1800, 0x1000, 0x1800,
  0x1000, 0x1000, 0x1800, 0x1000, 0x0800, 0x1000, 0x0800, 0x0800, 0x0800, 0x0000, 0x0000, 0x0000, 0x0000, 0x0000, 0x0000, 0x0000,
  0x0000, 0x0000, 0x0000, 0x0000, 0x0000, 0x0000, 0x0000, 0x0000, 0x0000, 0x0020, 0x0000, 0x0000, 0x0820, 0x0841, 0x1041, 0x0800,
  0x1861, 0x28C3, 0x1841, 0x1862, 0x2082, 0x28A3, 0x2082, 0x30A3, 0x3925, 0x28A3, 0x2883, 0x38C4, 0x4104, 0x3082, 0x38C3, 0x30C3,
  0x38E4, 0x4125, 0x59E8, 0x38C4, 0x6229, 0x4925, 0x4125, 0x40A3, 0x7A8A, 0x4945, 0x40E4, 0x2820, 0x5166, 0x48A3, 0x50A3, 0x2000,
  0x60A3, 0x9166, 0x6945, 0x9862, 0xE2AA, 0xC228, 0x7082, 0x5821, 0x9800, 0x9821, 0x6820, 0xA021, 0x88E3, 0x40A2, 0x2800, 0x4000,
  0x6082, 0x4000, 0x8021, 0x6861, 0x4000, 0x6000, 0x3000, 0x3821, 0x6001, 0x6800, 0xA125, 0xC9E8, 0x7800, 0x7041, 0x9000, 0x4000,
  0x5041, 0x5041, 0x9145, 0x58C3, 0x2000, 0x6904, 0xB8A3, 0x4800, 0x48E4, 0x78E4, 0x88E4, 0xAA08, 0xC9E7, 0x7000, 0x1800, 0x2800,
  0x7882, 0x7021, 0x4800, 0x88E4, 0x0000, 0x0000, 0x0800, 0x0800, 0x0800, 0x1000, 0x2000, 0x2800, 0x2800, 0x3800, 0x4000, 0x3820,
  0x3800, 0x2800, 0x2000, 0x2000, 0x2000, 0x1800, 0x1800, 0x2000, 0x2000, 0x1800, 0x1000, 0x1000, 0x1000, 0x1000, 0x0800, 0x0800,
  0x0000, 0x0000, 0x0000, 0x0000, 0x0000, 0x0000, 0x0000, 0x0000, 0x0000, 0x0000, 0x0000, 0x0000, 0x1041, 0x0821, 0x0820, 0x1062,
  0x1041, 0x2082, 0x28C3, 0x28A3, 0x28C3, 0x1882, 0x1862, 0x2082, 0x3104, 0x28A3, 0x30C4, 0x28A3, 0x28C4, 0x2883, 0x3905, 0x38E4,
  0x4105, 0x38E4, 0x30C3, 0x38E4, 0x3925, 0x3925, 0x38C4, 0x5146, 0x59C8, 0x40E4, 0x4125, 0x5166, 0x4904, 0x5166, 0x59E8, 0x28A3,
  0x3904, 0x59E8, 0x3082, 0x4904, 0x4124, 0x1820, 0x5125, 0x9ACB, 0x69C7, 0x5082, 0xAACB, 0x79E7, 0x6800, 0xDA69, 0xEB6D, 0x9ACB,
  0x2821, 0x2000, 0x2821, 0x6800, 0xC082, 0x8841, 0x5062, 0x8882, 0x8862, 0x5000, 0x5020, 0x8821, 0x3000, 0x5061, 0x3021, 0x2800,
  0x5000, 0x3800, 0x4821, 0x5021, 0x3061, 0x5000, 0x58A2, 0x4021, 0x7021, 0x4800, 0x6800, 0x6800, 0x5020, 0x4000, 0x7061, 0x2000,
  0x1000, 0x3000, 0x4000, 0x70A2, 0x5882, 0x4841, 0x8882, 0x4082, 0x2800, 0x5862, 0x4000, 0xA0E4, 0x98A3, 0x5800, 0x5924, 0x6862,
  0xC8A2, 0xA061, 0x0000, 0x0800, 0x1000, 0x1800, 0x1800, 0x2000, 0x3000, 0x3000, 0x2000, 0x2000, 0x3000, 0x2800, 0x3000, 0x2800,
  0x1800, 0x2000, 0x1000, 0x1800, 0x1800, 0x1000, 0x1000, 0x0800, 0x0000, 0x0000, 0x0000, 0x0000, 0x0000, 0x0000, 0x0000, 0x0000,
  0x0000, 0x0000, 0x0800, 0x1041, 0x1862, 0x1862, 0x1041, 0x28E4, 0x20C3, 0x20A3, 0x28A4, 0x30E4, 0x4987, 0x38E4, 0x2882, 0x4125,
  0x4966, 0x30A3, 0x4987, 0x20A3, 0x2083, 0x5187, 0x3946, 0x28E4, 0x4987, 0x38E4, 0x4145, 0x51C7, 0x30E4, 0x38C4, 0x5166, 0x4125,
  0x30C3, 0x61C7, 0x20A3, 0x1841, 0x59A8, 0x5A29, 0x3020, 0x69C8, 0x4145, 0x1841, 0x1862, 0x2882, 0x0800, 0x3842, 0x81C7, 0x6145,
  0x68E4, 0x924A, 0x7146, 0x3945, 0x40A3, 0xB2CA, 0x5904, 0x8082, 0xBA8A, 0x70E4, 0x8062, 0xA8A2, 0xD041, 0xBA08, 0x3082, 0x4041,
  0x80C3, 0x3000, 0x6000, 0x4800, 0x4800, 0x7021, 0x4021, 0x3041, 0x6021, 0x5820, 0x1800, 0x1820, 0x2820, 0x1800, 0x5821, 0x2800,
  0x0800, 0x0000, 0x3041, 0x8021, 0x7882, 0x1000, 0x2800, 0x5062, 0x6082, 0x5841, 0x7062, 0x7841, 0x6821, 0x2000, 0x1861, 0x1800,
  0x4021, 0x88E3, 0x6041, 0x2000, 0x4861, 0x3061, 0x2800, 0x7862, 0x6862, 0x7842, 0x4800, 0x1800, 0x48A3, 0x5861, 0x0000, 0x1000,
  0x1000, 0x2000, 0x2800, 0x2800, 0x2000, 0x2000, 0x2800, 0x2000, 0x1800, 0x1800, 0x2000, 0x1800, 0x1800, 0x0800, 0x0800, 0x0800,
  0x0800, 0x0000, 0x0000, 0x0000, 0x0000, 0x0000, 0x0000, 0x0000, 0x1041, 0x1041, 0x1062, 0x1862, 0x28E4, 0x1862, 0x28C3, 0x28A3,
  0x2082, 0x30E4, 0x20A3, 0x30E4, 0x1862, 0x28C3, 0x30E4, 0x30C3, 0x3925, 0x2062, 0x6A29, 0x30A3, 0x3062, 0x4125, 0x0821, 0x38C3,
  0x58C4, 0x6125, 0x30E4, 0x2862, 0x28A3, 0x5166, 0x4905, 0x38C3, 0x5105, 0x40C3, 0x28E3, 0x2062, 0x1800, 0x6945, 0x4945, 0x3041,
  0x60C4, 0x6925, 0x3041, 0x78A3, 0x99A7, 0x3821, 0x68A3, 0xA945, 0x79A6, 0x4841, 0x9187, 0x6925, 0x8062, 0x78E4, 0x6841, 0xA28A,
  0x3041, 0x6821, 0x4821, 0x7800, 0x8821, 0x4820, 0x3800, 0x6041, 0xB041, 0x7000, 0x2000, 0x2000, 0x7882, 0x50A3, 0x3020, 0x2820,
  0x4800, 0x2000, 0x2800, 0x8061, 0x7841, 0x4000, 0x6082, 0x7104, 0x60E4, 0x1800, 0x3020, 0x4041, 0x5041, 0x8925, 0x6021, 0x8000,
  0x8041, 0x3061, 0x1000, 0x4000, 0x4800, 0x4800, 0x7861, 0x9041, 0x4021, 0x38A2, 0x4882, 0x1000, 0x2000, 0x3800, 0x2800, 0x1000,
  0x0800, 0x5945, 0x3882, 0x3800, 0x4041, 0x1000, 0x40C3, 0x4061, 0x0000, 0x1000, 0x1000, 0x1000, 0x2000, 0x2000, 0x2000, 0x2000,
  0x1800, 0x2000, 0x1800, 0x1000, 0x1000, 0x0800, 0x0000, 0x0000, 0x0000, 0x0000, 0x0000, 0x0000, 0x0000, 0x0821, 0x0841, 0x1041,
  0x1062, 0x20A3, 0x20A3, 0x30E5, 0x1862, 0x28E4, 0x20A3, 0x20C3, 0x1082, 0x3946, 0x3905, 0x20A3, 0x2061, 0x48C4, 0x7A49, 0x2882,
  0x2801, 0x5987, 0x40C3, 0x79A7, 0x4965, 0x4061, 0x6125, 0x60E4, 0x4904, 0x1000, 0x5882, 0x91A7, 0x6104, 0x5061, 0xAB2C, 0x58A3,
  0x2000, 0x40A3, 0x3883, 0x8987, 0x6186, 0x3800, 0xA083, 0xB28A, 0x6904, 0x4041, 0x7904, 0x9925, 0xA945, 0x9A8A, 0x5062, 0x6021,
  0x8862, 0xB904, 0xB082, 0xD1A6, 0x5924, 0x2821, 0x4821, 0x8882, 0x7882, 0x5841, 0x5800, 0x3821, 0x6862, 0x3820, 0x3800, 0x4821,
  0x5862, 0x3800, 0x7062, 0x7821, 0x5020, 0x2020, 0x3020, 0x4821, 0x4841, 0x2000, 0x1000, 0x2861, 0x1000, 0x3800, 0x5000, 0x5000,
  0x4800, 0x4041, 0x4020, 0x4800, 0x2800, 0x1000, 0x2820, 0x3800, 0x6862, 0x5820, 0x5841, 0x4841, 0x3041, 0x1000, 0x3820, 0x3000,
  0x4000, 0x3800, 0x2000, 0x4021, 0x9966, 0x9987, 0x7882, 0x1800, 0x2041, 0x2882, 0x40E3, 0x6904, 0x70C3, 0x4862, 0x1000, 0x2800,
  0x4841, 0x0800, 0x1800, 0x2000, 0x2000, 0x1800, 0x1800, 0x1800, 0x1800, 0x1000, 0x1000, 0x0800, 0x0000, 0x0000, 0x0000, 0x0000,
  0x0000, 0x0020, 0x0821, 0x1062, 0x1082, 0x1042, 0x20C4, 0x1883, 0x20C4, 0x18A4, 0x20E4, 0x3105, 0x3926, 0x3946, 0x28A3, 0x4987,
  0x28C3, 0x3862, 0x40E4, 0x4083, 0x59E8, 0x1820, 0x5041, 0x60C3, 0x40A3, 0x4062, 0x3041, 0x3020, 0x7062, 0x6165, 0x2000, 0x3800,
  0x60C3, 0x3862, 0x4000, 0x5021, 0x6041, 0x3820, 0x5041, 0x68C3, 0x78E4, 0x48C3, 0x1800, 0x2821, 0x6041, 0x3820, 0x5021, 0x8001,
  0xD229, 0x8145, 0x3061, 0x3800, 0x5821, 0x6001, 0x88A3, 0x6904, 0x4000, 0xA062, 0x88A2, 0x7000, 0xB082, 0x7145, 0x1841, 0x3021,
  0x4841, 0x2000, 0x60A2, 0x68A2, 0x2000, 0x3820, 0x2800, 0x2800, 0x1800, 0x4000, 0x3820, 0x4000, 0x7061, 0x7041, 0x1800, 0x2800,
  0x3800, 0x2800, 0x3020, 0x5862, 0x48A2, 0x4862, 0x2020, 0x2800, 0x2800, 0x3800, 0x70E3, 0x3841, 0x2000, 0x4061, 0x3061, 0x1000,
  0x2800, 0x4000, 0x3000, 0x4041, 0x3821, 0x1000, 0x1000, 0x1800, 0x1000, 0x1800, 0x2000, 0x3082, 0x3041, 0x5021, 0x5041, 0x7882,
  0x4041, 0x1841, 0x60E4, 0x9186, 0xB208, 0x8021, 0x5821, 0x1000, 0x3021, 0x1000, 0x1000, 0x1000, 0x1000, 0x1800, 0x1000, 0x1000,
  0x0800, 0x0000, 0x0000, 0x0000, 0x0000, 0x0000, 0x0000, 0x0821, 0x1062, 0x1062, 0x18A4, 0x18A3, 0x1883, 0x18A4, 0x18A3, 0x20A3,
  0x3925, 0x3904, 0x18A3, 0x1821, 0x48C4, 0x40C3, 0x2821, 0x5145, 0x2820, 0x4841, 0x3061, 0x3062, 0x2021, 0x1820, 0x3820, 0x2800,
  0x2820, 0x5082, 0x3041, 0x1800, 0x3800, 0x2800, 0x1000, 0x1800, 0x3800, 0x4082, 0x2820, 0x2800, 0x3821, 0x3041, 0x2800, 0x3000,
  0x4841, 0x2841, 0x2820, 0x3021, 0x4000, 0x4882, 0x4882, 0x4000, 0x5000, 0x5000, 0x4862, 0x3821, 0x3800, 0x4821, 0x5000, 0x3000,
  0x1800, 0x4800, 0x5000, 0x5000, 0x7000, 0x6000, 0x0800, 0x1000, 0x2820, 0x3020, 0x78C3, 0xA145, 0x3841, 0x2820, 0x1000, 0x0800,
  0x4020, 0x4020, 0x4821, 0x2800, 0x6041, 0x7021, 0x68C3, 0x4041, 0x2800, 0x2800, 0x2000, 0x4821, 0x3800, 0x6882, 0x4882, 0x1000,
  0x0000, 0x3000, 0x4000, 0x4021, 0x4021, 0x7104, 0xA269, 0x3082, 0x1000, 0x2800, 0x1800, 0x1800, 0x2000, 0x4882, 0x50C3, 0x2821,
  0x38C3, 0x1041, 0x2000, 0x7104, 0x8904, 0x6021, 0x7104, 0x8862, 0x3821, 0x1800, 0x3000, 0x3800, 0x90C3, 0x8862, 0x2000, 0x1000,
  0x1000, 0x1000, 0x1000, 0x0800, 0x0000, 0x0000, 0x0000, 0x0000, 0x0020, 0x0841, 0x0842, 0x0842, 0x0841, 0x1042, 0x18A3, 0x3146,
  0x2042, 0x40A4, 0x3126, 0x0821, 0x3082, 0x30C3, 0x2841, 0x50C3, 0x5186, 0x1821, 0x2800, 0x40A2, 0x2041, 0x1800, 0x2820, 0x2000,
  0x2021, 0x30A2, 0x2020, 0x2000, 0x3041, 0x1020, 0x2000, 0x2800, 0x3020, 0x3041, 0x1800, 0x1800, 0x1820, 0x0000, 0x2000, 0x2800,
  0x4061, 0x3841, 0x2000, 0x1820, 0x1020, 0x1000, 0x2000, 0x1800, 0x3820, 0x4041, 0x2800, 0x4000, 0x4041, 0x2800, 0x4020, 0x6061,
  0x1800, 0x2000, 0x4000, 0x4000, 0x4821, 0x1800, 0x2020, 0x2820, 0x6861, 0x70A2, 0x60E4, 0x4020, 0x2800, 0x1000, 0x1800, 0x3020,
  0x3000, 0x4800, 0x4821, 0x1000, 0x3061, 0x0000, 0x2000, 0x3000, 0x2000, 0x2000, 0x2800, 0x4800, 0x6041, 0x3841, 0x1800, 0x1800,
  0x1000, 0x3000, 0x6021, 0x8062, 0x80C4, 0x4841, 0x1000, 0x3041, 0x4861, 0x4000, 0x4841, 0x6821, 0x7821, 0x7904, 0x2041, 0x0800,
  0x2861, 0x3041, 0x6862, 0x8042, 0x70C3, 0x5062, 0x90E4, 0x48C3, 0x3800, 0x4000, 0x4841, 0x60C3, 0x4000, 0x5021, 0x1000, 0x4000,
  0x60C3, 0x4841, 0x6882, 0x0800, 0x0800, 0x0000, 0x0000, 0x0000, 0x0000, 0x0000, 0x0821, 0x1062, 0x0821, 0x1062, 0x1883, 0x1862,
  0x3105, 0x1882, 0x2083, 0x2062, 0x3882, 0x38A3, 0x2083, 0x2862, 0x2862, 0x1000, 0x2020, 0x3000, 0x3000, 0x2061, 0x1800, 0x3041,
  0x2861, 0x1000, 0x3021, 0x1820, 0x0800, 0x1800, 0x48C4, 0x2061, 0x1000, 0x0800, 0x1800, 0x1820, 0x2000, 0x2800, 0x1000, 0x2021,
  0x1821, 0x0800, 0x2862, 0x1820, 0x1800, 0x2820, 0x3041, 0x3021, 0x2020, 0x3882, 0x2061, 0x1820, 0x1000, 0x2800, 0x2000, 0x3000,
  0x3000, 0x0800, 0x1800, 0x3841, 0x1020, 0x1800, 0x3800, 0x4800, 0x2800, 0x1800, 0x2000, 0x6021, 0x8021, 0x4820, 0x3061, 0x3000,
  0x5000, 0x1000, 0x1800, 0x3021, 0x2000, 0x2800, 0x5021, 0x0800, 0x2820, 0x2820, 0x38A2, 0x1020, 0x0800, 0x0800, 0x1000, 0x2000,
  0x2820, 0x7125, 0x8925, 0x2841, 0x3020, 0x4800, 0x6821, 0x4800, 0x5800, 0x7082, 0x2000, 0x4000, 0x4020, 0x4000, 0x6821, 0x7061,
  0x4000, 0x3020, 0x2000, 0x1021, 0x5082, 0x3000, 0x4800, 0x6001, 0x2800, 0x1000, 0x58A3, 0x6061, 0x2800, 0x3821, 0x3021, 0x8904,
  0x5041, 0x2020, 0x3882, 0x50A3, 0x7842, 0x0000, 0x0000, 0x0000, 0x0000, 0x0821, 0x0821, 0x0841, 0x0841, 0x1042, 0x3147, 0x28E4,
  0x1041, 0x2862, 0x38E4, 0x2882, 0x40C3, 0x1820, 0x2021, 0x1000, 0x1800, 0x1820, 0x2862, 0x1000, 0x2021, 0x2021, 0x2821, 0x1841,
  0x0800, 0x0800, 0x1800, 0x1000, 0x1800, 0x1820, 0x1821, 0x2000, 0x58C4, 0x48C3, 0x2861, 0x0800, 0x0800, 0x2082, 0x0820, 0x1000,
  0x2021, 0x2821, 0x4062, 0x3841, 0x2821, 0x3062, 0x1020, 0x0800, 0x1800, 0x4821, 0x4841, 0x5862, 0x68C3, 0x38C3, 0x0820, 0x1000,
  0x1800, 0x1800, 0x2821, 0x4062, 0x3841, 0x2841, 0x1020, 0x1000, 0x2000, 0x2000, 0x2800, 0x4821, 0x3841, 0x2000, 0x2800, 0x2000,
  0x4800, 0x3800, 0x2000, 0x3061, 0x3041, 0x4021, 0x4862, 0x40A2, 0x1800, 0x0800, 0x2000, 0x5041, 0x58A2, 0x58A3, 0x2841, 0x4061,
  0x3061, 0x0000, 0x2000, 0x7062, 0x8062, 0x4841, 0x2800, 0x4821, 0x4020, 0x5062, 0x4800, 0x5041, 0x2000, 0x4800, 0x4820, 0x4821,
  0x5000, 0x4820, 0x2000, 0x3021, 0x2841, 0x1000, 0x3801, 0x7062, 0xA0C3, 0x6082, 0x1841, 0x89A7, 0xA9E7, 0x8841, 0x2820, 0x2000,
  0x2800, 0x2000, 0x3000, 0x1800, 0x50A3, 0x0000, 0x0020, 0x0020, 0x0800, 0x1062, 0x1042, 0x1062, 0x20A4, 0x1041, 0x20A3, 0x1862,
  0x0800, 0x1821, 0x1000, 0x1821, 0x1801, 0x2041, 0x0800, 0x1000, 0x2021, 0x2841, 0x2000, 0x1000, 0x1800, 0x1820, 0x1000, 0x1000,
  0x30A2, 0x1041, 0x1020, 0x2020, 0x1000, 0x2021, 0x2021, 0x1000, 0x1800, 0x1800, 0x3841, 0x3062, 0x1820, 0x2000, 0x0000, 0x1800,
  0x1820, 0x2820, 0x3000, 0x4000, 0x3821, 0x2000, 0x1820, 0x1800, 0x1800, 0x3021, 0x4041, 0x1800, 0x2000, 0x3041, 0x2882, 0x0000,
  0x1000, 0x2821, 0x2821, 0x3000, 0x60A3, 0x3841, 0x3821, 0x2020, 0x1000, 0x1800, 0x2000, 0x3021, 0x3821, 0x1000, 0x0800, 0x1800,
  0x4800, 0x3000, 0x2020, 0x5082, 0x5882, 0x5841, 0x2820, 0x5882, 0x3862, 0x1820, 0x2000, 0x3000, 0x4020, 0x4841, 0x4041, 0x3000,
  0x6041, 0x5861, 0x3000, 0x2800, 0x5000, 0x6841, 0x2000, 0x3000, 0x3000, 0x2000, 0x3000, 0x5841, 0x2000, 0x4000, 0x3800, 0x3820,
  0x2800, 0x4000, 0x5000, 0x4021, 0x48E3, 0x1800, 0x2000, 0x3021, 0x58A2, 0x2020, 0x4062, 0x80E4, 0x5000, 0x5021, 0x2020, 0x0800,
  0x2000, 0x1000, 0x1000, 0x0821, 0x0821, 0x1083, 0x0841, 0x1062, 0x1083, 0x0800, 0x1842, 0x0821, 0x1000, 0x1841, 0x1000, 0x2062,
  0x1041, 0x1000, 0x1020, 0x1000, 0x1000, 0x0800, 0x0000, 0x1800, 0x1000, 0x3841, 0x3882, 0x1841, 0x1000, 0x1800, 0x3021, 0x2021,
  0x40C3, 0x38C3, 0x0800, 0x1800, 0x1800, 0x3041, 0x2020, 0x1000, 0x1800, 0x3841, 0x1800, 0x2000, 0x0800, 0x1000, 0x2020, 0x2000,
  0x1800, 0x2000, 0x3021, 0x3062, 0x0800, 0x1000, 0x1800, 0x2000, 0x3000, 0x3821, 0x2000, 0x1800, 0x3861, 0x1820, 0x1820, 0x2841,
  0x1800, 0x2000, 0x2000, 0x2800, 0x4000, 0x3841, 0x1000, 0x1000, 0x1000, 0x2020, 0x3021, 0x3841, 0x4082, 0x2882, 0x1000, 0x1800,
  0x3021, 0x3000, 0x3800, 0x5041, 0x1800, 0x1000, 0x4861, 0x2020, 0x1800, 0x4801, 0x5042, 0x3020, 0x2000, 0x2800, 0x2800, 0x4821,
  0x2000, 0x2800, 0x6020, 0x6000, 0x2800, 0x3000, 0x5041, 0x2000, 0x2800, 0x5861, 0x2841, 0x1800, 0x2800, 0x2000, 0x2000, 0x5841,
  0x6820, 0x3800, 0x2000, 0x1000, 0x1820, 0x1800, 0x4904, 0x2862, 0x4021, 0x70E4, 0x3021, 0x3021, 0x2841, 0x40E3, 0x38E3, 0x0842,
  0x0841, 0x1083, 0x1082, 0x0000, 0x0821, 0x0821, 0x0800, 0x0000, 0x0000, 0x1021, 0x1021, 0x1000, 0x2841, 0x1841, 0x0800, 0x1821,
  0x1000, 0x1821, 0x1020, 0x1020, 0x2841, 0x1800, 0x3062, 0x2841, 0x2000, 0x1820, 0x1000, 0x1800, 0x2800, 0x40A3, 0x1821, 0x1000,
  0x1800, 0x2000, 0x2820, 0x0800, 0x1000, 0x1800, 0x1000, 0x1820, 0x0800, 0x1800, 0x2820, 0x2000, 0x3821, 0x1800, 0x0800, 0x2841,
  0x1820, 0x1800, 0x1800, 0x2820, 0x2800, 0x3821, 0x1800, 0x2000, 0x4061, 0x1800, 0x1800, 0x1800, 0x2020, 0x2000, 0x1000, 0x3000,
  0x5821, 0x4000, 0x2800, 0x1000, 0x1000, 0x1800, 0x3000, 0x5821, 0x5821, 0x7104, 0x2041, 0x0800, 0x3041, 0x2821, 0x2820, 0x3041,
  0x2020, 0x1800, 0x4061, 0x3041, 0x1000, 0x2800, 0x2800, 0x3021, 0x4021, 0x5082, 0x2800, 0x2800, 0x1000, 0x1000, 0x1800, 0x1800,
  0x1800, 0x2800, 0x4020, 0x2800, 0x1000, 0x0800, 0x40A2, 0x2882, 0x0800, 0x1000, 0x2000, 0x3800, 0x3800, 0x2000, 0x2881, 0x1020,
  0x0000, 0x2020, 0x1800, 0x3061, 0x4882, 0x4041, 0x3041, 0x1800, 0x4041, 0x0000, 0x0021, 0x0000, 0x0821, 0x0001, 0x0000, 0x0820,
  0x0821, 0x0800, 0x0820, 0x0800, 0x0820, 0x0800, 0x2000, 0x1000, 0x1021, 0x1821, 0x1841, 0x1000, 0x2021, 0x3062, 0x3041, 0x2862,
  0x1020, 0x1021, 0x1800, 0x2000, 0x1800, 0x3020, 0x2800, 0x0800, 0x1021, 0x0800, 0x0800, 0x2000, 0x2800, 0x1800, 0x2000, 0x1000,
  0x0000, 0x2000, 0x1800, 0x1000, 0x1800, 0x2000, 0x3020, 0x1000, 0x1000, 0x1000, 0x0000, 0x2000, 0x2800, 0x1000, 0x1000, 0x2020,
  0x1000, 0x2000, 0x3800, 0x1800, 0x1800, 0x1800, 0x3821, 0x2820, 0x2800, 0x3020, 0x2800, 0x4820, 0x2000, 0x0000, 0x0800, 0x2000,
  0x3841, 0x3000, 0x3000, 0x3800, 0x3021, 0x0800, 0x2000, 0x1800, 0x3020, 0x6061, 0x2000, 0x2800, 0x4021, 0x2820, 0x1000, 0x2000,
  0x2020, 0x1800, 0x2800, 0x5862, 0x4862, 0x2820, 0x0800, 0x1000, 0x3041, 0x1820, 0x1000, 0x1000, 0x1800, 0x1800, 0x2820, 0x3841,
  0x5021, 0x68A3, 0x58A3, 0x3062, 0x1000, 0x1800, 0x1000, 0x1841, 0x3082, 0x38A2, 0x0800, 0x0800, 0x1800, 0x3841, 0x4861, 0x2800,
  0x2021, 0x0000, 0x0000, 0x0000, 0x0021, 0x0001, 0x0000, 0x0800, 0x0800, 0x0800, 0x0841, 0x0820, 0x2842, 0x2862, 0x0000, 0x0000,
  0x2041, 0x1020, 0x2862, 0x2083, 0x1000, 0x1800, 0x2821, 0x3841, 0x1020, 0x0000, 0x1000, 0x2000, 0x2020, 0x1000, 0x1000, 0x1800,
  0x2020, 0x1841, 0x0000, 0x0800, 0x1800, 0x1000, 0x0800, 0x0800, 0x0800, 0x1000, 0x1000, 0x1000, 0x0800, 0x1000, 0x1800, 0x1800,
  0x1800, 0x0800, 0x0821, 0x0800, 0x1800, 0x1000, 0x1000, 0x2000, 0x1800, 0x1800, 0x1000, 0x1020, 0x0800, 0x1000, 0x1800, 0x1800,
  0x2800, 0x3020, 0x2000, 0x1000, 0x0800, 0x1841, 0x0000, 0x1800, 0x2800, 0x2800, 0x3000, 0x2800, 0x1800, 0x0800, 0x1800, 0x1800,
  0x2000, 0x1800, 0x2820, 0x3020, 0x2000, 0x2020, 0x1000, 0x1000, 0x1000, 0x2000, 0x2820, 0x3020, 0x3021, 0x2820, 0x1000, 0x2020,
  0x2820, 0x4841, 0x5882, 0x3061, 0x0800, 0x2800, 0x3021, 0x3021, 0x3821, 0x3000, 0x4000, 0x6882, 0x3041, 0x1821, 0x2862, 0x2841,
  0x50A3, 0x8166, 0xAAEB, 0x4104, 0x0000, 0x1000, 0x1000, 0x0800, 0x0000, 0x0000, 0x0021, 0x0821, 0x0000, 0x0020, 0x0800, 0x0821,
  0x1883, 0x1062, 0x1021, 0x1021, 0x2082, 0x1021, 0x1820, 0x0800, 0x2000, 0x3883, 0x3062, 0x1820, 0x1000, 0x2000, 0x1020, 0x0000,
  0x0000, 0x1000, 0x1820, 0x2020, 0x2020, 0x2000, 0x4800, 0x58A3, 0x2861, 0x0000, 0x0000, 0x1800, 0x1800, 0x0800, 0x0800, 0x1000,
  0x2000, 0x1841, 0x0800, 0x0800, 0x0800, 0x0800, 0x0800, 0x1000, 0x2041, 0x1841, 0x0820, 0x0000, 0x0000, 0x0800, 0x0800, 0x0800,
  0x0800, 0x0800, 0x0000, 0x0000, 0x0800, 0x1000, 0x1000, 0x0800, 0x0800, 0x0800, 0x2021, 0x4862, 0x3841, 0x1800, 0x1000, 0x1000,
  0x1000, 0x1000, 0x1000, 0x1000, 0x1000, 0x1800, 0x1000, 0x1000, 0x1800, 0x2020, 0x1000, 0x0800, 0x0800, 0x0800, 0x0800, 0x1800,
  0x2000, 0x1800, 0x1800, 0x1000, 0x2021, 0x6041, 0x7041, 0x5021, 0x4021, 0x3021, 0x1000, 0x3021, 0x2000, 0x2800, 0x2000, 0x2000,
  0x70E3, 0x7061, 0x4041, 0x1020, 0x2800, 0x5801, 0x6021, 0x5800, 0xA082, 0xA165, 0x2841, 0x0001, 0x0021, 0x0821, 0x0841, 0x0000,
  0x0000, 0x0800, 0x1021, 0x1041, 0x0020, 0x0000, 0x2042, 0x1841, 0x2021, 0x1821, 0x1000, 0x3000, 0x3821, 0x1021, 0x0000, 0x0800,
  0x2820, 0x4061, 0x2821, 0x0000, 0x0800, 0x3000, 0x4021, 0x3021, 0x3800, 0x3000, 0x1000, 0x0800, 0x0800, 0x2800, 0x4021, 0x2841,
  0x1800, 0x1000, 0x1800, 0x2800, 0x2862, 0x1020, 0x0000, 0x1000, 0x1800, 0x2000, 0x2000, 0x2020, 0x1020, 0x0800, 0x1021, 0x0000,
  0x1800, 0x2020, 0x2000, 0x1800, 0x30A3, 0x1000, 0x0800, 0x1000, 0x1000, 0x0800, 0x0800, 0x0800, 0x1800, 0x4020, 0x80A2, 0x4800,
  0x1000, 0x0800, 0x0800, 0x0800, 0x2021, 0x2841, 0x1800, 0x1800, 0x0800, 0x0000, 0x1000, 0x4821, 0x6862, 0x7145, 0x3861, 0x1841,
  0x1841, 0x1820, 0x2020, 0x1000, 0x0800, 0x1821, 0x1000, 0x1800, 0x2800, 0x2000, 0x2021, 0x3062, 0x1000, 0x2820, 0x4841, 0x5882,
  0x3841, 0x4800, 0x9062, 0x7020, 0x2800, 0x4821, 0x6861, 0x7000, 0x80C4, 0x9104, 0x0000, 0x0000, 0x10A3, 0x10A3, 0x0041, 0x0000,
  0x1021, 0x1841, 0x1862, 0x0000, 0x0800, 0x0800, 0x1821, 0x3862, 0x3882, 0x1800, 0x2800, 0x2041, 0x2862, 0x1020, 0x1800, 0x2800,
  0x3821, 0x1821, 0x0800, 0x3000, 0x4020, 0x2800, 0x2800, 0x1800, 0x2000, 0x3000, 0x3000, 0x1800, 0x2820, 0x2020, 0x2000, 0x1000,
  0x1800, 0x2000, 0x3000, 0x2820, 0x1000, 0x3000, 0x2000, 0x2800, 0x4841, 0x2000, 0x2021, 0x1000, 0x0800, 0x1800, 0x3000, 0x2800,
  0x2000, 0x1000, 0x1800, 0x2021, 0x2020, 0x1000, 0x1800, 0x2000, 0x1800, 0x2821, 0x1000, 0x2800, 0x5000, 0x3000, 0x1000, 0x1000,
  0x2000, 0x3000, 0x3021, 0x5904, 0x2861, 0x0800, 0x1820, 0x2000, 0x3801, 0x3800, 0x2000, 0x3800, 0x4020, 0x6904, 0x60E3, 0x2020,
  0x1800, 0x1820, 0x1000, 0x3021, 0x3800, 0x3841, 0x4841, 0x60C3, 0x3020, 0x4862, 0x2841, 0x3000, 0x7820, 0x6041, 0x2800, 0x5021,
  0x5021, 0x2000, 0x1000, 0x4000, 0x0000, 0x0000, 0x2105, 0x20E4, 0x0841, 0x0000, 0x0000, 0x0800, 0x1020, 0x2041, 0x0820, 0x1000,
  0x2020, 0x2020, 0x0800, 0x2000, 0x2820, 0x3841, 0x2841, 0x2841, 0x1000, 0x0800, 0x1000, 0x1841, 0x1800, 0x2000, 0x2000, 0x2000,
  0x2800, 0x4000, 0x2000, 0x2800, 0x2000, 0x1800, 0x3000, 0x3061, 0x1000, 0x2000, 0x2800, 0x2800, 0x2800, 0x1820, 0x1800, 0x3020,
  0x1800, 0x1800, 0x2000, 0x3800, 0x3041, 0x1000, 0x2000, 0x2000, 0x2000, 0x3041, 0x2821, 0x2000, 0x5082, 0x6904, 0x1000, 0x1000,
  0x3000, 0x3000, 0x5841, 0x2800, 0x2000, 0x4000, 0x2000, 0x4020, 0x3000, 0x3800, 0x50A3, 0x2000, 0x4041, 0x5082, 0x0800, 0x2800,
  0x3800, 0x5001, 0x4800, 0x3021, 0x4800, 0x4000, 0x2800, 0x5821, 0x5882, 0x1000, 0x3041, 0x3821, 0x3820, 0x5821, 0x6082, 0x5841,
  0x70A2, 0x7841, 0x3000, 0x2020, 0x1800, 0x2800, 0x3820, 0x4041, 0x3000, 0x3821, 0x0000, 0x0821, 0x1062, 0x18A3, 0x1083, 0x18C4,
  0x1082, 0x0000, 0x0821, 0x1021, 0x1000, 0x0800, 0x2000, 0x2041, 0x1000, 0x2021, 0x1800, 0x1800, 0x3821, 0x3062, 0x1000, 0x3021,
  0x3041, 0x0800, 0x0000, 0x1800, 0x1800, 0x1800, 0x1800, 0x1000, 0x4000, 0x2000, 0x2000, 0x4800, 0x6042, 0x6862, 0x2000, 0x2000,
  0x4000, 0x1800, 0x4041, 0x4021, 0x2800, 0x1000, 0x0000, 0x1000, 0x3020, 0x3000, 0x1800, 0x3821, 0x3020, 0x3000, 0x3800, 0x4000,
  0x5000, 0x2800, 0x3820, 0x1820, 0x1000, 0x2800, 0x2800, 0x5000, 0x5021, 0x1800, 0x0800, 0x1800, 0x3800, 0x5821, 0x6820, 0x5000,
  0x3000, 0x2000, 0x3000, 0x1800, 0x4001, 0x4821, 0x6000, 0x7800, 0x7821, 0x4821, 0x8882, 0x6000, 0x3800, 0x2800, 0x0800, 0x1800,
  0x6042, 0x88C3, 0x4841, 0x1000, 0x1000, 0x1800, 0x4800, 0x4800, 0x8882, 0x5924, 0x0000, 0x0800, 0x0821, 0x0000, 0x1083, 0x10A3,
  0x1082, 0x0842, 0x0862, 0x0821, 0x0842, 0x18A3, 0x0800, 0x1041, 0x1062, 0x0821, 0x1000, 0x1000, 0x1800, 0x2800, 0x4041, 0x2021,
  0x2800, 0x3001, 0x1800, 0x2862, 0x1000, 0x0000, 0x1000, 0x3861, 0x3061, 0x1000, 0x0800, 0x2000, 0x3800, 0x3800, 0x3800, 0x4020,
  0x4021, 0x2820, 0x1000, 0x4000, 0x5000, 0x4000, 0x3020, 0x1000, 0x0800, 0x4020, 0x4020, 0x1820, 0x1800, 0x2000, 0x3800, 0x5041,
  0x2000, 0x3800, 0x3000, 0x3020, 0x2020, 0x0800, 0x3000, 0x6820, 0x5800, 0x5800, 0x6041, 0x1800, 0x3000, 0x6020, 0x6800, 0x7861,
  0x5820, 0x5800, 0x7041, 0x5821, 0x1000, 0x2000, 0x2800, 0x4800, 0x6800, 0x5000, 0x5000, 0x6800, 0x5800, 0x5820, 0x4820, 0x1000,
  0x2820, 0x3020, 0x5000, 0x6862, 0x4882, 0x2820, 0x4820, 0x2000, 0x5800, 0x9021, 0x0821, 0x0862, 0x0021, 0x0000, 0x0842, 0x0842,
  0x0021, 0x1082, 0x0020, 0x0821, 0x1042, 0x1041, 0x18A3, 0x1082, 0x2020, 0x1000, 0x1800, 0x1820, 0x1800, 0x2800, 0x1821, 0x2862,
  0x1841, 0x1820, 0x2820, 0x3000, 0x3041, 0x1020, 0x0800, 0x1000, 0x2000, 0x2800, 0x2800, 0x2800, 0x5000, 0x3841, 0x3082, 0x1800,
  0x2000, 0x2800, 0x3800, 0x3000, 0x1800, 0x2000, 0x3800, 0x1820, 0x1000, 0x1800, 0x2800, 0x3821, 0x2800, 0x2000, 0x4021, 0x3000,
  0x0000, 0x0000, 0x1000, 0x3000, 0x3000, 0x4000, 0x4800, 0x1800, 0x3800, 0x4800, 0x4000, 0x2800, 0x2000, 0x2000, 0x5000, 0x2000,
  0x1000, 0x5020, 0x3000, 0x2800, 0x3800, 0x5020, 0x4820, 0x2800, 0x2800, 0x4000, 0x4020, 0x1820, 0x1000, 0x2000, 0x2800, 0x3000,
  0x3841, 0x3821, 0x0001, 0x0000, 0x0000, 0x0000, 0x0000, 0x0000, 0x0000, 0x0000, 0x0000, 0x0800, 0x0000, 0x0821, 0x1042, 0x20C3,
  0x0861, 0x1000, 0x2841, 0x1000, 0x1000, 0x0800, 0x2821, 0x3041, 0x1000, 0x0800, 0x1000, 0x2020, 0x3862, 0x3862, 0x1000, 0x0800,
  0x1000, 0x1800, 0x1000, 0x0800, 0x1800, 0x2020, 0x0800, 0x1000, 0x2800, 0x5000, 0x6820, 0x6000, 0x2800, 0x1000, 0x0800, 0x0800,
  0x1800, 0x2800, 0x2800, 0x2000, 0x2800, 0x2000, 0x0800, 0x1800, 0x3061, 0x1000, 0x1800, 0x1800, 0x2800, 0x2000, 0x0800, 0x1800,
  0x2800, 0x2000, 0x1800, 0x3800, 0x2000, 0x1800, 0x4062, 0x3082, 0x2820, 0x1800, 0x2800, 0x4000, 0x5020, 0x6841, 0x4020, 0x1000,
  0x0800, 0x1820, 0x4904, 0x1841, 0x0000, 0x1000, 0x0841, 0x18E4, 0x0001, 0x0841, 0x0862, 0x0842, 0x0883, 0x0021, 0x0800, 0x0020,
  0x0000, 0x0000, 0x0841, 0x1082, 0x0021, 0x1020, 0x0800, 0x0820, 0x1000, 0x1800, 0x2020, 0x1020, 0x1020, 0x1820, 0x1800, 0x1000,
  0x4021, 0x5882, 0x2020, 0x1000, 0x2800, 0x2800, 0x2800, 0x4000, 0x2000, 0x2020, 0x1000, 0x1000, 0x1800, 0x2800, 0x2800, 0x1000,
  0x0800, 0x1021, 0x0821, 0x0800, 0x1800, 0x2800, 0x0800, 0x1000, 0x2820, 0x2820, 0x5020, 0x5861, 0x4021, 0x2020, 0x1000, 0x0800,
  0x1800, 0x2000, 0x0800, 0x0800, 0x0800, 0x1800, 0x1000, 0x2800, 0x5800, 0x7841, 0x7883, 0x8166, 0x30A2, 0x1000, 0x1800, 0x1000,
  0x2800, 0x3820, 0x3041, 0x2021, 0x5821, 0x89A7, 0x0021, 0x0842, 0x10A4, 0x0883, 0x0001, 0x10E4, 0x10C4, 0x1926, 0x0862, 0x0000,
  0x0000, 0x0000, 0x0000, 0x0841, 0x1082, 0x0821, 0x1842, 0x28A3, 0x1021, 0x1820, 0x1000, 0x2841, 0x2041, 0x1820, 0x2820, 0x2800,
  0x4061, 0x2841, 0x2000, 0x4021, 0x4061, 0x2000, 0x3800, 0x5021, 0x1000, 0x0000, 0x1800, 0x2820, 0x1820, 0x1020, 0x1800, 0x2821,
  0x1000, 0x2021, 0x3882, 0x1020, 0x0800, 0x1800, 0x2800, 0x4821, 0x5021, 0x3000, 0x1800, 0x5041, 0x3861, 0x0800, 0x3841, 0x3000,
  0x3020, 0x1800, 0x2841, 0x3882, 0x1821, 0x1000, 0x5021, 0x5841, 0x4000, 0x5001, 0x5021, 0x3041, 0x2041, 0x2061, 0x0000, 0x1800,
  0x4841, 0x0000, 0x0842, 0x0883, 0x0842, 0x0862, 0x0042, 0x0862, 0x0041, 0x0021, 0x0021, 0x0000, 0x0000, 0x0800, 0x1042, 0x1062,
  0x0000, 0x1021, 0x1882, 0x1041, 0x1021, 0x1841, 0x2882, 0x1841, 0x2000, 0x1800, 0x1800, 0x3862, 0x2020, 0x2800, 0x4821, 0x2820,
  0x0800, 0x2800, 0x1020, 0x0800, 0x2800, 0x4821, 0x2000, 0x0800, 0x2000, 0x3800, 0x2000, 0x2000, 0x4082, 0x3041, 0x0800, 0x0800,
  0x1800, 0x2000, 0x1800, 0x1000, 0x1800, 0x4041, 0x58C3, 0x1800, 0x3001, 0x3041, 0x3841, 0x4801, 0x4000, 0x3841, 0x2841, 0x1000,
  0x2000, 0x3000, 0x2820, 0x2020, 0x0800, 0x0800, 0x4041, 0x58A2, 0x10C4, 0x0021, 0x08A4, 0x320B, 0x0883, 0x0000, 0x0821, 0x1041,
  0x0000, 0x0020, 0x1021, 0x1021, 0x0000, 0x1000, 0x1020, 0x1861, 0x1041, 0x1021, 0x1841, 0x1000, 0x2841, 0x2841, 0x0800, 0x0800,
  0x2020, 0x1820, 0x1000, 0x2041, 0x0800, 0x1800, 0x3000, 0x4082, 0x1000, 0x3000, 0x3841, 0x2800, 0x3020, 0x1800, 0x3021, 0x1820,
  0x0000, 0x0820, 0x0800, 0x0820, 0x0800, 0x2800, 0x3800, 0x3020, 0x2020, 0x2020, 0x0800, 0x2020, 0x3800, 0x2841, 0x1000, 0x2821,
  0x1861, 0x0800, 0x1800, 0x0000, 0x0000, 0x0820, 0x0820, 0x0800, 0x0020, 0x0000, 0x1020, 0x0800, 0x0000, 0x1821, 0x2041, 0x1021,
  0x1000, 0x1821, 0x1041, 0x1021, 0x2021, 0x3021, 0x1800, 0x1800, 0x2820, 0x3041, 0x1800, 0x2041, 0x1041, 0x1800, 0x2000, 0x1800,
  0x3020, 0x2020, 0x1000, 0x0800, 0x1000, 0x3041, 0x2821, 0x3042, 0x3062, 0x0800, 0x1800, 0x0800, 0x2020, 0x2000, 0x3000, 0x3021,
  0x0020, 0x0800, 0x0820, 0x0821, 0x0800, 0x1041, 0x0821, 0x0800, 0x1021, 0x0820, 0x1821, 0x0800, 0x1841, 0x1841, 0x1800, 0x1800,
  0x0800, 0x0820, 0x2082, 0x0020, 0x0800, 0x1000, 0x2800, 0x3041, 0x0800, 0x1021, 0x1800, 0x2821, 0x2841, 0x1800, 0x3841, 0x0000,
  0x0000, 0x0000, 0x0800, 0x0821, 0x1062, 0x1021, 0x0841, 0x0000, 0x0820, 0x0821, 0x0800, 0x0000, 0x0000, 0x0800, 0x1021, 0x0820,
  0x0000, 0x0000, 0x0000, 0x0000, 0x0000,
};
static const uint16_t closed_off[240] = {
  0, 0, 0, 0, 0, 0, 0, 0, 0, 0, 0, 0, 0, 0, 0, 0,
  0, 0, 0, 0, 0, 0, 0, 0, 0, 0, 0, 0, 0, 0, 0, 0,
  0, 0, 0, 0, 0, 0, 0, 0, 0, 0, 0, 0, 0, 0, 0, 0,
  0, 0, 0, 0, 0, 0, 0, 0, 0, 0, 0, 0, 0, 0, 0, 0,
  0, 0, 0, 0, 37, 84, 140, 205, 276, 353, 434, 520, 610, 704, 802, 903,
  1007, 1115, 1225, 1338, 1453, 1570, 1689, 1810, 1933, 2060, 2189, 2319, 2451, 2585, 2721, 2859,
  2999, 3141, 3284, 3429, 3576, 3724, 3873, 4024, 4177, 4331, 4486, 4641, 4797, 4954, 5112, 5271,
  5431, 5591, 5752, 5914, 6076, 6238, 6401, 6563, 6724, 6884, 7045, 7205, 7364, 7524, 7683, 7841,
  7999, 8157, 8314, 8470, 8626, 8782, 8937, 9092, 9246, 9400, 9553, 9705, 9856, 10007, 10157, 10306,
  10455, 10603, 10750, 10897, 11043, 11188, 11333, 11477, 11620, 11762, 11902, 12040, 12177, 12313, 12447, 12579,
  12709, 12837, 12963, 13087, 13209, 13329, 13448, 13563, 13674, 13780, 13882, 13980, 14074, 14162, 14246, 14326,
  14401, 14472, 14531, 14576, 14607, 14624, 14629, 14629, 14629, 14629, 14629, 14629, 14629, 14629, 14629, 14629,
  14629, 14629, 14629, 14629, 14629, 14629, 14629, 14629, 14629, 14629, 14629, 14629, 14629, 14629, 14629, 14629,
  14629, 14629, 14629, 14629, 14629, 14629, 14629, 14629, 14629, 14629, 14629, 14629, 14629, 14629, 14629, 14629,
  14629, 14629, 14629, 14629, 14629, 14629, 14629, 14629, 14629, 14629, 14629, 14629, 14629, 14629, 14629, 14629,
};
static const uint8_t closed_x0[240] = {
  0, 0, 0, 0, 0, 0, 0, 0, 0, 0, 0, 0, 0, 0, 0, 0, 0, 0, 0, 0, 0, 0, 0, 0,
  0, 0, 0, 0, 0, 0, 0, 0, 0, 0, 0, 0, 0, 0, 0, 0, 0, 0, 0, 0, 0, 0, 0, 0,
  0, 0, 0, 0, 0, 0, 0, 0, 0, 0, 0, 0, 0, 0, 0, 0, 0, 0, 0, 119, 114, 110, 106, 102,
  99, 97, 95, 94, 92, 90, 88, 86, 84, 83, 81, 80, 79, 78, 77, 76, 74, 73, 72, 71, 70, 68, 67, 66,
  65, 64, 63, 62, 62, 61, 60, 59, 58, 57, 57, 56, 55, 54, 53, 52, 52, 51, 50, 49, 48, 47, 47, 47,
  47, 46, 46, 46, 45, 45, 45, 44, 44, 44, 44, 43, 43, 43, 42, 42, 42, 41, 41, 41, 40, 40, 40, 39,
  39, 39, 38, 38, 38, 37, 37, 37, 36, 36, 36, 35, 35, 35, 35, 35, 35, 35, 35, 35, 35, 35, 36, 37,
  38, 39, 40, 41, 43, 44, 45, 46, 47, 53, 60, 67, 74, 80, 0, 0, 0, 0, 0, 0, 0, 0, 0, 0,
  0, 0, 0, 0, 0, 0, 0, 0, 0, 0, 0, 0, 0, 0, 0, 0, 0, 0, 0, 0, 0, 0, 0, 0,
  0, 0, 0, 0, 0, 0, 0, 0, 0, 0, 0, 0, 0, 0, 0, 0, 0, 0, 0, 0, 0, 0, 0, 0,
};
static const uint8_t closed_x1[240] = {
  0, 0, 0, 0, 0, 0, 0, 0, 0, 0, 0, 0, 0, 0, 0, 0, 0, 0, 0, 0, 0, 0, 0, 0,
  0, 0, 0, 0, 0, 0, 0, 0, 0, 0, 0, 0, 0, 0, 0, 0, 0, 0, 0, 0, 0, 0, 0, 0,
  0, 0, 0, 0, 0, 0, 0, 0, 0, 0, 0, 0, 0, 0, 0, 0, 0, 0, 0, 156, 161, 166, 171, 173,
  176, 178, 181, 184, 186, 188, 189, 190, 192, 193, 194, 195, 196, 197, 198, 199, 201, 202, 202, 203, 204, 204, 205, 206,
  207, 207, 208, 209, 210, 210, 211, 212, 212, 212, 212, 212, 212, 212, 212, 212, 212, 212, 212, 211, 210, 210, 209, 208,
  207, 207, 206, 205, 205, 204, 203, 202, 202, 201, 200, 199, 199, 198, 197, 196, 196, 194, 193, 192, 191, 190, 189, 188,
  187, 186, 185, 184, 183, 182, 181, 180, 178, 176, 174, 172, 171, 169, 167, 165, 163, 161, 159, 157, 155, 154, 151, 148,
  144, 141, 138, 135, 131, 128, 125, 121, 118, 112, 105, 98, 91, 85, 0, 0, 0, 0, 0, 0, 0, 0, 0, 0,
  0, 0, 0, 0, 0, 0, 0, 0, 0, 0, 0, 0, 0, 0, 0, 0, 0, 0, 0, 0, 0, 0, 0, 0,
  0, 0, 0, 0, 0, 0, 0, 0, 0, 0, 0, 0, 0, 0, 0, 0, 0, 0, 0, 0, 0, 0, 0, 0,
};
static const int16_t up_start[240] = {
  -1, -1, -1, -1, -1, -1, -1, -1, -1, -1, -1, -1, -1, -1, -1, -1,
  -1, -1, -1, -1, -1, -1, -1, -1, -1, -1, -1, -1, -1, -1, -1, -1,
  -1, -1, -1, 2474, 2429, 2384, 2339, 2294, 2246, 2194, 2141, 2089, 2037, 1985, 1932, 1880,
  1861, 1842, 1822, 1803, 1784, 1765, 1746, 1726, 1707, 1688, 1669, 1650, 1630, 1611, 1592, 1573,
  1554, 1537, 1524, 1510, 1496, 1483, 1469, 1455, 1442, 1428, 1415, 1401, 1387, 1374, 1360, 1346,
  1333, 1319, 1306, 1297, 1288, 1279, 1270, 1262, 1253, 1244, 1235, 1227, 1218, 1209, 1200, 1191,
  1183, 1174, 1165, 1156, 1150, 1146, 1142, 1138, 1134, 1130, 1126, 1122, 1118, 1114, 1110, 1106,
  1102, 1098, 1094, 1090, 1086, 1082, 1081, 1080, 1079, 1079, 1078, 1077, 1077, 1076, 1075, 1074,
  1074, 1073, 1072, 1071, 1071, 1070, 1069, 1069, 1069, 1069, 1069, 1069, 1069, 1069, 1069, 1069,
  1069, 1069, 1069, 1069, 1069, 1069, 1069, 1069, 1069, 1072, 1075, 1078, 1081, 1085, 1088, 1091,
  1094, 1097, 1101, 1104, 1107, 1110, 1114, 1117, 1120, 1123, 1128, 1134, 1140, 1146, 1152, 1158,
  1164, 1170, 1177, 1183, 1189, 1195, 1201, 1207, 1213, 1219, 1225, 1231, 1245, 1259, 1273, 1288,
  1302, 1316, 1331, 1345, 1359, 1373, 1388, 1402, 1416, 1431, 1452, 1474, 1497, 1519, 1541, 1564,
  1586, 1608, 1631, 1653, -1, -1, -1, -1, -1, -1, -1, -1, -1, -1, -1, -1,
  -1, -1, -1, -1, -1, -1, -1, -1, -1, -1, -1, -1, -1, -1, -1, -1,
};
static const int16_t up_edge[240] = {
  -1, -1, -1, -1, -1, -1, -1, -1, -1, -1, -1, -1, -1, -1, -1, -1,
  -1, -1, -1, -1, -1, -1, -1, -1, -1, -1, -1, -1, -1, -1, -1, -1,
  -1, -1, -1, 2570, 2525, 2480, 2435, 2390, 2342, 2290, 2237, 2185, 2133, 2081, 2028, 1976,
  1957, 1938, 1918, 1899, 1880, 1861, 1842, 1822, 1803, 1784, 1765, 1746, 1726, 1707, 1688, 1669,
  1650, 1633, 1620, 1606, 1592, 1579, 1565, 1551, 1538, 1524, 1511, 1497, 1483, 1470, 1456, 1442,
  1429, 1415, 1402, 1393, 1384, 1375, 1366, 1358, 1349, 1340, 1331, 1323, 1314, 1305, 1296, 1287,
  1279, 1270, 1261, 1252, 1246, 1242, 1238, 1234, 1230, 1226, 1222, 1218, 1214, 1210, 1206, 1202,
  1198, 1194, 1190, 1186, 1182, 1178, 1177, 1176, 1175, 1175, 1174, 1173, 1173, 1172, 1171, 1170,
  1170, 1169, 1168, 1167, 1167, 1166, 1165, 1165, 1165, 1165, 1165, 1165, 1165, 1165, 1165, 1165,
  1165, 1165, 1165, 1165, 1165, 1165, 1165, 1165, 1165, 1168, 1171, 1174, 1177, 1181, 1184, 1187,
  1190, 1193, 1197, 1200, 1203, 1206, 1210, 1213, 1216, 1219, 1224, 1230, 1236, 1242, 1248, 1254,
  1260, 1266, 1273, 1279, 1285, 1291, 1297, 1303, 1309, 1315, 1321, 1327, 1341, 1355, 1369, 1384,
  1398, 1412, 1427, 1441, 1455, 1469, 1484, 1498, 1512, 1527, 1548, 1570, 1593, 1615, 1637, 1660,
  1682, 1704, 1727, 1749, -1, -1, -1, -1, -1, -1, -1, -1, -1, -1, -1, -1,
  -1, -1, -1, -1, -1, -1, -1, -1, -1, -1, -1, -1, -1, -1, -1, -1,
};
static const int16_t seam[240] = {
  -1, -1, -1, -1, -1, -1, -1, -1, -1, -1, -1, -1, -1, -1, -1, -1,
  -1, -1, -1, -1, -1, -1, -1, -1, -1, -1, -1, -1, -1, -1, -1, -1,
  -1, -1, -1, 2589, 2584, 2579, 2574, 2569, 2564, 2559, 2554, 2548, 2543, 2538, 2533, 2528,
  2523, 2518, 2513, 2508, 2502, 2497, 2492, 2487, 2482, 2477, 2472, 2467, 2463, 2460, 2458, 2456,
  2453, 2451, 2448, 2446, 2444, 2441, 2439, 2436, 2434, 2432, 2429, 2427, 2424, 2422, 2420, 2417,
  2415, 2412, 2410, 2408, 2405, 2403, 2400, 2398, 2396, 2393, 2391, 2388, 2386, 2384, 2381, 2379,
  2376, 2374, 2372, 2369, 2366, 2362, 2358, 2353, 2349, 2345, 2341, 2337, 2333, 2328, 2324, 2320,
  2316, 2312, 2308, 2304, 2299, 2295, 2291, 2287, 2283, 2279, 2274, 2270, 2266, 2262, 2258, 2254,
  2249, 2245, 2241, 2237, 2233, 2229, 2224, 2220, 2216, 2212, 2208, 2204, 2200, 2195, 2191, 2187,
  2183, 2179, 2175, 2170, 2166, 2162, 2156, 2149, 2141, 2133, 2126, 2118, 2111, 2103, 2096, 2088,
  2080, 2073, 2065, 2058, 2050, 2043, 2035, 2027, 2020, 2012, 2005, 1997, 1989, 1982, 1974, 1967,
  1959, 1952, 1944, 1936, 1929, 1921, 1914, 1906, 1899, 1891, 1883, 1876, 1870, 1865, 1860, 1856,
  1851, 1846, 1842, 1837, 1832, 1828, 1823, 1818, 1814, 1809, 1804, 1800, 1795, 1790, 1786, 1781,
  1776, 1772, 1767, 1762, -1, -1, -1, -1, -1, -1, -1, -1, -1, -1, -1, -1,
  -1, -1, -1, -1, -1, -1, -1, -1, -1, -1, -1, -1, -1, -1, -1, -1,
};
static const int16_t lo_edge[240] = {
  -1, -1, -1, -1, -1, -1, -1, -1, -1, -1, -1, -1, -1, -1, -1, -1,
  -1, -1, -1, -1, -1, -1, -1, -1, -1, -1, -1, -1, -1, -1, -1, -1,
  -1, -1, -1, 2599, 2612, 2626, 2639, 2653, 2667, 2680, 2694, 2707, 2721, 2734, 2748, 2762,
  2764, 2766, 2769, 2771, 2773, 2776, 2778, 2781, 2783, 2785, 2788, 2790, 2793, 2795, 2797, 2800,
  2802, 2804, 2807, 2809, 2812, 2814, 2816, 2819, 2821, 2823, 2826, 2828, 2831, 2833, 2835, 2838,
  2840, 2842, 2845, 2842, 2840, 2838, 2835, 2833, 2831, 2828, 2826, 2823, 2821, 2819, 2816, 2814,
  2812, 2809, 2807, 2805, 2802, 2800, 2797, 2795, 2793, 2790, 2788, 2786, 2783, 2781, 2778, 2776,
  2774, 2771, 2769, 2767, 2764, 2762, 2757, 2752, 2748, 2743, 2738, 2733, 2728, 2723, 2718, 2714,
  2709, 2704, 2699, 2694, 2689, 2685, 2680, 2675, 2670, 2665, 2660, 2655, 2651, 2646, 2641, 2636,
  2631, 2626, 2622, 2617, 2612, 2607, 2602, 2597, 2592, 2584, 2576, 2567, 2559, 2550, 2542, 2533,
  2525, 2516, 2508, 2500, 2491, 2483, 2474, 2466, 2457, 2449, 2440, 2432, 2423, 2415, 2406, 2398,
  2389, 2381, 2372, 2360, 2345, 2330, 2315, 2300, 2285, 2270, 2255, 2240, 2225, 2210, 2195, 2180,
  2165, 2150, 2135, 2120, 2101, 2080, 2059, 2037, 2016, 1995, 1973, 1952, 1931, 1909, 1886, 1863,
  1840, 1817, 1794, 1771, -1, -1, -1, -1, -1, -1, -1, -1, -1, -1, -1, -1,
  -1, -1, -1, -1, -1, -1, -1, -1, -1, -1, -1, -1, -1, -1, -1, -1,
};
static const int16_t lo_start[240] = {
  -1, -1, -1, -1, -1, -1, -1, -1, -1, -1, -1, -1, -1, -1, -1, -1,
  -1, -1, -1, -1, -1, -1, -1, -1, -1, -1, -1, -1, -1, -1, -1, -1,
  -1, -1, -1, 2663, 2676, 2690, 2703, 2717, 2731, 2744, 2758, 2771, 2785, 2798, 2812, 2826,
  2828, 2830, 2833, 2835, 2837, 2840, 2842, 2845, 2847, 2849, 2852, 2854, 2857, 2859, 2861, 2864,
  2866, 2868, 2871, 2873, 2876, 2878, 2880, 2883, 2885, 2887, 2890, 2892, 2895, 2897, 2899, 2902,
  2904, 2906, 2909, 2906, 2904, 2902, 2899, 2897, 2895, 2892, 2890, 2887, 2885, 2883, 2880, 2878,
  2876, 2873, 2871, 2869, 2866, 2864, 2861, 2859, 2857, 2854, 2852, 2850, 2847, 2845, 2842, 2840,
  2838, 2835, 2833, 2831, 2828, 2826, 2821, 2816, 2812, 2807, 2802, 2797, 2792, 2787, 2782, 2778,
  2773, 2768, 2763, 2758, 2753, 2749, 2744, 2739, 2734, 2729, 2724, 2719, 2715, 2710, 2705, 2700,
  2695, 2690, 2686, 2681, 2676, 2671, 2666, 2661, 2656, 2648, 2640, 2631, 2623, 2614, 2606, 2597,
  2589, 2580, 2572, 2564, 2555, 2547, 2538, 2530, 2521, 2513, 2504, 2496, 2487, 2479, 2470, 2462,
  2453, 2445, 2436, 2424, 2409, 2394, 2379, 2364, 2349, 2334, 2319, 2304, 2289, 2274, 2259, 2244,
  2229, 2214, 2199, 2184, 2165, 2144, 2123, 2101, 2080, 2059, 2037, 2016, 1995, 1973, 1950, 1927,
  1904, 1881, 1858, 1835, -1, -1, -1, -1, -1, -1, -1, -1, -1, -1, -1, -1,
  -1, -1, -1, -1, -1, -1, -1, -1, -1, -1, -1, -1, -1, -1, -1, -1,
};
static const int16_t eye_top[240] = {
  -1, -1, -1, -1, -1, -1, -1, -1, -1, -1, -1, -1, -1, -1, -1, -1,
  -1, -1, -1, -1, -1, -1, -1, -1, -1, -1, -1, -1, -1, -1, -1, -1,
  -1, -1, -1, 2570, 2525, 2480, 2435, 2390, 2342, 2290, 2237, 2185, 2133, 2081, 2028, 1976,
  1957, 1938, 1918, 1899, 1880, 1861, 1842, 1822, 1803, 1784, 1765, 1746, 1726, 1707, 1688, 1669,
  1650, 1633, 1620, 1606, 1592, 1579, 1565, 1551, 1538, 1524, 1511, 1497, 1483, 1470, 1456, 1442,
  1429, 1415, 1402, 1393, 1384, 1375, 1366, 1358, 1349, 1340, 1331, 1323, 1314, 1305, 1296, 1287,
  1279, 1270, 1261, 1252, 1246, 1242, 1238, 1234, 1230, 1226, 1222, 1218, 1214, 1210, 1206, 1202,
  1198, 1194, 1190, 1186, 1182, 1178, 1177, 1176, 1175, 1175, 1174, 1173, 1173, 1172, 1171, 1170,
  1170, 1169, 1168, 1167, 1167, 1166, 1165, 1165, 1165, 1165, 1165, 1165, 1165, 1165, 1165, 1165,
  1165, 1165, 1165, 1165, 1165, 1165, 1165, 1165, 1165, 1168, 1171, 1174, 1177, 1181, 1184, 1187,
  1190, 1193, 1197, 1200, 1203, 1206, 1210, 1213, 1216, 1219, 1224, 1230, 1236, 1242, 1248, 1254,
  1260, 1266, 1273, 1279, 1285, 1291, 1297, 1303, 1309, 1315, 1321, 1327, 1341, 1355, 1369, 1384,
  1398, 1412, 1427, 1441, 1455, 1469, 1484, 1498, 1512, 1527, 1548, 1570, 1593, 1615, 1637, 1660,
  1682, 1704, 1727, 1749, -1, -1, -1, -1, -1, -1, -1, -1, -1, -1, -1, -1,
  -1, -1, -1, -1, -1, -1, -1, -1, -1, -1, -1, -1, -1, -1, -1, -1,
};
static const int16_t eye_bot[240] = {
  -1, -1, -1, -1, -1, -1, -1, -1, -1, -1, -1, -1, -1, -1, -1, -1,
  -1, -1, -1, -1, -1, -1, -1, -1, -1, -1, -1, -1, -1, -1, -1, -1,
  -1, -1, -1, 2599, 2612, 2626, 2639, 2653, 2667, 2680, 2694, 2707, 2721, 2734, 2748, 2762,
  2764, 2766, 2769, 2771, 2773, 2776, 2778, 2781, 2783, 2785, 2788, 2790, 2793, 2795, 2797, 2800,
  2802, 2804, 2807, 2809, 2812, 2814, 2816, 2819, 2821, 2823, 2826, 2828, 2831, 2833, 2835, 2838,
  2840, 2842, 2845, 2842, 2840, 2838, 2835, 2833, 2831, 2828, 2826, 2823, 2821, 2819, 2816, 2814,
  2812, 2809, 2807, 2805, 2802, 2800, 2797, 2795, 2793, 2790, 2788, 2786, 2783, 2781, 2778, 2776,
  2774, 2771, 2769, 2767, 2764, 2762, 2757, 2752, 2748, 2743, 2738, 2733, 2728, 2723, 2718, 2714,
  2709, 2704, 2699, 2694, 2689, 2685, 2680, 2675, 2670, 2665, 2660, 2655, 2651, 2646, 2641, 2636,
  2631, 2626, 2622, 2617, 2612, 2607, 2602, 2597, 2592, 2584, 2576, 2567, 2559, 2550, 2542, 2533,
  2525, 2516, 2508, 2500, 2491, 2483, 2474, 2466, 2457, 2449, 2440, 2432, 2423, 2415, 2406, 2398,
  2389, 2381, 2372, 2360, 2345, 2330, 2315, 2300, 2285, 2270, 2255, 2240, 2225, 2210, 2195, 2180,
  2165, 2150, 2135, 2120, 2101, 2080, 2059, 2037, 2016, 1995, 1973, 1952, 1931, 1909, 1886, 1863,
  1840, 1817, 1794, 1771, -1, -1, -1, -1, -1, -1, -1, -1, -1, -1, -1, -1,
  -1, -1, -1, -1, -1, -1, -1, -1, -1, -1, -1, -1, -1, -1, -1, -1,
};
static const uint16_t iris_tex[32768] = {
  0x0000, 0x0000, 0x1840, 0x8182, 0xBA22, 0xCAC3, 0xE3C3, 0xF4C6, 0xFC04, 0xEAA2, 0xB962, 0x80A2, 0x80E3, 0x80E3, 0x70C3, 0x5882,
  0x6082, 0x88A2, 0xB8C2, 0xE1C2, 0xDA02, 0xD962, 0xE121, 0xC8E2, 0xB0E2, 0x90A2, 0x80C2, 0x78E3, 0x60C2, 0x58A2, 0x7903, 0x9143,
  0x9103, 0x80C2, 0x88C2, 0x88A2, 0x8061, 0x9903, 0x9923, 0xA0A2, 0xD901, 0xE101, 0xD881, 0xE081, 0xE8A1, 0xE861, 0xD841, 0xB820,
  0x9020, 0x7800, 0x8000, 0x9020, 0x9841, 0x9841, 0x7820, 0x4800, 0x3000, 0x3000, 0x2800, 0x2800, 0x3820, 0x89A3, 0xD4AD, 0xD4AD,
  0x0000, 0x0000, 0x2060, 0x89C2, 0xBA42, 0xC282, 0xE383, 0xF485, 0xF3C4, 0xEA82, 0xB962, 0x88A2, 0x8903, 0x88E3, 0x70C3, 0x60A2,
  0x6082, 0x88A2, 0xB0C2, 0xD9A2, 0xD1C2, 0xD121, 0xE941, 0xD942, 0xC102, 0xA0A2, 0x98E2, 0x9922, 0x7902, 0x7903, 0xA1A4, 0xB9E4,
  0xB1A4, 0xA123, 0xA902, 0xB102, 0xA8E2, 0xB923, 0xB943, 0xA8A2, 0xD101, 0xE961, 0xE0C1, 0xD8A2, 0xE8C2, 0xF0A1, 0xE881, 0xD840,
  0xC061, 0x9840, 0x7800, 0x6000, 0x6020, 0x7020, 0x7020, 0x4800, 0x3800, 0x3000, 0x3000, 0x2800, 0x4840, 0xA245, 0xC369, 0xC369,
  0x0000, 0x0000, 0x2060, 0x9202, 0xC282, 0xC262, 0xDB23, 0xF424, 0xF363, 0xE242, 0xC162, 0x90A2, 0x9103, 0x8903, 0x70E3, 0x60C3,
  0x68A2, 0x90E2, 0xB0C2, 0xD1C3, 0xD1A2, 0xD942, 0xF1A2, 0xE982, 0xD122, 0xB0C2, 0xB102, 0xB962, 0xA183, 0xA184, 0xC205, 0xD225,
  0xCA04, 0xB983, 0xC183, 0xD9C2, 0xD1C2, 0xD183, 0xD1A3, 0xB8E2, 0xD122, 0xE162, 0xD8C1, 0xC881, 0xD881, 0xF0C1, 0xF0C1, 0xF081,
  0xE8C1, 0xC881, 0x8800, 0x5000, 0x3800, 0x4000, 0x3800, 0x3000, 0x3000, 0x3800, 0x3000, 0x2800, 0x5080, 0xB327, 0xAAC6, 0xAAC6,
  0x0000, 0x0000, 0x2880, 0x9A43, 0xCAC3, 0xC262, 0xDB03, 0xEBC4, 0xEB03, 0xDA02, 0xC162, 0x98A2, 0x9903, 0x8903, 0x70E3, 0x68E3,
  0x68C2, 0x9923, 0xA8C2, 0xD1C3, 0xD1C3, 0xD982, 0xF1E2, 0xF1A2, 0xE142, 0xC0E2, 0xC122, 0xD1A3, 0xCA23, 0xC204, 0xD225, 0xD1E4,
  0xC1E4, 0xB163, 0xC9A3, 0xEA83, 0xEAC3, 0xEA63, 0xEA23, 0xD143, 0xD163, 0xD942, 0xC8A1, 0xB041, 0xD040, 0xF081, 0xF0C1, 0xF0C1,
  0xF0C1, 0xE081, 0xA000, 0x5800, 0x3800, 0x2800, 0x2000, 0x2000, 0x2800, 0x3000, 0x3000, 0x2800, 0x60E1, 0xC3CA, 0x9204, 0x9204,
  0x0000, 0x0000, 0x2880, 0xA263, 0xD303, 0xCA82, 0xDB03, 0xEBA4, 0xE2C2, 0xD1C2, 0xC962, 0xA0C2, 0x9903, 0x88E3, 0x70E3, 0x6903,
  0x70E2, 0xA143, 0xA8E2, 0xC983, 0xD1C3, 0xE1E2, 0xF262, 0xF1E2, 0xE9A2, 0xD122, 0xC902, 0xD9C3, 0xDA43, 0xDA04, 0xDA04, 0xD1C3,
  0xB163, 0x9102, 0xB982, 0xEAE3, 0xFB63, 0xFB23, 0xF2C4, 0xEA04, 0xE1A3, 0xD963, 0xC0C2, 0xA061, 0xC040, 0xE840, 0xF081, 0xF881,
  0xF081, 0xE040, 0xA800, 0x7000, 0x4000, 0x2800, 0x2800, 0x2800, 0x2800, 0x2800, 0x2800, 0x3020, 0x7962, 0xCC6C, 0x7142, 0xCC4C,
  0x0000, 0x0000, 0x2880, 0xAAA3, 0xDB43, 0xD2C2, 0xE343, 0xEBA4, 0xDA82, 0xC9A2, 0xC962, 0xA8E2, 0x90E3, 0x80E3, 0x68E3, 0x68E3,
  0x70E2, 0xA163, 0xA902, 0xC142, 0xD1A2, 0xEA42, 0xFAE2, 0xF282, 0xF242, 0xE161, 0xD102, 0xD982, 0xD9C3, 0xD983, 0xE1A4, 0xD9A3,
  0xB143, 0x88A1, 0xA922, 0xE2C3, 0xFBA4, 0xFBA3, 0xFB44, 0xF285, 0xE9E4, 0xD943, 0xC0E2, 0x9061, 0xA040, 0xD040, 0xE840, 0xE840,
  0xE820, 0xD020, 0xB020, 0x9820, 0x6800, 0x4000, 0x3000, 0x2800, 0x2800, 0x2800, 0x2800, 0x3840, 0x9204, 0x2800, 0x58C1, 0xBB68,
  0x0000, 0x0000, 0x30A1, 0xB2C3, 0xE383, 0xDB02, 0xE383, 0xEBC4, 0xDAA2, 0xC9A2, 0xD1A2, 0xB922, 0x90E2, 0x70C2, 0x60C3, 0x60C3,
  0x70C2, 0xA983, 0xB142, 0xC121, 0xD9A2, 0xEAA2, 0xFB62, 0xFB42, 0xFB01, 0xE9E1, 0xD901, 0xD942, 0xC922, 0xC923, 0xD943, 0xD163,
  0xB963, 0x90A2, 0xA0E1, 0xDA23, 0xEB44, 0xFBA4, 0xFB44, 0xF2A5, 0xE9E3, 0xD922, 0xB8C2, 0x8041, 0x8041, 0xA840, 0xC040, 0xC820,
  0xB820, 0xB020, 0xA020, 0xA020, 0x9820, 0x7820, 0x5800, 0x4800, 0x3800, 0x3000, 0x2800, 0x5080, 0xAAA6, 0x2800, 0x4860, 0xAAC6,
  0x0000, 0x0000, 0x30A1, 0xBAC3, 0xEBA3, 0xE342, 0xEBC4, 0xF404, 0xDAA3, 0xC9C1, 0xDA02, 0xC182, 0x88E2, 0x68A2, 0x58A2, 0x58A2,
  0x70C2, 0xB1A3, 0xC1C2, 0xC941, 0xD9E1, 0xF302, 0xFBE2, 0xFC02, 0xFBA1, 0xEA61, 0xE141, 0xD101, 0xB8C2, 0xB8E2, 0xC103, 0xB903,
  0xB943, 0xA8E2, 0xB0E2, 0xC142, 0xDA43, 0xF323, 0xF2C4, 0xEA23, 0xE1A3, 0xD922, 0xC0C2, 0x9841, 0x8841, 0x8020, 0x8820, 0x8820,
  0x7800, 0x7800, 0x6800, 0x7000, 0x8020, 0x9020, 0x8820, 0x8040, 0x7041, 0x4820, 0x2800, 0x58A1, 0xBB48, 0xE590, 0x4040, 0x9A45,
  0x0000, 0x0000, 0x30A1, 0xB2C3, 0xEBC3, 0xEB83, 0xF424, 0xF445, 0xE2E3, 0xD222, 0xE282, 0xCA02, 0x88E2, 0x5882, 0x5082, 0x58A2,
  0x78C2, 0xB9E2, 0xDA62, 0xD9C1, 0xE221, 0xF342, 0xFC43, 0xFC62, 0xFBE1, 0xF2E1, 0xE1C1, 0xC901, 0xA8A2, 0xB0E2, 0xB0C2, 0x98C2,
  0xA0E3, 0xB902, 0xC102, 0xB0C2, 0xC982, 0xEA83, 0xEA23, 0xE182, 0xE9C2, 0xE182, 0xD0C2, 0xC861, 0xA861, 0x8020, 0x7000, 0x6000,
  0x5000, 0x4800, 0x4020, 0x4000, 0x4800, 0x6000, 0x7020, 0x8040, 0x8061, 0x5841, 0x2820, 0x60E1, 0xC3EA, 0x2800, 0x3820, 0x81A3,
  0x0000, 0x0000, 0x30A0, 0xB2A3, 0xEBA3, 0xF3A3, 0xF465, 0xF485, 0xEB23, 0xE2A2, 0xEB22, 0xDA82, 0x9102, 0x5082, 0x4882, 0x5882,
  0x88E1, 0xCA63, 0xEB22, 0xE261, 0xEA61, 0xFB62, 0xFC43, 0xFC63, 0xFC22, 0xFB61, 0xEA41, 0xC122, 0xA0A2, 0xB0E3, 0xA8E2, 0x88C3,
  0x80A2, 0xB0E2, 0xC122, 0xB0C1, 0xC122, 0xEA23, 0xE9C2, 0xE961, 0xF202, 0xE9C2, 0xE0A1, 0xE081, 0xD8C1, 0xB860, 0x9000, 0x6800,
  0x4000, 0x3000, 0x3020, 0x3000, 0x3000, 0x3800, 0x4000, 0x4800, 0x4820, 0x3820, 0x2820, 0x7142, 0xCC6C, 0x2800, 0x3000, 0x7102,
  0x0000, 0x0000, 0x30A0, 0xB282, 0xEBA2, 0xF3C3, 0xF465, 0xF486, 0xEB63, 0xEB22, 0xF3A3, 0xE2E3, 0x9962, 0x5082, 0x4862, 0x6081,
  0x9942, 0xE303, 0xF3C3, 0xF301, 0xF2C1, 0xFB62, 0xFBE3, 0xFC02, 0xFC02, 0xFB81, 0xF2C2, 0xC982, 0x98C2, 0xB0E2, 0xA8E3, 0x78C3,
  0x7082, 0xA8E2, 0xC982, 0xC121, 0xC921, 0xE9C1, 0xE9A1, 0xE961, 0xF1C1, 0xE961, 0xE081, 0xE861, 0xE8E2, 0xD8A1, 0xB820, 0x8800,
  0x5000, 0x3000, 0x2800, 0x2800, 0x2800, 0x2800, 0x2800, 0x3000, 0x2800, 0x2000, 0x3020, 0x89C3, 0x2800, 0x2000, 0x2800, 0x5081,
  0x0000, 0x0000, 0x3080, 0xAA42, 0xEB82, 0xF3C3, 0xF465, 0xF465, 0xF383, 0xF3A2, 0xF404, 0xEB63, 0xA1A2, 0x5882, 0x4862, 0x6881,
  0xB1A2, 0xEB83, 0xFC43, 0xFBA2, 0xF321, 0xFB82, 0xFB82, 0xFB82, 0xFBC1, 0xFB61, 0xF2E2, 0xC9A2, 0x90A2, 0xA0C2, 0xA0E3, 0x80C3,
  0x8082, 0xB901, 0xE202, 0xD9E1, 0xD961, 0xE9A1, 0xF1C1, 0xF181, 0xE961, 0xE0E1, 0xE081, 0xE081, 0xE8E1, 0xE0A1, 0xC820, 0xA800,
  0x7000, 0x4000, 0x2800, 0x2800, 0x2000, 0x2000, 0x2000, 0x2000, 0x2800, 0x2000, 0x4040, 0x9A85, 0x2800, 0x2800, 0x2800, 0x4040,
  0x0000, 0x0000, 0x3080, 0xAA22, 0xEB62, 0xF3E3, 0xF445, 0xF405, 0xF363, 0xF3E3, 0xF464, 0xEBC4, 0xA9E2, 0x60A2, 0x5062, 0x70A1,
  0xC222, 0xF3C4, 0xFC84, 0xFC23, 0xFBA1, 0xFBA2, 0xFB22, 0xFB22, 0xFB61, 0xFB01, 0xF2A1, 0xD182, 0x8881, 0x8082, 0x88C3, 0x88E3,
  0xA0A2, 0xD142, 0xF242, 0xF221, 0xF1E1, 0xF1E0, 0xE981, 0xF181, 0xF1A1, 0xE121, 0xE0C1, 0xE0C1, 0xE0E2, 0xD081, 0xC820, 0xC040,
  0xA020, 0x6000, 0x3000, 0x2820, 0x2000, 0x1800, 0x1800, 0x1800, 0x2000, 0x2000, 0x4880, 0xAB07, 0x3800, 0x4020, 0x4841, 0x4840,
  0x0000, 0x0000, 0x3080, 0xA9E1, 0xEB62, 0xF3E3, 0xF405, 0xEB84, 0xEB43, 0xF403, 0xFC84, 0xF3E4, 0xBA22, 0x60A2, 0x5862, 0x80C1,
  0xD263, 0xFBE4, 0xFC84, 0xFC63, 0xFBC1, 0xFBA2, 0xFB02, 0xFAC1, 0xFAE1, 0xFA81, 0xF201, 0xD141, 0x8881, 0x7082, 0x78A3, 0x90E3,
  0xB0C3, 0xD942, 0xF222, 0xF1E1, 0xF1C0, 0xF1E0, 0xE940, 0xE941, 0xF202, 0xF1C2, 0xE961, 0xE961, 0xD8E1, 0xC081, 0xC060, 0xD080,
  0xC040, 0x9000, 0x5000, 0x3800, 0x2800, 0x1800, 0x1800, 0x1800, 0x1800, 0x2000, 0x58A1, 0xBB68, 0x6040, 0x8081, 0x90C1, 0x6860,
  0x0000, 0x0000, 0x3060, 0xA9E1, 0xEB62, 0xF3E3, 0xF3E4, 0xEB24, 0xEB22, 0xF403, 0xF484, 0xF404, 0xBA42, 0x68C2, 0x6082, 0x90E1,
  0xDAA3, 0xFBE3, 0xFC64, 0xFC24, 0xFBA2, 0xFB82, 0xFAC2, 0xFAA2, 0xFA81, 0xF221, 0xE981, 0xD101, 0x9881, 0x7882, 0x70A2, 0x88E3,
  0xB8E3, 0xD942, 0xE9E2, 0xE161, 0xE960, 0xF1A0, 0xE900, 0xE8E0, 0xF1A1, 0xF9E2, 0xF1C1, 0xF1A2, 0xE101, 0xD0C1, 0xC8A1, 0xC881,
  0xC040, 0xB000, 0x8000, 0x5000, 0x3000, 0x2000, 0x1800, 0x1800, 0x1800, 0x2800, 0x68E1, 0xBB68, 0xDCEE, 0xDD0E, 0xDD2F, 0xDD4F,
  0x0000, 0x0000, 0x3060, 0xA9E1, 0xEB82, 0xF403, 0xF3C4, 0xE2C3, 0xE2E2, 0xEBE3, 0xF443, 0xF3E3, 0xC242, 0x70C2, 0x68A2, 0x9921,
  0xE2E3, 0xFBE3, 0xFC04, 0xF3C3, 0xF342, 0xFB42, 0xFAA2, 0xFA82, 0xF221, 0xF1A1, 0xE921, 0xD0E1, 0xA881, 0x8882, 0x7882, 0x80A2,
  0xB123, 0xD143, 0xE182, 0xD121, 0xE0E1, 0xE920, 0xE8E0, 0xE8A0, 0xE921, 0xF181, 0xF1A1, 0xE941, 0xE8E1, 0xE8C1, 0xE0C1, 0xD0C1,
  0xB861, 0xA840, 0x8820, 0x5800, 0x3800, 0x2000, 0x1800, 0x1000, 0x1800, 0x2800, 0x7101, 0xBBA9, 0xD4EE, 0xB0A0, 0xB900, 0xC9A0,
  0x0000, 0x0000, 0x3060, 0xB201, 0xEBA2, 0xFC23, 0xF3C4, 0xE2C3, 0xE2A2, 0xEB82, 0xF403, 0xF3A3, 0xC222, 0x78C2, 0x78E2, 0xA962,
  0xE303, 0xFBE3, 0xFBC3, 0xF343, 0xF2E2, 0xF2E2, 0xF262, 0xF282, 0xF1E1, 0xE941, 0xE102, 0xC8C2, 0xB082, 0x9882, 0x8881, 0x88C2,
  0xB123, 0xC963, 0xD9C3, 0xD162, 0xD0E1, 0xD0C1, 0xD8C1, 0xE0C1, 0xE8E0, 0xF141, 0xF141, 0xE8E1, 0xE8A0, 0xE880, 0xE880, 0xD8A1,
  0xB860, 0xA020, 0x7020, 0x4800, 0x3000, 0x3000, 0x2000, 0x1800, 0x1800, 0x3020, 0x7962, 0xC40A, 0xB940, 0xC1C0, 0xD240, 0xD50E,
  0x0000, 0x0000, 0x3880, 0xB222, 0xF3C2, 0xFC43, 0xF3E4, 0xE2C3, 0xDAA2, 0xE302, 0xEB82, 0xEB62, 0xC1E2, 0x8902, 0x9182, 0xB9E2,
  0xE303, 0xFBE3, 0xFB83, 0xF323, 0xF282, 0xF262, 0xF242, 0xF262, 0xF1C1, 0xE921, 0xE122, 0xC8E2, 0xB8C2, 0xA8A2, 0xA0C1, 0xA122,
  0xA923, 0xC183, 0xD204, 0xD9E4, 0xD942, 0xC0C1, 0xB881, 0xC8C1, 0xE101, 0xF141, 0xF101, 0xE8C0, 0xE8A1, 0xE880, 0xE860, 0xE080,
  0xC860, 0xA820, 0x7800, 0x4800, 0x3000, 0x3000, 0x2800, 0x1800, 0x2000, 0x3820, 0x81A3, 0xC44B, 0xDAE1, 0xE361, 0xCCCD, 0xD4EE,
  0x0000, 0x0000, 0x3880, 0xBA62, 0xF402, 0xFC64, 0xF424, 0xEB23, 0xDAC2, 0xDAC2, 0xE322, 0xE302, 0xB9C2, 0x9962, 0xB243, 0xCAA3,
  0xEB23, 0xF3A3, 0xF342, 0xF303, 0xF262, 0xEA02, 0xF242, 0xF262, 0xF1C1, 0xE921, 0xE142, 0xC902, 0xC0E2, 0xB8A2, 0xB922, 0xC1A3,
  0xA923, 0xA923, 0xC1C4, 0xDA04, 0xD963, 0xB8C2, 0xA081, 0xB0C2, 0xC102, 0xD941, 0xE0E1, 0xE0E1, 0xE0E1, 0xE8A1, 0xE880, 0xE081,
  0xD880, 0xC040, 0x8820, 0x5000, 0x4000, 0x3000, 0x2800, 0x2000, 0x2000, 0x4040, 0x9204, 0xC44B, 0xCC6C, 0xCC6C, 0xCCEE, 0xEBE0,
  0x0000, 0x0000, 0x38A1, 0xC2A2, 0xF423, 0xFCA4, 0xF465, 0xEB84, 0xE2E2, 0xDA82, 0xE2C2, 0xDAA2, 0xC1C2, 0xA9E3, 0xCB45, 0xDB64,
  0xEB23, 0xF363, 0xF302, 0xF303, 0xF262, 0xE1E2, 0xEA43, 0xF282, 0xF1E1, 0xF141, 0xE942, 0xD102, 0xC902, 0xB8A1, 0xB922, 0xC1C3,
  0xB143, 0xA0E2, 0xB163, 0xD1C4, 0xD142, 0xB8A1, 0xA8E2, 0xA903, 0xA0E2, 0xB0E1, 0xC0C1, 0xC8C1, 0xD0C1, 0xD8A1, 0xE0C1, 0xD8A1,
  0xC840, 0xB020, 0x7820, 0x4800, 0x4000, 0x4000, 0x3800, 0x3000, 0x3000, 0x4840, 0x9A25, 0xC40B, 0xCC8C, 0xF4C2, 0xECA2, 0xDD90,
  0x0000, 0x0000, 0x40C1, 0xC2E2, 0xF443, 0xFCA4, 0xFCC5, 0xF404, 0xE343, 0xDA82, 0xDA61, 0xD242, 0xC1C2, 0xC283, 0xE426, 0xEC46,
  0xF363, 0xEB22, 0xEAA2, 0xF303, 0xF2A3, 0xE1C2, 0xE263, 0xF282, 0xF1E1, 0xF1A2, 0xE942, 0xE122, 0xD942, 0xC0A1, 0xB0C2, 0xB142,
  0xA922, 0xA8E2, 0xB942, 0xD1E3, 0xD122, 0xB8C1, 0xC143, 0xB944, 0x98E3, 0x98A2, 0xA0A1, 0xA8A1, 0xB080, 0xC060, 0xC8A1, 0xC880,
  0xB020, 0x8820, 0x5000, 0x3000, 0x3000, 0x3800, 0x3800, 0x3800, 0x3800, 0x5880, 0xA265, 0xC40B, 0xCCCE, 0xCD2E, 0xF4E2, 0xECA1,
  0x0000, 0x0000, 0x40C1, 0xCB03, 0xF423, 0xFCA4, 0xFD06, 0xF485, 0xEBA3, 0xDAA2, 0xD221, 0xC9E1, 0xC9E2, 0xDB04, 0xF4A6, 0xF4E7,
  0xF3C3, 0xEB22, 0xE262, 0xF303, 0xF2E3, 0xE203, 0xE283, 0xF2C2, 0xF201, 0xF202, 0xF1A2, 0xE962, 0xE182, 0xC8C1, 0xA861, 0x98A1,
  0x90C2, 0xA8E2, 0xC142, 0xD9E2, 0xD981, 0xD161, 0xD1E3, 0xC183, 0x98E2, 0x90C2, 0x98E2, 0xB0E2, 0xB0A1, 0xA860, 0xA840, 0x9820,
  0x8000, 0x6820, 0x3800, 0x2800, 0x2000, 0x2800, 0x3000, 0x3000, 0x3800, 0x60A1, 0xB307, 0xCC8C, 0xCCEE, 0xCD2E, 0xF503, 0xD52E,
  0x0000, 0x0000, 0x40E1, 0xCB23, 0xF423, 0xFCA4, 0xFD26, 0xF4C5, 0xEBE3, 0xE2C2, 0xCA01, 0xC9A1, 0xCA02, 0xE364, 0xF4E7, 0xFD27,
  0xFC03, 0xF362, 0xE282, 0xF323, 0xF323, 0xE263, 0xEB03, 0xF342, 0xF262, 0xF283, 0xF263, 0xF1C2, 0xE982, 0xD0E1, 0xB061, 0x9882,
  0x8881, 0x9881, 0xC901, 0xE1E1, 0xE1E1, 0xD9E1, 0xE242, 0xDA02, 0xB942, 0xA122, 0xA123, 0xB902, 0xC941, 0xC0E1, 0xA840, 0x9020,
  0x7000, 0x5000, 0x3800, 0x2800, 0x2000, 0x2800, 0x2800, 0x3000, 0x3800, 0x7102, 0xBB89, 0xCCED, 0xECC2, 0xF504, 0xCCCD, 0xCCEE,
  0x0000, 0x0000, 0x4901, 0xCB23, 0xF403, 0xF484, 0xFD26, 0xFD06, 0xF403, 0xE2E2, 0xC9E1, 0xC1A1, 0xDA42, 0xEB84, 0xF4A7, 0xF4C7,
  0xFC23, 0xF3A2, 0xEAE1, 0xF343, 0xF383, 0xEB03, 0xF3A3, 0xFBA2, 0xFAC2, 0xFB03, 0xFB43, 0xF261, 0xF1A1, 0xD8E1, 0xB881, 0xB0E2,
  0x90A2, 0x9861, 0xC8C1, 0xD961, 0xE1A0, 0xE1C0, 0xEA01, 0xEA21, 0xD9E2, 0xC9A3, 0xC183, 0xC921, 0xE1C1, 0xE141, 0xD060, 0xB840,
  0x9840, 0x6800, 0x4800, 0x3800, 0x3000, 0x2800, 0x2800, 0x3000, 0x3800, 0x7122, 0xC3C9, 0xD4CD, 0xCCCD, 0xCCCD, 0xF483, 0xF421,
  0x0000, 0x0000, 0x4901, 0xCB23, 0xEBC3, 0xF444, 0xF506, 0xFCE5, 0xF403, 0xE2E2, 0xCA01, 0xC9C2, 0xE2A3, 0xF3A4, 0xF446, 0xF446,
  0xF403, 0xF3E3, 0xEB21, 0xF3C3, 0xFC24, 0xF3E3, 0xF423, 0xFC02, 0xFB42, 0xFB43, 0xFBE3, 0xFB01, 0xF1E1, 0xD921, 0xC0C1, 0xC102,
  0xA0A2, 0xA041, 0xC0A1, 0xC8E0, 0xD0E0, 0xD900, 0xE140, 0xF1A1, 0xF1E2, 0xE1E2, 0xD9E3, 0xD982, 0xE9C1, 0xF120, 0xE860, 0xD840,
  0xC040, 0x9820, 0x8000, 0x6000, 0x4800, 0x3800, 0x3000, 0x2800, 0x3800, 0x7942, 0xC3A9, 0xCC8C, 0xCCAD, 0xEBE2, 0xEB61, 0xEB01,
  0x0000, 0x0000, 0x4901, 0xCB03, 0xEB83, 0xEC04, 0xF4C5, 0xF4C5, 0xF3C3, 0xE2E2, 0xD222, 0xD222, 0xEB03, 0xF3C4, 0xF425, 0xF3E5,
  0xF3E4, 0xF3C3, 0xEB62, 0xF423, 0xFCA4, 0xFC63, 0xFC83, 0xFC22, 0xFB81, 0xFB62, 0xFC03, 0xFB41, 0xF221, 0xE1C1, 0xD141, 0xC922,
  0xA081, 0xA841, 0xB881, 0xB860, 0xC040, 0xC860, 0xD8A0, 0xE900, 0xF161, 0xE982, 0xE9A2, 0xE941, 0xE940, 0xE8E0, 0xE880, 0xD840,
  0xC020, 0xB020, 0xA820, 0x9800, 0x8800, 0x7000, 0x6000, 0x4000, 0x3820, 0x7982, 0xC3C9, 0xD4CC, 0xD50E, 0xE2A1, 0xCD4F, 0xCD0E,
  0x0000, 0x0000, 0x4901, 0xCB03, 0xE343, 0xE3A4, 0xEC65, 0xF464, 0xEB62, 0xE2E2, 0xD262, 0xDA82, 0xF383, 0xF404, 0xF425, 0xEBC4,
  0xEBC4, 0xEB83, 0xEB42, 0xF444, 0xFCE4, 0xFCA3, 0xFC83, 0xF401, 0xFB61, 0xFB61, 0xFC02, 0xFB41, 0xF260, 0xF261, 0xEA01, 0xD961,
  0xB081, 0xB061, 0xC061, 0xB040, 0xB820, 0xC020, 0xD040, 0xE880, 0xE8C0, 0xE8C1, 0xE0E1, 0xE0A0, 0xE0A0, 0xE0A0, 0xE881, 0xC860,
  0xA000, 0x9000, 0x9020, 0x9020, 0x8800, 0x8020, 0x7020, 0x5000, 0x4840, 0x81C3, 0xC40A, 0xD4EC, 0xD50E, 0xD52E, 0xC981, 0xCCEE,
  0x0000, 0x0000, 0x4901, 0xC2E3, 0xE323, 0xE363, 0xEC04, 0xEC03, 0xE302, 0xE2C2, 0xDAA2, 0xE303, 0xF3E3, 0xF444, 0xF425, 0xEBE4,
  0xEBC4, 0xE342, 0xE302, 0xF424, 0xFCE4, 0xFCA3, 0xFC62, 0xF3C1, 0xF340, 0xFB61, 0xFBC2, 0xF341, 0xF281, 0xF2C1, 0xF2A1, 0xE9C1,
  0xC8C1, 0xC8A1, 0xC8A1, 0xB840, 0xB820, 0xC040, 0xC840, 0xD840, 0xE880, 0xE081, 0xD861, 0xD020, 0xC820, 0xC840, 0xC860, 0xA840,
  0x7800, 0x6800, 0x6000, 0x5800, 0x5000, 0x4800, 0x4000, 0x3800, 0x4840, 0x9224, 0xC42A, 0xD4ED, 0xDD4E, 0xD52E, 0xCD0E, 0xC4CD,
  0x0000, 0x0000, 0x4901, 0xC2E3, 0xE323, 0xE343, 0xEBC4, 0xEB83, 0xDA81, 0xE2A2, 0xE2E2, 0xEB83, 0xF423, 0xF444, 0xF425, 0xEC05,
  0xEBE4, 0xE322, 0xE2C2, 0xEBC3, 0xFCA4, 0xFC62, 0xFC22, 0xF3A1, 0xF320, 0xF361, 0xFBC1, 0xF341, 0xF2A1, 0xF2C1, 0xF2A1, 0xF201,
  0xE121, 0xE121, 0xE0E1, 0xC040, 0xB820, 0xB860, 0xC061, 0xC840, 0xD060, 0xD881, 0xC840, 0xB820, 0x9800, 0x9020, 0xA020, 0x9840,
  0x8820, 0x7020, 0x6000, 0x4800, 0x3800, 0x2800, 0x2000, 0x2000, 0x4860, 0x9A85, 0xC46B, 0xD50D, 0xDD4E, 0xD52E, 0x7860, 0xB44C,
  0x0000, 0x0000, 0x5121, 0xC2E3, 0xE323, 0xE343, 0xE383, 0xE322, 0xDA41, 0xE2A2, 0xEB22, 0xF404, 0xFC43, 0xF424, 0xEBE5, 0xEC05,
  0xEBE4, 0xE342, 0xE2C2, 0xEB83, 0xFC43, 0xFC22, 0xFBC1, 0xF381, 0xF340, 0xF3A1, 0xFBE2, 0xFB41, 0xF260, 0xF221, 0xF201, 0xF1E1,
  0xF181, 0xF141, 0xF121, 0xD8A0, 0xC060, 0xC080, 0xC0C1, 0xC881, 0xC040, 0xC881, 0xB061, 0x9820, 0x7820, 0x6800, 0x8000, 0x9841,
  0xB041, 0xA020, 0x8820, 0x6800, 0x4800, 0x3000, 0x2000, 0x2800, 0x5080, 0xA2A6, 0xC46B, 0xD4ED, 0xD52E, 0x7820, 0x6000, 0xA3AA,
  0x0000, 0x0000, 0x5121, 0xCB04, 0xE343, 0xE363, 0xE363, 0xE2C2, 0xD221, 0xDA82, 0xEB62, 0xFC64, 0xFC43, 0xEBA3, 0xE364, 0xE3A4,
  0xE3A3, 0xE343, 0xE2C2, 0xEB63, 0xFC03, 0xFBE2, 0xFB61, 0xF340, 0xF340, 0xF3C2, 0xFBE2, 0xFB21, 0xF200, 0xE140, 0xE140, 0xE961,
  0xF1A1, 0xF961, 0xF961, 0xE921, 0xD8A0, 0xD0A0, 0xD0C1, 0xD0A1, 0xC060, 0xC881, 0xB881, 0x8820, 0x7020, 0x6820, 0x7800, 0x9820,
  0xB840, 0xB820, 0xA800, 0x8000, 0x5820, 0x3800, 0x2800, 0x3000, 0x5881, 0xA2C6, 0xC44A, 0xCCCC, 0xD50E, 0x7000, 0xB42C, 0x9B49,
  0x0000, 0x0000, 0x5122, 0xCB24, 0xEB83, 0xEBA3, 0xEB83, 0xDAA2, 0xD201, 0xDA82, 0xF3A2, 0xFCA4, 0xF463, 0xEB62, 0xDAE3, 0xD303,
  0xDB23, 0xE303, 0xE2C2, 0xF323, 0xF3C3, 0xFBA2, 0xFB21, 0xF300, 0xF301, 0xFB82, 0xFB82, 0xFAE1, 0xE9A0, 0xD8C0, 0xD0A0, 0xE121,
  0xF1E1, 0xF981, 0xF981, 0xF161, 0xE0E0, 0xE0A0, 0xE080, 0xE080, 0xD860, 0xD861, 0xD061, 0x9820, 0x9040, 0x9841, 0x9861, 0xA040,
  0xB020, 0xB000, 0xA000, 0x7800, 0x5800, 0x4800, 0x3800, 0x3800, 0x60C1, 0xAB07, 0xC46B, 0xCCCC, 0xCCCD, 0xC48C, 0xABAA, 0x9B8A,
  0x0000, 0x0000, 0x5122, 0xCB44, 0xEBC4, 0xEBE4, 0xEBA3, 0xE2A2, 0xC9E1, 0xDA61, 0xF3C2, 0xFCC5, 0xF484, 0xEB42, 0xD2A3, 0xD283,
  0xDAA2, 0xDAA2, 0xE2A2, 0xEAE3, 0xF363, 0xFB63, 0xF2C1, 0xF2C1, 0xF2A1, 0xF301, 0xFB01, 0xF281, 0xE140, 0xC880, 0xC881, 0xE101,
  0xF202, 0xF981, 0xF981, 0xF180, 0xE8E0, 0xE080, 0xD860, 0xD840, 0xD860, 0xE060, 0xD040, 0xA020, 0xA841, 0xC061, 0xC081, 0xC060,
  0xC040, 0xB020, 0x9800, 0x6800, 0x4000, 0x4000, 0x3800, 0x4820, 0x7102, 0xB347, 0xC48B, 0xC4AC, 0xBC4B, 0xB3CA, 0xB3CA, 0x2000,
  0x0000, 0x0800, 0x5142, 0xCB64, 0xF404, 0xF424, 0xF3A3, 0xE2A2, 0xC1C1, 0xD241, 0xF3E3, 0xFCE5, 0xF4A4, 0xEB82, 0xD2C3, 0xD282,
  0xD262, 0xDA62, 0xE262, 0xEAA2, 0xF303, 0xF2E3, 0xF241, 0xF2A1, 0xF261, 0xF261, 0xF241, 0xE9E1, 0xD900, 0xC061, 0xC881, 0xE101,
  0xE9C2, 0xF161, 0xF961, 0xF160, 0xE100, 0xD880, 0xD060, 0xC840, 0xC860, 0xD060, 0xB820, 0x9820, 0xA841, 0xB040, 0xB040, 0xB820,
  0xC820, 0xC020, 0x9800, 0x6000, 0x3800, 0x2800, 0x2800, 0x4040, 0x7922, 0xB388, 0xCCAC, 0xC46B, 0xBBCA, 0xB3CA, 0xB44C, 0x3000,
  0x0000, 0x0800, 0x5142, 0xCB64, 0xF424, 0xF444, 0xF3C2, 0xE2A2, 0xC181, 0xCA21, 0xEC03, 0xFD05, 0xF4C5, 0xEBE3, 0xDB64, 0xDAE3,
  0xDAA2, 0xE262, 0xE242, 0xE282, 0xEAC3, 0xF282, 0xE9E1, 0xEA82, 0xF241, 0xF201, 0xF1C1, 0xE161, 0xC8C1, 0xC081, 0xC8A1, 0xD8E1,
  0xD921, 0xE0E1, 0xF0E0, 0xF141, 0xE121, 0xD080, 0xD080, 0xC860, 0xB860, 0xB040, 0xA020, 0x9020, 0x9040, 0x8820, 0x7800, 0x8000,
  0xA000, 0xB800, 0xA000, 0x6800, 0x3800, 0x2000, 0x1800, 0x3840, 0x7962, 0xBBC9, 0xCCAC, 0xC42A, 0xBBC9, 0xBC2B, 0x4000, 0x4000,
  0x0000, 0x0800, 0x5142, 0xCB64, 0xF424, 0xF444, 0xF3A2, 0xDA82, 0xB961, 0xCA01, 0xEBC3, 0xF4E5, 0xF4C5, 0xF444, 0xEC04, 0xE363,
  0xE302, 0xE2A2, 0xE242, 0xE2A2, 0xEB03, 0xEA62, 0xE1A1, 0xEA62, 0xF261, 0xF201, 0xE9A1, 0xD921, 0xC8C1, 0xC8E1, 0xD101, 0xD0C1,
  0xC0C1, 0xD081, 0xE0A0, 0xE0E0, 0xE121, 0xD901, 0xD900, 0xD0E0, 0xC8C0, 0xB880, 0xA040, 0x9020, 0x8020, 0x7000, 0x5800, 0x4800,
  0x6000, 0x8000, 0x8000, 0x6800, 0x4000, 0x2000, 0x1800, 0x3820, 0x7983, 0xBBC9, 0xCC4B, 0xC3C9, 0xBC0A, 0x4020, 0x5000, 0x9BCC,
  0x0000, 0x0800, 0x5142, 0xCB24, 0xF404, 0xFC44, 0xF382, 0xDA62, 0xB121, 0xC1E1, 0xE383, 0xF485, 0xF4A5, 0xF465, 0xF465, 0xEBA3,
  0xEB42, 0xE2C2, 0xE241, 0xE302, 0xEB84, 0xEAA3, 0xE9E1, 0xEA61, 0xF2A1, 0xF221, 0xE9C1, 0xD921, 0xC8C1, 0xD921, 0xE162, 0xD902,
  0xB8A1, 0xC881, 0xE0C1, 0xE0E1, 0xE182, 0xE1E2, 0xE201, 0xE1A1, 0xD961, 0xD100, 0xC0A0, 0xA840, 0x8820, 0x7800, 0x6000, 0x4000,
  0x4800, 0x5000, 0x5000, 0x4000, 0x3000, 0x2000, 0x2000, 0x3820, 0x81A3, 0xBBC9, 0xC3C9, 0xC3A9, 0xC44B, 0x5041, 0x6800, 0x936B,
  0x0000, 0x0800, 0x5122, 0xC303, 0xF404, 0xF444, 0xF362, 0xD222, 0xA901, 0xB9C2, 0xDB23, 0xEC05, 0xEC45, 0xEC45, 0xF465, 0xEBA3,
  0xE322, 0xE2A1, 0xDA61, 0xEB63, 0xF3E4, 0xF303, 0xEA41, 0xF2A1, 0xF2A1, 0xF221, 0xF201, 0xE181, 0xD0E1, 0xE121, 0xF161, 0xE942,
  0xD0C1, 0xD0C1, 0xE921, 0xE981, 0xEA22, 0xEAC3, 0xEAC2, 0xEA21, 0xE9A1, 0xE160, 0xD8E0, 0xD0A0, 0xB880, 0x9820, 0x7000, 0x5000,
  0x4000, 0x4000, 0x3000, 0x2800, 0x2800, 0x2000, 0x2800, 0x4820, 0x81C3, 0xC3E9, 0xC3C9, 0xC3CA, 0xC48C, 0x68A2, 0x7800, 0x832A,
  0x0000, 0x0800, 0x5121, 0xC2C3, 0xEC04, 0xF424, 0xEB43, 0xCA02, 0xA901, 0xB9C2, 0xDB03, 0xE3A4, 0xE3C5, 0xE3C4, 0xEC04, 0xDB23,
  0xD2A2, 0xDA41, 0xDA61, 0xEBA3, 0xEBE4, 0xF323, 0xF2A1, 0xF2C1, 0xF2A0, 0xF201, 0xF201, 0xE1A1, 0xD0E1, 0xE121, 0xF141, 0xF121,
  0xE0E1, 0xD8C1, 0xE941, 0xF1E2, 0xF283, 0xF2E3, 0xEAE2, 0xEA41, 0xE9C1, 0xE980, 0xE100, 0xE0A0, 0xE080, 0xC040, 0x9820, 0x7000,
  0x5000, 0x4000, 0x3000, 0x2800, 0x2800, 0x2800, 0x3000, 0x4840, 0x89E4, 0xC3C9, 0xC3C9, 0xC42B, 0xC48C, 0xBC6C, 0xA3CB, 0x7B0A,
  0x0000, 0x0800, 0x5101, 0xBAA3, 0xEC04, 0xF444, 0xEB43, 0xCA02, 0xA101, 0xC202, 0xDB04, 0xE384, 0xDB64, 0xDB24, 0xE364, 0xCA82,
  0xCA21, 0xD221, 0xDA62, 0xEBA3, 0xEBA3, 0xF302, 0xF2E1, 0xF2C0, 0xF281, 0xF201, 0xF1C1, 0xE181, 0xD0E1, 0xD901, 0xE941, 0xF121,
  0xE101, 0xD8E1, 0xE121, 0xE981, 0xEA02, 0xEA42, 0xEA62, 0xE9E1, 0xE9A1, 0xE981, 0xE120, 0xE0A0, 0xE060, 0xD840, 0xC020, 0x9800,
  0x7000, 0x5800, 0x3800, 0x2800, 0x2800, 0x3000, 0x3000, 0x4840, 0x89E4, 0xBBA9, 0xBBCA, 0xC44B, 0xBC6C, 0xAC0B, 0x938A, 0x72E9,
  0x0000, 0x0800, 0x48E1, 0xBAA3, 0xEC04, 0xF444, 0xEB83, 0xCA22, 0xA941, 0xC263, 0xE364, 0xE3A5, 0xDB44, 0xDAE3, 0xDB03, 0xC202,
  0xB9A1, 0xD201, 0xDA82, 0xEB83, 0xEB43, 0xEAC2, 0xF2C1, 0xF2C1, 0xF261, 0xF222, 0xF1C1, 0xD941, 0xB8A1, 0xB8A0, 0xC901, 0xE141,
  0xE121, 0xD901, 0xD8E1, 0xE100, 0xE121, 0xE141, 0xE161, 0xE121, 0xE101, 0xE121, 0xD8E0, 0xD080, 0xD020, 0xD020, 0xC800, 0xB000,
  0x9800, 0x7800, 0x5800, 0x3800, 0x3000, 0x2800, 0x2800, 0x4040, 0x89E4, 0xB348, 0xBBCA, 0xC44C, 0xB42B, 0xA3AA, 0x8B4A, 0x6AA9,
  0x0000, 0x0800, 0x48E1, 0xBA83, 0xF425, 0xF485, 0xEBA4, 0xCA63, 0xA982, 0xCAE4, 0xEC05, 0xEC26, 0xE3A4, 0xDB24, 0xDAE3, 0xB9C2,
  0xB181, 0xD222, 0xDAC2, 0xEB22, 0xEB02, 0xE282, 0xF2A1, 0xF2E1, 0xF282, 0xEA22, 0xE9A2, 0xC921, 0xA081, 0x9060, 0xA0A0, 0xB8E1,
  0xC101, 0xC901, 0xD101, 0xD8C0, 0xD880, 0xD060, 0xD0A0, 0xD8A0, 0xD8A1, 0xD8C1, 0xD0A0, 0xC060, 0xB820, 0xC000, 0xB800, 0xA800,
  0xA800, 0xA000, 0x7800, 0x5000, 0x3800, 0x3000, 0x2800, 0x3840, 0x81C3, 0xB348, 0xBBEA, 0xBC2B, 0xB3EB, 0x9B8A, 0x48A2, 0x6268,
  0x0000, 0x0800, 0x48C1, 0xBA83, 0xF445, 0xFC85, 0xEBE4, 0xD2C3, 0xB1A2, 0xD324, 0xECA6, 0xF4C6, 0xEC25, 0xE3A4, 0xDB44, 0xBA02,
  0xB9A1, 0xD262, 0xE2E3, 0xE2C2, 0xE2E2, 0xE262, 0xEAA1, 0xF322, 0xF2C3, 0xEA23, 0xD961, 0xB901, 0x9061, 0x7020, 0x7061, 0x8081,
  0x98A1, 0xA8C1, 0xC0E1, 0xC8A0, 0xD040, 0xC820, 0xC820, 0xD860, 0xD880, 0xD8C1, 0xD8E1, 0xC0A0, 0xB040, 0xB820, 0xB000, 0xA000,
  0x9800, 0x9800, 0x8000, 0x6800, 0x5000, 0x4000, 0x3000, 0x4040, 0x81C3, 0xB348, 0xBBEA, 0xBC0B, 0xABCA, 0x9B6A, 0x72E9, 0x2800,
  0x0000, 0x0800, 0x48C1, 0xBAA3, 0xF445, 0xFCA5, 0xF404, 0xD2E3, 0xB9E2, 0xD364, 0xF4E6, 0xF527, 0xF4C6, 0xEC66, 0xE3E5, 0xCAA3,
  0xC202, 0xD283, 0xDAC3, 0xE262, 0xE2E2, 0xE2A2, 0xEAE1, 0xF362, 0xF2E3, 0xEA22, 0xD981, 0xC121, 0x98A1, 0x7041, 0x6061, 0x6881,
  0x7061, 0x8881, 0x98C2, 0xA881, 0xB040, 0xB820, 0xB800, 0xC820, 0xD040, 0xD880, 0xD8C0, 0xD0A0, 0xC861, 0xC061, 0xB020, 0x9800,
  0x9000, 0x8000, 0x7000, 0x6000, 0x5800, 0x4800, 0x3800, 0x4860, 0x89E4, 0xAB48, 0xB3CA, 0xB3EA, 0xABCA, 0xABCA, 0x6AA8, 0x2020,
  0x0000, 0x0800, 0x48C1, 0xBAA3, 0xF444, 0xFC84, 0xF424, 0xDB03, 0xB9E2, 0xD364, 0xF506, 0xF567, 0xF527, 0xF507, 0xEC65, 0xDB23,
  0xD282, 0xD2C3, 0xD283, 0xDA02, 0xE2E3, 0xEB22, 0xF321, 0xF342, 0xF2C2, 0xF262, 0xE202, 0xD1C1, 0xB941, 0x90A1, 0x78A1, 0x7081,
  0x6041, 0x7082, 0x88C2, 0x98A2, 0x9861, 0xA041, 0xA021, 0xA820, 0xC040, 0xC840, 0xC860, 0xC860, 0xC861, 0xD081, 0xB820, 0x9800,
  0x8800, 0x7800, 0x6800, 0x6000, 0x5000, 0x4000, 0x3800, 0x5060, 0x89E4, 0xAB28, 0xB3A9, 0xB3CA, 0xA3AA, 0xA3AA, 0x6268, 0x2020,
  0x0000, 0x0800, 0x48C1, 0xBAA3, 0xF424, 0xF443, 0xF403, 0xDB03, 0xB9C2, 0xD324, 0xECE6, 0xF587, 0xF567, 0xF548, 0xECA5, 0xE3A3,
  0xDB23, 0xDB24, 0xD263, 0xD1C2, 0xE303, 0xEB42, 0xF341, 0xF301, 0xF262, 0xF2C2, 0xF2C2, 0xEA82, 0xDA01, 0xB961, 0xA922, 0x88C1,
  0x7061, 0x7861, 0x90A2, 0x98A2, 0x9861, 0x9861, 0x9861, 0x9841, 0xB061, 0xB840, 0xB020, 0xA820, 0xA820, 0xB040, 0xB020, 0x9000,
  0x8000, 0x7000, 0x6000, 0x5800, 0x4800, 0x3800, 0x3800, 0x5080, 0x9204, 0xA328, 0xAB89, 0xABCA, 0x9BAB, 0x3841, 0x5A48, 0x2020,
  0x0000, 0x0800, 0x48E1, 0xBAA3, 0xEBE4, 0xF3E3, 0xF3C3, 0xDAE3, 0xB9C2, 0xD2E3, 0xECA6, 0xED67, 0xED67, 0xED47, 0xEC85, 0xEBE3,
  0xE3E4, 0xDB84, 0xD263, 0xC9C2, 0xDAE3, 0xE322, 0xEAE1, 0xEA81, 0xF221, 0xFAE2, 0xFB42, 0xFB22, 0xF2A2, 0xE242, 0xD1E2, 0xB121,
  0x9081, 0x9061, 0xA8A2, 0xB0A2, 0xA8A1, 0xA8A1, 0xA881, 0xA840, 0xC061, 0xC040, 0xB020, 0xA000, 0x9000, 0x9000, 0x8800, 0x7800,
  0x7800, 0x7800, 0x6000, 0x5000, 0x4000, 0x3800, 0x3800, 0x5881, 0x9225, 0xAB48, 0xAB89, 0xABAA, 0x938A, 0x72C9, 0x3000, 0x2000,
  0x0000, 0x0800, 0x48E1, 0xBAA3, 0xEBA3, 0xF3A2, 0xEBA3, 0xDAC2, 0xC1C1, 0xD2C3, 0xEC66, 0xED47, 0xED47, 0xED26, 0xEC64, 0xEC23,
  0xEC64, 0xE3E4, 0xDAC3, 0xD223, 0xDAC3, 0xDAA2, 0xDA61, 0xE201, 0xE9E1, 0xFB22, 0xFBA2, 0xFB62, 0xFAE2, 0xF2A2, 0xEA82, 0xD981,
  0xC101, 0xB8A1, 0xC881, 0xC8A1, 0xC8E1, 0xC921, 0xC8E1, 0xD080, 0xE0A0, 0xE0A0, 0xD060, 0xC840, 0xB820, 0xA820, 0x9800, 0x8800,
  0x8000, 0x8820, 0x7000, 0x5800, 0x4800, 0x3800, 0x3800, 0x58A1, 0x9A45, 0xAB48, 0xABA9, 0xABAA, 0x3000, 0x6288, 0x3800, 0x2000,
  0x0000, 0x0800, 0x48E1, 0xB2A3, 0xEB83, 0xF382, 0xEB82, 0xDAC2, 0xC1E1, 0xD2A3, 0xE445, 0xED06, 0xECE6, 0xECE5, 0xEC63, 0xEC63,
  0xF4A4, 0xEC24, 0xE344, 0xDAE4, 0xDAA3, 0xD222, 0xC9A1, 0xD981, 0xE9E1, 0xFB22, 0xFB82, 0xFB22, 0xFA82, 0xFA82, 0xFAA2, 0xF1E1,
  0xE182, 0xD901, 0xD880, 0xE0A0, 0xE120, 0xE9A1, 0xE961, 0xF0E1, 0xF0C0, 0xF101, 0xE8E0, 0xE060, 0xE080, 0xD860, 0xC820, 0xB800,
  0xA800, 0x9800, 0x8800, 0x7800, 0x6000, 0x4000, 0x3000, 0x58C1, 0x9245, 0xAB48, 0xAB89, 0xA3AA, 0x832A, 0x4000, 0x3800, 0x2000,
  0x0000, 0x0800, 0x48E1, 0xB283, 0xEB63, 0xF382, 0xEBA2, 0xDAE2, 0xCA01, 0xD283, 0xE3E5, 0xE485, 0xEC84, 0xEC84, 0xEC63, 0xECA3,
  0xF4C4, 0xF444, 0xEBE5, 0xE385, 0xDAC3, 0xC9E1, 0xC141, 0xC921, 0xE1E1, 0xFB02, 0xFB22, 0xFA82, 0xFA01, 0xFA21, 0xFA82, 0xF222,
  0xF1E2, 0xE941, 0xE880, 0xE060, 0xE900, 0xF1A1, 0xF9E1, 0xF941, 0xF8E0, 0xF101, 0xF0E0, 0xE860, 0xE080, 0xE880, 0xE040, 0xD820,
  0xC020, 0xA000, 0x9000, 0x9000, 0x7800, 0x5000, 0x3800, 0x58C1, 0x9245, 0xA328, 0xA389, 0x9B69, 0x7AC8, 0x4000, 0x3800, 0x2000,
  0x0000, 0x0800, 0x48E1, 0xB2A4, 0xEB63, 0xF3A2, 0xEBC3, 0xE302, 0xCA01, 0xCA62, 0xDB84, 0xE3E4, 0xE3E3, 0xE423, 0xEC62, 0xECA3,
  0xF4E4, 0xF484, 0xEC45, 0xE3E6, 0xE2E3, 0xD1E1, 0xC141, 0xC0E1, 0xE1A1, 0xF2C2, 0xF282, 0xF1E1, 0xF161, 0xF1C1, 0xFA22, 0xF222,
  0xF202, 0xF141, 0xE860, 0xE040, 0xE080, 0xF120, 0xF9E1, 0xF9A1, 0xF8E0, 0xF0C0, 0xE0A0, 0xD840, 0xD040, 0xD040, 0xD040, 0xD840,
  0xD060, 0xB840, 0x9800, 0x9000, 0x8000, 0x5000, 0x3800, 0x60E1, 0x9245, 0x9B07, 0xA348, 0x9328, 0x7288, 0x4000, 0x3000, 0x1800,
  0x0000, 0x0820, 0x4901, 0xB2A4, 0xEB63, 0xF3E2, 0xF403, 0xE342, 0xCA22, 0xCA42, 0xD303, 0xDB43, 0xDB42, 0xE3C2, 0xEC42, 0xECA3,
  0xF503, 0xF4C4, 0xEC65, 0xE3C5, 0xE2E3, 0xDA42, 0xD1C1, 0xC901, 0xD961, 0xEA21, 0xF201, 0xF181, 0xF121, 0xF1A1, 0xF9E2, 0xF1C2,
  0xF1A2, 0xF101, 0xE060, 0xD820, 0xD840, 0xE080, 0xE941, 0xF161, 0xF0E0, 0xE8A0, 0xE080, 0xD060, 0xC040, 0xC040, 0xB820, 0xC840,
  0xD8A0, 0xD880, 0xB820, 0xA000, 0x8000, 0x5000, 0x4020, 0x6902, 0x9265, 0x9B07, 0x9B48, 0x8AE8, 0x4000, 0x4000, 0x2800, 0x1000,
  0x0000, 0x0820, 0x4901, 0xBAA4, 0xEB83, 0xF422, 0xF423, 0xE342, 0xCA22, 0xCA02, 0xD262, 0xDAC2, 0xDAC1, 0xE361, 0xEC42, 0xECC3,
  0xF504, 0xF4E4, 0xF445, 0xE384, 0xE2E2, 0xE2C2, 0xDA42, 0xD141, 0xD941, 0xE9C1, 0xF1E1, 0xF1A1, 0xF141, 0xF181, 0xF1C2, 0xE982,
  0xE922, 0xE8A1, 0xE860, 0xD880, 0xD060, 0xC840, 0xD880, 0xD8C1, 0xE080, 0xE060, 0xE060, 0xE080, 0xD8A1, 0xD080, 0xC020, 0xB020,
  0xC040, 0xC860, 0xC020, 0xA800, 0x8800, 0x5800, 0x4020, 0x7122, 0x9A86, 0xA307, 0x9B48, 0x82C8, 0x4800, 0x3800, 0x2000, 0x1000,
  0x0000, 0x0820, 0x4901, 0xBAA3, 0xEBA3, 0xF463, 0xF443, 0xE322, 0xCA22, 0xC1C2, 0xCA02, 0xDA81, 0xDA81, 0xE341, 0xEC42, 0xECC3,
  0xF504, 0xF4C4, 0xF444, 0xE384, 0xE323, 0xEB22, 0xE2A2, 0xD181, 0xD961, 0xE9E1, 0xF1E1, 0xF1E1, 0xF181, 0xE961, 0xE9A2, 0xE962,
  0xE901, 0xE880, 0xE880, 0xE0C0, 0xD8A0, 0xC860, 0xC040, 0xC040, 0xC020, 0xC820, 0xD820, 0xE880, 0xE8E1, 0xE8A1, 0xD840, 0xB820,
  0xA000, 0x9800, 0xA000, 0x9800, 0x8000, 0x5000, 0x4820, 0x7942, 0xA2A6, 0xA328, 0x9B49, 0x82C8, 0x4000, 0x3800, 0x2000, 0x1000,
  0x0000, 0x0820, 0x4901, 0xBAA3, 0xEBC3, 0xF483, 0xEC23, 0xDB22, 0xCA22, 0xC1A2, 0xC9C1, 0xDA61, 0xDA61, 0xDB21, 0xEC22, 0xECA3,
  0xED04, 0xF4E4, 0xF485, 0xEBE5, 0xE3A4, 0xEB63, 0xE2C2, 0xD1C1, 0xD9A1, 0xE9E1, 0xF1E1, 0xF1E1, 0xF1A1, 0xE141, 0xE141, 0xE982,
  0xE941, 0xE8C0, 0xE880, 0xE0C0, 0xE0C0, 0xD8C1, 0xC880, 0xB840, 0xA800, 0xA800, 0xB800, 0xD040, 0xD8A1, 0xE080, 0xE860, 0xD060,
  0xA820, 0x8000, 0x7000, 0x7800, 0x6800, 0x4800, 0x4820, 0x7942, 0xA286, 0xA328, 0x9B29, 0x2800, 0x3800, 0x3800, 0x2000, 0x1000,
  0x0000, 0x0820, 0x4901, 0xBAA3, 0xEBE4, 0xF483, 0xEC03, 0xDB02, 0xCA42, 0xC1A2, 0xC9A1, 0xD261, 0xD261, 0xDB21, 0xEC01, 0xEC83,
  0xECC3, 0xF4E4, 0xF4E6, 0xEC66, 0xE3C5, 0xE343, 0xE281, 0xD9E1, 0xD9C1, 0xE1C1, 0xE9A1, 0xF1A1, 0xE981, 0xD941, 0xD8E1, 0xE981,
  0xF1A1, 0xF120, 0xE8A0, 0xD8A0, 0xD8A0, 0xE0E1, 0xD8C1, 0xD060, 0xB820, 0xA000, 0xA000, 0xB020, 0xB840, 0xC820, 0xD840, 0xD860,
  0xC020, 0x9000, 0x6800, 0x6000, 0x5800, 0x4000, 0x4020, 0x7943, 0x9A86, 0x9B28, 0x9329, 0x2800, 0x3000, 0x3800, 0x2000, 0x1000,
  0x0000, 0x0820, 0x5101, 0xB2A3, 0xEC04, 0xF464, 0xEBE3, 0xDB02, 0xD263, 0xC182, 0xC9A1, 0xD221, 0xCA41, 0xDB21, 0xE3A1, 0xE402,
  0xEC83, 0xF4C5, 0xF4E6, 0xEC86, 0xE384, 0xDAA2, 0xDA21, 0xDA01, 0xDA01, 0xE1A1, 0xE121, 0xE121, 0xE121, 0xD101, 0xD0A1, 0xE941,
  0xF1A1, 0xF140, 0xE900, 0xE100, 0xD8E1, 0xE0E1, 0xE0A0, 0xE060, 0xD820, 0xC020, 0xA840, 0xA040, 0xA020, 0xA800, 0xB800, 0xC020,
  0xC020, 0xA820, 0x8000, 0x6000, 0x5000, 0x3800, 0x4040, 0x7143, 0x9A65, 0x9B28, 0x9329, 0x2800, 0x2800, 0x2800, 0x1800, 0x0800,
  0x0000, 0x0820, 0x5101, 0xB2A3, 0xEC04, 0xF443, 0xEBE3, 0xE323, 0xD263, 0xC181, 0xC981, 0xC1C1, 0xC221, 0xDAE1, 0xDB21, 0xE382,
  0xEC43, 0xEC64, 0xF445, 0xEBE5, 0xDAC3, 0xD1E1, 0xD1E1, 0xDA21, 0xE221, 0xE180, 0xD0E1, 0xC8A1, 0xC8C1, 0xC0A1, 0xC881, 0xE8E1,
  0xF140, 0xF160, 0xE981, 0xE9C2, 0xE1C2, 0xE141, 0xE080, 0xE040, 0xE020, 0xE040, 0xD080, 0xC0A1, 0xB040, 0xA820, 0xA020, 0x9000,
  0x9800, 0x9000, 0x7800, 0x6000, 0x5000, 0x4000, 0x4040, 0x7163, 0x9265, 0x9B08, 0x8AE9, 0x2800, 0x2000, 0x1800, 0x1000, 0x0800,
  0x0000, 0x0820, 0x4901, 0xB283, 0xE3E4, 0xEC23, 0xEBE3, 0xE323, 0xD262, 0xC981, 0xC161, 0xB981, 0xB9E1, 0xD2A1, 0xD2A1, 0xDAE1,
  0xE3C3, 0xE3C3, 0xEB63, 0xE303, 0xDA42, 0xC9A1, 0xD1C1, 0xDA41, 0xDA21, 0xD960, 0xC0A1, 0xB060, 0xB081, 0xB081, 0xC060, 0xE0A0,
  0xE8E0, 0xE920, 0xE9C1, 0xEA63, 0xEA63, 0xE9A2, 0xE8C0, 0xE060, 0xE040, 0xE040, 0xE060, 0xD880, 0xD040, 0xC020, 0xB020, 0x9800,
  0x8000, 0x7000, 0x6000, 0x5800, 0x5000, 0x4800, 0x4840, 0x7983, 0x9A86, 0x9B08, 0x8AE8, 0x3800, 0x2800, 0x1000, 0x0800, 0x0800,
  0x0000, 0x0820, 0x48E1, 0xAA83, 0xE3C4, 0xEC03, 0xE3C3, 0xE323, 0xD242, 0xC981, 0xC161, 0xB141, 0xB9C1, 0xCA61, 0xC201, 0xD261,
  0xDB42, 0xDB02, 0xDAA2, 0xE282, 0xDA22, 0xD202, 0xD202, 0xD201, 0xD1C1, 0xC900, 0xB080, 0xA040, 0xA061, 0xA881, 0xC061, 0xE081,
  0xE0A0, 0xE0E0, 0xE181, 0xDA22, 0xDA23, 0xE982, 0xF0E0, 0xE880, 0xE080, 0xE060, 0xD840, 0xD840, 0xD020, 0xD000, 0xC820, 0xB000,
  0x9000, 0x7000, 0x6000, 0x5000, 0x4800, 0x4000, 0x4840, 0x79A3, 0x9AA6, 0x9B08, 0x8AE8, 0x4000, 0x3000, 0x1800, 0x0800, 0x0800,
  0x0000, 0x0820, 0x48E1, 0xAA83, 0xE3A3, 0xEBE3, 0xE3C3, 0xE302, 0xD242, 0xD1C1, 0xC181, 0xB161, 0xBA02, 0xC242, 0xB9C1, 0xCA01,
  0xDAC2, 0xDAA2, 0xDA62, 0xE282, 0xE2A3, 0xDAA3, 0xD243, 0xD1C2, 0xD181, 0xC0E1, 0xB060, 0x9840, 0x9861, 0xA8A2, 0xB861, 0xD881,
  0xD881, 0xD080, 0xC8C0, 0xB901, 0xC121, 0xD8E1, 0xE0A0, 0xE080, 0xD860, 0xD060, 0xC820, 0xD040, 0xD040, 0xD020, 0xD000, 0xC000,
  0xA000, 0x8800, 0x6800, 0x5000, 0x3800, 0x3000, 0x4060, 0x7183, 0x92A6, 0x92E8, 0x3000, 0x3800, 0x3000, 0x1800, 0x0800, 0x0800,
  0x0000, 0x0820, 0x48E1, 0xAA83, 0xDB83, 0xE3C3, 0xE383, 0xDB02, 0xDA62, 0xD222, 0xC9C1, 0xB9C2, 0xC283, 0xC262, 0xC1E1, 0xCA41,
  0xDAC2, 0xDAC2, 0xDAC2, 0xEB03, 0xEB43, 0xEB43, 0xDA83, 0xD1E2, 0xD1A2, 0xC921, 0xB8A0, 0xA880, 0xA881, 0xB0C2, 0xC081, 0xD081,
  0xD081, 0xC061, 0xB040, 0xA060, 0xA860, 0xC040, 0xC840, 0xC840, 0xC040, 0xB820, 0xB820, 0xC860, 0xE060, 0xE040, 0xE020, 0xC820,
  0xB000, 0x9000, 0x7000, 0x5000, 0x3800, 0x3000, 0x4060, 0x7184, 0x9286, 0x8AA7, 0x3000, 0x3800, 0x3000, 0x1800, 0x0800, 0x0800,
  0x0000, 0x1020, 0x48E1, 0xAA83, 0xDB63, 0xE3A3, 0xE363, 0xDB22, 0xDAC2, 0xDA82, 0xD241, 0xCA62, 0xD324, 0xCAE3, 0xCA81, 0xD2A1,
  0xE322, 0xE362, 0xE383, 0xEBA4, 0xF3A3, 0xF3A3, 0xE2E3, 0xDA42, 0xDA42, 0xD1C2, 0xD141, 0xC0E0, 0xB8C1, 0xC122, 0xC8E1, 0xC8A1,
  0xC8A1, 0xB840, 0xA820, 0xA020, 0xA820, 0xB020, 0xA800, 0xA820, 0xA841, 0xA820, 0xB000, 0xC020, 0xE060, 0xF060, 0xE880, 0xE040,
  0xB800, 0x9000, 0x7000, 0x5000, 0x3800, 0x3000, 0x4061, 0x7184, 0x8A66, 0x8A87, 0x2800, 0x3000, 0x2800, 0x1800, 0x0800, 0x0800,
  0x0000, 0x1020, 0x4901, 0xAA63, 0xD343, 0xDB83, 0xE383, 0xDB63, 0xE343, 0xE302, 0xDAC2, 0xDB23, 0xDC05, 0xDB83, 0xDB22, 0xE362,
  0xE3C2, 0xE403, 0xE404, 0xEBC4, 0xF3C3, 0xF404, 0xEB63, 0xE2C2, 0xE2E3, 0xE282, 0xE1A1, 0xD920, 0xD121, 0xD9A2, 0xD962, 0xD101,
  0xC8C1, 0xC060, 0xB840, 0xB820, 0xB820, 0xA820, 0xA000, 0x9820, 0x9861, 0x9840, 0xA000, 0xB000, 0xD020, 0xE860, 0xE8A1, 0xE060,
  0xC820, 0x9800, 0x7000, 0x5800, 0x4000, 0x3800, 0x4861, 0x71A4, 0x8A66, 0x8A66, 0x2000, 0x2800, 0x2000, 0x1000, 0x0800, 0x0000,
  0x0000, 0x1020, 0x4901, 0xA243, 0xD323, 0xDB83, 0xE3A3, 0xE3E4, 0xE3C3, 0xE382, 0xE342, 0xE3C4, 0xE486, 0xE404, 0xE3C2, 0xE402,
  0xEC43, 0xEC64, 0xE424, 0xE384, 0xEB83, 0xF424, 0xF3E4, 0xEB22, 0xEB02, 0xEAC2, 0xE9C1, 0xE120, 0xE961, 0xE9E2, 0xE9C2, 0xE181,
  0xD941, 0xD8E0, 0xD080, 0xD060, 0xC860, 0xB860, 0xA020, 0x9820, 0x9040, 0x8820, 0x9800, 0xA800, 0xB800, 0xC820, 0xD060, 0xD040,
  0xC800, 0xA800, 0x7800, 0x5800, 0x4000, 0x3800, 0x4881, 0x71C4, 0x8A66, 0x8267, 0x3000, 0x2800, 0x1800, 0x1000, 0x0800, 0x0000,
  0x0000, 0x1020, 0x4901, 0xA242, 0xD323, 0xE3C3, 0xE403, 0xE464, 0xE444, 0xEC03, 0xEBA2, 0xEC25, 0xE4A6, 0xE423, 0xEC01, 0xEC62,
  0xECA4, 0xECA4, 0xE404, 0xDAE3, 0xE302, 0xEC04, 0xF404, 0xF342, 0xEB02, 0xEAA1, 0xE9C0, 0xE940, 0xF161, 0xF1E2, 0xF1C1, 0xE9E1,
  0xE9E1, 0xE960, 0xE920, 0xE900, 0xE101, 0xD0C1, 0xB860, 0xA840, 0x9820, 0x9020, 0x9800, 0x9800, 0x9800, 0xA000, 0xA000, 0xA800,
  0xB000, 0xA000, 0x7000, 0x5000, 0x4000, 0x3800, 0x4881, 0x71C5, 0x8A66, 0x8287, 0x4000, 0x3000, 0x2000, 0x1000, 0x0800, 0x0800,
  0x0000, 0x1020, 0x48E1, 0xA222, 0xD363, 0xE403, 0xE464, 0xECC5, 0xECA4, 0xEC43, 0xEBE3, 0xEC44, 0xE465, 0xE402, 0xEC21, 0xECA3,
  0xECE4, 0xE4C5, 0xDBE4, 0xCA82, 0xD262, 0xE343, 0xEBA3, 0xF322, 0xEAC1, 0xEA61, 0xE9A0, 0xF160, 0xF181, 0xF1A1, 0xF181, 0xF1E1,
  0xF221, 0xF1C0, 0xF981, 0xF181, 0xF181, 0xE921, 0xD8A0, 0xC880, 0xB880, 0xB080, 0xA840, 0xA020, 0x8820, 0x7800, 0x7800, 0x7800,
  0x8000, 0x7800, 0x6000, 0x4800, 0x4000, 0x3800, 0x4881, 0x71C5, 0x8246, 0x4000, 0x4800, 0x3800, 0x2000, 0x1000, 0x0800, 0x0000,
  0x0000, 0x1020, 0x48E1, 0xA243, 0xD3A3, 0xE443, 0xECC5, 0xED06, 0xECE5, 0xEC64, 0xEC02, 0xEC03, 0xE403, 0xE3C2, 0xEC21, 0xECA3,
  0xED04, 0xE4E5, 0xDC04, 0xCAA3, 0xC1E2, 0xD262, 0xE2C2, 0xEA81, 0xEA40, 0xE200, 0xE9A0, 0xF1A1, 0xF9C1, 0xF181, 0xE921, 0xE961,
  0xE9A1, 0xF180, 0xF981, 0xF9A1, 0xF1A1, 0xF160, 0xE8E0, 0xE8A0, 0xE0C0, 0xD901, 0xD0C1, 0xB060, 0x9020, 0x7800, 0x6800, 0x6800,
  0x6800, 0x6000, 0x5000, 0x4000, 0x3800, 0x3800, 0x48A1, 0x71C5, 0x7A26, 0x7A87, 0x4800, 0x3800, 0x2000, 0x1000, 0x0800, 0x0000,
  0x0000, 0x1020, 0x48E1, 0xA283, 0xDBC3, 0xEC63, 0xECE5, 0xED26, 0xECE5, 0xEC84, 0xEC02, 0xEBE2, 0xE3C2, 0xEBC1, 0xEC42, 0xECC3,
  0xECE4, 0xECC4, 0xDC64, 0xCB23, 0xB9C1, 0xC181, 0xC9C1, 0xD9C1, 0xD9A0, 0xD980, 0xE160, 0xE981, 0xF1A1, 0xF161, 0xE901, 0xE101,
  0xE921, 0xF120, 0xF100, 0xF141, 0xF181, 0xF180, 0xF100, 0xF0A0, 0xF0C0, 0xF101, 0xE0E1, 0xB860, 0x9820, 0x8000, 0x7000, 0x6800,
  0x6800, 0x6000, 0x4800, 0x3800, 0x3000, 0x3800, 0x48A1, 0x71C5, 0x7A26, 0x4000, 0x4000, 0x3000, 0x1800, 0x0800, 0x0800, 0x0000,
  0x0000, 0x1020, 0x4901, 0xAAA3, 0xDBE3, 0xEC63, 0xECE5, 0xED05, 0xECC5, 0xF463, 0xEBE2, 0xEBC2, 0xE3E2, 0xEC02, 0xEC42, 0xECA3,
  0xECC3, 0xECC3, 0xE4A4, 0xD3C4, 0xC222, 0xB120, 0xB100, 0xB900, 0xC0E0, 0xC0E0, 0xC8E0, 0xD920, 0xE940, 0xE941, 0xE121, 0xD8E1,
  0xE101, 0xE8E1, 0xF080, 0xF0C0, 0xF121, 0xF140, 0xF0E0, 0xE880, 0xF060, 0xF0A0, 0xE080, 0xB020, 0x9820, 0x9820, 0x8800, 0x7800,
  0x7000, 0x6000, 0x4800, 0x3800, 0x3000, 0x3000, 0x48A1, 0x71C5, 0x7A05, 0x3800, 0x3800, 0x2800, 0x1000, 0x0800, 0x0000, 0x0000,
  0x0000, 0x1020, 0x5101, 0xAAA3, 0xDBC3, 0xEC63, 0xECC4, 0xECA4, 0xEC84, 0xF423, 0xEBC1, 0xEBC2, 0xEC23, 0xEC42, 0xF462, 0xECA2,
  0xECA2, 0xECA3, 0xECC4, 0xDC44, 0xCAC2, 0xB140, 0xA8A0, 0xA080, 0xA860, 0xA880, 0xA880, 0xB8A0, 0xD0C0, 0xD8E1, 0xD901, 0xD0E1,
  0xD0E1, 0xE0E1, 0xE880, 0xE880, 0xE8C0, 0xE8C0, 0xE080, 0xD840, 0xD820, 0xE040, 0xD040, 0xA820, 0xA020, 0xB861, 0xB840, 0x9000,
  0x6800, 0x5800, 0x4800, 0x3800, 0x3000, 0x3800, 0x50A2, 0x71C5, 0x7A05, 0x7A67, 0x2800, 0x1800, 0x1000, 0x0800, 0x0000, 0x0000,
  0x0000, 0x1020, 0x5121, 0xAAA2, 0xDBA2, 0xEC63, 0xEC84, 0xEC43, 0xEC03, 0xF3C2, 0xEBA1, 0xEC02, 0xEC63, 0xEC62, 0xF462, 0xF482,
  0xECA2, 0xECA3, 0xECE4, 0xE484, 0xDB42, 0xB9A1, 0xA0A1, 0x9860, 0x9840, 0x9840, 0x9040, 0xA040, 0xB060, 0xB8A0, 0xC0A1, 0xB081,
  0xB8A1, 0xD0A1, 0xE060, 0xD860, 0xE080, 0xE080, 0xD860, 0xC840, 0xC840, 0xC020, 0xB820, 0xA000, 0xA820, 0xC840, 0xD040, 0xA000,
  0x6800, 0x5000, 0x4000, 0x3800, 0x3000, 0x3800, 0x50C2, 0x79C5, 0x7A26, 0x3000, 0x2000, 0x1000, 0x0800, 0x0000, 0x0000, 0x0000,
  0x0000, 0x1020, 0x5121, 0xAA82, 0xDBA2, 0xEC63, 0xEC43, 0xEBC2, 0xF3C2, 0xF3A2, 0xEB81, 0xEC02, 0xEC83, 0xF462, 0xF482, 0xF482,
  0xEC82, 0xECA3, 0xECE4, 0xECA4, 0xE382, 0xC9E1, 0xA8C1, 0xA081, 0x9861, 0x9860, 0x9040, 0x9840, 0xA040, 0xA040, 0xA040, 0x9020,
  0x9040, 0xB040, 0xC040, 0xC040, 0xC861, 0xD061, 0xD081, 0xD081, 0xC881, 0xC081, 0xB040, 0xA040, 0xA020, 0xB820, 0xC820, 0xA800,
  0x7000, 0x5000, 0x4000, 0x3800, 0x3800, 0x3800, 0x50C2, 0x79E5, 0x7A26, 0x3800, 0x2000, 0x1000, 0x0800, 0x0000, 0x0000, 0x0000,
  0x0000, 0x1020, 0x5121, 0xAA62, 0xDBC3, 0xEC63, 0xEC02, 0xEBA2, 0xF3A2, 0xF382, 0xEB81, 0xEC02, 0xEC62, 0xF462, 0xF482, 0xF482,
  0xEC83, 0xECA3, 0xECC4, 0xEC63, 0xE361, 0xD1E1, 0xB901, 0xA8E2, 0xA8A1, 0xA8A0, 0xA8A0, 0xA880, 0xA080, 0x9840, 0x9020, 0x8000,
  0x8000, 0x9000, 0xA020, 0xA020, 0xB040, 0xB840, 0xC860, 0xD081, 0xD8C1, 0xD0A1, 0xC061, 0xB061, 0xA841, 0xA800, 0xA800, 0x9800,
  0x7000, 0x5000, 0x3800, 0x3000, 0x3000, 0x3000, 0x50C2, 0x79E5, 0x7A46, 0x3800, 0x2000, 0x1000, 0x0800, 0x0000, 0x0000, 0x0000,
  0x0000, 0x1040, 0x5101, 0xAA82, 0xDBE3, 0xEC43, 0xEBE2, 0xF3C2, 0xF3C2, 0xEBA2, 0xEBA1, 0xEC01, 0xEC41, 0xF462, 0xF482, 0xF483,
  0xF4A3, 0xEC83, 0xEC43, 0xE3C2, 0xE2E1, 0xC9A1, 0xB902, 0xB122, 0xC101, 0xC900, 0xD120, 0xC900, 0xC0E1, 0xB8A0, 0xA040, 0x9020,
  0x8820, 0x9020, 0x9000, 0x8800, 0x9820, 0xA020, 0xB020, 0xC840, 0xD061, 0xD081, 0xC840, 0xC040, 0xB840, 0xA820, 0xA000, 0x9800,
  0x7800, 0x5800, 0x3800, 0x2800, 0x2800, 0x2800, 0x48C2, 0x71C5, 0x5000, 0x3800, 0x2000, 0x1000, 0x0800, 0x0000, 0x0000, 0x0000,
  0x0000, 0x1840, 0x5101, 0xAAA2, 0xDC03, 0xEC43, 0xEC02, 0xF3E2, 0xF3E2, 0xEBA2, 0xEB81, 0xE3E1, 0xEC01, 0xEC41, 0xF462, 0xF483,
  0xF483, 0xEC23, 0xE3A2, 0xE301, 0xDA00, 0xC921, 0xB0E2, 0xB922, 0xD121, 0xE160, 0xE9A0, 0xE981, 0xE141, 0xD8C0, 0xC860, 0xB860,
  0xB080, 0xA840, 0x9000, 0x7800, 0x7820, 0x8820, 0x9820, 0xB820, 0xC840, 0xC840, 0xC020, 0xB820, 0xB820, 0xB820, 0xB020, 0xA000,
  0x8800, 0x6800, 0x4000, 0x2800, 0x2000, 0x2820, 0x48C2, 0x69C5, 0x4800, 0x3800, 0x2000, 0x1000, 0x0800, 0x0000, 0x0000, 0x0000,
  0x0000, 0x1840, 0x5121, 0xAAC2, 0xDC04, 0xEC43, 0xF423, 0xF402, 0xF3C2, 0xEB82, 0xE381, 0xE3C1, 0xE3C0, 0xEC01, 0xF441, 0xF462,
  0xF463, 0xEBC2, 0xE2E1, 0xDA20, 0xD180, 0xC0C0, 0xA8C1, 0xB8E1, 0xD101, 0xE960, 0xF1C0, 0xF9A1, 0xF140, 0xE8C0, 0xE080, 0xD880,
  0xD8E0, 0xC8A0, 0xA820, 0x8800, 0x7000, 0x7000, 0x8000, 0xA840, 0xC060, 0xC840, 0xB820, 0xA800, 0xA820, 0xB861, 0xB861, 0xA020,
  0x9000, 0x6800, 0x4800, 0x3000, 0x2800, 0x2820, 0x48E2, 0x69E5, 0x4000, 0x2800, 0x1800, 0x0800, 0x0800, 0x0000, 0x0000, 0x0000,
  0x0000, 0x1840, 0x5941, 0xAAE3, 0xDC04, 0xEC64, 0xF463, 0xFBE2, 0xF382, 0xEB41, 0xE361, 0xE380, 0xE360, 0xEBA1, 0xF3E1, 0xF422,
  0xF403, 0xEB41, 0xE260, 0xD9C0, 0xD960, 0xC8E1, 0xB0C1, 0xB8C1, 0xD8C0, 0xF120, 0xF9A0, 0xF9A0, 0xF920, 0xF0C0, 0xE8A0, 0xF0C0,
  0xF121, 0xE8E1, 0xC840, 0xA000, 0x8800, 0x8020, 0x8020, 0x9840, 0xB860, 0xB840, 0xA000, 0x9000, 0x9000, 0xA841, 0xB061, 0x9820,
  0x8000, 0x6800, 0x4800, 0x3000, 0x2800, 0x2820, 0x48E3, 0x69E6, 0x3800, 0x2800, 0x1800, 0x0800, 0x0000, 0x0000, 0x0000, 0x0000,
  0x0000, 0x1840, 0x5941, 0xAAE3, 0xDC04, 0xF4A4, 0xFC43, 0xF3A2, 0xEB41, 0xE321, 0xE361, 0xE340, 0xDB00, 0xE341, 0xEB81, 0xF3C2,
  0xEBA2, 0xEAE1, 0xE221, 0xE1C1, 0xE1A1, 0xD961, 0xC901, 0xC8C1, 0xD8A0, 0xE8E0, 0xF160, 0xF940, 0xF900, 0xF0C0, 0xF0C0, 0xF100,
  0xF941, 0xF101, 0xE060, 0xC020, 0xA820, 0xA840, 0xA040, 0xA040, 0xA040, 0xA020, 0x8800, 0x7800, 0x7800, 0x8820, 0xA040, 0x9820,
  0x8000, 0x6000, 0x4800, 0x3000, 0x2800, 0x2820, 0x5103, 0x71E6, 0x3800, 0x2800, 0x1800, 0x0800, 0x0000, 0x0000, 0x0000, 0x0000,
  0x0000, 0x1840, 0x5961, 0xAAE3, 0xE445, 0xF4C4, 0xFC22, 0xF381, 0xEB01, 0xE300, 0xE340, 0xDAC0, 0xDAA0, 0xE2C1, 0xE2E1, 0xEB22,
  0xEB22, 0xE2A1, 0xE201, 0xE9E1, 0xEA22, 0xE1C1, 0xD921, 0xC8C1, 0xD060, 0xE0A0, 0xE8E0, 0xF0E0, 0xF0C0, 0xF0C0, 0xF0E0, 0xF0E0,
  0xF100, 0xF0E0, 0xE060, 0xD040, 0xC840, 0xC860, 0xC881, 0xB860, 0xB040, 0xA020, 0x8800, 0x7800, 0x6800, 0x7000, 0x8820, 0x9020,
  0x8000, 0x6800, 0x4800, 0x3000, 0x2800, 0x2820, 0x5103, 0x71E6, 0x4000, 0x2800, 0x1800, 0x0800, 0x0000, 0x0000, 0x0000, 0x0000,
  0x0000, 0x1860, 0x5961, 0xAB03, 0xE485, 0xFCA4, 0xFBE2, 0xF361, 0xEB01, 0xE300, 0xE300, 0xDA80, 0xDA60, 0xDA61, 0xDA41, 0xE2A2,
  0xE2A2, 0xE262, 0xE9E1, 0xE9C1, 0xF222, 0xE9C2, 0xD101, 0xC080, 0xC040, 0xD060, 0xD880, 0xE080, 0xE080, 0xE0A0, 0xE0C0, 0xE0A0,
  0xE8A0, 0xE8C0, 0xD860, 0xC840, 0xC040, 0xD060, 0xE0A1, 0xE080, 0xD060, 0xC040, 0xB040, 0x9820, 0x8000, 0x6800, 0x6800, 0x7800,
  0x7800, 0x6000, 0x4800, 0x3000, 0x2800, 0x2820, 0x48E3, 0x4800, 0x3800, 0x2800, 0x1800, 0x0800, 0x0000, 0x0000, 0x0000, 0x0000,
  0x0000, 0x1860, 0x5961, 0xAB24, 0xE485, 0xFC83, 0xF3E2, 0xEB81, 0xE321, 0xE300, 0xDAC0, 0xDA40, 0xDA41, 0xDA01, 0xDA01, 0xE221,
  0xE222, 0xE1E1, 0xE981, 0xE9A1, 0xE9E2, 0xE181, 0xC8C0, 0xB880, 0xB860, 0xC060, 0xC860, 0xC840, 0xC040, 0xC040, 0xC860, 0xC840,
  0xD060, 0xD080, 0xB840, 0xA020, 0xA020, 0xB840, 0xD880, 0xE8A0, 0xE8A0, 0xE0A0, 0xD880, 0xC840, 0xA000, 0x7000, 0x5800, 0x5800,
  0x6000, 0x5800, 0x4000, 0x3000, 0x2800, 0x2820, 0x48E3, 0x4000, 0x3000, 0x2000, 0x1000, 0x0800, 0x0000, 0x0000, 0x0000, 0x0000,
  0x0000, 0x1860, 0x5982, 0xAB44, 0xE484, 0xFC63, 0xF402, 0xEBC2, 0xE341, 0xE300, 0xDAA0, 0xDA60, 0xDA40, 0xDA21, 0xDA01, 0xD9C1,
  0xE1A1, 0xE181, 0xE941, 0xE961, 0xE981, 0xE121, 0xD0C0, 0xC0A0, 0xC0A0, 0xB881, 0xB860, 0xA820, 0xA020, 0xA820, 0xB020, 0xB000,
  0xB820, 0xB061, 0x9840, 0x7800, 0x7800, 0x9820, 0xC840, 0xE0A0, 0xF0E1, 0xF0E1, 0xE8A0, 0xE040, 0xB800, 0x8000, 0x6000, 0x5000,
  0x4800, 0x4800, 0x3800, 0x3000, 0x2800, 0x3020, 0x48E3, 0x4000, 0x2800, 0x1800, 0x0800, 0x0000, 0x0000, 0x0000, 0x0000, 0x0000,
  0x0000, 0x1860, 0x5982, 0xAB64, 0xE464, 0xFC63, 0xF442, 0xEBE2, 0xE340, 0xE300, 0xDAC0, 0xE2A0, 0xDA80, 0xDA61, 0xDA22, 0xD981,
  0xD941, 0xE121, 0xE141, 0xE941, 0xE921, 0xE0E1, 0xD8E0, 0xD101, 0xC901, 0xB8C1, 0xA881, 0x9840, 0x9020, 0x9000, 0x9800, 0xA000,
  0xA820, 0xA061, 0x8840, 0x7000, 0x7000, 0x8800, 0xB020, 0xC860, 0xD8A1, 0xE0A1, 0xE060, 0xD820, 0xB000, 0x8000, 0x5800, 0x4800,
  0x4000, 0x3800, 0x3000, 0x2800, 0x2800, 0x2820, 0x48E3, 0x3800, 0x2000, 0x1000, 0x0800, 0x0000, 0x0000, 0x0000, 0x0000, 0x0000,
  0x0000, 0x1860, 0x59A2, 0xAB44, 0xE443, 0xF483, 0xF483, 0xEBE2, 0xE360, 0xE320, 0xE300, 0xE2C0, 0xE280, 0xE281, 0xDA22, 0xD161,
  0xD100, 0xD901, 0xE141, 0xE121, 0xE101, 0xE0E1, 0xE100, 0xE141, 0xD961, 0xC101, 0xB0A1, 0x9860, 0x9020, 0x8820, 0x8800, 0x9000,
  0x9820, 0x9841, 0x9020, 0x8000, 0x8800, 0x9800, 0xA800, 0xB020, 0xB840, 0xC040, 0xC020, 0xB820, 0xA000, 0x7800, 0x5000, 0x4000,
  0x3800, 0x3000, 0x2800, 0x2800, 0x2000, 0x2820, 0x48E3, 0x3800, 0x2000, 0x1000, 0x0800, 0x0000, 0x0000, 0x0000, 0x0000, 0x0000,
  0x0000, 0x2080, 0x59A2, 0xAB23, 0xE443, 0xF4A3, 0xF483, 0xEBE1, 0xEB80, 0xE360, 0xE321, 0xE2C0, 0xDA60, 0xDA41, 0xD1E1, 0xC101,
  0xC0C0, 0xC8E1, 0xD101, 0xD0E1, 0xD0E1, 0xD0C1, 0xD8E1, 0xE141, 0xE161, 0xD941, 0xC0E1, 0xB0A1, 0xA060, 0x9040, 0x8820, 0x8800,
  0x8820, 0x9020, 0x8800, 0x9000, 0xA000, 0xB020, 0xB020, 0xA820, 0xA820, 0xA020, 0xA000, 0x9800, 0x8800, 0x6800, 0x5000, 0x4000,
  0x3800, 0x3000, 0x2800, 0x2800, 0x2000, 0x2820, 0x40E2, 0x3800, 0x2000, 0x1000, 0x0800, 0x0000, 0x0000, 0x0000, 0x0000, 0x0000,
  0x0000, 0x2080, 0x59A2, 0xB323, 0xE464, 0xF4E4, 0xF483, 0xF401, 0xEBC1, 0xEB81, 0xE321, 0xDA80, 0xD201, 0xC9C1, 0xB941, 0xA8A0,
  0xB080, 0xB8A0, 0xB8A1, 0xB0A1, 0xB0A1, 0xB8A0, 0xC8C1, 0xD901, 0xE121, 0xE121, 0xD8E1, 0xD0C1, 0xC080, 0xB060, 0xA040, 0x9840,
  0x9840, 0x9020, 0x8800, 0x8800, 0xA000, 0xB820, 0xC020, 0xC040, 0xB840, 0xA820, 0xA000, 0xA000, 0x8800, 0x7800, 0x6000, 0x4800,
  0x4000, 0x3800, 0x3000, 0x2800, 0x2000, 0x2020, 0x3800, 0x3000, 0x2000, 0x1000, 0x0800, 0x0000, 0x0000, 0x0000, 0x0000, 0x0000,
  0x0000, 0x2080, 0x61A2, 0xB343, 0xE485, 0xF4E4, 0xF482, 0xF441, 0xEC01, 0xEBA1, 0xE2E1, 0xD200, 0xC180, 0xB121, 0xA0A1, 0x9860,
  0x9860, 0x9860, 0x9860, 0x9060, 0x9060, 0x9860, 0xB080, 0xC0A1, 0xD0C1, 0xD8C1, 0xE0A1, 0xD8A0, 0xD880, 0xD080, 0xC860, 0xC061,
  0xB861, 0xA840, 0x9020, 0x9000, 0x9820, 0xB840, 0xC840, 0xD061, 0xC840, 0xB820, 0xB000, 0xA800, 0x9000, 0x8000, 0x7800, 0x6000,
  0x4800, 0x3800, 0x3000, 0x2800, 0x2000, 0x2020, 0x30A2, 0x3000, 0x2000, 0x1000, 0x0800, 0x0000, 0x0000, 0x0000, 0x0000, 0x0000,
  0x0000, 0x2080, 0x61A2, 0xB364, 0xE4C5, 0xF504, 0xFCA2, 0xF482, 0xF422, 0xEB82, 0xDA81, 0xC980, 0xB0E0, 0x98A0, 0x9060, 0x8840,
  0x8840, 0x8040, 0x7840, 0x7020, 0x7020, 0x8040, 0x9040, 0xA040, 0xB860, 0xD081, 0xD880, 0xD860, 0xD880, 0xE080, 0xE060, 0xE060,
  0xD881, 0xC881, 0xB860, 0xA840, 0xB040, 0xC081, 0xD0A1, 0xD060, 0xC840, 0xC020, 0xB020, 0xA000, 0x8800, 0x7800, 0x7800, 0x6000,
  0x4800, 0x3800, 0x2800, 0x2000, 0x2000, 0x2000, 0x3800, 0x3000, 0x2000, 0x1000, 0x0000, 0x0000, 0x0000, 0x0000, 0x0000, 0x0000,
  0x0800, 0x2880, 0x69C2, 0xB3A5, 0xE4C6, 0xF504, 0xFCE3, 0xF4A3, 0xF423, 0xE322, 0xDA21, 0xC160, 0xA8C0, 0x9860, 0x8840, 0x8841,
  0x7840, 0x7020, 0x6820, 0x6020, 0x6000, 0x6820, 0x7820, 0x9040, 0xB061, 0xC8A1, 0xD0C1, 0xD880, 0xE080, 0xE880, 0xE860, 0xE840,
  0xE060, 0xE081, 0xD060, 0xC840, 0xD0A1, 0xD902, 0xE0E1, 0xE081, 0xD860, 0xC860, 0xB020, 0x9800, 0x8000, 0x7000, 0x6000, 0x5800,
  0x4800, 0x3800, 0x2800, 0x2000, 0x2000, 0x2000, 0x4000, 0x3000, 0x2000, 0x0800, 0x0000, 0x0000, 0x0000, 0x0000, 0x0000, 0x0800,
  0x0820, 0x28A1, 0x6A03, 0xB3A5, 0xE4C5, 0xF524, 0xFD03, 0xF4C4, 0xF403, 0xEB01, 0xDA20, 0xC160, 0xA8E0, 0xA080, 0x9060, 0x8840,
  0x7840, 0x7040, 0x6820, 0x6020, 0x6000, 0x6820, 0x8020, 0xA061, 0xB8C1, 0xD921, 0xE141, 0xE100, 0xE8C0, 0xF080, 0xE840, 0xE020,
  0xD840, 0xD860, 0xD840, 0xD040, 0xD8A1, 0xE102, 0xE0E1, 0xE0A1, 0xE0A1, 0xD8A1, 0xC040, 0xA820, 0x9800, 0x8000, 0x6800, 0x5800,
  0x4800, 0x3800, 0x3000, 0x2800, 0x2000, 0x2800, 0x4000, 0x3000, 0x2000, 0x0800, 0x0000, 0x0000, 0x0000, 0x0000, 0x0000, 0x1000,
  0x0820, 0x28A1, 0x6A23, 0xB3A5, 0xE4C5, 0xF524, 0xFD24, 0xF4A4, 0xF3C2, 0xEB01, 0xDA60, 0xC9A0, 0xC120, 0xB0C0, 0xA080, 0x9040,
  0x8040, 0x7841, 0x7040, 0x7020, 0x7020, 0x7820, 0x9861, 0xB8C1, 0xD921, 0xE9A1, 0xF1A1, 0xF140, 0xF0E0, 0xF080, 0xE840, 0xE040,
  0xD040, 0xC820, 0xC820, 0xC820, 0xD060, 0xD0A1, 0xD081, 0xD881, 0xE0A1, 0xD8A1, 0xC840, 0xB800, 0xA800, 0x9000, 0x8000, 0x6800,
  0x5800, 0x4000, 0x3000, 0x2800, 0x2800, 0x2800, 0x4000, 0x3000, 0x1800, 0x0800, 0x0000, 0x0000, 0x0000, 0x0000, 0x0800, 0x1800,
  0x0820, 0x30C1, 0x6A03, 0xB3A5, 0xE4A5, 0xF524, 0xFD04, 0xF483, 0xF3C1, 0xEB41, 0xE2A0, 0xD9E0, 0xD160, 0xC100, 0xB0A0, 0x9860,
  0x9040, 0x8841, 0x8841, 0x8020, 0x8020, 0x9840, 0xC081, 0xD8E1, 0xE961, 0xF1A1, 0xF1A0, 0xE940, 0xE8C0, 0xE080, 0xD840, 0xD040,
  0xC840, 0xB820, 0xB800, 0xB820, 0xB840, 0xB840, 0xB840, 0xC840, 0xD860, 0xD860, 0xC020, 0xA800, 0x9800, 0x9000, 0x8000, 0x7000,
  0x6000, 0x4800, 0x3000, 0x2800, 0x2800, 0x3000, 0x3800, 0x2800, 0x1800, 0x0800, 0x0000, 0x0000, 0x0000, 0x0000, 0x1000, 0x2020,
  0x1020, 0x30C1, 0x6A03, 0xAB84, 0xDCA4, 0xF524, 0xFCE3, 0xF442, 0xF3C1, 0xF341, 0xEAA0, 0xEA20, 0xE1E0, 0xD960, 0xC0E0, 0xB080,
  0xA060, 0xA061, 0x9840, 0x9020, 0x9820, 0xB041, 0xD081, 0xE0C1, 0xE901, 0xE920, 0xE120, 0xD8E0, 0xC880, 0xC040, 0xC040, 0xB840,
  0xB841, 0xB020, 0xA820, 0xA820, 0xB040, 0xB840, 0xC020, 0xC820, 0xD820, 0xD040, 0xC020, 0xA000, 0x9000, 0x8000, 0x7800, 0x6800,
  0x5800, 0x4800, 0x3800, 0x3000, 0x3000, 0x3020, 0x3800, 0x2800, 0x1800, 0x0800, 0x0000, 0x0000, 0x0000, 0x0800, 0x1800, 0x2820,
  0x1040, 0x30C1, 0x6A03, 0xAB64, 0xDC84, 0xF504, 0xFCA3, 0xF421, 0xF3C1, 0xF340, 0xF2E0, 0xF2A1, 0xEA41, 0xE1A0, 0xD100, 0xC0C0,
  0xB8A0, 0xB080, 0xA840, 0xA820, 0xA820, 0xB841, 0xC861, 0xD060, 0xD880, 0xD080, 0xC880, 0xC060, 0xA840, 0xA020, 0xA020, 0xA040,
  0xA841, 0xA020, 0xA020, 0xA020, 0xA820, 0xB820, 0xC000, 0xC800, 0xD840, 0xD861, 0xC861, 0xB020, 0x9800, 0x8000, 0x7800, 0x6800,
  0x5800, 0x4000, 0x3800, 0x3000, 0x3000, 0x3000, 0x3800, 0x2800, 0x1800, 0x0800, 0x0000, 0x0000, 0x0000, 0x1000, 0x2000, 0x2820,
  0x1040, 0x30C1, 0x69E2, 0xAB64, 0xD484, 0xF4E4, 0xF482, 0xFC01, 0xF3A1, 0xF341, 0xF341, 0xF301, 0xF261, 0xE9C0, 0xE140, 0xD120,
  0xD100, 0xC8C0, 0xC080, 0xB840, 0xB841, 0xB841, 0xC040, 0xC020, 0xC020, 0xB820, 0xB020, 0xA820, 0x9820, 0x9820, 0x9820, 0x9841,
  0x9841, 0x9020, 0x8800, 0x8800, 0x9820, 0xA000, 0xA800, 0xB800, 0xC840, 0xD061, 0xD061, 0xC020, 0xA000, 0x9000, 0x8800, 0x7800,
  0x6000, 0x4800, 0x3800, 0x3000, 0x2800, 0x2800, 0x3800, 0x2800, 0x1800, 0x0800, 0x0000, 0x0000, 0x0800, 0x1800, 0x2800, 0x2800,
  0x1040, 0x30C1, 0x61E2, 0xA344, 0xD464, 0xECA4, 0xFC62, 0xFC01, 0xF381, 0xF381, 0xF3A2, 0xF301, 0xF241, 0xF1E0, 0xE9A0, 0xE181,
  0xE160, 0xD920, 0xD0C0, 0xC880, 0xC060, 0xB861, 0xB860, 0xB020, 0xA820, 0xA000, 0xA020, 0x9820, 0x9820, 0x9820, 0xA040, 0xA861,
  0xA061, 0x9020, 0x8000, 0x8000, 0x8000, 0x8800, 0x9000, 0x9800, 0xB020, 0xB840, 0xC020, 0xB020, 0xA000, 0x9800, 0x9000, 0x8800,
  0x7000, 0x5800, 0x4000, 0x3000, 0x2800, 0x2800, 0x3800, 0x2800, 0x1800, 0x0800, 0x0000, 0x0000, 0x1000, 0x2000, 0x2820, 0x2800,
  0x1020, 0x30C1, 0x61E2, 0x9B44, 0xD444, 0xEC83, 0xF462, 0xFBE1, 0xF3A1, 0xF3C2, 0xF382, 0xF2A1, 0xF200, 0xF200, 0xF1E0, 0xF1C0,
  0xE9A0, 0xE960, 0xE100, 0xD8E0, 0xD101, 0xC8E1, 0xC8A1, 0xB860, 0xB040, 0xA020, 0x9820, 0x9800, 0x9820, 0xA020, 0xA861, 0xB0A2,
  0xA881, 0x9840, 0x9000, 0x8800, 0x8800, 0x8800, 0x8800, 0x9800, 0xA800, 0xC020, 0xC020, 0xB820, 0xA800, 0x9800, 0x9000, 0x8000,
  0x6800, 0x5800, 0x4000, 0x3000, 0x2800, 0x2800, 0x3000, 0x2000, 0x1000, 0x0000, 0x0000, 0x0000, 0x1000, 0x2000, 0x2800, 0x2800,
  0x1040, 0x28C1, 0x59C2, 0x9B24, 0xCC24, 0xEC63, 0xF443, 0xFBE2, 0xFBE2, 0xF3C2, 0xF301, 0xF221, 0xF220, 0xFA21, 0xF1E0, 0xF1C0,
  0xF1A0, 0xF180, 0xE960, 0xE981, 0xE9A1, 0xE161, 0xD901, 0xD0A0, 0xC080, 0xB040, 0xA820, 0xA020, 0x9820, 0xA020, 0xA861, 0xB0A2,
  0xA881, 0xA041, 0x9820, 0x9800, 0x9800, 0x9800, 0xA000, 0xB020, 0xC840, 0xD860, 0xD860, 0xD060, 0xC040, 0xA800, 0x9000, 0x7800,
  0x6000, 0x4800, 0x3800, 0x2800, 0x2000, 0x2000, 0x2800, 0x1800, 0x0800, 0x0000, 0x0000, 0x0800, 0x1820, 0x2000, 0x2000, 0x2820,
  0x1040, 0x28C1, 0x59C2, 0x92E4, 0xCBE4, 0xEC63, 0xF442, 0xFBE2, 0xFBC2, 0xF341, 0xF281, 0xF241, 0xF261, 0xFA20, 0xF9C0, 0xF1A0,
  0xF1C0, 0xF1A0, 0xF1A1, 0xF1E1, 0xF1E1, 0xF181, 0xE941, 0xE120, 0xD8C0, 0xD0A0, 0xC880, 0xB840, 0xB020, 0xA840, 0xA861, 0xB081,
  0xA061, 0x9820, 0x9820, 0x9800, 0x9800, 0xA000, 0xB020, 0xC060, 0xD881, 0xE8C1, 0xE8A1, 0xE881, 0xD040, 0xB820, 0x9000, 0x6800,
  0x5000, 0x3800, 0x3000, 0x2800, 0x2000, 0x2000, 0x2000, 0x1000, 0x0800, 0x0000, 0x0800, 0x1000, 0x2020, 0x2020, 0x2000, 0x2820,
  0x0820, 0x28C1, 0x59A2, 0x92C3, 0xCBC4, 0xEC23, 0xF402, 0xFBA1, 0xF361, 0xF2E1, 0xF261, 0xF281, 0xFA81, 0xFA01, 0xF1C1, 0xF1E1,
  0xF1E1, 0xF1A0, 0xF1A1, 0xF1C1, 0xF1C1, 0xF1A1, 0xF181, 0xF160, 0xE920, 0xE900, 0xE0C0, 0xD880, 0xD060, 0xC860, 0xC0A1, 0xB8A1,
  0xB040, 0x9820, 0x9000, 0x8800, 0x9000, 0x9800, 0xA820, 0xC040, 0xD081, 0xE081, 0xE081, 0xD860, 0xC840, 0xA800, 0x8000, 0x5800,
  0x4000, 0x3000, 0x2800, 0x2000, 0x2000, 0x1800, 0x1800, 0x1000, 0x0800, 0x0000, 0x0800, 0x1800, 0x2820, 0x2800, 0x2800, 0x3020,
  0x0840, 0x28A1, 0x5982, 0x92A3, 0xCB63, 0xE3C2, 0xF381, 0xF341, 0xF2E1, 0xF2A1, 0xF2A1, 0xF2C1, 0xFA61, 0xF201, 0xF222, 0xF222,
  0xF1A1, 0xE940, 0xE940, 0xE960, 0xE960, 0xF181, 0xF1A1, 0xF181, 0xF160, 0xF120, 0xE8E0, 0xE8A0, 0xE080, 0xD8A1, 0xD902, 0xD0C1,
  0xC060, 0xA820, 0x9000, 0x8800, 0x8800, 0x8800, 0x9000, 0x9820, 0xA820, 0xB840, 0xB820, 0xB820, 0xA800, 0x8800, 0x6800, 0x4800,
  0x3800, 0x3000, 0x2800, 0x2000, 0x1800, 0x1800, 0x1000, 0x0800, 0x0000, 0x0800, 0x1000, 0x2000, 0x2800, 0x2800, 0x3000, 0x3000,
  0x1020, 0x28A1, 0x5961, 0x9262, 0xC302, 0xE321, 0xF301, 0xF2E0, 0xF2C0, 0xF2A1, 0xF2C1, 0xF261, 0xF201, 0xF202, 0xF222, 0xF1E1,
  0xE920, 0xD8C0, 0xD0C0, 0xD0E0, 0xD100, 0xD940, 0xD940, 0xE140, 0xE120, 0xE100, 0xE0C0, 0xD880, 0xD880, 0xE0C1, 0xE102, 0xD8C1,
  0xC860, 0xA820, 0x9800, 0x8800, 0x8000, 0x7800, 0x7000, 0x7000, 0x7800, 0x8000, 0x8000, 0x8000, 0x7800, 0x6800, 0x5000, 0x4000,
  0x3000, 0x2800, 0x2000, 0x2000, 0x1800, 0x1800, 0x1000, 0x0800, 0x0800, 0x0800, 0x1800, 0x2000, 0x2800, 0x2800, 0x2800, 0x2800,
  0x1020, 0x3081, 0x5941, 0x91E1, 0xBA61, 0xDAA1, 0xEAC1, 0xF2C0, 0xF281, 0xF261, 0xF241, 0xF1C1, 0xF1C1, 0xF1E2, 0xE9C2, 0xE121,
  0xD0A0, 0xC080, 0xB080, 0xA880, 0xA8A0, 0xB0C0, 0xB0C0, 0xB8C0, 0xB8A0, 0xB880, 0xB860, 0xB840, 0xC040, 0xC8A1, 0xC8C1, 0xC881,
  0xB840, 0x9800, 0x8800, 0x8000, 0x7800, 0x6800, 0x6000, 0x5800, 0x5000, 0x5000, 0x5800, 0x5800, 0x5800, 0x5000, 0x4800, 0x3800,
  0x3000, 0x2800, 0x2000, 0x1800, 0x1800, 0x1800, 0x0800, 0x0800, 0x0800, 0x1000, 0x2000, 0x3000, 0x2800, 0x2000, 0x2000, 0x2800,
  0x1020, 0x3080, 0x5901, 0x8981, 0xB201, 0xDA81, 0xEAA1, 0xF281, 0xF241, 0xF1E1, 0xE981, 0xF161, 0xF161, 0xE961, 0xE101, 0xD8A0,
  0xC060, 0xA860, 0x9040, 0x8040, 0x8040, 0x8060, 0x8860, 0x8040, 0x8040, 0x8020, 0x8020, 0x8820, 0x9020, 0x9840, 0x9860, 0x9840,
  0x8820, 0x7000, 0x6800, 0x6800, 0x6800, 0x6000, 0x5800, 0x5000, 0x4800, 0x4000, 0x4800, 0x4800, 0x4800, 0x4800, 0x4000, 0x4000,
  0x3000, 0x2000, 0x1800, 0x1800, 0x1800, 0x1800, 0x0800, 0x0800, 0x0800, 0x1800, 0x2800, 0x3820, 0x3820, 0x2800, 0x2000, 0x2000,
  0x1820, 0x3060, 0x50C0, 0x8161, 0xB1E1, 0xD261, 0xEA61, 0xF221, 0xF1C1, 0xE961, 0xE941, 0xF141, 0xF141, 0xE901, 0xD8A0, 0xC880,
  0xB080, 0x9860, 0x8040, 0x7020, 0x6820, 0x6820, 0x6820, 0x6020, 0x5800, 0x5800, 0x5800, 0x5800, 0x6000, 0x6020, 0x6820, 0x6000,
  0x5800, 0x5000, 0x4800, 0x4800, 0x5000, 0x5820, 0x6020, 0x5820, 0x4800, 0x4000, 0x4000, 0x4000, 0x4000, 0x4000, 0x4000, 0x3800,
  0x3000, 0x2000, 0x1800, 0x1800, 0x1800, 0x1800, 0x0800, 0x0800, 0x1000, 0x2000, 0x3000, 0x3820, 0x3820, 0x2800, 0x2000, 0x2000,
  0x1020, 0x2860, 0x48C0, 0x7941, 0xA9E1, 0xD221, 0xE221, 0xE9E1, 0xE9A1, 0xE981, 0xF181, 0xF181, 0xF141, 0xE900, 0xD8E0, 0xC8C0,
  0xB8C1, 0x98A0, 0x8860, 0x7820, 0x7820, 0x7020, 0x6020, 0x5820, 0x5000, 0x4800, 0x4800, 0x4800, 0x4800, 0x4800, 0x4800, 0x4800,
  0x4000, 0x4000, 0x4000, 0x4000, 0x4800, 0x6820, 0x7840, 0x7020, 0x5800, 0x4800, 0x3800, 0x3800, 0x3000, 0x3000, 0x3000, 0x2800,
  0x2000, 0x2000, 0x1800, 0x1800, 0x1000, 0x1000, 0x0800, 0x0800, 0x1800, 0x2000, 0x3000, 0x3000, 0x3020, 0x2820, 0x2820, 0x2800,
  0x1020, 0x2040, 0x40A0, 0x7121, 0xA1A1, 0xC9E1, 0xD9C1, 0xE9C1, 0xF1C1, 0xF1C1, 0xF1C1, 0xF1A1, 0xF160, 0xE940, 0xE140, 0xD941,
  0xC921, 0xB0C0, 0xA080, 0x9880, 0x9860, 0x8860, 0x8060, 0x7040, 0x6020, 0x5800, 0x5000, 0x5000, 0x5000, 0x5000, 0x4800, 0x4800,
  0x4000, 0x4000, 0x4000, 0x4000, 0x5000, 0x6820, 0x7820, 0x7020, 0x5800, 0x4000, 0x3800, 0x2800, 0x2800, 0x2000, 0x2000, 0x2000,
  0x1800, 0x1800, 0x1000, 0x1000, 0x1000, 0x1000, 0x0800, 0x1000, 0x2000, 0x3000, 0x3000, 0x3000, 0x2800, 0x3020, 0x3020, 0x3020,
  0x0800, 0x2040, 0x40A0, 0x7101, 0x9941, 0xB961, 0xD181, 0xE9C1, 0xF1E1, 0xF9E1, 0xF9E0, 0xF1C0, 0xF1C0, 0xF1C0, 0xE9A0, 0xE1A0,
  0xD960, 0xD120, 0xC900, 0xC0E1, 0xC0E1, 0xB8E1, 0xA8C1, 0x98A0, 0x8860, 0x8040, 0x7040, 0x7020, 0x6820, 0x6020, 0x6020, 0x5800,
  0x5000, 0x4800, 0x4000, 0x4800, 0x5000, 0x6000, 0x6800, 0x6000, 0x5000, 0x4000, 0x3000, 0x2800, 0x2000, 0x1800, 0x1800, 0x1800,
  0x1800, 0x1000, 0x1000, 0x1000, 0x1000, 0x1000, 0x0800, 0x1000, 0x2800, 0x3000, 0x3000, 0x3000, 0x2800, 0x3000, 0x3820, 0x3841,
  0x0800, 0x2040, 0x4080, 0x68A0, 0x90E0, 0xB120, 0xD181, 0xE9E1, 0xF201, 0xFA21, 0xFA20, 0xF200, 0xF1E0, 0xF1E0, 0xF1C0, 0xE9A0,
  0xE9A0, 0xE980, 0xE980, 0xE161, 0xE181, 0xD981, 0xD161, 0xC901, 0xB8C1, 0xB0A1, 0xA0A1, 0x98A0, 0x90A0, 0x9080, 0x8060, 0x7840,
  0x7020, 0x6800, 0x6000, 0x5800, 0x5800, 0x5800, 0x5800, 0x5800, 0x4800, 0x4000, 0x3000, 0x2800, 0x2000, 0x1800, 0x1800, 0x1800,
  0x1800, 0x1800, 0x1800, 0x1000, 0x1000, 0x1000, 0x1000, 0x1800, 0x2000, 0x2800, 0x3000, 0x3000, 0x3000, 0x3020, 0x3820, 0x4041,
  0x1820, 0x2820, 0x4840, 0x7060, 0x98C0, 0xC141, 0xE1C1, 0xF221, 0xF241, 0xF241, 0xF220, 0xF200, 0xF1C0, 0xF1A0, 0xF180, 0xF1A0,
  0xF1C0, 0xF1C0, 0xF1C0, 0xF1E1, 0xF221, 0xF221, 0xE9E1, 0xE181, 0xD941, 0xD941, 0xD161, 0xC961, 0xC141, 0xC100, 0xB8E0, 0xB0A0,
  0xA860, 0x9820, 0x8820, 0x7800, 0x7000, 0x6800, 0x6000, 0x5800, 0x5000, 0x4800, 0x3800, 0x3000, 0x2800, 0x2800, 0x2800, 0x2800,
  0x2800, 0x2000, 0x2000, 0x1800, 0x1800, 0x1800, 0x1800, 0x2000, 0x2800, 0x2800, 0x2800, 0x3000, 0x3800, 0x3820, 0x4040, 0x4040,
  0x3020, 0x4820, 0x6840, 0x9080, 0xB901, 0xD9A1, 0xEA22, 0xF241, 0xF241, 0xF221, 0xF1E0, 0xF1A0, 0xE940, 0xE920, 0xF160, 0xF1C0,
  0xFA00, 0xFA00, 0xFA20, 0xFA81, 0xFAC1, 0xF281, 0xF201, 0xF1C1, 0xE9E1, 0xEA21, 0xEA21, 0xEA01, 0xE9C0, 0xE180, 0xE140, 0xE0E0,
  0xD880, 0xC840, 0xB820, 0xA020, 0x8800, 0x7800, 0x7000, 0x6800, 0x6000, 0x5800, 0x5000, 0x4000, 0x3800, 0x3800, 0x4000, 0x4000,
  0x3800, 0x3000, 0x2800, 0x2000, 0x2000, 0x1800, 0x2000, 0x3000, 0x3000, 0x3000, 0x2800, 0x3000, 0x3800, 0x3820, 0x3840, 0x3840,
  0x6060, 0x7860, 0x9080, 0xB8C1, 0xD141, 0xE9C2, 0xF202, 0xF201, 0xF201, 0xF1E1, 0xF181, 0xE941, 0xE901, 0xE940, 0xF1A0, 0xF220,
  0xFA40, 0xFA60, 0xFAC1, 0xFB01, 0xFAE1, 0xFA61, 0xF1E1, 0xF1E1, 0xF241, 0xF281, 0xF261, 0xF220, 0xF9C0, 0xF980, 0xF140, 0xF100,
  0xE880, 0xE040, 0xD020, 0xB820, 0xA800, 0x9000, 0x8000, 0x7800, 0x7000, 0x6000, 0x5800, 0x4800, 0x4000, 0x4000, 0x4800, 0x4800,
  0x4800, 0x4000, 0x3000, 0x2800, 0x2000, 0x2000, 0x2000, 0x3800, 0x3800, 0x3800, 0x3000, 0x3000, 0x3000, 0x3020, 0x3020, 0x3020,
  0x8101, 0x90E0, 0xA0C0, 0xB8C1, 0xC901, 0xE161, 0xE9A2, 0xF1E2, 0xF1E2, 0xF1E2, 0xF1C1, 0xF181, 0xE961, 0xE962, 0xE9C1, 0xF221,
  0xF281, 0xFAA1, 0xFAC1, 0xFB01, 0xFB21, 0xFAC1, 0xFA41, 0xF1C1, 0xF1E1, 0xF241, 0xFA81, 0xFA40, 0xF9E0, 0xF9A0, 0xF980, 0xF940,
  0xF0E0, 0xE860, 0xE020, 0xD020, 0xC020, 0xA800, 0x9800, 0x8800, 0x8000, 0x7800, 0x6800, 0x5800, 0x4800, 0x4800, 0x4000, 0x4800,
  0x4800, 0x4000, 0x3800, 0x3000, 0x2800, 0x2000, 0x2000, 0x4020, 0x4000, 0x4000, 0x3800, 0x2800, 0x2800, 0x2820, 0x2820, 0x2820,
  0x99A1, 0xB1A1, 0xC161, 0xC961, 0xD961, 0xE182, 0xF1A2, 0xF1C2, 0xF1E2, 0xF202, 0xF202, 0xF1E2, 0xE9A1, 0xE9A2, 0xEA03, 0xEA43,
  0xF2A2, 0xF2E2, 0xF302, 0xFB02, 0xFB22, 0xFB02, 0xFAA1, 0xFA21, 0xF1E1, 0xF201, 0xF261, 0xFA61, 0xFA40, 0xFA00, 0xF9E0, 0xF9C1,
  0xF181, 0xF0E0, 0xE880, 0xE040, 0xD040, 0xC020, 0xB000, 0xA000, 0x9800, 0x9000, 0x8800, 0x7000, 0x6000, 0x5000, 0x4000, 0x4000,
  0x3800, 0x3000, 0x2800, 0x2000, 0x2000, 0x1800, 0x1800, 0x3820, 0x3800, 0x3800, 0x3000, 0x2800, 0x2020, 0x2020, 0x2020, 0x2020,
  0xAA22, 0xC222, 0xD201, 0xE1C1, 0xE1C1, 0xE9E2, 0xF202, 0xFA02, 0xFA22, 0xF263, 0xF283, 0xF243, 0xE9E2, 0xE9A2, 0xE1E3, 0xE223,
  0xE263, 0xEA82, 0xEAA2, 0xEAC2, 0xEAC2, 0xF2C2, 0xF2C2, 0xF261, 0xF201, 0xF1C1, 0xF1E1, 0xF221, 0xF241, 0xF221, 0xF221, 0xF221,
  0xF1E1, 0xF181, 0xE901, 0xE8A1, 0xD881, 0xD040, 0xC020, 0xB820, 0xB000, 0xB000, 0xA000, 0x9000, 0x7800, 0x6000, 0x4800, 0x3800,
  0x2800, 0x2000, 0x1800, 0x1800, 0x1800, 0x1800, 0x1800, 0x2000, 0x3020, 0x3020, 0x3020, 0x2820, 0x2020, 0x2020, 0x2020, 0x2020,
  0xB282, 0xD2A2, 0xE261, 0xEA01, 0xE9C1, 0xF1E1, 0xF222, 0xFA62, 0xFA83, 0xFAA3, 0xFAE3, 0xF2E3, 0xF282, 0xEA02, 0xE1C2, 0xD9E3,
  0xDA03, 0xD9E2, 0xD9E2, 0xD9E2, 0xD9E2, 0xDA01, 0xDA01, 0xE1E1, 0xE1A1, 0xE160, 0xD940, 0xD960, 0xD9A0, 0xD9A1, 0xE1C1, 0xE1C1,
  0xE1A1, 0xE9A1, 0xE961, 0xE942, 0xE8E1, 0xD8A1, 0xD061, 0xC840, 0xC820, 0xC820, 0xC020, 0xA800, 0x9000, 0x7000, 0x5000, 0x3800,
  0x2800, 0x1800, 0x1800, 0x1000, 0x1000, 0x1800, 0x1800, 0x2000, 0x3020, 0x3020, 0x3020, 0x2820, 0x2820, 0x2020, 0x2020, 0x2020,
  0xBAC3, 0xDB02, 0xEAC2, 0xEA41, 0xE9C1, 0xE9A1, 0xF1E1, 0xFA42, 0xFAA3, 0xFAC3, 0xFB03, 0xFB23, 0xFB03, 0xF2A2, 0xEA22, 0xE1E2,
  0xD9E2, 0xD9C2, 0xD181, 0xD141, 0xC941, 0xC921, 0xC941, 0xC941, 0xC921, 0xC900, 0xC0C0, 0xB8C0, 0xB0C0, 0xB0E0, 0xB0E0, 0xB100,
  0xB900, 0xC121, 0xD962, 0xE9A2, 0xE962, 0xE902, 0xE0C1, 0xE0A1, 0xE060, 0xE020, 0xD020, 0xB800, 0x9800, 0x7800, 0x5000, 0x3800,
  0x2800, 0x2000, 0x1800, 0x1000, 0x1000, 0x1000, 0x1800, 0x2000, 0x2820, 0x3020, 0x3020, 0x3020, 0x3020, 0x2820, 0x2841, 0x2841,
  0xBA83, 0xDB23, 0xEB22, 0xF2C1, 0xF221, 0xE9A1, 0xE981, 0xF1E1, 0xFA62, 0xFAA3, 0xFAE3, 0xFB23, 0xFB43, 0xFB23, 0xF2C2, 0xEA62,
  0xEA42, 0xE222, 0xD9C1, 0xD981, 0xD141, 0xD121, 0xC921, 0xC921, 0xC121, 0xC101, 0xB8C1, 0xB0A0, 0xA060, 0x9040, 0x8840, 0x8860,
  0x9060, 0xA080, 0xB0E1, 0xD162, 0xE983, 0xE942, 0xE8E2, 0xE8A1, 0xE881, 0xE040, 0xD020, 0xB800, 0x9800, 0x7800, 0x5800, 0x4000,
  0x3000, 0x2800, 0x2000, 0x1800, 0x1800, 0x1800, 0x1800, 0x1800, 0x2000, 0x3020, 0x3020, 0x3020, 0x3020, 0x3041, 0x3041, 0x3041,
  0xBA22, 0xDAE3, 0xEB22, 0xF302, 0xF2A1, 0xF221, 0xE9C1, 0xE9A1, 0xF1E1, 0xF262, 0xFAA2, 0xFAC2, 0xFB03, 0xFB23, 0xFB03, 0xF2C2,
  0xF282, 0xF262, 0xEA41, 0xEA01, 0xE1C1, 0xE181, 0xE161, 0xD962, 0xD962, 0xD162, 0xC922, 0xC0E1, 0xB0A1, 0xA040, 0x9020, 0x8820,
  0x8820, 0x9840, 0xA861, 0xC0C1, 0xD902, 0xE102, 0xE0A1, 0xD861, 0xD840, 0xC820, 0xB800, 0xA000, 0x8800, 0x7000, 0x5800, 0x4800,
  0x3800, 0x2800, 0x2000, 0x2000, 0x1800, 0x1800, 0x1800, 0x1800, 0x2000, 0x2800, 0x2800, 0x3020, 0x3021, 0x3841, 0x3841, 0x3841,
  0xB9A2, 0xDA42, 0xEAA2, 0xF2C2, 0xF2A1, 0xF261, 0xF241, 0xF1E1, 0xF1A1, 0xF1E1, 0xF221, 0xF242, 0xF242, 0xFAA2, 0xFAC2, 0xFAA2,
  0xFA62, 0xFA42, 0xFA41, 0xF221, 0xF1E1, 0xF181, 0xF161, 0xE961, 0xE982, 0xE162, 0xD942, 0xD101, 0xC0C1, 0xB080, 0xA020, 0x9020,
  0x9020, 0x9820, 0xA840, 0xB041, 0xC061, 0xD081, 0xD060, 0xC820, 0xB800, 0xA800, 0x9800, 0x8000, 0x6800, 0x5800, 0x5000, 0x4000,
  0x3800, 0x3000, 0x3000, 0x2800, 0x2800, 0x2000, 0x2000, 0x2000, 0x1800, 0x2000, 0x2800, 0x3020, 0x3841, 0x4082, 0x4082, 0x4082,
  0xB942, 0xD9C2, 0xEA02, 0xEA21, 0xEA21, 0xF201, 0xF221, 0xF221, 0xF1E1, 0xF1C1, 0xF1C1, 0xF1C1, 0xF1A1, 0xF1E1, 0xF241, 0xFA62,
  0xFA22, 0xF9E1, 0xF9C1, 0xF9C1, 0xF9A1, 0xF140, 0xF120, 0xE900, 0xE101, 0xD901, 0xD0E1, 0xC0A1, 0xB081, 0xA840, 0x9820, 0x8800,
  0x8800, 0x8800, 0x9020, 0x9820, 0xA020, 0xA820, 0xB020, 0xB000, 0xA800, 0x9800, 0x8800, 0x7000, 0x6800, 0x6000, 0x5800, 0x5000,
  0x5000, 0x4800, 0x4800, 0x4000, 0x3800, 0x3000, 0x2800, 0x2000, 0x2000, 0x2000, 0x2800, 0x3020, 0x3841, 0x40A2, 0x40A2, 0x40A2,
  0xB901, 0xD962, 0xE981, 0xE9A1, 0xE981, 0xE961, 0xE9A1, 0xF1C1, 0xF1E1, 0xF1C1, 0xF1A1, 0xF1A1, 0xE940, 0xE920, 0xE981, 0xF201,
  0xF201, 0xF9A1, 0xF961, 0xF941, 0xF141, 0xF100, 0xE8C0, 0xE0A0, 0xD8A0, 0xC080, 0xB060, 0xA040, 0x9020, 0x8820, 0x8000, 0x7000,
  0x6800, 0x6800, 0x6800, 0x7000, 0x7800, 0x8000, 0x9000, 0xA000, 0xB020, 0xA800, 0xA000, 0x9000, 0x8800, 0x8000, 0x7000, 0x7000,
  0x6800, 0x6000, 0x5800, 0x5000, 0x4000, 0x3800, 0x2800, 0x2800, 0x2000, 0x2000, 0x2020, 0x3020, 0x3041, 0x3862, 0x3862, 0x3862,
  0xB121, 0xD121, 0xE141, 0xE961, 0xE941, 0xE100, 0xE100, 0xE141, 0xE961, 0xE981, 0xE981, 0xE9A1, 0xE940, 0xE0E0, 0xE0E0, 0xE961,
  0xE9A1, 0xF181, 0xF121, 0xF0E0, 0xF0C0, 0xE8C0, 0xE880, 0xE060, 0xC860, 0xB060, 0x9840, 0x8820, 0x8000, 0x7000, 0x6800, 0x6800,
  0x6000, 0x5800, 0x5800, 0x5800, 0x6800, 0x7000, 0x8800, 0xA000, 0xB820, 0xB820, 0xB020, 0xB000, 0xA800, 0xA000, 0x9000, 0x8000,
  0x7000, 0x6000, 0x5800, 0x5000, 0x4000, 0x3800, 0x3000, 0x2800, 0x2000, 0x2000, 0x2000, 0x2020, 0x2020, 0x2841, 0x2841, 0x2841,
  0xB981, 0xD981, 0xE161, 0xE961, 0xE941, 0xE920, 0xE0E0, 0xE0E0, 0xE101, 0xE100, 0xE121, 0xE961, 0xE141, 0xD8E0, 0xD0A0, 0xD8C0,
  0xE121, 0xE141, 0xE101, 0xE0A0, 0xE080, 0xE080, 0xE080, 0xD860, 0xD060, 0xB860, 0xA040, 0x9020, 0x8820, 0x8020, 0x7820, 0x8040,
  0x8040, 0x7820, 0x7800, 0x7800, 0x8000, 0x8800, 0x9000, 0xA800, 0xB820, 0xC020, 0xC020, 0xC020, 0xB800, 0xB000, 0xA000, 0x8800,
  0x7800, 0x6800, 0x5800, 0x5000, 0x4800, 0x4800, 0x3800, 0x3000, 0x2000, 0x2000, 0x2000, 0x3040, 0x2020, 0x2020, 0x2020, 0x2020,
  0xC242, 0xDA21, 0xE9E1, 0xE9A1, 0xE9A1, 0xE981, 0xE940, 0xE120, 0xE101, 0xE0E0, 0xE0E0, 0xE101, 0xE121, 0xD8E1, 0xD080, 0xC880,
  0xD0C1, 0xD901, 0xD901, 0xD8C0, 0xD880, 0xD860, 0xD860, 0xD860, 0xD860, 0xD080, 0xC080, 0xB060, 0xA860, 0xA860, 0xA880, 0xA8A0,
  0xB0C0, 0xB0A0, 0xB060, 0xB840, 0xB820, 0xB820, 0xB800, 0xB800, 0xB800, 0xC020, 0xC020, 0xC840, 0xC840, 0xB820, 0xA800, 0x9000,
  0x8000, 0x7000, 0x6000, 0x6000, 0x6000, 0x5800, 0x5000, 0x3800, 0x2800, 0x2000, 0x2000, 0x2820, 0x2041, 0x2041, 0x2041, 0x2041,
  0xCAC2, 0xE2E2, 0xEAC2, 0xF261, 0xF221, 0xF201, 0xF1E1, 0xE9A1, 0xE961, 0xE921, 0xE100, 0xE0E0, 0xD8E1, 0xD8C0, 0xD080, 0xC860,
  0xD0A0, 0xD901, 0xE121, 0xD901, 0xD8C0, 0xD080, 0xD060, 0xD860, 0xD860, 0xD8A1, 0xD8C1, 0xD0A0, 0xD0A0, 0xD0A0, 0xD0E0, 0xD921,
  0xD961, 0xE141, 0xE0E0, 0xE080, 0xD840, 0xD840, 0xD020, 0xC000, 0xB800, 0xB800, 0xB820, 0xC861, 0xD881, 0xD040, 0xB820, 0xA000,
  0x9000, 0x8000, 0x7800, 0x7000, 0x7000, 0x6800, 0x5800, 0x4800, 0x3800, 0x3000, 0x2800, 0x2820, 0x3861, 0x2861, 0x2861, 0x2861,
  0xD363, 0xE362, 0xF362, 0xF322, 0xF2E2, 0xF2A1, 0xF281, 0xF261, 0xF201, 0xF1A1, 0xF161, 0xE941, 0xE101, 0xE0A0, 0xD860, 0xD040,
  0xD060, 0xD8E1, 0xE121, 0xE141, 0xE121, 0xD8C1, 0xD080, 0xD060, 0xD860, 0xD880, 0xD8C1, 0xD8C0, 0xD8C0, 0xE0C0, 0xE900, 0xE961,
  0xE9A1, 0xF1A1, 0xF140, 0xF0C0, 0xE880, 0xE061, 0xD061, 0xC020, 0xB000, 0xA800, 0xA020, 0xB041, 0xC861, 0xD861, 0xD040, 0xC040,
  0xB020, 0xA000, 0x9000, 0x8000, 0x7800, 0x7000, 0x6000, 0x5000, 0x4000, 0x3800, 0x2800, 0x2800, 0x3040, 0x3061, 0x3061, 0x3061,
  0xDBC4, 0xEBA3, 0xEB83, 0xF383, 0xF362, 0xF342, 0xF322, 0xFB22, 0xFAE2, 0xFA61, 0xFA01, 0xF1C1, 0xF161, 0xE8E0, 0xE060, 0xD040,
  0xD040, 0xD880, 0xE0E1, 0xE921, 0xE921, 0xE101, 0xE0A1, 0xD860, 0xD860, 0xD860, 0xD880, 0xD0A0, 0xD080, 0xD8A0, 0xE0C0, 0xE900,
  0xE941, 0xE961, 0xF141, 0xF0C0, 0xE860, 0xE060, 0xD061, 0xC040, 0xB000, 0x9800, 0x9000, 0x9020, 0xA820, 0xC840, 0xD861, 0xD861,
  0xC840, 0xB020, 0x9800, 0x8800, 0x8000, 0x7000, 0x6800, 0x5800, 0x4800, 0x3800, 0x2800, 0x2000, 0x2820, 0x2820, 0x2820, 0x2820,
  0xDC04, 0xEC03, 0xEB82, 0xEB62, 0xEB62, 0xF362, 0xF382, 0xFBC3, 0xFBC3, 0xFB62, 0xFAC2, 0xFA41, 0xF1E1, 0xF141, 0xE8A0, 0xD840,
  0xD020, 0xD040, 0xD880, 0xE0C0, 0xE0E1, 0xE0E1, 0xE0C1, 0xE080, 0xE060, 0xD860, 0xD860, 0xD060, 0xC860, 0xC860, 0xD060, 0xE080,
  0xE0A0, 0xE0E1, 0xE921, 0xE901, 0xE880, 0xE040, 0xD840, 0xC840, 0xB820, 0xA820, 0x9800, 0x8800, 0x9000, 0xA820, 0xC861, 0xD081,
  0xC061, 0xA820, 0x8800, 0x7000, 0x6800, 0x6000, 0x6000, 0x5000, 0x4000, 0x3000, 0x2800, 0x2000, 0x2020, 0x2020, 0x2020, 0x2020,
  0xE424, 0xF444, 0xEBA3, 0xE302, 0xE2E2, 0xE302, 0xEB42, 0xF3C3, 0xFC24, 0xFC24, 0xFBA3, 0xFAE2, 0xF221, 0xF181, 0xE8E0, 0xD860,
  0xC820, 0xC020, 0xC820, 0xD060, 0xD880, 0xD8A1, 0xD8A1, 0xE081, 0xE081, 0xE081, 0xE081, 0xD880, 0xD060, 0xC860, 0xD060, 0xD840,
  0xE060, 0xE0A0, 0xE0E1, 0xE922, 0xE0E1, 0xE060, 0xD820, 0xD020, 0xC840, 0xC020, 0xB020, 0xA000, 0x9000, 0x9800, 0xA840, 0xB061,
  0xA040, 0x8000, 0x6000, 0x5000, 0x4000, 0x4000, 0x4000, 0x4000, 0x3000, 0x2800, 0x2000, 0x2000, 0x2000, 0x3060, 0x3060, 0x3060,
  0xE424, 0xF464, 0xF424, 0xE322, 0xD282, 0xD261, 0xDAA1, 0xE322, 0xEBE3, 0xF445, 0xFC25, 0xFB43, 0xF242, 0xE981, 0xD8E0, 0xD080,
  0xC020, 0xB800, 0xB000, 0xB820, 0xC040, 0xC061, 0xC881, 0xD061, 0xD881, 0xE0A1, 0xE0A1, 0xE081, 0xD880, 0xD881, 0xD881, 0xD860,
  0xD840, 0xD860, 0xD8C1, 0xD8E2, 0xD8E1, 0xD081, 0xC820, 0xC020, 0xC020, 0xC020, 0xB820, 0xB000, 0xA000, 0x9000, 0x9020, 0x8820,
  0x7000, 0x5800, 0x4000, 0x3800, 0x3000, 0x3000, 0x3800, 0x3800, 0x3000, 0x2800, 0x2000, 0x2000, 0x2000, 0x3040, 0x3040, 0x3040,
  0xEC25, 0xF444, 0xF444, 0xEB83, 0xDA82, 0xCA01, 0xC1E1, 0xCA41, 0xDB02, 0xE3C4, 0xEC05, 0xF384, 0xEA82, 0xE181, 0xD0E0, 0xC080,
  0xB040, 0xA820, 0xA000, 0xA000, 0xA020, 0xA861, 0xB061, 0xB061, 0xC060, 0xD081, 0xD081, 0xD060, 0xC860, 0xD060, 0xD081, 0xD860,
  0xD840, 0xD040, 0xD061, 0xC881, 0xC881, 0xC040, 0xB020, 0xA800, 0xA800, 0xA800, 0xB000, 0xB000, 0xA800, 0x9000, 0x7800, 0x6800,
  0x5800, 0x4800, 0x4000, 0x3800, 0x3000, 0x3000, 0x3000, 0x3000, 0x2800, 0x2800, 0x2000, 0x1800, 0x2000, 0x2820, 0x2820, 0x2820,
  0xEC86, 0xF424, 0xFC24, 0xF3E4, 0xE323, 0xCA22, 0xB9A1, 0xB1A1, 0xBA01, 0xCAA2, 0xDB44, 0xE344, 0xE262, 0xD961, 0xC8C0, 0xB060,
  0xA040, 0x9820, 0x9020, 0x9020, 0x8820, 0x8840, 0x9061, 0x9040, 0x9840, 0xA840, 0xA840, 0xA840, 0xA820, 0xA840, 0xB840, 0xC040,
  0xC040, 0xB820, 0xB020, 0xB841, 0xC041, 0xC040, 0xB020, 0xA820, 0xA820, 0xA800, 0xB820, 0xC020, 0xB820, 0xA820, 0x8800, 0x7000,
  0x6800, 0x6000, 0x5800, 0x5000, 0x4800, 0x4000, 0x3800, 0x2800, 0x2800, 0x2000, 0x2000, 0x2000, 0x1800, 0x2820, 0x3881, 0x3881,
  0xECC7, 0xFC45, 0xFBE3, 0xFBC3, 0xF383, 0xE2E2, 0xCA21, 0xB181, 0xA961, 0xB1A1, 0xBA22, 0xCA63, 0xCA22, 0xC941, 0xB8A0, 0xA040,
  0x9840, 0x9040, 0x8020, 0x8040, 0x7840, 0x7020, 0x7040, 0x7040, 0x7020, 0x7800, 0x8000, 0x8020, 0x8020, 0x8000, 0x8820, 0x9040,
  0x9040, 0x8820, 0x8820, 0x9820, 0xB040, 0xC040, 0xC860, 0xC880, 0xC860, 0xC860, 0xD860, 0xE080, 0xD840, 0xC820, 0xA820, 0x9000,
  0x8800, 0x8000, 0x7800, 0x7000, 0x6800, 0x5800, 0x4000, 0x3000, 0x3000, 0x3000, 0x2800, 0x2000, 0x1800, 0x2000, 0x3060, 0x3060,
  0xF4C7, 0xFCA6, 0xFBC4, 0xFB63, 0xF383, 0xEB43, 0xDAE2, 0xCA42, 0xB181, 0xA121, 0xA141, 0xA981, 0xB181, 0xA900, 0xA080, 0x9040,
  0x8840, 0x8040, 0x7820, 0x7040, 0x6840, 0x6020, 0x5820, 0x5820, 0x5820, 0x6000, 0x6800, 0x7020, 0x7040, 0x7840, 0x7820, 0x7020,
  0x6820, 0x6020, 0x6000, 0x6800, 0x9020, 0xB860, 0xD0C1, 0xE101, 0xE8E1, 0xE8C1, 0xF0C0, 0xF0C0, 0xE880, 0xD820, 0xC020, 0xB020,
  0xA820, 0xA020, 0x8800, 0x7800, 0x6800, 0x5800, 0x4800, 0x3800, 0x3800, 0x3800, 0x3000, 0x2800, 0x2000, 0x1800, 0x2840, 0x2840,
  0xF486, 0xFC86, 0xFC05, 0xFB43, 0xF302, 0xF342, 0xEB62, 0xE323, 0xCA82, 0xB1A2, 0xA101, 0x98E1, 0x98E1, 0x90A0, 0x8040, 0x7820,
  0x7020, 0x7020, 0x6820, 0x6020, 0x5820, 0x5020, 0x4800, 0x5020, 0x5020, 0x5820, 0x6820, 0x8060, 0x90A1, 0x90A1, 0x8860, 0x7020,
  0x5820, 0x4820, 0x4820, 0x4800, 0x6800, 0x9840, 0xC0C1, 0xE121, 0xF141, 0xF141, 0xF121, 0xF0E0, 0xE880, 0xD840, 0xC800, 0xC020,
  0xC040, 0xB020, 0x9000, 0x7800, 0x6000, 0x5000, 0x4000, 0x3800, 0x3800, 0x3800, 0x3000, 0x2800, 0x2000, 0x1800, 0x2020, 0x3881,
  0xF445, 0xFC45, 0xFC05, 0xFB43, 0xF2C2, 0xF2C2, 0xF342, 0xF3A3, 0xE363, 0xCAA3, 0xB1A2, 0xA0E1, 0x90C1, 0x8080, 0x7040, 0x6000,
  0x6000, 0x6000, 0x6000, 0x5800, 0x5000, 0x4800, 0x4800, 0x5020, 0x5840, 0x6840, 0x8080, 0xA0E1, 0xB921, 0xC121, 0xB0C1, 0x8860,
  0x6020, 0x5020, 0x4020, 0x4000, 0x5000, 0x7020, 0xA060, 0xC8C1, 0xE101, 0xE941, 0xE921, 0xE0C0, 0xD060, 0xB820, 0xB000, 0xB020,
  0xB020, 0xA020, 0x9000, 0x7000, 0x5800, 0x4800, 0x4000, 0x3800, 0x3800, 0x3800, 0x3000, 0x2800, 0x2000, 0x1800, 0x2000, 0x3061,
  0xF444, 0xFC04, 0xFBE4, 0xFB84, 0xF2E2, 0xF282, 0xF2C2, 0xF3A3, 0xF3E4, 0xE364, 0xCA83, 0xB982, 0xA921, 0x90E1, 0x7860, 0x6020,
  0x5800, 0x5800, 0x5800, 0x5820, 0x5820, 0x5020, 0x5000, 0x5820, 0x6841, 0x8061, 0x98C1, 0xC141, 0xD9A2, 0xE182, 0xD901, 0xB080,
  0x8840, 0x6020, 0x5020, 0x5020, 0x5800, 0x6820, 0x8020, 0xA840, 0xC080, 0xD0C1, 0xD0A0, 0xC060, 0xB020, 0xA000, 0x9800, 0x9000,
  0x9000, 0x8800, 0x8000, 0x6800, 0x5000, 0x4000, 0x3800, 0x3800, 0x3800, 0x3800, 0x3000, 0x2800, 0x2000, 0x2000, 0x2000, 0x3060,
  0xF464, 0xFBE3, 0xFBA3, 0xFBA3, 0xFB43, 0xF2C2, 0xF282, 0xF322, 0xF3E4, 0xF3C4, 0xE323, 0xD242, 0xC202, 0xB1A2, 0x98E1, 0x7860,
  0x6020, 0x6000, 0x6020, 0x7040, 0x7861, 0x7040, 0x7040, 0x7840, 0x8861, 0x9881, 0xB8E1, 0xD962, 0xE9C2, 0xF182, 0xE901, 0xD080,
  0xB040, 0x9040, 0x8060, 0x7860, 0x7840, 0x8020, 0x9840, 0xA840, 0xB840, 0xC060, 0xC040, 0xB820, 0xA820, 0xA020, 0xA020, 0xA000,
  0xA000, 0x9800, 0x8000, 0x7000, 0x5800, 0x4800, 0x4000, 0x3800, 0x3800, 0x3800, 0x3000, 0x2800, 0x2000, 0x1800, 0x2000, 0x3040,
  0xF483, 0xFC03, 0xFB62, 0xFB83, 0xFBA3, 0xFB43, 0xF2A2, 0xEAA2, 0xF363, 0xF3C3, 0xF343, 0xE2C3, 0xE2C3, 0xD283, 0xC1A2, 0xA0C0,
  0x8840, 0x7820, 0x7820, 0x8861, 0x98A1, 0xA0A1, 0x9881, 0xA061, 0xA881, 0xB881, 0xC8C1, 0xE142, 0xF182, 0xF161, 0xF0E1, 0xE080,
  0xD060, 0xB861, 0xB0A1, 0xB0C1, 0xA8A1, 0xB061, 0xB881, 0xC081, 0xC861, 0xD040, 0xD020, 0xC820, 0xC861, 0xC8A1, 0xD081, 0xD040,
  0xC840, 0xC020, 0xA800, 0x9000, 0x7800, 0x6000, 0x4800, 0x4000, 0x3800, 0x3000, 0x2800, 0x2000, 0x1800, 0x1800, 0x1800, 0x2840,
  0xF4A3, 0xFC43, 0xFB82, 0xFB42, 0xFBC3, 0xFBC3, 0xF322, 0xEAA2, 0xF2E2, 0xF363, 0xF323, 0xEAE3, 0xEB24, 0xEB44, 0xE242, 0xC921,
  0xB080, 0x9840, 0x9041, 0xA081, 0xB8C2, 0xC902, 0xC8E2, 0xC0A1, 0xC881, 0xC881, 0xD8A1, 0xE8E1, 0xF121, 0xF101, 0xE8C1, 0xE0A1,
  0xE0A1, 0xD8A1, 0xD0C1, 0xD8E1, 0xD0E1, 0xD0A1, 0xD8C1, 0xE102, 0xE0E1, 0xE861, 0xE020, 0xE040, 0xE0A1, 0xE902, 0xF0C1, 0xE8A1,
  0xE8A1, 0xD861, 0xC820, 0xA800, 0x9000, 0x7000, 0x5000, 0x4000, 0x3000, 0x2800, 0x2000, 0x1800, 0x1800, 0x1000, 0x1800, 0x2820,
  0xF4C4, 0xFC83, 0xFBE2, 0xFB62, 0xFBC3, 0xFC03, 0xF383, 0xEAC2, 0xEAA2, 0xF302, 0xF2E2, 0xF2A2, 0xF324, 0xF384, 0xF2C3, 0xE181,
  0xC8A0, 0xB861, 0xB061, 0xB8A1, 0xD0E2, 0xD922, 0xE122, 0xD8E2, 0xD081, 0xD081, 0xE0A1, 0xE8C1, 0xE8E1, 0xE0C1, 0xD8A1, 0xE0C1,
  0xE0E2, 0xE0E1, 0xE0C1, 0xE8E1, 0xE0E1, 0xE0C0, 0xE0C1, 0xE902, 0xE922, 0xE8C1, 0xE840, 0xE840, 0xE8A1, 0xF0E2, 0xF0C1, 0xF0C1,
  0xE8C1, 0xE081, 0xD020, 0xB800, 0x9800, 0x7800, 0x5800, 0x4000, 0x3000, 0x2800, 0x2000, 0x1800, 0x1800, 0x1000, 0x1800, 0x2020,
  0xF4A4, 0xFCC3, 0xFC22, 0xFBA2, 0xFBC2, 0xFC03, 0xF3C3, 0xEB02, 0xEAA2, 0xF2C1, 0xF2C1, 0xF282, 0xF2E3, 0xFB64, 0xF2C3, 0xE9A1,
  0xD0C0, 0xC081, 0xC081, 0xC8A1, 0xD8E2, 0xE122, 0xE922, 0xE0E2, 0xD881, 0xD061, 0xD8C1, 0xE8E1, 0xE0E1, 0xD8A1, 0xD081, 0xD8C1,
  0xE0E2, 0xE8E1, 0xE8A1, 0xE8A1, 0xE8A0, 0xE8A0, 0xE8A0, 0xE8E1, 0xF162, 0xF142, 0xE8A1, 0xE861, 0xE8A1, 0xE8C1, 0xE8A1, 0xE8A1,
  0xE081, 0xD060, 0xC020, 0xA800, 0x9800, 0x8000, 0x6800, 0x5000, 0x3800, 0x3000, 0x2800, 0x2000, 0x1800, 0x1800, 0x1800, 0x2000,
  0xF423, 0xFCC3, 0xFC83, 0xFBE2, 0xFBC2, 0xF3E3, 0xF3A3, 0xEB02, 0xEAA2, 0xF2C1, 0xF2C1, 0xF281, 0xF2A2, 0xF323, 0xF2A3, 0xE9A1,
  0xD0C0, 0xC061, 0xC081, 0xC8A1, 0xD8C1, 0xD8E2, 0xE102, 0xE0E2, 0xD8A1, 0xD881, 0xD8C1, 0xE102, 0xE0E1, 0xD0A1, 0xD0A1, 0xD8E1,
  0xE8E1, 0xF0C1, 0xE880, 0xE880, 0xE060, 0xE860, 0xE880, 0xE901, 0xF1A2, 0xF1A2, 0xE8E1, 0xE081, 0xD881, 0xD0A1, 0xD0A1, 0xC881,
  0xC040, 0xB820, 0xA000, 0x9000, 0x8800, 0x8800, 0x7000, 0x5800, 0x4000, 0x3800, 0x2800, 0x2000, 0x2000, 0x1800, 0x1800, 0x1800,
  0xEBA3, 0xF483, 0xFCA3, 0xFC22, 0xF3C2, 0xF3C3, 0xF362, 0xE2A2, 0xE262, 0xEAC1, 0xF2E1, 0xF2A1, 0xF2A1, 0xF2C2, 0xF282, 0xE1A1,
  0xC8C0, 0xB060, 0xB061, 0xC0A1, 0xD0C1, 0xD0E1, 0xD0E1, 0xD8E1, 0xE0E1, 0xD8C1, 0xD8C1, 0xD8C1, 0xD8C1, 0xD8A1, 0xD8E1, 0xE142,
  0xE922, 0xE8E1, 0xE080, 0xD860, 0xD860, 0xE060, 0xE060, 0xE0C1, 0xE182, 0xE1A2, 0xD901, 0xC861, 0xB861, 0xA861, 0x9861, 0x9040,
  0x8820, 0x8000, 0x7000, 0x7000, 0x7000, 0x7800, 0x7000, 0x5800, 0x4800, 0x3800, 0x3000, 0x2800, 0x2000, 0x1800, 0x1000, 0x1800,
  0xEB42, 0xF403, 0xFCA3, 0xFC63, 0xF3C2, 0xF382, 0xEB22, 0xE242, 0xDA01, 0xE261, 0xF2E1, 0xF2C1, 0xF281, 0xF2A1, 0xF262, 0xE1A1,
  0xC0C0, 0xA060, 0xA060, 0xB8C1, 0xD0E1, 0xD0E1, 0xC8C1, 0xD0E1, 0xE101, 0xE121, 0xE0E1, 0xD8A1, 0xD881, 0xD8A1, 0xD901, 0xE162,
  0xE962, 0xE121, 0xD0A1, 0xC060, 0xC060, 0xC881, 0xC860, 0xC060, 0xB8C1, 0xB101, 0xA8A1, 0x9840, 0x8820, 0x7020, 0x6000, 0x5800,
  0x5000, 0x5000, 0x4800, 0x4800, 0x5800, 0x6800, 0x6800, 0x5800, 0x4000, 0x3000, 0x2800, 0x2000, 0x1800, 0x1000, 0x1000, 0x1000,
  0xEB02, 0xEB62, 0xF463, 0xFC83, 0xF402, 0xF362, 0xEAE2, 0xDA21, 0xD181, 0xD9E1, 0xEA81, 0xEAA1, 0xF281, 0xEA61, 0xEA61, 0xE1E1,
  0xC901, 0xA060, 0x9860, 0xB8C1, 0xD942, 0xD921, 0xC0C1, 0xC0C1, 0xD921, 0xE941, 0xE101, 0xD0C1, 0xD0A1, 0xC8A1, 0xC0E1, 0xC921,
  0xC942, 0xC121, 0xB0A1, 0x9860, 0x9840, 0xA061, 0xA040, 0x9020, 0x8040, 0x7840, 0x7040, 0x6820, 0x5820, 0x5000, 0x4800, 0x4000,
  0x4000, 0x4000, 0x4000, 0x4800, 0x5800, 0x6800, 0x6800, 0x5800, 0x4000, 0x3000, 0x2000, 0x2000, 0x1800, 0x1000, 0x1000, 0x1800,
  0xEB22, 0xEAE2, 0xF3E2, 0xFC83, 0xF423, 0xF342, 0xEAA1, 0xDA01, 0xC961, 0xC961, 0xDA01, 0xE261, 0xEA41, 0xEA21, 0xEA41, 0xEA01,
  0xD141, 0xA880, 0x9060, 0xB0E1, 0xD982, 0xE162, 0xC8C1, 0xC0A1, 0xD121, 0xD941, 0xD901, 0xC8C1, 0xC0C1, 0xB0A1, 0xA0A1, 0x98A1,
  0x98C1, 0x90A1, 0x8860, 0x7840, 0x7020, 0x7840, 0x7840, 0x7020, 0x6820, 0x6040, 0x6840, 0x6860, 0x6860, 0x6020, 0x6020, 0x6000,
  0x5800, 0x6020, 0x6800, 0x7000, 0x7800, 0x7800, 0x7000, 0x5800, 0x4000, 0x3000, 0x3000, 0x2800, 0x2000, 0x1800, 0x1800, 0x1800,
  0xEB62, 0xEAC1, 0xF362, 0xFC43, 0xF443, 0xEB62, 0xE281, 0xDA01, 0xC961, 0xC121, 0xC981, 0xD1E1, 0xD9E1, 0xE1C0, 0xE201, 0xE201,
  0xD961, 0xB0A0, 0x9060, 0xA8E1, 0xD182, 0xE182, 0xC8E1, 0xB881, 0xC0E1, 0xC901, 0xC0C0, 0xA880, 0xA0A1, 0x90A1, 0x7860, 0x7040,
  0x6860, 0x6840, 0x6020, 0x6020, 0x6020, 0x7060, 0x7860, 0x8060, 0x8060, 0x88A1, 0x98E1, 0xA101, 0xA901, 0xA0C1, 0x9860, 0x9020,
  0x9020, 0x9820, 0x9820, 0xA820, 0xA000, 0x9800, 0x8000, 0x6800, 0x5000, 0x4000, 0x3800, 0x3800, 0x2800, 0x2000, 0x1800, 0x1800,
  0xF3C2, 0xEAE1, 0xEB01, 0xF3E2, 0xF443, 0xEB82, 0xE2A1, 0xDA01, 0xD181, 0xC101, 0xC121, 0xC161, 0xC981, 0xD160, 0xD981, 0xD9A1,
  0xD961, 0xB8C1, 0x9860, 0xA0A1, 0xC162, 0xD162, 0xB8C1, 0xA860, 0xA881, 0xA8A1, 0xA080, 0x8860, 0x7861, 0x7861, 0x6840, 0x6820,
  0x6020, 0x6040, 0x6840, 0x7060, 0x8081, 0x98E1, 0xA901, 0xB101, 0xB8E1, 0xC122, 0xD182, 0xD9C2, 0xD9C2, 0xD961, 0xD0E0, 0xC860,
  0xC040, 0xB820, 0xB820, 0xB820, 0xB800, 0xB000, 0x9800, 0x7800, 0x6000, 0x4800, 0x4000, 0x3800, 0x3000, 0x2000, 0x2000, 0x1800,
  0xF422, 0xF341, 0xEB01, 0xF382, 0xF402, 0xEBA2, 0xE2C1, 0xDA41, 0xD1C1, 0xC121, 0xB8E1, 0xB0E1, 0xB901, 0xC100, 0xD121, 0xD161,
  0xD121, 0xB8C1, 0x9860, 0x9081, 0xA8E1, 0xB101, 0xA8A1, 0x9040, 0x9840, 0x9860, 0x9060, 0x7840, 0x6840, 0x6840, 0x7040, 0x8040,
  0x8060, 0x8880, 0x90A1, 0xA0E1, 0xB141, 0xC9A2, 0xD1E3, 0xE1E3, 0xE162, 0xE962, 0xF1A2, 0xF1E2, 0xF1E1, 0xF1A1, 0xF100, 0xE880,
  0xE040, 0xD860, 0xC040, 0xB820, 0xB800, 0xB000, 0xA000, 0x8800, 0x6800, 0x5000, 0x4000, 0x3800, 0x3000, 0x2000, 0x2000, 0x2000,
  0xFCA3, 0xF3C1, 0xF341, 0xF362, 0xF3C2, 0xEBA2, 0xEB21, 0xE281, 0xDA21, 0xC961, 0xB8C1, 0xA881, 0xA8A0, 0xB0A0, 0xC0E1, 0xC101,
  0xC0E1, 0xB0C1, 0x9060, 0x8040, 0x9081, 0x98A1, 0x9060, 0x8820, 0x8820, 0x9840, 0x9860, 0x8040, 0x6820, 0x7040, 0x9060, 0xA8A1,
  0xB0E1, 0xB901, 0xC121, 0xC962, 0xD9C2, 0xEA02, 0xF243, 0xF223, 0xF1A2, 0xF142, 0xF921, 0xF161, 0xF181, 0xF161, 0xF100, 0xF080,
  0xF060, 0xE060, 0xD040, 0xC020, 0xB820, 0xB020, 0x9800, 0x8000, 0x6000, 0x5000, 0x4000, 0x3800, 0x3000, 0x2800, 0x2000, 0x2000,
  0xFD04, 0xF442, 0xF3A1, 0xF362, 0xF3A2, 0xEBA1, 0xEB41, 0xE2E1, 0xDA81, 0xD1A1, 0xB8E1, 0xA861, 0xA060, 0xA060, 0xB0A1, 0xB0C1,
  0xA8A1, 0xA081, 0x8860, 0x7820, 0x8040, 0x9081, 0x8860, 0x8820, 0x9020, 0xA860, 0xB8A1, 0xA8A1, 0x8860, 0x8860, 0xA8A1, 0xC921,
  0xD962, 0xE161, 0xE141, 0xE162, 0xE9C2, 0xF1E2, 0xF1E2, 0xE9C2, 0xE982, 0xF142, 0xF101, 0xF0E1, 0xF0E0, 0xF101, 0xF0C1, 0xF080,
  0xE860, 0xD860, 0xC840, 0xC020, 0xB820, 0xA020, 0x8800, 0x6800, 0x6000, 0x5000, 0x4000, 0x3000, 0x2800, 0x2000, 0x2000, 0x2000,
  0xFD44, 0xFCA2, 0xF402, 0xEBA2, 0xEB82, 0xEB81, 0xEB61, 0xE321, 0xDAC1, 0xD201, 0xC101, 0xA880, 0x9840, 0xA061, 0xA0A1, 0xA0A1,
  0x9861, 0x8860, 0x7840, 0x7020, 0x8020, 0x9061, 0x9881, 0x9860, 0xA040, 0xB860, 0xD0E1, 0xD0E1, 0xB0A1, 0xA081, 0xB8C1, 0xD921,
  0xF182, 0xF161, 0xE901, 0xE901, 0xE941, 0xF141, 0xE941, 0xE142, 0xE162, 0xE963, 0xF142, 0xF0E1, 0xE8A0, 0xE880, 0xE080, 0xE040,
  0xD040, 0xC040, 0xB020, 0xB020, 0xA820, 0x8800, 0x6800, 0x5800, 0x4800, 0x4000, 0x3000, 0x2000, 0x1800, 0x1800, 0x1800, 0x1800,
  0xFD65, 0xFD03, 0xF462, 0xEBE2, 0xEB82, 0xE342, 0xE341, 0xE361, 0xE301, 0xDA41, 0xC960, 0xB0A0, 0xA060, 0xA061, 0xA0A1, 0xA0A1,
  0x9061, 0x7840, 0x7840, 0x7840, 0x8840, 0xA881, 0xB8E1, 0xB8C1, 0xB860, 0xC880, 0xE101, 0xE121, 0xC8C1, 0xB081, 0xB0A1, 0xD0E1,
  0xE921, 0xF121, 0xF0E0, 0xE880, 0xE8A1, 0xE8A1, 0xE8A1, 0xE0C1, 0xE122, 0xE163, 0xE942, 0xE0C1, 0xE061, 0xD040, 0xC840, 0xC020,
  0xB020, 0xA800, 0xA000, 0xA020, 0x9000, 0x7800, 0x6000, 0x4800, 0x3800, 0x2800, 0x2000, 0x1800, 0x1800, 0x1800, 0x1800, 0x1800,
  0xFD65, 0xF524, 0xF4A2, 0xEC22, 0xEB82, 0xE322, 0xE322, 0xE361, 0xE321, 0xDA80, 0xD1A0, 0xC100, 0xB0A0, 0xA881, 0xA8A1, 0xA0C1,
  0x9081, 0x8060, 0x7840, 0x8040, 0x9060, 0xB0A1, 0xD101, 0xD121, 0xD0E1, 0xD8E0, 0xE921, 0xF141, 0xD8E1, 0xB881, 0xB081, 0xC0A1,
  0xE0E1, 0xF121, 0xF100, 0xE880, 0xE860, 0xE060, 0xE040, 0xD8A1, 0xD0E2, 0xD8E2, 0xD0C1, 0xD081, 0xC840, 0xB820, 0xA820, 0xA020,
  0xA020, 0xA000, 0xA000, 0xA000, 0x9800, 0x8800, 0x6800, 0x4800, 0x3000, 0x2000, 0x2000, 0x1800, 0x1800, 0x1800, 0x1800, 0x1800,
  0xF525, 0xF544, 0xF4E3, 0xEC62, 0xEBA2, 0xE302, 0xDAE2, 0xE342, 0xE321, 0xDA80, 0xD9E0, 0xC961, 0xB900, 0xB0A1, 0xA8A1, 0xB0C1,
  0xA8C1, 0x9081, 0x8861, 0x9061, 0x9861, 0xB8A1, 0xD921, 0xE161, 0xE141, 0xE140, 0xF161, 0xF141, 0xE8E1, 0xC881, 0xB081, 0xB881,
  0xD8E1, 0xE961, 0xE941, 0xE8A0, 0xE040, 0xD840, 0xD040, 0xC841, 0xC061, 0xC061, 0xB840, 0xB840, 0xB020, 0xA000, 0x9820, 0x9820,
  0x9820, 0x9800, 0x9800, 0xA000, 0xA020, 0x8820, 0x6800, 0x4000, 0x3000, 0x2000, 0x2000, 0x1800, 0x1800, 0x1800, 0x1800, 0x1800,
  0xF4E5, 0xF544, 0xF503, 0xEC82, 0xEBC2, 0xDAE2, 0xDAA2, 0xDAE2, 0xDAE1, 0xDA80, 0xDA00, 0xD1C0, 0xC941, 0xB8C1, 0xB0A1, 0xB8E1,
  0xB901, 0xB0C1, 0xA081, 0xA081, 0xA061, 0xB081, 0xD101, 0xE961, 0xE981, 0xE981, 0xF181, 0xF961, 0xF101, 0xD8A1, 0xC881, 0xC081,
  0xD0E1, 0xE182, 0xE141, 0xD8A0, 0xD040, 0xC020, 0xB820, 0xB020, 0xA820, 0xA020, 0xA020, 0xA020, 0xA020, 0x9000, 0x9020, 0x9020,
  0x9020, 0x8800, 0x8800, 0x9000, 0x8800, 0x7800, 0x6000, 0x4800, 0x3800, 0x3000, 0x2000, 0x2000, 0x1800, 0x1800, 0x1800, 0x1800,
  0xF4A4, 0xF504, 0xF503, 0xECA2, 0xEBE2, 0xE302, 0xDA62, 0xDAA2, 0xDAA1, 0xDA40, 0xDA20, 0xD9E0, 0xD181, 0xC101, 0xB8A1, 0xC0E1,
  0xC921, 0xC921, 0xB8A1, 0xB081, 0xA861, 0xB061, 0xC8C1, 0xE121, 0xE961, 0xF161, 0xF181, 0xF9A1, 0xF941, 0xE8E1, 0xD881, 0xD081,
  0xD0C1, 0xC921, 0xC0E1, 0xC060, 0xB820, 0xB000, 0xA800, 0xA820, 0x9820, 0x8820, 0x8820, 0x9840, 0xA020, 0xA020, 0x9820, 0x9820,
  0x9020, 0x8800, 0x8800, 0x9000, 0x8800, 0x7000, 0x6000, 0x5800, 0x5000, 0x4800, 0x3800, 0x2800, 0x2000, 0x2000, 0x2000, 0x2000,
  0xF443, 0xF4E4, 0xED03, 0xECC3, 0xEC02, 0xE342, 0xDAA2, 0xD262, 0xD241, 0xDA01, 0xDA00, 0xD9E0, 0xD1A1, 0xC941, 0xC0E1, 0xC8E1,
  0xD941, 0xD941, 0xD0E1, 0xC081, 0xB860, 0xB060, 0xC081, 0xD8E1, 0xE901, 0xE901, 0xF141, 0xF181, 0xF982, 0xF121, 0xE8C1, 0xE0C1,
  0xD0C1, 0xB8A1, 0xA060, 0x9820, 0x9820, 0xA020, 0xA000, 0x9820, 0x8820, 0x7820, 0x7820, 0x9841, 0xB841, 0xC040, 0xC020, 0xC020,
  0xB020, 0x9800, 0x9000, 0x9800, 0x8800, 0x7800, 0x7000, 0x7000, 0x6800, 0x5800, 0x4800, 0x3800, 0x3000, 0x3000, 0x2800, 0x2000,
  0xEC03, 0xECA3, 0xECE3, 0xECC3, 0xEC22, 0xE3A2, 0xDB02, 0xDA82, 0xD221, 0xD1C1, 0xD1C0, 0xD9C0, 0xD9A0, 0xD1A1, 0xC941, 0xD121,
  0xE141, 0xE141, 0xD8E1, 0xD080, 0xC860, 0xC060, 0xC061, 0xD0A1, 0xE0C1, 0xE8E1, 0xF0E1, 0xF161, 0xF182, 0xF141, 0xF101, 0xE8E1,
  0xD8A1, 0xB061, 0x9020, 0x7800, 0x7800, 0x8800, 0x8800, 0x8020, 0x7020, 0x6820, 0x7820, 0x9840, 0xC061, 0xD861, 0xD840, 0xD820,
  0xC000, 0xA800, 0x9800, 0x9000, 0x8000, 0x7800, 0x8800, 0x8800, 0x7800, 0x5800, 0x4800, 0x3800, 0x3000, 0x3000, 0x2800, 0x2000,
  0xEBE2, 0xEC63, 0xECC3, 0xECC3, 0xEC42, 0xEBE2, 0xE382, 0xDB02, 0xD242, 0xD1A1, 0xD181, 0xD181, 0xD180, 0xD9C1, 0xD9C1, 0xD9A1,
  0xE961, 0xE941, 0xE101, 0xD8A0, 0xD880, 0xC860, 0xC860, 0xD081, 0xE0A1, 0xE8E1, 0xF0E1, 0xF141, 0xF162, 0xF121, 0xF101, 0xE8C1,
  0xD8A1, 0xB861, 0x9840, 0x7800, 0x7000, 0x7000, 0x6800, 0x6800, 0x6000, 0x6800, 0x8000, 0xA020, 0xC040, 0xD060, 0xD840, 0xC820,
  0xB800, 0xA800, 0x9800, 0x8800, 0x7800, 0x8000, 0x9820, 0xA020, 0x8000, 0x6000, 0x4000, 0x3000, 0x2800, 0x2800, 0x2000, 0x2000,
  0xEBE2, 0xEC22, 0xEC83, 0xECA3, 0xEC43, 0xEC02, 0xEC03, 0xE3A3, 0xDAC2, 0xD1C1, 0xD161, 0xC941, 0xD141, 0xD9A1, 0xE221, 0xEA22,
  0xF1E1, 0xE981, 0xE901, 0xE0A0, 0xE080, 0xD880, 0xC860, 0xD080, 0xE0A0, 0xF100, 0xF101, 0xF961, 0xF162, 0xE901, 0xE8E1, 0xE8A1,
  0xE081, 0xD0A1, 0xB860, 0x9820, 0x7820, 0x6800, 0x5800, 0x6000, 0x6800, 0x7000, 0x9000, 0xB040, 0xC860, 0xD060, 0xC840, 0xB820,
  0xA800, 0xA000, 0x9000, 0x8000, 0x7800, 0x8000, 0x9820, 0xA020, 0x8800, 0x6000, 0x4000, 0x3000, 0x2800, 0x2000, 0x2000, 0x2000,
  0xEBE2, 0xEC02, 0xEC62, 0xEC83, 0xEC43, 0xEC02, 0xEC43, 0xE423, 0xE342, 0xD221, 0xD161, 0xC921, 0xC901, 0xD981, 0xEA42, 0xEAA2,
  0xF262, 0xF1E1, 0xE961, 0xE0E0, 0xE0A0, 0xE0A0, 0xD8A0, 0xD880, 0xE8C0, 0xF120, 0xF940, 0xF981, 0xF162, 0xE8E1, 0xE8A1, 0xE8A1,
  0xE8A1, 0xE0A1, 0xD081, 0xB040, 0x9020, 0x7020, 0x5800, 0x6820, 0x7000, 0x8000, 0xA820, 0xC860, 0xD881, 0xD860, 0xC840, 0xB820,
  0xB020, 0xA800, 0x9800, 0x8800, 0x8000, 0x8820, 0xA061, 0xA041, 0x8800, 0x6000, 0x4000, 0x3000, 0x2800, 0x2800, 0x2000, 0x2000,
  0xEC02, 0xEBE2, 0xEC22, 0xEC43, 0xEC23, 0xEC02, 0xEC63, 0xEC63, 0xE3C3, 0xDA82, 0xD181, 0xC942, 0xC8E1, 0xD941, 0xE201, 0xEA82,
  0xEAA2, 0xEA42, 0xE9C1, 0xE940, 0xE8E0, 0xE0C0, 0xE0C0, 0xE0C0, 0xE8E0, 0xF160, 0xF980, 0xF981, 0xF141, 0xE8C1, 0xE080, 0xE881,
  0xF0C1, 0xE8C1, 0xE081, 0xC840, 0xA020, 0x7800, 0x6000, 0x6800, 0x7020, 0x8000, 0xB020, 0xD860, 0xE081, 0xE060, 0xD860, 0xD881,
  0xD040, 0xC840, 0xB020, 0xA000, 0xA000, 0xA020, 0xA861, 0xA041, 0x8800, 0x6000, 0x4800, 0x3000, 0x3000, 0x2800, 0x2000, 0x2000,
  0xEC22, 0xEBE2, 0xEBE2, 0xEC02, 0xEBE2, 0xEBE2, 0xEC42, 0xEC83, 0xEC03, 0xDAC2, 0xD1A1, 0xD162, 0xD121, 0xD101, 0xE1A1, 0xE222,
  0xE282, 0xEAA2, 0xEA21, 0xE9A1, 0xE920, 0xE0E0, 0xE100, 0xE920, 0xF140, 0xF1A0, 0xF9A1, 0xF981, 0xE921, 0xD880, 0xD860, 0xE881,
  0xF0E1, 0xF0C1, 0xE081, 0xC840, 0x9820, 0x7000, 0x5800, 0x6800, 0x7000, 0x8000, 0xA820, 0xD040, 0xE060, 0xE060, 0xE0A1, 0xE8C2,
  0xE081, 0xD881, 0xC841, 0xB000, 0xA000, 0xA020, 0xA020, 0x9820, 0x8820, 0x7000, 0x5800, 0x4000, 0x3000, 0x2800, 0x2000, 0x2000,
  0xEC42, 0xEBE2, 0xEBC2, 0xEBC2, 0xEBC2, 0xEBC2, 0xEC22, 0xEC63, 0xEBE2, 0xE2C2, 0xD9A1, 0xD982, 0xD942, 0xD921, 0xD961, 0xD9A1,
  0xDA22, 0xE282, 0xEA62, 0xEA01, 0xE161, 0xE100, 0xE920, 0xE960, 0xF1A0, 0xF9E0, 0xFA01, 0xF981, 0xE8E1, 0xD060, 0xD040, 0xE081,
  0xF101, 0xE8E1, 0xE081, 0xB840, 0x8820, 0x6000, 0x5800, 0x6800, 0x7000, 0x7800, 0x9800, 0xB020, 0xB820, 0xC040, 0xD0A1, 0xD8C2,
  0xD061, 0xC861, 0xB040, 0x9800, 0x8800, 0x8800, 0x9000, 0xA040, 0xA861, 0x9840, 0x7000, 0x4800, 0x3000, 0x2000, 0x2000, 0x2000,
  0xEC42, 0xEBE2, 0xEBC2, 0xEB82, 0xEB81, 0xEBA1, 0xEC02, 0xEC22, 0xEBC2, 0xE2C1, 0xD9A1, 0xD982, 0xE1A2, 0xD941, 0xD961, 0xD161,
  0xC9A2, 0xDA42, 0xE282, 0xEA21, 0xE1C1, 0xE120, 0xE120, 0xE9A0, 0xF1E0, 0xFA20, 0xFA21, 0xF181, 0xE0C0, 0xC860, 0xC840, 0xE080,
  0xE8C1, 0xE0C1, 0xD060, 0xB040, 0x8020, 0x6000, 0x5000, 0x6000, 0x6800, 0x7000, 0x8000, 0x8800, 0x8800, 0x9020, 0xA061, 0xA861,
  0xA020, 0x9020, 0x8020, 0x7000, 0x7020, 0x7800, 0x8800, 0xA040, 0xB061, 0x9020, 0x6000, 0x4000, 0x3000, 0x2000, 0x2000, 0x2000,
  0xEC62, 0xEC02, 0xEBC2, 0xEB62, 0xEB61, 0xEB81, 0xEBE2, 0xEBE2, 0xE382, 0xE2A1, 0xD9C1, 0xE1A1, 0xE1E2, 0xE1A1, 0xD981, 0xD161,
  0xC941, 0xD1E2, 0xE262, 0xE221, 0xE1E1, 0xE161, 0xE160, 0xE9C0, 0xF200, 0xFA40, 0xFA21, 0xF981, 0xE0C0, 0xC860, 0xD040, 0xD880,
  0xD081, 0xD081, 0xC860, 0xA820, 0x8020, 0x6000, 0x5000, 0x5000, 0x6000, 0x6820, 0x6820, 0x6800, 0x6800, 0x7000, 0x8020, 0x7820,
  0x7800, 0x7000, 0x6800, 0x6000, 0x6000, 0x6000, 0x7000, 0x8820, 0x8820, 0x6800, 0x4800, 0x3800, 0x3000, 0x3000, 0x2800, 0x2000,
  0xEC62, 0xEC22, 0xEBE3, 0xEB82, 0xEB41, 0xEB81, 0xEBC2, 0xE3C2, 0xE321, 0xE261, 0xD9C1, 0xE1C1, 0xEA22, 0xEA01, 0xE1E1, 0xD1A2,
  0xC941, 0xD1C2, 0xDA22, 0xDA01, 0xE1E1, 0xE1A1, 0xE1A1, 0xE9E1, 0xF200, 0xF220, 0xFA01, 0xF981, 0xE8C0, 0xD060, 0xD061, 0xD081,
  0xC060, 0xB060, 0xB860, 0xA840, 0x8020, 0x6800, 0x5000, 0x5000, 0x5820, 0x6820, 0x6020, 0x5800, 0x5820, 0x7020, 0x7020, 0x7000,
  0x7820, 0x8020, 0x8000, 0x7000, 0x6800, 0x6000, 0x6800, 0x7000, 0x6800, 0x5800, 0x4000, 0x3800, 0x3000, 0x3000, 0x2800, 0x2000,
  0xEC63, 0xEC22, 0xEC03, 0xEBA2, 0xEB41, 0xEB81, 0xEBC2, 0xE3A2, 0xE2E1, 0xDA41, 0xE201, 0xE201, 0xEA41, 0xEA41, 0xE221, 0xD9E2,
  0xD1A2, 0xD1C2, 0xD9E2, 0xD1A1, 0xD1C1, 0xD9C1, 0xD9E1, 0xE201, 0xE9C0, 0xF1E0, 0xF1E1, 0xF981, 0xF0E0, 0xE080, 0xE0A1, 0xD8A1,
  0xB061, 0xA040, 0xB061, 0xA861, 0x8840, 0x7020, 0x5800, 0x5000, 0x5800, 0x6020, 0x6000, 0x5000, 0x5820, 0x6820, 0x6820, 0x6800,
  0x8020, 0xA841, 0xA821, 0x9800, 0x8000, 0x7000, 0x6800, 0x6000, 0x5800, 0x4800, 0x3800, 0x3000, 0x2800, 0x2800, 0x2000, 0x2000,
  0xEC43, 0xEC22, 0xEC23, 0xEBC3, 0xE342, 0xEB81, 0xEBE2, 0xE3A2, 0xE2C1, 0xDA21, 0xE221, 0xEA41, 0xEA61, 0xEA61, 0xE261, 0xE242,
  0xDA02, 0xDA02, 0xD1E2, 0xC961, 0xC161, 0xC981, 0xD1E2, 0xD9E2, 0xD960, 0xE160, 0xF1C1, 0xF1A1, 0xF101, 0xE8A1, 0xE0C2, 0xD8E2,
  0xC081, 0xA840, 0xB861, 0xB081, 0x9061, 0x7841, 0x6020, 0x5000, 0x5000, 0x5820, 0x5820, 0x5800, 0x5820, 0x6020, 0x5800, 0x6800,
  0x8820, 0xB841, 0xB841, 0xA000, 0x9000, 0x7000, 0x6000, 0x5800, 0x5000, 0x4000, 0x3000, 0x2800, 0x2000, 0x1800, 0x1800, 0x1800,
  0xEC03, 0xEBE2, 0xEC23, 0xEBE3, 0xE362, 0xEB81, 0xEBE2, 0xE3A2, 0xE2A2, 0xDA21, 0xE261, 0xEAA1, 0xEA81, 0xEA61, 0xE282, 0xE282,
  0xDA22, 0xDA42, 0xDA02, 0xC141, 0xB100, 0xB941, 0xC1A2, 0xC9A2, 0xC901, 0xD100, 0xE181, 0xF1A1, 0xF101, 0xE0A1, 0xE0E2, 0xE0E2,
  0xD081, 0xB840, 0xC061, 0xB8A1, 0x9061, 0x7041, 0x5820, 0x4800, 0x4800, 0x5000, 0x6020, 0x6020, 0x7020, 0x6820, 0x6020, 0x6820,
  0x9020, 0xB841, 0xB020, 0xA000, 0x9000, 0x7800, 0x6000, 0x5800, 0x4800, 0x4000, 0x3800, 0x2800, 0x2000, 0x1800, 0x1800, 0x1800,
  0xEBC2, 0xE3A2, 0xE403, 0xE403, 0xE362, 0xE361, 0xEBC2, 0xE362, 0xE282, 0xDA21, 0xEAA1, 0xEAE1, 0xEAA1, 0xE261, 0xE282, 0xE282,
  0xDA22, 0xDA02, 0xDA02, 0xC141, 0xA8E0, 0xA901, 0xB942, 0xB122, 0xA8A1, 0xB8C0, 0xC921, 0xE161, 0xE901, 0xE0A1, 0xE0A1, 0xE0C1,
  0xD881, 0xC840, 0xC860, 0xB881, 0x8041, 0x5820, 0x4020, 0x3800, 0x4020, 0x5020, 0x6020, 0x7841, 0x9061, 0x8841, 0x7020, 0x7820,
  0x9020, 0xA841, 0xA020, 0x9800, 0x9800, 0x8000, 0x6800, 0x5800, 0x4800, 0x4000, 0x3000, 0x2800, 0x2000, 0x2000, 0x1800, 0x2000,
  0xE362, 0xE342, 0xE3C2, 0xE3E3, 0xE342, 0xE321, 0xE382, 0xE342, 0xDA61, 0xDA01, 0xEAC1, 0xEB01, 0xEAC0, 0xE241, 0xE262, 0xE282,
  0xD1E2, 0xD1C2, 0xD1C1, 0xC941, 0xB0E0, 0xB101, 0xB121, 0x98E1, 0x8861, 0x9060, 0xA8C0, 0xC901, 0xD8C1, 0xE081, 0xD881, 0xD881,
  0xD881, 0xD060, 0xC840, 0xB840, 0x8020, 0x4800, 0x3800, 0x3020, 0x3820, 0x4820, 0x6841, 0x8061, 0xA081, 0xA061, 0x8020, 0x7820,
  0x8020, 0x9041, 0x8820, 0x8800, 0x9820, 0x8800, 0x7000, 0x5800, 0x4800, 0x3000, 0x2800, 0x2000, 0x2000, 0x2000, 0x2000, 0x2000,
  0xE322, 0xDAE1, 0xDB42, 0xDB83, 0xDB22, 0xDAE1, 0xE321, 0xE2E1, 0xDA21, 0xDA01, 0xE2C1, 0xEB01, 0xE2C0, 0xE221, 0xE221, 0xDA42,
  0xC981, 0xC141, 0xC961, 0xD140, 0xC120, 0xC141, 0xB921, 0x90A1, 0x7040, 0x7040, 0x8060, 0xA880, 0xC081, 0xD881, 0xD881, 0xD061,
  0xD881, 0xD860, 0xC040, 0xA840, 0x8020, 0x5000, 0x3800, 0x3820, 0x3820, 0x4820, 0x6040, 0x7841, 0x9881, 0xA061, 0x8820, 0x7820,
  0x7820, 0x8020, 0x8020, 0x8000, 0x9020, 0x8820, 0x7820, 0x5800, 0x4000, 0x3000, 0x2000, 0x2000, 0x2000, 0x2800, 0x2800, 0x2800,
  0xDAE2, 0xDA81, 0xDAC2, 0xDB22, 0xD2C2, 0xD281, 0xDAC1, 0xDA81, 0xD1E1, 0xD1E1, 0xE2A1, 0xEAE1, 0xE2A0, 0xE220, 0xE201, 0xDA01,
  0xC141, 0xB0C0, 0xB900, 0xC920, 0xD140, 0xD161, 0xC101, 0x8881, 0x6020, 0x5820, 0x6020, 0x8020, 0xA861, 0xD0A1, 0xD081, 0xC861,
  0xD881, 0xD881, 0xB840, 0xA020, 0x8020, 0x5820, 0x4000, 0x3820, 0x3820, 0x4020, 0x5820, 0x6841, 0x8861, 0x9061, 0x7820, 0x6820,
  0x6820, 0x8020, 0x8020, 0x7000, 0x7800, 0x7800, 0x7000, 0x5000, 0x3800, 0x2800, 0x2000, 0x1800, 0x1800, 0x2000, 0x2000, 0x2000,
  0xDAA2, 0xD221, 0xD241, 0xD2A2, 0xCA61, 0xC201, 0xCA41, 0xD221, 0xC181, 0xC9A1, 0xE281, 0xEAC1, 0xE2A0, 0xE220, 0xE1E1, 0xDA02,
  0xC141, 0xA8A0, 0xB0A0, 0xC901, 0xD941, 0xD941, 0xC101, 0x9060, 0x6020, 0x4820, 0x5000, 0x6020, 0x9041, 0xC0A1, 0xC881, 0xC861,
  0xD0A1, 0xD0A1, 0xB040, 0xA040, 0x9020, 0x6820, 0x5020, 0x4020, 0x3820, 0x4020, 0x5841, 0x6041, 0x6841, 0x6841, 0x5820, 0x5000,
  0x5800, 0x7820, 0x8020, 0x6800, 0x5800, 0x5800, 0x5000, 0x3800, 0x2800, 0x2000, 0x1800, 0x1800, 0x1800, 0x1800, 0x1800, 0x2000,
  0xDAA2, 0xD201, 0xC9E1, 0xCA41, 0xC201, 0xB9A1, 0xC1C1, 0xC1C1, 0xB941, 0xC160, 0xDA41, 0xE2A0, 0xE280, 0xE220, 0xE201, 0xE242,
  0xC981, 0xB0A0, 0xA880, 0xC0E1, 0xD921, 0xD100, 0xC0C0, 0x9860, 0x6820, 0x5020, 0x4800, 0x5800, 0x8840, 0xB8A1, 0xC881, 0xC881,
  0xD0C1, 0xD0A1, 0xB840, 0xB040, 0xA840, 0x8020, 0x5820, 0x4840, 0x3820, 0x4020, 0x5041, 0x5020, 0x5020, 0x4800, 0x4800, 0x4800,
  0x6000, 0x9041, 0x9820, 0x7000, 0x5000, 0x4800, 0x4800, 0x3000, 0x2800, 0x2000, 0x1800, 0x1000, 0x1000, 0x1000, 0x1800, 0x2000,
  0xDAA2, 0xD1E1, 0xC9A1, 0xC9E1, 0xB9A1, 0xB140, 0xB961, 0xB961, 0xB101, 0xB920, 0xDA00, 0xE260, 0xE280, 0xE240, 0xE241, 0xE282,
  0xD1E2, 0xC0E1, 0xB080, 0xC0C1, 0xD101, 0xC8E0, 0xC0A0, 0xA880, 0x8040, 0x6020, 0x5000, 0x5820, 0x8040, 0xB0A1, 0xC0A1, 0xC0A1,
  0xC0A1, 0xC861, 0xC040, 0xC861, 0xC040, 0x8820, 0x6040, 0x4841, 0x3820, 0x4020, 0x4820, 0x4020, 0x4000, 0x4800, 0x4800, 0x5000,
  0x7800, 0xB040, 0xB020, 0x8800, 0x5800, 0x5000, 0x4800, 0x3800, 0x2800, 0x2000, 0x1800, 0x1800, 0x1800, 0x1800, 0x1800, 0x2000,
  0xE2C2, 0xD1E1, 0xC981, 0xC9A1, 0xB961, 0xB100, 0xB121, 0xB941, 0xA8C0, 0xB100, 0xD1C0, 0xE220, 0xE260, 0xE260, 0xE261, 0xE2A2,
  0xE242, 0xC921, 0xB8A0, 0xB8C1, 0xC8E1, 0xC8C0, 0xC0A0, 0xB8A1, 0x9840, 0x7820, 0x6820, 0x6820, 0x8041, 0xA081, 0xA881, 0xA081,
  0xA061, 0xB040, 0xC040, 0xD861, 0xC861, 0x9020, 0x6041, 0x4820, 0x3820, 0x3820, 0x4000, 0x4000, 0x5020, 0x7040, 0x7040, 0x7020,
  0x9820, 0xC041, 0xC820, 0xA000, 0x7800, 0x6820, 0x6020, 0x4800, 0x3800, 0x3000, 0x2000, 0x2000, 0x2000, 0x2000, 0x2000, 0x2000,
  0xE2C2, 0xD201, 0xC981, 0xC981, 0xB941, 0xB0E0, 0xB921, 0xB921, 0xA8C0, 0xA8E0, 0xC980, 0xD9E0, 0xE241, 0xE240, 0xEA61, 0xEAC2,
  0xE262, 0xD161, 0xB8A0, 0xB8A1, 0xC8E1, 0xC8C0, 0xC0A0, 0xC0A1, 0xB061, 0x9820, 0x8040, 0x7840, 0x8041, 0x9061, 0x9081, 0x8061,
  0x8040, 0xA020, 0xC020, 0xD060, 0xC860, 0x8840, 0x5841, 0x4020, 0x4020, 0x4820, 0x4800, 0x5000, 0x7040, 0x9881, 0xA081, 0xA061,
  0xB861, 0xD061, 0xD041, 0xB800, 0xA020, 0x9820, 0x7820, 0x5800, 0x4800, 0x4000, 0x3800, 0x3800, 0x3800, 0x3000, 0x2800, 0x2800,
  0xE2E2, 0xDA21, 0xD1A1, 0xD1A1, 0xC141, 0xB8E0, 0xB921, 0xB961, 0xB0E1, 0xB101, 0xC981, 0xD1A1, 0xDA01, 0xE220, 0xE241, 0xEA82,
  0xEA62, 0xD961, 0xB8A0, 0xB881, 0xC8E1, 0xC900, 0xC8E1, 0xC8C1, 0xC081, 0xB060, 0xA060, 0x9061, 0x8861, 0x8861, 0x8061, 0x7041,
  0x7020, 0x9020, 0xB020, 0xC840, 0xC061, 0x8841, 0x5820, 0x4020, 0x5020, 0x6840, 0x7040, 0x7820, 0x8840, 0xA081, 0xA881, 0xB061,
  0xC861, 0xD861, 0xD040, 0xC000, 0xB000, 0xA020, 0x8020, 0x6000, 0x5800, 0x4800, 0x4800, 0x4800, 0x4800, 0x3800, 0x3000, 0x2800,
  0xE2E2, 0xDA41, 0xD9C1, 0xD9C1, 0xC961, 0xC101, 0xC161, 0xC9A1, 0xB941, 0xB921, 0xC981, 0xD1A1, 0xD1C1, 0xD9E0, 0xE200, 0xEA61,
  0xEA22, 0xD161, 0xB0A0, 0xA880, 0xC0C0, 0xD121, 0xD101, 0xD0E1, 0xD0C1, 0xC8A1, 0xB081, 0x9861, 0x9061, 0x9061, 0x8061, 0x6841,
  0x7020, 0x9040, 0xA020, 0xB840, 0xC061, 0x9061, 0x5020, 0x4020, 0x7060, 0xA0A1, 0xA8A1, 0xA060, 0xA081, 0x9061, 0x8840, 0x9040,
  0xB061, 0xC040, 0xC000, 0xB800, 0xB020, 0xA000, 0x8800, 0x6000, 0x5800, 0x4800, 0x4800, 0x5000, 0x4800, 0x3800, 0x3000, 0x2800,
  0xE2E2, 0xE261, 0xD9E1, 0xD9C1, 0xD181, 0xC941, 0xD1A1, 0xD201, 0xC981, 0xC181, 0xC9C1, 0xD181, 0xD181, 0xD1A1, 0xE1C1, 0xE201,
  0xE1E1, 0xD161, 0xA0A0, 0xA060, 0xB8C0, 0xD141, 0xD121, 0xD101, 0xD901, 0xD0E1, 0xB8A1, 0x9061, 0x9061, 0x9861, 0x9061, 0x7820,
  0x7820, 0x8840, 0x8820, 0xA040, 0xB881, 0x9081, 0x5020, 0x4820, 0x8860, 0xC8E1, 0xD0C1, 0xC081, 0xB881, 0x9040, 0x6820, 0x6020,
  0x7820, 0x8820, 0x9800, 0x9820, 0x9820, 0x9000, 0x8000, 0x6000, 0x5000, 0x4800, 0x4000, 0x4000, 0x4000, 0x3000, 0x2800, 0x2800,
  0xEAC1, 0xE261, 0xDA01, 0xE1E1, 0xD9A1, 0xD161, 0xDA01, 0xE261, 0xD1E1, 0xD201, 0xD222, 0xD1A1, 0xC961, 0xD161, 0xD9A1, 0xE1C1,
  0xE1A1, 0xC941, 0xA0A1, 0x9860, 0xB8A0, 0xC941, 0xD141, 0xD121, 0xD942, 0xD122, 0xB0A1, 0x8840, 0x8840, 0xA861, 0xA861, 0x9020,
  0x8820, 0x8840, 0x8020, 0x9040, 0xA081, 0x8061, 0x5840, 0x6040, 0xA081, 0xE0E1, 0xE0C1, 0xD060, 0xC860, 0xA040, 0x6800, 0x5000,
  0x5000, 0x5800, 0x6000, 0x7020, 0x7800, 0x7800, 0x6800, 0x5000, 0x4800, 0x4000, 0x3800, 0x3000, 0x3000, 0x2800, 0x2800, 0x2800,
  0xEAA1, 0xE261, 0xE201, 0xE201, 0xE1A1, 0xD981, 0xE221, 0xE2A1, 0xDA41, 0xDA61, 0xDA82, 0xD1C2, 0xC941, 0xD141, 0xD9A1, 0xD9A1,
  0xD161, 0xC921, 0x98A1, 0x9060, 0xA8A0, 0xC101, 0xC921, 0xD121, 0xD962, 0xC922, 0xA881, 0x7820, 0x7820, 0xB081, 0xC081, 0xB840,
  0xA840, 0x9040, 0x8840, 0x9040, 0x8861, 0x6841, 0x6061, 0x8061, 0xB881, 0xE0A1, 0xE8A1, 0xE060, 0xD840, 0xB040, 0x7020, 0x5020,
  0x4000, 0x3800, 0x4000, 0x4800, 0x5000, 0x5800, 0x5800, 0x5000, 0x4000, 0x3000, 0x2800, 0x2000, 0x2000, 0x2000, 0x2000, 0x2800,
  0xEA81, 0xE261, 0xE201, 0xE201, 0xE1A1, 0xD961, 0xEA41, 0xEAC1, 0xE261, 0xDAA1, 0xE2C2, 0xDA01, 0xD161, 0xD161, 0xD9C2, 0xD9A1,
  0xC921, 0xB901, 0x98A1, 0x8860, 0x9880, 0xA8C1, 0xB0E1, 0xB901, 0xC921, 0xB8E1, 0x9081, 0x7020, 0x7820, 0xB881, 0xD881, 0xD040,
  0xC840, 0xB840, 0xA860, 0xA040, 0x7820, 0x5820, 0x7081, 0x9881, 0xC881, 0xE880, 0xE880, 0xE860, 0xE060, 0xB840, 0x8020, 0x5800,
  0x4000, 0x3800, 0x4000, 0x4000, 0x4800, 0x4800, 0x4800, 0x4800, 0x3800, 0x2800, 0x2000, 0x1800, 0x1800, 0x1800, 0x2000, 0x2800,
  0xEA61, 0xE241, 0xE201, 0xE201, 0xD981, 0xD961, 0xEA61, 0xF301, 0xE2A1, 0xE2C1, 0xE2E2, 0xDA21, 0xD981, 0xD981, 0xE1C2, 0xD9A1,
  0xC921, 0xB901, 0x90A1, 0x7840, 0x8860, 0x9080, 0x9080, 0xA0A0, 0xA8C1, 0x9881, 0x7861, 0x6820, 0x8040, 0xC0A1, 0xE0A1, 0xE040,
  0xE060, 0xD060, 0xC861, 0xA040, 0x7020, 0x5820, 0x7881, 0xA081, 0xB861, 0xD860, 0xE860, 0xE881, 0xE040, 0xC020, 0x8800, 0x6000,
  0x4800, 0x4800, 0x5020, 0x5020, 0x5000, 0x4800, 0x4000, 0x3800, 0x2800, 0x2000, 0x1800, 0x1800, 0x1800, 0x2000, 0x2000, 0x3000,
  0xEA21, 0xE221, 0xD9E1, 0xE1E1, 0xD961, 0xD941, 0xEA41, 0xF2E1, 0xEAA1, 0xE2E1, 0xE302, 0xE221, 0xD981, 0xD981, 0xE1C1, 0xE1A1,
  0xC921, 0xB901, 0x90A1, 0x6840, 0x7040, 0x7840, 0x7040, 0x7860, 0x8060, 0x7040, 0x6020, 0x6020, 0x8840, 0xC8A1, 0xE0A1, 0xE860,
  0xE860, 0xE060, 0xC861, 0x9840, 0x6820, 0x5820, 0x7861, 0x9081, 0xA040, 0xC040, 0xD840, 0xE060, 0xD820, 0xB800, 0x8800, 0x6820,
  0x5800, 0x5800, 0x6020, 0x5800, 0x5000, 0x4800, 0x3800, 0x3000, 0x2000, 0x2000, 0x1800, 0x1800, 0x2000, 0x2000, 0x2000, 0x3000,
  0xEA01, 0xE201, 0xD9C1, 0xD9C1, 0xD141, 0xD101, 0xE201, 0xF2E1, 0xEAA1, 0xE2E1, 0xEB01, 0xE221, 0xE1A1, 0xE181, 0xE9A1, 0xE1A1,
  0xD141, 0xB921, 0x90A1, 0x6020, 0x6020, 0x6040, 0x5820, 0x6020, 0x6020, 0x5820, 0x5000, 0x6020, 0x9840, 0xD081, 0xE881, 0xE860,
  0xE860, 0xE060, 0xC040, 0x8020, 0x6020, 0x6020, 0x7881, 0x8881, 0x9041, 0xA820, 0xC020, 0xC840, 0xC820, 0xB000, 0x8800, 0x6820,
  0x6820, 0x6820, 0x7020, 0x6800, 0x6000, 0x5000, 0x4000, 0x3800, 0x3000, 0x2800, 0x2000, 0x2000, 0x2000, 0x2000, 0x2000, 0x3000,
  0xE9E1, 0xE1E1, 0xD981, 0xD981, 0xD121, 0xC8C1, 0xE1C1, 0xF2C1, 0xEA81, 0xEAC1, 0xEB01, 0xE221, 0xE180, 0xE180, 0xE980, 0xE9A1,
  0xD961, 0xC142, 0x98A1, 0x6820, 0x6040, 0x6040, 0x5020, 0x5000, 0x5000, 0x4800, 0x4800, 0x6020, 0xA840, 0xD860, 0xE860, 0xE880,
  0xE060, 0xE040, 0xB820, 0x7800, 0x6020, 0x6041, 0x7881, 0x9081, 0x9881, 0xA840, 0xB020, 0xB820, 0xB820, 0xB020, 0x9020, 0x7020,
  0x6820, 0x7020, 0x7820, 0x7800, 0x7000, 0x6800, 0x5800, 0x4800, 0x3800, 0x3000, 0x3000, 0x3000, 0x2800, 0x2000, 0x2000, 0x2800,
  0xE9E1, 0xE1C1, 0xD961, 0xD161, 0xC921, 0xC0A1, 0xD981, 0xF2A1, 0xEA81, 0xEAA1, 0xEAE1, 0xE221, 0xE180, 0xE160, 0xE980, 0xE9A0,
  0xD981, 0xC962, 0xA0A1, 0x6820, 0x7040, 0x7041, 0x5820, 0x5000, 0x5000, 0x4800, 0x4820, 0x6820, 0xB040, 0xE040, 0xE860, 0xE880,
  0xE080, 0xD840, 0xB020, 0x7000, 0x6040, 0x6861, 0x7881, 0x9081, 0xB0A1, 0xB861, 0xB020, 0xA820, 0xB820, 0xB020, 0x9820, 0x7800,
  0x6000, 0x6000, 0x7000, 0x7000, 0x6800, 0x6800, 0x6000, 0x5800, 0x4000, 0x3000, 0x3000, 0x3800, 0x2800, 0x2000, 0x2000, 0x3000,
  0xE9E1, 0xE1C1, 0xD961, 0xD141, 0xC901, 0xC0A1, 0xD961, 0xEA81, 0xEA81, 0xEA81, 0xEAC1, 0xEA21, 0xE160, 0xE140, 0xE9A0, 0xE9A1,
  0xD981, 0xC941, 0xA8A1, 0x7840, 0x7860, 0x7861, 0x6020, 0x6820, 0x6820, 0x5820, 0x5020, 0x7840, 0xB840, 0xE040, 0xE880, 0xE0A0,
  0xE060, 0xD020, 0xA000, 0x6000, 0x5020, 0x6061, 0x6841, 0x8061, 0xA881, 0xB061, 0x9820, 0x9000, 0x9820, 0x9820, 0x8800, 0x7020,
  0x5800, 0x5800, 0x6000, 0x5800, 0x5000, 0x5000, 0x5000, 0x4800, 0x3800, 0x2800, 0x2800, 0x2800, 0x2000, 0x1800, 0x1800, 0x3000,
  0xEA02, 0xE1C1, 0xD941, 0xD121, 0xC901, 0xC0A1, 0xD141, 0xEA61, 0xEA81, 0xEA81, 0xEAA1, 0xEA21, 0xE160, 0xE960, 0xE9C0, 0xE9C1,
  0xD161, 0xC101, 0xA0A1, 0x7840, 0x8860, 0x8860, 0x7040, 0x8061, 0x8060, 0x7040, 0x6820, 0x9060, 0xC880, 0xE080, 0xE0A0, 0xE080,
  0xE060, 0xD040, 0x9820, 0x5000, 0x4820, 0x5820, 0x5820, 0x6020, 0x7840, 0x8040, 0x6800, 0x6000, 0x6800, 0x6800, 0x6000, 0x5800,
  0x5000, 0x5800, 0x5800, 0x5000, 0x4800, 0x4800, 0x4000, 0x3800, 0x3000, 0x2800, 0x2000, 0x2000, 0x2000, 0x2000, 0x2000, 0x3000,
  0xEA22, 0xE1C1, 0xD961, 0xD121, 0xC901, 0xC0A1, 0xD141, 0xEA62, 0xF281, 0xEA61, 0xEA81, 0xEA21, 0xE180, 0xE980, 0xEA01, 0xE9E1,
  0xD141, 0xB8C1, 0xA081, 0x8040, 0x9060, 0x9060, 0x7840, 0x9081, 0xA0A1, 0x8860, 0x8020, 0xA861, 0xD0A1, 0xE080, 0xE080, 0xE060,
  0xE040, 0xD040, 0x9820, 0x5000, 0x4800, 0x4800, 0x4800, 0x4000, 0x5020, 0x5020, 0x4000, 0x4000, 0x4000, 0x4000, 0x4000, 0x5000,
  0x5800, 0x6000, 0x6000, 0x5000, 0x5000, 0x4800, 0x4000, 0x3000, 0x2800, 0x2000, 0x2000, 0x2000, 0x2000, 0x1800, 0x2000, 0x3820,
  0xF242, 0xE9E1, 0xE161, 0xD921, 0xD101, 0xC8E1, 0xD161, 0xEA62, 0xF281, 0xEA61, 0xEA81, 0xEA41, 0xE9A1, 0xE9A0, 0xEA21, 0xE201,
  0xD121, 0xB8A0, 0xA060, 0x8840, 0x9061, 0x9060, 0x8040, 0xA081, 0xB8A1, 0xA061, 0x9820, 0xC060, 0xD8A1, 0xE080, 0xE060, 0xE040,
  0xE020, 0xD040, 0xA020, 0x7020, 0x6020, 0x4800, 0x3800, 0x3800, 0x4000, 0x4000, 0x3800, 0x3800, 0x3000, 0x3000, 0x3800, 0x4800,
  0x6820, 0x7820, 0x6800, 0x6800, 0x6800, 0x5800, 0x4000, 0x3000, 0x2000, 0x1800, 0x1800, 0x1800, 0x1800, 0x1800, 0x1800, 0x3820,
  0xF262, 0xEA01, 0xE181, 0xD941, 0xD121, 0xC901, 0xD9A2, 0xEA82, 0xF2A2, 0xEA81, 0xEA81, 0xEA61, 0xE9E1, 0xE9C1, 0xEA21, 0xE201,
  0xD101, 0xB880, 0xA860, 0x9040, 0x9861, 0x9860, 0x8840, 0xA081, 0xC0A1, 0xA860, 0xB020, 0xD040, 0xE060, 0xE060, 0xE040, 0xE840,
  0xE020, 0xD040, 0xB840, 0x9840, 0x8840, 0x5800, 0x4000, 0x4000, 0x5000, 0x5800, 0x4800, 0x4000, 0x3800, 0x3800, 0x3000, 0x4000,
  0x5800, 0x7000, 0x6800, 0x7000, 0x7000, 0x5000, 0x3800, 0x2800, 0x1800, 0x1800, 0x1000, 0x1000, 0x1000, 0x1000, 0x2000, 0x3820,
  0xF283, 0xEA22, 0xE9A1, 0xE161, 0xD921, 0xD142, 0xE1E2, 0xF2C3, 0xF2C2, 0xEAA2, 0xEA81, 0xEA61, 0xEA01, 0xE9C1, 0xEA01, 0xE1E1,
  0xD921, 0xC8A0, 0xB860, 0xA040, 0x9861, 0xA081, 0x8840, 0x9860, 0xB8A1, 0xB040, 0xB820, 0xD840, 0xE060, 0xE040, 0xE840, 0xE840,
  0xE020, 0xD040, 0xC860, 0xC060, 0xA840, 0x6820, 0x5000, 0x6020, 0x8020, 0x9020, 0x8000, 0x6800, 0x5800, 0x4800, 0x4800, 0x5000,
  0x6000, 0x6800, 0x6800, 0x7000, 0x6800, 0x4000, 0x2800, 0x1800, 0x1000, 0x1000, 0x1000, 0x1000, 0x1000, 0x1000, 0x2000, 0x4040,
  0xF2A3, 0xF222, 0xE9C1, 0xE961, 0xD941, 0xD962, 0xE243, 0xF2E3, 0xF2C2, 0xF2A2, 0xEA82, 0xEA61, 0xEA21, 0xE9C1, 0xE1C1, 0xE1C1,
  0xE161, 0xD100, 0xC8A0, 0xA860, 0xA061, 0xB0A1, 0x9860, 0x9860, 0xB081, 0xA840, 0xC020, 0xE040, 0xE060, 0xE040, 0xE840, 0xE840,
  0xE020, 0xC840, 0xD060, 0xD860, 0xB820, 0x8020, 0x6020, 0x7820, 0xB020, 0xC041, 0xB820, 0x9820, 0x8800, 0x7800, 0x7000, 0x8820,
  0x9020, 0x9000, 0x8800, 0x7800, 0x6000, 0x3800, 0x2000, 0x1800, 0x1800, 0x1000, 0x1800, 0x1800, 0x1800, 0x1800, 0x2800, 0x5060,
  0xF2A3, 0xF242, 0xE9E1, 0xE981, 0xE141, 0xD962, 0xEA63, 0xF324, 0xFAE2, 0xF2C2, 0xEA82, 0xEA61, 0xEA41, 0xE9E0, 0xE181, 0xE1A1,
  0xE1A1, 0xE160, 0xD0E0, 0xB860, 0xA060, 0xB8A1, 0xA880, 0x9860, 0xA881, 0xA020, 0xB820, 0xD860, 0xE080, 0xE060, 0xE840, 0xE840,
  0xD820, 0xC040, 0xD860, 0xD860, 0xC020, 0x9820, 0x7820, 0x9020, 0xC820, 0xE061, 0xD860, 0xC020, 0xB000, 0xA820, 0xA020, 0xB040,
  0xC060, 0xB020, 0xA000, 0x8800, 0x6800, 0x4000, 0x3000, 0x2000, 0x1800, 0x2000, 0x2000, 0x2000, 0x2000, 0x1800, 0x2800, 0x5060,
  0xF2A3, 0xF242, 0xE9E1, 0xE981, 0xE121, 0xD962, 0xEA83, 0xF324, 0xFAE2, 0xF2C2, 0xF2A2, 0xEA41, 0xEA40, 0xE9E0, 0xE160, 0xE181,
  0xE9C1, 0xE1C1, 0xD920, 0xC080, 0xA860, 0xC0C1, 0xB0C1, 0xA080, 0xA060, 0x9020, 0xA820, 0xD860, 0xE0A1, 0xE880, 0xE840, 0xE040,
  0xD020, 0xC020, 0xD060, 0xE060, 0xC820, 0xA820, 0x8820, 0x9800, 0xC820, 0xE081, 0xE881, 0xD840, 0xD800, 0xD020, 0xB820, 0xC040,
  0xD081, 0xB840, 0xA000, 0x9000, 0x7800, 0x5800, 0x4800, 0x3800, 0x2800, 0x2800, 0x2800, 0x2800, 0x2000, 0x2000, 0x2800, 0x5060,
  0xF283, 0xF222, 0xE9C1, 0xE961, 0xD901, 0xD141, 0xE263, 0xF323, 0xFAC2, 0xF2C2, 0xF2A2, 0xF241, 0xF220, 0xEA00, 0xE180, 0xE181,
  0xE9E1, 0xEA01, 0xE161, 0xC080, 0xB060, 0xC8E1, 0xC101, 0xB0C1, 0xA080, 0x8820, 0x9820, 0xC860, 0xE0A1, 0xE880, 0xE860, 0xE040,
  0xC020, 0xB820, 0xD060, 0xD860, 0xC820, 0xB020, 0x9820, 0xA020, 0xB820, 0xD880, 0xE0A1, 0xE040, 0xE020, 0xD820, 0xC020, 0xB840,
  0xC060, 0xB020, 0x9800, 0x8800, 0x8000, 0x6800, 0x5000, 0x4000, 0x3000, 0x2800, 0x2800, 0x2800, 0x2000, 0x1800, 0x2800, 0x5040,
  0xF262, 0xEA02, 0xE9C1, 0xE961, 0xD901, 0xD121, 0xE223, 0xF2E3, 0xFAA2, 0xFAA2, 0xF2A1, 0xF241, 0xF220, 0xEA00, 0xE1A0, 0xE180,
  0xE9C1, 0xE9E1, 0xE160, 0xC880, 0xB860, 0xD101, 0xD161, 0xC0E1, 0xB080, 0x8840, 0x9020, 0xC060, 0xD880, 0xE880, 0xE060, 0xD040,
  0xB820, 0xB040, 0xC060, 0xC060, 0xB840, 0xA820, 0xA820, 0xA820, 0xA020, 0xB040, 0xC881, 0xD040, 0xD820, 0xD020, 0xB800, 0x9820,
  0x9020, 0x8000, 0x7000, 0x6800, 0x6000, 0x5000, 0x4000, 0x3800, 0x2800, 0x2800, 0x2000, 0x2000, 0x1800, 0x1800, 0x3000, 0x5060,
  0xEA42, 0xE9E1, 0xE981, 0xE141, 0xD0E1, 0xC901, 0xD9E2, 0xEAA3, 0xFA82, 0xFA81, 0xF281, 0xF240, 0xF220, 0xEA20, 0xE1C0, 0xE180,
  0xE1A0, 0xE1C1, 0xD940, 0xC080, 0xC080, 0xD921, 0xD962, 0xD101, 0xC0A0, 0xA060, 0x9020, 0xB840, 0xD060, 0xD060, 0xD060, 0xC040,
  0xA820, 0xA020, 0xA040, 0xA040, 0xA020, 0xA020, 0xA820, 0xA020, 0x8800, 0x8820, 0xA040, 0xA820, 0xB020, 0xB020, 0x9000, 0x7800,
  0x6000, 0x5000, 0x4800, 0x4800, 0x4000, 0x3800, 0x3000, 0x2800, 0x2800, 0x2000, 0x1800, 0x1800, 0x1800, 0x1800, 0x3020, 0x5060,
  0xEA22, 0xE9C1, 0xE161, 0xE121, 0xD0E1, 0xC0E1, 0xC982, 0xE222, 0xF241, 0xFA61, 0xFA81, 0xF220, 0xF200, 0xEA20, 0xE1E0, 0xE180,
  0xE160, 0xE160, 0xD100, 0xB860, 0xC080, 0xD901, 0xD921, 0xD8E1, 0xC8A0, 0xB060, 0xA040, 0xB061, 0xC040, 0xC040, 0xB840, 0xA840,
  0x9040, 0x8820, 0x9020, 0x9020, 0x9820, 0x9820, 0xA020, 0x9020, 0x7800, 0x7800, 0x7800, 0x8000, 0x8800, 0x8000, 0x7800, 0x6800,
  0x5000, 0x4800, 0x4000, 0x4000, 0x3800, 0x3000, 0x3000, 0x2800, 0x2000, 0x1800, 0x1800, 0x1000, 0x1800, 0x2000, 0x3020, 0x5060,
  0xEA22, 0xE1A1, 0xE141, 0xE121, 0xD0E1, 0xB8C1, 0xC141, 0xD9C2, 0xF201, 0xFA41, 0xFA61, 0xF200, 0xE9E0, 0xEA00, 0xE1E0, 0xD980,
  0xD940, 0xD920, 0xC8C0, 0xB060, 0xB881, 0xD0E1, 0xD8E1, 0xD080, 0xD080, 0xC060, 0xA860, 0xA861, 0xB061, 0xB040, 0xA840, 0x9840,
  0x8840, 0x9040, 0x9840, 0xA840, 0xB020, 0xB020, 0xA820, 0x9800, 0x8800, 0x8800, 0x8000, 0x8000, 0x8000, 0x8000, 0x7800, 0x7000,
  0x6000, 0x6000, 0x6000, 0x5000, 0x4000, 0x3800, 0x3800, 0x3800, 0x2800, 0x2000, 0x1800, 0x1000, 0x1800, 0x1800, 0x3020, 0x5080,
  0xEA22, 0xE181, 0xE121, 0xE121, 0xD101, 0xB8C1, 0xB8E1, 0xD181, 0xE9E1, 0xF220, 0xF221, 0xE9C0, 0xE9A0, 0xE9E0, 0xD9C0, 0xD160,
  0xD120, 0xD0E0, 0xC0A0, 0xB060, 0xB881, 0xD0A1, 0xD080, 0xC860, 0xC860, 0xC860, 0xB861, 0xA861, 0xB060, 0xB840, 0xA840, 0x9020,
  0x9040, 0xA860, 0xB860, 0xC880, 0xD040, 0xC820, 0xB800, 0xA000, 0x9800, 0xA000, 0xA020, 0x9820, 0x9800, 0x9000, 0x8000, 0x7800,
  0x7000, 0x7800, 0x7000, 0x5800, 0x5000, 0x5000, 0x5000, 0x4800, 0x3800, 0x2800, 0x2000, 0x1800, 0x1800, 0x1800, 0x3040, 0x58A0,
  0xEA22, 0xE181, 0xE121, 0xE121, 0xD121, 0xB8C1, 0xB0C1, 0xC941, 0xE9A1, 0xF220, 0xF200, 0xE980, 0xE160, 0xE1A0, 0xD180, 0xC120,
  0xC0E0, 0xC8C0, 0xB880, 0xB061, 0xC081, 0xD081, 0xC840, 0xC040, 0xC840, 0xC840, 0xB861, 0xB040, 0xC060, 0xC880, 0xB060, 0x9020,
  0x9840, 0xC060, 0xD0A0, 0xE0A1, 0xE060, 0xD040, 0xC020, 0xA820, 0xA000, 0xA800, 0xA820, 0xA020, 0xA020, 0x9820, 0x8000, 0x7000,
  0x7000, 0x7000, 0x6800, 0x5800, 0x5000, 0x5000, 0x4800, 0x4000, 0x3000, 0x2800, 0x2000, 0x1800, 0x1000, 0x1800, 0x3840, 0x58C0,
  0xEA42, 0xE181, 0xE121, 0xE141, 0xD941, 0xB8E1, 0xB0C1, 0xC921, 0xE1A1, 0xF220, 0xF1E0, 0xE140, 0xD900, 0xD960, 0xC940, 0xB0E0,
  0xB0C0, 0xB8A0, 0xB881, 0xB881, 0xC0A1, 0xD080, 0xC840, 0xC040, 0xC040, 0xC840, 0xB840, 0xB840, 0xD080, 0xD880, 0xC060, 0x9020,
  0xA040, 0xC060, 0xD8C1, 0xE0A1, 0xE060, 0xD060, 0xC040, 0xB020, 0xA820, 0xA820, 0xA820, 0xA020, 0x9820, 0x8820, 0x6800, 0x6000,
  0x6000, 0x5800, 0x5000, 0x4000, 0x3800, 0x3000, 0x3000, 0x2800, 0x2000, 0x1800, 0x1000, 0x1000, 0x1000, 0x1800, 0x3840, 0x58C0,
  0xEA82, 0xE1A1, 0xE141, 0xE161, 0xD961, 0xC101, 0xA8A1, 0xC101, 0xE181, 0xF201, 0xE9E1, 0xD900, 0xD0E0, 0xD120, 0xC101, 0xA0A0,
  0xA080, 0xA880, 0xC0A1, 0xB8A1, 0xB8A1, 0xC060, 0xC040, 0xC040, 0xC040, 0xC040, 0xB840, 0xC040, 0xD880, 0xE0A0, 0xC860, 0xA020,
  0xA040, 0xC060, 0xD0A1, 0xD8A0, 0xD060, 0xD060, 0xC840, 0xC040, 0xB840, 0xB020, 0xB020, 0xA840, 0xA040, 0x8020, 0x6000, 0x5000,
  0x5800, 0x5000, 0x4800, 0x3800, 0x2800, 0x2800, 0x2000, 0x1800, 0x1000, 0x1000, 0x1000, 0x1000, 0x1000, 0x2000, 0x4040, 0x58C1,
  0xF2C3, 0xE9C1, 0xE161, 0xE181, 0xD981, 0xC121, 0xA8A1, 0xC101, 0xE181, 0xF201, 0xE9E1, 0xD100, 0xC8A0, 0xC901, 0xC0E1, 0x9880,
  0x9060, 0xA080, 0xC0A1, 0xB8A1, 0xA881, 0xB060, 0xB860, 0xB860, 0xB840, 0xB020, 0xB840, 0xC840, 0xE080, 0xE8A0, 0xD080, 0xA840,
  0xA840, 0xB860, 0xC880, 0xC060, 0xB840, 0xC040, 0xD060, 0xD081, 0xC840, 0xC840, 0xC860, 0xC880, 0xC080, 0x9820, 0x7000, 0x6000,
  0x6800, 0x6800, 0x6000, 0x4800, 0x3800, 0x3000, 0x2000, 0x1800, 0x1000, 0x0800, 0x1000, 0x1000, 0x1800, 0x2000, 0x4040, 0x58C1,
  0xF303, 0xEA02, 0xE181, 0xE1A1, 0xE1A1, 0xC121, 0xA8A1, 0xC101, 0xE1A1, 0xF201, 0xE9E1, 0xD101, 0xC8A1, 0xC8E1, 0xB8C1, 0x9860,
  0x8040, 0x9860, 0xB8A1, 0xA881, 0x8860, 0x8840, 0x9840, 0xA060, 0xA040, 0x9820, 0xB040, 0xC840, 0xD880, 0xE0C0, 0xD880, 0xB840,
  0xC040, 0xC860, 0xD060, 0xC040, 0xB020, 0xC020, 0xD040, 0xD861, 0xD060, 0xD040, 0xD880, 0xE0C0, 0xD8A0, 0xB840, 0x9000, 0x7800,
  0x7800, 0x7800, 0x6800, 0x5000, 0x4000, 0x3800, 0x2800, 0x1800, 0x1000, 0x1000, 0x1000, 0x1000, 0x1800, 0x2000, 0x4040, 0x58C1,
  0xF343, 0xEA42, 0xE9A1, 0xE1A1, 0xE1C1, 0xC121, 0xA8A1, 0xC101, 0xE1A1, 0xF221, 0xEA01, 0xD921, 0xC8C1, 0xC8C1, 0xB8C1, 0x9040,
  0x8040, 0x9881, 0xA8A1, 0x8861, 0x6840, 0x6820, 0x7840, 0x8040, 0x7820, 0x7820, 0xA040, 0xC860, 0xD8A0, 0xE0C0, 0xD880, 0xC840,
  0xD860, 0xE060, 0xD880, 0xC840, 0xB800, 0xC000, 0xC820, 0xD040, 0xD040, 0xC840, 0xD060, 0xD8A0, 0xE080, 0xD040, 0xA820, 0x9000,
  0x8000, 0x7800, 0x7000, 0x6000, 0x5000, 0x4800, 0x3800, 0x2800, 0x1800, 0x1000, 0x1000, 0x1000, 0x1000, 0x2000, 0x4860, 0x60E1,
  0xF363, 0xF282, 0xE9C1, 0xE1C1, 0xD9A1, 0xC121, 0xA0A1, 0xB901, 0xE1A1, 0xF221, 0xF221, 0xD961, 0xC8C1, 0xC0C1, 0xB0A1, 0x9040,
  0x8860, 0x98A1, 0x9081, 0x6840, 0x4820, 0x4800, 0x5820, 0x6020, 0x5820, 0x6000, 0x9020, 0xC060, 0xD8A0, 0xD8C0, 0xD060, 0xD040,
  0xE060, 0xE880, 0xE0A0, 0xD060, 0xC000, 0xC000, 0xC800, 0xC820, 0xC820, 0xC020, 0xC840, 0xD040, 0xD040, 0xD040, 0xB000, 0x9800,
  0x8800, 0x8800, 0x8000, 0x7800, 0x7000, 0x6000, 0x5000, 0x4000, 0x2000, 0x1000, 0x1000, 0x1000, 0x1800, 0x2800, 0x4860, 0x58E1,
  0xF384, 0xF2A2, 0xE9E1, 0xE1C1, 0xD9A1, 0xB901, 0x9881, 0xB0E1, 0xD981, 0xEA41, 0xF221, 0xE181, 0xC8E1, 0xC0C1, 0xA8A1, 0x8840,
  0x9061, 0xA0C2, 0x8081, 0x5020, 0x3000, 0x3800, 0x4000, 0x4020, 0x4000, 0x4800, 0x8820, 0xB860, 0xD0C0, 0xD0A0, 0xD040, 0xD020,
  0xD840, 0xE060, 0xE080, 0xD040, 0xC800, 0xC800, 0xC800, 0xC800, 0xC820, 0xC820, 0xD020, 0xD020, 0xC820, 0xC020, 0xA800, 0x9000,
  0x8800, 0x9000, 0x9000, 0x8800, 0x8000, 0x7000, 0x6800, 0x5000, 0x3000, 0x1800, 0x1000, 0x1800, 0x1800, 0x2800, 0x4860, 0x58E1,
  0xF384, 0xEAC3, 0xE202, 0xE1C1, 0xD9A1, 0xB901, 0x9081, 0xA0C1, 0xC961, 0xEA41, 0xF241, 0xE1A1, 0xC901, 0xC0C1, 0xA8A1, 0x8840,
  0x9881, 0xA8E2, 0x7081, 0x3820, 0x2800, 0x3020, 0x3820, 0x3820, 0x3800, 0x4800, 0x8020, 0xB860, 0xD0A0, 0xD080, 0xC840, 0xC820,
  0xC820, 0xD040, 0xD860, 0xD020, 0xC800, 0xC800, 0xC000, 0xC020, 0xD040, 0xD840, 0xD840, 0xD820, 0xC820, 0xB800, 0xA000, 0x8000,
  0x8800, 0x9000, 0x8800, 0x8000, 0x7800, 0x7800, 0x7000, 0x6000, 0x4000, 0x2800, 0x1800, 0x1800, 0x1800, 0x2800, 0x4860, 0x5901,
  0xF3A4, 0xEAE3, 0xE202, 0xD9C1, 0xD981, 0xB901, 0x8861, 0x9080, 0xC141, 0xE221, 0xEA41, 0xE1A1, 0xC901, 0xB8C1, 0xA0A1, 0x8040,
  0xA0A1, 0xA8E2, 0x6881, 0x3000, 0x2800, 0x3040, 0x3841, 0x3841, 0x3020, 0x4820, 0x8820, 0xB840, 0xC880, 0xD080, 0xC840, 0xC020,
  0xB000, 0xC020, 0xD020, 0xD020, 0xC000, 0xB800, 0xB800, 0xB820, 0xD060, 0xD860, 0xD820, 0xD020, 0xC800, 0xB020, 0x9800, 0x7800,
  0x7800, 0x8000, 0x7000, 0x6800, 0x6800, 0x6800, 0x7000, 0x6000, 0x4800, 0x2800, 0x1800, 0x1800, 0x1800, 0x2800, 0x4860, 0x5901,
  0xEB64, 0xEAC3, 0xD9E2, 0xD9A1, 0xD181, 0xB901, 0x9081, 0x8880, 0xB921, 0xDA01, 0xEA21, 0xD981, 0xC0E1, 0xB8C1, 0xA0C1, 0x8060,
  0xA0A1, 0xB0E2, 0x6881, 0x2800, 0x2020, 0x3061, 0x4061, 0x3841, 0x3020, 0x4820, 0x8840, 0xC040, 0xD080, 0xD0C0, 0xD080, 0xB020,
  0xA000, 0xB000, 0xC840, 0xC060, 0xA820, 0xA800, 0xA820, 0xA820, 0xB840, 0xD040, 0xC820, 0xC000, 0xB000, 0x9800, 0x7800, 0x6800,
  0x6000, 0x6000, 0x5000, 0x4800, 0x4800, 0x5000, 0x5000, 0x4800, 0x3000, 0x1800, 0x1000, 0x1000, 0x1000, 0x2000, 0x4060, 0x5901,
  0xEB44, 0xE2A3, 0xD9E2, 0xD9A1, 0xD981, 0xC121, 0x9081, 0x8060, 0xA8E1, 0xD9E1, 0xD9E1, 0xD161, 0xC0E1, 0xB8C1, 0xA8E2, 0x8860,
  0xA081, 0xA8C1, 0x6861, 0x2800, 0x2020, 0x3861, 0x4061, 0x3841, 0x3820, 0x4820, 0x8840, 0xC040, 0xD080, 0xD8C1, 0xC880, 0xA840,
  0x8800, 0x9820, 0xB060, 0xA860, 0x8820, 0x8020, 0x9020, 0x8820, 0x9020, 0xA820, 0xA000, 0x9800, 0x8800, 0x6800, 0x5000, 0x4800,
  0x5000, 0x5800, 0x4800, 0x4000, 0x3800, 0x3800, 0x3800, 0x3000, 0x2000, 0x1800, 0x1000, 0x1000, 0x1000, 0x2800, 0x4860, 0x58E1,
  0xE303, 0xE283, 0xD1C2, 0xD181, 0xD981, 0xC121, 0x98A1, 0x8861, 0xA8E1, 0xD1C1, 0xD1A1, 0xC921, 0xB8E1, 0xB8E2, 0xA8E2, 0x8861,
  0x9860, 0xA081, 0x6860, 0x2800, 0x2020, 0x3041, 0x3861, 0x3841, 0x3820, 0x4820, 0x8040, 0xC060, 0xD080, 0xC8A0, 0xB860, 0x9020,
  0x7000, 0x7820, 0x8840, 0x7840, 0x6020, 0x6000, 0x6820, 0x6000, 0x6000, 0x7020, 0x7000, 0x7000, 0x6800, 0x5800, 0x4000, 0x3800,
  0x5000, 0x5800, 0x5800, 0x4800, 0x4000, 0x4000, 0x4000, 0x3800, 0x2800, 0x2000, 0x2000, 0x1800, 0x1800, 0x2800, 0x4880, 0x5901,
  0xDAA3, 0xDA63, 0xD1A2, 0xD181, 0xD9A1, 0xC941, 0xA0C1, 0x8881, 0xA8E1, 0xC9A1, 0xC961, 0xC0E1, 0xC0C1, 0xB8E1, 0xA8C2, 0x9061,
  0x9860, 0x9860, 0x6840, 0x2800, 0x2000, 0x3020, 0x3840, 0x3840, 0x3820, 0x4020, 0x7040, 0xA860, 0xB860, 0xB060, 0x9840, 0x8020,
  0x6800, 0x6820, 0x7020, 0x6020, 0x5800, 0x5800, 0x6020, 0x5000, 0x5000, 0x6000, 0x6800, 0x7000, 0x7820, 0x7000, 0x5000, 0x4000,
  0x5800, 0x7800, 0x7800, 0x7000, 0x6000, 0x6000, 0x5800, 0x5000, 0x3800, 0x2800, 0x2000, 0x2000, 0x2000, 0x3000, 0x5080, 0x5901,
  0xDA63, 0xDA42, 0xC9A1, 0xD181, 0xD9A1, 0xD161, 0xA8E1, 0x90A1, 0xB101, 0xC981, 0xC141, 0xB8C1, 0xC8C1, 0xC0C1, 0xA8C1, 0x9861,
  0x9840, 0x9040, 0x6840, 0x2800, 0x2000, 0x3020, 0x3820, 0x4020, 0x3820, 0x4020, 0x6020, 0x9040, 0xA040, 0x9040, 0x8820, 0x7820,
  0x7020, 0x7840, 0x7020, 0x7020, 0x7020, 0x7820, 0x7820, 0x6800, 0x6800, 0x8820, 0x9840, 0xA020, 0xA820, 0xA020, 0x7000, 0x5800,
  0x7000, 0xA000, 0xB000, 0xA000, 0x8800, 0x7000, 0x6000, 0x4800, 0x3000, 0x2000, 0x2000, 0x2000, 0x2000, 0x3000, 0x5080, 0x5901,
  0xD222, 0xDA22, 0xC9A1, 0xD181, 0xE1C1, 0xD181, 0xB101, 0x98C1, 0xB941, 0xD1A1, 0xC121, 0xC0A1, 0xD0C1, 0xC0C1, 0xA8A1, 0xA081,
  0x9840, 0x8840, 0x6840, 0x3000, 0x2800, 0x3020, 0x4020, 0x4820, 0x4820, 0x4020, 0x5020, 0x7840, 0x9840, 0x9040, 0x9040, 0x8820,
  0x9040, 0x9840, 0x8840, 0x8020, 0x9820, 0xA040, 0xA040, 0x9020, 0x9820, 0xB020, 0xC060, 0xC060, 0xC820, 0xB820, 0x8800, 0x7000,
  0x8800, 0xA800, 0xB820, 0xB020, 0x9800, 0x7000, 0x5800, 0x3800, 0x2800, 0x1800, 0x2000, 0x2000, 0x1800, 0x3000, 0x4880, 0x5101,
  0xD202, 0xDA02, 0xD1A2, 0xD181, 0xE1C1, 0xD181, 0xB101, 0xA0E1, 0xC161, 0xD1A1, 0xC121, 0xC0A1, 0xD0C1, 0xB8A1, 0xA081, 0xA881,
  0x9840, 0x8820, 0x6820, 0x3820, 0x3020, 0x4020, 0x5020, 0x6020, 0x5820, 0x4820, 0x4820, 0x6820, 0x9840, 0xA860, 0xB081, 0xA860,
  0xA840, 0xA840, 0xA040, 0x9040, 0xA040, 0xB040, 0xB040, 0xB040, 0xC020, 0xD040, 0xD080, 0xD060, 0xC820, 0xC020, 0xA000, 0x8800,
  0x8800, 0x9000, 0x9800, 0x8800, 0x7800, 0x5000, 0x3800, 0x2000, 0x1800, 0x1800, 0x1800, 0x1800, 0x1800, 0x2820, 0x4880, 0x50E1,
  0xD1E2, 0xDA02, 0xD1A2, 0xD1A1, 0xE1C1, 0xD161, 0xB101, 0xA901, 0xC181, 0xD9C2, 0xC941, 0xC8C1, 0xD0C1, 0xB080, 0x9860, 0xA061,
  0xA040, 0x9020, 0x7820, 0x5020, 0x3820, 0x5020, 0x6820, 0x7820, 0x7020, 0x5020, 0x4820, 0x6820, 0xA040, 0xC081, 0xC0A1, 0xB861,
  0xA840, 0xA840, 0xA860, 0x9840, 0x9840, 0xA840, 0xB840, 0xC840, 0xD020, 0xD020, 0xD060, 0xC040, 0xB820, 0xB020, 0xA000, 0x8000,
  0x7000, 0x6800, 0x5800, 0x5000, 0x4000, 0x2800, 0x1800, 0x1000, 0x1000, 0x1000, 0x1000, 0x1000, 0x1000, 0x2820, 0x4880, 0x50E1,
  0xD1C2, 0xDA02, 0xD1C2, 0xD1A1, 0xD9A1, 0xC961, 0xA8E1, 0xA0E1, 0xC981, 0xD9C2, 0xC961, 0xD0E1, 0xD0C1, 0xA860, 0x8840, 0xA061,
  0xA860, 0x9820, 0x8820, 0x6020, 0x5020, 0x6820, 0x8020, 0x9020, 0x8820, 0x5820, 0x4820, 0x6000, 0x9840, 0xB861, 0xB881, 0xB060,
  0xA040, 0xA040, 0xB060, 0xA040, 0x8820, 0x9020, 0xB020, 0xC840, 0xC820, 0xC020, 0xB820, 0xA820, 0x9820, 0x9000, 0x8000, 0x6800,
  0x5800, 0x4800, 0x3800, 0x2800, 0x1800, 0x1000, 0x1000, 0x0800, 0x0800, 0x0800, 0x0800, 0x0800, 0x1000, 0x2800, 0x4880, 0x50E0,
  0xD1C2, 0xE222, 0xD9E2, 0xD1A1, 0xD181, 0xC121, 0x98C1, 0x98E1, 0xB961, 0xD1C2, 0xC962, 0xD101, 0xD0E1, 0xA060, 0x8020, 0x9840,
  0xA861, 0xA840, 0xA040, 0x8040, 0x6820, 0x8020, 0x9820, 0xA020, 0x9820, 0x6000, 0x4000, 0x5000, 0x8820, 0xA840, 0xA040, 0x9840,
  0x9020, 0x9820, 0xB840, 0xA840, 0x9020, 0x9000, 0xA820, 0xB820, 0xB820, 0xA820, 0x9000, 0x7800, 0x7800, 0x7000, 0x6000, 0x5000,
  0x5000, 0x4000, 0x3000, 0x2000, 0x1800, 0x1000, 0x1000, 0x0800, 0x0800, 0x0800, 0x0800, 0x0800, 0x1000, 0x2800, 0x4860, 0x50C0,
  0xD9C1, 0xE222, 0xD9E2, 0xD181, 0xC961, 0xB101, 0x88A1, 0x88A1, 0xB141, 0xC181, 0xC142, 0xC902, 0xC0E1, 0x9060, 0x7020, 0x8840,
  0xA881, 0xB860, 0xB040, 0x9860, 0x8020, 0xA020, 0xA820, 0xA820, 0x9800, 0x6000, 0x4000, 0x4800, 0x7020, 0x9020, 0x8820, 0x8820,
  0x8800, 0xA020, 0xB840, 0xB840, 0x9820, 0x9000, 0x9000, 0x9820, 0x9020, 0x8000, 0x6800, 0x5800, 0x6000, 0x6000, 0x5800, 0x5000,
  0x5000, 0x4800, 0x3800, 0x2800, 0x2000, 0x1800, 0x1000, 0x0800, 0x0800, 0x0800, 0x0800, 0x0800, 0x1000, 0x2800, 0x4880, 0x50A0,
  0xD9E1, 0xEA42, 0xE1E2, 0xD161, 0xC141, 0xA8E1, 0x8080, 0x7881, 0xA101, 0xB941, 0xB921, 0xC101, 0xB8E1, 0x8840, 0x6820, 0x7820,
  0xA061, 0xB881, 0xB860, 0xA861, 0x9040, 0xB020, 0xB820, 0xB020, 0xA000, 0x6800, 0x4000, 0x4000, 0x6020, 0x8020, 0x8020, 0x8800,
  0x9000, 0xA820, 0xB840, 0xB020, 0x9020, 0x8000, 0x7800, 0x7000, 0x6000, 0x5800, 0x5000, 0x4800, 0x5000, 0x5800, 0x5000, 0x5000,
  0x5000, 0x5000, 0x4800, 0x3000, 0x2800, 0x2000, 0x1800, 0x0800, 0x0800, 0x0800, 0x0800, 0x0800, 0x1000, 0x2800, 0x4080, 0x48C1,
  0xE201, 0xEA42, 0xE1E2, 0xC961, 0xB101, 0x98C1, 0x7060, 0x6860, 0x90C1, 0xA901, 0xB101, 0xB901, 0xA8C1, 0x8060, 0x6000, 0x6820,
  0x9861, 0xB881, 0xC060, 0xA861, 0xA040, 0xB820, 0xC820, 0xC000, 0xB000, 0x7800, 0x4800, 0x4000, 0x5820, 0x7020, 0x8020, 0x8800,
  0x9820, 0xA020, 0xA820, 0x9820, 0x7800, 0x6800, 0x5800, 0x5000, 0x4800, 0x4800, 0x4800, 0x4800, 0x5000, 0x5800, 0x5800, 0x5800,
  0x5800, 0x5800, 0x4800, 0x3800, 0x3000, 0x2000, 0x1800, 0x1000, 0x1000, 0x0800, 0x0800, 0x1000, 0x1000, 0x2820, 0x4080, 0x48C1,
  0xEA21, 0xEA62, 0xE1E2, 0xC921, 0xA8E1, 0x88A1, 0x6840, 0x6040, 0x80A1, 0xA0E1, 0xA8E1, 0xB0E1, 0xA8C1, 0x8061, 0x6020, 0x6020,
  0x8840, 0xA860, 0xB860, 0xA860, 0xA040, 0xC020, 0xD020, 0xD000, 0xC000, 0x9000, 0x6000, 0x4000, 0x5000, 0x6820, 0x8000, 0x8800,
  0x9000, 0x9020, 0x8820, 0x8000, 0x7000, 0x6800, 0x5000, 0x5000, 0x4800, 0x4000, 0x4000, 0x4800, 0x5000, 0x5000, 0x5800, 0x5800,
  0x5000, 0x4800, 0x4000, 0x3800, 0x2800, 0x2800, 0x2000, 0x2000, 0x1800, 0x1000, 0x1000, 0x1000, 0x1000, 0x2820, 0x4060, 0x48A0,
  0xEA21, 0xF262, 0xE1E1, 0xC121, 0x98C1, 0x7881, 0x6040, 0x5840, 0x8081, 0x98C1, 0xA8E1, 0xB0E1, 0xA8C1, 0x8881, 0x6020, 0x5820,
  0x7840, 0x9860, 0xA040, 0x9840, 0x9820, 0xC020, 0xD820, 0xD820, 0xD020, 0xB020, 0x8020, 0x5000, 0x5000, 0x6000, 0x8000, 0x8000,
  0x8000, 0x8020, 0x7800, 0x8000, 0x8000, 0x7000, 0x5800, 0x5800, 0x5000, 0x4000, 0x3800, 0x4000, 0x4800, 0x5000, 0x5000, 0x5000,
  0x4800, 0x4800, 0x4800, 0x4800, 0x4000, 0x3800, 0x3000, 0x2800, 0x2000, 0x1800, 0x1000, 0x1000, 0x1000, 0x2000, 0x4060, 0x4880,
  0xF241, 0xF262, 0xE9C1, 0xC101, 0x90A1, 0x7061, 0x5840, 0x6040, 0x80A1, 0xA0E1, 0xB901, 0xB901, 0xB0E1, 0x98A1, 0x7040, 0x6020,
  0x7020, 0x9040, 0x9040, 0x8820, 0x9820, 0xC020, 0xD840, 0xE060, 0xD840, 0xC820, 0x9840, 0x6820, 0x6000, 0x6800, 0x8000, 0x8000,
  0x7800, 0x8020, 0x8020, 0x8820, 0x9020, 0x7820, 0x5800, 0x5000, 0x5000, 0x4000, 0x3800, 0x4000, 0x4800, 0x5800, 0x6000, 0x6800,
  0x6800, 0x6800, 0x6800, 0x6000, 0x5000, 0x4000, 0x3000, 0x2800, 0x2000, 0x1000, 0x1000, 0x0800, 0x1000, 0x2000, 0x4060, 0x48A0,
  0xF241, 0xF262, 0xE9C1, 0xC0E1, 0x8080, 0x6061, 0x5820, 0x6040, 0x88A1, 0xB0E1, 0xC121, 0xC921, 0xC101, 0xA8C1, 0x8061, 0x6840,
  0x7820, 0x8840, 0x8020, 0x8020, 0x9820, 0xC020, 0xE060, 0xE8C0, 0xE080, 0xD040, 0xA840, 0x8020, 0x8020, 0x8000, 0x8820, 0x9020,
  0x8820, 0x8820, 0x8820, 0x9020, 0x8820, 0x6000, 0x4800, 0x4800, 0x5000, 0x4000, 0x4800, 0x5000, 0x5800, 0x7000, 0x8000, 0x8800,
  0x8800, 0x8000, 0x7000, 0x6000, 0x5000, 0x3800, 0x2800, 0x2000, 0x1800, 0x1000, 0x0800, 0x0800, 0x1000, 0x2000, 0x4060, 0x48A0,
  0xF241, 0xF262, 0xE9A1, 0xB8E1, 0x7880, 0x5840, 0x5840, 0x7060, 0x98C1, 0xB921, 0xD141, 0xD141, 0xD121, 0xB8C1, 0x9081, 0x7861,
  0x8040, 0x9040, 0x8020, 0x8020, 0x9820, 0xC040, 0xE0C0, 0xF120, 0xE8C0, 0xD840, 0xB840, 0xA040, 0xA840, 0x9820, 0x9020, 0x9820,
  0x9820, 0x8820, 0x8020, 0x7820, 0x6800, 0x5000, 0x4000, 0x4800, 0x5000, 0x5800, 0x6800, 0x7800, 0x7800, 0x8000, 0x9000, 0x9000,
  0x9000, 0x7800, 0x6000, 0x5000, 0x3800, 0x2800, 0x2000, 0x1800, 0x1000, 0x1000, 0x0800, 0x0800, 0x1000, 0x2800, 0x4060, 0x4880,
  0xF241, 0xF242, 0xE9A1, 0xB8E1, 0x6860, 0x5040, 0x5840, 0x7861, 0xA8E1, 0xC941, 0xD961, 0xD941, 0xD921, 0xC8E1, 0xA881, 0x8861,
  0x9060, 0xA061, 0x8840, 0x8020, 0x9820, 0xC040, 0xE0E1, 0xF161, 0xF0E0, 0xD840, 0xC840, 0xC060, 0xC880, 0xB840, 0x9820, 0x9820,
  0x9020, 0x7800, 0x6000, 0x5800, 0x5000, 0x5000, 0x4800, 0x4800, 0x5800, 0x7000, 0x8820, 0x9020, 0x8800, 0x8000, 0x8000, 0x8000,
  0x7800, 0x6800, 0x4800, 0x4000, 0x3800, 0x2800, 0x2000, 0x2000, 0x1800, 0x1000, 0x1000, 0x0800, 0x1000, 0x2800, 0x4040, 0x4060,
  0xF221, 0xF242, 0xE1A1, 0xB8E1, 0x6060, 0x4820, 0x6040, 0x88A1, 0xB101, 0xD981, 0xE181, 0xD921, 0xD921, 0xD0E0, 0xB0A1, 0x9081,
  0x9861, 0xB081, 0x9860, 0x8840, 0x9820, 0xB040, 0xD8E1, 0xF141, 0xF100, 0xE060, 0xD880, 0xD8A1, 0xE0A1, 0xC860, 0xA020, 0x9020,
  0x8020, 0x6000, 0x5000, 0x5000, 0x5800, 0x6800, 0x7000, 0x6000, 0x7000, 0x8000, 0x9000, 0x9020, 0x7800, 0x6800, 0x6800, 0x6800,
  0x6800, 0x5800, 0x5000, 0x4000, 0x3800, 0x3000, 0x2800, 0x2000, 0x1800, 0x1800, 0x1000, 0x1000, 0x1000, 0x2000, 0x3840, 0x4060,
  0xF221, 0xF222, 0xE181, 0xB0E1, 0x6060, 0x4020, 0x6861, 0xA0C1, 0xC121, 0xE181, 0xE181, 0xD101, 0xD901, 0xD8E0, 0xC0A1, 0xA081,
  0xA081, 0xB881, 0xA860, 0x9840, 0x9840, 0xA040, 0xC8C0, 0xE900, 0xF0E0, 0xE880, 0xE8A1, 0xE8E1, 0xE8C1, 0xD060, 0x9820, 0x8000,
  0x7000, 0x6000, 0x5800, 0x5800, 0x6800, 0x8800, 0x9000, 0x8000, 0x8000, 0x8000, 0x8000, 0x8000, 0x6800, 0x6000, 0x6000, 0x6000,
  0x6000, 0x6000, 0x5000, 0x4800, 0x3800, 0x3000, 0x2800, 0x2000, 0x1800, 0x1800, 0x1000, 0x1000, 0x1000, 0x2000, 0x3840, 0x4080,
  0xF201, 0xEA02, 0xE181, 0xB0C1, 0x5840, 0x4020, 0x7881, 0xB101, 0xD141, 0xE1A1, 0xE161, 0xC8E1, 0xD8E0, 0xD8E0, 0xC8A1, 0xA881,
  0xA081, 0xB881, 0xB880, 0xA860, 0x9840, 0x9040, 0xB060, 0xE0A0, 0xF0C0, 0xF0A1, 0xE8A1, 0xE8E1, 0xE8A0, 0xC860, 0x9020, 0x7800,
  0x7800, 0x7800, 0x7800, 0x7800, 0x8000, 0xA000, 0xA000, 0x9000, 0x8800, 0x7800, 0x7800, 0x7800, 0x7000, 0x6800, 0x6800, 0x6800,
  0x6000, 0x5800, 0x5000, 0x4800, 0x3800, 0x3000, 0x2800, 0x2000, 0x1800, 0x1000, 0x1000, 0x0800, 0x1000, 0x2000, 0x3840, 0x4080,
  0xE9E1, 0xE9E2, 0xD961, 0xA8C1, 0x5840, 0x4020, 0x80A1, 0xC121, 0xD962, 0xE9A1, 0xD941, 0xC0C1, 0xD0C0, 0xD8E0, 0xC8C1, 0xB0A1,
  0xA060, 0xB081, 0xC0A1, 0xB881, 0x9861, 0x8020, 0xA040, 0xD060, 0xE8A1, 0xE8A1, 0xE0A1, 0xE0C1, 0xE080, 0xC060, 0x8820, 0x8000,
  0x9000, 0x9800, 0xA020, 0xA020, 0x9800, 0xA000, 0xA000, 0x9000, 0x8000, 0x8000, 0x8000, 0x8800, 0x8800, 0x8000, 0x7000, 0x6800,
  0x5800, 0x5000, 0x4800, 0x4000, 0x3800, 0x3000, 0x2000, 0x1800, 0x1000, 0x1000, 0x0800, 0x0800, 0x0800, 0x2000, 0x3840, 0x4880,
  0xE9C1, 0xE1C2, 0xD141, 0xA0C1, 0x5040, 0x4020, 0x88C1, 0xC962, 0xE182, 0xE9A1, 0xD921, 0xC0A1, 0xD0C0, 0xD8E0, 0xC8C1, 0xB0A1,
  0x9860, 0xA060, 0xC0A1, 0xC0A1, 0xA081, 0x7820, 0x9020, 0xC840, 0xE081, 0xE0A1, 0xC860, 0xD080, 0xE0A0, 0xC060, 0x9020, 0x9800,
  0xA800, 0xB820, 0xC020, 0xB820, 0xB020, 0xA820, 0xA820, 0x9800, 0x9000, 0x9000, 0x9000, 0x9800, 0x9000, 0x8000, 0x7000, 0x6000,
  0x5000, 0x4800, 0x4000, 0x3800, 0x3000, 0x2800, 0x2000, 0x1800, 0x1000, 0x0800, 0x0800, 0x0800, 0x0800, 0x2000, 0x3840, 0x4880,
  0xE1A1, 0xD9A1, 0xC941, 0xA0C1, 0x5040, 0x4820, 0x90C1, 0xD182, 0xE1A2, 0xE9A1, 0xD921, 0xC0A1, 0xC8C1, 0xD0E0, 0xC8C1, 0xB0A1,
  0x8840, 0x8840, 0xB0A1, 0xC0A1, 0xA081, 0x8840, 0x9820, 0xC020, 0xD860, 0xD081, 0xB040, 0xC060, 0xE0A0, 0xC880, 0xA820, 0xB000,
  0xC000, 0xC020, 0xC820, 0xC040, 0xB840, 0xC040, 0xB820, 0xB020, 0xB020, 0xA000, 0x9800, 0x9800, 0x8800, 0x7800, 0x6000, 0x5000,
  0x4000, 0x3800, 0x3000, 0x3000, 0x2800, 0x2000, 0x1800, 0x1000, 0x1000, 0x0800, 0x0800, 0x0800, 0x0800, 0x2000, 0x3840, 0x4080,
  0xE181, 0xD181, 0xC121, 0x98A1, 0x5840, 0x4840, 0x98E1, 0xD982, 0xE9C2, 0xE981, 0xD101, 0xC0A1, 0xC8C1, 0xD0E0, 0xC0C0, 0xB081,
  0x8040, 0x7840, 0xA080, 0xB8A1, 0xB081, 0xA040, 0xA820, 0xB820, 0xC860, 0xC060, 0x9820, 0xB040, 0xD880, 0xD060, 0xB820, 0xB800,
  0xC000, 0xC820, 0xC820, 0xC840, 0xC040, 0xC840, 0xC840, 0xC020, 0xB820, 0xA800, 0x9000, 0x8800, 0x7800, 0x6800, 0x5000, 0x4000,
  0x3800, 0x3000, 0x2800, 0x2800, 0x2800, 0x2000, 0x1800, 0x1000, 0x1000, 0x1000, 0x0800, 0x0800, 0x0800, 0x1800, 0x3020, 0x4060,
  0xD961, 0xD161, 0xB901, 0x98A1, 0x5840, 0x5840, 0x98E1, 0xD982, 0xE9C2, 0xE181, 0xD101, 0xB8A1, 0xC8C1, 0xC8C0, 0xC0C0, 0xB0A0,
  0x8040, 0x7040, 0x9880, 0xB8A1, 0xB8A1, 0xB860, 0xB840, 0xB020, 0xB040, 0xA840, 0x8820, 0xA020, 0xC840, 0xC840, 0xB820, 0xC000,
  0xC020, 0xC840, 0xD020, 0xC820, 0xC820, 0xD020, 0xC840, 0xC020, 0xB020, 0x9800, 0x8000, 0x7800, 0x6800, 0x6000, 0x5000, 0x4000,
  0x3800, 0x3000, 0x3000, 0x2800, 0x2800, 0x2000, 0x1800, 0x1800, 0x1000, 0x0800, 0x0800, 0x0800, 0x0800, 0x1800, 0x3020, 0x3840,
  0xD141, 0xC941, 0xB8E1, 0x90A1, 0x6060, 0x6040, 0xA0E1, 0xD982, 0xE1A2, 0xE161, 0xC8E1, 0xB8A1, 0xC8C1, 0xC8C0, 0xC0C0, 0xB8A0,
  0x8840, 0x6820, 0x9860, 0xC0A0, 0xC8A0, 0xC880, 0xC040, 0xA820, 0xA820, 0xA020, 0x8020, 0x9820, 0xB820, 0xB820, 0xB020, 0xB820,
  0xC020, 0xC840, 0xD040, 0xD020, 0xC820, 0xC020, 0xB820, 0xA800, 0x9800, 0x8800, 0x7800, 0x6800, 0x6000, 0x5800, 0x5800, 0x4800,
  0x3800, 0x3000, 0x3000, 0x2800, 0x3000, 0x2800, 0x1800, 0x1800, 0x1000, 0x0800, 0x0800, 0x0000, 0x0000, 0x1000, 0x3020, 0x3840,
  0xD121, 0xC121, 0xB0E1, 0x98A1, 0x7060, 0x7060, 0xA0E1, 0xD162, 0xE182, 0xD941, 0xC0C1, 0xB881, 0xC8C1, 0xC8E0, 0xC8E0, 0xC0C0,
  0x9060, 0x7020, 0x9880, 0xC8A0, 0xD0C0, 0xD080, 0xC060, 0xA820, 0xA840, 0xA040, 0x8020, 0x8800, 0xA800, 0xB020, 0xB820, 0xC020,
  0xC820, 0xC840, 0xD040, 0xC820, 0xB800, 0xA800, 0x9800, 0x8800, 0x8000, 0x8000, 0x7800, 0x7000, 0x6800, 0x6000, 0x5800, 0x5000,
  0x3800, 0x3000, 0x2800, 0x2800, 0x2800, 0x2000, 0x1800, 0x1000, 0x0800, 0x0800, 0x0000, 0x0000, 0x0000, 0x1000, 0x2820, 0x3840,
  0xC921, 0xC121, 0xB0E1, 0x98A1, 0x7861, 0x8080, 0xA8E1, 0xD162, 0xD962, 0xD921, 0xC0A1, 0xB881, 0xC8C0, 0xD100, 0xD100, 0xC8E0,
  0x9860, 0x8040, 0xA880, 0xD0A0, 0xD8A0, 0xD880, 0xC840, 0xB020, 0xB840, 0xB840, 0x8820, 0x8800, 0xA020, 0xB820, 0xC040, 0xC820,
  0xC820, 0xB820, 0xB820, 0xB020, 0xA800, 0x9800, 0x8800, 0x8000, 0x7800, 0x7800, 0x7800, 0x7800, 0x6800, 0x6000, 0x5800, 0x4800,
  0x3800, 0x2800, 0x2000, 0x1800, 0x1800, 0x1000, 0x0800, 0x0800, 0x0800, 0x0000, 0x0000, 0x0000, 0x0000, 0x1000, 0x2820, 0x3840,
  0xC901, 0xC121, 0xB0E1, 0xA0A1, 0x8881, 0x9081, 0xB0E1, 0xD142, 0xD962, 0xD101, 0xC080, 0xB860, 0xC8C0, 0xD900, 0xD920, 0xC8E0,
  0xA060, 0x8840, 0xA860, 0xD0A0, 0xD8A0, 0xD880, 0xC840, 0xC040, 0xC840, 0xC060, 0x9840, 0x8820, 0xA820, 0xC040, 0xD040, 0xD020,
  0xC020, 0xA800, 0xA000, 0xA000, 0x9800, 0x9000, 0x9000, 0x8000, 0x7800, 0x7800, 0x7000, 0x7000, 0x6800, 0x5800, 0x4800, 0x3800,
  0x3000, 0x2000, 0x1800, 0x1000, 0x1000, 0x0800, 0x0800, 0x0800, 0x0800, 0x0800, 0x0000, 0x0000, 0x0000, 0x1000, 0x2820, 0x3040,
  0xC921, 0xC121, 0xB901, 0xA8C1, 0x98A1, 0xA0A1, 0xB901, 0xD142, 0xD942, 0xD0E1, 0xC060, 0xB860, 0xD0C1, 0xD900, 0xD900, 0xC0C0,
  0xA060, 0x9840, 0xB060, 0xD0A0, 0xE0C0, 0xE080, 0xD860, 0xC840, 0xD040, 0xC861, 0xA041, 0x9820, 0xB820, 0xD060, 0xD860, 0xD820,
  0xC000, 0xA000, 0x9800, 0x9800, 0x9800, 0x9800, 0x9800, 0x8800, 0x8000, 0x7000, 0x6800, 0x6000, 0x5000, 0x4000, 0x3000, 0x2800,
  0x2000, 0x1800, 0x1000, 0x0800, 0x0800, 0x0800, 0x1000, 0x0800, 0x0800, 0x0800, 0x0800, 0x0000, 0x0000, 0x1000, 0x2020, 0x3040,
  0xC921, 0xC941, 0xC121, 0xB0E1, 0xA8C1, 0xB0C1, 0xC901, 0xD942, 0xE142, 0xD0C1, 0xC060, 0xC060, 0xD0C1, 0xD900, 0xD900, 0xC0A0,
  0xA860, 0xA840, 0xB860, 0xD8C0, 0xE0E0, 0xE8A0, 0xE060, 0xD840, 0xD040, 0xC040, 0xB040, 0xA040, 0xC020, 0xD040, 0xD840, 0xD820,
  0xC800, 0xA800, 0x9800, 0x9800, 0x9800, 0x9800, 0x9800, 0x9000, 0x8000, 0x7000, 0x5800, 0x4800, 0x3800, 0x3000, 0x2000, 0x1800,
  0x2000, 0x1800, 0x1000, 0x0800, 0x0800, 0x1000, 0x1000, 0x0800, 0x0800, 0x0800, 0x0000, 0x0000, 0x0000, 0x0800, 0x2000, 0x3040,
  0xC941, 0xC961, 0xC141, 0xC101, 0xB8E1, 0xC101, 0xD121, 0xD942, 0xE142, 0xD8C1, 0xC060, 0xC060, 0xC8C1, 0xD8E0, 0xD0E0, 0xB8A0,
  0xA840, 0xB040, 0xC860, 0xE0E1, 0xE900, 0xE8C0, 0xE880, 0xD840, 0xC820, 0xB840, 0xA840, 0xA840, 0xC020, 0xD020, 0xD020, 0xD820,
  0xC820, 0xB800, 0xA820, 0x9800, 0x9000, 0x9000, 0x9020, 0x8820, 0x7800, 0x6800, 0x5000, 0x3800, 0x2800, 0x2000, 0x1800, 0x1000,
  0x2000, 0x2000, 0x1800, 0x1000, 0x0800, 0x0800, 0x0800, 0x0800, 0x0000, 0x0000, 0x0000, 0x0000, 0x0000, 0x0800, 0x2000, 0x3040,
  0xD161, 0xD181, 0xC961, 0xC921, 0xC901, 0xD121, 0xD941, 0xE162, 0xE142, 0xD8C1, 0xC060, 0xB860, 0xC8A0, 0xD0C0, 0xD0C0, 0xC080,
  0xB040, 0xC040, 0xD080, 0xE0E1, 0xF100, 0xF0C0, 0xE880, 0xD840, 0xB820, 0xA840, 0xA040, 0xA820, 0xC020, 0xD020, 0xD040, 0xD840,
  0xD020, 0xC000, 0xB020, 0x9800, 0x8800, 0x8000, 0x8020, 0x8020, 0x7000, 0x6000, 0x4000, 0x3000, 0x2800, 0x2000, 0x1800, 0x1800,
  0x2000, 0x2800, 0x2000, 0x1800, 0x1000, 0x0800, 0x0800, 0x0800, 0x0800, 0x0000, 0x0000, 0x0000, 0x0000, 0x0800, 0x1800, 0x2820,
  0xD981, 0xD9A1, 0xD181, 0xD141, 0xD121, 0xD941, 0xE161, 0xE961, 0xE922, 0xD8C1, 0xB860, 0xB860, 0xC8A0, 0xD0C0, 0xD8E0, 0xC8A0,
  0xC040, 0xD040, 0xD880, 0xE0E1, 0xE8E0, 0xE8C0, 0xE080, 0xD040, 0xB020, 0xA040, 0xA020, 0xB020, 0xC820, 0xD040, 0xD860, 0xD840,
  0xC820, 0xC000, 0xB000, 0x9800, 0x8800, 0x8000, 0x7800, 0x7800, 0x7000, 0x5800, 0x3800, 0x2800, 0x2800, 0x1800, 0x1800, 0x2000,
  0x3000, 0x3000, 0x2800, 0x1800, 0x1000, 0x1000, 0x1000, 0x0800, 0x0800, 0x0000, 0x0000, 0x0000, 0x0000, 0x0800, 0x1800, 0x2820,
  0xD9A1, 0xD9A1, 0xD9A1, 0xD941, 0xD941, 0xE161, 0xE961, 0xE941, 0xE921, 0xD8E1, 0xB880, 0xB880, 0xC8A0, 0xD8C0, 0xE0E0, 0xD8C0,
  0xD060, 0xD840, 0xD860, 0xD8C0, 0xE0C0, 0xE0A0, 0xD860, 0xC040, 0xB040, 0xA840, 0xA820, 0xB020, 0xC820, 0xD860, 0xD880, 0xD040,
  0xC000, 0xB000, 0x9800, 0x8800, 0x8800, 0x8000, 0x7000, 0x7000, 0x6800, 0x5000, 0x3800, 0x3000, 0x2800, 0x2000, 0x2000, 0x3000,
  0x3800, 0x3800, 0x2800, 0x2000, 0x1800, 0x1000, 0x1000, 0x1000, 0x0800, 0x0000, 0x0000, 0x0000, 0x0000, 0x0000, 0x1000, 0x2000,
  0xE1A1, 0xE1A1, 0xE1A1, 0xE161, 0xE141, 0xE161, 0xE961, 0xE921, 0xE901, 0xD8E1, 0xC080, 0xC080, 0xD0C0, 0xD901, 0xE921, 0xE0E1,
  0xD880, 0xD840, 0xD060, 0xD080, 0xD080, 0xD880, 0xD060, 0xB840, 0xB040, 0xB040, 0xB820, 0xC020, 0xD040, 0xD060, 0xD060, 0xC040,
  0xB000, 0x9800, 0x8000, 0x8000, 0x8000, 0x8000, 0x7000, 0x6800, 0x5800, 0x4800, 0x3800, 0x3800, 0x3800, 0x3800, 0x3000, 0x4000,
  0x4000, 0x3800, 0x2800, 0x1800, 0x1000, 0x1000, 0x0800, 0x0800, 0x0800, 0x0000, 0x0000, 0x0000, 0x0000, 0x0000, 0x1000, 0x2000,
  0xE1C1, 0xE1C1, 0xE1A1, 0xE161, 0xE141, 0xE161, 0xE961, 0xE921, 0xE901, 0xD901, 0xC0A0, 0xC8A0, 0xD0E0, 0xE121, 0xE941, 0xE901,
  0xE0A0, 0xE060, 0xC840, 0xB860, 0xB860, 0xC060, 0xC060, 0xB840, 0xB840, 0xC040, 0xC020, 0xC820, 0xC820, 0xC040, 0xB040, 0xA820,
  0xA000, 0x8800, 0x7800, 0x7800, 0x7800, 0x6800, 0x5800, 0x4800, 0x4800, 0x4000, 0x4800, 0x5000, 0x5000, 0x4800, 0x4000, 0x4000,
  0x4000, 0x3000, 0x2000, 0x1800, 0x0800, 0x0800, 0x0800, 0x0000, 0x0000, 0x0000, 0x0000, 0x0000, 0x0000, 0x0000, 0x1000, 0x2000,
  0xE1C1, 0xE1A1, 0xE9A1, 0xE161, 0xE141, 0xE161, 0xE141, 0xE901, 0xE8E1, 0xD901, 0xC8C1, 0xD0C0, 0xD900, 0xE141, 0xF161, 0xE921,
  0xE8C0, 0xE060, 0xC040, 0xA020, 0x9840, 0xA840, 0xB840, 0xB840, 0xC060, 0xC040, 0xC820, 0xC820, 0xB820, 0xA820, 0x9020, 0x9020,
  0x9000, 0x8000, 0x7800, 0x7800, 0x7000, 0x5000, 0x4000, 0x3800, 0x4000, 0x4800, 0x6000, 0x6800, 0x6000, 0x5000, 0x4800, 0x4000,
  0x3800, 0x3000, 0x2000, 0x1000, 0x0800, 0x0000, 0x0000, 0x0000, 0x0000, 0x0000, 0x0000, 0x0000, 0x0000, 0x0000, 0x1000, 0x2820,
  0xE9C1, 0xE9A1, 0xE981, 0xE161, 0xE141, 0xE141, 0xE121, 0xE8E1, 0xE8E1, 0xE121, 0xD0E1, 0xD900, 0xE121, 0xE941, 0xE961, 0xF121,
  0xE8C1, 0xD860, 0xB840, 0x8820, 0x7820, 0x9840, 0xB040, 0xC060, 0xC860, 0xC040, 0xC020, 0xC020, 0xA020, 0x8820, 0x7000, 0x7800,
  0x8800, 0x8820, 0x7820, 0x7000, 0x6000, 0x4800, 0x3000, 0x3000, 0x4000, 0x5000, 0x6800, 0x7000, 0x6800, 0x5800, 0x4800, 0x3800,
  0x3000, 0x2800, 0x2000, 0x1000, 0x0800, 0x0000, 0x0000, 0x0000, 0x0000, 0x0000, 0x0000, 0x0000, 0x0000, 0x0800, 0x2000, 0x3820,
  0xE9C1, 0xE981, 0xE981, 0xE161, 0xE121, 0xD921, 0xD901, 0xE0E1, 0xE8E1, 0xE141, 0xD921, 0xE120, 0xE121, 0xE121, 0xE941, 0xE921,
  0xE8C1, 0xD860, 0xA840, 0x7020, 0x6820, 0x8840, 0xA840, 0xC060, 0xC860, 0xC060, 0xC040, 0xA820, 0x8020, 0x6820, 0x6000, 0x7000,
  0x8800, 0x8820, 0x7800, 0x6800, 0x5800, 0x4800, 0x4000, 0x4000, 0x4800, 0x5800, 0x6800, 0x7000, 0x6800, 0x5800, 0x4000, 0x3000,
  0x2000, 0x1800, 0x1000, 0x0800, 0x0000, 0x0000, 0x0000, 0x0000, 0x0000, 0x0000, 0x0000, 0x0000, 0x0000, 0x1000, 0x3020, 0x4020,
  0xE9A1, 0xE961, 0xE961, 0xE161, 0xD921, 0xD101, 0xD901, 0xE0E1, 0xE8E1, 0xE961, 0xE161, 0xE140, 0xE120, 0xE0E1, 0xE101, 0xE101,
  0xE8C1, 0xD060, 0xA040, 0x6000, 0x6020, 0x8840, 0xA840, 0xC060, 0xC860, 0xC860, 0xC040, 0x9020, 0x6020, 0x5000, 0x6000, 0x7800,
  0x8820, 0x8800, 0x7000, 0x5800, 0x5800, 0x6000, 0x5800, 0x5800, 0x5800, 0x5800, 0x6000, 0x6800, 0x6000, 0x5000, 0x3800, 0x2800,
  0x1000, 0x0800, 0x0800, 0x0000, 0x0000, 0x0000, 0x0000, 0x0000, 0x0000, 0x0000, 0x0000, 0x0000, 0x0800, 0x2020, 0x3820, 0x3820,
  0xE9A1, 0xE961, 0xE961, 0xE141, 0xD901, 0xD0E1, 0xD8E1, 0xE0E1, 0xE8E1, 0xE981, 0xE981, 0xE940, 0xE100, 0xD8C0, 0xD8C1, 0xE0E1,
  0xE0A0, 0xC860, 0x9040, 0x5800, 0x5820, 0x8040, 0xA840, 0xB040, 0xB840, 0xC060, 0xB040, 0x7820, 0x4000, 0x4000, 0x6000, 0x8020,
  0x8820, 0x8000, 0x6800, 0x5800, 0x6800, 0x7800, 0x7800, 0x7000, 0x6800, 0x5800, 0x5800, 0x6000, 0x5800, 0x4000, 0x3000, 0x1800,
  0x0800, 0x0800, 0x0000, 0x0000, 0x0000, 0x0000, 0x0000, 0x0000, 0x0000, 0x0000, 0x0000, 0x0000, 0x1800, 0x3020, 0x4020, 0x3820,
  0xE981, 0xE961, 0xE961, 0xE141, 0xD8E1, 0xD0E1, 0xD901, 0xE0E1, 0xE901, 0xE981, 0xE9A1, 0xE960, 0xE100, 0xD8A0, 0xD081, 0xD8A0,
  0xD8A0, 0xB860, 0x8020, 0x5000, 0x5820, 0x8040, 0x9840, 0xA040, 0xA840, 0xB040, 0x9840, 0x6020, 0x3000, 0x3800, 0x5800, 0x7800,
  0x8000, 0x7000, 0x6000, 0x6800, 0x7800, 0x8800, 0x8800, 0x8000, 0x7000, 0x5800, 0x5000, 0x5800, 0x5000, 0x3800, 0x2000, 0x1000,
  0x0800, 0x0000, 0x0000, 0x0000, 0x0000, 0x0000, 0x0000, 0x0000, 0x0000, 0x0000, 0x0000, 0x0800, 0x2820, 0x3820, 0x4020, 0x4020,
  0xE161, 0xE941, 0xE941, 0xE121, 0xD0E1, 0xD0E0, 0xD901, 0xE101, 0xE0E1, 0xE961, 0xE9A1, 0xE160, 0xD8E0, 0xD080, 0xC860, 0xD080,
  0xD080, 0xA840, 0x7020, 0x4800, 0x5020, 0x7040, 0x8020, 0x8020, 0x9020, 0x9840, 0x8020, 0x5000, 0x3000, 0x3000, 0x5000, 0x7000,
  0x6800, 0x6000, 0x6000, 0x7020, 0x7800, 0x8000, 0x8000, 0x8000, 0x7800, 0x6800, 0x5800, 0x5800, 0x5000, 0x3800, 0x1800, 0x1000,
  0x0800, 0x0800, 0x0800, 0x0800, 0x0000, 0x0000, 0x0000, 0x0000, 0x0000, 0x0000, 0x0000, 0x1800, 0x3820, 0x4020, 0x3820, 0x4041,
  0xE161, 0xE941, 0xE941, 0xE121, 0xD0C1, 0xD8E0, 0xE121, 0xE101, 0xD8E1, 0xE141, 0xE181, 0xD940, 0xD0E0, 0xC880, 0xC060, 0xC860,
  0xC060, 0x9040, 0x6000, 0x4800, 0x5040, 0x6840, 0x6820, 0x6800, 0x7820, 0x8820, 0x7020, 0x5820, 0x4000, 0x3800, 0x5000, 0x6000,
  0x6000, 0x6000, 0x6800, 0x7800, 0x7800, 0x7000, 0x7800, 0x8000, 0x8000, 0x7000, 0x6000, 0x5800, 0x4000, 0x2800, 0x1000, 0x0800,
  0x0800, 0x0800, 0x0800, 0x0800, 0x0800, 0x0000, 0x0000, 0x0000, 0x0000, 0x0000, 0x0800, 0x2820, 0x4020, 0x4020, 0x3840, 0x4041,
  0xE161, 0xE961, 0xE941, 0xE101, 0xD8E0, 0xD900, 0xE121, 0xE101, 0xD8C1, 0xE121, 0xD961, 0xC920, 0xC0C0, 0xB860, 0xB840, 0xC060,
  0xB060, 0x7820, 0x5000, 0x4000, 0x5840, 0x6020, 0x5800, 0x5800, 0x7000, 0x8020, 0x7020, 0x6020, 0x5820, 0x5000, 0x5820, 0x6000,
  0x5800, 0x6800, 0x7800, 0x7800, 0x7800, 0x7000, 0x7000, 0x7800, 0x7800, 0x7000, 0x6000, 0x4800, 0x3000, 0x1800, 0x1000, 0x0800,
  0x0800, 0x1000, 0x1000, 0x1000, 0x1000, 0x0800, 0x0000, 0x0000, 0x0000, 0x0000, 0x1800, 0x3020, 0x4020, 0x4020, 0x4040, 0x4061,
  0xE141, 0xE961, 0xE921, 0xE0E1, 0xD8E0, 0xE120, 0xE941, 0xE101, 0xD0A1, 0xD0E1, 0xC900, 0xB0E0, 0xA8A0, 0xA860, 0xB040, 0xB840,
  0x9840, 0x6820, 0x5000, 0x4820, 0x6040, 0x6020, 0x4800, 0x5000, 0x6800, 0x8020, 0x8020, 0x7820, 0x7020, 0x6000, 0x6000, 0x6000,
  0x6000, 0x7000, 0x8000, 0x8000, 0x8000, 0x7800, 0x7000, 0x6800, 0x6800, 0x5800, 0x4800, 0x3000, 0x1800, 0x1000, 0x1000, 0x1000,
  0x1000, 0x1000, 0x1000, 0x1000, 0x1000, 0x0800, 0x0000, 0x0000, 0x0000, 0x0800, 0x2000, 0x3800, 0x3820, 0x3820, 0x3820, 0x3040,
  0xE141, 0xE961, 0xE921, 0xD8E0, 0xE100, 0xE940, 0xE941, 0xD901, 0xD0A0, 0xC8C0, 0xB0C0, 0x98A0, 0x9080, 0x9840, 0xA840, 0xA840,
  0x8020, 0x6000, 0x5000, 0x5020, 0x6840, 0x6820, 0x5000, 0x4800, 0x6000, 0x7820, 0x8820, 0x8020, 0x7800, 0x6800, 0x6000, 0x6800,
  0x6800, 0x7800, 0x8800, 0x8800, 0x8000, 0x8000, 0x7000, 0x6000, 0x5000, 0x3800, 0x3000, 0x2000, 0x1000, 0x1000, 0x1000, 0x1800,
  0x1000, 0x1000, 0x1000, 0x1000, 0x0800, 0x0800, 0x0000, 0x0000, 0x0000, 0x1000, 0x3020, 0x4020, 0x3820, 0x3820, 0x3820, 0x3020,
  0xE141, 0xE941, 0xE101, 0xD8E0, 0xE100, 0xE940, 0xE940, 0xD8E1, 0xC880, 0xB880, 0xA080, 0x8060, 0x8040, 0x8840, 0x9840, 0x9840,
  0x7020, 0x6000, 0x6000, 0x6820, 0x8020, 0x8020, 0x6000, 0x4800, 0x5800, 0x7820, 0x9020, 0x9020, 0x7800, 0x6800, 0x6800, 0x7000,
  0x7000, 0x7800, 0x7800, 0x7800, 0x7800, 0x7800, 0x6800, 0x5000, 0x3800, 0x2800, 0x1800, 0x1800, 0x1000, 0x1000, 0x1800, 0x1800,
  0x1800, 0x1000, 0x1000, 0x1000, 0x0800, 0x0800, 0x0000, 0x0000, 0x0800, 0x2020, 0x3820, 0x4020, 0x4020, 0x4041, 0x3840, 0x3841,
  0xE141, 0xE941, 0xE0E0, 0xD8C0, 0xE920, 0xF160, 0xE940, 0xD8C0, 0xC080, 0xA860, 0x8840, 0x7040, 0x7040, 0x7820, 0x9040, 0x8840,
  0x6820, 0x6820, 0x7820, 0x8820, 0xA040, 0xA040, 0x7820, 0x5800, 0x5820, 0x7020, 0x9820, 0x9820, 0x7800, 0x7000, 0x7800, 0x8800,
  0x8000, 0x7800, 0x7000, 0x6800, 0x6800, 0x7000, 0x6000, 0x4000, 0x2800, 0x1800, 0x1000, 0x1000, 0x1000, 0x1000, 0x1800, 0x1800,
  0x1800, 0x1800, 0x1000, 0x1000, 0x0800, 0x0800, 0x0000, 0x0000, 0x1000, 0x2820, 0x3820, 0x4040, 0x3820, 0x3840, 0x3041, 0x3041,
  0xE141, 0xE141, 0xD8E0, 0xD8C0, 0xE920, 0xF160, 0xE940, 0xD8C0, 0xB880, 0x9840, 0x7840, 0x6820, 0x7040, 0x7820, 0x8840, 0x8840,
  0x7020, 0x7820, 0x9020, 0xA020, 0xB840, 0xB860, 0xA040, 0x7020, 0x6020, 0x7820, 0x9820, 0x9820, 0x8000, 0x8000, 0x9000, 0xA000,
  0x9800, 0x8000, 0x7000, 0x6000, 0x5800, 0x5800, 0x5000, 0x3000, 0x2000, 0x1800, 0x1000, 0x1000, 0x1000, 0x1000, 0x1000, 0x1000,
  0x1000, 0x1000, 0x1000, 0x0800, 0x0800, 0x0800, 0x0000, 0x0800, 0x2020, 0x3820, 0x4020, 0x3820, 0x3020, 0x2820, 0x2840, 0x3041,
  0xE141, 0xE121, 0xD8C0, 0xD8C0, 0xE940, 0xF160, 0xE120, 0xD0A0, 0xB060, 0x8840, 0x7020, 0x7040, 0x7040, 0x7840, 0x8840, 0x8860,
  0x8040, 0x8820, 0xA820, 0xC040, 0xD060, 0xD080, 0xB860, 0x9040, 0x7020, 0x8020, 0x9820, 0x9000, 0x8000, 0x9000, 0xA000, 0xB000,
  0xA800, 0x9800, 0x8000, 0x7000, 0x6000, 0x5000, 0x4000, 0x2800, 0x2800, 0x2000, 0x1800, 0x1000, 0x1000, 0x1000, 0x1000, 0x1000,
  0x1000, 0x0800, 0x0800, 0x0800, 0x0000, 0x0000, 0x0000, 0x1000, 0x3020, 0x4820, 0x4020, 0x3020, 0x3020, 0x3020, 0x2820, 0x3061,
  0xE121, 0xE101, 0xD0A0, 0xD8C0, 0xF140, 0xF160, 0xE120, 0xC8A0, 0xA060, 0x7820, 0x6820, 0x7840, 0x8860, 0x8860, 0x9040, 0x9061,
  0x9060, 0xA040, 0xB840, 0xD060, 0xE080, 0xE0A0, 0xD080, 0xA040, 0x8020, 0x9020, 0xA020, 0x9000, 0x8800, 0xA000, 0xB000, 0xB800,
  0xB000, 0xA800, 0x9800, 0x9000, 0x7800, 0x5000, 0x3000, 0x2800, 0x3000, 0x2800, 0x1800, 0x1800, 0x1800, 0x1800, 0x1000, 0x1000,
  0x0800, 0x0800, 0x0800, 0x0000, 0x0000, 0x0000, 0x0000, 0x1800, 0x3020, 0x4020, 0x4020, 0x3820, 0x3820, 0x3820, 0x3041, 0x3061,
  0xE121, 0xD8E1, 0xC8A0, 0xD8C0, 0xE940, 0xE960, 0xD900, 0xC880, 0x9860, 0x7020, 0x7040, 0x8860, 0xA0A0, 0xA080, 0x9860, 0xA081,
  0xA881, 0xB040, 0xC840, 0xD880, 0xE0A0, 0xE8A0, 0xD880, 0xA840, 0x9020, 0x9820, 0xA020, 0x8800, 0x8800, 0xA800, 0xB800, 0xB820,
  0xB820, 0xB000, 0xB000, 0xA000, 0x8800, 0x5800, 0x3000, 0x2800, 0x3000, 0x3000, 0x2000, 0x2000, 0x2800, 0x2800, 0x2000, 0x1800,
  0x1000, 0x0800, 0x0000, 0x0000, 0x0000, 0x0000, 0x0800, 0x2000, 0x3800, 0x3820, 0x3820, 0x3820, 0x4040, 0x4020, 0x3041, 0x2841,
  0xD901, 0xD0E1, 0xC0A0, 0xD0C0, 0xE940, 0xE940, 0xD8E0, 0xC080, 0x8840, 0x6820, 0x7840, 0xA0A0, 0xB8C1, 0xB8A1, 0xB080, 0xB0A1,
  0xB881, 0xC040, 0xD060, 0xE080, 0xE880, 0xE0A0, 0xD060, 0xB040, 0x9820, 0x9800, 0x9820, 0x8800, 0x8800, 0xA800, 0xC020, 0xB820,
  0xB020, 0xB000, 0xB800, 0xB000, 0x9000, 0x5800, 0x3000, 0x2800, 0x3000, 0x2800, 0x2800, 0x2800, 0x3000, 0x3000, 0x3000, 0x2800,
  0x1800, 0x1000, 0x0800, 0x0000, 0x0000, 0x0000, 0x1000, 0x2820, 0x3820, 0x3820, 0x3020, 0x3020, 0x3041, 0x3841, 0x3041, 0x4880,
  0xD8E1, 0xD0C1, 0xC080, 0xD0C0, 0xE941, 0xE120, 0xD0C0, 0xB880, 0x8040, 0x6840, 0x8860, 0xB0C1, 0xC8E1, 0xC8C1, 0xC0A1, 0xC0A1,
  0xC0A1, 0xC040, 0xD040, 0xE060, 0xE080, 0xE080, 0xC840, 0xA820, 0x9800, 0x9800, 0x9000, 0x8000, 0x9000, 0xA800, 0xC020, 0xC020,
  0xB000, 0xB000, 0xB800, 0xA800, 0x8800, 0x5800, 0x3000, 0x2800, 0x2800, 0x2800, 0x2800, 0x3000, 0x3000, 0x3000, 0x3000, 0x2800,
  0x2000, 0x1000, 0x0800, 0x0000, 0x0000, 0x0000, 0x1800, 0x3020, 0x3820, 0x3820, 0x3020, 0x3020, 0x3020, 0x3041, 0x2841, 0x3061,
  0xD0E0, 0xC8C1, 0xB880, 0xC8C0, 0xE121, 0xE100, 0xD0C0, 0xB080, 0x8040, 0x7040, 0x9880, 0xC8E1, 0xD901, 0xD8E1, 0xC8A1, 0xC0A1,
  0xC080, 0xC040, 0xD040, 0xD860, 0xE060, 0xD840, 0xC020, 0xA820, 0x9800, 0x9000, 0x8800, 0x8800, 0x9000, 0xA820, 0xC020, 0xC020,
  0xB800, 0xB000, 0xB000, 0xA000, 0x7800, 0x5800, 0x3800, 0x3000, 0x2800, 0x3000, 0x3000, 0x3000, 0x3000, 0x3000, 0x3000, 0x2800,
  0x2000, 0x1800, 0x0800, 0x0800, 0x0000, 0x0800, 0x2000, 0x3820, 0x3820, 0x3820, 0x3820, 0x3020, 0x2820, 0x3041, 0x3041, 0x48A0,
  0xD0C0, 0xC0A1, 0xB080, 0xC0C0, 0xD901, 0xD900, 0xC8A0, 0xA880, 0x8061, 0x7860, 0xA0A1, 0xC8E1, 0xD901, 0xD8C1, 0xC8A1, 0xB881,
  0xB860, 0xB820, 0xC820, 0xD840, 0xD840, 0xD020, 0xC020, 0xA820, 0x9800, 0x8800, 0x8000, 0x9000, 0xA020, 0xB020, 0xC020, 0xC020,
  0xB800, 0xB000, 0xA800, 0x9000, 0x7000, 0x5000, 0x4000, 0x3000, 0x2800, 0x3000, 0x3000, 0x3000, 0x3000, 0x3000, 0x2800, 0x2800,
  0x2000, 0x1800, 0x1000, 0x0800, 0x0800, 0x1000, 0x2800, 0x3800, 0x3820, 0x3820, 0x3820, 0x3020, 0x2820, 0x3041, 0x3041, 0x4880,
  0xD0C1, 0xB8A1, 0xA860, 0xC0A0, 0xD901, 0xD8E0, 0xC8A0, 0xA080, 0x8061, 0x8061, 0xA8A1, 0xD0E1, 0xD8E1, 0xD0C1, 0xC080, 0xA880,
  0xA840, 0xB020, 0xC020, 0xD020, 0xD020, 0xC020, 0xB820, 0xB020, 0xA000, 0x8820, 0x8800, 0x9820, 0xA820, 0xB020, 0xB800, 0xB800,
  0xB820, 0xB000, 0xA000, 0x8000, 0x6000, 0x5000, 0x4000, 0x3000, 0x2800, 0x2800, 0x3000, 0x3000, 0x3000, 0x2800, 0x2800, 0x2000,
  0x2000, 0x2000, 0x1800, 0x1000, 0x0800, 0x1800, 0x3000, 0x3800, 0x4020, 0x3820, 0x3820, 0x3020, 0x3020, 0x3041, 0x4060, 0x48A0,
  0xC8A1, 0xB080, 0xA860, 0xB8A0, 0xD0E1, 0xD0C0, 0xC880, 0xA081, 0x8081, 0x8061, 0xA881, 0xC8E1, 0xD0C1, 0xC880, 0xB060, 0xA040,
  0xA040, 0xB020, 0xC020, 0xC820, 0xC020, 0xB800, 0xB820, 0xB020, 0xA820, 0x9820, 0x9820, 0xA020, 0xB020, 0xB020, 0xB800, 0xB800,
  0xB020, 0xA800, 0x9000, 0x7000, 0x5000, 0x4000, 0x3800, 0x2800, 0x2000, 0x2000, 0x2800, 0x2800, 0x2800, 0x2800, 0x2800, 0x2000,
  0x2000, 0x1800, 0x1000, 0x1000, 0x1000, 0x2000, 0x3000, 0x3020, 0x3820, 0x3820, 0x3020, 0x2820, 0x3041, 0x3041, 0x2841, 0x48C1,
  0xC8A1, 0xB080, 0xA060, 0xB0A0, 0xC8C1, 0xD0C0, 0xC080, 0xA081, 0x8081, 0x8061, 0xA080, 0xC0A1, 0xC8A0, 0xB860, 0xA040, 0x9040,
  0xA040, 0xB020, 0xC020, 0xC000, 0xC000, 0xB800, 0xB820, 0xB820, 0xB020, 0xA820, 0xA820, 0xA820, 0xA820, 0xA800, 0xB000, 0xA800,
  0xA800, 0x9800, 0x7800, 0x5800, 0x4000, 0x3800, 0x3800, 0x3000, 0x2800, 0x2000, 0x2000, 0x2800, 0x3000, 0x2800, 0x2800, 0x2000,
  0x1800, 0x1800, 0x1000, 0x0800, 0x1800, 0x2800, 0x3000, 0x3020, 0x3020, 0x3820, 0x3020, 0x2820, 0x2841, 0x2861, 0x4080, 0x48C1,
  0xC8A1, 0xB080, 0xA060, 0xB080, 0xC8C1, 0xD0C1, 0xC080, 0x9881, 0x7861, 0x7061, 0x9060, 0xA881, 0xB880, 0xA840, 0x9020, 0x9020,
  0xA040, 0xB020, 0xB820, 0xB800, 0xB800, 0xB000, 0xB820, 0xB020, 0xB020, 0xB820, 0xB820, 0xB020, 0xA820, 0xA800, 0xA800, 0xA000,
  0x9800, 0x8000, 0x6000, 0x4800, 0x3800, 0x3800, 0x4800, 0x4800, 0x3000, 0x2000, 0x2000, 0x2000, 0x3000, 0x3000, 0x2800, 0x2000,
  0x1800, 0x1000, 0x0800, 0x0800, 0x2000, 0x3800, 0x3800, 0x3800, 0x3020, 0x3020, 0x3020, 0x2820, 0x2020, 0x2800, 0x4880, 0x50A0,
  0xC8A0, 0xB080, 0xA880, 0xB080, 0xC8C1, 0xD0C1, 0xC080, 0x9061, 0x7061, 0x6840, 0x7840, 0x9060, 0xA060, 0x9820, 0x8820, 0x9820,
  0xA840, 0xB020, 0xB000, 0xB000, 0xB000, 0xB000, 0xB020, 0xB020, 0xB820, 0xC020, 0xC820, 0xB820, 0xA820, 0xA000, 0xA000, 0x9800,
  0x8000, 0x6800, 0x4800, 0x3000, 0x2800, 0x3800, 0x5000, 0x5800, 0x4800, 0x3000, 0x2000, 0x2000, 0x2800, 0x2800, 0x2800, 0x2000,
  0x1800, 0x1000, 0x0800, 0x1000, 0x2000, 0x3800, 0x4000, 0x4000, 0x3820, 0x3020, 0x3020, 0x2841, 0x2041, 0x2800, 0x4860, 0x50C0,
  0xC8A0, 0xB080, 0xA880, 0xB081, 0xC8A1, 0xD0C1, 0xB8A0, 0x8861, 0x6041, 0x5820, 0x6820, 0x7840, 0x8840, 0x8820, 0x8820, 0x9840,
  0xA820, 0xA820, 0xA800, 0xA800, 0xA800, 0xA800, 0xB000, 0xB020, 0xC020, 0xC820, 0xC820, 0xB820, 0xA800, 0x9800, 0x9000, 0x8000,
  0x6800, 0x4800, 0x3000, 0x2000, 0x2000, 0x3800, 0x5800, 0x6000, 0x5800, 0x4000, 0x3000, 0x2800, 0x2000, 0x2000, 0x2000, 0x1800,
  0x1800, 0x1000, 0x0800, 0x1000, 0x2800, 0x3800, 0x3800, 0x4020, 0x3820, 0x3820, 0x3020, 0x2841, 0x1000, 0x2800, 0x4880, 0x50E0,
  0xC8A0, 0xB080, 0xB0A1, 0xB081, 0xC8A1, 0xD0C1, 0xB080, 0x8061, 0x5840, 0x4820, 0x5820, 0x6020, 0x7020, 0x7820, 0x8820, 0xA040,
  0xA820, 0xA020, 0xA020, 0xA000, 0xA800, 0xA800, 0xB020, 0xB840, 0xC840, 0xD020, 0xC820, 0xB800, 0xA000, 0x9000, 0x8800, 0x7000,
  0x5000, 0x3000, 0x2000, 0x1800, 0x1800, 0x3000, 0x5000, 0x6000, 0x5800, 0x5000, 0x4800, 0x3800, 0x2800, 0x1800, 0x1800, 0x1000,
  0x1000, 0x0800, 0x0800, 0x1800, 0x3020, 0x3820, 0x3800, 0x3820, 0x4020, 0x3820, 0x3841, 0x3041, 0x2841, 0x2820, 0x4880, 0x50E1,
  0xC8A0, 0xB8A0, 0xB8A1, 0xB881, 0xC8A1, 0xC8A1, 0xA880, 0x7860, 0x5020, 0x4020, 0x4820, 0x5020, 0x5800, 0x6820, 0x8020, 0xA040,
  0xA040, 0x9820, 0xA040, 0xA820, 0xA820, 0xA800, 0xB020, 0xC040, 0xD040, 0xD020, 0xC020, 0xA800, 0x9000, 0x8800, 0x7800, 0x6000,
  0x4000, 0x2800, 0x1800, 0x1000, 0x1000, 0x2000, 0x3800, 0x5000, 0x5800, 0x5800, 0x5000, 0x4800, 0x3800, 0x2800, 0x1800, 0x1000,
  0x0800, 0x0800, 0x0800, 0x2000, 0x3820, 0x4020, 0x3800, 0x3020, 0x3820, 0x3841, 0x4041, 0x3861, 0x1800, 0x2820, 0x4880, 0x50E1,
  0xC8A0, 0xC0A1, 0xC0A1, 0xC081, 0xC8A1, 0xC0A1, 0x9860, 0x7040, 0x5020, 0x4020, 0x4820, 0x4800, 0x4800, 0x5000, 0x7820, 0x9840,
  0x9840, 0x9840, 0xA860, 0xB040, 0xB020, 0xA800, 0xB820, 0xC840, 0xD040, 0xC820, 0xB800, 0xA000, 0x8800, 0x8000, 0x7800, 0x6000,
  0x3800, 0x2000, 0x1800, 0x1000, 0x1000, 0x1800, 0x2800, 0x4000, 0x5000, 0x5000, 0x5000, 0x5000, 0x4000, 0x3000, 0x2000, 0x1800,
  0x0800, 0x0800, 0x1000, 0x2800, 0x3800, 0x4020, 0x3800, 0x3000, 0x3020, 0x3020, 0x3841, 0x3841, 0x3061, 0x3000, 0x4880, 0x5101,
  0xC8A0, 0xC0A1, 0xC8A1, 0xC880, 0xC8A0, 0xB881, 0x9060, 0x6840, 0x5020, 0x4820, 0x4820, 0x4000, 0x4000, 0x4800, 0x6820, 0x8840,
  0x9840, 0xA061, 0xB081, 0xB860, 0xB840, 0xB020, 0xB820, 0xC840, 0xC820, 0xC020, 0xA800, 0x9000, 0x8000, 0x7800, 0x7800, 0x6000,
  0x3800, 0x2000, 0x1800, 0x1000, 0x1000, 0x1000, 0x2000, 0x3800, 0x4000, 0x4000, 0x5000, 0x5000, 0x4800, 0x3800, 0x2800, 0x1800,
  0x1000, 0x0800, 0x1800, 0x3000, 0x3800, 0x3820, 0x3820, 0x3020, 0x3820, 0x3820, 0x3841, 0x4041, 0x2000, 0x3000, 0x5080, 0x5901,
  0xC8A0, 0xC8A1, 0xC8A1, 0xC880, 0xC880, 0xB080, 0x8860, 0x6840, 0x6040, 0x5840, 0x5820, 0x4820, 0x3800, 0x4000, 0x5800, 0x7840,
  0x9061, 0xA081, 0xB081, 0xC060, 0xC040, 0xB820, 0xB820, 0xC020, 0xC020, 0xB000, 0xA000, 0x8800, 0x7800, 0x7800, 0x7800, 0x6000,
  0x3800, 0x2000, 0x1800, 0x1000, 0x1000, 0x1000, 0x1800, 0x3000, 0x3800, 0x3800, 0x4800, 0x5800, 0x5000, 0x3800, 0x2800, 0x1800,
  0x0800, 0x0800, 0x2000, 0x3000, 0x3800, 0x3820, 0x3820, 0x3820, 0x3020, 0x3820, 0x4041, 0x4061, 0x2000, 0x3000, 0x5080, 0x5901,
  0xC0A0, 0xC8A1, 0xD081, 0xD080, 0xC880, 0xA860, 0x8040, 0x7040, 0x7060, 0x7060, 0x6840, 0x5020, 0x3800, 0x3800, 0x5000, 0x7040,
  0x8861, 0x9881, 0xB081, 0xC060, 0xC840, 0xC020, 0xB800, 0xC020, 0xB000, 0xA800, 0x9800, 0x8800, 0x7800, 0x7000, 0x7800, 0x6000,
  0x3800, 0x1800, 0x1000, 0x1000, 0x1000, 0x1000, 0x1800, 0x2800, 0x3000, 0x3000, 0x4000, 0x5000, 0x5000, 0x4000, 0x2800, 0x1800,
  0x0800, 0x1000, 0x2000, 0x3800, 0x3800, 0x3820, 0x4020, 0x4020, 0x3820, 0x3840, 0x4061, 0x1800, 0x1800, 0x2800, 0x4880, 0x5901,
  0xC0A0, 0xC8A1, 0xD080, 0xD860, 0xC880, 0xA060, 0x7840, 0x7860, 0x8081, 0x8861, 0x7061, 0x5820, 0x3800, 0x3800, 0x5020, 0x6840,
  0x7861, 0x8881, 0xA060, 0xC060, 0xD060, 0xC020, 0xB800, 0xB000, 0xA800, 0x9800, 0x9000, 0x8000, 0x7000, 0x7000, 0x7800, 0x6000,
  0x3800, 0x1800, 0x1000, 0x1000, 0x1000, 0x1000, 0x1800, 0x2800, 0x2800, 0x2000, 0x3000, 0x4800, 0x5000, 0x4000, 0x2800, 0x1800,
  0x0800, 0x1000, 0x2800, 0x3800, 0x3820, 0x3820, 0x4020, 0x4840, 0x3820, 0x3821, 0x3841, 0x1000, 0x1000, 0x2800, 0x4860, 0x58E1,
  0xC0A0, 0xC8A1, 0xD880, 0xD860, 0xC880, 0xA060, 0x7840, 0x8061, 0x9881, 0x9881, 0x8061, 0x6040, 0x4820, 0x4000, 0x5020, 0x6840,
  0x7061, 0x7860, 0x9840, 0xC040, 0xD060, 0xC020, 0xB800, 0xA800, 0x9800, 0x9000, 0x8800, 0x8000, 0x7000, 0x7000, 0x7000, 0x6000,
  0x3800, 0x1800, 0x1000, 0x1800, 0x1800, 0x2000, 0x2000, 0x2000, 0x1800, 0x1800, 0x2800, 0x3800, 0x4000, 0x3800, 0x2800, 0x1800,
  0x1000, 0x1800, 0x3000, 0x3800, 0x3020, 0x3820, 0x4040, 0x4840, 0x3841, 0x3841, 0x4041, 0x1000, 0x1000, 0x2000, 0x4060, 0x5901,
  0xB880, 0xC880, 0xD880, 0xD860, 0xC881, 0xA060, 0x8040, 0x9081, 0xA8A1, 0xA081, 0x8861, 0x6840, 0x5020, 0x5020, 0x6020, 0x6840,
  0x6840, 0x7040, 0x9840, 0xC040, 0xD040, 0xC020, 0xB000, 0xA000, 0x9000, 0x8800, 0x8000, 0x7800, 0x7000, 0x7000, 0x7000, 0x5800,
  0x3000, 0x2000, 0x1800, 0x1800, 0x2800, 0x3000, 0x3000, 0x2800, 0x2000, 0x1800, 0x2000, 0x3000, 0x3000, 0x2800, 0x1800, 0x1000,
  0x1000, 0x2000, 0x3800, 0x3800, 0x3000, 0x3020, 0x4040, 0x4040, 0x3020, 0x3041, 0x3861, 0x1800, 0x1800, 0x2800, 0x4860, 0x5901,
  0xB880, 0xD080, 0xE060, 0xE080, 0xC8A1, 0x9880, 0x8860, 0xA0A1, 0xB0A1, 0xA881, 0x9061, 0x7040, 0x6020, 0x6820, 0x6820, 0x6840,
  0x6820, 0x7020, 0x9820, 0xC040, 0xC840, 0xB820, 0xA800, 0x9800, 0x8800, 0x8000, 0x8000, 0x7800, 0x7000, 0x7000, 0x6800, 0x5000,
  0x3000, 0x2000, 0x1800, 0x2000, 0x3000, 0x4000, 0x4000, 0x3800, 0x2800, 0x2000, 0x2800, 0x3000, 0x3000, 0x2000, 0x1800, 0x0800,
  0x1000, 0x3020, 0x4020, 0x4020, 0x3820, 0x3020, 0x3820, 0x3020, 0x2820, 0x2841, 0x1800, 0x1800, 0x1800, 0x2800, 0x4860, 0x5901,
  0xB860, 0xD060, 0xE060, 0xE080, 0xC8A1, 0xA080, 0x9861, 0xB0A1, 0xB8A1, 0xA861, 0x9040, 0x7840, 0x7040, 0x7840, 0x7020, 0x7020,
  0x6820, 0x7820, 0xA820, 0xC820, 0xC820, 0xB000, 0xA000, 0x8800, 0x8000, 0x8000, 0x7800, 0x7800, 0x7800, 0x7000, 0x6000, 0x4000,
  0x2800, 0x2800, 0x2000, 0x2000, 0x3000, 0x4800, 0x5800, 0x5000, 0x3800, 0x2800, 0x2800, 0x2800, 0x2800, 0x2000, 0x1000, 0x0800,
  0x1000, 0x3020, 0x4020, 0x4020, 0x4020, 0x3820, 0x3820, 0x3820, 0x3040, 0x2841, 0x1000, 0x1800, 0x1800, 0x2800, 0x4860, 0x58E1,
  0xB860, 0xD860, 0xE060, 0xE0A0, 0xC8A1, 0xA080, 0xA081, 0xB8A1, 0xB8A1, 0xA060, 0x8840, 0x7840, 0x8040, 0x8040, 0x7820, 0x7020,
  0x7820, 0x9020, 0xB020, 0xC020, 0xC020, 0xA800, 0x9000, 0x8000, 0x8000, 0x7800, 0x7800, 0x7800, 0x7800, 0x7000, 0x5800, 0x3800,
  0x2800, 0x2800, 0x2800, 0x2800, 0x3000, 0x4800, 0x5800, 0x5800, 0x4800, 0x3800, 0x2800, 0x2000, 0x1800, 0x1800, 0x1000, 0x0800,
  0x1800, 0x3020, 0x3820, 0x4020, 0x4820, 0x4020, 0x3820, 0x4040, 0x3840, 0x2841, 0x1000, 0x1000, 0x1800, 0x2800, 0x4860, 0x58E1,
  0xB860, 0xD860, 0xE880, 0xE0A0, 0xC8C1, 0xA881, 0xB081, 0xC0A1, 0xB881, 0xA040, 0x8840, 0x7820, 0x8840, 0x8840, 0x7820, 0x7820,
  0x8820, 0xA020, 0xB820, 0xC020, 0xB000, 0x9800, 0x8800, 0x8000, 0x7800, 0x7800, 0x7800, 0x7800, 0x7000, 0x6800, 0x4800, 0x2800,
  0x2000, 0x2800, 0x3000, 0x3800, 0x3800, 0x4000, 0x4800, 0x5000, 0x4800, 0x3800, 0x3000, 0x2000, 0x1800, 0x1000, 0x0800, 0x0800,
  0x1800, 0x3020, 0x3820, 0x3820, 0x4020, 0x4020, 0x3840, 0x4841, 0x4041, 0x3041, 0x1000, 0x1000, 0x1000, 0x2000, 0x4860, 0x60E1,
  0xC060, 0xE060, 0xE880, 0xE0C1, 0xC8C1, 0xB081, 0xB8A1, 0xC0A1, 0xB081, 0x9840, 0x8020, 0x7820, 0x8840, 0x8840, 0x7820, 0x8020,
  0x9820, 0xA820, 0xB800, 0xB800, 0xA000, 0x8800, 0x7800, 0x7000, 0x7800, 0x7800, 0x7800, 0x7800, 0x6800, 0x5000, 0x3800, 0x2000,
  0x1800, 0x2000, 0x3000, 0x3800, 0x3800, 0x3000, 0x3000, 0x3800, 0x4000, 0x3800, 0x3000, 0x2800, 0x1800, 0x1000, 0x0800, 0x0800,
  0x2000, 0x3020, 0x3000, 0x3020, 0x3820, 0x3820, 0x3820, 0x4041, 0x4061, 0x3041, 0x1000, 0x1000, 0x1800, 0x2000, 0x4040, 0x58C1,
  0xC860, 0xE060, 0xE880, 0xE0C1, 0xC8C1, 0xB881, 0xC0A1, 0xB881, 0xA861, 0x9040, 0x7820, 0x7820, 0x9040, 0x8840, 0x7820, 0x8820,
  0xA020, 0xB000, 0xB800, 0xB000, 0x9800, 0x7800, 0x6000, 0x6000, 0x6800, 0x7800, 0x7800, 0x7000, 0x5800, 0x4000, 0x2000, 0x1800,
  0x1000, 0x1800, 0x2800, 0x3800, 0x3800, 0x2800, 0x2000, 0x2800, 0x3000, 0x3000, 0x3000, 0x2800, 0x1800, 0x1000, 0x0800, 0x0800,
  0x2000, 0x3020, 0x3000, 0x3000, 0x3800, 0x3820, 0x3020, 0x3841, 0x4061, 0x3041, 0x1000, 0x1000, 0x1800, 0x2000, 0x4040, 0x58C1,
  0xD060, 0xE060, 0xE8A0, 0xE0C1, 0xC8C1, 0xC080, 0xC081, 0xB081, 0xA061, 0x8840, 0x7820, 0x7820, 0x8840, 0x8020, 0x8020, 0x9020,
  0xA820, 0xB000, 0xB000, 0xA000, 0x8000, 0x6000, 0x4800, 0x4800, 0x5800, 0x6800, 0x7000, 0x6800, 0x4800, 0x2800, 0x1800, 0x1000,
  0x1000, 0x1000, 0x1800, 0x2800, 0x2800, 0x2000, 0x1800, 0x2000, 0x2800, 0x3000, 0x2800, 0x2000, 0x1800, 0x1000, 0x0800, 0x1000,
  0x2800, 0x3800, 0x3800, 0x3800, 0x3800, 0x3820, 0x3020, 0x3841, 0x4061, 0x1000, 0x1000, 0x1000, 0x1000, 0x2000, 0x4040, 0x58C1,
  0xD060, 0xE860, 0xE8A0, 0xE0C1, 0xD0A1, 0xC080, 0xB881, 0xA861, 0x9861, 0x8840, 0x7820, 0x7820, 0x8040, 0x8020, 0x8820, 0xA020,
  0xA800, 0xB000, 0xA800, 0x9000, 0x7000, 0x4800, 0x3800, 0x3000, 0x4000, 0x5800, 0x6800, 0x6000, 0x4000, 0x2000, 0x1000, 0x1000,
  0x1000, 0x1000, 0x1000, 0x1800, 0x1800, 0x1800, 0x1800, 0x1800, 0x2000, 0x2800, 0x2000, 0x1800, 0x1000, 0x0800, 0x0800, 0x1000,
  0x2800, 0x3800, 0x3800, 0x3820, 0x4020, 0x3820, 0x3020, 0x3041, 0x3041, 0x3061, 0x1000, 0x1000, 0x1000, 0x1800, 0x3840, 0x58C0,
  0xD860, 0xE880, 0xE8A0, 0xD8C1, 0xD0A0, 0xC080, 0xB060, 0x9860, 0x9041, 0x8840, 0x7820, 0x7020, 0x7840, 0x8020, 0x9040, 0xA820,
  0xA820, 0xA800, 0x9800, 0x8800, 0x6000, 0x3800, 0x2000, 0x2000, 0x2800, 0x4000, 0x5000, 0x5000, 0x3000, 0x1800, 0x1000, 0x1000,
  0x1000, 0x1000, 0x1000, 0x1000, 0x1000, 0x1000, 0x1000, 0x1000, 0x1800, 0x2000, 0x2000, 0x1000, 0x0800, 0x0800, 0x0800, 0x1000,
  0x2800, 0x3800, 0x3820, 0x3820, 0x3820, 0x3841, 0x3041, 0x2841, 0x3021, 0x2800, 0x2000, 0x1800, 0x1000, 0x1800, 0x3840, 0x58C0,
  0xE060, 0xE880, 0xE0A0, 0xD8C1, 0xD0A0, 0xC060, 0xA060, 0x8840, 0x8841, 0x8840, 0x7840, 0x7020, 0x7820, 0x8020, 0xA040, 0xB040,
  0xA820, 0xA000, 0x9000, 0x7800, 0x5000, 0x2800, 0x1800, 0x1800, 0x2000, 0x2800, 0x4000, 0x4000, 0x2800, 0x1800, 0x1000, 0x1000,
  0x1000, 0x0800, 0x0800, 0x0800, 0x1000, 0x1000, 0x1000, 0x1000, 0x1800, 0x2000, 0x2000, 0x1800, 0x1000, 0x0800, 0x0800, 0x1800,
  0x2800, 0x3000, 0x3800, 0x3820, 0x3820, 0x3041, 0x3041, 0x2841, 0x3041, 0x3061, 0x2000, 0x1800, 0x1800, 0x1800, 0x3040, 0x58A0,
  0xE080, 0xE880, 0xE0A0, 0xD8A0, 0xD080, 0xB860, 0x9040, 0x8040, 0x8841, 0x8840, 0x7840, 0x7020, 0x7820, 0x8840, 0xA860, 0xB040,
  0xA020, 0x9000, 0x8000, 0x7000, 0x4800, 0x2000, 0x1800, 0x1000, 0x1800, 0x2000, 0x2800, 0x3000, 0x2000, 0x1800, 0x1000, 0x0800,
  0x0800, 0x0800, 0x0800, 0x0800, 0x1000, 0x1000, 0x1000, 0x1800, 0x2000, 0x3000, 0x2800, 0x2000, 0x1800, 0x0800, 0x0800, 0x1800,
  0x2800, 0x3020, 0x3820, 0x3800, 0x3820, 0x3820, 0x3041, 0x2841, 0x3041, 0x2000, 0x1800, 0x1000, 0x1800, 0x1800, 0x3020, 0x5080,
  0xE080, 0xE080, 0xD8A0, 0xD080, 0xC880, 0xA840, 0x8820, 0x7840, 0x8841, 0x9040, 0x8040, 0x7020, 0x7820, 0x9840, 0xB060, 0xA820,
  0x9820, 0x8820, 0x7800, 0x6800, 0x4000, 0x2000, 0x1000, 0x1000, 0x1000, 0x1800, 0x2000, 0x2000, 0x2000, 0x1000, 0x1000, 0x0800,
  0x0800, 0x0800, 0x0800, 0x1000, 0x1000, 0x1000, 0x1000, 0x1800, 0x2800, 0x3000, 0x3000, 0x2800, 0x1800, 0x0800, 0x0800, 0x1800,
  0x2800, 0x3000, 0x3020, 0x3800, 0x3820, 0x4020, 0x3841, 0x2841, 0x3061, 0x3082, 0x1800, 0x1000, 0x1800, 0x2000, 0x3020, 0x5060,
  0xE8A0, 0xE080, 0xD880, 0xD080, 0xC060, 0xA040, 0x7820, 0x7820, 0x9041, 0x9040, 0x8040, 0x7820, 0x8020, 0xA040, 0xB040, 0xA020,
  0x8820, 0x7820, 0x7000, 0x5800, 0x3800, 0x2000, 0x1000, 0x1000, 0x1000, 0x1000, 0x1800, 0x1800, 0x1800, 0x1000, 0x1000, 0x0800,
  0x0800, 0x1000, 0x1000, 0x1000, 0x1000, 0x1000, 0x1000, 0x1800, 0x2800, 0x3000, 0x3000, 0x2000, 0x1000, 0x0800, 0x1000, 0x2000,
  0x3000, 0x3000, 0x3000, 0x3000, 0x3820, 0x4041, 0x3841, 0x2841, 0x2841, 0x2000, 0x1800, 0x1800, 0x1800, 0x1800, 0x3020, 0x5060,
  0xE8A1, 0xE0A0, 0xD880, 0xD060, 0xB860, 0x9040, 0x7820, 0x8020, 0x9841, 0x9841, 0x8840, 0x8020, 0x9040, 0xA840, 0xB040, 0x9820,
  0x8020, 0x7020, 0x6820, 0x5000, 0x3000, 0x2000, 0x1000, 0x1000, 0x1000, 0x1000, 0x1000, 0x1000, 0x1000, 0x1000, 0x1000, 0x1000,
  0x1000, 0x1000, 0x1000, 0x1800, 0x1800, 0x1000, 0x1000, 0x1800, 0x2000, 0x2800, 0x2000, 0x1800, 0x1000, 0x0800, 0x1000, 0x2800,
  0x3000, 0x3020, 0x3000, 0x3000, 0x3020, 0x3841, 0x3841, 0x2841, 0x2020, 0x2041, 0x2000, 0x2000, 0x1800, 0x1800, 0x3000, 0x5060,
  0xE0A1, 0xE080, 0xD860, 0xC860, 0xB040, 0x8820, 0x7020, 0x8840, 0xA040, 0xA041, 0x9040, 0x8840, 0x9840, 0xA840, 0xA820, 0x9020,
  0x7020, 0x6820, 0x6020, 0x4800, 0x3000, 0x2000, 0x1800, 0x1000, 0x1000, 0x1000, 0x1000, 0x1000, 0x1000, 0x1000, 0x1000, 0x1000,
  0x1000, 0x1000, 0x1800, 0x2000, 0x2000, 0x1800, 0x1000, 0x1000, 0x1800, 0x1800, 0x1800, 0x1800, 0x1000, 0x0800, 0x1000, 0x2800,
  0x3000, 0x3820, 0x3820, 0x3020, 0x3020, 0x3841, 0x3061, 0x2841, 0x2820, 0x2800, 0x2800, 0x2800, 0x2000, 0x1800, 0x2800, 0x5040,
  0xE0C1, 0xE080, 0xD060, 0xC840, 0xA840, 0x8020, 0x7820, 0x9020, 0xA040, 0xA040, 0x9040, 0x9040, 0x9840, 0xA840, 0xA020, 0x8820,
  0x6820, 0x6020, 0x5820, 0x4000, 0x3000, 0x2000, 0x1800, 0x1800, 0x1000, 0x1000, 0x1000, 0x1000, 0x1000, 0x1000, 0x1000, 0x1000,
  0x1000, 0x1000, 0x1800, 0x2000, 0x2000, 0x2000, 0x1000, 0x1000, 0x1000, 0x1000, 0x1800, 0x1800, 0x1000, 0x0800, 0x1000, 0x2800,
  0x3000, 0x3800, 0x3820, 0x3820, 0x3820, 0x3841, 0x3061, 0x2841, 0x2841, 0x2800, 0x2800, 0x2800, 0x2000, 0x2000, 0x2800, 0x5060,
  0xE0C0, 0xE080, 0xD060, 0xC040, 0xA040, 0x8040, 0x8040, 0x9820, 0xA840, 0xA040, 0x9040, 0x9040, 0xA040, 0xA820, 0xA020, 0x8020,
  0x6820, 0x5820, 0x4820, 0x4000, 0x3800, 0x3000, 0x2800, 0x1800, 0x1000, 0x1000, 0x1000, 0x1000, 0x1000, 0x1000, 0x1000, 0x1000,
  0x1000, 0x1000, 0x1000, 0x2000, 0x2800, 0x2000, 0x1800, 0x1000, 0x1000, 0x0800, 0x1000, 0x1000, 0x1000, 0x0800, 0x1000, 0x2800,
  0x3000, 0x3000, 0x3800, 0x3820, 0x4020, 0x3841, 0x3041, 0x2841, 0x2021, 0x2000, 0x2000, 0x2000, 0x2000, 0x1800, 0x2800, 0x5060,
  0xE0C0, 0xE0A0, 0xD060, 0xB840, 0x9840, 0x8840, 0x9040, 0x9820, 0xA840, 0xA040, 0x9040, 0x9040, 0xA040, 0xA820, 0x9820, 0x8020,
  0x6020, 0x5020, 0x4000, 0x4000, 0x4800, 0x4000, 0x3000, 0x2000, 0x1800, 0x1000, 0x1000, 0x1000, 0x1000, 0x1000, 0x1000, 0x1000,
  0x0800, 0x0800, 0x1000, 0x1800, 0x2000, 0x2000, 0x1800, 0x1000, 0x1000, 0x0800, 0x1000, 0x1000, 0x0800, 0x0800, 0x1800, 0x2800,
  0x3800, 0x3800, 0x3800, 0x3820, 0x4041, 0x3841, 0x2841, 0x2041, 0x2021, 0x1000, 0x1800, 0x1800, 0x1800, 0x1800, 0x2800, 0x5060,
  0xE0C0, 0xE0A0, 0xD060, 0xB040, 0x9040, 0x9060, 0x9840, 0xA040, 0xA040, 0x9840, 0x8820, 0x9020, 0xA020, 0xA820, 0x9820, 0x8020,
  0x6020, 0x4820, 0x3800, 0x4000, 0x5820, 0x5820, 0x4000, 0x2800, 0x1800, 0x1000, 0x1000, 0x1000, 0x1000, 0x1000, 0x1000, 0x1000,
  0x0800, 0x0800, 0x1000, 0x1000, 0x1800, 0x1800, 0x1800, 0x1000, 0x1000, 0x0800, 0x0800, 0x0800, 0x0800, 0x0800, 0x1800, 0x3000,
  0x3000, 0x3800, 0x3820, 0x3820, 0x4061, 0x3861, 0x3041, 0x2841, 0x2841, 0x2861, 0x1000, 0x1000, 0x1000, 0x1000, 0x2000, 0x4040,
  0xE0C0, 0xE0A0, 0xC860, 0xA040, 0x9061, 0x9861, 0xA040, 0xA040, 0x9840, 0x9040, 0x8820, 0x9820, 0xA020, 0xA020, 0x9020, 0x7820,
  0x6020, 0x4020, 0x3800, 0x4800, 0x6020, 0x6820, 0x5000, 0x2800, 0x1800, 0x1000, 0x1000, 0x1000, 0x1000, 0x1000, 0x1000, 0x1000,
  0x0800, 0x0800, 0x0800, 0x0800, 0x1000, 0x1000, 0x1000, 0x1000, 0x0800, 0x0800, 0x0800, 0x0800, 0x0000, 0x0800, 0x2000, 0x3000,
  0x3000, 0x3800, 0x3020, 0x3020, 0x3040, 0x3041, 0x3041, 0x2841, 0x3041, 0x1800, 0x1000, 0x1000, 0x1000, 0x1000, 0x2000, 0x3820,
  0xE0E0, 0xD8A0, 0xB860, 0x9840, 0x9861, 0xA881, 0xA040, 0xA040, 0x9040, 0x8840, 0x8820, 0x9820, 0xA020, 0xA020, 0x8820, 0x7820,
  0x6020, 0x4020, 0x3000, 0x4800, 0x6020, 0x6820, 0x5000, 0x2800, 0x1800, 0x1000, 0x1000, 0x1000, 0x1000, 0x1000, 0x1000, 0x1000,
  0x0800, 0x0800, 0x0800, 0x0800, 0x0800, 0x0800, 0x0800, 0x0800, 0x0800, 0x0800, 0x0800, 0x0000, 0x0000, 0x0800, 0x2000, 0x3000,
  0x3800, 0x3820, 0x3820, 0x3000, 0x3020, 0x2820, 0x2821, 0x2841, 0x3041, 0x3082, 0x1800, 0x1800, 0x1800, 0x1800, 0x1800, 0x3820,
  0xE0E1, 0xD0A0, 0xB040, 0x9841, 0xA081, 0xB081, 0xA840, 0x9840, 0x8840, 0x8020, 0x8820, 0x9820, 0xA020, 0x9820, 0x8820, 0x7820,
  0x5820, 0x3820, 0x2800, 0x4000, 0x5820, 0x6020, 0x4800, 0x2800, 0x1000, 0x1000, 0x1000, 0x1000, 0x1000, 0x1000, 0x1000, 0x1000,
  0x1000, 0x1000, 0x0800, 0x0800, 0x0800, 0x0800, 0x0800, 0x0800, 0x0800, 0x0800, 0x0800, 0x0000, 0x0000, 0x0800, 0x2000, 0x3000,
  0x3800, 0x3820, 0x3820, 0x3000, 0x3020, 0x3020, 0x2821, 0x2821, 0x3041, 0x2000, 0x2000, 0x2000, 0x2000, 0x1800, 0x2000, 0x3820,
  0xE0E1, 0xC880, 0xA040, 0x9061, 0xA881, 0xB081, 0xA040, 0x9040, 0x8020, 0x8020, 0x9020, 0xA020, 0xA020, 0x9000, 0x7820, 0x6820,
  0x5020, 0x3000, 0x2800, 0x3000, 0x4800, 0x4800, 0x3800, 0x2000, 0x1000, 0x1000, 0x1000, 0x1000, 0x1000, 0x1000, 0x1000, 0x1000,
  0x1000, 0x1800, 0x1800, 0x1000, 0x1000, 0x0800, 0x0800, 0x0800, 0x0800, 0x0800, 0x0800, 0x0000, 0x0000, 0x1000, 0x2000, 0x3000,
  0x3020, 0x3020, 0x3020, 0x3820, 0x3820, 0x3821, 0x2841, 0x2841, 0x3041, 0x38A3, 0x2000, 0x2000, 0x2000, 0x2000, 0x2000, 0x3000,
  0xD8E1, 0xB880, 0x9040, 0x9861, 0xB0A1, 0xB881, 0xA040, 0x8840, 0x7820, 0x8020, 0x9820, 0xA020, 0x9800, 0x8000, 0x7000, 0x6020,
  0x4020, 0x2800, 0x2000, 0x2800, 0x3000, 0x3800, 0x2800, 0x2000, 0x1000, 0x1000, 0x1000, 0x1000, 0x1000, 0x1000, 0x1800, 0x1800,
  0x2000, 0x2000, 0x2000, 0x2000, 0x1800, 0x1000, 0x0800, 0x0800, 0x0800, 0x0800, 0x0800, 0x0000, 0x0000, 0x1000, 0x2800, 0x3000,
  0x3020, 0x3020, 0x3020, 0x3820, 0x3841, 0x3841, 0x2841, 0x2041, 0x2041, 0x2800, 0x2800, 0x2800, 0x2000, 0x1800, 0x1800, 0x3000,
  0xC8C1, 0xA060, 0x8840, 0xA061, 0xB8A1, 0xB081, 0x9840, 0x7820, 0x7820, 0x8820, 0xA020, 0xA020, 0x9000, 0x7800, 0x6800, 0x5020,
  0x3020, 0x2000, 0x1800, 0x2000, 0x2000, 0x2000, 0x2000, 0x1800, 0x1000, 0x1000, 0x1000, 0x1000, 0x1000, 0x1800, 0x1800, 0x2000,
  0x2800, 0x3000, 0x3000, 0x2800, 0x2000, 0x1800, 0x1800, 0x1000, 0x0800, 0x0800, 0x0800, 0x0000, 0x0000, 0x1000, 0x2820, 0x3020,
  0x3800, 0x3820, 0x3020, 0x3020, 0x3041, 0x3061, 0x2861, 0x2041, 0x2041, 0x3000, 0x3000, 0x3800, 0x2800, 0x2000, 0x2000, 0x3000,
  0xB8A1, 0x9040, 0x8840, 0xA081, 0xB8A1, 0xA881, 0x8840, 0x7020, 0x7820, 0x9020, 0xA820, 0xA020, 0x8800, 0x7000, 0x5800, 0x4000,
  0x2800, 0x1800, 0x1800, 0x1800, 0x1800, 0x1800, 0x1800, 0x1000, 0x1000, 0x1000, 0x1000, 0x1000, 0x1000, 0x1800, 0x1800, 0x2000,
  0x2800, 0x3000, 0x3800, 0x3800, 0x3000, 0x2800, 0x2000, 0x1800, 0x1000, 0x0800, 0x0800, 0x0000, 0x0800, 0x1000, 0x2820, 0x3000,
  0x3820, 0x4020, 0x3820, 0x2820, 0x2841, 0x2841, 0x2861, 0x2041, 0x2041, 0x3000, 0x3000, 0x3000, 0x2800, 0x2000, 0x2000, 0x2800,
  0xA080, 0x8040, 0x8840, 0xA881, 0xB881, 0xA061, 0x8020, 0x7020, 0x8020, 0x9820, 0xA820, 0x9820, 0x8000, 0x6800, 0x5800, 0x3800,
  0x2000, 0x1800, 0x1800, 0x1800, 0x1800, 0x1800, 0x1000, 0x1000, 0x1000, 0x1000, 0x1000, 0x1000, 0x1000, 0x1000, 0x1800, 0x2000,
  0x2800, 0x3000, 0x4000, 0x4000, 0x4000, 0x3800, 0x3000, 0x2800, 0x1800, 0x1000, 0x0800, 0x0000, 0x0800, 0x1800, 0x2820, 0x3000,
  0x3820, 0x3820, 0x3820, 0x2820, 0x2820, 0x2840, 0x2841, 0x2841, 0x2861, 0x2800, 0x2000, 0x2000, 0x2000, 0x2000, 0x2000, 0x3000,
  0x9060, 0x8020, 0x9040, 0xB081, 0xB081, 0x9040, 0x7020, 0x7000, 0x8820, 0xA020, 0xA040, 0x9020, 0x8000, 0x6800, 0x5800, 0x3800,
  0x2000, 0x2000, 0x2000, 0x1800, 0x1800, 0x1000, 0x1000, 0x1000, 0x1000, 0x1000, 0x1000, 0x1000, 0x1000, 0x1000, 0x1000, 0x2000,
  0x2800, 0x3800, 0x4000, 0x4800, 0x4800, 0x4800, 0x3800, 0x3000, 0x2000, 0x1000, 0x0800, 0x0000, 0x0800, 0x1800, 0x2820, 0x3000,
  0x3020, 0x3820, 0x3820, 0x3020, 0x2820, 0x2820, 0x3041, 0x3061, 0x2000, 0x2000, 0x1800, 0x1800, 0x2000, 0x2000, 0x2000, 0x3000,
  0x8040, 0x8020, 0x9840, 0xB081, 0xA061, 0x8020, 0x6820, 0x7820, 0x9820, 0xA820, 0xA020, 0x8820, 0x7800, 0x6800, 0x5800, 0x3800,
  0x2800, 0x2800, 0x2800, 0x2000, 0x1800, 0x1000, 0x1000, 0x1000, 0x1000, 0x1000, 0x1000, 0x1000, 0x1000, 0x1000, 0x1000, 0x1800,
  0x2800, 0x3800, 0x4800, 0x5000, 0x5000, 0x4800, 0x4000, 0x3800, 0x2000, 0x1000, 0x0800, 0x0000, 0x0800, 0x1800, 0x2820, 0x3020,
  0x3020, 0x3020, 0x3820, 0x3020, 0x2820, 0x2820, 0x3061, 0x3062, 0x3082, 0x2000, 0x1800, 0x1800, 0x1800, 0x2000, 0x2000, 0x3000,
  0x7840, 0x8840, 0xA060, 0xA861, 0x9040, 0x7020, 0x6800, 0x8020, 0xA020, 0xA020, 0x9020, 0x8000, 0x7000, 0x6800, 0x5000, 0x3800,
  0x3000, 0x3000, 0x3000, 0x2800, 0x1800, 0x1000, 0x1000, 0x1000, 0x1000, 0x1000, 0x1000, 0x1000, 0x1000, 0x1000, 0x1000, 0x2000,
  0x3000, 0x4000, 0x5000, 0x5000, 0x5000, 0x4800, 0x4000, 0x3800, 0x2000, 0x1000, 0x0800, 0x0000, 0x0800, 0x1800, 0x2800, 0x3000,
  0x3000, 0x3020, 0x3020, 0x3820, 0x3020, 0x2820, 0x2841, 0x3061, 0x3800, 0x2800, 0x2000, 0x1800, 0x1800, 0x1800, 0x2000, 0x2800,
  0x7840, 0x9040, 0xA860, 0xA060, 0x8040, 0x7020, 0x7820, 0x9040, 0xA840, 0xA020, 0x8820, 0x7800, 0x7000, 0x6000, 0x5000, 0x4000,
  0x4000, 0x4800, 0x4800, 0x3000, 0x2000, 0x1000, 0x1000, 0x1000, 0x1000, 0x1000, 0x1000, 0x1000, 0x1000, 0x1000, 0x1800, 0x2000,
  0x3000, 0x4800, 0x5000, 0x5000, 0x5000, 0x4800, 0x4000, 0x3800, 0x2000, 0x1000, 0x0800, 0x0800, 0x1000, 0x2000, 0x2800, 0x3000,
  0x3020, 0x3020, 0x3020, 0x3020, 0x2820, 0x2820, 0x2021, 0x2841, 0x2882, 0x3000, 0x2800, 0x2000, 0x2000, 0x2000, 0x2000, 0x2800,
  0x8840, 0xA060, 0xA840, 0x9840, 0x7820, 0x7020, 0x8020, 0xA040, 0xA840, 0x9820, 0x8020, 0x7000, 0x6800, 0x5800, 0x4800, 0x4800,
  0x5820, 0x6820, 0x6020, 0x4000, 0x2000, 0x1000, 0x1000, 0x1000, 0x1000, 0x1000, 0x1000, 0x1000, 0x1000, 0x1000, 0x1800, 0x2000,
  0x3800, 0x4000, 0x4800, 0x5000, 0x4800, 0x4800, 0x4000, 0x3800, 0x2800, 0x1000, 0x0800, 0x0800, 0x1000, 0x2000, 0x2800, 0x3000,
  0x3820, 0x3020, 0x3020, 0x2820, 0x2820, 0x2820, 0x2841, 0x2841, 0x4800, 0x4000, 0x3800, 0x3000, 0x3000, 0x2800, 0x2800, 0x2800,
  0x9061, 0xA860, 0xA040, 0x9040, 0x7820, 0x7820, 0x9040, 0xA860, 0xA840, 0x9820, 0x8020, 0x7000, 0x6000, 0x5000, 0x5000, 0x5820,
  0x7020, 0x8020, 0x7020, 0x4800, 0x2800, 0x1800, 0x1000, 0x1000, 0x1000, 0x1000, 0x1000, 0x1000, 0x1000, 0x1000, 0x1800, 0x2000,
  0x3000, 0x3800, 0x4000, 0x4000, 0x4000, 0x4000, 0x4000, 0x3800, 0x2800, 0x1000, 0x0800, 0x0800, 0x1000, 0x2000, 0x3000, 0x3820,
  0x3820, 0x3820, 0x3020, 0x2820, 0x2820, 0x2820, 0x2820, 0x2041, 0x2862, 0x4800, 0x4000, 0x4000, 0x4000, 0x3000, 0x2800, 0x2800,
  0x9861, 0xA860, 0xA040, 0x8820, 0x7820, 0x8840, 0xA860, 0xB860, 0xA840, 0x9820, 0x7820, 0x6800, 0x5800, 0x5000, 0x5800, 0x6820,
  0x8820, 0x9040, 0x7820, 0x5000, 0x2800, 0x1800, 0x1000, 0x1000, 0x1000, 0x1000, 0x1000, 0x1000, 0x1000, 0x1000, 0x1800, 0x2000,
  0x2800, 0x3000, 0x3000, 0x3800, 0x3800, 0x3800, 0x3800, 0x3000, 0x2800, 0x1000, 0x0800, 0x0800, 0x1000, 0x2800, 0x3020, 0x3820,
  0x4020, 0x3820, 0x3020, 0x2820, 0x2820, 0x2820, 0x2820, 0x2041, 0x5800, 0x4800, 0x4800, 0x5000, 0x4800, 0x3800, 0x3000, 0x2800,
  0xA081, 0xA860, 0x9840, 0x8020, 0x8040, 0x9860, 0xB080, 0xB860, 0xA840, 0x9020, 0x7000, 0x6000, 0x5000, 0x5000, 0x6020, 0x7820,
  0x9020, 0x9820, 0x7820, 0x4800, 0x2000, 0x1800, 0x1000, 0x1000, 0x1000, 0x1000, 0x1000, 0x1000, 0x1000, 0x1000, 0x1800, 0x2000,
  0x2800, 0x2800, 0x2800, 0x2800, 0x3000, 0x3000, 0x3000, 0x3000, 0x2000, 0x1000, 0x0800, 0x0800, 0x1800, 0x2800, 0x3020, 0x3820,
  0x3820, 0x3820, 0x3020, 0x2820, 0x2020, 0x2840, 0x2841, 0x2841, 0x2862, 0x4800, 0x4800, 0x4800, 0x4800, 0x3800, 0x3000, 0x2800,
  0xA881, 0xA860, 0x9840, 0x8020, 0x9040, 0xA880, 0xC0A0, 0xB860, 0xA840, 0x8820, 0x6800, 0x5800, 0x5000, 0x5820, 0x7020, 0x8820,
  0x9020, 0x9020, 0x7020, 0x4000, 0x2000, 0x1800, 0x1800, 0x1800, 0x1800, 0x1000, 0x1000, 0x1000, 0x1000, 0x1800, 0x2800, 0x3000,
  0x3000, 0x3000, 0x3000, 0x3000, 0x3000, 0x3000, 0x3000, 0x2800, 0x1800, 0x1000, 0x0800, 0x0800, 0x1800, 0x2800, 0x3000, 0x3020,
  0x3820, 0x3820, 0x3020, 0x2820, 0x2820, 0x2841, 0x3041, 0x3061, 0x4800, 0x4000, 0x3800, 0x3800, 0x3800, 0x3000, 0x2800, 0x2800,
  0xA881, 0xA060, 0x9040, 0x8840, 0xA080, 0xB8A1, 0xC0A0, 0xB860, 0xA040, 0x8020, 0x6800, 0x5000, 0x5000, 0x6020, 0x7820, 0x9020,
  0x9020, 0x8020, 0x6020, 0x3000, 0x1800, 0x1000, 0x1800, 0x1800, 0x1800, 0x1000, 0x1000, 0x1000, 0x1800, 0x2800, 0x3800, 0x4800,
  0x4800, 0x4000, 0x4000, 0x3800, 0x3800, 0x3800, 0x3000, 0x2800, 0x1800, 0x1000, 0x0800, 0x1000, 0x1800, 0x2800, 0x3000, 0x3000,
  0x3820, 0x3820, 0x3020, 0x2820, 0x2820, 0x2841, 0x2841, 0x3061, 0x30A2, 0x3000, 0x2000, 0x2000, 0x2000, 0x2000, 0x2000, 0x2000,
  0xA081, 0x9860, 0x8840, 0x9040, 0xB0A0, 0xC8C1, 0xC880, 0xB040, 0x9820, 0x7800, 0x6000, 0x5000, 0x5020, 0x6820, 0x8020, 0x8820,
  0x8820, 0x7020, 0x4800, 0x2800, 0x1800, 0x1000, 0x1800, 0x1800, 0x1000, 0x1000, 0x1000, 0x1000, 0x2000, 0x3800, 0x4800, 0x5000,
  0x5800, 0x5000, 0x4800, 0x4800, 0x4000, 0x4000, 0x3000, 0x2800, 0x1800, 0x1000, 0x0800, 0x1000, 0x2000, 0x2800, 0x2800, 0x2800,
  0x3000, 0x3020, 0x3020, 0x3020, 0x3020, 0x2841, 0x2841, 0x2841, 0x2800, 0x2000, 0x1800, 0x1800, 0x1800, 0x1800, 0x1800, 0x2000,
  0x9861, 0x8840, 0x8840, 0x9860, 0xC0A1, 0xC8A0, 0xC060, 0xA840, 0x9020, 0x7800, 0x6000, 0x5000, 0x5820, 0x7020, 0x8020, 0x8020,
  0x7820, 0x5800, 0x3000, 0x1800, 0x1000, 0x1000, 0x1000, 0x1000, 0x1000, 0x1000, 0x1000, 0x1800, 0x2800, 0x4000, 0x5000, 0x5800,
  0x5800, 0x5000, 0x4800, 0x4800, 0x4000, 0x4000, 0x3800, 0x2800, 0x1800, 0x0800, 0x0800, 0x1000, 0x2000, 0x2800, 0x3000, 0x3000,
  0x3000, 0x3020, 0x2820, 0x3020, 0x3841, 0x3841, 0x3041, 0x3041, 0x3082, 0x2000, 0x1800, 0x1000, 0x1000, 0x1000, 0x1800, 0x2000,
  0x8860, 0x8040, 0x8840, 0xA880, 0xC8C1, 0xC8A0, 0xB860, 0xA020, 0x8800, 0x7000, 0x5800, 0x5000, 0x5820, 0x7020, 0x7820, 0x7020,
  0x6020, 0x4000, 0x2000, 0x1800, 0x1000, 0x1000, 0x1000, 0x1000, 0x1000, 0x1000, 0x1000, 0x1800, 0x2800, 0x3800, 0x4800, 0x4800,
  0x4800, 0x4800, 0x4000, 0x4000, 0x4000, 0x3800, 0x3000, 0x2000, 0x1800, 0x0800, 0x0800, 0x1000, 0x2000, 0x3000, 0x3000, 0x3020,
  0x3020, 0x3020, 0x2820, 0x3020, 0x3861, 0x3861, 0x3061, 0x3082, 0x2800, 0x2000, 0x1800, 0x1800, 0x1800, 0x1800, 0x1800, 0x2000,
  0x7840, 0x7820, 0x9060, 0xB8A0, 0xD0A0, 0xC080, 0xB040, 0x9820, 0x8800, 0x7000, 0x5800, 0x4800, 0x5020, 0x6020, 0x6820, 0x5820,
  0x4800, 0x2800, 0x1800, 0x1000, 0x1000, 0x1000, 0x1000, 0x1000, 0x1000, 0x1000, 0x1800, 0x2000, 0x2800, 0x3000, 0x3800, 0x3800,
  0x3800, 0x3800, 0x3800, 0x3800, 0x3800, 0x3800, 0x2800, 0x2000, 0x1000, 0x0800, 0x0800, 0x1000, 0x2800, 0x3000, 0x3000, 0x3000,
  0x2820, 0x2820, 0x2820, 0x2820, 0x3061, 0x3082, 0x3082, 0x3082, 0x30A3, 0x2800, 0x2000, 0x1800, 0x1800, 0x2000, 0x2000, 0x2000,
  0x6820, 0x7820, 0xA060, 0xC080, 0xC880, 0xB840, 0xA820, 0x9020, 0x8000, 0x6800, 0x5000, 0x4000, 0x4800, 0x5020, 0x5020, 0x4020,
  0x3000, 0x2000, 0x1000, 0x1000, 0x1000, 0x1000, 0x1000, 0x1000, 0x1000, 0x1800, 0x2000, 0x2000, 0x2800, 0x2800, 0x2800, 0x3000,
  0x3000, 0x3000, 0x3000, 0x3000, 0x3000, 0x3000, 0x2800, 0x1800, 0x1000, 0x0800, 0x0800, 0x1800, 0x2800, 0x3000, 0x3000, 0x2800,
  0x2800, 0x2000, 0x2000, 0x2820, 0x2841, 0x2841, 0x2841, 0x2861, 0x4000, 0x3000, 0x2000, 0x2000, 0x2000, 0x2800, 0x2800, 0x2800,
  0x6020, 0x8040, 0xB060, 0xC880, 0xC060, 0xB040, 0xA020, 0x9020, 0x7800, 0x6000, 0x4800, 0x3800, 0x3800, 0x3800, 0x3800, 0x2800,
  0x2000, 0x1800, 0x1000, 0x1800, 0x1800, 0x1000, 0x1000, 0x1000, 0x1800, 0x2000, 0x2800, 0x2800, 0x2800, 0x2800, 0x2800, 0x2800,
  0x2800, 0x3000, 0x3000, 0x3800, 0x3800, 0x3000, 0x2000, 0x1800, 0x0800, 0x0800, 0x0800, 0x1800, 0x2800, 0x3000, 0x3000, 0x2800,
  0x2800, 0x2800, 0x2820, 0x2820, 0x3040, 0x2841, 0x2041, 0x2841, 0x4800, 0x3000, 0x2800, 0x2000, 0x2000, 0x2000, 0x2000, 0x2000,
  0x6020, 0x9040, 0xB860, 0xC860, 0xB840, 0xA820, 0x9820, 0x8820, 0x7000, 0x5800, 0x4000, 0x3000, 0x2800, 0x2800, 0x2000, 0x2000,
  0x1800, 0x1800, 0x1800, 0x2000, 0x1800, 0x1800, 0x1000, 0x1800, 0x1800, 0x2000, 0x2800, 0x3000, 0x3000, 0x3000, 0x3800, 0x3800,
  0x3800, 0x3800, 0x3800, 0x3800, 0x3800, 0x3000, 0x2000, 0x1000, 0x0800, 0x0800, 0x1000, 0x1800, 0x2000, 0x2800, 0x2800, 0x3000,
  0x3020, 0x3020, 0x2800, 0x3020, 0x3041, 0x3041, 0x2841, 0x3061, 0x4800, 0x4000, 0x3000, 0x2800, 0x2000, 0x2000, 0x1800, 0x2000,
  0x7020, 0xA040, 0xC060, 0xC040, 0xB040, 0xA020, 0x9020, 0x8020, 0x7000, 0x5800, 0x3800, 0x2800, 0x2000, 0x2000, 0x1800, 0x1800,
  0x1800, 0x2000, 0x2000, 0x2800, 0x2000, 0x1800, 0x1800, 0x1800, 0x1800, 0x2000, 0x3000, 0x3800, 0x4000, 0x4800, 0x4800, 0x4800,
  0x4800, 0x4000, 0x4000, 0x4000, 0x3800, 0x2800, 0x2000, 0x1000, 0x0800, 0x0800, 0x1000, 0x2000, 0x2800, 0x2800, 0x2800, 0x2800,
  0x2800, 0x2800, 0x3020, 0x3020, 0x3861, 0x3061, 0x3061, 0x3882, 0x4800, 0x4000, 0x3800, 0x2800, 0x2000, 0x1800, 0x1800, 0x1800,
  0x8020, 0xA840, 0xB840, 0xB040, 0xA040, 0x9840, 0x8840, 0x8020, 0x7020, 0x5800, 0x3800, 0x2800, 0x2000, 0x1800, 0x1800, 0x2000,
  0x2000, 0x2800, 0x3000, 0x3000, 0x2800, 0x2000, 0x1800, 0x1000, 0x1800, 0x2000, 0x3000, 0x4000, 0x5000, 0x5800, 0x6000, 0x5800,
  0x5800, 0x5000, 0x4800, 0x4000, 0x3800, 0x2800, 0x1800, 0x1000, 0x0800, 0x0800, 0x1000, 0x2000, 0x2800, 0x2800, 0x2000, 0x2000,
  0x2800, 0x2800, 0x2820, 0x3041, 0x3882, 0x3082, 0x3082, 0x38A2, 0x40E3, 0x4000, 0x3000, 0x2800, 0x2000, 0x1800, 0x1800, 0x1800,
  0x9040, 0xA840, 0xB040, 0xA020, 0x9840, 0x9040, 0x8840, 0x8020, 0x7020, 0x5800, 0x4000, 0x3000, 0x2800, 0x2000, 0x2800, 0x3000,
  0x3800, 0x4000, 0x4000, 0x4000, 0x3000, 0x1800, 0x1000, 0x1000, 0x1000, 0x2000, 0x3000, 0x4800, 0x6000, 0x6800, 0x6800, 0x6800,
  0x6000, 0x5000, 0x4800, 0x4000, 0x3000, 0x2000, 0x1800, 0x1000, 0x0800, 0x0800, 0x1000, 0x2000, 0x2800, 0x2800, 0x2800, 0x2000,
  0x2000, 0x2000, 0x2820, 0x2841, 0x3081, 0x3082, 0x3082, 0x3082, 0x5800, 0x4800, 0x3800, 0x3000, 0x2800, 0x2800, 0x2000, 0x2000,
  0x9040, 0xA040, 0xA020, 0x9020, 0x8840, 0x9040, 0x9040, 0x8820, 0x7800, 0x6000, 0x4800, 0x3800, 0x3800, 0x3800, 0x4000, 0x4800,
  0x5000, 0x5000, 0x5000, 0x4000, 0x2800, 0x1800, 0x1000, 0x1000, 0x1000, 0x2000, 0x3800, 0x5000, 0x6000, 0x6800, 0x6800, 0x6800,
  0x6000, 0x5000, 0x4800, 0x3800, 0x3000, 0x2000, 0x1800, 0x1000, 0x0800, 0x0800, 0x1000, 0x2000, 0x2800, 0x2800, 0x2800, 0x2800,
  0x2800, 0x2820, 0x2820, 0x2840, 0x2861, 0x3061, 0x3082, 0x3082, 0x3082, 0x5800, 0x4000, 0x3800, 0x3000, 0x3000, 0x2800, 0x2000,
  0x8840, 0x9040, 0x8820, 0x8020, 0x8840, 0x9041, 0x9020, 0x8820, 0x7800, 0x6000, 0x5000, 0x4800, 0x4800, 0x5000, 0x6000, 0x6000,
  0x6000, 0x6000, 0x5000, 0x3800, 0x2000, 0x1000, 0x1000, 0x1000, 0x1800, 0x2800, 0x3800, 0x5000, 0x6000, 0x6000, 0x6000, 0x6000,
  0x5800, 0x5000, 0x4000, 0x3800, 0x2800, 0x1800, 0x1000, 0x0800, 0x0800, 0x0800, 0x1800, 0x2000, 0x2800, 0x2800, 0x2800, 0x2820,
  0x2820, 0x3020, 0x3020, 0x3040, 0x3041, 0x3061, 0x3082, 0x3882, 0x8820, 0x6800, 0x4800, 0x3800, 0x3000, 0x3000, 0x2800, 0x2000,
  0x8040, 0x8020, 0x7820, 0x8040, 0x9040, 0x9040, 0x9020, 0x8000, 0x7800, 0x6800, 0x6000, 0x6000, 0x6800, 0x7000, 0x7800, 0x7800,
  0x7000, 0x6000, 0x4800, 0x3000, 0x1800, 0x1000, 0x1000, 0x1000, 0x1800, 0x3000, 0x4000, 0x5000, 0x5800, 0x5800, 0x6000, 0x5800,
  0x5800, 0x5000, 0x4000, 0x3000, 0x2000, 0x1800, 0x1000, 0x0800, 0x0800, 0x1000, 0x1800, 0x2800, 0x3000, 0x2800, 0x2820, 0x2820,
  0x3020, 0x3020, 0x3820, 0x3841, 0x3861, 0x3061, 0x3062, 0x3082, 0x2882, 0x9020, 0x6000, 0x4000, 0x3000, 0x2000, 0x2000, 0x2000,
  0x6820, 0x7020, 0x7820, 0x8840, 0x9040, 0x9020, 0x8800, 0x8000, 0x7800, 0x7000, 0x7000, 0x7800, 0x8000, 0x8000, 0x8000, 0x8000,
  0x7000, 0x5800, 0x4000, 0x2800, 0x1800, 0x1000, 0x1000, 0x1800, 0x2000, 0x3000, 0x4000, 0x5000, 0x5000, 0x5800, 0x5800, 0x6000,
  0x5800, 0x5000, 0x4000, 0x3000, 0x2000, 0x1800, 0x1000, 0x0800, 0x0800, 0x1000, 0x2000, 0x3000, 0x3000, 0x3000, 0x2820, 0x2820,
  0x2820, 0x3020, 0x3840, 0x3841, 0x3861, 0x3061, 0x2861, 0x2061, 0x2062, 0x9840, 0x7000, 0x4800, 0x3000, 0x2000, 0x2000, 0x2000,
  0x5820, 0x6820, 0x7820, 0x8840, 0x9020, 0x8800, 0x8000, 0x7800, 0x7800, 0x7800, 0x8000, 0x8800, 0x8800, 0x9000, 0x8800, 0x7800,
  0x6000, 0x4800, 0x3000, 0x2000, 0x1000, 0x1000, 0x1000, 0x2000, 0x2800, 0x3800, 0x4000, 0x4800, 0x5000, 0x5800, 0x6000, 0x6000,
  0x6000, 0x5800, 0x4800, 0x3800, 0x2800, 0x1800, 0x1000, 0x1000, 0x1000, 0x1800, 0x2000, 0x3000, 0x3000, 0x3000, 0x2800, 0x2820,
  0x2820, 0x2820, 0x3020, 0x3041, 0x3041, 0x3041, 0x2861, 0x2841, 0x2861, 0x7000, 0x5800, 0x4000, 0x3000, 0x2800, 0x2000, 0x2000,
  0x5020, 0x6820, 0x8020, 0x8820, 0x8800, 0x8000, 0x7800, 0x7800, 0x8000, 0x8800, 0x9000, 0x9000, 0x9000, 0x9000, 0x8000, 0x7000,
  0x5000, 0x3800, 0x2000, 0x1800, 0x1000, 0x1800, 0x1800, 0x2800, 0x3000, 0x4000, 0x4800, 0x5000, 0x5800, 0x6000, 0x6800, 0x7000,
  0x6800, 0x6000, 0x5000, 0x4000, 0x2800, 0x1800, 0x1000, 0x1000, 0x1000, 0x1800, 0x2800, 0x3000, 0x3000, 0x3020, 0x3020, 0x2820,
  0x2820, 0x2820, 0x3020, 0x3020, 0x3041, 0x3861, 0x3882, 0x38A2, 0x2882, 0x6000, 0x4800, 0x3000, 0x3000, 0x2800, 0x2000, 0x2000,
  0x5020, 0x7020, 0x8020, 0x8800, 0x8000, 0x7800, 0x7800, 0x7800, 0x8000, 0x8800, 0x9000, 0x9800, 0x9800, 0x9000, 0x7800, 0x5800,
  0x4000, 0x2800, 0x1800, 0x1000, 0x1800, 0x1800, 0x2800, 0x3000, 0x4000, 0x4800, 0x5000, 0x5800, 0x6000, 0x7000, 0x7800, 0x7800,
  0x7000, 0x6800, 0x5800, 0x4000, 0x2800, 0x2000, 0x1000, 0x1000, 0x1000, 0x1800, 0x2800, 0x3000, 0x3000, 0x3020, 0x3020, 0x2820,
  0x2820, 0x3020, 0x3020, 0x3041, 0x3861, 0x40C2, 0x4904, 0x4904, 0x38C3, 0x30A2, 0x4000, 0x3000, 0x2800, 0x2800, 0x2000, 0x2000,
  0x5820, 0x7020, 0x7820, 0x7800, 0x7800, 0x7800, 0x7800, 0x8000, 0x8800, 0x9000, 0x9800, 0x9800, 0x9800, 0x8000, 0x6800, 0x4800,
  0x2800, 0x1800, 0x1000, 0x1000, 0x1800, 0x2000, 0x3000, 0x4000, 0x5000, 0x5800, 0x6000, 0x6800, 0x7000, 0x7800, 0x7800, 0x7800,
  0x7000, 0x6000, 0x5000, 0x4000, 0x3000, 0x2000, 0x1800, 0x1000, 0x1000, 0x2000, 0x2800, 0x3000, 0x3000, 0x2820, 0x2820, 0x2820,
  0x2820, 0x3020, 0x3841, 0x3861, 0x3882, 0x40C3, 0x4924, 0xA020, 0x38E3, 0x6000, 0x4000, 0x3000, 0x2800, 0x2000, 0x2000, 0x2000,
  0x5820, 0x6800, 0x7000, 0x7000, 0x7800, 0x7800, 0x7800, 0x8000, 0x8800, 0x9000, 0x9800, 0xA000, 0x9000, 0x7800, 0x5000, 0x3000,
  0x2000, 0x1800, 0x1000, 0x1800, 0x2000, 0x3000, 0x4000, 0x5000, 0x6000, 0x6800, 0x6800, 0x7000, 0x7800, 0x8000, 0x7800, 0x7000,
  0x6800, 0x5800, 0x4800, 0x3800, 0x2800, 0x2000, 0x1800, 0x1000, 0x1800, 0x2000, 0x3000, 0x3000, 0x2800, 0x2820, 0x2820, 0x2820,
  0x2820, 0x2841, 0x3061, 0x3061, 0x3081, 0x3082, 0x38C3, 0x40E3, 0x40C3, 0x38A3, 0x4000, 0x3000, 0x2800, 0x2800, 0x2000, 0x2000,
  0x5000, 0x6000, 0x6800, 0x7000, 0x7800, 0x7800, 0x7800, 0x8000, 0x8800, 0x9800, 0xA000, 0x9800, 0x8000, 0x6000, 0x3800, 0x2000,
  0x1800, 0x1800, 0x1800, 0x1800, 0x2800, 0x3800, 0x4800, 0x5800, 0x6000, 0x6800, 0x7000, 0x7800, 0x7800, 0x7800, 0x7000, 0x6800,
  0x5800, 0x5000, 0x4000, 0x3000, 0x2800, 0x1800, 0x1000, 0x1000, 0x1800, 0x2800, 0x3000, 0x3000, 0x3000, 0x2820, 0x2820, 0x2820,
  0x2020, 0x2820, 0x2841, 0x2841, 0x2041, 0x2061, 0x2882, 0x38C3, 0x40C3, 0x38C3, 0x4800, 0x3800, 0x3000, 0x3000, 0x2800, 0x2000,
  0x4800, 0x5800, 0x6000, 0x7000, 0x7000, 0x7000, 0x7800, 0x8000, 0x8800, 0x9800, 0x9800, 0x8800, 0x6800, 0x4800, 0x2800, 0x1800,
  0x1800, 0x1800, 0x1800, 0x1800, 0x2800, 0x3800, 0x4800, 0x5800, 0x6000, 0x6800, 0x6800, 0x6800, 0x6800, 0x6000, 0x5800, 0x5000,
  0x4800, 0x4000, 0x3800, 0x2800, 0x2000, 0x1800, 0x1000, 0x1000, 0x1800, 0x2800, 0x3000, 0x3000, 0x3000, 0x3020, 0x2820, 0x2820,
  0x2020, 0x2020, 0x2020, 0x2841, 0x2841, 0x2861, 0x2882, 0x30A3, 0x38C3, 0x38E3, 0x4800, 0x3800, 0x3000, 0x3000, 0x2800, 0x2000,
  0x4000, 0x5000, 0x6000, 0x6800, 0x6800, 0x6800, 0x7000, 0x8000, 0x9000, 0x9000, 0x8800, 0x7000, 0x5000, 0x3000, 0x2000, 0x1800,
  0x1000, 0x1800, 0x1800, 0x1800, 0x2800, 0x3000, 0x4000, 0x5000, 0x5800, 0x5800, 0x5800, 0x5800, 0x5800, 0x5000, 0x4800, 0x4000,
  0x3800, 0x3000, 0x2800, 0x2000, 0x1800, 0x1000, 0x1000, 0x1000, 0x1800, 0x2800, 0x3000, 0x3000, 0x3000, 0x3000, 0x2820, 0x2000,
  0x2020, 0x2020, 0x2820, 0x3041, 0x3041, 0x3061, 0x3882, 0x38A3, 0x38C3, 0x38C3, 0x3800, 0x2800, 0x2000, 0x2000, 0x2000, 0x2000,
  0x3800, 0x4800, 0x5800, 0x6000, 0x6000, 0x6800, 0x7000, 0x8000, 0x8800, 0x8800, 0x7000, 0x5000, 0x3800, 0x2000, 0x1800, 0x1000,
  0x1000, 0x1000, 0x1800, 0x1800, 0x2000, 0x2800, 0x3800, 0x4000, 0x4000, 0x4800, 0x4800, 0x5000, 0x5000, 0x4800, 0x4800, 0x4000,
  0x3800, 0x3000, 0x2800, 0x1800, 0x1000, 0x1000, 0x1000, 0x1000, 0x1800, 0x2800, 0x3000, 0x3000, 0x2800, 0x2800, 0x2800, 0x2000,
  0x2000, 0x2020, 0x2020, 0x2841, 0x3061, 0x3882, 0x40A2, 0x40C3, 0x38C3, 0x38C3, 0x2000, 0x2000, 0x1800, 0x1800, 0x1800, 0x1800,
  0x3000, 0x4000, 0x4800, 0x5000, 0x5800, 0x6800, 0x7800, 0x8000, 0x8000, 0x7000, 0x5000, 0x3800, 0x2000, 0x1800, 0x1000, 0x1000,
  0x1000, 0x1000, 0x1000, 0x1800, 0x1800, 0x2000, 0x2800, 0x3000, 0x3800, 0x4000, 0x4800, 0x5000, 0x5800, 0x5800, 0x5000, 0x4800,
  0x3800, 0x3000, 0x2800, 0x1800, 0x1000, 0x1000, 0x1000, 0x1000, 0x2000, 0x2800, 0x2800, 0x2800, 0x2800, 0x2800, 0x2800, 0x2820,
  0x2020, 0x2020, 0x2020, 0x2820, 0x3041, 0x3881, 0x40C3, 0x40E4, 0x4104, 0x3904, 0x2000, 0x1800, 0x1800, 0x1800, 0x1800, 0x1800,
  0x2800, 0x3000, 0x4000, 0x4800, 0x5800, 0x6800, 0x7800, 0x7800, 0x6800, 0x5000, 0x3800, 0x2000, 0x1800, 0x1000, 0x1000, 0x1000,
  0x1000, 0x1000, 0x1000, 0x1000, 0x1800, 0x1800, 0x2800, 0x3000, 0x4000, 0x5000, 0x5800, 0x6000, 0x6800, 0x6000, 0x5800, 0x4800,
  0x4000, 0x3000, 0x2000, 0x1800, 0x1000, 0x1000, 0x1000, 0x1000, 0x2000, 0x2800, 0x2800, 0x2800, 0x2800, 0x2820, 0x3020, 0x3020,
  0x2820, 0x2820, 0x2820, 0x2820, 0x3041, 0x3861, 0x40C3, 0x4104, 0x4124, 0x3904, 0x2000, 0x1800, 0x1800, 0x1800, 0x1800, 0x1800,
  0x2000, 0x2800, 0x3800, 0x4800, 0x6000, 0x7000, 0x7000, 0x6000, 0x4800, 0x3000, 0x2000, 0x1000, 0x1000, 0x1000, 0x1000, 0x1000,
  0x1000, 0x1000, 0x1000, 0x1000, 0x1800, 0x2000, 0x2800, 0x3800, 0x4800, 0x5800, 0x6800, 0x6800, 0x6800, 0x6000, 0x5800, 0x4800,
  0x3800, 0x2800, 0x2000, 0x1800, 0x1000, 0x0800, 0x0800, 0x1000, 0x2000, 0x2000, 0x2000, 0x2000, 0x2800, 0x3020, 0x3020, 0x3020,
  0x3020, 0x2820, 0x3020, 0x3040, 0x3841, 0x4082, 0x40C3, 0x40E3, 0x38E4, 0x2800, 0x2000, 0x1800, 0x1800, 0x1800, 0x1800, 0x1800,
  0x1800, 0x2000, 0x3800, 0x4800, 0x6000, 0x6000, 0x5800, 0x4000, 0x2800, 0x1800, 0x1000, 0x1000, 0x1000, 0x1000, 0x1000, 0x1000,
  0x1000, 0x1000, 0x1000, 0x1000, 0x1800, 0x2000, 0x3000, 0x3800, 0x4800, 0x5800, 0x6000, 0x6000, 0x6000, 0x5800, 0x4800, 0x4000,
  0x3000, 0x2000, 0x1800, 0x1000, 0x0800, 0x0800, 0x1000, 0x1800, 0x2000, 0x2820, 0x2800, 0x2800, 0x2800, 0x3020, 0x3020, 0x3020,
  0x2820, 0x2820, 0x3020, 0x3841, 0x4081, 0x40A2, 0x40C3, 0x40E3, 0x38E3, 0x40E4, 0x3000, 0x2000, 0x1800, 0x1800, 0x1800, 0x1800,
  0x1800, 0x2800, 0x3800, 0x4800, 0x5000, 0x4800, 0x3800, 0x2800, 0x1800, 0x1000, 0x1000, 0x1000, 0x1000, 0x1000, 0x1000, 0x1000,
  0x1000, 0x1000, 0x1000, 0x1000, 0x1800, 0x2000, 0x2800, 0x3800, 0x4000, 0x5000, 0x5000, 0x5000, 0x5000, 0x4800, 0x4000, 0x3000,
  0x2800, 0x2000, 0x1800, 0x1000, 0x0800, 0x0800, 0x1000, 0x1800, 0x2800, 0x2820, 0x2800, 0x2800, 0x2800, 0x3020, 0x3020, 0x2820,
  0x2820, 0x2820, 0x3020, 0x3041, 0x3881, 0x38A2, 0x38C3, 0x38C3, 0x40E4, 0x5000, 0x4000, 0x3000, 0x2800, 0x2000, 0x2000, 0x2000,
  0x1800, 0x2800, 0x3000, 0x3800, 0x3800, 0x3000, 0x2000, 0x1800, 0x1000, 0x1000, 0x1000, 0x1000, 0x1000, 0x1000, 0x1000, 0x1000,
  0x1000, 0x1000, 0x1000, 0x1000, 0x1000, 0x1800, 0x2000, 0x2800, 0x3800, 0x4000, 0x4000, 0x4000, 0x4000, 0x3800, 0x3000, 0x2800,
  0x2000, 0x1800, 0x1000, 0x1000, 0x0800, 0x1000, 0x1000, 0x2000, 0x2800, 0x3020, 0x3020, 0x3000, 0x3000, 0x3000, 0x3020, 0x3020,
  0x2820, 0x2820, 0x2820, 0x2841, 0x3041, 0x3061, 0x3082, 0x38C3, 0x4104, 0x5000, 0x4000, 0x3800, 0x3000, 0x2800, 0x2000, 0x2000,
  0x1800, 0x2000, 0x2800, 0x2800, 0x2000, 0x1800, 0x1800, 0x1000, 0x1000, 0x1000, 0x1000, 0x1000, 0x1000, 0x1000, 0x1000, 0x0800,
  0x0800, 0x0800, 0x0800, 0x1000, 0x1000, 0x1000, 0x1800, 0x2000, 0x2800, 0x3000, 0x3000, 0x3000, 0x3000, 0x3000, 0x2800, 0x2000,
  0x2000, 0x1800, 0x1000, 0x1000, 0x0800, 0x1000, 0x1800, 0x2000, 0x2800, 0x3000, 0x3000, 0x3000, 0x3000, 0x3800, 0x3820, 0x3820,
  0x3020, 0x3020, 0x3020, 0x2841, 0x3061, 0x3061, 0x3082, 0x38C3, 0x4925, 0x5000, 0x4000, 0x3800, 0x3000, 0x2000, 0x2000, 0x2000,
  0x1000, 0x1800, 0x1800, 0x1800, 0x1000, 0x1000, 0x1000, 0x1000, 0x1000, 0x1000, 0x1000, 0x1000, 0x1000, 0x1000, 0x1000, 0x0800,
  0x0800, 0x0800, 0x0800, 0x0800, 0x0800, 0x1000, 0x1000, 0x1800, 0x2000, 0x2000, 0x2800, 0x2800, 0x2000, 0x2000, 0x2000, 0x1800,
  0x1800, 0x1000, 0x1000, 0x1000, 0x1000, 0x1000, 0x2000, 0x2800, 0x3020, 0x3000, 0x3000, 0x3000, 0x3800, 0x3820, 0x3820, 0x3820,
  0x3820, 0x3020, 0x3020, 0x3041, 0x3061, 0x3882, 0x38C3, 0x4124, 0x5186, 0x4800, 0x4000, 0x3800, 0x3000, 0x2000, 0x2000, 0x1800,
  0x0800, 0x1000, 0x1000, 0x1000, 0x1000, 0x1000, 0x1000, 0x1000, 0x1000, 0x1000, 0x1000, 0x1000, 0x1000, 0x1000, 0x0800, 0x0800,
  0x0800, 0x0800, 0x0800, 0x0800, 0x0800, 0x0800, 0x1000, 0x1000, 0x1800, 0x1800, 0x1800, 0x1800, 0x1800, 0x1800, 0x1800, 0x1800,
  0x1000, 0x1000, 0x0800, 0x0800, 0x1000, 0x1800, 0x2800, 0x3020, 0x3020, 0x3020, 0x3000, 0x3000, 0x3000, 0x3020, 0x3820, 0x3020,
  0x3020, 0x3020, 0x2840, 0x2841, 0x3061, 0x38A2, 0x38C3, 0x4124, 0x4986, 0x4000, 0x3800, 0x3800, 0x2800, 0x2000, 0x1800, 0x1800,
  0x0800, 0x0800, 0x0800, 0x0800, 0x0800, 0x0800, 0x1000, 0x1000, 0x1000, 0x1000, 0x1000, 0x1000, 0x1000, 0x1000, 0x0800, 0x0800,
  0x0800, 0x0800, 0x0800, 0x0800, 0x0800, 0x0800, 0x1000, 0x1000, 0x1000, 0x1000, 0x1000, 0x1000, 0x1000, 0x1000, 0x1000, 0x1000,
  0x1000, 0x0800, 0x0800, 0x0800, 0x1000, 0x2000, 0x2820, 0x3020, 0x3020, 0x3000, 0x3000, 0x3000, 0x3000, 0x3020, 0x3020, 0x2820,
  0x2820, 0x2820, 0x2820, 0x2841, 0x2841, 0x3062, 0x30A2, 0x38C3, 0x4104, 0x3000, 0x3000, 0x2800, 0x2000, 0x1800, 0x1800, 0x1800,
  0x0000, 0x0000, 0x0800, 0x0800, 0x0800, 0x0800, 0x1000, 0x1000, 0x1000, 0x1000, 0x1000, 0x1000, 0x1000, 0x1000, 0x1000, 0x0800,
  0x0800, 0x0800, 0x0800, 0x0800, 0x0800, 0x0800, 0x1000, 0x1000, 0x1000, 0x1000, 0x1000, 0x1000, 0x1000, 0x1000, 0x1000, 0x1000,
  0x0800, 0x0800, 0x0800, 0x1000, 0x1800, 0x2000, 0x2800, 0x3000, 0x3000, 0x3000, 0x3000, 0x2800, 0x3020, 0x3020, 0x3020, 0x2820,
  0x2820, 0x2820, 0x2820, 0x2820, 0x3041, 0x3061, 0x3082, 0x3082, 0x4000, 0x3000, 0x2000, 0x2000, 0x1800, 0x1000, 0x1000, 0x1800,
  0x0841, 0x0841, 0x0841, 0x0820, 0x1000, 0x1000, 0x1000, 0x1000, 0x1800, 0x1000, 0x1000, 0x1000, 0x1000, 0x1000, 0x0800, 0x0800,
  0x0800, 0x0800, 0x0800, 0x1000, 0x1000, 0x1000, 0x1000, 0x1000, 0x1000, 0x1000, 0x1800, 0x1800, 0x1800, 0x1800, 0x1800, 0x1000,
  0x1000, 0x0800, 0x0800, 0x1000, 0x1800, 0x2000, 0x2800, 0x3000, 0x3000, 0x2800, 0x2800, 0x2800, 0x3020, 0x3020, 0x3020, 0x3020,
  0x3020, 0x3020, 0x3020, 0x3041, 0x3061, 0x3061, 0x3082, 0x3082, 0x28A2, 0x3000, 0x2800, 0x2000, 0x1800, 0x1000, 0x1000, 0x1000,
  0x18A3, 0x1882, 0x1041, 0x1020, 0x1000, 0x1800, 0x1800, 0x1800, 0x1800, 0x1800, 0x1800, 0x1000, 0x1000, 0x0800, 0x0800, 0x0800,
  0x0800, 0x1000, 0x1000, 0x1000, 0x1800, 0x1800, 0x2000, 0x2000, 0x2000, 0x2000, 0x2800, 0x2000, 0x2000, 0x2000, 0x1800, 0x1000,
  0x1000, 0x1000, 0x1000, 0x1800, 0x2000, 0x2800, 0x3000, 0x3000, 0x3000, 0x2800, 0x2800, 0x3000, 0x3020, 0x3020, 0x3020, 0x3020,
  0x3020, 0x3020, 0x3041, 0x3041, 0x3061, 0x3062, 0x2862, 0x2862, 0x4800, 0x3800, 0x3000, 0x2800, 0x2000, 0x1800, 0x1000, 0x1800,
  0x28C3, 0x2061, 0x1820, 0x2000, 0x2000, 0x2000, 0x2000, 0x2000, 0x2000, 0x1800, 0x1800, 0x1000, 0x1000, 0x0800, 0x0800, 0x1000,
  0x1000, 0x1800, 0x2000, 0x2800, 0x2800, 0x3000, 0x3000, 0x3000, 0x3000, 0x3000, 0x3000, 0x2800, 0x2800, 0x2000, 0x1800, 0x1000,
  0x1000, 0x1000, 0x1000, 0x1800, 0x2000, 0x3000, 0x3000, 0x3000, 0x3000, 0x3000, 0x3020, 0x3020, 0x3020, 0x2800, 0x2800, 0x2820,
  0x2820, 0x2820, 0x2820, 0x2841, 0x2841, 0x2861, 0x2861, 0x2061, 0x2061, 0x3800, 0x2800, 0x2000, 0x2000, 0x1800, 0x1800, 0x1800,
  0x3082, 0x2821, 0x2800, 0x2800, 0x2800, 0x2800, 0x3000, 0x2800, 0x2800, 0x2000, 0x1800, 0x1000, 0x1000, 0x1000, 0x1000, 0x1800,
  0x2000, 0x2800, 0x3800, 0x3800, 0x4000, 0x4000, 0x4000, 0x4000, 0x4000, 0x3800, 0x3000, 0x2800, 0x2000, 0x1800, 0x1000, 0x1000,
  0x0800, 0x1000, 0x1000, 0x1800, 0x2800, 0x3020, 0x3820, 0x3820, 0x3820, 0x3020, 0x3020, 0x3020, 0x3020, 0x2820, 0x2820, 0x2820,
  0x2020, 0x2020, 0x2020, 0x2020, 0x2021, 0x2841, 0x2841, 0x2861, 0x3800, 0x3000, 0x2800, 0x2000, 0x1800, 0x1800, 0x1800, 0x2000,
  0x5A09, 0x4925, 0x3882, 0x3020, 0x3000, 0x3000, 0x3800, 0x3800, 0x4000, 0x3800, 0x3000, 0x2800, 0x2000, 0x1800, 0x1000, 0x1800,
  0x1800, 0x2800, 0x3000, 0x4000, 0x4800, 0x4800, 0x4800, 0x4800, 0x4800, 0x4000, 0x3800, 0x3000, 0x2800, 0x2000, 0x1800, 0x1000,
  0x0800, 0x0800, 0x0800, 0x1000, 0x1800, 0x2800, 0x3020, 0x3820, 0x3820, 0x3820, 0x3020, 0x3020, 0x3020, 0x2820, 0x2820, 0x2820,
  0x2000, 0x2000, 0x1800, 0x2000, 0x2020, 0x2841, 0x3061, 0x3082, 0x30A3, 0x2800, 0x2000, 0x1800, 0x1800, 0x1000, 0x1800, 0x2020,
  0xF4A3, 0xFC43, 0x61E8, 0x4904, 0x4061, 0x3820, 0x3800, 0x4000, 0x4800, 0x4800, 0x4800, 0x4800, 0x3800, 0x2800, 0x2000, 0x1800,
  0x1800, 0x2000, 0x2800, 0x3000, 0x3800, 0x4000, 0x4800, 0x4800, 0x4800, 0x4000, 0x4000, 0x3800, 0x2800, 0x2000, 0x1800, 0x1000,
  0x1000, 0x0800, 0x0800, 0x0800, 0x1000, 0x1800, 0x2800, 0x3020, 0x3020, 0x3020, 0x3020, 0x3020, 0x2820, 0x2820, 0x2820, 0x2020,
  0x2000, 0x1800, 0x1800, 0x1800, 0x2020, 0x2821, 0x2861, 0x3082, 0x30A3, 0x2800, 0x2000, 0x1800, 0x1800, 0x1000, 0x1800, 0x2820,
  0xF483, 0xFC03, 0xFB62, 0xFB83, 0x5986, 0x48A3, 0x4041, 0x4000, 0x4000, 0x4800, 0x5000, 0x5800, 0x5000, 0x4800, 0x3800, 0x2800,
  0x2000, 0x1800, 0x1800, 0x2000, 0x2800, 0x3000, 0x3800, 0x4000, 0x4800, 0x4800, 0x4000, 0x3800, 0x3000, 0x2800, 0x2000, 0x1800,
  0x1800, 0x1000, 0x0800, 0x0800, 0x0800, 0x1000, 0x1800, 0x2800, 0x3020, 0x3020, 0x3000, 0x3020, 0x2820, 0x2820, 0x2820, 0x2800,
  0x2000, 0x2000, 0x2020, 0x2020, 0x2020, 0x2820, 0x2841, 0x2841, 0x2862, 0x2882, 0x2800, 0x2000, 0x1800, 0x1800, 0x1800, 0x2840,
  0xF464, 0xFBE3, 0xFBA3, 0xFBA3, 0xFB43, 0x6A08, 0x5104, 0x4861, 0x4820, 0x4800, 0x4800, 0x5000, 0x5800, 0x5000, 0x4800, 0x3800,
  0x2800, 0x2000, 0x1800, 0x1800, 0x1800, 0x2000, 0x2800, 0x3000, 0x3800, 0x4000, 0x4000, 0x4000, 0x3800, 0x3800, 0x3000, 0x2800,
  0x2000, 0x1800, 0x1000, 0x1000, 0x0800, 0x0800, 0x1000, 0x1800, 0x2800, 0x3000, 0x3000, 0x3000, 0x2800, 0x2800, 0x2800, 0x2800,
  0x2820, 0x2820, 0x2820, 0x2820, 0x2820, 0x2820, 0x3020, 0x3021, 0x3041, 0x3062, 0x3000, 0x2800, 0x2000, 0x1800, 0x2000, 0x3040,
  0xF444, 0xFC04, 0xFBE4, 0xFB84, 0xF2E2, 0xF282, 0x726A, 0x5945, 0x5082, 0x4820, 0x4800, 0x4800, 0x5000, 0x5000, 0x4800, 0x4000,
  0x3000, 0x2800, 0x2000, 0x1800, 0x1800, 0x1800, 0x1800, 0x2000, 0x2800, 0x3000, 0x3800, 0x4000, 0x4000, 0x3800, 0x3800, 0x3000,
  0x2800, 0x2000, 0x1800, 0x1000, 0x1000, 0x0800, 0x1000, 0x1000, 0x2000, 0x2800, 0x2820, 0x2820, 0x2820, 0x2800, 0x2800, 0x3000,
  0x3000, 0x3020, 0x3020, 0x3020, 0x3020, 0x3020, 0x3820, 0x3820, 0x3841, 0x3862, 0x3000, 0x2800, 0x2000, 0x2000, 0x2000, 0x3060,
  0xF445, 0xFC45, 0xFC05, 0xFB43, 0xF2C2, 0xF2C2, 0xF342, 0xF3A3, 0x6186, 0x50A3, 0x4821, 0x4000, 0x4000, 0x4000, 0x4000, 0x4000,
  0x3800, 0x2800, 0x2000, 0x2000, 0x1800, 0x1800, 0x1800, 0x1800, 0x2000, 0x2800, 0x3000, 0x3800, 0x3800, 0x3800, 0x3800, 0x3000,
  0x2800, 0x2800, 0x2000, 0x1800, 0x1000, 0x1000, 0x0800, 0x1000, 0x1000, 0x2000, 0x2000, 0x2820, 0x2820, 0x2820, 0x2800, 0x2800,
  0x3020, 0x3020, 0x3020, 0x3020, 0x3020, 0x3020, 0x3820, 0x4020, 0x4061, 0x4082, 0x3000, 0x2800, 0x2000, 0x1800, 0x2000, 0x3061,
  0xF486, 0xFC86, 0xFC05, 0xFB43, 0xF302, 0xF342, 0xEB62, 0xE323, 0xCA82, 0x69C7, 0x50C3, 0x4841, 0x4000, 0x4000, 0x3800, 0x3800,
  0x3000, 0x2800, 0x2800, 0x2000, 0x1800, 0x1800, 0x1800, 0x1800, 0x1800, 0x1800, 0x2000, 0x2800, 0x3000, 0x3000, 0x3000, 0x3000,
  0x2800, 0x2800, 0x2000, 0x1800, 0x1000, 0x1000, 0x0800, 0x0800, 0x1000, 0x1800, 0x2000, 0x2820, 0x2820, 0x2820, 0x2820, 0x2820,
  0x3020, 0x3020, 0x3020, 0x3020, 0x3020, 0x3020, 0x3820, 0x3820, 0x4061, 0x48A2, 0x48E3, 0x2800, 0x2000, 0x1800, 0x2020, 0x3881,
  0xF4C7, 0xFCA6, 0xFBC4, 0xFB63, 0xF383, 0xEB43, 0xDAE2, 0xCA42, 0xB181, 0xA121, 0x6A08, 0x50E4, 0x4041, 0x3800, 0x3800, 0x3000,
  0x2800, 0x2800, 0x2000, 0x2000, 0x2000, 0x1800, 0x1800, 0x1800, 0x1800, 0x1800, 0x1800, 0x2000, 0x2800, 0x2800, 0x2800, 0x2800,
  0x2800, 0x2000, 0x2000, 0x1800, 0x1000, 0x1000, 0x0800, 0x0800, 0x0800, 0x1000, 0x1800, 0x2820, 0x2820, 0x2820, 0x2820, 0x2820,
  0x2820, 0x2820, 0x2820, 0x2820, 0x2820, 0x2841, 0x3040, 0x3040, 0x3841, 0x3882, 0x40C3, 0x2800, 0x2000, 0x1800, 0x2840, 0x2840,
  0xECC7, 0xFC45, 0xFBE3, 0xFBC3, 0xF383, 0xE2E2, 0xCA21, 0xB181, 0xA961, 0xB1A1, 0xBA22, 0x6A08, 0x50E4, 0x4041, 0x3800, 0x3000,
  0x2800, 0x2000, 0x2000, 0x2000, 0x2000, 0x1800, 0x1800, 0x1800, 0x1800, 0x1800, 0x1800, 0x1800, 0x2000, 0x2000, 0x2000, 0x2000,
  0x2000, 0x2000, 0x2000, 0x1800, 0x1000, 0x1000, 0x0800, 0x0800, 0x0800, 0x1000, 0x1800, 0x2000, 0x2820, 0x3020, 0x3020, 0x2820,
  0x2820, 0x2820, 0x2820, 0x2820, 0x2840, 0x2841, 0x2841, 0x2841, 0x2841, 0x3041, 0x3082, 0x2000, 0x1800, 0x2000, 0x3060, 0x3060,
  0xEC86, 0xF424, 0xFC24, 0xF3E4, 0xE323, 0xCA22, 0xB9A1, 0xB1A1, 0xBA01, 0xCAA2, 0xDB44, 0xE344, 0x7228, 0x50E4, 0x4041, 0x3000,
  0x2800, 0x2000, 0x2000, 0x1800, 0x1800, 0x1800, 0x1800, 0x1800, 0x1800, 0x1800, 0x1800, 0x1800, 0x1800, 0x1800, 0x2000, 0x2000,
  0x2000, 0x2000, 0x2000, 0x1800, 0x1800, 0x1000, 0x1000, 0x0800, 0x0800, 0x0800, 0x1000, 0x2000, 0x2800, 0x3000, 0x3000, 0x3000,
  0x3000, 0x3000, 0x3000, 0x3020, 0x3020, 0x2841, 0x2841, 0x2841, 0x2820, 0x3041, 0x3861, 0x38A2, 0x1800, 0x2820, 0x3881, 0x3881,
  0xEC25, 0xF444, 0xF444, 0xEB83, 0xDA82, 0xCA01, 0xC1E1, 0xCA41, 0xDB02, 0xE3C4, 0xEC05, 0xF384, 0xEA82, 0x6A29, 0x5104, 0x3841,
  0x2800, 0x2000, 0x2000, 0x1800, 0x1800, 0x1800, 0x1800, 0x1800, 0x1800, 0x1800, 0x1800, 0x1800, 0x1800, 0x1800, 0x1800, 0x2000,
  0x2000, 0x2000, 0x2000, 0x1800, 0x1800, 0x1800, 0x1000, 0x1000, 0x0800, 0x0800, 0x1000, 0x1800, 0x2800, 0x3000, 0x3820, 0x3820,
  0x3000, 0x3000, 0x3000, 0x3000, 0x3020, 0x2820, 0x2020, 0x2020, 0x2820, 0x3041, 0x4061, 0x40A2, 0x2000, 0x2820, 0x2820, 0x2820,
  0xE424, 0xF464, 0xF424, 0xE322, 0xD282, 0xD261, 0xDAA1, 0xE322, 0xEBE3, 0xF445, 0xFC25, 0xFB43, 0xF242, 0xE981, 0x6A29, 0x48E4,
  0x3041, 0x2800, 0x2000, 0x1800, 0x1800, 0x1800, 0x1800, 0x1800, 0x1800, 0x1800, 0x1800, 0x1800, 0x1800, 0x1800, 0x2000, 0x2000,
  0x2000, 0x2000, 0x2000, 0x2000, 0x2000, 0x1800, 0x1800, 0x1000, 0x1000, 0x0800, 0x0800, 0x1000, 0x2000, 0x2800, 0x3820, 0x3820,
  0x3020, 0x2800, 0x2800, 0x2800, 0x2820, 0x2020, 0x1820, 0x2000, 0x2820, 0x3020, 0x4061, 0x4082, 0x48C3, 0x3040, 0x3040, 0x3040,
  0xE424, 0xF444, 0xEBA3, 0xE302, 0xE2E2, 0xE302, 0xEB42, 0xF3C3, 0xFC24, 0xFC24, 0xFBA3, 0xFAE2, 0xF221, 0xF181, 0xE8E0, 0x6208,
  0x40C3, 0x3041, 0x2000, 0x2000, 0x1800, 0x1800, 0x1800, 0x1800, 0x1800, 0x1800, 0x1800, 0x2000, 0x2000, 0x2000, 0x2000, 0x2800,
  0x2800, 0x2800, 0x2800, 0x2800, 0x2800, 0x2800, 0x2000, 0x1800, 0x1800, 0x1000, 0x1000, 0x1000, 0x1800, 0x2000, 0x3020, 0x3020,
  0x3020, 0x2820, 0x2000, 0x2000, 0x2000, 0x1800, 0x1800, 0x2000, 0x2820, 0x3020, 0x3841, 0x4061, 0x48A2, 0x3060, 0x3060, 0x3060,
  0xDC04, 0xEC03, 0xEB82, 0xEB62, 0xEB62, 0xF362, 0xF382, 0xFBC3, 0xFBC3, 0xFB62, 0xFAC2, 0xFA41, 0xF1E1, 0xF141, 0xE8A0, 0xD840,
  0x59E8, 0x40C3, 0x2841, 0x2000, 0x2000, 0x2000, 0x2000, 0x1800, 0x1800, 0x2000, 0x2000, 0x2800, 0x2800, 0x3000, 0x3000, 0x3000,
  0x3000, 0x3000, 0x3000, 0x3000, 0x3000, 0x3000, 0x2800, 0x2000, 0x1800, 0x1800, 0x1000, 0x1000, 0x1000, 0x1800, 0x2820, 0x3020,
  0x3020, 0x3020, 0x2800, 0x2000, 0x2000, 0x2000, 0x2820, 0x2820, 0x2820, 0x2820, 0x3020, 0x3841, 0x4082, 0x4082, 0x4082, 0x4082,
  0xDBC4, 0xEBA3, 0xEB83, 0xF383, 0xF362, 0xF342, 0xF322, 0xFB22, 0xFAE2, 0xFA61, 0xFA01, 0xF1C1, 0xF161, 0xE8E0, 0xE060, 0xD040,
  0xD040, 0x51A7, 0x38A2, 0x2820, 0x2000, 0x2000, 0x2000, 0x2000, 0x2000, 0x2000, 0x2800, 0x3000, 0x3800, 0x4000, 0x4800, 0x4800,
  0x4000, 0x4000, 0x4000, 0x3800, 0x3800, 0x3800, 0x3000, 0x2800, 0x2000, 0x1800, 0x1800, 0x1000, 0x1000, 0x1800, 0x2000, 0x2820,
  0x3020, 0x3020, 0x2800, 0x2800, 0x2800, 0x3020, 0x3820, 0x3841, 0x3041, 0x3041, 0x3040, 0x3041, 0x3861, 0x3861, 0x3861, 0x3861,
  0xD363, 0xE362, 0xF362, 0xF322, 0xF2E2, 0xF2A1, 0xF281, 0xF261, 0xF201, 0xF1A1, 0xF161, 0xE941, 0xE101, 0xE0A0, 0xD860, 0xD040,
  0xD060, 0x6ACC, 0x4966, 0x3082, 0x2820, 0x2000, 0x2000, 0x2000, 0x2000, 0x2800, 0x3000, 0x3800, 0x4800, 0x5800, 0x6000, 0x6000,
  0x5000, 0x4800, 0x4000, 0x4000, 0x3800, 0x3800, 0x3800, 0x3000, 0x2800, 0x2000, 0x1800, 0x1000, 0x1000, 0x1000, 0x1800, 0x2020,
  0x3020, 0x3000, 0x3000, 0x3000, 0x3000, 0x3820, 0x4020, 0x3841, 0x3041, 0x3041, 0x3041, 0x3041, 0x3061, 0x3061, 0x3061, 0x3061,
  0xCAC2, 0xE2E2, 0xEAC2, 0xF261, 0xF221, 0xF201, 0xF1E1, 0xE9A1, 0xE961, 0xE921, 0xE100, 0xE0E0, 0xD8E1, 0xD8C0, 0xD080, 0xC860,
  0xD0A0, 0xD901, 0xE121, 0x4125, 0x3061, 0x2000, 0x2000, 0x2800, 0x2800, 0x3000, 0x4000, 0x5000, 0x5800, 0x6800, 0x6800, 0x6800,
  0x6000, 0x5000, 0x4800, 0x4000, 0x3800, 0x3800, 0x3000, 0x3000, 0x2800, 0x2800, 0x2000, 0x1800, 0x1000, 0x1000, 0x1000, 0x1800,
  0x2000, 0x3020, 0x3020, 0x3020, 0x3000, 0x3820, 0x3820, 0x3020, 0x3020, 0x3020, 0x3041, 0x3041, 0x2861, 0x2861, 0x2861, 0x2861,
  0xC242, 0xDA21, 0xE9E1, 0xE9A1, 0xE9A1, 0xE981, 0xE940, 0xE120, 0xE101, 0xE0E0, 0xE0E0, 0xE101, 0xE121, 0xD8E1, 0xD080, 0xC880,
  0xD0C1, 0xD901, 0xD901, 0x5A49, 0x3904, 0x3041, 0x2800, 0x3000, 0x3800, 0x4000, 0x5000, 0x6000, 0x6800, 0x7000, 0x7000, 0x6800,
  0x6000, 0x5000, 0x4000, 0x3800, 0x3800, 0x3000, 0x3000, 0x3000, 0x3000, 0x2800, 0x2000, 0x1800, 0x1000, 0x0800, 0x0800, 0x1000,
  0x2000, 0x2820, 0x3020, 0x3820, 0x3020, 0x3000, 0x3000, 0x3020, 0x2820, 0x2820, 0x2820, 0x2841, 0x2041, 0x2041, 0x2041, 0x2041,
  0xB981, 0xD981, 0xE161, 0xE961, 0xE941, 0xE920, 0xE0E0, 0xE0E0, 0xE101, 0xE100, 0xE121, 0xE961, 0xE141, 0xD8E0, 0xD0A0, 0xD8C0,
  0xE121, 0xE141, 0xE101, 0xE0A0, 0x51E8, 0x38C3, 0x3020, 0x3800, 0x4800, 0x5800, 0x6800, 0x7000, 0x7000, 0x7000, 0x6800, 0x6000,
  0x5800, 0x4800, 0x4000, 0x3800, 0x3800, 0x3000, 0x3000, 0x3000, 0x3000, 0x2800, 0x2000, 0x1800, 0x1000, 0x0800, 0x0800, 0x1000,
  0x1800, 0x2820, 0x3820, 0x3820, 0x3000, 0x3000, 0x3020, 0x3020, 0x2800, 0x2000, 0x2020, 0x2020, 0x2020, 0x2020, 0x2020, 0x2020,
  0xB121, 0xD121, 0xE141, 0xE961, 0xE941, 0xE100, 0xE100, 0xE141, 0xE961, 0xE981, 0xE981, 0xE9A1, 0xE940, 0xE0E0, 0xE0E0, 0xE961,
  0xE9A1, 0xF181, 0xF121, 0xF0E0, 0x730C, 0x5186, 0x4082, 0x4820, 0x5800, 0x6800, 0x7800, 0x7800, 0x7800, 0x7000, 0x6800, 0x6000,
  0x5800, 0x4800, 0x4000, 0x3800, 0x3800, 0x3800, 0x3800, 0x3800, 0x3800, 0x3000, 0x2800, 0x2000, 0x1800, 0x1000, 0x0800, 0x1000,
  0x1800, 0x2820, 0x3820, 0x3820, 0x3000, 0x3000, 0x3000, 0x3000, 0x2800, 0x2000, 0x2000, 0x2020, 0x2020, 0x2841, 0x2841, 0x2841,
  0xB901, 0xD962, 0xE981, 0xE9A1, 0xE981, 0xE961, 0xE9A1, 0xF1C1, 0xF1E1, 0xF1C1, 0xF1A1, 0xF1A1, 0xE940, 0xE920, 0xE981, 0xF201,
  0xF201, 0xF9A1, 0xF961, 0xF941, 0xF141, 0xF100, 0x5924, 0x5841, 0x6800, 0x7800, 0x8800, 0x8800, 0x8000, 0x7800, 0x7000, 0x6800,
  0x6000, 0x5000, 0x4000, 0x3800, 0x3000, 0x3800, 0x3800, 0x3800, 0x3800, 0x3000, 0x2800, 0x2000, 0x1800, 0x1800, 0x1000, 0x1000,
  0x1800, 0x2000, 0x3020, 0x3820, 0x3020, 0x3000, 0x3000, 0x3000, 0x2800, 0x2800, 0x2820, 0x3020, 0x3041, 0x3862, 0x3862, 0x3862,
  0xB942, 0xD9C2, 0xEA02, 0xEA21, 0xEA21, 0xF201, 0xF221, 0xF221, 0xF1E1, 0xF1C1, 0xF1C1, 0xF1C1, 0xF1A1, 0xF1E1, 0xF241, 0xFA62,
  0xFA22, 0xF9E1, 0xF9C1, 0xF9C1, 0xF9A1, 0xF140, 0x7A08, 0x70C3, 0x7820, 0x8800, 0x9000, 0x9000, 0x9000, 0x8800, 0x8000, 0x7800,
  0x6800, 0x5800, 0x4000, 0x3000, 0x2800, 0x3000, 0x3000, 0x3800, 0x3800, 0x3000, 0x3000, 0x2800, 0x2800, 0x2000, 0x1800, 0x1000,
  0x1000, 0x1800, 0x2820, 0x3020, 0x3020, 0x2820, 0x2800, 0x2000, 0x2000, 0x2000, 0x2800, 0x3020, 0x3841, 0x40A2, 0x40A2, 0x40A2,
  0xB9A2, 0xDA42, 0xEAA2, 0xF2C2, 0xF2A1, 0xF261, 0xF241, 0xF1E1, 0xF1A1, 0xF1E1, 0xF221, 0xF242, 0xF242, 0xFAA2, 0xFAC2, 0xFAA2,
  0xFA62, 0xFA42, 0xFA41, 0xF221, 0xF1E1, 0xF181, 0xF161, 0x8986, 0x8882, 0x9020, 0x9800, 0x9800, 0x9800, 0x9000, 0x8800, 0x8000,
  0x7000, 0x5800, 0x3800, 0x2800, 0x2000, 0x2000, 0x2800, 0x2800, 0x3000, 0x3000, 0x3000, 0x3000, 0x2800, 0x2800, 0x2000, 0x1800,
  0x1000, 0x1000, 0x1800, 0x2020, 0x2820, 0x2020, 0x2000, 0x2000, 0x2000, 0x2000, 0x2800, 0x3020, 0x3841, 0x4082, 0x4082, 0x4082,
  0xBA22, 0xDAE3, 0xEB22, 0xF302, 0xF2A1, 0xF221, 0xE9C1, 0xE9A1, 0xF1E1, 0xF262, 0xFAA2, 0xFAC2, 0xFB03, 0xFB23, 0xFB03, 0xF2C2,
  0xF282, 0xF262, 0xEA41, 0xEA01, 0xE1C1, 0xE181, 0xE161, 0xD962, 0x9904, 0x9041, 0x9000, 0x9000, 0x9000, 0x9000, 0x8800, 0x7800,
  0x6800, 0x5000, 0x3800, 0x2000, 0x1800, 0x1800, 0x1800, 0x2000, 0x2000, 0x2800, 0x3000, 0x3800, 0x3000, 0x2800, 0x2000, 0x1800,
  0x1000, 0x1000, 0x1000, 0x2000, 0x2800, 0x2800, 0x2000, 0x2000, 0x2800, 0x2800, 0x2800, 0x3020, 0x3021, 0x3841, 0x3841, 0x3841,
  0xBA83, 0xDB23, 0xEB22, 0xF2C1, 0xF221, 0xE9A1, 0xE981, 0xF1E1, 0xFA62, 0xFAA3, 0xFAE3, 0xFB23, 0xFB43, 0xFB23, 0xF2C2, 0xEA62,
  0xEA42, 0xE222, 0xD9C1, 0xD981, 0xD141, 0xD121, 0xC921, 0xC921, 0xA9E8, 0x98C3, 0x9020, 0x9000, 0x8800, 0x8000, 0x7800, 0x6800,
  0x5800, 0x4000, 0x2800, 0x1800, 0x1000, 0x1000, 0x1000, 0x1000, 0x1800, 0x2800, 0x3000, 0x3800, 0x3800, 0x3000, 0x2000, 0x1800,
  0x1000, 0x0800, 0x1000, 0x1800, 0x2800, 0x2800, 0x2800, 0x2800, 0x3020, 0x3020, 0x3020, 0x3020, 0x3020, 0x3041, 0x3041, 0x3041,
  0xBAC3, 0xDB02, 0xEAC2, 0xEA41, 0xE9C1, 0xE9A1, 0xF1E1, 0xFA42, 0xFAA3, 0xFAC3, 0xFB03, 0xFB23, 0xFB03, 0xF2A2, 0xEA22, 0xE1E2,
  0xD9E2, 0xD9C2, 0xD181, 0xD141, 0xC941, 0xC921, 0xC941, 0xC941, 0xC921, 0xA166, 0x9082, 0x8820, 0x8000, 0x7800, 0x6800, 0x5000,
  0x4000, 0x3000, 0x2000, 0x1000, 0x1000, 0x1000, 0x0800, 0x1000, 0x1800, 0x2000, 0x3000, 0x3000, 0x3000, 0x2800, 0x2000, 0x1800,
  0x0800, 0x0800, 0x0800, 0x1800, 0x2800, 0x3020, 0x3020, 0x3020, 0x3020, 0x3020, 0x3020, 0x3020, 0x3020, 0x2820, 0x2841, 0x2841,
  0xB282, 0xD2A2, 0xE261, 0xEA01, 0xE9C1, 0xF1E1, 0xF222, 0xFA62, 0xFA83, 0xFAA3, 0xFAE3, 0xF2E3, 0xF282, 0xEA02, 0xE1C2, 0xD9E3,
  0xDA03, 0xD9E2, 0xD9E2, 0xD9E2, 0xD9E2, 0xDA01, 0xDA01, 0xE1E1, 0xE1A1, 0xAA69, 0x88E4, 0x7841, 0x7000, 0x6800, 0x5000, 0x4000,
  0x2800, 0x2000, 0x1800, 0x1000, 0x1000, 0x1000, 0x0800, 0x1000, 0x1000, 0x1800, 0x2800, 0x2800, 0x2800, 0x2800, 0x1800, 0x1000,
  0x0800, 0x0800, 0x0800, 0x1000, 0x2000, 0x3020, 0x3020, 0x3020, 0x3020, 0x3020, 0x3020, 0x2820, 0x2820, 0x2020, 0x2020, 0x2020,
  0xAA22, 0xC222, 0xD201, 0xE1C1, 0xE1C1, 0xE9E2, 0xF202, 0xFA02, 0xFA22, 0xF263, 0xF283, 0xF243, 0xE9E2, 0xE9A2, 0xE1E3, 0xE223,
  0xE263, 0xEA82, 0xEAA2, 0xEAC2, 0xEAC2, 0xF2C2, 0xF2C2, 0xF261, 0xF201, 0xF1C1, 0x91C7, 0x70A2, 0x6020, 0x5000, 0x4000, 0x3000,
  0x2000, 0x1800, 0x1000, 0x1000, 0x1000, 0x1000, 0x0800, 0x1000, 0x1000, 0x1000, 0x1800, 0x2000, 0x2000, 0x2000, 0x1800, 0x1800,
  0x1000, 0x0800, 0x0800, 0x0800, 0x1800, 0x2820, 0x3020, 0x3020, 0x3020, 0x3020, 0x3020, 0x2820, 0x2020, 0x2020, 0x2020, 0x2020,
  0x99A1, 0xB1A1, 0xC161, 0xC961, 0xD961, 0xE182, 0xF1A2, 0xF1C2, 0xF1E2, 0xF202, 0xF202, 0xF1E2, 0xE9A1, 0xE9A2, 0xEA03, 0xEA43,
  0xF2A2, 0xF2E2, 0xF302, 0xFB02, 0xFB22, 0xFB02, 0xFAA1, 0xFA21, 0xF1E1, 0xF201, 0x9ACB, 0x7145, 0x5061, 0x4000, 0x3000, 0x2000,
  0x1800, 0x1000, 0x1000, 0x1000, 0x1000, 0x1000, 0x1000, 0x1000, 0x1000, 0x1000, 0x1800, 0x1800, 0x2000, 0x2000, 0x2000, 0x1800,
  0x1800, 0x1000, 0x0800, 0x0800, 0x1000, 0x2000, 0x3020, 0x3820, 0x3800, 0x3800, 0x3000, 0x2800, 0x2020, 0x2020, 0x2020, 0x2020,
  0x8101, 0x90E0, 0xA0C0, 0xB8C1, 0xC901, 0xE161, 0xE9A2, 0xF1E2, 0xF1E2, 0xF1E2, 0xF1C1, 0xF181, 0xE961, 0xE962, 0xE9C1, 0xF221,
  0xF281, 0xFAA1, 0xFAC1, 0xFB01, 0xFB21, 0xFAC1, 0xFA41, 0xF1C1, 0xF1E1, 0xF241, 0xFA81, 0x7A28, 0x48C3, 0x3020, 0x2800, 0x1800,
  0x1800, 0x1000, 0x1000, 0x1000, 0x1000, 0x1000, 0x1000, 0x1000, 0x1000, 0x1000, 0x1800, 0x2000, 0x2000, 0x2800, 0x2800, 0x2000,
  0x1800, 0x1000, 0x0800, 0x0800, 0x1000, 0x2000, 0x3020, 0x4020, 0x4000, 0x4000, 0x3800, 0x2800, 0x2800, 0x2820, 0x2820, 0x2820,
  0x6060, 0x7860, 0x9080, 0xB8C1, 0xD141, 0xE9C2, 0xF202, 0xF201, 0xF201, 0xF1E1, 0xF181, 0xE941, 0xE901, 0xE940, 0xF1A0, 0xF220,
  0xFA40, 0xFA60, 0xFAC1, 0xFB01, 0xFAE1, 0xFA61, 0xF1E1, 0xF1E1, 0xF241, 0xF281, 0xF261, 0xF220, 0x5966, 0x3061, 0x2000, 0x1800,
  0x1000, 0x1000, 0x1000, 0x1000, 0x1000, 0x1000, 0x1000, 0x1000, 0x1000, 0x1000, 0x1800, 0x2000, 0x2800, 0x2800, 0x2800, 0x2000,
  0x1800, 0x1000, 0x1000, 0x0800, 0x1000, 0x1800, 0x3000, 0x3800, 0x3800, 0x3800, 0x3000, 0x3000, 0x3000, 0x3020, 0x3020, 0x3020,
  0x3020, 0x4820, 0x6840, 0x9080, 0xB901, 0xD9A1, 0xEA22, 0xF241, 0xF241, 0xF221, 0xF1E0, 0xF1A0, 0xE940, 0xE920, 0xF160, 0xF1C0,
  0xFA00, 0xFA00, 0xFA20, 0xFA81, 0xFAC1, 0xF281, 0xF201, 0xF1C1, 0xE9E1, 0xEA21, 0xEA21, 0xEA01, 0x6A49, 0x40E3, 0x2020, 0x1800,
  0x1000, 0x1000, 0x1000, 0x1000, 0x1000, 0x1000, 0x1000, 0x1000, 0x1000, 0x1000, 0x1800, 0x2000, 0x2800, 0x2800, 0x2800, 0x2800,
  0x2000, 0x1800, 0x1800, 0x1000, 0x0800, 0x1000, 0x2000, 0x3000, 0x3000, 0x3000, 0x2800, 0x3000, 0x3800, 0x3820, 0x3840, 0x3840,
  0x1820, 0x2820, 0x4840, 0x7060, 0x98C0, 0xC141, 0xE1C1, 0xF221, 0xF241, 0xF241, 0xF220, 0xF200, 0xF1C0, 0xF1A0, 0xF180, 0xF1A0,
  0xF1C0, 0xF1C0, 0xF1C0, 0xF1E1, 0xF221, 0xF221, 0xE9E1, 0xE181, 0xD941, 0xD941, 0xD161, 0xC961, 0xC141, 0x5186, 0x3062, 0x1800,
  0x1000, 0x1000, 0x1000, 0x1000, 0x1000, 0x1000, 0x1000, 0x1000, 0x1000, 0x1000, 0x1800, 0x2000, 0x2800, 0x2800, 0x2800, 0x2800,
  0x3000, 0x2800, 0x2000, 0x1800, 0x1000, 0x0800, 0x1800, 0x2000, 0x2800, 0x2800, 0x2800, 0x3000, 0x3800, 0x3820, 0x4040, 0x4040,
  0x0800, 0x2040, 0x4080, 0x68A0, 0x90E0, 0xB120, 0xD181, 0xE9E1, 0xF201, 0xFA21, 0xFA20, 0xF200, 0xF1E0, 0xF1E0, 0xF1C0, 0xE9A0,
  0xE9A0, 0xE980, 0xE980, 0xE161, 0xE181, 0xD981, 0xD161, 0xC901, 0xB8C1, 0xB0A1, 0xA0A1, 0x98A0, 0x90A0, 0x9080, 0x38E4, 0x2021,
  0x1800, 0x1000, 0x1000, 0x1800, 0x1800, 0x1800, 0x1000, 0x1000, 0x1000, 0x1000, 0x1800, 0x2000, 0x2800, 0x2800, 0x3000, 0x3800,
  0x3800, 0x3800, 0x3000, 0x2000, 0x1000, 0x0800, 0x1000, 0x1800, 0x2000, 0x2800, 0x3000, 0x3000, 0x3000, 0x3020, 0x3820, 0x4041,
  0x0800, 0x2040, 0x40A0, 0x7101, 0x9941, 0xB961, 0xD181, 0xE9C1, 0xF1E1, 0xF9E1, 0xF9E0, 0xF1C0, 0xF1C0, 0xF1C0, 0xE9A0, 0xE1A0,
  0xD960, 0xD120, 0xC900, 0xC0E1, 0xC0E1, 0xB8E1, 0xA8C1, 0x98A0, 0x8860, 0x8040, 0x7040, 0x7020, 0x6820, 0x6020, 0x51A7, 0x2882,
  0x1820, 0x1800, 0x1800, 0x2000, 0x2800, 0x2000, 0x1800, 0x1000, 0x1000, 0x1000, 0x1800, 0x2000, 0x2800, 0x3000, 0x3800, 0x4800,
  0x4800, 0x4000, 0x3800, 0x2800, 0x1800, 0x0800, 0x0800, 0x1000, 0x2800, 0x3000, 0x3000, 0x3000, 0x2800, 0x3000, 0x3820, 0x3841,
  0x1020, 0x2040, 0x40A0, 0x7121, 0xA1A1, 0xC9E1, 0xD9C1, 0xE9C1, 0xF1C1, 0xF1C1, 0xF1C1, 0xF1A1, 0xF160, 0xE940, 0xE140, 0xD941,
  0xC921, 0xB0C0, 0xA080, 0x9880, 0x9860, 0x8860, 0x8060, 0x7040, 0x6020, 0x5800, 0x5000, 0x5000, 0x5000, 0x5000, 0x728A, 0x4104,
  0x2821, 0x2000, 0x2000, 0x2800, 0x3000, 0x3000, 0x2800, 0x1800, 0x1800, 0x1800, 0x1800, 0x2800, 0x3000, 0x4000, 0x4800, 0x5000,
  0x5000, 0x4000, 0x3800, 0x2800, 0x1800, 0x1000, 0x0800, 0x1000, 0x2000, 0x3000, 0x3000, 0x3000, 0x2800, 0x3020, 0x3020, 0x3020,
  0x1020, 0x2860, 0x48C0, 0x7941, 0xA9E1, 0xD221, 0xE221, 0xE9E1, 0xE9A1, 0xE981, 0xF181, 0xF181, 0xF141, 0xE900, 0xD8E0, 0xC8C0,
  0xB8C1, 0x98A0, 0x8860, 0x7820, 0x7820, 0x7020, 0x6020, 0x5820, 0x5000, 0x4800, 0x4800, 0x4800, 0x4800, 0x4800, 0x4800, 0x59A6,
  0x3882, 0x3000, 0x3000, 0x3000, 0x3800, 0x3800, 0x2800, 0x2000, 0x1800, 0x1800, 0x2000, 0x3000, 0x4000, 0x4800, 0x5000, 0x5000,
  0x4800, 0x4000, 0x3000, 0x2800, 0x1800, 0x1000, 0x0800, 0x0800, 0x1800, 0x2000, 0x3000, 0x3000, 0x3020, 0x2820, 0x2820, 0x2800,
  0x1820, 0x3060, 0x50C0, 0x8161, 0xB1E1, 0xD261, 0xEA61, 0xF221, 0xF1C1, 0xE961, 0xE941, 0xF141, 0xF141, 0xE901, 0xD8A0, 0xC880,
  0xB080, 0x9860, 0x8040, 0x7020, 0x6820, 0x6820, 0x6820, 0x6020, 0x5800, 0x5800, 0x5800, 0x5800, 0x6000, 0x6020, 0x6820, 0x6000,
  0x50E3, 0x4041, 0x3800, 0x3800, 0x3800, 0x3000, 0x2800, 0x2000, 0x2000, 0x2000, 0x2800, 0x3800, 0x4800, 0x5000, 0x5000, 0x5000,
  0x4000, 0x3800, 0x3000, 0x2800, 0x1800, 0x1000, 0x0800, 0x0800, 0x1000, 0x2000, 0x3000, 0x3820, 0x3820, 0x2800, 0x2000, 0x2000,
  0x1020, 0x3080, 0x5901, 0x8981, 0xB201, 0xDA81, 0xEAA1, 0xF281, 0xF241, 0xF1E1, 0xE981, 0xF161, 0xF161, 0xE961, 0xE101, 0xD8A0,
  0xC060, 0xA860, 0x9040, 0x8040, 0x8040, 0x8060, 0x8860, 0x8040, 0x8040, 0x8020, 0x8020, 0x8820, 0x9020, 0x9840, 0x9860, 0x9840,
  0x69A6, 0x5062, 0x4000, 0x3800, 0x3800, 0x3000, 0x2800, 0x2800, 0x2800, 0x2800, 0x3000, 0x4000, 0x4800, 0x5000, 0x5000, 0x4800,
  0x4000, 0x3800, 0x3000, 0x2800, 0x1800, 0x1000, 0x0800, 0x0800, 0x0800, 0x1800, 0x2800, 0x3820, 0x3820, 0x2800, 0x2000, 0x2000,
  0x1020, 0x3081, 0x5941, 0x91E1, 0xBA61, 0xDAA1, 0xEAC1, 0xF2C0, 0xF281, 0xF261, 0xF241, 0xF1C1, 0xF1C1, 0xF1E2, 0xE9C2, 0xE121,
  0xD0A0, 0xC080, 0xB080, 0xA880, 0xA8A0, 0xB0C0, 0xB0C0, 0xB8C0, 0xB8A0, 0xB880, 0xB860, 0xB840, 0xC040, 0xC8A1, 0xC8C1, 0xC881,
  0x8A6A, 0x60E4, 0x4820, 0x3800, 0x3000, 0x3000, 0x3000, 0x4000, 0x4000, 0x4000, 0x4000, 0x4000, 0x4800, 0x5000, 0x4800, 0x4000,
  0x4000, 0x3800, 0x3000, 0x2800, 0x2000, 0x1800, 0x0800, 0x0800, 0x0800, 0x1000, 0x2000, 0x3000, 0x2800, 0x2000, 0x2000, 0x2800,
  0x1020, 0x28A1, 0x5961, 0x9262, 0xC302, 0xE321, 0xF301, 0xF2E0, 0xF2C0, 0xF2A1, 0xF2C1, 0xF261, 0xF201, 0xF202, 0xF222, 0xF1E1,
  0xE920, 0xD8C0, 0xD0C0, 0xD0E0, 0xD100, 0xD940, 0xD940, 0xE140, 0xE120, 0xE100, 0xE0C0, 0xD880, 0xD880, 0xE0C1, 0xE102, 0xD8C1,
  0xC860, 0x6986, 0x4882, 0x3800, 0x3800, 0x3800, 0x4800, 0x5800, 0x6000, 0x6000, 0x5800, 0x5000, 0x4800, 0x4800, 0x4000, 0x3800,
  0x3800, 0x4000, 0x3800, 0x3000, 0x2000, 0x1800, 0x1000, 0x0800, 0x0800, 0x0800, 0x1800, 0x2000, 0x2800, 0x2800, 0x2800, 0x2800,
  0x0840, 0x28A1, 0x5982, 0x92A3, 0xCB63, 0xE3C2, 0xF381, 0xF341, 0xF2E1, 0xF2A1, 0xF2A1, 0xF2C1, 0xFA61, 0xF201, 0xF222, 0xF222,
  0xF1A1, 0xE940, 0xE940, 0xE960, 0xE960, 0xF181, 0xF1A1, 0xF181, 0xF160, 0xF120, 0xE8E0, 0xE8A0, 0xE080, 0xD8A1, 0xD902, 0xD0C1,
  0xC060, 0xA820, 0x50E3, 0x4040, 0x4000, 0x4800, 0x6000, 0x7800, 0x8000, 0x8000, 0x6800, 0x5800, 0x4800, 0x3800, 0x3000, 0x3000,
  0x3800, 0x4000, 0x3800, 0x2800, 0x2000, 0x1800, 0x1000, 0x0800, 0x0000, 0x0800, 0x1000, 0x2000, 0x2800, 0x2800, 0x3000, 0x3000,
  0x0820, 0x28C1, 0x59A2, 0x92C3, 0xCBC4, 0xEC23, 0xF402, 0xFBA1, 0xF361, 0xF2E1, 0xF261, 0xF281, 0xFA81, 0xFA01, 0xF1C1, 0xF1E1,
  0xF1E1, 0xF1A0, 0xF1A1, 0xF1C1, 0xF1C1, 0xF1A1, 0xF181, 0xF160, 0xE920, 0xE900, 0xE0C0, 0xD880, 0xD060, 0xC860, 0xC0A1, 0xB8A1,
  0xB040, 0x9820, 0x6986, 0x4861, 0x5020, 0x6000, 0x7000, 0x8800, 0x9000, 0x9000, 0x7800, 0x6000, 0x4000, 0x3000, 0x2800, 0x2800,
  0x3000, 0x3800, 0x3000, 0x2800, 0x2000, 0x2000, 0x1800, 0x1000, 0x0800, 0x0000, 0x0800, 0x1800, 0x2820, 0x2800, 0x2800, 0x3020,
  0x1040, 0x28C1, 0x59C2, 0x92E4, 0xCBE4, 0xEC63, 0xF442, 0xFBE2, 0xFBC2, 0xF341, 0xF281, 0xF241, 0xF261, 0xFA20, 0xF9C0, 0xF1A0,
  0xF1C0, 0xF1A0, 0xF1A1, 0xF1E1, 0xF1E1, 0xF181, 0xE941, 0xE120, 0xD8C0, 0xD0A0, 0xC880, 0xB840, 0xB020, 0xA840, 0xA861, 0xB081,
  0xA061, 0x9820, 0x8249, 0x60C3, 0x6020, 0x7000, 0x8000, 0x9000, 0x9000, 0x9000, 0x8000, 0x6000, 0x4000, 0x2800, 0x2000, 0x2800,
  0x3000, 0x3000, 0x2000, 0x2000, 0x2800, 0x2800, 0x2000, 0x1000, 0x0800, 0x0000, 0x0800, 0x1000, 0x2020, 0x2020, 0x2000, 0x2820,
  0x1040, 0x28C1, 0x59C2, 0x9B24, 0xCC24, 0xEC63, 0xF443, 0xFBE2, 0xFBE2, 0xF3C2, 0xF301, 0xF221, 0xF220, 0xFA21, 0xF1E0, 0xF1C0,
  0xF1A0, 0xF180, 0xE960, 0xE981, 0xE9A1, 0xE161, 0xD901, 0xD0A0, 0xC080, 0xB040, 0xA820, 0xA020, 0x9820, 0xA020, 0xA861, 0xB0A2,
  0xA881, 0xA041, 0x9820, 0x8165, 0x7861, 0x8000, 0x9000, 0x9000, 0x8800, 0x8000, 0x7000, 0x5800, 0x3800, 0x2800, 0x2000, 0x2800,
  0x2800, 0x2800, 0x2000, 0x2000, 0x3000, 0x3000, 0x2800, 0x1800, 0x0800, 0x0000, 0x0000, 0x0800, 0x1820, 0x2000, 0x2000, 0x2820,
  0x1020, 0x30C1, 0x61E2, 0x9B44, 0xD444, 0xEC83, 0xF462, 0xFBE1, 0xF3A1, 0xF3C2, 0xF382, 0xF2A1, 0xF200, 0xF200, 0xF1E0, 0xF1C0,
  0xE9A0, 0xE960, 0xE100, 0xD8E0, 0xD101, 0xC8E1, 0xC8A1, 0xB860, 0xB040, 0xA020, 0x9820, 0x9800, 0x9820, 0xA020, 0xA861, 0xB0A2,
  0xA881, 0x9840, 0x9000, 0x9A28, 0x88C3, 0x9020, 0x9000, 0x8800, 0x7800, 0x6800, 0x5800, 0x4800, 0x3800, 0x2800, 0x2800, 0x2800,
  0x3000, 0x3000, 0x2800, 0x2800, 0x3800, 0x3800, 0x3000, 0x2000, 0x1000, 0x0000, 0x0000, 0x0000, 0x1000, 0x2000, 0x2800, 0x2800,
  0x1040, 0x30C1, 0x61E2, 0xA344, 0xD464, 0xECA4, 0xFC62, 0xFC01, 0xF381, 0xF381, 0xF3A2, 0xF301, 0xF241, 0xF1E0, 0xE9A0, 0xE181,
  0xE160, 0xD920, 0xD0C0, 0xC880, 0xC060, 0xB861, 0xB860, 0xB020, 0xA820, 0xA000, 0xA020, 0x9820, 0x9820, 0x9820, 0xA040, 0xA861,
  0xA061, 0x9020, 0x8000, 0x8000, 0x9945, 0x9061, 0x9020, 0x8000, 0x6800, 0x5000, 0x4000, 0x3800, 0x3000, 0x2800, 0x2800, 0x3000,
  0x3800, 0x3800, 0x3000, 0x3800, 0x4000, 0x4000, 0x3800, 0x2800, 0x1800, 0x0800, 0x0000, 0x0000, 0x1000, 0x2000, 0x2820, 0x2800,
  0x1040, 0x30C1, 0x69E2, 0xAB64, 0xD484, 0xF4E4, 0xF482, 0xFC01, 0xF3A1, 0xF341, 0xF341, 0xF301, 0xF261, 0xE9C0, 0xE140, 0xD120,
  0xD100, 0xC8C0, 0xC080, 0xB840, 0xB841, 0xB841, 0xC040, 0xC020, 0xC020, 0xB820, 0xB020, 0xA820, 0x9820, 0x9820, 0x9820, 0x9841,
  0x9841, 0x9020, 0x8800, 0x8800, 0xAA08, 0x90A2, 0x7820, 0x6800, 0x5000, 0x3800, 0x3000, 0x3000, 0x3000, 0x3000, 0x2800, 0x3000,
  0x3800, 0x4000, 0x3800, 0x4000, 0x4800, 0x4000, 0x3800, 0x2800, 0x1800, 0x0800, 0x0000, 0x0000, 0x0800, 0x1800, 0x2800, 0x2800,
  0x1040, 0x30C1, 0x6A03, 0xAB64, 0xDC84, 0xF504, 0xFCA3, 0xF421, 0xF3C1, 0xF340, 0xF2E0, 0xF2A1, 0xEA41, 0xE1A0, 0xD100, 0xC0C0,
  0xB8A0, 0xB080, 0xA840, 0xA820, 0xA820, 0xB841, 0xC861, 0xD060, 0xD880, 0xD080, 0xC880, 0xC060, 0xA840, 0xA020, 0xA020, 0xA040,
  0xA841, 0xA020, 0xA020, 0xA020, 0xB2EB, 0x8945, 0x6841, 0x5000, 0x3800, 0x2800, 0x2000, 0x2800, 0x3000, 0x3000, 0x3000, 0x3800,
  0x4800, 0x4800, 0x4800, 0x4800, 0x4800, 0x4800, 0x3800, 0x2800, 0x1800, 0x0800, 0x0000, 0x0000, 0x0000, 0x1000, 0x2000, 0x2820,
  0x1020, 0x30C1, 0x6A03, 0xAB84, 0xDCA4, 0xF524, 0xFCE3, 0xF442, 0xF3C1, 0xF341, 0xEAA0, 0xEA20, 0xE1E0, 0xD960, 0xC0E0, 0xB080,
  0xA060, 0xA061, 0x9840, 0x9020, 0x9820, 0xB041, 0xD081, 0xE0C1, 0xE901, 0xE920, 0xE120, 0xD8E0, 0xC880, 0xC040, 0xC040, 0xB840,
  0xB841, 0xB020, 0xA820, 0xA820, 0xB040, 0x89E7, 0x58A2, 0x3820, 0x2800, 0x2000, 0x2000, 0x2800, 0x3800, 0x4000, 0x4800, 0x4800,
  0x5000, 0x5000, 0x5800, 0x5800, 0x5000, 0x4800, 0x3800, 0x2800, 0x1800, 0x0800, 0x0000, 0x0000, 0x0000, 0x0800, 0x1800, 0x2820,
  0x0820, 0x30C1, 0x6A03, 0xB3A5, 0xE4A5, 0xF524, 0xFD04, 0xF483, 0xF3C1, 0xEB41, 0xE2A0, 0xD9E0, 0xD160, 0xC100, 0xB0A0, 0x9860,
  0x9040, 0x8841, 0x8841, 0x8020, 0x8020, 0x9840, 0xC081, 0xD8E1, 0xE961, 0xF1A1, 0xF1A0, 0xE940, 0xE8C0, 0xE080, 0xD840, 0xD040,
  0xC840, 0xB820, 0xB800, 0xB820, 0xB840, 0xB840, 0x5924, 0x3841, 0x2000, 0x1800, 0x1800, 0x2800, 0x4000, 0x5800, 0x6000, 0x6000,
  0x5800, 0x6000, 0x6000, 0x6000, 0x5000, 0x4800, 0x3800, 0x2800, 0x1800, 0x0800, 0x0000, 0x0000, 0x0000, 0x0000, 0x1000, 0x2020,
  0x0820, 0x28A1, 0x6A23, 0xB3A5, 0xE4C5, 0xF524, 0xFD24, 0xF4A4, 0xF3C2, 0xEB01, 0xDA60, 0xC9A0, 0xC120, 0xB0C0, 0xA080, 0x9040,
  0x8040, 0x7841, 0x7040, 0x7020, 0x7020, 0x7820, 0x9861, 0xB8C1, 0xD921, 0xE9A1, 0xF1A1, 0xF140, 0xF0E0, 0xF080, 0xE840, 0xE040,
  0xD040, 0xC820, 0xC820, 0xC820, 0xD060, 0xD0A1, 0x69E7, 0x3882, 0x2000, 0x1800, 0x1800, 0x2800, 0x4800, 0x6000, 0x6800, 0x6800,
  0x6000, 0x6800, 0x6800, 0x6000, 0x5000, 0x4800, 0x4000, 0x3000, 0x1800, 0x0800, 0x0000, 0x0000, 0x0000, 0x0000, 0x0800, 0x1800,
  0x39C7, 0x28A1, 0x6A03, 0xB3A5, 0xE4C5, 0xF524, 0xFD03, 0xF4C4, 0xF403, 0xEB01, 0xDA20, 0xC160, 0xA8E0, 0xA080, 0x9060, 0x8840,
  0x7840, 0x7040, 0x6820, 0x6020, 0x6000, 0x6820, 0x8020, 0xA061, 0xB8C1, 0xD921, 0xE141, 0xE100, 0xE8C0, 0xF080, 0xE840, 0xE020,
  0xD840, 0xD860, 0xD840, 0xD040, 0xD8A1, 0xE102, 0x7AAB, 0x4104, 0x2020, 0x1800, 0x2000, 0x3000, 0x4000, 0x5800, 0x6800, 0x6000,
  0x6000, 0x6800, 0x6800, 0x6000, 0x5000, 0x4800, 0x4000, 0x3000, 0x2000, 0x0800, 0x0000, 0x0000, 0x0000, 0x0000, 0x0000, 0x1000,
  0x2125, 0x52CB, 0x69C2, 0xB3A5, 0xE4C6, 0xF504, 0xFCE3, 0xF4A3, 0xF423, 0xE322, 0xDA21, 0xC160, 0xA8C0, 0x9860, 0x8840, 0x8841,
  0x7840, 0x7020, 0x6820, 0x6020, 0x6000, 0x6820, 0x7820, 0x9040, 0xB061, 0xC8A1, 0xD0C1, 0xD880, 0xE080, 0xE880, 0xE860, 0xE840,
  0xE060, 0xE081, 0xD060, 0xC840, 0xD0A1, 0xD902, 0xE0E1, 0x51A7, 0x2861, 0x2000, 0x2000, 0x2800, 0x3800, 0x5000, 0x6000, 0x6800,
  0x6800, 0x6800, 0x6000, 0x5800, 0x4800, 0x4800, 0x4000, 0x3000, 0x2000, 0x0800, 0x0000, 0x0000, 0x0000, 0x0000, 0x0000, 0x0800,
  0x10A3, 0x3A08, 0x61A2, 0xB364, 0xE4C5, 0xF504, 0xFCA2, 0xF482, 0xF422, 0xEB82, 0xDA81, 0xC980, 0xB0E0, 0x98A0, 0x9060, 0x8840,
  0x8840, 0x8040, 0x7840, 0x7020, 0x7020, 0x8040, 0x9040, 0xA040, 0xB860, 0xD081, 0xD880, 0xD860, 0xD880, 0xE080, 0xE060, 0xE060,
  0xD881, 0xC881, 0xB860, 0xA840, 0xB040, 0xC081, 0xD0A1, 0xD060, 0x38C3, 0x2820, 0x2800, 0x2800, 0x3000, 0x4000, 0x5800, 0x7000,
  0x7000, 0x6000, 0x5000, 0x4000, 0x4000, 0x4000, 0x3800, 0x3000, 0x2000, 0x1000, 0x0000, 0x0000, 0x0000, 0x0000, 0x0000, 0x0000,
  0x0861, 0x2965, 0x61A2, 0xB343, 0xE485, 0xF4E4, 0xF482, 0xF441, 0xEC01, 0xEBA1, 0xE2E1, 0xD200, 0xC180, 0xB121, 0xA0A1, 0x9860,
  0x9860, 0x9860, 0x9860, 0x9060, 0x9060, 0x9860, 0xB080, 0xC0A1, 0xD0C1, 0xD8C1, 0xE0A1, 0xD8A0, 0xD880, 0xD080, 0xC860, 0xC061,
  0xB861, 0xA840, 0x9020, 0x9000, 0x9820, 0xB840, 0xC840, 0xD061, 0x4965, 0x2841, 0x2800, 0x2800, 0x2800, 0x3800, 0x5800, 0x7000,
  0x7000, 0x5000, 0x4000, 0x3800, 0x3000, 0x3000, 0x3800, 0x3000, 0x2000, 0x1000, 0x0800, 0x0000, 0x0000, 0x0000, 0x0000, 0x0000,
  0x0020, 0x18C3, 0x4229, 0xB323, 0xE464, 0xF4E4, 0xF483, 0xF401, 0xEBC1, 0xEB81, 0xE321, 0xDA80, 0xD201, 0xC9C1, 0xB941, 0xA8A0,
  0xB080, 0xB8A0, 0xB8A1, 0xB0A1, 0xB0A1, 0xB8A0, 0xC8C1, 0xD901, 0xE121, 0xE121, 0xD8E1, 0xD0C1, 0xC080, 0xB060, 0xA040, 0x9840,
  0x9840, 0x9020, 0x8800, 0x8800, 0xA000, 0xB820, 0xC020, 0xC040, 0x6208, 0x38A2, 0x2820, 0x2800, 0x2800, 0x4000, 0x6000, 0x7000,
  0x6000, 0x4800, 0x3800, 0x3000, 0x3000, 0x3000, 0x3800, 0x3000, 0x2000, 0x1000, 0x0800, 0x0000, 0x0000, 0x0000, 0x0000, 0x0000,
  0x0000, 0x0862, 0x2986, 0xAB23, 0xE443, 0xF4A3, 0xF483, 0xEBE1, 0xEB80, 0xE360, 0xE321, 0xE2C0, 0xDA60, 0xDA41, 0xD1E1, 0xC101,
  0xC0C0, 0xC8E1, 0xD101, 0xD0E1, 0xD0E1, 0xD0C1, 0xD8E1, 0xE141, 0xE161, 0xD941, 0xC0E1, 0xB0A1, 0xA060, 0x9040, 0x8820, 0x8800,
  0x8820, 0x9020, 0x8800, 0x9000, 0xA000, 0xB020, 0xB020, 0xA820, 0xA820, 0x4124, 0x2841, 0x2800, 0x3800, 0x5800, 0x6800, 0x7000,
  0x6000, 0x5000, 0x4000, 0x3800, 0x3800, 0x3800, 0x4000, 0x3800, 0x2000, 0x1000, 0x0800, 0x0000, 0x0000, 0x0000, 0x0000, 0x0000,
  0x0000, 0x0041, 0x1904, 0x4A6A, 0xE443, 0xF483, 0xF483, 0xEBE2, 0xE360, 0xE320, 0xE300, 0xE2C0, 0xE280, 0xE281, 0xDA22, 0xD161,
  0xD100, 0xD901, 0xE141, 0xE121, 0xE101, 0xE0E1, 0xE100, 0xE141, 0xD961, 0xC101, 0xB0A1, 0x9860, 0x9020, 0x8820, 0x8800, 0x9000,
  0x9820, 0x9841, 0x9020, 0x8000, 0x8800, 0x9800, 0xA800, 0xB020, 0xB840, 0x59E7, 0x3882, 0x3800, 0x5000, 0x7000, 0x8000, 0x8000,
  0x6800, 0x5800, 0x4800, 0x4000, 0x4800, 0x5000, 0x4800, 0x3800, 0x2000, 0x1000, 0x0800, 0x0000, 0x0000, 0x0000, 0x0000, 0x0000,
  0x0000, 0x0000, 0x1082, 0x31C7, 0xE464, 0xFC63, 0xF442, 0xEBE2, 0xE340, 0xE300, 0xDAC0, 0xE2A0, 0xDA80, 0xDA61, 0xDA22, 0xD981,
  0xD941, 0xE121, 0xE141, 0xE941, 0xE921, 0xE0E1, 0xD8E0, 0xD101, 0xC901, 0xB8C1, 0xA881, 0x9840, 0x9020, 0x9000, 0x9800, 0xA000,
  0xA820, 0xA061, 0x8840, 0x7000, 0x7000, 0x8800, 0xB020, 0xC860, 0xD8A1, 0xE0A1, 0x5104, 0x5020, 0x6800, 0x8000, 0x8800, 0x8800,
  0x7800, 0x6000, 0x5000, 0x5000, 0x5800, 0x5800, 0x5000, 0x3800, 0x2000, 0x1000, 0x0800, 0x0000, 0x0000, 0x0000, 0x0000, 0x0000,
  0x0000, 0x0000, 0x0841, 0x2124, 0xE484, 0xFC63, 0xF402, 0xEBC2, 0xE341, 0xE300, 0xDAA0, 0xDA60, 0xDA40, 0xDA21, 0xDA01, 0xD9C1,
  0xE1A1, 0xE181, 0xE941, 0xE961, 0xE981, 0xE121, 0xD0C0, 0xC0A0, 0xC0A0, 0xB881, 0xB860, 0xA820, 0xA020, 0xA820, 0xB020, 0xB000,
  0xB820, 0xB061, 0x9840, 0x7800, 0x7800, 0x9820, 0xC840, 0xE0A0, 0xF0E1, 0xF0E1, 0x71A7, 0x6882, 0x7800, 0x8000, 0x8800, 0x8800,
  0x7800, 0x6800, 0x6000, 0x5800, 0x6000, 0x6800, 0x5800, 0x4000, 0x2800, 0x1800, 0x0800, 0x0000, 0x0000, 0x0000, 0x0000, 0x0000,
  0x0000, 0x0000, 0x0020, 0x10C3, 0x3A08, 0xFC83, 0xF3E2, 0xEB81, 0xE321, 0xE300, 0xDAC0, 0xDA40, 0xDA41, 0xDA01, 0xDA01, 0xE221,
  0xE222, 0xE1E1, 0xE981, 0xE9A1, 0xE9E2, 0xE181, 0xC8C0, 0xB880, 0xB860, 0xC060, 0xC860, 0xC840, 0xC040, 0xC040, 0xC860, 0xC840,
  0xD060, 0xD080, 0xB840, 0xA020, 0xA020, 0xB840, 0xD880, 0xE8A0, 0xE8A0, 0xE0A0, 0x9A8A, 0x80E3, 0x7820, 0x8000, 0x8000, 0x8000,
  0x7800, 0x7000, 0x6000, 0x6000, 0x6000, 0x6800, 0x5800, 0x4000, 0x3000, 0x2000, 0x1000, 0x0800, 0x0000, 0x0000, 0x0000, 0x0000,
  0x0000, 0x0000, 0x0000, 0x0861, 0x2966, 0x5B0C, 0xFBE2, 0xF361, 0xEB01, 0xE300, 0xE300, 0xDA80, 0xDA60, 0xDA61, 0xDA41, 0xE2A2,
  0xE2A2, 0xE262, 0xE9E1, 0xE9C1, 0xF222, 0xE9C2, 0xD101, 0xC080, 0xC040, 0xD060, 0xD880, 0xE080, 0xE080, 0xE0A0, 0xE0C0, 0xE0A0,
  0xE8A0, 0xE8C0, 0xD860, 0xC840, 0xC040, 0xD060, 0xE0A1, 0xE080, 0xD060, 0xC040, 0xB040, 0x9165, 0x8061, 0x8000, 0x8000, 0x7800,
  0x7800, 0x7800, 0x6800, 0x6000, 0x5800, 0x6000, 0x5800, 0x4800, 0x3800, 0x2800, 0x1800, 0x0800, 0x0000, 0x0000, 0x0000, 0x0000,
  0x0000, 0x0000, 0x0000, 0x0021, 0x18E3, 0x4249, 0xFC22, 0xF381, 0xEB01, 0xE300, 0xE340, 0xDAC0, 0xDAA0, 0xE2C1, 0xE2E1, 0xEB22,
  0xEB22, 0xE2A1, 0xE201, 0xE9E1, 0xEA22, 0xE1C1, 0xD921, 0xC8C1, 0xD060, 0xE0A0, 0xE8E0, 0xF0E0, 0xF0C0, 0xF0C0, 0xF0E0, 0xF0E0,
  0xF100, 0xF0E0, 0xE060, 0xD040, 0xC840, 0xC860, 0xC881, 0xB860, 0xB040, 0xA020, 0x8800, 0x9A28, 0x80A2, 0x8020, 0x8000, 0x7800,
  0x8000, 0x7800, 0x6800, 0x5800, 0x5000, 0x5000, 0x5000, 0x4800, 0x4000, 0x2800, 0x1800, 0x0800, 0x0000, 0x0000, 0x0000, 0x0000,
  0x0000, 0x0000, 0x0000, 0x0000, 0x1082, 0x31A7, 0xFC43, 0xF3A2, 0xEB41, 0xE321, 0xE361, 0xE340, 0xDB00, 0xE341, 0xEB81, 0xF3C2,
  0xEBA2, 0xEAE1, 0xE221, 0xE1C1, 0xE1A1, 0xD961, 0xC901, 0xC8C1, 0xD8A0, 0xE8E0, 0xF160, 0xF940, 0xF900, 0xF0C0, 0xF0C0, 0xF100,
  0xF941, 0xF101, 0xE060, 0xC020, 0xA820, 0xA840, 0xA040, 0xA040, 0xA040, 0xA020, 0x8800, 0xAAEC, 0x9125, 0x8841, 0x8800, 0x8800,
  0x8800, 0x8000, 0x6000, 0x4800, 0x4800, 0x5000, 0x5000, 0x4800, 0x3800, 0x2800, 0x1800, 0x0800, 0x0000, 0x0000, 0x0000, 0x0000,
  0x0000, 0x0000, 0x0000, 0x0000, 0x0841, 0x2124, 0x528A, 0xFBE2, 0xF382, 0xEB41, 0xE361, 0xE380, 0xE360, 0xEBA1, 0xF3E1, 0xF422,
  0xF403, 0xEB41, 0xE260, 0xD9C0, 0xD960, 0xC8E1, 0xB0C1, 0xB8C1, 0xD8C0, 0xF120, 0xF9A0, 0xF9A0, 0xF920, 0xF0C0, 0xE8A0, 0xF0C0,
  0xF121, 0xE8E1, 0xC840, 0xA000, 0x8800, 0x8020, 0x8020, 0x9840, 0xB860, 0xB840, 0xA000, 0x9000, 0x99E7, 0x8882, 0x8800, 0x8800,
  0x8800, 0x7800, 0x5800, 0x4000, 0x4800, 0x5000, 0x5000, 0x4800, 0x3800, 0x2800, 0x1800, 0x0800, 0x0000, 0x0000, 0x0000, 0x0000,
  0x0000, 0x0000, 0x0000, 0x0000, 0x0020, 0x10A3, 0x39E8, 0xF402, 0xF3C2, 0xEB82, 0xE381, 0xE3C1, 0xE3C0, 0xEC01, 0xF441, 0xF462,
  0xF463, 0xEBC2, 0xE2E1, 0xDA20, 0xD180, 0xC0C0, 0xA8C1, 0xB8E1, 0xD101, 0xE960, 0xF1C0, 0xF9A1, 0xF140, 0xE8C0, 0xE080, 0xD880,
  0xD8E0, 0xC8A0, 0xA820, 0x8800, 0x7000, 0x7000, 0x8000, 0xA840, 0xC060, 0xC840, 0xB820, 0xA800, 0xA820, 0x8104, 0x7820, 0x7800,
  0x7800, 0x6800, 0x5000, 0x4000, 0x5000, 0x6000, 0x6000, 0x5000, 0x4000, 0x2800, 0x1800, 0x0800, 0x0800, 0x0000, 0x0000, 0x0000,
  0x0000, 0x0000, 0x0000, 0x0000, 0x0000, 0x0861, 0x2945, 0xF3E2, 0xF3E2, 0xEBA2, 0xEB81, 0xE3E1, 0xEC01, 0xEC41, 0xF462, 0xF483,
  0xF483, 0xEC23, 0xE3A2, 0xE301, 0xDA00, 0xC921, 0xB0E2, 0xB922, 0xD121, 0xE160, 0xE9A0, 0xE981, 0xE141, 0xD8C0, 0xC860, 0xB860,
  0xB080, 0xA840, 0x9000, 0x7800, 0x7820, 0x8820, 0x9820, 0xB820, 0xC840, 0xC840, 0xC020, 0xB820, 0xB820, 0x79A7, 0x6861, 0x6800,
  0x7000, 0x6000, 0x4800, 0x4800, 0x6000, 0x7000, 0x7000, 0x6000, 0x4800, 0x3800, 0x2000, 0x1000, 0x0800, 0x0000, 0x0000, 0x0000,
  0x0000, 0x0000, 0x0000, 0x0000, 0x0000, 0x0021, 0x20E3, 0x5A29, 0xF3C2, 0xEBA2, 0xEBA1, 0xEC01, 0xEC41, 0xF462, 0xF482, 0xF483,
  0xF4A3, 0xEC83, 0xEC43, 0xE3C2, 0xE2E1, 0xC9A1, 0xB902, 0xB122, 0xC101, 0xC900, 0xD120, 0xC900, 0xC0E1, 0xB8A0, 0xA040, 0x9020,
  0x8820, 0x9020, 0x9000, 0x8800, 0x9820, 0xA020, 0xB020, 0xC840, 0xD061, 0xD081, 0xC840, 0xC040, 0xB840, 0xA820, 0x58C3, 0x5820,
  0x6000, 0x5800, 0x5000, 0x5800, 0x7800, 0x8000, 0x7800, 0x6000, 0x5000, 0x3800, 0x2000, 0x1000, 0x0800, 0x0000, 0x0000, 0x0000,
  0x0000, 0x0000, 0x0000, 0x0000, 0x0000, 0x0020, 0x1882, 0x51A6, 0xF3A2, 0xF382, 0xEB81, 0xEC02, 0xEC62, 0xF462, 0xF482, 0xF482,
  0xEC83, 0xECA3, 0xECC4, 0xEC63, 0xE361, 0xD1E1, 0xB901, 0xA8E2, 0xA8A1, 0xA8A0, 0xA8A0, 0xA880, 0xA080, 0x9840, 0x9020, 0x8000,
  0x8000, 0x9000, 0xA020, 0xA020, 0xB040, 0xB840, 0xC860, 0xD081, 0xD8C1, 0xD0A1, 0xC061, 0xB061, 0xA841, 0xA800, 0x6166, 0x5041,
  0x5800, 0x5800, 0x5800, 0x7000, 0x8000, 0x7800, 0x6800, 0x5800, 0x4800, 0x3800, 0x2000, 0x1000, 0x0800, 0x0000, 0x0000, 0x0000,
  0x0000, 0x0000, 0x0000, 0x0000, 0x0000, 0x0000, 0x1841, 0x4904, 0x9A6A, 0xF3A2, 0xEB81, 0xEC02, 0xEC83, 0xF462, 0xF482, 0xF482,
  0xEC82, 0xECA3, 0xECE4, 0xECA4, 0xE382, 0xC9E1, 0xA8C1, 0xA081, 0x9861, 0x9860, 0x9040, 0x9840, 0xA040, 0xA040, 0xA040, 0x9020,
  0x9040, 0xB040, 0xC040, 0xC040, 0xC861, 0xD061, 0xD081, 0xD081, 0xC881, 0xC081, 0xB040, 0xA040, 0xA020, 0xB820, 0x7229, 0x58A2,
  0x5820, 0x5800, 0x6000, 0x7000, 0x7000, 0x6000, 0x5000, 0x4800, 0x4000, 0x3800, 0x2000, 0x1000, 0x0800, 0x0000, 0x0000, 0x0000,
  0x0000, 0x0000, 0x0000, 0x0000, 0x0000, 0x0000, 0x1020, 0x48A3, 0x99C7, 0xF3C2, 0xEBA1, 0xEC02, 0xEC63, 0xEC62, 0xF462, 0xF482,
  0xECA2, 0xECA3, 0xECE4, 0xE484, 0xDB42, 0xB9A1, 0xA0A1, 0x9860, 0x9840, 0x9840, 0x9040, 0xA040, 0xB060, 0xB8A0, 0xC0A1, 0xB081,
  0xB8A1, 0xD0A1, 0xE060, 0xD860, 0xE080, 0xE080, 0xD860, 0xC840, 0xC840, 0xC020, 0xB820, 0xA000, 0xA820, 0xC840, 0xD040, 0x6945,
  0x5841, 0x5000, 0x5800, 0x6800, 0x5800, 0x4000, 0x3800, 0x3800, 0x3800, 0x3000, 0x2000, 0x1000, 0x0800, 0x0000, 0x0000, 0x0000,
  0x0000, 0x0000, 0x0000, 0x0000, 0x0000, 0x0000, 0x1820, 0x5062, 0x9945, 0xC2AB, 0xEBC1, 0xEBC2, 0xEC23, 0xEC42, 0xF462, 0xECA2,
  0xECA2, 0xECA3, 0xECC4, 0xDC44, 0xCAC2, 0xB140, 0xA8A0, 0xA080, 0xA860, 0xA880, 0xA880, 0xB8A0, 0xD0C0, 0xD8E1, 0xD901, 0xD0E1,
  0xD0E1, 0xE0E1, 0xE880, 0xE880, 0xE8C0, 0xE8C0, 0xE080, 0xD840, 0xD820, 0xE040, 0xD040, 0xA820, 0xA020, 0xB861, 0xB840, 0x7208,
  0x58A2, 0x5020, 0x6000, 0x6000, 0x4800, 0x3000, 0x2800, 0x3000, 0x3000, 0x3000, 0x2800, 0x1800, 0x1000, 0x0800, 0x0000, 0x0000,
  0x0000, 0x0000, 0x0000, 0x0000, 0x0000, 0x0000, 0x1820, 0x5041, 0x98C3, 0xC208, 0xEBE2, 0xEBC2, 0xE3E2, 0xEC02, 0xEC42, 0xECA3,
  0xECC3, 0xECC3, 0xE4A4, 0xD3C4, 0xC222, 0xB120, 0xB100, 0xB900, 0xC0E0, 0xC0E0, 0xC8E0, 0xD920, 0xE940, 0xE941, 0xE121, 0xD8E1,
  0xE101, 0xE8E1, 0xF080, 0xF0C0, 0xF121, 0xF140, 0xF0E0, 0xE880, 0xF060, 0xF0A0, 0xE080, 0xB020, 0x9820, 0x9820, 0x8800, 0x8B0C,
  0x6125, 0x5841, 0x6800, 0x6800, 0x4000, 0x2800, 0x2000, 0x2800, 0x3000, 0x3800, 0x3800, 0x2800, 0x1000, 0x0800, 0x0000, 0x0000,
  0x0000, 0x0000, 0x0000, 0x0000, 0x0000, 0x0000, 0x2020, 0x5821, 0x9882, 0xC166, 0xEC02, 0xEBE2, 0xE3C2, 0xEBC1, 0xEC42, 0xECC3,
  0xECE4, 0xECC4, 0xDC64, 0xCB23, 0xB9C1, 0xC181, 0xC9C1, 0xD9C1, 0xD9A0, 0xD980, 0xE160, 0xE981, 0xF1A1, 0xF161, 0xE901, 0xE101,
  0xE921, 0xF120, 0xF100, 0xF141, 0xF181, 0xF180, 0xF100, 0xF0A0, 0xF0C0, 0xF101, 0xE0E1, 0xB860, 0x9820, 0x8000, 0x7000, 0x6800,
  0x71E8, 0x6082, 0x6820, 0x6000, 0x4000, 0x2800, 0x2800, 0x2800, 0x3000, 0x4000, 0x4000, 0x3000, 0x1800, 0x0800, 0x0800, 0x0000,
  0x0000, 0x0000, 0x0000, 0x0000, 0x0000, 0x0800, 0x2820, 0x6020, 0x9861, 0xB904, 0xC229, 0xEC03, 0xE403, 0xE3C2, 0xEC21, 0xECA3,
  0xED04, 0xE4E5, 0xDC04, 0xCAA3, 0xC1E2, 0xD262, 0xE2C2, 0xEA81, 0xEA40, 0xE200, 0xE9A0, 0xF1A1, 0xF9C1, 0xF181, 0xE921, 0xE961,
  0xE9A1, 0xF180, 0xF981, 0xF9A1, 0xF1A1, 0xF160, 0xE8E0, 0xE8A0, 0xE0C0, 0xD901, 0xD0C1, 0xB060, 0x9020, 0x7800, 0x6800, 0x6800,
  0x8AEC, 0x6924, 0x6041, 0x5800, 0x4000, 0x3000, 0x2800, 0x2800, 0x3800, 0x4000, 0x4800, 0x3800, 0x2000, 0x1000, 0x0800, 0x0000,
  0x0000, 0x0000, 0x0000, 0x0000, 0x0000, 0x0800, 0x2820, 0x6820, 0xA041, 0xB8A2, 0xB9A6, 0xEC44, 0xE465, 0xE402, 0xEC21, 0xECA3,
  0xECE4, 0xE4C5, 0xDBE4, 0xCA82, 0xD262, 0xE343, 0xEBA3, 0xF322, 0xEAC1, 0xEA61, 0xE9A0, 0xF160, 0xF181, 0xF1A1, 0xF181, 0xF1E1,
  0xF221, 0xF1C0, 0xF981, 0xF181, 0xF181, 0xE921, 0xD8A0, 0xC880, 0xB880, 0xB080, 0xA840, 0xA020, 0x8820, 0x7800, 0x7800, 0x7800,
  0x8000, 0x79E8, 0x6082, 0x5820, 0x4800, 0x3000, 0x2800, 0x2000, 0x3000, 0x4000, 0x4800, 0x3800, 0x2000, 0x1000, 0x0800, 0x0000,
  0x0000, 0x0000, 0x0000, 0x0000, 0x0000, 0x0800, 0x3020, 0x7020, 0xA021, 0xB062, 0xB104, 0xBA69, 0xE4A6, 0xE423, 0xEC01, 0xEC62,
  0xECA4, 0xECA4, 0xE404, 0xDAE3, 0xE302, 0xEC04, 0xF404, 0xF342, 0xEB02, 0xEAA1, 0xE9C0, 0xE940, 0xF161, 0xF1E2, 0xF1C1, 0xE9E1,
  0xE9E1, 0xE960, 0xE920, 0xE900, 0xE101, 0xD0C1, 0xB860, 0xA840, 0x9820, 0x9020, 0x9800, 0x9800, 0x9800, 0xA000, 0xA000, 0xA800,
  0xB000, 0xA000, 0x7124, 0x6041, 0x5000, 0x3000, 0x2000, 0x2000, 0x2800, 0x3800, 0x4000, 0x3000, 0x2000, 0x1000, 0x0800, 0x0800,
  0x0000, 0x0000, 0x0000, 0x0000, 0x0000, 0x1000, 0x4020, 0x7840, 0xA020, 0xB041, 0xB0C3, 0xB9C7, 0xE486, 0xE404, 0xE3C2, 0xE402,
  0xEC43, 0xEC64, 0xE424, 0xE384, 0xEB83, 0xF424, 0xF3E4, 0xEB22, 0xEB02, 0xEAC2, 0xE9C1, 0xE120, 0xE961, 0xE9E2, 0xE9C2, 0xE181,
  0xD941, 0xD8E0, 0xD080, 0xD060, 0xC860, 0xB860, 0xA020, 0x9820, 0x9040, 0x8820, 0x9800, 0xA800, 0xB800, 0xC820, 0xD060, 0xD040,
  0xC800, 0xA800, 0x81E8, 0x6882, 0x5000, 0x3000, 0x2000, 0x2000, 0x2000, 0x2800, 0x3000, 0x2800, 0x1800, 0x1000, 0x0800, 0x0000,
  0x0000, 0x0000, 0x0000, 0x0000, 0x0000, 0x1000, 0x4840, 0x8841, 0xA020, 0xB020, 0xB061, 0xB945, 0xC2AA, 0xDB83, 0xDB22, 0xE362,
  0xE3C2, 0xE403, 0xE404, 0xEBC4, 0xF3C3, 0xF404, 0xEB63, 0xE2C2, 0xE2E3, 0xE282, 0xE1A1, 0xD920, 0xD121, 0xD9A2, 0xD962, 0xD101,
  0xC8C1, 0xC060, 0xB840, 0xB820, 0xB820, 0xA820, 0xA000, 0x9820, 0x9861, 0x9840, 0xA000, 0xB000, 0xD020, 0xE860, 0xE8A1, 0xE060,
  0xC820, 0x9800, 0x7000, 0x7104, 0x5021, 0x3000, 0x2000, 0x2000, 0x2000, 0x2000, 0x2000, 0x2800, 0x2000, 0x1000, 0x0800, 0x0000,
  0x0000, 0x0000, 0x0000, 0x0000, 0x0000, 0x1800, 0x5041, 0x9061, 0xA841, 0xB020, 0xB841, 0xB8C3, 0xC208, 0xCAE3, 0xCA81, 0xD2A1,
  0xE322, 0xE362, 0xE383, 0xEBA4, 0xF3A3, 0xF3A3, 0xE2E3, 0xDA42, 0xDA42, 0xD1C2, 0xD141, 0xC0E0, 0xB8C1, 0xC122, 0xC8E1, 0xC8A1,
  0xC8A1, 0xB840, 0xA820, 0xA020, 0xA820, 0xB020, 0xA800, 0xA820, 0xA841, 0xA820, 0xB000, 0xC020, 0xE060, 0xF060, 0xE880, 0xE040,
  0xB800, 0x9000, 0x7000, 0x81E8, 0x5882, 0x3000, 0x2800, 0x2800, 0x3000, 0x2800, 0x2800, 0x3000, 0x2800, 0x1800, 0x0800, 0x0800,
  0x0000, 0x0000, 0x0000, 0x0000, 0x0000, 0x1800, 0x5861, 0xA081, 0xB061, 0xB820, 0xB820, 0xB882, 0xB985, 0xBACB, 0xC1E1, 0xCA41,
  0xDAC2, 0xDAC2, 0xDAC2, 0xEB03, 0xEB43, 0xEB43, 0xDA83, 0xD1E2, 0xD1A2, 0xC921, 0xB8A0, 0xA880, 0xA881, 0xB0C2, 0xC081, 0xD081,
  0xD081, 0xC061, 0xB040, 0xA060, 0xA860, 0xC040, 0xC840, 0xC840, 0xC040, 0xB820, 0xB820, 0xC860, 0xE060, 0xE040, 0xE020, 0xC820,
  0xB000, 0x9000, 0x7000, 0x5000, 0x6924, 0x4041, 0x3800, 0x4000, 0x3800, 0x3000, 0x3000, 0x3800, 0x3000, 0x1800, 0x0800, 0x0800,
  0x0000, 0x0000, 0x0000, 0x0000, 0x0000, 0x1820, 0x6061, 0xA8A2, 0xB881, 0xC040, 0xC020, 0xC041, 0xB103, 0xB208, 0xB9C1, 0xCA01,
  0xDAC2, 0xDAA2, 0xDA62, 0xE282, 0xE2A3, 0xDAA3, 0xD243, 0xD1C2, 0xD181, 0xC0E1, 0xB060, 0x9840, 0x9861, 0xA8A2, 0xB861, 0xD881,
  0xD881, 0xD080, 0xC8C0, 0xB901, 0xC121, 0xD8E1, 0xE0A0, 0xE080, 0xD860, 0xD060, 0xC820, 0xD040, 0xD040, 0xD020, 0xD000, 0xC000,
  0xA000, 0x8800, 0x6800, 0x5000, 0x8228, 0x5882, 0x5020, 0x4800, 0x3800, 0x2800, 0x3000, 0x3800, 0x3000, 0x1800, 0x0800, 0x0800,
  0x0000, 0x0000, 0x0000, 0x0000, 0x0000, 0x2020, 0x6861, 0xB0C2, 0xC0A2, 0xC841, 0xC820, 0xC020, 0xB0A2, 0xA965, 0xC201, 0xD261,
  0xDB42, 0xDB02, 0xDAA2, 0xE282, 0xDA22, 0xD202, 0xD202, 0xD201, 0xD1C1, 0xC900, 0xB080, 0xA040, 0xA061, 0xA881, 0xC061, 0xE081,
  0xE0A0, 0xE0E0, 0xE181, 0xDA22, 0xDA23, 0xE982, 0xF0E0, 0xE880, 0xE080, 0xE060, 0xD840, 0xD840, 0xD020, 0xD000, 0xC820, 0xB000,
  0x9000, 0x7000, 0x6000, 0x5000, 0x4800, 0x7145, 0x5841, 0x4000, 0x2800, 0x2800, 0x3800, 0x4000, 0x3000, 0x1800, 0x0800, 0x0800,
  0x0000, 0x0000, 0x0000, 0x0000, 0x0000, 0x2020, 0x6861, 0xB0C2, 0xC8C2, 0xC861, 0xC820, 0xC020, 0xA841, 0xA8E3, 0xC228, 0xDAE1,
  0xE3C3, 0xE3C3, 0xEB63, 0xE303, 0xDA42, 0xC9A1, 0xD1C1, 0xDA41, 0xDA21, 0xD960, 0xC0A1, 0xB060, 0xB081, 0xB081, 0xC060, 0xE0A0,
  0xE8E0, 0xE920, 0xE9C1, 0xEA63, 0xEA63, 0xE9A2, 0xE8C0, 0xE060, 0xE040, 0xE040, 0xE060, 0xD880, 0xD040, 0xC020, 0xB020, 0x9800,
  0x8000, 0x7000, 0x6000, 0x5800, 0x5000, 0x8A49, 0x58C3, 0x3020, 0x2000, 0x2000, 0x3000, 0x3800, 0x2800, 0x1000, 0x0800, 0x0800,
  0x0000, 0x0000, 0x0000, 0x0000, 0x0000, 0x2020, 0x6861, 0xB8E2, 0xC8E2, 0xD061, 0xD020, 0xC020, 0xA820, 0xA882, 0xC186, 0xDB0B,
  0xEC43, 0xEC64, 0xF445, 0xEBE5, 0xDAC3, 0xD1E1, 0xD1E1, 0xDA21, 0xE221, 0xE180, 0xD0E1, 0xC8A1, 0xC8C1, 0xC0A1, 0xC881, 0xE8E1,
  0xF140, 0xF160, 0xE981, 0xE9C2, 0xE1C2, 0xE141, 0xE080, 0xE040, 0xE020, 0xE040, 0xD080, 0xC0A1, 0xB040, 0xA820, 0xA020, 0x9000,
  0x9800, 0x9000, 0x7800, 0x6000, 0x5000, 0x4000, 0x6166, 0x3041, 0x1800, 0x2000, 0x2800, 0x2800, 0x2000, 0x1800, 0x1000, 0x0800,
  0x0000, 0x0000, 0x0000, 0x0000, 0x0000, 0x2020, 0x7061, 0xB0C2, 0xC8E2, 0xD081, 0xD020, 0xC000, 0xA820, 0xA841, 0xC924, 0xDA69,
  0xEC83, 0xF4C5, 0xF4E6, 0xEC86, 0xE384, 0xDAA2, 0xDA21, 0xDA01, 0xDA01, 0xE1A1, 0xE121, 0xE121, 0xE121, 0xD101, 0xD0A1, 0xE941,
  0xF1A1, 0xF140, 0xE900, 0xE100, 0xD8E1, 0xE0E1, 0xE0A0, 0xE060, 0xD820, 0xC020, 0xA840, 0xA040, 0xA020, 0xA800, 0xB800, 0xC020,
  0xC020, 0xA820, 0x8000, 0x6000, 0x5000, 0x3800, 0x7A6A, 0x38C3, 0x2000, 0x2000, 0x2800, 0x2800, 0x2800, 0x2800, 0x1800, 0x0800,
  0x0000, 0x0000, 0x0000, 0x0000, 0x0000, 0x2820, 0x7061, 0xB0C2, 0xC8E2, 0xC881, 0xC840, 0xC020, 0xA800, 0xB020, 0xC8C2, 0xD9C6,
  0xDACB, 0xF4E4, 0xF4E6, 0xEC66, 0xE3C5, 0xE343, 0xE281, 0xD9E1, 0xD9C1, 0xE1C1, 0xE9A1, 0xF1A1, 0xE981, 0xD941, 0xD8E1, 0xE981,
  0xF1A1, 0xF120, 0xE8A0, 0xD8A0, 0xD8A0, 0xE0E1, 0xD8C1, 0xD060, 0xB820, 0xA000, 0xA000, 0xB020, 0xB840, 0xC820, 0xD840, 0xD860,
  0xC020, 0x9000, 0x6800, 0x6000, 0x5800, 0x4000, 0x4020, 0x5965, 0x2820, 0x2800, 0x2800, 0x2800, 0x3000, 0x3800, 0x2000, 0x1000,
  0x0000, 0x0000, 0x0000, 0x0000, 0x0000, 0x2820, 0x7061, 0xA8A2, 0xC0C2, 0xC881, 0xC841, 0xC020, 0xA800, 0xB020, 0xD082, 0xD924,
  0xD208, 0xF4E4, 0xF485, 0xEBE5, 0xE3A4, 0xEB63, 0xE2C2, 0xD1C1, 0xD9A1, 0xE9E1, 0xF1E1, 0xF1E1, 0xF1A1, 0xE141, 0xE141, 0xE982,
  0xE941, 0xE8C0, 0xE880, 0xE0C0, 0xE0C0, 0xD8C1, 0xC880, 0xB840, 0xA800, 0xA800, 0xB800, 0xD040, 0xD8A1, 0xE080, 0xE860, 0xD060,
  0xA820, 0x8000, 0x7000, 0x7800, 0x6800, 0x4800, 0x4820, 0x7208, 0x3861, 0x2800, 0x2800, 0x2800, 0x3800, 0x3800, 0x2000, 0x1000,
  0x0000, 0x0000, 0x0000, 0x0000, 0x0800, 0x2820, 0x7062, 0xA8A2, 0xB8C2, 0xC081, 0xC041, 0xB821, 0xB000, 0xB820, 0xD041, 0xD8C2,
  0xD165, 0xD28A, 0xF444, 0xE384, 0xE323, 0xEB22, 0xE2A2, 0xD181, 0xD961, 0xE9E1, 0xF1E1, 0xF1E1, 0xF181, 0xE961, 0xE9A2, 0xE962,
  0xE901, 0xE880, 0xE880, 0xE0C0, 0xD8A0, 0xC860, 0xC040, 0xC040, 0xC020, 0xC820, 0xD820, 0xE880, 0xE8E1, 0xE8A1, 0xD840, 0xB820,
  0xA000, 0x9800, 0xA000, 0x9800, 0x8000, 0x5000, 0x4820, 0x7942, 0x4862, 0x3800, 0x3800, 0x3800, 0x4000, 0x3800, 0x2000, 0x1000,
  0x0000, 0x0000, 0x0000, 0x0000, 0x0800, 0x3021, 0x7862, 0xA882, 0xB0A2, 0xB882, 0xB861, 0xB821, 0xB000, 0xB800, 0xD021, 0xD861,
  0xD0C3, 0xD1C7, 0xF445, 0xE384, 0xE2E2, 0xE2C2, 0xDA42, 0xD141, 0xD941, 0xE9C1, 0xF1E1, 0xF1A1, 0xF141, 0xF181, 0xF1C2, 0xE982,
  0xE922, 0xE8A1, 0xE860, 0xD880, 0xD060, 0xC840, 0xD880, 0xD8C1, 0xE080, 0xE060, 0xE060, 0xE080, 0xD8A1, 0xD080, 0xC020, 0xB020,
  0xC040, 0xC860, 0xC020, 0xA800, 0x8800, 0x5800, 0x4020, 0x9A8A, 0x6862, 0x5800, 0x5000, 0x4800, 0x4800, 0x3800, 0x2000, 0x1000,
  0x0000, 0x0000, 0x0000, 0x0000, 0x0800, 0x3041, 0x7882, 0xA882, 0xB082, 0xB082, 0xB061, 0xB021, 0xB020, 0xC000, 0xD020, 0xD841,
  0xD082, 0xC925, 0xBA49, 0xE3C5, 0xE2E3, 0xDA42, 0xD1C1, 0xC901, 0xD961, 0xEA21, 0xF201, 0xF181, 0xF121, 0xF1A1, 0xF9E2, 0xF1C2,
  0xF1A2, 0xF101, 0xE060, 0xD820, 0xD840, 0xE080, 0xE941, 0xF161, 0xF0E0, 0xE8A0, 0xE080, 0xD060, 0xC040, 0xC040, 0xB820, 0xC840,
  0xD8A0, 0xD880, 0xB820, 0xA000, 0x8000, 0x5000, 0x4020, 0xAA29, 0x8041, 0x7000, 0x6000, 0x4800, 0x4000, 0x4000, 0x2800, 0x1000,
  0x0000, 0x0000, 0x0000, 0x0000, 0x0800, 0x3041, 0x7882, 0xA882, 0xB082, 0xA882, 0xA861, 0xB021, 0xB821, 0xC000, 0xD020, 0xD820,
  0xD041, 0xC0A3, 0xA986, 0xE3E6, 0xE2E3, 0xD1E1, 0xC141, 0xC0E1, 0xE1A1, 0xF2C2, 0xF282, 0xF1E1, 0xF161, 0xF1C1, 0xFA22, 0xF222,
  0xF202, 0xF141, 0xE860, 0xE040, 0xE080, 0xF120, 0xF9E1, 0xF9A1, 0xF8E0, 0xF0C0, 0xE0A0, 0xD840, 0xD040, 0xD040, 0xD040, 0xD840,
  0xD060, 0xB840, 0x9800, 0x9000, 0x8000, 0x5000, 0x3800, 0xA1C7, 0x7841, 0x6000, 0x5000, 0x3800, 0x3800, 0x4000, 0x3000, 0x1800,
  0x0000, 0x0000, 0x0000, 0x0000, 0x0800, 0x3041, 0x78A2, 0xA882, 0xB061, 0xA881, 0xA041, 0xA821, 0xB801, 0xC820, 0xD820, 0xD820,
  0xD021, 0xC062, 0xA104, 0x89E8, 0x8B0C, 0xC9E1, 0xC141, 0xC921, 0xE1E1, 0xFB02, 0xFB22, 0xFA82, 0xFA01, 0xFA21, 0xFA82, 0xF222,
  0xF1E2, 0xE941, 0xE880, 0xE060, 0xE900, 0xF1A1, 0xF9E1, 0xF941, 0xF8E0, 0xF101, 0xF0E0, 0xE860, 0xE080, 0xE880, 0xE040, 0xD820,
  0xC020, 0xA000, 0x9000, 0x9000, 0x7800, 0x5000, 0x3800, 0x8945, 0x5820, 0x4800, 0x3800, 0x2800, 0x3000, 0x4000, 0x3800, 0x2000,
  0x0000, 0x0000, 0x0000, 0x0000, 0x0800, 0x3041, 0x78A2, 0xA882, 0xB061, 0xA861, 0x9841, 0xA821, 0xB801, 0xC820, 0xD821, 0xD820,
  0xD820, 0xC041, 0xA0A3, 0x8145, 0x7A49, 0xD222, 0xC9A1, 0xD981, 0xE9E1, 0xFB22, 0xFB82, 0xFB22, 0xFA82, 0xFA82, 0xFAA2, 0xF1E1,
  0xE182, 0xD901, 0xD880, 0xE0A0, 0xE120, 0xE9A1, 0xE961, 0xF0E1, 0xF0C0, 0xF101, 0xE8E0, 0xE060, 0xE080, 0xD860, 0xC820, 0xB800,
  0xA800, 0x9800, 0x8800, 0x7800, 0x6000, 0x4000, 0x3000, 0x80E4, 0x4800, 0x3800, 0x3000, 0x2800, 0x3000, 0x4000, 0x3800, 0x2000,
  0x0000, 0x0000, 0x0000, 0x0000, 0x0800, 0x3041, 0x70A2, 0xA082, 0xB061, 0xB061, 0x9841, 0xA021, 0xC021, 0xD021, 0xD841, 0xE020,
  0xD800, 0xC021, 0xA862, 0x88E4, 0x6987, 0x7A8B, 0xDA61, 0xE201, 0xE9E1, 0xFB22, 0xFBA2, 0xFB62, 0xFAE2, 0xF2A2, 0xEA82, 0xD981,
  0xC101, 0xB8A1, 0xC881, 0xC8A1, 0xC8E1, 0xC921, 0xC8E1, 0xD080, 0xE0A0, 0xE0A0, 0xD060, 0xC840, 0xB820, 0xA820, 0x9800, 0x8800,
  0x8000, 0x8820, 0x7000, 0x5800, 0x4800, 0x3800, 0x3800, 0x88A2, 0x5800, 0x3800, 0x3000, 0x2800, 0x3000, 0x3800, 0x3800, 0x2000,
  0x0000, 0x0000, 0x0000, 0x0000, 0x0800, 0x2841, 0x6882, 0x9882, 0xB861, 0xB081, 0x9841, 0xA021, 0xC001, 0xD821, 0xE041, 0xE020,
  0xD800, 0xC821, 0xB042, 0x88A3, 0x5904, 0x59C7, 0xEAE1, 0xEA81, 0xF221, 0xFAE2, 0xFB42, 0xFB22, 0xF2A2, 0xE242, 0xD1E2, 0xB121,
  0x9081, 0x9061, 0xA8A2, 0xB0A2, 0xA8A1, 0xA8A1, 0xA881, 0xA840, 0xC061, 0xC040, 0xB020, 0xA000, 0x9000, 0x9000, 0x8800, 0x7800,
  0x7800, 0x7800, 0x6000, 0x5000, 0x4000, 0x3800, 0xC2AA, 0x9061, 0x6800, 0x4800, 0x3000, 0x2800, 0x2800, 0x3000, 0x3000, 0x2000,
  0x0000, 0x0000, 0x0000, 0x0000, 0x0800, 0x2861, 0x6082, 0x9082, 0xB061, 0xB061, 0x9841, 0xA021, 0xC801, 0xD821, 0xE041, 0xE020,
  0xD820, 0xC821, 0xB841, 0x9082, 0x58A3, 0x4925, 0x59E8, 0xF301, 0xF262, 0xF2C2, 0xF2C2, 0xEA82, 0xDA01, 0xB961, 0xA922, 0x88C1,
  0x7061, 0x7861, 0x90A2, 0x98A2, 0x9861, 0x9861, 0x9861, 0x9841, 0xB061, 0xB840, 0xB020, 0xA820, 0xA820, 0xB040, 0xB020, 0x9000,
  0x8000, 0x7000, 0x6000, 0x5800, 0x4800, 0x3800, 0xCA48, 0x9861, 0x6800, 0x4800, 0x3000, 0x2800, 0x3000, 0x3841, 0x3861, 0x2020,
  0x0000, 0x0000, 0x0000, 0x0000, 0x0820, 0x2861, 0x5882, 0x8882, 0xB061, 0xB861, 0xA041, 0xA021, 0xC821, 0xE041, 0xE041, 0xE021,
  0xD820, 0xD021, 0xC041, 0x9062, 0x6083, 0x40C4, 0x4145, 0x5A08, 0xF2C2, 0xF262, 0xE202, 0xD1C1, 0xB941, 0x90A1, 0x78A1, 0x7081,
  0x6041, 0x7082, 0x88C2, 0x98A2, 0x9861, 0xA041, 0xA021, 0xA820, 0xC040, 0xC840, 0xC860, 0xC860, 0xC861, 0xD081, 0xB820, 0x9800,
  0x8800, 0x7800, 0x6800, 0x6000, 0x5000, 0x4000, 0xD1E7, 0xA040, 0x6800, 0x4800, 0x3000, 0x3000, 0x4061, 0x4061, 0x4924, 0x2020,
  0x0000, 0x0000, 0x0000, 0x0000, 0x1020, 0x2861, 0x4882, 0x7862, 0xA861, 0xB861, 0xA041, 0xA821, 0xC821, 0xE021, 0xE841, 0xE020,
  0xD821, 0xD021, 0xC041, 0x9862, 0x7082, 0x48A3, 0x30E4, 0x4166, 0x6229, 0xEA22, 0xD981, 0xC121, 0x98A1, 0x7041, 0x6061, 0x6881,
  0x7061, 0x8881, 0x98C2, 0xA881, 0xB040, 0xB820, 0xB800, 0xC820, 0xD040, 0xD880, 0xD8C0, 0xD0A0, 0xC861, 0xC061, 0xB020, 0x9800,
  0x9000, 0x8000, 0x7000, 0x6000, 0x5800, 0x4800, 0xD165, 0x9820, 0x6800, 0x4800, 0x4000, 0x4020, 0x6985, 0x6985, 0x5186, 0x2020,
  0x0000, 0x0000, 0x0000, 0x0000, 0x1020, 0x3082, 0x4882, 0x7082, 0xA082, 0xB861, 0xA841, 0xA821, 0xC821, 0xE021, 0xE841, 0xD820,
  0xD021, 0xD821, 0xC821, 0xA062, 0x8082, 0x58A3, 0x30A3, 0x3104, 0x4966, 0x6A29, 0xD961, 0xB901, 0x9061, 0x7020, 0x7061, 0x8081,
  0x98A1, 0xA8C1, 0xC0E1, 0xC8A0, 0xD040, 0xC820, 0xC820, 0xD860, 0xD880, 0xD8C1, 0xD8E1, 0xC0A0, 0xB040, 0xB820, 0xB000, 0xA000,
  0x9800, 0x9800, 0x8000, 0x6800, 0x5000, 0x4000, 0xD0E3, 0xA000, 0x7800, 0x6800, 0x5800, 0x60E3, 0xABCA, 0x9B6A, 0x4924, 0x2800,
  0x0000, 0x0000, 0x0000, 0x0000, 0x1820, 0x3082, 0x40A2, 0x6082, 0x9882, 0xB861, 0xA841, 0xA821, 0xC821, 0xE021, 0xE821, 0xD800,
  0xD020, 0xD021, 0xC021, 0xA862, 0x9882, 0x6082, 0x30A3, 0x28C4, 0x30E4, 0x5166, 0x8A49, 0xCB4E, 0xA081, 0x9060, 0xA0A0, 0xB8E1,
  0xC101, 0xC901, 0xD101, 0xD8C0, 0xD880, 0xD060, 0xD0A0, 0xD8A0, 0xD8A1, 0xD8C1, 0xD0A0, 0xC060, 0xB820, 0xC000, 0xB800, 0xA800,
  0xA800, 0xA000, 0x7800, 0x5000, 0x3800, 0x3000, 0xC082, 0xA800, 0xA020, 0x9820, 0x8061, 0x9227, 0xB3EB, 0x9B8A, 0x48A2, 0x3800,
  0x0000, 0x0000, 0x0000, 0x0000, 0x1841, 0x38A2, 0x40A2, 0x5882, 0x90A2, 0xB062, 0xB041, 0xB021, 0xC821, 0xE021, 0xE820, 0xD800,
  0xD000, 0xD021, 0xC021, 0xA862, 0xA082, 0x6882, 0x3083, 0x20A3, 0x28C3, 0x40E4, 0x8966, 0xD209, 0xB8A1, 0xB8A0, 0xC901, 0xE141,
  0xE121, 0xD901, 0xD8E1, 0xE100, 0xE121, 0xE141, 0xE161, 0xE121, 0xE101, 0xE121, 0xD8E0, 0xD080, 0xD020, 0xD020, 0xC800, 0xB000,
  0x9800, 0x7800, 0x5800, 0x3800, 0x3000, 0xCA48, 0xA841, 0xA800, 0xB820, 0xB840, 0xA903, 0xC44C, 0xB42B, 0xA3AA, 0x6861, 0x6000,
  0x0000, 0x0000, 0x0000, 0x0000, 0x2061, 0x40C2, 0x48C2, 0x58A2, 0x88C3, 0xB082, 0xB041, 0xB021, 0xC821, 0xE020, 0xE000, 0xD800,
  0xD000, 0xD020, 0xB821, 0xA842, 0xA062, 0x7082, 0x3083, 0x28A3, 0x28A3, 0x48A3, 0x98A3, 0xD124, 0xE9E7, 0xD901, 0xE941, 0xF121,
  0xE101, 0xD8E1, 0xE121, 0xE981, 0xEA02, 0xEA42, 0xEA62, 0xE9E1, 0xE9A1, 0xE981, 0xE120, 0xE0A0, 0xE060, 0xD840, 0xC020, 0x9800,
  0x7000, 0x5800, 0x3800, 0x2800, 0x2800, 0xA9A6, 0x8820, 0x9000, 0xB000, 0xC860, 0xC1E6, 0xC44B, 0xBC6C, 0x91E7, 0x8020, 0x8000,
  0x0000, 0x0000, 0x0000, 0x0000, 0x2861, 0x50E2, 0x50C3, 0x50A3, 0x80C3, 0xA8A2, 0xB041, 0xB021, 0xC021, 0xD820, 0xE000, 0xE000,
  0xD800, 0xD021, 0xB021, 0xA041, 0x9862, 0x6862, 0x3083, 0x28A3, 0x30A3, 0x6083, 0xA842, 0xD862, 0xE8E4, 0xE9A7, 0xEAAB, 0xF121,
  0xE0E1, 0xD8C1, 0xE941, 0xF1E2, 0xF283, 0xF2E3, 0xEAE2, 0xEA41, 0xE9C1, 0xE980, 0xE100, 0xE0A0, 0xE080, 0xC040, 0x9820, 0x7000,
  0x5000, 0x4000, 0x3000, 0x2800, 0x2800, 0x9904, 0x7800, 0x8000, 0xB000, 0xC8A2, 0xD30A, 0xC42B, 0xC48C, 0x8124, 0x8020, 0x8800,
  0x0000, 0x0000, 0x0000, 0x0800, 0x3081, 0x6103, 0x58E3, 0x50C3, 0x78E3, 0xA0A2, 0xB041, 0xB821, 0xC021, 0xD821, 0xE020, 0xD800,
  0xD800, 0xC800, 0xB021, 0x9841, 0x9041, 0x6062, 0x38A3, 0x30A3, 0x38A3, 0x7062, 0xB821, 0xD821, 0xE861, 0xE0C3, 0xE186, 0xE2AA,
  0xD0C1, 0xD0C1, 0xE921, 0xE981, 0xEA22, 0xEAC3, 0xEAC2, 0xEA21, 0xE9A1, 0xE160, 0xD8E0, 0xD0A0, 0xB880, 0x9820, 0x7000, 0x5000,
  0x4000, 0x4000, 0x3000, 0x2800, 0x2800, 0x90A2, 0x8000, 0x9800, 0xB820, 0xC923, 0xC3C9, 0xC3CA, 0xC48C, 0x68A2, 0x7800, 0x9000,
  0x0000, 0x0000, 0x0000, 0x0800, 0x3881, 0x6903, 0x6103, 0x50C3, 0x70E3, 0x98A2, 0xB021, 0xB821, 0xC041, 0xD041, 0xE020, 0xD800,
  0xD800, 0xC800, 0xB021, 0x9821, 0x8821, 0x6862, 0x40A3, 0x38C3, 0x40A3, 0x7842, 0xB821, 0xD820, 0xE841, 0xE041, 0xD8A3, 0xD166,
  0xD28A, 0xC881, 0xE0C1, 0xE0E1, 0xE182, 0xE1E2, 0xE201, 0xE1A1, 0xD961, 0xD100, 0xC0A0, 0xA840, 0x8820, 0x7800, 0x6000, 0x4000,
  0x4800, 0x5000, 0x5000, 0x4000, 0xC2AA, 0x9861, 0x9000, 0xA800, 0xC840, 0xD1E6, 0xC3C9, 0xC3A9, 0xC44B, 0x5041, 0x6800, 0x8000,
  0x0000, 0x0000, 0x0000, 0x0800, 0x40A1, 0x7123, 0x6103, 0x50C3, 0x60E3, 0x9082, 0xB021, 0xC021, 0xB841, 0xC841, 0xD821, 0xD800,
  0xD000, 0xC800, 0xB020, 0xA021, 0x9021, 0x7062, 0x4882, 0x38C3, 0x40A3, 0x7842, 0xB821, 0xD820, 0xE041, 0xE021, 0xD821, 0xC0A2,
  0xC145, 0xDA69, 0xE0A0, 0xE0E0, 0xE121, 0xD901, 0xD900, 0xD0E0, 0xC8C0, 0xB880, 0xA040, 0x9020, 0x8020, 0x7000, 0x5800, 0x4800,
  0x6000, 0x8000, 0x8000, 0x6800, 0xB208, 0x9040, 0x9000, 0xB000, 0xC861, 0xD288, 0xDC90, 0xC3C9, 0x69A6, 0x4020, 0x5000, 0x5800,
  0x0000, 0x0000, 0x0000, 0x1020, 0x48A1, 0x7943, 0x6903, 0x50C3, 0x58C3, 0x8082, 0xA821, 0xC021, 0xB841, 0xC041, 0xD021, 0xD000,
  0xD000, 0xC800, 0xC000, 0xB020, 0xA020, 0x8041, 0x5082, 0x40A3, 0x40A3, 0x7842, 0xB821, 0xD820, 0xE021, 0xE021, 0xD001, 0xC041,
  0xC8A2, 0xE144, 0xEA28, 0xF141, 0xE121, 0xD080, 0xD080, 0xC860, 0xB860, 0xB040, 0xA020, 0x9020, 0x9040, 0x8820, 0x7800, 0x8000,
  0xA000, 0xB800, 0xA000, 0x6800, 0xA9C6, 0x8020, 0x8800, 0xA800, 0xC0A2, 0xDB0A, 0xCCAC, 0xC42A, 0x58E3, 0x3800, 0x4000, 0x4000,
  0x0000, 0x0000, 0x0000, 0x1020, 0x50C1, 0x8142, 0x6902, 0x48C2, 0x50A3, 0x7882, 0xA821, 0xC021, 0xB841, 0xB841, 0xC821, 0xC820,
  0xC800, 0xC800, 0xC800, 0xC000, 0xB020, 0x9021, 0x6862, 0x48A3, 0x40A3, 0x7062, 0xB021, 0xD820, 0xE021, 0xE000, 0xD000, 0xD041,
  0xD861, 0xE881, 0xE903, 0xE9C7, 0xE100, 0xD880, 0xD060, 0xC840, 0xC860, 0xD060, 0xB820, 0x9820, 0xA841, 0xB040, 0xB040, 0xB820,
  0xC820, 0xC020, 0x9800, 0x6000, 0xA965, 0x8861, 0x9061, 0xA040, 0xB903, 0xD32C, 0xCCAC, 0xC46B, 0x5861, 0x4000, 0x3800, 0x3000,
  0x0000, 0x0000, 0x0000, 0x1020, 0x58E1, 0x8942, 0x7102, 0x48A2, 0x48A2, 0x6862, 0xA021, 0xB821, 0xB041, 0xB041, 0xB841, 0xC020,
  0xC000, 0xD000, 0xD000, 0xC800, 0xC000, 0xA821, 0x7862, 0x50A3, 0x48C3, 0x7082, 0xB021, 0xD020, 0xE020, 0xE000, 0xD821, 0xD841,
  0xE041, 0xE840, 0xE861, 0xE8C3, 0xE165, 0xDA6A, 0xD860, 0xD840, 0xD860, 0xE060, 0xD040, 0xA020, 0xA841, 0xC061, 0xC081, 0xC060,
  0xC040, 0xB020, 0x9800, 0x6800, 0xB964, 0xA902, 0xA102, 0xA0A2, 0xB185, 0xC36D, 0xC48B, 0x99E7, 0x7020, 0x5000, 0x3000, 0x2000,
  0x0000, 0x0000, 0x0000, 0x1840, 0x6102, 0x8942, 0x68E2, 0x48A2, 0x4082, 0x6062, 0x9821, 0xB841, 0xA841, 0xA041, 0xA841, 0xA821,
  0xB800, 0xC800, 0xD000, 0xD800, 0xD000, 0xC020, 0x9041, 0x68A3, 0x50C3, 0x7082, 0xA841, 0xD021, 0xD821, 0xD821, 0xD021, 0xD821,
  0xE020, 0xE820, 0xE841, 0xE841, 0xE082, 0xE125, 0xEA49, 0xE080, 0xD860, 0xD861, 0xD061, 0x9820, 0x9040, 0x9841, 0x9861, 0xA040,
  0xB020, 0xB000, 0xA000, 0xDB8C, 0xC163, 0xB983, 0xA9A4, 0xA184, 0xAA69, 0xAB07, 0xC46B, 0x9945, 0x8000, 0x6000, 0x3800, 0x2000,
  0x0000, 0x0000, 0x0000, 0x1840, 0x6922, 0x9162, 0x70E2, 0x48A2, 0x4082, 0x5862, 0x8841, 0xA841, 0x9841, 0x9042, 0x9062, 0x9841,
  0xB020, 0xC800, 0xD800, 0xE020, 0xE020, 0xD020, 0xB021, 0x8082, 0x60A3, 0x6882, 0xA041, 0xC821, 0xD821, 0xD821, 0xD000, 0xD820,
  0xE020, 0xE820, 0xE841, 0xE841, 0xE821, 0xE882, 0xF165, 0xEA27, 0xC060, 0xC881, 0xB881, 0x8820, 0x7020, 0x6820, 0x7800, 0x9820,
  0xB840, 0xB820, 0xA800, 0xD30A, 0xC163, 0xB9C4, 0xB206, 0xB247, 0x5881, 0xA2C6, 0xC44A, 0x9104, 0x8020, 0x7000, 0x5000, 0x3000,
  0x0000, 0x0000, 0x0000, 0x2060, 0x7962, 0x99A2, 0x7102, 0x48A2, 0x4082, 0x5062, 0x8041, 0xA062, 0x8842, 0x7862, 0x7862, 0x8041,
  0xA021, 0xC800, 0xD800, 0xE020, 0xE020, 0xE020, 0xC021, 0x9841, 0x7062, 0x6862, 0x9021, 0xC021, 0xD841, 0xE020, 0xD800, 0xD820,
  0xE020, 0xE820, 0xE841, 0xE821, 0xE820, 0xF081, 0xF102, 0xE923, 0xE205, 0xEAC9, 0xB061, 0x9820, 0x7820, 0x6800, 0x8000, 0x9841,
  0xB041, 0xA020, 0x8820, 0xD2C9, 0xC183, 0xB9E5, 0xBA46, 0xC2E9, 0x5080, 0xA2A6, 0xC46B, 0x9944, 0x8060, 0x7820, 0x6000, 0x4000,
  0x0000, 0x0000, 0x0000, 0x2860, 0x8182, 0xA1C2, 0x7922, 0x50A2, 0x4082, 0x4862, 0x7061, 0x9082, 0x7862, 0x6862, 0x6062, 0x6841,
  0x9021, 0xC800, 0xD800, 0xE820, 0xE821, 0xE820, 0xD820, 0xB021, 0x8841, 0x7041, 0x8821, 0xB820, 0xD020, 0xE000, 0xE000, 0xD820,
  0xD821, 0xE020, 0xE820, 0xE820, 0xE820, 0xF081, 0xF0A2, 0xE8C1, 0xE163, 0xE9E4, 0xEA67, 0xEB4B, 0x9800, 0x9020, 0xA020, 0x9840,
  0x8820, 0x7020, 0x6000, 0xDAE8, 0xD1E4, 0xCA46, 0xCAA7, 0xCB8C, 0x4860, 0x9A85, 0xDBAC, 0xB9C3, 0xA921, 0x98C1, 0x7860, 0x6020,
  0x0000, 0x0000, 0x0000, 0x2860, 0x89A2, 0xB202, 0x8142, 0x50A2, 0x4082, 0x4862, 0x6062, 0x7882, 0x6062, 0x5082, 0x4882, 0x5062,
  0x8841, 0xC000, 0xD800, 0xE820, 0xE841, 0xF041, 0xE021, 0xC821, 0xA021, 0x8021, 0x8820, 0xA800, 0xC800, 0xD800, 0xE020, 0xD821,
  0xD821, 0xE020, 0xE020, 0xE800, 0xE820, 0xF061, 0xE881, 0xE081, 0xE142, 0xE962, 0xE983, 0xEA25, 0xF309, 0xC840, 0xC860, 0xA840,
  0x7800, 0x6800, 0x6000, 0xE2E7, 0xDA44, 0xD286, 0xD2E8, 0xDBED, 0x4840, 0x9224, 0xE389, 0xD202, 0xC9C2, 0xB982, 0xA901, 0x90A0,
  0x0000, 0x0000, 0x0000, 0x2860, 0x99C2, 0xBA63, 0x91A2, 0x58C2, 0x4882, 0x4882, 0x5862, 0x6882, 0x5082, 0x3882, 0x3882, 0x4062,
  0x7841, 0xB821, 0xD800, 0xE820, 0xF040, 0xF041, 0xE841, 0xD820, 0xB801, 0x9820, 0x8800, 0x9800, 0xB800, 0xD000, 0xE021, 0xD841,
  0xD021, 0xD020, 0xD820, 0xE020, 0xE841, 0xE881, 0xE081, 0xE081, 0xE102, 0xE922, 0xE941, 0xE9A3, 0xF1E4, 0xEA26, 0xE289, 0xC860,
  0xA000, 0x9000, 0x9020, 0xEAE6, 0xDA85, 0xD2A6, 0xD2E8, 0xDBED, 0x4840, 0x81C3, 0xEBA7, 0xE2A1, 0xDA41, 0xD9E1, 0xC981, 0xC161,
  0x0000, 0x0000, 0x0000, 0x3060, 0x99C2, 0xC283, 0xA1E3, 0x68E2, 0x50A2, 0x5082, 0x5082, 0x5082, 0x4082, 0x3082, 0x2882, 0x3062,
  0x6841, 0xA021, 0xD000, 0xE020, 0xF020, 0xF041, 0xF041, 0xE820, 0xD000, 0xA800, 0x9000, 0x8800, 0xA800, 0xC000, 0xD021, 0xD021,
  0xC821, 0xC821, 0xD020, 0xD841, 0xE861, 0xE881, 0xE8C2, 0xE081, 0xE0C1, 0xE0E1, 0xE121, 0xF162, 0xF141, 0xE922, 0xE143, 0xD9A6,
  0xE2AA, 0xB020, 0xA820, 0xE2C5, 0xDA84, 0xDAA6, 0xD2E7, 0xDBED, 0x3820, 0x7982, 0xEC06, 0xEB82, 0xE322, 0xE2A1, 0xE241, 0xE222,
  0x0000, 0x0000, 0x0000, 0x3060, 0x99C2, 0xCAC3, 0xAA43, 0x7102, 0x58A2, 0x58A2, 0x4882, 0x4082, 0x3082, 0x2882, 0x2082, 0x2882,
  0x5062, 0x9021, 0xC000, 0xE000, 0xF020, 0xF041, 0xF041, 0xE820, 0xD800, 0xC000, 0xA000, 0x8000, 0x9000, 0xB000, 0xC000, 0xC821,
  0xC021, 0xC021, 0xC020, 0xD061, 0xE061, 0xE8A1, 0xE8C2, 0xE881, 0xE8A1, 0xE0E1, 0xE901, 0xF101, 0xE8E1, 0xE0E1, 0xE102, 0xD8C2,
  0xE124, 0xE227, 0xDA66, 0xD203, 0xD243, 0xDAA5, 0xDB07, 0xE44E, 0x3800, 0x7942, 0xEC65, 0xEC63, 0xEC43, 0xEBE2, 0xEB61, 0xEB01,
  0x0000, 0x0000, 0x0000, 0x3060, 0x99A2, 0xD2C3, 0xBA84, 0x8142, 0x68C2, 0x60A2, 0x4882, 0x3862, 0x2882, 0x2082, 0x2082, 0x2882,
  0x4062, 0x7841, 0xB000, 0xD800, 0xE820, 0xF041, 0xF041, 0xF020, 0xE000, 0xC800, 0xB000, 0x8000, 0x8000, 0x9800, 0xB000, 0xB800,
  0xB800, 0xB820, 0xB820, 0xC041, 0xD841, 0xE861, 0xE881, 0xE881, 0xE8A1, 0xE8E1, 0xE901, 0xF0E1, 0xE901, 0xE901, 0xE922, 0xE0A1,
  0xE0C2, 0xD8E2, 0xB0E2, 0xA101, 0xB1A2, 0xD264, 0xDB27, 0x3000, 0x3800, 0x7122, 0xEC44, 0xEC83, 0xECE4, 0xECC4, 0xF483, 0xF421,
  0x0000, 0x0000, 0x0000, 0x3060, 0x9182, 0xD2C3, 0xCAA4, 0x9163, 0x70C3, 0x68C2, 0x4882, 0x3062, 0x2882, 0x20A3, 0x2082, 0x2082,
  0x3882, 0x6041, 0x9820, 0xC800, 0xE020, 0xE840, 0xF040, 0xE820, 0xE000, 0xD800, 0xC000, 0x9000, 0x7800, 0x8000, 0x9800, 0xB000,
  0xB000, 0xB820, 0xB800, 0xB820, 0xC840, 0xD841, 0xE040, 0xE841, 0xF0A1, 0xF101, 0xF101, 0xF0E1, 0xF142, 0xE901, 0xE0C1, 0xE0C1,
  0xE0C2, 0xD0A1, 0xA040, 0x8060, 0x88E1, 0xB1C3, 0xD307, 0x3000, 0x3800, 0xECEB, 0xE442, 0xEC61, 0xECC2, 0xF504, 0xFD03, 0xF4E2,
  0x0000, 0x0000, 0x0000, 0x3060, 0x9162, 0xD283, 0xD2C4, 0xA1A3, 0x78E3, 0x68C3, 0x5082, 0x3062, 0x2882, 0x28A3, 0x2082, 0x2082,
  0x3082, 0x4861, 0x7821, 0xB020, 0xD000, 0xE020, 0xE820, 0xE000, 0xE000, 0xD800, 0xC800, 0xA000, 0x7000, 0x7000, 0x8800, 0xA000,
  0xB000, 0xB800, 0xB800, 0xB000, 0xB820, 0xC020, 0xC820, 0xE020, 0xF0A1, 0xF0E1, 0xF0E1, 0xF0E1, 0xF142, 0xE922, 0xE0A1, 0xE0A1,
  0xE0C1, 0xD881, 0xB860, 0x9861, 0x88A1, 0x9122, 0xBA46, 0x3000, 0x3800, 0xECA8, 0xE421, 0xEC60, 0xECA1, 0xF502, 0xF503, 0xECC1,
  0x0000, 0x0000, 0x0000, 0x3060, 0x9162, 0xCA63, 0xDAE4, 0xA9E3, 0x8103, 0x68C2, 0x5082, 0x3862, 0x30A3, 0x28A3, 0x2082, 0x2082,
  0x2882, 0x3862, 0x5841, 0x9020, 0xB800, 0xD000, 0xD800, 0xE000, 0xD800, 0xD800, 0xD000, 0xA800, 0x7800, 0x6800, 0x8000, 0x9800,
  0xB000, 0xB800, 0xB000, 0xA800, 0xB000, 0xB020, 0xB800, 0xD820, 0xF060, 0xF0A1, 0xF0C1, 0xF0E1, 0xF142, 0xE942, 0xD881, 0xE081,
  0xE881, 0xE881, 0xD8A1, 0xC0A1, 0xA0A2, 0x98A2, 0xB103, 0xD268, 0x3800, 0xE3C5, 0xE3E0, 0xEC40, 0xECA0, 0xF4E1, 0xF4E2, 0xECA1,
  0x0000, 0x0000, 0x0000, 0x3881, 0x9162, 0xCA43, 0xDAE4, 0xBA23, 0x8923, 0x68A2, 0x5082, 0x3882, 0x38C3, 0x30C3, 0x2082, 0x2082,
  0x2882, 0x2862, 0x4061, 0x6821, 0x9820, 0xB000, 0xC000, 0xD000, 0xD000, 0xD000, 0xD020, 0xB000, 0x7800, 0x6800, 0x7000, 0x8800,
  0xA000, 0xB000, 0xB000, 0xA800, 0xA800, 0xA800, 0xB800, 0xD800, 0xE840, 0xF060, 0xF0A1, 0xF0E1, 0xF902, 0xE922, 0xD081, 0xD040,
  0xE040, 0xE060, 0xE081, 0xD061, 0xB841, 0xB841, 0xD081, 0xD963, 0xDA04, 0xD242, 0xE320, 0xEC01, 0xF481, 0xF4C2, 0xECA2, 0xEC60,
  0x0000, 0x0000, 0x0000, 0x3881, 0x9182, 0xCA23, 0xE2C4, 0xC244, 0x9143, 0x68A2, 0x5882, 0x4082, 0x40C3, 0x30C3, 0x2082, 0x28A3,
  0x2882, 0x2862, 0x3062, 0x5041, 0x7021, 0x9000, 0xA800, 0xC000, 0xC800, 0xC000, 0xC020, 0xA800, 0x8000, 0x6800, 0x6800, 0x7800,
  0x9000, 0xA800, 0xA800, 0xA800, 0xA800, 0xA800, 0xB800, 0xD800, 0xE820, 0xF061, 0xF0C1, 0xF102, 0xF8E1, 0xF0E1, 0xC881, 0xB820,
  0xC020, 0xC820, 0xC820, 0xC820, 0xC800, 0xD020, 0xE8A1, 0xE123, 0xD922, 0xC921, 0xD1E1, 0xE341, 0xF442, 0xF482, 0xEC21, 0xEBE0,
  0x0000, 0x0000, 0x0800, 0x40A1, 0x99C3, 0xCA43, 0xE2A4, 0xD284, 0x9963, 0x68A2, 0x5882, 0x4882, 0x48C3, 0x38C3, 0x2882, 0x28A3,
  0x2882, 0x2062, 0x2862, 0x3841, 0x5041, 0x7021, 0x9000, 0xA800, 0xB000, 0xA800, 0xA820, 0x9000, 0x7000, 0x6000, 0x6000, 0x7000,
  0x8000, 0x9800, 0xA000, 0xA000, 0xA800, 0xA000, 0xB800, 0xD820, 0xE840, 0xF081, 0xF902, 0xF922, 0xF8C1, 0xE8C1, 0xB861, 0x9820,
  0xA000, 0xB000, 0xB000, 0xB800, 0xC000, 0xD020, 0xE061, 0xE8E2, 0xE143, 0xD0E1, 0xC8E0, 0xC9C1, 0xDAE1, 0xE361, 0xE360, 0xEB80,
  0x0000, 0x0000, 0x0800, 0x48C1, 0xAA23, 0xCA63, 0xE2A3, 0xDAA4, 0xA1A3, 0x60A2, 0x5882, 0x5082, 0x48C3, 0x38A3, 0x2883, 0x30A3,
  0x2882, 0x2082, 0x2062, 0x2862, 0x4041, 0x5021, 0x7020, 0x9020, 0x9820, 0x8800, 0x8021, 0x7021, 0x6021, 0x5821, 0x6021, 0x6800,
  0x7000, 0x8000, 0x9000, 0x9800, 0xA000, 0xA000, 0xB000, 0xD820, 0xF040, 0xF081, 0xF8E2, 0xF102, 0xF0C1, 0xE081, 0xA840, 0x8000,
  0x8800, 0x9800, 0xA000, 0xA000, 0xA800, 0xB000, 0xC820, 0xD881, 0xD102, 0xC0A1, 0xC0A0, 0xC101, 0xB940, 0xC1C0, 0xD240, 0xE2E0,
  0x0000, 0x0000, 0x0800, 0x5101, 0xB264, 0xD283, 0xE283, 0xDAC4, 0xA9E3, 0x60A2, 0x5882, 0x5882, 0x48A3, 0x38A3, 0x3083, 0x38A3,
  0x3082, 0x2082, 0x2062, 0x2062, 0x3062, 0x4041, 0x5841, 0x7021, 0x7021, 0x6821, 0x6041, 0x5841, 0x5041, 0x5041, 0x5841, 0x5800,
  0x6000, 0x6800, 0x7800, 0x8800, 0x9800, 0xA000, 0xB000, 0xD820, 0xF060, 0xF081, 0xF081, 0xF081, 0xF060, 0xE061, 0xA020, 0x6800,
  0x6800, 0x7800, 0x9000, 0x9000, 0xA000, 0xA800, 0xA800, 0xA820, 0x9040, 0x8040, 0x98C1, 0xB921, 0xB8E1, 0xB0A0, 0xB900, 0xC9A0,
  0x0000, 0x0000, 0x0820, 0x5922, 0xC2C4, 0xDAC4, 0xDAA3, 0xE304, 0xB203, 0x60C2, 0x5882, 0x5882, 0x4882, 0x38A3, 0x38A3, 0x40A3,
  0x3082, 0x2882, 0x2082, 0x2862, 0x2862, 0x3061, 0x4061, 0x5041, 0x5841, 0x4841, 0x4861, 0x4861, 0x4041, 0x4841, 0x5041, 0x5021,
  0x5021, 0x5800, 0x6000, 0x7800, 0x9000, 0x9800, 0xB800, 0xD820, 0xF081, 0xF061, 0xF040, 0xF020, 0xF020, 0xE820, 0xB020, 0x6820,
  0x5000, 0x5800, 0x7000, 0x8800, 0xA800, 0xB820, 0xA000, 0x7800, 0x5000, 0x4020, 0x5840, 0x80C1, 0xA0C1, 0xB080, 0xA080, 0x90A0,
  0x0000, 0x0000, 0x0820, 0x6142, 0xCB24, 0xDAE4, 0xDAA3, 0xE304, 0xB203, 0x60C2, 0x5882, 0x6082, 0x5082, 0x4082, 0x40A3, 0x50A3,
  0x3882, 0x2862, 0x2882, 0x2882, 0x2882, 0x2862, 0x3862, 0x4062, 0x4082, 0x3862, 0x4062, 0x4061, 0x4041, 0x4041, 0x4841, 0x4841,
  0x4821, 0x4821, 0x5820, 0x6800, 0x8000, 0x9000, 0xB000, 0xD040, 0xE881, 0xF060, 0xE820, 0xE020, 0xE020, 0xE020, 0xB020, 0x7041,
  0x5020, 0x4800, 0x5800, 0x7000, 0x9000, 0xA800, 0xA020, 0x7020, 0x3800, 0x3000, 0x3000, 0x4020, 0x6040, 0x8081, 0x90C1, 0x6860,
  0x0000, 0x0000, 0x0820, 0x6962, 0xDB44, 0xE324, 0xDAC3, 0xEB24, 0xB203, 0x60C2, 0x5862, 0x6882, 0x5882, 0x4082, 0x50A3, 0x58C3,
  0x4082, 0x3062, 0x3882, 0x3082, 0x2882, 0x2882, 0x3082, 0x3882, 0x38A3, 0x3862, 0x4862, 0x5861, 0x5041, 0x4841, 0x5061, 0x4861,
  0x4841, 0x4021, 0x5021, 0x5820, 0x7000, 0x8000, 0xA000, 0xC020, 0xD840, 0xE840, 0xE020, 0xD800, 0xC800, 0xC820, 0xA021, 0x7020,
  0x5000, 0x4800, 0x5000, 0x5000, 0x6000, 0x7800, 0x7820, 0x5800, 0x3000, 0x3000, 0x3800, 0x3000, 0x3800, 0x4020, 0x4841, 0x4840,
  0x0000, 0x0000, 0x1020, 0x7182, 0xDB84, 0xE324, 0xDAE3, 0xEB23, 0xB1E2, 0x68C2, 0x6082, 0x70A2, 0x60A2, 0x48A2, 0x58C3, 0x68C3,
  0x50A2, 0x4082, 0x4082, 0x3882, 0x2882, 0x2882, 0x3082, 0x30A3, 0x38C3, 0x3862, 0x6061, 0x7861, 0x7841, 0x6841, 0x6882, 0x6061,
  0x5841, 0x5841, 0x5041, 0x5021, 0x6021, 0x7000, 0x8800, 0xA000, 0xC000, 0xD820, 0xD800, 0xC800, 0xB000, 0xA820, 0x9020, 0x7820,
  0x6000, 0x5800, 0x6000, 0x5000, 0x4800, 0x5000, 0x5000, 0x3800, 0x2800, 0x3800, 0x3820, 0x3000, 0x2800, 0x2800, 0x2800, 0x4040,
  0x0000, 0x0000, 0x1020, 0x79A2, 0xE384, 0xE344, 0xE304, 0xEB43, 0xB1E2, 0x68C2, 0x6882, 0x78A2, 0x70A2, 0x58A2, 0x60E3, 0x70E3,
  0x60C3, 0x50A2, 0x58A2, 0x4882, 0x3082, 0x2882, 0x30A3, 0x38A3, 0x38C3, 0x4062, 0x8061, 0xA861, 0xA861, 0x9041, 0x9081, 0x8061,
  0x8082, 0x8061, 0x6841, 0x5041, 0x5841, 0x6821, 0x7020, 0x7800, 0xA000, 0xC000, 0xC800, 0xC000, 0xA000, 0x9821, 0x9821, 0x8800,
  0x7000, 0x6800, 0x6800, 0x6820, 0x5820, 0x4800, 0x3800, 0x2800, 0x2800, 0x3000, 0x3800, 0x2800, 0x2800, 0x2000, 0x2800, 0x5081,
  0x0000, 0x0000, 0x1020, 0x81C2, 0xE3A4, 0xE364, 0xE344, 0xEB43, 0xB1E2, 0x78E2, 0x70A2, 0x80A2, 0x80C2, 0x60C3, 0x60E3, 0x70E3,
  0x78E3, 0x70E3, 0x70A2, 0x5082, 0x3882, 0x3882, 0x38A3, 0x38A3, 0x30A3, 0x4062, 0x9881, 0xD0A1, 0xD0A1, 0xB861, 0xB081, 0xA881,
  0xA8A2, 0xA882, 0x8882, 0x6861, 0x5862, 0x5841, 0x5041, 0x6041, 0x8020, 0x9800, 0xA800, 0xB000, 0xA000, 0x9821, 0xA021, 0xA020,
  0x8820, 0x7000, 0x6000, 0x6020, 0x6020, 0x4800, 0x3000, 0x2000, 0x2000, 0x2000, 0x2800, 0x2800, 0x2800, 0x2800, 0x3000, 0x7102,
  0x0000, 0x0000, 0x1040, 0x81C2, 0xE384, 0xEB64, 0xE384, 0xEB63, 0xBA02, 0x8922, 0x78A2, 0x88A2, 0x88C3, 0x68C3, 0x68E3, 0x78E3,
  0x8944, 0x9103, 0x88C2, 0x6882, 0x4882, 0x40A2, 0x48A3, 0x38A3, 0x3082, 0x4061, 0xA081, 0xE0E2, 0xE902, 0xD881, 0xD081, 0xC0C2,
  0xC0A2, 0xC8A2, 0xB0A2, 0x8882, 0x6862, 0x5062, 0x4042, 0x5062, 0x6861, 0x7821, 0x8800, 0x9800, 0x9800, 0x9800, 0xA020, 0xA020,
  0x8820, 0x7820, 0x6820, 0x5000, 0x4800, 0x3800, 0x2800, 0x2000, 0x1800, 0x1800, 0x2000, 0x2000, 0x2800, 0x2800, 0x3820, 0x81A3,
  0x0000, 0x0000, 0x1040, 0x81C2, 0xE364, 0xEB84, 0xEBC4, 0xEB83, 0xC242, 0xA182, 0x88E2, 0x88A2, 0x90C3, 0x78C3, 0x68C3, 0x78E3,
  0x9964, 0xA123, 0xA0C2, 0x7882, 0x60A2, 0x58A2, 0x50A3, 0x3882, 0x3082, 0x4062, 0xA0A2, 0xE122, 0xF143, 0xE8A1, 0xE0A1, 0xD8E2,
  0xC8A2, 0xC882, 0xC8A2, 0xB0A2, 0x8082, 0x5041, 0x4062, 0x4882, 0x5082, 0x5861, 0x6841, 0x8821, 0x9800, 0x9800, 0x9000, 0x8800,
  0x7000, 0x7021, 0x6020, 0x4800, 0x3800, 0x2800, 0x2000, 0x1800, 0x1800, 0x1800, 0x1800, 0x1800, 0x2800, 0x2800, 0x4040, 0x9A45,
  0x0000, 0x0000, 0x1840, 0x81A2, 0xDB44, 0xEB84, 0xEC04, 0xEBE3, 0xD2A2, 0xB1C2, 0x9902, 0x90C2, 0x90C3, 0x78C3, 0x68A3, 0x78E3,
  0x9944, 0xA923, 0xB0E2, 0x90A2, 0x80A2, 0x70A2, 0x60A2, 0x4082, 0x3062, 0x4082, 0x88A2, 0xD922, 0xF122, 0xE8A1, 0xE081, 0xE102,
  0xD0C2, 0xC882, 0xC882, 0xC8E2, 0xA8A2, 0x6041, 0x4082, 0x3882, 0x4082, 0x4882, 0x5062, 0x7041, 0x9021, 0xA041, 0xA020, 0x8000,
  0x6000, 0x5000, 0x4800, 0x3800, 0x3000, 0x2000, 0x1800, 0x1800, 0x1800, 0x1800, 0x1800, 0x1800, 0x2000, 0x2800, 0x4860, 0xAAC6,
  0x0000, 0x0000, 0x1840, 0x81A2, 0xDB23, 0xEBA4, 0xF444, 0xF424, 0xDB23, 0xCA22, 0xA122, 0x88C2, 0x88C3, 0x80C3, 0x68A3, 0x70C3,
  0x9123, 0xA903, 0xC102, 0xA8C2, 0x98E2, 0x90E2, 0x68A2, 0x5082, 0x3882, 0x3882, 0x70A2, 0xB8E2, 0xE0C2, 0xE861, 0xD881, 0xE0E1,
  0xD902, 0xC8C2, 0xC082, 0xD0E2, 0xB8A2, 0x7041, 0x4882, 0x40A3, 0x3882, 0x40A3, 0x4082, 0x6062, 0x8061, 0x9861, 0xA041, 0x9020,
  0x6800, 0x4800, 0x3800, 0x2800, 0x2800, 0x2000, 0x1800, 0x1800, 0x1800, 0x1800, 0x1800, 0x1800, 0x2000, 0x2800, 0x58C1, 0xBB68,
  0x0000, 0x0000, 0x1840, 0x8182, 0xD2E3, 0xEBA4, 0xF484, 0xF484, 0xEB83, 0xD262, 0xA922, 0x88C2, 0x88C2, 0x80A3, 0x68A3, 0x70C3,
  0x80E3, 0xA8E2, 0xD123, 0xB902, 0xB122, 0xA922, 0x80A2, 0x6082, 0x4882, 0x40A2, 0x60A2, 0x98A2, 0xD081, 0xD861, 0xC861, 0xD0C2,
  0xD902, 0xC903, 0xB0A2, 0xB8E2, 0xB0C2, 0x7062, 0x58A3, 0x48A3, 0x40A3, 0x40A3, 0x40A2, 0x58A3, 0x7082, 0x7841, 0x9041, 0xA861,
  0x8020, 0x5000, 0x3800, 0x2800, 0x2800, 0x2000, 0x2000, 0x2000, 0x1800, 0x1800, 0x1800, 0x2000, 0x2000, 0x3000, 0x7142, 0xCC4C,
  0x0000, 0x0000, 0x1820, 0x7961, 0xCAA3, 0xE3A4, 0xF484, 0xF4C5, 0xF3E4, 0xE282, 0xA942, 0x80A2, 0x80A2, 0x78A2, 0x70A3, 0x68A3,
  0x78A2, 0xA0C2, 0xD123, 0xC942, 0xC9A2, 0xC182, 0x90C2, 0x78A2, 0x60A2, 0x48A2, 0x58C2, 0x7882, 0xA861, 0xC041, 0xB041, 0xB8A2,
  0xC103, 0xB123, 0xA903, 0x98C3, 0x98C3, 0x70A3, 0x58A3, 0x5082, 0x50A2, 0x5082, 0x50A2, 0x58A3, 0x6082, 0x7041, 0x8041, 0x9861,
  0x8821, 0x6000, 0x4000, 0x3000, 0x2800, 0x2800, 0x2800, 0x3000, 0x2800, 0x2800, 0x2800, 0x2800, 0x2000, 0x3820, 0x9204, 0x9204,
  0x0000, 0x0000, 0x1840, 0x7941, 0xC262, 0xE384, 0xF484, 0xFD26, 0xF424, 0xEAA2, 0xA942, 0x78A2, 0x78A2, 0x78A3, 0x70A3, 0x68A2,
  0x6882, 0x98C2, 0xD123, 0xD982, 0xDA22, 0xD1C2, 0xA8E1, 0x90C2, 0x78A2, 0x58C2, 0x58C3, 0x6082, 0x8061, 0x9841, 0x9041, 0x9882,
  0x98C2, 0x9924, 0x9944, 0x88E3, 0x78C3, 0x68C3, 0x5882, 0x5882, 0x6882, 0x7082, 0x78A2, 0x6882, 0x7082, 0x7861, 0x8020, 0x8020,
  0x7820, 0x6800, 0x5800, 0x4800, 0x3800, 0x3800, 0x3800, 0x3800, 0x3800, 0x4020, 0x3000, 0x2800, 0x2800, 0x5060, 0xAAC6, 0xAAC6,
  0x0000, 0x0000, 0x1840, 0x7941, 0xBA42, 0xDB43, 0xF464, 0xFD26, 0xFC44, 0xEAA2, 0xB142, 0x78A2, 0x78A2, 0x78C3, 0x70A3, 0x6082,
  0x6082, 0x90A2, 0xC902, 0xE1C2, 0xEA82, 0xE1E2, 0xC102, 0xA0C2, 0x90C2, 0x70A2, 0x58C3, 0x58C3, 0x6882, 0x7062, 0x7842, 0x8082,
  0x78A2, 0x80E3, 0x9124, 0x80E3, 0x68C3, 0x68C3, 0x60A2, 0x7082, 0x9082, 0xA8A2, 0xA881, 0x9841, 0x9861, 0xA061, 0x9020, 0x8020,
  0x7820, 0x7820, 0x7000, 0x7000, 0x6000, 0x5000, 0x4000, 0x3800, 0x3000, 0x3000, 0x2800, 0x2800, 0x2800, 0x60C1, 0xC369, 0xC369,
  0x0000, 0x0000, 0x1840, 0x7962, 0xBA22, 0xD303, 0xEC24, 0xFD06, 0xFC44, 0xEAA2, 0xB142, 0x78A2, 0x78C2, 0x78C3, 0x70C3, 0x5882,
  0x6082, 0x88A2, 0xC0E2, 0xE1E2, 0xEA62, 0xE1C2, 0xD122, 0xB8C2, 0xA0C2, 0x80A2, 0x68A2, 0x60E3, 0x58A2, 0x5882, 0x6882, 0x78C2,
  0x78C2, 0x78A2, 0x88E3, 0x78C3, 0x6882, 0x78E3, 0x78E3, 0x9082, 0xC0C2, 0xD0C1, 0xC861, 0xC041, 0xC861, 0xC861, 0xB820, 0xA020,
  0x8020, 0x7800, 0x8820, 0xA021, 0x9841, 0x8020, 0x5000, 0x3800, 0x2800, 0x2800, 0x2800, 0x2800, 0x3000, 0x7102, 0xCC0A, 0xCC0A,
};
static const uint16_t iris_rim[512] = {
  131, 131, 131, 131, 131, 131, 132, 132, 132, 132, 132, 132, 132, 132, 132, 132,
  132, 132, 132, 132, 132, 132, 132, 132, 131, 131, 131, 131, 131, 131, 131, 130,
  130, 130, 130, 130, 129, 129, 129, 129, 128, 128, 128, 128, 127, 127, 127, 127,
  126, 126, 126, 126, 125, 125, 125, 124, 124, 124, 123, 123, 123, 123, 122, 122,
  122, 121, 121, 121, 120, 120, 120, 120, 119, 119, 119, 118, 118, 118, 118, 117,
  117, 117, 117, 116, 116, 116, 115, 115, 115, 115, 115, 114, 114, 114, 114, 113,
  113, 113, 113, 113, 112, 112, 112, 112, 112, 111, 111, 111, 111, 111, 111, 111,
  110, 110, 110, 110, 110, 110, 110, 110, 109, 109, 109, 109, 109, 109, 109, 109,
  109, 109, 109, 109, 109, 109, 109, 108, 108, 108, 108, 108, 108, 108, 108, 108,
  108, 108, 108, 109, 109, 109, 109, 109, 109, 109, 109, 109, 109, 109, 109, 109,
  109, 109, 109, 109, 110, 110, 110, 110, 110, 110, 110, 110, 110, 111, 111, 111,
  111, 111, 111, 111, 111, 112, 112, 112, 112, 112, 112, 113, 113, 113, 113, 113,
  113, 113, 114, 114, 114, 114, 114, 114, 115, 115, 115, 115, 115, 115, 115, 116,
  116, 116, 116, 116, 116, 116, 117, 117, 117, 117, 117, 117, 117, 117, 117, 117,
  117, 118, 118, 118, 118, 118, 118, 118, 118, 118, 118, 118, 118, 118, 118, 118,
  118, 118, 118, 118, 118, 118, 117, 117, 117, 117, 117, 117, 117, 117, 117, 116,
  116, 116, 116, 116, 116, 115, 115, 115, 115, 114, 114, 114, 114, 113, 113, 113,
  113, 112, 112, 112, 112, 111, 111, 111, 110, 110, 110, 110, 109, 109, 109, 108,
  108, 108, 107, 107, 107, 106, 106, 106, 105, 105, 105, 104, 104, 104, 104, 103,
  103, 103, 102, 102, 102, 101, 101, 101, 100, 100, 100, 100, 99, 99, 99, 98,
  98, 98, 98, 97, 97, 97, 97, 96, 96, 96, 96, 96, 95, 95, 95, 95,
  94, 94, 94, 94, 94, 94, 93, 93, 93, 93, 93, 93, 92, 92, 92, 92,
  92, 92, 92, 92, 91, 91, 91, 91, 91, 91, 91, 91, 91, 91, 91, 91,
  91, 91, 91, 91, 91, 91, 91, 91, 91, 91, 91, 91, 91, 91, 91, 91,
  91, 91, 91, 91, 91, 91, 91, 91, 91, 92, 92, 92, 92, 92, 92, 92,
  92, 93, 93, 93, 93, 93, 93, 94, 94, 94, 94, 94, 95, 95, 95, 95,
  96, 96, 96, 96, 97, 97, 97, 97, 98, 98, 98, 99, 99, 99, 99, 100,
  100, 100, 101, 101, 101, 102, 102, 103, 103, 103, 104, 104, 104, 105, 105, 106,
  106, 106, 107, 107, 108, 108, 109, 109, 109, 110, 110, 111, 111, 112, 112, 113,
  113, 113, 114, 114, 115, 115, 116, 116, 117, 117, 118, 118, 118, 119, 119, 120,
  120, 121, 121, 121, 122, 122, 123, 123, 124, 124, 124, 125, 125, 125, 126, 126,
  127, 127, 127, 128, 128, 128, 128, 129, 129, 129, 130, 130, 130, 130, 130, 131,
};
static const uint16_t hl_rgb[6205] = {
  0x5986, 0x4124, 0x1000, 0x4061, 0x2000, 0x2800, 0x2020, 0x3020, 0x4020, 0x2820, 0x3000, 0x3020, 0x3020, 0x3000, 0x2820, 0x3020,
  0x3800, 0x2800, 0x1000, 0x0800, 0x0000, 0x0800, 0x1800, 0x1000, 0x1000, 0x1800, 0x1800, 0x3000, 0x4800, 0x3800, 0x3000, 0x3800,
  0x2000, 0x2000, 0x4000, 0x4800, 0x4800, 0x4000, 0x5000, 0x4000, 0x3800, 0x2800, 0x1800, 0x2000, 0x3000, 0x1800, 0x0800, 0x0800,
  0x0800, 0x0000, 0x0000, 0x0000, 0x0000, 0x0000, 0x0000, 0x0000, 0x0000, 0x0000, 0x0000, 0x0000, 0x0000, 0x0000, 0x0000, 0x0000,
  0x0000, 0x0000, 0x0000, 0x0000, 0x0000, 0x1000, 0x2040, 0x1840, 0x1840, 0x1860, 0x2060, 0x2081, 0x2081, 0x2081, 0x2060, 0x1840,
  0x1820, 0x1000, 0x1000, 0x1020, 0x1020, 0x3841, 0x40A2, 0x2861, 0x2020, 0x1820, 0x3020, 0x3020, 0x3000, 0x3800, 0x2800, 0x2800,
  0x4020, 0x3820, 0x3020, 0x1800, 0x0800, 0x0800, 0x0000, 0x0800, 0x1800, 0x1000, 0x1800, 0x3000, 0x3800, 0x2000, 0x2800, 0x2800,
  0x2800, 0x6000, 0x5000, 0x3800, 0x4800, 0x3000, 0x2000, 0x3000, 0x4800, 0x6800, 0x5800, 0x4800, 0x2800, 0x3800, 0x6000, 0x5800,
  0x4800, 0x4800, 0x3000, 0x2800, 0x3000, 0x2000, 0x1000, 0x1000, 0x1000, 0x0800, 0x0800, 0x0800, 0x0800, 0x0800, 0x0000, 0x0000,
  0x0000, 0x0000, 0x0000, 0x0000, 0x0000, 0x0000, 0x0000, 0x0000, 0x0000, 0x0000, 0x0000, 0x1800, 0x2060, 0x2060, 0x2060, 0x2081,
  0x2081, 0x2081, 0x2081, 0x2061, 0x2081, 0x2081, 0x2060, 0x2040, 0x1840, 0x1840, 0x2820, 0x3020, 0x2840, 0x2000, 0x2820, 0x2820,
  0x2020, 0x2820, 0x3020, 0x4020, 0x3000, 0x2000, 0x1000, 0x0000, 0x0800, 0x0800, 0x0800, 0x1000, 0x2000, 0x2800, 0x3000, 0x3000,
  0x3000, 0x4000, 0x2800, 0x2000, 0x3000, 0x2000, 0x4000, 0x6000, 0x4800, 0x2800, 0x2000, 0x3000, 0x4000, 0x5000, 0x7000, 0x7000,
  0x3800, 0x3000, 0x4000, 0x6000, 0x7000, 0x5800, 0x5000, 0x5000, 0x6000, 0x5000, 0x4800, 0x2800, 0x3800, 0x3800, 0x3000, 0x2000,
  0x0800, 0x0000, 0x0000, 0x0800, 0x0800, 0x0800, 0x0800, 0x0000, 0x0800, 0x0000, 0x0000, 0x0000, 0x0000, 0x0000, 0x0000, 0x0000,
  0x0000, 0x1820, 0x28A1, 0x28A1, 0x28A1, 0x2881, 0x28A1, 0x2081, 0x2081, 0x20A1, 0x20A1, 0x20A1, 0x28C2, 0x28A1, 0x2081, 0x3020,
  0x2800, 0x2820, 0x2800, 0x3000, 0x2800, 0x2800, 0x3020, 0x2000, 0x1800, 0x0800, 0x0800, 0x0800, 0x0800, 0x2000, 0x1800, 0x1800,
  0x1800, 0x3800, 0x3800, 0x3000, 0x4800, 0x2800, 0x1000, 0x1000, 0x1000, 0x1800, 0x1800, 0x2800, 0x4800, 0x4800, 0x2000, 0x2000,
  0x2000, 0x2800, 0x6800, 0x5800, 0x7800, 0x5800, 0x4000, 0x5000, 0x5800, 0x5800, 0x3800, 0x5000, 0x7800, 0x8800, 0x5800, 0x3800,
  0x2800, 0x3800, 0x5000, 0x5800, 0x4000, 0x2000, 0x2800, 0x1800, 0x0800, 0x0800, 0x0800, 0x0000, 0x0800, 0x0800, 0x0800, 0x0000,
  0x0000, 0x0800, 0x0000, 0x0000, 0x0000, 0x0000, 0x0800, 0x2040, 0x30E2, 0x30C2, 0x28C1, 0x28A1, 0x28A1, 0x28C2, 0x28C2, 0x28C2,
  0x28C2, 0x28C2, 0x28C2, 0x28C2, 0x2820, 0x3000, 0x3000, 0x3000, 0x3820, 0x2800, 0x1000, 0x0000, 0x0800, 0x0800, 0x0800, 0x2000,
  0x2000, 0x2000, 0x3800, 0x2800, 0x2000, 0x2000, 0x4000, 0x3800, 0x3000, 0x3800, 0x1000, 0x0800, 0x0800, 0x1000, 0x1000, 0x0800,
  0x1800, 0x2800, 0x6000, 0x7000, 0x4800, 0x3000, 0x3800, 0x7800, 0x6000, 0x6800, 0x7800, 0x8000, 0x8000, 0x7800, 0x8000, 0x5000,
  0x2800, 0x6800, 0x9000, 0x4000, 0x1800, 0x2800, 0x3000, 0x2800, 0x3000, 0x1800, 0x2000, 0x3800, 0x4000, 0x2800, 0x0800, 0x0800,
  0x0800, 0x0800, 0x0800, 0x0800, 0x0800, 0x0800, 0x0000, 0x0000, 0x0000, 0x0000, 0x0000, 0x0000, 0x1000, 0x2881, 0x3923, 0x3103,
  0x30E2, 0x3103, 0x3103, 0x3103, 0x3102, 0x30E2, 0x30E2, 0x3102, 0x3102, 0x3000, 0x3800, 0x3000, 0x2000, 0x1000, 0x0000, 0x0800,
  0x1000, 0x1800, 0x2000, 0x0800, 0x2000, 0x4800, 0x4000, 0x4000, 0x3800, 0x2000, 0x1800, 0x3800, 0x5800, 0x4000, 0x3000, 0x1000,
  0x1000, 0x1000, 0x1000, 0x1000, 0x2000, 0x1800, 0x4800, 0xA820, 0x9800, 0x4800, 0x1800, 0x2000, 0x3000, 0x2800, 0x2000, 0x7000,
  0xA000, 0x8000, 0x7000, 0x9800, 0x8800, 0x5800, 0x5000, 0x6800, 0x6800, 0x3800, 0x2000, 0x2800, 0x2000, 0x1800, 0x2800, 0x3000,
  0x2000, 0x4800, 0x3800, 0x2000, 0x3800, 0x3800, 0x1000, 0x0800, 0x0800, 0x0800, 0x0000, 0x0000, 0x0000, 0x0000, 0x0000, 0x0000,
  0x0000, 0x0000, 0x1800, 0x3903, 0x4164, 0x3943, 0x3964, 0x3964, 0x3964, 0x3964, 0x3964, 0x3943, 0x3903, 0x3903, 0x2000, 0x1000,
  0x0800, 0x0800, 0x1800, 0x1800, 0x2000, 0x3000, 0x3000, 0x3000, 0x0800, 0x0800, 0x4000, 0x5800, 0x3800, 0x2000, 0x1800, 0x1000,
  0x3000, 0x8800, 0x5800, 0x7000, 0x5800, 0x1000, 0x1000, 0x1000, 0x1000, 0x4800, 0x2800, 0x3800, 0x8820, 0x9800, 0x6020, 0x2000,
  0x1000, 0x1800, 0x2800, 0x1800, 0x5000, 0x7800, 0x7800, 0x9000, 0x8000, 0x6000, 0x5000, 0x6000, 0x3800, 0x7800, 0x7000, 0x5800,
  0x5000, 0x3000, 0x1800, 0x4000, 0x5000, 0x2000, 0x2000, 0x2800, 0x2800, 0x2800, 0x4800, 0x4000, 0x2000, 0x1000, 0x0800, 0x0000,
  0x0000, 0x0000, 0x0800, 0x0800, 0x0800, 0x0000, 0x0000, 0x0800, 0x2840, 0x4984, 0x49A5, 0x49A5, 0x49A5, 0x49A5, 0x41A5, 0x4185,
  0x49A5, 0x41A5, 0x41A5, 0x0000, 0x0000, 0x1000, 0x1800, 0x3800, 0x3800, 0x3000, 0x5800, 0x6000, 0x3800, 0x1800, 0x0800, 0x2000,
  0x4000, 0x1800, 0x1000, 0x1800, 0x1800, 0x1800, 0x5800, 0x7000, 0x8800, 0x9000, 0x2800, 0x1000, 0x1000, 0x1000, 0x3000, 0x4000,
  0x2800, 0x6800, 0xA000, 0x6800, 0x2000, 0x2000, 0x2020, 0x2861, 0x30A2, 0x58E4, 0x9124, 0x8945, 0x9965, 0x7966, 0x5965, 0x5145,
  0x6125, 0x5925, 0x5904, 0x60C3, 0x68A3, 0x7062, 0x6041, 0x4800, 0x4800, 0x5000, 0x2000, 0x0800, 0x2000, 0x2800, 0x2000, 0x4000,
  0x4800, 0x4800, 0x4800, 0x3000, 0x1000, 0x0800, 0x1000, 0x0800, 0x0800, 0x0800, 0x0800, 0x0800, 0x0000, 0x1000, 0x38E2, 0x51E6,
  0x51E5, 0x51E6, 0x51E6, 0x51E6, 0x5206, 0x5227, 0x5247, 0x5227, 0x0800, 0x1000, 0x1800, 0x3800, 0x6800, 0x6800, 0x4000, 0x5800,
  0x8000, 0x3800, 0x1000, 0x0800, 0x0800, 0x0800, 0x1000, 0x1800, 0x2000, 0x2000, 0x1800, 0x2800, 0x8000, 0xA000, 0x9000, 0x6000,
  0x1800, 0x1000, 0x0800, 0x3000, 0x4800, 0x4082, 0x7124, 0xA9E7, 0xB2EB, 0xABCF, 0xB493, 0xBD35, 0xCD35, 0xCD97, 0xD5F8, 0xEE18,
  0xEDD8, 0xD5F9, 0xCE19, 0xCDD8, 0xCDF8, 0xCDF9, 0xCDF9, 0xCDD8, 0xCDB7, 0xCD97, 0xBD35, 0xBCF4, 0xC4D3, 0xBC92, 0xB410, 0xA34D,
  0x8A8A, 0x5124, 0x2800, 0x5800, 0x7800, 0x4800, 0x2000, 0x4000, 0x5000, 0x3800, 0x1000, 0x1800, 0x1000, 0x1000, 0x0800, 0x0800,
  0x0800, 0x0800, 0x0800, 0x2000, 0x51A5, 0x5A47, 0x5A47, 0x6268, 0x6288, 0x6288, 0x62A8, 0x62A8, 0x62A8, 0x2800, 0x3000, 0x3800,
  0x5000, 0x7800, 0x8800, 0x7000, 0x4000, 0x5800, 0x3000, 0x0000, 0x0800, 0x0800, 0x1800, 0x5000, 0x3800, 0x1800, 0x1800, 0x2000,
  0x1800, 0x4800, 0xA000, 0x8800, 0x6800, 0x3041, 0x4945, 0x6A6A, 0x9B8E, 0xC492, 0xDD76, 0xF5D7, 0xFE38, 0xF659, 0xFE39, 0xEE5A,
  0xDE7A, 0xEE39, 0xEE19, 0xE639, 0xF618, 0xFDF8, 0xEE19, 0xD619, 0xDE19, 0xE639, 0xD619, 0xDE19, 0xD619, 0xCE19, 0xD619, 0xD5F9,
  0xD5F9, 0xCE19, 0xDE5A, 0xD639, 0xE619, 0xFE39, 0xEE19, 0xB2EB, 0x8800, 0x6800, 0x4000, 0x2800, 0x2800, 0x2800, 0x3000, 0x3882,
  0x1800, 0x2000, 0x1000, 0x0800, 0x0800, 0x0800, 0x0800, 0x0800, 0x1000, 0x40A2, 0x6AA8, 0x6AC9, 0x6AC9, 0x6A88, 0x6AA8, 0x6AE9,
  0x72E9, 0x72E9, 0x4000, 0x4800, 0x5800, 0x5800, 0x6000, 0x7000, 0x8000, 0x5800, 0x2000, 0x1000, 0x0800, 0x1000, 0x1000, 0x3000,
  0x6800, 0x5000, 0x3000, 0x2000, 0x1800, 0x2000, 0x2841, 0x7904, 0xBA49, 0xBC10, 0xCD56, 0xD639, 0xDE7A, 0xF67A, 0xF659, 0xEE18,
  0xF618, 0xFE38, 0xEE18, 0xFDF7, 0xF5F8, 0xCE19, 0xC619, 0xE5F8, 0xF5F8, 0xF5F8, 0xEDF8, 0xEDD7, 0xEDF8, 0xDDD8, 0xDDF8, 0xDE19,
  0xEDF8, 0xDDF9, 0xD619, 0xDE19, 0xE5F8, 0xE5F8, 0xD5F8, 0xE5D8, 0xDDD8, 0xDDB8, 0xE5D8, 0xD5B7, 0xF639, 0xB2CB, 0x4800, 0x3800,
  0x3800, 0x2800, 0x2800, 0x3000, 0x932C, 0x5166, 0x1800, 0x2000, 0x1800, 0x1000, 0x1000, 0x0800, 0x0800, 0x0800, 0x2000, 0x59E6,
  0x730A, 0x72C9, 0x72E9, 0x732A, 0x7B4B, 0x7B6B, 0x7B8B, 0x2800, 0x3800, 0x7000, 0x6800, 0x5000, 0x4000, 0x6800, 0x6000, 0x1800,
  0x1000, 0x1000, 0x0800, 0x1000, 0x2000, 0x3000, 0x4000, 0x4000, 0x50A2, 0x61E8, 0x7B6E, 0x9CD4, 0xADB7, 0xDE19, 0xF639, 0xEE19,
  0xDE19, 0xDE18, 0xE5F8, 0xDDF8, 0xE5F8, 0xE619, 0xE639, 0xFE18, 0xFE18, 0xFE18, 0xDE19, 0xBE19, 0xC619, 0xEDF8, 0xF5F8, 0xE5D7,
  0xDDB7, 0xEDD7, 0xEDB6, 0xE5F8, 0xE639, 0xEE18, 0xF618, 0xF618, 0xE619, 0xDE19, 0xDE19, 0xE618, 0xF5F8, 0xDDD8, 0xEDF8, 0xF618,
  0xE5B7, 0xDD97, 0xE5D7, 0xB1E7, 0x8000, 0x6020, 0x4800, 0x3000, 0x2800, 0x930B, 0xD5D6, 0x3020, 0x6000, 0x6800, 0x3000, 0x1000,
  0x0800, 0x1000, 0x0800, 0x1000, 0x40A1, 0x72E9, 0x7B2A, 0x836B, 0x838B, 0x8BEC, 0x8C0D, 0x83ED, 0x3800, 0x1800, 0x5000, 0x7000,
  0x5000, 0x3000, 0x4000, 0x3800, 0x1000, 0x1000, 0x1000, 0x1000, 0x0800, 0x1020, 0x5125, 0x7AAB, 0x9C31, 0xB576, 0xB5F9, 0xB5F9,
  0xB5F9, 0xADD8, 0xB5B8, 0xDDD7, 0xE5F8, 0xE5F8, 0xEE18, 0xEDF8, 0xD619, 0xD619, 0xD619, 0xDE19, 0xF618, 0xEDF8, 0xE5F8, 0xEDF8,
  0xCE19, 0xC619, 0xDDF8, 0xF5F8, 0xF5F8, 0xEDD7, 0xF5F7, 0xE5F8, 0xDE19, 0xEE39, 0xFE38, 0xFE38, 0xFE38, 0xFE18, 0xF618, 0xEE19,
  0xF618, 0xEDF8, 0xE5F8, 0xF618, 0xEE18, 0xE5D7, 0xE5B6, 0xED96, 0xED75, 0xC944, 0xA000, 0x5000, 0x5000, 0x5800, 0x7144, 0xF698,
  0xA2EB, 0x8000, 0x9820, 0x9000, 0x4000, 0x1800, 0x1000, 0x1000, 0x1000, 0x2800, 0x6A26, 0x838B, 0x838B, 0x8BCC, 0x9C6E, 0x9C8F,
  0x9CAF, 0x6800, 0x2800, 0x2800, 0x4000, 0x1800, 0x1000, 0x1000, 0x1000, 0x1800, 0x1000, 0x1000, 0x1000, 0x0000, 0x10A2, 0xAD77,
  0xBE19, 0xB5F9, 0xB5D8, 0xADB8, 0xADB7, 0xADD8, 0xB5F8, 0xADF8, 0xC5F8, 0xE5D8, 0xE5F8, 0xDDF8, 0xDE18, 0xC639, 0xBE39, 0xC639,
  0xC618, 0xDDB7, 0xD597, 0xD597, 0xDD97, 0xC5B7, 0xDDD7, 0xF5F8, 0xF618, 0xEDD7, 0xE5B7, 0xEDD7, 0xE5D7, 0xD5F8, 0xE618, 0xFE17,
  0xFE37, 0xFE37, 0xFE18, 0xEDF8, 0xEE18, 0xF638, 0xFE37, 0xFE37, 0xFE18, 0xF618, 0xE5B7, 0xE5B6, 0xE596, 0xEDF7, 0xF533, 0xE061,
  0xA000, 0xA820, 0xC840, 0xB081, 0xD490, 0xDDB5, 0x68A2, 0x7000, 0xA000, 0x7800, 0x2800, 0x1000, 0x1000, 0x1000, 0x1800, 0x50E2,
  0x836A, 0x8BAC, 0x9C0D, 0xA4D0, 0xA511, 0xA511, 0x4800, 0x2800, 0x2000, 0x2000, 0x0800, 0x0800, 0x1000, 0x1000, 0x1000, 0x1800,
  0x1800, 0x1800, 0x0800, 0x0000, 0x632D, 0xBE19, 0xAD97, 0xADB8, 0xADD8, 0xADD8, 0xADD8, 0xB5D8, 0xB5F9, 0xB5F8, 0xDDF8, 0xD5F8,
  0xD618, 0xE618, 0xC639, 0xC639, 0xBE19, 0xADB7, 0xC597, 0xC576, 0xD576, 0xE596, 0xD596, 0xD596, 0xCDB7, 0xD619, 0xD5D7, 0xE596,
  0xDDB7, 0xD5B7, 0xDDD8, 0xEE18, 0xFE17, 0xFE17, 0xFE37, 0xFE17, 0xEE18, 0xE618, 0xF638, 0xFE37, 0xFDF7, 0xFE18, 0xFE37, 0xF5D6,
  0xE596, 0xE5B6, 0xEDB6, 0xFE9A, 0xEB6D, 0xB800, 0xA000, 0xB820, 0xC800, 0xD34A, 0xEDF5, 0x932C, 0x3000, 0x5000, 0x4800, 0x2800,
  0x1000, 0x1000, 0x1000, 0x1000, 0x3800, 0x82E9, 0x9C2D, 0x9C6F, 0xB572, 0xB552, 0xAD32, 0x0800, 0x0800, 0x1000, 0x1000, 0x1000,
  0x3000, 0x4800, 0x4800, 0x6000, 0x8000, 0x7800, 0x5800, 0x0800, 0x0000, 0x0861, 0x9D15, 0xADD8, 0xADB7, 0xADD8, 0xADD8, 0xADD8,
  0xADD8, 0xADD8, 0xADF8, 0xBDF8, 0xDDF8, 0xE618, 0xDE18, 0xC619, 0xC619, 0xBDD8, 0xB5B7, 0xC597, 0xDD76, 0xF5D7, 0xEDB6, 0xE576,
  0xC596, 0xADB7, 0xBE18, 0xBDD8, 0xCD97, 0xD5B7, 0xC5B7, 0xCDD8, 0xDE19, 0xFE18, 0xFE17, 0xFE17, 0xF618, 0xD619, 0xDE19, 0xDE19,
  0xE618, 0xFE18, 0xFE37, 0xFE57, 0xF5F6, 0xEDF6, 0xEE16, 0xEDD6, 0xF618, 0xF617, 0xA103, 0x6000, 0x7020, 0xC000, 0xD143, 0xE4F0,
  0xDD13, 0x40A2, 0x2800, 0x3800, 0x2800, 0x1800, 0x1000, 0x1000, 0x1000, 0x2000, 0x6984, 0x9C2D, 0xACF0, 0xBD72, 0xBD92, 0xBD72,
  0x1000, 0x1000, 0x1000, 0x1000, 0x1800, 0x4800, 0x7000, 0x9000, 0xA800, 0xA820, 0x8800, 0x4800, 0x0000, 0x0000, 0x0000, 0x3A08,
  0xB5F9, 0xA5B7, 0xADD8, 0xADD8, 0xADD8, 0xADD8, 0xADD8, 0xADD8, 0xADD8, 0xCDF8, 0xD618, 0xD618, 0xD5F8, 0xC619, 0xB5B8, 0xB597,
  0xB5B7, 0xBD97, 0xE5F8, 0xEDB6, 0xE576, 0xBD96, 0xB597, 0xC5D8, 0xB5D8, 0xB597, 0xCD97, 0xE596, 0xEDD7, 0xF638, 0xFE18, 0xFE18,
  0xFE18, 0xDE19, 0xD619, 0xDE18, 0xD619, 0xD619, 0xF638, 0xFE58, 0xFE77, 0xF5F6, 0xEDB6, 0xEDD6, 0xEDB6, 0xFDF7, 0xFE58, 0xD40F,
  0x8000, 0x9000, 0xC000, 0xC800, 0xDB4A, 0xED53, 0x9A8A, 0x6000, 0x4800, 0x2000, 0x1800, 0x1000, 0x1000, 0x1800, 0x1800, 0x4881,
  0xAC4E, 0xACF0, 0xC592, 0xC5D4, 0xC5B3, 0x1000, 0x1800, 0x1800, 0x1000, 0x1000, 0x1000, 0x3800, 0x8800, 0x9800, 0x8800, 0x6000,
  0x1800, 0x0000, 0x0000, 0x0000, 0x0000, 0x7411, 0xB5F9, 0xADB7, 0xADD8, 0xADD8, 0xADD8, 0xADD8, 0xADD8, 0xADD8, 0xB5F8, 0xD5F8,
  0xD5F8, 0xD5F8, 0xC5F8, 0xB5B7, 0xB597, 0xAD97, 0xB5B7, 0xC619, 0xD5B7, 0xBD96, 0xAD97, 0xAD97, 0xBDD8, 0xBDD8, 0xBD97, 0xE596,
  0xED95, 0xF5B6, 0xFDF7, 0xFE17, 0xFE18, 0xF5F8, 0xEE18, 0xD619, 0xDE18, 0xDDF8, 0xEE18, 0xFE38, 0xFE58, 0xFE58, 0xEDF7, 0xE596,
  0xE596, 0xE596, 0xF5F7, 0xF5B6, 0xED96, 0xB165, 0x8800, 0x7800, 0xA800, 0xC903, 0xD410, 0xC3F0, 0x9020, 0x8000, 0x6800, 0x4800,
  0x2800, 0x2000, 0x3000, 0x2000, 0x3800, 0xABAB, 0xC5B3, 0xCE15, 0xCE35, 0xCDF4, 0x1000, 0x1000, 0x1000, 0x1000, 0x1800, 0x1800,
  0x0800, 0x3800, 0x8800, 0x7800, 0x8000, 0x2000, 0x0000, 0x0000, 0x0000, 0x0000, 0x18C3, 0xA576, 0xADD7, 0xADB7, 0xADB7, 0xADD8,
  0xADD8, 0xADD8, 0xADB8, 0xA5B8, 0xC5D8, 0xCDF8, 0xC5F8, 0xD5F8, 0xD5B7, 0xC5B7, 0xB5D8, 0xB5D8, 0xB5D8, 0xBD96, 0xB596, 0xAD97,
  0xAD96, 0xB5D8, 0xC5B7, 0xD576, 0xDD96, 0xED95, 0xF5B6, 0xFDF7, 0xFDF7, 0xFE17, 0xFE18, 0xFE18, 0xF618, 0xDDF8, 0xEDF8, 0xFE37,
  0xFE38, 0xFE18, 0xFE37, 0xE5B7, 0xE596, 0xEDB6, 0xE5B6, 0xEDF7, 0xF5D7, 0xF5F7, 0xE4B2, 0x7820, 0x88A1, 0x98E2, 0x90A1, 0xAAEC,
  0xBCB3, 0x9A28, 0x7020, 0x8040, 0x8020, 0x6800, 0x6020, 0x8020, 0x6840, 0x5820, 0xA2A7, 0xD5D3, 0xD5B3, 0xD593, 0xCD51, 0x1000,
  0x1000, 0x2000, 0x7820, 0x8020, 0x7020, 0x1800, 0x2800, 0x7800, 0x7000, 0x7000, 0x1000, 0x0000, 0x0000, 0x0000, 0x0000, 0x0000,
  0x4249, 0xB5F8, 0xA597, 0xA5B7, 0xA5B7, 0xA5B7, 0xA5B7, 0xA5B7, 0xA5B7, 0xB5B7, 0xD5B7, 0xE5B7, 0xF5B7, 0xF5D7, 0xEDB7, 0xD597,
  0xC597, 0xC556, 0xDD55, 0xCD56, 0xB576, 0xAD76, 0xBDB7, 0xDD96, 0xE556, 0xCD76, 0xDD76, 0xF5B6, 0xFDF7, 0xFDF7, 0xFE17, 0xFE37,
  0xFE17, 0xF5F7, 0xDDD7, 0xF5D7, 0xFE17, 0xFE37, 0xFE17, 0xFE57, 0xF5F6, 0xEDB6, 0xEDD6, 0xEDD6, 0xF617, 0xFE37, 0xFE17, 0xFE58,
  0xD267, 0xC8E1, 0xBA26, 0xB1E6, 0xC36C, 0xDDB6, 0xE4F2, 0xC9C2, 0xB982, 0xC1E3, 0xC141, 0xC121, 0xD1C3, 0xB101, 0x98A0, 0xB1C2,
  0xD592, 0xDE35, 0xD614, 0xCE14, 0x1800, 0x1000, 0x3800, 0xB840, 0xA020, 0x9840, 0x3800, 0x3800, 0x9820, 0xA020, 0x8020, 0x0000,
  0x0000, 0x0000, 0x0000, 0x0000, 0x0000, 0x0000, 0x8452, 0xADF8, 0xA597, 0xA597, 0xA5B7, 0xA5B7, 0xA597, 0xA597, 0xA597, 0xDDB7,
  0xEDB7, 0xE5B7, 0xE596, 0xDD35, 0xDD35, 0xDD15, 0xDD35, 0xDD35, 0xD535, 0xD535, 0xC556, 0xE576, 0xF556, 0xE535, 0xDD35, 0xCD35,
  0xED96, 0xF5D7, 0xF5D7, 0xF5F7, 0xFE37, 0xFE17, 0xF5D7, 0xD5B7, 0xCDB7, 0xE5F7, 0xF617, 0xF5F7, 0xFE37, 0xF5F5, 0xEDD5, 0xEDF5,
  0xEDB5, 0xF5B6, 0xFDF7, 0xEDB5, 0xEDB6, 0xE4D1, 0xB8A0, 0xB9C4, 0xC246, 0xCB09, 0xDD54, 0xEDB6, 0xEB46, 0xE200, 0xE241, 0xE200,
  0xE221, 0xEA62, 0xD1E0, 0xC9E0, 0xD260, 0xDD90, 0xE719, 0xE719, 0xD6B7, 0x3000, 0x1800, 0x2000, 0x4000, 0x5000, 0x4820, 0x5000,
  0x7800, 0x8840, 0x8041, 0x4800, 0x0000, 0x0000, 0x0000, 0x0000, 0x0000, 0x0000, 0x0000, 0x2104, 0xA597, 0xA597, 0xA597, 0x9D97,
  0xA597, 0xADB7, 0xB5B7, 0xADB7, 0xD5B7, 0xF5B7, 0xE597, 0xE555, 0xE535, 0xD515, 0xD515, 0xED76, 0xE556, 0xCD35, 0xDD55, 0xD535,
  0xE576, 0xED76, 0xD535, 0xE535, 0xCD15, 0xDD96, 0xFDF7, 0xFDD6, 0xFDF6, 0xFE37, 0xFDF7, 0xFDD6, 0xFDD6, 0xDDD7, 0xC5D8, 0xC5D8,
  0xCDB7, 0xEDB7, 0xED95, 0xEDB5, 0xEDD5, 0xE5B5, 0xF5B6, 0xF5B6, 0xED75, 0xED35, 0xED96, 0xE2E7, 0xD1A2, 0xCAA7, 0xD2C7, 0xDC0D,
  0xEDB6, 0xFD50, 0xEBE1, 0xEC64, 0xEC64, 0xEC22, 0xFC21, 0xEC61, 0xEC61, 0xEC61, 0xE54C, 0xE6F8, 0xDEB7, 0xD696, 0x6820, 0x1000,
  0x0800, 0x3000, 0x5800, 0x5800, 0x6800, 0x9000, 0xA820, 0xA820, 0x5820, 0x0000, 0x0000, 0x0000, 0x0000, 0x0000, 0x0000, 0x0000,
  0x0000, 0x52CB, 0xB5F8, 0x9D56, 0xAD97, 0xB5B7, 0xBDB7, 0xC5B7, 0xBDD7, 0xB5B7, 0xD597, 0xD576, 0xCD35, 0xE514, 0xCD15, 0xC535,
  0xE576, 0xE555, 0xCD35, 0xD535, 0xD515, 0xE556, 0xDD56, 0xD535, 0xDD34, 0xDD14, 0xCD76, 0xDDD7, 0xEDB7, 0xED96, 0xFDD7, 0xFDF7,
  0xFE18, 0xFE38, 0xFE38, 0xDE38, 0xBE19, 0xBDF8, 0xCDD8, 0xE597, 0xEDB7, 0xED96, 0xE576, 0xF5F7, 0xF5D7, 0xED96, 0xED76, 0xED96,
  0xFD32, 0xEA22, 0xD2A6, 0xD2C7, 0xD2C7, 0xED12, 0xFE36, 0xE445, 0xEC82, 0xED04, 0xED47, 0xFD64, 0xECE2, 0xECC0, 0xECA0, 0xECE6,
  0xE6B6, 0xDEB6, 0xD696, 0x3000, 0x3000, 0x5020, 0x5000, 0x7800, 0x6800, 0xA020, 0xC060, 0xD8A0, 0xD860, 0x5020, 0x0000, 0x0000,
  0x0000, 0x0000, 0x0000, 0x0000, 0x0000, 0x0000, 0x0020, 0x7C52, 0xAD97, 0xB576, 0xAD76, 0xB596, 0xB596, 0xB5B6, 0xA597, 0xBD76,
  0xD556, 0xB4F4, 0xC4F4, 0xC4F4, 0xBD15, 0xE596, 0xD555, 0xCD35, 0xCD35, 0xD535, 0xE576, 0xE597, 0xE576, 0xE555, 0xED35, 0xD576,
  0xE5D8, 0xF596, 0xE4F5, 0xF4D3, 0xF4D3, 0xE4B3, 0xEC91, 0xF450, 0xF450, 0xD3F0, 0xDBD0, 0xEC30, 0xE410, 0xE42F, 0xEC0F, 0xEC50,
  0xF4D2, 0xF4D2, 0xE430, 0xE431, 0xE492, 0xF5B5, 0xF367, 0xEA42, 0xEAC5, 0xE2E5, 0xF48E, 0xFE79, 0xECAA, 0xE3E0, 0xE460, 0xECA0,
  0xFD02, 0xECC1, 0xEC80, 0xEC40, 0xE462, 0xEE73, 0xDEB7, 0xDE96, 0x5020, 0x5020, 0x8820, 0x8000, 0x9820, 0xA840, 0xB840, 0xD0C1,
  0xB8C1, 0x6000, 0x1800, 0x0000, 0x0000, 0x0000, 0x0000, 0x0000, 0x0000, 0x0000, 0x0000, 0x0000, 0x2125, 0xA596, 0xA576, 0xA576,
  0xAD76, 0xAD76, 0xAD76, 0xA576, 0xAD76, 0xD576, 0xC535, 0xC555, 0xD596, 0xD596, 0xEDB7, 0xDD76, 0xDD34, 0xDCF4, 0xA472, 0xA472,
  0xB431, 0x936E, 0x82EC, 0x7A8B, 0x6249, 0xB1C7, 0xE924, 0xE8C3, 0xE061, 0xC841, 0xA821, 0xE040, 0xE800, 0xE800, 0xE000, 0xE800,
  0xF8E2, 0xE8A1, 0xE961, 0xE941, 0xE921, 0xF1A2, 0xE941, 0xE0C1, 0xD861, 0xD861, 0xE903, 0xB8C2, 0x7060, 0x80E1, 0xB1C3, 0xDB48,
  0xF594, 0xED91, 0xEC41, 0xEC40, 0xEC60, 0xFCC1, 0xECC3, 0xEC40, 0xEC20, 0xE400, 0xEE31, 0xDED7, 0xD675, 0x6820, 0x7000, 0x9820,
  0xB020, 0xA820, 0x9820, 0x7820, 0x5800, 0x7800, 0x8861, 0x2020, 0x0000, 0x0000, 0x0000, 0x0000, 0x0000, 0x0000, 0x0000, 0x0000,
  0x0000, 0x0000, 0x634D, 0xB5F8, 0xADB7, 0xADD7, 0xADB7, 0xA5B7, 0xA596, 0x9515, 0xCC92, 0xE3F0, 0xC36E, 0xCB4C, 0xBA8A, 0xC228,
  0xE248, 0xD145, 0xC124, 0x88C4, 0x60C3, 0x2062, 0x1062, 0x1862, 0x1862, 0x1842, 0x9801, 0xE000, 0xE820, 0xE020, 0xD000, 0xD841,
  0xE841, 0xE820, 0xE881, 0xE821, 0xE821, 0xF0C2, 0xE000, 0xE0A1, 0xE943, 0xE0E1, 0xF162, 0xE8C1, 0xE0E1, 0xE982, 0xE881, 0xE0E2,
  0xC040, 0x9820, 0x8861, 0x7082, 0x9841, 0xC0E2, 0xD226, 0xD1C1, 0xDAC0, 0xEC42, 0xFD02, 0xF4A2, 0xEBA0, 0xEBA0, 0xEBA0, 0xF5AD,
  0xE6D7, 0xD675, 0xA000, 0xB840, 0xB840, 0xA040, 0x7020, 0x6820, 0x6800, 0x8040, 0xA840, 0xC8A1, 0x2820, 0x0000, 0x0000, 0x0000,
  0x0000, 0x0000, 0x0000, 0x0000, 0x0000, 0x0000, 0x0000, 0x0862, 0x7C10, 0x94D3, 0x73F0, 0x52EC, 0x3A08, 0x2945, 0x10C3, 0x6041,
  0xC821, 0xA000, 0xC000, 0x9000, 0xB000, 0xD800, 0xD800, 0xD000, 0xC000, 0xB042, 0x8882, 0x98A3, 0x3083, 0x20A3, 0x38E4, 0x7042,
  0xC800, 0xD820, 0xE021, 0xE021, 0xC820, 0xD000, 0xE020, 0xE820, 0xE800, 0xF020, 0xF040, 0xE902, 0xE8A1, 0xE061, 0xE101, 0xF0E1,
  0xF0E1, 0xF1A3, 0xD881, 0xE080, 0xE8C1, 0xF081, 0xF101, 0xF0C1, 0xC041, 0xD020, 0xF8C2, 0xE963, 0xD0C2, 0xC060, 0xB8C0, 0xC180,
  0xCA40, 0xDA80, 0xF300, 0xF320, 0xF4A9, 0xE6B6, 0xDE75, 0xA820, 0xA061, 0x7820, 0x7840, 0xA841, 0xA820, 0xB860, 0xD8E1, 0x9820,
  0x9081, 0x2020, 0x0000, 0x0000, 0x0000, 0x0000, 0x0000, 0x0000, 0x0000, 0x0000, 0x0000, 0x0000, 0x0000, 0x0000, 0x0020, 0x0000,
  0x0000, 0x0000, 0x0000, 0x0000, 0x3000, 0xA020, 0xC020, 0xE000, 0xC021, 0xA801, 0xC800, 0xE041, 0xE000, 0xD821, 0xD821, 0xA862,
  0xB042, 0x6062, 0x38A3, 0x30C4, 0x30C4, 0x7082, 0xC021, 0xD821, 0xE041, 0xE800, 0xE821, 0xD041, 0xD021, 0xC800, 0xC861, 0xE881,
  0xF061, 0xF061, 0xF041, 0xF0E1, 0xF121, 0xF0E1, 0xF8E1, 0xF1E3, 0xC881, 0xC820, 0xE000, 0xD000, 0xB800, 0xD000, 0xD000, 0xD800,
  0xE861, 0xF1C4, 0xD0A1, 0xC8C1, 0xD142, 0xB881, 0xA820, 0xA060, 0xB0E0, 0xDB06, 0xEEB5, 0xE6D6, 0x7820, 0x7800, 0x8040, 0x6020,
  0xA861, 0x9020, 0x9081, 0x9061, 0x6800, 0x8040, 0x2020, 0x0000, 0x0000, 0x0000, 0x0000, 0x0000, 0x0000, 0x0000, 0x0000, 0x0000,
  0x0000, 0x0000, 0x0000, 0x0000, 0x0000, 0x0000, 0x0000, 0x0000, 0x0000, 0x1800, 0xC0E2, 0xD943, 0xC081, 0xA841, 0xB001, 0xD801,
  0xE882, 0xD821, 0xC800, 0xD800, 0xA021, 0x8820, 0xA000, 0x9821, 0x7062, 0x60C4, 0x5082, 0x6021, 0xA020, 0xC000, 0xD800, 0xD821,
  0xD821, 0xB020, 0xB821, 0xB000, 0xB000, 0xC841, 0xB800, 0xD000, 0xF040, 0xF060, 0xF0A1, 0xF0E1, 0xF8A1, 0xF101, 0xA020, 0x9000,
  0xA820, 0xA000, 0x9800, 0x9000, 0x9800, 0xA000, 0x8800, 0x4000, 0x4020, 0x70E1, 0x98E1, 0xB8A1, 0xB102, 0x4000, 0x91A3, 0xEE74,
  0xE6D6, 0x7020, 0xA061, 0x7820, 0x7020, 0x8841, 0x5800, 0x7820, 0xB820, 0xE8A0, 0xE941, 0x2840, 0x0000, 0x0000, 0x0000, 0x0000,
  0x0000, 0x0000, 0x0000, 0x0000, 0x0000, 0x0000, 0x0000, 0x0000, 0x0000, 0x0000, 0x0000, 0x0000, 0x0000, 0x0000, 0x0000, 0x7061,
  0xB082, 0xA861, 0x9881, 0x8821, 0xC821, 0xE800, 0xE800, 0xE000, 0xD800, 0xD000, 0xD800, 0xE020, 0xE800, 0xE800, 0xD000, 0xC000,
  0xA000, 0x8000, 0x6800, 0x8000, 0x9800, 0xA800, 0xB000, 0xC000, 0xC000, 0xA000, 0xA800, 0xA000, 0xB800, 0xE000, 0xF020, 0xF8C1,
  0xF9A3, 0xF0E1, 0xF0A1, 0xA820, 0x5000, 0x6000, 0x7800, 0x8800, 0xA000, 0xE020, 0xB800, 0x7020, 0x3000, 0x2800, 0x2000, 0x2000,
  0x3000, 0x5061, 0x2800, 0x7942, 0xEE33, 0xE6D6, 0x2800, 0x3000, 0x8841, 0xA040, 0xC081, 0xD081, 0xD880, 0xD040, 0xE8C0, 0xD8E0,
  0x2000, 0x0000, 0x0000, 0x0000, 0x0000, 0x0000, 0x0000, 0x0000, 0x0000, 0x0000, 0x0000, 0x0000, 0x0000, 0x0000, 0x0000, 0x0000,
  0x0000, 0x0000, 0x0000, 0x0000, 0x3841, 0xB0C3, 0xC041, 0xD061, 0xB021, 0xA841, 0xB841, 0xD041, 0xD820, 0xC000, 0xC800, 0xE000,
  0xE821, 0xE841, 0xF061, 0xF861, 0xF020, 0xE000, 0xE000, 0xB800, 0x7000, 0x5000, 0x7000, 0x8800, 0xA000, 0xB800, 0xA800, 0xA800,
  0xA800, 0xA000, 0xD000, 0xF060, 0xF060, 0xF081, 0xF040, 0xF820, 0xE820, 0x8020, 0x4041, 0x3800, 0x4800, 0x5800, 0x7000, 0x9000,
  0x7820, 0x3000, 0x3000, 0x4840, 0x3000, 0x2800, 0x2000, 0x1800, 0x7901, 0xEDF2, 0xE6D6, 0x4800, 0x2000, 0x6841, 0xC0C1, 0xC0C1,
  0x9881, 0xC8C1, 0xE8E1, 0xE880, 0xE8E1, 0x3020, 0x0000, 0x0000, 0x0000, 0x0000, 0x0000, 0x0000, 0x0000, 0x0000, 0x0000, 0x0000,
  0x0000, 0x0000, 0x0000, 0x0000, 0x0000, 0x0000, 0x0000, 0x0000, 0x0000, 0x1020, 0x3882, 0x4841, 0x9104, 0xB082, 0xC801, 0xC821,
  0x9821, 0x9062, 0x5862, 0x7841, 0xC800, 0xE000, 0xF000, 0xF820, 0xF861, 0xF020, 0xE000, 0xD800, 0xE821, 0xC800, 0x7800, 0x6000,
  0x6000, 0x7000, 0x7800, 0x8000, 0x9000, 0xA000, 0x9800, 0xC000, 0xF081, 0xF0C1, 0xE800, 0xE020, 0xD000, 0xE020, 0xA041, 0x6020,
  0x4800, 0x5800, 0x5800, 0x3000, 0x3800, 0x3800, 0x2800, 0x2800, 0x3820, 0x2800, 0x2800, 0x2800, 0x2000, 0x78E1, 0xEDD1, 0xE6B5,
  0xB020, 0x6820, 0x2800, 0x3000, 0x5840, 0x7020, 0xE0C1, 0xF060, 0xE040, 0xD061, 0x3840, 0x0000, 0x0000, 0x0000, 0x0000, 0x0000,
  0x0000, 0x0000, 0x0000, 0x0000, 0x0000, 0x0000, 0x0000, 0x0000, 0x0000, 0x0000, 0x0000, 0x0000, 0x0000, 0x0000, 0x0820, 0x5103,
  0x5903, 0x40C3, 0x4882, 0x7821, 0xB082, 0x6082, 0x2882, 0x1882, 0x2082, 0x4062, 0x6821, 0x9820, 0xB800, 0xC000, 0xB800, 0xD000,
  0xC000, 0xA000, 0x8021, 0x5821, 0x5021, 0x5842, 0x5001, 0x5021, 0x4000, 0x6000, 0x7800, 0x8000, 0xA800, 0xC000, 0xE020, 0xE820,
  0xE000, 0xB000, 0x9020, 0x9021, 0x8000, 0x7000, 0x6000, 0x7000, 0x8021, 0x6821, 0x3000, 0x2000, 0x2000, 0x1800, 0x2000, 0x2800,
  0x2800, 0x2000, 0x70C0, 0xED90, 0xE654, 0xF121, 0xE901, 0x9060, 0x6061, 0xA060, 0xD0C1, 0xD060, 0xE080, 0xB060, 0xA8A1, 0x4881,
  0x0000, 0x0000, 0x0000, 0x0000, 0x0000, 0x0000, 0x0000, 0x0000, 0x0000, 0x0000, 0x0000, 0x0000, 0x0000, 0x0000, 0x0000, 0x0000,
  0x0000, 0x0000, 0x0000, 0x0800, 0x8942, 0x78C2, 0x3041, 0x3882, 0x3861, 0x3882, 0x2082, 0x1882, 0x2082, 0x2082, 0x20A3, 0x1862,
  0x2062, 0x2841, 0x4041, 0x5021, 0x6821, 0x6021, 0x4041, 0x3862, 0x3061, 0x2841, 0x3841, 0x4882, 0x3841, 0x3821, 0x4041, 0x4021,
  0x6021, 0x7020, 0x6800, 0x8800, 0xB000, 0xC000, 0xB800, 0x9800, 0xA041, 0xB821, 0xB020, 0x8820, 0x6821, 0x4000, 0x4000, 0x2800,
  0x1800, 0x1800, 0x1800, 0x1800, 0x1800, 0x2800, 0x2000, 0x68A0, 0xE4ED, 0xEDB1, 0xC901, 0xA8C0, 0x6040, 0x7861, 0xC860, 0xD8C1,
  0xA080, 0xB8C1, 0xC080, 0xF961, 0x6080, 0x0000, 0x0000, 0x0000, 0x0000, 0x0000, 0x0000, 0x0000, 0x0000, 0x0000, 0x0000, 0x0000,
  0x0000, 0x0000, 0x0000, 0x0000, 0x0000, 0x0000, 0x0000, 0x0000, 0x0000, 0xB223, 0xD303, 0x89A3, 0x6062, 0x80E3, 0x5882, 0x3041,
  0x5104, 0x30A3, 0x2882, 0x30A3, 0x2082, 0x2082, 0x2082, 0x2082, 0x2082, 0x2882, 0x38C3, 0x2882, 0x5041, 0x8841, 0x9821, 0x8841,
  0x9882, 0x8841, 0xC0C2, 0xA0A2, 0x6061, 0x4862, 0x4062, 0x3842, 0x6082, 0x6841, 0x6800, 0x9021, 0xA000, 0x9000, 0x8800, 0x6000,
  0x5820, 0x6841, 0x4800, 0x3800, 0x2000, 0x1800, 0x1800, 0x1800, 0x1800, 0x1800, 0x2000, 0x1800, 0x68A0, 0xE4AC, 0xEE33, 0x4000,
  0x4800, 0x7020, 0xB860, 0xD8C0, 0xF180, 0xD8E0, 0x8820, 0xC081, 0xE0A1, 0x6860, 0x0000, 0x0000, 0x0000, 0x0000, 0x0000, 0x0000,
  0x0000, 0x0000, 0x0000, 0x0000, 0x0000, 0x0000, 0x0000, 0x0000, 0x0000, 0x0000, 0x0000, 0x0000, 0x0000, 0x0000, 0x70E1, 0xD242,
  0xFB85, 0xD244, 0x78E2, 0x5082, 0x6082, 0x5082, 0x3082, 0x48A3, 0x68C3, 0x2841, 0x2861, 0x48A2, 0x2862, 0x2082, 0x38C3, 0x38C3,
  0x28A3, 0x6041, 0xF8A1, 0xF963, 0xF0A2, 0xE881, 0xE142, 0xB862, 0xD882, 0xE0E3, 0xB8C2, 0x5021, 0x3882, 0x30A3, 0x3882, 0x40A3,
  0x4841, 0x8021, 0xB061, 0xB861, 0x8820, 0x5000, 0x3800, 0x2800, 0x2800, 0x2000, 0x1800, 0x1800, 0x1000, 0x1000, 0x1800, 0x2000,
  0x1800, 0x70C0, 0xED4F, 0xEEB5, 0xC120, 0xD141, 0xD880, 0xD0C1, 0xF1A0, 0xF9A0, 0xE0A0, 0xD8A1, 0xE121, 0xE101, 0x90E1, 0x0000,
  0x0000, 0x0000, 0x0000, 0x0000, 0x0000, 0x0000, 0x0000, 0x0000, 0x0000, 0x0000, 0x0000, 0x0000, 0x0000, 0x0000, 0x0000, 0x0000,
  0x0000, 0x0000, 0x0000, 0x7142, 0xD305, 0xC9C2, 0xFB84, 0xCA63, 0x3801, 0x6062, 0x90A2, 0x60A2, 0x58E4, 0x7904, 0x9964, 0xA964,
  0x9081, 0x6882, 0x5882, 0x58A3, 0x4082, 0x2061, 0x2862, 0xA0C1, 0xF9A3, 0xF8A1, 0xE041, 0xE901, 0xE942, 0xC8A2, 0xB061, 0xF143,
  0xA041, 0x5082, 0x50A3, 0x38A3, 0x38A3, 0x3883, 0x60C3, 0x6061, 0x7020, 0xC0A2, 0x9841, 0x5000, 0x3000, 0x2800, 0x2800, 0x2800,
  0x3000, 0x2800, 0x3000, 0x2800, 0x2000, 0x2000, 0x8121, 0xEDF1, 0xEED6, 0xF160, 0xFA01, 0xF181, 0xE0C1, 0xD101, 0xC060, 0xD901,
  0xF160, 0xE161, 0xE921, 0xC182, 0x0000, 0x0000, 0x0000, 0x0000, 0x0000, 0x0000, 0x0000, 0x0000, 0x0000, 0x0000, 0x0000, 0x0000,
  0x0000, 0x0000, 0x0000, 0x0000, 0x0000, 0x0000, 0x0000, 0x0000, 0xA243, 0xFD06, 0xDAE4, 0xF424, 0xC9E0, 0xB1C2, 0x90E2, 0x90A2,
  0xA903, 0x70A2, 0x5882, 0x9944, 0xA0C2, 0xE963, 0xB0A2, 0xC942, 0x98A1, 0x6882, 0x60A2, 0x38A2, 0x40C3, 0x7821, 0xD041, 0xC001,
  0xA861, 0xC102, 0xB964, 0xA144, 0x80A2, 0x8904, 0x58A2, 0x5882, 0x5082, 0x6082, 0x70A2, 0x5082, 0x7082, 0x7841, 0x6800, 0x7821,
  0x7000, 0x5800, 0x4000, 0x3000, 0x3800, 0x4000, 0x4000, 0x4820, 0x3000, 0x2800, 0x2800, 0x9982, 0xF612, 0xE674, 0xC8A0, 0xB881,
  0xE922, 0xF0A0, 0xE162, 0xE982, 0xE981, 0xF1C1, 0xE9C1, 0xF262, 0xD182, 0x1800, 0x0000, 0x0000, 0x0000, 0x0000, 0x0000, 0x0000,
  0x0000, 0x0000, 0x0000, 0x0000, 0x0000, 0x0000, 0x0000, 0x0000, 0x0000, 0x0000, 0x0000, 0x0000, 0x0000, 0x60C1, 0xC202, 0xF465,
  0xFD85, 0xFE08, 0xFBA2, 0xC982, 0x6082, 0x68A2, 0x78A3, 0x70A3, 0x4841, 0x7082, 0xD0E2, 0xE9C2, 0xF343, 0xF202, 0xB0A1, 0xA0A2,
  0x78C2, 0x58A3, 0x48E3, 0x4882, 0x5862, 0x6021, 0x6062, 0x5862, 0x9944, 0x7903, 0x5082, 0x7123, 0x5862, 0xB0A2, 0xD0C1, 0xD041,
  0xB820, 0xB841, 0xC841, 0xA020, 0x8021, 0x7020, 0x9820, 0xB041, 0x9841, 0x5800, 0x2800, 0x2800, 0x2000, 0x2000, 0x2000, 0x3000,
  0xA1E3, 0xEDB0, 0xE5B1, 0xB860, 0xB840, 0xE901, 0xE182, 0xE141, 0xD101, 0xC0E1, 0xC161, 0xC121, 0xC0E1, 0xC122, 0x3020, 0x0000,
  0x0000, 0x0000, 0x0000, 0x0000, 0x0000, 0x0000, 0x0000, 0x0000, 0x0000, 0x0000, 0x0000, 0x0000, 0x0000, 0x0000, 0x0000, 0x0000,
  0x0000, 0x0000, 0x81E3, 0xC2C3, 0xA961, 0xDAC2, 0xF445, 0xF2E2, 0xE203, 0x8041, 0x9944, 0x9103, 0x68C3, 0x5082, 0x68A2, 0x9841,
  0xE9C3, 0xC9C2, 0xC8C1, 0xF941, 0xC943, 0xA8A2, 0x90A1, 0x9922, 0x6082, 0x50A2, 0xA1C4, 0xB9E4, 0x98E2, 0x88A2, 0x9081, 0x8000,
  0xB964, 0x98E3, 0xC0A1, 0xF981, 0xD8A1, 0xF0C2, 0xF8E2, 0xF061, 0xE840, 0xB000, 0x6800, 0x7000, 0x9020, 0xA061, 0xC041, 0x7020,
  0x3000, 0x3000, 0x3000, 0x2800, 0x3800, 0xB285, 0xEE12, 0xE653, 0xB880, 0xB860, 0xD942, 0xD9A2, 0xA8C1, 0x3800, 0x7061, 0xB0C1,
  0xD161, 0xE9A1, 0xFB03, 0x6922, 0x0000, 0x0000, 0x0000, 0x0000, 0x0000, 0x0000, 0x0000, 0x0000, 0x0000, 0x0000, 0x0000, 0x0000,
  0x0000, 0x0000, 0x0000, 0x0000, 0x0000, 0x0000, 0x0000, 0x89E2, 0xFCA3, 0xEB82, 0xF445, 0xF424, 0xB921, 0xC941, 0xC901, 0x90A3,
  0x80E3, 0x7104, 0x68E3, 0x9184, 0xA0E2, 0xB122, 0xDA04, 0xE182, 0xFA42, 0xF962, 0xD8E2, 0xC103, 0xE1A3, 0xDAC4, 0xCA66, 0xDA45,
  0xDA04, 0xCA45, 0xC9A3, 0xFA63, 0xEA43, 0xE183, 0xE1A3, 0xA861, 0xD9A3, 0xE901, 0xB841, 0xD881, 0xF922, 0xF0C1, 0xF081, 0xF102,
  0x8800, 0x3800, 0x3000, 0x4820, 0x5020, 0x3800, 0x3800, 0x3000, 0x2800, 0x4800, 0xC368, 0xEE32, 0xE612, 0xB881, 0xD101, 0xF1E1,
  0xF9E2, 0xB902, 0x1000, 0x6060, 0xF121, 0xFAC2, 0xFAA1, 0xD960, 0x6880, 0x0000, 0x0000, 0x0000, 0x0000, 0x0000, 0x0000, 0x0000,
  0x0000, 0x0000, 0x0000, 0x0000, 0x0000, 0x0000, 0x0000, 0x0000, 0x0000, 0x0000, 0x0000, 0x0000, 0x68A0, 0xE2E2, 0xFBC3, 0xF466,
  0xF486, 0xFB82, 0xF403, 0xFBE3, 0x98E1, 0x4042, 0x4882, 0x4862, 0x8081, 0xDA63, 0xB8C0, 0xD121, 0xF342, 0xFC02, 0xFB82, 0xFAC1,
  0xD0A1, 0xD122, 0xE1C2, 0xD943, 0xF1C4, 0xD9E3, 0x78A1, 0x7840, 0xF324, 0xFC44, 0xFB83, 0xFB05, 0xE9C4, 0xD9C4, 0xC8C2, 0xA061,
  0xD020, 0xF020, 0xF102, 0xF8C1, 0xF8C1, 0xC800, 0x5800, 0x3000, 0x2000, 0x1800, 0x2000, 0x3000, 0x3800, 0x2000, 0x5020, 0xD46B,
  0xEE94, 0xEE33, 0xC080, 0xE161, 0xF9E1, 0xA0A1, 0x4800, 0x5041, 0x9060, 0xD961, 0xEA82, 0xC921, 0xB182, 0xB2A5, 0x0800, 0x0000,
  0x0000, 0x0000, 0x0000, 0x0000, 0x0000, 0x0000, 0x0000, 0x0000, 0x0000, 0x0000, 0x0000, 0x0000, 0x0000, 0x0000, 0x0000, 0x0000,
  0x0000, 0xA263, 0xFCC3, 0xFCE4, 0xF3C4, 0xD101, 0xE322, 0xFCE4, 0xFD05, 0xDAE3, 0x5062, 0x4862, 0x7861, 0xEAA3, 0xFCE4, 0xFBA1,
  0xEA20, 0xFB81, 0xFCC4, 0xFCC2, 0xFC21, 0xF260, 0xD8C1, 0x9841, 0xA0C3, 0xB082, 0xC923, 0xC963, 0x90A1, 0xC922, 0xF344, 0xFC03,
  0xFB64, 0xFAE6, 0xE942, 0xD902, 0x7861, 0x7841, 0xE841, 0xF820, 0xF820, 0xF000, 0xC820, 0xA020, 0x4000, 0x1800, 0x2800, 0x2800,
  0x2000, 0x2820, 0x1800, 0x68C0, 0xE52E, 0xEE74, 0xEE74, 0xE161, 0xC921, 0x9080, 0x6860, 0x5020, 0xA0A1, 0xFA01, 0xD1A1, 0xB901,
  0xF405, 0xFC84, 0xF365, 0x2861, 0x0000, 0x0000, 0x0000, 0x0000, 0x0000, 0x0000, 0x0000, 0x0000, 0x0000, 0x0000, 0x0000, 0x0000,
  0x0000, 0x0000, 0x0000, 0x0000, 0x0000, 0x0000, 0xAA63, 0xE2E2, 0xF484, 0xFE28, 0xFD25, 0xD242, 0xD221, 0xFBC2, 0xC9E2, 0x6021,
  0x6821, 0xC182, 0xFBE3, 0xFC64, 0xFD05, 0xFC00, 0xFBE2, 0xFAA2, 0xFB81, 0xFBE1, 0xFBA1, 0xDA23, 0x8882, 0xD123, 0xA103, 0x5883,
  0x8882, 0xD943, 0x9821, 0xA8A2, 0xF2E4, 0xE9C3, 0xE162, 0xD962, 0xC902, 0xA040, 0x7021, 0x6000, 0x9840, 0x9820, 0xA020, 0x9800,
  0xA820, 0xC040, 0x8020, 0x4000, 0x2800, 0x2800, 0x2800, 0x2800, 0x99C3, 0xEE12, 0xEE95, 0xE674, 0x90A1, 0xB102, 0xC9A2, 0xF222,
  0xB122, 0xC142, 0xD981, 0xD161, 0xF242, 0xE9E1, 0xE1E2, 0xE961, 0x5820, 0x0000, 0x0000, 0x0000, 0x0000, 0x0000, 0x0000, 0x0000,
  0x0000, 0x0000, 0x0000, 0x0000, 0x0000, 0x0000, 0x0000, 0x0000, 0x0000, 0x0000, 0x0000, 0xCBA5, 0xEBC3, 0xD263, 0xEC04, 0xF4A4,
  0xFBA2, 0xC9C1, 0xB921, 0xB962, 0xD344, 0xE405, 0xDA63, 0xF404, 0xFBE2, 0xEAE3, 0xF2E2, 0xFB83, 0xFA62, 0xFAA1, 0xFA60, 0xFA21,
  0xF1A1, 0x7041, 0x7061, 0xA103, 0x6882, 0x9061, 0xE202, 0xD1C2, 0xC0A1, 0xF1E2, 0xE961, 0xE960, 0xFAE3, 0xE0C1, 0xF060, 0xD8C1,
  0x8800, 0x5000, 0x4000, 0x3800, 0x4020, 0x3000, 0x5800, 0x9020, 0xA841, 0x9881, 0x6861, 0x2000, 0x4000, 0xC306, 0xEE11, 0xE5F2,
  0xE612, 0xC8A1, 0xE8E1, 0xB8E1, 0xD1A1, 0x7820, 0x5800, 0xB0C1, 0xFA62, 0xD8E1, 0xD8E0, 0xFB43, 0xFB23, 0xA9C3, 0x0000, 0x0000,
  0x0000, 0x0000, 0x0000, 0x0000, 0x0000, 0x0000, 0x0000, 0x0000, 0x0000, 0x0000, 0x0000, 0x0000, 0x0000, 0x0000, 0x0000, 0x0800,
  0xBA63, 0xFC64, 0xFCE4, 0xEB22, 0xC961, 0xE2A2, 0xDA62, 0xDA42, 0xF303, 0xFC04, 0xFE6B, 0xFC84, 0xEA81, 0xE242, 0xFB63, 0xE9C2,
  0xF203, 0xF262, 0xF241, 0xE901, 0xE0E1, 0xD0A1, 0x9841, 0x68A2, 0x68C3, 0xB904, 0xE0C2, 0xFAC2, 0xFA81, 0xFA20, 0xE9A0, 0xF1C1,
  0xF181, 0xD8A0, 0xD840, 0xE020, 0xF942, 0xF0A1, 0xB800, 0x5800, 0x2800, 0x3000, 0x3000, 0x2800, 0x3000, 0x4800, 0x7020, 0x8081,
  0x1800, 0x4820, 0xD40A, 0xEE73, 0xE653, 0xE653, 0xC8C1, 0xB8A1, 0xC960, 0xF2C1, 0xE1A1, 0xC101, 0xA081, 0xC080, 0xE920, 0xFAA2,
  0xE9A1, 0xE9C1, 0xEBA5, 0x2060, 0x0000, 0x0000, 0x0000, 0x0000, 0x0000, 0x0000, 0x0000, 0x0000, 0x0000, 0x0000, 0x0000, 0x0000,
  0x0000, 0x0000, 0x0000, 0x0000, 0x1820, 0xD2C3, 0xFD26, 0xEB43, 0xEAC1, 0xB162, 0xDA61, 0xFC63, 0xFCC4, 0xFCA3, 0xFCE6, 0xEAE3,
  0xF404, 0xFC83, 0xE220, 0xF364, 0xEA43, 0xC943, 0xFAE2, 0xF1E1, 0xF0C1, 0xD983, 0xB8E3, 0xB8C2, 0xA061, 0x6820, 0x9924, 0xD943,
  0xD962, 0xD080, 0xF180, 0xF9E0, 0xE060, 0xF242, 0xFA22, 0xE0E1, 0xE0C1, 0xD902, 0xD020, 0xD000, 0x9800, 0x4000, 0x2000, 0x2800,
  0x2000, 0x2000, 0x2800, 0x2800, 0x2000, 0x1800, 0x70C0, 0xE54E, 0xEE73, 0xE653, 0xE653, 0xB943, 0xB080, 0xFA21, 0xF241, 0xFA01,
  0xD101, 0xB941, 0xD121, 0xF181, 0xC8A0, 0xD9C0, 0xEB01, 0xF363, 0x60C1, 0x0000, 0x0000, 0x0000, 0x0000, 0x0000, 0x0000, 0x0000,
  0x0000, 0x0000, 0x0000, 0x0000, 0x0000, 0x0000, 0x0000, 0x0000, 0x0000, 0x2881, 0xDB24, 0xF464, 0xFCE5, 0xB9C2, 0x8820, 0xD262,
  0xFD86, 0xFD45, 0xE280, 0xD2E3, 0xF506, 0xE3C4, 0xDAA1, 0xF403, 0xFD05, 0xF3C3, 0xEBC3, 0xFBA3, 0xF1A1, 0xFA23, 0xE8A1, 0xD942,
  0xB8A1, 0xB902, 0xEA84, 0xA102, 0xC1A4, 0xE265, 0xD163, 0xC880, 0xE8E1, 0xF0A0, 0xE0C1, 0xF9E2, 0xFA22, 0xF202, 0xD0C1, 0xB040,
  0xC880, 0xE060, 0x9000, 0x2000, 0x2820, 0x2000, 0x1800, 0x1800, 0x2800, 0x1800, 0x2800, 0xAA44, 0xEE73, 0xEE73, 0xE653, 0xDE33,
  0xA8A1, 0xD0E1, 0xB000, 0xE161, 0xFA60, 0xFA21, 0xFC25, 0xD9A2, 0xB041, 0xD9E1, 0xE240, 0xDAC2, 0xEB02, 0xB2C3, 0x0000, 0x0000,
  0x0000, 0x0000, 0x0000, 0x0000, 0x0000, 0x0000, 0x0000, 0x0000, 0x0000, 0x0000, 0x0000, 0x0000, 0x0000, 0x0000, 0x5122, 0xF384,
  0xEAE0, 0xF3C3, 0xC243, 0xC2A3, 0xDB44, 0xDAC3, 0xF546, 0xFCA4, 0xC222, 0xC1A1, 0xEBC3, 0xDA82, 0xE323, 0xFD44, 0xFD03, 0xFCC3,
  0xFC41, 0xFB22, 0xFC04, 0xF2A2, 0xF9A2, 0xD922, 0x9800, 0xA942, 0xB963, 0x8881, 0xC1C4, 0xEA24, 0xD103, 0x8820, 0xC8C1, 0xF921,
  0xF101, 0xF141, 0xE080, 0xF0C1, 0xE901, 0xC8E1, 0xC040, 0xC000, 0x7800, 0x3800, 0x2000, 0x1800, 0x1800, 0x2000, 0x1800, 0x4800,
  0xCBEA, 0xEEB4, 0xEE73, 0xDE53, 0xD612, 0xA061, 0xD121, 0xE120, 0xF9E0, 0xFAE2, 0xF2E2, 0xF303, 0xD920, 0xC060, 0xFA41, 0xC921,
  0xC100, 0xFD04, 0xFD87, 0x38C1, 0x0000, 0x0000, 0x0000, 0x0000, 0x0000, 0x0000, 0x0000, 0x0000, 0x0000, 0x0000, 0x0000, 0x0000,
  0x0000, 0x0000, 0x0000, 0x6922, 0xFC45, 0xFD23, 0xEC03, 0xB920, 0xD2C3, 0xFE48, 0xF486, 0xC181, 0xF4A6, 0xFD04, 0xEB42, 0xD9E2,
  0xEA83, 0xF363, 0xFC22, 0xFBC1, 0xF3E1, 0xF320, 0xF2E0, 0xFC63, 0xFBA1, 0xF9C0, 0xC861, 0xB8A2, 0x9082, 0x7861, 0xC0E1, 0xDA23,
  0xD921, 0xA821, 0xB103, 0xA0E3, 0xB102, 0xF181, 0xF0A0, 0xE8C1, 0xE880, 0xF020, 0xE0C1, 0xA861, 0x9840, 0x7800, 0x4800, 0x2000,
  0x1000, 0x1000, 0x1800, 0x2000, 0x78E0, 0xE50D, 0xE633, 0xE653, 0xE633, 0xE612, 0xA0C1, 0xE1E0, 0xF2A0, 0xF220, 0xEA62, 0xEA61,
  0xEA00, 0xFB82, 0xFAA1, 0xB0A1, 0xC1E1, 0xEC83, 0xEC41, 0xFD24, 0x9B05, 0x0000, 0x0000, 0x0000, 0x0000, 0x0000, 0x0000, 0x0000,
  0x0000, 0x0000, 0x0000, 0x0000, 0x0000, 0x0000, 0x0000, 0x0000, 0x9A03, 0xF423, 0xEC43, 0xE322, 0xC9A1, 0xDB44, 0xEDA8, 0xF5E8,
  0xF4C6, 0xCA22, 0xA941, 0xE322, 0xE241, 0xDA42, 0xE202, 0xFB84, 0xFAC1, 0xFB00, 0xF360, 0xF3E2, 0xFBC1, 0xF2C1, 0xFAA1, 0xEA21,
  0xD101, 0xA923, 0x8820, 0xC880, 0xF201, 0xE241, 0xDA21, 0xE223, 0xA0E3, 0x80A2, 0xA081, 0xB0A0, 0xE121, 0xE8A1, 0xE081, 0xD881,
  0xD860, 0x9800, 0x4000, 0x2800, 0x3820, 0x2000, 0x1000, 0x1000, 0x2800, 0xA1E3, 0xD4CD, 0xD46C, 0xDCCD, 0xD50E, 0xD52F, 0xE920,
  0xE1A0, 0xE140, 0xEA21, 0xEA41, 0xEAE1, 0xE2E1, 0xF2C1, 0xDA02, 0x9000, 0xE3A2, 0xEC24, 0xE382, 0xF382, 0xED27, 0x2081, 0x0000,
  0x0000, 0x0000, 0x0000, 0x0000, 0x0000, 0x0000, 0x0000, 0x0000, 0x0000, 0x0000, 0x0000, 0x0000, 0x1020, 0xBAA3, 0xDB42, 0xE3A3,
  0xE323, 0xB982, 0xC1C2, 0xE404, 0xED66, 0xF5A8, 0xEC24, 0xA0C0, 0xC9C1, 0xD1E1, 0xEC64, 0xF4A5, 0xE162, 0xE161, 0xF2C2, 0xF280,
  0xFC23, 0xFBC2, 0xFA60, 0xF2C1, 0xFB82, 0xFA01, 0xA000, 0xB041, 0xC081, 0xC060, 0xD8E0, 0xE1E0, 0xFAA1, 0xD181, 0x80A2, 0x9123,
  0xA8E2, 0x9000, 0xC040, 0xE942, 0xD860, 0xC820, 0xA841, 0x6020, 0x3800, 0x2800, 0x2000, 0x1800, 0x1800, 0x4820, 0xBB88, 0xD5B0,
  0xD5D1, 0xE612, 0xDDD1, 0xCD70, 0xEA81, 0xE9A1, 0xE202, 0xE9E1, 0xE0A0, 0xEA40, 0xEBC3, 0xB900, 0x9840, 0xE301, 0xEBA1, 0xEAC0,
  0xEC82, 0xECC5, 0xFDA6, 0x79C2, 0x0000, 0x0000, 0x0000, 0x0000, 0x0000, 0x0000, 0x0000, 0x0000, 0x0000, 0x0000, 0x0000, 0x0000,
  0x0000, 0x3860, 0xEBE3, 0xEC83, 0xDB22, 0xDA22, 0xB8E1, 0xE281, 0xD9E0, 0xE381, 0xE442, 0xF423, 0xE364, 0xD304, 0xEB42, 0xEB43,
  0xF343, 0xFAE2, 0xEA61, 0xF2E1, 0xF181, 0xF1C1, 0xFA60, 0xE8E0, 0xC840, 0xE120, 0xF1A1, 0xF141, 0xE902, 0xB021, 0xB000, 0xC000,
  0xD840, 0xF140, 0xFA82, 0xE243, 0xB122, 0xD921, 0xD9C2, 0x9820, 0x8000, 0x8800, 0x9020, 0x3800, 0x3000, 0x5020, 0x4000, 0x2800,
  0x2800, 0x2800, 0x8121, 0xD50D, 0xCD2E, 0xCCAD, 0xD4EE, 0xCC6C, 0xBC0B, 0xE9A1, 0xD080, 0xE241, 0xF1A0, 0xE180, 0xD161, 0xD182,
  0xA8E0, 0xB0C0, 0xF3E2, 0xEBC1, 0xEB82, 0xED24, 0xF584, 0xFD84, 0xDC24, 0x1061, 0x0000, 0x0000, 0x0000, 0x0000, 0x0000, 0x0000,
  0x0000, 0x0000, 0x0000, 0x0000, 0x0000, 0x0000, 0x6981, 0xF402, 0xED05, 0xEDC7, 0xEB82, 0xC961, 0xA0E1, 0xD281, 0xE3C1, 0xECA2,
  0xF524, 0xF4A5, 0xCA02, 0xC900, 0xEB23, 0xD9A2, 0xFAC1, 0xFB00, 0xF260, 0xF242, 0xD921, 0xC8A1, 0xA841, 0xC041, 0xD881, 0xF242,
  0xF940, 0xF961, 0xC840, 0xB020, 0xB861, 0xD020, 0xF080, 0xE8A0, 0xE9C2, 0xF1C2, 0xEA01, 0xF9A1, 0xE040, 0xB061, 0x5800, 0x3800,
  0x2800, 0x2000, 0x2000, 0x3800, 0x4000, 0x3000, 0x4000, 0xAA85, 0xD48D, 0xC3EA, 0xC46C, 0xD50E, 0xCD0F, 0xC50E, 0xB820, 0xA881,
  0xE1A1, 0xF1A1, 0xD9E2, 0xC101, 0xD9E0, 0xEAC0, 0xE221, 0xDA41, 0xEC82, 0xEC63, 0xEC01, 0xF482, 0xEA80, 0xFC44, 0x61A3, 0x0000,
  0x0000, 0x0000, 0x0000, 0x0000, 0x0000, 0x0000, 0x0000, 0x0000, 0x0000, 0x0000, 0x0000, 0xAAA3, 0xF4A4, 0xE381, 0xED46, 0xECA3,
  0xEB22, 0xB1A2, 0xCA82, 0xEBE1, 0xED04, 0xF523, 0xF484, 0xE3E6, 0xD243, 0xF423, 0xEB20, 0xFBC3, 0xEA62, 0xF222, 0xF9E1, 0xE9E2,
  0xC880, 0xE182, 0xC8C1, 0xE121, 0xFA22, 0xF961, 0xF9E1, 0xF120, 0xD860, 0xC0E2, 0xB861, 0xD040, 0xE881, 0xE041, 0xE020, 0xE8E0,
  0xF0A0, 0xE840, 0xE860, 0xA820, 0x4800, 0x3000, 0x2800, 0x2800, 0x2800, 0x2800, 0x3000, 0x78C1, 0xC3A9, 0xCC8D, 0xD52F, 0xCD4F,
  0xDDB0, 0xDDD1, 0xCD90, 0x6820, 0xB8E1, 0xC982, 0xB8C1, 0xE1C1, 0xEA00, 0xE2A0, 0xEB21, 0xEAE1, 0xD9C1, 0xF543, 0xE383, 0xD221,
  0xF3A2, 0xEA61, 0xF403, 0xD383, 0x0800, 0x0000, 0x0000, 0x0000, 0x0000, 0x0000, 0x0000, 0x0000, 0x0000, 0x0000, 0x0000, 0x1040,
  0xE4A7, 0xFD25, 0xF382, 0xF382, 0xF402, 0xECA6, 0xED89, 0xA900, 0xC181, 0xECE3, 0xFD24, 0xEBC4, 0xEBC5, 0xDA82, 0xC161, 0xF321,
  0xF2C2, 0xF2C3, 0xD942, 0xE181, 0xC8A1, 0xE121, 0xF960, 0xF1A2, 0x9861, 0xC020, 0xF8C0, 0xF9A0, 0xE0E0, 0xE080, 0xE8A0, 0xD8A1,
  0xA841, 0xB8A1, 0xB000, 0xB000, 0xB800, 0xE880, 0xD081, 0xA800, 0xC020, 0xC020, 0x7000, 0x3000, 0x2000, 0x2800, 0x3000, 0x4800,
  0xBAE6, 0xD50E, 0xCD0E, 0xCD2F, 0xD56F, 0xDDD1, 0xD570, 0xCCEE, 0x8081, 0x3800, 0x90A1, 0xE161, 0xF2A2, 0xEB43, 0xD920, 0xE2A0,
  0xEA41, 0xD121, 0xDA62, 0xC9A2, 0xDB42, 0xF3E1, 0xFD25, 0xFD23, 0xFD45, 0x71A2, 0x0000, 0x0000, 0x0000, 0x0000, 0x0000, 0x0000,
  0x0000, 0x0000, 0x0000, 0x0000, 0x5941, 0xFD04, 0xFBA1, 0xFC03, 0xEB82, 0xEB80, 0xDB62, 0xE3E2, 0xE3E1, 0xD201, 0xDAE2, 0xF4E5,
  0xF589, 0xE2C2, 0xEAC1, 0xB0E1, 0xC8E0, 0xF181, 0xFB63, 0xEA01, 0xA8A1, 0x6801, 0x9040, 0xF981, 0xF0E1, 0xD8A1, 0xE121, 0xE040,
  0xE0E1, 0xC880, 0xC840, 0xD000, 0xE040, 0xF040, 0xE0A1, 0x7020, 0x5020, 0x5800, 0x9820, 0x8820, 0x5000, 0x5800, 0x9000, 0xB800,
  0xA000, 0x6000, 0x2800, 0x2800, 0x70A0, 0xDCAC, 0xCD0E, 0xCCEE, 0xCCCD, 0xCCAC, 0xD4CD, 0xD50E, 0xC4EE, 0x5020, 0x8040, 0x8020,
  0xA880, 0xE9E2, 0xD1C2, 0xE282, 0xEA81, 0xF222, 0xD163, 0xC8C1, 0xE2A0, 0xE3E1, 0xE280, 0xF3A2, 0xFB20, 0xFBC3, 0xECE8, 0x2081,
  0x0000, 0x0000, 0x0000, 0x0000, 0x0000, 0x0000, 0x0000, 0x0000, 0x0000, 0xB386, 0xFD44, 0xEC02, 0xE260, 0xE361, 0xEC82, 0xECA4,
  0xEBC0, 0xECE3, 0xEC82, 0xD261, 0xD980, 0xE2E3, 0xE3C4, 0xEBA2, 0xD1A1, 0xC8A0, 0xFBA3, 0xFC23, 0xFBE2, 0xF261, 0x7820, 0x4021,
  0x90A1, 0xE981, 0xD0C1, 0xE941, 0xF262, 0xEA63, 0xE201, 0xE120, 0xB840, 0xB061, 0xE040, 0xB800, 0x9820, 0x9861, 0x6020, 0x7800,
  0xD061, 0x9840, 0x5800, 0x3000, 0x3800, 0x6800, 0x8020, 0x4800, 0x3000, 0xAA84, 0xD48B, 0xCC6C, 0xCC8D, 0xCD0E, 0xCD2F, 0xD590,
  0xCD4F, 0xBD0F, 0x7040, 0xD941, 0xB8A0, 0xB881, 0x9800, 0xA000, 0xE2C3, 0xEA62, 0xD8C1, 0xC060, 0xDA21, 0xE220, 0xDA61, 0xD981,
  0xF3A2, 0xFC03, 0xFBC4, 0xFDA9, 0x9A63, 0x0000, 0x0000, 0x0000, 0x0000, 0x0000, 0x0000, 0x0000, 0x0000, 0x2881, 0xED27, 0xFD03,
  0xE360, 0xE300, 0xE380, 0xE3E0, 0xFC62, 0xF4A2, 0xED24, 0xE4E5, 0xED06, 0xF3A4, 0xD1E2, 0xC0C0, 0xDA00, 0xC941, 0xE1A1, 0xE9E1,
  0xFA21, 0xFAA2, 0xFB02, 0xE242, 0x88C2, 0x4021, 0x8861, 0xD961, 0xD8A0, 0xE9A1, 0xFB43, 0xF3C3, 0xEA61, 0xE9A1, 0xB080, 0x8800,
  0x8820, 0xB061, 0xE041, 0xD8E2, 0x9840, 0xB800, 0xC800, 0xA000, 0x5820, 0x3000, 0x1800, 0x1000, 0x3000, 0x7921, 0xCC6A, 0xDCED,
  0xD50E, 0xD54F, 0xD56F, 0xCD0E, 0xD54F, 0xC4EE, 0x8B8A, 0xE141, 0xD961, 0xD100, 0xD101, 0xC8E0, 0xEA82, 0xDA43, 0xB040, 0xEA42,
  0xEAA2, 0xD180, 0xB8C0, 0xB881, 0xB881, 0xE242, 0xFC64, 0xF1E1, 0xFBE2, 0xFD26, 0x4101, 0x0000, 0x0000, 0x0000, 0x0000, 0x0000,
  0x0000, 0x0000, 0x69C2, 0xFDC5, 0xFCE2, 0xEBA0, 0xDA80, 0xD1C0, 0xEBC0, 0xFCA2, 0xEC62, 0xECA1, 0xE485, 0xC9C1, 0xFC03, 0xF404,
  0xC9C3, 0xE2C1, 0xE241, 0xEA01, 0xFA42, 0xE901, 0xF0C0, 0xF282, 0xFAE2, 0xC0A0, 0x6021, 0x68A3, 0x90C2, 0xD880, 0xD000, 0xD0C0,
  0xEA01, 0xEA21, 0xE9A1, 0xF140, 0xB860, 0x7800, 0x7820, 0x6800, 0xB800, 0xE860, 0xA820, 0xA000, 0x8800, 0x6020, 0x3800, 0x2000,
  0x1800, 0x5020, 0xBB88, 0xCCAC, 0xDD2D, 0xD52E, 0xD52F, 0xCD0E, 0xCD0E, 0xC4EE, 0x8B4A, 0x6288, 0xE162, 0xD8A1, 0xB040, 0xE980,
  0xC140, 0xB0C0, 0xD9E2, 0xDAC3, 0xFB63, 0xC8E0, 0xA861, 0x9820, 0x9881, 0xE261, 0xF302, 0xE1A1, 0xFB02, 0xF3E4, 0xF3E2, 0xD303,
  0x0800, 0x0000, 0x0000, 0x0000, 0x0000, 0x0000, 0x0000, 0xB3C5, 0xFD83, 0xF4A5, 0xEB82, 0xE320, 0xD1E0, 0xDA80, 0xFCC3, 0xECC4,
  0xECE4, 0xE506, 0xA8C0, 0xEC65, 0xF404, 0xD181, 0xC921, 0xD960, 0xD881, 0xFA01, 0xF1A0, 0xF1A1, 0xFA02, 0xFA42, 0xF202, 0xC080,
  0xA8A2, 0x90A2, 0x9040, 0xC000, 0xD020, 0xE080, 0xD8C1, 0xE9E1, 0xE0C0, 0xF0C0, 0xA860, 0x7000, 0x4800, 0x3800, 0xB800, 0xD800,
  0x7800, 0x4000, 0x4800, 0x4800, 0x2800, 0x3800, 0x91E3, 0xCCAC, 0xCCED, 0xE56F, 0xD50E, 0xCD0E, 0xCD0E, 0xAC2C, 0x8B4A, 0x7B09,
  0x5A47, 0xD060, 0xA840, 0x9860, 0xC961, 0x9061, 0xC9A1, 0xEAA1, 0xEA81, 0xF120, 0xE141, 0xB102, 0x9861, 0xC900, 0xFB00, 0xF280,
  0xFC44, 0xFC64, 0xA8C0, 0xEB83, 0xFB02, 0x9061, 0x0020, 0x0000, 0x0000, 0x0000, 0x0000, 0x2881, 0xECC6, 0xFC61, 0xF381, 0xC980,
  0xDA00, 0xE2E2, 0xD9A2, 0xF3E2, 0xEB61, 0xECE4, 0xECC3, 0xA080, 0xE282, 0xFBA2, 0xEB83, 0xD1A2, 0x9800, 0xA041, 0xD8C0, 0xD942,
  0xD922, 0xE942, 0xE9A3, 0xF181, 0xF080, 0xE0A0, 0xB8C1, 0x8861, 0x8881, 0xB800, 0xD820, 0xD8E1, 0xD060, 0xD8C0, 0xE840, 0xF080,
  0x8800, 0x4800, 0x3800, 0x5800, 0x9800, 0x7800, 0x2800, 0x2000, 0x3800, 0x4800, 0x70C1, 0xC3E9, 0xC46B, 0xCCED, 0xDD4E, 0xD570,
  0xC4CE, 0x936A, 0x82C8, 0x8B4A, 0x5A68, 0x3985, 0x8020, 0x4000, 0x4000, 0x8881, 0xDA63, 0xE181, 0xE141, 0xE0C0, 0xE8C1, 0xC921,
  0x7020, 0xB8A1, 0xE9E1, 0xF2C1, 0xEA02, 0xFBA4, 0xB1C2, 0xA0E0, 0xFC22, 0xE9A1, 0xF962, 0x8942, 0x0000, 0x0000, 0x0000, 0x0000,
  0x8A02, 0xFD24, 0xF340, 0xFB60, 0xB920, 0x9060, 0xDA02, 0xE121, 0xE2C2, 0xD980, 0xDA20, 0xEB01, 0x9860, 0xB080, 0xF260, 0xE301,
  0xEA41, 0xC0C0, 0x8020, 0xA0A1, 0xB820, 0xE921, 0xF1E2, 0xE840, 0xE840, 0xD800, 0xF0A0, 0xFA01, 0xD941, 0x9820, 0x9881, 0xC840,
  0xE8A0, 0xD941, 0xA000, 0xC000, 0xD800, 0xC000, 0x6000, 0x4000, 0x3000, 0x3000, 0x4800, 0x2800, 0x1000, 0x2020, 0x6040, 0xB326,
  0xCCCC, 0xCCED, 0xCD0D, 0xD52F, 0xB3EB, 0x8AA7, 0x8B29, 0x938B, 0x6268, 0x41A6, 0x41C6, 0x4800, 0x3800, 0x6820, 0xC860, 0xEA21,
  0xE160, 0xE8E0, 0xE880, 0xC860, 0x9061, 0x6040, 0xD901, 0xF241, 0xF241, 0xFCC7, 0xD202, 0x7800, 0xE3C4, 0xFC84, 0xE9A0, 0xE900,
  0xFBC4, 0x79A2, 0x0000, 0x0000, 0x0800, 0xCA41, 0xFC01, 0xF443, 0xFB21, 0xD100, 0x7800, 0x9820, 0xE121, 0xE100, 0xF241, 0xC8A0,
  0xB8A1, 0xA8E2, 0x8000, 0xD100, 0xE9E0, 0xE8C0, 0xE120, 0xC102, 0xA881, 0xE020, 0xF940, 0xF9C0, 0xE880, 0xF0E0, 0xC880, 0xD800,
  0xFA01, 0xF9C1, 0xF8A0, 0xE080, 0xA000, 0xA800, 0xD860, 0xC0A1, 0xB000, 0xB800, 0xB000, 0x8800, 0x4800, 0x2800, 0x2000, 0x1800,
  0x2000, 0x2000, 0x4000, 0x9A44, 0xD50C, 0xCCED, 0xBC2B, 0xB389, 0xB369, 0x9B49, 0xA3EB, 0x93EC, 0x6288, 0x5A69, 0x5248, 0x49A5,
  0x9861, 0x9020, 0xE9A1, 0xF1A1, 0xFA60, 0xF9A0, 0xD880, 0xC041, 0x9820, 0x9861, 0x6000, 0x9040, 0xA040, 0xD060, 0xFA42, 0x90E1,
  0x90A0, 0xFD07, 0xFBC2, 0xE920, 0xD860, 0xFB42, 0xFBA3, 0x5101, 0x0000, 0x48C1, 0xFAE1, 0xF2C0, 0xF302, 0xFAE1, 0xD920, 0x8021,
  0x7820, 0xD941, 0xE941, 0xF2A3, 0xE9A1, 0x9082, 0xC982, 0x9020, 0x8820, 0xE980, 0xF9E1, 0xF9E2, 0xEA22, 0xC040, 0xE0C2, 0xE060,
  0xF1A0, 0xE8C0, 0xD040, 0xE121, 0xB800, 0xF961, 0xF9C2, 0xF880, 0xF9A1, 0xE880, 0x8800, 0x8000, 0xF0C2, 0xB820, 0x9000, 0x9800,
  0xB800, 0x6800, 0x2800, 0x2820, 0x2800, 0x3000, 0x3800, 0x7922, 0xD46A, 0xD46B, 0xC3C9, 0xB348, 0xBBEB, 0xBC6D, 0xB4AE, 0x93AB,
  0x6AA9, 0x734C, 0x5249, 0x49A6, 0x6A68, 0xE0E2, 0xE860, 0xF9A1, 0xF9C1, 0xFAA1, 0xF1A0, 0xE880, 0xD081, 0xE142, 0xC8C1, 0x7020,
  0xB922, 0x7840, 0xC061, 0xC040, 0x4000, 0xA040, 0xFA21, 0xFAA1, 0xE0A0, 0xE961, 0xF281, 0xF180, 0xC9C1, 0x0800, 0xA161, 0xFA81,
  0xEAE1, 0xF221, 0xFA00, 0xC8A0, 0x7820, 0x5820, 0x9040, 0xF101, 0xD880, 0xC0A1, 0xD8A1, 0xF140, 0xD140, 0x7800, 0xD080, 0xF9A0,
  0xF101, 0xF222, 0xD101, 0xB061, 0xC020, 0xE222, 0xF365, 0xD0E1, 0xE901, 0xC080, 0xB000, 0xF0A0, 0xE880, 0xE8E0, 0xF880, 0xE880,
  0x8800, 0x7800, 0xA800, 0x8800, 0x8000, 0x7800, 0x7000, 0x3800, 0x2800, 0x3000, 0x3800, 0x68A0, 0xCC2A, 0xCC2B, 0xBAE7, 0xBBC9,
  0xC4CD, 0xBCAE, 0xBCCF, 0x8B6A, 0x6AC9, 0x732C, 0x41E7, 0x3145, 0x5A69, 0x3945, 0xD060, 0xE0C2, 0xE860, 0xE8A0, 0xF981, 0xF980,
  0xE8A0, 0xE901, 0xF9E1, 0xA8A1, 0x8060, 0xFA83, 0xD901, 0xD081, 0x7820, 0x4000, 0x9020, 0xD0A0, 0xF9C1, 0xD0A0, 0xF1C1, 0xE981,
  0xF1A1, 0xE9C1, 0x6000, 0xC181, 0xF161, 0xF201, 0xFA80, 0xFA00, 0xD941, 0x9841, 0x6020, 0x6020, 0xD0C1, 0xE940, 0xA020, 0xE020,
  0xF9E0, 0xFA01, 0xA881, 0x9820, 0xF982, 0xD060, 0xF262, 0xF1E0, 0xC000, 0x9000, 0x9000, 0xEA23, 0xF1E2, 0xD800, 0xE880, 0x9000,
  0xC800, 0xE860, 0xC840, 0xC000, 0xF8E1, 0xF040, 0x8000, 0x5800, 0x7800, 0x6800, 0x6000, 0x6000, 0x5800, 0x3000, 0x1800, 0x4840,
  0xBB06, 0xC3EA, 0xBB89, 0xC44B, 0xCD0E, 0xC50F, 0xAC4D, 0x8B29, 0x6AA9, 0x5A8A, 0x3124, 0x3124, 0x49E6, 0x4124, 0x4985, 0xE081,
  0xF943, 0xD861, 0xA800, 0xF0E0, 0xF9E2, 0xE8C1, 0xF9E1, 0xE0C0, 0x8800, 0x8000, 0xC060, 0xC0C1, 0xF102, 0x98A1, 0x4800, 0x8840,
  0xB020, 0xE820, 0xD8A1, 0xF1A1, 0xF221, 0xFB23, 0xF9C2, 0xE162, 0xF221, 0xF1A1, 0xE921, 0xF262, 0xF9A0, 0xE960, 0xA000, 0x6820,
  0x5000, 0xC0A1, 0xF9E1, 0xB8C1, 0xD020, 0xF940, 0xF960, 0xE121, 0x7800, 0xA840, 0xD922, 0xE8E0, 0xFA00, 0xF100, 0xC800, 0xA000,
  0xD020, 0xF900, 0xE060, 0xE800, 0xB820, 0x8800, 0xF840, 0xF121, 0xB840, 0xB820, 0xE020, 0xD000, 0xA000, 0x8020, 0x5000, 0x5000,
  0x4800, 0x4800, 0x3000, 0x3000, 0x9A04, 0xBB88, 0xBBCA, 0xC48D, 0xC4AD, 0xBC6D, 0xA3EB, 0x832A, 0x6289, 0x41C7, 0x28E3, 0x4185,
  0x51C6, 0x4964, 0x82C9, 0x7AA9, 0xB040, 0x9020, 0xE080, 0xD840, 0xE080, 0xF122, 0xF9E2, 0xF961, 0xF962, 0xB880, 0x9860, 0xD122,
  0xD0C1, 0xF9A3, 0xA0A1, 0x3800, 0x8040, 0xA800, 0xC800, 0xC020, 0xD020, 0xF1C0, 0xFBA4, 0xF243, 0xE9E2, 0xFA81, 0xF9C0, 0xE8E1,
  0xF222, 0xF9C0, 0xE0C0, 0xA801, 0xC081, 0x8040, 0xA000, 0xF982, 0x98A1, 0xA820, 0xE860, 0xF0C0, 0xF020, 0x9020, 0x5800, 0xD8E1,
  0xF060, 0xF121, 0xF9E1, 0xE121, 0xA000, 0x9800, 0xD000, 0xE8C0, 0xE840, 0xE8C1, 0x8860, 0xB020, 0xF0E1, 0xF060, 0x9800, 0xE080,
  0xC860, 0x9000, 0x9000, 0x4800, 0x4000, 0x3800, 0x2800, 0x3800, 0x89C3, 0xB368, 0xB3CA, 0xC46C, 0xBC4B, 0xABAA, 0x9B8A, 0x832A,
  0x5A89, 0x3165, 0x2903, 0x51E6, 0x6227, 0x6207, 0x72CA, 0x6269, 0x3903, 0xC0A1, 0xA820, 0xF122, 0xF102, 0xE860, 0xF921, 0xF080,
  0xD860, 0xD922, 0x7820, 0xA060, 0xF9C2, 0xD860, 0xE8A1, 0x7820, 0x3000, 0x7840, 0xA800, 0xF0C0, 0xD921, 0xE981, 0xFAE2, 0xFB63,
  0xF2C3, 0xF1C1, 0xFA40, 0xF1C0, 0xD040, 0xC800, 0xF9A0, 0xF242, 0xA800, 0xF081, 0xE9A2, 0xC081, 0xE8A1, 0xB0C1, 0x7800, 0xC040,
  0xF120, 0xF900, 0xD901, 0x8000, 0xB820, 0xE840, 0xF101, 0xF201, 0xF100, 0xA020, 0x9041, 0x9861, 0xB800, 0xC800, 0xE040, 0xD0A1,
  0x8000, 0xE000, 0xF0A1, 0x9800, 0xC860, 0xF0C1, 0x9000, 0x9800, 0x7800, 0x3800, 0x2800, 0x3800, 0x89A3, 0xAB48, 0xAB89, 0xBC0B,
  0xB3CA, 0xA369, 0x9B8B, 0x7B0A, 0x5248, 0x3985, 0x3103, 0x59E6, 0x6A88, 0x6248, 0x49C6, 0x4944, 0x6923, 0x8943, 0x9840, 0xC040,
  0xE860, 0xF0E1, 0xD881, 0xF0C1, 0xB821, 0x9861, 0x9040, 0x3800, 0xB0A1, 0xE0C1, 0xD0A1, 0xE081, 0x8881, 0x4020, 0x6841, 0xC861,
  0xF121, 0xD921, 0xE8E1, 0xF9C1, 0xF2E3, 0xD961, 0xE942, 0xE900, 0xFA20, 0xA8C1, 0x8020, 0xF960, 0xF9C1, 0xB040, 0xC000, 0xFA21,
  0xE9A1, 0xD800, 0xC8C0, 0x7000, 0xA800, 0xE020, 0xF9A1, 0xF0E1, 0x8800, 0x8000, 0xD081, 0xE880, 0xF140, 0xF8C0, 0xD060, 0x7800,
  0x8820, 0xA800, 0xC860, 0xC840, 0xD800, 0xA040, 0x9800, 0xF040, 0xA000, 0x7000, 0xD000, 0xB000, 0x8800, 0x5800, 0x2800, 0x3800,
  0x91A3, 0xB368, 0xA369, 0xB3C9, 0xB3CA, 0xA3CB, 0x8B6B, 0x6288, 0x4A07, 0x41A6, 0x4144, 0x6228, 0x5A27, 0x4165, 0x4124, 0x58E3,
  0xA226, 0x9184, 0xA205, 0x6000, 0x7000, 0xD060, 0xD040, 0x8820, 0xB8E2, 0xD901, 0xE8E1, 0xD942, 0x5800, 0xB102, 0xD840, 0xE962,
  0xE8A1, 0xA8C1, 0x4000, 0x7000, 0xD060, 0xE8E1, 0xC060, 0xE820, 0xF9E1, 0xEA81, 0xD1E3, 0xF283, 0xE8E0, 0xFA01, 0x8840, 0x5000,
  0xE981, 0xF9A1, 0xA800, 0x9800, 0xE8E0, 0xF940, 0xE880, 0xE080, 0x7000, 0x9820, 0xC081, 0xF8A0, 0xE020, 0x7000, 0x7820, 0xC040,
  0xD081, 0xD000, 0xF840, 0xF981, 0xA880, 0x9000, 0xB000, 0xE860, 0xE840, 0xD000, 0xC820, 0x6800, 0xC000, 0xA000, 0x4800, 0x8800,
  0x9000, 0x5800, 0x2800, 0x4020, 0x89C3, 0xAB28, 0xAB89, 0xB3CA, 0xABCA, 0x9BCB, 0x7B2B, 0x5227, 0x49E6, 0x4185, 0x51A6, 0x7289,
  0x41A6, 0x5124, 0x7944, 0x9163, 0xD3AA, 0xCB6A, 0x8B0A, 0x4145, 0x4800, 0x5000, 0x9820, 0x7020, 0x6000, 0xD921, 0xF9C1, 0xF981,
  0xD141, 0x4000, 0xA0A1, 0xE921, 0xC820, 0xF9A2, 0xF223, 0x5800, 0x9000, 0xF8E1, 0xD820, 0xD040, 0xE860, 0xF940, 0xEA01, 0xC0E1,
  0xFB83, 0xFA20, 0xF9C0, 0xA060, 0x4800, 0xD100, 0xF9A0, 0xA820, 0x9000, 0x9820, 0xE860, 0xF020, 0xF860, 0x9861, 0x9841, 0x8841,
  0x9800, 0xE061, 0x9020, 0x5800, 0xA800, 0xE8C1, 0xB061, 0xE000, 0xF901, 0xD8C1, 0x9020, 0xA000, 0xF040, 0xF8E1, 0xD000, 0xB000,
  0x7800, 0x6000, 0x8000, 0x6000, 0x5800, 0x4800, 0x3000, 0x5060, 0x9A25, 0x9AE7, 0x9B28, 0xB3A9, 0xABCA, 0x834B, 0x5A68, 0x5227,
  0x49C6, 0x4164, 0x59C6, 0x72AA, 0x4985, 0x6123, 0xDAE6, 0xEBE9, 0xB246, 0xD46D, 0xF591, 0x71C5, 0x18A2,
};
static const uint8_t hl_alpha[6205] = {
  51, 0, 0, 0, 0, 0, 0, 0, 0, 0, 0, 0, 0, 0, 0, 0, 0, 0, 0, 0, 0, 0, 0, 0,
  0, 0, 0, 0, 0, 0, 0, 0, 0, 0, 0, 0, 0, 0, 0, 0, 0, 0, 0, 0, 0, 0, 0, 0,
  0, 0, 0, 0, 0, 0, 0, 0, 0, 0, 0, 0, 0, 0, 0, 0, 0, 0, 0, 0, 0, 0, 0, 0,
  0, 0, 0, 0, 0, 0, 0, 0, 0, 0, 0, 0, 0, 0, 0, 0, 0, 0, 0, 0, 0, 0, 0, 0,
  0, 0, 0, 0, 0, 0, 0, 0, 0, 0, 0, 0, 0, 0, 0, 0, 0, 0, 0, 0, 0, 0, 0, 0,
  0, 0, 0, 0, 0, 0, 0, 0, 0, 0, 0, 0, 0, 0, 0, 0, 0, 0, 0, 0, 0, 0, 0, 0,
  0, 0, 0, 0, 0, 0, 0, 0, 0, 0, 0, 0, 0, 0, 0, 0, 0, 0, 0, 0, 0, 0, 0, 0,
  0, 0, 0, 0, 0, 0, 0, 0, 0, 0, 0, 0, 0, 0, 0, 0, 0, 0, 0, 0, 0, 0, 0, 0,
  0, 0, 0, 0, 0, 0, 0, 0, 0, 0, 0, 0, 0, 0, 0, 0, 0, 0, 0, 0, 0, 0, 0, 0,
  0, 0, 0, 0, 0, 0, 0, 0, 0, 0, 0, 0, 0, 0, 0, 0, 0, 0, 0, 0, 0, 0, 0, 0,
  0, 0, 0, 0, 0, 0, 0, 0, 0, 0, 0, 0, 0, 0, 0, 0, 0, 0, 0, 0, 0, 0, 0, 0,
  0, 0, 0, 0, 0, 0, 0, 0, 0, 0, 0, 0, 0, 0, 0, 0, 0, 0, 0, 0, 0, 0, 0, 0,
  0, 0, 0, 0, 0, 0, 0, 0, 0, 0, 0, 0, 0, 0, 0, 0, 0, 0, 0, 0, 0, 0, 0, 0,
  0, 0, 0, 0, 0, 0, 0, 0, 0, 0, 0, 0, 0, 0, 0, 0, 0, 0, 0, 0, 0, 0, 0, 0,
  0, 0, 0, 0, 0, 0, 0, 0, 0, 0, 0, 0, 0, 0, 0, 0, 0, 0, 0, 0, 0, 0, 0, 0,
  0, 0, 0, 0, 0, 0, 0, 0, 0, 0, 0, 0, 0, 0, 0, 0, 0, 0, 0, 0, 0, 0, 0, 0,
  0, 0, 0, 0, 0, 0, 0, 0, 0, 0, 0, 0, 0, 0, 0, 0, 0, 0, 0, 0, 0, 0, 0, 0,
  0, 0, 0, 0, 0, 0, 0, 0, 0, 0, 0, 0, 0, 0, 0, 0, 0, 0, 0, 0, 0, 0, 0, 0,
  0, 0, 0, 0, 0, 0, 0, 0, 0, 0, 0, 0, 0, 0, 0, 0, 0, 0, 0, 0, 0, 0, 0, 0,
  0, 0, 0, 0, 0, 0, 0, 0, 0, 0, 0, 0, 0, 0, 0, 0, 0, 0, 0, 0, 0, 0, 0, 0,
  0, 0, 0, 0, 0, 0, 0, 0, 0, 0, 0, 0, 0, 0, 0, 0, 0, 0, 0, 0, 0, 0, 0, 0,
  0, 0, 0, 0, 0, 0, 0, 0, 0, 0, 0, 0, 0, 0, 0, 0, 0, 0, 0, 0, 0, 0, 0, 0,
  0, 0, 0, 0, 0, 0, 0, 0, 0, 0, 0, 0, 0, 0, 0, 0, 0, 0, 0, 0, 0, 0, 0, 0,
  0, 0, 0, 0, 0, 0, 0, 0, 0, 0, 0, 0, 0, 0, 0, 0, 0, 0, 0, 0, 0, 0, 0, 0,
  0, 0, 0, 0, 0, 0, 0, 0, 0, 0, 0, 0, 0, 0, 0, 0, 0, 0, 0, 0, 0, 0, 0, 0,
  0, 0, 0, 0, 0, 0, 0, 0, 0, 0, 0, 0, 0, 0, 0, 0, 0, 0, 0, 0, 0, 0, 0, 0,
  0, 0, 0, 0, 0, 0, 0, 0, 0, 0, 0, 0, 0, 44, 35, 0, 0, 0, 0, 0, 0, 0, 0, 0,
  0, 0, 0, 0, 0, 0, 0, 0, 0, 0, 0, 0, 0, 0, 0, 0, 0, 0, 0, 0, 0, 0, 0, 0,
  0, 0, 0, 0, 0, 0, 0, 0, 0, 0, 0, 0, 0, 0, 0, 0, 0, 0, 0, 0, 0, 0, 0, 0,
  0, 0, 0, 0, 0, 0, 0, 0, 0, 0, 0, 0, 0, 0, 0, 67, 137, 255, 255, 255, 255, 255, 255, 255,
  255, 255, 255, 255, 255, 255, 255, 255, 255, 255, 255, 255, 255, 255, 255, 235, 145, 42, 0, 0, 0, 0, 0, 0,
  0, 0, 0, 0, 0, 0, 0, 0, 0, 0, 0, 0, 0, 0, 0, 0, 0, 0, 0, 0, 0, 0, 0, 0,
  0, 0, 0, 0, 0, 0, 0, 0, 0, 0, 0, 0, 0, 0, 0, 0, 0, 0, 0, 0, 0, 0, 32, 157,
  255, 255, 255, 255, 255, 255, 255, 255, 255, 255, 255, 255, 255, 255, 255, 255, 255, 255, 255, 255, 255, 255, 255, 255,
  255, 255, 255, 255, 255, 255, 255, 136, 0, 0, 0, 0, 0, 0, 0, 0, 0, 0, 0, 0, 0, 0, 0, 0,
  0, 0, 0, 0, 0, 0, 0, 0, 0, 0, 0, 0, 0, 0, 0, 0, 0, 0, 0, 0, 0, 0, 0, 0,
  0, 0, 0, 0, 0, 0, 0, 0, 115, 255, 255, 255, 255, 255, 255, 255, 255, 255, 255, 255, 255, 255, 255, 255,
  255, 255, 255, 255, 255, 255, 255, 255, 255, 255, 255, 255, 255, 255, 255, 255, 255, 255, 255, 255, 255, 141, 0, 0,
  0, 0, 0, 0, 198, 57, 0, 0, 0, 0, 0, 0, 0, 0, 0, 0, 0, 0, 0, 0, 0, 0, 0, 0,
  0, 0, 0, 0, 0, 0, 0, 0, 0, 0, 0, 0, 0, 0, 0, 0, 0, 105, 220, 255, 255, 255, 255, 255,
  255, 255, 255, 255, 255, 255, 255, 255, 255, 255, 255, 255, 255, 255, 255, 255, 255, 255, 255, 255, 255, 255, 255, 255,
  255, 255, 255, 255, 255, 255, 255, 255, 255, 255, 255, 55, 0, 0, 0, 0, 0, 157, 255, 0, 0, 0, 0, 0,
  0, 0, 0, 0, 0, 0, 0, 0, 0, 0, 0, 0, 0, 0, 0, 0, 0, 0, 0, 0, 0, 0, 0, 0,
  0, 0, 26, 167, 255, 255, 255, 255, 255, 255, 255, 255, 255, 255, 255, 255, 255, 255, 255, 255, 255, 255, 255, 255,
  255, 255, 255, 255, 255, 255, 255, 255, 255, 255, 255, 255, 255, 255, 255, 255, 255, 255, 255, 255, 255, 255, 255, 255,
  255, 26, 0, 0, 0, 0, 33, 255, 191, 0, 0, 0, 0, 0, 0, 0, 0, 0, 0, 0, 0, 0, 0, 0,
  0, 0, 0, 0, 0, 0, 0, 0, 0, 0, 0, 0, 0, 0, 0, 255, 255, 255, 255, 255, 255, 255, 255, 255,
  255, 255, 255, 255, 255, 255, 255, 255, 255, 255, 255, 255, 255, 255, 255, 255, 255, 255, 255, 255, 255, 255, 255, 255,
  255, 255, 255, 255, 255, 255, 255, 255, 255, 255, 255, 255, 255, 255, 255, 0, 0, 0, 0, 0, 204, 255, 0, 0,
  0, 0, 0, 0, 0, 0, 0, 0, 0, 0, 0, 0, 0, 0, 0, 0, 0, 0, 0, 0, 0, 0, 0, 0,
  0, 0, 0, 0, 187, 255, 255, 255, 255, 255, 255, 255, 255, 255, 255, 255, 255, 255, 255, 255, 255, 255, 255, 255,
  255, 255, 255, 255, 255, 255, 255, 255, 255, 255, 255, 255, 255, 255, 255, 255, 255, 255, 255, 255, 255, 255, 255, 255,
  255, 255, 255, 255, 146, 0, 0, 0, 0, 96, 229, 231, 0, 0, 0, 0, 0, 0, 0, 0, 0, 0, 0, 0,
  0, 0, 0, 0, 0, 0, 0, 0, 0, 0, 0, 0, 0, 0, 0, 0, 0, 0, 255, 255, 255, 255, 255, 255,
  255, 255, 255, 255, 255, 255, 255, 255, 255, 255, 255, 255, 255, 255, 255, 255, 255, 255, 255, 255, 255, 255, 255, 255,
  255, 255, 255, 255, 255, 255, 255, 255, 255, 255, 255, 255, 255, 255, 255, 255, 255, 255, 0, 0, 0, 0, 0, 53,
  255, 0, 0, 0, 0, 0, 0, 0, 0, 0, 0, 0, 0, 0, 0, 0, 0, 0, 0, 0, 0, 0, 0, 0,
  0, 0, 0, 0, 0, 0, 0, 92, 255, 255, 255, 255, 255, 255, 255, 255, 255, 255, 255, 255, 255, 255, 255, 255,
  255, 255, 255, 255, 255, 255, 255, 255, 255, 255, 255, 255, 255, 255, 255, 255, 255, 255, 255, 255, 255, 255, 255, 255,
  255, 255, 255, 255, 255, 255, 255, 214, 0, 0, 0, 0, 0, 144, 136, 0, 0, 0, 0, 0, 0, 0, 0, 0,
  0, 0, 0, 0, 0, 0, 0, 0, 0, 0, 0, 0, 0, 0, 0, 0, 0, 0, 0, 0, 0, 251, 255, 255,
  255, 255, 255, 255, 255, 255, 255, 255, 255, 255, 255, 255, 255, 255, 255, 255, 255, 255, 255, 255, 255, 255, 255, 255,
  255, 255, 255, 255, 255, 255, 255, 255, 255, 255, 255, 255, 255, 255, 255, 255, 255, 255, 255, 255, 255, 29, 0, 0,
  0, 0, 60, 227, 0, 0, 0, 0, 0, 0, 0, 0, 0, 0, 0, 0, 0, 0, 0, 0, 0, 0, 0, 0,
  0, 0, 0, 0, 0, 0, 0, 0, 0, 0, 0, 255, 255, 255, 255, 255, 255, 255, 255, 255, 255, 255, 255, 255,
  255, 255, 255, 255, 255, 255, 255, 255, 255, 255, 255, 255, 255, 255, 255, 255, 255, 255, 255, 255, 255, 255, 255, 255,
  255, 255, 255, 255, 255, 255, 255, 255, 255, 255, 255, 0, 0, 0, 0, 61, 255, 92, 0, 0, 0, 0, 0, 0,
  0, 0, 0, 0, 0, 0, 0, 0, 0, 0, 0, 0, 0, 0, 0, 0, 0, 0, 0, 0, 0, 0, 0, 0,
  98, 255, 255, 255, 255, 255, 255, 255, 255, 255, 255, 255, 255, 255, 255, 255, 255, 255, 255, 255, 255, 255, 255, 255,
  255, 255, 255, 255, 255, 255, 255, 255, 255, 255, 255, 255, 255, 255, 255, 255, 255, 255, 255, 255, 255, 255, 255, 255,
  58, 0, 0, 0, 73, 255, 255, 0, 0, 0, 0, 0, 0, 0, 0, 0, 0, 0, 0, 0, 0, 0, 0, 0,
  0, 0, 0, 0, 0, 0, 0, 0, 0, 0, 0, 0, 0, 0, 255, 255, 255, 255, 255, 255, 255, 255, 255, 255,
  255, 255, 255, 255, 255, 255, 255, 255, 255, 255, 255, 255, 255, 255, 255, 255, 255, 255, 255, 255, 255, 255, 255, 255,
  255, 255, 255, 255, 255, 255, 255, 255, 255, 255, 255, 255, 255, 236, 0, 0, 0, 0, 255, 255, 0, 0, 0, 0,
  0, 0, 0, 0, 0, 0, 0, 0, 0, 0, 0, 0, 0, 0, 0, 0, 0, 0, 0, 0, 0, 0, 0, 0,
  0, 0, 0, 35, 255, 255, 255, 255, 255, 255, 255, 255, 255, 255, 255, 255, 255, 255, 255, 255, 255, 255, 255, 255,
  255, 255, 255, 255, 255, 255, 255, 255, 255, 255, 255, 255, 255, 255, 255, 255, 255, 255, 255, 255, 255, 255, 255, 255,
  255, 255, 255, 43, 0, 0, 0, 83, 255, 154, 0, 0, 0, 0, 0, 0, 0, 0, 0, 0, 0, 0, 0, 0,
  0, 0, 0, 0, 0, 0, 0, 0, 0, 0, 0, 0, 0, 0, 0, 0, 0, 146, 255, 255, 255, 255, 255, 255,
  255, 255, 255, 255, 255, 255, 255, 255, 255, 255, 255, 255, 255, 255, 255, 255, 255, 255, 255, 255, 255, 255, 255, 255,
  255, 255, 255, 255, 255, 255, 255, 255, 255, 255, 255, 255, 255, 255, 255, 255, 196, 0, 0, 0, 0, 162, 255, 0,
  0, 0, 0, 0, 0, 0, 0, 0, 0, 0, 0, 0, 0, 0, 0, 0, 0, 0, 0, 0, 0, 0, 0, 0,
  0, 0, 0, 0, 0, 0, 0, 255, 255, 255, 255, 255, 255, 255, 255, 255, 255, 255, 255, 255, 255, 255, 255, 255,
  255, 255, 255, 255, 255, 255, 255, 255, 255, 255, 255, 223, 226, 255, 231, 162, 212, 255, 245, 246, 226, 191, 162, 214,
  254, 239, 200, 192, 213, 255, 0, 0, 0, 0, 56, 255, 76, 0, 0, 0, 0, 0, 0, 0, 0, 0, 0, 0,
  0, 0, 0, 0, 0, 0, 0, 0, 0, 0, 0, 0, 0, 0, 0, 0, 0, 0, 0, 0, 34, 255, 255, 255,
  255, 255, 255, 255, 255, 255, 255, 255, 255, 255, 255, 255, 255, 255, 255, 255, 255, 222, 156, 114, 121, 0, 0, 0,
  0, 0, 0, 0, 0, 0, 0, 0, 0, 0, 0, 0, 0, 0, 0, 0, 0, 0, 0, 0, 0, 0, 0, 0,
  221, 179, 0, 0, 0, 0, 0, 0, 0, 0, 0, 0, 0, 0, 0, 0, 0, 0, 0, 0, 0, 0, 0, 0,
  0, 0, 0, 0, 0, 0, 0, 0, 0, 0, 174, 255, 255, 255, 255, 255, 255, 255, 255, 219, 191, 142, 123, 49,
  0, 0, 0, 0, 0, 0, 0, 0, 0, 0, 0, 0, 0, 0, 0, 0, 0, 0, 0, 0, 0, 0, 0, 0,
  0, 0, 0, 0, 0, 0, 0, 0, 0, 0, 0, 0, 0, 0, 0, 0, 0, 0, 0, 0, 0, 0, 0, 0,
  0, 0, 0, 0, 0, 0, 0, 0, 0, 0, 0, 0, 0, 0, 0, 0, 0, 0, 0, 0, 0, 0, 0, 0,
  242, 255, 244, 146, 83, 0, 0, 0, 0, 0, 0, 0, 0, 0, 0, 0, 0, 0, 0, 0, 0, 0, 0, 0,
  0, 0, 0, 0, 0, 0, 0, 0, 0, 0, 0, 0, 0, 0, 0, 0, 0, 0, 0, 0, 0, 0, 0, 0,
  0, 0, 0, 0, 0, 0, 0, 0, 0, 0, 0, 0, 0, 0, 0, 0, 0, 0, 0, 0, 0, 0, 0, 0,
  0, 0, 0, 0, 0, 0, 0, 0, 0, 0, 0, 0, 0, 0, 0, 0, 0, 0, 0, 0, 0, 0, 0, 0,
  0, 0, 0, 0, 0, 0, 0, 0, 0, 0, 0, 0, 0, 0, 0, 0, 0, 0, 0, 0, 0, 0, 0, 0,
  0, 0, 0, 0, 0, 0, 0, 0, 0, 0, 0, 0, 0, 0, 0, 0, 0, 0, 0, 0, 0, 0, 0, 0,
  0, 0, 0, 0, 0, 0, 0, 0, 0, 0, 0, 0, 0, 0, 0, 0, 0, 0, 0, 0, 0, 0, 0, 0,
  0, 0, 0, 0, 0, 0, 0, 0, 0, 0, 0, 0, 0, 0, 0, 0, 0, 0, 0, 0, 0, 0, 0, 0,
  0, 0, 0, 0, 0, 0, 0, 0, 0, 0, 0, 0, 0, 0, 0, 0, 0, 0, 0, 0, 0, 0, 0, 0,
  0, 0, 0, 0, 0, 0, 0, 0, 0, 0, 0, 0, 0, 0, 0, 0, 0, 0, 0, 0, 0, 0, 0, 0,
  0, 0, 0, 0, 0, 0, 0, 0, 0, 0, 0, 0, 0, 0, 0, 0, 0, 0, 0, 0, 0, 0, 0, 0,
  0, 0, 0, 0, 0, 0, 0, 0, 0, 0, 0, 0, 0, 0, 0, 0, 0, 0, 0, 0, 0, 0, 0, 0,
  0, 0, 0, 0, 0, 0, 0, 0, 0, 0, 0, 0, 0, 0, 0, 0, 0, 0, 0, 0, 0, 0, 0, 0,
  0, 0, 0, 0, 0, 0, 0, 0, 0, 0, 0, 0, 0, 0, 0, 0, 0, 0, 0, 0, 0, 0, 0, 0,
  0, 0, 0, 0, 0, 0, 0, 0, 0, 0, 0, 0, 0, 0, 0, 0, 0, 0, 0, 0, 0, 0, 0, 0,
  0, 0, 0, 0, 0, 0, 0, 0, 0, 0, 0, 0, 0, 0, 0, 0, 0, 0, 0, 0, 0, 0, 0, 0,
  0, 0, 0, 0, 0, 0, 0, 0, 0, 0, 0, 0, 0, 0, 0, 0, 0, 0, 0, 0, 0, 0, 0, 0,
  0, 0, 0, 0, 0, 0, 0, 0, 0, 0, 0, 0, 0, 0, 0, 0, 0, 0, 0, 0, 0, 0, 0, 0,
  0, 0, 0, 0, 0, 0, 0, 0, 0, 0, 0, 0, 0, 0, 0, 0, 0, 0, 0, 0, 0, 0, 0, 0,
  0, 0, 0, 0, 0, 0, 0, 0, 0, 0, 0, 0, 0, 0, 0, 0, 0, 0, 0, 0, 0, 0, 0, 0,
  0, 0, 0, 0, 0, 0, 0, 0, 0, 0, 0, 0, 0, 0, 0, 0, 0, 0, 0, 0, 0, 0, 0, 0,
  0, 0, 0, 0, 0, 0, 0, 0, 0, 0, 0, 0, 0, 0, 0, 0, 0, 0, 0, 0, 0, 0, 0, 0,
  0, 0, 0, 0, 0, 0, 0, 0, 0, 0, 0, 0, 0, 0, 0, 0, 0, 0, 0, 0, 0, 0, 0, 0,
  0, 0, 0, 0, 0, 0, 0, 0, 0, 0, 0, 0, 0, 0, 0, 0, 0, 0, 0, 0, 0, 0, 0, 0,
  0, 0, 0, 0, 0, 0, 0, 0, 0, 0, 0, 0, 0, 0, 0, 0, 0, 0, 0, 0, 0, 0, 0, 0,
  0, 0, 0, 0, 0, 0, 0, 0, 0, 0, 0, 0, 0, 0, 0, 0, 0, 0, 0, 0, 0, 0, 0, 0,
  0, 0, 0, 0, 0, 0, 0, 0, 0, 0, 0, 0, 0, 0, 0, 0, 0, 0, 0, 0, 0, 0, 0, 0,
  0, 0, 0, 0, 0, 0, 0, 0, 0, 0, 0, 0, 0, 0, 0, 0, 0, 0, 0, 0, 0, 0, 0, 0,
  0, 0, 0, 0, 0, 0, 0, 0, 0, 0, 0, 0, 0, 0, 0, 0, 0, 0, 0, 0, 0, 0, 0, 0,
  0, 0, 0, 0, 0, 0, 0, 0, 0, 0, 0, 0, 0, 0, 0, 0, 0, 0, 0, 0, 0, 0, 0, 0,
  0, 0, 0, 0, 0, 0, 0, 0, 0, 0, 0, 0, 0, 0, 0, 0, 0, 0, 0, 0, 0, 0, 0, 0,
  0, 0, 0, 0, 0, 0, 0, 0, 0, 0, 0, 0, 0, 0, 0, 0, 0, 0, 0, 0, 0, 0, 0, 0,
  0, 0, 0, 0, 0, 0, 0, 0, 0, 0, 0, 0, 0, 0, 0, 0, 0, 0, 0, 0, 0, 0, 0, 0,
  0, 0, 0, 0, 0, 0, 0, 0, 0, 0, 0, 0, 0, 0, 0, 0, 0, 0, 0, 0, 0, 0, 0, 0,
  0, 0, 0, 0, 0, 0, 0, 0, 0, 0, 54, 0, 0, 0, 0, 0, 0, 0, 0, 0, 0, 0, 0, 0,
  0, 0, 0, 0, 0, 0, 0, 0, 0, 0, 0, 0, 0, 0, 0, 0, 0, 0, 0, 0, 0, 0, 0, 0,
  0, 0, 0, 0, 0, 0, 0, 0, 0, 0, 0, 0, 0, 0, 0, 0, 0, 0, 0, 0, 0, 0, 0, 0,
  0, 0, 0, 0, 0, 0, 0, 0, 0, 0, 0, 0, 0, 0, 0, 0, 0, 0, 0, 0, 0, 0, 0, 180,
  0, 0, 0, 0, 0, 0, 0, 0, 0, 0, 0, 0, 0, 0, 0, 0, 0, 0, 0, 0, 0, 0, 0, 0,
  0, 0, 0, 0, 0, 0, 0, 0, 0, 0, 0, 0, 0, 0, 0, 0, 0, 0, 0, 0, 0, 0, 0, 0,
  0, 0, 0, 0, 0, 0, 0, 0, 0, 0, 0, 0, 0, 0, 0, 0, 0, 0, 0, 0, 0, 0, 0, 0,
  0, 0, 0, 0, 0, 0, 0, 0, 0, 0, 0, 0, 174, 30, 0, 0, 0, 0, 0, 0, 0, 0, 0, 0,
  0, 0, 0, 0, 0, 0, 0, 0, 0, 0, 0, 0, 0, 0, 0, 0, 0, 0, 0, 0, 0, 0, 0, 0,
  0, 0, 0, 0, 0, 0, 0, 0, 0, 0, 0, 0, 0, 0, 0, 0, 0, 0, 0, 0, 0, 0, 0, 0,
  0, 0, 0, 0, 0, 0, 0, 0, 0, 0, 0, 0, 0, 0, 0, 0, 0, 0, 0, 0, 0, 0, 0, 0,
  0, 43, 29, 0, 0, 0, 0, 0, 0, 0, 0, 0, 0, 0, 0, 0, 0, 0, 0, 0, 0, 0, 0, 0,
  0, 0, 0, 0, 0, 0, 0, 0, 0, 0, 0, 0, 0, 0, 0, 0, 0, 0, 0, 0, 0, 0, 0, 0,
  0, 0, 0, 0, 0, 0, 0, 0, 0, 0, 0, 0, 0, 0, 0, 0, 0, 0, 0, 0, 0, 0, 0, 0,
  0, 0, 0, 0, 0, 0, 0, 0, 0, 0, 0, 0, 0, 0, 110, 66, 0, 0, 0, 0, 0, 0, 0, 0,
  0, 0, 0, 0, 0, 0, 0, 0, 0, 0, 0, 0, 0, 0, 0, 0, 0, 0, 0, 0, 0, 0, 0, 0,
  0, 0, 0, 0, 0, 0, 0, 0, 0, 0, 0, 0, 0, 0, 0, 0, 0, 0, 0, 0, 0, 0, 0, 0,
  0, 0, 0, 0, 0, 0, 0, 0, 0, 0, 0, 0, 0, 0, 0, 0, 0, 0, 0, 0, 0, 0, 0, 0,
  0, 0, 0, 116, 66, 0, 0, 0, 0, 0, 0, 0, 0, 0, 0, 0, 0, 0, 0, 0, 0, 0, 0, 0,
  0, 0, 0, 0, 0, 0, 0, 0, 0, 0, 0, 0, 0, 0, 0, 0, 0, 0, 0, 0, 0, 0, 0, 0,
  0, 0, 0, 0, 0, 0, 0, 0, 0, 0, 0, 0, 0, 0, 0, 0, 0, 0, 0, 0, 0, 0, 0, 0,
  0, 0, 0, 0, 0, 0, 0, 0, 0, 0, 0, 0, 0, 0, 0, 35, 214, 149, 0, 0, 0, 0, 0, 0,
  0, 0, 0, 0, 0, 0, 0, 0, 0, 0, 0, 0, 0, 0, 0, 0, 0, 0, 0, 0, 0, 0, 0, 0,
  0, 0, 0, 0, 0, 0, 0, 0, 0, 0, 0, 0, 0, 0, 0, 0, 0, 0, 0, 0, 0, 0, 0, 0,
  0, 0, 0, 0, 0, 0, 0, 0, 0, 0, 0, 0, 0, 0, 0, 0, 0, 0, 0, 0, 0, 0, 0, 0,
  0, 0, 0, 0, 59, 207, 174, 0, 0, 0, 0, 0, 0, 0, 0, 0, 0, 0, 0, 0, 0, 0, 0, 0,
  0, 0, 0, 0, 0, 0, 0, 0, 0, 0, 0, 0, 0, 0, 0, 0, 0, 0, 0, 0, 0, 0, 0, 0,
  0, 0, 0, 0, 0, 0, 0, 0, 0, 0, 0, 0, 0, 0, 0, 0, 0, 0, 0, 0, 0, 0, 0, 0,
  0, 0, 0, 0, 0, 0, 0, 0, 0, 0, 0, 0, 0, 0, 0, 0, 0, 164, 255, 210, 0, 0, 0, 0,
  0, 0, 0, 0, 0, 0, 0, 0, 0, 0, 0, 0, 0, 0, 0, 0, 0, 0, 0, 0, 0, 0, 0, 0,
  0, 0, 0, 0, 0, 0, 0, 0, 0, 0, 0, 0, 0, 0, 0, 0, 0, 0, 0, 0, 0, 0, 0, 0,
  0, 0, 0, 0, 0, 0, 0, 0, 0, 0, 0, 0, 0, 0, 0, 0, 0, 0, 0, 0, 0, 0, 0, 0,
  0, 0, 0, 0, 0, 0, 60, 128, 121, 0, 0, 0, 0, 0, 0, 0, 0, 0, 0, 0, 0, 0, 0, 0,
  0, 0, 0, 0, 0, 0, 0, 0, 0, 0, 0, 0, 0, 0, 0, 0, 0, 0, 0, 0, 0, 0, 0, 0,
  0, 0, 0, 0, 0, 0, 0, 0, 0, 0, 0, 0, 0, 0, 0, 0, 0, 0, 0, 0, 0, 0, 0, 0,
  0, 0, 0, 0, 0, 0, 0, 0, 0, 0, 0, 0, 0, 0, 0, 0, 0, 0, 28, 203, 244, 183, 0, 0,
  0, 0, 0, 0, 0, 0, 0, 0, 0, 0, 0, 0, 0, 0, 0, 0, 0, 0, 0, 0, 0, 0, 0, 0,
  0, 0, 0, 0, 0, 0, 0, 0, 0, 0, 0, 0, 0, 0, 0, 0, 0, 0, 0, 0, 0, 0, 0, 0,
  0, 0, 0, 0, 0, 0, 0, 0, 0, 0, 0, 0, 0, 0, 0, 0, 0, 0, 0, 0, 0, 0, 0, 0,
  0, 0, 0, 0, 0, 0, 0, 66, 213, 212, 91, 0, 0, 0, 0, 0, 0, 0, 0, 0, 0, 0, 0, 0,
  0, 0, 0, 0, 0, 0, 0, 0, 0, 0, 0, 0, 0, 0, 0, 0, 0, 0, 0, 0, 0, 0, 0, 0,
  0, 0, 0, 0, 0, 0, 0, 0, 0, 0, 0, 0, 0, 0, 0, 0, 0, 0, 0, 0, 0, 0, 0, 0,
  0, 0, 0, 0, 0, 0, 0, 0, 0, 0, 0, 0, 0, 0, 0, 0, 0, 0, 0, 0, 162, 245, 255, 107,
  0, 0, 0, 0, 0, 0, 0, 0, 0, 0, 0, 0, 0, 0, 0, 0, 0, 0, 0, 0, 0, 0, 0, 0,
  0, 0, 0, 0, 0, 0, 0, 0, 0, 0, 0, 0, 0, 0, 0, 0, 0, 0, 0, 0, 0, 0, 0, 0,
  0, 0, 0, 0, 0, 0, 0, 0, 0, 0, 0, 0, 0, 0, 0, 0, 0, 0, 0, 0, 0, 0, 0, 0,
  0, 0, 0, 0, 0, 0, 0, 0, 26, 223, 252, 255, 97, 0, 0, 0, 0, 0, 0, 0, 0, 0, 0, 0,
  0, 0, 0, 0, 0, 0, 0, 0, 0, 0, 0, 0, 0, 0, 0, 0, 0, 0, 0, 0, 0, 0, 0, 0,
  0, 0, 0, 0, 0, 0, 0, 0, 0, 0, 0, 0, 0, 0, 0, 0, 0, 0, 0, 0, 0, 0, 0, 0,
  0, 0, 0, 0, 0, 0, 0, 0, 0, 0, 0, 0, 0, 0, 0, 0, 0, 0, 0, 0, 0, 47, 186, 243,
  246, 26, 0, 0, 0, 0, 0, 0, 0, 0, 0, 0, 0, 0, 0, 0, 0, 0, 0, 0, 0, 0, 0, 0,
  0, 0, 0, 0, 0, 0, 0, 0, 0, 0, 0, 0, 0, 0, 0, 0, 0, 0, 0, 0, 0, 0, 0, 0,
  0, 0, 0, 0, 0, 0, 0, 0, 0, 0, 0, 0, 0, 0, 0, 0, 0, 0, 0, 0, 0, 0, 0, 0,
  0, 0, 0, 0, 0, 0, 0, 0, 0, 0, 0, 0, 0, 28, 0, 0, 0, 0, 0, 0, 0, 0, 0, 0,
  0, 0, 0, 0, 0, 0, 0, 0, 0, 0, 0, 0, 0, 0, 0, 0, 0, 0, 0, 0, 0, 0, 0, 0,
  0, 0, 0, 0, 0, 0, 0, 0, 0, 0, 0, 0, 0, 0, 0, 0, 0, 0, 0, 0, 0, 0, 0, 0,
  0, 0, 0, 0, 0, 0, 0, 0, 0, 0, 0, 0, 0, 0, 0, 0, 0, 0, 0, 0, 0, 0, 0, 60,
  152, 154, 149, 0, 0, 0, 0, 0, 0, 0, 0, 0, 0, 0, 0, 0, 0, 0, 0, 0, 0, 0, 0, 0,
  0, 0, 0, 0, 0, 0, 0, 0, 0, 0, 0, 0, 0, 0, 0, 0, 0, 0, 0, 0, 0, 0, 0, 0,
  0, 0, 0, 0, 0, 0, 0, 0, 0, 0, 0, 0, 0, 0, 0, 0, 0, 0, 0, 0, 0, 0, 0, 0,
  0, 0, 0, 0, 0, 0, 0, 0, 0, 0, 0, 0, 54, 86, 48, 0, 0, 0, 0, 0, 0, 0, 0, 0,
  0, 0, 0, 0, 0, 0, 0, 0, 0, 0, 0, 0, 0, 0, 0, 0, 0, 0, 0, 0, 0, 0, 0, 0,
  0, 0, 0, 0, 0, 0, 0, 0, 0, 0, 0, 0, 0, 0, 0, 0, 0, 0, 0, 0, 0, 0, 0, 0,
  0, 0, 0, 0, 0, 0, 0, 0, 0, 0, 0, 0, 0, 0, 0, 0, 0, 0, 0, 0, 0, 0, 0, 0,
  0, 0, 0, 52, 0, 0, 0, 0, 0, 0, 0, 0, 0, 0, 0, 0, 0, 0, 0, 0, 0, 0, 0, 0,
  0, 0, 0, 0, 0, 0, 0, 0, 0, 0, 0, 0, 0, 0, 0, 0, 0, 0, 0, 0, 0, 0, 0, 0,
  0, 0, 0, 0, 0, 0, 0, 0, 0, 0, 0, 0, 0, 0, 0, 0, 0, 0, 0, 0, 0, 0, 0, 0,
  0, 0, 0, 0, 0, 0, 0, 0, 0, 0, 0, 0, 0, 0, 54, 55, 85, 0, 0, 0, 0, 0, 0, 0,
  0, 0, 0, 0, 0, 0, 0, 0, 0, 0, 0, 0, 0, 0, 0, 0, 0, 0, 0, 0, 0, 0, 0, 0,
  0, 0, 0, 0, 0, 0, 0, 0, 0, 0, 0, 0, 0, 0, 0, 0, 0, 0, 0, 0, 0, 0, 0, 0,
  0, 0, 0, 0, 0, 0, 0, 0, 0, 0, 0, 0, 0, 0, 0, 0, 0, 0, 0, 0, 0, 0, 0, 0,
  0, 0, 0, 45, 106, 126, 0, 0, 0, 0, 0, 0, 0, 0, 0, 0, 0, 0, 0, 0, 0, 0, 0, 0,
  0, 0, 0, 0, 0, 0, 0, 0, 0, 0, 0, 0, 0, 0, 0, 0, 0, 0, 0, 0, 0, 0, 0, 0,
  0, 0, 0, 0, 0, 0, 0, 0, 0, 0, 0, 0, 0, 0, 0, 0, 0, 0, 0, 0, 0, 0, 0, 0,
  0, 0, 0, 0, 0, 0, 0, 0, 0, 0, 0, 0, 0, 0, 26, 56, 34, 0, 0, 0, 0, 0, 0, 0,
  0, 0, 0, 0, 0, 0, 0, 0, 0, 0, 0, 0, 0, 0, 0, 0, 0, 0, 0, 0, 0, 0, 0, 0,
  0, 0, 0, 0, 0, 0, 0, 0, 0, 0, 0, 0, 0, 0, 0, 0, 0, 0, 0, 0, 0, 0, 0, 0,
  0, 0, 0, 0, 0, 0, 0, 0, 0, 0, 0, 0, 0, 0, 0, 0, 0, 0, 0, 0, 0, 0, 0, 0,
  0, 0, 0, 0, 29, 75, 91, 0, 0, 0, 0, 0, 0, 0, 0, 0, 0, 0, 0, 0, 0, 0, 0, 0,
  0, 0, 0, 0, 0, 0, 0, 0, 0, 0, 0, 0, 0, 0, 0, 0, 0, 0, 0, 0, 0, 0, 0, 0,
  0, 0, 0, 0, 0, 0, 0, 0, 0, 0, 0, 0, 0, 0, 0, 0, 0, 0, 0, 0, 0, 0, 0, 0,
  0, 0, 0, 0, 0, 0, 0, 0, 0, 0, 0, 0, 0, 0, 0, 0, 0, 59, 68, 46, 0, 0, 0, 0,
  0, 0, 0, 0, 0, 0, 0, 0, 0, 0, 0, 0, 0, 0, 0, 0, 0, 0, 0, 0, 0, 0, 0, 0,
  0, 0, 0, 0, 0, 0, 0, 0, 0, 0, 0, 0, 0, 0, 0, 0, 0, 0, 0, 0, 0, 0, 0, 0,
  0, 0, 0, 0, 0, 0, 0, 0, 0, 0, 0, 0, 0, 0, 0, 0, 0, 0, 0, 0, 0, 0, 0, 0,
  0, 0, 0, 0, 0, 0, 60, 40, 0, 0, 0, 0, 0, 0, 0, 0, 0, 0, 0, 0, 0, 0, 0, 0,
  0, 0, 0, 0, 0, 0, 0, 0, 0, 0, 0, 0, 0, 0, 0, 0, 0, 0, 0, 0, 0, 0, 0, 0,
  0, 0, 0, 0, 0, 0, 0, 0, 0, 0, 0, 0, 0, 0, 0, 0, 0, 0, 0, 0, 0, 0, 0, 0,
  0, 0, 0, 0, 0, 0, 0, 0, 0, 0, 0, 0, 0, 0, 0, 0, 0, 0, 0, 0, 0, 0, 0, 0,
  0, 0, 0, 0, 0, 0, 0, 0, 0, 0, 0, 0, 0, 0, 0, 0, 0, 0, 0, 0, 0, 0, 0, 0,
  0, 0, 0, 0, 0, 0, 0, 0, 0, 0, 0, 0, 0, 0, 0, 0, 0, 0, 0, 0, 0, 0, 0, 0,
  0, 0, 0, 0, 0, 0, 0, 0, 0, 0, 0, 0, 0, 0, 0, 0, 0, 0, 0, 0, 0, 0, 0, 0,
  0, 0, 0, 0, 0, 0, 0, 75, 58, 0, 0, 0, 0, 0, 0, 0, 0, 0, 0, 0, 0, 0, 0, 0,
  0, 0, 0, 0, 0, 0, 0, 0, 0, 0, 0, 0, 0, 0, 0, 0, 0, 0, 0, 0, 0, 0, 0, 0,
  0, 0, 0, 0, 0, 0, 0, 0, 0, 0, 0, 0, 0, 0, 0, 0, 0, 0, 0, 0, 0, 0, 0, 0,
  0, 0, 0, 0, 0, 0, 0, 0, 0, 0, 0, 0, 0, 0, 0, 0, 0, 0, 0, 0, 0, 0, 0, 0,
  0, 0, 0, 0, 0, 0, 0, 0, 0, 0, 0, 0, 0, 0, 0, 0, 0, 0, 0, 0, 0, 0, 0, 0,
  0, 0, 0, 0, 0, 0, 0, 0, 0, 0, 0, 0, 0, 0, 0, 0, 0, 0, 0, 0, 0, 0, 0, 0,
  0, 0, 0, 0, 0, 0, 0, 0, 0, 0, 0, 0, 0, 0, 0, 0, 0, 0, 0, 0, 0, 0, 0, 0,
  0, 0, 0, 0, 0, 0, 0, 0, 0, 0, 0, 0, 0, 0, 0, 0, 0, 0, 0, 0, 0, 0, 0, 0,
  0, 0, 0, 0, 0, 0, 0, 0, 0, 0, 0, 0, 0, 0, 0, 0, 0, 0, 0, 0, 0, 0, 0, 0,
  0, 0, 0, 0, 0, 0, 0, 0, 0, 0, 0, 0, 0, 0, 0, 0, 0, 0, 0, 0, 0, 0, 0, 0,
  0, 0, 0, 0, 0, 0, 0, 0, 0, 0, 0, 0, 0, 0, 0, 0, 0, 0, 0, 0, 0, 52, 74, 0,
  0, 0, 0, 0, 0, 0, 0, 0, 0, 0, 0, 0, 0, 0, 0, 0, 0, 0, 0, 0, 0, 0, 0, 0,
  0, 0, 0, 0, 0, 0, 0, 0, 0, 0, 0, 0, 0, 0, 0, 0, 0, 0, 0, 0, 0, 0, 0, 0,
  0, 0, 0, 0, 0, 0, 0, 0, 0, 0, 0, 0, 0, 0, 0, 0, 0, 0, 0, 0, 0, 0, 0, 0,
  0, 0, 0, 0, 0, 0, 0, 0, 47, 71, 172, 28, 0, 0, 0, 0, 0, 0, 0, 0, 0, 0, 0, 0,
  0, 0, 0, 0, 0, 0, 0, 0, 0, 0, 0, 0, 0, 0, 0, 0, 0, 0, 0, 0, 0, 0, 0, 0,
  0, 0, 0, 0, 0, 0, 0, 0, 0, 0, 0, 0, 0, 0, 0, 0, 0, 0, 0, 0, 0, 0, 0, 0,
  0, 0, 0, 0, 0, 0, 0, 0, 0, 0, 0, 0, 0, 0, 0, 0, 0, 0, 0, 0, 0, 99, 73, 0,
  0, 0, 0, 0, 0, 0, 0, 0, 0, 0, 0, 0, 0, 0, 0, 0, 0, 0, 0, 0, 0, 0, 0, 0,
  0, 0, 0, 0, 0, 0, 0, 0, 0, 0, 0, 0, 0, 0, 0, 0, 0, 0, 0, 0, 0, 0, 0, 0,
  0, 0, 0, 0, 0, 0, 0, 0, 0, 0, 0, 0, 0, 0, 0, 0, 0, 0, 0, 0, 0, 0, 0, 0,
  0, 0, 0, 0, 0, 0, 0, 0, 0, 0, 0, 0, 0, 0, 0, 0, 0, 0, 0, 0, 0, 0, 0, 0,
  0, 0, 0, 0, 0, 0, 0, 0, 0, 0, 0, 0, 0, 0, 0, 0, 0, 0, 0, 0, 0, 0, 0, 0,
  0, 0, 0, 0, 0, 0, 0, 0, 0, 0, 0, 0, 0, 0, 0, 0, 0, 0, 0, 0, 0, 0, 0, 0,
  0, 0, 0, 0, 0, 0, 0, 0, 0, 0, 0, 0, 0, 0, 0, 0, 0, 0, 0, 0, 0, 0, 0, 28,
  0, 0, 0, 0, 0, 0, 0, 0, 0, 0, 0, 0, 0, 0, 0, 0, 0, 0, 0, 0, 0, 0, 0, 0,
  0, 0, 0, 0, 0, 0, 0, 0, 0, 0, 0, 0, 0, 0, 0, 0, 0, 0, 0, 0, 0, 0, 0, 0,
  0, 0, 0, 0, 0, 0, 0, 0, 0, 0, 0, 0, 0, 0, 0, 0, 0, 0, 0, 0, 0, 0, 0, 0,
  0, 0, 0, 0, 0, 0, 0, 0, 0, 0, 32, 40, 0, 0, 0, 0, 0, 0, 0, 0, 0, 0, 0, 0,
  0, 0, 0, 0, 0, 0, 0, 0, 0, 0, 0, 0, 0, 0, 0, 0, 0, 0, 0, 0, 0, 0, 0, 0,
  0, 0, 0, 0, 0, 0, 0, 0, 0, 0, 0, 0, 0, 0, 0, 0, 0, 0, 0, 0, 0, 0, 0, 0,
  0, 0, 0, 0, 0, 0, 0, 0, 0, 0, 0, 0, 0, 0, 0, 0, 0, 0, 0, 0, 0, 35, 56, 0,
  0, 0, 0, 0, 0, 0, 0, 0, 0, 0, 0, 0, 0, 0, 0, 0, 0, 0, 0, 0, 0, 0, 0, 0,
  0, 0, 0, 0, 0, 0, 0, 0, 0, 0, 0, 0, 0, 0, 0, 0, 0, 0, 0, 0, 0, 0, 0, 0,
  0, 0, 0, 0, 0, 0, 0, 0, 0, 0, 0, 0, 0, 0, 0, 0, 0, 0, 0, 0, 0, 0, 0, 0,
  0, 0, 0, 0, 0, 0, 0, 0, 0, 64, 60, 0, 0, 0, 0, 0, 0, 0, 0, 0, 0, 0, 0, 0,
  0, 0, 0, 0, 0, 0, 0, 0, 0, 0, 0, 0, 0, 0, 0, 0, 0, 0, 0, 0, 0, 0, 0, 0,
  0, 0, 0, 0, 0, 0, 0, 0, 0, 0, 0, 0, 0, 0, 0, 0, 0, 0, 0, 0, 0, 0, 0, 0,
  0, 0, 0, 0, 0, 0, 0, 0, 0, 0, 0, 0, 0, 0, 0, 0, 0, 0, 0, 0, 0, 54, 0, 0,
  0, 0, 0, 0, 0, 0, 0, 0, 0, 0, 0, 0, 0,
};

static const PhotoEye photo = {
  open_img, closed_px, closed_off, closed_x0, closed_x1, up_start, up_edge, seam, lo_edge, lo_start, eye_top, eye_bot,
  iris_tex, iris_rim, 160, 37, 39,
  hl_rgb, hl_alpha, 98, 80, 85, 73,
  117.00f, 119.00f, 9.50f, 27.00f, 0.1920f,  // Pupil centre x, y; half width, half height as drawn; tilt (rad)
  1.80f, 20.00f, 26.00f, 31.00f,  // Pupil half width min/max, half height min/max
  7.0f, 4.0f, 0.12f,           // Gaze range x, y (px); upper lid droop looking down
};
