// Photo eye "Dragon 4", generated by tools/photo_eye.py from assets/eye_photos/dragon4/ - do not edit.
// Artwork: commissioned by the project owner. Included inside a namespace by src/eye_styles.cpp.

static const uint16_t open_img[57600] = {
  0x0000, 0x0000, 0x0000, 0x0000, 0x0000, 0x0000, 0x0000, 0x0000, 0x0000, 0x0000, 0x0000, 0x0000, 0x0000, 0x0000, 0x0000, 0x0000,
  0x0000, 0x0000, 0x0000, 0x0000, 0x0000, 0x0000, 0x0000, 0x0000, 0x0000, 0x0000, 0x0000, 0x0000, 0x0000, 0x0000, 0x0000, 0x0000,
  0x0000, 0x0000, 0x0000, 0x0000, 0x0000, 0x0000, 0x0000, 0x0000, 0x0000, 0x0000, 0x0000, 0x0000, 0x0000, 0x0000, 0x0000, 0x0000,
  0x0000, 0x0000, 0x0000, 0x0000, 0x0000, 0x0000, 0x0000, 0x0000, 0x0000, 0x0000, 0x0000, 0x0000, 0x0000, 0x0000, 0x0000, 0x0000,
  0x0000, 0x0000, 0x0000, 0x0000, 0x0000, 0x0000, 0x0000, 0x0000, 0x0000, 0x0000, 0x0000, 0x0000, 0x0000, 0x0000, 0x0000, 0x0000,
  0x0000, 0x0000, 0x0000, 0x0000, 0x0000, 0x0000, 0x0000, 0x0000, 0x0000, 0x0000, 0x0000, 0x0000, 0x0000, 0x0000, 0x0000, 0x0000,
  0x0000, 0x0000, 0x0020, 0x0000, 0x0841, 0x18C3, 0x18E3, 0x4208, 0x52AA, 0x528A, 0x4A69, 0x52AA, 0x39E7, 0x18C3, 0x10A3, 0x0882,
  0x0882, 0x10A3, 0x08A2, 0x10A2, 0x10A2, 0x0861, 0x0041, 0x0861, 0x0882, 0x1082, 0x1082, 0x0861, 0x0841, 0x0841, 0x0841, 0x0020,
  0x20C2, 0x18A1, 0x0000, 0x0000, 0x0000, 0x0000, 0x0000, 0x0000, 0x0000, 0x0841, 0x0861, 0x0020, 0x0020, 0x0020, 0x0020, 0x0000,
  0x0000, 0x0000, 0x0000, 0x0000, 0x0000, 0x0000, 0x0000, 0x0000, 0x0000, 0x0000, 0x0000, 0x0000, 0x0000, 0x0000, 0x0000, 0x0000,
  0x0000, 0x0000, 0x0000, 0x0000, 0x0000, 0x0000, 0x0000, 0x0000, 0x0000, 0x0000, 0x0000, 0x0000, 0x0000, 0x0000, 0x0000, 0x0000,
  0x0000, 0x0000, 0x0000, 0x0000, 0x0000, 0x0000, 0x0000, 0x0000, 0x0000, 0x0000, 0x0000, 0x0000, 0x0000, 0x0000, 0x0000, 0x0000,
  0x0000, 0x0000, 0x0000, 0x0000, 0x0000, 0x0000, 0x0000, 0x0000, 0x0000, 0x0000, 0x0000, 0x0000, 0x0000, 0x0000, 0x0000, 0x0000,
  0x0000, 0x0000, 0x0000, 0x0000, 0x0000, 0x0000, 0x0000, 0x0000, 0x0000, 0x0000, 0x0000, 0x0000, 0x0000, 0x0000, 0x0000, 0x0000,
  0x0000, 0x0000, 0x0000, 0x0000, 0x0000, 0x0000, 0x0000, 0x0000, 0x0000, 0x0000, 0x0000, 0x0000, 0x0000, 0x0000, 0x0000, 0x0000,
  0x0000, 0x0000, 0x0000, 0x0000, 0x0000, 0x0000, 0x0000, 0x0000, 0x0000, 0x0000, 0x0000, 0x0000, 0x0000, 0x0000, 0x0000, 0x0000,
  0x0000, 0x0000, 0x0000, 0x0000, 0x0000, 0x0000, 0x0000, 0x0000, 0x0000, 0x0000, 0x0000, 0x0000, 0x0000, 0x0000, 0x0000, 0x0000,
  0x0000, 0x0000, 0x0000, 0x0000, 0x0000, 0x0000, 0x0000, 0x0000, 0x0000, 0x0000, 0x0000, 0x0000, 0x0000, 0x0000, 0x0000, 0x0000,
  0x0000, 0x0000, 0x0000, 0x0000, 0x0000, 0x0000, 0x0000, 0x0000, 0x0000, 0x0000, 0x0000, 0x0000, 0x0000, 0x0000, 0x0000, 0x0000,
  0x0000, 0x0000, 0x0000, 0x0000, 0x0000, 0x0000, 0x0000, 0x0000, 0x0000, 0x0000, 0x0000, 0x0000, 0x0000, 0x0000, 0x0000, 0x0000,
  0x0000, 0x0000, 0x0000, 0x0000, 0x0000, 0x0000, 0x0000, 0x0000, 0x0000, 0x0000, 0x0000, 0x0000, 0x0000, 0x0000, 0x0020, 0x0020,
  0x0841, 0x10A2, 0x0862, 0x0862, 0x2986, 0x39E7, 0x4A49, 0x4A49, 0x5ACB, 0x5ACB, 0x632C, 0x5ACB, 0x1904, 0x10C3, 0x10A3, 0x0861,
  0x10A2, 0x10A2, 0x0882, 0x10C3, 0x0882, 0x0861, 0x0882, 0x10A2, 0x1082, 0x10A3, 0x1082, 0x0861, 0x0882, 0x1082, 0x0841, 0x0841,
  0x0841, 0x0861, 0x0000, 0x0000, 0x0000, 0x0000, 0x0000, 0x0000, 0x0000, 0x0020, 0x0020, 0x0041, 0x0861, 0x0841, 0x0841, 0x0861,
  0x1082, 0x1904, 0x18C3, 0x0841, 0x0020, 0x0000, 0x0000, 0x0000, 0x0000, 0x0000, 0x0000, 0x0000, 0x0000, 0x0000, 0x0000, 0x0000,
  0x0000, 0x0000, 0x0000, 0x0000, 0x0000, 0x0000, 0x0000, 0x0000, 0x0000, 0x0000, 0x0000, 0x0000, 0x0000, 0x0000, 0x0000, 0x0000,
  0x0000, 0x0000, 0x0000, 0x0000, 0x0000, 0x0000, 0x0000, 0x0000, 0x0000, 0x0000, 0x0000, 0x0000, 0x0000, 0x0000, 0x0000, 0x0000,
  0x0000, 0x0000, 0x0000, 0x0000, 0x0000, 0x0000, 0x0000, 0x0000, 0x0000, 0x0000, 0x0000, 0x0000, 0x0000, 0x0000, 0x0000, 0x0000,
  0x0000, 0x0000, 0x0000, 0x0000, 0x0000, 0x0000, 0x0000, 0x0000, 0x0000, 0x0000, 0x0000, 0x0000, 0x0000, 0x0000, 0x0000, 0x0000,
  0x0000, 0x0000, 0x0000, 0x0000, 0x0000, 0x0000, 0x0000, 0x0000, 0x0000, 0x0000, 0x0000, 0x0000, 0x0000, 0x0000, 0x0000, 0x0000,
  0x0000, 0x0000, 0x0000, 0x0000, 0x0000, 0x0000, 0x0000, 0x0000, 0x0000, 0x0000, 0x0000, 0x0000, 0x0000, 0x0000, 0x0000, 0x0000,
  0x0000, 0x0000, 0x0000, 0x0000, 0x0000, 0x0000, 0x0000, 0x0000, 0x0000, 0x0000, 0x0000, 0x0000, 0x0000, 0x0000, 0x0000, 0x0000,
  0x0000, 0x0000, 0x0000, 0x0000, 0x0000, 0x0000, 0x0000, 0x0000, 0x0000, 0x0000, 0x0000, 0x0000, 0x0000, 0x0000, 0x0000, 0x0000,
  0x0000, 0x0000, 0x0000, 0x0000, 0x0000, 0x0000, 0x0000, 0x0000, 0x0000, 0x0000, 0x0000, 0x0000, 0x0000, 0x0000, 0x0000, 0x0000,
  0x0000, 0x0000, 0x0000, 0x0000, 0x0000, 0x0000, 0x0000, 0x0000, 0x0000, 0x0000, 0x0000, 0x0000, 0x0000, 0x0000, 0x0000, 0x0000,
  0x0000, 0x0000, 0x0000, 0x0000, 0x0000, 0x0000, 0x0000, 0x0000, 0x0000, 0x0020, 0x1082, 0x0041, 0x0841, 0x0861, 0x0862, 0x10A3,
  0x18E4, 0x18E3, 0x0862, 0x1904, 0x4208, 0x5B0C, 0x4A8A, 0x4A69, 0x7BCF, 0x7BEF, 0x5AEB, 0x10C3, 0x10C3, 0x1904, 0x0882, 0x0862,
  0x0882, 0x10A2, 0x10A3, 0x10C3, 0x0882, 0x0882, 0x0882, 0x18C3, 0x10A2, 0x10A2, 0x0861, 0x0861, 0x0861, 0x0861, 0x0841, 0x0841,
  0x0820, 0x0841, 0x0000, 0x0000, 0x0000, 0x0000, 0x0000, 0x0000, 0x0020, 0x0020, 0x0041, 0x0882, 0x0861, 0x0841, 0x0861, 0x10C3,
  0x18E4, 0x1904, 0x18E4, 0x0861, 0x10A3, 0x10A3, 0x10A3, 0x1082, 0x0861, 0x0841, 0x0000, 0x0000, 0x0000, 0x0000, 0x0000, 0x0000,
  0x0000, 0x0000, 0x0000, 0x0000, 0x0000, 0x0000, 0x0000, 0x0000, 0x0000, 0x0000, 0x0000, 0x0000, 0x0000, 0x0000, 0x0000, 0x0000,
  0x0000, 0x0000, 0x0000, 0x0000, 0x0000, 0x0000, 0x0000, 0x0000, 0x0000, 0x0000, 0x0000, 0x0000, 0x0000, 0x0000, 0x0000, 0x0000,
  0x0000, 0x0000, 0x0000, 0x0000, 0x0000, 0x0000, 0x0000, 0x0000, 0x0000, 0x0000, 0x0000, 0x0000, 0x0000, 0x0000, 0x0000, 0x0000,
  0x0000, 0x0000, 0x0000, 0x0000, 0x0000, 0x0000, 0x0000, 0x0000, 0x0000, 0x0000, 0x0000, 0x0000, 0x0000, 0x0000, 0x0000, 0x0000,
  0x0000, 0x0000, 0x0000, 0x0000, 0x0000, 0x0000, 0x0000, 0x0000, 0x0000, 0x0000, 0x0000, 0x0000, 0x0000, 0x0000, 0x0000, 0x0000,
  0x0000, 0x0000, 0x0000, 0x0000, 0x0000, 0x0000, 0x0000, 0x0000, 0x0000, 0x0000, 0x0000, 0x0000, 0x0000, 0x0000, 0x0000, 0x0000,
  0x0000, 0x0000, 0x0000, 0x0000, 0x0000, 0x0000, 0x0000, 0x0000, 0x0000, 0x0000, 0x0000, 0x0000, 0x0000, 0x0000, 0x0000, 0x0000,
  0x0000, 0x0000, 0x0000, 0x0000, 0x0000, 0x0000, 0x0000, 0x0000, 0x0000, 0x0000, 0x0000, 0x0000, 0x0000, 0x0000, 0x0000, 0x0000,
  0x0000, 0x0000, 0x0000, 0x0000, 0x0000, 0x0000, 0x0000, 0x0000, 0x0000, 0x0000, 0x0000, 0x0000, 0x0000, 0x0000, 0x0000, 0x0000,
  0x0000, 0x0000, 0x0000, 0x0000, 0x0000, 0x0000, 0x0000, 0x0000, 0x0000, 0x0000, 0x0000, 0x0000, 0x0000, 0x0000, 0x0000, 0x0000,
  0x0000, 0x0000, 0x0000, 0x0000, 0x0000, 0x0000, 0x0000, 0x0000, 0x0861, 0x2945, 0x2124, 0x0862, 0x1082, 0x0862, 0x0862, 0x2965,
  0x39E7, 0x10A2, 0x10A3, 0x39E7, 0x630C, 0x94B2, 0x632C, 0xA4F3, 0xB575, 0x4A49, 0x39C7, 0x18E4, 0x18E3, 0x10E3, 0x10A2, 0x10A2,
  0x10A3, 0x10A2, 0x10A3, 0x0882, 0x0861, 0x10A2, 0x10A2, 0x10A2, 0x10A2, 0x0882, 0x0862, 0x0861, 0x0841, 0x0841, 0x1881, 0x0861,
  0x0841, 0x0020, 0x0000, 0x0000, 0x0000, 0x0000, 0x0000, 0x0000, 0x0000, 0x0041, 0x0882, 0x0862, 0x0861, 0x0041, 0x10C3, 0x1924,
  0x2145, 0x1924, 0x0041, 0x18E4, 0x1904, 0x10C3, 0x0882, 0x0882, 0x0882, 0x10A2, 0x0841, 0x0000, 0x0000, 0x0000, 0x0000, 0x0000,
  0x0000, 0x0000, 0x0000, 0x0000, 0x0000, 0x0000, 0x0000, 0x0000, 0x0000, 0x0000, 0x0000, 0x0000, 0x0000, 0x0000, 0x0000, 0x0000,
  0x0000, 0x0000, 0x0000, 0x0000, 0x0000, 0x0000, 0x0000, 0x0000, 0x0000, 0x0000, 0x0000, 0x0000, 0x0000, 0x0000, 0x0000, 0x0000,
  0x0000, 0x0000, 0x0000, 0x0000, 0x0000, 0x0000, 0x0000, 0x0000, 0x0000, 0x0000, 0x0000, 0x0000, 0x0000, 0x0000, 0x0000, 0x0000,
  0x0000, 0x0000, 0x0000, 0x0000, 0x0000, 0x0000, 0x0000, 0x0000, 0x0000, 0x0000, 0x0000, 0x0000, 0x0000, 0x0000, 0x0000, 0x0000,
  0x0000, 0x0000, 0x0000, 0x0000, 0x0000, 0x0000, 0x0000, 0x0000, 0x0000, 0x0000, 0x0000, 0x0000, 0x0000, 0x0000, 0x0000, 0x0000,
  0x0000, 0x0000, 0x0000, 0x0000, 0x0000, 0x0000, 0x0000, 0x0000, 0x0000, 0x0000, 0x0000, 0x0000, 0x0000, 0x0000, 0x0000, 0x0000,
  0x0000, 0x0000, 0x0000, 0x0000, 0x0000, 0x0000, 0x0000, 0x0000, 0x0000, 0x0000, 0x0000, 0x0000, 0x0000, 0x0000, 0x0000, 0x0000,
  0x0000, 0x0000, 0x0000, 0x0000, 0x0000, 0x0000, 0x0000, 0x0000, 0x0000, 0x0000, 0x0000, 0x0000, 0x0000, 0x0000, 0x0000, 0x0000,
  0x0000, 0x0000, 0x0000, 0x0000, 0x0000, 0x0000, 0x0000, 0x0000, 0x0000, 0x0000, 0x0000, 0x0000, 0x0000, 0x0000, 0x0000, 0x0000,
  0x0000, 0x0000, 0x0000, 0x0000, 0x0000, 0x0000, 0x0000, 0x0000, 0x0000, 0x0000, 0x0000, 0x0000, 0x0000, 0x0000, 0x0000, 0x0000,
  0x0000, 0x0000, 0x0841, 0x1082, 0x0821, 0x0020, 0x0000, 0x0020, 0x18E3, 0x10C3, 0x0041, 0x0882, 0x1082, 0x10C3, 0x3186, 0x3A08,
  0x2125, 0x18E3, 0x4208, 0x52CB, 0x73AF, 0xA514, 0x9CD3, 0xBDD7, 0x528A, 0x1904, 0x2145, 0x18E4, 0x18E4, 0x18E4, 0x10C3, 0x0882,
  0x10A2, 0x10A3, 0x10C3, 0x0862, 0x0861, 0x0882, 0x10A2, 0x0882, 0x10A3, 0x0882, 0x0861, 0x0861, 0x0841, 0x1061, 0x20A1, 0x0861,
  0x0841, 0x0000, 0x0000, 0x0000, 0x0000, 0x0000, 0x0000, 0x0020, 0x0020, 0x0882, 0x10A3, 0x0862, 0x0061, 0x18E4, 0x2165, 0x2145,
  0x2986, 0x0841, 0x18E3, 0x2986, 0x10C3, 0x08A2, 0x0882, 0x0882, 0x0861, 0x0041, 0x0041, 0x0021, 0x0021, 0x0020, 0x0020, 0x0841,
  0x0000, 0x0000, 0x0000, 0x0000, 0x0000, 0x0000, 0x0000, 0x0000, 0x0000, 0x0000, 0x0000, 0x0000, 0x0000, 0x0000, 0x0000, 0x0000,
  0x0000, 0x0000, 0x0000, 0x0000, 0x0000, 0x0000, 0x0000, 0x0000, 0x0000, 0x0000, 0x0000, 0x0000, 0x0000, 0x0000, 0x0000, 0x0000,
  0x0000, 0x0000, 0x0000, 0x0000, 0x0000, 0x0000, 0x0000, 0x0000, 0x0000, 0x0000, 0x0000, 0x0000, 0x0000, 0x0000, 0x0000, 0x0000,
  0x0000, 0x0000, 0x0000, 0x0000, 0x0000, 0x0000, 0x0000, 0x0000, 0x0000, 0x0000, 0x0000, 0x0000, 0x0000, 0x0000, 0x0000, 0x0000,
  0x0000, 0x0000, 0x0000, 0x0000, 0x0000, 0x0000, 0x0000, 0x0000, 0x0000, 0x0000, 0x0000, 0x0000, 0x0000, 0x0000, 0x0000, 0x0000,
  0x0000, 0x0000, 0x0000, 0x0000, 0x0000, 0x0000, 0x0000, 0x0000, 0x0000, 0x0000, 0x0000, 0x0000, 0x0000, 0x0000, 0x0000, 0x0000,
  0x0000, 0x0000, 0x0000, 0x0000, 0x0000, 0x0000, 0x0000, 0x0000, 0x0000, 0x0000, 0x0000, 0x0000, 0x0000, 0x0000, 0x0000, 0x0000,
  0x0000, 0x0000, 0x0000, 0x0000, 0x0000, 0x0000, 0x0000, 0x0000, 0x0000, 0x0000, 0x0000, 0x0000, 0x0000, 0x0000, 0x0000, 0x0000,
  0x0000, 0x0000, 0x0000, 0x0000, 0x0000, 0x0000, 0x0000, 0x0000, 0x0000, 0x0000, 0x0000, 0x0000, 0x0000, 0x0000, 0x0000, 0x0000,
  0x0000, 0x0000, 0x0000, 0x0000, 0x0000, 0x0000, 0x0000, 0x0000, 0x0000, 0x0000, 0x0000, 0x0000, 0x0000, 0x0000, 0x0000, 0x0841,
  0x0861, 0x0861, 0x0841, 0x0020, 0x0000, 0x0000, 0x0000, 0x1904, 0x2125, 0x0882, 0x0882, 0x10A2, 0x10A3, 0x4229, 0x4229, 0x2125,
  0x18E4, 0x39E8, 0x6B6D, 0x7BEF, 0xA534, 0xB5B6, 0xBDF7, 0x528A, 0x39E8, 0x5AEC, 0x10A2, 0x10A3, 0x10C3, 0x1904, 0x10C3, 0x0882,
  0x10A2, 0x18E3, 0x10C3, 0x0862, 0x0882, 0x1082, 0x10A2, 0x10A2, 0x10A3, 0x0882, 0x0861, 0x0861, 0x0861, 0x0861, 0x0861, 0x0861,
  0x0040, 0x0000, 0x0000, 0x0000, 0x0000, 0x0000, 0x0020, 0x0021, 0x0021, 0x0862, 0x08A2, 0x0882, 0x10C3, 0x2145, 0x2145, 0x2986,
  0x10C3, 0x10A3, 0x2986, 0x10C3, 0x10C3, 0x10C3, 0x10A3, 0x0882, 0x0861, 0x0841, 0x0020, 0x0041, 0x0041, 0x0020, 0x0841, 0x1082,
  0x0841, 0x0020, 0x0020, 0x0000, 0x0000, 0x0000, 0x0000, 0x0000, 0x0000, 0x0000, 0x0000, 0x0000, 0x0000, 0x0000, 0x0000, 0x0000,
  0x0000, 0x0000, 0x0000, 0x0000, 0x0000, 0x0000, 0x0000, 0x0000, 0x0000, 0x0000, 0x0000, 0x0000, 0x0000, 0x0000, 0x0000, 0x0000,
  0x0000, 0x0000, 0x0000, 0x0000, 0x0000, 0x0000, 0x0000, 0x0000, 0x0000, 0x0000, 0x0000, 0x0000, 0x0000, 0x0000, 0x0000, 0x0000,
  0x0000, 0x0000, 0x0000, 0x0000, 0x0000, 0x0000, 0x0000, 0x0000, 0x0000, 0x0000, 0x0000, 0x0000, 0x0000, 0x0000, 0x0000, 0x0000,
  0x0000, 0x0000, 0x0000, 0x0000, 0x0000, 0x0000, 0x0000, 0x0000, 0x0000, 0x0000, 0x0000, 0x0000, 0x0000, 0x0000, 0x0000, 0x0000,
  0x0000, 0x0000, 0x0000, 0x0000, 0x0000, 0x0000, 0x0000, 0x0000, 0x0000, 0x0000, 0x0000, 0x0000, 0x0000, 0x0000, 0x0000, 0x0000,
  0x0000, 0x0000, 0x0000, 0x0000, 0x0000, 0x0000, 0x0000, 0x0000, 0x0000, 0x0000, 0x0000, 0x0000, 0x0000, 0x0000, 0x0000, 0x0000,
  0x0000, 0x0000, 0x0000, 0x0000, 0x0000, 0x0000, 0x0000, 0x0000, 0x0000, 0x0000, 0x0000, 0x0000, 0x0000, 0x0000, 0x0000, 0x0000,
  0x0000, 0x0000, 0x0000, 0x0000, 0x0000, 0x0000, 0x0000, 0x0000, 0x0000, 0x0000, 0x0000, 0x0000, 0x0000, 0x0000, 0x0000, 0x0000,
  0x0000, 0x0000, 0x0000, 0x0000, 0x0000, 0x0000, 0x0000, 0x0000, 0x0000, 0x0000, 0x0000, 0x0000, 0x0020, 0x0841, 0x1082, 0x0861,
  0x0020, 0x0000, 0x0000, 0x0000, 0x0000, 0x0000, 0x0861, 0x10C3, 0x18E4, 0x10A3, 0x2125, 0x0882, 0x2966, 0x31E7, 0x31A7, 0x2124,
  0x39C7, 0x73AE, 0x7BEF, 0xCE79, 0xCE79, 0xBDF7, 0x5AEB, 0x630C, 0xAD55, 0x39E8, 0x2145, 0x18E4, 0x1904, 0x1904, 0x10C3, 0x0882,
  0x1082, 0x10A3, 0x0861, 0x0882, 0x10A2, 0x10C3, 0x10A2, 0x1082, 0x10A2, 0x0861, 0x0861, 0x0861, 0x0861, 0x0861, 0x1081, 0x1081,
  0x0020, 0x0000, 0x0000, 0x0000, 0x0000, 0x0021, 0x0000, 0x0021, 0x0861, 0x0862, 0x0862, 0x10C3, 0x1924, 0x1904, 0x2125, 0x29A7,
  0x18E4, 0x2166, 0x10A3, 0x10C3, 0x18E4, 0x10A3, 0x0862, 0x0041, 0x0862, 0x0861, 0x0041, 0x0841, 0x0041, 0x0841, 0x0841, 0x0841,
  0x0841, 0x0020, 0x0861, 0x1082, 0x0841, 0x0000, 0x0000, 0x0000, 0x0000, 0x0000, 0x0000, 0x0000, 0x0000, 0x0000, 0x0000, 0x0000,
  0x0000, 0x0000, 0x0000, 0x0000, 0x0000, 0x0000, 0x0000, 0x0000, 0x0000, 0x0000, 0x0000, 0x0000, 0x0000, 0x0000, 0x0000, 0x0000,
  0x0000, 0x0000, 0x0000, 0x0000, 0x0000, 0x0000, 0x0000, 0x0000, 0x0000, 0x0000, 0x0000, 0x0000, 0x0000, 0x0000, 0x0000, 0x0000,
  0x0000, 0x0000, 0x0000, 0x0000, 0x0000, 0x0000, 0x0000, 0x0000, 0x0000, 0x0000, 0x0000, 0x0000, 0x0000, 0x0000, 0x0000, 0x0000,
  0x0000, 0x0000, 0x0000, 0x0000, 0x0000, 0x0000, 0x0000, 0x0000, 0x0000, 0x0000, 0x0000, 0x0000, 0x0000, 0x0000, 0x0000, 0x0000,
  0x0000, 0x0000, 0x0000, 0x0000, 0x0000, 0x0000, 0x0000, 0x0000, 0x0000, 0x0000, 0x0000, 0x0000, 0x0000, 0x0000, 0x0000, 0x0000,
  0x0000, 0x0000, 0x0000, 0x0000, 0x0000, 0x0000, 0x0000, 0x0000, 0x0000, 0x0000, 0x0000, 0x0000, 0x0000, 0x0000, 0x0000, 0x0000,
  0x0000, 0x0000, 0x0000, 0x0000, 0x0000, 0x0000, 0x0000, 0x0000, 0x0000, 0x0000, 0x0000, 0x0000, 0x0000, 0x0000, 0x0000, 0x0000,
  0x0000, 0x0000, 0x0000, 0x0000, 0x0000, 0x0000, 0x0000, 0x0000, 0x0000, 0x0000, 0x0000, 0x0000, 0x0000, 0x0000, 0x0000, 0x0000,
  0x0000, 0x0000, 0x0000, 0x0000, 0x0000, 0x0000, 0x0000, 0x0000, 0x0000, 0x0000, 0x0020, 0x0841, 0x0841, 0x0841, 0x0000, 0x0000,
  0x0000, 0x0000, 0x0000, 0x0000, 0x0000, 0x0041, 0x2145, 0x3A08, 0x0882, 0x2145, 0x2986, 0x10C3, 0x10C3, 0x31A7, 0x4A6A, 0x31E8,
  0x632D, 0x632D, 0x9CD3, 0xF7BE, 0x9D14, 0x4A49, 0x738E, 0xDEFB, 0xAD55, 0x10C3, 0x31A7, 0x2145, 0x2145, 0x10C3, 0x0882, 0x0882,
  0x10A3, 0x10A2, 0x0882, 0x10C3, 0x10C3, 0x10A2, 0x10A2, 0x10A2, 0x0882, 0x0861, 0x0861, 0x0861, 0x0861, 0x1081, 0x20C2, 0x1061,
  0x0000, 0x0000, 0x0000, 0x0000, 0x0020, 0x0020, 0x0020, 0x0861, 0x0882, 0x0862, 0x10C3, 0x18E4, 0x10C3, 0x2145, 0x2986, 0x1925,
  0x2966, 0x10E3, 0x18E4, 0x18E4, 0x10C3, 0x10A2, 0x0861, 0x0841, 0x0862, 0x0041, 0x0041, 0x0041, 0x0861, 0x0861, 0x0862, 0x0861,
  0x0020, 0x0020, 0x0020, 0x0041, 0x0040, 0x0841, 0x0861, 0x0020, 0x0000, 0x0000, 0x0000, 0x0000, 0x0000, 0x0000, 0x0000, 0x0000,
  0x0000, 0x0000, 0x0000, 0x0000, 0x0000, 0x0000, 0x0000, 0x0000, 0x0000, 0x0000, 0x0000, 0x0000, 0x0000, 0x0000, 0x0000, 0x0000,
  0x0000, 0x0000, 0x0000, 0x0000, 0x0000, 0x0000, 0x0000, 0x0000, 0x0000, 0x0000, 0x0000, 0x0000, 0x0000, 0x0000, 0x0000, 0x0000,
  0x0000, 0x0000, 0x0000, 0x0000, 0x0000, 0x0000, 0x0000, 0x0000, 0x0000, 0x0000, 0x0000, 0x0000, 0x0000, 0x0000, 0x0000, 0x0000,
  0x0000, 0x0000, 0x0000, 0x0000, 0x0000, 0x0000, 0x0000, 0x0000, 0x0000, 0x0000, 0x0000, 0x0000, 0x0000, 0x0000, 0x0000, 0x0000,
  0x0000, 0x0000, 0x0000, 0x0000, 0x0000, 0x0000, 0x0000, 0x0000, 0x0000, 0x0000, 0x0000, 0x0000, 0x0000, 0x0000, 0x0000, 0x0000,
  0x0000, 0x0000, 0x0000, 0x0000, 0x0000, 0x0000, 0x0000, 0x0000, 0x0000, 0x0000, 0x0000, 0x0000, 0x0000, 0x0000, 0x0000, 0x0000,
  0x0000, 0x0000, 0x0000, 0x0000, 0x0000, 0x0000, 0x0000, 0x0000, 0x0000, 0x0000, 0x0000, 0x0000, 0x0000, 0x0000, 0x0000, 0x0000,
  0x0000, 0x0000, 0x0000, 0x0000, 0x0000, 0x0000, 0x0000, 0x0000, 0x0000, 0x0000, 0x0000, 0x0000, 0x0000, 0x0000, 0x0000, 0x0000,
  0x0000, 0x0000, 0x0000, 0x0000, 0x0000, 0x0000, 0x0000, 0x0841, 0x1082, 0x0861, 0x0841, 0x0020, 0x0000, 0x0000, 0x0020, 0x0020,
  0x0000, 0x0000, 0x0000, 0x0000, 0x0020, 0x2145, 0x2145, 0x4249, 0x4229, 0x39E8, 0x2966, 0x10A3, 0x2145, 0x73CF, 0x52AB, 0x52CB,
  0x5ACB, 0x73AE, 0xD6BA, 0x94D3, 0x6B8E, 0xA534, 0xD69A, 0xD69A, 0x5AEC, 0x18E3, 0x2125, 0x2966, 0x2125, 0x10A3, 0x08A2, 0x10A3,
  0x10A3, 0x0862, 0x10A3, 0x10A3, 0x10A2, 0x1082, 0x10A2, 0x10A2, 0x0861, 0x0861, 0x0861, 0x0861, 0x0861, 0x0861, 0x1061, 0x0841,
  0x0000, 0x0000, 0x0000, 0x0000, 0x0020, 0x0020, 0x0041, 0x0882, 0x0862, 0x0882, 0x18E4, 0x10E4, 0x10E3, 0x2986, 0x2986, 0x2987,
  0x2125, 0x1904, 0x2145, 0x1904, 0x10A3, 0x39C7, 0x1904, 0x0041, 0x0041, 0x0862, 0x0861, 0x0862, 0x0862, 0x0862, 0x0861, 0x0020,
  0x0020, 0x0841, 0x0041, 0x0020, 0x0020, 0x0020, 0x0020, 0x0861, 0x0861, 0x0841, 0x0020, 0x0000, 0x0000, 0x0000, 0x0000, 0x0000,
  0x0000, 0x0000, 0x0000, 0x0000, 0x0000, 0x0000, 0x0000, 0x0000, 0x0000, 0x0000, 0x0000, 0x0000, 0x0000, 0x0000, 0x0000, 0x0000,
  0x0000, 0x0000, 0x0000, 0x0000, 0x0000, 0x0000, 0x0000, 0x0000, 0x0000, 0x0000, 0x0000, 0x0000, 0x0000, 0x0000, 0x0000, 0x0000,
  0x0000, 0x0000, 0x0000, 0x0000, 0x0000, 0x0000, 0x0000, 0x0000, 0x0000, 0x0000, 0x0000, 0x0000, 0x0000, 0x0000, 0x0000, 0x0000,
  0x0000, 0x0000, 0x0000, 0x0000, 0x0000, 0x0000, 0x0000, 0x0000, 0x0000, 0x0000, 0x0000, 0x0000, 0x0000, 0x0000, 0x0000, 0x0000,
  0x0000, 0x0000, 0x0000, 0x0000, 0x0000, 0x0000, 0x0000, 0x0000, 0x0000, 0x0000, 0x0000, 0x0000, 0x0000, 0x0000, 0x0000, 0x0000,
  0x0000, 0x0000, 0x0000, 0x0000, 0x0000, 0x0000, 0x0000, 0x0000, 0x0000, 0x0000, 0x0000, 0x0000, 0x0000, 0x0000, 0x0000, 0x0000,
  0x0000, 0x0000, 0x0000, 0x0000, 0x0000, 0x0000, 0x0000, 0x0000, 0x0000, 0x0000, 0x0000, 0x0000, 0x0000, 0x0000, 0x0000, 0x0000,
  0x0000, 0x0000, 0x0000, 0x0000, 0x0000, 0x0000, 0x0000, 0x0000, 0x0000, 0x0000, 0x0000, 0x0000, 0x0000, 0x0000, 0x0000, 0x0000,
  0x0000, 0x0000, 0x0000, 0x0000, 0x0020, 0x0841, 0x1082, 0x1082, 0x0841, 0x0020, 0x0020, 0x0020, 0x0020, 0x0020, 0x0841, 0x0041,
  0x0000, 0x0000, 0x0000, 0x0000, 0x31A7, 0x3A29, 0x0882, 0x4A8A, 0x52AB, 0x2986, 0x2125, 0x2966, 0x634D, 0x5AEC, 0x39E8, 0x4A49,
  0x8C72, 0xC618, 0xAD55, 0x8C72, 0x8C51, 0xC618, 0xDEFB, 0x8410, 0x4228, 0x10C3, 0x10C3, 0x2145, 0x10A3, 0x10A2, 0x10A3, 0x18E4,
  0x0861, 0x0861, 0x0882, 0x10A2, 0x0861, 0x10A2, 0x10A2, 0x1082, 0x0861, 0x0861, 0x0861, 0x0861, 0x0861, 0x0041, 0x0861, 0x0040,
  0x0000, 0x0000, 0x0000, 0x0000, 0x0020, 0x0021, 0x0862, 0x0861, 0x08A3, 0x1904, 0x18E4, 0x1904, 0x1925, 0x2166, 0x29A7, 0x2986,
  0x10C3, 0x2166, 0x18E4, 0x10A3, 0x18E4, 0x18E4, 0x0862, 0x0862, 0x0861, 0x0862, 0x0882, 0x0861, 0x0861, 0x0041, 0x0020, 0x0020,
  0x0841, 0x0041, 0x0020, 0x0020, 0x0020, 0x0000, 0x0020, 0x0000, 0x0000, 0x0020, 0x10A2, 0x10A2, 0x0020, 0x0000, 0x0000, 0x0000,
  0x0000, 0x0000, 0x0000, 0x0000, 0x0000, 0x0000, 0x0000, 0x0000, 0x0000, 0x0000, 0x0000, 0x0000, 0x0000, 0x0000, 0x0000, 0x0000,
  0x0000, 0x0000, 0x0000, 0x0000, 0x0000, 0x0000, 0x0000, 0x0000, 0x0000, 0x0000, 0x0000, 0x0000, 0x0000, 0x0000, 0x0000, 0x0000,
  0x0000, 0x0000, 0x0000, 0x0000, 0x0000, 0x0000, 0x0000, 0x0000, 0x0000, 0x0000, 0x0000, 0x0000, 0x0000, 0x0000, 0x0000, 0x0000,
  0x0000, 0x0000, 0x0000, 0x0000, 0x0000, 0x0000, 0x0000, 0x0000, 0x0000, 0x0000, 0x0000, 0x0000, 0x0000, 0x0000, 0x0000, 0x0000,
  0x0000, 0x0000, 0x0000, 0x0000, 0x0000, 0x0000, 0x0000, 0x0000, 0x0000, 0x0000, 0x0000, 0x0000, 0x0000, 0x0000, 0x0000, 0x0000,
  0x0000, 0x0000, 0x0000, 0x0000, 0x0000, 0x0000, 0x0000, 0x0000, 0x0000, 0x0000, 0x0000, 0x0000, 0x0000, 0x0000, 0x0000, 0x0000,
  0x0000, 0x0000, 0x0000, 0x0000, 0x0000, 0x0000, 0x0000, 0x0000, 0x0000, 0x0000, 0x0000, 0x0000, 0x0000, 0x0000, 0x0000, 0x0000,
  0x0000, 0x0000, 0x0000, 0x0000, 0x0000, 0x0000, 0x0000, 0x0000, 0x0000, 0x0000, 0x0000, 0x0000, 0x0000, 0x0000, 0x0000, 0x0000,
  0x0000, 0x0000, 0x0000, 0x0861, 0x18E3, 0x0882, 0x0041, 0x0000, 0x0020, 0x0021, 0x0041, 0x0020, 0x0020, 0x0021, 0x0041, 0x0020,
  0x0000, 0x0000, 0x0000, 0x2966, 0x3A09, 0x2165, 0x18E4, 0x5B0C, 0x52AB, 0x2166, 0x29A7, 0x4A6A, 0x6B8E, 0x2966, 0x2125, 0x73AE,
  0x632D, 0x7BF0, 0xCE9A, 0xCE9A, 0xAD75, 0xCE79, 0x632D, 0x4A8A, 0x2125, 0x2125, 0x2145, 0x08A2, 0x0882, 0x0882, 0x10A2, 0x10A3,
  0x0862, 0x10A2, 0x10A3, 0x18E3, 0x0882, 0x10A2, 0x10A2, 0x0882, 0x0861, 0x1082, 0x0861, 0x0841, 0x0861, 0x0861, 0x0861, 0x0000,
  0x0000, 0x0000, 0x0000, 0x0000, 0x0020, 0x0041, 0x0041, 0x10A3, 0x1904, 0x18E4, 0x10A3, 0x2166, 0x2145, 0x31E8, 0x31C7, 0x10C3,
  0x2125, 0x10E4, 0x10E3, 0x1904, 0x0882, 0x0862, 0x0882, 0x0041, 0x0041, 0x0861, 0x0041, 0x0841, 0x0862, 0x0020, 0x0020, 0x0021,
  0x0041, 0x0020, 0x0020, 0x0020, 0x0000, 0x0020, 0x0020, 0x0000, 0x0000, 0x0000, 0x0000, 0x0020, 0x1082, 0x10A2, 0x0841, 0x0000,
  0x0000, 0x0000, 0x0000, 0x0000, 0x0000, 0x0000, 0x0000, 0x0000, 0x0000, 0x0000, 0x0000, 0x0000, 0x0000, 0x0000, 0x0000, 0x0000,
  0x0000, 0x0000, 0x0000, 0x0000, 0x0000, 0x0000, 0x0000, 0x0000, 0x0000, 0x0000, 0x0000, 0x0000, 0x0000, 0x0000, 0x0000, 0x0000,
  0x0000, 0x0000, 0x0000, 0x0000, 0x0000, 0x0000, 0x0000, 0x0000, 0x0000, 0x0000, 0x0000, 0x0000, 0x0000, 0x0000, 0x0000, 0x0000,
  0x0000, 0x0000, 0x0000, 0x0000, 0x0000, 0x0000, 0x0000, 0x0000, 0x0000, 0x0000, 0x0000, 0x0000, 0x0000, 0x0000, 0x0000, 0x0000,
  0x0000, 0x0000, 0x0000, 0x0000, 0x0000, 0x0000, 0x0000, 0x0000, 0x0000, 0x0000, 0x0000, 0x0000, 0x0000, 0x0000, 0x0000, 0x0000,
  0x0000, 0x0000, 0x0000, 0x0000, 0x0000, 0x0000, 0x0000, 0x0000, 0x0000, 0x0000, 0x0000, 0x0000, 0x0000, 0x0000, 0x0000, 0x0000,
  0x0000, 0x0000, 0x0000, 0x0000, 0x0000, 0x0000, 0x0000, 0x0000, 0x0000, 0x0000, 0x0000, 0x0000, 0x0000, 0x0000, 0x0000, 0x0000,
  0x0000, 0x0000, 0x0000, 0x0000, 0x0000, 0x0000, 0x0000, 0x0000, 0x0000, 0x0000, 0x0000, 0x0000, 0x0000, 0x0000, 0x0000, 0x0000,
  0x0000, 0x0861, 0x0862, 0x0861, 0x0020, 0x0000, 0x0021, 0x0020, 0x0020, 0x0021, 0x0041, 0x0020, 0x0041, 0x0041, 0x0020, 0x0000,
  0x0000, 0x0020, 0x3186, 0x2966, 0x31A7, 0x3A08, 0x4A6A, 0x7BF0, 0x4249, 0xA535, 0x634D, 0x39E8, 0x426A, 0x1904, 0x6B6D, 0x8C72,
  0x73AF, 0xD6BA, 0xEF7D, 0x94D3, 0xCE79, 0x8430, 0x2986, 0x39E7, 0x2986, 0x1924, 0x18E4, 0x18E4, 0x18E4, 0x10A3, 0x10A2, 0x0882,
  0x0882, 0x10C3, 0x10A3, 0x10A3, 0x0882, 0x10A2, 0x10A2, 0x0861, 0x0861, 0x1082, 0x0861, 0x0841, 0x1061, 0x0861, 0x0841, 0x0000,
  0x0000, 0x0000, 0x0000, 0x0000, 0x0021, 0x0841, 0x0882, 0x08A2, 0x18E4, 0x10E3, 0x1905, 0x2166, 0x2987, 0x29A7, 0x10E3, 0x2145,
  0x10E4, 0x18E4, 0x29A7, 0x08A2, 0x10A3, 0x0882, 0x0882, 0x0862, 0x0041, 0x0862, 0x0862, 0x0861, 0x0021, 0x0020, 0x0841, 0x0021,
  0x0021, 0x0020, 0x0021, 0x0020, 0x0020, 0x0020, 0x0020, 0x0000, 0x0000, 0x0000, 0x0000, 0x0000, 0x0000, 0x0020, 0x18C3, 0x1082,
  0x0841, 0x0000, 0x0000, 0x0000, 0x0000, 0x0000, 0x0000, 0x0000, 0x0000, 0x0000, 0x0000, 0x0000, 0x0000, 0x0000, 0x0000, 0x0000,
  0x0000, 0x0000, 0x0000, 0x0000, 0x0000, 0x0000, 0x0000, 0x0000, 0x0000, 0x0000, 0x0000, 0x0000, 0x0000, 0x0000, 0x0000, 0x0000,
  0x0000, 0x0000, 0x0000, 0x0000, 0x0000, 0x0000, 0x0000, 0x0000, 0x0000, 0x0000, 0x0000, 0x0000, 0x0000, 0x0000, 0x0000, 0x0000,
  0x0000, 0x0000, 0x0000, 0x0000, 0x0000, 0x0000, 0x0000, 0x0000, 0x0000, 0x0000, 0x0000, 0x0000, 0x0000, 0x0000, 0x0000, 0x0000,
  0x0000, 0x0000, 0x0000, 0x0000, 0x0000, 0x0000, 0x0000, 0x0000, 0x0000, 0x0000, 0x0000, 0x0000, 0x0000, 0x0000, 0x0000, 0x0000,
  0x0000, 0x0000, 0x0000, 0x0000, 0x0000, 0x0000, 0x0000, 0x0000, 0x0000, 0x0000, 0x0000, 0x0000, 0x0000, 0x0000, 0x0000, 0x0000,
  0x0000, 0x0000, 0x0000, 0x0000, 0x0000, 0x0000, 0x0000, 0x0000, 0x0000, 0x0000, 0x0000, 0x0000, 0x0000, 0x0000, 0x0000, 0x0000,
  0x0000, 0x0000, 0x0000, 0x0000, 0x0000, 0x0000, 0x0000, 0x0000, 0x0000, 0x0000, 0x0000, 0x0000, 0x0000, 0x0000, 0x0000, 0x0841,
  0x10A2, 0x0861, 0x0020, 0x0020, 0x0041, 0x0020, 0x0021, 0x0021, 0x0021, 0x0041, 0x0021, 0x0041, 0x0041, 0x0041, 0x0000, 0x0000,
  0x0021, 0x2145, 0x4A8B, 0x2966, 0x4A6A, 0x8C72, 0x8C71, 0x29A7, 0xBDF7, 0xF7BE, 0x4A8A, 0x39E8, 0x4229, 0x4A8A, 0x7BF0, 0x6B4D,
  0xAD76, 0xFFDF, 0xDEFB, 0x8C92, 0x94B2, 0x8430, 0x94B2, 0x4A6A, 0x2966, 0x1904, 0x10C3, 0x18E4, 0x10C3, 0x10A2, 0x10A2, 0x0882,
  0x0882, 0x0882, 0x1082, 0x1082, 0x0882, 0x1082, 0x1082, 0x0041, 0x0861, 0x1081, 0x0841, 0x0861, 0x1061, 0x0861, 0x0020, 0x0000,
  0x0000, 0x0000, 0x0000, 0x0021, 0x0041, 0x0882, 0x0862, 0x1904, 0x18E4, 0x10A3, 0x2166, 0x2986, 0x29C7, 0x1925, 0x31C7, 0x2125,
  0x1925, 0x29A7, 0x10A3, 0x0882, 0x10A3, 0x0882, 0x10A3, 0x0862, 0x0882, 0x0882, 0x0862, 0x0041, 0x0020, 0x0841, 0x0041, 0x0020,
  0x0020, 0x0020, 0x0020, 0x0020, 0x0020, 0x0000, 0x0000, 0x0000, 0x0000, 0x0000, 0x0000, 0x0000, 0x0000, 0x0000, 0x0000, 0x0020,
  0x1082, 0x1082, 0x0020, 0x0000, 0x0000, 0x0000, 0x0000, 0x0000, 0x0000, 0x0000, 0x0000, 0x0000, 0x0000, 0x0000, 0x0000, 0x0000,
  0x0000, 0x0000, 0x0000, 0x0000, 0x0000, 0x0000, 0x0000, 0x0000, 0x0000, 0x0000, 0x0000, 0x0000, 0x0000, 0x0000, 0x0000, 0x0000,
  0x0000, 0x0000, 0x0000, 0x0000, 0x0000, 0x0000, 0x0000, 0x0000, 0x0000, 0x0000, 0x0000, 0x0000, 0x0000, 0x0000, 0x0000, 0x0000,
  0x0000, 0x0000, 0x0000, 0x0000, 0x0000, 0x0000, 0x0000, 0x0000, 0x0000, 0x0000, 0x0000, 0x0000, 0x0000, 0x0000, 0x0000, 0x0000,
  0x0000, 0x0000, 0x0000, 0x0000, 0x0000, 0x0000, 0x0000, 0x0000, 0x0000, 0x0000, 0x0000, 0x0000, 0x0000, 0x0000, 0x0000, 0x0000,
  0x0000, 0x0000, 0x0000, 0x0000, 0x0000, 0x0000, 0x0000, 0x0000, 0x0000, 0x0000, 0x0000, 0x0000, 0x0000, 0x0000, 0x0000, 0x0000,
  0x0000, 0x0000, 0x0000, 0x0000, 0x0000, 0x0000, 0x0000, 0x0000, 0x0000, 0x0000, 0x0000, 0x0000, 0x0000, 0x0000, 0x0000, 0x0000,
  0x0000, 0x0000, 0x0000, 0x0000, 0x0000, 0x0000, 0x0000, 0x0000, 0x0000, 0x0000, 0x0000, 0x0000, 0x0000, 0x10A2, 0x18E3, 0x0861,
  0x0020, 0x0020, 0x0020, 0x0041, 0x0841, 0x0021, 0x0041, 0x0021, 0x0041, 0x0041, 0x0021, 0x0041, 0x0041, 0x0020, 0x0000, 0x0000,
  0x1904, 0x4A6A, 0x73CF, 0x5B0C, 0xA535, 0xDEFB, 0x52CB, 0x5B0C, 0xE73C, 0x5B0C, 0x2966, 0x2986, 0x39E8, 0x632C, 0x738E, 0xBDD7,
  0xB5B6, 0xAD75, 0xBDD7, 0xA555, 0xB5B6, 0xB5D7, 0x4A69, 0x4A49, 0x1904, 0x10C3, 0x10C3, 0x0882, 0x0861, 0x0882, 0x0882, 0x10A2,
  0x10A2, 0x10A2, 0x1082, 0x0861, 0x0882, 0x1082, 0x0861, 0x0841, 0x0861, 0x0861, 0x0841, 0x0861, 0x0841, 0x0841, 0x0000, 0x0000,
  0x0000, 0x0000, 0x0020, 0x0021, 0x0841, 0x0862, 0x10E4, 0x1925, 0x10A3, 0x1925, 0x10C3, 0x2166, 0x29A7, 0x2166, 0x1904, 0x1905,
  0x29A7, 0x10A3, 0x0882, 0x0882, 0x10C3, 0x10A2, 0x0882, 0x10A3, 0x10A2, 0x0041, 0x0021, 0x0841, 0x0861, 0x0041, 0x0021, 0x0020,
  0x0020, 0x0020, 0x0020, 0x0020, 0x0000, 0x0000, 0x0000, 0x0000, 0x0000, 0x0000, 0x0000, 0x0000, 0x0000, 0x0000, 0x0000, 0x0000,
  0x0000, 0x0841, 0x1082, 0x0861, 0x0000, 0x0000, 0x0000, 0x0000, 0x0000, 0x0000, 0x0000, 0x0000, 0x0000, 0x0000, 0x0000, 0x0000,
  0x0000, 0x0000, 0x0000, 0x0000, 0x0000, 0x0000, 0x0000, 0x0000, 0x0000, 0x0000, 0x0000, 0x0000, 0x0000, 0x0000, 0x0000, 0x0000,
  0x0000, 0x0000, 0x0000, 0x0000, 0x0000, 0x0000, 0x0000, 0x0000, 0x0000, 0x0000, 0x0000, 0x0000, 0x0000, 0x0000, 0x0000, 0x0000,
  0x0000, 0x0000, 0x0000, 0x0000, 0x0000, 0x0000, 0x0000, 0x0000, 0x0000, 0x0000, 0x0000, 0x0000, 0x0000, 0x0000, 0x0000, 0x0000,
  0x0000, 0x0000, 0x0000, 0x0000, 0x0000, 0x0000, 0x0000, 0x0000, 0x0000, 0x0000, 0x0000, 0x0000, 0x0000, 0x0000, 0x0000, 0x0000,
  0x0000, 0x0000, 0x0000, 0x0000, 0x0000, 0x0000, 0x0000, 0x0000, 0x0000, 0x0000, 0x0000, 0x0000, 0x0000, 0x0000, 0x0000, 0x0000,
  0x0000, 0x0000, 0x0000, 0x0000, 0x0000, 0x0000, 0x0000, 0x0000, 0x0000, 0x0000, 0x0000, 0x0000, 0x0000, 0x0000, 0x0000, 0x0000,
  0x0000, 0x0000, 0x0000, 0x0000, 0x0000, 0x0000, 0x0000, 0x0000, 0x0000, 0x0000, 0x0000, 0x0861, 0x0862, 0x10A2, 0x0020, 0x0000,
  0x0021, 0x0041, 0x0841, 0x0841, 0x0020, 0x0041, 0x0041, 0x0861, 0x0041, 0x0041, 0x0041, 0x0041, 0x0021, 0x0000, 0x0000, 0x0021,
  0x4229, 0x7C31, 0x94B3, 0xE71C, 0xC639, 0x7BF0, 0x5B0C, 0x31A7, 0x4249, 0x10A3, 0x31A7, 0x3A08, 0x2966, 0x630C, 0xAD96, 0xBDF7,
  0x94B2, 0xDEDB, 0xBDD7, 0xA555, 0xB5D7, 0x4A69, 0x6B4D, 0x5B0C, 0x1904, 0x10C3, 0x10E3, 0x10A2, 0x10C3, 0x10A2, 0x0882, 0x10A2,
  0x10A2, 0x10A2, 0x1082, 0x0841, 0x0861, 0x0861, 0x0841, 0x0841, 0x0861, 0x0861, 0x0861, 0x0861, 0x0841, 0x0020, 0x0000, 0x0000,
  0x0000, 0x0000, 0x0020, 0x0021, 0x0862, 0x10C3, 0x1904, 0x1904, 0x1904, 0x2146, 0x2166, 0x1904, 0x3A29, 0x2166, 0x10C3, 0x2986,
  0x10E4, 0x0862, 0x10A2, 0x18E4, 0x10C3, 0x0861, 0x0862, 0x0861, 0x0041, 0x0041, 0x0861, 0x0882, 0x0041, 0x0041, 0x0021, 0x0021,
  0x0020, 0x0020, 0x0020, 0x0020, 0x0020, 0x0000, 0x0000, 0x0000, 0x0000, 0x0000, 0x0000, 0x0000, 0x0000, 0x0000, 0x0000, 0x0000,
  0x0000, 0x0000, 0x0000, 0x0861, 0x0861, 0x0861, 0x0000, 0x0000, 0x0000, 0x0000, 0x0000, 0x0000, 0x0000, 0x0000, 0x0000, 0x0000,
  0x0000, 0x0000, 0x0000, 0x0000, 0x0000, 0x0000, 0x0000, 0x0000, 0x0000, 0x0000, 0x0000, 0x0000, 0x0000, 0x0000, 0x0000, 0x0000,
  0x0000, 0x0000, 0x0000, 0x0000, 0x0000, 0x0000, 0x0000, 0x0000, 0x0000, 0x0000, 0x0000, 0x0000, 0x0000, 0x0000, 0x0000, 0x0000,
  0x0000, 0x0000, 0x0000, 0x0000, 0x0000, 0x0000, 0x0000, 0x0000, 0x0000, 0x0000, 0x0000, 0x0000, 0x0000, 0x0000, 0x0000, 0x0000,
  0x0000, 0x0000, 0x0000, 0x0000, 0x0000, 0x0000, 0x0000, 0x0000, 0x0000, 0x0000, 0x0000, 0x0000, 0x0000, 0x0000, 0x0000, 0x0000,
  0x0000, 0x0000, 0x0000, 0x0000, 0x0000, 0x0000, 0x0000, 0x0000, 0x0000, 0x0000, 0x0000, 0x0000, 0x0000, 0x0000, 0x0000, 0x0000,
  0x0000, 0x0000, 0x0000, 0x0000, 0x0000, 0x0000, 0x0000, 0x0000, 0x0000, 0x0000, 0x0000, 0x0000, 0x0000, 0x0000, 0x0000, 0x0000,
  0x0000, 0x0000, 0x0000, 0x0000, 0x0000, 0x0000, 0x0000, 0x0000, 0x0000, 0x0841, 0x10A2, 0x10A2, 0x0020, 0x0000, 0x0020, 0x0021,
  0x0041, 0x0041, 0x0861, 0x0041, 0x0041, 0x0841, 0x0841, 0x0841, 0x0841, 0x0041, 0x0041, 0x0041, 0x0000, 0x0000, 0x0000, 0x10C3,
  0x4AAB, 0x8451, 0xB5B7, 0xAD96, 0x73AF, 0x6B8E, 0x2966, 0x0862, 0x2166, 0x31E7, 0x31A7, 0x4229, 0x4A8A, 0xB596, 0xD6BA, 0x9D14,
  0xDEFB, 0xD6BA, 0xBDD7, 0xD6BA, 0x5ACB, 0x7C10, 0x632C, 0x10C3, 0x10A3, 0x18E4, 0x18E4, 0x10A2, 0x10A2, 0x0882, 0x10A2, 0x1082,
  0x1082, 0x18C3, 0x0882, 0x0861, 0x1082, 0x0861, 0x0861, 0x0861, 0x0861, 0x0841, 0x0881, 0x0841, 0x0841, 0x0000, 0x0000, 0x0000,
  0x0000, 0x0000, 0x0020, 0x0041, 0x08A2, 0x18E4, 0x10A3, 0x1925, 0x10E4, 0x2166, 0x2145, 0x3A08, 0x2986, 0x10E4, 0x2125, 0x18E4,
  0x10E4, 0x10C3, 0x0882, 0x0882, 0x0882, 0x0882, 0x0841, 0x0041, 0x0861, 0x0041, 0x0882, 0x0041, 0x0020, 0x0041, 0x0041, 0x0041,
  0x0020, 0x0020, 0x0020, 0x0020, 0x0000, 0x0000, 0x0000, 0x0000, 0x0000, 0x0000, 0x0000, 0x0000, 0x0000, 0x0000, 0x0000, 0x0020,
  0x0041, 0x0041, 0x0041, 0x0841, 0x0021, 0x0861, 0x0841, 0x0020, 0x0000, 0x0000, 0x0000, 0x0000, 0x0000, 0x0000, 0x0000, 0x0000,
  0x0000, 0x0000, 0x0000, 0x0000, 0x0000, 0x0000, 0x0000, 0x0000, 0x0000, 0x0000, 0x0000, 0x0000, 0x0000, 0x0000, 0x0000, 0x0000,
  0x0000, 0x0000, 0x0000, 0x0000, 0x0000, 0x0000, 0x0000, 0x0000, 0x0000, 0x0000, 0x0000, 0x0000, 0x0000, 0x0000, 0x0000, 0x0000,
  0x0000, 0x0000, 0x0000, 0x0000, 0x0000, 0x0000, 0x0000, 0x0000, 0x0000, 0x0000, 0x0000, 0x0000, 0x0000, 0x0000, 0x0000, 0x0000,
  0x0000, 0x0000, 0x0000, 0x0000, 0x0000, 0x0000, 0x0000, 0x0000, 0x0000, 0x0000, 0x0000, 0x0000, 0x0000, 0x0000, 0x0000, 0x0000,
  0x0000, 0x0000, 0x0000, 0x0000, 0x0000, 0x0000, 0x0000, 0x0000, 0x0000, 0x0000, 0x0000, 0x0000, 0x0000, 0x0000, 0x0000, 0x0000,
  0x0000, 0x0000, 0x0000, 0x0000, 0x0000, 0x0000, 0x0000, 0x0000, 0x0000, 0x0000, 0x0000, 0x0000, 0x0000, 0x0000, 0x0000, 0x0000,
  0x0000, 0x0000, 0x0000, 0x0000, 0x0000, 0x0000, 0x0000, 0x0020, 0x18C3, 0x18E3, 0x0841, 0x0020, 0x0020, 0x0020, 0x0021, 0x0021,
  0x0841, 0x0041, 0x0041, 0x0041, 0x0841, 0x0041, 0x0041, 0x0021, 0x0041, 0x0041, 0x0041, 0x0020, 0x0000, 0x0000, 0x0861, 0x2166,
  0x6BAF, 0x52EC, 0x634D, 0x6B6E, 0x7BF0, 0x4229, 0x1904, 0x2986, 0x4269, 0x2966, 0x0882, 0x4A8A, 0x94B2, 0xC659, 0xBDD7, 0xB5D7,
  0x9CF3, 0xCE79, 0xD6BA, 0x738E, 0x738E, 0x8430, 0x0862, 0x10A2, 0x10A3, 0x10A3, 0x10C3, 0x0882, 0x0882, 0x0882, 0x10C3, 0x0862,
  0x1082, 0x1082, 0x0861, 0x0862, 0x1082, 0x0882, 0x1082, 0x1082, 0x0861, 0x0861, 0x0861, 0x0841, 0x0841, 0x0000, 0x0000, 0x0000,
  0x0000, 0x0020, 0x0041, 0x0882, 0x10C3, 0x10C3, 0x10E3, 0x10C3, 0x1925, 0x1925, 0x2166, 0x2145, 0x2987, 0x2166, 0x10A3, 0x2145,
  0x2125, 0x0882, 0x10A3, 0x10A2, 0x0882, 0x0861, 0x0882, 0x0861, 0x0861, 0x0861, 0x0021, 0x0020, 0x0041, 0x0861, 0x0841, 0x0020,
  0x0000, 0x0000, 0x0020, 0x0000, 0x0000, 0x0000, 0x0000, 0x0000, 0x0000, 0x0000, 0x0000, 0x0000, 0x0000, 0x0020, 0x0841, 0x0841,
  0x0841, 0x0841, 0x0041, 0x0041, 0x0841, 0x1082, 0x18C3, 0x18C3, 0x0861, 0x0000, 0x0000, 0x0000, 0x0000, 0x0000, 0x0000, 0x0000,
  0x0000, 0x0000, 0x0000, 0x0000, 0x0000, 0x0000, 0x0000, 0x0000, 0x0000, 0x0000, 0x0000, 0x0000, 0x0000, 0x0000, 0x0000, 0x0000,
  0x0000, 0x0000, 0x0000, 0x0000, 0x0000, 0x0000, 0x0000, 0x0000, 0x0000, 0x0000, 0x0000, 0x0000, 0x0000, 0x0000, 0x0000, 0x0000,
  0x0000, 0x0000, 0x0000, 0x0000, 0x0000, 0x0000, 0x0000, 0x0000, 0x0000, 0x0000, 0x0000, 0x0000, 0x0000, 0x0000, 0x0000, 0x0000,
  0x0000, 0x0000, 0x0000, 0x0000, 0x0000, 0x0000, 0x0000, 0x0000, 0x0000, 0x0000, 0x0000, 0x0000, 0x0000, 0x0000, 0x0000, 0x0000,
  0x0000, 0x0000, 0x0000, 0x0000, 0x0000, 0x0000, 0x0000, 0x0000, 0x0000, 0x0000, 0x0000, 0x0000, 0x0000, 0x0000, 0x0000, 0x0000,
  0x0000, 0x0000, 0x0000, 0x0000, 0x0000, 0x0000, 0x0000, 0x0000, 0x0000, 0x0000, 0x0000, 0x0000, 0x0000, 0x0000, 0x0000, 0x0000,
  0x0000, 0x0000, 0x0000, 0x0000, 0x0000, 0x0000, 0x0841, 0x18C2, 0x0882, 0x0000, 0x0020, 0x0041, 0x0021, 0x0041, 0x0021, 0x0021,
  0x0841, 0x0861, 0x0041, 0x0041, 0x0041, 0x0841, 0x0021, 0x0021, 0x0841, 0x0861, 0x0020, 0x0000, 0x0000, 0x0041, 0x18E4, 0x636E,
  0x73AF, 0x1904, 0x3A08, 0x8C92, 0x94D3, 0x3A08, 0x31A7, 0x3A08, 0x0882, 0x0041, 0x3A08, 0x7C10, 0x8431, 0x9CF4, 0x9492, 0x8C92,
  0x9CD3, 0xDEDB, 0x9CD3, 0x52AB, 0xA514, 0x31A6, 0x0882, 0x18E3, 0x1082, 0x0861, 0x0882, 0x0882, 0x1082, 0x10C3, 0x10A2, 0x0861,
  0x1082, 0x0861, 0x1082, 0x0861, 0x0861, 0x1082, 0x1082, 0x0861, 0x0861, 0x0861, 0x0861, 0x0861, 0x0020, 0x0000, 0x0000, 0x0000,
  0x0020, 0x0020, 0x0861, 0x0882, 0x18E4, 0x10E4, 0x10C3, 0x2145, 0x2166, 0x08A3, 0x1904, 0x2145, 0x2125, 0x2145, 0x18E4, 0x2165,
  0x10A2, 0x2145, 0x18E4, 0x0861, 0x0882, 0x0862, 0x0000, 0x0841, 0x0882, 0x0041, 0x0020, 0x0021, 0x0841, 0x0861, 0x0020, 0x0020,
  0x0020, 0x0020, 0x0000, 0x0000, 0x0000, 0x0000, 0x0000, 0x0000, 0x0000, 0x0000, 0x0000, 0x0020, 0x0841, 0x0041, 0x0061, 0x0861,
  0x0041, 0x0861, 0x10C3, 0x2945, 0x31A6, 0x3186, 0x10A2, 0x0861, 0x0862, 0x1082, 0x0841, 0x0000, 0x0000, 0x0000, 0x0000, 0x0000,
  0x0000, 0x0000, 0x0000, 0x0000, 0x0000, 0x0000, 0x0000, 0x0000, 0x0000, 0x0000, 0x0000, 0x0000, 0x0000, 0x0000, 0x0000, 0x0000,
  0x0000, 0x0000, 0x0000, 0x0000, 0x0000, 0x0000, 0x0000, 0x0000, 0x0000, 0x0000, 0x0000, 0x0000, 0x0000, 0x0000, 0x0000, 0x0000,
  0x0000, 0x0000, 0x0000, 0x0000, 0x0000, 0x0000, 0x0000, 0x0000, 0x0000, 0x0000, 0x0000, 0x0000, 0x0000, 0x0000, 0x0000, 0x0000,
  0x0000, 0x0000, 0x0000, 0x0000, 0x0000, 0x0000, 0x0000, 0x0000, 0x0000, 0x0000, 0x0000, 0x0000, 0x0000, 0x0000, 0x0000, 0x0000,
  0x0000, 0x0000, 0x0000, 0x0000, 0x0000, 0x0000, 0x0000, 0x0000, 0x0000, 0x0000, 0x0000, 0x0000, 0x0000, 0x0000, 0x0000, 0x0000,
  0x0000, 0x0000, 0x0000, 0x0000, 0x0000, 0x0000, 0x0000, 0x0000, 0x0000, 0x0000, 0x0000, 0x0000, 0x0000, 0x0000, 0x0000, 0x0000,
  0x0000, 0x0000, 0x0000, 0x0000, 0x0000, 0x18E3, 0x10A2, 0x0020, 0x0021, 0x0861, 0x0841, 0x0841, 0x0841, 0x0041, 0x0021, 0x0041,
  0x0861, 0x0841, 0x0841, 0x0861, 0x0861, 0x0041, 0x0041, 0x0021, 0x0861, 0x0041, 0x0000, 0x0000, 0x0041, 0x1904, 0x3A29, 0x634D,
  0x31A7, 0x18E4, 0x4AAB, 0x8431, 0x4A6A, 0x31C7, 0x2145, 0x10A3, 0x0041, 0x39E8, 0x52CB, 0x7BF0, 0x5B0C, 0xA534, 0x8C72, 0x9492,
  0xCE79, 0x9CF3, 0x7BCF, 0x8410, 0x634D, 0x4208, 0x10C3, 0x18E3, 0x0882, 0x0882, 0x0882, 0x1082, 0x0882, 0x10A2, 0x0882, 0x10C3,
  0x0841, 0x1081, 0x1082, 0x0861, 0x0861, 0x0861, 0x0861, 0x0861, 0x0841, 0x0841, 0x0861, 0x0841, 0x0000, 0x0000, 0x0000, 0x0000,
  0x0020, 0x0041, 0x0882, 0x0882, 0x10A3, 0x10C3, 0x1925, 0x29A7, 0x0882, 0x1905, 0x29C7, 0x2987, 0x2987, 0x1904, 0x1904, 0x10E3,
  0x10C3, 0x10A3, 0x0862, 0x0882, 0x0062, 0x3102, 0x82A5, 0x2081, 0x0041, 0x0041, 0x0021, 0x0841, 0x0841, 0x0020, 0x0020, 0x0021,
  0x0021, 0x0000, 0x0000, 0x0000, 0x0000, 0x0000, 0x0000, 0x0000, 0x0000, 0x0020, 0x0041, 0x0041, 0x0041, 0x0861, 0x08A2, 0x10C3,
  0x39A6, 0x2104, 0x39C7, 0x39E7, 0x18C3, 0x0861, 0x10A3, 0x2104, 0x18E3, 0x10A2, 0x10A2, 0x0841, 0x0000, 0x0000, 0x0000, 0x0000,
  0x0000, 0x0000, 0x0000, 0x0000, 0x0000, 0x0000, 0x0000, 0x0000, 0x0000, 0x0000, 0x0000, 0x0000, 0x0000, 0x0000, 0x0000, 0x0000,
  0x0000, 0x0000, 0x0000, 0x0000, 0x0000, 0x0000, 0x0000, 0x0000, 0x0000, 0x0000, 0x0000, 0x0000, 0x0000, 0x0000, 0x0000, 0x0000,
  0x0000, 0x0000, 0x0000, 0x0000, 0x0000, 0x0000, 0x0000, 0x0000, 0x0000, 0x0000, 0x0000, 0x0000, 0x0000, 0x0000, 0x0000, 0x0000,
  0x0000, 0x0000, 0x0000, 0x0000, 0x0000, 0x0000, 0x0000, 0x0000, 0x0000, 0x0000, 0x0000, 0x0000, 0x0000, 0x0000, 0x0000, 0x0000,
  0x0000, 0x0000, 0x0000, 0x0000, 0x0000, 0x0000, 0x0000, 0x0000, 0x0000, 0x0000, 0x0000, 0x0000, 0x0000, 0x0000, 0x0000, 0x0000,
  0x0000, 0x0000, 0x0000, 0x0000, 0x0000, 0x0000, 0x0000, 0x0000, 0x0000, 0x0000, 0x0000, 0x0000, 0x0000, 0x0000, 0x0000, 0x0000,
  0x0000, 0x0000, 0x0000, 0x0841, 0x0861, 0x0861, 0x0041, 0x0841, 0x0861, 0x0861, 0x0861, 0x0041, 0x0041, 0x0041, 0x0041, 0x0882,
  0x0041, 0x0041, 0x0861, 0x0882, 0x0841, 0x0041, 0x0861, 0x0041, 0x0041, 0x0000, 0x0000, 0x0862, 0x39E8, 0x3A08, 0x3A09, 0x4229,
  0x2987, 0x2986, 0x8431, 0x6B8E, 0x2165, 0x0862, 0x10C3, 0x10A3, 0x4A49, 0x52AB, 0x6B6E, 0x73AF, 0x8C72, 0xAD55, 0xC639, 0xB5D7,
  0xA555, 0x5AEB, 0x7BEF, 0x4249, 0x2145, 0x1082, 0x1082, 0x0882, 0x0882, 0x0882, 0x0861, 0x0862, 0x10A2, 0x0861, 0x0861, 0x0882,
  0x1082, 0x0861, 0x1081, 0x1082, 0x0841, 0x0861, 0x0861, 0x0041, 0x0041, 0x0841, 0x0861, 0x0020, 0x0000, 0x0000, 0x0000, 0x0000,
  0x0020, 0x0861, 0x10A3, 0x10A3, 0x08A2, 0x1904, 0x2145, 0x0862, 0x1925, 0x31C7, 0x2145, 0x3A29, 0x1925, 0x1904, 0x2166, 0x2145,
  0x0882, 0x0041, 0x1904, 0x18E4, 0x0021, 0x6182, 0xB324, 0x1820, 0x0021, 0x0041, 0x0841, 0x0861, 0x0020, 0x0020, 0x0020, 0x0020,
  0x0000, 0x0000, 0x0000, 0x0000, 0x0000, 0x0000, 0x0000, 0x0000, 0x0000, 0x0021, 0x0041, 0x0861, 0x0882, 0x1082, 0x2945, 0x4208,
  0x5AAA, 0x31A6, 0x3186, 0x2986, 0x2104, 0x4208, 0x4208, 0x2986, 0x10C3, 0x0020, 0x0020, 0x0861, 0x1082, 0x0841, 0x0000, 0x0000,
  0x0000, 0x0000, 0x0000, 0x0000, 0x0000, 0x0000, 0x0000, 0x0000, 0x0000, 0x0000, 0x0000, 0x0000, 0x0000, 0x0000, 0x0000, 0x0000,
  0x0000, 0x0000, 0x0000, 0x0000, 0x0000, 0x0000, 0x0000, 0x0000, 0x0000, 0x0000, 0x0000, 0x0000, 0x0000, 0x0000, 0x0000, 0x0000,
  0x0000, 0x0000, 0x0000, 0x0000, 0x0000, 0x0000, 0x0000, 0x0000, 0x0000, 0x0000, 0x0000, 0x0000, 0x0000, 0x0000, 0x0000, 0x0000,
  0x0000, 0x0000, 0x0000, 0x0000, 0x0000, 0x0000, 0x0000, 0x0000, 0x0000, 0x0000, 0x0000, 0x0000, 0x0000, 0x0000, 0x0000, 0x0000,
  0x0000, 0x0000, 0x0000, 0x0000, 0x0000, 0x0000, 0x0000, 0x0000, 0x0000, 0x0000, 0x0000, 0x0000, 0x0000, 0x0000, 0x0000, 0x0000,
  0x0000, 0x0000, 0x0000, 0x0000, 0x0000, 0x0000, 0x0000, 0x0000, 0x0000, 0x0000, 0x0000, 0x0000, 0x0000, 0x0000, 0x0000, 0x0000,
  0x0000, 0x0000, 0x0861, 0x0861, 0x0041, 0x0041, 0x0882, 0x0862, 0x0882, 0x0882, 0x0041, 0x0041, 0x0041, 0x0041, 0x0861, 0x0882,
  0x0041, 0x0841, 0x0882, 0x0882, 0x0041, 0x0021, 0x0020, 0x0021, 0x0020, 0x0000, 0x0021, 0x4229, 0x3A08, 0x2145, 0x7BF0, 0x73F0,
  0x2125, 0x3A09, 0x7C10, 0x39E8, 0x10C3, 0x0041, 0x1082, 0x4A6A, 0x2986, 0x52CB, 0x6B4D, 0x6B6E, 0x9CF4, 0xD69A, 0xA535, 0x8C72,
  0x94B2, 0x73AE, 0x2965, 0x6B6E, 0x3186, 0x10A2, 0x10C3, 0x0862, 0x0882, 0x0861, 0x0861, 0x0861, 0x0861, 0x0861, 0x0861, 0x0861,
  0x1082, 0x0861, 0x18A2, 0x1081, 0x0841, 0x0861, 0x0841, 0x0041, 0x0041, 0x0841, 0x0841, 0x0000, 0x0000, 0x0000, 0x0020, 0x0020,
  0x0020, 0x0882, 0x0882, 0x10A3, 0x10C3, 0x10E4, 0x0882, 0x1904, 0x31C8, 0x1925, 0x3A08, 0x2145, 0x2125, 0x1925, 0x2145, 0x10A3,
  0x0882, 0x2125, 0x10E3, 0x0041, 0x0041, 0x0820, 0x0000, 0x0021, 0x0021, 0x0041, 0x0861, 0x0841, 0x0020, 0x0020, 0x0000, 0x0000,
  0x0000, 0x0000, 0x0000, 0x0000, 0x0000, 0x0000, 0x0000, 0x0021, 0x0020, 0x0021, 0x0861, 0x0882, 0x18E4, 0x528A, 0x630C, 0x2986,
  0x2145, 0x4249, 0x7BF0, 0x8431, 0x4A49, 0x4A49, 0x2104, 0x0861, 0x0882, 0x10A2, 0x2104, 0x18E3, 0x10A2, 0x1082, 0x0861, 0x0000,
  0x0000, 0x0000, 0x0000, 0x0000, 0x0000, 0x0000, 0x0000, 0x0000, 0x0000, 0x0000, 0x0000, 0x0000, 0x0000, 0x0000, 0x0000, 0x0000,
  0x0000, 0x0000, 0x0000, 0x0000, 0x0000, 0x0000, 0x0000, 0x0000, 0x0000, 0x0000, 0x0000, 0x0000, 0x0000, 0x0000, 0x0000, 0x0000,
  0x0000, 0x0000, 0x0000, 0x0000, 0x0000, 0x0000, 0x0000, 0x0000, 0x0000, 0x0000, 0x0000, 0x0000, 0x0000, 0x0000, 0x0000, 0x0000,
  0x0000, 0x0000, 0x0000, 0x0000, 0x0000, 0x0000, 0x0000, 0x0000, 0x0000, 0x0000, 0x0000, 0x0000, 0x0000, 0x0000, 0x0000, 0x0000,
  0x0000, 0x0000, 0x0000, 0x0000, 0x0000, 0x0000, 0x0000, 0x0000, 0x0000, 0x0000, 0x0000, 0x0000, 0x0000, 0x0000, 0x0000, 0x0000,
  0x0000, 0x0000, 0x0000, 0x0000, 0x0000, 0x0000, 0x0000, 0x0000, 0x0000, 0x0000, 0x0000, 0x0000, 0x0000, 0x0000, 0x0000, 0x0000,
  0x1082, 0x0882, 0x0841, 0x0841, 0x0841, 0x0882, 0x0862, 0x0841, 0x0882, 0x0861, 0x0041, 0x0041, 0x0041, 0x0861, 0x0861, 0x0041,
  0x0861, 0x0861, 0x0862, 0x0041, 0x0020, 0x0020, 0x0041, 0x0021, 0x0000, 0x1082, 0x73CF, 0x3A08, 0x31C8, 0x4229, 0x634D, 0x2986,
  0x2986, 0x7BF0, 0x29A7, 0x10C3, 0x10C3, 0x18E4, 0x2966, 0x2986, 0x1904, 0x52CB, 0x7C10, 0x9492, 0x8C92, 0x9CD3, 0x94B2, 0x52CB,
  0x528A, 0x4A49, 0x8431, 0x8410, 0x18E3, 0x10C3, 0x1082, 0x1082, 0x10C3, 0x0882, 0x0882, 0x10A2, 0x0041, 0x0861, 0x0841, 0x0861,
  0x0881, 0x1061, 0x18A2, 0x0861, 0x0861, 0x0841, 0x0841, 0x0041, 0x0841, 0x0841, 0x0020, 0x0000, 0x0000, 0x0000, 0x0041, 0x0020,
  0x0020, 0x0882, 0x10A3, 0x10A3, 0x10E3, 0x10C3, 0x18E4, 0x2186, 0x2145, 0x3A29, 0x2166, 0x2986, 0x2166, 0x1904, 0x0021, 0x10C3,
  0x2145, 0x0882, 0x0021, 0x0041, 0x0041, 0x0061, 0x0061, 0x0021, 0x0041, 0x0841, 0x0021, 0x0021, 0x0020, 0x0000, 0x0000, 0x0000,
  0x0000, 0x0000, 0x0000, 0x0000, 0x0000, 0x0000, 0x0020, 0x0000, 0x0041, 0x0882, 0x1904, 0x29A6, 0x39E8, 0x52AB, 0x52CB, 0x4208,
  0x632D, 0x8451, 0x7BF0, 0x2987, 0x2966, 0x1904, 0x18E3, 0x10A2, 0x3186, 0x2145, 0x2124, 0x10C3, 0x0882, 0x1082, 0x10A2, 0x10A2,
  0x0000, 0x0000, 0x0000, 0x0000, 0x0000, 0x0000, 0x0000, 0x0000, 0x0000, 0x0000, 0x0000, 0x0000, 0x0000, 0x0000, 0x0000, 0x0000,
  0x0000, 0x0000, 0x0000, 0x0000, 0x0000, 0x0000, 0x0000, 0x0000, 0x0000, 0x0000, 0x0000, 0x0000, 0x0000, 0x0000, 0x0000, 0x0000,
  0x0000, 0x0000, 0x0000, 0x0000, 0x0000, 0x0000, 0x0000, 0x0000, 0x0000, 0x0000, 0x0000, 0x0000, 0x0000, 0x0000, 0x0000, 0x0000,
  0x0000, 0x0000, 0x0000, 0x0000, 0x0000, 0x0000, 0x0000, 0x0000, 0x0000, 0x0000, 0x0000, 0x0000, 0x0000, 0x0000, 0x0000, 0x0000,
  0x0000, 0x0000, 0x0000, 0x0000, 0x0000, 0x0000, 0x0000, 0x0000, 0x0000, 0x0000, 0x0000, 0x0000, 0x0000, 0x0000, 0x0000, 0x0000,
  0x0000, 0x0000, 0x0000, 0x0000, 0x0000, 0x0000, 0x0000, 0x0000, 0x0000, 0x0000, 0x0000, 0x0000, 0x0000, 0x0000, 0x0000, 0x0861,
  0x1082, 0x0841, 0x0861, 0x10C3, 0x0862, 0x0841, 0x0861, 0x0862, 0x0882, 0x0861, 0x0861, 0x0882, 0x0841, 0x0861, 0x0841, 0x0862,
  0x0861, 0x0041, 0x0861, 0x0020, 0x0020, 0x0041, 0x0041, 0x0020, 0x0000, 0x18E4, 0x52CB, 0x18E4, 0x5B0C, 0x8451, 0x636E, 0x1904,
  0x634D, 0x4229, 0x10A2, 0x10A2, 0x2966, 0x2125, 0x18E4, 0x31A7, 0x4A6A, 0x73AE, 0x9D14, 0x6B6D, 0x73AE, 0x9492, 0x8430, 0x4208,
  0x8430, 0xAD55, 0x8410, 0x2965, 0x18E3, 0x0841, 0x0882, 0x10C3, 0x10A3, 0x0882, 0x1082, 0x18A2, 0x0861, 0x0861, 0x0841, 0x0861,
  0x0861, 0x0861, 0x0861, 0x0841, 0x0861, 0x0041, 0x0041, 0x0041, 0x0841, 0x0841, 0x0020, 0x0861, 0x0000, 0x0000, 0x0020, 0x0020,
  0x0862, 0x10C3, 0x10A3, 0x10C3, 0x10E3, 0x1925, 0x1925, 0x10E4, 0x3A29, 0x1925, 0x2166, 0x2986, 0x1904, 0x0882, 0x1925, 0x2966,
  0x0841, 0x0041, 0x0862, 0x0841, 0x0861, 0x0882, 0x0861, 0x0041, 0x0862, 0x0841, 0x0021, 0x0020, 0x0000, 0x0000, 0x0000, 0x0000,
  0x0000, 0x0000, 0x0000, 0x0000, 0x0000, 0x0000, 0x0000, 0x0861, 0x10C3, 0x2986, 0x39E8, 0x4229, 0x2966, 0x2966, 0x4A8A, 0x52CB,
  0x6B6E, 0x5AEC, 0x31A7, 0x2965, 0x31A7, 0x39E7, 0x528A, 0x4A6A, 0x2945, 0x2104, 0x18E3, 0x2125, 0x2124, 0x10A2, 0x0841, 0x0841,
  0x1082, 0x0861, 0x0000, 0x0000, 0x0000, 0x0000, 0x0000, 0x0000, 0x0000, 0x0000, 0x0000, 0x0000, 0x0000, 0x0000, 0x0000, 0x0000,
  0x0000, 0x0000, 0x0000, 0x0000, 0x0000, 0x0000, 0x0000, 0x0000, 0x0000, 0x0000, 0x0000, 0x0000, 0x0000, 0x0000, 0x0000, 0x0000,
  0x0000, 0x0000, 0x0000, 0x0000, 0x0000, 0x0000, 0x0000, 0x0000, 0x0000, 0x0000, 0x0000, 0x0000, 0x0000, 0x0000, 0x0000, 0x0000,
  0x0000, 0x0000, 0x0000, 0x0000, 0x0000, 0x0000, 0x0000, 0x0000, 0x0000, 0x0000, 0x0000, 0x0000, 0x0000, 0x0000, 0x0000, 0x0000,
  0x0000, 0x0000, 0x0000, 0x0000, 0x0000, 0x0000, 0x0000, 0x0000, 0x0000, 0x0000, 0x0000, 0x0000, 0x0000, 0x0000, 0x0000, 0x0000,
  0x0000, 0x0000, 0x0000, 0x0000, 0x0000, 0x0000, 0x0000, 0x0000, 0x0000, 0x0000, 0x0000, 0x0000, 0x0000, 0x0020, 0x1082, 0x0861,
  0x0021, 0x0841, 0x10A2, 0x10A3, 0x0861, 0x0882, 0x0862, 0x0861, 0x0861, 0x0882, 0x0861, 0x0841, 0x18C3, 0x10A3, 0x0021, 0x0862,
  0x0841, 0x0041, 0x0041, 0x0021, 0x0041, 0x0041, 0x0021, 0x0000, 0x0862, 0x2145, 0x39E8, 0x73AF, 0xCE59, 0x7C31, 0x10C3, 0x29A6,
  0x4249, 0x10C3, 0x10C3, 0x2986, 0x1904, 0x10A3, 0x2986, 0x632D, 0x6B8E, 0x52CB, 0x94D3, 0x6B6E, 0x73AF, 0x9CF4, 0x5AEB, 0xA534,
  0xDEDB, 0x5B0C, 0x31A7, 0x18C3, 0x0861, 0x10C3, 0x10A2, 0x10A2, 0x0882, 0x0882, 0x0862, 0x0861, 0x0861, 0x0861, 0x0861, 0x0861,
  0x0861, 0x0861, 0x0841, 0x0841, 0x0861, 0x0841, 0x0021, 0x0041, 0x0041, 0x0020, 0x0000, 0x2104, 0x0000, 0x0000, 0x0000, 0x0041,
  0x10C3, 0x10A3, 0x10A3, 0x1904, 0x1904, 0x10E4, 0x1904, 0x424A, 0x29A7, 0x1904, 0x2125, 0x10C3, 0x0882, 0x2166, 0x1924, 0x0861,
  0x10C3, 0x0882, 0x08A2, 0x0882, 0x0861, 0x0841, 0x0841, 0x0861, 0x0041, 0x0021, 0x0020, 0x0000, 0x0000, 0x0000, 0x0000, 0x0000,
  0x0000, 0x0000, 0x0000, 0x0000, 0x0000, 0x0021, 0x0882, 0x18E3, 0x2125, 0x2986, 0x3A08, 0x632D, 0x4A8A, 0x6B6E, 0x8C93, 0x8C71,
  0x634E, 0x5B0C, 0x3A08, 0x4249, 0x52AB, 0x4A69, 0x4A49, 0x2966, 0x3186, 0x2125, 0x2125, 0x2945, 0x0882, 0x10A3, 0x10A2, 0x0861,
  0x0020, 0x1082, 0x0861, 0x0000, 0x0000, 0x0000, 0x0000, 0x0000, 0x0000, 0x0000, 0x0000, 0x0000, 0x0000, 0x0000, 0x0000, 0x0000,
  0x0000, 0x0000, 0x0000, 0x0000, 0x0000, 0x0000, 0x0000, 0x0000, 0x0000, 0x0000, 0x0000, 0x0000, 0x0000, 0x0000, 0x0000, 0x0000,
  0x0000, 0x0000, 0x0000, 0x0000, 0x0000, 0x0000, 0x0000, 0x0000, 0x0000, 0x0000, 0x0000, 0x0000, 0x0000, 0x0000, 0x0000, 0x0000,
  0x0000, 0x0000, 0x0000, 0x0000, 0x0000, 0x0000, 0x0000, 0x0000, 0x0000, 0x0000, 0x0000, 0x0000, 0x0000, 0x0000, 0x0000, 0x0000,
  0x0000, 0x0000, 0x0000, 0x0000, 0x0000, 0x0000, 0x0000, 0x0000, 0x0000, 0x0000, 0x0000, 0x0000, 0x0000, 0x0000, 0x0000, 0x0000,
  0x0000, 0x0000, 0x0000, 0x0000, 0x0000, 0x0000, 0x0000, 0x0000, 0x0000, 0x0000, 0x0000, 0x0000, 0x0841, 0x1082, 0x0041, 0x0041,
  0x0882, 0x0882, 0x10C3, 0x0841, 0x0861, 0x0861, 0x0041, 0x0862, 0x10A3, 0x0862, 0x0882, 0x0861, 0x0862, 0x0841, 0x0841, 0x0861,
  0x0041, 0x0021, 0x0041, 0x0041, 0x0861, 0x0020, 0x0000, 0x0861, 0x52AB, 0x31A7, 0x8451, 0xF7BF, 0xBDF8, 0x2166, 0x2966, 0x2145,
  0x10E3, 0x2125, 0x3A08, 0x1925, 0x0000, 0x1904, 0x52AB, 0x4A6A, 0x5AEC, 0x632D, 0x6B6E, 0x8431, 0x9492, 0x738E, 0xAD76, 0xD69A,
  0x8430, 0x4228, 0x39E7, 0x39C7, 0x10A2, 0x10A2, 0x0882, 0x10A2, 0x0882, 0x0882, 0x0862, 0x0882, 0x0861, 0x0861, 0x1082, 0x0841,
  0x1081, 0x1061, 0x0841, 0x0841, 0x0841, 0x0841, 0x0041, 0x0020, 0x0040, 0x0000, 0x10A2, 0x2125, 0x0000, 0x0020, 0x0021, 0x0882,
  0x0882, 0x0882, 0x08A2, 0x10C3, 0x2145, 0x2145, 0x29A7, 0x31C7, 0x1904, 0x2145, 0x1904, 0x0882, 0x2966, 0x0862, 0x0041, 0x2145,
  0x1904, 0x0862, 0x10A2, 0x0882, 0x0861, 0x0841, 0x1082, 0x0862, 0x0021, 0x0020, 0x0000, 0x0000, 0x0000, 0x0000, 0x0000, 0x0000,
  0x0000, 0x0000, 0x0000, 0x0000, 0x0862, 0x18E4, 0x2145, 0x2966, 0x31C7, 0x5B2D, 0x632D, 0x73CF, 0x7C10, 0x8C92, 0x634D, 0x632D,
  0x634D, 0x52AB, 0x52CB, 0x6B6E, 0x4249, 0x31A6, 0x2965, 0x2124, 0x2104, 0x18C3, 0x2945, 0x18C3, 0x0882, 0x1082, 0x0861, 0x10A2,
  0x18C3, 0x0882, 0x0841, 0x1082, 0x0020, 0x0000, 0x0000, 0x0000, 0x0000, 0x0000, 0x0000, 0x0000, 0x0000, 0x0000, 0x0000, 0x0000,
  0x0000, 0x0000, 0x0000, 0x0000, 0x0000, 0x0000, 0x0000, 0x0000, 0x0000, 0x0000, 0x0000, 0x0000, 0x0000, 0x0000, 0x0000, 0x0000,
  0x0000, 0x0000, 0x0000, 0x0000, 0x0000, 0x0000, 0x0000, 0x0000, 0x0000, 0x0000, 0x0000, 0x0000, 0x0000, 0x0000, 0x0000, 0x0000,
  0x0000, 0x0000, 0x0000, 0x0000, 0x0000, 0x0000, 0x0000, 0x0000, 0x0000, 0x0000, 0x0000, 0x0000, 0x0000, 0x0000, 0x0000, 0x0000,
  0x0000, 0x0000, 0x0000, 0x0000, 0x0000, 0x0000, 0x0000, 0x0000, 0x0000, 0x0000, 0x0000, 0x0000, 0x0000, 0x0000, 0x0000, 0x0000,
  0x0000, 0x0000, 0x0000, 0x0000, 0x0000, 0x0000, 0x0000, 0x0000, 0x0000, 0x0000, 0x0000, 0x0020, 0x0882, 0x0020, 0x0861, 0x0862,
  0x0861, 0x10A2, 0x0882, 0x0041, 0x0882, 0x0841, 0x0882, 0x10A3, 0x0882, 0x0861, 0x10A3, 0x0041, 0x0041, 0x0041, 0x0841, 0x0041,
  0x0021, 0x0041, 0x0041, 0x0041, 0x0021, 0x0000, 0x0000, 0x634D, 0x6B8E, 0x8C92, 0xD6BB, 0xCE7A, 0x3A29, 0x1904, 0x39E8, 0x2986,
  0x2145, 0x31C7, 0x2125, 0x0862, 0x10C3, 0x4A6A, 0x52CB, 0x4A8A, 0x8451, 0x7C10, 0x4249, 0x630C, 0x7BEF, 0x9CD3, 0xCE59, 0x4A49,
  0x5ACB, 0x52AB, 0x8C51, 0x4228, 0x0020, 0x10A2, 0x1082, 0x0862, 0x0862, 0x0862, 0x0862, 0x0862, 0x0861, 0x1082, 0x1061, 0x0041,
  0x1081, 0x0861, 0x0020, 0x0841, 0x0841, 0x0040, 0x0041, 0x0040, 0x0020, 0x0000, 0x2966, 0x2125, 0x0000, 0x0020, 0x0862, 0x0862,
  0x0882, 0x18E4, 0x0861, 0x1904, 0x2166, 0x2987, 0x2145, 0x2145, 0x1904, 0x10C3, 0x2125, 0x2145, 0x0041, 0x0882, 0x2125, 0x1904,
  0x0862, 0x0882, 0x0882, 0x0882, 0x0021, 0x0041, 0x0861, 0x0021, 0x0020, 0x0020, 0x0000, 0x0000, 0x0000, 0x0000, 0x0000, 0x0000,
  0x0000, 0x0000, 0x0020, 0x0882, 0x10C3, 0x2125, 0x2966, 0x3A08, 0x52CB, 0x4A6A, 0x6B8E, 0x73CF, 0x73CF, 0x94B3, 0x73CF, 0x634D,
  0x73CF, 0x632D, 0x7C10, 0x4A8A, 0x4208, 0x39E7, 0x1904, 0x31A7, 0x4228, 0x52AB, 0x2966, 0x1082, 0x0841, 0x18C3, 0x2104, 0x2945,
  0x10A2, 0x0841, 0x0841, 0x0861, 0x1082, 0x0821, 0x0000, 0x0000, 0x0000, 0x0000, 0x0000, 0x0000, 0x0000, 0x0000, 0x0000, 0x0000,
  0x0000, 0x0000, 0x0000, 0x0000, 0x0000, 0x0000, 0x0000, 0x0000, 0x0000, 0x0000, 0x0000, 0x0000, 0x0000, 0x0000, 0x0000, 0x0000,
  0x0000, 0x0000, 0x0000, 0x0000, 0x0000, 0x0000, 0x0000, 0x0000, 0x0000, 0x0000, 0x0000, 0x0000, 0x0000, 0x0000, 0x0000, 0x0000,
  0x0000, 0x0000, 0x0000, 0x0000, 0x0000, 0x0000, 0x0000, 0x0000, 0x0000, 0x0000, 0x0000, 0x0000, 0x0000, 0x0000, 0x0000, 0x0000,
  0x0000, 0x0000, 0x0000, 0x0000, 0x0000, 0x0000, 0x0000, 0x0000, 0x0000, 0x0000, 0x0000, 0x0000, 0x0000, 0x0000, 0x0000, 0x0000,
  0x0000, 0x0000, 0x0000, 0x0000, 0x0000, 0x0000, 0x0000, 0x0000, 0x0000, 0x0000, 0x0861, 0x0861, 0x0041, 0x0020, 0x0882, 0x1082,
  0x0861, 0x0041, 0x0041, 0x0882, 0x0861, 0x0861, 0x0882, 0x0882, 0x0041, 0x10C3, 0x0862, 0x0061, 0x0041, 0x0041, 0x0041, 0x0041,
  0x0021, 0x0041, 0x0041, 0x0020, 0x0020, 0x0000, 0x5AEC, 0x7BF0, 0x634D, 0xCE59, 0xEF7E, 0x9CF4, 0x31C7, 0x31A7, 0x39E8, 0x31C7,
  0x2145, 0x10A3, 0x10A2, 0x0882, 0x3A08, 0x31A6, 0x632D, 0x738E, 0x7BF0, 0x6B8E, 0x3A08, 0x5AEC, 0x8C51, 0x73AE, 0x8C30, 0xB596,
  0x73AF, 0x4229, 0x31C7, 0x0882, 0x0861, 0x10A2, 0x0882, 0x0041, 0x0041, 0x0861, 0x0862, 0x0861, 0x0861, 0x0861, 0x0041, 0x0041,
  0x0861, 0x0861, 0x0041, 0x0841, 0x0861, 0x0020, 0x0041, 0x0020, 0x0000, 0x0841, 0x39C7, 0x18E3, 0x0000, 0x0020, 0x0021, 0x0882,
  0x10A3, 0x10A2, 0x10C3, 0x2166, 0x10C3, 0x10E3, 0x29A7, 0x2166, 0x10A3, 0x2145, 0x18E4, 0x0021, 0x10C3, 0x2986, 0x10A3, 0x0882,
  0x10C3, 0x08A2, 0x10A2, 0x0021, 0x30C1, 0x7182, 0x0820, 0x0841, 0x0020, 0x0000, 0x0000, 0x0000, 0x0000, 0x0000, 0x0000, 0x0000,
  0x0000, 0x0861, 0x10A2, 0x18E4, 0x1904, 0x31C8, 0x52CB, 0x632D, 0x8431, 0x73AF, 0x7BF0, 0x6B6E, 0x8451, 0x8431, 0x4A6A, 0x4A8A,
  0x39E8, 0x31A7, 0x31A6, 0x2986, 0x39E7, 0x31A6, 0x31A6, 0x4A6A, 0x4228, 0x10A3, 0x0841, 0x1082, 0x2104, 0x2945, 0x2104, 0x0882,
  0x18C3, 0x10A2, 0x1082, 0x0841, 0x0000, 0x0841, 0x0841, 0x0000, 0x0000, 0x0000, 0x0000, 0x0000, 0x0000, 0x0000, 0x0000, 0x0000,
  0x0000, 0x0000, 0x0000, 0x0000, 0x0000, 0x0000, 0x0000, 0x0000, 0x0000, 0x0000, 0x0000, 0x0000, 0x0000, 0x0000, 0x0000, 0x0000,
  0x0000, 0x0000, 0x0000, 0x0000, 0x0000, 0x0000, 0x0000, 0x0000, 0x0000, 0x0000, 0x0000, 0x0000, 0x0000, 0x0000, 0x0000, 0x0000,
  0x0000, 0x0000, 0x0000, 0x0000, 0x0000, 0x0000, 0x0000, 0x0000, 0x0000, 0x0000, 0x0000, 0x0000, 0x0000, 0x0000, 0x0000, 0x0000,
  0x0000, 0x0000, 0x0000, 0x0000, 0x0000, 0x0000, 0x0000, 0x0000, 0x0000, 0x0000, 0x0000, 0x0000, 0x0000, 0x0000, 0x0000, 0x0000,
  0x0000, 0x0000, 0x0000, 0x0000, 0x0000, 0x0000, 0x0000, 0x0000, 0x0000, 0x0841, 0x0861, 0x0861, 0x0861, 0x0841, 0x0841, 0x0841,
  0x0861, 0x0861, 0x0882, 0x0861, 0x0862, 0x0861, 0x0882, 0x0882, 0x0882, 0x0862, 0x0041, 0x0041, 0x0041, 0x0000, 0x0041, 0x0041,
  0x0021, 0x0041, 0x0020, 0x0000, 0x0000, 0x3A08, 0x8C72, 0x31C7, 0x52CB, 0xAD96, 0xAD76, 0x1904, 0x31C7, 0x4A8A, 0x29A7, 0x2166,
  0x10A3, 0x18E3, 0x0041, 0x39E8, 0x8431, 0x4A6A, 0x4A69, 0x4A6A, 0x39E8, 0x4A8A, 0x8431, 0x7BEF, 0x528A, 0x738E, 0xCE59, 0xC618,
  0x39E7, 0x2986, 0x2966, 0x0882, 0x10A2, 0x18C3, 0x0841, 0x0041, 0x0021, 0x0841, 0x0861, 0x0861, 0x0861, 0x0861, 0x0041, 0x0881,
  0x0861, 0x0041, 0x0020, 0x0861, 0x0841, 0x0020, 0x0020, 0x0020, 0x0000, 0x1904, 0x4249, 0x1082, 0x0000, 0x0000, 0x0861, 0x0882,
  0x0862, 0x18E4, 0x1904, 0x10E4, 0x10C3, 0x2145, 0x2166, 0x10C3, 0x2125, 0x10C3, 0x0861, 0x10C3, 0x1904, 0x0882, 0x10E4, 0x2145,
  0x0862, 0x0041, 0x0041, 0x0041, 0x38E1, 0x7982, 0x0800, 0x0020, 0x0000, 0x0000, 0x0000, 0x0000, 0x0000, 0x0000, 0x0000, 0x0020,
  0x0841, 0x10A3, 0x2145, 0x31C7, 0x4A8B, 0x632D, 0x8431, 0x73CF, 0x94B3, 0x73AF, 0x4A8A, 0x73CF, 0x6B8E, 0x4A6A, 0x4228, 0x4229,
  0x3A08, 0x31A6, 0x39E7, 0x39C7, 0x31A7, 0x2965, 0x1904, 0x0882, 0x0041, 0x10A3, 0x2145, 0x2965, 0x31C7, 0x18C3, 0x18C3, 0x18E3,
  0x1082, 0x0841, 0x0000, 0x0000, 0x0040, 0x0841, 0x0861, 0x0841, 0x0000, 0x0000, 0x0000, 0x0000, 0x0000, 0x0000, 0x0000, 0x0000,
  0x0000, 0x0000, 0x0000, 0x0000, 0x0000, 0x0000, 0x0000, 0x0000, 0x0000, 0x0000, 0x0000, 0x0000, 0x0000, 0x0000, 0x0000, 0x0000,
  0x0000, 0x0000, 0x0000, 0x0000, 0x0000, 0x0000, 0x0000, 0x0000, 0x0000, 0x0000, 0x0000, 0x0000, 0x0000, 0x0000, 0x0000, 0x0000,
  0x0000, 0x0000, 0x0000, 0x0000, 0x0000, 0x0000, 0x0000, 0x0000, 0x0000, 0x0000, 0x0000, 0x0000, 0x0000, 0x0000, 0x0000, 0x0000,
  0x0000, 0x0000, 0x0000, 0x0000, 0x0000, 0x0000, 0x0000, 0x0000, 0x0000, 0x0000, 0x0000, 0x0000, 0x0000, 0x0000, 0x0000, 0x0000,
  0x0000, 0x0000, 0x0000, 0x0000, 0x0000, 0x0000, 0x0000, 0x0020, 0x0861, 0x0020, 0x0041, 0x0841, 0x0841, 0x1082, 0x0841, 0x0841,
  0x0861, 0x0862, 0x0861, 0x0041, 0x0882, 0x10C3, 0x0882, 0x0862, 0x0861, 0x0041, 0x0041, 0x0041, 0x0861, 0x0041, 0x0041, 0x0020,
  0x0041, 0x0041, 0x0000, 0x0000, 0x31A7, 0x4A6A, 0x29A7, 0x0882, 0x1904, 0x7BF0, 0x4A8A, 0x3A29, 0x426A, 0x426A, 0x2166, 0x0882,
  0x2145, 0x0862, 0x4229, 0x5AEB, 0x73CF, 0x73CF, 0x4A8A, 0x39E8, 0x4229, 0x634D, 0x8C71, 0x2145, 0x8C71, 0xBE18, 0x632D, 0x4229,
  0x1904, 0x2945, 0x18C3, 0x0882, 0x0861, 0x0041, 0x0021, 0x0041, 0x0041, 0x0041, 0x0021, 0x0861, 0x1082, 0x0861, 0x0041, 0x1061,
  0x0861, 0x0020, 0x0020, 0x0861, 0x0041, 0x0041, 0x0021, 0x0000, 0x0000, 0x31A7, 0x4249, 0x0861, 0x0000, 0x0041, 0x0041, 0x0862,
  0x10C3, 0x10C3, 0x10C3, 0x1904, 0x31C7, 0x18E4, 0x10A3, 0x2145, 0x10C3, 0x0882, 0x10C3, 0x10A3, 0x0041, 0x18E4, 0x2145, 0x0041,
  0x0041, 0x0862, 0x0861, 0x0882, 0x0021, 0x0000, 0x0020, 0x0020, 0x0000, 0x0000, 0x0000, 0x0000, 0x0000, 0x0000, 0x0020, 0x0882,
  0x18E3, 0x31A7, 0x4A6A, 0x5AEC, 0x4A8A, 0x3A08, 0x39E8, 0x634D, 0x73AF, 0x5AEC, 0x4A6A, 0x31C7, 0x2986, 0x2986, 0x39E8, 0x4229,
  0x4A49, 0x52AB, 0x4A6A, 0x31C7, 0x3186, 0x2965, 0x2124, 0x18E3, 0x2986, 0x4208, 0x2986, 0x39C7, 0x2125, 0x10C3, 0x0862, 0x0020,
  0x0000, 0x0841, 0x1082, 0x1082, 0x1082, 0x0841, 0x0020, 0x0020, 0x0020, 0x0000, 0x0000, 0x0000, 0x0000, 0x0000, 0x0000, 0x0000,
  0x0000, 0x0000, 0x0000, 0x0000, 0x0000, 0x0000, 0x0000, 0x0000, 0x0000, 0x0000, 0x0000, 0x0000, 0x0000, 0x0000, 0x0000, 0x0000,
  0x0000, 0x0000, 0x0000, 0x0000, 0x0000, 0x0000, 0x0000, 0x0000, 0x0000, 0x0000, 0x0000, 0x0000, 0x0000, 0x0000, 0x0000, 0x0000,
  0x0000, 0x0000, 0x0000, 0x0000, 0x0000, 0x0000, 0x0000, 0x0000, 0x0000, 0x0000, 0x0000, 0x0000, 0x0000, 0x0000, 0x0000, 0x0000,
  0x0000, 0x0000, 0x0000, 0x0000, 0x0000, 0x0000, 0x0000, 0x0000, 0x0000, 0x0000, 0x0000, 0x0000, 0x0000, 0x0000, 0x0000, 0x0000,
  0x0000, 0x0000, 0x0000, 0x0000, 0x0000, 0x0000, 0x0020, 0x10A2, 0x0020, 0x0841, 0x0841, 0x0841, 0x0861, 0x0882, 0x0841, 0x0041,
  0x0861, 0x0861, 0x0041, 0x0862, 0x0882, 0x10C3, 0x0861, 0x0041, 0x0861, 0x0861, 0x0841, 0x0861, 0x0041, 0x0841, 0x0021, 0x0021,
  0x0041, 0x0020, 0x0000, 0x0882, 0x29A6, 0x2986, 0x10E4, 0x1904, 0x5B2D, 0x3A08, 0x5B0C, 0x7C11, 0x426A, 0x1924, 0x0861, 0x18E3,
  0x0882, 0x31A7, 0x3A08, 0x18E4, 0x52CB, 0x4249, 0x2986, 0x4A8A, 0x6B8E, 0x5B0C, 0x6B4D, 0x6B8E, 0x7BEF, 0x3A08, 0x18E3, 0x2125,
  0x2943, 0xAB44, 0x6121, 0x0862, 0x1082, 0x0041, 0x0841, 0x0041, 0x0841, 0x0041, 0x0041, 0x1082, 0x1082, 0x0841, 0x0041, 0x0861,
  0x0841, 0x0020, 0x0841, 0x0841, 0x0020, 0x0841, 0x0020, 0x0000, 0x0882, 0x4208, 0x31C7, 0x0841, 0x0021, 0x0041, 0x0861, 0x0882,
  0x0882, 0x08A2, 0x1904, 0x29A7, 0x1925, 0x18E4, 0x2166, 0x0862, 0x0882, 0x18E4, 0x10C3, 0x0882, 0x10A2, 0x10C3, 0x0862, 0x0861,
  0x0882, 0x0862, 0x0841, 0x0041, 0x0841, 0x0840, 0x0020, 0x0000, 0x0000, 0x0000, 0x0000, 0x0000, 0x0000, 0x0021, 0x10E3, 0x2125,
  0x2166, 0x3A08, 0x52AB, 0x6B8E, 0x52CC, 0x6B6E, 0x6B8F, 0x5B0D, 0x52AB, 0x52CB, 0x632D, 0x4249, 0x31A7, 0x4229, 0x39E8, 0x4A69,
  0x3186, 0x2965, 0x2124, 0x1082, 0x18E3, 0x31A7, 0x52CB, 0x4249, 0x31C7, 0x3186, 0x1082, 0x10C3, 0x1082, 0x1082, 0x0882, 0x0841,
  0x18C3, 0x10A2, 0x1062, 0x0861, 0x0020, 0x0020, 0x0020, 0x0020, 0x0020, 0x0020, 0x0000, 0x0000, 0x0000, 0x0000, 0x0000, 0x0000,
  0x0000, 0x0000, 0x0000, 0x0000, 0x0000, 0x0000, 0x0000, 0x0000, 0x0000, 0x0000, 0x0000, 0x0000, 0x0000, 0x0000, 0x0000, 0x0000,
  0x0000, 0x0000, 0x0000, 0x0000, 0x0000, 0x0000, 0x0000, 0x0000, 0x0000, 0x0000, 0x0000, 0x0000, 0x0000, 0x0000, 0x0000, 0x0000,
  0x0000, 0x0000, 0x0000, 0x0000, 0x0000, 0x0000, 0x0000, 0x0000, 0x0000, 0x0000, 0x0000, 0x0000, 0x0000, 0x0000, 0x0000, 0x0000,
  0x0000, 0x0000, 0x0000, 0x0000, 0x0000, 0x0000, 0x0000, 0x0000, 0x0000, 0x0000, 0x0000, 0x0000, 0x0000, 0x0000, 0x0000, 0x0000,
  0x0000, 0x0000, 0x0000, 0x0000, 0x0000, 0x0020, 0x0020, 0x0020, 0x0020, 0x10A2, 0x0841, 0x0861, 0x0861, 0x0041, 0x0841, 0x0041,
  0x0841, 0x0041, 0x0862, 0x0882, 0x0882, 0x0841, 0x0862, 0x0882, 0x0841, 0x0861, 0x0861, 0x0041, 0x0041, 0x0021, 0x0041, 0x0041,
  0x0021, 0x0000, 0x0041, 0x0882, 0x0000, 0x31A7, 0x31C7, 0x4A6A, 0x3A08, 0x10C3, 0x4A8B, 0x426A, 0x4249, 0x10A3, 0x0861, 0x0020,
  0x18E4, 0x4229, 0x632D, 0x73CF, 0x4249, 0x2145, 0x2145, 0x4A8A, 0x424A, 0x5AEC, 0x632D, 0x5B0C, 0x31C7, 0x4A69, 0x39E8, 0x2945,
  0xA323, 0xEC03, 0x58E0, 0x0021, 0x0861, 0x0841, 0x0041, 0x0021, 0x0020, 0x10A2, 0x0861, 0x1082, 0x0861, 0x0020, 0x0841, 0x0841,
  0x0020, 0x0020, 0x0861, 0x0041, 0x0021, 0x0021, 0x0000, 0x0000, 0x2145, 0x4A8A, 0x2986, 0x0000, 0x0020, 0x0041, 0x0882, 0x0882,
  0x10C3, 0x1904, 0x2145, 0x10C3, 0x10E4, 0x2986, 0x2145, 0x18E4, 0x10A3, 0x10A3, 0x18E4, 0x10C3, 0x1904, 0x0882, 0x0861, 0x0862,
  0x0861, 0x1082, 0x0861, 0x0041, 0x0020, 0x0020, 0x0000, 0x0000, 0x0000, 0x0000, 0x0000, 0x0020, 0x0862, 0x18E3, 0x2125, 0x3A08,
  0x52AB, 0x52CB, 0x31C7, 0x31A7, 0x52AB, 0x738E, 0x634D, 0x3A08, 0x31A7, 0x4A8A, 0x4A6A, 0x2966, 0x2125, 0x31A7, 0x31C7, 0x2966,
  0x2125, 0x2125, 0x2125, 0x18E3, 0x2104, 0x2986, 0x2986, 0x2104, 0x0861, 0x0041, 0x0882, 0x18C3, 0x10A3, 0x10A2, 0x1082, 0x0841,
  0x0861, 0x0841, 0x0861, 0x0861, 0x0841, 0x0041, 0x0020, 0x0020, 0x0020, 0x0020, 0x0841, 0x0020, 0x0000, 0x0000, 0x0000, 0x0000,
  0x0000, 0x0000, 0x0000, 0x0000, 0x0000, 0x0000, 0x0000, 0x0000, 0x0000, 0x0000, 0x0000, 0x0000, 0x0000, 0x0000, 0x0000, 0x0000,
  0x0000, 0x0000, 0x0000, 0x0000, 0x0000, 0x0000, 0x0000, 0x0000, 0x0000, 0x0000, 0x0000, 0x0000, 0x0000, 0x0000, 0x0000, 0x0000,
  0x0000, 0x0000, 0x0000, 0x0000, 0x0000, 0x0000, 0x0000, 0x0000, 0x0000, 0x0000, 0x0000, 0x0000, 0x0000, 0x0000, 0x0000, 0x0000,
  0x0000, 0x0000, 0x0000, 0x0000, 0x0000, 0x0000, 0x0000, 0x0000, 0x0000, 0x0000, 0x0000, 0x0000, 0x0000, 0x0000, 0x0000, 0x0000,
  0x0000, 0x0000, 0x0000, 0x0000, 0x0020, 0x0841, 0x0020, 0x0041, 0x0841, 0x1082, 0x0841, 0x0861, 0x0841, 0x0020, 0x0041, 0x0021,
  0x0021, 0x0841, 0x0861, 0x0861, 0x0882, 0x0861, 0x0882, 0x0882, 0x0041, 0x0841, 0x0041, 0x0041, 0x0020, 0x0000, 0x0020, 0x0021,
  0x0000, 0x0020, 0x0020, 0x0841, 0x2145, 0x4249, 0x2145, 0x2145, 0x2966, 0x3A29, 0x632D, 0x3A29, 0x1904, 0x2125, 0x0882, 0x0862,
  0x2125, 0x634D, 0xCE59, 0x5ACB, 0x39E7, 0x52AB, 0x52CB, 0x39E8, 0x3A08, 0x52AB, 0x5B0C, 0x4229, 0x31C7, 0x1904, 0x4229, 0x4A69,
  0x28A1, 0x2840, 0x0021, 0x0041, 0x0861, 0x1082, 0x0041, 0x0041, 0x0861, 0x0882, 0x1082, 0x0861, 0x0861, 0x0020, 0x0861, 0x0041,
  0x0020, 0x0021, 0x0861, 0x0020, 0x0020, 0x0000, 0x0000, 0x0041, 0x3A08, 0x634D, 0x2145, 0x0000, 0x0020, 0x0041, 0x0862, 0x18E4,
  0x1904, 0x2145, 0x10E3, 0x2145, 0x2966, 0x0882, 0x2145, 0x1925, 0x0862, 0x10C3, 0x2145, 0x2145, 0x10A3, 0x1082, 0x1061, 0x0862,
  0x0882, 0x0861, 0x0841, 0x0020, 0x0020, 0x0000, 0x0000, 0x0000, 0x0000, 0x0000, 0x0041, 0x10A3, 0x10C3, 0x2125, 0x2987, 0x3A08,
  0x31C7, 0x31A6, 0x31C7, 0x5AEC, 0x4A8A, 0x4A8A, 0x3A08, 0x39E8, 0x3A08, 0x18E3, 0x3A08, 0x52AB, 0x39E8, 0x4229, 0x4229, 0x4249,
  0x39E8, 0x18E4, 0x18C3, 0x2125, 0x2125, 0x2145, 0x18E4, 0x0861, 0x0861, 0x1082, 0x0021, 0x0882, 0x0882, 0x0841, 0x0861, 0x0882,
  0x0861, 0x1082, 0x1082, 0x0841, 0x0020, 0x0020, 0x0020, 0x0841, 0x0020, 0x0000, 0x0020, 0x0841, 0x0000, 0x0000, 0x0000, 0x0000,
  0x0000, 0x0000, 0x0000, 0x0000, 0x0000, 0x0000, 0x0000, 0x0000, 0x0000, 0x0000, 0x0000, 0x0000, 0x0000, 0x0000, 0x0000, 0x0000,
  0x0000, 0x0000, 0x0000, 0x0000, 0x0000, 0x0000, 0x0000, 0x0000, 0x0000, 0x0000, 0x0000, 0x0000, 0x0000, 0x0000, 0x0000, 0x0000,
  0x0000, 0x0000, 0x0000, 0x0000, 0x0000, 0x0000, 0x0000, 0x0000, 0x0000, 0x0000, 0x0000, 0x0000, 0x0000, 0x0000, 0x0000, 0x0000,
  0x0000, 0x0000, 0x0000, 0x0000, 0x0000, 0x0000, 0x0000, 0x0000, 0x0000, 0x0000, 0x0000, 0x0000, 0x0000, 0x0000, 0x0000, 0x0000,
  0x0000, 0x0000, 0x0000, 0x0020, 0x0841, 0x0020, 0x0020, 0x0041, 0x0041, 0x0841, 0x0041, 0x0841, 0x0041, 0x0041, 0x0020, 0x0021,
  0x0041, 0x0041, 0x0862, 0x0862, 0x0861, 0x0041, 0x0000, 0x0020, 0x0000, 0x0021, 0x0041, 0x0021, 0x0841, 0x0861, 0x0861, 0x0862,
  0x0882, 0x18E4, 0x10C3, 0x2986, 0x52EC, 0x2945, 0x0861, 0x2145, 0x4A8A, 0x7C10, 0x634D, 0x2145, 0x18E4, 0x2125, 0x0882, 0x10C3,
  0x6B6E, 0xAD75, 0x7BF0, 0x3A08, 0x4249, 0x634D, 0x2986, 0x3A08, 0x6B8E, 0x632C, 0x2986, 0x52AB, 0x3A08, 0x4229, 0x5B0C, 0x2125,
  0x10C3, 0x0061, 0x0841, 0x0861, 0x1082, 0x0882, 0x0841, 0x0841, 0x0882, 0x0841, 0x0861, 0x0861, 0x0041, 0x0020, 0x0040, 0x0041,
  0x0020, 0x0041, 0x0841, 0x0020, 0x0020, 0x0020, 0x0000, 0x18E3, 0x4A8A, 0x73AF, 0x18E3, 0x0000, 0x0021, 0x0041, 0x10A2, 0x10E3,
  0x18E4, 0x2125, 0x3A08, 0x2125, 0x0882, 0x18E4, 0x2166, 0x08A3, 0x1904, 0x2125, 0x2124, 0x10C3, 0x0041, 0x6225, 0x4184, 0x0882,
  0x0861, 0x0021, 0x0020, 0x0020, 0x0000, 0x0000, 0x0000, 0x0000, 0x0000, 0x0041, 0x10A3, 0x18E4, 0x2145, 0x39E8, 0x4A8B, 0x4A8B,
  0x8451, 0x632D, 0x8431, 0x73AF, 0x4A8A, 0x4229, 0x39E7, 0x4229, 0x39E8, 0x3A08, 0x2986, 0x31C7, 0x3A08, 0x31A7, 0x2965, 0x18E4,
  0x18E3, 0x10A2, 0x1082, 0x2903, 0x20C2, 0x10A2, 0x1082, 0x1082, 0x10A2, 0x10C2, 0x1082, 0x18C3, 0x10A2, 0x0861, 0x10A2, 0x10A2,
  0x0841, 0x0841, 0x0041, 0x0841, 0x0861, 0x0841, 0x0040, 0x0020, 0x0020, 0x0020, 0x0000, 0x0000, 0x0841, 0x0000, 0x0000, 0x0000,
  0x0000, 0x0000, 0x0000, 0x0000, 0x0000, 0x0000, 0x0000, 0x0000, 0x0000, 0x0000, 0x0000, 0x0000, 0x0000, 0x0000, 0x0000, 0x0000,
  0x0000, 0x0000, 0x0000, 0x0000, 0x0000, 0x0000, 0x0000, 0x0000, 0x0000, 0x0000, 0x0000, 0x0000, 0x0000, 0x0000, 0x0000, 0x0000,
  0x0000, 0x0000, 0x0000, 0x0000, 0x0000, 0x0000, 0x0000, 0x0000, 0x0000, 0x0000, 0x0000, 0x0000, 0x0000, 0x0000, 0x0000, 0x0000,
  0x0000, 0x0000, 0x0000, 0x0000, 0x0000, 0x0000, 0x0000, 0x0000, 0x0000, 0x0000, 0x0000, 0x0000, 0x0000, 0x0000, 0x0000, 0x0000,
  0x0000, 0x0000, 0x0000, 0x0020, 0x0020, 0x0020, 0x0020, 0x0041, 0x0020, 0x0041, 0x0020, 0x0021, 0x0041, 0x0021, 0x0021, 0x0841,
  0x0020, 0x0000, 0x0000, 0x0041, 0x10A2, 0x2145, 0x39E8, 0x4249, 0x5B0C, 0x6B8E, 0x52CB, 0x52AB, 0x5AEC, 0x31E7, 0x630C, 0x9CD4,
  0x94D3, 0x73AF, 0x4A6A, 0x2966, 0x1904, 0x0882, 0x0861, 0x2124, 0x634D, 0x6BAF, 0x5AEC, 0x4229, 0x2124, 0x0882, 0x1082, 0x5B0C,
  0xD6DB, 0x632D, 0x2965, 0x31C7, 0x4A6A, 0x31A7, 0x39C7, 0x8431, 0x634D, 0x31C7, 0x29A6, 0x3A08, 0x52AA, 0x4229, 0x2125, 0x1904,
  0x10C3, 0x0862, 0x0861, 0x0861, 0x0841, 0x0041, 0x0021, 0x0862, 0x0882, 0x0861, 0x0841, 0x0861, 0x0840, 0x5163, 0x0841, 0x0021,
  0x0020, 0x0021, 0x0020, 0x0000, 0x0020, 0x0020, 0x0000, 0x2986, 0x5ACB, 0x6B6E, 0x1082, 0x0020, 0x0041, 0x0862, 0x1904, 0x10A3,
  0x10A3, 0x2166, 0x2166, 0x10C3, 0x2125, 0x1904, 0x2125, 0x2166, 0x31A7, 0x2124, 0x10A3, 0x0021, 0x10A3, 0x20E3, 0x20E3, 0x0861,
  0x0020, 0x0020, 0x0020, 0x0000, 0x0000, 0x0000, 0x0000, 0x0021, 0x10A2, 0x10C3, 0x1904, 0x2166, 0x31C7, 0x634D, 0x636E, 0x632D,
  0x5B0C, 0x5B0C, 0x738E, 0x5B0C, 0x632D, 0x52CC, 0x4A8A, 0x3A08, 0x4A6A, 0x31A7, 0x2966, 0x18E3, 0x18E3, 0x0862, 0x0000, 0x1082,
  0x18E3, 0x0882, 0x3102, 0xCC07, 0x6982, 0x0041, 0x0861, 0x1082, 0x10A2, 0x0041, 0x10A2, 0x0861, 0x0862, 0x0861, 0x0861, 0x0841,
  0x0041, 0x0041, 0x0861, 0x0861, 0x0841, 0x0840, 0x0020, 0x0000, 0x0020, 0x0020, 0x0020, 0x0020, 0x0020, 0x0020, 0x0000, 0x0000,
  0x0000, 0x0000, 0x0000, 0x0000, 0x0000, 0x0000, 0x0000, 0x0000, 0x0000, 0x0000, 0x0000, 0x0000, 0x0000, 0x0000, 0x0000, 0x0000,
  0x0000, 0x0000, 0x0000, 0x0000, 0x0000, 0x0000, 0x0000, 0x0000, 0x0000, 0x0000, 0x0000, 0x0000, 0x0000, 0x0000, 0x0000, 0x0000,
  0x0000, 0x0000, 0x0000, 0x0000, 0x0000, 0x0000, 0x0000, 0x0000, 0x0000, 0x0000, 0x0000, 0x0000, 0x0000, 0x0000, 0x0000, 0x0000,
  0x0000, 0x0000, 0x0000, 0x0000, 0x0000, 0x0000, 0x0000, 0x0000, 0x0000, 0x0000, 0x0000, 0x0000, 0x0000, 0x0000, 0x0000, 0x0000,
  0x0000, 0x0000, 0x0020, 0x0000, 0x0020, 0x0000, 0x0020, 0x0021, 0x0021, 0x0841, 0x0021, 0x0020, 0x0021, 0x0041, 0x0020, 0x0000,
  0x0000, 0x1082, 0x3A08, 0x6B6D, 0x8451, 0x7BF0, 0x8C52, 0x9CF4, 0x8C72, 0x7BF0, 0x8431, 0x5AEC, 0x4228, 0x6B8E, 0x94D3, 0x8C92,
  0x630C, 0x31C7, 0x18E3, 0x10E3, 0x10C3, 0x10C3, 0x1082, 0x5B0C, 0x634D, 0x3A08, 0x2145, 0x1904, 0x18E3, 0x0841, 0x2966, 0x94B3,
  0x634D, 0x4A6A, 0x31E7, 0x31C7, 0x31A7, 0x3A08, 0x634D, 0x5ACB, 0x39E8, 0x31A7, 0x4229, 0x630C, 0x632D, 0x1904, 0x18E4, 0x1904,
  0x10A3, 0x0862, 0x0882, 0x0841, 0x0041, 0x0041, 0x0020, 0x0041, 0x0041, 0x0861, 0x0882, 0x0861, 0x0861, 0x2081, 0x0841, 0x0020,
  0x0020, 0x0020, 0x0020, 0x0000, 0x0021, 0x0000, 0x18C3, 0x4A6A, 0x5B0C, 0x634D, 0x0020, 0x0020, 0x0041, 0x08A3, 0x1905, 0x2166,
  0x10C3, 0x10A3, 0x10C3, 0x2166, 0x1925, 0x1904, 0x2145, 0x1925, 0x10A3, 0x10A3, 0x0021, 0x0841, 0x10A2, 0x10A2, 0x10A2, 0x1041,
  0x1020, 0x0000, 0x0000, 0x0000, 0x0000, 0x0000, 0x0020, 0x10C3, 0x18E4, 0x2145, 0x39E8, 0x4A6A, 0x52CC, 0x52CB, 0x5AEC, 0x5B0C,
  0x4249, 0x5B0C, 0x634E, 0x738E, 0x52CB, 0x2945, 0x2966, 0x2986, 0x2145, 0x18E4, 0x10A3, 0x0041, 0x0862, 0x1904, 0x18C3, 0x1904,
  0x10C3, 0x10C3, 0x18A2, 0x4921, 0x30C2, 0x0882, 0x0882, 0x0882, 0x0882, 0x0861, 0x0041, 0x0041, 0x0041, 0x0020, 0x0841, 0x0041,
  0x0861, 0x0861, 0x0841, 0x0020, 0x0020, 0x0020, 0x0020, 0x0020, 0x0020, 0x0020, 0x0020, 0x0020, 0x0000, 0x0020, 0x0020, 0x0000,
  0x0000, 0x0000, 0x0000, 0x0000, 0x0000, 0x0000, 0x0000, 0x0000, 0x0000, 0x0000, 0x0000, 0x0000, 0x0000, 0x0000, 0x0000, 0x0000,
  0x0000, 0x0000, 0x0000, 0x0000, 0x0000, 0x0000, 0x0000, 0x0000, 0x0000, 0x0000, 0x0000, 0x0000, 0x0000, 0x0000, 0x0000, 0x0000,
  0x0000, 0x0000, 0x0000, 0x0000, 0x0000, 0x0000, 0x0000, 0x0000, 0x0000, 0x0000, 0x0000, 0x0000, 0x0000, 0x0000, 0x0000, 0x0000,
  0x0000, 0x0000, 0x0000, 0x0000, 0x0000, 0x0000, 0x0000, 0x0000, 0x0000, 0x0000, 0x0000, 0x0000, 0x0000, 0x0000, 0x0000, 0x0000,
  0x0000, 0x0020, 0x0000, 0x0000, 0x0020, 0x0020, 0x0020, 0x0020, 0x0020, 0x0041, 0x0041, 0x0020, 0x0000, 0x0000, 0x0841, 0x2945,
  0x5B0C, 0x8C72, 0xA555, 0xC639, 0xCE59, 0x94D3, 0x73AF, 0x73AF, 0x8C71, 0x8451, 0x8431, 0x7BEF, 0x7BF0, 0x73CF, 0x4A6A, 0x0000,
  0x0000, 0x2125, 0x4229, 0x39E8, 0x2145, 0x0882, 0x10C3, 0x1904, 0x2986, 0x2986, 0x1904, 0x2986, 0x18E3, 0x0862, 0x6B6E, 0x3A08,
  0x2986, 0x3A08, 0x31A7, 0x31A7, 0x4249, 0x7BF0, 0x31C7, 0x4229, 0x3A08, 0x6B8E, 0xACD1, 0x6B4C, 0x2125, 0x10A2, 0x1904, 0x1904,
  0x0861, 0x0041, 0x0861, 0x0861, 0x0041, 0x0041, 0x0862, 0x0041, 0x0862, 0x0862, 0x0882, 0x0041, 0x0041, 0x0041, 0x0020, 0x0020,
  0x0020, 0x0020, 0x0020, 0x0020, 0x0021, 0x0000, 0x31A7, 0x4A6A, 0x6B8E, 0x4208, 0x0841, 0x0020, 0x0041, 0x08A2, 0x10E4, 0x10E4,
  0x10A3, 0x1905, 0x2145, 0x1904, 0x2987, 0x2166, 0x10C3, 0x0882, 0x18E4, 0x18E4, 0x10A3, 0x18E3, 0x18E3, 0x1081, 0x0841, 0x1840,
  0x1020, 0x0000, 0x0000, 0x0000, 0x0000, 0x0861, 0x10A3, 0x18E4, 0x39E8, 0x6B8E, 0x5AEC, 0x4A8A, 0x4A6A, 0x4A6A, 0x52AB, 0x5B2D,
  0x8C72, 0x5ACB, 0x41A6, 0x2924, 0x18E3, 0x2945, 0x2145, 0x18E3, 0x10A2, 0x0000, 0x59E4, 0x9B47, 0x20A1, 0x1904, 0x10A2, 0x10C3,
  0x18C3, 0x18E3, 0x1082, 0x0882, 0x0882, 0x10A2, 0x0882, 0x0861, 0x0841, 0x0020, 0x0841, 0x0841, 0x0861, 0x0861, 0x1082, 0x0861,
  0x0041, 0x0040, 0x0040, 0x0040, 0x0841, 0x0841, 0x0020, 0x0020, 0x0020, 0x0020, 0x0020, 0x0020, 0x0020, 0x0000, 0x0000, 0x0020,
  0x0000, 0x0000, 0x0000, 0x0000, 0x0000, 0x0000, 0x0000, 0x0000, 0x0000, 0x0000, 0x0000, 0x0000, 0x0000, 0x0000, 0x0000, 0x0000,
  0x0000, 0x0000, 0x0000, 0x0000, 0x0000, 0x0000, 0x0000, 0x0000, 0x0000, 0x0000, 0x0000, 0x0000, 0x0000, 0x0000, 0x0000, 0x0000,
  0x0000, 0x0000, 0x0000, 0x0000, 0x0000, 0x0000, 0x0000, 0x0000, 0x0000, 0x0000, 0x0000, 0x0000, 0x0000, 0x0000, 0x0000, 0x0000,
  0x0000, 0x0000, 0x0000, 0x0000, 0x0000, 0x0000, 0x0000, 0x0000, 0x0000, 0x0000, 0x0000, 0x0000, 0x0000, 0x0000, 0x0000, 0x0000,
  0x0020, 0x0000, 0x0000, 0x0000, 0x0000, 0x0020, 0x0020, 0x0020, 0x0041, 0x0021, 0x0000, 0x0000, 0x2104, 0x4208, 0x634D, 0x94B3,
  0xAD55, 0xCE9A, 0xB5B6, 0x94B3, 0xA535, 0xA514, 0xAD55, 0xCE7A, 0xDEDB, 0xE71C, 0xFFDF, 0xFFFF, 0xDEFB, 0xC659, 0x7BEF, 0x4A8A,
  0x528A, 0x2124, 0x2124, 0x2124, 0x2124, 0x0041, 0x0020, 0x2986, 0x18E4, 0x2966, 0x2125, 0x2966, 0x0882, 0x3A29, 0x4A8A, 0x4A8A,
  0x31E7, 0x1904, 0x2145, 0x4229, 0x634D, 0x4A6A, 0x39E8, 0x4229, 0x4AAA, 0x9CB2, 0x4A27, 0x10A2, 0x2166, 0x18E3, 0x2145, 0x0861,
  0x0041, 0x0861, 0x0882, 0x0861, 0x0041, 0x0041, 0x0882, 0x0862, 0x0861, 0x0882, 0x0041, 0x0020, 0x0041, 0x0841, 0x0041, 0x0020,
  0x0020, 0x0021, 0x0021, 0x0041, 0x0000, 0x0861, 0x31A7, 0x7C10, 0x9CF4, 0x1904, 0x0041, 0x0020, 0x0861, 0x0882, 0x10A3, 0x10C3,
  0x2145, 0x2145, 0x2166, 0x29A7, 0x29A7, 0x1904, 0x10A3, 0x10C3, 0x18E4, 0x2104, 0x20E3, 0x2924, 0x0841, 0x0020, 0x0820, 0x0820,
  0x0000, 0x0000, 0x0000, 0x0000, 0x0041, 0x10C3, 0x2986, 0x424A, 0x5B0D, 0x4A8A, 0x3A08, 0x424A, 0x4A8A, 0x4A8A, 0x6B6E, 0x634D,
  0x39E8, 0x4963, 0xD4ED, 0x92C6, 0x18C3, 0x18E3, 0x0841, 0x0861, 0x10A3, 0x1082, 0x5142, 0x79A2, 0x2081, 0x1082, 0x10A2, 0x0861,
  0x10A2, 0x10A2, 0x0861, 0x10A2, 0x0841, 0x0841, 0x0000, 0x0020, 0x0841, 0x0861, 0x0862, 0x18C2, 0x2903, 0x0861, 0x0041, 0x0861,
  0x0861, 0x0861, 0x0861, 0x0861, 0x0841, 0x0040, 0x0020, 0x0020, 0x0020, 0x0020, 0x0020, 0x0000, 0x0000, 0x0000, 0x0000, 0x0000,
  0x0020, 0x0000, 0x0000, 0x0000, 0x0000, 0x0000, 0x0000, 0x0000, 0x0000, 0x0000, 0x0000, 0x0000, 0x0000, 0x0000, 0x0000, 0x0000,
  0x0000, 0x0000, 0x0000, 0x0000, 0x0000, 0x0000, 0x0000, 0x0000, 0x0000, 0x0000, 0x0000, 0x0000, 0x0000, 0x0000, 0x0000, 0x0000,
  0x0000, 0x0000, 0x0000, 0x0000, 0x0000, 0x0000, 0x0000, 0x0000, 0x0000, 0x0000, 0x0000, 0x0000, 0x0000, 0x0000, 0x0000, 0x0000,
  0x0000, 0x0000, 0x0000, 0x0000, 0x0000, 0x0000, 0x0000, 0x0000, 0x0000, 0x0000, 0x0000, 0x0000, 0x0000, 0x0000, 0x0020, 0x0020,
  0x0000, 0x0000, 0x0000, 0x0000, 0x0000, 0x0020, 0x0020, 0x0020, 0x0000, 0x0000, 0x2125, 0x528A, 0x6B4D, 0xA534, 0xBE18, 0x8410,
  0x738E, 0xAD55, 0x9D14, 0xCE7A, 0xF79E, 0xEF7D, 0xF7BF, 0xEF5D, 0xDF1C, 0xCE79, 0xC639, 0xA514, 0x4A69, 0x39E8, 0x4249, 0x5AEC,
  0x73AE, 0x4A6A, 0x18E3, 0x2124, 0x1082, 0x0020, 0x10A2, 0x39E8, 0x2966, 0x1904, 0x0020, 0x0021, 0x73AF, 0xB596, 0x634D, 0x4A6A,
  0x2166, 0x1904, 0x39E8, 0x52AB, 0x31C7, 0x2986, 0x7C10, 0x7BF0, 0x4249, 0x3A29, 0x1925, 0x4A8A, 0x2986, 0x0882, 0x0882, 0x0862,
  0x0861, 0x0882, 0x0841, 0x0020, 0x0021, 0x0841, 0x0861, 0x0041, 0x0041, 0x0041, 0x0020, 0x0041, 0x0841, 0x0861, 0x0020, 0x0000,
  0x0041, 0x0021, 0x0020, 0x0020, 0x0000, 0x2125, 0x29A7, 0x6B8E, 0x8C92, 0x10A2, 0x0020, 0x0020, 0x0882, 0x10A3, 0x10A3, 0x2146,
  0x2125, 0x2986, 0x29A7, 0x10C3, 0x10C3, 0x31C7, 0x1904, 0x20E3, 0xB345, 0xB326, 0x28E3, 0x1081, 0x0820, 0x0820, 0x1020, 0x0000,
  0x0000, 0x0000, 0x0000, 0x0841, 0x1904, 0x2986, 0x39E8, 0x4249, 0x2166, 0x2145, 0x4A6A, 0x73D0, 0x8C92, 0x5AEB, 0x31A6, 0x2104,
  0x18E4, 0x3964, 0x7204, 0x5143, 0x10A2, 0x1082, 0x18E3, 0x10A2, 0x1082, 0x1061, 0x0841, 0x0821, 0x0861, 0x1082, 0x10A2, 0x0861,
  0x0861, 0x0841, 0x0841, 0x0861, 0x0020, 0x0020, 0x0041, 0x0861, 0x0862, 0x0882, 0x0861, 0x3923, 0x1881, 0x0841, 0x0841, 0x0841,
  0x0881, 0x0861, 0x0841, 0x0040, 0x0841, 0x0841, 0x0020, 0x0020, 0x0020, 0x0000, 0x0000, 0x0000, 0x0000, 0x0000, 0x0000, 0x0000,
  0x0000, 0x0000, 0x0000, 0x0000, 0x0000, 0x0000, 0x0000, 0x0000, 0x0000, 0x0000, 0x0000, 0x0000, 0x0000, 0x0000, 0x0000, 0x0000,
  0x0000, 0x0000, 0x0000, 0x0000, 0x0000, 0x0000, 0x0000, 0x0000, 0x0000, 0x0000, 0x0000, 0x0000, 0x0000, 0x0000, 0x0000, 0x0000,
  0x0000, 0x0000, 0x0000, 0x0000, 0x0000, 0x0000, 0x0000, 0x0000, 0x0000, 0x0000, 0x0000, 0x0000, 0x0000, 0x0000, 0x0000, 0x0000,
  0x0000, 0x0000, 0x0000, 0x0000, 0x0000, 0x0000, 0x0000, 0x0000, 0x0000, 0x0000, 0x0000, 0x0000, 0x0000, 0x10A2, 0x0861, 0x0000,
  0x0000, 0x0000, 0x0000, 0x0000, 0x0000, 0x0020, 0x0000, 0x0000, 0x2125, 0x630C, 0x630C, 0x7BCF, 0xAD55, 0xB5B6, 0x73AE, 0x73AE,
  0x9492, 0xCE59, 0xF7BE, 0xEF5D, 0xEF7E, 0xCE79, 0xAD76, 0xBDF7, 0xD6BB, 0xDEDB, 0x7BCF, 0x1904, 0x39E7, 0xAD76, 0x94D3, 0x7BCF,
  0x5ACB, 0x4A49, 0x39E8, 0x2145, 0x0020, 0x0861, 0x2125, 0x0861, 0x0841, 0x0020, 0x0862, 0x0882, 0x7BEF, 0x8C92, 0x2125, 0x29A7,
  0x4249, 0x634D, 0x4AAB, 0x18E3, 0x4249, 0x7BEF, 0x5B0C, 0x4249, 0x636D, 0x4A6A, 0x632C, 0x4229, 0x0882, 0x10A3, 0x10C3, 0x0882,
  0x0882, 0x0041, 0x0041, 0x0041, 0x0041, 0x0041, 0x0020, 0x0041, 0x0861, 0x0021, 0x0020, 0x0041, 0x0861, 0x0021, 0x0000, 0x0041,
  0x0041, 0x0020, 0x0000, 0x0000, 0x0021, 0x2987, 0x4A6A, 0x9D14, 0x630D, 0x0861, 0x0000, 0x0041, 0x10A3, 0x10A3, 0x10C3, 0x2125,
  0x2966, 0x2125, 0x10C3, 0x10C3, 0x2166, 0x2145, 0x18E4, 0x2924, 0x5921, 0x48C0, 0x1061, 0x0841, 0x1040, 0x1840, 0x0000, 0x0000,
  0x0000, 0x0000, 0x10A3, 0x1904, 0x2145, 0x2125, 0x2125, 0x52AB, 0x52CB, 0x632D, 0x630C, 0x8430, 0x52AA, 0x18E3, 0x18C3, 0x0841,
  0x0841, 0x2145, 0x18E4, 0x0882, 0x1082, 0x18E3, 0x1082, 0x0841, 0x0020, 0x0861, 0x10A2, 0x1082, 0x1082, 0x1082, 0x0861, 0x0841,
  0x0020, 0x0020, 0x0841, 0x0861, 0x0861, 0x0862, 0x0882, 0x0882, 0x0882, 0x0861, 0x0861, 0x0041, 0x0041, 0x0861, 0x0881, 0x0861,
  0x0040, 0x0020, 0x0841, 0x0040, 0x0841, 0x0020, 0x0020, 0x0020, 0x0000, 0x0000, 0x0000, 0x0000, 0x0000, 0x0000, 0x0000, 0x0000,
  0x0000, 0x0000, 0x0000, 0x0000, 0x0000, 0x0000, 0x0000, 0x0000, 0x0000, 0x0000, 0x0000, 0x0000, 0x0000, 0x0000, 0x0000, 0x0000,
  0x0000, 0x0000, 0x0000, 0x0000, 0x0000, 0x0000, 0x0000, 0x0000, 0x0000, 0x0000, 0x0000, 0x0000, 0x0000, 0x0000, 0x0000, 0x0000,
  0x0000, 0x0000, 0x0000, 0x0000, 0x0000, 0x0000, 0x0000, 0x0000, 0x0000, 0x0000, 0x0000, 0x0000, 0x0000, 0x0000, 0x0000, 0x0000,
  0x0000, 0x0000, 0x0000, 0x0000, 0x0000, 0x0000, 0x0000, 0x0000, 0x0000, 0x0000, 0x0000, 0x0000, 0x0020, 0x0861, 0x0000, 0x0020,
  0x0000, 0x0000, 0x0000, 0x0000, 0x0000, 0x0000, 0x1082, 0x4A69, 0x632D, 0x6B6D, 0x94D3, 0xAD55, 0x8451, 0x7BEF, 0x9CD3, 0x8C92,
  0xBDF8, 0xFFDF, 0xE73C, 0xBDF7, 0xB596, 0x9D14, 0xAD96, 0xAD76, 0xDEDB, 0xBE18, 0x7C10, 0x4A6A, 0x5B0C, 0x3A08, 0x1082, 0x0861,
  0x0881, 0x0020, 0x0041, 0x0861, 0x0861, 0x10A2, 0x0861, 0x0040, 0x0000, 0x0882, 0x2166, 0x0882, 0x7BF0, 0x4A8A, 0x2125, 0x3A08,
  0x4249, 0x5B0C, 0x52CB, 0x3A08, 0x4A8A, 0x31A7, 0x2125, 0x4A6A, 0x8430, 0x634D, 0x31A7, 0x10C3, 0x10A3, 0x10A3, 0x10E4, 0x10C3,
  0x10C3, 0x0882, 0x0862, 0x0862, 0x0041, 0x0041, 0x0041, 0x0861, 0x0041, 0x0041, 0x0041, 0x0041, 0x0841, 0x0000, 0x0020, 0x0041,
  0x0021, 0x0020, 0x0000, 0x0000, 0x2145, 0x29A7, 0x8C51, 0xCE79, 0x2986, 0x0861, 0x0000, 0x0841, 0x10A2, 0x08A2, 0x10A3, 0x2166,
  0x2166, 0x1904, 0x2966, 0x2166, 0x18E4, 0x18E3, 0x2145, 0x2124, 0x0882, 0x0861, 0x0840, 0x1040, 0x2040, 0x0800, 0x0000, 0x0000,
  0x0000, 0x0862, 0x1904, 0x10C3, 0x2125, 0x31A7, 0x4A6A, 0x634D, 0x7C10, 0x7BEF, 0x2945, 0x2104, 0x0861, 0x1082, 0x1904, 0x18E3,
  0x3186, 0x2124, 0x0861, 0x0861, 0x18C2, 0x0020, 0x0000, 0x0020, 0x0020, 0x0841, 0x1082, 0x10A2, 0x0861, 0x0841, 0x0020, 0x0020,
  0x0841, 0x0861, 0x0882, 0x0882, 0x0861, 0x0861, 0x0841, 0x0040, 0x0861, 0x0861, 0x0861, 0x0861, 0x0841, 0x0841, 0x0841, 0x0841,
  0x0861, 0x0861, 0x0841, 0x0020, 0x0020, 0x0020, 0x0020, 0x0000, 0x0000, 0x0000, 0x0000, 0x0000, 0x0000, 0x0000, 0x0000, 0x0000,
  0x0000, 0x0000, 0x0000, 0x0000, 0x0000, 0x0000, 0x0000, 0x0000, 0x0000, 0x0000, 0x0000, 0x0000, 0x0000, 0x0000, 0x0000, 0x0000,
  0x0000, 0x0000, 0x0000, 0x0000, 0x0000, 0x0000, 0x0000, 0x0000, 0x0000, 0x0000, 0x0000, 0x0000, 0x0000, 0x0000, 0x0000, 0x0000,
  0x0000, 0x0000, 0x0000, 0x0000, 0x0000, 0x0000, 0x0000, 0x0000, 0x0000, 0x0000, 0x0000, 0x0000, 0x0000, 0x0000, 0x0000, 0x0000,
  0x0000, 0x0000, 0x0000, 0x0000, 0x0000, 0x0000, 0x0000, 0x0000, 0x0000, 0x0000, 0x0000, 0x0020, 0x0861, 0x0000, 0x0000, 0x0000,
  0x0020, 0x0000, 0x0000, 0x0000, 0x0020, 0x31A6, 0x5B0C, 0x630C, 0x73CF, 0xBDD7, 0x94B3, 0x7BF0, 0xB596, 0x8431, 0x8431, 0xCE59,
  0xEF7D, 0xDEFC, 0xAD96, 0xAD76, 0xC659, 0xAD76, 0x73AF, 0x4A6A, 0x5AEC, 0x632D, 0x4A6A, 0x4A8A, 0x31A6, 0x0861, 0x0861, 0x10A2,
  0x10C3, 0x0881, 0x0861, 0x0861, 0x0861, 0x0841, 0x0841, 0x0020, 0x0020, 0x0861, 0x39E8, 0x8431, 0x6B6E, 0x31C7, 0x52EC, 0x3A08,
  0x39E8, 0x31C7, 0x4A8A, 0x4249, 0x29A7, 0x3A08, 0x4A6A, 0x8C92, 0x4249, 0x31A7, 0x39E8, 0x18E4, 0x1925, 0x10C3, 0x2125, 0x0862,
  0x0882, 0x0862, 0x0882, 0x0861, 0x0041, 0x0841, 0x0861, 0x0041, 0x0041, 0x0041, 0x0841, 0x0861, 0x0020, 0x0000, 0x0041, 0x0020,
  0x0021, 0x0000, 0x0000, 0x0862, 0x3A08, 0x52CC, 0x9CF3, 0x94D3, 0x10A2, 0x0020, 0x0020, 0x10A2, 0x0862, 0x0862, 0x0882, 0x2986,
  0x2125, 0x2125, 0x2987, 0x2104, 0x18C3, 0x2104, 0x2966, 0x2103, 0x1061, 0x0820, 0x1040, 0x3081, 0x1000, 0x0000, 0x0000, 0x0000,
  0x0041, 0x10A3, 0x18E4, 0x2966, 0x52AB, 0x424A, 0x4249, 0x632D, 0x6B6E, 0x634D, 0x31A7, 0x0040, 0x0841, 0x2945, 0x2965, 0x31A6,
  0x18C3, 0x0000, 0x0841, 0x0020, 0x0020, 0x0020, 0x0861, 0x0881, 0x1082, 0x10A2, 0x10A2, 0x0861, 0x0020, 0x0020, 0x0841, 0x1081,
  0x1082, 0x0861, 0x0841, 0x0841, 0x0841, 0x0841, 0x0841, 0x0861, 0x0861, 0x0861, 0x0861, 0x0841, 0x0861, 0x0861, 0x0841, 0x0841,
  0x0861, 0x0841, 0x0841, 0x0020, 0x0020, 0x0000, 0x0000, 0x0000, 0x0000, 0x0000, 0x0000, 0x0000, 0x0000, 0x0000, 0x0020, 0x0000,
  0x0020, 0x0020, 0x0020, 0x0020, 0x0020, 0x0000, 0x0000, 0x0000, 0x0000, 0x0000, 0x0000, 0x0000, 0x0000, 0x0000, 0x0000, 0x0000,
  0x0000, 0x0000, 0x0000, 0x0000, 0x0000, 0x0000, 0x0000, 0x0000, 0x0000, 0x0000, 0x0000, 0x0000, 0x0000, 0x0000, 0x0000, 0x0000,
  0x0000, 0x0000, 0x0000, 0x0000, 0x0000, 0x0000, 0x0000, 0x0000, 0x0000, 0x0000, 0x0000, 0x0000, 0x0000, 0x0000, 0x0000, 0x0000,
  0x0000, 0x0000, 0x0000, 0x0000, 0x0000, 0x0000, 0x0000, 0x0000, 0x0000, 0x0000, 0x0000, 0x0841, 0x0000, 0x0020, 0x0000, 0x0000,
  0x0020, 0x0000, 0x0000, 0x10A2, 0x4228, 0x52AA, 0x634D, 0x8C71, 0x9D14, 0x73CF, 0x9CF4, 0xAD76, 0x634D, 0x9CF4, 0xCE7A, 0xAD76,
  0xBE18, 0x9CF4, 0x94B3, 0xAD76, 0x6B8E, 0x4A49, 0x2986, 0x6B6D, 0x7BF0, 0x4228, 0x18E4, 0x0841, 0x0841, 0x10A2, 0x10C3, 0x1082,
  0x1082, 0x0881, 0x0861, 0x0861, 0x0020, 0x0020, 0x0020, 0x0041, 0x0020, 0x52AB, 0x94D3, 0x8C72, 0x426A, 0x5B0C, 0x4269, 0x2145,
  0x39E8, 0x52AB, 0x4249, 0x29A7, 0x4A6A, 0x8431, 0xB5B7, 0x73CF, 0x2966, 0x31C7, 0x2145, 0x10E4, 0x10A3, 0x1904, 0x2125, 0x0041,
  0x0882, 0x0041, 0x0041, 0x0861, 0x0841, 0x0041, 0x0862, 0x0041, 0x0041, 0x0041, 0x0862, 0x0041, 0x0000, 0x0041, 0x0041, 0x0021,
  0x0020, 0x0000, 0x0000, 0x2166, 0x2145, 0x6B6E, 0xB5B7, 0x4249, 0x10A2, 0x0000, 0x0021, 0x0882, 0x0861, 0x10A3, 0x1904, 0x2986,
  0x2966, 0x39E7, 0x2124, 0x2125, 0x2945, 0x20E3, 0x18C2, 0x0020, 0x0820, 0x1841, 0x2841, 0x1000, 0x0000, 0x0000, 0x0000, 0x0020,
  0x0841, 0x0882, 0x2966, 0x4249, 0x424A, 0x2145, 0x2986, 0x39E7, 0x20E3, 0x1061, 0x18C2, 0x18E3, 0x3186, 0x2104, 0x0861, 0x0840,
  0x0020, 0x0861, 0x0861, 0x0841, 0x0861, 0x0861, 0x0861, 0x0861, 0x0841, 0x0840, 0x0820, 0x0020, 0x0841, 0x0841, 0x0861, 0x0841,
  0x0840, 0x0840, 0x0841, 0x0841, 0x0841, 0x0841, 0x0841, 0x0841, 0x0041, 0x0841, 0x0841, 0x0840, 0x0841, 0x0841, 0x0020, 0x0020,
  0x0020, 0x0020, 0x0020, 0x0000, 0x0000, 0x0000, 0x0000, 0x0000, 0x0000, 0x0000, 0x0000, 0x0020, 0x0020, 0x0841, 0x0021, 0x0041,
  0x0041, 0x0041, 0x0021, 0x0041, 0x0841, 0x0000, 0x0000, 0x0000, 0x0000, 0x0000, 0x0000, 0x0000, 0x0000, 0x0000, 0x0000, 0x0000,
  0x0000, 0x0000, 0x0000, 0x0000, 0x0000, 0x0000, 0x0000, 0x0000, 0x0000, 0x0000, 0x0000, 0x0000, 0x0000, 0x0000, 0x0000, 0x0000,
  0x0000, 0x0000, 0x0000, 0x0000, 0x0000, 0x0000, 0x0000, 0x0000, 0x0000, 0x0000, 0x0000, 0x0000, 0x0000, 0x0000, 0x0000, 0x0000,
  0x0000, 0x0000, 0x0000, 0x0000, 0x0000, 0x0000, 0x0000, 0x0000, 0x0000, 0x0000, 0x0862, 0x0020, 0x0020, 0x0020, 0x0000, 0x0020,
  0x0000, 0x0020, 0x2125, 0x4A49, 0x5AEB, 0x8431, 0x9D14, 0x9D14, 0x632D, 0xB5B7, 0x8C92, 0x4249, 0x9CF4, 0xEF7D, 0xAD75, 0x94D3,
  0xCE79, 0x9CF3, 0x3A08, 0x2124, 0x18E4, 0x3A08, 0x6B6E, 0x73AF, 0x2145, 0x10C3, 0x10A2, 0x0882, 0x0882, 0x10A2, 0x10A2, 0x0861,
  0x0861, 0x0861, 0x0040, 0x0000, 0x0000, 0x0000, 0x0041, 0x0041, 0x4229, 0xA535, 0x5B0C, 0x4249, 0x73CF, 0x5B0C, 0x0862, 0x29A6,
  0x52AB, 0x31A7, 0x2986, 0x4249, 0x94D3, 0xD6BA, 0x94B3, 0x4A6A, 0x634D, 0x5AEC, 0x10C3, 0x18E4, 0x2145, 0x1904, 0x0882, 0x1082,
  0x0862, 0x0041, 0x0862, 0x10A3, 0x0841, 0x0041, 0x0861, 0x0841, 0x0020, 0x0861, 0x0861, 0x0000, 0x0020, 0x0041, 0x0020, 0x0021,
  0x0020, 0x0000, 0x0882, 0x31E8, 0x31C7, 0xA535, 0xC639, 0x2966, 0x1082, 0x0000, 0x0041, 0x0861, 0x0862, 0x1904, 0x2145, 0x2966,
  0x2146, 0x5A27, 0x7246, 0x31A7, 0x20A2, 0x1061, 0x0820, 0x0820, 0x1861, 0x1820, 0x0800, 0x0000, 0x0000, 0x0000, 0x0000, 0x0041,
  0x2125, 0x39E8, 0x424A, 0x526A, 0x5AAA, 0x2104, 0x10A2, 0x18A2, 0x18A2, 0x1882, 0x18C3, 0x18A2, 0x1061, 0x0820, 0x0841, 0x1061,
  0x1081, 0x0861, 0x0841, 0x0841, 0x0840, 0x0820, 0x0020, 0x0020, 0x0020, 0x0840, 0x0840, 0x0840, 0x0840, 0x0820, 0x0820, 0x0820,
  0x0000, 0x0020, 0x0820, 0x0820, 0x0820, 0x0820, 0x0820, 0x0020, 0x0820, 0x0020, 0x0020, 0x0020, 0x0020, 0x0020, 0x0020, 0x0020,
  0x0000, 0x0000, 0x0000, 0x0000, 0x0000, 0x0000, 0x0000, 0x0000, 0x0000, 0x0000, 0x0020, 0x0021, 0x0841, 0x0841, 0x0041, 0x0021,
  0x0041, 0x0841, 0x0841, 0x0841, 0x0020, 0x0841, 0x0020, 0x0000, 0x0000, 0x0000, 0x0000, 0x0000, 0x0000, 0x0000, 0x0000, 0x0000,
  0x0000, 0x0000, 0x0000, 0x0000, 0x0000, 0x0000, 0x0000, 0x0000, 0x0000, 0x0000, 0x0000, 0x0000, 0x0000, 0x0000, 0x0000, 0x0000,
  0x0000, 0x0000, 0x0000, 0x0000, 0x0000, 0x0000, 0x0000, 0x0000, 0x0000, 0x0000, 0x0000, 0x0000, 0x0000, 0x0000, 0x0000, 0x0000,
  0x0000, 0x0000, 0x0000, 0x0000, 0x0000, 0x0000, 0x0000, 0x0000, 0x0000, 0x0861, 0x0020, 0x0000, 0x0020, 0x0020, 0x0000, 0x0000,
  0x1082, 0x31A7, 0x52AA, 0x630C, 0x8C92, 0xA535, 0x9492, 0x9492, 0x8C92, 0x630C, 0x7BCF, 0x94B3, 0x94D3, 0xB5D7, 0x94D3, 0x8430,
  0x5AEC, 0x39E8, 0x31C7, 0x1904, 0x1904, 0x4228, 0x39E7, 0x0041, 0x0881, 0x1082, 0x10A2, 0x10A2, 0x0861, 0x1082, 0x0881, 0x0861,
  0x0861, 0x0841, 0x0000, 0x0020, 0x0000, 0x0000, 0x0861, 0x10C3, 0x4249, 0x6B6E, 0x29A7, 0x2145, 0x632D, 0x4229, 0x2986, 0x52CB,
  0x2145, 0x2125, 0x5B0C, 0x8431, 0x9D14, 0x8C72, 0x8431, 0x634D, 0x39E8, 0x18E4, 0x10C3, 0x31E8, 0x2986, 0x10A2, 0x10A2, 0x0882,
  0x0041, 0x0041, 0x0882, 0x0041, 0x0041, 0x08A2, 0x0041, 0x0020, 0x0041, 0x0862, 0x0000, 0x0020, 0x0021, 0x0041, 0x0041, 0x0020,
  0x0000, 0x0041, 0x10C3, 0x2125, 0x5AEC, 0xAD96, 0x634D, 0x18C3, 0x0840, 0x0000, 0x0041, 0x0861, 0x0882, 0x2125, 0x2145, 0x18E4,
  0x41E7, 0x8B28, 0x59E5, 0x20C2, 0x0820, 0x0840, 0x1861, 0x2020, 0x1800, 0x0000, 0x0000, 0x0000, 0x0000, 0x0000, 0x0862, 0x18C4,
  0x31C7, 0x4A8A, 0x6A68, 0xD40B, 0x61C5, 0x1082, 0x20E3, 0x2924, 0x20C2, 0x18A2, 0x18A2, 0x20A1, 0x20A2, 0x20C2, 0x1881, 0x0820,
  0x0020, 0x0800, 0x0820, 0x1020, 0x0800, 0x0800, 0x0820, 0x0820, 0x0820, 0x0820, 0x0820, 0x0800, 0x0800, 0x0800, 0x0800, 0x0800,
  0x0800, 0x0000, 0x0000, 0x0000, 0x0000, 0x0820, 0x0820, 0x0000, 0x0000, 0x0000, 0x0000, 0x0000, 0x0000, 0x0000, 0x0000, 0x0000,
  0x0000, 0x0000, 0x0000, 0x0000, 0x0000, 0x0000, 0x0000, 0x0020, 0x0020, 0x0021, 0x0841, 0x0041, 0x0841, 0x0841, 0x0861, 0x1881,
  0x30C1, 0x0861, 0x0861, 0x0841, 0x0841, 0x0020, 0x0861, 0x0020, 0x0000, 0x0000, 0x0000, 0x0000, 0x0000, 0x0000, 0x0000, 0x0000,
  0x0000, 0x0000, 0x0000, 0x0000, 0x0000, 0x0000, 0x0000, 0x0000, 0x0000, 0x0000, 0x0000, 0x0000, 0x0000, 0x0000, 0x0000, 0x0000,
  0x0000, 0x0000, 0x0000, 0x0000, 0x0000, 0x0000, 0x0000, 0x0000, 0x0000, 0x0000, 0x0000, 0x0000, 0x0000, 0x0000, 0x0000, 0x0000,
  0x0000, 0x0000, 0x0000, 0x0000, 0x0000, 0x0000, 0x0000, 0x0000, 0x0841, 0x0020, 0x0000, 0x0000, 0x0000, 0x0000, 0x0000, 0x10A3,
  0x39E7, 0x4A69, 0x8451, 0x94D3, 0x7C10, 0x9D14, 0x8431, 0x632D, 0x4249, 0x94B3, 0xAD55, 0x9492, 0x8451, 0x7C30, 0x52CB, 0x0861,
  0x2986, 0x39C7, 0x31A7, 0x4229, 0x2966, 0x10A2, 0x0882, 0x10A2, 0x0882, 0x10A2, 0x1082, 0x0861, 0x0861, 0x0861, 0x0861, 0x0861,
  0x0861, 0x0020, 0x0000, 0x0020, 0x0000, 0x0020, 0x10C3, 0x10A3, 0x39E8, 0x6B8F, 0x31C7, 0x31C8, 0x5B2D, 0x4249, 0x426A, 0x3A08,
  0x2966, 0x31E8, 0x632D, 0x6B8E, 0x6B6E, 0xBDD7, 0xA535, 0x39E8, 0x18E3, 0x10E3, 0x3A09, 0x1904, 0x0041, 0x10A2, 0x0882, 0x0861,
  0x0021, 0x0861, 0x0882, 0x0041, 0x0882, 0x0841, 0x0000, 0x0021, 0x0841, 0x0020, 0x0000, 0x0041, 0x0041, 0x0041, 0x0841, 0x0000,
  0x0000, 0x18E4, 0x2145, 0x31A7, 0x8C72, 0xCE59, 0x39E8, 0x10A2, 0x0000, 0x0020, 0x0862, 0x0861, 0x18E4, 0x2125, 0x10A3, 0x18E3,
  0x5206, 0x3923, 0x0840, 0x1061, 0x1861, 0x1861, 0x0820, 0x1000, 0x0800, 0x0000, 0x0000, 0x0000, 0x0020, 0x0882, 0x10A3, 0x3186,
  0x3A09, 0x31C8, 0x4164, 0x5102, 0x28A2, 0x20C2, 0x20E3, 0x20A2, 0x30E3, 0x38C2, 0x30A1, 0x3081, 0x2841, 0x1820, 0x1000, 0x1000,
  0x1000, 0x0800, 0x1000, 0x0800, 0x0800, 0x0000, 0x0000, 0x0000, 0x0000, 0x0000, 0x0000, 0x0000, 0x0000, 0x0000, 0x0000, 0x0000,
  0x0000, 0x0000, 0x0000, 0x0000, 0x0000, 0x0000, 0x0000, 0x0000, 0x0000, 0x0000, 0x0000, 0x0000, 0x0000, 0x0000, 0x0000, 0x0000,
  0x0000, 0x0000, 0x0000, 0x0000, 0x0000, 0x0000, 0x0020, 0x0861, 0x0861, 0x0861, 0x0862, 0x0041, 0x0862, 0x0862, 0x0861, 0x1881,
  0x30C1, 0x0882, 0x0882, 0x1082, 0x1082, 0x0861, 0x0841, 0x1082, 0x0020, 0x0000, 0x0000, 0x0000, 0x0000, 0x0000, 0x0000, 0x0000,
  0x0000, 0x0000, 0x0000, 0x0000, 0x0000, 0x0000, 0x0000, 0x0000, 0x0000, 0x0000, 0x0000, 0x0000, 0x0000, 0x0000, 0x0000, 0x0000,
  0x0000, 0x0000, 0x0000, 0x0000, 0x0000, 0x0000, 0x0000, 0x0000, 0x0000, 0x0000, 0x0000, 0x0000, 0x0000, 0x0000, 0x0000, 0x0000,
  0x0000, 0x0000, 0x0000, 0x0000, 0x0000, 0x0000, 0x0000, 0x0841, 0x0841, 0x0000, 0x0000, 0x0000, 0x0000, 0x0000, 0x2104, 0x31C7,
  0x4A6A, 0x6B6D, 0x8451, 0x73CF, 0xA535, 0x6B6E, 0x39E7, 0x31A7, 0x8451, 0x8C51, 0x8451, 0x5B0C, 0x3A08, 0x5AEC, 0x3A08, 0x31C7,
  0x3A08, 0x3A08, 0x2125, 0x10A2, 0x10A2, 0x10A3, 0x10A2, 0x10A2, 0x10A2, 0x0862, 0x0021, 0x0861, 0x0861, 0x0041, 0x0841, 0x0841,
  0x0020, 0x0000, 0x0000, 0x0000, 0x0020, 0x0041, 0x31A7, 0x73AF, 0x8451, 0x31C7, 0x4A6A, 0x7BF0, 0x426A, 0x31E8, 0x39E8, 0x2145,
  0x52CC, 0x6B8E, 0x636E, 0x94B3, 0xC639, 0xAD75, 0x31A7, 0x52AB, 0x3A08, 0x2966, 0x2145, 0x0862, 0x08A2, 0x10A3, 0x0861, 0x0041,
  0x0041, 0x0882, 0x0021, 0x0882, 0x0882, 0x0020, 0x0021, 0x0041, 0x0020, 0x0000, 0x0021, 0x0041, 0x0020, 0x0041, 0x0020, 0x0000,
  0x1082, 0x1925, 0x31C8, 0x634D, 0xAD76, 0x7BD0, 0x20E4, 0x1061, 0x0000, 0x0861, 0x0882, 0x0862, 0x18C3, 0x10A2, 0x0841, 0x0861,
  0x0841, 0x1081, 0x1861, 0x1861, 0x1841, 0x1020, 0x0800, 0x0000, 0x0000, 0x0000, 0x0000, 0x0021, 0x0862, 0x1904, 0x2966, 0x2966,
  0x3186, 0x5205, 0x20E3, 0x2944, 0x3144, 0x28A2, 0x30E3, 0x30A1, 0x3040, 0x3020, 0x2800, 0x1800, 0x1000, 0x1000, 0x0800, 0x0000,
  0x0000, 0x0000, 0x0000, 0x0000, 0x0000, 0x0000, 0x0000, 0x0000, 0x0000, 0x0000, 0x0000, 0x0000, 0x0000, 0x0000, 0x0000, 0x0000,
  0x0000, 0x0000, 0x0000, 0x0000, 0x0000, 0x0000, 0x0000, 0x0000, 0x0000, 0x0000, 0x0000, 0x0000, 0x0000, 0x0000, 0x0000, 0x0000,
  0x0000, 0x0000, 0x0020, 0x0020, 0x0041, 0x0841, 0x0841, 0x0020, 0x0841, 0x0862, 0x0882, 0x0882, 0x10A2, 0x0882, 0x10A2, 0x18E4,
  0x10C3, 0x10A3, 0x0882, 0x0882, 0x0862, 0x0861, 0x0041, 0x0861, 0x1082, 0x0000, 0x0000, 0x0000, 0x0000, 0x0000, 0x0000, 0x0000,
  0x0000, 0x0000, 0x0000, 0x0000, 0x0000, 0x0000, 0x0000, 0x0000, 0x0000, 0x0000, 0x0000, 0x0000, 0x0000, 0x0000, 0x0000, 0x0000,
  0x0000, 0x0000, 0x0000, 0x0000, 0x0000, 0x0000, 0x0000, 0x0000, 0x0000, 0x0000, 0x0000, 0x0000, 0x0000, 0x0000, 0x0000, 0x0000,
  0x0000, 0x0000, 0x0000, 0x0000, 0x0000, 0x0000, 0x0020, 0x10A2, 0x0861, 0x0861, 0x0000, 0x0000, 0x0000, 0x18E3, 0x39E7, 0x52CB,
  0x6B4D, 0x632D, 0x7C10, 0xA535, 0x5AEC, 0x2145, 0x5AEC, 0x8451, 0x52AB, 0x4A8A, 0x4249, 0x5AEC, 0x6B8F, 0x39C7, 0x5A68, 0x630C,
  0x4229, 0x18E4, 0x10A2, 0x10A2, 0x10C3, 0x10A2, 0x10A2, 0x10A2, 0x0861, 0x0020, 0x0861, 0x0861, 0x0841, 0x0841, 0x0841, 0x0020,
  0x0000, 0x0000, 0x0000, 0x0041, 0x0041, 0x4AAB, 0xB5B7, 0x94B3, 0x5B0C, 0x426A, 0x73AF, 0x52AB, 0x2987, 0x2986, 0x1904, 0x73AF,
  0x73CF, 0x7BF0, 0x7C10, 0xBDF7, 0x94D3, 0x3A08, 0x31A7, 0x52AB, 0x39E8, 0x2125, 0x10A3, 0x08A3, 0x0882, 0x08A2, 0x0041, 0x0041,
  0x0862, 0x0041, 0x0841, 0x0882, 0x0021, 0x0021, 0x0041, 0x0020, 0x0020, 0x0041, 0x0861, 0x0021, 0x18E4, 0x0021, 0x0000, 0x0862,
  0x2145, 0x2986, 0x4249, 0x9D14, 0xCE59, 0x2986, 0x3924, 0x1020, 0x0020, 0x0882, 0x0861, 0x0862, 0x0862, 0x10A3, 0x10A2, 0x0020,
  0x0840, 0x2061, 0x2041, 0x1020, 0x0800, 0x1800, 0x0800, 0x0000, 0x0000, 0x0020, 0x0841, 0x1062, 0x18A2, 0x20E4, 0x2104, 0x2903,
  0x6A24, 0x51A3, 0x20A2, 0x30E3, 0x38C2, 0x3081, 0x2800, 0x2800, 0x2000, 0x0800, 0x0000, 0x0000, 0x0000, 0x0000, 0x0000, 0x0000,
  0x0000, 0x0800, 0x1000, 0x0800, 0x0000, 0x0800, 0x1000, 0x0800, 0x0800, 0x0800, 0x0000, 0x0000, 0x0000, 0x0000, 0x0000, 0x0000,
  0x0000, 0x0020, 0x0020, 0x0020, 0x0020, 0x0040, 0x0020, 0x0020, 0x0021, 0x0020, 0x0020, 0x0020, 0x0020, 0x0020, 0x0020, 0x0020,
  0x0020, 0x0020, 0x0021, 0x0841, 0x0841, 0x0841, 0x0841, 0x10A2, 0x0882, 0x0882, 0x1082, 0x10A3, 0x18E4, 0x18E4, 0x1904, 0x18E4,
  0x10A3, 0x1082, 0x10A2, 0x10C3, 0x10A2, 0x0861, 0x1082, 0x0861, 0x0861, 0x0861, 0x0000, 0x0000, 0x0000, 0x0000, 0x0000, 0x0000,
  0x0000, 0x0000, 0x0000, 0x0000, 0x0000, 0x0000, 0x0000, 0x0000, 0x0000, 0x0000, 0x0000, 0x0000, 0x0000, 0x0000, 0x0000, 0x0000,
  0x0000, 0x0000, 0x0000, 0x0000, 0x0000, 0x0000, 0x0000, 0x0000, 0x0000, 0x0000, 0x0000, 0x0000, 0x0000, 0x0000, 0x0000, 0x0000,
  0x0000, 0x0000, 0x0000, 0x0000, 0x0000, 0x0021, 0x0861, 0x10A2, 0x1904, 0x18E3, 0x1082, 0x0000, 0x18C3, 0x31A7, 0x4249, 0x528A,
  0x5AEC, 0x73D0, 0x634D, 0x4269, 0x52AB, 0x4AAA, 0x7BF0, 0x4249, 0x31C7, 0x39E8, 0x5AEC, 0x52CC, 0x20E3, 0xA3E9, 0xF6B3, 0x5A05,
  0x10A3, 0x1082, 0x10A2, 0x0862, 0x10A2, 0x10A2, 0x0861, 0x0021, 0x0040, 0x0861, 0x0861, 0x0841, 0x0041, 0x0041, 0x0020, 0x0000,
  0x0000, 0x0000, 0x0041, 0x0041, 0x29A6, 0xCE59, 0xAD55, 0x73F0, 0x52CC, 0x4A8A, 0x4249, 0x18E4, 0x2986, 0x31C7, 0x8431, 0x8472,
  0x31E7, 0x6B6E, 0xEF7E, 0x9D14, 0x3A08, 0x52CB, 0x52AB, 0x52CB, 0x39E8, 0x10A2, 0x10A2, 0x08A2, 0x10A3, 0x0862, 0x0041, 0x0882,
  0x0861, 0x0020, 0x1082, 0x0041, 0x0041, 0x0041, 0x0041, 0x0020, 0x0882, 0x10A3, 0x0021, 0x0882, 0x10A3, 0x0000, 0x0000, 0x18E4,
  0x1925, 0x4249, 0x8C72, 0xCE59, 0x634D, 0x2125, 0x18A3, 0x0000, 0x0861, 0x0882, 0x0861, 0x0862, 0x10A3, 0x10A3, 0x10A2, 0x0840,
  0x2040, 0x2820, 0x1020, 0x0800, 0x1000, 0x0800, 0x0000, 0x0000, 0x0020, 0x0841, 0x0861, 0x1082, 0x3165, 0x5269, 0x39A6, 0x2923,
  0x28C2, 0x2061, 0x2861, 0x3061, 0x3000, 0x2000, 0x1000, 0x0800, 0x0000, 0x0000, 0x0000, 0x0800, 0x1000, 0x1000, 0x1800, 0x2800,
  0x2000, 0x1000, 0x1800, 0x2000, 0x1800, 0x0800, 0x1800, 0x2000, 0x1000, 0x1000, 0x0800, 0x1000, 0x1000, 0x1000, 0x0800, 0x1000,
  0x0800, 0x0000, 0x0000, 0x0000, 0x0020, 0x0820, 0x0841, 0x0861, 0x0861, 0x0861, 0x0861, 0x0861, 0x1082, 0x0861, 0x0861, 0x0861,
  0x0882, 0x1082, 0x1082, 0x1082, 0x0861, 0x0841, 0x0882, 0x18E3, 0x18A2, 0x28E2, 0x18A2, 0x18E4, 0x18E4, 0x10C3, 0x10A3, 0x10A2,
  0x1082, 0x10C3, 0x10C3, 0x10A3, 0x0862, 0x0841, 0x0861, 0x0861, 0x0841, 0x0861, 0x0020, 0x0000, 0x0000, 0x0000, 0x0000, 0x0000,
  0x0000, 0x0000, 0x0000, 0x0000, 0x0000, 0x0000, 0x0000, 0x0000, 0x0000, 0x0000, 0x0000, 0x0000, 0x0000, 0x0000, 0x0000, 0x0000,
  0x0000, 0x0000, 0x0000, 0x0000, 0x0000, 0x0000, 0x0000, 0x0000, 0x0000, 0x0000, 0x0000, 0x0000, 0x0000, 0x0000, 0x0000, 0x0000,
  0x0000, 0x0000, 0x0000, 0x0000, 0x0000, 0x1082, 0x0841, 0x10A2, 0x2124, 0x31A6, 0x18E4, 0x2104, 0x2986, 0x4A69, 0x4229, 0x31C7,
  0x7BF0, 0x632D, 0x2145, 0x4A6A, 0x636E, 0x636D, 0x2986, 0x2986, 0x31C7, 0x426A, 0x2986, 0x10A3, 0x18E3, 0x6225, 0x6A04, 0x1881,
  0x10A3, 0x10A2, 0x0861, 0x0861, 0x1082, 0x0861, 0x0841, 0x0841, 0x0861, 0x0861, 0x0861, 0x0040, 0x0040, 0x0020, 0x0000, 0x0000,
  0x0000, 0x0021, 0x10C3, 0x0882, 0x73CF, 0xA535, 0x9CF4, 0x4A6A, 0x3A29, 0x52AB, 0x31A7, 0x29A7, 0x4A8A, 0x73D0, 0x7BF0, 0x31C7,
  0x94B2, 0xE73C, 0xA555, 0x73AF, 0x29A6, 0x31C7, 0x4A8A, 0x4A6A, 0x1904, 0x10C3, 0x0882, 0x10C3, 0x0882, 0x0041, 0x0861, 0x0861,
  0x0021, 0x0882, 0x0861, 0x0021, 0x0041, 0x0021, 0x0020, 0x10C3, 0x10A3, 0x0041, 0x0882, 0x10C3, 0x0020, 0x0000, 0x0041, 0x2125,
  0x4A6A, 0x6B8E, 0xAD75, 0x6B8E, 0x2966, 0x2104, 0x0861, 0x0000, 0x0861, 0x0882, 0x0862, 0x10A3, 0x1082, 0x1904, 0x10C3, 0x1020,
  0x2840, 0x0800, 0x0000, 0x1000, 0x0000, 0x0000, 0x0000, 0x0020, 0x0861, 0x0841, 0x18C3, 0x39C7, 0x5AAA, 0x5AAA, 0x3145, 0x28A2,
  0x3881, 0x3040, 0x2000, 0x1800, 0x0800, 0x0000, 0x0000, 0x0000, 0x0800, 0x1800, 0x1800, 0x2800, 0x3000, 0x3000, 0x2800, 0x3800,
  0x4000, 0x2000, 0x1000, 0x2800, 0x3000, 0x1800, 0x1000, 0x2000, 0x2000, 0x2000, 0x2000, 0x1800, 0x1800, 0x2000, 0x1800, 0x1800,
  0x2000, 0x1800, 0x0800, 0x0000, 0x0800, 0x0800, 0x0820, 0x0820, 0x0841, 0x0861, 0x0861, 0x0861, 0x0881, 0x0861, 0x0861, 0x0861,
  0x0882, 0x1082, 0x10A3, 0x10C3, 0x10C3, 0x18C3, 0x10C3, 0x10A3, 0x3103, 0x8244, 0x30E2, 0x10C3, 0x18E3, 0x10C3, 0x10A2, 0x1082,
  0x10A2, 0x10C3, 0x10A3, 0x0861, 0x1881, 0x3902, 0x1082, 0x0861, 0x0841, 0x0020, 0x0861, 0x0020, 0x0000, 0x0000, 0x0000, 0x0000,
  0x0000, 0x0000, 0x0000, 0x0000, 0x0000, 0x0000, 0x0000, 0x0000, 0x0000, 0x0000, 0x0000, 0x0000, 0x0000, 0x0000, 0x0000, 0x0000,
  0x0000, 0x0000, 0x0000, 0x0000, 0x0000, 0x0000, 0x0000, 0x0000, 0x0000, 0x0000, 0x0000, 0x0000, 0x0000, 0x0000, 0x0000, 0x0000,
  0x0000, 0x0000, 0x0000, 0x0000, 0x1082, 0x0020, 0x0000, 0x18C3, 0x2965, 0x18E3, 0x2124, 0x39C7, 0x3A08, 0x3A08, 0x2124, 0x4A8A,
  0x4A6A, 0x4249, 0x4A8A, 0x52AB, 0x528A, 0x39E8, 0x1904, 0x2986, 0x31C7, 0x2145, 0x10C3, 0x1904, 0x10C3, 0x10A3, 0x0862, 0x10A2,
  0x18E4, 0x0882, 0x0841, 0x0861, 0x1082, 0x0841, 0x0861, 0x0861, 0x0841, 0x0861, 0x0841, 0x0041, 0x0020, 0x0000, 0x0000, 0x0000,
  0x0041, 0x2166, 0x4A8B, 0x31C8, 0x52EC, 0xB5B7, 0x6B8E, 0x31C7, 0x634D, 0x31A6, 0x31A7, 0x636E, 0x4AAB, 0x52CC, 0x5B2D, 0x94D3,
  0xDEFC, 0x73EF, 0x6B6D, 0x8431, 0x5AEC, 0x4A8A, 0x1904, 0x10A3, 0x10A3, 0x0882, 0x0882, 0x10A3, 0x0862, 0x0862, 0x0862, 0x0861,
  0x0861, 0x0862, 0x0041, 0x0020, 0x0041, 0x0041, 0x0882, 0x0882, 0x0041, 0x0041, 0x1904, 0x0061, 0x0000, 0x0020, 0x1925, 0x2986,
  0x4249, 0x52AB, 0xA555, 0x4249, 0x2145, 0x1904, 0x0000, 0x0000, 0x0841, 0x0862, 0x10A3, 0x10A2, 0x10A2, 0x1904, 0x0800, 0x1820,
  0x0000, 0x0800, 0x0800, 0x0000, 0x0000, 0x0000, 0x0841, 0x0841, 0x0861, 0x18A3, 0x39C7, 0x630C, 0x4208, 0x1881, 0x2040, 0x2840,
  0x2800, 0x1000, 0x0800, 0x0000, 0x0000, 0x0000, 0x0800, 0x1800, 0x2800, 0x3000, 0x3000, 0x2800, 0x3800, 0x4800, 0x3800, 0x3000,
  0x3800, 0x3800, 0x2000, 0x1800, 0x3000, 0x3000, 0x1800, 0x2800, 0x2000, 0x2000, 0x3000, 0x2800, 0x1800, 0x2000, 0x2800, 0x2000,
  0x1800, 0x2000, 0x2000, 0x1800, 0x0800, 0x0000, 0x0820, 0x0820, 0x0841, 0x0861, 0x1081, 0x1081, 0x1082, 0x1082, 0x10A2, 0x1061,
  0x1082, 0x10C2, 0x10A3, 0x18C3, 0x2104, 0x1904, 0x18E3, 0x18C3, 0x1082, 0x1082, 0x18C3, 0x10C3, 0x10A3, 0x10C3, 0x10A3, 0x10C3,
  0x18E4, 0x2104, 0x10A3, 0x10C3, 0x18C3, 0x20C2, 0x1082, 0x0882, 0x0861, 0x0841, 0x0020, 0x20E3, 0x0000, 0x0000, 0x0000, 0x0000,
  0x0000, 0x0000, 0x0000, 0x0000, 0x0000, 0x0000, 0x0000, 0x0000, 0x0000, 0x0000, 0x0000, 0x0000, 0x0000, 0x0000, 0x0000, 0x0000,
  0x0000, 0x0000, 0x0000, 0x0000, 0x0000, 0x0000, 0x0000, 0x0000, 0x0000, 0x0000, 0x0000, 0x0000, 0x0000, 0x0000, 0x0000, 0x0000,
  0x0000, 0x0000, 0x0000, 0x0020, 0x0862, 0x0000, 0x0820, 0x2124, 0x18E3, 0x2104, 0x39C7, 0x39E8, 0x4249, 0x2986, 0x52CB, 0x31A7,
  0x4249, 0x5AEC, 0x4A8A, 0x52CB, 0x3A08, 0x1904, 0x2125, 0x3186, 0x18E4, 0x0882, 0x18E3, 0x2986, 0x2145, 0x18E4, 0x10C2, 0x1904,
  0x10C3, 0x0841, 0x0861, 0x0882, 0x0861, 0x0040, 0x0841, 0x0841, 0x0040, 0x0841, 0x0040, 0x0020, 0x0000, 0x0000, 0x0000, 0x0020,
  0x10E4, 0x31A7, 0x6B8E, 0x2986, 0x4A8A, 0x6B8E, 0x634D, 0x3A08, 0x4A6A, 0x31C7, 0x5B0C, 0x3A08, 0x4249, 0x5B2D, 0x9CF4, 0xA514,
  0xB5D7, 0xBE18, 0x8431, 0x52AB, 0x4229, 0x39E8, 0x1904, 0x10C3, 0x2145, 0x18E3, 0x0882, 0x0882, 0x0862, 0x0882, 0x0841, 0x0861,
  0x0862, 0x0041, 0x0041, 0x0882, 0x10A2, 0x10C3, 0x0061, 0x0861, 0x0041, 0x2125, 0x0861, 0x0020, 0x0000, 0x1905, 0x31E8, 0x10C3,
  0x2987, 0x8451, 0x73AF, 0x18E4, 0x1082, 0x0841, 0x0000, 0x0841, 0x0861, 0x0861, 0x1082, 0x0861, 0x2104, 0x1061, 0x0800, 0x0000,
  0x1000, 0x1000, 0x0000, 0x0000, 0x0020, 0x0040, 0x0861, 0x1082, 0x2104, 0x528A, 0x5269, 0x20E3, 0x2081, 0x1841, 0x1000, 0x0800,
  0x0000, 0x0000, 0x0000, 0x0000, 0x0800, 0x1800, 0x2800, 0x3000, 0x2800, 0x2800, 0x4000, 0x3800, 0x3000, 0x3800, 0x3800, 0x3000,
  0x3800, 0x5000, 0x4000, 0x1800, 0x3000, 0x4800, 0x2800, 0x2000, 0x3000, 0x2000, 0x2000, 0x3000, 0x2800, 0x2000, 0x2800, 0x3000,
  0x2000, 0x2000, 0x2000, 0x2800, 0x2000, 0x0800, 0x0000, 0x1020, 0x1020, 0x0840, 0x0861, 0x1061, 0x1081, 0x18A2, 0x1081, 0x18A2,
  0x20C3, 0x18E3, 0x18E3, 0x18E3, 0x18C3, 0x10A2, 0x18C3, 0x10C3, 0x18C3, 0x1904, 0x10C3, 0x18C3, 0x1904, 0x18E4, 0x10A2, 0x0862,
  0x1082, 0x18C3, 0x1082, 0x10C3, 0x10A3, 0x0882, 0x10A2, 0x18A2, 0x0841, 0x0020, 0x0000, 0x0841, 0x1082, 0x0000, 0x0000, 0x0000,
  0x0000, 0x0000, 0x0000, 0x0000, 0x0000, 0x0000, 0x0000, 0x0000, 0x0000, 0x0000, 0x0000, 0x0000, 0x0000, 0x0000, 0x0000, 0x0000,
  0x0000, 0x0000, 0x0000, 0x0000, 0x0000, 0x0000, 0x0000, 0x0000, 0x0000, 0x0000, 0x0000, 0x0000, 0x0000, 0x0000, 0x0000, 0x0000,
  0x0000, 0x0000, 0x0020, 0x18C3, 0x0000, 0x0000, 0x0020, 0x18C3, 0x2104, 0x2965, 0x31A6, 0x4229, 0x2986, 0x52CB, 0x4229, 0x31A7,
  0x5B2D, 0x52CB, 0x52CB, 0x31A7, 0x18E4, 0x1904, 0x18E4, 0x10C3, 0x0041, 0x1904, 0x31C7, 0x18E3, 0x0861, 0x0861, 0x0882, 0x10C3,
  0x10A2, 0x0882, 0x10C3, 0x1082, 0x0861, 0x0040, 0x0841, 0x0841, 0x0841, 0x0041, 0x0020, 0x0020, 0x0000, 0x0000, 0x0000, 0x1082,
  0x31A7, 0x2125, 0x52AB, 0x8451, 0x6B6E, 0x1904, 0x4229, 0x4A8B, 0x31C7, 0x52EC, 0x4A6A, 0x3A08, 0xA535, 0xCE9A, 0xBDD7, 0xB5B7,
  0xCE7A, 0xA514, 0x39E8, 0x52CB, 0x52AA, 0x1925, 0x18E4, 0x10C3, 0x10A3, 0x10A2, 0x10C3, 0x0861, 0x0882, 0x0861, 0x0041, 0x0862,
  0x0041, 0x0020, 0x0041, 0x1904, 0x1904, 0x0882, 0x0882, 0x10A3, 0x18E4, 0x0882, 0x0000, 0x0000, 0x10C4, 0x31E9, 0x18E4, 0x2986,
  0x52CC, 0x73AF, 0x2986, 0x18E4, 0x18E3, 0x0000, 0x0000, 0x18C3, 0x20E3, 0x1082, 0x0861, 0x18C3, 0x10A2, 0x0800, 0x0800, 0x1000,
  0x1000, 0x0000, 0x0000, 0x0000, 0x0841, 0x0841, 0x1082, 0x18E3, 0x39C7, 0x4A08, 0x28E3, 0x1861, 0x1040, 0x0000, 0x0000, 0x0000,
  0x0000, 0x0000, 0x0800, 0x1800, 0x2800, 0x3000, 0x3000, 0x3000, 0x3800, 0x3800, 0x3800, 0x4800, 0x4000, 0x2800, 0x3800, 0x3800,
  0x3000, 0x4800, 0x5800, 0x3800, 0x3000, 0x5000, 0x4800, 0x1800, 0x2000, 0x3000, 0x2800, 0x3000, 0x3800, 0x3000, 0x3000, 0x2800,
  0x2800, 0x2800, 0x2800, 0x2800, 0x2800, 0x2000, 0x1000, 0x0800, 0x0820, 0x1861, 0x1861, 0x1061, 0x1041, 0x1040, 0x1061, 0x1041,
  0x0841, 0x0861, 0x0861, 0x0841, 0x0820, 0x0861, 0x0861, 0x0841, 0x1082, 0x10A2, 0x18C3, 0x18C3, 0x10C3, 0x1082, 0x0861, 0x0861,
  0x0861, 0x0861, 0x1082, 0x10A2, 0x1082, 0x0861, 0x1061, 0x2081, 0x0820, 0x0020, 0x0020, 0x0000, 0x1082, 0x0020, 0x0000, 0x0000,
  0x0000, 0x0000, 0x0000, 0x0000, 0x0000, 0x0000, 0x0000, 0x0000, 0x0000, 0x0000, 0x0000, 0x0000, 0x0000, 0x0000, 0x0000, 0x0000,
  0x0000, 0x0000, 0x0000, 0x0000, 0x0000, 0x0000, 0x0000, 0x0000, 0x0000, 0x0000, 0x0000, 0x0000, 0x0000, 0x0000, 0x0000, 0x0000,
  0x0000, 0x0000, 0x1082, 0x0820, 0x0000, 0x0000, 0x0020, 0x18E3, 0x2144, 0x2965, 0x39E8, 0x39C7, 0x4A6A, 0x4229, 0x5AEC, 0x632D,
  0x3A08, 0x39E8, 0x2145, 0x1924, 0x2125, 0x0882, 0x10A3, 0x10A3, 0x10C3, 0x2124, 0x1904, 0x10A2, 0x0020, 0x10A2, 0x18E3, 0x0841,
  0x0861, 0x10A2, 0x10A2, 0x0841, 0x0841, 0x0841, 0x0020, 0x0040, 0x0041, 0x0020, 0x0020, 0x0000, 0x0000, 0x0020, 0x0882, 0x1904,
  0x2166, 0x10E4, 0x8C72, 0x8C72, 0x18E4, 0x31A7, 0x632D, 0x4229, 0x52CB, 0x632D, 0x4AAB, 0x94D3, 0xBDF8, 0x8451, 0x9D14, 0x9D14,
  0x4A8A, 0x4A8A, 0x632D, 0x5B0C, 0x2166, 0x10C3, 0x2145, 0x10E4, 0x0862, 0x10C3, 0x0882, 0x0861, 0x0861, 0x0861, 0x0861, 0x0862,
  0x0041, 0x0041, 0x2966, 0x10C3, 0x0882, 0x0882, 0x10C3, 0x29A7, 0x10A2, 0x0000, 0x0000, 0x0882, 0x2186, 0x2145, 0x2166, 0x4AAB,
  0x5B2D, 0x31A7, 0x1904, 0x31A7, 0x1082, 0x0000, 0x0841, 0x10A2, 0x18A2, 0x20A2, 0x0820, 0x1840, 0x2000, 0x2800, 0x2000, 0x1000,
  0x0000, 0x0000, 0x0840, 0x0861, 0x0841, 0x0841, 0x31A6, 0x41E7, 0x41A6, 0x28E2, 0x1840, 0x0800, 0x0000, 0x0000, 0x0000, 0x0000,
  0x0000, 0x0000, 0x0000, 0x0800, 0x1000, 0x1000, 0x1000, 0x1800, 0x2000, 0x3000, 0x3800, 0x4000, 0x4800, 0x4000, 0x3000, 0x3800,
  0x3000, 0x3000, 0x5000, 0x6000, 0x4000, 0x3800, 0x5000, 0x4000, 0x2000, 0x3000, 0x3800, 0x3000, 0x3000, 0x4000, 0x3800, 0x3000,
  0x3000, 0x3000, 0x3000, 0x3000, 0x3000, 0x3800, 0x3800, 0x1800, 0x0000, 0x0000, 0x1020, 0x1861, 0x1881, 0x1061, 0x18A2, 0x1881,
  0x1061, 0x1081, 0x1061, 0x1061, 0x1061, 0x1081, 0x18A2, 0x10C2, 0x10A2, 0x18C3, 0x0861, 0x0040, 0x0040, 0x0040, 0x0841, 0x0861,
  0x0861, 0x0040, 0x0020, 0x0020, 0x0040, 0x0841, 0x0841, 0x0020, 0x0841, 0x0020, 0x0841, 0x0020, 0x0020, 0x1082, 0x0000, 0x0000,
  0x0000, 0x0000, 0x0000, 0x0000, 0x0000, 0x0000, 0x0000, 0x0000, 0x0000, 0x0000, 0x0000, 0x0000, 0x0000, 0x0000, 0x0000, 0x0000,
  0x0000, 0x0000, 0x0000, 0x0000, 0x0000, 0x0000, 0x0000, 0x0000, 0x0000, 0x0000, 0x0000, 0x0000, 0x0000, 0x0000, 0x0000, 0x0000,
  0x0000, 0x1082, 0x0861, 0x0000, 0x0000, 0x0000, 0x10A2, 0x2945, 0x2144, 0x31C7, 0x31C7, 0x39E7, 0x31C7, 0x4A6A, 0x52AB, 0x52AB,
  0x39E8, 0x1904, 0x10E3, 0x2125, 0x18E3, 0x2124, 0x10A3, 0x10A3, 0x1904, 0x10A3, 0x0041, 0x0841, 0x18E3, 0x18E3, 0x0861, 0x0041,
  0x0861, 0x1082, 0x0882, 0x0861, 0x0841, 0x0841, 0x0020, 0x0020, 0x0040, 0x0020, 0x0000, 0x0000, 0x0000, 0x08A2, 0x08A2, 0x2145,
  0x29A7, 0x634D, 0x7C10, 0x1904, 0x31C7, 0x7BF0, 0x5B0C, 0x4249, 0x4A6A, 0x73AF, 0x8431, 0x7C10, 0x5B0C, 0x3A08, 0x7BF0, 0x7BF0,
  0x7C30, 0x4A8A, 0x2145, 0x2986, 0x1904, 0x1904, 0x2166, 0x10A3, 0x10C3, 0x10C3, 0x0862, 0x0862, 0x0841, 0x0862, 0x0862, 0x0041,
  0x0020, 0x0882, 0x2966, 0x0041, 0x0020, 0x10A2, 0x10C3, 0x1082, 0x0000, 0x0000, 0x0041, 0x1925, 0x2145, 0x10E4, 0x5B0D, 0x636F,
  0x2166, 0x10C3, 0x2125, 0x2104, 0x0820, 0x0020, 0x0882, 0x0861, 0x0861, 0x2082, 0x3820, 0x4000, 0x3000, 0x2000, 0x1000, 0x0000,
  0x0020, 0x0020, 0x0861, 0x0882, 0x0861, 0x31A7, 0x3986, 0x3924, 0x1840, 0x0000, 0x0000, 0x0000, 0x0020, 0x1082, 0x0841, 0x0021,
  0x1082, 0x1082, 0x0882, 0x0882, 0x0041, 0x0000, 0x0020, 0x0021, 0x0041, 0x0861, 0x0841, 0x1041, 0x1000, 0x2800, 0x2000, 0x3800,
  0x4800, 0x4800, 0x6000, 0x7800, 0x6800, 0x4000, 0x3800, 0x4800, 0x3800, 0x3800, 0x4000, 0x4000, 0x3800, 0x4020, 0x4000, 0x4000,
  0x3000, 0x3820, 0x4020, 0x4000, 0x3800, 0x3800, 0x3800, 0x3000, 0x2800, 0x0800, 0x0000, 0x0800, 0x1020, 0x1041, 0x1061, 0x1881,
  0x1081, 0x0861, 0x0861, 0x0861, 0x1061, 0x0861, 0x18C3, 0x10A2, 0x0861, 0x0861, 0x0841, 0x0861, 0x0881, 0x1082, 0x0841, 0x0820,
  0x0820, 0x0841, 0x0820, 0x0841, 0x0861, 0x1081, 0x0841, 0x0020, 0x0841, 0x0020, 0x0000, 0x0020, 0x0020, 0x0861, 0x0861, 0x0000,
  0x0000, 0x0000, 0x0000, 0x0000, 0x0000, 0x0000, 0x0000, 0x0000, 0x0000, 0x0000, 0x0000, 0x0000, 0x0000, 0x0000, 0x0000, 0x0000,
  0x0000, 0x0000, 0x0000, 0x0000, 0x0000, 0x0000, 0x0000, 0x0000, 0x0000, 0x0000, 0x0000, 0x0000, 0x0000, 0x0000, 0x0000, 0x0000,
  0x0020, 0x10A2, 0x0000, 0x0000, 0x0000, 0x0881, 0x2104, 0x2144, 0x39E8, 0x4229, 0x31A6, 0x2986, 0x3A08, 0x52AB, 0x39E8, 0x2986,
  0x2124, 0x1904, 0x18E4, 0x2124, 0x1904, 0x1904, 0x10A2, 0x10C3, 0x1082, 0x10A2, 0x10A2, 0x10A2, 0x1904, 0x0862, 0x0041, 0x0861,
  0x10A2, 0x0861, 0x0861, 0x0841, 0x0841, 0x0020, 0x0020, 0x0020, 0x0020, 0x0000, 0x0000, 0x0000, 0x0841, 0x18E4, 0x18E4, 0x1924,
  0x5B0C, 0x52CB, 0x18E4, 0x3186, 0x73CF, 0x73F0, 0x31C8, 0x5B0C, 0x52CB, 0x6B8E, 0x6B4E, 0x6B6E, 0x9D14, 0x8C72, 0x9D14, 0x7C10,
  0x52AB, 0x2166, 0x2966, 0x31C7, 0x29A7, 0x4A8A, 0x1904, 0x10C3, 0x18E4, 0x0861, 0x0862, 0x0861, 0x0041, 0x0862, 0x0882, 0x0861,
  0x0882, 0x18E4, 0x0861, 0x0000, 0x10A2, 0x1904, 0x0041, 0x0041, 0x0000, 0x0041, 0x1925, 0x1905, 0x10C4, 0x31C8, 0x6BAF, 0x4A8B,
  0x2166, 0x10C3, 0x20E4, 0x1882, 0x0000, 0x0861, 0x10C3, 0x0820, 0x1820, 0x4000, 0x5000, 0x4000, 0x2000, 0x0000, 0x0000, 0x0000,
  0x0841, 0x1062, 0x1082, 0x1082, 0x4A08, 0x3965, 0x1840, 0x0800, 0x0020, 0x1082, 0x2125, 0x39E8, 0x4A6A, 0x4229, 0x31A7, 0x52AB,
  0x2966, 0x31C8, 0x31A7, 0x10C3, 0x31C7, 0x2986, 0x10A3, 0x10A3, 0x0882, 0x0021, 0x0882, 0x0882, 0x0061, 0x0882, 0x0841, 0x0820,
  0x2000, 0x4000, 0x5800, 0x6800, 0x7000, 0x6000, 0x4000, 0x6000, 0x7000, 0x5000, 0x3800, 0x4000, 0x3800, 0x4820, 0x5020, 0x4800,
  0x4000, 0x4000, 0x4000, 0x4000, 0x3800, 0x3800, 0x3800, 0x4000, 0x4000, 0x3800, 0x1000, 0x0000, 0x0000, 0x0800, 0x0800, 0x1000,
  0x1020, 0x0820, 0x0840, 0x0820, 0x1881, 0x1061, 0x0840, 0x0861, 0x0820, 0x0841, 0x1082, 0x0861, 0x0841, 0x1082, 0x18A2, 0x0820,
  0x0840, 0x0020, 0x0020, 0x0840, 0x0020, 0x0020, 0x0020, 0x0020, 0x0841, 0x0840, 0x4122, 0x1881, 0x0020, 0x0000, 0x0841, 0x0020,
  0x0000, 0x0000, 0x0000, 0x0000, 0x0000, 0x0000, 0x0000, 0x0000, 0x0000, 0x0000, 0x0000, 0x0000, 0x0000, 0x0000, 0x0000, 0x0000,
  0x0000, 0x0000, 0x0000, 0x0000, 0x0000, 0x0000, 0x0000, 0x0000, 0x0000, 0x0000, 0x0000, 0x0000, 0x0000, 0x0000, 0x0000, 0x0000,
  0x0862, 0x0841, 0x0020, 0x0000, 0x0020, 0x2124, 0x18E3, 0x3186, 0x4A69, 0x4229, 0x31C7, 0x39E8, 0x4A8A, 0x4249, 0x31E7, 0x10C3,
  0x10E3, 0x1904, 0x18E4, 0x18E4, 0x18E4, 0x10C3, 0x0861, 0x0862, 0x0861, 0x10A2, 0x2124, 0x10A2, 0x0041, 0x0882, 0x0861, 0x10A3,
  0x0862, 0x0041, 0x0841, 0x0861, 0x0020, 0x2881, 0x40E1, 0x0000, 0x0020, 0x0000, 0x0000, 0x0020, 0x0861, 0x0882, 0x18E4, 0x39E8,
  0x39E8, 0x0882, 0x10C3, 0x7BF0, 0x73F0, 0x4249, 0x31E8, 0x73D0, 0x73F0, 0x73AF, 0x9D14, 0xA534, 0xAD34, 0xAD13, 0x940E, 0x4A6A,
  0x2987, 0x52CC, 0x4229, 0x31C8, 0x3A08, 0x1904, 0x0882, 0x18E4, 0x10A3, 0x0041, 0x0861, 0x0041, 0x0041, 0x0861, 0x0061, 0x10C3,
  0x2145, 0x0862, 0x1904, 0x0882, 0x1904, 0x10A3, 0x0000, 0x0000, 0x0020, 0x10E4, 0x18E4, 0x1925, 0x31C7, 0x7BF0, 0x4249, 0x0882,
  0x2125, 0x2965, 0x18A3, 0x0000, 0x0020, 0x1082, 0x2841, 0x3000, 0x4800, 0x5000, 0x4000, 0x2000, 0x0000, 0x0000, 0x0000, 0x0020,
  0x0861, 0x18A3, 0x39A7, 0x3166, 0x1041, 0x1061, 0x10A3, 0x2124, 0x4229, 0x528A, 0x2966, 0x632D, 0x73CF, 0x73AE, 0x31A6, 0x2986,
  0x634D, 0x4229, 0x18C3, 0x4A8A, 0x3A08, 0x31C7, 0x2145, 0x2966, 0x39E8, 0x39E8, 0x0882, 0x18E3, 0x0861, 0x0882, 0x10A2, 0x08A3,
  0x10C3, 0x1082, 0x2061, 0x3020, 0x5800, 0x7800, 0x7800, 0x6800, 0x7000, 0x7000, 0x5000, 0x5020, 0x5820, 0x5000, 0x5020, 0x4800,
  0x4800, 0x4800, 0x4800, 0x4800, 0x4800, 0x4820, 0x4800, 0x4800, 0x4800, 0x4000, 0x3000, 0x1000, 0x0000, 0x0000, 0x0800, 0x0800,
  0x0800, 0x0820, 0x0820, 0x0820, 0x1041, 0x1861, 0x1061, 0x0820, 0x1041, 0x1061, 0x1061, 0x1061, 0x18A2, 0x28C3, 0x1061, 0x0020,
  0x0840, 0x0820, 0x0861, 0x0861, 0x0840, 0x0840, 0x0841, 0x0841, 0x0841, 0x0820, 0x1860, 0x0820, 0x0000, 0x0000, 0x0000, 0x1082,
  0x0000, 0x0000, 0x0000, 0x0000, 0x0000, 0x0000, 0x0000, 0x0000, 0x0000, 0x0000, 0x0000, 0x0000, 0x0000, 0x0000, 0x0000, 0x0000,
  0x0000, 0x0000, 0x0000, 0x0000, 0x0000, 0x0000, 0x0000, 0x0000, 0x0000, 0x0000, 0x0000, 0x0000, 0x0000, 0x0000, 0x0000, 0x0841,
  0x0861, 0x0841, 0x0841, 0x0000, 0x10A2, 0x2945, 0x2965, 0x4A6A, 0x31C7, 0x39E7, 0x39E8, 0x52CB, 0x31C7, 0x31C7, 0x2125, 0x18E4,
  0x10C3, 0x2145, 0x1904, 0x10A2, 0x0882, 0x0062, 0x1082, 0x0020, 0x0861, 0x1904, 0x1904, 0x0861, 0x0041, 0x0841, 0x10C3, 0x1082,
  0x0020, 0x0041, 0x0861, 0x0841, 0x0020, 0x1860, 0x1040, 0x0020, 0x0000, 0x0000, 0x0000, 0x0841, 0x0862, 0x10A2, 0x10C3, 0x1904,
  0x18E4, 0x10C3, 0x52CB, 0x6B8E, 0x52CB, 0x31C7, 0x5AEC, 0x94D3, 0x52CB, 0x8431, 0x6B8F, 0x6AEA, 0xFF9D, 0xFFBD, 0x938B, 0x31A7,
  0x39E8, 0x424A, 0x2966, 0x2145, 0x1925, 0x10C3, 0x1904, 0x10A3, 0x0862, 0x0861, 0x0041, 0x0861, 0x0882, 0x10A2, 0x62CB, 0x3186,
  0x08A2, 0x1904, 0x2166, 0x2145, 0x0861, 0x0000, 0x0000, 0x0000, 0x0862, 0x10C4, 0x2146, 0x3A09, 0x632D, 0x4249, 0x1904, 0x10C3,
  0x31A7, 0x2145, 0x0820, 0x0000, 0x1000, 0x3000, 0x4800, 0x5800, 0x5000, 0x2800, 0x1000, 0x0000, 0x0020, 0x0020, 0x0020, 0x0020,
  0x18C3, 0x3186, 0x18E3, 0x0020, 0x10C3, 0x4229, 0x5ACB, 0x4229, 0x52AB, 0x39E8, 0x31C7, 0x52CB, 0x52AA, 0x2145, 0x1904, 0x0882,
  0x2145, 0x4208, 0x4A8A, 0x4A8A, 0x4249, 0x0882, 0x31A7, 0x4229, 0x31C7, 0x4249, 0x18E4, 0x39E7, 0x2145, 0x2145, 0x10E3, 0x10C4,
  0x18E4, 0x10E4, 0x10C3, 0x08A2, 0x0861, 0x2821, 0x7020, 0x9000, 0x8800, 0x9000, 0x8800, 0x7000, 0x6800, 0x6800, 0x6800, 0x6000,
  0x5800, 0x6000, 0x6800, 0x5800, 0x5000, 0x5020, 0x5000, 0x5000, 0x4800, 0x4000, 0x4000, 0x3800, 0x1800, 0x0000, 0x0000, 0x0800,
  0x0800, 0x0800, 0x0800, 0x1000, 0x0800, 0x0000, 0x0800, 0x0800, 0x1020, 0x1041, 0x0841, 0x0820, 0x0820, 0x0820, 0x0020, 0x0840,
  0x1061, 0x0861, 0x0841, 0x0840, 0x0820, 0x0840, 0x0840, 0x0020, 0x0020, 0x0000, 0x0000, 0x0000, 0x0000, 0x0000, 0x0000, 0x0841,
  0x0841, 0x0000, 0x0000, 0x0000, 0x0000, 0x0000, 0x0000, 0x0000, 0x0000, 0x0000, 0x0000, 0x0000, 0x0000, 0x0000, 0x0000, 0x0000,
  0x0000, 0x0000, 0x0000, 0x0000, 0x0000, 0x0000, 0x0000, 0x0000, 0x0000, 0x0000, 0x0000, 0x0000, 0x0000, 0x0000, 0x0000, 0x1082,
  0x0841, 0x0861, 0x0861, 0x0841, 0x2945, 0x2124, 0x4228, 0x52AA, 0x31A7, 0x31A6, 0x4229, 0x31C7, 0x2986, 0x18E4, 0x18E4, 0x18E4,
  0x2125, 0x10A2, 0x0862, 0x0861, 0x3101, 0x3122, 0x0841, 0x0861, 0x18E4, 0x10A2, 0x0861, 0x0861, 0x0020, 0x0881, 0x10A2, 0x0020,
  0x0841, 0x0041, 0x0041, 0x0020, 0x0040, 0x0040, 0x0020, 0x0020, 0x0000, 0x0000, 0x0000, 0x0041, 0x0862, 0x10A2, 0x10E3, 0x2145,
  0x2986, 0x4A69, 0x7BD0, 0x8C72, 0x634D, 0x4249, 0x8431, 0x634D, 0x52CB, 0x52CC, 0x4A8A, 0x6B2B, 0xC551, 0x72A8, 0x5AAA, 0x8452,
  0x426A, 0x31E8, 0x31E8, 0x1904, 0x08A2, 0x10E4, 0x18E4, 0x0862, 0x0862, 0x0882, 0x0862, 0x10C3, 0x08A2, 0x2104, 0x62EB, 0x2945,
  0x2125, 0x1904, 0x10A2, 0x0861, 0x0000, 0x0021, 0x0041, 0x0882, 0x0862, 0x1925, 0x52CC, 0x6B6E, 0x3A29, 0x1905, 0x10C3, 0x3A09,
  0x10C3, 0x0020, 0x0000, 0x0800, 0x3000, 0x4800, 0x5000, 0x4800, 0x2000, 0x0000, 0x0000, 0x0000, 0x0861, 0x10C3, 0x2945, 0x2966,
  0x0841, 0x1082, 0x2966, 0x2945, 0x4208, 0x31C7, 0x3A08, 0x39E8, 0x10A3, 0x1082, 0x2125, 0x1904, 0x3186, 0x4A8A, 0x8431, 0x424A,
  0x18E3, 0x31C7, 0x39E8, 0x10A2, 0x4A8A, 0x4249, 0x73CF, 0x5B0C, 0x18C3, 0x2104, 0x52AB, 0x2145, 0x2145, 0x4249, 0x4249, 0x31C7,
  0x2966, 0x1904, 0x0862, 0x18E4, 0x10E4, 0x1904, 0x18E3, 0x3062, 0x5021, 0x8800, 0xB000, 0xA800, 0x9000, 0x7800, 0x8000, 0x7000,
  0x7000, 0x7000, 0x7020, 0x6000, 0x6000, 0x6800, 0x7000, 0x6800, 0x5800, 0x4800, 0x3000, 0x1800, 0x0800, 0x0000, 0x0000, 0x0000,
  0x0000, 0x0000, 0x0800, 0x1020, 0x0800, 0x0800, 0x1000, 0x0800, 0x0800, 0x0800, 0x0000, 0x0000, 0x0820, 0x0020, 0x0000, 0x0820,
  0x0820, 0x1020, 0x1020, 0x0800, 0x0000, 0x0000, 0x0000, 0x0000, 0x0820, 0x0800, 0x0800, 0x0800, 0x0000, 0x0000, 0x0000, 0x0000,
  0x0861, 0x0020, 0x0000, 0x0000, 0x0000, 0x0000, 0x0000, 0x0000, 0x0000, 0x0000, 0x0000, 0x0000, 0x0000, 0x0000, 0x0000, 0x0000,
  0x0000, 0x0000, 0x0000, 0x0000, 0x0000, 0x0000, 0x0000, 0x0000, 0x0000, 0x0000, 0x0000, 0x0000, 0x0000, 0x0000, 0x1082, 0x1082,
  0x0841, 0x0881, 0x0861, 0x2104, 0x2945, 0x2965, 0x4A8A, 0x39E7, 0x31C7, 0x39E8, 0x2986, 0x2125, 0x1904, 0x10A3, 0x10C3, 0x2125,
  0x1904, 0x0862, 0x0882, 0x1861, 0xD3C4, 0x9242, 0x0021, 0x18E3, 0x10A2, 0x10A2, 0x0841, 0x0020, 0x0861, 0x0861, 0x0040, 0x0861,
  0x0861, 0x0841, 0x0000, 0x0020, 0x0040, 0x0020, 0x0020, 0x0000, 0x0000, 0x0000, 0x0841, 0x10A2, 0x1904, 0x10C3, 0x2986, 0x31C7,
  0x4A6A, 0x5AEC, 0x8431, 0x8C72, 0x4A6A, 0x6B6E, 0x52EC, 0x3A09, 0x4229, 0x5B0C, 0x4AAB, 0x5B0C, 0x632C, 0x31C7, 0x8451, 0x4A8A,
  0x634D, 0x426A, 0x1925, 0x10C3, 0x10A3, 0x0862, 0x0041, 0x0862, 0x0882, 0x10C3, 0x10A3, 0x0882, 0x1904, 0x0882, 0x1904, 0x1904,
  0x10A2, 0x0021, 0x0841, 0x0841, 0x0000, 0x0882, 0x0862, 0x0041, 0x18E4, 0x4A8B, 0x4AAB, 0x2987, 0x31C7, 0x18E4, 0x0882, 0x10A3,
  0x0041, 0x0000, 0x0000, 0x2000, 0x4800, 0x4000, 0x2000, 0x0800, 0x0861, 0x0841, 0x0861, 0x1082, 0x1904, 0x528A, 0x4249, 0x1904,
  0x10A2, 0x3A08, 0x52AB, 0x39E8, 0x634D, 0x3A08, 0x18E4, 0x0041, 0x39E8, 0x31C7, 0x0862, 0x10C3, 0x2104, 0x39C7, 0x31A7, 0x4249,
  0x3A08, 0x2125, 0x4249, 0x2124, 0x2986, 0x3A08, 0x7C31, 0x39E8, 0x31A7, 0x2104, 0x73AF, 0x5AEC, 0x10A3, 0x6B8E, 0x6B8E, 0x1904,
  0x2986, 0x5AEC, 0x1904, 0x3186, 0x2145, 0x1904, 0x1904, 0x1104, 0x10C3, 0x20C3, 0x4882, 0x6021, 0x8820, 0xA000, 0xA000, 0x9800,
  0x9000, 0x7800, 0x7000, 0x7000, 0x6800, 0x6020, 0x5800, 0x4000, 0x2000, 0x1000, 0x0000, 0x0000, 0x0000, 0x0000, 0x0000, 0x0000,
  0x0000, 0x0000, 0x0000, 0x0000, 0x0000, 0x0000, 0x0000, 0x0000, 0x0800, 0x0800, 0x0800, 0x0800, 0x0800, 0x0800, 0x0800, 0x1000,
  0x1000, 0x0800, 0x0800, 0x0800, 0x0800, 0x0800, 0x0800, 0x0800, 0x0800, 0x0000, 0x0000, 0x0000, 0x0000, 0x0000, 0x0000, 0x0000,
  0x0020, 0x0861, 0x0000, 0x0000, 0x0000, 0x0000, 0x0000, 0x0000, 0x0000, 0x0000, 0x0000, 0x0000, 0x0000, 0x0000, 0x0000, 0x0000,
  0x0000, 0x0000, 0x0000, 0x0000, 0x0000, 0x0000, 0x0000, 0x0000, 0x0000, 0x0000, 0x0000, 0x0000, 0x0000, 0x0020, 0x18C3, 0x10A2,
  0x1082, 0x0041, 0x2104, 0x3186, 0x2104, 0x4A8A, 0x4208, 0x3186, 0x4229, 0x4228, 0x2986, 0x2125, 0x10A2, 0x18E4, 0x18E4, 0x10C3,
  0x0841, 0x0841, 0x0041, 0x1061, 0x2880, 0x1020, 0x0861, 0x10C3, 0x10A2, 0x0861, 0x0041, 0x0020, 0x0861, 0x0841, 0x0020, 0x0861,
  0x0841, 0x0020, 0x0020, 0x0020, 0x0020, 0x0020, 0x0020, 0x0000, 0x0000, 0x10C3, 0x10A3, 0x10C3, 0x0882, 0x2145, 0x31C7, 0x424A,
  0x52EC, 0x6B8E, 0x8430, 0x5AEC, 0x634E, 0x632D, 0x4A6A, 0x3A29, 0x52AB, 0x426A, 0x4A8A, 0x5B0D, 0x4AAB, 0x39E8, 0x31C7, 0x3A29,
  0x636E, 0x1904, 0x0041, 0x1904, 0x18E4, 0x0041, 0x0861, 0x0882, 0x0882, 0x0882, 0x0041, 0x18E4, 0x2966, 0x0861, 0x10C3, 0x0882,
  0x0020, 0x0020, 0x0841, 0x0000, 0x0041, 0x0862, 0x0021, 0x1905, 0x31E8, 0x4A8B, 0x3A09, 0x39E8, 0x1904, 0x0882, 0x0862, 0x0020,
  0x0000, 0x0000, 0x0800, 0x2000, 0x2800, 0x1000, 0x0020, 0x0041, 0x0861, 0x10A2, 0x2125, 0x4229, 0x2125, 0x6B6E, 0x52AB, 0x2966,
  0x31A6, 0x31A7, 0x39E8, 0x31C7, 0x52AB, 0x52AB, 0x18E4, 0x18E4, 0x4229, 0x2104, 0x39E8, 0x2104, 0x1904, 0x10A2, 0x31A6, 0x73AF,
  0x6B6E, 0x0882, 0x4A8A, 0x6B6E, 0x18C3, 0x6B6E, 0x630C, 0x2986, 0x2145, 0x31C7, 0x18E4, 0x2125, 0x3A08, 0x8410, 0x4229, 0x10A3,
  0x2125, 0x39E8, 0x18E3, 0x1904, 0x31A7, 0x31E7, 0x2966, 0x2125, 0x3A08, 0x1945, 0x1125, 0x1105, 0x10A3, 0x4125, 0x40C3, 0x4061,
  0x48A3, 0x38C3, 0x30A2, 0x30A3, 0x28A2, 0x1882, 0x1082, 0x10A3, 0x0882, 0x0841, 0x0841, 0x0841, 0x0821, 0x0000, 0x0000, 0x0000,
  0x0000, 0x0000, 0x0000, 0x0000, 0x0000, 0x0000, 0x0000, 0x0000, 0x0000, 0x0000, 0x0000, 0x0000, 0x0000, 0x0000, 0x0000, 0x0000,
  0x0000, 0x0000, 0x0000, 0x0000, 0x0000, 0x0000, 0x0000, 0x0000, 0x0000, 0x0000, 0x0000, 0x0000, 0x0000, 0x0000, 0x0000, 0x0000,
  0x0000, 0x0020, 0x0000, 0x0000, 0x0000, 0x0000, 0x0000, 0x0000, 0x0000, 0x0000, 0x0000, 0x0000, 0x0000, 0x0000, 0x0000, 0x0000,
  0x0000, 0x0000, 0x0000, 0x0000, 0x0000, 0x0000, 0x0000, 0x0000, 0x0000, 0x0000, 0x0000, 0x0000, 0x0000, 0x1082, 0x0841, 0x0861,
  0x0841, 0x0020, 0x2945, 0x2124, 0x3186, 0x39E7, 0x31A6, 0x31A6, 0x2125, 0x3A08, 0x39E7, 0x0041, 0x18E3, 0x1904, 0x10C3, 0x0861,
  0x0882, 0x0041, 0x0041, 0x0861, 0x0041, 0x0041, 0x0861, 0x0882, 0x0882, 0x0020, 0x0041, 0x0841, 0x0841, 0x0020, 0x0841, 0x0861,
  0x0000, 0x0841, 0x0040, 0x0020, 0x0020, 0x0000, 0x0000, 0x0000, 0x10C3, 0x2986, 0x29A7, 0x2966, 0x31C7, 0x426A, 0x4A8B, 0x52AB,
  0x6B6E, 0x94B3, 0x634D, 0x4229, 0x8431, 0x634E, 0x3A08, 0x39E8, 0x3A29, 0x6B6E, 0x5AEC, 0x4229, 0x2166, 0x31A7, 0x4249, 0x29A7,
  0x1925, 0x1925, 0x08A3, 0x10E3, 0x0861, 0x0862, 0x0882, 0x0882, 0x10A2, 0x41E7, 0x2986, 0x2166, 0x1925, 0x0861, 0x0841, 0x0861,
  0x0861, 0x0861, 0x0020, 0x0041, 0x0841, 0x0000, 0x18E4, 0x31E8, 0x424A, 0x426A, 0x2166, 0x08A2, 0x10A2, 0x10A2, 0x0820, 0x0000,
  0x0000, 0x0000, 0x0000, 0x0800, 0x0861, 0x18E3, 0x0861, 0x0861, 0x3186, 0x31A7, 0x7C10, 0x630C, 0x6B8E, 0x4A8A, 0x3186, 0x6B8F,
  0x39E8, 0x0841, 0x52CB, 0x39E7, 0x1903, 0x2986, 0x0861, 0x0020, 0x18E3, 0x3A08, 0x4A69, 0x3A08, 0x1904, 0x4228, 0x4249, 0x5AEC,
  0x73AF, 0x5B0C, 0x52AB, 0x4A6A, 0x52AB, 0x8431, 0x52CB, 0x2986, 0x2965, 0x9D14, 0x39E8, 0x2104, 0x31C7, 0x7BEF, 0x4249, 0x3186,
  0x2145, 0x2965, 0x4A69, 0x5B0C, 0x3A08, 0x1904, 0x1904, 0x1904, 0x31C7, 0x31A7, 0x4A8A, 0x31C8, 0x29A7, 0x2166, 0x29A7, 0x1104,
  0x10E4, 0x08C3, 0x08A3, 0x1925, 0x1925, 0x10C3, 0x10C3, 0x10A3, 0x1082, 0x1082, 0x1082, 0x0862, 0x1062, 0x0862, 0x0841, 0x0021,
  0x0000, 0x0000, 0x0000, 0x0000, 0x0000, 0x0000, 0x0000, 0x0000, 0x0000, 0x0000, 0x0000, 0x0000, 0x0000, 0x0000, 0x0000, 0x0000,
  0x0000, 0x0000, 0x0000, 0x0000, 0x0000, 0x0000, 0x0000, 0x0000, 0x0000, 0x0000, 0x0000, 0x0000, 0x0000, 0x0020, 0x0020, 0x0020,
  0x0020, 0x0020, 0x0841, 0x0000, 0x0000, 0x0000, 0x0000, 0x0000, 0x0000, 0x0000, 0x0000, 0x0000, 0x0000, 0x0000, 0x0000, 0x0000,
  0x0000, 0x0000, 0x0000, 0x0000, 0x0000, 0x0000, 0x0000, 0x0000, 0x0000, 0x0000, 0x0000, 0x0000, 0x0841, 0x1082, 0x0020, 0x0861,
  0x0020, 0x10A2, 0x2945, 0x2124, 0x4208, 0x2945, 0x2986, 0x2104, 0x2145, 0x39E7, 0x2124, 0x18E3, 0x18E3, 0x10C3, 0x0841, 0x0861,
  0x0862, 0x0041, 0x0862, 0x0041, 0x0020, 0x0882, 0x0882, 0x1082, 0x0041, 0x0041, 0x0020, 0x0841, 0x0041, 0x0841, 0x0861, 0x0020,
  0x0020, 0x0020, 0x0040, 0x0020, 0x0000, 0x0000, 0x0000, 0x0041, 0x2986, 0x4AAB, 0x2987, 0x3A09, 0x6BAF, 0x3A08, 0x4A6A, 0x5B0D,
  0x5B0D, 0x31C7, 0x5AEC, 0x5B0D, 0x634E, 0x5B2D, 0x3A29, 0x3A08, 0x29A7, 0x31C7, 0x4229, 0x29A7, 0x2966, 0x1925, 0x2166, 0x10E4,
  0x10C3, 0x1925, 0x3A29, 0x2125, 0x0041, 0x0882, 0x10A3, 0x0041, 0x10A2, 0x39E7, 0x1904, 0x0862, 0x0041, 0x0841, 0x0841, 0x18A3,
  0x18E3, 0x0000, 0x0020, 0x0041, 0x0000, 0x2166, 0x4ACC, 0x2987, 0x2986, 0x4229, 0x2125, 0x10C3, 0x1082, 0x0841, 0x0000, 0x0000,
  0x0000, 0x0000, 0x0000, 0x1082, 0x18E4, 0x18E4, 0x0861, 0x4229, 0x632D, 0x31A7, 0x73AE, 0x2986, 0xC659, 0x8C93, 0x1082, 0x0841,
  0x2104, 0x1082, 0x2104, 0x10A2, 0x0020, 0x0841, 0x0841, 0x31A7, 0x73AF, 0x8431, 0x2124, 0x2945, 0x0841, 0x0020, 0x31A7, 0x7BF0,
  0x8C92, 0xA535, 0x31A7, 0x2104, 0x8C92, 0x5B0C, 0x1904, 0x2945, 0x31C7, 0x632D, 0x31C7, 0x52CB, 0x1904, 0x2145, 0x31C7, 0x2125,
  0x1904, 0x10C3, 0x18E3, 0x4A6A, 0x31C7, 0x2145, 0x52AB, 0x31C7, 0x2986, 0x2945, 0x1904, 0x2986, 0x4249, 0x2986, 0x3186, 0x2125,
  0x2125, 0x2125, 0x10C3, 0x18E3, 0x18E4, 0x18C3, 0x10A3, 0x1082, 0x10A3, 0x10A3, 0x18C3, 0x1082, 0x0882, 0x0862, 0x1082, 0x0862,
  0x0862, 0x0841, 0x0020, 0x0000, 0x0000, 0x0000, 0x0000, 0x0000, 0x0000, 0x0000, 0x0000, 0x0000, 0x0000, 0x0000, 0x0000, 0x0000,
  0x0000, 0x0000, 0x0000, 0x0800, 0x0820, 0x0820, 0x0820, 0x1041, 0x0820, 0x0820, 0x0821, 0x0821, 0x0841, 0x0861, 0x0841, 0x0021,
  0x0020, 0x0820, 0x0841, 0x0000, 0x0000, 0x0000, 0x0000, 0x0000, 0x0000, 0x0000, 0x0000, 0x0000, 0x0000, 0x0000, 0x0000, 0x0000,
  0x0000, 0x0000, 0x0000, 0x0000, 0x0000, 0x0000, 0x0000, 0x0000, 0x0000, 0x0000, 0x0000, 0x0000, 0x10A2, 0x0020, 0x0020, 0x0841,
  0x0861, 0x2124, 0x2104, 0x39C7, 0x31A6, 0x2965, 0x2124, 0x10A2, 0x31C7, 0x2124, 0x1904, 0x2145, 0x10C3, 0x10A3, 0x0861, 0x0041,
  0x0041, 0x0020, 0x0021, 0x0020, 0x0861, 0x0882, 0x0861, 0x0841, 0x0041, 0x0000, 0x0041, 0x0020, 0x0020, 0x0841, 0x0020, 0x0020,
  0x0020, 0x0020, 0x0020, 0x0000, 0x0000, 0x0000, 0x0000, 0x0882, 0x1925, 0x52AB, 0x4249, 0x4A8A, 0x29A7, 0x4249, 0x2986, 0x39E8,
  0x4249, 0x4AAB, 0x632D, 0x3A29, 0x2166, 0x2986, 0x2125, 0x31C7, 0x4249, 0x4A6A, 0x3A08, 0x10E3, 0x2145, 0x39E8, 0x31E8, 0x2145,
  0x10E4, 0x1904, 0x10E4, 0x10C3, 0x10A3, 0x0021, 0x0041, 0x1082, 0x0041, 0x0882, 0x0882, 0x0041, 0x0841, 0x0021, 0x10A3, 0x18C3,
  0x0000, 0x0000, 0x0861, 0x0041, 0x10A3, 0x3A09, 0x3A09, 0x31C7, 0x3A09, 0x18E4, 0x0041, 0x0861, 0x0861, 0x0020, 0x0000, 0x0000,
  0x0000, 0x0861, 0x2124, 0x20E4, 0x31A7, 0x31A7, 0x3186, 0x52AB, 0x52AB, 0x4A8A, 0x31A6, 0x2124, 0x4229, 0x3186, 0x0020, 0x3186,
  0x31A7, 0x0841, 0x2104, 0x39E8, 0x0861, 0x0841, 0x2124, 0x73AF, 0x39C7, 0x2104, 0x2966, 0x0841, 0x0041, 0x31A6, 0x2986, 0x18E4,
  0x2966, 0x73AF, 0x2145, 0x4249, 0x738E, 0x4249, 0x18E3, 0x4A69, 0x4A6A, 0x39E7, 0x1904, 0x73CF, 0x632D, 0x10C3, 0x2104, 0x1904,
  0x18E4, 0x2945, 0x18E3, 0x2124, 0x18E3, 0x3A08, 0x5AEC, 0x2145, 0x2986, 0x2145, 0x1904, 0x1904, 0x18E3, 0x10C3, 0x2125, 0x2125,
  0x18E4, 0x528A, 0x39C7, 0x2125, 0x1904, 0x10A3, 0x0862, 0x1082, 0x18C3, 0x10A3, 0x18E4, 0x10C3, 0x1082, 0x1082, 0x0882, 0x0862,
  0x0862, 0x0862, 0x0862, 0x0861, 0x0041, 0x0000, 0x0000, 0x0000, 0x0000, 0x0000, 0x1000, 0x1800, 0x1000, 0x0800, 0x0000, 0x0041,
  0x0821, 0x0821, 0x1041, 0x1041, 0x1061, 0x0841, 0x0841, 0x0841, 0x0841, 0x0861, 0x0841, 0x0862, 0x1082, 0x1082, 0x0861, 0x0861,
  0x0861, 0x0862, 0x0841, 0x0861, 0x0000, 0x0000, 0x0000, 0x0000, 0x0000, 0x0000, 0x0000, 0x0000, 0x0000, 0x0000, 0x0000, 0x0000,
  0x0000, 0x0000, 0x0000, 0x0000, 0x0000, 0x0000, 0x0000, 0x0000, 0x0000, 0x0000, 0x0000, 0x0841, 0x1082, 0x0020, 0x0841, 0x0861,
  0x10A2, 0x2124, 0x2124, 0x3186, 0x2965, 0x2965, 0x2145, 0x2145, 0x2965, 0x18E3, 0x0021, 0x3943, 0x9306, 0x0841, 0x0861, 0x0041,
  0x0021, 0x0041, 0x0021, 0x0041, 0x0882, 0x0861, 0x0020, 0x0041, 0x0020, 0x0020, 0x0020, 0x0000, 0x0041, 0x0020, 0x0000, 0x0020,
  0x0000, 0x0000, 0x0000, 0x0000, 0x0000, 0x0000, 0x0841, 0x29A7, 0x31C8, 0x2166, 0x3A08, 0x31C8, 0x5B0C, 0x2166, 0x2966, 0x52CC,
  0x632D, 0x5B0D, 0x426A, 0x2125, 0x1904, 0x2986, 0x4229, 0x4A8A, 0x4A6A, 0x4229, 0x2966, 0x4A49, 0x9C92, 0x2945, 0x1945, 0x10C3,
  0x2966, 0x29A7, 0x10C3, 0x08A2, 0x10A2, 0x0882, 0x2125, 0x0861, 0x0000, 0x0861, 0x0862, 0x0861, 0x0841, 0x0841, 0x0862, 0x0020,
  0x0000, 0x0021, 0x0000, 0x10A3, 0x3A29, 0x4AAB, 0x1904, 0x2966, 0x18E3, 0x0841, 0x0041, 0x1041, 0x1041, 0x0000, 0x0000, 0x0000,
  0x0841, 0x2124, 0x2945, 0x3145, 0x2945, 0x2124, 0x52CB, 0x4A8A, 0xA556, 0x9D14, 0x4229, 0x18E4, 0x1904, 0x1082, 0x1082, 0x3186,
  0x0841, 0x2125, 0x0861, 0x0820, 0x1061, 0x1082, 0x18C3, 0x2986, 0x2966, 0x6B8E, 0x52AB, 0x31C7, 0x634D, 0x39E7, 0x2145, 0x18E4,
  0x10A2, 0x2124, 0x2124, 0x2986, 0x9CD3, 0x2986, 0x10A2, 0x528A, 0x8C92, 0x4A6A, 0x18C3, 0x2124, 0x31C7, 0x4249, 0x18E3, 0x31A6,
  0x2104, 0x18E4, 0x0882, 0x31A7, 0x2966, 0x0882, 0x18E3, 0x10C3, 0x10C3, 0x0861, 0x2986, 0x3186, 0x2125, 0x2966, 0x2125, 0x1904,
  0x18E4, 0x1904, 0x1904, 0x18E3, 0x3186, 0x1082, 0x0861, 0x18C3, 0x10C3, 0x10C3, 0x10A3, 0x0862, 0x0862, 0x0862, 0x1082, 0x10A3,
  0x10A2, 0x10A3, 0x1062, 0x1062, 0x1082, 0x0862, 0x0841, 0x0020, 0x0000, 0x0000, 0x0000, 0x0800, 0x2021, 0x2020, 0x1000, 0x0841,
  0x0861, 0x0861, 0x1062, 0x0862, 0x0862, 0x0882, 0x1082, 0x0862, 0x0861, 0x0861, 0x1082, 0x0882, 0x0882, 0x1082, 0x1082, 0x10A3,
  0x1082, 0x0882, 0x0841, 0x1082, 0x0841, 0x0000, 0x0000, 0x0000, 0x0000, 0x0000, 0x0000, 0x0000, 0x0000, 0x0000, 0x0000, 0x0000,
  0x0000, 0x0000, 0x0000, 0x0000, 0x0000, 0x0000, 0x0000, 0x0000, 0x0000, 0x0000, 0x0000, 0x1082, 0x0841, 0x0861, 0x0040, 0x0861,
  0x18C2, 0x2965, 0x2965, 0x2145, 0x2965, 0x2124, 0x2945, 0x31A6, 0x1904, 0x18E4, 0x0862, 0x28C1, 0x4922, 0x0841, 0x0861, 0x0041,
  0x0020, 0x0020, 0x0861, 0x0041, 0x0882, 0x0861, 0x0020, 0x0020, 0x0020, 0x0841, 0x0000, 0x0020, 0x0020, 0x0000, 0x0000, 0x0000,
  0x0000, 0x0000, 0x0020, 0x0020, 0x0000, 0x0000, 0x1904, 0x3A08, 0x2987, 0x424A, 0x3A08, 0x424A, 0x3A08, 0x08A2, 0x39E8, 0x6B8F,
  0x5AEC, 0x4A8A, 0x2125, 0x2125, 0x2987, 0x6B6E, 0xB513, 0x5ACB, 0x4A6A, 0x4A8B, 0x3A29, 0x52AB, 0x5269, 0x39E8, 0x2987, 0x2986,
  0x2966, 0x10A3, 0x10A3, 0x10A3, 0x0020, 0x10A3, 0x10C3, 0x0021, 0x18E4, 0x0882, 0x0841, 0x1041, 0x0821, 0x0861, 0x0020, 0x0020,
  0x0021, 0x0000, 0x18E4, 0x426A, 0x424A, 0x3A09, 0x1905, 0x0861, 0x0861, 0x0882, 0x0841, 0x1020, 0x0000, 0x0000, 0x0820, 0x2104,
  0x18C3, 0x18C3, 0x18C3, 0x2945, 0x3186, 0x41E8, 0x7BF0, 0x7BF0, 0xB5D8, 0x2986, 0x2986, 0x4249, 0x18C3, 0x2104, 0x20C3, 0x0020,
  0x10A3, 0x18C3, 0x0841, 0x0820, 0x0820, 0x10A2, 0x3186, 0x4208, 0x2966, 0x3A08, 0x2945, 0x52CB, 0x4A69, 0x5ACB, 0x8451, 0x8451,
  0x31A7, 0x1082, 0x0841, 0x2104, 0x7BCF, 0x2124, 0x0020, 0x31A6, 0x6B6E, 0x3A08, 0x10C3, 0x2104, 0x4229, 0x4A4A, 0x10A3, 0x10C3,
  0x31A7, 0x7BF0, 0x31A7, 0x2104, 0x1904, 0x2125, 0x2945, 0x10A3, 0x10C3, 0x18C3, 0x52CB, 0x4A8A, 0x31A7, 0x31A7, 0x3186, 0x39C8,
  0x2145, 0x39C7, 0x2966, 0x10A3, 0x10A3, 0x10A3, 0x18E4, 0x18C3, 0x0882, 0x18E4, 0x10A3, 0x18C3, 0x18C3, 0x0862, 0x10A3, 0x1082,
  0x10A3, 0x10A2, 0x1082, 0x1082, 0x1082, 0x1082, 0x0862, 0x0862, 0x0861, 0x0821, 0x0020, 0x0000, 0x0000, 0x0821, 0x1041, 0x1820,
  0x1082, 0x10A3, 0x0882, 0x1082, 0x18C3, 0x10A3, 0x0862, 0x0882, 0x10A2, 0x10A2, 0x10A3, 0x10C3, 0x1904, 0x2945, 0x18E3, 0x0882,
  0x0861, 0x0841, 0x0820, 0x0000, 0x0841, 0x0000, 0x0000, 0x0000, 0x0000, 0x0000, 0x0000, 0x0000, 0x0000, 0x0000, 0x0000, 0x0000,
  0x0000, 0x0000, 0x0000, 0x0000, 0x0000, 0x0000, 0x0000, 0x0000, 0x0000, 0x0000, 0x0841, 0x10A2, 0x1082, 0x0861, 0x0020, 0x0861,
  0x1903, 0x18E3, 0x18E3, 0x2986, 0x2945, 0x2125, 0x2965, 0x2966, 0x29A6, 0x0882, 0x0882, 0x0061, 0x0021, 0x0041, 0x0861, 0x0041,
  0x0020, 0x0041, 0x0882, 0x0861, 0x0861, 0x0841, 0x0020, 0x0020, 0x0861, 0x0000, 0x0040, 0x0020, 0x0000, 0x0000, 0x0000, 0x0000,
  0x0000, 0x634D, 0x18E3, 0x0000, 0x0020, 0x0020, 0x2145, 0x29A7, 0x426A, 0x3A09, 0x29A7, 0x3A09, 0x2986, 0x31A7, 0x52CB, 0x4A8B,
  0x5B0C, 0x39E8, 0x2986, 0x2986, 0x52CC, 0x634D, 0x630C, 0x39E8, 0x426A, 0x4A8A, 0x2986, 0x2166, 0x1904, 0x31C7, 0x4229, 0x2966,
  0x0861, 0x0861, 0x0882, 0x0841, 0x0041, 0x0861, 0x0041, 0x10A2, 0x31E8, 0x18E4, 0x0841, 0x0820, 0x0020, 0x0041, 0x0041, 0x0041,
  0x0882, 0x1904, 0x424A, 0x52CC, 0x2986, 0x18E4, 0x0861, 0x10A2, 0x10A2, 0x0841, 0x0800, 0x0000, 0x0000, 0x1082, 0x3186, 0x2124,
  0x2125, 0x2104, 0x0861, 0x4A6A, 0x18E3, 0x4229, 0x5AEC, 0x18C3, 0x4249, 0x1082, 0x1082, 0x2104, 0x0820, 0x1041, 0x20A2, 0x18C3,
  0x2104, 0x1882, 0x0820, 0x0800, 0x0000, 0x0861, 0x1904, 0x0841, 0x10A2, 0x0000, 0x2104, 0x2986, 0x4249, 0x6BAE, 0x52CB, 0x52CB,
  0x0882, 0x528A, 0x52CB, 0x4208, 0x7BEF, 0x31A7, 0x2966, 0x73CF, 0x2986, 0x3A08, 0x73CF, 0x4A6A, 0x4229, 0x31A7, 0x18E3, 0x10A3,
  0x10A3, 0x4A8A, 0x4A6A, 0x632C, 0x4A8A, 0x18E3, 0x4249, 0x2986, 0x10C3, 0x31C7, 0x2966, 0x10A3, 0x0882, 0x0882, 0x31C7, 0x6B8E,
  0x18E4, 0x2966, 0x2104, 0x1082, 0x2125, 0x4229, 0x31C7, 0x2945, 0x18C3, 0x2966, 0x18E4, 0x18E4, 0x18E4, 0x0882, 0x10A3, 0x18E4,
  0x18E4, 0x10C3, 0x0882, 0x10A3, 0x10A2, 0x10A3, 0x10A3, 0x1082, 0x1082, 0x1062, 0x10A2, 0x0862, 0x0841, 0x0020, 0x0041, 0x3020,
  0x2841, 0x18E4, 0x18C3, 0x18E4, 0x2125, 0x1904, 0x10A3, 0x1904, 0x18E4, 0x18E4, 0x2145, 0x18E4, 0x10C3, 0x10A2, 0x10A2, 0x0861,
  0x0841, 0x0020, 0x0000, 0x0000, 0x0020, 0x0821, 0x0000, 0x0000, 0x0000, 0x0000, 0x0000, 0x0000, 0x0000, 0x0000, 0x0000, 0x0000,
  0x0000, 0x0000, 0x0000, 0x0000, 0x0000, 0x0000, 0x0000, 0x0000, 0x0000, 0x0000, 0x0841, 0x1082, 0x10A2, 0x0841, 0x0020, 0x10A2,
  0x1903, 0x18C3, 0x2124, 0x2945, 0x2104, 0x2945, 0x2966, 0x2966, 0x2145, 0x0021, 0x0841, 0x0882, 0x0861, 0x0041, 0x0041, 0x0021,
  0x0041, 0x0882, 0x0861, 0x0041, 0x0020, 0x0020, 0x0000, 0x0861, 0x0020, 0x0000, 0x0000, 0x0000, 0x0000, 0x0000, 0x0000, 0x0000,
  0x52AA, 0x6BAF, 0x1904, 0x0000, 0x0000, 0x0841, 0x2166, 0x31E8, 0x4229, 0x2145, 0x10C3, 0x2986, 0x31C7, 0x636E, 0x52EC, 0x52CC,
  0x3A29, 0x2966, 0x3A29, 0x31E8, 0x4A8B, 0x4A8B, 0x4229, 0x2987, 0x29A7, 0x2987, 0x2145, 0x1904, 0x1904, 0x2986, 0x2986, 0x2145,
  0x0882, 0x0041, 0x0041, 0x0020, 0x0861, 0x0882, 0x0041, 0x1924, 0x2986, 0x0841, 0x1082, 0x0862, 0x0021, 0x0041, 0x0020, 0x0841,
  0x4229, 0x2145, 0x39E8, 0x10C3, 0x0020, 0x10C3, 0x10A2, 0x1082, 0x0820, 0x0800, 0x0000, 0x0000, 0x1082, 0x4A29, 0x2104, 0x2104,
  0x3186, 0x2104, 0x3186, 0x5ACB, 0x1082, 0x2104, 0x39E7, 0x2966, 0x39E8, 0x0841, 0x0841, 0x0820, 0x10A2, 0x1061, 0x1061, 0x2104,
  0x1882, 0x0820, 0x0000, 0x0000, 0x0000, 0x0000, 0x0000, 0x10A2, 0x0000, 0x2124, 0x4229, 0x18E3, 0x1904, 0x2125, 0x2986, 0x1904,
  0x10C3, 0x18E3, 0x73CF, 0x39E7, 0x2965, 0x0020, 0x2966, 0x52AB, 0x31A7, 0x4A8A, 0x7BF0, 0x4A8B, 0x4A8A, 0x2966, 0x39E8, 0x31A6,
  0x2124, 0x2966, 0x18E4, 0x3A08, 0x3A08, 0x1082, 0x18E3, 0x31A6, 0x18E3, 0x10A2, 0x10A3, 0x1082, 0x39E8, 0x2125, 0x2965, 0x1904,
  0x1904, 0x2104, 0x2125, 0x10A3, 0x2125, 0x31A7, 0x2965, 0x52AB, 0x10C3, 0x10C3, 0x10A2, 0x18E4, 0x0862, 0x1082, 0x18E4, 0x18E3,
  0x18E3, 0x18E4, 0x10A3, 0x10A3, 0x10A2, 0x10A3, 0x10A2, 0x10C3, 0x10A3, 0x10A3, 0x18E4, 0x1082, 0x10C3, 0x0882, 0x0861, 0x4820,
  0x4800, 0x28C3, 0x2125, 0x18E4, 0x1904, 0x18E4, 0x1904, 0x1904, 0x1082, 0x18E4, 0x2125, 0x10C3, 0x10C3, 0x10A2, 0x0861, 0x0841,
  0x0000, 0x0000, 0x0000, 0x0000, 0x0000, 0x0861, 0x0020, 0x0000, 0x0000, 0x0000, 0x0000, 0x0000, 0x0000, 0x0000, 0x0000, 0x0000,
  0x0000, 0x0000, 0x0000, 0x0000, 0x0000, 0x0000, 0x0000, 0x0000, 0x0000, 0x0841, 0x18C3, 0x1082, 0x1082, 0x0841, 0x0020, 0x10A2,
  0x18C3, 0x2103, 0x2945, 0x1904, 0x2125, 0x39E8, 0x31A7, 0x1904, 0x0861, 0x0862, 0x0882, 0x0041, 0x0841, 0x0861, 0x0021, 0x0021,
  0x0041, 0x0041, 0x0041, 0x0041, 0x0020, 0x0020, 0x0841, 0x0020, 0x0020, 0x0020, 0x0000, 0x0000, 0x0000, 0x0020, 0x0000, 0x3A08,
  0x6B8E, 0x29C8, 0x2166, 0x0020, 0x0000, 0x10C3, 0x2966, 0x18E4, 0x3A29, 0x2986, 0x10C3, 0x2166, 0x52CC, 0x5B2D, 0x4249, 0x424A,
  0x31C8, 0x31A7, 0x2987, 0x31E8, 0x3A29, 0x3A09, 0x2986, 0x10C3, 0x18E4, 0x18E4, 0x18E4, 0x2966, 0x2166, 0x1925, 0x39E8, 0x2986,
  0x10A3, 0x0021, 0x0000, 0x0861, 0x10A3, 0x0041, 0x10C3, 0x3A29, 0x10C3, 0x0861, 0x0882, 0x0041, 0x0020, 0x0000, 0x0882, 0x424A,
  0x31A7, 0x10A3, 0x3A08, 0x10C3, 0x2145, 0x18C3, 0x0041, 0x0000, 0x0800, 0x0000, 0x0000, 0x1062, 0x3166, 0x1061, 0x4A6A, 0x31A6,
  0x1082, 0x4208, 0x39E8, 0x528B, 0x7BD0, 0x9492, 0x630C, 0x2124, 0x0841, 0x18C3, 0x1082, 0x0020, 0x0861, 0x0861, 0x0840, 0x1820,
  0x2020, 0x1020, 0x1000, 0x0800, 0x0000, 0x0000, 0x0020, 0x0841, 0x0000, 0x0820, 0x1082, 0x0840, 0x18E3, 0x2966, 0x0861, 0x3A08,
  0x2986, 0x10A3, 0x39E7, 0x2124, 0x18C3, 0x4208, 0x2966, 0x634D, 0x2124, 0x31A7, 0x39E8, 0x10C3, 0x52AB, 0x8431, 0x94B3, 0x5AEC,
  0x3A08, 0x2966, 0x10A3, 0x10A2, 0x2945, 0x2145, 0x2145, 0x18C3, 0x2125, 0x4A6A, 0x2125, 0x2104, 0x4A49, 0x52CB, 0x18C3, 0x0882,
  0x2104, 0x52AB, 0x4A49, 0x10C3, 0x18C3, 0x2104, 0x18E4, 0x18E4, 0x2104, 0x39C7, 0x2104, 0x2125, 0x10A3, 0x1904, 0x39C7, 0x18E4,
  0x18E4, 0x18E4, 0x2125, 0x1904, 0x18C3, 0x1082, 0x10A3, 0x18E3, 0x10A3, 0x10A3, 0x10C3, 0x10A3, 0x1082, 0x10C3, 0x18A3, 0x5020,
  0x4000, 0x3021, 0x18A2, 0x10A2, 0x2124, 0x2104, 0x10C3, 0x2145, 0x2145, 0x18C3, 0x10A2, 0x0861, 0x1082, 0x0840, 0x0000, 0x0000,
  0x0000, 0x0041, 0x0020, 0x0020, 0x0041, 0x0882, 0x0841, 0x0000, 0x0000, 0x0000, 0x0000, 0x0000, 0x0000, 0x0000, 0x0000, 0x0000,
  0x0000, 0x0000, 0x0000, 0x0000, 0x0000, 0x0000, 0x0000, 0x0000, 0x0000, 0x0861, 0x18C3, 0x10A2, 0x0861, 0x0020, 0x0841, 0x18C3,
  0x10A2, 0x2965, 0x2124, 0x1082, 0x2965, 0x31C7, 0x2104, 0x10C3, 0x0861, 0x0882, 0x0882, 0x0041, 0x0041, 0x0041, 0x0020, 0x0020,
  0x0041, 0x0841, 0x0020, 0x0020, 0x0020, 0x0841, 0x0841, 0x0000, 0x0000, 0x0000, 0x0000, 0x0000, 0x0000, 0x0000, 0x2125, 0x8C72,
  0x31C8, 0x29A7, 0x1925, 0x0041, 0x0000, 0x0861, 0x10E3, 0x424A, 0x3A29, 0x1904, 0x2166, 0x4249, 0x7C10, 0x5B2D, 0x3A08, 0x31A7,
  0x31C7, 0x2986, 0x1925, 0x1904, 0x2145, 0x2145, 0x10E4, 0x08A2, 0x10A3, 0x31C7, 0x4229, 0x29A7, 0x2146, 0x10A3, 0x10C3, 0x10A3,
  0x08A2, 0x0861, 0x0861, 0x10C3, 0x0841, 0x0020, 0x2145, 0x10C3, 0x10A3, 0x1904, 0x0000, 0x0000, 0x0000, 0x1082, 0x2987, 0x5B0D,
  0x31E8, 0x31A7, 0x18C3, 0x0882, 0x1904, 0x0841, 0x0000, 0x0800, 0x0000, 0x0000, 0x10A2, 0x2104, 0x18A2, 0x39C7, 0x4208, 0x18E3,
  0x2966, 0x7C10, 0x31A7, 0x7BCF, 0xB5B7, 0xC639, 0x4208, 0x18E4, 0x18A2, 0x18A2, 0x1061, 0x0841, 0x0841, 0x1820, 0x2000, 0x3000,
  0x2800, 0x0800, 0x0000, 0x0000, 0x0000, 0x0800, 0x0800, 0x0000, 0x0000, 0x0820, 0x1061, 0x0020, 0x0000, 0x0861, 0x18C3, 0x0020,
  0x1082, 0x1082, 0x1040, 0x18C3, 0x3186, 0x31A6, 0x1082, 0x5B0C, 0x94B3, 0xAD76, 0x31A6, 0x0021, 0x4249, 0x73AF, 0x8C92, 0x7C10,
  0x52AB, 0x3186, 0x1904, 0x10A2, 0x18E4, 0x7BEF, 0x7BCF, 0x2986, 0x39C7, 0x2966, 0x2986, 0x2124, 0x2986, 0x10A2, 0x2145, 0x4229,
  0x2145, 0x10A3, 0x2145, 0x18E4, 0x10C3, 0x10A3, 0x10C3, 0x10A3, 0x18E4, 0x10A3, 0x18E4, 0x39C7, 0x3186, 0x18E3, 0x18C3, 0x2145,
  0x10A3, 0x18E4, 0x1904, 0x2104, 0x18E4, 0x18E4, 0x2125, 0x10C3, 0x0882, 0x0882, 0x0882, 0x10A2, 0x18C3, 0x10E4, 0x38C3, 0x5800,
  0x3821, 0x3041, 0x1841, 0x1861, 0x1862, 0x18C3, 0x2945, 0x2104, 0x10A3, 0x0861, 0x1082, 0x0841, 0x0000, 0x0000, 0x0000, 0x0021,
  0x0862, 0x0882, 0x10A2, 0x10A2, 0x10A3, 0x1082, 0x0841, 0x0000, 0x0000, 0x0000, 0x0000, 0x0000, 0x0000, 0x0000, 0x0000, 0x0000,
  0x0000, 0x0000, 0x0000, 0x0000, 0x0000, 0x0000, 0x0000, 0x0000, 0x0020, 0x0861, 0x1082, 0x1082, 0x0841, 0x0020, 0x0861, 0x18C3,
  0x18C2, 0x3186, 0x2945, 0x18C3, 0x2986, 0x2145, 0x18C3, 0x0882, 0x0882, 0x0882, 0x0841, 0x0020, 0x0041, 0x0041, 0x0000, 0x0020,
  0x0861, 0x0041, 0x0041, 0x0841, 0x0861, 0x0040, 0x0000, 0x0000, 0x0000, 0x0000, 0x0000, 0x0000, 0x0000, 0x0041, 0x7C11, 0x3A29,
  0x29A7, 0x3A29, 0x2166, 0x0882, 0x0000, 0x0020, 0x1904, 0x3A08, 0x2145, 0x2125, 0xAD76, 0x8431, 0x5B0C, 0x4249, 0x31A7, 0x3A08,
  0x31E8, 0x2145, 0x10A3, 0x0000, 0x0861, 0x10A3, 0x10C3, 0x1925, 0x31C7, 0x4249, 0x1925, 0x1904, 0x1925, 0x0882, 0x0000, 0x18C3,
  0x18E4, 0x0882, 0x2125, 0x0862, 0x0000, 0x0882, 0x1904, 0x0841, 0x2987, 0x0882, 0x0000, 0x0020, 0x10C3, 0x31A7, 0x73D0, 0x31C7,
  0x1904, 0x1082, 0x0882, 0x0861, 0x0000, 0x0000, 0x0000, 0x0020, 0x0000, 0x18E3, 0x2945, 0x39A7, 0x39C7, 0x3166, 0x0841, 0x18C3,
  0x738E, 0x8C72, 0x10A3, 0x52AB, 0x39C7, 0x3186, 0x2104, 0x18E3, 0x18C3, 0x20E3, 0x0841, 0x1061, 0x2820, 0x3800, 0x3000, 0x1000,
  0x0000, 0x0000, 0x0000, 0x0000, 0x0000, 0x0000, 0x1000, 0x1000, 0x0800, 0x0000, 0x0000, 0x0000, 0x0000, 0x0000, 0x0000, 0x0820,
  0x0020, 0x0820, 0x0820, 0x0841, 0x0020, 0x0862, 0x2986, 0x10A2, 0x2124, 0x31A7, 0x2966, 0x4208, 0x4249, 0x73AF, 0x7BF0, 0x52AB,
  0x2966, 0x0862, 0x31A7, 0x39C7, 0x3186, 0x31A6, 0x2966, 0x18E4, 0x52CB, 0x4249, 0x2125, 0x10A3, 0x31A6, 0x39E8, 0x52CB, 0x738E,
  0x2965, 0x2124, 0x2124, 0x10C3, 0x10A3, 0x2125, 0x1904, 0x10A3, 0x18C3, 0x10C3, 0x18C3, 0x2945, 0x4208, 0x2145, 0x4208, 0x5ACB,
  0x10A3, 0x10A3, 0x2125, 0x18E4, 0x2104, 0x18C3, 0x10C3, 0x2104, 0x18E4, 0x10A3, 0x10C3, 0x10A3, 0x2125, 0x1904, 0x50A3, 0x5000,
  0x3041, 0x2841, 0x2841, 0x2041, 0x1882, 0x1082, 0x1082, 0x10A2, 0x1082, 0x0861, 0x0020, 0x0000, 0x0020, 0x1082, 0x18E3, 0x2145,
  0x2986, 0x18E4, 0x18E3, 0x18E4, 0x18E3, 0x10A3, 0x18C3, 0x0841, 0x0000, 0x0000, 0x0000, 0x0000, 0x0000, 0x0000, 0x0000, 0x0000,
  0x0000, 0x0000, 0x0000, 0x0000, 0x0000, 0x0000, 0x0000, 0x0000, 0x0861, 0x0861, 0x1082, 0x1081, 0x0020, 0x0000, 0x0861, 0x18C2,
  0x18E3, 0x2965, 0x2124, 0x2124, 0x31C7, 0x1904, 0x18E3, 0x0041, 0x0861, 0x18C3, 0x0861, 0x0041, 0x0021, 0x0041, 0x0020, 0x0020,
  0x0041, 0x0020, 0x0021, 0x0861, 0x0020, 0x0020, 0x0000, 0x0000, 0x0000, 0x0000, 0x0000, 0x0000, 0x0000, 0x52CB, 0x52EC, 0x2145,
  0x31C8, 0x2166, 0x10E4, 0x10C3, 0x0000, 0x0041, 0x10E4, 0x10C3, 0x2986, 0x4229, 0x7BF0, 0x632D, 0x31C8, 0x4249, 0x3A29, 0x31C8,
  0x3A08, 0x18E4, 0x2145, 0x4229, 0x0000, 0x0862, 0x2145, 0x2145, 0x1904, 0x2986, 0x2145, 0x18E4, 0x0862, 0x0861, 0x0882, 0x2125,
  0x0021, 0x0041, 0x2145, 0x1904, 0x0882, 0x0000, 0x0000, 0x10A3, 0x0882, 0x0000, 0x0020, 0x0882, 0x2966, 0x4AAB, 0x52CB, 0x2145,
  0x0041, 0x10A3, 0x0861, 0x0020, 0x0820, 0x0800, 0x2965, 0x18A3, 0x2924, 0x3986, 0x3166, 0x3166, 0x18C3, 0x0841, 0x2966, 0x5AEC,
  0x5ACC, 0x52CB, 0x18E4, 0x3186, 0x20E3, 0x1882, 0x20C3, 0x18A2, 0x1041, 0x1882, 0x1800, 0x4000, 0x5800, 0x3000, 0x0000, 0x0000,
  0x0000, 0x0000, 0x0000, 0x0800, 0x2000, 0x1000, 0x0000, 0x0800, 0x1800, 0x2000, 0x2000, 0x1000, 0x0000, 0x0000, 0x0820, 0x0820,
  0x0000, 0x0820, 0x1020, 0x0840, 0x0841, 0x10C3, 0x31C7, 0x2986, 0x10A3, 0x0861, 0x7BF0, 0x4208, 0x4229, 0x4A69, 0x4A49, 0x18E4,
  0x1904, 0x0882, 0x4249, 0x3186, 0x39C7, 0x3186, 0x0841, 0x1082, 0x2965, 0x10A3, 0x18E4, 0x10A2, 0x10A3, 0x18C3, 0x1082, 0x0841,
  0x10A2, 0x10A2, 0x2965, 0x10A3, 0x2145, 0x39E8, 0x2986, 0x52AB, 0x4A8A, 0x2966, 0x18E3, 0x18C3, 0x2986, 0x2945, 0x18C3, 0x738E,
  0x4208, 0x18C3, 0x31A6, 0x4229, 0x18C3, 0x18C3, 0x2104, 0x18E3, 0x18E3, 0x18E3, 0x2125, 0x2986, 0x1925, 0x3125, 0x6061, 0x3800,
  0x2841, 0x2841, 0x3020, 0x2041, 0x18C3, 0x10A2, 0x0861, 0x1081, 0x0841, 0x0000, 0x0000, 0x0841, 0x2104, 0x31A6, 0x2966, 0x2966,
  0x31A7, 0x3186, 0x2124, 0x2125, 0x2124, 0x1082, 0x10A2, 0x0861, 0x0000, 0x0000, 0x0000, 0x0000, 0x0000, 0x0000, 0x0000, 0x0000,
  0x0000, 0x0000, 0x0000, 0x0000, 0x0000, 0x0000, 0x0000, 0x0841, 0x0861, 0x0840, 0x1082, 0x1082, 0x0841, 0x0000, 0x0861, 0x1082,
  0x18E3, 0x2945, 0x10C2, 0x2945, 0x2966, 0x18E3, 0x0861, 0x0020, 0x10A2, 0x0882, 0x0021, 0x0020, 0x2880, 0x1041, 0x0020, 0x0020,
  0x0020, 0x0841, 0x0841, 0x0020, 0x0000, 0x0020, 0x0000, 0x0000, 0x0000, 0x0000, 0x0000, 0x0000, 0x2965, 0x634E, 0x2986, 0x2166,
  0x3208, 0x1925, 0x10E4, 0x1904, 0x0000, 0x0041, 0x2145, 0x1925, 0x4A8A, 0x5AEC, 0x4249, 0x3A09, 0x29A7, 0x31E8, 0x31C8, 0x2986,
  0x31E8, 0x10A3, 0x4A6A, 0x73CF, 0x0841, 0x0000, 0x0882, 0x0862, 0x08A2, 0x10A3, 0x10A3, 0x0882, 0x0861, 0x10A2, 0x0882, 0x0041,
  0x0061, 0x10C3, 0x2166, 0x10A3, 0x18E3, 0x0000, 0x0041, 0x0841, 0x0000, 0x0021, 0x0021, 0x10C3, 0x4A6A, 0x5B0D, 0x10A2, 0x0000,
  0x0882, 0x10A2, 0x0000, 0x0000, 0x0000, 0x2104, 0x4A6A, 0x18E3, 0x20C3, 0x28E3, 0x20C3, 0x3186, 0x18C3, 0x31A7, 0x4A6A, 0xBDD7,
  0x8C51, 0x2986, 0x4229, 0x18C3, 0x1061, 0x1041, 0x1861, 0x0820, 0x1841, 0x3020, 0x5800, 0x6000, 0x2800, 0x0000, 0x0000, 0x0000,
  0x0000, 0x0800, 0x0000, 0x1800, 0x2800, 0x2800, 0x1000, 0x0000, 0x0000, 0x0800, 0x2000, 0x3000, 0x2800, 0x1800, 0x1000, 0x1800,
  0x0800, 0x0820, 0x0840, 0x0000, 0x0820, 0x0000, 0x0020, 0x2104, 0x18C3, 0x2945, 0x18C3, 0x0841, 0x39E8, 0x4A49, 0x18C3, 0x2125,
  0x4A49, 0x2124, 0x2124, 0x18E3, 0x8410, 0xA514, 0x632D, 0x4A8A, 0x39E8, 0x10A3, 0x39C7, 0x2965, 0x2125, 0x1082, 0x18E3, 0x2965,
  0x10A2, 0x2104, 0x3186, 0x4A49, 0x4A4A, 0x2945, 0x10A2, 0x18E4, 0x5AEC, 0x632D, 0x39E8, 0x3186, 0x2945, 0x73AF, 0x52AB, 0x4A49,
  0x4208, 0x2125, 0x2945, 0x2104, 0x18C3, 0x18C3, 0x2125, 0x1904, 0x31A7, 0x18C3, 0x31A7, 0x39C7, 0x2166, 0x6966, 0x5800, 0x3041,
  0x2841, 0x3021, 0x2800, 0x1841, 0x18C3, 0x1082, 0x0841, 0x0000, 0x0000, 0x0020, 0x1082, 0x18E3, 0x2145, 0x3186, 0x31A6, 0x2124,
  0x18C3, 0x18E3, 0x18E4, 0x18E4, 0x1082, 0x0861, 0x0862, 0x0841, 0x0000, 0x0000, 0x0000, 0x0000, 0x0000, 0x0000, 0x0000, 0x0000,
  0x0000, 0x0000, 0x0000, 0x0000, 0x0000, 0x0000, 0x0000, 0x0861, 0x0841, 0x0020, 0x1081, 0x0861, 0x0841, 0x0020, 0x1082, 0x10A2,
  0x2145, 0x2124, 0x18C3, 0x2124, 0x2124, 0x2104, 0x0862, 0x0041, 0x0861, 0x0861, 0x0000, 0x2040, 0xBB23, 0x38A0, 0x0000, 0x0020,
  0x0020, 0x0861, 0x0020, 0x0020, 0x0020, 0x0000, 0x0000, 0x0000, 0x0000, 0x0000, 0x0000, 0x1082, 0x634D, 0x3A29, 0x2987, 0x3A09,
  0x3A09, 0x1904, 0x1904, 0x10E4, 0x0041, 0x0020, 0x0882, 0x4AAA, 0x52CB, 0x31C8, 0x3A29, 0x3A08, 0x2145, 0x29A7, 0x2125, 0x1904,
  0x10C3, 0x0882, 0x634E, 0x6BAF, 0x2145, 0x0000, 0x0041, 0x0041, 0x0862, 0x0862, 0x0861, 0x0862, 0x0862, 0x0861, 0x0862, 0x0882,
  0x18E4, 0x10A3, 0x0021, 0x10A3, 0x0882, 0x0020, 0x0862, 0x0000, 0x0000, 0x0882, 0x10C3, 0x5AEC, 0x426A, 0x10C3, 0x0000, 0x18E4,
  0x20E4, 0x1020, 0x0000, 0x0020, 0x18C3, 0x2104, 0x0000, 0x10A2, 0x4A4A, 0x10A3, 0x39E7, 0x52CC, 0x7BF0, 0x31A7, 0x2945, 0x7BCF,
  0x52AB, 0x2104, 0x2125, 0x18A3, 0x18C3, 0x1041, 0x18A2, 0x2040, 0x4820, 0x7000, 0x5000, 0x1800, 0x0800, 0x1000, 0x1000, 0x1000,
  0x0000, 0x0000, 0x1800, 0x3000, 0x2800, 0x2800, 0x1800, 0x1000, 0x1000, 0x1000, 0x0000, 0x0800, 0x1800, 0x2000, 0x3000, 0x4000,
  0x3800, 0x2800, 0x1800, 0x0800, 0x0820, 0x1040, 0x0820, 0x0841, 0x0841, 0x18A2, 0x0820, 0x4249, 0x4229, 0x2965, 0x18C3, 0x1082,
  0x39C7, 0x73AF, 0x3186, 0x2104, 0x73CF, 0x9CD3, 0x62EC, 0x2965, 0x3186, 0x39C7, 0x2104, 0x73AE, 0x73AE, 0x4A49, 0x31A7, 0x9492,
  0x52AB, 0x6B6E, 0x52AA, 0x2125, 0x7BF0, 0x4A49, 0x39E8, 0x18E4, 0x630C, 0x73AF, 0x4A49, 0x2104, 0x2124, 0x528A, 0x630C, 0x1082,
  0x10A2, 0x18C3, 0x2104, 0x2125, 0x2945, 0x18E4, 0x18E4, 0x18E3, 0x31C7, 0x2986, 0x2145, 0x2986, 0x3166, 0x68A3, 0x3800, 0x2821,
  0x3000, 0x2821, 0x20C3, 0x1881, 0x1061, 0x0000, 0x0000, 0x0000, 0x0000, 0x0861, 0x18C3, 0x10A2, 0x18E3, 0x2104, 0x2145, 0x18E3,
  0x0041, 0x10A3, 0x1082, 0x10A2, 0x1082, 0x0841, 0x0861, 0x0841, 0x0020, 0x0000, 0x0000, 0x0000, 0x0000, 0x0000, 0x0000, 0x0000,
  0x0000, 0x0000, 0x0000, 0x0000, 0x0000, 0x0000, 0x0000, 0x0841, 0x0020, 0x0020, 0x0841, 0x0861, 0x0020, 0x0000, 0x10A2, 0x18E3,
  0x2124, 0x18E3, 0x2104, 0x2945, 0x1903, 0x18C3, 0x0882, 0x0861, 0x0861, 0x0020, 0x0020, 0x0020, 0x1840, 0x0840, 0x0020, 0x0041,
  0x0041, 0x0040, 0x0000, 0x0000, 0x0000, 0x0000, 0x0000, 0x0000, 0x0000, 0x0000, 0x0000, 0x4229, 0x3A09, 0x2145, 0x29C7, 0x3A29,
  0x2166, 0x2166, 0x2166, 0x10E4, 0x0882, 0x0000, 0x10A3, 0x4249, 0x31C7, 0x424A, 0x3A29, 0x29A7, 0x31C8, 0x3A08, 0x1904, 0x1904,
  0x10E4, 0x31C7, 0x6BD0, 0x7C10, 0x31A7, 0x0021, 0x0000, 0x0000, 0x0021, 0x0862, 0x0862, 0x0861, 0x0862, 0x0041, 0x0862, 0x0021,
  0x2145, 0x2966, 0x0861, 0x10C3, 0x0000, 0x0020, 0x0020, 0x0021, 0x0041, 0x1904, 0x5B0D, 0x3A08, 0x0882, 0x0862, 0x18E4, 0x2104,
  0x1020, 0x0000, 0x1082, 0x18C3, 0x39C7, 0x4208, 0x0861, 0x4A6A, 0x39C7, 0x0862, 0x31A6, 0x5AEC, 0x8C72, 0x4A49, 0x2945, 0x2145,
  0x18E4, 0x2904, 0x0800, 0x1040, 0x1082, 0x1041, 0x3081, 0x6800, 0x7800, 0x4800, 0x0800, 0x0800, 0x2800, 0x3000, 0x2000, 0x3000,
  0x2000, 0x0000, 0x2000, 0x2800, 0x1800, 0x1800, 0x2000, 0x3020, 0x2800, 0x1800, 0x1800, 0x1000, 0x0800, 0x0000, 0x0800, 0x1000,
  0x1800, 0x2800, 0x3000, 0x2800, 0x2800, 0x2840, 0x1861, 0x1020, 0x1061, 0x1881, 0x0820, 0x18E4, 0x18E4, 0x10A3, 0x39E7, 0x2104,
  0x0000, 0x2124, 0x18C3, 0x4A49, 0x4228, 0x73AE, 0x52AA, 0x73AE, 0x5AEC, 0x2986, 0x18E3, 0x4A6A, 0x9CF4, 0x4A6A, 0x39C7, 0x31A7,
  0x52AB, 0x5AEC, 0x2145, 0x0861, 0x4A49, 0x4A69, 0x3186, 0x2986, 0x18C3, 0x7BCF, 0x630C, 0x18C3, 0x2945, 0x2104, 0x18E3, 0x10A2,
  0x0841, 0x1082, 0x39E8, 0x18C3, 0x10A3, 0x2986, 0x4249, 0x18C3, 0x10A3, 0x2145, 0x10C3, 0x1904, 0x61A6, 0x5000, 0x2800, 0x2000,
  0x2861, 0x18C2, 0x0861, 0x0020, 0x0000, 0x0000, 0x0000, 0x0020, 0x0000, 0x0000, 0x0000, 0x0020, 0x0841, 0x1082, 0x1082, 0x0841,
  0x10A2, 0x10A2, 0x10A2, 0x18E3, 0x1082, 0x0841, 0x0841, 0x0020, 0x0841, 0x0000, 0x0000, 0x0000, 0x0000, 0x0000, 0x0000, 0x0000,
  0x0000, 0x0000, 0x0000, 0x0000, 0x0000, 0x0000, 0x0861, 0x0841, 0x0020, 0x0841, 0x0020, 0x0841, 0x0840, 0x0000, 0x1082, 0x18C3,
  0x18E3, 0x1904, 0x1082, 0x2124, 0x2124, 0x0861, 0x0841, 0x0861, 0x0861, 0x0020, 0x0021, 0x0020, 0x0020, 0x0020, 0x0000, 0x0841,
  0x0882, 0x0020, 0x0000, 0x0000, 0x0000, 0x0000, 0x0000, 0x0000, 0x0000, 0x0000, 0x4208, 0x7C10, 0x31C7, 0x1925, 0x2987, 0x29A7,
  0x1904, 0x1904, 0x1925, 0x10E4, 0x10C3, 0x0000, 0x1082, 0x31E8, 0x2125, 0x3A08, 0x2145, 0x2986, 0x2166, 0x2125, 0x2166, 0x2145,
  0x4AAB, 0x638F, 0x8452, 0x426A, 0x10C3, 0x0882, 0x0000, 0x0000, 0x0020, 0x0041, 0x0861, 0x0861, 0x0041, 0x0021, 0x0000, 0x10C3,
  0x18E4, 0x10C3, 0x10A3, 0x0020, 0x0041, 0x0041, 0x0000, 0x0841, 0x10C3, 0x5B0C, 0x3186, 0x0021, 0x0021, 0x18E4, 0x20C3, 0x0800,
  0x0000, 0x0841, 0x10C3, 0x0841, 0x3145, 0x18A2, 0x1082, 0x31A6, 0x2966, 0x8C72, 0x73AF, 0x18E4, 0x4209, 0x3186, 0x10A3, 0x18A2,
  0x28C2, 0x20A2, 0x1061, 0x1061, 0x1861, 0x2800, 0x7000, 0x8800, 0x4800, 0x1000, 0x1800, 0x3000, 0x3000, 0x2000, 0x3000, 0x3800,
  0x3000, 0x2000, 0x2800, 0x3000, 0x3000, 0x2800, 0x2800, 0x2820, 0x2820, 0x2820, 0x2820, 0x2820, 0x1800, 0x1800, 0x1000, 0x1000,
  0x0800, 0x0000, 0x0800, 0x1800, 0x2800, 0x3800, 0x3000, 0x1800, 0x1020, 0x1861, 0x1061, 0x1061, 0x0841, 0x2104, 0x39E8, 0x2104,
  0x2965, 0x18C3, 0x2965, 0x5ACB, 0x2124, 0x2124, 0x94B2, 0x8410, 0x39C7, 0x528A, 0x2104, 0x0862, 0x31A7, 0x5AEC, 0x8451, 0x9CF4,
  0x4A49, 0x5ACB, 0x0020, 0x0000, 0x73AE, 0x7BEF, 0x0861, 0x4A49, 0x18E3, 0x31A6, 0x2986, 0x0882, 0x10A2, 0x18C3, 0x2124, 0x20E4,
  0x18C3, 0x2124, 0x2124, 0x31A7, 0x2104, 0x3186, 0x52AB, 0x31C8, 0x2125, 0x2125, 0x1925, 0x2924, 0x78E3, 0x4000, 0x1820, 0x18A2,
  0x1082, 0x0020, 0x0000, 0x0000, 0x0000, 0x0020, 0x1082, 0x10A2, 0x0841, 0x0000, 0x0000, 0x0000, 0x0000, 0x0000, 0x0000, 0x0000,
  0x0020, 0x0840, 0x0841, 0x0040, 0x0841, 0x0841, 0x0020, 0x0020, 0x0841, 0x0861, 0x0000, 0x0000, 0x0000, 0x0000, 0x0000, 0x0000,
  0x0000, 0x0000, 0x0000, 0x0000, 0x0000, 0x0000, 0x0861, 0x0020, 0x0020, 0x0841, 0x0020, 0x0000, 0x0000, 0x0000, 0x1082, 0x10A2,
  0x18C3, 0x2124, 0x18E3, 0x2104, 0x18E3, 0x0861, 0x0861, 0x10A2, 0x0861, 0x0020, 0x0041, 0x0041, 0x0020, 0x0020, 0x0020, 0x0020,
  0x0041, 0x0000, 0x0000, 0x0020, 0x0000, 0x0000, 0x0000, 0x0000, 0x0000, 0x18E3, 0x6B8E, 0x52CC, 0x2986, 0x1925, 0x31C7, 0x2186,
  0x1905, 0x1945, 0x2166, 0x10A3, 0x10C3, 0x0000, 0x0041, 0x31E8, 0x2966, 0x1904, 0x1925, 0x2186, 0x1925, 0x2145, 0x18E4, 0x52CC,
  0x6BCF, 0x5B2D, 0x7C31, 0x4AAB, 0x1904, 0x10C3, 0x0882, 0x0000, 0x0000, 0x0020, 0x0041, 0x0041, 0x0020, 0x0041, 0x0882, 0x2966,
  0x0882, 0x0841, 0x10C3, 0x0041, 0x0020, 0x0000, 0x0000, 0x18E4, 0x4A6A, 0x4A6A, 0x10A3, 0x0021, 0x18E4, 0x1082, 0x0800, 0x0000,
  0x0000, 0x18A3, 0x3186, 0x4A49, 0x630D, 0x4208, 0x7C11, 0x2965, 0x2945, 0x94B3, 0x52AB, 0x10A3, 0x39E8, 0x10A2, 0x18C3, 0x0820,
  0x1861, 0x1061, 0x1861, 0x2861, 0x5000, 0x8000, 0x7000, 0x3800, 0x2000, 0x4000, 0x4800, 0x4000, 0x4000, 0x2800, 0x4020, 0x3820,
  0x2000, 0x2820, 0x3820, 0x3800, 0x3000, 0x3020, 0x3040, 0x3040, 0x3040, 0x2840, 0x2820, 0x3040, 0x2020, 0x1820, 0x1820, 0x0800,
  0x0800, 0x0000, 0x0000, 0x0000, 0x0000, 0x1800, 0x3000, 0x3800, 0x2800, 0x1820, 0x1082, 0x0861, 0x0861, 0x0020, 0x20E3, 0x18E4,
  0x738E, 0x39C7, 0x52CB, 0x39C7, 0x2145, 0x2104, 0x0841, 0x0841, 0x4208, 0x73AF, 0x39C7, 0x3186, 0x10A2, 0x18C3, 0x528A, 0x4208,
  0x0841, 0x39E8, 0x18E4, 0x18C3, 0x2104, 0x0861, 0x0861, 0x1082, 0x0861, 0x0000, 0x0000, 0x0841, 0x10A2, 0x1082, 0x2124, 0x18E3,
  0x4228, 0x3186, 0x18C3, 0x4A6A, 0x18E3, 0x10C3, 0x4249, 0x2986, 0x10A3, 0x2125, 0x2186, 0x7A07, 0x6820, 0x2020, 0x0861, 0x0841,
  0x0000, 0x0000, 0x0000, 0x0020, 0x0021, 0x0882, 0x1082, 0x18E4, 0x2125, 0x18E3, 0x0841, 0x0020, 0x0000, 0x0000, 0x0000, 0x0000,
  0x0020, 0x0020, 0x0020, 0x0020, 0x0020, 0x0020, 0x0000, 0x0000, 0x0000, 0x0841, 0x0000, 0x0000, 0x0000, 0x0000, 0x0000, 0x0000,
  0x0000, 0x0000, 0x0000, 0x0000, 0x0000, 0x0000, 0x0020, 0x0020, 0x0020, 0x0841, 0x0041, 0x0000, 0x0000, 0x0000, 0x1061, 0x10A2,
  0x10C3, 0x18E3, 0x2124, 0x2104, 0x10A2, 0x0861, 0x0882, 0x1082, 0x0841, 0x0021, 0x0021, 0x0020, 0x0000, 0x0020, 0x0841, 0x0020,
  0x0000, 0x0000, 0x0000, 0x0000, 0x0000, 0x0000, 0x0000, 0x0000, 0x0000, 0x5AEC, 0x52CB, 0x3A29, 0x2186, 0x3A09, 0x424A, 0x2166,
  0x1904, 0x1904, 0x10E4, 0x08A2, 0x08A2, 0x0861, 0x0020, 0x31A7, 0x1925, 0x1904, 0x2166, 0x1925, 0x2166, 0x10C3, 0x2966, 0x73F0,
  0x6B8E, 0x4AAB, 0x6B8F, 0x636E, 0x1925, 0x10C3, 0x18E4, 0x10C3, 0x0041, 0x0000, 0x0000, 0x0020, 0x0000, 0x0041, 0x10C3, 0x0041,
  0x0841, 0x10C3, 0x0841, 0x0020, 0x0020, 0x0020, 0x18E4, 0x4A8B, 0x2986, 0x10A2, 0x0882, 0x10C3, 0x1861, 0x1820, 0x0000, 0x0000,
  0x4A6A, 0x4209, 0x632D, 0x5ACC, 0x2125, 0x20E4, 0x39A7, 0x1061, 0x1082, 0x18E3, 0x10A2, 0x2966, 0x1882, 0x2081, 0x2104, 0x18A2,
  0x0861, 0x1882, 0x2841, 0x6800, 0x9800, 0x7000, 0x2800, 0x2800, 0x3800, 0x3800, 0x4800, 0x3000, 0x4000, 0x4000, 0x3820, 0x3840,
  0x3040, 0x3040, 0x3840, 0x2820, 0x2020, 0x3040, 0x3840, 0x3860, 0x3060, 0x2860, 0x2040, 0x2020, 0x1020, 0x0800, 0x0000, 0x0000,
  0x0000, 0x0820, 0x1020, 0x0800, 0x0000, 0x0000, 0x0000, 0x1800, 0x3000, 0x3000, 0x1800, 0x1000, 0x0820, 0x0840, 0x0000, 0x0020,
  0x0840, 0x10A2, 0x0861, 0x0000, 0x10A3, 0x3A08, 0x2124, 0x2124, 0x18E3, 0x0000, 0x10A2, 0x4A6A, 0x2124, 0x0020, 0x0020, 0x0881,
  0x2104, 0x2124, 0x0841, 0x0861, 0x1082, 0x0841, 0x0841, 0x0861, 0x0861, 0x1082, 0x0882, 0x0861, 0x1904, 0x2104, 0x2945, 0x0882,
  0x0861, 0x10A2, 0x2965, 0x18C3, 0x1082, 0x1082, 0x10A2, 0x18C3, 0x3186, 0x08A2, 0x5A08, 0x80C3, 0x3800, 0x0840, 0x0000, 0x0000,
  0x0000, 0x0000, 0x0882, 0x10C3, 0x0861, 0x0041, 0x1082, 0x1904, 0x10A2, 0x18E4, 0x0041, 0x0000, 0x0000, 0x0000, 0x0000, 0x0000,
  0x0000, 0x0000, 0x0000, 0x0000, 0x0000, 0x0000, 0x0000, 0x0000, 0x0000, 0x0020, 0x0841, 0x0000, 0x0000, 0x0000, 0x0000, 0x0000,
  0x0000, 0x0000, 0x0000, 0x0000, 0x0000, 0x0020, 0x0020, 0x0000, 0x0020, 0x0840, 0x0841, 0x0020, 0x0000, 0x0000, 0x0861, 0x1082,
  0x18C3, 0x18C3, 0x2104, 0x2124, 0x1082, 0x0861, 0x0882, 0x0881, 0x0021, 0x0021, 0x0020, 0x0000, 0x0000, 0x0020, 0x0041, 0x0000,
  0x0000, 0x0000, 0x0000, 0x0000, 0x0000, 0x0000, 0x0000, 0x0000, 0x39E8, 0x73CF, 0x6B8E, 0x3A29, 0x2186, 0x3208, 0x31C8, 0x2166,
  0x10E4, 0x10E4, 0x10A3, 0x0882, 0x0882, 0x10A3, 0x0841, 0x1904, 0x10C3, 0x2125, 0x1925, 0x2125, 0x2145, 0x2145, 0x5B0C, 0x634D,
  0x8C93, 0x634D, 0x4A8B, 0x31C7, 0x2145, 0x18E4, 0x0862, 0x0882, 0x0882, 0x1082, 0x0020, 0x0000, 0x0020, 0x0041, 0x0000, 0x1082,
  0x2145, 0x0882, 0x0000, 0x0020, 0x0000, 0x2986, 0x632D, 0x2145, 0x10A3, 0x0000, 0x2966, 0x3965, 0x1800, 0x0840, 0x0000, 0x528A,
  0x632D, 0x1082, 0x0841, 0x2125, 0x2924, 0x1041, 0x2061, 0x3966, 0x3986, 0x18A2, 0x20A2, 0x20A3, 0x1020, 0x1841, 0x1040, 0x2082,
  0x1881, 0x2000, 0x6000, 0x9000, 0x6800, 0x4000, 0x5800, 0x6000, 0x4000, 0x3800, 0x3800, 0x3000, 0x3000, 0x2800, 0x2820, 0x2840,
  0x2040, 0x2040, 0x1840, 0x1020, 0x0820, 0x1020, 0x1820, 0x1820, 0x0820, 0x0800, 0x0800, 0x1020, 0x1020, 0x1020, 0x1000, 0x0800,
  0x0000, 0x0000, 0x0800, 0x0820, 0x0820, 0x0800, 0x0000, 0x0000, 0x0000, 0x1000, 0x2000, 0x2800, 0x2000, 0x1000, 0x0000, 0x0820,
  0x0840, 0x0020, 0x0000, 0x0000, 0x0000, 0x0861, 0x0020, 0x0020, 0x0841, 0x0841, 0x0861, 0x0841, 0x0841, 0x0841, 0x0861, 0x10A2,
  0x1061, 0x0020, 0x0020, 0x0841, 0x0040, 0x0020, 0x0861, 0x0861, 0x0861, 0x0882, 0x1082, 0x10A2, 0x0861, 0x1082, 0x1082, 0x0882,
  0x10C3, 0x1082, 0x0861, 0x18C3, 0x10C3, 0x10C3, 0x1082, 0x18E4, 0x2145, 0x39A6, 0x8925, 0x5000, 0x0820, 0x0000, 0x0000, 0x0041,
  0x10A3, 0x0882, 0x1904, 0x0882, 0x10A2, 0x0882, 0x0041, 0x18E4, 0x0882, 0x0861, 0x0000, 0x0841, 0x10C3, 0x18E4, 0x10A2, 0x0000,
  0x0020, 0x0020, 0x0841, 0x0841, 0x0861, 0x0861, 0x0841, 0x0000, 0x0000, 0x0000, 0x0861, 0x0000, 0x0000, 0x0000, 0x0000, 0x0000,
  0x0000, 0x0000, 0x0000, 0x0000, 0x0000, 0x0861, 0x0000, 0x0000, 0x0000, 0x0020, 0x0841, 0x0020, 0x0000, 0x0000, 0x0861, 0x10A2,
  0x18E3, 0x1082, 0x18C3, 0x18C3, 0x1082, 0x10A2, 0x10A2, 0x0841, 0x0000, 0x0020, 0x0000, 0x0000, 0x0020, 0x0041, 0x0020, 0x0020,
  0x0000, 0x0000, 0x0000, 0x0000, 0x0000, 0x0000, 0x0000, 0x0861, 0x8431, 0x52CB, 0x5B2D, 0x2986, 0x1925, 0x2166, 0x2145, 0x1925,
  0x10C3, 0x10E3, 0x08A2, 0x0882, 0x0882, 0x10A3, 0x0882, 0x2986, 0x2145, 0x2125, 0x1904, 0x1904, 0x1904, 0x5B2D, 0x73D0, 0x4AAB,
  0x6B8F, 0x4A8B, 0x31E8, 0x29A7, 0x1904, 0x1925, 0x2145, 0x0021, 0x10C3, 0x1904, 0x2986, 0x31C7, 0x0862, 0x0000, 0x0000, 0x0882,
  0x10A3, 0x0020, 0x0000, 0x0000, 0x2125, 0x3A29, 0x2986, 0x2145, 0x0861, 0x0841, 0x18A2, 0x1020, 0x0820, 0x0000, 0x1082, 0x39C7,
  0x2124, 0x2945, 0x2124, 0x20C3, 0x2904, 0x1020, 0x1020, 0x3145, 0x2061, 0x3924, 0x20A2, 0x1000, 0x1061, 0x18A2, 0x20E3, 0x20C3,
  0x20A3, 0x20A2, 0x2882, 0x3061, 0x3841, 0x4020, 0x4820, 0x4820, 0x4000, 0x3800, 0x3000, 0x3000, 0x3000, 0x2800, 0x2820, 0x2820,
  0x2820, 0x2820, 0x2020, 0x2020, 0x0000, 0x0800, 0x0000, 0x0820, 0x1020, 0x1820, 0x2060, 0x1040, 0x1840, 0x1840, 0x2060, 0x1840,
  0x1840, 0x2060, 0x1020, 0x1020, 0x1840, 0x1020, 0x0800, 0x0000, 0x0000, 0x0000, 0x0000, 0x0800, 0x2000, 0x2800, 0x2800, 0x1000,
  0x0000, 0x0000, 0x0000, 0x0020, 0x0020, 0x0020, 0x0000, 0x0000, 0x0000, 0x0000, 0x0020, 0x0000, 0x0000, 0x0020, 0x0020, 0x0000,
  0x0020, 0x0020, 0x0820, 0x1040, 0x1820, 0x1800, 0x2000, 0x1000, 0x1800, 0x1820, 0x1082, 0x10C2, 0x0861, 0x0861, 0x1082, 0x1082,
  0x10A3, 0x10A2, 0x0841, 0x2145, 0x2145, 0x2966, 0x2966, 0x0882, 0x3985, 0x9186, 0x6000, 0x1800, 0x0020, 0x0841, 0x0841, 0x10C3,
  0x0882, 0x18E4, 0x2125, 0x0841, 0x0882, 0x10A2, 0x0041, 0x0020, 0x0020, 0x0000, 0x2125, 0x426A, 0x424A, 0x31A7, 0x2946, 0x18E4,
  0x0041, 0x0882, 0x10A2, 0x1082, 0x10A3, 0x10A2, 0x0020, 0x0000, 0x0861, 0x1082, 0x1082, 0x0020, 0x0000, 0x0000, 0x0000, 0x0000,
  0x0000, 0x0000, 0x0000, 0x0000, 0x0841, 0x0841, 0x0000, 0x0000, 0x0020, 0x0000, 0x0020, 0x0020, 0x0000, 0x0000, 0x0841, 0x10A2,
  0x18C2, 0x1082, 0x10A2, 0x18C2, 0x1082, 0x18C3, 0x10A2, 0x0041, 0x0000, 0x0020, 0x0020, 0x0000, 0x0020, 0x0020, 0x0000, 0x0020,
  0x0041, 0x0000, 0x0000, 0x0000, 0x0000, 0x0000, 0x0000, 0x52AB, 0x636E, 0x4229, 0x4AAB, 0x2145, 0x2145, 0x2145, 0x10E4, 0x10C3,
  0x10C3, 0x10A3, 0x08A2, 0x0882, 0x10A3, 0x0882, 0x0841, 0x10C3, 0x2166, 0x1904, 0x18E4, 0x0882, 0x31A7, 0x5B2D, 0x6BAF, 0x6BAF,
  0x52CC, 0x3A08, 0x2986, 0x31C8, 0x31E8, 0x29A7, 0x08A3, 0x0020, 0x2124, 0x426A, 0x39E8, 0x4249, 0x1904, 0x31C7, 0x0882, 0x0000,
  0x0000, 0x0841, 0x0021, 0x18E3, 0x4229, 0x4229, 0x18C3, 0x2145, 0x10C3, 0x1882, 0x2061, 0x0000, 0x0020, 0x1062, 0x52AB, 0x39C7,
  0x4A29, 0x20E3, 0x18A2, 0x0820, 0x1041, 0x18C3, 0x5AEC, 0x4249, 0x1082, 0x20C3, 0x20E3, 0x20C3, 0x2925, 0x2904, 0x20E4, 0x20C3,
  0x20A3, 0x20A2, 0x2882, 0x3061, 0x3841, 0x4020, 0x4020, 0x4820, 0x4000, 0x3800, 0x3000, 0x3000, 0x3000, 0x2800, 0x2820, 0x2820,
  0x2820, 0x2820, 0x2020, 0x2020, 0x2020, 0x2020, 0x2020, 0x2040, 0x1820, 0x3060, 0x50C0, 0x1840, 0x0000, 0x0000, 0x0000, 0x0000,
  0x0800, 0x1040, 0x1840, 0x1040, 0x0820, 0x1020, 0x1020, 0x0800, 0x0000, 0x0000, 0x0000, 0x0000, 0x0000, 0x0800, 0x1800, 0x2000,
  0x1800, 0x1000, 0x0800, 0x0000, 0x0000, 0x0000, 0x0000, 0x0000, 0x0020, 0x0020, 0x0020, 0x0000, 0x0000, 0x0020, 0x0020, 0x0000,
  0x0800, 0x1800, 0x3000, 0x3800, 0x3800, 0x2800, 0x1800, 0x3000, 0x6800, 0x6800, 0x4841, 0x1882, 0x0861, 0x0861, 0x0861, 0x10A2,
  0x18C3, 0x10A3, 0x10A2, 0x10A2, 0x10A3, 0x2125, 0x2186, 0x39A6, 0x8165, 0x6800, 0x2800, 0x0000, 0x0861, 0x0841, 0x10C3, 0x10C3,
  0x0862, 0x10C3, 0x1904, 0x0841, 0x0000, 0x0000, 0x0041, 0x0021, 0x0000, 0x0020, 0x4249, 0x4A8B, 0x4249, 0x3A08, 0x1904, 0x1904,
  0x0020, 0x0841, 0x1082, 0x10C3, 0x0861, 0x0020, 0x0000, 0x1082, 0x2945, 0x2945, 0x2124, 0x1082, 0x0000, 0x0000, 0x0000, 0x0000,
  0x0000, 0x0000, 0x0000, 0x0000, 0x0861, 0x0020, 0x0000, 0x0000, 0x0020, 0x0000, 0x0000, 0x0000, 0x0000, 0x0000, 0x0020, 0x10A2,
  0x10A2, 0x10A2, 0x20E3, 0x10A2, 0x0861, 0x1082, 0x1082, 0x0841, 0x0000, 0x0041, 0x0020, 0x0020, 0x0020, 0x0000, 0x0000, 0x0000,
  0x0020, 0x0000, 0x0000, 0x0000, 0x0000, 0x0000, 0x18E3, 0x7BF0, 0x3A08, 0x73AF, 0x3A29, 0x1945, 0x1925, 0x10E4, 0x10C3, 0x10E4,
  0x1904, 0x10A3, 0x10C3, 0x08A2, 0x08A3, 0x0861, 0x0841, 0x1904, 0x2145, 0x2145, 0x10C3, 0x10E3, 0x52EC, 0x638E, 0x94D4, 0x5B2D,
  0x426A, 0x31C7, 0x2966, 0x2166, 0x29A7, 0x2166, 0x0862, 0x0041, 0x2986, 0x31C7, 0x1925, 0x2165, 0x18E4, 0x2966, 0x2987, 0x2986,
  0x0882, 0x0041, 0x0862, 0x4AAB, 0x2966, 0x1082, 0x0861, 0x0020, 0x18A2, 0x2082, 0x0820, 0x0000, 0x0020, 0x3186, 0x3186, 0x52AB,
  0x83F0, 0x0841, 0x2904, 0x2904, 0x0841, 0x39C7, 0x31C7, 0x2104, 0x30C3, 0x2924, 0x2925, 0x2945, 0x2925, 0x2924, 0x2104, 0x20E3,
  0x20C3, 0x20A2, 0x2882, 0x3061, 0x3841, 0x4020, 0x4020, 0x4820, 0x4000, 0x3800, 0x3000, 0x3000, 0x3000, 0x2800, 0x2820, 0x2820,
  0x2820, 0x2820, 0x2020, 0x2020, 0x2020, 0x2020, 0x2020, 0x1840, 0x1840, 0x1840, 0x1020, 0x1020, 0x1020, 0x0820, 0x0000, 0x0000,
  0x0000, 0x0000, 0x0000, 0x0820, 0x1020, 0x1040, 0x1020, 0x1020, 0x0800, 0x0000, 0x0000, 0x0000, 0x0000, 0x0000, 0x0000, 0x0000,
  0x0800, 0x1000, 0x1000, 0x1000, 0x0800, 0x0000, 0x0000, 0x0000, 0x0000, 0x0020, 0x0000, 0x0000, 0x0800, 0x1000, 0x2000, 0x2000,
  0x2800, 0x2800, 0x3000, 0x3800, 0x2800, 0x3000, 0x4800, 0x6000, 0x7000, 0x7800, 0x8000, 0x6800, 0x2841, 0x0882, 0x10A2, 0x18A3,
  0x10A2, 0x10C3, 0x18E3, 0x0841, 0x0882, 0x1104, 0x51C6, 0x8144, 0x5800, 0x3000, 0x0000, 0x0000, 0x0020, 0x0862, 0x10C3, 0x1082,
  0x10A2, 0x18E4, 0x18C3, 0x0841, 0x0000, 0x0861, 0x2145, 0x1904, 0x0861, 0x0862, 0x4A8A, 0x4A6A, 0x2966, 0x1904, 0x0882, 0x0862,
  0x0000, 0x0020, 0x0861, 0x0861, 0x0841, 0x0020, 0x0000, 0x10A3, 0x2945, 0x2124, 0x1082, 0x0882, 0x0000, 0x0000, 0x0000, 0x0000,
  0x0000, 0x0000, 0x0000, 0x0000, 0x0020, 0x0000, 0x0020, 0x0000, 0x0000, 0x0020, 0x0000, 0x0000, 0x0000, 0x0000, 0x0020, 0x1081,
  0x1082, 0x0861, 0x18E3, 0x18C2, 0x0861, 0x10A2, 0x0841, 0x0020, 0x0000, 0x0000, 0x0020, 0x0861, 0x0020, 0x0000, 0x0000, 0x0000,
  0x0000, 0x0000, 0x0000, 0x0000, 0x0000, 0x0000, 0x6B6E, 0x8C72, 0x52AB, 0x5B2D, 0x31C7, 0x29A7, 0x2125, 0x1904, 0x10E4, 0x10C3,
  0x10E4, 0x10E4, 0x10E3, 0x1904, 0x0882, 0x0861, 0x0020, 0x0882, 0x2145, 0x1925, 0x10C3, 0x3A08, 0x52EC, 0x5B0D, 0x4A8A, 0x4A8B,
  0x31C7, 0x2145, 0x2966, 0x10C3, 0x2145, 0x2145, 0x0862, 0x0861, 0x2145, 0x31E8, 0x2145, 0x0882, 0x10E4, 0x2987, 0x31C8, 0x1904,
  0x10A3, 0x0041, 0x4229, 0x4A8A, 0x2966, 0x0882, 0x0021, 0x0841, 0x28A2, 0x1041, 0x0000, 0x0841, 0x18C3, 0x39C7, 0x2945, 0x4A49,
  0x18A2, 0x0000, 0x2925, 0x5B0C, 0x4A6A, 0x20E3, 0x1861, 0x2904, 0x2924, 0x2924, 0x2924, 0x2925, 0x2925, 0x2924, 0x2904, 0x20E3,
  0x20C3, 0x20A2, 0x2882, 0x2861, 0x3041, 0x4040, 0x4020, 0x4820, 0x4000, 0x3800, 0x3000, 0x3000, 0x2800, 0x2800, 0x2820, 0x2820,
  0x2820, 0x2820, 0x2020, 0x2020, 0x2020, 0x2020, 0x2040, 0x1840, 0x1840, 0x1840, 0x1020, 0x1020, 0x1020, 0x1840, 0x1020, 0x0800,
  0x0800, 0x0800, 0x0000, 0x0000, 0x0800, 0x1020, 0x1020, 0x1020, 0x0800, 0x0000, 0x0000, 0x0000, 0x0000, 0x0000, 0x0000, 0x0000,
  0x0000, 0x0000, 0x0000, 0x0000, 0x0000, 0x1000, 0x1800, 0x1800, 0x1000, 0x1000, 0x1000, 0x1800, 0x2000, 0x2800, 0x2800, 0x2800,
  0x2800, 0x3000, 0x3000, 0x3000, 0x4000, 0x5000, 0x6000, 0x6800, 0x6800, 0x6800, 0x7000, 0x7800, 0x5800, 0x3000, 0x1861, 0x10A2,
  0x10C3, 0x18E4, 0x10C3, 0x08C3, 0x2925, 0x5944, 0x78A2, 0x5000, 0x3040, 0x0820, 0x0020, 0x0021, 0x0021, 0x0882, 0x18E3, 0x31A7,
  0x1904, 0x10A3, 0x0841, 0x0000, 0x0020, 0x31A7, 0x3A08, 0x3A08, 0x2986, 0x10C3, 0x2145, 0x18E4, 0x0882, 0x10A2, 0x0861, 0x0041,
  0x0000, 0x0000, 0x0020, 0x0020, 0x0000, 0x0000, 0x0000, 0x0020, 0x0841, 0x0841, 0x0000, 0x0020, 0x0020, 0x0000, 0x0000, 0x0000,
  0x0000, 0x0000, 0x0000, 0x0841, 0x0841, 0x0000, 0x0020, 0x0000, 0x0000, 0x0820, 0x0841, 0x0020, 0x0000, 0x0000, 0x0000, 0x1061,
  0x18A2, 0x1061, 0x18E3, 0x10A2, 0x0861, 0x1082, 0x0020, 0x0020, 0x0020, 0x0000, 0x0020, 0x0020, 0x0000, 0x0000, 0x0000, 0x0000,
  0x0000, 0x0000, 0x0000, 0x0000, 0x0000, 0x2945, 0xA555, 0x73CF, 0x6B6E, 0x3A09, 0x2166, 0x29A7, 0x2146, 0x10E4, 0x10C3, 0x10A3,
  0x1904, 0x10E3, 0x2166, 0x1904, 0x0861, 0x0041, 0x0020, 0x0000, 0x10E3, 0x10E4, 0x2166, 0x3A08, 0x3A29, 0x5B2D, 0x3A29, 0x31C7,
  0x2145, 0x31A7, 0x29A7, 0x0882, 0x1904, 0x10E3, 0x0882, 0x3A09, 0x29A7, 0x10A3, 0x18E4, 0x10E3, 0x10E4, 0x2145, 0x10C3, 0x0882,
  0x0020, 0x2966, 0x632D, 0x18E4, 0x10C3, 0x10A3, 0x0041, 0x1861, 0x1020, 0x0000, 0x0000, 0x10A3, 0x630D, 0x9CB3, 0x3986, 0x3145,
  0x18C3, 0x4229, 0x39C7, 0x30E4, 0x3945, 0x2104, 0x2104, 0x2904, 0x2904, 0x2924, 0x2924, 0x2925, 0x2945, 0x2925, 0x2904, 0x20E4,
  0x20C3, 0x20A2, 0x20A2, 0x2861, 0x3041, 0x3840, 0x4020, 0x4820, 0x4000, 0x3800, 0x3000, 0x3000, 0x2800, 0x2800, 0x2820, 0x2820,
  0x2820, 0x2020, 0x2020, 0x2020, 0x2020, 0x2020, 0x1840, 0x1840, 0x1840, 0x1840, 0x1020, 0x1020, 0x0820, 0x0820, 0x0800, 0x1020,
  0x0800, 0x0800, 0x1020, 0x0800, 0x0000, 0x0000, 0x0820, 0x0800, 0x0000, 0x0000, 0x0000, 0x0800, 0x0000, 0x0000, 0x0000, 0x0000,
  0x0000, 0x0000, 0x0000, 0x0000, 0x0000, 0x2800, 0x3800, 0x3800, 0x3800, 0x3000, 0x3000, 0x2800, 0x1800, 0x1800, 0x1800, 0x1020,
  0x1020, 0x0820, 0x1020, 0x1800, 0x3800, 0x5000, 0x6000, 0x6800, 0x6800, 0x6000, 0x6800, 0x6800, 0x7000, 0x9000, 0x7820, 0x3861,
  0x18A3, 0x18E3, 0x3104, 0x48E3, 0x68A2, 0x5800, 0x2800, 0x2860, 0x1061, 0x0000, 0x0020, 0x0862, 0x0000, 0x0021, 0x0882, 0x10A3,
  0x0861, 0x0000, 0x0000, 0x0020, 0x29A7, 0x4249, 0x31A7, 0x3186, 0x2125, 0x10A3, 0x0861, 0x0841, 0x0000, 0x0041, 0x0020, 0x0000,
  0x0000, 0x0000, 0x0000, 0x0000, 0x0000, 0x1082, 0x0882, 0x0041, 0x0000, 0x0000, 0x0861, 0x2104, 0x18A3, 0x0000, 0x0000, 0x0000,
  0x0000, 0x0000, 0x0000, 0x1082, 0x0020, 0x0020, 0x0020, 0x0020, 0x0000, 0x0020, 0x1081, 0x0861, 0x0020, 0x0000, 0x0000, 0x0820,
  0x10A2, 0x1082, 0x10A2, 0x10A2, 0x0861, 0x0020, 0x0020, 0x0020, 0x0020, 0x0020, 0x0020, 0x0000, 0x0000, 0x0000, 0x0000, 0x0000,
  0x0000, 0x0000, 0x0000, 0x0000, 0x0000, 0x8430, 0x8C92, 0x8472, 0x8472, 0x1925, 0x2145, 0x2125, 0x1905, 0x2145, 0x1904, 0x1904,
  0x1904, 0x1904, 0x31E8, 0x1925, 0x0041, 0x0062, 0x0020, 0x0000, 0x10A2, 0x1082, 0x94B3, 0x94D3, 0x52CC, 0x3A29, 0x29A7, 0x29C7,
  0x31C7, 0x2987, 0x2145, 0x0882, 0x1904, 0x10C3, 0x10C3, 0x29A7, 0x18E3, 0x0882, 0x10C3, 0x18E4, 0x31C7, 0x1904, 0x0862, 0x0041,
  0x0882, 0x2986, 0x1924, 0x0882, 0x10A3, 0x0882, 0x20A2, 0x1041, 0x0000, 0x0020, 0x18A3, 0x4A6A, 0x9CB3, 0x5A8A, 0x1041, 0x3145,
  0x0862, 0x41C7, 0x3166, 0x2945, 0x2925, 0x2104, 0x2104, 0x2104, 0x2904, 0x2924, 0x2924, 0x2924, 0x2945, 0x2925, 0x2924, 0x2104,
  0x20E3, 0x20A3, 0x20A2, 0x2882, 0x3061, 0x3840, 0x4020, 0x4820, 0x4000, 0x3800, 0x3000, 0x3000, 0x2800, 0x2820, 0x2820, 0x2820,
  0x2820, 0x2020, 0x2020, 0x2020, 0x2020, 0x2040, 0x1840, 0x1840, 0x1840, 0x1020, 0x1020, 0x1020, 0x0820, 0x0800, 0x0800, 0x0820,
  0x1020, 0x0800, 0x0800, 0x1000, 0x0800, 0x0000, 0x0000, 0x1020, 0x1040, 0x0000, 0x0000, 0x0800, 0x0000, 0x0000, 0x0800, 0x0800,
  0x0000, 0x0000, 0x0000, 0x0000, 0x0000, 0x2000, 0x2800, 0x3020, 0x3000, 0x2800, 0x1841, 0x1061, 0x0841, 0x0840, 0x0841, 0x0861,
  0x0841, 0x1020, 0x2800, 0x3800, 0x3800, 0x4000, 0x5000, 0x5000, 0x5000, 0x4800, 0x5000, 0x6800, 0x7800, 0x8000, 0x7000, 0x6800,
  0x6840, 0x5041, 0x6820, 0x6800, 0x4800, 0x1000, 0x0020, 0x0820, 0x0020, 0x0020, 0x0000, 0x0020, 0x0000, 0x0000, 0x0000, 0x0000,
  0x0041, 0x0000, 0x0000, 0x2986, 0x73AF, 0x4A6A, 0x2986, 0x10A3, 0x10C3, 0x0882, 0x0000, 0x0000, 0x0000, 0x0000, 0x0882, 0x0882,
  0x0041, 0x0020, 0x0000, 0x0000, 0x0862, 0x2986, 0x10C3, 0x0882, 0x0841, 0x0020, 0x2104, 0x31A6, 0x2905, 0x0000, 0x0000, 0x0000,
  0x0000, 0x0000, 0x0000, 0x0861, 0x0000, 0x0000, 0x0020, 0x0020, 0x0020, 0x0000, 0x0820, 0x0861, 0x0861, 0x0840, 0x0000, 0x0020,
  0x0861, 0x1081, 0x0861, 0x1082, 0x0861, 0x0841, 0x0000, 0x0000, 0x0020, 0x0000, 0x0020, 0x0000, 0x0000, 0x0020, 0x0000, 0x0000,
  0x0000, 0x0000, 0x0000, 0x0000, 0x3186, 0xAD96, 0x5B0D, 0xA576, 0x6BAF, 0x31C8, 0x3A08, 0x3A08, 0x2145, 0x29A7, 0x2166, 0x2145,
  0x10E4, 0x2145, 0x18E4, 0x1904, 0x0862, 0x0041, 0x0020, 0x0020, 0x0862, 0x2125, 0x7C11, 0x8C92, 0x7C10, 0x39E8, 0x1904, 0x2166,
  0x29A7, 0x2145, 0x10A2, 0x10A2, 0x10A2, 0x0000, 0x0862, 0x10E4, 0x2986, 0x1904, 0x10A3, 0x18E3, 0x10C3, 0x10A3, 0x0882, 0x0041,
  0x39E8, 0x1904, 0x0020, 0x2986, 0x2966, 0x1841, 0x2061, 0x0000, 0x0000, 0x2125, 0x526A, 0x5249, 0x20E4, 0x0861, 0x39A7, 0x39A7,
  0x39A7, 0x3186, 0x3186, 0x3166, 0x2945, 0x2924, 0x2104, 0x2104, 0x2104, 0x2904, 0x2924, 0x2924, 0x2925, 0x2945, 0x2924, 0x2904,
  0x20E3, 0x20C3, 0x20A2, 0x2882, 0x3061, 0x3841, 0x4020, 0x4820, 0x4000, 0x3800, 0x3000, 0x3000, 0x2800, 0x2820, 0x2820, 0x2820,
  0x2820, 0x2020, 0x2020, 0x2020, 0x2020, 0x2040, 0x1840, 0x1840, 0x1840, 0x1020, 0x1020, 0x0820, 0x0800, 0x0800, 0x0820, 0x0820,
  0x1020, 0x1020, 0x4860, 0x3040, 0x1020, 0x0800, 0x0000, 0x0820, 0x1040, 0x0800, 0x0000, 0x0000, 0x0000, 0x0000, 0x0800, 0x1020,
  0x0820, 0x0000, 0x0000, 0x0000, 0x0800, 0x0820, 0x0841, 0x1861, 0x2861, 0x1041, 0x0861, 0x0861, 0x0861, 0x0841, 0x0841, 0x1840,
  0x3000, 0x4000, 0x4000, 0x4000, 0x4000, 0x4000, 0x4000, 0x3800, 0x3800, 0x4000, 0x4800, 0x5000, 0x6000, 0x6000, 0x6800, 0x7000,
  0x6000, 0x4800, 0x3800, 0x2000, 0x0820, 0x0020, 0x0000, 0x0000, 0x0841, 0x0861, 0x0000, 0x0000, 0x0021, 0x0020, 0x0000, 0x0000,
  0x0000, 0x10A3, 0x10A3, 0x1904, 0x39E8, 0x2124, 0x2124, 0x0041, 0x0000, 0x0000, 0x0041, 0x0020, 0x0020, 0x1904, 0x4249, 0x39E8,
  0x31C8, 0x18C3, 0x0000, 0x0020, 0x0862, 0x2125, 0x2145, 0x18E3, 0x0882, 0x0000, 0x0020, 0x1082, 0x0841, 0x0000, 0x0000, 0x0000,
  0x0000, 0x0000, 0x0841, 0x0841, 0x0000, 0x0000, 0x0000, 0x0020, 0x0020, 0x0000, 0x0020, 0x0841, 0x0020, 0x0841, 0x0841, 0x0020,
  0x1081, 0x1061, 0x0861, 0x0861, 0x0841, 0x0020, 0x2124, 0x2965, 0x0000, 0x0000, 0x0000, 0x0000, 0x0000, 0x0000, 0x0000, 0x0000,
  0x0000, 0x0000, 0x0000, 0x0000, 0x94B2, 0x8C72, 0x9492, 0x9CF4, 0x5B2D, 0x424A, 0x29A7, 0x3A08, 0x1904, 0x31E8, 0x2166, 0x2145,
  0x18E4, 0x08A3, 0x0041, 0x08A2, 0x0862, 0x0862, 0x0000, 0x0021, 0x10E3, 0x2166, 0x73D0, 0x73F0, 0x52EC, 0x31E8, 0x2966, 0x31E8,
  0x10C3, 0x0861, 0x0862, 0x10A2, 0x0882, 0x0041, 0x10A3, 0x1904, 0x2145, 0x10C3, 0x0882, 0x0882, 0x0882, 0x0841, 0x0862, 0x10A3,
  0x2986, 0x10A2, 0x0862, 0x18A3, 0x1061, 0x1840, 0x0800, 0x0020, 0x10C3, 0x39C7, 0x39A7, 0x2945, 0x3986, 0x39A6, 0x20C3, 0x39A7,
  0x39A7, 0x39A6, 0x3186, 0x3186, 0x3165, 0x2945, 0x2924, 0x2104, 0x2104, 0x2904, 0x2924, 0x2924, 0x2924, 0x2945, 0x2925, 0x2904,
  0x20E3, 0x20C3, 0x20A2, 0x2882, 0x3061, 0x3841, 0x4020, 0x4820, 0x4000, 0x3800, 0x3000, 0x3000, 0x2800, 0x2820, 0x2820, 0x2820,
  0x2820, 0x2020, 0x2020, 0x2020, 0x2020, 0x1840, 0x1840, 0x1840, 0x1020, 0x1020, 0x0820, 0x0820, 0x0800, 0x0820, 0x0820, 0x1020,
  0x1020, 0x1020, 0x1020, 0x4860, 0x3860, 0x2860, 0x1020, 0x0820, 0x1840, 0x0000, 0x0000, 0x0000, 0x0820, 0x0800, 0x0000, 0x1020,
  0x1020, 0x0800, 0x0000, 0x0000, 0x0800, 0x0820, 0x1061, 0x0861, 0x1082, 0x1082, 0x1081, 0x0861, 0x0841, 0x0841, 0x1800, 0x3800,
  0x3800, 0x3800, 0x3800, 0x4000, 0x4800, 0x4800, 0x3800, 0x4000, 0x4000, 0x4800, 0x5000, 0x5000, 0x5000, 0x5800, 0x5000, 0x4000,
  0x2000, 0x0800, 0x0000, 0x0000, 0x0000, 0x0020, 0x0000, 0x0000, 0x0020, 0x0020, 0x0861, 0x10A3, 0x10A3, 0x0882, 0x0000, 0x18C3,
  0x31C7, 0x52AB, 0x39E8, 0x10A3, 0x0020, 0x0020, 0x10A3, 0x2145, 0x39E7, 0x2965, 0x10C3, 0x0041, 0x0862, 0x31C7, 0x2145, 0x4AAB,
  0x52AB, 0x2986, 0x10A3, 0x0000, 0x0882, 0x2125, 0x2125, 0x2125, 0x10A2, 0x0020, 0x0000, 0x0020, 0x10A2, 0x1082, 0x0000, 0x0000,
  0x0000, 0x0000, 0x0020, 0x0020, 0x0020, 0x0020, 0x0020, 0x0020, 0x0020, 0x0000, 0x0000, 0x0841, 0x0841, 0x0020, 0x0020, 0x0000,
  0x0841, 0x0861, 0x0861, 0x10A2, 0x0020, 0x0000, 0x632D, 0x5ACB, 0x0000, 0x0000, 0x0000, 0x0000, 0x0000, 0x0000, 0x0000, 0x0000,
  0x0000, 0x0000, 0x0000, 0x2124, 0xADB7, 0x73AF, 0xC639, 0x5B0C, 0x3A29, 0x31C8, 0x3A09, 0x31E8, 0x2145, 0x29A7, 0x1904, 0x2166,
  0x10E4, 0x0882, 0x0041, 0x0061, 0x0041, 0x0861, 0x0020, 0x1082, 0x2986, 0x73F0, 0x634E, 0x3A08, 0x426A, 0x3A29, 0x2145, 0x3A29,
  0x4249, 0x0862, 0x10A3, 0x0882, 0x0882, 0x10A3, 0x10C3, 0x18E4, 0x10C3, 0x10E4, 0x10C3, 0x1904, 0x0000, 0x0000, 0x2125, 0x31C7,
  0x0882, 0x10C3, 0x1082, 0x1041, 0x0820, 0x0820, 0x0861, 0x3A08, 0x4229, 0x18C3, 0x94D3, 0x9CF4, 0x3187, 0x0820, 0x39A7, 0x39C7,
  0x39A7, 0x39A7, 0x31A6, 0x3186, 0x3166, 0x2965, 0x2925, 0x2104, 0x2104, 0x2104, 0x2904, 0x2924, 0x2924, 0x2925, 0x2925, 0x2924,
  0x2104, 0x20C3, 0x20A2, 0x2882, 0x3061, 0x3841, 0x4020, 0x4820, 0x4000, 0x3800, 0x3000, 0x3000, 0x2800, 0x2820, 0x2820, 0x2820,
  0x2020, 0x2020, 0x2020, 0x2020, 0x2040, 0x1840, 0x1840, 0x1820, 0x1020, 0x1020, 0x0820, 0x0800, 0x0800, 0x0820, 0x1020, 0x1020,
  0x1020, 0x1020, 0x1020, 0x1020, 0x1020, 0x40A0, 0x3060, 0x1020, 0x1020, 0x1020, 0x0000, 0x0000, 0x1840, 0x1020, 0x0000, 0x0820,
  0x1020, 0x0800, 0x0000, 0x0000, 0x0800, 0x0820, 0x1041, 0x1081, 0x0861, 0x1082, 0x1082, 0x0841, 0x0841, 0x1800, 0x3000, 0x3800,
  0x3800, 0x3000, 0x3000, 0x3000, 0x3000, 0x2800, 0x2800, 0x2800, 0x3000, 0x3000, 0x3000, 0x3000, 0x2000, 0x1000, 0x0800, 0x0000,
  0x0000, 0x0000, 0x0020, 0x0000, 0x0000, 0x0841, 0x10A2, 0x0841, 0x0000, 0x0862, 0x10C3, 0x10C3, 0x18E4, 0x0841, 0x18E3, 0x4249,
  0x52CB, 0x52CB, 0x4A8A, 0x29A7, 0x0000, 0x18E4, 0x4A69, 0x52CB, 0x6B8E, 0x632D, 0x31C7, 0x2145, 0x0841, 0x10A2, 0x1904, 0x4229,
  0x31C7, 0x2125, 0x2966, 0x0000, 0x0041, 0x0041, 0x0861, 0x1082, 0x0841, 0x0020, 0x0882, 0x39C7, 0x4A49, 0x2124, 0x0000, 0x0000,
  0x0000, 0x0000, 0x0841, 0x0000, 0x0000, 0x0020, 0x0020, 0x0000, 0x0000, 0x0020, 0x0000, 0x0000, 0x1081, 0x0861, 0x0000, 0x0000,
  0x0000, 0x0861, 0x0861, 0x0861, 0x0000, 0x18E4, 0x7C10, 0x6B6E, 0x0020, 0x0020, 0x0000, 0x0000, 0x0000, 0x0000, 0x0000, 0x0000,
  0x0000, 0x0020, 0x0000, 0x634D, 0x8431, 0x73F0, 0x73CF, 0x29A7, 0x29A7, 0x52CB, 0x4AAB, 0x31C7, 0x31C8, 0x1904, 0x10C3, 0x10E4,
  0x10A3, 0x0882, 0x0861, 0x0841, 0x0041, 0x0000, 0x0041, 0x1904, 0x3A09, 0x5B0D, 0x52CC, 0x3A49, 0x3A08, 0x3A29, 0x31E8, 0x3A08,
  0x31C8, 0x2986, 0x0861, 0x0882, 0x0020, 0x0862, 0x1904, 0x10C3, 0x0041, 0x10A3, 0x2986, 0x1904, 0x2125, 0x0861, 0x2145, 0x0882,
  0x10A3, 0x2124, 0x1061, 0x1020, 0x0000, 0x0020, 0x10A3, 0x5ACB, 0x5B0C, 0x3166, 0x5ACB, 0x2945, 0x1861, 0x31A7, 0x39A7, 0x39A7,
  0x39A7, 0x39A7, 0x39A7, 0x3186, 0x3186, 0x3166, 0x2945, 0x2924, 0x2104, 0x2104, 0x2904, 0x2924, 0x2924, 0x2925, 0x2945, 0x2924,
  0x2104, 0x20E3, 0x20A3, 0x20A2, 0x2861, 0x3841, 0x4020, 0x4820, 0x4000, 0x3800, 0x3000, 0x3000, 0x2800, 0x2820, 0x2820, 0x2820,
  0x2020, 0x2020, 0x2020, 0x2020, 0x1840, 0x1840, 0x1840, 0x1020, 0x1020, 0x0820, 0x0800, 0x0800, 0x0820, 0x0820, 0x1020, 0x1020,
  0x1020, 0x1020, 0x1020, 0x1020, 0x1020, 0x1020, 0x3060, 0x1840, 0x0000, 0x2060, 0x1040, 0x0000, 0x1020, 0x1020, 0x0000, 0x0820,
  0x1040, 0x0820, 0x0000, 0x0000, 0x0000, 0x1040, 0x18A2, 0x0841, 0x0841, 0x18C3, 0x1082, 0x0861, 0x0820, 0x2000, 0x3000, 0x2800,
  0x2820, 0x2061, 0x1840, 0x2020, 0x2081, 0x20E3, 0x1882, 0x0800, 0x1861, 0x1881, 0x0840, 0x0041, 0x0020, 0x0000, 0x0000, 0x0000,
  0x0000, 0x0020, 0x0020, 0x0020, 0x0861, 0x0882, 0x0862, 0x0020, 0x0000, 0x10C3, 0x18E4, 0x1082, 0x0041, 0x18E3, 0x4249, 0x634E,
  0x52CB, 0x2124, 0x2986, 0x18E4, 0x1904, 0x5AEC, 0x52CB, 0x9CF4, 0x9CF4, 0x5B0C, 0x2125, 0x1904, 0x0041, 0x0861, 0x2145, 0x3A08,
  0x39E8, 0x10A3, 0x10C3, 0x0020, 0x0000, 0x0841, 0x0882, 0x0861, 0x0862, 0x0020, 0x3186, 0x39E7, 0x39E8, 0x2965, 0x0000, 0x0000,
  0x0000, 0x0020, 0x0861, 0x0000, 0x0000, 0x0000, 0x0020, 0x0040, 0x0000, 0x0000, 0x0000, 0x0000, 0x0841, 0x18A2, 0x0841, 0x0000,
  0x0000, 0x0840, 0x1061, 0x0020, 0x0841, 0x4249, 0x6B8E, 0x8410, 0x10A3, 0x0020, 0x0021, 0x0020, 0x0000, 0x0000, 0x0000, 0x0000,
  0x0000, 0x0000, 0x10A2, 0x8C72, 0x52CC, 0x634E, 0x5AEC, 0x634D, 0x5AEC, 0x636E, 0x3A09, 0x2986, 0x2145, 0x10E3, 0x10C3, 0x08A3,
  0x08A3, 0x0882, 0x0861, 0x0041, 0x0041, 0x0000, 0x10C3, 0x10C3, 0x31A7, 0x29C7, 0x5B2D, 0x73D0, 0x634D, 0x3A08, 0x2145, 0x1904,
  0x1904, 0x2145, 0x10A2, 0x0020, 0x0041, 0x18E4, 0x31E8, 0x2145, 0x0862, 0x10A2, 0x2986, 0x18E4, 0x3A08, 0x2145, 0x0020, 0x10C3,
  0x10A2, 0x0820, 0x1841, 0x0820, 0x0000, 0x0841, 0x4A6A, 0x39E8, 0x630C, 0x528A, 0x1882, 0x1082, 0x31A6, 0x31A7, 0x31A7, 0x39A7,
  0x39A7, 0x39A7, 0x39A7, 0x39A7, 0x3186, 0x3186, 0x3166, 0x2945, 0x2904, 0x2104, 0x2104, 0x2904, 0x2924, 0x2924, 0x2945, 0x2925,
  0x2904, 0x20E3, 0x20C3, 0x20A2, 0x2861, 0x3841, 0x4020, 0x4820, 0x4000, 0x3800, 0x3000, 0x3000, 0x2800, 0x2820, 0x2820, 0x2820,
  0x2020, 0x2020, 0x2020, 0x2040, 0x1840, 0x1840, 0x1020, 0x1020, 0x0820, 0x0820, 0x0800, 0x0820, 0x0820, 0x1020, 0x1020, 0x1020,
  0x1020, 0x1020, 0x1020, 0x1020, 0x1020, 0x1020, 0x1020, 0x2040, 0x0000, 0x0000, 0x1840, 0x1020, 0x0800, 0x0800, 0x0000, 0x0000,
  0x1040, 0x1040, 0x0800, 0x0000, 0x0000, 0x1020, 0x18A2, 0x0881, 0x0861, 0x0881, 0x1061, 0x1061, 0x1800, 0x4020, 0x3000, 0x0800,
  0x20E3, 0x2924, 0x20C2, 0x1841, 0x1840, 0x2081, 0x1861, 0x0841, 0x1081, 0x0841, 0x0861, 0x0882, 0x0000, 0x0000, 0x0000, 0x0000,
  0x0000, 0x0000, 0x10A3, 0x18E3, 0x10A2, 0x0020, 0x0000, 0x0020, 0x10A2, 0x2145, 0x10A2, 0x0020, 0x18E3, 0x5B0C, 0x52AB, 0x5B2D,
  0x4229, 0x1904, 0x1082, 0x0862, 0x4A8A, 0x630C, 0x8C93, 0x630C, 0x5AEC, 0x4A6A, 0x18E3, 0x10A2, 0x2966, 0x0882, 0x10C3, 0x2125,
  0x1904, 0x10A2, 0x0862, 0x0041, 0x0000, 0x0861, 0x0861, 0x0041, 0x0000, 0x0841, 0x2104, 0x3186, 0x2124, 0x18C3, 0x0841, 0x0000,
  0x0000, 0x0861, 0x0841, 0x0000, 0x0000, 0x0000, 0x0000, 0x0000, 0x0020, 0x0020, 0x0000, 0x0000, 0x0000, 0x0861, 0x1061, 0x0040,
  0x0000, 0x0000, 0x1081, 0x0840, 0x39E7, 0x632D, 0x7BCF, 0x7BCF, 0x1904, 0x0000, 0x0041, 0x0041, 0x0020, 0x0000, 0x0000, 0x0000,
  0x0020, 0x0000, 0x4229, 0x73F0, 0x39E8, 0x5B0D, 0x8431, 0x9CF4, 0x636E, 0x94D3, 0x3A29, 0x1905, 0x1104, 0x1904, 0x08A2, 0x08A2,
  0x0882, 0x0862, 0x0862, 0x0041, 0x0020, 0x0862, 0x2125, 0x2966, 0x426A, 0x426A, 0x4AAB, 0x3A49, 0x31E8, 0x2966, 0x2986, 0x10A2,
  0x2166, 0x29A7, 0x0882, 0x0000, 0x10A3, 0x2145, 0x1904, 0x0862, 0x4249, 0x3A29, 0x10A3, 0x2125, 0x2125, 0x18E4, 0x2125, 0x1904,
  0x0000, 0x0020, 0x0821, 0x0020, 0x0841, 0x1082, 0x6B6E, 0x738E, 0x18E3, 0x2924, 0x18A2, 0x3186, 0x31A6, 0x31A6, 0x31A7, 0x31A7,
  0x39A7, 0x39A7, 0x39A7, 0x39A7, 0x39A7, 0x3186, 0x3186, 0x2965, 0x2925, 0x2104, 0x2104, 0x2904, 0x2924, 0x2924, 0x2925, 0x2925,
  0x2924, 0x20E4, 0x20C3, 0x20A2, 0x2882, 0x3041, 0x4020, 0x4820, 0x4000, 0x3800, 0x3000, 0x3000, 0x2820, 0x2820, 0x2820, 0x2020,
  0x2020, 0x2020, 0x2020, 0x1840, 0x1840, 0x1840, 0x1020, 0x1020, 0x0820, 0x0800, 0x0820, 0x0820, 0x1020, 0x1020, 0x1020, 0x1020,
  0x1020, 0x1020, 0x1020, 0x1020, 0x1020, 0x1020, 0x1020, 0x1020, 0x40A0, 0x40A0, 0x0820, 0x1040, 0x1020, 0x1020, 0x0000, 0x0000,
  0x1040, 0x1860, 0x1020, 0x0000, 0x0000, 0x1000, 0x3020, 0x4861, 0x3840, 0x4840, 0x2020, 0x2841, 0x2061, 0x2820, 0x1820, 0x0000,
  0x28E3, 0x30E2, 0x28C2, 0x1881, 0x0020, 0x0841, 0x0882, 0x0861, 0x0000, 0x0020, 0x0020, 0x0020, 0x0841, 0x0020, 0x0020, 0x0000,
  0x0041, 0x10A2, 0x2104, 0x18E3, 0x0020, 0x0000, 0x0000, 0x0841, 0x0861, 0x0881, 0x0841, 0x0000, 0x10C3, 0x2965, 0x18E3, 0x31C7,
  0x2966, 0x10A2, 0x0000, 0x0841, 0x5B0C, 0x632D, 0x4229, 0x31C7, 0x3A08, 0x4A6A, 0x18E3, 0x2986, 0x31C7, 0x0041, 0x0841, 0x0861,
  0x10C3, 0x10A3, 0x1082, 0x0020, 0x0000, 0x0000, 0x0000, 0x0020, 0x0000, 0x0862, 0x18C3, 0x10C3, 0x0861, 0x0841, 0x0020, 0x0000,
  0x0000, 0x0841, 0x0000, 0x0000, 0x0000, 0x0000, 0x0000, 0x0000, 0x0000, 0x0020, 0x0000, 0x0000, 0x0000, 0x0000, 0x1061, 0x0861,
  0x0020, 0x0000, 0x0020, 0x0861, 0x4A69, 0x630C, 0x8C72, 0x8C72, 0x18E4, 0x0021, 0x0020, 0x0020, 0x0021, 0x0020, 0x0000, 0x0000,
  0x0000, 0x0000, 0x6B6E, 0x4249, 0x5B2D, 0x4A8A, 0x5B0C, 0x9CF4, 0x7BF0, 0x3A29, 0x3A29, 0x1925, 0x1925, 0x1904, 0x10A3, 0x0861,
  0x0861, 0x0841, 0x0861, 0x0041, 0x0020, 0x1904, 0x10A3, 0x4AAB, 0x636E, 0x3A4A, 0x29A7, 0x29A7, 0x2145, 0x18E4, 0x18E4, 0x1904,
  0x6BAF, 0x3A08, 0x0020, 0x0000, 0x10A3, 0x0882, 0x0000, 0x1904, 0x2145, 0x10C3, 0x0861, 0x18E4, 0x0862, 0x2145, 0x2145, 0x0861,
  0x0000, 0x0000, 0x0000, 0x0020, 0x39E8, 0x6B4D, 0x31A7, 0x2965, 0x18C3, 0x3966, 0x3186, 0x3186, 0x3186, 0x31A6, 0x31A6, 0x31A7,
  0x31A7, 0x39A7, 0x39A7, 0x39A7, 0x39A7, 0x39A7, 0x3186, 0x3166, 0x2945, 0x2924, 0x2104, 0x2104, 0x2904, 0x2924, 0x2924, 0x2945,
  0x2924, 0x2104, 0x20C3, 0x20A2, 0x2882, 0x3041, 0x4020, 0x4820, 0x4000, 0x3800, 0x3000, 0x2800, 0x2820, 0x2820, 0x2820, 0x2020,
  0x2020, 0x2020, 0x2040, 0x1840, 0x1840, 0x1020, 0x1020, 0x0820, 0x0800, 0x0800, 0x0820, 0x1020, 0x1020, 0x1020, 0x1020, 0x1020,
  0x1020, 0x1020, 0x1020, 0x1020, 0x1020, 0x1020, 0x1820, 0x1840, 0x1840, 0x58C0, 0x2860, 0x2060, 0x1040, 0x0820, 0x0800, 0x0000,
  0x1020, 0x1840, 0x1020, 0x0800, 0x0000, 0x3020, 0x5840, 0x8081, 0x8881, 0x7040, 0x2800, 0x1040, 0x1061, 0x0861, 0x0020, 0x0841,
  0x1020, 0x1861, 0x0861, 0x0882, 0x1082, 0x0861, 0x0841, 0x0000, 0x0000, 0x0020, 0x0841, 0x0861, 0x0000, 0x0000, 0x0000, 0x0841,
  0x2145, 0x1904, 0x1082, 0x0000, 0x0000, 0x0000, 0x0000, 0x0882, 0x2124, 0x10A2, 0x0000, 0x1904, 0x2124, 0x2966, 0x10C3, 0x10C3,
  0x2104, 0x0041, 0x0000, 0x2104, 0x2125, 0x5ACB, 0x738E, 0x94B3, 0x7BF0, 0x2965, 0x2125, 0x18E3, 0x10A2, 0x0020, 0x0041, 0x0861,
  0x0862, 0x0041, 0x0041, 0x0000, 0x18E4, 0x2986, 0x10C3, 0x0000, 0x0000, 0x0841, 0x10A2, 0x18E3, 0x0861, 0x0840, 0x0862, 0x0000,
  0x0000, 0x0861, 0x0000, 0x0000, 0x0000, 0x0000, 0x0000, 0x0000, 0x0000, 0x0000, 0x0000, 0x0000, 0x0000, 0x0000, 0x0000, 0x0000,
  0x0000, 0x0000, 0x0000, 0x2965, 0x4A69, 0x8431, 0x9CD3, 0x632C, 0x2125, 0x0841, 0x0000, 0x0020, 0x0020, 0x0000, 0x0000, 0x0021,
  0x0000, 0x2104, 0x6B8E, 0x426A, 0x7C31, 0x4A8A, 0x3A28, 0x5AEC, 0x52CB, 0x3A08, 0x31E8, 0x10C3, 0x10C3, 0x10C3, 0x0882, 0x0882,
  0x0882, 0x0041, 0x0041, 0x0000, 0x0841, 0x2986, 0x4AAB, 0x4AAB, 0x3A4A, 0x3A29, 0x2986, 0x31C7, 0x2166, 0x1924, 0x4249, 0x52AA,
  0x2986, 0x10A3, 0x0000, 0x9450, 0x39C7, 0x0041, 0x0882, 0x1904, 0x10A3, 0x1904, 0x18E4, 0x0882, 0x10C3, 0x2966, 0x0861, 0x0841,
  0x0820, 0x0020, 0x0021, 0x18E4, 0x4A29, 0x5ACB, 0x41E8, 0x1061, 0x0020, 0x2966, 0x3186, 0x3186, 0x3186, 0x3186, 0x31A6, 0x31A6,
  0x31A7, 0x31A7, 0x39A7, 0x39A7, 0x39A7, 0x39A7, 0x31A6, 0x3186, 0x3166, 0x2945, 0x2104, 0x2104, 0x2904, 0x2924, 0x2924, 0x2925,
  0x2925, 0x2904, 0x20E3, 0x20A2, 0x2882, 0x3061, 0x4020, 0x4820, 0x4000, 0x3800, 0x3000, 0x2800, 0x2820, 0x2820, 0x2820, 0x2020,
  0x2020, 0x2020, 0x1840, 0x1840, 0x1840, 0x1020, 0x1020, 0x0820, 0x0800, 0x0820, 0x1020, 0x1020, 0x1020, 0x1020, 0x1020, 0x1020,
  0x1020, 0x1020, 0x1020, 0x1020, 0x1020, 0x1820, 0x1840, 0x1840, 0x1840, 0x2040, 0x60A0, 0x2080, 0x1020, 0x0800, 0x1020, 0x0800,
  0x1020, 0x1860, 0x0820, 0x0800, 0x0800, 0x5040, 0x6860, 0x4820, 0x5020, 0x2020, 0x1041, 0x1081, 0x0861, 0x18A2, 0x2103, 0x38C2,
  0x0820, 0x0000, 0x0020, 0x0000, 0x0000, 0x0000, 0x0000, 0x0020, 0x0040, 0x0861, 0x0841, 0x0000, 0x0000, 0x0000, 0x0841, 0x0861,
  0x0882, 0x10A2, 0x0841, 0x0020, 0x0020, 0x0000, 0x18C3, 0x4249, 0x2145, 0x0041, 0x1082, 0x634D, 0x7BD0, 0x4A8A, 0x2125, 0x0861,
  0x0861, 0x0020, 0x0000, 0x18E4, 0x39E7, 0x52AB, 0x8410, 0x73AE, 0x4208, 0x2945, 0x2125, 0x18E4, 0x0862, 0x0000, 0x0020, 0x0041,
  0x0041, 0x0882, 0x0041, 0x0882, 0x4A6A, 0x3A08, 0x4229, 0x2125, 0x0841, 0x0841, 0x0862, 0x1082, 0x0841, 0x0020, 0x0861, 0x0020,
  0x0000, 0x0020, 0x0000, 0x0000, 0x0000, 0x0000, 0x0000, 0x0000, 0x0000, 0x0000, 0x0000, 0x0000, 0x0000, 0x0000, 0x0000, 0x0000,
  0x0000, 0x0000, 0x0861, 0x5ACB, 0x52AA, 0x8431, 0x8C51, 0x52AB, 0x31A7, 0x0882, 0x0020, 0x0000, 0x0000, 0x0000, 0x0000, 0x0020,
  0x0000, 0x52AB, 0x52CB, 0x3A08, 0x4AAB, 0x6BCF, 0x52CB, 0xA4F4, 0x9492, 0x2186, 0x1104, 0x10E4, 0x10E3, 0x0882, 0x0862, 0x0882,
  0x0861, 0x0862, 0x0041, 0x0000, 0x2125, 0x4249, 0x426A, 0x31C8, 0x29A7, 0x1925, 0x2145, 0x29C7, 0x1925, 0x29A7, 0x8431, 0x7C10,
  0x31A7, 0x31A7, 0x0882, 0x4A28, 0x2945, 0x0882, 0x10C3, 0x10E3, 0x0841, 0x4229, 0x29A7, 0x2986, 0x18E4, 0x0861, 0x0841, 0x0820,
  0x0020, 0x0841, 0x18E4, 0x632D, 0x630C, 0x18A3, 0x20E3, 0x2104, 0x2965, 0x2965, 0x2966, 0x3166, 0x3186, 0x3186, 0x3186, 0x31A6,
  0x31A6, 0x31A7, 0x31A7, 0x39A7, 0x39A7, 0x39A7, 0x39A7, 0x3186, 0x3186, 0x3165, 0x2925, 0x2104, 0x2104, 0x2904, 0x2924, 0x2925,
  0x2945, 0x2924, 0x20E3, 0x20A3, 0x20A2, 0x3061, 0x4040, 0x4820, 0x4000, 0x3800, 0x3000, 0x2800, 0x2820, 0x2820, 0x2820, 0x2020,
  0x2020, 0x2020, 0x1840, 0x1840, 0x1020, 0x1020, 0x0820, 0x0800, 0x0820, 0x0820, 0x1020, 0x1020, 0x1020, 0x1020, 0x1020, 0x1020,
  0x1020, 0x1020, 0x1020, 0x1020, 0x1840, 0x1840, 0x1840, 0x2040, 0x2040, 0x2040, 0x2040, 0x4060, 0x2060, 0x1020, 0x1020, 0x0800,
  0x1040, 0x2080, 0x0820, 0x0800, 0x0800, 0x6060, 0x88C1, 0x3020, 0x2882, 0x20C2, 0x1881, 0x20E3, 0x3165, 0x2104, 0x3882, 0x5040,
  0x1881, 0x28E3, 0x1020, 0x0000, 0x0000, 0x0020, 0x0841, 0x0861, 0x0861, 0x0020, 0x0020, 0x0020, 0x0000, 0x0841, 0x10A2, 0x0861,
  0x0020, 0x0000, 0x10A2, 0x2125, 0x0882, 0x0861, 0x2145, 0x4208, 0x1904, 0x0882, 0x5AEC, 0x5ACB, 0x632D, 0x31A7, 0x2965, 0x10A2,
  0x0862, 0x0020, 0x0841, 0x2145, 0x2965, 0x4A6A, 0x73AF, 0x39C7, 0x2965, 0x18E3, 0x0861, 0x10A2, 0x0020, 0x0000, 0x0000, 0x0000,
  0x0000, 0x0020, 0x0861, 0x0882, 0x2986, 0x4A6A, 0x4A6A, 0x2125, 0x10C3, 0x0021, 0x0841, 0x0020, 0x0000, 0x0000, 0x0841, 0x0861,
  0x0000, 0x0020, 0x0000, 0x0000, 0x0000, 0x0000, 0x0000, 0x0000, 0x0000, 0x0000, 0x0000, 0x0000, 0x0000, 0x0000, 0x0000, 0x0000,
  0x0000, 0x0000, 0x2945, 0x4A49, 0x5ACB, 0x7BCF, 0x632C, 0x39C7, 0x2965, 0x1904, 0x0041, 0x0000, 0x0000, 0x0000, 0x0020, 0x0000,
  0x0861, 0x73CF, 0x4249, 0x3A29, 0x52CB, 0x6B8E, 0x634E, 0x9CD4, 0x5B0C, 0x1904, 0x1904, 0x1904, 0x10C3, 0x0882, 0x0862, 0x0862,
  0x0041, 0x0862, 0x0021, 0x0862, 0x4229, 0x426A, 0x1904, 0x1925, 0x1945, 0x08A3, 0x2145, 0x31C7, 0x31E8, 0x3A08, 0x31C7, 0x2145,
  0x31A7, 0x5AEC, 0x1925, 0x2146, 0x1925, 0x10C3, 0x10E4, 0x0861, 0x0882, 0x1904, 0x10C3, 0x2166, 0x0862, 0x1082, 0x0020, 0x0000,
  0x0000, 0x18A3, 0x4229, 0x528A, 0x2104, 0x0000, 0x20C3, 0x2945, 0x2945, 0x2965, 0x2965, 0x2966, 0x2966, 0x3186, 0x3186, 0x3186,
  0x31A6, 0x31A6, 0x31A7, 0x31A7, 0x39A7, 0x39A7, 0x39A7, 0x39A7, 0x3186, 0x3186, 0x2945, 0x2924, 0x2104, 0x2904, 0x2924, 0x2924,
  0x2945, 0x2924, 0x2104, 0x20C3, 0x20A2, 0x3061, 0x3840, 0x4820, 0x4000, 0x3800, 0x3000, 0x2800, 0x2820, 0x2820, 0x2020, 0x2020,
  0x2020, 0x2040, 0x1840, 0x1840, 0x1020, 0x0820, 0x0800, 0x0820, 0x0820, 0x1020, 0x1020, 0x1020, 0x1020, 0x1020, 0x1020, 0x1020,
  0x1020, 0x1020, 0x1020, 0x1840, 0x1840, 0x1840, 0x2040, 0x2040, 0x2040, 0x2040, 0x1840, 0x1840, 0x2080, 0x1840, 0x1020, 0x0800,
  0x1040, 0x2080, 0x1040, 0x0820, 0x0800, 0x68A1, 0x78C1, 0x40C2, 0x28E3, 0x3144, 0x3164, 0x1061, 0x2103, 0x20A2, 0x48C2, 0x1841,
  0x20A2, 0x38C2, 0x2861, 0x0000, 0x0020, 0x0020, 0x0841, 0x1082, 0x0841, 0x1082, 0x18C3, 0x0020, 0x0020, 0x0882, 0x0861, 0x0000,
  0x0020, 0x18C3, 0x10A3, 0x1082, 0x0021, 0x18C3, 0x2124, 0x1904, 0x0000, 0x2924, 0x7BCF, 0x528A, 0x39E7, 0x52AB, 0x2104, 0x2965,
  0x2945, 0x0021, 0x0861, 0x18C3, 0x2145, 0x52AA, 0x4228, 0x3186, 0x2965, 0x18E3, 0x0841, 0x0000, 0x0000, 0x0000, 0x0000, 0x0000,
  0x0000, 0x0000, 0x0000, 0x0041, 0x10A2, 0x2986, 0x2145, 0x1904, 0x10C3, 0x0021, 0x0000, 0x0000, 0x0000, 0x0000, 0x0020, 0x0861,
  0x0020, 0x0020, 0x0020, 0x0020, 0x0000, 0x0000, 0x0000, 0x0000, 0x0000, 0x0000, 0x0000, 0x0000, 0x0000, 0x0000, 0x0000, 0x0000,
  0x0000, 0x0020, 0x39E7, 0x528A, 0x5AEC, 0x4A49, 0x31A7, 0x2986, 0x2966, 0x18E4, 0x0061, 0x0000, 0x0000, 0x0000, 0x0000, 0x0000,
  0x31A7, 0x634D, 0x3A08, 0x426A, 0x634D, 0xA514, 0x5B0C, 0x52EC, 0x3A08, 0x1925, 0x2166, 0x0882, 0x0882, 0x0882, 0x0862, 0x0862,
  0x0041, 0x0041, 0x0000, 0x31A7, 0x31A7, 0x2986, 0x10E4, 0x10A3, 0x2986, 0x31A7, 0x3A29, 0x632D, 0xAD96, 0x73CF, 0x3A29, 0x31C7,
  0x2145, 0x2125, 0x0861, 0x2986, 0x1904, 0x0862, 0x0882, 0x0020, 0x0041, 0x0841, 0x2124, 0x0882, 0x0021, 0x0861, 0x0820, 0x0000,
  0x18A2, 0x18A2, 0x5AEC, 0x52AB, 0x18C3, 0x2104, 0x2945, 0x2945, 0x2945, 0x2945, 0x2945, 0x2965, 0x2965, 0x2966, 0x3186, 0x3186,
  0x3186, 0x31A6, 0x31A6, 0x31A7, 0x31A7, 0x39A7, 0x39A7, 0x39A7, 0x39A7, 0x3186, 0x3166, 0x2945, 0x2104, 0x2104, 0x2904, 0x2924,
  0x2925, 0x2925, 0x2904, 0x20C3, 0x20A2, 0x2861, 0x3841, 0x4820, 0x4000, 0x3800, 0x3000, 0x2800, 0x2820, 0x2820, 0x2020, 0x2020,
  0x2020, 0x1840, 0x1840, 0x1020, 0x1020, 0x0820, 0x0800, 0x0820, 0x1020, 0x1020, 0x1020, 0x1020, 0x1020, 0x1020, 0x1020, 0x1020,
  0x1020, 0x1820, 0x1840, 0x1840, 0x2040, 0x2040, 0x2040, 0x2040, 0x1840, 0x1840, 0x1840, 0x1840, 0x3080, 0x2060, 0x1840, 0x1020,
  0x1860, 0x2880, 0x1040, 0x0820, 0x1000, 0x70A1, 0x8922, 0x50C2, 0x20C2, 0x28E3, 0x2923, 0x2924, 0x1081, 0x4902, 0x6206, 0x4185,
  0x3944, 0x38A1, 0x1000, 0x0841, 0x18A2, 0x0020, 0x0841, 0x0841, 0x0000, 0x0861, 0x0841, 0x0000, 0x0861, 0x1082, 0x0841, 0x0861,
  0x18E4, 0x10C3, 0x0041, 0x0000, 0x1082, 0x10A2, 0x10C2, 0x0000, 0x1061, 0x1061, 0x2104, 0x4A6A, 0x3186, 0x2965, 0x10A2, 0x2104,
  0x0861, 0x0020, 0x0020, 0x0020, 0x18E3, 0x39C7, 0x2965, 0x2965, 0x2103, 0x0861, 0x0000, 0x0020, 0x0000, 0x0000, 0x0000, 0x0020,
  0x0862, 0x0861, 0x0000, 0x0841, 0x10A3, 0x2104, 0x2125, 0x18E3, 0x10A3, 0x0841, 0x0841, 0x1904, 0x18E3, 0x0861, 0x0020, 0x0861,
  0x0841, 0x0840, 0x0020, 0x0020, 0x0000, 0x0000, 0x0000, 0x0000, 0x0000, 0x0000, 0x0000, 0x0000, 0x0000, 0x0000, 0x0000, 0x0000,
  0x0000, 0x18E3, 0x4229, 0x6B4D, 0x630C, 0x39E7, 0x3186, 0x39E7, 0x4249, 0x2125, 0x0041, 0x0020, 0x0000, 0x0000, 0x0000, 0x0000,
  0x4229, 0x31E8, 0x2986, 0x4A8A, 0x73CF, 0x8451, 0x52CB, 0x424A, 0x2986, 0x18E4, 0x1904, 0x0882, 0x0862, 0x0862, 0x0861, 0x0861,
  0x0041, 0x0000, 0x18C3, 0x4249, 0x1904, 0x2145, 0x3A08, 0x3A08, 0x426A, 0x3A29, 0x52EC, 0x426A, 0x39E8, 0x2166, 0x10E4, 0x2145,
  0x2986, 0x0861, 0x0020, 0x10A2, 0x0041, 0x08A2, 0x0861, 0x0020, 0x10A2, 0x2986, 0x3A08, 0x0000, 0x1082, 0x0821, 0x0820, 0x0840,
  0x28E3, 0x4A28, 0x2104, 0x18A2, 0x18C3, 0x2945, 0x2945, 0x2945, 0x2945, 0x2945, 0x2945, 0x2945, 0x2965, 0x2965, 0x2966, 0x3166,
  0x3186, 0x3186, 0x3186, 0x31A6, 0x31A7, 0x31A7, 0x39A7, 0x39C7, 0x39A7, 0x39A7, 0x3186, 0x3166, 0x2924, 0x2104, 0x2104, 0x2924,
  0x2924, 0x2945, 0x2924, 0x20E3, 0x20A2, 0x2882, 0x3841, 0x4820, 0x4000, 0x3800, 0x3000, 0x2800, 0x2820, 0x2820, 0x2020, 0x2020,
  0x2040, 0x1840, 0x1840, 0x1020, 0x0820, 0x0800, 0x0820, 0x1020, 0x1020, 0x1020, 0x1020, 0x1020, 0x1020, 0x1020, 0x1020, 0x1020,
  0x1840, 0x1840, 0x1840, 0x2040, 0x2040, 0x2040, 0x2040, 0x1840, 0x1840, 0x1840, 0x1840, 0x1840, 0x1840, 0x2880, 0x1840, 0x1840,
  0x28A1, 0x28A1, 0x1040, 0x0820, 0x1000, 0x6881, 0x6164, 0x4185, 0x28E3, 0x20C2, 0x18A2, 0x18A2, 0x2081, 0x6102, 0x5185, 0x59A5,
  0x3903, 0x30C2, 0x18A2, 0x18E3, 0x2103, 0x1082, 0x0840, 0x0000, 0x0000, 0x0000, 0x0000, 0x0020, 0x0882, 0x10A2, 0x18E4, 0x2125,
  0x10C3, 0x0861, 0x0020, 0x18C3, 0x18E4, 0x10A2, 0x0041, 0x0020, 0x3165, 0x2925, 0x1061, 0x1082, 0x2124, 0x2124, 0x0861, 0x0020,
  0x0021, 0x18C3, 0x0861, 0x0000, 0x0000, 0x0861, 0x0840, 0x0020, 0x0000, 0x0000, 0x0000, 0x0000, 0x0000, 0x0000, 0x0841, 0x10C3,
  0x10A2, 0x0841, 0x0000, 0x10A2, 0x1904, 0x10C3, 0x10C3, 0x10A3, 0x1904, 0x0841, 0x1904, 0x3A08, 0x2124, 0x10A2, 0x0861, 0x0841,
  0x0020, 0x0840, 0x0040, 0x0020, 0x0020, 0x0020, 0x0020, 0x0000, 0x0000, 0x0000, 0x0000, 0x0000, 0x0000, 0x0000, 0x0000, 0x0000,
  0x0000, 0x3186, 0x52AB, 0x632C, 0x632C, 0x31A6, 0x4229, 0x2966, 0x2104, 0x10A2, 0x0041, 0x0021, 0x0000, 0x0000, 0x0000, 0x0862,
  0x52AB, 0x31C7, 0x2165, 0x5AEC, 0x5B0C, 0x5B0C, 0x31C7, 0x2987, 0x2145, 0x18E4, 0x0882, 0x0862, 0x0882, 0x0861, 0x0861, 0x0041,
  0x0021, 0x0000, 0x2986, 0x31C7, 0x3A08, 0x634E, 0x73F0, 0x52EC, 0x5B0D, 0x632D, 0x4A8B, 0x3A29, 0x2166, 0x2986, 0x3A09, 0x1904,
  0x0861, 0x0862, 0x0882, 0x0000, 0x18E4, 0x31C7, 0x0020, 0x10C3, 0x1904, 0x2125, 0x0882, 0x0841, 0x0841, 0x0000, 0x0020, 0x18A3,
  0x20E4, 0x2966, 0x31A6, 0x18A2, 0x2924, 0x2925, 0x2925, 0x2945, 0x2945, 0x2945, 0x2945, 0x2945, 0x2945, 0x2945, 0x2965, 0x2965,
  0x2966, 0x3186, 0x3186, 0x3186, 0x31A6, 0x31A6, 0x31A7, 0x39A7, 0x39C7, 0x39A7, 0x39A6, 0x3186, 0x2945, 0x2904, 0x2104, 0x2904,
  0x2924, 0x2925, 0x2925, 0x20E4, 0x20A3, 0x2882, 0x3841, 0x4020, 0x4000, 0x3800, 0x3000, 0x2820, 0x2820, 0x2020, 0x2020, 0x2020,
  0x1840, 0x1840, 0x1020, 0x0820, 0x0800, 0x0820, 0x1020, 0x1020, 0x1020, 0x1020, 0x1020, 0x1020, 0x1020, 0x1020, 0x1020, 0x1840,
  0x1840, 0x1840, 0x2040, 0x2040, 0x2040, 0x1840, 0x1840, 0x1840, 0x1840, 0x1840, 0x1840, 0x1860, 0x2060, 0x2060, 0x2860, 0x2860,
  0x30C1, 0x30C1, 0x1040, 0x0800, 0x1000, 0x5143, 0x51C5, 0x6288, 0x4185, 0x1881, 0x1061, 0x1881, 0x2081, 0x50C1, 0x5923, 0x6103,
  0x40E2, 0x0861, 0x20E3, 0x18E3, 0x0861, 0x0861, 0x10A3, 0x10A2, 0x0020, 0x0841, 0x0861, 0x18E4, 0x18E4, 0x0861, 0x18E4, 0x10C3,
  0x0841, 0x0000, 0x2125, 0x4249, 0x18E3, 0x0020, 0x0841, 0x1881, 0x41C7, 0x4249, 0x52AB, 0x18E3, 0x0861, 0x20E3, 0x0000, 0x18C3,
  0x528A, 0x2125, 0x0020, 0x10A2, 0x18C3, 0x0841, 0x0000, 0x0000, 0x0000, 0x0000, 0x0000, 0x0020, 0x0000, 0x0020, 0x1082, 0x18E4,
  0x10C3, 0x0041, 0x0000, 0x10A2, 0x10C3, 0x1082, 0x1082, 0x10C3, 0x10A2, 0x0020, 0x10C3, 0x2104, 0x18E4, 0x10A2, 0x0861, 0x0841,
  0x0041, 0x0841, 0x0841, 0x0021, 0x0021, 0x0020, 0x0020, 0x0020, 0x0000, 0x0000, 0x0000, 0x0000, 0x0000, 0x0000, 0x0000, 0x0000,
  0x1082, 0x52AA, 0x634D, 0x630C, 0x632C, 0x2966, 0x4208, 0x3186, 0x2104, 0x0841, 0x0841, 0x0041, 0x0000, 0x0000, 0x0000, 0x2145,
  0x3A29, 0x31A7, 0x426A, 0x4A8B, 0x3A29, 0x31E8, 0x2145, 0x2166, 0x1925, 0x10E4, 0x10C3, 0x0862, 0x0862, 0x0861, 0x0041, 0x0041,
  0x0000, 0x10A2, 0x2945, 0x4A6A, 0x4249, 0x424A, 0x6B8F, 0x4AAB, 0x4A8A, 0x31E8, 0x52EC, 0x3A29, 0x2166, 0x2166, 0x10E4, 0x0862,
  0x0861, 0x0862, 0x0041, 0x0000, 0x18E4, 0x18E4, 0x0862, 0x4AAB, 0x2987, 0x0862, 0x0882, 0x0020, 0x0020, 0x0000, 0x0841, 0x52AB,
  0x62EC, 0x18A3, 0x20E4, 0x20A2, 0x2104, 0x2924, 0x2924, 0x2925, 0x2925, 0x2945, 0x2945, 0x2945, 0x2945, 0x2945, 0x2945, 0x2965,
  0x2965, 0x2966, 0x3186, 0x3186, 0x3186, 0x31A6, 0x31A6, 0x31A7, 0x39A7, 0x39C7, 0x39A7, 0x3186, 0x3186, 0x2945, 0x2104, 0x2104,
  0x2924, 0x2924, 0x2925, 0x2904, 0x20C3, 0x2882, 0x3041, 0x4020, 0x4000, 0x3000, 0x3000, 0x2820, 0x2820, 0x2020, 0x2020, 0x2020,
  0x1840, 0x1840, 0x1020, 0x0820, 0x0800, 0x0820, 0x1020, 0x1020, 0x1020, 0x1020, 0x1020, 0x1020, 0x1020, 0x1020, 0x1840, 0x1840,
  0x2040, 0x2040, 0x2040, 0x1840, 0x1840, 0x1840, 0x1840, 0x1840, 0x1840, 0x1860, 0x2060, 0x2060, 0x2060, 0x2080, 0x2880, 0x2860,
  0x38C1, 0x28A1, 0x0820, 0x0800, 0x1020, 0x59A4, 0x5A06, 0x49E6, 0x41A5, 0x39A6, 0x2924, 0x20A2, 0x1861, 0x50E2, 0x6123, 0x6123,
  0x40E2, 0x0840, 0x0841, 0x0841, 0x0020, 0x0841, 0x1082, 0x1904, 0x0861, 0x0861, 0x18E3, 0x10C3, 0x0020, 0x0841, 0x0861, 0x0841,
  0x0000, 0x2965, 0x31A6, 0x2986, 0x0000, 0x18A2, 0x52AA, 0x51E8, 0x38E3, 0x18A2, 0x39C7, 0x2124, 0x0000, 0x1081, 0x0000, 0x1081,
  0x0861, 0x0000, 0x10A2, 0x2125, 0x52AB, 0x4A6A, 0x10A2, 0x0020, 0x0021, 0x10C3, 0x0861, 0x0020, 0x0020, 0x0000, 0x0861, 0x10C3,
  0x10A2, 0x0020, 0x0000, 0x0882, 0x10A3, 0x10A3, 0x10A2, 0x0861, 0x0020, 0x0000, 0x1082, 0x0861, 0x0861, 0x0841, 0x0861, 0x0841,
  0x0841, 0x0841, 0x0041, 0x0041, 0x0041, 0x0020, 0x0020, 0x0020, 0x0020, 0x0000, 0x0000, 0x0000, 0x0000, 0x0000, 0x0000, 0x0000,
  0x2965, 0x5AEB, 0x52AB, 0x4229, 0x528A, 0x2966, 0x4A49, 0x3186, 0x2125, 0x0861, 0x0041, 0x0041, 0x0000, 0x0000, 0x0000, 0x31E8,
  0x2165, 0x31C7, 0x31C7, 0x1904, 0x31E8, 0x31A7, 0x29A7, 0x2966, 0x1925, 0x10E3, 0x10C3, 0x0882, 0x0041, 0x0861, 0x0041, 0x0041,
  0x0000, 0x2966, 0x4229, 0x426A, 0x3208, 0x424A, 0x426A, 0x3A08, 0x1905, 0x2986, 0x2987, 0x10C3, 0x2166, 0x2146, 0x0862, 0x0841,
  0x10A2, 0x0041, 0x0000, 0x0000, 0x0021, 0x0021, 0x18E4, 0x3A29, 0x29A7, 0x0841, 0x0041, 0x0841, 0x0000, 0x0841, 0x2966, 0x3986,
  0x20E3, 0x1061, 0x1861, 0x2904, 0x2904, 0x2904, 0x2104, 0x2904, 0x2924, 0x2925, 0x2925, 0x2945, 0x2945, 0x2945, 0x2945, 0x2945,
  0x2945, 0x2965, 0x2966, 0x3166, 0x3186, 0x3186, 0x31A6, 0x31A6, 0x31A7, 0x39A7, 0x39A7, 0x39A7, 0x3186, 0x3166, 0x2924, 0x2104,
  0x2904, 0x2924, 0x2945, 0x2924, 0x20E3, 0x20A2, 0x3061, 0x4020, 0x4000, 0x3000, 0x2800, 0x2820, 0x2820, 0x2020, 0x2020, 0x1840,
  0x1840, 0x1020, 0x0820, 0x0800, 0x0820, 0x1020, 0x1020, 0x1020, 0x1020, 0x1020, 0x1020, 0x1020, 0x1820, 0x1840, 0x1840, 0x2040,
  0x2040, 0x2040, 0x1840, 0x1840, 0x1840, 0x1840, 0x1840, 0x1860, 0x2060, 0x2060, 0x2060, 0x2080, 0x2080, 0x2080, 0x2080, 0x2040,
  0x38E1, 0x28A1, 0x1020, 0x1020, 0x1840, 0x51A4, 0x59E6, 0x6247, 0x3124, 0x3165, 0x2904, 0x20C2, 0x18A2, 0x28A1, 0x5185, 0x5103,
  0x6123, 0x1881, 0x10C3, 0x18A2, 0x10A2, 0x18E3, 0x18E4, 0x2124, 0x10A2, 0x0861, 0x10A3, 0x0041, 0x10A2, 0x3186, 0x0841, 0x0000,
  0x18C3, 0x39E8, 0x3186, 0x1082, 0x10A2, 0x4208, 0x52CB, 0x4208, 0x4145, 0x30E3, 0x1061, 0x0861, 0x4228, 0x73AE, 0x5ACB, 0x39C7,
  0x0841, 0x10A3, 0x52CB, 0x7BF0, 0x6B8E, 0x4A6A, 0x1904, 0x0000, 0x1904, 0x52AB, 0x3A08, 0x2124, 0x1082, 0x0000, 0x0000, 0x0000,
  0x0000, 0x0000, 0x0000, 0x0020, 0x0841, 0x0841, 0x0841, 0x0020, 0x0000, 0x0000, 0x0861, 0x10A3, 0x0861, 0x0041, 0x0841, 0x0020,
  0x0861, 0x0841, 0x0041, 0x0841, 0x0841, 0x0020, 0x0841, 0x0041, 0x0020, 0x0000, 0x0000, 0x0000, 0x0000, 0x0000, 0x0000, 0x0841,
  0x39E8, 0x52AA, 0x4A69, 0x5ACB, 0x632C, 0x6B4D, 0x4229, 0x2104, 0x1904, 0x0861, 0x0841, 0x0041, 0x0020, 0x0000, 0x1082, 0x3A08,
  0x2966, 0x3A09, 0x4A8B, 0x2986, 0x29A7, 0x3A29, 0x426A, 0x2166, 0x1904, 0x10C3, 0x0882, 0x0861, 0x0041, 0x0861, 0x0041, 0x0000,
  0x18E4, 0x39E8, 0x3A09, 0x2986, 0x2986, 0x31C7, 0x2987, 0x2166, 0x2986, 0x2166, 0x2166, 0x1925, 0x18E4, 0x10C3, 0x10A3, 0x0862,
  0x0000, 0x0020, 0x0841, 0x0000, 0x10A3, 0x2146, 0x31C7, 0x10C3, 0x0041, 0x0861, 0x18E4, 0x0841, 0x0020, 0x18E4, 0x5ACB, 0x18A2,
  0x1041, 0x4A29, 0x28E3, 0x2104, 0x2104, 0x2904, 0x2904, 0x2904, 0x2104, 0x2904, 0x2924, 0x2925, 0x2925, 0x2945, 0x2945, 0x2945,
  0x2945, 0x2945, 0x2945, 0x2965, 0x2966, 0x3186, 0x3186, 0x31A7, 0x31A6, 0x31A7, 0x39A7, 0x39A7, 0x39A7, 0x3186, 0x2965, 0x2104,
  0x2104, 0x2924, 0x2925, 0x2925, 0x20E3, 0x20A2, 0x3061, 0x4020, 0x4000, 0x3000, 0x2800, 0x2820, 0x2820, 0x2020, 0x2020, 0x1840,
  0x1020, 0x1020, 0x0800, 0x0820, 0x1020, 0x1020, 0x1020, 0x1020, 0x1020, 0x1020, 0x1020, 0x1840, 0x1840, 0x2040, 0x2040, 0x2040,
  0x1840, 0x1840, 0x1840, 0x1840, 0x1840, 0x1860, 0x2060, 0x2060, 0x2060, 0x2080, 0x2080, 0x2080, 0x2080, 0x2080, 0x2080, 0x1840,
  0x30C1, 0x28A1, 0x1840, 0x1020, 0x28A1, 0x59C5, 0x5A27, 0x8B2A, 0x5A06, 0x28E2, 0x20C2, 0x20C2, 0x2923, 0x1861, 0x3144, 0x51E6,
  0x38C2, 0x1061, 0x2124, 0x0861, 0x18E3, 0x18E3, 0x18C3, 0x18C3, 0x0020, 0x0841, 0x18E3, 0x10A2, 0x2966, 0x2104, 0x0041, 0x0861,
  0x31A6, 0x1903, 0x0020, 0x1081, 0x39C7, 0x31A7, 0x39E7, 0x3A08, 0x2904, 0x2082, 0x2903, 0x6B4D, 0x8C71, 0x73AF, 0x7BF0, 0x52CB,
  0x39C7, 0x2965, 0x3A28, 0x8C71, 0x4A8A, 0x18E4, 0x0862, 0x18C3, 0x4A8A, 0x6B6E, 0x8C93, 0x52AB, 0x4208, 0x2145, 0x0000, 0x0000,
  0x0861, 0x0861, 0x0000, 0x0000, 0x0000, 0x0000, 0x0000, 0x0000, 0x0000, 0x10A2, 0x10A3, 0x0882, 0x0861, 0x0020, 0x0000, 0x0000,
  0x0861, 0x0841, 0x0841, 0x0841, 0x0861, 0x0021, 0x0020, 0x0040, 0x0020, 0x0000, 0x0000, 0x0000, 0x0000, 0x0000, 0x0000, 0x2104,
  0x4A69, 0x528A, 0x4A49, 0x630C, 0x6B4D, 0x5ACB, 0x2965, 0x1904, 0x10C3, 0x0861, 0x0861, 0x0021, 0x0020, 0x0000, 0x2124, 0x39E8,
  0x2986, 0x2986, 0x39E8, 0x31E8, 0x2145, 0x31A7, 0x31E8, 0x10C3, 0x0882, 0x10C3, 0x0882, 0x0862, 0x0041, 0x0861, 0x0021, 0x0041,
  0x31C7, 0x31C7, 0x3A29, 0x2145, 0x18E4, 0x18E4, 0x1945, 0x1925, 0x18E4, 0x2166, 0x10E4, 0x10C3, 0x18E4, 0x10C3, 0x0862, 0x0021,
  0x2104, 0x2124, 0x0020, 0x0021, 0x0882, 0x1904, 0x3A09, 0x10C3, 0x0021, 0x10C3, 0x10A2, 0x0000, 0x0861, 0x18C3, 0x2104, 0x2104,
  0x18C3, 0x28A2, 0x2104, 0x2104, 0x2104, 0x2104, 0x2104, 0x2904, 0x2904, 0x2904, 0x2104, 0x2104, 0x2924, 0x2925, 0x2925, 0x2945,
  0x2945, 0x2945, 0x2945, 0x2945, 0x2965, 0x2966, 0x3186, 0x3186, 0x3186, 0x31A6, 0x31A7, 0x39A7, 0x39A7, 0x39A7, 0x3186, 0x2945,
  0x2104, 0x2904, 0x2924, 0x2945, 0x2104, 0x20A3, 0x2861, 0x4020, 0x4000, 0x3000, 0x2800, 0x2820, 0x2020, 0x2020, 0x2040, 0x1840,
  0x1020, 0x0820, 0x0820, 0x1020, 0x1020, 0x1020, 0x1020, 0x1020, 0x1020, 0x1020, 0x1840, 0x1840, 0x2040, 0x2040, 0x1840, 0x1840,
  0x1840, 0x1840, 0x1840, 0x1860, 0x2060, 0x2060, 0x2080, 0x2080, 0x2080, 0x2080, 0x2080, 0x2080, 0x2080, 0x2080, 0x2080, 0x2080,
  0x30E2, 0x28A1, 0x1840, 0x1000, 0x30C1, 0x7AA8, 0x4164, 0x830A, 0x6A67, 0x51E6, 0x3985, 0x2903, 0x2103, 0x28E3, 0x1840, 0x3944,
  0x18A2, 0x18C2, 0x2103, 0x0861, 0x0861, 0x0861, 0x0861, 0x0840, 0x0000, 0x1082, 0x2145, 0x1082, 0x18E3, 0x0861, 0x0020, 0x10C3,
  0x18E3, 0x0020, 0x18C3, 0x1904, 0x29E8, 0x29A7, 0x29A6, 0x18E3, 0x0000, 0x0000, 0x3904, 0x62CB, 0x39E7, 0x4249, 0x3186, 0x18C3,
  0x2986, 0x5B2D, 0x18E4, 0x18E3, 0x5AEC, 0x7BCF, 0x52CB, 0x2104, 0x31A6, 0x73CF, 0xAD76, 0x4A6A, 0x39E8, 0x2966, 0x0861, 0x2104,
  0x2986, 0x4229, 0x2965, 0x0841, 0x0000, 0x0000, 0x0000, 0x0000, 0x0020, 0x0862, 0x0841, 0x0020, 0x0020, 0x0000, 0x0000, 0x18C3,
  0x0841, 0x0841, 0x0841, 0x0841, 0x0841, 0x0841, 0x0020, 0x0020, 0x0020, 0x0000, 0x0000, 0x0000, 0x0000, 0x0000, 0x0000, 0x4208,
  0x4A69, 0x4208, 0x528A, 0x52AB, 0x4229, 0x31A6, 0x2104, 0x18E3, 0x0882, 0x0862, 0x0861, 0x0021, 0x0000, 0x0000, 0x31A7, 0x31A7,
  0x2986, 0x2166, 0x2986, 0x2986, 0x29A6, 0x18E4, 0x1904, 0x1925, 0x10E4, 0x10E3, 0x0862, 0x0862, 0x0861, 0x0041, 0x0000, 0x0882,
  0x31E8, 0x3A29, 0x29A7, 0x2145, 0x10E4, 0x18E4, 0x2145, 0x1904, 0x10C3, 0x1904, 0x10C3, 0x0882, 0x08A2, 0x10C3, 0x0862, 0x0861,
  0x10C3, 0x10A2, 0x0020, 0x0861, 0x10C3, 0x18E3, 0x2966, 0x10C3, 0x0861, 0x10A2, 0x0020, 0x0841, 0x2986, 0x1061, 0x0800, 0x2966,
  0x3186, 0x20C3, 0x20E4, 0x20E4, 0x2104, 0x2104, 0x2104, 0x2904, 0x2104, 0x2104, 0x2904, 0x2904, 0x2104, 0x2104, 0x2924, 0x2925,
  0x2925, 0x2945, 0x2945, 0x2945, 0x2945, 0x2945, 0x2965, 0x2966, 0x3186, 0x3186, 0x31A6, 0x31A7, 0x39A7, 0x39A7, 0x39A6, 0x3166,
  0x2924, 0x2104, 0x2924, 0x2925, 0x2924, 0x20C3, 0x2882, 0x4020, 0x4000, 0x3000, 0x2800, 0x2820, 0x2020, 0x2020, 0x1840, 0x1020,
  0x0820, 0x0800, 0x0820, 0x1020, 0x1020, 0x1020, 0x1020, 0x1020, 0x1820, 0x1840, 0x2040, 0x2040, 0x2040, 0x1840, 0x1840, 0x1840,
  0x1840, 0x1860, 0x2060, 0x2060, 0x2080, 0x2080, 0x2080, 0x2080, 0x2080, 0x2080, 0x2080, 0x2080, 0x2080, 0x2080, 0x2080, 0x2081,
  0x4122, 0x28A1, 0x1020, 0x1000, 0x4122, 0x7AC8, 0x4984, 0x30C2, 0x72A8, 0x6A67, 0x4185, 0x3123, 0x1882, 0x1881, 0x2081, 0x1820,
  0x18A2, 0x3186, 0x2924, 0x18E3, 0x0020, 0x0000, 0x0000, 0x0000, 0x0841, 0x1082, 0x0861, 0x2104, 0x2945, 0x1082, 0x0861, 0x2104,
  0x1082, 0x2945, 0x3186, 0x10C3, 0x5924, 0x79E6, 0x59E7, 0x1904, 0x2104, 0x3186, 0x2904, 0x28E3, 0x1061, 0x2145, 0x4A6A, 0x18E3,
  0x4208, 0x31A6, 0x39C7, 0x9471, 0xC5F8, 0xE71C, 0xAD55, 0x94B2, 0x4249, 0x18E3, 0x4A8A, 0x2965, 0x1904, 0x0041, 0x2145, 0x4249,
  0x39E8, 0x4A69, 0x4229, 0x2145, 0x0861, 0x0020, 0x0000, 0x0000, 0x0000, 0x0041, 0x0841, 0x0020, 0x0000, 0x0841, 0x2124, 0x2104,
  0x0020, 0x0841, 0x0841, 0x0841, 0x0841, 0x0841, 0x0841, 0x0020, 0x0000, 0x0000, 0x0000, 0x0000, 0x0000, 0x0000, 0x0861, 0x528A,
  0x39A6, 0x39E7, 0x738E, 0x528A, 0x31C7, 0x2124, 0x2104, 0x1082, 0x0861, 0x0882, 0x0841, 0x0021, 0x0000, 0x0861, 0x3A08, 0x31E8,
  0x2145, 0x2145, 0x18E4, 0x4229, 0x5AEC, 0x1904, 0x10E4, 0x1925, 0x10E4, 0x0882, 0x0862, 0x0861, 0x0041, 0x0020, 0x0000, 0x2125,
  0x6BAF, 0x52CC, 0x2987, 0x2166, 0x2145, 0x1905, 0x10C3, 0x10C3, 0x1904, 0x0882, 0x10C3, 0x10C3, 0x0861, 0x0861, 0x0861, 0x0882,
  0x0882, 0x0041, 0x0000, 0x0041, 0x10A3, 0x31C7, 0x10C3, 0x0000, 0x0841, 0x0820, 0x0020, 0x0841, 0x18E4, 0x2925, 0x2104, 0x20C3,
  0x18A3, 0x20C3, 0x20C3, 0x20E3, 0x20E4, 0x20E4, 0x20E4, 0x2104, 0x2104, 0x2104, 0x2904, 0x2104, 0x2904, 0x2904, 0x2904, 0x2104,
  0x2924, 0x2925, 0x2925, 0x2945, 0x2945, 0x2945, 0x2945, 0x2965, 0x2966, 0x3186, 0x3186, 0x31A6, 0x31A7, 0x39A7, 0x39A7, 0x3186,
  0x3165, 0x2104, 0x2904, 0x2924, 0x2925, 0x20E3, 0x2882, 0x4040, 0x4000, 0x3000, 0x2820, 0x2820, 0x2020, 0x2040, 0x1840, 0x1020,
  0x0800, 0x0820, 0x1020, 0x1020, 0x1020, 0x1020, 0x1020, 0x1840, 0x1840, 0x2040, 0x2040, 0x1840, 0x1840, 0x1840, 0x1840, 0x1860,
  0x2060, 0x2060, 0x2080, 0x2080, 0x2080, 0x2080, 0x2080, 0x2080, 0x2080, 0x2080, 0x2080, 0x2080, 0x2081, 0x2881, 0x28A1, 0x28A1,
  0x28A1, 0x2880, 0x1020, 0x0800, 0x4963, 0x830A, 0x6AA9, 0x49C6, 0x3944, 0x20A1, 0x20A2, 0x1020, 0x0820, 0x1861, 0x18A2, 0x2081,
  0x3060, 0x30A2, 0x1881, 0x0840, 0x0841, 0x18E3, 0x18C3, 0x18C3, 0x0841, 0x1082, 0x2104, 0x4208, 0x3165, 0x1081, 0x18C3, 0x2103,
  0x18A2, 0x3186, 0x0061, 0x6081, 0xD943, 0xE2C9, 0xA944, 0x4228, 0x7BF0, 0x632C, 0x634D, 0x4A07, 0x1061, 0x4228, 0x528A, 0x18C3,
  0x52CB, 0x39C7, 0xA534, 0x7BEF, 0xA534, 0xBDD7, 0x634D, 0x7BCF, 0x8451, 0x10A2, 0x18E3, 0x18E4, 0x0861, 0x1082, 0x2966, 0x4A6A,
  0x31A7, 0x4A69, 0x52AB, 0x3186, 0x2125, 0x0020, 0x0000, 0x0000, 0x0000, 0x0000, 0x0000, 0x0000, 0x0000, 0x18E3, 0x2104, 0x10A2,
  0x0841, 0x0841, 0x0841, 0x0841, 0x0841, 0x0041, 0x0041, 0x0020, 0x0000, 0x0000, 0x0000, 0x0000, 0x0000, 0x0000, 0x2124, 0x5269,
  0x39C6, 0x4228, 0x5AEB, 0x4208, 0x3186, 0x18E3, 0x1904, 0x10A3, 0x0882, 0x0862, 0x0020, 0x0041, 0x0000, 0x18C3, 0x4229, 0x29A7,
  0x2125, 0x2145, 0x2986, 0x39E8, 0x2145, 0x1904, 0x10C3, 0x1904, 0x18E4, 0x08A2, 0x0861, 0x0041, 0x0021, 0x0000, 0x0861, 0x632D,
  0x5B0C, 0x10E4, 0x2166, 0x1905, 0x10C3, 0x2166, 0x2145, 0x10C3, 0x0882, 0x0861, 0x0862, 0x08A2, 0x0862, 0x10C3, 0x1904, 0x18E4,
  0x0861, 0x0000, 0x0000, 0x18E4, 0x10C3, 0x2125, 0x1082, 0x0000, 0x1061, 0x1061, 0x0020, 0x18C3, 0x2104, 0x20E3, 0x18A2, 0x2082,
  0x0840, 0x18C3, 0x18C3, 0x20C3, 0x20C3, 0x20C3, 0x20E3, 0x20E4, 0x20E4, 0x20E4, 0x2104, 0x2104, 0x2104, 0x2104, 0x2104, 0x2904,
  0x2904, 0x2104, 0x2924, 0x2924, 0x2925, 0x2945, 0x2945, 0x2945, 0x2945, 0x2965, 0x3186, 0x3186, 0x31A6, 0x31A7, 0x39A7, 0x39A7,
  0x3186, 0x2945, 0x2104, 0x2924, 0x2945, 0x2104, 0x20A2, 0x3841, 0x4000, 0x3000, 0x2820, 0x2820, 0x2020, 0x1840, 0x1020, 0x0820,
  0x0820, 0x1020, 0x1020, 0x1020, 0x1020, 0x1020, 0x1840, 0x1840, 0x2040, 0x2040, 0x1840, 0x1840, 0x1840, 0x1860, 0x2060, 0x2060,
  0x2080, 0x2080, 0x2080, 0x2080, 0x2080, 0x2080, 0x2080, 0x2080, 0x2080, 0x2081, 0x28A1, 0x28A1, 0x28A1, 0x28C1, 0x30C1, 0x30C2,
  0x30E2, 0x2080, 0x1020, 0x0800, 0x51A4, 0x9BCC, 0x836B, 0x5A06, 0x5227, 0x1881, 0x1881, 0x1881, 0x28E3, 0x2903, 0x38E3, 0x7080,
  0xA0E1, 0x8881, 0x70A2, 0x2903, 0x1904, 0x18E3, 0x18C3, 0x2944, 0x1082, 0x0861, 0x1081, 0x0840, 0x0000, 0x1082, 0x1082, 0x2103,
  0x4208, 0x5AEB, 0x1924, 0x50A2, 0xA061, 0x98E2, 0x4124, 0x4AAA, 0x73CF, 0x634D, 0x31C7, 0x41C6, 0x738E, 0xBDF7, 0xBDF7, 0x9492,
  0x2124, 0x31A6, 0x8C71, 0x8C51, 0xBDF8, 0xBE18, 0x738E, 0x8430, 0x632C, 0x2124, 0x0000, 0x0841, 0x0000, 0x0841, 0x1082, 0x2145,
  0x2966, 0x6B6E, 0x5B0C, 0x31A7, 0x2125, 0x0020, 0x0020, 0x0021, 0x0000, 0x0000, 0x0000, 0x0000, 0x0841, 0x10A2, 0x18C3, 0x18E3,
  0x0020, 0x0041, 0x0841, 0x0841, 0x0041, 0x0841, 0x0841, 0x0020, 0x0000, 0x0020, 0x0040, 0x0000, 0x0000, 0x0000, 0x39E8, 0x5ACB,
  0x4A28, 0x630C, 0x528A, 0x1904, 0x2145, 0x2125, 0x18C3, 0x10C3, 0x10A3, 0x0861, 0x0020, 0x0021, 0x0000, 0x2986, 0x31E8, 0x2145,
  0x2986, 0x29A7, 0x29A7, 0x2145, 0x2145, 0x10E4, 0x18E4, 0x10E4, 0x10A3, 0x0862, 0x0861, 0x0041, 0x0021, 0x0000, 0x2986, 0x4AAB,
  0x31E8, 0x18E4, 0x1904, 0x1904, 0x1925, 0x10E4, 0x18E4, 0x1904, 0x0882, 0x0041, 0x0861, 0x0041, 0x0041, 0x0841, 0x10A3, 0x10C3,
  0x0000, 0x0000, 0x0020, 0x31C7, 0x2986, 0x0041, 0x0020, 0x0020, 0x0841, 0x0840, 0x0861, 0x28E4, 0x20C3, 0x1061, 0x1061, 0x1040,
  0x20C3, 0x20C3, 0x20C3, 0x18C3, 0x18C3, 0x18C3, 0x18C3, 0x20C3, 0x20C3, 0x20E3, 0x20E4, 0x20E4, 0x20E4, 0x2104, 0x2104, 0x2904,
  0x2104, 0x2904, 0x2904, 0x2104, 0x2924, 0x2924, 0x2945, 0x2945, 0x2945, 0x2945, 0x2965, 0x2966, 0x3186, 0x31A6, 0x31A7, 0x39A7,
  0x39A7, 0x3186, 0x2924, 0x2904, 0x2924, 0x2924, 0x20A2, 0x3841, 0x4000, 0x3000, 0x2820, 0x2020, 0x2020, 0x1840, 0x1020, 0x0820,
  0x1020, 0x1020, 0x1020, 0x1020, 0x1020, 0x1840, 0x2040, 0x2040, 0x1840, 0x1840, 0x1840, 0x1860, 0x2060, 0x2060, 0x2080, 0x2080,
  0x2080, 0x2080, 0x2080, 0x2080, 0x2080, 0x2080, 0x2081, 0x28A1, 0x28A1, 0x28A1, 0x28C1, 0x30C2, 0x30E2, 0x30E2, 0x3102, 0x3902,
  0x3923, 0x2080, 0x1020, 0x1020, 0x59C5, 0x72C9, 0x6AA9, 0x3103, 0x20A2, 0x49C6, 0x49A6, 0x49C5, 0x3944, 0x20C2, 0x58A1, 0x90E2,
  0x90C1, 0xA102, 0x50C3, 0x31C7, 0x18E3, 0x2124, 0x31C6, 0x39C6, 0x18C3, 0x0020, 0x0840, 0x39E7, 0x18E3, 0x1061, 0x2103, 0x5AEB,
  0x5AEB, 0x632C, 0x2104, 0x2986, 0x1820, 0x20E3, 0x4249, 0x39C6, 0x2986, 0x2145, 0x2124, 0x8C50, 0x9CF3, 0xBDB6, 0x9492, 0x632C,
  0x4A69, 0x0020, 0x5AEB, 0x8C51, 0xA514, 0x4A49, 0x4A28, 0x528A, 0x4208, 0x31A6, 0x0000, 0x0021, 0x1904, 0x0861, 0x0000, 0x18E4,
  0x18E4, 0x4229, 0x4A6A, 0x2966, 0x18E4, 0x0020, 0x0841, 0x2145, 0x2145, 0x0861, 0x0020, 0x0000, 0x1082, 0x10C3, 0x1082, 0x1082,
  0x0020, 0x0040, 0x0841, 0x0841, 0x0841, 0x0841, 0x0841, 0x0020, 0x0841, 0x0020, 0x0000, 0x0000, 0x0000, 0x1082, 0x52AA, 0x4A28,
  0x4208, 0x4A69, 0x2966, 0x2966, 0x2145, 0x2986, 0x1082, 0x0882, 0x10A3, 0x0861, 0x0041, 0x0020, 0x0020, 0x3A09, 0x2986, 0x18E4,
  0x31C7, 0x31E8, 0x31C7, 0x2986, 0x10C3, 0x10C3, 0x1904, 0x10C3, 0x0882, 0x0861, 0x0862, 0x0862, 0x0000, 0x0041, 0x2986, 0x29A7,
  0x10C3, 0x10E4, 0x1904, 0x10E4, 0x1925, 0x18E4, 0x0862, 0x10A2, 0x0862, 0x0841, 0x0861, 0x0041, 0x0021, 0x0020, 0x0041, 0x0841,
  0x0861, 0x0000, 0x18C3, 0x3186, 0x31C7, 0x0882, 0x0861, 0x2904, 0x0841, 0x0000, 0x18A2, 0x49C7, 0x20E3, 0x4A6A, 0x2104, 0x1882,
  0x20E3, 0x20E3, 0x20E3, 0x20C3, 0x20C3, 0x20C3, 0x20C3, 0x18C3, 0x18C3, 0x18C3, 0x20C3, 0x20C3, 0x20C3, 0x20E3, 0x20E4, 0x2104,
  0x2104, 0x2104, 0x2104, 0x2104, 0x2904, 0x2104, 0x2924, 0x2924, 0x2945, 0x2945, 0x2945, 0x2945, 0x2966, 0x3186, 0x3186, 0x31A7,
  0x39A7, 0x39A7, 0x3166, 0x2104, 0x2924, 0x2925, 0x20C3, 0x3041, 0x4000, 0x3000, 0x2820, 0x2020, 0x1840, 0x1020, 0x0800, 0x1020,
  0x1020, 0x1020, 0x1020, 0x1820, 0x1840, 0x2040, 0x1840, 0x1840, 0x1840, 0x1860, 0x2060, 0x2080, 0x2080, 0x2080, 0x2080, 0x2080,
  0x2080, 0x2080, 0x2080, 0x2881, 0x28A1, 0x28A1, 0x28C1, 0x30C2, 0x30E2, 0x30E2, 0x3102, 0x3902, 0x3923, 0x4143, 0x4143, 0x4164,
  0x4984, 0x1840, 0x1840, 0x2880, 0x8309, 0x8B8C, 0x5A06, 0x5A27, 0x49C6, 0x62A9, 0x41A5, 0x49C6, 0x3103, 0x30E2, 0x5860, 0x91A5,
  0x8164, 0x60C2, 0x31A6, 0x2965, 0x2124, 0x39C7, 0x31A6, 0x3185, 0x1082, 0x18A2, 0x39C7, 0x3186, 0x1082, 0x2103, 0x3186, 0x2924,
  0x2924, 0x2945, 0x20E3, 0x39C7, 0x1924, 0x3165, 0x8BEE, 0x9471, 0x4A69, 0x2986, 0x8C50, 0xD699, 0xB5B6, 0x9492, 0x7BEF, 0x52AA,
  0x632C, 0x2124, 0x31A6, 0x5ACB, 0x7BCF, 0x5ACB, 0x6B4C, 0x5289, 0x2924, 0x2965, 0x0882, 0x4A49, 0x8C92, 0x4249, 0x2986, 0x0000,
  0x0882, 0x2966, 0x31A7, 0x2124, 0x2945, 0x0882, 0x39C7, 0x31C7, 0x31A7, 0x2986, 0x10C3, 0x0000, 0x0020, 0x0841, 0x0861, 0x0841,
  0x0020, 0x0020, 0x0041, 0x0841, 0x0841, 0x0841, 0x0841, 0x0041, 0x0041, 0x0000, 0x0000, 0x0000, 0x0000, 0x2965, 0x528A, 0x2945,
  0x31A7, 0x3A08, 0x2965, 0x2125, 0x18E3, 0x2945, 0x1904, 0x0861, 0x0861, 0x0041, 0x0021, 0x0000, 0x1082, 0x4A8B, 0x2145, 0x10E3,
  0x1925, 0x29A7, 0x2986, 0x2145, 0x10A3, 0x10A2, 0x10E3, 0x10C3, 0x10A2, 0x0882, 0x0862, 0x0041, 0x0020, 0x2125, 0x2145, 0x1904,
  0x18E4, 0x1904, 0x2166, 0x2166, 0x10C3, 0x10A2, 0x10C3, 0x0862, 0x0041, 0x0882, 0x0041, 0x0020, 0x0021, 0x0000, 0x0020, 0x0020,
  0x0020, 0x0020, 0x10A2, 0x1082, 0x0000, 0x0021, 0x41C7, 0x3945, 0x0000, 0x0000, 0x2904, 0x1061, 0x2986, 0x41A7, 0x1861, 0x1040,
  0x20E3, 0x20E3, 0x20E3, 0x20E3, 0x20E3, 0x20E3, 0x20E3, 0x20C3, 0x20C3, 0x20C3, 0x20C3, 0x18C3, 0x18C3, 0x18C3, 0x20C3, 0x20C3,
  0x20E3, 0x20E4, 0x2104, 0x2104, 0x2104, 0x2104, 0x2904, 0x2904, 0x2904, 0x2924, 0x2945, 0x2945, 0x2945, 0x2965, 0x3166, 0x3186,
  0x31A7, 0x39A7, 0x39A7, 0x2945, 0x2104, 0x2925, 0x20E3, 0x3061, 0x4800, 0x2800, 0x2820, 0x2020, 0x1840, 0x0820, 0x0820, 0x1020,
  0x1020, 0x1020, 0x1840, 0x2040, 0x2040, 0x1840, 0x1840, 0x1860, 0x2060, 0x2080, 0x2080, 0x2080, 0x2080, 0x2080, 0x2080, 0x2081,
  0x2881, 0x28A1, 0x28A1, 0x28C1, 0x30C2, 0x30E2, 0x3102, 0x3903, 0x3923, 0x4143, 0x4164, 0x4164, 0x4984, 0x49A4, 0x49A5, 0x51C5,
  0x51C5, 0x51E5, 0x1820, 0x38C1, 0x8B4A, 0xACB1, 0x6AC9, 0x4984, 0x3944, 0x5A48, 0x4185, 0x5207, 0x3123, 0x30A1, 0x58A1, 0x68E2,
  0x6902, 0x4124, 0x2924, 0x2903, 0x20E3, 0x18C3, 0x0840, 0x18A2, 0x18A2, 0x39E7, 0x39C7, 0x2104, 0x0861, 0x5269, 0x6B6D, 0x5AEB,
  0x1061, 0x0861, 0x2986, 0x5AEB, 0x2965, 0x7B0A, 0xD638, 0xBDF7, 0x7BCF, 0x2103, 0x83EE, 0x8C51, 0x8430, 0x62EB, 0xAD75, 0xAD76,
  0x8C51, 0x2124, 0x2945, 0x39C7, 0x4A28, 0x4A49, 0x528A, 0x4A28, 0x10A2, 0x2103, 0x0861, 0x39C7, 0x6B6E, 0x4229, 0x52AB, 0x1904,
  0x0000, 0x18C3, 0x2104, 0x2124, 0x0841, 0x2945, 0x5AEC, 0x3186, 0x39C7, 0x3A08, 0x2966, 0x0882, 0x0000, 0x0020, 0x0020, 0x0020,
  0x0020, 0x0020, 0x0020, 0x0841, 0x0841, 0x0041, 0x0861, 0x0841, 0x0020, 0x0000, 0x0000, 0x0000, 0x0020, 0x4228, 0x4A69, 0x2965,
  0x31C7, 0x3A08, 0x31C7, 0x2145, 0x2145, 0x18E3, 0x1082, 0x10A3, 0x1082, 0x0020, 0x0021, 0x0000, 0x18E4, 0x31E8, 0x10C3, 0x2145,
  0x3A29, 0x1925, 0x10E3, 0x10E4, 0x08A2, 0x10C3, 0x1904, 0x1904, 0x08A2, 0x10C3, 0x0862, 0x0000, 0x0841, 0x1925, 0x1904, 0x10C3,
  0x10A3, 0x2145, 0x2125, 0x1925, 0x1904, 0x0882, 0x0862, 0x0000, 0x0021, 0x0020, 0x0000, 0x0841, 0x0862, 0x2965, 0x0882, 0x0000,
  0x0020, 0x0020, 0x10A2, 0x0841, 0x0020, 0x0882, 0x28C3, 0x0820, 0x0000, 0x2104, 0x5AAB, 0x2145, 0x2124, 0x2020, 0x2061, 0x0840,
  0x20E3, 0x20E3, 0x20E3, 0x20E3, 0x20E3, 0x20E3, 0x20E3, 0x20E3, 0x20E3, 0x20E3, 0x20E3, 0x20E3, 0x20C3, 0x20C3, 0x20C3, 0x18C3,
  0x18C3, 0x20C3, 0x20C3, 0x20E3, 0x20E4, 0x2104, 0x2104, 0x2904, 0x2104, 0x2904, 0x2104, 0x2924, 0x2945, 0x2945, 0x2945, 0x2966,
  0x3186, 0x31A6, 0x39A7, 0x3186, 0x2104, 0x2924, 0x2904, 0x2882, 0x4800, 0x2800, 0x2020, 0x1840, 0x1020, 0x0820, 0x1020, 0x1020,
  0x1020, 0x1840, 0x2040, 0x1840, 0x1840, 0x1860, 0x2060, 0x2080, 0x2080, 0x2080, 0x2080, 0x2080, 0x2081, 0x2881, 0x28A1, 0x28C1,
  0x30C2, 0x30E2, 0x3102, 0x3903, 0x3923, 0x4143, 0x4164, 0x4984, 0x49A4, 0x49A5, 0x51C5, 0x51C5, 0x51E6, 0x59E6, 0x5A06, 0x5A06,
  0x5A26, 0x5A26, 0x1820, 0x4943, 0x72C9, 0x7B0B, 0xACB1, 0x838C, 0x5A27, 0x4185, 0x20C2, 0x1020, 0x20C2, 0x3881, 0x9943, 0xB1A3,
  0x50E2, 0x5A27, 0x51E6, 0x3965, 0x3944, 0x4986, 0x2945, 0x1061, 0x2124, 0x2944, 0x2945, 0x18C2, 0x4208, 0x5AEB, 0x3185, 0x4A28,
  0x2124, 0x18C3, 0x69E7, 0x51E7, 0x18C2, 0x72A8, 0x9491, 0x8430, 0x632C, 0x10A2, 0x39C6, 0x6B6D, 0x5ACB, 0x6B4D, 0xE71C, 0x7BCF,
  0x4228, 0x2104, 0x0020, 0x18C3, 0x39A6, 0x3985, 0x4A07, 0x2924, 0x1081, 0x0861, 0x18C3, 0x4A6A, 0x39E7, 0x31A7, 0x4A49, 0x2104,
  0x0020, 0x10C3, 0x0861, 0x0000, 0x0861, 0x3186, 0x31A7, 0x18E4, 0x31A7, 0x2104, 0x1904, 0x10A2, 0x0000, 0x0000, 0x0000, 0x0000,
  0x0020, 0x0841, 0x0861, 0x1082, 0x0841, 0x0041, 0x0861, 0x0841, 0x0020, 0x0000, 0x0000, 0x0000, 0x10A2, 0x4A49, 0x39E7, 0x2965,
  0x39E8, 0x4A6A, 0x2125, 0x2965, 0x2125, 0x10C3, 0x10C3, 0x1082, 0x0861, 0x0041, 0x0041, 0x0000, 0x1904, 0x2966, 0x2166, 0x3A09,
  0x31C7, 0x10C3, 0x08A3, 0x10E4, 0x10E4, 0x08A2, 0x1904, 0x1904, 0x0861, 0x10A3, 0x0862, 0x0000, 0x0841, 0x1925, 0x1904, 0x10C3,
  0x18E4, 0x10A3, 0x0882, 0x0882, 0x0841, 0x0020, 0x0882, 0x2124, 0x2125, 0x1924, 0x2145, 0x4229, 0x4229, 0x52CB, 0x1904, 0x18E3,
  0x0000, 0x0041, 0x0861, 0x0861, 0x0861, 0x0861, 0x0820, 0x0000, 0x0020, 0x3986, 0x41C7, 0x18C3, 0x1082, 0x1861, 0x1882, 0x1061,
  0x20E3, 0x20E3, 0x20E3, 0x20E3, 0x20E3, 0x20E3, 0x20E3, 0x20E3, 0x20E3, 0x20E3, 0x20E3, 0x20E3, 0x20E3, 0x20E3, 0x20E3, 0x20E3,
  0x20C3, 0x20C3, 0x20C3, 0x18C3, 0x18C3, 0x20C3, 0x20E3, 0x20E4, 0x2104, 0x2104, 0x2104, 0x2904, 0x2104, 0x2924, 0x2945, 0x2945,
  0x2965, 0x3186, 0x31A6, 0x39C7, 0x3186, 0x2104, 0x2945, 0x20A2, 0x4800, 0x2820, 0x2020, 0x1840, 0x0800, 0x1020, 0x1020, 0x1020,
  0x2040, 0x2040, 0x1840, 0x1860, 0x2060, 0x2080, 0x2080, 0x2080, 0x2080, 0x2081, 0x28A1, 0x28A1, 0x30C1, 0x30E2, 0x3102, 0x3923,
  0x4143, 0x4164, 0x4984, 0x4984, 0x49A5, 0x51C5, 0x51E5, 0x51E6, 0x5A06, 0x5A06, 0x5A26, 0x5A27, 0x6227, 0x6247, 0x6247, 0x6247,
  0x6247, 0x6267, 0x1820, 0x61E5, 0x72A9, 0x5A27, 0x5A48, 0x72EA, 0x49A4, 0x51E6, 0x49C6, 0x28E2, 0x1040, 0x70E2, 0xA143, 0xB1C3,
  0x6206, 0x3964, 0x4985, 0x69C6, 0x6164, 0x6985, 0x3165, 0x18C2, 0x3185, 0x18C3, 0x10A2, 0x1081, 0x39E7, 0x20E3, 0x6185, 0x30E3,
  0x1861, 0x9184, 0xEB2B, 0x7965, 0x10A2, 0x3985, 0x3185, 0x39E7, 0x2965, 0x18E3, 0x3185, 0x738D, 0x5AEB, 0x9CD3, 0x9CF3, 0x5ACA,
  0x7BEF, 0x18E3, 0x0000, 0x18C3, 0x41E7, 0x20C2, 0x18C2, 0x18A2, 0x10A2, 0x0000, 0x2986, 0x5AEC, 0x52AA, 0x4A8A, 0x31C7, 0x18C3,
  0x1904, 0x39E8, 0x31A7, 0x1082, 0x0841, 0x18E3, 0x3186, 0x31A7, 0x2125, 0x4228, 0x1904, 0x0861, 0x0841, 0x0882, 0x0000, 0x0000,
  0x0861, 0x0861, 0x0841, 0x0841, 0x0841, 0x0841, 0x0841, 0x0841, 0x0020, 0x0000, 0x0000, 0x0000, 0x2945, 0x4A69, 0x2124, 0x2945,
  0x4229, 0x2125, 0x31E7, 0x2966, 0x10C3, 0x10A3, 0x10A2, 0x0882, 0x0021, 0x0861, 0x0041, 0x0020, 0x2145, 0x2145, 0x2166, 0x424A,
  0x2145, 0x10C3, 0x1904, 0x0862, 0x10E3, 0x10A3, 0x10C3, 0x10A3, 0x0882, 0x0882, 0x0861, 0x0000, 0x0862, 0x1925, 0x18E4, 0x10C3,
  0x08A2, 0x0041, 0x0021, 0x0000, 0x10A2, 0x31C7, 0x31A7, 0x4229, 0x2986, 0x3A29, 0x31A7, 0x2986, 0x2145, 0x10A2, 0x10A2, 0x10A2,
  0x0020, 0x0020, 0x10C3, 0x10C3, 0x31C7, 0x2104, 0x10A2, 0x0841, 0x3186, 0x39C7, 0x1082, 0x31A6, 0x1061, 0x0820, 0x1882, 0x18C3,
  0x20C3, 0x20C3, 0x20C3, 0x20C3, 0x20C3, 0x20C3, 0x20E3, 0x20E3, 0x20E3, 0x20E3, 0x20E3, 0x20E3, 0x20E3, 0x20E3, 0x20E3, 0x20E3,
  0x20E3, 0x20E3, 0x20E3, 0x20E3, 0x20E3, 0x20C3, 0x20C3, 0x18C3, 0x18C3, 0x20C3, 0x20E4, 0x2104, 0x2104, 0x2104, 0x2104, 0x2924,
  0x2945, 0x2945, 0x3166, 0x31A6, 0x39A7, 0x2945, 0x2924, 0x20C3, 0x4800, 0x2820, 0x2040, 0x0820, 0x1020, 0x1020, 0x1840, 0x2040,
  0x1840, 0x1860, 0x2060, 0x2080, 0x2080, 0x2080, 0x2081, 0x28A1, 0x28C1, 0x30E2, 0x3102, 0x3923, 0x4143, 0x4164, 0x4984, 0x49A5,
  0x51C5, 0x51E6, 0x5A06, 0x5A06, 0x5A26, 0x6227, 0x6227, 0x6247, 0x6247, 0x6247, 0x6267, 0x6A67, 0x6A68, 0x6A68, 0x6A68, 0x6A88,
  0x6A88, 0x6A88, 0x1840, 0x7267, 0x834A, 0x830A, 0x4164, 0x4964, 0x3923, 0x28E2, 0x28C2, 0x49C5, 0x2881, 0xA943, 0xD266, 0x58E1,
  0x730A, 0x41A6, 0x1061, 0x81C5, 0xAA67, 0x5185, 0x10A2, 0x2104, 0x18E3, 0x2924, 0x18A2, 0x2985, 0x4228, 0x5165, 0x6924, 0x1840,
  0xA227, 0xFCD1, 0xCCF3, 0x51E7, 0x52CB, 0x2965, 0x2945, 0x4A48, 0x7BEE, 0x5289, 0x0861, 0x39A6, 0x5AEB, 0x8410, 0x6B6D, 0x3185,
  0x4228, 0x2945, 0x0840, 0x0820, 0x0840, 0x0841, 0x1081, 0x1082, 0x0840, 0x0020, 0x2986, 0x18E3, 0x4A49, 0x630C, 0x2124, 0x1082,
  0x4229, 0x4229, 0x2966, 0x2125, 0x0841, 0x31A6, 0x2986, 0x4208, 0x2965, 0x31A7, 0x2945, 0x0020, 0x10C3, 0x2945, 0x0862, 0x0000,
  0x0841, 0x0861, 0x0041, 0x0020, 0x0841, 0x0841, 0x0040, 0x0000, 0x0000, 0x0020, 0x0000, 0x0841, 0x39E7, 0x31A6, 0x18E4, 0x31C7,
  0x4249, 0x2986, 0x31C7, 0x1904, 0x10A3, 0x0882, 0x0861, 0x0861, 0x0041, 0x0041, 0x0020, 0x0861, 0x3A09, 0x1925, 0x2966, 0x2125,
  0x10C3, 0x10C3, 0x2145, 0x2966, 0x18E4, 0x10C3, 0x10A2, 0x10A3, 0x0882, 0x0861, 0x0861, 0x0020, 0x10A3, 0x0882, 0x0882, 0x10A2,
  0x0861, 0x0861, 0x10A3, 0x31C7, 0x2146, 0x3A08, 0x31C8, 0x29A7, 0x2145, 0x39E8, 0x1925, 0x18E4, 0x1082, 0x1082, 0x1061, 0x0861,
  0x0020, 0x10A3, 0x2166, 0x2124, 0x6B8E, 0x2966, 0x3186, 0x39E7, 0x3166, 0x2945, 0x2104, 0x2924, 0x2082, 0x0000, 0x0820, 0x18A2,
  0x18A2, 0x18A2, 0x18A2, 0x18A2, 0x18A2, 0x18C3, 0x18C3, 0x18C3, 0x18C3, 0x20C3, 0x20C3, 0x20C3, 0x20C3, 0x20C3, 0x20E3, 0x20E3,
  0x20E3, 0x20E3, 0x20E3, 0x20E3, 0x20E3, 0x20E3, 0x20E3, 0x20E3, 0x20E3, 0x20C3, 0x20C3, 0x18C3, 0x20C3, 0x20E4, 0x2104, 0x2104,
  0x2904, 0x2924, 0x2945, 0x2965, 0x31A6, 0x39A7, 0x2104, 0x2904, 0x4800, 0x2820, 0x1820, 0x1020, 0x1020, 0x1840, 0x1840, 0x1840,
  0x2080, 0x2080, 0x2080, 0x2081, 0x28A1, 0x30C2, 0x3102, 0x3923, 0x4164, 0x4984, 0x51A5, 0x51C5, 0x59E6, 0x5A06, 0x5A26, 0x6227,
  0x6247, 0x6247, 0x6247, 0x6267, 0x6A68, 0x6A68, 0x6A88, 0x6A88, 0x6A88, 0x6A88, 0x6A88, 0x6AA8, 0x72A8, 0x72A8, 0x72A9, 0x72A9,
  0x72A9, 0x72A9, 0x28A1, 0x6A46, 0x8B2A, 0xDE37, 0xBD33, 0x4964, 0x4164, 0x20C2, 0x28C2, 0x4185, 0x5143, 0x8143, 0x6984, 0x2923,
  0x49C6, 0x3124, 0x1081, 0x3944, 0x6A48, 0x2924, 0x0841, 0x28E3, 0x7207, 0x5985, 0x3165, 0x3985, 0x39A6, 0x49C6, 0x0000, 0x20A2,
  0x7A68, 0xB4B1, 0x7B0B, 0x20E3, 0x2144, 0x5ACA, 0xCE59, 0x632C, 0x9471, 0xB575, 0x9CF3, 0x2945, 0x39C6, 0x6B4C, 0x41E7, 0x1061,
  0x0000, 0x0841, 0x0841, 0x10A2, 0x0020, 0x0000, 0x0000, 0x0000, 0x0000, 0x2986, 0x3A08, 0x3186, 0x2104, 0x2945, 0x10A2, 0x0020,
  0x528A, 0x4A6A, 0x18C3, 0x2965, 0x18C3, 0x3186, 0x31A7, 0x39C7, 0x2966, 0x18E3, 0x0882, 0x0020, 0x18E4, 0x18E4, 0x10A2, 0x0841,
  0x0841, 0x0841, 0x0040, 0x0020, 0x0861, 0x0861, 0x0000, 0x0000, 0x0000, 0x0000, 0x0000, 0x18C3, 0x39E7, 0x2145, 0x2145, 0x39E7,
  0x52AB, 0x5ACB, 0x52AB, 0x18E4, 0x10C3, 0x10A2, 0x0861, 0x0862, 0x0020, 0x0041, 0x0000, 0x1082, 0x2986, 0x2125, 0x10C3, 0x18E4,
  0x31C8, 0x31E8, 0x3A08, 0x426A, 0x31A7, 0x10A3, 0x0861, 0x0861, 0x0861, 0x0041, 0x0020, 0x0041, 0x0882, 0x10C3, 0x0882, 0x0020,
  0x1904, 0x4A8A, 0xA555, 0xE73D, 0x5AEC, 0x2986, 0x2125, 0x2125, 0x31A7, 0x1925, 0x2145, 0x18C3, 0x1061, 0x0861, 0x1082, 0x0861,
  0x0020, 0x0021, 0x0861, 0x1904, 0x18E3, 0x2104, 0x2104, 0x18C2, 0x0841, 0x0841, 0x20C3, 0x1020, 0x1020, 0x18C3, 0x1082, 0x1882,
  0x18A2, 0x18A2, 0x18A2, 0x18A2, 0x18A2, 0x18A2, 0x18A2, 0x18A2, 0x18A2, 0x18A2, 0x18A2, 0x18A2, 0x18A2, 0x18A2, 0x18A2, 0x18C3,
  0x18C3, 0x18C3, 0x20C3, 0x20C3, 0x20C3, 0x20C3, 0x20E3, 0x20E3, 0x20E3, 0x20E3, 0x20E3, 0x20E3, 0x20E3, 0x20E3, 0x20C3, 0x18C3,
  0x20E3, 0x2104, 0x2904, 0x2924, 0x2945, 0x3186, 0x39A7, 0x2924, 0x4820, 0x2020, 0x0820, 0x1020, 0x2040, 0x1840, 0x2080, 0x2080,
  0x2081, 0x28C1, 0x3102, 0x4143, 0x4984, 0x51C5, 0x51E6, 0x5A06, 0x5A27, 0x6247, 0x6247, 0x6267, 0x6A68, 0x6A68, 0x6A88, 0x6A88,
  0x6A88, 0x6AA8, 0x72A8, 0x72A9, 0x72A9, 0x72A9, 0x72A9, 0x72C9, 0x72C9, 0x72C9, 0x72C9, 0x72C9, 0x72C9, 0x72C9, 0x72C9, 0x72C9,
  0x72C9, 0x72C9, 0x72C9, 0x7AC8, 0x832A, 0x8B6B, 0x7B2B, 0x49A5, 0x3903, 0x3123, 0x28E2, 0x1881, 0x5963, 0x41A5, 0x31A6, 0x2924,
  0x4185, 0x6A48, 0x7A47, 0x28C2, 0x18C3, 0x1061, 0x18A2, 0x8207, 0xA9C6, 0x3904, 0x4965, 0x91C6, 0x5185, 0x2944, 0x18C2, 0x18E3,
  0x2165, 0x2965, 0x2145, 0x18C3, 0x5269, 0xC617, 0xEF5D, 0x6B6D, 0x9CB2, 0xB5B6, 0xCE59, 0x738D, 0x0820, 0x0820, 0x3165, 0x5289,
  0x5268, 0x3985, 0x2924, 0x0861, 0x0000, 0x0000, 0x0000, 0x0000, 0x2104, 0x39E7, 0x4A49, 0x3186, 0x2104, 0x18E3, 0x0861, 0x1082,
  0x39E8, 0x18E3, 0x0841, 0x2966, 0x2104, 0x1082, 0x1904, 0x18E3, 0x18C3, 0x1082, 0x0020, 0x0841, 0x2986, 0x18C3, 0x10A2, 0x0021,
  0x0861, 0x0020, 0x0041, 0x0041, 0x0020, 0x0020, 0x0000, 0x0000, 0x0000, 0x0000, 0x0000, 0x2965, 0x3186, 0x3186, 0x2145, 0x2986,
  0x3A08, 0x632D, 0x5AEC, 0x2965, 0x10A2, 0x0882, 0x0882, 0x0861, 0x0041, 0x0041, 0x0000, 0x10C3, 0x2145, 0x2986, 0x10C3, 0x0862,
  0x4229, 0x31C8, 0x31E8, 0x2986, 0x2986, 0x10C3, 0x0041, 0x10A3, 0x10A2, 0x0041, 0x0000, 0x0020, 0x0861, 0x0861, 0x0041, 0x2125,
  0x2986, 0xB596, 0xEF5D, 0x9CF4, 0x2986, 0x1925, 0x10E3, 0x2986, 0x2145, 0x10A3, 0x18E3, 0x1082, 0x10A2, 0x10A2, 0x0882, 0x0020,
  0x0000, 0x0000, 0x0861, 0x31A7, 0x1904, 0x0861, 0x0841, 0x0841, 0x18E3, 0x1061, 0x1040, 0x1082, 0x10A2, 0x18A2, 0x20A2, 0x1881,
  0x1881, 0x1881, 0x1882, 0x1882, 0x1882, 0x1882, 0x1882, 0x1882, 0x1882, 0x1882, 0x1882, 0x1882, 0x1882, 0x1882, 0x1882, 0x1882,
  0x18A2, 0x18A2, 0x18A2, 0x18A2, 0x18A2, 0x18A2, 0x18A2, 0x18A2, 0x18A2, 0x18C2, 0x18C3, 0x20C3, 0x20C3, 0x20E3, 0x20E3, 0x20E3,
  0x20E3, 0x20E3, 0x20C3, 0x20C3, 0x2104, 0x2924, 0x2966, 0x3186, 0x4020, 0x1020, 0x1020, 0x1840, 0x2080, 0x28A1, 0x30E2, 0x4164,
  0x51C5, 0x5A06, 0x6227, 0x6247, 0x6A68, 0x6A88, 0x6A88, 0x6AA8, 0x72A8, 0x72A9, 0x72A9, 0x72C9, 0x72C9, 0x72C9, 0x72C9, 0x72C9,
  0x72C9, 0x72C9, 0x72C9, 0x72C9, 0x72C9, 0x72C9, 0x72C9, 0x72C9, 0x72C9, 0x72C9, 0x72C9, 0x72C9, 0x72C9, 0x72A9, 0x72A9, 0x72A9,
  0x72A9, 0x72A9, 0x72A9, 0x8B4A, 0x72C9, 0x72C8, 0x6267, 0x5A27, 0x3102, 0x5984, 0x6923, 0x3880, 0x59C6, 0x4A07, 0x3965, 0x2903,
  0x6A89, 0xD3ED, 0xDA66, 0x78E2, 0x18A2, 0x20C2, 0x41A6, 0x72AA, 0x6248, 0x31A6, 0x7A89, 0x79A5, 0x3104, 0x0041, 0x4208, 0x94B3,
  0x94B2, 0x4A8A, 0x2145, 0x2124, 0x8C2F, 0xBDF7, 0xBDD6, 0xA534, 0x9CB2, 0x7BAE, 0x83EF, 0x7B8D, 0x0000, 0x4A28, 0xF77D, 0xE71C,
  0x83EF, 0x62C9, 0x734C, 0x3145, 0x1081, 0x0000, 0x0020, 0x0020, 0x3186, 0x2124, 0x39E7, 0x3186, 0x2124, 0x18C3, 0x0841, 0x2965,
  0x31A7, 0x10A3, 0x18E3, 0x2945, 0x2945, 0x0861, 0x0020, 0x0861, 0x10A2, 0x0840, 0x0000, 0x0841, 0x18C3, 0x18C3, 0x0862, 0x0000,
  0x0841, 0x0020, 0x0020, 0x0020, 0x0020, 0x0020, 0x0000, 0x0000, 0x0000, 0x0000, 0x0841, 0x39E7, 0x2945, 0x3186, 0x2965, 0x4A69,
  0x29A6, 0x39E8, 0x31A7, 0x2104, 0x10A2, 0x1082, 0x0861, 0x0841, 0x0041, 0x0041, 0x0000, 0x18E4, 0x2145, 0x0882, 0x0882, 0x0882,
  0x0861, 0x2166, 0x4249, 0x31C7, 0x10E3, 0x10C3, 0x0882, 0x0882, 0x0882, 0x0041, 0x0000, 0x0020, 0x0861, 0x10A3, 0x52AB, 0x31E8,
  0x29A6, 0x31C7, 0x39E8, 0x1925, 0x2166, 0x52CC, 0x6B6E, 0x2986, 0x18E4, 0x10C3, 0x0882, 0x0861, 0x10A3, 0x0882, 0x0020, 0x0000,
  0x0000, 0x0020, 0x3A08, 0x1904, 0x31A7, 0x2104, 0x20E4, 0x39E8, 0x31A6, 0x1082, 0x0841, 0x1082, 0x18C2, 0x1861, 0x3800, 0x1861,
  0x1861, 0x1861, 0x1861, 0x1861, 0x1861, 0x1861, 0x1861, 0x1861, 0x1861, 0x1861, 0x1861, 0x1861, 0x1861, 0x1861, 0x1881, 0x1881,
  0x1881, 0x1881, 0x1881, 0x1881, 0x1881, 0x1881, 0x1881, 0x1881, 0x1881, 0x1881, 0x1881, 0x1881, 0x1882, 0x1882, 0x1882, 0x1882,
  0x18A2, 0x18A2, 0x18A2, 0x18A2, 0x20C3, 0x20E3, 0x20C3, 0x2104, 0x20A2, 0x1840, 0x30E2, 0x5A06, 0x6A67, 0x6AA8, 0x72A9, 0x72C9,
  0x72C9, 0x72C9, 0x72C9, 0x72C9, 0x72C9, 0x72A9, 0x72A9, 0x72A9, 0x72A8, 0x72A8, 0x72A8, 0x72A8, 0x72A8, 0x72A8, 0x6AA8, 0x6AA8,
  0x6AA8, 0x6AA8, 0x6AA8, 0x6A88, 0x6A88, 0x6A88, 0x6A88, 0x6A88, 0x6A88, 0x6A88, 0x6A88, 0x6A88, 0x6A88, 0x6A88, 0x6A88, 0x6A88,
  0x6A88, 0x6A88, 0x6A88, 0x6AA8, 0x9C0E, 0x7B4B, 0x6268, 0x4164, 0x4902, 0xB225, 0xD1C4, 0x68E1, 0x3164, 0x5144, 0xC2A7, 0x8184,
  0x3965, 0xB2E9, 0xA8C0, 0x6103, 0x3164, 0x18A1, 0x18A2, 0x528A, 0x52CB, 0x41A6, 0x6144, 0x4165, 0x2145, 0x18E3, 0x8472, 0x9D35,
  0x94F4, 0x530C, 0x1082, 0x9471, 0xDEBA, 0xB575, 0x8C30, 0x6B0B, 0x4A28, 0x734C, 0xBDB5, 0x5248, 0x18C2, 0x7BCE, 0x9CB2, 0xCE58,
  0xA4F3, 0x5A89, 0x5248, 0x3985, 0x39A5, 0x0841, 0x0000, 0x0841, 0x18E3, 0x18C3, 0x2104, 0x2945, 0x20E3, 0x10A2, 0x0861, 0x39E7,
  0x3186, 0x1904, 0x2104, 0x2965, 0x31A7, 0x0041, 0x0000, 0x0841, 0x0820, 0x0000, 0x0041, 0x0841, 0x1082, 0x0882, 0x0841, 0x0000,
  0x0020, 0x0841, 0x0020, 0x0020, 0x0841, 0x0020, 0x0000, 0x0000, 0x0000, 0x0000, 0x18E3, 0x31A6, 0x10A2, 0x2145, 0x31C7, 0x52AA,
  0x31C7, 0x1082, 0x10C3, 0x10C3, 0x0861, 0x1082, 0x0861, 0x0041, 0x0041, 0x0020, 0x0000, 0x18E4, 0x1904, 0x0861, 0x08A2, 0x10C3,
  0x29A7, 0x2146, 0x2145, 0x1925, 0x10A3, 0x10C3, 0x10E4, 0x0882, 0x0041, 0x0041, 0x0000, 0x0021, 0x0000, 0x31A7, 0x52CC, 0x29A7,
  0x2145, 0x31C7, 0x39E8, 0x2986, 0x2165, 0x3A08, 0x29A7, 0x1904, 0x1904, 0x18E4, 0x0861, 0x0041, 0x0021, 0x0861, 0x0020, 0x0000,
  0x0000, 0x0862, 0x39E8, 0x18E3, 0x1904, 0x0861, 0x10A3, 0x1082, 0x1061, 0x18A2, 0x1861, 0x1040, 0x1861, 0x3020, 0x5000, 0x1861,
  0x1861, 0x2061, 0x2061, 0x2061, 0x2061, 0x2061, 0x2061, 0x2061, 0x2061, 0x2061, 0x2061, 0x2041, 0x2041, 0x2041, 0x2041, 0x2041,
  0x2041, 0x2041, 0x2041, 0x2041, 0x2041, 0x2041, 0x2041, 0x2041, 0x2041, 0x2040, 0x2040, 0x2040, 0x2040, 0x2040, 0x2020, 0x2020,
  0x2020, 0x2020, 0x1800, 0x1800, 0x1000, 0x0800, 0x0800, 0x1040, 0x30E2, 0x30E2, 0x4164, 0x59E6, 0x6226, 0x6A47, 0x6A67, 0x6A68,
  0x6A68, 0x6A68, 0x6A68, 0x6A68, 0x6A68, 0x6A68, 0x6A68, 0x6A68, 0x6A68, 0x6A68, 0x6A68, 0x6A68, 0x6A68, 0x6A68, 0x6A68, 0x6A68,
  0x6A68, 0x6A68, 0x6A68, 0x6A68, 0x6A68, 0x6A68, 0x6A68, 0x6A68, 0x6A68, 0x6A68, 0x6A68, 0x6A68, 0x6A68, 0x6A68, 0x6A68, 0x6A68,
  0x6A68, 0x6A68, 0x6A68, 0x51C5, 0x5A26, 0x5A27, 0x3903, 0x4144, 0x8963, 0xCA05, 0x8983, 0x30E2, 0x30C2, 0xB205, 0xFB6A, 0xA1A4,
  0x3124, 0x4185, 0x4102, 0x4164, 0x51E6, 0x4164, 0x28E3, 0x5ACA, 0x6B4C, 0x40C2, 0x6185, 0x4A8A, 0x2145, 0x0041, 0x638E, 0x8CF4,
  0x636E, 0x2104, 0x1060, 0x738D, 0xBDD6, 0x7BAE, 0x5ACA, 0x7BAD, 0x630B, 0x2924, 0x5227, 0x0840, 0x3185, 0xC638, 0x9491, 0x83CE,
  0x736D, 0x1081, 0x5289, 0x41E7, 0x4A49, 0x4228, 0x0000, 0x0020, 0x0861, 0x1081, 0x18C2, 0x1081, 0x18A2, 0x1082, 0x0841, 0x2985,
  0x2104, 0x2104, 0x18E3, 0x1082, 0x10A2, 0x0020, 0x0000, 0x0841, 0x1082, 0x0020, 0x0020, 0x0861, 0x0021, 0x0020, 0x0000, 0x0000,
  0x0020, 0x0841, 0x0020, 0x0020, 0x0020, 0x0000, 0x0000, 0x0000, 0x0000, 0x0000, 0x2965, 0x2945, 0x2104, 0x2124, 0x4A8A, 0x4229,
  0x39E7, 0x18C3, 0x18C3, 0x10C3, 0x18C3, 0x1082, 0x20C2, 0x1061, 0x0841, 0x0020, 0x0000, 0x10C3, 0x10C3, 0x10E3, 0x10C3, 0x10C3,
  0x31C8, 0x2125, 0x0882, 0x10C3, 0x0882, 0x0882, 0x10E4, 0x10A3, 0x0041, 0x0021, 0x0000, 0x0000, 0x1925, 0x424A, 0x4249, 0x3208,
  0x31E8, 0x31C7, 0x2125, 0x2986, 0x31C8, 0x2145, 0x10C3, 0x1925, 0x10C3, 0x0882, 0x0862, 0x0882, 0x0882, 0x0041, 0x0020, 0x0000,
  0x4208, 0x52CB, 0x18C3, 0x10A2, 0x0841, 0x20E4, 0x1082, 0x1061, 0x20C3, 0x18C3, 0x20C2, 0x1020, 0x2020, 0x4000, 0x2000, 0x2040,
  0x2040, 0x2040, 0x2040, 0x2040, 0x2040, 0x2040, 0x2040, 0x2040, 0x2020, 0x2020, 0x2020, 0x2020, 0x2020, 0x2020, 0x2020, 0x2020,
  0x2020, 0x2020, 0x2020, 0x2020, 0x1820, 0x1820, 0x1800, 0x1800, 0x1800, 0x1800, 0x1000, 0x1000, 0x1000, 0x0800, 0x0800, 0x0800,
  0x0800, 0x0800, 0x0800, 0x0820, 0x1020, 0x1040, 0x1840, 0x1860, 0x3923, 0x30C2, 0x30E2, 0x30E2, 0x30E2, 0x3923, 0x4164, 0x51C5,
  0x59E6, 0x59E6, 0x5A06, 0x5A06, 0x6226, 0x6227, 0x6247, 0x6A47, 0x6A47, 0x6A47, 0x6A67, 0x6A68, 0x6A68, 0x6A68, 0x6A68, 0x6A68,
  0x6A68, 0x6A68, 0x6A68, 0x6A68, 0x6A68, 0x6A68, 0x6A68, 0x6A68, 0x6A68, 0x6A68, 0x6A68, 0x6A68, 0x6A68, 0x6A68, 0x6A68, 0x6A68,
  0x6A68, 0x6A68, 0x6A68, 0xC553, 0x72E9, 0x4164, 0x4144, 0x4144, 0xA183, 0xA142, 0x4903, 0x3103, 0x6143, 0xDAE8, 0x9943, 0x4924,
  0x5A48, 0x3985, 0x18C2, 0x3123, 0x9B0A, 0xA1E6, 0x38C2, 0x3124, 0x6923, 0x6A07, 0x52AA, 0x3A08, 0x632C, 0x2985, 0x2145, 0x2145,
  0x18C3, 0x20E3, 0x834A, 0x49E6, 0x2944, 0x39A5, 0x18A2, 0x0820, 0x0840, 0x0020, 0x2965, 0x18C3, 0x41C6, 0x736D, 0x83EF, 0x7BCE,
  0x630C, 0x2903, 0x62CA, 0x4A07, 0x39A5, 0x3144, 0x0841, 0x0000, 0x0000, 0x0020, 0x1061, 0x0841, 0x0861, 0x0841, 0x0840, 0x1082,
  0x18C3, 0x2103, 0x2924, 0x18E3, 0x0841, 0x0841, 0x2965, 0x31C7, 0x31A7, 0x10C3, 0x0020, 0x0841, 0x0020, 0x0000, 0x0000, 0x0000,
  0x0840, 0x0020, 0x0020, 0x0020, 0x0020, 0x0000, 0x0000, 0x0000, 0x0000, 0x1062, 0x3186, 0x2104, 0x2125, 0x2965, 0x4229, 0x52CB,
  0x31C7, 0x10A3, 0x10A3, 0x18C3, 0x10A2, 0x18C3, 0x20C3, 0x18A2, 0x0861, 0x0020, 0x0000, 0x08A2, 0x0882, 0x0882, 0x08A2, 0x10C3,
  0x2987, 0x2125, 0x0882, 0x08A2, 0x10A3, 0x10E4, 0x10C3, 0x0882, 0x0882, 0x0041, 0x0000, 0x10C3, 0x52EC, 0x3A09, 0x4A6A, 0x2987,
  0x2986, 0x1904, 0x1925, 0x2125, 0x10E4, 0x18E4, 0x10C3, 0x10C3, 0x10C3, 0x10C3, 0x0882, 0x0862, 0x0041, 0x0020, 0x0000, 0x0861,
  0x3186, 0x2124, 0x0841, 0x18C3, 0x528A, 0x5ACB, 0x2945, 0x18C2, 0x0840, 0x18A2, 0x2082, 0x2820, 0x4000, 0x2800, 0x0000, 0x2020,
  0x2020, 0x2020, 0x2020, 0x2020, 0x2020, 0x2020, 0x2020, 0x1820, 0x1820, 0x1800, 0x1800, 0x1800, 0x1800, 0x1800, 0x1800, 0x1800,
  0x1000, 0x1000, 0x1000, 0x1000, 0x1000, 0x0800, 0x0800, 0x0800, 0x0800, 0x0800, 0x0800, 0x0800, 0x0800, 0x0800, 0x0800, 0x0800,
  0x0820, 0x1020, 0x1040, 0x1840, 0x1840, 0x1840, 0x1840, 0x2081, 0x3923, 0x3903, 0x28C2, 0x28C2, 0x28A2, 0x28E2, 0x28C2, 0x30E2,
  0x3103, 0x3943, 0x4164, 0x49A5, 0x51C5, 0x59E6, 0x59E6, 0x59E6, 0x5A06, 0x5A06, 0x5A06, 0x6206, 0x6227, 0x6227, 0x6227, 0x6247,
  0x6247, 0x6A47, 0x6A47, 0x6A47, 0x6A47, 0x6A67, 0x6A67, 0x6A67, 0x6A68, 0x6A68, 0x6A68, 0x6A68, 0x6A68, 0x6A68, 0x6A68, 0x6A68,
  0x6A68, 0x6A68, 0x6A68, 0x93CD, 0xA470, 0x6AA9, 0x3964, 0x50E2, 0x8963, 0x68E2, 0x38E3, 0x38E2, 0x7963, 0x8163, 0x38A1, 0x3944,
  0x6AA9, 0x41A5, 0x41A5, 0x3123, 0x6964, 0x70C2, 0x28A2, 0x20A2, 0x5985, 0x5248, 0x3185, 0x2965, 0x2965, 0x2061, 0x2081, 0x31A6,
  0x4A69, 0x1040, 0x4183, 0x41C5, 0x3185, 0x1061, 0x0841, 0x31A6, 0x2986, 0x10A2, 0x3965, 0xAC2D, 0xDD92, 0xA3ED, 0x7BAE, 0x9CB2,
  0x83CF, 0x39C6, 0x41E6, 0x20E3, 0x3144, 0x2903, 0x1082, 0x0020, 0x0000, 0x0000, 0x0000, 0x0820, 0x0020, 0x0000, 0x0000, 0x0000,
  0x0020, 0x18A2, 0x2904, 0x18E3, 0x0000, 0x1904, 0x39E8, 0x39C7, 0x2945, 0x18E4, 0x1082, 0x0000, 0x0000, 0x0021, 0x10A2, 0x0882,
  0x0841, 0x0020, 0x0020, 0x0020, 0x0000, 0x0000, 0x0000, 0x0000, 0x0000, 0x2104, 0x2104, 0x2104, 0x2145, 0x2966, 0x2986, 0x4249,
  0x2966, 0x2124, 0x10A2, 0x18C3, 0x18E3, 0x18E3, 0x1082, 0x0841, 0x0841, 0x0841, 0x0000, 0x0861, 0x0861, 0x0041, 0x1904, 0x2145,
  0x1904, 0x18E4, 0x0882, 0x0862, 0x08A2, 0x10A3, 0x0882, 0x0882, 0x0882, 0x0862, 0x0020, 0x1904, 0x29A6, 0x2145, 0x2145, 0x10C3,
  0x10C3, 0x1925, 0x31C7, 0x1925, 0x1904, 0x18E3, 0x10C3, 0x0861, 0x0861, 0x0882, 0x0861, 0x0841, 0x0020, 0x0000, 0x0000, 0x18E4,
  0x31C7, 0x10A2, 0x10A2, 0x10A2, 0x2124, 0x1061, 0x0820, 0x0861, 0x0841, 0x1820, 0x1820, 0x3800, 0x3800, 0x0000, 0x0000, 0x1800,
  0x1800, 0x1800, 0x1800, 0x1800, 0x1800, 0x1800, 0x1000, 0x1000, 0x1000, 0x1000, 0x1000, 0x1000, 0x1000, 0x0800, 0x0800, 0x0800,
  0x0800, 0x0800, 0x0800, 0x0800, 0x0800, 0x0800, 0x0800, 0x0800, 0x0800, 0x0800, 0x0800, 0x0800, 0x0820, 0x0820, 0x0820, 0x1020,
  0x1040, 0x1840, 0x1840, 0x1840, 0x1840, 0x1840, 0x1860, 0x20A1, 0x3923, 0x4123, 0x30C2, 0x28C2, 0x28A2, 0x28C2, 0x28C2, 0x28E2,
  0x28C2, 0x30E2, 0x30E2, 0x3103, 0x3923, 0x4144, 0x4164, 0x4985, 0x51A5, 0x51C5, 0x59E6, 0x59E6, 0x59E6, 0x59E6, 0x5A06, 0x5A06,
  0x5A06, 0x5A06, 0x6206, 0x6226, 0x6227, 0x6227, 0x6227, 0x6227, 0x6227, 0x6247, 0x6247, 0x6A47, 0x6A47, 0x6A47, 0x6A47, 0x6A47,
  0x6A47, 0x6A67, 0x93CD, 0x72C9, 0x59E5, 0x6A47, 0x4184, 0x7923, 0x68C2, 0x30A1, 0x4123, 0x6164, 0xAA45, 0x9A45, 0x5964, 0x6AA9,
  0x6ACA, 0x3964, 0x4164, 0x9A46, 0x99E5, 0x38E2, 0x20C2, 0x3123, 0x3985, 0x3144, 0x630C, 0x31C7, 0x48C1, 0xD3EC, 0xC470, 0x3944,
  0x1924, 0x41E6, 0x8C0F, 0x840F, 0xA513, 0x4208, 0x39E8, 0x8C92, 0x4A8A, 0x2186, 0x4984, 0xE4CB, 0xE50E, 0xE409, 0x5A06, 0x5ACA,
  0x62A9, 0x3985, 0x3985, 0x20E3, 0x3985, 0x2103, 0x0020, 0x0841, 0x2965, 0x18C3, 0x0020, 0x0000, 0x0000, 0x0000, 0x0020, 0x0861,
  0x0000, 0x0820, 0x1061, 0x0000, 0x1082, 0x3186, 0x18E4, 0x4A49, 0x2966, 0x18C3, 0x18E3, 0x0041, 0x0021, 0x10A2, 0x10A2, 0x18C3,
  0x0020, 0x0020, 0x0020, 0x0020, 0x0000, 0x0000, 0x0000, 0x0000, 0x0841, 0x2965, 0x18C3, 0x2124, 0x2145, 0x39C7, 0x4A6A, 0x2986,
  0x2145, 0x2104, 0x2945, 0x10A2, 0x18C3, 0x10A2, 0x0882, 0x0020, 0x0841, 0x0841, 0x0000, 0x0862, 0x0041, 0x0862, 0x1904, 0x3208,
  0x1904, 0x10A3, 0x0882, 0x0861, 0x0862, 0x0862, 0x0861, 0x10A3, 0x0862, 0x0020, 0x0841, 0x2966, 0x29A7, 0x31E8, 0x1904, 0x1904,
  0x18E4, 0x2986, 0x31A7, 0x10C3, 0x0882, 0x10A3, 0x0882, 0x0041, 0x0861, 0x0861, 0x0841, 0x0861, 0x0020, 0x0000, 0x0861, 0x4249,
  0x31A6, 0x0841, 0x10C3, 0x10A2, 0x18C3, 0x2082, 0x2082, 0x0840, 0x1061, 0x1000, 0x3000, 0x3800, 0x0000, 0x0000, 0x0000, 0x1000,
  0x1000, 0x1000, 0x1000, 0x1000, 0x1000, 0x0800, 0x0800, 0x0800, 0x0800, 0x0800, 0x0800, 0x0800, 0x0800, 0x0800, 0x0800, 0x0800,
  0x0800, 0x0800, 0x0800, 0x0800, 0x0800, 0x0800, 0x0800, 0x0800, 0x0820, 0x0820, 0x0820, 0x0820, 0x1020, 0x1040, 0x1040, 0x1840,
  0x1840, 0x1040, 0x1840, 0x1840, 0x1840, 0x1860, 0x2081, 0x28E2, 0x3923, 0x5184, 0x30C2, 0x30C2, 0x30A1, 0x28A1, 0x30E2, 0x28A2,
  0x28E2, 0x28E2, 0x28C2, 0x28C2, 0x30E2, 0x3103, 0x3103, 0x3923, 0x3943, 0x4164, 0x4164, 0x4984, 0x49A5, 0x51C5, 0x51C5, 0x51E6,
  0x59E6, 0x59E6, 0x59E6, 0x59E6, 0x59E6, 0x5A06, 0x5A06, 0x5A06, 0x5A06, 0x5A06, 0x6206, 0x6226, 0x6227, 0x6227, 0x6227, 0x6227,
  0x6227, 0x6227, 0xBD12, 0x72A8, 0x5184, 0x7AA8, 0x6206, 0x4923, 0x40C1, 0x4123, 0x4964, 0x4923, 0xAAE7, 0xBA44, 0x7A27, 0x5A68,
  0x3965, 0x28E3, 0x81E5, 0x81C5, 0x40E2, 0x51C6, 0x2903, 0x3123, 0x3123, 0x2103, 0x31A5, 0x31C6, 0x9163, 0xFC0C, 0xD430, 0x5A69,
  0x39A5, 0x9CB1, 0x9CB2, 0xA534, 0x94B2, 0x73CF, 0x6B6D, 0x5B0C, 0x634D, 0x3A09, 0x59E5, 0xD46A, 0xAA63, 0xAA01, 0x1881, 0x3165,
  0x5227, 0x3164, 0x3165, 0x18C2, 0x1081, 0x0820, 0x0841, 0x4208, 0x528A, 0x4A49, 0x2104, 0x0861, 0x0000, 0x0861, 0x31A6, 0x39E7,
  0x18E3, 0x10A2, 0x0020, 0x0020, 0x2124, 0x18E3, 0x2104, 0x4A69, 0x39C7, 0x2104, 0x18C3, 0x0041, 0x0882, 0x2104, 0x1082, 0x10A2,
  0x0020, 0x0020, 0x0020, 0x0020, 0x0000, 0x0000, 0x0000, 0x0000, 0x18C3, 0x2965, 0x2104, 0x2145, 0x31A7, 0x39E8, 0x4A69, 0x2145,
  0x1904, 0x18E4, 0x31C7, 0x31A6, 0x10A2, 0x1082, 0x0881, 0x0020, 0x10A2, 0x0841, 0x0000, 0x0861, 0x0041, 0x10C3, 0x1904, 0x1904,
  0x1924, 0x10A3, 0x0882, 0x0882, 0x0862, 0x0882, 0x0862, 0x0882, 0x0862, 0x0000, 0x0862, 0x2146, 0x2986, 0x1925, 0x10E4, 0x1904,
  0x2986, 0x2145, 0x0861, 0x0862, 0x0882, 0x10C3, 0x0882, 0x0861, 0x10A2, 0x0882, 0x0021, 0x0020, 0x0000, 0x0000, 0x2986, 0x4A8A,
  0x0882, 0x0000, 0x2125, 0x2966, 0x18C3, 0x1861, 0x1820, 0x0820, 0x1020, 0x2800, 0x3800, 0x0800, 0x0000, 0x0000, 0x0000, 0x0800,
  0x0800, 0x0800, 0x0800, 0x0800, 0x0800, 0x0800, 0x0800, 0x0800, 0x0800, 0x0800, 0x0800, 0x0800, 0x0800, 0x0800, 0x0800, 0x0800,
  0x0800, 0x0800, 0x0800, 0x0800, 0x0800, 0x0820, 0x0820, 0x0820, 0x0820, 0x1020, 0x1020, 0x1040, 0x1040, 0x1840, 0x1840, 0x1840,
  0x1840, 0x1840, 0x1840, 0x1840, 0x1860, 0x1860, 0x2081, 0x30E2, 0x3923, 0x5164, 0x3903, 0x30C2, 0x30C2, 0x30C1, 0x28A1, 0x30E2,
  0x28C2, 0x28C2, 0x30E2, 0x28E2, 0x28C2, 0x28C2, 0x30E2, 0x30E2, 0x3103, 0x3103, 0x3923, 0x3923, 0x3944, 0x4164, 0x4164, 0x4984,
  0x49A5, 0x51A5, 0x51C5, 0x51C5, 0x51E5, 0x59E6, 0x59E6, 0x59E6, 0x59E6, 0x59E6, 0x59E6, 0x5A06, 0x5A06, 0x5A06, 0x5A06, 0x5A06,
  0x5A06, 0x6206, 0xDE78, 0x9BCC, 0x59E5, 0x59C5, 0x4123, 0x28C1, 0x5163, 0x71E5, 0x5143, 0xAA04, 0xCA85, 0x8142, 0x5184, 0x3964,
  0x4184, 0x9267, 0x99E5, 0x4123, 0x3124, 0x3103, 0x20C2, 0x5248, 0x5227, 0x3985, 0x5A69, 0x4A8A, 0x5123, 0xD224, 0x9207, 0x49C6,
  0xA4B0, 0xCE18, 0xAD34, 0x7B8C, 0x3164, 0xAD55, 0xAD96, 0x3A08, 0x31A6, 0x2145, 0x5227, 0x8A43, 0x832B, 0x8BAC, 0x28C2, 0x20E3,
  0x2923, 0x18C2, 0x2923, 0x18C2, 0x0020, 0x0000, 0x2104, 0x4249, 0x2144, 0x39E7, 0x4A49, 0x5269, 0x0020, 0x4208, 0x39E7, 0x31A6,
  0x39E7, 0x4208, 0x0861, 0x0841, 0x10A2, 0x18C3, 0x18E3, 0x3186, 0x2965, 0x10A2, 0x0861, 0x0020, 0x10A2, 0x10C3, 0x10A2, 0x10A2,
  0x0020, 0x0020, 0x0020, 0x0000, 0x0000, 0x0000, 0x0000, 0x0020, 0x3186, 0x2965, 0x18E3, 0x2104, 0x2945, 0x4A49, 0x4229, 0x18E3,
  0x2104, 0x2145, 0x39A6, 0x2124, 0x10A2, 0x10C2, 0x0020, 0x0020, 0x2924, 0x0020, 0x0000, 0x0041, 0x0882, 0x10A3, 0x10C3, 0x10C3,
  0x0841, 0x0882, 0x0882, 0x10A3, 0x0882, 0x0861, 0x0862, 0x0882, 0x0841, 0x0021, 0x4229, 0x7BCF, 0x10E4, 0x1945, 0x1925, 0x2145,
  0x1905, 0x18E4, 0x10A3, 0x0882, 0x10C3, 0x0882, 0x0862, 0x0041, 0x0861, 0x0021, 0x0000, 0x0000, 0x0020, 0x52CC, 0x5AEC, 0x10A3,
  0x0861, 0x0000, 0x0841, 0x10A2, 0x0861, 0x1061, 0x1061, 0x0820, 0x2800, 0x3000, 0x0800, 0x0000, 0x0000, 0x0000, 0x0000, 0x0800,
  0x0800, 0x0800, 0x0800, 0x0800, 0x0800, 0x0800, 0x0800, 0x0800, 0x0800, 0x0800, 0x0800, 0x0800, 0x0800, 0x0800, 0x0800, 0x0800,
  0x0800, 0x0820, 0x0820, 0x0820, 0x0820, 0x0820, 0x1020, 0x1020, 0x1040, 0x1040, 0x1040, 0x1840, 0x1840, 0x1840, 0x1040, 0x1840,
  0x1840, 0x1840, 0x1840, 0x1860, 0x1860, 0x2081, 0x20A1, 0x30E3, 0x3923, 0x4944, 0x3903, 0x30C2, 0x30C2, 0x28C2, 0x30C1, 0x28A1,
  0x30E2, 0x30E2, 0x28A2, 0x28C2, 0x30E2, 0x28E2, 0x28C2, 0x28C2, 0x28C2, 0x30E2, 0x30E2, 0x3103, 0x3103, 0x3923, 0x3923, 0x3943,
  0x4144, 0x4164, 0x4164, 0x4984, 0x49A5, 0x51A5, 0x51C5, 0x51C5, 0x51C5, 0x51E5, 0x59E6, 0x59E6, 0x59E6, 0x59E6, 0x59E6, 0x59E6,
  0x59E6, 0x5A06, 0x6268, 0x30A1, 0x2081, 0x20A1, 0x3923, 0x51A5, 0x61A5, 0x6123, 0x6123, 0xCA43, 0x9181, 0xA2C6, 0x8AA7, 0x49E7,
  0x5185, 0x69A5, 0x4123, 0x6227, 0x6247, 0x1861, 0x2903, 0x62A9, 0x20C2, 0x79E5, 0xD3A9, 0x89A3, 0x4229, 0x5228, 0x3985, 0x6B0A,
  0x9450, 0xB595, 0xD658, 0xACF2, 0x5A89, 0x4A07, 0x7C10, 0x31C7, 0x4AAA, 0x1904, 0x0000, 0x62EA, 0xA46F, 0x51C4, 0x3922, 0x2924,
  0x1081, 0x0840, 0x18C2, 0x2944, 0x1082, 0x0861, 0x2104, 0x2104, 0x18C3, 0x4A49, 0x4A49, 0x5AAA, 0x1082, 0x2104, 0x39E7, 0x4A49,
  0x4A28, 0x2944, 0x0861, 0x0000, 0x1082, 0x2104, 0x2104, 0x18E3, 0x18E3, 0x10A2, 0x0841, 0x0000, 0x0841, 0x0861, 0x18C3, 0x10A2,
  0x0020, 0x0020, 0x0000, 0x0000, 0x0000, 0x0000, 0x0000, 0x10A2, 0x3185, 0x18E3, 0x2104, 0x10C3, 0x1904, 0x39E7, 0x2986, 0x18E4,
  0x10C3, 0x39C7, 0x2103, 0x1082, 0x18E3, 0x0861, 0x0000, 0x1081, 0x2924, 0x0000, 0x0000, 0x0020, 0x08A2, 0x10C3, 0x1904, 0x10A3,
  0x0861, 0x10C3, 0x08A2, 0x0882, 0x0882, 0x0041, 0x0861, 0x0862, 0x0041, 0x2104, 0x632D, 0x738E, 0x31C7, 0x18E4, 0x1904, 0x1925,
  0x08A2, 0x10C3, 0x2125, 0x10A3, 0x0862, 0x0882, 0x0841, 0x0041, 0x0041, 0x0020, 0x0020, 0x0000, 0x2104, 0x4A8A, 0x2965, 0x0000,
  0x10A3, 0x2125, 0x1082, 0x0861, 0x0000, 0x0841, 0x1040, 0x2800, 0x3000, 0x0000, 0x0000, 0x0000, 0x0000, 0x0000, 0x0000, 0x0800,
  0x0800, 0x0800, 0x0800, 0x0800, 0x0800, 0x0800, 0x0800, 0x0800, 0x0800, 0x0800, 0x0800, 0x0800, 0x0800, 0x0820, 0x0820, 0x0820,
  0x0820, 0x0820, 0x0820, 0x1020, 0x1020, 0x1040, 0x1040, 0x1040, 0x1040, 0x1840, 0x1840, 0x1840, 0x1840, 0x1840, 0x1840, 0x1840,
  0x1840, 0x1840, 0x1860, 0x1860, 0x1860, 0x2081, 0x28C2, 0x3103, 0x3923, 0x4144, 0x4123, 0x38E2, 0x30C2, 0x30C2, 0x28C2, 0x30C1,
  0x28A1, 0x30C2, 0x30E2, 0x28C2, 0x28A2, 0x28C2, 0x30E2, 0x28E2, 0x28C2, 0x28C2, 0x28C2, 0x30E2, 0x30E2, 0x30E2, 0x3103, 0x3103,
  0x3103, 0x3923, 0x3923, 0x3944, 0x4144, 0x4164, 0x4164, 0x4984, 0x4985, 0x49A5, 0x51A5, 0x51C5, 0x51C5, 0x51C5, 0x51E5, 0x59E6,
  0x59E6, 0x59E6, 0x4143, 0x72C9, 0x51C6, 0x59C5, 0x4144, 0x4123, 0x51C5, 0x61C5, 0x99A4, 0xA1A3, 0xB1E2, 0xEB85, 0xAAE6, 0x2903,
  0x4164, 0x51C5, 0x6206, 0x6226, 0x4984, 0x20C2, 0x3164, 0x31A5, 0x6103, 0xEA84, 0xFCE9, 0xC264, 0x6B6D, 0x4AAB, 0x3165, 0x83AD,
  0x8C0F, 0xB533, 0xBD33, 0xCDD6, 0xBD95, 0x7B8D, 0x4207, 0x2144, 0x39E7, 0x2104, 0x2924, 0x41E7, 0x28E2, 0x1860, 0x1040, 0x0840,
  0x20E3, 0x0020, 0x0000, 0x2103, 0x1081, 0x10A2, 0x2965, 0x2965, 0x39C7, 0x4A49, 0x2103, 0x3165, 0x1081, 0x18E3, 0x39E7, 0x4228,
  0x39C7, 0x18C2, 0x0820, 0x0000, 0x0861, 0x18E4, 0x18E3, 0x1082, 0x18E3, 0x10A2, 0x0020, 0x0020, 0x0862, 0x10A2, 0x10A3, 0x0861,
  0x0000, 0x0000, 0x0020, 0x0000, 0x0000, 0x0000, 0x0000, 0x2124, 0x2104, 0x10A2, 0x2145, 0x2104, 0x2945, 0x10A2, 0x2124, 0x18E3,
  0x2145, 0x39E8, 0x0861, 0x10A2, 0x1081, 0x0861, 0x0820, 0x1081, 0x18A2, 0x0000, 0x0000, 0x0020, 0x0882, 0x10E3, 0x10E3, 0x0882,
  0x0862, 0x10A3, 0x0882, 0x0882, 0x0862, 0x0862, 0x0841, 0x0020, 0x0021, 0x2986, 0x31A7, 0x2966, 0x2966, 0x10A3, 0x10E4, 0x10E4,
  0x10C3, 0x0841, 0x18E3, 0x0882, 0x10A3, 0x0882, 0x0862, 0x0041, 0x0020, 0x0020, 0x0000, 0x10A3, 0x4A6A, 0x0841, 0x18E4, 0x10A2,
  0x39E7, 0x18E3, 0x1081, 0x0820, 0x0861, 0x1081, 0x2000, 0x3000, 0x0000, 0x0000, 0x0000, 0x0000, 0x0000, 0x0000, 0x0000, 0x1840,
  0x0800, 0x0800, 0x0800, 0x0800, 0x0800, 0x0800, 0x0800, 0x0800, 0x0800, 0x0800, 0x0820, 0x0820, 0x0820, 0x0820, 0x0820, 0x0820,
  0x1020, 0x1020, 0x1020, 0x1040, 0x1040, 0x1040, 0x1040, 0x1840, 0x1840, 0x1840, 0x1840, 0x1040, 0x1840, 0x1840, 0x1840, 0x1840,
  0x1840, 0x1840, 0x1860, 0x1860, 0x2081, 0x2081, 0x28C2, 0x3103, 0x3923, 0x4144, 0x5164, 0x3903, 0x30C2, 0x30C2, 0x30C2, 0x28C2,
  0x30C1, 0x28A1, 0x28C2, 0x30E2, 0x28C2, 0x28A2, 0x28C2, 0x28E2, 0x30E2, 0x28E2, 0x28C2, 0x28C2, 0x28C2, 0x28C2, 0x30E2, 0x30E2,
  0x30E2, 0x3103, 0x3103, 0x3103, 0x3923, 0x3923, 0x3943, 0x4144, 0x4164, 0x4164, 0x4164, 0x4984, 0x4984, 0x49A5, 0x51A5, 0x51A5,
  0x51C5, 0x8BAC, 0x7288, 0xB4D1, 0x7A66, 0x3081, 0x38E2, 0x5184, 0x30A1, 0x91A4, 0xE40D, 0xD2C7, 0x9141, 0xC242, 0x7A04, 0x72A9,
  0x8288, 0x936B, 0x82EA, 0x51C5, 0x3943, 0x3144, 0x4207, 0x4903, 0xDA66, 0xF44B, 0xB369, 0x7B2B, 0x426A, 0x31A6, 0x3985, 0xB4F1,
  0xF79D, 0xBD74, 0x93CD, 0x836C, 0x6AC9, 0x6B0B, 0x5269, 0x2103, 0x0000, 0x0020, 0x1082, 0x2924, 0x1082, 0x0000, 0x18E3, 0x8C30,
  0x83CE, 0x41E6, 0x0841, 0x0000, 0x0020, 0x18C2, 0x18C3, 0x2124, 0x2945, 0x4208, 0x18C3, 0x2103, 0x10A2, 0x31A6, 0x39E7, 0x39C6,
  0x39C7, 0x10A2, 0x0020, 0x0020, 0x1082, 0x2124, 0x18C3, 0x10A2, 0x10A2, 0x1081, 0x0000, 0x0841, 0x1082, 0x10C3, 0x0882, 0x0041,
  0x0000, 0x0000, 0x0020, 0x0000, 0x0000, 0x0000, 0x1082, 0x3186, 0x18C3, 0x2145, 0x1904, 0x2966, 0x2145, 0x10A3, 0x18E3, 0x2124,
  0x2145, 0x10A2, 0x0882, 0x1082, 0x0861, 0x0861, 0x0840, 0x0861, 0x0861, 0x0000, 0x0000, 0x0000, 0x0021, 0x0862, 0x0882, 0x0882,
  0x0882, 0x0000, 0x0041, 0x0041, 0x0061, 0x0882, 0x08A2, 0x0000, 0x10A2, 0x4249, 0x1904, 0x10C3, 0x0882, 0x10E4, 0x2986, 0x10A3,
  0x0882, 0x0041, 0x0882, 0x08A2, 0x08A2, 0x0882, 0x0861, 0x0041, 0x0020, 0x0000, 0x0020, 0x31A7, 0x39C7, 0x18E3, 0x18A2, 0x10A2,
  0x1082, 0x0840, 0x1061, 0x0820, 0x0820, 0x1800, 0x2000, 0x0000, 0x0000, 0x0000, 0x0000, 0x0000, 0x0000, 0x0800, 0x0000, 0x1020,
  0x0800, 0x0800, 0x0800, 0x0800, 0x0800, 0x0800, 0x0820, 0x0820, 0x0820, 0x0820, 0x0820, 0x0820, 0x0820, 0x1020, 0x1020, 0x1020,
  0x1040, 0x1040, 0x1040, 0x1040, 0x1040, 0x1840, 0x1840, 0x1840, 0x1840, 0x1040, 0x1840, 0x1840, 0x1840, 0x1840, 0x1840, 0x1840,
  0x1840, 0x1860, 0x1860, 0x1860, 0x2081, 0x20A1, 0x30E2, 0x3103, 0x3923, 0x4144, 0x5184, 0x3903, 0x38E2, 0x30C2, 0x30C2, 0x30C2,
  0x28C2, 0x30C1, 0x28A1, 0x28C2, 0x30E2, 0x30E2, 0x28C2, 0x28A2, 0x28C2, 0x30E2, 0x30E2, 0x28E2, 0x28C2, 0x28C2, 0x28C2, 0x28C2,
  0x30E2, 0x30E2, 0x30E2, 0x30E2, 0x3103, 0x3103, 0x3103, 0x3923, 0x3923, 0x3923, 0x3944, 0x4144, 0x4164, 0x4164, 0x4164, 0x4984,
  0x4984, 0x940E, 0x4984, 0x2881, 0x38C1, 0x5163, 0x38E2, 0x4103, 0x40C2, 0x9143, 0xEBAB, 0xB1C4, 0x9A88, 0x8287, 0x7268, 0xC3CC,
  0xCAA8, 0x8268, 0x49A5, 0x72C9, 0x3923, 0x4185, 0x4A48, 0x71E7, 0xCB0A, 0xC490, 0x5ACB, 0x2186, 0x428A, 0x428A, 0x2103, 0x7267,
  0xB4D1, 0xAC70, 0x8B6C, 0x8309, 0x6227, 0x20E3, 0x3164, 0x39A5, 0x62EB, 0x942F, 0x6AA9, 0x1860, 0x1081, 0x39A6, 0xA4D2, 0x9450,
  0x732B, 0x3985, 0x0841, 0x0000, 0x0000, 0x1082, 0x18C3, 0x2965, 0x2945, 0x20E3, 0x20E3, 0x10A2, 0x0861, 0x3165, 0x2124, 0x3165,
  0x39C6, 0x18C2, 0x18C3, 0x0861, 0x1082, 0x0881, 0x0861, 0x0881, 0x0861, 0x0000, 0x0020, 0x0862, 0x0861, 0x0861, 0x0020, 0x0000,
  0x0000, 0x0000, 0x0000, 0x0000, 0x0000, 0x0000, 0x2124, 0x2945, 0x18E3, 0x2966, 0x2104, 0x3A08, 0x18E3, 0x18E4, 0x0882, 0x18E4,
  0x1904, 0x1082, 0x10A2, 0x0861, 0x1082, 0x1061, 0x0841, 0x0020, 0x0020, 0x0000, 0x0000, 0x0861, 0x0862, 0x0861, 0x0841, 0x0041,
  0x0041, 0x0862, 0x0862, 0x10A2, 0x10A3, 0x0041, 0x0861, 0x0000, 0x10C3, 0x10C3, 0x2145, 0x2166, 0x10C3, 0x10A3, 0x10E4, 0x18E3,
  0x0861, 0x0862, 0x0882, 0x10A2, 0x0882, 0x0041, 0x0041, 0x0000, 0x0020, 0x0020, 0x18E3, 0x52CB, 0x2945, 0x1082, 0x0841, 0x1081,
  0x1081, 0x0841, 0x0020, 0x0841, 0x1000, 0x1800, 0x0000, 0x0000, 0x0000, 0x0000, 0x0000, 0x0000, 0x0000, 0x0800, 0x0820, 0x0800,
  0x0800, 0x0800, 0x0800, 0x0820, 0x0820, 0x0820, 0x0820, 0x0820, 0x0820, 0x0820, 0x1020, 0x1020, 0x1020, 0x1020, 0x1040, 0x1040,
  0x1040, 0x1040, 0x1040, 0x1840, 0x1840, 0x1840, 0x1840, 0x1840, 0x1040, 0x1840, 0x1840, 0x1840, 0x1840, 0x1840, 0x1840, 0x1840,
  0x1860, 0x1860, 0x1860, 0x2081, 0x2081, 0x20A2, 0x30E2, 0x3903, 0x4123, 0x4144, 0x5184, 0x3903, 0x3903, 0x30C2, 0x38C2, 0x30C2,
  0x30C2, 0x28A1, 0x30C1, 0x28A1, 0x28C2, 0x30E2, 0x30E2, 0x28C2, 0x28A2, 0x28C2, 0x28C2, 0x30E2, 0x30E2, 0x28E2, 0x28C2, 0x28C2,
  0x28C2, 0x28C2, 0x28C2, 0x30E2, 0x30E2, 0x30E2, 0x30E2, 0x3103, 0x3103, 0x3103, 0x3923, 0x3923, 0x3923, 0x3943, 0x3944, 0x4144,
  0x4164, 0x72C9, 0x59E6, 0x3923, 0x28A1, 0x30C1, 0x4103, 0x38C2, 0x6984, 0x99A3, 0xA101, 0x6963, 0x830A, 0x9AE9, 0x8A67, 0x8A88,
  0x5964, 0x4164, 0x72EA, 0x6247, 0x28C2, 0x41C6, 0x6207, 0x6A27, 0x4228, 0x4208, 0x4AAB, 0x4AAB, 0x730C, 0x5A08, 0x2945, 0x20A1,
  0x6247, 0x8B6B, 0x82C8, 0x7287, 0x3943, 0x0000, 0x3165, 0xC5F7, 0xA490, 0x72C8, 0x82C8, 0x832A, 0x20E3, 0x5289, 0x7B8D, 0x7BAD,
  0x6B0B, 0x2923, 0x1061, 0x0820, 0x0000, 0x0840, 0x18E3, 0x2124, 0x18C3, 0x1082, 0x18E3, 0x0020, 0x1081, 0x2965, 0x3186, 0x2944,
  0x2103, 0x18A2, 0x2924, 0x1061, 0x0000, 0x0020, 0x0840, 0x0841, 0x0000, 0x0000, 0x0020, 0x0841, 0x0020, 0x0040, 0x0020, 0x0000,
  0x0000, 0x0000, 0x0000, 0x0000, 0x0000, 0x1082, 0x2124, 0x18E3, 0x31A6, 0x2104, 0x2104, 0x2965, 0x10C3, 0x18E4, 0x0882, 0x2124,
  0x2124, 0x18C3, 0x10A2, 0x0861, 0x10A2, 0x0861, 0x0841, 0x0020, 0x0000, 0x0000, 0x0000, 0x0861, 0x0041, 0x0000, 0x0000, 0x0041,
  0x0041, 0x0061, 0x0882, 0x10A3, 0x31A7, 0x0021, 0x0000, 0x0000, 0x0882, 0x0861, 0x18E4, 0x2145, 0x1904, 0x2125, 0x10A3, 0x10A2,
  0x0861, 0x0882, 0x10A3, 0x0882, 0x0882, 0x0020, 0x0000, 0x10A2, 0x0882, 0x18E4, 0x4A8A, 0x0882, 0x0020, 0x0841, 0x2965, 0x18C3,
  0x1061, 0x1061, 0x0820, 0x1800, 0x1800, 0x0000, 0x0000, 0x0000, 0x0000, 0x0000, 0x0000, 0x0000, 0x0000, 0x0000, 0x0820, 0x0000,
  0x1840, 0x0820, 0x0820, 0x0820, 0x0820, 0x0820, 0x0820, 0x0820, 0x1020, 0x1020, 0x1020, 0x1040, 0x1040, 0x1040, 0x1040, 0x1040,
  0x1040, 0x1840, 0x1840, 0x1840, 0x1840, 0x1840, 0x1040, 0x1840, 0x1840, 0x1840, 0x1840, 0x1840, 0x1840, 0x1840, 0x1840, 0x1860,
  0x1860, 0x1860, 0x2060, 0x2081, 0x2081, 0x28C2, 0x30E3, 0x3903, 0x4123, 0x4164, 0x5164, 0x4123, 0x3903, 0x30C2, 0x30C2, 0x30C2,
  0x30C2, 0x28C2, 0x28A1, 0x30C1, 0x28A1, 0x28C2, 0x30E2, 0x30E2, 0x30E2, 0x28C2, 0x28A1, 0x28C2, 0x28C2, 0x30E2, 0x30E2, 0x28E2,
  0x28C2, 0x28C2, 0x28C2, 0x28C2, 0x28C2, 0x30E2, 0x30E2, 0x30E2, 0x30E2, 0x30E2, 0x3103, 0x3103, 0x3103, 0x3903, 0x3923, 0x3923,
  0x3923, 0x38E2, 0x30C2, 0x4144, 0x20A1, 0x30C2, 0x30C1, 0x5943, 0x71A5, 0xB244, 0xCA23, 0x71E5, 0x59C6, 0xBB4A, 0xE46E, 0x8288,
  0x2903, 0x6247, 0x938B, 0x5184, 0x3923, 0x4185, 0x9A06, 0x6964, 0x29A6, 0x3A28, 0x39E8, 0xBC90, 0xFEBA, 0xECB0, 0x9A67, 0x2124,
  0x0841, 0x2080, 0x30E1, 0x2103, 0x31A7, 0x2945, 0x8C71, 0x7B8C, 0xB48E, 0x8AE6, 0x6205, 0x6A88, 0x28E3, 0x18C2, 0x41C6, 0x2944,
  0x2903, 0x18A2, 0x2103, 0x2944, 0x0000, 0x0840, 0x2103, 0x2945, 0x2924, 0x18A2, 0x1081, 0x0000, 0x10A2, 0x10A2, 0x18C2, 0x18C2,
  0x0840, 0x1061, 0x18A2, 0x0000, 0x0000, 0x0000, 0x0000, 0x0000, 0x0000, 0x0000, 0x0000, 0x0020, 0x0841, 0x0020, 0x0000, 0x0000,
  0x0000, 0x0000, 0x0000, 0x0000, 0x0020, 0x2104, 0x18C3, 0x18E3, 0x3186, 0x18E3, 0x2124, 0x1904, 0x18E4, 0x18E4, 0x18C3, 0x1904,
  0x18C3, 0x18C3, 0x0841, 0x18A2, 0x18C2, 0x0841, 0x0841, 0x0020, 0x0000, 0x0000, 0x0000, 0x0020, 0x18E4, 0x10C3, 0x2125, 0x1904,
  0x1904, 0x1925, 0x10C3, 0x0862, 0x1904, 0x2125, 0x0000, 0x0000, 0x10A3, 0x1904, 0x2125, 0x10A3, 0x1925, 0x10C3, 0x0882, 0x0041,
  0x0882, 0x0862, 0x0041, 0x0041, 0x0000, 0x0841, 0x2986, 0x2986, 0x0861, 0x2966, 0x424A, 0x0861, 0x10A2, 0x1082, 0x18C3, 0x18C3,
  0x0840, 0x0820, 0x2000, 0x2800, 0x0000, 0x0000, 0x0000, 0x0000, 0x0000, 0x0000, 0x0000, 0x0000, 0x0000, 0x0000, 0x1020, 0x0820,
  0x0800, 0x0820, 0x0820, 0x0820, 0x0820, 0x1020, 0x1020, 0x1020, 0x1020, 0x1040, 0x1040, 0x1040, 0x1040, 0x1040, 0x1040, 0x1840,
  0x1840, 0x1840, 0x1840, 0x1840, 0x1840, 0x1040, 0x1840, 0x1840, 0x1840, 0x1840, 0x1840, 0x1840, 0x1840, 0x1840, 0x1860, 0x1860,
  0x1860, 0x1860, 0x2081, 0x2081, 0x20A1, 0x28C2, 0x30E3, 0x3903, 0x4123, 0x4164, 0x4964, 0x4964, 0x3903, 0x38E2, 0x30C2, 0x38C2,
  0x30C2, 0x30C2, 0x28C2, 0x30C1, 0x30C1, 0x28A1, 0x28A2, 0x30C2, 0x30E2, 0x30E2, 0x28C2, 0x28A2, 0x28A2, 0x28C2, 0x28E2, 0x30E2,
  0x30E2, 0x28E2, 0x28C2, 0x28C2, 0x28C2, 0x28C2, 0x28C2, 0x30C2, 0x30E2, 0x30E2, 0x30E2, 0x30E2, 0x3103, 0x3103, 0x3103, 0x3103,
  0x72C9, 0x4164, 0x2081, 0x20A1, 0x20A2, 0x1840, 0x4902, 0x6984, 0x8A26, 0xA286, 0x9A05, 0x9A04, 0x7183, 0x8A67, 0xC329, 0x7163,
  0x28E2, 0x4164, 0x82E9, 0x5164, 0x5944, 0x5984, 0x5A07, 0x4ACB, 0x3A08, 0x2986, 0x834B, 0xF4AD, 0xF532, 0xEB89, 0xDAC6, 0x4A28,
  0x4AAA, 0x52CB, 0x4AAB, 0x31A7, 0x31E8, 0x9492, 0xA4D2, 0x8BAC, 0x61C4, 0x93AC, 0xACB1, 0x4984, 0x3123, 0x1060, 0x2903, 0x4A07,
  0x4A28, 0x1081, 0x3144, 0x18C3, 0x0040, 0x0020, 0x0020, 0x1081, 0x18A2, 0x0861, 0x0000, 0x0840, 0x1061, 0x18A2, 0x18C2, 0x0861,
  0x0020, 0x0020, 0x0000, 0x0000, 0x0000, 0x0000, 0x0000, 0x0000, 0x0020, 0x0020, 0x0020, 0x0020, 0x0020, 0x0000, 0x0000, 0x0020,
  0x0000, 0x0000, 0x0000, 0x0000, 0x10A2, 0x2104, 0x10A2, 0x2125, 0x18E4, 0x2966, 0x2145, 0x18E4, 0x10A3, 0x18E3, 0x10A3, 0x10A2,
  0x1082, 0x0861, 0x0861, 0x20C3, 0x1082, 0x0840, 0x0840, 0x0020, 0x0000, 0x0000, 0x0000, 0x0882, 0x2166, 0x2166, 0x31E8, 0x2125,
  0x2145, 0x2966, 0x31E8, 0x10C3, 0x2166, 0x1904, 0x10A3, 0x0041, 0x1904, 0x1904, 0x2986, 0x10C3, 0x10A3, 0x10C3, 0x0862, 0x0041,
  0x0041, 0x0861, 0x0021, 0x0020, 0x2966, 0x3A08, 0x2145, 0x0861, 0x18E4, 0x0841, 0x0882, 0x18C3, 0x1082, 0x0841, 0x0020, 0x1081,
  0x0820, 0x2000, 0x2800, 0x0800, 0x0000, 0x0000, 0x0000, 0x0000, 0x0000, 0x0000, 0x0000, 0x0000, 0x0000, 0x0000, 0x0820, 0x1040,
  0x0000, 0x0820, 0x1020, 0x1020, 0x1020, 0x1020, 0x1040, 0x1040, 0x1040, 0x1040, 0x1040, 0x1040, 0x1040, 0x1840, 0x1840, 0x1840,
  0x1840, 0x1840, 0x1840, 0x1040, 0x1840, 0x1840, 0x1840, 0x1840, 0x1840, 0x1840, 0x1840, 0x1840, 0x1840, 0x1840, 0x1860, 0x1860,
  0x1860, 0x2060, 0x2081, 0x2081, 0x20A2, 0x28E2, 0x30E3, 0x3923, 0x4123, 0x4164, 0x4944, 0x5164, 0x3903, 0x3903, 0x30C2, 0x30C2,
  0x30C2, 0x30C2, 0x30C2, 0x28C2, 0x30C1, 0x30C1, 0x28A1, 0x28A2, 0x30C2, 0x30E2, 0x30E2, 0x28C2, 0x28C2, 0x28A1, 0x28C2, 0x28C2,
  0x30E2, 0x30E2, 0x30E2, 0x28E2, 0x28C2, 0x28C2, 0x28C2, 0x28C2, 0x28C2, 0x28C2, 0x30C2, 0x30E2, 0x30E2, 0x30E2, 0x30E2, 0x3103,
  0x4164, 0x28E2, 0x2081, 0x28C2, 0x30C2, 0x20A1, 0x40E2, 0x7184, 0xC285, 0xCAE6, 0x8247, 0x89E4, 0xBA65, 0x5963, 0x82A9, 0x82C9,
  0x3923, 0x41A5, 0x8B4A, 0x4143, 0x30E2, 0x4923, 0x9B0A, 0xBC70, 0x51C6, 0x2145, 0x9329, 0xFD09, 0xF3C9, 0xEA64, 0x9A24, 0x73AE,
  0xC639, 0x7C10, 0x5AEC, 0x4A8A, 0x3185, 0xBD74, 0x5A06, 0x940E, 0x9C2F, 0xCE58, 0x8BEE, 0x49C5, 0x5206, 0x18A1, 0x2924, 0x2924,
  0x20C2, 0x1881, 0x18A2, 0x0841, 0x0020, 0x1082, 0x10C3, 0x0000, 0x0020, 0x0020, 0x0000, 0x0020, 0x1061, 0x0840, 0x0820, 0x0000,
  0x0000, 0x0000, 0x0000, 0x0000, 0x0000, 0x0000, 0x0000, 0x0000, 0x0000, 0x0041, 0x0841, 0x0000, 0x0000, 0x0000, 0x0000, 0x0020,
  0x0000, 0x0000, 0x0000, 0x0020, 0x18C3, 0x18E3, 0x2104, 0x2965, 0x18E4, 0x2966, 0x2965, 0x10C3, 0x0882, 0x10C3, 0x1082, 0x20E3,
  0x1082, 0x10A2, 0x10A2, 0x1082, 0x0861, 0x0841, 0x0841, 0x0000, 0x0000, 0x0000, 0x0000, 0x0021, 0x10C3, 0x2966, 0x5B0C, 0x4229,
  0x10E4, 0x10C3, 0x31C8, 0x1904, 0x0861, 0x0882, 0x0861, 0x0882, 0x10C3, 0x1904, 0x0882, 0x0862, 0x10A3, 0x0041, 0x0020, 0x0020,
  0x0000, 0x0020, 0x0041, 0x2966, 0x4A6A, 0x424A, 0x1924, 0x18C3, 0x3A09, 0x1082, 0x0840, 0x18C3, 0x1081, 0x0020, 0x0020, 0x0800,
  0x2000, 0x2800, 0x0800, 0x0000, 0x0000, 0x0000, 0x0000, 0x0000, 0x0000, 0x0000, 0x0000, 0x0000, 0x0800, 0x0800, 0x0000, 0x1040,
  0x0820, 0x1020, 0x1020, 0x1020, 0x1040, 0x1040, 0x1040, 0x1040, 0x1040, 0x1040, 0x1040, 0x1840, 0x1840, 0x1840, 0x1840, 0x1840,
  0x1840, 0x1040, 0x1040, 0x1840, 0x1840, 0x1840, 0x1840, 0x1840, 0x1840, 0x1840, 0x1840, 0x1840, 0x1840, 0x1860, 0x1860, 0x1860,
  0x1860, 0x2081, 0x2081, 0x2081, 0x28A2, 0x30E2, 0x3103, 0x3923, 0x4123, 0x4164, 0x4944, 0x5184, 0x4103, 0x3903, 0x38E2, 0x30C2,
  0x30C2, 0x30C2, 0x30C2, 0x30C2, 0x28C2, 0x30C1, 0x30C1, 0x28A1, 0x28A1, 0x28C2, 0x30E2, 0x30E2, 0x30E2, 0x28C2, 0x28A2, 0x28A2,
  0x28C2, 0x28C2, 0x30E2, 0x30E2, 0x30E2, 0x28E2, 0x28C2, 0x28C2, 0x28C2, 0x28C2, 0x28C2, 0x28C2, 0x30C2, 0x30E2, 0x30E2, 0x51C5,
  0x4964, 0x28C1, 0x1040, 0x28C2, 0x28A1, 0x38E2, 0x5164, 0x59A5, 0xC2A5, 0xA245, 0x7247, 0x69C5, 0x7143, 0xB286, 0x69E5, 0x7B0A,
  0x6A88, 0x28E2, 0x51C5, 0x3923, 0x20A2, 0x6184, 0xE40D, 0xDB6A, 0x71E5, 0x31C7, 0x734C, 0x9A63, 0xD2A3, 0x99E3, 0x5228, 0xBDF8,
  0x9D35, 0x31A7, 0x2965, 0x2125, 0x10A2, 0x5A68, 0x83CD, 0xA4B0, 0x8BEE, 0x7B6C, 0x6A87, 0x3102, 0x0840, 0x0820, 0x1881, 0x1081,
  0x0820, 0x0840, 0x0841, 0x1082, 0x18C3, 0x18C3, 0x31A6, 0x2124, 0x0000, 0x0000, 0x0020, 0x0000, 0x0000, 0x0000, 0x0000, 0x0000,
  0x0000, 0x0000, 0x0000, 0x0000, 0x0000, 0x0000, 0x0000, 0x0000, 0x0000, 0x0000, 0x0020, 0x0000, 0x0000, 0x0000, 0x0000, 0x0000,
  0x0000, 0x0000, 0x0000, 0x10A2, 0x18E3, 0x18C3, 0x2145, 0x2124, 0x18C3, 0x2124, 0x2986, 0x18C3, 0x1082, 0x10C3, 0x2104, 0x3964,
  0x0861, 0x1082, 0x1082, 0x0841, 0x0841, 0x0861, 0x0020, 0x0000, 0x0000, 0x0000, 0x0000, 0x0041, 0x10C3, 0x31A7, 0x2986, 0x1904,
  0x2125, 0x0882, 0x10A3, 0x18E4, 0x1904, 0x0882, 0x0041, 0x0882, 0x1905, 0x18E4, 0x0882, 0x0000, 0x1082, 0x2145, 0x18E4, 0x10E3,
  0x0861, 0x0000, 0x1082, 0x31E8, 0x31A7, 0x3A08, 0x2145, 0x0000, 0x0861, 0x0881, 0x0000, 0x0841, 0x0841, 0x0020, 0x1000, 0x2800,
  0x2800, 0x0800, 0x0000, 0x0000, 0x0000, 0x0000, 0x0000, 0x0000, 0x0000, 0x0000, 0x0000, 0x0000, 0x0000, 0x0000, 0x0000, 0x1020,
  0x1860, 0x0800, 0x1040, 0x1040, 0x1040, 0x1040, 0x1040, 0x1040, 0x1040, 0x1840, 0x1840, 0x1840, 0x1840, 0x1840, 0x1840, 0x1840,
  0x1040, 0x1840, 0x1840, 0x1840, 0x1840, 0x1840, 0x1840, 0x1840, 0x1840, 0x1840, 0x1840, 0x1840, 0x1860, 0x1860, 0x1860, 0x1860,
  0x2060, 0x2081, 0x2081, 0x20A1, 0x28C2, 0x30E2, 0x3103, 0x3923, 0x4123, 0x4164, 0x4144, 0x5184, 0x4123, 0x3903, 0x38E2, 0x30C2,
  0x30C2, 0x38C2, 0x30C2, 0x30C2, 0x28C2, 0x28C2, 0x30C1, 0x30C1, 0x28A1, 0x28A1, 0x28C2, 0x30E2, 0x30E2, 0x30E2, 0x28C2, 0x28C2,
  0x28A1, 0x28C2, 0x28C2, 0x28C2, 0x30E2, 0x30E2, 0x30E2, 0x28E2, 0x28C2, 0x28C2, 0x28C2, 0x28C2, 0x28C2, 0x28C2, 0x28C2, 0x20A2,
  0x28C2, 0x3923, 0x28A1, 0x2881, 0x28A1, 0x4902, 0x7184, 0x79C5, 0x79A4, 0x7206, 0x7247, 0x61E6, 0x82E9, 0x89A3, 0x8A87, 0x93CC,
  0x5A06, 0x20A2, 0x5207, 0x4123, 0x71A4, 0x61E5, 0x5943, 0x6102, 0x4985, 0x5AEC, 0x5B2D, 0x3186, 0x5A48, 0x4A48, 0x632C, 0x8410,
  0x8430, 0x2104, 0x4249, 0x8451, 0x1082, 0x62CA, 0x7B6B, 0x8BEE, 0x730A, 0x59E5, 0x4163, 0x20A1, 0x0000, 0x0000, 0x0800, 0x0820,
  0x0000, 0x0000, 0x0000, 0x0861, 0x10A2, 0x2124, 0x41E7, 0x18A2, 0x0841, 0x0861, 0x0020, 0x0000, 0x0000, 0x0000, 0x0000, 0x0000,
  0x0000, 0x0000, 0x0000, 0x0020, 0x0020, 0x0020, 0x0020, 0x0041, 0x0020, 0x0000, 0x0000, 0x0000, 0x0000, 0x0000, 0x0000, 0x0000,
  0x0000, 0x0000, 0x0841, 0x18C3, 0x18E3, 0x18C3, 0x2945, 0x0882, 0x18C3, 0x31C7, 0x10C3, 0x1904, 0x18E3, 0x18E3, 0x2124, 0x1062,
  0x1082, 0x1082, 0x0841, 0x0020, 0x0861, 0x0840, 0x0000, 0x0000, 0x0000, 0x0000, 0x0000, 0x0041, 0x1904, 0x2986, 0x1904, 0x2125,
  0x2166, 0x10A3, 0x0041, 0x10E3, 0x1904, 0x0021, 0x0000, 0x0861, 0x10C4, 0x0882, 0x0882, 0x2166, 0x4A6A, 0x3A08, 0x10A3, 0x10C3,
  0x0861, 0x0000, 0x2125, 0x10E3, 0x0041, 0x10A2, 0x10A3, 0x10A2, 0x1081, 0x18C2, 0x18C2, 0x0020, 0x0020, 0x1000, 0x2800, 0x2800,
  0x0800, 0x0000, 0x0000, 0x0000, 0x0000, 0x0000, 0x0000, 0x0020, 0x0000, 0x0000, 0x0000, 0x0000, 0x0000, 0x0800, 0x0820, 0x0820,
  0x1840, 0x1040, 0x0800, 0x1040, 0x1040, 0x1040, 0x1040, 0x1840, 0x1840, 0x1840, 0x1840, 0x1840, 0x1840, 0x1840, 0x1040, 0x1040,
  0x1840, 0x1840, 0x1840, 0x1840, 0x1840, 0x1840, 0x1840, 0x1840, 0x1840, 0x1840, 0x1840, 0x1860, 0x1860, 0x1860, 0x1860, 0x1860,
  0x2081, 0x2081, 0x2081, 0x20A1, 0x28C2, 0x30E3, 0x3103, 0x3923, 0x4123, 0x4964, 0x4144, 0x5184, 0x4944, 0x3903, 0x3903, 0x30E2,
  0x30C2, 0x30C2, 0x30C2, 0x30C2, 0x30C2, 0x28C2, 0x28A1, 0x30C1, 0x30C1, 0x28A1, 0x28A1, 0x28C2, 0x30E2, 0x30E2, 0x30E2, 0x28C2,
  0x28C2, 0x28A2, 0x28A2, 0x28C2, 0x28C2, 0x28E2, 0x30E2, 0x30E2, 0x30E2, 0x28E2, 0x28C2, 0x28C2, 0x28C2, 0x28C2, 0x49C6, 0x28C2,
  0x2082, 0x1840, 0x30A1, 0x2081, 0x2880, 0x5943, 0x9A05, 0xAA04, 0x71A4, 0x6A06, 0x4964, 0x7268, 0x82EA, 0x51C5, 0x5163, 0x6A26,
  0x3103, 0x3944, 0x3124, 0x69C5, 0x6A27, 0x28E3, 0x41C6, 0x41A5, 0x3985, 0x39C7, 0x3144, 0x41C6, 0x5AAA, 0x62CA, 0xBDB6, 0x73CF,
  0x1904, 0x2966, 0x7BF0, 0x73AE, 0x2103, 0x3964, 0x834B, 0x5A06, 0x49A5, 0x4164, 0x1860, 0x0840, 0x0000, 0x0040, 0x0840, 0x0020,
  0x0000, 0x0000, 0x0000, 0x1082, 0x2124, 0x39C6, 0x2124, 0x18C2, 0x18E3, 0x0861, 0x0020, 0x0841, 0x0020, 0x0000, 0x0000, 0x0000,
  0x0000, 0x0000, 0x0000, 0x0000, 0x0020, 0x0020, 0x0020, 0x0020, 0x0020, 0x0020, 0x0041, 0x0000, 0x0000, 0x0020, 0x0000, 0x0000,
  0x0000, 0x0000, 0x18A3, 0x1082, 0x18C3, 0x2965, 0x1904, 0x10A3, 0x2945, 0x2986, 0x10A3, 0x1904, 0x1904, 0x0861, 0x10A3, 0x1082,
  0x10A2, 0x1082, 0x0841, 0x0020, 0x0840, 0x0000, 0x0000, 0x0000, 0x0000, 0x0000, 0x0000, 0x0021, 0x10C3, 0x10C3, 0x18E4, 0x2145,
  0x10A2, 0x0041, 0x18E4, 0x0882, 0x0882, 0x0882, 0x0020, 0x0041, 0x0020, 0x2145, 0x3208, 0x1925, 0x2986, 0x10C3, 0x1904, 0x10A2,
  0x0021, 0x0862, 0x2145, 0x0041, 0x0861, 0x10A2, 0x0000, 0x1082, 0x2945, 0x18E3, 0x10A2, 0x0000, 0x1000, 0x2000, 0x2000, 0x0800,
  0x0000, 0x0000, 0x0000, 0x0000, 0x0000, 0x0000, 0x0000, 0x0000, 0x0020, 0x0000, 0x0000, 0x0000, 0x0000, 0x0820, 0x0820, 0x0820,
  0x1020, 0x1860, 0x0820, 0x30A0, 0x1040, 0x1840, 0x1840, 0x1840, 0x1840, 0x1840, 0x1840, 0x1840, 0x1040, 0x1040, 0x1840, 0x1840,
  0x1840, 0x1840, 0x1840, 0x1840, 0x1840, 0x1840, 0x1840, 0x1840, 0x1840, 0x1840, 0x1860, 0x1860, 0x1860, 0x1860, 0x1860, 0x2060,
  0x2081, 0x2081, 0x2081, 0x20A2, 0x28E2, 0x30E3, 0x3103, 0x3923, 0x4123, 0x4964, 0x4144, 0x5164, 0x5164, 0x3903, 0x3903, 0x38E2,
  0x30C2, 0x30C2, 0x38C2, 0x30C2, 0x30C2, 0x30C2, 0x28C2, 0x28A1, 0x30C1, 0x30C1, 0x28A1, 0x28A1, 0x28C2, 0x30C2, 0x30E2, 0x30E2,
  0x30E2, 0x28C2, 0x28C2, 0x28A1, 0x28A2, 0x28C2, 0x28C2, 0x30E2, 0x30E2, 0x30E2, 0x28E2, 0x28E2, 0x28C2, 0x28C2, 0x28C2, 0x1840,
  0x30E2, 0x28E2, 0x1860, 0x28A1, 0x38E2, 0x40E2, 0x7143, 0x71C5, 0x7B0A, 0x6A68, 0x8247, 0x4964, 0x3923, 0x936A, 0x934A, 0x28A1,
  0x3123, 0x41A5, 0x5206, 0x4185, 0x3965, 0x2903, 0x8BCE, 0x3964, 0x20C2, 0x49C5, 0x49C5, 0x5AAA, 0x6B2C, 0x4208, 0x4228, 0x528A,
  0x6BAF, 0x8452, 0x2104, 0x2944, 0x2944, 0x1061, 0x3123, 0x3944, 0x28C2, 0x1040, 0x0800, 0x0000, 0x0000, 0x18C3, 0x1082, 0x1082,
  0x0020, 0x0000, 0x0020, 0x1082, 0x2124, 0x2965, 0x528A, 0x20E3, 0x10A2, 0x0840, 0x0841, 0x0841, 0x0000, 0x0000, 0x0000, 0x0020,
  0x0841, 0x0861, 0x0020, 0x0000, 0x0000, 0x0020, 0x0020, 0x0841, 0x0020, 0x0000, 0x0861, 0x0841, 0x0000, 0x0020, 0x0000, 0x0000,
  0x0000, 0x0841, 0x10A2, 0x1082, 0x10A2, 0x2965, 0x18E3, 0x2104, 0x2145, 0x10C3, 0x2124, 0x10A2, 0x0882, 0x1082, 0x10A2, 0x0882,
  0x10A2, 0x10A2, 0x0841, 0x0040, 0x0020, 0x0000, 0x0020, 0x0000, 0x0000, 0x0000, 0x0000, 0x0841, 0x18E4, 0x10C3, 0x0861, 0x0020,
  0x0861, 0x0862, 0x0882, 0x0882, 0x10A2, 0x10A3, 0x0021, 0x0000, 0x2125, 0x3A29, 0x2987, 0x1904, 0x10C3, 0x0882, 0x10C3, 0x0882,
  0x0041, 0x0882, 0x0041, 0x0841, 0x1082, 0x0861, 0x0841, 0x1061, 0x0840, 0x0840, 0x0800, 0x1800, 0x2800, 0x1800, 0x0800, 0x0000,
  0x0000, 0x0000, 0x0000, 0x0000, 0x0000, 0x0000, 0x0000, 0x0000, 0x0020, 0x0000, 0x0000, 0x0000, 0x0000, 0x0820, 0x0820, 0x0820,
  0x0820, 0x1040, 0x1860, 0x1020, 0x1840, 0x1840, 0x1840, 0x1840, 0x1840, 0x1840, 0x1840, 0x1040, 0x1040, 0x1840, 0x1840, 0x1840,
  0x1840, 0x1840, 0x1840, 0x1840, 0x1840, 0x1840, 0x1840, 0x1840, 0x1840, 0x1860, 0x1860, 0x1860, 0x1860, 0x1860, 0x1860, 0x2081,
  0x2081, 0x2081, 0x20A1, 0x28C2, 0x30E2, 0x30E3, 0x3103, 0x3923, 0x4123, 0x4964, 0x4144, 0x5164, 0x5184, 0x4123, 0x3903, 0x3903,
  0x30C2, 0x30C2, 0x30C2, 0x30C2, 0x30C2, 0x30C2, 0x30C2, 0x28C2, 0x28A1, 0x30C1, 0x30C1, 0x28A1, 0x28A1, 0x28C2, 0x30C2, 0x30E2,
  0x30E2, 0x30E2, 0x28C2, 0x28C2, 0x28A2, 0x28A2, 0x28C2, 0x28C2, 0x28C2, 0x30E2, 0x30E2, 0x30E2, 0x28E2, 0x4143, 0x30E2, 0x28C2,
  0x1861, 0x28A1, 0x30C1, 0x38C1, 0x4902, 0x68E1, 0xB203, 0x7922, 0x4944, 0x59E6, 0x61C5, 0x61A5, 0x61C5, 0x69E4, 0x6226, 0x49C5,
  0x4185, 0x5A48, 0x6268, 0x3964, 0x18A1, 0x3123, 0x3985, 0x4A07, 0x4184, 0x72EA, 0x73AF, 0x63B0, 0x428B, 0x1904, 0x2104, 0x2124,
  0x9CF4, 0x73CF, 0x2965, 0x2104, 0x2103, 0x0841, 0x0000, 0x0820, 0x0840, 0x0000, 0x0000, 0x0000, 0x1081, 0x18C2, 0x0861, 0x10A2,
  0x0840, 0x0000, 0x1082, 0x18A2, 0x2944, 0x3185, 0x4A28, 0x20C3, 0x0841, 0x1041, 0x1041, 0x0000, 0x0000, 0x0000, 0x0020, 0x1082,
  0x10A3, 0x18E3, 0x0882, 0x0041, 0x0841, 0x0861, 0x0021, 0x0862, 0x0862, 0x0041, 0x0020, 0x0020, 0x0021, 0x0000, 0x0000, 0x0000,
  0x0000, 0x0861, 0x10A2, 0x1082, 0x2104, 0x2104, 0x10C3, 0x1904, 0x3186, 0x2104, 0x1082, 0x0861, 0x0862, 0x18E3, 0x10A2, 0x10A2,
  0x18E3, 0x1081, 0x0020, 0x0020, 0x0000, 0x0000, 0x0020, 0x0000, 0x0000, 0x0000, 0x0000, 0x0020, 0x0862, 0x10C3, 0x10C3, 0x10A2,
  0x0882, 0x0861, 0x10A3, 0x2145, 0x10C3, 0x0841, 0x0000, 0x0882, 0x29A7, 0x10E4, 0x1904, 0x0882, 0x0041, 0x0882, 0x0862, 0x0041,
  0x0041, 0x0862, 0x0020, 0x0041, 0x0020, 0x1061, 0x10A2, 0x1061, 0x0020, 0x0800, 0x1800, 0x1800, 0x1000, 0x0800, 0x0000, 0x0000,
  0x0020, 0x0000, 0x0000, 0x0000, 0x0000, 0x0000, 0x0000, 0x0000, 0x0020, 0x0000, 0x0000, 0x0000, 0x0000, 0x0000, 0x1040, 0x0820,
  0x1040, 0x1020, 0x1860, 0x1840, 0x2060, 0x1840, 0x1840, 0x1840, 0x1840, 0x1040, 0x1040, 0x1840, 0x1840, 0x1840, 0x1840, 0x1840,
  0x1840, 0x1840, 0x1840, 0x1840, 0x1840, 0x1840, 0x1840, 0x1840, 0x1840, 0x1860, 0x1860, 0x1860, 0x1860, 0x1860, 0x2060, 0x2081,
  0x2081, 0x2081, 0x20A1, 0x28C2, 0x30E2, 0x30E3, 0x3903, 0x3923, 0x4123, 0x4944, 0x4144, 0x4964, 0x5184, 0x4123, 0x3903, 0x3903,
  0x38E2, 0x30C2, 0x30C2, 0x38C2, 0x30C2, 0x30C2, 0x30C2, 0x28C2, 0x28C2, 0x30A1, 0x30C1, 0x30C1, 0x28A1, 0x28A1, 0x28C2, 0x30C2,
  0x30E2, 0x30E2, 0x30E2, 0x30E2, 0x28C2, 0x28C2, 0x28A2, 0x28A2, 0x28C2, 0x28C2, 0x28E2, 0x30E2, 0x72CA, 0x3103, 0x1881, 0x20A2,
  0x1861, 0x1840, 0x28A1, 0x5143, 0x5943, 0x8122, 0xB9A2, 0xCA86, 0x9A45, 0x51A5, 0x49E6, 0x38E2, 0x61C5, 0x28A1, 0x1020, 0x51C5,
  0x3965, 0x5248, 0x41A5, 0x20C2, 0x2903, 0x20E3, 0x39A5, 0x6AEA, 0x49E6, 0x84B3, 0x7C94, 0x5B0D, 0x72CB, 0x49C7, 0x3A28, 0x52AA,
  0x39C7, 0x2945, 0x39E8, 0x2965, 0x0020, 0x1081, 0x0020, 0x0000, 0x0000, 0x0000, 0x0020, 0x0020, 0x1061, 0x0841, 0x0861, 0x1082,
  0x0020, 0x0000, 0x0861, 0x18A2, 0x2103, 0x18E3, 0x2924, 0x20C2, 0x1020, 0x1041, 0x0000, 0x0000, 0x0800, 0x2820, 0x2061, 0x18C3,
  0x10A2, 0x10A3, 0x10C3, 0x0861, 0x0862, 0x0882, 0x0041, 0x0021, 0x0020, 0x0000, 0x0021, 0x0041, 0x0041, 0x0020, 0x0000, 0x0000,
  0x0861, 0x0861, 0x0861, 0x18C2, 0x2124, 0x18C3, 0x2124, 0x2945, 0x2104, 0x10A3, 0x0041, 0x1082, 0x1082, 0x1082, 0x2965, 0x20E3,
  0x0861, 0x0841, 0x0020, 0x0020, 0x0000, 0x0020, 0x0000, 0x0000, 0x0000, 0x0000, 0x0000, 0x0000, 0x0041, 0x10A2, 0x0882, 0x0882,
  0x10A3, 0x0882, 0x0861, 0x31A7, 0x31C7, 0x0000, 0x0000, 0x0041, 0x10E4, 0x18E4, 0x0882, 0x0020, 0x0041, 0x0861, 0x0861, 0x0041,
  0x0862, 0x0861, 0x2965, 0x0882, 0x0841, 0x0861, 0x0861, 0x0020, 0x0800, 0x2000, 0x1000, 0x0800, 0x1000, 0x0000, 0x0000, 0x0020,
  0x0000, 0x0000, 0x0000, 0x0000, 0x0000, 0x0000, 0x0000, 0x0000, 0x0000, 0x0840, 0x0000, 0x0000, 0x0000, 0x0000, 0x1040, 0x1040,
  0x1040, 0x1040, 0x0820, 0x1860, 0x1840, 0x30C0, 0x1840, 0x1840, 0x1040, 0x1040, 0x1840, 0x1840, 0x1840, 0x1840, 0x1840, 0x1840,
  0x1840, 0x1840, 0x1840, 0x1840, 0x1840, 0x1840, 0x1840, 0x1840, 0x1860, 0x1860, 0x1860, 0x1860, 0x1860, 0x1860, 0x2081, 0x2081,
  0x2081, 0x2081, 0x20A2, 0x28C2, 0x30E2, 0x30E3, 0x3903, 0x3923, 0x4123, 0x4144, 0x4144, 0x4944, 0x5184, 0x4944, 0x3903, 0x3903,
  0x38E2, 0x30C2, 0x30C2, 0x30C2, 0x30C2, 0x30C2, 0x30C2, 0x30C2, 0x28C2, 0x28C2, 0x30C1, 0x30C1, 0x30C1, 0x28A1, 0x28A1, 0x28A2,
  0x28C2, 0x30E2, 0x30E2, 0x30E2, 0x30E2, 0x28C2, 0x28C2, 0x28A2, 0x28A1, 0x28A2, 0x28C2, 0x28C2, 0x51C5, 0x49A5, 0x20A1, 0x1861,
  0x1860, 0x1040, 0x2881, 0x5143, 0x6984, 0x69E5, 0x9AC8, 0xE3A9, 0xD2A5, 0x4123, 0x49E6, 0x3123, 0x3944, 0x4A07, 0x49C5, 0x8329,
  0x3985, 0x0820, 0x1061, 0x2903, 0x4A28, 0x5269, 0x838C, 0x7B4B, 0x6B0B, 0x63F1, 0x5249, 0xCD74, 0xF552, 0xD923, 0x7144, 0x428A,
  0x2104, 0x2124, 0x2104, 0x39E7, 0x2103, 0x18C2, 0x10A2, 0x0840, 0x0000, 0x0000, 0x0020, 0x0841, 0x0000, 0x0020, 0x0040, 0x18C3,
  0x0861, 0x0000, 0x0000, 0x0841, 0x18C2, 0x18C2, 0x20E3, 0x1020, 0x0800, 0x0000, 0x0000, 0x0000, 0x1820, 0x3041, 0x20A2, 0x10C3,
  0x10A2, 0x10A2, 0x10A2, 0x0841, 0x0041, 0x0862, 0x0041, 0x0020, 0x0021, 0x0862, 0x0882, 0x0862, 0x0041, 0x0021, 0x0000, 0x0000,
  0x1082, 0x0861, 0x1082, 0x18E3, 0x10C3, 0x18E3, 0x2124, 0x10A2, 0x10A2, 0x10A2, 0x1082, 0x18E3, 0x18C3, 0x10A3, 0x3165, 0x1082,
  0x0841, 0x0041, 0x0041, 0x0020, 0x0020, 0x0841, 0x0000, 0x0000, 0x0000, 0x0000, 0x0000, 0x0020, 0x0861, 0x0041, 0x0882, 0x10C3,
  0x2125, 0x18E4, 0x0000, 0x0882, 0x0861, 0x0000, 0x0000, 0x0882, 0x0882, 0x2125, 0x0041, 0x0041, 0x0862, 0x0882, 0x0020, 0x0021,
  0x0861, 0x2945, 0x4A8A, 0x10A2, 0x0840, 0x0840, 0x0020, 0x0800, 0x1000, 0x0800, 0x0000, 0x1000, 0x0800, 0x0000, 0x0020, 0x0000,
  0x0000, 0x0820, 0x0000, 0x0000, 0x0000, 0x0000, 0x0000, 0x0000, 0x0000, 0x0820, 0x0020, 0x0000, 0x0000, 0x0000, 0x0000, 0x1860,
  0x1040, 0x1040, 0x1040, 0x1020, 0x1040, 0x1840, 0x1040, 0x1040, 0x1840, 0x1840, 0x1840, 0x1840, 0x1840, 0x1840, 0x1840, 0x1840,
  0x1840, 0x1840, 0x1840, 0x1840, 0x1840, 0x1840, 0x1840, 0x1860, 0x1860, 0x1860, 0x1860, 0x1860, 0x1860, 0x2080, 0x2081, 0x2081,
  0x2081, 0x20A1, 0x28A2, 0x28E2, 0x30E3, 0x3103, 0x3903, 0x3923, 0x4123, 0x4144, 0x4144, 0x4944, 0x5184, 0x5164, 0x3903, 0x3903,
  0x3903, 0x30E2, 0x30C2, 0x30C2, 0x38C2, 0x30C2, 0x30C2, 0x30C2, 0x30C2, 0x28C2, 0x28C2, 0x30C1, 0x30C1, 0x30C1, 0x28A1, 0x28A1,
  0x28A2, 0x28C2, 0x30E2, 0x30E2, 0x30E2, 0x30E2, 0x28C2, 0x28C2, 0x28A2, 0x28A2, 0x28A2, 0x1861, 0x20A1, 0x20A1, 0x3102, 0x30E2,
  0x2060, 0x38C2, 0x38E2, 0x40C1, 0x8183, 0x7A05, 0x6206, 0x8226, 0x5123, 0x3103, 0x49A5, 0x0840, 0x3144, 0x6B0A, 0x5268, 0x18A1,
  0x20E3, 0x20C2, 0x2924, 0x5289, 0x3144, 0x6206, 0x7B4B, 0x83CE, 0x5B0B, 0x2124, 0xABCC, 0xFD72, 0xE287, 0xF1A4, 0x9881, 0x426A,
  0x18E3, 0x10A2, 0x0020, 0x39C7, 0x4A48, 0x18C2, 0x3185, 0x1081, 0x0000, 0x0000, 0x0020, 0x0861, 0x0041, 0x0841, 0x0861, 0x18C2,
  0x0040, 0x0000, 0x0000, 0x0020, 0x1081, 0x0841, 0x0000, 0x0000, 0x0000, 0x0000, 0x0800, 0x1800, 0x2800, 0x3020, 0x2841, 0x1082,
  0x0882, 0x10A2, 0x18C3, 0x1082, 0x0041, 0x0841, 0x0841, 0x0841, 0x10A3, 0x10A3, 0x0882, 0x0862, 0x0861, 0x0041, 0x0020, 0x0000,
  0x10C2, 0x1082, 0x18E3, 0x18E3, 0x18C3, 0x1082, 0x0861, 0x18C3, 0x1082, 0x10A2, 0x18E3, 0x18C3, 0x0841, 0x10C3, 0x18A2, 0x18A2,
  0x0020, 0x0841, 0x0020, 0x0020, 0x0861, 0x0020, 0x0000, 0x0800, 0x0000, 0x0000, 0x0000, 0x0000, 0x10A2, 0x1082, 0x0041, 0x08A2,
  0x10C3, 0x0882, 0x0861, 0x0020, 0x0000, 0x0020, 0x0020, 0x2966, 0x1904, 0x0000, 0x0021, 0x0861, 0x08A2, 0x0882, 0x0041, 0x0841,
  0x0861, 0x0861, 0x10C2, 0x1082, 0x0820, 0x0820, 0x0000, 0x0800, 0x0000, 0x0000, 0x1020, 0x0000, 0x0000, 0x0000, 0x0000, 0x0000,
  0x0000, 0x0020, 0x0000, 0x0000, 0x0800, 0x0800, 0x0000, 0x0000, 0x0000, 0x0000, 0x0840, 0x0000, 0x0000, 0x0000, 0x0000, 0x1040,
  0x1860, 0x0820, 0x1040, 0x1040, 0x0820, 0x0820, 0x1840, 0x1840, 0x1840, 0x1840, 0x1840, 0x1840, 0x1840, 0x1840, 0x1840, 0x1840,
  0x1840, 0x1840, 0x1840, 0x1840, 0x1840, 0x1840, 0x1860, 0x1860, 0x1860, 0x1860, 0x1860, 0x1860, 0x1860, 0x2081, 0x2081, 0x2081,
  0x2081, 0x20A1, 0x28C2, 0x30E2, 0x30E3, 0x3103, 0x3903, 0x3923, 0x4123, 0x4144, 0x4144, 0x4944, 0x5184, 0x5164, 0x4123, 0x3903,
  0x3903, 0x38E2, 0x30C2, 0x30C2, 0x30C2, 0x38C2, 0x30C2, 0x30C2, 0x30C2, 0x30C2, 0x28C2, 0x28A1, 0x30C1, 0x30C1, 0x30C1, 0x28A1,
  0x28A1, 0x28A2, 0x28C2, 0x30C2, 0x30E2, 0x30E2, 0x30E2, 0x30E2, 0x28C2, 0x28C2, 0x28E3, 0x1861, 0x1040, 0x0820, 0x1860, 0x30E2,
  0x2881, 0x7122, 0x6922, 0x6102, 0xB205, 0xBAA7, 0x59E6, 0x18A2, 0x3103, 0x3103, 0x28C2, 0x5206, 0x5207, 0x5227, 0x18A1, 0x1861,
  0x18A1, 0x2944, 0x41E6, 0x3185, 0x59A5, 0xAB6A, 0x8C2F, 0xBE18, 0x9515, 0x41A6, 0xCA64, 0xF9E2, 0xE0E1, 0xC8A1, 0x6041, 0x3A49,
  0x18C2, 0x0861, 0x0000, 0x4A48, 0x31A6, 0x2965, 0x2103, 0x0020, 0x0000, 0x0861, 0x18E3, 0x18C3, 0x10A2, 0x0861, 0x0020, 0x0000,
  0x0000, 0x10A2, 0x1082, 0x0020, 0x0020, 0x0000, 0x0000, 0x0000, 0x0020, 0x0820, 0x3000, 0x6800, 0x8000, 0x9000, 0xA000, 0x8800,
  0x4820, 0x1841, 0x0821, 0x10A3, 0x1081, 0x0841, 0x1082, 0x10A3, 0x10A3, 0x08A2, 0x0882, 0x0882, 0x0861, 0x0041, 0x0021, 0x0020,
  0x10A2, 0x10A2, 0x18C3, 0x18C3, 0x0861, 0x0861, 0x1904, 0x1082, 0x0861, 0x1082, 0x1082, 0x1082, 0x10A2, 0x0862, 0x0841, 0x0841,
  0x0841, 0x0841, 0x0020, 0x0840, 0x0861, 0x0000, 0x0000, 0x0800, 0x0800, 0x0000, 0x0000, 0x0000, 0x10C3, 0x18E4, 0x0862, 0x0882,
  0x0041, 0x0041, 0x0000, 0x0000, 0x0000, 0x0841, 0x0841, 0x10C3, 0x0882, 0x0882, 0x0882, 0x0882, 0x0041, 0x0841, 0x0882, 0x1904,
  0x18E3, 0x1081, 0x0840, 0x1040, 0x1020, 0x0000, 0x0000, 0x0000, 0x0800, 0x1820, 0x0800, 0x0000, 0x0000, 0x0000, 0x0000, 0x0020,
  0x0000, 0x0020, 0x0000, 0x1000, 0x2000, 0x2000, 0x1800, 0x0800, 0x0000, 0x0000, 0x0820, 0x0000, 0x0000, 0x0000, 0x0000, 0x0000,
  0x1860, 0x1020, 0x0820, 0x1040, 0x1840, 0x1020, 0x0820, 0x2880, 0x1840, 0x1840, 0x1840, 0x1840, 0x1840, 0x1840, 0x1840, 0x1840,
  0x1840, 0x1840, 0x1840, 0x1840, 0x1840, 0x1860, 0x1860, 0x1860, 0x1860, 0x1860, 0x1860, 0x1860, 0x2080, 0x2081, 0x2081, 0x2081,
  0x2081, 0x20A2, 0x28C2, 0x30E2, 0x30E3, 0x3103, 0x3903, 0x3923, 0x4123, 0x4144, 0x4144, 0x4144, 0x5164, 0x5184, 0x4123, 0x3903,
  0x3903, 0x38E3, 0x30E2, 0x30C2, 0x30C2, 0x30C2, 0x30C2, 0x30C2, 0x30C2, 0x30C2, 0x28C2, 0x28C2, 0x28A1, 0x30C1, 0x30C1, 0x30C1,
  0x28A1, 0x28A1, 0x28A2, 0x28C2, 0x30C2, 0x30E2, 0x30E2, 0x30E2, 0x30E2, 0x7288, 0x4123, 0x0820, 0x1040, 0x1840, 0x1840, 0x2061,
  0x4103, 0x8963, 0xA1C3, 0xA287, 0xBAE7, 0xB266, 0x4944, 0x3944, 0x30E2, 0x4185, 0x8309, 0x8B6B, 0x2903, 0x1881, 0x20C2, 0x2903,
  0x5A89, 0x5A89, 0x2924, 0x5227, 0x4964, 0xBDB5, 0x8471, 0x8472, 0x4AEC, 0x4A8A, 0x98E1, 0xE8E0, 0xF101, 0xC040, 0x4104, 0x08A2,
  0x0000, 0x0020, 0x10A2, 0x39C6, 0x20E3, 0x18A2, 0x0020, 0x0000, 0x0861, 0x2124, 0x2104, 0x2965, 0x2945, 0x1081, 0x0000, 0x0000,
  0x0020, 0x1904, 0x10A2, 0x10A2, 0x1081, 0x0000, 0x0000, 0x0000, 0x0841, 0x3000, 0x6800, 0xA000, 0xC000, 0xC800, 0xD8A3, 0xE104,
  0xD145, 0xC24A, 0x826A, 0x38E4, 0x1800, 0x0821, 0x0882, 0x0882, 0x0882, 0x10A3, 0x0882, 0x0882, 0x0861, 0x0041, 0x0041, 0x0020,
  0x0861, 0x10A2, 0x18C3, 0x0861, 0x0041, 0x18E3, 0x10A2, 0x0861, 0x10A2, 0x0861, 0x1904, 0x18E3, 0x10C3, 0x0841, 0x0841, 0x0861,
  0x0861, 0x0020, 0x0020, 0x1081, 0x0820, 0x0000, 0x1000, 0x0800, 0x1000, 0x0000, 0x0000, 0x0000, 0x0862, 0x2125, 0x1925, 0x0861,
  0x0020, 0x0000, 0x1904, 0x31C7, 0x2125, 0x0021, 0x0861, 0x10E4, 0x0882, 0x0882, 0x10A3, 0x0041, 0x0000, 0x0000, 0x0861, 0x2125,
  0x1082, 0x1881, 0x0820, 0x0800, 0x0000, 0x0000, 0x0000, 0x0000, 0x1020, 0x0800, 0x0000, 0x0000, 0x0020, 0x0000, 0x0020, 0x0020,
  0x0000, 0x0000, 0x0000, 0x2000, 0x2800, 0x2000, 0x2020, 0x1820, 0x0000, 0x0000, 0x0000, 0x0000, 0x0000, 0x0000, 0x0000, 0x0000,
  0x0820, 0x1860, 0x0820, 0x0820, 0x1860, 0x1860, 0x1040, 0x1880, 0x2880, 0x1840, 0x1840, 0x1840, 0x1840, 0x1840, 0x1840, 0x1840,
  0x1840, 0x1840, 0x1840, 0x1840, 0x1840, 0x1860, 0x1860, 0x1860, 0x1860, 0x1860, 0x1860, 0x2060, 0x2081, 0x2081, 0x2081, 0x2081,
  0x20A1, 0x20A2, 0x28C2, 0x30E2, 0x30E3, 0x3103, 0x3923, 0x3923, 0x4123, 0x4144, 0x4164, 0x4144, 0x5164, 0x5184, 0x4944, 0x3903,
  0x3903, 0x3903, 0x38E2, 0x30C2, 0x30C2, 0x30C2, 0x38C2, 0x30C2, 0x30C2, 0x30C2, 0x30C2, 0x28C2, 0x28C2, 0x28A1, 0x30C1, 0x30C1,
  0x30C1, 0x28A1, 0x28A1, 0x28A1, 0x28C2, 0x30C2, 0x30E2, 0x30E2, 0x4964, 0x4123, 0x3923, 0x2081, 0x2081, 0x2081, 0x30C1, 0x38C2,
  0x30C2, 0x4923, 0x8183, 0xBA86, 0x89A4, 0x5964, 0x30E2, 0x4164, 0x28E2, 0x4185, 0x9C0D, 0x49C5, 0x20C2, 0x18A1, 0x20E2, 0x4A07,
  0x5AA9, 0x3985, 0x5227, 0x736D, 0x736D, 0x8A89, 0x99E6, 0x8A48, 0x4229, 0x31C7, 0x2082, 0x5800, 0x8020, 0x3840, 0x10C3, 0x4A69,
  0x52AA, 0x2104, 0x0861, 0x2103, 0x2903, 0x0840, 0x0000, 0x0000, 0x0841, 0x2945, 0x18E3, 0x10A2, 0x18E3, 0x0861, 0x0000, 0x0020,
  0x18C3, 0x1904, 0x10A2, 0x1082, 0x1061, 0x0020, 0x0020, 0x0861, 0x1820, 0x6000, 0x9000, 0xB000, 0xD820, 0xF145, 0xF0C3, 0xF0E3,
  0xD986, 0xE2EB, 0xECB3, 0xDCD3, 0xAC31, 0x41C7, 0x10A2, 0x1082, 0x0882, 0x0882, 0x0882, 0x0862, 0x0861, 0x0841, 0x0041, 0x0021,
  0x0841, 0x1082, 0x1082, 0x0841, 0x1082, 0x18C3, 0x10A2, 0x10A2, 0x0861, 0x18C3, 0x18E3, 0x10A2, 0x10A2, 0x0041, 0x0841, 0x0861,
  0x0861, 0x0020, 0x0861, 0x1061, 0x0000, 0x1800, 0x3000, 0x2000, 0x1000, 0x0800, 0x0000, 0x0000, 0x10C3, 0x2125, 0x18E3, 0x0020,
  0x0041, 0x2125, 0x31C7, 0x1904, 0x0882, 0x0021, 0x0041, 0x10A3, 0x10C3, 0x0882, 0x0020, 0x0020, 0x0000, 0x0861, 0x0861, 0x20E3,
  0x1040, 0x1020, 0x0820, 0x0000, 0x0000, 0x0000, 0x0000, 0x0000, 0x0000, 0x0000, 0x0000, 0x0000, 0x0820, 0x0000, 0x0000, 0x0020,
  0x0000, 0x0000, 0x0800, 0x2000, 0x2020, 0x1820, 0x1820, 0x3020, 0x2020, 0x0820, 0x0020, 0x0000, 0x0000, 0x0000, 0x0000, 0x0000,
  0x0000, 0x1860, 0x1860, 0x0000, 0x0800, 0x1860, 0x1860, 0x1020, 0x1040, 0x30C0, 0x1840, 0x1840, 0x1840, 0x1840, 0x1840, 0x1840,
  0x1840, 0x1840, 0x1840, 0x1840, 0x1860, 0x1860, 0x1860, 0x1860, 0x1860, 0x1860, 0x1860, 0x2080, 0x2081, 0x2081, 0x2081, 0x2081,
  0x20A1, 0x28C2, 0x28E2, 0x30E2, 0x30E3, 0x3103, 0x3923, 0x3923, 0x4123, 0x4144, 0x4164, 0x4144, 0x4964, 0x5184, 0x4964, 0x3903,
  0x3903, 0x3903, 0x38E2, 0x30C2, 0x30C2, 0x30C2, 0x30C2, 0x30C2, 0x30C2, 0x30C2, 0x30C2, 0x30C2, 0x28C2, 0x28C2, 0x28A1, 0x30C1,
  0x30C1, 0x30C1, 0x28A1, 0x28A1, 0x28A1, 0x28C2, 0x28C2, 0x6247, 0x3103, 0x2061, 0x1860, 0x1860, 0x2061, 0x4902, 0x5943, 0x99C4,
  0x9A67, 0x5984, 0x5963, 0x7942, 0x5123, 0x3944, 0x3103, 0x49A5, 0x49A5, 0x1881, 0x41A5, 0x1882, 0x41A5, 0x4185, 0x4A07, 0x3124,
  0x4A07, 0x39A5, 0x4A07, 0x4A89, 0x8164, 0xE246, 0xE2C8, 0xEB0A, 0xC5D7, 0x5269, 0x18C3, 0x1903, 0x0000, 0x3A28, 0x83EF, 0xB575,
  0x9CB2, 0x62EB, 0x18C3, 0x0820, 0x0020, 0x0000, 0x0020, 0x0020, 0x0000, 0x0882, 0x18C3, 0x0861, 0x18C3, 0x0861, 0x0000, 0x0861,
  0x2104, 0x2986, 0x10A2, 0x0820, 0x0000, 0x0861, 0x10A2, 0x1041, 0x4800, 0x8000, 0xA000, 0xB800, 0xC800, 0xD861, 0xD861, 0xD061,
  0xC1C7, 0xC32C, 0xBAEB, 0xB28A, 0xBC10, 0xA38E, 0x5186, 0x0882, 0x10A3, 0x0882, 0x0862, 0x0862, 0x0861, 0x0861, 0x0041, 0x0041,
  0x0861, 0x1082, 0x0841, 0x0841, 0x10A2, 0x18C3, 0x10A2, 0x1082, 0x1082, 0x18C3, 0x10A2, 0x2104, 0x0861, 0x0020, 0x0841, 0x0861,
  0x0841, 0x0041, 0x1061, 0x0820, 0x1000, 0x3800, 0x5800, 0x4000, 0x1000, 0x0800, 0x0000, 0x0000, 0x10A2, 0x18C3, 0x10C3, 0x10A3,
  0x0882, 0x10E3, 0x2125, 0x10A2, 0x0021, 0x0000, 0x0041, 0x1925, 0x0882, 0x0041, 0x0020, 0x0000, 0x10A2, 0x2965, 0x0861, 0x0820,
  0x0820, 0x0820, 0x0000, 0x0020, 0x0000, 0x0000, 0x2840, 0x1840, 0x0000, 0x0020, 0x0000, 0x0000, 0x0000, 0x0000, 0x0000, 0x0000,
  0x0000, 0x0000, 0x0800, 0x1820, 0x1820, 0x1820, 0x1820, 0x2820, 0x2040, 0x0840, 0x1040, 0x1040, 0x0020, 0x0000, 0x0000, 0x0000,
  0x0000, 0x0820, 0x2080, 0x1840, 0x0800, 0x0820, 0x1840, 0x1020, 0x1020, 0x1840, 0x30A0, 0x1840, 0x1840, 0x1840, 0x1840, 0x1840,
  0x1840, 0x1840, 0x1840, 0x1860, 0x1860, 0x1860, 0x1860, 0x1860, 0x1860, 0x1860, 0x2060, 0x2081, 0x2081, 0x2081, 0x2081, 0x2081,
  0x20A1, 0x28C2, 0x28E2, 0x30E3, 0x30E3, 0x3103, 0x3923, 0x3923, 0x4123, 0x4144, 0x4164, 0x4144, 0x4964, 0x5184, 0x5164, 0x4123,
  0x3903, 0x3903, 0x3903, 0x38E2, 0x30C2, 0x30C2, 0x30C2, 0x38C2, 0x30C2, 0x30C2, 0x30C2, 0x30C2, 0x30C2, 0x28C2, 0x28C2, 0x28A1,
  0x30C1, 0x30C1, 0x30C1, 0x28A1, 0x28A1, 0x28A1, 0x38C1, 0x4143, 0x30E2, 0x1861, 0x1041, 0x1020, 0x2040, 0x5903, 0x6123, 0x88E2,
  0xC1A3, 0xA225, 0x7288, 0x4984, 0x20A1, 0x20C2, 0x49A5, 0xA3EC, 0x6A47, 0x3123, 0x2923, 0x18A2, 0x3985, 0x7B2B, 0x734C, 0x41E6,
  0x5AEA, 0x4A07, 0x2965, 0x52AA, 0xB943, 0xEC0E, 0xED94, 0xF3CD, 0xAC4F, 0x5227, 0x3165, 0x39E7, 0x4A07, 0xC638, 0x6B6D, 0x7BAE,
  0x9491, 0x4A28, 0x41C6, 0x0020, 0x0000, 0x1082, 0x18E3, 0x10A3, 0x0021, 0x0000, 0x18C3, 0x18C3, 0x1082, 0x0841, 0x0020, 0x0841,
  0x18E3, 0x2966, 0x18C3, 0x0841, 0x0000, 0x10C3, 0x18C3, 0x1800, 0x3000, 0x3000, 0x4000, 0x4000, 0x4000, 0x4800, 0x4000, 0x3800,
  0x4000, 0x3800, 0x2841, 0x2082, 0x1862, 0x1882, 0x18C3, 0x10A3, 0x10A3, 0x0882, 0x0862, 0x0862, 0x0861, 0x0841, 0x0041, 0x0861,
  0x0861, 0x0861, 0x0020, 0x0882, 0x10A3, 0x0861, 0x10A2, 0x0862, 0x10C3, 0x18C3, 0x10A2, 0x1082, 0x0020, 0x0841, 0x0861, 0x0841,
  0x0020, 0x0861, 0x1040, 0x0800, 0x2800, 0x5800, 0x7800, 0x5800, 0x1800, 0x0800, 0x0000, 0x0000, 0x0861, 0x0882, 0x0841, 0x2145,
  0x0882, 0x0041, 0x0861, 0x0041, 0x0041, 0x0000, 0x0862, 0x1904, 0x0882, 0x0041, 0x0020, 0x0000, 0x10A2, 0x1061, 0x0000, 0x0820,
  0x0000, 0x0000, 0x0000, 0x0000, 0x0000, 0x1020, 0x2020, 0x0800, 0x0020, 0x0020, 0x0000, 0x0020, 0x0020, 0x0020, 0x0000, 0x0000,
  0x0000, 0x0000, 0x0000, 0x0000, 0x0820, 0x1000, 0x1000, 0x0820, 0x0820, 0x0820, 0x2840, 0x2040, 0x0840, 0x1861, 0x0820, 0x0000,
  0x0000, 0x0000, 0x1020, 0x2080, 0x1840, 0x0820, 0x0820, 0x1040, 0x1040, 0x1020, 0x0800, 0x1840, 0x5162, 0x1840, 0x1840, 0x1840,
  0x1840, 0x1840, 0x1860, 0x1860, 0x1860, 0x1860, 0x1860, 0x1860, 0x1860, 0x1860, 0x2081, 0x2081, 0x2081, 0x2081, 0x2081, 0x20A1,
  0x20A2, 0x28C2, 0x30E2, 0x30E3, 0x30E3, 0x3103, 0x3923, 0x3923, 0x4123, 0x4144, 0x4164, 0x4144, 0x4944, 0x5184, 0x5184, 0x4123,
  0x3903, 0x3903, 0x3903, 0x38E2, 0x30C2, 0x30C2, 0x30C2, 0x30C2, 0x30C2, 0x30C2, 0x30C2, 0x30C2, 0x30C2, 0x28C2, 0x28C2, 0x28C2,
  0x30A1, 0x30C1, 0x30C1, 0x30C1, 0x28A1, 0x28A2, 0x1860, 0x2081, 0x3923, 0x28A1, 0x2081, 0x28A1, 0x28A1, 0x28A2, 0x50E2, 0x9963,
  0x7080, 0x7122, 0x3964, 0x28E2, 0x3944, 0x3964, 0x51E6, 0x3943, 0x3964, 0x62A9, 0x5227, 0x3144, 0x20C2, 0x3964, 0x630B, 0x3144,
  0x89A5, 0xBA27, 0x8A48, 0x31A6, 0x6984, 0xDD32, 0xCB8C, 0xC2E9, 0x7267, 0x20C2, 0x0841, 0x20E3, 0x732B, 0x8430, 0x9CB2, 0x9491,
  0x7BAE, 0x3985, 0x2923, 0x1061, 0x0862, 0x2945, 0x2965, 0x2125, 0x10A2, 0x0841, 0x0020, 0x0861, 0x0020, 0x18C3, 0x2104, 0x0861,
  0x2124, 0x2104, 0x18C3, 0x0000, 0x0841, 0x0882, 0x0840, 0x0861, 0x0061, 0x0000, 0x0020, 0x0000, 0x0800, 0x0800, 0x0800, 0x0841,
  0x10A2, 0x1904, 0x1925, 0x1945, 0x2165, 0x1925, 0x10E4, 0x10C3, 0x10A3, 0x0882, 0x0882, 0x0862, 0x0861, 0x0861, 0x0841, 0x0841,
  0x0020, 0x0041, 0x0841, 0x0861, 0x0861, 0x18E3, 0x1082, 0x10A2, 0x10A2, 0x10A2, 0x0841, 0x0041, 0x0041, 0x0841, 0x0861, 0x0841,
  0x0841, 0x1861, 0x0800, 0x2000, 0x5800, 0x7800, 0x9800, 0x7000, 0x2800, 0x0800, 0x0000, 0x0000, 0x0000, 0x10E4, 0x1904, 0x1904,
  0x0882, 0x0000, 0x0861, 0x0861, 0x0020, 0x0041, 0x0020, 0x0882, 0x0861, 0x0020, 0x0041, 0x0841, 0x0840, 0x0820, 0x1040, 0x0800,
  0x0000, 0x0000, 0x0000, 0x0820, 0x0820, 0x1020, 0x0000, 0x0000, 0x0020, 0x0000, 0x0020, 0x0840, 0x0020, 0x0000, 0x1020, 0x1020,
  0x0820, 0x0820, 0x0820, 0x0000, 0x0000, 0x0000, 0x0000, 0x0000, 0x1020, 0x1820, 0x2040, 0x0820, 0x0840, 0x18A2, 0x1881, 0x1040,
  0x0000, 0x0000, 0x0000, 0x0820, 0x1860, 0x1040, 0x0820, 0x0820, 0x1040, 0x1040, 0x0820, 0x1020, 0x2040, 0x4921, 0x1840, 0x1840,
  0x1840, 0x1860, 0x1860, 0x1860, 0x1860, 0x1860, 0x1860, 0x1860, 0x1860, 0x2060, 0x2081, 0x2081, 0x2081, 0x2081, 0x2081, 0x20A1,
  0x20A2, 0x28C2, 0x30E2, 0x30E3, 0x3103, 0x3103, 0x3923, 0x3923, 0x4124, 0x4144, 0x4164, 0x4144, 0x4944, 0x5184, 0x5184, 0x4943,
  0x3903, 0x3903, 0x3903, 0x38E2, 0x30E2, 0x30C2, 0x30C2, 0x30C2, 0x38C2, 0x30C2, 0x30C2, 0x30C2, 0x30C2, 0x30C2, 0x28C2, 0x28C2,
  0x28A1, 0x30C1, 0x30C1, 0x99E2, 0x81C3, 0x3103, 0x1861, 0x1820, 0x2081, 0x1040, 0x0800, 0x4123, 0x4964, 0x3923, 0x30E2, 0x8122,
  0x70E1, 0x30C2, 0x28E2, 0x2081, 0x5207, 0x5A68, 0x20A2, 0x20C2, 0x3985, 0x5A68, 0x49A5, 0x49C6, 0x49A5, 0x6AEA, 0x2944, 0x88E2,
  0xEC50, 0xEDB5, 0xF42F, 0x6103, 0x29C7, 0x49A5, 0x4964, 0x3944, 0x2923, 0x2965, 0x630C, 0x10A2, 0x6AEA, 0x7BCE, 0x6B2C, 0x4A28,
  0x41E7, 0x5248, 0x6B2B, 0x1081, 0x2966, 0x2965, 0x31A7, 0x18C3, 0x0882, 0x10A3, 0x0841, 0x0840, 0x0841, 0x31A6, 0x4228, 0x10A2,
  0x1082, 0x1082, 0x0841, 0x10A2, 0x2966, 0x1082, 0x0000, 0x0020, 0x0020, 0x0841, 0x0841, 0x0020, 0x0041, 0x0841, 0x0882, 0x10C3,
  0x18E4, 0x18E4, 0x1904, 0x2125, 0x2145, 0x1904, 0x18E4, 0x18C3, 0x10C3, 0x10A3, 0x0882, 0x0862, 0x0862, 0x0862, 0x0861, 0x0021,
  0x0841, 0x0861, 0x0841, 0x0861, 0x10A2, 0x10A2, 0x0882, 0x10A2, 0x0861, 0x0841, 0x0841, 0x0861, 0x0841, 0x0841, 0x0841, 0x0041,
  0x1041, 0x1020, 0x1000, 0x5800, 0x8800, 0xA020, 0xB041, 0x9000, 0x4000, 0x0800, 0x0000, 0x0000, 0x1904, 0x31E8, 0x10A3, 0x0882,
  0x0861, 0x18E4, 0x10C3, 0x0861, 0x0020, 0x0020, 0x0020, 0x0861, 0x1881, 0x0020, 0x0861, 0x1082, 0x1060, 0x0840, 0x0000, 0x0000,
  0x0020, 0x0000, 0x0820, 0x1020, 0x0800, 0x0000, 0x0000, 0x0020, 0x0000, 0x0800, 0x1800, 0x1820, 0x0000, 0x0820, 0x1820, 0x1841,
  0x1041, 0x0820, 0x0020, 0x0020, 0x0020, 0x0820, 0x0020, 0x0000, 0x0800, 0x0820, 0x0020, 0x0020, 0x1061, 0x1041, 0x1061, 0x1061,
  0x0820, 0x0820, 0x0000, 0x0000, 0x0800, 0x1020, 0x1020, 0x1040, 0x1840, 0x1040, 0x1040, 0x1020, 0x1860, 0x2060, 0x30C1, 0x1840,
  0x1860, 0x1860, 0x1860, 0x1860, 0x1860, 0x1860, 0x1860, 0x1860, 0x1860, 0x2081, 0x2081, 0x2081, 0x2081, 0x2081, 0x2081, 0x20A1,
  0x28C2, 0x28E2, 0x30E2, 0x30E3, 0x3103, 0x3903, 0x3923, 0x3923, 0x4124, 0x4144, 0x4164, 0x4144, 0x4944, 0x5164, 0x5184, 0x4964,
  0x4103, 0x3903, 0x3903, 0x3903, 0x38E2, 0x30C2, 0x30C2, 0x30C2, 0x30C2, 0x38C2, 0x30C2, 0x30C2, 0x30C2, 0x30C2, 0x30C2, 0x28C2,
  0x28C2, 0x28A1, 0x1840, 0x38E2, 0x4102, 0x2881, 0x1040, 0x1040, 0x1840, 0x1040, 0x1840, 0x2880, 0x38E2, 0x5964, 0x5964, 0x59A5,
  0x59A5, 0x4184, 0x51E6, 0x3902, 0x3923, 0x3943, 0x7B0A, 0x7B0A, 0x28E2, 0x30E2, 0x4164, 0x3985, 0x5226, 0x62C9, 0x8184, 0xFB4A,
  0xE3AC, 0xE289, 0xF288, 0x8903, 0x5B4D, 0x39C7, 0x39E7, 0x1081, 0x39C6, 0xA514, 0x8430, 0x18C3, 0x41A6, 0x5248, 0x39A6, 0x5A89,
  0x5AAA, 0x3964, 0x2903, 0x0020, 0x10A3, 0x10C3, 0x2965, 0x2965, 0x10C3, 0x18E3, 0x10A2, 0x0841, 0x10A3, 0x3186, 0x2966, 0x10A2,
  0x0000, 0x0000, 0x0841, 0x2986, 0x1082, 0x0020, 0x0020, 0x0020, 0x0882, 0x10C3, 0x0020, 0x0841, 0x0882, 0x10A3, 0x10A3, 0x10C3,
  0x18E4, 0x1904, 0x1925, 0x2145, 0x2145, 0x2125, 0x1904, 0x18E4, 0x10C3, 0x10C3, 0x10A3, 0x0882, 0x0882, 0x0862, 0x0861, 0x1082,
  0x0020, 0x0882, 0x0861, 0x1082, 0x1082, 0x0841, 0x0861, 0x0882, 0x0041, 0x0841, 0x0841, 0x0841, 0x0841, 0x0040, 0x0861, 0x0841,
  0x1020, 0x0800, 0x3000, 0x8000, 0xA800, 0xA800, 0xB800, 0x9000, 0x4000, 0x0800, 0x0000, 0x0020, 0x1924, 0x2986, 0x2145, 0x0041,
  0x10C3, 0x2986, 0x10A3, 0x0882, 0x0861, 0x0020, 0x0020, 0x0840, 0x3902, 0x0841, 0x0861, 0x1040, 0x0820, 0x0000, 0x0000, 0x0020,
  0x1040, 0x1820, 0x0800, 0x0000, 0x0000, 0x0000, 0x0020, 0x0000, 0x0000, 0x2820, 0x4040, 0x3040, 0x0820, 0x0840, 0x1041, 0x0841,
  0x1061, 0x1061, 0x0840, 0x0020, 0x0020, 0x1061, 0x0820, 0x0000, 0x0020, 0x0020, 0x0000, 0x0820, 0x1061, 0x1882, 0x1061, 0x0000,
  0x0840, 0x1061, 0x1881, 0x0840, 0x0000, 0x0000, 0x0820, 0x0820, 0x1860, 0x1840, 0x1040, 0x1040, 0x1040, 0x0820, 0x1840, 0x30A0,
  0x38E0, 0x1860, 0x1860, 0x1860, 0x1860, 0x1860, 0x1860, 0x1860, 0x2060, 0x2081, 0x2081, 0x2081, 0x2081, 0x2081, 0x20A1, 0x20A2,
  0x28C2, 0x28E2, 0x30E2, 0x30E3, 0x3103, 0x3903, 0x3923, 0x3923, 0x4144, 0x4144, 0x4164, 0x4144, 0x4944, 0x5164, 0x5184, 0x5164,
  0x4123, 0x3903, 0x3903, 0x3903, 0x38E2, 0x30C2, 0x30C2, 0x30C2, 0x30C2, 0x38C2, 0x30C2, 0x30C2, 0x30C2, 0x30C2, 0x30C2, 0x30C2,
  0x4923, 0x59C5, 0x30E2, 0x1860, 0x28A1, 0x2081, 0x1020, 0x1020, 0x1840, 0x38C1, 0x7184, 0x4922, 0x5123, 0x80E2, 0x91A4, 0x4164,
  0x28E2, 0x28C2, 0x4942, 0xA3ED, 0x6A88, 0x51A4, 0x6AA8, 0x49A5, 0x28E2, 0x2903, 0x6A88, 0x62C9, 0x5207, 0x2123, 0x6880, 0xF38C,
  0xF1E6, 0xE9C6, 0x8820, 0x28C3, 0x10C3, 0x1082, 0x2944, 0x5AAA, 0xCE59, 0x8C92, 0x4228, 0x18C3, 0x1881, 0x2903, 0x39A6, 0x2924,
  0x3144, 0x28E2, 0x0820, 0x0000, 0x0861, 0x18E3, 0x10A3, 0x2125, 0x2965, 0x18E3, 0x0861, 0x0861, 0x18C3, 0x2124, 0x2124, 0x0862,
  0x0020, 0x0000, 0x10A2, 0x18C3, 0x0861, 0x0000, 0x0000, 0x0861, 0x10C3, 0x1082, 0x0861, 0x0861, 0x10A3, 0x10A3, 0x10A3, 0x10A3,
  0x10C3, 0x18E4, 0x1904, 0x2125, 0x2125, 0x2124, 0x1904, 0x18E4, 0x18C3, 0x10C3, 0x10A3, 0x1082, 0x0882, 0x0862, 0x0841, 0x0882,
  0x0000, 0x0861, 0x0861, 0x10A2, 0x0841, 0x0841, 0x0041, 0x0841, 0x0041, 0x0021, 0x0841, 0x0861, 0x0841, 0x0841, 0x0861, 0x1040,
  0x0000, 0x1800, 0x5800, 0x9000, 0xA800, 0xB800, 0xB800, 0x8800, 0x3800, 0x0000, 0x0000, 0x0041, 0x0882, 0x0862, 0x0882, 0x0862,
  0x2986, 0x31C7, 0x0861, 0x0041, 0x0041, 0x0041, 0x0000, 0x0861, 0x0020, 0x0020, 0x0820, 0x0820, 0x0000, 0x0000, 0x0820, 0x0820,
  0x0820, 0x1820, 0x0000, 0x0000, 0x0000, 0x0000, 0x0000, 0x0020, 0x0020, 0x1000, 0x1820, 0x0800, 0x0000, 0x0020, 0x0841, 0x0840,
  0x0841, 0x0841, 0x1081, 0x0861, 0x0020, 0x1061, 0x1061, 0x0020, 0x0020, 0x0020, 0x0020, 0x0020, 0x0840, 0x1061, 0x0820, 0x0840,
  0x1061, 0x0840, 0x1061, 0x1881, 0x1881, 0x0820, 0x0000, 0x0000, 0x0800, 0x1040, 0x1040, 0x1020, 0x1040, 0x1020, 0x1020, 0x1860,
  0x30A0, 0x38C0, 0x4101, 0x1860, 0x1860, 0x1860, 0x1860, 0x1860, 0x2081, 0x2081, 0x2081, 0x2081, 0x2081, 0x2081, 0x20A1, 0x20A2,
  0x28C2, 0x30E2, 0x30E2, 0x30E3, 0x3103, 0x3903, 0x3923, 0x3923, 0x4144, 0x4144, 0x4164, 0x4144, 0x4144, 0x5164, 0x5184, 0x5164,
  0x4123, 0x3903, 0x3903, 0x3903, 0x38E3, 0x38E2, 0x30C2, 0x30C2, 0x30C2, 0x30C2, 0x38C2, 0x30C2, 0x30C2, 0x30C2, 0x30C2, 0x5984,
  0x38E2, 0x2881, 0x4964, 0x1840, 0x1840, 0x1840, 0x0820, 0x1860, 0x2881, 0x38A1, 0x81E5, 0x7267, 0x40C1, 0x9123, 0x7123, 0x20A1,
  0x4985, 0x4964, 0x8AA7, 0xB42D, 0x6206, 0x1040, 0x1060, 0x3943, 0x62A9, 0x41A5, 0x4185, 0x7BAE, 0x49E7, 0x730B, 0x72CA, 0x8207,
  0x6861, 0x6082, 0x3924, 0x0882, 0x2986, 0x2924, 0x62CA, 0x7B8D, 0xCE59, 0x8C51, 0x6B6D, 0x18E3, 0x1040, 0x28E2, 0x18A1, 0x1881,
  0x1881, 0x0840, 0x0000, 0x0000, 0x1082, 0x18C3, 0x10C3, 0x10C3, 0x2945, 0x18E3, 0x0000, 0x0861, 0x18E4, 0x18E3, 0x1904, 0x0861,
  0x0000, 0x0041, 0x1082, 0x1082, 0x0861, 0x0000, 0x0862, 0x10C3, 0x0862, 0x0841, 0x10A2, 0x0862, 0x0883, 0x0882, 0x0882, 0x10A2,
  0x10C3, 0x10C3, 0x18E4, 0x1904, 0x1904, 0x1904, 0x18E4, 0x18E4, 0x18C3, 0x10C3, 0x10A3, 0x1082, 0x0862, 0x0861, 0x0862, 0x0841,
  0x0000, 0x0861, 0x1082, 0x0861, 0x0041, 0x0861, 0x0861, 0x0861, 0x0841, 0x0841, 0x0861, 0x0841, 0x0041, 0x0841, 0x1041, 0x0800,
  0x1800, 0x4800, 0x8800, 0xB800, 0xC020, 0xC820, 0xB800, 0x8800, 0x2800, 0x0000, 0x0000, 0x0882, 0x10C3, 0x0041, 0x0862, 0x0862,
  0x10C3, 0x0861, 0x0021, 0x10C3, 0x0882, 0x0020, 0x0000, 0x0840, 0x0820, 0x0000, 0x0020, 0x0000, 0x0000, 0x0020, 0x0020, 0x0020,
  0x0000, 0x0000, 0x0000, 0x0000, 0x0000, 0x0840, 0x0840, 0x0841, 0x0841, 0x0041, 0x0020, 0x0020, 0x0040, 0x0020, 0x1082, 0x10A2,
  0x0861, 0x1081, 0x1061, 0x1081, 0x0841, 0x0020, 0x0840, 0x0841, 0x0020, 0x0020, 0x0840, 0x0820, 0x0820, 0x0840, 0x0820, 0x1061,
  0x1882, 0x1061, 0x20C2, 0x1881, 0x1882, 0x1061, 0x1061, 0x1861, 0x0000, 0x0000, 0x0800, 0x1020, 0x1020, 0x1040, 0x1840, 0x1040,
  0x1040, 0x2060, 0x38C1, 0x38E1, 0x4101, 0x1860, 0x1860, 0x2060, 0x2081, 0x2081, 0x2081, 0x2081, 0x2081, 0x2081, 0x20A1, 0x28C2,
  0x28C2, 0x30E2, 0x30E3, 0x30E3, 0x3103, 0x3903, 0x3923, 0x3923, 0x4144, 0x4144, 0x4164, 0x4144, 0x4144, 0x4964, 0x5184, 0x5184,
  0x4943, 0x3903, 0x3903, 0x3903, 0x3903, 0x38E2, 0x30C2, 0x30C2, 0x30C2, 0x30C2, 0x38C2, 0x30C2, 0x30C2, 0x5164, 0x1840, 0x38E2,
  0x4944, 0x1840, 0x30A1, 0x1040, 0x1840, 0x2061, 0x1840, 0x1860, 0x2881, 0x4122, 0x4943, 0x6A06, 0x61C5, 0x5943, 0x2060, 0x4164,
  0x9C0E, 0x49A5, 0x4963, 0x4902, 0x28C1, 0x41A5, 0x4164, 0x5206, 0x5A27, 0x49A5, 0x4185, 0x0800, 0xAAA5, 0xFE55, 0xEE56, 0x8B6C,
  0x3208, 0x4ACB, 0x428A, 0x10A2, 0x5269, 0x8BCE, 0xBDB6, 0x7BCF, 0x94B2, 0x738E, 0x5AEB, 0x528A, 0x0000, 0x0820, 0x0840, 0x0000,
  0x0000, 0x0000, 0x0000, 0x0000, 0x0861, 0x0861, 0x0861, 0x0861, 0x0861, 0x0841, 0x0000, 0x0041, 0x1082, 0x2104, 0x2104, 0x0841,
  0x0020, 0x2966, 0x18C3, 0x0841, 0x0020, 0x0841, 0x0882, 0x0882, 0x0882, 0x0841, 0x1082, 0x10A3, 0x10A3, 0x10A3, 0x10A2, 0x10A3,
  0x10A3, 0x10C3, 0x10E3, 0x18E4, 0x1904, 0x1904, 0x18E4, 0x18E4, 0x10C3, 0x10A3, 0x10A2, 0x0882, 0x0862, 0x0841, 0x0882, 0x0020,
  0x0000, 0x0861, 0x0861, 0x0041, 0x0841, 0x0861, 0x0861, 0x0861, 0x0861, 0x0861, 0x0861, 0x0841, 0x0841, 0x1861, 0x1020, 0x2800,
  0x5800, 0x8000, 0xC965, 0xF2EB, 0xE040, 0xD040, 0xB800, 0x8000, 0x1800, 0x0000, 0x0000, 0x10C3, 0x1904, 0x10A2, 0x0000, 0x0041,
  0x0041, 0x0041, 0x0882, 0x10A2, 0x0861, 0x0000, 0x0000, 0x0020, 0x0000, 0x0000, 0x0000, 0x0000, 0x0020, 0x0020, 0x0020, 0x0000,
  0x0000, 0x0000, 0x0000, 0x0000, 0x0841, 0x1081, 0x0861, 0x0020, 0x0020, 0x0020, 0x0841, 0x0841, 0x0861, 0x0861, 0x0841, 0x0861,
  0x1082, 0x18C3, 0x0841, 0x0840, 0x0861, 0x0020, 0x0020, 0x0841, 0x0020, 0x0000, 0x0020, 0x0840, 0x0020, 0x0020, 0x0820, 0x1061,
  0x1881, 0x1041, 0x2924, 0x20C2, 0x1881, 0x1081, 0x1061, 0x20A2, 0x1061, 0x0840, 0x1040, 0x0800, 0x0000, 0x0820, 0x1020, 0x1040,
  0x1040, 0x1040, 0x1860, 0x2060, 0x30A0, 0x4101, 0x4101, 0x2081, 0x2081, 0x2081, 0x2081, 0x2081, 0x2081, 0x20A1, 0x20A2, 0x28C2,
  0x28E2, 0x30E2, 0x30E3, 0x30E3, 0x3103, 0x3903, 0x3923, 0x3923, 0x4144, 0x4144, 0x4964, 0x4144, 0x4144, 0x4964, 0x5184, 0x5184,
  0x4944, 0x4103, 0x3903, 0x3903, 0x3903, 0x38E2, 0x30E2, 0x30C2, 0x30C2, 0x30C2, 0x4164, 0x59A5, 0x3881, 0x38E2, 0x30E2, 0x1820,
  0x3903, 0x1020, 0x0800, 0x1860, 0x2060, 0x2060, 0x30A1, 0x4102, 0x79A4, 0x61C5, 0x6184, 0x99A4, 0xB205, 0x4902, 0x49A5, 0x51C5,
  0x30E2, 0x28C1, 0x3923, 0x5206, 0x5206, 0x4164, 0x4984, 0x4184, 0x30E2, 0x72E9, 0x5A89, 0x6A06, 0xF3A8, 0xE367, 0xDB87, 0xA32A,
  0x8451, 0x31C7, 0x4A8A, 0x738E, 0x9C70, 0xDEFB, 0x8C71, 0x4A49, 0x8430, 0x4A49, 0x2945, 0x2945, 0x0000, 0x0000, 0x0000, 0x0000,
  0x0000, 0x0020, 0x0020, 0x0841, 0x0000, 0x0000, 0x0000, 0x0020, 0x0000, 0x0020, 0x0861, 0x18E3, 0x0841, 0x0840, 0x0861, 0x0000,
  0x2145, 0x2104, 0x0861, 0x0861, 0x0841, 0x0861, 0x0841, 0x0020, 0x0882, 0x0861, 0x10A3, 0x10A3, 0x10A3, 0x10A3, 0x10A3, 0x10A3,
  0x10A3, 0x10C3, 0x18E4, 0x1904, 0x1904, 0x1904, 0x18E4, 0x18E3, 0x10C3, 0x10A3, 0x1082, 0x0882, 0x0862, 0x0841, 0x1082, 0x0000,
  0x0000, 0x0861, 0x0861, 0x0841, 0x0861, 0x0841, 0x0861, 0x0841, 0x0841, 0x0861, 0x0861, 0x0861, 0x1861, 0x1820, 0x3000, 0x7800,
  0x8000, 0x6800, 0x90C3, 0xE595, 0xE882, 0xC800, 0xB000, 0x6000, 0x0800, 0x0000, 0x0841, 0x1925, 0x10E4, 0x10E4, 0x0041, 0x0021,
  0x0020, 0x0861, 0x0882, 0x0861, 0x0840, 0x0000, 0x0000, 0x0000, 0x0000, 0x0000, 0x0000, 0x0820, 0x1000, 0x0000, 0x0000, 0x0020,
  0x0040, 0x0840, 0x0840, 0x0020, 0x10A2, 0x10A2, 0x0861, 0x0861, 0x0000, 0x0020, 0x0861, 0x0861, 0x0841, 0x0882, 0x0861, 0x0020,
  0x0020, 0x0841, 0x0861, 0x1061, 0x1082, 0x0841, 0x0000, 0x0841, 0x0861, 0x0841, 0x0020, 0x0000, 0x0000, 0x0820, 0x0840, 0x1061,
  0x1881, 0x1061, 0x20E3, 0x18A2, 0x0840, 0x1061, 0x18A2, 0x18A2, 0x1061, 0x1061, 0x28A2, 0x20A1, 0x1061, 0x0820, 0x0000, 0x0000,
  0x0820, 0x1040, 0x1040, 0x1040, 0x1040, 0x1840, 0x28A0, 0x3901, 0x4101, 0x2081, 0x2081, 0x2081, 0x2081, 0x20A1, 0x20A2, 0x28C2,
  0x28E2, 0x30E2, 0x30E3, 0x30E3, 0x3103, 0x3903, 0x3923, 0x3923, 0x4144, 0x4144, 0x4964, 0x4144, 0x4144, 0x4944, 0x5184, 0x5184,
  0x5164, 0x4123, 0x3903, 0x3903, 0x3903, 0x3903, 0x38E2, 0x30C2, 0x6268, 0x2060, 0x2060, 0x59A4, 0x38E2, 0x28A1, 0x30A1, 0x1840,
  0x2061, 0x1040, 0x0000, 0x1040, 0x2040, 0x30A1, 0x38A1, 0x5122, 0x89C4, 0x91E4, 0x8A05, 0x7984, 0x5902, 0x4923, 0x82A8, 0x6A67,
  0x59E6, 0x3903, 0x1020, 0x49C6, 0x5A48, 0x51C5, 0x5A47, 0x3964, 0x5A68, 0x5A89, 0x2923, 0x62AA, 0xBCF2, 0xDCF1, 0x9B2A, 0x9CB2,
  0x630C, 0x4A28, 0x738E, 0x738E, 0x6B2C, 0x8C51, 0x8C71, 0xAD55, 0x630C, 0x5ACB, 0x20E3, 0x0820, 0x0000, 0x0020, 0x0861, 0x0000,
  0x0841, 0x10A2, 0x10A2, 0x1904, 0x2104, 0x0841, 0x0000, 0x0000, 0x0020, 0x18E4, 0x18E4, 0x1904, 0x10A2, 0x0020, 0x0000, 0x0020,
  0x10A3, 0x0841, 0x1082, 0x10A2, 0x0041, 0x0882, 0x0861, 0x2104, 0x2124, 0x10A3, 0x10C3, 0x10A3, 0x10A3, 0x10A3, 0x10A3, 0x10A3,
  0x10A3, 0x10C3, 0x1904, 0x1904, 0x2124, 0x1904, 0x1904, 0x18E4, 0x10C3, 0x10A3, 0x1082, 0x0882, 0x0861, 0x0841, 0x0020, 0x0000,
  0x0000, 0x0020, 0x1082, 0x0841, 0x0841, 0x0040, 0x0841, 0x0841, 0x0841, 0x0841, 0x0861, 0x1061, 0x1800, 0x3000, 0x7800, 0xC800,
  0xA000, 0x5000, 0x7800, 0xC125, 0xD841, 0xB800, 0x9000, 0x3800, 0x0000, 0x0000, 0x0882, 0x10A3, 0x10A3, 0x10A3, 0x0021, 0x0021,
  0x0020, 0x0041, 0x0020, 0x0020, 0x0820, 0x0020, 0x0000, 0x0000, 0x0000, 0x0000, 0x0000, 0x1000, 0x2000, 0x1800, 0x0000, 0x0840,
  0x0020, 0x0040, 0x0841, 0x0020, 0x0881, 0x0040, 0x1082, 0x0861, 0x0020, 0x0861, 0x1082, 0x0861, 0x0861, 0x1082, 0x0861, 0x0861,
  0x0841, 0x0841, 0x1081, 0x0861, 0x0841, 0x0841, 0x0841, 0x0841, 0x0841, 0x0840, 0x1061, 0x0861, 0x0020, 0x0820, 0x0000, 0x0840,
  0x1881, 0x1881, 0x20C2, 0x18A2, 0x0020, 0x1061, 0x20C2, 0x28E3, 0x1881, 0x20C2, 0x20C2, 0x1882, 0x2081, 0x2081, 0x1881, 0x1061,
  0x0840, 0x0000, 0x0000, 0x0000, 0x1020, 0x1020, 0x0820, 0x1840, 0x2880, 0x2880, 0x28A1, 0x28A1, 0x30C0, 0x20A1, 0x20A2, 0x28C2,
  0x28E2, 0x30E2, 0x30E3, 0x3103, 0x3103, 0x3903, 0x3923, 0x3923, 0x4144, 0x4144, 0x4964, 0x4144, 0x4144, 0x4944, 0x5164, 0x5184,
  0x5164, 0x4123, 0x3903, 0x3903, 0x6227, 0x7268, 0x4103, 0x3080, 0x4144, 0x4985, 0x1840, 0x40C2, 0x48E2, 0x2040, 0x2060, 0x1860,
  0x1840, 0x1020, 0x1860, 0x2081, 0x3081, 0x4122, 0x5164, 0x4964, 0x9287, 0xCA44, 0xB245, 0x6A05, 0x2081, 0x4963, 0x61C5, 0x61C5,
  0x5964, 0x1861, 0x41E6, 0x730B, 0x49A5, 0x6247, 0x6AEA, 0x5AEB, 0x5ACA, 0x38E3, 0x7207, 0x5A28, 0x738D, 0x94F3, 0x8431, 0x4A69,
  0x39A6, 0x41A5, 0x3186, 0x3186, 0x5269, 0x73AE, 0xAD75, 0x630C, 0x4A69, 0x528A, 0x1081, 0x0020, 0x0861, 0x18E3, 0x0861, 0x0000,
  0x10C3, 0x18E3, 0x2104, 0x2945, 0x2124, 0x1082, 0x0020, 0x0041, 0x1904, 0x2125, 0x18E4, 0x39E8, 0x2104, 0x0841, 0x0020, 0x0882,
  0x10A2, 0x10A2, 0x2924, 0x1082, 0x0882, 0x0882, 0x2945, 0x2104, 0x0862, 0x10A3, 0x10A3, 0x10A3, 0x10A3, 0x10A3, 0x10A3, 0x10C3,
  0x10C3, 0x18E4, 0x1924, 0x2125, 0x2125, 0x1904, 0x18E4, 0x18E3, 0x10C3, 0x10A3, 0x1082, 0x0882, 0x0861, 0x0861, 0x0840, 0x0000,
  0x0000, 0x0000, 0x0861, 0x0841, 0x0020, 0x0841, 0x0841, 0x0841, 0x0861, 0x0861, 0x1061, 0x1000, 0x3800, 0x7000, 0xC800, 0xFA8A,
  0xE289, 0x7800, 0x5820, 0xA800, 0xC000, 0xA000, 0x7800, 0x1800, 0x0000, 0x0000, 0x0882, 0x2986, 0x10A3, 0x0021, 0x0021, 0x0020,
  0x0041, 0x0000, 0x0020, 0x0820, 0x0000, 0x0000, 0x0000, 0x0000, 0x0000, 0x0800, 0x2000, 0x2800, 0x2800, 0x2000, 0x0820, 0x0020,
  0x0000, 0x0020, 0x0841, 0x0040, 0x0841, 0x0841, 0x0882, 0x0041, 0x0020, 0x0861, 0x1082, 0x0882, 0x0861, 0x1061, 0x1020, 0x0841,
  0x18A2, 0x1882, 0x0820, 0x0841, 0x0861, 0x0882, 0x0861, 0x0820, 0x0841, 0x1082, 0x18A2, 0x0841, 0x0020, 0x0840, 0x0020, 0x0820,
  0x0820, 0x0840, 0x1061, 0x20A2, 0x1041, 0x20A2, 0x28E3, 0x1881, 0x1061, 0x20C2, 0x20C2, 0x20C2, 0x20C2, 0x20C2, 0x1061, 0x1881,
  0x20C2, 0x1881, 0x1061, 0x1040, 0x1040, 0x0000, 0x0000, 0x1020, 0x1020, 0x0800, 0x0820, 0x1020, 0x1040, 0x1860, 0x1040, 0x1860,
  0x2080, 0x28A0, 0x30E3, 0x3103, 0x3103, 0x3923, 0x3923, 0x3923, 0x4144, 0x4144, 0x4964, 0x4144, 0x4144, 0x4944, 0x5164, 0x7B4C,
  0x7AEA, 0x7247, 0x59C5, 0x5985, 0x7A88, 0x3081, 0x2060, 0x3081, 0x2020, 0x4102, 0x28A1, 0x1840, 0x3081, 0x2040, 0x1020, 0x1020,
  0x1020, 0x1840, 0x30A1, 0x3881, 0x7101, 0x8962, 0x6922, 0x9266, 0xA36A, 0x8AC8, 0x5963, 0x30E2, 0x4144, 0x5A26, 0x49A4, 0x4923,
  0x4943, 0x5A89, 0x732B, 0x3944, 0x2081, 0x5247, 0x5289, 0x59E6, 0x9AC9, 0xDBAD, 0xF288, 0xA268, 0x3A07, 0x4A89, 0x3165, 0x18A2,
  0x20E3, 0x2103, 0x0841, 0x2944, 0x39A6, 0x62EB, 0x4A28, 0x20E3, 0x2903, 0x1061, 0x0000, 0x0020, 0x10A2, 0x10A2, 0x0000, 0x0020,
  0x10A2, 0x10C3, 0x18C3, 0x39E8, 0x2124, 0x1904, 0x0861, 0x1082, 0x2124, 0x18E3, 0x4208, 0x39E7, 0x1904, 0x0861, 0x18E3, 0x39C7,
  0x1081, 0x1061, 0x18C3, 0x0882, 0x10A2, 0x18E3, 0x1081, 0x0041, 0x10A3, 0x10A3, 0x10A3, 0x10A3, 0x10A3, 0x10A3, 0x10C3, 0x10C3,
  0x18E4, 0x1904, 0x1904, 0x1904, 0x1904, 0x1904, 0x18E4, 0x10C3, 0x10A3, 0x1082, 0x0882, 0x0862, 0x0841, 0x0882, 0x0841, 0x0000,
  0x0000, 0x0000, 0x0841, 0x0841, 0x0020, 0x0020, 0x0020, 0x0841, 0x0861, 0x1020, 0x1800, 0x4000, 0x8800, 0xD041, 0xF207, 0xFCF3,
  0xFC70, 0xC020, 0x6800, 0xA800, 0xD800, 0xA800, 0x5800, 0x0800, 0x0000, 0x0020, 0x10E4, 0x10C3, 0x0862, 0x0041, 0x0021, 0x0020,
  0x0020, 0x0000, 0x0000, 0x0000, 0x0000, 0x0000, 0x0800, 0x1800, 0x1000, 0x1000, 0x2800, 0x2800, 0x2020, 0x0820, 0x0000, 0x0861,
  0x1082, 0x0841, 0x0000, 0x0020, 0x1081, 0x0020, 0x10A2, 0x0861, 0x0841, 0x0841, 0x1082, 0x10C3, 0x1861, 0x4820, 0x4800, 0x1800,
  0x0861, 0x1061, 0x0820, 0x10A2, 0x0881, 0x0841, 0x1841, 0x2081, 0x1881, 0x18C2, 0x1082, 0x0020, 0x0840, 0x0820, 0x0841, 0x0840,
  0x0820, 0x0020, 0x0020, 0x0840, 0x18A2, 0x20C3, 0x18A2, 0x1061, 0x1061, 0x18A2, 0x18A2, 0x28C2, 0x28E3, 0x20A2, 0x20C2, 0x1881,
  0x20C2, 0x1881, 0x1881, 0x3103, 0x3103, 0x3103, 0x20C2, 0x20A1, 0x1861, 0x0820, 0x0000, 0x0000, 0x0000, 0x0000, 0x0000, 0x0000,
  0x0800, 0x0800, 0x0800, 0x0800, 0x0000, 0x0000, 0x1040, 0x1061, 0x18C2, 0x41A5, 0x72CA, 0x6AC9, 0x8B6C, 0x6A68, 0x7A88, 0x8AC9,
  0x61E6, 0x4902, 0x1840, 0x1840, 0x4123, 0x6A06, 0x1840, 0x1840, 0x3081, 0x2060, 0x28A2, 0x1020, 0x2060, 0x1840, 0x1020, 0x1840,
  0x1840, 0x2060, 0x2860, 0x6163, 0x7A06, 0x8206, 0x99C3, 0xFCCC, 0xE3A9, 0x7922, 0x2081, 0x3903, 0x4143, 0x6267, 0x834A, 0x49C5,
  0x4184, 0x41A5, 0x28C2, 0x28E2, 0x62CA, 0x630B, 0x71C5, 0xD2C7, 0xFCCF, 0xF38C, 0xF36C, 0x99C5, 0x3145, 0x4208, 0x2965, 0x4208,
  0xB5B7, 0xAD75, 0x528A, 0x2104, 0x0820, 0x20E3, 0x20E3, 0x1081, 0x1041, 0x0000, 0x0041, 0x10C3, 0x18E3, 0x10A2, 0x0861, 0x0020,
  0x18C3, 0x2966, 0x2145, 0x4208, 0x2104, 0x18E3, 0x0020, 0x0861, 0x10C3, 0x2145, 0x4228, 0x2945, 0x0861, 0x0020, 0x18E3, 0x18A2,
  0x0020, 0x0000, 0x0861, 0x0861, 0x2104, 0x10A2, 0x0041, 0x10C3, 0x10A3, 0x10A3, 0x10A3, 0x10A3, 0x10A3, 0x10A3, 0x10C3, 0x10C3,
  0x18E4, 0x18E4, 0x18E4, 0x18E4, 0x18E4, 0x10C3, 0x10C3, 0x10A3, 0x1082, 0x0882, 0x0862, 0x0861, 0x0841, 0x0862, 0x0000, 0x0000,
  0x0000, 0x0000, 0x0841, 0x0861, 0x0000, 0x0021, 0x0861, 0x0841, 0x0820, 0x1800, 0x3000, 0x6000, 0xD800, 0xF944, 0xFCEF, 0xF349,
  0xF1E5, 0xE820, 0xB000, 0xC800, 0xD000, 0x8800, 0x2800, 0x0020, 0x0000, 0x0882, 0x1904, 0x0041, 0x0020, 0x0041, 0x0041, 0x0000,
  0x0020, 0x0000, 0x0000, 0x0000, 0x0000, 0x0000, 0x1800, 0x2800, 0x2800, 0x0800, 0x0020, 0x0840, 0x0020, 0x0000, 0x0000, 0x0861,
  0x18C3, 0x1082, 0x0020, 0x0020, 0x0841, 0x0020, 0x0861, 0x10A2, 0x0862, 0x0861, 0x10A2, 0x10A2, 0x4040, 0x6020, 0x6000, 0x4800,
  0x1820, 0x1061, 0x1061, 0x1881, 0x0841, 0x1820, 0x30A2, 0x20A2, 0x1041, 0x1081, 0x18A2, 0x0841, 0x1061, 0x0020, 0x0840, 0x1061,
  0x1061, 0x0840, 0x0000, 0x0840, 0x0840, 0x1040, 0x1061, 0x1882, 0x1861, 0x1061, 0x1881, 0x28A2, 0x28C2, 0x1861, 0x0820, 0x20C2,
  0x20A2, 0x20A2, 0x1061, 0x3103, 0x1881, 0x28E3, 0x28C2, 0x3923, 0x4985, 0x3944, 0x3923, 0x3903, 0x20A2, 0x3944, 0x3124, 0x49A5,
  0x3944, 0x49A5, 0x49A5, 0x4185, 0x49C6, 0x49C6, 0x5A28, 0x6AA9, 0x6248, 0x72CA, 0x7289, 0x59C6, 0x4964, 0x28A1, 0x38A1, 0x71C5,
  0x69C5, 0x4102, 0x1840, 0x1040, 0x1000, 0x59A5, 0x4964, 0x1020, 0x2881, 0x1820, 0x1840, 0x1861, 0x1840, 0x1020, 0x2060, 0x30C2,
  0x30A1, 0x68E1, 0x5080, 0xA2E8, 0xBC4E, 0x5164, 0x9A86, 0xEBA9, 0xD265, 0x50E2, 0x20E3, 0x4184, 0x72A8, 0x6247, 0x3102, 0x1861,
  0x1860, 0x28C2, 0x62A9, 0x7B8D, 0x7B8D, 0x4123, 0xD349, 0xFE14, 0xFA87, 0xD923, 0x7082, 0x2061, 0x2124, 0x39E7, 0x7BF0, 0x8C92,
  0xE73C, 0x6B8E, 0x634D, 0x52AA, 0x1082, 0x1040, 0x0000, 0x0000, 0x0000, 0x0020, 0x2145, 0x31A6, 0x2165, 0x18C3, 0x0020, 0x0000,
  0x1082, 0x10C3, 0x18C3, 0x4229, 0x18E3, 0x1082, 0x0000, 0x0861, 0x2104, 0x2966, 0x31A6, 0x1904, 0x0000, 0x0841, 0x1082, 0x0820,
  0x0000, 0x0000, 0x0000, 0x18E3, 0x1082, 0x0021, 0x10C3, 0x10C3, 0x10A3, 0x10A3, 0x10A3, 0x10A3, 0x10A3, 0x10A3, 0x10A3, 0x10C3,
  0x10C3, 0x10C3, 0x10C3, 0x10C3, 0x10C3, 0x10A3, 0x10A3, 0x0882, 0x0882, 0x0862, 0x0862, 0x0861, 0x0861, 0x0861, 0x0000, 0x0000,
  0x0000, 0x0000, 0x0020, 0x1082, 0x0020, 0x0841, 0x0841, 0x0800, 0x1800, 0x4000, 0x4800, 0x5800, 0xC800, 0xF8C3, 0xFCAD, 0xFC4B,
  0xF060, 0xF000, 0xD000, 0xC800, 0xA000, 0x4000, 0x0800, 0x0020, 0x0000, 0x1925, 0x08A3, 0x0041, 0x0020, 0x0020, 0x0020, 0x0000,
  0x0000, 0x0000, 0x0020, 0x0000, 0x0000, 0x0000, 0x1020, 0x2040, 0x1800, 0x0020, 0x0020, 0x0020, 0x0841, 0x0841, 0x0861, 0x0841,
  0x0861, 0x0861, 0x1082, 0x0841, 0x0861, 0x1082, 0x0841, 0x10A3, 0x10A2, 0x10A2, 0x10A3, 0x0861, 0x5020, 0x7000, 0x6820, 0x6800,
  0x4020, 0x30C2, 0x2081, 0x2882, 0x20A2, 0x1040, 0x1041, 0x1041, 0x1861, 0x1861, 0x1881, 0x0841, 0x1082, 0x0841, 0x1061, 0x1081,
  0x0820, 0x0840, 0x0000, 0x0820, 0x0000, 0x1061, 0x1020, 0x0820, 0x0820, 0x1061, 0x1882, 0x1861, 0x1041, 0x2081, 0x0820, 0x28E3,
  0x1040, 0x0800, 0x1061, 0x1881, 0x1861, 0x20A2, 0x3103, 0x3903, 0x49A5, 0x3103, 0x28C2, 0x4164, 0x3103, 0x49A6, 0x4144, 0x51C5,
  0x51A5, 0x3923, 0x4144, 0x49A5, 0x4985, 0x4164, 0x4144, 0x4123, 0x30A1, 0x5184, 0x2881, 0x6184, 0x4985, 0x1040, 0x2081, 0x8226,
  0xA309, 0x6184, 0x30A1, 0x1020, 0x1840, 0x1840, 0x4923, 0x1860, 0x2060, 0x1840, 0x1020, 0x1840, 0x1020, 0x0820, 0x1840, 0x58E1,
  0x7122, 0xCB49, 0xA266, 0xA1C3, 0xD307, 0x79C5, 0x9AC8, 0x9A46, 0x5943, 0x1881, 0x20C2, 0x2903, 0x3964, 0x3102, 0x51C5, 0x5A47,
  0x5206, 0x732B, 0x7BAD, 0x6B0B, 0x4A27, 0x3040, 0xCA26, 0xD30A, 0xB0C2, 0x5040, 0x1861, 0x2166, 0x10C3, 0x6B8E, 0xA555, 0x9CD3,
  0x8C72, 0x630C, 0x528A, 0x39C7, 0x18C3, 0x0020, 0x0000, 0x0000, 0x0000, 0x0861, 0x2986, 0x2965, 0x10A2, 0x0820, 0x0000, 0x0000,
  0x0000, 0x0020, 0x10A2, 0x2104, 0x2124, 0x10A2, 0x0861, 0x2124, 0x1904, 0x18E3, 0x1904, 0x1082, 0x0000, 0x2124, 0x10A2, 0x0000,
  0x0020, 0x0020, 0x0841, 0x0020, 0x0020, 0x10C3, 0x10C3, 0x10C3, 0x10C3, 0x10A3, 0x10A3, 0x10A3, 0x10A3, 0x10A3, 0x10A3, 0x10A3,
  0x10C3, 0x10C3, 0x10C3, 0x10C3, 0x10A3, 0x10A3, 0x0882, 0x0882, 0x0862, 0x0862, 0x0861, 0x0041, 0x0861, 0x0020, 0x0000, 0x0000,
  0x0000, 0x0000, 0x0000, 0x10A2, 0x0020, 0x0800, 0x2000, 0x3000, 0x3800, 0x6000, 0x6800, 0x5800, 0xB800, 0xF821, 0xFA66, 0xFC09,
  0xF8A1, 0xF000, 0xC000, 0x9000, 0x6000, 0x1800, 0x0020, 0x0000, 0x0041, 0x29A7, 0x1925, 0x0021, 0x0000, 0x0020, 0x0000, 0x0000,
  0x0000, 0x0000, 0x0000, 0x0000, 0x0000, 0x0020, 0x0841, 0x1081, 0x0820, 0x0020, 0x0020, 0x0841, 0x1081, 0x0040, 0x0861, 0x0861,
  0x0841, 0x1082, 0x18E3, 0x10C3, 0x0841, 0x0861, 0x0841, 0x0861, 0x1082, 0x0861, 0x0841, 0x0882, 0x4041, 0x8840, 0x7020, 0x5000,
  0x3041, 0x38E3, 0x28C3, 0x28A2, 0x20A2, 0x2061, 0x2861, 0x1861, 0x20A2, 0x1861, 0x1082, 0x18C2, 0x18A2, 0x1041, 0x0820, 0x0820,
  0x0840, 0x1041, 0x1061, 0x0840, 0x0000, 0x0820, 0x0820, 0x0820, 0x0820, 0x0000, 0x0820, 0x1061, 0x1040, 0x20A2, 0x1061, 0x20A2,
  0x1061, 0x0020, 0x1061, 0x0820, 0x2081, 0x1861, 0x1861, 0x3924, 0x28C2, 0x20C2, 0x0820, 0x30E3, 0x30E3, 0x2081, 0x3924, 0x28C2,
  0x3103, 0x3944, 0x1040, 0x28C2, 0x61E5, 0x2081, 0x30C2, 0x4944, 0x2060, 0x4103, 0x4964, 0x3860, 0x3103, 0x28A2, 0x1020, 0x5943,
  0x71A4, 0x48C2, 0x28A1, 0x1840, 0x2061, 0x0800, 0x2081, 0x2081, 0x1000, 0x1840, 0x1840, 0x2881, 0x2880, 0x30A1, 0x5922, 0xA1A3,
  0x7183, 0x59C5, 0x69C5, 0x8962, 0x9141, 0x9A46, 0xBAE7, 0x40A0, 0x1840, 0x30E2, 0x41A5, 0x6288, 0x5227, 0x6267, 0x5A27, 0x6B0B,
  0x5A89, 0x3964, 0x5206, 0x6ACA, 0x49E6, 0x3903, 0x2800, 0x3861, 0x28E4, 0x52EC, 0x632D, 0x4249, 0x4229, 0x8431, 0x8410, 0xB596,
  0x8430, 0x4A8A, 0x31C7, 0x2104, 0x10A2, 0x0020, 0x0020, 0x0882, 0x0000, 0x0000, 0x0000, 0x0020, 0x0000, 0x0840, 0x10A3, 0x2125,
  0x18C3, 0x0841, 0x0861, 0x2104, 0x2124, 0x0020, 0x0861, 0x0881, 0x0841, 0x2145, 0x1082, 0x0020, 0x1082, 0x1082, 0x0000, 0x0000,
  0x0840, 0x0861, 0x1061, 0x0841, 0x10A3, 0x10C3, 0x10C3, 0x10C3, 0x10C3, 0x10C3, 0x10A3, 0x10A3, 0x10A3, 0x10A3, 0x08A2, 0x10A2,
  0x10A3, 0x10C3, 0x10C3, 0x10A3, 0x10A3, 0x0882, 0x0882, 0x0882, 0x0862, 0x0861, 0x0841, 0x0041, 0x0841, 0x0000, 0x0000, 0x0000,
  0x0000, 0x0000, 0x0000, 0x1082, 0x0841, 0x0800, 0x5800, 0x6000, 0x4800, 0x6000, 0x9000, 0x6000, 0xA800, 0xF820, 0xF123, 0xF983,
  0xF020, 0xD800, 0x9000, 0x6000, 0x3000, 0x0820, 0x0000, 0x0000, 0x10A2, 0x0882, 0x0882, 0x0041, 0x0020, 0x0020, 0x0000, 0x0000,
  0x0000, 0x0820, 0x0000, 0x0000, 0x0000, 0x0840, 0x0840, 0x0041, 0x0020, 0x0882, 0x0861, 0x0841, 0x0861, 0x0000, 0x0020, 0x1082,
  0x10A2, 0x10A2, 0x10A2, 0x0862, 0x1082, 0x0000, 0x0020, 0x0020, 0x0861, 0x10A2, 0x18C3, 0x10A2, 0x1881, 0x4020, 0x5820, 0x2800,
  0x20C2, 0x3124, 0x20E3, 0x20C3, 0x1861, 0x2082, 0x48C2, 0x40A2, 0x1861, 0x28A2, 0x1061, 0x18C2, 0x20E3, 0x1081, 0x1041, 0x0820,
  0x0820, 0x1041, 0x1882, 0x1881, 0x0840, 0x0000, 0x0000, 0x0000, 0x0840, 0x1040, 0x1040, 0x1861, 0x1040, 0x1861, 0x1861, 0x0820,
  0x1041, 0x1881, 0x1061, 0x0820, 0x1881, 0x0820, 0x0800, 0x28C2, 0x1040, 0x28E3, 0x20C2, 0x3903, 0x38E3, 0x1860, 0x2881, 0x3903,
  0x0820, 0x3903, 0x1861, 0x0800, 0x5984, 0x5184, 0x1820, 0x4123, 0x28A1, 0x1020, 0x4944, 0x40E2, 0x1020, 0x28A1, 0x1840, 0x2881,
  0x6143, 0x40C1, 0x2881, 0x2061, 0x1840, 0x1020, 0x0820, 0x1840, 0x1020, 0x1020, 0x1020, 0x3081, 0x48E2, 0x7102, 0xA246, 0xB40D,
  0x7A67, 0x40C1, 0x79A3, 0xA265, 0x48E2, 0x38A1, 0x2040, 0x20C2, 0x41A5, 0x6288, 0x6AA9, 0x49A5, 0x51C5, 0x4184, 0x20A1, 0x5A27,
  0x7B4B, 0x6AA8, 0x49E6, 0x1061, 0x20E3, 0x4A07, 0x4A8A, 0x73EF, 0x52CB, 0xA534, 0x5ACB, 0x10C3, 0x632D, 0xDEFB, 0x73AE, 0x630C,
  0x528A, 0x4A6A, 0x39E8, 0x31A6, 0x0841, 0x0000, 0x0020, 0x1082, 0x18E3, 0x18C3, 0x0000, 0x0000, 0x0000, 0x2124, 0x2986, 0x2145,
  0x4229, 0x2945, 0x0000, 0x0841, 0x0020, 0x0000, 0x0000, 0x0000, 0x1082, 0x2104, 0x1061, 0x0020, 0x10A2, 0x0000, 0x0840, 0x1081,
  0x18E3, 0x2104, 0x18C3, 0x08C3, 0x08E3, 0x10E4, 0x18E4, 0x18C3, 0x10C3, 0x10C3, 0x10A3, 0x10A3, 0x10A3, 0x0882, 0x0882, 0x0882,
  0x10A3, 0x10A3, 0x10A3, 0x10A3, 0x08A3, 0x0882, 0x0882, 0x0862, 0x0862, 0x0841, 0x0041, 0x0841, 0x0862, 0x0000, 0x0000, 0x0000,
  0x0000, 0x0000, 0x0000, 0x0000, 0x0861, 0x1000, 0x5800, 0x7000, 0x5000, 0x5800, 0x9000, 0x6800, 0x8800, 0xE800, 0xF840, 0xF020,
  0xE000, 0xB000, 0x7800, 0x4800, 0x1000, 0x0020, 0x0000, 0x0041, 0x2125, 0x0882, 0x0021, 0x0021, 0x0020, 0x0000, 0x0000, 0x0000,
  0x0020, 0x0840, 0x0000, 0x0800, 0x1000, 0x2820, 0x2820, 0x1041, 0x0861, 0x10C3, 0x0861, 0x0020, 0x0841, 0x0000, 0x0020, 0x18C3,
  0x18C3, 0x18E4, 0x10A2, 0x0861, 0x10A3, 0x0841, 0x0841, 0x0841, 0x0881, 0x1082, 0x2104, 0x10A2, 0x1082, 0x1082, 0x20A2, 0x18A2,
  0x1882, 0x20E3, 0x28E3, 0x40E3, 0x2061, 0x18A2, 0x20A2, 0x28A2, 0x2881, 0x3082, 0x2882, 0x18A2, 0x20C3, 0x1882, 0x28A2, 0x20A2,
  0x1040, 0x0820, 0x0840, 0x1061, 0x1061, 0x0840, 0x1041, 0x1041, 0x1041, 0x1061, 0x1040, 0x0820, 0x0000, 0x0820, 0x1841, 0x0800,
  0x1061, 0x1861, 0x1040, 0x0820, 0x1041, 0x0000, 0x0800, 0x2081, 0x1020, 0x1861, 0x3923, 0x2881, 0x5164, 0x1860, 0x1840, 0x3903,
  0x0800, 0x1840, 0x38E2, 0x1020, 0x2060, 0x61A4, 0x28A1, 0x1840, 0x2081, 0x0800, 0x2081, 0x40E2, 0x1840, 0x2081, 0x0800, 0x1040,
  0x40C2, 0x30A1, 0x2881, 0x2060, 0x1020, 0x1820, 0x2060, 0x2040, 0x2880, 0x2880, 0x2880, 0x5102, 0x9A05, 0x9163, 0x5902, 0x9205,
  0xA286, 0x7183, 0x91C3, 0x50C0, 0x2061, 0x2903, 0x49E6, 0x7B6C, 0x5206, 0x5A47, 0x5206, 0x3923, 0x51E5, 0x83AC, 0x72E9, 0x8BAD,
  0x6AA9, 0x2903, 0x3123, 0x71A4, 0xC34A, 0xA42F, 0x7BF0, 0x3186, 0x94B3, 0xAD96, 0x630C, 0x31A7, 0x2945, 0x6B4D, 0x738E, 0x4A69,
  0x39C7, 0x39C7, 0x31C7, 0x18E3, 0x0000, 0x0000, 0x0882, 0x18E4, 0x10A2, 0x0861, 0x0020, 0x0020, 0x10C3, 0x1904, 0x2986, 0x4249,
  0x3A08, 0x2966, 0x18E3, 0x0000, 0x0000, 0x0000, 0x0000, 0x0841, 0x0000, 0x0820, 0x0000, 0x0841, 0x0861, 0x0020, 0x1082, 0x20E3,
  0x10A2, 0x18E3, 0x3082, 0x6820, 0x4882, 0x1862, 0x0882, 0x10C3, 0x18E4, 0x18C3, 0x10C3, 0x10A3, 0x10A3, 0x08A2, 0x0882, 0x0882,
  0x0882, 0x10A3, 0x10A3, 0x10A3, 0x0882, 0x0882, 0x0862, 0x0862, 0x0841, 0x0841, 0x0041, 0x0862, 0x0861, 0x0000, 0x0000, 0x0000,
  0x0000, 0x0000, 0x0000, 0x0000, 0x10A2, 0x0800, 0x5000, 0x8800, 0x6800, 0x6000, 0x8800, 0x7800, 0x6800, 0xB800, 0xF000, 0xE800,
  0xB000, 0x8000, 0x5800, 0x2000, 0x0841, 0x0000, 0x0000, 0x10E4, 0x1904, 0x10A3, 0x0021, 0x0000, 0x0020, 0x0000, 0x0000, 0x0020,
  0x0840, 0x0000, 0x0800, 0x2800, 0x2040, 0x30E3, 0x4040, 0x5020, 0x1841, 0x1082, 0x0861, 0x0862, 0x0862, 0x0862, 0x0000, 0x0861,
  0x18C3, 0x10A2, 0x10A2, 0x1082, 0x10A2, 0x1082, 0x10A2, 0x0841, 0x0861, 0x0020, 0x0841, 0x18C3, 0x1082, 0x0861, 0x20E3, 0x2104,
  0x1061, 0x20A2, 0x5903, 0x58A2, 0x28C3, 0x2104, 0x18A2, 0x10A2, 0x28C2, 0x38A2, 0x40E3, 0x2082, 0x1061, 0x2904, 0x28A2, 0x30C2,
  0x30C3, 0x20A2, 0x0020, 0x0840, 0x1061, 0x1061, 0x1061, 0x0820, 0x1061, 0x1040, 0x1061, 0x1040, 0x0820, 0x0000, 0x0820, 0x0000,
  0x1040, 0x1020, 0x0820, 0x0840, 0x1040, 0x0000, 0x0820, 0x2081, 0x1040, 0x0800, 0x2081, 0x1861, 0x28A1, 0x2081, 0x0800, 0x28A1,
  0x1040, 0x1020, 0x40E2, 0x2881, 0x1861, 0x30A1, 0x4103, 0x0000, 0x1020, 0x0820, 0x1840, 0x40E2, 0x2881, 0x1840, 0x0800, 0x1020,
  0x1840, 0x2040, 0x2060, 0x1840, 0x1840, 0x2040, 0x2040, 0x2840, 0x50C1, 0x5163, 0x6A06, 0x81C4, 0xBAA7, 0xAB2A, 0x92A8, 0xCAE7,
  0x60C0, 0x2060, 0x4143, 0x41A5, 0x51E6, 0x6288, 0x49C6, 0x5247, 0x49C5, 0x940E, 0x6268, 0x59E5, 0x9B8A, 0x5227, 0x5A27, 0x51E6,
  0x28C2, 0x20A1, 0x99E5, 0xFD52, 0xE552, 0x9C30, 0x7BF0, 0xB5D7, 0xA555, 0x39E7, 0x4A8A, 0x52CB, 0x0861, 0x2124, 0x52AA, 0x3186,
  0x5ACB, 0x3165, 0x1081, 0x0000, 0x0000, 0x0862, 0x2145, 0x2986, 0x2125, 0x10C3, 0x0041, 0x18C3, 0x31A7, 0x2986, 0x31C7, 0x6B8E,
  0x3A08, 0x3A08, 0x2104, 0x0000, 0x0000, 0x0841, 0x18E3, 0x4208, 0x1082, 0x0000, 0x0000, 0x0000, 0x0861, 0x1082, 0x0861, 0x3186,
  0x18E3, 0x3800, 0x9821, 0xE0C3, 0xE208, 0xBA8B, 0x6986, 0x28A3, 0x0882, 0x0882, 0x08A3, 0x10A3, 0x10A3, 0x08A2, 0x0882, 0x0882,
  0x0882, 0x0882, 0x0882, 0x0882, 0x0882, 0x0882, 0x0862, 0x0861, 0x0041, 0x0041, 0x0021, 0x10A2, 0x0020, 0x0000, 0x0000, 0x0000,
  0x0000, 0x0000, 0x0000, 0x0000, 0x18A2, 0x0841, 0x3800, 0x9000, 0x8000, 0x6800, 0x7800, 0x9000, 0x6000, 0x8000, 0xD000, 0xB800,
  0x8000, 0x5000, 0x2000, 0x0820, 0x0820, 0x0000, 0x0021, 0x10E4, 0x0882, 0x0862, 0x0000, 0x0000, 0x0000, 0x0000, 0x0000, 0x0861,
  0x0861, 0x0000, 0x2000, 0x3061, 0x20E3, 0x2104, 0x3800, 0x98E2, 0x68A2, 0x1041, 0x0862, 0x10C3, 0x10A3, 0x10A3, 0x0020, 0x0020,
  0x10C3, 0x10A2, 0x0882, 0x0882, 0x18C3, 0x18E3, 0x18E3, 0x10C3, 0x0861, 0x0000, 0x0000, 0x1082, 0x0861, 0x0841, 0x18C3, 0x2104,
  0x2061, 0x5103, 0x5103, 0x28A2, 0x2104, 0x2945, 0x20E3, 0x1061, 0x18C3, 0x2904, 0x3965, 0x30C2, 0x1820, 0x3144, 0x28E3, 0x20A2,
  0x20A2, 0x20C2, 0x20A2, 0x30A2, 0x3081, 0x1861, 0x2881, 0x2081, 0x1861, 0x1041, 0x1861, 0x1040, 0x1061, 0x1041, 0x1020, 0x1020,
  0x0820, 0x0820, 0x1020, 0x0000, 0x1040, 0x1040, 0x0800, 0x0820, 0x1020, 0x0000, 0x1040, 0x1861, 0x1020, 0x1040, 0x0800, 0x1861,
  0x1040, 0x1020, 0x2861, 0x2881, 0x1840, 0x0820, 0x2081, 0x1020, 0x0800, 0x1040, 0x1020, 0x2861, 0x28A1, 0x1020, 0x1040, 0x1840,
  0x1820, 0x1020, 0x1840, 0x2040, 0x2840, 0x3881, 0x40C1, 0x5102, 0x6902, 0x81C5, 0x8AEA, 0x9B0A, 0x9AC8, 0x69C4, 0x6984, 0x6122,
  0x28C2, 0x20C2, 0x5A89, 0x6ACA, 0x5206, 0x49C5, 0x5A47, 0x8BCD, 0x9C70, 0x838C, 0x6267, 0x6A88, 0x7B0A, 0x1840, 0x1861, 0x51E6,
  0x836C, 0xB42F, 0xF44E, 0xCCD1, 0xBD95, 0x73AE, 0x4A49, 0x738D, 0x73AE, 0x7BEF, 0xA534, 0x73AE, 0x31A6, 0x0000, 0x1082, 0x18A2,
  0x1061, 0x0000, 0x0000, 0x0020, 0x2145, 0x2166, 0x1904, 0x39E8, 0x31A7, 0x31A7, 0x1082, 0x2125, 0x2986, 0x4A69, 0x52AB, 0x4249,
  0x2104, 0x2104, 0x0841, 0x0000, 0x0841, 0x18C3, 0x2965, 0x2965, 0x10A2, 0x0000, 0x0000, 0x0861, 0x10A2, 0x18C3, 0x18C3, 0x2124,
  0x5841, 0xD105, 0xF26B, 0xF3D0, 0xFBF0, 0xFCD3, 0xFD14, 0xECD3, 0xB3EF, 0x6A4A, 0x3105, 0x10A3, 0x10A3, 0x0882, 0x0882, 0x0882,
  0x0882, 0x0882, 0x0882, 0x0882, 0x0882, 0x0862, 0x0862, 0x0041, 0x0041, 0x0021, 0x0041, 0x1082, 0x0000, 0x0000, 0x0000, 0x0000,
  0x0000, 0x0000, 0x0000, 0x0000, 0x0841, 0x10A2, 0x2000, 0x8000, 0x8800, 0x7000, 0x6000, 0x9000, 0x7000, 0x6000, 0x8800, 0x8000,
  0x5800, 0x2800, 0x0800, 0x1041, 0x0800, 0x0020, 0x2145, 0x10E4, 0x0020, 0x0000, 0x0020, 0x0000, 0x0000, 0x0000, 0x0020, 0x1040,
  0x0000, 0x0800, 0x1800, 0x2882, 0x2944, 0x2103, 0x3081, 0x9040, 0x6841, 0x1061, 0x0841, 0x10A2, 0x10A3, 0x0841, 0x0041, 0x0020,
  0x0861, 0x18C3, 0x1082, 0x10A2, 0x2945, 0x18E4, 0x1904, 0x10C3, 0x10A2, 0x0862, 0x0000, 0x10A2, 0x2104, 0x10A2, 0x10A2, 0x20E3,
  0x48C3, 0x71E6, 0x28C3, 0x18A2, 0x2103, 0x18C2, 0x2904, 0x2104, 0x18A2, 0x28E3, 0x30C2, 0x6840, 0x8840, 0x4061, 0x20C2, 0x3986,
  0x2103, 0x1840, 0x28A2, 0x28C3, 0x2082, 0x2081, 0x3903, 0x4103, 0x38C2, 0x2082, 0x1881, 0x1041, 0x1881, 0x2082, 0x1040, 0x1040,
  0x1020, 0x1040, 0x1020, 0x0820, 0x1020, 0x2081, 0x0820, 0x0800, 0x0820, 0x1040, 0x0820, 0x1020, 0x0820, 0x0800, 0x1020, 0x0820,
  0x1040, 0x1020, 0x1840, 0x2060, 0x1840, 0x0000, 0x0800, 0x1020, 0x0820, 0x1820, 0x1820, 0x1020, 0x1820, 0x0800, 0x1020, 0x1020,
  0x1820, 0x2040, 0x38E2, 0x4123, 0x5164, 0x5122, 0x79E5, 0x9246, 0x9267, 0xAA26, 0x8143, 0x6963, 0x89E4, 0x48C1, 0x2040, 0x41E6,
  0x6B2B, 0x3985, 0x41A5, 0x5A48, 0x6288, 0x944F, 0x734B, 0x732B, 0xA490, 0x5A47, 0x1860, 0x30E2, 0x8B0A, 0x7AC9, 0x830A, 0x93AC,
  0xACF2, 0xA490, 0xA42E, 0x51E6, 0x630C, 0x4A48, 0x5AEB, 0xC638, 0xBE18, 0x31A6, 0x4A48, 0x4A28, 0x39C7, 0x0020, 0x0000, 0x0000,
  0x0020, 0x0021, 0x0000, 0x10A2, 0x2986, 0x52AB, 0x4249, 0x4A6A, 0x2986, 0x2145, 0x0020, 0x18C3, 0x2125, 0x39E8, 0x31A6, 0x4249,
  0x31A7, 0x18E3, 0x0000, 0x0841, 0x1904, 0x2124, 0x2124, 0x1081, 0x0020, 0x0000, 0x1082, 0x2124, 0x1082, 0x1082, 0x0861, 0x3840,
  0xC862, 0xE904, 0xE146, 0xD146, 0xC125, 0xBA08, 0xB228, 0xA228, 0x8A28, 0x79E8, 0x4145, 0x10A3, 0x10A3, 0x0882, 0x0882, 0x0882,
  0x0882, 0x0882, 0x0882, 0x0882, 0x0862, 0x0862, 0x0861, 0x0041, 0x0041, 0x0020, 0x0841, 0x0841, 0x0000, 0x0000, 0x0000, 0x0000,
  0x0000, 0x0000, 0x0000, 0x0000, 0x0000, 0x18C3, 0x0820, 0x4800, 0x8800, 0x7800, 0x5800, 0x8000, 0x8800, 0x6800, 0x6800, 0x5000,
  0x2000, 0x1020, 0x1861, 0x0820, 0x0000, 0x10A3, 0x10A3, 0x0862, 0x0020, 0x0020, 0x0020, 0x0000, 0x0000, 0x0800, 0x2820, 0x2020,
  0x0800, 0x1800, 0x1000, 0x3020, 0x3861, 0x2904, 0x2944, 0x5081, 0x4040, 0x1081, 0x1082, 0x18C3, 0x0861, 0x0020, 0x0841, 0x0841,
  0x0000, 0x0020, 0x18C3, 0x10C3, 0x10A2, 0x1082, 0x1082, 0x0841, 0x0861, 0x2124, 0x1082, 0x0000, 0x0861, 0x18E3, 0x0041, 0x1041,
  0x6945, 0x69C6, 0x28C3, 0x18A2, 0x20C2, 0x3104, 0x38E3, 0x5104, 0x4103, 0x30E3, 0x5861, 0xA840, 0xD881, 0x9881, 0x3082, 0x18A2,
  0x18C2, 0x40E3, 0x7144, 0x3881, 0x1081, 0x28E3, 0x30E3, 0x30E3, 0x30C2, 0x3103, 0x20C2, 0x1861, 0x1881, 0x2081, 0x2081, 0x28C2,
  0x2081, 0x1881, 0x1861, 0x1840, 0x1040, 0x1861, 0x1840, 0x1040, 0x1020, 0x2061, 0x2061, 0x0820, 0x1040, 0x1020, 0x1840, 0x1020,
  0x1840, 0x2060, 0x1840, 0x2040, 0x1840, 0x1840, 0x0800, 0x1020, 0x1820, 0x2040, 0x1840, 0x2861, 0x3081, 0x38C1, 0x30A1, 0x30A2,
  0x4903, 0x4923, 0x5185, 0x49A5, 0x7AA9, 0x9287, 0xA9E4, 0xAB2A, 0x82E9, 0x99E4, 0x8142, 0x4923, 0x38C2, 0x3103, 0x3944, 0x49A5,
  0x41A5, 0x8C0F, 0x8BEE, 0x6248, 0x6268, 0x5227, 0x0820, 0x1861, 0x4164, 0x49C6, 0x6288, 0xB36B, 0xC3AC, 0x8B8C, 0x3964, 0x49E6,
  0x5AA9, 0x41A5, 0x51A5, 0x4924, 0x3165, 0x41C6, 0x6B2C, 0x7BCE, 0x73AE, 0x39E7, 0x3165, 0x10A2, 0x0020, 0x0841, 0x0000, 0x18E4,
  0x18E3, 0x10C3, 0x10C3, 0x1904, 0x3A08, 0x4A6A, 0x4A6A, 0x2986, 0x10C3, 0x2124, 0x0841, 0x0000, 0x18E3, 0x31A7, 0x2124, 0x3A08,
  0x2965, 0x0000, 0x0000, 0x0882, 0x18E4, 0x0841, 0x0020, 0x0000, 0x0020, 0x2124, 0x2104, 0x2125, 0x2104, 0x2965, 0x10A2, 0x2800,
  0x5841, 0x5841, 0x5040, 0x5000, 0x4000, 0x3800, 0x2821, 0x1841, 0x0841, 0x0062, 0x08A3, 0x10A3, 0x0882, 0x0882, 0x0882, 0x0882,
  0x0882, 0x0882, 0x0882, 0x0882, 0x0862, 0x0862, 0x0841, 0x0041, 0x0041, 0x0020, 0x0862, 0x0000, 0x0000, 0x0000, 0x0000, 0x0000,
  0x0000, 0x0000, 0x0000, 0x0000, 0x0000, 0x1082, 0x1061, 0x1000, 0x6000, 0x9000, 0x8800, 0x6800, 0x7800, 0x7000, 0x3800, 0x1000,
  0x1041, 0x28A2, 0x1020, 0x0000, 0x0841, 0x18E4, 0x0882, 0x0020, 0x0000, 0x0020, 0x0000, 0x0000, 0x0000, 0x0820, 0x1020, 0x0800,
  0x1000, 0x1800, 0x1000, 0x2820, 0x4820, 0x30C3, 0x2144, 0x30A2, 0x4020, 0x1881, 0x2965, 0x2945, 0x0861, 0x0841, 0x0841, 0x10A2,
  0x0861, 0x0020, 0x10A2, 0x18E4, 0x10C3, 0x1082, 0x0041, 0x0000, 0x0020, 0x10A2, 0x2986, 0x2945, 0x0000, 0x0861, 0x1082, 0x1861,
  0x7985, 0x71A6, 0x2082, 0x2082, 0x38E3, 0x4924, 0x4903, 0x7124, 0x7904, 0x38E3, 0x5861, 0xB881, 0xE0C1, 0xB020, 0x60C3, 0x3965,
  0x3124, 0x2903, 0x4144, 0x7903, 0x58C2, 0x3924, 0x3124, 0x28E3, 0x20A2, 0x2082, 0x2082, 0x20A2, 0x28A2, 0x3924, 0x30E3, 0x20A2,
  0x28A2, 0x40C2, 0x30A1, 0x2881, 0x2881, 0x2081, 0x2081, 0x2881, 0x2861, 0x2861, 0x2040, 0x2040, 0x1020, 0x1840, 0x2881, 0x30A1,
  0x2881, 0x2861, 0x1840, 0x1820, 0x1840, 0x2060, 0x30A1, 0x2040, 0x3081, 0x40E2, 0x30C1, 0x38C1, 0x5102, 0xA1E4, 0x99C4, 0x6A07,
  0x9A06, 0x7A47, 0x7AEA, 0x61C5, 0x48E2, 0x3880, 0x5102, 0x8288, 0xD3CA, 0xC264, 0x5943, 0x3944, 0x4185, 0x5227, 0x7B2B, 0x7B4B,
  0x6289, 0x734C, 0x6A88, 0x4984, 0x5A06, 0x6247, 0x51C5, 0x5A06, 0x6AC9, 0x940F, 0x9BEE, 0x930A, 0x6A68, 0x3144, 0x1040, 0x838D,
  0x5A68, 0x71E6, 0xEDF6, 0xF44F, 0x9902, 0x3103, 0x41E7, 0x39A5, 0x2924, 0x18C2, 0x0020, 0x0000, 0x0841, 0x0840, 0x10A2, 0x31A7,
  0x10A2, 0x1904, 0x31A7, 0x18E3, 0x2965, 0x2145, 0x31C7, 0x4229, 0x2966, 0x10A2, 0x0000, 0x0020, 0x0020, 0x0041, 0x1082, 0x18E3,
  0x0841, 0x18E3, 0x0861, 0x0000, 0x0020, 0x0020, 0x0000, 0x0000, 0x10A2, 0x39C7, 0x10A2, 0x10A2, 0x39E7, 0x2104, 0x10A2, 0x18E3,
  0x0882, 0x18A2, 0x1882, 0x1062, 0x0882, 0x08A3, 0x08C3, 0x10C3, 0x10C3, 0x10C3, 0x10A3, 0x10A3, 0x0882, 0x0882, 0x0862, 0x0882,
  0x0882, 0x0882, 0x0882, 0x0882, 0x0862, 0x0862, 0x0041, 0x0041, 0x0021, 0x0041, 0x1061, 0x0000, 0x0000, 0x0000, 0x0000, 0x0000,
  0x0000, 0x0000, 0x0000, 0x0000, 0x0000, 0x0020, 0x18A2, 0x0000, 0x2000, 0x7000, 0x9000, 0x9000, 0x7800, 0x3800, 0x0800, 0x1041,
  0x1841, 0x1000, 0x0800, 0x0000, 0x10C3, 0x1904, 0x0862, 0x0020, 0x0000, 0x0020, 0x0000, 0x0000, 0x0020, 0x0020, 0x0000, 0x0800,
  0x1000, 0x1020, 0x20A2, 0x1020, 0x2000, 0x20A2, 0x20E3, 0x3061, 0x3800, 0x20E3, 0x2945, 0x1082, 0x0000, 0x0861, 0x0861, 0x2124,
  0x1082, 0x0841, 0x0841, 0x0861, 0x0882, 0x0861, 0x0861, 0x1082, 0x10A2, 0x18C3, 0x18E3, 0x2124, 0x1082, 0x0000, 0x0861, 0x1061,
  0x3924, 0x51E7, 0x2882, 0x40A2, 0x40E3, 0x6124, 0x4903, 0x3104, 0x4924, 0x28E3, 0x4861, 0xB081, 0xA8A2, 0xD103, 0x8881, 0x51C6,
  0x3965, 0x3986, 0x2965, 0x3124, 0x40C2, 0x5123, 0x4944, 0x28E3, 0x28E3, 0x28A2, 0x40E3, 0x5165, 0x4124, 0x5944, 0x48E3, 0x30C3,
  0x4104, 0x40C2, 0x48C2, 0x38C2, 0x30C2, 0x48A1, 0x4881, 0x40A1, 0x40C2, 0x30A2, 0x28C2, 0x30A1, 0x6902, 0x48A1, 0x2881, 0x30A2,
  0x48E2, 0x48A1, 0x48E2, 0x28A1, 0x5923, 0x6923, 0x6164, 0x5164, 0x5903, 0x71C5, 0x5164, 0x6A06, 0x8287, 0xA2C7, 0xCB29, 0xC38B,
  0xCBAB, 0x71C5, 0x8268, 0x91E5, 0x7102, 0x61C5, 0x8B8C, 0x5964, 0x58E2, 0x4943, 0x3144, 0x6289, 0x8BEF, 0x83AE, 0x9430, 0x49C6,
  0x1060, 0x1020, 0x51E6, 0x6B0B, 0x6288, 0x6247, 0x93CC, 0x72EA, 0x6AEA, 0x838D, 0x5A47, 0x62A9, 0x6B0B, 0x4A06, 0x6288, 0x62EA,
  0x4881, 0xFCF1, 0xF533, 0xD9A5, 0xD903, 0x51A6, 0x1924, 0x0000, 0x0000, 0x0000, 0x0020, 0x0020, 0x0882, 0x0020, 0x0861, 0x0862,
  0x2125, 0x3A08, 0x3A08, 0x18C3, 0x0020, 0x18E3, 0x2965, 0x4229, 0x18E3, 0x0020, 0x2145, 0x31C8, 0x2986, 0x0841, 0x0000, 0x0020,
  0x31A6, 0x3A29, 0x31A7, 0x0020, 0x0020, 0x0020, 0x0020, 0x0020, 0x0820, 0x18C2, 0x0861, 0x0861, 0x18C3, 0x0861, 0x3186, 0x2145,
  0x0882, 0x0862, 0x0062, 0x0062, 0x0882, 0x0882, 0x0882, 0x10A2, 0x10A3, 0x10A3, 0x08A2, 0x0882, 0x0882, 0x0882, 0x0882, 0x0882,
  0x0862, 0x0862, 0x0862, 0x0862, 0x0862, 0x0841, 0x0041, 0x0041, 0x0020, 0x0861, 0x0841, 0x0000, 0x0000, 0x0000, 0x0000, 0x0000,
  0x0000, 0x0000, 0x0000, 0x0000, 0x0000, 0x0000, 0x18C3, 0x1841, 0x1000, 0x2000, 0x3800, 0x4000, 0x2000, 0x1040, 0x1861, 0x1820,
  0x0800, 0x0000, 0x0000, 0x0882, 0x1904, 0x0862, 0x0020, 0x0020, 0x0000, 0x0000, 0x0000, 0x0020, 0x0841, 0x0020, 0x0000, 0x1000,
  0x1020, 0x18A2, 0x18A2, 0x0820, 0x1020, 0x18A2, 0x18C2, 0x1861, 0x1020, 0x2104, 0x18E3, 0x0861, 0x0020, 0x0020, 0x0862, 0x18E4,
  0x10C3, 0x10A3, 0x0041, 0x0020, 0x0000, 0x1082, 0x10A2, 0x10A3, 0x1082, 0x18E3, 0x2986, 0x10C3, 0x1082, 0x0020, 0x0020, 0x0861,
  0x0000, 0x0841, 0x20A2, 0x40E3, 0x40C3, 0x7144, 0x6924, 0x30C3, 0x3924, 0x3986, 0x58E3, 0xC0A1, 0xA8C2, 0x9903, 0x71A6, 0x59E7,
  0x4144, 0x3985, 0x526A, 0x5ACB, 0x4A49, 0x38E3, 0x6944, 0x40C2, 0x3903, 0x30C2, 0x58E2, 0x71A5, 0x7964, 0xA0E2, 0x78A1, 0x5985,
  0x61A6, 0x8164, 0x7164, 0x4103, 0x8102, 0xB923, 0x8984, 0x30C2, 0x41A6, 0x2944, 0x3124, 0x3944, 0x7163, 0x9983, 0x40C1, 0x3144,
  0x6248, 0x79E6, 0x7184, 0x61A5, 0x7247, 0xA2E9, 0xAA26, 0x8184, 0x7164, 0x9247, 0x932A, 0x832B, 0x7268, 0x8AC8, 0xCC6E, 0xED71,
  0xA1E4, 0x99A4, 0x68C1, 0x4860, 0x5964, 0x8B4B, 0x72A9, 0x5A06, 0x5248, 0x2924, 0x41C5, 0x62A9, 0x734C, 0x734C, 0x62CA, 0x62EA,
  0x5248, 0x62CA, 0x83AD, 0x72C9, 0x4164, 0x5A48, 0x7BEF, 0x49E7, 0x7AA9, 0x8AEA, 0x5AAA, 0x630B, 0x41C6, 0x7B4B, 0x8BCD, 0x4A28,
  0x6207, 0xCA46, 0xA840, 0xC0A1, 0x9903, 0x0861, 0x0000, 0x0861, 0x4A49, 0x630C, 0x31A7, 0x39E8, 0x1082, 0x0841, 0x2986, 0x2125,
  0x10A2, 0x29A6, 0x4A8A, 0x10A2, 0x0021, 0x2125, 0x18E3, 0x10C3, 0x0000, 0x2125, 0x4229, 0x31C7, 0x31C7, 0x2125, 0x0000, 0x2145,
  0x3A29, 0x18E3, 0x31C7, 0x10A2, 0x0020, 0x0020, 0x0020, 0x0882, 0x0000, 0x0000, 0x0841, 0x2103, 0x18C3, 0x0041, 0x0062, 0x0041,
  0x0041, 0x0041, 0x0061, 0x0862, 0x0882, 0x0862, 0x0882, 0x0882, 0x0882, 0x0882, 0x0882, 0x0882, 0x0882, 0x0882, 0x0882, 0x0882,
  0x0862, 0x0862, 0x0862, 0x0862, 0x0862, 0x0041, 0x0041, 0x0021, 0x0021, 0x0862, 0x0000, 0x0000, 0x0000, 0x0000, 0x0000, 0x0000,
  0x0000, 0x0000, 0x0000, 0x0000, 0x0000, 0x0000, 0x0041, 0x1882, 0x1000, 0x1800, 0x1000, 0x0800, 0x1020, 0x1841, 0x1020, 0x0800,
  0x0000, 0x0000, 0x0020, 0x10C3, 0x10C3, 0x0021, 0x0020, 0x0020, 0x0000, 0x0000, 0x0020, 0x0840, 0x1081, 0x0020, 0x0000, 0x0800,
  0x1020, 0x1061, 0x1861, 0x1020, 0x1020, 0x1081, 0x20C3, 0x1041, 0x0841, 0x2124, 0x10A2, 0x10A2, 0x10A2, 0x0000, 0x0841, 0x10A2,
  0x18C3, 0x2104, 0x10A2, 0x0041, 0x0841, 0x18E3, 0x2104, 0x58A2, 0x5861, 0x1861, 0x10A2, 0x18E3, 0x18E3, 0x18E4, 0x0861, 0x10A2,
  0x10A2, 0x10A2, 0x18C3, 0x18C3, 0x1882, 0x4145, 0x28C3, 0x4145, 0x4945, 0x51E7, 0x5165, 0x88C2, 0x5986, 0x51E7, 0x5269, 0x5A69,
  0x5A07, 0x51C6, 0x3944, 0x3145, 0x3124, 0x39A6, 0x51C6, 0x5985, 0x38E3, 0x3945, 0x6903, 0xB123, 0xB8E2, 0xB923, 0x8944, 0x6944,
  0x7985, 0xAA07, 0x7985, 0x80C1, 0xD206, 0x8227, 0x3144, 0x2904, 0x3145, 0x5228, 0x41A6, 0x4A07, 0x3965, 0x8AC9, 0x91E5, 0x30E3,
  0x4207, 0x6268, 0xBAC9, 0xB267, 0x61E6, 0x7247, 0x8267, 0xA32B, 0x9288, 0x89C5, 0x9A26, 0x8B0A, 0xABEE, 0xB2A8, 0xDB48, 0xEBC9,
  0xD2A5, 0xA286, 0x5964, 0x59C6, 0x59E5, 0x59A4, 0x2060, 0x4164, 0x6288, 0x5A27, 0x6288, 0x5A47, 0x6268, 0x3123, 0x4184, 0x8BEE,
  0x7B4B, 0x93AC, 0x82C7, 0x5A05, 0x62CB, 0x5248, 0xAB4C, 0xCB0A, 0xEAA8, 0xEACA, 0x92C9, 0x41E6, 0x732B, 0x6287, 0x6B0A, 0x9471,
  0x5AEB, 0x3164, 0x30A2, 0x4123, 0x20E3, 0x1904, 0x5AEB, 0x52AB, 0x7C10, 0xA555, 0x52AB, 0x4249, 0x2945, 0x0041, 0x1904, 0x31A7,
  0x2965, 0x1904, 0x1082, 0x0000, 0x0000, 0x0861, 0x1082, 0x0000, 0x0861, 0x2966, 0x2966, 0x6B6E, 0x52EC, 0x3A08, 0x1082, 0x2145,
  0x2125, 0x18E4, 0x31C7, 0x1904, 0x0000, 0x0000, 0x1904, 0x2125, 0x10A2, 0x0841, 0x0841, 0x0882, 0x0021, 0x0061, 0x0862, 0x0862,
  0x0862, 0x0062, 0x0062, 0x0862, 0x0862, 0x0862, 0x0882, 0x0882, 0x0882, 0x0882, 0x0882, 0x0882, 0x0882, 0x0882, 0x0882, 0x0882,
  0x0882, 0x0862, 0x0862, 0x0861, 0x0061, 0x0041, 0x0041, 0x0021, 0x0021, 0x0841, 0x0000, 0x0000, 0x0000, 0x0000, 0x0000, 0x0000,
  0x0000, 0x0000, 0x0000, 0x0000, 0x0000, 0x0000, 0x0000, 0x1082, 0x0820, 0x0800, 0x1000, 0x1000, 0x1000, 0x1000, 0x0800, 0x0000,
  0x0000, 0x0020, 0x10A3, 0x10A3, 0x0021, 0x0020, 0x0000, 0x0000, 0x0000, 0x0020, 0x1081, 0x0840, 0x0840, 0x10A2, 0x18E3, 0x18C2,
  0x1020, 0x2060, 0x1840, 0x1882, 0x1882, 0x1020, 0x2820, 0x2041, 0x1061, 0x1061, 0x0841, 0x1082, 0x1041, 0x1082, 0x0841, 0x0861,
  0x18E3, 0x2965, 0x0841, 0x0861, 0x2124, 0x0862, 0x20E4, 0x8082, 0x9081, 0x3000, 0x0861, 0x2945, 0x10A2, 0x2965, 0x1904, 0x1082,
  0x2104, 0x2925, 0x2124, 0x18E3, 0x10C3, 0x0861, 0x0841, 0x10A2, 0x2924, 0x5A28, 0x28E3, 0x4903, 0x6ACB, 0x730B, 0x6AAA, 0x4A28,
  0x62CB, 0x7B4D, 0x6269, 0x3924, 0x3124, 0x4A07, 0x5228, 0x5A69, 0x41A6, 0x6269, 0x4985, 0x9103, 0xC902, 0xB289, 0xA228, 0xA184,
  0x99C6, 0x89E7, 0x78E3, 0xC122, 0x8164, 0x49E7, 0x3124, 0x3985, 0x4A07, 0x5228, 0x5A89, 0x41C7, 0x3124, 0x41C7, 0x9A47, 0x8123,
  0x3124, 0x72EA, 0xDB49, 0xE265, 0xB203, 0xAA45, 0x5184, 0x6268, 0x834B, 0x938C, 0x934B, 0xA34B, 0xD2EA, 0xD267, 0xA226, 0x60C1,
  0x61A5, 0x7247, 0x4964, 0x5184, 0x4964, 0x51A5, 0x49C5, 0x83AD, 0x940E, 0xD678, 0x8BCD, 0x6A88, 0xBD12, 0x72EA, 0x7B2B, 0x938B,
  0x7A86, 0x7AC8, 0x4143, 0x5269, 0x51C6, 0xB163, 0xFB6B, 0xFAE9, 0xF42E, 0xFD54, 0xA227, 0x1081, 0x2965, 0x7BAE, 0xB5B6, 0xBDD7,
  0x8430, 0x630C, 0x10C2, 0x0000, 0x10C3, 0x52CB, 0x94B3, 0x9CF4, 0x94B3, 0x8431, 0x73CF, 0x4249, 0x2966, 0x0841, 0x0841, 0x0841,
  0x0000, 0x0882, 0x2125, 0x2986, 0x10A2, 0x0000, 0x0000, 0x0020, 0x2986, 0x39E8, 0x4A8A, 0x636E, 0x5B2D, 0x2986, 0x2104, 0x4229,
  0x4249, 0x2986, 0x39E7, 0x10A2, 0x0840, 0x3186, 0x2104, 0x2104, 0x10A2, 0x2103, 0x0041, 0x0041, 0x0041, 0x0041, 0x0862, 0x0862,
  0x0862, 0x0862, 0x0862, 0x0062, 0x0862, 0x0862, 0x0882, 0x0882, 0x0882, 0x0882, 0x0882, 0x0862, 0x0862, 0x0882, 0x0882, 0x0882,
  0x0882, 0x0862, 0x0862, 0x0861, 0x0041, 0x0041, 0x0021, 0x0021, 0x0841, 0x0000, 0x0000, 0x0000, 0x0000, 0x0000, 0x0000, 0x0000,
  0x0000, 0x0000, 0x0000, 0x0000, 0x0000, 0x0000, 0x0000, 0x0861, 0x0861, 0x0000, 0x0800, 0x0800, 0x0800, 0x0800, 0x0000, 0x0000,
  0x0861, 0x0882, 0x10E4, 0x0862, 0x0020, 0x0000, 0x0000, 0x0000, 0x0000, 0x0841, 0x1081, 0x0000, 0x1082, 0x2144, 0x3186, 0x2124,
  0x2040, 0x3061, 0x0820, 0x2945, 0x2145, 0x1861, 0x1820, 0x10A2, 0x0882, 0x0020, 0x0820, 0x1020, 0x1020, 0x18A2, 0x0841, 0x0840,
  0x20E4, 0x10C3, 0x0041, 0x0841, 0x2165, 0x2125, 0x10C3, 0x48C2, 0x6861, 0x3041, 0x0861, 0x2945, 0x0882, 0x18E3, 0x1082, 0x0861,
  0x0020, 0x1082, 0x3165, 0x39A6, 0x2965, 0x1903, 0x2124, 0x2965, 0x1061, 0x2904, 0x31C7, 0x3903, 0x8B2B, 0x836D, 0x834C, 0x6289,
  0x5A69, 0x628A, 0x6AEB, 0x6249, 0x5A07, 0x5228, 0x730C, 0x628A, 0x3944, 0x5A69, 0x5A28, 0x51A5, 0x7881, 0xD984, 0xE1C5, 0xB9E6,
  0x9A27, 0x8144, 0xA964, 0x9963, 0x4185, 0x5248, 0x49A6, 0x5A69, 0x5A49, 0x5228, 0x5208, 0x5208, 0x4165, 0x51C6, 0x8AEA, 0xB1E5,
  0x5903, 0x72EA, 0x7A47, 0xCC2D, 0xED0F, 0x9B4B, 0x6A89, 0x82C9, 0x51A5, 0x8B0A, 0x92C8, 0x81A4, 0x7102, 0x48A1, 0x3060, 0x2861,
  0x1000, 0x2881, 0x6227, 0x6AA9, 0x83CE, 0x9450, 0x6B0B, 0x8C0F, 0x6268, 0x9C4F, 0x9C2F, 0x836C, 0x8B8C, 0x6268, 0x49E6, 0x3922,
  0x49A5, 0x49E7, 0x3944, 0x5A69, 0x5923, 0xE205, 0xE40F, 0xF4B0, 0xEAC8, 0xBA27, 0x40A2, 0x31C7, 0x7BEF, 0x9492, 0xCE59, 0xDEFB,
  0x73AE, 0x5B0C, 0x2945, 0x0820, 0x4249, 0x6B6E, 0xBDD7, 0xBDF7, 0x7C10, 0x6B8E, 0x6B6E, 0x7BF0, 0x31C7, 0x1082, 0x0020, 0x0020,
  0x31C7, 0x4A8A, 0x3A08, 0x4229, 0x4A6A, 0x18C3, 0x0000, 0x2145, 0x2986, 0x31C7, 0x4A6A, 0x31A7, 0x2986, 0x18E3, 0x2124, 0x4A8A,
  0x2124, 0x18E4, 0x4A8A, 0x0020, 0x18C3, 0x18C3, 0x1082, 0x0861, 0x18A2, 0x10A2, 0x0041, 0x0041, 0x0041, 0x0061, 0x0061, 0x0862,
  0x0862, 0x0862, 0x0862, 0x0861, 0x0862, 0x0862, 0x0862, 0x0862, 0x0862, 0x0862, 0x0882, 0x0882, 0x0882, 0x0882, 0x0882, 0x0882,
  0x0882, 0x0862, 0x0862, 0x0861, 0x0861, 0x0041, 0x0021, 0x0021, 0x0021, 0x0000, 0x0000, 0x0000, 0x0000, 0x0000, 0x0000, 0x0000,
  0x0000, 0x0000, 0x0000, 0x0000, 0x0000, 0x0000, 0x0000, 0x0000, 0x10A2, 0x0000, 0x0000, 0x0000, 0x0000, 0x0000, 0x0020, 0x0861,
  0x10A2, 0x0882, 0x0841, 0x0020, 0x0000, 0x0000, 0x0000, 0x0000, 0x0841, 0x1082, 0x0840, 0x0841, 0x18E3, 0x2124, 0x2124, 0x1082,
  0x2040, 0x1000, 0x0882, 0x2124, 0x2145, 0x1082, 0x1020, 0x4840, 0x4820, 0x1041, 0x1082, 0x0841, 0x2124, 0x2965, 0x1082, 0x0000,
  0x0841, 0x10A2, 0x10A3, 0x0862, 0x2145, 0x2986, 0x10C3, 0x2082, 0x6924, 0x20E3, 0x0020, 0x2104, 0x18E3, 0x2104, 0x4A28, 0x5269,
  0x1082, 0x18C3, 0x4A08, 0x4208, 0x2965, 0x18E3, 0x4A49, 0x4228, 0x2945, 0x18C3, 0x10A3, 0x20E3, 0x9AEA, 0x8BAE, 0x838D, 0x7AEB,
  0x6289, 0x6AAA, 0x6A8A, 0x82EB, 0x7A69, 0x49C6, 0x49C6, 0x62CB, 0x49E7, 0x6AEB, 0x51E7, 0x1861, 0x1881, 0x6944, 0x9081, 0xA081,
  0x8985, 0x91E6, 0xEA87, 0xD9A4, 0x9185, 0x5A28, 0x59E7, 0x6207, 0x6227, 0x49A5, 0x3124, 0x49A6, 0x8B4C, 0x936C, 0x7A89, 0x6944,
  0x6943, 0x72EA, 0x6269, 0x6289, 0x6ACB, 0x8B8E, 0x9B8D, 0x82C9, 0x7AA8, 0x6206, 0x2060, 0x28A1, 0x3103, 0x3922, 0x61C5, 0x7AA8,
  0x72A9, 0x730B, 0x8BEE, 0x9430, 0x838D, 0x836C, 0x7B2A, 0x7B2A, 0x8B8B, 0x72A8, 0x6226, 0x3902, 0x3902, 0x20A1, 0x1020, 0x28E2,
  0x62CA, 0x83AD, 0x83AD, 0xB575, 0x8C0F, 0x6269, 0x48E3, 0x8288, 0x50E2, 0x28C2, 0x1924, 0x6B4D, 0xCE59, 0x8C51, 0x6B6D, 0x7BCF,
  0x6B4D, 0x4A49, 0x4228, 0x31C7, 0x4A8A, 0x8C72, 0x8C92, 0x6B6E, 0x6B8E, 0x5AEC, 0x39C7, 0x4A8A, 0x2965, 0x0861, 0x0841, 0x3A08,
  0x4269, 0x2986, 0x5AEC, 0x6B8E, 0x4249, 0x2165, 0x0882, 0x2966, 0x2986, 0x39E8, 0x2986, 0x29A6, 0x18C3, 0x0861, 0x2986, 0x29A6,
  0x10C3, 0x10C3, 0x18E3, 0x0861, 0x3186, 0x0841, 0x0820, 0x18A2, 0x0841, 0x0041, 0x0061, 0x0041, 0x0041, 0x0041, 0x0041, 0x0862,
  0x0861, 0x0862, 0x0862, 0x0861, 0x0862, 0x0862, 0x0862, 0x0862, 0x0862, 0x0862, 0x0862, 0x0882, 0x0882, 0x0882, 0x10A2, 0x10A3,
  0x0882, 0x0882, 0x0862, 0x0862, 0x0862, 0x0841, 0x0041, 0x0841, 0x0000, 0x0000, 0x0000, 0x0000, 0x0000, 0x0000, 0x0000, 0x0000,
  0x0000, 0x0000, 0x0000, 0x0000, 0x0000, 0x0000, 0x0000, 0x0000, 0x0861, 0x0841, 0x0000, 0x0000, 0x0000, 0x0862, 0x10A2, 0x0862,
  0x0862, 0x0861, 0x0000, 0x0000, 0x0000, 0x0000, 0x0000, 0x0020, 0x0861, 0x0840, 0x0020, 0x18E3, 0x18E3, 0x18E3, 0x0861, 0x0820,
  0x2040, 0x1020, 0x2104, 0x2104, 0x18C3, 0x10C2, 0x3020, 0x8040, 0x7020, 0x2020, 0x0041, 0x18C3, 0x31A6, 0x1904, 0x2124, 0x0820,
  0x0820, 0x2104, 0x10A2, 0x0000, 0x10A3, 0x2986, 0x1904, 0x3061, 0x9882, 0x2881, 0x0041, 0x20E3, 0x2104, 0x18E3, 0x4A28, 0x528A,
  0x39A6, 0x3165, 0x20E3, 0x10A2, 0x2945, 0x4207, 0x49E7, 0x18C3, 0x18C3, 0x3185, 0x39A6, 0x18C2, 0x5185, 0xA36C, 0x7B2C, 0x8BAE,
  0x7B2C, 0x6A8A, 0x832C, 0x8AEB, 0xA38D, 0x8AEA, 0x4985, 0x6AEB, 0x5208, 0x28E3, 0x28C2, 0x1861, 0x3103, 0x49E7, 0x4164, 0x6165,
  0x2840, 0x60C1, 0xC163, 0xB268, 0x8289, 0x6A8A, 0x7227, 0x8268, 0x7A48, 0x61E7, 0x8985, 0x9903, 0x9985, 0x8248, 0x5985, 0x2861,
  0x5103, 0x4923, 0x50E2, 0x60A1, 0x70C1, 0x9163, 0xC286, 0x9922, 0x5164, 0x5A27, 0x28E2, 0x49A5, 0x7287, 0x82C8, 0x8B09, 0x7288,
  0x6248, 0x5A27, 0x5A06, 0x7287, 0x8B6B, 0xC552, 0xACB0, 0x8BCD, 0x51E6, 0x28E2, 0x4984, 0x4163, 0x4142, 0x6205, 0x942F, 0xA4D1,
  0xD69A, 0xCE79, 0xE71C, 0xC5F7, 0xE71B, 0xCE79, 0x2965, 0x4249, 0x2165, 0x29A6, 0x18E3, 0x4A48, 0x9492, 0x4A49, 0x8410, 0x6B8E,
  0x3186, 0x6B6D, 0x630C, 0x18E3, 0x634D, 0x7C30, 0x6B6E, 0x7BF0, 0x5B0C, 0x632D, 0x528A, 0x39C7, 0x18C3, 0x0020, 0x10C3, 0x52AB,
  0x4249, 0x5B0C, 0x6B8E, 0x31C7, 0x2986, 0x2124, 0x0841, 0x18E4, 0x2145, 0x31A6, 0x2145, 0x2124, 0x0841, 0x10A2, 0x31A6, 0x2124,
  0x10A2, 0x0020, 0x0000, 0x1082, 0x18C2, 0x0020, 0x18A2, 0x1082, 0x0041, 0x0041, 0x0041, 0x0041, 0x0041, 0x0041, 0x0041, 0x0862,
  0x0861, 0x0862, 0x0861, 0x0862, 0x0862, 0x0862, 0x0862, 0x0862, 0x0862, 0x0862, 0x0862, 0x0882, 0x10A2, 0x10A3, 0x10A3, 0x10A3,
  0x10A2, 0x0882, 0x0882, 0x0862, 0x0862, 0x0841, 0x0041, 0x0841, 0x0000, 0x0000, 0x0000, 0x0000, 0x0000, 0x0000, 0x0000, 0x0000,
  0x0000, 0x0000, 0x0000, 0x0000, 0x0000, 0x0000, 0x0000, 0x0000, 0x0000, 0x1082, 0x0000, 0x0020, 0x10A2, 0x10A3, 0x0861, 0x10A2,
  0x0882, 0x0020, 0x0000, 0x0000, 0x0000, 0x0000, 0x0000, 0x0861, 0x1081, 0x0000, 0x0020, 0x0861, 0x0861, 0x0841, 0x0000, 0x0820,
  0x2861, 0x1020, 0x1082, 0x0841, 0x0820, 0x0861, 0x5040, 0x8020, 0x5800, 0x1061, 0x1082, 0x18C3, 0x18E3, 0x10A2, 0x18E3, 0x0841,
  0x1041, 0x18A2, 0x18E3, 0x18C3, 0x10A2, 0x10A2, 0x0041, 0x2081, 0x3861, 0x1041, 0x0040, 0x1882, 0x3145, 0x2104, 0x2945, 0x4A49,
  0x3186, 0x18E3, 0x1082, 0x0861, 0x18A2, 0x2104, 0x2945, 0x4208, 0x39E7, 0x41E7, 0x8BEF, 0x49E7, 0x1061, 0x3903, 0x934C, 0x932C,
  0x9BCE, 0xAC30, 0xA3CE, 0x7A89, 0x7269, 0x6A69, 0x4185, 0x20A2, 0x2061, 0x4165, 0x3924, 0x30E3, 0x3103, 0x4165, 0x4165, 0x28E3,
  0x2061, 0x49E7, 0x59E6, 0x4103, 0x5944, 0x9985, 0x8964, 0x8B0B, 0x7A48, 0xA144, 0xE122, 0xE267, 0xF2A8, 0xA902, 0x3881, 0x6164,
  0x8A27, 0x7227, 0x9943, 0xF264, 0xDA44, 0xDB08, 0xCAA7, 0x8923, 0x3903, 0x3923, 0x59C5, 0x7247, 0x7AC8, 0x7AC9, 0x8B2A, 0x9BCD,
  0x8B6B, 0x51E6, 0x4963, 0xB42C, 0xA42E, 0x9C2E, 0x7B4C, 0x51E6, 0x4963, 0x6A67, 0x51E6, 0x5A47, 0x5A47, 0x5A89, 0x8C30, 0xE71C,
  0xE71C, 0x734D, 0xBDB6, 0xBDB6, 0xA4F3, 0x3185, 0x2924, 0x8410, 0x9492, 0xBE18, 0x73AE, 0x2124, 0x4208, 0x52AA, 0xAD75, 0xA514,
  0x7BF0, 0xB596, 0x528A, 0x0020, 0x18C3, 0x52CB, 0x6B6E, 0x4A6A, 0x4AAB, 0x52AB, 0x31C7, 0x4249, 0x10A2, 0x0000, 0x10A2, 0x2986,
  0x52CB, 0x632D, 0x39E7, 0x4249, 0x4229, 0x2165, 0x10A2, 0x0020, 0x18E3, 0x18E4, 0x10A2, 0x0841, 0x0841, 0x18E3, 0x18C2, 0x0861,
  0x0000, 0x0000, 0x0841, 0x0020, 0x0020, 0x0841, 0x0041, 0x0041, 0x0041, 0x0041, 0x0041, 0x0041, 0x0041, 0x0041, 0x0041, 0x0862,
  0x0061, 0x0861, 0x0861, 0x0861, 0x0862, 0x0862, 0x0862, 0x0862, 0x0862, 0x0862, 0x0882, 0x0882, 0x10A3, 0x10A3, 0x10C3, 0x10A3,
  0x1082, 0x0882, 0x0862, 0x0862, 0x0862, 0x0841, 0x0861, 0x0000, 0x0000, 0x0000, 0x0000, 0x0000, 0x0000, 0x0000, 0x0000, 0x0000,
  0x0000, 0x0000, 0x0000, 0x0000, 0x0000, 0x0000, 0x0000, 0x0000, 0x0000, 0x0882, 0x10A2, 0x10A2, 0x0862, 0x0861, 0x10C3, 0x0862,
  0x0000, 0x0000, 0x0000, 0x0000, 0x0000, 0x0000, 0x0840, 0x1061, 0x0820, 0x0000, 0x0840, 0x0861, 0x18C2, 0x3124, 0x1081, 0x1082,
  0x1020, 0x1041, 0x1082, 0x0820, 0x1020, 0x18C2, 0x30A2, 0x6040, 0x2820, 0x0882, 0x3903, 0x48E2, 0x10A3, 0x2103, 0x0020, 0x0820,
  0x1841, 0x1882, 0x18E4, 0x1904, 0x18C3, 0x3081, 0x5081, 0x3041, 0x0841, 0x0861, 0x0841, 0x1061, 0x3944, 0x2103, 0x2124, 0x3165,
  0x18E3, 0x528A, 0x41E7, 0x0841, 0x41E7, 0x4228, 0x528A, 0x39E7, 0x3165, 0x3165, 0x3965, 0x72EB, 0x41C6, 0x0861, 0x1881, 0x6A27,
  0x9B6C, 0x82EA, 0x6AA9, 0x49A6, 0x3103, 0x3124, 0x3944, 0x3903, 0x2061, 0x3903, 0x60E2, 0x6123, 0x38E2, 0x3103, 0x2061, 0x1840,
  0x1020, 0x20C2, 0x4165, 0x28C2, 0x3881, 0x5861, 0x5923, 0x5A48, 0x6208, 0x9165, 0xD9A4, 0xE349, 0xE2E8, 0xB1E6, 0x728A, 0x6A68,
  0x8268, 0x72A9, 0x79C5, 0xA163, 0x7164, 0x6A07, 0x6207, 0x4185, 0x41A6, 0x61C6, 0x8226, 0x932A, 0x72EA, 0x6AA9, 0x49A5, 0x4165,
  0x940F, 0x9C70, 0x8B8C, 0x940E, 0x734C, 0x5A89, 0x6B2B, 0x8BCE, 0x83CC, 0x5247, 0x5B2C, 0x7410, 0x7C10, 0x632C, 0x4A48, 0x8C50,
  0xBDF7, 0x8410, 0x9471, 0x6B2C, 0x0000, 0x2945, 0x5AEB, 0x31A6, 0xCE7A, 0xB5B6, 0x5B0C, 0x2104, 0x39C7, 0x4A69, 0x6B6D, 0x52AA,
  0x39C7, 0x39C7, 0x18C3, 0x0841, 0x4228, 0x4A6A, 0x4249, 0x3A08, 0x3A28, 0x31C7, 0x18E3, 0x1082, 0x0041, 0x1904, 0x4A8A, 0x3A08,
  0x4A8A, 0x4A6A, 0x2145, 0x31A7, 0x2986, 0x10A2, 0x0841, 0x0820, 0x0861, 0x0020, 0x0000, 0x0020, 0x18E3, 0x10A2, 0x0000, 0x0000,
  0x0000, 0x0820, 0x1061, 0x1082, 0x0861, 0x0041, 0x0862, 0x0061, 0x0061, 0x0041, 0x0041, 0x0061, 0x0041, 0x0041, 0x0041, 0x0862,
  0x0041, 0x0041, 0x0061, 0x0861, 0x0862, 0x0862, 0x0862, 0x0862, 0x0862, 0x0862, 0x0882, 0x10A2, 0x10A3, 0x10A3, 0x10A3, 0x10A3,
  0x0882, 0x0862, 0x0861, 0x0861, 0x0861, 0x0841, 0x0862, 0x0000, 0x0000, 0x0000, 0x0000, 0x0000, 0x0000, 0x0000, 0x0000, 0x0000,
  0x0000, 0x0000, 0x0000, 0x0000, 0x0000, 0x0000, 0x0000, 0x0000, 0x0000, 0x0000, 0x10A3, 0x0861, 0x0861, 0x10A2, 0x0882, 0x0020,
  0x0000, 0x0000, 0x0000, 0x0000, 0x0000, 0x1041, 0x18A2, 0x1061, 0x0000, 0x0000, 0x0000, 0x1061, 0x2903, 0x28C2, 0x18E3, 0x1081,
  0x0841, 0x2124, 0x18C2, 0x1840, 0x20A2, 0x2104, 0x2124, 0x20E3, 0x0861, 0x0041, 0x38C3, 0x68A1, 0x1861, 0x1082, 0x0800, 0x1861,
  0x18C3, 0x0861, 0x10A2, 0x0000, 0x1881, 0x59A6, 0x6228, 0x4945, 0x3882, 0x2061, 0x2082, 0x1040, 0x1861, 0x2924, 0x10A2, 0x0861,
  0x2104, 0x4228, 0x4A49, 0x2124, 0x2103, 0x39E7, 0x31A6, 0x2965, 0x4207, 0x4A49, 0x6AEB, 0x6B0B, 0x2924, 0x39A6, 0x10A2, 0x1081,
  0x41C6, 0x41C6, 0x2903, 0x1061, 0x20C2, 0x18A2, 0x3145, 0x3124, 0x20A2, 0x2061, 0x4144, 0x3985, 0x2924, 0x39C7, 0x3985, 0x28E3,
  0x0820, 0x0800, 0x1840, 0x1861, 0x1041, 0x1041, 0x1861, 0x2881, 0x38E3, 0x4944, 0x6164, 0x60A1, 0x60A1, 0x6A07, 0x832B, 0x5A28,
  0x51A6, 0x4123, 0x3903, 0x5207, 0x7B2B, 0x8BAD, 0x8B6D, 0x9BAD, 0xB3AC, 0xCBAC, 0xB40E, 0x938C, 0xA36C, 0x71C5, 0x4143, 0x6A47,
  0x8AC9, 0x9309, 0x72A8, 0x6B2C, 0x4A27, 0x39A6, 0x3165, 0x6268, 0x7144, 0x98E2, 0x9984, 0x6A07, 0x3165, 0x4228, 0x5AAA, 0x18A2,
  0x2923, 0x39A6, 0x20E2, 0x2103, 0x3186, 0x8C71, 0x94B3, 0x6B6E, 0xC659, 0x634D, 0x73CF, 0x4A69, 0x18C3, 0x4228, 0x4A49, 0x3186,
  0x20E3, 0x0861, 0x0000, 0x1082, 0x4249, 0x2965, 0x2125, 0x2986, 0x2104, 0x18E3, 0x0000, 0x0000, 0x0841, 0x2104, 0x2986, 0x1904,
  0x2145, 0x3A08, 0x10C3, 0x18E3, 0x10C3, 0x0000, 0x0861, 0x39E8, 0x3A08, 0x4229, 0x10A2, 0x0020, 0x0840, 0x0000, 0x0000, 0x1000,
  0x0820, 0x1082, 0x10A2, 0x0861, 0x0041, 0x0862, 0x0862, 0x0061, 0x0861, 0x0861, 0x0061, 0x0061, 0x0061, 0x0041, 0x0041, 0x0862,
  0x0041, 0x0041, 0x0061, 0x0861, 0x0862, 0x0862, 0x0862, 0x0862, 0x0862, 0x0882, 0x0882, 0x10A3, 0x10A3, 0x10A3, 0x10A2, 0x1082,
  0x0882, 0x0862, 0x0861, 0x0841, 0x0041, 0x0861, 0x0020, 0x0000, 0x0000, 0x0000, 0x0000, 0x0000, 0x0000, 0x0000, 0x0000, 0x0000,
  0x0000, 0x0000, 0x0000, 0x0000, 0x0000, 0x0000, 0x0000, 0x0000, 0x0000, 0x0000, 0x1082, 0x0882, 0x1082, 0x0861, 0x0000, 0x0000,
  0x0000, 0x0000, 0x0000, 0x0020, 0x1061, 0x1061, 0x0841, 0x0000, 0x0020, 0x0861, 0x0020, 0x1840, 0x2881, 0x1061, 0x2103, 0x1061,
  0x2103, 0x31A6, 0x1082, 0x2840, 0x20C2, 0x18E3, 0x2104, 0x18E3, 0x0820, 0x1082, 0x2904, 0x2040, 0x1020, 0x1041, 0x1020, 0x18A2,
  0x18C3, 0x1041, 0x1040, 0x18A2, 0x2124, 0x2986, 0x2165, 0x2986, 0x30A2, 0x1841, 0x39A6, 0x3145, 0x0000, 0x2903, 0x20E3, 0x2965,
  0x2945, 0x4228, 0x5289, 0x3165, 0x0000, 0x4208, 0x2965, 0x2924, 0x528A, 0x5AAA, 0x8410, 0x5ACB, 0x52AA, 0x5AAA, 0x3165, 0x2945,
  0x4208, 0x5ACB, 0x41E7, 0x5A69, 0x7B8D, 0x49C6, 0x51A5, 0x4228, 0x4228, 0x39A6, 0x18E3, 0x4208, 0x4207, 0x20C2, 0x41E7, 0x5269,
  0x5249, 0x5289, 0x41E7, 0x3986, 0x20C2, 0x1882, 0x2904, 0x20A2, 0x1881, 0x2081, 0x28A2, 0x2903, 0x1040, 0x3020, 0x58C1, 0x4943,
  0x5A06, 0x51A5, 0x6A26, 0x6A67, 0x7288, 0x830A, 0x938C, 0x9B2B, 0xC3AC, 0x9246, 0x3903, 0x9205, 0xD36A, 0xED92, 0xAB48, 0xEDAF,
  0xC4EF, 0x9B29, 0x7288, 0x4A48, 0x41C6, 0x4A28, 0x5124, 0xB902, 0xDA06, 0xF38C, 0xF247, 0xD289, 0x7165, 0x2924, 0x2944, 0x0841,
  0x41E7, 0x5289, 0x4208, 0x2965, 0x2965, 0x7BEF, 0x634D, 0xAD96, 0xAD96, 0x6B6D, 0x6B8E, 0x73AF, 0x18E3, 0x10A2, 0x1082, 0x0820,
  0x0820, 0x0000, 0x0000, 0x0000, 0x0882, 0x18C3, 0x10A3, 0x10A2, 0x0841, 0x0000, 0x0021, 0x39E8, 0x39E8, 0x0841, 0x0000, 0x0020,
  0x2124, 0x2965, 0x10A2, 0x0861, 0x0000, 0x0000, 0x18E4, 0x3A08, 0x2125, 0x3186, 0x2965, 0x1881, 0x0800, 0x0800, 0x1820, 0x2040,
  0x1040, 0x1061, 0x1082, 0x0862, 0x0862, 0x0882, 0x0882, 0x0862, 0x0862, 0x0862, 0x0862, 0x0862, 0x0061, 0x0061, 0x0041, 0x0861,
  0x0041, 0x0041, 0x0061, 0x0061, 0x0862, 0x0862, 0x0862, 0x0862, 0x0862, 0x0882, 0x10A2, 0x10A3, 0x10A3, 0x10A3, 0x0882, 0x0882,
  0x0862, 0x0861, 0x0041, 0x0041, 0x0041, 0x0861, 0x0000, 0x0000, 0x0000, 0x0000, 0x0000, 0x0000, 0x0000, 0x0000, 0x0000, 0x0000,
  0x0000, 0x0000, 0x0000, 0x0000, 0x0000, 0x0000, 0x0000, 0x0000, 0x0000, 0x0000, 0x0000, 0x1082, 0x0000, 0x0000, 0x0000, 0x0000,
  0x0000, 0x0000, 0x0000, 0x1061, 0x1882, 0x1061, 0x0000, 0x0000, 0x0881, 0x18E3, 0x18E3, 0x2060, 0x1800, 0x0861, 0x1040, 0x1041,
  0x2965, 0x2124, 0x0820, 0x1861, 0x18C3, 0x2104, 0x2104, 0x18E3, 0x0840, 0x10C2, 0x1904, 0x0882, 0x0000, 0x0000, 0x2904, 0x3186,
  0x2145, 0x20A2, 0x3061, 0x2924, 0x1904, 0x2965, 0x2145, 0x2965, 0x2082, 0x0800, 0x2165, 0x39E8, 0x20E3, 0x0000, 0x28E2, 0x39A6,
  0x3165, 0x5269, 0x5A89, 0x3144, 0x0861, 0x1082, 0x3165, 0x2944, 0x630C, 0x39A6, 0x5AEB, 0x2103, 0x7BCE, 0x6B6D, 0x4A49, 0x18C3,
  0x2965, 0x3185, 0x3165, 0x6AEB, 0x9C91, 0x8BEF, 0x82A9, 0x8248, 0x5A07, 0x4208, 0x39C6, 0x52AA, 0x62EB, 0x2103, 0x2103, 0x39C6,
  0x39C6, 0x4A49, 0x39C6, 0x39C6, 0x39A6, 0x3185, 0x5289, 0x41E7, 0x41E7, 0x4A28, 0x41E7, 0x4A28, 0x5ACB, 0x5249, 0x5A48, 0x6AEA,
  0x6288, 0x6AC9, 0x7AEA, 0x93AC, 0xC4F1, 0xB3ED, 0xB44F, 0x8B4B, 0x72EA, 0x5207, 0x72EA, 0x82EA, 0x938C, 0xAC90, 0x6A46, 0x4142,
  0x28E3, 0x3985, 0x2924, 0x18A2, 0x41E7, 0x5228, 0xB8E2, 0xEB2B, 0xDDD6, 0xE4F2, 0xF2A9, 0xC164, 0x5881, 0x0861, 0x630C, 0x8C71,
  0xD6BB, 0xD6BB, 0xB596, 0x94B3, 0x2945, 0x3186, 0x4A49, 0x6B8E, 0x52CB, 0x39E7, 0x31A6, 0x2966, 0x0861, 0x1081, 0x0000, 0x0020,
  0x18E4, 0x31C7, 0x2966, 0x1904, 0x0000, 0x0000, 0x0020, 0x0000, 0x0841, 0x31A7, 0x31A7, 0x6B8E, 0x52CB, 0x2145, 0x0041, 0x0000,
  0x0020, 0x0020, 0x0020, 0x0000, 0x0862, 0x31C7, 0x2125, 0x4228, 0x1904, 0x18C3, 0x1061, 0x0800, 0x0800, 0x1000, 0x2041, 0x2061,
  0x1020, 0x1841, 0x1082, 0x0082, 0x08A3, 0x10C3, 0x10A3, 0x08A2, 0x0883, 0x0882, 0x0882, 0x0862, 0x0862, 0x0861, 0x0061, 0x0862,
  0x0861, 0x0041, 0x0861, 0x0861, 0x0862, 0x0862, 0x0862, 0x0862, 0x0882, 0x0882, 0x10A3, 0x10A3, 0x10A3, 0x10A2, 0x0882, 0x0882,
  0x0862, 0x0861, 0x0841, 0x0041, 0x0841, 0x0020, 0x0000, 0x0000, 0x0000, 0x0000, 0x0000, 0x0000, 0x0000, 0x0000, 0x0000, 0x0000,
  0x0000, 0x0000, 0x0000, 0x0000, 0x0000, 0x0000, 0x0000, 0x0000, 0x0000, 0x0000, 0x0000, 0x0861, 0x0841, 0x0000, 0x0000, 0x0000,
  0x0000, 0x0000, 0x1840, 0x20A2, 0x1081, 0x0820, 0x0000, 0x0000, 0x18E3, 0x2104, 0x2965, 0x1061, 0x1061, 0x18A2, 0x0820, 0x0840,
  0x10C2, 0x0840, 0x1061, 0x18C3, 0x0861, 0x10C3, 0x0861, 0x1061, 0x0820, 0x1904, 0x2986, 0x18C3, 0x0820, 0x0820, 0x20E3, 0x5228,
  0x31C7, 0x2104, 0x2020, 0x18A2, 0x2145, 0x2125, 0x2145, 0x4185, 0x3061, 0x10A3, 0x2145, 0x4249, 0x3165, 0x20E3, 0x0820, 0x28C2,
  0x18C2, 0x3144, 0x72CA, 0x4165, 0x5A27, 0x18A2, 0x2944, 0x4A48, 0x5269, 0x632C, 0x8C71, 0x3186, 0x528A, 0x630C, 0x4A69, 0x4A69,
  0x39A6, 0x4A49, 0x5A8A, 0x734C, 0x732C, 0x62AA, 0x5A68, 0x8288, 0x6923, 0x30E3, 0x2924, 0x5A89, 0x6AEB, 0x7AA9, 0x61E6, 0x72CA,
  0x5228, 0x39C6, 0x39A6, 0x39C6, 0x5AA9, 0x4207, 0x4207, 0x39C6, 0x2965, 0x4A48, 0x39A6, 0x3165, 0x62EB, 0x6B4C, 0x6B2C, 0x5A8A,
  0x736D, 0x8C51, 0x5A28, 0x81A4, 0xC32A, 0x92C9, 0x6207, 0x5A27, 0x49E6, 0x6AEA, 0x7B6C, 0x5AA9, 0x5A48, 0x49A5, 0x3965, 0x41C6,
  0x3964, 0x49C5, 0x49A5, 0x3985, 0x5AAA, 0x49E7, 0x6061, 0xCAEA, 0xE3AD, 0xD9E6, 0xB1E6, 0x4881, 0x20E3, 0x632C, 0x9CD3, 0x6B6D,
  0xEF7D, 0xEF9E, 0x9D14, 0x94B3, 0xA535, 0x18C3, 0x2945, 0x4208, 0x39E7, 0x31A6, 0x18E3, 0x0861, 0x0000, 0x0000, 0x4228, 0x2986,
  0x3A08, 0x6B8E, 0x426A, 0x5AEC, 0x1904, 0x0000, 0x0020, 0x10A2, 0x426A, 0x52AB, 0x4249, 0x5AEC, 0x31A7, 0x31E8, 0x0882, 0x0000,
  0x0000, 0x0000, 0x1904, 0x18E3, 0x1082, 0x4229, 0x39E7, 0x18C3, 0x18A2, 0x1040, 0x0000, 0x0000, 0x1000, 0x1820, 0x1020, 0x1800,
  0x4000, 0x6800, 0x7000, 0x5041, 0x2862, 0x10A3, 0x10E3, 0x10C3, 0x10C3, 0x10A3, 0x10A3, 0x0882, 0x0862, 0x0862, 0x0861, 0x0862,
  0x0061, 0x0061, 0x0061, 0x0861, 0x0862, 0x0862, 0x0862, 0x0862, 0x0882, 0x10A3, 0x10A3, 0x10A3, 0x10A3, 0x10A2, 0x0882, 0x0882,
  0x0862, 0x0861, 0x0841, 0x0041, 0x1082, 0x0000, 0x0000, 0x0000, 0x0000, 0x0000, 0x0000, 0x0000, 0x0000, 0x0000, 0x0000, 0x0000,
  0x0000, 0x0000, 0x0000, 0x0000, 0x0000, 0x0000, 0x0000, 0x0000, 0x0000, 0x0000, 0x0000, 0x0020, 0x1082, 0x0000, 0x0000, 0x0000,
  0x0000, 0x1881, 0x20A2, 0x1061, 0x0040, 0x0000, 0x0020, 0x0841, 0x0881, 0x10A2, 0x1081, 0x1081, 0x3185, 0x2965, 0x0020, 0x0820,
  0x0000, 0x0800, 0x1082, 0x0882, 0x1800, 0x3820, 0x1841, 0x0861, 0x0820, 0x18E3, 0x1904, 0x1061, 0x1081, 0x18E3, 0x10A2, 0x2104,
  0x10A2, 0x10A2, 0x0000, 0x0820, 0x18C3, 0x2965, 0x3145, 0x40C2, 0x2061, 0x31A6, 0x528A, 0x4A6A, 0x4A49, 0x31C7, 0x1061, 0x1040,
  0x3124, 0x3964, 0x6ACA, 0x7B4C, 0x9BAD, 0x72CA, 0x0000, 0x18E3, 0x4208, 0x4A28, 0x41E7, 0x2924, 0x28E2, 0x2903, 0x5269, 0x8C71,
  0x5AAA, 0x632C, 0x7BCE, 0xAD34, 0x83EF, 0x62AA, 0x4A28, 0x4207, 0x5249, 0x62CB, 0x5228, 0x5A06, 0x5A06, 0x7247, 0x69A5, 0x48E2,
  0x4123, 0x736D, 0x8BEF, 0x6AEB, 0x41E7, 0x3123, 0x5985, 0x61C6, 0x49A6, 0x4A07, 0x18A2, 0x1082, 0x1081, 0x1061, 0x1061, 0x18A2,
  0x2924, 0x41E7, 0x4985, 0x5964, 0x59A5, 0x30C1, 0x4123, 0x4984, 0x3943, 0x4184, 0x3144, 0x2903, 0x20C3, 0x3964, 0x7AA7, 0xBCF0,
  0xBD11, 0xA40D, 0xAC4E, 0x93AB, 0x5A67, 0x41E6, 0x2985, 0x40E3, 0x6103, 0x4081, 0x3944, 0x31A6, 0x4A69, 0xCE7A, 0x94B3, 0x9CD3,
  0xC618, 0xCE79, 0xBDF7, 0x632D, 0x8C72, 0x39C7, 0x0000, 0x0000, 0x0861, 0x0020, 0x0000, 0x0841, 0x0861, 0x52AB, 0x6BAF, 0x2165,
  0x6B6E, 0xBDF7, 0x634D, 0x4249, 0x2986, 0x0861, 0x0000, 0x31E7, 0x4A8A, 0x4A6A, 0x4229, 0x5AEC, 0x2986, 0x31E7, 0x1082, 0x0000,
  0x18E3, 0x31A7, 0x4249, 0x2124, 0x1082, 0x2966, 0x31A6, 0x18C3, 0x1061, 0x0820, 0x0000, 0x0000, 0x0820, 0x1820, 0x3000, 0x6000,
  0x9800, 0xB800, 0xD800, 0xE905, 0xD229, 0x8986, 0x3082, 0x0882, 0x10E4, 0x18E4, 0x10C3, 0x10A2, 0x0882, 0x0862, 0x0861, 0x0862,
  0x0061, 0x0041, 0x0061, 0x0041, 0x0862, 0x0862, 0x0862, 0x0882, 0x0882, 0x10A3, 0x10C3, 0x10C3, 0x10A3, 0x10A2, 0x10A2, 0x0882,
  0x0862, 0x0861, 0x0021, 0x10A2, 0x1082, 0x0000, 0x0000, 0x0000, 0x0000, 0x0000, 0x0000, 0x0000, 0x0000, 0x0000, 0x0000, 0x0000,
  0x0000, 0x0000, 0x0000, 0x0000, 0x0000, 0x0000, 0x0000, 0x0000, 0x0000, 0x0000, 0x0000, 0x0000, 0x1082, 0x0861, 0x0000, 0x0020,
  0x1061, 0x1881, 0x0841, 0x0020, 0x0000, 0x0020, 0x0861, 0x0840, 0x0861, 0x0841, 0x0000, 0x10A2, 0x2103, 0x18C3, 0x0820, 0x2082,
  0x0820, 0x0820, 0x10C3, 0x20A2, 0x5840, 0x6020, 0x5061, 0x10A2, 0x0861, 0x1882, 0x20A2, 0x1061, 0x1082, 0x2965, 0x10A2, 0x18C3,
  0x18C3, 0x2104, 0x10A3, 0x0000, 0x0820, 0x1861, 0x2841, 0x1820, 0x1082, 0x2124, 0x1082, 0x2104, 0x4229, 0x31C7, 0x2124, 0x0000,
  0x0840, 0x1861, 0x28E3, 0x3185, 0x39A6, 0x5228, 0x2924, 0x18A2, 0x0861, 0x3185, 0x528A, 0x7267, 0xE613, 0xBC8E, 0x6268, 0x2103,
  0x52AA, 0x9CD3, 0xAD54, 0x9491, 0x39A6, 0x39C6, 0x41E7, 0x3185, 0x7BAE, 0x9471, 0x5ACA, 0x3965, 0x3964, 0x62A9, 0x62CB, 0x41E7,
  0x5ACB, 0x6B2C, 0x4A07, 0x39A6, 0x61A5, 0xDA88, 0xEA67, 0xF247, 0xA206, 0x3165, 0x39C6, 0x41E7, 0x62EB, 0x6B0B, 0x41C6, 0x2903,
  0x2903, 0x28C2, 0x3103, 0x6227, 0x8B6B, 0x9B6B, 0xAAA8, 0x7A47, 0x9C4F, 0x836C, 0x62CA, 0x3123, 0x6AC9, 0xAC4E, 0xCD10, 0xCDD5,
  0xB4D1, 0xA490, 0xC5F7, 0x93ED, 0x7B2A, 0x5269, 0x2103, 0x0041, 0x2145, 0x31C7, 0x2145, 0x0000, 0x2924, 0x630C, 0x73AF, 0x8C72,
  0x8410, 0x7BF0, 0x8C72, 0x5B0C, 0x5B0C, 0x528A, 0x18E3, 0x10A2, 0x1082, 0x0020, 0x0000, 0x0841, 0x1904, 0x4249, 0x2986, 0x7C10,
  0xB5D7, 0x6B8E, 0x4249, 0x5AEC, 0x31C7, 0x10C3, 0x0000, 0x18E3, 0x2145, 0x39E8, 0x39E8, 0x39E8, 0x18E4, 0x18E3, 0x0861, 0x0041,
  0x31C7, 0x4249, 0x2986, 0x2124, 0x0882, 0x0841, 0x1061, 0x0820, 0x0000, 0x0000, 0x0000, 0x0820, 0x1000, 0x4800, 0x8020, 0x9000,
  0xB020, 0xD841, 0xE9E8, 0xE186, 0xE104, 0xFC10, 0xDBF0, 0x79C7, 0x28A3, 0x1083, 0x10C3, 0x10A3, 0x0882, 0x0882, 0x0862, 0x0862,
  0x0061, 0x0061, 0x0041, 0x0041, 0x0862, 0x0862, 0x0862, 0x0882, 0x0882, 0x10A3, 0x10C3, 0x10C3, 0x10A3, 0x10A3, 0x0882, 0x0862,
  0x0861, 0x0841, 0x0021, 0x0021, 0x0000, 0x0000, 0x0000, 0x0000, 0x0000, 0x0000, 0x0000, 0x0000, 0x0000, 0x0000, 0x0000, 0x0000,
  0x0000, 0x0000, 0x0000, 0x0000, 0x0000, 0x0000, 0x0000, 0x0000, 0x0000, 0x0000, 0x0000, 0x0000, 0x0000, 0x0861, 0x0820, 0x1040,
  0x1882, 0x1041, 0x0020, 0x0000, 0x0000, 0x0861, 0x0861, 0x0861, 0x10A2, 0x0861, 0x0861, 0x18C3, 0x18E3, 0x1082, 0x1040, 0x1881,
  0x0841, 0x20E3, 0x2145, 0x28A2, 0x6860, 0x6020, 0x4082, 0x0861, 0x0820, 0x1020, 0x1840, 0x0820, 0x0020, 0x2966, 0x2104, 0x18C3,
  0x18E4, 0x3186, 0x18E3, 0x1000, 0x1061, 0x18C2, 0x1061, 0x18C3, 0x1904, 0x1041, 0x1061, 0x10A2, 0x2125, 0x2124, 0x2986, 0x2945,
  0x0000, 0x0800, 0x1040, 0x28E3, 0x3144, 0x2124, 0x5B0C, 0x4208, 0x0020, 0x1082, 0x39C6, 0x6A88, 0xA46F, 0xACB1, 0x9C2F, 0x4A07,
  0x3165, 0x7BCE, 0x5ACA, 0x5ACA, 0x9CB2, 0x630B, 0x3165, 0x2944, 0x4A48, 0x5269, 0x4A07, 0x736D, 0x6B6D, 0x3103, 0x51A5, 0x7AEA,
  0x8BEF, 0x62EA, 0x7BAD, 0x4A69, 0x7923, 0xC226, 0xA1E6, 0x91C5, 0x4124, 0x41E7, 0x6B2C, 0x9CB2, 0x9C70, 0xBD74, 0x62CA, 0x8B2B,
  0xABAC, 0x6ACA, 0x7B8D, 0x82E9, 0xBC0C, 0xEEB9, 0xCCD0, 0x7A88, 0xBD94, 0x836B, 0x3943, 0x28C2, 0x9BED, 0xA42D, 0x9B8A, 0xC532,
  0xD593, 0x92C8, 0xACD1, 0x8BCD, 0x20E2, 0x18C2, 0x4228, 0x4A69, 0x94B2, 0xCE59, 0x73AF, 0x528A, 0x2104, 0x4208, 0x5AEC, 0x94B2,
  0x6B6E, 0x630C, 0x73CF, 0x31C6, 0x39C7, 0x4228, 0x0841, 0x0020, 0x2965, 0x3A08, 0x4229, 0x3A08, 0x2125, 0x2965, 0x31E7, 0x6B8E,
  0x8C72, 0x73AF, 0x52CB, 0x3A08, 0x2145, 0x10C3, 0x0000, 0x0841, 0x2124, 0x2104, 0x18E3, 0x2965, 0x18E4, 0x1082, 0x0000, 0x0000,
  0x0862, 0x1082, 0x10A3, 0x10A2, 0x1061, 0x0820, 0x0820, 0x0000, 0x0000, 0x0020, 0x1041, 0x1840, 0x3800, 0x6800, 0xB061, 0xB820,
  0xC841, 0xE905, 0xE0A3, 0xF28B, 0xF24A, 0xF28A, 0xFBAE, 0xFCB2, 0xD451, 0x61E8, 0x18A3, 0x10C3, 0x10A3, 0x0882, 0x0862, 0x0862,
  0x0862, 0x0862, 0x0861, 0x0041, 0x0862, 0x0862, 0x0862, 0x0882, 0x0882, 0x10A3, 0x10A3, 0x10A3, 0x10A3, 0x10A2, 0x0882, 0x0862,
  0x0841, 0x0021, 0x10A2, 0x0841, 0x0000, 0x0000, 0x0000, 0x0000, 0x0000, 0x0000, 0x0000, 0x0000, 0x0000, 0x0000, 0x0000, 0x0000,
  0x0000, 0x0000, 0x0000, 0x0000, 0x0000, 0x0000, 0x0000, 0x0000, 0x0000, 0x0000, 0x0000, 0x0000, 0x0000, 0x0861, 0x1882, 0x1040,
  0x1061, 0x0840, 0x0000, 0x0000, 0x0861, 0x1082, 0x1082, 0x18E3, 0x10C3, 0x0841, 0x2104, 0x2124, 0x10A2, 0x0841, 0x0820, 0x0000,
  0x1040, 0x18C3, 0x18E3, 0x18C3, 0x3061, 0x30A2, 0x1082, 0x0841, 0x1020, 0x2081, 0x18A2, 0x0820, 0x0820, 0x2965, 0x31A6, 0x18E4,
  0x2924, 0x28E3, 0x1020, 0x1061, 0x10A2, 0x18E3, 0x1082, 0x2104, 0x18E3, 0x20A2, 0x30E3, 0x3186, 0x4A6A, 0x528A, 0x6B2C, 0x2965,
  0x20E3, 0x0020, 0x1040, 0x1861, 0x20E3, 0x20E3, 0x31A6, 0x5248, 0x4A27, 0x49E7, 0x1061, 0x0000, 0x20C2, 0x39A6, 0x5269, 0x5A89,
  0x5248, 0x41E7, 0x18A2, 0x6B2C, 0x8C10, 0x7BAE, 0x736D, 0x3185, 0x62EB, 0x9471, 0x7BAE, 0x9CD2, 0x840F, 0x39A6, 0x5A69, 0x838E,
  0x62CB, 0x2924, 0x5289, 0x7B8D, 0x4A07, 0x49A6, 0x3164, 0x2985, 0x31A6, 0x3164, 0x2924, 0x5269, 0x41C6, 0x3944, 0x1081, 0x4103,
  0x69A4, 0x6289, 0x5A89, 0x5228, 0x5A68, 0x49C6, 0x28E2, 0x1060, 0x3103, 0x5AA9, 0x62CA, 0x5A89, 0x3964, 0x0820, 0x2081, 0x6A67,
  0x7AC9, 0x51E6, 0x4A07, 0x1061, 0x1081, 0x4228, 0xA514, 0x73CF, 0xB596, 0xD69A, 0xB5D7, 0xDF1C, 0x738E, 0x18E3, 0x39E7, 0x4A69,
  0x31C7, 0x4208, 0x632C, 0x3186, 0x10A2, 0x0020, 0x0841, 0x52AB, 0x634D, 0x7BF0, 0x9CF4, 0x5AEC, 0x18E3, 0x1904, 0x31C7, 0x4249,
  0x73CF, 0x52AA, 0x5AEC, 0x52CB, 0x2125, 0x10A3, 0x0000, 0x0040, 0x0861, 0x0861, 0x0861, 0x0841, 0x0000, 0x0000, 0x0000, 0x0000,
  0x0861, 0x18E3, 0x1082, 0x1061, 0x0820, 0x0000, 0x0000, 0x0000, 0x0000, 0x1040, 0x1040, 0x1020, 0x2040, 0x3000, 0x5800, 0x7000,
  0x8800, 0x9821, 0x9800, 0xA0A3, 0x98E3, 0x9124, 0x88C3, 0x80E3, 0x89C7, 0x8229, 0x30E4, 0x10A3, 0x1082, 0x0882, 0x0862, 0x0862,
  0x0862, 0x0862, 0x0862, 0x0861, 0x0861, 0x0862, 0x0862, 0x0862, 0x0882, 0x0882, 0x10A2, 0x10A3, 0x10A2, 0x0882, 0x0862, 0x0861,
  0x0841, 0x0841, 0x18C3, 0x0000, 0x0000, 0x0000, 0x0000, 0x0000, 0x0000, 0x0000, 0x0000, 0x0000, 0x0000, 0x0000, 0x0000, 0x0000,
  0x0000, 0x0000, 0x0000, 0x0000, 0x0000, 0x0000, 0x0000, 0x0000, 0x0000, 0x0000, 0x0000, 0x0000, 0x0000, 0x0000, 0x0861, 0x0840,
  0x0840, 0x0000, 0x0000, 0x0841, 0x0861, 0x1082, 0x18C3, 0x10A2, 0x0861, 0x0020, 0x18A3, 0x18E3, 0x0020, 0x1082, 0x0861, 0x0820,
  0x18A2, 0x1061, 0x2124, 0x18C3, 0x1082, 0x10C3, 0x0841, 0x0800, 0x0841, 0x2966, 0x29A6, 0x18C3, 0x1861, 0x1882, 0x2966, 0x31A7,
  0x20C3, 0x2040, 0x1020, 0x2124, 0x2124, 0x3186, 0x2104, 0x0020, 0x0861, 0x1061, 0x1040, 0x72C9, 0x832B, 0x2945, 0x6B4D, 0x4208,
  0x2966, 0x0841, 0x0020, 0x0841, 0x1061, 0x0840, 0x2081, 0x6AA9, 0x834C, 0x836C, 0x5A47, 0x4A07, 0x2924, 0x1061, 0x0820, 0x0800,
  0x1040, 0x1061, 0x1041, 0x1081, 0x1061, 0x0840, 0x2924, 0x2924, 0x18C2, 0x39A6, 0x4A48, 0x41E7, 0x3985, 0x5248, 0x83EF, 0x8C50,
  0x840F, 0x5ACA, 0x2965, 0x5AAA, 0x4A48, 0x5289, 0x62EB, 0x2924, 0x5248, 0x6B0B, 0x5289, 0x62EA, 0x41A5, 0x5A27, 0x8BAC, 0x9C2F,
  0x940E, 0x942F, 0xA491, 0x7B6D, 0x62A9, 0x3124, 0x3985, 0xAD34, 0xDEFB, 0xF77D, 0xFFFF, 0xDEDB, 0xD6BA, 0x62EB, 0x1061, 0x0840,
  0x0840, 0x0000, 0x0841, 0x0000, 0x4A69, 0x73CF, 0x5AEC, 0x94B3, 0xE73D, 0xD69A, 0x9D14, 0xCE9A, 0xA514, 0x2125, 0x10A2, 0x2965,
  0x1904, 0x2104, 0x2103, 0x0861, 0x0000, 0x0020, 0x31C7, 0x4A8A, 0x3A08, 0x7C10, 0x5B2C, 0x31A7, 0x18E3, 0x0882, 0x39E8, 0x4229,
  0x5B2D, 0x3A28, 0x31A6, 0x31A7, 0x10A2, 0x0020, 0x0861, 0x0020, 0x0000, 0x0020, 0x0000, 0x0000, 0x0041, 0x10C3, 0x10A2, 0x0021,
  0x0820, 0x0861, 0x0841, 0x0820, 0x0000, 0x0000, 0x0020, 0x0840, 0x0820, 0x0840, 0x1061, 0x2103, 0x2944, 0x10C2, 0x0800, 0x2000,
  0x2820, 0x2020, 0x2041, 0x2061, 0x2082, 0x1882, 0x1882, 0x1082, 0x0862, 0x0862, 0x10A3, 0x08A3, 0x0882, 0x0862, 0x0862, 0x0862,
  0x0862, 0x0862, 0x0862, 0x0862, 0x0862, 0x0861, 0x0862, 0x0862, 0x0882, 0x0882, 0x0882, 0x0882, 0x0882, 0x0862, 0x0861, 0x0841,
  0x0021, 0x10A3, 0x0020, 0x0000, 0x0000, 0x0000, 0x0000, 0x0000, 0x0000, 0x0000, 0x0000, 0x0000, 0x0000, 0x0000, 0x0000, 0x0000,
  0x0000, 0x0000, 0x0000, 0x0000, 0x0000, 0x0000, 0x0000, 0x0000, 0x0000, 0x0000, 0x0000, 0x0000, 0x0000, 0x0000, 0x0000, 0x0861,
  0x0000, 0x0000, 0x0840, 0x0861, 0x0841, 0x0861, 0x10C2, 0x10A2, 0x0861, 0x2145, 0x0020, 0x0000, 0x0000, 0x0861, 0x0861, 0x20E3,
  0x3186, 0x18E3, 0x1882, 0x2861, 0x3186, 0x2145, 0x1041, 0x1040, 0x2965, 0x31C7, 0x31C7, 0x2145, 0x1881, 0x1020, 0x0840, 0x1082,
  0x0800, 0x1040, 0x2965, 0x31C7, 0x18E3, 0x3186, 0x2965, 0x0820, 0x1082, 0x0861, 0x0800, 0x4164, 0x5A47, 0x2124, 0x31A6, 0x18E3,
  0x10A3, 0x0861, 0x10A2, 0x0861, 0x0861, 0x0000, 0x0840, 0x1060, 0x1040, 0x1040, 0x3144, 0x4185, 0x3123, 0x3986, 0x5289, 0x5269,
  0x6B2C, 0x8C0F, 0x8C0F, 0x62EB, 0x4A69, 0x3165, 0x2945, 0x18C3, 0x10C2, 0x20E3, 0x18C2, 0x0820, 0x3164, 0x39A6, 0x20E3, 0x1060,
  0x2924, 0x2944, 0x4A07, 0x6ACA, 0x6AA9, 0x7B6C, 0x7B4B, 0x5227, 0x5A68, 0x41C6, 0x18A1, 0x49E6, 0x6268, 0x940E, 0xB533, 0xDE99,
  0xF77D, 0xF79E, 0xFFDE, 0xF79E, 0xEF5C, 0x5AA9, 0x20C2, 0x7BAD, 0xB554, 0xE6FB, 0xDE99, 0xC5B5, 0x9CB1, 0x5248, 0x0840, 0x39E7,
  0x4A6A, 0x7C10, 0x94B2, 0x3A08, 0x10A2, 0x31A6, 0x52CB, 0x6B6E, 0x7BF0, 0xAD76, 0x8C92, 0x8C51, 0x630C, 0x39C7, 0x2104, 0x10A2,
  0x0000, 0x0000, 0x0861, 0x0841, 0x10A2, 0x52EC, 0x4AAB, 0x634E, 0x9CF4, 0x8431, 0x52AB, 0x52CB, 0x3A29, 0x0841, 0x2124, 0x2125,
  0x31C7, 0x3186, 0x1082, 0x18C3, 0x0020, 0x0020, 0x0020, 0x0000, 0x0000, 0x0000, 0x0000, 0x0021, 0x3186, 0x31A7, 0x2145, 0x18E3,
  0x1082, 0x0820, 0x0000, 0x0000, 0x0000, 0x1040, 0x1061, 0x18A2, 0x20C2, 0x1040, 0x20A2, 0x28E2, 0x1861, 0x1040, 0x0841, 0x0862,
  0x0882, 0x08A3, 0x10C3, 0x10E4, 0x10E4, 0x10E4, 0x10E4, 0x10C4, 0x10C3, 0x10C3, 0x08A2, 0x0882, 0x0862, 0x0862, 0x0862, 0x0862,
  0x0862, 0x0862, 0x0862, 0x0862, 0x0862, 0x0862, 0x0862, 0x0882, 0x0882, 0x1082, 0x1082, 0x0882, 0x0882, 0x0862, 0x0841, 0x0041,
  0x0862, 0x10A3, 0x0000, 0x0000, 0x0000, 0x0000, 0x0000, 0x0000, 0x0000, 0x0000, 0x0000, 0x0000, 0x0000, 0x0000, 0x0000, 0x0000,
  0x0000, 0x0000, 0x0000, 0x0000, 0x0000, 0x0000, 0x0000, 0x0000, 0x0000, 0x0000, 0x0000, 0x0000, 0x0000, 0x0000, 0x0000, 0x0882,
  0x0020, 0x0020, 0x0861, 0x1082, 0x1082, 0x1082, 0x0881, 0x0020, 0x0882, 0x2145, 0x0040, 0x0020, 0x1082, 0x0861, 0x0020, 0x2104,
  0x2145, 0x2145, 0x1861, 0x2041, 0x2986, 0x2945, 0x2061, 0x1881, 0x2945, 0x39C7, 0x2145, 0x2145, 0x18E3, 0x1861, 0x28C2, 0x1882,
  0x1040, 0x31A6, 0x4A6A, 0x528A, 0x2104, 0x18A2, 0x18C2, 0x0841, 0x10A2, 0x1082, 0x0840, 0x18E3, 0x2104, 0x0861, 0x3186, 0x5B0C,
  0x4208, 0x39C7, 0x31C7, 0x39E7, 0x2965, 0x0841, 0x0000, 0x0000, 0x1061, 0x4A28, 0x5ACB, 0x0000, 0x1881, 0x39A5, 0x3965, 0x5248,
  0x8C30, 0x7B8D, 0x6B2C, 0x5269, 0x630C, 0x4A28, 0x18C3, 0x31A6, 0x4207, 0x5AAA, 0x5ACA, 0x4A28, 0x49E7, 0x7B6D, 0x7BCE, 0x6B0B,
  0x5AA9, 0x20C2, 0x6AA8, 0xC5B5, 0xD658, 0xD637, 0xD657, 0xEF3B, 0xD678, 0xBD74, 0x6B0B, 0x20E2, 0x41A6, 0x62EB, 0x840F, 0xAD54,
  0xD699, 0xFFFF, 0xC5F7, 0xCE38, 0xC5F6, 0x3164, 0x20C2, 0x18A2, 0x2903, 0x6289, 0x41A5, 0x3143, 0x18A1, 0x0020, 0x52CB, 0x8451,
  0x73CF, 0xA576, 0xBE18, 0x8CB3, 0x6B6D, 0x2124, 0x3A08, 0x632D, 0x632D, 0x7C10, 0x6B6D, 0x5B0C, 0x4A8A, 0x10A2, 0x0861, 0x18C3,
  0x10C3, 0x31C7, 0x31A7, 0x18E3, 0x0862, 0x4229, 0x52CB, 0x6BAF, 0x632D, 0x52CB, 0x4A6A, 0x31C7, 0x31A7, 0x0020, 0x0840, 0x1082,
  0x0841, 0x0020, 0x0861, 0x0840, 0x0020, 0x0841, 0x0000, 0x0020, 0x0000, 0x0020, 0x1082, 0x0861, 0x2945, 0x2966, 0x10A2, 0x0861,
  0x0861, 0x0020, 0x0841, 0x0841, 0x0820, 0x1040, 0x0820, 0x1861, 0x28C2, 0x1040, 0x1020, 0x1881, 0x18A2, 0x0861, 0x0862, 0x0882,
  0x0882, 0x10A3, 0x10A3, 0x10C3, 0x10C3, 0x10C3, 0x10C3, 0x10C3, 0x10A3, 0x10A3, 0x0882, 0x0862, 0x0061, 0x0041, 0x0861, 0x0862,
  0x0862, 0x0862, 0x0862, 0x0862, 0x0862, 0x0862, 0x0882, 0x0882, 0x10A2, 0x10A3, 0x10A2, 0x0882, 0x0862, 0x0841, 0x0041, 0x0021,
  0x1082, 0x0000, 0x0000, 0x0000, 0x0000, 0x0000, 0x0000, 0x0000, 0x0000, 0x0000, 0x0000, 0x0000, 0x0000, 0x0000, 0x0000, 0x0000,
  0x0000, 0x0000, 0x0000, 0x0000, 0x0000, 0x0000, 0x0000, 0x0000, 0x0000, 0x0000, 0x0000, 0x0000, 0x0000, 0x0000, 0x0000, 0x0000,
  0x0861, 0x0841, 0x0841, 0x0861, 0x0861, 0x0861, 0x0861, 0x0020, 0x2104, 0x0861, 0x18E3, 0x31A6, 0x2945, 0x0841, 0x20C2, 0x20A1,
  0x10A2, 0x18C3, 0x0820, 0x2081, 0x3165, 0x3124, 0x1820, 0x0820, 0x18E3, 0x31A6, 0x10A2, 0x2124, 0x2924, 0x1861, 0x41E7, 0x2966,
  0x0840, 0x41E7, 0x31A6, 0x39C7, 0x1082, 0x2104, 0x39E7, 0x2124, 0x2145, 0x1904, 0x1061, 0x0840, 0x18A2, 0x0841, 0x10A2, 0x2945,
  0x73AE, 0xAD76, 0x52AA, 0x31A6, 0x52AA, 0x3186, 0x1082, 0x2104, 0x20E3, 0x20E3, 0x2965, 0x18C3, 0x0020, 0x1061, 0x1881, 0x2903,
  0x39A5, 0x2103, 0x3985, 0x4207, 0x39C6, 0x18C3, 0x5268, 0x83AD, 0x8C0F, 0xA4D1, 0xAD33, 0x9CB1, 0x9CB1, 0x62EA, 0x3164, 0x734C,
  0x738D, 0x39A6, 0x3963, 0xAD13, 0xCE79, 0xC617, 0xDEDB, 0xE71C, 0xE71B, 0xDEFB, 0xCE59, 0x41E7, 0x0000, 0x2103, 0x5289, 0x7B8D,
  0xAD34, 0xA513, 0x9471, 0x5A89, 0x20C2, 0x20E2, 0x9CB2, 0xBDD7, 0xAD54, 0xE71C, 0xBDF7, 0x8C51, 0x2103, 0x3186, 0x7C10, 0x7BEF,
  0xB5D7, 0xD6BA, 0xBE18, 0xA514, 0x8430, 0x39E7, 0x2945, 0x31A7, 0x39E7, 0x4A69, 0x2104, 0x2144, 0x18E3, 0x0000, 0x39E8, 0x52AB,
  0x3A08, 0x5AEC, 0x73F0, 0x7C10, 0x31C7, 0x0882, 0x2965, 0x4A8A, 0x4269, 0x4A8A, 0x31A7, 0x2966, 0x3186, 0x0861, 0x0040, 0x0000,
  0x0000, 0x0000, 0x0000, 0x1082, 0x2965, 0x18E4, 0x0020, 0x0000, 0x0020, 0x0841, 0x10A2, 0x1082, 0x18E3, 0x18C3, 0x0840, 0x0000,
  0x0000, 0x0020, 0x18E3, 0x2965, 0x2103, 0x0841, 0x0000, 0x0000, 0x0820, 0x10A2, 0x2124, 0x1904, 0x0882, 0x0862, 0x0862, 0x0862,
  0x0882, 0x10A3, 0x10A3, 0x10C3, 0x10C3, 0x10C3, 0x10C3, 0x10A3, 0x10A3, 0x0882, 0x0862, 0x0862, 0x0041, 0x0041, 0x0041, 0x0041,
  0x0041, 0x0041, 0x0861, 0x0861, 0x0862, 0x0862, 0x0862, 0x0882, 0x10A2, 0x10A2, 0x1082, 0x0862, 0x0861, 0x0841, 0x0021, 0x0862,
  0x0841, 0x0000, 0x0000, 0x0000, 0x0000, 0x0000, 0x0000, 0x0000, 0x0000, 0x0000, 0x0000, 0x0000, 0x0000, 0x0000, 0x0000, 0x0000,
  0x0000, 0x0000, 0x0000, 0x0000, 0x0000, 0x0000, 0x0000, 0x0000, 0x0000, 0x0000, 0x0000, 0x0000, 0x0000, 0x0000, 0x0000, 0x0000,
  0x0841, 0x0861, 0x0020, 0x0861, 0x1082, 0x0861, 0x0000, 0x0861, 0x18E3, 0x18E3, 0x39E7, 0x4228, 0x18E3, 0x0841, 0x49C6, 0x5943,
  0x2040, 0x0000, 0x0840, 0x1081, 0x1861, 0x1061, 0x1061, 0x1020, 0x0820, 0x1061, 0x1061, 0x1082, 0x1041, 0x18C3, 0x4229, 0x2945,
  0x0841, 0x20C2, 0x41C6, 0x2965, 0x3186, 0x5AEB, 0x2104, 0x2945, 0x39C7, 0x4228, 0x1904, 0x0861, 0x0000, 0x0020, 0x2945, 0x2945,
  0x39E7, 0x52AA, 0x4228, 0x4207, 0x39C7, 0x2104, 0x4A48, 0x528A, 0x3186, 0x630C, 0x10A2, 0x10A2, 0x0861, 0x0000, 0x0840, 0x0820,
  0x18A2, 0x18C2, 0x18C3, 0x10A2, 0x10C3, 0x2944, 0xA4D2, 0xBDB6, 0xB596, 0xA4F3, 0xAD34, 0xBDD6, 0xE71C, 0xC618, 0x5AAA, 0x6B2C,
  0x8C30, 0x62EB, 0x41E7, 0x3944, 0x6289, 0x9C71, 0x9CD2, 0xBDD6, 0xD699, 0xB595, 0xB595, 0x4A07, 0x18C2, 0x0000, 0x0840, 0x1081,
  0x1082, 0x1081, 0x20E3, 0x1081, 0x5AEB, 0xBDD7, 0xBDD7, 0xB595, 0xC638, 0xEF7D, 0xF7BE, 0xBDD7, 0x73AE, 0x4A69, 0x5AEB, 0x73AF,
  0x7BF0, 0x9CF4, 0x8C92, 0x5AEB, 0x5AEB, 0x2945, 0x10A2, 0x39C7, 0x2945, 0x2124, 0x18C3, 0x0881, 0x0041, 0x31A6, 0x4249, 0x3A28,
  0x4A8A, 0x7C10, 0x94D3, 0x4249, 0x39E8, 0x18E3, 0x31A6, 0x31C7, 0x31A7, 0x2104, 0x1904, 0x1904, 0x0021, 0x0841, 0x0020, 0x0000,
  0x0000, 0x0861, 0x10A3, 0x2145, 0x2986, 0x2104, 0x1082, 0x0000, 0x0000, 0x1082, 0x1082, 0x0861, 0x18C2, 0x1081, 0x0000, 0x0000,
  0x0000, 0x0840, 0x1061, 0x18E3, 0x2944, 0x1061, 0x18A2, 0x3165, 0x2124, 0x2966, 0x10C3, 0x0041, 0x0862, 0x0862, 0x0862, 0x0862,
  0x0882, 0x0882, 0x10A3, 0x10A3, 0x10C3, 0x10C3, 0x10C3, 0x10A3, 0x0882, 0x0882, 0x0862, 0x0041, 0x0041, 0x0041, 0x0041, 0x0041,
  0x0041, 0x0041, 0x0041, 0x0041, 0x0861, 0x0861, 0x0862, 0x0882, 0x0882, 0x0882, 0x0882, 0x0862, 0x0041, 0x0041, 0x0841, 0x10A3,
  0x0000, 0x0000, 0x0000, 0x0000, 0x0000, 0x0000, 0x0000, 0x0000, 0x0000, 0x0000, 0x0000, 0x0000, 0x0000, 0x0000, 0x0000, 0x0000,
  0x0000, 0x0000, 0x0000, 0x0000, 0x0000, 0x0000, 0x0000, 0x0000, 0x0000, 0x0000, 0x0000, 0x0000, 0x0000, 0x0000, 0x0000, 0x0000,
  0x0000, 0x1082, 0x0861, 0x1082, 0x0861, 0x0000, 0x0000, 0x0020, 0x1082, 0x31A6, 0x39C6, 0x3186, 0x0861, 0x1881, 0x2881, 0x30A2,
  0x7227, 0x4103, 0x0000, 0x2965, 0x2965, 0x10A2, 0x0840, 0x18C2, 0x18C2, 0x1861, 0x1081, 0x1082, 0x1061, 0x2124, 0x39C7, 0x10A2,
  0x1082, 0x0820, 0x1861, 0x2924, 0x4A8A, 0x5AEB, 0x10A2, 0x10A2, 0x4A48, 0x41E7, 0x2965, 0x2965, 0x1061, 0x1082, 0x39C7, 0x4228,
  0x39C7, 0x52AA, 0x5AEB, 0x5AEB, 0x8431, 0x2965, 0x3185, 0x8430, 0xA514, 0xB5B6, 0x39C7, 0x2103, 0x5AAA, 0x2965, 0x39E7, 0x2965,
  0x10A2, 0x1082, 0x0020, 0x1082, 0x2103, 0x2124, 0x41E6, 0xB595, 0xF79E, 0x94B2, 0x528A, 0x6B2C, 0x8C30, 0xAD34, 0x736D, 0x18C2,
  0x4A48, 0x528A, 0x4A28, 0x20E2, 0x1860, 0x41A6, 0x62CA, 0x9450, 0x6B0B, 0x7B8D, 0x4A27, 0x0000, 0x4207, 0x41E7, 0x4A28, 0x736D,
  0x4208, 0x18C2, 0x1061, 0x20E3, 0x630B, 0x7BCE, 0xB5B6, 0xC618, 0xE71C, 0xDEDB, 0xD69A, 0xAD55, 0xFFDF, 0x5AAA, 0x31A6, 0x4249,
  0x52CB, 0x73AF, 0x5AEC, 0x4A69, 0x5ACB, 0x1061, 0x0020, 0x0820, 0x0000, 0x0000, 0x0841, 0x18C3, 0x3A08, 0x9CF4, 0x52EC, 0x5AEC,
  0x8431, 0xA535, 0x6B8E, 0x2145, 0x73AF, 0x3186, 0x0862, 0x10A3, 0x18C3, 0x1082, 0x0841, 0x0000, 0x0000, 0x0020, 0x0000, 0x0000,
  0x0861, 0x1904, 0x2165, 0x31C7, 0x18E3, 0x2965, 0x10A2, 0x0020, 0x1082, 0x0841, 0x1041, 0x1020, 0x0820, 0x0000, 0x0000, 0x0000,
  0x0820, 0x1040, 0x1081, 0x1882, 0x1061, 0x0861, 0x18C2, 0x18C2, 0x0862, 0x0021, 0x0021, 0x0862, 0x0841, 0x0061, 0x0862, 0x0862,
  0x0862, 0x0882, 0x0882, 0x10A3, 0x10A3, 0x10A3, 0x10A3, 0x08A2, 0x0882, 0x0862, 0x0862, 0x0041, 0x0041, 0x0041, 0x0041, 0x0041,
  0x0041, 0x0041, 0x0041, 0x0041, 0x0041, 0x0041, 0x0861, 0x0862, 0x0862, 0x0862, 0x0862, 0x0041, 0x0041, 0x0020, 0x0861, 0x0020,
  0x0000, 0x0000, 0x0000, 0x0000, 0x0000, 0x0000, 0x0000, 0x0000, 0x0000, 0x0000, 0x0000, 0x0000, 0x0000, 0x0000, 0x0000, 0x0000,
  0x0000, 0x0000, 0x0000, 0x0000, 0x0000, 0x0000, 0x0000, 0x0000, 0x0000, 0x0000, 0x0000, 0x0000, 0x0000, 0x0000, 0x0000, 0x0000,
  0x0000, 0x0861, 0x18E3, 0x0841, 0x0000, 0x0882, 0x0841, 0x0020, 0x18C3, 0x2965, 0x2945, 0x18E3, 0x1881, 0x4124, 0x28E2, 0x2965,
  0x5207, 0x3923, 0x0841, 0x10C3, 0x2125, 0x0861, 0x1082, 0x3185, 0x39C7, 0x2945, 0x1082, 0x1082, 0x0841, 0x0840, 0x1061, 0x1061,
  0x18C2, 0x0841, 0x1061, 0x2104, 0x18C3, 0x31A6, 0x3165, 0x1061, 0x2965, 0x2945, 0x0861, 0x18C3, 0x1081, 0x1061, 0x18C2, 0x528A,
  0x73AF, 0xA555, 0x94B2, 0x4208, 0x528A, 0x738D, 0x41E7, 0x62EB, 0x7BAE, 0x73AE, 0x4A28, 0x73AE, 0xC617, 0x8C51, 0x94B2, 0xAD75,
  0x4A28, 0x18C3, 0x10A2, 0x0841, 0x0861, 0x1904, 0x1061, 0x4A27, 0x9CB1, 0x9CB2, 0x6B4C, 0x3185, 0x3185, 0x41C6, 0x1881, 0x18A2,
  0x1061, 0x0020, 0x0841, 0x0000, 0x0840, 0x20C2, 0x20C2, 0x28E2, 0x20C2, 0x0820, 0x1082, 0x630C, 0xDEFB, 0x8450, 0xB596, 0xF7BE,
  0xB596, 0x9CD3, 0x8431, 0x4A28, 0x2103, 0x5AAA, 0x7BCE, 0xA514, 0xA513, 0xC618, 0x9CF3, 0x9492, 0x9CF3, 0x5AAA, 0x18E3, 0x2124,
  0x31A7, 0x4A49, 0x39E7, 0x2945, 0x18E3, 0x0000, 0x18C3, 0x31A6, 0x4A6A, 0x6B6D, 0x4228, 0x0841, 0x10C3, 0x39C7, 0x52CB, 0x4269,
  0x4A6A, 0x4A8A, 0x52CB, 0x31C7, 0x31A7, 0x10A2, 0x0000, 0x0841, 0x0020, 0x0020, 0x0861, 0x0882, 0x0861, 0x0041, 0x0000, 0x0020,
  0x10A2, 0x2104, 0x2966, 0x31C6, 0x1081, 0x18A2, 0x0861, 0x18C3, 0x2124, 0x0840, 0x0820, 0x0800, 0x0020, 0x1061, 0x0820, 0x0000,
  0x0840, 0x1041, 0x1081, 0x0020, 0x0841, 0x18A2, 0x0882, 0x0041, 0x0041, 0x0041, 0x0041, 0x0041, 0x0041, 0x0041, 0x0041, 0x0841,
  0x0862, 0x0862, 0x0882, 0x0882, 0x0882, 0x10A3, 0x10A2, 0x0882, 0x0882, 0x0882, 0x0862, 0x0862, 0x0862, 0x0861, 0x0041, 0x0041,
  0x0041, 0x0041, 0x0041, 0x0041, 0x0041, 0x0041, 0x0041, 0x0861, 0x0861, 0x0041, 0x0041, 0x0041, 0x0021, 0x0862, 0x0861, 0x0000,
  0x0000, 0x0000, 0x0000, 0x0000, 0x0000, 0x0000, 0x0000, 0x0000, 0x0000, 0x0000, 0x0000, 0x0000, 0x0000, 0x0000, 0x0000, 0x0000,
  0x0000, 0x0000, 0x0000, 0x0000, 0x0000, 0x0000, 0x0000, 0x0000, 0x0000, 0x0000, 0x0000, 0x0000, 0x0000, 0x0000, 0x0000, 0x0000,
  0x0000, 0x0000, 0x10A2, 0x0841, 0x0841, 0x2945, 0x1904, 0x0841, 0x1082, 0x1081, 0x0861, 0x0840, 0x30E3, 0x4144, 0x2903, 0x2924,
  0x2965, 0x18E3, 0x1082, 0x18E3, 0x0820, 0x0000, 0x18E3, 0x31A6, 0x4228, 0x3186, 0x0820, 0x10A2, 0x2124, 0x18C3, 0x0020, 0x0820,
  0x18E3, 0x18C3, 0x18A2, 0x2924, 0x39E7, 0xAD14, 0x39A6, 0x0840, 0x0861, 0x39E7, 0x39E7, 0x2124, 0x18E3, 0x10A2, 0x0840, 0x5A89,
  0x738E, 0x4A49, 0x6B6D, 0x73AE, 0x18C2, 0x632C, 0x52AA, 0x3985, 0x62EB, 0x2924, 0x4A28, 0x9491, 0xBDF7, 0x7BCE, 0x736D, 0xC618,
  0x8410, 0x4A69, 0x18E3, 0x2966, 0x1082, 0x0820, 0x3186, 0x20E3, 0x18A2, 0x3144, 0x4A48, 0x4A49, 0x0840, 0x18C3, 0x5ACA, 0x8C51,
  0x8410, 0x5289, 0x5289, 0x632C, 0x2945, 0x2104, 0x18C2, 0x0820, 0x0841, 0x2124, 0x5AEB, 0x8430, 0x6B4D, 0xB596, 0xE73C, 0xD6BA,
  0xAD76, 0xAD76, 0xCE7A, 0xBDF8, 0x4208, 0x2944, 0x5269, 0x7BCF, 0x7BEF, 0xA514, 0x9492, 0x6B4D, 0x632C, 0x5AAA, 0x1082, 0x0000,
  0x20E3, 0x2104, 0x18A2, 0x0000, 0x0000, 0x39C7, 0x94D3, 0x7C10, 0x7BF0, 0xC67A, 0x94D3, 0x8C71, 0x1082, 0x0882, 0x31C7, 0x4A8A,
  0x5AEC, 0x5B0C, 0x4249, 0x2986, 0x18E3, 0x0000, 0x0000, 0x0000, 0x10A2, 0x2966, 0x31A7, 0x2145, 0x1082, 0x0000, 0x0000, 0x0861,
  0x1082, 0x10A3, 0x10A2, 0x2103, 0x18A2, 0x0820, 0x18C3, 0x18A2, 0x0861, 0x0000, 0x0000, 0x0800, 0x1020, 0x0840, 0x0020, 0x20E3,
  0x18A2, 0x1081, 0x10A2, 0x0841, 0x1081, 0x0861, 0x0041, 0x0041, 0x0041, 0x0041, 0x0041, 0x0041, 0x0041, 0x0041, 0x0041, 0x0041,
  0x0841, 0x0862, 0x0862, 0x0882, 0x0882, 0x0882, 0x0882, 0x0882, 0x0882, 0x0882, 0x0882, 0x0882, 0x0862, 0x0862, 0x0861, 0x0041,
  0x0041, 0x0041, 0x0041, 0x0041, 0x0041, 0x0041, 0x0041, 0x0041, 0x0041, 0x0041, 0x0041, 0x0021, 0x0020, 0x1082, 0x0000, 0x0000,
  0x0000, 0x0000, 0x0000, 0x0000, 0x0000, 0x0000, 0x0000, 0x0000, 0x0000, 0x0000, 0x0000, 0x0000, 0x0000, 0x0000, 0x0000, 0x0000,
  0x0000, 0x0000, 0x0000, 0x0000, 0x0000, 0x0000, 0x0000, 0x0000, 0x0000, 0x0000, 0x0000, 0x0000, 0x0000, 0x0000, 0x0000, 0x0000,
  0x0000, 0x0000, 0x0000, 0x0861, 0x0861, 0x18C3, 0x10A2, 0x0841, 0x2124, 0x4208, 0x1904, 0x0841, 0x30E3, 0x48C2, 0x38E2, 0x2924,
  0x20E3, 0x1081, 0x18C3, 0x2924, 0x0841, 0x0000, 0x18C3, 0x2965, 0x2145, 0x2124, 0x1061, 0x39C7, 0x39E7, 0x4A49, 0x2124, 0x2104,
  0x2144, 0x18E3, 0x18A2, 0x0000, 0x18A2, 0x5248, 0x18A2, 0x0841, 0x0820, 0x3186, 0x7C10, 0x31A6, 0x52AA, 0x31A6, 0x1081, 0x5228,
  0x7BAE, 0x73AE, 0x41E7, 0x9CD3, 0x528A, 0x5AEB, 0x1081, 0x18C2, 0x2103, 0x0841, 0x18E3, 0x3185, 0x41E7, 0x6B4D, 0xA514, 0xCE39,
  0x9CD3, 0x6B6D, 0x20E3, 0x1082, 0x4228, 0x39E8, 0x10A2, 0x1081, 0x0861, 0x0840, 0x20C2, 0x20C3, 0x18C3, 0x6B4D, 0x94B2, 0x9CD3,
  0xA514, 0x8410, 0x738D, 0xDEFB, 0x8410, 0xA534, 0x9CF3, 0x630C, 0x2965, 0x0841, 0x3186, 0x73AE, 0x7BCF, 0xC638, 0xB596, 0xA535,
  0xD69A, 0xD6BA, 0x94B2, 0x528A, 0x9CF3, 0x18E3, 0x18C2, 0x39C6, 0x528A, 0x630C, 0x4207, 0x3165, 0x3185, 0x2945, 0x1082, 0x0841,
  0x0000, 0x0000, 0x0000, 0x4228, 0x7C10, 0xA555, 0xC638, 0x94B2, 0xC638, 0xA555, 0x4229, 0x73AE, 0x4A8A, 0x18C3, 0x2986, 0x2125,
  0x2986, 0x3186, 0x2966, 0x18E3, 0x1082, 0x0000, 0x0861, 0x2986, 0x3A08, 0x31C7, 0x4228, 0x2986, 0x18E3, 0x0000, 0x0000, 0x0020,
  0x0841, 0x0020, 0x0841, 0x0840, 0x0000, 0x0020, 0x0861, 0x0820, 0x1800, 0x4800, 0x7000, 0x9000, 0xA000, 0x7861, 0x4082, 0x1840,
  0x1060, 0x2944, 0x18C2, 0x0841, 0x0841, 0x0041, 0x0041, 0x0041, 0x0041, 0x0041, 0x0041, 0x0041, 0x0041, 0x0041, 0x0041, 0x0041,
  0x0041, 0x0041, 0x0862, 0x0882, 0x0882, 0x08A2, 0x08A3, 0x10A3, 0x10A3, 0x10A3, 0x10A3, 0x0882, 0x0882, 0x0862, 0x0862, 0x0862,
  0x0861, 0x0861, 0x0861, 0x0862, 0x0861, 0x0861, 0x0861, 0x0841, 0x0041, 0x0041, 0x0021, 0x0020, 0x0862, 0x0000, 0x0000, 0x0000,
  0x0000, 0x0000, 0x0000, 0x0000, 0x0000, 0x0000, 0x0000, 0x0000, 0x0000, 0x0000, 0x0000, 0x0000, 0x0000, 0x0000, 0x0000, 0x0000,
  0x0000, 0x0000, 0x0000, 0x0000, 0x0000, 0x0000, 0x0000, 0x0000, 0x0000, 0x0000, 0x0000, 0x0000, 0x0000, 0x0000, 0x0000, 0x0000,
  0x0000, 0x0000, 0x0000, 0x0020, 0x1082, 0x0861, 0x1082, 0x18C3, 0x2965, 0x31A6, 0x0841, 0x3103, 0x4923, 0x5902, 0x51C5, 0x4228,
  0x2124, 0x0861, 0x18C2, 0x18A2, 0x0841, 0x0020, 0x0861, 0x2944, 0x3186, 0x10A2, 0x2924, 0x5ACB, 0x39E7, 0x2965, 0x2124, 0x39C7,
  0x4228, 0x39C7, 0x1040, 0x5A69, 0x39A6, 0x20E3, 0x2965, 0x18A2, 0x0841, 0x20E3, 0x4228, 0x5ACB, 0x528A, 0x4208, 0x1903, 0x0000,
  0x3165, 0xAD54, 0x736D, 0x5269, 0x2103, 0x5ACB, 0x6B4C, 0x9491, 0xC5F7, 0x83EF, 0x9491, 0x4A48, 0x0840, 0x5269, 0x73AE, 0x8C30,
  0xA4F3, 0xAD75, 0x6B4D, 0x0861, 0x39C7, 0x6B6E, 0x4229, 0x10A2, 0x0000, 0x0841, 0x20C2, 0x1061, 0x18A2, 0x39C7, 0x738E, 0x9CB2,
  0xE73C, 0xDEDB, 0xBDF7, 0x8C50, 0x8C50, 0xC638, 0x7BCF, 0x738E, 0xBDD7, 0x7BCF, 0x3186, 0x52AA, 0x4228, 0x7C10, 0x7BEF, 0x94B2,
  0x73AF, 0x9CF3, 0x9D14, 0x9CF3, 0x94D3, 0x39E7, 0x0000, 0x1081, 0x20E3, 0x1061, 0x0000, 0x0020, 0x0000, 0x0000, 0x0841, 0x2965,
  0x39E8, 0x2124, 0x3A08, 0x7BEF, 0xAD75, 0xD6BA, 0x9D14, 0x634D, 0x7BEF, 0xA535, 0x8431, 0x73AF, 0x5AEC, 0x0882, 0x0861, 0x10A2,
  0x1082, 0x0861, 0x0861, 0x0840, 0x0000, 0x0861, 0x2125, 0x2966, 0x31A7, 0x4249, 0x18E3, 0x2145, 0x2124, 0x0841, 0x0000, 0x0000,
  0x0020, 0x0000, 0x0000, 0x0000, 0x0841, 0x0861, 0x0861, 0x2000, 0x8800, 0xC820, 0xE882, 0xF30C, 0xFB4D, 0xFA4A, 0xEA6A, 0xBA48,
  0x71A6, 0x20A2, 0x0000, 0x0041, 0x0862, 0x0041, 0x0041, 0x0041, 0x0041, 0x0041, 0x0041, 0x0041, 0x0041, 0x0041, 0x0041, 0x0041,
  0x0041, 0x0862, 0x0862, 0x0882, 0x10A2, 0x10A3, 0x10A3, 0x10A3, 0x10A3, 0x10A3, 0x10A3, 0x10A2, 0x0882, 0x0882, 0x0862, 0x0862,
  0x0862, 0x0882, 0x0882, 0x0882, 0x0882, 0x0882, 0x0882, 0x0862, 0x0861, 0x0041, 0x0020, 0x0841, 0x0861, 0x0000, 0x0000, 0x0000,
  0x0000, 0x0000, 0x0000, 0x0000, 0x0000, 0x0000, 0x0000, 0x0000, 0x0000, 0x0000, 0x0000, 0x0000, 0x0000, 0x0000, 0x0000, 0x0000,
  0x0000, 0x0000, 0x0000, 0x0000, 0x0000, 0x0000, 0x0000, 0x0000, 0x0000, 0x0000, 0x0000, 0x0000, 0x0000, 0x0000, 0x0000, 0x0000,
  0x0000, 0x0000, 0x0000, 0x0000, 0x0861, 0x0882, 0x1082, 0x0861, 0x10A2, 0x0861, 0x2081, 0x4102, 0x48E2, 0x3103, 0x31A7, 0x3186,
  0x2124, 0x1082, 0x1061, 0x0820, 0x0861, 0x10A2, 0x0820, 0x20E3, 0x18C3, 0x0840, 0x2945, 0x31A6, 0x3186, 0x2945, 0x10A2, 0x2124,
  0x4228, 0x2944, 0x5249, 0xBD96, 0x7BEF, 0x630C, 0x39E7, 0x10A2, 0x1082, 0x18C2, 0x5289, 0x6B4D, 0x2965, 0x18E3, 0x10A2, 0x1082,
  0x3185, 0x41E7, 0x3186, 0x630B, 0x840F, 0xDF1C, 0xA514, 0xB5B6, 0xDEFB, 0xA513, 0xCE59, 0xE71C, 0x83EF, 0x20E3, 0x4207, 0x62EB,
  0x630C, 0x5ACA, 0x4208, 0x2104, 0x10A2, 0x39E8, 0x39C7, 0x31A7, 0x31A6, 0x10A2, 0x1061, 0x18A2, 0x0841, 0x39A6, 0x6B4D, 0x7BCF,
  0x9492, 0xA4F3, 0x83EF, 0x4A48, 0xB596, 0x9CD2, 0x630C, 0x8C30, 0xC638, 0x9CF3, 0x39E7, 0x0820, 0x4A69, 0x7BCF, 0x73AE, 0x7BCF,
  0x9CF3, 0x9CF3, 0x630C, 0x6B6D, 0x5AEB, 0x2945, 0x1082, 0x1082, 0x0000, 0x10A2, 0x31A6, 0x4229, 0x6B4D, 0x52AB, 0x4249, 0x2945,
  0x2104, 0x2965, 0x5AEB, 0x52AA, 0x9492, 0xA555, 0x634D, 0x4249, 0x5AEC, 0xB5B6, 0x7C10, 0x630C, 0x39C7, 0x0841, 0x0000, 0x0020,
  0x0020, 0x0020, 0x0841, 0x0861, 0x0000, 0x2104, 0x29A6, 0x1904, 0x2145, 0x1904, 0x2124, 0x2124, 0x0021, 0x0020, 0x0841, 0x1082,
  0x0861, 0x18C3, 0x10C3, 0x0000, 0x0841, 0x1082, 0x2000, 0x8800, 0xD001, 0xF8C3, 0xF8C3, 0xFA29, 0xF1C7, 0xF1C7, 0xEAEC, 0xFDB6,
  0xFEBA, 0xDCB2, 0x7249, 0x2924, 0x10C3, 0x0021, 0x0041, 0x0041, 0x0041, 0x0041, 0x0041, 0x0041, 0x0041, 0x0041, 0x0041, 0x0041,
  0x0041, 0x0862, 0x0882, 0x10A3, 0x10A3, 0x10A3, 0x10A3, 0x10A3, 0x10A3, 0x10A3, 0x10A3, 0x10A2, 0x0882, 0x0882, 0x0882, 0x0882,
  0x0882, 0x0882, 0x10A2, 0x10A3, 0x10C3, 0x10A3, 0x10A3, 0x1082, 0x0862, 0x0841, 0x0841, 0x0841, 0x0000, 0x0000, 0x0000, 0x0000,
  0x0000, 0x0000, 0x0000, 0x0000, 0x0000, 0x0000, 0x0000, 0x0000, 0x0000, 0x0000, 0x0000, 0x0000, 0x0000, 0x0000, 0x0000, 0x0000,
  0x0000, 0x0000, 0x0000, 0x0000, 0x0000, 0x0000, 0x0000, 0x0000, 0x0000, 0x0000, 0x0000, 0x0000, 0x0000, 0x0000, 0x0000, 0x0000,
  0x0000, 0x0000, 0x0000, 0x0000, 0x0000, 0x1082, 0x0841, 0x0020, 0x0881, 0x0020, 0x2881, 0x30A1, 0x30C2, 0x20C2, 0x18C3, 0x10A2,
  0x2104, 0x18C3, 0x0020, 0x0882, 0x2124, 0x39C7, 0x18E3, 0x0000, 0x0000, 0x0841, 0x10A2, 0x39C7, 0x39E7, 0x2124, 0x18C3, 0x39E7,
  0x0841, 0x18C2, 0x7BAE, 0x52AA, 0x31C6, 0x5AEB, 0x39E7, 0x18E3, 0x18A2, 0x18A2, 0x2944, 0x2944, 0x2944, 0x2124, 0x31A7, 0x20E3,
  0x2924, 0x5269, 0x9492, 0x9492, 0xA514, 0xD6BA, 0xD6BA, 0xC618, 0xEF5D, 0xD67A, 0xE73C, 0xD679, 0xA513, 0x6B4C, 0x0000, 0x3185,
  0x5ACB, 0x630C, 0x528A, 0x39E8, 0x0861, 0x1082, 0x18C3, 0x3186, 0x634D, 0x4229, 0x3A08, 0x18C3, 0x1082, 0x4A48, 0x4207, 0x5ACB,
  0x4207, 0x4207, 0x3185, 0x18A2, 0x5AEB, 0x39E7, 0x2104, 0x73CE, 0x630C, 0xAD54, 0x8430, 0x39E7, 0x20E3, 0x4207, 0x5AEB, 0x5AEC,
  0x8410, 0x52AA, 0x39C6, 0x3165, 0x18A2, 0x0000, 0x0861, 0x31A6, 0x39E8, 0x94B3, 0x8C92, 0xCE79, 0xC638, 0x73AF, 0xA514, 0xA514,
  0x3186, 0x0020, 0x2124, 0x4228, 0x630C, 0x6B6E, 0x6B8E, 0x52CB, 0x6B6E, 0x8C72, 0x3A08, 0x2965, 0x18C3, 0x0020, 0x0000, 0x0000,
  0x0041, 0x18E4, 0x2986, 0x39E8, 0x2965, 0x0862, 0x2966, 0x2125, 0x10A2, 0x0861, 0x18A2, 0x0841, 0x0020, 0x10A3, 0x18E3, 0x18E3,
  0x18C3, 0x18C2, 0x18E3, 0x1082, 0x1082, 0x0841, 0x4800, 0xA820, 0xB021, 0xB062, 0xB061, 0xB000, 0xA000, 0xA861, 0xA9A6, 0xA269,
  0x89C7, 0x79A6, 0x6165, 0x2904, 0x10C3, 0x0882, 0x0041, 0x0041, 0x0041, 0x0041, 0x0041, 0x0041, 0x0041, 0x0041, 0x0041, 0x0041,
  0x0841, 0x0862, 0x0882, 0x10A3, 0x10A3, 0x10A3, 0x10A3, 0x10A3, 0x10A3, 0x10A3, 0x10A2, 0x0882, 0x0882, 0x0882, 0x0882, 0x0882,
  0x1082, 0x10A2, 0x10C3, 0x10C3, 0x18C3, 0x18C3, 0x18C3, 0x10A3, 0x1082, 0x0862, 0x1082, 0x0000, 0x0000, 0x0000, 0x0000, 0x0000,
  0x0000, 0x0000, 0x0000, 0x0000, 0x0000, 0x0000, 0x0000, 0x0000, 0x0000, 0x0000, 0x0000, 0x0000, 0x0000, 0x0000, 0x0000, 0x0000,
  0x0000, 0x0000, 0x0000, 0x0000, 0x0000, 0x0000, 0x0000, 0x0000, 0x0000, 0x0000, 0x0000, 0x0000, 0x0000, 0x0000, 0x0000, 0x0000,
  0x0000, 0x0000, 0x0000, 0x0000, 0x0000, 0x0020, 0x18C3, 0x1082, 0x0000, 0x28A1, 0x1861, 0x1882, 0x18A2, 0x18E3, 0x10A2, 0x1081,
  0x10A2, 0x0861, 0x1082, 0x2986, 0x2145, 0x1082, 0x1081, 0x0820, 0x20E3, 0x4208, 0x2124, 0x18C2, 0x2945, 0x1081, 0x18C3, 0x2103,
  0x18A2, 0x39C7, 0x2103, 0x39C6, 0x39E7, 0x31A6, 0x2965, 0x1081, 0x39A6, 0x39E7, 0x39E7, 0x4249, 0x2945, 0x6B6D, 0x3186, 0x39A6,
  0x7B8E, 0x83EF, 0x5ACB, 0x738E, 0xC618, 0xB5B6, 0x8410, 0x9CD3, 0xC618, 0xB596, 0xA513, 0x8C50, 0x5289, 0x9471, 0x2104, 0x0000,
  0x3185, 0x6B4C, 0x738E, 0x528A, 0x2945, 0x1061, 0x0840, 0x0861, 0x2104, 0x2104, 0x3A08, 0x31C7, 0x1082, 0x18A2, 0x18C3, 0x31A6,
  0x3185, 0x5289, 0x4A69, 0x738E, 0x5ACB, 0x4228, 0x39A6, 0x4A28, 0x39E7, 0x5289, 0x5AAA, 0x6B2C, 0x2944, 0x1081, 0x20E3, 0x41E7,
  0x39A6, 0x2924, 0x1061, 0x0820, 0x0000, 0x0862, 0x52AB, 0x8C92, 0x94B3, 0xA535, 0x94D3, 0xBE18, 0xD69A, 0x8C71, 0x6B6E, 0x634D,
  0x39E7, 0x0841, 0x10C3, 0x4208, 0x4A49, 0x4A69, 0x6B8E, 0x3A08, 0x39C7, 0x4229, 0x2945, 0x18C3, 0x0020, 0x0000, 0x1082, 0x2125,
  0x2966, 0x31C7, 0x31A7, 0x39E8, 0x31A7, 0x0882, 0x0861, 0x1082, 0x0841, 0x0840, 0x0020, 0x0000, 0x0861, 0x10A3, 0x2104, 0x10A2,
  0x18C3, 0x1082, 0x1061, 0x18A2, 0x0861, 0x0000, 0x1020, 0x2800, 0x2800, 0x2000, 0x3000, 0x3800, 0x3000, 0x2800, 0x2000, 0x1000,
  0x0800, 0x0000, 0x0861, 0x2966, 0x2145, 0x18E4, 0x08A2, 0x0862, 0x0041, 0x0041, 0x0041, 0x0041, 0x0041, 0x0041, 0x0041, 0x0041,
  0x0862, 0x0882, 0x0882, 0x10A3, 0x10A3, 0x10A3, 0x10A3, 0x10A2, 0x0882, 0x0882, 0x0882, 0x0882, 0x0882, 0x10A2, 0x10A3, 0x10C3,
  0x10C3, 0x10C3, 0x10C3, 0x18E3, 0x18E4, 0x18E4, 0x18E3, 0x18C3, 0x1082, 0x10A2, 0x0000, 0x0000, 0x0000, 0x0000, 0x0000, 0x0000,
  0x0000, 0x0000, 0x0000, 0x0000, 0x0000, 0x0000, 0x0000, 0x0000, 0x0000, 0x0000, 0x0000, 0x0000, 0x0000, 0x0000, 0x0000, 0x0000,
  0x0000, 0x0000, 0x0000, 0x0000, 0x0000, 0x0000, 0x0000, 0x0000, 0x0000, 0x0000, 0x0000, 0x0000, 0x0000, 0x0000, 0x0000, 0x0000,
  0x0000, 0x0000, 0x0000, 0x0000, 0x0000, 0x0000, 0x0020, 0x0861, 0x1860, 0x4944, 0x3986, 0x4A28, 0x2103, 0x0841, 0x0861, 0x2124,
  0x1082, 0x18C2, 0x3165, 0x4208, 0x2965, 0x1082, 0x0820, 0x1061, 0x3145, 0x4228, 0x2124, 0x20E3, 0x18E3, 0x0000, 0x18C2, 0x2924,
  0x41E7, 0x2103, 0x18C2, 0x3185, 0x528A, 0x2945, 0x18A2, 0x20E3, 0x39A6, 0x2945, 0x39C6, 0x2144, 0x18C3, 0x4A6A, 0x39E7, 0x5269,
  0x738D, 0x6B2C, 0x4207, 0x4A28, 0x736D, 0x8C30, 0x9CD3, 0xB5B6, 0x8C50, 0x6B2B, 0x6B2B, 0x5248, 0x18C2, 0x39A5, 0x2124, 0x0861,
  0x3186, 0x4A48, 0x20E3, 0x18A2, 0x2124, 0x18C3, 0x18C2, 0x0000, 0x0840, 0x1082, 0x2945, 0x4208, 0x4228, 0x31A6, 0x1082, 0x10A2,
  0x31A6, 0x8410, 0x8C51, 0xC638, 0x9D14, 0x6B6D, 0x738E, 0x6B4D, 0x4A28, 0x5269, 0x20E3, 0x20E2, 0x1061, 0x0020, 0x0841, 0x1041,
  0x0000, 0x0000, 0x0861, 0x0861, 0x2124, 0x4228, 0x5AEC, 0x6B4D, 0xAD75, 0xC639, 0x9CF3, 0x5B0C, 0x4A6A, 0x6B6E, 0x632C, 0x4229,
  0x528A, 0x0882, 0x0861, 0x2124, 0x2945, 0x2145, 0x3A08, 0x2966, 0x2104, 0x1082, 0x0020, 0x0000, 0x0000, 0x0841, 0x2966, 0x39E8,
  0x2965, 0x52AB, 0x39E8, 0x18C3, 0x18C3, 0x0841, 0x0000, 0x0000, 0x0020, 0x0000, 0x0000, 0x0020, 0x0841, 0x0841, 0x1081, 0x18A2,
  0x1082, 0x0840, 0x0020, 0x0000, 0x0000, 0x0000, 0x0841, 0x0840, 0x0000, 0x0800, 0x0800, 0x0800, 0x0000, 0x0000, 0x0020, 0x0861,
  0x0020, 0x18C3, 0x39E7, 0x39C7, 0x2986, 0x2145, 0x1904, 0x10C3, 0x0882, 0x0041, 0x0041, 0x0041, 0x0041, 0x0041, 0x0041, 0x0041,
  0x0862, 0x0882, 0x0882, 0x1082, 0x10A2, 0x10A3, 0x10A2, 0x0882, 0x0882, 0x0882, 0x0882, 0x0882, 0x10A2, 0x10A3, 0x10C3, 0x18E3,
  0x18E4, 0x18E3, 0x10C3, 0x18C3, 0x18E3, 0x18E3, 0x18E3, 0x18C3, 0x10A2, 0x0861, 0x0000, 0x0000, 0x0000, 0x0000, 0x0000, 0x0000,
  0x0000, 0x0000, 0x0000, 0x0000, 0x0000, 0x0000, 0x0000, 0x0000, 0x0000, 0x0000, 0x0000, 0x0000, 0x0000, 0x0000, 0x0000, 0x0000,
  0x0000, 0x0000, 0x0000, 0x0000, 0x0000, 0x0000, 0x0000, 0x0000, 0x0000, 0x0000, 0x0000, 0x0000, 0x0000, 0x0000, 0x0000, 0x0000,
  0x0000, 0x0000, 0x0000, 0x0000, 0x0000, 0x0000, 0x0000, 0x0820, 0x3103, 0x2904, 0x39C6, 0x39A6, 0x1081, 0x0861, 0x18C3, 0x10A2,
  0x1061, 0x10A2, 0x2104, 0x18E3, 0x2945, 0x10A2, 0x10A2, 0x18A2, 0x18C2, 0x18C2, 0x3185, 0x4A49, 0x528A, 0x1081, 0x4228, 0x4A48,
  0x52AA, 0x4208, 0x0841, 0x1061, 0x2124, 0x2103, 0x1081, 0x18E3, 0x4207, 0x5289, 0x4A69, 0x39C6, 0x2124, 0x4208, 0x39E7, 0x39A6,
  0x41E7, 0x3145, 0x2103, 0x3185, 0x4207, 0x4207, 0x5ACA, 0x736D, 0x49E7, 0x39A6, 0x20E3, 0x0840, 0x0000, 0x0000, 0x0000, 0x18A2,
  0x41E7, 0x2104, 0x18A2, 0x1082, 0x0000, 0x1082, 0x18C3, 0x31A6, 0x8410, 0xAD55, 0x73AF, 0xBE18, 0xAD55, 0xA555, 0x632D, 0x18C3,
  0x0841, 0x2945, 0x5269, 0x8410, 0x39E7, 0x5AEB, 0x9492, 0x6B4D, 0x4A49, 0x528A, 0x62EB, 0x2903, 0x0820, 0x0841, 0x0041, 0x0020,
  0x0000, 0x0862, 0x0841, 0x0000, 0x10C2, 0x31A6, 0x3A08, 0x528A, 0x7C10, 0x8430, 0x4A49, 0x39E8, 0x39E8, 0x4A69, 0x7BF0, 0x39E7,
  0x2124, 0x18C3, 0x0000, 0x0020, 0x0841, 0x0861, 0x18C3, 0x0861, 0x0841, 0x0000, 0x0000, 0x0000, 0x0020, 0x10A3, 0x2125, 0x2124,
  0x1904, 0x2145, 0x18C3, 0x10A2, 0x18C3, 0x0861, 0x0000, 0x0000, 0x0000, 0x0000, 0x0000, 0x0020, 0x0841, 0x0861, 0x0840, 0x0820,
  0x0000, 0x0000, 0x0000, 0x0000, 0x0820, 0x20A2, 0x20C2, 0x1082, 0x0020, 0x0840, 0x10C2, 0x0040, 0x0000, 0x0020, 0x0000, 0x0000,
  0x18E3, 0x39E8, 0x3A08, 0x3A08, 0x39E8, 0x31A7, 0x2966, 0x2125, 0x1904, 0x10C3, 0x0882, 0x0861, 0x0041, 0x0041, 0x0041, 0x0041,
  0x0862, 0x0882, 0x0882, 0x0882, 0x0882, 0x0882, 0x0882, 0x0882, 0x0882, 0x0882, 0x0882, 0x0882, 0x10A3, 0x10C3, 0x18E4, 0x1904,
  0x1904, 0x18E4, 0x10C3, 0x10C3, 0x10C3, 0x10C3, 0x10A3, 0x10C3, 0x0861, 0x0000, 0x0000, 0x0000, 0x0000, 0x0000, 0x0000, 0x0000,
  0x0000, 0x0000, 0x0000, 0x0000, 0x0000, 0x0000, 0x0000, 0x0000, 0x0000, 0x0000, 0x0000, 0x0000, 0x0000, 0x0000, 0x0000, 0x0000,
  0x0000, 0x0000, 0x0000, 0x0000, 0x0000, 0x0000, 0x0000, 0x0000, 0x0000, 0x0000, 0x0000, 0x0000, 0x0000, 0x0000, 0x0000, 0x0000,
  0x0000, 0x0000, 0x0000, 0x0000, 0x0000, 0x0000, 0x0000, 0x0000, 0x18A2, 0x2924, 0x2903, 0x1081, 0x0861, 0x18C3, 0x18C3, 0x0000,
  0x0020, 0x18C3, 0x4A48, 0x31A6, 0x0840, 0x2104, 0x52AA, 0x2124, 0x0840, 0x3185, 0x4A49, 0x3185, 0x20E3, 0x0841, 0x2945, 0x3185,
  0x4208, 0x5269, 0x2965, 0x39C7, 0x2944, 0x18C3, 0x0861, 0x4A28, 0x736D, 0x6B6D, 0x9471, 0xA4F3, 0x4A69, 0x4A69, 0x2944, 0x3145,
  0x39A6, 0x18A2, 0x0000, 0x1061, 0x18C2, 0x18C2, 0x1061, 0x18A1, 0x1061, 0x0000, 0x0000, 0x0020, 0x31A6, 0x2965, 0x2124, 0x2124,
  0x18A2, 0x0840, 0x0020, 0x20E3, 0x2104, 0x10A2, 0x6B4D, 0x73AF, 0xA514, 0xAD55, 0x630C, 0x9CF4, 0x6B6D, 0x528A, 0x5ACB, 0x1904,
  0x0000, 0x0841, 0x1081, 0x2944, 0x3186, 0x4208, 0x6B6D, 0x4208, 0x3165, 0x4208, 0x2945, 0x0861, 0x0020, 0x0021, 0x18E4, 0x4229,
  0x4A6A, 0x738E, 0x8451, 0x528A, 0x0841, 0x10A2, 0x2124, 0x31A6, 0x4A49, 0x632D, 0x5AEB, 0x632D, 0x4A6A, 0x738E, 0x7BCF, 0x2945,
  0x2945, 0x18C3, 0x0020, 0x0000, 0x0000, 0x0000, 0x0000, 0x0020, 0x0861, 0x0882, 0x18E4, 0x1904, 0x0020, 0x0882, 0x10A3, 0x0861,
  0x10C3, 0x1904, 0x18E3, 0x0881, 0x0861, 0x0000, 0x0000, 0x0020, 0x0861, 0x1082, 0x0841, 0x0000, 0x0000, 0x0020, 0x0000, 0x0000,
  0x0000, 0x0000, 0x0841, 0x18A2, 0x20C2, 0x1861, 0x0820, 0x0000, 0x0000, 0x0840, 0x10A2, 0x0861, 0x0020, 0x0020, 0x0020, 0x18C3,
  0x2986, 0x31A7, 0x39E8, 0x4229, 0x4229, 0x3A08, 0x31C7, 0x31A7, 0x2986, 0x2945, 0x2124, 0x10C3, 0x0882, 0x0861, 0x0041, 0x0041,
  0x0862, 0x0862, 0x0882, 0x0882, 0x0882, 0x0882, 0x0882, 0x0882, 0x0882, 0x0882, 0x0882, 0x0882, 0x10A2, 0x10C3, 0x18E4, 0x1904,
  0x18E4, 0x18C3, 0x10A3, 0x1082, 0x1082, 0x1082, 0x10A2, 0x1082, 0x0000, 0x0000, 0x0000, 0x0000, 0x0000, 0x0000, 0x0000, 0x0000,
  0x0000, 0x0000, 0x0000, 0x0000, 0x0000, 0x0000, 0x0000, 0x0000, 0x0000, 0x0000, 0x0000, 0x0000, 0x0000, 0x0000, 0x0000, 0x0000,
  0x0000, 0x0000, 0x0000, 0x0000, 0x0000, 0x0000, 0x0000, 0x0000, 0x0000, 0x0000, 0x0000, 0x0000, 0x0000, 0x0000, 0x0000, 0x0000,
  0x0000, 0x0000, 0x0000, 0x0000, 0x0000, 0x0000, 0x0000, 0x0000, 0x0000, 0x18A2, 0x1061, 0x1082, 0x18E3, 0x10A2, 0x1081, 0x0861,
  0x2104, 0x4207, 0x4228, 0x31A6, 0x0020, 0x2965, 0x62EB, 0x5289, 0x18A2, 0x2924, 0x4207, 0x18C3, 0x1082, 0x2103, 0x4208, 0x2945,
  0x1081, 0x0020, 0x4A29, 0x8C51, 0x39C7, 0x18C3, 0x5289, 0x7BCF, 0x62EB, 0x8C30, 0xBDF7, 0x8410, 0x4A28, 0x2104, 0x18C3, 0x0000,
  0x0840, 0x1082, 0x18C2, 0x2965, 0x1082, 0x0000, 0x0000, 0x2124, 0x20E3, 0x18E4, 0x10A2, 0x3A08, 0x52AB, 0x2945, 0x4208, 0x5ACB,
  0x4208, 0x39C7, 0x2965, 0x10A2, 0x18A2, 0x2945, 0x52AA, 0x52AB, 0x738E, 0x632D, 0x6B6D, 0x632C, 0x4228, 0x31A7, 0x4208, 0x2104,
  0x1082, 0x2124, 0x18C3, 0x0861, 0x1081, 0x18A2, 0x2924, 0x2945, 0x2103, 0x0841, 0x0000, 0x0000, 0x31A7, 0x4A6A, 0x6B8E, 0x73AF,
  0x94B3, 0xAD96, 0x94B3, 0x8C72, 0x4229, 0x0020, 0x1082, 0x18E3, 0x31A6, 0x528A, 0x39E7, 0x4A49, 0x31A6, 0x4228, 0x2945, 0x2104,
  0x2104, 0x0020, 0x0000, 0x0020, 0x0020, 0x1082, 0x31A7, 0x2966, 0x2145, 0x3A08, 0x31C7, 0x39E8, 0x10C3, 0x0000, 0x0841, 0x0861,
  0x0841, 0x0861, 0x0841, 0x0000, 0x0000, 0x0841, 0x0020, 0x0020, 0x0840, 0x0020, 0x0000, 0x0000, 0x0000, 0x0000, 0x0000, 0x0000,
  0x0820, 0x1061, 0x18A2, 0x1882, 0x0840, 0x1082, 0x0861, 0x0020, 0x0861, 0x0020, 0x0000, 0x0000, 0x0020, 0x1082, 0x18E4, 0x1904,
  0x2125, 0x2966, 0x31C7, 0x4208, 0x4A49, 0x4A6A, 0x4249, 0x3A08, 0x39E8, 0x39C7, 0x3186, 0x2945, 0x1904, 0x10C3, 0x10A2, 0x0882,
  0x0862, 0x0862, 0x0882, 0x0882, 0x0882, 0x0882, 0x0882, 0x0882, 0x0862, 0x0862, 0x0862, 0x0882, 0x0882, 0x10A3, 0x18C3, 0x18E3,
  0x18E3, 0x10C3, 0x10A2, 0x0882, 0x0862, 0x0862, 0x1082, 0x0000, 0x0000, 0x0000, 0x0000, 0x0000, 0x0000, 0x0000, 0x0000, 0x0000,
  0x0000, 0x0000, 0x0000, 0x0000, 0x0000, 0x0000, 0x0000, 0x0000, 0x0000, 0x0000, 0x0000, 0x0000, 0x0000, 0x0000, 0x0000, 0x0000,
  0x0000, 0x0000, 0x0000, 0x0000, 0x0000, 0x0000, 0x0000, 0x0000, 0x0000, 0x0000, 0x0000, 0x0000, 0x0000, 0x0000, 0x0000, 0x0000,
  0x0000, 0x0000, 0x0000, 0x0000, 0x0000, 0x0000, 0x0000, 0x0000, 0x0000, 0x0000, 0x0040, 0x1081, 0x0861, 0x0861, 0x0840, 0x10A2,
  0x2924, 0x2944, 0x1081, 0x0841, 0x39E7, 0x4A28, 0x4A69, 0x5ACB, 0x2945, 0x1061, 0x2103, 0x0840, 0x2965, 0x5AEB, 0x39C6, 0x3186,
  0x18C3, 0x4A49, 0x4A48, 0x2944, 0x2124, 0x18A2, 0x3165, 0x5AAA, 0x62EB, 0x6B4C, 0x8430, 0x5ACA, 0x2944, 0x0020, 0x0000, 0x3186,
  0x5AEB, 0x52AA, 0x6BAE, 0x8CB2, 0x73EF, 0x4A69, 0x528A, 0x52CB, 0x3A08, 0x2986, 0x18C3, 0x1082, 0x0861, 0x0841, 0x18E3, 0x20E3,
  0x20C3, 0x5249, 0x5AAA, 0x6B2D, 0x2945, 0x0841, 0x3186, 0x4207, 0x4A69, 0x2924, 0x2965, 0x39C7, 0x2965, 0x2965, 0x39C7, 0x10A2,
  0x0882, 0x0882, 0x1082, 0x0861, 0x0020, 0x0000, 0x0000, 0x0000, 0x0000, 0x0040, 0x0000, 0x2966, 0x632D, 0x634D, 0x94D3, 0x9CF4,
  0x8C51, 0x9D14, 0x52AB, 0x5AEC, 0x6B4E, 0x18C3, 0x0840, 0x10A2, 0x2124, 0x2945, 0x18C3, 0x31A6, 0x2124, 0x2965, 0x1061, 0x0841,
  0x0000, 0x0000, 0x0000, 0x0000, 0x10A3, 0x2166, 0x31A7, 0x2125, 0x3A08, 0x39E8, 0x1904, 0x1904, 0x10A2, 0x0000, 0x0020, 0x0020,
  0x0841, 0x1881, 0x1061, 0x0861, 0x0841, 0x0020, 0x0000, 0x0000, 0x0000, 0x0000, 0x0000, 0x1000, 0x2000, 0x2800, 0x2800, 0x1000,
  0x0041, 0x1082, 0x0841, 0x0841, 0x1082, 0x0841, 0x0000, 0x1082, 0x0841, 0x0000, 0x0841, 0x10C3, 0x1904, 0x1925, 0x18E4, 0x10C3,
  0x10E4, 0x1905, 0x2966, 0x31C7, 0x4229, 0x4A6A, 0x4A6A, 0x4A49, 0x4229, 0x4208, 0x39C7, 0x31A7, 0x2966, 0x2145, 0x2125, 0x18E4,
  0x10C3, 0x08A2, 0x0882, 0x0862, 0x0862, 0x0862, 0x0882, 0x0862, 0x0862, 0x0862, 0x0861, 0x0862, 0x0862, 0x0882, 0x10A3, 0x10C3,
  0x10A3, 0x10A2, 0x1082, 0x0861, 0x0861, 0x0841, 0x0000, 0x0000, 0x0000, 0x0000, 0x0000, 0x0000, 0x0000, 0x0000, 0x0000, 0x0000,
  0x0000, 0x0000, 0x0000, 0x0000, 0x0000, 0x0000, 0x0000, 0x0000, 0x0000, 0x0000, 0x0000, 0x0000, 0x0000, 0x0000, 0x0000, 0x0000,
  0x0000, 0x0000, 0x0000, 0x0000, 0x0000, 0x0000, 0x0000, 0x0000, 0x0000, 0x0000, 0x0000, 0x0000, 0x0000, 0x0000, 0x0000, 0x0000,
  0x0000, 0x0000, 0x0000, 0x0000, 0x0000, 0x0000, 0x0000, 0x0000, 0x0000, 0x0000, 0x0020, 0x10A2, 0x1082, 0x18C3, 0x0861, 0x0840,
  0x0000, 0x0861, 0x0000, 0x18E3, 0x632C, 0x4A28, 0x18C3, 0x2124, 0x2965, 0x18C2, 0x1061, 0x0000, 0x2945, 0x39A6, 0x5AEB, 0x5AEB,
  0x20E3, 0x8410, 0x5289, 0x0820, 0x39C6, 0x2944, 0x0840, 0x3165, 0x41E7, 0x4A28, 0x39C6, 0x41C6, 0x18C2, 0x0020, 0x39E7, 0x52CB,
  0x73AE, 0x73AE, 0x73EF, 0x52CB, 0x52EB, 0x4A69, 0x7BEF, 0x5AEB, 0x2945, 0x0861, 0x0000, 0x1082, 0x4A49, 0x9CF3, 0x8430, 0x39C7,
  0x3186, 0x2104, 0x2103, 0x8410, 0x632D, 0x1082, 0x0841, 0x18C2, 0x2104, 0x2965, 0x2945, 0x2104, 0x18C2, 0x18C3, 0x0020, 0x0000,
  0x0841, 0x10A2, 0x1082, 0x10A2, 0x0841, 0x0862, 0x18E3, 0x1082, 0x0861, 0x0861, 0x0841, 0x4229, 0x52AA, 0x94B3, 0x632D, 0x52AB,
  0x4A6A, 0x4A8A, 0x632D, 0x630C, 0x31A7, 0x2104, 0x0000, 0x0861, 0x1082, 0x0861, 0x1082, 0x18E3, 0x18C3, 0x0861, 0x0000, 0x0000,
  0x0000, 0x0861, 0x0861, 0x0000, 0x1082, 0x2124, 0x18E3, 0x18C3, 0x2945, 0x10A2, 0x10A2, 0x0882, 0x0020, 0x0000, 0x0000, 0x0000,
  0x0840, 0x20A2, 0x1882, 0x0841, 0x0000, 0x0020, 0x0041, 0x0020, 0x0000, 0x1000, 0x2800, 0x3000, 0x4000, 0x5000, 0x6800, 0x7800,
  0x4000, 0x0881, 0x18A2, 0x0841, 0x0020, 0x0020, 0x0820, 0x0841, 0x0041, 0x1082, 0x1904, 0x2125, 0x2125, 0x2125, 0x1904, 0x10E4,
  0x10C3, 0x18E4, 0x2125, 0x2986, 0x39E8, 0x4249, 0x4A49, 0x4249, 0x4208, 0x4208, 0x39E8, 0x39E7, 0x39C7, 0x31A7, 0x3186, 0x2966,
  0x2145, 0x18E4, 0x10A3, 0x0882, 0x0862, 0x0862, 0x0862, 0x0862, 0x0862, 0x0841, 0x0041, 0x0041, 0x0841, 0x0862, 0x0882, 0x1082,
  0x1082, 0x0882, 0x0862, 0x0861, 0x0861, 0x0000, 0x0000, 0x0000, 0x0000, 0x0000, 0x0000, 0x0000, 0x0000, 0x0000, 0x0000, 0x0000,
  0x0000, 0x0000, 0x0000, 0x0000, 0x0000, 0x0000, 0x0000, 0x0000, 0x0000, 0x0000, 0x0000, 0x0000, 0x0000, 0x0000, 0x0000, 0x0000,
  0x0000, 0x0000, 0x0000, 0x0000, 0x0000, 0x0000, 0x0000, 0x0000, 0x0000, 0x0000, 0x0000, 0x0000, 0x0000, 0x0000, 0x0000, 0x0000,
  0x0000, 0x0000, 0x0000, 0x0000, 0x0000, 0x0000, 0x0000, 0x0000, 0x0000, 0x0000, 0x0000, 0x10A2, 0x2924, 0x1081, 0x0020, 0x0840,
  0x18C3, 0x0861, 0x0000, 0x18C2, 0x2103, 0x2944, 0x18A2, 0x1061, 0x20E3, 0x1061, 0x2104, 0x3186, 0x39A6, 0x738E, 0x7BEF, 0x39C7,
  0x10A2, 0x39C6, 0x20E3, 0x2104, 0x5AAA, 0x73AE, 0x4228, 0x0840, 0x2103, 0x39A6, 0x18C2, 0x0840, 0x0020, 0x3165, 0x4228, 0x4A49,
  0x6B6D, 0x4A49, 0x3186, 0x632C, 0x5B0B, 0x3186, 0x3186, 0x18C3, 0x0020, 0x2104, 0x52AA, 0x6B6D, 0x5ACB, 0x73AE, 0x630C, 0x8430,
  0x9CD3, 0x8C51, 0x2965, 0x3165, 0x4228, 0x3186, 0x0861, 0x0000, 0x0020, 0x18A2, 0x0841, 0x0020, 0x0861, 0x18E3, 0x2945, 0x31A7,
  0x4A49, 0x31A7, 0x2145, 0x2986, 0x2125, 0x2986, 0x52AB, 0x39E7, 0x31A6, 0x1082, 0x1082, 0x39E8, 0x4A6A, 0x632D, 0x52AB, 0x4229,
  0x630C, 0x52CB, 0x2966, 0x31C7, 0x2125, 0x0861, 0x0000, 0x0020, 0x0000, 0x0000, 0x0000, 0x0000, 0x0000, 0x0020, 0x0841, 0x0841,
  0x10C3, 0x2125, 0x1904, 0x0841, 0x0020, 0x10A2, 0x10A2, 0x10A2, 0x10A2, 0x18C3, 0x0861, 0x0000, 0x0000, 0x0000, 0x0000, 0x0000,
  0x0000, 0x0000, 0x0000, 0x0000, 0x0820, 0x1061, 0x0840, 0x0800, 0x1800, 0x3000, 0x4000, 0x5000, 0x6000, 0x7800, 0xA800, 0xC820,
  0xB800, 0x5800, 0x0820, 0x0020, 0x0000, 0x0820, 0x1082, 0x10A3, 0x10E4, 0x1904, 0x1904, 0x2125, 0x2125, 0x2125, 0x1904, 0x18E4,
  0x10E4, 0x1904, 0x2145, 0x31A6, 0x3A08, 0x4229, 0x4229, 0x3A08, 0x39E7, 0x39E8, 0x4208, 0x4208, 0x4208, 0x39E8, 0x39C7, 0x31A7,
  0x3186, 0x2145, 0x1904, 0x10C3, 0x08A2, 0x0882, 0x0862, 0x0862, 0x0861, 0x0041, 0x0041, 0x0041, 0x0041, 0x0041, 0x0861, 0x0862,
  0x0862, 0x0862, 0x0862, 0x0861, 0x0020, 0x0000, 0x0000, 0x0000, 0x0000, 0x0000, 0x0000, 0x0000, 0x0000, 0x0000, 0x0000, 0x0000,
  0x0000, 0x0000, 0x0000, 0x0000, 0x0000, 0x0000, 0x0000, 0x0000, 0x0000, 0x0000, 0x0000, 0x0000, 0x0000, 0x0000, 0x0000, 0x0000,
  0x0000, 0x0000, 0x0000, 0x0000, 0x0000, 0x0000, 0x0000, 0x0000, 0x0000, 0x0000, 0x0000, 0x0000, 0x0000, 0x0000, 0x0000, 0x0000,
  0x0000, 0x0000, 0x0000, 0x0000, 0x0000, 0x0000, 0x0000, 0x0000, 0x0000, 0x0000, 0x0000, 0x0000, 0x0861, 0x0840, 0x0840, 0x2124,
  0x2104, 0x0841, 0x1081, 0x2924, 0x2965, 0x3165, 0x1061, 0x0840, 0x0000, 0x2104, 0x4228, 0x630B, 0x738D, 0x73CF, 0x41E7, 0x1081,
  0x0861, 0x18C2, 0x2944, 0x62CA, 0x5AAA, 0x5AAA, 0x5269, 0x0020, 0x0820, 0x0840, 0x0000, 0x0000, 0x2103, 0x39C6, 0x3165, 0x2945,
  0x2104, 0x18C3, 0x18E3, 0x3186, 0x2104, 0x18E3, 0x18C3, 0x0020, 0x10A2, 0x528A, 0x7C10, 0x73AF, 0x7BCF, 0x632C, 0x8430, 0x8C72,
  0xB5B7, 0x9CD3, 0x39C7, 0x18E3, 0x2104, 0x0861, 0x0000, 0x0020, 0x0841, 0x18C3, 0x0841, 0x10A3, 0x1904, 0x1082, 0x2104, 0x4229,
  0x2124, 0x10A2, 0x2966, 0x632D, 0x73CF, 0x7BCF, 0xB5D7, 0x8C72, 0x8411, 0x3A08, 0x0000, 0x2104, 0x39E7, 0x31A6, 0x4208, 0x31A6,
  0x39C7, 0x31C7, 0x2124, 0x18E3, 0x10A2, 0x0000, 0x0000, 0x0861, 0x0020, 0x0000, 0x0000, 0x0000, 0x0882, 0x2945, 0x31A6, 0x2104,
  0x2125, 0x18E4, 0x18C3, 0x10A2, 0x0000, 0x0000, 0x0020, 0x0020, 0x0841, 0x0020, 0x0000, 0x0000, 0x0020, 0x0020, 0x0841, 0x0020,
  0x0000, 0x0000, 0x0000, 0x0000, 0x0021, 0x1041, 0x1000, 0x1800, 0x2800, 0x4000, 0x5800, 0x7800, 0x9000, 0xA000, 0xB800, 0xD041,
  0xD020, 0xC800, 0x6800, 0x1041, 0x1104, 0x18C3, 0x10C3, 0x10C3, 0x10C3, 0x10C3, 0x18E4, 0x1904, 0x1925, 0x2125, 0x1904, 0x18E4,
  0x1904, 0x2145, 0x2986, 0x31A7, 0x39E7, 0x39E8, 0x39C7, 0x31C7, 0x31A7, 0x39C7, 0x4228, 0x4A49, 0x4A49, 0x4228, 0x39E8, 0x39C7,
  0x31C7, 0x31A6, 0x2986, 0x2145, 0x1904, 0x10C3, 0x0882, 0x0861, 0x0041, 0x0041, 0x0021, 0x0021, 0x0021, 0x0021, 0x0041, 0x0841,
  0x0841, 0x0861, 0x0861, 0x0020, 0x0000, 0x0000, 0x0000, 0x0000, 0x0000, 0x0000, 0x0000, 0x0000, 0x0000, 0x0000, 0x0000, 0x0000,
  0x0000, 0x0000, 0x0000, 0x0000, 0x0000, 0x0000, 0x0000, 0x0000, 0x0000, 0x0000, 0x0000, 0x0000, 0x0000, 0x0000, 0x0000, 0x0000,
  0x0000, 0x0000, 0x0000, 0x0000, 0x0000, 0x0000, 0x0000, 0x0000, 0x0000, 0x0000, 0x0000, 0x0000, 0x0000, 0x0000, 0x0000, 0x0000,
  0x0000, 0x0000, 0x0000, 0x0000, 0x0000, 0x0000, 0x0000, 0x0000, 0x0000, 0x0000, 0x0000, 0x0000, 0x0000, 0x0000, 0x18C3, 0x18E3,
  0x0861, 0x0841, 0x2104, 0x2944, 0x4207, 0x4208, 0x39C6, 0x0861, 0x18C3, 0x528A, 0x52AA, 0x4A69, 0x4207, 0x73AE, 0x4A28, 0x0861,
  0x0020, 0x0861, 0x5AEB, 0x7BEF, 0x840F, 0x5AAA, 0x5ACA, 0x1082, 0x1082, 0x2965, 0x0841, 0x0000, 0x18C3, 0x39C6, 0x3186, 0x39C7,
  0x4A69, 0x39C7, 0x39E7, 0x3186, 0x18C2, 0x1082, 0x0000, 0x0000, 0x2965, 0x39E7, 0x7C10, 0x94B3, 0x7BCF, 0x39E8, 0x39E7, 0x528A,
  0x52AA, 0x6B6D, 0x3186, 0x1081, 0x1081, 0x0020, 0x31A7, 0x2965, 0x31C7, 0x632D, 0x528A, 0x528A, 0x7BF0, 0x4A49, 0x0000, 0x1082,
  0x0841, 0x1904, 0x73AE, 0x9CD3, 0x7C10, 0xAD76, 0xA535, 0x632D, 0x4A6A, 0x4A49, 0x18E4, 0x18C3, 0x2124, 0x10A2, 0x3186, 0x2145,
  0x18C3, 0x10C3, 0x1082, 0x0861, 0x0000, 0x0000, 0x2124, 0x31C7, 0x18E4, 0x0020, 0x0000, 0x0041, 0x10A3, 0x2986, 0x31A7, 0x2965,
  0x31C7, 0x10A2, 0x0861, 0x0841, 0x0000, 0x0000, 0x0000, 0x0000, 0x0000, 0x0000, 0x0000, 0x0020, 0x0020, 0x0841, 0x0841, 0x0020,
  0x0000, 0x0020, 0x0841, 0x0861, 0x10A3, 0x10C3, 0x10C3, 0x1882, 0x1841, 0x3020, 0x5800, 0x8800, 0xB800, 0xD000, 0xD800, 0xD800,
  0xD0A3, 0xD187, 0xD9C8, 0x9062, 0x2021, 0x08C3, 0x10C3, 0x10A3, 0x10A3, 0x10A3, 0x10C3, 0x10C3, 0x18E4, 0x1904, 0x1904, 0x1904,
  0x2125, 0x2966, 0x31C7, 0x31C7, 0x39C7, 0x31A7, 0x2986, 0x2986, 0x2986, 0x31A7, 0x4228, 0x4A6A, 0x4A69, 0x4228, 0x39E8, 0x39C7,
  0x39C7, 0x39C7, 0x39C7, 0x31C7, 0x2986, 0x2125, 0x10C3, 0x0862, 0x0041, 0x0021, 0x0021, 0x0020, 0x0020, 0x0020, 0x0020, 0x0041,
  0x0021, 0x0041, 0x0020, 0x0000, 0x0000, 0x0000, 0x0000, 0x0000, 0x0000, 0x0000, 0x0000, 0x0000, 0x0000, 0x0000, 0x0000, 0x0000,
  0x0000, 0x0000, 0x0000, 0x0000, 0x0000, 0x0000, 0x0000, 0x0000, 0x0000, 0x0000, 0x0000, 0x0000, 0x0000, 0x0000, 0x0000, 0x0000,
  0x0000, 0x0000, 0x0000, 0x0000, 0x0000, 0x0000, 0x0000, 0x0000, 0x0000, 0x0000, 0x0000, 0x0000, 0x0000, 0x0000, 0x0000, 0x0000,
  0x0000, 0x0000, 0x0000, 0x0000, 0x0000, 0x0000, 0x0000, 0x0000, 0x0000, 0x0000, 0x0000, 0x0000, 0x0000, 0x0000, 0x0841, 0x0020,
  0x0000, 0x18E3, 0x4207, 0x31A6, 0x2965, 0x4208, 0x4228, 0x1061, 0x52AA, 0x5269, 0x4A28, 0x4A28, 0x39C6, 0x3165, 0x18A2, 0x0841,
  0x2965, 0x4A28, 0x738E, 0x8C51, 0x62EB, 0x5269, 0x39A6, 0x39C7, 0x528A, 0x9D14, 0x6B4D, 0x2104, 0x0000, 0x18E3, 0x2924, 0x20E3,
  0x3186, 0x2104, 0x18C2, 0x20E3, 0x20E3, 0x1061, 0x0000, 0x2104, 0x31A6, 0x4A69, 0x6B6D, 0x630C, 0x5AEC, 0x738E, 0x39E7, 0x4249,
  0x4208, 0x39C7, 0x2104, 0x0000, 0x0861, 0x4228, 0x2986, 0x2145, 0x4A6A, 0x6B8E, 0x6B4D, 0x52AB, 0x8451, 0x6B6E, 0x39E7, 0x0020,
  0x18E3, 0x3A08, 0x632D, 0x8C92, 0x6B8E, 0x7C10, 0x528A, 0x632C, 0x6B6E, 0x39C7, 0x2945, 0x0000, 0x0020, 0x1082, 0x10A2, 0x1082,
  0x0841, 0x0000, 0x0020, 0x0000, 0x0862, 0x2965, 0x39E7, 0x3A08, 0x2145, 0x10A3, 0x0020, 0x0861, 0x10A3, 0x18C3, 0x18E4, 0x1082,
  0x1082, 0x0861, 0x0841, 0x0000, 0x0000, 0x0020, 0x0000, 0x0000, 0x0000, 0x0000, 0x0000, 0x0020, 0x0020, 0x0000, 0x0020, 0x0020,
  0x0861, 0x10A2, 0x10C3, 0x10C3, 0x10C3, 0x10C3, 0x10E3, 0x10E4, 0x10E4, 0x18C3, 0x1861, 0x3000, 0x6800, 0x9820, 0xC021, 0xD020,
  0xD863, 0xE0E6, 0xEB4E, 0xFCF3, 0xBA6A, 0x3062, 0x0062, 0x10A3, 0x10A3, 0x0882, 0x10A3, 0x10A3, 0x10C3, 0x18E4, 0x18E4, 0x1904,
  0x2145, 0x2986, 0x39E7, 0x39E7, 0x39C7, 0x31A6, 0x2965, 0x2145, 0x2966, 0x31A6, 0x39E8, 0x4249, 0x4249, 0x4208, 0x39C7, 0x31A7,
  0x31A7, 0x39C7, 0x39E7, 0x39E8, 0x39E8, 0x31C7, 0x2145, 0x10A3, 0x0862, 0x0021, 0x0021, 0x0020, 0x0020, 0x0020, 0x0020, 0x0020,
  0x0020, 0x0021, 0x0000, 0x0000, 0x0000, 0x0000, 0x0000, 0x0000, 0x0000, 0x0000, 0x0000, 0x0000, 0x0000, 0x0000, 0x0000, 0x0000,
  0x0000, 0x0000, 0x0000, 0x0000, 0x0000, 0x0000, 0x0000, 0x0000, 0x0000, 0x0000, 0x0000, 0x0000, 0x0000, 0x0000, 0x0000, 0x0000,
  0x0000, 0x0000, 0x0000, 0x0000, 0x0000, 0x0000, 0x0000, 0x0000, 0x0000, 0x0000, 0x0000, 0x0000, 0x0000, 0x0000, 0x0000, 0x0000,
  0x0000, 0x0000, 0x0000, 0x0000, 0x0000, 0x0000, 0x0000, 0x0000, 0x0000, 0x0000, 0x0000, 0x0000, 0x0000, 0x0000, 0x0000, 0x0020,
  0x0820, 0x18C2, 0x39E7, 0x2965, 0x18C3, 0x2965, 0x10A2, 0x1082, 0x4207, 0x2965, 0x39C6, 0x39C6, 0x18A2, 0x0861, 0x10A2, 0x20E3,
  0x4207, 0x8C30, 0x7BCF, 0x5AAA, 0x3185, 0x1081, 0x18C3, 0x4208, 0x4208, 0x73AE, 0x4A49, 0x62EB, 0x2124, 0x0840, 0x2924, 0x31A6,
  0x2944, 0x0841, 0x0820, 0x18A2, 0x1082, 0x0000, 0x18C3, 0x2965, 0x3185, 0x52AA, 0x5ACB, 0x5ACB, 0x5AEB, 0x632C, 0x2124, 0x3186,
  0x2945, 0x0840, 0x0840, 0x0000, 0x2965, 0x2104, 0x3186, 0x4229, 0x52AB, 0x73AF, 0x4A8A, 0x630C, 0x630C, 0x39E7, 0x3A08, 0x0861,
  0x10A2, 0x31C7, 0x5ACB, 0x6B6E, 0x5ACB, 0x39E8, 0x4A49, 0x4229, 0x4208, 0x31A6, 0x31A6, 0x0020, 0x0000, 0x0000, 0x0000, 0x0000,
  0x0000, 0x0000, 0x0861, 0x10C3, 0x18E4, 0x4229, 0x4249, 0x39E8, 0x1904, 0x10C3, 0x0020, 0x0020, 0x1082, 0x0882, 0x0861, 0x0861,
  0x0861, 0x0841, 0x0000, 0x0000, 0x0000, 0x0000, 0x0020, 0x0040, 0x0020, 0x0000, 0x0020, 0x1082, 0x10A3, 0x0882, 0x10A3, 0x10C3,
  0x10C4, 0x10C3, 0x10C3, 0x10C3, 0x10C3, 0x10C3, 0x10E3, 0x10C3, 0x10E3, 0x10C3, 0x0882, 0x0061, 0x0820, 0x1800, 0x3800, 0x6000,
  0x6820, 0x8821, 0xB062, 0xD249, 0xE3CF, 0xDBCF, 0x59A7, 0x10A3, 0x10A3, 0x0882, 0x0882, 0x10A3, 0x10A3, 0x10C3, 0x10C3, 0x10E3,
  0x2124, 0x2966, 0x31C7, 0x39C7, 0x31C7, 0x31A6, 0x2145, 0x2125, 0x2145, 0x3186, 0x31C7, 0x39C7, 0x39C7, 0x31C7, 0x2986, 0x2965,
  0x2965, 0x3186, 0x31C7, 0x39E8, 0x4208, 0x4208, 0x31A6, 0x2124, 0x10A3, 0x0841, 0x0020, 0x0000, 0x0000, 0x0000, 0x0000, 0x0000,
  0x0000, 0x0000, 0x0000, 0x0000, 0x0000, 0x0000, 0x0000, 0x0000, 0x0000, 0x0000, 0x0000, 0x0000, 0x0000, 0x0000, 0x0000, 0x0000,
  0x0000, 0x0000, 0x0000, 0x0000, 0x0000, 0x0000, 0x0000, 0x0000, 0x0000, 0x0000, 0x0000, 0x0000, 0x0000, 0x0000, 0x0000, 0x0000,
  0x0000, 0x0000, 0x0000, 0x0000, 0x0000, 0x0000, 0x0000, 0x0000, 0x0000, 0x0000, 0x0000, 0x0000, 0x0000, 0x0000, 0x0000, 0x0000,
  0x0000, 0x0000, 0x0000, 0x0000, 0x0000, 0x0000, 0x0000, 0x0000, 0x0000, 0x0000, 0x0000, 0x0000, 0x0000, 0x0000, 0x0000, 0x0000,
  0x0841, 0x1082, 0x18A2, 0x10A2, 0x20E3, 0x20E3, 0x0861, 0x1082, 0x1082, 0x0840, 0x1061, 0x18A2, 0x2124, 0x5AEB, 0x5ACA, 0x2103,
  0x39C6, 0x39A6, 0x62EB, 0x3185, 0x0000, 0x0000, 0x0840, 0x1061, 0x2924, 0x52AA, 0x5ACB, 0x528A, 0x39A6, 0x0861, 0x0820, 0x18C2,
  0x18A2, 0x0000, 0x0000, 0x0020, 0x0000, 0x0000, 0x0020, 0x1082, 0x18C3, 0x3186, 0x4208, 0x39E7, 0x4208, 0x4208, 0x18A2, 0x18C3,
  0x1082, 0x0020, 0x0000, 0x18E3, 0x2124, 0x39C7, 0x630C, 0x4A6A, 0x4A8A, 0x4A8A, 0x4249, 0x5B0C, 0x6B4D, 0x4A6A, 0x2966, 0x0841,
  0x0000, 0x18E3, 0x39C7, 0x4228, 0x39E7, 0x31A6, 0x4A6A, 0x4A49, 0x1082, 0x18E3, 0x10C3, 0x0000, 0x0000, 0x0000, 0x0841, 0x0020,
  0x0000, 0x0041, 0x2104, 0x10C3, 0x18E4, 0x3186, 0x2125, 0x18E3, 0x0862, 0x1082, 0x0020, 0x0000, 0x0000, 0x0020, 0x0020, 0x0020,
  0x0000, 0x0000, 0x0000, 0x0000, 0x0000, 0x0000, 0x0000, 0x0020, 0x0000, 0x0841, 0x10A3, 0x10C3, 0x10C3, 0x10C3, 0x10C4, 0x10E4,
  0x10C3, 0x10C3, 0x10C3, 0x10C3, 0x10E3, 0x10E3, 0x18E4, 0x18E4, 0x18E4, 0x10C3, 0x0882, 0x0041, 0x0041, 0x0041, 0x0041, 0x0821,
  0x0821, 0x1041, 0x1820, 0x2800, 0x3800, 0x6124, 0x8208, 0x30E4, 0x0882, 0x1082, 0x0882, 0x0882, 0x08A3, 0x10A3, 0x0882, 0x10A3,
  0x18E4, 0x2145, 0x3186, 0x31A7, 0x31A7, 0x2986, 0x2145, 0x2125, 0x2145, 0x2966, 0x2986, 0x2986, 0x2986, 0x2966, 0x2965, 0x2125,
  0x2124, 0x2145, 0x2966, 0x31A7, 0x39E7, 0x4208, 0x39C7, 0x2966, 0x2104, 0x10A2, 0x0041, 0x0020, 0x0000, 0x0000, 0x0000, 0x0000,
  0x0000, 0x0000, 0x0000, 0x0000, 0x0000, 0x0000, 0x0000, 0x0000, 0x0000, 0x0000, 0x0000, 0x0000, 0x0000, 0x0000, 0x0000, 0x0000,
  0x0000, 0x0000, 0x0000, 0x0000, 0x0000, 0x0000, 0x0000, 0x0000, 0x0000, 0x0000, 0x0000, 0x0000, 0x0000, 0x0000, 0x0000, 0x0000,
  0x0000, 0x0000, 0x0000, 0x0000, 0x0000, 0x0000, 0x0000, 0x0000, 0x0000, 0x0000, 0x0000, 0x0000, 0x0000, 0x0000, 0x0000, 0x0000,
  0x0000, 0x0000, 0x0000, 0x0000, 0x0000, 0x0000, 0x0000, 0x0000, 0x0000, 0x0000, 0x0000, 0x0000, 0x0000, 0x0000, 0x0000, 0x0000,
  0x0000, 0x10A2, 0x18C2, 0x0820, 0x1061, 0x1081, 0x0841, 0x1061, 0x0000, 0x0841, 0x4207, 0x630B, 0x52AA, 0x736D, 0x630B, 0x3165,
  0x41E7, 0x0020, 0x0020, 0x2944, 0x4208, 0x736D, 0x8430, 0x8C51, 0x4A28, 0x3165, 0x3185, 0x2944, 0x39C6, 0x18E3, 0x0000, 0x0000,
  0x1081, 0x2124, 0x39C7, 0x6B6E, 0x4249, 0x18C3, 0x0000, 0x10A2, 0x10A2, 0x18C3, 0x2124, 0x2104, 0x18C3, 0x2104, 0x10A2, 0x0020,
  0x0000, 0x0000, 0x0000, 0x18E3, 0x39C7, 0x39E8, 0x39E8, 0x52AB, 0x5AEC, 0x632C, 0x528A, 0x5AEC, 0x630C, 0x2966, 0x39C7, 0x2104,
  0x0000, 0x1082, 0x2124, 0x2945, 0x2104, 0x18C3, 0x1904, 0x2965, 0x10A2, 0x0841, 0x0000, 0x0020, 0x10A3, 0x1904, 0x1904, 0x10A2,
  0x0000, 0x0861, 0x10A2, 0x10A3, 0x2104, 0x10A2, 0x10A2, 0x10A2, 0x0882, 0x0841, 0x0000, 0x0000, 0x0000, 0x0000, 0x0000, 0x0000,
  0x0000, 0x0020, 0x0020, 0x0000, 0x0000, 0x0000, 0x0020, 0x0861, 0x0882, 0x10A3, 0x10C3, 0x10A3, 0x10A3, 0x10A3, 0x10C3, 0x10C3,
  0x10E4, 0x18E4, 0x18E4, 0x10E4, 0x10E4, 0x18E4, 0x1904, 0x1904, 0x1904, 0x10C3, 0x0882, 0x0041, 0x0021, 0x0041, 0x0041, 0x0862,
  0x0862, 0x0062, 0x0062, 0x0062, 0x0062, 0x0021, 0x0021, 0x1082, 0x10A3, 0x08A2, 0x10A3, 0x10A3, 0x10A3, 0x10A3, 0x0882, 0x0882,
  0x10C3, 0x1904, 0x2965, 0x2986, 0x31A6, 0x2986, 0x2945, 0x2145, 0x2125, 0x2145, 0x2965, 0x2145, 0x2125, 0x2145, 0x2945, 0x2125,
  0x1904, 0x1904, 0x2125, 0x2945, 0x3186, 0x39C7, 0x39C7, 0x3186, 0x2945, 0x18E3, 0x0882, 0x0021, 0x0000, 0x0000, 0x0000, 0x0000,
  0x0000, 0x0000, 0x0000, 0x0000, 0x0000, 0x0000, 0x0000, 0x0000, 0x0000, 0x0000, 0x0000, 0x0000, 0x0000, 0x0000, 0x0000, 0x0000,
  0x0000, 0x0000, 0x0000, 0x0000, 0x0000, 0x0000, 0x0000, 0x0000, 0x0000, 0x0000, 0x0000, 0x0000, 0x0000, 0x0000, 0x0000, 0x0000,
  0x0000, 0x0000, 0x0000, 0x0000, 0x0000, 0x0000, 0x0000, 0x0000, 0x0000, 0x0000, 0x0000, 0x0000, 0x0000, 0x0000, 0x0000, 0x0000,
  0x0000, 0x0000, 0x0000, 0x0000, 0x0000, 0x0000, 0x0000, 0x0000, 0x0000, 0x0000, 0x0000, 0x0000, 0x0000, 0x0000, 0x0000, 0x0000,
  0x0000, 0x0000, 0x18E3, 0x2104, 0x0861, 0x1061, 0x0000, 0x0840, 0x2104, 0x52AA, 0x6B6D, 0x73AE, 0x7BCE, 0x6B6D, 0x39E7, 0x18A1,
  0x1061, 0x1082, 0x736D, 0x9491, 0x738D, 0x738D, 0x83EF, 0xCE79, 0xAD75, 0x630C, 0x10A2, 0x20E3, 0x2103, 0x0000, 0x0861, 0x3186,
  0x6B4D, 0x4A69, 0x5ACB, 0x738E, 0x4A69, 0x528A, 0x10A2, 0x0020, 0x0020, 0x0840, 0x1081, 0x0861, 0x0840, 0x0020, 0x0000, 0x0841,
  0x2945, 0x3186, 0x2104, 0x0841, 0x18C3, 0x1082, 0x3186, 0x4208, 0x4A8A, 0x52CB, 0x4208, 0x4208, 0x4208, 0x18C3, 0x2104, 0x10A2,
  0x0020, 0x0020, 0x1082, 0x10A2, 0x0861, 0x0841, 0x0861, 0x0840, 0x0020, 0x0000, 0x0841, 0x10A3, 0x2945, 0x3A08, 0x1904, 0x2945,
  0x0861, 0x0841, 0x1082, 0x10A2, 0x0882, 0x0861, 0x0882, 0x0882, 0x0020, 0x0000, 0x0020, 0x0020, 0x0020, 0x0000, 0x0000, 0x0020,
  0x0861, 0x0861, 0x0840, 0x0000, 0x0000, 0x0020, 0x0862, 0x10A3, 0x10A3, 0x10A3, 0x10A3, 0x10A3, 0x08A2, 0x08A2, 0x10A3, 0x10C3,
  0x10C3, 0x18E4, 0x18E4, 0x10E4, 0x18E4, 0x18E4, 0x1904, 0x1924, 0x1904, 0x10C3, 0x0882, 0x0041, 0x0021, 0x0021, 0x0041, 0x0841,
  0x0841, 0x0841, 0x0841, 0x0841, 0x0841, 0x0862, 0x0882, 0x0882, 0x10A3, 0x10C3, 0x18E4, 0x1904, 0x18E4, 0x10C3, 0x08A3, 0x0882,
  0x10A3, 0x10E3, 0x2125, 0x2986, 0x31A7, 0x31A7, 0x2986, 0x2966, 0x2965, 0x2966, 0x2966, 0x2145, 0x2125, 0x2145, 0x2945, 0x2125,
  0x18E4, 0x18E3, 0x18E4, 0x1904, 0x2125, 0x2965, 0x2966, 0x2945, 0x2124, 0x2104, 0x10A3, 0x0862, 0x0021, 0x0000, 0x0000, 0x0000,
  0x0000, 0x0000, 0x0000, 0x0000, 0x0000, 0x0000, 0x0000, 0x0000, 0x0000, 0x0000, 0x0000, 0x0000, 0x0000, 0x0000, 0x0000, 0x0000,
  0x0000, 0x0000, 0x0000, 0x0000, 0x0000, 0x0000, 0x0000, 0x0000, 0x0000, 0x0000, 0x0000, 0x0000, 0x0000, 0x0000, 0x0000, 0x0000,
  0x0000, 0x0000, 0x0000, 0x0000, 0x0000, 0x0000, 0x0000, 0x0000, 0x0000, 0x0000, 0x0000, 0x0000, 0x0000, 0x0000, 0x0000, 0x0000,
  0x0000, 0x0000, 0x0000, 0x0000, 0x0000, 0x0000, 0x0000, 0x0000, 0x0000, 0x0000, 0x0000, 0x0000, 0x0000, 0x0000, 0x0000, 0x0000,
  0x0000, 0x0000, 0x0020, 0x1082, 0x10A2, 0x0840, 0x0861, 0x3186, 0x3185, 0x4A69, 0x6B2C, 0x5AEB, 0x5289, 0x5ACA, 0x2944, 0x0840,
  0x2965, 0x62EB, 0x7BCE, 0x630B, 0x736D, 0x734C, 0x7BAE, 0xAD75, 0x9492, 0x6B6D, 0x18C3, 0x0820, 0x0820, 0x18C2, 0x630C, 0x7BCF,
  0x9492, 0x632C, 0x4A69, 0x738E, 0x39C7, 0x2965, 0x2104, 0x0020, 0x0040, 0x0020, 0x0000, 0x0000, 0x0020, 0x1082, 0x3A08, 0x39C7,
  0x4A6A, 0x73AF, 0x4A8A, 0x10A3, 0x0000, 0x10A2, 0x39E8, 0x39C7, 0x39E8, 0x5ACB, 0x2124, 0x18E3, 0x3186, 0x2103, 0x0841, 0x0000,
  0x0000, 0x0000, 0x0000, 0x0020, 0x0000, 0x0000, 0x0020, 0x0020, 0x0020, 0x1904, 0x2966, 0x2966, 0x31A7, 0x4208, 0x2124, 0x1904,
  0x0841, 0x0000, 0x0040, 0x0040, 0x0020, 0x0041, 0x0020, 0x0020, 0x0020, 0x0020, 0x1082, 0x0861, 0x0000, 0x0020, 0x0841, 0x0000,
  0x0000, 0x0000, 0x0041, 0x0041, 0x0861, 0x0882, 0x0882, 0x0882, 0x10A3, 0x10A3, 0x10A3, 0x0882, 0x0882, 0x0882, 0x0882, 0x08A3,
  0x10A3, 0x10C3, 0x10E4, 0x10E4, 0x18E4, 0x18E4, 0x1904, 0x1924, 0x1904, 0x10C3, 0x0882, 0x0041, 0x0021, 0x0021, 0x0041, 0x0041,
  0x0041, 0x0041, 0x0861, 0x0862, 0x0041, 0x0861, 0x0862, 0x1082, 0x18E4, 0x2124, 0x2145, 0x2966, 0x2966, 0x2125, 0x18E4, 0x10C3,
  0x10A3, 0x10E3, 0x2125, 0x2986, 0x39C7, 0x39E7, 0x39C7, 0x31A7, 0x31A6, 0x31A6, 0x2986, 0x2965, 0x2104, 0x1904, 0x2124, 0x1904,
  0x18E4, 0x10C3, 0x10C3, 0x18E4, 0x1904, 0x2124, 0x2124, 0x1904, 0x1904, 0x18E3, 0x18C3, 0x1082, 0x0020, 0x0000, 0x0000, 0x0000,
  0x0000, 0x0000, 0x0000, 0x0000, 0x0000, 0x0000, 0x0000, 0x0000, 0x0000, 0x0000, 0x0000, 0x0000, 0x0000, 0x0000, 0x0000, 0x0000,
  0x0000, 0x0000, 0x0000, 0x0000, 0x0000, 0x0000, 0x0000, 0x0000, 0x0000, 0x0000, 0x0000, 0x0000, 0x0000, 0x0000, 0x0000, 0x0000,
  0x0000, 0x0000, 0x0000, 0x0000, 0x0000, 0x0000, 0x0000, 0x0000, 0x0000, 0x0000, 0x0000, 0x0000, 0x0000, 0x0000, 0x0000, 0x0000,
  0x0000, 0x0000, 0x0000, 0x0000, 0x0000, 0x0000, 0x0000, 0x0000, 0x0000, 0x0000, 0x0000, 0x0000, 0x0000, 0x0000, 0x0000, 0x0000,
  0x0000, 0x0000, 0x0000, 0x0000, 0x0020, 0x0000, 0x1081, 0x39A6, 0x2945, 0x2965, 0x5269, 0x2944, 0x3165, 0x18C2, 0x0020, 0x1082,
  0x630C, 0x6B2C, 0x4207, 0x39C6, 0x4207, 0x4A48, 0x5269, 0x6B0B, 0x6B0B, 0x630B, 0x2944, 0x0000, 0x18C2, 0x4208, 0x4A69, 0x52AA,
  0x73AE, 0x62EB, 0x2965, 0x528A, 0x39C7, 0x2103, 0x18A2, 0x0020, 0x0841, 0x0000, 0x0020, 0x2945, 0x2965, 0x630D, 0x632D, 0x2986,
  0x4A69, 0x52CB, 0x2966, 0x4229, 0x1082, 0x0841, 0x2124, 0x2124, 0x31A6, 0x2965, 0x10A2, 0x0861, 0x0861, 0x0000, 0x1082, 0x4229,
  0x4A49, 0x39E8, 0x2104, 0x10A2, 0x0841, 0x0000, 0x0000, 0x0861, 0x18E3, 0x2966, 0x2966, 0x2125, 0x3186, 0x2986, 0x18C3, 0x0861,
  0x0020, 0x0000, 0x0000, 0x0020, 0x0000, 0x0000, 0x0020, 0x0840, 0x0841, 0x0841, 0x0020, 0x0000, 0x0000, 0x0020, 0x0020, 0x0000,
  0x0000, 0x0041, 0x0862, 0x0862, 0x0862, 0x0862, 0x0862, 0x0882, 0x10A3, 0x10A3, 0x10A3, 0x0882, 0x0882, 0x0862, 0x0882, 0x0882,
  0x0882, 0x10A3, 0x10C3, 0x10C3, 0x10C3, 0x18E4, 0x18E4, 0x18E4, 0x18E4, 0x10C3, 0x0882, 0x0041, 0x0041, 0x0021, 0x0041, 0x0041,
  0x0041, 0x0041, 0x0861, 0x0862, 0x0861, 0x0862, 0x0882, 0x10C3, 0x2125, 0x2966, 0x31A7, 0x39C7, 0x31C7, 0x31A6, 0x2145, 0x1904,
  0x18E4, 0x1904, 0x2145, 0x3186, 0x39E7, 0x4228, 0x4228, 0x4208, 0x39C7, 0x31A7, 0x3186, 0x2945, 0x1904, 0x10C3, 0x18C3, 0x18E3,
  0x10C3, 0x18E3, 0x18E4, 0x1904, 0x1904, 0x2104, 0x18E4, 0x18C3, 0x18C3, 0x10A3, 0x10C3, 0x0841, 0x0000, 0x0000, 0x0000, 0x0000,
  0x0000, 0x0000, 0x0000, 0x0000, 0x0000, 0x0000, 0x0000, 0x0000, 0x0000, 0x0000, 0x0000, 0x0000, 0x0000, 0x0000, 0x0000, 0x0000,
  0x0000, 0x0000, 0x0000, 0x0000, 0x0000, 0x0000, 0x0000, 0x0000, 0x0000, 0x0000, 0x0000, 0x0000, 0x0000, 0x0000, 0x0000, 0x0000,
  0x0000, 0x0000, 0x0000, 0x0000, 0x0000, 0x0000, 0x0000, 0x0000, 0x0000, 0x0000, 0x0000, 0x0000, 0x0000, 0x0000, 0x0000, 0x0000,
  0x0000, 0x0000, 0x0000, 0x0000, 0x0000, 0x0000, 0x0000, 0x0000, 0x0000, 0x0000, 0x0000, 0x0000, 0x0000, 0x0000, 0x0000, 0x0000,
  0x0000, 0x0000, 0x0000, 0x0000, 0x0000, 0x0020, 0x0020, 0x10A2, 0x20E3, 0x2104, 0x3165, 0x18C2, 0x0820, 0x0000, 0x0000, 0x18A2,
  0x41E7, 0x2924, 0x2944, 0x5269, 0x39A6, 0x2944, 0x2103, 0x39C6, 0x4A28, 0x5A89, 0x2103, 0x0000, 0x3186, 0x2945, 0x4228, 0x41E7,
  0x4208, 0x39C7, 0x2965, 0x39C6, 0x31A6, 0x18E3, 0x10A2, 0x0000, 0x0841, 0x1904, 0x31A6, 0x4208, 0x31C7, 0x52AB, 0x4229, 0x39E7,
  0x31C7, 0x39C7, 0x2145, 0x4A8A, 0x4249, 0x0020, 0x0000, 0x0861, 0x18E3, 0x18A2, 0x0820, 0x0000, 0x0841, 0x4229, 0x5AEC, 0x9CF4,
  0x4A8A, 0x5B0C, 0x632D, 0x4249, 0x2125, 0x0000, 0x0000, 0x10A3, 0x2104, 0x2966, 0x2125, 0x1082, 0x1082, 0x1082, 0x0881, 0x0881,
  0x0020, 0x0000, 0x0000, 0x0020, 0x0020, 0x0020, 0x0841, 0x0020, 0x0020, 0x0020, 0x0020, 0x0000, 0x0020, 0x0000, 0x0000, 0x0021,
  0x0041, 0x0862, 0x0862, 0x0862, 0x0862, 0x0862, 0x0862, 0x0882, 0x10A3, 0x10A3, 0x10A3, 0x08A2, 0x0882, 0x0862, 0x0862, 0x0862,
  0x0882, 0x0882, 0x10A3, 0x10C3, 0x10C3, 0x10C3, 0x10C3, 0x10C3, 0x10C3, 0x10A3, 0x0882, 0x0041, 0x0041, 0x0021, 0x0021, 0x0021,
  0x0041, 0x0041, 0x0041, 0x0862, 0x0862, 0x0862, 0x0882, 0x18E4, 0x2965, 0x3186, 0x39C7, 0x39E8, 0x39E7, 0x39C7, 0x3186, 0x2965,
  0x2145, 0x2145, 0x2986, 0x31C7, 0x4208, 0x4A49, 0x4A49, 0x4A49, 0x4208, 0x39C7, 0x3186, 0x2145, 0x18E4, 0x10A3, 0x10A3, 0x10C3,
  0x10C3, 0x18E4, 0x2124, 0x2125, 0x2125, 0x2104, 0x18E3, 0x10C3, 0x10A2, 0x10A2, 0x0861, 0x0000, 0x0000, 0x0000, 0x0000, 0x0000,
  0x0000, 0x0000, 0x0000, 0x0000, 0x0000, 0x0000, 0x0000, 0x0000, 0x0000, 0x0000, 0x0000, 0x0000, 0x0000, 0x0000, 0x0000, 0x0000,
  0x0000, 0x0000, 0x0000, 0x0000, 0x0000, 0x0000, 0x0000, 0x0000, 0x0000, 0x0000, 0x0000, 0x0000, 0x0000, 0x0000, 0x0000, 0x0000,
  0x0000, 0x0000, 0x0000, 0x0000, 0x0000, 0x0000, 0x0000, 0x0000, 0x0000, 0x0000, 0x0000, 0x0000, 0x0000, 0x0000, 0x0000, 0x0000,
  0x0000, 0x0000, 0x0000, 0x0000, 0x0000, 0x0000, 0x0000, 0x0000, 0x0000, 0x0000, 0x0000, 0x0000, 0x0000, 0x0000, 0x0000, 0x0000,
  0x0000, 0x0000, 0x0000, 0x0000, 0x0000, 0x0000, 0x0841, 0x0840, 0x0020, 0x0861, 0x1061, 0x0861, 0x2124, 0x4A69, 0x3186, 0x0861,
  0x10A2, 0x1061, 0x18A2, 0x3185, 0x2944, 0x18C2, 0x1081, 0x2923, 0x3985, 0x2924, 0x0020, 0x0840, 0x18C2, 0x18A2, 0x2924, 0x39C6,
  0x39C7, 0x3165, 0x2944, 0x2965, 0x18E3, 0x10A2, 0x0861, 0x0020, 0x2124, 0x3186, 0x18E3, 0x18C3, 0x2945, 0x31A6, 0x2945, 0x39E8,
  0x528A, 0x738E, 0x2124, 0x18E4, 0x31C7, 0x10C3, 0x0000, 0x0000, 0x0000, 0x0000, 0x0000, 0x18C3, 0x4208, 0x634D, 0x5AEC, 0x73AF,
  0x73AF, 0x5AEC, 0x4A49, 0x2986, 0x10A2, 0x0841, 0x0000, 0x0882, 0x18E3, 0x2104, 0x10A2, 0x0841, 0x0841, 0x0020, 0x0841, 0x0000,
  0x0000, 0x0020, 0x0000, 0x0020, 0x0020, 0x0020, 0x0020, 0x0000, 0x0020, 0x0000, 0x0000, 0x0820, 0x0841, 0x0020, 0x0021, 0x0021,
  0x0041, 0x0041, 0x0861, 0x0862, 0x0862, 0x0862, 0x0862, 0x0882, 0x0882, 0x10A3, 0x10A3, 0x10A2, 0x0882, 0x0862, 0x0862, 0x0862,
  0x0882, 0x0882, 0x10A3, 0x10A3, 0x10C3, 0x10C3, 0x10C3, 0x10A3, 0x10A3, 0x0882, 0x0862, 0x0041, 0x0041, 0x0021, 0x0021, 0x0021,
  0x0021, 0x0021, 0x0041, 0x0862, 0x0862, 0x0882, 0x10A2, 0x18E3, 0x2145, 0x2986, 0x3186, 0x31A6, 0x31A7, 0x39C7, 0x31A7, 0x31A6,
  0x3186, 0x3186, 0x39E7, 0x4208, 0x4A49, 0x4A69, 0x4A49, 0x4A49, 0x4208, 0x39C7, 0x3186, 0x2945, 0x2104, 0x18E3, 0x10A3, 0x10C3,
  0x18E3, 0x2104, 0x2145, 0x2965, 0x2965, 0x2125, 0x18E3, 0x10A3, 0x1082, 0x0841, 0x0000, 0x0000, 0x0000, 0x0000, 0x0000, 0x0000,
  0x0000, 0x0000, 0x0000, 0x0000, 0x0000, 0x0000, 0x0000, 0x0000, 0x0000, 0x0000, 0x0000, 0x0000, 0x0000, 0x0000, 0x0000, 0x0000,
  0x0000, 0x0000, 0x0000, 0x0000, 0x0000, 0x0000, 0x0000, 0x0000, 0x0000, 0x0000, 0x0000, 0x0000, 0x0000, 0x0000, 0x0000, 0x0000,
  0x0000, 0x0000, 0x0000, 0x0000, 0x0000, 0x0000, 0x0000, 0x0000, 0x0000, 0x0000, 0x0000, 0x0000, 0x0000, 0x0000, 0x0000, 0x0000,
  0x0000, 0x0000, 0x0000, 0x0000, 0x0000, 0x0000, 0x0000, 0x0000, 0x0000, 0x0000, 0x0000, 0x0000, 0x0000, 0x0000, 0x0000, 0x0000,
  0x0000, 0x0000, 0x0000, 0x0000, 0x0000, 0x0000, 0x0000, 0x0861, 0x0000, 0x0020, 0x2124, 0x4A69, 0x5289, 0x73AE, 0x62EB, 0x5289,
  0x0861, 0x0841, 0x0840, 0x0000, 0x0000, 0x0000, 0x0820, 0x1081, 0x0020, 0x0000, 0x0020, 0x0020, 0x0840, 0x0841, 0x2124, 0x3165,
  0x2945, 0x2924, 0x2924, 0x1082, 0x1081, 0x0000, 0x0000, 0x1082, 0x0861, 0x0841, 0x0841, 0x0861, 0x2124, 0x4208, 0x4A6A, 0x6B4D,
  0x630C, 0x39C7, 0x31A6, 0x2945, 0x2104, 0x0020, 0x0841, 0x0020, 0x0020, 0x0000, 0x18E4, 0x3186, 0x3A08, 0x3A08, 0x52AA, 0x6B6D,
  0x39E8, 0x2986, 0x4A6A, 0x2145, 0x18E3, 0x1082, 0x0000, 0x0841, 0x0861, 0x0820, 0x0861, 0x0840, 0x0020, 0x0020, 0x0000, 0x0000,
  0x0020, 0x0020, 0x0020, 0x0020, 0x0000, 0x0020, 0x0020, 0x0000, 0x0000, 0x0020, 0x0000, 0x0020, 0x0021, 0x0021, 0x0021, 0x0021,
  0x0041, 0x0041, 0x0041, 0x0861, 0x0861, 0x0862, 0x0861, 0x0862, 0x0882, 0x10A3, 0x10A3, 0x0882, 0x0882, 0x0862, 0x0862, 0x0882,
  0x0882, 0x0882, 0x0882, 0x10A3, 0x10A3, 0x10A3, 0x10A3, 0x0882, 0x0882, 0x0862, 0x0862, 0x0041, 0x0041, 0x0021, 0x0021, 0x0021,
  0x0021, 0x0021, 0x0041, 0x0861, 0x0882, 0x10A2, 0x10A3, 0x18C3, 0x2125, 0x2945, 0x2945, 0x2145, 0x2945, 0x31A6, 0x39C7, 0x39C7,
  0x39C7, 0x39C7, 0x4208, 0x4208, 0x4A49, 0x4A49, 0x4A29, 0x4228, 0x39E8, 0x39E7, 0x39C7, 0x31A7, 0x2966, 0x2125, 0x1904, 0x18E3,
  0x18C3, 0x18E4, 0x2124, 0x2945, 0x2965, 0x2945, 0x1904, 0x18C3, 0x0020, 0x0000, 0x0000, 0x0000, 0x0000, 0x0000, 0x0000, 0x0000,
  0x0000, 0x0000, 0x0000, 0x0000, 0x0000, 0x0000, 0x0000, 0x0000, 0x0000, 0x0000, 0x0000, 0x0000, 0x0000, 0x0000, 0x0000, 0x0000,
  0x0000, 0x0000, 0x0000, 0x0000, 0x0000, 0x0000, 0x0000, 0x0000, 0x0000, 0x0000, 0x0000, 0x0000, 0x0000, 0x0000, 0x0000, 0x0000,
  0x0000, 0x0000, 0x0000, 0x0000, 0x0000, 0x0000, 0x0000, 0x0000, 0x0000, 0x0000, 0x0000, 0x0000, 0x0000, 0x0000, 0x0000, 0x0000,
  0x0000, 0x0000, 0x0000, 0x0000, 0x0000, 0x0000, 0x0000, 0x0000, 0x0000, 0x0000, 0x0000, 0x0000, 0x0000, 0x0000, 0x0000, 0x0000,
  0x0000, 0x0000, 0x0000, 0x0000, 0x0000, 0x0000, 0x0000, 0x0000, 0x0000, 0x2945, 0x4A28, 0x4207, 0x2965, 0x4A49, 0x3165, 0x2945,
  0x10A2, 0x0020, 0x0020, 0x10A2, 0x18E3, 0x528A, 0x4A48, 0x5269, 0x4208, 0x0020, 0x10A2, 0x0020, 0x0000, 0x0000, 0x1081, 0x2924,
  0x1082, 0x1061, 0x1081, 0x0841, 0x0000, 0x0861, 0x2965, 0x4249, 0x5ACB, 0x2125, 0x0020, 0x0020, 0x2986, 0x4A49, 0x5AEB, 0x4A6A,
  0x2986, 0x2125, 0x3186, 0x2124, 0x0841, 0x0000, 0x0841, 0x10A3, 0x0041, 0x0020, 0x3166, 0x2945, 0x39E8, 0x4249, 0x39C7, 0x4208,
  0x18E3, 0x2145, 0x4228, 0x2124, 0x10C3, 0x1082, 0x0861, 0x0000, 0x0000, 0x0020, 0x0841, 0x0020, 0x0000, 0x0000, 0x0000, 0x0020,
  0x0020, 0x0020, 0x0840, 0x0000, 0x0000, 0x0000, 0x0020, 0x0000, 0x0020, 0x0021, 0x0021, 0x0021, 0x0021, 0x0021, 0x0021, 0x0021,
  0x0021, 0x0041, 0x0041, 0x0041, 0x0861, 0x0862, 0x0861, 0x0861, 0x0862, 0x0882, 0x0882, 0x0882, 0x0882, 0x0882, 0x0882, 0x0882,
  0x0882, 0x0882, 0x0882, 0x0882, 0x10A3, 0x10A3, 0x10A3, 0x0882, 0x0882, 0x0862, 0x0841, 0x0041, 0x0041, 0x0021, 0x0041, 0x0021,
  0x0021, 0x0021, 0x0041, 0x0861, 0x0882, 0x10A3, 0x10C3, 0x18E4, 0x2124, 0x2124, 0x1904, 0x1904, 0x2125, 0x2986, 0x39C7, 0x4208,
  0x39E8, 0x39E7, 0x39E8, 0x39E7, 0x4208, 0x4228, 0x4228, 0x4228, 0x39E7, 0x3A08, 0x4208, 0x4208, 0x39E7, 0x31A6, 0x2145, 0x1904,
  0x18C3, 0x18C3, 0x18E3, 0x2104, 0x2124, 0x2124, 0x2103, 0x0041, 0x0000, 0x0000, 0x0000, 0x0000, 0x0000, 0x0000, 0x0000, 0x0000,
  0x0000, 0x0000, 0x0000, 0x0000, 0x0000, 0x0000, 0x0000, 0x0000, 0x0000, 0x0000, 0x0000, 0x0000, 0x0000, 0x0000, 0x0000, 0x0000,
  0x0000, 0x0000, 0x0000, 0x0000, 0x0000, 0x0000, 0x0000, 0x0000, 0x0000, 0x0000, 0x0000, 0x0000, 0x0000, 0x0000, 0x0000, 0x0000,
  0x0000, 0x0000, 0x0000, 0x0000, 0x0000, 0x0000, 0x0000, 0x0000, 0x0000, 0x0000, 0x0000, 0x0000, 0x0000, 0x0000, 0x0000, 0x0000,
  0x0000, 0x0000, 0x0000, 0x0000, 0x0000, 0x0000, 0x0000, 0x0000, 0x0000, 0x0000, 0x0000, 0x0000, 0x0000, 0x0000, 0x0000, 0x0000,
  0x0000, 0x0000, 0x0000, 0x0000, 0x0000, 0x0000, 0x0000, 0x0000, 0x0000, 0x18C3, 0x3186, 0x2944, 0x3165, 0x4207, 0x2103, 0x10A2,
  0x0861, 0x0020, 0x4228, 0x6B4C, 0x6B4D, 0x9492, 0x738D, 0x5AAA, 0x8430, 0x3185, 0x0020, 0x0861, 0x2104, 0x10A2, 0x18E3, 0x18A2,
  0x0000, 0x0000, 0x0020, 0x0020, 0x2945, 0x4208, 0x31C7, 0x52AB, 0x52AB, 0x3186, 0x18E4, 0x0021, 0x18C3, 0x39C7, 0x39C7, 0x2966,
  0x2945, 0x18E4, 0x1082, 0x0000, 0x0000, 0x18C3, 0x2986, 0x31A7, 0x18E4, 0x0840, 0x18C3, 0x2104, 0x2104, 0x3186, 0x2966, 0x2104,
  0x18C3, 0x2104, 0x2124, 0x0861, 0x1082, 0x2104, 0x0861, 0x0000, 0x0000, 0x0000, 0x0000, 0x0020, 0x0020, 0x0000, 0x0020, 0x0020,
  0x0000, 0x0000, 0x0000, 0x0000, 0x0000, 0x0020, 0x0021, 0x0021, 0x0021, 0x0021, 0x0021, 0x0021, 0x0021, 0x0021, 0x0021, 0x0021,
  0x0021, 0x0021, 0x0041, 0x0041, 0x0861, 0x0862, 0x0862, 0x0862, 0x0862, 0x0882, 0x0882, 0x0882, 0x0882, 0x0882, 0x10A3, 0x08A2,
  0x0882, 0x0882, 0x0882, 0x0882, 0x0882, 0x10A3, 0x10A3, 0x08A2, 0x0882, 0x0862, 0x0061, 0x0041, 0x0041, 0x0041, 0x0041, 0x0041,
  0x0041, 0x0021, 0x0041, 0x0861, 0x0882, 0x10A3, 0x18E3, 0x1904, 0x1904, 0x1904, 0x18E3, 0x18E3, 0x1904, 0x2965, 0x31C7, 0x3A08,
  0x3A08, 0x39E7, 0x31A6, 0x31A6, 0x39C7, 0x4208, 0x4208, 0x4208, 0x39E7, 0x3A08, 0x4228, 0x4228, 0x4208, 0x39C7, 0x2945, 0x1904,
  0x10C3, 0x10A2, 0x10A3, 0x18C3, 0x1904, 0x18E3, 0x0841, 0x0000, 0x0000, 0x0000, 0x0000, 0x0000, 0x0000, 0x0000, 0x0000, 0x0000,
  0x0000, 0x0000, 0x0000, 0x0000, 0x0000, 0x0000, 0x0000, 0x0000, 0x0000, 0x0000, 0x0000, 0x0000, 0x0000, 0x0000, 0x0000, 0x0000,
  0x0000, 0x0000, 0x0000, 0x0000, 0x0000, 0x0000, 0x0000, 0x0000, 0x0000, 0x0000, 0x0000, 0x0000, 0x0000, 0x0000, 0x0000, 0x0000,
  0x0000, 0x0000, 0x0000, 0x0000, 0x0000, 0x0000, 0x0000, 0x0000, 0x0000, 0x0000, 0x0000, 0x0000, 0x0000, 0x0000, 0x0000, 0x0000,
  0x0000, 0x0000, 0x0000, 0x0000, 0x0000, 0x0000, 0x0000, 0x0000, 0x0000, 0x0000, 0x0000, 0x0000, 0x0000, 0x0000, 0x0000, 0x0000,
  0x0000, 0x0000, 0x0000, 0x0000, 0x0000, 0x0000, 0x0000, 0x0000, 0x0000, 0x0000, 0x0020, 0x2103, 0x18C3, 0x18E3, 0x0861, 0x0820,
  0x0861, 0x4A69, 0x5AEB, 0x6B4D, 0xA534, 0xB596, 0x8410, 0x41E7, 0x41E7, 0x3165, 0x0020, 0x2124, 0x4A69, 0x39C7, 0x632C, 0x8410,
  0x4A49, 0x18C3, 0x0000, 0x18E3, 0x528A, 0x31A7, 0x5ACB, 0x7C10, 0x31A7, 0x2125, 0x39C7, 0x2145, 0x0841, 0x1082, 0x2104, 0x10A2,
  0x0020, 0x0000, 0x0000, 0x18E3, 0x2125, 0x2966, 0x2125, 0x18E4, 0x2945, 0x1082, 0x0861, 0x10A2, 0x10C3, 0x2104, 0x2104, 0x18C3,
  0x1082, 0x10A2, 0x0861, 0x0020, 0x0841, 0x0020, 0x0020, 0x0841, 0x0020, 0x0020, 0x0841, 0x0020, 0x0020, 0x0000, 0x0020, 0x0020,
  0x0000, 0x0020, 0x0041, 0x0021, 0x0021, 0x0020, 0x0021, 0x0021, 0x0021, 0x0021, 0x0021, 0x0021, 0x0021, 0x0021, 0x0021, 0x0021,
  0x0021, 0x0021, 0x0021, 0x0041, 0x0041, 0x0861, 0x0862, 0x0862, 0x0862, 0x0862, 0x0882, 0x0882, 0x0882, 0x10A3, 0x10A3, 0x10A2,
  0x10A2, 0x0882, 0x0882, 0x0862, 0x0882, 0x0882, 0x0882, 0x0882, 0x0862, 0x0862, 0x0861, 0x0041, 0x0041, 0x0041, 0x0041, 0x0041,
  0x0041, 0x0041, 0x0041, 0x0861, 0x0862, 0x0882, 0x10A3, 0x18C3, 0x18E3, 0x10C3, 0x10A3, 0x10A3, 0x10C3, 0x1904, 0x2965, 0x3186,
  0x31A7, 0x3186, 0x2965, 0x2965, 0x3186, 0x31A7, 0x39C7, 0x39C7, 0x39C7, 0x39E7, 0x4208, 0x4208, 0x39E7, 0x31A6, 0x2945, 0x18E3,
  0x10A3, 0x0882, 0x0882, 0x10A3, 0x10A2, 0x0020, 0x0000, 0x0000, 0x0000, 0x0000, 0x0000, 0x0000, 0x0000, 0x0000, 0x0000, 0x0000,
  0x0000, 0x0000, 0x0000, 0x0000, 0x0000, 0x0000, 0x0000, 0x0000, 0x0000, 0x0000, 0x0000, 0x0000, 0x0000, 0x0000, 0x0000, 0x0000,
  0x0000, 0x0000, 0x0000, 0x0000, 0x0000, 0x0000, 0x0000, 0x0000, 0x0000, 0x0000, 0x0000, 0x0000, 0x0000, 0x0000, 0x0000, 0x0000,
  0x0000, 0x0000, 0x0000, 0x0000, 0x0000, 0x0000, 0x0000, 0x0000, 0x0000, 0x0000, 0x0000, 0x0000, 0x0000, 0x0000, 0x0000, 0x0000,
  0x0000, 0x0000, 0x0000, 0x0000, 0x0000, 0x0000, 0x0000, 0x0000, 0x0000, 0x0000, 0x0000, 0x0000, 0x0000, 0x0000, 0x0000, 0x0000,
  0x0000, 0x0000, 0x0000, 0x0000, 0x0000, 0x0000, 0x0000, 0x0000, 0x0000, 0x0000, 0x0000, 0x0000, 0x0861, 0x0861, 0x0000, 0x0000,
  0x18C2, 0x39A6, 0x2124, 0x4A28, 0x630C, 0x5AAA, 0x3185, 0x41E7, 0x2924, 0x1082, 0x10A2, 0x2124, 0x2924, 0x31A6, 0x4228, 0x5AEC,
  0x3186, 0x4A69, 0x2104, 0x2124, 0x39E7, 0x4228, 0x4249, 0x528A, 0x39C7, 0x2966, 0x39C7, 0x31A6, 0x0861, 0x0000, 0x0000, 0x0020,
  0x0861, 0x1082, 0x0840, 0x2145, 0x39C8, 0x2104, 0x18C3, 0x1904, 0x2104, 0x10A2, 0x0000, 0x0020, 0x0841, 0x1082, 0x1082, 0x0861,
  0x0841, 0x0841, 0x0020, 0x0000, 0x0000, 0x0000, 0x0841, 0x0861, 0x0000, 0x0040, 0x0020, 0x0820, 0x0020, 0x0020, 0x0020, 0x0041,
  0x0041, 0x0861, 0x0041, 0x0041, 0x0021, 0x0021, 0x0021, 0x0021, 0x0021, 0x0021, 0x0021, 0x0021, 0x0021, 0x0021, 0x0021, 0x0021,
  0x0021, 0x0021, 0x0021, 0x0041, 0x0041, 0x0041, 0x0861, 0x0861, 0x0862, 0x0862, 0x0862, 0x0882, 0x0882, 0x10A3, 0x10A3, 0x10A3,
  0x10A3, 0x10A2, 0x0882, 0x0882, 0x0882, 0x0882, 0x0882, 0x0882, 0x0862, 0x0862, 0x0861, 0x0041, 0x0041, 0x0041, 0x0041, 0x0041,
  0x0041, 0x0041, 0x0041, 0x0041, 0x0861, 0x0862, 0x0882, 0x0882, 0x10A3, 0x10A3, 0x08A2, 0x0882, 0x0882, 0x10A3, 0x18C3, 0x1904,
  0x2945, 0x2945, 0x2145, 0x2965, 0x2966, 0x2966, 0x2986, 0x3186, 0x31A6, 0x39C7, 0x39E7, 0x39E7, 0x39C7, 0x3186, 0x2125, 0x18C3,
  0x1082, 0x0882, 0x0882, 0x0841, 0x0000, 0x0000, 0x0000, 0x0000, 0x0000, 0x0000, 0x0000, 0x0000, 0x0000, 0x0000, 0x0000, 0x0000,
  0x0000, 0x0000, 0x0000, 0x0000, 0x0000, 0x0000, 0x0000, 0x0000, 0x0000, 0x0000, 0x0000, 0x0000, 0x0000, 0x0000, 0x0000, 0x0000,
  0x0000, 0x0000, 0x0000, 0x0000, 0x0000, 0x0000, 0x0000, 0x0000, 0x0000, 0x0000, 0x0000, 0x0000, 0x0000, 0x0000, 0x0000, 0x0000,
  0x0000, 0x0000, 0x0000, 0x0000, 0x0000, 0x0000, 0x0000, 0x0000, 0x0000, 0x0000, 0x0000, 0x0000, 0x0000, 0x0000, 0x0000, 0x0000,
  0x0000, 0x0000, 0x0000, 0x0000, 0x0000, 0x0000, 0x0000, 0x0000, 0x0000, 0x0000, 0x0000, 0x0000, 0x0000, 0x0000, 0x0000, 0x0000,
  0x0000, 0x0000, 0x0000, 0x0000, 0x0000, 0x0000, 0x0000, 0x0000, 0x0000, 0x0000, 0x0000, 0x0000, 0x0000, 0x0020, 0x0020, 0x0000,
  0x18A2, 0x18A2, 0x2103, 0x39C6, 0x39A6, 0x3185, 0x2924, 0x18A2, 0x0861, 0x0020, 0x0881, 0x18E3, 0x18E3, 0x2945, 0x20E4, 0x4A49,
  0x39C7, 0x4208, 0x3186, 0x0841, 0x2104, 0x2965, 0x3186, 0x4228, 0x39C7, 0x18E3, 0x2125, 0x2125, 0x0020, 0x0841, 0x2104, 0x3186,
  0x52AB, 0x3A08, 0x1082, 0x10A2, 0x18E4, 0x2945, 0x2986, 0x18E4, 0x10A2, 0x0841, 0x0041, 0x0020, 0x0020, 0x0020, 0x0000, 0x0000,
  0x0020, 0x0841, 0x0020, 0x0020, 0x0861, 0x0861, 0x0841, 0x0020, 0x0000, 0x0000, 0x0000, 0x0841, 0x0841, 0x0021, 0x0041, 0x0861,
  0x0862, 0x0862, 0x0041, 0x0041, 0x0021, 0x0021, 0x0021, 0x0021, 0x0021, 0x0021, 0x0021, 0x0021, 0x0021, 0x0021, 0x0021, 0x0021,
  0x0021, 0x0021, 0x0021, 0x0021, 0x0041, 0x0041, 0x0041, 0x0861, 0x0861, 0x0861, 0x0862, 0x0862, 0x0882, 0x08A2, 0x10A3, 0x10C3,
  0x10C3, 0x10A3, 0x10A2, 0x0882, 0x0882, 0x0882, 0x0882, 0x0882, 0x0882, 0x0882, 0x0862, 0x0861, 0x0041, 0x0041, 0x0041, 0x0041,
  0x0041, 0x0041, 0x0041, 0x0041, 0x0041, 0x0861, 0x0862, 0x0862, 0x0882, 0x0882, 0x1082, 0x0882, 0x0862, 0x0862, 0x0882, 0x10C3,
  0x1904, 0x2145, 0x2966, 0x2986, 0x2966, 0x2145, 0x2145, 0x2945, 0x2966, 0x31A6, 0x31A6, 0x31A6, 0x3186, 0x2945, 0x2124, 0x18C3,
  0x10A2, 0x1082, 0x0020, 0x0000, 0x0000, 0x0000, 0x0000, 0x0000, 0x0000, 0x0000, 0x0000, 0x0000, 0x0000, 0x0000, 0x0000, 0x0000,
  0x0000, 0x0000, 0x0000, 0x0000, 0x0000, 0x0000, 0x0000, 0x0000, 0x0000, 0x0000, 0x0000, 0x0000, 0x0000, 0x0000, 0x0000, 0x0000,
  0x0000, 0x0000, 0x0000, 0x0000, 0x0000, 0x0000, 0x0000, 0x0000, 0x0000, 0x0000, 0x0000, 0x0000, 0x0000, 0x0000, 0x0000, 0x0000,
  0x0000, 0x0000, 0x0000, 0x0000, 0x0000, 0x0000, 0x0000, 0x0000, 0x0000, 0x0000, 0x0000, 0x0000, 0x0000, 0x0000, 0x0000, 0x0000,
  0x0000, 0x0000, 0x0000, 0x0000, 0x0000, 0x0000, 0x0000, 0x0000, 0x0000, 0x0000, 0x0000, 0x0000, 0x0000, 0x0000, 0x0000, 0x0000,
  0x0000, 0x0000, 0x0000, 0x0000, 0x0000, 0x0000, 0x0000, 0x0000, 0x0000, 0x0000, 0x0000, 0x0000, 0x0000, 0x0000, 0x0020, 0x0861,
  0x1061, 0x0861, 0x18C3, 0x2104, 0x20E3, 0x2923, 0x18A2, 0x0840, 0x0000, 0x0040, 0x2104, 0x2124, 0x0840, 0x1082, 0x10A2, 0x2945,
  0x31A6, 0x31A6, 0x18C3, 0x0000, 0x0841, 0x2104, 0x39C7, 0x31A7, 0x2945, 0x18E3, 0x18A3, 0x0861, 0x0841, 0x31A7, 0x52AB, 0x39C7,
  0x5ACB, 0x52CB, 0x18E3, 0x0841, 0x10A3, 0x2104, 0x10A3, 0x1082, 0x0000, 0x0020, 0x18E3, 0x2124, 0x18C3, 0x10A2, 0x0000, 0x0000,
  0x0020, 0x0000, 0x0020, 0x0861, 0x1082, 0x1082, 0x0000, 0x0000, 0x0020, 0x0000, 0x0000, 0x0841, 0x0041, 0x0041, 0x0041, 0x0861,
  0x0862, 0x0862, 0x0041, 0x0041, 0x0021, 0x0021, 0x0021, 0x0020, 0x0021, 0x0021, 0x0021, 0x0021, 0x0021, 0x0021, 0x0021, 0x0021,
  0x0021, 0x0021, 0x0021, 0x0021, 0x0021, 0x0041, 0x0041, 0x0041, 0x0861, 0x0861, 0x0862, 0x0862, 0x0862, 0x0882, 0x10A2, 0x10A3,
  0x10A3, 0x10A3, 0x10A2, 0x10A2, 0x1082, 0x0882, 0x0882, 0x0882, 0x0882, 0x0882, 0x0862, 0x0861, 0x0041, 0x0041, 0x0041, 0x0841,
  0x0861, 0x0041, 0x0041, 0x0041, 0x0041, 0x0041, 0x0861, 0x0862, 0x0882, 0x0882, 0x0882, 0x0882, 0x0862, 0x0862, 0x0882, 0x10C3,
  0x18E4, 0x2125, 0x2966, 0x2986, 0x2945, 0x2125, 0x1904, 0x2125, 0x2965, 0x2986, 0x2966, 0x2965, 0x2945, 0x2125, 0x2104, 0x18E4,
  0x1082, 0x0020, 0x0000, 0x0000, 0x0000, 0x0000, 0x0000, 0x0000, 0x0000, 0x0000, 0x0000, 0x0000, 0x0000, 0x0000, 0x0000, 0x0000,
  0x0000, 0x0000, 0x0000, 0x0000, 0x0000, 0x0000, 0x0000, 0x0000, 0x0000, 0x0000, 0x0000, 0x0000, 0x0000, 0x0000, 0x0000, 0x0000,
  0x0000, 0x0000, 0x0000, 0x0000, 0x0000, 0x0000, 0x0000, 0x0000, 0x0000, 0x0000, 0x0000, 0x0000, 0x0000, 0x0000, 0x0000, 0x0000,
  0x0000, 0x0000, 0x0000, 0x0000, 0x0000, 0x0000, 0x0000, 0x0000, 0x0000, 0x0000, 0x0000, 0x0000, 0x0000, 0x0000, 0x0000, 0x0000,
  0x0000, 0x0000, 0x0000, 0x0000, 0x0000, 0x0000, 0x0000, 0x0000, 0x0000, 0x0000, 0x0000, 0x0000, 0x0000, 0x0000, 0x0000, 0x0000,
  0x0000, 0x0000, 0x0000, 0x0000, 0x0000, 0x0000, 0x0000, 0x0000, 0x0000, 0x0000, 0x0000, 0x0000, 0x0000, 0x0000, 0x0000, 0x0020,
  0x0020, 0x0841, 0x18C3, 0x18A2, 0x1082, 0x0841, 0x0820, 0x0020, 0x1082, 0x4A49, 0x73AE, 0x8C51, 0x4A69, 0x2104, 0x0861, 0x20E3,
  0x2945, 0x2945, 0x10A2, 0x0000, 0x0020, 0x18E3, 0x2945, 0x2124, 0x2104, 0x10A2, 0x0041, 0x0020, 0x39C7, 0x52AB, 0x31C7, 0x31A6,
  0x3A08, 0x31A6, 0x10A2, 0x0020, 0x1082, 0x1082, 0x0841, 0x0020, 0x0000, 0x18C3, 0x2966, 0x31C6, 0x2124, 0x2104, 0x0000, 0x0000,
  0x0841, 0x0020, 0x0840, 0x0861, 0x0840, 0x0020, 0x0000, 0x0020, 0x0841, 0x0020, 0x0020, 0x0021, 0x0021, 0x0041, 0x0041, 0x0861,
  0x0862, 0x0862, 0x0041, 0x0041, 0x0021, 0x0021, 0x0020, 0x0020, 0x0021, 0x0021, 0x0021, 0x0021, 0x0021, 0x0021, 0x0021, 0x0021,
  0x0021, 0x0021, 0x0021, 0x0021, 0x0021, 0x0041, 0x0041, 0x0041, 0x0861, 0x0861, 0x0861, 0x0862, 0x0862, 0x0862, 0x0882, 0x0882,
  0x08A2, 0x10A2, 0x10A2, 0x10A2, 0x10A3, 0x10A3, 0x10A3, 0x0882, 0x0882, 0x0882, 0x0882, 0x0862, 0x0041, 0x0041, 0x0861, 0x0862,
  0x0862, 0x0841, 0x0041, 0x0041, 0x0021, 0x0041, 0x0041, 0x0041, 0x0862, 0x0862, 0x0862, 0x0862, 0x0861, 0x0862, 0x10A3, 0x10C3,
  0x18E4, 0x2124, 0x2125, 0x2125, 0x2104, 0x18E4, 0x1904, 0x2124, 0x2945, 0x2965, 0x2945, 0x2124, 0x2104, 0x2104, 0x2104, 0x1082,
  0x0000, 0x0000, 0x0000, 0x0000, 0x0000, 0x0000, 0x0000, 0x0000, 0x0000, 0x0000, 0x0000, 0x0000, 0x0000, 0x0000, 0x0000, 0x0000,
  0x0000, 0x0000, 0x0000, 0x0000, 0x0000, 0x0000, 0x0000, 0x0000, 0x0000, 0x0000, 0x0000, 0x0000, 0x0000, 0x0000, 0x0000, 0x0000,
  0x0000, 0x0000, 0x0000, 0x0000, 0x0000, 0x0000, 0x0000, 0x0000, 0x0000, 0x0000, 0x0000, 0x0000, 0x0000, 0x0000, 0x0000, 0x0000,
  0x0000, 0x0000, 0x0000, 0x0000, 0x0000, 0x0000, 0x0000, 0x0000, 0x0000, 0x0000, 0x0000, 0x0000, 0x0000, 0x0000, 0x0000, 0x0000,
  0x0000, 0x0000, 0x0000, 0x0000, 0x0000, 0x0000, 0x0000, 0x0000, 0x0000, 0x0000, 0x0000, 0x0000, 0x0000, 0x0000, 0x0000, 0x0000,
  0x0000, 0x0000, 0x0000, 0x0000, 0x0000, 0x0000, 0x0000, 0x0000, 0x0000, 0x0000, 0x0000, 0x0000, 0x0000, 0x0000, 0x0000, 0x0000,
  0x0000, 0x0841, 0x0861, 0x0820, 0x0020, 0x0000, 0x0020, 0x2124, 0x3186, 0x4228, 0x4A49, 0x52AA, 0x52AA, 0x5ACB, 0x2103, 0x0861,
  0x18E3, 0x10A2, 0x0861, 0x0020, 0x0020, 0x0861, 0x10A2, 0x10A2, 0x0861, 0x0020, 0x0000, 0x18E3, 0x39E7, 0x3186, 0x31A7, 0x2966,
  0x2104, 0x18E3, 0x0861, 0x0020, 0x0000, 0x0000, 0x0000, 0x0840, 0x18C3, 0x2104, 0x2924, 0x2124, 0x18C2, 0x0020, 0x0020, 0x0841,
  0x0861, 0x0020, 0x0020, 0x0020, 0x0820, 0x0861, 0x0841, 0x0020, 0x0000, 0x0020, 0x0020, 0x0021, 0x0041, 0x0041, 0x0041, 0x0041,
  0x0862, 0x0862, 0x0861, 0x0041, 0x0021, 0x0021, 0x0021, 0x0021, 0x0021, 0x0021, 0x0021, 0x0021, 0x0021, 0x0021, 0x0021, 0x0021,
  0x0021, 0x0021, 0x0021, 0x0021, 0x0021, 0x0041, 0x0041, 0x0041, 0x0841, 0x0861, 0x0862, 0x0862, 0x0862, 0x0862, 0x0862, 0x0882,
  0x0882, 0x0882, 0x0882, 0x0882, 0x10A2, 0x10A3, 0x10A3, 0x10A2, 0x0882, 0x0882, 0x0882, 0x0862, 0x0862, 0x0041, 0x0861, 0x0862,
  0x0862, 0x0861, 0x0041, 0x0021, 0x0021, 0x0021, 0x0021, 0x0041, 0x0041, 0x0041, 0x0041, 0x0041, 0x0861, 0x0882, 0x10C3, 0x18E3,
  0x18E4, 0x18E4, 0x18E3, 0x18E3, 0x10C3, 0x10C3, 0x18E3, 0x18E4, 0x2124, 0x2124, 0x2104, 0x18E3, 0x18E3, 0x18C3, 0x0841, 0x0000,
  0x0000, 0x0000, 0x0000, 0x0000, 0x0000, 0x0000, 0x0000, 0x0000, 0x0000, 0x0000, 0x0000, 0x0000, 0x0000, 0x0000, 0x0000, 0x0000,
  0x0000, 0x0000, 0x0000, 0x0000, 0x0000, 0x0000, 0x0000, 0x0000, 0x0000, 0x0000, 0x0000, 0x0000, 0x0000, 0x0000, 0x0000, 0x0000,
  0x0000, 0x0000, 0x0000, 0x0000, 0x0000, 0x0000, 0x0000, 0x0000, 0x0000, 0x0000, 0x0000, 0x0000, 0x0000, 0x0000, 0x0000, 0x0000,
  0x0000, 0x0000, 0x0000, 0x0000, 0x0000, 0x0000, 0x0000, 0x0000, 0x0000, 0x0000, 0x0000, 0x0000, 0x0000, 0x0000, 0x0000, 0x0000,
  0x0000, 0x0000, 0x0000, 0x0000, 0x0000, 0x0000, 0x0000, 0x0000, 0x0000, 0x0000, 0x0000, 0x0000, 0x0000, 0x0000, 0x0000, 0x0000,
  0x0000, 0x0000, 0x0000, 0x0000, 0x0000, 0x0000, 0x0000, 0x0000, 0x0000, 0x0000, 0x0000, 0x0000, 0x0000, 0x0000, 0x0000, 0x0000,
  0x0000, 0x0000, 0x0020, 0x0841, 0x0020, 0x10A2, 0x2965, 0x4A49, 0x2945, 0x4208, 0x52AA, 0x5AAA, 0x2924, 0x4228, 0x39C7, 0x0000,
  0x0020, 0x0841, 0x0020, 0x0861, 0x0841, 0x0000, 0x0020, 0x0020, 0x0020, 0x0020, 0x0000, 0x10C3, 0x18C3, 0x18E3, 0x2945, 0x18C3,
  0x1082, 0x0000, 0x0020, 0x0882, 0x0841, 0x0020, 0x0000, 0x1082, 0x10A2, 0x1082, 0x1061, 0x1081, 0x0020, 0x0841, 0x10A2, 0x0841,
  0x0000, 0x0000, 0x0000, 0x0020, 0x0041, 0x0021, 0x0000, 0x0000, 0x0000, 0x0000, 0x0020, 0x0021, 0x0041, 0x0041, 0x0041, 0x0841,
  0x0862, 0x0861, 0x0861, 0x0041, 0x0041, 0x0021, 0x0021, 0x0021, 0x0020, 0x0021, 0x0021, 0x0021, 0x0021, 0x0021, 0x0021, 0x0021,
  0x0021, 0x0021, 0x0021, 0x0021, 0x0021, 0x0021, 0x0041, 0x0041, 0x0041, 0x0041, 0x0861, 0x0862, 0x0862, 0x0861, 0x0862, 0x0862,
  0x0862, 0x0862, 0x0882, 0x0882, 0x0882, 0x08A2, 0x10A2, 0x0882, 0x0882, 0x0882, 0x0882, 0x0862, 0x0862, 0x0041, 0x0041, 0x0861,
  0x0861, 0x0041, 0x0041, 0x0021, 0x0021, 0x0020, 0x0021, 0x0041, 0x0041, 0x0041, 0x0041, 0x0041, 0x0041, 0x0882, 0x10C3, 0x18E4,
  0x18E3, 0x10A3, 0x0882, 0x0882, 0x0882, 0x10A3, 0x10C3, 0x18C3, 0x18E4, 0x18E3, 0x18C3, 0x10C3, 0x1082, 0x0020, 0x0000, 0x0000,
  0x0000, 0x0000, 0x0000, 0x0000, 0x0000, 0x0000, 0x0000, 0x0000, 0x0000, 0x0000, 0x0000, 0x0000, 0x0000, 0x0000, 0x0000, 0x0000,
  0x0000, 0x0000, 0x0000, 0x0000, 0x0000, 0x0000, 0x0000, 0x0000, 0x0000, 0x0000, 0x0000, 0x0000, 0x0000, 0x0000, 0x0000, 0x0000,
  0x0000, 0x0000, 0x0000, 0x0000, 0x0000, 0x0000, 0x0000, 0x0000, 0x0000, 0x0000, 0x0000, 0x0000, 0x0000, 0x0000, 0x0000, 0x0000,
  0x0000, 0x0000, 0x0000, 0x0000, 0x0000, 0x0000, 0x0000, 0x0000, 0x0000, 0x0000, 0x0000, 0x0000, 0x0000, 0x0000, 0x0000, 0x0000,
  0x0000, 0x0000, 0x0000, 0x0000, 0x0000, 0x0000, 0x0000, 0x0000, 0x0000, 0x0000, 0x0000, 0x0000, 0x0000, 0x0000, 0x0000, 0x0000,
  0x0000, 0x0000, 0x0000, 0x0000, 0x0000, 0x0000, 0x0000, 0x0000, 0x0000, 0x0000, 0x0000, 0x0000, 0x0000, 0x0000, 0x0000, 0x0000,
  0x0000, 0x0000, 0x0000, 0x0000, 0x10A2, 0x2104, 0x2945, 0x4A48, 0x2104, 0x18E3, 0x2945, 0x41E7, 0x39C7, 0x2924, 0x2103, 0x0020,
  0x0000, 0x0000, 0x0841, 0x2104, 0x2104, 0x0841, 0x0000, 0x0020, 0x0020, 0x0861, 0x10A2, 0x0841, 0x0861, 0x2104, 0x2124, 0x1082,
  0x0020, 0x0000, 0x0882, 0x10A2, 0x0861, 0x0000, 0x0000, 0x1082, 0x0861, 0x0841, 0x0820, 0x0000, 0x0020, 0x10A2, 0x0861, 0x0000,
  0x0820, 0x0861, 0x0041, 0x0841, 0x0041, 0x0021, 0x0020, 0x0000, 0x0000, 0x0000, 0x0000, 0x0021, 0x0041, 0x0041, 0x0862, 0x0862,
  0x0862, 0x0862, 0x0841, 0x0041, 0x0041, 0x0041, 0x0021, 0x0021, 0x0021, 0x0021, 0x0021, 0x0021, 0x0021, 0x0021, 0x0021, 0x0021,
  0x0021, 0x0021, 0x0021, 0x0021, 0x0021, 0x0021, 0x0041, 0x0041, 0x0041, 0x0041, 0x0061, 0x0861, 0x0861, 0x0041, 0x0041, 0x0041,
  0x0861, 0x0861, 0x0862, 0x0862, 0x0862, 0x0882, 0x0882, 0x0882, 0x0882, 0x0882, 0x0862, 0x0862, 0x0861, 0x0041, 0x0041, 0x0041,
  0x0041, 0x0041, 0x0021, 0x0021, 0x0021, 0x0021, 0x0021, 0x0041, 0x0041, 0x0021, 0x0021, 0x0021, 0x0041, 0x0862, 0x10A3, 0x10C3,
  0x10A3, 0x0882, 0x0862, 0x0862, 0x0882, 0x10A2, 0x10A3, 0x10C3, 0x18C3, 0x18C3, 0x10A2, 0x0841, 0x0000, 0x0000, 0x0000, 0x0000,
  0x0000, 0x0000, 0x0000, 0x0000, 0x0000, 0x0000, 0x0000, 0x0000, 0x0000, 0x0000, 0x0000, 0x0000, 0x0000, 0x0000, 0x0000, 0x0000,
  0x0000, 0x0000, 0x0000, 0x0000, 0x0000, 0x0000, 0x0000, 0x0000, 0x0000, 0x0000, 0x0000, 0x0000, 0x0000, 0x0000, 0x0000, 0x0000,
  0x0000, 0x0000, 0x0000, 0x0000, 0x0000, 0x0000, 0x0000, 0x0000, 0x0000, 0x0000, 0x0000, 0x0000, 0x0000, 0x0000, 0x0000, 0x0000,
  0x0000, 0x0000, 0x0000, 0x0000, 0x0000, 0x0000, 0x0000, 0x0000, 0x0000, 0x0000, 0x0000, 0x0000, 0x0000, 0x0000, 0x0000, 0x0000,
  0x0000, 0x0000, 0x0000, 0x0000, 0x0000, 0x0000, 0x0000, 0x0000, 0x0000, 0x0000, 0x0000, 0x0000, 0x0000, 0x0000, 0x0000, 0x0000,
  0x0000, 0x0000, 0x0000, 0x0000, 0x0000, 0x0000, 0x0000, 0x0000, 0x0000, 0x0000, 0x0000, 0x0000, 0x0000, 0x0000, 0x0000, 0x0000,
  0x0000, 0x0000, 0x0000, 0x0000, 0x0000, 0x0861, 0x18C3, 0x2944, 0x2124, 0x10A2, 0x10A2, 0x2104, 0x2924, 0x18C3, 0x0861, 0x0000,
  0x0861, 0x10A2, 0x2945, 0x4228, 0x4A8A, 0x2124, 0x18C3, 0x0020, 0x0841, 0x2124, 0x18E4, 0x0861, 0x0841, 0x0861, 0x0841, 0x0020,
  0x0000, 0x0841, 0x10A2, 0x0861, 0x0020, 0x0881, 0x0020, 0x0020, 0x0020, 0x0861, 0x0841, 0x0000, 0x1081, 0x0861, 0x0841, 0x0020,
  0x0861, 0x1082, 0x0882, 0x0862, 0x0041, 0x0041, 0x0021, 0x0000, 0x0000, 0x0000, 0x0020, 0x0021, 0x0041, 0x0041, 0x0862, 0x0862,
  0x0862, 0x0862, 0x0862, 0x0841, 0x0041, 0x0041, 0x0021, 0x0021, 0x0021, 0x0021, 0x0020, 0x0021, 0x0021, 0x0021, 0x0021, 0x0021,
  0x0021, 0x0021, 0x0021, 0x0021, 0x0021, 0x0021, 0x0041, 0x0041, 0x0041, 0x0041, 0x0041, 0x0041, 0x0041, 0x0041, 0x0041, 0x0041,
  0x0041, 0x0861, 0x0861, 0x0861, 0x0861, 0x0861, 0x0862, 0x0862, 0x0862, 0x0862, 0x0862, 0x0862, 0x0861, 0x0841, 0x0041, 0x0041,
  0x0021, 0x0021, 0x0021, 0x0021, 0x0021, 0x0021, 0x0021, 0x0021, 0x0021, 0x0021, 0x0021, 0x0021, 0x0041, 0x0861, 0x0882, 0x1082,
  0x0882, 0x0882, 0x0862, 0x0861, 0x0862, 0x10A2, 0x10A3, 0x18C3, 0x18C3, 0x1082, 0x0000, 0x0000, 0x0000, 0x0000, 0x0000, 0x0000,
  0x0000, 0x0000, 0x0000, 0x0000, 0x0000, 0x0000, 0x0000, 0x0000, 0x0000, 0x0000, 0x0000, 0x0000, 0x0000, 0x0000, 0x0000, 0x0000,
  0x0000, 0x0000, 0x0000, 0x0000, 0x0000, 0x0000, 0x0000, 0x0000, 0x0000, 0x0000, 0x0000, 0x0000, 0x0000, 0x0000, 0x0000, 0x0000,
  0x0000, 0x0000, 0x0000, 0x0000, 0x0000, 0x0000, 0x0000, 0x0000, 0x0000, 0x0000, 0x0000, 0x0000, 0x0000, 0x0000, 0x0000, 0x0000,
  0x0000, 0x0000, 0x0000, 0x0000, 0x0000, 0x0000, 0x0000, 0x0000, 0x0000, 0x0000, 0x0000, 0x0000, 0x0000, 0x0000, 0x0000, 0x0000,
  0x0000, 0x0000, 0x0000, 0x0000, 0x0000, 0x0000, 0x0000, 0x0000, 0x0000, 0x0000, 0x0000, 0x0000, 0x0000, 0x0000, 0x0000, 0x0000,
  0x0000, 0x0000, 0x0000, 0x0000, 0x0000, 0x0000, 0x0000, 0x0000, 0x0000, 0x0000, 0x0000, 0x0000, 0x0000, 0x0000, 0x0000, 0x0000,
  0x0000, 0x0000, 0x0000, 0x0000, 0x0000, 0x0000, 0x0000, 0x18C3, 0x18C3, 0x1082, 0x18C3, 0x18E3, 0x18E3, 0x0840, 0x0000, 0x0020,
  0x2986, 0x31C7, 0x3186, 0x4A6A, 0x31A6, 0x2124, 0x2945, 0x0861, 0x0861, 0x10A2, 0x18E3, 0x2965, 0x18C3, 0x0861, 0x0000, 0x0020,
  0x18C3, 0x0881, 0x0861, 0x0840, 0x0841, 0x18C3, 0x0040, 0x0000, 0x0841, 0x1082, 0x0020, 0x0020, 0x1081, 0x10A2, 0x0861, 0x0041,
  0x0861, 0x0882, 0x0882, 0x0882, 0x0862, 0x0041, 0x0021, 0x0020, 0x0000, 0x0000, 0x0021, 0x0041, 0x0041, 0x0041, 0x0861, 0x0862,
  0x0862, 0x0862, 0x0862, 0x0861, 0x0041, 0x0041, 0x0021, 0x0021, 0x0021, 0x0021, 0x0021, 0x0021, 0x0021, 0x0021, 0x0021, 0x0021,
  0x0021, 0x0021, 0x0021, 0x0021, 0x0021, 0x0021, 0x0021, 0x0041, 0x0041, 0x0041, 0x0041, 0x0041, 0x0041, 0x0041, 0x0041, 0x0041,
  0x0041, 0x0861, 0x0861, 0x0861, 0x0041, 0x0041, 0x0041, 0x0041, 0x0861, 0x0861, 0x0861, 0x0861, 0x0041, 0x0041, 0x0041, 0x0041,
  0x0021, 0x0021, 0x0021, 0x0021, 0x0021, 0x0021, 0x0021, 0x0021, 0x0021, 0x0021, 0x0021, 0x0021, 0x0021, 0x0041, 0x0861, 0x0862,
  0x0862, 0x0862, 0x0862, 0x0862, 0x0882, 0x1082, 0x10A3, 0x10A3, 0x0841, 0x0000, 0x0000, 0x0000, 0x0000, 0x0000, 0x0000, 0x0000,
  0x0000, 0x0000, 0x0000, 0x0000, 0x0000, 0x0000, 0x0000, 0x0000, 0x0000, 0x0000, 0x0000, 0x0000, 0x0000, 0x0000, 0x0000, 0x0000,
  0x0000, 0x0000, 0x0000, 0x0000, 0x0000, 0x0000, 0x0000, 0x0000, 0x0000, 0x0000, 0x0000, 0x0000, 0x0000, 0x0000, 0x0000, 0x0000,
  0x0000, 0x0000, 0x0000, 0x0000, 0x0000, 0x0000, 0x0000, 0x0000, 0x0000, 0x0000, 0x0000, 0x0000, 0x0000, 0x0000, 0x0000, 0x0000,
  0x0000, 0x0000, 0x0000, 0x0000, 0x0000, 0x0000, 0x0000, 0x0000, 0x0000, 0x0000, 0x0000, 0x0000, 0x0000, 0x0000, 0x0000, 0x0000,
  0x0000, 0x0000, 0x0000, 0x0000, 0x0000, 0x0000, 0x0000, 0x0000, 0x0000, 0x0000, 0x0000, 0x0000, 0x0000, 0x0000, 0x0000, 0x0000,
  0x0000, 0x0000, 0x0000, 0x0000, 0x0000, 0x0000, 0x0000, 0x0000, 0x0000, 0x0000, 0x0000, 0x0000, 0x0000, 0x0000, 0x0000, 0x0000,
  0x0000, 0x0000, 0x0000, 0x0000, 0x0000, 0x0000, 0x0000, 0x0000, 0x0020, 0x0861, 0x10A2, 0x1081, 0x0841, 0x0000, 0x0000, 0x18E3,
  0x2965, 0x2945, 0x39C7, 0x4A6A, 0x18E3, 0x2104, 0x2124, 0x0861, 0x0841, 0x18C3, 0x18E4, 0x3186, 0x20E3, 0x0020, 0x0000, 0x0861,
  0x18E3, 0x1082, 0x0861, 0x0861, 0x0020, 0x0020, 0x0000, 0x1082, 0x18C2, 0x1082, 0x0820, 0x0000, 0x0020, 0x0041, 0x0020, 0x0021,
  0x0041, 0x0862, 0x0882, 0x0882, 0x0882, 0x0862, 0x0041, 0x0021, 0x0020, 0x0021, 0x0021, 0x0041, 0x0041, 0x0041, 0x0041, 0x0862,
  0x0862, 0x0862, 0x0862, 0x0861, 0x0041, 0x0021, 0x0021, 0x0021, 0x0021, 0x0021, 0x0021, 0x0021, 0x0020, 0x0021, 0x0021, 0x0021,
  0x0021, 0x0021, 0x0021, 0x0021, 0x0021, 0x0021, 0x0021, 0x0021, 0x0041, 0x0041, 0x0041, 0x0041, 0x0041, 0x0041, 0x0041, 0x0041,
  0x0041, 0x0841, 0x0861, 0x0861, 0x0041, 0x0041, 0x0041, 0x0041, 0x0041, 0x0041, 0x0041, 0x0041, 0x0041, 0x0041, 0x0041, 0x0021,
  0x0021, 0x0021, 0x0021, 0x0021, 0x0021, 0x0021, 0x0021, 0x0021, 0x0021, 0x0020, 0x0020, 0x0020, 0x0021, 0x0041, 0x0041, 0x0861,
  0x0862, 0x0862, 0x0862, 0x0882, 0x10A2, 0x10A2, 0x0861, 0x0020, 0x0000, 0x0000, 0x0000, 0x0000, 0x0000, 0x0000, 0x0000, 0x0000,
  0x0000, 0x0000, 0x0000, 0x0000, 0x0000, 0x0000, 0x0000, 0x0000, 0x0000, 0x0000, 0x0000, 0x0000, 0x0000, 0x0000, 0x0000, 0x0000,
  0x0000, 0x0000, 0x0000, 0x0000, 0x0000, 0x0000, 0x0000, 0x0000, 0x0000, 0x0000, 0x0000, 0x0000, 0x0000, 0x0000, 0x0000, 0x0000,
  0x0000, 0x0000, 0x0000, 0x0000, 0x0000, 0x0000, 0x0000, 0x0000, 0x0000, 0x0000, 0x0000, 0x0000, 0x0000, 0x0000, 0x0000, 0x0000,
  0x0000, 0x0000, 0x0000, 0x0000, 0x0000, 0x0000, 0x0000, 0x0000, 0x0000, 0x0000, 0x0000, 0x0000, 0x0000, 0x0000, 0x0000, 0x0000,
  0x0000, 0x0000, 0x0000, 0x0000, 0x0000, 0x0000, 0x0000, 0x0000, 0x0000, 0x0000, 0x0000, 0x0000, 0x0000, 0x0000, 0x0000, 0x0000,
  0x0000, 0x0000, 0x0000, 0x0000, 0x0000, 0x0000, 0x0000, 0x0000, 0x0000, 0x0000, 0x0000, 0x0000, 0x0000, 0x0000, 0x0000, 0x0000,
  0x0000, 0x0000, 0x0000, 0x0000, 0x0000, 0x0000, 0x0000, 0x0000, 0x0000, 0x0000, 0x0020, 0x0861, 0x0020, 0x0000, 0x1082, 0x2104,
  0x10A2, 0x2124, 0x2125, 0x2965, 0x18E3, 0x10A2, 0x10A2, 0x0000, 0x1082, 0x18C3, 0x10A2, 0x18C3, 0x1081, 0x0000, 0x0841, 0x1082,
  0x0881, 0x0841, 0x1082, 0x0840, 0x0020, 0x0000, 0x0020, 0x1061, 0x1061, 0x0841, 0x0000, 0x0000, 0x0000, 0x0000, 0x0020, 0x0020,
  0x0021, 0x0041, 0x0862, 0x0882, 0x0882, 0x0882, 0x0862, 0x0041, 0x0021, 0x0021, 0x0021, 0x0041, 0x0041, 0x0041, 0x0041, 0x0862,
  0x0862, 0x0862, 0x0862, 0x0861, 0x0041, 0x0021, 0x0021, 0x0021, 0x0020, 0x0021, 0x0021, 0x0020, 0x0021, 0x0021, 0x0021, 0x0021,
  0x0021, 0x0021, 0x0021, 0x0021, 0x0021, 0x0021, 0x0021, 0x0021, 0x0021, 0x0041, 0x0021, 0x0041, 0x0041, 0x0041, 0x0041, 0x0041,
  0x0041, 0x0041, 0x0861, 0x0861, 0x0041, 0x0041, 0x0041, 0x0041, 0x0041, 0x0041, 0x0041, 0x0041, 0x0041, 0x0021, 0x0021, 0x0021,
  0x0021, 0x0021, 0x0021, 0x0021, 0x0020, 0x0021, 0x0021, 0x0021, 0x0020, 0x0020, 0x0020, 0x0020, 0x0020, 0x0021, 0x0041, 0x0841,
  0x0861, 0x0862, 0x1082, 0x10A2, 0x1082, 0x0020, 0x0000, 0x0000, 0x0000, 0x0000, 0x0000, 0x0000, 0x0000, 0x0000, 0x0000, 0x0000,
  0x0000, 0x0000, 0x0000, 0x0000, 0x0000, 0x0000, 0x0000, 0x0000, 0x0000, 0x0000, 0x0000, 0x0000, 0x0000, 0x0000, 0x0000, 0x0000,
  0x0000, 0x0000, 0x0000, 0x0000, 0x0000, 0x0000, 0x0000, 0x0000, 0x0000, 0x0000, 0x0000, 0x0000, 0x0000, 0x0000, 0x0000, 0x0000,
  0x0000, 0x0000, 0x0000, 0x0000, 0x0000, 0x0000, 0x0000, 0x0000, 0x0000, 0x0000, 0x0000, 0x0000, 0x0000, 0x0000, 0x0000, 0x0000,
  0x0000, 0x0000, 0x0000, 0x0000, 0x0000, 0x0000, 0x0000, 0x0000, 0x0000, 0x0000, 0x0000, 0x0000, 0x0000, 0x0000, 0x0000, 0x0000,
  0x0000, 0x0000, 0x0000, 0x0000, 0x0000, 0x0000, 0x0000, 0x0000, 0x0000, 0x0000, 0x0000, 0x0000, 0x0000, 0x0000, 0x0000, 0x0000,
  0x0000, 0x0000, 0x0000, 0x0000, 0x0000, 0x0000, 0x0000, 0x0000, 0x0000, 0x0000, 0x0000, 0x0000, 0x0000, 0x0000, 0x0000, 0x0000,
  0x0000, 0x0000, 0x0000, 0x0000, 0x0000, 0x0000, 0x0000, 0x0000, 0x0000, 0x0000, 0x0000, 0x0020, 0x0841, 0x0861, 0x0841, 0x1081,
  0x0861, 0x10A2, 0x18C3, 0x18C3, 0x1082, 0x0861, 0x0020, 0x0020, 0x18A2, 0x2104, 0x18C3, 0x1061, 0x0020, 0x0000, 0x1082, 0x18C2,
  0x1081, 0x0840, 0x0840, 0x0000, 0x0000, 0x0000, 0x1061, 0x1081, 0x0861, 0x0000, 0x0000, 0x0000, 0x0000, 0x0000, 0x0020, 0x0020,
  0x0020, 0x0021, 0x0841, 0x0882, 0x1082, 0x10A3, 0x10A2, 0x0862, 0x0041, 0x0021, 0x0021, 0x0041, 0x0041, 0x0041, 0x0861, 0x0862,
  0x0862, 0x0862, 0x0862, 0x0861, 0x0041, 0x0021, 0x0021, 0x0021, 0x0020, 0x0020, 0x0021, 0x0020, 0x0021, 0x0020, 0x0021, 0x0021,
  0x0021, 0x0021, 0x0021, 0x0021, 0x0021, 0x0021, 0x0021, 0x0021, 0x0021, 0x0021, 0x0021, 0x0041, 0x0041, 0x0041, 0x0041, 0x0041,
  0x0041, 0x0041, 0x0841, 0x0861, 0x0861, 0x0841, 0x0041, 0x0041, 0x0041, 0x0041, 0x0041, 0x0041, 0x0021, 0x0021, 0x0021, 0x0021,
  0x0021, 0x0021, 0x0021, 0x0021, 0x0020, 0x0020, 0x0020, 0x0020, 0x0020, 0x0020, 0x0020, 0x0000, 0x0020, 0x0020, 0x0020, 0x0021,
  0x0841, 0x0882, 0x1082, 0x0041, 0x0000, 0x0000, 0x0000, 0x0000, 0x0000, 0x0000, 0x0000, 0x0000, 0x0000, 0x0000, 0x0000, 0x0000,
  0x0000, 0x0000, 0x0000, 0x0000, 0x0000, 0x0000, 0x0000, 0x0000, 0x0000, 0x0000, 0x0000, 0x0000, 0x0000, 0x0000, 0x0000, 0x0000,
  0x0000, 0x0000, 0x0000, 0x0000, 0x0000, 0x0000, 0x0000, 0x0000, 0x0000, 0x0000, 0x0000, 0x0000, 0x0000, 0x0000, 0x0000, 0x0000,
  0x0000, 0x0000, 0x0000, 0x0000, 0x0000, 0x0000, 0x0000, 0x0000, 0x0000, 0x0000, 0x0000, 0x0000, 0x0000, 0x0000, 0x0000, 0x0000,
  0x0000, 0x0000, 0x0000, 0x0000, 0x0000, 0x0000, 0x0000, 0x0000, 0x0000, 0x0000, 0x0000, 0x0000, 0x0000, 0x0000, 0x0000, 0x0000,
  0x0000, 0x0000, 0x0000, 0x0000, 0x0000, 0x0000, 0x0000, 0x0000, 0x0000, 0x0000, 0x0000, 0x0000, 0x0000, 0x0000, 0x0000, 0x0000,
  0x0000, 0x0000, 0x0000, 0x0000, 0x0000, 0x0000, 0x0000, 0x0000, 0x0000, 0x0000, 0x0000, 0x0000, 0x0000, 0x0000, 0x0000, 0x0000,
  0x0000, 0x0000, 0x0000, 0x0000, 0x0000, 0x0000, 0x0000, 0x0000, 0x0000, 0x0000, 0x0000, 0x0000, 0x0000, 0x0861, 0x0861, 0x0841,
  0x0020, 0x0861, 0x10A2, 0x0861, 0x0840, 0x0020, 0x0000, 0x0820, 0x2103, 0x18C3, 0x0841, 0x0020, 0x0000, 0x0020, 0x0841, 0x1081,
  0x0820, 0x0020, 0x0020, 0x0841, 0x1082, 0x0020, 0x1081, 0x18A2, 0x0020, 0x0000, 0x0000, 0x0000, 0x0000, 0x0000, 0x0000, 0x0020,
  0x0020, 0x0021, 0x0041, 0x0862, 0x10A3, 0x10C3, 0x10A3, 0x0882, 0x0041, 0x0021, 0x0021, 0x0021, 0x0041, 0x0041, 0x0041, 0x0862,
  0x0882, 0x0862, 0x0862, 0x0041, 0x0021, 0x0020, 0x0020, 0x0020, 0x0020, 0x0020, 0x0020, 0x0020, 0x0020, 0x0020, 0x0020, 0x0020,
  0x0021, 0x0020, 0x0020, 0x0021, 0x0021, 0x0021, 0x0021, 0x0021, 0x0021, 0x0021, 0x0041, 0x0041, 0x0041, 0x0041, 0x0041, 0x0041,
  0x0041, 0x0041, 0x0041, 0x0861, 0x0861, 0x0861, 0x0041, 0x0041, 0x0041, 0x0041, 0x0041, 0x0021, 0x0021, 0x0021, 0x0021, 0x0021,
  0x0021, 0x0020, 0x0020, 0x0020, 0x0020, 0x0020, 0x0000, 0x0000, 0x0000, 0x0020, 0x0020, 0x0000, 0x0000, 0x0000, 0x0000, 0x0020,
  0x0841, 0x0841, 0x0000, 0x0000, 0x0000, 0x0000, 0x0000, 0x0000, 0x0000, 0x0000, 0x0000, 0x0000, 0x0000, 0x0000, 0x0000, 0x0000,
  0x0000, 0x0000, 0x0000, 0x0000, 0x0000, 0x0000, 0x0000, 0x0000, 0x0000, 0x0000, 0x0000, 0x0000, 0x0000, 0x0000, 0x0000, 0x0000,
  0x0000, 0x0000, 0x0000, 0x0000, 0x0000, 0x0000, 0x0000, 0x0000, 0x0000, 0x0000, 0x0000, 0x0000, 0x0000, 0x0000, 0x0000, 0x0000,
  0x0000, 0x0000, 0x0000, 0x0000, 0x0000, 0x0000, 0x0000, 0x0000, 0x0000, 0x0000, 0x0000, 0x0000, 0x0000, 0x0000, 0x0000, 0x0000,
  0x0000, 0x0000, 0x0000, 0x0000, 0x0000, 0x0000, 0x0000, 0x0000, 0x0000, 0x0000, 0x0000, 0x0000, 0x0000, 0x0000, 0x0000, 0x0000,
  0x0000, 0x0000, 0x0000, 0x0000, 0x0000, 0x0000, 0x0000, 0x0000, 0x0000, 0x0000, 0x0000, 0x0000, 0x0000, 0x0000, 0x0000, 0x0000,
  0x0000, 0x0000, 0x0000, 0x0000, 0x0000, 0x0000, 0x0000, 0x0000, 0x0000, 0x0000, 0x0000, 0x0000, 0x0000, 0x0000, 0x0000, 0x0000,
  0x0000, 0x0000, 0x0000, 0x0000, 0x0000, 0x0000, 0x0000, 0x0000, 0x0000, 0x0000, 0x0000, 0x0000, 0x0000, 0x0000, 0x0020, 0x0841,
  0x1061, 0x0841, 0x0841, 0x0020, 0x0000, 0x0000, 0x0020, 0x0020, 0x0020, 0x0020, 0x0000, 0x0000, 0x0861, 0x10A2, 0x0820, 0x0000,
  0x0000, 0x0000, 0x1082, 0x0861, 0x18A2, 0x0841, 0x0000, 0x0000, 0x0000, 0x0000, 0x0000, 0x0000, 0x0000, 0x0000, 0x0000, 0x0000,
  0x0020, 0x0021, 0x0021, 0x0862, 0x10A2, 0x10A3, 0x10A3, 0x0882, 0x0861, 0x0021, 0x0021, 0x0021, 0x0021, 0x0021, 0x0041, 0x0862,
  0x0882, 0x0862, 0x0861, 0x0041, 0x0021, 0x0020, 0x0020, 0x0020, 0x0020, 0x0020, 0x0020, 0x0020, 0x0020, 0x0020, 0x0000, 0x0020,
  0x0020, 0x0020, 0x0020, 0x0021, 0x0021, 0x0021, 0x0021, 0x0021, 0x0021, 0x0021, 0x0021, 0x0021, 0x0041, 0x0041, 0x0041, 0x0041,
  0x0041, 0x0041, 0x0041, 0x0841, 0x0861, 0x0862, 0x0861, 0x0041, 0x0041, 0x0041, 0x0021, 0x0021, 0x0021, 0x0021, 0x0021, 0x0021,
  0x0020, 0x0020, 0x0020, 0x0000, 0x0000, 0x0000, 0x0000, 0x0000, 0x0000, 0x0000, 0x0000, 0x0000, 0x0000, 0x0000, 0x0020, 0x0021,
  0x0000, 0x0000, 0x0000, 0x0000, 0x0000, 0x0000, 0x0000, 0x0000, 0x0000, 0x0000, 0x0000, 0x0000, 0x0000, 0x0000, 0x0000, 0x0000,
  0x0000, 0x0000, 0x0000, 0x0000, 0x0000, 0x0000, 0x0000, 0x0000, 0x0000, 0x0000, 0x0000, 0x0000, 0x0000, 0x0000, 0x0000, 0x0000,
  0x0000, 0x0000, 0x0000, 0x0000, 0x0000, 0x0000, 0x0000, 0x0000, 0x0000, 0x0000, 0x0000, 0x0000, 0x0000, 0x0000, 0x0000, 0x0000,
  0x0000, 0x0000, 0x0000, 0x0000, 0x0000, 0x0000, 0x0000, 0x0000, 0x0000, 0x0000, 0x0000, 0x0000, 0x0000, 0x0000, 0x0000, 0x0000,
  0x0000, 0x0000, 0x0000, 0x0000, 0x0000, 0x0000, 0x0000, 0x0000, 0x0000, 0x0000, 0x0000, 0x0000, 0x0000, 0x0000, 0x0000, 0x0000,
  0x0000, 0x0000, 0x0000, 0x0000, 0x0000, 0x0000, 0x0000, 0x0000, 0x0000, 0x0000, 0x0000, 0x0000, 0x0000, 0x0000, 0x0000, 0x0000,
  0x0000, 0x0000, 0x0000, 0x0000, 0x0000, 0x0000, 0x0000, 0x0000, 0x0000, 0x0000, 0x0000, 0x0000, 0x0000, 0x0000, 0x0000, 0x0000,
  0x0000, 0x0000, 0x0000, 0x0000, 0x0000, 0x0000, 0x0000, 0x0000, 0x0000, 0x0000, 0x0000, 0x0000, 0x0000, 0x0000, 0x0000, 0x0000,
  0x0020, 0x0841, 0x0841, 0x0020, 0x0000, 0x0841, 0x1082, 0x0861, 0x10A2, 0x0841, 0x0020, 0x0861, 0x1082, 0x1081, 0x0841, 0x0000,
  0x0000, 0x0020, 0x1082, 0x1081, 0x1061, 0x0020, 0x0000, 0x0000, 0x0000, 0x0000, 0x0000, 0x0000, 0x0000, 0x0000, 0x0000, 0x0000,
  0x0000, 0x0020, 0x0021, 0x0041, 0x0882, 0x10A2, 0x0882, 0x0882, 0x0861, 0x0041, 0x0021, 0x0021, 0x0020, 0x0021, 0x0041, 0x0841,
  0x0861, 0x0861, 0x0041, 0x0041, 0x0021, 0x0020, 0x0020, 0x0020, 0x0020, 0x0020, 0x0020, 0x0020, 0x0020, 0x0020, 0x0020, 0x0021,
  0x0020, 0x0020, 0x0020, 0x0020, 0x0021, 0x0021, 0x0021, 0x0021, 0x0021, 0x0021, 0x0021, 0x0021, 0x0021, 0x0021, 0x0021, 0x0021,
  0x0021, 0x0021, 0x0041, 0x0041, 0x0861, 0x0862, 0x0861, 0x0841, 0x0041, 0x0041, 0x0021, 0x0021, 0x0021, 0x0021, 0x0021, 0x0020,
  0x0020, 0x0020, 0x0020, 0x0000, 0x0000, 0x0000, 0x0000, 0x0000, 0x0000, 0x0000, 0x0000, 0x0000, 0x0020, 0x0020, 0x0000, 0x0000,
  0x0000, 0x0000, 0x0000, 0x0000, 0x0000, 0x0000, 0x0000, 0x0000, 0x0000, 0x0000, 0x0000, 0x0000, 0x0000, 0x0000, 0x0000, 0x0000,
  0x0000, 0x0000, 0x0000, 0x0000, 0x0000, 0x0000, 0x0000, 0x0000, 0x0000, 0x0000, 0x0000, 0x0000, 0x0000, 0x0000, 0x0000, 0x0000,
  0x0000, 0x0000, 0x0000, 0x0000, 0x0000, 0x0000, 0x0000, 0x0000, 0x0000, 0x0000, 0x0000, 0x0000, 0x0000, 0x0000, 0x0000, 0x0000,
  0x0000, 0x0000, 0x0000, 0x0000, 0x0000, 0x0000, 0x0000, 0x0000, 0x0000, 0x0000, 0x0000, 0x0000, 0x0000, 0x0000, 0x0000, 0x0000,
  0x0000, 0x0000, 0x0000, 0x0000, 0x0000, 0x0000, 0x0000, 0x0000, 0x0000, 0x0000, 0x0000, 0x0000, 0x0000, 0x0000, 0x0000, 0x0000,
  0x0000, 0x0000, 0x0000, 0x0000, 0x0000, 0x0000, 0x0000, 0x0000, 0x0000, 0x0000, 0x0000, 0x0000, 0x0000, 0x0000, 0x0000, 0x0000,
  0x0000, 0x0000, 0x0000, 0x0000, 0x0000, 0x0000, 0x0000, 0x0000, 0x0000, 0x0000, 0x0000, 0x0000, 0x0000, 0x0000, 0x0000, 0x0000,
  0x0000, 0x0000, 0x0000, 0x0000, 0x0000, 0x0000, 0x0000, 0x0000, 0x0000, 0x0000, 0x0000, 0x0000, 0x0000, 0x0000, 0x0000, 0x0000,
  0x0000, 0x0000, 0x0000, 0x0841, 0x1082, 0x1082, 0x0861, 0x0861, 0x10A2, 0x0841, 0x0020, 0x0841, 0x0820, 0x0840, 0x0820, 0x0000,
  0x0020, 0x0020, 0x0841, 0x1081, 0x0861, 0x0000, 0x0020, 0x0000, 0x0000, 0x0000, 0x0000, 0x0000, 0x0000, 0x0020, 0x0020, 0x0020,
  0x0000, 0x0020, 0x0021, 0x0041, 0x0861, 0x0862, 0x0862, 0x0861, 0x0861, 0x0041, 0x0021, 0x0021, 0x0020, 0x0020, 0x0021, 0x0021,
  0x0041, 0x0041, 0x0041, 0x0021, 0x0021, 0x0020, 0x0020, 0x0020, 0x0020, 0x0020, 0x0020, 0x0020, 0x0020, 0x0020, 0x0020, 0x0020,
  0x0020, 0x0020, 0x0020, 0x0020, 0x0020, 0x0021, 0x0021, 0x0020, 0x0021, 0x0020, 0x0020, 0x0021, 0x0021, 0x0021, 0x0021, 0x0021,
  0x0021, 0x0021, 0x0021, 0x0041, 0x0841, 0x0861, 0x0861, 0x0841, 0x0041, 0x0041, 0x0021, 0x0021, 0x0021, 0x0020, 0x0021, 0x0020,
  0x0020, 0x0020, 0x0020, 0x0000, 0x0000, 0x0000, 0x0000, 0x0000, 0x0000, 0x0000, 0x0020, 0x0020, 0x0020, 0x0000, 0x0000, 0x0000,
  0x0000, 0x0000, 0x0000, 0x0000, 0x0000, 0x0000, 0x0000, 0x0000, 0x0000, 0x0000, 0x0000, 0x0000, 0x0000, 0x0000, 0x0000, 0x0000,
  0x0000, 0x0000, 0x0000, 0x0000, 0x0000, 0x0000, 0x0000, 0x0000, 0x0000, 0x0000, 0x0000, 0x0000, 0x0000, 0x0000, 0x0000, 0x0000,
  0x0000, 0x0000, 0x0000, 0x0000, 0x0000, 0x0000, 0x0000, 0x0000, 0x0000, 0x0000, 0x0000, 0x0000, 0x0000, 0x0000, 0x0000, 0x0000,
  0x0000, 0x0000, 0x0000, 0x0000, 0x0000, 0x0000, 0x0000, 0x0000, 0x0000, 0x0000, 0x0000, 0x0000, 0x0000, 0x0000, 0x0000, 0x0000,
  0x0000, 0x0000, 0x0000, 0x0000, 0x0000, 0x0000, 0x0000, 0x0000, 0x0000, 0x0000, 0x0000, 0x0000, 0x0000, 0x0000, 0x0000, 0x0000,
  0x0000, 0x0000, 0x0000, 0x0000, 0x0000, 0x0000, 0x0000, 0x0000, 0x0000, 0x0000, 0x0000, 0x0000, 0x0000, 0x0000, 0x0000, 0x0000,
  0x0000, 0x0000, 0x0000, 0x0000, 0x0000, 0x0000, 0x0000, 0x0000, 0x0000, 0x0000, 0x0000, 0x0000, 0x0000, 0x0000, 0x0000, 0x0000,
  0x0000, 0x0000, 0x0000, 0x0000, 0x0000, 0x0000, 0x0000, 0x0000, 0x0000, 0x0000, 0x0000, 0x0000, 0x0000, 0x0000, 0x0000, 0x0000,
  0x0000, 0x0000, 0x0000, 0x0000, 0x0000, 0x0020, 0x0841, 0x0861, 0x0841, 0x0000, 0x0000, 0x0020, 0x0840, 0x0840, 0x0000, 0x0020,
  0x0020, 0x0000, 0x0840, 0x0861, 0x0021, 0x0021, 0x0020, 0x0020, 0x0020, 0x0020, 0x0000, 0x0000, 0x0000, 0x0000, 0x0020, 0x0020,
  0x0020, 0x0000, 0x0020, 0x0021, 0x0041, 0x0841, 0x0841, 0x0041, 0x0041, 0x0041, 0x0041, 0x0021, 0x0020, 0x0020, 0x0020, 0x0021,
  0x0021, 0x0041, 0x0041, 0x0041, 0x0021, 0x0021, 0x0020, 0x0020, 0x0020, 0x0020, 0x0020, 0x0020, 0x0020, 0x0020, 0x0020, 0x0020,
  0x0020, 0x0020, 0x0020, 0x0020, 0x0021, 0x0021, 0x0020, 0x0020, 0x0020, 0x0020, 0x0020, 0x0020, 0x0021, 0x0021, 0x0021, 0x0021,
  0x0021, 0x0021, 0x0021, 0x0041, 0x0041, 0x0041, 0x0041, 0x0041, 0x0041, 0x0041, 0x0021, 0x0020, 0x0020, 0x0020, 0x0020, 0x0020,
  0x0020, 0x0000, 0x0000, 0x0000, 0x0000, 0x0000, 0x0000, 0x0000, 0x0020, 0x0841, 0x0000, 0x0000, 0x0000, 0x0000, 0x0000, 0x0000,
  0x0000, 0x0000, 0x0000, 0x0000, 0x0000, 0x0000, 0x0000, 0x0000, 0x0000, 0x0000, 0x0000, 0x0000, 0x0000, 0x0000, 0x0000, 0x0000,
  0x0000, 0x0000, 0x0000, 0x0000, 0x0000, 0x0000, 0x0000, 0x0000, 0x0000, 0x0000, 0x0000, 0x0000, 0x0000, 0x0000, 0x0000, 0x0000,
  0x0000, 0x0000, 0x0000, 0x0000, 0x0000, 0x0000, 0x0000, 0x0000, 0x0000, 0x0000, 0x0000, 0x0000, 0x0000, 0x0000, 0x0000, 0x0000,
  0x0000, 0x0000, 0x0000, 0x0000, 0x0000, 0x0000, 0x0000, 0x0000, 0x0000, 0x0000, 0x0000, 0x0000, 0x0000, 0x0000, 0x0000, 0x0000,
  0x0000, 0x0000, 0x0000, 0x0000, 0x0000, 0x0000, 0x0000, 0x0000, 0x0000, 0x0000, 0x0000, 0x0000, 0x0000, 0x0000, 0x0000, 0x0000,
  0x0000, 0x0000, 0x0000, 0x0000, 0x0000, 0x0000, 0x0000, 0x0000, 0x0000, 0x0000, 0x0000, 0x0000, 0x0000, 0x0000, 0x0000, 0x0000,
  0x0000, 0x0000, 0x0000, 0x0000, 0x0000, 0x0000, 0x0000, 0x0000, 0x0000, 0x0000, 0x0000, 0x0000, 0x0000, 0x0000, 0x0000, 0x0000,
  0x0000, 0x0000, 0x0000, 0x0000, 0x0000, 0x0000, 0x0000, 0x0000, 0x0000, 0x0000, 0x0000, 0x0000, 0x0000, 0x0000, 0x0000, 0x0000,
  0x0000, 0x0000, 0x0000, 0x0000, 0x0000, 0x0000, 0x0000, 0x0000, 0x0000, 0x0020, 0x0841, 0x0020, 0x0020, 0x0000, 0x0020, 0x0020,
  0x0020, 0x0000, 0x0000, 0x0021, 0x0041, 0x0021, 0x0021, 0x0021, 0x0021, 0x0021, 0x0020, 0x0000, 0x0000, 0x0000, 0x0000, 0x0000,
  0x0020, 0x0000, 0x0000, 0x0021, 0x0021, 0x0041, 0x0041, 0x0021, 0x0041, 0x0041, 0x0041, 0x0021, 0x0021, 0x0000, 0x0000, 0x0000,
  0x0020, 0x0021, 0x0041, 0x0041, 0x0021, 0x0021, 0x0021, 0x0020, 0x0020, 0x0020, 0x0020, 0x0021, 0x0020, 0x0020, 0x0020, 0x0000,
  0x0020, 0x0020, 0x0000, 0x0000, 0x0020, 0x0021, 0x0020, 0x0020, 0x0020, 0x0020, 0x0000, 0x0000, 0x0020, 0x0020, 0x0021, 0x0021,
  0x0021, 0x0020, 0x0021, 0x0021, 0x0021, 0x0041, 0x0041, 0x0041, 0x0041, 0x0041, 0x0021, 0x0020, 0x0020, 0x0000, 0x0000, 0x0000,
  0x0000, 0x0000, 0x0000, 0x0000, 0x0000, 0x0020, 0x0020, 0x0841, 0x0000, 0x0000, 0x0000, 0x0000, 0x0000, 0x0000, 0x0000, 0x0000,
  0x0000, 0x0000, 0x0000, 0x0000, 0x0000, 0x0000, 0x0000, 0x0000, 0x0000, 0x0000, 0x0000, 0x0000, 0x0000, 0x0000, 0x0000, 0x0000,
  0x0000, 0x0000, 0x0000, 0x0000, 0x0000, 0x0000, 0x0000, 0x0000, 0x0000, 0x0000, 0x0000, 0x0000, 0x0000, 0x0000, 0x0000, 0x0000,
  0x0000, 0x0000, 0x0000, 0x0000, 0x0000, 0x0000, 0x0000, 0x0000, 0x0000, 0x0000, 0x0000, 0x0000, 0x0000, 0x0000, 0x0000, 0x0000,
  0x0000, 0x0000, 0x0000, 0x0000, 0x0000, 0x0000, 0x0000, 0x0000, 0x0000, 0x0000, 0x0000, 0x0000, 0x0000, 0x0000, 0x0000, 0x0000,
  0x0000, 0x0000, 0x0000, 0x0000, 0x0000, 0x0000, 0x0000, 0x0000, 0x0000, 0x0000, 0x0000, 0x0000, 0x0000, 0x0000, 0x0000, 0x0000,
  0x0000, 0x0000, 0x0000, 0x0000, 0x0000, 0x0000, 0x0000, 0x0000, 0x0000, 0x0000, 0x0000, 0x0000, 0x0000, 0x0000, 0x0000, 0x0000,
  0x0000, 0x0000, 0x0000, 0x0000, 0x0000, 0x0000, 0x0000, 0x0000, 0x0000, 0x0000, 0x0000, 0x0000, 0x0000, 0x0000, 0x0000, 0x0000,
  0x0000, 0x0000, 0x0000, 0x0000, 0x0000, 0x0000, 0x0000, 0x0000, 0x0000, 0x0000, 0x0000, 0x0000, 0x0000, 0x0000, 0x0000, 0x0000,
  0x0000, 0x0000, 0x0000, 0x0000, 0x0000, 0x0000, 0x0000, 0x0000, 0x0000, 0x0020, 0x0861, 0x0841, 0x0040, 0x0000, 0x0000, 0x0020,
  0x0000, 0x0000, 0x0000, 0x0021, 0x0041, 0x0041, 0x0041, 0x0841, 0x0861, 0x0041, 0x0021, 0x0020, 0x0020, 0x0000, 0x0000, 0x0000,
  0x0000, 0x0000, 0x0020, 0x0020, 0x0021, 0x0021, 0x0021, 0x0021, 0x0021, 0x0021, 0x0021, 0x0021, 0x0021, 0x0020, 0x0000, 0x0000,
  0x0020, 0x0021, 0x0021, 0x0021, 0x0021, 0x0021, 0x0021, 0x0020, 0x0020, 0x0020, 0x0020, 0x0020, 0x0020, 0x0020, 0x0020, 0x0000,
  0x0000, 0x0000, 0x0020, 0x0020, 0x0020, 0x0020, 0x0020, 0x0020, 0x0020, 0x0020, 0x0000, 0x0000, 0x0020, 0x0020, 0x0021, 0x0021,
  0x0020, 0x0020, 0x0020, 0x0020, 0x0021, 0x0021, 0x0021, 0x0041, 0x0041, 0x0041, 0x0021, 0x0020, 0x0020, 0x0000, 0x0000, 0x0000,
  0x0000, 0x0000, 0x0000, 0x0020, 0x0841, 0x0841, 0x0000, 0x0000, 0x0000, 0x0000, 0x0000, 0x0000, 0x0000, 0x0000, 0x0000, 0x0000,
  0x0000, 0x0000, 0x0000, 0x0000, 0x0000, 0x0000, 0x0000, 0x0000, 0x0000, 0x0000, 0x0000, 0x0000, 0x0000, 0x0000, 0x0000, 0x0000,
  0x0000, 0x0000, 0x0000, 0x0000, 0x0000, 0x0000, 0x0000, 0x0000, 0x0000, 0x0000, 0x0000, 0x0000, 0x0000, 0x0000, 0x0000, 0x0000,
  0x0000, 0x0000, 0x0000, 0x0000, 0x0000, 0x0000, 0x0000, 0x0000, 0x0000, 0x0000, 0x0000, 0x0000, 0x0000, 0x0000, 0x0000, 0x0000,
  0x0000, 0x0000, 0x0000, 0x0000, 0x0000, 0x0000, 0x0000, 0x0000, 0x0000, 0x0000, 0x0000, 0x0000, 0x0000, 0x0000, 0x0000, 0x0000,
  0x0000, 0x0000, 0x0000, 0x0000, 0x0000, 0x0000, 0x0000, 0x0000, 0x0000, 0x0000, 0x0000, 0x0000, 0x0000, 0x0000, 0x0000, 0x0000,
  0x0000, 0x0000, 0x0000, 0x0000, 0x0000, 0x0000, 0x0000, 0x0000, 0x0000, 0x0000, 0x0000, 0x0000, 0x0000, 0x0000, 0x0000, 0x0000,
  0x0000, 0x0000, 0x0000, 0x0000, 0x0000, 0x0000, 0x0000, 0x0000, 0x0000, 0x0000, 0x0000, 0x0000, 0x0000, 0x0000, 0x0000, 0x0000,
  0x0000, 0x0000, 0x0000, 0x0000, 0x0000, 0x0000, 0x0000, 0x0000, 0x0000, 0x0000, 0x0000, 0x0000, 0x0000, 0x0000, 0x0000, 0x0000,
  0x0000, 0x0000, 0x0000, 0x0000, 0x0000, 0x0000, 0x0000, 0x0000, 0x0000, 0x0000, 0x0000, 0x0020, 0x0841, 0x0841, 0x0861, 0x0020,
  0x0020, 0x0020, 0x0000, 0x0020, 0x0021, 0x0041, 0x0841, 0x0861, 0x0862, 0x0862, 0x0841, 0x0041, 0x0020, 0x0020, 0x0000, 0x0000,
  0x0000, 0x0000, 0x0000, 0x0020, 0x0020, 0x0020, 0x0020, 0x0020, 0x0020, 0x0020, 0x0020, 0x0021, 0x0020, 0x0020, 0x0000, 0x0000,
  0x0000, 0x0020, 0x0021, 0x0021, 0x0021, 0x0021, 0x0021, 0x0020, 0x0020, 0x0020, 0x0020, 0x0020, 0x0020, 0x0020, 0x0000, 0x0000,
  0x0000, 0x0000, 0x0000, 0x0000, 0x0000, 0x0000, 0x0000, 0x0000, 0x0020, 0x0020, 0x0020, 0x0020, 0x0020, 0x0020, 0x0020, 0x0020,
  0x0020, 0x0000, 0x0000, 0x0000, 0x0020, 0x0020, 0x0020, 0x0021, 0x0021, 0x0021, 0x0021, 0x0020, 0x0020, 0x0000, 0x0000, 0x0000,
  0x0020, 0x0020, 0x0020, 0x0000, 0x0000, 0x0000, 0x0000, 0x0000, 0x0000, 0x0000, 0x0000, 0x0000, 0x0000, 0x0000, 0x0000, 0x0000,
  0x0000, 0x0000, 0x0000, 0x0000, 0x0000, 0x0000, 0x0000, 0x0000, 0x0000, 0x0000, 0x0000, 0x0000, 0x0000, 0x0000, 0x0000, 0x0000,
  0x0000, 0x0000, 0x0000, 0x0000, 0x0000, 0x0000, 0x0000, 0x0000, 0x0000, 0x0000, 0x0000, 0x0000, 0x0000, 0x0000, 0x0000, 0x0000,
  0x0000, 0x0000, 0x0000, 0x0000, 0x0000, 0x0000, 0x0000, 0x0000, 0x0000, 0x0000, 0x0000, 0x0000, 0x0000, 0x0000, 0x0000, 0x0000,
  0x0000, 0x0000, 0x0000, 0x0000, 0x0000, 0x0000, 0x0000, 0x0000, 0x0000, 0x0000, 0x0000, 0x0000, 0x0000, 0x0000, 0x0000, 0x0000,
  0x0000, 0x0000, 0x0000, 0x0000, 0x0000, 0x0000, 0x0000, 0x0000, 0x0000, 0x0000, 0x0000, 0x0000, 0x0000, 0x0000, 0x0000, 0x0000,
  0x0000, 0x0000, 0x0000, 0x0000, 0x0000, 0x0000, 0x0000, 0x0000, 0x0000, 0x0000, 0x0000, 0x0000, 0x0000, 0x0000, 0x0000, 0x0000,
  0x0000, 0x0000, 0x0000, 0x0000, 0x0000, 0x0000, 0x0000, 0x0000, 0x0000, 0x0000, 0x0000, 0x0000, 0x0000, 0x0000, 0x0000, 0x0000,
  0x0000, 0x0000, 0x0000, 0x0000, 0x0000, 0x0000, 0x0000, 0x0000, 0x0000, 0x0000, 0x0000, 0x0000, 0x0000, 0x0000, 0x0000, 0x0000,
  0x0000, 0x0000, 0x0000, 0x0000, 0x0000, 0x0000, 0x0000, 0x0000, 0x0000, 0x0000, 0x0000, 0x0000, 0x0000, 0x0000, 0x0020, 0x0841,
  0x0861, 0x0841, 0x0841, 0x0020, 0x0020, 0x0021, 0x0841, 0x0861, 0x0862, 0x0862, 0x0861, 0x0041, 0x0021, 0x0020, 0x0000, 0x0000,
  0x0000, 0x0000, 0x0000, 0x0000, 0x0000, 0x0000, 0x0000, 0x0000, 0x0000, 0x0000, 0x0000, 0x0020, 0x0020, 0x0000, 0x0000, 0x0000,
  0x0000, 0x0020, 0x0020, 0x0020, 0x0021, 0x0021, 0x0021, 0x0021, 0x0020, 0x0021, 0x0021, 0x0021, 0x0020, 0x0020, 0x0020, 0x0000,
  0x0000, 0x0000, 0x0000, 0x0000, 0x0000, 0x0000, 0x0000, 0x0000, 0x0000, 0x0020, 0x0000, 0x0000, 0x0000, 0x0000, 0x0020, 0x0020,
  0x0020, 0x0000, 0x0000, 0x0000, 0x0000, 0x0000, 0x0020, 0x0020, 0x0020, 0x0020, 0x0020, 0x0020, 0x0020, 0x0020, 0x0020, 0x0841,
  0x0000, 0x0000, 0x0000, 0x0000, 0x0000, 0x0000, 0x0000, 0x0000, 0x0000, 0x0000, 0x0000, 0x0000, 0x0000, 0x0000, 0x0000, 0x0000,
  0x0000, 0x0000, 0x0000, 0x0000, 0x0000, 0x0000, 0x0000, 0x0000, 0x0000, 0x0000, 0x0000, 0x0000, 0x0000, 0x0000, 0x0000, 0x0000,
  0x0000, 0x0000, 0x0000, 0x0000, 0x0000, 0x0000, 0x0000, 0x0000, 0x0000, 0x0000, 0x0000, 0x0000, 0x0000, 0x0000, 0x0000, 0x0000,
  0x0000, 0x0000, 0x0000, 0x0000, 0x0000, 0x0000, 0x0000, 0x0000, 0x0000, 0x0000, 0x0000, 0x0000, 0x0000, 0x0000, 0x0000, 0x0000,
  0x0000, 0x0000, 0x0000, 0x0000, 0x0000, 0x0000, 0x0000, 0x0000, 0x0000, 0x0000, 0x0000, 0x0000, 0x0000, 0x0000, 0x0000, 0x0000,
  0x0000, 0x0000, 0x0000, 0x0000, 0x0000, 0x0000, 0x0000, 0x0000, 0x0000, 0x0000, 0x0000, 0x0000, 0x0000, 0x0000, 0x0000, 0x0000,
  0x0000, 0x0000, 0x0000, 0x0000, 0x0000, 0x0000, 0x0000, 0x0000, 0x0000, 0x0000, 0x0000, 0x0000, 0x0000, 0x0000, 0x0000, 0x0000,
  0x0000, 0x0000, 0x0000, 0x0000, 0x0000, 0x0000, 0x0000, 0x0000, 0x0000, 0x0000, 0x0000, 0x0000, 0x0000, 0x0000, 0x0000, 0x0000,
  0x0000, 0x0000, 0x0000, 0x0000, 0x0000, 0x0000, 0x0000, 0x0000, 0x0000, 0x0000, 0x0000, 0x0000, 0x0000, 0x0000, 0x0000, 0x0000,
  0x0000, 0x0000, 0x0000, 0x0000, 0x0000, 0x0000, 0x0000, 0x0000, 0x0000, 0x0000, 0x0000, 0x0000, 0x0000, 0x0000, 0x0000, 0x0000,
  0x0000, 0x0020, 0x0861, 0x0861, 0x0841, 0x0021, 0x0841, 0x0841, 0x0841, 0x0861, 0x0861, 0x0841, 0x0041, 0x0021, 0x0000, 0x0000,
  0x0000, 0x0000, 0x0000, 0x0000, 0x0000, 0x0000, 0x0000, 0x0000, 0x0000, 0x0000, 0x0000, 0x0000, 0x0000, 0x0000, 0x0000, 0x0000,
  0x0000, 0x0020, 0x0000, 0x0020, 0x0020, 0x0021, 0x0021, 0x0021, 0x0020, 0x0021, 0x0021, 0x0021, 0x0021, 0x0000, 0x0000, 0x0000,
  0x0000, 0x0000, 0x0000, 0x0000, 0x0000, 0x0000, 0x0000, 0x0000, 0x0000, 0x0000, 0x0000, 0x0000, 0x0000, 0x0000, 0x0000, 0x0020,
  0x0000, 0x0000, 0x0000, 0x0000, 0x0000, 0x0000, 0x0000, 0x0000, 0x0000, 0x0020, 0x0020, 0x0020, 0x0020, 0x0020, 0x0000, 0x0000,
  0x0000, 0x0000, 0x0000, 0x0000, 0x0000, 0x0000, 0x0000, 0x0000, 0x0000, 0x0000, 0x0000, 0x0000, 0x0000, 0x0000, 0x0000, 0x0000,
  0x0000, 0x0000, 0x0000, 0x0000, 0x0000, 0x0000, 0x0000, 0x0000, 0x0000, 0x0000, 0x0000, 0x0000, 0x0000, 0x0000, 0x0000, 0x0000,
  0x0000, 0x0000, 0x0000, 0x0000, 0x0000, 0x0000, 0x0000, 0x0000, 0x0000, 0x0000, 0x0000, 0x0000, 0x0000, 0x0000, 0x0000, 0x0000,
  0x0000, 0x0000, 0x0000, 0x0000, 0x0000, 0x0000, 0x0000, 0x0000, 0x0000, 0x0000, 0x0000, 0x0000, 0x0000, 0x0000, 0x0000, 0x0000,
  0x0000, 0x0000, 0x0000, 0x0000, 0x0000, 0x0000, 0x0000, 0x0000, 0x0000, 0x0000, 0x0000, 0x0000, 0x0000, 0x0000, 0x0000, 0x0000,
  0x0000, 0x0000, 0x0000, 0x0000, 0x0000, 0x0000, 0x0000, 0x0000, 0x0000, 0x0000, 0x0000, 0x0000, 0x0000, 0x0000, 0x0000, 0x0000,
  0x0000, 0x0000, 0x0000, 0x0000, 0x0000, 0x0000, 0x0000, 0x0000, 0x0000, 0x0000, 0x0000, 0x0000, 0x0000, 0x0000, 0x0000, 0x0000,
  0x0000, 0x0000, 0x0000, 0x0000, 0x0000, 0x0000, 0x0000, 0x0000, 0x0000, 0x0000, 0x0000, 0x0000, 0x0000, 0x0000, 0x0000, 0x0000,
  0x0000, 0x0000, 0x0000, 0x0000, 0x0000, 0x0000, 0x0000, 0x0000, 0x0000, 0x0000, 0x0000, 0x0000, 0x0000, 0x0000, 0x0000, 0x0000,
  0x0000, 0x0000, 0x0000, 0x0000, 0x0000, 0x0000, 0x0000, 0x0000, 0x0000, 0x0000, 0x0000, 0x0000, 0x0000, 0x0000, 0x0000, 0x0000,
  0x0000, 0x0000, 0x0000, 0x0000, 0x0000, 0x0000, 0x0020, 0x0841, 0x0861, 0x0861, 0x0841, 0x0841, 0x0041, 0x0021, 0x0020, 0x0000,
  0x0000, 0x0000, 0x0000, 0x0000, 0x0000, 0x0000, 0x0000, 0x0000, 0x0000, 0x0000, 0x0000, 0x0000, 0x0000, 0x0000, 0x0000, 0x0000,
  0x0000, 0x0000, 0x0000, 0x0020, 0x0020, 0x0020, 0x0021, 0x0021, 0x0021, 0x0021, 0x0021, 0x0021, 0x0021, 0x0020, 0x0000, 0x0000,
  0x0000, 0x0000, 0x0000, 0x0000, 0x0000, 0x0000, 0x0000, 0x0000, 0x0000, 0x0000, 0x0000, 0x0000, 0x0000, 0x0000, 0x0000, 0x0000,
  0x0000, 0x0000, 0x0000, 0x0000, 0x0000, 0x0000, 0x0041, 0x0861, 0x1082, 0x0841, 0x0020, 0x0000, 0x0000, 0x0000, 0x0000, 0x0000,
  0x0000, 0x0000, 0x0000, 0x0000, 0x0000, 0x0000, 0x0000, 0x0000, 0x0000, 0x0000, 0x0000, 0x0000, 0x0000, 0x0000, 0x0000, 0x0000,
  0x0000, 0x0000, 0x0000, 0x0000, 0x0000, 0x0000, 0x0000, 0x0000, 0x0000, 0x0000, 0x0000, 0x0000, 0x0000, 0x0000, 0x0000, 0x0000,
  0x0000, 0x0000, 0x0000, 0x0000, 0x0000, 0x0000, 0x0000, 0x0000, 0x0000, 0x0000, 0x0000, 0x0000, 0x0000, 0x0000, 0x0000, 0x0000,
  0x0000, 0x0000, 0x0000, 0x0000, 0x0000, 0x0000, 0x0000, 0x0000, 0x0000, 0x0000, 0x0000, 0x0000, 0x0000, 0x0000, 0x0000, 0x0000,
  0x0000, 0x0000, 0x0000, 0x0000, 0x0000, 0x0000, 0x0000, 0x0000, 0x0000, 0x0000, 0x0000, 0x0000, 0x0000, 0x0000, 0x0000, 0x0000,
  0x0000, 0x0000, 0x0000, 0x0000, 0x0000, 0x0000, 0x0000, 0x0000, 0x0000, 0x0000, 0x0000, 0x0000, 0x0000, 0x0000, 0x0000, 0x0000,
  0x0000, 0x0000, 0x0000, 0x0000, 0x0000, 0x0000, 0x0000, 0x0000, 0x0000, 0x0000, 0x0000, 0x0000, 0x0000, 0x0000, 0x0000, 0x0000,
  0x0000, 0x0000, 0x0000, 0x0000, 0x0000, 0x0000, 0x0000, 0x0000, 0x0000, 0x0000, 0x0000, 0x0000, 0x0000, 0x0000, 0x0000, 0x0000,
  0x0000, 0x0000, 0x0000, 0x0000, 0x0000, 0x0000, 0x0000, 0x0000, 0x0000, 0x0000, 0x0000, 0x0000, 0x0000, 0x0000, 0x0000, 0x0000,
  0x0000, 0x0000, 0x0000, 0x0000, 0x0000, 0x0000, 0x0000, 0x0000, 0x0000, 0x0000, 0x0000, 0x0000, 0x0000, 0x0000, 0x0000, 0x0000,
  0x0000, 0x0000, 0x0000, 0x0000, 0x0000, 0x0000, 0x0000, 0x0000, 0x0020, 0x0020, 0x0020, 0x0020, 0x0041, 0x0041, 0x0020, 0x0000,
  0x0000, 0x0000, 0x0000, 0x0000, 0x0000, 0x0000, 0x0000, 0x0000, 0x0000, 0x0000, 0x0000, 0x0000, 0x0000, 0x0000, 0x0000, 0x0000,
  0x0000, 0x0000, 0x0000, 0x0000, 0x0020, 0x0020, 0x0020, 0x0020, 0x0020, 0x0020, 0x0020, 0x0020, 0x0020, 0x0020, 0x0020, 0x0000,
  0x0000, 0x0000, 0x0000, 0x0000, 0x0000, 0x0000, 0x0000, 0x0000, 0x0000, 0x0000, 0x0000, 0x0000, 0x0000, 0x0000, 0x0000, 0x0000,
  0x0000, 0x0020, 0x0841, 0x0861, 0x0861, 0x1082, 0x0861, 0x0841, 0x0000, 0x0000, 0x0000, 0x0000, 0x0000, 0x0000, 0x0000, 0x0000,
  0x0000, 0x0000, 0x0000, 0x0000, 0x0000, 0x0000, 0x0000, 0x0000, 0x0000, 0x0000, 0x0000, 0x0000, 0x0000, 0x0000, 0x0000, 0x0000,
  0x0000, 0x0000, 0x0000, 0x0000, 0x0000, 0x0000, 0x0000, 0x0000, 0x0000, 0x0000, 0x0000, 0x0000, 0x0000, 0x0000, 0x0000, 0x0000,
  0x0000, 0x0000, 0x0000, 0x0000, 0x0000, 0x0000, 0x0000, 0x0000, 0x0000, 0x0000, 0x0000, 0x0000, 0x0000, 0x0000, 0x0000, 0x0000,
  0x0000, 0x0000, 0x0000, 0x0000, 0x0000, 0x0000, 0x0000, 0x0000, 0x0000, 0x0000, 0x0000, 0x0000, 0x0000, 0x0000, 0x0000, 0x0000,
  0x0000, 0x0000, 0x0000, 0x0000, 0x0000, 0x0000, 0x0000, 0x0000, 0x0000, 0x0000, 0x0000, 0x0000, 0x0000, 0x0000, 0x0000, 0x0000,
  0x0000, 0x0000, 0x0000, 0x0000, 0x0000, 0x0000, 0x0000, 0x0000, 0x0000, 0x0000, 0x0000, 0x0000, 0x0000, 0x0000, 0x0000, 0x0000,
  0x0000, 0x0000, 0x0000, 0x0000, 0x0000, 0x0000, 0x0000, 0x0000, 0x0000, 0x0000, 0x0000, 0x0000, 0x0000, 0x0000, 0x0000, 0x0000,
  0x0000, 0x0000, 0x0000, 0x0000, 0x0000, 0x0000, 0x0000, 0x0000, 0x0000, 0x0000, 0x0000, 0x0000, 0x0000, 0x0000, 0x0000, 0x0000,
  0x0000, 0x0000, 0x0000, 0x0000, 0x0000, 0x0000, 0x0000, 0x0000, 0x0000, 0x0000, 0x0000, 0x0000, 0x0000, 0x0000, 0x0000, 0x0000,
  0x0000, 0x0000, 0x0000, 0x0000, 0x0000, 0x0000, 0x0000, 0x0000, 0x0000, 0x0000, 0x0000, 0x0000, 0x0000, 0x0000, 0x0000, 0x0000,
  0x0000, 0x0000, 0x0000, 0x0000, 0x0000, 0x0000, 0x0000, 0x0000, 0x0000, 0x0000, 0x0000, 0x0000, 0x0000, 0x0020, 0x0020, 0x0020,
  0x0020, 0x0020, 0x0020, 0x0020, 0x0000, 0x0000, 0x0000, 0x0000, 0x0000, 0x0000, 0x0000, 0x0000, 0x0000, 0x0000, 0x0000, 0x0000,
  0x0000, 0x0000, 0x0000, 0x0000, 0x0000, 0x0000, 0x0020, 0x0020, 0x0000, 0x0020, 0x0020, 0x0020, 0x0021, 0x0021, 0x0020, 0x0020,
  0x0000, 0x0000, 0x0000, 0x0000, 0x0000, 0x0000, 0x0000, 0x0000, 0x0000, 0x0000, 0x0000, 0x0000, 0x0020, 0x0000, 0x0841, 0x1082,
  0x10A2, 0x1082, 0x0861, 0x0841, 0x0020, 0x0000, 0x0000, 0x0000, 0x0000, 0x0000, 0x0000, 0x0000, 0x0000, 0x0000, 0x0000, 0x0000,
  0x0000, 0x0000, 0x0000, 0x0000, 0x0000, 0x0000, 0x0000, 0x0000, 0x0000, 0x0000, 0x0000, 0x0000, 0x0000, 0x0000, 0x0000, 0x0000,
  0x0000, 0x0000, 0x0000, 0x0000, 0x0000, 0x0000, 0x0000, 0x0000, 0x0000, 0x0000, 0x0000, 0x0000, 0x0000, 0x0000, 0x0000, 0x0000,
  0x0000, 0x0000, 0x0000, 0x0000, 0x0000, 0x0000, 0x0000, 0x0000, 0x0000, 0x0000, 0x0000, 0x0000, 0x0000, 0x0000, 0x0000, 0x0000,
  0x0000, 0x0000, 0x0000, 0x0000, 0x0000, 0x0000, 0x0000, 0x0000, 0x0000, 0x0000, 0x0000, 0x0000, 0x0000, 0x0000, 0x0000, 0x0000,
  0x0000, 0x0000, 0x0000, 0x0000, 0x0000, 0x0000, 0x0000, 0x0000, 0x0000, 0x0000, 0x0000, 0x0000, 0x0000, 0x0000, 0x0000, 0x0000,
  0x0000, 0x0000, 0x0000, 0x0000, 0x0000, 0x0000, 0x0000, 0x0000, 0x0000, 0x0000, 0x0000, 0x0000, 0x0000, 0x0000, 0x0000, 0x0000,
  0x0000, 0x0000, 0x0000, 0x0000, 0x0000, 0x0000, 0x0000, 0x0000, 0x0000, 0x0000, 0x0000, 0x0000, 0x0000, 0x0000, 0x0000, 0x0000,
  0x0000, 0x0000, 0x0000, 0x0000, 0x0000, 0x0000, 0x0000, 0x0000, 0x0000, 0x0000, 0x0000, 0x0000, 0x0000, 0x0000, 0x0000, 0x0000,
  0x0000, 0x0000, 0x0000, 0x0000, 0x0000, 0x0000, 0x0000, 0x0000, 0x0000, 0x0000, 0x0000, 0x0000, 0x0000, 0x0000, 0x0000, 0x0000,
  0x0000, 0x0000, 0x0000, 0x0000, 0x0000, 0x0000, 0x0000, 0x0000, 0x0000, 0x0000, 0x0000, 0x0000, 0x0000, 0x0000, 0x0000, 0x0000,
  0x0000, 0x0000, 0x0000, 0x0000, 0x0000, 0x0000, 0x0000, 0x0000, 0x0000, 0x0000, 0x0000, 0x0000, 0x0000, 0x0000, 0x0000, 0x0000,
  0x0000, 0x0000, 0x0841, 0x0020, 0x0000, 0x0020, 0x0841, 0x0841, 0x0841, 0x0000, 0x0020, 0x0020, 0x0020, 0x0000, 0x0000, 0x0000,
  0x0000, 0x0000, 0x0000, 0x0000, 0x0000, 0x0000, 0x0000, 0x0000, 0x0000, 0x0020, 0x0020, 0x0020, 0x0021, 0x0041, 0x0021, 0x0020,
  0x0000, 0x0000, 0x0000, 0x0000, 0x0020, 0x0020, 0x0000, 0x0020, 0x0020, 0x0861, 0x0841, 0x0020, 0x0020, 0x0000, 0x0841, 0x0841,
  0x0000, 0x0000, 0x0000, 0x0000, 0x0000, 0x0000, 0x0000, 0x0000, 0x0000, 0x0000, 0x0000, 0x0000, 0x0000, 0x0000, 0x0000, 0x0000,
  0x0000, 0x0000, 0x0000, 0x0000, 0x0000, 0x0000, 0x0000, 0x0000, 0x0000, 0x0000, 0x0000, 0x0000, 0x0000, 0x0000, 0x0000, 0x0000,
  0x0000, 0x0000, 0x0000, 0x0000, 0x0000, 0x0000, 0x0000, 0x0000, 0x0000, 0x0000, 0x0000, 0x0000, 0x0000, 0x0000, 0x0000, 0x0000,
  0x0000, 0x0000, 0x0000, 0x0000, 0x0000, 0x0000, 0x0000, 0x0000, 0x0000, 0x0000, 0x0000, 0x0000, 0x0000, 0x0000, 0x0000, 0x0000,
  0x0000, 0x0000, 0x0000, 0x0000, 0x0000, 0x0000, 0x0000, 0x0000, 0x0000, 0x0000, 0x0000, 0x0000, 0x0000, 0x0000, 0x0000, 0x0000,
  0x0000, 0x0000, 0x0000, 0x0000, 0x0000, 0x0000, 0x0000, 0x0000, 0x0000, 0x0000, 0x0000, 0x0000, 0x0000, 0x0000, 0x0000, 0x0000,
};
static const uint16_t closed_px[6066] = {
  0x1082, 0x18C3, 0x0020, 0x1061, 0x0820, 0x0000, 0x1000, 0x0800, 0x0000, 0x630C, 0xD69A, 0x738E, 0x2966, 0x4A6A, 0x18E3, 0x1082,
  0x0000, 0x0841, 0x0020, 0x1082, 0x0861, 0x0820, 0x0820, 0x0800, 0x2000, 0x1000, 0x0000, 0x0000, 0x0000, 0x0000, 0x0000, 0x0000,
  0x0000, 0x1000, 0x2800, 0xA535, 0x18E4, 0x31A7, 0x6B6E, 0x39E7, 0x31A6, 0x18C3, 0x18E4, 0x18E3, 0x0841, 0x18A2, 0x0820, 0x18A2,
  0x1861, 0x0800, 0x1800, 0x3800, 0x1800, 0x0000, 0x0000, 0x0000, 0x0000, 0x0000, 0x0000, 0x0000, 0x0000, 0x0000, 0x0000, 0x0800,
  0x2800, 0x3800, 0x4000, 0x3800, 0x31A6, 0x2125, 0x4A69, 0x634D, 0x4249, 0x39E8, 0x2125, 0x39C7, 0x2945, 0x0000, 0x10A2, 0x1904,
  0x1061, 0x1082, 0x0000, 0x0800, 0x0800, 0x2000, 0x4000, 0x2000, 0x0000, 0x0000, 0x0000, 0x0000, 0x0000, 0x0000, 0x0000, 0x0000,
  0x0000, 0x0000, 0x0000, 0x0000, 0x0000, 0x0000, 0x1800, 0x2800, 0x4800, 0x5800, 0x2966, 0x4A6A, 0xD6BB, 0x632D, 0x10A3, 0x3A08,
  0x10C3, 0x0020, 0x20A2, 0x3945, 0x10A2, 0x10A2, 0x1082, 0x10A3, 0x0841, 0x18C3, 0x0000, 0x1800, 0x2800, 0x3800, 0x1800, 0x0000,
  0x0000, 0x0000, 0x0000, 0x0000, 0x0000, 0x0000, 0x0000, 0x0000, 0x0000, 0x0000, 0x0000, 0x0000, 0x0000, 0x0000, 0x0000, 0x0000,
  0x0000, 0x1000, 0x2000, 0x2800, 0x31C7, 0x6B6E, 0x0000, 0x18E4, 0x52AB, 0x1904, 0x31A7, 0x31A6, 0x18C3, 0x2124, 0x0820, 0x1061,
  0x0841, 0x1061, 0x10A2, 0x1061, 0x0820, 0x0800, 0x2800, 0x4000, 0x4000, 0x1800, 0x0000, 0x0000, 0x0000, 0x0000, 0x0000, 0x0000,
  0x0820, 0x0820, 0x0000, 0x0000, 0x0020, 0x0840, 0x0861, 0x0020, 0x0000, 0x0020, 0x0000, 0x0000, 0x0000, 0x0000, 0x0000, 0x0000,
  0x0800, 0x1800, 0x2965, 0x2125, 0x0841, 0x0800, 0x2882, 0x2104, 0x1904, 0x1082, 0x3186, 0x39E7, 0x0840, 0x18A2, 0x2965, 0x10A2,
  0x2966, 0x2986, 0x0840, 0x0840, 0x0000, 0x0800, 0x3800, 0x5800, 0x4800, 0x1000, 0x0000, 0x0000, 0x0000, 0x0000, 0x0020, 0x0020,
  0x0820, 0x1061, 0x0020, 0x0000, 0x0000, 0x0020, 0x0820, 0x0841, 0x0000, 0x0000, 0x0000, 0x0000, 0x0000, 0x0000, 0x0000, 0x0000,
  0x0000, 0x0000, 0x0000, 0x0000, 0x0800, 0x2104, 0x10A2, 0x1061, 0x2945, 0x3965, 0x1820, 0x1800, 0x41C7, 0x3986, 0x1861, 0x1020,
  0x1040, 0x0820, 0x0820, 0x0000, 0x1082, 0x1082, 0x0841, 0x1041, 0x0840, 0x1800, 0x3800, 0x5000, 0x3800, 0x0800, 0x0000, 0x0000,
  0x0000, 0x0000, 0x0000, 0x0020, 0x0862, 0x0020, 0x0000, 0x0020, 0x0000, 0x0020, 0x0041, 0x0000, 0x0020, 0x0020, 0x0000, 0x0841,
  0x0841, 0x0020, 0x0020, 0x0020, 0x0000, 0x0000, 0x0000, 0x0000, 0x0000, 0x0000, 0x0000, 0x0000, 0x4A6A, 0x2125, 0x3186, 0x2925,
  0x18C2, 0x0000, 0x1040, 0x1041, 0x4A4A, 0x31A7, 0x0820, 0x4229, 0x10A2, 0x0841, 0x2082, 0x3145, 0x18C3, 0x1061, 0x1061, 0x0000,
  0x0000, 0x4000, 0x6800, 0x5800, 0x3000, 0x0000, 0x0000, 0x0000, 0x0000, 0x0020, 0x1082, 0x18A2, 0x0841, 0x0882, 0x0000, 0x0841,
  0x1061, 0x1082, 0x18C2, 0x0861, 0x0841, 0x0841, 0x0020, 0x20C2, 0x2903, 0x0041, 0x0000, 0x0000, 0x0000, 0x0000, 0x0840, 0x0841,
  0x0020, 0x0000, 0x0000, 0x0000, 0x0000, 0x0000, 0x4229, 0x39C7, 0x6B2D, 0x83EF, 0x0000, 0x20E3, 0x0000, 0x0000, 0x31C7, 0x52EC,
  0x3A09, 0x18E4, 0x18E4, 0x1904, 0x2104, 0x1041, 0x0841, 0x18E3, 0x1061, 0x0000, 0x0000, 0x3800, 0x7000, 0x5000, 0x2000, 0x0000,
  0x0000, 0x0000, 0x0020, 0x0020, 0x0000, 0x1082, 0x10A2, 0x0020, 0x0000, 0x0000, 0x2103, 0x20E3, 0x2124, 0x2104, 0x0000, 0x0841,
  0x0861, 0x18C3, 0x18A2, 0x10A2, 0x0861, 0x0841, 0x0000, 0x0020, 0x1082, 0x0882, 0x0040, 0x0000, 0x0000, 0x0000, 0x0020, 0x0000,
  0x0000, 0x0000, 0x2104, 0x2104, 0x18E3, 0x528A, 0x18A2, 0x0000, 0x39C7, 0x4249, 0x39C7, 0x3165, 0x18C3, 0x1881, 0x30A2, 0x1000,
  0x1061, 0x2104, 0x10A2, 0x0000, 0x0020, 0x0020, 0x1000, 0x3800, 0x6000, 0x4000, 0x1000, 0x0000, 0x0000, 0x0000, 0x0800, 0x1841,
  0x0820, 0x0041, 0x0020, 0x0000, 0x0861, 0x3186, 0x18C3, 0x1082, 0x18E4, 0x10A3, 0x10A2, 0x2104, 0x10A2, 0x0882, 0x1082, 0x0041,
  0x0861, 0x0020, 0x10A2, 0x10A3, 0x10C3, 0x10C3, 0x0882, 0x0020, 0x0000, 0x0020, 0x0020, 0x0841, 0x0020, 0x0020, 0x0000, 0x0000,
  0x1082, 0x4A8A, 0x6B4E, 0x39A6, 0x41A6, 0x1082, 0x2124, 0x39C8, 0x62EC, 0x4208, 0x0820, 0x0000, 0x0840, 0x0000, 0x1020, 0x20E3,
  0x18A2, 0x1881, 0x1041, 0x0000, 0x1000, 0x5000, 0x6000, 0x3000, 0x0000, 0x0000, 0x0000, 0x0000, 0x0820, 0x0820, 0x1040, 0x1882,
  0x10A3, 0x0861, 0x0000, 0x1082, 0x3145, 0x28E3, 0x0000, 0x0000, 0x0861, 0x2145, 0x39E8, 0x2945, 0x18E3, 0x10C3, 0x0020, 0x0000,
  0x1082, 0x2145, 0x18E3, 0x18C3, 0x1082, 0x0000, 0x10A2, 0x18C3, 0x0882, 0x0041, 0x0020, 0x0020, 0x0000, 0x0000, 0x0020, 0x0020,
  0x0862, 0x4A6A, 0xBDB7, 0x62EC, 0x0820, 0x18A2, 0x10A2, 0x6B4D, 0x3986, 0x1000, 0x3986, 0x2965, 0x10A3, 0x0882, 0x0841, 0x1082,
  0x0840, 0x1040, 0x1840, 0x0820, 0x2000, 0x4800, 0x4800, 0x1800, 0x0000, 0x0000, 0x0000, 0x0841, 0x0820, 0x0841, 0x0841, 0x20E3,
  0x41A7, 0x1924, 0x0861, 0x0862, 0x0820, 0x3082, 0x1841, 0x10A2, 0x1082, 0x1904, 0x2986, 0x4A49, 0x3165, 0x1082, 0x0021, 0x1082,
  0x18A2, 0x2104, 0x1904, 0x0861, 0x1082, 0x0861, 0x0841, 0x0020, 0x08A2, 0x18E3, 0x10A2, 0x0000, 0x0000, 0x1082, 0x18C3, 0x0841,
  0x0041, 0x0841, 0x2125, 0x4A49, 0x5AEC, 0x20E3, 0x0020, 0x2965, 0x3186, 0x0841, 0x0841, 0x1081, 0x0841, 0x1061, 0x18A3, 0x2104,
  0x18C3, 0x18C3, 0x0841, 0x0000, 0x0000, 0x0800, 0x4000, 0x6800, 0x4000, 0x0800, 0x0000, 0x0000, 0x0000, 0x0000, 0x0000, 0x1861,
  0x28C3, 0x3165, 0x2104, 0x0882, 0x0000, 0x0882, 0x2145, 0x0841, 0x2924, 0x2965, 0x0861, 0x2104, 0x426A, 0x2965, 0x4144, 0x1061,
  0x0861, 0x2904, 0x3145, 0x18A3, 0x18E3, 0x0020, 0x3186, 0x18E4, 0x18C3, 0x20E3, 0x1861, 0x4124, 0x2104, 0x0862, 0x0861, 0x0841,
  0x1082, 0x18A2, 0x0841, 0x0882, 0x0841, 0x10A2, 0x41E8, 0x3145, 0x2104, 0x2925, 0x39A6, 0x3145, 0x20C3, 0x2945, 0x0841, 0x10A2,
  0x2945, 0x18E3, 0x0841, 0x1061, 0x1881, 0x1020, 0x1020, 0x0020, 0x0800, 0x4800, 0x6800, 0x3000, 0x0000, 0x0000, 0x0000, 0x0000,
  0x0020, 0x0000, 0x0020, 0x20E3, 0x3966, 0x3965, 0x1861, 0x0800, 0x2124, 0x2104, 0x2125, 0x4104, 0x6AAA, 0x2986, 0x0000, 0x0882,
  0x52CB, 0x2104, 0x0820, 0x28E3, 0x30E3, 0x39A6, 0x31A7, 0x4A49, 0x2124, 0x10A3, 0x4229, 0x2166, 0x3924, 0x5124, 0x5144, 0x4903,
  0x28E3, 0x0861, 0x2965, 0x10A2, 0x2145, 0x1082, 0x0020, 0x0041, 0x0000, 0x0021, 0x31C7, 0x2965, 0x2104, 0x9CD3, 0x8C52, 0x3186,
  0x1082, 0x1061, 0x2081, 0x20C3, 0x0841, 0x0000, 0x0840, 0x1082, 0x18A2, 0x0800, 0x1020, 0x1840, 0x0820, 0x2000, 0x5800, 0x5000,
  0x1000, 0x0000, 0x0000, 0x0000, 0x0000, 0x0000, 0x0000, 0x0000, 0x0041, 0x3986, 0x49C6, 0x2041, 0x5904, 0x28C3, 0x10C3, 0x10A3,
  0x2925, 0x89C6, 0x30C2, 0x0000, 0x0041, 0x4228, 0x1082, 0x2104, 0x3166, 0x3187, 0x2966, 0x3186, 0x4269, 0x6B6D, 0x39E8, 0x4965,
  0x6248, 0x3165, 0x3944, 0x41A6, 0x2966, 0x0861, 0x1061, 0x4144, 0x3186, 0x39E7, 0x1904, 0x10A3, 0x0000, 0x0000, 0x1061, 0x3924,
  0x18A3, 0x18C3, 0x8431, 0x4249, 0x39C7, 0x8C72, 0x4208, 0x1082, 0x0841, 0x2924, 0x0000, 0x1061, 0x2104, 0x0020, 0x0820, 0x0800,
  0x0820, 0x0820, 0x0020, 0x0800, 0x2800, 0x6000, 0x3800, 0x0000, 0x0000, 0x0000, 0x0000, 0x0000, 0x0020, 0x0020, 0x0020, 0x2125,
  0x18E3, 0x30A2, 0x2040, 0x4165, 0x4986, 0x0000, 0x18E3, 0x31C7, 0x3186, 0x5985, 0x1061, 0x28A2, 0x3903, 0x0841, 0x1861, 0x6185,
  0x30E3, 0x2125, 0x31C7, 0x0020, 0x0041, 0x6B0C, 0x5A48, 0x79E7, 0x5985, 0x1861, 0x18E4, 0x31E7, 0x2124, 0x1061, 0x39A6, 0x2944,
  0x18C3, 0x3A08, 0x10A3, 0x0000, 0x2965, 0x0841, 0x1061, 0x4123, 0x18A2, 0x0862, 0x0020, 0x39C7, 0x39C7, 0x632C, 0x4A69, 0x1082,
  0x0820, 0x1020, 0x18C3, 0x0820, 0x0841, 0x1061, 0x30C2, 0x1882, 0x10A2, 0x0000, 0x0000, 0x0000, 0x1800, 0x3800, 0x5000, 0x1800,
  0x0000, 0x0000, 0x0000, 0x0000, 0x0020, 0x0861, 0x0841, 0x0000, 0x0861, 0x1904, 0x0841, 0x0020, 0x28E3, 0x3186, 0x1082, 0x2104,
  0x5AEC, 0x4249, 0x2082, 0x4944, 0x3145, 0x81C6, 0xA2CA, 0x2104, 0x9248, 0xA1A6, 0x3061, 0x1904, 0x10C3, 0x0000, 0x2041, 0x7A48,
  0x4185, 0x2945, 0x0041, 0x18C3, 0x31A6, 0x3A08, 0x2104, 0x0861, 0x0861, 0x18E4, 0x18E4, 0x1082, 0x0861, 0x0000, 0x10C3, 0x2125,
  0x18C3, 0x1082, 0x0020, 0x1082, 0x0841, 0x10A2, 0x8C52, 0x52AB, 0x2104, 0x2104, 0x18A2, 0x20E3, 0x4186, 0x3186, 0x2104, 0x3186,
  0x1041, 0x1820, 0x0800, 0x0841, 0x0820, 0x1020, 0x2800, 0x6800, 0x3000, 0x0000, 0x0000, 0x0000, 0x0000, 0x0820, 0x1041, 0x0000,
  0x0861, 0x1082, 0x0861, 0x0861, 0x1082, 0x2945, 0x41E8, 0x8B0C, 0x4145, 0x0841, 0x632D, 0x4A49, 0x18A3, 0x6186, 0x6986, 0x20A2,
  0x9289, 0xB3CE, 0x59E8, 0xBA08, 0x9924, 0x40E3, 0x0882, 0x0000, 0x50A2, 0xA9E6, 0x4986, 0x2966, 0x2966, 0x18C3, 0x2966, 0x5AEC,
  0x4A69, 0x0861, 0x0861, 0x2104, 0x2104, 0x0861, 0x0020, 0x0882, 0x3186, 0x3903, 0x2124, 0x1904, 0x1904, 0x10A3, 0x0020, 0x0020,
  0x4229, 0x4249, 0x31A6, 0x2965, 0x18E3, 0x4A07, 0x1020, 0x1841, 0x38E3, 0x1861, 0x18A2, 0x1061, 0x18A2, 0x0020, 0x0861, 0x0800,
  0x1000, 0x3800, 0x6000, 0x2800, 0x0000, 0x0000, 0x0000, 0x0020, 0x0020, 0x0020, 0x0840, 0x2904, 0x18A2, 0x0000, 0x3186, 0x39C7,
  0x0020, 0x39C7, 0x4229, 0x41A6, 0x1041, 0x2986, 0x83EF, 0x39C7, 0x4965, 0x30A2, 0x69A6, 0x59A6, 0x49C7, 0x5A69, 0x7165, 0xC9E7,
  0x6082, 0x18A2, 0x18E3, 0x2124, 0x60A2, 0xAA27, 0x41A6, 0x18E4, 0x39E7, 0x4249, 0x4249, 0x630C, 0x0861, 0x0020, 0x0861, 0x18C3,
  0x0861, 0x18C3, 0x2965, 0x18E4, 0x39A6, 0x3924, 0x2945, 0x2145, 0x3186, 0x0882, 0x0882, 0x0861, 0x5ACB, 0x630C, 0x3186, 0x0000,
  0x0800, 0x2061, 0x1061, 0x1082, 0x0800, 0x1082, 0x18A2, 0x0800, 0x0000, 0x1020, 0x1820, 0x1000, 0x4800, 0x5800, 0x1800, 0x0000,
  0x0000, 0x0000, 0x0000, 0x0820, 0x1861, 0x0840, 0x0882, 0x3186, 0x3186, 0x1861, 0x4A08, 0x4208, 0x0820, 0x4904, 0x3081, 0x1041,
  0x2924, 0x6A69, 0x4165, 0x30E3, 0x6145, 0x38C2, 0x93CF, 0x8BF0, 0x4208, 0x0820, 0x40C2, 0x50A2, 0x1041, 0x2945, 0x632C, 0x31C7,
  0x28A2, 0x3945, 0x0841, 0x18C3, 0x2945, 0x18A2, 0x3144, 0x3145, 0x0861, 0x10A2, 0x3165, 0x5228, 0x18A3, 0x31C8, 0x5B0D, 0x2986,
  0x0000, 0x39E8, 0x52AA, 0x2965, 0x0000, 0x10A3, 0x31A7, 0x0882, 0x0000, 0x73AF, 0x4A69, 0x20E4, 0x18E3, 0x1082, 0x18C3, 0x18A2,
  0x1904, 0x2124, 0x0820, 0x1881, 0x1882, 0x1881, 0x1020, 0x1820, 0x2000, 0x4000, 0x5800, 0x1000, 0x0000, 0x0000, 0x0000, 0x0861,
  0x0861, 0x18A2, 0x2904, 0x0861, 0x3986, 0x39E8, 0x4249, 0x20C3, 0x1061, 0x1861, 0x1840, 0x4144, 0x4904, 0x28A2, 0x20E3, 0x7A69,
  0x1020, 0x3903, 0x3904, 0x2124, 0x6B4D, 0x4A49, 0x3124, 0x0000, 0x0861, 0x10E4, 0x10A2, 0x10A2, 0x0882, 0x0841, 0x31C7, 0x10C3,
  0x10A2, 0x4A8B, 0x4A6A, 0x2945, 0x1881, 0x1082, 0x2145, 0x52CB, 0x7BEF, 0x2945, 0x0882, 0x1904, 0x4229, 0x1904, 0x1041, 0x61A6,
  0x3944, 0x10A2, 0x0861, 0x10C3, 0x2124, 0x0841, 0x18E4, 0x5AEB, 0x2124, 0x0821, 0x2124, 0x31A6, 0x2125, 0x0000, 0x1040, 0x0800,
  0x1861, 0x2861, 0x1020, 0x1041, 0x0820, 0x2000, 0x4800, 0x4000, 0x0800, 0x0000, 0x0000, 0x0000, 0x0020, 0x1082, 0x1082, 0x10C3,
  0x0841, 0x0020, 0x4185, 0x6269, 0x2965, 0x0820, 0x1861, 0x4944, 0x20E3, 0x2145, 0x2965, 0x1061, 0x18E4, 0x18C3, 0x2041, 0x60E3,
  0x69E7, 0x4A08, 0x3103, 0x2881, 0x3924, 0x0861, 0x1904, 0x10C3, 0x0861, 0x2124, 0x3A08, 0x2966, 0x0041, 0x0882, 0x31A7, 0x2986,
  0x18E4, 0x2104, 0x2966, 0x10C3, 0x3A29, 0x4AAB, 0x39E8, 0x3A08, 0x39C7, 0x3166, 0x39E8, 0x18E3, 0x4985, 0x5081, 0x3081, 0x0861,
  0x1082, 0x0020, 0x0020, 0x0841, 0x0862, 0x7BCF, 0x31C7, 0x1082, 0x18E3, 0x18C2, 0x3124, 0x1061, 0x0000, 0x0820, 0x1041, 0x0820,
  0x1061, 0x0841, 0x0800, 0x1800, 0x4800, 0x3000, 0x0000, 0x0000, 0x0020, 0x1040, 0x0840, 0x1061, 0x0820, 0x0000, 0x0000, 0x1082,
  0x2145, 0x31A7, 0x0841, 0x0000, 0x10C3, 0x5208, 0x5AAA, 0x0041, 0x18C3, 0x6B4E, 0x4A6A, 0x18C3, 0x1861, 0x6A49, 0x7228, 0x7124,
  0x5904, 0x1061, 0x1061, 0x3185, 0x0861, 0x20C3, 0x3144, 0x31A6, 0x634D, 0x6B8E, 0x2965, 0x2945, 0x39E8, 0x2986, 0x528A, 0x2104,
  0x18E3, 0x18E3, 0x1082, 0x2124, 0x31A6, 0x1904, 0x5ACB, 0x930B, 0x8268, 0x28C2, 0x1061, 0x28C2, 0x0800, 0x0841, 0x18E3, 0x10C3,
  0x0882, 0x2104, 0x0882, 0x18E3, 0x31A7, 0x2965, 0x18C3, 0x2104, 0x39A6, 0x0800, 0x1020, 0x1041, 0x0020, 0x20E3, 0x18C2, 0x0020,
  0x0840, 0x0800, 0x1800, 0x4800, 0x3000, 0x0000, 0x0000, 0x0000, 0x0820, 0x2061, 0x1061, 0x0000, 0x3945, 0x3165, 0x0020, 0x1904,
  0x1082, 0x0820, 0x4965, 0x7B6D, 0x2945, 0x3145, 0x2904, 0x18C3, 0x3186, 0x4208, 0x10C3, 0x0800, 0x628A, 0x736D, 0x62EB, 0x82AA,
  0x5061, 0x28E3, 0x2165, 0x0021, 0x18C3, 0x3904, 0x4208, 0x3A08, 0x2945, 0x39E7, 0x0020, 0x3145, 0x52AA, 0x10A3, 0x4A29, 0x3166,
  0x2945, 0x5AEC, 0x31E7, 0x0040, 0x0000, 0x31A6, 0x2945, 0x71C6, 0x5902, 0x0820, 0x0841, 0x18E3, 0x31A7, 0x10A2, 0x2104, 0x2965,
  0x10C3, 0x0861, 0x2125, 0x4228, 0x2104, 0x39C7, 0x2945, 0x0841, 0x18C3, 0x18A2, 0x1082, 0x0820, 0x2082, 0x18A2, 0x1861, 0x1861,
  0x0020, 0x0000, 0x2000, 0x4800, 0x2800, 0x0000, 0x0000, 0x0000, 0x0000, 0x0000, 0x1882, 0x0841, 0x10A3, 0x39E8, 0x2945, 0x0861,
  0x31A6, 0x2986, 0x2860, 0x89C6, 0xBC30, 0x7A48, 0x1040, 0x0882, 0x5ACB, 0x632D, 0x4249, 0x1020, 0x8B2B, 0x94B3, 0x39C7, 0x0861,
  0x3165, 0x3061, 0x1000, 0x0020, 0x2966, 0x4A49, 0x5249, 0x2945, 0x2125, 0x0040, 0x0000, 0x1082, 0x7B6D, 0x8410, 0x31A6, 0x0862,
  0x0841, 0x2966, 0x7BAF, 0x4A69, 0x2965, 0x0020, 0x2965, 0x0882, 0x0862, 0x0841, 0x0020, 0x2125, 0x4249, 0x39E8, 0x1082, 0x18C3,
  0x0862, 0x0882, 0x10A2, 0x2124, 0x3186, 0x3186, 0x2945, 0x2145, 0x18E3, 0x1082, 0x10A2, 0x10A2, 0x1061, 0x1040, 0x1061, 0x0800,
  0x0820, 0x0000, 0x2800, 0x5800, 0x2000, 0x0000, 0x0000, 0x0000, 0x0020, 0x0020, 0x0841, 0x0020, 0x0020, 0x0861, 0x10C3, 0x0021,
  0x2945, 0x31C7, 0x1904, 0x3965, 0x5944, 0x50C2, 0x1000, 0x1082, 0x39E8, 0x632C, 0x6B6D, 0x10A3, 0x4965, 0xAC0F, 0x41E7, 0x41A6,
  0x31A6, 0x1020, 0x2040, 0x1882, 0x52CB, 0x632D, 0x6B4D, 0x2965, 0x2124, 0x1082, 0x31A6, 0x4228, 0x2945, 0x7BCF, 0x49E7, 0x1882,
  0x18E3, 0x4228, 0x3A08, 0x6B6D, 0x2125, 0x1082, 0x2125, 0x10A2, 0x0000, 0x31A7, 0x31A6, 0x18C3, 0x0861, 0x0862, 0x0020, 0x0020,
  0x31C7, 0x18C3, 0x18C3, 0x2965, 0x2945, 0x18C2, 0x10A2, 0x10A2, 0x18C3, 0x0000, 0x1861, 0x1882, 0x2040, 0x0820, 0x0000, 0x0820,
  0x18A2, 0x0820, 0x0000, 0x0800, 0x2800, 0x5000, 0x2000, 0x0000, 0x0000, 0x0000, 0x0840, 0x1061, 0x20A2, 0x1861, 0x1061, 0x3A09,
  0x10C3, 0x0800, 0x4944, 0x18A2, 0x10C3, 0x2125, 0x4A8B, 0x10A3, 0x0000, 0x2966, 0x8431, 0x738E, 0x4A4A, 0x18C3, 0x18C2, 0x5985,
  0x4081, 0x3061, 0x838E, 0x41E7, 0x2903, 0x1041, 0x73AE, 0x73AF, 0x4A8A, 0x6B6D, 0x0882, 0x0861, 0x0861, 0x31C7, 0x3A08, 0x2966,
  0x3145, 0x38E3, 0x1061, 0x4A8A, 0x4228, 0x3A08, 0x3A08, 0x10A3, 0x39E8, 0x6B4E, 0x4A6A, 0x1082, 0x31A6, 0x39E7, 0x10C3, 0x1082,
  0x5A89, 0x2924, 0x0020, 0x3186, 0x41E8, 0x18E3, 0x18E3, 0x10A2, 0x0861, 0x1082, 0x18E3, 0x1082, 0x39C7, 0x1840, 0x0841, 0x0820,
  0x0000, 0x1082, 0x0840, 0x1040, 0x0820, 0x0820, 0x2000, 0x4000, 0x1800, 0x0000, 0x0000, 0x0000, 0x0000, 0x0840, 0x1061, 0x0820,
  0x0000, 0x1082, 0x39C7, 0x28E3, 0x58A2, 0x81C6, 0x20E4, 0x0882, 0x31C7, 0x10C3, 0x0020, 0x2124, 0x4A6A, 0x630C, 0x630C, 0x31C7,
  0x0861, 0x49A6, 0x1061, 0x0000, 0x5269, 0x632D, 0x2104, 0x20C3, 0x20E4, 0x3A08, 0x31A7, 0x4208, 0x39C7, 0x0841, 0x0841, 0x5207,
  0x62CA, 0x2986, 0x52AB, 0x18E3, 0x0840, 0x10A2, 0x2124, 0x0862, 0x31C7, 0x1904, 0x18C3, 0x5AAB, 0x6A8A, 0x4A49, 0x18E3, 0x3A08,
  0x2145, 0x2104, 0x5A8A, 0x940F, 0x49E7, 0x4964, 0x4165, 0x18C3, 0x10A2, 0x18C3, 0x0000, 0x2965, 0x4A49, 0x2945, 0x0861, 0x2904,
  0x1061, 0x2924, 0x18C2, 0x0000, 0x18C3, 0x0841, 0x0800, 0x0820, 0x1000, 0x3800, 0x1000, 0x0000, 0x0000, 0x0000, 0x0000, 0x0000,
  0x0000, 0x0000, 0x0861, 0x10A2, 0x4208, 0x732C, 0x5145, 0x7965, 0x4924, 0x2105, 0x4228, 0x31C7, 0x1082, 0x18E3, 0x31A6, 0x31C7,
  0x3A08, 0x39C7, 0x2104, 0x0020, 0x0000, 0x18A2, 0x62EB, 0x4A69, 0x62CB, 0x3165, 0x0000, 0x52AB, 0x39E7, 0x39E7, 0x18C3, 0x0820,
  0x18E3, 0x3965, 0xAC2F, 0x6AEB, 0x39E8, 0x2986, 0x0861, 0x39E8, 0x52AB, 0x2145, 0x0861, 0x2986, 0x2165, 0x0861, 0x4A49, 0x3985,
  0x18A2, 0x0820, 0x4944, 0x30E3, 0x18C3, 0x4A48, 0x4228, 0x1061, 0x7B0B, 0x83AE, 0x3986, 0x2104, 0x2945, 0x18C3, 0x18E3, 0x2124,
  0x10C3, 0x2944, 0x2945, 0x18C3, 0x1082, 0x1881, 0x20A2, 0x1061, 0x0820, 0x0820, 0x0000, 0x1800, 0x4000, 0x1800, 0x0000, 0x0000,
  0x0000, 0x0000, 0x0000, 0x0020, 0x1082, 0x2882, 0x1881, 0x0841, 0x2965, 0x2104, 0x5965, 0x50E3, 0x18C3, 0x1082, 0x10A2, 0x2041,
  0x4945, 0x4A49, 0x10A2, 0x2104, 0x4228, 0x31A6, 0x39C7, 0x0000, 0x3903, 0x62CB, 0x7BF0, 0x83AF, 0x934C, 0x3903, 0x2986, 0x4208,
  0x2966, 0x0841, 0x0020, 0x738E, 0x630C, 0x41E7, 0x62EB, 0x18C3, 0x3186, 0x18C2, 0x3965, 0x83F0, 0x5B0C, 0x2145, 0x1041, 0x7A07,
  0x7165, 0x2061, 0x31A6, 0x1082, 0x18E3, 0x3103, 0x7AAA, 0x3986, 0x39E7, 0x18E3, 0x0000, 0x0020, 0x39E7, 0x41E7, 0x18A2, 0x0000,
  0x3186, 0x39E7, 0x31A6, 0x18C3, 0x0841, 0x1061, 0x28E3, 0x3165, 0x20E3, 0x0841, 0x0000, 0x0020, 0x0820, 0x0800, 0x1800, 0x4000,
  0x1800, 0x0000, 0x0000, 0x0000, 0x0000, 0x0000, 0x0000, 0x0841, 0x20A2, 0x5144, 0x1861, 0x2125, 0x2965, 0x31A6, 0x20C2, 0x0000,
  0x1904, 0x10A2, 0x5861, 0x8124, 0x4986, 0x51E7, 0x5124, 0x0841, 0x10A2, 0x10A2, 0x0020, 0x30A2, 0x7269, 0x734D, 0x734D, 0x7AAA,
  0x3924, 0x0840, 0x5AEC, 0x2104, 0x0000, 0x4A49, 0x632D, 0x52AA, 0x8C30, 0x2924, 0x0000, 0x18E3, 0x39C7, 0x4A49, 0x8BEF, 0x73AF,
  0x39E8, 0x0021, 0x7248, 0xD3EE, 0x88E3, 0x61A6, 0x3186, 0x0000, 0x1061, 0x8269, 0xA3AE, 0x41E7, 0x4228, 0x2965, 0x0040, 0x4A29,
  0x628A, 0x20A2, 0x2924, 0x2124, 0x1861, 0x3903, 0x28C2, 0x18C3, 0x10A2, 0x0820, 0x20A2, 0x1061, 0x0820, 0x0841, 0x0841, 0x0820,
  0x1040, 0x1020, 0x1000, 0x4000, 0x2000, 0x0000, 0x0000, 0x0000, 0x0000, 0x1840, 0x2040, 0x0041, 0x1062, 0x0000, 0x18A2, 0x0041,
  0x2986, 0x18C3, 0x2904, 0x5AAA, 0x39C7, 0x0841, 0x48C2, 0xA165, 0x8985, 0x3145, 0x20C3, 0x4165, 0x18A2, 0x0861, 0x39C7, 0x2125,
  0x3881, 0x8248, 0x8B0B, 0x6227, 0x49A6, 0x0841, 0x2965, 0x4228, 0x0021, 0x39C7, 0x9CD3, 0x7BF0, 0x18C3, 0x18C2, 0x20E3, 0x10A2,
  0x4A49, 0x39C7, 0x52CB, 0x6B6E, 0x31A6, 0x7A28, 0x50E3, 0x4A28, 0x4985, 0x2840, 0x6B2D, 0x3165, 0x18E3, 0x6A69, 0xD4F2, 0x7ACA,
  0x4208, 0x31A7, 0x3986, 0x61A5, 0x41C7, 0x2924, 0x1061, 0x18C3, 0x10A2, 0x4965, 0x40C2, 0x2061, 0x1082, 0x0841, 0x0000, 0x1020,
  0x1082, 0x18A2, 0x0000, 0x0800, 0x1000, 0x0800, 0x1800, 0x3800, 0x1800, 0x0000, 0x0000, 0x0000, 0x0000, 0x0000, 0x2103, 0x1882,
  0x1041, 0x2904, 0x1082, 0x1000, 0x1000, 0x20E3, 0x3145, 0x3104, 0x628A, 0x528A, 0x3000, 0x2820, 0x4881, 0x60C2, 0x18C3, 0x6B6D,
  0x5AEB, 0x0861, 0x2965, 0x6B4D, 0x2966, 0x30E3, 0x59C7, 0x5A69, 0x4208, 0x18E3, 0x0000, 0x10A2, 0x18C3, 0x6B8E, 0x632D, 0x4A6A,
  0x4A8A, 0x2965, 0x41C7, 0x10A2, 0x2125, 0x0861, 0x4208, 0x9CB3, 0x5AEC, 0x7ACA, 0xCB0B, 0x2020, 0x2966, 0x2924, 0x0020, 0x18C3,
  0x39C7, 0x4228, 0x62CB, 0x9268, 0x28C2, 0x2965, 0x0020, 0x41E7, 0x82CA, 0x3145, 0x0841, 0x0840, 0x18E3, 0x0841, 0x20E3, 0x1881,
  0x18A2, 0x20E3, 0x1061, 0x0841, 0x1061, 0x1041, 0x0841, 0x0000, 0x2882, 0x2840, 0x0800, 0x4000, 0x2000, 0x0000, 0x0000, 0x0000,
  0x0020, 0x0840, 0x0841, 0x1082, 0x0841, 0x20C3, 0x18C3, 0x20E3, 0x0820, 0x2881, 0x4A08, 0x2945, 0x0861, 0x2082, 0x4124, 0x48C3,
  0x5924, 0x7965, 0x7248, 0x2965, 0x3A08, 0x0882, 0x18E3, 0x6B4D, 0x5ACB, 0x5AEB, 0x18E3, 0x18C3, 0x0041, 0x1082, 0x2966, 0x5ACB,
  0x4A49, 0x10A3, 0x73AF, 0x634D, 0x5B0C, 0x4A28, 0x38E3, 0x3965, 0x18E3, 0x5269, 0x4A28, 0x39E8, 0x73AF, 0x738E, 0x71E7, 0x50A2,
  0x2104, 0x4A8A, 0x2945, 0x0841, 0x4A29, 0x8C51, 0x5A8A, 0x7124, 0x79A6, 0x2904, 0x0020, 0x10A3, 0x7B0C, 0x6A07, 0x41E8, 0x2966,
  0x1881, 0x61A5, 0x2924, 0x0020, 0x0861, 0x3165, 0x20A2, 0x18A2, 0x50C2, 0x1820, 0x0800, 0x0000, 0x0820, 0x1861, 0x1861, 0x2800,
  0x2800, 0x0000, 0x0000, 0x0020, 0x0000, 0x0000, 0x1040, 0x1061, 0x0000, 0x10A2, 0x3145, 0x4881, 0x2903, 0x2104, 0x0861, 0x18E3,
  0x52CB, 0x39C7, 0x3061, 0x3965, 0x3165, 0x41A6, 0x92CB, 0x7964, 0x30E3, 0x0841, 0x1861, 0x51E7, 0x41E7, 0x4A49, 0x6B2C, 0x0000,
  0x0000, 0x18E4, 0x52CB, 0x52CB, 0x6B6E, 0x7BEF, 0x39C7, 0x2924, 0x4208, 0x2124, 0x30E3, 0x5964, 0x2903, 0x38C2, 0xC2AB, 0xAACA,
  0x3186, 0x838E, 0x6A49, 0x3820, 0x50A2, 0x52AA, 0x2124, 0x0000, 0x79A5, 0x5924, 0x6B2D, 0x7A08, 0x7903, 0x41C7, 0x3186, 0x2124,
  0x6B6E, 0x8A89, 0x60E2, 0x28C3, 0x38A2, 0x5124, 0x61C6, 0x3924, 0x38A2, 0x3124, 0x3103, 0x1881, 0x3082, 0x9102, 0x0840, 0x18E3,
  0x1061, 0x1020, 0x0800, 0x2000, 0x3000, 0x0000, 0x0000, 0x0000, 0x0000, 0x0820, 0x0841, 0x0000, 0x18A2, 0x0861, 0x2124, 0x28E3,
  0x58C2, 0x1800, 0x3124, 0x1082, 0x5ACB, 0x73CF, 0x20A2, 0x38C2, 0x1082, 0x2924, 0x28E3, 0x8144, 0x8944, 0x4944, 0x0000, 0x50E3,
  0x5186, 0x18C3, 0x39C7, 0x1082, 0x31A7, 0x31A6, 0x6B8E, 0x5AEC, 0x4A6A, 0x52CB, 0x31A6, 0x1082, 0x1882, 0x3945, 0x20E3, 0x1081,
  0x1081, 0x2945, 0x9A89, 0xB965, 0x8144, 0x1881, 0x4165, 0x3861, 0x78A1, 0x6144, 0x3144, 0x1881, 0x3924, 0xABAE, 0x8A68, 0x8A67,
  0xA1C5, 0x51A6, 0x31C7, 0x4208, 0x2125, 0x5269, 0x3965, 0x1800, 0x6881, 0x4000, 0x3924, 0x18E3, 0x30A1, 0x8923, 0x38A2, 0x3945,
  0x1061, 0x2881, 0x48A1, 0x0840, 0x1061, 0x1841, 0x1040, 0x1000, 0x3000, 0x0000, 0x0000, 0x0000, 0x0000, 0x0000, 0x0020, 0x0000,
  0x0020, 0x0020, 0x0020, 0x18E3, 0x18E4, 0x0840, 0x3904, 0x3124, 0x10A2, 0x2124, 0x18A2, 0x2020, 0x3945, 0x20E3, 0x2965, 0x28C3,
  0x5861, 0x4081, 0x1861, 0x2861, 0x3945, 0x39C7, 0x10A2, 0x0000, 0x0841, 0x6B6E, 0x52AA, 0x632D, 0x73AF, 0x632D, 0x39E7, 0x18C3,
  0x4A49, 0x39A6, 0x0840, 0x1061, 0x0861, 0x0020, 0x3944, 0xB3CE, 0x7A07, 0x20A2, 0x0841, 0x0000, 0x4082, 0x48C2, 0x31A6, 0x3165,
  0x4124, 0x9A48, 0x6AEB, 0x71E7, 0xE206, 0x6060, 0x2124, 0x9AEA, 0x7144, 0x1861, 0x9247, 0x7143, 0x5061, 0x8840, 0x6924, 0x39A6,
  0x1041, 0x5207, 0x28C2, 0x2904, 0x2903, 0x1861, 0x50C2, 0x28A1, 0x1082, 0x1041, 0x0820, 0x1020, 0x3800, 0x0800, 0x0000, 0x0000,
  0x0000, 0x0820, 0x2061, 0x0840, 0x0000, 0x1904, 0x0041, 0x0020, 0x3186, 0x1904, 0x0040, 0x18E3, 0x2945, 0x2124, 0x1061, 0x3020,
  0x5103, 0x59A6, 0x3965, 0x18A2, 0x5903, 0x61C6, 0x0000, 0x1841, 0x3903, 0x10C3, 0x0882, 0x0020, 0x18E4, 0x2966, 0x39E8, 0x2945,
  0x39C7, 0x5AEB, 0x3A08, 0x18C3, 0x0861, 0x39E7, 0x31A6, 0x10A2, 0x5269, 0x630C, 0x630C, 0x2903, 0x4903, 0x3985, 0x7AEB, 0x38E3,
  0x20E3, 0x61C6, 0x4186, 0x4A69, 0x0861, 0x41C7, 0xABCE, 0x6124, 0xB965, 0xA040, 0x6208, 0x2945, 0x68A1, 0x50A2, 0x30E3, 0x9963,
  0xA902, 0xA164, 0x6881, 0x5124, 0x0841, 0x20E3, 0x2904, 0x0840, 0x3924, 0x28A2, 0x1861, 0x2041, 0x2061, 0x0840, 0x2081, 0x1020,
  0x0000, 0x2800, 0x1800, 0x0000, 0x0000, 0x0000, 0x0000, 0x1840, 0x2881, 0x1882, 0x18C3, 0x10A2, 0x2904, 0x1881, 0x3186, 0x3124,
  0x20A2, 0x28E3, 0x59E7, 0x0861, 0x0000, 0x4924, 0x4165, 0x4103, 0x18A2, 0x20C2, 0x3924, 0x0841, 0x1082, 0x2104, 0x0041, 0x0861,
  0x0000, 0x3186, 0x3A08, 0x5AEB, 0x6B8E, 0x4A49, 0x18C3, 0x2945, 0x10A2, 0x1082, 0x39E7, 0x632D, 0x2966, 0x3186, 0x83F0, 0x738E,
  0x5ACB, 0x2124, 0x0000, 0x6A28, 0xD247, 0x58C2, 0x3944, 0x20A2, 0x41C6, 0x2924, 0x0000, 0x1061, 0x2104, 0xAA89, 0xC924, 0x3040,
  0x2104, 0x1082, 0x2820, 0x61E6, 0x6985, 0xA1A5, 0xA1E6, 0x70C2, 0x1881, 0x3165, 0x1861, 0x38C2, 0x1061, 0x0861, 0x50A2, 0x50A1,
  0x20A1, 0x1840, 0x0820, 0x0861, 0x0800, 0x0820, 0x2800, 0x2800, 0x0000, 0x0000, 0x0000, 0x0000, 0x1061, 0x20C2, 0x1861, 0x0861,
  0x1082, 0x10A2, 0x2904, 0x38E3, 0x20E3, 0x6185, 0x40C2, 0x3165, 0x20A2, 0x0020, 0x1081, 0x20A2, 0x1861, 0x1061, 0x2145, 0x0841,
  0x18E3, 0x4A8A, 0x4208, 0x39C7, 0x0841, 0x0841, 0x18E3, 0x2986, 0x39C7, 0x39E8, 0x4229, 0x4A49, 0x18E4, 0x0000, 0x0020, 0x4A69,
  0x8C71, 0x83F0, 0x52AA, 0x10A2, 0x4208, 0x5269, 0x4A49, 0x3186, 0x0841, 0x5985, 0x6081, 0x4903, 0x4124, 0x5A89, 0x39C7, 0x0820,
  0x30C3, 0x3186, 0x39E7, 0x8289, 0x3061, 0x2061, 0x1000, 0x0000, 0x2081, 0x4903, 0x6924, 0x4861, 0x68E3, 0x1820, 0x3124, 0x59E6,
  0x30A2, 0x6103, 0x61E7, 0x2903, 0x30A1, 0x2861, 0x0820, 0x1020, 0x0000, 0x18C3, 0x0000, 0x1800, 0x4000, 0x0000, 0x0000, 0x0000,
  0x0020, 0x0000, 0x0020, 0x1882, 0x1020, 0x0862, 0x0862, 0x1904, 0x20E3, 0x1882, 0x18A2, 0x40A2, 0x0820, 0x10C3, 0x2966, 0x1904,
  0x10A2, 0x1082, 0x18E3, 0x2124, 0x39E7, 0x18A2, 0x3165, 0x2124, 0x1082, 0x0000, 0x18E3, 0x3186, 0x6B6E, 0x52CB, 0x1082, 0x2966,
  0x39C7, 0x31A6, 0x10A3, 0x2104, 0x4229, 0x528A, 0x39C7, 0x31A6, 0x39C7, 0x2925, 0x18E3, 0x18A2, 0x18C3, 0x0000, 0x10A2, 0x2904,
  0x2020, 0x9A07, 0xC30B, 0x69C6, 0x0000, 0x3924, 0xAAEA, 0x49E7, 0x51A6, 0x6081, 0x3924, 0x6207, 0x1840, 0x5228, 0x9B4C, 0x5965,
  0x20E3, 0x10A2, 0x4185, 0x0000, 0x4903, 0x50C2, 0x4081, 0x5861, 0x30C2, 0x2061, 0x2061, 0x0820, 0x0000, 0x0000, 0x0000, 0x1061,
  0x1000, 0x4000, 0x1000, 0x0000, 0x0000, 0x0020, 0x0000, 0x0840, 0x2061, 0x0840, 0x0020, 0x18E3, 0x1904, 0x0862, 0x18E3, 0x0000,
  0x0841, 0x3165, 0x5A69, 0x5A69, 0x18C3, 0x2965, 0x18E3, 0x2124, 0x4A69, 0x39C7, 0x2965, 0x0861, 0x0861, 0x1082, 0x0861, 0x18C3,
  0x2124, 0x31A6, 0x4208, 0x52AB, 0x2104, 0x10A2, 0x10A3, 0x2124, 0x0000, 0x31A7, 0x4A6A, 0x39C7, 0x31A6, 0x52AA, 0x41E7, 0x3186,
  0x2945, 0x0820, 0x18E3, 0x2945, 0x52CB, 0x5165, 0xB228, 0x9124, 0x8061, 0x6903, 0x28E3, 0x5207, 0x68E3, 0x78A2, 0x90C1, 0x5860,
  0x5103, 0x7268, 0x4985, 0x61E7, 0x69E7, 0x1020, 0x1082, 0x3144, 0x1882, 0x20C3, 0x40C3, 0x38A2, 0x40E3, 0x30A1, 0x1040, 0x1840,
  0x1840, 0x0800, 0x0000, 0x0000, 0x1882, 0x1000, 0x3800, 0x2800, 0x0000, 0x0000, 0x0000, 0x0000, 0x0000, 0x0861, 0x20C3, 0x2945,
  0x0841, 0x1082, 0x10A2, 0x2081, 0x20A2, 0x0841, 0x1904, 0x10A2, 0x51C7, 0x1861, 0x1082, 0x5ACB, 0x52AB, 0x2125, 0x0882, 0x10C3,
  0x0841, 0x0000, 0x0841, 0x0000, 0x2124, 0x5AEB, 0x18C3, 0x39C7, 0x31A6, 0x3186, 0x2124, 0x0000, 0x0861, 0x0841, 0x18E3, 0x31A6,
  0x2924, 0x4A28, 0x18A2, 0x18A2, 0x39A6, 0x10A2, 0x0820, 0x2124, 0x2945, 0x41C6, 0x20C2, 0x2800, 0xB904, 0xA124, 0x7924, 0x2861,
  0x7B0C, 0x7228, 0x38A2, 0x98A2, 0xA164, 0x82EA, 0x8965, 0x9123, 0x51A6, 0x28C3, 0x60E3, 0x5903, 0x41A6, 0x49A5, 0x41A5, 0x38E3,
  0x5985, 0x79A5, 0x2061, 0x28A2, 0x1861, 0x0000, 0x0000, 0x0000, 0x0840, 0x1061, 0x20C2, 0x3000, 0x3000, 0x0000, 0x0000, 0x0000,
  0x0000, 0x0841, 0x0000, 0x0000, 0x0862, 0x1082, 0x0000, 0x0000, 0x1882, 0x5165, 0x49A6, 0x2965, 0x31A7, 0x0020, 0x0820, 0x0000,
  0x2104, 0x5AEB, 0x2966, 0x2945, 0x0861, 0x0881, 0x0000, 0x10A2, 0x2124, 0x18C3, 0x18C3, 0x0861, 0x2945, 0x41E7, 0x3165, 0x3165,
  0x4208, 0x2124, 0x0000, 0x0841, 0x4228, 0x5AAB, 0x39A6, 0x2903, 0x41E7, 0x3165, 0x18A2, 0x18A2, 0x18E3, 0x3186, 0x528A, 0x1861,
  0x0800, 0x2881, 0xB228, 0xA986, 0x60E3, 0x4903, 0xBA48, 0xB268, 0x5881, 0x69A6, 0x7248, 0x2124, 0x60E3, 0xAA28, 0x5124, 0x30A2,
  0x6123, 0x8207, 0x30E3, 0x3924, 0x3965, 0x30A1, 0x30A1, 0x1820, 0x1860, 0x1020, 0x0000, 0x0000, 0x0000, 0x0840, 0x2903, 0x5A8A,
  0x6B0C, 0x3000, 0x0000, 0x0000, 0x0000, 0x0000, 0x0840, 0x20C2, 0x1861, 0x4985, 0x10A2, 0x0041, 0x0000, 0x18C3, 0x10A2, 0x0021,
  0x2945, 0x2965, 0x0041, 0x0020, 0x0020, 0x0020, 0x20E3, 0x2945, 0x18C3, 0x1061, 0x1061, 0x0861, 0x3186, 0x2945, 0x0841, 0x59C6,
  0x3944, 0x0841, 0x28E3, 0x20C2, 0x1881, 0x18C2, 0x2945, 0x2965, 0x0000, 0x1082, 0x18C3, 0x2924, 0x4985, 0x38E2, 0x2903, 0x18A2,
  0x18A2, 0x5249, 0x3165, 0x2904, 0x7AEB, 0x1841, 0x3186, 0x51C7, 0x58C3, 0x3820, 0x0000, 0x91C6, 0xCA27, 0xCBCD, 0x9860, 0x69A6,
  0x4984, 0x1041, 0x40C2, 0x4861, 0x6124, 0x5903, 0x1020, 0x1061, 0x1061, 0x0000, 0x0800, 0x2061, 0x1020, 0x1040, 0x0820, 0x0000,
  0x0000, 0x0820, 0x1041, 0x3124, 0x4A07, 0x4A28, 0x8C0F, 0x0800, 0x0000, 0x0000, 0x0000, 0x0840, 0x0820, 0x20E3, 0x28C2, 0x4944,
  0x20E3, 0x0000, 0x0841, 0x2104, 0x0861, 0x0841, 0x0000, 0x1882, 0x49E7, 0x10A2, 0x0841, 0x31A7, 0x18C3, 0x2904, 0x1082, 0x1061,
  0x18C3, 0x1904, 0x2966, 0x18E3, 0x2904, 0x1861, 0x3145, 0x20E3, 0x1882, 0x20A2, 0x1061, 0x1081, 0x10A2, 0x0841, 0x2103, 0x18C2,
  0x18C3, 0x1882, 0x3081, 0x2881, 0x2104, 0x2104, 0x3145, 0x4A07, 0x20C2, 0x5A08, 0x7228, 0x28A2, 0x3944, 0x1082, 0x0841, 0x3165,
  0x3861, 0x98A1, 0xA9A5, 0x78C2, 0x90A2, 0x6985, 0x9227, 0x7102, 0x28A2, 0x2861, 0x51A6, 0x28E3, 0x20C3, 0x2081, 0x1041, 0x0000,
  0x0820, 0x1020, 0x0800, 0x0000, 0x0000, 0x0000, 0x0820, 0x28E3, 0x5228, 0x5228, 0x41C7, 0x4A07, 0x28E3, 0x0000, 0x0000, 0x0000,
  0x0841, 0x0840, 0x0882, 0x18E3, 0x0861, 0x0000, 0x0861, 0x10A2, 0x0861, 0x0020, 0x0000, 0x0861, 0x20E3, 0x3924, 0x5207, 0x20E3,
  0x2125, 0x2104, 0x1082, 0x28E3, 0x2082, 0x1082, 0x4228, 0x31A6, 0x18C3, 0x5249, 0x61A6, 0x0800, 0x0000, 0x1082, 0x1041, 0x1040,
  0x3944, 0x3104, 0x0020, 0x2104, 0x31A6, 0x39C7, 0x18C2, 0x0000, 0x18A2, 0x49E7, 0x2924, 0x3965, 0x28E3, 0x2082, 0x28A2, 0x7A07,
  0x4903, 0x2061, 0x7A28, 0x61A6, 0x1061, 0x18A2, 0x8000, 0x9020, 0xA0E2, 0x7040, 0x9A89, 0x4964, 0x5061, 0x5881, 0x40E3, 0x4103,
  0x2020, 0x1820, 0x1861, 0x1020, 0x1020, 0x0000, 0x0000, 0x0000, 0x0000, 0x0000, 0x0000, 0x2903, 0x41E7, 0x49E7, 0x62AA, 0x6B2C,
  0x5A8A, 0x5248, 0x20C3, 0x0000, 0x0000, 0x0000, 0x0840, 0x0020, 0x0861, 0x1082, 0x18C3, 0x1041, 0x3944, 0x18C3, 0x0841, 0x2125,
  0x2104, 0x0861, 0x18C2, 0x3124, 0x3144, 0x18A2, 0x0020, 0x0000, 0x10A2, 0x1061, 0x1061, 0x0841, 0x2924, 0x2924, 0x2104, 0x4081,
  0x8A07, 0x41A6, 0x1082, 0x5289, 0x2965, 0x4103, 0x7903, 0x48A2, 0x2924, 0x5249, 0x3165, 0x2945, 0x2945, 0x18C3, 0x20C3, 0x5A28,
  0x2903, 0x1041, 0x0000, 0x0020, 0x4081, 0x9902, 0x5103, 0x30A2, 0xB206, 0xB964, 0x3820, 0x4800, 0x9861, 0x7081, 0x50A1, 0x71A6,
  0x5965, 0x0000, 0x2040, 0x1020, 0x1020, 0x2881, 0x3881, 0x1000, 0x1020, 0x0820, 0x0800, 0x0000, 0x0000, 0x0000, 0x0000, 0x0841,
  0x3985, 0x4A07, 0x7B8D, 0x734C, 0x3944, 0x28E3, 0x7BAE, 0x6A89, 0x20A2, 0x0000, 0x0820, 0x0861, 0x20A2, 0x0820, 0x0000, 0x0020,
  0x10A2, 0x28A2, 0x40E3, 0x0841, 0x0882, 0x2945, 0x39A6, 0x3124, 0x0841, 0x18A2, 0x0861, 0x0020, 0x30C3, 0x40C3, 0x5165, 0x1082,
  0x0000, 0x0841, 0x1081, 0x18A2, 0x20A2, 0x5081, 0x68A2, 0x4903, 0x0861, 0x3186, 0x5A69, 0x9964, 0x7144, 0x3904, 0x6228, 0x6AAA,
  0x3986, 0x20E3, 0x3144, 0x2903, 0x3945, 0x1061, 0x3103, 0x28C2, 0x7ACA, 0x5965, 0x3881, 0x6944, 0x3965, 0x2881, 0xA881, 0x8020,
  0x7881, 0xC0A2, 0x88C2, 0x3040, 0x2841, 0x5081, 0x2841, 0x1041, 0x0800, 0x1040, 0x0820, 0x1861, 0x1840, 0x0820, 0x0000, 0x0000,
  0x0000, 0x0000, 0x0000, 0x18A2, 0x20C3, 0x41E7, 0x5A8A, 0x2924, 0x2944, 0x6B4D, 0x7BAE, 0x39A6, 0x3965, 0x28C2, 0x1840, 0x0000,
  0x1061, 0x0020, 0x1082, 0x2924, 0x0841, 0x0000, 0x0000, 0x18A2, 0x1861, 0x2124, 0x18E3, 0x1082, 0x1081, 0x3145, 0x1082, 0x0020,
  0x0020, 0x0020, 0x48C2, 0xA164, 0x48A2, 0x1082, 0x1082, 0x39C7, 0x18E3, 0x1061, 0x51A6, 0x61E7, 0x6165, 0x4103, 0x0040, 0x3040,
  0x6840, 0x4841, 0x30C2, 0x7965, 0x81A6, 0x4124, 0x1040, 0x1881, 0x1861, 0x40E2, 0x6185, 0x2082, 0x1061, 0x3081, 0xA123, 0x8903,
  0x69A5, 0x0820, 0x18A2, 0xA30B, 0x98C2, 0x5040, 0x6061, 0x7040, 0x3800, 0x2061, 0x2040, 0x3840, 0x1020, 0x2081, 0x1040, 0x1840,
  0x1020, 0x0820, 0x0000, 0x0000, 0x0000, 0x0000, 0x0841, 0x18A2, 0x2903, 0x6B4C, 0x5ACB, 0x8C50, 0x9CD2, 0x5269, 0x1081, 0x5249,
  0x732C, 0x62AA, 0x1040, 0x1082, 0x3924, 0x0000, 0x1082, 0x1061, 0x0000, 0x0861, 0x1082, 0x0861, 0x18A2, 0x0861, 0x0841, 0x18C3,
  0x2945, 0x1082, 0x1882, 0x4000, 0x3800, 0x38E3, 0x28C3, 0x0861, 0x1082, 0x4061, 0x1000, 0x0041, 0x0861, 0x2924, 0x10A2, 0x1061,
  0x40E3, 0x58E3, 0x30C2, 0x4144, 0x38A2, 0x8964, 0x8943, 0x30E3, 0x71C6, 0x78E2, 0x48A1, 0x18A2, 0x3103, 0x28C2, 0x1041, 0x3000,
  0x58A1, 0x3861, 0x2924, 0x3881, 0x8081, 0x88A2, 0x7861, 0x30E3, 0x4124, 0x7923, 0x58A1, 0x2000, 0x30C2, 0x28C2, 0x3123, 0x20A2,
  0x1861, 0x1020, 0x1020, 0x1820, 0x0820, 0x0000, 0x0000, 0x0000, 0x0000, 0x0000, 0x1041, 0x1061, 0x20C3, 0x5249, 0x5AAA, 0x6B2C,
  0x7BCE, 0x41C7, 0x4A07, 0x5228, 0x20E3, 0x0800, 0x2881, 0x38E3, 0x1840, 0x49C6, 0x92A9, 0x0020, 0x1082, 0x1082, 0x0020, 0x0000,
  0x0000, 0x18E3, 0x4208, 0x18A2, 0x0000, 0x0841, 0x10A2, 0x0020, 0x1000, 0xB0E2, 0x90E2, 0x2020, 0x3104, 0x2924, 0x0881, 0x0820,
  0x50E2, 0x4944, 0x18C3, 0x2924, 0x0841, 0x3165, 0x51C7, 0x50C2, 0x1841, 0x4081, 0x5061, 0x1040, 0x3944, 0x4103, 0x6144, 0x5103,
  0x1881, 0x1061, 0x60E3, 0x60C2, 0x3861, 0x5103, 0x1040, 0x3144, 0xB287, 0x89C5, 0x38A2, 0x7903, 0x68E2, 0x5123, 0x40C2, 0x38A2,
  0x2020, 0x1020, 0x2081, 0x2061, 0x2061, 0x1020, 0x0800, 0x0800, 0x0820, 0x0000, 0x0000, 0x0000, 0x0000, 0x0000, 0x0820, 0x28E3,
  0x2904, 0x5249, 0x62EB, 0x6B2C, 0x5289, 0x528A, 0x936D, 0x82CA, 0x1881, 0x18A2, 0x4207, 0x1882, 0x1861, 0x41A6, 0x3944, 0x1040,
  0x1800, 0x1061, 0x0020, 0x0840, 0x0841, 0x0841, 0x18C3, 0x10A2, 0x1041, 0x4103, 0x1061, 0x0000, 0x1061, 0x0020, 0x2861, 0x60A1,
  0x6103, 0x1841, 0x1082, 0x20A2, 0x3061, 0x3861, 0x99A4, 0x9206, 0x20E3, 0x18A2, 0x10A2, 0x0841, 0x3965, 0x28E3, 0x20E3, 0x2861,
  0x2041, 0x0020, 0x48E3, 0x9184, 0x50A2, 0x58E2, 0x1840, 0x2061, 0x4061, 0x5840, 0x5145, 0x4186, 0x30E3, 0x28A2, 0x7860, 0x9123,
  0x28C2, 0x1820, 0x2040, 0x4060, 0x3060, 0x0000, 0x1040, 0x2081, 0x1020, 0x1000, 0x0800, 0x1000, 0x0000, 0x0000, 0x0000, 0x0000,
  0x0000, 0x1061, 0x20C3, 0x3145, 0x4A08, 0x736D, 0x4A07, 0x4A07, 0x41E7, 0x5AEB, 0x2965, 0x5248, 0x79E7, 0x8248, 0x3964, 0x20C2,
  0x3145, 0x4A28, 0x4185, 0x4185, 0x3903, 0x1861, 0x0820, 0x1061, 0x0000, 0x1082, 0x18A2, 0x1082, 0x18E4, 0x0020, 0x0000, 0x2041,
  0x18A2, 0x0841, 0x18C2, 0x10A2, 0x3040, 0x88C1, 0x4861, 0x1841, 0x1082, 0x1040, 0x8040, 0xB164, 0x38A2, 0x38E3, 0x20C3, 0x0820,
  0x28A2, 0x1882, 0x0000, 0x1881, 0x3903, 0x2861, 0x4061, 0x30C2, 0x5903, 0x5103, 0x1882, 0x5103, 0x78E3, 0x9123, 0x4860, 0x1020,
  0x1881, 0x48A1, 0x88C2, 0x4060, 0x2020, 0x3020, 0x28C3, 0x2040, 0x3040, 0x2060, 0x1820, 0x0000, 0x0800, 0x1020, 0x1020, 0x0000,
  0x0000, 0x0000, 0x0000, 0x0000, 0x0800, 0x20A2, 0x20A2, 0x3986, 0x736D, 0xA4D3, 0x41E7, 0x62EB, 0xA4F3, 0x734D, 0x938D, 0x40C2,
  0x1861, 0x18A2, 0x6207, 0x30A2, 0x1041, 0x5A28, 0x62A9, 0x62A9, 0x18A2, 0x1061, 0x0820, 0x1861, 0x3881, 0x18A2, 0x0000, 0x1061,
  0x28C2, 0x1820, 0x2081, 0x18C3, 0x0820, 0x0020, 0x18C3, 0x2104, 0x0820, 0x20A2, 0x2800, 0x4860, 0x2860, 0x18A2, 0x1061, 0x1841,
  0x4040, 0x7020, 0x2820, 0x28A2, 0x2061, 0x2820, 0x6903, 0x38A2, 0x0020, 0x2020, 0x40A2, 0x5944, 0x6903, 0x2082, 0x0841, 0x2081,
  0x3881, 0x8964, 0x78C2, 0x90C2, 0x5881, 0x2061, 0x5881, 0x5881, 0x7860, 0x50A1, 0x1861, 0x1040, 0x1861, 0x1820, 0x1820, 0x1840,
  0x1020, 0x0800, 0x0000, 0x0000, 0x0000, 0x0000, 0x0000, 0x0800, 0x1040, 0x28C2, 0x41C7, 0x3144, 0x9451, 0x5248, 0x3165, 0x62CA,
  0x730B, 0x62AA, 0x4A28, 0x4A08, 0x3103, 0x79A5, 0xC3AD, 0x5923, 0x2082, 0x0800, 0x1020, 0x28A2, 0x30E3, 0x6227, 0x4144, 0x28E3,
  0x1861, 0x0000, 0x2081, 0x0820, 0x0820, 0x3081, 0x2840, 0x0820, 0x3985, 0x2103, 0x0021, 0x1061, 0x20E3, 0x0820, 0x2081, 0x40C2,
  0x0840, 0x0820, 0x0820, 0x0820, 0x1061, 0x1820, 0x50A1, 0x3081, 0x2061, 0x5081, 0x8944, 0x48A2, 0x30E3, 0x1061, 0x28A2, 0x38A2,
  0x61E7, 0x51E6, 0x28E3, 0x0800, 0x5040, 0x4020, 0x78C2, 0x88E2, 0x48A2, 0x3081, 0x4081, 0x5040, 0x1820, 0x2040, 0x2861, 0x1840,
  0x0820, 0x0000, 0x1020, 0x0800, 0x0000, 0x0000, 0x0000, 0x0000, 0x0000, 0x0800, 0x1881, 0x28E3, 0x3944, 0x8BEF, 0x5AAA, 0x4A08,
  0x6B4D, 0x9471, 0xC618, 0x41E7, 0x1882, 0xBD75, 0x9C71, 0x20E3, 0x6B0B, 0x4A07, 0x2924, 0xB9C5, 0x9880, 0x4840, 0x38A2, 0x2104,
  0x1861, 0x2081, 0x2061, 0x2081, 0x20A2, 0x1040, 0x1882, 0x28E3, 0x18A2, 0x0841, 0x28C2, 0x1820, 0x0000, 0x0820, 0x18A2, 0x0841,
  0x4020, 0x78C1, 0x40E2, 0x1041, 0x28A2, 0x0000, 0x1820, 0x2840, 0x1800, 0x6081, 0x2861, 0x2881, 0x2882, 0x2041, 0x5840, 0x80A1,
  0x2820, 0x30E3, 0x20A2, 0x4144, 0x38A2, 0x3061, 0x3061, 0x2840, 0x5861, 0x5081, 0x2840, 0x2820, 0x5081, 0x1840, 0x1020, 0x2020,
  0x1840, 0x2060, 0x1020, 0x1020, 0x0800, 0x0000, 0x0000, 0x0000, 0x0000, 0x0000, 0x0000, 0x0000, 0x1861, 0x2081, 0x2903, 0x5A69,
  0x8BEF, 0x83EF, 0xAD34, 0xC5F7, 0x7BAE, 0x6B4D, 0x3986, 0x3985, 0x2103, 0x41C6, 0x4A28, 0x41C6, 0x3165, 0x2103, 0x2903, 0x0862,
  0x5040, 0x80A1, 0x2020, 0x38E3, 0x1882, 0x0000, 0x0000, 0x0800, 0x1840, 0x28C2, 0x1041, 0x28A2, 0x2881, 0x2081, 0x0820, 0x1041,
  0x1861, 0x0000, 0x0840, 0x0020, 0x4820, 0x6040, 0x4881, 0x40A2, 0x3081, 0x30E2, 0x3040, 0x7840, 0x2800, 0x60E2, 0x3081, 0x4040,
  0x3861, 0x1000, 0x4861, 0x30A2, 0x1081, 0x0020, 0x0820, 0x2020, 0x3040, 0x2840, 0x4840, 0x2020, 0x3040, 0x1820, 0x1820, 0x1840,
  0x1840, 0x1840, 0x1000, 0x0800, 0x0800, 0x0000, 0x0000, 0x0000, 0x0000, 0x0000, 0x0000, 0x0000, 0x0800, 0x1040, 0x20A2, 0x3124,
  0x49E7, 0x9451, 0x83EF, 0x3144, 0xA4D2, 0xB596, 0x2904, 0x4A08, 0x62EB, 0x20C3, 0x3965, 0x5A69, 0x18C2, 0x2904, 0x8AA9, 0x6103,
  0x61E6, 0x2081, 0x20A2, 0x20A2, 0x1861, 0x1820, 0x1020, 0x1881, 0x2903, 0x3924, 0x20A2, 0x1061, 0x0800, 0x28C2, 0x50E2, 0x6081,
  0x2061, 0x0820, 0x1020, 0x1861, 0x0000, 0x2881, 0x1841, 0x1800, 0x2040, 0x0820, 0x2020, 0x2840, 0x3881, 0x2000, 0x8020, 0x4040,
  0x0000, 0x5081, 0x5040, 0x2861, 0x1061, 0x0820, 0x2081, 0x1840, 0x0820, 0x0800, 0x3040, 0x2040, 0x1040, 0x2020, 0x0800, 0x0820,
  0x0820, 0x0800, 0x0820, 0x0820, 0x0800, 0x0000, 0x0000, 0x0000, 0x0000, 0x0000, 0x0000, 0x0000, 0x1040, 0x28A2, 0x28C2, 0x5228,
  0x5248, 0x5269, 0x9CD3, 0x630C, 0x9CB2, 0x9471, 0x3124, 0x3103, 0xB513, 0x9C0F, 0x1061, 0x2924, 0x4A08, 0x3986, 0x6A28, 0x30E3,
  0x0000, 0x3820, 0x6881, 0x4881, 0x28A2, 0x30A2, 0x50C3, 0x70C2, 0x7103, 0x30A2, 0x1861, 0x4944, 0x1881, 0x3124, 0x20E3, 0x0820,
  0x0000, 0x2020, 0x5861, 0x1020, 0x1020, 0x0800, 0x1020, 0x1040, 0x1000, 0x1820, 0x1000, 0x2081, 0x30E3, 0x1020, 0x1840, 0x1820,
  0x2841, 0x5061, 0x3040, 0x1020, 0x1000, 0x1020, 0x0840, 0x1861, 0x1020, 0x1800, 0x1820, 0x1000, 0x0800, 0x1000, 0x0800, 0x1820,
  0x0800, 0x0000, 0x0000, 0x0000, 0x0000, 0x0000, 0x0000, 0x0000, 0x0000, 0x0000, 0x0000, 0x1041, 0x20A2, 0x4185, 0x41A6, 0x5207,
  0x7B4C, 0xAD14, 0xA4F3, 0x83EF, 0x5269, 0x4A07, 0x1881, 0x5248, 0xB555, 0xB534, 0x5A69, 0x3860, 0x7248, 0x41A6, 0x1041, 0x4185,
  0x9B6B, 0x8AA9, 0x4144, 0x3186, 0x20E3, 0x28A2, 0x2041, 0x0020, 0x0000, 0x3820, 0x6820, 0x4061, 0x30A2, 0x2881, 0x5943, 0x3103,
  0x1861, 0x0000, 0x1041, 0x4985, 0x2081, 0x0000, 0x0800, 0x0800, 0x0800, 0x1020, 0x0000, 0x0800, 0x0800, 0x0820, 0x1020, 0x1020,
  0x0000, 0x0800, 0x2040, 0x2060, 0x1020, 0x1020, 0x1020, 0x0820, 0x0000, 0x0800, 0x0800, 0x0800, 0x0800, 0x0800, 0x0000, 0x0000,
  0x0000, 0x0000, 0x0000, 0x0000, 0x0000, 0x0000, 0x0000, 0x0000, 0x0000, 0x0000, 0x1861, 0x28C2, 0x3944, 0x4185, 0x5AAA, 0x838E,
  0x83AE, 0x9430, 0x4A28, 0xA4D3, 0x5A89, 0x20C3, 0x5269, 0x5249, 0x4A28, 0x3944, 0x81E6, 0xAAEA, 0x69E7, 0x30E3, 0x3124, 0x49A6,
  0x2924, 0x50C2, 0xB9E5, 0x9185, 0x28A2, 0x20E3, 0x18A2, 0x28C3, 0x4144, 0x50A2, 0x58C2, 0x2020, 0x3081, 0x3104, 0x3965, 0x41A6,
  0x30C2, 0x2081, 0x1840, 0x38C2, 0x28C2, 0x3881, 0x4881, 0x0000, 0x0000, 0x0000, 0x0000, 0x0000, 0x0000, 0x0000, 0x0000, 0x0000,
  0x0000, 0x0000, 0x0000, 0x0000, 0x0000, 0x0000, 0x0000, 0x0000, 0x0000, 0x0000, 0x0000, 0x0000, 0x0000, 0x0000, 0x0000, 0x0000,
  0x0000, 0x0000, 0x0000, 0x0000, 0x0820, 0x1020, 0x1061, 0x20C2, 0x4185, 0x49E7, 0x5A48, 0x6269, 0x7B6D, 0xB575, 0x62CB, 0x5A8A,
  0x5A49, 0xCE38, 0xDE79, 0x6A69, 0x8C0F, 0xA4D2, 0x3165, 0x18C2, 0x4986, 0xAACA, 0x79A6, 0x4020, 0x6103, 0x40E3, 0x1020, 0x2924,
  0x1882, 0x4185, 0x1020, 0x6800, 0xA8A1, 0x6081, 0x2881, 0x10C3, 0x7964, 0xA123, 0x3820, 0x3000, 0x1000, 0x1840, 0x3103, 0x20A2,
  0x2903, 0x1882, 0x1861, 0x1861, 0x28A2, 0x20C2, 0x1861, 0x2061, 0x0000, 0x0020, 0x0000, 0x0000, 0x0000, 0x0000, 0x0000, 0x0000,
  0x0000, 0x0000, 0x0000, 0x0000, 0x0000, 0x0000, 0x0000, 0x0000, 0x0000, 0x0000, 0x0000, 0x0000, 0x0000, 0x0800, 0x0820, 0x0800,
  0x0820, 0x1861, 0x1881, 0x20C2, 0x3145, 0x41A6, 0x3144, 0x41C6, 0x5A69, 0x4A07, 0x9430, 0x8C10, 0x5207, 0xACF3, 0xBDB6, 0xAD34,
  0x20E3, 0x20A2, 0x9471, 0xACF3, 0x9AE9, 0x5186, 0x5269, 0x28E3, 0x41E7, 0x20A2, 0x60E2, 0x89C6, 0x30C2, 0x2061, 0x4103, 0x79C5,
  0x5923, 0x1000, 0x39A6, 0x8B6C, 0x30A2, 0x5800, 0xA923, 0x9943, 0x0821, 0x4040, 0x8020, 0x6903, 0x4185, 0x49E7, 0x1840, 0x1061,
  0x0820, 0x0000, 0x1861, 0x5965, 0x38C2, 0x1061, 0x20A2, 0x1041, 0x28E3, 0x1881, 0x20A2, 0x1881, 0x1061, 0x0840, 0x0820, 0x1041,
  0x1041, 0x1881, 0x1061, 0x1061, 0x1041, 0x20C2, 0x1881, 0x1040, 0x20C3, 0x1882, 0x20A2, 0x20A2, 0x20C3, 0x3945, 0x3985, 0x5248,
  0x41C7, 0x5A8A, 0x2904, 0x734D, 0x7BAE, 0x3986, 0x6B2C, 0x5ACB, 0x9430, 0x4A28, 0x0841, 0x3165, 0x20A2, 0x628A, 0x7BAE, 0x5A8A,
  0x62AA, 0x5248, 0x20C2, 0x5A27, 0x7207, 0x4103, 0x0820, 0x4A07, 0x5A48, 0x6A68, 0x2881, 0x38C3, 0x1861, 0x5082, 0x6020, 0xA964,
  0xDA88, 0xB1E6, 0x48C2, 0x4165, 0x28C2, 0x1861, 0x3820, 0xB081, 0x8081, 0x5081, 0x40C2, 0x1840, 0x20A2, 0x4164, 0x1040, 0x0000,
  0x0000, 0x0000, 0x1861, 0x3061, 0x3881, 0x49E6, 0x28E3, 0x38A2, 0x20C3, 0x3124, 0x2904, 0x18A2, 0x18A2, 0x2924, 0x2944, 0x20E3,
  0x3965, 0x20C2, 0x3986, 0x1081, 0x5269, 0x3165, 0x2103, 0x5AAA, 0x41E7, 0x62CB, 0x39A6, 0x62AA, 0x2924, 0x732C, 0x8BEF, 0x62EB,
  0x18C3, 0x4A08, 0x8C51, 0x9492, 0x3904, 0x830B, 0x41C6, 0x3165, 0x8BEF, 0x2104, 0x62EB, 0x8C0F, 0x3145, 0x20E3, 0x5A89, 0x1881,
  0x732C, 0x41C7, 0x0820, 0x20C3, 0x4A28, 0x3904, 0x7104, 0x6861, 0x40A2, 0x4903, 0x6A48, 0x1881, 0x3800, 0x5000, 0x3800, 0x6020,
  0xC902, 0x90C2, 0x0800, 0x1000, 0x1840, 0x1840, 0x5820, 0x8840, 0x6061, 0x3144, 0x3103, 0x1061, 0x30E3, 0x5A07, 0x28C2, 0x1041,
  0x1061, 0x1061, 0x0000, 0x1020, 0x28A2, 0x30E3, 0x68A1, 0x20A2, 0x18A2, 0x1082, 0x38E3, 0x1881, 0x4144, 0x3903, 0x3145, 0x4228,
  0x2924, 0x20E3, 0x1061, 0x41A6, 0x2924, 0x3186, 0x20E3, 0x2924, 0x39A6, 0x1082, 0x62EB, 0x2104, 0x49E7, 0x5249, 0x3145, 0x20E3,
  0x3124, 0x736D, 0x730C, 0x5185, 0x3861, 0x1840, 0x0861, 0x630C, 0x528A, 0x41E7, 0x83EF, 0x6AEB, 0x18C3, 0x1082, 0x1881, 0x3944,
  0x3124, 0x20A2, 0x4124, 0x20C2, 0x48A2, 0x98A2, 0xD287, 0x88A1, 0x38C2, 0x5985, 0x2081, 0x2820, 0x5020, 0x3000, 0x2020, 0x5820,
  0x6081, 0x2881, 0x38A2, 0x7840, 0x8061, 0x3061, 0x2081, 0x1800, 0x0820, 0x20A2, 0x1861, 0x4164, 0x51C6, 0x20A2, 0x4123, 0x30A2,
  0x1040, 0x28A2, 0x1861, 0x0820, 0x30E3, 0x0000, 0x0841, 0x1041, 0x4944, 0x2081, 0x4081, 0x3881, 0x40C2, 0x28C3, 0x28E3, 0x18C3,
  0x59A5, 0x7A48, 0x1061, 0x2124, 0x2945, 0x1082, 0x20E3, 0x0820, 0x41C6, 0x41E7, 0x1861, 0x41C7, 0x2904, 0x2104, 0x1882, 0x28C2,
  0x38E3, 0x7227, 0x3944, 0x0820, 0x0000, 0x3185, 0x39A6, 0x1061, 0x4903, 0x51C6, 0x3124, 0x2903, 0x1082, 0x1061, 0x28C2, 0x2861,
  0x3861, 0x20C2, 0x28A2, 0x7081, 0x8923, 0xB922, 0x4861, 0x18A2, 0x4164, 0x3881, 0x8164, 0x8903, 0x3081, 0x1020, 0x1820, 0x3103,
  0x6184, 0x7081, 0x6840, 0x40E2, 0x39A6, 0x1061, 0x1861, 0x1020, 0x28A2, 0x1861, 0x1861, 0x20C3, 0x59A5, 0x6902, 0x38C2, 0x4103,
  0x30C2, 0x6103, 0x3881, 0x0000, 0x0000, 0x38E3, 0x30C2, 0x0840, 0x2861, 0x3061, 0x3145, 0x2903, 0x0841, 0x38A2, 0x40A1, 0x0041,
  0x18A2, 0x18A2, 0x51C6, 0x20C2, 0x2081, 0x30E3, 0x0861, 0x1040, 0x5924, 0x20A2, 0x0841, 0x1041, 0x3965, 0x28E3, 0x20A2, 0x1881,
  0x0841, 0x1061, 0x20C3, 0x20C2, 0x18C3, 0x40C2, 0x3881, 0x1040, 0x2061, 0x28C2, 0x40A2, 0x5944, 0x50E2, 0x38C2, 0x1040, 0x2820,
  0x9040, 0xB020, 0x7000, 0x4820, 0x30A2, 0x18A2, 0x0820, 0x2081, 0x30C2, 0x28C2, 0x3040, 0x88A1, 0x4820, 0x6820, 0x6081, 0x1840,
  0x10A2, 0x1041, 0x1861, 0x1820, 0x0800, 0x2040, 0x30E2, 0x1882, 0x1882, 0x2881, 0x3040, 0x2061, 0x5964, 0x71E5, 0x9943, 0x0820,
  0x1840, 0x28A2, 0x0000, 0x2040, 0x2040, 0x18C2, 0x20C3, 0x0841, 0x2061, 0x1020, 0x0000, 0x0841, 0x2061, 0x7103, 0x2881, 0x30E3,
  0x2081, 0x1061, 0x18A2, 0x2800, 0x50C2, 0x2081, 0x2903, 0x28A2, 0x1040, 0x3145, 0x20C2, 0x61A6, 0x6A68, 0x1061, 0x0000, 0x2945,
  0x2104, 0x20A2, 0x1861, 0x1020, 0x4061, 0x4020, 0x3861, 0x5861, 0x7881, 0x3881, 0x30C2, 0x40C2, 0x9103, 0x8020, 0x90A2, 0x7061,
  0x4020, 0x3820, 0x0840, 0x0841, 0x0861, 0x5040, 0xA040, 0x7820, 0x6820, 0x4840, 0x3081, 0x1861, 0x0820, 0x3103, 0x7268, 0x2861,
  0x0800, 0x2040, 0x30A2, 0x38A2, 0x2881, 0x2041, 0x1800, 0x78E2, 0x9984, 0x1061, 0x0820, 0x0820, 0x1861, 0x1040, 0x0000, 0x0820,
  0x20C3, 0x1861, 0x0820, 0x0861, 0x1082, 0x1040, 0x4081, 0x1000, 0x1061, 0x1081, 0x0861, 0x18C2, 0x2841, 0x78A1, 0x2040, 0x1061,
  0x2081, 0x1041, 0x18A2, 0x3924, 0x8903, 0x7164, 0x49E6, 0x20C3, 0x0000, 0x3103, 0x3924, 0x1861, 0x2041, 0x79C6, 0x30E3, 0x1820,
  0x2820, 0x5040, 0x3040, 0x5A28, 0x2903, 0x1000, 0x2000, 0x7820, 0x6000, 0x4000, 0xB0E1, 0x5081, 0x5903, 0x2040, 0x1800, 0x3020,
  0x2040, 0x1020, 0x38E2, 0x3081, 0x0800, 0x1081, 0x7164, 0xA9C5, 0x5060, 0x1081, 0x0820, 0x5081, 0x8964, 0x5903, 0x58E2, 0x5903,
  0x38E3, 0x1040, 0x0800, 0x1061, 0x1040, 0x0000, 0x0820, 0x2820, 0x1841, 0x20A2, 0x10A2, 0x0881, 0x0000, 0x2881, 0x1861, 0x0000,
  0x0000, 0x0841, 0x1040, 0x28A2, 0x6144, 0x2061, 0x0820, 0x1841, 0x0841, 0x20E3, 0x1881, 0x2020, 0x4840, 0x89A5, 0x4944, 0x0000,
  0x5040, 0x78E2, 0x2840, 0x2020, 0x4881, 0x2020, 0x18A2, 0x4944, 0x38A2, 0x1040, 0x2040, 0x40E3, 0x3103, 0x0841, 0x2081, 0x4924,
  0x3000, 0xA081, 0x9081, 0x6881, 0x3020, 0x0000, 0x0861, 0x0820, 0x0820, 0x2081, 0x1861, 0x18A2, 0x1881, 0x5820, 0x8800, 0x4840,
  0x18E3, 0x20C2, 0x40C2, 0x50A1, 0x1020, 0x2081, 0x7289, 0x2820, 0x3820, 0x1861, 0x1061, 0x2020, 0x6861, 0x2020, 0x20A2, 0x3103,
  0x1061, 0x0000, 0x0820, 0x1861, 0x20A2, 0x1061, 0x18A2, 0x1000, 0x5840, 0x4040, 0x3861, 0x1020, 0x1840, 0x0000, 0x18C3, 0x18C2,
  0x1061, 0x3840, 0x5860, 0x2840, 0x0000, 0x3800, 0xA8C2, 0x90E2, 0x2820, 0x30E3, 0x20A2, 0x0020, 0x28E3, 0x5923, 0x40A1, 0x2861,
  0x2881, 0x40E2, 0x28A2, 0x28C2, 0x4923, 0x2840, 0x4000, 0x3020, 0x1800, 0x1820, 0x0800, 0x1861, 0x1881, 0x0000, 0x0000, 0x49E6,
  0x49E6, 0x0000, 0x0800, 0x2061, 0x20C2, 0x20C2, 0x1881, 0x20C2, 0x1840, 0x2000, 0x30A2, 0x5820, 0x4820, 0x1020, 0x3061, 0x4820,
  0x1000, 0x0820, 0x1861, 0x2881, 0x1840, 0x1061, 0x1061, 0x2081, 0x1020, 0x1040, 0x5861, 0x8020, 0x4000, 0x4861, 0x50A2, 0x1840,
  0x0820, 0x1081, 0x0840, 0x0820, 0x1020, 0x3081, 0x28A2, 0x20E3, 0x18A2, 0x4000, 0x6040, 0x2020, 0x18C3, 0x2924, 0x20E3, 0x0000,
  0x3903, 0x8185, 0x4881, 0x1020, 0x2881, 0x2061, 0x5081, 0x4840, 0x1840, 0x0820, 0x1881, 0x1881, 0x0820, 0x0000, 0x1040, 0x28E3,
  0x3124, 0x1861, 0x1041, 0x1861, 0x3165, 0x20E3, 0x2081, 0x30C2, 0x38E2, 0x1020, 0x30E3, 0x58A2, 0xB964, 0x4820, 0x2020, 0x0820,
  0x3820, 0x4820, 0x1800, 0x0820, 0x2861, 0x6081, 0x3840, 0x28E3, 0x20C3, 0x1061, 0x1040, 0x2840, 0x4800, 0x3820, 0x0800, 0x38A2,
  0x4123, 0x3081, 0x30A2, 0x1040, 0x0000, 0x0800, 0x2840, 0x0800, 0x1061, 0x1882, 0x20A2, 0x1861, 0x0840, 0x0841, 0x1040, 0x20A2,
  0x1061, 0x0820, 0x48A2, 0x3840, 0x1820, 0x2040, 0x0020, 0x1840, 0x3081, 0x28A2, 0x1040, 0x1040, 0x1041, 0x1061, 0x1861, 0x20C2,
  0x2944, 0x3103, 0x2061, 0x3103, 0x2082, 0x5945, 0x5903, 0x2081, 0x2881, 0x1840, 0x1820, 0x70E2, 0x70A1, 0x0820, 0x0840, 0x0800,
  0x5060, 0x6081, 0x1820, 0x1040, 0x5040, 0x7020, 0x1820, 0x20A2, 0x20A2, 0x0020, 0x0000, 0x2020, 0x3020, 0x0820, 0x0840, 0x20A2,
  0x3061, 0x4081, 0x3861, 0x1820, 0x28A1, 0x2040, 0x1040, 0x1061, 0x0820, 0x18A2, 0x0820, 0x0820, 0x1040, 0x3041, 0x4081, 0x2061,
  0x0000, 0x0820, 0x1820, 0x1020, 0x1861, 0x1040, 0x20A2, 0x1861, 0x1040, 0x0000, 0x0820, 0x0820, 0x0000, 0x0820, 0x38C2, 0x48E2,
  0x2881, 0x1020, 0x5123, 0x6164, 0x6081, 0x5880, 0x0000, 0x2861, 0x5081, 0x4061, 0x6060, 0x0820, 0x0020, 0x2020, 0x4040, 0x2040,
  0x0841, 0x1061, 0x3881, 0x1020, 0x1840, 0x3881, 0x1841, 0x0820, 0x1020, 0x3800, 0x3020, 0x1040, 0x0841, 0x1040, 0x1020, 0x2000,
  0x2820, 0x1841, 0x2861, 0x0820, 0x1061, 0x0841, 0x1061, 0x1040, 0x0000, 0x1040, 0x3881, 0x3040, 0x3061, 0x2040, 0x20A2, 0x0000,
  0x0000, 0x0820, 0x1861, 0x30A1, 0x2860, 0x20A2, 0x20E3, 0x0000, 0x1881, 0x20C3, 0x28E3, 0x2061, 0x2840, 0x40C2, 0x2081, 0x3881,
  0x50E2, 0x1000, 0x0800, 0x28E2, 0x5984, 0x8923, 0x91E5, 0x0820, 0x0820, 0x0820, 0x0820, 0x0820, 0x1041, 0x0841, 0x0820, 0x0000,
  0x0820, 0x2061, 0x2860, 0x2020, 0x0000, 0x1020, 0x1040, 0x1041, 0x1881, 0x1020, 0x0820, 0x0000, 0x0000, 0x1861, 0x20A2, 0x0820,
  0x2061, 0x2840, 0x2040, 0x1040, 0x0820, 0x1000, 0x2040, 0x2040, 0x1020, 0x28C2, 0x20A2, 0x1041, 0x0020, 0x0800, 0x1860, 0x20A2,
  0x20E3, 0x18A2, 0x28C2, 0x3144, 0x1020, 0x28A1, 0x51A6, 0x3124, 0x3123, 0x3103, 0x28C2, 0x30A2, 0x0820, 0x0000, 0x30A1, 0x6123,
  0x0820, 0x1040, 0x2061, 0x1020, 0x0000, 0x0840, 0x1861, 0x0820, 0x0000, 0x2020, 0x3061, 0x1061, 0x0020, 0x1020, 0x1841, 0x1040,
  0x1040, 0x1040, 0x1040, 0x1040, 0x2081, 0x20A2, 0x0840, 0x1820, 0x2040, 0x1840, 0x2881, 0x2881, 0x0820, 0x0000, 0x0000, 0x0000,
  0x0820, 0x1861, 0x20A2, 0x28E3, 0x18A2, 0x0840, 0x0840, 0x2903, 0x1040, 0x2081, 0x59E6, 0x30E3, 0x3861, 0x8923, 0x60C2, 0x3881,
  0x2881, 0x38E2, 0x38C2, 0x2861, 0x6143, 0x2020, 0x1020, 0x0800, 0x1840, 0x2061, 0x0820, 0x0000, 0x2061, 0x2041, 0x0840, 0x0000,
  0x0000, 0x1841, 0x1020, 0x0800, 0x0820, 0x1840, 0x2061, 0x1020, 0x1041, 0x0840, 0x0000, 0x0800, 0x0000, 0x1040, 0x2081, 0x1040,
  0x0020, 0x1040, 0x1040, 0x1881, 0x1040, 0x1840, 0x2061, 0x1861, 0x5145, 0x38C3, 0x0820, 0x1840, 0x3061, 0x3860, 0x38E3, 0x2861,
  0x4820, 0x5040, 0x2841, 0x1020, 0x2040, 0x3060, 0x0000, 0x1000, 0x3061, 0x2040, 0x1020, 0x0000, 0x1840, 0x1820, 0x0800, 0x1020,
  0x0800, 0x0000, 0x1820, 0x1020, 0x0000, 0x1020, 0x1840, 0x0820, 0x0000, 0x0840, 0x0840, 0x0020, 0x0000, 0x0000, 0x3103, 0x3965,
  0x1040, 0x3924, 0x28A2, 0x4103, 0x4144, 0x4103, 0x2040, 0x0000, 0x0000, 0x6165, 0x6249, 0x0800, 0x50A1, 0x78C2, 0x58A2, 0x38C2,
  0x2040, 0x3040, 0x1020, 0x30C2, 0x1840, 0x0820, 0x1861, 0x0000, 0x2061, 0x3061, 0x2041, 0x3061, 0x1000, 0x1020, 0x3060, 0x3861,
  0x3861, 0x2861, 0x6123, 0x38C2, 0x0841, 0x20C2, 0x1882, 0x3124, 0x3103, 0x20A2, 0x28A2, 0x28E3, 0x1061, 0x30C2, 0x30C2, 0x4840,
  0x70C2, 0x58E3, 0x4903, 0x1020, 0x18C2, 0x4882, 0xCAEA, 0x50E2, 0x2881, 0x6123, 0x4081, 0x30A1, 0x3944, 0x28C2, 0x30A2, 0x4924,
  0x4144, 0x20A2, 0x28C2, 0x30C2, 0x28E3, 0x49C7, 0x18A2, 0x6144, 0x38C2, 0x2881, 0x30C2, 0x3124, 0x20C2, 0x2904, 0x30C2, 0x5123,
  0x5924, 0x3903, 0x2000, 0x9164, 0x38E3, 0x0820, 0x58A1, 0xCB6B, 0xC40E, 0x9A48, 0x28A2, 0x1861, 0x2861, 0x6081, 0x7923, 0x4964,
  0x5184, 0x20A1, 0x0000, 0x30A2, 0x30E3, 0x3965, 0x3165, 0x1881, 0x4185, 0x3144, 0x0820, 0x5164, 0x69C5, 0x1820, 0x5903, 0x6923,
  0x38A2, 0x69C6, 0x5081, 0x7820, 0x4944, 0x18A2, 0x48A1, 0xC226, 0xC9C5, 0x8923, 0x4924, 0x30A1, 0x38E3, 0x0800, 0x58E2, 0x4081,
  0x1061, 0x3124, 0x0000, 0x2020, 0xA1C5, 0x50A1, 0x3840, 0x6944, 0x3123, 0x2881, 0x59A5, 0x30A2, 0x1840, 0x2903, 0x3903, 0x88C1,
  0xB963, 0x4124,
};
static const uint16_t closed_off[240] = {
  0, 0, 0, 0, 0, 0, 0, 0, 0, 0, 0, 0, 0, 0, 0, 0,
  0, 0, 0, 0, 0, 0, 0, 0, 0, 0, 0, 0, 0, 0, 0, 0,
  0, 0, 0, 0, 0, 0, 0, 0, 0, 0, 0, 0, 0, 0, 0, 0,
  0, 0, 0, 0, 0, 0, 0, 0, 0, 0, 0, 0, 0, 0, 0, 0,
  0, 0, 0, 0, 0, 0, 0, 0, 9, 35, 68, 106, 148, 194, 245, 300,
  358, 418, 480, 544, 610, 677, 746, 817, 890, 965, 1040, 1116, 1193, 1271, 1349, 1429,
  1509, 1590, 1672, 1755, 1838, 1922, 2006, 2090, 2175, 2260, 2345, 2430, 2515, 2600, 2685, 2771,
  2857, 2943, 3029, 3115, 3201, 3287, 3373, 3459, 3545, 3631, 3717, 3803, 3889, 3975, 4061, 4147,
  4232, 4316, 4400, 4483, 4565, 4647, 4728, 4808, 4888, 4967, 5045, 5123, 5199, 5273, 5345, 5415,
  5483, 5549, 5613, 5675, 5735, 5792, 5845, 5894, 5940, 5982, 6018, 6046, 6065, 6066, 6066, 6066,
  6066, 6066, 6066, 6066, 6066, 6066, 6066, 6066, 6066, 6066, 6066, 6066, 6066, 6066, 6066, 6066,
  6066, 6066, 6066, 6066, 6066, 6066, 6066, 6066, 6066, 6066, 6066, 6066, 6066, 6066, 6066, 6066,
  6066, 6066, 6066, 6066, 6066, 6066, 6066, 6066, 6066, 6066, 6066, 6066, 6066, 6066, 6066, 6066,
  6066, 6066, 6066, 6066, 6066, 6066, 6066, 6066, 6066, 6066, 6066, 6066, 6066, 6066, 6066, 6066,
  6066, 6066, 6066, 6066, 6066, 6066, 6066, 6066, 6066, 6066, 6066, 6066, 6066, 6066, 6066, 6066,
};
static const uint8_t closed_x0[240] = {
  0, 0, 0, 0, 0, 0, 0, 0, 0, 0, 0, 0, 0, 0, 0, 0, 0, 0, 0, 0, 0, 0, 0, 0,
  0, 0, 0, 0, 0, 0, 0, 0, 0, 0, 0, 0, 0, 0, 0, 0, 0, 0, 0, 0, 0, 0, 0, 0,
  0, 0, 0, 0, 0, 0, 0, 0, 0, 0, 0, 0, 0, 0, 0, 0, 0, 0, 0, 0, 0, 0, 0, 120,
  110, 108, 105, 103, 101, 98, 96, 94, 93, 92, 91, 90, 89, 88, 87, 86, 85, 85, 84, 84, 83, 83, 82, 82,
  81, 81, 80, 80, 80, 80, 80, 79, 79, 79, 79, 79, 79, 79, 78, 78, 78, 78, 78, 78, 78, 78, 78, 78,
  78, 78, 78, 78, 78, 78, 78, 79, 79, 79, 80, 80, 80, 81, 81, 81, 82, 82, 82, 83, 84, 85, 86, 87,
  88, 89, 90, 91, 92, 94, 96, 97, 99, 102, 106, 110, 124, 0, 0, 0, 0, 0, 0, 0, 0, 0, 0, 0,
  0, 0, 0, 0, 0, 0, 0, 0, 0, 0, 0, 0, 0, 0, 0, 0, 0, 0, 0, 0, 0, 0, 0, 0,
  0, 0, 0, 0, 0, 0, 0, 0, 0, 0, 0, 0, 0, 0, 0, 0, 0, 0, 0, 0, 0, 0, 0, 0,
  0, 0, 0, 0, 0, 0, 0, 0, 0, 0, 0, 0, 0, 0, 0, 0, 0, 0, 0, 0, 0, 0, 0, 0,
};
static const uint8_t closed_x1[240] = {
  0, 0, 0, 0, 0, 0, 0, 0, 0, 0, 0, 0, 0, 0, 0, 0, 0, 0, 0, 0, 0, 0, 0, 0,
  0, 0, 0, 0, 0, 0, 0, 0, 0, 0, 0, 0, 0, 0, 0, 0, 0, 0, 0, 0, 0, 0, 0, 0,
  0, 0, 0, 0, 0, 0, 0, 0, 0, 0, 0, 0, 0, 0, 0, 0, 0, 0, 0, 0, 0, 0, 0, 129,
  136, 141, 143, 145, 147, 149, 151, 152, 153, 154, 155, 156, 156, 157, 158, 159, 160, 160, 160, 161, 161, 161, 162, 162,
  162, 163, 163, 163, 164, 164, 164, 164, 164, 164, 164, 164, 164, 164, 164, 164, 164, 164, 164, 164, 164, 164, 164, 164,
  164, 164, 164, 164, 164, 164, 164, 164, 163, 163, 163, 162, 162, 162, 161, 161, 161, 160, 160, 159, 158, 157, 156, 155,
  154, 153, 152, 151, 149, 147, 145, 143, 141, 138, 134, 129, 125, 0, 0, 0, 0, 0, 0, 0, 0, 0, 0, 0,
  0, 0, 0, 0, 0, 0, 0, 0, 0, 0, 0, 0, 0, 0, 0, 0, 0, 0, 0, 0, 0, 0, 0, 0,
  0, 0, 0, 0, 0, 0, 0, 0, 0, 0, 0, 0, 0, 0, 0, 0, 0, 0, 0, 0, 0, 0, 0, 0,
  0, 0, 0, 0, 0, 0, 0, 0, 0, 0, 0, 0, 0, 0, 0, 0, 0, 0, 0, 0, 0, 0, 0, 0,
};
static const int16_t up_start[240] = {
  -1, -1, -1, -1, -1, -1, -1, -1, -1, -1, -1, -1, -1, -1, -1, -1,
  -1, -1, -1, -1, -1, -1, -1, -1, -1, -1, -1, -1, -1, -1, -1, -1,
  -1, -1, -1, -1, -1, -1, -1, -1, -1, -1, -1, -1, -1, -1, -1, -1,
  -1, -1, -1, -1, -1, -1, -1, -1, -1, -1, -1, -1, -1, -1, -1, -1,
  -1, -1, -1, -1, -1, -1, -1, -1, -1, -1, -1, -1, -1, -1, 1764, 1644,
  1568, 1536, 1504, 1472, 1440, 1416, 1400, 1384, 1368, 1352, 1336, 1320, 1304, 1288, 1272, 1261,
  1254, 1247, 1240, 1233, 1226, 1219, 1212, 1205, 1198, 1191, 1184, 1177, 1170, 1163, 1159, 1158,
  1156, 1154, 1153, 1151, 1150, 1148, 1146, 1145, 1143, 1142, 1140, 1138, 1137, 1137, 1139, 1141,
  1143, 1146, 1148, 1150, 1152, 1154, 1156, 1158, 1161, 1163, 1165, 1167, 1172, 1180, 1188, 1196,
  1204, 1212, 1220, 1228, 1236, 1244, 1252, 1260, 1274, 1294, 1314, 1334, 1354, 1374, 1394, 1414,
  1450, 1502, 1554, 1606, -1, -1, -1, -1, -1, -1, -1, -1, -1, -1, -1, -1,
  -1, -1, -1, -1, -1, -1, -1, -1, -1, -1, -1, -1, -1, -1, -1, -1,
  -1, -1, -1, -1, -1, -1, -1, -1, -1, -1, -1, -1, -1, -1, -1, -1,
  -1, -1, -1, -1, -1, -1, -1, -1, -1, -1, -1, -1, -1, -1, -1, -1,
  -1, -1, -1, -1, -1, -1, -1, -1, -1, -1, -1, -1, -1, -1, -1, -1,
};
static const int16_t up_edge[240] = {
  -1, -1, -1, -1, -1, -1, -1, -1, -1, -1, -1, -1, -1, -1, -1, -1,
  -1, -1, -1, -1, -1, -1, -1, -1, -1, -1, -1, -1, -1, -1, -1, -1,
  -1, -1, -1, -1, -1, -1, -1, -1, -1, -1, -1, -1, -1, -1, -1, -1,
  -1, -1, -1, -1, -1, -1, -1, -1, -1, -1, -1, -1, -1, -1, -1, -1,
  -1, -1, -1, -1, -1, -1, -1, -1, -1, -1, -1, -1, -1, -1, 1860, 1740,
  1664, 1632, 1600, 1568, 1536, 1512, 1496, 1480, 1464, 1448, 1432, 1416, 1400, 1384, 1368, 1357,
  1350, 1343, 1336, 1329, 1322, 1315, 1308, 1301, 1294, 1287, 1280, 1273, 1266, 1259, 1255, 1254,
  1252, 1250, 1249, 1247, 1246, 1244, 1242, 1241, 1239, 1238, 1236, 1234, 1233, 1233, 1235, 1237,
  1239, 1242, 1244, 1246, 1248, 1250, 1252, 1254, 1257, 1259, 1261, 1263, 1268, 1276, 1284, 1292,
  1300, 1308, 1316, 1324, 1332, 1340, 1348, 1356, 1370, 1390, 1410, 1430, 1450, 1470, 1490, 1510,
  1546, 1598, 1650, 1702, -1, -1, -1, -1, -1, -1, -1, -1, -1, -1, -1, -1,
  -1, -1, -1, -1, -1, -1, -1, -1, -1, -1, -1, -1, -1, -1, -1, -1,
  -1, -1, -1, -1, -1, -1, -1, -1, -1, -1, -1, -1, -1, -1, -1, -1,
  -1, -1, -1, -1, -1, -1, -1, -1, -1, -1, -1, -1, -1, -1, -1, -1,
  -1, -1, -1, -1, -1, -1, -1, -1, -1, -1, -1, -1, -1, -1, -1, -1,
};
static const int16_t seam[240] = {
  -1, -1, -1, -1, -1, -1, -1, -1, -1, -1, -1, -1, -1, -1, -1, -1,
  -1, -1, -1, -1, -1, -1, -1, -1, -1, -1, -1, -1, -1, -1, -1, -1,
  -1, -1, -1, -1, -1, -1, -1, -1, -1, -1, -1, -1, -1, -1, -1, -1,
  -1, -1, -1, -1, -1, -1, -1, -1, -1, -1, -1, -1, -1, -1, -1, -1,
  -1, -1, -1, -1, -1, -1, -1, -1, -1, -1, -1, -1, -1, -1, 1926, 1938,
  1950, 1962, 1974, 1986, 1998, 2010, 2022, 2034, 2046, 2058, 2065, 2068, 2070, 2072, 2075, 2077,
  2080, 2082, 2084, 2087, 2089, 2092, 2094, 2096, 2099, 2101, 2104, 2106, 2108, 2111, 2112, 2111,
  2110, 2109, 2108, 2108, 2107, 2106, 2105, 2104, 2104, 2103, 2102, 2101, 2100, 2100, 2099, 2098,
  2097, 2096, 2094, 2091, 2088, 2085, 2082, 2078, 2075, 2072, 2069, 2066, 2062, 2059, 2056, 2053,
  2050, 2046, 2043, 2040, 2037, 2034, 2029, 2023, 2018, 2012, 2006, 2001, 1995, 1989, 1983, 1978,
  1972, 1966, 1961, 1955, -1, -1, -1, -1, -1, -1, -1, -1, -1, -1, -1, -1,
  -1, -1, -1, -1, -1, -1, -1, -1, -1, -1, -1, -1, -1, -1, -1, -1,
  -1, -1, -1, -1, -1, -1, -1, -1, -1, -1, -1, -1, -1, -1, -1, -1,
  -1, -1, -1, -1, -1, -1, -1, -1, -1, -1, -1, -1, -1, -1, -1, -1,
  -1, -1, -1, -1, -1, -1, -1, -1, -1, -1, -1, -1, -1, -1, -1, -1,
};
static const int16_t lo_edge[240] = {
  -1, -1, -1, -1, -1, -1, -1, -1, -1, -1, -1, -1, -1, -1, -1, -1,
  -1, -1, -1, -1, -1, -1, -1, -1, -1, -1, -1, -1, -1, -1, -1, -1,
  -1, -1, -1, -1, -1, -1, -1, -1, -1, -1, -1, -1, -1, -1, -1, -1,
  -1, -1, -1, -1, -1, -1, -1, -1, -1, -1, -1, -1, -1, -1, -1, -1,
  -1, -1, -1, -1, -1, -1, -1, -1, -1, -1, -1, -1, -1, -1, 1946, 1998,
  2050, 2102, 2137, 2155, 2173, 2191, 2209, 2227, 2245, 2263, 2277, 2286, 2296, 2306, 2315, 2325,
  2334, 2344, 2354, 2363, 2370, 2374, 2378, 2382, 2386, 2390, 2394, 2398, 2402, 2406, 2410, 2414,
  2416, 2417, 2418, 2418, 2419, 2419, 2420, 2421, 2421, 2422, 2422, 2423, 2424, 2422, 2418, 2415,
  2411, 2407, 2403, 2400, 2396, 2392, 2389, 2385, 2381, 2377, 2374, 2370, 2364, 2356, 2348, 2340,
  2332, 2324, 2316, 2308, 2300, 2292, 2284, 2276, 2263, 2245, 2227, 2209, 2191, 2173, 2155, 2137,
  2106, 2062, 2018, 1974, -1, -1, -1, -1, -1, -1, -1, -1, -1, -1, -1, -1,
  -1, -1, -1, -1, -1, -1, -1, -1, -1, -1, -1, -1, -1, -1, -1, -1,
  -1, -1, -1, -1, -1, -1, -1, -1, -1, -1, -1, -1, -1, -1, -1, -1,
  -1, -1, -1, -1, -1, -1, -1, -1, -1, -1, -1, -1, -1, -1, -1, -1,
  -1, -1, -1, -1, -1, -1, -1, -1, -1, -1, -1, -1, -1, -1, -1, -1,
};
static const int16_t lo_start[240] = {
  -1, -1, -1, -1, -1, -1, -1, -1, -1, -1, -1, -1, -1, -1, -1, -1,
  -1, -1, -1, -1, -1, -1, -1, -1, -1, -1, -1, -1, -1, -1, -1, -1,
  -1, -1, -1, -1, -1, -1, -1, -1, -1, -1, -1, -1, -1, -1, -1, -1,
  -1, -1, -1, -1, -1, -1, -1, -1, -1, -1, -1, -1, -1, -1, -1, -1,
  -1, -1, -1, -1, -1, -1, -1, -1, -1, -1, -1, -1, -1, -1, 2026, 2078,
  2130, 2182, 2217, 2235, 2253, 2271, 2289, 2307, 2325, 2343, 2357, 2366, 2376, 2386, 2395, 2405,
  2414, 2424, 2434, 2443, 2450, 2454, 2458, 2462, 2466, 2470, 2474, 2478, 2482, 2486, 2490, 2494,
  2496, 2497, 2498, 2498, 2499, 2499, 2500, 2501, 2501, 2502, 2502, 2503, 2504, 2502, 2498, 2495,
  2491, 2487, 2483, 2480, 2476, 2472, 2469, 2465, 2461, 2457, 2454, 2450, 2444, 2436, 2428, 2420,
  2412, 2404, 2396, 2388, 2380, 2372, 2364, 2356, 2343, 2325, 2307, 2289, 2271, 2253, 2235, 2217,
  2186, 2142, 2098, 2054, -1, -1, -1, -1, -1, -1, -1, -1, -1, -1, -1, -1,
  -1, -1, -1, -1, -1, -1, -1, -1, -1, -1, -1, -1, -1, -1, -1, -1,
  -1, -1, -1, -1, -1, -1, -1, -1, -1, -1, -1, -1, -1, -1, -1, -1,
  -1, -1, -1, -1, -1, -1, -1, -1, -1, -1, -1, -1, -1, -1, -1, -1,
  -1, -1, -1, -1, -1, -1, -1, -1, -1, -1, -1, -1, -1, -1, -1, -1,
};
static const int16_t eye_top[240] = {
  -1, -1, -1, -1, -1, -1, -1, -1, -1, -1, -1, -1, -1, -1, -1, -1,
  -1, -1, -1, -1, -1, -1, -1, -1, -1, -1, -1, -1, -1, -1, -1, -1,
  -1, -1, -1, -1, -1, -1, -1, -1, -1, -1, -1, -1, -1, -1, -1, -1,
  -1, -1, -1, -1, -1, -1, -1, -1, -1, -1, -1, -1, -1, -1, -1, -1,
  -1, -1, -1, -1, -1, -1, -1, -1, -1, -1, -1, -1, -1, -1, 1860, 1740,
  1664, 1632, 1600, 1568, 1536, 1512, 1496, 1480, 1464, 1448, 1432, 1416, 1400, 1384, 1368, 1357,
  1350, 1343, 1336, 1329, 1322, 1315, 1308, 1301, 1294, 1287, 1280, 1273, 1266, 1259, 1255, 1254,
  1252, 1250, 1249, 1247, 1246, 1244, 1242, 1241, 1239, 1238, 1236, 1234, 1233, 1233, 1235, 1237,
  1239, 1242, 1244, 1246, 1248, 1250, 1252, 1254, 1257, 1259, 1261, 1263, 1268, 1276, 1284, 1292,
  1300, 1308, 1316, 1324, 1332, 1340, 1348, 1356, 1370, 1390, 1410, 1430, 1450, 1470, 1490, 1510,
  1546, 1598, 1650, 1702, -1, -1, -1, -1, -1, -1, -1, -1, -1, -1, -1, -1,
  -1, -1, -1, -1, -1, -1, -1, -1, -1, -1, -1, -1, -1, -1, -1, -1,
  -1, -1, -1, -1, -1, -1, -1, -1, -1, -1, -1, -1, -1, -1, -1, -1,
  -1, -1, -1, -1, -1, -1, -1, -1, -1, -1, -1, -1, -1, -1, -1, -1,
  -1, -1, -1, -1, -1, -1, -1, -1, -1, -1, -1, -1, -1, -1, -1, -1,
};
static const int16_t eye_bot[240] = {
  -1, -1, -1, -1, -1, -1, -1, -1, -1, -1, -1, -1, -1, -1, -1, -1,
  -1, -1, -1, -1, -1, -1, -1, -1, -1, -1, -1, -1, -1, -1, -1, -1,
  -1, -1, -1, -1, -1, -1, -1, -1, -1, -1, -1, -1, -1, -1, -1, -1,
  -1, -1, -1, -1, -1, -1, -1, -1, -1, -1, -1, -1, -1, -1, -1, -1,
  -1, -1, -1, -1, -1, -1, -1, -1, -1, -1, -1, -1, -1, -1, 1946, 1998,
  2050, 2102, 2137, 2155, 2173, 2191, 2209, 2227, 2245, 2263, 2277, 2286, 2296, 2306, 2315, 2325,
  2334, 2344, 2354, 2363, 2370, 2374, 2378, 2382, 2386, 2390, 2394, 2398, 2402, 2406, 2410, 2414,
  2416, 2417, 2418, 2418, 2419, 2419, 2420, 2421, 2421, 2422, 2422, 2423, 2424, 2422, 2418, 2415,
  2411, 2407, 2403, 2400, 2396, 2392, 2389, 2385, 2381, 2377, 2374, 2370, 2364, 2356, 2348, 2340,
  2332, 2324, 2316, 2308, 2300, 2292, 2284, 2276, 2263, 2245, 2227, 2209, 2191, 2173, 2155, 2137,
  2106, 2062, 2018, 1974, -1, -1, -1, -1, -1, -1, -1, -1, -1, -1, -1, -1,
  -1, -1, -1, -1, -1, -1, -1, -1, -1, -1, -1, -1, -1, -1, -1, -1,
  -1, -1, -1, -1, -1, -1, -1, -1, -1, -1, -1, -1, -1, -1, -1, -1,
  -1, -1, -1, -1, -1, -1, -1, -1, -1, -1, -1, -1, -1, -1, -1, -1,
  -1, -1, -1, -1, -1, -1, -1, -1, -1, -1, -1, -1, -1, -1, -1, -1,
};
static const uint16_t iris_tex[32768] = {
  0xA100, 0xE160, 0xF160, 0xF160, 0xF1A0, 0xF140, 0xF0C0, 0xF0A0, 0xF0E0, 0xE8E0, 0xD8E0, 0xD8E1, 0xC0A1, 0x9840, 0x8820, 0xA040,
  0xC8A0, 0xE0E0, 0xD8E0, 0xC0A0, 0xA860, 0xA020, 0x9820, 0xA020, 0xA020, 0x9000, 0x7800, 0x5800, 0x4000, 0x4000, 0x5800, 0x8000,
  0x9000, 0x8820, 0x7000, 0x5800, 0x4000, 0x3800, 0x3820, 0x4840, 0x5860, 0x6080, 0x70C0, 0x70C0, 0x68C0, 0x68E0, 0x7120, 0x60E0,
  0x40A0, 0x40A0, 0x5101, 0x6101, 0x60E1, 0x50E0, 0x50E1, 0x5921, 0x5921, 0x38C0, 0x30A0, 0x38C1, 0x40E1, 0x30A0, 0x2060, 0x28C1,
  0xA900, 0xE160, 0xF160, 0xF160, 0xF180, 0xF140, 0xE8C0, 0xF0A0, 0xF0E0, 0xE0E0, 0xD8C0, 0xD0C1, 0xC0A1, 0x9840, 0x8820, 0xA840,
  0xC8A0, 0xD8E0, 0xD8E0, 0xC0A0, 0xB081, 0xA840, 0xA020, 0xA820, 0xA020, 0x9000, 0x8000, 0x6800, 0x5800, 0x5000, 0x6000, 0x7800,
  0x8000, 0x7800, 0x7000, 0x6000, 0x5000, 0x4000, 0x4840, 0x6080, 0x70A0, 0x70A0, 0x70C0, 0x68A0, 0x5880, 0x5080, 0x58C0, 0x48A0,
  0x3880, 0x40A0, 0x5901, 0x6901, 0x60E0, 0x60E0, 0x5901, 0x6121, 0x6141, 0x48E1, 0x38A0, 0x40E1, 0x40E1, 0x30A0, 0x2080, 0x3902,
  0xA900, 0xE160, 0xF160, 0xF160, 0xF180, 0xF140, 0xE8C0, 0xF0A0, 0xF0E0, 0xE0E0, 0xD0C0, 0xC8C1, 0xB8A1, 0x9840, 0x9020, 0xA840,
  0xC8A0, 0xD0C0, 0xD0C0, 0xD0A0, 0xC0A1, 0xB060, 0xB020, 0xA820, 0x9820, 0x8800, 0x8800, 0x7800, 0x7020, 0x6820, 0x6800, 0x7800,
  0x7800, 0x7000, 0x7800, 0x7000, 0x6000, 0x5820, 0x6860, 0x88E1, 0x9101, 0x80E1, 0x70C0, 0x60A0, 0x4860, 0x4060, 0x4880, 0x4080,
  0x3060, 0x48A0, 0x6901, 0x6901, 0x60E0, 0x6100, 0x5900, 0x5101, 0x5101, 0x40C0, 0x38A0, 0x40C0, 0x38C0, 0x28A0, 0x28A1, 0x4963,
  0xA900, 0xE960, 0xF160, 0xF160, 0xF180, 0xF120, 0xE8A0, 0xE8A0, 0xF0C0, 0xE0C0, 0xD0C0, 0xC8A1, 0xB881, 0x9840, 0x9020, 0xA840,
  0xC080, 0xC8A0, 0xD0A0, 0xD8C1, 0xD0C1, 0xC061, 0xB020, 0xA020, 0x8820, 0x8000, 0x9020, 0x9020, 0x8020, 0x7020, 0x7000, 0x7800,
  0x7000, 0x7000, 0x8020, 0x8020, 0x7020, 0x6840, 0x80A1, 0xA142, 0xA142, 0x88E1, 0x70C0, 0x5880, 0x4060, 0x3840, 0x4060, 0x3860,
  0x3860, 0x50A0, 0x6901, 0x60E0, 0x58E0, 0x6900, 0x6100, 0x48C0, 0x40C0, 0x40A0, 0x30A0, 0x38C0, 0x38C0, 0x28A0, 0x3902, 0x59C5,
  0xA900, 0xE940, 0xF140, 0xF140, 0xF160, 0xF100, 0xE8A0, 0xE8A0, 0xE8C0, 0xD8C0, 0xC8A0, 0xC0A0, 0xB080, 0x9840, 0x9020, 0xA040,
  0xB860, 0xC880, 0xD080, 0xD8C1, 0xD8C1, 0xC861, 0xB820, 0x9820, 0x7820, 0x8020, 0x9820, 0xA020, 0x8820, 0x7820, 0x7800, 0x8000,
  0x7800, 0x7800, 0x9020, 0x9040, 0x8060, 0x8061, 0x90E1, 0xA962, 0xA942, 0x80C1, 0x6080, 0x5080, 0x4040, 0x3840, 0x4060, 0x3860,
  0x4080, 0x58C0, 0x7101, 0x6921, 0x6921, 0x7141, 0x6921, 0x50E0, 0x40A0, 0x38A0, 0x30A0, 0x38C0, 0x30A0, 0x30A1, 0x4983, 0x1840,
  0xA900, 0xE940, 0xF140, 0xF140, 0xF160, 0xE900, 0xE8A0, 0xE8A0, 0xE8C0, 0xD8A0, 0xC880, 0xB880, 0xA860, 0x9020, 0x9020, 0xA040,
  0xB860, 0xC060, 0xD080, 0xE0A1, 0xE0C1, 0xD081, 0xB820, 0x9020, 0x7000, 0x8020, 0xA040, 0xA820, 0x9020, 0x8020, 0x8020, 0x9020,
  0x8820, 0x8020, 0x9840, 0xA0A1, 0x98A1, 0x90A1, 0x90E1, 0xA142, 0xA122, 0x78A0, 0x5860, 0x4860, 0x4060, 0x4060, 0x4060, 0x4880,
  0x50C1, 0x6901, 0x8182, 0x89C2, 0x81A2, 0x7981, 0x7981, 0x6941, 0x50E0, 0x38A0, 0x3080, 0x30A0, 0x2880, 0x30C1, 0x59C5, 0x7287,
  0xA900, 0xE940, 0xF140, 0xF140, 0xF140, 0xE900, 0xE8A0, 0xE8A0, 0xE8C0, 0xD8A0, 0xC880, 0xB860, 0xA840, 0x9020, 0x8820, 0xA020,
  0xB840, 0xC060, 0xD080, 0xE0A0, 0xE0A1, 0xD061, 0xB820, 0x8800, 0x7000, 0x8020, 0xA040, 0xA820, 0x9820, 0x9020, 0x9840, 0xA020,
  0x9020, 0x9020, 0xA081, 0xB101, 0xA922, 0x98E1, 0x88C1, 0x9902, 0x98E1, 0x7880, 0x5880, 0x58A0, 0x50A1, 0x50C1, 0x50C1, 0x50C1,
  0x6101, 0x7942, 0x9A03, 0xAAA4, 0x9223, 0x8181, 0x81A1, 0x7981, 0x5900, 0x38A0, 0x3080, 0x2880, 0x2880, 0x38E2, 0x6206, 0x7AA8,
  0xA900, 0xE940, 0xF140, 0xF140, 0xF140, 0xE900, 0xE8A0, 0xE8A0, 0xE8A0, 0xD8A0, 0xC080, 0xB860, 0xA040, 0x9020, 0x9020, 0xA040,
  0xB840, 0xC860, 0xD880, 0xE080, 0xD881, 0xD061, 0xB820, 0x9000, 0x7800, 0x9020, 0xA040, 0xA820, 0xA020, 0xA040, 0xB060, 0xB860,
  0xA860, 0xA060, 0xB0A1, 0xC142, 0xB983, 0x9902, 0x88A1, 0x90C1, 0xA0E1, 0x88E1, 0x68E1, 0x68E1, 0x6921, 0x7162, 0x6942, 0x5901,
  0x6101, 0x8162, 0xA243, 0xBAE4, 0xA263, 0x81A1, 0x8181, 0x7961, 0x5900, 0x38A0, 0x2880, 0x2880, 0x2080, 0x3923, 0x6226, 0x7AC8,
  0xA8E0, 0xE940, 0xF120, 0xF120, 0xE920, 0xE900, 0xE8C0, 0xE8A0, 0xE8A0, 0xD880, 0xC880, 0xB040, 0xA020, 0x9000, 0x9020, 0xA840,
  0xC060, 0xD080, 0xD8A0, 0xE080, 0xD060, 0xC840, 0xB820, 0x9000, 0x8800, 0x9820, 0xA040, 0xA020, 0xB040, 0xB880, 0xC8A0, 0xC8A1,
  0xB8C1, 0xB0A1, 0xB8C1, 0xC962, 0xC1C3, 0xA142, 0x88C1, 0xA0E1, 0xB141, 0xA182, 0x8962, 0x7942, 0x7982, 0x8A04, 0x81E3, 0x6122,
  0x60E1, 0x7941, 0x91C2, 0xA243, 0xA222, 0x89A1, 0x7141, 0x6921, 0x5100, 0x38A0, 0x3080, 0x2880, 0x2881, 0x4143, 0x6246, 0x7AC9,
  0xA8E0, 0xE940, 0xF120, 0xF120, 0xE920, 0xE900, 0xE8C0, 0xE8C0, 0xE8A0, 0xD880, 0xC880, 0xB040, 0x9820, 0x9020, 0x9840, 0xB060,
  0xC880, 0xD8A0, 0xE0C1, 0xE080, 0xC840, 0xC040, 0xB020, 0x9820, 0x9020, 0xA020, 0xA020, 0xA820, 0xB860, 0xD0C1, 0xE0E1, 0xD901,
  0xD121, 0xC901, 0xC8E1, 0xD162, 0xCA04, 0xB183, 0xA0E1, 0xB101, 0xC1A2, 0xBA23, 0xA203, 0x89A3, 0x81A3, 0x8A04, 0x8A04, 0x6922,
  0x58C1, 0x60E1, 0x6101, 0x7961, 0x91C1, 0x89A1, 0x7141, 0x6120, 0x50E0, 0x38A0, 0x3080, 0x2860, 0x28A1, 0x4984, 0x6A67, 0x7AE9,
  0xB0E0, 0xE940, 0xF120, 0xF120, 0xE940, 0xE900, 0xE8E0, 0xE8C0, 0xE8A0, 0xD880, 0xC880, 0xB040, 0xA020, 0x9020, 0xA040, 0xB880,
  0xD0A0, 0xE0E1, 0xE8E1, 0xE080, 0xC840, 0xB820, 0xB020, 0xA020, 0xA020, 0xA840, 0xA820, 0xA820, 0xC880, 0xE101, 0xE961, 0xE182,
  0xD9A2, 0xD962, 0xD141, 0xD9A2, 0xD204, 0xB9A3, 0xB121, 0xB941, 0xC1C2, 0xC264, 0xAA24, 0x89C3, 0x7182, 0x7183, 0x7983, 0x6901,
  0x58C0, 0x4880, 0x4080, 0x58C0, 0x7961, 0x8181, 0x6941, 0x5900, 0x48C0, 0x38A0, 0x2880, 0x2060, 0x30C2, 0x51C5, 0x72A8, 0x30A0,
  0xB0E0, 0xE920, 0xF120, 0xF120, 0xE940, 0xE920, 0xE8E0, 0xE8E0, 0xE8C0, 0xD880, 0xC860, 0xB040, 0xA020, 0x9820, 0xA860, 0xC0A1,
  0xD8C1, 0xE901, 0xE901, 0xE080, 0xC840, 0xB820, 0xB020, 0xA020, 0xB040, 0xB840, 0xB040, 0xB840, 0xD0A0, 0xE962, 0xE9C2, 0xE9C2,
  0xE1C2, 0xD9A2, 0xD9A2, 0xE1E3, 0xD203, 0xC182, 0xB121, 0xB141, 0xB1A2, 0xAA03, 0x99E3, 0x7962, 0x5902, 0x5901, 0x6101, 0x60E1,
  0x58C1, 0x4080, 0x3860, 0x48A0, 0x6921, 0x7981, 0x6941, 0x5900, 0x48C0, 0x30A0, 0x2880, 0x2060, 0x3902, 0x6226, 0x4101, 0x832A,
  0xB0E0, 0xE920, 0xF120, 0xF120, 0xE940, 0xE920, 0xE900, 0xE8E0, 0xE8C0, 0xD880, 0xC860, 0xB060, 0xA840, 0xA040, 0xB060, 0xC8A1,
  0xD8C1, 0xE921, 0xF101, 0xE080, 0xC840, 0xB820, 0xA820, 0xA840, 0xB860, 0xC060, 0xC040, 0xC040, 0xD8C1, 0xE9A2, 0xEA03, 0xE1E2,
  0xD1A2, 0xD182, 0xD9E2, 0xE203, 0xD1C3, 0xB962, 0xB121, 0xA121, 0x9142, 0x8162, 0x7942, 0x6101, 0x48A1, 0x4080, 0x48A0, 0x58C1,
  0x58E1, 0x48A0, 0x3880, 0x3880, 0x58E1, 0x7141, 0x6941, 0x5901, 0x48E1, 0x38A0, 0x2860, 0x2080, 0x4143, 0x6A67, 0x830A, 0x93AC,
  0xB0E0, 0xE920, 0xF120, 0xF140, 0xE960, 0xE940, 0xE920, 0xE900, 0xE8C0, 0xD880, 0xC860, 0xB860, 0xA840, 0xB040, 0xB880, 0xC8A1,
  0xD8C1, 0xE901, 0xF101, 0xE080, 0xC840, 0xB840, 0xA820, 0xA840, 0xC080, 0xC880, 0xC880, 0xD060, 0xD8E1, 0xE9C2, 0xE203, 0xD1A2,
  0xC141, 0xB941, 0xD1C2, 0xDA03, 0xC982, 0xB142, 0xA922, 0x9101, 0x70E1, 0x60C1, 0x58C1, 0x48A1, 0x3880, 0x3060, 0x4080, 0x50E1,
  0x6121, 0x5101, 0x40A0, 0x3060, 0x48C0, 0x6121, 0x6921, 0x5921, 0x48E1, 0x38A0, 0x2880, 0x28A1, 0x51A5, 0x7AC9, 0x938C, 0x4101,
  0xB0E0, 0xE920, 0xF120, 0xF160, 0xE980, 0xE960, 0xE940, 0xE900, 0xE8C0, 0xD080, 0xC060, 0xB860, 0xB060, 0xB860, 0xC080, 0xC8A1,
  0xD8C1, 0xE901, 0xF0E1, 0xE080, 0xD060, 0xB840, 0xA840, 0xA860, 0xC8A1, 0xD0C1, 0xD8C0, 0xD8A0, 0xE101, 0xE9E2, 0xDA03, 0xC942,
  0xB0E1, 0xA901, 0xC1A2, 0xD1C2, 0xC162, 0xB122, 0xA122, 0x78E1, 0x58A1, 0x4880, 0x4080, 0x3880, 0x3060, 0x2840, 0x3880, 0x50E1,
  0x6942, 0x6162, 0x48E1, 0x3060, 0x3880, 0x5901, 0x6121, 0x5901, 0x48E0, 0x38A0, 0x3080, 0x38E2, 0x6206, 0x40C0, 0x40E1, 0x4121,
  0xB0E0, 0xE920, 0xF140, 0xF160, 0xF180, 0xE980, 0xF160, 0xE920, 0xE0C0, 0xD080, 0xC060, 0xB860, 0xB860, 0xC060, 0xC080, 0xC880,
  0xD0A0, 0xE0E1, 0xE8E1, 0xE080, 0xD060, 0xC061, 0xA840, 0xB060, 0xC8C1, 0xD921, 0xE121, 0xE0E0, 0xE121, 0xE1E2, 0xD9E2, 0xC101,
  0xA8A0, 0xA0C1, 0xB942, 0xC162, 0xB922, 0xB942, 0xA142, 0x70E1, 0x50A1, 0x4080, 0x3860, 0x3060, 0x2040, 0x2040, 0x3060, 0x48C1,
  0x6141, 0x6962, 0x5121, 0x30A0, 0x38A0, 0x5901, 0x6141, 0x5900, 0x48E0, 0x38A0, 0x30A0, 0x4122, 0x6A67, 0x38A0, 0x9C0D, 0x4101,
  0xB0E0, 0xE920, 0xF140, 0xF180, 0xF1C0, 0xE9A0, 0xF160, 0xE920, 0xE0E0, 0xD060, 0xC040, 0xB861, 0xC061, 0xC060, 0xC860, 0xC060,
  0xC860, 0xE0C1, 0xE8C1, 0xE0A0, 0xD881, 0xC081, 0xA840, 0xB860, 0xD0C1, 0xE181, 0xE9A1, 0xE921, 0xE941, 0xE202, 0xD9E2, 0xC101,
  0xA880, 0x98A1, 0xA8E1, 0xB0E1, 0xB0E1, 0xB163, 0xA163, 0x7102, 0x50C1, 0x48A0, 0x4080, 0x3060, 0x1840, 0x1020, 0x2040, 0x3880,
  0x50E1, 0x6121, 0x5921, 0x40E1, 0x40E1, 0x6121, 0x6941, 0x5100, 0x40C0, 0x38A0, 0x38A0, 0x4943, 0x72A8, 0x93AC, 0x38A0, 0x40E1,
  0xB0E0, 0xE920, 0xF160, 0xF1A0, 0xF1E0, 0xF1C0, 0xE960, 0xE920, 0xE0C0, 0xC860, 0xB840, 0xB860, 0xC081, 0xC860, 0xC860, 0xC040,
  0xC860, 0xD8A0, 0xE8C1, 0xE0A0, 0xD881, 0xC081, 0xA840, 0xC060, 0xD901, 0xE1E2, 0xEA22, 0xE9A1, 0xE981, 0xE202, 0xDA02, 0xC941,
  0xB0A0, 0x9880, 0xA8A1, 0xA8A1, 0xA0C1, 0xA942, 0x9963, 0x7102, 0x58E1, 0x50C1, 0x4080, 0x3060, 0x2040, 0x1020, 0x1820, 0x2860,
  0x40A0, 0x48E1, 0x48E1, 0x5101, 0x5101, 0x6121, 0x6941, 0x5100, 0x38A0, 0x30A0, 0x30C0, 0x5184, 0x832A, 0x3060, 0x3080, 0x38C1,
  0xB0E0, 0xE940, 0xF160, 0xF1C0, 0xF200, 0xF1C0, 0xE980, 0xE920, 0xD8C0, 0xC860, 0xB840, 0xC060, 0xC861, 0xC860, 0xC840, 0xC040,
  0xC040, 0xD880, 0xE0C1, 0xE0A0, 0xD080, 0xB860, 0xB040, 0xC080, 0xE121, 0xEA42, 0xF2C3, 0xF242, 0xE9C2, 0xDA02, 0xDA22, 0xD1C1,
  0xB920, 0xA8C0, 0xA8A0, 0xA080, 0x98A1, 0x9102, 0x8122, 0x68E1, 0x58C1, 0x50A0, 0x4080, 0x3060, 0x2040, 0x1820, 0x1820, 0x2040,
  0x3080, 0x3880, 0x38A0, 0x48E1, 0x5901, 0x6121, 0x6920, 0x5100, 0x40C0, 0x30A0, 0x30C1, 0x59E5, 0x2860, 0x2860, 0x3080, 0x30A0,
  0xB0E0, 0xE940, 0xF180, 0xF1E0, 0xF220, 0xF1E0, 0xE980, 0xE120, 0xD0C0, 0xC040, 0xB840, 0xC060, 0xC860, 0xC860, 0xC840, 0xC020,
  0xC040, 0xD080, 0xE0C1, 0xD8A0, 0xC860, 0xB040, 0xB040, 0xC880, 0xE141, 0xF262, 0xF324, 0xF2C3, 0xEA23, 0xD9E2, 0xDA62, 0xE262,
  0xC9C1, 0xB921, 0xB0C1, 0xA8C1, 0xA0E1, 0x88E1, 0x70E1, 0x58A1, 0x50A0, 0x4880, 0x4080, 0x3060, 0x2840, 0x2040, 0x1840, 0x2860,
  0x3080, 0x3880, 0x3880, 0x40A0, 0x48C0, 0x6100, 0x6940, 0x5920, 0x40C0, 0x2880, 0x30C1, 0x5A06, 0x2840, 0x2860, 0xA470, 0x8BAD,
  0xB100, 0xE940, 0xF9A0, 0xF200, 0xF220, 0xF1E0, 0xE960, 0xE100, 0xD0A0, 0xC040, 0xB840, 0xC060, 0xC860, 0xC840, 0xC020, 0xB820,
  0xC020, 0xD080, 0xD8C1, 0xD080, 0xC040, 0xA820, 0xB040, 0xD0A0, 0xE961, 0xF282, 0xF344, 0xF324, 0xEA43, 0xD9E2, 0xE282, 0xEAE2,
  0xDA82, 0xC9A1, 0xC121, 0xB941, 0xA961, 0x9141, 0x7101, 0x58A1, 0x4880, 0x4080, 0x4080, 0x3860, 0x3060, 0x2860, 0x2860, 0x2860,
  0x3080, 0x38A0, 0x40C0, 0x38A0, 0x40A0, 0x6120, 0x7961, 0x6140, 0x40C0, 0x2880, 0x30C1, 0x5A06, 0x8B6B, 0x2860, 0x2860, 0x2860,
  0xB100, 0xE940, 0xF9A0, 0xF220, 0xF240, 0xF1E0, 0xE960, 0xD8E0, 0xC880, 0xB840, 0xB840, 0xC060, 0xC880, 0xC840, 0xC020, 0xB020,
  0xB840, 0xD080, 0xD8C0, 0xC880, 0xB020, 0xA020, 0xA840, 0xD0A0, 0xE981, 0xF262, 0xF304, 0xF344, 0xEA83, 0xD9E2, 0xE282, 0xEB02,
  0xEAE3, 0xDA22, 0xC961, 0xC9A2, 0xB9E2, 0xA9C2, 0x8962, 0x68E1, 0x50A0, 0x48A1, 0x40A0, 0x4080, 0x3880, 0x3880, 0x3080, 0x3080,
  0x3080, 0x48E1, 0x5921, 0x40E1, 0x40A0, 0x6141, 0x81A1, 0x7161, 0x48E0, 0x2880, 0x30E2, 0x6226, 0x3880, 0x2860, 0x2860, 0x2060,
  0xB100, 0xE960, 0xF9C0, 0xFA20, 0xF240, 0xF1E0, 0xE960, 0xD8E0, 0xC860, 0xB820, 0xB840, 0xC081, 0xC881, 0xC040, 0xB820, 0xB020,
  0xB040, 0xC880, 0xD0A0, 0xC060, 0xA820, 0x9000, 0xA020, 0xD0C0, 0xF180, 0xF242, 0xF2C3, 0xF304, 0xEA83, 0xE202, 0xEA82, 0xEAE2,
  0xEAE3, 0xDA22, 0xC961, 0xC9C2, 0xC222, 0xBA03, 0xA9C3, 0x8142, 0x60C1, 0x50C1, 0x48C1, 0x40A0, 0x3880, 0x40A0, 0x38A1, 0x3080,
  0x3080, 0x48E1, 0x6182, 0x5921, 0x48E1, 0x6141, 0x81A1, 0x7161, 0x48E0, 0x30A0, 0x3902, 0x6226, 0x3880, 0x93CC, 0x93CD, 0x2060,
  0xB900, 0xF160, 0xF9C0, 0xFA40, 0xF260, 0xF1E0, 0xE140, 0xD0C0, 0xC060, 0xB820, 0xB840, 0xC8A1, 0xC8A1, 0xC040, 0xB020, 0xA820,
  0xB040, 0xC880, 0xC880, 0xB840, 0x9800, 0x8800, 0xA020, 0xD0A0, 0xE980, 0xF201, 0xF262, 0xF2C3, 0xF283, 0xEA42, 0xEA42, 0xEA42,
  0xE242, 0xD1C2, 0xB921, 0xB961, 0xB9C2, 0xC1E3, 0xC1E3, 0xA182, 0x7901, 0x58C1, 0x48C1, 0x4080, 0x3880, 0x40A1, 0x38A1, 0x2860,
  0x2860, 0x38C1, 0x5941, 0x6161, 0x5921, 0x6141, 0x7981, 0x6940, 0x48E0, 0x38C0, 0x4963, 0x6A67, 0x8B8B, 0x2860, 0x2860, 0x2060,
  0xB900, 0xF180, 0xF9E0, 0xFA40, 0xF260, 0xF1E0, 0xE120, 0xD0A0, 0xC040, 0xB820, 0xC060, 0xC8C1, 0xD0E1, 0xC060, 0xA820, 0xA020,
  0xB040, 0xC080, 0xC060, 0xA820, 0x9000, 0x8000, 0xA020, 0xD0A0, 0xE980, 0xF1E1, 0xF201, 0xF262, 0xF282, 0xEA62, 0xE202, 0xE1A1,
  0xD1A1, 0xB921, 0xA0C0, 0x98E1, 0xA141, 0xB982, 0xC1C3, 0xB1A3, 0x8922, 0x58C1, 0x4080, 0x3880, 0x3880, 0x38A0, 0x38A0, 0x2860,
  0x2040, 0x2860, 0x40C1, 0x6141, 0x6961, 0x7161, 0x7161, 0x6120, 0x48C0, 0x40E1, 0x59E5, 0x8B4A, 0x3880, 0x3060, 0x2860, 0x2860,
  0xB900, 0xF180, 0xFA00, 0xFA60, 0xF260, 0xF1C0, 0xE120, 0xD080, 0xC040, 0xB820, 0xC060, 0xD101, 0xD101, 0xC080, 0xA020, 0x9840,
  0xA860, 0xB880, 0xB040, 0x9820, 0x8800, 0x8000, 0xA020, 0xD0A0, 0xE960, 0xF1E1, 0xF1E1, 0xF242, 0xF2A2, 0xEA62, 0xD9C2, 0xD101,
  0xC8E1, 0xA0C0, 0x8080, 0x7880, 0x90C1, 0xA922, 0xB983, 0xB162, 0x8902, 0x58A1, 0x3860, 0x3080, 0x3080, 0x3880, 0x3080, 0x2860,
  0x2040, 0x2040, 0x3060, 0x5100, 0x7981, 0x81A1, 0x81A1, 0x6940, 0x48E0, 0x4902, 0x6A67, 0x48C0, 0x40A0, 0x3080, 0x2860, 0x2860,
  0xB900, 0xF1A0, 0xFA00, 0xFA60, 0xF260, 0xF1C0, 0xE100, 0xD080, 0xB820, 0xB820, 0xC080, 0xD121, 0xD921, 0xC080, 0xA020, 0x9840,
  0xB060, 0xB880, 0xA840, 0x9020, 0x8000, 0x8000, 0xA020, 0xD080, 0xE940, 0xF1E1, 0xF201, 0xF221, 0xF282, 0xEA62, 0xD161, 0xC8C0,
  0xB880, 0x9060, 0x6840, 0x6860, 0x8081, 0xA102, 0xA942, 0xA122, 0x78E1, 0x5081, 0x3860, 0x3080, 0x3080, 0x3080, 0x3060, 0x2860,
  0x2040, 0x1820, 0x2040, 0x48C0, 0x7981, 0x9A22, 0x9222, 0x7981, 0x5100, 0x4942, 0x7AE9, 0x38A0, 0x40C0, 0x38A0, 0x2880, 0x2060,
  0xB920, 0xF1A0, 0xFA20, 0xFA60, 0xF240, 0xF1C0, 0xE100, 0xC860, 0xB820, 0xB820, 0xC880, 0xD921, 0xD941, 0xC0A0, 0xA040, 0xA060,
  0xB080, 0xB080, 0x9820, 0x8800, 0x8000, 0x8800, 0xA820, 0xC880, 0xE940, 0xF1C1, 0xF1E1, 0xF221, 0xF262, 0xE202, 0xC921, 0xB880,
  0xA860, 0x8860, 0x6040, 0x6840, 0x8081, 0x9902, 0xA163, 0x9122, 0x70E1, 0x50A1, 0x3880, 0x3880, 0x3060, 0x3060, 0x3060, 0x2860,
  0x2040, 0x1840, 0x2040, 0x40A0, 0x7961, 0xA242, 0xA262, 0x81C1, 0x5101, 0x5163, 0x8B4A, 0x3080, 0x38C1, 0x30A1, 0xACD2, 0x2060,
  0xB920, 0xF1A0, 0xFA20, 0xFA60, 0xFA40, 0xF1C0, 0xE0E0, 0xC860, 0xC020, 0xB840, 0xC8A0, 0xD941, 0xE141, 0xC8C0, 0xA840, 0xA860,
  0xB8A1, 0xB080, 0x9020, 0x8000, 0x8800, 0x9000, 0xA020, 0xC860, 0xE100, 0xF1A1, 0xF1E1, 0xF1E1, 0xEA22, 0xE1C2, 0xC101, 0xA880,
  0x9860, 0x8860, 0x6840, 0x7060, 0x88A1, 0x9942, 0xA1C4, 0x9183, 0x7122, 0x6102, 0x48A1, 0x3880, 0x3060, 0x3060, 0x3060, 0x2860,
  0x2060, 0x2060, 0x2880, 0x48C0, 0x7161, 0xA242, 0xAA62, 0x81A1, 0x5101, 0x5184, 0x2060, 0x2860, 0x30C1, 0x30A1, 0x2060, 0x2060,
  0xB920, 0xF1C0, 0xFA20, 0xFA60, 0xFA40, 0xF1C0, 0xE0E0, 0xD060, 0xC020, 0xC040, 0xD0A0, 0xE141, 0xE141, 0xC8C0, 0xB060, 0xB080,
  0xC0A1, 0xA880, 0x8820, 0x8000, 0x8800, 0x9000, 0xA020, 0xC040, 0xD8E0, 0xE960, 0xE981, 0xE9A1, 0xE9C1, 0xD961, 0xB8E1, 0x9880,
  0x9060, 0x8880, 0x7880, 0x80A1, 0x90E2, 0xA1A3, 0xAA45, 0xA204, 0x91A3, 0x8163, 0x58E1, 0x4080, 0x3860, 0x3880, 0x3880, 0x3060,
  0x30A0, 0x30A1, 0x38A0, 0x48E1, 0x7161, 0xA222, 0xAA62, 0x79A1, 0x48E1, 0x4963, 0x82E9, 0x2860, 0x2880, 0x28A1, 0x2060, 0x834B,
  0xB940, 0xF1C0, 0xFA20, 0xFA60, 0xFA20, 0xF1C0, 0xE0E0, 0xD060, 0xC040, 0xC860, 0xD0A0, 0xE121, 0xE961, 0xD0E0, 0xB860, 0xB880,
  0xC0A1, 0xA060, 0x8020, 0x8000, 0x8800, 0x8800, 0x9800, 0xB040, 0xD0A0, 0xE120, 0xE140, 0xE141, 0xE141, 0xD121, 0xB8C1, 0x90A1,
  0x88A1, 0x90C1, 0x90E1, 0x90E2, 0x9922, 0xAA04, 0xBA85, 0xB244, 0xA9E4, 0x9183, 0x6102, 0x4080, 0x3880, 0x48C1, 0x48C1, 0x4080,
  0x40C1, 0x40E1, 0x38A0, 0x48C0, 0x6941, 0x9A02, 0xA242, 0x7981, 0x48E0, 0x4922, 0x6A67, 0x8B6B, 0x2860, 0x2060, 0x2060, 0x72C9,
  0xB940, 0xF1E0, 0xFA40, 0xFA40, 0xF220, 0xF1A0, 0xE0E0, 0xD060, 0xC840, 0xC880, 0xD8C0, 0xE921, 0xE961, 0xD901, 0xB880, 0xB880,
  0xC0A0, 0xA060, 0x8020, 0x7800, 0x8000, 0x8800, 0x9000, 0xA820, 0xC080, 0xD0C0, 0xD0E0, 0xD8E0, 0xD8E1, 0xD0E1, 0xB0C1, 0x90C1,
  0x90E2, 0xA122, 0xA962, 0xA942, 0xA163, 0xAA25, 0xB265, 0xAA04, 0xA1A3, 0x8942, 0x60C1, 0x4080, 0x3880, 0x50E1, 0x5901, 0x50E1,
  0x5101, 0x4901, 0x40C1, 0x40C0, 0x6121, 0x9202, 0x9A22, 0x7160, 0x48E0, 0x4922, 0x6206, 0x7AE9, 0x2060, 0x2060, 0x2860, 0x6A68,
  0xB940, 0xF1E0, 0xFA40, 0xFA40, 0xF220, 0xF1A1, 0xE0E0, 0xD060, 0xC860, 0xD080, 0xE0C0, 0xE901, 0xE961, 0xD921, 0xC080, 0xC080,
  0xB880, 0xA060, 0x8020, 0x7800, 0x8000, 0x8000, 0x8000, 0xA020, 0xB840, 0xC080, 0xC080, 0xD080, 0xD0A0, 0xC8A1, 0xB0A1, 0x98E1,
  0xA162, 0xB1C3, 0xC1C3, 0xB983, 0xA983, 0xA1E4, 0xA1C4, 0x9162, 0x8902, 0x70C1, 0x50A1, 0x4060, 0x3880, 0x5901, 0x79A2, 0x79C2,
  0x71A2, 0x6961, 0x5941, 0x5941, 0x7182, 0x8A03, 0x9202, 0x7160, 0x50E0, 0x4963, 0x6226, 0x7288, 0x72C9, 0x2860, 0x6247, 0x51C6,
  0xB940, 0xF1E0, 0xFA40, 0xFA20, 0xF200, 0xE9A1, 0xE0E0, 0xD880, 0xD080, 0xD8A0, 0xE0C0, 0xE900, 0xF181, 0xE141, 0xC8A0, 0xC060,
  0xB880, 0xA060, 0x8040, 0x8020, 0x8000, 0x7800, 0x8000, 0xA020, 0xB840, 0xB040, 0xB040, 0xC860, 0xC880, 0xC0A1, 0xA8A1, 0xA102,
  0xB1C3, 0xCA24, 0xCA03, 0xB9A3, 0xA983, 0xA183, 0x9142, 0x80E1, 0x70C1, 0x5881, 0x4880, 0x4060, 0x4080, 0x6941, 0x9244, 0xA2C5,
  0x9A83, 0x9222, 0x9263, 0x9AA4, 0x9263, 0x9223, 0x91C2, 0x7940, 0x5901, 0x5183, 0x6246, 0x4080, 0x5A27, 0x5A27, 0x51C6, 0x4164,
  0xB940, 0xF1E0, 0xFA20, 0xFA20, 0xF201, 0xE9A1, 0xE0E0, 0xD880, 0xD8A0, 0xD8C0, 0xE0C0, 0xE900, 0xF1A1, 0xE161, 0xC8A0, 0xC080,
  0xB880, 0xA080, 0x8860, 0x8020, 0x7800, 0x7800, 0x8800, 0xA820, 0xB840, 0xA840, 0xA820, 0xB840, 0xC081, 0xC0A1, 0xA881, 0xA902,
  0xB9E3, 0xCA44, 0xC1E3, 0xB9A2, 0xA983, 0xA183, 0x9142, 0x80E1, 0x68A1, 0x5060, 0x4080, 0x4880, 0x50E1, 0x79A2, 0xA2A5, 0x62EB,
  0xB2E4, 0xB2A2, 0xBB44, 0xC3C6, 0xC365, 0xAA82, 0x91C1, 0x7940, 0x5921, 0x5184, 0x6226, 0x6A88, 0x6AA9, 0x6AA9, 0x6268, 0x51E6,
  0xB960, 0xF200, 0xFA20, 0xFA20, 0xF201, 0xE9A1, 0xE100, 0xD8A0, 0xD8C0, 0xE0C0, 0xE8C0, 0xF120, 0xF1C1, 0xE9A1, 0xD0C0, 0xC880,
  0xC0A0, 0xA8C0, 0x9880, 0x8840, 0x8000, 0x7800, 0x9020, 0xB020, 0xB840, 0xA820, 0xA020, 0xB840, 0xC081, 0xC0A1, 0xB0A1, 0xA8E1,
  0xB9E3, 0xB9E3, 0xB182, 0xA942, 0xA983, 0xA9C3, 0xA9A3, 0x9142, 0x70C1, 0x5080, 0x4880, 0x50A0, 0x6921, 0x9203, 0xA2A4, 0xA2E5,
  0xA284, 0xA262, 0xBB24, 0x7162, 0xD3A5, 0xC2E2, 0x99E1, 0x7140, 0x5101, 0x4963, 0x6227, 0x90C0, 0x98A0, 0x9860, 0x9040, 0x7840,
  0xB960, 0xF200, 0xFA20, 0xFA00, 0xF1E1, 0xE9A1, 0xE100, 0xE0C0, 0xE0C0, 0xE8E0, 0xE8C0, 0xF120, 0xF1E1, 0xE9A1, 0xD8E0, 0xC8A0,
  0xC8C0, 0xB901, 0xA8C1, 0x9840, 0x8800, 0x8000, 0x9820, 0xB840, 0xC040, 0xA820, 0xA020, 0xB040, 0xC081, 0xC0C1, 0xB8A1, 0xB0E1,
  0xB182, 0xA962, 0x9101, 0x88E1, 0x9962, 0xB1E3, 0xBA03, 0xA1A3, 0x7921, 0x50A1, 0x48A0, 0x58E1, 0x7982, 0x9A43, 0x9A43, 0x9244,
  0x8A23, 0x81C2, 0x9243, 0xAAE4, 0xC344, 0xCB02, 0xA241, 0x6920, 0x40C1, 0x4963, 0x6267, 0xB900, 0xC0C0, 0xC060, 0x72EA, 0x5A47,
  0xB960, 0xF200, 0xFA20, 0xFA00, 0xF1E1, 0xE9A1, 0xE920, 0xE0E0, 0xE8E0, 0xE8E0, 0xE8E0, 0xF140, 0xF9E1, 0xE9C1, 0xD8E0, 0xD0A0,
  0xD100, 0xC941, 0xB901, 0xA060, 0x9020, 0x9000, 0xA820, 0xC060, 0xC860, 0xB020, 0xA820, 0xB860, 0xC8A1, 0xC8C1, 0xC0A1, 0xB8E1,
  0xB142, 0x9901, 0x80A1, 0x7881, 0x8902, 0xA9A3, 0xBA04, 0xA9E3, 0x8962, 0x60E1, 0x50C1, 0x6901, 0x89C2, 0xA242, 0x89E2, 0x81E3,
  0x8A03, 0x79C2, 0x79A1, 0x89E2, 0xA262, 0xBAC2, 0xA241, 0x6920, 0x40C1, 0x4963, 0x6A88, 0xC120, 0xC0E0, 0x836C, 0x6289, 0x51E6,
  0xB960, 0xF200, 0xFA20, 0xF9E0, 0xF1E1, 0xE9A1, 0xE940, 0xE900, 0xE900, 0xF100, 0xF0E0, 0xF160, 0xFA01, 0xF1C1, 0xE100, 0xD8C0,
  0xD921, 0xD9A1, 0xC941, 0xB080, 0xA020, 0xA000, 0xB820, 0xC860, 0xC860, 0xB040, 0xB060, 0xC081, 0xC8C1, 0xD0C1, 0xC8E1, 0xC122,
  0xB142, 0x98E1, 0x8060, 0x7860, 0x80C1, 0x9942, 0xA9A3, 0xA1C3, 0x9182, 0x6901, 0x58C1, 0x7141, 0xA242, 0xB283, 0x91E2, 0x89E2,
  0x9244, 0x81E3, 0x6961, 0x6941, 0x7981, 0x9A21, 0x9201, 0x6120, 0x40E1, 0x51A4, 0x72A8, 0x93AD, 0xA0C0, 0xA880, 0x72EA, 0x5A27,
  0xB960, 0xF200, 0xFA00, 0xF9E0, 0xF1E1, 0xE9A1, 0xE960, 0xE920, 0xF120, 0xF120, 0xF100, 0xF161, 0xFA01, 0xF1E1, 0xE100, 0xE0E0,
  0xE141, 0xE1C1, 0xD981, 0xC0A0, 0xB020, 0xB000, 0xC040, 0xD080, 0xC860, 0xB040, 0xB881, 0xC8C1, 0xD0E1, 0xC8E1, 0xC901, 0xC982,
  0xC1A2, 0xA901, 0x9081, 0x8860, 0x88A1, 0x9102, 0x9122, 0x8942, 0x8142, 0x6901, 0x60E1, 0x8181, 0xB2E3, 0xC304, 0xA242, 0x9223,
  0x9A84, 0x79E3, 0x5921, 0x5100, 0x6120, 0x7181, 0x79A1, 0x5920, 0x4901, 0x61E5, 0x7AE9, 0x6080, 0x7080, 0x7880, 0x8860, 0x6A88,
  0xB960, 0xEA00, 0xFA00, 0xF1E0, 0xF1E1, 0xE9A1, 0xE960, 0xE940, 0xF140, 0xF120, 0xF120, 0xF181, 0xFA21, 0xF1E1, 0xE920, 0xE0E0,
  0xE961, 0xE9E1, 0xE9A1, 0xD0C0, 0xC040, 0xC020, 0xC840, 0xD080, 0xC880, 0xB861, 0xB8C1, 0xC902, 0xC902, 0xC0E1, 0xC122, 0xD1E3,
  0xD203, 0xC162, 0xA8C1, 0x9860, 0x9081, 0x88C1, 0x80C1, 0x68C1, 0x68E1, 0x60C1, 0x60E1, 0x8A02, 0xCBC6, 0xD3E6, 0xB2E4, 0xA263,
  0x9A84, 0x71A3, 0x50E1, 0x48C0, 0x5100, 0x6941, 0x7161, 0x5920, 0x5142, 0x6A26, 0x834A, 0x4880, 0x5080, 0x5060, 0x5860, 0x72C9,
  0xB960, 0xE9E0, 0xFA00, 0xF1E0, 0xF1E1, 0xF1A1, 0xE980, 0xF160, 0xF160, 0xF161, 0xF140, 0xF1A1, 0xFA21, 0xF1E1, 0xE920, 0xE900,
  0xE961, 0xF1E1, 0xE9A1, 0xE0E0, 0xD040, 0xC820, 0xD040, 0xD080, 0xC880, 0xB8A1, 0xC122, 0xC942, 0xC102, 0xB0C1, 0xB922, 0xD203,
  0xDA23, 0xD182, 0xB8C1, 0xA861, 0x9081, 0x8881, 0x70A1, 0x5880, 0x5080, 0x50A0, 0x58E1, 0x9A84, 0xD489, 0xE4CA, 0xC365, 0xAA83,
  0x9243, 0x6982, 0x50E0, 0x50E0, 0x6121, 0x6941, 0x6961, 0x5920, 0x5142, 0x6A26, 0x50C0, 0x50A0, 0x48A0, 0x4080, 0x940F, 0x730A,
  0xB960, 0xE9E0, 0xFA00, 0xF200, 0xF1E1, 0xF1C1, 0xF1A0, 0xF180, 0xF180, 0xF181, 0xF161, 0xF9C1, 0xFA41, 0xF1E1, 0xE941, 0xE900,
  0xE961, 0xF1E1, 0xF1A1, 0xE8E0, 0xD840, 0xD020, 0xD040, 0xC860, 0xC080, 0xC0E1, 0xC983, 0xC962, 0xB0E1, 0x98A1, 0xA8E2, 0xC9C3,
  0xD9E3, 0xC962, 0xB0A1, 0xA060, 0x8860, 0x7860, 0x6880, 0x5080, 0x4060, 0x4060, 0x58E1, 0x9AC5, 0x9AC5, 0xC3A6, 0xC3A6, 0xAAA3,
  0x9243, 0x6962, 0x5901, 0x5921, 0x6141, 0x6941, 0x6140, 0x5920, 0x5142, 0x6205, 0x832A, 0x58E0, 0x50C0, 0x4080, 0x3880, 0x48A0,
  0xB960, 0xE9E0, 0xFA00, 0xF200, 0xF1E1, 0xF1C1, 0xF1C0, 0xF1A0, 0xF1A0, 0xF1A1, 0xF981, 0xF9E1, 0xFA42, 0xF1E1, 0xF141, 0xE900,
  0xE940, 0xF1C1, 0xF181, 0xE8E0, 0xD860, 0xD020, 0xD040, 0xC860, 0xC0A0, 0xC122, 0xC9C3, 0xC162, 0xA8A1, 0x9060, 0xA0A1, 0xC142,
  0xC962, 0xB901, 0xA080, 0x9040, 0x8040, 0x7060, 0x6060, 0x5080, 0x4060, 0x3860, 0x50E1, 0x9AC5, 0xDCCA, 0xDCCA, 0xC386, 0xB2E4,
  0xA2A4, 0x81C2, 0x6941, 0x6121, 0x5901, 0x5900, 0x5900, 0x5120, 0x5142, 0x6205, 0x832A, 0x58E0, 0x50E0, 0x40A0, 0x3880, 0x730B,
  0xB960, 0xE9E0, 0xFA00, 0xF200, 0xF1E1, 0xF1C1, 0xF1C0, 0xF1C0, 0xF9C0, 0xF9E1, 0xF9A1, 0xF9E1, 0xFA42, 0xF1E1, 0xF161, 0xE900,
  0xE920, 0xE981, 0xF181, 0xE900, 0xD860, 0xD020, 0xC840, 0xC060, 0xB8A1, 0xC142, 0xC9C3, 0xC142, 0xA881, 0x9840, 0xA861, 0xB8C1,
  0xB8E1, 0xA8A1, 0x9060, 0x7840, 0x7040, 0x6840, 0x6060, 0x60A1, 0x58C1, 0x40A1, 0x50E1, 0x9284, 0xD468, 0xDCA9, 0xCBE7, 0xC365,
  0xBB45, 0x9A43, 0x7961, 0x5901, 0x48C0, 0x50E0, 0x5900, 0x5920, 0x5162, 0x6226, 0x58E0, 0x58E0, 0x50C0, 0x4080, 0x3860, 0x6288,
  0xB960, 0xE9E0, 0xFA00, 0xF200, 0xF1E1, 0xF1C1, 0xF1C0, 0xF1E0, 0xFA00, 0xFA01, 0xF9C1, 0xF9E2, 0xFA42, 0xF9E1, 0xF161, 0xE900,
  0xE100, 0xE140, 0xF161, 0xE901, 0xD860, 0xD020, 0xC840, 0xB860, 0xB8C1, 0xC142, 0xC982, 0xC102, 0xA880, 0xA860, 0xB060, 0xB881,
  0xB0A1, 0xA081, 0x8040, 0x6820, 0x6040, 0x6860, 0x6881, 0x7901, 0x7122, 0x58E1, 0x50E1, 0x8223, 0xC428, 0xDCC9, 0x836C, 0xD426,
  0xCBA5, 0xAA83, 0x8181, 0x58E0, 0x40A0, 0x48C0, 0x5920, 0x5940, 0x5162, 0x6A26, 0x58E0, 0x58E0, 0x50C0, 0x3880, 0x6268, 0x49C6,
  0xB960, 0xE9E0, 0xF200, 0xF220, 0xF1E1, 0xF1C0, 0xF1E0, 0xF200, 0xFA21, 0xFA21, 0xF9C1, 0xF9E1, 0xFA22, 0xF9C1, 0xF141, 0xE0E0,
  0xD8E0, 0xE120, 0xE941, 0xE901, 0xD860, 0xC820, 0xC040, 0xB860, 0xB8E1, 0xC142, 0xC142, 0xC0C1, 0xB060, 0xB880, 0xC0A1, 0xC0A1,
  0xB0A1, 0xA0A1, 0x8060, 0x6840, 0x5840, 0x6060, 0x70C1, 0x8942, 0x8982, 0x6101, 0x48C1, 0x71C3, 0xB387, 0xB387, 0x8BAD, 0xE487,
  0xD3A4, 0xB262, 0x8981, 0x58E0, 0x40A0, 0x50E0, 0x6140, 0x6140, 0x5162, 0x6205, 0x60E0, 0x58E0, 0x48A0, 0x6289, 0x41A5, 0x3103,
  0xB960, 0xE9E0, 0xF200, 0xF220, 0xF1E1, 0xF1C0, 0xF1E0, 0xF220, 0xFA61, 0xFA41, 0xF9C1, 0xF9C1, 0xFA01, 0xF9A1, 0xF141, 0xE0E0,
  0xD0C0, 0xD900, 0xE941, 0xE901, 0xD060, 0xC020, 0xB840, 0xB080, 0xB8E1, 0xB921, 0xB8E1, 0xB880, 0xB880, 0xC8C1, 0xD0E1, 0xD0C1,
  0xC0C1, 0xA8C1, 0x8881, 0x6040, 0x5040, 0x6080, 0x78E1, 0x8942, 0x8162, 0x6101, 0x48A0, 0x5121, 0x9284, 0xC407, 0xDC88, 0xE466,
  0xCB64, 0xB242, 0x89A1, 0x6120, 0x50E0, 0x5921, 0x6940, 0x6140, 0x5141, 0x59C4, 0x68E0, 0x58C0, 0x48A0, 0x5A27, 0x3924, 0x20A2,
  0xB960, 0xE9E0, 0xF220, 0xF220, 0xF1E0, 0xF1C0, 0xF200, 0xF240, 0xFA81, 0xFA41, 0xF9A1, 0xF9A1, 0xF9E1, 0xF181, 0xF121, 0xD8E0,
  0xC8A0, 0xD0E1, 0xE941, 0xE901, 0xD080, 0xB820, 0xA820, 0xA860, 0xB0C1, 0xB0E1, 0xA881, 0xA860, 0xC080, 0xD0E1, 0xE101, 0xD8E1,
  0xD0E1, 0xB8E2, 0x90A1, 0x6861, 0x5060, 0x60A1, 0x70E1, 0x7921, 0x7101, 0x58C1, 0x40A0, 0x48C1, 0x69A2, 0x9AA4, 0xB365, 0xC384,
  0xBB03, 0xAA42, 0x89C1, 0x7161, 0x6141, 0x6961, 0x6960, 0x5920, 0x4941, 0x51C4, 0x72A8, 0x7B2B, 0x4880, 0x5207, 0x4164, 0x3103,
  0xB960, 0xE9E0, 0xF220, 0xF220, 0xF1E0, 0xF1C0, 0xF200, 0xF260, 0xFAA1, 0xFA40, 0xF1A0, 0xF181, 0xF9A1, 0xF161, 0xF121, 0xD8E1,
  0xC8A0, 0xD101, 0xE961, 0xE921, 0xD080, 0xB020, 0xA020, 0xA060, 0xA8A1, 0xA881, 0xA040, 0xA840, 0xC0A0, 0xD921, 0xE122, 0xE101,
  0xD901, 0xB8E1, 0x90A1, 0x6881, 0x5880, 0x68C1, 0x70E1, 0x68E1, 0x60C1, 0x58A0, 0x48A0, 0x48C0, 0x50E1, 0x6161, 0x8202, 0x9263,
  0x9A63, 0x9222, 0x89E2, 0x81C2, 0x79A2, 0x7981, 0x7161, 0x6141, 0x5162, 0x6206, 0x7AC9, 0x7AEA, 0x72A9, 0x6268, 0x5A27, 0x51E6,
  0xB960, 0xE9E0, 0xF220, 0xF220, 0xF1C0, 0xF1C0, 0xF220, 0xF280, 0xFAC0, 0xF240, 0xF180, 0xF161, 0xF181, 0xF161, 0xF121, 0xD8E1,
  0xC8C1, 0xD141, 0xE9A2, 0xE921, 0xD080, 0xA820, 0x9820, 0xA040, 0xA860, 0xA060, 0xA040, 0xA840, 0xC0C1, 0xE142, 0xE942, 0xE101,
  0xD901, 0xB0C1, 0x8881, 0x6881, 0x60A1, 0x68C1, 0x68C1, 0x60A0, 0x5080, 0x58A0, 0x58C1, 0x50C0, 0x48A0, 0x48C0, 0x5101, 0x6162,
  0x6982, 0x6982, 0x71A2, 0x8202, 0x8A02, 0x7981, 0x7161, 0x6161, 0x61C4, 0x50C0, 0x50A0, 0x40A0, 0x8B6C, 0x3060, 0x8B6C, 0x2840,
  0xB960, 0xEA00, 0xF240, 0xF220, 0xF1C0, 0xF1E0, 0xF240, 0xF2C0, 0xFAC0, 0xF220, 0xF160, 0xF140, 0xF161, 0xF141, 0xF121, 0xD901,
  0xC8E1, 0xD982, 0xE9C2, 0xE941, 0xD080, 0xA020, 0x9000, 0x9820, 0xA040, 0xA040, 0xA040, 0xB080, 0xD101, 0xE962, 0xE962, 0xE142,
  0xD921, 0xB0C1, 0x8881, 0x7081, 0x68A1, 0x70C1, 0x68A1, 0x5060, 0x4860, 0x5880, 0x60E0, 0x60E1, 0x50C0, 0x40A0, 0x40C1, 0x40E1,
  0x40E1, 0x40E1, 0x5121, 0x79E2, 0x9223, 0x81C2, 0x7181, 0x69A2, 0x6A05, 0x3880, 0x3880, 0x3060, 0x3060, 0x3060, 0x2840, 0x2840,
  0xB980, 0xEA00, 0xF240, 0xF200, 0xF1C0, 0xF1E0, 0xF260, 0xFAE0, 0xF2C0, 0xF200, 0xE940, 0xE920, 0xF161, 0xF141, 0xE941, 0xD921,
  0xC922, 0xD9C2, 0xF202, 0xE961, 0xC8A0, 0xA020, 0x8800, 0x9000, 0xA020, 0xA840, 0xB080, 0xC0E1, 0xD961, 0xE982, 0xE962, 0xE142,
  0xD942, 0xB8E1, 0x90A1, 0x78A1, 0x78C1, 0x70C1, 0x5880, 0x4840, 0x4040, 0x5880, 0x7101, 0x7121, 0x6121, 0x5101, 0x40C1, 0x38A1,
  0x2881, 0x2880, 0x38A0, 0x6982, 0x8A23, 0x81E2, 0x7181, 0x69C2, 0x6204, 0x6A67, 0x832A, 0x2860, 0x3060, 0x3860, 0x3860, 0x8B8C,
  0xB980, 0xEA00, 0xF240, 0xF200, 0xF1C0, 0xF200, 0xF280, 0xFB00, 0xF2A0, 0xE9C0, 0xE920, 0xE900, 0xF161, 0xF161, 0xE961, 0xD942,
  0xC942, 0xD9E3, 0xF243, 0xE981, 0xC8A0, 0x9820, 0x8800, 0x9000, 0xA020, 0xB060, 0xC0E1, 0xD182, 0xE9C2, 0xF1A2, 0xE162, 0xD942,
  0xD142, 0xC101, 0xA0E1, 0x90E1, 0x88E1, 0x78C1, 0x5860, 0x4020, 0x4040, 0x5880, 0x7921, 0x8981, 0x81A2, 0x71A2, 0x5121, 0x30A1,
  0x2060, 0x1840, 0x2860, 0x5121, 0x79C2, 0x79A1, 0x7181, 0x69A2, 0x61C4, 0x6226, 0x830A, 0x3080, 0x4080, 0x48A0, 0x40A0, 0x834B,
  0xB980, 0xEA20, 0xF240, 0xF1E0, 0xF1C0, 0xF220, 0xF2C0, 0xF300, 0xF280, 0xE9A0, 0xE0E0, 0xE0E0, 0xE941, 0xF161, 0xE961, 0xD141,
  0xC922, 0xD9E3, 0xF222, 0xE981, 0xC8A0, 0x9820, 0x8800, 0x9820, 0xA840, 0xB8A1, 0xD161, 0xE202, 0xF202, 0xF182, 0xE121, 0xD101,
  0xC921, 0xC121, 0xB121, 0xA121, 0x9921, 0x80C1, 0x5860, 0x4020, 0x4040, 0x5080, 0x7921, 0x91C2, 0xA243, 0x9223, 0x6162, 0x30A0,
  0x2040, 0x1840, 0x2060, 0x38C0, 0x5921, 0x6961, 0x6961, 0x69A3, 0x61E4, 0x6226, 0x830A, 0x40A0, 0x40A0, 0x48A0, 0x48A0, 0x836C,
  0xB980, 0xEA20, 0xF220, 0xF1E0, 0xF1E0, 0xF260, 0xFB00, 0xF320, 0xF260, 0xE160, 0xE0C0, 0xE0E0, 0xE941, 0xF161, 0xE161, 0xC921,
  0xC122, 0xD9C2, 0xEA02, 0xE981, 0xC8A0, 0x9820, 0x9020, 0xA040, 0xB880, 0xC901, 0xE1E2, 0xEA63, 0xF222, 0xE981, 0xD8E1, 0xC8C1,
  0xC901, 0xC941, 0xC161, 0xB142, 0xA121, 0x80C1, 0x5860, 0x4040, 0x4040, 0x5080, 0x7941, 0xA222, 0xB2C3, 0xAAA3, 0x71A2, 0x40C0,
  0x2860, 0x2860, 0x2860, 0x3080, 0x48E0, 0x6140, 0x6981, 0x69C3, 0x6205, 0x6A67, 0x832A, 0x40C1, 0x40A0, 0x40A0, 0x4080, 0x4080,
  0xB9A0, 0xEA20, 0xF220, 0xF1E0, 0xF1E0, 0xF280, 0xFB20, 0xF300, 0xEA40, 0xE140, 0xD8A0, 0xE0C0, 0xE940, 0xE961, 0xE161, 0xC901,
  0xC0E1, 0xD182, 0xE9E2, 0xE981, 0xC8A0, 0xA020, 0xA040, 0xB0A0, 0xC901, 0xD982, 0xEA63, 0xF2A3, 0xF222, 0xE941, 0xD8C1, 0xC8A1,
  0xC8E1, 0xD161, 0xC182, 0xB141, 0x98E1, 0x7880, 0x5840, 0x4840, 0x4840, 0x58A0, 0x8181, 0xB2A3, 0xC344, 0xBAE3, 0x89C2, 0x50E1,
  0x40C0, 0x40C0, 0x38A0, 0x30A0, 0x40C0, 0x5920, 0x6981, 0x69E3, 0x6A26, 0x7287, 0x48E1, 0x40C1, 0x9BEE, 0x3880, 0x3860, 0x7B2B,
  0xB9A0, 0xEA20, 0xF200, 0xF1E0, 0xF220, 0xF2C0, 0xFB40, 0xF300, 0xEA00, 0xD900, 0xD880, 0xE0C0, 0xE940, 0xE961, 0xD941, 0xC0C1,
  0xB8A1, 0xD141, 0xE1C2, 0xE981, 0xC8C0, 0xB040, 0xB060, 0xC8E1, 0xD982, 0xE202, 0xF2A3, 0xF283, 0xF1E2, 0xE121, 0xD0A1, 0xC881,
  0xD101, 0xC961, 0xB961, 0x9901, 0x80A1, 0x7060, 0x5840, 0x5040, 0x4860, 0x58C0, 0x89C1, 0xBB03, 0xCB84, 0xC303, 0x99E1, 0x6921,
  0x5901, 0x5921, 0x5101, 0x48C0, 0x48C0, 0x5920, 0x6981, 0x69E3, 0x6A25, 0x6A47, 0x7AC9, 0x40C1, 0x40A0, 0x4080, 0x4080, 0x4060,
  0xB9A0, 0xEA20, 0xF200, 0xF1E0, 0xF240, 0xF300, 0xFB60, 0xF2E0, 0xE1C0, 0xD8E0, 0xD880, 0xE0C0, 0xE920, 0xE961, 0xD921, 0xB8A0,
  0xB8A0, 0xD101, 0xE181, 0xE181, 0xD0C0, 0xB840, 0xC0A0, 0xD161, 0xE1E2, 0xEA63, 0xF2C3, 0xF262, 0xE9A1, 0xD8E1, 0xC880, 0xC8A1,
  0xD101, 0xC962, 0xA921, 0x88C1, 0x7860, 0x7040, 0x6040, 0x5840, 0x5060, 0x58C0, 0x91E1, 0xBB03, 0xCB63, 0xBAE2, 0x9A01, 0x7941,
  0x6921, 0x7161, 0x6961, 0x6141, 0x5900, 0x6120, 0x6981, 0x69C3, 0x6205, 0x6205, 0x6A47, 0x7A88, 0x7A67, 0x7247, 0x6A26, 0x61C5,
  0xB9A0, 0xEA20, 0xF200, 0xF1E0, 0xF280, 0xFB20, 0xFB40, 0xF2A0, 0xE180, 0xD8A0, 0xD080, 0xE0E0, 0xE940, 0xE941, 0xD101, 0xB880,
  0xB880, 0xD101, 0xE161, 0xE181, 0xD0C1, 0xC060, 0xC8C1, 0xE1A2, 0xEA22, 0xF263, 0xF282, 0xF222, 0xE941, 0xD0A0, 0xC060, 0xC8A1,
  0xD121, 0xB942, 0x9901, 0x80A1, 0x7880, 0x7860, 0x7060, 0x6060, 0x5880, 0x60E0, 0x91C1, 0xB2A2, 0xB2E2, 0xAA82, 0x91E1, 0x7121,
  0x6101, 0x6941, 0x7181, 0x7181, 0x6960, 0x6940, 0x6961, 0x69A2, 0x61E4, 0x59E5, 0x6206, 0x7247, 0x7206, 0x69A5, 0x5964, 0x4923,
  0xB9C0, 0xEA20, 0xF200, 0xF200, 0xF2A0, 0xFB40, 0xFB40, 0xEA60, 0xD940, 0xD0A0, 0xD8A0, 0xE100, 0xE940, 0xE941, 0xD0E1, 0xB880,
  0xB880, 0xD100, 0xE161, 0xE161, 0xD0C1, 0xC060, 0xC8E1, 0xE1C2, 0xEA22, 0xF242, 0xF242, 0xF1E1, 0xE121, 0xC880, 0xB860, 0xC0A1,
  0xD122, 0xB942, 0x9901, 0x90E1, 0x90C1, 0x88A1, 0x7880, 0x6880, 0x60A0, 0x6900, 0x89A1, 0x9A01, 0x9201, 0x89E1, 0x7981, 0x6101,
  0x50C0, 0x58E1, 0x6941, 0x7181, 0x7181, 0x6960, 0x6961, 0x69A2, 0x6204, 0x5A05, 0x6A26, 0x6101, 0x8A67, 0x7A06, 0x6184, 0x4102,
  0xC1C0, 0xEA20, 0xF200, 0xF240, 0xF2E0, 0xFB60, 0xF320, 0xEA20, 0xD900, 0xD0A0, 0xD8C0, 0xE120, 0xE960, 0xE941, 0xD0C0, 0xB880,
  0xC0C0, 0xD920, 0xE161, 0xE141, 0xD0C1, 0xB860, 0xC8E1, 0xD982, 0xE9C2, 0xE9C1, 0xF1C1, 0xF181, 0xE101, 0xC080, 0xB060, 0xC0C1,
  0xC922, 0xB942, 0xA962, 0xB162, 0xB162, 0xA921, 0x88C1, 0x70A0, 0x68C0, 0x7900, 0x8160, 0x8161, 0x7161, 0x7161, 0x6921, 0x50C0,
  0x48A0, 0x48A0, 0x50E0, 0x6140, 0x7180, 0x6940, 0x6141, 0x69C3, 0x7246, 0x6A46, 0x7267, 0x92E9, 0xA32A, 0x9B0A, 0x8267, 0x5984,
  0xC1C0, 0xEA00, 0xF200, 0xF260, 0xF320, 0xFB60, 0xF300, 0xE1E0, 0xD8E0, 0xD0C0, 0xD901, 0xE941, 0xF161, 0xE141, 0xD0C0, 0xC0A0,
  0xD0E0, 0xE140, 0xE961, 0xD921, 0xC8A0, 0xB860, 0xB8C1, 0xD141, 0xE141, 0xE141, 0xE941, 0xE941, 0xD8E1, 0xC080, 0xB060, 0xB8C1,
  0xC122, 0xC162, 0xC1C3, 0xC9E3, 0xC9C3, 0xB962, 0x98E1, 0x78C0, 0x70E0, 0x7900, 0x7920, 0x6921, 0x6121, 0x6941, 0x6121, 0x50C0,
  0x4080, 0x3880, 0x4080, 0x50E0, 0x6940, 0x6940, 0x6941, 0x69C3, 0x6922, 0x6A67, 0x7267, 0x92E9, 0x58E1, 0x50C0, 0x4080, 0x8288,
  0xC1C0, 0xEA00, 0xF220, 0xF2A0, 0xFB40, 0xFB60, 0xF2C0, 0xE1A0, 0xD0C0, 0xD8E1, 0xE141, 0xE961, 0xF161, 0xE141, 0xD0E0, 0xC8E0,
  0xD920, 0xE960, 0xE961, 0xD901, 0xC080, 0xA840, 0xA880, 0xC0C1, 0xD0C1, 0xD8C0, 0xD8E0, 0xD901, 0xD0C1, 0xB880, 0xA860, 0xA8A1,
  0xB8E2, 0xB962, 0xC1E4, 0xD224, 0xD1C3, 0xB962, 0x9901, 0x78C0, 0x78E0, 0x7900, 0x7101, 0x6941, 0x71A2, 0x79E3, 0x7182, 0x5901,
  0x48A0, 0x3880, 0x3860, 0x48C0, 0x6120, 0x6940, 0x6961, 0x69C3, 0x6922, 0x6A67, 0x6A47, 0x82C8, 0x40C1, 0x40A0, 0x3080, 0xB38A,
  0xC1C0, 0xEA00, 0xF240, 0xF2C0, 0xFB60, 0xFB60, 0xF280, 0xE160, 0xD0E0, 0xD921, 0xE181, 0xF181, 0xF161, 0xE121, 0xD101, 0xD120,
  0xE160, 0xE981, 0xE961, 0xD8E1, 0xB860, 0xA020, 0xA040, 0xB080, 0xC860, 0xC860, 0xC8A0, 0xD0C1, 0xD0C1, 0xB080, 0x9860, 0x9861,
  0xA8C1, 0xB122, 0xB9A3, 0xC1A3, 0xC162, 0xB121, 0x98E1, 0x80C0, 0x70C0, 0x68E0, 0x6901, 0x6962, 0x7A03, 0x9285, 0x8A24, 0x6942,
  0x50C0, 0x4080, 0x3880, 0x48C0, 0x6120, 0x6960, 0x6981, 0x69A3, 0x6A46, 0x6A88, 0x6247, 0x7A88, 0xA3AC, 0x3081, 0x2860, 0xC3AA,
  0xC1C0, 0xEA20, 0xF260, 0xF300, 0xFB80, 0xFB20, 0xEA40, 0xD940, 0xD901, 0xE181, 0xE9C1, 0xF181, 0xF161, 0xE121, 0xD921, 0xD941,
  0xE9A1, 0xF181, 0xE941, 0xD8E1, 0xB860, 0x9820, 0x9020, 0xA840, 0xB840, 0xB040, 0xB860, 0xC0A1, 0xC0C1, 0xA880, 0x8840, 0x8840,
  0x9081, 0x98C2, 0xA102, 0xA902, 0xA8E1, 0xA0C1, 0x90C0, 0x78C0, 0x68A0, 0x58A0, 0x50C1, 0x5922, 0x79E3, 0x9285, 0x8A44, 0x6962,
  0x50C0, 0x4080, 0x4080, 0x50C0, 0x6120, 0x7160, 0x6961, 0x6182, 0x6226, 0x4102, 0x6247, 0x7267, 0x28A1, 0x2081, 0x2060, 0xAAE7,
  0xC1C0, 0xEA20, 0xF280, 0xFB20, 0xFB60, 0xFB00, 0xEA00, 0xE120, 0xD941, 0xE1E2, 0xEA02, 0xF181, 0xF121, 0xE921, 0xE141, 0xE181,
  0xE9A1, 0xF181, 0xE921, 0xD0C0, 0xB040, 0x9020, 0x9020, 0xA020, 0xB020, 0xA820, 0xA860, 0xB0A1, 0xB8C1, 0xA080, 0x8040, 0x7820,
  0x8040, 0x8881, 0x90A1, 0x98A1, 0xA081, 0x98A1, 0x88A0, 0x78A0, 0x60A0, 0x5080, 0x4080, 0x48E1, 0x6982, 0x8A24, 0x8203, 0x6121,
  0x48A0, 0x4080, 0x40A0, 0x50E0, 0x6940, 0x7160, 0x6960, 0x5961, 0x61E5, 0x38E2, 0x6A88, 0x7287, 0x28A1, 0x82C8, 0x7A46, 0x71E4,
  0xC1C0, 0xEA40, 0xF2C0, 0xFB40, 0xFB60, 0xF2C0, 0xE9E0, 0xE120, 0xD981, 0xEA22, 0xF202, 0xF161, 0xF100, 0xE921, 0xE161, 0xE9C1,
  0xF1C1, 0xF180, 0xE900, 0xD0A0, 0xB040, 0x9020, 0x9020, 0xA020, 0xA820, 0x9820, 0x9861, 0xA8C1, 0xA8C1, 0x9080, 0x7820, 0x7820,
  0x8040, 0x8060, 0x9081, 0xA0A1, 0xA080, 0x9880, 0x8080, 0x68A0, 0x58A0, 0x5080, 0x4080, 0x50E1, 0x7162, 0x89E3, 0x89C2, 0x6121,
  0x4880, 0x3880, 0x40A0, 0x5900, 0x6940, 0x7161, 0x6960, 0x5941, 0x59C4, 0x28C2, 0x72A9, 0x72A8, 0x7AC9, 0x7A67, 0x61C5, 0x4943,
  0xC1C0, 0xEA40, 0xF2E0, 0xFB60, 0xFB40, 0xF2A0, 0xE9A0, 0xE140, 0xE1C1, 0xEA62, 0xF202, 0xF141, 0xE900, 0xE920, 0xE981, 0xE9C1,
  0xF1C1, 0xF160, 0xE0E0, 0xD080, 0xB040, 0x9820, 0x9820, 0xA820, 0xA820, 0x9020, 0x8861, 0x98A1, 0x98A1, 0x8060, 0x7020, 0x8020,
  0x8840, 0x9060, 0xA0C1, 0xB101, 0xB0E1, 0x98A0, 0x7880, 0x6080, 0x58A0, 0x50A0, 0x58E0, 0x7161, 0x8A02, 0xA222, 0x91E2, 0x7121,
  0x48A0, 0x4080, 0x48C0, 0x5921, 0x6940, 0x6960, 0x6960, 0x5941, 0x59A3, 0x6A67, 0x7AEA, 0x7AEA, 0x82EA, 0x7AA9, 0x59C5, 0x3902,
  0xC1E0, 0xEA60, 0xF300, 0xFB60, 0xFB20, 0xF260, 0xE9A0, 0xE181, 0xEA22, 0xF2A2, 0xF1E2, 0xF121, 0xE8E0, 0xE920, 0xE9A1, 0xF1E1,
  0xE9A1, 0xE920, 0xE0C0, 0xC880, 0xB060, 0xA040, 0xA040, 0xA840, 0xA020, 0x8820, 0x8861, 0x88A1, 0x8881, 0x7840, 0x7820, 0x8840,
  0x9860, 0xA8C1, 0xB961, 0xC9A2, 0xC141, 0x98A0, 0x7060, 0x5060, 0x5080, 0x58C0, 0x7141, 0x9A22, 0xB2C3, 0xBAC3, 0xA202, 0x8161,
  0x58C0, 0x40A0, 0x48E0, 0x5920, 0x6120, 0x6140, 0x6160, 0x5941, 0x5182, 0x6A67, 0x830A, 0x1861, 0x1860, 0x1840, 0x1040, 0x4164,
  0xC1E0, 0xEA80, 0xFB20, 0xFB60, 0xFB00, 0xF240, 0xE9A0, 0xE9C1, 0xEA82, 0xF2A2, 0xF1C1, 0xF0E0, 0xF0E0, 0xF120, 0xF1A1, 0xE9C1,
  0xE981, 0xE100, 0xD8A0, 0xC880, 0xC060, 0xB060, 0xB060, 0xB040, 0xA040, 0x8840, 0x8061, 0x8881, 0x8060, 0x7840, 0x8040, 0x9860,
  0xB0A1, 0xC121, 0xD202, 0xDA22, 0xC981, 0xA0C0, 0x7060, 0x5040, 0x5080, 0x60E1, 0x89E2, 0xB2E3, 0xCB84, 0xC304, 0xAA22, 0x8161,
  0x60E0, 0x48C0, 0x48C0, 0x5100, 0x5900, 0x6120, 0x6140, 0x5120, 0x4942, 0x6226, 0x7B0A, 0x1860, 0x1840, 0x1840, 0x834C, 0x6207,
  0xC1E0, 0xEAA0, 0xFB20, 0xFB60, 0xFAE0, 0xF220, 0xF1C0, 0xEA01, 0xF2C2, 0xF2A2, 0xF1A1, 0xE8E0, 0xF0E0, 0xF140, 0xF1A1, 0xE9A1,
  0xE140, 0xE0E0, 0xD8A0, 0xD080, 0xC880, 0xC080, 0xB860, 0xB040, 0x9840, 0x8840, 0x8881, 0x8881, 0x8881, 0x8860, 0x9060, 0xA8A1,
  0xC101, 0xD1A1, 0xDA62, 0xDA42, 0xC961, 0xA8C0, 0x8060, 0x6060, 0x5880, 0x7121, 0x9A22, 0xBB04, 0xC364, 0xB2C4, 0x99E2, 0x7941,
  0x58E0, 0x48A0, 0x40A0, 0x48C0, 0x5100, 0x6120, 0x6140, 0x5120, 0x4922, 0x5A06, 0x1861, 0x8B6C, 0x9BEE, 0x1040, 0x1020, 0x1020,
  0xC200, 0xEAA0, 0xFB40, 0xFB40, 0xFAC0, 0xF220, 0xF1E0, 0xF261, 0xF2E2, 0xF282, 0xF161, 0xE8E0, 0xF0E0, 0xF140, 0xF1A1, 0xE981,
  0xD900, 0xD8C0, 0xD8A0, 0xD0A0, 0xD0A0, 0xC880, 0xC060, 0xB040, 0x9020, 0x8060, 0x90A1, 0x98C1, 0x98C1, 0x98A1, 0xA0A1, 0xB101,
  0xC961, 0xD1C2, 0xDA42, 0xDA02, 0xC921, 0xB0A0, 0x9080, 0x7080, 0x68C1, 0x7941, 0x9A02, 0xA283, 0x9A83, 0x8A02, 0x7961, 0x60E0,
  0x50C0, 0x4080, 0x38A0, 0x48C0, 0x5100, 0x6120, 0x5920, 0x4900, 0x4101, 0x51E5, 0x1861, 0x1860, 0x1840, 0x1040, 0x1020, 0x6A47,
  0xCA00, 0xEAC0, 0xFB20, 0xFB20, 0xFAC0, 0xF220, 0xF220, 0xF2A1, 0xF302, 0xF261, 0xE941, 0xF0E0, 0xF100, 0xF960, 0xF1A1, 0xE161,
  0xD8E0, 0xD8C0, 0xD8C0, 0xD8C0, 0xD8A0, 0xD080, 0xC860, 0xA840, 0x9020, 0x8861, 0x90A1, 0xA8E1, 0xA901, 0xA901, 0xA8E1, 0xB921,
  0xC982, 0xD1C2, 0xD9E2, 0xD181, 0xC8E1, 0xB080, 0x9080, 0x7881, 0x68C1, 0x7121, 0x8182, 0x79A2, 0x6961, 0x6121, 0x50C0, 0x48A0,
  0x3880, 0x3080, 0x3880, 0x48E0, 0x5900, 0x6120, 0x5920, 0x40E0, 0x38E1, 0x49A4, 0x1860, 0x1840, 0x1040, 0x830A, 0x7A88, 0x59C5,
  0xCA00, 0xEAC0, 0xFB20, 0xFB20, 0xFAA0, 0xFA40, 0xF241, 0xF2E1, 0xFB02, 0xF221, 0xE920, 0xF0E1, 0xF120, 0xF960, 0xF181, 0xE121,
  0xD0C0, 0xD8E0, 0xE100, 0xD8E0, 0xD8C0, 0xD8A0, 0xC860, 0xA840, 0x9020, 0x8840, 0x98A1, 0xB0E1, 0xB921, 0xB121, 0xA901, 0xB921,
  0xC161, 0xC981, 0xC981, 0xC921, 0xC0A0, 0xB080, 0x9080, 0x7080, 0x60A1, 0x60C1, 0x58E1, 0x50C1, 0x40A0, 0x3880, 0x3860, 0x3060,
  0x3060, 0x2860, 0x3080, 0x48C0, 0x6120, 0x6120, 0x5100, 0x38C0, 0x38C0, 0x4163, 0x1860, 0x832B, 0x82EA, 0x7268, 0x6A06, 0x59A5,
  0xCA20, 0xEAC0, 0xFB20, 0xFB20, 0xFAA0, 0xFA60, 0xFA81, 0xFB01, 0xF2E1, 0xF1E1, 0xE900, 0xF0E1, 0xF121, 0xF981, 0xE980, 0xD900,
  0xD0C0, 0xD901, 0xE141, 0xE121, 0xD8C0, 0xD8A0, 0xC880, 0xA840, 0x9020, 0x8840, 0x9881, 0xB0C1, 0xB901, 0xA901, 0xA0C1, 0xA8E1,
  0xB101, 0xB921, 0xB901, 0xB8C1, 0xB880, 0xA860, 0x8060, 0x6060, 0x5060, 0x4860, 0x4060, 0x3840, 0x3040, 0x2840, 0x2840, 0x2840,
  0x2860, 0x2840, 0x2860, 0x40A0, 0x5900, 0x5900, 0x48E0, 0x38C0, 0x30C0, 0x4143, 0x1860, 0x1040, 0x830A, 0x7A88, 0x6A27, 0x59C5,
  0xCA20, 0xEAC0, 0xFB20, 0xFB00, 0xFAC0, 0xFA80, 0xFAC1, 0xFB21, 0xF2C1, 0xF1A0, 0xF100, 0xF101, 0xF941, 0xF181, 0xE960, 0xD8E0,
  0xD8E0, 0xE141, 0xE981, 0xE961, 0xE0E0, 0xD8A0, 0xD080, 0xB040, 0x9020, 0x8840, 0x9060, 0xA880, 0xA8C1, 0x98A1, 0x9080, 0x9080,
  0xA0A0, 0xA8C1, 0xB0C1, 0xB0A0, 0xA860, 0x9860, 0x7040, 0x5040, 0x4040, 0x3840, 0x3020, 0x2820, 0x2020, 0x2020, 0x2840, 0x2860,
  0x2860, 0x2860, 0x2840, 0x3880, 0x48C0, 0x50E0, 0x40E0, 0x30C0, 0x30C0, 0x4142, 0x1840, 0x1020, 0x8B6C, 0x0820, 0x0820, 0x6206,
  0xCA20, 0xEAC0, 0xFB20, 0xFB00, 0xFAC0, 0xFAA0, 0xFAE1, 0xFB41, 0xF2A1, 0xF180, 0xF100, 0xF121, 0xF961, 0xF181, 0xE940, 0xD8E0,
  0xD901, 0xE981, 0xF1C1, 0xE981, 0xE100, 0xE0C0, 0xD080, 0xB040, 0x9820, 0x8820, 0x9040, 0xA060, 0xA080, 0x8860, 0x7840, 0x8040,
  0x9060, 0xA0A1, 0xB0C1, 0xB0A1, 0xA860, 0x9060, 0x6840, 0x4820, 0x3840, 0x3020, 0x2820, 0x2020, 0x2020, 0x2040, 0x2860, 0x3080,
  0x3080, 0x2860, 0x2860, 0x2860, 0x38A0, 0x40C0, 0x38C0, 0x30A0, 0x30C0, 0x3922, 0x6247, 0x1020, 0x0820, 0x0820, 0x0820, 0x6247,
  0xCA20, 0xEAC0, 0xFB20, 0xFB00, 0xFAC0, 0xFAC0, 0xFB21, 0xFB41, 0xF281, 0xE960, 0xF100, 0xF140, 0xF181, 0xF1A1, 0xE140, 0xD8E0,
  0xE141, 0xE9C1, 0xF1E1, 0xF1A0, 0xE920, 0xE0E0, 0xD0A0, 0xB840, 0x9820, 0x9020, 0x9820, 0x9840, 0x9040, 0x7820, 0x6800, 0x7020,
  0x8860, 0xA8C1, 0xB8E1, 0xB0C1, 0xA880, 0x9080, 0x6860, 0x4020, 0x3020, 0x2820, 0x2020, 0x1800, 0x2020, 0x2840, 0x3080, 0x3080,
  0x3080, 0x2880, 0x2860, 0x2860, 0x3080, 0x30A0, 0x30A0, 0x28A0, 0x28A0, 0x3902, 0x5A26, 0x0820, 0x0800, 0x0800, 0x0800, 0x6227,
  0xC220, 0xEAC0, 0xF320, 0xFB00, 0xFAC0, 0xFAE1, 0xFB41, 0xFB21, 0xF240, 0xE960, 0xF120, 0xF160, 0xF1A1, 0xF1A1, 0xE120, 0xD900,
  0xE181, 0xF1E1, 0xF201, 0xF1C0, 0xE940, 0xE0E0, 0xD8A0, 0xB840, 0xA820, 0x9820, 0x9020, 0x9020, 0x8820, 0x7020, 0x6000, 0x7020,
  0x9080, 0xB101, 0xC121, 0xB8E1, 0xA8A1, 0x90A0, 0x6860, 0x4840, 0x3020, 0x2820, 0x1800, 0x1820, 0x2040, 0x3060, 0x3880, 0x3880,
  0x3080, 0x2860, 0x2860, 0x2860, 0x3080, 0x3080, 0x2880, 0x2880, 0x28A0, 0x30E1, 0x51C5, 0x0820, 0x0800, 0x0800, 0x830A, 0x6A47,
  0xC220, 0xEAC0, 0xF320, 0xFB00, 0xFAE0, 0xFB01, 0xFB41, 0xF301, 0xF220, 0xE940, 0xF160, 0xF1A1, 0xF1E1, 0xF1A1, 0xE140, 0xD941,
  0xE9A1, 0xF1E1, 0xFA01, 0xF1C0, 0xF140, 0xE900, 0xD8A0, 0xC040, 0xA820, 0xA020, 0x9020, 0x8820, 0x8820, 0x7020, 0x6020, 0x7840,
  0xA0A1, 0xC121, 0xC921, 0xC0E1, 0xB0C1, 0x98C1, 0x6880, 0x4840, 0x3840, 0x2840, 0x2020, 0x2020, 0x2840, 0x3080, 0x38A0, 0x3080,
  0x2860, 0x2840, 0x2860, 0x3080, 0x38A0, 0x38A0, 0x3080, 0x2880, 0x2880, 0x28C1, 0x4184, 0x0820, 0x93EE, 0x0800, 0x1020, 0x1820,
  0xC220, 0xEAC0, 0xF300, 0xFB00, 0xFAE0, 0xFB01, 0xFB41, 0xF2E1, 0xF200, 0xF180, 0xF1A0, 0xF9E1, 0xF221, 0xE9C1, 0xE141, 0xE181,
  0xE9E1, 0xF201, 0xF1E1, 0xF1A0, 0xF140, 0xE900, 0xD8A0, 0xC040, 0xB020, 0x9820, 0x8820, 0x8020, 0x8040, 0x7040, 0x6840, 0x8060,
  0xA8C1, 0xC921, 0xC921, 0xB8E1, 0xA8E1, 0x90C1, 0x6880, 0x5080, 0x4881, 0x3860, 0x2840, 0x2860, 0x3060, 0x3080, 0x3880, 0x3060,
  0x2840, 0x2840, 0x3060, 0x40A0, 0x50E0, 0x48E0, 0x38A0, 0x2880, 0x2080, 0x28A0, 0x3943, 0x0820, 0x0800, 0x0800, 0x1020, 0x7A68,
  0xC220, 0xE2C0, 0xF300, 0xFAE0, 0xFAE0, 0xFB21, 0xFB41, 0xF2C0, 0xE9E0, 0xF1A0, 0xF1E0, 0xFA41, 0xF241, 0xE9C1, 0xE161, 0xE1C1,
  0xEA01, 0xF1E1, 0xF1E1, 0xF1A0, 0xF140, 0xE900, 0xD0A0, 0xC040, 0xA840, 0x9820, 0x8000, 0x8020, 0x8040, 0x7861, 0x7860, 0x9081,
  0xB0E1, 0xC101, 0xC0E1, 0xB0C1, 0xA0C1, 0x88A1, 0x6880, 0x60C1, 0x60C1, 0x48A1, 0x3880, 0x3880, 0x38A0, 0x3880, 0x3060, 0x3060,
  0x2860, 0x2860, 0x3880, 0x50E0, 0x6921, 0x6120, 0x48E0, 0x3080, 0x2080, 0x28A0, 0x3923, 0x0820, 0x834C, 0x8B6C, 0x82C9, 0x6A06,
  0xC220, 0xE2C0, 0xF2E0, 0xF2E0, 0xF2E0, 0xF321, 0xF321, 0xF2A0, 0xE9E0, 0xF1E0, 0xF240, 0xFA81, 0xF261, 0xE9C1, 0xE181, 0xE1E2,
  0xEA02, 0xE9E1, 0xE9A0, 0xF180, 0xF140, 0xE100, 0xD080, 0xB840, 0xA820, 0x9020, 0x8000, 0x7820, 0x8061, 0x8881, 0x8881, 0x9081,
  0xA8A1, 0xB0C1, 0xA8A1, 0xA0A1, 0x90A1, 0x80A0, 0x78A0, 0x78E1, 0x7101, 0x58C1, 0x48A0, 0x48C1, 0x48C1, 0x38A0, 0x3060, 0x3060,
  0x3060, 0x3880, 0x48C0, 0x6941, 0x79A1, 0x7161, 0x50E0, 0x30A0, 0x2880, 0x28A0, 0x3922, 0x0820, 0x0800, 0x0800, 0x7268, 0x61E6,
  0xC220, 0xE2A0, 0xF2E0, 0xF2C0, 0xF2E0, 0xF321, 0xF320, 0xF280, 0xF200, 0xF240, 0xFAA0, 0xFAC1, 0xF261, 0xE9C1, 0xE1A1, 0xE202,
  0xE1E2, 0xE1A1, 0xE980, 0xF160, 0xE940, 0xE100, 0xC880, 0xB840, 0xA820, 0x9020, 0x8000, 0x8020, 0x8881, 0x90C1, 0x9081, 0x9081,
  0x9881, 0xA080, 0x9860, 0x9080, 0x9080, 0x88A0, 0x88C1, 0x8901, 0x7901, 0x60C1, 0x50A0, 0x50E1, 0x50E1, 0x48C1, 0x3880, 0x3060,
  0x3860, 0x48C0, 0x6941, 0x81E2, 0x9202, 0x79A1, 0x5100, 0x30A0, 0x2880, 0x28A0, 0x3922, 0x0820, 0x0800, 0x72C9, 0x6227, 0x59E6,
  0xC220, 0xE2A0, 0xF2C0, 0xF2C0, 0xF2E0, 0xF320, 0xF300, 0xF260, 0xF220, 0xF2A0, 0xFAE0, 0xFAE1, 0xF241, 0xE9A1, 0xE1C2, 0xE202,
  0xD9C1, 0xD961, 0xE940, 0xF140, 0xE940, 0xD0E0, 0xC060, 0xB040, 0xA820, 0x9820, 0x8820, 0x8840, 0x9081, 0x98A1, 0x9081, 0x8860,
  0x8860, 0x8860, 0x8860, 0x9080, 0x90A1, 0x98A1, 0x98E1, 0x9101, 0x8101, 0x68C1, 0x60A0, 0x58C1, 0x5901, 0x5101, 0x40A0, 0x3880,
  0x4880, 0x6120, 0x89E2, 0xA2A3, 0xA282, 0x81C1, 0x5900, 0x38A0, 0x28A0, 0x30C0, 0x3922, 0x5A06, 0x0820, 0x72A9, 0x5A27, 0x51A5,
  0xBA20, 0xE280, 0xF2A0, 0xF2C0, 0xF300, 0xF320, 0xF300, 0xF260, 0xF280, 0xF2E0, 0xFB20, 0xFAE1, 0xF221, 0xE1A1, 0xE1C2, 0xD9E2,
  0xD181, 0xD921, 0xE120, 0xE940, 0xE140, 0xC8C0, 0xB860, 0xB040, 0xB040, 0xA840, 0x9820, 0x9040, 0x9061, 0x9081, 0x8860, 0x7840,
  0x7860, 0x8060, 0x8880, 0x90A1, 0xA0E1, 0xA8E1, 0xA0E1, 0x90E1, 0x80E1, 0x78E1, 0x68C1, 0x60C0, 0x6101, 0x6121, 0x5901, 0x48A0,
  0x50A0, 0x6921, 0x9222, 0xB304, 0xB2E3, 0x89E1, 0x5920, 0x38A0, 0x30A0, 0x30C0, 0x3921, 0x59E5, 0x0820, 0x72EA, 0x6268, 0x49A5,
  0xBA00, 0xE260, 0xEA80, 0xF2C0, 0xF300, 0xF340, 0xF2E0, 0xF280, 0xF2C0, 0xFB40, 0xFB40, 0xFAE1, 0xEA01, 0xE181, 0xE1C2, 0xD9A2,
  0xC921, 0xD900, 0xE920, 0xE940, 0xE100, 0xC0A0, 0xB040, 0xB840, 0xC060, 0xB860, 0xA840, 0x9820, 0x9040, 0x8860, 0x8040, 0x7040,
  0x7060, 0x8060, 0x88A1, 0xA102, 0xB142, 0xB901, 0xA8C1, 0x98C1, 0x90E1, 0x88E1, 0x78C1, 0x60A0, 0x60E1, 0x6941, 0x7141, 0x6101,
  0x58C0, 0x6101, 0x81E2, 0xA2A3, 0xAAA2, 0x89E1, 0x5920, 0x38A0, 0x28A0, 0x30C0, 0x3901, 0x51E5, 0x1020, 0x1020, 0x72EA, 0x59E6,
  0xB9E0, 0xDA40, 0xEA80, 0xF2C0, 0xF320, 0xF340, 0xF2E0, 0xF2A0, 0xF320, 0xFB80, 0xFB40, 0xF2A0, 0xE9C0, 0xE181, 0xE1A1, 0xD161,
  0xC901, 0xD921, 0xE940, 0xE940, 0xD8E0, 0xC080, 0xB840, 0xC060, 0xD0A0, 0xC880, 0xB860, 0xA020, 0x8820, 0x8020, 0x7820, 0x7020,
  0x6840, 0x7860, 0x90A1, 0xA942, 0xC162, 0xC101, 0xB8C1, 0xA8E1, 0xA901, 0xA101, 0x80C1, 0x60A0, 0x60E1, 0x7962, 0x81A2, 0x7961,
  0x6901, 0x6100, 0x7161, 0x89E2, 0x9202, 0x79A1, 0x5100, 0x3080, 0x2080, 0x28A0, 0x38E1, 0x51C4, 0x1020, 0x1020, 0x1020, 0x6248,
  0xB9E0, 0xDA40, 0xEA80, 0xF300, 0xF340, 0xF340, 0xF2E0, 0xF2E0, 0xF360, 0xFB80, 0xFB20, 0xF260, 0xE9A0, 0xE961, 0xE181, 0xD121,
  0xD101, 0xE161, 0xE981, 0xE940, 0xD8C0, 0xC080, 0xC060, 0xD0A0, 0xD8E1, 0xD8A0, 0xC060, 0xA020, 0x8820, 0x8020, 0x7820, 0x7020,
  0x6820, 0x7040, 0x90A1, 0xB122, 0xC942, 0xC8E1, 0xC0E0, 0xC141, 0xC161, 0xB141, 0x90E1, 0x68A0, 0x68E1, 0x8182, 0x99E2, 0x91C2,
  0x8161, 0x7141, 0x6941, 0x7982, 0x81A1, 0x7161, 0x48E0, 0x3080, 0x2060, 0x2080, 0x30C1, 0x4963, 0x1840, 0x1820, 0x7B0B, 0x6A68,
  0xB9C0, 0xDA40, 0xEAA0, 0xF320, 0xF360, 0xF340, 0xF2E0, 0xF320, 0xFBA0, 0xFBA0, 0xFAE0, 0xF200, 0xE960, 0xE961, 0xE161, 0xD121,
  0xD941, 0xE9C1, 0xF1A1, 0xE920, 0xD8C0, 0xC880, 0xD0C0, 0xE101, 0xE101, 0xD8C1, 0xC860, 0xA820, 0x9000, 0x8020, 0x7820, 0x7020,
  0x6820, 0x7040, 0x90A1, 0xB901, 0xC901, 0xD0E1, 0xD141, 0xD1E2, 0xD222, 0xB9A1, 0x9901, 0x78A0, 0x78E1, 0x9182, 0xA1E2, 0xA1E2,
  0x91C2, 0x81A2, 0x79C3, 0x81E3, 0x81C2, 0x6961, 0x48E0, 0x3080, 0x2880, 0x2880, 0x28C0, 0x4143, 0x6267, 0x2040, 0x72EA, 0x6A68,
  0xB9C0, 0xDA40, 0xF2C0, 0xF340, 0xF380, 0xF340, 0xF300, 0xF360, 0xFBC0, 0xFB60, 0xFA80, 0xF1A0, 0xE960, 0xE961, 0xE141, 0xD921,
  0xE1A1, 0xEA01, 0xF1C1, 0xE920, 0xD8C0, 0xD0E0, 0xE121, 0xE961, 0xE941, 0xE0C0, 0xC860, 0xA820, 0x9020, 0x8820, 0x8040, 0x7020,
  0x6820, 0x7040, 0x9880, 0xB8E1, 0xC8E1, 0xD101, 0xD9E1, 0xDAC2, 0xDA82, 0xC1C1, 0xA0E1, 0x88A1, 0x88E1, 0x9962, 0xA1A2, 0xA1C2,
  0x99E2, 0x9203, 0x8A45, 0x9285, 0x9224, 0x7982, 0x50E0, 0x38A0, 0x2880, 0x2880, 0x28A0, 0x3922, 0x5A27, 0x2040, 0x72EA, 0x1020,
  0xB9C0, 0xDA60, 0xF300, 0xF380, 0xFBA0, 0xF340, 0xF320, 0xFB80, 0xFBA0, 0xFB00, 0xF220, 0xF180, 0xF160, 0xE980, 0xE140, 0xD961,
  0xE9E1, 0xF222, 0xF1C1, 0xE920, 0xD8E0, 0xE141, 0xE9A1, 0xF1C1, 0xE941, 0xE0C0, 0xC860, 0xA820, 0x9820, 0x9860, 0x8861, 0x7840,
  0x6820, 0x7840, 0xA0A1, 0xC0C1, 0xC8C1, 0xD941, 0xE262, 0xE323, 0xDAC2, 0xC1A1, 0xA900, 0x98C1, 0xA0E1, 0xA122, 0x9941, 0x9161,
  0x91A2, 0x89E3, 0x8A65, 0x9AC6, 0x9A85, 0x81C2, 0x5901, 0x38A0, 0x30A0, 0x28A0, 0x30A0, 0x3922, 0x5A27, 0x2040, 0x7AEA, 0x7AEA,
  0xB9E0, 0xE280, 0xF320, 0xF3A0, 0xFBA0, 0xF340, 0xF340, 0xFBA0, 0xFB60, 0xFAA0, 0xF1C0, 0xF160, 0xF180, 0xE980, 0xE160, 0xE1A1,
  0xEA22, 0xF222, 0xF1A1, 0xE940, 0xE161, 0xE9C1, 0xF221, 0xF1E1, 0xF160, 0xE0C0, 0xC060, 0xA840, 0xA040, 0xA081, 0x90A1, 0x7840,
  0x7020, 0x8060, 0xA0A1, 0xB8C1, 0xC8C1, 0xD961, 0xE282, 0xE303, 0xD282, 0xC181, 0xB120, 0xB121, 0xB142, 0xA922, 0x9101, 0x8121,
  0x8141, 0x7982, 0x79E4, 0x9A85, 0xA2A5, 0x91E3, 0x6941, 0x40C0, 0x30A0, 0x2880, 0x30A0, 0x3902, 0x5A26, 0x1840, 0x834B, 0x834B,
  0xB9E0, 0xE2A0, 0xF360, 0xFBC0, 0xFB80, 0xF340, 0xF360, 0xFBA0, 0xFB20, 0xFA40, 0xF180, 0xF160, 0xF1A0, 0xE9A1, 0xE981, 0xE9C1,
  0xF222, 0xF201, 0xF1A1, 0xE961, 0xE9C1, 0xF221, 0xF241, 0xF1E1, 0xE960, 0xD8C0, 0xC060, 0xA840, 0xA861, 0xA8A1, 0x98A1, 0x7860,
  0x7020, 0x8060, 0x98A1, 0xB0A1, 0xC0C0, 0xD161, 0xE222, 0xDA62, 0xD201, 0xC9A0, 0xC181, 0xC1C2, 0xC1A2, 0xA942, 0x88E1, 0x78E1,
  0x7121, 0x7141, 0x7983, 0x9224, 0xAA84, 0x9A03, 0x7161, 0x48E0, 0x30A0, 0x2880, 0x30A0, 0x3901, 0x5A06, 0x1020, 0x834C, 0x834C,
  0xC200, 0xE2E0, 0xF380, 0xFBC0, 0xF360, 0xF340, 0xFB80, 0xFB80, 0xFAC0, 0xF9E0, 0xF180, 0xF9A0, 0xF1E1, 0xF1C1, 0xE9A1, 0xE9E1,
  0xF201, 0xF1E1, 0xF1A1, 0xE9A1, 0xF201, 0xF261, 0xF241, 0xF1C0, 0xE940, 0xD0C0, 0xB860, 0xA840, 0xB081, 0xB0C1, 0x98A1, 0x8040,
  0x7820, 0x8060, 0x9081, 0xA080, 0xB080, 0xC900, 0xD181, 0xD1A1, 0xD1A0, 0xC9A0, 0xC9E1, 0xCA02, 0xC1E2, 0xA162, 0x80E1, 0x70C1,
  0x7121, 0x7942, 0x8182, 0x91E3, 0xA203, 0x91C2, 0x7141, 0x48E0, 0x30A0, 0x30A0, 0x30A0, 0x3901, 0x51C5, 0x72EA, 0x834C, 0x834C,
  0xC240, 0xE300, 0xF380, 0xF380, 0xFB40, 0xF340, 0xFB80, 0xFB40, 0xFA60, 0xF9C0, 0xF9A0, 0xF9E0, 0xF201, 0xF1E1, 0xE9C1, 0xE9E1,
  0xF1C1, 0xF1A1, 0xF1A1, 0xF1C1, 0xF201, 0xF221, 0xF1E1, 0xE980, 0xE120, 0xC8C0, 0xB060, 0xB060, 0xB8C1, 0xB0E1, 0x98A1, 0x8040,
  0x8040, 0x8860, 0x9080, 0x9060, 0xA060, 0xB8A0, 0xB8E0, 0xB900, 0xC120, 0xC980, 0xC9C1, 0xC202, 0xB1C2, 0x9121, 0x78C1, 0x70E1,
  0x7962, 0x89A2, 0x91A2, 0x91A2, 0x99A1, 0x8161, 0x6100, 0x40C0, 0x30A0, 0x30A0, 0x30A0, 0x3901, 0x51A4, 0x1000, 0x7B2B, 0x7B2B,
  0xC260, 0xE300, 0xF360, 0xF360, 0xFB20, 0xFB40, 0xFB60, 0xFAE0, 0xFA20, 0xF9C0, 0xF9E0, 0xFA20, 0xF241, 0xF201, 0xF1E1, 0xE9C1,
  0xE981, 0xE981, 0xE9A1, 0xE9A1, 0xE9C1, 0xE9A1, 0xE980, 0xE960, 0xE120, 0xC8A0, 0xB060, 0xB081, 0xC101, 0xB901, 0xA0A0, 0x9040,
  0x8840, 0x9081, 0x8861, 0x8840, 0x9040, 0xA060, 0xA080, 0xA0A0, 0xB0E0, 0xC120, 0xC161, 0xB1A2, 0xA162, 0x8901, 0x78E1, 0x8142,
  0x91E3, 0xA203, 0xA1C2, 0x9981, 0x8941, 0x7920, 0x58E0, 0x38A0, 0x3080, 0x30A0, 0x30A0, 0x38E1, 0x4963, 0x6268, 0x72EA, 0x72EA,
  0xC260, 0xE300, 0xF340, 0xF320, 0xFB20, 0xFB40, 0xFB40, 0xFAA0, 0xFA20, 0xFA20, 0xFA40, 0xFA81, 0xF261, 0xF201, 0xF1C1, 0xE981,
  0xE961, 0xE961, 0xE961, 0xE961, 0xE940, 0xE140, 0xE120, 0xE140, 0xD900, 0xC0A0, 0xB880, 0xC0E1, 0xC941, 0xC121, 0xA8C0, 0x9860,
  0x9060, 0x9081, 0x8881, 0x8040, 0x8020, 0x8840, 0x8840, 0x8860, 0xA0A0, 0xA8E0, 0xA901, 0xA942, 0x9942, 0x8921, 0x8121, 0x91A2,
  0xAA23, 0xB223, 0xA9C2, 0x9981, 0x8940, 0x7100, 0x50C0, 0x38A0, 0x3080, 0x28A0, 0x30A0, 0x30C0, 0x4123, 0x5A27, 0x6ACA, 0x6ACA,
  0xC260, 0xE2E0, 0xEB00, 0xF300, 0xFB20, 0xFB40, 0xFB00, 0xFA80, 0xFA40, 0xFA80, 0xFAC0, 0xFAC1, 0xF261, 0xF1E1, 0xE9A1, 0xE961,
  0xE140, 0xE140, 0xE120, 0xE100, 0xD8E0, 0xD8E0, 0xD920, 0xE140, 0xD900, 0xC8A0, 0xC0A0, 0xC921, 0xD982, 0xC941, 0xB0C1, 0x9860,
  0x9860, 0x9081, 0x8861, 0x7840, 0x7020, 0x7020, 0x7020, 0x7840, 0x8860, 0x90A0, 0x98E1, 0x9942, 0x9983, 0x9182, 0x9982, 0xA9E2,
  0xBA23, 0xBA02, 0xA9C1, 0xA161, 0x9160, 0x8140, 0x6120, 0x48C0, 0x30A0, 0x2880, 0x2880, 0x28A0, 0x30E2, 0x51C6, 0x6A89, 0x6A89,
  0xC260, 0xDAC0, 0xEAE0, 0xF2E0, 0xFB20, 0xFB40, 0xFAE0, 0xFA80, 0xFAA0, 0xFAE0, 0xFB00, 0xFAC1, 0xF241, 0xF1C1, 0xE961, 0xE120,
  0xE100, 0xE100, 0xD8E0, 0xD8A0, 0xD0A0, 0xD0C0, 0xD920, 0xE160, 0xD900, 0xD0A0, 0xD0E1, 0xD962, 0xE1A2, 0xC941, 0xB0A0, 0x9840,
  0x9040, 0x9061, 0x8040, 0x7020, 0x6820, 0x6820, 0x6820, 0x6840, 0x7040, 0x7860, 0x88E1, 0x9983, 0xA9E3, 0xA9C3, 0xA9A2, 0xB1C2,
  0xBA02, 0xB9E1, 0xB1A1, 0xA1A1, 0xA1C1, 0x99C1, 0x7981, 0x5900, 0x38A0, 0x2880, 0x2080, 0x2080, 0x30C1, 0x4985, 0x6268, 0x6268,
  0xC240, 0xDA80, 0xEAC0, 0xF2E0, 0xFB20, 0xFB20, 0xFAE0, 0xFAC0, 0xFB00, 0xFB40, 0xFB41, 0xFAA1, 0xF201, 0xE980, 0xE940, 0xE100,
  0xE0E0, 0xD8C0, 0xD8A0, 0xD080, 0xC880, 0xD0C0, 0xD941, 0xE181, 0xE100, 0xD8C0, 0xD921, 0xE1A2, 0xD9A2, 0xC901, 0xA880, 0x9840,
  0x9040, 0x9040, 0x8040, 0x7020, 0x6820, 0x6820, 0x6020, 0x6020, 0x6040, 0x7060, 0x80E1, 0x99A3, 0xAA03, 0xA9C3, 0xA982, 0xB1A1,
  0xB9E1, 0xBA01, 0xB1E1, 0xB202, 0xB222, 0xAA22, 0x89A1, 0x6120, 0x40C0, 0x3080, 0x2060, 0x2080, 0x28C1, 0x4164, 0x6248, 0x6248,
  0xC220, 0xDA60, 0xEAA0, 0xF300, 0xFB20, 0xFB00, 0xFAE0, 0xFB20, 0xFB80, 0xFB80, 0xFB21, 0xF260, 0xF1C0, 0xE960, 0xE120, 0xE0E0,
  0xD8C0, 0xD8A0, 0xD0A0, 0xD0A0, 0xC8A0, 0xC8E0, 0xD981, 0xE981, 0xE921, 0xE101, 0xE961, 0xE9C2, 0xD981, 0xC0E1, 0xA060, 0x9020,
  0x9040, 0x8820, 0x8020, 0x7020, 0x6820, 0x6820, 0x6020, 0x6020, 0x6820, 0x7080, 0x8901, 0x9182, 0x99A2, 0x9962, 0xA141, 0xB161,
  0xB9C1, 0xC242, 0xC283, 0xC2A3, 0xBAA3, 0xB242, 0x91C1, 0x6920, 0x40C0, 0x3080, 0x2880, 0x2080, 0x28A1, 0x4164, 0x6247, 0x6247,
  0xBA00, 0xDA60, 0xEAC0, 0xF300, 0xFB20, 0xFB00, 0xFB20, 0xFB80, 0xFBC0, 0xFB80, 0xF2E0, 0xF220, 0xE9A0, 0xE960, 0xE120, 0xD8E0,
  0xD8A0, 0xD8C0, 0xD8E0, 0xD0E0, 0xC8C0, 0xD121, 0xE1A1, 0xF1C1, 0xF161, 0xE961, 0xE9C2, 0xE9E2, 0xD161, 0xB0A0, 0x9040, 0x8820,
  0x9040, 0x9040, 0x8020, 0x7820, 0x7020, 0x7040, 0x6840, 0x6820, 0x7840, 0x8081, 0x88E1, 0x8922, 0x8101, 0x88E1, 0x9901, 0xA961,
  0xB9E1, 0xCAA3, 0xCB64, 0xD385, 0xCB44, 0xBAA2, 0x99C1, 0x6920, 0x40A0, 0x3080, 0x2880, 0x2880, 0x30C1, 0x4143, 0x5A27, 0x5A27,
  0xB9E0, 0xDA60, 0xEAC0, 0xF300, 0xFB20, 0xFB00, 0xFB60, 0xFBC0, 0xFBC0, 0xF340, 0xF280, 0xF1E0, 0xE9A0, 0xE960, 0xE120, 0xD8C0,
  0xD8C0, 0xD900, 0xD941, 0xD101, 0xC8E0, 0xD941, 0xE9E1, 0xF1E1, 0xF181, 0xF1C1, 0xF202, 0xEA02, 0xD141, 0xA8A0, 0x9040, 0x8840,
  0x9040, 0x8820, 0x8020, 0x7820, 0x7040, 0x7040, 0x7040, 0x8040, 0x8860, 0x90A1, 0x90C1, 0x80C1, 0x78A1, 0x80C0, 0x9900, 0xB181,
  0xC222, 0xD324, 0xDC27, 0xE487, 0xD3E5, 0xC303, 0x9A01, 0x6920, 0x48C0, 0x3080, 0x2880, 0x2880, 0x30A0, 0x4122, 0x5A06, 0x5A06,
  0xB9E0, 0xD260, 0xEAE0, 0xF300, 0xF300, 0xFB40, 0xFBA0, 0xFBC0, 0xFB80, 0xF2C0, 0xF240, 0xE9E0, 0xE9A0, 0xE160, 0xE100, 0xD8E0,
  0xE100, 0xE181, 0xE181, 0xD921, 0xD101, 0xE181, 0xE9E2, 0xF1E1, 0xF1C1, 0xF202, 0xEA42, 0xE1C1, 0xC921, 0xA880, 0x9060, 0x9040,
  0x9040, 0x8020, 0x7820, 0x7020, 0x7020, 0x7040, 0x8060, 0x9060, 0x9881, 0xA0C1, 0x98C1, 0x88C1, 0x80C0, 0x90E0, 0xA940, 0xC1C1,
  0xD282, 0xDBA5, 0xE488, 0xE4C7, 0xD405, 0xBB02, 0x9A01, 0x6920, 0x48C0, 0x3080, 0x2880, 0x2880, 0x28A0, 0x3902, 0x51E5, 0x51E5,
  0xBA00, 0xD280, 0xE2C0, 0xF2E0, 0xF300, 0xF360, 0xFBA0, 0xFBA0, 0xF300, 0xF260, 0xEA00, 0xE9E1, 0xE9A1, 0xE140, 0xE100, 0xE120,
  0xE981, 0xE9E1, 0xE9A1, 0xD921, 0xD921, 0xE981, 0xF1C1, 0xF9C1, 0xF1C1, 0xF202, 0xEA22, 0xD981, 0xC100, 0xA8A0, 0x9880, 0x9880,
  0x8860, 0x7820, 0x7000, 0x6800, 0x6820, 0x7040, 0x8060, 0x9081, 0xA0A1, 0xA0C1, 0x98E1, 0x90E1, 0x9101, 0xA961, 0xC1C1, 0xD242,
  0xDB03, 0xDBE5, 0xDC47, 0xCC26, 0xBB64, 0x9A62, 0x7981, 0x5900, 0x40C0, 0x38A0, 0x30A0, 0x2880, 0x2880, 0x38E2, 0x49C5, 0x49C5,
  0xB200, 0xD280, 0xE2C0, 0xEAE0, 0xF320, 0xF380, 0xF3A0, 0xF320, 0xF280, 0xEA20, 0xEA21, 0xEA01, 0xE9A1, 0xE160, 0xE140, 0xE980,
  0xE9E1, 0xF201, 0xE981, 0xE120, 0xE121, 0xE981, 0xF1A1, 0xF181, 0xF1A1, 0xE9E1, 0xE1A1, 0xD141, 0xC900, 0xB8E0, 0xB0E0, 0xA0A0,
  0x8860, 0x7820, 0x6800, 0x6000, 0x6820, 0x7040, 0x8861, 0x9081, 0x9881, 0x98A1, 0x98C1, 0x9901, 0xA961, 0xB9E2, 0xCA42, 0xD2C2,
  0xD324, 0xCBA5, 0xBB85, 0xA2E4, 0x8222, 0x6981, 0x5100, 0x40C0, 0x38C0, 0x38C0, 0x30A0, 0x2880, 0x2880, 0x30C1, 0x4184, 0x4184,
  0xB200, 0xCA60, 0xE2A0, 0xEAC0, 0xF320, 0xF360, 0xF340, 0xF2C0, 0xEA40, 0xEA41, 0xEA61, 0xEA21, 0xE9A1, 0xE980, 0xE9A0, 0xF1E0,
  0xF201, 0xF1C1, 0xE940, 0xE0E0, 0xE921, 0xF161, 0xF161, 0xF141, 0xE961, 0xE161, 0xD941, 0xD120, 0xD120, 0xC920, 0xB900, 0xA0A0,
  0x8840, 0x7000, 0x6000, 0x6020, 0x6840, 0x7860, 0x8080, 0x8860, 0x8860, 0x8880, 0x90A1, 0x9921, 0xB1A2, 0xC222, 0xC283, 0xBAA3,
  0xB2C3, 0x9AC3, 0x8243, 0x69A2, 0x5121, 0x40C0, 0x38A0, 0x38A0, 0x38A0, 0x38C0, 0x30A0, 0x2880, 0x2060, 0x28A1, 0x3943, 0x3943,
  0xB200, 0xCA40, 0xDA80, 0xEAE0, 0xF340, 0xF340, 0xF2E0, 0xEA60, 0xEA40, 0xF281, 0xF281, 0xEA21, 0xE9C0, 0xE9C0, 0xF1E0, 0xF201,
  0xF1E1, 0xE981, 0xE100, 0xE0C0, 0xE900, 0xF121, 0xF120, 0xE901, 0xD901, 0xD101, 0xD0E0, 0xD100, 0xD140, 0xC920, 0xB8E0, 0xA080,
  0x8820, 0x6800, 0x6000, 0x6020, 0x7060, 0x8080, 0x8060, 0x8060, 0x8040, 0x8060, 0x88A1, 0x9921, 0xA9A2, 0xB222, 0xA222, 0x9202,
  0x79E2, 0x69A2, 0x5941, 0x40E0, 0x38A0, 0x3080, 0x3080, 0x3080, 0x38A0, 0x38C0, 0x30A0, 0x2060, 0x2060, 0x2080, 0x3103, 0x3103,
  0xA9E0, 0xCA20, 0xDA80, 0xE2E0, 0xF320, 0xF2E0, 0xEA80, 0xEA60, 0xF2A1, 0xF301, 0xF2A1, 0xF241, 0xEA00, 0xF1E0, 0xF1E0, 0xF1C0,
  0xE980, 0xE100, 0xE0C0, 0xE0C0, 0xE900, 0xE900, 0xE8E0, 0xD8C0, 0xD0C0, 0xC8A0, 0xD0C0, 0xD100, 0xD100, 0xC0E0, 0xB080, 0x9840,
  0x8020, 0x6800, 0x5800, 0x6840, 0x7880, 0x88A1, 0x8080, 0x7860, 0x7860, 0x8080, 0x88C1, 0x9121, 0x9982, 0x91A2, 0x7982, 0x6941,
  0x5901, 0x48E0, 0x40C0, 0x38A0, 0x38A0, 0x38A0, 0x38A0, 0x38A0, 0x38C0, 0x38C0, 0x30A0, 0x2060, 0x1840, 0x1860, 0x28C2, 0x28C2,
  0xA9C0, 0xC220, 0xDA80, 0xE2C0, 0xEAE0, 0xEA80, 0xEA60, 0xF2C1, 0xF321, 0xF321, 0xF2C1, 0xF240, 0xF200, 0xF1E0, 0xE9A0, 0xE960,
  0xE100, 0xD8A0, 0xD080, 0xD8C0, 0xE100, 0xE900, 0xE0C0, 0xD0A0, 0xC880, 0xC8A0, 0xD0C0, 0xD0C0, 0xC0A0, 0xB080, 0xA040, 0x9020,
  0x7000, 0x6000, 0x5820, 0x6860, 0x80A1, 0x88C1, 0x80A1, 0x7060, 0x7060, 0x7880, 0x80C1, 0x8101, 0x7921, 0x7121, 0x58E1, 0x50C0,
  0x40C0, 0x38A0, 0x38A0, 0x38A0, 0x40C0, 0x40C0, 0x40E0, 0x40C0, 0x40C0, 0x38C0, 0x30A0, 0x2060, 0x1840, 0x1840, 0x20A2, 0x3964,
  0xA1A0, 0xBA00, 0xD280, 0xE2A0, 0xEA80, 0xEA60, 0xEAA1, 0xF341, 0xF382, 0xF341, 0xF2A1, 0xF240, 0xF1E0, 0xE980, 0xE120, 0xE0E0,
  0xD0A0, 0xC880, 0xC880, 0xD0C0, 0xD901, 0xE0E0, 0xD8C0, 0xD0A0, 0xC880, 0xC880, 0xD0A0, 0xC880, 0xB060, 0xA040, 0x9020, 0x8020,
  0x6800, 0x5800, 0x5820, 0x6860, 0x80A1, 0x88C1, 0x80A1, 0x7080, 0x7080, 0x70A0, 0x70A1, 0x68C1, 0x60C0, 0x58C0, 0x50A0, 0x48A0,
  0x40A0, 0x38A0, 0x38A0, 0x38C0, 0x40E0, 0x4900, 0x4900, 0x48E0, 0x40E0, 0x40E0, 0x30A0, 0x2860, 0x1840, 0x1840, 0x20A1, 0x3944,
  0x99A0, 0xBA00, 0xD260, 0xDA60, 0xEA60, 0xEAA1, 0xF341, 0xF3A2, 0xFB81, 0xF301, 0xF280, 0xF200, 0xE980, 0xE120, 0xD8E0, 0xD0A0,
  0xC060, 0xB860, 0xC080, 0xC8E1, 0xD901, 0xD8E0, 0xD8C0, 0xD0A0, 0xD0A0, 0xD080, 0xD080, 0xB860, 0xA820, 0x9820, 0x8820, 0x7820,
  0x6000, 0x5800, 0x5820, 0x7060, 0x80A1, 0x88C1, 0x80A1, 0x78A1, 0x70A0, 0x68A0, 0x6080, 0x5880, 0x5080, 0x50A0, 0x50A0, 0x48A0,
  0x40C0, 0x38A0, 0x38C0, 0x40C0, 0x4900, 0x5100, 0x5100, 0x4900, 0x40E0, 0x40E0, 0x38C0, 0x2880, 0x2060, 0x1840, 0x2081, 0x3944,
  0x99A0, 0xB200, 0xCA40, 0xDA60, 0xEAA0, 0xF301, 0xF382, 0xFBA2, 0xFB41, 0xF2C0, 0xF240, 0xE9C0, 0xE120, 0xD0C0, 0xC8A0, 0xB860,
  0xB040, 0xB060, 0xB8A0, 0xC8E1, 0xD901, 0xD920, 0xE100, 0xD8C0, 0xD8A0, 0xD880, 0xC860, 0xB840, 0xA040, 0x9020, 0x8020, 0x7020,
  0x6800, 0x6000, 0x6820, 0x7060, 0x8080, 0x80A1, 0x80C1, 0x8901, 0x8101, 0x70E0, 0x60A0, 0x5880, 0x5880, 0x58A0, 0x58C0, 0x50C0,
  0x40C0, 0x38A0, 0x38C0, 0x40E0, 0x4900, 0x5100, 0x5100, 0x48E0, 0x40E0, 0x40E0, 0x38C0, 0x2880, 0x2060, 0x1860, 0x2081, 0x3123,
  0x99A0, 0xB1E0, 0xCA20, 0xDA60, 0xEAE1, 0xF362, 0xFB82, 0xFB41, 0xF2C0, 0xF260, 0xEA00, 0xE160, 0xD900, 0xC8A0, 0xB880, 0xA840,
  0xA040, 0xA860, 0xB8A0, 0xD101, 0xD941, 0xE161, 0xE120, 0xE0E0, 0xE0A0, 0xD880, 0xC880, 0xB880, 0xA060, 0x9040, 0x8020, 0x7820,
  0x7820, 0x7020, 0x7020, 0x7840, 0x7860, 0x80A0, 0x90E1, 0x9941, 0x9141, 0x8101, 0x68A0, 0x6080, 0x60C0, 0x68E1, 0x6101, 0x50E0,
  0x40C0, 0x38A0, 0x38A0, 0x40C0, 0x4900, 0x5100, 0x5100, 0x48E0, 0x40E0, 0x38E0, 0x30C0, 0x2880, 0x2060, 0x1860, 0x2081, 0x2081,
  0x9180, 0xB1E0, 0xCA20, 0xDAA1, 0xEB01, 0xF341, 0xF301, 0xF2C0, 0xF280, 0xF240, 0xE9C0, 0xD940, 0xD0E0, 0xC0A0, 0xB060, 0xA040,
  0xA060, 0xB0A0, 0xC8E0, 0xD961, 0xE9A1, 0xE9A1, 0xE940, 0xE8E0, 0xE0A0, 0xD8A0, 0xD0C0, 0xB8C0, 0xA080, 0x9040, 0x8820, 0x8820,
  0x8020, 0x8020, 0x7820, 0x7840, 0x7860, 0x88A0, 0x9101, 0xA161, 0x9941, 0x8101, 0x70A0, 0x70A0, 0x70E1, 0x7121, 0x6921, 0x50E0,
  0x40A0, 0x38A0, 0x38A0, 0x38C0, 0x48E0, 0x5100, 0x5100, 0x4900, 0x40E0, 0x38C0, 0x30C0, 0x28A0, 0x2060, 0x2060, 0x2080, 0x2080,
  0x9180, 0xB1E0, 0xCA41, 0xDAA1, 0xEAE1, 0xF2C1, 0xF280, 0xF260, 0xF240, 0xEA00, 0xE1A0, 0xD920, 0xC8E0, 0xB8A0, 0xA860, 0xA860,
  0xB0A0, 0xC100, 0xD960, 0xE9C1, 0xF201, 0xF1C0, 0xE940, 0xE8E0, 0xE8C0, 0xE0E0, 0xD100, 0xB8C0, 0xA080, 0x9040, 0x9040, 0x9040,
  0x8840, 0x8040, 0x7820, 0x7020, 0x7840, 0x8080, 0x90E1, 0x9921, 0x9101, 0x80C1, 0x70A0, 0x70C0, 0x7901, 0x7921, 0x6101, 0x48C0,
  0x38A0, 0x3080, 0x3080, 0x38A0, 0x40C0, 0x48E0, 0x4900, 0x48E0, 0x40E0, 0x40E0, 0x38C0, 0x30A0, 0x2880, 0x2060, 0x2080, 0x2080,
  0x9180, 0xA9E1, 0xCA41, 0xDA81, 0xE281, 0xEA40, 0xEA40, 0xF240, 0xF220, 0xE9E0, 0xE180, 0xD120, 0xC8E0, 0xB8A0, 0xB080, 0xB8A0,
  0xC900, 0xD980, 0xE9E0, 0xF221, 0xF221, 0xF1A0, 0xE920, 0xE8E0, 0xE8E0, 0xE120, 0xC900, 0xB0C0, 0xA080, 0x9840, 0x9840, 0x9040,
  0x8840, 0x7820, 0x7020, 0x7020, 0x7040, 0x7860, 0x80C0, 0x88E1, 0x80C1, 0x70A0, 0x70A0, 0x78E0, 0x8121, 0x7901, 0x60E0, 0x48A0,
  0x3880, 0x3060, 0x3080, 0x3080, 0x38A0, 0x40C0, 0x40E0, 0x48E0, 0x40E0, 0x40E0, 0x38E0, 0x30C0, 0x2880, 0x2060, 0x2060, 0x2060,
  0x9181, 0xA9E1, 0xC221, 0xD221, 0xDA00, 0xE200, 0xEA20, 0xEA20, 0xE9E0, 0xE1A0, 0xE160, 0xD120, 0xC8E0, 0xC0A0, 0xC0C0, 0xD120,
  0xE1A0, 0xEA00, 0xF240, 0xF261, 0xF221, 0xF180, 0xF100, 0xE8E0, 0xE100, 0xD100, 0xC0E0, 0xA8A0, 0xA880, 0xA060, 0xA060, 0x9040,
  0x8040, 0x7020, 0x7020, 0x6820, 0x7040, 0x7060, 0x7880, 0x7880, 0x7080, 0x70A0, 0x78C0, 0x8920, 0x8941, 0x8120, 0x60E0, 0x50A0,
  0x4080, 0x3080, 0x2880, 0x2880, 0x3080, 0x38A0, 0x40C0, 0x40E0, 0x40E0, 0x4100, 0x40E0, 0x38C0, 0x28A0, 0x2060, 0x2060, 0x2060,
  0x8981, 0xA1C1, 0xB9C1, 0xC9C0, 0xD9C0, 0xE1E0, 0xE9E0, 0xE9E0, 0xE1A0, 0xE160, 0xD940, 0xD100, 0xC8C0, 0xC8C0, 0xD120, 0xE180,
  0xEA00, 0xF260, 0xF281, 0xFA61, 0xF1E0, 0xF140, 0xE8E0, 0xE0E0, 0xD8E0, 0xC8E0, 0xC0C0, 0xB8C0, 0xB0A0, 0xA8A0, 0x9860, 0x8840,
  0x8020, 0x7820, 0x7020, 0x7040, 0x7840, 0x7860, 0x7860, 0x7880, 0x7880, 0x80E0, 0x9960, 0xA1C1, 0xA1C1, 0x9180, 0x7900, 0x58C0,
  0x48A0, 0x3880, 0x3080, 0x2880, 0x3080, 0x30A0, 0x38C0, 0x40C0, 0x40E0, 0x4100, 0x40E0, 0x38C0, 0x28A0, 0x2060, 0x1840, 0x1840,
  0x8161, 0x9981, 0xA980, 0xC180, 0xD1A0, 0xD9C0, 0xE1A0, 0xE180, 0xE160, 0xE160, 0xD920, 0xD8E0, 0xD0E0, 0xD900, 0xE180, 0xE9E0,
  0xF240, 0xF281, 0xFAA1, 0xF240, 0xF1A0, 0xE900, 0xE0E0, 0xD8E0, 0xD0E0, 0xC900, 0xC900, 0xC900, 0xC0E0, 0xB0C0, 0xA060, 0x9040,
  0x8020, 0x8020, 0x8040, 0x8060, 0x8880, 0x8880, 0x8880, 0x90A0, 0x9900, 0xA9A0, 0xBA21, 0xC281, 0xBA61, 0xA1E0, 0x8140, 0x68E0,
  0x50A0, 0x4080, 0x3880, 0x3080, 0x30A0, 0x30A0, 0x38C0, 0x40C0, 0x40E0, 0x4100, 0x40E0, 0x38C0, 0x28A0, 0x2060, 0x1040, 0x1040,
  0x7920, 0x9120, 0xA140, 0xB960, 0xC980, 0xD980, 0xD960, 0xE160, 0xE160, 0xE140, 0xD900, 0xD900, 0xD900, 0xE160, 0xE9C0, 0xF220,
  0xF280, 0xF2C1, 0xF281, 0xF1E0, 0xE940, 0xE0E0, 0xD900, 0xD920, 0xD941, 0xD941, 0xD961, 0xD961, 0xC920, 0xB8C0, 0xA080, 0x9840,
  0x9040, 0x9060, 0x9080, 0x98A1, 0x98C1, 0x98C0, 0xA0E0, 0xB120, 0xC1C0, 0xD261, 0xDAE1, 0xDB01, 0xCAA1, 0xA9E0, 0x8940, 0x68E0,
  0x58C0, 0x48A0, 0x38A0, 0x38A0, 0x30A0, 0x38A0, 0x38C0, 0x40E0, 0x40E0, 0x4100, 0x40E0, 0x38C0, 0x2880, 0x1860, 0x1020, 0x1020,
  0x70E0, 0x8900, 0xA120, 0xB940, 0xC940, 0xD140, 0xE140, 0xE140, 0xE140, 0xE140, 0xE120, 0xE120, 0xE140, 0xE9A0, 0xF220, 0xF280,
  0xF2C1, 0xF2A0, 0xF220, 0xE980, 0xE120, 0xD920, 0xE161, 0xE181, 0xE9A1, 0xE9A1, 0xE9A1, 0xE181, 0xD120, 0xB8C0, 0xA880, 0x9860,
  0x9860, 0x98A1, 0xA0E1, 0xA901, 0xA901, 0xB100, 0xC140, 0xD1C0, 0xE260, 0xEAE1, 0xEB21, 0xDB01, 0xC260, 0xA1C0, 0x8140, 0x6900,
  0x58E0, 0x50C0, 0x40A0, 0x38A0, 0x30A0, 0x38A0, 0x38C0, 0x40E0, 0x40E0, 0x4100, 0x40E0, 0x38C0, 0x2880, 0x1860, 0x1040, 0x1040,
  0x70E0, 0x8900, 0xA920, 0xB920, 0xC920, 0xD920, 0xE140, 0xE960, 0xE960, 0xE140, 0xE120, 0xE940, 0xE9A0, 0xF200, 0xF280, 0xF2C1,
  0xF2A1, 0xEA20, 0xE180, 0xE120, 0xD940, 0xE1A1, 0xE9E1, 0xE9E1, 0xF1C1, 0xF1C0, 0xE9A1, 0xE160, 0xD120, 0xC0E0, 0xB0A0, 0xA0A0,
  0xA0A1, 0xA8E1, 0xB121, 0xB121, 0xB921, 0xC141, 0xD1A0, 0xE220, 0xEAC1, 0xEB01, 0xE2E1, 0xD281, 0xBA00, 0x9980, 0x8141, 0x7101,
  0x6101, 0x50E0, 0x40C0, 0x30A0, 0x30A0, 0x30A0, 0x38C0, 0x40E0, 0x40E0, 0x4100, 0x40E0, 0x38C0, 0x28A0, 0x2060, 0x1040, 0x1040,
  0x80E0, 0xA100, 0xB900, 0xC900, 0xD920, 0xE140, 0xE961, 0xE961, 0xE961, 0xE940, 0xE960, 0xE9A0, 0xF200, 0xF260, 0xF2A0, 0xF280,
  0xEA00, 0xE180, 0xD920, 0xD960, 0xE1C1, 0xEA01, 0xF201, 0xF1E1, 0xF1A0, 0xF1A0, 0xE980, 0xE160, 0xD120, 0xB8E1, 0xB0C1, 0xA0C1,
  0xA8E1, 0xB121, 0xB941, 0xB941, 0xC141, 0xC961, 0xD1E1, 0xDA41, 0xDAA1, 0xD2A1, 0xCA61, 0xBA01, 0xA1A1, 0x9161, 0x7921, 0x6901,
  0x58E1, 0x40C0, 0x38A0, 0x3080, 0x3080, 0x30A0, 0x38C0, 0x40C0, 0x40E0, 0x40E0, 0x40E0, 0x38C0, 0x30A0, 0x2080, 0x2080, 0x2080,
  0xA100, 0xB900, 0xD120, 0xD920, 0xE141, 0xE961, 0xE961, 0xE940, 0xE940, 0xE960, 0xF1A0, 0xF200, 0xF240, 0xF260, 0xF240, 0xE9C0,
  0xE160, 0xD920, 0xD960, 0xE1C1, 0xEA21, 0xF221, 0xF1E1, 0xF180, 0xE960, 0xE960, 0xE160, 0xD141, 0xC101, 0xB0E1, 0xA8E1, 0xA0E1,
  0xA921, 0xA921, 0xB141, 0xB121, 0xB941, 0xC181, 0xC1C1, 0xC1E1, 0xB9E1, 0xA9C1, 0xA1A1, 0x9981, 0x8961, 0x7941, 0x6901, 0x50E0,
  0x40A0, 0x3080, 0x2880, 0x2880, 0x2880, 0x30A0, 0x30A0, 0x38C0, 0x40E0, 0x40E0, 0x40E0, 0x38E0, 0x30C0, 0x2880, 0x2880, 0x2880,
  0xC920, 0xD920, 0xE120, 0xE141, 0xE141, 0xE141, 0xE120, 0xE140, 0xE960, 0xF1A0, 0xF1E0, 0xF220, 0xF220, 0xEA00, 0xE1A0, 0xD940,
  0xD100, 0xD940, 0xE1A1, 0xEA01, 0xF201, 0xF1C1, 0xE960, 0xE940, 0xE120, 0xD920, 0xC921, 0xC101, 0xB121, 0xA921, 0xA121, 0x9901,
  0x9901, 0x9901, 0x9901, 0x9901, 0x9921, 0x9941, 0x9941, 0x8940, 0x8120, 0x8120, 0x8120, 0x8141, 0x7921, 0x6901, 0x50C0, 0x40A0,
  0x3080, 0x2860, 0x2060, 0x2060, 0x2060, 0x2880, 0x2880, 0x30A0, 0x38C0, 0x40E0, 0x40E0, 0x38E0, 0x30C0, 0x28A0, 0x28A0, 0x28A0,
  0xD120, 0xD920, 0xE120, 0xE121, 0xE121, 0xD900, 0xD900, 0xE120, 0xE940, 0xE980, 0xF1C0, 0xF200, 0xF200, 0xE9C0, 0xE160, 0xD120,
  0xC8E0, 0xD120, 0xD960, 0xE1C1, 0xE9C1, 0xE981, 0xE120, 0xD900, 0xD0E0, 0xC0E0, 0xB8E0, 0xB101, 0xA921, 0xA122, 0x9922, 0x9101,
  0x88E1, 0x80C1, 0x78C1, 0x78C1, 0x78E1, 0x70E1, 0x68C0, 0x60A0, 0x58A0, 0x58A0, 0x60E0, 0x6901, 0x6921, 0x6101, 0x48C0, 0x3880,
  0x3080, 0x2860, 0x2860, 0x2060, 0x2040, 0x2060, 0x2880, 0x30A0, 0x38C0, 0x40E0, 0x40E0, 0x40E0, 0x38C0, 0x28A0, 0x2080, 0x2080,
  0xC980, 0xD140, 0xD920, 0xE100, 0xE100, 0xD8E0, 0xD8E0, 0xD8E0, 0xD900, 0xE140, 0xE980, 0xF1C0, 0xF1E0, 0xF1E0, 0xE9A0, 0xD960,
  0xC900, 0xC0C0, 0xC0E0, 0xD120, 0xE160, 0xE161, 0xE140, 0xD900, 0xC8C0, 0xB8A0, 0xA8A0, 0x98C0, 0x98E1, 0x9921, 0x9942, 0x9121,
  0x80E1, 0x70A1, 0x68A0, 0x68A0, 0x60A0, 0x60A0, 0x5880, 0x4860, 0x4060, 0x4060, 0x48A0, 0x58E0, 0x6101, 0x58E1, 0x48C0, 0x38A0,
  0x3080, 0x3080, 0x3080, 0x2880, 0x2060, 0x2060, 0x2880, 0x30A0, 0x40E0, 0x4100, 0x4100, 0x4100, 0x38E0, 0x30C0, 0x2080, 0x2080,
  0xC1E0, 0xD1A0, 0xD940, 0xD900, 0xE0E0, 0xE0E0, 0xD8E0, 0xD0E0, 0xD0E0, 0xD900, 0xE141, 0xE981, 0xF1C1, 0xF1C1, 0xE9C0, 0xE180,
  0xD120, 0xC0C0, 0xB0A0, 0xB8A0, 0xC8E0, 0xD920, 0xE120, 0xD920, 0xC8E0, 0xB8A0, 0xA080, 0x9080, 0x88A0, 0x88C1, 0x8901, 0x8901,
  0x78E1, 0x68A1, 0x6080, 0x60A0, 0x68C0, 0x68E0, 0x68C0, 0x58A0, 0x5080, 0x4880, 0x4880, 0x50C0, 0x58E1, 0x58E1, 0x50C0, 0x40A0,
  0x3080, 0x3080, 0x38A0, 0x38A0, 0x30A0, 0x30A0, 0x38A0, 0x40C0, 0x4900, 0x4900, 0x4920, 0x4901, 0x4101, 0x30C0, 0x28A0, 0x28A0,
  0xC260, 0xD220, 0xD9C0, 0xD940, 0xD900, 0xE0E0, 0xE100, 0xD900, 0xD900, 0xD900, 0xD921, 0xE181, 0xE9C1, 0xF1E1, 0xF1C1, 0xE9A0,
  0xD940, 0xC0E0, 0xB0A0, 0xA860, 0xB080, 0xC0C0, 0xD100, 0xD920, 0xD100, 0xC0E0, 0xA8A0, 0x9080, 0x8080, 0x78A0, 0x78A1, 0x78C1,
  0x70A1, 0x6880, 0x6880, 0x68A0, 0x78E0, 0x8941, 0x9181, 0x8961, 0x8141, 0x7100, 0x68E0, 0x6900, 0x6921, 0x6921, 0x5901, 0x48C0,
  0x3880, 0x3880, 0x40A0, 0x40C0, 0x48C0, 0x40C0, 0x40C0, 0x48E0, 0x4900, 0x5121, 0x5121, 0x4921, 0x4101, 0x38E1, 0x28A0, 0x28A0,
  0xCAE0, 0xDAC0, 0xE260, 0xE1C0, 0xE140, 0xD8E0, 0xE0E0, 0xE120, 0xE161, 0xE161, 0xE161, 0xE161, 0xE1A1, 0xEA02, 0xF202, 0xE9C1,
  0xE161, 0xD100, 0xB8A0, 0xA060, 0xA060, 0xA880, 0xC0C0, 0xD120, 0xD940, 0xD120, 0xB8E0, 0xA0C0, 0x88A1, 0x78A1, 0x70A1, 0x6880,
  0x6080, 0x6060, 0x6860, 0x70A0, 0x8900, 0xA1A1, 0xB222, 0xBA62, 0xB242, 0xA1E1, 0x99A1, 0x9181, 0x91A1, 0x89A1, 0x7981, 0x6921,
  0x58E0, 0x50C0, 0x50C0, 0x58E0, 0x58E0, 0x50E0, 0x50C0, 0x48E0, 0x48E0, 0x5100, 0x5120, 0x4901, 0x4101, 0x38E0, 0x28A0, 0x28A0,
  0xCB20, 0xDB20, 0xE2E0, 0xE260, 0xE1C0, 0xE120, 0xD8E0, 0xD8E0, 0xE140, 0xE1A1, 0xE9A1, 0xE1A1, 0xE181, 0xE9C1, 0xEA02, 0xF202,
  0xE9A1, 0xD941, 0xC0C0, 0xA880, 0x9840, 0x9860, 0xB0A0, 0xC900, 0xD960, 0xD960, 0xC940, 0xB101, 0x98E1, 0x88E1, 0x78C1, 0x68A1,
  0x6060, 0x5860, 0x6060, 0x7080, 0x8900, 0xA9A1, 0xCA82, 0xDB23, 0xDB23, 0xD2E3, 0xC262, 0xB201, 0xAA01, 0xAA22, 0xA202, 0x91E1,
  0x8181, 0x7961, 0x7940, 0x7940, 0x7941, 0x7121, 0x6100, 0x50C0, 0x48C0, 0x48E0, 0x48E0, 0x4100, 0x40E0, 0x38C0, 0x28A0, 0x28A0,
  0xD361, 0xDB60, 0xE340, 0xEAE0, 0xEA60, 0xE1C0, 0xD920, 0xD8E0, 0xD900, 0xE180, 0xE9E1, 0xEA01, 0xE9C1, 0xE9A1, 0xE9C1, 0xE9E2,
  0xE9C1, 0xE161, 0xD100, 0xB8A0, 0xA060, 0x9860, 0xA080, 0xB8E0, 0xD140, 0xD980, 0xD180, 0xB940, 0xA101, 0x9101, 0x80E1, 0x70C1,
  0x6080, 0x5860, 0x6060, 0x7080, 0x90E0, 0xB1A1, 0xCA62, 0xE323, 0xEB84, 0xE364, 0xD2C2, 0xC241, 0xBA01, 0xB201, 0xB222, 0xA201,
  0x99E1, 0x91C1, 0x91C1, 0x99E1, 0x99E1, 0x91C1, 0x7961, 0x60E0, 0x48A0, 0x40A0, 0x40C0, 0x40E0, 0x38E0, 0x38C0, 0x30A0, 0x30A0,
  0xD3A1, 0xE3A1, 0xEB80, 0xEB40, 0xEAE0, 0xEA60, 0xE1A0, 0xD920, 0xD8E0, 0xD920, 0xE9A1, 0xEA01, 0xEA01, 0xE9C1, 0xE981, 0xE981,
  0xE981, 0xE161, 0xD121, 0xC0C0, 0xB080, 0xA060, 0xA060, 0xB0A0, 0xC900, 0xD960, 0xD180, 0xC140, 0xA100, 0x88E1, 0x80E1, 0x78E1,
  0x70C1, 0x6080, 0x6860, 0x7880, 0x90E0, 0xB160, 0xCA21, 0xE2E2, 0xEB63, 0xEB63, 0xDAE2, 0xCA21, 0xB1A1, 0xA981, 0xA181, 0x9981,
  0x9181, 0x8981, 0x91A1, 0xA1E1, 0xAA21, 0xAA21, 0x91C1, 0x7120, 0x50C0, 0x40A0, 0x38A0, 0x38C0, 0x38C0, 0x30C0, 0x30C0, 0x30C0,
  0xDBC1, 0xE3E1, 0xEBC0, 0xF380, 0xF320, 0xEAA0, 0xEA20, 0xE180, 0xD900, 0xD8C0, 0xE120, 0xE9A1, 0xE9E1, 0xE9E1, 0xE961, 0xE121,
  0xE121, 0xE121, 0xD901, 0xC8C0, 0xB8A0, 0xB0A0, 0xA880, 0xB0A0, 0xC0C0, 0xD100, 0xD140, 0xC120, 0xA0E0, 0x88C0, 0x78C1, 0x78C1,
  0x70C1, 0x70C1, 0x70A0, 0x78A0, 0x9100, 0xB160, 0xCA01, 0xDA81, 0xE2E2, 0xE2C2, 0xD262, 0xC1E1, 0xA961, 0x9920, 0x8900, 0x7900,
  0x70E0, 0x6900, 0x7120, 0x8160, 0x99C1, 0xA1E1, 0x99C1, 0x7940, 0x58C0, 0x4080, 0x3080, 0x30A0, 0x30C0, 0x30C0, 0x30A0, 0x30A0,
  0xDBE2, 0xEC21, 0xF401, 0xF3A0, 0xF340, 0xF2C0, 0xEA60, 0xE9C0, 0xE140, 0xD8C0, 0xD8C0, 0xE100, 0xE180, 0xE9A1, 0xE180, 0xE100,
  0xD8C0, 0xD8C0, 0xD0A0, 0xC8A0, 0xC0A0, 0xB8A0, 0xB8A0, 0xB8A0, 0xC0A0, 0xC8C0, 0xC8E0, 0xC0E0, 0xA0C0, 0x8080, 0x6860, 0x6880,
  0x68C1, 0x70C1, 0x78C1, 0x80E0, 0x9920, 0xB1A0, 0xCA21, 0xDA81, 0xDAA1, 0xD261, 0xC1E1, 0xA981, 0xA141, 0x9101, 0x78E0, 0x60C0,
  0x5080, 0x4880, 0x50A0, 0x60E0, 0x7940, 0x9181, 0x91A1, 0x8161, 0x60E0, 0x48A0, 0x3880, 0x30A0, 0x30A0, 0x30A0, 0x30A0, 0x28A0,
  0xDBE2, 0xEC21, 0xF421, 0xF3E1, 0xF360, 0xF2E0, 0xF260, 0xE9E0, 0xE980, 0xE100, 0xD8A0, 0xD8A0, 0xE0E0, 0xE140, 0xE140, 0xD900,
  0xD8A0, 0xD080, 0xC880, 0xC860, 0xB860, 0xB880, 0xB8A0, 0xB8C0, 0xC0A0, 0xC0A0, 0xC0A0, 0xB8A0, 0xA0A0, 0x8060, 0x6040, 0x5840,
  0x6060, 0x68A1, 0x70C1, 0x80E1, 0x9941, 0xB1C1, 0xCA61, 0xDAC1, 0xDAC1, 0xCA41, 0xA9A1, 0x9941, 0x8901, 0x8101, 0x7901, 0x58C1,
  0x4880, 0x3860, 0x4060, 0x50A0, 0x6900, 0x8161, 0x9181, 0x8161, 0x6901, 0x48A0, 0x3880, 0x30A0, 0x30A0, 0x30A0, 0x30A0, 0x2880,
  0xDB81, 0xEC01, 0xF441, 0xFC01, 0xFB80, 0xF2E0, 0xF260, 0xF1E0, 0xE980, 0xE120, 0xE0C0, 0xD880, 0xD880, 0xD8C0, 0xE0E0, 0xD8E0,
  0xD0A0, 0xC860, 0xC840, 0xC040, 0xB860, 0xB860, 0xB080, 0xB8A0, 0xC0A0, 0xC0A0, 0xC080, 0xB080, 0xA060, 0x8040, 0x6020, 0x5020,
  0x5020, 0x5860, 0x6880, 0x70A0, 0x8900, 0xA9A1, 0xC241, 0xD2C1, 0xD2E1, 0xC281, 0xA1A1, 0x8920, 0x78E1, 0x7901, 0x7101, 0x58E1,
  0x4080, 0x3860, 0x4060, 0x5080, 0x68E0, 0x8141, 0x8981, 0x8141, 0x6901, 0x48A0, 0x38A0, 0x30A0, 0x30A0, 0x30A0, 0x28A0, 0x28A0,
  0xDB41, 0xEBC1, 0xF421, 0xFC01, 0xFBA1, 0xF300, 0xF260, 0xF1C0, 0xE960, 0xE920, 0xE0C0, 0xD880, 0xD840, 0xD860, 0xD880, 0xD8A0,
  0xD080, 0xC860, 0xC040, 0xC040, 0xB840, 0xB060, 0xB060, 0xB080, 0xB8A0, 0xC0A0, 0xB8A0, 0xB080, 0xA060, 0x8840, 0x6820, 0x5020,
  0x5020, 0x5020, 0x5840, 0x6860, 0x78A0, 0x9120, 0xB1A0, 0xCA41, 0xD2A1, 0xC261, 0xA1C1, 0x8120, 0x70C0, 0x68E1, 0x6901, 0x58E1,
  0x48A0, 0x3860, 0x4060, 0x58A0, 0x7100, 0x8961, 0x9181, 0x8141, 0x60E0, 0x48A0, 0x38A0, 0x30A0, 0x30A0, 0x30A0, 0x28A0, 0x28A0,
  0xDB01, 0xEB61, 0xF3C1, 0xFC01, 0xFBC1, 0xF321, 0xF280, 0xF1E0, 0xE960, 0xE900, 0xE8E0, 0xE080, 0xD860, 0xD840, 0xD840, 0xD860,
  0xD060, 0xC840, 0xC020, 0xB820, 0xB840, 0xB040, 0xA840, 0xA860, 0xB060, 0xB8A0, 0xB8A0, 0xB080, 0xA860, 0x9040, 0x7820, 0x6020,
  0x5820, 0x5820, 0x5840, 0x6040, 0x6040, 0x7880, 0x9100, 0xB180, 0xC201, 0xC201, 0xA1A1, 0x8120, 0x70C0, 0x68C0, 0x60C1, 0x58C1,
  0x4880, 0x3860, 0x4060, 0x58A0, 0x7900, 0x9161, 0x9181, 0x8141, 0x60E0, 0x40A0, 0x3880, 0x30A0, 0x30A0, 0x30A0, 0x28A0, 0x28A0,
  0xDB01, 0xEB21, 0xF361, 0xF3A1, 0xFBA1, 0xF341, 0xF280, 0xF1E0, 0xF160, 0xE900, 0xE8E0, 0xE8A0, 0xE060, 0xD840, 0xD820, 0xD020,
  0xD020, 0xC840, 0xC020, 0xC020, 0xB840, 0xB040, 0xA840, 0xA040, 0xA060, 0xA880, 0xB080, 0xB080, 0xB080, 0xA060, 0x9040, 0x7840,
  0x6820, 0x6820, 0x6840, 0x6840, 0x6840, 0x6840, 0x7880, 0x98E0, 0xB160, 0xB1A1, 0xA181, 0x8920, 0x70E0, 0x68C0, 0x60C1, 0x58C1,
  0x48A0, 0x4080, 0x4880, 0x58C0, 0x7120, 0x9181, 0x91A1, 0x8141, 0x60E0, 0x40A0, 0x3080, 0x30A0, 0x30A0, 0x30A0, 0x28A0, 0x2880,
  0xD321, 0xE301, 0xF320, 0xF361, 0xFB81, 0xF341, 0xF2A0, 0xF200, 0xF160, 0xE900, 0xE8E0, 0xE8C0, 0xE880, 0xE040, 0xD820, 0xD820,
  0xD020, 0xC820, 0xC820, 0xC020, 0xB840, 0xB020, 0xA040, 0x9840, 0x9840, 0x9860, 0xA080, 0xA880, 0xB080, 0xB080, 0xA860, 0x9860,
  0x8040, 0x7840, 0x8060, 0x8060, 0x7860, 0x6840, 0x7040, 0x8880, 0xA100, 0xA961, 0x9961, 0x8121, 0x70E0, 0x70E0, 0x68E1, 0x58C1,
  0x50A0, 0x4880, 0x48A0, 0x58C0, 0x7121, 0x8981, 0x91A1, 0x8161, 0x58E0, 0x40A0, 0x30A0, 0x30A0, 0x30A0, 0x30A0, 0x28A0, 0x28A0,
  0xD341, 0xE321, 0xF2E0, 0xF300, 0xF320, 0xF321, 0xF2C1, 0xF220, 0xE980, 0xE920, 0xE900, 0xE8E0, 0xE8C0, 0xE880, 0xE040, 0xD840,
  0xD840, 0xD040, 0xC840, 0xC040, 0xB840, 0xB020, 0xA020, 0x9840, 0x9040, 0x8840, 0x9040, 0xA060, 0xB080, 0xB880, 0xB880, 0xA880,
  0x9840, 0x8840, 0x9060, 0x98A0, 0x98A1, 0x8080, 0x7060, 0x7860, 0x90C0, 0x9921, 0x9141, 0x8121, 0x7100, 0x7100, 0x68E1, 0x58C0,
  0x48A0, 0x4880, 0x50A0, 0x58C0, 0x7101, 0x8161, 0x8981, 0x7961, 0x58E0, 0x40A0, 0x3080, 0x30A0, 0x30A0, 0x30C0, 0x30A0, 0x28A0,
  0xD382, 0xE381, 0xEB00, 0xF2C0, 0xF2E0, 0xF300, 0xF2C1, 0xEA20, 0xE980, 0xE940, 0xE920, 0xE900, 0xE900, 0xE8E0, 0xE8A0, 0xE060,
  0xD860, 0xD060, 0xD060, 0xC840, 0xC040, 0xB020, 0xA020, 0x9820, 0x8820, 0x8020, 0x8840, 0x9040, 0xA060, 0xB080, 0xB880, 0xB860,
  0xA840, 0x9840, 0x9860, 0xA8C0, 0xB0E1, 0xA0E1, 0x8080, 0x7860, 0x7880, 0x88E1, 0x8901, 0x7901, 0x7101, 0x6901, 0x60E1, 0x50A0,
  0x4880, 0x4060, 0x4880, 0x58A0, 0x6901, 0x8141, 0x8981, 0x7941, 0x58E0, 0x40A0, 0x3080, 0x30A0, 0x30A0, 0x30C0, 0x30C0, 0x30A0,
  0xD382, 0xE3C1, 0xEB61, 0xF2E0, 0xF2A0, 0xF2C0, 0xF2C0, 0xEA40, 0xE9C0, 0xE160, 0xE940, 0xE940, 0xE940, 0xE920, 0xE900, 0xE8A0,
  0xE080, 0xD880, 0xD080, 0xC880, 0xC060, 0xB840, 0xA820, 0x9820, 0x8820, 0x8020, 0x8020, 0x8820, 0x9840, 0xA860, 0xB060, 0xB860,
  0xB040, 0xA840, 0xA860, 0xB0C0, 0xC121, 0xB141, 0x98E1, 0x7880, 0x6860, 0x70A0, 0x70C1, 0x68E1, 0x68E1, 0x60E1, 0x60E1, 0x50A0,
  0x4060, 0x4040, 0x4860, 0x5880, 0x68E0, 0x8141, 0x8981, 0x7941, 0x58E1, 0x3880, 0x3080, 0x3080, 0x30A0, 0x30C0, 0x30C0, 0x30C0,
  0xD362, 0xE3C2, 0xF3C1, 0xF321, 0xF2A0, 0xF280, 0xF280, 0xEA40, 0xE9C0, 0xE160, 0xE160, 0xE980, 0xE980, 0xE980, 0xE960, 0xE900,
  0xE8C0, 0xE0C0, 0xD8E0, 0xD0C0, 0xC8A0, 0xB860, 0xA820, 0x9820, 0x8820, 0x7820, 0x7820, 0x8020, 0x8820, 0x9840, 0xA040, 0xB040,
  0xB840, 0xB840, 0xB860, 0xC0A0, 0xC921, 0xC161, 0xA941, 0x80C1, 0x6880, 0x5860, 0x5880, 0x5880, 0x58A0, 0x58A1, 0x58A1, 0x5080,
  0x4840, 0x4840, 0x5040, 0x5880, 0x70E0, 0x8941, 0x8981, 0x7941, 0x58E1, 0x40A0, 0x3080, 0x3080, 0x30A0, 0x30C0, 0x30C0, 0x30C0,
  0xD362, 0xE3C2, 0xF401, 0xF3A1, 0xF2E0, 0xF260, 0xF240, 0xF240, 0xE9E0, 0xE160, 0xE160, 0xE1A0, 0xE9C0, 0xE9E0, 0xE9A0, 0xE960,
  0xE920, 0xE900, 0xE101, 0xD901, 0xD0E0, 0xC0A0, 0xB060, 0x9820, 0x8800, 0x7800, 0x7000, 0x7800, 0x8020, 0x8820, 0x9820, 0xA840,
  0xB840, 0xC060, 0xC060, 0xC8A0, 0xC8E1, 0xC141, 0xA941, 0x8901, 0x68A1, 0x5880, 0x5060, 0x5060, 0x5060, 0x5080, 0x5080, 0x5060,
  0x5060, 0x5040, 0x5040, 0x5880, 0x70E0, 0x8941, 0x8981, 0x7141, 0x50C1, 0x3880, 0x3080, 0x3080, 0x30A0, 0x30C0, 0x30C0, 0x30A0,
  0xD362, 0xE3C2, 0xF401, 0xF3E1, 0xF341, 0xF280, 0xF220, 0xEA00, 0xE9E0, 0xE180, 0xD940, 0xD980, 0xE1E0, 0xEA01, 0xEA01, 0xE9C0,
  0xF160, 0xE920, 0xE121, 0xD941, 0xD921, 0xC8E0, 0xB8A0, 0xA040, 0x8820, 0x7800, 0x7000, 0x7800, 0x8000, 0x8020, 0x8820, 0xA040,
  0xB860, 0xC880, 0xD0A0, 0xD0C0, 0xC8E0, 0xB901, 0xA101, 0x8901, 0x70E1, 0x60C1, 0x5881, 0x5060, 0x5060, 0x5060, 0x5060, 0x5060,
  0x5060, 0x5860, 0x5060, 0x5860, 0x68C0, 0x8141, 0x8981, 0x7121, 0x48C0, 0x3080, 0x2880, 0x2880, 0x30A0, 0x30C0, 0x30C0, 0x30C1,
  0xD362, 0xE3A2, 0xF3E2, 0xF401, 0xF3C1, 0xF2E1, 0xF240, 0xE9E0, 0xE9C0, 0xD960, 0xD120, 0xD940, 0xD9C0, 0xE221, 0xEA21, 0xEA01,
  0xE9C0, 0xE940, 0xE121, 0xE141, 0xD921, 0xD101, 0xC0C0, 0xA880, 0x9040, 0x7800, 0x7000, 0x7820, 0x8020, 0x8820, 0x8820, 0x9840,
  0xB880, 0xD0C0, 0xD921, 0xD941, 0xC921, 0xB0E0, 0x98C0, 0x80C1, 0x78E1, 0x70E1, 0x70C1, 0x6880, 0x6060, 0x5860, 0x5060, 0x5060,
  0x5060, 0x5860, 0x5040, 0x5060, 0x68A0, 0x8121, 0x8961, 0x7141, 0x50C0, 0x3880, 0x2880, 0x2880, 0x30A0, 0x30C0, 0x30C0, 0x30C1,
  0xD362, 0xE3A2, 0xF3C1, 0xF402, 0xF402, 0xF361, 0xF281, 0xE9E0, 0xE9A0, 0xD940, 0xD100, 0xC900, 0xD160, 0xE1E0, 0xEA21, 0xEA21,
  0xE9E0, 0xE960, 0xE120, 0xD900, 0xD101, 0xC901, 0xC0E0, 0xB0A0, 0x9060, 0x8020, 0x7820, 0x8020, 0x8840, 0x9040, 0x9040, 0x9840,
  0xB880, 0xD100, 0xE181, 0xE1C2, 0xD1A1, 0xB921, 0x90A0, 0x7080, 0x68C1, 0x70E1, 0x78E1, 0x70A1, 0x6860, 0x5860, 0x5040, 0x4840,
  0x4860, 0x5060, 0x5860, 0x5860, 0x68A0, 0x8121, 0x8941, 0x7121, 0x50C0, 0x3880, 0x2880, 0x2880, 0x30A0, 0x38C0, 0x38E0, 0x38E1,
  0xD362, 0xEBA2, 0xF3A1, 0xF3C1, 0xFC02, 0xF3C1, 0xF2E1, 0xF200, 0xE980, 0xE120, 0xD0E0, 0xC8C0, 0xC900, 0xD980, 0xE1E1, 0xEA01,
  0xE9E1, 0xE980, 0xE900, 0xD8C0, 0xD0C0, 0xC0C0, 0xB8C0, 0xA8A0, 0x9860, 0x8840, 0x8020, 0x8020, 0x9040, 0x9860, 0xA060, 0xA860,
  0xB8A0, 0xD101, 0xE1C1, 0xE242, 0xDA22, 0xC161, 0x90A0, 0x6860, 0x5860, 0x60A1, 0x70A1, 0x70A1, 0x6880, 0x5860, 0x4840, 0x4040,
  0x4040, 0x5060, 0x5880, 0x6880, 0x70A0, 0x80E0, 0x8121, 0x70E0, 0x50A0, 0x3880, 0x3080, 0x3080, 0x38A0, 0x38C0, 0x38E0, 0x38E1,
  0xD361, 0xEBA1, 0xF3A1, 0xF3A1, 0xFBC1, 0xFBE2, 0xF341, 0xF261, 0xE9A0, 0xE120, 0xD0C0, 0xC080, 0xC0A0, 0xC900, 0xD981, 0xE1E1,
  0xE9C1, 0xE980, 0xE900, 0xE0C0, 0xD080, 0xC080, 0xB080, 0xA880, 0x9860, 0x9040, 0x8820, 0x8820, 0x9040, 0x9860, 0xA881, 0xB0A1,
  0xC0C1, 0xD101, 0xD981, 0xEA22, 0xE242, 0xC1A1, 0x90E0, 0x6040, 0x4020, 0x4840, 0x5060, 0x6060, 0x6060, 0x5860, 0x5060, 0x4040,
  0x4060, 0x5080, 0x60A0, 0x70C0, 0x80C0, 0x80E0, 0x80E0, 0x70C0, 0x58A0, 0x4880, 0x3880, 0x38A0, 0x38C0, 0x38E0, 0x40E0, 0x40E1,
  0xD321, 0xEBA1, 0xF3A1, 0xF381, 0xFBA1, 0xFBC2, 0xFB81, 0xF2C1, 0xF1C0, 0xE920, 0xD8C0, 0xC080, 0xB860, 0xC0A0, 0xD120, 0xE181,
  0xE1A1, 0xE960, 0xE900, 0xE0A0, 0xD080, 0xB840, 0xA840, 0xA040, 0x9840, 0x9820, 0x9020, 0x8820, 0x8820, 0x9060, 0xA881, 0xB8C1,
  0xC8E1, 0xD101, 0xD941, 0xE1A1, 0xD9E2, 0xC181, 0x90C0, 0x6040, 0x4020, 0x3820, 0x4020, 0x4840, 0x5040, 0x5860, 0x5880, 0x5880,
  0x58A0, 0x60C0, 0x7900, 0x8900, 0x9100, 0x90E0, 0x88E0, 0x80E0, 0x70E0, 0x60C0, 0x50C0, 0x48C0, 0x40E0, 0x40E0, 0x40E1, 0x40E1,
  0xD2C1, 0xEB61, 0xF3A1, 0xF361, 0xFB41, 0xFB81, 0xFBA2, 0xF301, 0xF200, 0xE940, 0xE0E0, 0xC880, 0xB840, 0xB860, 0xC8C0, 0xD920,
  0xE161, 0xE140, 0xE100, 0xE0A0, 0xD880, 0xC040, 0xA820, 0xA020, 0x9820, 0x9820, 0x9820, 0x9020, 0x8820, 0x8840, 0x9860, 0xB8A1,
  0xC0E1, 0xC8E1, 0xC8E1, 0xD121, 0xC961, 0xB941, 0x90C0, 0x6040, 0x4020, 0x3820, 0x3820, 0x3820, 0x4840, 0x5860, 0x68A0, 0x70C1,
  0x7101, 0x8121, 0x8961, 0x9981, 0xA160, 0x9940, 0xA140, 0x9940, 0x9140, 0x8120, 0x7100, 0x58E0, 0x48E0, 0x40E0, 0x40E1, 0x4101,
  0xD281, 0xEB21, 0xF381, 0xFB61, 0xFB21, 0xFB41, 0xFB81, 0xFB41, 0xF261, 0xF180, 0xE900, 0xD8A0, 0xC060, 0xB860, 0xC080, 0xD0E0,
  0xD920, 0xE100, 0xE0C0, 0xE0A0, 0xD880, 0xC860, 0xB020, 0xA020, 0xA020, 0xA020, 0xA820, 0xA020, 0x9020, 0x8820, 0x9040, 0xB081,
  0xC0C1, 0xC0C1, 0xB8A1, 0xB8A0, 0xB0C0, 0xA0C0, 0x8080, 0x6060, 0x5040, 0x4820, 0x3820, 0x3820, 0x4840, 0x5880, 0x70C0, 0x8121,
  0x9161, 0x9981, 0xA1C1, 0xA9E1, 0xA9E1, 0xA9C0, 0xB1A0, 0xB1C0, 0xB1C0, 0xA180, 0x8120, 0x60E0, 0x48C0, 0x40C0, 0x38E1, 0x38E1,
  0xD261, 0xE2C1, 0xF341, 0xFB61, 0xFB21, 0xFB01, 0xFB41, 0xFB42, 0xF2C1, 0xF1E1, 0xE920, 0xE0C0, 0xD080, 0xC060, 0xC080, 0xC8C0,
  0xD8E0, 0xD8C0, 0xE0A0, 0xE080, 0xE080, 0xD080, 0xB840, 0xB020, 0xA820, 0xB020, 0xB020, 0xA820, 0x9820, 0x8800, 0x9020, 0xA860,
  0xB881, 0xB881, 0xB060, 0xA860, 0x9880, 0x8880, 0x7060, 0x6040, 0x5840, 0x5040, 0x4040, 0x4040, 0x4860, 0x6080, 0x78E0, 0x8941,
  0x9981, 0xA1A1, 0xA1C1, 0xA1E1, 0xA9E1, 0xA9E1, 0xB1E0, 0xBA00, 0xBA00, 0xA9C0, 0x8960, 0x60E0, 0x40A0, 0x38A0, 0x30C0, 0x38E1,
  0xD261, 0xE281, 0xF2E1, 0xFB41, 0xFB20, 0xFAE0, 0xFAE1, 0xFB21, 0xF2E2, 0xF221, 0xE980, 0xE900, 0xD8C0, 0xC880, 0xC080, 0xC8C0,
  0xD8E0, 0xD8C0, 0xD880, 0xE060, 0xE080, 0xD880, 0xC860, 0xB820, 0xB820, 0xB820, 0xC020, 0xB820, 0xA020, 0x9000, 0x9020, 0xA040,
  0xB040, 0xB060, 0xA840, 0x9840, 0x8840, 0x7040, 0x5840, 0x5020, 0x5040, 0x4840, 0x4040, 0x4040, 0x4860, 0x6080, 0x70C0, 0x8120,
  0x8941, 0x8961, 0x8961, 0x8961, 0x8981, 0x9181, 0x99A0, 0xA9C0, 0xB1E0, 0xA9C0, 0x8960, 0x58E0, 0x38A0, 0x30A0, 0x30A0, 0x38E1,
  0xD281, 0xE261, 0xF2A1, 0xF301, 0xFB00, 0xFAC0, 0xFAA1, 0xFAC1, 0xF2C1, 0xF261, 0xF1C1, 0xE940, 0xE0E0, 0xD0C0, 0xC8C0, 0xD0E0,
  0xD8E0, 0xD8C0, 0xD880, 0xE040, 0xE060, 0xD880, 0xD060, 0xC040, 0xC020, 0xC820, 0xC820, 0xC020, 0xA820, 0x9000, 0x8820, 0x9020,
  0xA020, 0xA820, 0xA840, 0x9860, 0x8840, 0x6820, 0x5020, 0x4000, 0x4020, 0x4840, 0x4840, 0x4840, 0x5060, 0x6080, 0x68A0, 0x70C0,
  0x70E0, 0x68E0, 0x68C0, 0x60C0, 0x60E0, 0x60E0, 0x6900, 0x7920, 0x8160, 0x8960, 0x7140, 0x50E0, 0x38A0, 0x28A0, 0x30C0, 0x38E1,
  0xD281, 0xE261, 0xF260, 0xF2A0, 0xFAE0, 0xFAC0, 0xFA80, 0xFA81, 0xF2A1, 0xF281, 0xF1E1, 0xE961, 0xE920, 0xE0E0, 0xD8E0, 0xD900,
  0xD920, 0xE100, 0xD8A0, 0xD840, 0xE040, 0xE060, 0xD040, 0xC040, 0xC020, 0xC840, 0xC840, 0xC020, 0xA820, 0x9000, 0x8800, 0x8800,
  0x9800, 0xA020, 0xA020, 0xA060, 0x8860, 0x7040, 0x5800, 0x4000, 0x4020, 0x4020, 0x5040, 0x5860, 0x6080, 0x6880, 0x6880, 0x6080,
  0x5880, 0x5080, 0x4880, 0x4060, 0x4060, 0x4060, 0x4080, 0x48A0, 0x50C0, 0x58E0, 0x50E0, 0x40A0, 0x30A0, 0x30A0, 0x30C1, 0x38E1,
  0xD2A1, 0xEAA1, 0xF241, 0xF260, 0xFAC0, 0xFAC0, 0xFA80, 0xF241, 0xF241, 0xF241, 0xF1E1, 0xE981, 0xE941, 0xE100, 0xE100, 0xD920,
  0xE160, 0xE140, 0xE0C0, 0xE060, 0xE040, 0xD840, 0xD040, 0xC020, 0xC040, 0xC840, 0xC840, 0xB820, 0xA820, 0x9000, 0x8000, 0x8000,
  0x9000, 0x9820, 0xA020, 0x9840, 0x9040, 0x8040, 0x7020, 0x5820, 0x5020, 0x5020, 0x6060, 0x6880, 0x70A0, 0x78C0, 0x70A0, 0x5880,
  0x5060, 0x4060, 0x4060, 0x3840, 0x3040, 0x2840, 0x2840, 0x3060, 0x3060, 0x3880, 0x3080, 0x3080, 0x3080, 0x30C1, 0x38E1, 0x3901,
  0xD2A1, 0xEAC1, 0xF261, 0xF240, 0xF280, 0xFAC0, 0xFAA0, 0xFA40, 0xF221, 0xF201, 0xE9E1, 0xE981, 0xE941, 0xE920, 0xE100, 0xE141,
  0xE981, 0xE980, 0xE120, 0xE0A0, 0xE060, 0xE040, 0xD040, 0xC020, 0xB820, 0xC040, 0xC040, 0xB840, 0xA020, 0x9000, 0x8000, 0x8020,
  0x9020, 0x9820, 0x9820, 0x9820, 0x9040, 0x9060, 0x9060, 0x8040, 0x7040, 0x6840, 0x6860, 0x70A0, 0x78C0, 0x78E0, 0x70C0, 0x58A0,
  0x4860, 0x4060, 0x3860, 0x3040, 0x2840, 0x2840, 0x2040, 0x2840, 0x2860, 0x2840, 0x2840, 0x2860, 0x2880, 0x30C1, 0x38E1, 0x4101,
  0xD281, 0xEAC1, 0xF281, 0xF220, 0xF240, 0xFAA1, 0xFAA1, 0xFA41, 0xF1E1, 0xE9C1, 0xE981, 0xE161, 0xE921, 0xE900, 0xE900, 0xE921,
  0xE9A1, 0xE9C1, 0xE980, 0xE100, 0xE080, 0xE060, 0xD040, 0xC020, 0xB020, 0xB840, 0xC060, 0xB040, 0xA020, 0x9020, 0x8820, 0x8820,
  0x9040, 0x9840, 0x9820, 0x9020, 0x9040, 0xA080, 0xA8A0, 0xA8A0, 0x9880, 0x8860, 0x8060, 0x7080, 0x68A0, 0x68A0, 0x60A0, 0x5080,
  0x4060, 0x3860, 0x3860, 0x3040, 0x2840, 0x2040, 0x2040, 0x2040, 0x2040, 0x2040, 0x2040, 0x2040, 0x2880, 0x30C1, 0x38E1, 0x4101,
  0xCA61, 0xEAE1, 0xF2A1, 0xF220, 0xF220, 0xFA81, 0xFAC1, 0xFA61, 0xF201, 0xE981, 0xE141, 0xE121, 0xE101, 0xE0E0, 0xE8E0, 0xE900,
  0xE981, 0xF1E1, 0xF1E0, 0xE940, 0xE0C0, 0xE080, 0xD840, 0xC020, 0xB820, 0xB840, 0xB860, 0xB840, 0xA020, 0x9020, 0x8820, 0x9020,
  0x9840, 0xA060, 0x9840, 0x8840, 0x9040, 0xA8A0, 0xC121, 0xC141, 0xB901, 0xA8C0, 0x8880, 0x7060, 0x5860, 0x5060, 0x4860, 0x3860,
  0x3040, 0x3040, 0x3040, 0x2840, 0x2840, 0x2020, 0x2020, 0x2020, 0x2040, 0x2040, 0x2840, 0x2860, 0x2880, 0x30A1, 0x38E1, 0x4101,
  0xCA61, 0xEAE1, 0xF2C1, 0xFA41, 0xF200, 0xFA41, 0xFAA1, 0xFAA1, 0xF221, 0xE981, 0xE100, 0xE0E0, 0xE0C0, 0xE0C0, 0xE0C0, 0xE900,
  0xE961, 0xF1E1, 0xF201, 0xE9A0, 0xE900, 0xE0A0, 0xD860, 0xC820, 0xB820, 0xB820, 0xB840, 0xB840, 0xA840, 0x9840, 0x9020, 0x9840,
  0xA060, 0xA881, 0xA081, 0x9040, 0x9060, 0xA8E0, 0xC9A1, 0xD9E2, 0xD1A1, 0xB901, 0x98A0, 0x7060, 0x5040, 0x3820, 0x3020, 0x2820,
  0x2020, 0x2820, 0x2840, 0x2840, 0x2020, 0x2020, 0x1820, 0x1820, 0x1820, 0x2040, 0x2860, 0x3080, 0x3080, 0x30A1, 0x38E1, 0x38E1,
  0xCA21, 0xEAC1, 0xF2E1, 0xFA61, 0xF1E0, 0xFA20, 0xFAA1, 0xFAC1, 0xF261, 0xE9A1, 0xE100, 0xD8A0, 0xD8A0, 0xD8A0, 0xE0C0, 0xE8E0,
  0xE940, 0xF1C1, 0xF201, 0xF1E0, 0xE940, 0xE0C0, 0xD880, 0xC840, 0xC020, 0xB820, 0xC040, 0xB840, 0xB040, 0xA840, 0x9840, 0xA040,
  0xA860, 0xB081, 0xA881, 0x9860, 0x9880, 0xB921, 0xD202, 0xE2A3, 0xDA42, 0xC161, 0x98C0, 0x6860, 0x4840, 0x3820, 0x2820, 0x2020,
  0x2000, 0x2020, 0x2820, 0x2840, 0x2840, 0x2020, 0x1820, 0x1820, 0x1820, 0x2040, 0x2860, 0x3080, 0x3080, 0x30A1, 0x38C1, 0x38E1,
  0xCA01, 0xEAA1, 0xF2E1, 0xFA81, 0xF201, 0xF9E0, 0xFA61, 0xFAC1, 0xFA82, 0xF1C1, 0xE900, 0xE080, 0xD860, 0xD880, 0xE0A0, 0xE0E0,
  0xE920, 0xE981, 0xF1E1, 0xF1E1, 0xE980, 0xE8E0, 0xE080, 0xD060, 0xC020, 0xB820, 0xB820, 0xB840, 0xB840, 0xA860, 0xA060, 0xA060,
  0xA860, 0xA881, 0xA081, 0xA080, 0xA8A0, 0xC161, 0xDA63, 0xEB24, 0xE2C3, 0xC9C2, 0x98C0, 0x6860, 0x4840, 0x4040, 0x3040, 0x2820,
  0x2020, 0x2020, 0x2820, 0x3040, 0x3040, 0x2840, 0x1820, 0x1820, 0x1820, 0x2040, 0x2860, 0x3080, 0x3080, 0x30A0, 0x38C1, 0x38E1,
  0xC1E1, 0xEA81, 0xF2E1, 0xFAC1, 0xFA21, 0xF1C0, 0xFA21, 0xFAA1, 0xFAA2, 0xF221, 0xE941, 0xE080, 0xD860, 0xD860, 0xD8A0, 0xE0E0,
  0xE920, 0xE961, 0xF1C1, 0xF1E1, 0xF1A0, 0xE900, 0xE0A0, 0xD060, 0xC040, 0xB820, 0xB820, 0xB820, 0xB040, 0xB060, 0xA860, 0xA060,
  0xA060, 0x9860, 0x9860, 0x9860, 0xB0A0, 0xC161, 0xE2A3, 0xEB64, 0xEB24, 0xCA02, 0x98E1, 0x6860, 0x4840, 0x4860, 0x4060, 0x3040,
  0x2820, 0x2820, 0x3040, 0x3040, 0x3040, 0x2840, 0x2020, 0x1820, 0x1820, 0x2060, 0x2860, 0x2860, 0x2860, 0x3080, 0x38C0, 0x38E1,
  0xC1E0, 0xE261, 0xF2E1, 0xFAE1, 0xFA41, 0xF1A0, 0xF9C1, 0xFA61, 0xFAA2, 0xF262, 0xE981, 0xE0C0, 0xD860, 0xD840, 0xD880, 0xE0E1,
  0xE901, 0xE941, 0xE981, 0xF1A1, 0xF180, 0xE920, 0xE0E0, 0xD0A1, 0xC060, 0xB020, 0xA800, 0xA800, 0xA820, 0xA840, 0xA060, 0x9840,
  0x9040, 0x8840, 0x8840, 0x9060, 0xA8A0, 0xC161, 0xDA63, 0xEB24, 0xE304, 0xCA22, 0x9901, 0x6860, 0x4840, 0x4860, 0x4881, 0x3860,
  0x3040, 0x2820, 0x3040, 0x3040, 0x3040, 0x2840, 0x2020, 0x1820, 0x2040, 0x2860, 0x2860, 0x2840, 0x2040, 0x2880, 0x30C0, 0x38E1,
  0xC1E0, 0xE241, 0xF2C1, 0xFAE1, 0xFA61, 0xF1A0, 0xF180, 0xFA01, 0xFA82, 0xFA62, 0xF1C1, 0xE900, 0xE080, 0xD860, 0xD880, 0xE0C1,
  0xE101, 0xE900, 0xE920, 0xE960, 0xF160, 0xE920, 0xE0E1, 0xD8C1, 0xC081, 0xA820, 0xA000, 0x9800, 0x9820, 0x9820, 0x9840, 0x9040,
  0x8840, 0x7820, 0x7820, 0x8040, 0x9860, 0xB101, 0xC9C2, 0xDA83, 0xDA83, 0xC1E2, 0x90E1, 0x6060, 0x4840, 0x4060, 0x4080, 0x3860,
  0x3040, 0x2820, 0x3040, 0x3040, 0x3040, 0x2840, 0x2040, 0x2040, 0x2860, 0x3060, 0x3060, 0x2840, 0x2040, 0x2860, 0x30A0, 0x38C0,
  0xC1C0, 0xE220, 0xF281, 0xFAE1, 0xFA81, 0xF1C1, 0xF160, 0xF1C1, 0xFA21, 0xFA62, 0xF201, 0xE941, 0xE8C0, 0xE060, 0xE080, 0xE0C1,
  0xE0E1, 0xE0E0, 0xE0E0, 0xE920, 0xE920, 0xE900, 0xE901, 0xD8E1, 0xC0A1, 0xA840, 0x9000, 0x8800, 0x8800, 0x8820, 0x8820, 0x8020,
  0x7820, 0x7020, 0x7020, 0x7820, 0x8040, 0x90A0, 0xA921, 0xB9A2, 0xC1C2, 0xA941, 0x80A0, 0x5840, 0x3820, 0x3840, 0x3860, 0x3040,
  0x2840, 0x2840, 0x2840, 0x3040, 0x3040, 0x3060, 0x3060, 0x3880, 0x3880, 0x3880, 0x3060, 0x2840, 0x2040, 0x2060, 0x28A0, 0x30C0,
  0xC1E0, 0xE200, 0xF261, 0xFAE1, 0xF2A1, 0xF1E1, 0xF140, 0xF160, 0xF9C1, 0xFA21, 0xFA01, 0xF181, 0xE900, 0xE8A0, 0xE080, 0xE0C0,
  0xE0E1, 0xE0C0, 0xE0C0, 0xE0E0, 0xE8E0, 0xE8E0, 0xE101, 0xD902, 0xC0C1, 0xA860, 0x8800, 0x7800, 0x7800, 0x7800, 0x7800, 0x7000,
  0x6800, 0x7000, 0x7000, 0x7820, 0x7820, 0x7840, 0x8080, 0x98E1, 0x98E1, 0x88C0, 0x6860, 0x4820, 0x3820, 0x3020, 0x3040, 0x3040,
  0x3040, 0x2840, 0x3040, 0x3040, 0x3060, 0x3880, 0x48A0, 0x48A0, 0x40A0, 0x3880, 0x2860, 0x2040, 0x1820, 0x1840, 0x2880, 0x30C0,
  0xC1E0, 0xDA00, 0xEA40, 0xF2A1, 0xF2C1, 0xF221, 0xF140, 0xF120, 0xF181, 0xF9E1, 0xFA01, 0xF1C1, 0xF140, 0xE8C0, 0xE880, 0xE0A0,
  0xE0C0, 0xE0C0, 0xE0A0, 0xE0A0, 0xE0A0, 0xE0C0, 0xE0E1, 0xD901, 0xC8E1, 0xA861, 0x8820, 0x7800, 0x7000, 0x6800, 0x6800, 0x6800,
  0x6000, 0x6800, 0x7800, 0x7800, 0x7000, 0x6820, 0x6840, 0x7860, 0x7880, 0x7060, 0x5020, 0x4020, 0x3820, 0x3020, 0x3840, 0x3860,
  0x3860, 0x3060, 0x3040, 0x3060, 0x3880, 0x48A0, 0x58E0, 0x58E0, 0x48A0, 0x3060, 0x2040, 0x1020, 0x1020, 0x1860, 0x2880, 0x30C0,
  0xBA00, 0xDA00, 0xEA20, 0xF281, 0xF2C1, 0xF241, 0xF160, 0xE8E0, 0xF120, 0xF181, 0xF9C1, 0xF9C1, 0xF181, 0xF100, 0xE8A0, 0xE8A0,
  0xE0A0, 0xE0A0, 0xD880, 0xE080, 0xD880, 0xD880, 0xD8A0, 0xD8E1, 0xC8C1, 0xB061, 0x9020, 0x8000, 0x7000, 0x6800, 0x6000, 0x6000,
  0x6000, 0x7000, 0x8000, 0x7800, 0x6800, 0x5800, 0x5820, 0x6020, 0x6840, 0x5820, 0x4820, 0x4020, 0x3820, 0x3820, 0x4040, 0x4060,
  0x4060, 0x3860, 0x3060, 0x3060, 0x4080, 0x58C0, 0x58E1, 0x50C0, 0x3880, 0x2040, 0x1820, 0x1020, 0x1020, 0x1860, 0x28A0, 0x30C0,
  0xBA00, 0xDA00, 0xEA00, 0xF241, 0xF2A1, 0xF261, 0xF180, 0xE8E0, 0xE8E0, 0xF120, 0xF981, 0xF9C1, 0xF181, 0xF120, 0xE8C0, 0xE880,
  0xE080, 0xD880, 0xD880, 0xD880, 0xD860, 0xD060, 0xD080, 0xD0A1, 0xC8A1, 0xB860, 0xA020, 0x8820, 0x7800, 0x7000, 0x6800, 0x6000,
  0x6000, 0x7000, 0x8000, 0x8000, 0x6800, 0x5800, 0x5800, 0x6020, 0x6040, 0x5020, 0x4820, 0x4820, 0x4840, 0x4840, 0x4040, 0x4860,
  0x4060, 0x3860, 0x3060, 0x3860, 0x4080, 0x50C0, 0x50C0, 0x4080, 0x2860, 0x1820, 0x1020, 0x1020, 0x1040, 0x2060, 0x28A0, 0x38C1,
  0xBA00, 0xDA20, 0xEA00, 0xEA21, 0xF281, 0xF281, 0xF1C1, 0xE8E0, 0xE8A0, 0xF0E0, 0xF160, 0xF9A1, 0xF1A1, 0xF141, 0xE8C0, 0xE880,
  0xE080, 0xD860, 0xD860, 0xD860, 0xD060, 0xC840, 0xC840, 0xC060, 0xC081, 0xB860, 0xB040, 0xA020, 0x8800, 0x7800, 0x7000, 0x6800,
  0x6000, 0x7000, 0x8000, 0x7800, 0x6800, 0x5800, 0x5820, 0x6840, 0x6840, 0x5840, 0x5020, 0x5020, 0x5860, 0x5060, 0x4840, 0x4860,
  0x4060, 0x3860, 0x3040, 0x3060, 0x3860, 0x4080, 0x3880, 0x3060, 0x2040, 0x1820, 0x1020, 0x1020, 0x1040, 0x1860, 0x28A0, 0x38C1,
  0xBA00, 0xDA40, 0xEA00, 0xEA00, 0xF261, 0xF281, 0xF201, 0xE920, 0xE8A0, 0xE8A0, 0xF120, 0xF980, 0xF1A1, 0xF141, 0xE8C0, 0xE880,
  0xE060, 0xD860, 0xD060, 0xD060, 0xC840, 0xC020, 0xB820, 0xB840, 0xB840, 0xC040, 0xC060, 0xB040, 0x9820, 0x8800, 0x8000, 0x7800,
  0x6800, 0x7000, 0x7800, 0x7800, 0x6800, 0x6020, 0x6840, 0x7880, 0x7880, 0x6860, 0x5820, 0x5840, 0x5860, 0x5860, 0x4840, 0x4840,
  0x4860, 0x4040, 0x3040, 0x2840, 0x3040, 0x3060, 0x2840, 0x2040, 0x1820, 0x1020, 0x1020, 0x1020, 0x1040, 0x1860, 0x28A1, 0x38E1,
  0xB200, 0xDA60, 0xEA20, 0xE9E0, 0xEA21, 0xF281, 0xF221, 0xE940, 0xE8A0, 0xE880, 0xF0E0, 0xF180, 0xF1A0, 0xF140, 0xE8C0, 0xE880,
  0xE060, 0xD860, 0xD040, 0xC840, 0xC840, 0xC020, 0xB020, 0xB020, 0xB040, 0xC040, 0xC860, 0xC060, 0xA840, 0x9820, 0x9020, 0x8820,
  0x7820, 0x7000, 0x7800, 0x7000, 0x6800, 0x6020, 0x7860, 0x90C0, 0x90C1, 0x8080, 0x6040, 0x5840, 0x5860, 0x5040, 0x4840, 0x4840,
  0x4840, 0x4040, 0x3840, 0x2820, 0x2040, 0x2840, 0x2840, 0x2020, 0x1820, 0x1000, 0x0800, 0x1020, 0x1020, 0x2060, 0x30A1, 0x38E1,
  0xB200, 0xDA60, 0xEA40, 0xE9E0, 0xEA01, 0xF261, 0xF241, 0xE960, 0xE0C0, 0xE080, 0xE8C0, 0xF160, 0xF180, 0xF120, 0xE8C0, 0xE080,
  0xE060, 0xD860, 0xD040, 0xC840, 0xC040, 0xB820, 0xB020, 0xA820, 0xB020, 0xC040, 0xD080, 0xC880, 0xB840, 0xA820, 0xA820, 0xA020,
  0x9020, 0x8020, 0x7800, 0x6800, 0x6800, 0x6840, 0x8080, 0xA0E1, 0xA901, 0x90C1, 0x7060, 0x6020, 0x5840, 0x5040, 0x5040, 0x5840,
  0x6060, 0x5860, 0x4040, 0x2820, 0x2020, 0x2040, 0x2040, 0x2020, 0x1820, 0x1000, 0x1000, 0x1000, 0x1020, 0x2060, 0x30C1, 0x3901,
  0xB200, 0xDA80, 0xEA60, 0xE9E0, 0xE9E0, 0xEA41, 0xF241, 0xE9A1, 0xE0E0, 0xE080, 0xE8C0, 0xF140, 0xF180, 0xF120, 0xE8A0, 0xE060,
  0xE080, 0xE080, 0xD060, 0xC040, 0xB840, 0xB020, 0xA820, 0xA020, 0xA820, 0xC040, 0xD080, 0xD8A0, 0xC860, 0xB820, 0xB820, 0xB040,
  0xA840, 0x9820, 0x8020, 0x7000, 0x6820, 0x7040, 0x8880, 0xA8E1, 0xB101, 0xA0C1, 0x8060, 0x6820, 0x6020, 0x6040, 0x6860, 0x7880,
  0x80A0, 0x7080, 0x4860, 0x2820, 0x1820, 0x1820, 0x2040, 0x2040, 0x2020, 0x1820, 0x1800, 0x1820, 0x1820, 0x2060, 0x38C1, 0x4101,
  0xB200, 0xDA80, 0xEA60, 0xEA00, 0xE9C0, 0xEA01, 0xEA21, 0xE9C1, 0xE0E0, 0xE080, 0xE8A0, 0xF120, 0xF160, 0xF120, 0xE8A0, 0xE060,
  0xE080, 0xE080, 0xD080, 0xC060, 0xB840, 0xB020, 0xA020, 0xA020, 0xA820, 0xC060, 0xD8A0, 0xD8C1, 0xD080, 0xC860, 0xC040, 0xC840,
  0xC060, 0xB040, 0x9820, 0x8020, 0x7820, 0x7840, 0x8880, 0xA0C0, 0xB0C1, 0xA8A0, 0x9860, 0x8040, 0x7840, 0x7860, 0x90A0, 0xA100,
  0xA0E0, 0x88A0, 0x5860, 0x3020, 0x2020, 0x1820, 0x2020, 0x2820, 0x2840, 0x2820, 0x2820, 0x2020, 0x2040, 0x2880, 0x38E1, 0x4101,
  0xB200, 0xDA80, 0xEA80, 0xEA20, 0xE1C0, 0xE9E1, 0xEA21, 0xE9C1, 0xE120, 0xE080, 0xE0A0, 0xE920, 0xF160, 0xF120, 0xE8A0, 0xE060,
  0xE080, 0xE0A1, 0xD8A1, 0xC880, 0xB840, 0xA820, 0xA020, 0x9820, 0xA820, 0xC860, 0xD8C1, 0xE0E1, 0xD8C0, 0xD080, 0xC860, 0xD060,
  0xC880, 0xC060, 0xA840, 0x9840, 0x8840, 0x8860, 0x9060, 0xA080, 0xA8A0, 0xA880, 0xA860, 0xA060, 0x9060, 0x9880, 0xB100, 0xC180,
  0xB940, 0x90C0, 0x5860, 0x3820, 0x2820, 0x2020, 0x2020, 0x3040, 0x4060, 0x4880, 0x4060, 0x3040, 0x2840, 0x2880, 0x38E1, 0x4921,
  0xB1E0, 0xDA80, 0xEAA0, 0xEA40, 0xE1C0, 0xE1A0, 0xE9E1, 0xE9C1, 0xE140, 0xE0A0, 0xE080, 0xE900, 0xF160, 0xF120, 0xE8A0, 0xE080,
  0xE081, 0xE0C1, 0xD8C1, 0xC8A1, 0xB860, 0xA820, 0xA020, 0x9820, 0xA820, 0xC880, 0xE101, 0xE941, 0xE121, 0xD901, 0xD8A0, 0xD080,
  0xD080, 0xD0A1, 0xC060, 0xA840, 0xA060, 0x9880, 0x9860, 0xA060, 0xB080, 0xB880, 0xB880, 0xB8A0, 0xB0A0, 0xB0C0, 0xC160, 0xD1E0,
  0xC1A0, 0x90E0, 0x5860, 0x4020, 0x3020, 0x3020, 0x3040, 0x4880, 0x60E1, 0x68E1, 0x58A0, 0x3860, 0x2840, 0x2860, 0x38E1, 0x4121,
  0xB1E0, 0xDA80, 0xF2A0, 0xEA60, 0xE9C0, 0xE180, 0xE9C1, 0xE9C1, 0xE940, 0xE0C0, 0xE0A0, 0xE8E0, 0xF140, 0xF120, 0xE8C0, 0xE880,
  0xE081, 0xE0C1, 0xE0E1, 0xD0C1, 0xC081, 0xB040, 0xA020, 0x9820, 0xA020, 0xC880, 0xE101, 0xE961, 0xE9A1, 0xE981, 0xE101, 0xD880,
  0xD080, 0xD0A1, 0xC080, 0xB060, 0xB081, 0xA881, 0xA860, 0xA860, 0xB880, 0xC080, 0xC8A0, 0xC8E1, 0xC8E0, 0xC120, 0xD1E0, 0xDA40,
  0xC9E0, 0x9900, 0x6060, 0x4840, 0x4040, 0x4040, 0x4060, 0x58C1, 0x7941, 0x7961, 0x58E0, 0x3060, 0x2040, 0x2060, 0x38C1, 0x4101,
  0xB1E0, 0xDA60, 0xF2C0, 0xF280, 0xE9E0, 0xE160, 0xE181, 0xE9A1, 0xE961, 0xE0E0, 0xE0A0, 0xE8E0, 0xF120, 0xF120, 0xE8C0, 0xE880,
  0xE881, 0xE8C1, 0xE0E1, 0xD8E1, 0xC881, 0xB840, 0xA020, 0x9820, 0xA020, 0xC060, 0xE0E1, 0xE981, 0xF1E2, 0xF202, 0xE961, 0xD8C0,
  0xD080, 0xD0A1, 0xC080, 0xB040, 0xB060, 0xB880, 0xB060, 0xB060, 0xC080, 0xC0A0, 0xC8C1, 0xD121, 0xD161, 0xD1C1, 0xDA61, 0xE2A1,
  0xCA00, 0xA100, 0x7880, 0x6880, 0x5880, 0x5060, 0x4060, 0x50C1, 0x6941, 0x6921, 0x48C0, 0x2840, 0x1820, 0x2060, 0x30C1, 0x4101,
  0xB1C0, 0xDA60, 0xF2C0, 0xF280, 0xEA00, 0xE160, 0xE140, 0xE961, 0xE940, 0xE0E0, 0xE0C0, 0xE8E0, 0xF120, 0xF120, 0xF0C0, 0xE880,
  0xE880, 0xE8A1, 0xE8E1, 0xE0E1, 0xD0A1, 0xB840, 0xA820, 0x9820, 0xA020, 0xB840, 0xD8C1, 0xE941, 0xF1E2, 0xF223, 0xE9A2, 0xD8E1,
  0xC880, 0xC080, 0xC060, 0xB040, 0xB840, 0xC060, 0xC060, 0xB860, 0xC080, 0xC080, 0xC8E1, 0xD981, 0xE1E1, 0xE241, 0xE2E1, 0xE301,
  0xCA00, 0xA920, 0x90E0, 0x88E1, 0x78E1, 0x60A1, 0x4060, 0x3860, 0x48A0, 0x40A0, 0x3060, 0x2040, 0x1820, 0x2060, 0x30C1, 0x4121,
  0xB1C0, 0xDA60, 0xF2C0, 0xF2A0, 0xEA00, 0xE160, 0xD900, 0xE140, 0xE940, 0xE900, 0xE0E0, 0xE8E0, 0xF100, 0xF100, 0xF0C0, 0xE880,
  0xE880, 0xE8A0, 0xE8C1, 0xE0C1, 0xD0A1, 0xB860, 0xA820, 0x9820, 0x9820, 0xB040, 0xC880, 0xE101, 0xF1A2, 0xF243, 0xE9E2, 0xD901,
  0xC080, 0xB860, 0xB060, 0xB040, 0xB840, 0xC860, 0xC880, 0xC880, 0xC080, 0xC0A0, 0xC101, 0xD1A1, 0xE221, 0xE2A1, 0xEB42, 0xE322,
  0xCA41, 0xB160, 0xA921, 0xA141, 0x9121, 0x68E1, 0x3860, 0x2820, 0x2840, 0x2840, 0x2040, 0x2020, 0x2040, 0x2860, 0x38E1, 0x4921,
  0xA9C0, 0xDA40, 0xF2A0, 0xF2A0, 0xEA20, 0xE160, 0xD8E0, 0xE100, 0xE920, 0xE920, 0xE920, 0xE900, 0xF100, 0xF100, 0xF0C0, 0xF0A0,
  0xE880, 0xE880, 0xE880, 0xE0C1, 0xD0A1, 0xB860, 0xA020, 0x9820, 0x9800, 0xA020, 0xB840, 0xD0A0, 0xE142, 0xF1E3, 0xE9C2, 0xD901,
  0xB880, 0xB060, 0xA840, 0xA820, 0xB840, 0xD080, 0xD8C1, 0xD0E1, 0xC8C0, 0xC0C0, 0xC121, 0xD1C1, 0xDA22, 0xE281, 0xE322, 0xDB01,
  0xD241, 0xC180, 0xB961, 0xB161, 0xA142, 0x70E1, 0x4060, 0x2020, 0x1820, 0x1820, 0x2020, 0x2040, 0x2860, 0x3080, 0x40E1, 0x4921,
  0xA9A0, 0xDA40, 0xF2A0, 0xF2C0, 0xEA40, 0xE160, 0xD8E0, 0xD8E0, 0xE100, 0xE940, 0xE940, 0xE920, 0xF100, 0xF0E0, 0xF0C0, 0xF0A0,
  0xE880, 0xE860, 0xE860, 0xE0A1, 0xD081, 0xB860, 0xA020, 0x9020, 0x9000, 0x9000, 0xA820, 0xC060, 0xD8E1, 0xE982, 0xE982, 0xD901,
  0xB880, 0xA860, 0x9840, 0xA020, 0xB860, 0xD0C1, 0xE121, 0xE141, 0xD141, 0xC941, 0xC961, 0xD1C2, 0xD201, 0xD221, 0xDA81, 0xDA81,
  0xD221, 0xC1A1, 0xB961, 0xB161, 0xA141, 0x78E1, 0x4060, 0x2820, 0x2020, 0x2020, 0x2020, 0x2860, 0x3080, 0x30A0, 0x40E1, 0x4921,
  0xA9A0, 0xDA40, 0xF2A0, 0xF2C0, 0xF260, 0xE180, 0xD8C0, 0xD8A0, 0xE0E0, 0xE940, 0xF161, 0xF140, 0xF100, 0xF0C0, 0xF0A0, 0xF0A0,
  0xF080, 0xE840, 0xE840, 0xE081, 0xD081, 0xB860, 0xA020, 0x8820, 0x8800, 0x8800, 0x9800, 0xB020, 0xC880, 0xE121, 0xE942, 0xD901,
  0xB881, 0xA860, 0x9840, 0x9840, 0xB060, 0xD0E1, 0xE142, 0xE1A2, 0xE1E2, 0xD9E2, 0xD1E2, 0xD202, 0xC9C1, 0xC1A1, 0xC1C0, 0xD1E0,
  0xD1C0, 0xC9A1, 0xB961, 0xB941, 0xA941, 0x8101, 0x5080, 0x3040, 0x2820, 0x2020, 0x2840, 0x3060, 0x3880, 0x38A0, 0x40E1, 0x4921,
  0xA9A0, 0xDA20, 0xF2A0, 0xFAC0, 0xF260, 0xE1A0, 0xD0E0, 0xD0A0, 0xE0C0, 0xE920, 0xF181, 0xF161, 0xF100, 0xF0A0, 0xF0A0, 0xF0A0,
  0xF080, 0xE860, 0xE040, 0xD860, 0xD081, 0xB860, 0x9820, 0x8800, 0x8000, 0x8000, 0x8800, 0xA020, 0xC040, 0xD0C1, 0xE101, 0xD8C1,
  0xC081, 0xA860, 0x9860, 0x9840, 0xA860, 0xC0C1, 0xD141, 0xD9C2, 0xE222, 0xE242, 0xD222, 0xD222, 0xC1E1, 0xB161, 0xB160, 0xC180,
  0xD1C1, 0xD1A1, 0xC981, 0xC161, 0xB181, 0x9161, 0x68E1, 0x4080, 0x3040, 0x2820, 0x2840, 0x3060, 0x3880, 0x3080, 0x40C1, 0x4901,
  0xA9A0, 0xDA20, 0xF280, 0xFAC0, 0xF280, 0xE9C0, 0xD0E0, 0xD080, 0xD8A0, 0xE900, 0xF181, 0xF181, 0xF100, 0xF0A0, 0xF080, 0xF0A0,
  0xF0A0, 0xE860, 0xE040, 0xD860, 0xC861, 0xB861, 0xA020, 0x8800, 0x8000, 0x8000, 0x8800, 0xA000, 0xB840, 0xD080, 0xD8C1, 0xD8A1,
  0xC080, 0xB080, 0xA060, 0xA060, 0xA860, 0xB0A1, 0xB901, 0xC981, 0xDA02, 0xDA22, 0xD222, 0xCA22, 0xC202, 0xB181, 0xB160, 0xC1A1,
  0xD201, 0xDA01, 0xC981, 0xC161, 0xB981, 0xA9A1, 0x8961, 0x60E0, 0x4080, 0x3040, 0x2840, 0x2860, 0x3080, 0x3080, 0x38C1, 0x4101,
  0xA980, 0xDA20, 0xF280, 0xFAC0, 0xF280, 0xE9E0, 0xD900, 0xD080, 0xD880, 0xE100, 0xF1A1, 0xF1A1, 0xF100, 0xF080, 0xF080, 0xF0A0,
  0xF0A0, 0xF080, 0xE040, 0xD040, 0xC061, 0xB841, 0xA020, 0x9000, 0x8800, 0x8000, 0x8800, 0xA020, 0xB820, 0xC860, 0xD8A0, 0xD080,
  0xC060, 0xB060, 0xA860, 0xA860, 0xA080, 0xA080, 0xA0C1, 0xB941, 0xD1E1, 0xD1E1, 0xC1C1, 0xC1E1, 0xCA21, 0xC1E1, 0xC1C1, 0xCA41,
  0xDAC2, 0xE262, 0xC9A1, 0xB120, 0xA941, 0xA9A1, 0x99A1, 0x8141, 0x60E0, 0x4080, 0x2840, 0x2860, 0x2860, 0x2880, 0x38C1, 0x4101,
  0xA980, 0xDA00, 0xF260, 0xFAA0, 0xFAA0, 0xEA20, 0xD940, 0xD080, 0xD060, 0xE0E0, 0xF181, 0xF1A1, 0xF121, 0xF080, 0xE860, 0xF0A0,
  0xF0C1, 0xF0A1, 0xE060, 0xC840, 0xB840, 0xB040, 0xA020, 0x9020, 0x9000, 0x8800, 0x9020, 0xA820, 0xC040, 0xD080, 0xD8A0, 0xD080,
  0xC060, 0xB860, 0xB060, 0xB080, 0xA080, 0x9060, 0x9080, 0xA921, 0xD1E1, 0xC9C1, 0xB961, 0xB981, 0xCA21, 0xD241, 0xD282, 0xDB23,
  0xEB83, 0xE2C2, 0xC181, 0x98C0, 0x88C0, 0x9120, 0x9961, 0x9161, 0x7921, 0x58C0, 0x3860, 0x2040, 0x2040, 0x2860, 0x38C1, 0x4101,
  0xA980, 0xDA00, 0xF260, 0xFAA0, 0xFAA0, 0xF220, 0xE160, 0xD0A0, 0xD060, 0xE0A0, 0xF161, 0xF1C1, 0xF121, 0xF080, 0xE860, 0xF080,
  0xF0C1, 0xF0C1, 0xE060, 0xC840, 0xB040, 0xA820, 0xA020, 0x9820, 0x9820, 0x9820, 0xA020, 0xB040, 0xC860, 0xD0A0, 0xD8C0, 0xD0A0,
  0xC060, 0xB840, 0xB860, 0xB080, 0xA880, 0x9060, 0x9080, 0xB141, 0xD201, 0xD1E1, 0xB940, 0xB960, 0xD221, 0xDAC2, 0xDB22, 0xE3C4,
  0xEBC4, 0xE2C3, 0xB161, 0x8080, 0x6860, 0x70A0, 0x8900, 0x9141, 0x8941, 0x6901, 0x40A0, 0x2040, 0x1840, 0x2060, 0x38C1, 0x4101,
  0xA980, 0xD9E0, 0xF240, 0xFA80, 0xFA80, 0xF241, 0xE180, 0xD0C0, 0xD060, 0xE0A0, 0xE941, 0xF1A1, 0xF141, 0xF080, 0xE840, 0xE880,
  0xF0C1, 0xF0C1, 0xE080, 0xC040, 0xA820, 0xA020, 0xA020, 0x9820, 0xA020, 0xA840, 0xA860, 0xC080, 0xD0A0, 0xD8E0, 0xE100, 0xD0C0,
  0xC060, 0xB840, 0xB840, 0xB860, 0xA860, 0x9860, 0x98A0, 0xB161, 0xD221, 0xD201, 0xC140, 0xC160, 0xDA61, 0xE342, 0xE3A3, 0xEC04,
  0xEBA4, 0xD262, 0xA101, 0x6860, 0x5040, 0x5860, 0x70A0, 0x78E0, 0x7900, 0x68E1, 0x40A0, 0x2040, 0x1820, 0x2060, 0x38C1, 0x4101,
  0xA980, 0xD9E0, 0xF220, 0xFA60, 0xFA80, 0xF241, 0xE9C0, 0xD8E0, 0xD060, 0xD880, 0xE921, 0xF1A1, 0xF141, 0xF0A0, 0xE840, 0xE860,
  0xF0A1, 0xF0C1, 0xE0A1, 0xC040, 0xA820, 0xA020, 0xA000, 0xA020, 0xA840, 0xB060, 0xB8A0, 0xC8E0, 0xD920, 0xE161, 0xE161, 0xD900,
  0xC8A0, 0xC060, 0xC040, 0xB040, 0xA040, 0x9860, 0x98A0, 0xB941, 0xDA01, 0xD9E1, 0xD140, 0xD180, 0xE281, 0xEB62, 0xEBC3, 0xEBA3,
  0xE323, 0xC9E1, 0x98E0, 0x6860, 0x4840, 0x5060, 0x5880, 0x60A0, 0x58A0, 0x50A0, 0x3880, 0x2040, 0x1840, 0x2860, 0x38C1, 0x40E1,
  0xA980, 0xD9E0, 0xF200, 0xFA40, 0xFA60, 0xF241, 0xE9C0, 0xD900, 0xD860, 0xE060, 0xE901, 0xF181, 0xF141, 0xF0A0, 0xE840, 0xF060,
  0xF0A0, 0xF0C1, 0xE0A1, 0xC860, 0xA820, 0x9800, 0x9800, 0xA020, 0xB040, 0xB880, 0xC8E0, 0xD941, 0xE1C1, 0xEA01, 0xE9E1, 0xE161,
  0xD0E0, 0xD0A0, 0xC060, 0xB040, 0x9820, 0x8820, 0x9080, 0xB100, 0xC981, 0xD181, 0xD120, 0xD980, 0xEA61, 0xEB22, 0xEB42, 0xE302,
  0xE262, 0xC181, 0x90C0, 0x6860, 0x4840, 0x4040, 0x4060, 0x4060, 0x3860, 0x3060, 0x2840, 0x2040, 0x2060, 0x2880, 0x38E1, 0x38E1,
  0xA980, 0xD9E0, 0xF200, 0xFA20, 0xFA40, 0xFA41, 0xF1E1, 0xE120, 0xD880, 0xE060, 0xE8E1, 0xF181, 0xF161, 0xF0C0, 0xF040, 0xF040,
  0xF080, 0xF0A1, 0xE8A1, 0xD060, 0xB020, 0xA020, 0xA000, 0xA020, 0xB040, 0xC0A0, 0xD120, 0xE1C1, 0xEA62, 0xF2C2, 0xF2A2, 0xEA01,
  0xD981, 0xD920, 0xC8A0, 0xA840, 0x8820, 0x7820, 0x8040, 0x98A0, 0xA8E0, 0xB900, 0xC8E0, 0xD960, 0xEA21, 0xEAA1, 0xEAA1, 0xE281,
  0xDA01, 0xC140, 0x90C0, 0x6880, 0x4860, 0x3840, 0x3040, 0x3040, 0x2820, 0x2020, 0x2040, 0x2840, 0x2860, 0x38A1, 0x40E1, 0x40E1,
  0xA980, 0xD9C0, 0xF1E0, 0xF200, 0xFA20, 0xFA21, 0xF201, 0xE140, 0xE0A0, 0xE060, 0xE8E1, 0xF161, 0xF962, 0xF0E1, 0xF060, 0xF040,
  0xF060, 0xF080, 0xE880, 0xD060, 0xB840, 0xA020, 0xA000, 0xA020, 0xB040, 0xC0A0, 0xD141, 0xE221, 0xF303, 0xF383, 0xF343, 0xEAA2,
  0xE221, 0xE1C1, 0xD100, 0xA860, 0x8000, 0x7000, 0x7020, 0x7840, 0x8860, 0x9880, 0xB0A0, 0xD120, 0xE1C0, 0xEA21, 0xEA60, 0xE260,
  0xD9E0, 0xB940, 0x90C0, 0x6881, 0x4860, 0x3040, 0x2820, 0x2020, 0x2020, 0x2020, 0x2040, 0x2840, 0x3080, 0x40C1, 0x4901, 0x40E1,
  0xA980, 0xD9E0, 0xF1C0, 0xF1E0, 0xFA00, 0xFA21, 0xF201, 0xE960, 0xE0C0, 0xE080, 0xE8E1, 0xF182, 0xF982, 0xF101, 0xF080, 0xF060,
  0xF060, 0xF080, 0xE880, 0xD860, 0xC040, 0xB020, 0xA820, 0xA820, 0xA840, 0xB880, 0xC941, 0xE262, 0xF383, 0xFC04, 0xF3C3, 0xF322,
  0xEAC2, 0xEA61, 0xD181, 0xB080, 0x8020, 0x6800, 0x6000, 0x6020, 0x6820, 0x7840, 0x9060, 0xB8E0, 0xD160, 0xD9C0, 0xE220, 0xE280,
  0xDA40, 0xB960, 0x88C0, 0x6080, 0x4860, 0x3040, 0x2820, 0x2020, 0x2820, 0x2840, 0x2840, 0x2860, 0x3080, 0x40A0, 0x4901, 0x40E1,
  0xA9A0, 0xD9E0, 0xF1C0, 0xF1C0, 0xF9C0, 0xFA00, 0xF201, 0xE980, 0xE8E0, 0xE8A0, 0xE8E1, 0xF182, 0xF9A2, 0xF941, 0xF0C0, 0xF080,
  0xF060, 0xF060, 0xF060, 0xE060, 0xC840, 0xB840, 0xB040, 0xA820, 0xA020, 0xA860, 0xC101, 0xDA42, 0xEB64, 0xF404, 0xF3E4, 0xF362,
  0xF342, 0xEAE2, 0xD9C1, 0xB0C0, 0x8840, 0x6800, 0x5800, 0x5800, 0x5800, 0x6020, 0x7840, 0xA0A0, 0xB100, 0xC160, 0xD200, 0xE2A0,
  0xDA80, 0xB180, 0x80A0, 0x5860, 0x4880, 0x4060, 0x3860, 0x2840, 0x2840, 0x2840, 0x2840, 0x2840, 0x3060, 0x38A0, 0x4901, 0x40E1,
  0xA9A0, 0xE1E0, 0xF1C0, 0xF1A0, 0xF9A0, 0xF9E0, 0xFA01, 0xF1A0, 0xE900, 0xE8C0, 0xF101, 0xF182, 0xF9C2, 0xF961, 0xF8E1, 0xF8A0,
  0xF060, 0xF060, 0xF060, 0xE060, 0xD060, 0xC060, 0xB060, 0xA020, 0x9820, 0x9840, 0xB0C0, 0xC9E1, 0xE303, 0xEBA4, 0xF383, 0xEB02,
  0xEB02, 0xE2C2, 0xD1E1, 0xB0C0, 0x8840, 0x6800, 0x5800, 0x5000, 0x4800, 0x5000, 0x6820, 0x8060, 0x90A0, 0x98E0, 0xB180, 0xD260,
  0xDA61, 0xB980, 0x88A0, 0x6060, 0x5080, 0x50A0, 0x50C0, 0x4080, 0x3060, 0x2020, 0x2020, 0x2040, 0x2860, 0x38A0, 0x4901, 0x40E1,
  0xA9A0, 0xE1E0, 0xF1C0, 0xF180, 0xF980, 0xF9C0, 0xFA01, 0xF1C1, 0xE920, 0xE8E0, 0xF101, 0xF1A2, 0xF9E2, 0xF9A2, 0xF921, 0xF8C0,
  0xF880, 0xF060, 0xF060, 0xE840, 0xD040, 0xC060, 0xB861, 0xA040, 0x8820, 0x8820, 0x9880, 0xB941, 0xCA62, 0xDAE3, 0xE2C3, 0xE262,
  0xDA61, 0xD241, 0xC981, 0xA8A0, 0x8040, 0x6000, 0x5000, 0x4800, 0x4800, 0x5000, 0x6020, 0x6840, 0x6840, 0x7080, 0x8900, 0xB1E0,
  0xCA01, 0xC181, 0x98C0, 0x7080, 0x60A0, 0x60E0, 0x6900, 0x58E0, 0x3880, 0x2040, 0x1820, 0x2020, 0x2860, 0x40C0, 0x5121, 0x4901,
  0xA9A0, 0xE200, 0xF1C0, 0xF180, 0xF980, 0xF9A0, 0xFA01, 0xF1C1, 0xF140, 0xF100, 0xF121, 0xF1A2, 0xF9E2, 0xF9A2, 0xF941, 0xF8E1,
  0xF8A0, 0xF880, 0xF060, 0xE840, 0xD840, 0xC060, 0xB861, 0xA040, 0x8820, 0x8020, 0x9040, 0xA0E0, 0xB981, 0xCA02, 0xD1E2, 0xC9A1,
  0xC1A1, 0xC181, 0xB100, 0x9880, 0x7820, 0x5800, 0x5000, 0x4820, 0x5020, 0x5020, 0x5820, 0x5820, 0x5020, 0x5040, 0x68A0, 0x9120,
  0xB181, 0xB961, 0xB100, 0x88C0, 0x70A0, 0x68C0, 0x6900, 0x58E0, 0x4080, 0x2840, 0x2020, 0x2020, 0x2860, 0x40E1, 0x5941, 0x5121,
  0xA9C1, 0xE220, 0xF1E0, 0xF180, 0xF960, 0xF9A0, 0xFA01, 0xF1E1, 0xF160, 0xF120, 0xF141, 0xF1A2, 0xF9E2, 0xF9C2, 0xF961, 0xF901,
  0xF8C0, 0xF8A0, 0xF060, 0xE840, 0xD840, 0xC040, 0xB061, 0x9840, 0x8820, 0x8000, 0x8820, 0x9880, 0xA0E1, 0xB141, 0xB941, 0xB100,
  0xA0E0, 0xA0E0, 0x98A0, 0x8040, 0x6820, 0x5800, 0x4800, 0x5020, 0x5820, 0x5820, 0x5820, 0x5020, 0x4020, 0x4020, 0x5860, 0x78C0,
  0x9121, 0xB161, 0xB961, 0xA920, 0x80A0, 0x68A0, 0x60A0, 0x58A0, 0x4080, 0x3040, 0x2040, 0x2040, 0x2860, 0x48E1, 0x5941, 0x5121,
  0xA9C1, 0xE221, 0xF1E0, 0xF180, 0xF960, 0xF980, 0xFA01, 0xF201, 0xF180, 0xF120, 0xF141, 0xF1A2, 0xF9C2, 0xF9A2, 0xF961, 0xF921,
  0xF8E1, 0xF8C0, 0xF080, 0xE840, 0xD820, 0xC840, 0xB060, 0x9840, 0x8820, 0x8000, 0x8820, 0x8840, 0x9080, 0xA0C0, 0xA0A0, 0x9880,
  0x8860, 0x8060, 0x8040, 0x7020, 0x6020, 0x5000, 0x4820, 0x5020, 0x5820, 0x6020, 0x6020, 0x5820, 0x4820, 0x4840, 0x5860, 0x68A0,
  0x80E1, 0x9941, 0xB9A1, 0xB981, 0x9920, 0x80C0, 0x6880, 0x5860, 0x4860, 0x3860, 0x2840, 0x2840, 0x2860, 0x40C1, 0x5942, 0x4901,
  0xA9C1, 0xE241, 0xF200, 0xF1A0, 0xF160, 0xF980, 0xFA01, 0xFA01, 0xF180, 0xF140, 0xF141, 0xF181, 0xF9A2, 0xF982, 0xF941, 0xF921,
  0xF901, 0xF8E1, 0xF0A0, 0xF060, 0xD820, 0xC020, 0xA840, 0x9020, 0x8800, 0x8800, 0x8800, 0x8820, 0x9060, 0x9860, 0x9860, 0x8840,
  0x7840, 0x7040, 0x7020, 0x6820, 0x6020, 0x5020, 0x4820, 0x5020, 0x6020, 0x6840, 0x7040, 0x6840, 0x5840, 0x5060, 0x6080, 0x68C0,
  0x70C1, 0x8101, 0xA9A1, 0xC201, 0xC1C0, 0xA140, 0x80C0, 0x6060, 0x4840, 0x4060, 0x3060, 0x2840, 0x2860, 0x38C1, 0x5142, 0x4901,
  0xA9C1, 0xE241, 0xF220, 0xF1A0, 0xF140, 0xF980, 0xF9E1, 0xFA01, 0xF1A0, 0xF140, 0xF120, 0xF161, 0xF962, 0xF962, 0xF921, 0xF921,
  0xF901, 0xF901, 0xF8C0, 0xF060, 0xE020, 0xC820, 0xA820, 0x9020, 0x8800, 0x9000, 0x9020, 0x9040, 0x9060, 0x9860, 0x9040, 0x8020,
  0x7020, 0x6840, 0x6840, 0x6840, 0x6040, 0x5020, 0x4820, 0x5020, 0x6820, 0x7860, 0x8880, 0x8080, 0x7060, 0x6060, 0x68A0, 0x68C1,
  0x60A0, 0x68C1, 0x9981, 0xC241, 0xD260, 0xC200, 0xA140, 0x7080, 0x5040, 0x4040, 0x3860, 0x3060, 0x2860, 0x38C1, 0x5142, 0x4901,
  0xA9C1, 0xE261, 0xF261, 0xF1C0, 0xF160, 0xF980, 0xF9E1, 0xFA01, 0xF1A1, 0xF120, 0xF120, 0xF121, 0xF941, 0xF921, 0xF901, 0xF901,
  0xF921, 0xF941, 0xF901, 0xF0A0, 0xE040, 0xC820, 0xA820, 0x9000, 0x8800, 0x9820, 0x9820, 0x9840, 0xA080, 0xA8A0, 0x9860, 0x8040,
  0x7040, 0x7060, 0x7060, 0x7080, 0x6860, 0x5040, 0x4820, 0x5820, 0x7040, 0x8880, 0xA0E0, 0x98E0, 0x8080, 0x6860, 0x6880, 0x60A0,
  0x5080, 0x5080, 0x7920, 0xB221, 0xD2A1, 0xD281, 0xB1A0, 0x80C0, 0x5040, 0x3840, 0x3040, 0x2860, 0x2860, 0x38C1, 0x5142, 0x4901,
  0xA9C1, 0xE261, 0xF281, 0xF200, 0xF180, 0xF960, 0xF9C1, 0xF1E1, 0xF181, 0xF120, 0xF100, 0xF100, 0xF921, 0xF901, 0xF8E1, 0xF101,
  0xF121, 0xF961, 0xF941, 0xF0C0, 0xE060, 0xC820, 0xA820, 0x8800, 0x9020, 0xA020, 0xA840, 0xB080, 0xB8C0, 0xB8E0, 0xA8A0, 0x8860,
  0x7860, 0x8080, 0x80A1, 0x80A1, 0x7081, 0x5840, 0x5020, 0x6020, 0x7860, 0x98C0, 0xB120, 0xB140, 0x90C0, 0x6860, 0x6060, 0x5860,
  0x4840, 0x4040, 0x60C0, 0x99A0, 0xC240, 0xC241, 0xB1A0, 0x78C0, 0x4840, 0x2820, 0x2040, 0x2840, 0x2040, 0x30A1, 0x4922, 0x4901,
  0xA9C1, 0xE281, 0xF281, 0xF220, 0xF180, 0xF160, 0xF1A1, 0xF1C1, 0xF181, 0xF100, 0xF0E0, 0xF0E0, 0xF8E1, 0xF8E1, 0xF0C1, 0xF0E1,
  0xF121, 0xF181, 0xF161, 0xF101, 0xE860, 0xC820, 0xA820, 0x9020, 0x9020, 0xA840, 0xB880, 0xC0C0, 0xC920, 0xC941, 0xB0E0, 0x9080,
  0x8880, 0x88A1, 0x90C1, 0x90E1, 0x78A1, 0x6040, 0x5840, 0x7040, 0x8880, 0xA0E0, 0xB960, 0xB980, 0x98E0, 0x7060, 0x5840, 0x5060,
  0x4040, 0x3840, 0x4880, 0x7100, 0x9980, 0xA9C0, 0x9960, 0x68C0, 0x3840, 0x1820, 0x1820, 0x1820, 0x2040, 0x30A1, 0x4922, 0x40E1,
  0xA9C1, 0xE281, 0xF2A1, 0xFA41, 0xF1A0, 0xF160, 0xF180, 0xF1A1, 0xF161, 0xF100, 0xF0C0, 0xF0C0, 0xF0C1, 0xF8E1, 0xF0C1, 0xF0C1,
  0xF121, 0xF181, 0xF181, 0xF121, 0xE8A0, 0xD040, 0xB020, 0x9820, 0x9820, 0xA840, 0xC0A0, 0xD101, 0xD961, 0xD981, 0xC140, 0xA0C0,
  0x8880, 0x90A1, 0x98E1, 0x98E1, 0x80A1, 0x6060, 0x6840, 0x8080, 0x98C0, 0xA8E0, 0xB940, 0xB960, 0x98E0, 0x6860, 0x5840, 0x5060,
  0x4040, 0x3020, 0x3840, 0x5080, 0x70E0, 0x7900, 0x70E0, 0x5080, 0x2840, 0x1820, 0x1020, 0x1820, 0x1820, 0x30A1, 0x4902, 0x40E1,
  0xA9C0, 0xE281, 0xF2C1, 0xFA61, 0xF1C0, 0xF160, 0xF160, 0xF181, 0xF141, 0xF0E0, 0xF0A0, 0xF0A0, 0xF0C0, 0xF0C1, 0xF0C1, 0xF0C1,
  0xF121, 0xF181, 0xF1A1, 0xF141, 0xE8C0, 0xD060, 0xB840, 0xA040, 0x9840, 0xB060, 0xC0C0, 0xD941, 0xE1A1, 0xE9C1, 0xD181, 0xA8E0,
  0x90A0, 0x88A0, 0x90C1, 0x90C1, 0x88A1, 0x7060, 0x7860, 0x98C0, 0xB101, 0xB100, 0xB120, 0xA920, 0x88C0, 0x6060, 0x5060, 0x4860,
  0x3840, 0x3020, 0x3040, 0x4060, 0x5080, 0x5080, 0x4880, 0x3040, 0x2020, 0x1820, 0x1820, 0x1820, 0x1820, 0x30A1, 0x4101, 0x38E1,
  0xA9C0, 0xE281, 0xF2C1, 0xFA81, 0xF1E0, 0xF140, 0xF140, 0xF161, 0xF121, 0xF0E0, 0xF0A0, 0xF080, 0xF0A0, 0xF0C1, 0xF0C1, 0xF0C1,
  0xF101, 0xF181, 0xF1A1, 0xF141, 0xE8E0, 0xD880, 0xC061, 0xA861, 0xA040, 0xA860, 0xC0C0, 0xD941, 0xE1A1, 0xE9C1, 0xD9A1, 0xB900,
  0x90A0, 0x8060, 0x8080, 0x90A1, 0x88A1, 0x7860, 0x8080, 0xA8E1, 0xC161, 0xB941, 0xA900, 0x98E0, 0x7880, 0x5840, 0x4840, 0x4840,
  0x3040, 0x2820, 0x3040, 0x3860, 0x4060, 0x4060, 0x3840, 0x2820, 0x2840, 0x2040, 0x1820, 0x1820, 0x1820, 0x30A0, 0x4101, 0x38E1,
  0xA9C0, 0xE281, 0xF2C1, 0xFAA1, 0xF200, 0xF160, 0xF120, 0xF120, 0xF121, 0xF0C0, 0xF080, 0xF060, 0xF080, 0xF0C1, 0xF0C1, 0xF0A1,
  0xF0E1, 0xF161, 0xF181, 0xF161, 0xF0E0, 0xE0A0, 0xC881, 0xB881, 0xA860, 0xA840, 0xB8A0, 0xC921, 0xD961, 0xE180, 0xE180, 0xB900,
  0x9080, 0x7840, 0x7060, 0x8080, 0x88A1, 0x8080, 0x8880, 0xB101, 0xC981, 0xC181, 0xA0E0, 0x8080, 0x6060, 0x5040, 0x4840, 0x4040,
  0x3040, 0x2820, 0x3040, 0x3860, 0x3840, 0x3040, 0x3020, 0x2820, 0x2860, 0x3060, 0x2040, 0x1820, 0x1820, 0x3080, 0x4101, 0x38C1,
  0xA9C0, 0xE281, 0xFAE1, 0xFAC1, 0xF220, 0xF160, 0xF100, 0xF100, 0xF100, 0xE8C0, 0xE880, 0xF060, 0xF080, 0xF0C1, 0xF0C1, 0xF0A1,
  0xF0C1, 0xF141, 0xF161, 0xF141, 0xF0E1, 0xE0A1, 0xD8A1, 0xC8A1, 0xB060, 0xA040, 0xA880, 0xB8C0, 0xC920, 0xD940, 0xD940, 0xB8E0,
  0x9060, 0x7020, 0x6020, 0x7060, 0x8881, 0x8880, 0x8880, 0xB0E1, 0xC961, 0xC161, 0x98E0, 0x6860, 0x5020, 0x4020, 0x4040, 0x3840,
  0x2820, 0x2020, 0x2840, 0x3040, 0x3040, 0x2820, 0x2820, 0x2020, 0x3060, 0x38A0, 0x3060, 0x1820, 0x1820, 0x2880, 0x4101, 0x38C0,
  0xA9C1, 0xE261, 0xFAE1, 0xFAC1, 0xF240, 0xF160, 0xF0E0, 0xF0E0, 0xF0E0, 0xE8C0, 0xE880, 0xE840, 0xF060, 0xF0A1, 0xF0C1, 0xF0A1,
  0xF0A0, 0xF101, 0xF141, 0xF141, 0xF0E0, 0xE8A0, 0xE0A1, 0xD0A1, 0xB861, 0xA020, 0x9840, 0xA080, 0xB0C0, 0xC8E0, 0xC900, 0xB0C0,
  0x8840, 0x6020, 0x5820, 0x6840, 0x7880, 0x8060, 0x8860, 0xA0A0, 0xC121, 0xB121, 0x88A0, 0x5840, 0x4020, 0x4020, 0x4040, 0x3840,
  0x2820, 0x2020, 0x2840, 0x3040, 0x3040, 0x2820, 0x2020, 0x2020, 0x3060, 0x40A1, 0x3880, 0x2040, 0x1840, 0x3080, 0x40E1, 0x38C1,
  0xA9C1, 0xE261, 0xFAC1, 0xFAC1, 0xF240, 0xF160, 0xF0E0, 0xF0C0, 0xF0C0, 0xE8A0, 0xE860, 0xE840, 0xE860, 0xE881, 0xE8A1, 0xE881,
  0xF0A0, 0xF0E1, 0xF121, 0xF121, 0xF0C0, 0xE8A0, 0xE0A1, 0xD8A1, 0xC061, 0xA020, 0x9020, 0x9040, 0x9860, 0xA8A0, 0xB8C0, 0xA880,
  0x8040, 0x6000, 0x5000, 0x5820, 0x6860, 0x7060, 0x8040, 0x9060, 0xA8C0, 0xA0C0, 0x7860, 0x5020, 0x3820, 0x4020, 0x4040, 0x3840,
  0x2820, 0x2020, 0x2840, 0x3860, 0x3860, 0x3040, 0x2020, 0x1820, 0x2840, 0x3880, 0x3880, 0x2860, 0x2040, 0x30A0, 0x4101, 0x38C1,
  0xA9A1, 0xE261, 0xFAC1, 0xFAC1, 0xF240, 0xF160, 0xF0C0, 0xF0A0, 0xE8A0, 0xE8A0, 0xE060, 0xE040, 0xE840, 0xE881, 0xE8A1, 0xE881,
  0xF080, 0xF0C0, 0xF101, 0xF101, 0xF0C0, 0xF080, 0xE881, 0xE0A1, 0xC861, 0xA820, 0x8820, 0x7820, 0x8040, 0x9060, 0xA080, 0xA060,
  0x8020, 0x6000, 0x5000, 0x5820, 0x6040, 0x6840, 0x7040, 0x8060, 0x9080, 0x8880, 0x6840, 0x4820, 0x4020, 0x4020, 0x4840, 0x3840,
  0x2820, 0x2020, 0x3040, 0x4880, 0x5080, 0x3860, 0x2820, 0x1820, 0x2040, 0x2860, 0x3060, 0x2860, 0x2860, 0x30A0, 0x40E1, 0x38C1,
  0xA9A1, 0xE261, 0xFAA0, 0xFAA0, 0xF240, 0xF180, 0xF0C0, 0xF080, 0xE8A0, 0xE8A0, 0xE060, 0xD820, 0xE040, 0xE060, 0xE081, 0xE081,
  0xE860, 0xF0A0, 0xF0E1, 0xF0E1, 0xF0A0, 0xF060, 0xE860, 0xE881, 0xD061, 0xB040, 0x8820, 0x7020, 0x7020, 0x8040, 0x9040, 0x9040,
  0x7820, 0x6000, 0x5800, 0x5820, 0x5820, 0x6040, 0x7040, 0x7840, 0x8060, 0x7840, 0x6040, 0x4820, 0x4020, 0x4840, 0x4840, 0x3840,
  0x2820, 0x2820, 0x3860, 0x58A0, 0x58A0, 0x4860, 0x2820, 0x2020, 0x2020, 0x2040, 0x2840, 0x2840, 0x2840, 0x3080, 0x38C1, 0x30A0,
  0xA9A1, 0xE241, 0xFA80, 0xFAA0, 0xF240, 0xF180, 0xF0C0, 0xF080, 0xE880, 0xE080, 0xD860, 0xD820, 0xD820, 0xD840, 0xD860, 0xE060,
  0xE860, 0xE880, 0xF0C1, 0xF0C1, 0xF080, 0xF040, 0xF060, 0xE880, 0xD861, 0xB040, 0x8820, 0x7020, 0x6820, 0x7840, 0x8840, 0x9040,
  0x8040, 0x7020, 0x6820, 0x6020, 0x5820, 0x6040, 0x7060, 0x7860, 0x7860, 0x6840, 0x5820, 0x4820, 0x4840, 0x5060, 0x5060, 0x3840,
  0x2820, 0x2820, 0x3860, 0x58A0, 0x68C0, 0x5080, 0x3040, 0x2820, 0x2020, 0x2040, 0x2040, 0x2040, 0x2040, 0x2860, 0x38C1, 0x30A0,
  0xA1A1, 0xE241, 0xF280, 0xFA80, 0xF240, 0xF180, 0xF0C0, 0xF060, 0xE860, 0xE080, 0xD840, 0xD020, 0xD020, 0xD040, 0xD040, 0xD860,
  0xE060, 0xE880, 0xF0A0, 0xF0A0, 0xF060, 0xF040, 0xF040, 0xF080, 0xE081, 0xB860, 0x9040, 0x7840, 0x7840, 0x8040, 0x8840, 0x9060,
  0x8860, 0x8060, 0x7860, 0x7040, 0x6020, 0x6040, 0x7860, 0x8080, 0x8080, 0x6840, 0x5020, 0x4820, 0x4840, 0x5060, 0x5080, 0x3840,
  0x2820, 0x2820, 0x3040, 0x58A0, 0x70E0, 0x68C0, 0x4060, 0x3040, 0x2840, 0x2840, 0x2040, 0x1820, 0x2020, 0x2860, 0x30A0, 0x2880,
  0xA1A1, 0xE241, 0xF260, 0xFA60, 0xF220, 0xF180, 0xF0C0, 0xF060, 0xE860, 0xE060, 0xD040, 0xC820, 0xC820, 0xC820, 0xC840, 0xD040,
  0xD840, 0xE060, 0xE880, 0xF080, 0xF040, 0xF040, 0xF040, 0xF080, 0xE081, 0xC061, 0x9860, 0x8860, 0x8860, 0x8880, 0x9080, 0xA080,
  0x98A1, 0x90A1, 0x9080, 0x8060, 0x6840, 0x6040, 0x7880, 0x88A1, 0x8080, 0x6860, 0x5020, 0x4820, 0x4040, 0x5080, 0x4880, 0x3840,
  0x2820, 0x2020, 0x3040, 0x50A0, 0x7900, 0x78E0, 0x5880, 0x3840, 0x3040, 0x2840, 0x2020, 0x1820, 0x1820, 0x2060, 0x30A0, 0x2880,
  0xA1A1, 0xE221, 0xF240, 0xFA40, 0xF200, 0xF180, 0xF0E0, 0xF060, 0xE840, 0xE040, 0xD040, 0xC020, 0xC020, 0xC020, 0xC020, 0xC840,
  0xD040, 0xD840, 0xE860, 0xF060, 0xF040, 0xF040, 0xF060, 0xF0A0, 0xE8A1, 0xC881, 0xA881, 0x9881, 0x9881, 0x98A1, 0xA0A0, 0xA8C1,
  0xB101, 0xA8E1, 0xA0A1, 0x9080, 0x7040, 0x6040, 0x7060, 0x80A1, 0x88A1, 0x7060, 0x5840, 0x4820, 0x4840, 0x4880, 0x4880, 0x3840,
  0x2820, 0x2020, 0x2820, 0x4880, 0x7100, 0x8120, 0x68C0, 0x4860, 0x3040, 0x2020, 0x1820, 0x1820, 0x1820, 0x2040, 0x2880, 0x2080,
  0xA1A1, 0xE221, 0xF220, 0xF200, 0xF1E0, 0xF180, 0xF0E0, 0xF060, 0xE840, 0xE040, 0xC820, 0xB820, 0xB800, 0xB800, 0xB820, 0xC020,
  0xC820, 0xD040, 0xE040, 0xE840, 0xF020, 0xF040, 0xF060, 0xF0A0, 0xE8A0, 0xC881, 0xB081, 0xA081, 0xA0A1, 0xA8C1, 0xA8C1, 0xB901,
  0xC121, 0xB901, 0xB0C1, 0x9880, 0x7860, 0x6040, 0x6060, 0x7880, 0x80A1, 0x7880, 0x6040, 0x4840, 0x4840, 0x4860, 0x4880, 0x3840,
  0x2820, 0x2020, 0x2820, 0x3860, 0x60C0, 0x7900, 0x70E0, 0x58A0, 0x3840, 0x2020, 0x1020, 0x1020, 0x1020, 0x1840, 0x2080, 0x2080,
  0xA181, 0xE221, 0xF200, 0xF1E0, 0xF1C0, 0xF160, 0xF0E0, 0xF060, 0xE840, 0xE020, 0xC820, 0xB820, 0xB000, 0xB000, 0xB000, 0xB820,
  0xC020, 0xC820, 0xD820, 0xE820, 0xF020, 0xF040, 0xF080, 0xF0C0, 0xE8C0, 0xD0A1, 0xB081, 0xA881, 0xA081, 0xA8A1, 0xB0C1, 0xC101,
  0xC941, 0xC101, 0xB8C1, 0xA080, 0x8060, 0x6860, 0x5840, 0x6860, 0x7880, 0x7881, 0x6860, 0x5040, 0x4840, 0x4040, 0x4060, 0x3840,
  0x2820, 0x2820, 0x2820, 0x3040, 0x4880, 0x60C0, 0x70E1, 0x60C0, 0x3860, 0x2020, 0x1000, 0x0800, 0x1020, 0x1840, 0x2080, 0x2080,
  0xA181, 0xE201, 0xF200, 0xF1C0, 0xF1A0, 0xF140, 0xF0E0, 0xF060, 0xE840, 0xE020, 0xC820, 0xB000, 0xB000, 0xB000, 0xB000, 0xB000,
  0xB020, 0xC020, 0xD820, 0xE820, 0xF040, 0xF060, 0xF8C0, 0xF0E0, 0xE8E0, 0xD080, 0xB060, 0xA060, 0x9860, 0x9881, 0xB0C0, 0xC101,
  0xD141, 0xC921, 0xB8C0, 0xA8A0, 0x8881, 0x6860, 0x5860, 0x5860, 0x6880, 0x78A1, 0x6880, 0x5040, 0x4020, 0x3840, 0x4040, 0x4040,
  0x3840, 0x3020, 0x3040, 0x3040, 0x3040, 0x4860, 0x58A0, 0x58C0, 0x4080, 0x2020, 0x1000, 0x0800, 0x1020, 0x1840, 0x2080, 0x2080,
  0xA181, 0xDA01, 0xF1E0, 0xF1A0, 0xF160, 0xF140, 0xF0C0, 0xF060, 0xE820, 0xE020, 0xC820, 0xB000, 0xA800, 0xA800, 0xA800, 0xA800,
  0xA800, 0xB800, 0xD000, 0xE820, 0xF040, 0xF880, 0xF8E0, 0xF100, 0xE8E0, 0xD080, 0xB040, 0x9840, 0x8840, 0x9060, 0xA0A0, 0xC101,
  0xD141, 0xC901, 0xB8C0, 0xA8A1, 0x90A1, 0x7081, 0x5860, 0x5040, 0x6060, 0x78A1, 0x6880, 0x5040, 0x3820, 0x3020, 0x3840, 0x4060,
  0x4060, 0x3840, 0x3040, 0x2840, 0x2020, 0x2820, 0x3860, 0x48A0, 0x4880, 0x3060, 0x1820, 0x1020, 0x1020, 0x1040, 0x2060, 0x2080,
  0xA181, 0xDA01, 0xF1C0, 0xF180, 0xF140, 0xF120, 0xF0C0, 0xF060, 0xE820, 0xE020, 0xC800, 0xB000, 0xA800, 0xA800, 0xA800, 0xA800,
  0xA800, 0xB000, 0xD000, 0xE820, 0xF060, 0xF8A0, 0xF900, 0xF121, 0xE8E0, 0xC860, 0xA840, 0x8820, 0x7820, 0x8040, 0x9080, 0xB8E0,
  0xC920, 0xC900, 0xB0A0, 0xA0A1, 0x88A1, 0x7081, 0x5860, 0x4840, 0x5860, 0x6881, 0x6060, 0x4820, 0x3820, 0x3020, 0x3020, 0x4060,
  0x5080, 0x4880, 0x3860, 0x2840, 0x1820, 0x1800, 0x2020, 0x3060, 0x4080, 0x3880, 0x2840, 0x1820, 0x1020, 0x1040, 0x2060, 0x2080,
  0xA181, 0xD9E1, 0xF1C0, 0xF140, 0xF120, 0xF100, 0xF0C0, 0xF060, 0xE820, 0xE000, 0xC800, 0xB800, 0xB000, 0xA800, 0xA800, 0xA000,
  0xA000, 0xB000, 0xC820, 0xE820, 0xF060, 0xF8C0, 0xF920, 0xF121, 0xE0C0, 0xC860, 0xA820, 0x8800, 0x7000, 0x7020, 0x8060, 0xA8C0,
  0xB8E0, 0xB8E0, 0xA8A0, 0x9080, 0x7881, 0x6860, 0x5040, 0x4840, 0x5040, 0x5860, 0x5040, 0x3820, 0x3020, 0x2820, 0x3040, 0x4860,
  0x58A0, 0x58A0, 0x4880, 0x3040, 0x1820, 0x1000, 0x1000, 0x2020, 0x3860, 0x4080, 0x3880, 0x2040, 0x1020, 0x1020, 0x2060, 0x2060,
  0x9961, 0xD9E1, 0xF1A0, 0xF140, 0xF100, 0xF0E0, 0xF0A0, 0xF060, 0xE820, 0xE000, 0xC800, 0xB800, 0xB000, 0xB000, 0xA800, 0xA000,
  0xA000, 0xA800, 0xC820, 0xE840, 0xF080, 0xF8E0, 0xF941, 0xF141, 0xE0C0, 0xC840, 0xA820, 0x8800, 0x6800, 0x6020, 0x7040, 0x9080,
  0xA8C0, 0xA8C0, 0x9880, 0x8060, 0x6840, 0x5840, 0x4820, 0x4020, 0x4040, 0x4840, 0x4020, 0x3000, 0x2820, 0x2820, 0x3040, 0x4880,
  0x58A1, 0x58A1, 0x5080, 0x3860, 0x2840, 0x1820, 0x1000, 0x1820, 0x2840, 0x4080, 0x48A0, 0x3060, 0x1820, 0x1020, 0x2060, 0x2060,
  0x9961, 0xD9C1, 0xF180, 0xF120, 0xF0E0, 0xF0C0, 0xF0A0, 0xF060, 0xE820, 0xE000, 0xD000, 0xC000, 0xB800, 0xB000, 0xA800, 0xA000,
  0x9800, 0xA820, 0xC820, 0xE840, 0xF0A0, 0xF900, 0xF961, 0xF141, 0xE0C0, 0xC040, 0xA820, 0x8800, 0x6800, 0x5800, 0x6020, 0x8060,
  0x9080, 0x9880, 0x8860, 0x7040, 0x5820, 0x5020, 0x4020, 0x3820, 0x3820, 0x3820, 0x3000, 0x2800, 0x2820, 0x2820, 0x3040, 0x4080,
  0x50A1, 0x5080, 0x4880, 0x4060, 0x3060, 0x2020, 0x1800, 0x1800, 0x2020, 0x3060, 0x40A0, 0x3880, 0x2040, 0x1820, 0x2060, 0x2060,
  0x9961, 0xD9C1, 0xF180, 0xF100, 0xF0C0, 0xF0A0, 0xF080, 0xF040, 0xE820, 0xE000, 0xD000, 0xC800, 0xC000, 0xB800, 0xB000, 0xA800,
  0xA000, 0xA820, 0xC820, 0xE860, 0xF0C0, 0xF921, 0xF961, 0xF121, 0xD8A0, 0xC040, 0xA820, 0x9000, 0x7000, 0x5800, 0x5820, 0x7040,
  0x8040, 0x8860, 0x8060, 0x6840, 0x5820, 0x4820, 0x4020, 0x3800, 0x3000, 0x3000, 0x2800, 0x2000, 0x2020, 0x2820, 0x3040, 0x3860,
  0x4080, 0x3860, 0x3040, 0x3040, 0x3040, 0x2040, 0x1820, 0x1800, 0x1820, 0x2840, 0x3880, 0x3880, 0x2860, 0x2040, 0x2060, 0x2040,
  0x9941, 0xD9C1, 0xE980, 0xF100, 0xF0A0, 0xF0A0, 0xF080, 0xF040, 0xE820, 0xE000, 0xD800, 0xD000, 0xC800, 0xB800, 0xB000, 0xA800,
  0xA020, 0xA820, 0xC840, 0xE060, 0xF0E1, 0xF941, 0xF181, 0xE921, 0xD8A0, 0xB820, 0xA800, 0x9000, 0x7000, 0x5800, 0x5800, 0x6820,
  0x7840, 0x8040, 0x8060, 0x7040, 0x5820, 0x4800, 0x4000, 0x3800, 0x3000, 0x2800, 0x2800, 0x2000, 0x2020, 0x2020, 0x2020, 0x2840,
  0x3040, 0x2020, 0x2000, 0x2020, 0x2020, 0x2020, 0x1800, 0x1800, 0x1800, 0x2020, 0x3060, 0x3860, 0x2860, 0x2040, 0x2040, 0x1840,
  0x9941, 0xD9A1, 0xE960, 0xF0E0, 0xE8A0, 0xF080, 0xF060, 0xF040, 0xF020, 0xE820, 0xD800, 0xD000, 0xD000, 0xC000, 0xB800, 0xB000,
  0xA820, 0xB040, 0xC840, 0xE080, 0xF0E1, 0xF961, 0xF181, 0xE901, 0xD080, 0xB820, 0xA820, 0x9800, 0x7800, 0x6000, 0x5800, 0x6820,
  0x8040, 0x8860, 0x9060, 0x8060, 0x6040, 0x5000, 0x4000, 0x3820, 0x3820, 0x3020, 0x2800, 0x2000, 0x1800, 0x1800, 0x1820, 0x2020,
  0x2020, 0x1800, 0x1800, 0x1800, 0x1800, 0x1800, 0x1000, 0x1000, 0x1800, 0x2020, 0x2840, 0x3060, 0x2840, 0x2040, 0x2040, 0x1840,
  0x9141, 0xD9A1, 0xE960, 0xE8E0, 0xE8A0, 0xF080, 0xF060, 0xF040, 0xF040, 0xE820, 0xE020, 0xD800, 0xD000, 0xC800, 0xC000, 0xB820,
  0xB020, 0xB040, 0xC840, 0xE080, 0xF101, 0xF182, 0xF161, 0xE101, 0xC880, 0xB020, 0xA820, 0x9820, 0x8020, 0x7020, 0x6820, 0x7840,
  0x8840, 0x9860, 0x9880, 0x9080, 0x7840, 0x5820, 0x4800, 0x4020, 0x4020, 0x3820, 0x2820, 0x2000, 0x1800, 0x1800, 0x1800, 0x2820,
  0x2820, 0x2020, 0x1800, 0x1800, 0x1800, 0x1800, 0x1000, 0x1000, 0x1000, 0x1820, 0x2840, 0x3060, 0x2840, 0x2040, 0x2040, 0x1840,
  0x9121, 0xD1A0, 0xE960, 0xE8E0, 0xE8A0, 0xF080, 0xF060, 0xF060, 0xF040, 0xE820, 0xE020, 0xE020, 0xD820, 0xD000, 0xC800, 0xC020,
  0xB840, 0xB840, 0xC840, 0xD880, 0xE901, 0xF182, 0xF161, 0xD8E1, 0xC060, 0xB020, 0xA820, 0xA020, 0x9020, 0x8020, 0x8040, 0x8860,
  0x9880, 0xA880, 0xA8A0, 0xA0A0, 0x8860, 0x6820, 0x5000, 0x4020, 0x4020, 0x3820, 0x2820, 0x2000, 0x1800, 0x1800, 0x2020, 0x3840,
  0x4060, 0x3840, 0x2820, 0x2020, 0x1800, 0x1800, 0x1000, 0x1000, 0x1000, 0x1820, 0x2840, 0x2840, 0x2040, 0x2040, 0x1840, 0x1820,
  0x9121, 0xD180, 0xE960, 0xE8E0, 0xE8A0, 0xF080, 0xF060, 0xF060, 0xF060, 0xE840, 0xE820, 0xE020, 0xD820, 0xD000, 0xC820, 0xC820,
  0xC040, 0xC060, 0xC840, 0xD880, 0xE901, 0xF162, 0xE941, 0xD0C0, 0xB860, 0xB040, 0xB040, 0xB060, 0xA040, 0x9040, 0x9080, 0xA0A0,
  0xA8A0, 0xB0A0, 0xB0C0, 0xB0C0, 0x9880, 0x7840, 0x5820, 0x4820, 0x3820, 0x3020, 0x2000, 0x2000, 0x1800, 0x1800, 0x2820, 0x4860,
  0x58A0, 0x50A0, 0x4060, 0x3040, 0x2840, 0x2020, 0x1800, 0x1000, 0x1000, 0x1820, 0x2040, 0x2040, 0x1820, 0x1840, 0x1840, 0x1020,
  0x9120, 0xD180, 0xE960, 0xE900, 0xE8A0, 0xF080, 0xF080, 0xF080, 0xF060, 0xE840, 0xE840, 0xE820, 0xE020, 0xD800, 0xD020, 0xC820,
  0xC840, 0xC060, 0xC840, 0xD880, 0xE901, 0xF142, 0xE901, 0xD0A0, 0xB860, 0xB060, 0xC060, 0xB880, 0xB080, 0xA060, 0xA0A0, 0xA8C1,
  0xB0C0, 0xB0C0, 0xB8C1, 0xB8E0, 0xA8C0, 0x9080, 0x7060, 0x4820, 0x3020, 0x2800, 0x2000, 0x1800, 0x1800, 0x2000, 0x2820, 0x4880,
  0x60E1, 0x60E1, 0x50A0, 0x50A0, 0x4080, 0x3040, 0x2020, 0x1820, 0x1820, 0x1820, 0x1820, 0x1820, 0x1020, 0x1840, 0x1840, 0x1020,
  0x9120, 0xD180, 0xE960, 0xE900, 0xE8C0, 0xE8A0, 0xF0A0, 0xF080, 0xF080, 0xF060, 0xE840, 0xE820, 0xE020, 0xD820, 0xD020, 0xD020,
  0xD040, 0xC860, 0xC840, 0xD060, 0xE0E1, 0xE921, 0xE101, 0xD0A0, 0xB880, 0xB880, 0xC8A0, 0xC8C1, 0xB8A1, 0xA880, 0xA0A0, 0xA8C1,
  0xA8C0, 0xA8C0, 0xB0C1, 0xB0E0, 0xB0E0, 0xA0A0, 0x8080, 0x5040, 0x3020, 0x1800, 0x1800, 0x1800, 0x2000, 0x2000, 0x2820, 0x4060,
  0x58C1, 0x58E1, 0x58C0, 0x58C0, 0x58A1, 0x4080, 0x3060, 0x2840, 0x1820, 0x1820, 0x1000, 0x1000, 0x1000, 0x1820, 0x1820, 0x1020,
  0x9100, 0xD180, 0xE960, 0xE920, 0xE8E0, 0xE8A0, 0xF0A0, 0xF0A0, 0xF0A0, 0xF080, 0xE860, 0xE820, 0xE020, 0xD820, 0xD020, 0xD020,
  0xD040, 0xC860, 0xC840, 0xD060, 0xE0C1, 0xE901, 0xE0E1, 0xD0A0, 0xC0A0, 0xC0C0, 0xD0E1, 0xD901, 0xC8E1, 0xB0A1, 0xA0A0, 0x98A1,
  0x90A0, 0x90A0, 0x98A0, 0xA0C0, 0xA8E0, 0xA0C0, 0x80A0, 0x5860, 0x2820, 0x1800, 0x1000, 0x1800, 0x2000, 0x2000, 0x2000, 0x2840,
  0x3880, 0x4080, 0x4880, 0x50A0, 0x50A1, 0x48A0, 0x3860, 0x2840, 0x1820, 0x1000, 0x0800, 0x0800, 0x1000, 0x1020, 0x1020, 0x0800,
  0x8900, 0xD180, 0xE980, 0xE920, 0xE8E0, 0xE8C0, 0xF0C0, 0xF0C0, 0xF0A0, 0xF080, 0xE860, 0xE820, 0xE820, 0xD820, 0xD020, 0xD020,
  0xD040, 0xC840, 0xC840, 0xD040, 0xD8A0, 0xE8E1, 0xE0C1, 0xD0C1, 0xC8C1, 0xD101, 0xE141, 0xE141, 0xD101, 0xB8A1, 0xA0A0, 0x8880,
  0x7860, 0x7860, 0x7880, 0x88A0, 0x90C0, 0x90C0, 0x7880, 0x5060, 0x3020, 0x1800, 0x1000, 0x1800, 0x2000, 0x2800, 0x2000, 0x1800,
  0x2020, 0x2040, 0x2840, 0x3060, 0x3860, 0x3860, 0x2840, 0x2020, 0x1000, 0x1000, 0x0800, 0x0800, 0x0800, 0x1020, 0x1020, 0x1861,
  0x8900, 0xD180, 0xE980, 0xE940, 0xE900, 0xE8E0, 0xF0E0, 0xF0E0, 0xF0C0, 0xF0A0, 0xF080, 0xE840, 0xE820, 0xD820, 0xD020, 0xD020,
  0xC840, 0xC840, 0xC820, 0xC840, 0xD880, 0xE0A1, 0xE0C1, 0xD8C1, 0xD101, 0xD941, 0xE161, 0xE961, 0xD901, 0xC0C1, 0xA0A0, 0x7860,
  0x6040, 0x5840, 0x6040, 0x6860, 0x7080, 0x7080, 0x6860, 0x4840, 0x3020, 0x1800, 0x1800, 0x2000, 0x3020, 0x3020, 0x2000, 0x1800,
  0x1000, 0x1000, 0x1800, 0x1820, 0x2020, 0x2020, 0x1820, 0x1000, 0x1000, 0x0800, 0x0800, 0x0800, 0x0800, 0x1020, 0x0820, 0x0820,
  0x8900, 0xD180, 0xE980, 0xE960, 0xE920, 0xE8E0, 0xF100, 0xF100, 0xF0E0, 0xF0C0, 0xF080, 0xE840, 0xE820, 0xD820, 0xD020, 0xC820,
  0xC820, 0xC820, 0xC020, 0xC820, 0xD060, 0xE080, 0xE0A1, 0xD8C1, 0xD901, 0xE161, 0xE182, 0xE161, 0xD901, 0xC0C1, 0xA0A0, 0x7060,
  0x5020, 0x4820, 0x5020, 0x5040, 0x5040, 0x5840, 0x5040, 0x4020, 0x3000, 0x2000, 0x2000, 0x2820, 0x3840, 0x3840, 0x3020, 0x2000,
  0x1000, 0x1000, 0x1000, 0x1000, 0x1000, 0x1000, 0x1000, 0x1000, 0x0800, 0x0800, 0x0800, 0x0800, 0x0800, 0x0800, 0x0800, 0x0800,
  0x8900, 0xC980, 0xE9A0, 0xE980, 0xE940, 0xE900, 0xE900, 0xF100, 0xF0E0, 0xF0C0, 0xF080, 0xE840, 0xE820, 0xD820, 0xC820, 0xC820,
  0xC020, 0xC020, 0xC020, 0xC020, 0xC840, 0xD860, 0xE0A1, 0xE0C1, 0xE101, 0xE161, 0xE182, 0xD941, 0xD0E1, 0xC0C1, 0xA0A1, 0x7060,
  0x4820, 0x4000, 0x4000, 0x4820, 0x4020, 0x4020, 0x3820, 0x3000, 0x2800, 0x2000, 0x2000, 0x2820, 0x4040, 0x4840, 0x3820, 0x2800,
  0x1800, 0x1000, 0x1000, 0x1000, 0x1000, 0x1000, 0x1000, 0x1000, 0x0800, 0x0800, 0x0800, 0x0000, 0x0800, 0x0800, 0x1000, 0x1000,
  0x8900, 0xC980, 0xE9A0, 0xE980, 0xE940, 0xE920, 0xE920, 0xE900, 0xE8E0, 0xF0C0, 0xF080, 0xE840, 0xE820, 0xD820, 0xC820, 0xC020,
  0xC020, 0xC020, 0xB800, 0xB800, 0xC820, 0xD040, 0xD880, 0xD8A1, 0xD8E1, 0xD921, 0xD141, 0xD101, 0xC8C1, 0xC0A0, 0xA0A0, 0x7060,
  0x4820, 0x3800, 0x4000, 0x4000, 0x3800, 0x3000, 0x3000, 0x2800, 0x2800, 0x2000, 0x2000, 0x2820, 0x3840, 0x4840, 0x4020, 0x3800,
  0x2000, 0x1800, 0x1000, 0x1000, 0x1000, 0x1000, 0x0800, 0x0800, 0x0800, 0x0800, 0x0000, 0x0000, 0x0800, 0x1000, 0x1800, 0x1800,
  0x88E0, 0xC980, 0xE1C0, 0xE9A0, 0xE960, 0xE920, 0xE920, 0xE920, 0xE900, 0xF0C0, 0xF080, 0xE840, 0xE820, 0xD820, 0xC820, 0xC020,
  0xC020, 0xB800, 0xB800, 0xB800, 0xC020, 0xD040, 0xD060, 0xD880, 0xD8A1, 0xD0E1, 0xC8E1, 0xC0C1, 0xC0A0, 0xB880, 0xA080, 0x7860,
  0x5020, 0x4000, 0x4000, 0x3800, 0x3000, 0x2800, 0x2800, 0x2800, 0x2000, 0x2000, 0x2000, 0x2800, 0x3020, 0x4020, 0x4820, 0x3800,
  0x3000, 0x2000, 0x1800, 0x1000, 0x1000, 0x1000, 0x0800, 0x0800, 0x0800, 0x0800, 0x0000, 0x0000, 0x0800, 0x1800, 0x2800, 0x2800,
  0x80E0, 0xC980, 0xE1C0, 0xE9C0, 0xE960, 0xE920, 0xE920, 0xE920, 0xE900, 0xE8C0, 0xF080, 0xE840, 0xE820, 0xD820, 0xC820, 0xC020,
  0xC000, 0xB800, 0xB000, 0xB000, 0xC000, 0xC820, 0xD040, 0xD040, 0xD060, 0xC080, 0xB8A0, 0xB080, 0xB860, 0xB060, 0xA060, 0x8040,
  0x6020, 0x4800, 0x4000, 0x3800, 0x3000, 0x2000, 0x2000, 0x2000, 0x2000, 0x2000, 0x2000, 0x2800, 0x3000, 0x3820, 0x4020, 0x4000,
  0x3000, 0x2000, 0x1800, 0x1800, 0x1800, 0x1800, 0x1000, 0x0800, 0x0800, 0x0000, 0x0000, 0x0800, 0x1000, 0x2000, 0x3800, 0x3800,
  0x80E0, 0xC980, 0xE1C0, 0xE9C0, 0xE980, 0xE920, 0xE920, 0xE920, 0xE8E0, 0xE8C0, 0xE880, 0xE840, 0xE820, 0xD820, 0xD020, 0xC820,
  0xC020, 0xB800, 0xB000, 0xB000, 0xB800, 0xC000, 0xC020, 0xC840, 0xC840, 0xB860, 0xA860, 0xA860, 0xB040, 0xB060, 0xA040, 0x8840,
  0x7020, 0x6000, 0x4800, 0x3800, 0x3000, 0x2000, 0x2000, 0x2000, 0x2000, 0x2000, 0x2000, 0x2800, 0x3000, 0x3800, 0x3800, 0x3800,
  0x2800, 0x2000, 0x1800, 0x1800, 0x1800, 0x1820, 0x1000, 0x0800, 0x0000, 0x0000, 0x0000, 0x0800, 0x1800, 0x3000, 0x4000, 0x4000,
  0x80E0, 0xC180, 0xE1C0, 0xE9C0, 0xE960, 0xE920, 0xE920, 0xE920, 0xE8E0, 0xE8A0, 0xE860, 0xE840, 0xE820, 0xD820, 0xD020, 0xC820,
  0xC820, 0xC020, 0xB000, 0xB000, 0xB000, 0xB800, 0xB820, 0xC040, 0xC040, 0xB060, 0xA040, 0xA040, 0xB040, 0xB840, 0xA840, 0x9840,
  0x8820, 0x7000, 0x5000, 0x4000, 0x3000, 0x2800, 0x2000, 0x2000, 0x2000, 0x2800, 0x2800, 0x3000, 0x3820, 0x3800, 0x3000, 0x2800,
  0x2000, 0x1800, 0x1800, 0x1800, 0x1800, 0x1800, 0x1000, 0x0800, 0x0000, 0x0000, 0x0000, 0x1000, 0x2800, 0x3800, 0x4000, 0x4000,
  0x80E0, 0xC160, 0xE1C0, 0xE1C0, 0xE160, 0xE120, 0xE900, 0xE900, 0xE8C0, 0xE880, 0xE860, 0xE840, 0xE820, 0xE020, 0xD020, 0xD020,
  0xD020, 0xC020, 0xB800, 0xB000, 0xB000, 0xA800, 0xB020, 0xB840, 0xC060, 0xB060, 0xA040, 0xA040, 0xB840, 0xC060, 0xB060, 0xA040,
  0x9020, 0x8020, 0x6000, 0x4800, 0x3800, 0x2800, 0x2000, 0x2000, 0x2800, 0x3000, 0x3800, 0x4000, 0x4820, 0x4020, 0x3000, 0x2000,
  0x1800, 0x1800, 0x1800, 0x1800, 0x1800, 0x1800, 0x1000, 0x0800, 0x0000, 0x0000, 0x0800, 0x2000, 0x3000, 0x3800, 0x3800, 0x3800,
  0x78E0, 0xC160, 0xD9C0, 0xE1C0, 0xE160, 0xE100, 0xE100, 0xE8E0, 0xE8C0, 0xE880, 0xE840, 0xE820, 0xE820, 0xE020, 0xD820, 0xD820,
  0xD020, 0xC820, 0xB820, 0xB000, 0xA800, 0xA000, 0xA820, 0xB060, 0xC080, 0xB880, 0xA840, 0xA840, 0xB840, 0xC060, 0xB860, 0xA040,
  0x9020, 0x8820, 0x7000, 0x5800, 0x4800, 0x3800, 0x2800, 0x2800, 0x3000, 0x3800, 0x4800, 0x5000, 0x5820, 0x4820, 0x3000, 0x2000,
  0x1000, 0x1000, 0x1800, 0x1800, 0x1000, 0x1000, 0x0800, 0x0800, 0x0000, 0x0800, 0x1800, 0x3000, 0x3800, 0x3800, 0x2820, 0x2061,
  0x78C0, 0xB960, 0xD9A0, 0xE1A0, 0xE160, 0xE100, 0xE0E0, 0xE8E0, 0xE8A0, 0xE860, 0xE840, 0xE820, 0xE820, 0xE020, 0xE020, 0xE020,
  0xD820, 0xD020, 0xC020, 0xB020, 0xA000, 0x9800, 0xA040, 0xB080, 0xC0C1, 0xB8A0, 0xA860, 0xA840, 0xC040, 0xC860, 0xB840, 0xA040,
  0x9020, 0x8800, 0x7800, 0x6000, 0x5000, 0x4000, 0x3800, 0x3800, 0x4000, 0x4800, 0x5000, 0x6000, 0x6020, 0x4820, 0x3000, 0x1800,
  0x1000, 0x1000, 0x1800, 0x1800, 0x1000, 0x0800, 0x0800, 0x0000, 0x0000, 0x1000, 0x2800, 0x3800, 0x4000, 0x3000, 0x2820, 0x1841,
  0x78C0, 0xB940, 0xD1A0, 0xD980, 0xD940, 0xD8E0, 0xE0C0, 0xE8C0, 0xE880, 0xE860, 0xE840, 0xE820, 0xE820, 0xE040, 0xE040, 0xE040,
  0xE020, 0xD820, 0xC820, 0xB820, 0xA020, 0x9820, 0xA040, 0xB0A1, 0xC0E1, 0xC0C1, 0xB060, 0xB040, 0xB840, 0xC040, 0xB040, 0xA020,
  0x9020, 0x8800, 0x7800, 0x7000, 0x5800, 0x4820, 0x4820, 0x4800, 0x5020, 0x5000, 0x6000, 0x6800, 0x6000, 0x4800, 0x3000, 0x1800,
  0x1000, 0x1000, 0x1000, 0x1000, 0x1000, 0x0800, 0x0800, 0x0000, 0x0800, 0x1800, 0x3000, 0x4000, 0x4000, 0x3000, 0x2020, 0x1840,
  0x70C0, 0xB940, 0xD180, 0xD980, 0xD920, 0xD8C0, 0xE0A0, 0xE8A0, 0xE880, 0xE840, 0xE820, 0xE820, 0xE820, 0xE840, 0xE840, 0xE840,
  0xE840, 0xE040, 0xD040, 0xC040, 0xA020, 0x9020, 0xA060, 0xB8C1, 0xC901, 0xC0C1, 0xA860, 0xA840, 0xB040, 0xB040, 0xA820, 0xA020,
  0x9020, 0x8000, 0x7800, 0x7000, 0x6000, 0x5020, 0x5020, 0x5820, 0x6020, 0x6000, 0x6800, 0x6800, 0x6000, 0x4800, 0x3000, 0x1800,
  0x0800, 0x0800, 0x1000, 0x1000, 0x1000, 0x0800, 0x0000, 0x0000, 0x0800, 0x2000, 0x3800, 0x4800, 0x4000, 0x3020, 0x2020, 0x1840,
  0x70A0, 0xB120, 0xD160, 0xD160, 0xD900, 0xD8A0, 0xE080, 0xE880, 0xE860, 0xE840, 0xE820, 0xE820, 0xE840, 0xE860, 0xE860, 0xE840,
  0xE840, 0xE040, 0xD861, 0xC061, 0xA820, 0x9820, 0xA860, 0xB8C1, 0xC101, 0xB8A1, 0xA860, 0x9820, 0xA040, 0xA020, 0xA020, 0x9820,
  0x8820, 0x8000, 0x7800, 0x7000, 0x6000, 0x5820, 0x5820, 0x6020, 0x6820, 0x6800, 0x6800, 0x6800, 0x6000, 0x4800, 0x2800, 0x1800,
  0x0800, 0x0800, 0x0800, 0x0800, 0x0800, 0x0800, 0x0000, 0x0000, 0x1000, 0x2800, 0x4000, 0x4000, 0x3800, 0x3020, 0x2840, 0x1841,
  0x70A0, 0xB120, 0xC960, 0xD140, 0xD0E0, 0xD8A0, 0xE080, 0xE880, 0xE880, 0xE840, 0xE820, 0xE820, 0xE840, 0xE860, 0xF060, 0xF060,
  0xE860, 0xE860, 0xE081, 0xC881, 0xB040, 0xA020, 0xA860, 0xB8C1, 0xC0E1, 0xB0A0, 0xA040, 0x8820, 0x8820, 0x8820, 0x8820, 0x8820,
  0x8000, 0x7800, 0x7000, 0x6800, 0x6000, 0x5000, 0x5020, 0x5820, 0x6000, 0x6800, 0x6800, 0x6800, 0x5800, 0x4800, 0x2800, 0x1800,
  0x0800, 0x0800, 0x0800, 0x0800, 0x0800, 0x0800, 0x0000, 0x0800, 0x1800, 0x3000, 0x4000, 0x3800, 0x3020, 0x3040, 0x2861, 0x2061,
  0x70A0, 0xA900, 0xC940, 0xC920, 0xD0C0, 0xD080, 0xE060, 0xE880, 0xE880, 0xF040, 0xF020, 0xE820, 0xE840, 0xF080, 0xF080, 0xF060,
  0xF060, 0xE880, 0xE0A1, 0xD0A1, 0xB860, 0xA840, 0xB060, 0xB8A1, 0xB8A1, 0xA860, 0x9820, 0x7800, 0x7000, 0x7000, 0x7800, 0x8000,
  0x7800, 0x6800, 0x6000, 0x6000, 0x5800, 0x5000, 0x4800, 0x4800, 0x5000, 0x5800, 0x6000, 0x6000, 0x5000, 0x4000, 0x2800, 0x1800,
  0x1000, 0x0800, 0x0800, 0x0800, 0x0800, 0x0800, 0x0000, 0x0800, 0x2000, 0x3800, 0x3800, 0x3000, 0x2820, 0x2841, 0x3800, 0x3800,
  0x6880, 0xA900, 0xC120, 0xC900, 0xC8C0, 0xD060, 0xD860, 0xE880, 0xF080, 0xF040, 0xF020, 0xE840, 0xE860, 0xF0A0, 0xF0A0, 0xF080,
  0xF080, 0xE8A1, 0xE0C1, 0xD8C1, 0xC081, 0xB040, 0xB040, 0xB080, 0xB080, 0xA040, 0x9020, 0x7000, 0x6000, 0x6000, 0x6800, 0x7000,
  0x6800, 0x5800, 0x5000, 0x4800, 0x4800, 0x4000, 0x3800, 0x3800, 0x4000, 0x4800, 0x5000, 0x5000, 0x4000, 0x3000, 0x2000, 0x1800,
  0x1000, 0x1000, 0x0800, 0x0800, 0x0800, 0x0800, 0x0800, 0x1000, 0x2800, 0x3800, 0x3800, 0x3020, 0x2840, 0x2041, 0x4000, 0x4000,
  0x6880, 0xA8E0, 0xC100, 0xC8E0, 0xC8A0, 0xD060, 0xE060, 0xE880, 0xF080, 0xF060, 0xF020, 0xE840, 0xE860, 0xF0A0, 0xF0C0, 0xF080,
  0xF080, 0xE8A1, 0xE8C1, 0xD8C1, 0xC881, 0xB840, 0xB040, 0xB040, 0xA840, 0xA020, 0x8800, 0x6800, 0x5000, 0x5000, 0x5800, 0x6000,
  0x5800, 0x4800, 0x3800, 0x3800, 0x3800, 0x3000, 0x3000, 0x2800, 0x2800, 0x3000, 0x3800, 0x3800, 0x3000, 0x2000, 0x1800, 0x1800,
  0x1000, 0x1000, 0x0800, 0x0800, 0x0800, 0x0800, 0x0800, 0x1800, 0x3000, 0x4000, 0x3800, 0x3020, 0x2040, 0x1840, 0x4000, 0x4000,
  0x6880, 0xA0C0, 0xB8E0, 0xC0C0, 0xC880, 0xD040, 0xE060, 0xE880, 0xF0A0, 0xF060, 0xF040, 0xE840, 0xE860, 0xF0A0, 0xF0C0, 0xF0A0,
  0xF0A0, 0xE8C1, 0xE8C1, 0xE0C1, 0xD0A1, 0xC060, 0xB840, 0xA840, 0xA020, 0x9820, 0x8800, 0x6800, 0x5000, 0x4800, 0x4800, 0x5000,
  0x4800, 0x4000, 0x3000, 0x2800, 0x2800, 0x2800, 0x2000, 0x1800, 0x1800, 0x2000, 0x2800, 0x2800, 0x2000, 0x1800, 0x1000, 0x1000,
  0x1000, 0x1000, 0x0800, 0x0800, 0x0800, 0x0800, 0x1000, 0x2000, 0x4000, 0x4800, 0x3820, 0x2820, 0x2040, 0x1840, 0x3800, 0x3800,
  0x6860, 0xA0C0, 0xB8E0, 0xC0A0, 0xC860, 0xD040, 0xE060, 0xE8A0, 0xF0A0, 0xF060, 0xE840, 0xE840, 0xF060, 0xF0C1, 0xF0C1, 0xF0A0,
  0xF0A0, 0xE8A1, 0xE8C1, 0xE0C1, 0xD0A1, 0xC860, 0xB840, 0xA820, 0x9820, 0x9820, 0x8800, 0x6800, 0x5000, 0x4000, 0x4000, 0x4800,
  0x4000, 0x3800, 0x2800, 0x2000, 0x2000, 0x2000, 0x1800, 0x1800, 0x1800, 0x1800, 0x2000, 0x2000, 0x1800, 0x1000, 0x1000, 0x0800,
  0x0800, 0x0800, 0x0800, 0x0800, 0x0800, 0x0800, 0x1000, 0x2800, 0x4000, 0x4820, 0x3820, 0x2820, 0x2040, 0x1041, 0x1041, 0x1041,
  0x6060, 0xA0C0, 0xB8C0, 0xC0A0, 0xC860, 0xD040, 0xE060, 0xE8A0, 0xF0C0, 0xF080, 0xE840, 0xE840, 0xF060, 0xF0C1, 0xF0C1, 0xF0A0,
  0xE880, 0xE8A1, 0xE8C1, 0xE0C1, 0xD8A1, 0xC860, 0xB840, 0xA820, 0x9820, 0x9820, 0x8820, 0x7000, 0x5000, 0x4000, 0x4000, 0x4000,
  0x4000, 0x3000, 0x2800, 0x2000, 0x1800, 0x1800, 0x1800, 0x1800, 0x1800, 0x1800, 0x2000, 0x2000, 0x2000, 0x1800, 0x1000, 0x0800,
  0x0800, 0x0800, 0x0800, 0x0800, 0x0800, 0x0800, 0x1800, 0x3000, 0x4800, 0x4020, 0x3820, 0x2840, 0x1861, 0x1861, 0x1041, 0x1041,
  0x6060, 0x98A0, 0xB8C0, 0xC080, 0xC840, 0xD040, 0xE080, 0xE8C0, 0xF0C0, 0xE880, 0xE840, 0xE840, 0xF060, 0xF0A0, 0xF0C1, 0xE8A0,
  0xE880, 0xE8A1, 0xE8A1, 0xE0A1, 0xD881, 0xC860, 0xB840, 0xA820, 0xA020, 0xA020, 0x9020, 0x7800, 0x6000, 0x4800, 0x4000, 0x4000,
  0x4000, 0x3800, 0x3000, 0x2800, 0x2000, 0x1800, 0x1800, 0x1800, 0x2000, 0x2800, 0x2800, 0x3000, 0x3000, 0x2800, 0x1800, 0x1000,
  0x0800, 0x0800, 0x0800, 0x0800, 0x0800, 0x1000, 0x2000, 0x3800, 0x4000, 0x4020, 0x3020, 0x2040, 0x1841, 0x1861, 0x1861, 0x1861,
  0x6060, 0x98A0, 0xB8A0, 0xC080, 0xC840, 0xD040, 0xE080, 0xE8E0, 0xE8C0, 0xE880, 0xE840, 0xE840, 0xF060, 0xF0A0, 0xE8A0, 0xE880,
  0xE880, 0xE880, 0xE880, 0xE080, 0xD881, 0xC860, 0xB040, 0xA820, 0xA020, 0xA820, 0x9820, 0x8820, 0x6800, 0x5800, 0x4800, 0x4800,
  0x4800, 0x4000, 0x3800, 0x3000, 0x3000, 0x2800, 0x2000, 0x2000, 0x2800, 0x3000, 0x3800, 0x4000, 0x4000, 0x3800, 0x2800, 0x1800,
  0x1000, 0x0800, 0x0800, 0x0800, 0x0800, 0x1800, 0x3000, 0x4000, 0x4000, 0x3820, 0x2820, 0x1820, 0x1040, 0x1041, 0x1841, 0x1841,
  0x6060, 0x98A0, 0xB8A0, 0xC080, 0xC840, 0xD040, 0xE080, 0xE8E0, 0xE8E0, 0xE880, 0xE840, 0xE840, 0xE860, 0xE8A0, 0xE8A0, 0xE880,
  0xE060, 0xE060, 0xE080, 0xE080, 0xD8A1, 0xC860, 0xB040, 0xA820, 0xA820, 0xA820, 0xA020, 0x9020, 0x8020, 0x6800, 0x5800, 0x5800,
  0x5000, 0x4800, 0x4000, 0x4000, 0x4000, 0x3000, 0x2800, 0x2800, 0x3000, 0x3800, 0x4800, 0x4800, 0x5000, 0x4800, 0x3800, 0x2800,
  0x1800, 0x1000, 0x0800, 0x0800, 0x0800, 0x2000, 0x3800, 0x4800, 0x4000, 0x3020, 0x2020, 0x1820, 0x1020, 0x1040, 0x1841, 0x1841,
  0x6060, 0x98A0, 0xB8A0, 0xC060, 0xC840, 0xD840, 0xE0A0, 0xE900, 0xE8E0, 0xE880, 0xE840, 0xE840, 0xE860, 0xE880, 0xE8A0, 0xE060,
  0xE060, 0xE060, 0xE080, 0xE0A1, 0xD8A1, 0xC881, 0xB040, 0xA820, 0xA820, 0xA820, 0xA820, 0xA020, 0x9020, 0x8000, 0x7000, 0x6800,
  0x6000, 0x5000, 0x4800, 0x4800, 0x4800, 0x4000, 0x3800, 0x3000, 0x3000, 0x4000, 0x4800, 0x5000, 0x5000, 0x5000, 0x4000, 0x2800,
  0x1800, 0x1000, 0x0800, 0x0800, 0x1000, 0x2800, 0x4800, 0x5000, 0x4800, 0x3020, 0x2020, 0x1020, 0x1020, 0x1041, 0x1861, 0x1861,
  0x6060, 0x98A0, 0xB8A0, 0xC060, 0xC840, 0xD840, 0xE0A0, 0xE900, 0xE8E0, 0xE080, 0xE040, 0xE840, 0xE860, 0xE880, 0xE880, 0xE060,
  0xE060, 0xE060, 0xE080, 0xE0C1, 0xD8E1, 0xC8A1, 0xB061, 0xA820, 0xA820, 0xA820, 0xA820, 0xA020, 0xA020, 0x9000, 0x8000, 0x7800,
  0x6800, 0x5800, 0x4800, 0x4800, 0x4800, 0x4800, 0x4000, 0x3800, 0x3000, 0x3800, 0x4000, 0x4800, 0x5000, 0x4800, 0x4000, 0x3000,
  0x2000, 0x1000, 0x0800, 0x0800, 0x1800, 0x3000, 0x5000, 0x5820, 0x4820, 0x3020, 0x1820, 0x1020, 0x1041, 0x1861, 0x1861, 0x0800,
  0x6060, 0x98A0, 0xB8A0, 0xC860, 0xD040, 0xD860, 0xE8C0, 0xE900, 0xE0E0, 0xE080, 0xE040, 0xE840, 0xE860, 0xE880, 0xE080, 0xE080,
  0xD860, 0xD840, 0xE0A1, 0xE0E2, 0xD902, 0xC8E2, 0xB881, 0xA820, 0xA820, 0xA020, 0xA020, 0xA020, 0xA820, 0xA020, 0x9000, 0x8000,
  0x7000, 0x5800, 0x4800, 0x4000, 0x4800, 0x4800, 0x4800, 0x3800, 0x3000, 0x3000, 0x3800, 0x4000, 0x4800, 0x4000, 0x3800, 0x2800,
  0x2000, 0x1000, 0x0800, 0x0800, 0x1800, 0x3800, 0x5000, 0x5820, 0x5020, 0x3020, 0x1820, 0x1020, 0x1041, 0x1861, 0x1820, 0x1020,
  0x6060, 0x98A0, 0xC0A0, 0xC880, 0xD040, 0xD860, 0xE8C0, 0xE900, 0xE0C0, 0xD860, 0xE040, 0xE040, 0xE060, 0xE080, 0xE080, 0xE080,
  0xD860, 0xD860, 0xE0C1, 0xE122, 0xD943, 0xD123, 0xB8A2, 0xA840, 0xA020, 0x9800, 0x9800, 0xA000, 0xA820, 0xA820, 0xA000, 0x8800,
  0x7800, 0x5800, 0x4000, 0x3800, 0x3800, 0x4000, 0x4000, 0x3800, 0x3000, 0x2800, 0x2800, 0x3000, 0x3800, 0x3800, 0x3800, 0x3000,
  0x2000, 0x1000, 0x0800, 0x0800, 0x2000, 0x4000, 0x5000, 0x5820, 0x4840, 0x3020, 0x1820, 0x1020, 0x1041, 0x1041, 0x1840, 0x1020,
  0x6060, 0xA0A0, 0xC0C0, 0xD080, 0xD040, 0xE060, 0xE8C0, 0xE900, 0xE0C0, 0xD860, 0xE040, 0xE040, 0xE040, 0xE060, 0xE080, 0xD880,
  0xD880, 0xD861, 0xE0E2, 0xE163, 0xE184, 0xD144, 0xB8C2, 0xA841, 0xA020, 0x9800, 0x9800, 0xA000, 0xA820, 0xB020, 0xA820, 0x9800,
  0x8000, 0x6000, 0x4000, 0x3000, 0x2800, 0x3000, 0x3800, 0x3000, 0x3000, 0x2800, 0x2000, 0x2800, 0x2800, 0x3000, 0x3000, 0x3000,
  0x2000, 0x1000, 0x0800, 0x1000, 0x2800, 0x4000, 0x4800, 0x4820, 0x4040, 0x3020, 0x1820, 0x1020, 0x1020, 0x1041, 0x1041, 0x1020,
  0x6060, 0xA0A0, 0xC0C0, 0xD080, 0xD840, 0xE060, 0xE8C0, 0xE8E0, 0xD8A0, 0xD860, 0xD820, 0xE040, 0xE040, 0xE060, 0xE0A0, 0xD8A0,
  0xD880, 0xD881, 0xE102, 0xE1A4, 0xE1C5, 0xD185, 0xB8E3, 0xA061, 0x9820, 0x9000, 0x9000, 0x9800, 0xA820, 0xB020, 0xA820, 0x9800,
  0x8800, 0x6800, 0x4800, 0x3000, 0x2000, 0x2800, 0x2800, 0x2800, 0x2800, 0x2000, 0x2000, 0x1800, 0x2000, 0x2800, 0x2800, 0x2800,
  0x2000, 0x1000, 0x0800, 0x1800, 0x3000, 0x4000, 0x4000, 0x4020, 0x3820, 0x2820, 0x1820, 0x1020, 0x1040, 0x1041, 0x1061, 0x1820,
  0x6060, 0xA0C0, 0xC8C0, 0xD080, 0xD860, 0xE080, 0xE8C0, 0xE0E0, 0xD8A0, 0xD040, 0xD820, 0xD840, 0xD840, 0xD860, 0xD8A0, 0xD8A0,
  0xD8A1, 0xE0A1, 0xE123, 0xE1C5, 0xDA06, 0xC985, 0xB0E3, 0xA061, 0x9820, 0x9000, 0x9000, 0x9820, 0xA020, 0xA820, 0xA820, 0xA000,
  0x8800, 0x7000, 0x5000, 0x3000, 0x2000, 0x1800, 0x2000, 0x2000, 0x2000, 0x2000, 0x1800, 0x1000, 0x1800, 0x1800, 0x2000, 0x2000,
  0x1800, 0x1000, 0x1000, 0x2000, 0x3800, 0x4000, 0x3800, 0x3000, 0x3020, 0x2020, 0x1840, 0x1841, 0x1861, 0x2040, 0x2040, 0x1840,
  0x6060, 0xA0C0, 0xC8E0, 0xD8A0, 0xD860, 0xE080, 0xE8C0, 0xE0E0, 0xD880, 0xD040, 0xD020, 0xD820, 0xD840, 0xD860, 0xD8A0, 0xD8C1,
  0xD8C1, 0xE0C2, 0xE143, 0xE1E6, 0xDA07, 0xC9A6, 0xB0E3, 0x9861, 0x9020, 0x8800, 0x8820, 0x9020, 0xA020, 0xA020, 0xA020, 0x9800,
  0x8800, 0x7000, 0x5800, 0x3800, 0x2800, 0x1800, 0x1800, 0x1800, 0x1800, 0x1800, 0x1000, 0x1000, 0x1000, 0x1000, 0x1000, 0x1800,
  0x1000, 0x1000, 0x1800, 0x2800, 0x4000, 0x4000, 0x3800, 0x3020, 0x2820, 0x2020, 0x1841, 0x1881, 0x1882, 0x20A2, 0x2040, 0x1840,
  0x6060, 0xA8C0, 0xC8E0, 0xD8A0, 0xD860, 0xE080, 0xE8C0, 0xE0C0, 0xD880, 0xD020, 0xD020, 0xD020, 0xD020, 0xD060, 0xD880, 0xD8C1,
  0xE0E1, 0xE0E2, 0xE164, 0xE206, 0xD207, 0xC1A6, 0xA8E3, 0x9061, 0x8820, 0x8000, 0x8820, 0x9040, 0x9840, 0x9820, 0x9800, 0x8800,
  0x8000, 0x7000, 0x6000, 0x4800, 0x2800, 0x1800, 0x1000, 0x1000, 0x1000, 0x1000, 0x1000, 0x0800, 0x0800, 0x0800, 0x0800, 0x1000,
  0x1000, 0x1000, 0x2000, 0x3800, 0x4800, 0x4800, 0x3820, 0x2820, 0x2020, 0x1820, 0x1841, 0x1881, 0x18A2, 0x20C3, 0x2040, 0x1840,
  0x6080, 0xA8E0, 0xD0E0, 0xD8A0, 0xD860, 0xE080, 0xE0A0, 0xE0A0, 0xD060, 0xD020, 0xD020, 0xD020, 0xD020, 0xD040, 0xD880, 0xD8C1,
  0xE0E1, 0xE102, 0xE164, 0xDA07, 0xD207, 0xB9A6, 0xA0E3, 0x8861, 0x8000, 0x7800, 0x8020, 0x8840, 0x9040, 0x9040, 0x8800, 0x8000,
  0x7800, 0x7000, 0x6800, 0x5000, 0x3800, 0x2000, 0x1000, 0x1000, 0x1000, 0x1000, 0x1000, 0x0800, 0x0800, 0x0800, 0x0800, 0x0800,
  0x1000, 0x1000, 0x2800, 0x4000, 0x5000, 0x4800, 0x3820, 0x2820, 0x1800, 0x1820, 0x1841, 0x1861, 0x1882, 0x20C2, 0x2060, 0x2040,
  0x6080, 0xA8E0, 0xD100, 0xD8A0, 0xD860, 0xE080, 0xE0A0, 0xE0A0, 0xD060, 0xC820, 0xD020, 0xD020, 0xD020, 0xD040, 0xD880, 0xD8E1,
  0xE102, 0xE102, 0xD964, 0xDA07, 0xCA07, 0xB186, 0x98E3, 0x8061, 0x7800, 0x7000, 0x7020, 0x7820, 0x8840, 0x8820, 0x8000, 0x7800,
  0x7000, 0x6800, 0x6800, 0x5800, 0x4000, 0x2800, 0x1800, 0x1000, 0x1000, 0x1000, 0x1000, 0x1000, 0x0800, 0x0800, 0x0800, 0x0800,
  0x0800, 0x1800, 0x3000, 0x4800, 0x5000, 0x4800, 0x3820, 0x2820, 0x1820, 0x1820, 0x1841, 0x1861, 0x1861, 0x1882, 0x20C2, 0x2060,
  0x6080, 0xA8E0, 0xD100, 0xD8A0, 0xE080, 0xE080, 0xE0A0, 0xE080, 0xD060, 0xC820, 0xC820, 0xC800, 0xC820, 0xD020, 0xD060, 0xD8C1,
  0xD902, 0xE123, 0xD985, 0xD1E7, 0xB9E7, 0xA966, 0x90E3, 0x8061, 0x7820, 0x7000, 0x6800, 0x7020, 0x7820, 0x8020, 0x7800, 0x7000,
  0x6800, 0x6800, 0x6800, 0x6000, 0x5000, 0x3000, 0x2000, 0x1000, 0x1000, 0x1000, 0x1800, 0x1000, 0x1000, 0x1000, 0x1000, 0x0800,
  0x0800, 0x1800, 0x3000, 0x4800, 0x5000, 0x4800, 0x3820, 0x2820, 0x1820, 0x1841, 0x2061, 0x1861, 0x1861, 0x1020, 0x2060, 0x2060,
  0x6880, 0xA8E0, 0xD100, 0xD8A0, 0xE080, 0xE080, 0xE0A0, 0xE080, 0xD040, 0xC820, 0xC800, 0xC800, 0xC820, 0xD020, 0xD060, 0xD8C1,
  0xD922, 0xD923, 0xD165, 0xC1C6, 0xB1C7, 0xA165, 0x90E3, 0x8882, 0x7820, 0x6800, 0x6000, 0x6820, 0x7020, 0x7820, 0x7020, 0x6800,
  0x6000, 0x6000, 0x6000, 0x6000, 0x5800, 0x4000, 0x2800, 0x1800, 0x1800, 0x1800, 0x2000, 0x1800, 0x1800, 0x1800, 0x1800, 0x1000,
  0x1000, 0x1800, 0x3800, 0x5000, 0x5000, 0x4000, 0x3020, 0x2820, 0x1820, 0x1861, 0x2081, 0x2082, 0x1882, 0x1020, 0x2060, 0x2060,
  0x6880, 0xA8E0, 0xD100, 0xD8A0, 0xE080, 0xE0A0, 0xE080, 0xE080, 0xD860, 0xC820, 0xC820, 0xC800, 0xC800, 0xC820, 0xD060, 0xD0C1,
  0xD923, 0xD123, 0xC965, 0xB9A6, 0xA9A6, 0xA165, 0x9904, 0x88A2, 0x8041, 0x6800, 0x6000, 0x6000, 0x6820, 0x7020, 0x7000, 0x6800,
  0x5800, 0x5800, 0x5800, 0x6000, 0x6000, 0x4800, 0x3000, 0x2000, 0x2000, 0x2000, 0x2800, 0x2000, 0x2000, 0x2000, 0x1800, 0x1000,
  0x1000, 0x2000, 0x4000, 0x5000, 0x4800, 0x4000, 0x3020, 0x2020, 0x1840, 0x1841, 0x1881, 0x20A2, 0x1882, 0x1882, 0x2060, 0x2080,
  0x6880, 0xA8E0, 0xD100, 0xD8A0, 0xE0A0, 0xE0A0, 0xE080, 0xE080, 0xD860, 0xC840, 0xC820, 0xC800, 0xC820, 0xC820, 0xD060, 0xD0C2,
  0xD123, 0xD123, 0xC144, 0xB186, 0xA186, 0x9965, 0x9924, 0x90E3, 0x8061, 0x7020, 0x6000, 0x6000, 0x6000, 0x6000, 0x6000, 0x5800,
  0x5000, 0x5000, 0x5800, 0x6000, 0x6000, 0x5000, 0x3800, 0x2800, 0x2800, 0x2800, 0x2800, 0x2800, 0x2800, 0x2000, 0x1800, 0x1000,
  0x1000, 0x2800, 0x4000, 0x5000, 0x4800, 0x3800, 0x2820, 0x2020, 0x1020, 0x1040, 0x1061, 0x1881, 0x1882, 0x1881, 0x2060, 0x2080,
  0x6880, 0xA8E0, 0xD0E0, 0xD8C0, 0xD8A0, 0xE0A0, 0xE0A0, 0xE080, 0xD860, 0xD040, 0xC820, 0xC800, 0xC820, 0xC820, 0xC860, 0xD0C2,
  0xD103, 0xC123, 0xB924, 0xA965, 0x9966, 0x9986, 0xA165, 0x9904, 0x8882, 0x7020, 0x6000, 0x5800, 0x5800, 0x5800, 0x5800, 0x5000,
  0x4800, 0x4800, 0x5000, 0x5800, 0x5800, 0x5000, 0x3800, 0x3000, 0x2800, 0x2800, 0x3000, 0x2800, 0x2800, 0x2000, 0x1800, 0x1000,
  0x1800, 0x3000, 0x4800, 0x5000, 0x4000, 0x3000, 0x2820, 0x1840, 0x1020, 0x0820, 0x1040, 0x1041, 0x1061, 0x1861, 0x1861, 0x2080,
  0x6080, 0xA8E0, 0xD0E0, 0xD8C0, 0xE0A0, 0xE0A0, 0xE0A0, 0xE080, 0xD880, 0xD040, 0xC820, 0xC800, 0xC820, 0xC840, 0xC861, 0xC8C2,
  0xC903, 0xB924, 0xA924, 0x9945, 0x9986, 0xA1A6, 0xA1A6, 0x9945, 0x80A2, 0x7020, 0x6000, 0x5800, 0x5000, 0x5000, 0x4800, 0x4800,
  0x4000, 0x3800, 0x4000, 0x4800, 0x4800, 0x4000, 0x3800, 0x2800, 0x2800, 0x2800, 0x2800, 0x2800, 0x2000, 0x1800, 0x1000, 0x1000,
  0x1800, 0x3000, 0x5000, 0x5000, 0x4000, 0x3020, 0x2041, 0x1861, 0x1041, 0x1040, 0x1040, 0x1041, 0x1841, 0x1840, 0x2080, 0x2080,
  0x6080, 0xA8E0, 0xC8E0, 0xD8C0, 0xE0C0, 0xE0C0, 0xE0A0, 0xE0A0, 0xE080, 0xD060, 0xC820, 0xC820, 0xC820, 0xC840, 0xC881, 0xC8C2,
  0xC103, 0xB104, 0xA104, 0x9945, 0x9986, 0xA1C7, 0xA1C7, 0x9965, 0x80C3, 0x6841, 0x5800, 0x5000, 0x5000, 0x4800, 0x4000, 0x4000,
  0x3800, 0x3000, 0x3800, 0x3800, 0x3800, 0x3000, 0x2800, 0x2000, 0x2000, 0x2000, 0x2000, 0x2000, 0x1800, 0x1000, 0x1000, 0x1000,
  0x1800, 0x3800, 0x5000, 0x5000, 0x3800, 0x2820, 0x2061, 0x1861, 0x1061, 0x1040, 0x1841, 0x1861, 0x2061, 0x1840, 0x2080, 0x2080,
  0x6080, 0xA0E0, 0xC8E0, 0xD8C0, 0xE0C0, 0xE0E0, 0xE0C0, 0xE8A0, 0xE0A0, 0xD860, 0xC840, 0xC020, 0xC840, 0xC860, 0xC881, 0xC8C2,
  0xB903, 0xA904, 0x9924, 0x9145, 0x9986, 0xA1E7, 0xA1E7, 0x9186, 0x78E3, 0x6041, 0x5000, 0x5000, 0x4800, 0x4000, 0x3800, 0x3800,
  0x3000, 0x2800, 0x2800, 0x2800, 0x2800, 0x2800, 0x2000, 0x2000, 0x1800, 0x1800, 0x1800, 0x1800, 0x1000, 0x1000, 0x0800, 0x1000,
  0x2000, 0x4000, 0x5000, 0x4800, 0x3000, 0x2020, 0x1841, 0x1861, 0x1041, 0x1041, 0x1841, 0x2061, 0x2061, 0x2082, 0x2880, 0x2080,
  0x6080, 0xA0C0, 0xC8E0, 0xD8C0, 0xE0E0, 0xE0E0, 0xE8C0, 0xE8C0, 0xE0A0, 0xD880, 0xC840, 0xC020, 0xC840, 0xC881, 0xC8A1, 0xC0E2,
  0xB904, 0xA104, 0x9125, 0x9146, 0x99A7, 0xA1E7, 0x9A08, 0x8986, 0x70E3, 0x5861, 0x5000, 0x5000, 0x5000, 0x4800, 0x3800, 0x3000,
  0x2800, 0x2000, 0x2000, 0x2000, 0x1800, 0x1800, 0x1800, 0x1800, 0x1800, 0x1000, 0x1000, 0x1000, 0x0800, 0x0800, 0x0800, 0x1000,
  0x2000, 0x4000, 0x5000, 0x4800, 0x3000, 0x1820, 0x1020, 0x1040, 0x1040, 0x1020, 0x1841, 0x1861, 0x1881, 0x1882, 0x30A0, 0x2880,
  0x6080, 0xA0C0, 0xC8C0, 0xD0C0, 0xE0E0, 0xE100, 0xE8E0, 0xE8E0, 0xE8C0, 0xD880, 0xC840, 0xC040, 0xC060, 0xC881, 0xC8C2, 0xC0E3,
  0xB104, 0xA124, 0x9125, 0x9166, 0x99A7, 0x9A08, 0x9208, 0x81A6, 0x6904, 0x5861, 0x4800, 0x5000, 0x5800, 0x5000, 0x4000, 0x3800,
  0x2800, 0x2000, 0x1800, 0x1800, 0x1800, 0x1800, 0x1800, 0x1800, 0x1000, 0x1000, 0x1000, 0x0800, 0x0800, 0x0800, 0x0800, 0x1000,
  0x2800, 0x4800, 0x5000, 0x4800, 0x2800, 0x1820, 0x1020, 0x0820, 0x0820, 0x1020, 0x1841, 0x1861, 0x1882, 0x18A2, 0x18C3, 0x2880,
  0x6080, 0x98C0, 0xC0C0, 0xD0C0, 0xE100, 0xE100, 0xE900, 0xE8E0, 0xE8E0, 0xD8A0, 0xD060, 0xC040, 0xC060, 0xC8A1, 0xC8C2, 0xC103,
  0xB124, 0x9925, 0x9145, 0x9186, 0x99C7, 0x9A08, 0x8A08, 0x81A7, 0x6924, 0x5882, 0x5020, 0x5800, 0x6000, 0x5800, 0x4800, 0x3800,
  0x2800, 0x2000, 0x1800, 0x1000, 0x1000, 0x1000, 0x1800, 0x1800, 0x1000, 0x1000, 0x1000, 0x1000, 0x0800, 0x0800, 0x0800, 0x1000,
  0x3000, 0x4800, 0x5000, 0x4000, 0x2820, 0x1820, 0x1040, 0x1020, 0x1040, 0x1041, 0x1861, 0x1882, 0x18A2, 0x2860, 0x38C1, 0x30A0,
  0x5860, 0x98C0, 0xC0C0, 0xD0E0, 0xE100, 0xE120, 0xE900, 0xF100, 0xE8E0, 0xE0A0, 0xD060, 0xC060, 0xC081, 0xC8A1, 0xC0C2, 0xB903,
  0xA945, 0x9945, 0x9166, 0x91A7, 0x99E8, 0x9208, 0x89E8, 0x81C7, 0x7145, 0x60A2, 0x5820, 0x6000, 0x7000, 0x6800, 0x5800, 0x4800,
  0x3000, 0x2000, 0x1000, 0x1000, 0x1000, 0x1000, 0x1800, 0x1000, 0x1000, 0x1000, 0x1000, 0x1000, 0x1000, 0x0800, 0x0800, 0x1800,
  0x3000, 0x4800, 0x5000, 0x4000, 0x2820, 0x2040, 0x1840, 0x1041, 0x1041, 0x1861, 0x1882, 0x18A2, 0x18A2, 0x18A2, 0x38C1, 0x30A0,
  0x5860, 0x98A0, 0xC0C0, 0xD8E0, 0xE120, 0xE920, 0xE920, 0xF100, 0xE900, 0xE0A0, 0xD060, 0xC860, 0xC081, 0xC0A1, 0xC0E2, 0xB924,
  0xA965, 0x9966, 0x9187, 0x99C7, 0x99E8, 0x9208, 0x89E8, 0x81C8, 0x7966, 0x68C3, 0x6041, 0x6800, 0x7820, 0x7000, 0x6800, 0x5000,
  0x3800, 0x2000, 0x1000, 0x1000, 0x1000, 0x1000, 0x1800, 0x1800, 0x1000, 0x1000, 0x1000, 0x1000, 0x1000, 0x0800, 0x0800, 0x1800,
  0x3800, 0x4800, 0x4800, 0x3800, 0x2820, 0x2040, 0x1840, 0x1841, 0x1841, 0x1861, 0x1882, 0x18A2, 0x18A2, 0x20C3, 0x40E1, 0x38C1,
  0x5860, 0x90A0, 0xC0C0, 0xD0E0, 0xE120, 0xE940, 0xE920, 0xF120, 0xF100, 0xE0C0, 0xD080, 0xC860, 0xC081, 0xC0A1, 0xB8E2, 0xB924,
  0xA986, 0xA1A7, 0x99A7, 0x99E8, 0x9A08, 0x9208, 0x89E8, 0x89E8, 0x8186, 0x70E4, 0x6041, 0x7020, 0x7820, 0x7800, 0x7000, 0x5800,
  0x3800, 0x2000, 0x1800, 0x1000, 0x1000, 0x1000, 0x1800, 0x1800, 0x1000, 0x1000, 0x1000, 0x1000, 0x1000, 0x1000, 0x1000, 0x2000,
  0x3800, 0x4800, 0x4800, 0x3800, 0x2820, 0x2040, 0x1840, 0x1840, 0x1841, 0x1861, 0x1061, 0x1882, 0x18A2, 0x20E3, 0x2904, 0x38C1,
  0x5860, 0x90A0, 0xC0C0, 0xD0E0, 0xE120, 0xE940, 0xE940, 0xF120, 0xF100, 0xE0C0, 0xD080, 0xC080, 0xC081, 0xC0A1, 0xB8C2, 0xB124,
  0xA9A6, 0xA1C8, 0xA1E8, 0xA208, 0x9A29, 0x9209, 0x8A09, 0x9209, 0x91C7, 0x7904, 0x6861, 0x6820, 0x7800, 0x8000, 0x7000, 0x5800,
  0x3800, 0x2000, 0x1800, 0x1000, 0x1000, 0x1000, 0x1800, 0x1800, 0x1000, 0x1000, 0x1000, 0x1000, 0x1000, 0x1000, 0x1000, 0x2800,
  0x4000, 0x5000, 0x4000, 0x3000, 0x2020, 0x2041, 0x2061, 0x2061, 0x1841, 0x1041, 0x1041, 0x1061, 0x1882, 0x3080, 0x40E1, 0x38C1,
  0x5860, 0x9080, 0xB8C0, 0xD100, 0xE120, 0xE940, 0xE940, 0xF120, 0xF100, 0xE0C0, 0xD0A0, 0xC081, 0xB881, 0xB8A1, 0xB0C2, 0xB145,
  0xA9C7, 0xAA08, 0xA208, 0xA229, 0x9A29, 0x9229, 0x9229, 0x9A29, 0x99E8, 0x8125, 0x6882, 0x6820, 0x7800, 0x7800, 0x6800, 0x5800,
  0x3800, 0x2000, 0x1000, 0x1000, 0x1000, 0x1000, 0x1800, 0x1800, 0x1000, 0x1000, 0x1000, 0x1000, 0x1000, 0x1000, 0x1800, 0x2800,
  0x4800, 0x5000, 0x4000, 0x3000, 0x2020, 0x2061, 0x2061, 0x2061, 0x1841, 0x1040, 0x1040, 0x1041, 0x1061, 0x18A2, 0x4101, 0x38C0,
  0x5040, 0x9080, 0xB8C0, 0xD100, 0xE140, 0xE940, 0xE940, 0xF140, 0xF100, 0xE0E0, 0xD0A0, 0xC081, 0xB881, 0xB081, 0xB0C2, 0xB145,
  0xB1E7, 0xAA29, 0xAA49, 0xAA49, 0xA249, 0x9229, 0x9229, 0x9A49, 0x9A08, 0x8145, 0x6882, 0x6020, 0x6800, 0x7000, 0x6000, 0x4800,
  0x3000, 0x2000, 0x1000, 0x1000, 0x1000, 0x1000, 0x1800, 0x1800, 0x1800, 0x1000, 0x1000, 0x1000, 0x1000, 0x1000, 0x1800, 0x3000,
  0x4800, 0x5000, 0x4000, 0x2800, 0x2020, 0x2041, 0x2061, 0x2081, 0x2061, 0x1840, 0x1040, 0x1041, 0x1861, 0x1882, 0x4101, 0x38C1,
  0x5040, 0x8880, 0xB8C0, 0xD100, 0xE140, 0xE140, 0xE940, 0xF140, 0xF100, 0xE0E0, 0xD0A1, 0xC081, 0xB081, 0xB081, 0xA8C3, 0xA965,
  0xB208, 0xB249, 0xAA6A, 0xAA6A, 0xA249, 0x9A49, 0x9A4A, 0xA26A, 0x9A29, 0x8166, 0x60A2, 0x5820, 0x6000, 0x6000, 0x5800, 0x4000,
  0x2800, 0x1800, 0x1000, 0x1000, 0x1000, 0x1000, 0x1800, 0x1800, 0x1800, 0x1800, 0x1800, 0x1800, 0x1000, 0x1000, 0x1800, 0x3800,
  0x5000, 0x5000, 0x4000, 0x3000, 0x2020, 0x2041, 0x2061, 0x2061, 0x1841, 0x1841, 0x1861, 0x1861, 0x1882, 0x30A0, 0x4101, 0x38E1,
  0x5040, 0x8880, 0xB8C0, 0xD100, 0xE120, 0xE140, 0xE940, 0xF140, 0xF100, 0xE0E0, 0xC8A1, 0xB881, 0xB061, 0xA881, 0xA8C3, 0xA965,
  0xB208, 0xB26A, 0xB26A, 0xAA6A, 0xA26A, 0x9A49, 0xA26A, 0xA26A, 0x9A49, 0x7986, 0x60A3, 0x5020, 0x5800, 0x5800, 0x4800, 0x3800,
  0x2800, 0x1800, 0x1000, 0x1000, 0x1000, 0x1800, 0x2000, 0x2800, 0x2800, 0x2000, 0x2000, 0x2000, 0x1800, 0x1000, 0x2000, 0x3800,
  0x5000, 0x5800, 0x4000, 0x3000, 0x2820, 0x2040, 0x2061, 0x1861, 0x1841, 0x1841, 0x1881, 0x20A2, 0x20A3, 0x30A1, 0x4101, 0x38E1,
  0x5040, 0x8880, 0xB8C0, 0xD0E0, 0xD920, 0xE120, 0xE940, 0xF120, 0xE900, 0xE0E1, 0xC8A1, 0xB881, 0xA861, 0xA881, 0xA8E3, 0xA986,
  0xB229, 0xB26A, 0xB28A, 0xAA6A, 0xA26A, 0xA26A, 0xA28A, 0xA28A, 0x924A, 0x79A7, 0x58C3, 0x5041, 0x5000, 0x5000, 0x4000, 0x3000,
  0x2000, 0x1800, 0x1800, 0x1800, 0x1800, 0x2000, 0x3000, 0x3800, 0x3000, 0x3000, 0x3000, 0x2800, 0x1800, 0x1800, 0x2000, 0x3800,
  0x5000, 0x5000, 0x4800, 0x3820, 0x3020, 0x2841, 0x1841, 0x1041, 0x1040, 0x1041, 0x1882, 0x20C3, 0x20E3, 0x20E3, 0x4902, 0x40E1,
  0x5040, 0x8880, 0xB8A0, 0xD0E0, 0xD900, 0xE120, 0xE920, 0xE920, 0xE900, 0xD8E1, 0xC8A1, 0xB081, 0xA861, 0xA881, 0xA8E3, 0xA9A6,
  0xAA29, 0xAA8A, 0xAA8A, 0xA26A, 0xA26A, 0xA28A, 0xA2AB, 0x9AAB, 0x926A, 0x79C7, 0x60E4, 0x5041, 0x4800, 0x4800, 0x3800, 0x3000,
  0x2800, 0x2800, 0x2800, 0x2800, 0x2800, 0x3000, 0x3800, 0x4800, 0x4000, 0x3800, 0x3800, 0x3000, 0x2000, 0x1800, 0x2000, 0x3800,
  0x5000, 0x5000, 0x4000, 0x3820, 0x3041, 0x2841, 0x1841, 0x1040, 0x0820, 0x1041, 0x1882, 0x20E3, 0x2104, 0x30A1, 0x4922, 0x40E1,
  0x5040, 0x8860, 0xB8A0, 0xD0E0, 0xD900, 0xE120, 0xE120, 0xE920, 0xE901, 0xD8E1, 0xC0A1, 0xB061, 0xA861, 0xA882, 0xA104, 0xA1A7,
  0xA229, 0xA26A, 0xA28A, 0xA26A, 0xA26A, 0xA28A, 0xA2AB, 0x9AAB, 0x8A8B, 0x79E8, 0x6125, 0x5061, 0x4820, 0x4000, 0x3000, 0x3000,
  0x3000, 0x3800, 0x3800, 0x3800, 0x3800, 0x3800, 0x4800, 0x5000, 0x5000, 0x4000, 0x3800, 0x2800, 0x2000, 0x1800, 0x2000, 0x3800,
  0x5000, 0x5000, 0x4000, 0x3820, 0x3041, 0x2841, 0x1841, 0x1040, 0x0820, 0x1041, 0x1882, 0x20E3, 0x2104, 0x30A1, 0x4922, 0x4901,
  0x5040, 0x8860, 0xB8A0, 0xD0E0, 0xD900, 0xD900, 0xE120, 0xE921, 0xE101, 0xD0E1, 0xB8A1, 0xA860, 0xA861, 0xA0A2, 0xA124, 0xA1C7,
  0x9A29, 0x9A6A, 0x9A6A, 0x9A6A, 0x9A6A, 0xA2AB, 0xA2CB, 0x9ACB, 0x8AAB, 0x8229, 0x6945, 0x5882, 0x4820, 0x4000, 0x3000, 0x3800,
  0x4000, 0x4800, 0x5000, 0x5000, 0x4800, 0x4800, 0x5000, 0x5000, 0x5000, 0x4000, 0x3000, 0x2800, 0x1800, 0x1000, 0x2000, 0x4000,
  0x5000, 0x4800, 0x3800, 0x3020, 0x2841, 0x2061, 0x1841, 0x1041, 0x1040, 0x1041, 0x1061, 0x18C3, 0x18E3, 0x38C1, 0x5142, 0x4901,
  0x5040, 0x8860, 0xB0A0, 0xC8C0, 0xD8E0, 0xD900, 0xE121, 0xE921, 0xE101, 0xD0C1, 0xB881, 0xA860, 0xA861, 0xA8A2, 0xA125, 0x99C7,
  0x9229, 0x9249, 0x926A, 0x926A, 0x9A6A, 0xA2AB, 0x9ACC, 0x92EC, 0x92CC, 0x8A6A, 0x7986, 0x60A2, 0x4820, 0x4000, 0x3800, 0x4000,
  0x5000, 0x5800, 0x6000, 0x6000, 0x5800, 0x4800, 0x4800, 0x5000, 0x4800, 0x3800, 0x2800, 0x1800, 0x1000, 0x1000, 0x2000, 0x4000,
  0x5000, 0x4800, 0x3000, 0x2820, 0x2041, 0x2041, 0x1841, 0x1841, 0x1041, 0x1041, 0x1061, 0x18A2, 0x18A2, 0x38C1, 0x5142, 0x4901,
  0x4840, 0x8860, 0xB0A0, 0xC8C0, 0xD0E0, 0xD901, 0xE121, 0xE121, 0xE101, 0xC8C1, 0xB081, 0xA861, 0xA861, 0xA8C3, 0xA145, 0x91C7,
  0x8A29, 0x8A49, 0x8A49, 0x8A4A, 0x9A8A, 0x9ACB, 0x9AEC, 0x9B0D, 0x9B0C, 0x8800, 0x81C7, 0x60E3, 0x5040, 0x4000, 0x4000, 0x5000,
  0x6000, 0x6800, 0x7000, 0x7000, 0x5800, 0x4800, 0x4000, 0x4000, 0x3800, 0x3000, 0x2000, 0x1800, 0x0800, 0x1000, 0x2800, 0x4000,
  0x5000, 0x4800, 0x3000, 0x2020, 0x2040, 0x2040, 0x2041, 0x1841, 0x1861, 0x1861, 0x1861, 0x1882, 0x2860, 0x38C1, 0x5142, 0x4901,
  0x4840, 0x8060, 0xB0A0, 0xC8C0, 0xD0E1, 0xD901, 0xD921, 0xE121, 0xD901, 0xC8C1, 0xB061, 0xA861, 0xA882, 0xA8E3, 0xA166, 0x89E8,
  0x8229, 0x7A29, 0x8229, 0x8A4A, 0x928B, 0x9ACC, 0x9B0D, 0x9B2D, 0x8820, 0x8000, 0x8A08, 0x6904, 0x5041, 0x4000, 0x4800, 0x5800,
  0x7000, 0x7800, 0x7800, 0x7000, 0x5800, 0x4000, 0x3000, 0x3000, 0x3000, 0x2800, 0x1800, 0x1000, 0x0800, 0x1000, 0x2800, 0x4800,
  0x5800, 0x4800, 0x3000, 0x2020, 0x2020, 0x2040, 0x2040, 0x2041, 0x1861, 0x1881, 0x1882, 0x1882, 0x1882, 0x40C1, 0x5942, 0x4901,
  0x4840, 0x8060, 0xB0A0, 0xC8C1, 0xD0E1, 0xD901, 0xD921, 0xE122, 0xD901, 0xC8C1, 0xB061, 0xA861, 0xB082, 0xA904, 0x9986, 0x89E8,
  0x7A09, 0x7229, 0x7A29, 0x8A4A, 0x928B, 0x9AEC, 0x9B2D, 0x9840, 0x8820, 0x8000, 0x9269, 0x7144, 0x5061, 0x4800, 0x5000, 0x6800,
  0x7800, 0x7800, 0x7800, 0x6800, 0x5000, 0x3800, 0x2800, 0x2800, 0x2000, 0x2000, 0x1000, 0x0800, 0x0800, 0x1000, 0x2800, 0x4800,
  0x5800, 0x4800, 0x3000, 0x2020, 0x2040, 0x2040, 0x2040, 0x2061, 0x2081, 0x2082, 0x1882, 0x2082, 0x1882, 0x48E1, 0x5941, 0x5121,
  0x4840, 0x8080, 0xB0A0, 0xC8C1, 0xD0E1, 0xD101, 0xD922, 0xD922, 0xD102, 0xC0A1, 0xB061, 0xB061, 0xB0A3, 0xA925, 0x99A7, 0x89E8,
  0x7A09, 0x7229, 0x7A29, 0x8A4A, 0x9AAB, 0xA2EC, 0xB861, 0xA040, 0x8820, 0x8020, 0x9AAA, 0x7165, 0x5081, 0x4800, 0x6000, 0x7800,
  0x8000, 0x8000, 0x7000, 0x6000, 0x4800, 0x3000, 0x2000, 0x2000, 0x2000, 0x1800, 0x1000, 0x0800, 0x0800, 0x1000, 0x3000, 0x5000,
  0x5800, 0x4800, 0x3020, 0x2820, 0x2040, 0x2040, 0x2041, 0x2061, 0x20A2, 0x20A2, 0x2082, 0x2081, 0x2860, 0x40E1, 0x5941, 0x5121,
  0x4840, 0x8080, 0xB0A1, 0xC8E1, 0xD0E1, 0xD102, 0xD122, 0xD922, 0xD102, 0xC0A1, 0xB861, 0xB882, 0xB8C3, 0xB145, 0x99A7, 0x81E8,
  0x7209, 0x7229, 0x7A29, 0x8A6A, 0x9AAB, 0xA30D, 0xB861, 0xA040, 0x8820, 0x8820, 0x9880, 0x71A6, 0x5882, 0x5800, 0x6800, 0x8000,
  0x8800, 0x7800, 0x6800, 0x5800, 0x4000, 0x2800, 0x2000, 0x2000, 0x2000, 0x1800, 0x1000, 0x0800, 0x0000, 0x1000, 0x3000, 0x5000,
  0x6000, 0x5000, 0x3820, 0x2840, 0x2840, 0x2040, 0x2061, 0x1881, 0x20A2, 0x18A2, 0x1882, 0x1861, 0x20A2, 0x40C0, 0x5121, 0x4901,
  0x4840, 0x8080, 0xA8C1, 0xC8E1, 0xD101, 0xD102, 0xD122, 0xD122, 0xC8E2, 0xC0A1, 0xB881, 0xB8A2, 0xB8E4, 0xB166, 0x99C7, 0x8208,
  0x7209, 0x7229, 0x8249, 0x928B, 0xA2CC, 0xAB2D, 0xB060, 0xA020, 0x9820, 0x9840, 0xB0C0, 0x79C6, 0x60A2, 0x6020, 0x7800, 0x8800,
  0x8800, 0x7000, 0x6000, 0x5000, 0x3800, 0x2800, 0x2000, 0x2800, 0x2800, 0x2000, 0x1000, 0x0800, 0x0000, 0x1000, 0x3000, 0x5000,
  0x6000, 0x5000, 0x3820, 0x3040, 0x2840, 0x2841, 0x2061, 0x1861, 0x1882, 0x1882, 0x1861, 0x1861, 0x20A2, 0x38A0, 0x4901, 0x40E1,
  0x4840, 0x8081, 0xA8C1, 0xC0E1, 0xD102, 0xD122, 0xD122, 0xD102, 0xC8E2, 0xC0A1, 0xC081, 0xC0C3, 0xC125, 0xB186, 0x99C8, 0x8208,
  0x7209, 0x7229, 0x824A, 0x9A8B, 0xA2EC, 0xAB2D, 0xB040, 0xA820, 0xA020, 0xA860, 0xC101, 0x81E7, 0x68C2, 0x6820, 0x7800, 0x8800,
  0x8000, 0x6800, 0x5000, 0x4000, 0x3000, 0x2800, 0x2800, 0x2800, 0x2800, 0x2000, 0x1000, 0x0800, 0x0000, 0x1000, 0x3000, 0x5000,
  0x6000, 0x5000, 0x4020, 0x3040, 0x3041, 0x2041, 0x1841, 0x1841, 0x1061, 0x1061, 0x1041, 0x1861, 0x3060, 0x38A0, 0x4901, 0x40E1,
  0x4840, 0x8081, 0xA8C1, 0xC102, 0xC902, 0xC922, 0xC922, 0xC902, 0xC8E2, 0xC8A1, 0xC8A2, 0xC8E3, 0xC145, 0xB1A7, 0x99E8, 0x8209,
  0x7A29, 0x7A29, 0x8A6A, 0x9AAB, 0xAAEC, 0xB34D, 0xA820, 0xA820, 0xA840, 0xB880, 0xC941, 0x8A08, 0x70E3, 0x7040, 0x8000, 0x8000,
  0x7000, 0x5800, 0x4800, 0x3800, 0x2800, 0x2800, 0x2800, 0x3000, 0x2800, 0x2000, 0x1000, 0x0800, 0x0000, 0x1000, 0x3000, 0x5000,
  0x6000, 0x5000, 0x4020, 0x3040, 0x3041, 0x2041, 0x1841, 0x1841, 0x1041, 0x1841, 0x1841, 0x1841, 0x3080, 0x40A0, 0x4901, 0x40E1,
  0x4840, 0x80A1, 0xA8E1, 0xC102, 0xC922, 0xC922, 0xC922, 0xC902, 0xC8C1, 0xC8A1, 0xD0A2, 0xD104, 0xC966, 0xB1C8, 0x99E8, 0x8209,
  0x7A29, 0x7A4A, 0x8A6A, 0xA2CC, 0xAB0D, 0xBB6E, 0xA000, 0xA020, 0xB040, 0xC0A0, 0xD141, 0x9248, 0x8103, 0x7841, 0x8000, 0x7800,
  0x6000, 0x5000, 0x3800, 0x2800, 0x2800, 0x2800, 0x2800, 0x3000, 0x2800, 0x2000, 0x1000, 0x0800, 0x0800, 0x1000, 0x3000, 0x5000,
  0x6000, 0x5000, 0x4020, 0x3020, 0x2841, 0x2041, 0x1841, 0x1841, 0x1841, 0x2061, 0x2061, 0x2061, 0x1882, 0x40C1, 0x4901, 0x40E1,
  0x4861, 0x80A1, 0xA8E2, 0xC122, 0xC922, 0xC922, 0xC102, 0xC8E2, 0xC8C1, 0xD0A2, 0xD0C3, 0xD125, 0xC987, 0xB1C8, 0x9209, 0x8229,
  0x7A29, 0x824A, 0x928B, 0xA2EC, 0xB32D, 0xBB6E, 0xA000, 0xA020, 0xB040, 0xC0A0, 0xD120, 0xE1C1, 0x8924, 0x8061, 0x7800, 0x6800,
  0x5000, 0x4000, 0x3000, 0x2000, 0x2000, 0x2000, 0x2800, 0x2800, 0x2800, 0x1800, 0x1000, 0x0800, 0x0800, 0x1800, 0x3000, 0x5800,
  0x6000, 0x5000, 0x4020, 0x3020, 0x2841, 0x2061, 0x2061, 0x1861, 0x2061, 0x2881, 0x2881, 0x2882, 0x20A2, 0x38A1, 0x40E1, 0x40E1,
  0x4861, 0x80C1, 0xA902, 0xC122, 0xC942, 0xC942, 0xC102, 0xC0E2, 0xC8A2, 0xD0A2, 0xD8E3, 0xD945, 0xC9A7, 0xB1E8, 0x9209, 0x7A29,
  0x7A49, 0x826A, 0x92AB, 0xAAEC, 0xBB4D, 0xC38E, 0xCBEF, 0xA020, 0xB040, 0xB880, 0xC8E0, 0xD941, 0x9145, 0x8061, 0x7000, 0x6000,
  0x4800, 0x3000, 0x2800, 0x2000, 0x1800, 0x2000, 0x2000, 0x2000, 0x2000, 0x1800, 0x1000, 0x0800, 0x0800, 0x1800, 0x3800, 0x5800,
  0x6000, 0x5000, 0x4020, 0x3020, 0x2841, 0x2061, 0x2061, 0x2061, 0x2081, 0x2882, 0x30A2, 0x28A2, 0x2060, 0x2880, 0x38E1, 0x38E1,
  0x4881, 0x80C2, 0xA902, 0xC142, 0xC942, 0xC142, 0xC102, 0xC0C2, 0xC8A2, 0xD0C2, 0xD904, 0xD966, 0xC9C8, 0xAA09, 0x8A29, 0x7A29,
  0x7A4A, 0x826A, 0x9AAB, 0xB30C, 0xBB4D, 0xC38E, 0xCBCE, 0xA020, 0xA840, 0xB060, 0xB8A0, 0xC8E0, 0x9185, 0x7882, 0x6820, 0x5000,
  0x4000, 0x2800, 0x2000, 0x1800, 0x1800, 0x1800, 0x1800, 0x1800, 0x1800, 0x1000, 0x1000, 0x0800, 0x0800, 0x1800, 0x3800, 0x5800,
  0x6000, 0x5800, 0x4020, 0x3040, 0x2841, 0x2041, 0x2061, 0x2061, 0x2082, 0x28A2, 0x30C3, 0x28C3, 0x20A2, 0x2860, 0x38C1, 0x40E1,
  0x4881, 0x80E2, 0xA922, 0xC142, 0xC963, 0xC142, 0xC102, 0xC0C2, 0xD0A2, 0xD8C3, 0xE125, 0xD9A7, 0xC9E8, 0xAA09, 0x8A29, 0x7A49,
  0x7A6A, 0x828B, 0x9ACC, 0xB32D, 0xC36D, 0xCBAE, 0xCBCE, 0x9820, 0xA020, 0xA840, 0xA860, 0xC080, 0x91A6, 0x70A2, 0x5820, 0x4800,
  0x3800, 0x2800, 0x2000, 0x1800, 0x1800, 0x1800, 0x1000, 0x1000, 0x1000, 0x1000, 0x0800, 0x0800, 0x0800, 0x1800, 0x3800, 0x5800,
  0x6800, 0x5800, 0x4020, 0x3040, 0x2840, 0x2041, 0x2061, 0x1861, 0x20A2, 0x28E3, 0x3104, 0x28E3, 0x20A2, 0x2060, 0x38C1, 0x4101,
  0x48A1, 0x80E2, 0xA922, 0xC162, 0xC963, 0xC143, 0xC0E2, 0xC0C2, 0xD0A2, 0xD8E3, 0xE145, 0xD9C7, 0xC209, 0xA229, 0x8229, 0x7A4A,
  0x7A6A, 0x8A8B, 0x9AEC, 0xB32D, 0xC36E, 0xCBAE, 0xC3AE, 0x9820, 0xBBCE, 0xC3EE, 0xC3AE, 0xB2EB, 0x91C6, 0x68A2, 0x5820, 0x4800,
  0x3800, 0x3000, 0x2800, 0x2000, 0x2000, 0x1800, 0x1000, 0x1000, 0x0800, 0x0800, 0x0800, 0x0800, 0x0800, 0x2000, 0x4000, 0x6000,
  0x6800, 0x5800, 0x4020, 0x3040, 0x2840, 0x2041, 0x2061, 0x1881, 0x20A2, 0x20E3, 0x40A0, 0x28E3, 0x1840, 0x2060, 0x38C1, 0x4101,
  0x50A2, 0x8102, 0xA942, 0xC163, 0xC983, 0xC143, 0xB8E2, 0xC8C2, 0xD0C2, 0xE0E4, 0xE166, 0xD9E8, 0xC229, 0xA229, 0x824A, 0x7A6A,
  0x7A8B, 0x8AAB, 0xA2EC, 0xBB4D, 0xCB8E, 0xCBAE, 0xC3AE, 0x9020, 0xB3AE, 0xBBAE, 0xBB8E, 0xAAEB, 0x89E7, 0x68C3, 0x5020, 0x4800,
  0x4000, 0x3800, 0x3800, 0x3000, 0x2800, 0x1800, 0x1000, 0x1000, 0x0800, 0x0800, 0x0800, 0x0800, 0x0800, 0x2000, 0x4000, 0x6000,
  0x6800, 0x5800, 0x4020, 0x3020, 0x2840, 0x2041, 0x2061, 0x2082, 0x1882, 0x18C3, 0x20E3, 0x20A2, 0x1882, 0x2860, 0x38C1, 0x4101,
  0x50C2, 0x8102, 0xA943, 0xC183, 0xC983, 0xC143, 0xB8E2, 0xC8C2, 0xD0C3, 0xE104, 0xE186, 0xDA08, 0xBA29, 0x9A4A, 0x824A, 0x726A,
  0x7AAB, 0x8ACC, 0xA30D, 0xBB4D, 0xCB8E, 0xCBAE, 0xBB8E, 0x9000, 0x8800, 0xB38E, 0xB38D, 0xA30B, 0x81E7, 0x68C3, 0x5820, 0x5000,
  0x5000, 0x4800, 0x4800, 0x4800, 0x3800, 0x2800, 0x1800, 0x1000, 0x1000, 0x1000, 0x0800, 0x0800, 0x0800, 0x1800, 0x4000, 0x6000,
  0x7000, 0x5800, 0x4000, 0x3020, 0x2841, 0x2861, 0x2882, 0x20A2, 0x1882, 0x1882, 0x1882, 0x1861, 0x1861, 0x1861, 0x38C1, 0x4101,
  0x50C2, 0x8122, 0xA963, 0xC183, 0xC983, 0xB943, 0xB8E2, 0xC8C2, 0xD8E3, 0xE125, 0xE1A7, 0xD209, 0xBA4A, 0x9A4A, 0x7A6A, 0x7A8B,
  0x7AAB, 0x8AEC, 0xA30D, 0xBB4D, 0xCB8E, 0xC3AE, 0xBB8E, 0x8800, 0xA36D, 0x8000, 0x8800, 0x9AEB, 0x8208, 0x68E4, 0x5841, 0x5800,
  0x5800, 0x6000, 0x6000, 0x5800, 0x4800, 0x3800, 0x2800, 0x2000, 0x1800, 0x1800, 0x1000, 0x0800, 0x0800, 0x1800, 0x3800, 0x6000,
  0x7000, 0x6000, 0x4020, 0x3820, 0x3041, 0x3061, 0x28A2, 0x20A2, 0x1882, 0x1061, 0x1061, 0x1841, 0x1841, 0x3080, 0x38C1, 0x4101,
  0x50E2, 0x8123, 0xA963, 0xC1A3, 0xC183, 0xB943, 0xB8E2, 0xC8E3, 0xD904, 0xE146, 0xE1C8, 0xD229, 0xB26A, 0x926A, 0x7A8A, 0x7AAB,
  0x82CC, 0xE860, 0xA32D, 0xBB4E, 0xC38E, 0xC38E, 0xB38E, 0x8800, 0x9B4D, 0x934D, 0x8800, 0x92EC, 0x8228, 0x6904, 0x6841, 0x6800,
  0x6800, 0x7000, 0x7000, 0x7000, 0x5800, 0x4800, 0x3800, 0x3000, 0x2800, 0x2000, 0x1800, 0x0800, 0x0800, 0x1800, 0x3800, 0x6000,
  0x6800, 0x5800, 0x4800, 0x3820, 0x3041, 0x3061, 0x28A2, 0x20A2, 0x1882, 0x1061, 0x1061, 0x1861, 0x1861, 0x3080, 0x40C1, 0x4901,
  0x50E2, 0x8123, 0xA983, 0xC1A3, 0xC183, 0xB943, 0xB8E3, 0xC8E3, 0xD924, 0xD966, 0xD9E8, 0xCA29, 0xB26A, 0x928A, 0x7AAB, 0x7ACB,
  0x82EC, 0xE840, 0xE840, 0xBB6E, 0xC38E, 0xC38E, 0xA020, 0x8820, 0x934D, 0x8B4D, 0x934D, 0x8B0C, 0xC880, 0x7145, 0x6861, 0x7000,
  0x7000, 0x7800, 0x8020, 0x7800, 0x6800, 0x5800, 0x4800, 0x4000, 0x3800, 0x2800, 0x1800, 0x0800, 0x0800, 0x1800, 0x3800, 0x5800,
  0x6800, 0x5800, 0x4000, 0x3020, 0x3041, 0x2841, 0x2061, 0x2082, 0x1861, 0x1061, 0x1061, 0x1861, 0x1882, 0x1882, 0x40E1, 0x4921,
  0x50E3, 0x8143, 0xA983, 0xC1C4, 0xC183, 0xB923, 0xB903, 0xC904, 0xD945, 0xD987, 0xD9E8, 0xCA4A, 0xAA6A, 0x928B, 0x7AAB, 0x7AEC,
  0xE880, 0xE860, 0xE860, 0xBB6E, 0xC38E, 0xBB8E, 0xA020, 0x9020, 0x8B4D, 0x8B4D, 0x8B4E, 0xC060, 0xD8E1, 0x7966, 0x7082, 0x7020,
  0x7800, 0x8020, 0x8820, 0x8020, 0x7800, 0x6000, 0x5800, 0x5000, 0x4000, 0x3000, 0x1800, 0x0800, 0x0800, 0x1000, 0x3800, 0x5800,
  0x6800, 0x6000, 0x4800, 0x3020, 0x2820, 0x2840, 0x2041, 0x1861, 0x1061, 0x1041, 0x1061, 0x1861, 0x1882, 0x1882, 0x40E1, 0x4921,
  0x5103, 0x8143, 0xA9A3, 0xC1C4, 0xB984, 0xB923, 0xC103, 0xC924, 0xD166, 0xD9A7, 0xD209, 0xC24A, 0xA28B, 0x8AAB, 0x82CC, 0x830C,
  0xE880, 0xE880, 0xE880, 0xBB6E, 0xBB8E, 0xBB8E, 0xA020, 0x9820, 0x8B4E, 0x8B6E, 0xB840, 0xD0A0, 0xE142, 0x81A6, 0x70A2, 0x7020,
  0x7800, 0x8020, 0x8820, 0x8820, 0x7800, 0x6800, 0x6000, 0x5800, 0x4800, 0x3000, 0x1800, 0x0800, 0x0800, 0x1000, 0x3000, 0x5800,
  0x6800, 0x6000, 0x4800, 0x3800, 0x2820, 0x2820, 0x2041, 0x1841, 0x1041, 0x1041, 0x1041, 0x1061, 0x1881, 0x3080, 0x40E1, 0x4921,
  0x5103, 0x8163, 0xA9A4, 0xB9C4, 0xB984, 0xB923, 0xC124, 0xC945, 0xD186, 0xD1C8, 0xCA29, 0xBA6A, 0xA2AB, 0x8ACC, 0x830C, 0x832D,
  0xE880, 0xE8A0, 0xE8C1, 0xB36E, 0xBB8E, 0xBB8E, 0xA820, 0x9820, 0x8B6E, 0xB040, 0xC880, 0xE101, 0xF1A2, 0x81C7, 0x78C3, 0x7020,
  0x7000, 0x8000, 0x8820, 0x8820, 0x7800, 0x7000, 0x6000, 0x5800, 0x4000, 0x3000, 0x1800, 0x0800, 0x0800, 0x1000, 0x3000, 0x5800,
  0x6800, 0x6000, 0x4800, 0x3800, 0x3020, 0x2820, 0x2841, 0x2061, 0x1861, 0x1061, 0x1041, 0x1061, 0x1861, 0x1882, 0x38E1, 0x4921,
  0x5123, 0x8164, 0xA9C4, 0xB9C4, 0xB964, 0xB924, 0xC124, 0xC965, 0xD1A7, 0xD1E8, 0xC249, 0xB28A, 0x9ACB, 0x8AEC, 0x832D, 0x834D,
  0xE880, 0xE8A1, 0xA36E, 0xB36E, 0xBB8E, 0xB840, 0xA820, 0x936E, 0x8B6E, 0xB840, 0xD8C1, 0xE941, 0xF1E2, 0xF223, 0x78E3, 0x6841,
  0x7000, 0x7800, 0x8020, 0x8000, 0x7800, 0x6800, 0x6000, 0x5000, 0x3800, 0x2800, 0x1800, 0x1000, 0x0800, 0x1000, 0x3000, 0x5000,
  0x6800, 0x5800, 0x4800, 0x3800, 0x3020, 0x3020, 0x2861, 0x2061, 0x1861, 0x1861, 0x1061, 0x1861, 0x1882, 0x20A2, 0x30C1, 0x4121,
  0x5923, 0x8984, 0xA9C4, 0xB9A4, 0xB964, 0xB924, 0xC145, 0xC986, 0xC9C7, 0xCA09, 0xC24A, 0xAA8B, 0x9ACC, 0xF120, 0x8B4D, 0xE880,
  0xE881, 0xE8C1, 0xE0E1, 0xAB8E, 0xC881, 0xB840, 0xA020, 0x9B8F, 0xA020, 0xC060, 0xE0E1, 0xE981, 0xF1E2, 0x9229, 0x7904, 0x6841,
  0x6800, 0x7000, 0x7800, 0x7800, 0x6800, 0x6000, 0x5000, 0x4000, 0x3000, 0x2800, 0x1800, 0x1000, 0x0800, 0x1000, 0x3000, 0x5000,
  0x6000, 0x5800, 0x4000, 0x3000, 0x3020, 0x3040, 0x2861, 0x2882, 0x2082, 0x1882, 0x1882, 0x1882, 0x20A2, 0x2060, 0x30C1, 0x4101,
  0x5944, 0x89A4, 0xA9C5, 0xB1A4, 0xB164, 0xB944, 0xC165, 0xC9A7, 0xC9E8, 0xC229, 0xBA6A, 0xA2AB, 0xF140, 0xF120, 0xE8C0, 0xE880,
  0xE081, 0xE0C1, 0xE0E1, 0xD0C1, 0xC081, 0xB040, 0xA020, 0x9820, 0xA020, 0xC880, 0xE101, 0xE961, 0xE9A1, 0xE981, 0x8125, 0x7061,
  0x6800, 0x7000, 0x7000, 0x6800, 0x5800, 0x5000, 0x4000, 0x3800, 0x2800, 0x2000, 0x1800, 0x1000, 0x0800, 0x1000, 0x3000, 0x5000,
  0x6800, 0x5800, 0x4000, 0x3000, 0x2820, 0x2840, 0x2861, 0x2082, 0x1882, 0x1882, 0x20A2, 0x20A2, 0x20C3, 0x20E3, 0x38C1, 0x4101,
  0x5944, 0x89A5, 0xA9C5, 0xB1A4, 0xB964, 0xB965, 0xC986, 0xC9C7, 0xC208, 0xBA49, 0xB28A, 0xA2CB, 0xF160, 0xF120, 0xE8A0, 0xE080,
  0xE081, 0xE0C1, 0xD8C1, 0xC8A1, 0xB860, 0xA820, 0xA020, 0x9820, 0xA820, 0xC880, 0xE101, 0xE941, 0xE121, 0xD901, 0x8965, 0x7862,
  0x6800, 0x6800, 0x6000, 0x5800, 0x4800, 0x3800, 0x3000, 0x2800, 0x2000, 0x1800, 0x1000, 0x1000, 0x1000, 0x1800, 0x3000, 0x5800,
  0x6800, 0x6000, 0x4800, 0x3800, 0x2820, 0x2840, 0x2041, 0x1861, 0x1881, 0x1882, 0x18A2, 0x20A2, 0x20C3, 0x2860, 0x38E1, 0x4121,
  0x6164, 0x89C5, 0xA9C5, 0xB1A4, 0xB965, 0xC165, 0xC9A7, 0xC9E8, 0xC229, 0xBA4A, 0xAA8B, 0x9ACC, 0xF160, 0xF120, 0xE8A0, 0xE060,
  0xE080, 0xE0A1, 0xD8A1, 0xC880, 0xB840, 0xA820, 0xA020, 0x9820, 0xA820, 0xC860, 0xD8C1, 0xE0E1, 0xD8C0, 0xD080, 0x9186, 0x7882,
  0x7020, 0x6000, 0x5800, 0x4800, 0x3800, 0x2800, 0x2000, 0x1800, 0x1000, 0x1000, 0x1000, 0x0800, 0x1000, 0x1800, 0x3000, 0x5800,
  0x7000, 0x6800, 0x5000, 0x3820, 0x2820, 0x2020, 0x1840, 0x1041, 0x1041, 0x1061, 0x1882, 0x1882, 0x18A2, 0x2880, 0x38E1, 0x4921,
  0x6165, 0x89C5, 0xA1C5, 0xB185, 0xB965, 0xC186, 0xC9C7, 0xC208, 0xBA49, 0xB26A, 0xA2AB, 0x92EC, 0xF160, 0xF120, 0xE8A0, 0xE060,
  0xE080, 0xE080, 0xD080, 0xC060, 0xB840, 0xB020, 0xA020, 0xA020, 0xA820, 0xC060, 0xD8A0, 0xD8C1, 0xD080, 0xC860, 0x91A7, 0x78A2,
  0x6820, 0x6000, 0x4800, 0x3800, 0x2800, 0x1800, 0x1000, 0x1000, 0x0800, 0x0800, 0x0800, 0x0800, 0x0800, 0x1800, 0x3000, 0x5800,
  0x7000, 0x7000, 0x5000, 0x4020, 0x2820, 0x2020, 0x1020, 0x1020, 0x1041, 0x1041, 0x1061, 0x1082, 0x1082, 0x2880, 0x38E1, 0x4101,
  0x6185, 0x89C6, 0xA1C5, 0xB185, 0xB985, 0xC1A7, 0xC1E8, 0xC229, 0xBA6A, 0xAA8B, 0x9ACC, 0x930D, 0xF180, 0xF120, 0xE8A0, 0xE060,
  0xE080, 0xE080, 0xD060, 0xC040, 0xB840, 0xB020, 0xA820, 0xA020, 0xA820, 0xC040, 0xD080, 0xD8A0, 0xC860, 0xB820, 0x91C7, 0x78C3,
  0x6820, 0x5000, 0x4000, 0x3000, 0x2000, 0x1000, 0x1000, 0x0800, 0x0800, 0x0800, 0x0800, 0x0800, 0x0800, 0x1800, 0x3000, 0x5800,
  0x7000, 0x7000, 0x5800, 0x4000, 0x2820, 0x2020, 0x1020, 0x1020, 0x1041, 0x1061, 0x1061, 0x1082, 0x1820, 0x2060, 0x38C1, 0x4101,
  0x61A5, 0x89C6, 0xA1C6, 0xB185, 0xC1A6, 0xC9C7, 0xC228, 0xBA49, 0xB28A, 0xAAAB, 0x9AEC, 0x932D, 0xF180, 0x8B8F, 0xE8C0, 0xE080,
  0xE060, 0xD860, 0xD040, 0xC840, 0xC040, 0xB820, 0xB020, 0xA820, 0xB020, 0xC040, 0xD080, 0xC880, 0xB840, 0xA820, 0x9208, 0x70C3,
  0x6020, 0x4800, 0x3800, 0x2800, 0x1800, 0x1000, 0x1000, 0x0800, 0x0800, 0x0800, 0x0800, 0x0800, 0x0800, 0x1000, 0x3000, 0x5000,
  0x7000, 0x7000, 0x5800, 0x4000, 0x2820, 0x1820, 0x1020, 0x1041, 0x1041, 0x1061, 0x1882, 0x1882, 0x1882, 0x2060, 0x30C1, 0x3901,
  0x69A6, 0x89E6, 0xA1C6, 0xB1A6, 0xC1C7, 0xCA08, 0xC249, 0xBA6A, 0xB2AB, 0xA2CC, 0x9B0D, 0x8B2D, 0xF1A0, 0xF140, 0xE8C0, 0xE880,
  0xE060, 0xD860, 0xD040, 0xC840, 0xC840, 0xC020, 0xB020, 0xB020, 0xB040, 0xC040, 0xC860, 0xC060, 0xA840, 0x9820, 0x8A28, 0x70E3,
  0x5841, 0x4800, 0x3800, 0x2800, 0x1800, 0x1000, 0x1000, 0x1000, 0x0800, 0x0800, 0x0800, 0x0800, 0x0800, 0x1000, 0x2800, 0x5000,
  0x7000, 0x7000, 0x5800, 0x4000, 0x2820, 0x1820, 0x1840, 0x1041, 0x1861, 0x1882, 0x18A2, 0x18A2, 0x1020, 0x2060, 0x30A1, 0x38E1,
  0x69C6, 0x89E6, 0xA1C6, 0xB9A6, 0xC1E7, 0xCA28, 0xC26A, 0xBA8A, 0xAACB, 0xA30C, 0xF120, 0xF980, 0xF1A1, 0xF141, 0xE8C0, 0xE880,
  0xE060, 0xD860, 0xD060, 0xD060, 0xC840, 0xC020, 0xB820, 0xB840, 0xB840, 0xC040, 0xC060, 0xB040, 0x9820, 0x8800, 0x8A49, 0x6904,
  0x5841, 0x4800, 0x3000, 0x2800, 0x1800, 0x1800, 0x1000, 0x1000, 0x1000, 0x0800, 0x0800, 0x0800, 0x0800, 0x1000, 0x2800, 0x5000,
  0x7000, 0x7000, 0x6000, 0x4000, 0x2820, 0x1820, 0x1841, 0x1861, 0x1882, 0x18A2, 0x18A2, 0x18A2, 0x1040, 0x1860, 0x28A1, 0x38E1,
  0x69C7, 0x89E7, 0xA1C7, 0xB9C7, 0xC208, 0xC249, 0xBA8A, 0xB2CB, 0xAAEC, 0xA32D, 0xF160, 0xF9A1, 0xF1A1, 0xF141, 0xE8C0, 0xE880,
  0xE080, 0xD860, 0xD860, 0xD860, 0xD060, 0xC840, 0xC840, 0xC060, 0xC081, 0xB860, 0xB040, 0xA020, 0x8800, 0x7800, 0x7000, 0x6904,
  0x5841, 0x4800, 0x3800, 0x2800, 0x2000, 0x1800, 0x1000, 0x1000, 0x1000, 0x1000, 0x0800, 0x0800, 0x0800, 0x1000, 0x2800, 0x4800,
  0x6800, 0x7000, 0x6000, 0x4000, 0x2820, 0x2041, 0x1861, 0x1882, 0x20A2, 0x18A2, 0x18A2, 0x1882, 0x1040, 0x1860, 0x28A0, 0x38C1,
  0x69E7, 0x89E7, 0xA9E7, 0xB9E8, 0xC229, 0xC26A, 0xBAAB, 0xB2EC, 0xAB0D, 0xF120, 0xF981, 0xF9C1, 0xF181, 0xF120, 0xE8C0, 0xE880,
  0xE080, 0xD880, 0xD880, 0xD880, 0xD860, 0xD060, 0xD080, 0xD0A1, 0xC8A1, 0xB860, 0xA020, 0x8820, 0x7800, 0x7000, 0x6800, 0x7124,
  0x5861, 0x4800, 0x3800, 0x2800, 0x2000, 0x1800, 0x1000, 0x1000, 0x1000, 0x0800, 0x0800, 0x0800, 0x0800, 0x1000, 0x2000, 0x4800,
  0x6800, 0x7000, 0x6000, 0x4000, 0x3020, 0x2041, 0x2061, 0x2082, 0x20A2, 0x18A2, 0x1082, 0x1061, 0x1040, 0x2060, 0x28A0, 0x38C1,
  0x71E7, 0x89E7, 0xA9E8, 0xBA08, 0xC249, 0xC28A, 0xB2CB, 0xAB0C, 0xA32D, 0xF181, 0xF9C1, 0xF9C1, 0xF181, 0xF100, 0xE8A0, 0xE8A0,
  0xE0A0, 0xE0A0, 0xD880, 0xE080, 0xD880, 0xD880, 0xD8A0, 0xD8E1, 0xC8C1, 0xB061, 0x9020, 0x8000, 0x7000, 0x6800, 0x6000, 0x7125,
  0x6061, 0x5000, 0x4000, 0x3000, 0x2000, 0x1800, 0x1000, 0x1000, 0x0800, 0x0800, 0x0800, 0x0800, 0x0800, 0x1000, 0x2000, 0x4800,
  0x6800, 0x7000, 0x6000, 0x4800, 0x3020, 0x2041, 0x2061, 0x1882, 0x1882, 0x1882, 0x1062, 0x1861, 0x1020, 0x1860, 0x28A0, 0x30C0,
  0x71E8, 0x9208, 0xAA08, 0xBA49, 0xC28A, 0xBACB, 0xB2EC, 0xF120, 0xF181, 0xF9E1, 0xFA01, 0xF1C1, 0xF140, 0xE8C0, 0xE880, 0xE0A0,
  0xE0C0, 0xE0C0, 0xE0A0, 0xE0A0, 0xE0A0, 0xE0C0, 0xE0E1, 0xD901, 0xC8E1, 0xA861, 0x8820, 0x7800, 0x7000, 0x6800, 0x6800, 0x7145,
  0x6061, 0x5000, 0x4000, 0x3000, 0x2000, 0x1800, 0x1000, 0x0800, 0x0800, 0x0800, 0x0800, 0x0800, 0x0800, 0x1000, 0x2000, 0x4800,
  0x6800, 0x7800, 0x6800, 0x5000, 0x3020, 0x2841, 0x2061, 0x1861, 0x1861, 0x1061, 0x1861, 0x1861, 0x1020, 0x1860, 0x2880, 0x30C0,
  0x7208, 0x9208, 0xAA29, 0xBA6A, 0xBAAB, 0xB2EC, 0xF140, 0xF160, 0xF9C1, 0xFA21, 0xFA01, 0xF181, 0xE900, 0xE8A0, 0xE080, 0xE0C0,
  0xE0E1, 0xE0C0, 0xE0C0, 0xE0E0, 0xE8E0, 0xE8E0, 0xE101, 0xD902, 0xC0C1, 0xA860, 0x8800, 0x7800, 0x7800, 0x7800, 0x7800, 0x7145,
  0x6061, 0x5000, 0x3800, 0x2800, 0x2000, 0x1800, 0x1000, 0x0800, 0x0800, 0x0800, 0x0800, 0x0800, 0x0800, 0x0800, 0x2000, 0x4800,
  0x7000, 0x8000, 0x7000, 0x5000, 0x3820, 0x2841, 0x1841, 0x1841, 0x1041, 0x1061, 0x1882, 0x2040, 0x1820, 0x1840, 0x2880, 0x30C0,
  0x7A08, 0x9229, 0xAA49, 0xBA8A, 0xB2CB, 0xAB0C, 0xF160, 0xF1C1, 0xFA21, 0xFA62, 0xF201, 0xE941, 0xE8C0, 0xE060, 0xE080, 0xE0C1,
  0xE0E1, 0xE0E0, 0xE0E0, 0xE920, 0xE920, 0xE900, 0xE901, 0xD8E1, 0xC0A1, 0xA840, 0x9000, 0x8800, 0x8800, 0x8820, 0x8820, 0x7165,
  0x5862, 0x4820, 0x3800, 0x2800, 0x2000, 0x1000, 0x1000, 0x0800, 0x0800, 0x0800, 0x0800, 0x0800, 0x0800, 0x1000, 0x2000, 0x4800,
  0x7000, 0x8000, 0x7800, 0x5800, 0x3820, 0x2820, 0x1841, 0x1041, 0x1041, 0x1861, 0x2082, 0x28A2, 0x2040, 0x2060, 0x28A0, 0x30C0,
  0x7A29, 0x9A49, 0xAA8A, 0xB2CB, 0xB2EC, 0xF1A0, 0xF180, 0xFA01, 0xFA82, 0xFA62, 0xF1C1, 0xE900, 0xE080, 0xD860, 0xD880, 0xE0C1,
  0xE101, 0xE900, 0xE920, 0xE960, 0xF160, 0xE920, 0xE0E1, 0xD8C1, 0xC081, 0xA820, 0xA000, 0x9800, 0x9820, 0x9820, 0x9840, 0x7166,
  0x5882, 0x4000, 0x3000, 0x2800, 0x2000, 0x1800, 0x1000, 0x0800, 0x0800, 0x0800, 0x0800, 0x0800, 0x0800, 0x0800, 0x2000, 0x4800,
  0x7000, 0x8800, 0x7800, 0x6000, 0x4000, 0x2820, 0x1841, 0x1861, 0x1861, 0x1882, 0x1882, 0x20A2, 0x2040, 0x2860, 0x30A0, 0x38C0,
  0x7A49, 0x9A6A, 0xAAAB, 0xAAEC, 0xFA41, 0xF1A0, 0xF9C1, 0xFA61, 0xFAA2, 0xF262, 0xE981, 0xE0C0, 0xD860, 0xD840, 0xD880, 0xE0E1,
  0xE901, 0xE941, 0xE981, 0xF1A1, 0xF180, 0xE920, 0xE0E0, 0xD0A1, 0xC060, 0xB020, 0xA800, 0xA800, 0xA820, 0xA840, 0xA060, 0x7186,
  0x5082, 0x4020, 0x3000, 0x2800, 0x2000, 0x1800, 0x1000, 0x1000, 0x0800, 0x0800, 0x0800, 0x0800, 0x0800, 0x1000, 0x2000, 0x4000,
  0x7000, 0x8000, 0x7800, 0x6000, 0x4000, 0x2820, 0x2041, 0x1861, 0x1882, 0x1882, 0x1882, 0x2840, 0x2040, 0x2880, 0x30C0, 0x38E1,
  0x826A, 0x9AAB, 0xA2CC, 0xA30C, 0xFA21, 0xF1C0, 0xFA21, 0xFAA1, 0xFAA2, 0xF221, 0xE941, 0xE080, 0xD860, 0xD860, 0xD8A0, 0xE0E0,
  0xE920, 0xE961, 0xF1C1, 0xF1E1, 0xF1A0, 0xE900, 0xE0A0, 0xD060, 0xC040, 0xB820, 0xB820, 0xB820, 0xB040, 0xB060, 0xA860, 0x7186,
  0x5082, 0x4020, 0x3000, 0x2800, 0x2000, 0x1800, 0x1800, 0x1000, 0x1000, 0x1000, 0x1000, 0x1000, 0x1000, 0x1000, 0x2000, 0x4000,
  0x6800, 0x8000, 0x7800, 0x6000, 0x4000, 0x3020, 0x2041, 0x1861, 0x1882, 0x1882, 0x1882, 0x1882, 0x2860, 0x3080, 0x38C0, 0x38E1,
  0x828B, 0x92CB, 0x9AEC, 0xFA81, 0xF201, 0xF9E0, 0xFA61, 0xFAC1, 0xFA82, 0xF1C1, 0xE900, 0xE080, 0xD860, 0xD880, 0xE0A0, 0xE0E0,
  0xE920, 0xE981, 0xF1E1, 0xF1E1, 0xE980, 0xE8E0, 0xE080, 0xD060, 0xC020, 0xB820, 0xB820, 0xB840, 0xB840, 0xA860, 0xA060, 0x7186,
  0x5882, 0x4020, 0x3800, 0x3000, 0x2800, 0x2000, 0x1800, 0x1800, 0x1000, 0x1000, 0x1000, 0x1000, 0x1000, 0x1000, 0x2000, 0x3800,
  0x6000, 0x7800, 0x7800, 0x6000, 0x4800, 0x3020, 0x2841, 0x2061, 0x1882, 0x18A2, 0x1882, 0x3080, 0x3080, 0x30A0, 0x38C1, 0x38E1,
  0x82CB, 0x92EC, 0x9B0D, 0xFA61, 0xF1E0, 0xFA20, 0xFAA1, 0xFAC1, 0xF261, 0xE9A1, 0xE100, 0xD8A0, 0xD8A0, 0xD8A0, 0xE0C0, 0xE8E0,
  0xE940, 0xF1C1, 0xF201, 0xF1E0, 0xE940, 0xE0C0, 0xD880, 0xC840, 0xC020, 0xB820, 0xC040, 0xB840, 0xB040, 0xA840, 0x9840, 0x7186,
  0x5882, 0x4820, 0x3800, 0x3000, 0x2800, 0x2800, 0x2000, 0x1800, 0x1800, 0x1800, 0x1800, 0x1800, 0x1800, 0x1000, 0x1800, 0x3800,
  0x5800, 0x7000, 0x7000, 0x6000, 0x4820, 0x3820, 0x2841, 0x2061, 0x1882, 0x1882, 0x1882, 0x3080, 0x3080, 0x30A1, 0x38C1, 0x38E1,
  0x82EC, 0x8B0D, 0xF2C1, 0xFA41, 0xF200, 0xFA41, 0xFAA1, 0xFAA1, 0xF221, 0xE981, 0xE100, 0xE0E0, 0xE0C0, 0xE0C0, 0xE0C0, 0xE900,
  0xE961, 0xF1E1, 0xF201, 0xE9A0, 0xE900, 0xE0A0, 0xD860, 0xC820, 0xB820, 0xB820, 0xB840, 0xB840, 0xA840, 0x9840, 0x9020, 0x7986,
  0x6082, 0x5020, 0x4000, 0x3800, 0x3000, 0x2800, 0x2000, 0x2000, 0x1800, 0x2000, 0x2000, 0x2000, 0x1800, 0x1000, 0x1800, 0x3000,
  0x5000, 0x6800, 0x7000, 0x6000, 0x4820, 0x3820, 0x3041, 0x2061, 0x2082, 0x1882, 0x1862, 0x1861, 0x3080, 0x30A1, 0x38E1, 0x38E1,
  0x830D, 0x8B2D, 0xF2A1, 0xF220, 0xF220, 0xFA81, 0xFAC1, 0xFA61, 0xF201, 0xE981, 0xE141, 0xE121, 0xE101, 0xE0E0, 0xE8E0, 0xE900,
  0xE981, 0xF1E1, 0xF1E0, 0xE940, 0xE0C0, 0xE080, 0xD840, 0xC020, 0xB820, 0xB840, 0xB860, 0xB840, 0xA020, 0x9020, 0x8820, 0x7966,
  0x6082, 0x5020, 0x4800, 0x4000, 0x3800, 0x3000, 0x2800, 0x2000, 0x2000, 0x2800, 0x2800, 0x2800, 0x2000, 0x1000, 0x1800, 0x2800,
  0x4800, 0x6800, 0x7000, 0x6000, 0x5000, 0x4020, 0x3041, 0x2861, 0x2082, 0x1882, 0x1861, 0x2860, 0x2880, 0x30A1, 0x38E1, 0x4101,
  0x832D, 0x834E, 0x8B6E, 0xF220, 0xF240, 0xFAA1, 0xFAA1, 0xFA41, 0xF1E1, 0xE9C1, 0xE981, 0xE161, 0xE921, 0xE900, 0xE900, 0xE921,
  0xE9A1, 0xE9C1, 0xE980, 0xE100, 0xE080, 0xE060, 0xD040, 0xC020, 0xB020, 0xB840, 0xC060, 0xB040, 0xA020, 0x9020, 0x8820, 0x7965,
  0x6882, 0x5820, 0x5000, 0x4800, 0x4000, 0x3800, 0x3000, 0x3000, 0x3000, 0x3000, 0x3000, 0x3000, 0x2000, 0x1000, 0x1800, 0x2800,
  0x4800, 0x6800, 0x7000, 0x6800, 0x5000, 0x4020, 0x3040, 0x2841, 0x2061, 0x1861, 0x1861, 0x2040, 0x2880, 0x30C1, 0x38E1, 0x4101,
  0x7B4E, 0x836E, 0xF261, 0xF240, 0xF280, 0xFAC0, 0xFAA0, 0xFA40, 0xF221, 0xF201, 0xE9E1, 0xE981, 0xE941, 0xE920, 0xE100, 0xE141,
  0xE981, 0xE980, 0xE120, 0xE0A0, 0xE060, 0xE040, 0xD040, 0xC020, 0xB820, 0xC040, 0xC040, 0xB840, 0xA020, 0x9000, 0x9AAA, 0x7945,
  0x6061, 0x5800, 0x5000, 0x5000, 0x4800, 0x4000, 0x4000, 0x3800, 0x3800, 0x3800, 0x3800, 0x3000, 0x2000, 0x1000, 0x1000, 0x2800,
  0x4800, 0x6800, 0x7800, 0x7000, 0x5800, 0x4820, 0x3040, 0x2841, 0x1841, 0x1841, 0x1841, 0x1841, 0x2880, 0x30C1, 0x38E1, 0x4101,
  0x7B6E, 0x836F, 0xF241, 0xF260, 0xFAC0, 0xFAC0, 0xFA80, 0xF241, 0xF241, 0xF241, 0xF1E1, 0xE981, 0xE941, 0xE100, 0xE100, 0xD920,
  0xE160, 0xE140, 0xE0C0, 0xE060, 0xE040, 0xD840, 0xD040, 0xC020, 0xC040, 0xC840, 0xC840, 0xB820, 0xA820, 0x9000, 0x8000, 0x7125,
  0x6061, 0x5800, 0x5000, 0x5800, 0x5800, 0x5000, 0x4800, 0x4800, 0x4000, 0x4000, 0x3800, 0x3000, 0x2000, 0x1800, 0x1000, 0x2800,
  0x4800, 0x6800, 0x7800, 0x7000, 0x6000, 0x4820, 0x3840, 0x2841, 0x1841, 0x1841, 0x1020, 0x3080, 0x3080, 0x30C1, 0x38E1, 0x3901,
  0x7B8F, 0x838F, 0xF260, 0xF2A0, 0xFAE0, 0xFAC0, 0xFA80, 0xFA81, 0xF2A1, 0xF281, 0xF1E1, 0xE961, 0xE920, 0xE0E0, 0xD8E0, 0xD900,
  0xD920, 0xE100, 0xD8A0, 0xD840, 0xE040, 0xE060, 0xD040, 0xC040, 0xC020, 0xC840, 0xC840, 0xC020, 0xA820, 0x9000, 0x8A49, 0x6904,
  0x5841, 0x5000, 0x5800, 0x6000, 0x6000, 0x5800, 0x5000, 0x4800, 0x4800, 0x4000, 0x3800, 0x2800, 0x2000, 0x1800, 0x1800, 0x2000,
  0x4000, 0x6800, 0x7800, 0x7800, 0x6000, 0x4820, 0x3840, 0x2840, 0x1840, 0x1040, 0x1020, 0x1820, 0x30A0, 0x30A0, 0x30C1, 0x38E1,
  0x7B8F, 0xE261, 0xF2A1, 0xF301, 0xFB00, 0xFAC0, 0xFAA1, 0xFAC1, 0xF2C1, 0xF261, 0xF1C1, 0xE940, 0xE0E0, 0xD0C0, 0xC8C0, 0xD0E0,
  0xD8E0, 0xD8C0, 0xD880, 0xE040, 0xE060, 0xD880, 0xD060, 0xC040, 0xC020, 0xC820, 0xC820, 0xC020, 0xA820, 0x9000, 0x8228, 0x60E4,
  0x5041, 0x5800, 0x6000, 0x6000, 0x6000, 0x6000, 0x5000, 0x4800, 0x4000, 0x3800, 0x3000, 0x2800, 0x1800, 0x1800, 0x1800, 0x2000,
  0x4000, 0x6000, 0x7800, 0x7800, 0x6000, 0x4820, 0x3020, 0x2040, 0x1840, 0x1840, 0x1820, 0x50E0, 0x38A0, 0x28A0, 0x30C0, 0x38E1,
  0x7BAF, 0xE281, 0xF2E1, 0xFB41, 0xFB20, 0xFAE0, 0xFAE1, 0xFB21, 0xF2E2, 0xF221, 0xE980, 0xE900, 0xD8C0, 0xC880, 0xC080, 0xC8C0,
  0xD8E0, 0xD8C0, 0xD880, 0xE060, 0xE080, 0xD880, 0xC860, 0xB820, 0xB820, 0xB820, 0xC020, 0xB820, 0xA020, 0x9000, 0x79E8, 0x58C3,
  0x5041, 0x5800, 0x6000, 0x6800, 0x6000, 0x5800, 0x4800, 0x4000, 0x3800, 0x3000, 0x2800, 0x2000, 0x1800, 0x1000, 0x1000, 0x2000,
  0x3800, 0x6000, 0x7800, 0x7800, 0x6800, 0x4800, 0x3020, 0x2040, 0x1840, 0x1841, 0x1841, 0x58E0, 0x38A0, 0x30A0, 0x30A0, 0x38E1,
  0xD261, 0xE2C1, 0xF341, 0xFB61, 0xFB21, 0xFB01, 0xFB41, 0xFB42, 0xF2C1, 0xF1E1, 0xE920, 0xE0C0, 0xD080, 0xC060, 0xC080, 0xC8C0,
  0xD8E0, 0xD8C0, 0xE0A0, 0xE080, 0xE080, 0xD080, 0xB840, 0xB020, 0xA820, 0xB020, 0xB020, 0xA820, 0x9820, 0x8800, 0x71C7, 0x60C3,
  0x5841, 0x5800, 0x6000, 0x6000, 0x5800, 0x4800, 0x4000, 0x3000, 0x2800, 0x2800, 0x2000, 0x2000, 0x1800, 0x1000, 0x1000, 0x2000,
  0x3800, 0x5800, 0x7000, 0x7800, 0x6800, 0x4800, 0x3020, 0x2840, 0x2041, 0x1861, 0x1861, 0x1841, 0x40A0, 0x38A0, 0x30C0, 0x38E1,
  0xD281, 0xEB21, 0xF381, 0xFB61, 0xFB21, 0xFB41, 0xFB81, 0xFB41, 0xF261, 0xF180, 0xE900, 0xD8A0, 0xC060, 0xB860, 0xC080, 0xD0E0,
  0xD920, 0xE100, 0xE0C0, 0xE0A0, 0xD880, 0xC860, 0xB020, 0xA020, 0xA020, 0xA020, 0xA820, 0xA020, 0x9020, 0x8820, 0x7186, 0x60A2,
  0x5820, 0x5800, 0x5800, 0x5000, 0x4800, 0x4000, 0x3000, 0x2800, 0x2000, 0x2000, 0x1800, 0x1800, 0x1800, 0x1000, 0x1000, 0x1800,
  0x3000, 0x5000, 0x6800, 0x7800, 0x6800, 0x5000, 0x3820, 0x2840, 0x2061, 0x2061, 0x2061, 0x1861, 0x48C0, 0x40C0, 0x38E1, 0x38E1,
  0xD2C1, 0xEB61, 0xF3A1, 0xF361, 0xFB41, 0xFB81, 0xFBA2, 0xF301, 0xF200, 0xE940, 0xE0E0, 0xC880, 0xB840, 0xB860, 0xC8C0, 0xD920,
  0xE161, 0xE140, 0xE100, 0xE0A0, 0xD880, 0xC040, 0xA820, 0xA020, 0x9820, 0x9820, 0x9820, 0x9020, 0x8820, 0x8840, 0x7166, 0x6082,
  0x6020, 0x5800, 0x5000, 0x4800, 0x3800, 0x3000, 0x2800, 0x2000, 0x1800, 0x1800, 0x1800, 0x1800, 0x1000, 0x0800, 0x0800, 0x1000,
  0x2800, 0x4800, 0x6000, 0x7000, 0x6800, 0x5800, 0x4020, 0x3041, 0x2861, 0x2861, 0x2061, 0x58E0, 0x48E0, 0x40E0, 0x40E1, 0x4101,
  0xD321, 0xEBA1, 0xF3A1, 0xF381, 0xFBA1, 0xFBC2, 0xFB81, 0xF2C1, 0xF1C0, 0xE920, 0xD8C0, 0xC080, 0xB860, 0xC0A0, 0xD120, 0xE181,
  0xE1A1, 0xE960, 0xE900, 0xE0A0, 0xD080, 0xB840, 0xA840, 0xA040, 0x9840, 0x9820, 0x9020, 0x8820, 0x8820, 0x8A6A, 0x7145, 0x6882,
  0x5820, 0x5000, 0x4800, 0x3800, 0x3000, 0x2800, 0x2000, 0x1800, 0x1800, 0x1800, 0x1000, 0x1000, 0x0800, 0x0800, 0x0800, 0x1000,
  0x2000, 0x4000, 0x6000, 0x7000, 0x7000, 0x6000, 0x4820, 0x3841, 0x3061, 0x2861, 0x2861, 0x2061, 0x40E0, 0x40E0, 0x40E1, 0x40E1,
  0xD361, 0xEBA1, 0xF3A1, 0xF3A1, 0xFBC1, 0xFBE2, 0xF341, 0xF261, 0xE9A0, 0xE120, 0xD0C0, 0xC080, 0xC0A0, 0xC900, 0xD981, 0xE1E1,
  0xE9C1, 0xE980, 0xE900, 0xE0C0, 0xD080, 0xC080, 0xB080, 0xA880, 0x9860, 0x9040, 0x8820, 0x8820, 0x9040, 0x9860, 0x7124, 0x6061,
  0x5800, 0x4800, 0x3800, 0x3000, 0x2800, 0x2000, 0x2000, 0x1800, 0x1800, 0x1000, 0x1000, 0x1000, 0x0800, 0x0800, 0x0800, 0x0800,
  0x1800, 0x3800, 0x5800, 0x7000, 0x7800, 0x6800, 0x5820, 0x4040, 0x3861, 0x3061, 0x2881, 0x2882, 0x38C0, 0x38E0, 0x40E0, 0x40E1,
  0xD362, 0xEBA2, 0xF3A1, 0xF3C1, 0xFC02, 0xF3C1, 0xF2E1, 0xF200, 0xE980, 0xE120, 0xD0E0, 0xC8C0, 0xC900, 0xD980, 0xE1E1, 0xEA01,
  0xE9E1, 0xE980, 0xE900, 0xD8C0, 0xD0C0, 0xC0C0, 0xB8C0, 0xA8A0, 0x9860, 0x8840, 0x8020, 0x8020, 0x9040, 0x8208, 0x68E4, 0x5841,
  0x4800, 0x4000, 0x3000, 0x2800, 0x2000, 0x2000, 0x1800, 0x1800, 0x1000, 0x1000, 0x1000, 0x0800, 0x0800, 0x0800, 0x0000, 0x0800,
  0x1800, 0x3000, 0x5800, 0x7000, 0x8000, 0x7800, 0x6020, 0x4840, 0x3861, 0x3081, 0x2881, 0x3080, 0x38A0, 0x38C0, 0x38E0, 0x38E1,
  0xD362, 0xE3A2, 0xF3C1, 0xF402, 0xF402, 0xF361, 0xF281, 0xE9E0, 0xE9A0, 0xD940, 0xD100, 0xC900, 0xD160, 0xE1E0, 0xEA21, 0xEA21,
  0xE9E0, 0xE960, 0xE120, 0xD900, 0xD101, 0xC901, 0xC0E0, 0xB0A0, 0x9060, 0x8020, 0x7820, 0x8020, 0x8840, 0x71C7, 0x58C3, 0x4841,
  0x4000, 0x3000, 0x2800, 0x2800, 0x2000, 0x1800, 0x1800, 0x1800, 0x1000, 0x0800, 0x0800, 0x0800, 0x0800, 0x0000, 0x0800, 0x0800,
  0x1800, 0x3000, 0x5000, 0x7000, 0x8000, 0x8000, 0x6800, 0x5040, 0x4061, 0x3081, 0x2881, 0x2081, 0x30A0, 0x38C0, 0x38E0, 0x38E1,
  0xD362, 0xE3A2, 0xF3E2, 0xF401, 0xF3C1, 0xF2E1, 0xF240, 0xE9E0, 0xE9C0, 0xD960, 0xD120, 0xD940, 0xD9C0, 0xE221, 0xEA21, 0xEA01,
  0xE9C0, 0xE940, 0xE121, 0xE141, 0xD921, 0xD101, 0xC0C0, 0xA880, 0x9040, 0x7800, 0x7000, 0x7820, 0x8020, 0x6186, 0x48A2, 0x4021,
  0x3000, 0x3000, 0x2800, 0x2000, 0x2000, 0x1800, 0x1800, 0x1000, 0x1000, 0x0800, 0x0800, 0x0800, 0x0800, 0x0800, 0x0800, 0x0800,
  0x1800, 0x3000, 0x5000, 0x7000, 0x8000, 0x8000, 0x7020, 0x5820, 0x4041, 0x3061, 0x2861, 0x2061, 0x30A0, 0x30C0, 0x30C0, 0x30C1,
  0xD362, 0xE3C2, 0xF401, 0xF3E1, 0xF341, 0xF280, 0xF220, 0xEA00, 0xE9E0, 0xE180, 0xD940, 0xD980, 0xE1E0, 0xEA01, 0xEA01, 0xE9C0,
  0xF160, 0xE920, 0xE121, 0xD941, 0xD921, 0xC8E0, 0xB8A0, 0xA040, 0x8820, 0x7800, 0x7000, 0x7800, 0x7A6A, 0x5945, 0x4082, 0x3020,
  0x3000, 0x2800, 0x2800, 0x2000, 0x2000, 0x1800, 0x1000, 0x1000, 0x0800, 0x0800, 0x0800, 0x0800, 0x0800, 0x0800, 0x0800, 0x0800,
  0x1800, 0x2800, 0x4800, 0x6800, 0x8000, 0x8800, 0x7800, 0x6020, 0x4040, 0x3041, 0x2041, 0x1841, 0x1041, 0x30C0, 0x30C0, 0x30C1,
  0xD362, 0xE3C2, 0xF401, 0xF3A1, 0xF2E0, 0xF260, 0xF240, 0xF240, 0xE9E0, 0xE160, 0xE160, 0xE1A0, 0xE9C0, 0xE9E0, 0xE9A0, 0xE960,
  0xE920, 0xE900, 0xE101, 0xD901, 0xD0E0, 0xC0A0, 0xB060, 0x9820, 0x8800, 0x7800, 0x7000, 0x7800, 0x6A08, 0x4904, 0x3861, 0x3020,
  0x2800, 0x2800, 0x2800, 0x2000, 0x2000, 0x1800, 0x1000, 0x1000, 0x0800, 0x0800, 0x0800, 0x0800, 0x0800, 0x0800, 0x0800, 0x0800,
  0x1000, 0x2800, 0x4000, 0x6000, 0x7800, 0x8000, 0x7800, 0x6000, 0x4820, 0x3020, 0x2020, 0x1820, 0x30A0, 0x30C0, 0x30C0, 0x30A0,
  0xD362, 0xE3C2, 0xF3C1, 0xF321, 0xF2A0, 0xF280, 0xF280, 0xEA40, 0xE9C0, 0xE160, 0xE160, 0xE980, 0xE980, 0xE980, 0xE960, 0xE900,
  0xE8C0, 0xE0C0, 0xD8E0, 0xD0C0, 0xC8A0, 0xB860, 0xA820, 0x9820, 0x8820, 0x7820, 0x7820, 0x8020, 0x59A7, 0x40C3, 0x3041, 0x2800,
  0x2800, 0x2800, 0x2800, 0x2000, 0x2000, 0x1800, 0x1000, 0x1000, 0x0800, 0x0800, 0x0800, 0x0800, 0x0800, 0x0800, 0x0800, 0x0800,
  0x1000, 0x2000, 0x3800, 0x5800, 0x7000, 0x7800, 0x7800, 0x6000, 0x4800, 0x3020, 0x2020, 0x1840, 0x30A0, 0x30C0, 0x30C0, 0x30C0,
  0xD382, 0xE3C1, 0xEB61, 0xF2E0, 0xF2A0, 0xF2C0, 0xF2C0, 0xEA40, 0xE9C0, 0xE160, 0xE940, 0xE940, 0xE940, 0xE920, 0xE900, 0xE8A0,
  0xE080, 0xD880, 0xD080, 0xC880, 0xC060, 0xB840, 0xA820, 0x9820, 0x8820, 0x8020, 0x8020, 0x726A, 0x5145, 0x3882, 0x3020, 0x2800,
  0x2800, 0x2800, 0x2800, 0x2000, 0x2000, 0x1800, 0x1000, 0x1000, 0x1000, 0x0800, 0x0800, 0x0800, 0x0800, 0x0800, 0x0800, 0x0800,
  0x1000, 0x1800, 0x3000, 0x4800, 0x6800, 0x7800, 0x7800, 0x6800, 0x5000, 0x3800, 0x2820, 0x2041, 0x1861, 0x30C0, 0x30C0, 0x30C0,
  0xD382, 0xE381, 0xEB00, 0xF2C0, 0xF2E0, 0xF300, 0xF2C1, 0xEA20, 0xE980, 0xE940, 0xE920, 0xE900, 0xE900, 0xE8E0, 0xE8A0, 0xE060,
  0xD860, 0xD060, 0xD060, 0xC840, 0xC040, 0xB020, 0xA020, 0x9820, 0x8820, 0x8020, 0x8840, 0x6208, 0x4904, 0x3861, 0x3020, 0x2800,
  0x2800, 0x2800, 0x2000, 0x2000, 0x1800, 0x1800, 0x1800, 0x1000, 0x1000, 0x1000, 0x1000, 0x1000, 0x0800, 0x0800, 0x0800, 0x0800,
  0x1000, 0x1800, 0x2800, 0x4000, 0x5800, 0x7000, 0x7000, 0x7000, 0x5800, 0x4800, 0x3020, 0x2841, 0x30A0, 0x30C0, 0x30C0, 0x30A0,
  0xD341, 0xE321, 0xF2E0, 0xF300, 0xF320, 0xF321, 0xF2C1, 0xF220, 0xE980, 0xE920, 0xE900, 0xE8E0, 0xE8C0, 0xE880, 0xE040, 0xD840,
  0xD840, 0xD040, 0xC840, 0xC040, 0xB840, 0xB020, 0xA020, 0x9840, 0x9040, 0x8840, 0x9040, 0x5186, 0x38A3, 0x3040, 0x2800, 0x2000,
  0x2000, 0x2000, 0x1800, 0x1800, 0x1800, 0x1800, 0x1800, 0x1800, 0x1000, 0x1000, 0x1000, 0x1000, 0x1000, 0x0800, 0x0800, 0x0800,
  0x0800, 0x1000, 0x2000, 0x3000, 0x5000, 0x6800, 0x7000, 0x7000, 0x6800, 0x5800, 0x4020, 0x3041, 0x30A0, 0x30C0, 0x30A0, 0x28A0,
  0xD321, 0xE301, 0xF320, 0xF361, 0xFB81, 0xF341, 0xF2A0, 0xF200, 0xF160, 0xE900, 0xE8E0, 0xE8C0, 0xE880, 0xE040, 0xD820, 0xD820,
  0xD020, 0xC820, 0xC820, 0xC020, 0xB840, 0xB020, 0xA040, 0x9840, 0x9840, 0x9860, 0x6229, 0x4924, 0x3062, 0x2820, 0x2000, 0x2000,
  0x1800, 0x1800, 0x1800, 0x1800, 0x1800, 0x1800, 0x1800, 0x1800, 0x1800, 0x1000, 0x1000, 0x1000, 0x1000, 0x0800, 0x0800, 0x0800,
  0x0800, 0x1000, 0x1800, 0x2800, 0x4000, 0x6000, 0x7000, 0x7800, 0x7800, 0x6800, 0x5020, 0x4040, 0x30A0, 0x30A0, 0x28A0, 0x28A0,
  0xDB01, 0xEB21, 0xF361, 0xF3A1, 0xFBA1, 0xF341, 0xF280, 0xF1E0, 0xF160, 0xE900, 0xE8E0, 0xE8A0, 0xE060, 0xD840, 0xD820, 0xD020,
  0xD020, 0xC840, 0xC020, 0xC020, 0xB840, 0xB040, 0xA840, 0xA040, 0xA060, 0xA880, 0x51A7, 0x38C3, 0x2841, 0x2000, 0x2000, 0x1800,
  0x1800, 0x1000, 0x1000, 0x1000, 0x1800, 0x1800, 0x1800, 0x1800, 0x1800, 0x1000, 0x1000, 0x1000, 0x0800, 0x0800, 0x0800, 0x0800,
  0x0800, 0x0800, 0x1000, 0x2000, 0x3800, 0x5800, 0x7000, 0x8000, 0x8000, 0x7800, 0x6020, 0x5020, 0x30A0, 0x30A0, 0x28A0, 0x2880,
  0xDB01, 0xEB61, 0xF3C1, 0xFC01, 0xFBC1, 0xF321, 0xF280, 0xF1E0, 0xE960, 0xE900, 0xE8E0, 0xE080, 0xD860, 0xD840, 0xD840, 0xD860,
  0xD060, 0xC840, 0xC020, 0xB820, 0xB840, 0xB040, 0xA840, 0xA860, 0xB060, 0x6229, 0x4125, 0x3082, 0x2020, 0x1800, 0x1800, 0x1800,
  0x1000, 0x1000, 0x1000, 0x1000, 0x1000, 0x1800, 0x1800, 0x1800, 0x1000, 0x1000, 0x1000, 0x1000, 0x0800, 0x0800, 0x0800, 0x0800,
  0x0800, 0x0800, 0x1000, 0x2000, 0x3800, 0x5000, 0x7000, 0x8000, 0x8800, 0x8000, 0x7000, 0x6020, 0x30A0, 0x30A0, 0x28A0, 0x28A0,
  0xDB41, 0xEBC1, 0xF421, 0xFC01, 0xFBA1, 0xF300, 0xF260, 0xF1C0, 0xE960, 0xE920, 0xE0C0, 0xD880, 0xD840, 0xD860, 0xD880, 0xD8A0,
  0xD080, 0xC860, 0xC040, 0xC040, 0xB840, 0xB060, 0xB060, 0xB080, 0xB8A0, 0x51A6, 0x38C3, 0x2841, 0x2000, 0x1800, 0x1800, 0x1800,
  0x1000, 0x1000, 0x1000, 0x1000, 0x1000, 0x1000, 0x1000, 0x1000, 0x1000, 0x1000, 0x1000, 0x0800, 0x0800, 0x0800, 0x0800, 0x0800,
  0x0800, 0x0800, 0x1000, 0x2000, 0x3800, 0x5000, 0x6800, 0x8000, 0x8800, 0x8800, 0x8000, 0x30A0, 0x30A0, 0x30A0, 0x28A0, 0x28A0,
  0xDB81, 0xEC01, 0xF441, 0xFC01, 0xFB80, 0xF2E0, 0xF260, 0xF1E0, 0xE980, 0xE120, 0xE0C0, 0xD880, 0xD880, 0xD8C0, 0xE0E0, 0xD8E0,
  0xD0A0, 0xC860, 0xC840, 0xC040, 0xB860, 0xB860, 0xB080, 0xB8A0, 0x5A08, 0x4104, 0x2882, 0x2020, 0x1800, 0x1800, 0x1800, 0x1800,
  0x1000, 0x1000, 0x1000, 0x1000, 0x1000, 0x1000, 0x1000, 0x1000, 0x1000, 0x0800, 0x0800, 0x0800, 0x0800, 0x0800, 0x0800, 0x0800,
  0x0800, 0x0800, 0x1000, 0x2000, 0x3000, 0x5000, 0x6800, 0x7800, 0x8800, 0x8800, 0x8000, 0x30A0, 0x30A0, 0x30A0, 0x28A0, 0x28A0,
  0xDBE2, 0xEC21, 0xF421, 0xF3E1, 0xF360, 0xF2E0, 0xF260, 0xE9E0, 0xE980, 0xE100, 0xD8A0, 0xD8A0, 0xE0E0, 0xE140, 0xE140, 0xD900,
  0xD8A0, 0xD080, 0xC880, 0xC860, 0xB860, 0xB880, 0xB8A0, 0x626A, 0x4965, 0x30A2, 0x2041, 0x1800, 0x1800, 0x1800, 0x1800, 0x1000,
  0x1000, 0x1000, 0x1000, 0x1000, 0x1000, 0x1000, 0x1000, 0x1000, 0x1000, 0x0800, 0x0800, 0x0800, 0x0800, 0x0800, 0x0800, 0x0800,
  0x0800, 0x0800, 0x1000, 0x2000, 0x3000, 0x4800, 0x6000, 0x7000, 0x8000, 0x8800, 0x8800, 0x30A0, 0x30A0, 0x30A0, 0x30A0, 0x2880,
  0xDBE2, 0xEC21, 0xF401, 0xF3A0, 0xF340, 0xF2C0, 0xEA60, 0xE9C0, 0xE140, 0xD8C0, 0xD8C0, 0xE100, 0xE180, 0xE9A1, 0xE180, 0xE100,
  0xD8C0, 0xD8C0, 0xD0A0, 0xC8A0, 0xC0A0, 0xB8A0, 0x72AB, 0x51A7, 0x38E3, 0x2861, 0x2020, 0x1800, 0x1800, 0x1800, 0x1800, 0x1000,
  0x1000, 0x1000, 0x1000, 0x1000, 0x1000, 0x1000, 0x1000, 0x1000, 0x0800, 0x0800, 0x0800, 0x0800, 0x0800, 0x0800, 0x0800, 0x0800,
  0x0800, 0x0800, 0x1000, 0x2000, 0x3000, 0x4800, 0x5800, 0x6800, 0x7800, 0x8000, 0x8000, 0x30A0, 0x30A0, 0x30A0, 0x30A0, 0x28A0,
  0xDBC1, 0xE3E1, 0xEBC0, 0xF380, 0xF320, 0xEAA0, 0xEA20, 0xE180, 0xD900, 0xD8C0, 0xE120, 0xE9A1, 0xE9E1, 0xE9E1, 0xE961, 0xE121,
  0xE121, 0xE121, 0xD901, 0xC8C0, 0xB8A0, 0xB0A0, 0x59E8, 0x4104, 0x2882, 0x2020, 0x1800, 0x1800, 0x1800, 0x1800, 0x1000, 0x1000,
  0x1000, 0x1000, 0x1000, 0x1000, 0x1000, 0x1000, 0x1000, 0x0800, 0x0800, 0x0800, 0x0800, 0x0800, 0x0800, 0x0800, 0x0800, 0x0800,
  0x0800, 0x1000, 0x1800, 0x2000, 0x3000, 0x4000, 0x5000, 0x6000, 0x7000, 0x7800, 0x7800, 0x30A0, 0x30C0, 0x30C0, 0x30A0, 0x30A0,
  0xD3A1, 0xE3A1, 0xEB80, 0xEB40, 0xEAE0, 0xEA60, 0xE1A0, 0xD920, 0xD8E0, 0xD920, 0xE9A1, 0xEA01, 0xEA01, 0xE9C1, 0xE981, 0xE981,
  0xE981, 0xE161, 0xD121, 0xC0C0, 0xB080, 0x6229, 0x4145, 0x30A2, 0x2041, 0x2000, 0x1800, 0x1800, 0x1800, 0x1800, 0x1000, 0x1000,
  0x1000, 0x1000, 0x1000, 0x1000, 0x1000, 0x1000, 0x0800, 0x0800, 0x0800, 0x0800, 0x0800, 0x0800, 0x0800, 0x0800, 0x0800, 0x0800,
  0x1000, 0x1000, 0x1800, 0x2000, 0x2800, 0x3800, 0x4800, 0x5800, 0x6000, 0x6800, 0x7000, 0x38C0, 0x38C0, 0x30C0, 0x30C0, 0x30C0,
  0xD361, 0xDB60, 0xE340, 0xEAE0, 0xEA60, 0xE1C0, 0xD920, 0xD8E0, 0xD900, 0xE180, 0xE9E1, 0xEA01, 0xE9C1, 0xE9A1, 0xE9C1, 0xE9E2,
  0xE9C1, 0xE161, 0xD100, 0xB8A0, 0xA060, 0x4966, 0x38C3, 0x2841, 0x2000, 0x2000, 0x1800, 0x1800, 0x1800, 0x1000, 0x1000, 0x1000,
  0x1800, 0x1800, 0x1000, 0x1000, 0x1000, 0x0800, 0x0800, 0x0800, 0x0800, 0x0800, 0x0800, 0x0800, 0x0800, 0x0800, 0x1000, 0x1000,
  0x1000, 0x1000, 0x1800, 0x2000, 0x2800, 0x3000, 0x4000, 0x5000, 0x5800, 0x6000, 0x40C0, 0x40E0, 0x38E0, 0x38C0, 0x30A0, 0x30A0,
  0xCB20, 0xDB20, 0xE2E0, 0xE260, 0xE1C0, 0xE120, 0xD8E0, 0xD8E0, 0xE140, 0xE1A1, 0xE9A1, 0xE1A1, 0xE181, 0xE9C1, 0xEA02, 0xF202,
  0xE9A1, 0xD941, 0xC0C0, 0x6A6A, 0x5186, 0x38C3, 0x3061, 0x2820, 0x2000, 0x1800, 0x1800, 0x1800, 0x1000, 0x1000, 0x1000, 0x1800,
  0x1800, 0x1800, 0x1000, 0x1000, 0x1000, 0x0800, 0x0800, 0x0800, 0x0800, 0x0800, 0x0800, 0x0800, 0x0800, 0x0800, 0x1000, 0x1000,
  0x1000, 0x1000, 0x1000, 0x1800, 0x2000, 0x3000, 0x3800, 0x4800, 0x5000, 0x5800, 0x48E0, 0x4100, 0x40E0, 0x38C0, 0x28A0, 0x28A0,
  0xCAE0, 0xDAC0, 0xE260, 0xE1C0, 0xE140, 0xD8E0, 0xE0E0, 0xE120, 0xE161, 0xE161, 0xE161, 0xE161, 0xE1A1, 0xEA02, 0xF202, 0xE9C1,
  0xE161, 0xD100, 0x728A, 0x5186, 0x40E3, 0x3061, 0x2820, 0x2000, 0x2000, 0x1800, 0x1800, 0x1000, 0x1000, 0x1000, 0x1000, 0x1800,
  0x1000, 0x1000, 0x1000, 0x1000, 0x1000, 0x0800, 0x0800, 0x0800, 0x0800, 0x0800, 0x0800, 0x0800, 0x0800, 0x1000, 0x1000, 0x1000,
  0x1000, 0x1000, 0x1000, 0x1800, 0x2000, 0x2800, 0x3800, 0x4000, 0x4800, 0x5000, 0x5120, 0x4901, 0x4101, 0x38E0, 0x28A0, 0x28A0,
  0xC260, 0xD220, 0xD9C0, 0xD940, 0xD900, 0xE0E0, 0xE100, 0xD900, 0xD900, 0xD900, 0xD921, 0xE181, 0xE9C1, 0xF1E1, 0xF1C1, 0xE9A0,
  0xD940, 0x726A, 0x5986, 0x40C3, 0x3861, 0x2820, 0x2000, 0x2000, 0x1800, 0x1800, 0x1000, 0x1000, 0x1000, 0x1000, 0x1000, 0x1000,
  0x1000, 0x1000, 0x1000, 0x1000, 0x1000, 0x1000, 0x1000, 0x1000, 0x1000, 0x1000, 0x1000, 0x1000, 0x0800, 0x1000, 0x1000, 0x1000,
  0x1000, 0x1000, 0x1000, 0x1000, 0x1800, 0x2800, 0x3000, 0x4000, 0x4800, 0x5000, 0x5121, 0x4921, 0x4101, 0x38E1, 0x28A0, 0x28A0,
  0xC1E0, 0xD1A0, 0xD940, 0xD900, 0xE0E0, 0xE0E0, 0xD8E0, 0xD0E0, 0xD0E0, 0xD900, 0xE141, 0xE981, 0xF1C1, 0xF1C1, 0xE9C0, 0xE180,
  0xD120, 0x5986, 0x48C3, 0x3861, 0x3020, 0x2800, 0x2000, 0x1800, 0x1800, 0x1000, 0x1000, 0x1000, 0x1000, 0x1000, 0x1000, 0x1000,
  0x1000, 0x1000, 0x1800, 0x1800, 0x2000, 0x2000, 0x2000, 0x1800, 0x1800, 0x1800, 0x1000, 0x1000, 0x1000, 0x1000, 0x1000, 0x1000,
  0x1000, 0x0800, 0x0800, 0x1000, 0x1800, 0x2000, 0x3000, 0x4000, 0x4800, 0x5000, 0x4920, 0x4901, 0x4101, 0x30C0, 0x28A0, 0x28A0,
  0xC980, 0xD140, 0xD920, 0xE100, 0xE100, 0xD8E0, 0xD8E0, 0xD8E0, 0xD900, 0xE140, 0xE980, 0xF1C0, 0xF1E0, 0xF1E0, 0xE9A0, 0x6A08,
  0x5945, 0x48C2, 0x3841, 0x3020, 0x2800, 0x2000, 0x2000, 0x1800, 0x1800, 0x1000, 0x1000, 0x1000, 0x1000, 0x1000, 0x1800, 0x1800,
  0x1800, 0x2000, 0x2800, 0x3000, 0x3000, 0x3000, 0x3000, 0x2800, 0x2000, 0x1800, 0x1800, 0x1000, 0x1000, 0x1000, 0x1000, 0x1000,
  0x0800, 0x0800, 0x0800, 0x1000, 0x1800, 0x2000, 0x3000, 0x4000, 0x4800, 0x4100, 0x4100, 0x4100, 0x38E0, 0x30C0, 0x2080, 0x2080,
  0xD120, 0xD920, 0xE120, 0xE121, 0xE121, 0xD900, 0xD900, 0xE120, 0xE940, 0xE980, 0xF1C0, 0xF200, 0xF200, 0xE9C0, 0x69C7, 0x5904,
  0x4882, 0x3841, 0x3000, 0x2800, 0x2800, 0x2000, 0x2000, 0x1800, 0x1800, 0x1800, 0x1800, 0x1800, 0x1800, 0x2000, 0x2000, 0x2800,
  0x3000, 0x3800, 0x4000, 0x4800, 0x4800, 0x4000, 0x3800, 0x3000, 0x2800, 0x2000, 0x1800, 0x1800, 0x1800, 0x1000, 0x1000, 0x0800,
  0x0800, 0x0800, 0x0800, 0x0800, 0x1800, 0x2000, 0x3000, 0x4000, 0x4800, 0x40E0, 0x40E0, 0x40E0, 0x38C0, 0x28A0, 0x2080, 0x2080,
  0xC920, 0xD920, 0xE120, 0xE141, 0xE141, 0xE141, 0xE120, 0xE140, 0xE960, 0xF1A0, 0xF1E0, 0xF220, 0xF220, 0xEA00, 0x71E7, 0x5924,
  0x50A2, 0x4041, 0x3820, 0x3000, 0x3000, 0x2800, 0x2800, 0x2800, 0x2800, 0x2800, 0x2800, 0x2800, 0x2800, 0x3000, 0x3800, 0x4000,
  0x4800, 0x5000, 0x5800, 0x5800, 0x5800, 0x5000, 0x4800, 0x4000, 0x3800, 0x3000, 0x2800, 0x2000, 0x1800, 0x1800, 0x1000, 0x1000,
  0x0800, 0x0800, 0x0800, 0x0800, 0x1000, 0x2000, 0x2800, 0x3800, 0x4800, 0x40E0, 0x40E0, 0x38E0, 0x30C0, 0x28A0, 0x28A0, 0x28A0,
  0xA100, 0xB900, 0xD120, 0xD920, 0xE141, 0xE961, 0xE961, 0xE940, 0xE940, 0xE960, 0xF1A0, 0xF200, 0xF240, 0xF260, 0xF240, 0x828A,
  0x69A6, 0x6104, 0x5082, 0x4841, 0x4820, 0x4000, 0x4000, 0x4000, 0x4000, 0x4000, 0x4000, 0x4000, 0x4000, 0x4000, 0x4800, 0x4800,
  0x5000, 0x5800, 0x6000, 0x6000, 0x6000, 0x6000, 0x5800, 0x5000, 0x4800, 0x4000, 0x3800, 0x3000, 0x2800, 0x2000, 0x1800, 0x1000,
  0x0800, 0x0800, 0x0800, 0x0800, 0x1000, 0x1800, 0x2000, 0x3000, 0x4000, 0x5000, 0x40E0, 0x38E0, 0x30C0, 0x2880, 0x2880, 0x2880,
  0x80E0, 0xA100, 0xB900, 0xC900, 0xD920, 0xE140, 0xE961, 0xE961, 0xE961, 0xE940, 0xE960, 0xE9A0, 0xF200, 0xF260, 0xF2A0, 0xF280,
  0xEA00, 0x7A28, 0x6945, 0x60A2, 0x5861, 0x5820, 0x5800, 0x5800, 0x5800, 0x5800, 0x5800, 0x5800, 0x5800, 0x5800, 0x5800, 0x5800,
  0x6000, 0x6000, 0x6800, 0x6800, 0x6800, 0x6800, 0x6000, 0x5800, 0x5000, 0x4800, 0x4000, 0x3800, 0x3000, 0x2800, 0x2000, 0x1800,
  0x1000, 0x0800, 0x0800, 0x0800, 0x0800, 0x1000, 0x1800, 0x2800, 0x3800, 0x4800, 0x40E0, 0x38C0, 0x30A0, 0x2080, 0x2080, 0x2080,
  0x70E0, 0x8900, 0xA920, 0xB920, 0xC920, 0xD920, 0xE140, 0xE960, 0xE960, 0xE140, 0xE120, 0xE940, 0xE9A0, 0xF200, 0xF280, 0xF2C1,
  0xF2A1, 0xEA20, 0x8A8A, 0x79A6, 0x7103, 0x7081, 0x6820, 0x7020, 0x7000, 0x7000, 0x7800, 0x7000, 0x7000, 0x7000, 0x7000, 0x7000,
  0x7000, 0x7000, 0x7000, 0x7000, 0x6800, 0x6800, 0x6000, 0x5800, 0x5800, 0x5000, 0x4800, 0x4000, 0x3800, 0x2800, 0x2000, 0x1800,
  0x1000, 0x0800, 0x0800, 0x0800, 0x0800, 0x1000, 0x1800, 0x2000, 0x3000, 0x4000, 0x40E0, 0x38C0, 0x28A0, 0x2060, 0x1040, 0x1040,
  0x70E0, 0x8900, 0xA120, 0xB940, 0xC940, 0xD140, 0xE140, 0xE140, 0xE140, 0xE140, 0xE120, 0xE120, 0xE140, 0xE9A0, 0xF220, 0xF280,
  0xF2C1, 0xF2A0, 0xF220, 0xE980, 0x89E7, 0x8124, 0x80A2, 0x8040, 0x8020, 0x8820, 0x8820, 0x8820, 0x8800, 0x8000, 0x8000, 0x7800,
  0x7800, 0x7800, 0x7800, 0x7800, 0x7000, 0x6800, 0x6000, 0x5800, 0x5800, 0x5800, 0x5000, 0x4800, 0x4000, 0x3000, 0x2000, 0x1800,
  0x1000, 0x1000, 0x0800, 0x0800, 0x0800, 0x0800, 0x1000, 0x1800, 0x2800, 0x3820, 0x4820, 0x38C0, 0x2880, 0x1860, 0x1040, 0x1040,
  0x7920, 0x9120, 0xA140, 0xB960, 0xC980, 0xD980, 0xD960, 0xE160, 0xE160, 0xE140, 0xD900, 0xD900, 0xD900, 0xE160, 0xE9C0, 0xF220,
  0xF280, 0xF2C1, 0xF281, 0xF1E0, 0xE940, 0x9228, 0x8944, 0x88A2, 0x8840, 0x9020, 0x9820, 0x9820, 0x9820, 0x9820, 0x9000, 0x8800,
  0x8000, 0x8000, 0x8000, 0x7800, 0x7000, 0x6800, 0x6000, 0x5800, 0x5800, 0x5800, 0x5800, 0x5000, 0x4800, 0x3800, 0x2800, 0x1800,
  0x1000, 0x1000, 0x1000, 0x0800, 0x0800, 0x1000, 0x1000, 0x1800, 0x2000, 0x3000, 0x4000, 0x38C0, 0x2880, 0x1860, 0x1020, 0x1020,
  0x8161, 0x9981, 0xA980, 0xC180, 0xD1A0, 0xD9C0, 0xE1A0, 0xE180, 0xE160, 0xE160, 0xD920, 0xD8E0, 0xD0E0, 0xD900, 0xE180, 0xE9E0,
  0xF240, 0xF281, 0xFAA1, 0xF240, 0xF1A0, 0xE900, 0xE0E0, 0x8965, 0x88C2, 0x8841, 0x9020, 0x9820, 0xA020, 0xA020, 0x9820, 0x9020,
  0x8800, 0x8800, 0x8000, 0x8000, 0x7800, 0x7000, 0x6800, 0x5800, 0x5800, 0x5800, 0x5800, 0x5800, 0x5000, 0x4000, 0x3000, 0x2800,
  0x1800, 0x1800, 0x1000, 0x1000, 0x1000, 0x1000, 0x1000, 0x1000, 0x1800, 0x2800, 0x3800, 0x38C0, 0x28A0, 0x2060, 0x1040, 0x1040,
  0x8981, 0xA1C1, 0xB9C1, 0xC9C0, 0xD9C0, 0xE1E0, 0xE9E0, 0xE9E0, 0xE1A0, 0xE160, 0xD940, 0xD100, 0xC8C0, 0xC8C0, 0xD120, 0xE180,
  0xEA00, 0xF260, 0xF281, 0xFA61, 0xF1E0, 0xF140, 0xE8E0, 0xE0E0, 0x8965, 0x80C2, 0x8841, 0x8820, 0x9020, 0x9820, 0x9820, 0x9820,
  0x9020, 0x8800, 0x8800, 0x8000, 0x8000, 0x7800, 0x6800, 0x6000, 0x5800, 0x5800, 0x5800, 0x6000, 0x5800, 0x5000, 0x4800, 0x3800,
  0x2800, 0x2000, 0x1800, 0x1800, 0x1000, 0x1000, 0x1000, 0x1000, 0x1800, 0x2000, 0x3000, 0x38C0, 0x28A0, 0x2060, 0x1840, 0x1840,
  0x9181, 0xA9E1, 0xC221, 0xD221, 0xDA00, 0xE200, 0xEA20, 0xEA20, 0xE9E0, 0xE1A0, 0xE160, 0xD120, 0xC8E0, 0xC0A0, 0xC0C0, 0xD120,
  0xE1A0, 0xEA00, 0xF240, 0xF261, 0xF221, 0xF180, 0xF100, 0xE8E0, 0x9249, 0x8145, 0x80A2, 0x8041, 0x8020, 0x8800, 0x9020, 0x9020,
  0x9020, 0x9020, 0x8800, 0x8000, 0x8000, 0x7800, 0x7000, 0x6800, 0x6000, 0x5800, 0x5800, 0x6000, 0x6000, 0x6000, 0x5800, 0x4800,
  0x4000, 0x3000, 0x2800, 0x2000, 0x1800, 0x1000, 0x1000, 0x1000, 0x1000, 0x1800, 0x2000, 0x38C0, 0x28A0, 0x2060, 0x2060, 0x2060,
  0x9180, 0xA9E1, 0xCA41, 0xDA81, 0xE281, 0xEA40, 0xEA40, 0xF240, 0xF220, 0xE9E0, 0xE180, 0xD120, 0xC8E0, 0xB8A0, 0xB080, 0xB8A0,
  0xC900, 0xD980, 0xE9E0, 0xF221, 0xF221, 0xF1A0, 0xE920, 0xE8E0, 0xE8E0, 0x9228, 0x8124, 0x7882, 0x7840, 0x7800, 0x8000, 0x8800,
  0x8800, 0x8800, 0x8800, 0x8000, 0x8000, 0x7800, 0x7000, 0x6800, 0x6000, 0x5800, 0x5800, 0x6000, 0x6000, 0x6000, 0x6000, 0x5800,
  0x5000, 0x4800, 0x3800, 0x2800, 0x2000, 0x1800, 0x1000, 0x0800, 0x0800, 0x1000, 0x1800, 0x2820, 0x2880, 0x2060, 0x2060, 0x2060,
  0x9180, 0xB1E0, 0xCA41, 0xDAA1, 0xEAE1, 0xF2C1, 0xF280, 0xF260, 0xF240, 0xEA00, 0xE1A0, 0xD920, 0xC8E0, 0xB8A0, 0xA860, 0xA860,
  0xB0A0, 0xC100, 0xD960, 0xE9C1, 0xF201, 0xF1C0, 0xE940, 0xE8E0, 0xE8C0, 0xE0E0, 0x8A08, 0x8104, 0x7861, 0x7820, 0x7800, 0x8000,
  0x8800, 0x8800, 0x8800, 0x8000, 0x8000, 0x7800, 0x7800, 0x7000, 0x6800, 0x6000, 0x6000, 0x6000, 0x6000, 0x6000, 0x6000, 0x6000,
  0x5800, 0x5000, 0x4800, 0x3800, 0x2800, 0x1800, 0x1000, 0x0800, 0x0800, 0x0800, 0x1800, 0x2020, 0x2880, 0x2060, 0x2080, 0x2080,
  0x9180, 0xB1E0, 0xCA20, 0xDAA1, 0xEB01, 0xF341, 0xF301, 0xF2C0, 0xF280, 0xF240, 0xE9C0, 0xD940, 0xD0E0, 0xC0A0, 0xB060, 0xA040,
  0xA060, 0xB0A0, 0xC8E0, 0xD961, 0xE9A1, 0xE9A1, 0xE940, 0xE8E0, 0xE0A0, 0xD8A0, 0xD0C0, 0x89C7, 0x80E3, 0x8061, 0x8020, 0x8000,
  0x8800, 0x8800, 0x8800, 0x8000, 0x7800, 0x7800, 0x7000, 0x7000, 0x6800, 0x6000, 0x6000, 0x6000, 0x6000, 0x6000, 0x6000, 0x6000,
  0x5800, 0x5800, 0x5000, 0x4000, 0x3000, 0x2000, 0x1800, 0x1000, 0x0800, 0x0800, 0x1000, 0x1820, 0x2820, 0x2060, 0x2080, 0x2080,
  0x99A0, 0xB1E0, 0xCA20, 0xDA60, 0xEAE1, 0xF362, 0xFB82, 0xFB41, 0xF2C0, 0xF260, 0xEA00, 0xE160, 0xD900, 0xC8A0, 0xB880, 0xA840,
  0xA040, 0xA860, 0xB8A0, 0xD101, 0xD941, 0xE161, 0xE120, 0xE0E0, 0xE0A0, 0xD880, 0xC880, 0xB880, 0x9186, 0x88C3, 0x8841, 0x8800,
  0x8800, 0x8800, 0x8800, 0x8000, 0x7800, 0x7000, 0x6800, 0x6800, 0x6000, 0x6000, 0x6000, 0x6000, 0x6000, 0x5800, 0x5800, 0x5000,
  0x5000, 0x5000, 0x4800, 0x4000, 0x3000, 0x2000, 0x1800, 0x1000, 0x0800, 0x0800, 0x1000, 0x1820, 0x2020, 0x1860, 0x2081, 0x2081,
  0x99A0, 0xB200, 0xCA40, 0xDA60, 0xEAA0, 0xF301, 0xF382, 0xFBA2, 0xFB41, 0xF2C0, 0xF240, 0xE9C0, 0xE120, 0xD0C0, 0xC8A0, 0xB860,
  0xB040, 0xB060, 0xB8A0, 0xC8E1, 0xD901, 0xD920, 0xE100, 0xD8C0, 0xD8A0, 0xD880, 0xC860, 0xB840, 0x9A69, 0x8945, 0x8882, 0x8820,
  0x9000, 0x9000, 0x8800, 0x8000, 0x7800, 0x6800, 0x6000, 0x6000, 0x5800, 0x5800, 0x6000, 0x6000, 0x5800, 0x5800, 0x4800, 0x4800,
  0x4000, 0x4000, 0x3800, 0x3000, 0x2800, 0x2000, 0x1800, 0x1000, 0x1000, 0x0800, 0x0800, 0x1000, 0x2020, 0x1860, 0x2081, 0x3123,
  0x99A0, 0xBA00, 0xD260, 0xDA60, 0xEA60, 0xEAA1, 0xF341, 0xF3A2, 0xFB81, 0xF301, 0xF280, 0xF200, 0xE980, 0xE120, 0xD8E0, 0xD0A0,
  0xC060, 0xB860, 0xC080, 0xC8E1, 0xD901, 0xD8E0, 0xD8C0, 0xD0A0, 0xD0A0, 0xD080, 0xD080, 0xB860, 0xA820, 0x9208, 0x8904, 0x8861,
  0x8820, 0x8800, 0x8800, 0x8000, 0x7000, 0x6000, 0x5800, 0x5000, 0x5000, 0x5000, 0x5800, 0x5800, 0x5800, 0x4800, 0x4000, 0x3800,
  0x3000, 0x3000, 0x2800, 0x2800, 0x2000, 0x2000, 0x1800, 0x1800, 0x1000, 0x1000, 0x1000, 0x1000, 0x1820, 0x1840, 0x2081, 0x3944,
  0xA1A0, 0xBA00, 0xD280, 0xE2A0, 0xEA80, 0xEA60, 0xEAA1, 0xF341, 0xF382, 0xF341, 0xF2A1, 0xF240, 0xF1E0, 0xE980, 0xE120, 0xE0E0,
  0xD0A0, 0xC880, 0xC880, 0xD0C0, 0xD901, 0xE0E0, 0xD8C0, 0xD0A0, 0xC880, 0xC880, 0xD0A0, 0xC880, 0xB060, 0xA040, 0x89A6, 0x80C3,
  0x8041, 0x8020, 0x8000, 0x7800, 0x6800, 0x5800, 0x5000, 0x4800, 0x4800, 0x4800, 0x4800, 0x5000, 0x4800, 0x4000, 0x3800, 0x3000,
  0x2800, 0x2000, 0x2000, 0x2000, 0x1800, 0x1800, 0x1800, 0x1800, 0x1800, 0x1000, 0x1000, 0x1020, 0x1820, 0x1840, 0x20A1, 0x3944,
  0xA9C0, 0xC220, 0xDA80, 0xE2C0, 0xEAE0, 0xEA80, 0xEA60, 0xF2C1, 0xF321, 0xF321, 0xF2C1, 0xF240, 0xF200, 0xF1E0, 0xE9A0, 0xE960,
  0xE100, 0xD8A0, 0xD080, 0xD8C0, 0xE100, 0xE900, 0xE0C0, 0xD0A0, 0xC880, 0xC8A0, 0xD0C0, 0xD0C0, 0xC0A0, 0xB080, 0x8A6A, 0x7945,
  0x7082, 0x7020, 0x7000, 0x6800, 0x6000, 0x5000, 0x4800, 0x3800, 0x3800, 0x3800, 0x4000, 0x4000, 0x3800, 0x3800, 0x2800, 0x2000,
  0x2000, 0x1800, 0x1800, 0x1800, 0x1800, 0x1800, 0x1820, 0x2020, 0x1820, 0x1820, 0x1020, 0x1020, 0x1820, 0x2020, 0x20A2, 0x3964,
  0xA9E0, 0xCA20, 0xDA80, 0xE2E0, 0xF320, 0xF2E0, 0xEA80, 0xEA60, 0xF2A1, 0xF301, 0xF2A1, 0xF241, 0xEA00, 0xF1E0, 0xF1E0, 0xF1C0,
  0xE980, 0xE100, 0xE0C0, 0xE0C0, 0xE900, 0xE900, 0xE8E0, 0xD8C0, 0xD0C0, 0xC8A0, 0xD0C0, 0xD100, 0xD100, 0xC0E0, 0xB080, 0x81E8,
  0x6904, 0x6061, 0x6020, 0x6000, 0x5800, 0x5000, 0x4000, 0x3800, 0x3000, 0x3000, 0x3000, 0x3000, 0x3000, 0x2800, 0x2000, 0x2000,
  0x1800, 0x1800, 0x1000, 0x1000, 0x1000, 0x1820, 0x1820, 0x2020, 0x2040, 0x2020, 0x1820, 0x1820, 0x1820, 0x2020, 0x28C2, 0x28C2,
  0xB200, 0xCA40, 0xDA80, 0xEAE0, 0xF340, 0xF340, 0xF2E0, 0xEA60, 0xEA40, 0xF281, 0xF281, 0xEA21, 0xE9C0, 0xE9C0, 0xF1E0, 0xF201,
  0xF1E1, 0xE981, 0xE100, 0xE0C0, 0xE900, 0xF121, 0xF120, 0xE901, 0xD901, 0xD101, 0xD0E0, 0xD100, 0xD140, 0xC920, 0xB8E0, 0x8AAA,
  0x7166, 0x60A2, 0x5820, 0x5800, 0x5000, 0x5000, 0x4000, 0x3800, 0x2800, 0x2800, 0x2800, 0x2800, 0x2800, 0x2000, 0x2000, 0x1800,
  0x1800, 0x1000, 0x1000, 0x1000, 0x1000, 0x1820, 0x2020, 0x2040, 0x2040, 0x2040, 0x1820, 0x1820, 0x1820, 0x2020, 0x3103, 0x3103,
  0xB200, 0xCA60, 0xE2A0, 0xEAC0, 0xF320, 0xF360, 0xF340, 0xF2C0, 0xEA40, 0xEA41, 0xEA61, 0xEA21, 0xE9A1, 0xE980, 0xE9A0, 0xF1E0,
  0xF201, 0xF1C1, 0xE940, 0xE0E0, 0xE921, 0xF161, 0xF161, 0xF141, 0xE961, 0xE161, 0xD941, 0xD120, 0xD120, 0xC920, 0xB900, 0xA0A0,
  0x7A08, 0x6104, 0x5061, 0x5020, 0x5000, 0x4800, 0x4800, 0x3800, 0x3000, 0x2800, 0x2800, 0x2000, 0x2000, 0x2000, 0x1800, 0x1800,
  0x1000, 0x1000, 0x1000, 0x1000, 0x1000, 0x1820, 0x1820, 0x2040, 0x2040, 0x2040, 0x2040, 0x1820, 0x1820, 0x1820, 0x3943, 0x3943,
  0xB200, 0xD280, 0xE2C0, 0xEAE0, 0xF320, 0xF380, 0xF3A0, 0xF320, 0xF280, 0xEA20, 0xEA21, 0xEA01, 0xE9A1, 0xE160, 0xE140, 0xE980,
  0xE9E1, 0xF201, 0xE981, 0xE120, 0xE121, 0xE981, 0xF1A1, 0xF181, 0xF1A1, 0xE9E1, 0xE1A1, 0xD141, 0xC900, 0xB8E0, 0xB0E0, 0xA0A0,
  0x8860, 0x6186, 0x50A2, 0x4820, 0x4800, 0x4800, 0x4800, 0x4000, 0x3800, 0x2800, 0x2800, 0x2000, 0x2000, 0x2000, 0x1800, 0x1000,
  0x1000, 0x1000, 0x0800, 0x0800, 0x0800, 0x1000, 0x1820, 0x2040, 0x2040, 0x2040, 0x1820, 0x1820, 0x1020, 0x1820, 0x4184, 0x4184,
  0xBA00, 0xD280, 0xE2C0, 0xF2E0, 0xF300, 0xF360, 0xFBA0, 0xFBA0, 0xF300, 0xF260, 0xEA00, 0xE9E1, 0xE9A1, 0xE140, 0xE100, 0xE120,
  0xE981, 0xE9E1, 0xE9A1, 0xD921, 0xD921, 0xE981, 0xF1C1, 0xF9C1, 0xF1C1, 0xF202, 0xEA22, 0xD981, 0xC100, 0xA8A0, 0x9880, 0x9880,
  0x8860, 0x7208, 0x5904, 0x4861, 0x4020, 0x4000, 0x4000, 0x3800, 0x3800, 0x3000, 0x2800, 0x2800, 0x2000, 0x2000, 0x1800, 0x1000,
  0x1000, 0x0800, 0x0800, 0x0800, 0x0800, 0x1000, 0x1020, 0x1820, 0x1820, 0x1820, 0x1820, 0x1000, 0x1000, 0x1020, 0x49C5, 0x49C5,
  0xB9E0, 0xD260, 0xEAE0, 0xF300, 0xF300, 0xFB40, 0xFBA0, 0xFBC0, 0xFB80, 0xF2C0, 0xF240, 0xE9E0, 0xE9A0, 0xE160, 0xE100, 0xD8E0,
  0xE100, 0xE181, 0xE181, 0xD921, 0xD101, 0xE181, 0xE9E2, 0xF1E1, 0xF1C1, 0xF202, 0xEA42, 0xE1C1, 0xC921, 0xA880, 0x9060, 0x9040,
  0x9040, 0x8020, 0x5965, 0x48A2, 0x3820, 0x3800, 0x3800, 0x3800, 0x3800, 0x3000, 0x3000, 0x2800, 0x2800, 0x2000, 0x1800, 0x1800,
  0x1000, 0x1000, 0x1000, 0x1000, 0x1000, 0x1000, 0x1000, 0x1000, 0x1820, 0x1820, 0x1000, 0x1000, 0x1000, 0x1000, 0x51E5, 0x51E5,
  0xB9E0, 0xDA60, 0xEAC0, 0xF300, 0xFB20, 0xFB00, 0xFB60, 0xFBC0, 0xFBC0, 0xF340, 0xF280, 0xF1E0, 0xE9A0, 0xE960, 0xE120, 0xD8C0,
  0xD8C0, 0xD900, 0xD941, 0xD101, 0xC8E0, 0xD941, 0xE9E1, 0xF1E1, 0xF181, 0xF1C1, 0xF202, 0xEA02, 0xD141, 0xA8A0, 0x9040, 0x8840,
  0x9040, 0x8820, 0x61E7, 0x48E3, 0x3841, 0x3800, 0x3000, 0x3800, 0x3800, 0x3800, 0x3800, 0x3800, 0x3000, 0x2000, 0x2000, 0x1800,
  0x1800, 0x1800, 0x2000, 0x2000, 0x2000, 0x1800, 0x1000, 0x1000, 0x1000, 0x1000, 0x1000, 0x1000, 0x0800, 0x1000, 0x5A06, 0x5A06,
  0xBA00, 0xDA60, 0xEAC0, 0xF300, 0xFB20, 0xFB00, 0xFB20, 0xFB80, 0xFBC0, 0xFB80, 0xF2E0, 0xF220, 0xE9A0, 0xE960, 0xE120, 0xD8E0,
  0xD8A0, 0xD8C0, 0xD8E0, 0xD0E0, 0xC8C0, 0xD121, 0xE1A1, 0xF1C1, 0xF161, 0xE961, 0xE9C2, 0xE9E2, 0xD161, 0xB0A0, 0x9040, 0x8820,
  0x9040, 0x9040, 0x726A, 0x5145, 0x4082, 0x3820, 0x3000, 0x3800, 0x4000, 0x4000, 0x4000, 0x4000, 0x3000, 0x2800, 0x2000, 0x2000,
  0x2800, 0x3000, 0x4000, 0x4020, 0x4020, 0x3020, 0x2000, 0x1800, 0x1000, 0x1020, 0x1020, 0x1000, 0x0800, 0x0800, 0x5A27, 0x5A27,
  0xC220, 0xDA60, 0xEAA0, 0xF300, 0xFB20, 0xFB00, 0xFAE0, 0xFB20, 0xFB80, 0xFB80, 0xFB21, 0xF260, 0xF1C0, 0xE960, 0xE120, 0xE0E0,
  0xD8C0, 0xD8A0, 0xD0A0, 0xD0A0, 0xC8A0, 0xC8E0, 0xD981, 0xE981, 0xE921, 0xE101, 0xE961, 0xE9C2, 0xD981, 0xC0E1, 0xA060, 0x9020,
  0x9040, 0x8820, 0x8020, 0x61A6, 0x48A2, 0x4020, 0x4000, 0x4000, 0x4800, 0x5000, 0x5000, 0x4800, 0x3800, 0x3000, 0x3000, 0x3800,
  0x4000, 0x5000, 0x6020, 0x7020, 0x6820, 0x5020, 0x3820, 0x2000, 0x1000, 0x1020, 0x1020, 0x1000, 0x0800, 0x0800, 0x6247, 0x6247,
  0xC240, 0xDA80, 0xEAC0, 0xED12, 0xFB20, 0xFB20, 0xFAE0, 0xFAC0, 0xFB00, 0xFB40, 0xFB41, 0xFAA1, 0xF201, 0xE980, 0xE940, 0xE100,
  0xE0E0, 0xD8C0, 0xD8A0, 0xD080, 0xC880, 0xD0C0, 0xD941, 0xE181, 0xE100, 0xD8C0, 0xD921, 0xE1A2, 0xD9A2, 0xC901, 0xA880, 0x9840,
  0x9040, 0x9040, 0x8040, 0x7228, 0x5904, 0x5061, 0x5020, 0x5000, 0x5800, 0x6000, 0x5800, 0x5000, 0x4000, 0x4000, 0x4000, 0x5000,
  0x6800, 0x7800, 0x8820, 0x9040, 0x8840, 0x7020, 0x4820, 0x2800, 0x1800, 0x1020, 0x1020, 0x1000, 0x0800, 0x0800, 0x6248, 0x6248,
  0xC260, 0xDAC0, 0xEAE0, 0xE4F2, 0xFB20, 0xFB40, 0xFAE0, 0xFA80, 0xFAA0, 0xFAE0, 0xFB00, 0xFAC1, 0xF241, 0xF1C1, 0xE961, 0xE120,
  0xE100, 0xE100, 0xD8E0, 0xD8A0, 0xD0A0, 0xD0C0, 0xD920, 0xE160, 0xD900, 0xD0A0, 0xD0E1, 0xD962, 0xE1A2, 0xC941, 0xB0A0, 0x9840,
  0x9040, 0x9061, 0x8040, 0x828A, 0x7145, 0x6082, 0x6020, 0x6800, 0x7000, 0x7020, 0x7020, 0x6000, 0x5800, 0x5000, 0x5800, 0x7000,
  0x8000, 0x9000, 0xA020, 0xA820, 0xA020, 0x8020, 0x5000, 0x3000, 0x1800, 0x1020, 0x1020, 0x1020, 0x0800, 0x0800, 0x0800, 0x0800,
  0xC260, 0xE2E0, 0xEB00, 0xF300, 0xFB20, 0xFB40, 0xFB00, 0xFA80, 0xFA40, 0xFA80, 0xFAC0, 0xFAC1, 0xF261, 0xF1E1, 0xE9A1, 0xE961,
  0xE140, 0xE140, 0xE120, 0xE100, 0xD8E0, 0xD8E0, 0xD920, 0xE140, 0xD900, 0xC8A0, 0xC0A0, 0xC921, 0xD982, 0xC941, 0xB0C1, 0x9860,
  0x9860, 0x9081, 0x8861, 0x7840, 0x81C7, 0x78C3, 0x7841, 0x8020, 0x8020, 0x8820, 0x8020, 0x7820, 0x6800, 0x6800, 0x7000, 0x8820,
  0x9820, 0xA000, 0xA800, 0xA820, 0x9820, 0x7820, 0x4800, 0x2800, 0x1820, 0x1820, 0x1820, 0x1020, 0x1020, 0x0800, 0x6A89, 0x6A89,
  0xC260, 0xE300, 0xF340, 0xF320, 0xFB20, 0xFB40, 0xFB40, 0xFAA0, 0xFA20, 0xFA20, 0xFA40, 0xFA81, 0xF261, 0xF201, 0xF1C1, 0xE981,
  0xE961, 0xE961, 0xE961, 0xE961, 0xE940, 0xE140, 0xE120, 0xE140, 0xD900, 0xC0A0, 0xB880, 0xC0E1, 0xC941, 0xC121, 0xA8C0, 0x9860,
  0x9060, 0x9081, 0x8881, 0x8040, 0x9A49, 0x8924, 0x8861, 0x8820, 0x9020, 0x9020, 0x9020, 0x8820, 0x7820, 0x7820, 0x7820, 0x8820,
  0x9820, 0x9800, 0x9800, 0x9000, 0x8000, 0x6000, 0x3800, 0x2820, 0x2020, 0x2040, 0x1840, 0x1820, 0x1020, 0x0800, 0x0800, 0x0800,
  0x93F0, 0xE300, 0xF360, 0xF360, 0xFB20, 0xFB40, 0xFB60, 0xFAE0, 0xFA20, 0xF9C0, 0xF9E0, 0xFA20, 0xF241, 0xF201, 0xF1E1, 0xE9C1,
  0xE981, 0xE981, 0xE9A1, 0xE9A1, 0xE9C1, 0xE9A1, 0xE980, 0xE960, 0xE120, 0xC8A0, 0xB060, 0xB081, 0xC101, 0xB901, 0xA0A0, 0x9040,
  0x8840, 0x9081, 0x8861, 0x8840, 0x9040, 0x9166, 0x90A2, 0x8840, 0x8820, 0x8820, 0x8820, 0x8820, 0x8020, 0x7820, 0x7820, 0x7820,
  0x8020, 0x8000, 0x7800, 0x6800, 0x5800, 0x4000, 0x2800, 0x2020, 0x2040, 0x2040, 0x2040, 0x2040, 0x1020, 0x0800, 0x0800, 0x0800,
  0x93CF, 0xE300, 0xF380, 0xF380, 0xFB40, 0xF340, 0xFB80, 0xFB40, 0xFA60, 0xF9C0, 0xF9A0, 0xF9E0, 0xF201, 0xF1E1, 0xE9C1, 0xE9E1,
  0xF1C1, 0xF1A1, 0xF1A1, 0xF1C1, 0xF201, 0xF221, 0xF1E1, 0xE980, 0xE120, 0xC8C0, 0xB060, 0xB060, 0xB8C1, 0xB0E1, 0x98A1, 0x8040,
  0x8040, 0x8860, 0x9080, 0x9060, 0xA060, 0x91E7, 0x80E3, 0x7061, 0x7020, 0x6820, 0x7020, 0x7840, 0x7840, 0x7020, 0x6020, 0x6000,
  0x6000, 0x6000, 0x5000, 0x4800, 0x3800, 0x2800, 0x1820, 0x1820, 0x2040, 0x2840, 0x2040, 0x2040, 0x1820, 0x1000, 0x0800, 0x0800,
  0xC200, 0xE2E0, 0xF380, 0xFBC0, 0xF360, 0xF340, 0xFB80, 0xFB80, 0xFAC0, 0xF9E0, 0xF180, 0xF9A0, 0xF1E1, 0xF1C1, 0xE9A1, 0xE9E1,
  0xF201, 0xF1E1, 0xF1A1, 0xE9A1, 0xF201, 0xF261, 0xF241, 0xF1C0, 0xE940, 0xD0C0, 0xB860, 0xA840, 0xB081, 0xB0C1, 0x98A1, 0x8040,
  0x7820, 0x8060, 0x9081, 0xA080, 0xB080, 0x9249, 0x7124, 0x5861, 0x5020, 0x4820, 0x5020, 0x5820, 0x6020, 0x5820, 0x4820, 0x4820,
  0x4020, 0x3820, 0x3020, 0x2800, 0x1800, 0x1800, 0x1820, 0x1820, 0x2040, 0x2840, 0x2040, 0x2040, 0x1820, 0x1020, 0x0800, 0x0800,
  0x8BAE, 0xE2A0, 0xF360, 0xFBC0, 0xFB80, 0xF340, 0xF360, 0xFBA0, 0xFB20, 0xFA40, 0xF180, 0xF160, 0xF1A0, 0xE9A1, 0xE981, 0xE9C1,
  0xF222, 0xF201, 0xF1A1, 0xE961, 0xE9C1, 0xF221, 0xF241, 0xF1E1, 0xE960, 0xD8C0, 0xC060, 0xA840, 0xA861, 0xA8A1, 0x98A1, 0x7860,
  0x7020, 0x8060, 0x98A1, 0xB0A1, 0xC0C0, 0xD161, 0x6985, 0x48A2, 0x3840, 0x3000, 0x3020, 0x3820, 0x4020, 0x3820, 0x3020, 0x2820,
  0x2820, 0x2820, 0x2020, 0x1820, 0x1000, 0x1000, 0x1020, 0x1840, 0x2040, 0x2860, 0x2040, 0x2040, 0x1840, 0x1020, 0x0800, 0x0800,
  0x8B8E, 0xE280, 0xF320, 0xF3A0, 0xFBA0, 0xF340, 0xF340, 0xFBA0, 0xFB60, 0xFAA0, 0xF1C0, 0xF160, 0xF180, 0xE980, 0xE160, 0xE1A1,
  0xEA22, 0xF222, 0xF1A1, 0xE940, 0xE161, 0xE9C1, 0xF221, 0xF1E1, 0xF160, 0xE0C0, 0xC060, 0xA840, 0xA040, 0xA081, 0x90A1, 0x7840,
  0x7020, 0x8060, 0xA0A1, 0xB8C1, 0xC8C1, 0xD961, 0x61C7, 0x40C2, 0x2840, 0x2020, 0x2000, 0x2000, 0x2000, 0x2000, 0x2000, 0x1820,
  0x2020, 0x2040, 0x1840, 0x1020, 0x1020, 0x0820, 0x1020, 0x1840, 0x2060, 0x2860, 0x2860, 0x2060, 0x2040, 0x1840, 0x1020, 0x1020,
  0x8B6D, 0xDA60, 0xF300, 0xCC0F, 0xD430, 0xF340, 0xF320, 0xFB80, 0xFBA0, 0xFB00, 0xF220, 0xF180, 0xF160, 0xE980, 0xE140, 0xD961,
  0xE9E1, 0xF222, 0xF1C1, 0xE920, 0xD8E0, 0xE141, 0xE9A1, 0xF1C1, 0xE941, 0xE0C0, 0xC860, 0xA820, 0x9820, 0x9860, 0x8861, 0x7840,
  0x6820, 0x7840, 0xA0A1, 0xC0C1, 0xC8C1, 0xD941, 0x6A28, 0x4903, 0x3061, 0x2020, 0x1820, 0x1800, 0x1800, 0x1000, 0x1000, 0x1020,
  0x1840, 0x1840, 0x1840, 0x1040, 0x1020, 0x1020, 0x1020, 0x1840, 0x2060, 0x2060, 0x2060, 0x2060, 0x2060, 0x2040, 0x1820, 0x1820,
  0x834C, 0xA3AD, 0xBBEE, 0xCC0F, 0xD40F, 0xDC30, 0xE450, 0xF360, 0xFBC0, 0xFB60, 0xFA80, 0xF1A0, 0xE960, 0xE961, 0xE141, 0xD921,
  0xE1A1, 0xEA01, 0xF1C1, 0xE920, 0xD8C0, 0xD0E0, 0xE121, 0xE961, 0xE941, 0xE0C0, 0xC860, 0xA820, 0x9020, 0x8820, 0x8040, 0x7020,
  0x6820, 0x7040, 0x9880, 0xB8E1, 0xC8E1, 0xD101, 0x7A89, 0x5965, 0x38A1, 0x2840, 0x1820, 0x1820, 0x1020, 0x1020, 0x1000, 0x1020,
  0x1840, 0x1840, 0x1840, 0x1840, 0x1040, 0x1020, 0x1040, 0x1840, 0x2060, 0x2060, 0x2060, 0x2060, 0x2060, 0x2040, 0x1820, 0x1020,
  0x832C, 0xA38D, 0xBBEE, 0xCC0E, 0xDC0F, 0xDC0F, 0xDC30, 0xE451, 0xFBA0, 0xFBA0, 0xFAE0, 0xF200, 0xE960, 0xE961, 0xE161, 0xD121,
  0xD941, 0xE9C1, 0xF1A1, 0xE920, 0xD8C0, 0xC880, 0xD0C0, 0xE101, 0xE101, 0xD8C1, 0xC860, 0xA820, 0x9000, 0x8020, 0x7820, 0x7020,
  0x6820, 0x7040, 0x90A1, 0xB901, 0xC901, 0xD0E1, 0xD141, 0x69C6, 0x48E2, 0x3060, 0x2040, 0x1840, 0x1840, 0x1020, 0x1020, 0x1020,
  0x1840, 0x2060, 0x2060, 0x1840, 0x1040, 0x1040, 0x1040, 0x1840, 0x1840, 0x2040, 0x2040, 0x2060, 0x2040, 0x2040, 0x1820, 0x1020,
  0x830B, 0x9B6C, 0xBBCD, 0xD40E, 0xDC0E, 0xDC0F, 0xDC0F, 0xDC30, 0xF360, 0xFB80, 0xFB20, 0xF260, 0xE9A0, 0xE961, 0xE181, 0xD121,
  0xD101, 0xE161, 0xE981, 0xE940, 0xD8C0, 0xC080, 0xC060, 0xD0A0, 0xD8E1, 0xD8A0, 0xC060, 0xA020, 0x8820, 0x8020, 0x7820, 0x7020,
  0x6820, 0x7040, 0x90A1, 0xB122, 0xC942, 0xC8E1, 0xC0E0, 0x7A27, 0x5103, 0x3881, 0x2840, 0x2860, 0x2860, 0x2060, 0x1840, 0x1840,
  0x1840, 0x2060, 0x2060, 0x2060, 0x1860, 0x1040, 0x1840, 0x1840, 0x1840, 0x2040, 0x2040, 0x2040, 0x1840, 0x1820, 0x1820, 0x1020,
  0x7AEB, 0x9B4C, 0xBBAD, 0xD3ED, 0xDBEE, 0xDBEE, 0xDBEF, 0xDC10, 0xDC30, 0xFB80, 0xFB40, 0xF2A0, 0xE9C0, 0xE181, 0xE1A1, 0xD161,
  0xC901, 0xD921, 0xE940, 0xE940, 0xD8E0, 0xC080, 0xB840, 0xC060, 0xD0A0, 0xC880, 0xB860, 0xA020, 0x8820, 0x8020, 0x7820, 0x7020,
  0x6840, 0x7860, 0x90A1, 0xA942, 0xC162, 0xC101, 0xB8C1, 0x8268, 0x5144, 0x38A1, 0x2860, 0x3060, 0x3081, 0x2881, 0x2060, 0x2040,
  0x2860, 0x2860, 0x2880, 0x2060, 0x1860, 0x1860, 0x1840, 0x1840, 0x1840, 0x2060, 0x1840, 0x1840, 0x1020, 0x1020, 0x1020, 0x1020,
  0x7AEB, 0x9B2B, 0xBB8C, 0xD3CD, 0xDBED, 0xDBCE, 0xDBCE, 0xD3CF, 0xD410, 0xFB40, 0xFB40, 0xFAE1, 0xEA01, 0xE181, 0xE1C2, 0xD9A2,
  0xC921, 0xD900, 0xE920, 0xE940, 0xE100, 0xC0A0, 0xB040, 0xB840, 0xC060, 0xB860, 0xA840, 0x9820, 0x9040, 0x8860, 0x8040, 0x7040,
  0x7060, 0x8060, 0x88A1, 0xA102, 0xB142, 0xB901, 0xA8C1, 0x98C1, 0x5185, 0x38A1, 0x2860, 0x3080, 0x30A1, 0x3081, 0x3080, 0x3080,
  0x3080, 0x3080, 0x2880, 0x2060, 0x2060, 0x1860, 0x1860, 0x1860, 0x2060, 0x2060, 0x1840, 0x1020, 0x1020, 0x1020, 0x1020, 0x1020,
  0x7ACB, 0x9B0B, 0xBB6C, 0xD3AC, 0xDBCD, 0xDBCD, 0xDBAE, 0xD3AF, 0xD3CF, 0xF2E0, 0xFB20, 0xFAE1, 0xF221, 0xF4F2, 0xE1C2, 0xD9E2,
  0xD181, 0xD921, 0xE120, 0xE940, 0xE140, 0xC8C0, 0xB860, 0xB040, 0xB040, 0xA840, 0x9820, 0x9040, 0x9061, 0x9081, 0x8860, 0x7840,
  0x7860, 0x8060, 0x8880, 0x90A1, 0xA0E1, 0xA8E1, 0xA0E1, 0x90E1, 0x59C6, 0x38C2, 0x2860, 0x2860, 0x3080, 0x3080, 0x3080, 0x3080,
  0x3880, 0x30A0, 0x2880, 0x2060, 0x2060, 0x2080, 0x2060, 0x2060, 0x2060, 0x2060, 0x1840, 0x1020, 0x0820, 0x1020, 0x1020, 0x1020,
  0x7ACA, 0x9B0B, 0xBB4B, 0xD38C, 0xDBCD, 0xDBCD, 0xDBAE, 0xD38E, 0xCBAF, 0xF2A0, 0xFAE0, 0xFAE1, 0xF241, 0xF4D2, 0xF4D2, 0xE202,
  0xD9C1, 0xD961, 0xE940, 0xF140, 0xE940, 0xD0E0, 0xC060, 0xB040, 0xA820, 0x9820, 0x8820, 0x8840, 0x9081, 0x98A1, 0x9081, 0x8860,
  0x8860, 0x8860, 0x8860, 0x9080, 0x90A1, 0x98A1, 0x98E1, 0x9101, 0x5A07, 0x3903, 0x3081, 0x2860, 0x2860, 0x2860, 0x2880, 0x3080,
  0x3080, 0x3080, 0x2880, 0x2060, 0x2060, 0x2080, 0x2080, 0x2060, 0x2060, 0x2060, 0x1840, 0x1020, 0x0820, 0x0820, 0x1020, 0x1020,
  0x7AAA, 0x9AEA, 0xBB2B, 0xD36C, 0xDBAC, 0xE3AD, 0xDB8D, 0xCB8E, 0xC38E, 0xF240, 0xFAA0, 0xFAC1, 0xF261, 0xF4D1, 0xF4B1, 0xF4B2,
  0xE1E2, 0xE1A1, 0xE980, 0xF160, 0xE940, 0xE100, 0xC880, 0xB840, 0xA820, 0x9020, 0x8000, 0x8020, 0x8881, 0x90C1, 0x9081, 0x9081,
  0x9881, 0xA080, 0x9860, 0x9080, 0x9080, 0x88A0, 0x88C1, 0x8901, 0x6A69, 0x4944, 0x38A1, 0x3060, 0x2860, 0x2860, 0x2860, 0x2860,
  0x2860, 0x2860, 0x2060, 0x2860, 0x2880, 0x2880, 0x2880, 0x2080, 0x2060, 0x1860, 0x1040, 0x0820, 0x0800, 0x0800, 0x1020, 0x1020,
  0x7AAA, 0x9AEA, 0xBB2B, 0xD36B, 0xDB8C, 0xDB8D, 0xDB8D, 0xCB6D, 0xC36E, 0xBB8F, 0xF240, 0xFA81, 0xF261, 0xECB1, 0xF4B1, 0xF491,
  0xEA02, 0xE9E1, 0xE9A0, 0xF180, 0xF140, 0xE100, 0xD080, 0xB840, 0xA820, 0x9020, 0x8000, 0x7820, 0x8061, 0x8881, 0x8881, 0x9081,
  0xA8A1, 0xB0C1, 0xA8A1, 0xA0A1, 0x90A1, 0x80A0, 0x78A0, 0x78E1, 0x7ACA, 0x6185, 0x48C2, 0x3880, 0x3060, 0x2860, 0x2860, 0x2860,
  0x2060, 0x2060, 0x2060, 0x2860, 0x2880, 0x2880, 0x2880, 0x2060, 0x2060, 0x1840, 0x1020, 0x0820, 0x0800, 0x0800, 0x1020, 0x1820,
  0x7AAA, 0x9AEA, 0xB30A, 0xCB4B, 0xDB6C, 0xDB8C, 0xDB8D, 0xCB6D, 0xC34E, 0xBB6E, 0xF1E0, 0xFA41, 0xDC70, 0xE491, 0xEC91, 0xEC91,
  0xEA01, 0xF1E1, 0xF1E1, 0xF1A0, 0xF140, 0xE900, 0xD0A0, 0xC040, 0xA840, 0x9820, 0x8000, 0x8020, 0x8040, 0x7861, 0x7860, 0x9081,
  0xB0E1, 0xC101, 0xC0E1, 0xB0C1, 0xA0C1, 0x88A1, 0x6880, 0x60C1, 0x60C1, 0x71E7, 0x5902, 0x4081, 0x3060, 0x2860, 0x2860, 0x2860,
  0x2060, 0x2060, 0x2060, 0x2060, 0x2860, 0x2880, 0x2060, 0x2060, 0x1840, 0x1840, 0x1020, 0x0820, 0x0800, 0x0800, 0x1020, 0x1840,
  0x7A89, 0x9ACA, 0xB30A, 0xCB2B, 0xDB4B, 0xDB6C, 0xD36C, 0xCB4D, 0xBB4D, 0xB34E, 0xF1A0, 0xF9E1, 0xF221, 0xDC70, 0xE470, 0xEC71,
  0xEC71, 0xF201, 0xF1E1, 0xF1A0, 0xF140, 0xE900, 0xD8A0, 0xC040, 0xB020, 0x9820, 0x8820, 0x8020, 0x8040, 0x7040, 0x6840, 0x8060,
  0xA8C1, 0xC921, 0xC921, 0xB8E1, 0xA8E1, 0x90C1, 0x6880, 0x5080, 0x4881, 0x8228, 0x6923, 0x48A1, 0x3860, 0x3060, 0x2880, 0x2880,
  0x2860, 0x2860, 0x2060, 0x2060, 0x2060, 0x2060, 0x1860, 0x1840, 0x1840, 0x1840, 0x1020, 0x0820, 0x0800, 0x0800, 0x1020, 0x1840,
  0x7A69, 0x9ACA, 0xB2EA, 0xCB0B, 0xD32B, 0xDB4C, 0xD34C, 0xCB4D, 0xBB2D, 0xB32D, 0xF160, 0xF1A1, 0xF1E1, 0xD450, 0xDC50, 0xE450,
  0xE451, 0xF1E1, 0xFA01, 0xF1C0, 0xF140, 0xE900, 0xD8A0, 0xC040, 0xA820, 0xA020, 0x9020, 0x8820, 0x8820, 0x7020, 0x6020, 0x7840,
  0xA0A1, 0xC121, 0xC921, 0xC0E1, 0xB0C1, 0x98C1, 0x6880, 0x4840, 0x3840, 0x8A69, 0x6944, 0x4881, 0x3060, 0x2860, 0x2860, 0x2860,
  0x2880, 0x2881, 0x2880, 0x2060, 0x2060, 0x1860, 0x1840, 0x1840, 0x1840, 0x1840, 0x1020, 0x0820, 0x0800, 0x0800, 0x1020, 0x1820,
  0x7248, 0x9AA9, 0xBAEA, 0xCB0A, 0xD32B, 0xD32B, 0xD34C, 0xCB4C, 0xBB2D, 0xB32D, 0xF120, 0xF160, 0xF1A1, 0xF1A1, 0xD430, 0xDC30,
  0xE450, 0xF1E1, 0xF201, 0xF1C0, 0xE940, 0xE0E0, 0xD8A0, 0xB840, 0xA820, 0x9820, 0x9020, 0x9020, 0x8820, 0x7020, 0x6000, 0x7020,
  0x9080, 0xB101, 0xC121, 0xB8E1, 0xA8A1, 0x90A0, 0x6860, 0x4840, 0x3020, 0x8AAA, 0x6965, 0x40A1, 0x3060, 0x2840, 0x2860, 0x2860,
  0x2880, 0x3081, 0x3081, 0x2880, 0x2060, 0x1860, 0x1860, 0x1840, 0x1840, 0x1840, 0x1020, 0x0820, 0x0800, 0x0800, 0x0800, 0x1020,
  0x7248, 0x9AA9, 0xBAEA, 0xCB0A, 0xD30B, 0xD32B, 0xD32C, 0xCB2C, 0xBB2D, 0xAB2D, 0xF100, 0xF140, 0xF181, 0xF1A1, 0xE140, 0xD8E0,
  0xE141, 0xE9C1, 0xF1E1, 0xF1A0, 0xE920, 0xE0E0, 0xD0A0, 0xB840, 0x9820, 0x9020, 0x9820, 0x9840, 0x9040, 0x7820, 0x6800, 0x7020,
  0x8860, 0xA8C1, 0xB8E1, 0xB0C1, 0xA880, 0x9080, 0x6860, 0x4020, 0x3020, 0x2820, 0x6185, 0x38A2, 0x2840, 0x2040, 0x2040, 0x2060,
  0x2881, 0x30A1, 0x30A1, 0x30A1, 0x2881, 0x2081, 0x1860, 0x1860, 0x1840, 0x1040, 0x1020, 0x0820, 0x0800, 0x0800, 0x0800, 0x1020,
  0x7207, 0x9A89, 0xBAEA, 0xCB0A, 0xCB0B, 0xCB0B, 0xCB2C, 0xC32C, 0xBB0C, 0xAB0D, 0xF100, 0xF121, 0xF961, 0xF181, 0xE940, 0xD8E0,
  0xD901, 0xE981, 0xF1C1, 0xE981, 0xE100, 0xE0C0, 0xD080, 0xB040, 0x9820, 0x8820, 0x9040, 0xA060, 0xA080, 0x8860, 0x7840, 0x8040,
  0x9060, 0xA0A1, 0xB0C1, 0xB0A1, 0xA860, 0x9060, 0x6840, 0x4820, 0x3840, 0x3020, 0x59A6, 0x30C2, 0x2040, 0x2040, 0x2060, 0x2860,
  0x2881, 0x30A1, 0x30C1, 0x30A1, 0x30A1, 0x28A1, 0x2081, 0x1860, 0x1840, 0x1840, 0x1040, 0x1020, 0x0820, 0x0820, 0x0820, 0x1020,
  0x71E6, 0x9A88, 0xBAE9, 0xCAEA, 0xCB0B, 0xCB0B, 0xCB0C, 0xC30C, 0xBB0C, 0xAB0D, 0xAB2D, 0xF101, 0xF941, 0xF181, 0xE960, 0xD8E0,
  0xD430, 0xE141, 0xE981, 0xE961, 0xE0E0, 0xD8A0, 0xD080, 0xB040, 0x9020, 0x8840, 0x9060, 0xA880, 0xA8C1, 0x98A1, 0x9080, 0x9080,
  0xA0A0, 0xA8C1, 0xB0C1, 0xB0A0, 0xA860, 0x9860, 0x7040, 0x5040, 0x4040, 0x3840, 0x51E7, 0x30C3, 0x2060, 0x2040, 0x2060, 0x2881,
  0x30A1, 0x30C1, 0x30C1, 0x30C2, 0x30C2, 0x30C1, 0x28A1, 0x2081, 0x2060, 0x1860, 0x1840, 0x1020, 0x1020, 0x0820, 0x0820, 0x0820,
  0x69C5, 0x9A67, 0xBAC9, 0xCAEA, 0xCAEB, 0xCAEB, 0xC30B, 0xC30C, 0xBB0C, 0xAB0C, 0xA30D, 0xF0E1, 0xF121, 0xF981, 0xE980, 0xD900,
  0xD0C0, 0xD901, 0xE141, 0xE121, 0xD8C0, 0xD8A0, 0xC880, 0xA840, 0x9020, 0x8840, 0x9881, 0xB0C1, 0xB901, 0xA901, 0xA0C1, 0xA8E1,
  0xB101, 0xB921, 0xB901, 0xB8C1, 0xB880, 0xA860, 0x8060, 0x6060, 0x5060, 0x4860, 0x5A28, 0x3904, 0x2081, 0x2060, 0x2860, 0x2881,
  0x30A1, 0x30C1, 0x30E2, 0x38E2, 0x30E2, 0x30C2, 0x28C2, 0x28A1, 0x2881, 0x2060, 0x1860, 0x1040, 0x1020, 0x0820, 0x0820, 0x1020,
  0x6984, 0x9A47, 0xC2C9, 0xCAEA, 0xCAEB, 0xC2EB, 0xC2EB, 0xBAEC, 0xBB0C, 0xAB0C, 0xA30D, 0xF0E1, 0xF120, 0xF960, 0xF181, 0xE121,
  0xD0C0, 0xCC30, 0xE100, 0xD8E0, 0xD8C0, 0xD8A0, 0xC860, 0xA840, 0x9020, 0x8840, 0x98A1, 0xB0E1, 0xB921, 0xB121, 0xA901, 0xB921,
  0xC161, 0xC981, 0xC981, 0xC921, 0xC0A0, 0xB080, 0x9080, 0x7080, 0x60A1, 0x60C1, 0x6269, 0x3944, 0x28A1, 0x2060, 0x2860, 0x2881,
  0x28A1, 0x30C2, 0x3102, 0x3903, 0x3902, 0x30E2, 0x30E2, 0x28C2, 0x28A1, 0x2081, 0x1860, 0x1840, 0x1020, 0x1020, 0x1020, 0x1020,
  0x6964, 0x9A26, 0xC2A8, 0xCAEA, 0xCAEA, 0xC2EB, 0xC2EB, 0xBAEB, 0xBAEC, 0xAAEC, 0xA30C, 0xF0E0, 0xF100, 0xF960, 0xF1A1, 0xE161,
  0xD8E0, 0xD8C0, 0xD8C0, 0xD8C0, 0xD8A0, 0xD080, 0xC860, 0xA840, 0x9020, 0x8861, 0x90A1, 0xA8E1, 0xA901, 0xA901, 0xA8E1, 0xB921,
  0xC982, 0xD1C2, 0xD9E2, 0xD181, 0xC8E1, 0xB080, 0x9080, 0x7881, 0x68C1, 0x7121, 0x8182, 0x4186, 0x30A2, 0x2060, 0x2060, 0x2060,
  0x2881, 0x28C2, 0x3902, 0x4123, 0x3923, 0x3902, 0x30E2, 0x30C2, 0x28A1, 0x2081, 0x1860, 0x1840, 0x1040, 0x1020, 0x1020, 0x1020,
  0x6143, 0x9A05, 0xC287, 0xD2E9, 0xCAEA, 0xC2EB, 0xC2EB, 0xBAEB, 0xB2EC, 0xAAEC, 0xA2EC, 0xE8E0, 0xF0E0, 0xF140, 0xF1A1, 0xE981,
  0xD900, 0xD8C0, 0xD8A0, 0xD0A0, 0xD0A0, 0xC880, 0xC060, 0xB040, 0x9020, 0x8060, 0x90A1, 0x98C1, 0x98C1, 0x98A1, 0xA0A1, 0xB101,
  0xC961, 0xD1C2, 0xDA42, 0xDA02, 0xC921, 0xB0A0, 0x9080, 0x7080, 0x68C1, 0x7941, 0x9A02, 0x49A6, 0x30C2, 0x2060, 0x2040, 0x1840,
  0x2061, 0x28A1, 0x3902, 0x4143, 0x4143, 0x4123, 0x3903, 0x30E2, 0x28A2, 0x2081, 0x1861, 0x1860, 0x1840, 0x1040, 0x1020, 0x1020,
  0x6122, 0x99E4, 0xC287, 0xD2C9, 0xCAEA, 0xC2EB, 0xBAEB, 0xBAEB, 0xB2EC, 0xAAEC, 0xA2EC, 0xE8E0, 0xF0E0, 0xF140, 0xF1A1, 0xE9A1,
  0xE140, 0xE0E0, 0xD8A0, 0xD080, 0xC880, 0xC080, 0xB860, 0xB040, 0x9840, 0x8840, 0x8881, 0x8881, 0x8881, 0x8860, 0x9060, 0xA8A1,
  0xC101, 0xD1A1, 0xDA62, 0xDA42, 0xC961, 0xA8C0, 0x8060, 0x6060, 0x5880, 0x7121, 0x9A22, 0x51E7, 0x30E3, 0x2860, 0x2040, 0x1840,
  0x1860, 0x28A1, 0x3902, 0x4943, 0x4963, 0x4943, 0x3923, 0x30E2, 0x28C2, 0x2081, 0x1861, 0x1860, 0x1840, 0x1040, 0x1020, 0x1020,
  0x6102, 0x99C4, 0xC266, 0xD2C8, 0xCAEA, 0xCAEB, 0xBACB, 0xB2CB, 0xB2EB, 0xAAEC, 0xA2EC, 0xA30C, 0xF0E0, 0xF120, 0xF1A1, 0xE9C1,
  0xE981, 0xE100, 0xD8A0, 0xC880, 0xC060, 0xB060, 0xB060, 0xB040, 0xA040, 0x8840, 0x8061, 0x8881, 0x8060, 0x7840, 0x8040, 0x9860,
  0xB0A1, 0xC121, 0xD202, 0xDA22, 0xC981, 0xA0C0, 0x7060, 0x5040, 0x5080, 0x60E1, 0x89E2, 0x6208, 0x4103, 0x3061, 0x2840, 0x1840,
  0x1860, 0x28A1, 0x3902, 0x4943, 0x5163, 0x5143, 0x4123, 0x30E2, 0x20C2, 0x1881, 0x1861, 0x1860, 0x1840, 0x1840, 0x1040, 0x1020,
  0x6101, 0x99A3, 0xC245, 0xD2A8, 0xCACA, 0xCAEB, 0xBACB, 0xB2CB, 0xAACB, 0xAACB, 0x9ACC, 0x9AEC, 0xE8E0, 0xE920, 0xE9A1, 0xF1E1,
  0xE9A1, 0xE920, 0xE0C0, 0xC880, 0xB060, 0xA040, 0xA040, 0xA840, 0xA020, 0x8820, 0x8861, 0x88A1, 0x8881, 0x7840, 0x7820, 0x8840,
  0x9860, 0xA8C1, 0xB961, 0xC9A2, 0xC141, 0x98A0, 0x7060, 0x5060, 0x5080, 0x58C0, 0x7141, 0x7A49, 0x6124, 0x48A1, 0x3860, 0x2860,
  0x2860, 0x30A1, 0x4102, 0x5142, 0x5963, 0x5143, 0x4122, 0x30E2, 0x20A1, 0x1881, 0x1861, 0x1861, 0x1860, 0x1840, 0x1040, 0x1020,
  0x60E1, 0x9982, 0xC224, 0xD287, 0xCAA9, 0xC2CA, 0xBACB, 0xB2CB, 0xAACB, 0xA2CB, 0x9ACB, 0x9AEC, 0xA30D, 0xAB4D, 0xE981, 0xE9C1,
  0xF1C1, 0xF160, 0xE0E0, 0xD080, 0xB040, 0x9820, 0x9820, 0xA820, 0xA820, 0x9020, 0x8861, 0x98A1, 0x98A1, 0x8060, 0x7020, 0x8020,
  0x8840, 0x9060, 0xA0C1, 0xB101, 0xB0E1, 0x98A0, 0x7880, 0x6080, 0x58A0, 0x50A0, 0x58E0, 0x7161, 0x8185, 0x68E1, 0x58A0, 0x48A0,
  0x40A1, 0x48E1, 0x5122, 0x5942, 0x5942, 0x4922, 0x3902, 0x30E2, 0x20A1, 0x2081, 0x2081, 0x2081, 0x2081, 0x1840, 0x1040, 0x1020,
  0x60C1, 0x9982, 0xCA04, 0xD266, 0xCAA8, 0xC2AA, 0xBACA, 0xB2AA, 0xAAAB, 0xA2AB, 0x9AAB, 0x9ACB, 0xA30C, 0xAB2D, 0xE161, 0xE9C1,
  0xF1C1, 0xF180, 0xE900, 0xD0A0, 0xB040, 0x9020, 0x9020, 0xA020, 0xA820, 0x9820, 0x9861, 0xA8C1, 0xA8C1, 0x9080, 0x7820, 0x7820,
  0x8040, 0x8060, 0x9081, 0xA0A1, 0xA080, 0x9880, 0x8080, 0x68A0, 0x58A0, 0x5080, 0x4080, 0xB30B, 0xA206, 0x9142, 0x7901, 0x60E1,
  0x6101, 0x6122, 0x6942, 0x6942, 0x5922, 0x5102, 0x4102, 0x38E2, 0x28C1, 0x28C2, 0x28C2, 0x28C2, 0x2081, 0x1860, 0x1840, 0x1020,
  0x60C1, 0x9962, 0xCA03, 0xD245, 0xCA88, 0xC2A9, 0xBAAA, 0xB2AA, 0xA2AA, 0x9AAB, 0x92AB, 0x92AB, 0x9AEC, 0xAB2D, 0xB34D, 0xAB4D,
  0xE9A1, 0xF181, 0xE921, 0xD0C0, 0xB040, 0x9020, 0x9020, 0xA020, 0xB020, 0xA820, 0xA860, 0xB0A1, 0xB8C1, 0xA080, 0x8040, 0x7820,
  0x8040, 0xE4D1, 0x90A1, 0x98A1, 0xA081, 0x98A1, 0x88A0, 0x78A0, 0x60A0, 0x5080, 0x4080, 0x48E1, 0xBA87, 0xA9E3, 0x9162, 0x7942,
  0x7122, 0x7142, 0x7942, 0x7142, 0x6122, 0x5922, 0x5122, 0x4902, 0x38E2, 0x38E2, 0x30E2, 0x30C2, 0x28A1, 0x2060, 0x1840, 0x1020,
  0x60C0, 0xA161, 0xC9E3, 0xD225, 0xC247, 0xBA89, 0xBA8A, 0xAA8A, 0xA28A, 0x9A8A, 0x928B, 0x92AB, 0x9ACC, 0xAB0C, 0xB34D, 0xB34D,
  0xAB4D, 0xB36D, 0xE941, 0xD8E1, 0xB860, 0x9820, 0x9020, 0xA840, 0xB840, 0xB040, 0xB860, 0xC0A1, 0xC0C1, 0xA880, 0x8840, 0x8840,
  0xE4B1, 0xECD1, 0xECF0, 0xE4F1, 0xA8E1, 0xA0C1, 0x90C0, 0x78C0, 0x68A0, 0x58A0, 0x50C1, 0x5922, 0xD308, 0xC264, 0xA1C3, 0x8162,
  0x7142, 0x7142, 0x7142, 0x7121, 0x6941, 0x6942, 0x6142, 0x5922, 0x5102, 0x4102, 0x38E2, 0x30C2, 0x28A1, 0x2081, 0x2060, 0x1840,
  0x60A0, 0xA161, 0xC9E2, 0xD204, 0xC226, 0xBA68, 0xB289, 0xAA8A, 0xA28A, 0x928A, 0x8A8A, 0x928B, 0x9ACB, 0xAB0C, 0xB32D, 0xB32D,
  0xB34D, 0xB36D, 0xBB8D, 0xC3CE, 0xC3EF, 0xA020, 0xA040, 0xB080, 0xC860, 0xC860, 0xC8A0, 0xD0C1, 0xD0C1, 0xB080, 0x9860, 0x9861,
  0xE4B1, 0xF4F1, 0xF510, 0xF510, 0xECF1, 0xB121, 0x98E1, 0x80C0, 0x70C0, 0x68E0, 0x6901, 0x6962, 0xDB8A, 0xC2A6, 0x9A04, 0x7983,
  0x6143, 0x6122, 0x6102, 0x6921, 0x7121, 0x7142, 0x7142, 0x6942, 0x6122, 0x5102, 0x40E2, 0x38C2, 0x30A1, 0x3081, 0x2860, 0x2040,
  0x60A0, 0xA141, 0xC9E2, 0xD203, 0xC206, 0xB248, 0xB269, 0xAA69, 0x9A6A, 0x926A, 0x8A6A, 0x8A8A, 0x9AAB, 0xAAEC, 0xB30D, 0xB32D,
  0xB32D, 0xBB4D, 0xC38D, 0xCBCE, 0xCBEF, 0xA840, 0xA880, 0xC0C1, 0xD0C1, 0xD8C0, 0xD8E0, 0xD901, 0xD0C1, 0xB880, 0xA860, 0xA8A1,
  0xE4B1, 0xF4F0, 0xFD30, 0xF530, 0xF4F1, 0xECD1, 0x9901, 0x78C0, 0x78E0, 0x7900, 0x7101, 0x6941, 0xD3AB, 0xB2C7, 0x9205, 0x71A4,
  0x5963, 0x5123, 0x50E2, 0x5901, 0x6101, 0x6921, 0x7141, 0x7142, 0x6922, 0x5902, 0x48E2, 0x48E2, 0x40C1, 0x40A0, 0x3080, 0x2060,
  0x60A0, 0xA141, 0xC9C1, 0xD203, 0xC205, 0xB227, 0xAA49, 0xA269, 0x9A69, 0x8A6A, 0x8A6A, 0x8A6A, 0x9AAB, 0xA2CB, 0xAB0C, 0xB30C,
  0xB32D, 0xBB2D, 0xCB6D, 0xD3AE, 0xD3EE, 0xB860, 0xB8C1, 0xD141, 0xE141, 0xE141, 0x8B8E, 0x8BAF, 0xD8E1, 0xC080, 0xB060, 0xB8C1,
  0xE490, 0xF4F0, 0xFD31, 0xC9E3, 0xF4F1, 0xF4D1, 0xF4F2, 0x78C0, 0x70E0, 0x7900, 0x7920, 0x6921, 0xCBCC, 0xA2C8, 0x8205, 0x69C5,
  0x5984, 0x4923, 0x4902, 0x48E2, 0x50E1, 0x5901, 0x6921, 0x7142, 0x6922, 0x6102, 0x5902, 0x5901, 0x58E1, 0x50C0, 0x4080, 0x3060,
  0x6080, 0xA140, 0xD1C1, 0xD1E2, 0xB9E4, 0xA9E7, 0xAA28, 0xA249, 0x9A49, 0x8A49, 0x8A4A, 0x8A6A, 0x9A8B, 0xA2CB, 0xAAEC, 0xAB0C,
  0xB30C, 0xBB2C, 0xCB4D, 0xDB8D, 0xDBCE, 0xCBCE, 0xC8E1, 0xD982, 0xE9C2, 0xE9C1, 0xF1C1, 0x8BAF, 0xE101, 0xC080, 0xB060, 0xC0C1,
  0xDC70, 0xF4D0, 0xFD11, 0xFD11, 0xFCF1, 0xF4D1, 0xF4D2, 0x70A0, 0x68C0, 0x7900, 0x8160, 0x8161, 0x7161, 0x9AE9, 0x7A46, 0x71E5,
  0x61A5, 0x5164, 0x4923, 0x4102, 0x40E2, 0x48E1, 0x5101, 0x6101, 0x6121, 0x6122, 0x6122, 0x6101, 0x6901, 0x60C0, 0x50A0, 0x3860,
  0x6080, 0xA120, 0xD1C1, 0xD1E2, 0xC1E4, 0xA9E6, 0xAA08, 0xA229, 0x9249, 0x8A49, 0x8249, 0x8A6A, 0x9A8A, 0xA2AB, 0xAAEC, 0xAAEC,
  0xB30C, 0xBB0C, 0xCB2C, 0xDB6D, 0xDBAE, 0xD3AE, 0xC8E1, 0xE1C2, 0xEA22, 0xF242, 0xF242, 0xF1E1, 0xE121, 0xC880, 0xB860, 0xC0A1,
  0xD450, 0xECB0, 0xFCF0, 0xFCF1, 0xFCF1, 0xF4D1, 0xF4D2, 0x6880, 0x60A0, 0x6900, 0x89A1, 0x9A01, 0x9201, 0x9B2A, 0x8267, 0x7206,
  0x69E5, 0x61A4, 0x5164, 0x4123, 0x40E2, 0x40E2, 0x40E1, 0x48E1, 0x5101, 0x5902, 0x6101, 0x6101, 0x60E1, 0x60C0, 0x58A0, 0x5080,
  0x6080, 0xA120, 0xD1C1, 0xD9E2, 0xC1C3, 0xB1C6, 0xAA07, 0xA228, 0x9229, 0x8A49, 0x8249, 0x924A, 0x9A8A, 0xAAAB, 0xAACB, 0xAAEC,
  0xB2EC, 0xBB0C, 0xCB2C, 0xDB6D, 0xE38D, 0xD38E, 0xC8C1, 0xE1A2, 0xEA22, 0xF263, 0xF282, 0xF222, 0xE941, 0xD0A0, 0xC060, 0xC8A1,
  0xCC2F, 0xEC70, 0xF4B0, 0xFCD0, 0xFCD1, 0xF4D1, 0x7060, 0x6060, 0x5880, 0x60E0, 0x91C1, 0xB2A2, 0xB2E2, 0xAA82, 0x8A88, 0x7A26,
  0x71E5, 0x69C5, 0x5164, 0x4123, 0x4102, 0x40E2, 0x40E2, 0x40E2, 0x48E1, 0x5102, 0x5101, 0x50E1, 0x58C1, 0x58C0, 0x58A0, 0x5880,
  0x6080, 0xA120, 0xD1C1, 0xDA01, 0xC1C3, 0xB1C5, 0xA9E7, 0xA228, 0x9229, 0x8A29, 0x8229, 0x9249, 0xA28A, 0xAAAB, 0xAACB, 0xAAEC,
  0xB30C, 0xBB0C, 0xCB0C, 0xDB4C, 0xE36D, 0xD38D, 0xC36E, 0xD161, 0xE1E2, 0x936E, 0xF2C3, 0xF262, 0xE9A1, 0xD8E1, 0xC880, 0xC8A1,
  0xD101, 0xE44F, 0xF470, 0xFCB0, 0xFCD1, 0xF4F2, 0x6040, 0x5840, 0x5060, 0x58C0, 0x91E1, 0xBB03, 0xCB63, 0xBAE2, 0x9AC8, 0x8225,
  0x79E5, 0x69C4, 0x5963, 0x4923, 0x4923, 0x4903, 0x4902, 0x4902, 0x4902, 0x5102, 0x50E1, 0x48C1, 0x48C1, 0x50A0, 0x5080, 0x5080,
  0x6060, 0xA900, 0xD1A0, 0xE201, 0xC9C3, 0xB1C5, 0xA9E7, 0xAA08, 0x9A28, 0x8A29, 0x8A29, 0x9249, 0xA28A, 0xB2AB, 0xAACB, 0xAAEC,
  0xB30C, 0xBB2C, 0xCB2C, 0xD34C, 0xDB6D, 0xDB6D, 0xCB6D, 0xB36D, 0xA36E, 0x936E, 0xF2A3, 0xF283, 0xF1E2, 0xE121, 0xD0A1, 0xC881,
  0xD101, 0xE40F, 0xF44F, 0xFC90, 0xFCB1, 0x7060, 0x5840, 0x5040, 0x4860, 0x58C0, 0xECF1, 0xBB03, 0xCB84, 0xC303, 0xAB09, 0x9A45,
  0x8A04, 0x71C4, 0x5984, 0x5143, 0x5143, 0x5123, 0x5122, 0x5122, 0x5102, 0x5102, 0x48E1, 0x40C1, 0x40A0, 0x4080, 0x4080, 0x4060,
  0x6060, 0xA900, 0xD9A0, 0xE201, 0xC9C2, 0xB9C4, 0xB1E6, 0xAA08, 0x9A28, 0x8A09, 0x8A29, 0x9249, 0xAA6A, 0xB2AA, 0xB2CB, 0xB2EC,
  0xB32C, 0xBB4D, 0xCB4D, 0xD34D, 0xDB6D, 0xDB6D, 0xD36D, 0xC36D, 0xB36D, 0xD982, 0xEA63, 0xF2A3, 0xF222, 0xE941, 0xD8C1, 0x9B8E,
  0xC8E1, 0xDBEE, 0xF42F, 0xFC6F, 0xF4B1, 0x7880, 0x5840, 0x4840, 0xECD1, 0xECD0, 0xECF0, 0xF511, 0xED11, 0xDC6E, 0xC369, 0xAA65,
  0x9204, 0x79C4, 0x6184, 0x6184, 0x6163, 0x6142, 0x6122, 0x5922, 0x5102, 0x48E1, 0x48E1, 0x40C1, 0x40A0, 0x3880, 0x3860, 0x4060,
  0x6060, 0xA8E0, 0xD980, 0xE201, 0xD1E2, 0xB9C4, 0xB1C6, 0xB208, 0xA208, 0x8A08, 0x8A29, 0x9229, 0xAA6A, 0xBAAA, 0xBACB, 0xB30C,
  0xB34D, 0xC38D, 0xCB6D, 0xCB4D, 0xD34D, 0xDB6D, 0xD36D, 0xCB6D, 0xBB6D, 0xC901, 0xE1E2, 0xEA63, 0xF222, 0xE981, 0xD8E1, 0x9B6E,
  0xC901, 0xDBEE, 0xF42E, 0xF46F, 0xF4B0, 0x80C1, 0x5860, 0xE4D1, 0xECB0, 0xECB0, 0xF4D0, 0xF511, 0xF510, 0xEC8E, 0xDBAA, 0xBAA6,
  0x9A04, 0x79C4, 0x71A4, 0x71A4, 0x6963, 0x6942, 0x6942, 0x5901, 0x48E1, 0x48C1, 0x48C1, 0x40C1, 0x40A0, 0x40A0, 0x4080, 0x4080,
  0x6860, 0xA8E0, 0xD980, 0xE1E1, 0xD1E2, 0xC1C4, 0xB9C6, 0xB207, 0xA208, 0x9208, 0x8A08, 0x9229, 0xAA6A, 0xBAAA, 0xBACB, 0xB30C,
  0xC922, 0xD9E3, 0xCBAE, 0xCB6D, 0xD34D, 0xDB4D, 0xDB6D, 0xD36D, 0xCB8D, 0xB8A1, 0x9B8E, 0xE202, 0xF202, 0xF182, 0xE121, 0xD101,
  0xBBAE, 0xDC0E, 0xF44E, 0xF48F, 0xF4B0, 0x80C1, 0x5860, 0xDC90, 0xE470, 0xEC8F, 0xECB0, 0x91C2, 0xF4F0, 0xF48E, 0xE3CA, 0xCAC6,
  0xA224, 0x89C3, 0x81A3, 0x79A3, 0x6962, 0x6922, 0x6101, 0x50E1, 0x40A0, 0x40A0, 0x40A0, 0x40A0, 0x40A0, 0x48A0, 0x48A0, 0x4080,
  0x6860, 0xA8C0, 0xD960, 0xE9E1, 0xD9E2, 0xC9C3, 0xC1C6, 0xBA07, 0xAA08, 0x91E8, 0x8A08, 0x9209, 0xAA49, 0xC2AA, 0xBACB, 0xB30B,
  0xC942, 0xD9E3, 0xCBEE, 0xC38D, 0xCB4D, 0xD34D, 0xDB6D, 0xDB8D, 0xD3AE, 0xB060, 0xC0E1, 0xD182, 0xE9C2, 0xF1A2, 0xE162, 0xD942,
  0xD142, 0xE44E, 0xF48E, 0xF4AF, 0xEC8F, 0x78C1, 0x5860, 0xD450, 0xE44F, 0xEC6F, 0xEC6F, 0xEC90, 0xF4AF, 0xF46E, 0xEBEB, 0xD307,
  0xB225, 0x91C3, 0x89A3, 0x7962, 0x6121, 0x58E1, 0x50C1, 0x48A0, 0x4080, 0x3880, 0x3080, 0x3080, 0x4080, 0x48A0, 0x40A0, 0x4080,
  0x6860, 0xB0C0, 0xD960, 0xE9E1, 0xD9E1, 0xC9C3, 0xC1C5, 0xC1E7, 0xB208, 0x91E8, 0x89E8, 0x9208, 0xAA49, 0xBA8A, 0xBAAA, 0xB2EB,
  0xBB8D, 0xD9C2, 0xF202, 0xE961, 0xC36D, 0xD36C, 0xE38D, 0xE3AD, 0xDBCE, 0xC3CE, 0xB080, 0x8B6E, 0xD961, 0xE982, 0xE962, 0xE142,
  0xCBEE, 0xE46E, 0xF4AF, 0xF4AF, 0xEC8F, 0x70C1, 0x5880, 0x4840, 0xE44F, 0xEC4F, 0xEC4F, 0xEC4F, 0xEC6F, 0xF44E, 0xEC0C, 0xDB49,
  0xBA65, 0xA1E3, 0x8982, 0x6921, 0x58E1, 0x48C0, 0x40A0, 0x40A0, 0x3880, 0x3060, 0x2860, 0x2860, 0x3060, 0x3860, 0x3860, 0x3060,
  0x6860, 0xB0C0, 0xD940, 0xE9C0, 0xE1E1, 0xD1C3, 0xC9C5, 0xC1E7, 0xB1E7, 0x99E7, 0x89E8, 0x89E8, 0xA229, 0xBA6A, 0xBAAA, 0xAAEB,
  0xB38D, 0xD982, 0xE9C2, 0xE941, 0xC36D, 0xD36C, 0xE38C, 0xEBCD, 0xE3EE, 0xCBEE, 0xA040, 0x8B6E, 0x836D, 0x836E, 0x8B6E, 0xE142,
  0xCC0E, 0xEC8E, 0x8881, 0xF4AF, 0xEC6F, 0x70C1, 0x68A1, 0x5060, 0xE450, 0xE42F, 0xE42F, 0xEC2F, 0xEC2F, 0xF44E, 0xEC2D, 0xDB8A,
  0xC2A6, 0xA1E4, 0x8182, 0x6921, 0x58E0, 0x50C0, 0x40A0, 0x40A0, 0x4080, 0x3880, 0x3880, 0x3060, 0x3060, 0x3060, 0x2840, 0x2840,
  0x6860, 0xB0C0, 0xD920, 0xE9C0, 0xE1E1, 0xD1E3, 0xC9C4, 0xC1E6, 0xB9E7, 0x99C7, 0x81C7, 0x89E8, 0xA208, 0xB249, 0xB26A, 0xA2AA,
  0xAB6C, 0xD141, 0xE9A2, 0xE921, 0xBB6D, 0xD38C, 0xE3AD, 0xEC0D, 0xEC2E, 0xD40E, 0xA040, 0x8B6D, 0x7B4D, 0x834D, 0x8B6E, 0xE101,
  0xD40E, 0xEC6E, 0xF4AF, 0xF48E, 0xE42E, 0x68C1, 0x68C1, 0x60A0, 0xE450, 0xE40F, 0xE40F, 0xE40F, 0xE42F, 0xEC4F, 0xE42E, 0xD3AB,
  0xBAC8, 0x9A25, 0x81A3, 0x7162, 0x6901, 0x50E0, 0x48A0, 0x48A0, 0x48A0, 0x50C0, 0x50A0, 0x40A0, 0x3880, 0x3060, 0x2840, 0x2840,
  0x7060, 0xB0C0, 0xE120, 0xE9A0, 0xE1E1, 0xD9E2, 0xC9C4, 0xC9C6, 0xB9E7, 0x99C7, 0x81C7, 0x81C7, 0x99E8, 0xAA29, 0xAA49, 0x9A89,
  0xA32C, 0xD101, 0xE961, 0xE921, 0xBB6C, 0xCB8C, 0xDBCD, 0xEC2D, 0xEC4E, 0xD40E, 0xA040, 0x8B6D, 0x7B4D, 0x7B4D, 0x8B4E, 0xE101,
  0xD3EE, 0xEC2E, 0xF44E, 0xF42E, 0xDC0E, 0x68C1, 0x70E1, 0x68E1, 0xE430, 0xE40F, 0xE40F, 0xE42F, 0xE44F, 0xE44F, 0xD42F, 0x9263,
  0xA2E9, 0x8A46, 0x79E4, 0x71A3, 0x6942, 0x58E1, 0x50C0, 0x50C0, 0x60C0, 0x68E0, 0x68E0, 0x50C0, 0x4080, 0x3860, 0x2860, 0x2840,
  0x7080, 0xB8A0, 0xE100, 0xE980, 0xE9E1, 0xD9E2, 0xD1C4, 0xC9C6, 0xB9C6, 0x99C7, 0x81A7, 0x81A7, 0x91C8, 0xA208, 0x9A28, 0x9249,
  0x9AEB, 0xD0E1, 0xC3EE, 0xBBAD, 0xB36C, 0xC38C, 0xDBCD, 0xE42D, 0xE44E, 0xCC0E, 0xA881, 0x8B6D, 0x7B4D, 0x834D, 0x934D, 0xD8E1,
  0xDBCE, 0xEBEE, 0xF3EE, 0xE3EE, 0xD3CE, 0x60A1, 0x70E1, 0x7921, 0xDC30, 0xE42F, 0xE42F, 0xE44F, 0xE470, 0x9AA4, 0xB365, 0xC384,
  0x82E9, 0x7247, 0x6A06, 0x69C5, 0x6983, 0x6142, 0x6101, 0x6100, 0x6900, 0x7100, 0x6900, 0x58C0, 0x4880, 0x3880, 0x3060, 0x2840,
  0x7080, 0xB8A0, 0xE100, 0xE960, 0xE9C1, 0xD9E2, 0xD1C3, 0xC9C5, 0xB9C6, 0x99A7, 0x81A7, 0x79A7, 0x89C7, 0x91E8, 0x9208, 0x8228,
  0x8ACA, 0xD900, 0xBBAD, 0xB38C, 0xAB4C, 0xB36C, 0xCBCD, 0xDC2D, 0xDC2E, 0xCC0E, 0xB8E1, 0x8B6D, 0x834D, 0x832D, 0xD0E1, 0xB36D,
  0xDB8D, 0xEBAD, 0xEBAD, 0xDBAD, 0xC3AE, 0x6080, 0x78E1, 0x8942, 0xD430, 0xDC50, 0xE470, 0xE490, 0x9284, 0xC407, 0xDC88, 0x834C,
  0x72C9, 0x6248, 0x6207, 0x6A06, 0x71E5, 0x71A3, 0x7161, 0x7121, 0x7120, 0x7100, 0x68E0, 0x58C0, 0x48A0, 0x3880, 0x3060, 0x2840,
  0x7080, 0xB8A0, 0xE0E0, 0xE960, 0xE9A1, 0xD9C2, 0xD1C3, 0xC9A5, 0xB9A6, 0x99A6, 0x8186, 0x7987, 0x81A7, 0x89C7, 0x89C7, 0x7A08,
  0x8289, 0xE120, 0xB36C, 0xAB4C, 0x9B2C, 0xA34C, 0xBBAC, 0xCC0D, 0xD40E, 0xBBEE, 0xC142, 0x8B6D, 0xB060, 0x8B2D, 0xC0A1, 0xBB4D,
  0xD36D, 0xE38D, 0xDB8D, 0xC38D, 0x5840, 0x6060, 0x70C1, 0x8942, 0x8982, 0x6101, 0x48C1, 0x71C3, 0xB387, 0xB387, 0x8BAD, 0x730B,
  0x6AA9, 0x6248, 0x5A27, 0x6A47, 0x7A26, 0x79E4, 0x7982, 0x7941, 0x7100, 0x68E0, 0x60E0, 0x58E0, 0x48A0, 0x3880, 0x3060, 0x2840,
  0x7880, 0xB8A0, 0xE0E0, 0xE940, 0xE9A0, 0xE1C1, 0xD1A3, 0xC9A4, 0xB9A5, 0x99A6, 0x8186, 0x7986, 0x8187, 0x89A7, 0x81A7, 0x71E7,
  0x8248, 0x9AEA, 0xAB2B, 0x9B2B, 0x930B, 0x932B, 0xA36C, 0xB860, 0xC3EE, 0xC142, 0xC982, 0xC102, 0xA880, 0xA860, 0xB060, 0xB32D,
  0xD34D, 0xDB6D, 0xCB6D, 0x6820, 0x6040, 0x6860, 0x6881, 0x7901, 0x7122, 0x58E1, 0x50E1, 0x8223, 0xC428, 0xDCC9, 0x836C, 0x72EA,
  0x72A8, 0x6A68, 0x6247, 0x6A47, 0x7A26, 0x79C4, 0x7162, 0x6900, 0x60E0, 0x60E0, 0x58E0, 0x58E0, 0x50C0, 0x3880, 0x3060, 0x3060,
  0x7880, 0xC0A0, 0xE0E0, 0xE920, 0xE980, 0xE1A1, 0xD1A2, 0xC984, 0xB985, 0x9986, 0x8186, 0x7986, 0x7986, 0x8187, 0x79A7, 0x71C7,
  0x7A28, 0x9AAA, 0xA2EB, 0x92EB, 0x82CA, 0x82EB, 0x932B, 0xC060, 0xB8A1, 0xC142, 0xC9C3, 0xC142, 0xA881, 0x9840, 0xA861, 0xAB2D,
  0xC32D, 0xCB4D, 0xBB6D, 0x7840, 0x7040, 0x6840, 0x6060, 0x60A1, 0x58C1, 0x40A1, 0x50E1, 0x9284, 0xD468, 0xDCA9, 0x7B4C, 0x72A9,
  0x7267, 0x6A47, 0x6227, 0x6A46, 0x7225, 0x71A3, 0x6121, 0x58C0, 0x50A0, 0x50C0, 0x58E0, 0x58E0, 0x50C0, 0x4080, 0x3860, 0x3880,
  0x7880, 0xC0A0, 0xE0E0, 0xE900, 0xE140, 0xE181, 0xD182, 0xC983, 0xB164, 0x9985, 0x8966, 0x7966, 0x7966, 0x8186, 0x7986, 0x71A6,
  0x7A07, 0x9A89, 0x9ACA, 0x8AAA, 0x7AAA, 0x72CA, 0x830B, 0x934C, 0xC0A0, 0xC122, 0xC9C3, 0xC162, 0xA8A1, 0x9060, 0xA0A1, 0xA30D,
  0xB32D, 0xBB4D, 0xB36D, 0x9040, 0x8040, 0x7060, 0x6060, 0x5080, 0x4060, 0x3860, 0x50E1, 0x9AC5, 0xDCCA, 0xDCCA, 0x7B2B, 0x6A68,
  0x6A26, 0x6A26, 0x6206, 0x6A06, 0x7A05, 0x79A3, 0x6101, 0x50A0, 0x4880, 0x48A0, 0x58C0, 0x58E0, 0x50E0, 0x40A0, 0x3880, 0x48A0,
  0x7880, 0xC0A0, 0xE8C0, 0xE8E0, 0xE120, 0xD961, 0xD161, 0xC963, 0xB164, 0x9965, 0x8965, 0x8166, 0x8166, 0x8166, 0x7986, 0x7186,
  0x79E7, 0x9248, 0x9289, 0x8289, 0x728A, 0x6AAA, 0x72CB, 0x830C, 0xC080, 0xC0E1, 0xC983, 0xC962, 0xB0E1, 0x98A1, 0xA8E2, 0xC9C3,
  0xA30D, 0xAB4D, 0xB0A1, 0xA060, 0x8860, 0x7860, 0x6880, 0x5080, 0x4060, 0x4060, 0x58E1, 0x9AC5, 0x9AC5, 0x730B, 0x730B, 0x6227,
  0x61E5, 0x61E5, 0x61E5, 0x79E5, 0x9204, 0x91C2, 0x7101, 0x50A0, 0x4080, 0x48A0, 0x50C0, 0x58E0, 0x50C0, 0x4080, 0x3880, 0x48A0,
  0x7880, 0xC0C0, 0xE8C0, 0xE8E0, 0xE120, 0xD941, 0xD161, 0xC942, 0xB143, 0x9945, 0x8965, 0x8165, 0x8165, 0x8166, 0x7966, 0x7986,
  0x81E7, 0x9228, 0x9269, 0x7A69, 0x6A69, 0x628A, 0x6AAA, 0x72EB, 0xC880, 0xB8A1, 0xC122, 0xC942, 0xC102, 0xB0C1, 0x8B2D, 0x932D,
  0x932D, 0xD182, 0xB8C1, 0xA861, 0x9081, 0x8881, 0x70A1, 0x5880, 0x5080, 0x50A0, 0x58E1, 0x9A84, 0xD489, 0xE4CA, 0x730B, 0x6226,
  0x61E5, 0x61C4, 0x69A4, 0x89C4, 0xAA03, 0xA9E2, 0x8940, 0x58A0, 0x4880, 0x50A0, 0x50C0, 0x50A0, 0x48A0, 0x4080, 0x4060, 0x4880,
  0x8080, 0xC0C0, 0xE8C0, 0xE8C0, 0xE100, 0xD920, 0xD941, 0xC942, 0xB123, 0x9944, 0x8965, 0x8145, 0x8145, 0x8145, 0x8165, 0x7986,
  0x89C7, 0x9228, 0x8A49, 0x7249, 0x6269, 0x6269, 0x628A, 0x6ACB, 0x830C, 0xB861, 0xB8C1, 0x8B2C, 0x830C, 0x8B2C, 0x8B4D, 0x8B4D,
  0x932D, 0x934C, 0xA8C1, 0x9860, 0x9081, 0x8BCF, 0x80C1, 0x68C1, 0x68E1, 0x60C1, 0x60E1, 0x8A02, 0xCBC6, 0xD3E6, 0x730B, 0x6A47,
  0x69E5, 0x69C4, 0x7183, 0x99A2, 0xC222, 0xC242, 0xA1A1, 0x70E0, 0x60A0, 0x58C0, 0x50A0, 0x4880, 0x5080, 0x5060, 0x5860, 0x6080,
  0x8080, 0xC8C0, 0xE8C0, 0xE8C0, 0xE0E0, 0xD900, 0xD921, 0xC921, 0xB122, 0x9924, 0x8945, 0x8945, 0x8924, 0x8145, 0x8145, 0x8186,
  0x89C6, 0x9207, 0x8228, 0x7249, 0x6249, 0x5A69, 0x628A, 0x62AA, 0x7AEB, 0xB040, 0x8B2C, 0x830C, 0x832C, 0x8B4D, 0xC901, 0xC982,
  0x934D, 0x8B4C, 0x8B4C, 0x7B4D, 0x7B8E, 0x83AF, 0x9122, 0x8942, 0x8142, 0x6901, 0x60E1, 0x8181, 0xB2E3, 0xC304, 0x7B0B, 0x7267,
  0x7A25, 0x71C4, 0x7163, 0xA1A2, 0xD282, 0xDAE2, 0xBA01, 0x9920, 0x80C0, 0x70C0, 0x60A0, 0x6080, 0x7080, 0x7880, 0x8860, 0x8080,
  0x8080, 0xC8C0, 0xE8C0, 0xE8C0, 0xE0C0, 0xD900, 0xD900, 0xC901, 0xB102, 0x9903, 0x8924, 0x8924, 0x8904, 0x8924, 0x8925, 0x8985,
  0x91C6, 0x9207, 0x8208, 0x6A28, 0x6249, 0x5A69, 0x5A6A, 0x628A, 0x72CA, 0xB040, 0x8B0B, 0x830B, 0x832C, 0xD0C1, 0xC8E1, 0xC122,
  0xB142, 0x98E1, 0x7B2C, 0x732D, 0x736D, 0x7BAE, 0xA9A3, 0xA1C3, 0x9182, 0x6901, 0x58C1, 0x7141, 0xA242, 0xB283, 0x7B2B, 0x7A88,
  0x7A26, 0x71C4, 0x7163, 0xA1C2, 0xD2C2, 0xE322, 0xDA41, 0xB960, 0xA100, 0x90E0, 0x90E0, 0x90E0, 0xA0C0, 0xA880, 0xA860, 0x9860,
  0x8080, 0xC8C0, 0xE8C0, 0xE8C0, 0xE0C0, 0xD8E0, 0xD900, 0xC901, 0xB0E1, 0x98E3, 0x9104, 0x8904, 0x90E3, 0x88E4, 0x8924, 0x9185,
  0x91C6, 0x89E7, 0x7A08, 0x6A08, 0x6228, 0x6249, 0x5A69, 0x5A69, 0x6AAA, 0x7ACB, 0x82EB, 0x830B, 0xC8A1, 0xC8C1, 0xC0A1, 0xB8E1,
  0xB142, 0x9901, 0x7B0C, 0x6B2C, 0x734D, 0x7B8E, 0xBA04, 0xA9E3, 0x8962, 0x60E1, 0x50C1, 0x6901, 0x89C2, 0xA242, 0x836C, 0x7AA8,
  0x6A26, 0x61A4, 0x6963, 0x99C2, 0xCA82, 0xE2C2, 0xE200, 0xD140, 0xC120, 0xB900, 0xB900, 0xC120, 0xC0E0, 0xC080, 0xB840, 0x9840,
  0x8080, 0xC8C0, 0xE8E0, 0xE8C0, 0xE0C0, 0xD8C0, 0xD8E0, 0xC8E0, 0xB0C1, 0x98E2, 0x88E3, 0x90E3, 0x90C3, 0x90C3, 0x9104, 0x9165,
  0x91C6, 0x81E7, 0x71E7, 0x6A08, 0x6208, 0x5A28, 0x5A49, 0x5A49, 0x6269, 0x72AA, 0xA020, 0x8B0B, 0xC081, 0xC0C1, 0xB8A1, 0xB0E1,
  0xB182, 0xA962, 0x730C, 0x6B0C, 0x6B4D, 0x7B8E, 0xBA03, 0xA1A3, 0x7921, 0x50A1, 0x48A0, 0x58E1, 0x7982, 0x9A43, 0x9A43, 0x6AA9,
  0x59E6, 0x4984, 0x5963, 0x89A2, 0xB1E1, 0xC1C0, 0xC960, 0xC100, 0xB8E0, 0xB8E0, 0xB100, 0xB900, 0xC0C0, 0xC060, 0xB040, 0x9040,
  0x8080, 0xC8C0, 0xE8E0, 0xF0E0, 0xE0C0, 0xD8C0, 0xD8E0, 0xD0E0, 0xB8C1, 0x98C2, 0x88C2, 0x90C2, 0x98A2, 0x98A2, 0x98E3, 0x9165,
  0x89C6, 0x79C7, 0x69C7, 0x61C7, 0x61E7, 0x5A08, 0x5228, 0x5228, 0x5A49, 0x728A, 0x82CA, 0x8B0B, 0xC081, 0xC0A1, 0xB0A1, 0xA8E1,
  0xB9E3, 0xB9E3, 0x72EC, 0x6B0C, 0x734D, 0x7B8E, 0x83CF, 0x9142, 0x70C1, 0x5080, 0x4880, 0x50A0, 0x6921, 0x9203, 0xA2A4, 0x62CA,
  0x49C6, 0x4984, 0x5983, 0x7162, 0x8961, 0x9100, 0x90E0, 0x90C0, 0x90A0, 0x88A0, 0x88C0, 0x90C0, 0x98A0, 0x9860, 0x9040, 0x7840,
  0x80A0, 0xC8E0, 0xE8E0, 0xF0E0, 0xE0E0, 0xD8E0, 0xD8E0, 0xD0E0, 0xB8C1, 0x98A1, 0x88A2, 0x9082, 0x9881, 0x98A2, 0x98E3, 0x9144,
  0x89A6, 0x71C6, 0x61A7, 0x61A7, 0x59A6, 0x59C7, 0x51E7, 0x4A08, 0x5228, 0x6A69, 0x7AAA, 0x8B0B, 0xC081, 0xC0A1, 0xA881, 0xA902,
  0xB9E3, 0x7B0C, 0x6AEC, 0x730C, 0xA983, 0xA183, 0x9142, 0x83CF, 0x68A1, 0x5060, 0x4080, 0x4880, 0x50E1, 0x79A2, 0xA2A5, 0x62EB,
  0x4A06, 0x51A4, 0x6183, 0x6962, 0x6901, 0x60C0, 0x60A0, 0x68A0, 0x60A0, 0x60A0, 0x60A0, 0x6080, 0x6060, 0x6860, 0x6860, 0x5860,
  0x88A0, 0xD0E0, 0xF100, 0xF100, 0xE8E0, 0xD8E0, 0xD8E0, 0xD0E0, 0xB8A0, 0x9881, 0x8881, 0x9061, 0xA061, 0xA081, 0xA0C2, 0x9124,
  0x8185, 0x69A6, 0x61A6, 0x5986, 0x5165, 0x5186, 0x49A6, 0x49C7, 0x5208, 0x6249, 0x7A89, 0x8AEB, 0xC880, 0xC0A1, 0xA8A1, 0xA102,
  0xB1C3, 0x72EB, 0x72EB, 0x7AEC, 0x832D, 0xA183, 0x9142, 0x83CF, 0x70C1, 0x5881, 0x4880, 0x4060, 0x4080, 0x6941, 0x9244, 0x732C,
  0x6247, 0x6A05, 0x69C3, 0x6982, 0x5921, 0x50C0, 0x48A0, 0x50A0, 0x50A0, 0x50A0, 0x48A0, 0x4080, 0x4060, 0x4060, 0x4060, 0x3880,
  0x88A0, 0xD0E0, 0xF100, 0xF100, 0xE900, 0xE0E0, 0xD8E0, 0xD0C0, 0xB8A0, 0x9861, 0x8861, 0x9061, 0xA041, 0xA861, 0xA0C2, 0x9123,
  0x7965, 0x6986, 0x5966, 0x5145, 0x5125, 0x4945, 0x4165, 0x41A6, 0x49E7, 0x5A28, 0x6A69, 0x82CA, 0x832C, 0xC8A1, 0x834D, 0x7B2C,
  0x730C, 0x72EB, 0x7AEB, 0x8B0C, 0x932D, 0x8B6D, 0xA1C4, 0x83AE, 0x8902, 0x70C1, 0x50A1, 0x4060, 0x3880, 0x5901, 0x79A2, 0x838D,
  0x7AE9, 0x8265, 0x79E3, 0x6982, 0x5941, 0x48C0, 0x48A0, 0x50C0, 0x50C0, 0x50E0, 0x48C0, 0x3880, 0x2860, 0x2860, 0x3060, 0x3080,
  0x88A0, 0xD100, 0xF120, 0xF120, 0xE920, 0xE100, 0xD8E0, 0xD0C0, 0xC0A0, 0x9860, 0x8840, 0x9040, 0xA040, 0xA861, 0xA0A1, 0x8903,
  0x7944, 0x6165, 0x5945, 0x5125, 0x4904, 0x4104, 0x4124, 0x4186, 0x49C7, 0x5207, 0x6228, 0x7AAA, 0x82EB, 0x832C, 0x7B2C, 0x7B0C,
  0x72EB, 0x7AEB, 0x930C, 0xA32C, 0xA34C, 0xAA25, 0x836E, 0x83AE, 0xA1A3, 0x8942, 0x60C1, 0x4080, 0x3880, 0x50E1, 0x5901, 0x50E1,
  0x9B6B, 0x9AC6, 0x8A23, 0x71A2, 0x5921, 0x50E0, 0x48C0, 0x50C0, 0x50E0, 0x48E0, 0x40C0, 0x3080, 0x2060, 0x2060, 0x2860, 0x2880,
  0x88A0, 0xD100, 0xF120, 0xF140, 0xE920, 0xE100, 0xD8E0, 0xD0C0, 0xC080, 0xA040, 0x8840, 0x9020, 0xA040, 0xB061, 0xA0A1, 0x88E2,
  0x7103, 0x6924, 0x5925, 0x5104, 0x40E3, 0x38C3, 0x3904, 0x4165, 0x49C7, 0x49E7, 0x5A08, 0x7269, 0x7ACB, 0x830B, 0x830C, 0x830B,
  0x830B, 0x932C, 0xAB6C, 0xBB6C, 0xBB4C, 0xA34D, 0x8B6D, 0x8BAE, 0xA9E4, 0x9183, 0x6102, 0x4080, 0x3880, 0x48C1, 0x48C1, 0x4080,
  0x40C1, 0xB328, 0x9243, 0x7181, 0x5920, 0x50E0, 0x50C0, 0x50E0, 0x48C0, 0x40A0, 0x3080, 0x2860, 0x2860, 0x2060, 0x2060, 0x2860,
  0x88A0, 0xD100, 0xF140, 0xF140, 0xF140, 0xE120, 0xD900, 0xD0C0, 0xB880, 0xA040, 0x8820, 0x9020, 0xA820, 0xB060, 0xA8A1, 0x88C2,
  0x78E3, 0x6904, 0x6104, 0x5104, 0x40C3, 0x38C3, 0x38E3, 0x4165, 0x49A6, 0x49C7, 0x51E7, 0x6A48, 0x82CA, 0x930B, 0x932B, 0x932B,
  0x934C, 0xA3AD, 0x7880, 0xCBAD, 0xCB6D, 0xB36D, 0x9B8E, 0x93CF, 0x91A3, 0x8163, 0x58E1, 0x4080, 0x3860, 0x3880, 0x3880, 0x3060,
  0x30A0, 0xBB8A, 0x9A64, 0x7981, 0x6940, 0x6120, 0x6100, 0x5900, 0x48C0, 0x3080, 0x2860, 0x2860, 0x2880, 0x28A1, 0x2060, 0x2060,
  0x88C0, 0xD120, 0xF140, 0xF160, 0xF160, 0xE120, 0xD900, 0xC8C0, 0xB880, 0xA040, 0x8820, 0x8820, 0xA020, 0xB060, 0xA8A1, 0x88A1,
  0x78A2, 0x70E3, 0x68E3, 0x58E3, 0x40A2, 0x38A2, 0x40E3, 0x4945, 0x49A6, 0x49C6, 0x51C7, 0x7248, 0x92CA, 0xA32B, 0xA34C, 0xAB4C,
  0xAB8C, 0x8860, 0x6840, 0xD3CD, 0xD38D, 0xC38D, 0xA1C4, 0x9BEF, 0x7122, 0x6102, 0x48A1, 0x3880, 0x3060, 0x3060, 0x3060, 0x2860,
  0x2060, 0xC3CB, 0x9A85, 0x81C2, 0x7981, 0x7981, 0x7981, 0x7161, 0x50E0, 0x3080, 0x2060, 0x2860, 0x30C1, 0x30A1, 0x2060, 0x2060,
  0x88C0, 0xD920, 0xF140, 0xF980, 0xF160, 0xE140, 0xD100, 0xC8C0, 0xB880, 0xA040, 0x8020, 0x8800, 0xA020, 0xB080, 0xA0A1, 0x8881,
  0x8081, 0x78A2, 0x78C3, 0x60C3, 0x48A2, 0x38A2, 0x40E4, 0x5145, 0x49A6, 0x49A6, 0x59C7, 0x7A48, 0xA2EA, 0xB32B, 0xB34C, 0xBB6C,
  0xBBAD, 0x8860, 0x6040, 0xD3CD, 0xD38D, 0xCBAE, 0xA163, 0x9122, 0x70E1, 0x50A1, 0x3880, 0x3880, 0x3060, 0x3060, 0x3060, 0x2860,
  0x2040, 0x1840, 0x9AA6, 0x89E2, 0x89C1, 0x9202, 0x9222, 0x81E2, 0x6121, 0x3880, 0x2860, 0x3080, 0x38C1, 0x30A1, 0x2860, 0x2060,
  0x88C0, 0xD920, 0xF160, 0xF980, 0xF180, 0xE140, 0xD100, 0xC0C0, 0xB060, 0x9840, 0x8020, 0x8000, 0x9820, 0xA860, 0xA081, 0x8860,
  0x8061, 0x8881, 0x80A2, 0x70A2, 0x50A2, 0x40A2, 0x4904, 0x5165, 0x5186, 0x49A6, 0x61C7, 0x8A68, 0xB2EA, 0xBB2B, 0xBB4C, 0xBB4C,
  0xBBAD, 0x9060, 0xC3CE, 0xCB8D, 0xD36D, 0xCBAE, 0xA942, 0xA122, 0x78E1, 0x5081, 0x3860, 0x3080, 0x3080, 0x3080, 0x3060, 0x2860,
  0x2040, 0x1820, 0x9AC7, 0x89E3, 0x91E2, 0xA242, 0xAAA3, 0x9222, 0x6941, 0x48C0, 0x40A0, 0x38A0, 0x40C0, 0x38A0, 0x2880, 0x2060,
  0x90C0, 0xD940, 0xF160, 0xF980, 0xF180, 0xE140, 0xC8E0, 0xB8A0, 0xA860, 0x9840, 0x7800, 0x7800, 0x9020, 0xA860, 0xA080, 0x8860,
  0x8840, 0x9061, 0x9082, 0x7882, 0x58A2, 0x48C3, 0x4904, 0x5165, 0x5186, 0x51A6, 0x69E7, 0x9A48, 0xBACA, 0xBB0B, 0xB30B, 0xB32B,
  0xB34C, 0xB36D, 0xB34C, 0xB32C, 0xC36D, 0xCBCF, 0xB983, 0xB162, 0x8902, 0x58A1, 0x3860, 0x3080, 0x3080, 0x3880, 0x3080, 0x2860,
  0x2040, 0x2040, 0x9B29, 0x8A24, 0x9202, 0xA262, 0xA283, 0x9202, 0x7141, 0x6100, 0x50E0, 0x48C0, 0x40A0, 0x3080, 0x2860, 0x2860,
  0x90E0, 0xD940, 0xF180, 0xF9A0, 0xF180, 0xE140, 0xC8E0, 0xB0A0, 0xA060, 0x9020, 0x7800, 0x7000, 0x8820, 0xA060, 0xA080, 0x9040,
  0x9020, 0x9841, 0xA061, 0x8882, 0x6082, 0x50C3, 0x5104, 0x5965, 0x5986, 0x59A6, 0x79C7, 0xA248, 0xB289, 0xAACA, 0xA2CA, 0x9ACB,
  0xA2EB, 0x9AEB, 0x92CB, 0xA2EC, 0xBB4D, 0xCBEF, 0xC1C3, 0xB1A3, 0x8922, 0x58C1, 0x4080, 0x3880, 0x3880, 0x38A0, 0x38A0, 0x2860,
  0x2040, 0x2860, 0x40C1, 0x9265, 0x89E2, 0x9202, 0x89E2, 0x7961, 0x7941, 0x7141, 0x6101, 0x48C0, 0x3880, 0x3060, 0x2860, 0x2860,
  0x90E0, 0xD940, 0xF180, 0xF9A0, 0xF1A0, 0xE140, 0xC0C0, 0xA880, 0xA040, 0x8820, 0x7000, 0x6800, 0x8020, 0x9840, 0xA060, 0x9840,
  0x9820, 0xA040, 0xA841, 0x9061, 0x6882, 0x58C3, 0x5904, 0x6165, 0x6186, 0x6186, 0x81C6, 0x9A07, 0xA248, 0x9A69, 0x8A69, 0x8A8A,
  0x8A8A, 0x828A, 0x7A8A, 0x8ACB, 0xAB6D, 0xC40F, 0xC1E3, 0xA182, 0x7901, 0x58C1, 0x48C1, 0x4080, 0x3880, 0x40A1, 0x38A1, 0x2860,
  0x2860, 0x38C1, 0x5941, 0x8AA6, 0x79C2, 0x7161, 0x6921, 0x6921, 0x7961, 0x8182, 0x6921, 0x48C0, 0x3880, 0x2860, 0x2860, 0x2060,
  0x90E0, 0xD960, 0xF180, 0xF1A0, 0xF1A0, 0xE120, 0xC0C0, 0xA880, 0x9840, 0x8820, 0x7000, 0x6800, 0x7820, 0x9040, 0xA060, 0xA040,
  0xA020, 0xA820, 0xA841, 0x9041, 0x7062, 0x60A2, 0x6904, 0x7145, 0x6965, 0x6965, 0x8186, 0x91C6, 0x9207, 0x8228, 0x7A29, 0x7A49,
  0x7A49, 0x7249, 0x6A69, 0x82CB, 0xC222, 0xBA03, 0xA9C3, 0x8142, 0x60C1, 0x50C1, 0x48C1, 0x40A0, 0x3880, 0x40A0, 0x38A1, 0x3080,
  0x3080, 0x48E1, 0x6182, 0x82A7, 0x6162, 0x50E0, 0x50C0, 0x6101, 0x81A1, 0x81A2, 0x6941, 0x50C0, 0x3880, 0x2860, 0x2860, 0x2060,
  0x90E0, 0xD960, 0xF180, 0xF1A0, 0xF180, 0xE120, 0xC0A0, 0xA060, 0x9040, 0x8020, 0x6800, 0x6000, 0x7020, 0x8840, 0xA040, 0xA840,
  0xA820, 0xA820, 0xA840, 0x9041, 0x7061, 0x6082, 0x70E3, 0x7944, 0x7144, 0x7144, 0x8145, 0x8965, 0x81A6, 0x71E7, 0x69E8, 0x6A08,
  0x6A08, 0x6208, 0x6249, 0x72AB, 0xB9E2, 0xA9C2, 0x8962, 0x68E1, 0x50A0, 0x940F, 0x40A0, 0x4080, 0x3880, 0x3880, 0x3080, 0x3080,
  0x3080, 0x48E1, 0x5921, 0x7AC8, 0x5142, 0x48C0, 0x40A0, 0x5900, 0x7981, 0x79A1, 0x6121, 0x48C0, 0x3880, 0x2860, 0x2860, 0x2060,
  0x90E0, 0xD960, 0xF180, 0xF1A0, 0xF180, 0xD920, 0xB8A0, 0xA040, 0x9020, 0x8020, 0x6800, 0x6000, 0x6820, 0x8820, 0xA840, 0xB040,
  0xB040, 0xB020, 0xA820, 0x9040, 0x7041, 0x6881, 0x78C2, 0x8903, 0x7903, 0x7103, 0x8103, 0x8124, 0x7185, 0x61A6, 0x59C7, 0x59C7,
  0x61E7, 0x59E7, 0x5A28, 0x6A8A, 0xA961, 0x9141, 0x7101, 0x58A1, 0x4880, 0x4080, 0x4080, 0x3860, 0x3060, 0x2860, 0x2860, 0x2860,
  0x3080, 0x38A0, 0x40C0, 0x38A0, 0x5983, 0x48C0, 0x48C0, 0x50E0, 0x6141, 0x6121, 0x50E0, 0x38A0, 0x3060, 0x2860, 0x2860, 0x2860,
  0x90E0, 0xD960, 0xF180, 0xF1A0, 0xF180, 0xD900, 0xB880, 0xA040, 0x9020, 0x8020, 0x7000, 0x6000, 0x6820, 0x8820, 0xB040, 0xB860,
  0xB040, 0xB020, 0xA020, 0x8820, 0x7020, 0x6861, 0x80A2, 0x90E2, 0x78C2, 0x70A2, 0x80C2, 0x80E3, 0x6944, 0x5965, 0x5186, 0x5186,
  0x51A6, 0x51A6, 0x59E7, 0x6A89, 0x832C, 0x8B6D, 0x70E1, 0x58A1, 0x50A0, 0x4880, 0x4080, 0x3060, 0x2840, 0x2040, 0x1840, 0x2860,
  0x3080, 0x3880, 0x3880, 0x40A0, 0x61E5, 0x5921, 0x50E0, 0x5100, 0x5101, 0x48C0, 0x3880, 0x3060, 0x2840, 0x2860, 0x2860, 0x2880,
  0x9100, 0xD960, 0xF180, 0xF180, 0xE980, 0xD900, 0xB880, 0x9820, 0x9020, 0x8820, 0x7800, 0x6800, 0x7000, 0x8820, 0xB060, 0xC060,
  0xB840, 0xA820, 0xA020, 0x8020, 0x6820, 0x6840, 0x8881, 0x90A1, 0x7881, 0x7861, 0x8881, 0x80C2, 0x6903, 0x5144, 0x5145, 0x4945,
  0x4944, 0x5165, 0x59C6, 0x6A69, 0x7B0B, 0x9102, 0x7B6C, 0x7B6D, 0x7B8D, 0x50A0, 0x4080, 0x3060, 0x2040, 0x1820, 0x1820, 0x2040,
  0x3080, 0x3880, 0x38A0, 0x48E1, 0x7246, 0x6162, 0x6121, 0x5901, 0x5101, 0x40C0, 0x3080, 0x2860, 0x2860, 0x2860, 0x3080, 0x30A0,
  0x9900, 0xD960, 0xF180, 0xF180, 0xE960, 0xD900, 0xB860, 0xA020, 0x9820, 0x9020, 0x8000, 0x7000, 0x7020, 0x9020, 0xB860, 0xC860,
  0xB840, 0xA820, 0x9020, 0x7820, 0x6000, 0x6840, 0x8861, 0x8881, 0x7860, 0x8040, 0x9061, 0x8081, 0x60C2, 0x5103, 0x4903, 0x40E3,
  0x40E3, 0x4903, 0x6185, 0x6A48, 0xA0C1, 0xA942, 0x732C, 0x732C, 0x7B4C, 0x836D, 0x4080, 0x7B8D, 0x7B8D, 0x7BAE, 0x83CE, 0x2860,
  0x40A0, 0x48E1, 0x48E1, 0x5101, 0x7A88, 0x6182, 0x5901, 0x50E0, 0x48E1, 0x40C0, 0x40C0, 0x38A0, 0x3080, 0x3060, 0x3080, 0x38C1,
  0x9900, 0xD960, 0xF180, 0xF180, 0xE960, 0xD8E0, 0xC060, 0xA820, 0xA020, 0x9820, 0x8820, 0x8020, 0x8020, 0x9820, 0xC060, 0xC860,
  0xB840, 0xA020, 0x8820, 0x6800, 0x5000, 0x6020, 0x8060, 0x8060, 0x7840, 0x8820, 0x9840, 0x8861, 0x6081, 0x50A2, 0x48A2, 0x3882,
  0x3881, 0x50C2, 0x6944, 0x71E6, 0xB0E1, 0x72EA, 0x730B, 0x730B, 0x7B0B, 0x48A0, 0x4080, 0x732C, 0x6B2C, 0x6B4C, 0x736D, 0x7BCE,
  0x50E1, 0x6121, 0x5921, 0x40E1, 0x40E1, 0x5983, 0x40C0, 0x38A0, 0x40C0, 0x40C1, 0x48E1, 0x40C0, 0x38A0, 0x3880, 0x38A0, 0x40E1,
  0x9900, 0xD980, 0xF180, 0xE960, 0xE940, 0xE0E0, 0xC060, 0xA820, 0xA820, 0xA020, 0x9820, 0x9020, 0x8820, 0xA020, 0xC060, 0xC860,
  0xB840, 0xA020, 0x8020, 0x5800, 0x4800, 0x5820, 0x7040, 0x7840, 0x8020, 0x9020, 0xA040, 0x8840, 0x6061, 0x5061, 0x4061, 0x3041,
  0x3840, 0x5881, 0x70E3, 0x7185, 0x7247, 0x72A9, 0x6ACA, 0x72CA, 0x7ACA, 0x7ACA, 0x3860, 0x62CA, 0x62CA, 0x62EB, 0x632C, 0x736D,
  0x8BEF, 0x6962, 0x5121, 0x30A0, 0x38A0, 0x5184, 0x38A0, 0x2860, 0x3080, 0x38A0, 0x38A0, 0x38A0, 0x38A0, 0x38A0, 0x40C0, 0x4101,
  0x9900, 0xD980, 0xF180, 0xE960, 0xE940, 0xE0E0, 0xC860, 0xB020, 0xB020, 0xB040, 0xA820, 0x9840, 0x9820, 0xA820, 0xC060, 0xC060,
  0xB040, 0x9820, 0x7020, 0x5000, 0x4000, 0x4800, 0x6820, 0x7820, 0x8820, 0x9820, 0xA840, 0x8840, 0x6840, 0x5040, 0x4040, 0x3020,
  0x4020, 0x6040, 0x70A2, 0x6923, 0x69C6, 0x6A47, 0x7268, 0x7A68, 0x7A68, 0x7268, 0x6289, 0x5A89, 0x5289, 0x52AA, 0x5AEB, 0x6B2C,
  0x83AD, 0x6162, 0x48E1, 0x3060, 0x3880, 0x51C5, 0x30C1, 0x2860, 0x2860, 0x2880, 0x2880, 0x2880, 0x38A0, 0x40C0, 0x40E1, 0x4121,
  0x9900, 0xD980, 0xF160, 0xE960, 0xE940, 0xE0E0, 0xD060, 0xB820, 0xB840, 0xB840, 0xB040, 0xA840, 0xA040, 0xB020, 0xC040, 0xC040,
  0xA840, 0x9020, 0x6800, 0x4800, 0x3800, 0x4000, 0x5820, 0x7820, 0x8820, 0x9820, 0xA040, 0x8820, 0x6820, 0x5820, 0x4820, 0x4020,
  0x4820, 0x6820, 0x7061, 0x68C2, 0x6964, 0x71E5, 0x7206, 0x7A26, 0x7227, 0x6207, 0x5A28, 0x5228, 0x4A28, 0x4A69, 0x52AA, 0x630B,
  0x6121, 0x5101, 0x40A0, 0x3060, 0x48C0, 0x5A06, 0x4102, 0x3080, 0x30A0, 0x3080, 0x2860, 0x2860, 0x30A0, 0x38C0, 0x4101, 0x4101,
  0x9900, 0xD960, 0xE960, 0xE940, 0xE940, 0xE0E0, 0xD060, 0xC040, 0xC060, 0xC060, 0xC040, 0xB860, 0xB040, 0xB020, 0xC040, 0xB840,
  0xA020, 0x8820, 0x6000, 0x4800, 0x3000, 0x3800, 0x5820, 0x7820, 0x9020, 0x9820, 0x9820, 0x8820, 0x7020, 0x6000, 0x5820, 0x5020,
  0x5800, 0x7020, 0x7840, 0x7081, 0x7902, 0x81A4, 0x79C4, 0x71C5, 0x61E6, 0x51C6, 0x49E6, 0x41C6, 0x41E7, 0x4A48, 0x528A, 0x62EA,
  0x58E1, 0x7B2B, 0x7B2B, 0x7B4C, 0x72EB, 0x6227, 0x4942, 0x40C1, 0x40C0, 0x38A0, 0x2880, 0x2860, 0x2880, 0x38C0, 0x4101, 0x4101,
  0x9900, 0xE160, 0xE960, 0xE940, 0xE940, 0xE0E0, 0xD860, 0xC840, 0xD060, 0xD060, 0xC860, 0xC060, 0xC040, 0xB820, 0xB820, 0xB020,
  0x9820, 0x8020, 0x6800, 0x4800, 0x3000, 0x3800, 0x5820, 0x8040, 0x9020, 0x9020, 0x9020, 0x8020, 0x7020, 0x6820, 0x6820, 0x6820,
  0x7020, 0x7820, 0x8020, 0x8060, 0x88E1, 0x9162, 0x8183, 0x69A4, 0x51A5, 0x41A5, 0x3985, 0x3985, 0x39C6, 0x4A28, 0x5A89, 0x62A9,
  0x6AA8, 0x72A8, 0x72A8, 0x6AC9, 0x6AA9, 0x6227, 0x5163, 0x4901, 0x48E0, 0x40C0, 0x30A0, 0x2880, 0x2880, 0x38C1, 0x4101, 0x38E1,
  0x9900, 0xE160, 0xE960, 0xE940, 0xE940, 0xE8E0, 0xE080, 0xD060, 0xD080, 0xD880, 0xD060, 0xD080, 0xC860, 0xB820, 0xB020, 0xA020,
  0x9020, 0x8020, 0x7000, 0x5000, 0x3800, 0x4000, 0x6020, 0x8840, 0x9020, 0x8800, 0x8000, 0x7000, 0x6800, 0x7020, 0x7820, 0x7820,
  0x7820, 0x8020, 0x8820, 0x8860, 0x98E1, 0x9941, 0x8162, 0x6163, 0x4984, 0x3965, 0x3144, 0x3165, 0x3985, 0x4A07, 0x5A68, 0x5A68,
  0x6226, 0x6205, 0x6A25, 0x6A46, 0x6247, 0x5A05, 0x5183, 0x5121, 0x5101, 0x48E1, 0x48E1, 0x38C0, 0x30A0, 0x38C1, 0x3901, 0x30A0,
  0x9900, 0xE160, 0xE960, 0xE940, 0xE940, 0xE900, 0xE080, 0xD860, 0xD8A0, 0xD880, 0xD880, 0xD880, 0xC860, 0xB820, 0xA820, 0x9820,
  0x9020, 0x8820, 0x7800, 0x6000, 0x4800, 0x4800, 0x7020, 0x9040, 0x9020, 0x8800, 0x7800, 0x6800, 0x6800, 0x7020, 0x8040, 0x8840,
  0x8820, 0x8820, 0x8820, 0x9860, 0xA8E0, 0xA141, 0x7921, 0x5122, 0x4143, 0x3943, 0x3123, 0x3123, 0x3144, 0x49C6, 0x5227, 0x5206,
  0x51A4, 0x5183, 0x59A3, 0x61C4, 0x59C4, 0x51A4, 0x5163, 0x5942, 0x5101, 0x48E1, 0x5921, 0x48E1, 0x38C0, 0x38E1, 0x38E1, 0x2080,
  0xA100, 0xE160, 0xE960, 0xE940, 0xE940, 0xE900, 0xE080, 0xE060, 0xE0A0, 0xE0A0, 0xD880, 0xD880, 0xD060, 0xB820, 0xA020, 0x9820,
  0x9020, 0x9020, 0x9020, 0x7000, 0x5800, 0x5820, 0x8020, 0x9840, 0x9020, 0x8800, 0x7800, 0x6000, 0x6000, 0x7020, 0x8840, 0x9840,
  0x9020, 0x8820, 0x8820, 0x9860, 0xA8C0, 0x9101, 0x60E1, 0x48E1, 0x4122, 0x4102, 0x3902, 0x30E2, 0x3102, 0x4164, 0x59C5, 0x51A4,
  0x4922, 0x4901, 0x5121, 0x5142, 0x5142, 0x4942, 0x4942, 0x4921, 0x40C1, 0x48E1, 0x5921, 0x5921, 0x40E1, 0x40E1, 0x30C1, 0x2060,
  0xA100, 0xE160, 0xE960, 0xE940, 0xE960, 0xE920, 0xE8A0, 0xE880, 0xE8C0, 0xE0A0, 0xE080, 0xE0A0, 0xD080, 0xB020, 0x9800, 0x9020,
  0x9020, 0xA020, 0xA020, 0x8820, 0x6820, 0x7020, 0x8840, 0x9840, 0x9820, 0x9020, 0x8020, 0x6000, 0x6000, 0x7020, 0x9860, 0xA040,
  0x9020, 0x8820, 0x9020, 0xA040, 0xA0A0, 0x80A0, 0x50A0, 0x48C1, 0x4901, 0x4901, 0x40E1, 0x30C1, 0x30C1, 0x4922, 0x6183, 0x5942,
  0x40E1, 0x40E0, 0x4900, 0x5101, 0x4901, 0x4101, 0x4101, 0x38C1, 0x3080, 0x38A0, 0x5101, 0x5101, 0x40E1, 0x38E1, 0x28A0, 0x1840,
  0xA100, 0xE160, 0xF160, 0xE940, 0xE960, 0xF120, 0xE8A0, 0xE880, 0xE8C0, 0xE8C0, 0xE080, 0xE0A0, 0xD080, 0xA820, 0x9000, 0x8820,
  0x9840, 0xB040, 0xB040, 0x9820, 0x7820, 0x8040, 0x9840, 0x9840, 0x9020, 0x9820, 0x8020, 0x6800, 0x6020, 0x7840, 0x9860, 0xA860,
  0x9840, 0x9020, 0x9820, 0xA040, 0x9860, 0x7080, 0x5080, 0x48A0, 0x50E0, 0x50E0, 0x40C0, 0x3880, 0x38A0, 0x5901, 0x7161, 0x6121,
  0x50E0, 0x48C0, 0x48E0, 0x48E0, 0x48E1, 0x40E1, 0x38C0, 0x2880, 0x2860, 0x3080, 0x40C0, 0x40C0, 0x40E1, 0x38C1, 0x2080, 0x1840,
  0xA100, 0xE160, 0xF160, 0xE960, 0xF180, 0xF140, 0xE8A0, 0xE880, 0xE8C0, 0xE8C0, 0xE0A0, 0xE0A0, 0xD080, 0xA820, 0x8800, 0x8820,
  0xA040, 0xB860, 0xC060, 0xA840, 0x9040, 0x9040, 0x9840, 0x9020, 0x9020, 0x9820, 0x8820, 0x6820, 0x5820, 0x7040, 0x9860, 0xA860,
  0xA040, 0xA040, 0xA820, 0xA020, 0x8840, 0x6860, 0x5060, 0x4080, 0x48A0, 0x48A0, 0x40A0, 0x3860, 0x40A0, 0x6100, 0x7941, 0x7920,
  0x6100, 0x58E0, 0x50E0, 0x5100, 0x48E1, 0x40C0, 0x38A0, 0x3080, 0x2860, 0x2860, 0x2880, 0x3080, 0x38C1, 0x30C0, 0x2060, 0x1840,
  0xA100, 0xE160, 0xF160, 0xF160, 0xF180, 0xF140, 0xF0C0, 0xF0A0, 0xF0C0, 0xE8C0, 0xE0A0, 0xE0C0, 0xC880, 0xA040, 0x8800, 0x8820,
  0xA840, 0xC880, 0xC880, 0xB060, 0x9840, 0x9840, 0x9040, 0x8820, 0x8820, 0x9020, 0x8020, 0x6000, 0x5020, 0x6840, 0x8860, 0xA060,
  0xA840, 0xB040, 0xB020, 0x9820, 0x8020, 0x6860, 0x5060, 0x4060, 0x4080, 0x4880, 0x4080, 0x3880, 0x50A0, 0x68E0, 0x8120, 0x8120,
  0x7100, 0x60E0, 0x50E0, 0x50E0, 0x48E1, 0x38A0, 0x38A0, 0x30A0, 0x3080, 0x2060, 0x2060, 0x2880, 0x38C1, 0x30A0, 0x2060, 0x1840,
  0xA100, 0xE160, 0xF160, 0xF160, 0xF180, 0xF140, 0xF0C0, 0xF0A0, 0xF0E0, 0xE8E0, 0xE0C0, 0xE0C1, 0xC8A0, 0xA040, 0x8000, 0x9020,
  0xB060, 0xD0A0, 0xD0A0, 0xB060, 0xA040, 0xA040, 0x9020, 0x8020, 0x8820, 0x9020, 0x7820, 0x5000, 0x4800, 0x5020, 0x7040, 0x9840,
  0xB040, 0xB840, 0xA820, 0x8820, 0x7020, 0x6040, 0x4860, 0x3840, 0x4060, 0x4880, 0x50A0, 0x50A0, 0x58C0, 0x7100, 0x8120, 0x8120,
  0x7100, 0x58C0, 0x48C0, 0x48C0, 0x40A0, 0x3880, 0x3880, 0x38A0, 0x3080, 0x2040, 0x1840, 0x2880, 0x38C1, 0x30A0, 0x2060, 0x1840,
  0xA100, 0xE160, 0xF160, 0xF160, 0xF1A0, 0xF160, 0xF0C0, 0xF0A0, 0xF0E0, 0xE8E0, 0xE0C0, 0xE0C1, 0xC8A1, 0x9840, 0x8000, 0x9020,
  0xB860, 0xD8A0, 0xD0C0, 0xB880, 0xA040, 0x9840, 0x8820, 0x8800, 0x8820, 0x8820, 0x7000, 0x4800, 0x3800, 0x4020, 0x5820, 0x8820,
  0xB040, 0xC040, 0xA020, 0x7800, 0x5820, 0x4840, 0x4040, 0x3020, 0x3840, 0x58A0, 0x68E0, 0x60C0, 0x70E0, 0x7920, 0x8940, 0x8140,
  0x6900, 0x50A0, 0x40A0, 0x40C0, 0x38A0, 0x3060, 0x3880, 0x38A0, 0x2880, 0x1840, 0x1840, 0x2880, 0x38C1, 0x30A0, 0x2060, 0x1860,
  0xA100, 0xE160, 0xF160, 0xF160, 0xF1A0, 0xF160, 0xF0C0, 0xF0A0, 0xF0E0, 0xE8E0, 0xE0C0, 0xE0C1, 0xC8A1, 0x9840, 0x8020, 0x9840,
  0xC080, 0xD8C0, 0xD8E0, 0xB880, 0xA040, 0x9820, 0x9020, 0x9020, 0x9020, 0x8820, 0x7000, 0x4800, 0x3000, 0x3000, 0x5000, 0x8020,
  0xB040, 0xB040, 0x9020, 0x6000, 0x4800, 0x3820, 0x3020, 0x3020, 0x4040, 0x58A0, 0x70E0, 0x70E0, 0x7900, 0x8140, 0x8960, 0x8160,
  0x60E0, 0x4880, 0x40A0, 0x48C1, 0x48C0, 0x3880, 0x38A0, 0x40C0, 0x3080, 0x2040, 0x2060, 0x30A0, 0x40E1, 0x30A0, 0x2060, 0x2060,
  0xA100, 0xE160, 0xF160, 0xF160, 0xF1A0, 0xF160, 0xF0C0, 0xF0A0, 0xF0E0, 0xE8E0, 0xE0E0, 0xD8E1, 0xC8A1, 0x9840, 0x8820, 0x9840,
  0xC880, 0xE0E0, 0xD8E0, 0xB880, 0xA040, 0x9820, 0x9020, 0x9820, 0x9820, 0x9000, 0x7000, 0x4800, 0x3000, 0x3000, 0x5000, 0x8000,
  0xA020, 0xA020, 0x8020, 0x5800, 0x4000, 0x3000, 0x3000, 0x3820, 0x4040, 0x60A0, 0x70E0, 0x78E0, 0x78E0, 0x7920, 0x8160, 0x7120,
  0x50C0, 0x40A0, 0x48E1, 0x5901, 0x58E1, 0x48C0, 0x40C0, 0x5101, 0x40E1, 0x2880, 0x2860, 0x38C0, 0x40E1, 0x30A0, 0x2060, 0x2081,
};
static const uint16_t iris_rim[512] = {
  90, 90, 90, 90, 90, 90, 90, 91, 91, 91, 91, 91, 91, 91, 91, 91,
  91, 91, 91, 91, 91, 91, 91, 91, 91, 91, 91, 91, 91, 91, 91, 91,
  91, 90, 90, 90, 90, 90, 90, 90, 90, 90, 90, 90, 90, 89, 89, 89,
  89, 89, 89, 89, 89, 89, 88, 88, 88, 88, 88, 88, 88, 87, 87, 87,
  87, 87, 87, 87, 87, 86, 86, 86, 86, 86, 86, 86, 85, 85, 85, 85,
  85, 85, 85, 84, 84, 84, 84, 84, 84, 84, 84, 83, 83, 83, 83, 83,
  83, 83, 83, 82, 82, 82, 82, 82, 82, 82, 82, 82, 81, 81, 81, 81,
  81, 81, 81, 81, 81, 81, 80, 80, 80, 80, 80, 80, 80, 80, 80, 80,
  80, 80, 80, 80, 80, 79, 79, 79, 79, 79, 79, 79, 79, 79, 79, 79,
  79, 79, 79, 79, 79, 79, 79, 79, 79, 79, 79, 79, 79, 79, 79, 79,
  79, 79, 79, 79, 79, 79, 79, 79, 79, 79, 79, 79, 79, 79, 79, 79,
  79, 79, 79, 79, 79, 79, 79, 79, 79, 79, 79, 79, 79, 79, 79, 79,
  79, 79, 79, 79, 79, 79, 79, 79, 79, 79, 79, 79, 79, 79, 79, 79,
  79, 79, 79, 79, 79, 79, 79, 79, 79, 79, 79, 79, 79, 79, 79, 79,
  79, 79, 79, 79, 79, 79, 79, 79, 79, 79, 79, 79, 79, 79, 79, 79,
  79, 79, 79, 78, 78, 78, 78, 78, 78, 78, 78, 78, 78, 78, 78, 78,
  77, 77, 77, 77, 77, 77, 77, 77, 77, 77, 76, 76, 76, 76, 76, 76,
  76, 76, 76, 75, 75, 75, 75, 75, 75, 75, 75, 74, 74, 74, 74, 74,
  74, 74, 74, 73, 73, 73, 73, 73, 73, 73, 73, 72, 72, 72, 72, 72,
  72, 72, 71, 71, 71, 71, 71, 71, 71, 71, 71, 70, 70, 70, 70, 70,
  70, 70, 70, 70, 69, 69, 69, 69, 69, 69, 69, 69, 69, 69, 69, 68,
  68, 68, 68, 68, 68, 68, 68, 68, 68, 68, 68, 68, 68, 68, 68, 68,
  68, 67, 67, 67, 67, 67, 67, 67, 67, 67, 67, 67, 67, 67, 67, 67,
  67, 67, 67, 67, 67, 67, 67, 67, 67, 68, 68, 68, 68, 68, 68, 68,
  68, 68, 68, 68, 68, 68, 68, 68, 68, 68, 69, 69, 69, 69, 69, 69,
  69, 69, 69, 69, 70, 70, 70, 70, 70, 70, 70, 70, 71, 71, 71, 71,
  71, 71, 71, 72, 72, 72, 72, 72, 72, 73, 73, 73, 73, 73, 74, 74,
  74, 74, 74, 74, 75, 75, 75, 75, 75, 76, 76, 76, 76, 77, 77, 77,
  77, 77, 78, 78, 78, 78, 79, 79, 79, 79, 80, 80, 80, 80, 80, 81,
  81, 81, 81, 82, 82, 82, 82, 83, 83, 83, 83, 83, 84, 84, 84, 84,
  85, 85, 85, 85, 85, 86, 86, 86, 86, 86, 87, 87, 87, 87, 87, 88,
  88, 88, 88, 88, 88, 89, 89, 89, 89, 89, 89, 89, 90, 90, 90, 90,
};
static const uint16_t hl_rgb[3721] = {
  0x7800, 0x2000, 0x0000, 0x1800, 0x4000, 0x5000, 0x2800, 0x1800, 0x1800, 0x2800, 0x2800, 0x1800, 0x1000, 0x1800, 0x2000, 0x3800,
  0x6020, 0x8061, 0x6882, 0x88E3, 0x6924, 0x5945, 0x5145, 0x5104, 0x98E3, 0x60C2, 0x3061, 0x4880, 0x1000, 0x2820, 0x3840, 0x1820,
  0x1840, 0x30A1, 0x1840, 0x0840, 0x5122, 0x8162, 0x8161, 0x7121, 0x5901, 0x40C1, 0x4902, 0x50E1, 0x40C1, 0x58E1, 0x4080, 0x2040,
  0x3060, 0x1840, 0x0000, 0x2060, 0x1040, 0x0000, 0x1020, 0x1020, 0x0000, 0x0820, 0x1040, 0x0820, 0x0000, 0x0800, 0x0000, 0x0800,
  0x1000, 0x1800, 0x4000, 0x7000, 0x4000, 0x3000, 0x2800, 0x2000, 0x2000, 0x3082, 0x51A6, 0x82EC, 0xA410, 0xAC92, 0xBCD3, 0xC535,
  0xBD55, 0xC597, 0xCDB7, 0xBD96, 0xBD35, 0xCCF4, 0xB4B3, 0xAC51, 0xB3EF, 0x732C, 0x8AAA, 0x91A6, 0x3081, 0x1820, 0x1820, 0x1000,
  0x2840, 0x7942, 0x6922, 0x38A1, 0x38C2, 0x30C2, 0x4102, 0x5922, 0x48C0, 0x3880, 0x1020, 0x2840, 0x3060, 0x2840, 0x2040, 0x0000,
  0x0000, 0x1840, 0x1020, 0x0800, 0x0800, 0x0000, 0x0000, 0x1040, 0x1040, 0x0800, 0x0800, 0x1000, 0x0000, 0x0800, 0x1800, 0x3800,
  0x6800, 0x6000, 0x6000, 0x4082, 0x6A49, 0x9411, 0xB536, 0xC5B8, 0xCDF9, 0xD619, 0xD619, 0xE638, 0xE618, 0xCDD8, 0xDDF8, 0xD5D7,
  0xC5B7, 0xCDB7, 0xD576, 0xB535, 0xC535, 0xDD76, 0xB556, 0xBD35, 0xB4B3, 0x8BF0, 0x732D, 0x49C7, 0x60C2, 0xB140, 0x91A2, 0x5164,
  0x61C5, 0x5184, 0x4943, 0x6963, 0x7962, 0x4080, 0x3880, 0x50C0, 0x6901, 0x4080, 0x3060, 0x2040, 0x40A0, 0x40A0, 0x0820, 0x1040,
  0x1020, 0x1020, 0x0000, 0x0000, 0x1040, 0x1860, 0x1020, 0x0800, 0x1000, 0x1000, 0x0800, 0x2000, 0x4800, 0x5000, 0x4041, 0x8A8A,
  0xBD35, 0xCDD8, 0xC5B8, 0xC597, 0xCDB7, 0xC597, 0xD5B7, 0xD5F8, 0xDE18, 0xDE18, 0xDE18, 0xEE38, 0xDDF8, 0xD5F8, 0xCDB7, 0xC596,
  0xBD55, 0xB4F4, 0xBD14, 0xACF4, 0xBCD3, 0xA472, 0x9472, 0xA4B3, 0xB492, 0xC3F0, 0xEC0C, 0xC307, 0x6A06, 0x71C5, 0x81E4, 0x61A4,
  0x89E3, 0x40A0, 0x40A0, 0x4080, 0x7100, 0x7900, 0x60E0, 0x50E0, 0x3060, 0x48C0, 0x58C0, 0x2860, 0x2060, 0x1040, 0x0820, 0x0800,
  0x0000, 0x1020, 0x1840, 0x1020, 0x0000, 0x0800, 0x1800, 0x2800, 0x3000, 0x4000, 0x91C7, 0xBC93, 0xC597, 0xC597, 0xC576, 0xCD77,
  0xCD97, 0xD5B7, 0xD5D8, 0xE5F8, 0xE638, 0xE639, 0xEE59, 0xF659, 0xEE39, 0xE618, 0xE638, 0xCDD7, 0xDDD7, 0xE596, 0xC535, 0x9CD3,
  0x9C92, 0xA472, 0x9452, 0x9C92, 0xC4D3, 0xCCB3, 0xDCD2, 0xF513, 0xCCB2, 0xB42F, 0xBB8A, 0xCA84, 0x99A3, 0x9961, 0x7921, 0x7141,
  0x6101, 0x8981, 0x68E0, 0x58C0, 0x6901, 0x58E0, 0x2040, 0x6060, 0x60A0, 0x2080, 0x1020, 0x0800, 0x1020, 0x0800, 0x1020, 0x1860,
  0x0820, 0x2800, 0x0800, 0x1800, 0x5000, 0x5800, 0x92EB, 0xCDB7, 0xBD76, 0xC536, 0xC596, 0xCDB7, 0xD5B7, 0xCD97, 0xD5B7, 0xE5D7,
  0xDDF8, 0xE618, 0xE618, 0xEE39, 0xF699, 0xEE59, 0xEE38, 0xF658, 0xD5F7, 0xCDB7, 0xC555, 0xB514, 0x9493, 0x9431, 0xAC51, 0x9C51,
  0xA431, 0xBC72, 0xD4B2, 0xFD53, 0xF4F2, 0xE4D1, 0xFD52, 0xFD92, 0xFC8E, 0xFBEB, 0xC2E7, 0x7226, 0x5A27, 0x8AA7, 0x6962, 0x4080,
  0x3060, 0x50C0, 0x3860, 0x5860, 0xC060, 0xA820, 0x4060, 0x2060, 0x1020, 0x1020, 0x0800, 0x1040, 0x2080, 0x0820, 0x7800, 0x5800,
  0x5000, 0x4800, 0x92EB, 0xBD56, 0xB515, 0xACF4, 0xBD35, 0xCD76, 0xCD76, 0xCD97, 0xD5D7, 0xDDD7, 0xDDD7, 0xDDF8, 0xE5F8, 0xE5F8,
  0xEE39, 0xEE59, 0xF638, 0xFE18, 0xFE17, 0xF5F7, 0xCD96, 0xA4F4, 0xAD14, 0xACD3, 0xB492, 0xB471, 0xBC51, 0xCC91, 0xF530, 0xFCF0,
  0xFCB1, 0xDD12, 0xF4F0, 0xEC6F, 0xE46F, 0xE40E, 0xEC90, 0x9BEE, 0x62A9, 0x6248, 0x6227, 0x8A66, 0xA160, 0x5840, 0x58A0, 0x78C0,
  0xD961, 0xE0A0, 0xC020, 0x6860, 0x2080, 0x1840, 0x1020, 0x0800, 0x1040, 0x2080, 0x1040, 0xA020, 0x7020, 0x7000, 0xA26A, 0xB535,
  0xA4B3, 0xB515, 0xBCF4, 0xD4F4, 0xD555, 0xCD76, 0xD597, 0xE5D7, 0xE5D7, 0xD5D7, 0xDDF8, 0xE5F8, 0xE618, 0xEE18, 0xF638, 0xFE99,
  0xFE99, 0xFE17, 0xFDB6, 0xD514, 0xA4B3, 0xB4D3, 0xB4D3, 0xC4B2, 0xCCD2, 0xDCB2, 0xF4D1, 0xFD51, 0xFD31, 0xFCB1, 0xED53, 0xCC70,
  0xE44F, 0xE3EF, 0xEC0E, 0xE4D1, 0x940F, 0x6A88, 0x7A26, 0x49A4, 0x8942, 0xFB23, 0xEB63, 0xE940, 0xE120, 0xA8C0, 0x7080, 0x5040,
  0x3880, 0x3080, 0x2060, 0x1840, 0x1020, 0x1860, 0x2880, 0x1040, 0x8820, 0x6800, 0x8125, 0xD4B3, 0xC4B3, 0xB4D4, 0xBD15, 0xC4F4,
  0xDD34, 0xF636, 0xFED7, 0xF637, 0xE5B7, 0xDDD7, 0xD5D7, 0xD5D7, 0xDDD8, 0xE5F8, 0xEDD8, 0xFEB9, 0xFF19, 0xFE77, 0xFE17, 0xFD95,
  0xE4D3, 0xC492, 0xAC72, 0xA472, 0xAC51, 0xAC30, 0xAC51, 0xAC10, 0xD430, 0xF40F, 0xF40E, 0xFCAF, 0xC40F, 0xC471, 0xEC50, 0xDC70,
  0xDD12, 0xC4F2, 0x83AE, 0x49A4, 0x8225, 0x6143, 0xA9E1, 0xE2A1, 0xA8A0, 0x6080, 0x4080, 0x40C0, 0x1840, 0x1840, 0x2860, 0x2880,
  0x1840, 0x1840, 0x28A1, 0x28A1, 0x1040, 0x4800, 0x6820, 0x9B6E, 0xAC32, 0xAC11, 0xAC72, 0xBCF4, 0xCCF3, 0xE533, 0xF634, 0xF6B5,
  0xFE56, 0xDDB6, 0xCDB7, 0xCDB7, 0xD5B7, 0xD5D8, 0xE5D7, 0xFEB8, 0xFF7A, 0xFE97, 0xFDD5, 0xFD74, 0xFD34, 0xECB2, 0xA411, 0x9C51,
  0xA451, 0xB3F0, 0x9BAE, 0x83AF, 0x838E, 0x836D, 0xA34D, 0xF4AE, 0xFD2F, 0xEBEE, 0x9BCE, 0x9BCF, 0x93EF, 0xD4F1, 0xCD12, 0xACF3,
  0x7B4C, 0x8267, 0x49A4, 0x4143, 0x6101, 0x3880, 0x40A0, 0x5900, 0x48E0, 0x2860, 0x30A1, 0x2061, 0x1840, 0x2860, 0x2860, 0x30C1,
  0x30C1, 0x1040, 0x5000, 0x79A6, 0x8B8E, 0x7B4E, 0x938F, 0xB3F0, 0xC493, 0xB492, 0xCC72, 0xDCF2, 0xD512, 0xC4D3, 0xC535, 0xBD56,
  0xBD56, 0xC577, 0xC577, 0xDD76, 0xFEF8, 0xFE78, 0xFE16, 0xFDF5, 0xFCF3, 0xFCB2, 0xE451, 0xD491, 0xC492, 0xB410, 0xA3AF, 0x8B6E,
  0x83AF, 0x8BAF, 0xA3AE, 0x8B6E, 0xD40E, 0xFBEE, 0xD34D, 0x938E, 0xA430, 0x8C10, 0xC4F1, 0xB4D2, 0xACF3, 0xA4B2, 0x8BEF, 0x31C6,
  0x69E4, 0x71C2, 0x6161, 0x4080, 0x50E0, 0x3060, 0x1020, 0x30A1, 0x40E1, 0x2040, 0x2880, 0x2860, 0x38C1, 0x28A1, 0x0820, 0x8040,
  0xD3CE, 0xB3AE, 0x830C, 0xBB8E, 0xAB8F, 0xA411, 0xAC11, 0xB3F0, 0xAC31, 0x9411, 0xA452, 0xA4B4, 0x9CD4, 0xA4D4, 0xA4F4, 0xACF5,
  0xBCF5, 0xDD14, 0xFD33, 0xFE55, 0xF574, 0xFD12, 0xEC70, 0xDC30, 0xD450, 0x9BAF, 0xC430, 0xABAF, 0x934E, 0x9B6E, 0x8B6E, 0x7B4D,
  0x6B2D, 0x9B4D, 0xE34D, 0xC34D, 0xABEE, 0x83AE, 0x83CF, 0x9C70, 0xA471, 0xC491, 0xD513, 0xD575, 0x9450, 0xABAB, 0xB2A4, 0x6940,
  0x7181, 0x9222, 0x81E2, 0x4060, 0x48C0, 0x40A0, 0x2860, 0x2860, 0x2040, 0x38E1, 0x28A1, 0x1020, 0x71C6, 0xCC91, 0xCC0F, 0xCBAE,
  0xD38E, 0xAB6E, 0x8BF0, 0x83B0, 0x8BAF, 0x93F0, 0x93F0, 0x9C31, 0x8C52, 0x8452, 0x8451, 0x8C52, 0x9473, 0x9C73, 0x9C32, 0xD471,
  0xF4D1, 0xDC31, 0xC410, 0xC40F, 0x9B8E, 0x934D, 0xAB6D, 0xEBEE, 0xE3AE, 0xDB4D, 0xEB8D, 0xE42E, 0x8B6D, 0x834D, 0x9B2D, 0x8AEC,
  0x830C, 0x832C, 0x630C, 0x736E, 0x7BCF, 0x8BCF, 0xBC51, 0xC4B2, 0xE554, 0xCD54, 0xDDB5, 0xDCD0, 0x9203, 0x8180, 0xC304, 0xA283,
  0x8141, 0x7141, 0x4080, 0x2860, 0x2060, 0x1840, 0x30C1, 0x28A1, 0x1840, 0xB30B, 0xE4D2, 0xC40F, 0xCB6E, 0xB32D, 0x8B0D, 0x836E,
  0x8B8E, 0x8B4E, 0x9BAF, 0x8BAF, 0x83D0, 0x73F0, 0x7BF0, 0x73D0, 0x73F0, 0x7BF0, 0x7BF1, 0x73F1, 0x93F0, 0xE42F, 0xD38E, 0xA2ED,
  0xAB4E, 0xB38E, 0xB34D, 0xBB2C, 0xCAAB, 0xCB0C, 0xD32C, 0xFC2D, 0xF4AF, 0xB3CE, 0x9B6D, 0x82EC, 0x8B8D, 0xB40F, 0x9B6D, 0x62CB,
  0x7AEC, 0x8B6E, 0x6B4D, 0xA430, 0xA471, 0xBC92, 0xC4D2, 0xDD94, 0xDDD6, 0xBCD1, 0x8A24, 0x8181, 0x48A0, 0x7141, 0xA262, 0x58E0,
  0x3080, 0x2860, 0x2040, 0x30E2, 0x28A1, 0x1840, 0x8AAC, 0x8B2D, 0xA2ED, 0xA2AC, 0x826A, 0x6A6A, 0x7A8B, 0xA2AB, 0xAA8B, 0xB30C,
  0x9B2D, 0x736F, 0x73D0, 0x73B0, 0x73AF, 0x6B8F, 0x636F, 0x638F, 0x636F, 0x738E, 0xEC4D, 0xE38C, 0xBB0C, 0x9AEC, 0x9ACC, 0xAAEC,
  0x92AB, 0xCC2F, 0xD490, 0xAB6C, 0x9B4C, 0x832C, 0x9B6D, 0x9B4C, 0x7ACB, 0xA3EE, 0xA40F, 0x732C, 0x628A, 0xC34C, 0xDB6C, 0xAB8E,
  0x9410, 0xBC91, 0xBC91, 0xACB1, 0xBD13, 0xBD33, 0xBD95, 0xB4D1, 0x48E1, 0x3060, 0x40A0, 0x5901, 0x3060, 0x1820, 0x2040, 0x3080,
  0x4122, 0x28A1, 0x1020, 0xB2CB, 0xAAAB, 0x924A, 0x61E8, 0x6A09, 0x8A09, 0xC26A, 0xEA09, 0xC9E8, 0xD228, 0xCA4A, 0x62EC, 0x4AAB,
  0x5B2D, 0x5B2E, 0x5B2D, 0x5B2D, 0x530D, 0x52ED, 0x4AAB, 0xC32B, 0xD2EB, 0xB2EB, 0xA2AB, 0x7A49, 0xB28A, 0xD30B, 0x9B0B, 0xBBEE,
  0xA2EA, 0x5249, 0x526A, 0x526A, 0x6A8A, 0x92EA, 0x932C, 0x6B0C, 0x72CA, 0xB3CD, 0xE511, 0xDB4C, 0xDBAF, 0xC513, 0x9C70, 0x9C50,
  0x9C91, 0xACF3, 0xACF2, 0xACF3, 0xC5D7, 0x93EE, 0x5900, 0x7141, 0x5921, 0x40E1, 0x48E1, 0x3880, 0x3880, 0x4942, 0x2880, 0x1020,
  0x8A09, 0x9229, 0xBAAB, 0xA2AB, 0x8208, 0xB967, 0xE945, 0xE8C3, 0xC8C3, 0xB103, 0xA1E7, 0x31E8, 0x1945, 0x4AAC, 0x4AAC, 0x4ACC,
  0x4ACC, 0x4ACC, 0x4ACC, 0x428B, 0xAAEA, 0xDB2B, 0xC2EB, 0x8A29, 0x7A29, 0xA229, 0xB208, 0x6166, 0x71A6, 0x9A28, 0x6228, 0x6A28,
  0x49C7, 0x39C7, 0x41C7, 0x5A07, 0xB34B, 0xDBAC, 0xC36C, 0x9ACB, 0x726A, 0xBBAE, 0xAC50, 0x8C0E, 0x8C0F, 0x9C70, 0x9C70, 0x942F,
  0x9450, 0xAD34, 0xD5F6, 0x8B2A, 0x4080, 0x2040, 0x38A0, 0x30A0, 0x38A0, 0x40C0, 0x4942, 0x2080, 0x1020, 0x9A49, 0xA1E8, 0x99E8,
  0xBA49, 0xA8A2, 0x9820, 0xA020, 0xC8C1, 0xA8C2, 0xD204, 0x8206, 0x08C4, 0x2146, 0x428B, 0x428B, 0x42AC, 0x4AAC, 0x428C, 0x3A4A,
  0x21A8, 0x8A05, 0xEA86, 0x91A7, 0xBA28, 0xA9E8, 0x6966, 0x7166, 0x7966, 0x99A6, 0x8207, 0x51A7, 0x40C3, 0x2861, 0x5165, 0x39A6,
  0x69C7, 0xD2CA, 0x8A69, 0x6A09, 0x6A29, 0x4A08, 0x72EB, 0x838D, 0x7B6C, 0x7B6D, 0x8BCE, 0x6B2C, 0x6B2C, 0x634C, 0x83EF, 0xB4B1,
  0x9C71, 0x51E5, 0x2840, 0x30A0, 0x2060, 0x1840, 0x30A0, 0x4942, 0x2080, 0x1020, 0x9986, 0x80E4, 0x90E4, 0xC124, 0xC081, 0xB081,
  0xD0C1, 0xE942, 0xC923, 0xD982, 0x4903, 0x0082, 0x29C8, 0x3A29, 0x3A2A, 0x29A8, 0x1904, 0x0882, 0x0042, 0x0001, 0x58A0, 0xFA20,
  0xC9C2, 0xD1E5, 0xB985, 0x9186, 0x9124, 0x9861, 0xA0C2, 0x6924, 0x60E3, 0x60C3, 0x38A2, 0x5945, 0x61A6, 0x7965, 0x8124, 0x5186,
  0x5186, 0x4124, 0x4903, 0x7247, 0x7B2B, 0x62EB, 0x82A9, 0x7A88, 0x5A69, 0x4A48, 0x4A8A, 0x732B, 0x834B, 0x732C, 0x732C, 0x5163,
  0x50C0, 0x48E1, 0x30A1, 0x2860, 0x4922, 0x1840, 0x1840, 0xBA29, 0xD985, 0xD923, 0xD061, 0xC860, 0xC020, 0xF920, 0xF160, 0xD8C0,
  0xC0C1, 0x3061, 0x0041, 0x0841, 0x0041, 0x0062, 0x0021, 0x0000, 0x0000, 0x0041, 0x0021, 0x3820, 0xF160, 0xF200, 0xD960, 0xC8E0,
  0x9081, 0x8020, 0xC000, 0xB8E1, 0x7000, 0xB020, 0xC040, 0x7061, 0x88A2, 0xA8E2, 0x6020, 0xA040, 0x5881, 0x4081, 0x1000, 0x5820,
  0x6840, 0x5923, 0x71C5, 0x79C5, 0x41C6, 0x3986, 0x39A6, 0x5AAA, 0x62A9, 0x61E4, 0x6A04, 0x5A05, 0x51A4, 0x6162, 0x40C1, 0x7182,
  0x48E1, 0x3901, 0x1840, 0x1820, 0xEAA8, 0xE0C2, 0xE121, 0xD040, 0xC000, 0xC000, 0xE080, 0xE900, 0xE9A0, 0xB860, 0x1800, 0x0000,
  0x0000, 0x0021, 0x0021, 0x0041, 0x0041, 0x0041, 0x0021, 0x0021, 0x3040, 0xF0C0, 0xE840, 0xD080, 0xE120, 0xC860, 0x6800, 0x5820,
  0x8820, 0xC860, 0xB840, 0xA020, 0x4800, 0x6020, 0x7020, 0x9000, 0xC040, 0x8000, 0x6000, 0x6020, 0x7000, 0x9000, 0x9860, 0xB980,
  0x5922, 0x3964, 0x3103, 0x28E2, 0x49A4, 0x51C4, 0x2880, 0x48E0, 0x48E0, 0x40E1, 0x30C1, 0x2040, 0x50E1, 0x48E1, 0x30C1, 0x1840,
  0x1820, 0xE880, 0xD800, 0xD860, 0xE080, 0xE040, 0xC800, 0xD060, 0xE8A0, 0xE080, 0xC920, 0x1800, 0x0000, 0x0021, 0x0021, 0x0021,
  0x0021, 0x0021, 0x0021, 0x0021, 0x0042, 0x3840, 0xF0E0, 0xF9A0, 0xF9E0, 0xA880, 0x7000, 0x7800, 0x6000, 0x8000, 0xE080, 0xB840,
  0x6000, 0x2800, 0x0800, 0x6820, 0xA040, 0x7000, 0x5800, 0x6820, 0xA860, 0x9020, 0x7000, 0xB060, 0x88A0, 0x3040, 0x5900, 0x50E0,
  0x2040, 0x58E0, 0x8960, 0x58C0, 0x50E0, 0x5101, 0x4901, 0x3080, 0x3080, 0x1840, 0x3080, 0x38C1, 0x1840, 0x1820, 0xE8E1, 0xE8C1,
  0xF0A0, 0xF0E1, 0xF020, 0xE8A0, 0xF1A0, 0xD820, 0xD040, 0xC920, 0x1800, 0x0021, 0x0021, 0x0021, 0x0021, 0x0021, 0x0041, 0x0021,
  0x0041, 0x0021, 0x3840, 0xF1A0, 0xF1A0, 0xE920, 0xC820, 0xC840, 0xE060, 0xE880, 0xD860, 0xA800, 0x7820, 0xA020, 0xA000, 0x7020,
  0xB061, 0x9020, 0xA840, 0x6820, 0x5820, 0xB8A1, 0xA860, 0xB840, 0xB000, 0x7840, 0x5080, 0x3840, 0x4880, 0x3860, 0x68C0, 0x8100,
  0x8940, 0x50A0, 0x48C0, 0x2840, 0x38A0, 0x3080, 0x0800, 0x2880, 0x40E1, 0x1840, 0x1840, 0xF0E2, 0xF040, 0xF8A0, 0xE880, 0xE800,
  0xF040, 0xE820, 0xC820, 0xB8E0, 0xA8A0, 0x1800, 0x0021, 0x0021, 0x0021, 0x0021, 0x0021, 0x0021, 0x0021, 0x0041, 0x0021, 0x4060,
  0xF1A0, 0xE920, 0xF1C0, 0xF900, 0xF8A0, 0xF120, 0xE8C0, 0xD0A1, 0x6000, 0x9820, 0xF8E0, 0xC8C0, 0xA020, 0x8000, 0x8000, 0x9020,
  0x4800, 0x1000, 0x2000, 0xA820, 0xD860, 0x6000, 0x3000, 0x3020, 0x2000, 0x68E0, 0x8920, 0x8120, 0x99E1, 0x7120, 0x3040, 0x5101,
  0x48C0, 0x3880, 0x40C0, 0x1020, 0x30A0, 0x4901, 0x1840, 0x28A1, 0xB000, 0xD020, 0xD000, 0xE000, 0xF040, 0xE8C0, 0xE960, 0xE980,
  0xFA60, 0xE9C0, 0x3040, 0x0021, 0x0021, 0x0021, 0x0021, 0x0021, 0x0041, 0x0041, 0x0041, 0x0021, 0x5060, 0xF960, 0xF120, 0xF180,
  0xE0A0, 0xE880, 0xE0E0, 0xC0C0, 0xC8C1, 0x8000, 0xB060, 0xD900, 0xD0C0, 0xB8C1, 0xA000, 0xC061, 0x9000, 0x7800, 0x5820, 0x6000,
  0x8000, 0x6800, 0x6800, 0x4000, 0x3000, 0x6880, 0x6880, 0x70C0, 0x5060, 0x60E0, 0x4080, 0x38A1, 0x7142, 0x6900, 0x50E1, 0x81C2,
  0x40C0, 0x38C0, 0x4901, 0x1020, 0x4143, 0xB000, 0xB800, 0xC020, 0xE820, 0xF060, 0xF0E0, 0xF0A0, 0xE840, 0xE840, 0xF201, 0x48C1,
  0x0001, 0x0021, 0x0021, 0x0021, 0x0021, 0x0041, 0x0041, 0x0041, 0x0021, 0x6080, 0xF920, 0xF120, 0xE980, 0xE920, 0xF8E0, 0xE080,
  0xC060, 0x8800, 0x7800, 0xA840, 0xB800, 0xD860, 0xF0E1, 0xD840, 0x6000, 0x6020, 0xC840, 0x9020, 0x6800, 0x8000, 0x6800, 0xA040,
  0x7020, 0x90A1, 0xDA24, 0x9901, 0x60A0, 0x3020, 0x4060, 0x2840, 0x48A0, 0x70E0, 0x4880, 0x6920, 0x3880, 0x40C0, 0x38A0, 0x40E0,
  0x1840, 0x59C5, 0xC840, 0xD881, 0xD820, 0xE020, 0xE000, 0xE800, 0xF020, 0xF120, 0xF1C0, 0xFAC1, 0x68E0, 0x0001, 0x0041, 0x0021,
  0x0021, 0x0021, 0x0041, 0x0041, 0x0041, 0x0000, 0x78C0, 0xFA20, 0xFAC0, 0xFAC0, 0xE9A0, 0xE120, 0xC840, 0xB840, 0xB8A1, 0xC081,
  0xD8C1, 0xF981, 0xF101, 0xB000, 0xB820, 0x9000, 0xA840, 0x9020, 0xB020, 0xD060, 0xC840, 0x9020, 0xB902, 0xC9C3, 0x6881, 0x9901,
  0x6800, 0x4040, 0x4860, 0x3000, 0x50C1, 0x68E1, 0x89C2, 0x7162, 0x81A2, 0x50E0, 0x3880, 0x30C0, 0x2880, 0x4123, 0x7AA8, 0xD820,
  0x9020, 0xA000, 0xA800, 0xA000, 0xD820, 0xF020, 0xF100, 0xFB61, 0xFB21, 0x8120, 0x0001, 0x0041, 0x0021, 0x0021, 0x0021, 0x0041,
  0x0041, 0x0041, 0x0000, 0x90E0, 0xFA20, 0xF1A0, 0xF201, 0xD860, 0xB000, 0xA800, 0xC0A1, 0xD040, 0xD840, 0xB000, 0xD8A0, 0xE8A0,
  0xE0A1, 0x9020, 0xB880, 0xD840, 0xB800, 0xE0E1, 0xFA63, 0xF243, 0xF1E2, 0xD0E1, 0xE2C6, 0x90A1, 0xC120, 0xD2A4, 0x8182, 0x91E3,
  0xA2C5, 0x48A1, 0x8961, 0xE3C6, 0xAAA3, 0x7941, 0x89C1, 0x3880, 0x28A0, 0x1820, 0x59E5, 0x82E8, 0xE800, 0xA000, 0xA800, 0xB000,
  0xC000, 0xE8A1, 0xF0E1, 0xF160, 0xF0A0, 0xF980, 0x9980, 0x0000, 0x0021, 0x0021, 0x0021, 0x0021, 0x0021, 0x0041, 0x0041, 0x0001,
  0xB180, 0xFA80, 0xF261, 0xE9A1, 0xE0E0, 0xD8A0, 0xD080, 0xF1C2, 0xC8C1, 0x8000, 0xA000, 0xE901, 0xD8A0, 0xC040, 0xA820, 0xD880,
  0xEA83, 0xF0A0, 0xF182, 0xD243, 0xB080, 0xA101, 0xFAE4, 0xB941, 0xB921, 0xA942, 0xBA84, 0x99E3, 0x5902, 0x81C3, 0x68C0, 0x4060,
  0x4860, 0xAA01, 0x6920, 0x6100, 0x30A0, 0x2880, 0x1860, 0x6206, 0x8309, 0xE800, 0xE840, 0xE040, 0xE8C1, 0xF860, 0xF040, 0xF9C1,
  0xFA81, 0xF9E0, 0xFAE0, 0xB9A0, 0x0000, 0x0021, 0x0041, 0x0021, 0x0021, 0x0021, 0x0021, 0x0041, 0x1821, 0xDA00, 0xF1C0, 0xE940,
  0xF1A0, 0xF9C0, 0xF941, 0xE860, 0xF9A1, 0xD101, 0xA860, 0xD101, 0xA020, 0x8800, 0x5800, 0xC040, 0xF9A0, 0xFBC5, 0xFB85, 0xD182,
  0xE242, 0xA000, 0x8881, 0xB8C1, 0xC142, 0xA963, 0x4060, 0x2800, 0x4060, 0x3060, 0x3020, 0x6901, 0x3060, 0x2840, 0x8181, 0x7161,
  0x48C0, 0x30A0, 0x2040, 0x30E2, 0x7AC9, 0x7AE9, 0xF080, 0xF941, 0xF080, 0xF0A1, 0xF0C1, 0xF9A1, 0xF0C0, 0xE140, 0xF2A1, 0xFB20,
  0xE2C0, 0x2040, 0x0021, 0x0041, 0x0041, 0x0021, 0x0021, 0x0021, 0x0021, 0x3040, 0xF280, 0xFB40, 0xF360, 0xFB60, 0xFB61, 0xFA41,
  0xF9C1, 0xFAC2, 0xD8E0, 0xC840, 0x9020, 0x6000, 0x9020, 0x9800, 0xD860, 0xF201, 0xF180, 0xFAE3, 0xD981, 0xF3C3, 0xEB63, 0xB8A1,
  0x9820, 0x88C1, 0x8983, 0x58E1, 0x50C1, 0x2860, 0x0820, 0x3880, 0x79A2, 0x7182, 0x1800, 0x50E0, 0x6941, 0x5101, 0x30A0, 0x1000,
  0x59E5, 0x7AC8, 0x93CD, 0xF0C0, 0xF9E1, 0xF1E2, 0xF0E0, 0xFA23, 0xFA43, 0xE020, 0xC000, 0xD040, 0xE1A0, 0xFA20, 0x50E1, 0x0001,
  0x0041, 0x0041, 0x0021, 0x0021, 0x0041, 0x0021, 0x50A0, 0xFB20, 0xFB61, 0xFB20, 0xF2C0, 0xE9C0, 0xE8E0, 0xF9E2, 0xFA41, 0xE8C0,
  0xF1A1, 0xD1C2, 0x8000, 0x7000, 0x7000, 0xC820, 0xF9E1, 0xF221, 0xFAE3, 0xEA83, 0xE100, 0xE263, 0xD141, 0xEB04, 0x9182, 0x4060,
  0x4060, 0x4060, 0x2860, 0x1000, 0x1020, 0x40A0, 0x7182, 0x2880, 0x5101, 0x7161, 0x48E0, 0x3080, 0x2881, 0x82E9, 0x9BED, 0xBD12,
  0xC800, 0xF880, 0xF8C1, 0xF8C0, 0xF060, 0xF101, 0xFA82, 0xF120, 0xF262, 0xEAA1, 0xFAA1, 0x9981, 0x0001, 0x0041, 0x0041, 0x0041,
  0x0041, 0x0041, 0x0001, 0x78E0, 0xFB40, 0xFAC0, 0xF120, 0xC820, 0xC800, 0xD040, 0xF180, 0xF8E0, 0xD8A0, 0xE9A0, 0xFA01, 0xB820,
  0x8800, 0xA820, 0xB840, 0xB020, 0xE8C0, 0xE981, 0xB0A1, 0xB020, 0x8800, 0x5020, 0x90E1, 0xF284, 0xA182, 0x48A1, 0x48C1, 0x3860,
  0x2860, 0x2060, 0x3060, 0x2020, 0x6162, 0x6921, 0x5920, 0x30A0, 0x3080, 0x5184, 0x8B4A, 0xAC90, 0xDE78, 0xA000, 0xD800, 0xF840,
  0xF060, 0xE840, 0xE820, 0xF120, 0xD020, 0xE100, 0xF1E1, 0xFB62, 0xD2E2, 0x1021, 0x0041, 0x0041, 0x0041, 0x0041, 0x0041, 0x0801,
  0xB1A0, 0xFA60, 0xF321, 0xFB82, 0xFBC4, 0xF262, 0xF160, 0xF181, 0xE9E2, 0xB8A1, 0xD0E0, 0xF121, 0xD800, 0xD820, 0xE8C1, 0xB000,
  0x9000, 0xC020, 0xC081, 0x90A1, 0x7060, 0x7040, 0x6040, 0x8840, 0xA902, 0xB142, 0x4880, 0x3880, 0x3880, 0x48E1, 0x2840, 0x5101,
  0x4901, 0x2840, 0x7940, 0x6120, 0x30A0, 0x2060, 0x8309, 0xC553, 0xA490, 0x6268, 0xA881, 0xC081, 0xC840, 0xE901, 0xF101, 0xF0A0,
  0xF180, 0xE8C0, 0xE820, 0xF180, 0xF180, 0xF2A1, 0x40E1, 0x0021, 0x0041, 0x0021, 0x0041, 0x0041, 0x2021, 0xEB20, 0xFBE0, 0xF340,
  0xF2C1, 0xE920, 0xE880, 0xF141, 0xC080, 0x9000, 0xE244, 0xFAA3, 0xD860, 0xC020, 0xC040, 0xB840, 0xA8C1, 0xD8C1, 0xD8E1, 0xB040,
  0xA942, 0xEB26, 0xD203, 0xA0E2, 0xBAE7, 0xAA85, 0x50A1, 0x3060, 0x3080, 0x3880, 0x38A0, 0x1820, 0x40E1, 0x79C2, 0x3080, 0xA222,
  0x6141, 0x1820, 0x3903, 0x9BED, 0xB512, 0x730B, 0x4143, 0x9800, 0xA000, 0x8800, 0xD800, 0xF000, 0xE860, 0xE8C0, 0xFA01, 0xFAC2,
  0xFB82, 0xF2A0, 0xFC81, 0x8222, 0x0001, 0x0041, 0x0041, 0x0041, 0x0021, 0x50A0, 0xFB00, 0xF3A0, 0xF240, 0xE940, 0xF0A0, 0xF8E0,
  0xF180, 0xE1A1, 0xD8E0, 0xE181, 0xF161, 0x9020, 0x8000, 0xB0C1, 0xC9A2, 0xE284, 0xB122, 0xB8E2, 0xD142, 0xA102, 0x9142, 0xC1A2,
  0xA163, 0x91A3, 0xB1E3, 0xCA25, 0x50E1, 0x3040, 0x2860, 0x2860, 0x1840, 0x0800, 0x6961, 0x6941, 0x7160, 0x50E0, 0x2040, 0x59E5,
  0x93CD, 0xA44F, 0x8BAC, 0x7288, 0xD081, 0x9800, 0xB841, 0xE0A1, 0xF121, 0xE0C1, 0xE040, 0xF141, 0xE080, 0xE940, 0xFAA1, 0xFBC1,
  0xBB02, 0x0800, 0x0041, 0x0041, 0x0041, 0x0001, 0x8960, 0xFB00, 0xF360, 0xFC80, 0xFBC0, 0xFA41, 0xF9A0, 0xE9C1, 0xF1E1, 0xF9A1,
  0xE981, 0xD060, 0x8800, 0x8800, 0x9800, 0x9000, 0xB820, 0x9000, 0x8000, 0xFB45, 0xD9E2, 0x6800, 0x5840, 0xD2A5, 0x90E1, 0x5020,
  0x4840, 0x3840, 0x40A0, 0x48A0, 0x2860, 0x2060, 0x2040, 0x6921, 0xB2A3, 0x7981, 0x3060, 0x5183, 0x8B4A, 0x9BAC, 0x93ED, 0x940E,
  0x4984, 0xA000, 0x7800, 0x8000, 0xC860, 0xC0C1, 0xD020, 0xE8A0, 0xD840, 0xD000, 0xF262, 0xFBC2, 0xFCA2, 0xF462, 0x40E1, 0x0001,
  0x0041, 0x0041, 0x0801, 0xCA20, 0xFB60, 0xFA80, 0xFA20, 0xF2A0, 0xE9C1, 0xD8A0, 0xC040, 0xD860, 0xD880, 0xA820, 0xA820, 0xFA63,
  0xD141, 0xC8C1, 0xB080, 0xC0A0, 0xF182, 0xC060, 0x9840, 0xC0C1, 0xB861, 0x9881, 0x9962, 0xD2A5, 0x5080, 0x40A0, 0x3040, 0x6941,
  0x81C3, 0x48C1, 0x38C1, 0x48A0, 0x89A1, 0xC303, 0x6960, 0x3080, 0x9BCC, 0xEEFA, 0xEEFA, 0xACB0, 0x72C9, 0x59E6, 0x8800, 0x7000,
  0x9800, 0x9000, 0xB000, 0xD060, 0xE0A0, 0xE0E1, 0xE8E0, 0xF160, 0xF120, 0xE9E0, 0xFAE0, 0xA221, 0x0002, 0x0862, 0x0021, 0x3040,
  0xEAA0, 0xFBC0, 0xFAE0, 0xF8E0, 0xE900, 0xE202, 0xF282, 0xFA21, 0xE141, 0xC881, 0x7800, 0x9000, 0xF141, 0xFB03, 0xFB84, 0xFAC3,
  0xF9E2, 0xE921, 0xE922, 0xB102, 0x6000, 0x7040, 0x7060, 0x5040, 0x7121, 0x6101, 0x5080, 0x9A22, 0xB2E4, 0xD449, 0xBAA2, 0x5120,
  0x3060, 0xA263, 0xAA62, 0x2840, 0x6226, 0xDE36, 0xFFBE, 0x9C71, 0x6AA9, 0x38E2, 0x30C2, 0xC040, 0xE880, 0xD0A0, 0x8800, 0xB000,
  0xD840, 0xE941, 0xF1C1, 0xE941, 0xC060, 0xC040, 0xF280, 0xFBE1, 0xEBE2, 0x2861, 0x0041, 0x0001, 0x7920, 0xFAE0, 0xF3A0, 0xFC21,
  0xFAA1, 0xE940, 0xB0A1, 0xD941, 0xFA40, 0xE120, 0xE080, 0xC080, 0xB020, 0xA800, 0xF120, 0xF161, 0xE8E1, 0xC860, 0xD182, 0xB8A0,
  0x80A1, 0x4840, 0x5040, 0x6880, 0x3860, 0x2820, 0x5880, 0xC323, 0xC2C3, 0x6101, 0x71A3, 0x9A01, 0xFDAA, 0xA2A4, 0x9A23, 0x60E0,
  0x2860, 0x7267, 0x9BED, 0xB513, 0xACB1, 0x72C9, 0x4164, 0x2081, 0xFB05, 0xFA83, 0xF0E1, 0xC020, 0xD0C1, 0xF101, 0xF200, 0xF260,
  0xE161, 0xB020, 0xC900, 0xE0E0, 0xF320, 0xFD42, 0x6181, 0x0001, 0x1021, 0xCA20, 0xF2A1, 0xE9C0, 0xF1C0, 0xF1C1, 0xEA22, 0xF282,
  0xF100, 0xF980, 0xF100, 0xC860, 0x8820, 0x7020, 0x90A1, 0xD8E1, 0xC860, 0xA020, 0xD8A1, 0xD941, 0xB941, 0x6060, 0x68E1, 0x78E1,
  0xA9E3, 0x89A3, 0x2820, 0xC386, 0xFF32, 0xB2C3, 0xAAA4, 0x9AA4, 0x6101, 0xBB04, 0xE382, 0x8120, 0x5900, 0x5A06, 0x6A67, 0x93AD,
  0x93AC, 0x6A67, 0x4164, 0x28E2, 0x2081, 0xE0C0, 0xC860, 0xC840, 0xC060, 0xB0A1, 0xD8E1, 0xE880, 0xE020, 0xD000, 0xE9E1, 0xEAE1,
  0xE900, 0xE900, 0xFC20, 0xBB21, 0x0000, 0x38A1, 0xFAA1, 0xFCA3, 0xF2A1, 0xE961, 0xE0E0, 0xF1A1, 0xF160, 0xD8C0, 0xC901, 0xD060,
  0xA000, 0x7040, 0x98E1, 0x7861, 0x98C1, 0x7820, 0xC8E1, 0xC942, 0xA141, 0xC182, 0xB162, 0x68A0, 0x5060, 0x5080, 0x4060, 0x48E1,
  0xF56A, 0xC386, 0xAA62, 0x8223, 0x38A0, 0x3880, 0x7140, 0xCB02, 0x4880, 0x30C2, 0x6A67, 0x5A27, 0x4164, 0x4184, 0x51C5, 0x4964,
  0x28C1, 0x1040, 0xE0A1, 0xC820, 0x9000, 0x5800, 0x7800, 0xC000, 0xB800, 0xE060, 0xF080, 0xE960, 0xF201, 0xF0C0, 0xE8C0, 0xF2A0,
  0xFB80, 0x30C1, 0x78E0, 0xFA20, 0xFAA0, 0xF200, 0xD880, 0xD060, 0xF1C1, 0xF201, 0xC860, 0xA000, 0xA020, 0xA040, 0x9000, 0xD961,
  0x90A0, 0x6000, 0x6800, 0x98C1, 0xD245, 0x88A1, 0x5000, 0x7040, 0x3820, 0x3820, 0x58A0, 0x58E1, 0x4080, 0xED0A, 0xED6A, 0xDC27,
  0x7981, 0x6121, 0x6141, 0x7181, 0x6920, 0x3060, 0x51E5, 0x8B6B, 0xACD1, 0x93ED, 0x49C6, 0x20A2, 0x28C2, 0x3923, 0x28A1, 0xA040,
  0x6820, 0x5800, 0x6000, 0xB020, 0xC840, 0xB040, 0xC040, 0xB840, 0xD8A0, 0xF100, 0xD800, 0xD020, 0xD060, 0xE920, 0xB181, 0xC0E0,
  0xFA80, 0xD900, 0xF1A0, 0xFAE1, 0xD8E1, 0xD000, 0xFAE1, 0xFA62, 0xF101, 0x9820, 0x6000, 0x9820, 0x8060, 0xC142, 0xC921, 0xA820,
  0x6000, 0xB183, 0xFAA4, 0x98C1, 0x5840, 0x4040, 0x4020, 0x9161, 0x68E0, 0x2020, 0x7981, 0xEC44, 0xC261, 0x8181, 0x48A0, 0x6101,
  0x6960, 0x48E0, 0x6A26, 0x8B4A, 0xACD1, 0x72EA, 0x5A27, 0x49C6, 0x28C2, 0x2082, 0x1840, 0x30A1, 0x5800, 0x8820, 0x5000, 0x8820,
  0xB881, 0xA040, 0xD840, 0xB820, 0x8000, 0xE181, 0xD100, 0xC800, 0xE0C0, 0xEA41, 0xE0C0, 0xE921, 0xE960, 0xE160, 0xB040, 0xD880,
  0xE941, 0xC080, 0xC921, 0xF160, 0xF920, 0xD860, 0x9800, 0xA102, 0x6040, 0x4000, 0x9040, 0xE202, 0xEB43, 0xE202, 0x9000, 0xA8E1,
  0x80C0, 0x60C0, 0x50A0, 0xAA62, 0xC304, 0xB2C4, 0x40E1, 0x30A1, 0x81E3, 0x99E1, 0x48C0, 0x3060, 0x5900, 0x5120, 0x4122, 0x8309,
  0xA470, 0xC595, 0x9C0F, 0x51C5, 0x28C2, 0x1840, 0x30E2, 0x28E2, 0x1860, 0x5000, 0x9000, 0x6000, 0x9040, 0xA040, 0x7000, 0xB020,
  0xB820, 0x8840, 0xA880, 0xB820, 0xC020, 0xD080, 0xFA41, 0xC8C0, 0xD901, 0xE961, 0xC080, 0x8000, 0xB860, 0xF0C0, 0xF282, 0xF9A0,
  0xB840, 0xA020, 0x9800, 0x7800, 0x9081, 0x9881, 0xB901, 0xA0C1, 0xB0A1, 0xD961, 0xC101, 0x8080, 0x78A0, 0x78C0, 0x8100, 0x9180,
  0xD3A3, 0xE404, 0x89C2, 0x1840, 0x1840, 0x1840, 0x9243, 0x79C2, 0x79A1, 0x6960, 0x4941, 0x72A8, 0xA44F, 0xBD95, 0xACF3, 0x72EA,
  0x4143, 0x30E2, 0x28C2, 0x1861, 0x28A1, 0x30C1, 0x4000, 0x5800, 0x8000, 0xA8A1, 0xC0A1, 0x7000, 0x7800, 0x7800, 0x8020, 0x6000,
  0x9820, 0xB040, 0xC800, 0xF202, 0xE1E2, 0xE920, 0xE100, 0xE9E0, 0xC900, 0xD921, 0xF8E0, 0xF9E1, 0xF121, 0xC921, 0xC0E1, 0xB8E2,
  0x8020, 0x6040, 0x8840, 0xD921, 0xD122, 0xA040, 0xC040, 0xA081, 0x3000, 0x5080, 0x3020, 0x6122, 0x48C1, 0x58E0, 0xA202, 0x7100,
  0x40C0, 0x1020, 0x38A0, 0xAAE4, 0x7161, 0x6940, 0x38A0, 0x5183, 0xA470, 0xA471, 0x9430, 0x838D, 0x72CA, 0x3103, 0x1881, 0x20A2,
  0x1861, 0x1840, 0x28A1, 0x6000, 0xA901, 0xE1A1, 0x8000, 0x8020, 0xA800, 0xB880, 0xB0C1, 0x9840, 0x7000, 0x7820, 0xA040, 0xB080,
  0xE121, 0xFA01, 0xFA60, 0xFB61, 0xFB01, 0xFAA1, 0xD8C0, 0xB020, 0xEA22, 0xF282, 0xF1E2, 0xB8E1, 0x7040, 0x5800, 0x6040, 0x8860,
  0x8040, 0xB901, 0x98A1, 0x5040, 0x6080, 0x7921, 0x7961, 0x50A0, 0x40C1, 0xC3E8, 0x6921, 0x3040, 0x6901, 0x89E2, 0x2860, 0x38C0,
  0x7960, 0x7181, 0x69E4, 0x72C9, 0x7AC9, 0x8BAD, 0x5A48, 0x4185, 0x51C6, 0x51C5, 0x49A5, 0x20A1, 0x1861, 0x1860, 0x1040, 0x2881,
  0x7820, 0xFBA5, 0xF466, 0xC100, 0x9840, 0xA060, 0xB8A1, 0xD0A1, 0x7000, 0x9040, 0xA080, 0xC8C0, 0xB8C0, 0x7800, 0xA880, 0xD900,
  0xE9A0, 0xF1A0, 0xE880, 0xE060, 0xD8E0, 0xD920, 0x9000, 0x8800, 0x9820, 0x7840, 0x98C1, 0xB901, 0xCA04, 0xA080, 0x6060, 0x4040,
  0x3020, 0x3840, 0x68E1, 0xDBA5, 0xF4A6, 0xA1E2, 0x79E3, 0x6921, 0x4080, 0x3860, 0x8A01, 0x50E0, 0x6140, 0x71A2, 0x59C3, 0x51A4,
  0x8B2A, 0x936B, 0x59E5, 0x3923, 0x0820, 0x1861, 0x20A1, 0x20A1, 0x3102, 0x30E2, 0x2060, 0x38C2, 0x38E2, 0x4800, 0xB100, 0xEA01,
  0xC8C0, 0x4800, 0x6020, 0xE141, 0xEA62, 0xD040, 0xC060, 0xC8C1, 0xA040, 0xE100, 0xC920, 0xB040, 0xD9C1, 0xD981, 0xD060, 0xF981,
  0xB860, 0xA840, 0xD9A1, 0x8860, 0x9020, 0x9881, 0x8861, 0xB0A1, 0xD860, 0xC840, 0x98C1, 0x9962, 0x58E1, 0x1000, 0x2020, 0x1800,
  0x4080, 0xB263, 0xA9E1, 0x4060, 0x3040, 0x3040, 0x40A0, 0x7980, 0x6940, 0x7181, 0x7266, 0x6267, 0x7AC8, 0xC594, 0xFFDE, 0xCDB5,
  0x7AEA, 0x28E3, 0x1861, 0x1040, 0x0820, 0x1860, 0x30E2, 0x2881, 0x7122, 0x6922, 0x4880, 0x4000, 0x9040, 0x6020, 0x2820, 0x6020,
  0xC981, 0xF283, 0xC820, 0x9000, 0x7820, 0x5000, 0xA0C0, 0xE1E0, 0xF120, 0xF1E1, 0xFA61, 0xD100, 0x9880, 0x8840, 0x8820, 0x8820,
  0x7020, 0x8820, 0x5800, 0x7000, 0xD8C0, 0xEC04, 0xEAE2, 0xA8C1, 0x68E1, 0x4080, 0x2860, 0x1820, 0x2020, 0x1820, 0x4060, 0x60E1,
  0x40A0, 0x40C0, 0x5900, 0x7140, 0x6940, 0x6140, 0x6A05, 0x4963, 0x830A, 0x9BEE, 0xD637, 0xEF1B, 0x8B6C, 0x7288, 0x4123, 0x0820,
  0x1040, 0x1840, 0x1840, 0x2061, 0x4103, 0x8963, 0xA1C3, 0x50A1, 0x2000, 0x6080, 0x78C0, 0x4020, 0x5040, 0x2000, 0x8000, 0xE1E2,
  0xC921, 0x6840, 0x3820, 0x68A1, 0x9901, 0x8000, 0xE0E0, 0xF9E0, 0xD161, 0xA020, 0x8840, 0x4000, 0x4800, 0x5800, 0x7040, 0x7040,
  0x6820, 0xA8A0, 0xDA01, 0xC201, 0x9901, 0x5860, 0x6942, 0x38A0, 0x40A1, 0x40A0, 0x3080, 0x2060, 0x2840, 0x40C0, 0x6941, 0x7160,
  0x7181, 0x5940, 0x82E8, 0x6A87, 0x6226, 0x7206, 0x82E9, 0x93EE, 0x8BAD, 0x4964, 0x4123, 0x3923, 0x2081, 0x2081, 0x2081, 0x30C1,
  0x38C2, 0x30C2, 0x4923, 0x8183, 0x1000, 0x1820, 0x8901, 0x6880, 0x3840, 0x2000, 0x60A1, 0x8162, 0x78C1, 0x7040, 0x4800, 0x7881,
  0x70E1, 0x5880, 0x78C1, 0xC141, 0xC0C0, 0x8000, 0x7020, 0x7820, 0x6860, 0x9901, 0x7860, 0x8880, 0x5000, 0x6000, 0xC900, 0xDA21,
  0xA060, 0x6060, 0x6921, 0x6142, 0x2020, 0x3060, 0x2860, 0x30A0, 0x1820, 0x5100, 0x5900, 0x5920, 0x7181, 0x48E0, 0x6247, 0x6A88,
  0x59C5, 0xBB6A, 0x81C5, 0x5123, 0x7268, 0x6247, 0x3103, 0x2061, 0x1860, 0x1860, 0x2061, 0x4902, 0x5943, 0x99C4, 0x9A67, 0x5984,
  0x5963, 0x2020, 0x3860, 0x4040, 0x70C0, 0x80E0, 0x5040, 0x90C1, 0x4840, 0x5860, 0x98C0, 0xA900, 0xD281, 0x7840, 0x4800, 0x78E1,
  0x9942, 0xA0C1, 0x9881, 0x5800, 0x7020, 0x88C1, 0x7880, 0x7820, 0xB8C1, 0x98A1, 0x7902, 0x98E1, 0xCAA4, 0xC9A2, 0xA162, 0xBAA3,
  0x58C0, 0x3840, 0x2820, 0x1820, 0x1840, 0x3080, 0x6940, 0x6120, 0x6160, 0x38A0, 0x59E5, 0x834B, 0x59E5, 0x932A, 0xEE78, 0xA36C,
  0x3080, 0x38C1, 0x4143, 0x30E2, 0x1861, 0x1041, 0x1020, 0x2040, 0x5903, 0x6123, 0x88E2, 0xC1A3, 0xA225, 0x7288, 0x2020, 0x3860,
  0x3820, 0x9981, 0x9981, 0x3020, 0x4840, 0x5060, 0x68E1, 0x9961, 0xDAC1, 0xF3A2, 0xEA61, 0xB1A1, 0x4820, 0x88C1, 0xC962, 0x98A1,
  0x6840, 0xB1A1, 0x9161, 0x6860, 0x8040, 0x98E1, 0x6860, 0xB284, 0x99E3, 0x5800, 0x6860, 0x9161, 0xAA01, 0x4860, 0xA263, 0x81E2,
  0x6920, 0x40A0, 0x3080, 0x38C0, 0x30C0, 0x2060, 0x5206, 0x8B8C, 0x7AC9, 0x82C9, 0x932A, 0xED92, 0xB328, 0x28A2, 0x1860, 0x2081,
  0x3923, 0x28A1, 0x2081, 0x28A1, 0x28A1, 0x28A2, 0x50E2, 0x9963, 0x7080, 0x7122, 0x3964, 0x2020, 0x2020, 0x4040, 0xBA42, 0x8961,
  0x3840, 0x5880, 0x5080, 0x7121, 0x70A0, 0x5860, 0x98E0, 0xFC45, 0xFC05, 0x5060, 0x8101, 0xE9E0, 0xC120, 0x5800, 0x78A0, 0x5860,
  0x58A0, 0xB9E2, 0xC1E2, 0x7880, 0x90A0, 0xB9C2, 0xAA84, 0x7142, 0x58E1, 0x92E7, 0x5901, 0xCB84, 0xC303, 0x8181, 0x40C0, 0x2060,
  0x28A0, 0x2880, 0x5A06, 0x9C0E, 0x8B6C, 0xB4F2, 0x6A27, 0x40E2, 0x99E2, 0x81C3, 0x3103, 0x1861, 0x1820, 0x2081, 0x1040, 0x0800,
  0x4123, 0x4964, 0x3923, 0x30E2, 0x8122, 0x70E1, 0x30C2, 0x28E2, 0x2860, 0x2000, 0x8140, 0xC221, 0x9100, 0x5840, 0x5020, 0x4020,
  0x3840, 0x60E1, 0x6922, 0x9101, 0xB960, 0xB1E1, 0x1800, 0x5060, 0xF341, 0xFC21, 0xA9C1, 0x8101, 0x7101, 0x4860, 0x6941, 0xEB64,
  0xE200, 0xB9C1, 0xC1E1, 0xC202, 0xA1A2, 0x9244, 0xBB67, 0x81A2, 0x6920, 0x50C0, 0x2860, 0x2060, 0x2060, 0x28A0, 0x730A, 0x93AD,
  0x7247, 0xA3ED, 0xBCD1, 0x4123, 0x1840, 0x38E2, 0x4102, 0x2881, 0x1040, 0x1040, 0x1840, 0x1040, 0x1840, 0x2880, 0x38E2, 0x5964,
  0x5964, 0x59A5, 0x59A5, 0x4184, 0x51E6, 0x1820, 0x6900, 0xE2A1, 0xB180, 0x80A0, 0x9161, 0x70E1, 0x5860, 0x48A0, 0x3040, 0x3060,
  0x4040, 0xB202, 0xA262, 0x58E1, 0x8161, 0xA960, 0xBA40, 0x9160, 0x50C0, 0x5901, 0x40C0, 0x2840, 0x8263, 0xF569, 0xE509, 0xB222,
  0x9140, 0x8100, 0xB222, 0x7961, 0x3880, 0x1860, 0x2080, 0x30C0, 0x2060, 0x3103, 0x732B, 0xACB1, 0xAC2F, 0x7267, 0x5143, 0x4923,
  0x59C5, 0x30E2, 0x1860, 0x28A1, 0x2081, 0x1020, 0x1020, 0x1840, 0x38C1, 0x7184, 0x4922, 0x5123, 0x80E2, 0x91A4, 0x4164, 0x28E2,
  0x28C2, 0x4942, 0x2860, 0x6100, 0xA180, 0x8100, 0x3860, 0x7141, 0x99C2, 0xA1C1, 0x8981, 0x8120, 0x4040, 0x3820, 0xAA01, 0x48A0,
  0x2840, 0x40A0, 0x7141, 0x5880, 0x4080, 0x2040, 0x3080, 0x30A0, 0x38A0, 0x2020, 0xA2C3, 0xF4A5, 0xC282, 0xA222, 0x3880, 0x3080,
  0x30A0, 0x28A0, 0x2080, 0x2880, 0x38E1, 0x6A88, 0x93CD, 0xAC91, 0x93AD, 0x72A9, 0x51E6, 0x5984, 0x38E2, 0x2881, 0x4964, 0x1840,
  0x1840, 0x1840, 0x0820, 0x1860, 0x2881, 0x38A1, 0x81E5, 0x7267, 0x40C1, 0x9123, 0x7123, 0x20A1, 0x4985, 0x4964, 0x8AA7, 0x30C1,
  0x1840, 0x40A0, 0x48C0, 0x2060, 0x1840, 0x3060, 0x58E1, 0x8981, 0xA9E1, 0x99A1, 0xA1E1, 0xD2C2, 0x50A0, 0x38C0, 0x1840, 0x3080,
  0x40C0, 0x2060, 0x2880, 0x4900, 0x5920, 0x5120, 0x2860, 0x3860, 0x8940, 0x60C0, 0x40A0, 0x2880, 0x30A0, 0x2880, 0x2040, 0x2880,
  0x51E5, 0x940E, 0x7B2B, 0x6227, 0x7206, 0x7A67, 0x5164, 0x1840, 0x38E2, 0x4944, 0x1840, 0x30A1, 0x1040, 0x1840, 0x2061, 0x1840,
  0x1860, 0x2881, 0x4122, 0x4943, 0x6A06, 0x61C5, 0x5943, 0x2060, 0x4164, 0x9C0E, 0x49A5, 0x4963, 0x4101, 0x38E1, 0x4101, 0x4100,
  0x30C0, 0x30A0, 0x2880, 0x2860, 0x2840, 0x3860, 0x68E1, 0x7921, 0x68E0, 0x48C0, 0x2880, 0x1040, 0x30A0, 0x30A0, 0x38C0, 0x40C0,
  0x5920, 0x48E0, 0x4900, 0x38C0, 0x38C0, 0x28A0, 0x2060, 0x2080, 0x2060, 0x3080, 0x38C0, 0x6247, 0x8BAD, 0x8BAD, 0x834B, 0x51E6,
  0x4164, 0x59A5, 0x3881, 0x38E2, 0x30E2, 0x1820, 0x3903, 0x1020, 0x0800, 0x1860, 0x2060, 0x2060, 0x30A1, 0x4102, 0x79A4, 0x61C5,
  0x6184, 0x99A4, 0xB205, 0x4902, 0x49A5, 0x51C5, 0x30E2, 0x28C1, 0x3923,
};
static const uint8_t hl_alpha[3721] = {
  0, 0, 0, 0, 0, 0, 0, 0, 0, 0, 0, 0, 0, 0, 0, 0, 0, 0, 0, 0, 0, 28, 0, 0,
  0, 0, 0, 0, 0, 0, 0, 0, 0, 0, 0, 0, 0, 0, 0, 0, 0, 0, 0, 0, 0, 0, 0, 0,
  0, 0, 0, 0, 0, 0, 0, 0, 0, 0, 0, 0, 0, 0, 0, 0, 0, 0, 0, 0, 0, 0, 0, 0,
  0, 0, 75, 201, 255, 255, 255, 255, 255, 255, 255, 255, 255, 255, 255, 255, 255, 161, 124, 26, 0, 0, 0, 0,
  0, 0, 0, 0, 0, 0, 0, 0, 0, 0, 0, 0, 0, 0, 0, 0, 0, 0, 0, 0, 0, 0, 0, 0,
  0, 0, 0, 0, 0, 0, 0, 0, 0, 0, 0, 0, 154, 255, 255, 255, 255, 255, 255, 255, 255, 255, 255, 255,
  255, 255, 255, 255, 255, 255, 255, 255, 255, 148, 94, 46, 0, 0, 0, 0, 0, 0, 0, 0, 0, 0, 0, 0,
  0, 0, 0, 0, 0, 0, 0, 0, 0, 0, 0, 0, 0, 0, 0, 0, 0, 0, 0, 0, 0, 0, 0, 175,
  255, 255, 255, 255, 255, 255, 255, 255, 255, 255, 255, 255, 255, 255, 255, 255, 255, 255, 255, 255, 255, 255, 178, 208,
  255, 174, 39, 0, 0, 0, 0, 0, 0, 0, 0, 0, 0, 0, 0, 0, 0, 0, 0, 0, 0, 0, 0, 0,
  0, 0, 0, 0, 0, 0, 0, 0, 0, 0, 91, 255, 255, 255, 255, 255, 255, 255, 255, 255, 255, 255, 255, 255,
  255, 255, 255, 255, 255, 255, 255, 255, 222, 255, 178, 255, 255, 255, 217, 106, 219, 188, 0, 0, 0, 0, 0, 0,
  0, 0, 0, 0, 0, 0, 0, 0, 0, 0, 0, 0, 0, 0, 0, 0, 0, 0, 0, 0, 0, 0, 173, 255,
  255, 255, 255, 255, 255, 255, 255, 255, 255, 255, 255, 255, 255, 255, 255, 255, 255, 255, 255, 255, 221, 164, 255, 255,
  255, 255, 229, 143, 119, 166, 39, 34, 0, 0, 0, 0, 0, 0, 0, 0, 0, 0, 0, 0, 0, 0, 0, 0,
  0, 0, 0, 0, 0, 0, 0, 0, 0, 0, 171, 255, 255, 255, 255, 255, 255, 255, 255, 255, 255, 255, 255, 255,
  255, 255, 255, 255, 255, 255, 255, 255, 255, 255, 255, 255, 255, 182, 0, 0, 0, 215, 47, 0, 0, 0, 0, 96,
  0, 0, 0, 0, 0, 0, 0, 0, 0, 0, 0, 0, 0, 0, 0, 0, 0, 0, 0, 0, 0, 0, 126, 255,
  255, 255, 255, 255, 255, 255, 255, 255, 255, 255, 255, 255, 255, 255, 255, 255, 255, 255, 255, 255, 255, 255, 255, 255,
  255, 222, 60, 0, 0, 0, 195, 125, 0, 0, 0, 123, 214, 0, 0, 0, 0, 0, 0, 0, 0, 0, 0, 0,
  0, 0, 0, 0, 0, 0, 0, 0, 0, 0, 26, 255, 255, 255, 255, 255, 255, 255, 255, 255, 255, 255, 255, 255,
  255, 255, 255, 255, 255, 255, 255, 255, 221, 255, 255, 255, 255, 255, 255, 188, 71, 0, 0, 0, 125, 217, 0, 69,
  206, 255, 148, 0, 0, 0, 0, 0, 0, 0, 0, 0, 0, 0, 0, 0, 0, 0, 0, 0, 0, 0, 0, 176,
  251, 255, 255, 255, 255, 255, 245, 255, 255, 255, 255, 255, 255, 255, 255, 255, 255, 255, 255, 222, 165, 138, 235, 212,
  255, 218, 136, 121, 79, 76, 66, 0, 0, 0, 181, 157, 182, 184, 255, 255, 26, 0, 0, 0, 0, 0, 0, 0,
  0, 0, 0, 0, 0, 0, 0, 0, 0, 0, 0, 0, 50, 81, 125, 212, 255, 255, 255, 195, 222, 255, 255, 255,
  255, 255, 255, 255, 255, 255, 255, 235, 103, 63, 91, 233, 255, 248, 186, 148, 133, 134, 172, 81, 32, 0, 0, 130,
  217, 158, 218, 255, 255, 255, 202, 0, 0, 0, 0, 0, 0, 0, 0, 0, 0, 0, 0, 0, 0, 0, 0, 0,
  60, 27, 66, 96, 115, 210, 223, 212, 255, 205, 255, 255, 255, 255, 255, 255, 255, 255, 127, 255, 156, 79, 0, 67,
  125, 201, 132, 117, 83, 41, 83, 35, 0, 60, 0, 0, 105, 56, 80, 218, 255, 255, 255, 255, 222, 78, 0, 0,
  0, 0, 0, 0, 0, 0, 0, 0, 0, 0, 0, 0, 32, 167, 89, 0, 0, 76, 173, 118, 128, 174, 167, 241,
  166, 164, 152, 170, 210, 232, 235, 138, 86, 82, 135, 99, 130, 105, 70, 0, 0, 0, 0, 0, 53, 63, 86, 34,
  26, 33, 0, 0, 56, 104, 255, 255, 255, 255, 255, 203, 0, 0, 0, 0, 0, 0, 0, 0, 0, 0, 0, 0,
  0, 33, 144, 96, 0, 0, 68, 56, 148, 87, 165, 172, 110, 94, 87, 79, 89, 96, 104, 103, 148, 36, 0, 33,
  81, 84, 31, 0, 0, 0, 0, 0, 0, 74, 106, 59, 112, 195, 88, 0, 27, 112, 0, 245, 255, 255, 255, 255,
  255, 255, 0, 0, 0, 0, 0, 0, 0, 0, 0, 0, 0, 0, 32, 61, 31, 0, 0, 0, 0, 0, 0, 28,
  47, 0, 42, 50, 38, 28, 0, 0, 0, 43, 0, 0, 0, 0, 0, 0, 0, 77, 100, 0, 0, 31, 71, 66,
  0, 164, 194, 57, 0, 0, 0, 61, 173, 255, 255, 255, 255, 255, 255, 255, 0, 0, 0, 0, 0, 0, 0, 0,
  0, 0, 0, 0, 0, 0, 0, 0, 0, 0, 0, 0, 0, 0, 0, 0, 0, 0, 0, 0, 0, 0, 0, 0,
  0, 0, 0, 0, 0, 0, 0, 67, 0, 0, 0, 0, 0, 0, 38, 28, 0, 30, 195, 0, 0, 255, 255, 200,
  246, 255, 255, 255, 255, 255, 0, 0, 0, 0, 0, 0, 0, 0, 0, 0, 0, 0, 0, 0, 0, 0, 0, 0,
  0, 0, 0, 0, 0, 0, 0, 0, 0, 0, 0, 0, 0, 0, 0, 0, 0, 0, 0, 0, 0, 0, 0, 0,
  0, 0, 0, 0, 0, 0, 0, 0, 0, 67, 195, 147, 128, 220, 214, 193, 166, 255, 255, 126, 0, 0, 0, 0,
  0, 0, 0, 0, 0, 0, 0, 0, 0, 0, 0, 0, 0, 0, 0, 0, 0, 0, 0, 0, 0, 0, 0, 0,
  0, 0, 0, 0, 0, 0, 0, 0, 0, 0, 0, 0, 0, 0, 0, 0, 0, 0, 0, 0, 0, 0, 29, 63,
  42, 0, 104, 0, 0, 0, 88, 255, 212, 0, 0, 0, 0, 0, 0, 0, 0, 0, 0, 0, 0, 0, 0, 0,
  0, 0, 0, 0, 0, 0, 0, 0, 0, 0, 0, 0, 0, 0, 0, 0, 0, 0, 0, 0, 0, 0, 0, 0,
  0, 0, 0, 0, 0, 0, 0, 0, 0, 0, 0, 0, 41, 0, 0, 0, 0, 0, 0, 34, 56, 0, 0, 0,
  0, 0, 0, 0, 0, 0, 0, 0, 0, 0, 0, 0, 0, 0, 0, 0, 0, 0, 0, 0, 0, 0, 0, 0,
  0, 0, 0, 0, 0, 0, 0, 0, 0, 0, 0, 0, 0, 0, 0, 0, 0, 0, 0, 0, 0, 0, 0, 0,
  0, 0, 0, 0, 0, 0, 0, 0, 0, 0, 0, 0, 0, 0, 0, 0, 0, 0, 0, 0, 0, 0, 0, 0,
  0, 0, 0, 0, 0, 0, 0, 0, 0, 0, 0, 0, 0, 0, 0, 0, 0, 0, 0, 0, 0, 0, 0, 0,
  0, 0, 0, 0, 0, 0, 0, 0, 0, 0, 0, 0, 0, 0, 0, 0, 0, 0, 0, 0, 0, 0, 0, 0,
  0, 0, 0, 0, 0, 0, 0, 0, 0, 0, 0, 0, 0, 0, 0, 0, 0, 0, 0, 0, 0, 0, 0, 0,
  0, 0, 0, 0, 0, 0, 0, 0, 0, 0, 0, 0, 0, 0, 0, 0, 0, 0, 0, 0, 0, 0, 0, 0,
  0, 0, 0, 0, 0, 0, 0, 0, 0, 0, 0, 0, 0, 0, 0, 0, 0, 0, 0, 0, 0, 0, 0, 0,
  0, 0, 0, 0, 0, 0, 0, 0, 0, 0, 0, 0, 0, 0, 0, 0, 0, 0, 0, 0, 0, 0, 0, 0,
  0, 0, 0, 0, 0, 0, 0, 0, 0, 0, 0, 0, 0, 0, 0, 0, 0, 0, 0, 0, 0, 0, 0, 0,
  0, 0, 0, 0, 0, 0, 0, 0, 0, 0, 0, 0, 0, 0, 0, 0, 0, 0, 0, 0, 0, 0, 0, 0,
  0, 0, 0, 0, 0, 0, 0, 0, 0, 0, 0, 0, 0, 0, 0, 0, 0, 0, 0, 0, 0, 0, 0, 0,
  0, 0, 0, 0, 0, 0, 0, 0, 0, 0, 0, 0, 0, 0, 0, 0, 0, 0, 0, 0, 0, 0, 0, 0,
  0, 0, 0, 0, 0, 0, 0, 0, 0, 0, 0, 0, 0, 0, 0, 0, 0, 0, 0, 0, 0, 0, 0, 0,
  0, 0, 0, 0, 0, 0, 0, 0, 0, 0, 0, 0, 0, 0, 0, 0, 0, 0, 0, 0, 0, 0, 0, 0,
  0, 0, 0, 0, 0, 0, 0, 0, 0, 0, 0, 0, 0, 0, 0, 0, 0, 0, 0, 0, 0, 0, 0, 0,
  0, 0, 0, 0, 0, 0, 0, 0, 0, 0, 0, 0, 0, 0, 0, 0, 0, 0, 0, 0, 0, 0, 0, 0,
  0, 0, 0, 0, 0, 0, 0, 0, 0, 0, 0, 0, 0, 0, 0, 0, 0, 0, 0, 0, 0, 0, 0, 0,
  0, 0, 0, 0, 0, 0, 0, 0, 0, 0, 0, 0, 0, 0, 0, 0, 0, 0, 0, 0, 0, 0, 0, 0,
  0, 0, 0, 0, 0, 0, 0, 0, 0, 0, 0, 0, 0, 0, 0, 0, 0, 0, 0, 0, 0, 0, 0, 0,
  0, 0, 0, 0, 0, 0, 0, 0, 0, 0, 0, 0, 0, 0, 38, 0, 0, 0, 0, 0, 0, 0, 0, 0,
  0, 0, 0, 0, 0, 0, 0, 0, 0, 0, 0, 0, 0, 0, 0, 0, 0, 0, 0, 0, 0, 0, 0, 0,
  0, 0, 0, 0, 0, 0, 0, 0, 0, 0, 0, 0, 0, 0, 0, 0, 0, 0, 0, 0, 0, 0, 0, 0,
  0, 0, 0, 0, 0, 0, 0, 0, 0, 0, 0, 0, 0, 0, 0, 0, 0, 0, 0, 0, 0, 0, 0, 0,
  0, 0, 0, 0, 0, 0, 0, 0, 0, 0, 0, 0, 0, 0, 0, 0, 0, 0, 0, 0, 0, 0, 0, 0,
  0, 0, 0, 0, 0, 0, 0, 0, 0, 0, 0, 0, 0, 0, 0, 0, 0, 0, 0, 0, 0, 0, 0, 0,
  0, 0, 0, 0, 0, 0, 0, 0, 0, 0, 0, 0, 0, 0, 0, 0, 0, 0, 0, 0, 0, 0, 0, 0,
  0, 0, 0, 0, 0, 0, 0, 0, 0, 0, 0, 0, 0, 0, 0, 0, 0, 0, 0, 0, 0, 0, 0, 0,
  0, 0, 0, 0, 0, 36, 0, 0, 0, 0, 0, 0, 0, 0, 0, 0, 0, 0, 0, 0, 0, 0, 0, 0,
  0, 0, 0, 0, 0, 0, 0, 0, 0, 0, 0, 0, 0, 0, 0, 0, 0, 0, 0, 0, 0, 0, 0, 0,
  0, 0, 0, 0, 0, 0, 0, 0, 0, 0, 0, 0, 0, 0, 0, 0, 0, 26, 0, 0, 0, 0, 0, 0,
  0, 0, 0, 0, 0, 0, 0, 0, 0, 0, 0, 0, 0, 0, 0, 0, 0, 0, 0, 0, 0, 0, 0, 0,
  0, 0, 0, 0, 0, 0, 0, 0, 0, 0, 0, 0, 0, 0, 0, 0, 0, 0, 0, 0, 0, 0, 0, 0,
  0, 0, 0, 0, 0, 0, 141, 141, 0, 0, 0, 0, 0, 0, 0, 0, 0, 0, 0, 0, 0, 0, 0, 0,
  0, 0, 0, 0, 0, 0, 0, 0, 0, 0, 0, 0, 0, 0, 0, 0, 0, 0, 0, 0, 0, 0, 0, 0,
  0, 0, 0, 0, 0, 0, 0, 0, 0, 0, 0, 0, 0, 0, 0, 0, 0, 0, 63, 225, 57, 0, 0, 0,
  0, 0, 0, 0, 0, 0, 0, 0, 0, 0, 0, 0, 0, 0, 0, 0, 0, 0, 0, 0, 0, 0, 0, 0,
  0, 0, 0, 0, 0, 0, 0, 0, 0, 0, 0, 0, 0, 0, 0, 0, 0, 0, 0, 0, 0, 0, 0, 0,
  0, 0, 0, 0, 0, 0, 61, 255, 255, 0, 0, 0, 0, 0, 0, 0, 0, 0, 0, 0, 0, 0, 0, 0,
  0, 0, 0, 0, 0, 0, 0, 0, 0, 0, 0, 0, 0, 0, 0, 0, 0, 0, 0, 0, 0, 0, 0, 0,
  0, 0, 0, 0, 0, 0, 0, 0, 0, 0, 0, 0, 0, 0, 0, 0, 0, 0, 0, 100, 243, 58, 0, 0,
  0, 0, 0, 0, 0, 0, 0, 0, 0, 0, 0, 0, 0, 0, 0, 0, 0, 0, 0, 0, 0, 0, 0, 0,
  0, 0, 0, 0, 0, 0, 0, 0, 0, 0, 0, 0, 0, 0, 0, 0, 0, 0, 0, 0, 0, 0, 0, 0,
  0, 0, 0, 0, 0, 0, 0, 0, 201, 255, 166, 0, 0, 0, 0, 0, 0, 0, 0, 0, 0, 0, 0, 0,
  0, 0, 0, 0, 0, 0, 0, 0, 0, 0, 0, 0, 0, 0, 0, 0, 0, 0, 0, 0, 0, 0, 0, 0,
  0, 0, 0, 0, 0, 0, 0, 0, 0, 0, 0, 0, 0, 0, 0, 0, 0, 0, 0, 0, 88, 81, 169, 57,
  0, 0, 0, 0, 0, 0, 0, 0, 0, 0, 0, 0, 0, 0, 0, 0, 0, 0, 0, 0, 0, 0, 0, 0,
  0, 0, 0, 0, 0, 0, 0, 0, 0, 0, 0, 0, 0, 0, 0, 0, 0, 0, 0, 0, 0, 0, 0, 0,
  0, 0, 0, 0, 0, 0, 0, 0, 145, 255, 255, 229, 0, 0, 0, 0, 0, 0, 0, 0, 0, 0, 0, 0,
  0, 0, 0, 0, 0, 0, 0, 0, 0, 0, 0, 0, 0, 0, 0, 0, 0, 0, 0, 0, 0, 0, 0, 0,
  0, 0, 0, 0, 0, 0, 0, 0, 0, 0, 0, 0, 0, 30, 0, 0, 0, 0, 0, 0, 0, 255, 255, 175,
  68, 0, 0, 0, 0, 0, 0, 0, 0, 0, 0, 0, 0, 0, 0, 0, 0, 0, 0, 0, 0, 0, 0, 0,
  0, 0, 0, 0, 0, 0, 0, 0, 0, 0, 0, 0, 0, 0, 0, 0, 0, 0, 0, 0, 0, 0, 0, 0,
  0, 0, 0, 0, 42, 0, 0, 0, 0, 0, 128, 255, 255, 38, 0, 0, 0, 0, 0, 0, 0, 0, 0, 0,
  0, 0, 0, 0, 0, 0, 0, 0, 0, 0, 0, 0, 0, 0, 0, 0, 0, 0, 0, 0, 0, 0, 0, 0,
  0, 0, 0, 0, 0, 0, 0, 0, 0, 0, 0, 0, 168, 0, 0, 0, 0, 0, 0, 0, 0, 0, 59, 241,
  114, 0, 0, 0, 0, 0, 0, 0, 0, 0, 0, 0, 0, 0, 0, 0, 0, 0, 0, 0, 0, 0, 0, 0,
  0, 0, 0, 0, 0, 0, 0, 0, 0, 0, 0, 0, 0, 0, 0, 0, 0, 0, 0, 0, 0, 0, 0, 0,
  0, 0, 0, 0, 0, 0, 0, 0, 0, 0, 0, 32, 0, 0, 0, 0, 0, 0, 0, 0, 0, 0, 0, 0,
  0, 0, 0, 0, 0, 0, 0, 0, 0, 0, 0, 0, 0, 0, 0, 0, 0, 0, 0, 0, 0, 0, 0, 0,
  0, 0, 0, 0, 0, 0, 0, 0, 0, 0, 0, 0, 0, 86, 45, 0, 0, 0, 0, 0, 0, 0, 0, 100,
  255, 197, 45, 0, 0, 0, 0, 0, 0, 0, 0, 0, 0, 0, 0, 0, 0, 0, 0, 0, 0, 0, 0, 0,
  0, 0, 0, 0, 0, 0, 0, 0, 0, 0, 0, 0, 0, 0, 0, 0, 0, 0, 0, 0, 0, 0, 0, 0,
  0, 0, 0, 0, 0, 0, 0, 0, 0, 0, 0, 28, 255, 41, 0, 35, 0, 0, 0, 0, 0, 0, 0, 0,
  0, 0, 0, 0, 0, 0, 0, 0, 0, 0, 0, 0, 0, 0, 0, 0, 0, 0, 0, 0, 0, 0, 0, 0,
  0, 0, 0, 0, 0, 0, 0, 0, 0, 0, 0, 0, 0, 0, 0, 0, 0, 0, 0, 0, 0, 0, 0, 0,
  255, 255, 201, 0, 0, 0, 0, 0, 0, 0, 0, 0, 0, 0, 0, 0, 0, 0, 0, 0, 0, 0, 0, 0,
  0, 0, 0, 0, 0, 0, 0, 0, 0, 0, 0, 0, 0, 0, 0, 0, 0, 0, 0, 0, 0, 0, 0, 0,
  0, 0, 0, 0, 0, 0, 0, 0, 0, 0, 0, 48, 254, 255, 255, 41, 0, 0, 0, 0, 0, 0, 0, 0,
  0, 0, 0, 0, 0, 0, 0, 0, 0, 0, 0, 0, 0, 0, 0, 0, 0, 0, 0, 0, 0, 0, 0, 0,
  0, 0, 0, 0, 0, 0, 0, 0, 0, 0, 0, 0, 0, 0, 0, 0, 0, 0, 0, 0, 0, 0, 0, 0,
  220, 244, 186, 81, 66, 0, 0, 0, 0, 0, 0, 0, 0, 0, 0, 0, 0, 0, 0, 0, 0, 0, 0, 0,
  0, 0, 0, 0, 0, 0, 0, 0, 0, 0, 0, 0, 0, 0, 0, 0, 0, 0, 0, 0, 0, 0, 0, 0,
  0, 0, 0, 0, 0, 0, 0, 0, 0, 0, 0, 114, 72, 143, 0, 0, 0, 0, 0, 0, 0, 0, 0, 0,
  0, 0, 0, 0, 0, 0, 0, 0, 0, 0, 0, 0, 0, 0, 0, 0, 0, 0, 0, 0, 0, 0, 0, 0,
  0, 0, 0, 0, 0, 0, 0, 0, 0, 0, 0, 0, 0, 0, 0, 0, 0, 0, 0, 0, 0, 0, 0, 0,
  48, 102, 0, 0, 0, 0, 0, 0, 0, 0, 0, 0, 0, 0, 0, 0, 0, 0, 0, 0, 0, 0, 0, 0,
  0, 0, 0, 0, 0, 0, 0, 0, 0, 0, 0, 0, 0, 0, 0, 0, 0, 0, 0, 0, 0, 0, 0, 0,
  0, 0, 0, 0, 0, 0, 0, 0, 0, 0, 0, 0, 33, 255, 255, 255, 83, 0, 0, 0, 0, 0, 0, 0,
  0, 0, 0, 0, 0, 0, 0, 0, 0, 0, 0, 0, 0, 0, 0, 0, 0, 0, 0, 0, 0, 0, 0, 0,
  0, 0, 0, 0, 0, 0, 0, 0, 0, 0, 0, 0, 0, 0, 0, 0, 0, 0, 0, 0, 0, 0, 0, 0,
  50, 184, 255, 255, 87, 0, 0, 0, 0, 0, 0, 0, 0, 0, 0, 0, 0, 0, 0, 0, 0, 0, 0, 0,
  0, 0, 0, 0, 0, 0, 0, 0, 0, 0, 0, 0, 0, 0, 0, 0, 0, 0, 0, 0, 0, 0, 0, 0,
  0, 0, 0, 0, 0, 0, 0, 0, 0, 0, 63, 0, 0, 0, 126, 184, 171, 0, 0, 0, 0, 0, 0, 0,
  0, 0, 0, 0, 0, 0, 0, 0, 0, 0, 0, 0, 0, 0, 0, 0, 0, 0, 0, 0, 0, 0, 0, 0,
  0, 0, 0, 0, 0, 0, 0, 0, 0, 0, 0, 0, 0, 0, 0, 0, 0, 0, 0, 0, 0, 0, 95, 29,
  0, 0, 0, 0, 73, 0, 0, 0, 0, 0, 0, 0, 0, 0, 0, 0, 0, 0, 0, 0, 0, 0, 0, 0,
  0, 0, 0, 0, 0, 0, 0, 0, 0, 0, 0, 0, 0, 0, 0, 0, 0, 0, 0, 0, 0, 0, 0, 0,
  0, 0, 0, 0, 0, 0, 0, 0, 0, 0, 28, 51, 0, 58, 255, 84, 0, 0, 0, 0, 0, 0, 0, 0,
  0, 0, 0, 0, 0, 0, 0, 0, 0, 0, 0, 0, 0, 0, 0, 0, 0, 0, 0, 0, 0, 0, 0, 0,
  0, 0, 0, 0, 0, 0, 0, 0, 0, 0, 0, 0, 0, 0, 0, 0, 0, 0, 0, 0, 0, 0, 89, 90,
  38, 80, 49, 236, 0, 0, 0, 0, 0, 0, 0, 0, 0, 0, 0, 0, 0, 0, 0, 0, 0, 0, 0, 0,
  0, 0, 0, 0, 0, 0, 0, 0, 0, 0, 0, 0, 0, 0, 0, 0, 0, 0, 0, 0, 0, 0, 0, 0,
  0, 0, 0, 0, 0, 0, 0, 0, 0, 0, 64, 159, 38, 255, 0, 0, 0, 0, 0, 0, 0, 0, 0, 0,
  0, 0, 0, 0, 0, 0, 0, 0, 0, 0, 0, 0, 0, 0, 0, 0, 0, 0, 0, 0, 0, 0, 0, 0,
  0, 0, 0, 0, 0, 0, 0, 0, 0, 0, 0, 0, 0, 0, 0, 0, 0, 0, 0, 0, 0, 0, 144, 133,
  0, 177, 255, 0, 0, 0, 0, 0, 0, 0, 0, 0, 0, 0, 0, 0, 0, 0, 0, 0, 0, 0, 0, 0,
  0, 0, 0, 0, 0, 0, 0, 0, 0, 0, 0, 0, 0, 0, 0, 0, 0, 0, 0, 0, 0, 0, 0, 0,
  0, 0, 0, 0, 0, 0, 0, 0, 0, 0, 114, 255, 255, 0, 0, 0, 0, 0, 0, 0, 0, 0, 0, 0,
  0, 0, 0, 0, 0, 0, 0, 0, 0, 0, 0, 0, 0, 0, 0, 0, 0, 0, 0, 0, 0, 0, 0, 0,
  0, 0, 0, 0, 0, 0, 0, 0, 0, 0, 0, 0, 0, 0, 0, 0, 0, 0, 0, 0, 0, 124, 193, 247,
  139, 113, 29, 0, 0, 0, 0, 0, 0, 0, 0, 0, 0, 0, 0, 0, 0, 0, 0, 0, 0, 0, 0, 0,
  0, 0, 0, 0, 0, 0, 0, 0, 0, 0, 0, 0, 0, 0, 0, 0, 0, 0, 0, 0, 0, 0, 0, 0,
  0, 0, 0, 0, 0, 0, 0, 0, 57, 227, 63, 0, 0, 35, 0, 0, 0, 0, 0, 0, 0, 0, 0, 0,
  0, 0, 0, 0, 0, 0, 0, 0, 0, 0, 0, 0, 0, 0, 0, 0, 0, 0, 0, 0, 0, 0, 0, 0,
  0, 0, 0, 0, 0, 0, 0, 0, 0, 0, 0, 0, 0, 0, 0, 0, 0, 0, 0, 71, 99, 149, 37, 0,
  0, 0, 0, 0, 0, 0, 0, 0, 0, 0, 0, 0, 0, 0, 0, 0, 0, 0, 0, 0, 0, 0, 0, 0,
  0,
};

static const PhotoEye photo = {
  open_img, closed_px, closed_off, closed_x0, closed_x1, up_start, up_edge, seam, lo_edge, lo_start, eye_top, eye_bot,
  iris_tex, iris_rim, 160, 38, 31,
  hl_rgb, hl_alpha, 102, 87, 61, 61,
  117.50f, 111.00f, 5.20f, 20.00f, 0.0000f,  // Pupil centre x, y; half width, half height as drawn; tilt (rad)
  1.20f, 14.00f, 19.00f, 24.00f,  // Pupil half width min/max, half height min/max
  5.0f, 3.0f, 0.12f,           // Gaze range x, y (px); upper lid droop looking down
};
